local_equipo,local_foulsCommitted,local_yellowCards,local_redCards,local_offsides,local_wonCorners,local_saves,local_possessionPct,local_totalShots,local_shotsOnTarget,local_shotPct,local_penaltyKickGoals,local_penaltyKickShots,local_accuratePasses,local_totalPasses,local_passPct,local_accurateCrosses,local_totalCrosses,local_crossPct,local_totalLongBalls,local_accurateLongBalls,local_longballPct,local_blockedShots,local_effectiveTackles,local_totalTackles,local_tacklePct,local_interceptions,local_effectiveClearance,local_totalClearance,visita_equipo,visita_foulsCommitted,visita_yellowCards,visita_redCards,visita_offsides,visita_wonCorners,visita_saves,visita_possessionPct,visita_totalShots,visita_shotsOnTarget,visita_shotPct,visita_penaltyKickGoals,visita_penaltyKickShots,visita_accuratePasses,visita_totalPasses,visita_passPct,visita_accurateCrosses,visita_totalCrosses,visita_crossPct,visita_totalLongBalls,visita_accurateLongBalls,visita_longballPct,visita_blockedShots,visita_effectiveTackles,visita_totalTackles,visita_tacklePct,visita_interceptions,visita_effectiveClearance,visita_totalClearance,event_id,fecha,temporada
Panetolikos,,,,,,,,,,,,,,,,,,,,,,,,,,,,,OFI Crete,,,,,,,,,,,,,,,,,,,,,,,,,,,,,586790,2021-01-03 13:00:00,2021
Panathinaikos,,,,,,,,,,,,,,,,,,,,,,,,,,,,,Asteras Tripoli,,,,,,,,,,,,,,,,,,,,,,,,,,,,,586789,2021-01-03 13:00:00,2021
Larissa FC,,,,,,,,,,,,,,,,,,,,,,,,,,,,,PAOK,,,,,,,,,,,,,,,,,,,,,,,,,,,,,586792,2021-01-03 15:15:00,2021
Pas Giannina,,,,,,,,,,,,,,,,,,,,,,,,,,,,,Apollon Smyrni,,,,,,,,,,,,,,,,,,,,,,,,,,,,,586791,2021-01-03 15:15:00,2021
Olympiacos,,,,,,,,,,,,,,,,,,,,,,,,,,,,,AEK Athens,,,,,,,,,,,,,,,,,,,,,,,,,,,,,586793,2021-01-03 17:30:00,2021
Volos NFC,,,,,,,,,,,,,,,,,,,,,,,,,,,,,Atromitos,,,,,,,,,,,,,,,,,,,,,,,,,,,,,586794,2021-01-04 15:15:00,2021
Lamia,,,,,,,,,,,,,,,,,,,,,,,,,,,,,Aris,,,,,,,,,,,,,,,,,,,,,,,,,,,,,586795,2021-01-04 17:30:00,2021
Apollon Smyrni,,,,,,,,,,,,,,,,,,,,,,,,,,,,,Panathinaikos,,,,,,,,,,,,,,,,,,,,,,,,,,,,,586796,2021-01-06 13:00:00,2021
AEK Athens,,,,,,,,,,,,,,,,,,,,,,,,,,,,,Panetolikos,,,,,,,,,,,,,,,,,,,,,,,,,,,,,586798,2021-01-06 15:15:00,2021
Larissa FC,,,,,,,,,,,,,,,,,,,,,,,,,,,,,Pas Giannina,,,,,,,,,,,,,,,,,,,,,,,,,,,,,586797,2021-01-06 15:15:00,2021
Asteras Tripoli,,,,,,,,,,,,,,,,,,,,,,,,,,,,,Olympiacos,,,,,,,,,,,,,,,,,,,,,,,,,,,,,586799,2021-01-06 17:30:00,2021
Aris,,,,,,,,,,,,,,,,,,,,,,,,,,,,,Volos NFC,,,,,,,,,,,,,,,,,,,,,,,,,,,,,586801,2021-01-07 15:15:00,2021
OFI Crete,,,,,,,,,,,,,,,,,,,,,,,,,,,,,Lamia,,,,,,,,,,,,,,,,,,,,,,,,,,,,,586800,2021-01-07 15:15:00,2021
Atromitos,,,,,,,,,,,,,,,,,,,,,,,,,,,,,PAOK,,,,,,,,,,,,,,,,,,,,,,,,,,,,,586802,2021-01-07 17:30:00,2021
Panetolikos,,,,,,,,,,,,,,,,,,,,,,,,,,,,,Olympiacos,,,,,,,,,,,,,,,,,,,,,,,,,,,,,590796,2021-01-09 17:30:00,2021
PAOK,,,,,,,,,,,,,,,,,,,,,,,,,,,,,Volos NFC,,,,,,,,,,,,,,,,,,,,,,,,,,,,,590800,2021-01-10 13:00:00,2021
Atromitos,,,,,,,,,,,,,,,,,,,,,,,,,,,,,OFI Crete,,,,,,,,,,,,,,,,,,,,,,,,,,,,,590802,2021-01-10 15:15:00,2021
Apollon Smyrni,,,,,,,,,,,,,,,,,,,,,,,,,,,,,Asteras Tripoli,,,,,,,,,,,,,,,,,,,,,,,,,,,,,590801,2021-01-10 15:15:00,2021
Panathinaikos,,,,,,,,,,,,,,,,,,,,,,,,,,,,,Larissa FC,,,,,,,,,,,,,,,,,,,,,,,,,,,,,590803,2021-01-10 17:30:00,2021
Pas Giannina,,,,,,,,,,,,,,,,,,,,,,,,,,,,,Aris,,,,,,,,,,,,,,,,,,,,,,,,,,,,,590799,2021-01-11 15:15:00,2021
Lamia,,,,,,,,,,,,,,,,,,,,,,,,,,,,,AEK Athens,,,,,,,,,,,,,,,,,,,,,,,,,,,,,590804,2021-01-11 17:30:00,2021
PAOK,,,,,,,,,,,,,,,,,,,,,,,,,,,,,Olympiacos,,,,,,,,,,,,,,,,,,,,,,,,,,,,,590788,2021-01-13 17:30:00,2021
Atromitos,,,,,,,,,,,,,,,,,,,,,,,,,,,,,Lamia,,,,,,,,,,,,,,,,,,,,,,,,,,,,,586785,2021-01-14 15:15:00,2021
Aris,,,,,,,,,,,,,,,,,,,,,,,,,,,,,AEK Athens,,,,,,,,,,,,,,,,,,,,,,,,,,,,,586753,2021-01-14 17:30:00,2021
Asteras Tripoli,,,,,,,,,,,,,,,,,,,,,,,,,,,,,Panetolikos,,,,,,,,,,,,,,,,,,,,,,,,,,,,,590805,2021-01-16 15:15:00,2021
Larissa FC,,,,,,,,,,,,,,,,,,,,,,,,,,,,,Apollon Smyrni,,,,,,,,,,,,,,,,,,,,,,,,,,,,,590806,2021-01-16 17:30:00,2021
Olympiacos,,,,,,,,,,,,,,,,,,,,,,,,,,,,,Pas Giannina,,,,,,,,,,,,,,,,,,,,,,,,,,,,,590807,2021-01-17 13:00:00,2021
OFI Crete,,,,,,,,,,,,,,,,,,,,,,,,,,,,,PAOK,,,,,,,,,,,,,,,,,,,,,,,,,,,,,590808,2021-01-17 15:15:00,2021
Volos NFC,,,,,,,,,,,,,,,,,,,,,,,,,,,,,Lamia,,,,,,,,,,,,,,,,,,,,,,,,,,,,,590809,2021-01-17 15:15:00,2021
Aris,,,,,,,,,,,,,,,,,,,,,,,,,,,,,Panathinaikos,,,,,,,,,,,,,,,,,,,,,,,,,,,,,590810,2021-01-17 17:30:00,2021
AEK Athens,,,,,,,,,,,,,,,,,,,,,,,,,,,,,Atromitos,,,,,,,,,,,,,,,,,,,,,,,,,,,,,590811,2021-01-17 19:30:00,2021
Asteras Tripoli,,,,,,,,,,,,,,,,,,,,,,,,,,,,,Larissa FC,,,,,,,,,,,,,,,,,,,,,,,,,,,,,590812,2021-01-23 13:00:00,2021
Apollon Smyrni,,,,,,,,,,,,,,,,,,,,,,,,,,,,,Aris,,,,,,,,,,,,,,,,,,,,,,,,,,,,,590813,2021-01-23 15:15:00,2021
Panathinaikos,,,,,,,,,,,,,,,,,,,,,,,,,,,,,OFI Crete,,,,,,,,,,,,,,,,,,,,,,,,,,,,,590814,2021-01-23 17:30:00,2021
Atromitos,,,,,,,,,,,,,,,,,,,,,,,,,,,,,Olympiacos,,,,,,,,,,,,,,,,,,,,,,,,,,,,,590815,2021-01-24 13:00:00,2021
Pas Giannina,,,,,,,,,,,,,,,,,,,,,,,,,,,,,Volos NFC,,,,,,,,,,,,,,,,,,,,,,,,,,,,,590816,2021-01-24 15:15:00,2021
Panetolikos,,,,,,,,,,,,,,,,,,,,,,,,,,,,,Lamia,,,,,,,,,,,,,,,,,,,,,,,,,,,,,590817,2021-01-24 15:15:00,2021
PAOK,,,,,,,,,,,,,,,,,,,,,,,,,,,,,AEK Athens,,,,,,,,,,,,,,,,,,,,,,,,,,,,,590818,2021-01-24 17:30:00,2021
OFI Crete,,,,,,,,,,,,,,,,,,,,,,,,,,,,,Asteras Tripoli,,,,,,,,,,,,,,,,,,,,,,,,,,,,,590819,2021-01-26 15:15:00,2021
Aris,,,,,,,,,,,,,,,,,,,,,,,,,,,,,Larissa FC,,,,,,,,,,,,,,,,,,,,,,,,,,,,,590820,2021-01-26 17:30:00,2021
Volos NFC,,,,,,,,,,,,,,,,,,,,,,,,,,,,,Panathinaikos,,,,,,,,,,,,,,,,,,,,,,,,,,,,,590821,2021-01-27 13:00:00,2021
Lamia,,,,,,,,,,,,,,,,,,,,,,,,,,,,,Apollon Smyrni,,,,,,,,,,,,,,,,,,,,,,,,,,,,,590823,2021-01-27 15:15:00,2021
AEK Athens,,,,,,,,,,,,,,,,,,,,,,,,,,,,,Pas Giannina,,,,,,,,,,,,,,,,,,,,,,,,,,,,,590822,2021-01-27 15:15:00,2021
Olympiacos,,,,,,,,,,,,,,,,,,,,,,,,,,,,,PAOK,,,,,,,,,,,,,,,,,,,,,,,,,,,,,590824,2021-01-27 17:30:00,2021
Panetolikos,,,,,,,,,,,,,,,,,,,,,,,,,,,,,Atromitos,,,,,,,,,,,,,,,,,,,,,,,,,,,,,590825,2021-01-28 15:15:00,2021
Larissa FC,,,,,,,,,,,,,,,,,,,,,,,,,,,,,Volos NFC,,,,,,,,,,,,,,,,,,,,,,,,,,,,,590826,2021-01-30 13:00:00,2021
Asteras Tripoli,,,,,,,,,,,,,,,,,,,,,,,,,,,,,Aris,,,,,,,,,,,,,,,,,,,,,,,,,,,,,590827,2021-01-30 15:15:00,2021
Panathinaikos,,,,,,,,,,,,,,,,,,,,,,,,,,,,,Lamia,,,,,,,,,,,,,,,,,,,,,,,,,,,,,590828,2021-01-30 17:30:00,2021
OFI Crete,,,,,,,,,,,,,,,,,,,,,,,,,,,,,AEK Athens,,,,,,,,,,,,,,,,,,,,,,,,,,,,,590829,2021-01-31 13:00:00,2021
PAOK,,,,,,,,,,,,,,,,,,,,,,,,,,,,,Panetolikos,,,,,,,,,,,,,,,,,,,,,,,,,,,,,590830,2021-01-31 15:15:00,2021
Pas Giannina,,,,,,,,,,,,,,,,,,,,,,,,,,,,,Atromitos,,,,,,,,,,,,,,,,,,,,,,,,,,,,,590832,2021-01-31 15:15:00,2021
Apollon Smyrni,,,,,,,,,,,,,,,,,,,,,,,,,,,,,Olympiacos,,,,,,,,,,,,,,,,,,,,,,,,,,,,,590831,2021-01-31 17:30:00,2021
Atromitos,,,,,,,,,,,,,,,,,,,,,,,,,,,,,Panathinaikos,,,,,,,,,,,,,,,,,,,,,,,,,,,,,590834,2021-02-06 17:30:00,2021
PAOK,,,,,,,,,,,,,,,,,,,,,,,,,,,,,Apollon Smyrni,,,,,,,,,,,,,,,,,,,,,,,,,,,,,590836,2021-02-07 13:00:00,2021
Volos NFC,,,,,,,,,,,,,,,,,,,,,,,,,,,,,Asteras Tripoli,,,,,,,,,,,,,,,,,,,,,,,,,,,,,590837,2021-02-07 15:15:00,2021
Olympiacos,,,,,,,,,,,,,,,,,,,,,,,,,,,,,OFI Crete,,,,,,,,,,,,,,,,,,,,,,,,,,,,,590835,2021-02-07 15:15:00,2021
AEK Athens,,,,,,,,,,,,,,,,,,,,,,,,,,,,,Aris,,,,,,,,,,,,,,,,,,,,,,,,,,,,,590838,2021-02-07 17:30:00,2021
Panetolikos,,,,,,,,,,,,,,,,,,,,,,,,,,,,,Pas Giannina,,,,,,,,,,,,,,,,,,,,,,,,,,,,,590839,2021-02-08 17:30:00,2021
Asteras Tripoli,,,,,,,,,,,,,,,,,,,,,,,,,,,,,Lamia,,,,,,,,,,,,,,,,,,,,,,,,,,,,,590840,2021-02-13 15:15:00,2021
Apollon Smyrni,,,,,,,,,,,,,,,,,,,,,,,,,,,,,Atromitos,,,,,,,,,,,,,,,,,,,,,,,,,,,,,590841,2021-02-13 17:30:00,2021
Aris,,,,,,,,,,,,,,,,,,,,,,,,,,,,,Panetolikos,,,,,,,,,,,,,,,,,,,,,,,,,,,,,590842,2021-02-14 13:00:00,2021
OFI Crete,,,,,,,,,,,,,,,,,,,,,,,,,,,,,Volos NFC,,,,,,,,,,,,,,,,,,,,,,,,,,,,,590844,2021-02-14 15:15:00,2021
Panathinaikos,,,,,,,,,,,,,,,,,,,,,,,,,,,,,Olympiacos,,,,,,,,,,,,,,,,,,,,,,,,,,,,,590845,2021-02-14 17:30:00,2021
Pas Giannina,,,,,,,,,,,,,,,,,,,,,,,,,,,,,PAOK,,,,,,,,,,,,,,,,,,,,,,,,,,,,,590846,2021-02-15 15:15:00,2021
Larissa FC,,,,,,,,,,,,,,,,,,,,,,,,,,,,,AEK Athens,,,,,,,,,,,,,,,,,,,,,,,,,,,,,590843,2021-02-15 15:15:00,2021
Apollon Smyrni,,,,,,,,,,,,,,,,,,,,,,,,,,,,,Lamia,,,,,,,,,,,,,,,,,,,,,,,,,,,,,586737,2021-02-18 15:15:00,2021
Atromitos,,,,,,,,,,,,,,,,,,,,,,,,,,,,,Larissa FC,,,,,,,,,,,,,,,,,,,,,,,,,,,,,590847,2021-02-20 15:15:00,2021
AEK Athens,,,,,,,,,,,,,,,,,,,,,,,,,,,,,Asteras Tripoli,,,,,,,,,,,,,,,,,,,,,,,,,,,,,590848,2021-02-20 17:30:00,2021
PAOK,,,,,,,,,,,,,,,,,,,,,,,,,,,,,Lamia,,,,,,,,,,,,,,,,,,,,,,,,,,,,,590849,2021-02-21 13:00:00,2021
Volos NFC,,,,,,,,,,,,,,,,,,,,,,,,,,,,,Apollon Smyrni,,,,,,,,,,,,,,,,,,,,,,,,,,,,,590851,2021-02-21 13:00:00,2021
Pas Giannina,,,,,,,,,,,,,,,,,,,,,,,,,,,,,OFI Crete,,,,,,,,,,,,,,,,,,,,,,,,,,,,,590850,2021-02-21 15:15:00,2021
Olympiacos,,,,,,,,,,,,,,,,,,,,,,,,,,,,,Aris,,,,,,,,,,,,,,,,,,,,,,,,,,,,,590852,2021-02-21 17:30:00,2021
Panetolikos,,,,,,,,,,,,,,,,,,,,,,,,,,,,,Panathinaikos,,,,,,,,,,,,,,,,,,,,,,,,,,,,,590853,2021-02-22 17:30:00,2021
Larissa FC,,,,,,,,,,,,,,,,,,,,,,,,,,,,,Lamia,,,,,,,,,,,,,,,,,,,,,,,,,,,,,586752,2021-02-24 15:15:00,2021
Apollon Smyrni,,,,,,,,,,,,,,,,,,,,,,,,,,,,,OFI Crete,,,,,,,,,,,,,,,,,,,,,,,,,,,,,590854,2021-02-27 15:15:00,2021
Asteras Tripoli,,,,,,,,,,,,,,,,,,,,,,,,,,,,,PAOK,,,,,,,,,,,,,,,,,,,,,,,,,,,,,590855,2021-02-27 17:30:00,2021
Aris,,,,,,,,,,,,,,,,,,,,,,,,,,,,,Atromitos,,,,,,,,,,,,,,,,,,,,,,,,,,,,,590856,2021-02-28 13:00:00,2021
Larissa FC,,,,,,,,,,,,,,,,,,,,,,,,,,,,,Panetolikos,,,,,,,,,,,,,,,,,,,,,,,,,,,,,590858,2021-02-28 15:15:00,2021
Lamia,,,,,,,,,,,,,,,,,,,,,,,,,,,,,Pas Giannina,,,,,,,,,,,,,,,,,,,,,,,,,,,,,590857,2021-02-28 15:15:00,2021
Panathinaikos,,,,,,,,,,,,,,,,,,,,,,,,,,,,,AEK Athens,,,,,,,,,,,,,,,,,,,,,,,,,,,,,590859,2021-02-28 17:30:00,2021
Volos NFC,,,,,,,,,,,,,,,,,,,,,,,,,,,,,Olympiacos,,,,,,,,,,,,,,,,,,,,,,,,,,,,,590860,2021-03-01 17:30:00,2021
OFI Crete,,,,,,,,,,,,,,,,,,,,,,,,,,,,,Larissa FC,,,,,,,,,,,,,,,,,,,,,,,,,,,,,590861,2021-03-06 13:00:00,2021
Atromitos,,,,,,,,,,,,,,,,,,,,,,,,,,,,,Asteras Tripoli,,,,,,,,,,,,,,,,,,,,,,,,,,,,,590862,2021-03-06 15:15:00,2021
Pas Giannina,,,,,,,,,,,,,,,,,,,,,,,,,,,,,Panathinaikos,,,,,,,,,,,,,,,,,,,,,,,,,,,,,590863,2021-03-06 17:30:00,2021
Olympiacos,,,,,,,,,,,,,,,,,,,,,,,,,,,,,Lamia,,,,,,,,,,,,,,,,,,,,,,,,,,,,,590864,2021-03-07 13:00:00,2021
Panetolikos,,,,,,,,,,,,,,,,,,,,,,,,,,,,,Volos NFC,,,,,,,,,,,,,,,,,,,,,,,,,,,,,590865,2021-03-07 15:15:00,2021
PAOK,,,,,,,,,,,,,,,,,,,,,,,,,,,,,Aris,,,,,,,,,,,,,,,,,,,,,,,,,,,,,590866,2021-03-07 17:30:00,2021
AEK Athens,,,,,,,,,,,,,,,,,,,,,,,,,,,,,Apollon Smyrni,,,,,,,,,,,,,,,,,,,,,,,,,,,,,590867,2021-03-08 17:30:00,2021
Lamia,,,,,,,,,,,,,,,,,,,,,,,,,,,,,Larissa FC,,,,,,,,,,,,,,,,,,,,,,,,,,,,,590833,2021-03-10 15:15:00,2021
Apollon Smyrni,,,,,,,,,,,,,,,,,,,,,,,,,,,,,Panetolikos,,,,,,,,,,,,,,,,,,,,,,,,,,,,,590868,2021-03-14 17:00:00,2021
Lamia,,,,,,,,,,,,,,,,,,,,,,,,,,,,,Atromitos,,,,,,,,,,,,,,,,,,,,,,,,,,,,,590871,2021-03-14 17:00:00,2021
Larissa FC,,,,,,,,,,,,,,,,,,,,,,,,,,,,,Olympiacos,,,,,,,,,,,,,,,,,,,,,,,,,,,,,590872,2021-03-14 17:00:00,2021
Aris,,,,,,,,,,,,,,,,,,,,,,,,,,,,,OFI Crete,,,,,,,,,,,,,,,,,,,,,,,,,,,,,590869,2021-03-14 17:00:00,2021
Volos NFC,,,,,,,,,,,,,,,,,,,,,,,,,,,,,AEK Athens,,,,,,,,,,,,,,,,,,,,,,,,,,,,,590874,2021-03-14 17:00:00,2021
Asteras Tripoli,,,,,,,,,,,,,,,,,,,,,,,,,,,,,Pas Giannina,,,,,,,,,,,,,,,,,,,,,,,,,,,,,590870,2021-03-14 17:00:00,2021
Panathinaikos,,,,,,,,,,,,,,,,,,,,,,,,,,,,,PAOK,,,,,,,,,,,,,,,,,,,,,,,,,,,,,590873,2021-03-14 17:00:00,2021
Apollon Smyrni,,,,,,,,,,,,,,,,,,,,,,,,,,,,,Larissa FC,,,,,,,,,,,,,,,,,,,,,,,,,,,,,596824,2021-03-20 13:00:00,2021
Volos NFC,,,,,,,,,,,,,,,,,,,,,,,,,,,,,OFI Crete,,,,,,,,,,,,,,,,,,,,,,,,,,,,,596825,2021-03-20 15:15:00,2021
Panetolikos,,,,,,,,,,,,,,,,,,,,,,,,,,,,,Lamia,,,,,,,,,,,,,,,,,,,,,,,,,,,,,596822,2021-03-20 17:30:00,2021
Pas Giannina,,,,,,,,,,,,,,,,,,,,,,,,,,,,,Atromitos,,,,,,,,,,,,,,,,,,,,,,,,,,,,,596823,2021-03-20 17:30:00,2021
Asteras Tripoli,,,,,,,,,,,,,,,,,,,,,,,,,,,,,Panathinaikos,,,,,,,,,,,,,,,,,,,,,,,,,,,,,596819,2021-03-21 13:00:00,2021
Olympiacos,,,,,,,,,,,,,,,,,,,,,,,,,,,,,Aris,,,,,,,,,,,,,,,,,,,,,,,,,,,,,596820,2021-03-21 15:15:00,2021
PAOK,,,,,,,,,,,,,,,,,,,,,,,,,,,,,AEK Athens,,,,,,,,,,,,,,,,,,,,,,,,,,,,,596821,2021-03-21 17:30:00,2021
Atromitos,,,,,,,,,,,,,,,,,,,,,,,,,,,,,Apollon Smyrni,,,,,,,,,,,,,,,,,,,,,,,,,,,,,596828,2021-04-03 12:00:00,2021
OFI Crete,,,,,,,,,,,,,,,,,,,,,,,,,,,,,Pas Giannina,,,,,,,,,,,,,,,,,,,,,,,,,,,,,596829,2021-04-03 14:15:00,2021
Lamia,,,,,,,,,,,,,,,,,,,,,,,,,,,,,Volos NFC,,,,,,,,,,,,,,,,,,,,,,,,,,,,,596830,2021-04-03 16:30:00,2021
Larissa FC,,,,,,,,,,,,,,,,,,,,,,,,,,,,,Panetolikos,,,,,,,,,,,,,,,,,,,,,,,,,,,,,596831,2021-04-03 16:30:00,2021
Panathinaikos,,,,,,,,,,,,,,,,,,,,,,,,,,,,,PAOK,,,,,,,,,,,,,,,,,,,,,,,,,,,,,596832,2021-04-04 12:00:00,2021
Aris,,,,,,,,,,,,,,,,,,,,,,,,,,,,,Asteras Tripoli,,,,,,,,,,,,,,,,,,,,,,,,,,,,,596833,2021-04-04 14:15:00,2021
AEK Athens,,,,,,,,,,,,,,,,,,,,,,,,,,,,,Olympiacos,,,,,,,,,,,,,,,,,,,,,,,,,,,,,596834,2021-04-04 16:30:00,2021
Volos NFC,,,,,,,,,,,,,,,,,,,,,,,,,,,,,Panetolikos,,,,,,,,,,,,,,,,,,,,,,,,,,,,,596835,2021-04-10 12:00:00,2021
Apollon Smyrni,,,,,,,,,,,,,,,,,,,,,,,,,,,,,OFI Crete,,,,,,,,,,,,,,,,,,,,,,,,,,,,,596836,2021-04-10 14:15:00,2021
Atromitos,,,,,,,,,,,,,,,,,,,,,,,,,,,,,Larissa FC,,,,,,,,,,,,,,,,,,,,,,,,,,,,,596837,2021-04-10 16:30:00,2021
Aris,,,,,,,,,,,,,,,,,,,,,,,,,,,,,AEK Athens,,,,,,,,,,,,,,,,,,,,,,,,,,,,,596838,2021-04-11 12:00:00,2021
Asteras Tripoli,,,,,,,,,,,,,,,,,,,,,,,,,,,,,PAOK,,,,,,,,,,,,,,,,,,,,,,,,,,,,,596839,2021-04-11 14:15:00,2021
Olympiacos,,,,,,,,,,,,,,,,,,,,,,,,,,,,,Panathinaikos,,,,,,,,,,,,,,,,,,,,,,,,,,,,,596840,2021-04-11 16:30:00,2021
Pas Giannina,,,,,,,,,,,,,,,,,,,,,,,,,,,,,Lamia,,,,,,,,,,,,,,,,,,,,,,,,,,,,,596841,2021-04-12 16:30:00,2021
OFI Crete,,,,,,,,,,,,,,,,,,,,,,,,,,,,,Atromitos,,,,,,,,,,,,,,,,,,,,,,,,,,,,,596842,2021-04-17 12:00:00,2021
Panetolikos,,,,,,,,,,,,,,,,,,,,,,,,,,,,,Apollon Smyrni,,,,,,,,,,,,,,,,,,,,,,,,,,,,,596843,2021-04-17 14:15:00,2021
Volos NFC,,,,,,,,,,,,,,,,,,,,,,,,,,,,,Pas Giannina,,,,,,,,,,,,,,,,,,,,,,,,,,,,,596844,2021-04-17 16:30:00,2021
Panathinaikos,,,,,,,,,,,,,,,,,,,,,,,,,,,,,Aris,,,,,,,,,,,,,,,,,,,,,,,,,,,,,596845,2021-04-18 12:00:00,2021
AEK Athens,,,,,,,,,,,,,,,,,,,,,,,,,,,,,Asteras Tripoli,,,,,,,,,,,,,,,,,,,,,,,,,,,,,596846,2021-04-18 14:15:00,2021
PAOK,,,,,,,,,,,,,,,,,,,,,,,,,,,,,Olympiacos,,,,,,,,,,,,,,,,,,,,,,,,,,,,,596847,2021-04-18 16:30:00,2021
Lamia,,,,,,,,,,,,,,,,,,,,,,,,,,,,,Larissa FC,,,,,,,,,,,,,,,,,,,,,,,,,,,,,596848,2021-04-19 16:30:00,2021
Olympiacos,,,,,,,,,,,,,,,,,,,,,,,,,,,,,Asteras Tripoli,,,,,,,,,,,,,,,,,,,,,,,,,,,,,596849,2021-04-21 14:15:00,2021
Aris,,,,,,,,,,,,,,,,,,,,,,,,,,,,,PAOK,,,,,,,,,,,,,,,,,,,,,,,,,,,,,596850,2021-04-21 16:30:00,2021
AEK Athens,,,,,,,,,,,,,,,,,,,,,,,,,,,,,Panathinaikos,,,,,,,,,,,,,,,,,,,,,,,,,,,,,596851,2021-04-21 18:30:00,2021
Pas Giannina,,,,,,,,,,,,,,,,,,,,,,,,,,,,,Panetolikos,,,,,,,,,,,,,,,,,,,,,,,,,,,,,596852,2021-04-24 12:00:00,2021
Larissa FC,,,,,,,,,,,,,,,,,,,,,,,,,,,,,OFI Crete,,,,,,,,,,,,,,,,,,,,,,,,,,,,,596853,2021-04-24 14:15:00,2021
Atromitos,,,,,,,,,,,,,,,,,,,,,,,,,,,,,Lamia,,,,,,,,,,,,,,,,,,,,,,,,,,,,,596854,2021-04-24 16:30:00,2021
PAOK,,,,,,,,,,,,,,,,,,,,,,,,,,,,,Panathinaikos,,,,,,,,,,,,,,,,,,,,,,,,,,,,,596855,2021-04-25 12:00:00,2021
Asteras Tripoli,,,,,,,,,,,,,,,,,,,,,,,,,,,,,Aris,,,,,,,,,,,,,,,,,,,,,,,,,,,,,596856,2021-04-25 14:15:00,2021
Olympiacos,,,,,,,,,,,,,,,,,,,,,,,,,,,,,AEK Athens,,,,,,,,,,,,,,,,,,,,,,,,,,,,,596857,2021-04-25 16:30:00,2021
Apollon Smyrni,,,,,,,,,,,,,,,,,,,,,,,,,,,,,Volos NFC,,,,,,,,,,,,,,,,,,,,,,,,,,,,,596858,2021-04-26 16:30:00,2021
Aris,,,,,,,,,,,,,,,,,,,,,,,,,,,,,Olympiacos,,,,,,,,,,,,,,,,,,,,,,,,,,,,,596859,2021-05-05 14:15:00,2021
Panathinaikos,,,,,,,,,,,,,,,,,,,,,,,,,,,,,Asteras Tripoli,,,,,,,,,,,,,,,,,,,,,,,,,,,,,596860,2021-05-05 16:30:00,2021
AEK Athens,,,,,,,,,,,,,,,,,,,,,,,,,,,,,PAOK,,,,,,,,,,,,,,,,,,,,,,,,,,,,,596861,2021-05-05 18:30:00,2021
Lamia,,,,,,,,,,,,,,,,,,,,,,,,,,,,,OFI Crete,,,,,,,,,,,,,,,,,,,,,,,,,,,,,596862,2021-05-08 16:30:00,2021
Panetolikos,,,,,,,,,,,,,,,,,,,,,,,,,,,,,Atromitos,,,,,,,,,,,,,,,,,,,,,,,,,,,,,596865,2021-05-08 16:30:00,2021
Volos NFC,,,,,,,,,,,,,,,,,,,,,,,,,,,,,Larissa FC,,,,,,,,,,,,,,,,,,,,,,,,,,,,,596864,2021-05-08 16:30:00,2021
PAOK,,,,,,,,,,,,,,,,,,,,,,,,,,,,,Aris,,,,,,,,,,,,,,,,,,,,,,,,,,,,,596866,2021-05-09 12:00:00,2021
Asteras Tripoli,,,,,,,,,,,,,,,,,,,,,,,,,,,,,Olympiacos,,,,,,,,,,,,,,,,,,,,,,,,,,,,,596867,2021-05-09 14:15:00,2021
Panathinaikos,,,,,,,,,,,,,,,,,,,,,,,,,,,,,AEK Athens,,,,,,,,,,,,,,,,,,,,,,,,,,,,,596868,2021-05-09 16:30:00,2021
Aris,,,,,,,,,,,,,,,,,,,,,,,,,,,,,Panathinaikos,,,,,,,,,,,,,,,,,,,,,,,,,,,,,596869,2021-05-12 16:30:00,2021
Asteras Tripoli,,,,,,,,,,,,,,,,,,,,,,,,,,,,,AEK Athens,,,,,,,,,,,,,,,,,,,,,,,,,,,,,596870,2021-05-12 16:30:00,2021
Olympiacos,,,,,,,,,,,,,,,,,,,,,,,,,,,,,PAOK,,,,,,,,,,,,,,,,,,,,,,,,,,,,,596871,2021-05-12 16:30:00,2021
Atromitos,,,,,,,,,,,,,,,,,,,,,,,,,,,,,Volos NFC,,,,,,,,,,,,,,,,,,,,,,,,,,,,,596873,2021-05-15 16:30:00,2021
Larissa FC,,,,,,,,,,,,,,,,,,,,,,,,,,,,,Pas Giannina,,,,,,,,,,,,,,,,,,,,,,,,,,,,,596875,2021-05-15 16:30:00,2021
Apollon Smyrni,,,,,,,,,,,,,,,,,,,,,,,,,,,,,Lamia,,,,,,,,,,,,,,,,,,,,,,,,,,,,,596872,2021-05-15 16:30:00,2021
OFI Crete,,,,,,,,,,,,,,,,,,,,,,,,,,,,,Panetolikos,,,,,,,,,,,,,,,,,,,,,,,,,,,,,596874,2021-05-15 16:30:00,2021
Panathinaikos,,,,,,,,,,,,,,,,,,,,,,,,,,,,,Olympiacos,,,,,,,,,,,,,,,,,,,,,,,,,,,,,596878,2021-05-16 16:30:00,2021
AEK Athens,,,,,,,,,,,,,,,,,,,,,,,,,,,,,Aris,,,,,,,,,,,,,,,,,,,,,,,,,,,,,596877,2021-05-16 16:30:00,2021
PAOK,,,,,,,,,,,,,,,,,,,,,,,,,,,,,Asteras Tripoli,,,,,,,,,,,,,,,,,,,,,,,,,,,,,596876,2021-05-16 16:30:00,2021
Pas Giannina,,,,,,,,,,,,,,,,,,,,,,,,,,,,,Apollon Smyrni,,,,,,,,,,,,,,,,,,,,,,,,,,,,,596863,2021-05-19 14:15:00,2021
Panetolikos,,,,,,,,,,,,,,,,,,,,,,,,,,,,,Asteras Tripoli,,,,,,,,,,,,,,,,,,,,,,,,,,,,,616791,2021-09-11 15:15:00,2021
Panathinaikos,,,,,,,,,,,,,,,,,,,,,,,,,,,,,Apollon Smyrni,,,,,,,,,,,,,,,,,,,,,,,,,,,,,616790,2021-09-11 17:30:00,2021
Volos NFC,,,,,,,,,,,,,,,,,,,,,,,,,,,,,Lamia,,,,,,,,,,,,,,,,,,,,,,,,,,,,,616794,2021-09-12 15:15:00,2021
PAOK,,,,,,,,,,,,,,,,,,,,,,,,,,,,,Pas Giannina,,,,,,,,,,,,,,,,,,,,,,,,,,,,,616796,2021-09-12 16:00:00,2021
Olympiacos,,,,,,,,,,,,,,,,,,,,,,,,,,,,,Atromitos,,,,,,,,,,,,,,,,,,,,,,,,,,,,,616792,2021-09-12 17:30:00,2021
AEK Athens,,,,,,,,,,,,,,,,,,,,,,,,,,,,,Ionikos FC,,,,,,,,,,,,,,,,,,,,,,,,,,,,,616793,2021-09-12 17:30:00,2021
Aris,,,,,,,,,,,,,,,,,,,,,,,,,,,,,OFI Crete,,,,,,,,,,,,,,,,,,,,,,,,,,,,,616795,2021-09-13 16:30:00,2021
Ionikos FC,,,,,,,,,,,,,,,,,,,,,,,,,,,,,Aris,,,,,,,,,,,,,,,,,,,,,,,,,,,,,616784,2021-09-17 16:00:00,2021
Pas Giannina,,,,,,,,,,,,,,,,,,,,,,,,,,,,,Panathinaikos,,,,,,,,,,,,,,,,,,,,,,,,,,,,,616787,2021-09-18 17:30:00,2021
Apollon Smyrni,,,,,,,,,,,,,,,,,,,,,,,,,,,,,Volos NFC,,,,,,,,,,,,,,,,,,,,,,,,,,,,,616789,2021-09-19 13:00:00,2021
OFI Crete,,,,,,,,,,,,,,,,,,,,,,,,,,,,,AEK Athens,,,,,,,,,,,,,,,,,,,,,,,,,,,,,616783,2021-09-19 15:15:00,2021
Atromitos,,,,,,,,,,,,,,,,,,,,,,,,,,,,,Panetolikos,,,,,,,,,,,,,,,,,,,,,,,,,,,,,616788,2021-09-19 15:15:00,2021
Asteras Tripoli,,,,,,,,,,,,,,,,,,,,,,,,,,,,,PAOK,,,,,,,,,,,,,,,,,,,,,,,,,,,,,616786,2021-09-19 17:30:00,2021
Lamia,,,,,,,,,,,,,,,,,,,,,,,,,,,,,Olympiacos,,,,,,,,,,,,,,,,,,,,,,,,,,,,,616785,2021-09-19 17:30:00,2021
OFI Crete,,,,,,,,,,,,,,,,,,,,,,,,,,,,,Asteras Tripoli,,,,,,,,,,,,,,,,,,,,,,,,,,,,,616777,2021-09-22 15:15:00,2021
Panetolikos,,,,,,,,,,,,,,,,,,,,,,,,,,,,,PAOK,,,,,,,,,,,,,,,,,,,,,,,,,,,,,616780,2021-09-22 15:15:00,2021
Olympiacos,,,,,,,,,,,,,,,,,,,,,,,,,,,,,Apollon Smyrni,,,,,,,,,,,,,,,,,,,,,,,,,,,,,616776,2021-09-22 15:15:00,2021
Aris,,,,,,,,,,,,,,,,,,,,,,,,,,,,,Panathinaikos,,,,,,,,,,,,,,,,,,,,,,,,,,,,,616782,2021-09-22 17:30:00,2021
AEK Athens,,,,,,,,,,,,,,,,,,,,,,,,,,,,,Lamia,,,,,,,,,,,,,,,,,,,,,,,,,,,,,616779,2021-09-22 17:30:00,2021
Ionikos FC,,,,,,,,,,,,,,,,,,,,,,,,,,,,,Pas Giannina,,,,,,,,,,,,,,,,,,,,,,,,,,,,,616781,2021-09-23 15:15:00,2021
Volos NFC,,,,,,,,,,,,,,,,,,,,,,,,,,,,,Atromitos,,,,,,,,,,,,,,,,,,,,,,,,,,,,,616778,2021-09-23 17:30:00,2021
Panathinaikos,,,,,,,,,,,,,,,,,,,,,,,,,,,,,Volos NFC,,,,,,,,,,,,,,,,,,,,,,,,,,,,,616775,2021-09-26 13:00:00,2021
Asteras Tripoli,,,,,,,,,,,,,,,,,,,,,,,,,,,,,Olympiacos,,,,,,,,,,,,,,,,,,,,,,,,,,,,,616773,2021-09-26 13:00:00,2021
Lamia,,,,,,,,,,,,,,,,,,,,,,,,,,,,,Panetolikos,,,,,,,,,,,,,,,,,,,,,,,,,,,,,616774,2021-09-26 15:15:00,2021
PAOK,,,,,,,,,,,,,,,,,,,,,,,,,,,,,AEK Athens,,,,,,,,,,,,,,,,,,,,,,,,,,,,,616769,2021-09-26 17:30:00,2021
Pas Giannina,,,,,,,,,,,,,,,,,,,,,,,,,,,,,OFI Crete,,,,,,,,,,,,,,,,,,,,,,,,,,,,,616772,2021-09-27 14:15:00,2021
Apollon Smyrni,,,,,,,,,,,,,,,,,,,,,,,,,,,,,Ionikos FC,,,,,,,,,,,,,,,,,,,,,,,,,,,,,616771,2021-09-27 16:30:00,2021
Atromitos,,,,,,,,,,,,,,,,,,,,,,,,,,,,,Aris,,,,,,,,,,,,,,,,,,,,,,,,,,,,,616770,2021-09-27 16:30:00,2021
Volos NFC,,,,,,,,,,,,,,,,,,,,,,,,,,,,,Asteras Tripoli,,,,,,,,,,,,,,,,,,,,,,,,,,,,,616764,2021-10-02 13:00:00,2021
Aris,,,,,,,,,,,,,,,,,,,,,,,,,,,,,Apollon Smyrni,,,,,,,,,,,,,,,,,,,,,,,,,,,,,616763,2021-10-02 17:30:00,2021
Atromitos,,,,,,,,,,,,,,,,,,,,,,,,,,,,,Pas Giannina,,,,,,,,,,,,,,,,,,,,,,,,,,,,,616767,2021-10-03 13:00:00,2021
Panetolikos,,,,,,,,,,,,,,,,,,,,,,,,,,,,,AEK Athens,,,,,,,,,,,,,,,,,,,,,,,,,,,,,616762,2021-10-03 13:00:00,2021
OFI Crete,,,,,,,,,,,,,,,,,,,,,,,,,,,,,PAOK,,,,,,,,,,,,,,,,,,,,,,,,,,,,,616766,2021-10-03 15:15:00,2021
Ionikos FC,,,,,,,,,,,,,,,,,,,,,,,,,,,,,Lamia,,,,,,,,,,,,,,,,,,,,,,,,,,,,,616765,2021-10-03 17:30:00,2021
Olympiacos,,,,,,,,,,,,,,,,,,,,,,,,,,,,,Panathinaikos,,,,,,,,,,,,,,,,,,,,,,,,,,,,,616768,2021-10-03 17:30:00,2021
Apollon Smyrni,,,,,,,,,,,,,,,,,,,,,,,,,,,,,Asteras Tripoli,,,,,,,,,,,,,,,,,,,,,,,,,,,,,616756,2021-10-16 15:15:00,2021
Panathinaikos,,,,,,,,,,,,,,,,,,,,,,,,,,,,,Ionikos FC,,,,,,,,,,,,,,,,,,,,,,,,,,,,,616758,2021-10-16 17:30:00,2021
Panetolikos,,,,,,,,,,,,,,,,,,,,,,,,,,,,,OFI Crete,,,,,,,,,,,,,,,,,,,,,,,,,,,,,616759,2021-10-17 13:00:00,2021
PAOK,,,,,,,,,,,,,,,,,,,,,,,,,,,,,Volos NFC,,,,,,,,,,,,,,,,,,,,,,,,,,,,,616761,2021-10-17 13:00:00,2021
Pas Giannina,,,,,,,,,,,,,,,,,,,,,,,,,,,,,Olympiacos,,,,,,,,,,,,,,,,,,,,,,,,,,,,,616760,2021-10-17 17:30:00,2021
AEK Athens,,,,,,,,,,,,,,,,,,,,,,,,,,,,,Atromitos,,,,,,,,,,,,,,,,,,,,,,,,,,,,,616757,2021-10-17 17:30:00,2021
Lamia,,,,,,,,,,,,,,,,,,,,,,,,,,,,,Aris,,,,,,,,,,,,,,,,,,,,,,,,,,,,,616755,2021-10-18 16:30:00,2021
Atromitos,,,,,,,,,,,,,,,,,,,,,,,,,,,,,Ionikos FC,,,,,,,,,,,,,,,,,,,,,,,,,,,,,616749,2021-10-23 15:15:00,2021
Apollon Smyrni,,,,,,,,,,,,,,,,,,,,,,,,,,,,,Pas Giannina,,,,,,,,,,,,,,,,,,,,,,,,,,,,,616752,2021-10-23 16:00:00,2021
Asteras Tripoli,,,,,,,,,,,,,,,,,,,,,,,,,,,,,Panathinaikos,,,,,,,,,,,,,,,,,,,,,,,,,,,,,616753,2021-10-23 17:30:00,2021
Aris,,,,,,,,,,,,,,,,,,,,,,,,,,,,,Panetolikos,,,,,,,,,,,,,,,,,,,,,,,,,,,,,616754,2021-10-24 13:00:00,2021
Volos NFC,,,,,,,,,,,,,,,,,,,,,,,,,,,,,AEK Athens,,,,,,,,,,,,,,,,,,,,,,,,,,,,,616748,2021-10-24 13:00:00,2021
OFI Crete,,,,,,,,,,,,,,,,,,,,,,,,,,,,,Lamia,,,,,,,,,,,,,,,,,,,,,,,,,,,,,616750,2021-10-24 15:15:00,2021
Olympiacos,,,,,,,,,,,,,,,,,,,,,,,,,,,,,PAOK,,,,,,,,,,,,,,,,,,,,,,,,,,,,,616751,2021-10-24 17:30:00,2021
PAOK,,,,,,,,,,,,,,,,,,,,,,,,,,,,,Apollon Smyrni,,,,,,,,,,,,,,,,,,,,,,,,,,,,,616741,2021-10-30 16:30:00,2021
Panetolikos,,,,,,,,,,,,,,,,,,,,,,,,,,,,,Olympiacos,,,,,,,,,,,,,,,,,,,,,,,,,,,,,616746,2021-10-30 16:30:00,2021
Lamia,,,,,,,,,,,,,,,,,,,,,,,,,,,,,Atromitos,,,,,,,,,,,,,,,,,,,,,,,,,,,,,616744,2021-10-31 13:00:00,2021
Panathinaikos,,,,,,,,,,,,,,,,,,,,,,,,,,,,,OFI Crete,,,,,,,,,,,,,,,,,,,,,,,,,,,,,616745,2021-10-31 15:15:00,2021
Pas Giannina,,,,,,,,,,,,,,,,,,,,,,,,,,,,,Asteras Tripoli,,,,,,,,,,,,,,,,,,,,,,,,,,,,,616743,2021-10-31 17:30:00,2021
AEK Athens,,,,,,,,,,,,,,,,,,,,,,,,,,,,,Aris,,,,,,,,,,,,,,,,,,,,,,,,,,,,,616742,2021-10-31 17:30:00,2021
Ionikos FC,,,,,,,,,,,,,,,,,,,,,,,,,,,,,Volos NFC,,,,,,,,,,,,,,,,,,,,,,,,,,,,,616747,2021-11-01 17:30:00,2021
Pas Giannina,,,,,,,,,,,,,,,,,,,,,,,,,,,,,Panetolikos,,,,,,,,,,,,,,,,,,,,,,,,,,,,,616740,2021-11-06 15:15:00,2021
OFI Crete,,,,,,,,,,,,,,,,,,,,,,,,,,,,,Atromitos,,,,,,,,,,,,,,,,,,,,,,,,,,,,,616736,2021-11-06 15:15:00,2021
Apollon Smyrni,,,,,,,,,,,,,,,,,,,,,,,,,,,,,AEK Athens,,,,,,,,,,,,,,,,,,,,,,,,,,,,,616734,2021-11-06 17:30:00,2021
Asteras Tripoli,,,,,,,,,,,,,,,,,,,,,,,,,,,,,Lamia,,,,,,,,,,,,,,,,,,,,,,,,,,,,,616738,2021-11-07 13:00:00,2021
Volos NFC,,,,,,,,,,,,,,,,,,,,,,,,,,,,,Aris,,,,,,,,,,,,,,,,,,,,,,,,,,,,,616735,2021-11-07 15:15:00,2021
Olympiacos,,,,,,,,,,,,,,,,,,,,,,,,,,,,,Ionikos FC,,,,,,,,,,,,,,,,,,,,,,,,,,,,,616737,2021-11-07 17:30:00,2021
Panathinaikos,,,,,,,,,,,,,,,,,,,,,,,,,,,,,PAOK,,,,,,,,,,,,,,,,,,,,,,,,,,,,,616739,2021-11-07 17:30:00,2021
Volos NFC,,,,,,,,,,,,,,,,,,,,,,,,,,,,,OFI Crete,,,,,,,,,,,,,,,,,,,,,,,,,,,,,616729,2021-11-20 13:00:00,2021
Ionikos FC,,,,,,,,,,,,,,,,,,,,,,,,,,,,,Asteras Tripoli,,,,,,,,,,,,,,,,,,,,,,,,,,,,,616728,2021-11-20 17:30:00,2021
Aris,,,,,,,,,,,,,,,,,,,,,,,,,,,,,Pas Giannina,,,,,,,,,,,,,,,,,,,,,,,,,,,,,616732,2021-11-20 17:30:00,2021
Panetolikos,,,,,,,,,,,,,,,,,,,,,,,,,,,,,Apollon Smyrni,,,,,,,,,,,,,,,,,,,,,,,,,,,,,616727,2021-11-21 15:15:00,2021
Atromitos,,,,,,,,,,,,,,,,,,,,,,,,,,,,,PAOK,,,,,,,,,,,,,,,,,,,,,,,,,,,,,616731,2021-11-21 17:30:00,2021
AEK Athens,,,,,,,,,,,,,,,,,,,,,,,,,,,,,Olympiacos,,,,,,,,,,,,,,,,,,,,,,,,,,,,,616730,2021-11-21 17:30:00,2021
Lamia,,,,,,,,,,,,,,,,,,,,,,,,,,,,,Panathinaikos,,,,,,,,,,,,,,,,,,,,,,,,,,,,,616733,2021-11-22 16:00:00,2021
Asteras Tripoli,,,,,,,,,,,,,,,,,,,,,,,,,,,,,Atromitos,,,,,,,,,,,,,,,,,,,,,,,,,,,,,616722,2021-11-27 15:15:00,2021
Pas Giannina,,,,,,,,,,,,,,,,,,,,,,,,,,,,,AEK Athens,,,,,,,,,,,,,,,,,,,,,,,,,,,,,616720,2021-11-27 17:30:00,2021
Apollon Smyrni,,,,,,,,,,,,,,,,,,,,,,,,,,,,,Lamia,,,,,,,,,,,,,,,,,,,,,,,,,,,,,616724,2021-11-27 17:30:00,2021
Olympiacos,,,,,,,,,,,,,,,,,,,,,,,,,,,,,Volos NFC,,,,,,,,,,,,,,,,,,,,,,,,,,,,,616726,2021-11-28 13:00:00,2021
OFI Crete,,,,,,,,,,,,,,,,,,,,,,,,,,,,,Ionikos FC,,,,,,,,,,,,,,,,,,,,,,,,,,,,,616723,2021-11-28 13:00:00,2021
Panathinaikos,,,,,,,,,,,,,,,,,,,,,,,,,,,,,Panetolikos,,,,,,,,,,,,,,,,,,,,,,,,,,,,,616725,2021-11-28 17:30:00,2021
PAOK,,,,,,,,,,,,,,,,,,,,,,,,,,,,,Aris,,,,,,,,,,,,,,,,,,,,,,,,,,,,,616721,2021-11-28 17:30:00,2021
Atromitos,,,,,,,,,,,,,,,,,,,,,,,,,,,,,Apollon Smyrni,,,,,,,,,,,,,,,,,,,,,,,,,,,,,616713,2021-12-04 15:15:00,2021
Volos NFC,,,,,,,,,,,,,,,,,,,,,,,,,,,,,Panetolikos,,,,,,,,,,,,,,,,,,,,,,,,,,,,,616719,2021-12-04 15:15:00,2021
OFI Crete,,,,,,,,,,,,,,,,,,,,,,,,,,,,,Olympiacos,,,,,,,,,,,,,,,,,,,,,,,,,,,,,616715,2021-12-04 17:30:00,2021
Ionikos FC,,,,,,,,,,,,,,,,,,,,,,,,,,,,,PAOK,,,,,,,,,,,,,,,,,,,,,,,,,,,,,616716,2021-12-05 15:15:00,2021
AEK Athens,,,,,,,,,,,,,,,,,,,,,,,,,,,,,Panathinaikos,,,,,,,,,,,,,,,,,,,,,,,,,,,,,616718,2021-12-05 17:30:00,2021
Aris,,,,,,,,,,,,,,,,,,,,,,,,,,,,,Asteras Tripoli,,,,,,,,,,,,,,,,,,,,,,,,,,,,,616714,2021-12-05 17:30:00,2021
Lamia,,,,,,,,,,,,,,,,,,,,,,,,,,,,,Pas Giannina,,,,,,,,,,,,,,,,,,,,,,,,,,,,,616717,2021-12-06 17:30:00,2021
Panathinaikos,,,,,,,,,,,,,,,,,,,,,,,,,,,,,Atromitos,,,,,,,,,,,,,,,,,,,,,,,,,,,,,616708,2021-12-11 15:15:00,2021
Pas Giannina,,,,,,,,,,,,,,,,,,,,,,,,,,,,,Volos NFC,,,,,,,,,,,,,,,,,,,,,,,,,,,,,616712,2021-12-11 15:15:00,2021
Asteras Tripoli,,,,,,,,,,,,,,,,,,,,,,,,,,,,,AEK Athens,,,,,,,,,,,,,,,,,,,,,,,,,,,,,616706,2021-12-11 17:30:00,2021
Panetolikos,,,,,,,,,,,,,,,,,,,,,,,,,,,,,Ionikos FC,,,,,,,,,,,,,,,,,,,,,,,,,,,,,616709,2021-12-11 17:30:00,2021
PAOK,,,,,,,,,,,,,,,,,,,,,,,,,,,,,Lamia,,,,,,,,,,,,,,,,,,,,,,,,,,,,,616710,2021-12-12 15:15:00,2021
Olympiacos,,,,,,,,,,,,,,,,,,,,,,,,,,,,,Aris,,,,,,,,,,,,,,,,,,,,,,,,,,,,,616707,2021-12-12 17:30:00,2021
Asteras Tripoli,,,,,,,,,,,,,,,,,,,,,,,,,,,,,Panetolikos,,,,,,,,,,,,,,,,,,,,,,,,,,,,,616704,2021-12-14 15:15:00,2021
Lamia,,,,,,,,,,,,,,,,,,,,,,,,,,,,,Volos NFC,,,,,,,,,,,,,,,,,,,,,,,,,,,,,616705,2021-12-15 15:15:00,2021
Pas Giannina,,,,,,,,,,,,,,,,,,,,,,,,,,,,,PAOK,,,,,,,,,,,,,,,,,,,,,,,,,,,,,616702,2021-12-15 15:15:00,2021
Atromitos,,,,,,,,,,,,,,,,,,,,,,,,,,,,,Olympiacos,,,,,,,,,,,,,,,,,,,,,,,,,,,,,616701,2021-12-15 17:30:00,2021
OFI Crete,,,,,,,,,,,,,,,,,,,,,,,,,,,,,Aris,,,,,,,,,,,,,,,,,,,,,,,,,,,,,616700,2021-12-16 15:00:00,2021
Ionikos FC,,,,,,,,,,,,,,,,,,,,,,,,,,,,,AEK Athens,,,,,,,,,,,,,,,,,,,,,,,,,,,,,616699,2021-12-16 17:30:00,2021
Panetolikos,,,,,,,,,,,,,,,,,,,,,,,,,,,,,Atromitos,,,,,,,,,,,,,,,,,,,,,,,,,,,,,616694,2021-12-18 17:30:00,2021
Olympiacos,,,,,,,,,,,,,,,,,,,,,,,,,,,,,Lamia,,,,,,,,,,,,,,,,,,,,,,,,,,,,,616696,2021-12-19 13:00:00,2021
PAOK,,,,,,,,,,,,,,,,,,,,,,,,,,,,,Asteras Tripoli,,,,,,,,,,,,,,,,,,,,,,,,,,,,,616693,2021-12-19 17:30:00,2021
Panathinaikos,,,,,,,,,,,,,,,,,,,,,,,,,,,,,Pas Giannina,,,,,,,,,,,,,,,,,,,,,,,,,,,,,616698,2021-12-19 17:30:00,2021
AEK Athens,,,,,,,,,,,,,,,,,,,,,,,,,,,,,OFI Crete,,,,,,,,,,,,,,,,,,,,,,,,,,,,,616697,2021-12-20 17:30:00,2021
Aris,,,,,,,,,,,,,,,,,,,,,,,,,,,,,Ionikos FC,,,,,,,,,,,,,,,,,,,,,,,,,,,,,616695,2021-12-20 17:30:00,2021
Pas Giannina,,,,,,,,,,,,,,,,,,,,,,,,,,,,,Ionikos FC,,,,,,,,,,,,,,,,,,,,,,,,,,,,,616687,2022-01-04 15:15:00,2022
Asteras Tripoli,,,,,,,,,,,,,,,,,,,,,,,,,,,,,OFI Crete,,,,,,,,,,,,,,,,,,,,,,,,,,,,,616688,2022-01-04 17:30:00,2022
Lamia,,,,,,,,,,,,,,,,,,,,,,,,,,,,,AEK Athens,,,,,,,,,,,,,,,,,,,,,,,,,,,,,616685,2022-01-05 15:15:00,2022
Apollon Smyrni,,,,,,,,,,,,,,,,,,,,,,,,,,,,,Olympiacos,,,,,,,,,,,,,,,,,,,,,,,,,,,,,616689,2022-01-05 17:30:00,2022
Panathinaikos,,,,,,,,,,,,,,,,,,,,,,,,,,,,,Aris,,,,,,,,,,,,,,,,,,,,,,,,,,,,,616686,2022-01-05 19:30:00,2022
OFI Crete,,,,,,,,,,,,,,,,,,,,,,,,,,,,,Pas Giannina,,,,,,,,,,,,,,,,,,,,,,,,,,,,,616683,2022-01-08 15:15:00,2022
Volos NFC,,,,,,,,,,,,,,,,,,,,,,,,,,,,,Panathinaikos,,,,,,,,,,,,,,,,,,,,,,,,,,,,,616684,2022-01-09 15:15:00,2022
PAOK,,,,,,,,,,,,,,,,,,,,,,,,,,,,,Panetolikos,,,,,,,,,,,,,,,,,,,,,,,,,,,,,616690,2022-01-12 15:15:00,2022
Apollon Smyrni,,,,,,,,,,,,,,,,,,,,,,,,,,,,,OFI Crete,,,,,,,,,,,,,,,,,,,,,,,,,,,,,616711,2022-01-12 15:15:00,2022
Asteras Tripoli,,,,,,,,,,,,,,,,,,,,,,,,,,,,,Volos NFC,,,,,,,,,,,,,,,,,,,,,,,,,,,,,616677,2022-01-15 15:15:00,2022
Lamia,,,,,,,,,,,,,,,,,,,,,,,,,,,,,Ionikos FC,,,,,,,,,,,,,,,,,,,,,,,,,,,,,616673,2022-01-15 15:15:00,2022
PAOK,,,,,,,,,,,,,,,,,,,,,,,,,,,,,OFI Crete,,,,,,,,,,,,,,,,,,,,,,,,,,,,,616674,2022-01-15 17:30:00,2022
Apollon Smyrni,,,,,,,,,,,,,,,,,,,,,,,,,,,,,Aris,,,,,,,,,,,,,,,,,,,,,,,,,,,,,616671,2022-01-15 17:30:00,2022
AEK Athens,,,,,,,,,,,,,,,,,,,,,,,,,,,,,Panetolikos,,,,,,,,,,,,,,,,,,,,,,,,,,,,,616676,2022-01-16 15:15:00,2022
Pas Giannina,,,,,,,,,,,,,,,,,,,,,,,,,,,,,Atromitos,,,,,,,,,,,,,,,,,,,,,,,,,,,,,616672,2022-01-16 17:30:00,2022
Panathinaikos,,,,,,,,,,,,,,,,,,,,,,,,,,,,,Olympiacos,,,,,,,,,,,,,,,,,,,,,,,,,,,,,616675,2022-01-16 17:30:00,2022
Volos NFC,,,,,,,,,,,,,,,,,,,,,,,,,,,,,Apollon Smyrni,,,,,,,,,,,,,,,,,,,,,,,,,,,,,616692,2022-01-19 13:00:00,2022
OFI Crete,,,,,,,,,,,,,,,,,,,,,,,,,,,,,Panetolikos,,,,,,,,,,,,,,,,,,,,,,,,,,,,,616670,2022-01-22 15:15:00,2022
Ionikos FC,,,,,,,,,,,,,,,,,,,,,,,,,,,,,Panathinaikos,,,,,,,,,,,,,,,,,,,,,,,,,,,,,616669,2022-01-22 17:30:00,2022
Aris,,,,,,,,,,,,,,,,,,,,,,,,,,,,,Lamia,,,,,,,,,,,,,,,,,,,,,,,,,,,,,616666,2022-01-23 13:00:00,2022
Volos NFC,,,,,,,,,,,,,,,,,,,,,,,,,,,,,PAOK,,,,,,,,,,,,,,,,,,,,,,,,,,,,,616667,2022-01-23 15:15:00,2022
Atromitos,,,,,,,,,,,,,,,,,,,,,,,,,,,,,AEK Athens,,,,,,,,,,,,,,,,,,,,,,,,,,,,,616664,2022-01-23 15:15:00,2022
Olympiacos,,,,,,,,,,,,,,,,,,,,,,,,,,,,,Pas Giannina,,,,,,,,,,,,,,,,,,,,,,,,,,,,,616668,2022-01-23 17:30:00,2022
Asteras Tripoli,,,,,,,,,,,,,,,,,,,,,,,,,,,,,Apollon Smyrni,,,,,,,,,,,,,,,,,,,,,,,,,,,,,616665,2022-01-24 17:30:00,2022
Lamia,,,,,,,,,,,,,,,,,,,,,,,,,,,,,OFI Crete,,,,,,,,,,,,,,,,,,,,,,,,,,,,,616661,2022-01-29 13:00:00,2022
Panathinaikos,,,,,,,,,,,,,,,,,,,,,,,,,,,,,Asteras Tripoli,,,,,,,,,,,,,,,,,,,,,,,,,,,,,616659,2022-01-29 13:00:00,2022
Ionikos FC,,,,,,,,,,,,,,,,,,,,,,,,,,,,,Atromitos,,,,,,,,,,,,,,,,,,,,,,,,,,,,,616660,2022-01-29 15:15:00,2022
Pas Giannina,,,,,,,,,,,,,,,,,,,,,,,,,,,,,Apollon Smyrni,,,,,,,,,,,,,,,,,,,,,,,,,,,,,616657,2022-01-30 13:00:00,2022
Panetolikos,,,,,,,,,,,,,,,,,,,,,,,,,,,,,Aris,,,,,,,,,,,,,,,,,,,,,,,,,,,,,616658,2022-01-30 13:00:00,2022
AEK Athens,,,,,,,,,,,,,,,,,,,,,,,,,,,,,Volos NFC,,,,,,,,,,,,,,,,,,,,,,,,,,,,,616663,2022-01-30 15:15:00,2022
PAOK,,,,,,,,,,,,,,,,,,,,,,,,,,,,,Olympiacos,,,,,,,,,,,,,,,,,,,,,,,,,,,,,616662,2022-01-30 17:30:00,2022
Asteras Tripoli,,,,,,,,,,,,,,,,,,,,,,,,,,,,,Pas Giannina,,,,,,,,,,,,,,,,,,,,,,,,,,,,,616654,2022-02-02 13:00:00,2022
Olympiacos,,,,,,,,,,,,,,,,,,,,,,,,,,,,,Panetolikos,,,,,,,,,,,,,,,,,,,,,,,,,,,,,616656,2022-02-02 15:15:00,2022
OFI Crete,,,,,,,,,,,,,,,,,,,,,,,,,,,,,Panathinaikos,,,,,,,,,,,,,,,,,,,,,,,,,,,,,616655,2022-02-02 15:15:00,2022
Volos NFC,,,,,,,,,,,,,,,,,,,,,,,,,,,,,Ionikos FC,,,,,,,,,,,,,,,,,,,,,,,,,,,,,616651,2022-02-02 17:30:00,2022
Aris,,,,,,,,,,,,,,,,,,,,,,,,,,,,,AEK Athens,,,,,,,,,,,,,,,,,,,,,,,,,,,,,616650,2022-02-02 17:30:00,2022
Apollon Smyrni,,,,,,,,,,,,,,,,,,,,,,,,,,,,,PAOK,,,,,,,,,,,,,,,,,,,,,,,,,,,,,616653,2022-02-02 19:30:00,2022
Aris,,,,,,,,,,,,,,,,,,,,,,,,,,,,,Volos NFC,,,,,,,,,,,,,,,,,,,,,,,,,,,,,616649,2022-02-05 17:30:00,2022
Panetolikos,,,,,,,,,,,,,,,,,,,,,,,,,,,,,Pas Giannina,,,,,,,,,,,,,,,,,,,,,,,,,,,,,616647,2022-02-05 17:30:00,2022
AEK Athens,,,,,,,,,,,,,,,,,,,,,,,,,,,,,Apollon Smyrni,,,,,,,,,,,,,,,,,,,,,,,,,,,,,616643,2022-02-06 13:00:00,2022
Ionikos FC,,,,,,,,,,,,,,,,,,,,,,,,,,,,,Olympiacos,,,,,,,,,,,,,,,,,,,,,,,,,,,,,616646,2022-02-06 15:15:00,2022
PAOK,,,,,,,,,,,,,,,,,,,,,,,,,,,,,Panathinaikos,,,,,,,,,,,,,,,,,,,,,,,,,,,,,616648,2022-02-06 17:30:00,2022
Atromitos,,,,,,,,,,,,,,,,,,,,,,,,,,,,,Lamia,,,,,,,,,,,,,,,,,,,,,,,,,,,,,616652,2022-02-10 15:15:00,2022
Asteras Tripoli,,,,,,,,,,,,,,,,,,,,,,,,,,,,,Ionikos FC,,,,,,,,,,,,,,,,,,,,,,,,,,,,,616639,2022-02-12 17:30:00,2022
Apollon Smyrni,,,,,,,,,,,,,,,,,,,,,,,,,,,,,Panetolikos,,,,,,,,,,,,,,,,,,,,,,,,,,,,,616641,2022-02-12 17:30:00,2022
OFI Crete,,,,,,,,,,,,,,,,,,,,,,,,,,,,,Volos NFC,,,,,,,,,,,,,,,,,,,,,,,,,,,,,616642,2022-02-13 13:00:00,2022
Panathinaikos,,,,,,,,,,,,,,,,,,,,,,,,,,,,,Lamia,,,,,,,,,,,,,,,,,,,,,,,,,,,,,616640,2022-02-13 13:30:00,2022
PAOK,,,,,,,,,,,,,,,,,,,,,,,,,,,,,Atromitos,,,,,,,,,,,,,,,,,,,,,,,,,,,,,616638,2022-02-13 15:15:00,2022
Olympiacos,,,,,,,,,,,,,,,,,,,,,,,,,,,,,AEK Athens,,,,,,,,,,,,,,,,,,,,,,,,,,,,,616636,2022-02-13 17:30:00,2022
Pas Giannina,,,,,,,,,,,,,,,,,,,,,,,,,,,,,Aris,,,,,,,,,,,,,,,,,,,,,,,,,,,,,616637,2022-02-14 17:30:00,2022
Panetolikos,,,,,,,,,,,,,,,,,,,,,,,,,,,,,Lamia,,,,,,,,,,,,,,,,,,,,,,,,,,,,,616681,2022-02-16 14:00:00,2022
Atromitos,,,,,,,,,,,,,,,,,,,,,,,,,,,,,OFI Crete,,,,,,,,,,,,,,,,,,,,,,,,,,,,,616645,2022-02-16 16:00:00,2022
Apollon Smyrni,,,,,,,,,,,,,,,,,,,,,,,,,,,,,Panathinaikos,,,,,,,,,,,,,,,,,,,,,,,,,,,,,616703,2022-02-16 16:30:00,2022
Ionikos FC,,,,,,,,,,,,,,,,,,,,,,,,,,,,,OFI Crete,,,,,,,,,,,,,,,,,,,,,,,,,,,,,616631,2022-02-19 15:15:00,2022
Panetolikos,,,,,,,,,,,,,,,,,,,,,,,,,,,,,Panathinaikos,,,,,,,,,,,,,,,,,,,,,,,,,,,,,616635,2022-02-19 17:30:00,2022
Atromitos,,,,,,,,,,,,,,,,,,,,,,,,,,,,,Asteras Tripoli,,,,,,,,,,,,,,,,,,,,,,,,,,,,,616630,2022-02-19 17:30:00,2022
Lamia,,,,,,,,,,,,,,,,,,,,,,,,,,,,,Apollon Smyrni,,,,,,,,,,,,,,,,,,,,,,,,,,,,,616629,2022-02-20 13:00:00,2022
Volos NFC,,,,,,,,,,,,,,,,,,,,,,,,,,,,,Olympiacos,,,,,,,,,,,,,,,,,,,,,,,,,,,,,616632,2022-02-20 15:15:00,2022
AEK Athens,,,,,,,,,,,,,,,,,,,,,,,,,,,,,Pas Giannina,,,,,,,,,,,,,,,,,,,,,,,,,,,,,616634,2022-02-20 17:30:00,2022
Aris,,,,,,,,,,,,,,,,,,,,,,,,,,,,,PAOK,,,,,,,,,,,,,,,,,,,,,,,,,,,,,616633,2022-02-20 17:30:00,2022
Lamia,,,,,,,,,,,,,,,,,,,,,,,,,,,,,Asteras Tripoli,,,,,,,,,,,,,,,,,,,,,,,,,,,,,616644,2022-02-23 15:30:00,2022
Aris,,,,,,,,,,,,,,,,,,,,,,,,,,,,,Atromitos,,,,,,,,,,,,,,,,,,,,,,,,,,,,,616680,2022-02-23 16:00:00,2022
Ionikos FC,,,,,,,,,,,,,,,,,,,,,,,,,,,,,Apollon Smyrni,,,,,,,,,,,,,,,,,,,,,,,,,,,,,616678,2022-02-23 17:30:00,2022
Asteras Tripoli,,,,,,,,,,,,,,,,,,,,,,,,,,,,,Aris,,,,,,,,,,,,,,,,,,,,,,,,,,,,,616623,2022-02-26 15:15:00,2022
Panetolikos,,,,,,,,,,,,,,,,,,,,,,,,,,,,,Volos NFC,,,,,,,,,,,,,,,,,,,,,,,,,,,,,616628,2022-02-26 17:30:00,2022
PAOK,,,,,,,,,,,,,,,,,,,,,,,,,,,,,Ionikos FC,,,,,,,,,,,,,,,,,,,,,,,,,,,,,616625,2022-02-27 15:15:00,2022
Olympiacos,,,,,,,,,,,,,,,,,,,,,,,,,,,,,OFI Crete,,,,,,,,,,,,,,,,,,,,,,,,,,,,,616627,2022-02-27 17:30:00,2022
Panathinaikos,,,,,,,,,,,,,,,,,,,,,,,,,,,,,AEK Athens,,,,,,,,,,,,,,,,,,,,,,,,,,,,,616622,2022-02-27 17:30:00,2022
Apollon Smyrni,,,,,,,,,,,,,,,,,,,,,,,,,,,,,Atromitos,,,,,,,,,,,,,,,,,,,,,,,,,,,,,616624,2022-02-28 17:30:00,2022
Pas Giannina,,,,,,,,,,,,,,,,,,,,,,,,,,,,,Lamia,,,,,,,,,,,,,,,,,,,,,,,,,,,,,616626,2022-02-28 17:30:00,2022
Olympiacos,,,,,,,,,,,,,,,,,,,,,,,,,,,,,Asteras Tripoli,,,,,,,,,,,,,,,,,,,,,,,,,,,,,616679,2022-03-02 17:00:00,2022
AEK Athens,,,,,,,,,,,,,,,,,,,,,,,,,,,,,PAOK,,,,,,,,,,,,,,,,,,,,,,,,,,,,,616682,2022-03-02 18:30:00,2022
Atromitos,,,,,,,,,,,,,,,,,,,,,,,,,,,,,Volos NFC,,,,,,,,,,,,,,,,,,,,,,,,,,,,,616691,2022-03-03 17:30:00,2022
Aris,,,,,,,,,,,,,,,,,,,,,,,,,,,,,Olympiacos,,,,,,,,,,,,,,,,,,,,,,,,,,,,,616617,2022-03-06 17:00:00,2022
OFI Crete,,,,,,,,,,,,,,,,,,,,,,,,,,,,,Apollon Smyrni,,,,,,,,,,,,,,,,,,,,,,,,,,,,,616615,2022-03-06 17:00:00,2022
Ionikos FC,,,,,,,,,,,,,,,,,,,,,,,,,,,,,Panetolikos,,,,,,,,,,,,,,,,,,,,,,,,,,,,,616621,2022-03-06 17:00:00,2022
Volos NFC,,,,,,,,,,,,,,,,,,,,,,,,,,,,,Pas Giannina,,,,,,,,,,,,,,,,,,,,,,,,,,,,,616619,2022-03-06 17:00:00,2022
Atromitos,,,,,,,,,,,,,,,,,,,,,,,,,,,,,Panathinaikos,,,,,,,,,,,,,,,,,,,,,,,,,,,,,616620,2022-03-06 17:00:00,2022
AEK Athens,,,,,,,,,,,,,,,,,,,,,,,,,,,,,Asteras Tripoli,,,,,,,,,,,,,,,,,,,,,,,,,,,,,616616,2022-03-06 17:00:00,2022
Lamia,,,,,,,,,,,,,,,,,,,,,,,,,,,,,PAOK,,,,,,,,,,,,,,,,,,,,,,,,,,,,,616618,2022-03-06 17:00:00,2022
Olympiacos,,,,,,,,,,,,,,,,,,,,,,,,,,,,,Aris,,,,,,,,,,,,,,,,,,,,,,,,,,,,,632923,2022-03-13 17:00:00,2022
Panathinaikos,,,,,,,,,,,,,,,,,,,,,,,,,,,,,AEK Athens,,,,,,,,,,,,,,,,,,,,,,,,,,,,,632924,2022-03-13 17:30:00,2022
PAOK,,,,,,,,,,,,,,,,,,,,,,,,,,,,,Pas Giannina,,,,,,,,,,,,,,,,,,,,,,,,,,,,,632925,2022-03-13 19:30:00,2022
OFI Crete,,,,,,,,,,,,,,,,,,,,,,,,,,,,,Ionikos FC,,,,,,,,,,,,,,,,,,,,,,,,,,,,,632927,2022-03-19 13:00:00,2022
Atromitos,,,,,,,,,,,,,,,,,,,,,,,,,,,,,Apollon Smyrni,,,,,,,,,,,,,,,,,,,,,,,,,,,,,632928,2022-03-19 15:15:00,2022
Volos NFC,,,,,,,,,,,,,,,,,,,,,,,,,,,,,Asteras Tripoli,,,,,,,,,,,,,,,,,,,,,,,,,,,,,632929,2022-03-19 15:15:00,2022
Panetolikos,,,,,,,,,,,,,,,,,,,,,,,,,,,,,Lamia,,,,,,,,,,,,,,,,,,,,,,,,,,,,,632926,2022-03-19 17:30:00,2022
Pas Giannina,,,,,,,,,,,,,,,,,,,,,,,,,,,,,Olympiacos,,,,,,,,,,,,,,,,,,,,,,,,,,,,,632934,2022-03-20 13:30:00,2022
Aris,,,,,,,,,,,,,,,,,,,,,,,,,,,,,Panathinaikos,,,,,,,,,,,,,,,,,,,,,,,,,,,,,632935,2022-03-20 17:00:00,2022
AEK Athens,,,,,,,,,,,,,,,,,,,,,,,,,,,,,PAOK,,,,,,,,,,,,,,,,,,,,,,,,,,,,,632936,2022-03-20 17:30:00,2022
Lamia,,,,,,,,,,,,,,,,,,,,,,,,,,,,,OFI Crete,,,,,,,,,,,,,,,,,,,,,,,,,,,,,633439,2022-04-02 13:00:00,2022
Asteras Tripoli,,,,,,,,,,,,,,,,,,,,,,,,,,,,,Atromitos,,,,,,,,,,,,,,,,,,,,,,,,,,,,,633440,2022-04-02 14:15:00,2022
Ionikos FC,,,,,,,,,,,,,,,,,,,,,,,,,,,,,Volos NFC,,,,,,,,,,,,,,,,,,,,,,,,,,,,,633441,2022-04-02 15:15:00,2022
Apollon Smyrni,,,,,,,,,,,,,,,,,,,,,,,,,,,,,Panetolikos,,,,,,,,,,,,,,,,,,,,,,,,,,,,,633442,2022-04-02 17:30:00,2022
Aris,,,,,,,,,,,,,,,,,,,,,,,,,,,,,Pas Giannina,,,,,,,,,,,,,,,,,,,,,,,,,,,,,633443,2022-04-03 14:00:00,2022
Panathinaikos,,,,,,,,,,,,,,,,,,,,,,,,,,,,,PAOK,,,,,,,,,,,,,,,,,,,,,,,,,,,,,633444,2022-04-03 16:00:00,2022
Olympiacos,,,,,,,,,,,,,,,,,,,,,,,,,,,,,AEK Athens,,,,,,,,,,,,,,,,,,,,,,,,,,,,,633445,2022-04-03 17:00:00,2022
Volos NFC,,,,,,,,,,,,,,,,,,,,,,,,,,,,,Lamia,,,,,,,,,,,,,,,,,,,,,,,,,,,,,633446,2022-04-09 13:00:00,2022
OFI Crete,,,,,,,,,,,,,,,,,,,,,,,,,,,,,Apollon Smyrni,,,,,,,,,,,,,,,,,,,,,,,,,,,,,633447,2022-04-09 15:15:00,2022
Asteras Tripoli,,,,,,,,,,,,,,,,,,,,,,,,,,,,,Ionikos FC,,,,,,,,,,,,,,,,,,,,,,,,,,,,,633448,2022-04-09 16:30:00,2022
Panetolikos,,,,,,,,,,,,,,,,,,,,,,,,,,,,,Atromitos,,,,,,,,,,,,,,,,,,,,,,,,,,,,,633449,2022-04-09 17:30:00,2022
Pas Giannina,,,,,,,,,,,,,,,,,,,,,,,,,,,,,Panathinaikos,,,,,,,,,,,,,,,,,,,,,,,,,,,,,633451,2022-04-10 16:00:00,2022
AEK Athens,,,,,,,,,,,,,,,,,,,,,,,,,,,,,Aris,,,,,,,,,,,,,,,,,,,,,,,,,,,,,633452,2022-04-10 16:30:00,2022
Apollon Smyrni,,,,,,,,,,,,,,,,,,,,,,,,,,,,,Volos NFC,,,,,,,,,,,,,,,,,,,,,,,,,,,,,633453,2022-04-16 13:00:00,2022
Panetolikos,,,,,,,,,,,,,,,,,,,,,,,,,,,,,Asteras Tripoli,,,,,,,,,,,,,,,,,,,,,,,,,,,,,633454,2022-04-16 16:30:00,2022
Atromitos,,,,,,,,,,,,,,,,,,,,,,,,,,,,,OFI Crete,,,,,,,,,,,,,,,,,,,,,,,,,,,,,633455,2022-04-17 12:30:00,2022
Lamia,,,,,,,,,,,,,,,,,,,,,,,,,,,,,Ionikos FC,,,,,,,,,,,,,,,,,,,,,,,,,,,,,633456,2022-04-17 14:15:00,2022
Aris,,,,,,,,,,,,,,,,,,,,,,,,,,,,,PAOK,,,,,,,,,,,,,,,,,,,,,,,,,,,,,633457,2022-04-17 16:30:00,2022
Panathinaikos,,,,,,,,,,,,,,,,,,,,,,,,,,,,,Olympiacos,,,,,,,,,,,,,,,,,,,,,,,,,,,,,633458,2022-04-17 18:30:00,2022
Pas Giannina,,,,,,,,,,,,,,,,,,,,,,,,,,,,,AEK Athens,,,,,,,,,,,,,,,,,,,,,,,,,,,,,633459,2022-04-18 15:00:00,2022
OFI Crete,,,,,,,,,,,,,,,,,,,,,,,,,,,,,Panetolikos,,,,,,,,,,,,,,,,,,,,,,,,,,,,,634434,2022-04-30 14:30:00,2022
Volos NFC,,,,,,,,,,,,,,,,,,,,,,,,,,,,,Atromitos,,,,,,,,,,,,,,,,,,,,,,,,,,,,,634435,2022-04-30 17:30:00,2022
Olympiacos,,,,,,,,,,,,,,,,,,,,,,,,,,,,,Pas Giannina,,,,,,,,,,,,,,,,,,,,,,,,,,,,,634436,2022-05-01 14:00:00,2022
Panathinaikos,,,,,,,,,,,,,,,,,,,,,,,,,,,,,Aris,,,,,,,,,,,,,,,,,,,,,,,,,,,,,634437,2022-05-01 16:00:00,2022
PAOK,,,,,,,,,,,,,,,,,,,,,,,,,,,,,AEK Athens,,,,,,,,,,,,,,,,,,,,,,,,,,,,,634438,2022-05-01 18:00:00,2022
Asteras Tripoli,,,,,,,,,,,,,,,,,,,,,,,,,,,,,Lamia,,,,,,,,,,,,,,,,,,,,,,,,,,,,,634439,2022-05-02 16:30:00,2022
Ionikos FC,,,,,,,,,,,,,,,,,,,,,,,,,,,,,Apollon Smyrni,,,,,,,,,,,,,,,,,,,,,,,,,,,,,634440,2022-05-02 16:30:00,2022
PAOK,,,,,,,,,,,,,,,,,,,,,,,,,,,,,Olympiacos,,,,,,,,,,,,,,,,,,,,,,,,,,,,,633450,2022-05-04 16:00:00,2022
Panetolikos,,,,,,,,,,,,,,,,,,,,,,,,,,,,,Volos NFC,,,,,,,,,,,,,,,,,,,,,,,,,,,,,634443,2022-05-07 16:30:00,2022
Apollon Smyrni,,,,,,,,,,,,,,,,,,,,,,,,,,,,,Lamia,,,,,,,,,,,,,,,,,,,,,,,,,,,,,634441,2022-05-07 16:30:00,2022
Atromitos,,,,,,,,,,,,,,,,,,,,,,,,,,,,,Ionikos FC,,,,,,,,,,,,,,,,,,,,,,,,,,,,,634442,2022-05-07 16:30:00,2022
OFI Crete,,,,,,,,,,,,,,,,,,,,,,,,,,,,,Asteras Tripoli,,,,,,,,,,,,,,,,,,,,,,,,,,,,,634444,2022-05-08 13:00:00,2022
Pas Giannina,,,,,,,,,,,,,,,,,,,,,,,,,,,,,PAOK,,,,,,,,,,,,,,,,,,,,,,,,,,,,,634445,2022-05-08 15:00:00,2022
AEK Athens,,,,,,,,,,,,,,,,,,,,,,,,,,,,,Panathinaikos,,,,,,,,,,,,,,,,,,,,,,,,,,,,,634446,2022-05-08 16:30:00,2022
Aris,,,,,,,,,,,,,,,,,,,,,,,,,,,,,Olympiacos,,,,,,,,,,,,,,,,,,,,,,,,,,,,,634447,2022-05-08 18:00:00,2022
PAOK,,,,,,,,,,,,,,,,,,,,,,,,,,,,,Aris,,,,,,,,,,,,,,,,,,,,,,,,,,,,,634448,2022-05-11 15:30:00,2022
AEK Athens,,,,,,,,,,,,,,,,,,,,,,,,,,,,,Pas Giannina,,,,,,,,,,,,,,,,,,,,,,,,,,,,,634449,2022-05-11 16:30:00,2022
Olympiacos,,,,,,,,,,,,,,,,,,,,,,,,,,,,,Panathinaikos,,,,,,,,,,,,,,,,,,,,,,,,,,,,,634450,2022-05-11 18:00:00,2022
Volos NFC,,,,,,,,,,,,,,,,,,,,,,,,,,,,,OFI Crete,,,,,,,,,,,,,,,,,,,,,,,,,,,,,634451,2022-05-14 14:00:00,2022
Aris,,,,,,,,,,,,,,,,,,,,,,,,,,,,,AEK Athens,,,,,,,,,,,,,,,,,,,,,,,,,,,,,634452,2022-05-14 17:00:00,2022
Olympiacos,,,,,,,,,,,,,,,,,,,,,,,,,,,,,PAOK,,,,,,,,,,,,,,,,,,,,,,,,,,,,,634453,2022-05-14 17:00:00,2022
Panathinaikos,,,,,,,,,,,,,,,,,,,,,,,,,,,,,Pas Giannina,,,,,,,,,,,,,,,,,,,,,,,,,,,,,634454,2022-05-14 17:00:00,2022
Lamia,,,,,,,,,,,,,,,,,,,,,,,,,,,,,Atromitos,,,,,,,,,,,,,,,,,,,,,,,,,,,,,634456,2022-05-15 16:30:00,2022
Ionikos FC,,,,,,,,,,,,,,,,,,,,,,,,,,,,,Panetolikos,,,,,,,,,,,,,,,,,,,,,,,,,,,,,634457,2022-05-15 16:30:00,2022
Asteras Tripoli,,,,,,,,,,,,,,,,,,,,,,,,,,,,,Apollon Smyrni,,,,,,,,,,,,,,,,,,,,,,,,,,,,,634455,2022-05-15 16:30:00,2022
PAOK,,,,,,,,,,,,,,,,,,,,,,,,,,,,,Panathinaikos,,,,,,,,,,,,,,,,,,,,,,,,,,,,,634458,2022-05-17 17:00:00,2022
Pas Giannina,,,,,,,,,,,,,,,,,,,,,,,,,,,,,Aris,,,,,,,,,,,,,,,,,,,,,,,,,,,,,634460,2022-05-17 17:00:00,2022
AEK Athens,,,,,,,,,,,,,,,,,,,,,,,,,,,,,Olympiacos,,,,,,,,,,,,,,,,,,,,,,,,,,,,,634459,2022-05-17 17:00:00,2022
Volos NFC,,,,,,,,,,,,,,,,,,,,,,,,,,,,,Asteras Tripoli,,,,,,,,,,,,,,,,,,,,,,,,,,,,,650230,2022-08-19 18:30:00,2022
Atromitos,,,,,,,,,,,,,,,,,,,,,,,,,,,,,OFI Crete,,,,,,,,,,,,,,,,,,,,,,,,,,,,,650225,2022-08-20 17:00:00,2022
Lamia,,,,,,,,,,,,,,,,,,,,,,,,,,,,,AEK Athens,,,,,,,,,,,,,,,,,,,,,,,,,,,,,650226,2022-08-20 18:30:00,2022
PAOK,,,,,,,,,,,,,,,,,,,,,,,,,,,,,Panetolikos,,,,,,,,,,,,,,,,,,,,,,,,,,,,,650228,2022-08-20 18:45:00,2022
Panathinaikos,,,,,,,,,,,,,,,,,,,,,,,,,,,,,Ionikos FC,,,,,,,,,,,,,,,,,,,,,,,,,,,,,650229,2022-08-21 17:00:00,2022
Aris,,,,,,,,,,,,,,,,,,,,,,,,,,,,,Levadiakos,,,,,,,,,,,,,,,,,,,,,,,,,,,,,650224,2022-08-21 17:30:00,2022
Olympiacos,,,,,,,,,,,,,,,,,,,,,,,,,,,,,Pas Giannina,,,,,,,,,,,,,,,,,,,,,,,,,,,,,650227,2022-08-21 19:00:00,2022
Ionikos FC,,,,,,,,,,,,,,,,,,,,,,,,,,,,,Levadiakos,,,,,,,,,,,,,,,,,,,,,,,,,,,,,650233,2022-08-26 18:30:00,2022
Pas Giannina,,,,,,,,,,,,,,,,,,,,,,,,,,,,,Lamia,,,,,,,,,,,,,,,,,,,,,,,,,,,,,650236,2022-08-27 17:00:00,2022
AEK Athens,,,,,,,,,,,,,,,,,,,,,,,,,,,,,Volos NFC,,,,,,,,,,,,,,,,,,,,,,,,,,,,,650231,2022-08-27 18:30:00,2022
Panetolikos,,,,,,,,,,,,,,,,,,,,,,,,,,,,,Aris,,,,,,,,,,,,,,,,,,,,,,,,,,,,,650237,2022-08-28 16:00:00,2022
OFI Crete,,,,,,,,,,,,,,,,,,,,,,,,,,,,,Panathinaikos,,,,,,,,,,,,,,,,,,,,,,,,,,,,,650234,2022-08-28 18:00:00,2022
PAOK,,,,,,,,,,,,,,,,,,,,,,,,,,,,,Atromitos,,,,,,,,,,,,,,,,,,,,,,,,,,,,,650235,2022-08-28 18:45:00,2022
Asteras Tripoli,,,,,,,,,,,,,,,,,,,,,,,,,,,,,Olympiacos,,,,,,,,,,,,,,,,,,,,,,,,,,,,,650232,2022-08-29 16:00:00,2022
Lamia,,,,,,,,,,,,,,,,,,,,,,,,,,,,,Asteras Tripoli,,,,,,,,,,,,,,,,,,,,,,,,,,,,,650240,2022-09-03 14:45:00,2022
Olympiacos,,,,,,,,,,,,,,,,,,,,,,,,,,,,,Ionikos FC,,,,,,,,,,,,,,,,,,,,,,,,,,,,,650238,2022-09-03 16:00:00,2022
Panathinaikos,,,,,,,,,,,,,,,,,,,,,,,,,,,,,Levadiakos,,,,,,,,,,,,,,,,,,,,,,,,,,,,,650332,2022-09-03 17:30:00,2022
Atromitos,,,,,,,,,,,,,,,,,,,,,,,,,,,,,Panetolikos,,,,,,,,,,,,,,,,,,,,,,,,,,,,,650243,2022-09-04 15:30:00,2022
Volos NFC,,,,,,,,,,,,,,,,,,,,,,,,,,,,,OFI Crete,,,,,,,,,,,,,,,,,,,,,,,,,,,,,650244,2022-09-04 16:00:00,2022
AEK Athens,,,,,,,,,,,,,,,,,,,,,,,,,,,,,Pas Giannina,,,,,,,,,,,,,,,,,,,,,,,,,,,,,650241,2022-09-04 18:30:00,2022
Aris,,,,,,,,,,,,,,,,,,,,,,,,,,,,,PAOK,,,,,,,,,,,,,,,,,,,,,,,,,,,,,650242,2022-09-04 18:30:00,2022
OFI Crete,,,,,,,,,,,,,,,,,,,,,,,,,,,,,Panetolikos,,,,,,,,,,,,,,,,,,,,,,,,,,,,,650250,2022-09-10 15:30:00,2022
Pas Giannina,,,,,,,,,,,,,,,,,,,,,,,,,,,,,Levadiakos,,,,,,,,,,,,,,,,,,,,,,,,,,,,,650245,2022-09-10 16:15:00,2022
Ionikos FC,,,,,,,,,,,,,,,,,,,,,,,,,,,,,Atromitos,,,,,,,,,,,,,,,,,,,,,,,,,,,,,650249,2022-09-10 18:30:00,2022
Olympiacos,,,,,,,,,,,,,,,,,,,,,,,,,,,,,Volos NFC,,,,,,,,,,,,,,,,,,,,,,,,,,,,,650247,2022-09-11 15:30:00,2022
Panathinaikos,,,,,,,,,,,,,,,,,,,,,,,,,,,,,AEK Athens,,,,,,,,,,,,,,,,,,,,,,,,,,,,,650246,2022-09-11 18:30:00,2022
Asteras Tripoli,,,,,,,,,,,,,,,,,,,,,,,,,,,,,Aris,,,,,,,,,,,,,,,,,,,,,,,,,,,,,650248,2022-09-11 18:30:00,2022
PAOK,,,,,,,,,,,,,,,,,,,,,,,,,,,,,Lamia,,,,,,,,,,,,,,,,,,,,,,,,,,,,,650251,2022-09-12 16:00:00,2022
Panetolikos,,,,,,,,,,,,,,,,,,,,,,,,,,,,,AEK Athens,,,,,,,,,,,,,,,,,,,,,,,,,,,,,650255,2022-09-17 17:00:00,2022
Atromitos,,,,,,,,,,,,,,,,,,,,,,,,,,,,,Lamia,,,,,,,,,,,,,,,,,,,,,,,,,,,,,650253,2022-09-17 17:00:00,2022
Panathinaikos,,,,,,,,,,,,,,,,,,,,,,,,,,,,,Pas Giannina,,,,,,,,,,,,,,,,,,,,,,,,,,,,,650256,2022-09-17 18:30:00,2022
Levadiakos,,,,,,,,,,,,,,,,,,,,,,,,,,,,,Asteras Tripoli,,,,,,,,,,,,,,,,,,,,,,,,,,,,,650254,2022-09-18 15:00:00,2022
OFI Crete,,,,,,,,,,,,,,,,,,,,,,,,,,,,,PAOK,,,,,,,,,,,,,,,,,,,,,,,,,,,,,650257,2022-09-18 16:00:00,2022
Aris,,,,,,,,,,,,,,,,,,,,,,,,,,,,,Olympiacos,,,,,,,,,,,,,,,,,,,,,,,,,,,,,650252,2022-09-18 17:00:00,2022
Volos NFC,,,,,,,,,,,,,,,,,,,,,,,,,,,,,Ionikos FC,,,,,,,,,,,,,,,,,,,,,,,,,,,,,650258,2022-09-18 18:00:00,2022
Lamia,,,,,,,,,,,,,,,,,,,,,,,,,,,,,Levadiakos,,,,,,,,,,,,,,,,,,,,,,,,,,,,,650259,2022-10-01 16:30:00,2022
Asteras Tripoli,,,,,,,,,,,,,,,,,,,,,,,,,,,,,OFI Crete,,,,,,,,,,,,,,,,,,,,,,,,,,,,,650260,2022-10-02 12:00:00,2022
Olympiacos,,,,,,,,,,,,,,,,,,,,,,,,,,,,,Atromitos,,,,,,,,,,,,,,,,,,,,,,,,,,,,,650262,2022-10-02 13:00:00,2022
Volos NFC,,,,,,,,,,,,,,,,,,,,,,,,,,,,,Aris,,,,,,,,,,,,,,,,,,,,,,,,,,,,,650265,2022-10-02 16:30:00,2022
PAOK,,,,,,,,,,,,,,,,,,,,,,,,,,,,,Panathinaikos,,,,,,,,,,,,,,,,,,,,,,,,,,,,,650263,2022-10-02 18:30:00,2022
Pas Giannina,,,,,,,,,,,,,,,,,,,,,,,,,,,,,Panetolikos,,,,,,,,,,,,,,,,,,,,,,,,,,,,,650264,2022-10-03 15:00:00,2022
AEK Athens,,,,,,,,,,,,,,,,,,,,,,,,,,,,,Ionikos FC,,,,,,,,,,,,,,,,,,,,,,,,,,,,,650261,2022-10-03 17:00:00,2022
Panetolikos,,,,,,,,,,,,,,,,,,,,,,,,,,,,,Volos NFC,,,,,,,,,,,,,,,,,,,,,,,,,,,,,650272,2022-10-08 14:00:00,2022
Ionikos FC,,,,,,,,,,,,,,,,,,,,,,,,,,,,,Lamia,,,,,,,,,,,,,,,,,,,,,,,,,,,,,650269,2022-10-08 16:30:00,2022
OFI Crete,,,,,,,,,,,,,,,,,,,,,,,,,,,,,Olympiacos,,,,,,,,,,,,,,,,,,,,,,,,,,,,,650267,2022-10-09 13:00:00,2022
Levadiakos,,,,,,,,,,,,,,,,,,,,,,,,,,,,,PAOK,,,,,,,,,,,,,,,,,,,,,,,,,,,,,650268,2022-10-09 13:30:00,2022
Panathinaikos,,,,,,,,,,,,,,,,,,,,,,,,,,,,,Asteras Tripoli,,,,,,,,,,,,,,,,,,,,,,,,,,,,,650266,2022-10-09 16:30:00,2022
Aris,,,,,,,,,,,,,,,,,,,,,,,,,,,,,AEK Athens,,,,,,,,,,,,,,,,,,,,,,,,,,,,,650271,2022-10-09 18:15:00,2022
Atromitos,,,,,,,,,,,,,,,,,,,,,,,,,,,,,Pas Giannina,,,,,,,,,,,,,,,,,,,,,,,,,,,,,650270,2022-10-10 15:00:00,2022
Volos NFC,,,,,,,,,,,,,,,,,,,,,,,,,,,,,Levadiakos,,,,,,,,,,,,,,,,,,,,,,,,,,,,,650274,2022-10-15 14:00:00,2022
Aris,,,,,,,,,,,,,,,,,,,,,,,,,,,,,Ionikos FC,,,,,,,,,,,,,,,,,,,,,,,,,,,,,650277,2022-10-15 17:30:00,2022
AEK Athens,,,,,,,,,,,,,,,,,,,,,,,,,,,,,Atromitos,,,,,,,,,,,,,,,,,,,,,,,,,,,,,650276,2022-10-16 13:00:00,2022
Pas Giannina,,,,,,,,,,,,,,,,,,,,,,,,,,,,,OFI Crete,,,,,,,,,,,,,,,,,,,,,,,,,,,,,650273,2022-10-16 15:00:00,2022
Lamia,,,,,,,,,,,,,,,,,,,,,,,,,,,,,Panathinaikos,,,,,,,,,,,,,,,,,,,,,,,,,,,,,650275,2022-10-16 16:30:00,2022
Asteras Tripoli,,,,,,,,,,,,,,,,,,,,,,,,,,,,,Panetolikos,,,,,,,,,,,,,,,,,,,,,,,,,,,,,650278,2022-10-16 17:30:00,2022
Olympiacos,,,,,,,,,,,,,,,,,,,,,,,,,,,,,PAOK,,,,,,,,,,,,,,,,,,,,,,,,,,,,,650279,2022-10-17 17:00:00,2022
Atromitos,,,,,,,,,,,,,,,,,,,,,,,,,,,,,Volos NFC,,,,,,,,,,,,,,,,,,,,,,,,,,,,,650280,2022-10-22 16:00:00,2022
Panetolikos,,,,,,,,,,,,,,,,,,,,,,,,,,,,,Olympiacos,,,,,,,,,,,,,,,,,,,,,,,,,,,,,650286,2022-10-22 16:30:00,2022
Ionikos FC,,,,,,,,,,,,,,,,,,,,,,,,,,,,,Pas Giannina,,,,,,,,,,,,,,,,,,,,,,,,,,,,,650281,2022-10-23 13:00:00,2022
Panathinaikos,,,,,,,,,,,,,,,,,,,,,,,,,,,,,Aris,,,,,,,,,,,,,,,,,,,,,,,,,,,,,650285,2022-10-23 16:30:00,2022
PAOK,,,,,,,,,,,,,,,,,,,,,,,,,,,,,Asteras Tripoli,,,,,,,,,,,,,,,,,,,,,,,,,,,,,650284,2022-10-23 16:30:00,2022
Levadiakos,,,,,,,,,,,,,,,,,,,,,,,,,,,,,AEK Athens,,,,,,,,,,,,,,,,,,,,,,,,,,,,,650282,2022-10-24 15:00:00,2022
OFI Crete,,,,,,,,,,,,,,,,,,,,,,,,,,,,,Lamia,,,,,,,,,,,,,,,,,,,,,,,,,,,,,650283,2022-10-24 17:00:00,2022
Ionikos FC,,,,,,,,,,,,,,,,,,,,,,,,,,,,,Panetolikos,,,,,,,,,,,,,,,,,,,,,,,,,,,,,650289,2022-10-29 14:00:00,2022
Volos NFC,,,,,,,,,,,,,,,,,,,,,,,,,,,,,Panathinaikos,,,,,,,,,,,,,,,,,,,,,,,,,,,,,650293,2022-10-29 16:30:00,2022
Olympiacos,,,,,,,,,,,,,,,,,,,,,,,,,,,,,Lamia,,,,,,,,,,,,,,,,,,,,,,,,,,,,,650291,2022-10-30 14:00:00,2022
Levadiakos,,,,,,,,,,,,,,,,,,,,,,,,,,,,,Atromitos,,,,,,,,,,,,,,,,,,,,,,,,,,,,,650292,2022-10-30 14:30:00,2022
AEK Athens,,,,,,,,,,,,,,,,,,,,,,,,,,,,,PAOK,,,,,,,,,,,,,,,,,,,,,,,,,,,,,650287,2022-10-30 17:30:00,2022
Aris,,,,,,,,,,,,,,,,,,,,,,,,,,,,,OFI Crete,,,,,,,,,,,,,,,,,,,,,,,,,,,,,650288,2022-10-30 18:30:00,2022
Pas Giannina,,,,,,,,,,,,,,,,,,,,,,,,,,,,,Asteras Tripoli,,,,,,,,,,,,,,,,,,,,,,,,,,,,,650290,2022-10-31 16:00:00,2022
Lamia,,,,,,,,,,,,,,,,,,,,,,,,,,,,,Volos NFC,,,,,,,,,,,,,,,,,,,,,,,,,,,,,650296,2022-11-05 13:45:00,2022
OFI Crete,,,,,,,,,,,,,,,,,,,,,,,,,,,,,Ionikos FC,,,,,,,,,,,,,,,,,,,,,,,,,,,,,650297,2022-11-05 16:30:00,2022
Atromitos,,,,,,,,,,,,,,,,,,,,,,,,,,,,,Aris,,,,,,,,,,,,,,,,,,,,,,,,,,,,,650295,2022-11-05 17:00:00,2022
PAOK,,,,,,,,,,,,,,,,,,,,,,,,,,,,,Pas Giannina,,,,,,,,,,,,,,,,,,,,,,,,,,,,,650298,2022-11-05 19:00:00,2022
Panetolikos,,,,,,,,,,,,,,,,,,,,,,,,,,,,,Levadiakos,,,,,,,,,,,,,,,,,,,,,,,,,,,,,650300,2022-11-06 14:00:00,2022
Panathinaikos,,,,,,,,,,,,,,,,,,,,,,,,,,,,,Olympiacos,,,,,,,,,,,,,,,,,,,,,,,,,,,,,650299,2022-11-06 17:30:00,2022
Asteras Tripoli,,,,,,,,,,,,,,,,,,,,,,,,,,,,,AEK Athens,,,,,,,,,,,,,,,,,,,,,,,,,,,,,650294,2022-11-06 18:30:00,2022
Aris,,,,,,,,,,,,,,,,,,,,,,,,,,,,,Lamia,,,,,,,,,,,,,,,,,,,,,,,,,,,,,650302,2022-11-08 18:00:00,2022
Panetolikos,,,,,,,,,,,,,,,,,,,,,,,,,,,,,Panathinaikos,,,,,,,,,,,,,,,,,,,,,,,,,,,,,650306,2022-11-09 15:00:00,2022
Atromitos,,,,,,,,,,,,,,,,,,,,,,,,,,,,,Asteras Tripoli,,,,,,,,,,,,,,,,,,,,,,,,,,,,,650303,2022-11-09 16:00:00,2022
AEK Athens,,,,,,,,,,,,,,,,,,,,,,,,,,,,,OFI Crete,,,,,,,,,,,,,,,,,,,,,,,,,,,,,650301,2022-11-09 18:00:00,2022
Levadiakos,,,,,,,,,,,,,,,,,,,,,,,,,,,,,Olympiacos,,,,,,,,,,,,,,,,,,,,,,,,,,,,,650305,2022-11-09 18:00:00,2022
Volos NFC,,,,,,,,,,,,,,,,,,,,,,,,,,,,,Pas Giannina,,,,,,,,,,,,,,,,,,,,,,,,,,,,,650307,2022-11-10 17:00:00,2022
Ionikos FC,,,,,,,,,,,,,,,,,,,,,,,,,,,,,PAOK,,,,,,,,,,,,,,,,,,,,,,,,,,,,,650304,2022-11-10 19:30:00,2022
Pas Giannina,,,,,,,,,,,,,,,,,,,,,,,,,,,,,Aris,,,,,,,,,,,,,,,,,,,,,,,,,,,,,650313,2022-11-13 14:00:00,2022
Panathinaikos,,,,,,,,,,,,,,,,,,,,,,,,,,,,,Atromitos,,,,,,,,,,,,,,,,,,,,,,,,,,,,,650314,2022-11-13 15:15:00,2022
Lamia,,,,,,,,,,,,,,,,,,,,,,,,,,,,,Panetolikos,,,,,,,,,,,,,,,,,,,,,,,,,,,,,650309,2022-11-13 16:00:00,2022
Olympiacos,,,,,,,,,,,,,,,,,,,,,,,,,,,,,AEK Athens,,,,,,,,,,,,,,,,,,,,,,,,,,,,,650311,2022-11-13 17:30:00,2022
PAOK,,,,,,,,,,,,,,,,,,,,,,,,,,,,,Volos NFC,,,,,,,,,,,,,,,,,,,,,,,,,,,,,650312,2022-11-13 19:30:00,2022
Asteras Tripoli,,,,,,,,,,,,,,,,,,,,,,,,,,,,,Ionikos FC,,,,,,,,,,,,,,,,,,,,,,,,,,,,,650308,2022-11-14 16:00:00,2022
OFI Crete,,,,,,,,,,,,,,,,,,,,,,,,,,,,,Levadiakos,,,,,,,,,,,,,,,,,,,,,,,,,,,,,650310,2022-11-14 17:30:00,2022
Levadiakos,,,,,,,,,,,,,,,,,,,,,,,,,,,,,Aris,,,,,,,,,,,,,,,,,,,,,,,,,,,,,650318,2022-12-21 13:00:00,2022
AEK Athens,,,,,,,,,,,,,,,,,,,,,,,,,,,,,Lamia,,,,,,,,,,,,,,,,,,,,,,,,,,,,,650315,2022-12-21 15:00:00,2022
Asteras Tripoli,,,,,,,,,,,,,,,,,,,,,,,,,,,,,Volos NFC,,,,,,,,,,,,,,,,,,,,,,,,,,,,,650316,2022-12-21 15:00:00,2022
Pas Giannina,,,,,,,,,,,,,,,,,,,,,,,,,,,,,Olympiacos,,,,,,,,,,,,,,,,,,,,,,,,,,,,,650320,2022-12-21 18:00:00,2022
Ionikos FC,,,,,,,,,,,,,,,,,,,,,,,,,,,,,Panathinaikos,,,,,,,,,,,,,,,,,,,,,,,,,,,,,650317,2022-12-21 19:30:00,2022
OFI Crete,,,,,,,,,,,,,,,,,,,,,,,,,,,,,Atromitos,,,,,,,,,,,,,,,,,,,,,,,,,,,,,650319,2022-12-22 15:00:00,2022
Panetolikos,,,,,,,,,,,,,,,,,,,,,,,,,,,,,PAOK,,,,,,,,,,,,,,,,,,,,,,,,,,,,,650321,2022-12-22 17:30:00,2022
Levadiakos,,,,,,,,,,,,,,,,,,,,,,,,,,,,,Ionikos FC,,,,,,,,,,,,,,,,,,,,,,,,,,,,,650325,2022-12-28 15:00:00,2022
Olympiacos,,,,,,,,,,,,,,,,,,,,,,,,,,,,,Asteras Tripoli,,,,,,,,,,,,,,,,,,,,,,,,,,,,,650326,2022-12-28 16:00:00,2022
Volos NFC,,,,,,,,,,,,,,,,,,,,,,,,,,,,,AEK Athens,,,,,,,,,,,,,,,,,,,,,,,,,,,,,650328,2022-12-28 17:30:00,2022
Atromitos,,,,,,,,,,,,,,,,,,,,,,,,,,,,,PAOK,,,,,,,,,,,,,,,,,,,,,,,,,,,,,650323,2022-12-28 18:00:00,2022
Panathinaikos,,,,,,,,,,,,,,,,,,,,,,,,,,,,,OFI Crete,,,,,,,,,,,,,,,,,,,,,,,,,,,,,650327,2022-12-28 19:30:00,2022
Aris,,,,,,,,,,,,,,,,,,,,,,,,,,,,,Panetolikos,,,,,,,,,,,,,,,,,,,,,,,,,,,,,650322,2022-12-29 16:00:00,2022
Lamia,,,,,,,,,,,,,,,,,,,,,,,,,,,,,Pas Giannina,,,,,,,,,,,,,,,,,,,,,,,,,,,,,650324,2022-12-29 16:30:00,2022
OFI Crete,,,,,,,,,,,,,,,,,,,,,,,,,,,,,Volos NFC,,,,,,,,,,,,,,,,,,,,,,,,,,,,,650329,2023-01-03 14:30:00,2023
Levadiakos,,,,,,,,,,,,,,,,,,,,,,,,,,,,,Panathinaikos,,,,,,,,,,,,,,,,,,,,,,,,,,,,,650239,2023-01-03 15:00:00,2023
Pas Giannina,,,,,,,,,,,,,,,,,,,,,,,,,,,,,AEK Athens,,,,,,,,,,,,,,,,,,,,,,,,,,,,,650333,2023-01-03 18:00:00,2023
Ionikos FC,,,,,,,,,,,,,,,,,,,,,,,,,,,,,Olympiacos,,,,,,,,,,,,,,,,,,,,,,,,,,,,,650330,2023-01-03 19:30:00,2023
Asteras Tripoli,,,,,,,,,,,,,,,,,,,,,,,,,,,,,Lamia,,,,,,,,,,,,,,,,,,,,,,,,,,,,,650331,2023-01-04 15:00:00,2023
Panetolikos,,,,,,,,,,,,,,,,,,,,,,,,,,,,,Atromitos,,,,,,,,,,,,,,,,,,,,,,,,,,,,,650335,2023-01-04 16:00:00,2023
PAOK,,,,,,,,,,,,,,,,,,,,,,,,,,,,,Aris,,,,,,,,,,,,,,,,,,,,,,,,,,,,,650334,2023-01-04 18:00:00,2023
Levadiakos,,,,,,,,,,,,,,,,,,,,,,,,,,,,,Pas Giannina,,,,,,,,,,,,,,,,,,,,,,,,,,,,,650340,2023-01-07 15:30:00,2023
Lamia,,,,,,,,,,,,,,,,,,,,,,,,,,,,,PAOK,,,,,,,,,,,,,,,,,,,,,,,,,,,,,650339,2023-01-07 17:30:00,2023
Volos NFC,,,,,,,,,,,,,,,,,,,,,,,,,,,,,Olympiacos,,,,,,,,,,,,,,,,,,,,,,,,,,,,,650342,2023-01-08 14:00:00,2023
Atromitos,,,,,,,,,,,,,,,,,,,,,,,,,,,,,Ionikos FC,,,,,,,,,,,,,,,,,,,,,,,,,,,,,650338,2023-01-08 15:00:00,2023
Aris,,,,,,,,,,,,,,,,,,,,,,,,,,,,,Asteras Tripoli,,,,,,,,,,,,,,,,,,,,,,,,,,,,,650337,2023-01-08 17:00:00,2023
AEK Athens,,,,,,,,,,,,,,,,,,,,,,,,,,,,,Panathinaikos,,,,,,,,,,,,,,,,,,,,,,,,,,,,,650336,2023-01-08 17:30:00,2023
Panetolikos,,,,,,,,,,,,,,,,,,,,,,,,,,,,,OFI Crete,,,,,,,,,,,,,,,,,,,,,,,,,,,,,650341,2023-01-09 15:00:00,2023
Lamia,,,,,,,,,,,,,,,,,,,,,,,,,,,,,Atromitos,,,,,,,,,,,,,,,,,,,,,,,,,,,,,650346,2023-01-14 15:00:00,2023
PAOK,,,,,,,,,,,,,,,,,,,,,,,,,,,,,OFI Crete,,,,,,,,,,,,,,,,,,,,,,,,,,,,,650348,2023-01-14 18:00:00,2023
AEK Athens,,,,,,,,,,,,,,,,,,,,,,,,,,,,,Panetolikos,,,,,,,,,,,,,,,,,,,,,,,,,,,,,650343,2023-01-15 14:00:00,2023
Asteras Tripoli,,,,,,,,,,,,,,,,,,,,,,,,,,,,,Levadiakos,,,,,,,,,,,,,,,,,,,,,,,,,,,,,650344,2023-01-15 15:00:00,2023
Olympiacos,,,,,,,,,,,,,,,,,,,,,,,,,,,,,Aris,,,,,,,,,,,,,,,,,,,,,,,,,,,,,650347,2023-01-15 17:30:00,2023
Pas Giannina,,,,,,,,,,,,,,,,,,,,,,,,,,,,,Panathinaikos,,,,,,,,,,,,,,,,,,,,,,,,,,,,,650349,2023-01-15 18:30:00,2023
Ionikos FC,,,,,,,,,,,,,,,,,,,,,,,,,,,,,Volos NFC,,,,,,,,,,,,,,,,,,,,,,,,,,,,,650345,2023-01-16 17:30:00,2023
Panetolikos,,,,,,,,,,,,,,,,,,,,,,,,,,,,,Pas Giannina,,,,,,,,,,,,,,,,,,,,,,,,,,,,,650356,2023-01-20 18:30:00,2023
OFI Crete,,,,,,,,,,,,,,,,,,,,,,,,,,,,,Asteras Tripoli,,,,,,,,,,,,,,,,,,,,,,,,,,,,,650354,2023-01-21 15:00:00,2023
Aris,,,,,,,,,,,,,,,,,,,,,,,,,,,,,Volos NFC,,,,,,,,,,,,,,,,,,,,,,,,,,,,,650350,2023-01-21 18:00:00,2023
Ionikos FC,,,,,,,,,,,,,,,,,,,,,,,,,,,,,AEK Athens,,,,,,,,,,,,,,,,,,,,,,,,,,,,,650352,2023-01-22 14:00:00,2023
Levadiakos,,,,,,,,,,,,,,,,,,,,,,,,,,,,,Lamia,,,,,,,,,,,,,,,,,,,,,,,,,,,,,650353,2023-01-22 15:00:00,2023
Panathinaikos,,,,,,,,,,,,,,,,,,,,,,,,,,,,,PAOK,,,,,,,,,,,,,,,,,,,,,,,,,,,,,650355,2023-01-22 17:30:00,2023
Atromitos,,,,,,,,,,,,,,,,,,,,,,,,,,,,,Olympiacos,,,,,,,,,,,,,,,,,,,,,,,,,,,,,650351,2023-01-22 18:30:00,2023
Volos NFC,,,,,,,,,,,,,,,,,,,,,,,,,,,,,Panetolikos,,,,,,,,,,,,,,,,,,,,,,,,,,,,,650363,2023-01-28 17:30:00,2023
Pas Giannina,,,,,,,,,,,,,,,,,,,,,,,,,,,,,Atromitos,,,,,,,,,,,,,,,,,,,,,,,,,,,,,650362,2023-01-28 18:00:00,2023
Olympiacos,,,,,,,,,,,,,,,,,,,,,,,,,,,,,OFI Crete,,,,,,,,,,,,,,,,,,,,,,,,,,,,,650360,2023-01-29 14:00:00,2023
AEK Athens,,,,,,,,,,,,,,,,,,,,,,,,,,,,,Aris,,,,,,,,,,,,,,,,,,,,,,,,,,,,,650357,2023-01-29 17:30:00,2023
PAOK,,,,,,,,,,,,,,,,,,,,,,,,,,,,,Levadiakos,,,,,,,,,,,,,,,,,,,,,,,,,,,,,650361,2023-01-30 16:00:00,2023
Lamia,,,,,,,,,,,,,,,,,,,,,,,,,,,,,Ionikos FC,,,,,,,,,,,,,,,,,,,,,,,,,,,,,650359,2023-01-30 17:30:00,2023
Asteras Tripoli,,,,,,,,,,,,,,,,,,,,,,,,,,,,,Panathinaikos,,,,,,,,,,,,,,,,,,,,,,,,,,,,,650358,2023-01-30 19:00:00,2023
OFI Crete,,,,,,,,,,,,,,,,,,,,,,,,,,,,,Pas Giannina,,,,,,,,,,,,,,,,,,,,,,,,,,,,,650367,2023-02-04 15:00:00,2023
Ionikos FC,,,,,,,,,,,,,,,,,,,,,,,,,,,,,Aris,,,,,,,,,,,,,,,,,,,,,,,,,,,,,650365,2023-02-04 17:00:00,2023
Panathinaikos,,,,,,,,,,,,,,,,,,,,,,,,,,,,,Lamia,,,,,,,,,,,,,,,,,,,,,,,,,,,,,650369,2023-02-05 15:00:00,2023
Panetolikos,,,,,,,,,,,,,,,,,,,,,,,,,,,,,Asteras Tripoli,,,,,,,,,,,,,,,,,,,,,,,,,,,,,650370,2023-02-05 18:00:00,2023
PAOK,,,,,,,,,,,,,,,,,,,,,,,,,,,,,Olympiacos,,,,,,,,,,,,,,,,,,,,,,,,,,,,,650368,2023-02-05 18:30:00,2023
Levadiakos,,,,,,,,,,,,,,,,,,,,,,,,,,,,,Volos NFC,,,,,,,,,,,,,,,,,,,,,,,,,,,,,650366,2023-02-06 14:00:00,2023
Pas Giannina,,,,,,,,,,,,,,,,,,,,,,,,,,,,,Ionikos FC,,,,,,,,,,,,,,,,,,,,,,,,,,,,,650376,2023-02-11 18:00:00,2023
Volos NFC,,,,,,,,,,,,,,,,,,,,,,,,,,,,,Atromitos,,,,,,,,,,,,,,,,,,,,,,,,,,,,,650377,2023-02-12 14:00:00,2023
Aris,,,,,,,,,,,,,,,,,,,,,,,,,,,,,Panathinaikos,,,,,,,,,,,,,,,,,,,,,,,,,,,,,650372,2023-02-12 18:00:00,2023
Lamia,,,,,,,,,,,,,,,,,,,,,,,,,,,,,OFI Crete,,,,,,,,,,,,,,,,,,,,,,,,,,,,,650374,2023-02-13 15:00:00,2023
Asteras Tripoli,,,,,,,,,,,,,,,,,,,,,,,,,,,,,PAOK,,,,,,,,,,,,,,,,,,,,,,,,,,,,,650373,2023-02-13 16:00:00,2023
AEK Athens,,,,,,,,,,,,,,,,,,,,,,,,,,,,,Levadiakos,,,,,,,,,,,,,,,,,,,,,,,,,,,,,650371,2023-02-13 16:30:00,2023
Olympiacos,,,,,,,,,,,,,,,,,,,,,,,,,,,,,Panetolikos,,,,,,,,,,,,,,,,,,,,,,,,,,,,,650375,2023-02-13 19:00:00,2023
Panathinaikos,,,,,,,,,,,,,,,,,,,,,,,,,,,,,Volos NFC,,,,,,,,,,,,,,,,,,,,,,,,,,,,,650383,2023-02-18 15:00:00,2023
Asteras Tripoli,,,,,,,,,,,,,,,,,,,,,,,,,,,,,Pas Giannina,,,,,,,,,,,,,,,,,,,,,,,,,,,,,650378,2023-02-18 18:00:00,2023
Lamia,,,,,,,,,,,,,,,,,,,,,,,,,,,,,Olympiacos,,,,,,,,,,,,,,,,,,,,,,,,,,,,,650380,2023-02-19 14:00:00,2023
Panetolikos,,,,,,,,,,,,,,,,,,,,,,,,,,,,,Ionikos FC,,,,,,,,,,,,,,,,,,,,,,,,,,,,,650384,2023-02-19 17:30:00,2023
PAOK,,,,,,,,,,,,,,,,,,,,,,,,,,,,,AEK Athens,,,,,,,,,,,,,,,,,,,,,,,,,,,,,650382,2023-02-19 18:30:00,2023
Atromitos,,,,,,,,,,,,,,,,,,,,,,,,,,,,,Levadiakos,,,,,,,,,,,,,,,,,,,,,,,,,,,,,650379,2023-02-20 16:00:00,2023
OFI Crete,,,,,,,,,,,,,,,,,,,,,,,,,,,,,Aris,,,,,,,,,,,,,,,,,,,,,,,,,,,,,650381,2023-02-20 17:30:00,2023
Volos NFC,,,,,,,,,,,,,,,,,,,,,,,,,,,,,Lamia,,,,,,,,,,,,,,,,,,,,,,,,,,,,,650391,2023-02-24 18:00:00,2023
AEK Athens,,,,,,,,,,,,,,,,,,,,,,,,,,,,,Asteras Tripoli,,,,,,,,,,,,,,,,,,,,,,,,,,,,,650385,2023-02-25 15:30:00,2023
Pas Giannina,,,,,,,,,,,,,,,,,,,,,,,,,,,,,PAOK,,,,,,,,,,,,,,,,,,,,,,,,,,,,,650390,2023-02-25 17:00:00,2023
Olympiacos,,,,,,,,,,,,,,,,,,,,,,,,,,,,,Panathinaikos,,,,,,,,,,,,,,,,,,,,,,,,,,,,,650389,2023-02-25 18:30:00,2023
Levadiakos,,,,,,,,,,,,,,,,,,,,,,,,,,,,,Panetolikos,,,,,,,,,,,,,,,,,,,,,,,,,,,,,650388,2023-02-26 14:00:00,2023
Ionikos FC,,,,,,,,,,,,,,,,,,,,,,,,,,,,,OFI Crete,,,,,,,,,,,,,,,,,,,,,,,,,,,,,650387,2023-02-26 14:00:00,2023
Aris,,,,,,,,,,,,,,,,,,,,,,,,,,,,,Atromitos,,,,,,,,,,,,,,,,,,,,,,,,,,,,,650386,2023-02-26 17:30:00,2023
Asteras Tripoli,,,,,,,,,,,,,,,,,,,,,,,,,,,,,Atromitos,,,,,,,,,,,,,,,,,,,,,,,,,,,,,650397,2023-03-04 18:00:00,2023
Olympiacos,,,,,,,,,,,,,,,,,,,,,,,,,,,,,Levadiakos,,,,,,,,,,,,,,,,,,,,,,,,,,,,,650393,2023-03-05 14:00:00,2023
Pas Giannina,,,,,,,,,,,,,,,,,,,,,,,,,,,,,Volos NFC,,,,,,,,,,,,,,,,,,,,,,,,,,,,,650395,2023-03-05 15:00:00,2023
Lamia,,,,,,,,,,,,,,,,,,,,,,,,,,,,,Aris,,,,,,,,,,,,,,,,,,,,,,,,,,,,,650398,2023-03-05 15:30:00,2023
OFI Crete,,,,,,,,,,,,,,,,,,,,,,,,,,,,,AEK Athens,,,,,,,,,,,,,,,,,,,,,,,,,,,,,650392,2023-03-05 17:30:00,2023
PAOK,,,,,,,,,,,,,,,,,,,,,,,,,,,,,Ionikos FC,,,,,,,,,,,,,,,,,,,,,,,,,,,,,650394,2023-03-05 18:30:00,2023
Panathinaikos,,,,,,,,,,,,,,,,,,,,,,,,,,,,,Panetolikos,,,,,,,,,,,,,,,,,,,,,,,,,,,,,650396,2023-03-06 17:30:00,2023
Atromitos,,,,,,,,,,,,,,,,,,,,,,,,,,,,,AEK Athens,,,,,,,,,,,,,,,,,,,,,,,,,,,,,650364,2023-03-08 15:30:00,2023
Volos NFC,,,,,,,,,,,,,,,,,,,,,,,,,,,,,PAOK,,,,,,,,,,,,,,,,,,,,,,,,,,,,,650405,2023-03-12 17:00:00,2023
Panetolikos,,,,,,,,,,,,,,,,,,,,,,,,,,,,,Lamia,,,,,,,,,,,,,,,,,,,,,,,,,,,,,650404,2023-03-12 17:00:00,2023
Aris,,,,,,,,,,,,,,,,,,,,,,,,,,,,,Pas Giannina,,,,,,,,,,,,,,,,,,,,,,,,,,,,,650400,2023-03-12 17:00:00,2023
AEK Athens,,,,,,,,,,,,,,,,,,,,,,,,,,,,,Olympiacos,,,,,,,,,,,,,,,,,,,,,,,,,,,,,650399,2023-03-12 17:00:00,2023
Levadiakos,,,,,,,,,,,,,,,,,,,,,,,,,,,,,OFI Crete,,,,,,,,,,,,,,,,,,,,,,,,,,,,,650403,2023-03-12 17:00:00,2023
Atromitos,,,,,,,,,,,,,,,,,,,,,,,,,,,,,Panathinaikos,,,,,,,,,,,,,,,,,,,,,,,,,,,,,650401,2023-03-12 17:00:00,2023
Ionikos FC,,,,,,,,,,,,,,,,,,,,,,,,,,,,,Asteras Tripoli,,,,,,,,,,,,,,,,,,,,,,,,,,,,,650402,2023-03-12 17:00:00,2023
Asteras Tripoli,,,,,,,,,,,,,,,,,,,,,,,,,,,,,Panetolikos,,,,,,,,,,,,,,,,,,,,,,,,,,,,,667291,2023-03-18 15:00:00,2023
OFI Crete,,,,,,,,,,,,,,,,,,,,,,,,,,,,,Levadiakos,,,,,,,,,,,,,,,,,,,,,,,,,,,,,667288,2023-03-18 15:30:00,2023
Atromitos,,,,,,,,,,,,,,,,,,,,,,,,,,,,,Ionikos FC,,,,,,,,,,,,,,,,,,,,,,,,,,,,,667290,2023-03-18 17:30:00,2023
Lamia,,,,,,,,,,,,,,,,,,,,,,,,,,,,,Pas Giannina,,,,,,,,,,,,,,,,,,,,,,,,,,,,,667289,2023-03-18 19:00:00,2023
Volos NFC,,,,,,,,,,,,,,,,,,,,,,,,,,,,,Olympiacos,,,,,,,,,,,,,,,,,,,,,,,,,,,,,667292,2023-03-19 15:30:00,2023
Aris,,,,,,,,,,,,,,,,,,,,,,,,,,,,,PAOK,,,,,,,,,,,,,,,,,,,,,,,,,,,,,667287,2023-03-19 17:00:00,2023
AEK Athens,,,,,,,,,,,,,,,,,,,,,,,,,,,,,Panathinaikos,,,,,,,,,,,,,,,,,,,,,,,,,,,,,667286,2023-03-19 19:30:00,2023
Levadiakos,,,,,,,,,,,,,,,,,,,,,,,,,,,,,Atromitos,,,,,,,,,,,,,,,,,,,,,,,,,,,,,667297,2023-04-01 14:00:00,2023
Panetolikos,,,,,,,,,,,,,,,,,,,,,,,,,,,,,Lamia,,,,,,,,,,,,,,,,,,,,,,,,,,,,,667298,2023-04-01 14:30:00,2023
Pas Giannina,,,,,,,,,,,,,,,,,,,,,,,,,,,,,OFI Crete,,,,,,,,,,,,,,,,,,,,,,,,,,,,,667294,2023-04-01 16:30:00,2023
Ionikos FC,,,,,,,,,,,,,,,,,,,,,,,,,,,,,Asteras Tripoli,,,,,,,,,,,,,,,,,,,,,,,,,,,,,667299,2023-04-01 18:00:00,2023
Panathinaikos,,,,,,,,,,,,,,,,,,,,,,,,,,,,,Volos NFC,,,,,,,,,,,,,,,,,,,,,,,,,,,,,667293,2023-04-02 15:00:00,2023
PAOK,,,,,,,,,,,,,,,,,,,,,,,,,,,,,AEK Athens,,,,,,,,,,,,,,,,,,,,,,,,,,,,,667295,2023-04-02 16:30:00,2023
Olympiacos,,,,,,,,,,,,,,,,,,,,,,,,,,,,,Aris,,,,,,,,,,,,,,,,,,,,,,,,,,,,,667296,2023-04-02 18:00:00,2023
Volos NFC,,,,,,,,,,,,,,,,,,,,,,,,,,,,,AEK Athens,,,,,,,,,,,,,,,,,,,,,,,,,,,,,667302,2023-04-05 15:00:00,2023
Aris,,,,,,,,,,,,,,,,,,,,,,,,,,,,,Panathinaikos,,,,,,,,,,,,,,,,,,,,,,,,,,,,,667301,2023-04-05 16:30:00,2023
Olympiacos,,,,,,,,,,,,,,,,,,,,,,,,,,,,,PAOK,,,,,,,,,,,,,,,,,,,,,,,,,,,,,667300,2023-04-05 18:00:00,2023
Atromitos,,,,,,,,,,,,,,,,,,,,,,,,,,,,,Pas Giannina,,,,,,,,,,,,,,,,,,,,,,,,,,,,,667306,2023-04-08 14:00:00,2023
OFI Crete,,,,,,,,,,,,,,,,,,,,,,,,,,,,,Lamia,,,,,,,,,,,,,,,,,,,,,,,,,,,,,667305,2023-04-08 14:30:00,2023
Panetolikos,,,,,,,,,,,,,,,,,,,,,,,,,,,,,Ionikos FC,,,,,,,,,,,,,,,,,,,,,,,,,,,,,667309,2023-04-08 16:30:00,2023
Asteras Tripoli,,,,,,,,,,,,,,,,,,,,,,,,,,,,,Levadiakos,,,,,,,,,,,,,,,,,,,,,,,,,,,,,667307,2023-04-08 16:30:00,2023
AEK Athens,,,,,,,,,,,,,,,,,,,,,,,,,,,,,Aris,,,,,,,,,,,,,,,,,,,,,,,,,,,,,667308,2023-04-09 15:00:00,2023
PAOK,,,,,,,,,,,,,,,,,,,,,,,,,,,,,Volos NFC,,,,,,,,,,,,,,,,,,,,,,,,,,,,,667304,2023-04-09 17:30:00,2023
Panathinaikos,,,,,,,,,,,,,,,,,,,,,,,,,,,,,Olympiacos,,,,,,,,,,,,,,,,,,,,,,,,,,,,,667303,2023-04-09 18:00:00,2023
Lamia,,,,,,,,,,,,,,,,,,,,,,,,,,,,,Atromitos,,,,,,,,,,,,,,,,,,,,,,,,,,,,,667310,2023-04-22 16:15:00,2023
Pas Giannina,,,,,,,,,,,,,,,,,,,,,,,,,,,,,Panetolikos,,,,,,,,,,,,,,,,,,,,,,,,,,,,,667315,2023-04-22 16:15:00,2023
Levadiakos,,,,,,,,,,,,,,,,,,,,,,,,,,,,,Ionikos FC,,,,,,,,,,,,,,,,,,,,,,,,,,,,,667311,2023-04-22 16:15:00,2023
OFI Crete,,,,,,,,,,,,,,,,,,,,,,,,,,,,,Asteras Tripoli,,,,,,,,,,,,,,,,,,,,,,,,,,,,,667312,2023-04-22 16:15:00,2023
Volos NFC,,,,,,,,,,,,,,,,,,,,,,,,,,,,,Aris,,,,,,,,,,,,,,,,,,,,,,,,,,,,,667316,2023-04-23 14:30:00,2023
PAOK,,,,,,,,,,,,,,,,,,,,,,,,,,,,,Panathinaikos,,,,,,,,,,,,,,,,,,,,,,,,,,,,,667314,2023-04-23 17:00:00,2023
Olympiacos,,,,,,,,,,,,,,,,,,,,,,,,,,,,,AEK Athens,,,,,,,,,,,,,,,,,,,,,,,,,,,,,667313,2023-04-23 18:00:00,2023
Volos NFC,,,,,,,,,,,,,,,,,,,,,,,,,,,,,Panathinaikos,,,,,,,,,,,,,,,,,,,,,,,,,,,,,667319,2023-04-26 15:00:00,2023
Aris,,,,,,,,,,,,,,,,,,,,,,,,,,,,,Olympiacos,,,,,,,,,,,,,,,,,,,,,,,,,,,,,667318,2023-04-26 16:00:00,2023
AEK Athens,,,,,,,,,,,,,,,,,,,,,,,,,,,,,PAOK,,,,,,,,,,,,,,,,,,,,,,,,,,,,,667317,2023-04-26 18:00:00,2023
Atromitos,,,,,,,,,,,,,,,,,,,,,,,,,,,,,OFI Crete,,,,,,,,,,,,,,,,,,,,,,,,,,,,,667321,2023-04-29 16:15:00,2023
Asteras Tripoli,,,,,,,,,,,,,,,,,,,,,,,,,,,,,Lamia,,,,,,,,,,,,,,,,,,,,,,,,,,,,,667320,2023-04-29 16:15:00,2023
Panetolikos,,,,,,,,,,,,,,,,,,,,,,,,,,,,,Levadiakos,,,,,,,,,,,,,,,,,,,,,,,,,,,,,667326,2023-04-29 16:15:00,2023
Ionikos FC,,,,,,,,,,,,,,,,,,,,,,,,,,,,,Pas Giannina,,,,,,,,,,,,,,,,,,,,,,,,,,,,,667322,2023-04-29 16:15:00,2023
Panathinaikos,,,,,,,,,,,,,,,,,,,,,,,,,,,,,AEK Athens,,,,,,,,,,,,,,,,,,,,,,,,,,,,,667325,2023-04-30 17:00:00,2023
PAOK,,,,,,,,,,,,,,,,,,,,,,,,,,,,,Aris,,,,,,,,,,,,,,,,,,,,,,,,,,,,,667324,2023-04-30 17:00:00,2023
Olympiacos,,,,,,,,,,,,,,,,,,,,,,,,,,,,,Volos NFC,,,,,,,,,,,,,,,,,,,,,,,,,,,,,667323,2023-04-30 17:00:00,2023
AEK Athens,,,,,,,,,,,,,,,,,,,,,,,,,,,,,Olympiacos,,,,,,,,,,,,,,,,,,,,,,,,,,,,,667328,2023-05-03 17:00:00,2023
Aris,,,,,,,,,,,,,,,,,,,,,,,,,,,,,Volos NFC,,,,,,,,,,,,,,,,,,,,,,,,,,,,,667327,2023-05-03 17:00:00,2023
Panathinaikos,,,,,,,,,,,,,,,,,,,,,,,,,,,,,PAOK,,,,,,,,,,,,,,,,,,,,,,,,,,,,,667329,2023-05-03 17:00:00,2023
Atromitos,,,,,,,,,,,,,,,,,,,,,,,,,,,,,Panetolikos,,,,,,,,,,,,,,,,,,,,,,,,,,,,,667333,2023-05-06 17:00:00,2023
Lamia,,,,,,,,,,,,,,,,,,,,,,,,,,,,,Levadiakos,,,,,,,,,,,,,,,,,,,,,,,,,,,,,667332,2023-05-06 17:00:00,2023
OFI Crete,,,,,,,,,,,,,,,,,,,,,,,,,,,,,Ionikos FC,,,,,,,,,,,,,,,,,,,,,,,,,,,,,667330,2023-05-06 17:00:00,2023
Pas Giannina,,,,,,,,,,,,,,,,,,,,,,,,,,,,,Asteras Tripoli,,,,,,,,,,,,,,,,,,,,,,,,,,,,,667335,2023-05-06 17:00:00,2023
Aris,,,,,,,,,,,,,,,,,,,,,,,,,,,,,AEK Athens,,,,,,,,,,,,,,,,,,,,,,,,,,,,,667334,2023-05-08 18:00:00,2023
Volos NFC,,,,,,,,,,,,,,,,,,,,,,,,,,,,,PAOK,,,,,,,,,,,,,,,,,,,,,,,,,,,,,667336,2023-05-08 18:00:00,2023
Olympiacos,,,,,,,,,,,,,,,,,,,,,,,,,,,,,Panathinaikos,,,,,,,,,,,,,,,,,,,,,,,,,,,,,667331,2023-05-08 18:00:00,2023
Panetolikos,,,,,,,,,,,,,,,,,,,,,,,,,,,,,OFI Crete,,,,,,,,,,,,,,,,,,,,,,,,,,,,,667343,2023-05-13 14:00:00,2023
Asteras Tripoli,,,,,,,,,,,,,,,,,,,,,,,,,,,,,Atromitos,,,,,,,,,,,,,,,,,,,,,,,,,,,,,667338,2023-05-13 17:00:00,2023
Levadiakos,,,,,,,,,,,,,,,,,,,,,,,,,,,,,Pas Giannina,,,,,,,,,,,,,,,,,,,,,,,,,,,,,667340,2023-05-13 17:00:00,2023
Ionikos FC,,,,,,,,,,,,,,,,,,,,,,,,,,,,,Lamia,,,,,,,,,,,,,,,,,,,,,,,,,,,,,667339,2023-05-13 17:00:00,2023
PAOK,,,,,,,,,,,,,,,,,,,,,,,,,,,,,Olympiacos,,,,,,,,,,,,,,,,,,,,,,,,,,,,,667341,2023-05-14 17:00:00,2023
Panathinaikos,,,,,,,,,,,,,,,,,,,,,,,,,,,,,Aris,,,,,,,,,,,,,,,,,,,,,,,,,,,,,667342,2023-05-14 17:00:00,2023
AEK Athens,,,,,,,,,,,,,,,,,,,,,,,,,,,,,Volos NFC,,,,,,,,,,,,,,,,,,,,,,,,,,,,,667337,2023-05-14 17:00:00,2023
Volos NFC,,,,,,,,,,,,,,,,,,,,,,,,,,,,,Lamia,,,,,,,,,,,,,,,,,,,,,,,,,,,,,682493,2023-08-18 18:00:00,2023
Pas Giannina,,,,,,,,,,,,,,,,,,,,,,,,,,,,,Kifisia,,,,,,,,,,,,,,,,,,,,,,,,,,,,,682494,2023-08-20 16:00:00,2023
OFI Crete,,,,,,,,,,,,,,,,,,,,,,,,,,,,,Aris,,,,,,,,,,,,,,,,,,,,,,,,,,,,,682496,2023-08-20 16:30:00,2023
PAOK,,,,,,,,,,,,,,,,,,,,,,,,,,,,,Asteras Tripoli,,,,,,,,,,,,,,,,,,,,,,,,,,,,,682497,2023-08-20 17:00:00,2023
Olympiacos,,,,,,,,,,,,,,,,,,,,,,,,,,,,,Panserraikos FC,,,,,,,,,,,,,,,,,,,,,,,,,,,,,682495,2023-08-20 19:00:00,2023
Panetolikos,,,,,,,,,,,,,,,,,,,,,,,,,,,,,Pas Giannina,,,,,,,,,,,,,,,,,,,,,,,,,,,,,682505,2023-08-25 18:00:00,2023
Asteras Tripoli,,,,,,,,,,,,,,,,,,,,,,,,,,,,,OFI Crete,,,,,,,,,,,,,,,,,,,,,,,,,,,,,682499,2023-08-26 17:00:00,2023
Panathinaikos,,,,,,,,,,,,,,,,,,,,,,,,,,,,,Volos NFC,,,,,,,,,,,,,,,,,,,,,,,,,,,,,682502,2023-08-26 17:00:00,2023
AEK Athens,,,,,,,,,,,,,,,,,,,,,,,,,,,,,Panserraikos FC,,,,,,,,,,,,,,,,,,,,,,,,,,,,,682504,2023-08-26 18:30:00,2023
Lamia,,,,,,,,,,,,,,,,,,,,,,,,,,,,,Aris,,,,,,,,,,,,,,,,,,,,,,,,,,,,,682501,2023-08-27 16:15:00,2023
PAOK,,,,,,,,,,,,,,,,,,,,,,,,,,,,,Kifisia,,,,,,,,,,,,,,,,,,,,,,,,,,,,,682503,2023-08-27 18:00:00,2023
Olympiacos,,,,,,,,,,,,,,,,,,,,,,,,,,,,,Atromitos,,,,,,,,,,,,,,,,,,,,,,,,,,,,,682594,2023-08-27 18:30:00,2023
Kifisia,,,,,,,,,,,,,,,,,,,,,,,,,,,,,Atromitos,,,,,,,,,,,,,,,,,,,,,,,,,,,,,682507,2023-09-01 18:00:00,2023
Panserraikos FC,,,,,,,,,,,,,,,,,,,,,,,,,,,,,Panetolikos,,,,,,,,,,,,,,,,,,,,,,,,,,,,,682506,2023-09-02 18:00:00,2023
Aris,,,,,,,,,,,,,,,,,,,,,,,,,,,,,Asteras Tripoli,,,,,,,,,,,,,,,,,,,,,,,,,,,,,682508,2023-09-03 17:00:00,2023
OFI Crete,,,,,,,,,,,,,,,,,,,,,,,,,,,,,PAOK,,,,,,,,,,,,,,,,,,,,,,,,,,,,,682512,2023-09-03 17:00:00,2023
Olympiacos,,,,,,,,,,,,,,,,,,,,,,,,,,,,,Lamia,,,,,,,,,,,,,,,,,,,,,,,,,,,,,682511,2023-09-03 17:00:00,2023
Volos NFC,,,,,,,,,,,,,,,,,,,,,,,,,,,,,AEK Athens,,,,,,,,,,,,,,,,,,,,,,,,,,,,,682509,2023-09-03 18:30:00,2023
Pas Giannina,,,,,,,,,,,,,,,,,,,,,,,,,,,,,Panathinaikos,,,,,,,,,,,,,,,,,,,,,,,,,,,,,682510,2023-09-03 18:45:00,2023
Lamia,,,,,,,,,,,,,,,,,,,,,,,,,,,,,OFI Crete,,,,,,,,,,,,,,,,,,,,,,,,,,,,,682517,2023-09-16 14:30:00,2023
Panetolikos,,,,,,,,,,,,,,,,,,,,,,,,,,,,,Panathinaikos,,,,,,,,,,,,,,,,,,,,,,,,,,,,,682515,2023-09-16 17:30:00,2023
Asteras Tripoli,,,,,,,,,,,,,,,,,,,,,,,,,,,,,Pas Giannina,,,,,,,,,,,,,,,,,,,,,,,,,,,,,682519,2023-09-17 12:00:00,2023
Kifisia,,,,,,,,,,,,,,,,,,,,,,,,,,,,,Panserraikos FC,,,,,,,,,,,,,,,,,,,,,,,,,,,,,682514,2023-09-17 15:00:00,2023
PAOK,,,,,,,,,,,,,,,,,,,,,,,,,,,,,Aris,,,,,,,,,,,,,,,,,,,,,,,,,,,,,682516,2023-09-17 17:30:00,2023
AEK Athens,,,,,,,,,,,,,,,,,,,,,,,,,,,,,Olympiacos,,,,,,,,,,,,,,,,,,,,,,,,,,,,,682513,2023-09-17 18:30:00,2023
Atromitos,,,,,,,,,,,,,,,,,,,,,,,,,,,,,Volos NFC,,,,,,,,,,,,,,,,,,,,,,,,,,,,,682518,2023-09-18 15:00:00,2023
OFI Crete,,,,,,,,,,,,,,,,,,,,,,,,,,,,,Atromitos,,,,,,,,,,,,,,,,,,,,,,,,,,,,,682521,2023-09-23 14:30:00,2023
Panserraikos FC,,,,,,,,,,,,,,,,,,,,,,,,,,,,,Lamia,,,,,,,,,,,,,,,,,,,,,,,,,,,,,682522,2023-09-23 17:00:00,2023
Olympiacos,,,,,,,,,,,,,,,,,,,,,,,,,,,,,Kifisia,,,,,,,,,,,,,,,,,,,,,,,,,,,,,682520,2023-09-24 14:00:00,2023
Aris,,,,,,,,,,,,,,,,,,,,,,,,,,,,,Panetolikos,,,,,,,,,,,,,,,,,,,,,,,,,,,,,682526,2023-09-24 14:30:00,2023
Volos NFC,,,,,,,,,,,,,,,,,,,,,,,,,,,,,Asteras Tripoli,,,,,,,,,,,,,,,,,,,,,,,,,,,,,682524,2023-09-24 17:00:00,2023
Pas Giannina,,,,,,,,,,,,,,,,,,,,,,,,,,,,,PAOK,,,,,,,,,,,,,,,,,,,,,,,,,,,,,682525,2023-09-24 17:30:00,2023
Panathinaikos,,,,,,,,,,,,,,,,,,,,,,,,,,,,,AEK Athens,,,,,,,,,,,,,,,,,,,,,,,,,,,,,682523,2023-09-25 18:00:00,2023
Panetolikos,,,,,,,,,,,,,,,,,,,,,,,,,,,,,OFI Crete,,,,,,,,,,,,,,,,,,,,,,,,,,,,,682527,2023-09-27 13:00:00,2023
Kifisia,,,,,,,,,,,,,,,,,,,,,,,,,,,,,Lamia,,,,,,,,,,,,,,,,,,,,,,,,,,,,,682533,2023-09-27 15:00:00,2023
PAOK,,,,,,,,,,,,,,,,,,,,,,,,,,,,,Volos NFC,,,,,,,,,,,,,,,,,,,,,,,,,,,,,682529,2023-09-27 17:30:00,2023
Olympiacos,,,,,,,,,,,,,,,,,,,,,,,,,,,,,Aris,,,,,,,,,,,,,,,,,,,,,,,,,,,,,682528,2023-09-27 17:30:00,2023
Panserraikos FC,,,,,,,,,,,,,,,,,,,,,,,,,,,,,Pas Giannina,,,,,,,,,,,,,,,,,,,,,,,,,,,,,682532,2023-09-28 14:30:00,2023
Asteras Tripoli,,,,,,,,,,,,,,,,,,,,,,,,,,,,,Panathinaikos,,,,,,,,,,,,,,,,,,,,,,,,,,,,,682530,2023-09-28 17:30:00,2023
AEK Athens,,,,,,,,,,,,,,,,,,,,,,,,,,,,,Atromitos,,,,,,,,,,,,,,,,,,,,,,,,,,,,,682531,2023-09-28 18:00:00,2023
Lamia,,,,,,,,,,,,,,,,,,,,,,,,,,,,,Panetolikos,,,,,,,,,,,,,,,,,,,,,,,,,,,,,682536,2023-10-01 12:00:00,2023
Aris,,,,,,,,,,,,,,,,,,,,,,,,,,,,,Kifisia,,,,,,,,,,,,,,,,,,,,,,,,,,,,,682540,2023-10-01 14:30:00,2023
Panathinaikos,,,,,,,,,,,,,,,,,,,,,,,,,,,,,PAOK,,,,,,,,,,,,,,,,,,,,,,,,,,,,,682534,2023-10-01 16:30:00,2023
Pas Giannina,,,,,,,,,,,,,,,,,,,,,,,,,,,,,Olympiacos,,,,,,,,,,,,,,,,,,,,,,,,,,,,,682535,2023-10-01 17:30:00,2023
Atromitos,,,,,,,,,,,,,,,,,,,,,,,,,,,,,Asteras Tripoli,,,,,,,,,,,,,,,,,,,,,,,,,,,,,682538,2023-10-02 15:00:00,2023
OFI Crete,,,,,,,,,,,,,,,,,,,,,,,,,,,,,AEK Athens,,,,,,,,,,,,,,,,,,,,,,,,,,,,,682537,2023-10-02 17:00:00,2023
AEK Athens,,,,,,,,,,,,,,,,,,,,,,,,,,,,,Panetolikos,,,,,,,,,,,,,,,,,,,,,,,,,,,,,682498,2023-10-08 16:30:00,2023
Panathinaikos,,,,,,,,,,,,,,,,,,,,,,,,,,,,,Atromitos,,,,,,,,,,,,,,,,,,,,,,,,,,,,,682492,2023-10-08 18:30:00,2023
Lamia,,,,,,,,,,,,,,,,,,,,,,,,,,,,,Pas Giannina,,,,,,,,,,,,,,,,,,,,,,,,,,,,,682544,2023-10-20 17:30:00,2023
Panetolikos,,,,,,,,,,,,,,,,,,,,,,,,,,,,,Volos NFC,,,,,,,,,,,,,,,,,,,,,,,,,,,,,682547,2023-10-21 14:30:00,2023
Aris,,,,,,,,,,,,,,,,,,,,,,,,,,,,,Panserraikos FC,,,,,,,,,,,,,,,,,,,,,,,,,,,,,682632,2023-10-21 17:00:00,2023
Kifisia,,,,,,,,,,,,,,,,,,,,,,,,,,,,,OFI Crete,,,,,,,,,,,,,,,,,,,,,,,,,,,,,682541,2023-10-22 13:00:00,2023
Asteras Tripoli,,,,,,,,,,,,,,,,,,,,,,,,,,,,,AEK Athens,,,,,,,,,,,,,,,,,,,,,,,,,,,,,682543,2023-10-22 13:00:00,2023
PAOK,,,,,,,,,,,,,,,,,,,,,,,,,,,,,Atromitos,,,,,,,,,,,,,,,,,,,,,,,,,,,,,682546,2023-10-22 15:30:00,2023
Olympiacos,,,,,,,,,,,,,,,,,,,,,,,,,,,,,Panathinaikos,,,,,,,,,,,,,,,,,,,,,,,,,,,,,682545,2023-10-22 16:30:00,2023
Volos NFC,,,,,,,,,,,,,,,,,,,,,,,,,,,,,Kifisia,,,,,,,,,,,,,,,,,,,,,,,,,,,,,682550,2023-10-28 14:30:00,2023
Atromitos,,,,,,,,,,,,,,,,,,,,,,,,,,,,,Panetolikos,,,,,,,,,,,,,,,,,,,,,,,,,,,,,682548,2023-10-28 17:00:00,2023
Asteras Tripoli,,,,,,,,,,,,,,,,,,,,,,,,,,,,,Lamia,,,,,,,,,,,,,,,,,,,,,,,,,,,,,682554,2023-10-29 15:30:00,2023
Panathinaikos,,,,,,,,,,,,,,,,,,,,,,,,,,,,,Panserraikos FC,,,,,,,,,,,,,,,,,,,,,,,,,,,,,682551,2023-10-29 17:30:00,2023
Aris,,,,,,,,,,,,,,,,,,,,,,,,,,,,,Pas Giannina,,,,,,,,,,,,,,,,,,,,,,,,,,,,,682552,2023-10-29 18:30:00,2023
AEK Athens,,,,,,,,,,,,,,,,,,,,,,,,,,,,,PAOK,,,,,,,,,,,,,,,,,,,,,,,,,,,,,682553,2023-10-30 17:30:00,2023
OFI Crete,,,,,,,,,,,,,,,,,,,,,,,,,,,,,Olympiacos,,,,,,,,,,,,,,,,,,,,,,,,,,,,,682549,2023-10-30 19:30:00,2023
Lamia,,,,,,,,,,,,,,,,,,,,,,,,,,,,,Panathinaikos,,,,,,,,,,,,,,,,,,,,,,,,,,,,,682555,2023-11-04 15:30:00,2023
Kifisia,,,,,,,,,,,,,,,,,,,,,,,,,,,,,AEK Athens,,,,,,,,,,,,,,,,,,,,,,,,,,,,,682560,2023-11-04 18:00:00,2023
Panetolikos,,,,,,,,,,,,,,,,,,,,,,,,,,,,,Asteras Tripoli,,,,,,,,,,,,,,,,,,,,,,,,,,,,,682561,2023-11-05 14:00:00,2023
Pas Giannina,,,,,,,,,,,,,,,,,,,,,,,,,,,,,Volos NFC,,,,,,,,,,,,,,,,,,,,,,,,,,,,,682558,2023-11-05 15:30:00,2023
Olympiacos,,,,,,,,,,,,,,,,,,,,,,,,,,,,,PAOK,,,,,,,,,,,,,,,,,,,,,,,,,,,,,682557,2023-11-05 17:30:00,2023
Aris,,,,,,,,,,,,,,,,,,,,,,,,,,,,,Atromitos,,,,,,,,,,,,,,,,,,,,,,,,,,,,,682556,2023-11-05 18:15:00,2023
Panserraikos FC,,,,,,,,,,,,,,,,,,,,,,,,,,,,,OFI Crete,,,,,,,,,,,,,,,,,,,,,,,,,,,,,682559,2023-11-06 16:00:00,2023
OFI Crete,,,,,,,,,,,,,,,,,,,,,,,,,,,,,Pas Giannina,,,,,,,,,,,,,,,,,,,,,,,,,,,,,682567,2023-11-11 15:30:00,2023
Atromitos,,,,,,,,,,,,,,,,,,,,,,,,,,,,,Panserraikos FC,,,,,,,,,,,,,,,,,,,,,,,,,,,,,682563,2023-11-11 17:30:00,2023
Volos NFC,,,,,,,,,,,,,,,,,,,,,,,,,,,,,Aris,,,,,,,,,,,,,,,,,,,,,,,,,,,,,682566,2023-11-11 18:00:00,2023
PAOK,,,,,,,,,,,,,,,,,,,,,,,,,,,,,Panetolikos,,,,,,,,,,,,,,,,,,,,,,,,,,,,,682565,2023-11-12 15:30:00,2023
AEK Athens,,,,,,,,,,,,,,,,,,,,,,,,,,,,,Lamia,,,,,,,,,,,,,,,,,,,,,,,,,,,,,682564,2023-11-12 17:30:00,2023
Asteras Tripoli,,,,,,,,,,,,,,,,,,,,,,,,,,,,,Olympiacos,,,,,,,,,,,,,,,,,,,,,,,,,,,,,682568,2023-11-12 18:30:00,2023
Kifisia,,,,,,,,,,,,,,,,,,,,,,,,,,,,,Panathinaikos,,,,,,,,,,,,,,,,,,,,,,,,,,,,,682659,2023-11-12 19:30:00,2023
OFI Crete,,,,,,,,,,,,,,,,,,,,,,,,,,,,,Volos NFC,,,,,,,,,,,,,,,,,,,,,,,,,,,,,682571,2023-11-24 16:15:00,2023
Olympiacos,,,,,,,,,,,,,,,,,,,,,,,,,,,,,Panetolikos,,,,,,,,,,,,,,,,,,,,,,,,,,,,,682570,2023-11-25 15:30:00,2023
PAOK,,,,,,,,,,,,,,,,,,,,,,,,,,,,,Panserraikos FC,,,,,,,,,,,,,,,,,,,,,,,,,,,,,682662,2023-11-25 17:30:00,2023
Kifisia,,,,,,,,,,,,,,,,,,,,,,,,,,,,,Asteras Tripoli,,,,,,,,,,,,,,,,,,,,,,,,,,,,,682573,2023-11-26 14:00:00,2023
Pas Giannina,,,,,,,,,,,,,,,,,,,,,,,,,,,,,AEK Athens,,,,,,,,,,,,,,,,,,,,,,,,,,,,,682574,2023-11-26 15:00:00,2023
Lamia,,,,,,,,,,,,,,,,,,,,,,,,,,,,,Atromitos,,,,,,,,,,,,,,,,,,,,,,,,,,,,,682575,2023-11-26 17:30:00,2023
Aris,,,,,,,,,,,,,,,,,,,,,,,,,,,,,Panathinaikos,,,,,,,,,,,,,,,,,,,,,,,,,,,,,682569,2023-11-26 18:30:00,2023
Volos NFC,,,,,,,,,,,,,,,,,,,,,,,,,,,,,Panserraikos FC,,,,,,,,,,,,,,,,,,,,,,,,,,,,,682539,2023-11-29 15:00:00,2023
Panetolikos,,,,,,,,,,,,,,,,,,,,,,,,,,,,,Kifisia,,,,,,,,,,,,,,,,,,,,,,,,,,,,,682577,2023-12-02 15:30:00,2023
Asteras Tripoli,,,,,,,,,,,,,,,,,,,,,,,,,,,,,Panserraikos FC,,,,,,,,,,,,,,,,,,,,,,,,,,,,,682576,2023-12-02 18:00:00,2023
Volos NFC,,,,,,,,,,,,,,,,,,,,,,,,,,,,,Olympiacos,,,,,,,,,,,,,,,,,,,,,,,,,,,,,682578,2023-12-03 14:30:00,2023
Atromitos,,,,,,,,,,,,,,,,,,,,,,,,,,,,,Pas Giannina,,,,,,,,,,,,,,,,,,,,,,,,,,,,,682581,2023-12-03 15:30:00,2023
Panathinaikos,,,,,,,,,,,,,,,,,,,,,,,,,,,,,OFI Crete,,,,,,,,,,,,,,,,,,,,,,,,,,,,,682579,2023-12-03 17:30:00,2023
PAOK,,,,,,,,,,,,,,,,,,,,,,,,,,,,,Lamia,,,,,,,,,,,,,,,,,,,,,,,,,,,,,682580,2023-12-04 16:00:00,2023
AEK Athens,,,,,,,,,,,,,,,,,,,,,,,,,,,,,Aris,,,,,,,,,,,,,,,,,,,,,,,,,,,,,682582,2023-12-04 19:00:00,2023
Kifisia,,,,,,,,,,,,,,,,,,,,,,,,,,,,,Pas Giannina,,,,,,,,,,,,,,,,,,,,,,,,,,,,,682586,2023-12-16 15:30:00,2023
Aris,,,,,,,,,,,,,,,,,,,,,,,,,,,,,OFI Crete,,,,,,,,,,,,,,,,,,,,,,,,,,,,,682583,2023-12-17 13:00:00,2023
Asteras Tripoli,,,,,,,,,,,,,,,,,,,,,,,,,,,,,PAOK,,,,,,,,,,,,,,,,,,,,,,,,,,,,,682584,2023-12-17 15:30:00,2023
Lamia,,,,,,,,,,,,,,,,,,,,,,,,,,,,,Volos NFC,,,,,,,,,,,,,,,,,,,,,,,,,,,,,682588,2023-12-17 17:30:00,2023
Atromitos,,,,,,,,,,,,,,,,,,,,,,,,,,,,,Panathinaikos,,,,,,,,,,,,,,,,,,,,,,,,,,,,,682589,2023-12-17 18:30:00,2023
Panetolikos,,,,,,,,,,,,,,,,,,,,,,,,,,,,,AEK Athens,,,,,,,,,,,,,,,,,,,,,,,,,,,,,682587,2023-12-18 15:00:00,2023
Panserraikos FC,,,,,,,,,,,,,,,,,,,,,,,,,,,,,Olympiacos,,,,,,,,,,,,,,,,,,,,,,,,,,,,,682585,2023-12-18 16:00:00,2023
Aris,,,,,,,,,,,,,,,,,,,,,,,,,,,,,Lamia,,,,,,,,,,,,,,,,,,,,,,,,,,,,,682595,2023-12-20 15:00:00,2023
Volos NFC,,,,,,,,,,,,,,,,,,,,,,,,,,,,,Panathinaikos,,,,,,,,,,,,,,,,,,,,,,,,,,,,,682593,2023-12-20 17:00:00,2023
Pas Giannina,,,,,,,,,,,,,,,,,,,,,,,,,,,,,Panetolikos,,,,,,,,,,,,,,,,,,,,,,,,,,,,,682592,2023-12-21 13:00:00,2023
Panserraikos FC,,,,,,,,,,,,,,,,,,,,,,,,,,,,,AEK Athens,,,,,,,,,,,,,,,,,,,,,,,,,,,,,682590,2023-12-21 15:00:00,2023
OFI Crete,,,,,,,,,,,,,,,,,,,,,,,,,,,,,Asteras Tripoli,,,,,,,,,,,,,,,,,,,,,,,,,,,,,682596,2023-12-21 15:30:00,2023
Kifisia,,,,,,,,,,,,,,,,,,,,,,,,,,,,,PAOK,,,,,,,,,,,,,,,,,,,,,,,,,,,,,682591,2023-12-21 18:00:00,2023
Atromitos,,,,,,,,,,,,,,,,,,,,,,,,,,,,,Olympiacos,,,,,,,,,,,,,,,,,,,,,,,,,,,,,682500,2023-12-21 18:30:00,2023
Asteras Tripoli,,,,,,,,,,,,,,,,,,,,,,,,,,,,,Aris,,,,,,,,,,,,,,,,,,,,,,,,,,,,,682599,2024-01-03 14:00:00,2024
Lamia,,,,,,,,,,,,,,,,,,,,,,,,,,,,,Olympiacos,,,,,,,,,,,,,,,,,,,,,,,,,,,,,682600,2024-01-03 15:00:00,2024
AEK Athens,,,,,,,,,,,,,,,,,,,,,,,,,,,,,Volos NFC,,,,,,,,,,,,,,,,,,,,,,,,,,,,,682601,2024-01-03 17:00:00,2024
PAOK,,,,,,,,,,,,,,,,,,,,,,,,,,,,,OFI Crete,,,,,,,,,,,,,,,,,,,,,,,,,,,,,682597,2024-01-03 18:00:00,2024
Panathinaikos,,,,,,,,,,,,,,,,,,,,,,,,,,,,,Pas Giannina,,,,,,,,,,,,,,,,,,,,,,,,,,,,,682602,2024-01-03 19:00:00,2024
Panetolikos,,,,,,,,,,,,,,,,,,,,,,,,,,,,,Panserraikos FC,,,,,,,,,,,,,,,,,,,,,,,,,,,,,682598,2024-01-04 15:00:00,2024
Atromitos,,,,,,,,,,,,,,,,,,,,,,,,,,,,,Kifisia,,,,,,,,,,,,,,,,,,,,,,,,,,,,,682603,2024-01-04 17:00:00,2024
Volos NFC,,,,,,,,,,,,,,,,,,,,,,,,,,,,,Atromitos,,,,,,,,,,,,,,,,,,,,,,,,,,,,,682606,2024-01-07 13:00:00,2024
Panserraikos FC,,,,,,,,,,,,,,,,,,,,,,,,,,,,,Kifisia,,,,,,,,,,,,,,,,,,,,,,,,,,,,,682609,2024-01-07 13:00:00,2024
Panathinaikos,,,,,,,,,,,,,,,,,,,,,,,,,,,,,Panetolikos,,,,,,,,,,,,,,,,,,,,,,,,,,,,,682607,2024-01-07 15:00:00,2024
Pas Giannina,,,,,,,,,,,,,,,,,,,,,,,,,,,,,Asteras Tripoli,,,,,,,,,,,,,,,,,,,,,,,,,,,,,682608,2024-01-07 15:30:00,2024
Aris,,,,,,,,,,,,,,,,,,,,,,,,,,,,,PAOK,,,,,,,,,,,,,,,,,,,,,,,,,,,,,682610,2024-01-07 17:30:00,2024
Olympiacos,,,,,,,,,,,,,,,,,,,,,,,,,,,,,AEK Athens,,,,,,,,,,,,,,,,,,,,,,,,,,,,,682605,2024-01-07 19:00:00,2024
OFI Crete,,,,,,,,,,,,,,,,,,,,,,,,,,,,,Lamia,,,,,,,,,,,,,,,,,,,,,,,,,,,,,682604,2024-01-08 18:00:00,2024
Atromitos,,,,,,,,,,,,,,,,,,,,,,,,,,,,,OFI Crete,,,,,,,,,,,,,,,,,,,,,,,,,,,,,682612,2024-01-13 17:00:00,2024
Lamia,,,,,,,,,,,,,,,,,,,,,,,,,,,,,Panserraikos FC,,,,,,,,,,,,,,,,,,,,,,,,,,,,,682615,2024-01-13 18:00:00,2024
Panetolikos,,,,,,,,,,,,,,,,,,,,,,,,,,,,,Aris,,,,,,,,,,,,,,,,,,,,,,,,,,,,,682614,2024-01-14 13:00:00,2024
Kifisia,,,,,,,,,,,,,,,,,,,,,,,,,,,,,Olympiacos,,,,,,,,,,,,,,,,,,,,,,,,,,,,,682616,2024-01-14 15:00:00,2024
Asteras Tripoli,,,,,,,,,,,,,,,,,,,,,,,,,,,,,Volos NFC,,,,,,,,,,,,,,,,,,,,,,,,,,,,,682613,2024-01-14 15:30:00,2024
PAOK,,,,,,,,,,,,,,,,,,,,,,,,,,,,,Pas Giannina,,,,,,,,,,,,,,,,,,,,,,,,,,,,,682611,2024-01-14 18:30:00,2024
AEK Athens,,,,,,,,,,,,,,,,,,,,,,,,,,,,,Panathinaikos,,,,,,,,,,,,,,,,,,,,,,,,,,,,,682617,2024-01-14 18:30:00,2024
Lamia,,,,,,,,,,,,,,,,,,,,,,,,,,,,,Kifisia,,,,,,,,,,,,,,,,,,,,,,,,,,,,,682619,2024-01-20 15:30:00,2024
Pas Giannina,,,,,,,,,,,,,,,,,,,,,,,,,,,,,Panserraikos FC,,,,,,,,,,,,,,,,,,,,,,,,,,,,,682618,2024-01-20 17:00:00,2024
OFI Crete,,,,,,,,,,,,,,,,,,,,,,,,,,,,,Panetolikos,,,,,,,,,,,,,,,,,,,,,,,,,,,,,682623,2024-01-20 18:00:00,2024
Volos NFC,,,,,,,,,,,,,,,,,,,,,,,,,,,,,PAOK,,,,,,,,,,,,,,,,,,,,,,,,,,,,,682621,2024-01-21 14:00:00,2024
Atromitos,,,,,,,,,,,,,,,,,,,,,,,,,,,,,AEK Athens,,,,,,,,,,,,,,,,,,,,,,,,,,,,,682620,2024-01-21 15:30:00,2024
Panathinaikos,,,,,,,,,,,,,,,,,,,,,,,,,,,,,Asteras Tripoli,,,,,,,,,,,,,,,,,,,,,,,,,,,,,682622,2024-01-21 17:30:00,2024
Aris,,,,,,,,,,,,,,,,,,,,,,,,,,,,,Olympiacos,,,,,,,,,,,,,,,,,,,,,,,,,,,,,682624,2024-01-21 18:30:00,2024
Panetolikos,,,,,,,,,,,,,,,,,,,,,,,,,,,,,Lamia,,,,,,,,,,,,,,,,,,,,,,,,,,,,,682627,2024-01-27 15:30:00,2024
Panserraikos FC,,,,,,,,,,,,,,,,,,,,,,,,,,,,,Volos NFC,,,,,,,,,,,,,,,,,,,,,,,,,,,,,682628,2024-01-27 17:30:00,2024
Kifisia,,,,,,,,,,,,,,,,,,,,,,,,,,,,,Aris,,,,,,,,,,,,,,,,,,,,,,,,,,,,,682629,2024-01-27 18:00:00,2024
AEK Athens,,,,,,,,,,,,,,,,,,,,,,,,,,,,,OFI Crete,,,,,,,,,,,,,,,,,,,,,,,,,,,,,682625,2024-01-28 14:00:00,2024
Asteras Tripoli,,,,,,,,,,,,,,,,,,,,,,,,,,,,,Atromitos,,,,,,,,,,,,,,,,,,,,,,,,,,,,,682631,2024-01-28 15:30:00,2024
Olympiacos,,,,,,,,,,,,,,,,,,,,,,,,,,,,,Pas Giannina,,,,,,,,,,,,,,,,,,,,,,,,,,,,,682630,2024-01-28 17:30:00,2024
PAOK,,,,,,,,,,,,,,,,,,,,,,,,,,,,,Panathinaikos,,,,,,,,,,,,,,,,,,,,,,,,,,,,,682626,2024-01-28 18:30:00,2024
Volos NFC,,,,,,,,,,,,,,,,,,,,,,,,,,,,,Panetolikos,,,,,,,,,,,,,,,,,,,,,,,,,,,,,682636,2024-02-03 15:30:00,2024
Panserraikos FC,,,,,,,,,,,,,,,,,,,,,,,,,,,,,Aris,,,,,,,,,,,,,,,,,,,,,,,,,,,,,682542,2024-02-03 17:30:00,2024
OFI Crete,,,,,,,,,,,,,,,,,,,,,,,,,,,,,Kifisia,,,,,,,,,,,,,,,,,,,,,,,,,,,,,682633,2024-02-04 14:00:00,2024
AEK Athens,,,,,,,,,,,,,,,,,,,,,,,,,,,,,Asteras Tripoli,,,,,,,,,,,,,,,,,,,,,,,,,,,,,682637,2024-02-04 15:30:00,2024
Pas Giannina,,,,,,,,,,,,,,,,,,,,,,,,,,,,,Lamia,,,,,,,,,,,,,,,,,,,,,,,,,,,,,682634,2024-02-04 15:30:00,2024
Atromitos,,,,,,,,,,,,,,,,,,,,,,,,,,,,,PAOK,,,,,,,,,,,,,,,,,,,,,,,,,,,,,682638,2024-02-04 18:30:00,2024
Panathinaikos,,,,,,,,,,,,,,,,,,,,,,,,,,,,,Olympiacos,,,,,,,,,,,,,,,,,,,,,,,,,,,,,682635,2024-02-04 19:00:00,2024
Olympiacos,,,,,,,,,,,,,,,,,,,,,,,,,,,,,OFI Crete,,,,,,,,,,,,,,,,,,,,,,,,,,,,,682644,2024-02-10 15:30:00,2024
Pas Giannina,,,,,,,,,,,,,,,,,,,,,,,,,,,,,Aris,,,,,,,,,,,,,,,,,,,,,,,,,,,,,682640,2024-02-10 17:00:00,2024
Panetolikos,,,,,,,,,,,,,,,,,,,,,,,,,,,,,Atromitos,,,,,,,,,,,,,,,,,,,,,,,,,,,,,682645,2024-02-10 17:30:00,2024
Kifisia,,,,,,,,,,,,,,,,,,,,,,,,,,,,,Volos NFC,,,,,,,,,,,,,,,,,,,,,,,,,,,,,682642,2024-02-11 14:00:00,2024
Panserraikos FC,,,,,,,,,,,,,,,,,,,,,,,,,,,,,Panathinaikos,,,,,,,,,,,,,,,,,,,,,,,,,,,,,682641,2024-02-11 15:00:00,2024
Lamia,,,,,,,,,,,,,,,,,,,,,,,,,,,,,Asteras Tripoli,,,,,,,,,,,,,,,,,,,,,,,,,,,,,682643,2024-02-11 17:30:00,2024
PAOK,,,,,,,,,,,,,,,,,,,,,,,,,,,,,AEK Athens,,,,,,,,,,,,,,,,,,,,,,,,,,,,,682639,2024-02-11 18:00:00,2024
Atromitos,,,,,,,,,,,,,,,,,,,,,,,,,,,,,Aris,,,,,,,,,,,,,,,,,,,,,,,,,,,,,682650,2024-02-17 17:30:00,2024
Panathinaikos,,,,,,,,,,,,,,,,,,,,,,,,,,,,,Lamia,,,,,,,,,,,,,,,,,,,,,,,,,,,,,682652,2024-02-17 18:30:00,2024
Volos NFC,,,,,,,,,,,,,,,,,,,,,,,,,,,,,Pas Giannina,,,,,,,,,,,,,,,,,,,,,,,,,,,,,682648,2024-02-18 13:30:00,2024
AEK Athens,,,,,,,,,,,,,,,,,,,,,,,,,,,,,Kifisia,,,,,,,,,,,,,,,,,,,,,,,,,,,,,682646,2024-02-18 17:00:00,2024
PAOK,,,,,,,,,,,,,,,,,,,,,,,,,,,,,Olympiacos,,,,,,,,,,,,,,,,,,,,,,,,,,,,,682651,2024-02-18 18:30:00,2024
OFI Crete,,,,,,,,,,,,,,,,,,,,,,,,,,,,,Panserraikos FC,,,,,,,,,,,,,,,,,,,,,,,,,,,,,682647,2024-02-19 15:30:00,2024
Asteras Tripoli,,,,,,,,,,,,,,,,,,,,,,,,,,,,,Panetolikos,,,,,,,,,,,,,,,,,,,,,,,,,,,,,682649,2024-02-19 16:00:00,2024
Lamia,,,,,,,,,,,,,,,,,,,,,,,,,,,,,AEK Athens,,,,,,,,,,,,,,,,,,,,,,,,,,,,,682655,2024-02-24 17:00:00,2024
Panserraikos FC,,,,,,,,,,,,,,,,,,,,,,,,,,,,,Atromitos,,,,,,,,,,,,,,,,,,,,,,,,,,,,,682654,2024-02-24 17:30:00,2024
Pas Giannina,,,,,,,,,,,,,,,,,,,,,,,,,,,,,OFI Crete,,,,,,,,,,,,,,,,,,,,,,,,,,,,,682653,2024-02-25 14:30:00,2024
Panetolikos,,,,,,,,,,,,,,,,,,,,,,,,,,,,,PAOK,,,,,,,,,,,,,,,,,,,,,,,,,,,,,682656,2024-02-25 15:00:00,2024
Olympiacos,,,,,,,,,,,,,,,,,,,,,,,,,,,,,Asteras Tripoli,,,,,,,,,,,,,,,,,,,,,,,,,,,,,682658,2024-02-25 16:00:00,2024
Aris,,,,,,,,,,,,,,,,,,,,,,,,,,,,,Volos NFC,,,,,,,,,,,,,,,,,,,,,,,,,,,,,682657,2024-02-25 17:30:00,2024
Panathinaikos,,,,,,,,,,,,,,,,,,,,,,,,,,,,,Kifisia,,,,,,,,,,,,,,,,,,,,,,,,,,,,,682562,2024-02-25 18:00:00,2024
Asteras Tripoli,,,,,,,,,,,,,,,,,,,,,,,,,,,,,Kifisia,,,,,,,,,,,,,,,,,,,,,,,,,,,,,682661,2024-02-28 13:00:00,2024
Volos NFC,,,,,,,,,,,,,,,,,,,,,,,,,,,,,OFI Crete,,,,,,,,,,,,,,,,,,,,,,,,,,,,,682660,2024-02-28 13:00:00,2024
Atromitos,,,,,,,,,,,,,,,,,,,,,,,,,,,,,Lamia,,,,,,,,,,,,,,,,,,,,,,,,,,,,,682664,2024-02-28 15:00:00,2024
Panetolikos,,,,,,,,,,,,,,,,,,,,,,,,,,,,,Olympiacos,,,,,,,,,,,,,,,,,,,,,,,,,,,,,682665,2024-02-28 15:00:00,2024
AEK Athens,,,,,,,,,,,,,,,,,,,,,,,,,,,,,Pas Giannina,,,,,,,,,,,,,,,,,,,,,,,,,,,,,682663,2024-02-28 17:00:00,2024
Panserraikos FC,,,,,,,,,,,,,,,,,,,,,,,,,,,,,PAOK,,,,,,,,,,,,,,,,,,,,,,,,,,,,,682572,2024-02-28 18:00:00,2024
Panathinaikos,,,,,,,,,,,,,,,,,,,,,,,,,,,,,Aris,,,,,,,,,,,,,,,,,,,,,,,,,,,,,682666,2024-02-28 19:00:00,2024
Panserraikos FC,,,,,,,,,,,,,,,,,,,,,,,,,,,,,Asteras Tripoli,,,,,,,,,,,,,,,,,,,,,,,,,,,,,682670,2024-03-03 17:30:00,2024
Lamia,,,,,,,,,,,,,,,,,,,,,,,,,,,,,PAOK,,,,,,,,,,,,,,,,,,,,,,,,,,,,,682667,2024-03-03 17:30:00,2024
Olympiacos,,,,,,,,,,,,,,,,,,,,,,,,,,,,,Volos NFC,,,,,,,,,,,,,,,,,,,,,,,,,,,,,682669,2024-03-03 17:30:00,2024
OFI Crete,,,,,,,,,,,,,,,,,,,,,,,,,,,,,Panathinaikos,,,,,,,,,,,,,,,,,,,,,,,,,,,,,682668,2024-03-03 17:30:00,2024
Pas Giannina,,,,,,,,,,,,,,,,,,,,,,,,,,,,,Atromitos,,,,,,,,,,,,,,,,,,,,,,,,,,,,,682673,2024-03-03 17:30:00,2024
Aris,,,,,,,,,,,,,,,,,,,,,,,,,,,,,AEK Athens,,,,,,,,,,,,,,,,,,,,,,,,,,,,,682671,2024-03-03 17:30:00,2024
Kifisia,,,,,,,,,,,,,,,,,,,,,,,,,,,,,Panetolikos,,,,,,,,,,,,,,,,,,,,,,,,,,,,,682672,2024-03-03 17:30:00,2024
Lamia,,,,,,,,,,,,,,,,,,,,,,,,,,,,,AEK Athens,,,,,,,,,,,,,,,,,,,,,,,,,,,,,699782,2024-03-10 15:00:00,2024
Olympiacos,,,,,,,,,,,,,,,,,,,,,,,,,,,,,Panathinaikos,,,,,,,,,,,,,,,,,,,,,,,,,,,,,699780,2024-03-10 18:30:00,2024
PAOK,,,,,,,,,,,,,,,,,,,,,,,,,,,,,Aris,,,,,,,,,,,,,,,,,,,,,,,,,,,,,699781,2024-03-10 19:00:00,2024
Asteras Tripoli,,,,,,,,,,,,,,,,,,,,,,,,,,,,,Volos NFC,,,,,,,,,,,,,,,,,,,,,,,,,,,,,699783,2024-03-16 15:00:00,2024
Kifisia,,,,,,,,,,,,,,,,,,,,,,,,,,,,,OFI Crete,,,,,,,,,,,,,,,,,,,,,,,,,,,,,699785,2024-03-16 15:30:00,2024
Atromitos,,,,,,,,,,,,,,,,,,,,,,,,,,,,,Pas Giannina,,,,,,,,,,,,,,,,,,,,,,,,,,,,,699784,2024-03-16 17:30:00,2024
Panetolikos,,,,,,,,,,,,,,,,,,,,,,,,,,,,,Panserraikos FC,,,,,,,,,,,,,,,,,,,,,,,,,,,,,699786,2024-03-16 18:00:00,2024
Panserraikos FC,,,,,,,,,,,,,,,,,,,,,,,,,,,,,Asteras Tripoli,,,,,,,,,,,,,,,,,,,,,,,,,,,,,700495,2024-03-30 13:00:00,2024
Volos NFC,,,,,,,,,,,,,,,,,,,,,,,,,,,,,Kifisia,,,,,,,,,,,,,,,,,,,,,,,,,,,,,700496,2024-03-30 15:30:00,2024
Pas Giannina,,,,,,,,,,,,,,,,,,,,,,,,,,,,,Panetolikos,,,,,,,,,,,,,,,,,,,,,,,,,,,,,700494,2024-03-30 17:30:00,2024
OFI Crete,,,,,,,,,,,,,,,,,,,,,,,,,,,,,Atromitos,,,,,,,,,,,,,,,,,,,,,,,,,,,,,700493,2024-03-30 18:00:00,2024
Panathinaikos,,,,,,,,,,,,,,,,,,,,,,,,,,,,,PAOK,,,,,,,,,,,,,,,,,,,,,,,,,,,,,699872,2024-03-31 15:00:00,2024
AEK Athens,,,,,,,,,,,,,,,,,,,,,,,,,,,,,Olympiacos,,,,,,,,,,,,,,,,,,,,,,,,,,,,,699873,2024-03-31 17:30:00,2024
Aris,,,,,,,,,,,,,,,,,,,,,,,,,,,,,Lamia,,,,,,,,,,,,,,,,,,,,,,,,,,,,,699874,2024-03-31 17:30:00,2024
Olympiacos,,,,,,,,,,,,,,,,,,,,,,,,,,,,,Aris,,,,,,,,,,,,,,,,,,,,,,,,,,,,,699875,2024-04-03 16:00:00,2024
PAOK,,,,,,,,,,,,,,,,,,,,,,,,,,,,,Lamia,,,,,,,,,,,,,,,,,,,,,,,,,,,,,699876,2024-04-03 16:30:00,2024
Panathinaikos,,,,,,,,,,,,,,,,,,,,,,,,,,,,,AEK Athens,,,,,,,,,,,,,,,,,,,,,,,,,,,,,699877,2024-04-03 18:00:00,2024
Atromitos,,,,,,,,,,,,,,,,,,,,,,,,,,,,,Panserraikos FC,,,,,,,,,,,,,,,,,,,,,,,,,,,,,700498,2024-04-06 14:00:00,2024
Panetolikos,,,,,,,,,,,,,,,,,,,,,,,,,,,,,Volos NFC,,,,,,,,,,,,,,,,,,,,,,,,,,,,,700500,2024-04-06 16:30:00,2024
Asteras Tripoli,,,,,,,,,,,,,,,,,,,,,,,,,,,,,Kifisia,,,,,,,,,,,,,,,,,,,,,,,,,,,,,700499,2024-04-06 16:30:00,2024
OFI Crete,,,,,,,,,,,,,,,,,,,,,,,,,,,,,Pas Giannina,,,,,,,,,,,,,,,,,,,,,,,,,,,,,700497,2024-04-06 17:00:00,2024
Lamia,,,,,,,,,,,,,,,,,,,,,,,,,,,,,Olympiacos,,,,,,,,,,,,,,,,,,,,,,,,,,,,,699878,2024-04-07 14:00:00,2024
Aris,,,,,,,,,,,,,,,,,,,,,,,,,,,,,Panathinaikos,,,,,,,,,,,,,,,,,,,,,,,,,,,,,699879,2024-04-07 16:30:00,2024
AEK Athens,,,,,,,,,,,,,,,,,,,,,,,,,,,,,PAOK,,,,,,,,,,,,,,,,,,,,,,,,,,,,,699880,2024-04-07 17:30:00,2024
Panserraikos FC,,,,,,,,,,,,,,,,,,,,,,,,,,,,,OFI Crete,,,,,,,,,,,,,,,,,,,,,,,,,,,,,700503,2024-04-13 12:00:00,2024
Volos NFC,,,,,,,,,,,,,,,,,,,,,,,,,,,,,Atromitos,,,,,,,,,,,,,,,,,,,,,,,,,,,,,700504,2024-04-13 14:30:00,2024
Pas Giannina,,,,,,,,,,,,,,,,,,,,,,,,,,,,,Asteras Tripoli,,,,,,,,,,,,,,,,,,,,,,,,,,,,,700502,2024-04-13 16:30:00,2024
Kifisia,,,,,,,,,,,,,,,,,,,,,,,,,,,,,Panetolikos,,,,,,,,,,,,,,,,,,,,,,,,,,,,,700501,2024-04-13 17:00:00,2024
Panathinaikos,,,,,,,,,,,,,,,,,,,,,,,,,,,,,Lamia,,,,,,,,,,,,,,,,,,,,,,,,,,,,,699881,2024-04-14 14:00:00,2024
AEK Athens,,,,,,,,,,,,,,,,,,,,,,,,,,,,,Aris,,,,,,,,,,,,,,,,,,,,,,,,,,,,,699883,2024-04-14 17:30:00,2024
OFI Crete,,,,,,,,,,,,,,,,,,,,,,,,,,,,,Volos NFC,,,,,,,,,,,,,,,,,,,,,,,,,,,,,700507,2024-04-20 15:30:00,2024
Atromitos,,,,,,,,,,,,,,,,,,,,,,,,,,,,,Kifisia,,,,,,,,,,,,,,,,,,,,,,,,,,,,,700506,2024-04-20 16:30:00,2024
Asteras Tripoli,,,,,,,,,,,,,,,,,,,,,,,,,,,,,Panetolikos,,,,,,,,,,,,,,,,,,,,,,,,,,,,,700505,2024-04-20 16:30:00,2024
Panserraikos FC,,,,,,,,,,,,,,,,,,,,,,,,,,,,,Pas Giannina,,,,,,,,,,,,,,,,,,,,,,,,,,,,,700508,2024-04-21 12:00:00,2024
Lamia,,,,,,,,,,,,,,,,,,,,,,,,,,,,,Panathinaikos,,,,,,,,,,,,,,,,,,,,,,,,,,,,,699884,2024-04-21 14:00:00,2024
Aris,,,,,,,,,,,,,,,,,,,,,,,,,,,,,AEK Athens,,,,,,,,,,,,,,,,,,,,,,,,,,,,,699885,2024-04-21 16:30:00,2024
Olympiacos,,,,,,,,,,,,,,,,,,,,,,,,,,,,,PAOK,,,,,,,,,,,,,,,,,,,,,,,,,,,,,699886,2024-04-21 17:30:00,2024
Lamia,,,,,,,,,,,,,,,,,,,,,,,,,,,,,PAOK,,,,,,,,,,,,,,,,,,,,,,,,,,,,,699887,2024-04-24 14:00:00,2024
Aris,,,,,,,,,,,,,,,,,,,,,,,,,,,,,Olympiacos,,,,,,,,,,,,,,,,,,,,,,,,,,,,,699888,2024-04-24 16:30:00,2024
AEK Athens,,,,,,,,,,,,,,,,,,,,,,,,,,,,,Panathinaikos,,,,,,,,,,,,,,,,,,,,,,,,,,,,,699889,2024-04-24 17:30:00,2024
Volos NFC,,,,,,,,,,,,,,,,,,,,,,,,,,,,,Panserraikos FC,,,,,,,,,,,,,,,,,,,,,,,,,,,,,700512,2024-04-27 17:00:00,2024
Panetolikos,,,,,,,,,,,,,,,,,,,,,,,,,,,,,Atromitos,,,,,,,,,,,,,,,,,,,,,,,,,,,,,700511,2024-04-27 17:00:00,2024
Kifisia,,,,,,,,,,,,,,,,,,,,,,,,,,,,,Pas Giannina,,,,,,,,,,,,,,,,,,,,,,,,,,,,,700510,2024-04-27 17:00:00,2024
Asteras Tripoli,,,,,,,,,,,,,,,,,,,,,,,,,,,,,OFI Crete,,,,,,,,,,,,,,,,,,,,,,,,,,,,,700509,2024-04-27 17:00:00,2024
Olympiacos,,,,,,,,,,,,,,,,,,,,,,,,,,,,,Lamia,,,,,,,,,,,,,,,,,,,,,,,,,,,,,699890,2024-04-28 14:00:00,2024
PAOK,,,,,,,,,,,,,,,,,,,,,,,,,,,,,AEK Athens,,,,,,,,,,,,,,,,,,,,,,,,,,,,,699891,2024-04-28 16:30:00,2024
Panathinaikos,,,,,,,,,,,,,,,,,,,,,,,,,,,,,Aris,,,,,,,,,,,,,,,,,,,,,,,,,,,,,699892,2024-04-28 17:30:00,2024
OFI Crete,,,,,,,,,,,,,,,,,,,,,,,,,,,,,Panetolikos,,,,,,,,,,,,,,,,,,,,,,,,,,,,,700514,2024-05-11 17:00:00,2024
Panserraikos FC,,,,,,,,,,,,,,,,,,,,,,,,,,,,,Kifisia,,,,,,,,,,,,,,,,,,,,,,,,,,,,,700515,2024-05-11 17:00:00,2024
Atromitos,,,,,,,,,,,,,,,,,,,,,,,,,,,,,Asteras Tripoli,,,,,,,,,,,,,,,,,,,,,,,,,,,,,700513,2024-05-11 17:00:00,2024
Pas Giannina,,,,,,,,,,,,,,,,,,,,,,,,,,,,,Volos NFC,,,,,,,,,,,,,,,,,,,,,,,,,,,,,700516,2024-05-11 17:00:00,2024
PAOK,,,,,,,,,,,,,,,,,,,,,,,,,,,,,Olympiacos,,,,,,,,,,,,,,,,,,,,,,,,,,,,,699882,2024-05-12 17:00:00,2024
Lamia,,,,,,,,,,,,,,,,,,,,,,,,,,,,,Aris,,,,,,,,,,,,,,,,,,,,,,,,,,,,,699893,2024-05-15 15:00:00,2024
PAOK,,,,,,,,,,,,,,,,,,,,,,,,,,,,,Panathinaikos,,,,,,,,,,,,,,,,,,,,,,,,,,,,,699895,2024-05-15 17:00:00,2024
Olympiacos,,,,,,,,,,,,,,,,,,,,,,,,,,,,,AEK Athens,,,,,,,,,,,,,,,,,,,,,,,,,,,,,699894,2024-05-15 17:00:00,2024
AEK Athens,,,,,,,,,,,,,,,,,,,,,,,,,,,,,Lamia,,,,,,,,,,,,,,,,,,,,,,,,,,,,,699896,2024-05-19 17:00:00,2024
Panathinaikos,,,,,,,,,,,,,,,,,,,,,,,,,,,,,Olympiacos,,,,,,,,,,,,,,,,,,,,,,,,,,,,,699898,2024-05-19 17:00:00,2024
Aris,,,,,,,,,,,,,,,,,,,,,,,,,,,,,PAOK,,,,,,,,,,,,,,,,,,,,,,,,,,,,,699897,2024-05-19 17:00:00,2024
PAOK,12.0,1.0,0.0,0.0,9.0,3.0,63.7,18.0,7.0,0.4,2.0,2.0,0.0,0.0,0.0,0.0,0.0,0.0,0.0,0.0,0.0,6.0,0.0,0.0,0.0,0.0,0.0,0.0,Panserraikos FC,8.0,3.0,0.0,0.0,1.0,4.0,36.3,12.0,5.0,0.4,1.0,1.0,0.0,0.0,0.0,0.0,0.0,0.0,0.0,0.0,0.0,2.0,0.0,0.0,0.0,0.0,0.0,0.0,715555,2024-08-17 17:00:00,2024
Volos NFC,17.0,1.0,1.0,0.0,3.0,4.0,41.3,6.0,2.0,0.3,0.0,0.0,0.0,0.0,0.0,0.0,0.0,0.0,0.0,0.0,0.0,3.0,0.0,0.0,0.0,0.0,0.0,0.0,Olympiacos,20.0,2.0,0.0,0.0,3.0,2.0,58.7,16.0,5.0,0.3,0.0,0.0,0.0,0.0,0.0,0.0,0.0,0.0,0.0,0.0,0.0,4.0,0.0,0.0,0.0,0.0,0.0,0.0,715557,2024-08-17 17:00:00,2024
Levadiakos,14.0,3.0,0.0,0.0,2.0,0.0,59.1,12.0,2.0,0.2,0.0,0.0,0.0,0.0,0.0,0.0,0.0,0.0,0.0,0.0,0.0,2.0,0.0,0.0,0.0,0.0,0.0,0.0,Athens Kallithea,20.0,6.0,0.0,0.0,5.0,2.0,40.9,2.0,0.0,0.0,0.0,0.0,0.0,0.0,0.0,0.0,0.0,0.0,0.0,0.0,0.0,1.0,0.0,0.0,0.0,0.0,0.0,0.0,715553,2024-08-18 16:00:00,2024
Panathinaikos,13.0,3.0,1.0,0.0,8.0,2.0,66.1,13.0,1.0,0.1,0.0,0.0,0.0,0.0,0.0,0.0,0.0,0.0,0.0,0.0,0.0,5.0,0.0,0.0,0.0,0.0,0.0,0.0,Asteras Tripoli,14.0,3.0,0.0,0.0,2.0,1.0,33.9,10.0,3.0,0.3,0.0,0.0,0.0,0.0,0.0,0.0,0.0,0.0,0.0,0.0,0.0,1.0,0.0,0.0,0.0,0.0,0.0,0.0,715552,2024-08-18 17:00:00,2024
Atromitos,15.0,2.0,0.0,0.0,3.0,2.0,48.9,7.0,5.0,0.7,1.0,1.0,0.0,0.0,0.0,0.0,0.0,0.0,0.0,0.0,0.0,0.0,0.0,0.0,0.0,0.0,0.0,0.0,Aris,19.0,3.0,0.0,0.0,4.0,4.0,51.1,10.0,2.0,0.2,0.0,0.0,0.0,0.0,0.0,0.0,0.0,0.0,0.0,0.0,0.0,4.0,0.0,0.0,0.0,0.0,0.0,0.0,715558,2024-08-18 17:30:00,2024
AEK Athens,15.0,3.0,0.0,0.0,6.0,0.0,71.8,19.0,5.0,0.3,0.0,0.0,0.0,0.0,0.0,0.0,0.0,0.0,0.0,0.0,0.0,4.0,0.0,0.0,0.0,0.0,0.0,0.0,OFI Crete,9.0,2.0,0.0,0.0,1.0,2.0,28.2,5.0,0.0,0.0,0.0,0.0,0.0,0.0,0.0,0.0,0.0,0.0,0.0,0.0,0.0,3.0,0.0,0.0,0.0,0.0,0.0,0.0,715556,2024-08-18 19:00:00,2024
Panetolikos,13.0,2.0,1.0,0.0,4.0,3.0,46.3,13.0,4.0,0.3,0.0,1.0,0.0,0.0,0.0,0.0,0.0,0.0,0.0,0.0,0.0,3.0,0.0,0.0,0.0,0.0,0.0,0.0,Lamia,19.0,5.0,1.0,0.0,3.0,4.0,53.7,12.0,4.0,0.3,0.0,0.0,0.0,0.0,0.0,0.0,0.0,0.0,0.0,0.0,0.0,0.0,0.0,0.0,0.0,0.0,0.0,0.0,715554,2024-08-19 18:00:00,2024
OFI Crete,23.0,7.0,1.0,0.0,4.0,1.0,37.3,7.0,2.0,0.3,0.0,0.0,0.0,0.0,0.0,0.0,0.0,0.0,0.0,0.0,0.0,0.0,0.0,0.0,0.0,0.0,0.0,0.0,Atromitos,12.0,2.0,2.0,0.0,3.0,1.0,62.7,17.0,2.0,0.1,0.0,0.0,0.0,0.0,0.0,0.0,0.0,0.0,0.0,0.0,0.0,7.0,0.0,0.0,0.0,0.0,0.0,0.0,715563,2024-08-24 16:30:00,2024
Panserraikos FC,18.0,4.0,0.0,0.0,4.0,7.0,39.8,6.0,3.0,0.5,0.0,0.0,0.0,0.0,0.0,0.0,0.0,0.0,0.0,0.0,0.0,1.0,0.0,0.0,0.0,0.0,0.0,0.0,Aris,25.0,6.0,0.0,0.0,2.0,4.0,60.2,13.0,8.0,0.6,0.0,0.0,0.0,0.0,0.0,0.0,0.0,0.0,0.0,0.0,0.0,2.0,0.0,0.0,0.0,0.0,0.0,0.0,715560,2024-08-24 17:00:00,2024
AEK Athens,4.0,1.0,0.0,0.0,13.0,0.0,80.1,30.0,5.0,0.2,0.0,0.0,0.0,0.0,0.0,0.0,0.0,0.0,0.0,0.0,0.0,8.0,0.0,0.0,0.0,0.0,0.0,0.0,Lamia,15.0,4.0,0.0,0.0,1.0,4.0,19.9,3.0,1.0,0.3,0.0,0.0,0.0,0.0,0.0,0.0,0.0,0.0,0.0,0.0,0.0,1.0,0.0,0.0,0.0,0.0,0.0,0.0,715561,2024-08-24 18:30:00,2024
Asteras Tripoli,10.0,3.0,0.0,0.0,13.0,1.0,70.0,20.0,5.0,0.3,0.0,0.0,0.0,0.0,0.0,0.0,0.0,0.0,0.0,0.0,0.0,7.0,0.0,0.0,0.0,0.0,0.0,0.0,Volos NFC,16.0,4.0,0.0,0.0,0.0,4.0,30.0,5.0,2.0,0.4,0.0,0.0,0.0,0.0,0.0,0.0,0.0,0.0,0.0,0.0,0.0,1.0,0.0,0.0,0.0,0.0,0.0,0.0,715562,2024-08-25 16:00:00,2024
PAOK,16.0,2.0,0.0,0.0,4.0,2.0,63.4,16.0,9.0,0.6,0.0,0.0,0.0,0.0,0.0,0.0,0.0,0.0,0.0,0.0,0.0,3.0,0.0,0.0,0.0,0.0,0.0,0.0,Panetolikos,13.0,5.0,0.0,0.0,1.0,7.0,36.6,5.0,2.0,0.4,0.0,0.0,0.0,0.0,0.0,0.0,0.0,0.0,0.0,0.0,0.0,1.0,0.0,0.0,0.0,0.0,0.0,0.0,715559,2024-08-25 17:30:00,2024
Panathinaikos,13.0,2.0,0.0,0.0,7.0,3.0,71.7,16.0,5.0,0.3,0.0,0.0,0.0,0.0,0.0,0.0,0.0,0.0,0.0,0.0,0.0,6.0,0.0,0.0,0.0,0.0,0.0,0.0,Levadiakos,20.0,2.0,0.0,0.0,3.0,4.0,28.3,8.0,3.0,0.4,0.0,0.0,0.0,0.0,0.0,0.0,0.0,0.0,0.0,0.0,0.0,2.0,0.0,0.0,0.0,0.0,0.0,0.0,715564,2024-08-25 18:00:00,2024
Olympiacos,10.0,1.0,0.0,0.0,7.0,2.0,61.3,12.0,5.0,0.4,0.0,0.0,0.0,0.0,0.0,0.0,0.0,0.0,0.0,0.0,0.0,2.0,0.0,0.0,0.0,0.0,0.0,0.0,Athens Kallithea,16.0,2.0,0.0,0.0,3.0,3.0,38.7,10.0,3.0,0.3,0.0,0.0,0.0,0.0,0.0,0.0,0.0,0.0,0.0,0.0,0.0,5.0,0.0,0.0,0.0,0.0,0.0,0.0,715565,2024-08-26 17:30:00,2024
Lamia,14.0,2.0,0.0,0.0,4.0,4.0,37.4,10.0,3.0,0.3,0.0,0.0,0.0,0.0,0.0,0.0,0.0,0.0,0.0,0.0,0.0,4.0,0.0,0.0,0.0,0.0,0.0,0.0,Olympiacos,12.0,1.0,0.0,0.0,6.0,3.0,62.6,16.0,7.0,0.4,0.0,0.0,0.0,0.0,0.0,0.0,0.0,0.0,0.0,0.0,0.0,4.0,0.0,0.0,0.0,0.0,0.0,0.0,715568,2024-08-31 16:30:00,2024
Aris,13.0,3.0,0.0,0.0,4.0,4.0,61.3,16.0,6.0,0.4,0.0,0.0,0.0,0.0,0.0,0.0,0.0,0.0,0.0,0.0,0.0,5.0,0.0,0.0,0.0,0.0,0.0,0.0,Asteras Tripoli,20.0,1.0,1.0,0.0,3.0,5.0,38.7,10.0,5.0,0.5,0.0,0.0,0.0,0.0,0.0,0.0,0.0,0.0,0.0,0.0,0.0,2.0,0.0,0.0,0.0,0.0,0.0,0.0,715572,2024-08-31 17:00:00,2024
Panetolikos,15.0,4.0,0.0,0.0,3.0,5.0,41.6,15.0,7.0,0.5,0.0,0.0,0.0,0.0,0.0,0.0,0.0,0.0,0.0,0.0,0.0,5.0,0.0,0.0,0.0,0.0,0.0,0.0,Panserraikos FC,14.0,3.0,0.0,0.0,4.0,4.0,58.4,12.0,5.0,0.4,0.0,0.0,0.0,0.0,0.0,0.0,0.0,0.0,0.0,0.0,0.0,1.0,0.0,0.0,0.0,0.0,0.0,0.0,715566,2024-08-31 19:00:00,2024
Levadiakos,11.0,3.0,0.0,0.0,1.0,2.0,38.2,6.0,1.0,0.2,0.0,0.0,0.0,0.0,0.0,0.0,0.0,0.0,0.0,0.0,0.0,1.0,0.0,0.0,0.0,0.0,0.0,0.0,AEK Athens,19.0,3.0,0.0,0.0,6.0,0.0,61.8,15.0,4.0,0.3,0.0,0.0,0.0,0.0,0.0,0.0,0.0,0.0,0.0,0.0,0.0,5.0,0.0,0.0,0.0,0.0,0.0,0.0,715567,2024-09-01 16:00:00,2024
Volos NFC,27.0,3.0,0.0,0.0,7.0,0.0,63.4,11.0,3.0,0.3,0.0,0.0,0.0,0.0,0.0,0.0,0.0,0.0,0.0,0.0,0.0,2.0,0.0,0.0,0.0,0.0,0.0,0.0,OFI Crete,19.0,2.0,0.0,0.0,0.0,2.0,36.6,6.0,3.0,0.5,0.0,0.0,0.0,0.0,0.0,0.0,0.0,0.0,0.0,0.0,0.0,1.0,0.0,0.0,0.0,0.0,0.0,0.0,715569,2024-09-01 16:30:00,2024
Atromitos,16.0,4.0,0.0,0.0,4.0,2.0,43.9,7.0,3.0,0.4,1.0,1.0,0.0,0.0,0.0,0.0,0.0,0.0,0.0,0.0,0.0,2.0,0.0,0.0,0.0,0.0,0.0,0.0,PAOK,16.0,3.0,0.0,0.0,2.0,2.0,56.1,8.0,4.0,0.5,0.0,0.0,0.0,0.0,0.0,0.0,0.0,0.0,0.0,0.0,0.0,2.0,0.0,0.0,0.0,0.0,0.0,0.0,715571,2024-09-01 17:30:00,2024
Athens Kallithea,24.0,4.0,0.0,0.0,9.0,6.0,40.3,26.0,8.0,0.3,0.0,0.0,0.0,0.0,0.0,0.0,0.0,0.0,0.0,0.0,0.0,8.0,0.0,0.0,0.0,0.0,0.0,0.0,Panathinaikos,7.0,2.0,0.0,0.0,3.0,6.0,59.7,18.0,8.0,0.4,0.0,0.0,0.0,0.0,0.0,0.0,0.0,0.0,0.0,0.0,0.0,6.0,0.0,0.0,0.0,0.0,0.0,0.0,715570,2024-09-01 19:00:00,2024
Lamia,15.0,2.0,0.0,0.0,1.0,4.0,50.1,10.0,2.0,0.2,0.0,0.0,0.0,0.0,0.0,0.0,0.0,0.0,0.0,0.0,0.0,3.0,0.0,0.0,0.0,0.0,0.0,0.0,Athens Kallithea,20.0,2.0,0.0,0.0,3.0,2.0,49.9,12.0,4.0,0.3,0.0,0.0,0.0,0.0,0.0,0.0,0.0,0.0,0.0,0.0,0.0,3.0,0.0,0.0,0.0,0.0,0.0,0.0,715574,2024-09-14 15:00:00,2024
Asteras Tripoli,15.0,1.0,0.0,0.0,6.0,0.0,67.9,14.0,5.0,0.4,1.0,1.0,0.0,0.0,0.0,0.0,0.0,0.0,0.0,0.0,0.0,1.0,0.0,0.0,0.0,0.0,0.0,0.0,Atromitos,17.0,5.0,0.0,0.0,1.0,4.0,32.1,8.0,2.0,0.3,0.0,0.0,0.0,0.0,0.0,0.0,0.0,0.0,0.0,0.0,0.0,0.0,0.0,0.0,0.0,0.0,0.0,0.0,715579,2024-09-14 17:00:00,2024
Panserraikos FC,,,,,,,,,,,,,,,,,,,,,,,,,,,,,Levadiakos,,,,,,,,,,,,,,,,,,,,,,,,,,,,,715578,2024-09-15 13:30:00,2024
Olympiacos,6.0,0.0,0.0,0.0,8.0,0.0,72.8,31.0,5.0,0.2,0.0,0.0,0.0,0.0,0.0,0.0,0.0,0.0,0.0,0.0,0.0,10.0,0.0,0.0,0.0,0.0,0.0,0.0,Panetolikos,10.0,2.0,0.0,0.0,0.0,4.0,27.2,7.0,0.0,0.0,0.0,0.0,0.0,0.0,0.0,0.0,0.0,0.0,0.0,0.0,0.0,0.0,0.0,0.0,0.0,0.0,0.0,0.0,715575,2024-09-15 15:30:00,2024
PAOK,16.0,1.0,0.0,0.0,6.0,4.0,50.6,15.0,3.0,0.2,0.0,0.0,0.0,0.0,0.0,0.0,0.0,0.0,0.0,0.0,0.0,6.0,0.0,0.0,0.0,0.0,0.0,0.0,Panathinaikos,14.0,3.0,0.0,0.0,4.0,3.0,49.4,7.0,4.0,0.6,0.0,0.0,0.0,0.0,0.0,0.0,0.0,0.0,0.0,0.0,0.0,2.0,0.0,0.0,0.0,0.0,0.0,0.0,715573,2024-09-15 17:30:00,2024
OFI Crete,19.0,3.0,0.0,0.0,6.0,3.0,35.5,15.0,6.0,0.4,1.0,1.0,0.0,0.0,0.0,0.0,0.0,0.0,0.0,0.0,0.0,5.0,0.0,0.0,0.0,0.0,0.0,0.0,Aris,17.0,2.0,0.0,0.0,7.0,3.0,64.5,17.0,5.0,0.3,2.0,2.0,0.0,0.0,0.0,0.0,0.0,0.0,0.0,0.0,0.0,4.0,0.0,0.0,0.0,0.0,0.0,0.0,715576,2024-09-15 17:30:00,2024
AEK Athens,14.0,2.0,0.0,0.0,3.0,1.0,52.8,15.0,5.0,0.3,0.0,0.0,0.0,0.0,0.0,0.0,0.0,0.0,0.0,0.0,0.0,6.0,0.0,0.0,0.0,0.0,0.0,0.0,Volos NFC,14.0,3.0,0.0,0.0,5.0,3.0,47.2,9.0,2.0,0.2,0.0,0.0,0.0,0.0,0.0,0.0,0.0,0.0,0.0,0.0,0.0,1.0,0.0,0.0,0.0,0.0,0.0,0.0,715577,2024-09-16 17:00:00,2024
Volos NFC,15.0,2.0,1.0,0.0,4.0,4.0,43.3,12.0,8.0,0.7,0.0,1.0,0.0,0.0,0.0,0.0,0.0,0.0,0.0,0.0,0.0,1.0,0.0,0.0,0.0,0.0,0.0,0.0,PAOK,18.0,1.0,0.0,0.0,5.0,7.0,56.7,17.0,8.0,0.5,1.0,1.0,0.0,0.0,0.0,0.0,0.0,0.0,0.0,0.0,0.0,6.0,0.0,0.0,0.0,0.0,0.0,0.0,715581,2024-09-21 14:00:00,2024
Aris,12.0,2.0,0.0,0.0,3.0,1.0,38.4,7.0,4.0,0.6,0.0,0.0,0.0,0.0,0.0,0.0,0.0,0.0,0.0,0.0,0.0,0.0,0.0,0.0,0.0,0.0,0.0,0.0,Olympiacos,17.0,4.0,0.0,0.0,5.0,1.0,61.6,13.0,2.0,0.2,0.0,0.0,0.0,0.0,0.0,0.0,0.0,0.0,0.0,0.0,0.0,5.0,0.0,0.0,0.0,0.0,0.0,0.0,715583,2024-09-21 17:00:00,2024
Panetolikos,10.0,4.0,0.0,0.0,1.0,3.0,57.4,11.0,2.0,0.2,0.0,0.0,0.0,0.0,0.0,0.0,0.0,0.0,0.0,0.0,0.0,3.0,0.0,0.0,0.0,0.0,0.0,0.0,Asteras Tripoli,17.0,5.0,1.0,0.0,3.0,1.0,42.6,8.0,3.0,0.4,0.0,0.0,0.0,0.0,0.0,0.0,0.0,0.0,0.0,0.0,0.0,1.0,0.0,0.0,0.0,0.0,0.0,0.0,715580,2024-09-21 17:30:00,2024
Levadiakos,18.0,3.0,0.0,0.0,4.0,1.0,50.1,14.0,4.0,0.3,0.0,0.0,0.0,0.0,0.0,0.0,0.0,0.0,0.0,0.0,0.0,4.0,0.0,0.0,0.0,0.0,0.0,0.0,OFI Crete,22.0,3.0,0.0,0.0,2.0,3.0,49.9,2.0,2.0,1.0,0.0,0.0,0.0,0.0,0.0,0.0,0.0,0.0,0.0,0.0,0.0,0.0,0.0,0.0,0.0,0.0,0.0,0.0,715582,2024-09-22 13:30:00,2024
Panathinaikos,10.0,1.0,0.0,0.0,7.0,5.0,66.9,22.0,11.0,0.5,0.0,0.0,0.0,0.0,0.0,0.0,0.0,0.0,0.0,0.0,0.0,7.0,0.0,0.0,0.0,0.0,0.0,0.0,Panserraikos FC,16.0,4.0,0.0,0.0,3.0,8.0,33.1,13.0,6.0,0.5,0.0,0.0,0.0,0.0,0.0,0.0,0.0,0.0,0.0,0.0,0.0,1.0,0.0,0.0,0.0,0.0,0.0,0.0,715585,2024-09-22 15:00:00,2024
Atromitos,13.0,1.0,0.0,0.0,6.0,1.0,56.3,12.0,8.0,0.7,0.0,0.0,0.0,0.0,0.0,0.0,0.0,0.0,0.0,0.0,0.0,0.0,0.0,0.0,0.0,0.0,0.0,0.0,Lamia,11.0,1.0,0.0,0.0,2.0,4.0,43.7,5.0,2.0,0.4,0.0,0.0,0.0,0.0,0.0,0.0,0.0,0.0,0.0,0.0,0.0,1.0,0.0,0.0,0.0,0.0,0.0,0.0,715584,2024-09-22 17:30:00,2024
Athens Kallithea,11.0,3.0,0.0,0.0,2.0,5.0,33.5,11.0,2.0,0.2,0.0,0.0,0.0,0.0,0.0,0.0,0.0,0.0,0.0,0.0,0.0,2.0,0.0,0.0,0.0,0.0,0.0,0.0,AEK Athens,17.0,5.0,0.0,0.0,13.0,2.0,66.5,18.0,5.0,0.3,0.0,0.0,0.0,0.0,0.0,0.0,0.0,0.0,0.0,0.0,0.0,5.0,0.0,0.0,0.0,0.0,0.0,0.0,715586,2024-09-22 18:00:00,2024
Volos NFC,15.0,2.0,0.0,0.0,6.0,0.0,50.9,17.0,6.0,0.4,0.0,0.0,0.0,0.0,0.0,0.0,0.0,0.0,0.0,0.0,0.0,4.0,0.0,0.0,0.0,0.0,0.0,0.0,Athens Kallithea,20.0,1.0,0.0,0.0,4.0,5.0,49.1,5.0,1.0,0.2,0.0,0.0,0.0,0.0,0.0,0.0,0.0,0.0,0.0,0.0,0.0,3.0,0.0,0.0,0.0,0.0,0.0,0.0,715591,2024-09-28 14:00:00,2024
Asteras Tripoli,13.0,2.0,0.0,0.0,4.0,2.0,57.1,10.0,2.0,0.2,0.0,0.0,0.0,0.0,0.0,0.0,0.0,0.0,0.0,0.0,0.0,2.0,0.0,0.0,0.0,0.0,0.0,0.0,Levadiakos,14.0,3.0,0.0,0.0,3.0,1.0,42.9,12.0,2.0,0.2,0.0,1.0,0.0,0.0,0.0,0.0,0.0,0.0,0.0,0.0,0.0,4.0,0.0,0.0,0.0,0.0,0.0,0.0,715592,2024-09-28 17:00:00,2024
OFI Crete,11.0,2.0,0.0,0.0,4.0,2.0,51.7,9.0,3.0,0.3,0.0,0.0,0.0,0.0,0.0,0.0,0.0,0.0,0.0,0.0,0.0,2.0,0.0,0.0,0.0,0.0,0.0,0.0,Panetolikos,13.0,4.0,0.0,0.0,2.0,2.0,48.3,10.0,3.0,0.3,0.0,0.0,0.0,0.0,0.0,0.0,0.0,0.0,0.0,0.0,0.0,2.0,0.0,0.0,0.0,0.0,0.0,0.0,715590,2024-09-29 14:00:00,2024
Olympiacos,17.0,2.0,0.0,0.0,5.0,2.0,51.9,15.0,7.0,0.5,1.0,1.0,0.0,0.0,0.0,0.0,0.0,0.0,0.0,0.0,0.0,2.0,0.0,0.0,0.0,0.0,0.0,0.0,Atromitos,7.0,1.0,0.0,0.0,5.0,5.0,48.1,7.0,2.0,0.3,0.0,0.0,0.0,0.0,0.0,0.0,0.0,0.0,0.0,0.0,0.0,3.0,0.0,0.0,0.0,0.0,0.0,0.0,715589,2024-09-29 15:00:00,2024
PAOK,8.0,2.0,0.0,0.0,5.0,5.0,59.5,17.0,3.0,0.2,0.0,0.0,0.0,0.0,0.0,0.0,0.0,0.0,0.0,0.0,0.0,4.0,0.0,0.0,0.0,0.0,0.0,0.0,Aris,11.0,3.0,0.0,0.0,5.0,3.0,40.5,8.0,5.0,0.6,0.0,0.0,0.0,0.0,0.0,0.0,0.0,0.0,0.0,0.0,0.0,1.0,0.0,0.0,0.0,0.0,0.0,0.0,715588,2024-09-29 17:30:00,2024
AEK Athens,19.0,6.0,0.0,0.0,6.0,2.0,44.6,13.0,4.0,0.3,1.0,1.0,0.0,0.0,0.0,0.0,0.0,0.0,0.0,0.0,0.0,3.0,0.0,0.0,0.0,0.0,0.0,0.0,Panathinaikos,16.0,4.0,0.0,0.0,1.0,2.0,55.4,7.0,2.0,0.3,0.0,0.0,0.0,0.0,0.0,0.0,0.0,0.0,0.0,0.0,0.0,3.0,0.0,0.0,0.0,0.0,0.0,0.0,715593,2024-09-29 18:30:00,2024
Lamia,7.0,1.0,1.0,0.0,6.0,4.0,41.5,10.0,2.0,0.2,0.0,0.0,0.0,0.0,0.0,0.0,0.0,0.0,0.0,0.0,0.0,1.0,0.0,0.0,0.0,0.0,0.0,0.0,Panserraikos FC,16.0,4.0,1.0,0.0,5.0,1.0,58.5,12.0,6.0,0.5,0.0,0.0,0.0,0.0,0.0,0.0,0.0,0.0,0.0,0.0,0.0,2.0,0.0,0.0,0.0,0.0,0.0,0.0,715587,2024-09-30 17:00:00,2024
Atromitos,12.0,1.0,1.0,0.0,5.0,1.0,59.1,14.0,3.0,0.2,0.0,0.0,0.0,0.0,0.0,0.0,0.0,0.0,0.0,0.0,0.0,3.0,0.0,0.0,0.0,0.0,0.0,0.0,Volos NFC,18.0,4.0,1.0,0.0,2.0,2.0,40.9,6.0,3.0,0.5,0.0,0.0,0.0,0.0,0.0,0.0,0.0,0.0,0.0,0.0,0.0,2.0,0.0,0.0,0.0,0.0,0.0,0.0,715600,2024-10-05 15:30:00,2024
Panetolikos,13.0,4.0,0.0,0.0,4.0,4.0,32.0,12.0,7.0,0.6,0.0,0.0,0.0,0.0,0.0,0.0,0.0,0.0,0.0,0.0,0.0,2.0,0.0,0.0,0.0,0.0,0.0,0.0,AEK Athens,14.0,4.0,0.0,0.0,4.0,6.0,68.0,19.0,3.0,0.2,0.0,0.0,0.0,0.0,0.0,0.0,0.0,0.0,0.0,0.0,0.0,3.0,0.0,0.0,0.0,0.0,0.0,0.0,715596,2024-10-05 16:30:00,2024
Aris,13.0,1.0,0.0,0.0,4.0,2.0,64.3,14.0,6.0,0.4,0.0,0.0,0.0,0.0,0.0,0.0,0.0,0.0,0.0,0.0,0.0,5.0,0.0,0.0,0.0,0.0,0.0,0.0,Lamia,19.0,3.0,0.0,0.0,1.0,4.0,35.7,11.0,2.0,0.2,0.0,0.0,0.0,0.0,0.0,0.0,0.0,0.0,0.0,0.0,0.0,1.0,0.0,0.0,0.0,0.0,0.0,0.0,715598,2024-10-05 17:00:00,2024
Panserraikos FC,14.0,3.0,0.0,0.0,7.0,4.0,52.1,16.0,7.0,0.4,0.0,0.0,0.0,0.0,0.0,0.0,0.0,0.0,0.0,0.0,0.0,5.0,0.0,0.0,0.0,0.0,0.0,0.0,OFI Crete,16.0,2.0,0.0,0.0,4.0,4.0,47.9,14.0,7.0,0.5,1.0,1.0,0.0,0.0,0.0,0.0,0.0,0.0,0.0,0.0,0.0,2.0,0.0,0.0,0.0,0.0,0.0,0.0,715599,2024-10-06 13:00:00,2024
Athens Kallithea,13.0,2.0,1.0,0.0,1.0,3.0,39.4,8.0,3.0,0.4,1.0,1.0,0.0,0.0,0.0,0.0,0.0,0.0,0.0,0.0,0.0,2.0,0.0,0.0,0.0,0.0,0.0,0.0,Asteras Tripoli,13.0,4.0,0.0,0.0,1.0,2.0,60.6,12.0,6.0,0.5,0.0,0.0,0.0,0.0,0.0,0.0,0.0,0.0,0.0,0.0,0.0,2.0,0.0,0.0,0.0,0.0,0.0,0.0,715595,2024-10-06 14:00:00,2024
Levadiakos,10.0,5.0,0.0,0.0,3.0,1.0,35.6,9.0,0.0,0.0,0.0,1.0,0.0,0.0,0.0,0.0,0.0,0.0,0.0,0.0,0.0,1.0,0.0,0.0,0.0,0.0,0.0,0.0,PAOK,17.0,5.0,0.0,0.0,3.0,0.0,64.4,10.0,3.0,0.3,1.0,1.0,0.0,0.0,0.0,0.0,0.0,0.0,0.0,0.0,0.0,4.0,0.0,0.0,0.0,0.0,0.0,0.0,715597,2024-10-06 17:30:00,2024
Panathinaikos,12.0,3.0,0.0,0.0,6.0,5.0,53.9,16.0,4.0,0.3,0.0,0.0,0.0,0.0,0.0,0.0,0.0,0.0,0.0,0.0,0.0,6.0,0.0,0.0,0.0,0.0,0.0,0.0,Olympiacos,13.0,4.0,0.0,0.0,7.0,4.0,46.1,19.0,7.0,0.4,0.0,0.0,0.0,0.0,0.0,0.0,0.0,0.0,0.0,0.0,0.0,6.0,0.0,0.0,0.0,0.0,0.0,0.0,715594,2024-10-06 17:30:00,2024
Volos NFC,9.0,3.0,0.0,0.0,8.0,5.0,58.2,27.0,6.0,0.2,0.0,0.0,0.0,0.0,0.0,0.0,0.0,0.0,0.0,0.0,0.0,14.0,0.0,0.0,0.0,0.0,0.0,0.0,Panserraikos FC,17.0,4.0,0.0,0.0,5.0,6.0,41.8,14.0,6.0,0.4,0.0,0.0,0.0,0.0,0.0,0.0,0.0,0.0,0.0,0.0,0.0,2.0,0.0,0.0,0.0,0.0,0.0,0.0,715602,2024-10-19 14:00:00,2024
Atromitos,9.0,1.0,0.0,0.0,8.0,3.0,67.3,19.0,4.0,0.2,0.0,0.0,0.0,0.0,0.0,0.0,0.0,0.0,0.0,0.0,0.0,7.0,0.0,0.0,0.0,0.0,0.0,0.0,Panetolikos,10.0,0.0,0.0,0.0,2.0,4.0,32.7,7.0,4.0,0.6,0.0,0.0,0.0,0.0,0.0,0.0,0.0,0.0,0.0,0.0,0.0,0.0,0.0,0.0,0.0,0.0,0.0,0.0,715605,2024-10-19 17:00:00,2024
Lamia,15.0,2.0,0.0,0.0,6.0,2.0,39.1,10.0,2.0,0.2,0.0,0.0,0.0,0.0,0.0,0.0,0.0,0.0,0.0,0.0,0.0,5.0,0.0,0.0,0.0,0.0,0.0,0.0,Asteras Tripoli,14.0,3.0,0.0,0.0,5.0,3.0,60.9,7.0,2.0,0.3,0.0,0.0,0.0,0.0,0.0,0.0,0.0,0.0,0.0,0.0,0.0,2.0,0.0,0.0,0.0,0.0,0.0,0.0,715603,2024-10-19 17:30:00,2024
Olympiacos,12.0,1.0,0.0,0.0,7.0,0.0,60.2,19.0,9.0,0.5,1.0,1.0,0.0,0.0,0.0,0.0,0.0,0.0,0.0,0.0,0.0,4.0,0.0,0.0,0.0,0.0,0.0,0.0,Levadiakos,18.0,6.0,0.0,0.0,2.0,7.0,39.8,6.0,2.0,0.3,1.0,1.0,0.0,0.0,0.0,0.0,0.0,0.0,0.0,0.0,0.0,2.0,0.0,0.0,0.0,0.0,0.0,0.0,715606,2024-10-20 13:00:00,2024
OFI Crete,13.0,3.0,0.0,0.0,3.0,1.0,39.7,17.0,5.0,0.3,0.0,0.0,0.0,0.0,0.0,0.0,0.0,0.0,0.0,0.0,0.0,6.0,0.0,0.0,0.0,0.0,0.0,0.0,Panathinaikos,16.0,3.0,0.0,0.0,4.0,5.0,60.3,8.0,2.0,0.3,0.0,0.0,0.0,0.0,0.0,0.0,0.0,0.0,0.0,0.0,0.0,4.0,0.0,0.0,0.0,0.0,0.0,0.0,715601,2024-10-20 15:00:00,2024
Aris,9.0,1.0,0.0,0.0,10.0,2.0,66.3,22.0,8.0,0.4,0.0,0.0,0.0,0.0,0.0,0.0,0.0,0.0,0.0,0.0,0.0,4.0,0.0,0.0,0.0,0.0,0.0,0.0,Athens Kallithea,15.0,3.0,1.0,0.0,0.0,7.0,33.7,4.0,2.0,0.5,0.0,0.0,0.0,0.0,0.0,0.0,0.0,0.0,0.0,0.0,0.0,0.0,0.0,0.0,0.0,0.0,0.0,0.0,715607,2024-10-20 17:00:00,2024
AEK Athens,8.0,2.0,0.0,0.0,5.0,1.0,64.8,13.0,2.0,0.2,0.0,0.0,0.0,0.0,0.0,0.0,0.0,0.0,0.0,0.0,0.0,4.0,0.0,0.0,0.0,0.0,0.0,0.0,PAOK,11.0,1.0,0.0,0.0,2.0,1.0,35.2,8.0,2.0,0.3,0.0,0.0,0.0,0.0,0.0,0.0,0.0,0.0,0.0,0.0,0.0,2.0,0.0,0.0,0.0,0.0,0.0,0.0,715604,2024-10-20 17:30:00,2024
Panetolikos,13.0,5.0,1.0,0.0,2.0,3.0,36.4,11.0,3.0,0.3,0.0,0.0,0.0,0.0,0.0,0.0,0.0,0.0,0.0,0.0,0.0,1.0,0.0,0.0,0.0,0.0,0.0,0.0,Volos NFC,19.0,4.0,0.0,0.0,5.0,2.0,63.6,18.0,4.0,0.2,1.0,1.0,0.0,0.0,0.0,0.0,0.0,0.0,0.0,0.0,0.0,4.0,0.0,0.0,0.0,0.0,0.0,0.0,715609,2024-10-26 14:00:00,2024
Levadiakos,13.0,3.0,0.0,0.0,3.0,2.0,58.3,9.0,5.0,0.6,2.0,2.0,0.0,0.0,0.0,0.0,0.0,0.0,0.0,0.0,0.0,1.0,0.0,0.0,0.0,0.0,0.0,0.0,Lamia,15.0,1.0,0.0,0.0,2.0,3.0,41.7,12.0,4.0,0.3,0.0,0.0,0.0,0.0,0.0,0.0,0.0,0.0,0.0,0.0,0.0,1.0,0.0,0.0,0.0,0.0,0.0,0.0,715613,2024-10-26 14:30:00,2024
Panserraikos FC,9.0,2.0,1.0,0.0,2.0,4.0,22.3,6.0,1.0,0.2,1.0,1.0,0.0,0.0,0.0,0.0,0.0,0.0,0.0,0.0,0.0,1.0,0.0,0.0,0.0,0.0,0.0,0.0,AEK Athens,12.0,3.0,0.0,0.0,11.0,0.0,77.7,28.0,4.0,0.1,0.0,0.0,0.0,0.0,0.0,0.0,0.0,0.0,0.0,0.0,0.0,10.0,0.0,0.0,0.0,0.0,0.0,0.0,715611,2024-10-26 17:00:00,2024
Asteras Tripoli,11.0,4.0,0.0,0.0,3.0,5.0,26.0,9.0,3.0,0.3,0.0,0.0,0.0,0.0,0.0,0.0,0.0,0.0,0.0,0.0,0.0,2.0,0.0,0.0,0.0,0.0,0.0,0.0,Olympiacos,5.0,1.0,0.0,0.0,8.0,2.0,74.0,22.0,5.0,0.2,0.0,0.0,0.0,0.0,0.0,0.0,0.0,0.0,0.0,0.0,0.0,5.0,0.0,0.0,0.0,0.0,0.0,0.0,715614,2024-10-27 15:00:00,2024
Panathinaikos,11.0,2.0,0.0,0.0,5.0,0.0,58.6,15.0,5.0,0.3,0.0,0.0,0.0,0.0,0.0,0.0,0.0,0.0,0.0,0.0,0.0,5.0,0.0,0.0,0.0,0.0,0.0,0.0,Aris,12.0,3.0,0.0,0.0,2.0,4.0,41.4,10.0,1.0,0.1,0.0,0.0,0.0,0.0,0.0,0.0,0.0,0.0,0.0,0.0,0.0,4.0,0.0,0.0,0.0,0.0,0.0,0.0,715608,2024-10-27 16:00:00,2024
PAOK,14.0,4.0,0.0,0.0,5.0,3.0,57.9,21.0,6.0,0.3,0.0,0.0,0.0,0.0,0.0,0.0,0.0,0.0,0.0,0.0,0.0,6.0,0.0,0.0,0.0,0.0,0.0,0.0,OFI Crete,17.0,4.0,0.0,0.0,4.0,5.0,42.1,15.0,6.0,0.4,0.0,0.0,0.0,0.0,0.0,0.0,0.0,0.0,0.0,0.0,0.0,4.0,0.0,0.0,0.0,0.0,0.0,0.0,715610,2024-10-27 19:00:00,2024
Athens Kallithea,20.0,2.0,0.0,0.0,4.0,4.0,56.4,11.0,3.0,0.3,0.0,0.0,0.0,0.0,0.0,0.0,0.0,0.0,0.0,0.0,0.0,1.0,0.0,0.0,0.0,0.0,0.0,0.0,Atromitos,12.0,4.0,0.0,0.0,7.0,3.0,43.6,19.0,7.0,0.4,0.0,0.0,0.0,0.0,0.0,0.0,0.0,0.0,0.0,0.0,0.0,5.0,0.0,0.0,0.0,0.0,0.0,0.0,715612,2024-10-27 19:30:00,2024
Olympiacos,6.0,0.0,0.0,0.0,8.0,1.0,59.7,19.0,8.0,0.4,0.0,0.0,0.0,0.0,0.0,0.0,0.0,0.0,0.0,0.0,0.0,3.0,0.0,0.0,0.0,0.0,0.0,0.0,Panserraikos FC,15.0,2.0,0.0,0.0,1.0,6.0,40.3,5.0,2.0,0.4,0.0,0.0,0.0,0.0,0.0,0.0,0.0,0.0,0.0,0.0,0.0,1.0,0.0,0.0,0.0,0.0,0.0,0.0,715620,2024-11-02 15:00:00,2024
Athens Kallithea,12.0,0.0,0.0,0.0,6.0,3.0,51.5,18.0,3.0,0.2,0.0,0.0,0.0,0.0,0.0,0.0,0.0,0.0,0.0,0.0,0.0,3.0,0.0,0.0,0.0,0.0,0.0,0.0,Panetolikos,14.0,1.0,0.0,0.0,5.0,3.0,48.5,12.0,4.0,0.3,1.0,1.0,0.0,0.0,0.0,0.0,0.0,0.0,0.0,0.0,0.0,2.0,0.0,0.0,0.0,0.0,0.0,0.0,715621,2024-11-02 18:30:00,2024
Aris,19.0,3.0,0.0,0.0,0.0,3.0,39.6,12.0,6.0,0.5,1.0,1.0,0.0,0.0,0.0,0.0,0.0,0.0,0.0,0.0,0.0,1.0,0.0,0.0,0.0,0.0,0.0,0.0,Levadiakos,16.0,4.0,0.0,0.0,5.0,3.0,60.4,11.0,5.0,0.5,0.0,0.0,0.0,0.0,0.0,0.0,0.0,0.0,0.0,0.0,0.0,3.0,0.0,0.0,0.0,0.0,0.0,0.0,715617,2024-11-03 14:30:00,2024
Volos NFC,15.0,4.0,1.0,0.0,2.0,5.0,34.0,9.0,2.0,0.2,0.0,0.0,0.0,0.0,0.0,0.0,0.0,0.0,0.0,0.0,0.0,0.0,0.0,0.0,0.0,0.0,0.0,0.0,Panathinaikos,21.0,3.0,0.0,0.0,6.0,2.0,66.0,24.0,6.0,0.3,0.0,1.0,0.0,0.0,0.0,0.0,0.0,0.0,0.0,0.0,0.0,9.0,0.0,0.0,0.0,0.0,0.0,0.0,715616,2024-11-03 15:00:00,2024
Lamia,14.0,2.0,0.0,0.0,1.0,4.0,26.8,8.0,4.0,0.5,0.0,0.0,0.0,0.0,0.0,0.0,0.0,0.0,0.0,0.0,0.0,1.0,0.0,0.0,0.0,0.0,0.0,0.0,PAOK,10.0,1.0,0.0,0.0,9.0,3.0,73.2,15.0,6.0,0.4,0.0,0.0,0.0,0.0,0.0,0.0,0.0,0.0,0.0,0.0,0.0,3.0,0.0,0.0,0.0,0.0,0.0,0.0,715619,2024-11-03 18:30:00,2024
Atromitos,15.0,1.0,0.0,0.0,5.0,2.0,35.0,5.0,2.0,0.4,0.0,0.0,0.0,0.0,0.0,0.0,0.0,0.0,0.0,0.0,0.0,0.0,0.0,0.0,0.0,0.0,0.0,0.0,AEK Athens,14.0,3.0,0.0,0.0,2.0,2.0,65.0,7.0,3.0,0.4,0.0,0.0,0.0,0.0,0.0,0.0,0.0,0.0,0.0,0.0,0.0,1.0,0.0,0.0,0.0,0.0,0.0,0.0,715618,2024-11-03 18:30:00,2024
Asteras Tripoli,11.0,3.0,0.0,0.0,6.0,4.0,38.9,14.0,7.0,0.5,0.0,0.0,0.0,0.0,0.0,0.0,0.0,0.0,0.0,0.0,0.0,2.0,0.0,0.0,0.0,0.0,0.0,0.0,OFI Crete,11.0,4.0,0.0,0.0,5.0,3.0,61.1,17.0,4.0,0.2,0.0,0.0,0.0,0.0,0.0,0.0,0.0,0.0,0.0,0.0,0.0,6.0,0.0,0.0,0.0,0.0,0.0,0.0,715615,2024-11-04 15:30:00,2024
Panetolikos,12.0,2.0,0.0,0.0,7.0,1.0,40.1,10.0,4.0,0.4,0.0,0.0,0.0,0.0,0.0,0.0,0.0,0.0,0.0,0.0,0.0,1.0,0.0,0.0,0.0,0.0,0.0,0.0,Aris,8.0,2.0,1.0,0.0,4.0,2.0,59.9,8.0,2.0,0.3,0.0,0.0,0.0,0.0,0.0,0.0,0.0,0.0,0.0,0.0,0.0,2.0,0.0,0.0,0.0,0.0,0.0,0.0,715622,2024-11-09 15:00:00,2024
Panserraikos FC,21.0,4.0,0.0,0.0,3.0,1.0,62.1,11.0,3.0,0.3,1.0,1.0,0.0,0.0,0.0,0.0,0.0,0.0,0.0,0.0,0.0,4.0,0.0,0.0,0.0,0.0,0.0,0.0,Atromitos,15.0,2.0,0.0,0.0,3.0,1.0,37.9,9.0,4.0,0.4,0.0,0.0,0.0,0.0,0.0,0.0,0.0,0.0,0.0,0.0,0.0,4.0,0.0,0.0,0.0,0.0,0.0,0.0,715624,2024-11-09 16:45:00,2024
AEK Athens,18.0,0.0,0.0,0.0,6.0,0.0,74.3,29.0,13.0,0.4,0.0,0.0,0.0,0.0,0.0,0.0,0.0,0.0,0.0,0.0,0.0,5.0,0.0,0.0,0.0,0.0,0.0,0.0,Asteras Tripoli,13.0,3.0,2.0,0.0,0.0,9.0,25.7,4.0,0.0,0.0,0.0,0.0,0.0,0.0,0.0,0.0,0.0,0.0,0.0,0.0,0.0,2.0,0.0,0.0,0.0,0.0,0.0,0.0,715626,2024-11-09 18:00:00,2024
OFI Crete,15.0,2.0,0.0,0.0,2.0,4.0,44.9,12.0,6.0,0.5,1.0,1.0,0.0,0.0,0.0,0.0,0.0,0.0,0.0,0.0,0.0,2.0,0.0,0.0,0.0,0.0,0.0,0.0,Athens Kallithea,18.0,2.0,0.0,0.0,7.0,5.0,55.1,20.0,6.0,0.3,0.0,0.0,0.0,0.0,0.0,0.0,0.0,0.0,0.0,0.0,0.0,4.0,0.0,0.0,0.0,0.0,0.0,0.0,715627,2024-11-10 14:00:00,2024
Levadiakos,15.0,2.0,0.0,0.0,6.0,1.0,62.6,20.0,6.0,0.3,0.0,0.0,0.0,0.0,0.0,0.0,0.0,0.0,0.0,0.0,0.0,6.0,0.0,0.0,0.0,0.0,0.0,0.0,Volos NFC,21.0,3.0,0.0,0.0,1.0,3.0,37.4,4.0,3.0,0.8,0.0,0.0,0.0,0.0,0.0,0.0,0.0,0.0,0.0,0.0,0.0,0.0,0.0,0.0,0.0,0.0,0.0,0.0,715628,2024-11-10 14:30:00,2024
Panathinaikos,15.0,3.0,0.0,0.0,7.0,2.0,74.2,14.0,5.0,0.4,0.0,0.0,0.0,0.0,0.0,0.0,0.0,0.0,0.0,0.0,0.0,2.0,0.0,0.0,0.0,0.0,0.0,0.0,Lamia,15.0,4.0,1.0,0.0,1.0,4.0,25.8,3.0,2.0,0.7,0.0,0.0,0.0,0.0,0.0,0.0,0.0,0.0,0.0,0.0,0.0,1.0,0.0,0.0,0.0,0.0,0.0,0.0,715623,2024-11-10 17:30:00,2024
PAOK,5.0,2.0,0.0,0.0,4.0,6.0,63.4,15.0,3.0,0.2,0.0,0.0,0.0,0.0,0.0,0.0,0.0,0.0,0.0,0.0,0.0,5.0,0.0,0.0,0.0,0.0,0.0,0.0,Olympiacos,11.0,1.0,0.0,0.0,5.0,2.0,36.6,16.0,9.0,0.6,0.0,0.0,0.0,0.0,0.0,0.0,0.0,0.0,0.0,0.0,0.0,3.0,0.0,0.0,0.0,0.0,0.0,0.0,715625,2024-11-10 18:30:00,2024
Athens Kallithea,20.0,5.0,1.0,0.0,8.0,2.0,46.6,21.0,7.0,0.3,0.0,0.0,0.0,0.0,0.0,0.0,0.0,0.0,0.0,0.0,0.0,2.0,0.0,0.0,0.0,0.0,0.0,0.0,Panserraikos FC,15.0,5.0,0.0,0.0,1.0,5.0,53.4,15.0,4.0,0.3,0.0,0.0,0.0,0.0,0.0,0.0,0.0,0.0,0.0,0.0,0.0,1.0,0.0,0.0,0.0,0.0,0.0,0.0,715635,2024-11-22 17:30:00,2024
Lamia,21.0,1.0,0.0,0.0,5.0,3.0,41.1,11.0,4.0,0.4,0.0,0.0,0.0,0.0,0.0,0.0,0.0,0.0,0.0,0.0,0.0,2.0,0.0,0.0,0.0,0.0,0.0,0.0,OFI Crete,14.0,2.0,0.0,0.0,6.0,2.0,58.9,13.0,4.0,0.3,1.0,1.0,0.0,0.0,0.0,0.0,0.0,0.0,0.0,0.0,0.0,4.0,0.0,0.0,0.0,0.0,0.0,0.0,715631,2024-11-23 15:00:00,2024
Aris,15.0,3.0,0.0,0.0,3.0,2.0,68.8,16.0,1.0,0.1,0.0,0.0,0.0,0.0,0.0,0.0,0.0,0.0,0.0,0.0,0.0,7.0,0.0,0.0,0.0,0.0,0.0,0.0,Volos NFC,24.0,4.0,0.0,0.0,0.0,1.0,31.2,4.0,3.0,0.8,0.0,0.0,0.0,0.0,0.0,0.0,0.0,0.0,0.0,0.0,0.0,0.0,0.0,0.0,0.0,0.0,0.0,0.0,715633,2024-11-23 17:30:00,2024
Panetolikos,18.0,2.0,1.0,0.0,2.0,3.0,38.3,12.0,2.0,0.2,0.0,0.0,0.0,0.0,0.0,0.0,0.0,0.0,0.0,0.0,0.0,6.0,0.0,0.0,0.0,0.0,0.0,0.0,Panathinaikos,16.0,3.0,0.0,0.0,8.0,1.0,61.7,17.0,8.0,0.5,0.0,0.0,0.0,0.0,0.0,0.0,0.0,0.0,0.0,0.0,0.0,2.0,0.0,0.0,0.0,0.0,0.0,0.0,715629,2024-11-24 15:00:00,2024
Asteras Tripoli,13.0,2.0,0.0,0.0,4.0,4.0,35.7,8.0,4.0,0.5,0.0,0.0,0.0,0.0,0.0,0.0,0.0,0.0,0.0,0.0,0.0,2.0,0.0,0.0,0.0,0.0,0.0,0.0,PAOK,14.0,1.0,0.0,0.0,4.0,3.0,64.3,15.0,5.0,0.3,0.0,0.0,0.0,0.0,0.0,0.0,0.0,0.0,0.0,0.0,0.0,5.0,0.0,0.0,0.0,0.0,0.0,0.0,715634,2024-11-24 17:30:00,2024
Olympiacos,12.0,3.0,0.0,0.0,2.0,3.0,45.1,12.0,7.0,0.6,1.0,1.0,0.0,0.0,0.0,0.0,0.0,0.0,0.0,0.0,0.0,2.0,0.0,0.0,0.0,0.0,0.0,0.0,AEK Athens,10.0,1.0,1.0,0.0,0.0,3.0,54.9,10.0,4.0,0.4,0.0,0.0,0.0,0.0,0.0,0.0,0.0,0.0,0.0,0.0,0.0,3.0,0.0,0.0,0.0,0.0,0.0,0.0,715632,2024-11-24 18:30:00,2024
Atromitos,9.0,1.0,0.0,0.0,4.0,3.0,56.6,8.0,5.0,0.6,0.0,0.0,0.0,0.0,0.0,0.0,0.0,0.0,0.0,0.0,0.0,2.0,0.0,0.0,0.0,0.0,0.0,0.0,Levadiakos,13.0,4.0,0.0,0.0,6.0,3.0,43.4,11.0,4.0,0.4,0.0,0.0,0.0,0.0,0.0,0.0,0.0,0.0,0.0,0.0,0.0,3.0,0.0,0.0,0.0,0.0,0.0,0.0,715630,2024-11-25 16:00:00,2024
Volos NFC,16.0,4.0,0.0,0.0,6.0,4.0,57.1,11.0,5.0,0.5,0.0,0.0,0.0,0.0,0.0,0.0,0.0,0.0,0.0,0.0,0.0,2.0,0.0,0.0,0.0,0.0,0.0,0.0,Lamia,17.0,3.0,0.0,0.0,4.0,5.0,42.9,12.0,4.0,0.3,0.0,0.0,0.0,0.0,0.0,0.0,0.0,0.0,0.0,0.0,0.0,2.0,0.0,0.0,0.0,0.0,0.0,0.0,715638,2024-11-30 15:00:00,2024
Levadiakos,18.0,5.0,1.0,0.0,5.0,3.0,44.4,8.0,2.0,0.3,0.0,0.0,0.0,0.0,0.0,0.0,0.0,0.0,0.0,0.0,0.0,0.0,0.0,0.0,0.0,0.0,0.0,0.0,Panetolikos,13.0,3.0,1.0,0.0,0.0,1.0,55.6,5.0,4.0,0.8,1.0,1.0,0.0,0.0,0.0,0.0,0.0,0.0,0.0,0.0,0.0,1.0,0.0,0.0,0.0,0.0,0.0,0.0,715642,2024-11-30 17:30:00,2024
AEK Athens,8.0,2.0,0.0,0.0,7.0,1.0,63.7,22.0,9.0,0.4,1.0,1.0,0.0,0.0,0.0,0.0,0.0,0.0,0.0,0.0,0.0,8.0,0.0,0.0,0.0,0.0,0.0,0.0,Aris,14.0,3.0,0.0,0.0,0.0,5.0,36.3,3.0,0.0,0.0,0.0,0.0,0.0,0.0,0.0,0.0,0.0,0.0,0.0,0.0,0.0,2.0,0.0,0.0,0.0,0.0,0.0,0.0,715639,2024-11-30 18:30:00,2024
Panserraikos FC,10.0,2.0,0.0,0.0,7.0,3.0,55.8,14.0,7.0,0.5,1.0,1.0,0.0,0.0,0.0,0.0,0.0,0.0,0.0,0.0,0.0,2.0,0.0,0.0,0.0,0.0,0.0,0.0,Asteras Tripoli,14.0,1.0,0.0,0.0,5.0,5.0,44.2,11.0,4.0,0.4,0.0,0.0,0.0,0.0,0.0,0.0,0.0,0.0,0.0,0.0,0.0,2.0,0.0,0.0,0.0,0.0,0.0,0.0,715637,2024-12-01 13:30:00,2024
OFI Crete,15.0,2.0,0.0,0.0,4.0,3.0,46.9,11.0,2.0,0.2,0.0,0.0,0.0,0.0,0.0,0.0,0.0,0.0,0.0,0.0,0.0,2.0,0.0,0.0,0.0,0.0,0.0,0.0,Olympiacos,18.0,3.0,0.0,0.0,6.0,2.0,53.1,16.0,5.0,0.3,0.0,0.0,0.0,0.0,0.0,0.0,0.0,0.0,0.0,0.0,0.0,4.0,0.0,0.0,0.0,0.0,0.0,0.0,715641,2024-12-01 15:00:00,2024
PAOK,12.0,1.0,0.0,0.0,7.0,0.0,61.9,17.0,4.0,0.2,0.0,0.0,0.0,0.0,0.0,0.0,0.0,0.0,0.0,0.0,0.0,8.0,0.0,0.0,0.0,0.0,0.0,0.0,Athens Kallithea,13.0,5.0,0.0,0.0,4.0,2.0,38.1,7.0,2.0,0.3,0.0,0.0,0.0,0.0,0.0,0.0,0.0,0.0,0.0,0.0,0.0,0.0,0.0,0.0,0.0,0.0,0.0,0.0,715640,2024-12-01 17:00:00,2024
Panathinaikos,10.0,1.0,0.0,0.0,6.0,1.0,55.8,16.0,7.0,0.4,0.0,0.0,0.0,0.0,0.0,0.0,0.0,0.0,0.0,0.0,0.0,4.0,0.0,0.0,0.0,0.0,0.0,0.0,Atromitos,20.0,4.0,0.0,0.0,1.0,6.0,44.2,7.0,2.0,0.3,0.0,0.0,0.0,0.0,0.0,0.0,0.0,0.0,0.0,0.0,0.0,1.0,0.0,0.0,0.0,0.0,0.0,0.0,715636,2024-12-01 18:30:00,2024
Olympiacos,15.0,0.0,0.0,0.0,5.0,0.0,73.1,17.0,8.0,0.5,0.0,0.0,0.0,0.0,0.0,0.0,0.0,0.0,0.0,0.0,0.0,4.0,0.0,0.0,0.0,0.0,0.0,0.0,Volos NFC,10.0,2.0,0.0,0.0,1.0,6.0,26.9,0.0,0.0,0.0,0.0,0.0,0.0,0.0,0.0,0.0,0.0,0.0,0.0,0.0,0.0,0.0,0.0,0.0,0.0,0.0,0.0,0.0,715645,2024-12-07 15:00:00,2024
Aris,20.0,3.0,0.0,0.0,1.0,2.0,53.5,7.0,2.0,0.3,1.0,1.0,0.0,0.0,0.0,0.0,0.0,0.0,0.0,0.0,0.0,3.0,0.0,0.0,0.0,0.0,0.0,0.0,Atromitos,11.0,3.0,0.0,0.0,5.0,0.0,46.5,11.0,3.0,0.3,1.0,1.0,0.0,0.0,0.0,0.0,0.0,0.0,0.0,0.0,0.0,5.0,0.0,0.0,0.0,0.0,0.0,0.0,715648,2024-12-07 17:30:00,2024
Panserraikos FC,9.0,1.0,1.0,0.0,4.0,9.0,34.1,6.0,4.0,0.7,0.0,0.0,0.0,0.0,0.0,0.0,0.0,0.0,0.0,0.0,0.0,0.0,0.0,0.0,0.0,0.0,0.0,0.0,PAOK,19.0,1.0,0.0,0.0,7.0,3.0,65.9,23.0,12.0,0.5,0.0,0.0,0.0,0.0,0.0,0.0,0.0,0.0,0.0,0.0,0.0,5.0,0.0,0.0,0.0,0.0,0.0,0.0,715644,2024-12-08 13:30:00,2024
OFI Crete,11.0,5.0,1.0,0.0,0.0,4.0,20.0,3.0,3.0,1.0,0.0,0.0,0.0,0.0,0.0,0.0,0.0,0.0,0.0,0.0,0.0,0.0,0.0,0.0,0.0,0.0,0.0,0.0,AEK Athens,13.0,5.0,0.0,0.0,14.0,2.0,80.0,16.0,6.0,0.4,0.0,0.0,0.0,0.0,0.0,0.0,0.0,0.0,0.0,0.0,0.0,7.0,0.0,0.0,0.0,0.0,0.0,0.0,715646,2024-12-08 15:00:00,2024
Asteras Tripoli,18.0,5.0,0.0,0.0,6.0,4.0,35.9,14.0,4.0,0.3,0.0,0.0,0.0,0.0,0.0,0.0,0.0,0.0,0.0,0.0,0.0,2.0,0.0,0.0,0.0,0.0,0.0,0.0,Panathinaikos,10.0,2.0,0.0,0.0,9.0,5.0,64.1,23.0,6.0,0.3,0.0,0.0,0.0,0.0,0.0,0.0,0.0,0.0,0.0,0.0,0.0,9.0,0.0,0.0,0.0,0.0,0.0,0.0,715649,2024-12-08 17:00:00,2024
Lamia,12.0,2.0,0.0,0.0,5.0,1.0,58.2,11.0,7.0,0.6,0.0,0.0,0.0,0.0,0.0,0.0,0.0,0.0,0.0,0.0,0.0,1.0,0.0,0.0,0.0,0.0,0.0,0.0,Panetolikos,9.0,4.0,0.0,0.0,1.0,7.0,41.8,6.0,2.0,0.3,0.0,0.0,0.0,0.0,0.0,0.0,0.0,0.0,0.0,0.0,0.0,1.0,0.0,0.0,0.0,0.0,0.0,0.0,715647,2024-12-08 18:30:00,2024
Athens Kallithea,14.0,3.0,0.0,0.0,6.0,2.0,46.6,11.0,6.0,0.5,0.0,0.0,0.0,0.0,0.0,0.0,0.0,0.0,0.0,0.0,0.0,2.0,0.0,0.0,0.0,0.0,0.0,0.0,Levadiakos,20.0,8.0,0.0,0.0,5.0,4.0,53.4,12.0,6.0,0.5,1.0,1.0,0.0,0.0,0.0,0.0,0.0,0.0,0.0,0.0,0.0,1.0,0.0,0.0,0.0,0.0,0.0,0.0,715643,2024-12-09 15:30:00,2024
Lamia,13.0,2.0,0.0,0.0,2.0,2.0,23.1,3.0,1.0,0.3,0.0,0.0,0.0,0.0,0.0,0.0,0.0,0.0,0.0,0.0,0.0,1.0,0.0,0.0,0.0,0.0,0.0,0.0,AEK Athens,15.0,2.0,0.0,0.0,8.0,1.0,76.9,15.0,3.0,0.2,0.0,0.0,0.0,0.0,0.0,0.0,0.0,0.0,0.0,0.0,0.0,4.0,0.0,0.0,0.0,0.0,0.0,0.0,715653,2024-12-14 15:00:00,2024
Atromitos,17.0,2.0,0.0,0.0,4.0,0.0,46.9,12.0,3.0,0.3,0.0,0.0,0.0,0.0,0.0,0.0,0.0,0.0,0.0,0.0,0.0,2.0,0.0,0.0,0.0,0.0,0.0,0.0,OFI Crete,9.0,4.0,0.0,0.0,2.0,3.0,53.1,3.0,0.0,0.0,0.0,0.0,0.0,0.0,0.0,0.0,0.0,0.0,0.0,0.0,0.0,1.0,0.0,0.0,0.0,0.0,0.0,0.0,715656,2024-12-14 17:30:00,2024
Volos NFC,11.0,4.0,0.0,0.0,1.0,4.0,48.0,4.0,3.0,0.8,0.0,0.0,0.0,0.0,0.0,0.0,0.0,0.0,0.0,0.0,0.0,0.0,0.0,0.0,0.0,0.0,0.0,0.0,Asteras Tripoli,15.0,2.0,0.0,0.0,10.0,1.0,52.0,13.0,5.0,0.4,0.0,0.0,0.0,0.0,0.0,0.0,0.0,0.0,0.0,0.0,0.0,1.0,0.0,0.0,0.0,0.0,0.0,0.0,715652,2024-12-14 18:30:00,2024
Aris,19.0,4.0,1.0,0.0,6.0,4.0,57.5,13.0,3.0,0.2,0.0,0.0,0.0,0.0,0.0,0.0,0.0,0.0,0.0,0.0,0.0,3.0,0.0,0.0,0.0,0.0,0.0,0.0,Panserraikos FC,16.0,5.0,0.0,0.0,3.0,1.0,42.5,11.0,4.0,0.4,0.0,0.0,0.0,0.0,0.0,0.0,0.0,0.0,0.0,0.0,0.0,2.0,0.0,0.0,0.0,0.0,0.0,0.0,715654,2024-12-15 13:30:00,2024
Levadiakos,16.0,2.0,0.0,0.0,1.0,4.0,48.3,5.0,2.0,0.4,0.0,0.0,0.0,0.0,0.0,0.0,0.0,0.0,0.0,0.0,0.0,2.0,0.0,0.0,0.0,0.0,0.0,0.0,Panathinaikos,15.0,1.0,0.0,0.0,11.0,2.0,51.7,15.0,5.0,0.3,0.0,0.0,0.0,0.0,0.0,0.0,0.0,0.0,0.0,0.0,0.0,3.0,0.0,0.0,0.0,0.0,0.0,0.0,715650,2024-12-15 16:00:00,2024
Panetolikos,11.0,4.0,0.0,0.0,3.0,6.0,40.1,9.0,2.0,0.2,0.0,1.0,0.0,0.0,0.0,0.0,0.0,0.0,0.0,0.0,0.0,3.0,0.0,0.0,0.0,0.0,0.0,0.0,PAOK,14.0,3.0,0.0,0.0,7.0,2.0,59.9,15.0,7.0,0.5,0.0,0.0,0.0,0.0,0.0,0.0,0.0,0.0,0.0,0.0,0.0,3.0,0.0,0.0,0.0,0.0,0.0,0.0,715651,2024-12-15 17:00:00,2024
Athens Kallithea,10.0,2.0,0.0,0.0,5.0,2.0,38.4,3.0,1.0,0.3,0.0,0.0,0.0,0.0,0.0,0.0,0.0,0.0,0.0,0.0,0.0,1.0,0.0,0.0,0.0,0.0,0.0,0.0,Olympiacos,13.0,3.0,0.0,0.0,4.0,0.0,61.6,13.0,3.0,0.2,0.0,0.0,0.0,0.0,0.0,0.0,0.0,0.0,0.0,0.0,0.0,4.0,0.0,0.0,0.0,0.0,0.0,0.0,715655,2024-12-16 18:30:00,2024
Olympiacos,7.0,0.0,0.0,0.0,8.0,3.0,70.1,20.0,4.0,0.2,0.0,0.0,0.0,0.0,0.0,0.0,0.0,0.0,0.0,0.0,0.0,5.0,0.0,0.0,0.0,0.0,0.0,0.0,Lamia,12.0,3.0,0.0,0.0,0.0,3.0,29.9,6.0,3.0,0.5,0.0,0.0,0.0,0.0,0.0,0.0,0.0,0.0,0.0,0.0,0.0,1.0,0.0,0.0,0.0,0.0,0.0,0.0,715661,2024-12-21 17:00:00,2024
Panserraikos FC,13.0,3.0,0.0,0.0,4.0,4.0,55.9,15.0,3.0,0.2,0.0,0.0,0.0,0.0,0.0,0.0,0.0,0.0,0.0,0.0,0.0,1.0,0.0,0.0,0.0,0.0,0.0,0.0,Panetolikos,10.0,1.0,0.0,0.0,6.0,3.0,44.1,11.0,4.0,0.4,0.0,0.0,0.0,0.0,0.0,0.0,0.0,0.0,0.0,0.0,0.0,3.0,0.0,0.0,0.0,0.0,0.0,0.0,715662,2024-12-22 13:30:00,2024
Panathinaikos,14.0,5.0,0.0,0.0,17.0,1.0,69.7,33.0,6.0,0.2,0.0,0.0,0.0,0.0,0.0,0.0,0.0,0.0,0.0,0.0,0.0,15.0,0.0,0.0,0.0,0.0,0.0,0.0,Athens Kallithea,13.0,3.0,1.0,0.0,3.0,5.0,30.3,2.0,1.0,0.5,0.0,0.0,0.0,0.0,0.0,0.0,0.0,0.0,0.0,0.0,0.0,0.0,0.0,0.0,0.0,0.0,0.0,0.0,715663,2024-12-22 16:00:00,2024
PAOK,10.0,2.0,0.0,0.0,7.0,1.0,73.5,16.0,5.0,0.3,0.0,0.0,0.0,0.0,0.0,0.0,0.0,0.0,0.0,0.0,0.0,5.0,0.0,0.0,0.0,0.0,0.0,0.0,Atromitos,15.0,4.0,1.0,0.0,6.0,2.0,26.5,5.0,1.0,0.2,0.0,1.0,0.0,0.0,0.0,0.0,0.0,0.0,0.0,0.0,0.0,1.0,0.0,0.0,0.0,0.0,0.0,0.0,715660,2024-12-22 17:30:00,2024
AEK Athens,19.0,2.0,0.0,0.0,9.0,1.0,73.6,26.0,6.0,0.2,0.0,0.0,0.0,0.0,0.0,0.0,0.0,0.0,0.0,0.0,0.0,7.0,0.0,0.0,0.0,0.0,0.0,0.0,Levadiakos,13.0,8.0,0.0,0.0,2.0,5.0,26.4,4.0,2.0,0.5,1.0,1.0,0.0,0.0,0.0,0.0,0.0,0.0,0.0,0.0,0.0,1.0,0.0,0.0,0.0,0.0,0.0,0.0,715657,2024-12-22 19:00:00,2024
Asteras Tripoli,9.0,1.0,0.0,0.0,1.0,0.0,38.9,11.0,3.0,0.3,0.0,0.0,0.0,0.0,0.0,0.0,0.0,0.0,0.0,0.0,0.0,2.0,0.0,0.0,0.0,0.0,0.0,0.0,Aris,13.0,3.0,0.0,0.0,3.0,0.0,61.1,12.0,2.0,0.2,0.0,0.0,0.0,0.0,0.0,0.0,0.0,0.0,0.0,0.0,0.0,5.0,0.0,0.0,0.0,0.0,0.0,0.0,715658,2024-12-23 13:00:00,2024
OFI Crete,21.0,6.0,0.0,0.0,3.0,2.0,66.9,19.0,7.0,0.4,0.0,0.0,0.0,0.0,0.0,0.0,0.0,0.0,0.0,0.0,0.0,7.0,0.0,0.0,0.0,0.0,0.0,0.0,Volos NFC,10.0,4.0,1.0,0.0,5.0,4.0,33.1,9.0,2.0,0.2,0.0,0.0,0.0,0.0,0.0,0.0,0.0,0.0,0.0,0.0,0.0,1.0,0.0,0.0,0.0,0.0,0.0,0.0,715659,2024-12-23 16:00:00,2024
Athens Kallithea,14.0,0.0,0.0,0.0,3.0,3.0,46.2,12.0,4.0,0.3,0.0,0.0,0.0,0.0,0.0,0.0,0.0,0.0,0.0,0.0,0.0,3.0,0.0,0.0,0.0,0.0,0.0,0.0,Lamia,9.0,0.0,1.0,0.0,4.0,2.0,53.8,9.0,4.0,0.4,0.0,0.0,0.0,0.0,0.0,0.0,0.0,0.0,0.0,0.0,0.0,1.0,0.0,0.0,0.0,0.0,0.0,0.0,715670,2025-01-04 15:00:00,2025
Levadiakos,10.0,3.0,1.0,0.0,5.0,0.0,48.6,19.0,3.0,0.2,0.0,0.0,0.0,0.0,0.0,0.0,0.0,0.0,0.0,0.0,0.0,4.0,0.0,0.0,0.0,0.0,0.0,0.0,Panserraikos FC,16.0,2.0,1.0,0.0,4.0,2.0,51.4,6.0,0.0,0.0,0.0,0.0,0.0,0.0,0.0,0.0,0.0,0.0,0.0,0.0,0.0,1.0,0.0,0.0,0.0,0.0,0.0,0.0,715667,2025-01-05 13:00:00,2025
Aris,16.0,3.0,2.0,0.0,12.0,0.0,58.3,10.0,2.0,0.2,0.0,0.0,0.0,0.0,0.0,0.0,0.0,0.0,0.0,0.0,0.0,4.0,0.0,0.0,0.0,0.0,0.0,0.0,OFI Crete,15.0,3.0,0.0,0.0,2.0,2.0,41.7,6.0,2.0,0.3,0.0,0.0,0.0,0.0,0.0,0.0,0.0,0.0,0.0,0.0,0.0,1.0,0.0,0.0,0.0,0.0,0.0,0.0,715668,2025-01-05 14:30:00,2025
Volos NFC,16.0,1.0,0.0,0.0,3.0,5.0,29.8,7.0,4.0,0.6,0.0,0.0,0.0,0.0,0.0,0.0,0.0,0.0,0.0,0.0,0.0,2.0,0.0,0.0,0.0,0.0,0.0,0.0,AEK Athens,14.0,2.0,0.0,0.0,5.0,2.0,70.2,19.0,9.0,0.5,0.0,0.0,0.0,0.0,0.0,0.0,0.0,0.0,0.0,0.0,0.0,4.0,0.0,0.0,0.0,0.0,0.0,0.0,715665,2025-01-05 15:00:00,2025
Atromitos,13.0,2.0,0.0,0.0,4.0,0.0,53.8,6.0,1.0,0.2,0.0,0.0,0.0,0.0,0.0,0.0,0.0,0.0,0.0,0.0,0.0,3.0,0.0,0.0,0.0,0.0,0.0,0.0,Asteras Tripoli,13.0,4.0,0.0,0.0,8.0,1.0,46.2,13.0,1.0,0.1,0.0,0.0,0.0,0.0,0.0,0.0,0.0,0.0,0.0,0.0,0.0,5.0,0.0,0.0,0.0,0.0,0.0,0.0,715669,2025-01-05 17:30:00,2025
Panathinaikos,13.0,1.0,0.0,0.0,9.0,1.0,52.6,18.0,10.0,0.6,0.0,0.0,0.0,0.0,0.0,0.0,0.0,0.0,0.0,0.0,0.0,0.0,0.0,0.0,0.0,0.0,0.0,0.0,PAOK,17.0,3.0,1.0,0.0,2.0,8.0,47.4,3.0,2.0,0.7,0.0,0.0,0.0,0.0,0.0,0.0,0.0,0.0,0.0,0.0,0.0,0.0,0.0,0.0,0.0,0.0,0.0,0.0,715664,2025-01-05 18:30:00,2025
Panetolikos,11.0,1.0,1.0,0.0,0.0,4.0,32.7,4.0,1.0,0.3,0.0,0.0,0.0,0.0,0.0,0.0,0.0,0.0,0.0,0.0,0.0,1.0,0.0,0.0,0.0,0.0,0.0,0.0,Olympiacos,15.0,1.0,0.0,0.0,8.0,1.0,67.3,18.0,6.0,0.3,1.0,1.0,0.0,0.0,0.0,0.0,0.0,0.0,0.0,0.0,0.0,3.0,0.0,0.0,0.0,0.0,0.0,0.0,715666,2025-01-06 16:00:00,2025
Olympiacos,10.0,2.0,0.0,0.0,6.0,2.0,65.1,14.0,4.0,0.3,0.0,0.0,0.0,0.0,0.0,0.0,0.0,0.0,0.0,0.0,0.0,5.0,0.0,0.0,0.0,0.0,0.0,0.0,Aris,11.0,1.0,1.0,0.0,0.0,2.0,34.9,5.0,3.0,0.6,0.0,0.0,0.0,0.0,0.0,0.0,0.0,0.0,0.0,0.0,0.0,0.0,0.0,0.0,0.0,0.0,0.0,0.0,715675,2025-01-11 18:30:00,2025
Panserraikos FC,18.0,5.0,0.0,0.0,1.0,3.0,52.2,10.0,3.0,0.3,1.0,1.0,0.0,0.0,0.0,0.0,0.0,0.0,0.0,0.0,0.0,3.0,0.0,0.0,0.0,0.0,0.0,0.0,Panathinaikos,12.0,2.0,1.0,0.0,6.0,1.0,47.8,12.0,5.0,0.4,0.0,0.0,0.0,0.0,0.0,0.0,0.0,0.0,0.0,0.0,0.0,3.0,0.0,0.0,0.0,0.0,0.0,0.0,715671,2025-01-12 14:30:00,2025
Lamia,15.0,2.0,0.0,0.0,6.0,2.0,58.8,11.0,2.0,0.2,0.0,0.0,0.0,0.0,0.0,0.0,0.0,0.0,0.0,0.0,0.0,0.0,0.0,0.0,0.0,0.0,0.0,0.0,Atromitos,16.0,3.0,0.0,0.0,1.0,2.0,41.2,8.0,5.0,0.6,0.0,0.0,0.0,0.0,0.0,0.0,0.0,0.0,0.0,0.0,0.0,0.0,0.0,0.0,0.0,0.0,0.0,0.0,715673,2025-01-12 15:00:00,2025
PAOK,6.0,2.0,0.0,0.0,15.0,5.0,67.1,17.0,4.0,0.2,0.0,0.0,0.0,0.0,0.0,0.0,0.0,0.0,0.0,0.0,0.0,4.0,0.0,0.0,0.0,0.0,0.0,0.0,Volos NFC,11.0,2.0,0.0,0.0,3.0,3.0,32.9,9.0,6.0,0.7,0.0,0.0,0.0,0.0,0.0,0.0,0.0,0.0,0.0,0.0,0.0,1.0,0.0,0.0,0.0,0.0,0.0,0.0,715677,2025-01-12 17:30:00,2025
AEK Athens,14.0,0.0,1.0,0.0,9.0,1.0,63.4,25.0,4.0,0.2,0.0,0.0,0.0,0.0,0.0,0.0,0.0,0.0,0.0,0.0,0.0,9.0,0.0,0.0,0.0,0.0,0.0,0.0,Athens Kallithea,15.0,3.0,0.0,0.0,3.0,2.0,36.6,6.0,1.0,0.2,0.0,0.0,0.0,0.0,0.0,0.0,0.0,0.0,0.0,0.0,0.0,2.0,0.0,0.0,0.0,0.0,0.0,0.0,715676,2025-01-12 18:30:00,2025
OFI Crete,10.0,2.0,0.0,0.0,3.0,3.0,61.1,23.0,5.0,0.2,0.0,0.0,0.0,0.0,0.0,0.0,0.0,0.0,0.0,0.0,0.0,5.0,0.0,0.0,0.0,0.0,0.0,0.0,Levadiakos,15.0,7.0,0.0,0.0,5.0,5.0,38.9,11.0,3.0,0.3,0.0,0.0,0.0,0.0,0.0,0.0,0.0,0.0,0.0,0.0,0.0,2.0,0.0,0.0,0.0,0.0,0.0,0.0,715674,2025-01-13 16:00:00,2025
Asteras Tripoli,12.0,1.0,0.0,0.0,4.0,6.0,54.9,9.0,4.0,0.4,0.0,0.0,0.0,0.0,0.0,0.0,0.0,0.0,0.0,0.0,0.0,1.0,0.0,0.0,0.0,0.0,0.0,0.0,Panetolikos,13.0,2.0,0.0,0.0,4.0,2.0,45.1,11.0,6.0,0.5,0.0,0.0,0.0,0.0,0.0,0.0,0.0,0.0,0.0,0.0,0.0,2.0,0.0,0.0,0.0,0.0,0.0,0.0,715672,2025-01-13 16:00:00,2025
Athens Kallithea,10.0,3.0,0.0,0.0,3.0,2.0,49.8,13.0,4.0,0.3,0.0,0.0,0.0,0.0,0.0,0.0,0.0,0.0,0.0,0.0,0.0,4.0,0.0,0.0,0.0,0.0,0.0,0.0,Volos NFC,28.0,2.0,0.0,0.0,3.0,2.0,50.2,13.0,2.0,0.2,0.0,0.0,0.0,0.0,0.0,0.0,0.0,0.0,0.0,0.0,0.0,3.0,0.0,0.0,0.0,0.0,0.0,0.0,715684,2025-01-18 15:00:00,2025
Atromitos,13.0,2.0,0.0,0.0,3.0,6.0,38.6,5.0,1.0,0.2,0.0,1.0,0.0,0.0,0.0,0.0,0.0,0.0,0.0,0.0,0.0,1.0,0.0,0.0,0.0,0.0,0.0,0.0,Olympiacos,9.0,2.0,0.0,0.0,5.0,1.0,61.4,17.0,8.0,0.5,0.0,0.0,0.0,0.0,0.0,0.0,0.0,0.0,0.0,0.0,0.0,1.0,0.0,0.0,0.0,0.0,0.0,0.0,715683,2025-01-19 13:00:00,2025
Panetolikos,13.0,1.0,0.0,0.0,4.0,4.0,33.6,10.0,4.0,0.4,0.0,0.0,0.0,0.0,0.0,0.0,0.0,0.0,0.0,0.0,0.0,1.0,0.0,0.0,0.0,0.0,0.0,0.0,OFI Crete,14.0,6.0,0.0,0.0,4.0,3.0,66.4,9.0,4.0,0.4,0.0,0.0,0.0,0.0,0.0,0.0,0.0,0.0,0.0,0.0,0.0,2.0,0.0,0.0,0.0,0.0,0.0,0.0,715680,2025-01-19 14:30:00,2025
Levadiakos,16.0,1.0,0.0,0.0,2.0,1.0,49.8,6.0,3.0,0.5,0.0,0.0,0.0,0.0,0.0,0.0,0.0,0.0,0.0,0.0,0.0,1.0,0.0,0.0,0.0,0.0,0.0,0.0,Asteras Tripoli,22.0,4.0,0.0,0.0,5.0,2.0,50.2,10.0,3.0,0.3,1.0,1.0,0.0,0.0,0.0,0.0,0.0,0.0,0.0,0.0,0.0,4.0,0.0,0.0,0.0,0.0,0.0,0.0,715681,2025-01-19 14:30:00,2025
Aris,8.0,1.0,0.0,0.0,5.0,6.0,48.7,12.0,2.0,0.2,0.0,0.0,0.0,0.0,0.0,0.0,0.0,0.0,0.0,0.0,0.0,3.0,0.0,0.0,0.0,0.0,0.0,0.0,PAOK,15.0,1.0,0.0,0.0,3.0,2.0,51.3,15.0,5.0,0.3,0.0,0.0,0.0,0.0,0.0,0.0,0.0,0.0,0.0,0.0,0.0,5.0,0.0,0.0,0.0,0.0,0.0,0.0,715682,2025-01-19 17:00:00,2025
Panathinaikos,14.0,4.0,0.0,0.0,0.0,2.0,26.9,5.0,2.0,0.4,1.0,1.0,0.0,0.0,0.0,0.0,0.0,0.0,0.0,0.0,0.0,0.0,0.0,0.0,0.0,0.0,0.0,0.0,AEK Athens,15.0,2.0,0.0,0.0,7.0,1.0,73.1,9.0,2.0,0.2,0.0,0.0,0.0,0.0,0.0,0.0,0.0,0.0,0.0,0.0,0.0,3.0,0.0,0.0,0.0,0.0,0.0,0.0,715679,2025-01-19 18:30:00,2025
Panserraikos FC,19.0,2.0,0.0,0.0,4.0,1.0,62.0,17.0,6.0,0.4,0.0,0.0,0.0,0.0,0.0,0.0,0.0,0.0,0.0,0.0,0.0,0.0,0.0,0.0,0.0,0.0,0.0,0.0,Lamia,15.0,3.0,0.0,0.0,3.0,4.0,38.0,9.0,1.0,0.1,0.0,0.0,0.0,0.0,0.0,0.0,0.0,0.0,0.0,0.0,0.0,4.0,0.0,0.0,0.0,0.0,0.0,0.0,715678,2025-01-20 16:00:00,2025
Volos NFC,23.0,5.0,0.0,0.0,4.0,1.0,65.9,9.0,2.0,0.2,0.0,0.0,0.0,0.0,0.0,0.0,0.0,0.0,0.0,0.0,0.0,1.0,0.0,0.0,0.0,0.0,0.0,0.0,Atromitos,21.0,3.0,1.0,0.0,2.0,2.0,34.1,6.0,2.0,0.3,0.0,0.0,0.0,0.0,0.0,0.0,0.0,0.0,0.0,0.0,0.0,0.0,0.0,0.0,0.0,0.0,0.0,0.0,715687,2025-01-24 18:00:00,2025
OFI Crete,14.0,5.0,1.0,0.0,9.0,3.0,50.7,23.0,10.0,0.4,0.0,0.0,0.0,0.0,0.0,0.0,0.0,0.0,0.0,0.0,0.0,4.0,0.0,0.0,0.0,0.0,0.0,0.0,Panserraikos FC,16.0,4.0,0.0,0.0,8.0,7.0,49.3,16.0,5.0,0.3,0.0,0.0,0.0,0.0,0.0,0.0,0.0,0.0,0.0,0.0,0.0,7.0,0.0,0.0,0.0,0.0,0.0,0.0,715690,2025-01-25 15:00:00,2025
Asteras Tripoli,15.0,3.0,0.0,0.0,7.0,3.0,43.3,15.0,5.0,0.3,0.0,0.0,0.0,0.0,0.0,0.0,0.0,0.0,0.0,0.0,0.0,5.0,0.0,0.0,0.0,0.0,0.0,0.0,Athens Kallithea,8.0,3.0,1.0,0.0,3.0,4.0,56.7,8.0,3.0,0.4,0.0,0.0,0.0,0.0,0.0,0.0,0.0,0.0,0.0,0.0,0.0,1.0,0.0,0.0,0.0,0.0,0.0,0.0,715689,2025-01-25 15:00:00,2025
AEK Athens,15.0,1.0,0.0,0.0,7.0,1.0,72.4,15.0,4.0,0.3,0.0,0.0,0.0,0.0,0.0,0.0,0.0,0.0,0.0,0.0,0.0,4.0,0.0,0.0,0.0,0.0,0.0,0.0,Panetolikos,8.0,3.0,0.0,0.0,4.0,3.0,27.6,5.0,1.0,0.2,0.0,0.0,0.0,0.0,0.0,0.0,0.0,0.0,0.0,0.0,0.0,1.0,0.0,0.0,0.0,0.0,0.0,0.0,715688,2025-01-25 18:00:00,2025
Lamia,7.0,1.0,1.0,0.0,3.0,6.0,28.7,5.0,1.0,0.2,0.0,0.0,0.0,0.0,0.0,0.0,0.0,0.0,0.0,0.0,0.0,2.0,0.0,0.0,0.0,0.0,0.0,0.0,Aris,16.0,2.0,0.0,0.0,7.0,1.0,71.3,18.0,8.0,0.4,0.0,0.0,0.0,0.0,0.0,0.0,0.0,0.0,0.0,0.0,0.0,5.0,0.0,0.0,0.0,0.0,0.0,0.0,715691,2025-01-26 15:00:00,2025
PAOK,10.0,0.0,0.0,0.0,10.0,5.0,69.3,13.0,1.0,0.1,0.0,0.0,0.0,0.0,0.0,0.0,0.0,0.0,0.0,0.0,0.0,6.0,0.0,0.0,0.0,0.0,0.0,0.0,Levadiakos,11.0,4.0,0.0,0.0,3.0,0.0,30.7,10.0,5.0,0.5,0.0,0.0,0.0,0.0,0.0,0.0,0.0,0.0,0.0,0.0,0.0,0.0,0.0,0.0,0.0,0.0,0.0,0.0,715686,2025-01-26 17:30:00,2025
Olympiacos,17.0,3.0,1.0,0.0,2.0,3.0,38.8,12.0,4.0,0.3,0.0,0.0,0.0,0.0,0.0,0.0,0.0,0.0,0.0,0.0,0.0,3.0,0.0,0.0,0.0,0.0,0.0,0.0,Panathinaikos,17.0,5.0,1.0,0.0,2.0,3.0,61.2,8.0,4.0,0.5,1.0,1.0,0.0,0.0,0.0,0.0,0.0,0.0,0.0,0.0,0.0,1.0,0.0,0.0,0.0,0.0,0.0,0.0,715685,2025-01-26 18:30:00,2025
Panathinaikos,10.0,1.0,0.0,0.0,13.0,3.0,66.3,20.0,10.0,0.5,0.0,0.0,0.0,0.0,0.0,0.0,0.0,0.0,0.0,0.0,0.0,2.0,0.0,0.0,0.0,0.0,0.0,0.0,OFI Crete,11.0,1.0,0.0,0.0,1.0,6.0,33.7,8.0,5.0,0.6,0.0,0.0,0.0,0.0,0.0,0.0,0.0,0.0,0.0,0.0,0.0,0.0,0.0,0.0,0.0,0.0,0.0,0.0,715697,2025-02-01 16:00:00,2025
Panserraikos FC,14.0,6.0,0.0,0.0,4.0,4.0,48.1,8.0,4.0,0.5,0.0,0.0,0.0,0.0,0.0,0.0,0.0,0.0,0.0,0.0,0.0,0.0,0.0,0.0,0.0,0.0,0.0,0.0,Volos NFC,17.0,5.0,0.0,0.0,4.0,3.0,51.9,13.0,5.0,0.4,0.0,0.0,0.0,0.0,0.0,0.0,0.0,0.0,0.0,0.0,0.0,3.0,0.0,0.0,0.0,0.0,0.0,0.0,715696,2025-02-01 17:30:00,2025
Levadiakos,11.0,4.0,0.0,0.0,3.0,2.0,33.2,6.0,2.0,0.3,0.0,0.0,0.0,0.0,0.0,0.0,0.0,0.0,0.0,0.0,0.0,2.0,0.0,0.0,0.0,0.0,0.0,0.0,Olympiacos,9.0,1.0,0.0,0.0,6.0,2.0,66.8,14.0,3.0,0.2,0.0,0.0,0.0,0.0,0.0,0.0,0.0,0.0,0.0,0.0,0.0,2.0,0.0,0.0,0.0,0.0,0.0,0.0,715693,2025-02-02 14:30:00,2025
Athens Kallithea,15.0,4.0,0.0,0.0,10.0,0.0,47.5,16.0,1.0,0.1,0.0,0.0,0.0,0.0,0.0,0.0,0.0,0.0,0.0,0.0,0.0,9.0,0.0,0.0,0.0,0.0,0.0,0.0,Aris,20.0,3.0,0.0,0.0,4.0,1.0,52.5,11.0,1.0,0.1,0.0,0.0,0.0,0.0,0.0,0.0,0.0,0.0,0.0,0.0,0.0,4.0,0.0,0.0,0.0,0.0,0.0,0.0,715692,2025-02-02 15:00:00,2025
PAOK,10.0,3.0,0.0,0.0,3.0,4.0,49.6,10.0,5.0,0.5,0.0,0.0,0.0,0.0,0.0,0.0,0.0,0.0,0.0,0.0,0.0,1.0,0.0,0.0,0.0,0.0,0.0,0.0,AEK Athens,13.0,8.0,0.0,0.0,3.0,4.0,50.4,15.0,6.0,0.4,0.0,0.0,0.0,0.0,0.0,0.0,0.0,0.0,0.0,0.0,0.0,4.0,0.0,0.0,0.0,0.0,0.0,0.0,715695,2025-02-02 17:30:00,2025
Panetolikos,13.0,4.0,1.0,0.0,0.0,7.0,54.4,5.0,0.0,0.0,0.0,0.0,0.0,0.0,0.0,0.0,0.0,0.0,0.0,0.0,0.0,0.0,0.0,0.0,0.0,0.0,0.0,0.0,Atromitos,21.0,2.0,0.0,0.0,5.0,0.0,45.6,20.0,8.0,0.4,1.0,1.0,0.0,0.0,0.0,0.0,0.0,0.0,0.0,0.0,0.0,6.0,0.0,0.0,0.0,0.0,0.0,0.0,715698,2025-02-02 18:30:00,2025
Asteras Tripoli,14.0,2.0,1.0,0.0,3.0,0.0,46.3,11.0,3.0,0.3,0.0,0.0,0.0,0.0,0.0,0.0,0.0,0.0,0.0,0.0,0.0,1.0,0.0,0.0,0.0,0.0,0.0,0.0,Lamia,20.0,2.0,1.0,0.0,4.0,2.0,53.7,9.0,1.0,0.1,0.0,0.0,0.0,0.0,0.0,0.0,0.0,0.0,0.0,0.0,0.0,3.0,0.0,0.0,0.0,0.0,0.0,0.0,715694,2025-02-03 16:00:00,2025
Volos NFC,14.0,0.0,0.0,0.0,7.0,1.0,49.6,13.0,1.0,0.1,0.0,0.0,0.0,0.0,0.0,0.0,0.0,0.0,0.0,0.0,0.0,5.0,0.0,0.0,0.0,0.0,0.0,0.0,Panetolikos,12.0,1.0,0.0,0.0,1.0,1.0,50.4,7.0,2.0,0.3,0.0,0.0,0.0,0.0,0.0,0.0,0.0,0.0,0.0,0.0,0.0,1.0,0.0,0.0,0.0,0.0,0.0,0.0,715700,2025-02-08 15:00:00,2025
OFI Crete,10.0,2.0,1.0,0.0,4.0,7.0,37.6,6.0,1.0,0.2,0.0,0.0,0.0,0.0,0.0,0.0,0.0,0.0,0.0,0.0,0.0,4.0,0.0,0.0,0.0,0.0,0.0,0.0,PAOK,19.0,3.0,0.0,0.0,5.0,1.0,62.4,23.0,12.0,0.5,1.0,1.0,0.0,0.0,0.0,0.0,0.0,0.0,0.0,0.0,0.0,6.0,0.0,0.0,0.0,0.0,0.0,0.0,715699,2025-02-08 18:00:00,2025
Olympiacos,13.0,3.0,0.0,0.0,12.0,1.0,67.9,25.0,5.0,0.2,0.0,0.0,0.0,0.0,0.0,0.0,0.0,0.0,0.0,0.0,0.0,9.0,0.0,0.0,0.0,0.0,0.0,0.0,Asteras Tripoli,14.0,6.0,0.0,0.0,0.0,3.0,32.1,4.0,2.0,0.5,0.0,0.0,0.0,0.0,0.0,0.0,0.0,0.0,0.0,0.0,0.0,0.0,0.0,0.0,0.0,0.0,0.0,0.0,715704,2025-02-09 15:00:00,2025
Aris,16.0,3.0,0.0,0.0,5.0,2.0,41.5,13.0,6.0,0.5,1.0,1.0,0.0,0.0,0.0,0.0,0.0,0.0,0.0,0.0,0.0,5.0,0.0,0.0,0.0,0.0,0.0,0.0,Panathinaikos,8.0,1.0,0.0,0.0,8.0,4.0,58.5,11.0,2.0,0.2,0.0,0.0,0.0,0.0,0.0,0.0,0.0,0.0,0.0,0.0,0.0,4.0,0.0,0.0,0.0,0.0,0.0,0.0,715702,2025-02-09 17:30:00,2025
AEK Athens,13.0,2.0,0.0,0.0,11.0,4.0,61.5,27.0,12.0,0.4,0.0,0.0,0.0,0.0,0.0,0.0,0.0,0.0,0.0,0.0,0.0,6.0,0.0,0.0,0.0,0.0,0.0,0.0,Panserraikos FC,9.0,3.0,0.0,0.0,1.0,6.0,38.5,10.0,4.0,0.4,0.0,0.0,0.0,0.0,0.0,0.0,0.0,0.0,0.0,0.0,0.0,3.0,0.0,0.0,0.0,0.0,0.0,0.0,715701,2025-02-09 18:30:00,2025
Lamia,19.0,5.0,0.0,0.0,9.0,4.0,56.9,17.0,2.0,0.1,0.0,0.0,0.0,0.0,0.0,0.0,0.0,0.0,0.0,0.0,0.0,9.0,0.0,0.0,0.0,0.0,0.0,0.0,Levadiakos,21.0,4.0,0.0,0.0,5.0,1.0,43.1,10.0,6.0,0.6,0.0,0.0,0.0,0.0,0.0,0.0,0.0,0.0,0.0,0.0,0.0,1.0,0.0,0.0,0.0,0.0,0.0,0.0,715703,2025-02-10 16:00:00,2025
Atromitos,18.0,4.0,0.0,0.0,10.0,1.0,58.1,17.0,6.0,0.4,0.0,1.0,0.0,0.0,0.0,0.0,0.0,0.0,0.0,0.0,0.0,4.0,0.0,0.0,0.0,0.0,0.0,0.0,Athens Kallithea,19.0,5.0,0.0,0.0,6.0,5.0,41.9,11.0,3.0,0.3,1.0,1.0,0.0,0.0,0.0,0.0,0.0,0.0,0.0,0.0,0.0,3.0,0.0,0.0,0.0,0.0,0.0,0.0,715705,2025-02-10 16:00:00,2025
OFI Crete,13.0,5.0,1.0,0.0,4.0,1.0,61.1,19.0,6.0,0.3,0.0,0.0,0.0,0.0,0.0,0.0,0.0,0.0,0.0,0.0,0.0,2.0,0.0,0.0,0.0,0.0,0.0,0.0,Asteras Tripoli,17.0,4.0,1.0,0.0,4.0,4.0,38.9,4.0,2.0,0.5,0.0,0.0,0.0,0.0,0.0,0.0,0.0,0.0,0.0,0.0,0.0,0.0,0.0,0.0,0.0,0.0,0.0,0.0,715706,2025-02-15 15:00:00,2025
AEK Athens,11.0,3.0,0.0,0.0,6.0,3.0,77.5,22.0,4.0,0.2,0.0,0.0,0.0,0.0,0.0,0.0,0.0,0.0,0.0,0.0,0.0,3.0,0.0,0.0,0.0,0.0,0.0,0.0,Atromitos,11.0,3.0,0.0,0.0,0.0,2.0,22.5,8.0,4.0,0.5,0.0,0.0,0.0,0.0,0.0,0.0,0.0,0.0,0.0,0.0,0.0,1.0,0.0,0.0,0.0,0.0,0.0,0.0,715708,2025-02-15 18:00:00,2025
Levadiakos,10.0,1.0,0.0,0.0,6.0,1.0,39.8,13.0,6.0,0.5,0.0,0.0,0.0,0.0,0.0,0.0,0.0,0.0,0.0,0.0,0.0,5.0,0.0,0.0,0.0,0.0,0.0,0.0,Aris,15.0,1.0,0.0,0.0,3.0,2.0,60.2,8.0,1.0,0.1,0.0,0.0,0.0,0.0,0.0,0.0,0.0,0.0,0.0,0.0,0.0,2.0,0.0,0.0,0.0,0.0,0.0,0.0,715712,2025-02-16 13:00:00,2025
Panathinaikos,25.0,3.0,0.0,0.0,6.0,1.0,59.8,18.0,7.0,0.4,0.0,0.0,0.0,0.0,0.0,0.0,0.0,0.0,0.0,0.0,0.0,5.0,0.0,0.0,0.0,0.0,0.0,0.0,Volos NFC,18.0,3.0,0.0,0.0,3.0,5.0,40.2,6.0,2.0,0.3,0.0,0.0,0.0,0.0,0.0,0.0,0.0,0.0,0.0,0.0,0.0,1.0,0.0,0.0,0.0,0.0,0.0,0.0,715710,2025-02-16 15:00:00,2025
Panserraikos FC,8.0,0.0,0.0,0.0,0.0,6.0,40.3,5.0,1.0,0.2,0.0,0.0,0.0,0.0,0.0,0.0,0.0,0.0,0.0,0.0,0.0,1.0,0.0,0.0,0.0,0.0,0.0,0.0,Olympiacos,9.0,1.0,0.0,0.0,7.0,1.0,59.7,20.0,10.0,0.5,0.0,1.0,0.0,0.0,0.0,0.0,0.0,0.0,0.0,0.0,0.0,5.0,0.0,0.0,0.0,0.0,0.0,0.0,715709,2025-02-16 15:00:00,2025
PAOK,11.0,1.0,0.0,0.0,8.0,1.0,71.4,18.0,10.0,0.6,0.0,0.0,0.0,0.0,0.0,0.0,0.0,0.0,0.0,0.0,0.0,2.0,0.0,0.0,0.0,0.0,0.0,0.0,Lamia,6.0,1.0,0.0,0.0,3.0,3.0,28.6,5.0,1.0,0.2,0.0,0.0,0.0,0.0,0.0,0.0,0.0,0.0,0.0,0.0,0.0,1.0,0.0,0.0,0.0,0.0,0.0,0.0,715707,2025-02-16 18:00:00,2025
Panetolikos,7.0,1.0,0.0,0.0,6.0,5.0,49.9,13.0,2.0,0.2,0.0,0.0,0.0,0.0,0.0,0.0,0.0,0.0,0.0,0.0,0.0,3.0,0.0,0.0,0.0,0.0,0.0,0.0,Athens Kallithea,8.0,3.0,0.0,0.0,3.0,0.0,50.1,10.0,5.0,0.5,0.0,0.0,0.0,0.0,0.0,0.0,0.0,0.0,0.0,0.0,0.0,1.0,0.0,0.0,0.0,0.0,0.0,0.0,715711,2025-02-16 18:30:00,2025
Athens Kallithea,12.0,1.0,0.0,0.0,10.0,4.0,54.8,18.0,8.0,0.4,0.0,0.0,0.0,0.0,0.0,0.0,0.0,0.0,0.0,0.0,0.0,6.0,0.0,0.0,0.0,0.0,0.0,0.0,OFI Crete,10.0,4.0,0.0,0.0,3.0,7.0,45.2,9.0,6.0,0.7,0.0,0.0,0.0,0.0,0.0,0.0,0.0,0.0,0.0,0.0,0.0,1.0,0.0,0.0,0.0,0.0,0.0,0.0,715713,2025-02-22 15:00:00,2025
Atromitos,15.0,1.0,0.0,0.0,6.0,3.0,52.8,15.0,5.0,0.3,1.0,1.0,0.0,0.0,0.0,0.0,0.0,0.0,0.0,0.0,0.0,6.0,0.0,0.0,0.0,0.0,0.0,0.0,Panserraikos FC,6.0,1.0,0.0,0.0,4.0,5.0,47.2,8.0,4.0,0.5,0.0,0.0,0.0,0.0,0.0,0.0,0.0,0.0,0.0,0.0,0.0,2.0,0.0,0.0,0.0,0.0,0.0,0.0,715718,2025-02-22 17:30:00,2025
Volos NFC,16.0,5.0,0.0,0.0,4.0,1.0,36.1,8.0,1.0,0.1,0.0,0.0,0.0,0.0,0.0,0.0,0.0,0.0,0.0,0.0,0.0,4.0,0.0,0.0,0.0,0.0,0.0,0.0,Levadiakos,9.0,2.0,0.0,0.0,2.0,0.0,63.9,10.0,3.0,0.3,0.0,0.0,0.0,0.0,0.0,0.0,0.0,0.0,0.0,0.0,0.0,2.0,0.0,0.0,0.0,0.0,0.0,0.0,715715,2025-02-22 18:00:00,2025
Aris,8.0,1.0,0.0,0.0,4.0,0.0,57.6,23.0,10.0,0.4,0.0,0.0,0.0,0.0,0.0,0.0,0.0,0.0,0.0,0.0,0.0,7.0,0.0,0.0,0.0,0.0,0.0,0.0,Panetolikos,12.0,3.0,0.0,0.0,6.0,8.0,42.4,7.0,1.0,0.1,0.0,0.0,0.0,0.0,0.0,0.0,0.0,0.0,0.0,0.0,0.0,3.0,0.0,0.0,0.0,0.0,0.0,0.0,715714,2025-02-23 14:30:00,2025
Lamia,11.0,2.0,0.0,0.0,5.0,7.0,27.8,8.0,4.0,0.5,1.0,1.0,0.0,0.0,0.0,0.0,0.0,0.0,0.0,0.0,0.0,1.0,0.0,0.0,0.0,0.0,0.0,0.0,Panathinaikos,14.0,4.0,0.0,0.0,6.0,1.0,72.2,21.0,9.0,0.4,0.0,0.0,0.0,0.0,0.0,0.0,0.0,0.0,0.0,0.0,0.0,6.0,0.0,0.0,0.0,0.0,0.0,0.0,715717,2025-02-23 15:00:00,2025
Asteras Tripoli,8.0,1.0,1.0,0.0,0.0,3.0,31.1,2.0,0.0,0.0,0.0,0.0,0.0,0.0,0.0,0.0,0.0,0.0,0.0,0.0,0.0,0.0,0.0,0.0,0.0,0.0,0.0,0.0,AEK Athens,10.0,1.0,0.0,0.0,2.0,0.0,68.9,15.0,6.0,0.4,0.0,0.0,0.0,0.0,0.0,0.0,0.0,0.0,0.0,0.0,0.0,4.0,0.0,0.0,0.0,0.0,0.0,0.0,715719,2025-02-23 17:30:00,2025
Olympiacos,15.0,2.0,0.0,0.0,2.0,5.0,51.0,18.0,6.0,0.3,0.0,0.0,0.0,0.0,0.0,0.0,0.0,0.0,0.0,0.0,0.0,2.0,0.0,0.0,0.0,0.0,0.0,0.0,PAOK,18.0,2.0,0.0,0.0,3.0,4.0,49.0,8.0,6.0,0.8,0.0,0.0,0.0,0.0,0.0,0.0,0.0,0.0,0.0,0.0,0.0,1.0,0.0,0.0,0.0,0.0,0.0,0.0,715716,2025-02-23 18:30:00,2025
Panserraikos FC,13.0,3.0,0.0,0.0,7.0,3.0,48.5,16.0,7.0,0.4,0.0,0.0,0.0,0.0,0.0,0.0,0.0,0.0,0.0,0.0,0.0,3.0,0.0,0.0,0.0,0.0,0.0,0.0,Athens Kallithea,15.0,3.0,1.0,0.0,3.0,5.0,51.5,11.0,4.0,0.4,0.0,1.0,0.0,0.0,0.0,0.0,0.0,0.0,0.0,0.0,0.0,1.0,0.0,0.0,0.0,0.0,0.0,0.0,715721,2025-03-01 15:00:00,2025
Volos NFC,16.0,3.0,0.0,0.0,8.0,6.0,44.6,8.0,4.0,0.5,0.0,0.0,0.0,0.0,0.0,0.0,0.0,0.0,0.0,0.0,0.0,2.0,0.0,0.0,0.0,0.0,0.0,0.0,Aris,16.0,2.0,0.0,0.0,4.0,3.0,55.4,10.0,7.0,0.7,1.0,1.0,0.0,0.0,0.0,0.0,0.0,0.0,0.0,0.0,0.0,2.0,0.0,0.0,0.0,0.0,0.0,0.0,715722,2025-03-01 15:00:00,2025
Panathinaikos,21.0,3.0,0.0,0.0,5.0,2.0,52.2,19.0,8.0,0.4,0.0,0.0,0.0,0.0,0.0,0.0,0.0,0.0,0.0,0.0,0.0,6.0,0.0,0.0,0.0,0.0,0.0,0.0,Panetolikos,16.0,1.0,0.0,0.0,4.0,6.0,47.8,10.0,2.0,0.2,0.0,0.0,0.0,0.0,0.0,0.0,0.0,0.0,0.0,0.0,0.0,3.0,0.0,0.0,0.0,0.0,0.0,0.0,715723,2025-03-01 18:00:00,2025
Levadiakos,13.0,2.0,0.0,0.0,7.0,1.0,66.5,12.0,4.0,0.3,0.0,0.0,0.0,0.0,0.0,0.0,0.0,0.0,0.0,0.0,0.0,4.0,0.0,0.0,0.0,0.0,0.0,0.0,Atromitos,16.0,4.0,0.0,0.0,2.0,3.0,33.5,7.0,3.0,0.4,1.0,1.0,0.0,0.0,0.0,0.0,0.0,0.0,0.0,0.0,0.0,1.0,0.0,0.0,0.0,0.0,0.0,0.0,715725,2025-03-02 14:30:00,2025
OFI Crete,12.0,0.0,0.0,0.0,6.0,5.0,63.6,17.0,6.0,0.4,0.0,0.0,0.0,0.0,0.0,0.0,0.0,0.0,0.0,0.0,0.0,4.0,0.0,0.0,0.0,0.0,0.0,0.0,Lamia,12.0,1.0,0.0,0.0,3.0,4.0,36.4,13.0,5.0,0.4,0.0,0.0,0.0,0.0,0.0,0.0,0.0,0.0,0.0,0.0,0.0,3.0,0.0,0.0,0.0,0.0,0.0,0.0,715724,2025-03-02 15:00:00,2025
PAOK,14.0,0.0,0.0,0.0,5.0,3.0,54.6,13.0,4.0,0.3,0.0,0.0,0.0,0.0,0.0,0.0,0.0,0.0,0.0,0.0,0.0,2.0,0.0,0.0,0.0,0.0,0.0,0.0,Asteras Tripoli,15.0,3.0,0.0,0.0,6.0,2.0,45.4,5.0,3.0,0.6,0.0,0.0,0.0,0.0,0.0,0.0,0.0,0.0,0.0,0.0,0.0,2.0,0.0,0.0,0.0,0.0,0.0,0.0,715720,2025-03-02 17:30:00,2025
AEK Athens,10.0,2.0,0.0,0.0,1.0,2.0,49.6,6.0,0.0,0.0,0.0,0.0,0.0,0.0,0.0,0.0,0.0,0.0,0.0,0.0,0.0,2.0,0.0,0.0,0.0,0.0,0.0,0.0,Olympiacos,10.0,4.0,0.0,0.0,0.0,0.0,50.4,6.0,3.0,0.5,0.0,0.0,0.0,0.0,0.0,0.0,0.0,0.0,0.0,0.0,0.0,1.0,0.0,0.0,0.0,0.0,0.0,0.0,715726,2025-03-02 18:30:00,2025
Olympiacos,10.0,0.0,0.0,0.0,9.0,2.0,63.9,23.0,9.0,0.4,1.0,1.0,0.0,0.0,0.0,0.0,0.0,0.0,0.0,0.0,0.0,2.0,0.0,0.0,0.0,0.0,0.0,0.0,OFI Crete,10.0,1.0,1.0,0.0,1.0,8.0,36.1,5.0,2.0,0.4,0.0,0.0,0.0,0.0,0.0,0.0,0.0,0.0,0.0,0.0,0.0,1.0,0.0,0.0,0.0,0.0,0.0,0.0,715733,2025-03-09 17:00:00,2025
Athens Kallithea,14.0,3.0,0.0,0.0,5.0,1.0,28.9,16.0,7.0,0.4,0.0,1.0,0.0,0.0,0.0,0.0,0.0,0.0,0.0,0.0,0.0,2.0,0.0,0.0,0.0,0.0,0.0,0.0,PAOK,7.0,0.0,0.0,0.0,7.0,4.0,71.1,12.0,2.0,0.2,0.0,0.0,0.0,0.0,0.0,0.0,0.0,0.0,0.0,0.0,0.0,5.0,0.0,0.0,0.0,0.0,0.0,0.0,715727,2025-03-09 17:00:00,2025
Aris,15.0,2.0,0.0,0.0,4.0,4.0,39.4,5.0,2.0,0.4,0.0,0.0,0.0,0.0,0.0,0.0,0.0,0.0,0.0,0.0,0.0,1.0,0.0,0.0,0.0,0.0,0.0,0.0,AEK Athens,14.0,3.0,1.0,0.0,3.0,2.0,60.6,12.0,4.0,0.3,0.0,0.0,0.0,0.0,0.0,0.0,0.0,0.0,0.0,0.0,0.0,2.0,0.0,0.0,0.0,0.0,0.0,0.0,715731,2025-03-09 17:00:00,2025
Panetolikos,15.0,2.0,1.0,0.0,4.0,3.0,37.2,19.0,5.0,0.3,0.0,0.0,0.0,0.0,0.0,0.0,0.0,0.0,0.0,0.0,0.0,7.0,0.0,0.0,0.0,0.0,0.0,0.0,Levadiakos,10.0,3.0,0.0,0.0,4.0,5.0,62.8,14.0,3.0,0.2,0.0,0.0,0.0,0.0,0.0,0.0,0.0,0.0,0.0,0.0,0.0,3.0,0.0,0.0,0.0,0.0,0.0,0.0,715732,2025-03-09 17:00:00,2025
Asteras Tripoli,11.0,1.0,0.0,0.0,6.0,3.0,69.1,11.0,2.0,0.2,0.0,1.0,0.0,0.0,0.0,0.0,0.0,0.0,0.0,0.0,0.0,3.0,0.0,0.0,0.0,0.0,0.0,0.0,Panserraikos FC,11.0,4.0,0.0,0.0,1.0,0.0,30.9,8.0,5.0,0.6,0.0,0.0,0.0,0.0,0.0,0.0,0.0,0.0,0.0,0.0,0.0,1.0,0.0,0.0,0.0,0.0,0.0,0.0,715728,2025-03-09 17:00:00,2025
Atromitos,23.0,3.0,0.0,0.0,2.0,5.0,31.8,10.0,4.0,0.4,0.0,0.0,0.0,0.0,0.0,0.0,0.0,0.0,0.0,0.0,0.0,1.0,0.0,0.0,0.0,0.0,0.0,0.0,Panathinaikos,9.0,3.0,0.0,0.0,3.0,3.0,68.2,14.0,6.0,0.4,0.0,0.0,0.0,0.0,0.0,0.0,0.0,0.0,0.0,0.0,0.0,3.0,0.0,0.0,0.0,0.0,0.0,0.0,715729,2025-03-09 17:00:00,2025
Lamia,21.0,3.0,0.0,0.0,0.0,2.0,23.7,3.0,1.0,0.3,1.0,1.0,0.0,0.0,0.0,0.0,0.0,0.0,0.0,0.0,0.0,2.0,0.0,0.0,0.0,0.0,0.0,0.0,Volos NFC,10.0,2.0,0.0,0.0,8.0,0.0,76.3,17.0,3.0,0.2,0.0,0.0,0.0,0.0,0.0,0.0,0.0,0.0,0.0,0.0,0.0,2.0,0.0,0.0,0.0,0.0,0.0,0.0,715730,2025-03-09 17:00:00,2025
OFI Crete,,,,,,,,,,,,,,,,,,,,,,,,,,,,,Atromitos,,,,,,,,,,,,,,,,,,,,,,,,,,,,,734424,2025-03-29 14:30:00,2025
Athens Kallithea,,,,,,,,,,,,,,,,,,,,,,,,,,,,,Volos NFC,,,,,,,,,,,,,,,,,,,,,,,,,,,,,734425,2025-03-29 16:30:00,2025
Asteras Tripoli,,,,,,,,,,,,,,,,,,,,,,,,,,,,,Aris,,,,,,,,,,,,,,,,,,,,,,,,,,,,,734426,2025-03-29 17:30:00,2025
Panetolikos,,,,,,,,,,,,,,,,,,,,,,,,,,,,,Levadiakos,,,,,,,,,,,,,,,,,,,,,,,,,,,,,734427,2025-03-29 18:30:00,2025
Panserraikos FC,,,,,,,,,,,,,,,,,,,,,,,,,,,,,Lamia,,,,,,,,,,,,,,,,,,,,,,,,,,,,,734428,2025-03-30 14:00:00,2025
AEK Athens,,,,,,,,,,,,,,,,,,,,,,,,,,,,,PAOK,,,,,,,,,,,,,,,,,,,,,,,,,,,,,734429,2025-03-30 16:00:00,2025
Olympiacos,,,,,,,,,,,,,,,,,,,,,,,,,,,,,Panathinaikos,,,,,,,,,,,,,,,,,,,,,,,,,,,,,734430,2025-03-30 18:00:00,2025
Levadiakos,,,,,,,,,,,,,,,,,,,,,,,,,,,,,Panserraikos FC,,,,,,,,,,,,,,,,,,,,,,,,,,,,,734431,2025-04-05 14:00:00,2025
Aris,,,,,,,,,,,,,,,,,,,,,,,,,,,,,OFI Crete,,,,,,,,,,,,,,,,,,,,,,,,,,,,,734432,2025-04-05 16:30:00,2025
Lamia,,,,,,,,,,,,,,,,,,,,,,,,,,,,,Athens Kallithea,,,,,,,,,,,,,,,,,,,,,,,,,,,,,734433,2025-04-05 17:00:00,2025
Volos NFC,,,,,,,,,,,,,,,,,,,,,,,,,,,,,Panetolikos,,,,,,,,,,,,,,,,,,,,,,,,,,,,,734434,2025-04-06 14:00:00,2025
PAOK,,,,,,,,,,,,,,,,,,,,,,,,,,,,,Olympiacos,,,,,,,,,,,,,,,,,,,,,,,,,,,,,734435,2025-04-06 16:30:00,2025
Panathinaikos,,,,,,,,,,,,,,,,,,,,,,,,,,,,,AEK Athens,,,,,,,,,,,,,,,,,,,,,,,,,,,,,734436,2025-04-06 18:30:00,2025
Atromitos,,,,,,,,,,,,,,,,,,,,,,,,,,,,,Asteras Tripoli,,,,,,,,,,,,,,,,,,,,,,,,,,,,,734437,2025-04-07 15:00:00,2025
Panetolikos,,,,,,,,,,,,,,,,,,,,,,,,,,,,,Lamia,,,,,,,,,,,,,,,,,,,,,,,,,,,,,734438,2025-04-12 14:00:00,2025
Panserraikos FC,,,,,,,,,,,,,,,,,,,,,,,,,,,,,Athens Kallithea,,,,,,,,,,,,,,,,,,,,,,,,,,,,,734439,2025-04-12 16:30:00,2025
Volos NFC,,,,,,,,,,,,,,,,,,,,,,,,,,,,,Levadiakos,,,,,,,,,,,,,,,,,,,,,,,,,,,,,734440,2025-04-12 17:00:00,2025
Asteras Tripoli,,,,,,,,,,,,,,,,,,,,,,,,,,,,,OFI Crete,,,,,,,,,,,,,,,,,,,,,,,,,,,,,734441,2025-04-13 13:30:00,2025
Panathinaikos,,,,,,,,,,,,,,,,,,,,,,,,,,,,,PAOK,,,,,,,,,,,,,,,,,,,,,,,,,,,,,734442,2025-04-13 16:00:00,2025
Aris,,,,,,,,,,,,,,,,,,,,,,,,,,,,,Atromitos,,,,,,,,,,,,,,,,,,,,,,,,,,,,,734443,2025-04-13 16:30:00,2025
Olympiacos,,,,,,,,,,,,,,,,,,,,,,,,,,,,,AEK Athens,,,,,,,,,,,,,,,,,,,,,,,,,,,,,734444,2025-04-13 18:00:00,2025
Lamia,,,,,,,,,,,,,,,,,,,,,,,,,,,,,Volos NFC,,,,,,,,,,,,,,,,,,,,,,,,,,,,,734445,2025-04-23 15:00:00,2025
Panserraikos FC,,,,,,,,,,,,,,,,,,,,,,,,,,,,,Panetolikos,,,,,,,,,,,,,,,,,,,,,,,,,,,,,734446,2025-04-23 15:00:00,2025
Athens Kallithea,,,,,,,,,,,,,,,,,,,,,,,,,,,,,Levadiakos,,,,,,,,,,,,,,,,,,,,,,,,,,,,,734447,2025-04-23 17:30:00,2025
OFI Crete,,,,,,,,,,,,,,,,,,,,,,,,,,,,,Asteras Tripoli,,,,,,,,,,,,,,,,,,,,,,,,,,,,,734449,2025-04-26 17:00:00,2025
Atromitos,,,,,,,,,,,,,,,,,,,,,,,,,,,,,Aris,,,,,,,,,,,,,,,,,,,,,,,,,,,,,734448,2025-04-26 17:00:00,2025
AEK Athens,,,,,,,,,,,,,,,,,,,,,,,,,,,,,Olympiacos,,,,,,,,,,,,,,,,,,,,,,,,,,,,,734450,2025-04-27 17:00:00,2025
PAOK,,,,,,,,,,,,,,,,,,,,,,,,,,,,,Panathinaikos,,,,,,,,,,,,,,,,,,,,,,,,,,,,,734451,2025-04-27 17:00:00,2025
Levadiakos,,,,,,,,,,,,,,,,,,,,,,,,,,,,,Lamia,,,,,,,,,,,,,,,,,,,,,,,,,,,,,734452,2025-04-28 15:00:00,2025
Panetolikos,,,,,,,,,,,,,,,,,,,,,,,,,,,,,Athens Kallithea,,,,,,,,,,,,,,,,,,,,,,,,,,,,,734453,2025-04-28 15:00:00,2025
Volos NFC,,,,,,,,,,,,,,,,,,,,,,,,,,,,,Panserraikos FC,,,,,,,,,,,,,,,,,,,,,,,,,,,,,734454,2025-04-28 17:00:00,2025
OFI Crete,,,,,,,,,,,,,,,,,,,,,,,,,,,,,Aris,,,,,,,,,,,,,,,,,,,,,,,,,,,,,734456,2025-05-03 17:00:00,2025
Asteras Tripoli,,,,,,,,,,,,,,,,,,,,,,,,,,,,,Atromitos,,,,,,,,,,,,,,,,,,,,,,,,,,,,,734455,2025-05-03 17:00:00,2025
Olympiacos,,,,,,,,,,,,,,,,,,,,,,,,,,,,,PAOK,,,,,,,,,,,,,,,,,,,,,,,,,,,,,734458,2025-05-04 17:00:00,2025
AEK Athens,,,,,,,,,,,,,,,,,,,,,,,,,,,,,Panathinaikos,,,,,,,,,,,,,,,,,,,,,,,,,,,,,734459,2025-05-04 17:00:00,2025
Panserraikos FC,,,,,,,,,,,,,,,,,,,,,,,,,,,,,Volos NFC,,,,,,,,,,,,,,,,,,,,,,,,,,,,,734457,2025-05-05 15:00:00,2025
Athens Kallithea,,,,,,,,,,,,,,,,,,,,,,,,,,,,,Panetolikos,,,,,,,,,,,,,,,,,,,,,,,,,,,,,734460,2025-05-05 15:00:00,2025
Lamia,,,,,,,,,,,,,,,,,,,,,,,,,,,,,Levadiakos,,,,,,,,,,,,,,,,,,,,,,,,,,,,,734461,2025-05-05 17:00:00,2025
Lamia,,,,,,,,,,,,,,,,,,,,,,,,,,,,,Panserraikos FC,,,,,,,,,,,,,,,,,,,,,,,,,,,,,734462,2025-05-10 14:00:00,2025
Levadiakos,,,,,,,,,,,,,,,,,,,,,,,,,,,,,Athens Kallithea,,,,,,,,,,,,,,,,,,,,,,,,,,,,,734463,2025-05-10 14:00:00,2025
Aris,,,,,,,,,,,,,,,,,,,,,,,,,,,,,Asteras Tripoli,,,,,,,,,,,,,,,,,,,,,,,,,,,,,734465,2025-05-10 15:30:00,2025
Atromitos,,,,,,,,,,,,,,,,,,,,,,,,,,,,,OFI Crete,,,,,,,,,,,,,,,,,,,,,,,,,,,,,734464,2025-05-10 16:15:00,2025
Panetolikos,,,,,,,,,,,,,,,,,,,,,,,,,,,,,Volos NFC,,,,,,,,,,,,,,,,,,,,,,,,,,,,,734466,2025-05-10 17:00:00,2025
PAOK,,,,,,,,,,,,,,,,,,,,,,,,,,,,,AEK Athens,,,,,,,,,,,,,,,,,,,,,,,,,,,,,734467,2025-05-11 17:00:00,2025
Panathinaikos,,,,,,,,,,,,,,,,,,,,,,,,,,,,,Olympiacos,,,,,,,,,,,,,,,,,,,,,,,,,,,,,734468,2025-05-11 17:00:00,2025
Levadiakos,,,,,,,,,,,,,,,,,,,,,,,,,,,,,Panetolikos,,,,,,,,,,,,,,,,,,,,,,,,,,,,,734470,2025-05-14 15:00:00,2025
Athens Kallithea,,,,,,,,,,,,,,,,,,,,,,,,,,,,,Panserraikos FC,,,,,,,,,,,,,,,,,,,,,,,,,,,,,734469,2025-05-14 17:00:00,2025
Volos NFC,,,,,,,,,,,,,,,,,,,,,,,,,,,,,Lamia,,,,,,,,,,,,,,,,,,,,,,,,,,,,,734471,2025-05-14 17:00:00,2025
Panserraikos FC,,,,,,,,,,,,,,,,,,,,,,,,,,,,,Levadiakos,,,,,,,,,,,,,,,,,,,,,,,,,,,,,734474,2025-05-18 12:00:00,2025
Lamia,,,,,,,,,,,,,,,,,,,,,,,,,,,,,Panetolikos,,,,,,,,,,,,,,,,,,,,,,,,,,,,,734472,2025-05-18 15:00:00,2025
Volos NFC,,,,,,,,,,,,,,,,,,,,,,,,,,,,,Athens Kallithea,,,,,,,,,,,,,,,,,,,,,,,,,,,,,734473,2025-05-18 17:00:00,2025
Levadiakos,,,,,,,,,,,,,,,,,,,,,,,,,,,,,Volos NFC,,,,,,,,,,,,,,,,,,,,,,,,,,,,,734475,2025-05-22 15:00:00,2025
Panetolikos,,,,,,,,,,,,,,,,,,,,,,,,,,,,,Panserraikos FC,,,,,,,,,,,,,,,,,,,,,,,,,,,,,734477,2025-05-22 15:00:00,2025
Athens Kallithea,,,,,,,,,,,,,,,,,,,,,,,,,,,,,Lamia,,,,,,,,,,,,,,,,,,,,,,,,,,,,,734476,2025-05-22 17:00:00,2025
Olympiacos,,,,,,,,,,,,,,,,,,,,,,,,,,,,,Asteras Tripoli,,,,,,,,,,,,,,,,,,,,,,,,,,,,,752273,2025-08-23 17:00:00,2025
Aris,,,,,,,,,,,,,,,,,,,,,,,,,,,,,Volos NFC,,,,,,,,,,,,,,,,,,,,,,,,,,,,,752277,2025-08-23 17:00:00,2025
Panetolikos,,,,,,,,,,,,,,,,,,,,,,,,,,,,,Atromitos,,,,,,,,,,,,,,,,,,,,,,,,,,,,,752275,2025-08-23 19:00:00,2025
AEK Athens,,,,,,,,,,,,,,,,,,,,,,,,,,,,,Panserraikos FC,,,,,,,,,,,,,,,,,,,,,,,,,,,,,752278,2025-08-24 17:15:00,2025
PAOK,,,,,,,,,,,,,,,,,,,,,,,,,,,,,Larissa FC,,,,,,,,,,,,,,,,,,,,,,,,,,,,,752274,2025-08-24 18:00:00,2025
Levadiakos,,,,,,,,,,,,,,,,,,,,,,,,,,,,,Kifisia,,,,,,,,,,,,,,,,,,,,,,,,,,,,,752276,2025-08-25 16:30:00,2025
Volos NFC,,,,,,,,,,,,,,,,,,,,,,,,,,,,,Olympiacos,,,,,,,,,,,,,,,,,,,,,,,,,,,,,752284,2025-08-30 16:00:00,2025
Panserraikos FC,,,,,,,,,,,,,,,,,,,,,,,,,,,,,OFI Crete,,,,,,,,,,,,,,,,,,,,,,,,,,,,,752286,2025-08-30 16:30:00,2025
Aris,,,,,,,,,,,,,,,,,,,,,,,,,,,,,Panetolikos,,,,,,,,,,,,,,,,,,,,,,,,,,,,,752281,2025-08-30 18:00:00,2025
Larissa FC,,,,,,,,,,,,,,,,,,,,,,,,,,,,,Kifisia,,,,,,,,,,,,,,,,,,,,,,,,,,,,,752280,2025-08-30 18:30:00,2025
AEK Athens,,,,,,,,,,,,,,,,,,,,,,,,,,,,,Asteras Tripoli,,,,,,,,,,,,,,,,,,,,,,,,,,,,,752282,2025-08-31 17:00:00,2025
PAOK,,,,,,,,,,,,,,,,,,,,,,,,,,,,,Atromitos,,,,,,,,,,,,,,,,,,,,,,,,,,,,,752283,2025-08-31 18:00:00,2025
Panathinaikos,,,,,,,,,,,,,,,,,,,,,,,,,,,,,Levadiakos,,,,,,,,,,,,,,,,,,,,,,,,,,,,,752287,2025-08-31 19:00:00,2025
Olympiacos,,,,,,,,,,,,,,,,,,,,,,,,,,,,,Panserraikos FC,,,,,,,,,,,,,,,,,,,,,,,,,,,,,752291,2025-09-13 15:00:00,2025
Panetolikos,,,,,,,,,,,,,,,,,,,,,,,,,,,,,Volos NFC,,,,,,,,,,,,,,,,,,,,,,,,,,,,,752294,2025-09-13 17:00:00,2025
Atromitos,,,,,,,,,,,,,,,,,,,,,,,,,,,,,Aris,,,,,,,,,,,,,,,,,,,,,,,,,,,,,752289,2025-09-13 17:00:00,2025
Asteras Tripoli,,,,,,,,,,,,,,,,,,,,,,,,,,,,,Larissa FC,,,,,,,,,,,,,,,,,,,,,,,,,,,,,752290,2025-09-14 15:00:00,2025
Kifisia,,,,,,,,,,,,,,,,,,,,,,,,,,,,,Panathinaikos,,,,,,,,,,,,,,,,,,,,,,,,,,,,,752288,2025-09-14 15:00:00,2025
Levadiakos,,,,,,,,,,,,,,,,,,,,,,,,,,,,,AEK Athens,,,,,,,,,,,,,,,,,,,,,,,,,,,,,752293,2025-09-14 17:00:00,2025
OFI Crete,,,,,,,,,,,,,,,,,,,,,,,,,,,,,PAOK,,,,,,,,,,,,,,,,,,,,,,,,,,,,,752292,2025-09-14 18:30:00,2025
Kifisia,,,,,,,,,,,,,,,,,,,,,,,,,,,,,Aris,,,,,,,,,,,,,,,,,,,,,,,,,,,,,752298,2025-09-20 15:00:00,2025
Panserraikos FC,,,,,,,,,,,,,,,,,,,,,,,,,,,,,Atromitos,,,,,,,,,,,,,,,,,,,,,,,,,,,,,752295,2025-09-20 15:00:00,2025
Volos NFC,,,,,,,,,,,,,,,,,,,,,,,,,,,,,Asteras Tripoli,,,,,,,,,,,,,,,,,,,,,,,,,,,,,752296,2025-09-20 17:00:00,2025
PAOK,,,,,,,,,,,,,,,,,,,,,,,,,,,,,Panetolikos,,,,,,,,,,,,,,,,,,,,,,,,,,,,,752297,2025-09-20 17:30:00,2025
Larissa FC,,,,,,,,,,,,,,,,,,,,,,,,,,,,,AEK Athens,,,,,,,,,,,,,,,,,,,,,,,,,,,,,752299,2025-09-21 14:30:00,2025
Levadiakos,,,,,,,,,,,,,,,,,,,,,,,,,,,,,OFI Crete,,,,,,,,,,,,,,,,,,,,,,,,,,,,,752300,2025-09-21 15:00:00,2025
Panathinaikos,,,,,,,,,,,,,,,,,,,,,,,,,,,,,Olympiacos,,,,,,,,,,,,,,,,,,,,,,,,,,,,,752301,2025-09-21 18:00:00,2025
Olympiacos,,,,,,,,,,,,,,,,,,,,,,,,,,,,,Levadiakos,,,,,,,,,,,,,,,,,,,,,,,,,,,,,752304,2025-09-27 15:00:00,2025
Aris,,,,,,,,,,,,,,,,,,,,,,,,,,,,,Panserraikos FC,,,,,,,,,,,,,,,,,,,,,,,,,,,,,752306,2025-09-27 17:30:00,2025
AEK Athens,,,,,,,,,,,,,,,,,,,,,,,,,,,,,Volos NFC,,,,,,,,,,,,,,,,,,,,,,,,,,,,,752307,2025-09-28 14:00:00,2025
OFI Crete,,,,,,,,,,,,,,,,,,,,,,,,,,,,,Kifisia,,,,,,,,,,,,,,,,,,,,,,,,,,,,,752303,2025-09-28 16:00:00,2025
Asteras Tripoli,,,,,,,,,,,,,,,,,,,,,,,,,,,,,PAOK,,,,,,,,,,,,,,,,,,,,,,,,,,,,,752305,2025-09-28 17:30:00,2025
Panetolikos,,,,,,,,,,,,,,,,,,,,,,,,,,,,,Panathinaikos,,,,,,,,,,,,,,,,,,,,,,,,,,,,,752308,2025-09-28 18:00:00,2025
Atromitos,,,,,,,,,,,,,,,,,,,,,,,,,,,,,Larissa FC,,,,,,,,,,,,,,,,,,,,,,,,,,,,,752302,2025-09-29 15:00:00,2025
OFI Crete,,,,,,,,,,,,,,,,,,,,,,,,,,,,,Aris,,,,,,,,,,,,,,,,,,,,,,,,,,,,,752311,2025-10-04 15:00:00,2025
Panserraikos FC,,,,,,,,,,,,,,,,,,,,,,,,,,,,,Asteras Tripoli,,,,,,,,,,,,,,,,,,,,,,,,,,,,,752315,2025-10-04 15:00:00,2025
Larissa FC,,,,,,,,,,,,,,,,,,,,,,,,,,,,,Volos NFC,,,,,,,,,,,,,,,,,,,,,,,,,,,,,752313,2025-10-04 17:30:00,2025
Levadiakos,,,,,,,,,,,,,,,,,,,,,,,,,,,,,Panetolikos,,,,,,,,,,,,,,,,,,,,,,,,,,,,,752314,2025-10-05 15:00:00,2025
Kifisia,,,,,,,,,,,,,,,,,,,,,,,,,,,,,AEK Athens,,,,,,,,,,,,,,,,,,,,,,,,,,,,,752312,2025-10-05 15:00:00,2025
PAOK,,,,,,,,,,,,,,,,,,,,,,,,,,,,,Olympiacos,,,,,,,,,,,,,,,,,,,,,,,,,,,,,752310,2025-10-05 17:30:00,2025
Panathinaikos,,,,,,,,,,,,,,,,,,,,,,,,,,,,,Atromitos,,,,,,,,,,,,,,,,,,,,,,,,,,,,,752309,2025-10-05 18:30:00,2025
Larissa FC,,,,,,,,,,,,,,,,,,,,,,,,,,,,,Olympiacos,,,,,,,,,,,,,,,,,,,,,,,,,,,,,752322,2025-10-18 14:00:00,2025
Atromitos,,,,,,,,,,,,,,,,,,,,,,,,,,,,,Levadiakos,,,,,,,,,,,,,,,,,,,,,,,,,,,,,752319,2025-10-18 16:30:00,2025
Panetolikos,,,,,,,,,,,,,,,,,,,,,,,,,,,,,OFI Crete,,,,,,,,,,,,,,,,,,,,,,,,,,,,,752321,2025-10-18 17:00:00,2025
Asteras Tripoli,,,,,,,,,,,,,,,,,,,,,,,,,,,,,Kifisia,,,,,,,,,,,,,,,,,,,,,,,,,,,,,752316,2025-10-19 13:00:00,2025
Volos NFC,,,,,,,,,,,,,,,,,,,,,,,,,,,,,Panserraikos FC,,,,,,,,,,,,,,,,,,,,,,,,,,,,,752320,2025-10-19 14:30:00,2025
Aris,,,,,,,,,,,,,,,,,,,,,,,,,,,,,Panathinaikos,,,,,,,,,,,,,,,,,,,,,,,,,,,,,752317,2025-10-19 16:30:00,2025
AEK Athens,,,,,,,,,,,,,,,,,,,,,,,,,,,,,PAOK,,,,,,,,,,,,,,,,,,,,,,,,,,,,,752318,2025-10-19 18:00:00,2025
Kifisia,,,,,,,,,,,,,,,,,,,,,,,,,,,,,Panetolikos,,,,,,,,,,,,,,,,,,,,,,,,,,,,,752323,2025-10-25 14:00:00,2025
Panserraikos FC,,,,,,,,,,,,,,,,,,,,,,,,,,,,,Larissa FC,,,,,,,,,,,,,,,,,,,,,,,,,,,,,752329,2025-10-25 16:30:00,2025
OFI Crete,,,,,,,,,,,,,,,,,,,,,,,,,,,,,Atromitos,,,,,,,,,,,,,,,,,,,,,,,,,,,,,752325,2025-10-25 17:00:00,2025
Levadiakos,,,,,,,,,,,,,,,,,,,,,,,,,,,,,Aris,,,,,,,,,,,,,,,,,,,,,,,,,,,,,752324,2025-10-26 15:00:00,2025
Panathinaikos,,,,,,,,,,,,,,,,,,,,,,,,,,,,,Asteras Tripoli,,,,,,,,,,,,,,,,,,,,,,,,,,,,,752326,2025-10-26 15:30:00,2025
PAOK,,,,,,,,,,,,,,,,,,,,,,,,,,,,,Volos NFC,,,,,,,,,,,,,,,,,,,,,,,,,,,,,752327,2025-10-26 17:30:00,2025
Olympiacos,,,,,,,,,,,,,,,,,,,,,,,,,,,,,AEK Athens,,,,,,,,,,,,,,,,,,,,,,,,,,,,,752328,2025-10-26 19:00:00,2025
Volos NFC,,,,,,,,,,,,,,,,,,,,,,,,,,,,,Panathinaikos,,,,,,,,,,,,,,,,,,,,,,,,,,,,,752331,2025-11-01 16:00:00,2025
Atromitos,,,,,,,,,,,,,,,,,,,,,,,,,,,,,Kifisia,,,,,,,,,,,,,,,,,,,,,,,,,,,,,752335,2025-11-01 17:30:00,2025
Olympiacos,,,,,,,,,,,,,,,,,,,,,,,,,,,,,Aris,,,,,,,,,,,,,,,,,,,,,,,,,,,,,752333,2025-11-01 18:00:00,2025
Larissa FC,,,,,,,,,,,,,,,,,,,,,,,,,,,,,Levadiakos,,,,,,,,,,,,,,,,,,,,,,,,,,,,,752334,2025-11-02 15:30:00,2025
Panserraikos FC,,,,,,,,,,,,,,,,,,,,,,,,,,,,,PAOK,,,,,,,,,,,,,,,,,,,,,,,,,,,,,752332,2025-11-02 17:30:00,2025
AEK Athens,,,,,,,,,,,,,,,,,,,,,,,,,,,,,Panetolikos,,,,,,,,,,,,,,,,,,,,,,,,,,,,,752330,2025-11-02 19:00:00,2025
Asteras Tripoli,,,,,,,,,,,,,,,,,,,,,,,,,,,,,OFI Crete,,,,,,,,,,,,,,,,,,,,,,,,,,,,,752336,2025-11-03 15:00:00,2025
Panetolikos,,,,,,,,,,,,,,,,,,,,,,,,,,,,,Larissa FC,,,,,,,,,,,,,,,,,,,,,,,,,,,,,752342,2025-11-08 15:00:00,2025
Aris,,,,,,,,,,,,,,,,,,,,,,,,,,,,,Asteras Tripoli,,,,,,,,,,,,,,,,,,,,,,,,,,,,,752337,2025-11-09 13:00:00,2025
Kifisia,,,,,,,,,,,,,,,,,,,,,,,,,,,,,Olympiacos,,,,,,,,,,,,,,,,,,,,,,,,,,,,,752339,2025-11-09 13:00:00,2025
Levadiakos,,,,,,,,,,,,,,,,,,,,,,,,,,,,,Panserraikos FC,,,,,,,,,,,,,,,,,,,,,,,,,,,,,752340,2025-11-09 15:00:00,2025
OFI Crete,,,,,,,,,,,,,,,,,,,,,,,,,,,,,AEK Athens,,,,,,,,,,,,,,,,,,,,,,,,,,,,,752341,2025-11-09 15:30:00,2025
Atromitos,,,,,,,,,,,,,,,,,,,,,,,,,,,,,Volos NFC,,,,,,,,,,,,,,,,,,,,,,,,,,,,,752338,2025-11-09 17:00:00,2025
Panathinaikos,,,,,,,,,,,,,,,,,,,,,,,,,,,,,PAOK,,,,,,,,,,,,,,,,,,,,,,,,,,,,,752343,2025-11-09 19:00:00,2025
Asteras Tripoli,,,,,,,,,,,,,,,,,,,,,,,,,,,,,Panetolikos,,,,,,,,,,,,,,,,,,,,,,,,,,,,,752345,2025-11-22 17:30:00,2025
Olympiacos,,,,,,,,,,,,,,,,,,,,,,,,,,,,,Atromitos,,,,,,,,,,,,,,,,,,,,,,,,,,,,,752347,2025-11-22 18:00:00,2025
Panserraikos FC,,,,,,,,,,,,,,,,,,,,,,,,,,,,,Panathinaikos,,,,,,,,,,,,,,,,,,,,,,,,,,,,,752349,2025-11-23 15:00:00,2025
PAOK,,,,,,,,,,,,,,,,,,,,,,,,,,,,,Kifisia,,,,,,,,,,,,,,,,,,,,,,,,,,,,,752348,2025-11-23 17:00:00,2025
AEK Athens,,,,,,,,,,,,,,,,,,,,,,,,,,,,,Aris,,,,,,,,,,,,,,,,,,,,,,,,,,,,,752344,2025-11-23 19:00:00,2025
Volos NFC,,,,,,,,,,,,,,,,,,,,,,,,,,,,,Levadiakos,,,,,,,,,,,,,,,,,,,,,,,,,,,,,752350,2025-11-24 16:00:00,2025
Larissa FC,,,,,,,,,,,,,,,,,,,,,,,,,,,,,OFI Crete,,,,,,,,,,,,,,,,,,,,,,,,,,,,,752346,2025-11-24 18:00:00,2025
OFI Crete,,,,,,,,,,,,,,,,,,,,,,,,,,,,,Volos NFC,,,,,,,,,,,,,,,,,,,,,,,,,,,,,752352,2025-11-29 15:30:00,2025
Kifisia,,,,,,,,,,,,,,,,,,,,,,,,,,,,,Panserraikos FC,,,,,,,,,,,,,,,,,,,,,,,,,,,,,752354,2025-11-29 17:30:00,2025
Aris,,,,,,,,,,,,,,,,,,,,,,,,,,,,,Larissa FC,,,,,,,,,,,,,,,,,,,,,,,,,,,,,752356,2025-11-29 17:30:00,2025
Panetolikos,,,,,,,,,,,,,,,,,,,,,,,,,,,,,Olympiacos,,,,,,,,,,,,,,,,,,,,,,,,,,,,,752351,2025-11-30 15:00:00,2025
Atromitos,,,,,,,,,,,,,,,,,,,,,,,,,,,,,Asteras Tripoli,,,,,,,,,,,,,,,,,,,,,,,,,,,,,752355,2025-11-30 15:00:00,2025
Levadiakos,,,,,,,,,,,,,,,,,,,,,,,,,,,,,PAOK,,,,,,,,,,,,,,,,,,,,,,,,,,,,,752353,2025-11-30 17:00:00,2025
Panathinaikos,,,,,,,,,,,,,,,,,,,,,,,,,,,,,AEK Athens,,,,,,,,,,,,,,,,,,,,,,,,,,,,,752357,2025-11-30 19:00:00,2025
Olympiacos,,,,,,,,,,,,,,,,,,,,,,,,,,,,,OFI Crete,,,,,,,,,,,,,,,,,,,,,,,,,,,,,752361,2025-12-06 15:00:00,2025
Volos NFC,,,,,,,,,,,,,,,,,,,,,,,,,,,,,Kifisia,,,,,,,,,,,,,,,,,,,,,,,,,,,,,752364,2025-12-06 18:30:00,2025
Asteras Tripoli,,,,,,,,,,,,,,,,,,,,,,,,,,,,,Levadiakos,,,,,,,,,,,,,,,,,,,,,,,,,,,,,752359,2025-12-07 15:00:00,2025
Larissa FC,,,,,,,,,,,,,,,,,,,,,,,,,,,,,Panathinaikos,,,,,,,,,,,,,,,,,,,,,,,,,,,,,752358,2025-12-07 15:30:00,2025
PAOK,,,,,,,,,,,,,,,,,,,,,,,,,,,,,Aris,,,,,,,,,,,,,,,,,,,,,,,,,,,,,752362,2025-12-07 17:30:00,2025
AEK Athens,,,,,,,,,,,,,,,,,,,,,,,,,,,,,Atromitos,,,,,,,,,,,,,,,,,,,,,,,,,,,,,752360,2025-12-07 19:00:00,2025
Panserraikos FC,,,,,,,,,,,,,,,,,,,,,,,,,,,,,Panetolikos,,,,,,,,,,,,,,,,,,,,,,,,,,,,,752363,2025-12-08 16:00:00,2025
Levadiakos,,,,,,,,,,,,,,,,,,,,,,,,,,,,,Larissa FC,,,,,,,,,,,,,,,,,,,,,,,,,,,,,752368,2025-12-13 15:00:00,2025
OFI Crete,,,,,,,,,,,,,,,,,,,,,,,,,,,,,Panserraikos FC,,,,,,,,,,,,,,,,,,,,,,,,,,,,,752371,2025-12-13 16:00:00,2025
Kifisia,,,,,,,,,,,,,,,,,,,,,,,,,,,,,Asteras Tripoli,,,,,,,,,,,,,,,,,,,,,,,,,,,,,752365,2025-12-13 18:00:00,2025
Panetolikos,,,,,,,,,,,,,,,,,,,,,,,,,,,,,AEK Athens,,,,,,,,,,,,,,,,,,,,,,,,,,,,,752370,2025-12-14 15:30:00,2025
Atromitos,,,,,,,,,,,,,,,,,,,,,,,,,,,,,PAOK,,,,,,,,,,,,,,,,,,,,,,,,,,,,,752366,2025-12-14 16:00:00,2025
Aris,,,,,,,,,,,,,,,,,,,,,,,,,,,,,Olympiacos,,,,,,,,,,,,,,,,,,,,,,,,,,,,,752367,2025-12-14 18:00:00,2025
Panathinaikos,,,,,,,,,,,,,,,,,,,,,,,,,,,,,Volos NFC,,,,,,,,,,,,,,,,,,,,,,,,,,,,,752369,2025-12-14 19:00:00,2025
Asteras Tripoli,,,,,,,,,,,,,,,,,,,,,,,,,,,,,Aris,,,,,,,,,,,,,,,,,,,,,,,,,,,,,752373,2025-12-20 14:00:00,2025
Volos NFC,,,,,,,,,,,,,,,,,,,,,,,,,,,,,Panetolikos,,,,,,,,,,,,,,,,,,,,,,,,,,,,,752378,2025-12-20 16:00:00,2025
Olympiacos,,,,,,,,,,,,,,,,,,,,,,,,,,,,,Kifisia,,,,,,,,,,,,,,,,,,,,,,,,,,,,,752377,2025-12-20 18:30:00,2025
Larissa FC,,,,,,,,,,,,,,,,,,,,,,,,,,,,,Atromitos,,,,,,,,,,,,,,,,,,,,,,,,,,,,,752374,2025-12-21 15:30:00,2025
PAOK,,,,,,,,,,,,,,,,,,,,,,,,,,,,,Panathinaikos,,,,,,,,,,,,,,,,,,,,,,,,,,,,,752376,2025-12-21 17:30:00,2025
AEK Athens,,,,,,,,,,,,,,,,,,,,,,,,,,,,,OFI Crete,,,,,,,,,,,,,,,,,,,,,,,,,,,,,752372,2025-12-21 19:00:00,2025
Panserraikos FC,,,,,,,,,,,,,,,,,,,,,,,,,,,,,Levadiakos,,,,,,,,,,,,,,,,,,,,,,,,,,,,,752375,2025-12-22 16:00:00,2025
Kifisia,,,,,,,,,,,,,,,,,,,,,,,,,,,,,Larissa FC,,,,,,,,,,,,,,,,,,,,,,,,,,,,,752379,2026-01-10 15:00:00,2026
Panetolikos,,,,,,,,,,,,,,,,,,,,,,,,,,,,,PAOK,,,,,,,,,,,,,,,,,,,,,,,,,,,,,752384,2026-01-10 17:30:00,2026
Atromitos,,,,,,,,,,,,,,,,,,,,,,,,,,,,,Olympiacos,,,,,,,,,,,,,,,,,,,,,,,,,,,,,752380,2026-01-10 17:30:00,2026
Levadiakos,,,,,,,,,,,,,,,,,,,,,,,,,,,,,Volos NFC,,,,,,,,,,,,,,,,,,,,,,,,,,,,,752382,2026-01-11 14:00:00,2026
OFI Crete,,,,,,,,,,,,,,,,,,,,,,,,,,,,,Asteras Tripoli,,,,,,,,,,,,,,,,,,,,,,,,,,,,,752383,2026-01-11 15:30:00,2026
Aris,,,,,,,,,,,,,,,,,,,,,,,,,,,,,AEK Athens,,,,,,,,,,,,,,,,,,,,,,,,,,,,,752381,2026-01-11 17:30:00,2026
Panathinaikos,,,,,,,,,,,,,,,,,,,,,,,,,,,,,Panserraikos FC,,,,,,,,,,,,,,,,,,,,,,,,,,,,,752385,2026-01-11 19:00:00,2026
Panserraikos FC,,,,,,,,,,,,,,,,,,,,,,,,,,,,,Kifisia,,,,,,,,,,,,,,,,,,,,,,,,,,,,,752391,2026-01-17 13:30:00,2026
Larissa FC,,,,,,,,,,,,,,,,,,,,,,,,,,,,,Aris,,,,,,,,,,,,,,,,,,,,,,,,,,,,,752388,2026-01-18 15:00:00,2026
PAOK,,,,,,,,,,,,,,,,,,,,,,,,,,,,,OFI Crete,,,,,,,,,,,,,,,,,,,,,,,,,,,,,752389,2026-01-18 17:00:00,2026
AEK Athens,,,,,,,,,,,,,,,,,,,,,,,,,,,,,Panathinaikos,,,,,,,,,,,,,,,,,,,,,,,,,,,,,752386,2026-01-18 19:00:00,2026
Panetolikos,,,,,,,,,,,,,,,,,,,,,,,,,,,,,Levadiakos,,,,,,,,,,,,,,,,,,,,,,,,,,,,,752390,2026-01-19 16:00:00,2026
Volos NFC,,,,,,,,,,,,,,,,,,,,,,,,,,,,,Atromitos,,,,,,,,,,,,,,,,,,,,,,,,,,,,,752392,2026-01-19 18:00:00,2026
Olympiacos,,,,,,,,,,,,,,,,,,,,,,,,,,,,,Volos NFC,,,,,,,,,,,,,,,,,,,,,,,,,,,,,752399,2026-01-24 15:00:00,2026
Asteras Tripoli,,,,,,,,,,,,,,,,,,,,,,,,,,,,,AEK Athens,,,,,,,,,,,,,,,,,,,,,,,,,,,,,752394,2026-01-24 17:30:00,2026
Larissa FC,,,,,,,,,,,,,,,,,,,,,,,,,,,,,Panserraikos FC,,,,,,,,,,,,,,,,,,,,,,,,,,,,,752397,2026-01-24 18:00:00,2026
Aris,,,,,,,,,,,,,,,,,,,,,,,,,,,,,Levadiakos,,,,,,,,,,,,,,,,,,,,,,,,,,,,,752393,2026-01-25 14:00:00,2026
OFI Crete,,,,,,,,,,,,,,,,,,,,,,,,,,,,,Panetolikos,,,,,,,,,,,,,,,,,,,,,,,,,,,,,752398,2026-01-25 16:00:00,2026
Atromitos,,,,,,,,,,,,,,,,,,,,,,,,,,,,,Panathinaikos,,,,,,,,,,,,,,,,,,,,,,,,,,,,,752395,2026-01-25 17:30:00,2026
Panetolikos,,,,,,,,,,,,,,,,,,,,,,,,,,,,,Aris,,,,,,,,,,,,,,,,,,,,,,,,,,,,,752404,2026-01-31 15:00:00,2026
Atromitos,,,,,,,,,,,,,,,,,,,,,,,,,,,,,OFI Crete,,,,,,,,,,,,,,,,,,,,,,,,,,,,,752401,2026-01-31 16:00:00,2026
Volos NFC,,,,,,,,,,,,,,,,,,,,,,,,,,,,,Larissa FC,,,,,,,,,,,,,,,,,,,,,,,,,,,,,752406,2026-01-31 18:00:00,2026
Levadiakos,,,,,,,,,,,,,,,,,,,,,,,,,,,,,Asteras Tripoli,,,,,,,,,,,,,,,,,,,,,,,,,,,,,752402,2026-02-01 14:00:00,2026
Panathinaikos,,,,,,,,,,,,,,,,,,,,,,,,,,,,,Kifisia,,,,,,,,,,,,,,,,,,,,,,,,,,,,,752405,2026-02-01 15:30:00,2026
PAOK,,,,,,,,,,,,,,,,,,,,,,,,,,,,,Panserraikos FC,,,,,,,,,,,,,,,,,,,,,,,,,,,,,752403,2026-02-01 17:30:00,2026
AEK Athens,,,,,,,,,,,,,,,,,,,,,,,,,,,,,Olympiacos,,,,,,,,,,,,,,,,,,,,,,,,,,,,,752400,2026-02-01 19:00:00,2026
Asteras Tripoli,,,,,,,,,,,,,,,,,,,,,,,,,,,,,Olympiacos,,,,,,,,,,,,,,,,,,,,,,,,,,,,,752387,2026-02-04 16:30:00,2026
Larissa FC,,,,,,,,,,,,,,,,,,,,,,,,,,,,,Panetolikos,,,,,,,,,,,,,,,,,,,,,,,,,,,,,752409,2026-02-07 15:00:00,2026
Asteras Tripoli,,,,,,,,,,,,,,,,,,,,,,,,,,,,,Volos NFC,,,,,,,,,,,,,,,,,,,,,,,,,,,,,752407,2026-02-07 16:00:00,2026
Kifisia,,,,,,,,,,,,,,,,,,,,,,,,,,,,,Atromitos,,,,,,,,,,,,,,,,,,,,,,,,,,,,,752413,2026-02-07 18:00:00,2026
Panserraikos FC,,,,,,,,,,,,,,,,,,,,,,,,,,,,,AEK Athens,,,,,,,,,,,,,,,,,,,,,,,,,,,,,752410,2026-02-08 14:00:00,2026
OFI Crete,,,,,,,,,,,,,,,,,,,,,,,,,,,,,Levadiakos,,,,,,,,,,,,,,,,,,,,,,,,,,,,,752412,2026-02-08 15:00:00,2026
Aris,,,,,,,,,,,,,,,,,,,,,,,,,,,,,PAOK,,,,,,,,,,,,,,,,,,,,,,,,,,,,,752408,2026-02-08 17:00:00,2026
Olympiacos,,,,,,,,,,,,,,,,,,,,,,,,,,,,,Panathinaikos,,,,,,,,,,,,,,,,,,,,,,,,,,,,,752411,2026-02-08 19:00:00,2026
Panetolikos,,,,,,,,,,,,,,,,,,,,,,,,,,,,,Asteras Tripoli,,,,,,,,,,,,,,,,,,,,,,,,,,,,,752418,2026-02-14 15:00:00,2026
Levadiakos,,,,,,,,,,,,,,,,,,,,,,,,,,,,,Olympiacos,,,,,,,,,,,,,,,,,,,,,,,,,,,,,752416,2026-02-14 17:30:00,2026
Volos NFC,,,,,,,,,,,,,,,,,,,,,,,,,,,,,Aris,,,,,,,,,,,,,,,,,,,,,,,,,,,,,752420,2026-02-14 18:00:00,2026
Kifisia,,,,,,,,,,,,,,,,,,,,,,,,,,,,,OFI Crete,,,,,,,,,,,,,,,,,,,,,,,,,,,,,752415,2026-02-15 15:30:00,2026
PAOK,,,,,,,,,,,,,,,,,,,,,,,,,,,,,AEK Athens,,,,,,,,,,,,,,,,,,,,,,,,,,,,,752417,2026-02-15 17:30:00,2026
Panathinaikos,,,,,,,,,,,,,,,,,,,,,,,,,,,,,Larissa FC,,,,,,,,,,,,,,,,,,,,,,,,,,,,,752419,2026-02-15 19:00:00,2026
Atromitos,,,,,,,,,,,,,,,,,,,,,,,,,,,,,Panserraikos FC,,,,,,,,,,,,,,,,,,,,,,,,,,,,,752414,2026-02-16 16:00:00,2026
Asteras Tripoli,,,,,,,,,,,,,,,,,,,,,,,,,,,,,Atromitos,,,,,,,,,,,,,,,,,,,,,,,,,,,,,752424,2026-02-21 15:00:00,2026
Olympiacos,,,,,,,,,,,,,,,,,,,,,,,,,,,,,Panetolikos,,,,,,,,,,,,,,,,,,,,,,,,,,,,,752421,2026-02-21 15:00:00,2026
Panserraikos FC,,,,,,,,,,,,,,,,,,,,,,,,,,,,,Volos NFC,,,,,,,,,,,,,,,,,,,,,,,,,,,,,752427,2026-02-22 14:00:00,2026
OFI Crete,,,,,,,,,,,,,,,,,,,,,,,,,,,,,Panathinaikos,,,,,,,,,,,,,,,,,,,,,,,,,,,,,752422,2026-02-22 14:00:00,2026
Larissa FC,,,,,,,,,,,,,,,,,,,,,,,,,,,,,PAOK,,,,,,,,,,,,,,,,,,,,,,,,,,,,,752423,2026-02-22 16:00:00,2026
Aris,,,,,,,,,,,,,,,,,,,,,,,,,,,,,Kifisia,,,,,,,,,,,,,,,,,,,,,,,,,,,,,752425,2026-02-22 17:00:00,2026
AEK Athens,,,,,,,,,,,,,,,,,,,,,,,,,,,,,Levadiakos,,,,,,,,,,,,,,,,,,,,,,,,,,,,,752426,2026-02-22 18:00:00,2026
OFI Crete,,,,,,,,,,,,,,,,,,,,,,,,,,,,,Larissa FC,,,,,,,,,,,,,,,,,,,,,,,,,,,,,752431,2026-02-28 15:00:00,2026
Atromitos,,,,,,,,,,,,,,,,,,,,,,,,,,,,,Panetolikos,,,,,,,,,,,,,,,,,,,,,,,,,,,,,752433,2026-02-28 17:30:00,2026
Kifisia,,,,,,,,,,,,,,,,,,,,,,,,,,,,,Levadiakos,,,,,,,,,,,,,,,,,,,,,,,,,,,,,752432,2026-02-28 18:00:00,2026
Panserraikos FC,,,,,,,,,,,,,,,,,,,,,,,,,,,,,Olympiacos,,,,,,,,,,,,,,,,,,,,,,,,,,,,,752428,2026-03-01 14:00:00,2026
Volos NFC,,,,,,,,,,,,,,,,,,,,,,,,,,,,,AEK Athens,,,,,,,,,,,,,,,,,,,,,,,,,,,,,752434,2026-03-01 15:30:00,2026
PAOK,,,,,,,,,,,,,,,,,,,,,,,,,,,,,Asteras Tripoli,,,,,,,,,,,,,,,,,,,,,,,,,,,,,752430,2026-03-01 17:00:00,2026
Panathinaikos,,,,,,,,,,,,,,,,,,,,,,,,,,,,,Aris,,,,,,,,,,,,,,,,,,,,,,,,,,,,,752429,2026-03-01 18:00:00,2026
Panathinaikos,,,,,,,,,,,,,,,,,,,,,,,,,,,,,OFI Crete,,,,,,,,,,,,,,,,,,,,,,,,,,,,,752279,2026-03-04 16:00:00,2026
Kifisia,,,,,,,,,,,,,,,,,,,,,,,,,,,,,PAOK,,,,,,,,,,,,,,,,,,,,,,,,,,,,,752396,2026-03-04 18:00:00,2026
Aris,,,,,,,,,,,,,,,,,,,,,,,,,,,,,Atromitos,,,,,,,,,,,,,,,,,,,,,,,,,,,,,752436,2026-03-07 15:00:00,2026
AEK Athens,,,,,,,,,,,,,,,,,,,,,,,,,,,,,Larissa FC,,,,,,,,,,,,,,,,,,,,,,,,,,,,,752437,2026-03-07 16:00:00,2026
Asteras Tripoli,,,,,,,,,,,,,,,,,,,,,,,,,,,,,Panserraikos FC,,,,,,,,,,,,,,,,,,,,,,,,,,,,,752435,2026-03-08 14:00:00,2026
Volos NFC,,,,,,,,,,,,,,,,,,,,,,,,,,,,,OFI Crete,,,,,,,,,,,,,,,,,,,,,,,,,,,,,752441,2026-03-08 15:00:00,2026
Levadiakos,,,,,,,,,,,,,,,,,,,,,,,,,,,,,Panathinaikos,,,,,,,,,,,,,,,,,,,,,,,,,,,,,752440,2026-03-08 17:00:00,2026
Olympiacos,,,,,,,,,,,,,,,,,,,,,,,,,,,,,PAOK,,,,,,,,,,,,,,,,,,,,,,,,,,,,,752439,2026-03-08 19:00:00,2026
Panetolikos,,,,,,,,,,,,,,,,,,,,,,,,,,,,,Kifisia,,,,,,,,,,,,,,,,,,,,,,,,,,,,,752438,2026-03-09 16:00:00,2026
OFI Crete,,,,,,,,,,,,,,,,,,,,,,,,,,,,,Olympiacos,,,,,,,,,,,,,,,,,,,,,,,,,,,,,752442,2026-03-14 15:00:00,2026
Panserraikos FC,,,,,,,,,,,,,,,,,,,,,,,,,,,,,Aris,,,,,,,,,,,,,,,,,,,,,,,,,,,,,752447,2026-03-14 17:30:00,2026
Larissa FC,,,,,,,,,,,,,,,,,,,,,,,,,,,,,Asteras Tripoli,,,,,,,,,,,,,,,,,,,,,,,,,,,,,752443,2026-03-14 18:00:00,2026
Kifisia,,,,,,,,,,,,,,,,,,,,,,,,,,,,,Volos NFC,,,,,,,,,,,,,,,,,,,,,,,,,,,,,752444,2026-03-15 14:00:00,2026
PAOK,,,,,,,,,,,,,,,,,,,,,,,,,,,,,Levadiakos,,,,,,,,,,,,,,,,,,,,,,,,,,,,,752445,2026-03-15 16:00:00,2026
Atromitos,,,,,,,,,,,,,,,,,,,,,,,,,,,,,AEK Athens,,,,,,,,,,,,,,,,,,,,,,,,,,,,,752446,2026-03-15 17:30:00,2026
Panathinaikos,,,,,,,,,,,,,,,,,,,,,,,,,,,,,Panetolikos,,,,,,,,,,,,,,,,,,,,,,,,,,,,,752448,2026-03-15 19:00:00,2026
Volos NFC,,,,,,,,,,,,,,,,,,,,,,,,,,,,,PAOK,,,,,,,,,,,,,,,,,,,,,,,,,,,,,752454,2026-03-22 17:00:00,2026
Aris,,,,,,,,,,,,,,,,,,,,,,,,,,,,,OFI Crete,,,,,,,,,,,,,,,,,,,,,,,,,,,,,752450,2026-03-22 17:00:00,2026
Olympiacos,,,,,,,,,,,,,,,,,,,,,,,,,,,,,Larissa FC,,,,,,,,,,,,,,,,,,,,,,,,,,,,,752453,2026-03-22 17:00:00,2026
Levadiakos,,,,,,,,,,,,,,,,,,,,,,,,,,,,,Atromitos,,,,,,,,,,,,,,,,,,,,,,,,,,,,,752455,2026-03-22 17:00:00,2026
Asteras Tripoli,,,,,,,,,,,,,,,,,,,,,,,,,,,,,Panathinaikos,,,,,,,,,,,,,,,,,,,,,,,,,,,,,752451,2026-03-22 17:00:00,2026
Panetolikos,,,,,,,,,,,,,,,,,,,,,,,,,,,,,Panserraikos FC,,,,,,,,,,,,,,,,,,,,,,,,,,,,,752452,2026-03-22 17:00:00,2026
AEK Athens,,,,,,,,,,,,,,,,,,,,,,,,,,,,,Kifisia,,,,,,,,,,,,,,,,,,,,,,,,,,,,,752449,2026-03-22 17:00:00,2026
Kifisia,,,,,,,,,,,,,,,,,,,,,,,,,,,,,Panserraikos FC,,,,,,,,,,,,,,,,,,,,,,,,,,,,,401866534,2026-04-04 13:00:00,2026
Asteras Tripoli,,,,,,,,,,,,,,,,,,,,,,,,,,,,,Larissa FC,,,,,,,,,,,,,,,,,,,,,,,,,,,,,401866533,2026-04-04 15:00:00,2026
Panetolikos,,,,,,,,,,,,,,,,,,,,,,,,,,,,,Atromitos,,,,,,,,,,,,,,,,,,,,,,,,,,,,,401866535,2026-04-04 17:00:00,2026
Volos NFC,,,,,,,,,,,,,,,,,,,,,,,,,,,,,OFI Crete,,,,,,,,,,,,,,,,,,,,,,,,,,,,,401866538,2026-04-05 14:00:00,2026
Levadiakos,,,,,,,,,,,,,,,,,,,,,,,,,,,,,Aris,,,,,,,,,,,,,,,,,,,,,,,,,,,,,401866536,2026-04-05 14:00:00,2026
PAOK,,,,,,,,,,,,,,,,,,,,,,,,,,,,,Panathinaikos,,,,,,,,,,,,,,,,,,,,,,,,,,,,,401866539,2026-04-05 16:00:00,2026
Olympiacos,,,,,,,,,,,,,,,,,,,,,,,,,,,,,AEK Athens,,,,,,,,,,,,,,,,,,,,,,,,,,,,,401866537,2026-04-05 18:00:00,2026
Larissa FC,,,,,,,,,,,,,,,,,,,,,,,,,,,,,Panetolikos,,,,,,,,,,,,,,,,,,,,,,,,,,,,,401866540,2026-04-08 13:00:00,2026
Panserraikos FC,,,,,,,,,,,,,,,,,,,,,,,,,,,,,Asteras Tripoli,,,,,,,,,,,,,,,,,,,,,,,,,,,,,401866542,2026-04-08 14:00:00,2026
Atromitos,,,,,,,,,,,,,,,,,,,,,,,,,,,,,Kifisia,,,,,,,,,,,,,,,,,,,,,,,,,,,,,401866541,2026-04-08 16:00:00,2026
Kifisia,,,,,,,,,,,,,,,,,,,,,,,,,,,,,Asteras Tripoli,,,,,,,,,,,,,,,,,,,,,,,,,,,,,401866548,2026-04-18 13:00:00,2026
Atromitos,,,,,,,,,,,,,,,,,,,,,,,,,,,,,Larissa FC,,,,,,,,,,,,,,,,,,,,,,,,,,,,,401866549,2026-04-18 14:00:00,2026
OFI Crete,14.0,1.0,0.0,0.0,3.0,6.0,43.2,16.0,5.0,0.3,0.0,0.0,0.0,0.0,0.0,0.0,0.0,0.0,0.0,0.0,0.0,3.0,0.0,0.0,0.0,0.0,0.0,0.0,Levadiakos,17.0,5.0,0.0,0.0,1.0,3.0,56.8,12.0,6.0,0.5,0.0,0.0,0.0,0.0,0.0,0.0,0.0,0.0,0.0,0.0,0.0,1.0,0.0,0.0,0.0,0.0,0.0,0.0,401866547,2026-04-18 15:00:00,2026
Aris,8.0,5.0,0.0,0.0,4.0,2.0,56.2,22.0,9.0,0.4,0.0,0.0,0.0,0.0,0.0,0.0,0.0,0.0,0.0,0.0,0.0,5.0,0.0,0.0,0.0,0.0,0.0,0.0,Volos NFC,17.0,5.0,0.0,0.0,5.0,5.0,43.8,11.0,4.0,0.4,0.0,0.0,0.0,0.0,0.0,0.0,0.0,0.0,0.0,0.0,0.0,2.0,0.0,0.0,0.0,0.0,0.0,0.0,401866544,2026-04-18 16:00:00,2026
Panetolikos,12.0,0.0,0.0,0.0,2.0,1.0,70.1,11.0,7.0,0.6,0.0,0.0,0.0,0.0,0.0,0.0,0.0,0.0,0.0,0.0,0.0,1.0,0.0,0.0,0.0,0.0,0.0,0.0,Panserraikos FC,15.0,0.0,0.0,0.0,0.0,5.0,29.9,6.0,4.0,0.7,0.0,0.0,0.0,0.0,0.0,0.0,0.0,0.0,0.0,0.0,0.0,1.0,0.0,0.0,0.0,0.0,0.0,0.0,401866546,2026-04-18 17:00:00,2026
AEK Athens,25.0,1.0,0.0,0.0,6.0,0.0,39.3,20.0,6.0,0.3,0.0,0.0,0.0,0.0,0.0,0.0,0.0,0.0,0.0,0.0,0.0,6.0,0.0,0.0,0.0,0.0,0.0,0.0,PAOK,12.0,3.0,0.0,0.0,3.0,4.0,60.7,8.0,0.0,0.0,0.0,0.0,0.0,0.0,0.0,0.0,0.0,0.0,0.0,0.0,0.0,1.0,0.0,0.0,0.0,0.0,0.0,0.0,401866543,2026-04-19 15:00:00,2026
Panathinaikos,,,,,,,,,,,,,,,,,,,,,,,,,,,,,Olympiacos,,,,,,,,,,,,,,,,,,,,,,,,,,,,,401866545,2026-04-19 18:00:00,2026
Panserraikos FC,14.0,5.0,0.0,0.0,6.0,3.0,43.0,8.0,1.0,0.1,0.0,0.0,0.0,0.0,0.0,0.0,0.0,0.0,0.0,0.0,0.0,3.0,0.0,0.0,0.0,0.0,0.0,0.0,Atromitos,8.0,1.0,0.0,0.0,7.0,1.0,57.0,14.0,7.0,0.5,0.0,1.0,0.0,0.0,0.0,0.0,0.0,0.0,0.0,0.0,0.0,3.0,0.0,0.0,0.0,0.0,0.0,0.0,401866550,2026-04-22 13:00:00,2026
Larissa FC,17.0,1.0,0.0,0.0,8.0,3.0,59.1,13.0,3.0,0.2,0.0,0.0,0.0,0.0,0.0,0.0,0.0,0.0,0.0,0.0,0.0,2.0,0.0,0.0,0.0,0.0,0.0,0.0,Kifisia,16.0,2.0,0.0,0.0,4.0,2.0,40.9,14.0,4.0,0.3,2.0,1.0,0.0,0.0,0.0,0.0,0.0,0.0,0.0,0.0,0.0,5.0,0.0,0.0,0.0,0.0,0.0,0.0,401866551,2026-04-22 14:00:00,2026
Asteras Tripoli,15.0,5.0,0.0,0.0,1.0,4.0,41.4,17.0,5.0,0.3,0.0,0.0,0.0,0.0,0.0,0.0,0.0,0.0,0.0,0.0,0.0,3.0,0.0,0.0,0.0,0.0,0.0,0.0,Panetolikos,9.0,1.0,0.0,0.0,2.0,3.0,58.6,6.0,5.0,0.8,0.0,1.0,0.0,0.0,0.0,0.0,0.0,0.0,0.0,0.0,0.0,0.0,0.0,0.0,0.0,0.0,0.0,0.0,401866552,2026-04-22 17:00:00,2026
Kifisia,18.0,3.0,0.0,0.0,3.0,1.0,64.3,21.0,9.0,0.4,0.0,0.0,0.0,0.0,0.0,0.0,0.0,0.0,0.0,0.0,0.0,7.0,0.0,0.0,0.0,0.0,0.0,0.0,Panetolikos,20.0,4.0,0.0,0.0,1.0,10.0,35.7,4.0,1.0,0.3,0.0,0.0,0.0,0.0,0.0,0.0,0.0,0.0,0.0,0.0,0.0,1.0,0.0,0.0,0.0,0.0,0.0,0.0,401866553,2026-04-26 13:00:00,2026
Atromitos,11.0,1.0,0.0,0.0,5.0,3.0,59.6,13.0,8.0,0.6,0.0,0.0,0.0,0.0,0.0,0.0,0.0,0.0,0.0,0.0,0.0,4.0,0.0,0.0,0.0,0.0,0.0,0.0,Asteras Tripoli,14.0,1.0,0.0,0.0,10.0,6.0,40.4,13.0,4.0,0.3,0.0,0.0,0.0,0.0,0.0,0.0,0.0,0.0,0.0,0.0,0.0,5.0,0.0,0.0,0.0,0.0,0.0,0.0,401866554,2026-04-26 15:00:00,2026
Larissa FC,13.0,4.0,0.0,0.0,4.0,1.0,69.0,11.0,2.0,0.2,0.0,0.0,0.0,0.0,0.0,0.0,0.0,0.0,0.0,0.0,0.0,7.0,0.0,0.0,0.0,0.0,0.0,0.0,Panserraikos FC,21.0,5.0,0.0,0.0,2.0,2.0,31.0,4.0,3.0,0.8,0.0,0.0,0.0,0.0,0.0,0.0,0.0,0.0,0.0,0.0,0.0,0.0,0.0,0.0,0.0,0.0,0.0,0.0,401866555,2026-04-26 17:00:00,2026
Panetolikos,14.0,6.0,0.0,0.0,5.0,3.0,53.6,6.0,2.0,0.3,0.0,0.0,0.0,0.0,0.0,0.0,0.0,0.0,0.0,0.0,0.0,1.0,0.0,0.0,0.0,0.0,0.0,0.0,Kifisia,19.0,4.0,0.0,0.0,2.0,2.0,46.4,11.0,4.0,0.4,2.0,1.0,0.0,0.0,0.0,0.0,0.0,0.0,0.0,0.0,0.0,2.0,0.0,0.0,0.0,0.0,0.0,0.0,401866559,2026-05-02 14:00:00,2026
Panserraikos FC,4.0,2.0,0.0,0.0,5.0,2.0,46.7,11.0,3.0,0.3,2.0,1.0,0.0,0.0,0.0,0.0,0.0,0.0,0.0,0.0,0.0,3.0,0.0,0.0,0.0,0.0,0.0,0.0,Larissa FC,18.0,5.0,1.0,0.0,2.0,2.0,53.3,6.0,3.0,0.5,0.0,0.0,0.0,0.0,0.0,0.0,0.0,0.0,0.0,0.0,0.0,0.0,0.0,0.0,0.0,0.0,0.0,0.0,401866557,2026-05-02 14:30:00,2026
Asteras Tripoli,17.0,1.0,0.0,0.0,4.0,1.0,33.3,12.0,9.0,0.8,2.0,1.0,0.0,0.0,0.0,0.0,0.0,0.0,0.0,0.0,0.0,2.0,0.0,0.0,0.0,0.0,0.0,0.0,Atromitos,14.0,3.0,0.0,0.0,4.0,4.0,66.7,12.0,3.0,0.3,0.0,0.0,0.0,0.0,0.0,0.0,0.0,0.0,0.0,0.0,0.0,3.0,0.0,0.0,0.0,0.0,0.0,0.0,401866562,2026-05-02 16:30:00,2026
OFI Crete,8.0,2.0,0.0,0.0,3.0,1.0,57.9,11.0,1.0,0.1,0.0,0.0,0.0,0.0,0.0,0.0,0.0,0.0,0.0,0.0,0.0,2.0,0.0,0.0,0.0,0.0,0.0,0.0,Aris,21.0,4.0,0.0,0.0,7.0,1.0,42.1,11.0,3.0,0.3,0.0,0.0,0.0,0.0,0.0,0.0,0.0,0.0,0.0,0.0,0.0,2.0,0.0,0.0,0.0,0.0,0.0,0.0,401866560,2026-05-03 14:00:00,2026
Levadiakos,15.0,2.0,0.0,0.0,3.0,4.0,52.7,12.0,9.0,0.8,6.0,3.0,0.0,0.0,0.0,0.0,0.0,0.0,0.0,0.0,0.0,1.0,0.0,0.0,0.0,0.0,0.0,0.0,Volos NFC,14.0,0.0,1.0,0.0,4.0,4.0,47.3,12.0,7.0,0.6,0.0,0.0,0.0,0.0,0.0,0.0,0.0,0.0,0.0,0.0,0.0,2.0,0.0,0.0,0.0,0.0,0.0,0.0,401866561,2026-05-03 14:00:00,2026
PAOK,12.0,1.0,0.0,0.0,3.0,4.0,45.8,7.0,6.0,0.9,0.0,0.0,0.0,0.0,0.0,0.0,0.0,0.0,0.0,0.0,0.0,0.0,0.0,0.0,0.0,0.0,0.0,0.0,Olympiacos,7.0,1.0,0.0,0.0,9.0,3.0,54.2,17.0,5.0,0.3,0.0,0.0,0.0,0.0,0.0,0.0,0.0,0.0,0.0,0.0,0.0,5.0,0.0,0.0,0.0,0.0,0.0,0.0,401866556,2026-05-03 16:00:00,2026
Panathinaikos,13.0,1.0,1.0,0.0,2.0,4.0,35.0,8.0,5.0,0.6,0.0,0.0,0.0,0.0,0.0,0.0,0.0,0.0,0.0,0.0,0.0,0.0,0.0,0.0,0.0,0.0,0.0,0.0,AEK Athens,19.0,6.0,0.0,0.0,7.0,5.0,65.0,15.0,5.0,0.3,0.0,0.0,0.0,0.0,0.0,0.0,0.0,0.0,0.0,0.0,0.0,4.0,0.0,0.0,0.0,0.0,0.0,0.0,401866558,2026-05-03 18:00:00,2026
Panserraikos FC,11.0,2.0,0.0,0.0,6.0,2.0,49.1,11.0,3.0,0.3,0.0,0.0,0.0,0.0,0.0,0.0,0.0,0.0,0.0,0.0,0.0,3.0,0.0,0.0,0.0,0.0,0.0,0.0,Kifisia,22.0,3.0,0.0,0.0,1.0,2.0,50.9,11.0,4.0,0.4,0.0,0.0,0.0,0.0,0.0,0.0,0.0,0.0,0.0,0.0,0.0,1.0,0.0,0.0,0.0,0.0,0.0,0.0,401866564,2026-05-09 13:00:00,2026
Larissa FC,12.0,3.0,0.0,0.0,6.0,2.0,61.6,17.0,4.0,0.2,0.0,0.0,0.0,0.0,0.0,0.0,0.0,0.0,0.0,0.0,0.0,9.0,0.0,0.0,0.0,0.0,0.0,0.0,Asteras Tripoli,14.0,5.0,0.0,0.0,4.0,3.0,38.4,9.0,3.0,0.3,0.0,0.0,0.0,0.0,0.0,0.0,0.0,0.0,0.0,0.0,0.0,2.0,0.0,0.0,0.0,0.0,0.0,0.0,401866566,2026-05-09 14:00:00,2026
Atromitos,15.0,0.0,0.0,0.0,4.0,2.0,69.5,10.0,3.0,0.3,0.0,0.0,0.0,0.0,0.0,0.0,0.0,0.0,0.0,0.0,0.0,1.0,0.0,0.0,0.0,0.0,0.0,0.0,Panetolikos,17.0,4.0,0.0,0.0,3.0,2.0,30.5,10.0,4.0,0.4,2.0,1.0,0.0,0.0,0.0,0.0,0.0,0.0,0.0,0.0,0.0,2.0,0.0,0.0,0.0,0.0,0.0,0.0,401866567,2026-05-09 16:30:00,2026
Volos NFC,21.0,3.0,0.0,0.0,4.0,1.0,41.8,9.0,2.0,0.2,0.0,0.0,0.0,0.0,0.0,0.0,0.0,0.0,0.0,0.0,0.0,5.0,0.0,0.0,0.0,0.0,0.0,0.0,Levadiakos,12.0,1.0,1.0,0.0,1.0,2.0,58.2,14.0,5.0,0.4,0.0,0.0,0.0,0.0,0.0,0.0,0.0,0.0,0.0,0.0,0.0,4.0,0.0,0.0,0.0,0.0,0.0,0.0,401866563,2026-05-10 14:00:00,2026
Aris,13.0,1.0,0.0,0.0,5.0,4.0,47.5,15.0,5.0,0.3,0.0,0.0,0.0,0.0,0.0,0.0,0.0,0.0,0.0,0.0,0.0,3.0,0.0,0.0,0.0,0.0,0.0,0.0,OFI Crete,9.0,1.0,0.0,0.0,5.0,2.0,52.5,15.0,5.0,0.3,0.0,0.0,0.0,0.0,0.0,0.0,0.0,0.0,0.0,0.0,0.0,3.0,0.0,0.0,0.0,0.0,0.0,0.0,401866568,2026-05-10 14:00:00,2026
AEK Athens,11.0,4.0,0.0,0.0,8.0,2.0,62.0,18.0,6.0,0.3,0.0,0.0,0.0,0.0,0.0,0.0,0.0,0.0,0.0,0.0,0.0,3.0,0.0,0.0,0.0,0.0,0.0,0.0,Panathinaikos,16.0,3.0,0.0,0.0,1.0,4.0,38.0,10.0,3.0,0.3,0.0,0.0,0.0,0.0,0.0,0.0,0.0,0.0,0.0,0.0,0.0,1.0,0.0,0.0,0.0,0.0,0.0,0.0,401866569,2026-05-10 16:30:00,2026
Olympiacos,7.0,1.0,0.0,0.0,5.0,1.0,56.2,25.0,7.0,0.3,0.0,0.0,0.0,0.0,0.0,0.0,0.0,0.0,0.0,0.0,0.0,4.0,0.0,0.0,0.0,0.0,0.0,0.0,PAOK,10.0,6.0,0.0,0.0,1.0,5.0,43.8,8.0,2.0,0.3,0.0,0.0,0.0,0.0,0.0,0.0,0.0,0.0,0.0,0.0,0.0,4.0,0.0,0.0,0.0,0.0,0.0,0.0,401866565,2026-05-10 16:30:00,2026
Asteras Tripoli,18.0,4.0,1.0,0.0,11.0,2.0,72.3,7.0,1.0,0.1,0.0,0.0,0.0,0.0,0.0,0.0,0.0,0.0,0.0,0.0,0.0,2.0,0.0,0.0,0.0,0.0,0.0,0.0,Panserraikos FC,11.0,4.0,2.0,0.0,2.0,1.0,27.7,4.0,2.0,0.5,0.0,0.0,0.0,0.0,0.0,0.0,0.0,0.0,0.0,0.0,0.0,0.0,0.0,0.0,0.0,0.0,0.0,0.0,401866570,2026-05-12 16:00:00,2026
Panetolikos,13.0,2.0,0.0,0.0,11.0,2.0,69.2,17.0,6.0,0.4,0.0,0.0,0.0,0.0,0.0,0.0,0.0,0.0,0.0,0.0,0.0,5.0,0.0,0.0,0.0,0.0,0.0,0.0,Larissa FC,11.0,1.0,0.0,0.0,1.0,4.0,30.8,7.0,3.0,0.4,0.0,0.0,0.0,0.0,0.0,0.0,0.0,0.0,0.0,0.0,0.0,1.0,0.0,0.0,0.0,0.0,0.0,0.0,401866573,2026-05-12 16:00:00,2026
Kifisia,13.0,0.0,0.0,0.0,5.0,2.0,49.9,10.0,4.0,0.4,0.0,0.0,0.0,0.0,0.0,0.0,0.0,0.0,0.0,0.0,0.0,3.0,0.0,0.0,0.0,0.0,0.0,0.0,Atromitos,11.0,1.0,0.0,0.0,9.0,4.0,50.1,10.0,5.0,0.5,0.0,0.0,0.0,0.0,0.0,0.0,0.0,0.0,0.0,0.0,0.0,2.0,0.0,0.0,0.0,0.0,0.0,0.0,401866571,2026-05-12 16:00:00,2026
Volos NFC,10.0,1.0,0.0,0.0,4.0,5.0,41.8,7.0,2.0,0.3,0.0,0.0,0.0,0.0,0.0,0.0,0.0,0.0,0.0,0.0,0.0,2.0,0.0,0.0,0.0,0.0,0.0,0.0,Aris,11.0,1.0,0.0,0.0,2.0,2.0,58.2,14.0,6.0,0.4,0.0,0.0,0.0,0.0,0.0,0.0,0.0,0.0,0.0,0.0,0.0,0.0,0.0,0.0,0.0,0.0,0.0,0.0,401866572,2026-05-13 14:00:00,2026
Levadiakos,18.0,4.0,0.0,0.0,5.0,1.0,71.8,18.0,7.0,0.4,0.0,1.0,0.0,0.0,0.0,0.0,0.0,0.0,0.0,0.0,0.0,5.0,0.0,0.0,0.0,0.0,0.0,0.0,OFI Crete,19.0,8.0,1.0,0.0,1.0,4.0,28.2,10.0,3.0,0.3,0.0,0.0,0.0,0.0,0.0,0.0,0.0,0.0,0.0,0.0,0.0,2.0,0.0,0.0,0.0,0.0,0.0,0.0,401866576,2026-05-13 14:00:00,2026
PAOK,11.0,3.0,0.0,0.0,8.0,3.0,54.5,15.0,4.0,0.3,0.0,0.0,0.0,0.0,0.0,0.0,0.0,0.0,0.0,0.0,0.0,8.0,0.0,0.0,0.0,0.0,0.0,0.0,AEK Athens,11.0,1.0,0.0,0.0,5.0,3.0,45.5,13.0,4.0,0.3,0.0,0.0,0.0,0.0,0.0,0.0,0.0,0.0,0.0,0.0,0.0,5.0,0.0,0.0,0.0,0.0,0.0,0.0,401866574,2026-05-13 16:30:00,2026
Olympiacos,19.0,2.0,0.0,0.0,5.0,0.0,54.2,15.0,5.0,0.3,0.0,0.0,0.0,0.0,0.0,0.0,0.0,0.0,0.0,0.0,0.0,1.0,0.0,0.0,0.0,0.0,0.0,0.0,Panathinaikos,12.0,1.0,0.0,0.0,0.0,4.0,45.8,5.0,0.0,0.0,0.0,0.0,0.0,0.0,0.0,0.0,0.0,0.0,0.0,0.0,0.0,3.0,0.0,0.0,0.0,0.0,0.0,0.0,401866575,2026-05-13 16:30:00,2026
Asteras Tripoli,6.0,1.0,0.0,0.0,11.0,2.0,56.8,25.0,4.0,0.2,0.0,0.0,0.0,0.0,0.0,0.0,0.0,0.0,0.0,0.0,0.0,8.0,0.0,0.0,0.0,0.0,0.0,0.0,Kifisia,19.0,5.0,0.0,0.0,2.0,5.0,43.2,8.0,2.0,0.3,0.0,0.0,0.0,0.0,0.0,0.0,0.0,0.0,0.0,0.0,0.0,2.0,0.0,0.0,0.0,0.0,0.0,0.0,401866579,2026-05-16 16:00:00,2026
Larissa FC,12.0,1.0,0.0,0.0,3.0,4.0,51.3,11.0,5.0,0.5,0.0,0.0,0.0,0.0,0.0,0.0,0.0,0.0,0.0,0.0,0.0,2.0,0.0,0.0,0.0,0.0,0.0,0.0,Atromitos,20.0,4.0,0.0,0.0,6.0,3.0,48.7,14.0,6.0,0.4,0.0,0.0,0.0,0.0,0.0,0.0,0.0,0.0,0.0,0.0,0.0,1.0,0.0,0.0,0.0,0.0,0.0,0.0,401866580,2026-05-16 16:00:00,2026
Panserraikos FC,10.0,3.0,0.0,0.0,4.0,2.0,48.8,14.0,4.0,0.3,0.0,0.0,0.0,0.0,0.0,0.0,0.0,0.0,0.0,0.0,0.0,3.0,0.0,0.0,0.0,0.0,0.0,0.0,Panetolikos,14.0,2.0,0.0,0.0,2.0,3.0,51.2,12.0,3.0,0.3,0.0,0.0,0.0,0.0,0.0,0.0,0.0,0.0,0.0,0.0,0.0,2.0,0.0,0.0,0.0,0.0,0.0,0.0,401866583,2026-05-17 12:00:00,2026
Aris,23.0,2.0,0.0,0.0,11.0,1.0,58.8,21.0,10.0,0.5,0.0,0.0,0.0,0.0,0.0,0.0,0.0,0.0,0.0,0.0,0.0,10.0,0.0,0.0,0.0,0.0,0.0,0.0,Levadiakos,15.0,4.0,1.0,0.0,0.0,7.0,41.2,5.0,1.0,0.2,0.0,0.0,0.0,0.0,0.0,0.0,0.0,0.0,0.0,0.0,0.0,2.0,0.0,0.0,0.0,0.0,0.0,0.0,401866582,2026-05-17 14:00:00,2026
OFI Crete,13.0,3.0,0.0,0.0,4.0,2.0,57.5,20.0,4.0,0.2,2.0,1.0,0.0,0.0,0.0,0.0,0.0,0.0,0.0,0.0,0.0,7.0,0.0,0.0,0.0,0.0,0.0,0.0,Volos NFC,12.0,2.0,0.0,0.0,3.0,1.0,42.5,15.0,3.0,0.2,0.0,0.0,0.0,0.0,0.0,0.0,0.0,0.0,0.0,0.0,0.0,5.0,0.0,0.0,0.0,0.0,0.0,0.0,401866577,2026-05-17 14:00:00,2026
AEK Athens,16.0,3.0,0.0,0.0,4.0,4.0,55.3,11.0,4.0,0.4,0.0,0.0,0.0,0.0,0.0,0.0,0.0,0.0,0.0,0.0,0.0,3.0,0.0,0.0,0.0,0.0,0.0,0.0,Olympiacos,15.0,3.0,0.0,0.0,3.0,3.0,44.7,13.0,5.0,0.4,0.0,0.0,0.0,0.0,0.0,0.0,0.0,0.0,0.0,0.0,0.0,2.0,0.0,0.0,0.0,0.0,0.0,0.0,401866581,2026-05-17 16:30:00,2026
Panathinaikos,12.0,2.0,0.0,0.0,10.0,3.0,52.9,17.0,7.0,0.4,0.0,0.0,0.0,0.0,0.0,0.0,0.0,0.0,0.0,0.0,0.0,3.0,0.0,0.0,0.0,0.0,0.0,0.0,PAOK,8.0,2.0,0.0,0.0,6.0,5.0,47.1,17.0,5.0,0.3,0.0,0.0,0.0,0.0,0.0,0.0,0.0,0.0,0.0,0.0,0.0,2.0,0.0,0.0,0.0,0.0,0.0,0.0,401866578,2026-05-17 16:30:00,2026
Atromitos,15.0,0.0,0.0,0.0,3.0,0.0,59.2,15.0,9.0,0.6,0.0,0.0,0.0,0.0,0.0,0.0,0.0,0.0,0.0,0.0,0.0,4.0,0.0,0.0,0.0,0.0,0.0,0.0,Panserraikos FC,10.0,0.0,0.0,0.0,4.0,3.0,40.8,5.0,0.0,0.0,0.0,0.0,0.0,0.0,0.0,0.0,0.0,0.0,0.0,0.0,0.0,1.0,0.0,0.0,0.0,0.0,0.0,0.0,401866584,2026-05-21 15:00:00,2026
Panetolikos,14.0,1.0,0.0,0.0,5.0,4.0,61.9,19.0,7.0,0.4,1.0,2.0,0.0,0.0,0.0,0.0,0.0,0.0,0.0,0.0,0.0,7.0,0.0,0.0,0.0,0.0,0.0,0.0,Asteras Tripoli,15.0,3.0,1.0,0.0,7.0,6.0,38.1,11.0,6.0,0.5,0.0,0.0,0.0,0.0,0.0,0.0,0.0,0.0,0.0,0.0,0.0,2.0,0.0,0.0,0.0,0.0,0.0,0.0,401866585,2026-05-21 16:00:00,2026
Kifisia,8.0,1.0,0.0,0.0,6.0,2.0,56.8,21.0,10.0,0.5,0.0,0.0,0.0,0.0,0.0,0.0,0.0,0.0,0.0,0.0,0.0,3.0,0.0,0.0,0.0,0.0,0.0,0.0,Larissa FC,12.0,1.0,0.0,0.0,2.0,7.0,43.2,16.0,4.0,0.3,0.0,0.0,0.0,0.0,0.0,0.0,0.0,0.0,0.0,0.0,0.0,4.0,0.0,0.0,0.0,0.0,0.0,0.0,401866586,2026-05-21 16:00:00,2026
AEK Athens,,,,,,,,,,,,,,,,,,,,,,,,,,,,,Iraklis,,,,,,,,,,,,,,,,,,,,,,,,,,,,,401896829,2026-08-22 17:00:00,2026
Kalamata,15.0,3.0,1.0,2.0,1.0,3.0,37.1,7.0,3.0,0.4,0.0,0.0,123.0,197.0,0.6,0.0,0.0,0.0,0.0,0.0,0.0,0.0,15.0,18.0,0.8,0.0,0.0,30.0,Aris,23.0,3.0,0.0,0.0,10.0,1.0,62.9,19.0,7.0,0.4,0.0,0.0,250.0,323.0,0.8,0.0,0.0,0.0,0.0,0.0,0.0,7.0,8.0,11.0,0.7,0.0,0.0,20.0,401896828,2026-08-22 17:00:00,2026
Olympiacos,14.0,3.0,1.0,3.0,14.0,1.0,69.3,26.0,10.0,0.4,0.0,0.0,438.0,515.0,0.9,0.0,0.0,0.0,0.0,0.0,0.0,5.0,12.0,22.0,0.5,0.0,0.0,19.0,Atromitos,14.0,6.0,0.0,1.0,4.0,8.0,30.7,8.0,1.0,0.1,0.0,0.0,162.0,233.0,0.7,0.0,0.0,0.0,0.0,0.0,0.0,3.0,8.0,18.0,0.4,0.0,0.0,55.0,401896779,2026-08-22 18:30:00,2026
OFI Crete,,,,,,,,,,,,,,,,,,,,,,,,,,,,,Volos NFC,,,,,,,,,,,,,,,,,,,,,,,,,,,,,401896778,2026-08-23 16:30:00,2026
PAOK,,,,,,,,,,,,,,,,,,,,,,,,,,,,,Levadiakos,,,,,,,,,,,,,,,,,,,,,,,,,,,,,401896775,2026-08-23 18:00:00,2026
Panetolikos,,,,,,,,,,,,,,,,,,,,,,,,,,,,,Asteras Tripoli,,,,,,,,,,,,,,,,,,,,,,,,,,,,,401896776,2026-08-23 18:30:00,2026
Volos NFC,18.0,4.0,0.0,1.0,2.0,0.0,63.2,17.0,3.0,0.2,0.0,0.0,334.0,400.0,0.8,0.0,0.0,0.0,0.0,0.0,0.0,3.0,5.0,11.0,0.5,0.0,0.0,12.0,Iraklis,23.0,3.0,1.0,3.0,2.0,2.0,36.8,10.0,1.0,0.1,0.0,0.0,166.0,245.0,0.7,0.0,0.0,0.0,0.0,0.0,0.0,3.0,6.0,8.0,0.8,0.0,0.0,27.0,401896827,2026-08-29 16:30:00,2026
Panetolikos,22.0,3.0,0.0,0.0,4.0,3.0,44.2,20.0,4.0,0.2,0.0,0.0,234.0,312.0,0.8,0.0,0.0,0.0,0.0,0.0,0.0,9.0,4.0,10.0,0.4,0.0,0.0,28.0,Kalamata,15.0,5.0,0.0,1.0,3.0,2.0,55.8,11.0,3.0,0.3,0.0,0.0,320.0,393.0,0.8,0.0,0.0,0.0,0.0,0.0,0.0,1.0,7.0,10.0,0.7,0.0,0.0,26.0,401896826,2026-08-29 18:30:00,2026
Aris,,,,,,,,,,,,,,,,,,,,,,,,,,,,,OFI Crete,,,,,,,,,,,,,,,,,,,,,,,,,,,,,401896773,2026-08-30 16:30:00,2026
Atromitos,19.0,1.0,0.0,0.0,2.0,3.0,46.0,16.0,3.0,0.2,0.0,0.0,257.0,335.0,0.8,0.0,0.0,0.0,0.0,0.0,0.0,4.0,7.0,11.0,0.6,0.0,0.0,24.0,PAOK,18.0,1.0,0.0,2.0,6.0,1.0,54.0,14.0,4.0,0.3,0.0,0.0,313.0,398.0,0.8,0.0,0.0,0.0,0.0,0.0,0.0,1.0,12.0,18.0,0.7,0.0,0.0,29.0,401896772,2026-08-30 17:15:00,2026
Asteras Tripoli,8.0,3.0,0.0,4.0,3.0,6.0,50.1,10.0,3.0,0.3,0.0,0.0,296.0,389.0,0.8,0.0,0.0,0.0,0.0,0.0,0.0,2.0,8.0,12.0,0.7,0.0,0.0,29.0,Olympiacos,18.0,4.0,0.0,2.0,6.0,3.0,49.9,15.0,7.0,0.5,0.0,0.0,278.0,386.0,0.7,0.0,0.0,0.0,0.0,0.0,0.0,3.0,12.0,18.0,0.7,0.0,0.0,28.0,401896774,2026-08-30 18:00:00,2026
Kifisia,20.0,3.0,1.0,3.0,1.0,4.0,34.6,14.0,3.0,0.2,0.0,0.0,235.0,286.0,0.8,0.0,0.0,0.0,0.0,0.0,0.0,3.0,3.0,7.0,0.4,0.0,0.0,30.0,AEK Athens,14.0,2.0,0.0,2.0,2.0,2.0,65.4,9.0,5.0,0.6,0.0,0.0,470.0,551.0,0.9,0.0,0.0,0.0,0.0,0.0,0.0,1.0,3.0,7.0,0.4,0.0,0.0,17.0,401896771,2026-08-30 18:00:00,2026
Levadiakos,18.0,2.0,1.0,1.0,5.0,5.0,40.8,8.0,2.0,0.3,0.0,0.0,254.0,332.0,0.8,0.0,0.0,0.0,0.0,0.0,0.0,2.0,17.0,30.0,0.6,0.0,0.0,29.0,Panathinaikos,19.0,4.0,0.0,1.0,5.0,2.0,59.2,15.0,6.0,0.4,0.0,0.0,423.0,485.0,0.9,0.0,0.0,0.0,0.0,0.0,0.0,4.0,10.0,14.0,0.7,0.0,0.0,12.0,401896770,2026-08-31 16:30:00,2026
Volos NFC,15.0,6.0,0.0,2.0,0.0,2.0,34.8,6.0,1.0,0.2,0.0,0.0,182.0,262.0,0.7,0.0,0.0,0.0,0.0,0.0,0.0,2.0,8.0,10.0,0.8,0.0,0.0,38.0,Olympiacos,19.0,1.0,0.0,2.0,9.0,0.0,65.2,17.0,4.0,0.2,0.0,0.0,395.0,471.0,0.8,0.0,0.0,0.0,0.0,0.0,0.0,5.0,11.0,16.0,0.7,0.0,0.0,15.0,401896768,2026-09-05 16:00:00,2026
AEK Athens,16.0,2.0,0.0,3.0,2.0,2.0,60.0,21.0,10.0,0.5,0.0,0.0,473.0,542.0,0.9,0.0,0.0,0.0,0.0,0.0,0.0,2.0,8.0,20.0,0.4,0.0,0.0,15.0,Aris,17.0,0.0,0.0,0.0,2.0,5.0,40.0,7.0,2.0,0.3,0.0,0.0,286.0,357.0,0.8,0.0,0.0,0.0,0.0,0.0,0.0,1.0,8.0,16.0,0.5,0.0,0.0,19.0,401896769,2026-09-05 18:00:00,2026
Atromitos,17.0,2.0,0.0,0.0,8.0,3.0,58.0,10.0,2.0,0.2,0.0,0.0,375.0,451.0,0.8,0.0,0.0,0.0,0.0,0.0,0.0,3.0,9.0,14.0,0.6,0.0,0.0,15.0,Kalamata,14.0,3.0,1.0,2.0,2.0,1.0,42.0,12.0,3.0,0.3,0.0,0.0,278.0,339.0,0.8,0.0,0.0,0.0,0.0,0.0,0.0,2.0,7.0,12.0,0.6,0.0,0.0,37.0,401896825,2026-09-06 16:00:00,2026
OFI Crete,12.0,2.0,0.0,3.0,1.0,3.0,50.3,5.0,3.0,0.6,0.0,0.0,382.0,446.0,0.9,0.0,0.0,0.0,0.0,0.0,0.0,0.0,7.0,16.0,0.4,0.0,0.0,19.0,Kifisia,18.0,2.0,0.0,4.0,9.0,1.0,49.7,16.0,3.0,0.2,0.0,0.0,368.0,423.0,0.9,0.0,0.0,0.0,0.0,0.0,0.0,7.0,4.0,9.0,0.4,0.0,0.0,11.0,401896766,2026-09-06 16:30:00,2026
Levadiakos,11.0,0.0,0.0,2.0,8.0,1.0,66.3,17.0,0.0,0.0,0.0,0.0,407.0,507.0,0.8,0.0,0.0,0.0,0.0,0.0,0.0,6.0,13.0,22.0,0.6,0.0,0.0,21.0,Panetolikos,18.0,3.0,0.0,1.0,2.0,1.0,33.7,9.0,3.0,0.3,0.0,0.0,176.0,262.0,0.7,0.0,0.0,0.0,0.0,0.0,0.0,0.0,10.0,13.0,0.8,0.0,0.0,36.0,401896767,2026-09-06 17:00:00,2026
Panathinaikos,19.0,3.0,1.0,3.0,5.0,1.0,71.1,25.0,11.0,0.4,0.0,0.0,537.0,582.0,0.9,0.0,0.0,0.0,0.0,0.0,0.0,7.0,7.0,14.0,0.5,0.0,0.0,14.0,PAOK,11.0,1.0,1.0,1.0,2.0,8.0,28.9,5.0,2.0,0.4,0.0,0.0,174.0,231.0,0.8,0.0,0.0,0.0,0.0,0.0,0.0,0.0,9.0,15.0,0.6,0.0,0.0,25.0,401896765,2026-09-06 18:30:00,2026
Asteras Tripoli,15.0,3.0,0.0,3.0,7.0,0.0,65.2,14.0,5.0,0.4,0.0,0.0,408.0,469.0,0.9,0.0,0.0,0.0,0.0,0.0,0.0,2.0,17.0,22.0,0.8,0.0,0.0,23.0,Iraklis,12.0,3.0,0.0,0.0,4.0,5.0,34.8,6.0,2.0,0.3,0.0,0.0,194.0,256.0,0.8,0.0,0.0,0.0,0.0,0.0,0.0,1.0,17.0,23.0,0.7,0.0,0.0,44.0,401896794,2026-09-07 15:00:00,2026
