local_equipo,local_foulsCommitted,local_yellowCards,local_redCards,local_offsides,local_wonCorners,local_saves,local_possessionPct,local_totalShots,local_shotsOnTarget,local_shotPct,local_penaltyKickGoals,local_penaltyKickShots,local_accuratePasses,local_totalPasses,local_passPct,local_accurateCrosses,local_totalCrosses,local_crossPct,local_totalLongBalls,local_accurateLongBalls,local_longballPct,local_blockedShots,local_effectiveTackles,local_totalTackles,local_tacklePct,local_interceptions,local_effectiveClearance,local_totalClearance,visita_equipo,visita_foulsCommitted,visita_yellowCards,visita_redCards,visita_offsides,visita_wonCorners,visita_saves,visita_possessionPct,visita_totalShots,visita_shotsOnTarget,visita_shotPct,visita_penaltyKickGoals,visita_penaltyKickShots,visita_accuratePasses,visita_totalPasses,visita_passPct,visita_accurateCrosses,visita_totalCrosses,visita_crossPct,visita_totalLongBalls,visita_accurateLongBalls,visita_longballPct,visita_blockedShots,visita_effectiveTackles,visita_totalTackles,visita_tacklePct,visita_interceptions,visita_effectiveClearance,visita_totalClearance,event_id,fecha,temporada
Everton,9.0,2.0,0.0,2.0,5.0,4.0,60.0,10.0,2.0,0.2,0.0,0.0,492.0,589.0,0.8,5.0,23.0,0.2,51.0,24.0,0.5,3.0,10.0,15.0,0.7,11.0,16.0,16.0,West Ham United,7.0,0.0,0.0,0.0,4.0,2.0,40.0,11.0,5.0,0.5,0.0,0.0,298.0,392.0,0.8,4.0,18.0,0.2,50.0,16.0,0.3,1.0,10.0,16.0,0.6,20.0,21.0,21.0,578499,2021-01-01 17:30:00,2021
Manchester United,22.0,4.0,0.0,1.0,5.0,4.0,48.4,19.0,9.0,0.5,1.0,1.0,337.0,407.0,0.8,3.0,17.0,0.2,40.0,27.0,0.7,5.0,6.0,11.0,0.5,15.0,25.0,25.0,Aston Villa,10.0,0.0,0.0,1.0,10.0,7.0,51.6,15.0,5.0,0.3,0.0,0.0,332.0,417.0,0.8,8.0,27.0,0.3,58.0,26.0,0.4,4.0,13.0,18.0,0.7,11.0,18.0,18.0,578492,2021-01-01 20:00:00,2021
Tottenham Hotspur,15.0,2.0,1.0,0.0,3.0,5.0,36.7,20.0,7.0,0.4,1.0,1.0,261.0,347.0,0.8,4.0,8.0,0.5,56.0,24.0,0.4,4.0,15.0,24.0,0.6,11.0,23.0,23.0,Leeds United,13.0,1.0,0.0,1.0,5.0,4.0,63.3,18.0,5.0,0.3,0.0,0.0,501.0,591.0,0.8,4.0,24.0,0.2,46.0,26.0,0.6,4.0,12.0,20.0,0.6,14.0,8.0,8.0,578494,2021-01-02 12:30:00,2021
Crystal Palace,8.0,1.0,0.0,0.0,3.0,2.0,44.4,9.0,4.0,0.4,0.0,0.0,298.0,414.0,0.7,4.0,11.0,0.4,61.0,21.0,0.3,3.0,14.0,24.0,0.6,9.0,23.0,23.0,Sheffield United,18.0,3.0,0.0,3.0,6.0,2.0,55.6,7.0,2.0,0.3,0.0,0.0,411.0,510.0,0.8,4.0,20.0,0.2,78.0,39.0,0.5,4.0,13.0,22.0,0.6,18.0,8.0,8.0,578498,2021-01-02 15:00:00,2021
Brighton & Hove Albion,13.0,2.0,0.0,1.0,5.0,2.0,54.5,13.0,4.0,0.3,1.0,1.0,474.0,548.0,0.9,8.0,19.0,0.4,53.0,28.0,0.5,6.0,9.0,21.0,0.4,15.0,11.0,11.0,Wolverhampton Wanderers,8.0,1.0,0.0,0.0,8.0,1.0,45.5,11.0,4.0,0.4,1.0,1.0,382.0,461.0,0.8,2.0,14.0,0.1,60.0,28.0,0.5,3.0,8.0,13.0,0.6,10.0,21.0,21.0,578500,2021-01-02 17:30:00,2021
West Bromwich Albion,7.0,1.0,0.0,3.0,3.0,8.0,38.1,7.0,3.0,0.4,0.0,0.0,278.0,374.0,0.7,4.0,21.0,0.2,66.0,31.0,0.5,1.0,7.0,13.0,0.5,20.0,19.0,19.0,Arsenal,4.0,2.0,0.0,2.0,5.0,3.0,61.9,21.0,12.0,0.6,0.0,0.0,515.0,623.0,0.8,4.0,21.0,0.2,53.0,23.0,0.4,2.0,11.0,14.0,0.8,16.0,16.0,16.0,578491,2021-01-02 20:00:00,2021
Newcastle United,10.0,0.0,0.0,3.0,3.0,1.0,43.3,8.0,2.0,0.3,0.0,0.0,261.0,371.0,0.7,4.0,19.0,0.2,74.0,30.0,0.4,3.0,9.0,16.0,0.6,15.0,11.0,11.0,Leicester City,11.0,2.0,0.0,3.0,6.0,1.0,56.7,9.0,3.0,0.3,0.0,0.0,396.0,492.0,0.8,5.0,21.0,0.2,51.0,19.0,0.4,1.0,5.0,14.0,0.4,20.0,22.0,22.0,578495,2021-01-03 14:15:00,2021
Chelsea,11.0,3.0,0.0,2.0,5.0,3.0,54.6,9.0,2.0,0.2,0.0,0.0,591.0,654.0,0.9,3.0,19.0,0.2,55.0,36.0,0.7,5.0,7.0,11.0,0.6,18.0,5.0,5.0,Manchester City,10.0,1.0,0.0,0.0,3.0,1.0,45.4,18.0,6.0,0.3,0.0,0.0,488.0,554.0,0.9,2.0,7.0,0.3,36.0,19.0,0.5,4.0,10.0,18.0,0.6,15.0,17.0,17.0,578497,2021-01-03 16:30:00,2021
Southampton,5.0,1.0,0.0,6.0,1.0,1.0,33.0,7.0,3.0,0.4,0.0,0.0,233.0,352.0,0.7,0.0,4.0,0.0,84.0,25.0,0.3,1.0,10.0,18.0,0.6,16.0,43.0,43.0,Liverpool,12.0,3.0,0.0,1.0,10.0,1.0,67.0,17.0,1.0,0.1,0.0,0.0,543.0,675.0,0.8,15.0,43.0,0.3,79.0,44.0,0.6,5.0,2.0,16.0,0.1,11.0,3.0,3.0,578496,2021-01-04 20:00:00,2021
Sheffield United,13.0,2.0,0.0,2.0,5.0,3.0,66.2,17.0,4.0,0.2,1.0,1.0,484.0,559.0,0.9,5.0,24.0,0.2,67.0,41.0,0.6,7.0,4.0,11.0,0.4,8.0,16.0,16.0,Newcastle United,12.0,3.0,1.0,2.0,2.0,3.0,33.8,7.0,3.0,0.4,0.0,0.0,193.0,283.0,0.7,3.0,12.0,0.3,65.0,27.0,0.4,1.0,8.0,15.0,0.5,6.0,32.0,32.0,578487,2021-01-12 18:00:00,2021
Wolverhampton Wanderers,6.0,2.0,0.0,0.0,6.0,1.0,52.8,12.0,3.0,0.3,0.0,0.0,509.0,558.0,0.9,3.0,26.0,0.1,27.0,16.0,0.6,3.0,9.0,14.0,0.6,13.0,14.0,14.0,Everton,11.0,2.0,0.0,1.0,5.0,2.0,47.2,5.0,3.0,0.6,0.0,0.0,444.0,500.0,0.9,2.0,20.0,0.1,38.0,25.0,0.7,1.0,7.0,11.0,0.6,10.0,23.0,23.0,578485,2021-01-12 20:15:00,2021
Burnley,15.0,1.0,0.0,3.0,3.0,6.0,37.3,11.0,0.0,0.0,0.0,0.0,220.0,334.0,0.7,0.0,14.0,0.0,84.0,29.0,0.3,5.0,3.0,5.0,0.6,11.0,18.0,18.0,Manchester United,13.0,2.0,0.0,2.0,4.0,0.0,62.7,13.0,7.0,0.5,0.0,0.0,475.0,566.0,0.8,5.0,21.0,0.2,54.0,23.0,0.4,4.0,8.0,12.0,0.7,10.0,19.0,19.0,578660,2021-01-12 20:15:00,2021
Manchester City,4.0,0.0,0.0,2.0,8.0,1.0,65.1,16.0,6.0,0.4,0.0,1.0,652.0,726.0,0.9,4.0,20.0,0.2,54.0,33.0,0.6,6.0,10.0,16.0,0.6,13.0,13.0,13.0,Brighton & Hove Albion,12.0,2.0,0.0,2.0,4.0,5.0,34.9,5.0,1.0,0.2,0.0,0.0,298.0,384.0,0.8,1.0,15.0,0.1,48.0,20.0,0.4,1.0,15.0,21.0,0.7,11.0,17.0,17.0,578481,2021-01-13 18:00:00,2021
Tottenham Hotspur,13.0,1.0,0.0,2.0,6.0,3.0,52.4,15.0,6.0,0.4,0.0,0.0,427.0,522.0,0.8,8.0,21.0,0.4,55.0,18.0,0.3,3.0,7.0,14.0,0.5,13.0,16.0,16.0,Fulham,15.0,2.0,0.0,2.0,5.0,5.0,47.6,15.0,4.0,0.3,0.0,0.0,376.0,467.0,0.8,3.0,20.0,0.2,57.0,32.0,0.6,6.0,7.0,13.0,0.5,13.0,20.0,20.0,578503,2021-01-13 20:15:00,2021
Arsenal,11.0,1.0,0.0,1.0,7.0,2.0,67.3,11.0,4.0,0.4,0.0,0.0,600.0,692.0,0.9,6.0,25.0,0.2,47.0,29.0,0.6,2.0,8.0,17.0,0.5,10.0,8.0,8.0,Crystal Palace,11.0,1.0,0.0,1.0,3.0,4.0,32.7,12.0,2.0,0.2,0.0,0.0,258.0,339.0,0.8,4.0,9.0,0.4,57.0,18.0,0.3,4.0,7.0,14.0,0.5,17.0,24.0,24.0,578484,2021-01-14 20:00:00,2021
Wolverhampton Wanderers,10.0,2.0,0.0,0.0,11.0,2.0,67.8,23.0,6.0,0.3,0.0,0.0,457.0,549.0,0.8,10.0,31.0,0.3,50.0,27.0,0.5,7.0,8.0,12.0,0.7,10.0,8.0,8.0,West Bromwich Albion,14.0,1.0,0.0,2.0,0.0,4.0,32.2,12.0,5.0,0.4,2.0,2.0,181.0,270.0,0.7,0.0,6.0,0.0,56.0,15.0,0.3,2.0,10.0,19.0,0.5,7.0,32.0,32.0,578480,2021-01-16 12:30:00,2021
West Ham United,12.0,2.0,0.0,5.0,7.0,2.0,44.8,15.0,4.0,0.3,0.0,0.0,265.0,364.0,0.7,5.0,32.0,0.2,70.0,28.0,0.4,5.0,5.0,8.0,0.6,10.0,28.0,28.0,Burnley,9.0,1.0,0.0,1.0,4.0,2.0,55.2,10.0,2.0,0.2,0.0,0.0,335.0,454.0,0.7,4.0,28.0,0.1,81.0,32.0,0.4,5.0,6.0,13.0,0.5,15.0,25.0,25.0,578472,2021-01-16 15:00:00,2021
Leeds United,8.0,1.0,0.0,3.0,5.0,1.0,66.6,7.0,2.0,0.3,0.0,0.0,497.0,601.0,0.8,5.0,29.0,0.2,47.0,16.0,0.3,2.0,7.0,13.0,0.5,10.0,13.0,13.0,Brighton & Hove Albion,9.0,1.0,0.0,0.0,2.0,2.0,33.4,7.0,2.0,0.3,0.0,0.0,211.0,305.0,0.7,0.0,14.0,0.0,68.0,27.0,0.4,2.0,3.0,10.0,0.3,13.0,23.0,23.0,578471,2021-01-16 15:00:00,2021
Fulham,11.0,2.0,1.0,1.0,1.0,5.0,30.2,10.0,3.0,0.3,0.0,0.0,238.0,328.0,0.7,3.0,11.0,0.3,56.0,25.0,0.4,2.0,10.0,20.0,0.5,18.0,33.0,33.0,Chelsea,10.0,3.0,0.0,3.0,12.0,2.0,69.8,21.0,6.0,0.3,0.0,0.0,668.0,757.0,0.9,5.0,30.0,0.2,58.0,29.0,0.5,8.0,9.0,17.0,0.5,8.0,12.0,12.0,578473,2021-01-16 17:30:00,2021
Leicester City,10.0,2.0,0.0,5.0,2.0,3.0,47.4,16.0,5.0,0.3,0.0,0.0,319.0,445.0,0.7,4.0,15.0,0.3,57.0,23.0,0.4,2.0,12.0,22.0,0.5,10.0,21.0,21.0,Southampton,11.0,2.0,0.0,1.0,5.0,2.0,52.6,8.0,3.0,0.4,0.0,0.0,371.0,493.0,0.8,2.0,17.0,0.1,65.0,28.0,0.4,0.0,8.0,13.0,0.6,8.0,13.0,13.0,578478,2021-01-16 20:00:00,2021
Sheffield United,13.0,4.0,0.0,4.0,5.0,2.0,42.0,15.0,5.0,0.3,0.0,0.0,321.0,413.0,0.8,4.0,22.0,0.2,51.0,17.0,0.3,7.0,11.0,19.0,0.6,13.0,21.0,21.0,Tottenham Hotspur,4.0,0.0,0.0,1.0,7.0,4.0,58.0,14.0,5.0,0.4,0.0,0.0,481.0,580.0,0.8,2.0,13.0,0.2,53.0,21.0,0.4,5.0,8.0,17.0,0.5,11.0,17.0,17.0,578479,2021-01-17 14:00:00,2021
Liverpool,15.0,2.0,0.0,1.0,7.0,4.0,65.7,17.0,3.0,0.2,0.0,0.0,576.0,667.0,0.9,3.0,22.0,0.1,57.0,36.0,0.6,8.0,9.0,16.0,0.6,12.0,11.0,11.0,Manchester United,6.0,1.0,0.0,8.0,3.0,3.0,34.3,8.0,4.0,0.5,0.0,0.0,252.0,344.0,0.7,4.0,11.0,0.4,53.0,23.0,0.4,3.0,10.0,20.0,0.5,8.0,33.0,33.0,578476,2021-01-17 16:30:00,2021
Manchester City,9.0,0.0,0.0,0.0,11.0,0.0,72.2,13.0,6.0,0.5,0.0,0.0,675.0,747.0,0.9,7.0,29.0,0.2,48.0,29.0,0.6,4.0,10.0,18.0,0.6,8.0,4.0,4.0,Crystal Palace,8.0,0.0,0.0,0.0,1.0,2.0,27.8,2.0,0.0,0.0,0.0,0.0,208.0,288.0,0.7,1.0,5.0,0.2,49.0,14.0,0.3,1.0,9.0,15.0,0.6,8.0,29.0,29.0,578474,2021-01-17 19:15:00,2021
Arsenal,9.0,0.0,0.0,4.0,7.0,1.0,66.4,20.0,6.0,0.3,0.0,0.0,570.0,634.0,0.9,7.0,26.0,0.3,48.0,31.0,0.6,3.0,5.0,7.0,0.7,9.0,12.0,12.0,Newcastle United,8.0,0.0,0.0,1.0,2.0,3.0,33.6,4.0,1.0,0.3,0.0,0.0,242.0,323.0,0.7,1.0,10.0,0.1,60.0,30.0,0.5,1.0,4.0,11.0,0.4,3.0,10.0,10.0,578477,2021-01-18 20:00:00,2021
West Ham United,10.0,0.0,0.0,2.0,3.0,2.0,59.0,14.0,6.0,0.4,0.0,0.0,446.0,541.0,0.8,6.0,24.0,0.3,63.0,34.0,0.5,3.0,3.0,5.0,0.6,3.0,18.0,18.0,West Bromwich Albion,10.0,1.0,0.0,0.0,1.0,4.0,41.0,6.0,2.0,0.3,0.0,0.0,271.0,375.0,0.7,2.0,16.0,0.1,81.0,33.0,0.4,0.0,11.0,19.0,0.6,8.0,23.0,23.0,578490,2021-01-19 18:00:00,2021
Leicester City,7.0,1.0,0.0,1.0,6.0,5.0,35.6,8.0,6.0,0.8,0.0,0.0,278.0,340.0,0.8,2.0,18.0,0.1,39.0,20.0,0.5,0.0,11.0,19.0,0.6,11.0,15.0,15.0,Chelsea,16.0,3.0,0.0,3.0,3.0,4.0,64.4,9.0,5.0,0.6,0.0,0.0,559.0,636.0,0.9,7.0,15.0,0.5,56.0,37.0,0.7,1.0,17.0,25.0,0.7,5.0,17.0,17.0,578483,2021-01-19 20:15:00,2021
Manchester City,10.0,0.0,0.0,3.0,16.0,4.0,69.1,28.0,9.0,0.3,1.0,1.0,553.0,628.0,0.9,5.0,29.0,0.2,40.0,26.0,0.7,12.0,10.0,14.0,0.7,11.0,11.0,11.0,Aston Villa,9.0,2.0,0.0,1.0,2.0,7.0,30.9,11.0,4.0,0.4,0.0,0.0,207.0,285.0,0.7,1.0,7.0,0.1,64.0,24.0,0.4,3.0,6.0,14.0,0.4,15.0,29.0,29.0,578659,2021-01-20 18:00:00,2021
Fulham,6.0,3.0,0.0,1.0,2.0,3.0,38.4,12.0,5.0,0.4,0.0,0.0,323.0,400.0,0.8,4.0,15.0,0.3,46.0,14.0,0.3,3.0,9.0,12.0,0.8,15.0,29.0,29.0,Manchester United,10.0,1.0,0.0,2.0,8.0,4.0,61.6,15.0,5.0,0.3,0.0,0.0,546.0,636.0,0.9,5.0,28.0,0.2,61.0,34.0,0.6,4.0,11.0,18.0,0.6,11.0,15.0,15.0,578486,2021-01-20 20:15:00,2021
Liverpool,11.0,2.0,0.0,1.0,12.0,3.0,71.8,27.0,6.0,0.2,0.0,0.0,588.0,686.0,0.9,3.0,40.0,0.1,64.0,33.0,0.5,11.0,2.0,6.0,0.3,4.0,6.0,6.0,Burnley,8.0,1.0,0.0,6.0,0.0,6.0,28.2,6.0,4.0,0.7,1.0,1.0,183.0,274.0,0.7,1.0,10.0,0.1,84.0,37.0,0.4,0.0,6.0,10.0,0.6,14.0,52.0,52.0,578482,2021-01-21 20:00:00,2021
Aston Villa,9.0,0.0,0.0,1.0,5.0,1.0,59.2,14.0,5.0,0.4,0.0,0.0,499.0,567.0,0.9,4.0,16.0,0.3,60.0,41.0,0.7,3.0,6.0,11.0,0.5,12.0,27.0,27.0,Newcastle United,18.0,3.0,0.0,2.0,4.0,3.0,40.8,7.0,1.0,0.1,0.0,0.0,288.0,369.0,0.8,4.0,31.0,0.1,57.0,25.0,0.4,2.0,7.0,14.0,0.5,6.0,12.0,12.0,578558,2021-01-23 20:00:00,2021
Crystal Palace,9.0,0.0,0.0,0.0,3.0,5.0,54.2,6.0,3.0,0.5,0.0,0.0,422.0,536.0,0.8,4.0,18.0,0.2,51.0,23.0,0.5,0.0,8.0,17.0,0.5,14.0,9.0,9.0,West Ham United,8.0,0.0,0.0,2.0,4.0,1.0,45.8,17.0,7.0,0.4,0.0,0.0,347.0,460.0,0.8,3.0,11.0,0.3,68.0,20.0,0.3,4.0,11.0,18.0,0.6,11.0,16.0,16.0,578461,2021-01-26 18:00:00,2021
Newcastle United,10.0,1.0,0.0,1.0,9.0,1.0,42.3,22.0,5.0,0.2,0.0,0.0,222.0,313.0,0.7,5.0,26.0,0.2,44.0,12.0,0.3,7.0,6.0,11.0,0.5,6.0,20.0,20.0,Leeds United,15.0,3.0,0.0,0.0,5.0,4.0,57.7,9.0,2.0,0.2,0.0,0.0,330.0,450.0,0.7,2.0,11.0,0.2,78.0,36.0,0.5,3.0,7.0,15.0,0.5,8.0,21.0,21.0,578463,2021-01-26 18:00:00,2021
Southampton,11.0,1.0,0.0,2.0,4.0,1.0,58.0,13.0,5.0,0.4,0.0,0.0,421.0,493.0,0.9,8.0,19.0,0.4,40.0,15.0,0.4,3.0,11.0,17.0,0.6,12.0,17.0,17.0,Arsenal,6.0,2.0,0.0,2.0,5.0,4.0,42.0,9.0,5.0,0.6,0.0,0.0,273.0,353.0,0.8,3.0,16.0,0.2,59.0,31.0,0.5,0.0,8.0,15.0,0.5,7.0,15.0,15.0,578462,2021-01-26 20:15:00,2021
West Bromwich Albion,8.0,2.0,0.0,0.0,3.0,2.0,22.3,4.0,1.0,0.3,0.0,0.0,163.0,247.0,0.7,2.0,10.0,0.2,59.0,21.0,0.4,1.0,6.0,13.0,0.5,14.0,24.0,24.0,Manchester City,8.0,0.0,0.0,1.0,8.0,1.0,77.7,18.0,7.0,0.4,0.0,0.0,810.0,888.0,0.9,3.0,16.0,0.2,46.0,27.0,0.6,7.0,5.0,8.0,0.6,4.0,15.0,15.0,578466,2021-01-26 20:15:00,2021
Chelsea,14.0,1.0,0.0,2.0,13.0,0.0,78.9,14.0,5.0,0.4,0.0,0.0,832.0,898.0,0.9,6.0,36.0,0.2,32.0,22.0,0.7,4.0,11.0,15.0,0.7,6.0,8.0,8.0,Wolverhampton Wanderers,7.0,1.0,0.0,0.0,1.0,5.0,21.1,4.0,0.0,0.0,0.0,0.0,174.0,242.0,0.7,1.0,6.0,0.2,50.0,21.0,0.4,0.0,4.0,5.0,0.8,16.0,30.0,30.0,578465,2021-01-27 18:00:00,2021
Burnley,16.0,1.0,0.0,3.0,2.0,8.0,38.2,10.0,5.0,0.5,0.0,0.0,170.0,290.0,0.6,5.0,18.0,0.3,79.0,24.0,0.3,2.0,13.0,22.0,0.6,10.0,20.0,20.0,Aston Villa,7.0,0.0,0.0,2.0,4.0,2.0,61.8,18.0,10.0,0.6,0.0,0.0,369.0,475.0,0.8,5.0,22.0,0.2,92.0,34.0,0.4,3.0,2.0,6.0,0.3,7.0,16.0,16.0,578468,2021-01-27 18:00:00,2021
Brighton & Hove Albion,10.0,2.0,0.0,3.0,10.0,2.0,49.5,16.0,5.0,0.3,0.0,0.0,293.0,411.0,0.7,8.0,34.0,0.2,64.0,25.0,0.4,6.0,14.0,23.0,0.6,14.0,6.0,6.0,Fulham,14.0,1.0,0.0,0.0,0.0,5.0,50.5,10.0,3.0,0.3,0.0,0.0,324.0,439.0,0.7,3.0,11.0,0.3,56.0,18.0,0.3,2.0,7.0,12.0,0.6,16.0,20.0,20.0,578469,2021-01-27 19:30:00,2021
Manchester United,10.0,1.0,0.0,0.0,7.0,1.0,75.8,16.0,4.0,0.3,0.0,0.0,711.0,803.0,0.9,4.0,23.0,0.2,80.0,64.0,0.8,7.0,11.0,21.0,0.5,4.0,8.0,8.0,Sheffield United,12.0,1.0,0.0,5.0,2.0,3.0,24.2,5.0,3.0,0.6,0.0,0.0,177.0,257.0,0.7,1.0,7.0,0.1,59.0,10.0,0.2,1.0,9.0,15.0,0.6,16.0,28.0,28.0,578467,2021-01-27 20:15:00,2021
Everton,12.0,1.0,0.0,2.0,5.0,5.0,35.0,8.0,2.0,0.3,0.0,0.0,227.0,298.0,0.8,5.0,22.0,0.2,52.0,20.0,0.4,2.0,9.0,14.0,0.6,11.0,23.0,23.0,Leicester City,10.0,1.0,0.0,1.0,11.0,1.0,65.0,19.0,6.0,0.3,0.0,0.0,494.0,573.0,0.9,0.0,21.0,0.0,39.0,24.0,0.6,10.0,12.0,19.0,0.6,8.0,20.0,20.0,578470,2021-01-27 20:15:00,2021
Tottenham Hotspur,9.0,1.0,0.0,2.0,1.0,4.0,49.8,3.0,2.0,0.7,0.0,0.0,498.0,592.0,0.8,0.0,5.0,0.0,57.0,27.0,0.5,0.0,8.0,14.0,0.6,11.0,18.0,18.0,Liverpool,11.0,2.0,0.0,2.0,2.0,1.0,50.2,14.0,7.0,0.5,0.0,0.0,504.0,587.0,0.9,3.0,12.0,0.3,41.0,21.0,0.5,1.0,8.0,10.0,0.8,16.0,12.0,12.0,578464,2021-01-28 20:00:00,2021
Everton,13.0,3.0,0.0,4.0,7.0,1.0,60.9,11.0,3.0,0.3,0.0,0.0,414.0,488.0,0.8,2.0,25.0,0.1,57.0,35.0,0.6,2.0,12.0,17.0,0.7,9.0,26.0,26.0,Newcastle United,6.0,4.0,0.0,0.0,12.0,3.0,39.1,13.0,3.0,0.2,0.0,0.0,226.0,301.0,0.8,7.0,30.0,0.2,61.0,27.0,0.4,5.0,8.0,14.0,0.6,10.0,27.0,27.0,578457,2021-01-30 12:30:00,2021
Crystal Palace,7.0,1.0,0.0,1.0,1.0,4.0,47.3,11.0,2.0,0.2,0.0,0.0,450.0,518.0,0.9,1.0,5.0,0.2,57.0,27.0,0.5,3.0,6.0,14.0,0.4,8.0,15.0,15.0,Wolverhampton Wanderers,10.0,2.0,0.0,1.0,6.0,1.0,52.7,6.0,4.0,0.7,0.0,0.0,493.0,560.0,0.9,8.0,25.0,0.3,30.0,15.0,0.5,1.0,15.0,25.0,0.6,6.0,11.0,11.0,578460,2021-01-30 15:00:00,2021
Manchester City,7.0,0.0,0.0,0.0,10.0,1.0,75.0,10.0,5.0,0.5,0.0,0.0,729.0,805.0,0.9,5.0,21.0,0.2,73.0,51.0,0.7,4.0,7.0,12.0,0.6,4.0,6.0,6.0,Sheffield United,10.0,3.0,0.0,1.0,0.0,4.0,25.0,4.0,1.0,0.3,0.0,0.0,206.0,273.0,0.8,0.0,3.0,0.0,53.0,21.0,0.4,1.0,7.0,15.0,0.5,10.0,22.0,22.0,578458,2021-01-30 15:00:00,2021
West Bromwich Albion,0.0,0.0,0.0,0.0,0.0,0.0,0.0,0.0,0.0,0.0,0.0,0.0,0.0,0.0,0.0,0.0,0.0,0.0,0.0,0.0,0.0,0.0,0.0,0.0,0.0,0.0,0.0,0.0,Fulham,0.0,0.0,0.0,0.0,0.0,0.0,0.0,0.0,0.0,0.0,0.0,0.0,0.0,0.0,0.0,0.0,0.0,0.0,0.0,0.0,0.0,0.0,0.0,0.0,0.0,0.0,0.0,0.0,578453,2021-01-30 15:00:00,2021
Arsenal,9.0,1.0,0.0,0.0,4.0,3.0,43.3,17.0,3.0,0.2,0.0,0.0,352.0,436.0,0.8,5.0,12.0,0.4,43.0,15.0,0.3,6.0,7.0,13.0,0.5,13.0,21.0,21.0,Manchester United,16.0,3.0,0.0,2.0,7.0,3.0,56.7,14.0,3.0,0.2,0.0,0.0,486.0,566.0,0.9,6.0,24.0,0.3,40.0,21.0,0.5,3.0,4.0,10.0,0.4,16.0,13.0,13.0,578456,2021-01-30 17:30:00,2021
Southampton,12.0,1.0,0.0,4.0,7.0,3.0,59.8,20.0,5.0,0.3,0.0,0.0,395.0,487.0,0.8,3.0,24.0,0.1,46.0,15.0,0.3,9.0,13.0,24.0,0.5,8.0,11.0,11.0,Aston Villa,11.0,0.0,0.0,5.0,1.0,4.0,40.2,8.0,4.0,0.5,0.0,0.0,249.0,336.0,0.7,1.0,10.0,0.1,58.0,30.0,0.5,1.0,13.0,23.0,0.6,16.0,22.0,22.0,578451,2021-01-30 20:00:00,2021
Chelsea,7.0,0.0,0.0,2.0,4.0,0.0,71.1,19.0,8.0,0.4,0.0,0.0,627.0,723.0,0.9,3.0,14.0,0.2,62.0,34.0,0.5,2.0,8.0,13.0,0.6,9.0,17.0,17.0,Burnley,9.0,1.0,0.0,2.0,2.0,7.0,28.9,1.0,0.0,0.0,0.0,0.0,187.0,287.0,0.7,2.0,11.0,0.2,77.0,30.0,0.4,0.0,6.0,15.0,0.4,10.0,21.0,21.0,578452,2021-01-31 12:00:00,2021
Leicester City,17.0,0.0,0.0,2.0,6.0,3.0,50.8,18.0,8.0,0.4,0.0,0.0,303.0,404.0,0.8,2.0,14.0,0.1,46.0,17.0,0.4,6.0,11.0,15.0,0.7,14.0,7.0,7.0,Leeds United,16.0,3.0,0.0,2.0,4.0,7.0,49.2,8.0,7.0,0.9,0.0,0.0,281.0,389.0,0.7,2.0,9.0,0.2,53.0,12.0,0.2,1.0,16.0,27.0,0.6,19.0,19.0,19.0,578454,2021-01-31 14:00:00,2021
West Ham United,7.0,2.0,0.0,2.0,6.0,2.0,32.8,8.0,2.0,0.3,0.0,0.0,280.0,365.0,0.8,5.0,22.0,0.2,64.0,22.0,0.3,3.0,10.0,15.0,0.7,18.0,12.0,12.0,Liverpool,8.0,0.0,0.0,1.0,5.0,1.0,67.2,14.0,5.0,0.4,0.0,0.0,700.0,785.0,0.9,2.0,13.0,0.2,44.0,23.0,0.5,3.0,8.0,13.0,0.6,4.0,13.0,13.0,578455,2021-01-31 16:30:00,2021
Brighton & Hove Albion,11.0,2.0,0.0,1.0,9.0,4.0,43.2,16.0,5.0,0.3,0.0,0.0,327.0,407.0,0.8,9.0,26.0,0.3,48.0,19.0,0.4,4.0,12.0,19.0,0.6,21.0,15.0,15.0,Tottenham Hotspur,11.0,1.0,0.0,1.0,2.0,2.0,56.8,8.0,4.0,0.5,0.0,0.0,455.0,556.0,0.8,3.0,15.0,0.2,60.0,28.0,0.5,3.0,6.0,13.0,0.5,10.0,22.0,22.0,578459,2021-01-31 19:15:00,2021
Wolverhampton Wanderers,11.0,3.0,0.0,1.0,9.0,2.0,54.6,11.0,7.0,0.6,1.0,1.0,524.0,576.0,0.9,4.0,27.0,0.1,46.0,30.0,0.7,0.0,7.0,10.0,0.7,6.0,17.0,17.0,Arsenal,8.0,2.0,2.0,3.0,6.0,5.0,45.4,9.0,3.0,0.3,0.0,0.0,435.0,488.0,0.9,2.0,12.0,0.2,30.0,10.0,0.3,5.0,7.0,13.0,0.5,4.0,25.0,25.0,578445,2021-02-02 18:00:00,2021
Sheffield United,11.0,2.0,0.0,0.0,9.0,3.0,68.3,14.0,6.0,0.4,0.0,0.0,495.0,593.0,0.8,2.0,27.0,0.1,60.0,30.0,0.5,4.0,11.0,20.0,0.6,10.0,22.0,22.0,West Bromwich Albion,9.0,1.0,0.0,3.0,2.0,4.0,31.7,8.0,4.0,0.5,0.0,0.0,174.0,268.0,0.6,4.0,17.0,0.2,66.0,24.0,0.4,2.0,11.0,18.0,0.6,12.0,25.0,25.0,578449,2021-02-02 18:00:00,2021
Newcastle United,14.0,1.0,0.0,1.0,9.0,1.0,61.3,21.0,5.0,0.2,0.0,0.0,516.0,610.0,0.8,12.0,33.0,0.4,68.0,36.0,0.5,6.0,6.0,12.0,0.5,7.0,8.0,8.0,Crystal Palace,11.0,3.0,0.0,2.0,1.0,4.0,38.7,6.0,3.0,0.5,0.0,0.0,302.0,397.0,0.8,3.0,8.0,0.4,61.0,20.0,0.3,1.0,6.0,14.0,0.4,11.0,21.0,21.0,578443,2021-02-02 20:15:00,2021
Manchester United,11.0,2.0,0.0,3.0,5.0,1.0,74.6,24.0,14.0,0.6,1.0,1.0,552.0,626.0,0.9,4.0,22.0,0.2,38.0,26.0,0.7,5.0,10.0,13.0,0.8,8.0,4.0,4.0,Southampton,6.0,3.0,2.0,2.0,3.0,6.0,25.4,3.0,1.0,0.3,0.0,0.0,140.0,215.0,0.7,0.0,4.0,0.0,42.0,6.0,0.1,0.0,10.0,20.0,0.5,13.0,30.0,30.0,578444,2021-02-02 20:15:00,2021
Fulham,17.0,3.0,0.0,1.0,5.0,3.0,57.5,8.0,1.0,0.1,0.0,0.0,498.0,598.0,0.8,6.0,25.0,0.2,57.0,27.0,0.5,3.0,13.0,22.0,0.6,13.0,16.0,16.0,Leicester City,10.0,1.0,0.0,3.0,2.0,1.0,42.5,9.0,5.0,0.6,0.0,0.0,343.0,447.0,0.8,2.0,8.0,0.3,61.0,22.0,0.4,2.0,12.0,18.0,0.7,9.0,23.0,23.0,578447,2021-02-03 18:00:00,2021
Burnley,8.0,2.0,0.0,3.0,1.0,4.0,25.7,2.0,0.0,0.0,0.0,0.0,200.0,271.0,0.7,0.0,10.0,0.0,61.0,29.0,0.5,0.0,7.0,17.0,0.4,8.0,17.0,17.0,Manchester City,5.0,1.0,0.0,2.0,3.0,0.0,74.3,13.0,6.0,0.5,0.0,0.0,738.0,804.0,0.9,1.0,10.0,0.1,42.0,25.0,0.6,6.0,7.0,8.0,0.9,6.0,13.0,13.0,578448,2021-02-03 18:00:00,2021
Leeds United,12.0,2.0,0.0,0.0,7.0,4.0,63.2,16.0,7.0,0.4,0.0,0.0,464.0,561.0,0.8,5.0,25.0,0.2,39.0,14.0,0.4,3.0,11.0,16.0,0.7,11.0,11.0,11.0,Everton,12.0,3.0,0.0,1.0,1.0,6.0,36.8,10.0,6.0,0.6,0.0,0.0,250.0,331.0,0.8,3.0,12.0,0.3,53.0,22.0,0.4,0.0,7.0,13.0,0.5,10.0,33.0,33.0,578446,2021-02-03 19:30:00,2021
Aston Villa,11.0,1.0,0.0,1.0,7.0,6.0,56.5,9.0,2.0,0.2,0.0,0.0,397.0,480.0,0.8,4.0,23.0,0.2,49.0,29.0,0.6,2.0,6.0,13.0,0.5,4.0,14.0,14.0,West Ham United,16.0,1.0,0.0,1.0,3.0,1.0,43.5,20.0,10.0,0.5,0.0,0.0,292.0,376.0,0.8,6.0,16.0,0.4,57.0,29.0,0.5,6.0,8.0,15.0,0.5,5.0,23.0,23.0,578450,2021-02-03 20:15:00,2021
Liverpool,12.0,1.0,0.0,0.0,6.0,3.0,63.4,11.0,1.0,0.1,0.0,0.0,599.0,697.0,0.9,3.0,27.0,0.1,47.0,19.0,0.4,6.0,9.0,12.0,0.8,12.0,15.0,15.0,Brighton & Hove Albion,6.0,0.0,0.0,3.0,3.0,1.0,36.6,13.0,4.0,0.3,0.0,0.0,302.0,404.0,0.7,6.0,12.0,0.5,64.0,30.0,0.5,2.0,3.0,13.0,0.2,15.0,29.0,29.0,578441,2021-02-03 20:15:00,2021
Tottenham Hotspur,20.0,2.0,0.0,0.0,2.0,1.0,42.0,7.0,2.0,0.3,0.0,0.0,374.0,457.0,0.8,2.0,11.0,0.2,53.0,20.0,0.4,0.0,8.0,13.0,0.6,13.0,19.0,19.0,Chelsea,14.0,3.0,0.0,3.0,7.0,2.0,58.0,16.0,2.0,0.1,1.0,1.0,560.0,630.0,0.9,4.0,19.0,0.2,44.0,20.0,0.5,7.0,6.0,10.0,0.6,13.0,13.0,13.0,578442,2021-02-04 20:00:00,2021
Aston Villa,12.0,3.0,0.0,1.0,3.0,3.0,33.6,12.0,8.0,0.7,0.0,0.0,232.0,316.0,0.7,2.0,8.0,0.3,69.0,32.0,0.5,1.0,8.0,18.0,0.4,10.0,27.0,27.0,Arsenal,12.0,2.0,0.0,0.0,7.0,7.0,66.4,14.0,3.0,0.2,0.0,0.0,522.0,597.0,0.9,8.0,40.0,0.2,36.0,17.0,0.5,5.0,7.0,12.0,0.6,6.0,9.0,9.0,578431,2021-02-06 12:30:00,2021
Newcastle United,11.0,2.0,1.0,3.0,0.0,3.0,26.2,6.0,4.0,0.7,0.0,0.0,128.0,221.0,0.6,0.0,6.0,0.0,67.0,18.0,0.3,1.0,11.0,16.0,0.7,12.0,35.0,35.0,Southampton,14.0,1.0,0.0,5.0,7.0,1.0,73.8,14.0,5.0,0.4,0.0,0.0,514.0,610.0,0.8,4.0,30.0,0.1,45.0,21.0,0.5,4.0,10.0,17.0,0.6,11.0,9.0,9.0,578438,2021-02-06 15:00:00,2021
Burnley,0.0,0.0,0.0,0.0,0.0,0.0,0.0,0.0,0.0,0.0,0.0,0.0,0.0,0.0,0.0,0.0,0.0,0.0,0.0,0.0,0.0,0.0,0.0,0.0,0.0,0.0,0.0,0.0,Brighton & Hove Albion,0.0,0.0,0.0,0.0,0.0,0.0,0.0,0.0,0.0,0.0,0.0,0.0,0.0,0.0,0.0,0.0,0.0,0.0,0.0,0.0,0.0,0.0,0.0,0.0,0.0,0.0,0.0,0.0,578432,2021-02-06 15:00:00,2021
Fulham,11.0,1.0,0.0,1.0,7.0,1.0,60.6,20.0,2.0,0.1,0.0,0.0,463.0,550.0,0.8,5.0,18.0,0.3,52.0,21.0,0.4,6.0,9.0,13.0,0.7,11.0,11.0,11.0,West Ham United,10.0,3.0,1.0,4.0,3.0,3.0,39.4,8.0,1.0,0.1,0.0,0.0,258.0,354.0,0.7,7.0,15.0,0.5,72.0,28.0,0.4,1.0,6.0,9.0,0.7,6.0,24.0,24.0,578440,2021-02-06 17:30:00,2021
Manchester United,14.0,2.0,0.0,0.0,5.0,0.0,62.0,14.0,5.0,0.4,0.0,0.0,585.0,653.0,0.9,5.0,22.0,0.2,38.0,25.0,0.7,3.0,7.0,14.0,0.5,8.0,9.0,9.0,Everton,10.0,1.0,0.0,4.0,1.0,2.0,38.0,6.0,3.0,0.5,0.0,0.0,322.0,397.0,0.8,2.0,15.0,0.1,49.0,25.0,0.5,0.0,10.0,16.0,0.6,10.0,21.0,21.0,578435,2021-02-06 20:00:00,2021
Tottenham Hotspur,16.0,1.0,0.0,1.0,8.0,1.0,65.6,13.0,6.0,0.5,0.0,0.0,507.0,589.0,0.9,1.0,20.0,0.1,35.0,14.0,0.4,3.0,10.0,17.0,0.6,4.0,8.0,8.0,West Bromwich Albion,12.0,2.0,0.0,4.0,0.0,4.0,34.4,4.0,1.0,0.3,0.0,0.0,218.0,303.0,0.7,6.0,11.0,0.5,65.0,26.0,0.4,0.0,14.0,24.0,0.6,5.0,30.0,30.0,578439,2021-02-07 12:00:00,2021
Wolverhampton Wanderers,11.0,1.0,0.0,0.0,8.0,3.0,43.9,13.0,1.0,0.1,0.0,0.0,349.0,429.0,0.8,5.0,22.0,0.2,47.0,24.0,0.5,6.0,12.0,19.0,0.6,15.0,14.0,14.0,Leicester City,15.0,3.0,0.0,1.0,2.0,1.0,56.1,13.0,3.0,0.2,0.0,0.0,493.0,567.0,0.9,4.0,12.0,0.3,34.0,20.0,0.6,5.0,12.0,19.0,0.6,5.0,22.0,22.0,578436,2021-02-07 14:00:00,2021
Liverpool,13.0,2.0,0.0,1.0,6.0,1.0,55.9,8.0,3.0,0.4,1.0,1.0,573.0,649.0,0.9,3.0,21.0,0.1,47.0,25.0,0.5,3.0,9.0,18.0,0.5,11.0,9.0,9.0,Manchester City,8.0,1.0,0.0,2.0,1.0,2.0,44.1,8.0,5.0,0.6,0.0,1.0,444.0,519.0,0.9,0.0,6.0,0.0,43.0,22.0,0.5,0.0,14.0,20.0,0.7,15.0,24.0,24.0,578437,2021-02-07 16:30:00,2021
Sheffield United,8.0,1.0,0.0,2.0,1.0,0.0,31.1,8.0,3.0,0.4,0.0,0.0,244.0,338.0,0.7,0.0,9.0,0.0,55.0,21.0,0.4,2.0,9.0,18.0,0.5,12.0,15.0,15.0,Chelsea,8.0,0.0,0.0,2.0,8.0,3.0,68.9,9.0,3.0,0.3,1.0,1.0,654.0,756.0,0.9,6.0,14.0,0.4,46.0,29.0,0.6,2.0,8.0,17.0,0.5,5.0,19.0,19.0,578433,2021-02-07 19:15:00,2021
Leeds United,7.0,0.0,0.0,1.0,5.0,3.0,68.2,17.0,7.0,0.4,0.0,0.0,624.0,714.0,0.9,9.0,15.0,0.6,40.0,23.0,0.6,3.0,10.0,22.0,0.5,6.0,11.0,11.0,Crystal Palace,8.0,2.0,0.0,1.0,3.0,5.0,31.8,8.0,3.0,0.4,0.0,0.0,255.0,332.0,0.8,3.0,10.0,0.3,60.0,27.0,0.5,3.0,5.0,11.0,0.5,3.0,18.0,18.0,578434,2021-02-08 20:00:00,2021
Leicester City,7.0,1.0,0.0,2.0,2.0,3.0,38.0,11.0,6.0,0.5,0.0,0.0,247.0,357.0,0.7,2.0,6.0,0.3,65.0,18.0,0.3,1.0,15.0,23.0,0.7,17.0,38.0,38.0,Liverpool,6.0,2.0,0.0,1.0,12.0,3.0,62.0,15.0,4.0,0.3,0.0,0.0,465.0,561.0,0.8,2.0,31.0,0.1,38.0,20.0,0.5,8.0,10.0,23.0,0.4,14.0,4.0,4.0,578425,2021-02-13 12:30:00,2021
Crystal Palace,15.0,0.0,0.0,3.0,7.0,1.0,53.3,13.0,3.0,0.2,0.0,0.0,326.0,427.0,0.8,5.0,31.0,0.2,54.0,25.0,0.5,7.0,8.0,16.0,0.5,5.0,12.0,12.0,Burnley,14.0,0.0,0.0,1.0,4.0,3.0,46.7,16.0,4.0,0.3,0.0,0.0,284.0,390.0,0.7,5.0,14.0,0.4,88.0,38.0,0.4,6.0,9.0,17.0,0.5,12.0,22.0,22.0,578422,2021-02-13 15:00:00,2021
Manchester City,12.0,1.0,0.0,1.0,4.0,3.0,60.4,15.0,6.0,0.4,1.0,1.0,635.0,698.0,0.9,2.0,10.0,0.2,32.0,21.0,0.7,5.0,10.0,21.0,0.5,8.0,7.0,7.0,Tottenham Hotspur,13.0,3.0,0.0,0.0,2.0,3.0,39.6,7.0,3.0,0.4,0.0,0.0,391.0,456.0,0.9,1.0,8.0,0.1,43.0,18.0,0.4,2.0,9.0,23.0,0.4,8.0,14.0,14.0,578429,2021-02-13 17:30:00,2021
Brighton & Hove Albion,16.0,2.0,0.0,0.0,9.0,1.0,58.2,26.0,9.0,0.3,0.0,0.0,415.0,509.0,0.8,8.0,23.0,0.3,64.0,26.0,0.4,10.0,8.0,11.0,0.7,8.0,12.0,12.0,Aston Villa,12.0,3.0,0.0,3.0,2.0,9.0,41.8,4.0,1.0,0.3,0.0,0.0,281.0,372.0,0.8,0.0,9.0,0.0,56.0,24.0,0.4,2.0,5.0,10.0,0.5,12.0,24.0,24.0,578421,2021-02-13 20:00:00,2021
Southampton,10.0,2.0,0.0,6.0,4.0,2.0,51.1,7.0,3.0,0.4,0.0,0.0,376.0,476.0,0.8,2.0,11.0,0.2,46.0,10.0,0.2,1.0,12.0,23.0,0.5,14.0,15.0,15.0,Wolverhampton Wanderers,9.0,2.0,0.0,1.0,6.0,2.0,48.9,10.0,4.0,0.4,1.0,1.0,337.0,448.0,0.8,3.0,19.0,0.2,67.0,28.0,0.4,3.0,2.0,9.0,0.2,13.0,13.0,13.0,578430,2021-02-14 12:00:00,2021
West Bromwich Albion,13.0,5.0,0.0,2.0,4.0,5.0,26.9,7.0,3.0,0.4,0.0,0.0,166.0,253.0,0.7,5.0,15.0,0.3,72.0,19.0,0.3,0.0,7.0,14.0,0.5,12.0,29.0,29.0,Manchester United,10.0,0.0,0.0,3.0,5.0,2.0,73.1,10.0,7.0,0.7,0.0,0.0,609.0,707.0,0.9,6.0,26.0,0.2,48.0,28.0,0.6,3.0,7.0,10.0,0.7,2.0,9.0,9.0,578426,2021-02-14 14:00:00,2021
Arsenal,8.0,0.0,0.0,2.0,4.0,3.0,45.9,13.0,5.0,0.4,1.0,1.0,323.0,423.0,0.8,2.0,9.0,0.2,59.0,19.0,0.3,5.0,2.0,5.0,0.4,16.0,15.0,15.0,Leeds United,17.0,2.0,0.0,0.0,5.0,1.0,54.1,9.0,5.0,0.6,0.0,0.0,394.0,498.0,0.8,2.0,17.0,0.1,66.0,23.0,0.3,2.0,9.0,10.0,0.9,11.0,9.0,9.0,578424,2021-02-14 16:30:00,2021
Everton,7.0,1.0,0.0,3.0,5.0,1.0,49.7,7.0,2.0,0.3,0.0,0.0,446.0,534.0,0.8,3.0,21.0,0.1,59.0,29.0,0.5,2.0,11.0,17.0,0.6,5.0,14.0,14.0,Fulham,16.0,1.0,0.0,2.0,4.0,2.0,50.3,12.0,3.0,0.3,0.0,0.0,466.0,545.0,0.9,3.0,15.0,0.2,53.0,24.0,0.5,3.0,4.0,10.0,0.4,12.0,24.0,24.0,578423,2021-02-14 19:00:00,2021
West Ham United,11.0,0.0,0.0,1.0,7.0,5.0,45.9,13.0,9.0,0.7,1.0,1.0,348.0,429.0,0.8,2.0,15.0,0.1,44.0,22.0,0.5,1.0,2.0,9.0,0.2,9.0,19.0,19.0,Sheffield United,12.0,2.0,0.0,1.0,7.0,6.0,54.1,8.0,5.0,0.6,0.0,0.0,427.0,500.0,0.9,8.0,26.0,0.3,49.0,25.0,0.5,1.0,13.0,18.0,0.7,6.0,19.0,19.0,578428,2021-02-15 18:00:00,2021
Chelsea,9.0,0.0,0.0,0.0,10.0,4.0,65.6,18.0,6.0,0.3,0.0,0.0,494.0,564.0,0.9,7.0,23.0,0.3,53.0,33.0,0.6,5.0,10.0,19.0,0.5,6.0,17.0,17.0,Newcastle United,13.0,0.0,0.0,2.0,5.0,3.0,34.4,10.0,4.0,0.4,0.0,0.0,225.0,289.0,0.8,5.0,16.0,0.3,51.0,20.0,0.4,2.0,7.0,16.0,0.4,8.0,18.0,18.0,578427,2021-02-15 20:00:00,2021
Burnley,7.0,1.0,0.0,6.0,5.0,2.0,46.0,8.0,3.0,0.4,0.0,0.0,272.0,400.0,0.7,8.0,21.0,0.4,78.0,25.0,0.3,0.0,6.0,10.0,0.6,8.0,10.0,10.0,Fulham,13.0,1.0,0.0,0.0,5.0,2.0,54.0,8.0,3.0,0.4,0.0,0.0,349.0,477.0,0.7,4.0,14.0,0.3,63.0,13.0,0.2,1.0,9.0,14.0,0.6,8.0,30.0,30.0,578493,2021-02-17 18:00:00,2021
Everton,8.0,2.0,0.0,0.0,0.0,4.0,29.6,3.0,2.0,0.7,0.0,0.0,229.0,313.0,0.7,2.0,12.0,0.2,67.0,25.0,0.4,0.0,11.0,18.0,0.6,14.0,28.0,28.0,Manchester City,8.0,1.0,0.0,0.0,10.0,1.0,70.4,16.0,7.0,0.4,0.0,0.0,681.0,755.0,0.9,3.0,23.0,0.1,46.0,30.0,0.7,5.0,6.0,11.0,0.5,4.0,6.0,6.0,578507,2021-02-17 20:15:00,2021
Wolverhampton Wanderers,13.0,1.0,0.0,1.0,7.0,7.0,41.0,15.0,5.0,0.3,0.0,0.0,234.0,308.0,0.8,1.0,13.0,0.1,50.0,19.0,0.4,5.0,11.0,17.0,0.6,10.0,12.0,12.0,Leeds United,8.0,0.0,0.0,1.0,9.0,5.0,59.0,18.0,7.0,0.4,0.0,0.0,353.0,440.0,0.8,10.0,22.0,0.5,59.0,32.0,0.5,6.0,11.0,18.0,0.6,11.0,14.0,14.0,578414,2021-02-19 20:00:00,2021
Southampton,10.0,1.0,0.0,0.0,3.0,2.0,29.1,4.0,1.0,0.3,0.0,0.0,194.0,295.0,0.7,2.0,8.0,0.3,53.0,13.0,0.2,0.0,8.0,17.0,0.5,15.0,18.0,18.0,Chelsea,10.0,1.0,0.0,4.0,6.0,0.0,70.9,9.0,3.0,0.3,1.0,1.0,620.0,727.0,0.9,2.0,15.0,0.1,43.0,24.0,0.6,2.0,11.0,22.0,0.5,12.0,6.0,6.0,578411,2021-02-20 12:30:00,2021
Burnley,16.0,3.0,0.0,4.0,5.0,2.0,62.1,6.0,1.0,0.2,0.0,0.0,325.0,433.0,0.8,6.0,22.0,0.3,67.0,21.0,0.3,1.0,12.0,17.0,0.7,5.0,16.0,16.0,West Bromwich Albion,10.0,0.0,1.0,3.0,5.0,1.0,37.9,10.0,3.0,0.3,0.0,0.0,160.0,267.0,0.6,0.0,12.0,0.0,79.0,25.0,0.3,1.0,10.0,16.0,0.6,10.0,24.0,24.0,578420,2021-02-20 15:00:00,2021
Liverpool,10.0,2.0,0.0,2.0,7.0,4.0,71.4,15.0,6.0,0.4,0.0,0.0,609.0,693.0,0.9,5.0,29.0,0.2,45.0,19.0,0.4,2.0,10.0,16.0,0.6,10.0,10.0,10.0,Everton,10.0,1.0,0.0,2.0,2.0,6.0,28.6,9.0,6.0,0.7,1.0,1.0,190.0,279.0,0.7,2.0,8.0,0.3,67.0,23.0,0.3,0.0,12.0,21.0,0.6,8.0,32.0,32.0,578413,2021-02-20 17:30:00,2021
Fulham,11.0,1.0,0.0,1.0,6.0,2.0,65.1,15.0,7.0,0.5,0.0,0.0,494.0,597.0,0.8,4.0,22.0,0.2,72.0,32.0,0.4,2.0,3.0,6.0,0.5,7.0,19.0,19.0,Sheffield United,14.0,2.0,0.0,3.0,4.0,4.0,34.9,4.0,2.0,0.5,0.0,0.0,209.0,321.0,0.7,1.0,13.0,0.1,80.0,34.0,0.4,0.0,10.0,20.0,0.5,8.0,23.0,23.0,578418,2021-02-20 20:00:00,2021
West Ham United,14.0,4.0,0.0,1.0,5.0,3.0,30.8,4.0,4.0,1.0,0.0,0.0,156.0,253.0,0.6,3.0,13.0,0.2,61.0,22.0,0.4,0.0,14.0,23.0,0.6,13.0,27.0,27.0,Tottenham Hotspur,7.0,3.0,0.0,0.0,7.0,2.0,69.2,20.0,4.0,0.2,0.0,0.0,471.0,569.0,0.8,6.0,30.0,0.2,45.0,14.0,0.3,3.0,7.0,16.0,0.4,7.0,15.0,15.0,578419,2021-02-21 12:00:00,2021
Aston Villa,11.0,2.0,0.0,4.0,7.0,5.0,49.9,11.0,2.0,0.2,0.0,0.0,345.0,430.0,0.8,6.0,28.0,0.2,59.0,31.0,0.5,4.0,10.0,17.0,0.6,9.0,9.0,9.0,Leicester City,12.0,1.0,0.0,1.0,8.0,1.0,50.1,16.0,7.0,0.4,0.0,0.0,374.0,450.0,0.8,1.0,13.0,0.1,43.0,12.0,0.3,7.0,13.0,16.0,0.8,12.0,23.0,23.0,578415,2021-02-21 14:05:00,2021
Arsenal,11.0,2.0,0.0,1.0,1.0,2.0,45.0,7.0,1.0,0.1,0.0,0.0,407.0,479.0,0.9,3.0,14.0,0.2,40.0,19.0,0.5,3.0,3.0,8.0,0.4,6.0,12.0,12.0,Manchester City,9.0,2.0,0.0,3.0,3.0,1.0,55.0,15.0,3.0,0.2,0.0,0.0,531.0,599.0,0.9,1.0,7.0,0.1,56.0,28.0,0.5,6.0,3.0,5.0,0.6,7.0,17.0,17.0,578416,2021-02-21 16:30:00,2021
Manchester United,9.0,1.0,0.0,2.0,6.0,5.0,71.6,15.0,7.0,0.5,1.0,1.0,600.0,692.0,0.9,5.0,16.0,0.3,42.0,20.0,0.5,4.0,6.0,11.0,0.5,5.0,12.0,12.0,Newcastle United,11.0,2.0,0.0,1.0,4.0,4.0,28.4,10.0,6.0,0.6,0.0,0.0,186.0,270.0,0.7,2.0,13.0,0.2,57.0,13.0,0.2,1.0,9.0,16.0,0.6,7.0,15.0,15.0,578417,2021-02-21 19:00:00,2021
Brighton & Hove Albion,11.0,2.0,0.0,3.0,13.0,0.0,74.5,25.0,5.0,0.2,0.0,0.0,627.0,715.0,0.9,12.0,35.0,0.3,45.0,33.0,0.7,9.0,6.0,11.0,0.5,7.0,4.0,4.0,Crystal Palace,6.0,0.0,0.0,1.0,0.0,4.0,25.5,3.0,2.0,0.7,0.0,0.0,166.0,250.0,0.7,2.0,5.0,0.4,53.0,19.0,0.4,0.0,14.0,22.0,0.6,15.0,32.0,32.0,578412,2021-02-22 20:00:00,2021
Leeds United,11.0,1.0,0.0,1.0,2.0,5.0,46.7,11.0,7.0,0.6,0.0,0.0,216.0,319.0,0.7,3.0,8.0,0.4,50.0,20.0,0.4,0.0,15.0,25.0,0.6,10.0,20.0,20.0,Southampton,13.0,2.0,0.0,2.0,4.0,4.0,53.3,13.0,5.0,0.4,0.0,0.0,273.0,365.0,0.7,2.0,15.0,0.1,36.0,10.0,0.3,2.0,9.0,18.0,0.5,11.0,4.0,4.0,578488,2021-02-23 18:00:00,2021
Manchester City,8.0,1.0,0.0,2.0,4.0,2.0,63.2,10.0,3.0,0.3,0.0,0.0,604.0,675.0,0.9,3.0,17.0,0.2,42.0,29.0,0.7,5.0,7.0,11.0,0.6,14.0,10.0,10.0,West Ham United,11.0,1.0,0.0,1.0,2.0,1.0,36.8,9.0,3.0,0.3,0.0,0.0,318.0,394.0,0.8,3.0,13.0,0.2,47.0,22.0,0.5,2.0,9.0,13.0,0.7,20.0,18.0,18.0,578409,2021-02-27 12:30:00,2021
West Bromwich Albion,11.0,0.0,0.0,1.0,7.0,6.0,29.9,6.0,2.0,0.3,0.0,0.0,142.0,230.0,0.6,3.0,12.0,0.3,61.0,12.0,0.2,1.0,5.0,13.0,0.4,14.0,16.0,16.0,Brighton & Hove Albion,13.0,0.0,0.0,0.0,4.0,1.0,70.1,15.0,6.0,0.4,0.0,2.0,453.0,553.0,0.8,1.0,17.0,0.1,51.0,14.0,0.3,2.0,10.0,21.0,0.5,9.0,19.0,19.0,578403,2021-02-27 15:00:00,2021
Leeds United,14.0,3.0,0.0,0.0,7.0,3.0,69.2,13.0,3.0,0.2,0.0,0.0,413.0,517.0,0.8,3.0,27.0,0.1,66.0,34.0,0.5,5.0,10.0,18.0,0.6,7.0,6.0,6.0,Aston Villa,14.0,2.0,0.0,0.0,5.0,3.0,30.8,9.0,4.0,0.4,0.0,0.0,137.0,227.0,0.6,5.0,11.0,0.5,72.0,24.0,0.3,2.0,13.0,16.0,0.8,13.0,21.0,21.0,578402,2021-02-27 17:30:00,2021
Newcastle United,11.0,2.0,0.0,2.0,3.0,3.0,47.6,19.0,7.0,0.4,0.0,0.0,326.0,388.0,0.8,4.0,17.0,0.2,52.0,25.0,0.5,6.0,12.0,18.0,0.7,14.0,15.0,15.0,Wolverhampton Wanderers,13.0,0.0,0.0,0.0,5.0,5.0,52.4,14.0,4.0,0.3,0.0,0.0,339.0,423.0,0.8,6.0,21.0,0.3,77.0,40.0,0.5,3.0,3.0,14.0,0.2,6.0,13.0,13.0,578410,2021-02-27 20:00:00,2021
Crystal Palace,10.0,1.0,0.0,1.0,1.0,4.0,40.4,3.0,0.0,0.0,0.0,0.0,275.0,364.0,0.8,5.0,11.0,0.5,65.0,33.0,0.5,2.0,8.0,20.0,0.4,20.0,14.0,14.0,Fulham,14.0,1.0,0.0,0.0,3.0,1.0,59.6,16.0,4.0,0.3,0.0,0.0,448.0,540.0,0.8,11.0,20.0,0.6,52.0,31.0,0.6,2.0,10.0,18.0,0.6,4.0,16.0,16.0,578405,2021-02-28 12:00:00,2021
Leicester City,15.0,2.0,0.0,0.0,2.0,1.0,44.2,8.0,3.0,0.4,0.0,0.0,316.0,408.0,0.8,1.0,9.0,0.1,51.0,22.0,0.4,3.0,12.0,21.0,0.6,12.0,15.0,15.0,Arsenal,3.0,1.0,0.0,1.0,7.0,2.0,55.8,12.0,4.0,0.3,1.0,1.0,419.0,507.0,0.8,9.0,23.0,0.4,60.0,27.0,0.5,4.0,8.0,9.0,0.9,9.0,10.0,10.0,578401,2021-02-28 12:00:00,2021
Tottenham Hotspur,6.0,0.0,0.0,0.0,3.0,3.0,58.3,16.0,7.0,0.4,0.0,0.0,530.0,633.0,0.8,1.0,10.0,0.1,79.0,40.0,0.5,2.0,9.0,12.0,0.8,9.0,26.0,26.0,Burnley,10.0,0.0,0.0,0.0,4.0,3.0,41.7,10.0,3.0,0.3,0.0,0.0,342.0,439.0,0.8,3.0,21.0,0.1,70.0,28.0,0.4,3.0,5.0,11.0,0.5,12.0,12.0,12.0,578404,2021-02-28 14:00:00,2021
Chelsea,0.0,0.0,0.0,0.0,0.0,0.0,0.0,0.0,0.0,0.0,0.0,0.0,0.0,0.0,0.0,0.0,0.0,0.0,0.0,0.0,0.0,0.0,0.0,0.0,0.0,0.0,0.0,0.0,Manchester United,0.0,0.0,0.0,0.0,0.0,0.0,0.0,0.0,0.0,0.0,0.0,0.0,0.0,0.0,0.0,0.0,0.0,0.0,0.0,0.0,0.0,0.0,0.0,0.0,0.0,0.0,0.0,0.0,578407,2021-02-28 16:30:00,2021
Sheffield United,9.0,0.0,0.0,3.0,4.0,7.0,39.3,8.0,2.0,0.3,0.0,0.0,304.0,406.0,0.7,5.0,19.0,0.3,77.0,37.0,0.5,2.0,8.0,11.0,0.7,11.0,17.0,17.0,Liverpool,9.0,0.0,0.0,1.0,3.0,3.0,60.7,16.0,8.0,0.5,0.0,0.0,533.0,638.0,0.8,4.0,14.0,0.3,63.0,30.0,0.5,4.0,8.0,12.0,0.7,5.0,15.0,15.0,578406,2021-02-28 19:15:00,2021
Everton,13.0,0.0,0.0,4.0,4.0,1.0,46.6,7.0,1.0,0.1,0.0,0.0,306.0,410.0,0.7,3.0,13.0,0.2,64.0,34.0,0.5,4.0,10.0,20.0,0.5,12.0,23.0,23.0,Southampton,9.0,2.0,0.0,0.0,10.0,0.0,53.4,9.0,1.0,0.1,0.0,0.0,358.0,462.0,0.8,1.0,21.0,0.0,46.0,15.0,0.3,4.0,14.0,26.0,0.5,16.0,13.0,13.0,578408,2021-03-01 20:00:00,2021
Manchester City,9.0,0.0,0.0,3.0,10.0,0.0,72.1,22.0,10.0,0.5,0.0,0.0,736.0,798.0,0.9,2.0,24.0,0.1,47.0,38.0,0.8,8.0,9.0,14.0,0.6,7.0,2.0,2.0,Wolverhampton Wanderers,5.0,1.0,0.0,1.0,2.0,7.0,27.9,6.0,1.0,0.2,0.0,0.0,257.0,309.0,0.8,1.0,7.0,0.1,43.0,24.0,0.6,3.0,10.0,17.0,0.6,7.0,26.0,26.0,578380,2021-03-02 20:00:00,2021
Sheffield United,13.0,1.0,1.0,1.0,2.0,4.0,28.2,9.0,2.0,0.2,0.0,0.0,183.0,263.0,0.7,0.0,8.0,0.0,74.0,28.0,0.4,2.0,9.0,13.0,0.7,13.0,47.0,47.0,Aston Villa,6.0,0.0,0.0,1.0,7.0,1.0,71.8,16.0,4.0,0.3,0.0,0.0,541.0,641.0,0.8,7.0,44.0,0.2,78.0,48.0,0.6,7.0,7.0,9.0,0.8,9.0,9.0,9.0,578372,2021-03-03 18:00:00,2021
Burnley,6.0,0.0,0.0,3.0,5.0,3.0,38.9,12.0,7.0,0.6,0.0,0.0,248.0,351.0,0.7,4.0,23.0,0.2,72.0,32.0,0.4,0.0,4.0,8.0,0.5,9.0,13.0,13.0,Leicester City,12.0,2.0,0.0,2.0,8.0,6.0,61.1,16.0,4.0,0.3,0.0,0.0,469.0,571.0,0.8,4.0,19.0,0.2,64.0,32.0,0.5,6.0,8.0,9.0,0.9,7.0,31.0,31.0,578376,2021-03-03 18:00:00,2021
Crystal Palace,4.0,1.0,0.0,1.0,4.0,1.0,37.0,8.0,2.0,0.3,0.0,0.0,277.0,353.0,0.8,2.0,13.0,0.2,66.0,29.0,0.4,3.0,12.0,19.0,0.6,9.0,25.0,25.0,Manchester United,13.0,0.0,0.0,2.0,6.0,2.0,63.0,11.0,1.0,0.1,0.0,0.0,518.0,600.0,0.9,9.0,25.0,0.4,62.0,45.0,0.7,4.0,4.0,6.0,0.7,10.0,11.0,11.0,578377,2021-03-03 20:15:00,2021
West Bromwich Albion,9.0,3.0,0.0,3.0,3.0,2.0,48.1,11.0,3.0,0.3,0.0,0.0,361.0,450.0,0.8,2.0,25.0,0.1,71.0,33.0,0.5,5.0,4.0,9.0,0.4,15.0,22.0,22.0,Everton,7.0,1.0,0.0,2.0,3.0,3.0,51.9,11.0,3.0,0.3,0.0,0.0,405.0,500.0,0.8,2.0,15.0,0.1,48.0,22.0,0.5,6.0,11.0,20.0,0.6,7.0,31.0,31.0,578374,2021-03-04 18:00:00,2021
Fulham,13.0,2.0,0.0,4.0,4.0,2.0,59.6,11.0,3.0,0.3,0.0,0.0,451.0,544.0,0.8,5.0,23.0,0.2,68.0,28.0,0.4,1.0,7.0,11.0,0.6,14.0,5.0,5.0,Tottenham Hotspur,9.0,1.0,0.0,2.0,1.0,3.0,40.4,9.0,2.0,0.2,0.0,0.0,274.0,378.0,0.7,1.0,5.0,0.2,74.0,32.0,0.4,2.0,10.0,21.0,0.5,7.0,31.0,31.0,578339,2021-03-04 18:00:00,2021
Liverpool,9.0,0.0,0.0,1.0,5.0,3.0,54.2,7.0,1.0,0.1,0.0,0.0,571.0,656.0,0.9,2.0,15.0,0.1,56.0,33.0,0.6,2.0,6.0,14.0,0.4,12.0,14.0,14.0,Chelsea,8.0,0.0,0.0,4.0,2.0,1.0,45.8,11.0,5.0,0.5,0.0,0.0,469.0,549.0,0.9,0.0,12.0,0.0,57.0,25.0,0.4,1.0,14.0,19.0,0.7,11.0,30.0,30.0,578373,2021-03-04 20:15:00,2021
Burnley,5.0,1.0,0.0,2.0,2.0,1.0,41.1,9.0,5.0,0.6,0.0,0.0,302.0,419.0,0.7,1.0,16.0,0.1,91.0,40.0,0.4,0.0,11.0,15.0,0.7,11.0,16.0,16.0,Arsenal,12.0,1.0,0.0,2.0,4.0,4.0,58.9,15.0,3.0,0.2,0.0,0.0,488.0,595.0,0.8,4.0,16.0,0.3,61.0,16.0,0.3,6.0,6.0,12.0,0.5,5.0,17.0,17.0,578391,2021-03-06 12:30:00,2021
Sheffield United,17.0,4.0,0.0,2.0,7.0,5.0,50.9,8.0,2.0,0.3,0.0,0.0,275.0,393.0,0.7,6.0,21.0,0.3,73.0,31.0,0.4,1.0,11.0,16.0,0.7,9.0,21.0,21.0,Southampton,11.0,3.0,0.0,2.0,3.0,2.0,49.1,15.0,7.0,0.5,1.0,1.0,294.0,390.0,0.8,2.0,10.0,0.2,68.0,23.0,0.3,4.0,10.0,17.0,0.6,11.0,23.0,23.0,578399,2021-03-06 15:00:00,2021
Aston Villa,13.0,1.0,0.0,3.0,5.0,2.0,49.2,9.0,1.0,0.1,0.0,0.0,319.0,410.0,0.8,3.0,21.0,0.1,62.0,30.0,0.5,3.0,12.0,23.0,0.5,7.0,16.0,16.0,Wolverhampton Wanderers,13.0,0.0,0.0,0.0,3.0,1.0,50.8,10.0,2.0,0.2,0.0,0.0,350.0,424.0,0.8,5.0,24.0,0.2,65.0,30.0,0.5,2.0,7.0,12.0,0.6,13.0,29.0,29.0,578400,2021-03-06 17:30:00,2021
Brighton & Hove Albion,14.0,0.0,0.0,4.0,6.0,2.0,36.6,7.0,2.0,0.3,0.0,0.0,256.0,340.0,0.8,4.0,16.0,0.3,45.0,18.0,0.4,2.0,20.0,30.0,0.7,9.0,5.0,5.0,Leicester City,8.0,1.0,0.0,1.0,6.0,1.0,63.4,8.0,4.0,0.5,0.0,0.0,520.0,616.0,0.8,3.0,13.0,0.2,59.0,30.0,0.5,0.0,12.0,23.0,0.5,21.0,16.0,16.0,578396,2021-03-06 20:00:00,2021
West Bromwich Albion,11.0,0.0,0.0,1.0,9.0,5.0,52.8,13.0,3.0,0.2,0.0,0.0,295.0,396.0,0.7,8.0,36.0,0.2,78.0,36.0,0.5,4.0,7.0,11.0,0.6,11.0,21.0,21.0,Newcastle United,10.0,0.0,0.0,1.0,7.0,3.0,47.2,9.0,5.0,0.6,0.0,0.0,246.0,365.0,0.7,2.0,20.0,0.1,65.0,19.0,0.3,2.0,9.0,17.0,0.5,11.0,30.0,30.0,578398,2021-03-07 12:00:00,2021
Liverpool,10.0,2.0,0.0,3.0,9.0,2.0,63.1,16.0,3.0,0.2,0.0,0.0,594.0,708.0,0.8,8.0,38.0,0.2,43.0,16.0,0.4,2.0,10.0,13.0,0.8,9.0,13.0,13.0,Fulham,8.0,3.0,0.0,1.0,4.0,3.0,36.9,10.0,3.0,0.3,0.0,0.0,321.0,414.0,0.8,3.0,17.0,0.2,69.0,32.0,0.5,2.0,5.0,15.0,0.3,19.0,42.0,42.0,578394,2021-03-07 14:00:00,2021
Manchester City,9.0,0.0,0.0,0.0,6.0,4.0,65.9,23.0,6.0,0.3,0.0,0.0,643.0,715.0,0.9,4.0,21.0,0.2,25.0,17.0,0.7,7.0,8.0,17.0,0.5,14.0,7.0,7.0,Manchester United,12.0,3.0,0.0,1.0,2.0,6.0,34.1,8.0,6.0,0.8,1.0,1.0,293.0,374.0,0.8,0.0,4.0,0.0,40.0,17.0,0.4,2.0,8.0,13.0,0.6,17.0,20.0,20.0,578397,2021-03-07 16:30:00,2021
Tottenham Hotspur,8.0,2.0,0.0,1.0,1.0,0.0,64.2,12.0,5.0,0.4,0.0,0.0,606.0,690.0,0.9,6.0,13.0,0.5,61.0,36.0,0.6,3.0,17.0,27.0,0.6,19.0,20.0,20.0,Crystal Palace,17.0,3.0,0.0,4.0,5.0,1.0,35.8,5.0,1.0,0.2,0.0,0.0,282.0,373.0,0.8,4.0,17.0,0.2,46.0,20.0,0.4,1.0,13.0,18.0,0.7,7.0,11.0,11.0,578392,2021-03-07 19:15:00,2021
Chelsea,11.0,0.0,0.0,1.0,7.0,1.0,65.5,19.0,9.0,0.5,1.0,1.0,635.0,713.0,0.9,3.0,11.0,0.3,44.0,20.0,0.5,4.0,9.0,18.0,0.5,8.0,11.0,11.0,Everton,12.0,3.0,0.0,0.0,3.0,8.0,34.5,7.0,1.0,0.1,0.0,0.0,298.0,369.0,0.8,1.0,11.0,0.1,56.0,26.0,0.5,2.0,5.0,10.0,0.5,9.0,11.0,11.0,578393,2021-03-08 18:00:00,2021
West Ham United,9.0,1.0,0.0,1.0,6.0,2.0,34.7,16.0,5.0,0.3,0.0,1.0,190.0,276.0,0.7,5.0,15.0,0.3,48.0,13.0,0.3,5.0,8.0,14.0,0.6,18.0,17.0,17.0,Leeds United,9.0,1.0,0.0,1.0,6.0,3.0,65.3,17.0,2.0,0.1,0.0,0.0,441.0,528.0,0.8,5.0,20.0,0.3,55.0,33.0,0.6,5.0,11.0,19.0,0.6,10.0,11.0,11.0,578395,2021-03-08 20:00:00,2021
Manchester City,6.0,1.0,0.0,1.0,5.0,4.0,58.3,17.0,10.0,0.6,0.0,0.0,613.0,673.0,0.9,1.0,8.0,0.1,48.0,33.0,0.7,2.0,5.0,8.0,0.6,8.0,10.0,10.0,Southampton,4.0,0.0,0.0,4.0,5.0,5.0,41.7,11.0,6.0,0.5,1.0,1.0,401.0,481.0,0.8,2.0,7.0,0.3,54.0,24.0,0.4,2.0,15.0,22.0,0.7,13.0,11.0,11.0,578338,2021-03-10 18:00:00,2021
Newcastle United,10.0,2.0,0.0,0.0,2.0,6.0,49.2,12.0,3.0,0.3,0.0,0.0,282.0,392.0,0.7,8.0,27.0,0.3,69.0,30.0,0.4,5.0,12.0,20.0,0.6,10.0,18.0,18.0,Aston Villa,10.0,3.0,0.0,4.0,2.0,3.0,50.8,15.0,6.0,0.4,0.0,0.0,312.0,411.0,0.8,3.0,19.0,0.2,69.0,29.0,0.4,5.0,7.0,16.0,0.4,11.0,30.0,30.0,578381,2021-03-12 20:00:00,2021
Leeds United,16.0,3.0,0.0,5.0,8.0,8.0,37.7,7.0,4.0,0.6,0.0,0.0,241.0,330.0,0.7,3.0,22.0,0.1,45.0,18.0,0.4,3.0,6.0,13.0,0.5,19.0,14.0,14.0,Chelsea,6.0,0.0,0.0,3.0,5.0,4.0,62.3,15.0,8.0,0.5,0.0,0.0,492.0,588.0,0.8,5.0,15.0,0.3,49.0,25.0,0.5,5.0,12.0,17.0,0.7,14.0,20.0,20.0,578384,2021-03-13 12:30:00,2021
Crystal Palace,16.0,3.0,0.0,1.0,3.0,1.0,44.3,6.0,4.0,0.7,1.0,1.0,218.0,324.0,0.7,3.0,7.0,0.4,49.0,13.0,0.3,1.0,13.0,17.0,0.8,4.0,32.0,32.0,West Bromwich Albion,15.0,1.0,0.0,1.0,2.0,3.0,55.7,12.0,1.0,0.1,0.0,0.0,307.0,397.0,0.8,6.0,21.0,0.3,54.0,21.0,0.4,5.0,14.0,19.0,0.7,8.0,20.0,20.0,578389,2021-03-13 15:00:00,2021
Everton,9.0,0.0,0.0,2.0,7.0,3.0,65.5,14.0,4.0,0.3,0.0,0.0,444.0,547.0,0.8,9.0,32.0,0.3,69.0,39.0,0.6,5.0,4.0,8.0,0.5,7.0,12.0,12.0,Burnley,6.0,4.0,0.0,1.0,4.0,3.0,34.5,14.0,5.0,0.4,0.0,0.0,198.0,291.0,0.7,3.0,13.0,0.2,74.0,29.0,0.4,3.0,4.0,6.0,0.7,13.0,28.0,28.0,578383,2021-03-13 17:30:00,2021
Fulham,14.0,0.0,0.0,1.0,4.0,4.0,46.1,3.0,0.0,0.0,0.0,0.0,357.0,444.0,0.8,3.0,17.0,0.2,61.0,29.0,0.5,3.0,7.0,22.0,0.3,8.0,7.0,7.0,Manchester City,13.0,0.0,0.0,3.0,2.0,0.0,53.9,8.0,7.0,0.9,1.0,1.0,449.0,529.0,0.8,2.0,10.0,0.2,59.0,34.0,0.6,0.0,10.0,20.0,0.5,6.0,15.0,15.0,578386,2021-03-13 20:00:00,2021
Southampton,11.0,0.0,0.0,1.0,4.0,4.0,59.4,9.0,4.0,0.4,0.0,0.0,392.0,492.0,0.8,3.0,20.0,0.2,69.0,29.0,0.4,4.0,9.0,13.0,0.7,11.0,18.0,18.0,Brighton & Hove Albion,10.0,0.0,0.0,1.0,5.0,3.0,40.6,8.0,6.0,0.8,0.0,0.0,226.0,330.0,0.7,2.0,18.0,0.1,64.0,31.0,0.5,2.0,9.0,24.0,0.4,11.0,22.0,22.0,578382,2021-03-14 12:00:00,2021
Leicester City,10.0,0.0,0.0,2.0,9.0,0.0,71.7,19.0,10.0,0.5,0.0,0.0,668.0,750.0,0.9,3.0,15.0,0.2,52.0,28.0,0.5,5.0,12.0,19.0,0.6,10.0,10.0,10.0,Sheffield United,9.0,2.0,0.0,0.0,1.0,5.0,28.3,1.0,0.0,0.0,0.0,0.0,207.0,291.0,0.7,2.0,7.0,0.3,49.0,17.0,0.3,0.0,7.0,14.0,0.5,18.0,20.0,20.0,578387,2021-03-14 14:00:00,2021
Arsenal,12.0,1.0,0.0,0.0,6.0,2.0,52.6,13.0,3.0,0.2,1.0,1.0,449.0,519.0,0.9,2.0,26.0,0.1,54.0,28.0,0.5,2.0,11.0,20.0,0.6,11.0,8.0,8.0,Tottenham Hotspur,14.0,2.0,1.0,1.0,3.0,1.0,47.4,6.0,3.0,0.5,0.0,0.0,396.0,482.0,0.8,2.0,11.0,0.2,68.0,35.0,0.5,1.0,13.0,18.0,0.7,6.0,24.0,24.0,578388,2021-03-14 16:30:00,2021
Manchester United,12.0,4.0,0.0,0.0,6.0,0.0,61.8,15.0,4.0,0.3,0.0,0.0,617.0,684.0,0.9,2.0,17.0,0.1,38.0,18.0,0.5,7.0,8.0,13.0,0.6,12.0,14.0,14.0,West Ham United,2.0,0.0,0.0,2.0,3.0,4.0,38.2,7.0,0.0,0.0,0.0,0.0,335.0,411.0,0.8,3.0,19.0,0.2,46.0,19.0,0.4,4.0,7.0,13.0,0.5,10.0,26.0,26.0,578390,2021-03-14 19:15:00,2021
Wolverhampton Wanderers,17.0,2.0,0.0,2.0,3.0,3.0,52.7,10.0,5.0,0.5,0.0,0.0,402.0,508.0,0.8,6.0,29.0,0.2,75.0,44.0,0.6,3.0,11.0,18.0,0.6,21.0,13.0,13.0,Liverpool,10.0,1.0,0.0,1.0,2.0,5.0,47.3,12.0,4.0,0.3,0.0,0.0,354.0,467.0,0.8,3.0,12.0,0.3,49.0,16.0,0.3,3.0,9.0,14.0,0.6,14.0,26.0,26.0,578385,2021-03-15 20:00:00,2021
Fulham,13.0,2.0,0.0,1.0,13.0,2.0,51.2,13.0,6.0,0.5,0.0,0.0,246.0,339.0,0.7,5.0,24.0,0.2,48.0,25.0,0.5,3.0,10.0,20.0,0.5,9.0,32.0,32.0,Leeds United,12.0,2.0,0.0,4.0,7.0,5.0,48.8,13.0,4.0,0.3,0.0,0.0,220.0,319.0,0.7,5.0,19.0,0.3,55.0,18.0,0.3,2.0,16.0,25.0,0.6,9.0,39.0,39.0,578375,2021-03-19 20:00:00,2021
Brighton & Hove Albion,12.0,0.0,0.0,2.0,3.0,1.0,65.3,11.0,6.0,0.5,0.0,0.0,647.0,728.0,0.9,4.0,10.0,0.4,65.0,34.0,0.5,4.0,8.0,16.0,0.5,10.0,4.0,4.0,Newcastle United,5.0,1.0,0.0,1.0,1.0,3.0,34.7,3.0,1.0,0.3,0.0,0.0,304.0,382.0,0.8,1.0,5.0,0.2,60.0,31.0,0.5,0.0,6.0,11.0,0.5,16.0,15.0,15.0,578378,2021-03-20 20:00:00,2021
West Ham United,18.0,3.0,0.0,1.0,3.0,5.0,36.9,15.0,5.0,0.3,0.0,0.0,257.0,348.0,0.7,3.0,19.0,0.2,53.0,19.0,0.4,3.0,5.0,12.0,0.4,12.0,20.0,20.0,Arsenal,8.0,1.0,0.0,0.0,5.0,2.0,63.1,16.0,7.0,0.4,0.0,0.0,525.0,606.0,0.9,6.0,27.0,0.2,39.0,14.0,0.4,5.0,6.0,10.0,0.6,9.0,21.0,21.0,578371,2021-03-21 15:00:00,2021
Aston Villa,18.0,3.0,0.0,1.0,5.0,1.0,50.1,8.0,1.0,0.1,0.0,0.0,322.0,416.0,0.8,3.0,25.0,0.1,49.0,19.0,0.4,5.0,14.0,24.0,0.6,12.0,17.0,17.0,Tottenham Hotspur,13.0,2.0,0.0,1.0,8.0,1.0,49.9,9.0,3.0,0.3,1.0,1.0,333.0,421.0,0.8,3.0,17.0,0.2,48.0,20.0,0.4,3.0,12.0,18.0,0.7,8.0,26.0,26.0,578489,2021-03-21 19:30:00,2021
Chelsea,11.0,1.0,1.0,1.0,10.0,2.0,66.2,18.0,8.0,0.4,0.0,0.0,494.0,581.0,0.9,6.0,18.0,0.3,42.0,18.0,0.4,4.0,7.0,17.0,0.4,10.0,11.0,11.0,West Bromwich Albion,6.0,1.0,0.0,4.0,3.0,5.0,33.8,14.0,7.0,0.5,0.0,0.0,222.0,297.0,0.7,2.0,8.0,0.3,59.0,26.0,0.4,3.0,12.0,19.0,0.6,15.0,24.0,24.0,578369,2021-04-03 11:30:00,2021
Leeds United,12.0,1.0,0.0,1.0,5.0,0.0,54.1,23.0,8.0,0.3,0.0,0.0,387.0,491.0,0.8,1.0,16.0,0.1,50.0,28.0,0.6,6.0,12.0,15.0,0.8,11.0,12.0,12.0,Sheffield United,13.0,2.0,0.0,1.0,7.0,7.0,45.9,9.0,1.0,0.1,0.0,0.0,308.0,410.0,0.8,1.0,18.0,0.1,53.0,22.0,0.4,4.0,9.0,17.0,0.5,11.0,22.0,22.0,578367,2021-04-03 14:00:00,2021
Leicester City,13.0,2.0,0.0,3.0,1.0,2.0,43.8,5.0,2.0,0.4,0.0,0.0,374.0,452.0,0.8,1.0,6.0,0.2,51.0,25.0,0.5,1.0,13.0,19.0,0.7,10.0,12.0,12.0,Manchester City,12.0,3.0,0.0,1.0,1.0,2.0,56.2,11.0,4.0,0.4,0.0,0.0,502.0,571.0,0.9,4.0,18.0,0.2,44.0,30.0,0.7,1.0,7.0,14.0,0.5,13.0,6.0,6.0,578366,2021-04-03 16:30:00,2021
Arsenal,10.0,1.0,0.0,0.0,1.0,4.0,35.8,3.0,2.0,0.7,0.0,0.0,300.0,395.0,0.8,1.0,7.0,0.1,64.0,20.0,0.3,1.0,5.0,21.0,0.2,7.0,24.0,24.0,Liverpool,10.0,1.0,0.0,3.0,2.0,2.0,64.2,16.0,7.0,0.4,0.0,0.0,608.0,703.0,0.9,7.0,21.0,0.3,58.0,28.0,0.5,3.0,11.0,18.0,0.6,6.0,10.0,10.0,578365,2021-04-03 19:00:00,2021
Southampton,11.0,0.0,0.0,0.0,6.0,3.0,53.4,24.0,9.0,0.4,0.0,0.0,324.0,424.0,0.8,3.0,20.0,0.2,56.0,18.0,0.3,12.0,7.0,14.0,0.5,8.0,39.0,39.0,Burnley,10.0,0.0,0.0,1.0,7.0,5.0,46.6,7.0,5.0,0.7,1.0,1.0,243.0,352.0,0.7,3.0,33.0,0.1,75.0,22.0,0.3,0.0,14.0,18.0,0.8,10.0,28.0,28.0,578362,2021-04-04 11:00:00,2021
Newcastle United,13.0,3.0,0.0,1.0,7.0,2.0,41.2,22.0,6.0,0.3,0.0,0.0,257.0,348.0,0.7,8.0,28.0,0.3,79.0,34.0,0.4,9.0,4.0,11.0,0.4,5.0,19.0,19.0,Tottenham Hotspur,14.0,2.0,0.0,3.0,3.0,4.0,58.8,11.0,5.0,0.5,0.0,0.0,427.0,521.0,0.8,2.0,14.0,0.1,53.0,17.0,0.3,2.0,8.0,14.0,0.6,14.0,24.0,24.0,578368,2021-04-04 13:05:00,2021
Aston Villa,14.0,1.0,0.0,5.0,4.0,6.0,52.5,14.0,4.0,0.3,0.0,0.0,334.0,418.0,0.8,7.0,23.0,0.3,67.0,32.0,0.5,5.0,7.0,15.0,0.5,14.0,11.0,11.0,Fulham,20.0,2.0,0.0,2.0,4.0,1.0,47.5,15.0,7.0,0.5,0.0,0.0,288.0,384.0,0.8,4.0,11.0,0.4,55.0,25.0,0.5,3.0,13.0,23.0,0.6,4.0,25.0,25.0,578364,2021-04-04 15:30:00,2021
Manchester United,14.0,2.0,0.0,0.0,5.0,2.0,57.7,15.0,7.0,0.5,0.0,0.0,510.0,604.0,0.8,4.0,21.0,0.2,39.0,20.0,0.5,2.0,7.0,13.0,0.5,13.0,17.0,17.0,Brighton & Hove Albion,7.0,2.0,0.0,2.0,6.0,5.0,42.3,5.0,3.0,0.6,0.0,0.0,336.0,436.0,0.8,3.0,18.0,0.2,47.0,13.0,0.3,2.0,8.0,20.0,0.4,19.0,19.0,19.0,578361,2021-04-04 18:30:00,2021
Everton,10.0,2.0,0.0,2.0,3.0,5.0,47.5,15.0,7.0,0.5,0.0,0.0,368.0,459.0,0.8,6.0,16.0,0.4,64.0,36.0,0.6,1.0,9.0,16.0,0.6,9.0,19.0,19.0,Crystal Palace,10.0,0.0,0.0,1.0,4.0,6.0,52.5,13.0,6.0,0.5,0.0,0.0,425.0,512.0,0.8,1.0,14.0,0.1,58.0,26.0,0.4,3.0,13.0,17.0,0.8,8.0,10.0,10.0,578363,2021-04-05 17:00:00,2021
Wolverhampton Wanderers,0.0,0.0,0.0,0.0,0.0,0.0,0.0,0.0,0.0,0.0,0.0,0.0,0.0,0.0,0.0,0.0,0.0,0.0,0.0,0.0,0.0,0.0,0.0,0.0,0.0,0.0,0.0,0.0,West Ham United,0.0,0.0,0.0,0.0,0.0,0.0,0.0,0.0,0.0,0.0,0.0,0.0,0.0,0.0,0.0,0.0,0.0,0.0,0.0,0.0,0.0,0.0,0.0,0.0,0.0,0.0,0.0,0.0,578370,2021-04-05 19:15:00,2021
Fulham,11.0,0.0,0.0,3.0,3.0,2.0,49.6,14.0,3.0,0.2,0.0,0.0,369.0,439.0,0.8,9.0,28.0,0.3,69.0,39.0,0.6,4.0,8.0,18.0,0.4,9.0,10.0,10.0,Wolverhampton Wanderers,8.0,0.0,0.0,1.0,4.0,3.0,50.4,7.0,3.0,0.4,0.0,0.0,376.0,452.0,0.8,6.0,20.0,0.3,60.0,26.0,0.4,0.0,8.0,19.0,0.4,13.0,23.0,23.0,578360,2021-04-09 19:00:00,2021
Manchester City,12.0,3.0,0.0,2.0,9.0,0.0,71.1,29.0,7.0,0.2,0.0,0.0,556.0,621.0,0.9,8.0,36.0,0.2,23.0,12.0,0.5,11.0,6.0,8.0,0.8,6.0,6.0,6.0,Leeds United,15.0,1.0,1.0,3.0,3.0,6.0,28.9,2.0,2.0,1.0,0.0,0.0,173.0,252.0,0.7,1.0,9.0,0.1,57.0,22.0,0.4,0.0,6.0,16.0,0.4,8.0,35.0,35.0,578355,2021-04-10 11:30:00,2021
Liverpool,0.0,0.0,0.0,0.0,0.0,0.0,0.0,0.0,0.0,0.0,0.0,0.0,0.0,0.0,0.0,0.0,0.0,0.0,0.0,0.0,0.0,0.0,0.0,0.0,0.0,0.0,0.0,0.0,Aston Villa,0.0,0.0,0.0,0.0,0.0,0.0,0.0,0.0,0.0,0.0,0.0,0.0,0.0,0.0,0.0,0.0,0.0,0.0,0.0,0.0,0.0,0.0,0.0,0.0,0.0,0.0,0.0,0.0,578352,2021-04-10 14:00:00,2021
Crystal Palace,7.0,1.0,0.0,1.0,0.0,5.0,35.7,1.0,1.0,1.0,0.0,0.0,336.0,434.0,0.8,2.0,10.0,0.2,56.0,26.0,0.5,0.0,5.0,14.0,0.4,14.0,17.0,17.0,Chelsea,12.0,0.0,0.0,2.0,8.0,0.0,64.3,23.0,10.0,0.4,0.0,0.0,699.0,782.0,0.9,11.0,25.0,0.4,51.0,30.0,0.6,7.0,14.0,20.0,0.7,9.0,9.0,9.0,578353,2021-04-10 16:30:00,2021
Burnley,11.0,1.0,0.0,0.0,13.0,2.0,57.1,24.0,4.0,0.2,0.0,0.0,343.0,445.0,0.8,9.0,45.0,0.2,88.0,47.0,0.5,6.0,6.0,12.0,0.5,10.0,9.0,9.0,Newcastle United,12.0,0.0,0.0,2.0,3.0,4.0,42.9,10.0,5.0,0.5,0.0,0.0,228.0,342.0,0.7,7.0,18.0,0.4,78.0,26.0,0.3,3.0,5.0,10.0,0.5,9.0,41.0,41.0,578358,2021-04-11 11:00:00,2021
West Ham United,7.0,3.0,0.0,3.0,1.0,2.0,36.3,4.0,4.0,1.0,0.0,0.0,267.0,365.0,0.7,1.0,8.0,0.1,66.0,23.0,0.3,0.0,5.0,10.0,0.5,15.0,23.0,23.0,Leicester City,13.0,3.0,0.0,1.0,9.0,1.0,63.7,15.0,5.0,0.3,0.0,0.0,527.0,629.0,0.8,6.0,31.0,0.2,62.0,30.0,0.5,5.0,8.0,13.0,0.6,12.0,8.0,8.0,578356,2021-04-11 13:05:00,2021
Tottenham Hotspur,11.0,1.0,0.0,3.0,7.0,4.0,46.8,12.0,3.0,0.3,0.0,0.0,356.0,439.0,0.8,1.0,18.0,0.1,49.0,22.0,0.4,3.0,13.0,21.0,0.6,11.0,14.0,14.0,Manchester United,15.0,5.0,0.0,1.0,5.0,2.0,53.2,12.0,7.0,0.6,0.0,0.0,422.0,503.0,0.8,5.0,22.0,0.2,50.0,23.0,0.5,3.0,11.0,19.0,0.6,14.0,16.0,16.0,578357,2021-04-11 15:30:00,2021
Sheffield United,9.0,1.0,0.0,2.0,2.0,2.0,45.1,7.0,2.0,0.3,0.0,0.0,397.0,469.0,0.8,1.0,9.0,0.1,54.0,25.0,0.5,3.0,7.0,16.0,0.4,5.0,19.0,19.0,Arsenal,6.0,1.0,0.0,3.0,4.0,2.0,54.9,14.0,5.0,0.4,0.0,0.0,514.0,577.0,0.9,2.0,9.0,0.2,35.0,21.0,0.6,6.0,7.0,12.0,0.6,2.0,11.0,11.0,578351,2021-04-11 18:00:00,2021
West Bromwich Albion,0.0,0.0,0.0,0.0,0.0,0.0,0.0,0.0,0.0,0.0,0.0,0.0,0.0,0.0,0.0,0.0,0.0,0.0,0.0,0.0,0.0,0.0,0.0,0.0,0.0,0.0,0.0,0.0,Southampton,0.0,0.0,0.0,0.0,0.0,0.0,0.0,0.0,0.0,0.0,0.0,0.0,0.0,0.0,0.0,0.0,0.0,0.0,0.0,0.0,0.0,0.0,0.0,0.0,0.0,0.0,0.0,0.0,578359,2021-04-12 17:00:00,2021
Brighton & Hove Albion,12.0,1.0,0.0,0.0,10.0,1.0,55.2,23.0,3.0,0.1,0.0,0.0,410.0,503.0,0.8,2.0,16.0,0.1,53.0,31.0,0.6,10.0,12.0,18.0,0.7,11.0,16.0,16.0,Everton,7.0,2.0,0.0,1.0,3.0,3.0,44.8,8.0,1.0,0.1,0.0,0.0,311.0,400.0,0.8,3.0,14.0,0.2,58.0,32.0,0.6,1.0,6.0,7.0,0.9,19.0,21.0,21.0,578354,2021-04-12 19:15:00,2021
Everton,8.0,1.0,0.0,2.0,6.0,1.0,52.8,18.0,7.0,0.4,1.0,1.0,394.0,502.0,0.8,3.0,11.0,0.3,59.0,21.0,0.4,3.0,12.0,22.0,0.5,8.0,22.0,22.0,Tottenham Hotspur,8.0,1.0,0.0,0.0,3.0,5.0,47.2,12.0,3.0,0.3,0.0,0.0,339.0,450.0,0.8,2.0,10.0,0.2,62.0,24.0,0.4,5.0,10.0,19.0,0.5,7.0,13.0,13.0,578348,2021-04-16 19:00:00,2021
Newcastle United,9.0,2.0,0.0,2.0,3.0,4.0,34.6,16.0,8.0,0.5,0.0,0.0,204.0,272.0,0.8,1.0,9.0,0.1,44.0,20.0,0.5,7.0,10.0,16.0,0.6,11.0,33.0,33.0,West Ham United,7.0,0.0,1.0,0.0,8.0,4.0,65.4,16.0,6.0,0.4,1.0,1.0,432.0,510.0,0.8,6.0,27.0,0.2,49.0,25.0,0.5,6.0,7.0,11.0,0.6,9.0,7.0,7.0,578350,2021-04-17 11:30:00,2021
Wolverhampton Wanderers,8.0,1.0,0.0,2.0,3.0,2.0,47.5,10.0,5.0,0.5,0.0,0.0,407.0,479.0,0.9,5.0,14.0,0.4,63.0,32.0,0.5,2.0,9.0,15.0,0.6,10.0,21.0,21.0,Sheffield United,15.0,2.0,0.0,2.0,3.0,3.0,52.5,8.0,2.0,0.3,0.0,0.0,445.0,512.0,0.9,7.0,28.0,0.3,45.0,27.0,0.6,4.0,11.0,19.0,0.6,6.0,9.0,9.0,578347,2021-04-17 19:15:00,2021
Arsenal,9.0,0.0,0.0,5.0,11.0,0.0,69.5,18.0,5.0,0.3,0.0,0.0,558.0,633.0,0.9,8.0,30.0,0.3,32.0,17.0,0.5,5.0,8.0,18.0,0.4,8.0,6.0,6.0,Fulham,11.0,3.0,0.0,0.0,1.0,4.0,30.5,3.0,1.0,0.3,1.0,1.0,212.0,286.0,0.7,0.0,6.0,0.0,50.0,15.0,0.3,2.0,8.0,12.0,0.7,11.0,32.0,32.0,578344,2021-04-18 12:30:00,2021
Manchester United,9.0,1.0,0.0,2.0,8.0,2.0,69.4,17.0,9.0,0.5,0.0,0.0,540.0,610.0,0.9,7.0,20.0,0.4,57.0,32.0,0.6,4.0,9.0,13.0,0.7,4.0,16.0,16.0,Burnley,12.0,2.0,0.0,4.0,3.0,5.0,30.6,10.0,3.0,0.3,0.0,0.0,196.0,266.0,0.7,3.0,13.0,0.2,54.0,24.0,0.4,3.0,6.0,15.0,0.4,12.0,29.0,29.0,578342,2021-04-18 15:00:00,2021
Leeds United,7.0,2.0,0.0,0.0,10.0,6.0,61.9,12.0,5.0,0.4,0.0,0.0,440.0,525.0,0.8,4.0,26.0,0.2,74.0,41.0,0.6,3.0,13.0,23.0,0.6,10.0,17.0,17.0,Liverpool,15.0,1.0,0.0,4.0,8.0,4.0,38.1,17.0,7.0,0.4,0.0,0.0,250.0,322.0,0.8,4.0,17.0,0.2,42.0,23.0,0.5,4.0,10.0,15.0,0.7,10.0,29.0,29.0,578345,2021-04-19 19:00:00,2021
Chelsea,8.0,2.0,0.0,3.0,0.0,2.0,64.4,7.0,4.0,0.6,0.0,0.0,654.0,740.0,0.9,3.0,11.0,0.3,37.0,13.0,0.4,1.0,2.0,8.0,0.3,10.0,9.0,9.0,Brighton & Hove Albion,9.0,0.0,1.0,0.0,3.0,4.0,35.6,11.0,2.0,0.2,0.0,0.0,313.0,410.0,0.8,0.0,9.0,0.0,66.0,28.0,0.4,5.0,12.0,25.0,0.5,15.0,6.0,6.0,578341,2021-04-20 19:15:00,2021
Tottenham Hotspur,10.0,2.0,0.0,2.0,5.0,4.0,61.7,12.0,3.0,0.3,1.0,1.0,509.0,610.0,0.8,4.0,11.0,0.4,47.0,15.0,0.3,4.0,10.0,18.0,0.6,8.0,13.0,13.0,Southampton,14.0,1.0,0.0,0.0,5.0,1.0,38.3,10.0,5.0,0.5,0.0,0.0,276.0,371.0,0.7,4.0,13.0,0.3,50.0,18.0,0.4,2.0,15.0,29.0,0.5,7.0,16.0,16.0,578379,2021-04-21 17:00:00,2021
Aston Villa,12.0,0.0,1.0,1.0,1.0,1.0,28.0,8.0,3.0,0.4,0.0,0.0,239.0,304.0,0.8,5.0,14.0,0.4,52.0,19.0,0.4,2.0,6.0,12.0,0.5,5.0,20.0,20.0,Manchester City,7.0,1.0,1.0,2.0,11.0,2.0,72.0,13.0,3.0,0.2,0.0,0.0,740.0,806.0,0.9,4.0,20.0,0.2,40.0,25.0,0.6,3.0,2.0,5.0,0.4,4.0,7.0,7.0,578346,2021-04-21 19:15:00,2021
Leicester City,13.0,0.0,0.0,1.0,7.0,1.0,72.7,17.0,7.0,0.4,0.0,0.0,607.0,706.0,0.9,0.0,10.0,0.0,48.0,25.0,0.5,5.0,15.0,19.0,0.8,12.0,7.0,7.0,West Bromwich Albion,12.0,2.0,0.0,0.0,3.0,4.0,27.3,4.0,1.0,0.3,0.0,0.0,162.0,255.0,0.6,2.0,10.0,0.2,54.0,22.0,0.4,0.0,7.0,10.0,0.7,10.0,18.0,18.0,578349,2021-04-22 19:00:00,2021
Arsenal,13.0,1.0,0.0,2.0,7.0,1.0,59.1,14.0,3.0,0.2,0.0,0.0,574.0,627.0,0.9,7.0,27.0,0.3,48.0,33.0,0.7,8.0,4.0,10.0,0.4,9.0,10.0,10.0,Everton,10.0,3.0,0.0,1.0,3.0,3.0,40.9,8.0,1.0,0.1,0.0,0.0,358.0,438.0,0.8,1.0,11.0,0.1,55.0,23.0,0.4,4.0,14.0,19.0,0.7,8.0,18.0,18.0,578335,2021-04-23 19:00:00,2021
Liverpool,9.0,2.0,0.0,1.0,6.0,3.0,68.5,22.0,9.0,0.4,0.0,0.0,718.0,793.0,0.9,7.0,17.0,0.4,29.0,21.0,0.7,5.0,10.0,21.0,0.5,8.0,14.0,14.0,Newcastle United,7.0,1.0,0.0,4.0,3.0,8.0,31.5,7.0,4.0,0.6,0.0,0.0,282.0,350.0,0.8,4.0,16.0,0.3,66.0,35.0,0.5,2.0,5.0,15.0,0.3,12.0,15.0,15.0,578337,2021-04-24 11:30:00,2021
West Ham United,9.0,0.0,1.0,3.0,4.0,5.0,44.5,9.0,2.0,0.2,0.0,0.0,344.0,447.0,0.8,1.0,17.0,0.1,50.0,16.0,0.3,3.0,7.0,18.0,0.4,13.0,14.0,14.0,Chelsea,11.0,4.0,0.0,3.0,2.0,2.0,55.5,17.0,6.0,0.4,0.0,0.0,476.0,566.0,0.8,2.0,9.0,0.2,48.0,21.0,0.4,5.0,14.0,22.0,0.6,9.0,23.0,23.0,578333,2021-04-24 16:30:00,2021
Sheffield United,13.0,3.0,0.0,0.0,2.0,4.0,31.5,7.0,3.0,0.4,0.0,0.0,200.0,295.0,0.7,1.0,12.0,0.1,57.0,14.0,0.2,3.0,16.0,24.0,0.7,6.0,25.0,25.0,Brighton & Hove Albion,7.0,0.0,0.0,1.0,12.0,2.0,68.5,17.0,4.0,0.2,0.0,0.0,556.0,640.0,0.9,6.0,24.0,0.3,67.0,42.0,0.6,5.0,4.0,10.0,0.4,8.0,11.0,11.0,578331,2021-04-24 19:00:00,2021
Wolverhampton Wanderers,8.0,1.0,0.0,2.0,8.0,3.0,59.2,12.0,2.0,0.2,0.0,0.0,369.0,474.0,0.8,5.0,27.0,0.2,69.0,28.0,0.4,5.0,11.0,16.0,0.7,13.0,16.0,16.0,Burnley,9.0,2.0,0.0,2.0,5.0,2.0,40.8,14.0,7.0,0.5,0.0,0.0,233.0,325.0,0.7,6.0,21.0,0.3,67.0,25.0,0.4,1.0,10.0,15.0,0.7,12.0,13.0,13.0,578332,2021-04-25 11:00:00,2021
Leeds United,21.0,4.0,0.0,2.0,2.0,4.0,44.2,6.0,3.0,0.5,0.0,0.0,299.0,385.0,0.8,2.0,13.0,0.2,52.0,18.0,0.3,2.0,17.0,30.0,0.6,8.0,17.0,17.0,Manchester United,11.0,1.0,0.0,0.0,6.0,3.0,55.8,16.0,4.0,0.3,0.0,0.0,413.0,483.0,0.9,6.0,22.0,0.3,37.0,20.0,0.5,5.0,11.0,16.0,0.7,10.0,14.0,14.0,578336,2021-04-25 13:00:00,2021
Aston Villa,14.0,0.0,0.0,2.0,11.0,3.0,70.2,24.0,11.0,0.5,1.0,1.0,468.0,551.0,0.8,11.0,42.0,0.3,51.0,29.0,0.6,6.0,6.0,13.0,0.5,7.0,14.0,14.0,West Bromwich Albion,9.0,2.0,0.0,1.0,4.0,9.0,29.8,10.0,4.0,0.4,1.0,1.0,139.0,240.0,0.6,5.0,13.0,0.4,63.0,15.0,0.2,1.0,5.0,10.0,0.5,8.0,28.0,28.0,578340,2021-04-25 18:00:00,2021
Leicester City,0.0,0.0,0.0,0.0,0.0,0.0,0.0,0.0,0.0,0.0,0.0,0.0,0.0,0.0,0.0,0.0,0.0,0.0,0.0,0.0,0.0,0.0,0.0,0.0,0.0,0.0,0.0,0.0,Crystal Palace,0.0,0.0,0.0,0.0,0.0,0.0,0.0,0.0,0.0,0.0,0.0,0.0,0.0,0.0,0.0,0.0,0.0,0.0,0.0,0.0,0.0,0.0,0.0,0.0,0.0,0.0,0.0,0.0,578334,2021-04-26 19:00:00,2021
Southampton,9.0,1.0,1.0,1.0,0.0,8.0,29.2,5.0,3.0,0.6,1.0,1.0,179.0,272.0,0.7,0.0,2.0,0.0,58.0,17.0,0.3,2.0,7.0,14.0,0.5,8.0,32.0,32.0,Leicester City,13.0,0.0,0.0,5.0,10.0,2.0,70.8,23.0,9.0,0.4,0.0,0.0,534.0,633.0,0.8,9.0,32.0,0.3,39.0,17.0,0.4,5.0,10.0,19.0,0.5,3.0,5.0,5.0,578325,2021-04-30 19:00:00,2021
Crystal Palace,9.0,2.0,0.0,3.0,2.0,1.0,30.0,9.0,4.0,0.4,0.0,0.0,215.0,294.0,0.7,2.0,10.0,0.2,50.0,19.0,0.4,1.0,12.0,18.0,0.7,19.0,18.0,18.0,Manchester City,10.0,0.0,0.0,1.0,6.0,4.0,70.0,20.0,3.0,0.2,0.0,0.0,610.0,696.0,0.9,4.0,18.0,0.2,65.0,49.0,0.8,7.0,11.0,20.0,0.6,12.0,10.0,10.0,578327,2021-05-01 11:30:00,2021
Brighton & Hove Albion,17.0,1.0,0.0,0.0,2.0,2.0,41.9,17.0,5.0,0.3,1.0,1.0,281.0,351.0,0.8,5.0,11.0,0.5,55.0,33.0,0.6,4.0,6.0,11.0,0.5,11.0,25.0,25.0,Leeds United,6.0,1.0,0.0,1.0,9.0,3.0,58.1,11.0,2.0,0.2,0.0,0.0,385.0,466.0,0.8,4.0,29.0,0.1,48.0,23.0,0.5,4.0,11.0,17.0,0.6,7.0,13.0,13.0,578324,2021-05-01 14:00:00,2021
Chelsea,15.0,1.0,0.0,7.0,1.0,3.0,48.7,9.0,5.0,0.6,0.0,0.0,435.0,511.0,0.9,0.0,3.0,0.0,49.0,29.0,0.6,3.0,11.0,24.0,0.5,4.0,25.0,25.0,Fulham,8.0,1.0,0.0,1.0,8.0,3.0,51.3,10.0,3.0,0.3,0.0,0.0,446.0,521.0,0.9,3.0,21.0,0.1,33.0,21.0,0.6,3.0,15.0,21.0,0.7,8.0,8.0,8.0,578323,2021-05-01 16:30:00,2021
Everton,10.0,0.0,0.0,2.0,3.0,3.0,47.5,16.0,3.0,0.2,0.0,0.0,345.0,421.0,0.8,3.0,18.0,0.2,58.0,29.0,0.5,6.0,13.0,20.0,0.7,7.0,15.0,15.0,Aston Villa,13.0,2.0,0.0,2.0,6.0,2.0,52.5,13.0,5.0,0.4,0.0,0.0,384.0,469.0,0.8,4.0,16.0,0.3,69.0,32.0,0.5,3.0,9.0,15.0,0.6,7.0,18.0,18.0,578322,2021-05-01 19:00:00,2021
Newcastle United,10.0,2.0,1.0,1.0,3.0,2.0,38.6,5.0,1.0,0.2,0.0,0.0,345.0,396.0,0.9,3.0,20.0,0.2,52.0,28.0,0.5,1.0,6.0,12.0,0.5,7.0,13.0,13.0,Arsenal,9.0,1.0,0.0,1.0,7.0,1.0,61.4,19.0,5.0,0.3,0.0,0.0,582.0,641.0,0.9,10.0,17.0,0.6,46.0,32.0,0.7,4.0,1.0,6.0,0.2,9.0,12.0,12.0,578321,2021-05-02 13:00:00,2021
Tottenham Hotspur,8.0,1.0,0.0,3.0,6.0,1.0,65.8,20.0,11.0,0.6,0.0,0.0,650.0,715.0,0.9,3.0,15.0,0.2,37.0,24.0,0.6,3.0,6.0,11.0,0.5,8.0,13.0,13.0,Sheffield United,9.0,1.0,0.0,0.0,6.0,6.0,34.2,8.0,1.0,0.1,0.0,0.0,275.0,356.0,0.8,6.0,19.0,0.3,48.0,18.0,0.4,4.0,7.0,13.0,0.5,8.0,14.0,14.0,578328,2021-05-02 18:15:00,2021
West Bromwich Albion,17.0,2.0,0.0,1.0,5.0,9.0,42.4,10.0,4.0,0.4,0.0,0.0,246.0,339.0,0.7,5.0,20.0,0.3,62.0,26.0,0.4,1.0,8.0,21.0,0.4,10.0,18.0,18.0,Wolverhampton Wanderers,11.0,0.0,0.0,2.0,6.0,2.0,57.6,20.0,10.0,0.5,0.0,0.0,361.0,467.0,0.8,7.0,21.0,0.3,58.0,21.0,0.4,4.0,13.0,20.0,0.7,7.0,16.0,16.0,578330,2021-05-03 17:00:00,2021
Burnley,4.0,2.0,0.0,2.0,5.0,2.0,44.6,8.0,3.0,0.4,1.0,1.0,304.0,426.0,0.7,3.0,29.0,0.1,103.0,39.0,0.4,2.0,2.0,8.0,0.3,12.0,15.0,15.0,West Ham United,8.0,1.0,0.0,2.0,4.0,1.0,55.4,22.0,4.0,0.2,0.0,0.0,427.0,544.0,0.8,7.0,24.0,0.3,66.0,25.0,0.4,6.0,6.0,10.0,0.6,11.0,31.0,31.0,578329,2021-05-03 19:15:00,2021
Leicester City,12.0,1.0,0.0,2.0,9.0,2.0,68.3,25.0,9.0,0.4,0.0,0.0,517.0,596.0,0.9,11.0,32.0,0.3,56.0,36.0,0.6,9.0,9.0,13.0,0.7,12.0,14.0,14.0,Newcastle United,9.0,1.0,0.0,1.0,6.0,7.0,31.7,14.0,6.0,0.4,0.0,0.0,195.0,274.0,0.7,3.0,14.0,0.2,52.0,20.0,0.4,4.0,5.0,9.0,0.6,6.0,38.0,38.0,578317,2021-05-07 19:00:00,2021
Leeds United,12.0,1.0,0.0,1.0,8.0,2.0,53.3,16.0,7.0,0.4,0.0,0.0,352.0,442.0,0.8,6.0,28.0,0.2,42.0,18.0,0.4,4.0,10.0,20.0,0.5,13.0,21.0,21.0,Tottenham Hotspur,10.0,2.0,0.0,2.0,6.0,5.0,46.7,11.0,3.0,0.3,0.0,0.0,296.0,395.0,0.7,2.0,15.0,0.1,60.0,19.0,0.3,4.0,8.0,15.0,0.5,6.0,17.0,17.0,578319,2021-05-08 11:30:00,2021
Sheffield United,11.0,1.0,0.0,2.0,5.0,6.0,49.8,7.0,0.0,0.0,0.0,0.0,333.0,412.0,0.8,6.0,19.0,0.3,64.0,35.0,0.5,1.0,13.0,22.0,0.6,9.0,18.0,18.0,Crystal Palace,8.0,1.0,0.0,1.0,11.0,0.0,50.2,21.0,8.0,0.4,0.0,0.0,333.0,423.0,0.8,5.0,15.0,0.3,50.0,19.0,0.4,6.0,14.0,21.0,0.7,8.0,11.0,11.0,578314,2021-05-08 14:00:00,2021
Manchester City,12.0,2.0,0.0,1.0,6.0,3.0,48.3,16.0,4.0,0.3,0.0,1.0,489.0,537.0,0.9,2.0,16.0,0.1,42.0,23.0,0.5,6.0,10.0,18.0,0.6,9.0,11.0,11.0,Chelsea,10.0,0.0,0.0,5.0,2.0,3.0,51.7,12.0,5.0,0.4,0.0,0.0,523.0,580.0,0.9,2.0,12.0,0.2,31.0,19.0,0.6,3.0,9.0,15.0,0.6,3.0,11.0,11.0,578313,2021-05-08 16:30:00,2021
Liverpool,10.0,0.0,0.0,4.0,8.0,6.0,54.1,14.0,6.0,0.4,0.0,0.0,486.0,557.0,0.9,5.0,26.0,0.2,59.0,41.0,0.7,3.0,7.0,15.0,0.5,8.0,15.0,15.0,Southampton,6.0,1.0,0.0,1.0,4.0,4.0,45.9,12.0,6.0,0.5,0.0,0.0,401.0,480.0,0.8,3.0,17.0,0.2,58.0,32.0,0.6,2.0,7.0,18.0,0.4,6.0,18.0,18.0,578318,2021-05-08 19:15:00,2021
Wolverhampton Wanderers,12.0,2.0,0.0,0.0,10.0,2.0,60.7,16.0,6.0,0.4,0.0,0.0,506.0,569.0,0.9,1.0,25.0,0.0,50.0,32.0,0.6,7.0,8.0,14.0,0.6,9.0,12.0,12.0,Brighton & Hove Albion,7.0,2.0,2.0,2.0,5.0,4.0,39.3,5.0,3.0,0.6,0.0,0.0,307.0,373.0,0.8,3.0,10.0,0.3,55.0,31.0,0.6,1.0,10.0,15.0,0.7,12.0,27.0,27.0,578311,2021-05-09 11:00:00,2021
Aston Villa,13.0,1.0,1.0,0.0,5.0,4.0,41.1,11.0,5.0,0.5,0.0,0.0,307.0,383.0,0.8,2.0,16.0,0.1,57.0,19.0,0.3,3.0,5.0,14.0,0.4,10.0,20.0,20.0,Manchester United,18.0,1.0,0.0,0.0,6.0,5.0,58.9,18.0,7.0,0.4,1.0,1.0,483.0,563.0,0.9,4.0,19.0,0.2,49.0,30.0,0.6,7.0,7.0,10.0,0.7,11.0,19.0,19.0,578316,2021-05-09 13:05:00,2021
West Ham United,8.0,2.0,0.0,2.0,5.0,2.0,68.6,11.0,0.0,0.0,0.0,0.0,546.0,606.0,0.9,6.0,40.0,0.2,38.0,17.0,0.4,5.0,10.0,16.0,0.6,3.0,11.0,11.0,Everton,10.0,1.0,0.0,2.0,6.0,0.0,31.4,9.0,3.0,0.3,0.0,0.0,206.0,278.0,0.7,3.0,14.0,0.2,51.0,19.0,0.4,2.0,15.0,24.0,0.6,6.0,34.0,34.0,578315,2021-05-09 15:30:00,2021
Arsenal,7.0,1.0,0.0,1.0,6.0,0.0,65.7,15.0,7.0,0.5,0.0,0.0,497.0,576.0,0.9,3.0,16.0,0.2,42.0,15.0,0.4,3.0,8.0,11.0,0.7,12.0,25.0,25.0,West Bromwich Albion,9.0,2.0,0.0,2.0,6.0,4.0,34.3,12.0,1.0,0.1,0.0,0.0,210.0,288.0,0.7,6.0,23.0,0.3,65.0,26.0,0.4,4.0,11.0,14.0,0.8,13.0,12.0,12.0,578320,2021-05-09 18:00:00,2021
Fulham,11.0,2.0,0.0,4.0,8.0,3.0,68.0,21.0,3.0,0.1,0.0,0.0,393.0,521.0,0.8,9.0,34.0,0.3,75.0,29.0,0.4,7.0,8.0,16.0,0.5,11.0,13.0,13.0,Burnley,10.0,0.0,0.0,1.0,4.0,3.0,32.0,14.0,5.0,0.4,0.0,0.0,121.0,253.0,0.5,5.0,9.0,0.6,87.0,22.0,0.3,3.0,9.0,17.0,0.5,11.0,42.0,42.0,578312,2021-05-10 19:00:00,2021
Manchester United,9.0,0.0,0.0,3.0,3.0,1.0,53.1,4.0,1.0,0.3,0.0,0.0,462.0,561.0,0.8,2.0,9.0,0.2,46.0,24.0,0.5,0.0,7.0,12.0,0.6,8.0,14.0,14.0,Leicester City,12.0,0.0,0.0,0.0,4.0,0.0,46.9,12.0,3.0,0.3,0.0,0.0,404.0,491.0,0.8,5.0,16.0,0.3,47.0,21.0,0.4,6.0,8.0,17.0,0.5,13.0,9.0,9.0,578306,2021-05-11 17:00:00,2021
Southampton,20.0,2.0,0.0,1.0,12.0,3.0,62.7,13.0,6.0,0.5,0.0,0.0,463.0,531.0,0.9,1.0,19.0,0.1,38.0,22.0,0.6,4.0,9.0,13.0,0.7,3.0,22.0,22.0,Crystal Palace,13.0,3.0,0.0,2.0,8.0,3.0,37.3,11.0,4.0,0.4,0.0,1.0,237.0,311.0,0.8,2.0,15.0,0.1,45.0,27.0,0.6,5.0,10.0,17.0,0.6,16.0,17.0,17.0,578343,2021-05-11 19:15:00,2021
Chelsea,7.0,0.0,0.0,4.0,9.0,2.0,67.7,19.0,5.0,0.3,0.0,0.0,686.0,765.0,0.9,10.0,32.0,0.3,39.0,18.0,0.5,5.0,4.0,4.0,1.0,6.0,5.0,5.0,Arsenal,6.0,1.0,0.0,2.0,1.0,4.0,32.3,5.0,2.0,0.4,0.0,0.0,293.0,369.0,0.8,3.0,9.0,0.3,46.0,14.0,0.3,2.0,8.0,14.0,0.6,8.0,37.0,37.0,578302,2021-05-12 19:15:00,2021
Aston Villa,9.0,2.0,0.0,0.0,9.0,5.0,58.0,13.0,2.0,0.2,0.0,0.0,421.0,502.0,0.8,4.0,20.0,0.2,58.0,33.0,0.6,4.0,5.0,7.0,0.7,6.0,16.0,16.0,Everton,12.0,1.0,0.0,2.0,1.0,2.0,42.0,15.0,5.0,0.3,0.0,0.0,295.0,362.0,0.8,6.0,18.0,0.3,49.0,30.0,0.6,1.0,4.0,9.0,0.4,8.0,17.0,17.0,578475,2021-05-13 17:00:00,2021
Manchester United,10.0,3.0,0.0,1.0,6.0,4.0,53.3,18.0,3.0,0.2,0.0,0.0,403.0,511.0,0.8,8.0,21.0,0.4,62.0,32.0,0.5,7.0,13.0,22.0,0.6,9.0,12.0,12.0,Liverpool,12.0,0.0,0.0,1.0,4.0,0.0,46.7,17.0,8.0,0.5,0.0,0.0,358.0,454.0,0.8,2.0,9.0,0.2,51.0,15.0,0.3,4.0,9.0,16.0,0.6,12.0,18.0,18.0,578326,2021-05-13 19:15:00,2021
Newcastle United,11.0,2.0,0.0,0.0,4.0,2.0,17.9,11.0,5.0,0.5,1.0,2.0,132.0,195.0,0.7,5.0,11.0,0.5,33.0,9.0,0.3,3.0,5.0,13.0,0.4,7.0,21.0,21.0,Manchester City,10.0,2.0,0.0,0.0,5.0,2.0,82.1,15.0,6.0,0.4,0.0,0.0,871.0,925.0,0.9,3.0,22.0,0.1,30.0,23.0,0.8,2.0,9.0,21.0,0.4,4.0,13.0,13.0,578304,2021-05-14 19:00:00,2021
Burnley,10.0,1.0,0.0,2.0,6.0,2.0,48.2,16.0,4.0,0.3,0.0,0.0,321.0,418.0,0.8,3.0,19.0,0.2,79.0,36.0,0.5,4.0,8.0,12.0,0.7,13.0,20.0,20.0,Leeds United,10.0,1.0,0.0,6.0,8.0,4.0,51.8,16.0,6.0,0.4,0.0,0.0,336.0,440.0,0.8,3.0,21.0,0.1,73.0,26.0,0.4,5.0,6.0,11.0,0.5,8.0,23.0,23.0,578308,2021-05-15 11:30:00,2021
Southampton,9.0,0.0,0.0,3.0,6.0,2.0,46.2,11.0,7.0,0.6,0.0,0.0,405.0,470.0,0.9,4.0,11.0,0.4,43.0,26.0,0.6,2.0,11.0,19.0,0.6,7.0,14.0,14.0,Fulham,15.0,1.0,0.0,1.0,5.0,3.0,53.8,10.0,3.0,0.3,0.0,0.0,473.0,547.0,0.9,2.0,13.0,0.2,34.0,15.0,0.4,3.0,13.0,23.0,0.6,11.0,14.0,14.0,578303,2021-05-15 14:00:00,2021
Brighton & Hove Albion,7.0,1.0,0.0,0.0,3.0,1.0,51.1,10.0,2.0,0.2,0.0,0.0,508.0,595.0,0.9,1.0,8.0,0.1,57.0,29.0,0.5,6.0,4.0,9.0,0.4,12.0,18.0,18.0,West Ham United,5.0,0.0,0.0,2.0,3.0,1.0,48.9,15.0,3.0,0.2,0.0,0.0,474.0,552.0,0.9,7.0,24.0,0.3,53.0,25.0,0.5,4.0,2.0,6.0,0.3,12.0,6.0,6.0,578310,2021-05-15 19:00:00,2021
Crystal Palace,23.0,3.0,0.0,2.0,7.0,3.0,45.5,23.0,8.0,0.3,0.0,0.0,239.0,325.0,0.7,6.0,25.0,0.2,42.0,12.0,0.3,12.0,10.0,15.0,0.7,6.0,22.0,22.0,Aston Villa,13.0,2.0,0.0,2.0,7.0,5.0,54.5,19.0,5.0,0.3,0.0,0.0,307.0,393.0,0.8,7.0,22.0,0.3,76.0,49.0,0.6,6.0,7.0,13.0,0.5,8.0,30.0,30.0,578301,2021-05-16 11:00:00,2021
Tottenham Hotspur,8.0,1.0,0.0,2.0,10.0,3.0,61.9,24.0,13.0,0.5,0.0,0.0,511.0,584.0,0.9,3.0,20.0,0.2,52.0,34.0,0.7,2.0,10.0,11.0,0.9,7.0,6.0,6.0,Wolverhampton Wanderers,11.0,0.0,0.0,3.0,3.0,9.0,38.1,15.0,3.0,0.2,0.0,0.0,298.0,360.0,0.8,3.0,11.0,0.3,45.0,21.0,0.5,5.0,13.0,20.0,0.7,13.0,23.0,23.0,578305,2021-05-16 13:05:00,2021
West Bromwich Albion,7.0,0.0,0.0,3.0,9.0,4.0,23.7,9.0,3.0,0.3,0.0,0.0,120.0,200.0,0.6,6.0,22.0,0.3,65.0,25.0,0.4,1.0,2.0,16.0,0.1,17.0,32.0,32.0,Liverpool,14.0,0.0,0.0,2.0,13.0,2.0,76.3,26.0,6.0,0.2,0.0,0.0,610.0,699.0,0.9,8.0,30.0,0.3,47.0,22.0,0.5,10.0,4.0,8.0,0.5,6.0,17.0,17.0,578307,2021-05-16 15:30:00,2021
Everton,8.0,1.0,0.0,0.0,11.0,2.0,62.4,16.0,6.0,0.4,0.0,0.0,547.0,635.0,0.9,5.0,26.0,0.2,57.0,26.0,0.5,5.0,11.0,21.0,0.5,8.0,15.0,15.0,Sheffield United,12.0,3.0,0.0,3.0,4.0,6.0,37.6,10.0,3.0,0.3,0.0,0.0,298.0,385.0,0.8,4.0,13.0,0.3,67.0,20.0,0.3,4.0,7.0,14.0,0.5,8.0,26.0,26.0,578309,2021-05-16 18:00:00,2021
Manchester United,10.0,2.0,0.0,4.0,6.0,4.0,57.1,13.0,6.0,0.5,0.0,0.0,471.0,544.0,0.9,2.0,19.0,0.1,47.0,28.0,0.6,2.0,6.0,13.0,0.5,5.0,9.0,9.0,Fulham,15.0,3.0,0.0,1.0,1.0,5.0,42.9,8.0,5.0,0.6,0.0,0.0,333.0,410.0,0.8,2.0,9.0,0.2,52.0,22.0,0.4,1.0,14.0,25.0,0.6,18.0,20.0,20.0,578293,2021-05-18 17:00:00,2021
Southampton,10.0,0.0,0.0,2.0,4.0,5.0,51.3,18.0,3.0,0.2,0.0,0.0,324.0,392.0,0.8,3.0,16.0,0.2,38.0,15.0,0.4,4.0,15.0,23.0,0.7,13.0,13.0,13.0,Leeds United,12.0,3.0,0.0,1.0,5.0,3.0,48.7,15.0,7.0,0.5,0.0,0.0,280.0,375.0,0.7,2.0,12.0,0.2,57.0,28.0,0.5,2.0,20.0,35.0,0.6,15.0,14.0,14.0,578294,2021-05-18 17:00:00,2021
Brighton & Hove Albion,13.0,3.0,0.0,3.0,5.0,2.0,62.7,19.0,6.0,0.3,0.0,0.0,540.0,607.0,0.9,4.0,14.0,0.3,46.0,27.0,0.6,9.0,9.0,18.0,0.5,7.0,10.0,10.0,Manchester City,11.0,3.0,1.0,1.0,3.0,3.0,37.3,8.0,4.0,0.5,0.0,0.0,301.0,361.0,0.8,3.0,7.0,0.4,42.0,12.0,0.3,2.0,6.0,15.0,0.4,7.0,25.0,25.0,578297,2021-05-18 18:00:00,2021
Chelsea,15.0,2.0,0.0,1.0,6.0,2.0,58.6,17.0,6.0,0.4,1.0,1.0,466.0,549.0,0.8,4.0,17.0,0.2,44.0,20.0,0.5,6.0,13.0,19.0,0.7,12.0,18.0,18.0,Leicester City,16.0,5.0,0.0,0.0,5.0,4.0,41.4,7.0,3.0,0.4,0.0,0.0,290.0,381.0,0.8,3.0,17.0,0.2,53.0,16.0,0.3,1.0,15.0,23.0,0.7,7.0,15.0,15.0,578295,2021-05-18 19:15:00,2021
Everton,11.0,0.0,0.0,0.0,7.0,3.0,41.0,14.0,4.0,0.3,0.0,0.0,299.0,377.0,0.8,6.0,19.0,0.3,52.0,28.0,0.5,6.0,12.0,21.0,0.6,10.0,33.0,33.0,Wolverhampton Wanderers,11.0,2.0,0.0,0.0,12.0,3.0,59.0,9.0,3.0,0.3,0.0,0.0,446.0,528.0,0.8,5.0,35.0,0.1,58.0,30.0,0.5,4.0,8.0,12.0,0.7,11.0,10.0,10.0,578300,2021-05-19 17:00:00,2021
Tottenham Hotspur,14.0,1.0,0.0,2.0,4.0,3.0,60.8,10.0,4.0,0.4,0.0,0.0,477.0,569.0,0.8,4.0,20.0,0.2,50.0,17.0,0.3,4.0,13.0,21.0,0.6,8.0,14.0,14.0,Aston Villa,13.0,1.0,0.0,3.0,5.0,3.0,39.2,20.0,4.0,0.2,0.0,0.0,295.0,367.0,0.8,4.0,9.0,0.4,53.0,22.0,0.4,7.0,9.0,18.0,0.5,11.0,15.0,15.0,578292,2021-05-19 17:00:00,2021
Newcastle United,7.0,0.0,0.0,2.0,5.0,1.0,50.9,16.0,5.0,0.3,0.0,0.0,434.0,487.0,0.9,6.0,15.0,0.4,48.0,28.0,0.6,2.0,1.0,8.0,0.1,6.0,20.0,20.0,Sheffield United,7.0,2.0,0.0,4.0,2.0,4.0,49.1,11.0,1.0,0.1,0.0,0.0,389.0,462.0,0.8,7.0,21.0,0.3,46.0,14.0,0.3,1.0,10.0,17.0,0.6,4.0,15.0,15.0,578298,2021-05-19 17:00:00,2021
Crystal Palace,7.0,2.0,0.0,3.0,6.0,0.0,31.3,12.0,6.0,0.5,0.0,0.0,181.0,258.0,0.7,10.0,28.0,0.4,49.0,19.0,0.4,2.0,12.0,20.0,0.6,8.0,23.0,23.0,Arsenal,7.0,1.0,0.0,2.0,7.0,5.0,68.7,6.0,3.0,0.5,0.0,0.0,522.0,603.0,0.9,5.0,26.0,0.2,61.0,33.0,0.5,2.0,5.0,8.0,0.6,11.0,18.0,18.0,578291,2021-05-19 18:00:00,2021
Burnley,10.0,0.0,0.0,1.0,6.0,0.0,41.2,10.0,4.0,0.4,0.0,0.0,302.0,389.0,0.8,3.0,36.0,0.1,78.0,35.0,0.4,3.0,7.0,14.0,0.5,10.0,14.0,14.0,Liverpool,7.0,0.0,0.0,1.0,7.0,4.0,58.8,20.0,3.0,0.2,0.0,0.0,496.0,584.0,0.8,3.0,16.0,0.2,56.0,26.0,0.5,8.0,7.0,15.0,0.5,6.0,41.0,41.0,578296,2021-05-19 19:15:00,2021
West Bromwich Albion,8.0,2.0,0.0,2.0,6.0,6.0,52.5,14.0,4.0,0.3,0.0,0.0,266.0,357.0,0.7,1.0,24.0,0.0,60.0,25.0,0.4,5.0,5.0,10.0,0.5,12.0,21.0,21.0,West Ham United,11.0,2.0,0.0,1.0,8.0,3.0,47.5,21.0,9.0,0.4,0.0,1.0,240.0,326.0,0.7,4.0,23.0,0.2,53.0,21.0,0.4,3.0,9.0,16.0,0.6,10.0,34.0,34.0,578299,2021-05-19 19:15:00,2021
Wolverhampton Wanderers,14.0,4.0,0.0,1.0,6.0,2.0,57.2,14.0,4.0,0.3,0.0,0.0,506.0,571.0,0.9,5.0,30.0,0.2,38.0,24.0,0.6,4.0,11.0,19.0,0.6,10.0,7.0,7.0,Manchester United,3.0,1.0,0.0,1.0,2.0,3.0,42.8,9.0,4.0,0.4,1.0,1.0,381.0,440.0,0.9,3.0,6.0,0.5,44.0,23.0,0.5,0.0,7.0,14.0,0.5,14.0,26.0,26.0,578286,2021-05-23 15:00:00,2021
Sheffield United,11.0,3.0,0.0,2.0,8.0,3.0,43.0,12.0,3.0,0.3,0.0,0.0,247.0,361.0,0.7,5.0,20.0,0.3,88.0,29.0,0.3,2.0,13.0,19.0,0.7,5.0,29.0,29.0,Burnley,1.0,1.0,0.0,1.0,9.0,2.0,57.0,10.0,3.0,0.3,0.0,0.0,346.0,482.0,0.7,6.0,26.0,0.2,98.0,39.0,0.4,4.0,12.0,16.0,0.8,8.0,19.0,19.0,578282,2021-05-23 15:00:00,2021
Liverpool,10.0,2.0,0.0,2.0,14.0,4.0,69.6,19.0,5.0,0.3,0.0,0.0,502.0,588.0,0.9,8.0,28.0,0.3,52.0,36.0,0.7,4.0,12.0,15.0,0.8,10.0,5.0,5.0,Crystal Palace,8.0,2.0,0.0,1.0,1.0,3.0,30.4,5.0,4.0,0.8,0.0,0.0,161.0,263.0,0.6,2.0,2.0,1.0,55.0,15.0,0.3,0.0,16.0,24.0,0.7,10.0,21.0,21.0,578284,2021-05-23 15:00:00,2021
Leicester City,9.0,0.0,0.0,3.0,8.0,1.0,47.0,10.0,6.0,0.6,2.0,2.0,340.0,444.0,0.8,4.0,15.0,0.3,58.0,21.0,0.4,2.0,17.0,28.0,0.6,17.0,14.0,14.0,Tottenham Hotspur,8.0,2.0,0.0,1.0,7.0,4.0,53.0,11.0,4.0,0.4,0.0,0.0,397.0,492.0,0.8,6.0,24.0,0.3,49.0,20.0,0.4,5.0,13.0,18.0,0.7,11.0,13.0,13.0,578289,2021-05-23 15:00:00,2021
Manchester City,8.0,2.0,0.0,1.0,7.0,3.0,67.7,21.0,11.0,0.5,0.0,0.0,665.0,725.0,0.9,5.0,14.0,0.4,38.0,22.0,0.6,4.0,5.0,10.0,0.5,9.0,10.0,10.0,Everton,10.0,2.0,0.0,1.0,5.0,6.0,32.3,8.0,3.0,0.4,0.0,1.0,269.0,340.0,0.8,0.0,11.0,0.0,50.0,21.0,0.4,3.0,9.0,12.0,0.8,10.0,18.0,18.0,578285,2021-05-23 15:00:00,2021
Arsenal,10.0,0.0,0.0,2.0,11.0,1.0,53.9,16.0,5.0,0.3,0.0,0.0,498.0,565.0,0.9,5.0,21.0,0.2,39.0,24.0,0.6,4.0,8.0,14.0,0.6,5.0,10.0,10.0,Brighton & Hove Albion,8.0,0.0,0.0,1.0,3.0,3.0,46.1,5.0,1.0,0.2,0.0,0.0,424.0,489.0,0.9,0.0,10.0,0.0,58.0,32.0,0.6,1.0,12.0,17.0,0.7,13.0,18.0,18.0,578281,2021-05-23 15:00:00,2021
Aston Villa,11.0,3.0,0.0,0.0,2.0,6.0,28.8,6.0,3.0,0.5,1.0,1.0,174.0,250.0,0.7,1.0,6.0,0.2,55.0,24.0,0.4,0.0,11.0,14.0,0.8,7.0,36.0,36.0,Chelsea,12.0,4.0,1.0,2.0,9.0,1.0,71.2,23.0,7.0,0.3,0.0,0.0,532.0,598.0,0.9,8.0,40.0,0.2,34.0,21.0,0.6,5.0,8.0,18.0,0.4,9.0,6.0,6.0,578283,2021-05-23 15:00:00,2021
Fulham,12.0,1.0,0.0,1.0,5.0,2.0,64.3,14.0,0.0,0.0,0.0,0.0,537.0,596.0,0.9,5.0,37.0,0.1,38.0,26.0,0.7,7.0,7.0,18.0,0.4,10.0,13.0,13.0,Newcastle United,6.0,0.0,0.0,0.0,4.0,0.0,35.7,10.0,4.0,0.4,1.0,1.0,270.0,333.0,0.8,2.0,11.0,0.2,46.0,23.0,0.5,3.0,5.0,13.0,0.4,10.0,30.0,30.0,578287,2021-05-23 15:00:00,2021
Leeds United,12.0,2.0,0.0,3.0,8.0,4.0,64.4,17.0,9.0,0.5,1.0,1.0,412.0,499.0,0.8,6.0,17.0,0.4,49.0,29.0,0.6,5.0,14.0,21.0,0.7,8.0,11.0,11.0,West Bromwich Albion,12.0,1.0,0.0,3.0,3.0,6.0,35.6,14.0,5.0,0.4,0.0,0.0,190.0,268.0,0.7,4.0,11.0,0.4,51.0,16.0,0.3,3.0,11.0,19.0,0.6,8.0,17.0,17.0,578290,2021-05-23 15:00:00,2021
West Ham United,5.0,0.0,0.0,5.0,2.0,5.0,36.9,14.0,7.0,0.5,0.0,0.0,207.0,300.0,0.7,3.0,15.0,0.2,51.0,25.0,0.5,1.0,6.0,12.0,0.5,10.0,12.0,12.0,Southampton,9.0,3.0,0.0,2.0,3.0,4.0,63.1,17.0,5.0,0.3,0.0,0.0,431.0,534.0,0.8,4.0,10.0,0.4,47.0,10.0,0.2,4.0,13.0,23.0,0.6,7.0,11.0,11.0,578288,2021-05-23 15:00:00,2021
Brentford,12.0,0.0,0.0,1.0,2.0,4.0,35.3,8.0,3.0,0.4,0.0,0.0,201.0,309.0,0.7,2.0,9.0,0.2,65.0,22.0,0.3,0.0,12.0,20.0,0.6,9.0,19.0,19.0,Arsenal,8.0,0.0,0.0,1.0,5.0,1.0,64.7,22.0,4.0,0.2,0.0,0.0,488.0,568.0,0.9,10.0,22.0,0.5,47.0,20.0,0.4,4.0,3.0,9.0,0.3,7.0,14.0,14.0,606029,2021-08-13 19:00:00,2021
Manchester United,11.0,1.0,0.0,2.0,5.0,2.0,48.6,16.0,8.0,0.5,0.0,0.0,334.0,422.0,0.8,1.0,11.0,0.1,47.0,25.0,0.5,3.0,4.0,6.0,0.7,8.0,15.0,15.0,Leeds United,9.0,2.0,0.0,3.0,4.0,3.0,51.4,10.0,3.0,0.3,0.0,0.0,343.0,438.0,0.8,4.0,14.0,0.3,62.0,23.0,0.4,1.0,13.0,23.0,0.6,14.0,14.0,14.0,606033,2021-08-14 11:30:00,2021
Everton,13.0,2.0,0.0,0.0,6.0,2.0,48.1,14.0,6.0,0.4,0.0,0.0,235.0,337.0,0.7,6.0,25.0,0.2,68.0,26.0,0.4,3.0,9.0,23.0,0.4,6.0,26.0,26.0,Southampton,15.0,0.0,0.0,0.0,8.0,3.0,51.9,6.0,3.0,0.5,0.0,0.0,256.0,370.0,0.7,4.0,22.0,0.2,49.0,10.0,0.2,2.0,12.0,21.0,0.6,5.0,22.0,22.0,606036,2021-08-14 14:00:00,2021
Chelsea,15.0,0.0,0.0,0.0,5.0,1.0,61.7,13.0,6.0,0.5,0.0,0.0,623.0,678.0,0.9,4.0,22.0,0.2,52.0,38.0,0.7,2.0,9.0,21.0,0.4,11.0,8.0,8.0,Crystal Palace,11.0,0.0,0.0,1.0,2.0,3.0,38.3,4.0,1.0,0.3,0.0,0.0,363.0,423.0,0.9,3.0,5.0,0.6,39.0,18.0,0.5,1.0,7.0,11.0,0.6,9.0,24.0,24.0,606032,2021-08-14 14:00:00,2021
Watford,18.0,3.0,0.0,0.0,2.0,0.0,37.9,13.0,7.0,0.5,0.0,0.0,234.0,317.0,0.7,2.0,8.0,0.3,63.0,21.0,0.3,2.0,6.0,15.0,0.4,9.0,25.0,25.0,Aston Villa,13.0,1.0,0.0,2.0,4.0,4.0,62.1,11.0,2.0,0.2,1.0,1.0,435.0,508.0,0.9,2.0,26.0,0.1,50.0,28.0,0.6,3.0,11.0,13.0,0.8,11.0,6.0,6.0,606030,2021-08-14 14:00:00,2021
Burnley,10.0,2.0,0.0,1.0,7.0,4.0,35.9,14.0,3.0,0.2,0.0,0.0,181.0,259.0,0.7,5.0,36.0,0.1,50.0,17.0,0.3,3.0,12.0,16.0,0.8,10.0,12.0,12.0,Brighton & Hove Albion,7.0,1.0,0.0,0.0,6.0,2.0,64.1,14.0,8.0,0.6,0.0,0.0,424.0,518.0,0.8,6.0,14.0,0.4,72.0,25.0,0.3,2.0,9.0,16.0,0.6,6.0,27.0,27.0,606031,2021-08-14 14:00:00,2021
Leicester City,6.0,1.0,0.0,5.0,5.0,3.0,56.3,9.0,5.0,0.6,0.0,0.0,505.0,584.0,0.9,2.0,7.0,0.3,35.0,16.0,0.5,1.0,11.0,15.0,0.7,11.0,15.0,15.0,Wolverhampton Wanderers,10.0,2.0,0.0,4.0,4.0,4.0,43.7,17.0,3.0,0.2,0.0,0.0,366.0,443.0,0.8,6.0,16.0,0.4,58.0,36.0,0.6,7.0,10.0,20.0,0.5,13.0,16.0,16.0,606038,2021-08-14 14:00:00,2021
Norwich City,4.0,1.0,0.0,2.0,3.0,3.0,50.1,14.0,3.0,0.2,0.0,0.0,441.0,520.0,0.8,4.0,19.0,0.2,69.0,34.0,0.5,3.0,13.0,19.0,0.7,9.0,36.0,36.0,Liverpool,14.0,1.0,0.0,0.0,11.0,3.0,49.9,19.0,8.0,0.4,0.0,0.0,432.0,512.0,0.8,6.0,25.0,0.2,44.0,29.0,0.7,4.0,8.0,16.0,0.5,5.0,16.0,16.0,606034,2021-08-14 16:30:00,2021
Newcastle United,4.0,1.0,0.0,1.0,7.0,4.0,46.4,17.0,3.0,0.2,0.0,0.0,340.0,401.0,0.8,6.0,27.0,0.2,51.0,26.0,0.5,7.0,5.0,8.0,0.6,9.0,21.0,21.0,West Ham United,3.0,0.0,0.0,2.0,6.0,1.0,53.6,18.0,9.0,0.5,0.0,1.0,405.0,473.0,0.9,4.0,23.0,0.2,38.0,18.0,0.5,5.0,14.0,23.0,0.6,7.0,21.0,21.0,606037,2021-08-15 13:00:00,2021
Tottenham Hotspur,11.0,2.0,0.0,3.0,3.0,4.0,34.4,13.0,3.0,0.2,0.0,0.0,227.0,293.0,0.8,3.0,12.0,0.3,51.0,25.0,0.5,5.0,9.0,15.0,0.6,10.0,24.0,24.0,Manchester City,8.0,1.0,0.0,1.0,11.0,1.0,65.6,18.0,4.0,0.2,0.0,0.0,469.0,548.0,0.9,4.0,30.0,0.1,22.0,9.0,0.4,5.0,11.0,16.0,0.7,3.0,10.0,10.0,606035,2021-08-15 15:30:00,2021
Liverpool,6.0,0.0,0.0,3.0,8.0,3.0,66.5,27.0,9.0,0.3,0.0,0.0,434.0,527.0,0.8,11.0,28.0,0.4,53.0,20.0,0.4,8.0,8.0,14.0,0.6,5.0,25.0,25.0,Burnley,12.0,0.0,0.0,7.0,4.0,6.0,33.5,9.0,3.0,0.3,0.0,0.0,174.0,263.0,0.7,4.0,19.0,0.2,73.0,33.0,0.5,1.0,9.0,18.0,0.5,11.0,20.0,20.0,606020,2021-08-21 11:30:00,2021
Aston Villa,8.0,3.0,0.0,3.0,3.0,1.0,47.3,10.0,2.0,0.2,1.0,1.0,238.0,303.0,0.8,5.0,16.0,0.3,48.0,24.0,0.5,1.0,10.0,13.0,0.8,4.0,23.0,23.0,Newcastle United,18.0,4.0,0.0,2.0,4.0,0.0,52.7,9.0,1.0,0.1,0.0,0.0,257.0,333.0,0.8,7.0,20.0,0.4,53.0,18.0,0.3,1.0,7.0,14.0,0.5,2.0,20.0,20.0,606025,2021-08-21 14:00:00,2021
Manchester City,13.0,1.0,0.0,2.0,6.0,0.0,66.9,16.0,4.0,0.3,0.0,0.0,684.0,730.0,0.9,2.0,26.0,0.1,51.0,42.0,0.8,6.0,8.0,14.0,0.6,6.0,3.0,3.0,Norwich City,7.0,0.0,0.0,3.0,1.0,0.0,33.1,1.0,0.0,0.0,0.0,0.0,307.0,362.0,0.8,1.0,6.0,0.2,38.0,14.0,0.4,0.0,11.0,18.0,0.6,8.0,25.0,25.0,606026,2021-08-21 14:00:00,2021
Leeds United,6.0,2.0,0.0,0.0,8.0,6.0,70.0,17.0,4.0,0.2,0.0,0.0,517.0,606.0,0.9,4.0,25.0,0.2,44.0,20.0,0.5,7.0,9.0,19.0,0.5,9.0,6.0,6.0,Everton,13.0,4.0,0.0,0.0,5.0,2.0,30.0,17.0,8.0,0.5,1.0,1.0,168.0,253.0,0.7,6.0,15.0,0.4,63.0,15.0,0.2,4.0,10.0,16.0,0.6,20.0,25.0,25.0,606022,2021-08-21 14:00:00,2021
Crystal Palace,12.0,3.0,0.0,1.0,3.0,3.0,52.7,7.0,2.0,0.3,0.0,0.0,324.0,431.0,0.8,3.0,12.0,0.3,77.0,33.0,0.4,0.0,7.0,15.0,0.5,13.0,20.0,20.0,Brentford,9.0,1.0,0.0,2.0,5.0,2.0,47.3,14.0,3.0,0.2,0.0,0.0,270.0,382.0,0.7,3.0,15.0,0.2,68.0,22.0,0.3,4.0,8.0,24.0,0.3,11.0,11.0,11.0,606019,2021-08-21 14:00:00,2021
Brighton & Hove Albion,11.0,4.0,0.0,1.0,7.0,1.0,56.9,13.0,3.0,0.2,0.0,0.0,502.0,585.0,0.9,4.0,20.0,0.2,43.0,16.0,0.4,5.0,11.0,19.0,0.6,8.0,17.0,17.0,Watford,6.0,0.0,0.0,1.0,2.0,1.0,43.1,10.0,1.0,0.1,0.0,0.0,365.0,441.0,0.8,3.0,17.0,0.2,47.0,27.0,0.6,4.0,6.0,13.0,0.5,10.0,25.0,25.0,606028,2021-08-21 16:30:00,2021
Southampton,12.0,2.0,0.0,0.0,7.0,2.0,36.4,8.0,3.0,0.4,0.0,0.0,201.0,291.0,0.7,3.0,17.0,0.2,47.0,6.0,0.1,1.0,13.0,23.0,0.6,20.0,22.0,22.0,Manchester United,10.0,3.0,0.0,2.0,7.0,3.0,63.6,15.0,4.0,0.3,0.0,0.0,415.0,520.0,0.8,6.0,19.0,0.3,38.0,19.0,0.5,4.0,10.0,19.0,0.5,6.0,12.0,12.0,606024,2021-08-22 13:00:00,2021
Wolverhampton Wanderers,9.0,1.0,0.0,2.0,5.0,5.0,57.8,25.0,6.0,0.2,0.0,0.0,394.0,470.0,0.8,9.0,35.0,0.3,69.0,45.0,0.7,10.0,18.0,29.0,0.6,14.0,7.0,7.0,Tottenham Hotspur,7.0,4.0,0.0,0.0,4.0,6.0,42.2,8.0,6.0,0.8,1.0,1.0,284.0,356.0,0.8,1.0,8.0,0.1,45.0,15.0,0.3,2.0,6.0,18.0,0.3,8.0,31.0,31.0,606027,2021-08-22 13:00:00,2021
Arsenal,10.0,3.0,0.0,5.0,9.0,3.0,35.0,6.0,3.0,0.5,0.0,0.0,266.0,335.0,0.8,3.0,21.0,0.1,41.0,14.0,0.3,1.0,17.0,20.0,0.9,6.0,13.0,13.0,Chelsea,4.0,0.0,0.0,0.0,8.0,3.0,65.0,22.0,5.0,0.2,0.0,0.0,574.0,646.0,0.9,4.0,17.0,0.2,39.0,20.0,0.5,11.0,5.0,11.0,0.5,10.0,23.0,23.0,606021,2021-08-22 15:30:00,2021
West Ham United,8.0,0.0,0.0,2.0,10.0,0.0,51.4,19.0,7.0,0.4,0.0,0.0,431.0,502.0,0.9,12.0,34.0,0.4,51.0,31.0,0.6,2.0,11.0,15.0,0.7,5.0,7.0,7.0,Leicester City,8.0,1.0,1.0,0.0,0.0,3.0,48.6,5.0,1.0,0.2,0.0,0.0,427.0,508.0,0.8,0.0,3.0,0.0,45.0,16.0,0.4,2.0,7.0,13.0,0.5,14.0,25.0,25.0,606023,2021-08-23 19:00:00,2021
Manchester City,5.0,1.0,0.0,1.0,14.0,0.0,80.4,25.0,10.0,0.4,0.0,0.0,693.0,757.0,0.9,7.0,30.0,0.2,33.0,17.0,0.5,10.0,10.0,14.0,0.7,4.0,3.0,3.0,Arsenal,7.0,2.0,1.0,3.0,0.0,5.0,19.6,1.0,0.0,0.0,0.0,0.0,125.0,185.0,0.7,1.0,3.0,0.3,45.0,16.0,0.4,0.0,6.0,9.0,0.7,12.0,31.0,31.0,606009,2021-08-28 11:30:00,2021
Brighton & Hove Albion,7.0,1.0,0.0,1.0,4.0,3.0,65.6,14.0,3.0,0.2,0.0,0.0,529.0,612.0,0.9,4.0,12.0,0.3,56.0,30.0,0.5,6.0,16.0,25.0,0.6,10.0,14.0,14.0,Everton,9.0,2.0,0.0,0.0,5.0,3.0,34.4,14.0,5.0,0.4,1.0,1.0,243.0,315.0,0.8,2.0,14.0,0.1,39.0,17.0,0.4,5.0,10.0,17.0,0.6,15.0,15.0,15.0,606013,2021-08-28 14:00:00,2021
Norwich City,8.0,2.0,0.0,2.0,9.0,1.0,44.3,14.0,4.0,0.3,1.0,1.0,285.0,369.0,0.8,5.0,23.0,0.2,57.0,23.0,0.4,4.0,15.0,18.0,0.8,15.0,17.0,17.0,Leicester City,9.0,1.0,0.0,2.0,9.0,3.0,55.7,9.0,3.0,0.3,0.0,0.0,364.0,471.0,0.8,2.0,19.0,0.1,57.0,16.0,0.3,1.0,12.0,17.0,0.7,9.0,17.0,17.0,606015,2021-08-28 14:00:00,2021
West Ham United,10.0,1.0,0.0,1.0,5.0,0.0,45.7,14.0,4.0,0.3,0.0,0.0,295.0,378.0,0.8,8.0,28.0,0.3,45.0,19.0,0.4,7.0,5.0,16.0,0.3,15.0,13.0,13.0,Crystal Palace,7.0,0.0,0.0,2.0,3.0,2.0,54.3,9.0,2.0,0.2,0.0,0.0,380.0,462.0,0.8,6.0,13.0,0.5,52.0,29.0,0.6,4.0,8.0,13.0,0.6,15.0,32.0,32.0,606012,2021-08-28 14:00:00,2021
Newcastle United,11.0,3.0,0.0,5.0,4.0,4.0,36.3,10.0,5.0,0.5,0.0,0.0,203.0,293.0,0.7,4.0,17.0,0.2,65.0,28.0,0.4,0.0,18.0,31.0,0.6,5.0,15.0,15.0,Southampton,6.0,3.0,0.0,0.0,4.0,2.0,63.7,22.0,6.0,0.3,1.0,1.0,451.0,525.0,0.9,3.0,21.0,0.1,38.0,13.0,0.3,9.0,10.0,15.0,0.7,2.0,10.0,10.0,606017,2021-08-28 14:00:00,2021
Aston Villa,0.0,0.0,0.0,0.0,0.0,0.0,0.0,0.0,0.0,0.0,0.0,0.0,0.0,0.0,0.0,0.0,0.0,0.0,0.0,0.0,0.0,0.0,0.0,0.0,0.0,0.0,0.0,0.0,Brentford,0.0,0.0,0.0,0.0,0.0,0.0,0.0,0.0,0.0,0.0,0.0,0.0,0.0,0.0,0.0,0.0,0.0,0.0,0.0,0.0,0.0,0.0,0.0,0.0,0.0,0.0,0.0,0.0,606010,2021-08-28 14:00:00,2021
Liverpool,13.0,0.0,0.0,0.0,12.0,2.0,65.7,24.0,7.0,0.3,1.0,1.0,598.0,695.0,0.9,10.0,40.0,0.3,46.0,27.0,0.6,5.0,9.0,16.0,0.6,11.0,8.0,8.0,Chelsea,4.0,2.0,1.0,2.0,3.0,6.0,34.3,6.0,3.0,0.5,0.0,0.0,268.0,370.0,0.7,2.0,12.0,0.2,66.0,24.0,0.4,2.0,12.0,26.0,0.5,21.0,34.0,34.0,606011,2021-08-28 16:30:00,2021
Burnley,0.0,0.0,0.0,0.0,0.0,0.0,0.0,0.0,0.0,0.0,0.0,0.0,0.0,0.0,0.0,0.0,0.0,0.0,0.0,0.0,0.0,0.0,0.0,0.0,0.0,0.0,0.0,0.0,Leeds United,9.0,3.0,0.0,2.0,5.0,2.0,64.1,12.0,2.0,0.2,0.0,0.0,426.0,521.0,0.8,4.0,27.0,0.1,83.0,39.0,0.5,5.0,10.0,17.0,0.6,8.0,16.0,16.0,606014,2021-08-29 13:00:00,2021
Tottenham Hotspur,8.0,3.0,0.0,2.0,10.0,2.0,57.6,15.0,8.0,0.5,0.0,0.0,439.0,500.0,0.9,4.0,25.0,0.2,40.0,21.0,0.5,3.0,11.0,19.0,0.6,9.0,11.0,11.0,Watford,14.0,3.0,0.0,1.0,3.0,7.0,42.4,9.0,2.0,0.2,0.0,0.0,297.0,364.0,0.8,4.0,14.0,0.3,45.0,26.0,0.6,3.0,11.0,16.0,0.7,4.0,36.0,36.0,606018,2021-08-29 13:00:00,2021
Wolverhampton Wanderers,7.0,3.0,0.0,5.0,5.0,2.0,44.1,15.0,6.0,0.4,0.0,0.0,349.0,427.0,0.8,2.0,18.0,0.1,50.0,27.0,0.5,3.0,9.0,16.0,0.6,7.0,20.0,20.0,Manchester United,9.0,4.0,0.0,4.0,7.0,5.0,55.9,10.0,3.0,0.3,0.0,0.0,478.0,552.0,0.9,2.0,18.0,0.1,51.0,30.0,0.6,2.0,5.0,8.0,0.6,13.0,14.0,14.0,606016,2021-08-29 15:30:00,2021
Crystal Palace,13.0,2.0,0.0,0.0,8.0,1.0,62.3,18.0,4.0,0.2,1.0,1.0,412.0,498.0,0.8,3.0,29.0,0.1,49.0,26.0,0.5,7.0,13.0,17.0,0.8,6.0,13.0,13.0,Tottenham Hotspur,15.0,1.0,1.0,0.0,2.0,1.0,37.7,2.0,1.0,0.5,0.0,0.0,231.0,314.0,0.7,1.0,6.0,0.2,50.0,19.0,0.4,0.0,10.0,16.0,0.6,11.0,36.0,36.0,606006,2021-09-11 11:30:00,2021
Arsenal,9.0,1.0,0.0,2.0,8.0,1.0,51.9,30.0,7.0,0.2,0.0,0.0,365.0,437.0,0.8,10.0,20.0,0.5,44.0,22.0,0.5,10.0,11.0,16.0,0.7,3.0,14.0,14.0,Norwich City,11.0,2.0,0.0,0.0,4.0,5.0,48.1,10.0,1.0,0.1,0.0,0.0,320.0,408.0,0.8,4.0,18.0,0.2,54.0,25.0,0.5,6.0,13.0,20.0,0.7,8.0,22.0,22.0,606005,2021-09-11 14:00:00,2021
Leicester City,4.0,1.0,0.0,2.0,5.0,7.0,39.5,6.0,1.0,0.2,0.0,0.0,295.0,364.0,0.8,5.0,14.0,0.4,58.0,27.0,0.5,2.0,10.0,18.0,0.6,3.0,21.0,21.0,Manchester City,11.0,2.0,0.0,4.0,8.0,2.0,60.5,25.0,8.0,0.3,0.0,0.0,501.0,557.0,0.9,8.0,31.0,0.3,33.0,21.0,0.6,10.0,7.0,14.0,0.5,5.0,6.0,6.0,606003,2021-09-11 14:00:00,2021
Manchester United,9.0,1.0,0.0,1.0,7.0,2.0,64.1,21.0,7.0,0.3,0.0,0.0,581.0,644.0,0.9,4.0,23.0,0.2,35.0,28.0,0.8,5.0,11.0,19.0,0.6,4.0,11.0,11.0,Newcastle United,2.0,0.0,0.0,3.0,3.0,2.0,35.9,12.0,3.0,0.3,0.0,0.0,299.0,365.0,0.8,2.0,10.0,0.2,64.0,30.0,0.5,3.0,10.0,17.0,0.6,13.0,21.0,21.0,606004,2021-09-11 14:00:00,2021
Watford,15.0,3.0,0.0,1.0,6.0,4.0,44.0,6.0,2.0,0.3,0.0,0.0,306.0,370.0,0.8,1.0,18.0,0.1,45.0,28.0,0.6,0.0,11.0,20.0,0.6,8.0,23.0,23.0,Wolverhampton Wanderers,13.0,3.0,0.0,2.0,8.0,2.0,56.0,14.0,5.0,0.4,0.0,0.0,428.0,485.0,0.9,5.0,15.0,0.3,46.0,27.0,0.6,3.0,13.0,19.0,0.7,9.0,18.0,18.0,606008,2021-09-11 14:00:00,2021
Southampton,10.0,3.0,0.0,0.0,5.0,3.0,41.8,11.0,3.0,0.3,0.0,0.0,310.0,390.0,0.8,2.0,13.0,0.2,48.0,19.0,0.4,3.0,4.0,8.0,0.5,12.0,23.0,23.0,West Ham United,12.0,1.0,1.0,2.0,4.0,2.0,58.2,13.0,3.0,0.2,0.0,0.0,468.0,541.0,0.9,4.0,22.0,0.2,43.0,26.0,0.6,7.0,5.0,14.0,0.4,15.0,17.0,17.0,606007,2021-09-11 14:00:00,2021
Brentford,9.0,3.0,0.0,0.0,1.0,1.0,41.3,7.0,1.0,0.1,0.0,0.0,250.0,336.0,0.7,2.0,20.0,0.1,44.0,16.0,0.4,0.0,17.0,21.0,0.8,13.0,17.0,17.0,Brighton & Hove Albion,12.0,2.0,0.0,2.0,6.0,1.0,58.7,4.0,2.0,0.5,0.0,0.0,396.0,496.0,0.8,0.0,11.0,0.0,78.0,37.0,0.5,1.0,11.0,16.0,0.7,12.0,11.0,11.0,606000,2021-09-11 14:00:00,2021
Chelsea,11.0,1.0,0.0,2.0,4.0,6.0,56.8,12.0,4.0,0.3,0.0,0.0,396.0,476.0,0.8,1.0,15.0,0.1,56.0,27.0,0.5,2.0,6.0,15.0,0.4,7.0,40.0,40.0,Aston Villa,11.0,4.0,0.0,1.0,11.0,1.0,43.2,18.0,6.0,0.3,0.0,0.0,270.0,344.0,0.8,6.0,30.0,0.2,63.0,30.0,0.5,9.0,9.0,12.0,0.8,12.0,18.0,18.0,605999,2021-09-11 16:30:00,2021
Leeds United,9.0,2.0,1.0,2.0,2.0,5.0,44.1,9.0,4.0,0.4,0.0,0.0,328.0,404.0,0.8,4.0,19.0,0.2,44.0,18.0,0.4,1.0,8.0,16.0,0.5,10.0,17.0,17.0,Liverpool,8.0,1.0,0.0,4.0,11.0,4.0,55.9,30.0,9.0,0.3,0.0,0.0,454.0,524.0,0.9,5.0,21.0,0.2,46.0,25.0,0.5,15.0,5.0,8.0,0.6,8.0,15.0,15.0,606002,2021-09-12 15:30:00,2021
Everton,3.0,1.0,0.0,2.0,4.0,5.0,51.7,14.0,6.0,0.4,0.0,0.0,308.0,416.0,0.7,5.0,16.0,0.3,62.0,29.0,0.5,4.0,6.0,10.0,0.6,15.0,18.0,18.0,Burnley,6.0,1.0,0.0,2.0,6.0,3.0,48.3,11.0,6.0,0.5,0.0,0.0,261.0,384.0,0.7,7.0,21.0,0.3,82.0,33.0,0.4,2.0,7.0,10.0,0.7,19.0,10.0,10.0,606001,2021-09-13 19:00:00,2021
Newcastle United,9.0,2.0,0.0,1.0,4.0,9.0,35.4,17.0,7.0,0.4,0.0,0.0,211.0,301.0,0.7,4.0,8.0,0.5,59.0,25.0,0.4,2.0,10.0,17.0,0.6,9.0,28.0,28.0,Leeds United,11.0,2.0,0.0,1.0,5.0,6.0,64.6,22.0,9.0,0.4,0.0,0.0,460.0,541.0,0.9,3.0,23.0,0.1,54.0,29.0,0.5,4.0,9.0,19.0,0.5,6.0,14.0,14.0,605994,2021-09-17 19:00:00,2021
Wolverhampton Wanderers,10.0,4.0,0.0,2.0,4.0,1.0,61.9,11.0,0.0,0.0,0.0,0.0,436.0,519.0,0.8,4.0,23.0,0.2,47.0,27.0,0.6,3.0,4.0,9.0,0.4,6.0,9.0,9.0,Brentford,7.0,2.0,1.0,2.0,2.0,0.0,38.1,9.0,3.0,0.3,1.0,1.0,242.0,324.0,0.7,1.0,7.0,0.1,53.0,21.0,0.4,1.0,9.0,15.0,0.6,10.0,28.0,28.0,605990,2021-09-18 11:30:00,2021
Burnley,9.0,2.0,0.0,4.0,8.0,2.0,45.0,18.0,3.0,0.2,0.0,0.0,291.0,392.0,0.7,8.0,41.0,0.2,65.0,34.0,0.5,5.0,5.0,13.0,0.4,16.0,15.0,15.0,Arsenal,8.0,1.0,0.0,2.0,3.0,3.0,55.0,13.0,3.0,0.2,0.0,0.0,420.0,523.0,0.8,1.0,9.0,0.1,53.0,16.0,0.3,6.0,8.0,18.0,0.4,11.0,33.0,33.0,605989,2021-09-18 14:00:00,2021
Liverpool,0.0,0.0,0.0,0.0,0.0,0.0,0.0,0.0,0.0,0.0,0.0,0.0,0.0,0.0,0.0,0.0,0.0,0.0,0.0,0.0,0.0,0.0,0.0,0.0,0.0,0.0,0.0,0.0,Crystal Palace,0.0,0.0,0.0,0.0,0.0,0.0,0.0,0.0,0.0,0.0,0.0,0.0,0.0,0.0,0.0,0.0,0.0,0.0,0.0,0.0,0.0,0.0,0.0,0.0,0.0,0.0,0.0,0.0,605992,2021-09-18 14:00:00,2021
Manchester City,5.0,0.0,0.0,4.0,8.0,2.0,63.9,16.0,1.0,0.1,0.0,0.0,484.0,555.0,0.9,8.0,23.0,0.3,36.0,21.0,0.6,7.0,10.0,13.0,0.8,8.0,14.0,14.0,Southampton,12.0,2.0,0.0,0.0,5.0,1.0,36.1,10.0,2.0,0.2,0.0,0.0,239.0,319.0,0.7,0.0,13.0,0.0,54.0,19.0,0.4,6.0,11.0,21.0,0.5,17.0,23.0,23.0,605997,2021-09-18 14:00:00,2021
Norwich City,10.0,1.0,0.0,1.0,4.0,5.0,48.7,12.0,5.0,0.4,0.0,0.0,304.0,375.0,0.8,5.0,19.0,0.3,58.0,26.0,0.4,4.0,11.0,17.0,0.6,15.0,18.0,18.0,Watford,14.0,1.0,0.0,0.0,8.0,4.0,51.3,12.0,8.0,0.7,0.0,0.0,313.0,396.0,0.8,3.0,21.0,0.1,78.0,41.0,0.5,1.0,6.0,11.0,0.5,9.0,14.0,14.0,605998,2021-09-18 14:00:00,2021
Aston Villa,0.0,0.0,0.0,0.0,0.0,0.0,0.0,0.0,0.0,0.0,0.0,0.0,0.0,0.0,0.0,0.0,0.0,0.0,0.0,0.0,0.0,0.0,0.0,0.0,0.0,0.0,0.0,0.0,Everton,0.0,0.0,0.0,0.0,0.0,0.0,0.0,0.0,0.0,0.0,0.0,0.0,0.0,0.0,0.0,0.0,0.0,0.0,0.0,0.0,0.0,0.0,0.0,0.0,0.0,0.0,0.0,0.0,605993,2021-09-18 16:30:00,2021
West Ham United,5.0,0.0,0.0,2.0,2.0,8.0,39.9,13.0,4.0,0.3,0.0,1.0,348.0,417.0,0.8,1.0,17.0,0.1,39.0,14.0,0.4,4.0,7.0,14.0,0.5,4.0,31.0,31.0,Manchester United,8.0,0.0,0.0,0.0,11.0,3.0,60.1,17.0,10.0,0.6,0.0,0.0,562.0,624.0,0.9,6.0,33.0,0.2,25.0,19.0,0.8,3.0,9.0,14.0,0.6,2.0,18.0,18.0,605996,2021-09-19 13:00:00,2021
Brighton & Hove Albion,8.0,2.0,0.0,3.0,4.0,2.0,37.1,12.0,5.0,0.4,1.0,1.0,245.0,322.0,0.8,6.0,15.0,0.4,57.0,19.0,0.3,3.0,13.0,19.0,0.7,16.0,29.0,29.0,Leicester City,10.0,1.0,0.0,2.0,9.0,3.0,62.9,14.0,3.0,0.2,0.0,0.0,471.0,549.0,0.9,5.0,25.0,0.2,35.0,18.0,0.5,6.0,9.0,17.0,0.5,10.0,11.0,11.0,605995,2021-09-19 13:00:00,2021
Tottenham Hotspur,4.0,0.0,0.0,0.0,5.0,6.0,47.0,8.0,2.0,0.3,0.0,0.0,395.0,480.0,0.8,4.0,13.0,0.3,47.0,20.0,0.4,2.0,12.0,20.0,0.6,9.0,23.0,23.0,Chelsea,15.0,1.0,0.0,1.0,11.0,2.0,53.0,20.0,10.0,0.5,0.0,0.0,457.0,525.0,0.9,7.0,25.0,0.3,44.0,29.0,0.7,7.0,8.0,15.0,0.5,15.0,19.0,19.0,605991,2021-09-19 15:30:00,2021
Manchester United,9.0,2.0,0.0,2.0,5.0,2.0,59.6,28.0,4.0,0.1,0.0,1.0,313.0,409.0,0.8,9.0,21.0,0.4,61.0,36.0,0.6,13.0,8.0,12.0,0.7,9.0,21.0,21.0,Aston Villa,13.0,2.0,0.0,3.0,5.0,4.0,40.4,7.0,3.0,0.4,0.0,0.0,187.0,271.0,0.7,3.0,20.0,0.2,60.0,24.0,0.4,1.0,3.0,9.0,0.3,15.0,14.0,14.0,605979,2021-09-25 11:30:00,2021
Chelsea,0.0,0.0,0.0,0.0,0.0,0.0,0.0,0.0,0.0,0.0,0.0,0.0,0.0,0.0,0.0,0.0,0.0,0.0,0.0,0.0,0.0,0.0,0.0,0.0,0.0,0.0,0.0,0.0,Manchester City,0.0,0.0,0.0,0.0,0.0,0.0,0.0,0.0,0.0,0.0,0.0,0.0,0.0,0.0,0.0,0.0,0.0,0.0,0.0,0.0,0.0,0.0,0.0,0.0,0.0,0.0,0.0,0.0,605983,2021-09-25 11:30:00,2021
Watford,0.0,0.0,0.0,0.0,0.0,0.0,0.0,0.0,0.0,0.0,0.0,0.0,0.0,0.0,0.0,0.0,0.0,0.0,0.0,0.0,0.0,0.0,0.0,0.0,0.0,0.0,0.0,0.0,Newcastle United,0.0,0.0,0.0,0.0,0.0,0.0,0.0,0.0,0.0,0.0,0.0,0.0,0.0,0.0,0.0,0.0,0.0,0.0,0.0,0.0,0.0,0.0,0.0,0.0,0.0,0.0,0.0,0.0,605984,2021-09-25 14:00:00,2021
Leicester City,10.0,2.0,0.0,1.0,8.0,2.0,67.1,22.0,5.0,0.2,0.0,0.0,482.0,576.0,0.8,3.0,25.0,0.1,61.0,32.0,0.5,11.0,14.0,17.0,0.8,7.0,13.0,13.0,Burnley,8.0,4.0,0.0,4.0,4.0,2.0,32.9,9.0,3.0,0.3,0.0,0.0,193.0,286.0,0.7,2.0,12.0,0.2,78.0,30.0,0.4,2.0,5.0,13.0,0.4,11.0,28.0,28.0,605981,2021-09-25 14:00:00,2021
Everton,12.0,2.0,0.0,1.0,6.0,2.0,46.8,11.0,4.0,0.4,1.0,1.0,345.0,420.0,0.8,1.0,24.0,0.0,49.0,24.0,0.5,4.0,8.0,18.0,0.4,9.0,15.0,15.0,Norwich City,9.0,3.0,0.0,0.0,4.0,2.0,53.2,10.0,2.0,0.2,0.0,0.0,406.0,487.0,0.8,4.0,14.0,0.3,57.0,26.0,0.5,3.0,5.0,12.0,0.4,17.0,17.0,17.0,605985,2021-09-25 14:00:00,2021
Leeds United,10.0,3.0,0.0,2.0,5.0,5.0,53.5,15.0,5.0,0.3,0.0,0.0,336.0,414.0,0.8,2.0,13.0,0.2,50.0,18.0,0.4,6.0,9.0,16.0,0.6,4.0,16.0,16.0,West Ham United,6.0,2.0,0.0,0.0,7.0,4.0,46.5,20.0,7.0,0.4,0.0,0.0,273.0,348.0,0.8,1.0,21.0,0.0,60.0,26.0,0.4,4.0,9.0,15.0,0.6,7.0,12.0,12.0,605987,2021-09-25 14:00:00,2021
Brentford,8.0,1.0,0.0,4.0,2.0,3.0,32.7,12.0,4.0,0.3,0.0,0.0,181.0,271.0,0.7,5.0,13.0,0.4,58.0,20.0,0.3,2.0,6.0,14.0,0.4,15.0,31.0,31.0,Liverpool,7.0,1.0,0.0,4.0,11.0,0.0,67.3,16.0,6.0,0.4,0.0,0.0,465.0,561.0,0.8,8.0,26.0,0.3,70.0,33.0,0.5,4.0,7.0,11.0,0.6,9.0,18.0,18.0,605982,2021-09-25 16:30:00,2021
Southampton,12.0,0.0,0.0,3.0,5.0,2.0,57.0,18.0,6.0,0.3,0.0,0.0,416.0,497.0,0.8,2.0,26.0,0.1,53.0,24.0,0.5,7.0,9.0,13.0,0.7,11.0,10.0,10.0,Wolverhampton Wanderers,8.0,0.0,0.0,1.0,5.0,6.0,43.0,5.0,3.0,0.6,0.0,0.0,283.0,383.0,0.7,2.0,6.0,0.3,68.0,29.0,0.4,2.0,6.0,12.0,0.5,6.0,34.0,34.0,605988,2021-09-26 13:00:00,2021
Arsenal,12.0,2.0,0.0,2.0,4.0,3.0,46.6,12.0,7.0,0.6,0.0,0.0,357.0,431.0,0.8,5.0,9.0,0.6,62.0,35.0,0.6,1.0,15.0,22.0,0.7,10.0,20.0,20.0,Tottenham Hotspur,13.0,1.0,0.0,4.0,4.0,4.0,53.4,10.0,4.0,0.4,0.0,0.0,413.0,485.0,0.9,6.0,19.0,0.3,56.0,29.0,0.5,1.0,11.0,14.0,0.8,8.0,8.0,8.0,605986,2021-09-26 15:30:00,2021
Crystal Palace,12.0,2.0,0.0,1.0,6.0,3.0,46.9,8.0,3.0,0.4,1.0,1.0,413.0,497.0,0.8,5.0,19.0,0.3,58.0,24.0,0.4,3.0,9.0,17.0,0.5,12.0,14.0,14.0,Brighton & Hove Albion,10.0,5.0,0.0,0.0,5.0,2.0,53.1,8.0,4.0,0.5,0.0,0.0,466.0,565.0,0.8,5.0,20.0,0.3,74.0,31.0,0.4,2.0,19.0,29.0,0.7,10.0,13.0,13.0,605980,2021-09-27 19:00:00,2021
Manchester United,10.0,1.0,0.0,2.0,10.0,1.0,71.8,13.0,6.0,0.5,0.0,0.0,607.0,700.0,0.9,8.0,28.0,0.3,49.0,28.0,0.6,1.0,3.0,7.0,0.4,6.0,13.0,13.0,Everton,9.0,1.0,0.0,2.0,1.0,5.0,28.2,12.0,2.0,0.2,0.0,0.0,183.0,268.0,0.7,4.0,15.0,0.3,61.0,23.0,0.4,4.0,13.0,20.0,0.7,9.0,29.0,29.0,605972,2021-10-02 11:30:00,2021
Leeds United,10.0,0.0,0.0,0.0,6.0,1.0,66.9,20.0,4.0,0.2,0.0,0.0,405.0,497.0,0.8,2.0,26.0,0.1,60.0,30.0,0.5,6.0,11.0,14.0,0.8,3.0,11.0,11.0,Watford,16.0,3.0,0.0,0.0,3.0,2.0,33.1,5.0,1.0,0.2,0.0,0.0,157.0,242.0,0.6,0.0,11.0,0.0,57.0,22.0,0.4,2.0,10.0,20.0,0.5,3.0,34.0,34.0,605978,2021-10-02 14:00:00,2021
Chelsea,11.0,1.0,0.0,1.0,7.0,1.0,61.6,20.0,9.0,0.5,0.0,0.0,468.0,546.0,0.9,4.0,18.0,0.2,52.0,31.0,0.6,5.0,10.0,16.0,0.6,5.0,11.0,11.0,Southampton,13.0,3.0,1.0,0.0,2.0,6.0,38.4,6.0,2.0,0.3,1.0,1.0,258.0,344.0,0.8,1.0,7.0,0.1,51.0,18.0,0.4,1.0,9.0,24.0,0.4,10.0,12.0,12.0,605977,2021-10-02 14:00:00,2021
Burnley,13.0,5.0,0.0,2.0,9.0,2.0,56.1,14.0,4.0,0.3,0.0,0.0,331.0,432.0,0.8,10.0,45.0,0.2,72.0,39.0,0.5,7.0,7.0,13.0,0.5,8.0,17.0,17.0,Norwich City,3.0,2.0,0.0,1.0,5.0,5.0,43.9,10.0,2.0,0.2,0.0,0.0,260.0,356.0,0.7,3.0,19.0,0.2,70.0,30.0,0.4,6.0,12.0,16.0,0.8,7.0,44.0,44.0,605976,2021-10-02 14:00:00,2021
Wolverhampton Wanderers,15.0,0.0,0.0,2.0,0.0,1.0,51.9,7.0,3.0,0.4,0.0,0.0,388.0,460.0,0.8,2.0,5.0,0.4,45.0,20.0,0.4,1.0,17.0,25.0,0.7,13.0,29.0,29.0,Newcastle United,5.0,2.0,0.0,1.0,4.0,1.0,48.1,8.0,2.0,0.3,0.0,0.0,323.0,406.0,0.8,3.0,26.0,0.1,48.0,25.0,0.5,3.0,9.0,14.0,0.6,11.0,4.0,4.0,605975,2021-10-02 14:00:00,2021
Brighton & Hove Albion,8.0,2.0,0.0,1.0,8.0,2.0,58.2,21.0,2.0,0.1,0.0,0.0,420.0,497.0,0.8,8.0,26.0,0.3,53.0,28.0,0.5,7.0,5.0,16.0,0.3,9.0,13.0,13.0,Arsenal,5.0,1.0,0.0,1.0,5.0,2.0,41.8,8.0,2.0,0.3,0.0,0.0,268.0,355.0,0.8,1.0,12.0,0.1,45.0,8.0,0.2,1.0,5.0,8.0,0.6,11.0,18.0,18.0,605969,2021-10-02 16:30:00,2021
Tottenham Hotspur,11.0,2.0,0.0,0.0,5.0,2.0,56.3,17.0,8.0,0.5,0.0,0.0,349.0,438.0,0.8,4.0,11.0,0.4,49.0,18.0,0.4,3.0,8.0,14.0,0.6,12.0,37.0,37.0,Aston Villa,14.0,1.0,0.0,1.0,8.0,6.0,43.7,14.0,3.0,0.2,0.0,0.0,226.0,318.0,0.7,4.0,27.0,0.1,61.0,22.0,0.4,6.0,12.0,21.0,0.6,12.0,6.0,6.0,605970,2021-10-03 13:00:00,2021
West Ham United,0.0,0.0,0.0,0.0,0.0,0.0,0.0,0.0,0.0,0.0,0.0,0.0,0.0,0.0,0.0,0.0,0.0,0.0,0.0,0.0,0.0,0.0,0.0,0.0,0.0,0.0,0.0,0.0,Brentford,0.0,0.0,0.0,0.0,0.0,0.0,0.0,0.0,0.0,0.0,0.0,0.0,0.0,0.0,0.0,0.0,0.0,0.0,0.0,0.0,0.0,0.0,0.0,0.0,0.0,0.0,0.0,0.0,605971,2021-10-03 13:00:00,2021
Crystal Palace,15.0,2.0,0.0,2.0,1.0,3.0,60.0,18.0,4.0,0.2,0.0,0.0,446.0,557.0,0.8,5.0,21.0,0.2,58.0,16.0,0.3,5.0,7.0,16.0,0.4,4.0,10.0,10.0,Leicester City,11.0,3.0,0.0,1.0,3.0,2.0,40.0,9.0,5.0,0.6,0.0,0.0,262.0,382.0,0.7,1.0,9.0,0.1,73.0,27.0,0.4,2.0,12.0,30.0,0.4,13.0,27.0,27.0,605973,2021-10-03 13:00:00,2021
Liverpool,10.0,3.0,0.0,2.0,3.0,1.0,48.5,6.0,4.0,0.7,0.0,0.0,423.0,501.0,0.8,3.0,19.0,0.2,56.0,28.0,0.5,2.0,12.0,17.0,0.7,17.0,14.0,14.0,Manchester City,12.0,3.0,0.0,5.0,4.0,1.0,51.5,12.0,3.0,0.3,0.0,0.0,443.0,529.0,0.8,2.0,14.0,0.1,68.0,39.0,0.6,5.0,9.0,11.0,0.8,8.0,17.0,17.0,605974,2021-10-03 15:30:00,2021
Watford,4.0,0.0,0.0,8.0,1.0,4.0,23.8,6.0,2.0,0.3,0.0,0.0,165.0,252.0,0.7,2.0,7.0,0.3,61.0,21.0,0.3,1.0,10.0,14.0,0.7,11.0,33.0,33.0,Liverpool,10.0,0.0,0.0,2.0,9.0,2.0,76.2,19.0,8.0,0.4,0.0,0.0,711.0,816.0,0.9,2.0,19.0,0.1,59.0,39.0,0.7,5.0,8.0,18.0,0.4,4.0,8.0,8.0,605964,2021-10-16 11:30:00,2021
Manchester City,11.0,1.0,0.0,0.0,6.0,2.0,70.6,15.0,6.0,0.4,0.0,0.0,687.0,768.0,0.9,3.0,24.0,0.1,60.0,35.0,0.6,4.0,6.0,11.0,0.5,10.0,9.0,9.0,Burnley,5.0,0.0,0.0,3.0,2.0,4.0,29.4,7.0,2.0,0.3,0.0,0.0,228.0,318.0,0.7,2.0,12.0,0.2,77.0,34.0,0.4,1.0,13.0,17.0,0.8,10.0,22.0,22.0,605960,2021-10-16 14:00:00,2021
Aston Villa,8.0,2.0,0.0,1.0,6.0,1.0,48.3,14.0,5.0,0.4,0.0,0.0,314.0,391.0,0.8,3.0,23.0,0.1,50.0,22.0,0.4,2.0,7.0,12.0,0.6,9.0,22.0,22.0,Wolverhampton Wanderers,17.0,3.0,0.0,2.0,7.0,3.0,51.7,9.0,4.0,0.4,0.0,0.0,332.0,415.0,0.8,1.0,21.0,0.0,55.0,24.0,0.4,2.0,4.0,7.0,0.6,9.0,20.0,20.0,605968,2021-10-16 14:00:00,2021
Norwich City,5.0,3.0,0.0,0.0,8.0,3.0,35.1,15.0,3.0,0.2,0.0,0.0,204.0,292.0,0.7,4.0,22.0,0.2,51.0,21.0,0.4,7.0,8.0,9.0,0.9,8.0,17.0,17.0,Brighton & Hove Albion,14.0,5.0,0.0,0.0,4.0,2.0,64.9,11.0,3.0,0.3,0.0,0.0,478.0,569.0,0.8,7.0,18.0,0.4,53.0,29.0,0.5,4.0,12.0,19.0,0.6,8.0,22.0,22.0,605959,2021-10-16 14:00:00,2021
Southampton,16.0,2.0,0.0,1.0,8.0,0.0,45.3,19.0,5.0,0.3,0.0,0.0,276.0,362.0,0.8,7.0,18.0,0.4,45.0,15.0,0.3,2.0,15.0,22.0,0.7,10.0,9.0,9.0,Leeds United,14.0,3.0,0.0,2.0,1.0,3.0,54.7,3.0,0.0,0.0,0.0,0.0,347.0,452.0,0.8,1.0,9.0,0.1,73.0,28.0,0.4,1.0,14.0,21.0,0.7,15.0,15.0,15.0,605963,2021-10-16 14:00:00,2021
Leicester City,5.0,0.0,0.0,2.0,4.0,4.0,48.8,22.0,11.0,0.5,0.0,0.0,425.0,499.0,0.9,1.0,9.0,0.1,59.0,29.0,0.5,5.0,7.0,12.0,0.6,9.0,7.0,7.0,Manchester United,17.0,3.0,0.0,3.0,3.0,7.0,51.2,18.0,6.0,0.3,0.0,0.0,445.0,517.0,0.9,4.0,17.0,0.2,40.0,23.0,0.6,3.0,8.0,14.0,0.6,9.0,12.0,12.0,605965,2021-10-16 14:00:00,2021
Brentford,13.0,1.0,0.0,1.0,5.0,0.0,43.9,17.0,7.0,0.4,0.0,0.0,305.0,405.0,0.8,8.0,26.0,0.3,55.0,25.0,0.5,7.0,7.0,16.0,0.4,4.0,13.0,13.0,Chelsea,8.0,1.0,0.0,4.0,5.0,6.0,56.1,5.0,1.0,0.2,0.0,0.0,458.0,540.0,0.8,0.0,16.0,0.0,43.0,14.0,0.3,1.0,7.0,20.0,0.4,10.0,41.0,41.0,605961,2021-10-16 16:30:00,2021
Everton,3.0,0.0,0.0,0.0,7.0,3.0,39.0,15.0,2.0,0.1,0.0,0.0,239.0,327.0,0.7,10.0,32.0,0.3,51.0,21.0,0.4,4.0,12.0,19.0,0.6,10.0,27.0,27.0,West Ham United,3.0,2.0,0.0,2.0,9.0,2.0,61.0,16.0,4.0,0.3,0.0,0.0,452.0,539.0,0.8,3.0,29.0,0.1,52.0,22.0,0.4,8.0,8.0,13.0,0.6,10.0,15.0,15.0,605967,2021-10-17 13:00:00,2021
Newcastle United,13.0,4.0,1.0,0.0,2.0,1.0,35.5,7.0,1.0,0.1,0.0,0.0,265.0,334.0,0.8,3.0,15.0,0.2,49.0,28.0,0.6,2.0,16.0,26.0,0.6,8.0,25.0,25.0,Tottenham Hotspur,4.0,1.0,0.0,1.0,9.0,0.0,64.5,14.0,4.0,0.3,0.0,0.0,539.0,612.0,0.9,2.0,24.0,0.1,46.0,24.0,0.5,7.0,14.0,27.0,0.5,5.0,10.0,10.0,605966,2021-10-17 15:30:00,2021
Arsenal,7.0,1.0,0.0,0.0,6.0,4.0,53.6,17.0,6.0,0.4,0.0,0.0,474.0,544.0,0.9,5.0,19.0,0.3,60.0,32.0,0.5,4.0,9.0,17.0,0.5,7.0,6.0,6.0,Crystal Palace,4.0,1.0,0.0,3.0,4.0,4.0,46.4,9.0,6.0,0.7,0.0,0.0,402.0,475.0,0.8,2.0,10.0,0.2,56.0,30.0,0.5,0.0,16.0,22.0,0.7,7.0,17.0,17.0,605962,2021-10-18 19:00:00,2021
Arsenal,17.0,2.0,0.0,1.0,7.0,3.0,53.8,22.0,9.0,0.4,0.0,1.0,369.0,454.0,0.8,5.0,15.0,0.3,46.0,22.0,0.5,5.0,10.0,13.0,0.8,7.0,20.0,20.0,Aston Villa,10.0,5.0,0.0,0.0,4.0,6.0,46.2,10.0,4.0,0.4,0.0,0.0,310.0,392.0,0.8,2.0,12.0,0.2,50.0,21.0,0.4,3.0,8.0,14.0,0.6,11.0,16.0,16.0,605949,2021-10-22 19:00:00,2021
Chelsea,14.0,0.0,0.0,1.0,5.0,1.0,61.8,23.0,13.0,0.6,1.0,1.0,567.0,626.0,0.9,0.0,10.0,0.0,34.0,20.0,0.6,3.0,12.0,19.0,0.6,5.0,4.0,4.0,Norwich City,16.0,2.0,1.0,0.0,0.0,7.0,38.2,3.0,1.0,0.3,0.0,0.0,299.0,380.0,0.8,0.0,2.0,0.0,55.0,29.0,0.5,1.0,5.0,12.0,0.4,7.0,13.0,13.0,605955,2021-10-23 11:30:00,2021
Southampton,10.0,1.0,0.0,1.0,6.0,3.0,61.3,16.0,4.0,0.3,0.0,0.0,347.0,450.0,0.8,6.0,27.0,0.2,41.0,12.0,0.3,5.0,5.0,11.0,0.5,12.0,22.0,22.0,Burnley,11.0,3.0,0.0,1.0,2.0,2.0,38.7,9.0,5.0,0.6,0.0,0.0,173.0,284.0,0.6,3.0,18.0,0.2,65.0,28.0,0.4,1.0,6.0,12.0,0.5,15.0,17.0,17.0,605950,2021-10-23 14:00:00,2021
Crystal Palace,13.0,3.0,0.0,2.0,3.0,0.0,75.0,15.0,3.0,0.2,0.0,0.0,577.0,665.0,0.9,4.0,23.0,0.2,49.0,21.0,0.4,6.0,6.0,11.0,0.5,6.0,25.0,25.0,Newcastle United,9.0,4.0,0.0,3.0,7.0,2.0,25.0,6.0,2.0,0.3,0.0,0.0,138.0,214.0,0.6,5.0,16.0,0.3,61.0,25.0,0.4,1.0,11.0,18.0,0.6,7.0,35.0,35.0,605954,2021-10-23 14:00:00,2021
Everton,9.0,4.0,0.0,1.0,3.0,3.0,50.1,15.0,4.0,0.3,0.0,0.0,293.0,389.0,0.8,7.0,23.0,0.3,61.0,23.0,0.4,5.0,14.0,25.0,0.6,9.0,28.0,28.0,Watford,13.0,3.0,0.0,0.0,5.0,2.0,49.9,20.0,8.0,0.4,0.0,0.0,286.0,388.0,0.7,6.0,24.0,0.3,54.0,22.0,0.4,5.0,6.0,11.0,0.5,3.0,27.0,27.0,605957,2021-10-23 14:00:00,2021
Leeds United,15.0,2.0,0.0,1.0,6.0,3.0,63.0,18.0,4.0,0.2,1.0,1.0,402.0,494.0,0.8,9.0,21.0,0.4,48.0,25.0,0.5,5.0,15.0,25.0,0.6,14.0,12.0,12.0,Wolverhampton Wanderers,14.0,3.0,0.0,1.0,3.0,3.0,37.0,8.0,4.0,0.5,0.0,0.0,194.0,293.0,0.7,1.0,5.0,0.2,64.0,26.0,0.4,2.0,7.0,16.0,0.4,12.0,27.0,27.0,605958,2021-10-23 14:00:00,2021
Brighton & Hove Albion,10.0,2.0,0.0,2.0,7.0,8.0,47.7,10.0,5.0,0.5,1.0,1.0,422.0,501.0,0.8,5.0,20.0,0.3,47.0,24.0,0.5,1.0,11.0,16.0,0.7,13.0,9.0,9.0,Manchester City,6.0,3.0,0.0,1.0,6.0,4.0,52.3,23.0,14.0,0.6,0.0,0.0,491.0,566.0,0.9,2.0,7.0,0.3,58.0,33.0,0.6,6.0,3.0,7.0,0.4,8.0,15.0,15.0,605953,2021-10-23 16:30:00,2021
Brentford,13.0,1.0,0.0,3.0,9.0,4.0,54.4,15.0,5.0,0.3,0.0,0.0,340.0,445.0,0.8,7.0,26.0,0.3,61.0,23.0,0.4,4.0,12.0,20.0,0.6,13.0,10.0,10.0,Leicester City,7.0,1.0,0.0,1.0,2.0,4.0,45.6,10.0,6.0,0.6,0.0,0.0,286.0,387.0,0.7,2.0,5.0,0.4,69.0,22.0,0.3,1.0,9.0,18.0,0.5,9.0,41.0,41.0,605951,2021-10-24 13:00:00,2021
West Ham United,11.0,2.0,0.0,1.0,2.0,4.0,37.7,13.0,4.0,0.3,0.0,0.0,293.0,369.0,0.8,5.0,14.0,0.4,49.0,18.0,0.4,4.0,13.0,23.0,0.6,9.0,16.0,16.0,Tottenham Hotspur,4.0,1.0,0.0,0.0,4.0,3.0,62.3,7.0,4.0,0.6,0.0,0.0,543.0,637.0,0.9,3.0,16.0,0.2,49.0,19.0,0.4,1.0,8.0,15.0,0.5,16.0,12.0,12.0,605956,2021-10-24 13:00:00,2021
Manchester United,10.0,6.0,1.0,7.0,6.0,3.0,36.8,12.0,4.0,0.3,0.0,0.0,334.0,409.0,0.8,6.0,21.0,0.3,46.0,20.0,0.4,2.0,3.0,5.0,0.6,11.0,13.0,13.0,Liverpool,8.0,0.0,0.0,0.0,3.0,3.0,63.2,19.0,8.0,0.4,0.0,0.0,651.0,731.0,0.9,2.0,9.0,0.2,51.0,30.0,0.6,6.0,7.0,11.0,0.6,11.0,19.0,19.0,605952,2021-10-24 15:30:00,2021
Leicester City,8.0,2.0,0.0,2.0,7.0,4.0,64.3,16.0,8.0,0.5,0.0,0.0,541.0,621.0,0.9,5.0,22.0,0.2,57.0,31.0,0.5,3.0,6.0,11.0,0.5,7.0,15.0,15.0,Arsenal,11.0,0.0,0.0,1.0,6.0,8.0,35.7,9.0,5.0,0.6,0.0,0.0,262.0,342.0,0.8,3.0,14.0,0.2,58.0,17.0,0.3,3.0,3.0,7.0,0.4,8.0,26.0,26.0,605939,2021-10-30 11:30:00,2021
Manchester City,11.0,2.0,1.0,2.0,7.0,1.0,67.6,14.0,3.0,0.2,0.0,0.0,562.0,654.0,0.9,5.0,32.0,0.2,52.0,32.0,0.6,7.0,10.0,16.0,0.6,6.0,4.0,4.0,Crystal Palace,11.0,3.0,0.0,5.0,1.0,3.0,32.4,8.0,3.0,0.4,0.0,0.0,231.0,319.0,0.7,2.0,4.0,0.5,66.0,22.0,0.3,1.0,13.0,21.0,0.6,11.0,29.0,29.0,605943,2021-10-30 14:00:00,2021
Burnley,7.0,1.0,0.0,3.0,4.0,3.0,40.6,15.0,6.0,0.4,0.0,0.0,245.0,356.0,0.7,4.0,15.0,0.3,71.0,32.0,0.5,0.0,5.0,8.0,0.6,21.0,29.0,29.0,Brentford,10.0,1.0,0.0,4.0,2.0,2.0,59.4,12.0,5.0,0.4,0.0,0.0,398.0,521.0,0.8,3.0,22.0,0.1,77.0,31.0,0.4,4.0,10.0,12.0,0.8,15.0,16.0,16.0,605940,2021-10-30 14:00:00,2021
Liverpool,8.0,2.0,0.0,1.0,5.0,4.0,58.4,14.0,3.0,0.2,0.0,0.0,552.0,641.0,0.9,3.0,20.0,0.2,58.0,30.0,0.5,6.0,5.0,10.0,0.5,16.0,18.0,18.0,Brighton & Hove Albion,5.0,2.0,0.0,5.0,3.0,1.0,41.6,9.0,6.0,0.7,0.0,0.0,361.0,464.0,0.8,3.0,11.0,0.3,73.0,32.0,0.4,1.0,10.0,20.0,0.5,16.0,17.0,17.0,605941,2021-10-30 14:00:00,2021
Newcastle United,0.0,0.0,0.0,0.0,0.0,0.0,0.0,0.0,0.0,0.0,0.0,0.0,0.0,0.0,0.0,0.0,0.0,0.0,0.0,0.0,0.0,0.0,0.0,0.0,0.0,0.0,0.0,0.0,Chelsea,0.0,0.0,0.0,0.0,0.0,0.0,0.0,0.0,0.0,0.0,0.0,0.0,0.0,0.0,0.0,0.0,0.0,0.0,0.0,0.0,0.0,0.0,0.0,0.0,0.0,0.0,0.0,0.0,605942,2021-10-30 14:00:00,2021
Watford,16.0,2.0,0.0,2.0,5.0,0.0,38.7,10.0,4.0,0.4,0.0,0.0,198.0,297.0,0.7,4.0,30.0,0.1,69.0,27.0,0.4,0.0,7.0,15.0,0.5,12.0,27.0,27.0,Southampton,6.0,2.0,0.0,0.0,8.0,3.0,61.3,12.0,1.0,0.1,0.0,0.0,364.0,482.0,0.8,5.0,26.0,0.2,58.0,27.0,0.5,5.0,10.0,15.0,0.7,12.0,25.0,25.0,605947,2021-10-30 14:00:00,2021
Tottenham Hotspur,12.0,2.0,0.0,4.0,10.0,1.0,58.2,9.0,0.0,0.0,0.0,0.0,486.0,570.0,0.9,3.0,29.0,0.1,32.0,10.0,0.3,3.0,10.0,19.0,0.5,10.0,6.0,6.0,Manchester United,14.0,3.0,0.0,1.0,2.0,0.0,41.8,10.0,4.0,0.4,0.0,0.0,339.0,421.0,0.8,3.0,8.0,0.4,51.0,24.0,0.5,4.0,12.0,17.0,0.7,7.0,27.0,27.0,605946,2021-10-30 16:30:00,2021
Norwich City,14.0,1.0,0.0,0.0,5.0,3.0,47.9,14.0,3.0,0.2,0.0,0.0,210.0,310.0,0.7,4.0,18.0,0.2,63.0,19.0,0.3,5.0,8.0,17.0,0.5,7.0,7.0,7.0,Leeds United,23.0,4.0,0.0,0.0,0.0,2.0,52.1,13.0,6.0,0.5,0.0,0.0,252.0,345.0,0.7,2.0,7.0,0.3,58.0,24.0,0.4,5.0,10.0,21.0,0.5,7.0,20.0,20.0,605945,2021-10-31 14:00:00,2021
Aston Villa,0.0,0.0,0.0,0.0,0.0,0.0,0.0,0.0,0.0,0.0,0.0,0.0,0.0,0.0,0.0,0.0,0.0,0.0,0.0,0.0,0.0,0.0,0.0,0.0,0.0,0.0,0.0,0.0,West Ham United,0.0,0.0,0.0,0.0,0.0,0.0,0.0,0.0,0.0,0.0,0.0,0.0,0.0,0.0,0.0,0.0,0.0,0.0,0.0,0.0,0.0,0.0,0.0,0.0,0.0,0.0,0.0,0.0,605948,2021-10-31 16:30:00,2021
Wolverhampton Wanderers,10.0,1.0,0.0,1.0,4.0,4.0,62.0,10.0,4.0,0.4,0.0,0.0,523.0,617.0,0.8,2.0,9.0,0.2,87.0,46.0,0.5,3.0,9.0,15.0,0.6,11.0,18.0,18.0,Everton,8.0,1.0,0.0,2.0,3.0,2.0,38.0,14.0,5.0,0.4,0.0,0.0,280.0,373.0,0.8,5.0,14.0,0.4,54.0,18.0,0.3,4.0,15.0,26.0,0.6,13.0,13.0,13.0,605944,2021-11-01 20:00:00,2021
Southampton,12.0,2.0,0.0,0.0,10.0,3.0,56.4,9.0,3.0,0.3,0.0,0.0,347.0,431.0,0.8,6.0,24.0,0.3,56.0,20.0,0.4,2.0,11.0,14.0,0.8,14.0,26.0,26.0,Aston Villa,12.0,2.0,0.0,2.0,8.0,2.0,43.6,14.0,3.0,0.2,0.0,0.0,234.0,327.0,0.7,3.0,23.0,0.1,49.0,23.0,0.5,4.0,10.0,22.0,0.5,11.0,20.0,20.0,605929,2021-11-05 20:00:00,2021
Manchester United,9.0,1.0,0.0,4.0,1.0,5.0,32.6,5.0,1.0,0.2,0.0,0.0,326.0,400.0,0.8,2.0,9.0,0.2,42.0,17.0,0.4,1.0,11.0,18.0,0.6,6.0,22.0,22.0,Manchester City,12.0,2.0,0.0,1.0,9.0,1.0,67.4,16.0,5.0,0.3,0.0,0.0,762.0,832.0,0.9,3.0,19.0,0.2,49.0,39.0,0.8,4.0,6.0,12.0,0.5,6.0,5.0,5.0,605933,2021-11-06 12:30:00,2021
Chelsea,6.0,1.0,0.0,1.0,14.0,1.0,69.9,25.0,4.0,0.2,0.0,0.0,570.0,660.0,0.9,11.0,24.0,0.5,58.0,34.0,0.6,11.0,5.0,8.0,0.6,4.0,3.0,3.0,Burnley,9.0,4.0,0.0,4.0,2.0,4.0,30.1,5.0,2.0,0.4,0.0,0.0,197.0,285.0,0.7,4.0,10.0,0.4,70.0,32.0,0.5,1.0,9.0,17.0,0.5,15.0,25.0,25.0,605930,2021-11-06 15:00:00,2021
Brentford,12.0,2.0,0.0,2.0,6.0,4.0,64.5,19.0,7.0,0.4,0.0,0.0,435.0,559.0,0.8,11.0,35.0,0.3,77.0,45.0,0.6,7.0,14.0,19.0,0.7,3.0,10.0,10.0,Norwich City,13.0,3.0,0.0,3.0,2.0,6.0,35.5,9.0,5.0,0.6,1.0,1.0,211.0,313.0,0.7,1.0,11.0,0.1,77.0,24.0,0.3,1.0,7.0,16.0,0.4,8.0,36.0,36.0,605935,2021-11-06 15:00:00,2021
Crystal Palace,14.0,2.0,0.0,1.0,4.0,2.0,59.7,13.0,6.0,0.5,0.0,0.0,459.0,547.0,0.8,4.0,12.0,0.3,53.0,24.0,0.5,2.0,14.0,28.0,0.5,13.0,12.0,12.0,Wolverhampton Wanderers,13.0,1.0,0.0,1.0,6.0,4.0,40.3,4.0,2.0,0.5,0.0,0.0,268.0,360.0,0.7,3.0,10.0,0.3,73.0,28.0,0.4,0.0,20.0,32.0,0.6,6.0,11.0,11.0,605938,2021-11-06 15:00:00,2021
Brighton & Hove Albion,16.0,3.0,1.0,1.0,2.0,1.0,65.7,14.0,5.0,0.4,1.0,1.0,591.0,654.0,0.9,7.0,17.0,0.4,51.0,28.0,0.5,3.0,12.0,15.0,0.8,6.0,23.0,23.0,Newcastle United,10.0,4.0,0.0,1.0,5.0,4.0,34.3,6.0,1.0,0.2,0.0,0.0,259.0,326.0,0.8,2.0,18.0,0.1,43.0,18.0,0.4,1.0,15.0,23.0,0.7,9.0,9.0,9.0,605934,2021-11-06 17:30:00,2021
Arsenal,6.0,4.0,0.0,3.0,4.0,1.0,60.6,14.0,6.0,0.4,0.0,1.0,409.0,488.0,0.8,7.0,25.0,0.3,49.0,24.0,0.5,3.0,12.0,22.0,0.5,7.0,22.0,22.0,Watford,19.0,2.0,1.0,3.0,2.0,5.0,39.4,7.0,1.0,0.1,0.0,0.0,228.0,317.0,0.7,5.0,15.0,0.3,62.0,20.0,0.3,4.0,10.0,15.0,0.7,11.0,22.0,22.0,605937,2021-11-07 14:00:00,2021
Everton,13.0,2.0,1.0,1.0,4.0,0.0,44.8,12.0,2.0,0.2,0.0,0.0,346.0,428.0,0.8,5.0,15.0,0.3,64.0,28.0,0.4,6.0,13.0,22.0,0.6,15.0,13.0,13.0,Tottenham Hotspur,17.0,4.0,0.0,2.0,2.0,2.0,55.2,8.0,0.0,0.0,0.0,0.0,453.0,534.0,0.8,3.0,12.0,0.3,35.0,18.0,0.5,4.0,10.0,16.0,0.6,8.0,18.0,18.0,605936,2021-11-07 14:00:00,2021
Leeds United,12.0,1.0,0.0,1.0,10.0,2.0,55.8,18.0,5.0,0.3,0.0,0.0,334.0,431.0,0.8,4.0,31.0,0.1,52.0,24.0,0.5,4.0,9.0,12.0,0.8,18.0,14.0,14.0,Leicester City,5.0,1.0,0.0,2.0,5.0,4.0,44.2,9.0,3.0,0.3,0.0,0.0,253.0,356.0,0.7,1.0,10.0,0.1,55.0,17.0,0.3,0.0,18.0,33.0,0.5,9.0,32.0,32.0,605931,2021-11-07 14:00:00,2021
West Ham United,11.0,1.0,0.0,2.0,3.0,3.0,30.9,7.0,3.0,0.4,0.0,0.0,211.0,299.0,0.7,4.0,16.0,0.3,62.0,26.0,0.4,2.0,3.0,8.0,0.4,14.0,35.0,35.0,Liverpool,6.0,1.0,0.0,0.0,2.0,1.0,69.1,16.0,5.0,0.3,0.0,0.0,590.0,683.0,0.9,6.0,24.0,0.3,47.0,27.0,0.6,6.0,4.0,6.0,0.7,12.0,13.0,13.0,605932,2021-11-07 16:30:00,2021
Leicester City,15.0,3.0,0.0,3.0,3.0,4.0,38.3,4.0,3.0,0.8,0.0,0.0,274.0,374.0,0.7,2.0,6.0,0.3,45.0,13.0,0.3,0.0,9.0,20.0,0.5,13.0,11.0,11.0,Chelsea,8.0,1.0,0.0,4.0,5.0,3.0,61.7,16.0,7.0,0.4,0.0,0.0,516.0,607.0,0.9,3.0,12.0,0.3,47.0,27.0,0.6,2.0,13.0,15.0,0.9,4.0,10.0,10.0,605922,2021-11-20 12:30:00,2021
Newcastle United,13.0,2.0,0.0,0.0,8.0,1.0,52.2,23.0,9.0,0.4,0.0,0.0,256.0,354.0,0.7,10.0,31.0,0.3,71.0,32.0,0.5,5.0,6.0,13.0,0.5,10.0,18.0,18.0,Brentford,11.0,2.0,0.0,2.0,2.0,6.0,47.8,10.0,4.0,0.4,0.0,0.0,226.0,335.0,0.7,1.0,11.0,0.1,77.0,32.0,0.4,2.0,13.0,21.0,0.6,7.0,35.0,35.0,605920,2021-11-20 15:00:00,2021
Aston Villa,0.0,0.0,0.0,0.0,0.0,0.0,0.0,0.0,0.0,0.0,0.0,0.0,0.0,0.0,0.0,0.0,0.0,0.0,0.0,0.0,0.0,0.0,0.0,0.0,0.0,0.0,0.0,0.0,Brighton & Hove Albion,0.0,0.0,0.0,0.0,0.0,0.0,0.0,0.0,0.0,0.0,0.0,0.0,0.0,0.0,0.0,0.0,0.0,0.0,0.0,0.0,0.0,0.0,0.0,0.0,0.0,0.0,0.0,0.0,605921,2021-11-20 15:00:00,2021
Watford,7.0,2.0,0.0,1.0,9.0,2.0,38.7,20.0,7.0,0.4,0.0,1.0,224.0,335.0,0.7,8.0,23.0,0.3,68.0,28.0,0.4,7.0,13.0,22.0,0.6,12.0,13.0,13.0,Manchester United,5.0,1.0,1.0,4.0,3.0,3.0,61.3,9.0,3.0,0.3,0.0,0.0,442.0,553.0,0.8,3.0,12.0,0.3,60.0,30.0,0.5,1.0,8.0,13.0,0.6,7.0,18.0,18.0,605926,2021-11-20 15:00:00,2021
Norwich City,8.0,3.0,0.0,0.0,5.0,4.0,37.0,8.0,4.0,0.5,0.0,0.0,225.0,333.0,0.7,3.0,19.0,0.2,68.0,22.0,0.3,2.0,8.0,16.0,0.5,13.0,24.0,24.0,Southampton,9.0,2.0,0.0,1.0,7.0,2.0,63.0,17.0,5.0,0.3,0.0,0.0,471.0,568.0,0.8,7.0,26.0,0.3,60.0,31.0,0.5,8.0,8.0,10.0,0.8,14.0,14.0,14.0,605927,2021-11-20 15:00:00,2021
Wolverhampton Wanderers,6.0,1.0,0.0,0.0,7.0,3.0,52.4,15.0,5.0,0.3,0.0,0.0,452.0,530.0,0.9,4.0,25.0,0.2,54.0,30.0,0.6,3.0,13.0,17.0,0.8,14.0,20.0,20.0,West Ham United,9.0,1.0,0.0,1.0,3.0,4.0,47.6,8.0,3.0,0.4,0.0,0.0,416.0,482.0,0.9,6.0,23.0,0.3,45.0,23.0,0.5,2.0,7.0,12.0,0.6,12.0,22.0,22.0,605928,2021-11-20 15:00:00,2021
Burnley,14.0,2.0,0.0,1.0,3.0,5.0,39.5,15.0,9.0,0.6,0.0,0.0,213.0,311.0,0.7,7.0,24.0,0.3,71.0,27.0,0.4,2.0,11.0,15.0,0.7,6.0,16.0,16.0,Crystal Palace,15.0,3.0,0.0,0.0,6.0,6.0,60.5,18.0,8.0,0.4,0.0,0.0,392.0,488.0,0.8,6.0,20.0,0.3,58.0,21.0,0.4,4.0,2.0,6.0,0.3,3.0,26.0,26.0,605923,2021-11-20 15:00:00,2021
Liverpool,0.0,0.0,0.0,0.0,0.0,0.0,0.0,0.0,0.0,0.0,0.0,0.0,0.0,0.0,0.0,0.0,0.0,0.0,0.0,0.0,0.0,0.0,0.0,0.0,0.0,0.0,0.0,0.0,Arsenal,0.0,0.0,0.0,0.0,0.0,0.0,0.0,0.0,0.0,0.0,0.0,0.0,0.0,0.0,0.0,0.0,0.0,0.0,0.0,0.0,0.0,0.0,0.0,0.0,0.0,0.0,0.0,0.0,605919,2021-11-20 17:30:00,2021
Manchester City,5.0,1.0,0.0,0.0,7.0,1.0,77.3,17.0,7.0,0.4,0.0,0.0,807.0,861.0,0.9,3.0,25.0,0.1,37.0,26.0,0.7,4.0,7.0,15.0,0.5,8.0,7.0,7.0,Everton,7.0,1.0,0.0,2.0,1.0,4.0,22.7,4.0,1.0,0.3,0.0,0.0,172.0,247.0,0.7,4.0,13.0,0.3,55.0,15.0,0.3,3.0,7.0,18.0,0.4,6.0,17.0,17.0,605924,2021-11-21 14:00:00,2021
Tottenham Hotspur,11.0,1.0,0.0,4.0,4.0,6.0,43.2,13.0,4.0,0.3,0.0,0.0,314.0,392.0,0.8,2.0,17.0,0.1,36.0,11.0,0.3,6.0,12.0,18.0,0.7,13.0,22.0,22.0,Leeds United,12.0,4.0,0.0,1.0,8.0,2.0,56.8,18.0,7.0,0.4,0.0,0.0,430.0,521.0,0.8,3.0,21.0,0.1,54.0,21.0,0.4,4.0,13.0,20.0,0.7,14.0,19.0,19.0,605925,2021-11-21 16:30:00,2021
Arsenal,6.0,1.0,0.0,0.0,4.0,5.0,65.6,24.0,6.0,0.3,0.0,0.0,563.0,646.0,0.9,2.0,18.0,0.1,42.0,22.0,0.5,6.0,8.0,14.0,0.6,3.0,12.0,12.0,Newcastle United,12.0,3.0,0.0,3.0,4.0,4.0,34.4,9.0,5.0,0.6,0.0,0.0,262.0,328.0,0.8,2.0,14.0,0.1,45.0,17.0,0.4,2.0,9.0,13.0,0.7,11.0,20.0,20.0,605913,2021-11-27 12:30:00,2021
Liverpool,7.0,0.0,0.0,2.0,5.0,3.0,64.5,20.0,6.0,0.3,0.0,0.0,492.0,613.0,0.8,5.0,16.0,0.3,64.0,32.0,0.5,5.0,10.0,13.0,0.8,6.0,24.0,24.0,Southampton,14.0,1.0,0.0,2.0,7.0,2.0,35.5,7.0,3.0,0.4,0.0,0.0,231.0,338.0,0.7,3.0,14.0,0.2,77.0,23.0,0.3,3.0,6.0,16.0,0.4,13.0,30.0,30.0,605914,2021-11-27 15:00:00,2021
Crystal Palace,12.0,3.0,0.0,1.0,7.0,1.0,63.3,8.0,3.0,0.4,0.0,0.0,501.0,577.0,0.9,5.0,30.0,0.2,64.0,45.0,0.7,1.0,15.0,20.0,0.8,9.0,6.0,6.0,Aston Villa,10.0,3.0,0.0,0.0,3.0,2.0,36.7,10.0,3.0,0.3,0.0,0.0,270.0,340.0,0.8,5.0,9.0,0.6,46.0,19.0,0.4,2.0,18.0,24.0,0.8,6.0,25.0,25.0,605909,2021-11-27 15:00:00,2021
Norwich City,11.0,2.0,0.0,1.0,4.0,2.0,43.1,14.0,4.0,0.3,0.0,0.0,372.0,443.0,0.8,3.0,22.0,0.1,51.0,23.0,0.5,3.0,17.0,23.0,0.7,8.0,13.0,13.0,Wolverhampton Wanderers,10.0,2.0,0.0,0.0,3.0,4.0,56.9,5.0,2.0,0.4,0.0,0.0,515.0,601.0,0.9,1.0,9.0,0.1,70.0,35.0,0.5,0.0,7.0,21.0,0.3,10.0,15.0,15.0,605918,2021-11-27 15:00:00,2021
Brighton & Hove Albion,12.0,1.0,0.0,2.0,6.0,4.0,56.5,20.0,4.0,0.2,0.0,0.0,387.0,496.0,0.8,4.0,19.0,0.2,49.0,21.0,0.4,2.0,8.0,11.0,0.7,11.0,13.0,13.0,Leeds United,14.0,3.0,0.0,1.0,1.0,4.0,43.5,11.0,4.0,0.4,0.0,0.0,266.0,379.0,0.7,1.0,11.0,0.1,66.0,19.0,0.3,2.0,14.0,28.0,0.5,15.0,18.0,18.0,605911,2021-11-27 17:30:00,2021
Brentford,8.0,4.0,0.0,0.0,3.0,5.0,39.7,6.0,4.0,0.7,1.0,1.0,244.0,359.0,0.7,0.0,11.0,0.0,68.0,21.0,0.3,0.0,11.0,19.0,0.6,11.0,18.0,18.0,Everton,11.0,3.0,0.0,3.0,3.0,3.0,60.3,14.0,5.0,0.4,0.0,0.0,445.0,536.0,0.8,8.0,30.0,0.3,50.0,25.0,0.5,5.0,14.0,19.0,0.7,7.0,26.0,26.0,605910,2021-11-28 14:00:00,2021
Manchester City,7.0,2.0,0.0,4.0,8.0,2.0,68.5,19.0,9.0,0.5,0.0,0.0,658.0,728.0,0.9,3.0,19.0,0.2,46.0,32.0,0.7,4.0,8.0,15.0,0.5,5.0,11.0,11.0,West Ham United,6.0,0.0,0.0,4.0,4.0,6.0,31.5,5.0,3.0,0.6,0.0,0.0,260.0,330.0,0.8,2.0,17.0,0.1,55.0,21.0,0.4,1.0,13.0,16.0,0.8,11.0,18.0,18.0,605917,2021-11-28 14:00:00,2021
Leicester City,0.0,0.0,0.0,0.0,0.0,0.0,0.0,0.0,0.0,0.0,0.0,0.0,0.0,0.0,0.0,0.0,0.0,0.0,0.0,0.0,0.0,0.0,0.0,0.0,0.0,0.0,0.0,0.0,Watford,0.0,0.0,0.0,0.0,0.0,0.0,0.0,0.0,0.0,0.0,0.0,0.0,0.0,0.0,0.0,0.0,0.0,0.0,0.0,0.0,0.0,0.0,0.0,0.0,0.0,0.0,0.0,0.0,605916,2021-11-28 14:00:00,2021
Chelsea,13.0,2.0,0.0,2.0,15.0,1.0,65.7,24.0,6.0,0.3,1.0,1.0,505.0,586.0,0.9,11.0,37.0,0.3,50.0,30.0,0.6,8.0,11.0,16.0,0.7,12.0,6.0,6.0,Manchester United,14.0,5.0,0.0,1.0,2.0,5.0,34.3,3.0,2.0,0.7,0.0,0.0,236.0,318.0,0.7,0.0,8.0,0.0,51.0,15.0,0.3,0.0,15.0,21.0,0.7,9.0,38.0,38.0,605912,2021-11-28 16:30:00,2021
Newcastle United,0.0,0.0,0.0,0.0,0.0,0.0,0.0,0.0,0.0,0.0,0.0,0.0,0.0,0.0,0.0,0.0,0.0,0.0,0.0,0.0,0.0,0.0,0.0,0.0,0.0,0.0,0.0,0.0,Norwich City,0.0,0.0,0.0,0.0,0.0,0.0,0.0,0.0,0.0,0.0,0.0,0.0,0.0,0.0,0.0,0.0,0.0,0.0,0.0,0.0,0.0,0.0,0.0,0.0,0.0,0.0,0.0,0.0,605901,2021-11-30 19:30:00,2021
Leeds United,15.0,5.0,0.0,2.0,7.0,1.0,61.9,15.0,3.0,0.2,1.0,1.0,378.0,474.0,0.8,3.0,18.0,0.2,45.0,19.0,0.4,9.0,9.0,23.0,0.4,12.0,18.0,18.0,Crystal Palace,15.0,3.0,0.0,0.0,4.0,2.0,38.1,9.0,1.0,0.1,0.0,0.0,199.0,286.0,0.7,2.0,16.0,0.1,63.0,23.0,0.4,4.0,9.0,21.0,0.4,13.0,17.0,17.0,605906,2021-11-30 20:15:00,2021
Watford,0.0,0.0,0.0,0.0,0.0,0.0,0.0,0.0,0.0,0.0,0.0,0.0,0.0,0.0,0.0,0.0,0.0,0.0,0.0,0.0,0.0,0.0,0.0,0.0,0.0,0.0,0.0,0.0,Chelsea,0.0,0.0,0.0,0.0,0.0,0.0,0.0,0.0,0.0,0.0,0.0,0.0,0.0,0.0,0.0,0.0,0.0,0.0,0.0,0.0,0.0,0.0,0.0,0.0,0.0,0.0,0.0,0.0,605905,2021-12-01 19:30:00,2021
West Ham United,10.0,1.0,0.0,1.0,9.0,2.0,34.3,14.0,6.0,0.4,0.0,0.0,197.0,271.0,0.7,4.0,25.0,0.2,47.0,22.0,0.5,2.0,7.0,13.0,0.5,14.0,18.0,18.0,Brighton & Hove Albion,8.0,1.0,0.0,0.0,5.0,4.0,65.7,9.0,3.0,0.3,0.0,0.0,462.0,540.0,0.9,4.0,18.0,0.2,40.0,26.0,0.7,2.0,12.0,19.0,0.6,5.0,28.0,28.0,605903,2021-12-01 19:30:00,2021
Wolverhampton Wanderers,5.0,2.0,0.0,1.0,5.0,1.0,65.2,16.0,2.0,0.1,0.0,0.0,470.0,589.0,0.8,4.0,27.0,0.1,80.0,34.0,0.4,5.0,7.0,14.0,0.5,10.0,18.0,18.0,Burnley,7.0,3.0,0.0,3.0,5.0,2.0,34.8,6.0,1.0,0.2,0.0,0.0,202.0,306.0,0.7,3.0,20.0,0.2,73.0,28.0,0.4,2.0,10.0,19.0,0.5,9.0,37.0,37.0,605904,2021-12-01 19:30:00,2021
Southampton,14.0,1.0,0.0,1.0,2.0,4.0,44.5,15.0,7.0,0.5,0.0,0.0,244.0,356.0,0.7,5.0,15.0,0.3,61.0,22.0,0.4,4.0,8.0,12.0,0.7,15.0,17.0,17.0,Leicester City,11.0,3.0,0.0,2.0,4.0,5.0,55.5,15.0,6.0,0.4,0.0,0.0,330.0,443.0,0.7,3.0,19.0,0.2,71.0,35.0,0.5,3.0,8.0,11.0,0.7,7.0,15.0,15.0,605900,2021-12-01 19:30:00,2021
Everton,8.0,4.0,0.0,3.0,3.0,3.0,31.3,8.0,2.0,0.3,0.0,0.0,168.0,269.0,0.6,2.0,12.0,0.2,67.0,27.0,0.4,4.0,6.0,9.0,0.7,16.0,18.0,18.0,Liverpool,16.0,3.0,0.0,1.0,11.0,1.0,68.7,16.0,7.0,0.4,0.0,0.0,489.0,599.0,0.8,4.0,21.0,0.2,59.0,31.0,0.5,4.0,11.0,15.0,0.7,9.0,14.0,14.0,605907,2021-12-01 20:15:00,2021
Aston Villa,8.0,0.0,0.0,1.0,4.0,5.0,36.0,9.0,3.0,0.3,0.0,0.0,269.0,333.0,0.8,4.0,14.0,0.3,43.0,23.0,0.5,3.0,14.0,25.0,0.6,11.0,17.0,17.0,Manchester City,12.0,0.0,0.0,0.0,11.0,2.0,64.0,17.0,7.0,0.4,0.0,0.0,547.0,611.0,0.9,3.0,18.0,0.2,50.0,37.0,0.7,5.0,9.0,11.0,0.8,9.0,13.0,13.0,605908,2021-12-01 20:15:00,2021
Tottenham Hotspur,13.0,0.0,0.0,0.0,11.0,2.0,47.0,11.0,6.0,0.5,0.0,0.0,353.0,464.0,0.8,2.0,17.0,0.1,47.0,19.0,0.4,2.0,6.0,8.0,0.8,12.0,26.0,26.0,Brentford,11.0,0.0,0.0,0.0,5.0,5.0,53.0,6.0,2.0,0.3,0.0,0.0,416.0,521.0,0.8,3.0,21.0,0.1,67.0,31.0,0.5,1.0,5.0,10.0,0.5,15.0,20.0,20.0,605899,2021-12-02 19:30:00,2021
Manchester United,9.0,1.0,0.0,0.0,3.0,5.0,44.5,14.0,10.0,0.7,1.0,1.0,354.0,431.0,0.8,2.0,12.0,0.2,41.0,20.0,0.5,1.0,13.0,18.0,0.7,9.0,18.0,18.0,Arsenal,10.0,0.0,0.0,1.0,8.0,7.0,55.5,17.0,8.0,0.5,0.0,0.0,440.0,526.0,0.8,6.0,18.0,0.3,56.0,32.0,0.6,4.0,6.0,10.0,0.6,9.0,14.0,14.0,605902,2021-12-02 20:15:00,2021
West Ham United,10.0,1.0,0.0,3.0,1.0,5.0,36.2,11.0,5.0,0.5,1.0,1.0,250.0,335.0,0.7,2.0,13.0,0.2,46.0,17.0,0.4,0.0,7.0,13.0,0.5,5.0,27.0,27.0,Chelsea,10.0,3.0,0.0,1.0,9.0,1.0,63.8,19.0,7.0,0.4,0.0,0.0,507.0,588.0,0.9,8.0,33.0,0.2,48.0,20.0,0.4,8.0,5.0,6.0,0.8,6.0,9.0,9.0,605893,2021-12-04 12:30:00,2021
Wolverhampton Wanderers,4.0,2.0,0.0,7.0,2.0,3.0,32.9,3.0,1.0,0.3,0.0,0.0,224.0,320.0,0.7,2.0,7.0,0.3,67.0,23.0,0.3,0.0,10.0,21.0,0.5,10.0,29.0,29.0,Liverpool,7.0,2.0,0.0,1.0,8.0,1.0,67.1,17.0,5.0,0.3,0.0,0.0,544.0,641.0,0.8,8.0,28.0,0.3,42.0,22.0,0.5,4.0,8.0,15.0,0.5,9.0,7.0,7.0,605896,2021-12-04 15:00:00,2021
Newcastle United,11.0,1.0,0.0,0.0,10.0,1.0,47.8,19.0,4.0,0.2,0.0,0.0,214.0,322.0,0.7,3.0,20.0,0.2,81.0,31.0,0.4,11.0,9.0,13.0,0.7,2.0,24.0,24.0,Burnley,9.0,1.0,0.0,1.0,3.0,3.0,52.2,10.0,1.0,0.1,0.0,0.0,254.0,356.0,0.7,3.0,16.0,0.2,79.0,35.0,0.4,4.0,8.0,15.0,0.5,10.0,20.0,20.0,605892,2021-12-04 15:00:00,2021
Southampton,15.0,4.0,0.0,0.0,6.0,3.0,44.4,14.0,4.0,0.3,0.0,0.0,205.0,314.0,0.7,3.0,18.0,0.2,49.0,16.0,0.3,4.0,9.0,12.0,0.8,7.0,16.0,16.0,Brighton & Hove Albion,12.0,2.0,0.0,0.0,2.0,3.0,55.6,14.0,4.0,0.3,0.0,0.0,285.0,410.0,0.7,3.0,12.0,0.3,83.0,35.0,0.4,6.0,11.0,21.0,0.5,6.0,22.0,22.0,605891,2021-12-04 15:00:00,2021
Watford,11.0,3.0,0.0,0.0,5.0,9.0,22.9,11.0,4.0,0.4,0.0,0.0,157.0,239.0,0.7,4.0,14.0,0.3,63.0,25.0,0.4,1.0,6.0,15.0,0.4,11.0,19.0,19.0,Manchester City,7.0,0.0,0.0,1.0,11.0,3.0,77.1,26.0,13.0,0.5,0.0,0.0,762.0,830.0,0.9,5.0,21.0,0.2,59.0,39.0,0.7,5.0,8.0,15.0,0.5,13.0,7.0,7.0,605897,2021-12-04 17:30:00,2021
Manchester United,16.0,2.0,0.0,3.0,9.0,2.0,61.3,16.0,3.0,0.2,0.0,0.0,436.0,530.0,0.8,5.0,20.0,0.3,59.0,37.0,0.6,6.0,11.0,24.0,0.5,8.0,14.0,14.0,Crystal Palace,9.0,2.0,0.0,0.0,6.0,2.0,38.7,8.0,2.0,0.3,0.0,0.0,236.0,331.0,0.7,4.0,13.0,0.3,54.0,21.0,0.4,3.0,15.0,23.0,0.7,8.0,22.0,22.0,605894,2021-12-05 14:00:00,2021
Tottenham Hotspur,11.0,1.0,0.0,2.0,6.0,1.0,40.8,17.0,7.0,0.4,0.0,0.0,394.0,459.0,0.9,4.0,12.0,0.3,32.0,18.0,0.6,2.0,7.0,10.0,0.7,11.0,27.0,27.0,Norwich City,4.0,2.0,0.0,4.0,4.0,4.0,59.2,10.0,1.0,0.1,0.0,0.0,589.0,667.0,0.9,4.0,16.0,0.3,74.0,42.0,0.6,3.0,12.0,18.0,0.7,6.0,6.0,6.0,605898,2021-12-05 14:00:00,2021
Leeds United,11.0,5.0,0.0,7.0,5.0,1.0,63.1,13.0,6.0,0.5,0.0,0.0,407.0,510.0,0.8,5.0,34.0,0.1,65.0,30.0,0.5,3.0,11.0,18.0,0.6,16.0,18.0,18.0,Brentford,9.0,3.0,0.0,0.0,1.0,4.0,36.9,9.0,3.0,0.3,0.0,0.0,210.0,308.0,0.7,4.0,13.0,0.3,47.0,12.0,0.3,4.0,7.0,18.0,0.4,15.0,28.0,28.0,605890,2021-12-05 14:00:00,2021
Aston Villa,8.0,1.0,0.0,1.0,3.0,3.0,41.1,13.0,4.0,0.3,0.0,0.0,271.0,359.0,0.8,4.0,16.0,0.3,49.0,13.0,0.3,5.0,13.0,21.0,0.6,10.0,21.0,21.0,Leicester City,25.0,1.0,0.0,0.0,6.0,2.0,58.9,12.0,5.0,0.4,0.0,0.0,424.0,524.0,0.8,3.0,18.0,0.2,53.0,29.0,0.5,2.0,7.0,16.0,0.4,12.0,11.0,11.0,605895,2021-12-05 16:30:00,2021
Everton,8.0,2.0,0.0,5.0,3.0,2.0,36.1,11.0,5.0,0.5,0.0,0.0,228.0,329.0,0.7,4.0,13.0,0.3,50.0,22.0,0.4,3.0,7.0,13.0,0.5,11.0,12.0,12.0,Arsenal,12.0,2.0,0.0,1.0,3.0,3.0,63.9,10.0,3.0,0.3,0.0,0.0,486.0,588.0,0.8,3.0,15.0,0.2,62.0,21.0,0.3,3.0,4.0,19.0,0.2,10.0,13.0,13.0,605889,2021-12-06 20:00:00,2021
Brentford,12.0,4.0,0.0,1.0,8.0,1.0,63.4,14.0,5.0,0.4,1.0,1.0,350.0,472.0,0.7,3.0,28.0,0.1,71.0,30.0,0.4,5.0,12.0,20.0,0.6,11.0,9.0,9.0,Watford,18.0,0.0,0.0,0.0,2.0,3.0,36.6,6.0,2.0,0.3,0.0,0.0,163.0,281.0,0.6,5.0,11.0,0.5,61.0,18.0,0.3,1.0,9.0,17.0,0.5,8.0,35.0,35.0,605886,2021-12-10 20:00:00,2021
Manchester City,12.0,3.0,0.0,1.0,14.0,1.0,71.0,24.0,10.0,0.4,1.0,1.0,679.0,746.0,0.9,8.0,33.0,0.2,38.0,33.0,0.9,6.0,8.0,11.0,0.7,12.0,1.0,1.0,Wolverhampton Wanderers,5.0,2.0,1.0,0.0,1.0,8.0,29.0,2.0,1.0,0.5,0.0,0.0,231.0,310.0,0.7,2.0,4.0,0.5,54.0,16.0,0.3,0.0,9.0,14.0,0.6,17.0,29.0,29.0,605888,2021-12-11 12:30:00,2021
Arsenal,5.0,2.0,0.0,3.0,9.0,6.0,61.3,15.0,5.0,0.3,0.0,0.0,405.0,507.0,0.8,5.0,20.0,0.3,56.0,27.0,0.5,3.0,4.0,8.0,0.5,7.0,11.0,11.0,Southampton,9.0,0.0,0.0,1.0,8.0,2.0,38.7,11.0,6.0,0.5,0.0,0.0,237.0,320.0,0.7,2.0,13.0,0.2,64.0,25.0,0.4,3.0,4.0,12.0,0.3,8.0,24.0,24.0,605884,2021-12-11 15:00:00,2021
Chelsea,9.0,2.0,0.0,1.0,5.0,3.0,57.8,16.0,6.0,0.4,2.0,2.0,348.0,415.0,0.8,5.0,16.0,0.3,36.0,24.0,0.7,5.0,13.0,18.0,0.7,12.0,12.0,12.0,Leeds United,15.0,5.0,0.0,4.0,2.0,3.0,42.2,12.0,5.0,0.4,1.0,1.0,223.0,304.0,0.7,2.0,10.0,0.2,49.0,17.0,0.3,6.0,11.0,23.0,0.5,9.0,13.0,13.0,605881,2021-12-11 15:00:00,2021
Liverpool,13.0,1.0,0.0,2.0,11.0,0.0,62.3,20.0,5.0,0.3,1.0,1.0,452.0,551.0,0.8,11.0,28.0,0.4,59.0,36.0,0.6,7.0,8.0,17.0,0.5,10.0,19.0,19.0,Aston Villa,6.0,2.0,0.0,1.0,3.0,4.0,37.7,4.0,0.0,0.0,0.0,0.0,233.0,329.0,0.7,1.0,15.0,0.1,62.0,16.0,0.3,2.0,9.0,21.0,0.4,7.0,23.0,23.0,605879,2021-12-11 15:00:00,2021
Norwich City,6.0,1.0,0.0,0.0,8.0,4.0,47.2,11.0,5.0,0.5,0.0,0.0,341.0,440.0,0.8,5.0,22.0,0.2,60.0,27.0,0.5,5.0,5.0,9.0,0.6,13.0,23.0,23.0,Manchester United,17.0,1.0,0.0,1.0,6.0,5.0,52.8,13.0,5.0,0.4,1.0,1.0,409.0,501.0,0.8,3.0,14.0,0.2,45.0,21.0,0.5,4.0,10.0,21.0,0.5,8.0,21.0,21.0,605882,2021-12-11 17:30:00,2021
Burnley,13.0,2.0,0.0,1.0,6.0,3.0,40.1,9.0,1.0,0.1,0.0,0.0,199.0,310.0,0.6,4.0,23.0,0.2,81.0,32.0,0.4,3.0,9.0,19.0,0.5,6.0,29.0,29.0,West Ham United,11.0,1.0,0.0,1.0,14.0,1.0,59.9,16.0,3.0,0.2,0.0,0.0,350.0,471.0,0.7,3.0,32.0,0.1,71.0,29.0,0.4,5.0,6.0,10.0,0.6,4.0,14.0,14.0,605887,2021-12-12 14:00:00,2021
Leicester City,9.0,2.0,0.0,0.0,4.0,3.0,47.3,8.0,5.0,0.6,1.0,1.0,317.0,400.0,0.8,1.0,9.0,0.1,58.0,23.0,0.4,1.0,13.0,20.0,0.7,6.0,26.0,26.0,Newcastle United,16.0,3.0,0.0,1.0,6.0,1.0,52.7,12.0,3.0,0.3,0.0,0.0,344.0,431.0,0.8,6.0,23.0,0.3,68.0,32.0,0.5,6.0,16.0,26.0,0.6,4.0,12.0,12.0,605883,2021-12-12 14:00:00,2021
Crystal Palace,15.0,0.0,0.0,1.0,8.0,5.0,61.2,17.0,6.0,0.4,0.0,0.0,406.0,487.0,0.8,5.0,18.0,0.3,47.0,25.0,0.5,6.0,12.0,15.0,0.8,4.0,19.0,19.0,Everton,14.0,2.0,0.0,0.0,2.0,3.0,38.8,12.0,6.0,0.5,0.0,0.0,215.0,306.0,0.7,2.0,15.0,0.1,67.0,19.0,0.3,5.0,16.0,25.0,0.6,5.0,25.0,25.0,605880,2021-12-12 16:30:00,2021
Norwich City,12.0,3.0,0.0,0.0,7.0,4.0,50.2,7.0,3.0,0.4,0.0,0.0,373.0,451.0,0.8,6.0,18.0,0.3,66.0,35.0,0.5,3.0,14.0,23.0,0.6,12.0,27.0,27.0,Aston Villa,9.0,1.0,0.0,0.0,10.0,3.0,49.8,17.0,6.0,0.4,0.0,0.0,371.0,447.0,0.8,4.0,19.0,0.2,38.0,22.0,0.6,8.0,8.0,17.0,0.5,7.0,16.0,16.0,605873,2021-12-14 19:45:00,2021
Manchester City,5.0,1.0,0.0,1.0,6.0,3.0,64.2,31.0,15.0,0.5,0.0,0.0,557.0,608.0,0.9,6.0,17.0,0.4,24.0,16.0,0.7,7.0,5.0,12.0,0.4,9.0,12.0,12.0,Leeds United,9.0,1.0,0.0,0.0,2.0,8.0,35.8,6.0,3.0,0.5,0.0,0.0,273.0,338.0,0.8,1.0,6.0,0.2,41.0,16.0,0.4,1.0,8.0,15.0,0.5,7.0,13.0,13.0,605870,2021-12-14 20:00:00,2021
Crystal Palace,16.0,2.0,0.0,1.0,4.0,2.0,59.7,9.0,6.0,0.7,0.0,0.0,333.0,448.0,0.7,3.0,20.0,0.2,81.0,38.0,0.5,1.0,10.0,20.0,0.5,10.0,30.0,30.0,Southampton,20.0,4.0,0.0,3.0,6.0,4.0,40.3,15.0,4.0,0.3,0.0,0.0,193.0,299.0,0.6,5.0,19.0,0.3,56.0,23.0,0.4,4.0,20.0,24.0,0.8,11.0,24.0,24.0,605872,2021-12-15 19:30:00,2021
Brighton & Hove Albion,11.0,2.0,0.0,1.0,7.0,4.0,59.3,12.0,2.0,0.2,0.0,0.0,441.0,524.0,0.8,3.0,25.0,0.1,37.0,15.0,0.4,3.0,8.0,16.0,0.5,10.0,10.0,10.0,Wolverhampton Wanderers,15.0,0.0,0.0,1.0,4.0,2.0,40.7,8.0,5.0,0.6,0.0,0.0,283.0,365.0,0.8,0.0,13.0,0.0,64.0,24.0,0.4,1.0,9.0,17.0,0.5,10.0,22.0,22.0,605878,2021-12-15 19:30:00,2021
Arsenal,9.0,2.0,0.0,0.0,5.0,1.0,56.2,21.0,8.0,0.4,0.0,1.0,420.0,501.0,0.8,4.0,16.0,0.3,47.0,27.0,0.6,8.0,13.0,22.0,0.6,5.0,19.0,19.0,West Ham United,9.0,0.0,1.0,0.0,2.0,6.0,43.8,7.0,1.0,0.1,0.0,0.0,314.0,387.0,0.8,3.0,17.0,0.2,56.0,26.0,0.5,3.0,14.0,18.0,0.8,11.0,21.0,21.0,605877,2021-12-15 20:00:00,2021
Chelsea,11.0,2.0,0.0,0.0,7.0,2.0,80.1,23.0,10.0,0.4,0.0,0.0,698.0,777.0,0.9,8.0,22.0,0.4,36.0,17.0,0.5,3.0,8.0,11.0,0.7,2.0,7.0,7.0,Everton,11.0,3.0,0.0,2.0,1.0,9.0,19.9,5.0,3.0,0.6,0.0,0.0,108.0,194.0,0.6,2.0,5.0,0.4,62.0,19.0,0.3,1.0,8.0,19.0,0.4,9.0,22.0,22.0,605869,2021-12-16 19:45:00,2021
Liverpool,9.0,1.0,0.0,2.0,11.0,2.0,74.2,23.0,8.0,0.3,0.0,0.0,628.0,738.0,0.9,7.0,23.0,0.3,55.0,30.0,0.5,6.0,9.0,12.0,0.8,9.0,3.0,3.0,Newcastle United,4.0,3.0,0.0,1.0,0.0,6.0,25.8,5.0,3.0,0.6,0.0,0.0,155.0,258.0,0.6,1.0,6.0,0.2,72.0,22.0,0.3,0.0,20.0,24.0,0.8,22.0,28.0,28.0,605871,2021-12-16 20:00:00,2021
Leeds United,11.0,3.0,0.0,0.0,1.0,8.0,50.9,9.0,2.0,0.2,1.0,1.0,312.0,405.0,0.8,3.0,9.0,0.3,49.0,24.0,0.5,1.0,4.0,14.0,0.3,9.0,15.0,15.0,Arsenal,7.0,1.0,0.0,1.0,4.0,1.0,49.1,21.0,12.0,0.6,0.0,0.0,305.0,392.0,0.8,2.0,7.0,0.3,46.0,17.0,0.4,6.0,7.0,13.0,0.5,11.0,8.0,8.0,605859,2021-12-18 17:30:00,2021
Newcastle United,9.0,1.0,0.0,4.0,3.0,3.0,28.1,5.0,1.0,0.2,0.0,0.0,215.0,265.0,0.8,2.0,12.0,0.2,41.0,23.0,0.6,0.0,7.0,13.0,0.5,11.0,16.0,16.0,Manchester City,6.0,2.0,0.0,2.0,6.0,1.0,71.9,18.0,7.0,0.4,0.0,0.0,646.0,709.0,0.9,5.0,12.0,0.4,49.0,26.0,0.5,3.0,10.0,21.0,0.5,5.0,9.0,9.0,605867,2021-12-19 14:00:00,2021
Wolverhampton Wanderers,0.0,0.0,0.0,0.0,0.0,0.0,0.0,0.0,0.0,0.0,0.0,0.0,0.0,0.0,0.0,0.0,0.0,0.0,0.0,0.0,0.0,0.0,0.0,0.0,0.0,0.0,0.0,0.0,Chelsea,0.0,0.0,0.0,0.0,0.0,0.0,0.0,0.0,0.0,0.0,0.0,0.0,0.0,0.0,0.0,0.0,0.0,0.0,0.0,0.0,0.0,0.0,0.0,0.0,0.0,0.0,0.0,0.0,605863,2021-12-19 14:00:00,2021
Tottenham Hotspur,12.0,4.0,0.0,3.0,6.0,4.0,43.7,10.0,5.0,0.5,0.0,0.0,315.0,413.0,0.8,3.0,13.0,0.2,59.0,31.0,0.5,2.0,11.0,15.0,0.7,8.0,25.0,25.0,Liverpool,11.0,4.0,1.0,1.0,4.0,3.0,56.3,18.0,6.0,0.3,0.0,0.0,423.0,519.0,0.8,6.0,27.0,0.2,62.0,31.0,0.5,6.0,13.0,25.0,0.5,11.0,15.0,15.0,605866,2021-12-19 16:30:00,2021
Tottenham Hotspur,16.0,1.0,0.0,1.0,4.0,0.0,59.7,17.0,6.0,0.4,0.0,0.0,548.0,602.0,0.9,14.0,22.0,0.6,41.0,29.0,0.7,5.0,15.0,23.0,0.7,12.0,9.0,9.0,Crystal Palace,9.0,1.0,1.0,0.0,2.0,3.0,40.3,4.0,0.0,0.0,0.0,0.0,336.0,406.0,0.8,4.0,12.0,0.3,58.0,22.0,0.4,2.0,10.0,18.0,0.6,12.0,7.0,7.0,605852,2021-12-26 15:00:00,2021
Norwich City,13.0,1.0,0.0,3.0,3.0,1.0,35.2,4.0,2.0,0.5,0.0,0.0,228.0,314.0,0.7,1.0,9.0,0.1,53.0,20.0,0.4,1.0,8.0,17.0,0.5,13.0,12.0,12.0,Arsenal,7.0,2.0,0.0,2.0,5.0,2.0,64.8,16.0,6.0,0.4,1.0,1.0,493.0,585.0,0.8,2.0,9.0,0.2,49.0,23.0,0.5,6.0,11.0,13.0,0.8,8.0,9.0,9.0,605849,2021-12-26 15:00:00,2021
Manchester City,11.0,1.0,0.0,2.0,14.0,5.0,71.8,17.0,9.0,0.5,2.0,2.0,693.0,736.0,0.9,6.0,24.0,0.3,26.0,17.0,0.7,5.0,3.0,7.0,0.4,3.0,9.0,9.0,Leicester City,9.0,2.0,0.0,1.0,4.0,2.0,28.2,14.0,8.0,0.6,0.0,0.0,251.0,289.0,0.9,3.0,10.0,0.3,34.0,15.0,0.4,1.0,10.0,15.0,0.7,9.0,25.0,25.0,605855,2021-12-26 15:00:00,2021
West Ham United,10.0,2.0,0.0,2.0,10.0,3.0,55.8,11.0,5.0,0.5,0.0,0.0,362.0,451.0,0.8,4.0,36.0,0.1,55.0,27.0,0.5,3.0,10.0,13.0,0.8,9.0,11.0,11.0,Southampton,9.0,3.0,0.0,1.0,2.0,2.0,44.2,11.0,6.0,0.5,1.0,1.0,290.0,378.0,0.8,3.0,8.0,0.4,59.0,20.0,0.3,3.0,10.0,19.0,0.5,13.0,37.0,37.0,605857,2021-12-26 15:00:00,2021
Aston Villa,8.0,3.0,0.0,2.0,2.0,1.0,42.1,8.0,1.0,0.1,0.0,0.0,382.0,446.0,0.9,1.0,12.0,0.1,29.0,16.0,0.6,5.0,9.0,17.0,0.5,12.0,22.0,22.0,Chelsea,11.0,1.0,0.0,2.0,5.0,1.0,57.9,10.0,4.0,0.4,2.0,2.0,541.0,609.0,0.9,3.0,21.0,0.1,59.0,40.0,0.7,3.0,10.0,17.0,0.6,16.0,18.0,18.0,605851,2021-12-26 17:30:00,2021
Brighton & Hove Albion,8.0,1.0,0.0,2.0,6.0,5.0,50.4,15.0,5.0,0.3,0.0,0.0,375.0,467.0,0.8,4.0,16.0,0.3,55.0,21.0,0.4,3.0,7.0,13.0,0.5,11.0,23.0,23.0,Brentford,10.0,3.0,0.0,3.0,9.0,3.0,49.6,16.0,6.0,0.4,0.0,0.0,348.0,450.0,0.8,4.0,24.0,0.2,50.0,19.0,0.4,4.0,9.0,16.0,0.6,12.0,21.0,21.0,605850,2021-12-26 20:00:00,2021
Newcastle United,11.0,3.0,0.0,2.0,2.0,2.0,31.4,13.0,8.0,0.6,0.0,0.0,167.0,259.0,0.6,0.0,9.0,0.0,62.0,25.0,0.4,2.0,10.0,18.0,0.6,17.0,20.0,20.0,Manchester United,8.0,3.0,0.0,3.0,3.0,7.0,68.6,13.0,4.0,0.3,0.0,0.0,455.0,566.0,0.8,6.0,23.0,0.3,67.0,30.0,0.4,6.0,10.0,17.0,0.6,10.0,19.0,19.0,605856,2021-12-27 20:00:00,2021
Southampton,0.0,0.0,0.0,0.0,0.0,0.0,0.0,0.0,0.0,0.0,0.0,0.0,0.0,0.0,0.0,0.0,0.0,0.0,0.0,0.0,0.0,0.0,0.0,0.0,0.0,0.0,0.0,0.0,Tottenham Hotspur,0.0,0.0,0.0,0.0,0.0,0.0,0.0,0.0,0.0,0.0,0.0,0.0,0.0,0.0,0.0,0.0,0.0,0.0,0.0,0.0,0.0,0.0,0.0,0.0,0.0,0.0,0.0,0.0,605846,2021-12-28 15:00:00,2021
Watford,0.0,0.0,0.0,0.0,0.0,0.0,0.0,0.0,0.0,0.0,0.0,0.0,0.0,0.0,0.0,0.0,0.0,0.0,0.0,0.0,0.0,0.0,0.0,0.0,0.0,0.0,0.0,0.0,West Ham United,0.0,0.0,0.0,0.0,0.0,0.0,0.0,0.0,0.0,0.0,0.0,0.0,0.0,0.0,0.0,0.0,0.0,0.0,0.0,0.0,0.0,0.0,0.0,0.0,0.0,0.0,0.0,0.0,605847,2021-12-28 15:00:00,2021
Crystal Palace,9.0,1.0,0.0,1.0,8.0,2.0,50.9,19.0,6.0,0.3,1.0,1.0,306.0,391.0,0.8,6.0,21.0,0.3,66.0,35.0,0.5,7.0,16.0,26.0,0.6,6.0,14.0,14.0,Norwich City,13.0,2.0,0.0,3.0,8.0,3.0,49.1,12.0,3.0,0.3,0.0,0.0,298.0,376.0,0.8,5.0,19.0,0.3,61.0,34.0,0.6,7.0,8.0,16.0,0.5,5.0,23.0,23.0,605845,2021-12-28 15:00:00,2021
Leicester City,8.0,0.0,0.0,3.0,1.0,4.0,36.6,6.0,1.0,0.2,0.0,0.0,262.0,358.0,0.7,1.0,4.0,0.3,62.0,29.0,0.5,3.0,9.0,17.0,0.5,31.0,38.0,38.0,Liverpool,0.0,0.0,0.0,0.0,0.0,0.0,0.0,0.0,0.0,0.0,0.0,0.0,0.0,0.0,0.0,0.0,0.0,0.0,0.0,0.0,0.0,0.0,0.0,0.0,0.0,0.0,0.0,0.0,605842,2021-12-28 20:00:00,2021
Chelsea,14.0,4.0,0.0,1.0,10.0,5.0,47.7,11.0,5.0,0.5,0.0,0.0,343.0,430.0,0.8,5.0,20.0,0.3,50.0,22.0,0.4,3.0,15.0,23.0,0.7,10.0,26.0,26.0,Brighton & Hove Albion,7.0,1.0,0.0,0.0,8.0,4.0,52.3,18.0,6.0,0.3,0.0,0.0,379.0,473.0,0.8,6.0,23.0,0.3,47.0,18.0,0.4,4.0,14.0,23.0,0.6,9.0,19.0,19.0,605840,2021-12-29 19:30:00,2021
Brentford,12.0,0.0,0.0,0.0,3.0,2.0,23.7,6.0,2.0,0.3,0.0,0.0,136.0,217.0,0.6,1.0,10.0,0.1,59.0,16.0,0.3,2.0,6.0,17.0,0.4,16.0,17.0,17.0,Manchester City,10.0,0.0,0.0,3.0,5.0,3.0,76.3,12.0,3.0,0.3,0.0,0.0,634.0,716.0,0.9,3.0,21.0,0.1,45.0,26.0,0.6,4.0,4.0,11.0,0.4,8.0,10.0,10.0,605843,2021-12-29 20:15:00,2021
Manchester United,5.0,0.0,0.0,2.0,7.0,2.0,57.3,18.0,6.0,0.3,0.0,0.0,377.0,484.0,0.8,6.0,26.0,0.2,68.0,28.0,0.4,3.0,5.0,8.0,0.6,5.0,14.0,14.0,Burnley,10.0,0.0,0.0,4.0,5.0,4.0,42.7,10.0,3.0,0.3,0.0,0.0,275.0,355.0,0.8,5.0,23.0,0.2,72.0,36.0,0.5,3.0,6.0,14.0,0.4,8.0,23.0,23.0,605841,2021-12-30 20:15:00,2021
Arsenal,13.0,3.0,1.0,1.0,5.0,0.0,28.8,7.0,2.0,0.3,0.0,0.0,179.0,249.0,0.7,1.0,15.0,0.1,60.0,22.0,0.4,1.0,6.0,16.0,0.4,10.0,15.0,15.0,Manchester City,5.0,2.0,0.0,2.0,5.0,1.0,71.2,15.0,2.0,0.1,1.0,1.0,572.0,644.0,0.9,3.0,9.0,0.3,51.0,32.0,0.6,7.0,7.0,14.0,0.5,2.0,23.0,23.0,605833,2022-01-01 12:30:00,2022
Watford,6.0,0.0,0.0,1.0,3.0,9.0,25.8,6.0,4.0,0.7,0.0,0.0,168.0,251.0,0.7,1.0,9.0,0.1,70.0,25.0,0.4,0.0,8.0,16.0,0.5,8.0,40.0,40.0,Tottenham Hotspur,9.0,1.0,0.0,3.0,7.0,4.0,74.2,21.0,9.0,0.4,0.0,0.0,635.0,715.0,0.9,8.0,43.0,0.2,55.0,36.0,0.7,6.0,8.0,16.0,0.5,3.0,10.0,10.0,605836,2022-01-01 15:00:00,2022
Crystal Palace,6.0,0.0,0.0,0.0,9.0,2.0,62.7,22.0,6.0,0.3,0.0,0.0,487.0,558.0,0.9,12.0,38.0,0.3,57.0,36.0,0.6,5.0,12.0,15.0,0.8,6.0,17.0,17.0,West Ham United,16.0,2.0,0.0,2.0,1.0,4.0,37.3,10.0,5.0,0.5,1.0,1.0,246.0,339.0,0.7,7.0,15.0,0.5,64.0,19.0,0.3,1.0,18.0,31.0,0.6,11.0,37.0,37.0,605837,2022-01-01 17:30:00,2022
Brentford,17.0,2.0,0.0,0.0,3.0,4.0,45.4,10.0,4.0,0.4,0.0,0.0,299.0,400.0,0.7,2.0,13.0,0.2,48.0,15.0,0.3,0.0,15.0,20.0,0.8,8.0,19.0,19.0,Aston Villa,11.0,2.0,0.0,4.0,7.0,2.0,54.6,16.0,5.0,0.3,0.0,0.0,402.0,491.0,0.8,3.0,10.0,0.3,46.0,21.0,0.5,5.0,6.0,11.0,0.5,6.0,12.0,12.0,605829,2022-01-02 14:00:00,2022
Everton,5.0,1.0,0.0,1.0,8.0,2.0,49.9,17.0,6.0,0.4,0.0,1.0,288.0,399.0,0.7,8.0,29.0,0.3,70.0,28.0,0.4,4.0,11.0,17.0,0.6,9.0,11.0,11.0,Brighton & Hove Albion,12.0,1.0,0.0,1.0,5.0,4.0,50.1,12.0,5.0,0.4,0.0,0.0,307.0,425.0,0.7,6.0,10.0,0.6,68.0,18.0,0.3,4.0,15.0,25.0,0.6,6.0,33.0,33.0,605830,2022-01-02 14:00:00,2022
Leeds United,11.0,2.0,0.0,5.0,9.0,1.0,55.3,22.0,7.0,0.3,0.0,0.0,255.0,360.0,0.7,8.0,23.0,0.3,71.0,30.0,0.4,9.0,11.0,18.0,0.6,10.0,21.0,21.0,Burnley,7.0,1.0,0.0,1.0,3.0,4.0,44.7,8.0,2.0,0.3,0.0,0.0,178.0,297.0,0.6,4.0,15.0,0.3,81.0,31.0,0.4,2.0,8.0,14.0,0.6,8.0,17.0,17.0,605831,2022-01-02 14:00:00,2022
Chelsea,5.0,1.0,0.0,3.0,6.0,4.0,55.3,15.0,6.0,0.4,0.0,0.0,473.0,574.0,0.8,5.0,24.0,0.2,79.0,37.0,0.5,4.0,11.0,19.0,0.6,17.0,16.0,16.0,Liverpool,13.0,2.0,0.0,3.0,7.0,4.0,44.7,10.0,6.0,0.6,0.0,0.0,355.0,463.0,0.8,4.0,14.0,0.3,62.0,23.0,0.4,2.0,5.0,12.0,0.4,10.0,20.0,20.0,605832,2022-01-02 16:30:00,2022
Manchester United,9.0,3.0,0.0,2.0,3.0,5.0,51.3,9.0,2.0,0.2,0.0,0.0,391.0,488.0,0.8,3.0,21.0,0.1,50.0,26.0,0.5,3.0,10.0,17.0,0.6,12.0,14.0,14.0,Wolverhampton Wanderers,8.0,1.0,0.0,3.0,8.0,2.0,48.7,19.0,6.0,0.3,0.0,0.0,372.0,457.0,0.8,6.0,21.0,0.3,58.0,31.0,0.5,6.0,7.0,13.0,0.5,9.0,18.0,18.0,605838,2022-01-03 17:30:00,2022
Southampton,9.0,0.0,0.0,0.0,5.0,3.0,48.9,12.0,6.0,0.5,0.0,0.0,304.0,407.0,0.7,3.0,19.0,0.2,60.0,15.0,0.3,2.0,8.0,16.0,0.5,16.0,20.0,20.0,Brentford,8.0,1.0,0.0,1.0,2.0,3.0,51.1,5.0,4.0,0.8,0.0,0.0,313.0,428.0,0.7,4.0,13.0,0.3,57.0,22.0,0.4,1.0,6.0,15.0,0.4,7.0,14.0,14.0,605860,2022-01-11 19:45:00,2022
West Ham United,0.0,0.0,0.0,0.0,0.0,0.0,0.0,0.0,0.0,0.0,0.0,0.0,0.0,0.0,0.0,0.0,0.0,0.0,0.0,0.0,0.0,0.0,0.0,0.0,0.0,0.0,0.0,0.0,Norwich City,0.0,0.0,0.0,0.0,0.0,0.0,0.0,0.0,0.0,0.0,0.0,0.0,0.0,0.0,0.0,0.0,0.0,0.0,0.0,0.0,0.0,0.0,0.0,0.0,0.0,0.0,0.0,0.0,605868,2022-01-12 19:45:00,2022
Brighton & Hove Albion,11.0,0.0,0.0,1.0,9.0,1.0,63.3,19.0,4.0,0.2,0.0,1.0,470.0,569.0,0.8,8.0,33.0,0.2,55.0,24.0,0.4,5.0,12.0,21.0,0.6,9.0,10.0,10.0,Crystal Palace,7.0,2.0,0.0,2.0,0.0,4.0,36.7,3.0,1.0,0.3,0.0,0.0,246.0,337.0,0.7,0.0,7.0,0.0,51.0,17.0,0.3,1.0,11.0,17.0,0.6,6.0,24.0,24.0,605822,2022-01-14 20:00:00,2022
Manchester City,11.0,0.0,0.0,3.0,9.0,1.0,55.7,11.0,6.0,0.5,0.0,0.0,498.0,579.0,0.9,3.0,17.0,0.2,51.0,34.0,0.7,2.0,5.0,8.0,0.6,3.0,8.0,8.0,Chelsea,6.0,2.0,0.0,4.0,1.0,5.0,44.3,4.0,1.0,0.3,0.0,0.0,388.0,459.0,0.8,2.0,11.0,0.2,45.0,11.0,0.2,1.0,13.0,22.0,0.6,11.0,24.0,24.0,605821,2022-01-15 12:30:00,2022
Newcastle United,13.0,3.0,0.0,1.0,4.0,4.0,52.0,12.0,1.0,0.1,0.0,0.0,308.0,407.0,0.8,6.0,21.0,0.3,64.0,25.0,0.4,3.0,18.0,27.0,0.7,10.0,10.0,10.0,Watford,13.0,2.0,0.0,1.0,6.0,0.0,48.0,18.0,5.0,0.3,0.0,0.0,301.0,381.0,0.8,5.0,15.0,0.3,62.0,26.0,0.4,7.0,11.0,19.0,0.6,17.0,28.0,28.0,605828,2022-01-15 15:00:00,2022
Wolverhampton Wanderers,13.0,2.0,0.0,2.0,2.0,9.0,42.7,9.0,5.0,0.6,1.0,1.0,234.0,327.0,0.7,3.0,11.0,0.3,59.0,18.0,0.3,1.0,17.0,23.0,0.7,15.0,29.0,29.0,Southampton,14.0,3.0,0.0,1.0,10.0,2.0,57.3,13.0,10.0,0.8,0.0,0.0,354.0,437.0,0.8,5.0,28.0,0.2,37.0,15.0,0.4,0.0,5.0,10.0,0.5,9.0,8.0,8.0,605827,2022-01-15 15:00:00,2022
Norwich City,12.0,3.0,0.0,3.0,8.0,4.0,40.4,14.0,3.0,0.2,0.0,0.0,200.0,284.0,0.7,5.0,25.0,0.2,57.0,26.0,0.5,5.0,6.0,18.0,0.3,9.0,30.0,30.0,Everton,14.0,1.0,0.0,1.0,8.0,2.0,59.6,12.0,5.0,0.4,0.0,0.0,346.0,435.0,0.8,5.0,29.0,0.2,53.0,19.0,0.4,6.0,13.0,18.0,0.7,8.0,20.0,20.0,605823,2022-01-15 15:00:00,2022
Aston Villa,8.0,1.0,0.0,1.0,3.0,4.0,54.6,13.0,9.0,0.7,0.0,0.0,454.0,540.0,0.8,6.0,18.0,0.3,38.0,16.0,0.4,0.0,13.0,17.0,0.8,12.0,16.0,16.0,Manchester United,13.0,2.0,0.0,1.0,6.0,7.0,45.4,13.0,6.0,0.5,0.0,0.0,368.0,451.0,0.8,4.0,13.0,0.3,52.0,23.0,0.4,3.0,11.0,23.0,0.5,15.0,19.0,19.0,605826,2022-01-15 17:30:00,2022
Liverpool,6.0,0.0,0.0,2.0,9.0,1.0,68.3,27.0,13.0,0.5,0.0,0.0,589.0,712.0,0.8,4.0,32.0,0.1,75.0,35.0,0.5,6.0,7.0,9.0,0.8,9.0,5.0,5.0,Brentford,6.0,1.0,0.0,7.0,0.0,10.0,31.7,6.0,1.0,0.2,0.0,0.0,213.0,340.0,0.6,0.0,4.0,0.0,70.0,16.0,0.2,2.0,9.0,21.0,0.4,15.0,32.0,32.0,605820,2022-01-16 14:00:00,2022
West Ham United,6.0,3.0,0.0,1.0,4.0,2.0,47.4,15.0,5.0,0.3,0.0,0.0,270.0,386.0,0.7,10.0,26.0,0.4,55.0,24.0,0.4,4.0,13.0,22.0,0.6,11.0,11.0,11.0,Leeds United,9.0,2.0,0.0,1.0,3.0,3.0,52.6,18.0,5.0,0.3,0.0,0.0,322.0,442.0,0.7,6.0,16.0,0.4,73.0,24.0,0.3,4.0,13.0,23.0,0.6,10.0,21.0,21.0,605824,2022-01-16 14:00:00,2022
Brighton & Hove Albion,8.0,1.0,0.0,1.0,5.0,2.0,43.2,10.0,2.0,0.2,0.0,0.0,360.0,438.0,0.8,6.0,21.0,0.3,51.0,26.0,0.5,5.0,11.0,16.0,0.7,17.0,19.0,19.0,Chelsea,5.0,2.0,0.0,0.0,7.0,1.0,56.8,15.0,3.0,0.2,0.0,0.0,503.0,579.0,0.9,2.0,24.0,0.1,45.0,27.0,0.6,7.0,7.0,14.0,0.5,10.0,26.0,26.0,605804,2022-01-18 20:00:00,2022
Leicester City,6.0,1.0,0.0,1.0,3.0,5.0,48.8,14.0,4.0,0.3,0.0,0.0,491.0,569.0,0.9,2.0,10.0,0.2,45.0,22.0,0.5,5.0,12.0,17.0,0.7,11.0,20.0,20.0,Tottenham Hotspur,12.0,2.0,0.0,0.0,8.0,2.0,51.2,27.0,10.0,0.4,0.0,0.0,521.0,592.0,0.9,5.0,18.0,0.3,31.0,20.0,0.6,7.0,11.0,20.0,0.6,14.0,13.0,13.0,605875,2022-01-19 19:30:00,2022
Brentford,7.0,0.0,0.0,3.0,6.0,2.0,43.7,18.0,9.0,0.5,0.0,0.0,291.0,405.0,0.7,4.0,19.0,0.2,62.0,22.0,0.4,5.0,11.0,17.0,0.6,7.0,30.0,30.0,Manchester United,9.0,0.0,0.0,0.0,9.0,8.0,56.3,13.0,5.0,0.4,0.0,0.0,411.0,519.0,0.8,4.0,27.0,0.1,56.0,18.0,0.3,6.0,12.0,19.0,0.6,12.0,35.0,35.0,605874,2022-01-19 20:00:00,2022
Watford,16.0,0.0,1.0,1.0,5.0,0.0,68.5,15.0,4.0,0.3,0.0,0.0,464.0,565.0,0.8,5.0,22.0,0.2,74.0,42.0,0.6,4.0,10.0,14.0,0.7,9.0,5.0,5.0,Norwich City,11.0,1.0,0.0,1.0,1.0,3.0,31.5,7.0,2.0,0.3,0.0,0.0,152.0,259.0,0.6,2.0,5.0,0.4,58.0,13.0,0.2,3.0,11.0,16.0,0.7,9.0,14.0,14.0,605815,2022-01-21 20:00:00,2022
Everton,14.0,5.0,0.0,3.0,9.0,2.0,49.6,15.0,1.0,0.1,0.0,0.0,228.0,338.0,0.7,10.0,25.0,0.4,76.0,35.0,0.5,7.0,16.0,24.0,0.7,7.0,7.0,7.0,Aston Villa,16.0,4.0,0.0,1.0,2.0,0.0,50.4,8.0,3.0,0.4,0.0,0.0,255.0,361.0,0.7,2.0,7.0,0.3,57.0,21.0,0.4,1.0,18.0,26.0,0.7,10.0,15.0,15.0,605809,2022-01-22 12:30:00,2022
Brentford,6.0,2.0,0.0,0.0,6.0,0.0,49.5,11.0,1.0,0.1,0.0,0.0,335.0,455.0,0.7,5.0,22.0,0.2,55.0,19.0,0.3,5.0,9.0,16.0,0.6,10.0,14.0,14.0,Wolverhampton Wanderers,7.0,3.0,0.0,4.0,3.0,0.0,50.5,7.0,2.0,0.3,0.0,0.0,355.0,477.0,0.7,3.0,7.0,0.4,69.0,21.0,0.3,2.0,12.0,22.0,0.5,9.0,34.0,34.0,605818,2022-01-22 15:00:00,2022
Leeds United,9.0,4.0,0.0,0.0,6.0,2.0,63.0,13.0,4.0,0.3,0.0,0.0,377.0,477.0,0.8,3.0,22.0,0.1,53.0,24.0,0.5,5.0,13.0,21.0,0.6,7.0,20.0,20.0,Newcastle United,9.0,2.0,0.0,0.0,7.0,4.0,37.0,15.0,3.0,0.2,0.0,0.0,186.0,277.0,0.7,5.0,14.0,0.4,65.0,27.0,0.4,8.0,9.0,18.0,0.5,16.0,28.0,28.0,605814,2022-01-22 15:00:00,2022
Manchester United,9.0,1.0,0.0,4.0,3.0,2.0,56.9,18.0,3.0,0.2,0.0,0.0,453.0,548.0,0.8,3.0,17.0,0.2,51.0,22.0,0.4,6.0,11.0,17.0,0.6,4.0,15.0,15.0,West Ham United,8.0,1.0,0.0,1.0,3.0,2.0,43.1,6.0,1.0,0.2,0.0,0.0,308.0,413.0,0.7,1.0,15.0,0.1,62.0,24.0,0.4,2.0,7.0,9.0,0.8,16.0,13.0,13.0,605817,2022-01-22 15:00:00,2022
Southampton,13.0,3.0,0.0,2.0,2.0,4.0,25.8,7.0,3.0,0.4,0.0,0.0,193.0,278.0,0.7,2.0,5.0,0.4,48.0,15.0,0.3,1.0,14.0,20.0,0.7,12.0,37.0,37.0,Manchester City,5.0,0.0,0.0,0.0,11.0,2.0,74.2,20.0,5.0,0.3,0.0,0.0,700.0,777.0,0.9,8.0,45.0,0.2,44.0,31.0,0.7,7.0,10.0,21.0,0.5,8.0,4.0,4.0,605813,2022-01-22 17:30:00,2022
Arsenal,9.0,0.0,0.0,0.0,12.0,1.0,75.6,20.0,5.0,0.3,0.0,0.0,564.0,643.0,0.9,3.0,34.0,0.1,74.0,36.0,0.5,7.0,3.0,7.0,0.4,4.0,19.0,19.0,Burnley,13.0,2.0,0.0,2.0,4.0,5.0,24.4,10.0,1.0,0.1,0.0,0.0,137.0,211.0,0.6,1.0,6.0,0.2,58.0,19.0,0.3,3.0,8.0,18.0,0.4,7.0,42.0,42.0,605811,2022-01-23 14:00:00,2022
Leicester City,6.0,0.0,0.0,3.0,4.0,3.0,43.8,15.0,5.0,0.3,0.0,0.0,364.0,460.0,0.8,0.0,10.0,0.0,61.0,20.0,0.3,7.0,7.0,18.0,0.4,9.0,30.0,30.0,Brighton & Hove Albion,8.0,1.0,0.0,3.0,5.0,4.0,56.2,14.0,5.0,0.4,0.0,0.0,474.0,577.0,0.8,3.0,26.0,0.1,61.0,37.0,0.6,5.0,15.0,22.0,0.7,7.0,13.0,13.0,605810,2022-01-23 14:00:00,2022
Crystal Palace,12.0,4.0,0.0,5.0,2.0,4.0,43.4,8.0,5.0,0.6,0.0,0.0,328.0,431.0,0.8,1.0,12.0,0.1,60.0,26.0,0.4,0.0,8.0,13.0,0.6,10.0,25.0,25.0,Liverpool,10.0,1.0,0.0,2.0,5.0,4.0,56.6,14.0,7.0,0.5,1.0,1.0,465.0,576.0,0.8,4.0,19.0,0.2,74.0,35.0,0.5,1.0,6.0,7.0,0.9,9.0,11.0,11.0,605812,2022-01-23 14:00:00,2022
Chelsea,17.0,2.0,0.0,0.0,10.0,3.0,64.6,15.0,7.0,0.5,0.0,0.0,526.0,606.0,0.9,6.0,26.0,0.2,38.0,24.0,0.6,3.0,11.0,15.0,0.7,10.0,12.0,12.0,Tottenham Hotspur,14.0,1.0,0.0,1.0,3.0,5.0,35.4,6.0,3.0,0.5,0.0,0.0,267.0,341.0,0.8,1.0,5.0,0.2,38.0,15.0,0.4,1.0,7.0,14.0,0.5,12.0,26.0,26.0,605816,2022-01-23 16:30:00,2022
Burnley,16.0,1.0,0.0,3.0,4.0,5.0,51.6,13.0,2.0,0.2,0.0,0.0,270.0,391.0,0.7,4.0,14.0,0.3,81.0,33.0,0.4,4.0,6.0,14.0,0.4,6.0,21.0,21.0,Watford,9.0,2.0,0.0,0.0,7.0,2.0,48.4,11.0,5.0,0.5,0.0,0.0,245.0,359.0,0.7,6.0,22.0,0.3,78.0,26.0,0.3,2.0,11.0,16.0,0.7,19.0,28.0,28.0,605876,2022-02-05 18:00:00,2022
West Ham United,1.0,1.0,0.0,3.0,5.0,1.0,64.3,9.0,3.0,0.3,0.0,0.0,489.0,609.0,0.8,6.0,20.0,0.3,87.0,44.0,0.5,2.0,8.0,16.0,0.5,13.0,14.0,14.0,Watford,6.0,0.0,0.0,1.0,6.0,1.0,35.7,6.0,1.0,0.2,0.0,0.0,235.0,335.0,0.7,4.0,16.0,0.3,53.0,16.0,0.3,1.0,12.0,17.0,0.7,12.0,28.0,28.0,605808,2022-02-08 19:45:00,2022
Newcastle United,13.0,2.0,0.0,1.0,6.0,2.0,39.3,20.0,9.0,0.5,0.0,0.0,191.0,292.0,0.7,6.0,14.0,0.4,61.0,29.0,0.5,5.0,7.0,21.0,0.3,17.0,12.0,12.0,Everton,13.0,3.0,0.0,1.0,2.0,7.0,60.7,11.0,3.0,0.3,0.0,0.0,350.0,454.0,0.8,3.0,13.0,0.2,46.0,11.0,0.2,5.0,9.0,19.0,0.5,4.0,14.0,14.0,605801,2022-02-08 19:45:00,2022
Burnley,11.0,2.0,0.0,2.0,2.0,4.0,35.9,9.0,3.0,0.3,0.0,0.0,193.0,288.0,0.7,4.0,14.0,0.3,57.0,15.0,0.3,1.0,14.0,25.0,0.6,7.0,28.0,28.0,Manchester United,10.0,1.0,0.0,1.0,10.0,2.0,64.1,22.0,5.0,0.2,0.0,0.0,422.0,518.0,0.8,4.0,23.0,0.2,60.0,32.0,0.5,12.0,11.0,15.0,0.7,1.0,16.0,16.0,605807,2022-02-08 20:00:00,2022
Tottenham Hotspur,7.0,2.0,0.0,3.0,2.0,6.0,47.7,8.0,3.0,0.4,0.0,0.0,347.0,433.0,0.8,5.0,19.0,0.3,52.0,21.0,0.4,3.0,9.0,18.0,0.5,13.0,29.0,29.0,Southampton,13.0,3.0,0.0,1.0,8.0,2.0,52.3,23.0,10.0,0.4,0.0,0.0,387.0,472.0,0.8,5.0,20.0,0.3,53.0,23.0,0.4,3.0,6.0,14.0,0.4,10.0,21.0,21.0,605802,2022-02-09 19:45:00,2022
Norwich City,11.0,1.0,0.0,1.0,4.0,4.0,28.3,5.0,1.0,0.2,0.0,0.0,159.0,256.0,0.6,3.0,11.0,0.3,65.0,19.0,0.3,2.0,9.0,15.0,0.6,11.0,27.0,27.0,Crystal Palace,16.0,2.0,0.0,2.0,6.0,0.0,71.7,13.0,5.0,0.4,0.0,1.0,575.0,670.0,0.9,0.0,25.0,0.0,55.0,22.0,0.4,4.0,9.0,15.0,0.6,10.0,8.0,8.0,605805,2022-02-09 19:45:00,2022
Manchester City,7.0,0.0,0.0,2.0,9.0,2.0,75.6,15.0,7.0,0.5,1.0,1.0,627.0,709.0,0.9,4.0,24.0,0.2,58.0,29.0,0.5,2.0,5.0,7.0,0.7,8.0,7.0,7.0,Brentford,13.0,0.0,0.0,10.0,3.0,5.0,24.4,6.0,2.0,0.3,0.0,0.0,135.0,227.0,0.6,3.0,8.0,0.4,57.0,15.0,0.3,2.0,8.0,13.0,0.6,11.0,30.0,30.0,605799,2022-02-09 19:45:00,2022
Aston Villa,0.0,0.0,0.0,0.0,0.0,0.0,0.0,0.0,0.0,0.0,0.0,0.0,0.0,0.0,0.0,0.0,0.0,0.0,0.0,0.0,0.0,0.0,0.0,0.0,0.0,0.0,0.0,0.0,Leeds United,0.0,0.0,0.0,0.0,0.0,0.0,0.0,0.0,0.0,0.0,0.0,0.0,0.0,0.0,0.0,0.0,0.0,0.0,0.0,0.0,0.0,0.0,0.0,0.0,0.0,0.0,0.0,0.0,605806,2022-02-09 20:00:00,2022
Wolverhampton Wanderers,12.0,2.0,0.0,1.0,7.0,1.0,58.3,15.0,4.0,0.3,0.0,0.0,393.0,481.0,0.8,10.0,42.0,0.2,55.0,26.0,0.5,4.0,5.0,12.0,0.4,17.0,13.0,13.0,Arsenal,13.0,3.0,1.0,2.0,4.0,4.0,41.7,12.0,2.0,0.2,0.0,0.0,272.0,356.0,0.8,4.0,13.0,0.3,50.0,11.0,0.2,7.0,10.0,17.0,0.6,7.0,35.0,35.0,605803,2022-02-10 19:45:00,2022
Liverpool,11.0,1.0,0.0,3.0,7.0,1.0,65.0,22.0,11.0,0.5,0.0,0.0,563.0,665.0,0.8,5.0,28.0,0.2,55.0,27.0,0.5,4.0,11.0,18.0,0.6,20.0,15.0,15.0,Leicester City,7.0,0.0,0.0,4.0,6.0,9.0,35.0,5.0,1.0,0.2,0.0,0.0,257.0,362.0,0.7,1.0,9.0,0.1,58.0,25.0,0.4,1.0,9.0,23.0,0.4,12.0,35.0,35.0,605800,2022-02-10 19:45:00,2022
Manchester United,12.0,4.0,0.0,7.0,1.0,3.0,52.3,12.0,8.0,0.7,0.0,0.0,382.0,469.0,0.8,2.0,13.0,0.2,62.0,39.0,0.6,2.0,7.0,14.0,0.5,6.0,13.0,13.0,Southampton,13.0,0.0,0.0,1.0,4.0,6.0,47.7,13.0,4.0,0.3,0.0,0.0,347.0,430.0,0.8,0.0,7.0,0.0,46.0,17.0,0.4,3.0,10.0,17.0,0.6,19.0,14.0,14.0,605796,2022-02-12 12:30:00,2022
Brentford,10.0,1.0,0.0,0.0,3.0,3.0,42.6,9.0,2.0,0.2,0.0,0.0,260.0,377.0,0.7,3.0,13.0,0.2,73.0,27.0,0.4,2.0,18.0,31.0,0.6,11.0,25.0,25.0,Crystal Palace,10.0,0.0,0.0,0.0,9.0,2.0,57.4,6.0,3.0,0.5,0.0,0.0,390.0,504.0,0.8,4.0,26.0,0.2,65.0,33.0,0.5,1.0,11.0,17.0,0.6,6.0,16.0,16.0,605792,2022-02-12 15:00:00,2022
Everton,8.0,1.0,0.0,1.0,5.0,0.0,41.7,21.0,10.0,0.5,0.0,0.0,255.0,344.0,0.7,3.0,7.0,0.4,57.0,27.0,0.5,9.0,16.0,22.0,0.7,13.0,15.0,15.0,Leeds United,9.0,1.0,0.0,0.0,3.0,7.0,58.3,7.0,0.0,0.0,0.0,0.0,374.0,467.0,0.8,1.0,12.0,0.1,45.0,22.0,0.5,3.0,16.0,29.0,0.6,13.0,19.0,19.0,605793,2022-02-12 15:00:00,2022
Watford,16.0,3.0,0.0,1.0,4.0,3.0,35.2,9.0,1.0,0.1,0.0,0.0,216.0,315.0,0.7,2.0,18.0,0.1,57.0,17.0,0.3,3.0,13.0,18.0,0.7,11.0,21.0,21.0,Brighton & Hove Albion,9.0,2.0,0.0,1.0,5.0,1.0,64.8,11.0,6.0,0.5,0.0,0.0,469.0,592.0,0.8,7.0,20.0,0.4,61.0,24.0,0.4,3.0,11.0,21.0,0.5,10.0,17.0,17.0,605791,2022-02-12 15:00:00,2022
Norwich City,7.0,0.0,0.0,2.0,4.0,5.0,28.5,8.0,3.0,0.4,0.0,0.0,212.0,281.0,0.8,4.0,8.0,0.5,36.0,14.0,0.4,1.0,6.0,11.0,0.5,6.0,29.0,29.0,Manchester City,8.0,2.0,0.0,2.0,12.0,3.0,71.5,22.0,9.0,0.4,0.0,1.0,640.0,707.0,0.9,4.0,26.0,0.2,57.0,41.0,0.7,5.0,3.0,5.0,0.6,11.0,9.0,9.0,605795,2022-02-12 17:30:00,2022
Newcastle United,22.0,3.0,0.0,3.0,3.0,1.0,37.0,10.0,2.0,0.2,0.0,0.0,169.0,249.0,0.7,4.0,11.0,0.4,56.0,25.0,0.4,4.0,8.0,15.0,0.5,12.0,13.0,13.0,Aston Villa,15.0,4.0,0.0,2.0,6.0,1.0,63.0,11.0,1.0,0.1,0.0,0.0,326.0,424.0,0.8,3.0,17.0,0.2,57.0,21.0,0.4,4.0,7.0,14.0,0.5,10.0,9.0,9.0,605790,2022-02-13 14:00:00,2022
Tottenham Hotspur,13.0,3.0,0.0,3.0,7.0,5.0,58.6,17.0,7.0,0.4,0.0,0.0,478.0,572.0,0.8,5.0,23.0,0.2,34.0,23.0,0.7,5.0,11.0,15.0,0.7,14.0,9.0,9.0,Wolverhampton Wanderers,13.0,1.0,0.0,1.0,3.0,7.0,41.4,11.0,7.0,0.6,0.0,0.0,310.0,412.0,0.8,1.0,6.0,0.2,74.0,31.0,0.4,3.0,7.0,15.0,0.5,12.0,32.0,32.0,605798,2022-02-13 14:00:00,2022
Burnley,7.0,0.0,0.0,7.0,5.0,3.0,32.6,8.0,5.0,0.6,0.0,0.0,198.0,303.0,0.7,2.0,13.0,0.2,69.0,23.0,0.3,0.0,12.0,14.0,0.9,19.0,22.0,22.0,Liverpool,6.0,1.0,0.0,3.0,8.0,5.0,67.4,12.0,4.0,0.3,0.0,0.0,530.0,643.0,0.8,2.0,16.0,0.1,67.0,41.0,0.6,3.0,3.0,11.0,0.3,6.0,21.0,21.0,605794,2022-02-13 14:00:00,2022
Leicester City,10.0,1.0,0.0,0.0,5.0,1.0,55.4,13.0,2.0,0.2,1.0,1.0,453.0,550.0,0.8,2.0,15.0,0.1,59.0,18.0,0.3,4.0,8.0,21.0,0.4,14.0,18.0,18.0,West Ham United,9.0,2.0,0.0,0.0,4.0,0.0,44.6,8.0,3.0,0.4,0.0,0.0,345.0,433.0,0.8,1.0,17.0,0.1,46.0,20.0,0.4,3.0,8.0,14.0,0.6,5.0,15.0,15.0,605797,2022-02-13 16:30:00,2022
Manchester United,8.0,3.0,0.0,1.0,10.0,3.0,50.0,19.0,7.0,0.4,0.0,0.0,418.0,512.0,0.8,4.0,21.0,0.2,55.0,30.0,0.5,8.0,10.0,18.0,0.6,8.0,14.0,14.0,Brighton & Hove Albion,10.0,1.0,1.0,1.0,2.0,5.0,50.0,10.0,3.0,0.3,0.0,0.0,435.0,516.0,0.8,4.0,16.0,0.3,54.0,27.0,0.5,1.0,7.0,17.0,0.4,22.0,17.0,17.0,605861,2022-02-15 20:15:00,2022
West Ham United,3.0,3.0,0.0,2.0,3.0,2.0,47.0,11.0,3.0,0.3,0.0,0.0,294.0,388.0,0.8,4.0,19.0,0.2,60.0,25.0,0.4,6.0,8.0,11.0,0.7,7.0,32.0,32.0,Newcastle United,7.0,3.0,0.0,1.0,7.0,2.0,53.0,14.0,3.0,0.2,0.0,0.0,339.0,431.0,0.8,7.0,28.0,0.3,63.0,30.0,0.5,6.0,7.0,12.0,0.6,6.0,14.0,14.0,605785,2022-02-19 12:30:00,2022
Southampton,6.0,0.0,0.0,4.0,4.0,0.0,55.8,19.0,11.0,0.6,0.0,0.0,399.0,506.0,0.8,3.0,14.0,0.2,66.0,29.0,0.4,3.0,10.0,21.0,0.5,16.0,13.0,13.0,Everton,9.0,2.0,0.0,2.0,4.0,9.0,44.2,9.0,0.0,0.0,0.0,0.0,282.0,401.0,0.7,0.0,14.0,0.0,66.0,37.0,0.6,4.0,11.0,20.0,0.6,12.0,16.0,16.0,605782,2022-02-19 15:00:00,2022
Brighton & Hove Albion,12.0,1.0,0.0,1.0,4.0,1.0,68.9,11.0,1.0,0.1,0.0,0.0,492.0,579.0,0.9,6.0,34.0,0.2,60.0,30.0,0.5,4.0,8.0,13.0,0.6,5.0,23.0,23.0,Burnley,12.0,4.0,0.0,3.0,4.0,1.0,31.1,10.0,4.0,0.4,0.0,0.0,163.0,260.0,0.6,0.0,14.0,0.0,62.0,19.0,0.3,4.0,12.0,17.0,0.7,11.0,19.0,19.0,605780,2022-02-19 15:00:00,2022
Aston Villa,12.0,1.0,0.0,0.0,10.0,3.0,59.6,20.0,1.0,0.1,0.0,0.0,462.0,550.0,0.8,10.0,36.0,0.3,47.0,28.0,0.6,8.0,12.0,19.0,0.6,4.0,16.0,16.0,Watford,7.0,2.0,0.0,0.0,5.0,1.0,40.4,8.0,4.0,0.5,0.0,0.0,288.0,383.0,0.8,1.0,12.0,0.1,72.0,25.0,0.3,1.0,8.0,17.0,0.5,14.0,36.0,36.0,605788,2022-02-19 15:00:00,2022
Arsenal,10.0,1.0,0.0,1.0,14.0,1.0,66.4,24.0,8.0,0.3,0.0,0.0,482.0,562.0,0.9,10.0,43.0,0.2,43.0,24.0,0.6,8.0,11.0,14.0,0.8,8.0,7.0,7.0,Brentford,5.0,1.0,0.0,2.0,0.0,5.0,33.6,6.0,2.0,0.3,0.0,0.0,213.0,294.0,0.7,1.0,8.0,0.1,56.0,20.0,0.4,3.0,6.0,14.0,0.4,12.0,45.0,45.0,605779,2022-02-19 15:00:00,2022
Crystal Palace,4.0,1.0,0.0,1.0,4.0,2.0,42.6,7.0,0.0,0.0,0.0,0.0,296.0,373.0,0.8,4.0,20.0,0.2,57.0,27.0,0.5,2.0,14.0,22.0,0.6,10.0,18.0,18.0,Chelsea,20.0,3.0,0.0,3.0,4.0,0.0,57.4,9.0,3.0,0.3,0.0,0.0,428.0,518.0,0.8,2.0,13.0,0.2,61.0,33.0,0.5,3.0,8.0,17.0,0.5,8.0,16.0,16.0,605781,2022-02-19 15:00:00,2022
Liverpool,7.0,0.0,0.0,1.0,9.0,0.0,69.4,29.0,8.0,0.3,0.0,0.0,623.0,697.0,0.9,4.0,37.0,0.1,43.0,24.0,0.6,10.0,5.0,14.0,0.4,7.0,12.0,12.0,Norwich City,8.0,1.0,0.0,5.0,4.0,4.0,30.6,6.0,1.0,0.2,0.0,0.0,220.0,308.0,0.7,2.0,12.0,0.2,57.0,21.0,0.4,1.0,9.0,19.0,0.5,13.0,39.0,39.0,605786,2022-02-19 15:00:00,2022
Manchester City,5.0,0.0,0.0,1.0,10.0,2.0,71.2,21.0,4.0,0.2,1.0,1.0,688.0,755.0,0.9,9.0,42.0,0.2,34.0,19.0,0.6,6.0,10.0,13.0,0.8,9.0,2.0,2.0,Tottenham Hotspur,7.0,3.0,0.0,3.0,0.0,2.0,28.8,6.0,5.0,0.8,0.0,0.0,242.0,308.0,0.8,3.0,4.0,0.8,54.0,24.0,0.4,0.0,7.0,13.0,0.5,7.0,37.0,37.0,605787,2022-02-19 17:30:00,2022
Leeds United,13.0,6.0,0.0,4.0,3.0,5.0,54.5,16.0,6.0,0.4,0.0,0.0,320.0,409.0,0.8,2.0,10.0,0.2,43.0,16.0,0.4,4.0,12.0,24.0,0.5,17.0,16.0,16.0,Manchester United,19.0,3.0,0.0,2.0,3.0,4.0,45.5,15.0,9.0,0.6,0.0,0.0,247.0,340.0,0.7,3.0,13.0,0.2,50.0,19.0,0.4,4.0,10.0,19.0,0.5,10.0,12.0,12.0,605784,2022-02-20 14:00:00,2022
Wolverhampton Wanderers,12.0,4.0,0.0,2.0,7.0,6.0,36.3,11.0,3.0,0.3,0.0,0.0,251.0,320.0,0.8,5.0,14.0,0.4,49.0,18.0,0.4,3.0,9.0,22.0,0.4,6.0,37.0,37.0,Leicester City,9.0,4.0,0.0,2.0,10.0,1.0,63.7,17.0,7.0,0.4,0.0,0.0,497.0,567.0,0.9,2.0,34.0,0.1,37.0,22.0,0.6,4.0,14.0,22.0,0.6,6.0,10.0,10.0,605783,2022-02-20 16:30:00,2022
Burnley,8.0,0.0,0.0,3.0,3.0,2.0,34.1,15.0,4.0,0.3,0.0,0.0,259.0,326.0,0.8,5.0,22.0,0.2,53.0,26.0,0.5,5.0,2.0,11.0,0.2,24.0,35.0,35.0,Tottenham Hotspur,8.0,0.0,0.0,2.0,7.0,3.0,65.9,12.0,2.0,0.2,0.0,0.0,543.0,639.0,0.9,6.0,25.0,0.2,42.0,23.0,0.5,3.0,6.0,15.0,0.4,5.0,15.0,15.0,605915,2022-02-23 19:30:00,2022
Watford,12.0,2.0,0.0,2.0,6.0,1.0,45.3,8.0,1.0,0.1,0.0,0.0,363.0,456.0,0.8,4.0,16.0,0.3,68.0,31.0,0.5,3.0,6.0,11.0,0.5,8.0,13.0,13.0,Crystal Palace,9.0,1.0,0.0,1.0,4.0,0.0,54.7,7.0,5.0,0.7,0.0,0.0,469.0,556.0,0.8,3.0,13.0,0.2,71.0,26.0,0.4,0.0,14.0,23.0,0.6,6.0,20.0,20.0,605864,2022-02-23 19:30:00,2022
Liverpool,5.0,0.0,0.0,1.0,4.0,2.0,63.7,23.0,15.0,0.7,2.0,2.0,583.0,672.0,0.9,5.0,15.0,0.3,66.0,37.0,0.6,3.0,3.0,8.0,0.4,12.0,8.0,8.0,Leeds United,11.0,3.0,0.0,6.0,0.0,8.0,36.3,3.0,2.0,0.7,0.0,0.0,280.0,378.0,0.7,0.0,6.0,0.0,65.0,21.0,0.3,0.0,10.0,21.0,0.5,15.0,9.0,9.0,605854,2022-02-23 19:45:00,2022
Arsenal,8.0,1.0,0.0,2.0,5.0,1.0,55.5,26.0,5.0,0.2,0.0,0.0,421.0,508.0,0.8,5.0,18.0,0.3,48.0,23.0,0.5,10.0,6.0,12.0,0.5,4.0,9.0,9.0,Wolverhampton Wanderers,9.0,1.0,0.0,2.0,4.0,4.0,44.5,6.0,2.0,0.3,0.0,0.0,303.0,407.0,0.7,2.0,9.0,0.2,67.0,22.0,0.3,0.0,15.0,21.0,0.7,16.0,23.0,23.0,605848,2022-02-24 19:45:00,2022
Southampton,12.0,1.0,0.0,2.0,13.0,1.0,58.1,27.0,9.0,0.3,0.0,0.0,407.0,501.0,0.8,10.0,28.0,0.4,50.0,23.0,0.5,6.0,5.0,9.0,0.6,10.0,16.0,16.0,Norwich City,9.0,2.0,0.0,1.0,6.0,7.0,41.9,8.0,1.0,0.1,0.0,0.0,273.0,360.0,0.8,5.0,17.0,0.3,42.0,18.0,0.4,4.0,10.0,18.0,0.6,7.0,42.0,42.0,605775,2022-02-25 20:00:00,2022
Leeds United,16.0,4.0,0.0,0.0,3.0,6.0,49.6,19.0,3.0,0.2,0.0,0.0,387.0,449.0,0.9,4.0,25.0,0.2,24.0,15.0,0.6,6.0,6.0,17.0,0.4,9.0,6.0,6.0,Tottenham Hotspur,11.0,2.0,0.0,3.0,6.0,2.0,50.4,15.0,11.0,0.7,0.0,0.0,418.0,474.0,0.9,3.0,9.0,0.3,46.0,29.0,0.6,2.0,6.0,10.0,0.6,12.0,24.0,24.0,605776,2022-02-26 12:30:00,2022
Brentford,9.0,3.0,1.0,0.0,6.0,9.0,37.3,6.0,1.0,0.2,0.0,0.0,199.0,301.0,0.7,5.0,16.0,0.3,83.0,34.0,0.4,2.0,6.0,9.0,0.7,9.0,20.0,20.0,Newcastle United,7.0,1.0,0.0,0.0,6.0,1.0,62.7,26.0,11.0,0.4,0.0,0.0,418.0,504.0,0.8,11.0,31.0,0.4,54.0,32.0,0.6,5.0,5.0,13.0,0.4,6.0,26.0,26.0,605774,2022-02-26 15:00:00,2022
Crystal Palace,5.0,0.0,0.0,0.0,5.0,1.0,59.2,11.0,4.0,0.4,0.0,0.0,408.0,532.0,0.8,1.0,18.0,0.1,81.0,27.0,0.3,5.0,11.0,13.0,0.8,7.0,19.0,19.0,Burnley,16.0,2.0,0.0,2.0,4.0,3.0,40.8,5.0,1.0,0.2,0.0,0.0,245.0,364.0,0.7,2.0,17.0,0.1,77.0,32.0,0.4,2.0,5.0,12.0,0.4,20.0,22.0,22.0,605770,2022-02-26 15:00:00,2022
Manchester United,2.0,0.0,0.0,2.0,4.0,2.0,67.3,22.0,3.0,0.1,0.0,0.0,574.0,676.0,0.8,14.0,31.0,0.5,61.0,36.0,0.6,7.0,12.0,20.0,0.6,6.0,4.0,4.0,Watford,7.0,0.0,0.0,2.0,3.0,3.0,32.7,10.0,2.0,0.2,0.0,0.0,236.0,335.0,0.7,3.0,7.0,0.4,77.0,28.0,0.4,3.0,12.0,22.0,0.5,22.0,28.0,28.0,605777,2022-02-26 15:00:00,2022
Brighton & Hove Albion,0.0,0.0,0.0,0.0,0.0,0.0,0.0,0.0,0.0,0.0,0.0,0.0,0.0,0.0,0.0,0.0,0.0,0.0,0.0,0.0,0.0,0.0,0.0,0.0,0.0,0.0,0.0,0.0,Aston Villa,0.0,0.0,0.0,0.0,0.0,0.0,0.0,0.0,0.0,0.0,0.0,0.0,0.0,0.0,0.0,0.0,0.0,0.0,0.0,0.0,0.0,0.0,0.0,0.0,0.0,0.0,0.0,0.0,605769,2022-02-26 15:30:00,2022
Everton,7.0,3.0,0.0,4.0,3.0,7.0,32.6,6.0,2.0,0.3,0.0,0.0,244.0,320.0,0.8,0.0,14.0,0.0,55.0,18.0,0.3,1.0,10.0,22.0,0.5,7.0,27.0,27.0,Manchester City,14.0,2.0,0.0,2.0,4.0,2.0,67.4,13.0,8.0,0.6,0.0,0.0,597.0,676.0,0.9,3.0,23.0,0.1,48.0,21.0,0.4,2.0,8.0,17.0,0.5,12.0,14.0,14.0,605773,2022-02-26 17:30:00,2022
West Ham United,8.0,1.0,0.0,2.0,3.0,1.0,39.0,13.0,4.0,0.3,0.0,0.0,315.0,397.0,0.8,2.0,19.0,0.1,48.0,18.0,0.4,1.0,9.0,15.0,0.6,18.0,28.0,28.0,Wolverhampton Wanderers,2.0,0.0,0.0,1.0,5.0,3.0,61.0,14.0,1.0,0.1,0.0,0.0,544.0,635.0,0.9,2.0,16.0,0.1,53.0,21.0,0.4,9.0,9.0,13.0,0.7,5.0,21.0,21.0,605778,2022-02-27 14:00:00,2022
Burnley,10.0,1.0,0.0,4.0,6.0,4.0,44.8,9.0,2.0,0.2,0.0,0.0,230.0,352.0,0.7,8.0,22.0,0.4,87.0,34.0,0.4,3.0,12.0,20.0,0.6,13.0,15.0,15.0,Leicester City,13.0,1.0,0.0,3.0,8.0,2.0,55.2,22.0,6.0,0.3,0.0,0.0,318.0,443.0,0.7,4.0,18.0,0.2,55.0,17.0,0.3,10.0,10.0,12.0,0.8,8.0,27.0,27.0,605825,2022-03-01 19:45:00,2022
Leicester City,9.0,1.0,0.0,2.0,5.0,4.0,51.0,7.0,4.0,0.6,0.0,0.0,374.0,471.0,0.8,1.0,15.0,0.1,46.0,19.0,0.4,3.0,12.0,23.0,0.5,10.0,24.0,24.0,Leeds United,12.0,2.0,0.0,0.0,10.0,3.0,49.0,19.0,4.0,0.2,0.0,0.0,348.0,433.0,0.8,6.0,26.0,0.2,44.0,21.0,0.5,6.0,8.0,21.0,0.4,7.0,20.0,20.0,605765,2022-03-05 12:30:00,2022
Wolverhampton Wanderers,13.0,0.0,0.0,1.0,7.0,6.0,64.0,12.0,5.0,0.4,0.0,0.0,456.0,561.0,0.8,5.0,25.0,0.2,60.0,28.0,0.5,3.0,8.0,20.0,0.4,10.0,14.0,14.0,Crystal Palace,8.0,3.0,0.0,8.0,7.0,5.0,36.0,12.0,8.0,0.7,1.0,1.0,227.0,308.0,0.7,7.0,18.0,0.4,53.0,17.0,0.3,3.0,8.0,14.0,0.6,11.0,30.0,30.0,605763,2022-03-05 15:00:00,2022
Burnley,12.0,2.0,0.0,1.0,5.0,1.0,27.4,6.0,1.0,0.2,0.0,0.0,194.0,285.0,0.7,2.0,17.0,0.1,49.0,17.0,0.3,3.0,11.0,25.0,0.4,9.0,13.0,13.0,Chelsea,7.0,0.0,0.0,1.0,2.0,0.0,72.6,11.0,5.0,0.5,0.0,0.0,712.0,790.0,0.9,2.0,15.0,0.1,57.0,31.0,0.5,6.0,9.0,14.0,0.6,4.0,15.0,15.0,605762,2022-03-05 15:00:00,2022
Norwich City,13.0,2.0,0.0,1.0,5.0,3.0,59.6,15.0,7.0,0.5,0.0,0.0,352.0,457.0,0.8,4.0,21.0,0.2,63.0,27.0,0.4,5.0,9.0,13.0,0.7,13.0,10.0,10.0,Brentford,18.0,5.0,0.0,3.0,5.0,6.0,40.4,10.0,6.0,0.6,2.0,2.0,215.0,308.0,0.7,4.0,12.0,0.3,51.0,22.0,0.4,3.0,10.0,15.0,0.7,9.0,35.0,35.0,605760,2022-03-05 15:00:00,2022
Newcastle United,8.0,1.0,0.0,0.0,4.0,3.0,32.4,10.0,4.0,0.4,0.0,0.0,191.0,304.0,0.6,4.0,15.0,0.3,66.0,25.0,0.4,2.0,8.0,12.0,0.7,15.0,29.0,29.0,Brighton & Hove Albion,10.0,1.0,0.0,4.0,7.0,2.0,67.6,15.0,4.0,0.3,0.0,0.0,524.0,634.0,0.8,8.0,28.0,0.3,73.0,42.0,0.6,8.0,6.0,11.0,0.5,12.0,8.0,8.0,605761,2022-03-05 15:00:00,2022
Aston Villa,10.0,1.0,0.0,0.0,4.0,1.0,38.2,14.0,9.0,0.6,0.0,0.0,261.0,353.0,0.7,1.0,7.0,0.1,62.0,20.0,0.3,1.0,11.0,14.0,0.8,12.0,18.0,18.0,Southampton,8.0,1.0,0.0,1.0,7.0,5.0,61.8,11.0,1.0,0.1,0.0,0.0,469.0,556.0,0.8,3.0,21.0,0.1,66.0,39.0,0.6,3.0,11.0,15.0,0.7,12.0,7.0,7.0,605767,2022-03-05 15:00:00,2022
Liverpool,7.0,2.0,0.0,1.0,4.0,4.0,68.7,22.0,5.0,0.2,0.0,0.0,619.0,715.0,0.9,3.0,17.0,0.2,51.0,30.0,0.6,7.0,6.0,11.0,0.5,5.0,10.0,10.0,West Ham United,7.0,1.0,0.0,4.0,6.0,4.0,31.3,13.0,5.0,0.4,0.0,0.0,231.0,316.0,0.7,4.0,19.0,0.2,74.0,33.0,0.4,3.0,8.0,16.0,0.5,18.0,24.0,24.0,605768,2022-03-05 17:30:00,2022
Watford,5.0,1.0,0.0,2.0,1.0,1.0,43.0,13.0,7.0,0.5,0.0,0.0,326.0,428.0,0.8,2.0,10.0,0.2,62.0,23.0,0.4,3.0,6.0,17.0,0.4,16.0,17.0,17.0,Arsenal,12.0,2.0,0.0,0.0,5.0,5.0,57.0,16.0,4.0,0.3,0.0,0.0,469.0,556.0,0.8,3.0,21.0,0.1,53.0,20.0,0.4,3.0,13.0,20.0,0.7,18.0,15.0,15.0,605759,2022-03-06 14:00:00,2022
Manchester City,10.0,0.0,0.0,0.0,9.0,2.0,69.4,24.0,10.0,0.4,0.0,0.0,701.0,754.0,0.9,4.0,18.0,0.2,42.0,33.0,0.8,8.0,8.0,13.0,0.6,11.0,8.0,8.0,Manchester United,14.0,1.0,0.0,1.0,3.0,6.0,30.6,5.0,2.0,0.4,0.0,0.0,276.0,331.0,0.8,0.0,9.0,0.0,33.0,20.0,0.6,2.0,7.0,16.0,0.4,11.0,20.0,20.0,605766,2022-03-06 16:30:00,2022
Tottenham Hotspur,15.0,2.0,0.0,0.0,5.0,0.0,55.0,14.0,7.0,0.5,0.0,0.0,583.0,650.0,0.9,3.0,14.0,0.2,46.0,25.0,0.5,2.0,13.0,25.0,0.5,6.0,17.0,17.0,Everton,10.0,0.0,0.0,1.0,2.0,3.0,45.0,6.0,0.0,0.0,0.0,0.0,457.0,530.0,0.9,2.0,14.0,0.1,40.0,15.0,0.4,4.0,10.0,20.0,0.5,6.0,12.0,12.0,605764,2022-03-07 20:00:00,2022
Norwich City,8.0,0.0,0.0,2.0,3.0,4.0,33.7,8.0,3.0,0.4,1.0,1.0,292.0,353.0,0.8,3.0,11.0,0.3,36.0,20.0,0.6,1.0,9.0,16.0,0.6,11.0,12.0,12.0,Chelsea,15.0,2.0,0.0,1.0,8.0,2.0,66.3,15.0,7.0,0.5,0.0,0.0,653.0,712.0,0.9,4.0,12.0,0.3,36.0,25.0,0.7,3.0,10.0,15.0,0.7,11.0,17.0,17.0,605742,2022-03-10 19:30:00,2022
Wolverhampton Wanderers,11.0,2.0,0.0,1.0,5.0,0.0,65.8,10.0,5.0,0.5,0.0,0.0,591.0,666.0,0.9,8.0,21.0,0.4,53.0,39.0,0.7,1.0,7.0,10.0,0.7,9.0,8.0,8.0,Watford,10.0,2.0,0.0,4.0,2.0,2.0,34.2,9.0,0.0,0.0,0.0,0.0,269.0,343.0,0.8,3.0,9.0,0.3,57.0,18.0,0.3,4.0,7.0,13.0,0.5,7.0,17.0,17.0,605858,2022-03-10 19:30:00,2022
Southampton,6.0,1.0,0.0,1.0,12.0,1.0,67.8,14.0,5.0,0.4,0.0,0.0,545.0,648.0,0.8,6.0,29.0,0.2,60.0,29.0,0.5,5.0,5.0,15.0,0.3,9.0,13.0,13.0,Newcastle United,7.0,1.0,0.0,1.0,5.0,4.0,32.2,8.0,4.0,0.5,0.0,0.0,210.0,306.0,0.7,5.0,17.0,0.3,66.0,34.0,0.5,3.0,7.0,21.0,0.3,12.0,28.0,28.0,605834,2022-03-10 19:30:00,2022
Leeds United,17.0,5.0,0.0,3.0,3.0,6.0,50.9,4.0,1.0,0.3,0.0,0.0,329.0,419.0,0.8,0.0,17.0,0.0,58.0,31.0,0.5,1.0,18.0,25.0,0.7,6.0,12.0,12.0,Aston Villa,11.0,3.0,0.0,5.0,5.0,1.0,49.1,15.0,9.0,0.6,0.0,0.0,337.0,405.0,0.8,3.0,14.0,0.2,41.0,17.0,0.4,4.0,8.0,15.0,0.5,9.0,19.0,19.0,605839,2022-03-10 19:45:00,2022
Brighton & Hove Albion,12.0,3.0,0.0,1.0,7.0,7.0,51.8,8.0,3.0,0.4,0.0,0.0,336.0,430.0,0.8,4.0,17.0,0.2,66.0,21.0,0.3,1.0,5.0,13.0,0.4,6.0,19.0,19.0,Liverpool,15.0,1.0,0.0,1.0,6.0,3.0,48.2,18.0,9.0,0.5,1.0,1.0,313.0,401.0,0.8,5.0,14.0,0.4,61.0,36.0,0.6,3.0,9.0,15.0,0.6,9.0,11.0,11.0,605752,2022-03-12 12:30:00,2022
Brentford,6.0,1.0,0.0,4.0,2.0,1.0,54.9,13.0,4.0,0.3,1.0,1.0,325.0,475.0,0.7,6.0,15.0,0.4,86.0,33.0,0.4,6.0,11.0,16.0,0.7,11.0,32.0,32.0,Burnley,10.0,1.0,1.0,4.0,9.0,1.0,45.1,7.0,1.0,0.1,0.0,0.0,238.0,373.0,0.6,4.0,33.0,0.1,89.0,22.0,0.2,1.0,9.0,15.0,0.6,10.0,20.0,20.0,605750,2022-03-12 15:00:00,2022
Manchester United,8.0,2.0,0.0,0.0,4.0,1.0,43.5,10.0,6.0,0.6,0.0,0.0,391.0,459.0,0.9,2.0,10.0,0.2,57.0,30.0,0.5,1.0,9.0,13.0,0.7,14.0,14.0,14.0,Tottenham Hotspur,7.0,1.0,0.0,2.0,5.0,3.0,56.5,10.0,3.0,0.3,1.0,1.0,520.0,584.0,0.9,1.0,24.0,0.0,39.0,20.0,0.5,5.0,9.0,16.0,0.6,4.0,3.0,3.0,605756,2022-03-12 17:30:00,2022
Southampton,8.0,3.0,0.0,0.0,11.0,3.0,62.5,13.0,7.0,0.5,0.0,0.0,386.0,498.0,0.8,10.0,33.0,0.3,54.0,22.0,0.4,1.0,9.0,17.0,0.5,8.0,12.0,12.0,Watford,12.0,2.0,0.0,0.0,3.0,5.0,37.5,9.0,5.0,0.6,0.0,0.0,203.0,306.0,0.7,2.0,12.0,0.2,72.0,27.0,0.4,1.0,15.0,18.0,0.8,20.0,32.0,32.0,605757,2022-03-13 14:00:00,2022
Everton,13.0,2.0,1.0,7.0,5.0,2.0,38.0,7.0,2.0,0.3,0.0,0.0,276.0,356.0,0.8,3.0,15.0,0.2,45.0,15.0,0.3,0.0,11.0,22.0,0.5,10.0,11.0,11.0,Wolverhampton Wanderers,11.0,1.0,0.0,0.0,2.0,2.0,62.0,14.0,3.0,0.2,0.0,0.0,518.0,597.0,0.9,2.0,12.0,0.2,62.0,42.0,0.7,6.0,8.0,12.0,0.7,13.0,19.0,19.0,605758,2022-03-13 14:00:00,2022
West Ham United,9.0,1.0,0.0,0.0,5.0,6.0,47.1,11.0,4.0,0.4,0.0,0.0,365.0,443.0,0.8,4.0,20.0,0.2,60.0,37.0,0.6,2.0,3.0,11.0,0.3,13.0,19.0,19.0,Aston Villa,3.0,0.0,0.0,0.0,7.0,2.0,52.9,13.0,7.0,0.5,0.0,0.0,423.0,501.0,0.8,4.0,21.0,0.2,50.0,20.0,0.4,4.0,10.0,17.0,0.6,14.0,11.0,11.0,605749,2022-03-13 14:00:00,2022
Leeds United,18.0,3.0,0.0,2.0,6.0,3.0,52.5,13.0,7.0,0.5,0.0,0.0,315.0,421.0,0.7,5.0,21.0,0.2,69.0,31.0,0.4,1.0,17.0,28.0,0.6,14.0,14.0,14.0,Norwich City,8.0,1.0,0.0,3.0,2.0,5.0,47.5,12.0,4.0,0.3,0.0,0.0,278.0,382.0,0.7,4.0,10.0,0.4,52.0,24.0,0.5,4.0,9.0,12.0,0.8,10.0,11.0,11.0,605755,2022-03-13 14:00:00,2022
Chelsea,17.0,4.0,0.0,3.0,7.0,2.0,72.8,8.0,3.0,0.4,0.0,0.0,491.0,570.0,0.9,2.0,16.0,0.1,41.0,20.0,0.5,1.0,8.0,14.0,0.6,6.0,13.0,13.0,Newcastle United,17.0,3.0,0.0,6.0,2.0,2.0,27.2,7.0,2.0,0.3,0.0,0.0,130.0,209.0,0.6,3.0,9.0,0.3,54.0,20.0,0.4,0.0,6.0,16.0,0.4,3.0,22.0,22.0,605754,2022-03-13 14:00:00,2022
Arsenal,8.0,0.0,0.0,2.0,2.0,3.0,46.0,21.0,8.0,0.4,1.0,1.0,415.0,481.0,0.9,3.0,12.0,0.3,45.0,14.0,0.3,9.0,9.0,15.0,0.6,11.0,15.0,15.0,Leicester City,10.0,3.0,0.0,0.0,6.0,5.0,54.0,6.0,3.0,0.5,0.0,0.0,494.0,564.0,0.9,3.0,14.0,0.2,53.0,32.0,0.6,2.0,10.0,17.0,0.6,10.0,10.0,10.0,605751,2022-03-13 16:30:00,2022
Crystal Palace,6.0,3.0,0.0,2.0,2.0,5.0,26.2,7.0,1.0,0.1,0.0,0.0,174.0,269.0,0.6,0.0,3.0,0.0,67.0,20.0,0.3,1.0,9.0,16.0,0.6,8.0,32.0,32.0,Manchester City,11.0,1.0,0.0,3.0,6.0,1.0,73.8,19.0,4.0,0.2,0.0,0.0,663.0,765.0,0.9,6.0,19.0,0.3,64.0,37.0,0.6,6.0,9.0,13.0,0.7,9.0,8.0,8.0,605753,2022-03-14 20:00:00,2022
Brighton & Hove Albion,11.0,2.0,0.0,3.0,6.0,5.0,48.2,15.0,0.0,0.0,0.0,0.0,424.0,496.0,0.9,5.0,23.0,0.2,42.0,14.0,0.3,8.0,10.0,16.0,0.6,11.0,12.0,12.0,Tottenham Hotspur,9.0,2.0,0.0,1.0,3.0,0.0,51.8,17.0,7.0,0.4,0.0,0.0,481.0,551.0,0.9,1.0,7.0,0.1,38.0,24.0,0.6,6.0,8.0,11.0,0.7,8.0,22.0,22.0,605885,2022-03-16 19:30:00,2022
Arsenal,9.0,0.0,0.0,4.0,1.0,1.0,48.4,9.0,2.0,0.2,0.0,0.0,407.0,505.0,0.8,2.0,10.0,0.2,69.0,32.0,0.5,4.0,12.0,16.0,0.8,5.0,17.0,17.0,Liverpool,9.0,1.0,0.0,2.0,6.0,2.0,51.6,9.0,3.0,0.3,0.0,0.0,434.0,528.0,0.8,5.0,18.0,0.3,49.0,23.0,0.5,4.0,8.0,16.0,0.5,11.0,15.0,15.0,605772,2022-03-16 20:15:00,2022
Everton,13.0,2.0,1.0,1.0,5.0,6.0,38.3,9.0,3.0,0.3,0.0,0.0,183.0,276.0,0.7,6.0,15.0,0.4,68.0,24.0,0.4,3.0,9.0,18.0,0.5,3.0,28.0,28.0,Newcastle United,11.0,1.0,0.0,1.0,7.0,2.0,61.7,17.0,6.0,0.4,0.0,0.0,344.0,447.0,0.8,6.0,19.0,0.3,73.0,34.0,0.5,5.0,11.0,15.0,0.7,2.0,11.0,11.0,605844,2022-03-17 19:45:00,2022
Wolverhampton Wanderers,0.0,0.0,0.0,0.0,0.0,0.0,0.0,0.0,0.0,0.0,0.0,0.0,0.0,0.0,0.0,0.0,0.0,0.0,0.0,0.0,0.0,0.0,0.0,0.0,0.0,0.0,0.0,0.0,Leeds United,0.0,0.0,0.0,0.0,0.0,0.0,0.0,0.0,0.0,0.0,0.0,0.0,0.0,0.0,0.0,0.0,0.0,0.0,0.0,0.0,0.0,0.0,0.0,0.0,0.0,0.0,0.0,0.0,605745,2022-03-18 20:00:00,2022
Aston Villa,13.0,3.0,0.0,1.0,6.0,3.0,47.0,8.0,1.0,0.1,0.0,0.0,374.0,441.0,0.8,5.0,27.0,0.2,39.0,14.0,0.4,1.0,6.0,10.0,0.6,4.0,13.0,13.0,Arsenal,14.0,3.0,0.0,1.0,5.0,1.0,53.0,10.0,3.0,0.3,0.0,0.0,449.0,521.0,0.9,2.0,14.0,0.1,59.0,26.0,0.4,4.0,10.0,13.0,0.8,5.0,25.0,25.0,605739,2022-03-19 12:30:00,2022
Leicester City,10.0,1.0,0.0,2.0,2.0,5.0,52.8,12.0,4.0,0.3,0.0,0.0,441.0,514.0,0.9,3.0,13.0,0.2,48.0,24.0,0.5,2.0,8.0,14.0,0.6,10.0,24.0,24.0,Brentford,10.0,2.0,0.0,3.0,5.0,2.0,47.2,15.0,6.0,0.4,0.0,0.0,372.0,452.0,0.8,7.0,21.0,0.3,54.0,30.0,0.6,6.0,3.0,8.0,0.4,11.0,9.0,9.0,605740,2022-03-20 14:00:00,2022
Tottenham Hotspur,7.0,0.0,0.0,1.0,5.0,0.0,52.7,17.0,4.0,0.2,0.0,0.0,546.0,604.0,0.9,1.0,16.0,0.1,42.0,23.0,0.5,5.0,9.0,13.0,0.7,7.0,8.0,8.0,West Ham United,7.0,1.0,0.0,0.0,3.0,2.0,47.3,6.0,1.0,0.2,0.0,0.0,483.0,544.0,0.9,2.0,12.0,0.2,54.0,31.0,0.6,0.0,3.0,6.0,0.5,6.0,19.0,19.0,605748,2022-03-20 16:30:00,2022
Liverpool,9.0,1.0,0.0,1.0,9.0,2.0,73.1,20.0,3.0,0.2,1.0,1.0,606.0,716.0,0.8,7.0,22.0,0.3,46.0,28.0,0.6,7.0,13.0,23.0,0.6,7.0,3.0,3.0,Watford,8.0,1.0,0.0,3.0,3.0,1.0,26.9,5.0,2.0,0.4,0.0,0.0,166.0,263.0,0.6,2.0,9.0,0.2,63.0,14.0,0.2,1.0,8.0,23.0,0.3,14.0,23.0,23.0,605738,2022-04-02 11:30:00,2022
Burnley,11.0,1.0,0.0,5.0,1.0,4.0,23.3,3.0,1.0,0.3,0.0,0.0,159.0,235.0,0.7,2.0,7.0,0.3,52.0,26.0,0.5,0.0,10.0,11.0,0.9,7.0,22.0,22.0,Manchester City,6.0,0.0,0.0,0.0,8.0,1.0,76.7,18.0,6.0,0.3,0.0,0.0,693.0,778.0,0.9,3.0,20.0,0.2,75.0,47.0,0.6,3.0,4.0,7.0,0.6,4.0,5.0,5.0,605734,2022-04-02 14:00:00,2022
Brighton & Hove Albion,12.0,1.0,0.0,1.0,11.0,0.0,63.0,31.0,4.0,0.1,0.0,1.0,389.0,478.0,0.8,8.0,37.0,0.2,53.0,27.0,0.5,9.0,11.0,14.0,0.8,10.0,12.0,12.0,Norwich City,11.0,1.0,0.0,1.0,2.0,4.0,37.0,6.0,0.0,0.0,0.0,0.0,191.0,288.0,0.7,1.0,10.0,0.1,51.0,13.0,0.3,3.0,7.0,17.0,0.4,11.0,38.0,38.0,605736,2022-04-02 14:00:00,2022
Wolverhampton Wanderers,15.0,4.0,0.0,1.0,4.0,4.0,48.3,11.0,5.0,0.5,0.0,0.0,337.0,421.0,0.8,1.0,11.0,0.1,49.0,22.0,0.4,2.0,11.0,23.0,0.5,6.0,19.0,19.0,Aston Villa,8.0,3.0,0.0,1.0,9.0,3.0,51.7,15.0,5.0,0.3,1.0,1.0,371.0,441.0,0.8,3.0,22.0,0.1,43.0,22.0,0.5,3.0,7.0,17.0,0.4,8.0,11.0,11.0,605730,2022-04-02 14:00:00,2022
Chelsea,11.0,0.0,0.0,0.0,12.0,2.0,70.6,21.0,8.0,0.4,0.0,0.0,582.0,641.0,0.9,6.0,33.0,0.2,52.0,36.0,0.7,4.0,7.0,9.0,0.8,6.0,14.0,14.0,Brentford,7.0,0.0,0.0,0.0,7.0,7.0,29.4,17.0,6.0,0.4,0.0,0.0,187.0,260.0,0.7,6.0,17.0,0.4,54.0,21.0,0.4,6.0,10.0,19.0,0.5,8.0,34.0,34.0,605731,2022-04-02 14:00:00,2022
Leeds United,14.0,1.0,0.0,0.0,4.0,4.0,55.8,12.0,3.0,0.3,0.0,0.0,333.0,470.0,0.7,2.0,11.0,0.2,55.0,24.0,0.4,7.0,11.0,19.0,0.6,10.0,33.0,33.0,Southampton,7.0,1.0,0.0,0.0,7.0,2.0,44.2,14.0,6.0,0.4,0.0,0.0,235.0,360.0,0.7,7.0,23.0,0.3,74.0,28.0,0.4,4.0,4.0,9.0,0.4,13.0,25.0,25.0,605737,2022-04-02 14:00:00,2022
Manchester United,13.0,2.0,0.0,4.0,6.0,2.0,53.9,11.0,5.0,0.5,0.0,0.0,500.0,582.0,0.9,7.0,19.0,0.4,52.0,32.0,0.6,1.0,6.0,10.0,0.6,9.0,12.0,12.0,Leicester City,6.0,2.0,0.0,1.0,5.0,4.0,46.1,11.0,3.0,0.3,0.0,0.0,417.0,495.0,0.8,4.0,13.0,0.3,40.0,19.0,0.5,2.0,9.0,15.0,0.6,18.0,23.0,23.0,605733,2022-04-02 16:30:00,2022
West Ham United,9.0,1.0,0.0,1.0,2.0,1.0,55.7,11.0,5.0,0.5,0.0,0.0,441.0,529.0,0.8,2.0,13.0,0.2,56.0,22.0,0.4,2.0,5.0,11.0,0.5,4.0,18.0,18.0,Everton,12.0,2.0,1.0,1.0,4.0,4.0,44.3,13.0,2.0,0.2,0.0,0.0,336.0,407.0,0.8,4.0,23.0,0.2,54.0,25.0,0.5,5.0,7.0,9.0,0.8,10.0,16.0,16.0,605732,2022-04-03 13:00:00,2022
Tottenham Hotspur,10.0,2.0,0.0,0.0,2.0,0.0,60.8,19.0,6.0,0.3,0.0,0.0,548.0,604.0,0.9,5.0,14.0,0.4,45.0,29.0,0.6,5.0,10.0,17.0,0.6,2.0,18.0,18.0,Newcastle United,7.0,3.0,0.0,4.0,3.0,1.0,39.2,8.0,1.0,0.1,0.0,0.0,324.0,379.0,0.9,3.0,16.0,0.2,43.0,27.0,0.6,4.0,9.0,13.0,0.7,7.0,17.0,17.0,605735,2022-04-03 15:30:00,2022
Crystal Palace,11.0,0.0,0.0,2.0,0.0,3.0,31.4,6.0,5.0,0.8,1.0,1.0,208.0,293.0,0.7,1.0,6.0,0.2,65.0,25.0,0.4,0.0,8.0,18.0,0.4,10.0,16.0,16.0,Arsenal,15.0,2.0,0.0,4.0,2.0,2.0,68.6,12.0,3.0,0.3,0.0,0.0,557.0,647.0,0.9,3.0,9.0,0.3,40.0,14.0,0.4,1.0,9.0,16.0,0.6,8.0,5.0,5.0,605729,2022-04-04 19:00:00,2022
Burnley,11.0,2.0,0.0,1.0,9.0,2.0,50.9,13.0,4.0,0.3,0.0,0.0,221.0,337.0,0.7,2.0,24.0,0.1,69.0,25.0,0.4,3.0,2.0,11.0,0.2,17.0,27.0,27.0,Everton,16.0,2.0,0.0,0.0,6.0,1.0,49.1,16.0,4.0,0.3,2.0,2.0,207.0,324.0,0.6,5.0,28.0,0.2,65.0,20.0,0.3,8.0,11.0,19.0,0.6,9.0,35.0,35.0,605853,2022-04-06 18:30:00,2022
Newcastle United,6.0,1.0,0.0,1.0,1.0,2.0,41.1,12.0,4.0,0.3,1.0,1.0,308.0,378.0,0.8,2.0,15.0,0.1,63.0,30.0,0.5,5.0,7.0,11.0,0.6,8.0,13.0,13.0,Wolverhampton Wanderers,13.0,1.0,0.0,0.0,2.0,3.0,58.9,5.0,2.0,0.4,0.0,0.0,453.0,546.0,0.8,2.0,14.0,0.1,51.0,24.0,0.5,1.0,12.0,24.0,0.5,7.0,15.0,15.0,605728,2022-04-08 19:00:00,2022
Everton,4.0,2.0,0.0,1.0,5.0,4.0,32.5,7.0,3.0,0.4,0.0,0.0,203.0,307.0,0.7,3.0,12.0,0.3,58.0,18.0,0.3,2.0,12.0,18.0,0.7,12.0,35.0,35.0,Manchester United,10.0,2.0,0.0,2.0,7.0,2.0,67.5,12.0,4.0,0.3,0.0,0.0,523.0,641.0,0.8,5.0,24.0,0.2,51.0,24.0,0.5,7.0,10.0,15.0,0.7,12.0,14.0,14.0,605725,2022-04-09 11:30:00,2022
Watford,8.0,2.0,0.0,3.0,3.0,2.0,48.2,8.0,1.0,0.1,0.0,0.0,253.0,380.0,0.7,4.0,16.0,0.3,58.0,20.0,0.3,0.0,15.0,21.0,0.7,14.0,18.0,18.0,Leeds United,12.0,0.0,0.0,1.0,8.0,1.0,51.8,10.0,5.0,0.5,0.0,0.0,263.0,412.0,0.6,3.0,14.0,0.2,70.0,19.0,0.3,0.0,27.0,46.0,0.6,18.0,19.0,19.0,605723,2022-04-09 14:00:00,2022
Arsenal,12.0,3.0,0.0,2.0,11.0,1.0,64.6,20.0,4.0,0.2,0.0,0.0,426.0,512.0,0.8,5.0,23.0,0.2,46.0,24.0,0.5,11.0,6.0,9.0,0.7,6.0,7.0,7.0,Brighton & Hove Albion,19.0,4.0,0.0,2.0,2.0,3.0,35.4,8.0,3.0,0.4,0.0,0.0,202.0,283.0,0.7,1.0,10.0,0.1,60.0,13.0,0.2,1.0,13.0,21.0,0.6,16.0,28.0,28.0,605719,2022-04-09 14:00:00,2022
Southampton,11.0,1.0,0.0,0.0,3.0,8.0,29.0,4.0,1.0,0.3,0.0,0.0,218.0,292.0,0.7,2.0,14.0,0.1,50.0,19.0,0.4,3.0,11.0,18.0,0.6,10.0,15.0,15.0,Chelsea,10.0,0.0,0.0,1.0,3.0,1.0,71.0,24.0,14.0,0.6,0.0,0.0,662.0,748.0,0.9,3.0,8.0,0.4,38.0,19.0,0.5,2.0,19.0,29.0,0.7,4.0,14.0,14.0,605721,2022-04-09 14:00:00,2022
Aston Villa,12.0,2.0,0.0,1.0,9.0,1.0,51.5,19.0,8.0,0.4,0.0,0.0,424.0,477.0,0.9,6.0,27.0,0.2,25.0,15.0,0.6,6.0,10.0,15.0,0.7,3.0,8.0,8.0,Tottenham Hotspur,14.0,3.0,0.0,2.0,3.0,8.0,48.5,11.0,5.0,0.5,0.0,0.0,404.0,461.0,0.9,0.0,6.0,0.0,41.0,23.0,0.6,5.0,9.0,20.0,0.5,6.0,28.0,28.0,605726,2022-04-09 16:30:00,2022
Brentford,2.0,0.0,0.0,1.0,4.0,1.0,47.1,15.0,7.0,0.5,0.0,0.0,398.0,477.0,0.8,3.0,22.0,0.1,55.0,31.0,0.6,5.0,5.0,11.0,0.5,10.0,16.0,16.0,West Ham United,6.0,1.0,0.0,2.0,6.0,5.0,52.9,5.0,1.0,0.2,0.0,0.0,455.0,540.0,0.8,3.0,19.0,0.2,59.0,26.0,0.4,1.0,4.0,10.0,0.4,10.0,33.0,33.0,605727,2022-04-10 13:00:00,2022
Norwich City,12.0,1.0,0.0,3.0,6.0,3.0,44.9,17.0,6.0,0.4,0.0,0.0,229.0,352.0,0.7,3.0,13.0,0.2,68.0,14.0,0.2,5.0,7.0,10.0,0.7,7.0,43.0,43.0,Burnley,10.0,1.0,0.0,3.0,7.0,4.0,55.1,18.0,4.0,0.2,0.0,0.0,283.0,412.0,0.7,8.0,36.0,0.2,89.0,37.0,0.4,5.0,12.0,23.0,0.5,12.0,19.0,19.0,605720,2022-04-10 13:00:00,2022
Leicester City,0.0,0.0,0.0,0.0,0.0,0.0,0.0,0.0,0.0,0.0,0.0,0.0,0.0,0.0,0.0,0.0,0.0,0.0,0.0,0.0,0.0,0.0,0.0,0.0,0.0,0.0,0.0,0.0,Crystal Palace,0.0,0.0,0.0,0.0,0.0,0.0,0.0,0.0,0.0,0.0,0.0,0.0,0.0,0.0,0.0,0.0,0.0,0.0,0.0,0.0,0.0,0.0,0.0,0.0,0.0,0.0,0.0,0.0,605722,2022-04-10 13:00:00,2022
Manchester City,9.0,1.0,0.0,5.0,4.0,2.0,55.1,11.0,5.0,0.5,0.0,0.0,486.0,566.0,0.9,2.0,17.0,0.1,73.0,41.0,0.6,2.0,6.0,17.0,0.4,8.0,11.0,11.0,Liverpool,11.0,4.0,0.0,2.0,1.0,2.0,44.9,6.0,4.0,0.7,0.0,0.0,377.0,468.0,0.8,1.0,5.0,0.2,64.0,29.0,0.5,0.0,12.0,18.0,0.7,8.0,18.0,18.0,605724,2022-04-10 15:30:00,2022
Tottenham Hotspur,14.0,3.0,0.0,0.0,4.0,3.0,48.6,5.0,0.0,0.0,0.0,0.0,393.0,480.0,0.8,0.0,7.0,0.0,54.0,17.0,0.3,2.0,8.0,15.0,0.5,8.0,16.0,16.0,Brighton & Hove Albion,10.0,3.0,0.0,3.0,4.0,0.0,51.4,12.0,5.0,0.4,0.0,0.0,419.0,499.0,0.8,3.0,16.0,0.2,60.0,21.0,0.4,2.0,10.0,17.0,0.6,9.0,12.0,12.0,605711,2022-04-16 11:30:00,2022
Southampton,6.0,2.0,0.0,2.0,6.0,6.0,24.3,9.0,3.0,0.3,0.0,0.0,131.0,213.0,0.6,2.0,10.0,0.2,60.0,17.0,0.3,5.0,7.0,14.0,0.5,17.0,36.0,36.0,Arsenal,6.0,1.0,0.0,0.0,8.0,2.0,75.7,23.0,6.0,0.3,0.0,0.0,582.0,655.0,0.9,4.0,31.0,0.1,32.0,13.0,0.4,5.0,7.0,12.0,0.6,5.0,20.0,20.0,605709,2022-04-16 14:00:00,2022
Manchester United,8.0,0.0,0.0,3.0,6.0,2.0,60.8,20.0,9.0,0.5,0.0,0.0,556.0,623.0,0.9,3.0,13.0,0.2,41.0,24.0,0.6,6.0,11.0,16.0,0.7,10.0,11.0,11.0,Norwich City,6.0,0.0,0.0,0.0,7.0,6.0,39.2,15.0,4.0,0.3,0.0,0.0,313.0,386.0,0.8,3.0,18.0,0.2,52.0,28.0,0.5,4.0,11.0,20.0,0.6,6.0,18.0,18.0,605718,2022-04-16 14:00:00,2022
Watford,11.0,2.0,0.0,0.0,6.0,3.0,50.8,18.0,4.0,0.2,0.0,0.0,300.0,395.0,0.8,7.0,22.0,0.3,69.0,30.0,0.4,5.0,11.0,13.0,0.8,17.0,20.0,20.0,Brentford,9.0,1.0,0.0,0.0,5.0,3.0,49.2,16.0,5.0,0.3,0.0,0.0,282.0,382.0,0.7,6.0,17.0,0.4,60.0,29.0,0.5,4.0,12.0,22.0,0.5,6.0,15.0,15.0,605710,2022-04-16 14:00:00,2022
West Ham United,9.0,2.0,0.0,1.0,13.0,0.0,61.0,21.0,8.0,0.4,0.0,0.0,428.0,505.0,0.8,8.0,37.0,0.2,54.0,26.0,0.5,5.0,1.0,6.0,0.2,6.0,23.0,23.0,Burnley,11.0,2.0,0.0,1.0,4.0,5.0,39.0,9.0,1.0,0.1,0.0,1.0,237.0,325.0,0.7,4.0,20.0,0.2,64.0,25.0,0.4,2.0,5.0,11.0,0.5,7.0,25.0,25.0,605712,2022-04-17 13:15:00,2022
Newcastle United,10.0,2.0,0.0,1.0,3.0,1.0,31.3,16.0,7.0,0.4,0.0,0.0,169.0,264.0,0.6,4.0,9.0,0.4,60.0,19.0,0.3,1.0,14.0,26.0,0.5,16.0,18.0,18.0,Leicester City,10.0,2.0,0.0,0.0,5.0,5.0,68.7,8.0,2.0,0.3,0.0,0.0,490.0,584.0,0.8,3.0,14.0,0.2,60.0,31.0,0.5,4.0,17.0,22.0,0.8,7.0,12.0,12.0,605715,2022-04-17 13:15:00,2022
Liverpool,3.0,1.0,0.0,3.0,10.0,1.0,71.6,14.0,5.0,0.4,0.0,0.0,818.0,897.0,0.9,4.0,17.0,0.2,59.0,34.0,0.6,3.0,11.0,15.0,0.7,10.0,6.0,6.0,Manchester United,6.0,2.0,0.0,2.0,2.0,1.0,28.4,2.0,1.0,0.5,0.0,0.0,260.0,354.0,0.7,2.0,6.0,0.3,44.0,14.0,0.3,1.0,14.0,22.0,0.6,16.0,16.0,16.0,605746,2022-04-19 19:00:00,2022
Newcastle United,12.0,1.0,0.0,2.0,2.0,2.0,36.3,13.0,4.0,0.3,0.0,0.0,261.0,347.0,0.8,1.0,6.0,0.2,51.0,20.0,0.4,6.0,12.0,18.0,0.7,14.0,22.0,22.0,Crystal Palace,12.0,1.0,0.0,3.0,5.0,3.0,63.7,10.0,2.0,0.2,0.0,0.0,490.0,589.0,0.8,6.0,21.0,0.3,67.0,27.0,0.4,2.0,10.0,20.0,0.5,7.0,14.0,14.0,605743,2022-04-20 18:45:00,2022
Chelsea,7.0,3.0,0.0,1.0,6.0,0.0,68.0,11.0,2.0,0.2,0.0,0.0,605.0,704.0,0.9,3.0,20.0,0.2,49.0,23.0,0.5,4.0,13.0,23.0,0.6,10.0,5.0,5.0,Arsenal,6.0,1.0,0.0,4.0,1.0,0.0,32.0,14.0,4.0,0.3,1.0,1.0,251.0,332.0,0.8,1.0,8.0,0.1,43.0,13.0,0.3,3.0,9.0,20.0,0.5,15.0,25.0,25.0,605789,2022-04-20 18:45:00,2022
Everton,8.0,4.0,0.0,0.0,5.0,2.0,36.7,13.0,3.0,0.2,0.0,0.0,259.0,353.0,0.7,6.0,16.0,0.4,58.0,28.0,0.5,2.0,9.0,14.0,0.6,13.0,13.0,13.0,Leicester City,17.0,2.0,0.0,1.0,4.0,2.0,63.3,11.0,3.0,0.3,0.0,0.0,517.0,631.0,0.8,2.0,13.0,0.2,61.0,26.0,0.4,7.0,5.0,11.0,0.5,4.0,15.0,15.0,605865,2022-04-20 18:45:00,2022
Manchester City,12.0,0.0,0.0,1.0,7.0,1.0,65.1,17.0,5.0,0.3,0.0,0.0,586.0,667.0,0.9,1.0,15.0,0.1,59.0,39.0,0.7,8.0,11.0,16.0,0.7,11.0,14.0,14.0,Brighton & Hove Albion,7.0,3.0,0.0,2.0,4.0,2.0,34.9,2.0,1.0,0.5,0.0,0.0,260.0,353.0,0.7,1.0,11.0,0.1,56.0,23.0,0.4,0.0,10.0,20.0,0.5,5.0,15.0,15.0,605741,2022-04-20 19:00:00,2022
Burnley,7.0,2.0,0.0,3.0,10.0,4.0,43.0,16.0,6.0,0.4,0.0,0.0,244.0,354.0,0.7,6.0,21.0,0.3,68.0,27.0,0.4,6.0,8.0,15.0,0.5,6.0,24.0,24.0,Southampton,7.0,2.0,0.0,2.0,10.0,4.0,57.0,11.0,3.0,0.3,0.0,0.0,396.0,479.0,0.8,3.0,27.0,0.1,59.0,25.0,0.4,4.0,9.0,15.0,0.6,12.0,23.0,23.0,605747,2022-04-21 18:45:00,2022
Arsenal,0.0,0.0,0.0,0.0,0.0,0.0,0.0,0.0,0.0,0.0,0.0,0.0,0.0,0.0,0.0,0.0,0.0,0.0,0.0,0.0,0.0,0.0,0.0,0.0,0.0,0.0,0.0,0.0,Manchester United,0.0,0.0,0.0,0.0,0.0,0.0,0.0,0.0,0.0,0.0,0.0,0.0,0.0,0.0,0.0,0.0,0.0,0.0,0.0,0.0,0.0,0.0,0.0,0.0,0.0,0.0,0.0,0.0,605702,2022-04-23 11:30:00,2022
Leicester City,15.0,3.0,0.0,0.0,7.0,3.0,64.1,5.0,2.0,0.4,0.0,0.0,444.0,520.0,0.9,1.0,26.0,0.0,33.0,14.0,0.4,0.0,7.0,13.0,0.5,6.0,10.0,10.0,Aston Villa,16.0,2.0,0.0,1.0,6.0,2.0,35.9,11.0,3.0,0.3,0.0,0.0,198.0,289.0,0.7,3.0,15.0,0.2,54.0,17.0,0.3,4.0,12.0,15.0,0.8,8.0,23.0,23.0,605699,2022-04-23 14:00:00,2022
Norwich City,11.0,0.0,0.0,1.0,2.0,4.0,45.4,5.0,2.0,0.4,0.0,0.0,315.0,417.0,0.8,1.0,14.0,0.1,63.0,27.0,0.4,0.0,12.0,20.0,0.6,15.0,12.0,12.0,Newcastle United,10.0,2.0,0.0,0.0,3.0,2.0,54.6,13.0,7.0,0.5,0.0,0.0,420.0,506.0,0.8,4.0,10.0,0.4,57.0,28.0,0.5,0.0,11.0,15.0,0.7,14.0,17.0,17.0,605703,2022-04-23 14:00:00,2022
Manchester City,9.0,1.0,0.0,0.0,11.0,1.0,74.0,21.0,8.0,0.4,1.0,1.0,619.0,701.0,0.9,4.0,19.0,0.2,52.0,29.0,0.6,6.0,16.0,25.0,0.6,7.0,12.0,12.0,Watford,7.0,0.0,0.0,2.0,4.0,4.0,26.0,5.0,2.0,0.4,0.0,0.0,180.0,247.0,0.7,3.0,8.0,0.4,43.0,17.0,0.4,1.0,7.0,11.0,0.6,16.0,30.0,30.0,605706,2022-04-23 14:00:00,2022
Brentford,8.0,2.0,0.0,1.0,12.0,0.0,44.0,15.0,2.0,0.1,0.0,0.0,296.0,393.0,0.8,10.0,26.0,0.4,63.0,34.0,0.5,7.0,6.0,12.0,0.5,10.0,23.0,23.0,Tottenham Hotspur,7.0,1.0,0.0,1.0,8.0,1.0,56.0,9.0,0.0,0.0,0.0,0.0,431.0,508.0,0.8,6.0,26.0,0.2,37.0,16.0,0.4,5.0,8.0,11.0,0.7,13.0,33.0,33.0,605705,2022-04-23 16:30:00,2022
Burnley,8.0,3.0,0.0,5.0,3.0,4.0,35.9,14.0,5.0,0.4,0.0,0.0,240.0,324.0,0.7,4.0,12.0,0.3,47.0,17.0,0.4,4.0,14.0,20.0,0.7,15.0,16.0,16.0,Wolverhampton Wanderers,7.0,1.0,0.0,2.0,6.0,4.0,64.1,10.0,4.0,0.4,0.0,0.0,488.0,590.0,0.8,4.0,16.0,0.3,56.0,28.0,0.5,5.0,16.0,28.0,0.6,9.0,15.0,15.0,605708,2022-04-24 13:00:00,2022
Chelsea,11.0,1.0,0.0,2.0,3.0,2.0,66.6,26.0,5.0,0.2,0.0,1.0,628.0,710.0,0.9,3.0,21.0,0.1,41.0,24.0,0.6,12.0,6.0,11.0,0.5,9.0,7.0,7.0,West Ham United,9.0,0.0,1.0,2.0,1.0,4.0,33.4,6.0,2.0,0.3,0.0,0.0,264.0,354.0,0.7,0.0,10.0,0.0,58.0,14.0,0.2,2.0,10.0,14.0,0.7,5.0,25.0,25.0,605707,2022-04-24 13:00:00,2022
Brighton & Hove Albion,12.0,1.0,0.0,2.0,6.0,3.0,48.8,8.0,5.0,0.6,0.0,0.0,229.0,352.0,0.7,9.0,20.0,0.5,56.0,18.0,0.3,3.0,8.0,17.0,0.5,6.0,29.0,29.0,Southampton,7.0,0.0,0.0,3.0,6.0,4.0,51.2,18.0,5.0,0.3,0.0,0.0,258.0,366.0,0.7,5.0,26.0,0.2,60.0,23.0,0.4,7.0,4.0,13.0,0.3,17.0,22.0,22.0,605704,2022-04-24 13:00:00,2022
Liverpool,8.0,2.0,0.0,1.0,13.0,1.0,82.4,18.0,4.0,0.2,0.0,0.0,701.0,787.0,0.9,8.0,36.0,0.2,53.0,37.0,0.7,3.0,10.0,15.0,0.7,4.0,7.0,7.0,Everton,8.0,5.0,0.0,0.0,1.0,2.0,17.6,9.0,1.0,0.1,0.0,0.0,95.0,173.0,0.5,1.0,4.0,0.3,49.0,16.0,0.3,4.0,10.0,20.0,0.5,14.0,37.0,37.0,605700,2022-04-24 15:30:00,2022
Crystal Palace,12.0,2.0,0.0,1.0,6.0,2.0,52.5,17.0,7.0,0.4,0.0,0.0,325.0,432.0,0.8,8.0,20.0,0.4,67.0,35.0,0.5,4.0,7.0,13.0,0.5,12.0,8.0,8.0,Leeds United,13.0,2.0,0.0,1.0,3.0,7.0,47.5,9.0,2.0,0.2,0.0,0.0,271.0,392.0,0.7,2.0,10.0,0.2,65.0,17.0,0.3,3.0,17.0,29.0,0.6,12.0,25.0,25.0,605701,2022-04-25 19:00:00,2022
Manchester United,9.0,0.0,0.0,2.0,2.0,5.0,35.2,6.0,3.0,0.5,0.0,0.0,272.0,345.0,0.8,2.0,10.0,0.2,55.0,28.0,0.5,2.0,12.0,16.0,0.8,14.0,30.0,30.0,Chelsea,12.0,1.0,0.0,3.0,9.0,2.0,64.8,21.0,6.0,0.3,0.0,0.0,556.0,628.0,0.9,5.0,26.0,0.2,45.0,31.0,0.7,6.0,6.0,12.0,0.5,9.0,13.0,13.0,605673,2022-04-28 18:45:00,2022
Newcastle United,11.0,1.0,0.0,9.0,0.0,9.0,33.9,4.0,2.0,0.5,0.0,0.0,176.0,274.0,0.6,1.0,5.0,0.2,63.0,21.0,0.3,1.0,10.0,19.0,0.5,4.0,21.0,21.0,Liverpool,11.0,3.0,0.0,1.0,6.0,2.0,66.1,24.0,10.0,0.4,0.0,0.0,442.0,528.0,0.8,6.0,16.0,0.4,58.0,30.0,0.5,4.0,6.0,15.0,0.4,6.0,15.0,15.0,605696,2022-04-30 11:30:00,2022
Wolverhampton Wanderers,6.0,2.0,0.0,1.0,7.0,6.0,49.2,11.0,1.0,0.1,0.0,0.0,377.0,458.0,0.8,1.0,20.0,0.1,49.0,17.0,0.3,5.0,13.0,19.0,0.7,5.0,11.0,11.0,Brighton & Hove Albion,4.0,1.0,0.0,1.0,3.0,1.0,50.8,17.0,9.0,0.5,1.0,2.0,396.0,479.0,0.8,4.0,12.0,0.3,49.0,21.0,0.4,4.0,18.0,22.0,0.8,9.0,10.0,10.0,605691,2022-04-30 14:00:00,2022
Watford,13.0,1.0,0.0,1.0,5.0,4.0,46.5,13.0,1.0,0.1,0.0,0.0,213.0,334.0,0.6,6.0,26.0,0.2,70.0,17.0,0.2,3.0,8.0,16.0,0.5,8.0,29.0,29.0,Burnley,9.0,2.0,0.0,0.0,6.0,1.0,53.5,17.0,6.0,0.4,0.0,0.0,269.0,396.0,0.7,6.0,20.0,0.3,65.0,31.0,0.5,6.0,9.0,16.0,0.6,8.0,25.0,25.0,605692,2022-04-30 14:00:00,2022
Southampton,13.0,1.0,0.0,0.0,6.0,3.0,38.3,8.0,3.0,0.4,0.0,0.0,221.0,326.0,0.7,2.0,15.0,0.1,56.0,19.0,0.3,2.0,17.0,23.0,0.7,13.0,23.0,23.0,Crystal Palace,11.0,3.0,0.0,4.0,7.0,2.0,61.7,14.0,5.0,0.4,0.0,0.0,436.0,529.0,0.8,6.0,21.0,0.3,69.0,33.0,0.5,6.0,5.0,8.0,0.6,8.0,29.0,29.0,605694,2022-04-30 14:00:00,2022
Aston Villa,16.0,4.0,0.0,3.0,2.0,3.0,45.1,21.0,6.0,0.3,0.0,0.0,317.0,398.0,0.8,4.0,12.0,0.3,41.0,21.0,0.5,7.0,19.0,26.0,0.7,13.0,12.0,12.0,Norwich City,8.0,1.0,0.0,0.0,3.0,4.0,54.9,9.0,3.0,0.3,0.0,0.0,402.0,491.0,0.8,2.0,10.0,0.2,67.0,40.0,0.6,0.0,6.0,12.0,0.5,14.0,8.0,8.0,605698,2022-04-30 14:00:00,2022
Leeds United,13.0,1.0,0.0,3.0,3.0,2.0,40.9,7.0,2.0,0.3,0.0,0.0,329.0,421.0,0.8,3.0,16.0,0.2,43.0,19.0,0.4,4.0,13.0,29.0,0.4,3.0,12.0,12.0,Manchester City,3.0,2.0,0.0,1.0,6.0,1.0,59.1,19.0,6.0,0.3,0.0,0.0,547.0,617.0,0.9,5.0,18.0,0.3,52.0,31.0,0.6,7.0,4.0,9.0,0.4,9.0,22.0,22.0,605697,2022-04-30 16:30:00,2022
Everton,9.0,3.0,0.0,0.0,3.0,5.0,21.7,9.0,4.0,0.4,0.0,0.0,116.0,197.0,0.6,2.0,11.0,0.2,52.0,14.0,0.3,1.0,10.0,13.0,0.8,10.0,24.0,24.0,Chelsea,12.0,5.0,0.0,2.0,8.0,3.0,78.3,17.0,5.0,0.3,0.0,0.0,637.0,720.0,0.9,8.0,27.0,0.3,35.0,16.0,0.5,5.0,6.0,18.0,0.3,5.0,17.0,17.0,605693,2022-05-01 13:00:00,2022
Tottenham Hotspur,13.0,2.0,0.0,2.0,7.0,1.0,39.3,13.0,7.0,0.5,0.0,0.0,325.0,404.0,0.8,6.0,17.0,0.4,49.0,27.0,0.6,2.0,14.0,20.0,0.7,15.0,22.0,22.0,Leicester City,8.0,3.0,0.0,0.0,3.0,4.0,60.7,6.0,2.0,0.3,0.0,0.0,542.0,627.0,0.9,4.0,21.0,0.2,39.0,17.0,0.4,1.0,9.0,16.0,0.6,6.0,10.0,10.0,605695,2022-05-01 13:00:00,2022
West Ham United,7.0,2.0,0.0,1.0,3.0,5.0,56.6,8.0,3.0,0.4,0.0,0.0,503.0,586.0,0.9,4.0,22.0,0.2,57.0,28.0,0.5,4.0,6.0,11.0,0.5,8.0,8.0,8.0,Arsenal,9.0,2.0,0.0,0.0,7.0,2.0,43.4,13.0,7.0,0.5,0.0,0.0,377.0,454.0,0.8,4.0,13.0,0.3,46.0,14.0,0.3,2.0,9.0,16.0,0.6,10.0,26.0,26.0,605689,2022-05-01 15:30:00,2022
Manchester United,4.0,1.0,0.0,3.0,3.0,4.0,64.1,9.0,5.0,0.6,1.0,1.0,651.0,714.0,0.9,1.0,7.0,0.1,44.0,23.0,0.5,1.0,8.0,11.0,0.7,11.0,35.0,35.0,Brentford,6.0,0.0,0.0,2.0,8.0,3.0,35.9,12.0,4.0,0.3,0.0,0.0,309.0,376.0,0.8,5.0,29.0,0.2,41.0,21.0,0.5,3.0,5.0,9.0,0.6,6.0,5.0,5.0,605690,2022-05-02 19:00:00,2022
Brentford,12.0,0.0,0.0,0.0,4.0,4.0,40.4,18.0,5.0,0.3,0.0,0.0,231.0,321.0,0.7,5.0,14.0,0.4,66.0,28.0,0.4,5.0,7.0,10.0,0.7,15.0,26.0,26.0,Southampton,9.0,1.0,0.0,2.0,7.0,2.0,59.6,19.0,4.0,0.2,0.0,0.0,376.0,470.0,0.8,8.0,30.0,0.3,41.0,16.0,0.4,5.0,5.0,17.0,0.3,8.0,16.0,16.0,605684,2022-05-07 14:00:00,2022
Chelsea,0.0,0.0,0.0,0.0,0.0,0.0,0.0,0.0,0.0,0.0,0.0,0.0,0.0,0.0,0.0,0.0,0.0,0.0,0.0,0.0,0.0,0.0,0.0,0.0,0.0,0.0,0.0,0.0,Wolverhampton Wanderers,0.0,0.0,0.0,0.0,0.0,0.0,0.0,0.0,0.0,0.0,0.0,0.0,0.0,0.0,0.0,0.0,0.0,0.0,0.0,0.0,0.0,0.0,0.0,0.0,0.0,0.0,0.0,0.0,605688,2022-05-07 14:00:00,2022
Burnley,13.0,1.0,0.0,1.0,4.0,4.0,49.0,14.0,6.0,0.4,0.0,0.0,331.0,424.0,0.8,4.0,15.0,0.3,67.0,40.0,0.6,1.0,6.0,16.0,0.4,8.0,10.0,10.0,Aston Villa,11.0,2.0,0.0,2.0,5.0,5.0,51.0,12.0,7.0,0.6,0.0,0.0,356.0,446.0,0.8,4.0,13.0,0.3,71.0,31.0,0.4,3.0,6.0,13.0,0.5,7.0,16.0,16.0,605679,2022-05-07 14:00:00,2022
Crystal Palace,11.0,2.0,0.0,2.0,8.0,1.0,67.7,15.0,7.0,0.5,1.0,1.0,454.0,533.0,0.9,6.0,24.0,0.3,69.0,40.0,0.6,4.0,4.0,11.0,0.4,3.0,10.0,10.0,Watford,18.0,1.0,1.0,0.0,5.0,6.0,32.3,6.0,1.0,0.2,0.0,0.0,173.0,248.0,0.7,3.0,16.0,0.2,60.0,23.0,0.4,3.0,10.0,16.0,0.6,11.0,21.0,21.0,605686,2022-05-07 14:00:00,2022
Brighton & Hove Albion,13.0,0.0,0.0,3.0,7.0,5.0,42.0,17.0,6.0,0.4,0.0,0.0,293.0,373.0,0.8,5.0,20.0,0.3,48.0,20.0,0.4,4.0,9.0,11.0,0.8,10.0,18.0,18.0,Manchester United,9.0,2.0,0.0,3.0,6.0,1.0,58.0,15.0,5.0,0.3,0.0,0.0,445.0,526.0,0.8,5.0,22.0,0.2,43.0,27.0,0.6,3.0,11.0,13.0,0.8,11.0,31.0,31.0,605682,2022-05-07 16:30:00,2022
Liverpool,12.0,3.0,0.0,0.0,11.0,2.0,64.9,22.0,3.0,0.1,0.0,0.0,530.0,618.0,0.9,10.0,46.0,0.2,51.0,32.0,0.6,13.0,11.0,19.0,0.6,4.0,12.0,12.0,Tottenham Hotspur,8.0,2.0,0.0,0.0,5.0,2.0,35.1,8.0,3.0,0.4,0.0,0.0,253.0,338.0,0.7,5.0,17.0,0.3,54.0,25.0,0.5,3.0,12.0,20.0,0.6,13.0,51.0,51.0,605685,2022-05-07 18:45:00,2022
Norwich City,7.0,1.0,0.0,2.0,9.0,1.0,36.5,8.0,2.0,0.3,0.0,0.0,328.0,384.0,0.9,1.0,18.0,0.1,35.0,19.0,0.5,4.0,7.0,12.0,0.6,9.0,20.0,20.0,West Ham United,7.0,1.0,0.0,3.0,5.0,2.0,63.5,13.0,5.0,0.4,1.0,1.0,616.0,679.0,0.9,4.0,18.0,0.2,53.0,37.0,0.7,5.0,5.0,12.0,0.4,8.0,15.0,15.0,605687,2022-05-08 13:00:00,2022
Leicester City,11.0,3.0,0.0,2.0,6.0,2.0,66.0,16.0,9.0,0.6,0.0,0.0,545.0,631.0,0.9,4.0,24.0,0.2,33.0,16.0,0.5,1.0,9.0,16.0,0.6,5.0,7.0,7.0,Everton,6.0,0.0,0.0,0.0,1.0,7.0,34.0,10.0,4.0,0.4,0.0,0.0,239.0,332.0,0.7,2.0,5.0,0.4,71.0,26.0,0.4,3.0,9.0,13.0,0.7,8.0,23.0,23.0,605680,2022-05-08 13:00:00,2022
Arsenal,13.0,2.0,0.0,1.0,8.0,1.0,63.2,19.0,9.0,0.5,0.0,0.0,556.0,621.0,0.9,9.0,26.0,0.3,37.0,26.0,0.7,2.0,10.0,16.0,0.6,5.0,9.0,9.0,Leeds United,15.0,2.0,1.0,0.0,2.0,7.0,36.8,3.0,2.0,0.7,0.0,0.0,285.0,364.0,0.8,1.0,8.0,0.1,58.0,23.0,0.4,1.0,15.0,24.0,0.6,2.0,24.0,24.0,605681,2022-05-08 13:00:00,2022
Manchester City,6.0,1.0,0.0,1.0,8.0,3.0,71.4,21.0,9.0,0.4,0.0,0.0,645.0,712.0,0.9,4.0,19.0,0.2,48.0,27.0,0.6,4.0,5.0,8.0,0.6,5.0,10.0,10.0,Newcastle United,11.0,3.0,0.0,4.0,2.0,4.0,28.6,7.0,3.0,0.4,0.0,0.0,216.0,281.0,0.8,3.0,11.0,0.3,59.0,27.0,0.5,1.0,9.0,19.0,0.5,7.0,21.0,21.0,605683,2022-05-08 15:30:00,2022
Aston Villa,10.0,0.0,0.0,3.0,2.0,3.0,39.2,9.0,4.0,0.4,0.0,0.0,259.0,343.0,0.8,4.0,11.0,0.4,65.0,27.0,0.4,0.0,7.0,12.0,0.6,12.0,15.0,15.0,Liverpool,12.0,0.0,0.0,2.0,3.0,3.0,60.8,17.0,6.0,0.4,0.0,0.0,441.0,530.0,0.8,5.0,17.0,0.3,64.0,42.0,0.7,3.0,10.0,15.0,0.7,8.0,13.0,13.0,605716,2022-05-10 19:00:00,2022
Leeds United,10.0,1.0,1.0,0.0,1.0,0.0,32.1,5.0,0.0,0.0,0.0,0.0,298.0,379.0,0.8,3.0,8.0,0.4,53.0,19.0,0.4,1.0,10.0,16.0,0.6,10.0,18.0,18.0,Chelsea,14.0,0.0,0.0,3.0,5.0,0.0,67.9,17.0,4.0,0.2,0.0,0.0,742.0,817.0,0.9,3.0,16.0,0.2,48.0,29.0,0.6,3.0,9.0,17.0,0.5,8.0,11.0,11.0,605713,2022-05-11 18:30:00,2022
Watford,5.0,1.0,0.0,1.0,1.0,5.0,48.2,6.0,0.0,0.0,0.0,0.0,385.0,470.0,0.8,3.0,10.0,0.3,59.0,25.0,0.4,1.0,10.0,15.0,0.7,12.0,19.0,19.0,Everton,12.0,2.0,0.0,1.0,13.0,0.0,51.8,16.0,5.0,0.3,0.0,0.0,386.0,488.0,0.8,11.0,29.0,0.4,71.0,31.0,0.4,7.0,17.0,25.0,0.7,11.0,12.0,12.0,605744,2022-05-11 18:45:00,2022
Leicester City,10.0,0.0,0.0,1.0,10.0,5.0,64.9,20.0,8.0,0.4,0.0,0.0,573.0,640.0,0.9,5.0,33.0,0.2,61.0,41.0,0.7,7.0,17.0,24.0,0.7,4.0,11.0,11.0,Norwich City,5.0,0.0,0.0,0.0,2.0,5.0,35.1,9.0,5.0,0.6,0.0,0.0,285.0,354.0,0.8,3.0,8.0,0.4,46.0,22.0,0.5,0.0,12.0,19.0,0.6,5.0,32.0,32.0,605835,2022-05-11 18:45:00,2022
Wolverhampton Wanderers,2.0,0.0,0.0,2.0,6.0,0.0,33.7,7.0,3.0,0.4,0.0,0.0,319.0,383.0,0.8,5.0,15.0,0.3,50.0,25.0,0.5,1.0,9.0,16.0,0.6,8.0,12.0,12.0,Manchester City,11.0,1.0,0.0,3.0,2.0,2.0,66.3,15.0,5.0,0.3,0.0,0.0,721.0,787.0,0.9,1.0,12.0,0.1,59.0,47.0,0.8,1.0,10.0,22.0,0.5,8.0,10.0,10.0,605717,2022-05-11 19:15:00,2022
Tottenham Hotspur,8.0,1.0,0.0,1.0,2.0,5.0,57.6,16.0,6.0,0.4,1.0,1.0,502.0,561.0,0.9,3.0,11.0,0.3,34.0,12.0,0.4,5.0,6.0,16.0,0.4,13.0,11.0,11.0,Arsenal,15.0,3.0,1.0,0.0,2.0,3.0,42.4,9.0,5.0,0.6,0.0,0.0,351.0,412.0,0.9,1.0,13.0,0.1,35.0,11.0,0.3,2.0,2.0,6.0,0.3,9.0,11.0,11.0,605819,2022-05-12 18:45:00,2022
Tottenham Hotspur,12.0,3.0,0.0,1.0,8.0,1.0,68.3,21.0,8.0,0.4,1.0,1.0,568.0,647.0,0.9,10.0,34.0,0.3,58.0,33.0,0.6,6.0,6.0,9.0,0.7,4.0,16.0,16.0,Burnley,8.0,2.0,0.0,2.0,2.0,6.0,31.7,8.0,1.0,0.1,0.0,0.0,221.0,299.0,0.7,4.0,13.0,0.3,67.0,30.0,0.4,1.0,7.0,17.0,0.4,8.0,25.0,25.0,605672,2022-05-15 11:00:00,2022
West Ham United,9.0,3.0,0.0,1.0,4.0,7.0,21.8,6.0,2.0,0.3,0.0,0.0,123.0,189.0,0.7,5.0,13.0,0.4,56.0,25.0,0.4,1.0,7.0,11.0,0.6,13.0,40.0,40.0,Manchester City,5.0,1.0,0.0,0.0,9.0,0.0,78.2,31.0,8.0,0.3,0.0,1.0,635.0,697.0,0.9,7.0,39.0,0.2,45.0,27.0,0.6,13.0,7.0,10.0,0.7,5.0,10.0,10.0,605677,2022-05-15 13:00:00,2022
Wolverhampton Wanderers,5.0,0.0,0.0,0.0,5.0,1.0,64.0,17.0,4.0,0.2,0.0,0.0,546.0,613.0,0.9,12.0,27.0,0.4,35.0,19.0,0.5,6.0,6.0,8.0,0.8,8.0,10.0,10.0,Norwich City,10.0,3.0,0.0,0.0,3.0,3.0,36.0,11.0,2.0,0.2,0.0,0.0,268.0,350.0,0.8,3.0,7.0,0.4,59.0,17.0,0.3,1.0,14.0,24.0,0.6,9.0,23.0,23.0,605678,2022-05-15 13:00:00,2022
Watford,4.0,0.0,0.0,3.0,7.0,2.0,40.5,13.0,5.0,0.4,0.0,0.0,273.0,351.0,0.8,9.0,24.0,0.4,56.0,28.0,0.5,0.0,10.0,19.0,0.5,16.0,10.0,10.0,Leicester City,6.0,1.0,0.0,2.0,3.0,4.0,59.5,13.0,7.0,0.5,0.0,0.0,449.0,526.0,0.9,4.0,21.0,0.2,54.0,28.0,0.5,0.0,14.0,26.0,0.5,7.0,19.0,19.0,605675,2022-05-15 13:00:00,2022
Aston Villa,11.0,1.0,0.0,1.0,1.0,3.0,48.4,13.0,4.0,0.3,0.0,0.0,382.0,464.0,0.8,4.0,11.0,0.4,42.0,18.0,0.4,4.0,12.0,20.0,0.6,12.0,18.0,18.0,Crystal Palace,15.0,3.0,0.0,0.0,5.0,3.0,51.6,16.0,4.0,0.3,0.0,0.0,409.0,486.0,0.8,8.0,21.0,0.4,50.0,27.0,0.5,6.0,4.0,12.0,0.3,13.0,13.0,13.0,605674,2022-05-15 13:00:00,2022
Leeds United,16.0,3.0,0.0,1.0,8.0,5.0,50.3,19.0,5.0,0.3,0.0,0.0,276.0,394.0,0.7,8.0,23.0,0.3,70.0,21.0,0.3,4.0,7.0,13.0,0.5,11.0,7.0,7.0,Brighton & Hove Albion,8.0,2.0,0.0,1.0,1.0,3.0,49.7,15.0,6.0,0.4,0.0,0.0,298.0,403.0,0.7,5.0,9.0,0.6,74.0,28.0,0.4,2.0,5.0,13.0,0.4,9.0,24.0,24.0,605671,2022-05-15 13:00:00,2022
Everton,0.0,0.0,0.0,0.0,0.0,0.0,0.0,0.0,0.0,0.0,0.0,0.0,0.0,0.0,0.0,0.0,0.0,0.0,0.0,0.0,0.0,0.0,0.0,0.0,0.0,0.0,0.0,0.0,Brentford,0.0,0.0,0.0,0.0,0.0,0.0,0.0,0.0,0.0,0.0,0.0,0.0,0.0,0.0,0.0,0.0,0.0,0.0,0.0,0.0,0.0,0.0,0.0,0.0,0.0,0.0,0.0,0.0,605670,2022-05-15 15:30:00,2022
Newcastle United,11.0,0.0,0.0,6.0,12.0,2.0,50.6,16.0,4.0,0.3,0.0,0.0,260.0,325.0,0.8,6.0,31.0,0.2,52.0,26.0,0.5,5.0,13.0,18.0,0.7,8.0,17.0,17.0,Arsenal,8.0,3.0,0.0,1.0,8.0,3.0,49.4,11.0,2.0,0.2,0.0,0.0,258.0,331.0,0.8,4.0,15.0,0.3,47.0,18.0,0.4,5.0,8.0,15.0,0.5,4.0,27.0,27.0,605669,2022-05-16 19:00:00,2022
Southampton,6.0,2.0,0.0,0.0,1.0,3.0,29.1,4.0,2.0,0.5,0.0,0.0,226.0,300.0,0.8,1.0,10.0,0.1,57.0,21.0,0.4,2.0,9.0,15.0,0.6,8.0,39.0,39.0,Liverpool,6.0,0.0,0.0,2.0,9.0,1.0,70.9,24.0,5.0,0.2,0.0,0.0,655.0,734.0,0.9,7.0,35.0,0.2,41.0,26.0,0.6,9.0,10.0,18.0,0.6,9.0,12.0,12.0,605676,2022-05-17 18:45:00,2022
Everton,9.0,2.0,0.0,0.0,4.0,3.0,43.2,12.0,6.0,0.5,0.0,0.0,244.0,347.0,0.7,5.0,25.0,0.2,67.0,35.0,0.5,2.0,13.0,25.0,0.5,7.0,20.0,20.0,Crystal Palace,12.0,3.0,0.0,3.0,5.0,3.0,56.8,7.0,5.0,0.7,0.0,0.0,361.0,467.0,0.8,2.0,18.0,0.1,73.0,29.0,0.4,0.0,13.0,20.0,0.7,4.0,36.0,36.0,605714,2022-05-19 18:45:00,2022
Chelsea,13.0,4.0,0.0,1.0,6.0,0.0,67.2,20.0,7.0,0.4,0.0,0.0,695.0,750.0,0.9,6.0,26.0,0.2,41.0,21.0,0.5,8.0,5.0,10.0,0.5,11.0,5.0,5.0,Leicester City,7.0,1.0,0.0,1.0,0.0,6.0,32.8,2.0,1.0,0.5,0.0,0.0,293.0,370.0,0.8,1.0,4.0,0.3,48.0,14.0,0.3,0.0,8.0,18.0,0.4,12.0,31.0,31.0,605771,2022-05-19 19:00:00,2022
Aston Villa,11.0,0.0,0.0,1.0,13.0,3.0,71.3,22.0,9.0,0.4,0.0,0.0,529.0,587.0,0.9,6.0,35.0,0.2,35.0,14.0,0.4,6.0,10.0,16.0,0.6,3.0,20.0,20.0,Burnley,20.0,1.0,1.0,0.0,6.0,8.0,28.7,10.0,5.0,0.5,1.0,1.0,158.0,231.0,0.7,4.0,14.0,0.3,57.0,25.0,0.4,3.0,6.0,11.0,0.5,2.0,27.0,27.0,605862,2022-05-19 19:00:00,2022
Brentford,11.0,2.0,1.0,0.0,3.0,4.0,48.7,14.0,5.0,0.4,0.0,0.0,319.0,412.0,0.8,4.0,13.0,0.3,51.0,19.0,0.4,2.0,8.0,12.0,0.7,15.0,24.0,24.0,Leeds United,13.0,1.0,0.0,2.0,2.0,4.0,51.3,14.0,6.0,0.4,1.0,1.0,326.0,438.0,0.7,1.0,14.0,0.1,71.0,30.0,0.4,2.0,6.0,10.0,0.6,14.0,8.0,8.0,605661,2022-05-22 15:00:00,2022
Arsenal,0.0,0.0,0.0,0.0,0.0,0.0,0.0,0.0,0.0,0.0,0.0,0.0,0.0,0.0,0.0,0.0,0.0,0.0,0.0,0.0,0.0,0.0,0.0,0.0,0.0,0.0,0.0,0.0,Everton,0.0,0.0,0.0,0.0,0.0,0.0,0.0,0.0,0.0,0.0,0.0,0.0,0.0,0.0,0.0,0.0,0.0,0.0,0.0,0.0,0.0,0.0,0.0,0.0,0.0,0.0,0.0,0.0,605660,2022-05-22 15:00:00,2022
Leicester City,0.0,0.0,0.0,0.0,0.0,0.0,0.0,0.0,0.0,0.0,0.0,0.0,0.0,0.0,0.0,0.0,0.0,0.0,0.0,0.0,0.0,0.0,0.0,0.0,0.0,0.0,0.0,0.0,Southampton,0.0,0.0,0.0,0.0,0.0,0.0,0.0,0.0,0.0,0.0,0.0,0.0,0.0,0.0,0.0,0.0,0.0,0.0,0.0,0.0,0.0,0.0,0.0,0.0,0.0,0.0,0.0,0.0,605664,2022-05-22 15:00:00,2022
Manchester City,5.0,0.0,0.0,1.0,13.0,0.0,71.5,24.0,5.0,0.2,0.0,0.0,529.0,601.0,0.9,7.0,35.0,0.2,55.0,40.0,0.7,9.0,5.0,11.0,0.5,5.0,9.0,9.0,Aston Villa,11.0,2.0,0.0,2.0,1.0,2.0,28.5,4.0,2.0,0.5,0.0,0.0,163.0,243.0,0.7,2.0,5.0,0.4,67.0,24.0,0.4,1.0,9.0,17.0,0.5,11.0,30.0,30.0,605659,2022-05-22 15:00:00,2022
Crystal Palace,0.0,0.0,0.0,0.0,0.0,0.0,0.0,0.0,0.0,0.0,0.0,0.0,0.0,0.0,0.0,0.0,0.0,0.0,0.0,0.0,0.0,0.0,0.0,0.0,0.0,0.0,0.0,0.0,Manchester United,0.0,0.0,0.0,0.0,0.0,0.0,0.0,0.0,0.0,0.0,0.0,0.0,0.0,0.0,0.0,0.0,0.0,0.0,0.0,0.0,0.0,0.0,0.0,0.0,0.0,0.0,0.0,0.0,605662,2022-05-22 15:00:00,2022
Norwich City,13.0,3.0,0.0,0.0,3.0,7.0,40.4,9.0,0.0,0.0,0.0,0.0,321.0,402.0,0.8,4.0,14.0,0.3,66.0,33.0,0.5,4.0,12.0,14.0,0.9,11.0,7.0,7.0,Tottenham Hotspur,7.0,1.0,0.0,4.0,2.0,0.0,59.6,19.0,13.0,0.7,0.0,0.0,551.0,614.0,0.9,3.0,6.0,0.5,40.0,20.0,0.5,2.0,5.0,8.0,0.6,9.0,12.0,12.0,605665,2022-05-22 15:00:00,2022
Brighton & Hove Albion,9.0,1.0,0.0,0.0,5.0,1.0,49.9,18.0,7.0,0.4,0.0,0.0,403.0,489.0,0.8,6.0,19.0,0.3,52.0,21.0,0.4,7.0,8.0,12.0,0.7,6.0,22.0,22.0,West Ham United,9.0,1.0,0.0,0.0,6.0,4.0,50.1,7.0,2.0,0.3,0.0,0.0,391.0,480.0,0.8,2.0,29.0,0.1,80.0,42.0,0.5,3.0,9.0,14.0,0.6,6.0,19.0,19.0,605667,2022-05-22 15:00:00,2022
Liverpool,6.0,1.0,0.0,3.0,5.0,4.0,62.9,29.0,8.0,0.3,0.0,0.0,593.0,669.0,0.9,8.0,24.0,0.3,43.0,25.0,0.6,14.0,13.0,21.0,0.6,6.0,7.0,7.0,Wolverhampton Wanderers,3.0,0.0,0.0,1.0,3.0,4.0,37.1,7.0,5.0,0.7,0.0,0.0,323.0,400.0,0.8,1.0,9.0,0.1,83.0,42.0,0.5,0.0,6.0,18.0,0.3,15.0,31.0,31.0,605668,2022-05-22 15:00:00,2022
Burnley,8.0,1.0,0.0,5.0,8.0,4.0,51.4,12.0,5.0,0.4,0.0,0.0,239.0,344.0,0.7,7.0,23.0,0.3,60.0,23.0,0.4,3.0,7.0,11.0,0.6,4.0,13.0,13.0,Newcastle United,9.0,0.0,0.0,0.0,2.0,3.0,48.6,8.0,6.0,0.8,1.0,1.0,241.0,338.0,0.7,1.0,9.0,0.1,67.0,20.0,0.3,0.0,12.0,22.0,0.5,8.0,27.0,27.0,605663,2022-05-22 15:00:00,2022
Chelsea,9.0,0.0,0.0,0.0,3.0,2.0,71.7,19.0,8.0,0.4,0.0,0.0,665.0,734.0,0.9,3.0,13.0,0.2,50.0,36.0,0.7,5.0,16.0,32.0,0.5,9.0,12.0,12.0,Watford,9.0,0.0,0.0,2.0,3.0,6.0,28.3,8.0,3.0,0.4,0.0,0.0,209.0,281.0,0.7,4.0,11.0,0.4,48.0,21.0,0.4,3.0,13.0,25.0,0.5,14.0,16.0,16.0,605666,2022-05-22 15:00:00,2022
Crystal Palace,16.0,1.0,0.0,1.0,3.0,1.0,56.3,10.0,2.0,0.2,0.0,0.0,487.0,562.0,0.9,3.0,19.0,0.2,66.0,33.0,0.5,6.0,9.0,18.0,0.5,8.0,19.0,19.0,Arsenal,11.0,2.0,0.0,2.0,5.0,2.0,43.7,10.0,2.0,0.2,0.0,0.0,360.0,438.0,0.8,2.0,11.0,0.2,49.0,26.0,0.5,4.0,16.0,29.0,0.6,9.0,24.0,24.0,638199,2022-08-05 19:00:00,2022
Fulham,7.0,2.0,0.0,4.0,4.0,1.0,33.1,9.0,3.0,0.3,1.0,1.0,181.0,294.0,0.6,4.0,19.0,0.2,65.0,24.0,0.4,4.0,13.0,25.0,0.5,10.0,30.0,30.0,Liverpool,9.0,0.0,0.0,4.0,4.0,1.0,66.9,11.0,4.0,0.4,0.0,0.0,473.0,612.0,0.8,5.0,18.0,0.3,76.0,40.0,0.5,2.0,9.0,11.0,0.8,10.0,14.0,14.0,638200,2022-08-06 11:30:00,2022
Newcastle United,9.0,0.0,0.0,2.0,11.0,0.0,61.4,23.0,10.0,0.4,0.0,0.0,379.0,469.0,0.8,9.0,25.0,0.4,42.0,19.0,0.5,5.0,13.0,19.0,0.7,11.0,14.0,14.0,Nottingham Forest,14.0,3.0,0.0,0.0,1.0,7.0,38.6,5.0,0.0,0.0,0.0,0.0,207.0,294.0,0.7,3.0,9.0,0.3,57.0,18.0,0.3,2.0,11.0,15.0,0.7,10.0,36.0,36.0,638204,2022-08-06 14:00:00,2022
Tottenham Hotspur,11.0,3.0,0.0,2.0,10.0,1.0,57.5,18.0,8.0,0.4,0.0,0.0,471.0,554.0,0.9,6.0,24.0,0.3,67.0,45.0,0.7,4.0,15.0,24.0,0.6,3.0,18.0,18.0,Southampton,6.0,0.0,0.0,0.0,2.0,5.0,42.5,10.0,2.0,0.2,0.0,0.0,337.0,410.0,0.8,3.0,18.0,0.2,51.0,15.0,0.3,3.0,6.0,14.0,0.4,13.0,19.0,19.0,638203,2022-08-06 14:00:00,2022
Leeds United,0.0,0.0,0.0,0.0,0.0,0.0,0.0,0.0,0.0,0.0,0.0,0.0,0.0,0.0,0.0,0.0,0.0,0.0,0.0,0.0,0.0,0.0,0.0,0.0,0.0,0.0,0.0,0.0,Wolverhampton Wanderers,0.0,0.0,0.0,0.0,0.0,0.0,0.0,0.0,0.0,0.0,0.0,0.0,0.0,0.0,0.0,0.0,0.0,0.0,0.0,0.0,0.0,0.0,0.0,0.0,0.0,0.0,0.0,0.0,638202,2022-08-06 14:00:00,2022
AFC Bournemouth,18.0,3.0,0.0,1.0,5.0,2.0,34.4,7.0,3.0,0.4,0.0,0.0,211.0,301.0,0.7,4.0,11.0,0.4,61.0,31.0,0.5,2.0,12.0,20.0,0.6,13.0,36.0,36.0,Aston Villa,16.0,3.0,0.0,4.0,5.0,1.0,65.6,15.0,2.0,0.1,0.0,0.0,479.0,571.0,0.8,6.0,31.0,0.2,57.0,35.0,0.6,6.0,8.0,10.0,0.8,8.0,8.0,8.0,638201,2022-08-06 14:00:00,2022
Everton,14.0,3.0,0.0,0.0,4.0,5.0,37.3,8.0,4.0,0.5,0.0,0.0,246.0,335.0,0.7,3.0,15.0,0.2,63.0,27.0,0.4,1.0,17.0,24.0,0.7,8.0,27.0,27.0,Chelsea,11.0,2.0,0.0,2.0,16.0,3.0,62.7,15.0,6.0,0.4,1.0,1.0,490.0,566.0,0.9,6.0,25.0,0.2,36.0,15.0,0.4,6.0,9.0,19.0,0.5,9.0,16.0,16.0,638206,2022-08-06 16:30:00,2022
Manchester United,7.0,4.0,0.0,3.0,6.0,2.0,62.9,17.0,5.0,0.3,0.0,0.0,452.0,548.0,0.8,7.0,24.0,0.3,54.0,27.0,0.5,7.0,8.0,12.0,0.7,15.0,10.0,10.0,Brighton & Hove Albion,12.0,1.0,0.0,1.0,2.0,5.0,37.1,15.0,4.0,0.3,0.0,0.0,229.0,326.0,0.7,6.0,12.0,0.5,66.0,17.0,0.3,5.0,9.0,14.0,0.6,12.0,24.0,24.0,638207,2022-08-07 13:00:00,2022
Leicester City,6.0,0.0,0.0,2.0,5.0,1.0,55.4,14.0,5.0,0.4,0.0,0.0,510.0,580.0,0.9,3.0,10.0,0.3,33.0,16.0,0.5,3.0,9.0,13.0,0.7,10.0,12.0,12.0,Brentford,5.0,0.0,0.0,2.0,6.0,3.0,44.6,8.0,3.0,0.4,0.0,0.0,386.0,457.0,0.8,1.0,16.0,0.1,58.0,34.0,0.6,1.0,6.0,10.0,0.6,8.0,16.0,16.0,638205,2022-08-07 13:00:00,2022
West Ham United,8.0,0.0,0.0,4.0,1.0,0.0,24.6,6.0,1.0,0.2,0.0,0.0,206.0,263.0,0.8,4.0,12.0,0.3,53.0,21.0,0.4,3.0,6.0,14.0,0.4,11.0,17.0,17.0,Manchester City,4.0,1.0,0.0,1.0,4.0,1.0,75.4,14.0,2.0,0.1,1.0,1.0,774.0,833.0,0.9,3.0,18.0,0.2,54.0,35.0,0.6,4.0,4.0,6.0,0.7,3.0,11.0,11.0,638208,2022-08-07 15:30:00,2022
Aston Villa,9.0,4.0,0.0,2.0,5.0,4.0,57.5,12.0,4.0,0.3,0.0,0.0,435.0,517.0,0.8,4.0,14.0,0.3,48.0,19.0,0.4,4.0,9.0,15.0,0.6,14.0,16.0,16.0,Everton,7.0,1.0,0.0,3.0,8.0,1.0,42.5,15.0,4.0,0.3,0.0,0.0,291.0,378.0,0.8,4.0,13.0,0.3,66.0,34.0,0.5,9.0,11.0,16.0,0.7,8.0,17.0,17.0,638210,2022-08-13 11:30:00,2022
Manchester City,0.0,0.0,0.0,0.0,0.0,0.0,0.0,0.0,0.0,0.0,0.0,0.0,0.0,0.0,0.0,0.0,0.0,0.0,0.0,0.0,0.0,0.0,0.0,0.0,0.0,0.0,0.0,0.0,AFC Bournemouth,0.0,0.0,0.0,0.0,0.0,0.0,0.0,0.0,0.0,0.0,0.0,0.0,0.0,0.0,0.0,0.0,0.0,0.0,0.0,0.0,0.0,0.0,0.0,0.0,0.0,0.0,0.0,0.0,638215,2022-08-13 14:00:00,2022
Wolverhampton Wanderers,0.0,0.0,0.0,0.0,0.0,0.0,0.0,0.0,0.0,0.0,0.0,0.0,0.0,0.0,0.0,0.0,0.0,0.0,0.0,0.0,0.0,0.0,0.0,0.0,0.0,0.0,0.0,0.0,Fulham,0.0,0.0,0.0,0.0,0.0,0.0,0.0,0.0,0.0,0.0,0.0,0.0,0.0,0.0,0.0,0.0,0.0,0.0,0.0,0.0,0.0,0.0,0.0,0.0,0.0,0.0,0.0,0.0,638218,2022-08-13 14:00:00,2022
Brighton & Hove Albion,8.0,2.0,0.0,1.0,7.0,1.0,54.5,13.0,7.0,0.5,0.0,0.0,286.0,374.0,0.8,1.0,19.0,0.1,57.0,26.0,0.5,3.0,14.0,18.0,0.8,8.0,19.0,19.0,Newcastle United,6.0,3.0,0.0,4.0,3.0,5.0,45.5,4.0,1.0,0.3,0.0,0.0,230.0,314.0,0.7,3.0,10.0,0.3,60.0,19.0,0.3,1.0,7.0,12.0,0.6,14.0,32.0,32.0,638212,2022-08-13 14:00:00,2022
Arsenal,15.0,1.0,0.0,2.0,6.0,1.0,49.9,19.0,7.0,0.4,0.0,0.0,386.0,462.0,0.8,4.0,17.0,0.2,41.0,15.0,0.4,4.0,6.0,8.0,0.8,8.0,11.0,11.0,Leicester City,9.0,1.0,0.0,3.0,2.0,4.0,50.1,6.0,2.0,0.3,0.0,0.0,383.0,472.0,0.8,1.0,9.0,0.1,63.0,28.0,0.4,1.0,7.0,12.0,0.6,8.0,16.0,16.0,638209,2022-08-13 14:00:00,2022
Southampton,0.0,0.0,0.0,0.0,0.0,0.0,0.0,0.0,0.0,0.0,0.0,0.0,0.0,0.0,0.0,0.0,0.0,0.0,0.0,0.0,0.0,0.0,0.0,0.0,0.0,0.0,0.0,0.0,Leeds United,0.0,0.0,0.0,0.0,0.0,0.0,0.0,0.0,0.0,0.0,0.0,0.0,0.0,0.0,0.0,0.0,0.0,0.0,0.0,0.0,0.0,0.0,0.0,0.0,0.0,0.0,0.0,0.0,638217,2022-08-13 14:00:00,2022
Brentford,6.0,0.0,0.0,1.0,8.0,4.0,33.3,13.0,7.0,0.5,0.0,0.0,167.0,255.0,0.7,2.0,17.0,0.1,54.0,20.0,0.4,3.0,4.0,6.0,0.7,8.0,13.0,13.0,Manchester United,15.0,4.0,0.0,2.0,2.0,3.0,66.7,15.0,4.0,0.3,0.0,0.0,444.0,525.0,0.8,5.0,21.0,0.2,36.0,17.0,0.5,4.0,7.0,12.0,0.6,12.0,22.0,22.0,638211,2022-08-13 16:30:00,2022
Nottingham Forest,0.0,0.0,0.0,0.0,0.0,0.0,0.0,0.0,0.0,0.0,0.0,0.0,0.0,0.0,0.0,0.0,0.0,0.0,0.0,0.0,0.0,0.0,0.0,0.0,0.0,0.0,0.0,0.0,West Ham United,0.0,0.0,0.0,0.0,0.0,0.0,0.0,0.0,0.0,0.0,0.0,0.0,0.0,0.0,0.0,0.0,0.0,0.0,0.0,0.0,0.0,0.0,0.0,0.0,0.0,0.0,0.0,0.0,638216,2022-08-14 13:00:00,2022
Chelsea,9.0,3.0,0.0,2.0,8.0,3.0,63.7,16.0,3.0,0.2,0.0,0.0,512.0,597.0,0.9,4.0,23.0,0.2,46.0,27.0,0.6,7.0,18.0,28.0,0.6,4.0,5.0,5.0,Tottenham Hotspur,9.0,0.0,0.0,1.0,5.0,1.0,36.3,10.0,5.0,0.5,0.0,0.0,269.0,340.0,0.8,3.0,12.0,0.3,35.0,19.0,0.5,3.0,12.0,25.0,0.5,15.0,32.0,32.0,638213,2022-08-14 15:30:00,2022
Liverpool,7.0,2.0,1.0,3.0,4.0,2.0,72.6,24.0,4.0,0.2,0.0,0.0,645.0,741.0,0.9,7.0,29.0,0.2,78.0,50.0,0.6,10.0,15.0,20.0,0.8,13.0,8.0,8.0,Crystal Palace,8.0,4.0,0.0,2.0,2.0,3.0,27.4,7.0,3.0,0.4,0.0,0.0,189.0,274.0,0.7,2.0,9.0,0.2,63.0,25.0,0.4,0.0,14.0,23.0,0.6,18.0,38.0,38.0,638214,2022-08-15 19:00:00,2022
Tottenham Hotspur,10.0,2.0,0.0,2.0,8.0,3.0,49.9,11.0,4.0,0.4,0.0,0.0,411.0,472.0,0.9,6.0,22.0,0.3,52.0,30.0,0.6,2.0,8.0,18.0,0.4,4.0,17.0,17.0,Wolverhampton Wanderers,8.0,2.0,0.0,0.0,6.0,3.0,50.1,20.0,3.0,0.2,0.0,0.0,399.0,477.0,0.8,7.0,19.0,0.4,63.0,32.0,0.5,9.0,12.0,18.0,0.7,6.0,17.0,17.0,638227,2022-08-20 11:30:00,2022
Leicester City,11.0,2.0,0.0,0.0,2.0,1.0,62.0,6.0,1.0,0.2,0.0,0.0,454.0,556.0,0.8,2.0,14.0,0.1,57.0,29.0,0.5,2.0,11.0,15.0,0.7,6.0,20.0,20.0,Southampton,15.0,3.0,0.0,1.0,5.0,0.0,38.0,9.0,3.0,0.3,0.0,0.0,240.0,335.0,0.7,7.0,18.0,0.4,70.0,29.0,0.4,1.0,12.0,19.0,0.6,10.0,22.0,22.0,638224,2022-08-20 14:00:00,2022
Fulham,13.0,3.0,0.0,5.0,6.0,3.0,43.7,18.0,9.0,0.5,0.0,0.0,219.0,311.0,0.7,9.0,21.0,0.4,57.0,22.0,0.4,5.0,8.0,12.0,0.7,11.0,22.0,22.0,Brentford,7.0,2.0,0.0,7.0,3.0,6.0,56.3,13.0,5.0,0.4,0.0,0.0,315.0,417.0,0.8,4.0,11.0,0.4,82.0,36.0,0.4,4.0,5.0,12.0,0.4,6.0,9.0,9.0,638222,2022-08-20 14:00:00,2022
Crystal Palace,16.0,2.0,0.0,1.0,4.0,4.0,50.8,17.0,9.0,0.5,0.0,1.0,378.0,448.0,0.8,4.0,10.0,0.4,52.0,29.0,0.6,3.0,9.0,14.0,0.6,3.0,11.0,11.0,Aston Villa,14.0,1.0,0.0,1.0,2.0,6.0,49.2,13.0,5.0,0.4,0.0,0.0,348.0,428.0,0.8,6.0,17.0,0.4,66.0,33.0,0.5,2.0,12.0,26.0,0.5,7.0,8.0,8.0,638220,2022-08-20 14:00:00,2022
Everton,6.0,3.0,0.0,4.0,6.0,4.0,48.3,19.0,8.0,0.4,0.0,0.0,319.0,412.0,0.8,1.0,18.0,0.1,74.0,27.0,0.4,5.0,8.0,13.0,0.6,11.0,15.0,15.0,Nottingham Forest,9.0,2.0,0.0,1.0,2.0,7.0,51.7,14.0,5.0,0.4,0.0,0.0,326.0,444.0,0.7,3.0,15.0,0.2,72.0,22.0,0.3,3.0,17.0,22.0,0.8,2.0,20.0,20.0,638221,2022-08-20 14:00:00,2022
AFC Bournemouth,12.0,2.0,0.0,1.0,3.0,3.0,41.8,6.0,1.0,0.2,0.0,0.0,324.0,411.0,0.8,5.0,13.0,0.4,36.0,16.0,0.4,0.0,8.0,22.0,0.4,7.0,11.0,11.0,Arsenal,10.0,1.0,0.0,3.0,4.0,1.0,58.2,14.0,6.0,0.4,0.0,0.0,517.0,580.0,0.9,5.0,16.0,0.3,36.0,17.0,0.5,4.0,8.0,14.0,0.6,10.0,20.0,20.0,638219,2022-08-20 16:30:00,2022
Leeds United,0.0,0.0,0.0,0.0,0.0,0.0,0.0,0.0,0.0,0.0,0.0,0.0,0.0,0.0,0.0,0.0,0.0,0.0,0.0,0.0,0.0,0.0,0.0,0.0,0.0,0.0,0.0,0.0,Chelsea,0.0,0.0,0.0,0.0,0.0,0.0,0.0,0.0,0.0,0.0,0.0,0.0,0.0,0.0,0.0,0.0,0.0,0.0,0.0,0.0,0.0,0.0,0.0,0.0,0.0,0.0,0.0,0.0,638223,2022-08-21 13:00:00,2022
West Ham United,10.0,2.0,0.0,3.0,5.0,0.0,49.6,13.0,3.0,0.2,0.0,0.0,376.0,467.0,0.8,7.0,25.0,0.3,65.0,33.0,0.5,7.0,5.0,8.0,0.6,13.0,12.0,12.0,Brighton & Hove Albion,7.0,0.0,0.0,1.0,4.0,3.0,50.4,11.0,2.0,0.2,1.0,1.0,395.0,485.0,0.8,5.0,16.0,0.3,60.0,22.0,0.4,4.0,7.0,17.0,0.4,6.0,16.0,16.0,638228,2022-08-21 13:00:00,2022
Newcastle United,14.0,4.0,0.0,2.0,5.0,7.0,31.3,12.0,6.0,0.5,0.0,0.0,185.0,275.0,0.7,6.0,12.0,0.5,59.0,25.0,0.4,2.0,7.0,13.0,0.5,13.0,22.0,22.0,Manchester City,7.0,2.0,0.0,1.0,5.0,2.0,68.7,21.0,10.0,0.5,0.0,0.0,521.0,608.0,0.9,5.0,20.0,0.3,48.0,30.0,0.6,7.0,5.0,9.0,0.6,5.0,13.0,13.0,638226,2022-08-21 15:30:00,2022
Manchester United,11.0,3.0,0.0,2.0,6.0,5.0,29.5,13.0,5.0,0.4,0.0,0.0,180.0,273.0,0.7,1.0,7.0,0.1,57.0,16.0,0.3,4.0,17.0,24.0,0.7,12.0,34.0,34.0,Liverpool,7.0,1.0,0.0,2.0,8.0,3.0,70.5,17.0,5.0,0.3,0.0,0.0,540.0,645.0,0.8,6.0,23.0,0.3,54.0,32.0,0.6,5.0,11.0,13.0,0.8,6.0,7.0,7.0,638225,2022-08-22 19:00:00,2022
Southampton,4.0,0.0,0.0,1.0,5.0,3.0,48.3,17.0,5.0,0.3,0.0,0.0,266.0,364.0,0.7,9.0,27.0,0.3,59.0,26.0,0.4,2.0,8.0,17.0,0.5,13.0,10.0,10.0,Manchester United,14.0,3.0,0.0,1.0,3.0,4.0,51.7,11.0,6.0,0.5,0.0,0.0,299.0,404.0,0.7,4.0,12.0,0.3,61.0,17.0,0.3,3.0,8.0,14.0,0.6,10.0,36.0,36.0,638237,2022-08-27 11:30:00,2022
Liverpool,6.0,0.0,0.0,3.0,8.0,2.0,69.4,19.0,12.0,0.6,0.0,0.0,589.0,681.0,0.9,11.0,20.0,0.6,63.0,33.0,0.5,1.0,10.0,12.0,0.8,9.0,3.0,3.0,AFC Bournemouth,5.0,1.0,0.0,0.0,1.0,4.0,30.6,5.0,2.0,0.4,0.0,0.0,211.0,303.0,0.7,2.0,5.0,0.4,58.0,24.0,0.4,1.0,12.0,20.0,0.6,11.0,17.0,17.0,638234,2022-08-27 14:00:00,2022
Manchester City,14.0,1.0,0.0,2.0,6.0,1.0,74.3,18.0,5.0,0.3,0.0,0.0,702.0,770.0,0.9,12.0,29.0,0.4,42.0,35.0,0.8,4.0,10.0,12.0,0.8,5.0,3.0,3.0,Crystal Palace,8.0,2.0,0.0,1.0,1.0,1.0,25.7,2.0,2.0,1.0,0.0,0.0,196.0,265.0,0.7,1.0,5.0,0.2,60.0,18.0,0.3,0.0,6.0,9.0,0.7,5.0,27.0,27.0,638235,2022-08-27 14:00:00,2022
Brighton & Hove Albion,10.0,2.0,0.0,2.0,5.0,2.0,42.8,13.0,4.0,0.3,0.0,0.0,250.0,353.0,0.7,5.0,12.0,0.4,65.0,29.0,0.4,1.0,10.0,14.0,0.7,9.0,8.0,8.0,Leeds United,14.0,3.0,0.0,1.0,3.0,3.0,57.2,10.0,2.0,0.2,0.0,0.0,359.0,475.0,0.8,2.0,12.0,0.2,63.0,19.0,0.3,5.0,12.0,22.0,0.5,16.0,16.0,16.0,638232,2022-08-27 14:00:00,2022
Chelsea,10.0,1.0,1.0,3.0,3.0,4.0,45.1,7.0,4.0,0.6,0.0,0.0,372.0,446.0,0.8,3.0,12.0,0.3,58.0,32.0,0.6,2.0,12.0,18.0,0.7,6.0,25.0,25.0,Leicester City,7.0,2.0,0.0,1.0,11.0,2.0,54.9,17.0,5.0,0.3,0.0,0.0,456.0,524.0,0.9,5.0,34.0,0.1,41.0,25.0,0.6,5.0,10.0,17.0,0.6,7.0,14.0,14.0,638233,2022-08-27 14:00:00,2022
Brentford,8.0,2.0,0.0,0.0,8.0,6.0,57.8,20.0,5.0,0.3,0.0,0.0,429.0,514.0,0.8,7.0,30.0,0.2,48.0,18.0,0.4,5.0,6.0,14.0,0.4,8.0,12.0,12.0,Everton,8.0,2.0,0.0,2.0,5.0,4.0,42.2,14.0,7.0,0.5,0.0,0.0,302.0,385.0,0.8,3.0,13.0,0.2,70.0,27.0,0.4,5.0,16.0,22.0,0.7,10.0,37.0,37.0,638231,2022-08-27 14:00:00,2022
Arsenal,0.0,0.0,0.0,0.0,0.0,0.0,0.0,0.0,0.0,0.0,0.0,0.0,0.0,0.0,0.0,0.0,0.0,0.0,0.0,0.0,0.0,0.0,0.0,0.0,0.0,0.0,0.0,0.0,Fulham,0.0,0.0,0.0,0.0,0.0,0.0,0.0,0.0,0.0,0.0,0.0,0.0,0.0,0.0,0.0,0.0,0.0,0.0,0.0,0.0,0.0,0.0,0.0,0.0,0.0,0.0,0.0,0.0,638229,2022-08-27 16:30:00,2022
Aston Villa,10.0,2.0,0.0,2.0,3.0,1.0,57.8,9.0,3.0,0.3,0.0,0.0,489.0,582.0,0.8,6.0,26.0,0.2,57.0,22.0,0.4,2.0,11.0,17.0,0.6,13.0,13.0,13.0,West Ham United,10.0,0.0,0.0,1.0,2.0,3.0,42.2,7.0,2.0,0.3,0.0,0.0,329.0,419.0,0.8,3.0,19.0,0.2,54.0,28.0,0.5,2.0,6.0,13.0,0.5,16.0,29.0,29.0,638230,2022-08-28 13:00:00,2022
Wolverhampton Wanderers,10.0,2.0,0.0,3.0,4.0,5.0,36.1,10.0,4.0,0.4,0.0,0.0,184.0,265.0,0.7,4.0,14.0,0.3,61.0,25.0,0.4,4.0,10.0,22.0,0.5,4.0,36.0,36.0,Newcastle United,11.0,1.0,0.0,1.0,13.0,3.0,63.9,21.0,6.0,0.3,0.0,0.0,376.0,458.0,0.8,9.0,34.0,0.3,55.0,28.0,0.5,11.0,10.0,15.0,0.7,6.0,13.0,13.0,638238,2022-08-28 13:00:00,2022
Nottingham Forest,11.0,6.0,0.0,1.0,6.0,4.0,55.3,17.0,1.0,0.1,0.0,0.0,481.0,568.0,0.8,5.0,24.0,0.2,56.0,26.0,0.5,7.0,11.0,21.0,0.5,13.0,7.0,7.0,Tottenham Hotspur,13.0,1.0,0.0,3.0,1.0,1.0,44.7,18.0,7.0,0.4,0.0,1.0,372.0,462.0,0.8,4.0,10.0,0.4,49.0,20.0,0.4,4.0,7.0,12.0,0.6,18.0,25.0,25.0,638236,2022-08-28 15:30:00,2022
Crystal Palace,11.0,1.0,0.0,1.0,4.0,2.0,48.9,13.0,4.0,0.3,0.0,0.0,383.0,472.0,0.8,2.0,10.0,0.2,74.0,40.0,0.5,3.0,12.0,21.0,0.6,9.0,26.0,26.0,Brentford,8.0,2.0,0.0,0.0,6.0,3.0,51.1,9.0,3.0,0.3,0.0,0.0,386.0,482.0,0.8,4.0,22.0,0.2,69.0,36.0,0.5,1.0,13.0,14.0,0.9,14.0,5.0,5.0,638245,2022-08-30 18:30:00,2022
Fulham,9.0,2.0,0.0,0.0,3.0,2.0,39.1,10.0,3.0,0.3,0.0,0.0,257.0,344.0,0.7,2.0,8.0,0.3,38.0,16.0,0.4,0.0,15.0,26.0,0.6,6.0,22.0,22.0,Brighton & Hove Albion,11.0,1.0,0.0,2.0,3.0,2.0,60.9,7.0,4.0,0.6,1.0,1.0,446.0,533.0,0.8,3.0,17.0,0.2,62.0,33.0,0.5,0.0,12.0,23.0,0.5,11.0,11.0,11.0,638241,2022-08-30 18:30:00,2022
Southampton,15.0,2.0,0.0,0.0,5.0,3.0,32.2,9.0,7.0,0.8,0.0,0.0,158.0,259.0,0.6,2.0,15.0,0.1,61.0,17.0,0.3,2.0,13.0,19.0,0.7,13.0,29.0,29.0,Chelsea,10.0,1.0,0.0,3.0,3.0,3.0,67.8,10.0,4.0,0.4,0.0,0.0,460.0,561.0,0.8,4.0,17.0,0.2,52.0,31.0,0.6,4.0,13.0,26.0,0.5,20.0,26.0,26.0,638246,2022-08-30 18:45:00,2022
Leeds United,10.0,3.0,0.0,2.0,10.0,1.0,69.1,14.0,5.0,0.4,0.0,0.0,535.0,644.0,0.8,7.0,31.0,0.2,49.0,20.0,0.4,1.0,13.0,25.0,0.5,11.0,12.0,12.0,Everton,9.0,3.0,0.0,2.0,2.0,4.0,30.9,7.0,2.0,0.3,0.0,0.0,203.0,292.0,0.7,1.0,3.0,0.3,50.0,15.0,0.3,3.0,13.0,28.0,0.5,18.0,35.0,35.0,638242,2022-08-30 19:00:00,2022
Manchester City,9.0,0.0,0.0,2.0,10.0,1.0,74.9,17.0,9.0,0.5,0.0,0.0,720.0,785.0,0.9,4.0,27.0,0.1,55.0,39.0,0.7,2.0,11.0,13.0,0.8,5.0,6.0,6.0,Nottingham Forest,7.0,1.0,0.0,2.0,1.0,3.0,25.1,8.0,1.0,0.1,0.0,0.0,192.0,261.0,0.7,3.0,7.0,0.4,50.0,16.0,0.3,3.0,8.0,14.0,0.6,14.0,24.0,24.0,638248,2022-08-31 18:30:00,2022
Arsenal,10.0,2.0,0.0,1.0,10.0,2.0,58.9,22.0,9.0,0.4,0.0,0.0,428.0,504.0,0.8,3.0,20.0,0.2,51.0,28.0,0.5,7.0,7.0,10.0,0.7,8.0,10.0,10.0,Aston Villa,14.0,3.0,0.0,1.0,3.0,6.0,41.1,4.0,3.0,0.8,0.0,0.0,271.0,352.0,0.8,2.0,16.0,0.1,55.0,19.0,0.3,0.0,6.0,16.0,0.4,11.0,24.0,24.0,638240,2022-08-31 18:30:00,2022
AFC Bournemouth,12.0,2.0,0.0,0.0,2.0,3.0,34.1,5.0,2.0,0.4,0.0,0.0,238.0,320.0,0.7,3.0,7.0,0.4,51.0,24.0,0.5,1.0,20.0,24.0,0.8,8.0,27.0,27.0,Wolverhampton Wanderers,12.0,1.0,0.0,3.0,5.0,2.0,65.9,17.0,4.0,0.2,0.0,0.0,538.0,603.0,0.9,7.0,27.0,0.3,62.0,44.0,0.7,4.0,11.0,26.0,0.4,6.0,13.0,13.0,638239,2022-08-31 18:30:00,2022
West Ham United,10.0,2.0,0.0,1.0,3.0,3.0,38.3,14.0,4.0,0.3,0.0,0.0,307.0,369.0,0.8,3.0,23.0,0.1,48.0,28.0,0.6,2.0,9.0,13.0,0.7,7.0,22.0,22.0,Tottenham Hotspur,10.0,5.0,0.0,0.0,4.0,3.0,61.7,12.0,3.0,0.3,0.0,0.0,555.0,621.0,0.9,6.0,18.0,0.3,52.0,29.0,0.6,7.0,3.0,7.0,0.4,6.0,17.0,17.0,638244,2022-08-31 18:45:00,2022
Liverpool,9.0,0.0,0.0,2.0,13.0,1.0,71.8,23.0,6.0,0.3,0.0,0.0,523.0,625.0,0.8,10.0,41.0,0.2,74.0,36.0,0.5,9.0,5.0,7.0,0.7,6.0,4.0,4.0,Newcastle United,10.0,2.0,0.0,2.0,0.0,4.0,28.2,5.0,2.0,0.4,0.0,0.0,163.0,256.0,0.6,2.0,7.0,0.3,62.0,18.0,0.3,0.0,9.0,23.0,0.4,15.0,42.0,42.0,638247,2022-08-31 19:00:00,2022
Leicester City,7.0,1.0,0.0,0.0,1.0,1.0,53.9,10.0,2.0,0.2,0.0,0.0,487.0,595.0,0.8,1.0,13.0,0.1,58.0,27.0,0.5,3.0,13.0,21.0,0.6,17.0,16.0,16.0,Manchester United,15.0,3.0,0.0,2.0,3.0,2.0,46.1,9.0,2.0,0.2,0.0,0.0,400.0,513.0,0.8,1.0,12.0,0.1,69.0,30.0,0.4,2.0,8.0,15.0,0.5,8.0,10.0,10.0,638243,2022-09-01 19:00:00,2022
Everton,7.0,2.0,0.0,3.0,7.0,8.0,39.1,14.0,3.0,0.2,0.0,0.0,217.0,302.0,0.7,3.0,15.0,0.2,56.0,20.0,0.4,5.0,11.0,19.0,0.6,10.0,32.0,32.0,Liverpool,11.0,2.0,0.0,2.0,9.0,4.0,60.9,23.0,8.0,0.3,0.0,0.0,380.0,469.0,0.8,11.0,29.0,0.4,56.0,32.0,0.6,6.0,12.0,15.0,0.8,12.0,16.0,16.0,638255,2022-09-03 11:30:00,2022
Tottenham Hotspur,9.0,3.0,0.0,3.0,10.0,2.0,51.9,23.0,10.0,0.4,0.0,0.0,418.0,475.0,0.9,7.0,21.0,0.3,44.0,24.0,0.5,6.0,9.0,19.0,0.5,8.0,17.0,17.0,Fulham,6.0,4.0,0.0,0.0,3.0,8.0,48.1,9.0,3.0,0.3,0.0,0.0,371.0,433.0,0.9,2.0,21.0,0.1,44.0,24.0,0.5,1.0,11.0,18.0,0.6,7.0,19.0,19.0,638257,2022-09-03 14:00:00,2022
Wolverhampton Wanderers,10.0,4.0,0.0,1.0,5.0,1.0,50.8,7.0,2.0,0.3,0.0,0.0,349.0,432.0,0.8,2.0,16.0,0.1,66.0,37.0,0.6,1.0,9.0,14.0,0.6,12.0,26.0,26.0,Southampton,14.0,2.0,0.0,0.0,6.0,1.0,49.2,12.0,1.0,0.1,0.0,0.0,317.0,406.0,0.8,5.0,27.0,0.2,50.0,22.0,0.4,4.0,12.0,20.0,0.6,10.0,18.0,18.0,638253,2022-09-03 14:00:00,2022
Newcastle United,19.0,2.0,0.0,2.0,13.0,9.0,51.7,23.0,6.0,0.3,0.0,0.0,283.0,359.0,0.8,11.0,35.0,0.3,46.0,22.0,0.5,10.0,11.0,18.0,0.6,15.0,18.0,18.0,Crystal Palace,12.0,2.0,0.0,1.0,5.0,5.0,48.3,19.0,9.0,0.5,0.0,0.0,282.0,362.0,0.8,3.0,12.0,0.3,53.0,18.0,0.3,6.0,17.0,23.0,0.7,13.0,35.0,35.0,638258,2022-09-03 14:00:00,2022
Chelsea,6.0,4.0,0.0,1.0,10.0,2.0,68.1,8.0,3.0,0.4,0.0,0.0,577.0,661.0,0.9,2.0,23.0,0.1,36.0,14.0,0.4,3.0,11.0,16.0,0.7,3.0,12.0,12.0,West Ham United,11.0,2.0,0.0,1.0,3.0,1.0,31.9,6.0,3.0,0.5,0.0,0.0,232.0,308.0,0.8,2.0,12.0,0.2,52.0,22.0,0.4,1.0,9.0,14.0,0.6,16.0,28.0,28.0,638252,2022-09-03 14:00:00,2022
Nottingham Forest,13.0,2.0,0.0,1.0,4.0,0.0,52.7,11.0,3.0,0.3,1.0,1.0,402.0,486.0,0.8,5.0,27.0,0.2,66.0,31.0,0.5,5.0,7.0,13.0,0.5,9.0,17.0,17.0,AFC Bournemouth,10.0,1.0,0.0,1.0,6.0,1.0,47.3,8.0,3.0,0.4,0.0,0.0,359.0,442.0,0.8,2.0,20.0,0.1,49.0,12.0,0.2,3.0,8.0,12.0,0.7,3.0,29.0,29.0,638256,2022-09-03 14:00:00,2022
Brentford,8.0,2.0,0.0,1.0,2.0,4.0,31.1,14.0,8.0,0.6,1.0,1.0,141.0,218.0,0.6,3.0,8.0,0.4,48.0,15.0,0.3,1.0,17.0,24.0,0.7,14.0,21.0,21.0,Leeds United,9.0,2.0,0.0,1.0,6.0,3.0,68.9,17.0,6.0,0.4,0.0,0.0,402.0,488.0,0.8,5.0,19.0,0.3,41.0,15.0,0.4,4.0,17.0,24.0,0.7,3.0,13.0,13.0,638250,2022-09-03 14:00:00,2022
Aston Villa,7.0,2.0,0.0,5.0,1.0,3.0,27.7,3.0,1.0,0.3,0.0,0.0,203.0,287.0,0.7,0.0,7.0,0.0,67.0,23.0,0.3,1.0,9.0,15.0,0.6,4.0,15.0,15.0,Manchester City,6.0,0.0,0.0,3.0,4.0,0.0,72.3,13.0,4.0,0.3,0.0,0.0,673.0,763.0,0.9,4.0,14.0,0.3,61.0,37.0,0.6,4.0,5.0,13.0,0.4,5.0,8.0,8.0,638249,2022-09-03 16:30:00,2022
Brighton & Hove Albion,6.0,1.0,0.0,2.0,10.0,2.0,53.5,23.0,11.0,0.5,1.0,1.0,421.0,493.0,0.9,6.0,25.0,0.2,66.0,39.0,0.6,7.0,12.0,17.0,0.7,13.0,5.0,5.0,Leicester City,8.0,1.0,0.0,3.0,1.0,7.0,46.5,6.0,4.0,0.7,0.0,0.0,360.0,436.0,0.8,2.0,7.0,0.3,48.0,17.0,0.4,1.0,8.0,13.0,0.6,12.0,27.0,27.0,638251,2022-09-04 13:00:00,2022
Manchester United,13.0,3.0,0.0,4.0,2.0,2.0,39.5,10.0,6.0,0.6,0.0,0.0,242.0,310.0,0.8,3.0,6.0,0.5,49.0,20.0,0.4,1.0,8.0,17.0,0.5,7.0,24.0,24.0,Arsenal,9.0,3.0,0.0,0.0,5.0,3.0,60.5,16.0,3.0,0.2,0.0,0.0,388.0,465.0,0.8,4.0,16.0,0.3,53.0,30.0,0.6,5.0,8.0,14.0,0.6,6.0,6.0,6.0,638254,2022-09-04 15:30:00,2022
Nottingham Forest,0.0,0.0,0.0,0.0,0.0,0.0,0.0,0.0,0.0,0.0,0.0,0.0,0.0,0.0,0.0,0.0,0.0,0.0,0.0,0.0,0.0,0.0,0.0,0.0,0.0,0.0,0.0,0.0,Fulham,0.0,0.0,0.0,0.0,0.0,0.0,0.0,0.0,0.0,0.0,0.0,0.0,0.0,0.0,0.0,0.0,0.0,0.0,0.0,0.0,0.0,0.0,0.0,0.0,0.0,0.0,0.0,0.0,637896,2022-09-16 19:00:00,2022
Aston Villa,13.0,3.0,0.0,1.0,6.0,1.0,52.7,11.0,3.0,0.3,0.0,0.0,312.0,420.0,0.7,5.0,20.0,0.3,65.0,32.0,0.5,5.0,19.0,35.0,0.5,6.0,21.0,21.0,Southampton,13.0,1.0,0.0,0.0,3.0,2.0,47.3,7.0,1.0,0.1,0.0,0.0,277.0,376.0,0.7,2.0,15.0,0.1,57.0,19.0,0.3,3.0,18.0,28.0,0.6,12.0,26.0,26.0,637894,2022-09-16 19:00:00,2022
Wolverhampton Wanderers,7.0,2.0,1.0,0.0,5.0,4.0,40.8,6.0,1.0,0.2,0.0,0.0,353.0,422.0,0.8,2.0,10.0,0.2,52.0,28.0,0.5,1.0,11.0,19.0,0.6,7.0,11.0,11.0,Manchester City,9.0,1.0,0.0,1.0,7.0,1.0,59.2,16.0,7.0,0.4,0.0,0.0,563.0,622.0,0.9,4.0,12.0,0.3,36.0,25.0,0.7,4.0,11.0,19.0,0.6,15.0,10.0,10.0,637893,2022-09-17 11:30:00,2022
Newcastle United,10.0,2.0,0.0,3.0,8.0,2.0,72.4,20.0,7.0,0.4,1.0,1.0,556.0,643.0,0.9,7.0,33.0,0.2,43.0,24.0,0.6,5.0,12.0,16.0,0.8,1.0,9.0,9.0,AFC Bournemouth,11.0,2.0,0.0,1.0,1.0,6.0,27.6,10.0,3.0,0.3,0.0,0.0,165.0,245.0,0.7,0.0,5.0,0.0,44.0,12.0,0.3,2.0,14.0,18.0,0.8,8.0,35.0,35.0,637895,2022-09-17 14:00:00,2022
Tottenham Hotspur,9.0,1.0,0.0,1.0,6.0,5.0,43.7,16.0,11.0,0.7,0.0,0.0,403.0,482.0,0.8,5.0,16.0,0.3,59.0,36.0,0.6,3.0,4.0,14.0,0.3,14.0,8.0,8.0,Leicester City,9.0,2.0,0.0,0.0,1.0,5.0,56.3,19.0,7.0,0.4,1.0,1.0,552.0,632.0,0.9,3.0,11.0,0.3,55.0,39.0,0.7,5.0,12.0,16.0,0.8,8.0,11.0,11.0,637897,2022-09-17 16:30:00,2022
Brentford,10.0,0.0,0.0,3.0,3.0,4.0,36.1,5.0,2.0,0.4,0.0,0.0,238.0,321.0,0.7,6.0,18.0,0.3,58.0,31.0,0.5,0.0,13.0,21.0,0.6,12.0,16.0,16.0,Arsenal,10.0,2.0,0.0,1.0,3.0,2.0,63.9,13.0,7.0,0.5,0.0,0.0,509.0,592.0,0.9,1.0,9.0,0.1,42.0,13.0,0.3,2.0,9.0,12.0,0.8,6.0,19.0,19.0,637898,2022-09-18 11:00:00,2022
Everton,8.0,3.0,0.0,1.0,5.0,4.0,53.6,7.0,2.0,0.3,0.0,0.0,385.0,464.0,0.8,4.0,22.0,0.2,62.0,30.0,0.5,1.0,11.0,18.0,0.6,10.0,28.0,28.0,West Ham United,11.0,1.0,0.0,1.0,14.0,1.0,46.4,14.0,4.0,0.3,0.0,0.0,309.0,388.0,0.8,7.0,33.0,0.2,50.0,27.0,0.5,7.0,7.0,18.0,0.4,14.0,17.0,17.0,637890,2022-09-18 13:15:00,2022
Arsenal,10.0,2.0,0.0,1.0,5.0,2.0,64.7,22.0,9.0,0.4,0.0,0.0,511.0,565.0,0.9,7.0,25.0,0.3,37.0,23.0,0.6,4.0,10.0,14.0,0.7,6.0,15.0,15.0,Tottenham Hotspur,10.0,1.0,1.0,3.0,2.0,6.0,35.3,7.0,3.0,0.4,1.0,1.0,240.0,307.0,0.8,2.0,11.0,0.2,59.0,22.0,0.4,2.0,10.0,16.0,0.6,5.0,26.0,26.0,637899,2022-10-01 11:30:00,2022
Fulham,9.0,2.0,1.0,4.0,1.0,6.0,31.7,3.0,1.0,0.3,0.0,0.0,190.0,281.0,0.7,2.0,8.0,0.3,42.0,9.0,0.2,1.0,10.0,13.0,0.8,8.0,14.0,14.0,Newcastle United,10.0,0.0,0.0,7.0,8.0,0.0,68.3,19.0,10.0,0.5,0.0,0.0,530.0,605.0,0.9,4.0,17.0,0.2,54.0,37.0,0.7,5.0,10.0,15.0,0.7,4.0,14.0,14.0,637907,2022-10-01 14:00:00,2022
Crystal Palace,11.0,1.0,0.0,1.0,5.0,1.0,36.0,7.0,3.0,0.4,0.0,0.0,271.0,348.0,0.8,2.0,11.0,0.2,45.0,13.0,0.3,0.0,10.0,18.0,0.6,7.0,14.0,14.0,Chelsea,13.0,3.0,0.0,0.0,2.0,2.0,64.0,13.0,3.0,0.2,0.0,0.0,559.0,635.0,0.9,4.0,9.0,0.4,55.0,34.0,0.6,3.0,9.0,16.0,0.6,9.0,12.0,12.0,637908,2022-10-01 14:00:00,2022
Southampton,11.0,2.0,0.0,0.0,7.0,3.0,54.2,22.0,6.0,0.3,0.0,0.0,362.0,445.0,0.8,9.0,27.0,0.3,56.0,25.0,0.4,7.0,11.0,22.0,0.5,8.0,17.0,17.0,Everton,10.0,2.0,0.0,1.0,6.0,5.0,45.8,12.0,5.0,0.4,0.0,0.0,295.0,380.0,0.8,7.0,19.0,0.4,72.0,41.0,0.6,3.0,13.0,23.0,0.6,11.0,26.0,26.0,637902,2022-10-01 14:00:00,2022
Liverpool,9.0,1.0,0.0,1.0,9.0,3.0,53.8,15.0,7.0,0.5,0.0,0.0,432.0,530.0,0.8,3.0,25.0,0.1,56.0,26.0,0.5,2.0,9.0,14.0,0.6,9.0,16.0,16.0,Brighton & Hove Albion,13.0,1.0,0.0,0.0,2.0,5.0,46.2,6.0,6.0,1.0,0.0,0.0,359.0,460.0,0.8,3.0,13.0,0.2,61.0,23.0,0.4,0.0,9.0,23.0,0.4,14.0,26.0,26.0,637904,2022-10-01 14:00:00,2022
AFC Bournemouth,0.0,0.0,0.0,0.0,0.0,0.0,0.0,0.0,0.0,0.0,0.0,0.0,0.0,0.0,0.0,0.0,0.0,0.0,0.0,0.0,0.0,0.0,0.0,0.0,0.0,0.0,0.0,0.0,Brentford,0.0,0.0,0.0,0.0,0.0,0.0,0.0,0.0,0.0,0.0,0.0,0.0,0.0,0.0,0.0,0.0,0.0,0.0,0.0,0.0,0.0,0.0,0.0,0.0,0.0,0.0,0.0,0.0,637900,2022-10-01 14:00:00,2022
West Ham United,8.0,2.0,0.0,2.0,1.0,4.0,39.1,18.0,5.0,0.3,0.0,0.0,301.0,372.0,0.8,2.0,7.0,0.3,58.0,38.0,0.7,8.0,13.0,22.0,0.6,8.0,27.0,27.0,Wolverhampton Wanderers,6.0,2.0,0.0,1.0,6.0,3.0,60.9,15.0,4.0,0.3,0.0,0.0,492.0,564.0,0.9,4.0,28.0,0.1,45.0,18.0,0.4,4.0,7.0,12.0,0.6,8.0,6.0,6.0,637901,2022-10-01 16:30:00,2022
Manchester City,3.0,0.0,0.0,1.0,5.0,5.0,53.9,22.0,10.0,0.5,0.0,0.0,485.0,551.0,0.9,7.0,10.0,0.7,48.0,34.0,0.7,6.0,8.0,14.0,0.6,11.0,9.0,9.0,Manchester United,9.0,3.0,0.0,0.0,1.0,3.0,46.1,12.0,8.0,0.7,1.0,1.0,408.0,476.0,0.9,0.0,4.0,0.0,43.0,17.0,0.4,3.0,5.0,14.0,0.4,7.0,10.0,10.0,637903,2022-10-02 13:00:00,2022
Leeds United,0.0,0.0,0.0,0.0,0.0,0.0,0.0,0.0,0.0,0.0,0.0,0.0,0.0,0.0,0.0,0.0,0.0,0.0,0.0,0.0,0.0,0.0,0.0,0.0,0.0,0.0,0.0,0.0,Aston Villa,0.0,0.0,0.0,0.0,0.0,0.0,0.0,0.0,0.0,0.0,0.0,0.0,0.0,0.0,0.0,0.0,0.0,0.0,0.0,0.0,0.0,0.0,0.0,0.0,0.0,0.0,0.0,0.0,637906,2022-10-02 15:30:00,2022
Leicester City,13.0,2.0,0.0,3.0,6.0,3.0,51.6,17.0,7.0,0.4,0.0,0.0,416.0,492.0,0.8,4.0,17.0,0.2,35.0,15.0,0.4,3.0,7.0,11.0,0.6,14.0,17.0,17.0,Nottingham Forest,12.0,4.0,0.0,4.0,6.0,4.0,48.4,10.0,3.0,0.3,0.0,0.0,362.0,464.0,0.8,4.0,13.0,0.3,61.0,19.0,0.3,2.0,9.0,13.0,0.7,13.0,15.0,15.0,637905,2022-10-03 19:00:00,2022
Manchester City,0.0,0.0,0.0,0.0,0.0,0.0,0.0,0.0,0.0,0.0,0.0,0.0,0.0,0.0,0.0,0.0,0.0,0.0,0.0,0.0,0.0,0.0,0.0,0.0,0.0,0.0,0.0,0.0,Southampton,0.0,0.0,0.0,0.0,0.0,0.0,0.0,0.0,0.0,0.0,0.0,0.0,0.0,0.0,0.0,0.0,0.0,0.0,0.0,0.0,0.0,0.0,0.0,0.0,0.0,0.0,0.0,0.0,637912,2022-10-08 14:00:00,2022
Chelsea,8.0,2.0,0.0,3.0,4.0,2.0,57.4,20.0,7.0,0.4,0.0,0.0,518.0,591.0,0.9,9.0,16.0,0.6,35.0,15.0,0.4,3.0,15.0,26.0,0.6,8.0,12.0,12.0,Wolverhampton Wanderers,8.0,0.0,0.0,0.0,2.0,4.0,42.6,8.0,2.0,0.3,0.0,0.0,360.0,431.0,0.8,5.0,16.0,0.3,48.0,26.0,0.5,1.0,9.0,13.0,0.7,5.0,17.0,17.0,637915,2022-10-08 14:00:00,2022
AFC Bournemouth,8.0,1.0,0.0,3.0,7.0,4.0,44.2,10.0,4.0,0.4,0.0,0.0,359.0,424.0,0.8,3.0,22.0,0.1,42.0,18.0,0.4,4.0,11.0,13.0,0.8,10.0,12.0,12.0,Leicester City,16.0,2.0,0.0,0.0,2.0,2.0,55.8,9.0,5.0,0.6,0.0,0.0,475.0,551.0,0.9,2.0,10.0,0.2,34.0,13.0,0.4,2.0,22.0,32.0,0.7,6.0,23.0,23.0,637917,2022-10-08 14:00:00,2022
Newcastle United,14.0,0.0,0.0,1.0,9.0,2.0,54.4,16.0,6.0,0.4,0.0,0.0,309.0,389.0,0.8,5.0,21.0,0.2,44.0,16.0,0.4,6.0,6.0,15.0,0.4,6.0,21.0,21.0,Brentford,9.0,1.0,0.0,3.0,5.0,2.0,45.6,6.0,3.0,0.5,1.0,1.0,239.0,320.0,0.7,3.0,18.0,0.2,67.0,34.0,0.5,2.0,7.0,10.0,0.7,13.0,15.0,15.0,637911,2022-10-08 14:00:00,2022
Brighton & Hove Albion,9.0,1.0,0.0,2.0,6.0,2.0,58.9,14.0,4.0,0.3,0.0,0.0,610.0,694.0,0.9,3.0,17.0,0.2,40.0,20.0,0.5,5.0,9.0,17.0,0.5,10.0,7.0,7.0,Tottenham Hotspur,14.0,2.0,0.0,3.0,2.0,4.0,41.1,8.0,3.0,0.4,0.0,0.0,398.0,489.0,0.8,2.0,7.0,0.3,51.0,18.0,0.4,1.0,12.0,15.0,0.8,11.0,19.0,19.0,637916,2022-10-08 16:30:00,2022
Crystal Palace,13.0,3.0,0.0,2.0,5.0,3.0,54.5,13.0,5.0,0.4,0.0,0.0,321.0,418.0,0.8,4.0,16.0,0.3,60.0,26.0,0.4,3.0,7.0,18.0,0.4,13.0,19.0,19.0,Leeds United,23.0,3.0,0.0,2.0,3.0,3.0,45.5,10.0,4.0,0.4,0.0,0.0,222.0,345.0,0.6,5.0,17.0,0.3,49.0,15.0,0.3,4.0,13.0,29.0,0.4,10.0,12.0,12.0,637914,2022-10-09 13:00:00,2022
West Ham United,0.0,0.0,0.0,0.0,0.0,0.0,0.0,0.0,0.0,0.0,0.0,0.0,0.0,0.0,0.0,0.0,0.0,0.0,0.0,0.0,0.0,0.0,0.0,0.0,0.0,0.0,0.0,0.0,Fulham,0.0,0.0,0.0,0.0,0.0,0.0,0.0,0.0,0.0,0.0,0.0,0.0,0.0,0.0,0.0,0.0,0.0,0.0,0.0,0.0,0.0,0.0,0.0,0.0,0.0,0.0,0.0,0.0,637913,2022-10-09 13:00:00,2022
Arsenal,11.0,1.0,0.0,3.0,4.0,2.0,44.0,11.0,7.0,0.6,1.0,1.0,302.0,386.0,0.8,1.0,9.0,0.1,56.0,25.0,0.4,3.0,10.0,16.0,0.6,6.0,31.0,31.0,Liverpool,11.0,2.0,0.0,6.0,3.0,4.0,56.0,8.0,3.0,0.4,0.0,0.0,395.0,488.0,0.8,1.0,12.0,0.1,56.0,28.0,0.5,3.0,7.0,15.0,0.5,8.0,19.0,19.0,637909,2022-10-09 15:30:00,2022
Everton,7.0,2.0,0.0,1.0,5.0,2.0,39.7,11.0,2.0,0.2,0.0,0.0,295.0,375.0,0.8,4.0,28.0,0.1,56.0,23.0,0.4,6.0,6.0,9.0,0.7,15.0,9.0,9.0,Manchester United,13.0,1.0,0.0,4.0,4.0,1.0,60.3,12.0,4.0,0.3,0.0,0.0,510.0,609.0,0.8,1.0,9.0,0.1,52.0,26.0,0.5,3.0,6.0,15.0,0.4,5.0,25.0,25.0,637918,2022-10-09 18:00:00,2022
Nottingham Forest,0.0,0.0,0.0,0.0,0.0,0.0,0.0,0.0,0.0,0.0,0.0,0.0,0.0,0.0,0.0,0.0,0.0,0.0,0.0,0.0,0.0,0.0,0.0,0.0,0.0,0.0,0.0,0.0,Aston Villa,0.0,0.0,0.0,0.0,0.0,0.0,0.0,0.0,0.0,0.0,0.0,0.0,0.0,0.0,0.0,0.0,0.0,0.0,0.0,0.0,0.0,0.0,0.0,0.0,0.0,0.0,0.0,0.0,637910,2022-10-10 19:00:00,2022
Brentford,12.0,3.0,0.0,0.0,2.0,7.0,27.5,7.0,3.0,0.4,1.0,1.0,157.0,235.0,0.7,3.0,10.0,0.3,61.0,27.0,0.4,0.0,7.0,12.0,0.6,12.0,29.0,29.0,Brighton & Hove Albion,15.0,1.0,0.0,3.0,11.0,0.0,72.5,21.0,7.0,0.3,0.0,0.0,520.0,611.0,0.9,11.0,33.0,0.3,51.0,28.0,0.5,10.0,15.0,25.0,0.6,7.0,9.0,9.0,637920,2022-10-14 19:00:00,2022
Leicester City,18.0,2.0,0.0,2.0,9.0,1.0,53.1,14.0,5.0,0.4,0.0,0.0,493.0,579.0,0.9,1.0,17.0,0.1,39.0,13.0,0.3,4.0,12.0,25.0,0.5,11.0,12.0,12.0,Crystal Palace,13.0,2.0,0.0,1.0,2.0,6.0,46.9,8.0,1.0,0.1,0.0,0.0,426.0,514.0,0.8,1.0,7.0,0.1,62.0,28.0,0.5,2.0,9.0,13.0,0.7,7.0,25.0,25.0,637923,2022-10-15 11:30:00,2022
Fulham,9.0,2.0,0.0,1.0,5.0,4.0,68.9,19.0,4.0,0.2,1.0,1.0,496.0,585.0,0.8,9.0,37.0,0.2,60.0,32.0,0.5,7.0,9.0,12.0,0.8,5.0,8.0,8.0,AFC Bournemouth,11.0,0.0,0.0,0.0,6.0,2.0,31.1,10.0,6.0,0.6,0.0,0.0,187.0,268.0,0.7,5.0,12.0,0.4,44.0,18.0,0.4,0.0,7.0,14.0,0.5,5.0,46.0,46.0,637921,2022-10-15 14:00:00,2022
Wolverhampton Wanderers,17.0,2.0,0.0,2.0,4.0,2.0,58.0,9.0,2.0,0.2,1.0,1.0,355.0,435.0,0.8,5.0,22.0,0.2,47.0,17.0,0.4,2.0,8.0,17.0,0.5,5.0,23.0,23.0,Nottingham Forest,13.0,2.0,0.0,1.0,5.0,1.0,42.0,10.0,2.0,0.2,0.0,1.0,225.0,313.0,0.7,3.0,15.0,0.2,57.0,22.0,0.4,2.0,6.0,16.0,0.4,7.0,21.0,21.0,637928,2022-10-15 14:00:00,2022
Tottenham Hotspur,12.0,1.0,0.0,0.0,7.0,0.0,61.5,21.0,7.0,0.3,1.0,1.0,515.0,583.0,0.9,9.0,23.0,0.4,53.0,29.0,0.5,8.0,6.0,8.0,0.8,3.0,6.0,6.0,Everton,13.0,4.0,0.0,0.0,1.0,5.0,38.5,4.0,0.0,0.0,0.0,0.0,300.0,367.0,0.8,2.0,9.0,0.2,52.0,19.0,0.4,1.0,10.0,15.0,0.7,6.0,25.0,25.0,637927,2022-10-15 16:30:00,2022
Southampton,0.0,0.0,0.0,0.0,0.0,0.0,0.0,0.0,0.0,0.0,0.0,0.0,0.0,0.0,0.0,0.0,0.0,0.0,0.0,0.0,0.0,0.0,0.0,0.0,0.0,0.0,0.0,0.0,West Ham United,0.0,0.0,0.0,0.0,0.0,0.0,0.0,0.0,0.0,0.0,0.0,0.0,0.0,0.0,0.0,0.0,0.0,0.0,0.0,0.0,0.0,0.0,0.0,0.0,0.0,0.0,0.0,0.0,637926,2022-10-16 13:00:00,2022
Leeds United,0.0,0.0,0.0,0.0,0.0,0.0,0.0,0.0,0.0,0.0,0.0,0.0,0.0,0.0,0.0,0.0,0.0,0.0,0.0,0.0,0.0,0.0,0.0,0.0,0.0,0.0,0.0,0.0,Arsenal,0.0,0.0,0.0,0.0,0.0,0.0,0.0,0.0,0.0,0.0,0.0,0.0,0.0,0.0,0.0,0.0,0.0,0.0,0.0,0.0,0.0,0.0,0.0,0.0,0.0,0.0,0.0,0.0,637922,2022-10-16 13:00:00,2022
Aston Villa,12.0,0.0,0.0,3.0,7.0,2.0,41.1,18.0,7.0,0.4,0.0,0.0,283.0,353.0,0.8,9.0,30.0,0.3,47.0,22.0,0.5,4.0,10.0,24.0,0.4,8.0,6.0,6.0,Chelsea,11.0,3.0,0.0,1.0,1.0,7.0,58.9,8.0,4.0,0.5,0.0,0.0,468.0,548.0,0.9,2.0,6.0,0.3,48.0,19.0,0.4,1.0,6.0,9.0,0.7,8.0,22.0,22.0,637919,2022-10-16 13:00:00,2022
Manchester United,13.0,3.0,0.0,2.0,4.0,2.0,63.0,15.0,2.0,0.1,0.0,0.0,415.0,512.0,0.8,5.0,20.0,0.3,57.0,23.0,0.4,5.0,11.0,18.0,0.6,10.0,9.0,9.0,Newcastle United,11.0,1.0,0.0,0.0,4.0,2.0,37.0,9.0,2.0,0.2,0.0,0.0,217.0,301.0,0.7,4.0,11.0,0.4,55.0,21.0,0.4,2.0,4.0,13.0,0.3,13.0,19.0,19.0,637925,2022-10-16 13:00:00,2022
Liverpool,0.0,0.0,0.0,0.0,0.0,0.0,0.0,0.0,0.0,0.0,0.0,0.0,0.0,0.0,0.0,0.0,0.0,0.0,0.0,0.0,0.0,0.0,0.0,0.0,0.0,0.0,0.0,0.0,Manchester City,0.0,0.0,0.0,0.0,0.0,0.0,0.0,0.0,0.0,0.0,0.0,0.0,0.0,0.0,0.0,0.0,0.0,0.0,0.0,0.0,0.0,0.0,0.0,0.0,0.0,0.0,0.0,0.0,637924,2022-10-16 15:30:00,2022
Brighton & Hove Albion,10.0,3.0,0.0,1.0,9.0,0.0,70.3,19.0,7.0,0.4,0.0,0.0,541.0,623.0,0.9,7.0,27.0,0.3,57.0,33.0,0.6,5.0,7.0,11.0,0.6,7.0,8.0,8.0,Nottingham Forest,14.0,1.0,0.0,0.0,1.0,7.0,29.7,3.0,0.0,0.0,0.0,0.0,176.0,260.0,0.7,1.0,7.0,0.1,44.0,12.0,0.3,0.0,8.0,13.0,0.6,9.0,24.0,24.0,637929,2022-10-18 18:30:00,2022
Crystal Palace,14.0,3.0,0.0,0.0,4.0,3.0,51.3,14.0,4.0,0.3,0.0,0.0,370.0,449.0,0.8,4.0,17.0,0.2,55.0,25.0,0.5,5.0,12.0,23.0,0.5,11.0,15.0,15.0,Wolverhampton Wanderers,18.0,1.0,0.0,4.0,3.0,2.0,48.7,10.0,4.0,0.4,0.0,0.0,340.0,428.0,0.8,4.0,12.0,0.3,60.0,28.0,0.5,1.0,15.0,29.0,0.5,9.0,16.0,16.0,637935,2022-10-18 19:15:00,2022
Brentford,7.0,0.0,0.0,2.0,6.0,5.0,33.7,8.0,5.0,0.6,0.0,0.0,222.0,317.0,0.7,5.0,19.0,0.3,62.0,24.0,0.4,1.0,9.0,19.0,0.5,10.0,25.0,25.0,Chelsea,7.0,0.0,0.0,0.0,2.0,5.0,66.3,14.0,5.0,0.4,0.0,0.0,559.0,656.0,0.9,3.0,15.0,0.2,60.0,24.0,0.4,6.0,8.0,17.0,0.5,6.0,21.0,21.0,637932,2022-10-19 18:30:00,2022
Newcastle United,9.0,2.0,0.0,0.0,8.0,0.0,49.8,16.0,4.0,0.3,0.0,0.0,301.0,392.0,0.8,10.0,22.0,0.5,38.0,13.0,0.3,3.0,14.0,18.0,0.8,9.0,9.0,9.0,Everton,12.0,4.0,0.0,3.0,2.0,3.0,50.2,1.0,0.0,0.0,0.0,0.0,314.0,412.0,0.8,3.0,8.0,0.4,65.0,24.0,0.4,0.0,8.0,18.0,0.4,7.0,19.0,19.0,637936,2022-10-19 18:30:00,2022
AFC Bournemouth,8.0,1.0,0.0,2.0,7.0,2.0,53.5,15.0,3.0,0.2,0.0,0.0,433.0,529.0,0.8,8.0,22.0,0.4,58.0,31.0,0.5,4.0,5.0,13.0,0.4,8.0,10.0,10.0,Southampton,13.0,3.0,0.0,0.0,3.0,3.0,46.5,9.0,3.0,0.3,0.0,0.0,376.0,464.0,0.8,2.0,13.0,0.2,64.0,30.0,0.5,4.0,11.0,23.0,0.5,9.0,24.0,24.0,637930,2022-10-19 18:30:00,2022
Liverpool,0.0,0.0,0.0,0.0,0.0,0.0,0.0,0.0,0.0,0.0,0.0,0.0,0.0,0.0,0.0,0.0,0.0,0.0,0.0,0.0,0.0,0.0,0.0,0.0,0.0,0.0,0.0,0.0,West Ham United,0.0,0.0,0.0,0.0,0.0,0.0,0.0,0.0,0.0,0.0,0.0,0.0,0.0,0.0,0.0,0.0,0.0,0.0,0.0,0.0,0.0,0.0,0.0,0.0,0.0,0.0,0.0,0.0,637938,2022-10-19 18:30:00,2022
Manchester United,7.0,1.0,0.0,4.0,8.0,2.0,51.9,28.0,10.0,0.4,0.0,0.0,498.0,583.0,0.9,5.0,12.0,0.4,65.0,38.0,0.6,9.0,12.0,17.0,0.7,7.0,15.0,15.0,Tottenham Hotspur,7.0,0.0,0.0,0.0,3.0,8.0,48.1,9.0,2.0,0.2,0.0,0.0,445.0,528.0,0.8,4.0,19.0,0.2,50.0,29.0,0.6,2.0,5.0,10.0,0.5,17.0,10.0,10.0,637937,2022-10-19 19:15:00,2022
Fulham,11.0,0.0,0.0,0.0,9.0,6.0,60.4,18.0,8.0,0.4,1.0,1.0,413.0,482.0,0.9,6.0,22.0,0.3,55.0,34.0,0.6,5.0,7.0,12.0,0.6,2.0,14.0,14.0,Aston Villa,11.0,2.0,1.0,3.0,7.0,5.0,39.6,12.0,6.0,0.5,0.0,0.0,241.0,311.0,0.8,6.0,18.0,0.3,45.0,22.0,0.5,3.0,6.0,14.0,0.4,5.0,12.0,12.0,637934,2022-10-20 18:30:00,2022
Leicester City,15.0,2.0,0.0,4.0,2.0,2.0,46.8,5.0,1.0,0.2,0.0,0.0,361.0,461.0,0.8,1.0,8.0,0.1,57.0,21.0,0.4,3.0,14.0,26.0,0.5,5.0,19.0,19.0,Leeds United,11.0,1.0,0.0,2.0,9.0,0.0,53.2,14.0,2.0,0.1,0.0,0.0,406.0,518.0,0.8,4.0,16.0,0.3,45.0,18.0,0.4,4.0,16.0,30.0,0.5,12.0,14.0,14.0,637933,2022-10-20 19:15:00,2022
Nottingham Forest,0.0,0.0,0.0,0.0,0.0,0.0,0.0,0.0,0.0,0.0,0.0,0.0,0.0,0.0,0.0,0.0,0.0,0.0,0.0,0.0,0.0,0.0,0.0,0.0,0.0,0.0,0.0,0.0,Liverpool,0.0,0.0,0.0,0.0,0.0,0.0,0.0,0.0,0.0,0.0,0.0,0.0,0.0,0.0,0.0,0.0,0.0,0.0,0.0,0.0,0.0,0.0,0.0,0.0,0.0,0.0,0.0,0.0,637943,2022-10-22 11:30:00,2022
Manchester City,11.0,1.0,0.0,0.0,7.0,1.0,48.4,10.0,4.0,0.4,1.0,1.0,368.0,446.0,0.8,2.0,11.0,0.2,45.0,16.0,0.4,3.0,9.0,14.0,0.6,8.0,12.0,12.0,Brighton & Hove Albion,12.0,3.0,0.0,4.0,3.0,1.0,51.6,8.0,2.0,0.3,0.0,0.0,398.0,471.0,0.8,2.0,16.0,0.1,52.0,26.0,0.5,3.0,6.0,16.0,0.4,9.0,11.0,11.0,637944,2022-10-22 14:00:00,2022
Everton,0.0,0.0,0.0,0.0,0.0,0.0,0.0,0.0,0.0,0.0,0.0,0.0,0.0,0.0,0.0,0.0,0.0,0.0,0.0,0.0,0.0,0.0,0.0,0.0,0.0,0.0,0.0,0.0,Crystal Palace,0.0,0.0,0.0,0.0,0.0,0.0,0.0,0.0,0.0,0.0,0.0,0.0,0.0,0.0,0.0,0.0,0.0,0.0,0.0,0.0,0.0,0.0,0.0,0.0,0.0,0.0,0.0,0.0,637946,2022-10-22 14:00:00,2022
Chelsea,8.0,1.0,0.0,2.0,6.0,5.0,47.9,6.0,2.0,0.3,1.0,1.0,323.0,414.0,0.8,4.0,20.0,0.2,50.0,17.0,0.3,1.0,5.0,10.0,0.5,11.0,18.0,18.0,Manchester United,10.0,4.0,0.0,3.0,4.0,1.0,52.1,13.0,6.0,0.5,0.0,0.0,360.0,464.0,0.8,4.0,9.0,0.4,53.0,29.0,0.5,1.0,8.0,18.0,0.4,12.0,16.0,16.0,637947,2022-10-22 16:30:00,2022
Leeds United,0.0,0.0,0.0,0.0,0.0,0.0,0.0,0.0,0.0,0.0,0.0,0.0,0.0,0.0,0.0,0.0,0.0,0.0,0.0,0.0,0.0,0.0,0.0,0.0,0.0,0.0,0.0,0.0,Fulham,0.0,0.0,0.0,0.0,0.0,0.0,0.0,0.0,0.0,0.0,0.0,0.0,0.0,0.0,0.0,0.0,0.0,0.0,0.0,0.0,0.0,0.0,0.0,0.0,0.0,0.0,0.0,0.0,637945,2022-10-23 13:00:00,2022
Southampton,11.0,2.0,0.0,4.0,9.0,2.0,40.7,10.0,3.0,0.3,0.0,0.0,288.0,358.0,0.8,2.0,20.0,0.1,39.0,20.0,0.5,4.0,14.0,21.0,0.7,3.0,17.0,17.0,Arsenal,8.0,1.0,0.0,3.0,4.0,2.0,59.3,12.0,3.0,0.3,0.0,0.0,466.0,541.0,0.9,3.0,12.0,0.3,42.0,19.0,0.5,5.0,9.0,16.0,0.6,7.0,25.0,25.0,637942,2022-10-23 13:00:00,2022
Wolverhampton Wanderers,0.0,0.0,0.0,0.0,0.0,0.0,0.0,0.0,0.0,0.0,0.0,0.0,0.0,0.0,0.0,0.0,0.0,0.0,0.0,0.0,0.0,0.0,0.0,0.0,0.0,0.0,0.0,0.0,Leicester City,0.0,0.0,0.0,0.0,0.0,0.0,0.0,0.0,0.0,0.0,0.0,0.0,0.0,0.0,0.0,0.0,0.0,0.0,0.0,0.0,0.0,0.0,0.0,0.0,0.0,0.0,0.0,0.0,637941,2022-10-23 13:00:00,2022
Aston Villa,14.0,1.0,0.0,0.0,7.0,3.0,45.1,19.0,11.0,0.6,1.0,1.0,247.0,329.0,0.8,1.0,12.0,0.1,48.0,21.0,0.4,5.0,12.0,20.0,0.6,12.0,25.0,25.0,Brentford,11.0,0.0,0.0,1.0,6.0,7.0,54.9,12.0,3.0,0.3,0.0,0.0,302.0,397.0,0.8,4.0,20.0,0.2,45.0,22.0,0.5,4.0,10.0,20.0,0.5,8.0,12.0,12.0,637948,2022-10-23 13:00:00,2022
Tottenham Hotspur,12.0,4.0,0.0,3.0,6.0,3.0,52.4,17.0,5.0,0.3,0.0,0.0,361.0,457.0,0.8,6.0,19.0,0.3,55.0,26.0,0.5,8.0,10.0,17.0,0.6,7.0,17.0,17.0,Newcastle United,6.0,2.0,0.0,4.0,7.0,3.0,47.6,13.0,5.0,0.4,0.0,0.0,332.0,409.0,0.8,5.0,18.0,0.3,73.0,32.0,0.4,5.0,11.0,15.0,0.7,7.0,16.0,16.0,637939,2022-10-23 15:30:00,2022
West Ham United,9.0,0.0,0.0,1.0,5.0,3.0,54.4,20.0,4.0,0.2,1.0,1.0,421.0,497.0,0.8,7.0,26.0,0.3,58.0,33.0,0.6,8.0,10.0,22.0,0.5,8.0,9.0,9.0,AFC Bournemouth,11.0,2.0,0.0,0.0,0.0,2.0,45.6,5.0,3.0,0.6,0.0,0.0,359.0,432.0,0.8,2.0,8.0,0.3,47.0,21.0,0.4,0.0,16.0,21.0,0.8,6.0,23.0,23.0,637940,2022-10-24 19:00:00,2022
Leicester City,5.0,0.0,0.0,0.0,3.0,4.0,35.7,10.0,5.0,0.5,0.0,0.0,309.0,385.0,0.8,4.0,9.0,0.4,54.0,22.0,0.4,1.0,9.0,12.0,0.8,3.0,14.0,14.0,Manchester City,10.0,0.0,0.0,2.0,10.0,5.0,64.3,15.0,5.0,0.3,0.0,0.0,622.0,691.0,0.9,7.0,29.0,0.2,49.0,32.0,0.7,4.0,4.0,7.0,0.6,6.0,6.0,6.0,637955,2022-10-29 11:30:00,2022
Crystal Palace,13.0,3.0,0.0,5.0,8.0,4.0,44.4,12.0,3.0,0.3,0.0,0.0,290.0,402.0,0.7,2.0,15.0,0.1,59.0,19.0,0.3,5.0,16.0,23.0,0.7,4.0,33.0,33.0,Southampton,12.0,3.0,0.0,3.0,4.0,2.0,55.6,14.0,4.0,0.3,0.0,0.0,404.0,497.0,0.8,6.0,24.0,0.3,48.0,19.0,0.4,4.0,13.0,20.0,0.7,6.0,21.0,21.0,637958,2022-10-29 14:00:00,2022
Brentford,0.0,0.0,0.0,0.0,0.0,0.0,0.0,0.0,0.0,0.0,0.0,0.0,0.0,0.0,0.0,0.0,0.0,0.0,0.0,0.0,0.0,0.0,0.0,0.0,0.0,0.0,0.0,0.0,Wolverhampton Wanderers,0.0,0.0,0.0,0.0,0.0,0.0,0.0,0.0,0.0,0.0,0.0,0.0,0.0,0.0,0.0,0.0,0.0,0.0,0.0,0.0,0.0,0.0,0.0,0.0,0.0,0.0,0.0,0.0,637951,2022-10-29 14:00:00,2022
Newcastle United,0.0,0.0,0.0,0.0,0.0,0.0,0.0,0.0,0.0,0.0,0.0,0.0,0.0,0.0,0.0,0.0,0.0,0.0,0.0,0.0,0.0,0.0,0.0,0.0,0.0,0.0,0.0,0.0,Aston Villa,0.0,0.0,0.0,0.0,0.0,0.0,0.0,0.0,0.0,0.0,0.0,0.0,0.0,0.0,0.0,0.0,0.0,0.0,0.0,0.0,0.0,0.0,0.0,0.0,0.0,0.0,0.0,0.0,637953,2022-10-29 14:00:00,2022
AFC Bournemouth,10.0,1.0,0.0,0.0,2.0,4.0,30.6,6.0,4.0,0.7,0.0,0.0,223.0,292.0,0.8,4.0,9.0,0.4,45.0,22.0,0.5,0.0,9.0,18.0,0.5,7.0,39.0,39.0,Tottenham Hotspur,5.0,2.0,0.0,3.0,19.0,2.0,69.4,23.0,7.0,0.3,0.0,0.0,567.0,631.0,0.9,10.0,53.0,0.2,31.0,19.0,0.6,6.0,7.0,16.0,0.4,6.0,10.0,10.0,637949,2022-10-29 14:00:00,2022
Brighton & Hove Albion,0.0,0.0,0.0,0.0,0.0,0.0,0.0,0.0,0.0,0.0,0.0,0.0,0.0,0.0,0.0,0.0,0.0,0.0,0.0,0.0,0.0,0.0,0.0,0.0,0.0,0.0,0.0,0.0,Chelsea,0.0,0.0,0.0,0.0,0.0,0.0,0.0,0.0,0.0,0.0,0.0,0.0,0.0,0.0,0.0,0.0,0.0,0.0,0.0,0.0,0.0,0.0,0.0,0.0,0.0,0.0,0.0,0.0,637952,2022-10-29 14:00:00,2022
Fulham,10.0,2.0,0.0,0.0,13.0,4.0,56.5,24.0,6.0,0.3,0.0,0.0,386.0,463.0,0.8,11.0,34.0,0.3,55.0,35.0,0.6,8.0,6.0,12.0,0.5,3.0,8.0,8.0,Everton,8.0,1.0,0.0,5.0,4.0,6.0,43.5,9.0,4.0,0.4,0.0,0.0,295.0,370.0,0.8,6.0,15.0,0.4,64.0,29.0,0.5,2.0,9.0,15.0,0.6,6.0,33.0,33.0,637954,2022-10-29 16:30:00,2022
Liverpool,0.0,0.0,0.0,0.0,0.0,0.0,0.0,0.0,0.0,0.0,0.0,0.0,0.0,0.0,0.0,0.0,0.0,0.0,0.0,0.0,0.0,0.0,0.0,0.0,0.0,0.0,0.0,0.0,Leeds United,0.0,0.0,0.0,0.0,0.0,0.0,0.0,0.0,0.0,0.0,0.0,0.0,0.0,0.0,0.0,0.0,0.0,0.0,0.0,0.0,0.0,0.0,0.0,0.0,0.0,0.0,0.0,0.0,637956,2022-10-29 18:45:00,2022
Arsenal,9.0,0.0,0.0,1.0,9.0,2.0,69.1,24.0,10.0,0.4,0.0,0.0,551.0,618.0,0.9,6.0,23.0,0.3,32.0,15.0,0.5,9.0,9.0,14.0,0.6,7.0,11.0,11.0,Nottingham Forest,8.0,1.0,0.0,2.0,4.0,4.0,30.9,5.0,2.0,0.4,0.0,0.0,207.0,275.0,0.8,3.0,11.0,0.3,52.0,24.0,0.5,1.0,14.0,25.0,0.6,5.0,30.0,30.0,637950,2022-10-30 14:00:00,2022
Manchester United,12.0,1.0,0.0,1.0,5.0,4.0,53.0,16.0,3.0,0.2,0.0,0.0,405.0,490.0,0.8,6.0,18.0,0.3,49.0,21.0,0.4,6.0,15.0,18.0,0.8,7.0,32.0,32.0,West Ham United,10.0,3.0,0.0,2.0,10.0,2.0,47.0,13.0,5.0,0.4,0.0,0.0,341.0,412.0,0.8,4.0,29.0,0.1,55.0,29.0,0.5,6.0,7.0,13.0,0.5,8.0,19.0,19.0,637957,2022-10-30 16:15:00,2022
Wolverhampton Wanderers,15.0,2.0,1.0,1.0,4.0,5.0,28.6,8.0,5.0,0.6,1.0,1.0,193.0,256.0,0.8,2.0,14.0,0.1,49.0,18.0,0.4,2.0,7.0,18.0,0.4,7.0,18.0,18.0,Brighton & Hove Albion,11.0,0.0,0.0,1.0,9.0,3.0,71.4,19.0,8.0,0.4,0.0,0.0,589.0,653.0,0.9,7.0,19.0,0.4,35.0,22.0,0.6,4.0,11.0,14.0,0.8,5.0,13.0,13.0,637961,2022-11-05 15:00:00,2022
Manchester City,6.0,2.0,1.0,3.0,9.0,1.0,70.6,16.0,5.0,0.3,1.0,1.0,653.0,717.0,0.9,7.0,25.0,0.3,44.0,31.0,0.7,6.0,2.0,16.0,0.1,5.0,4.0,4.0,Fulham,11.0,4.0,0.0,0.0,0.0,3.0,29.4,4.0,2.0,0.5,1.0,1.0,234.0,295.0,0.8,1.0,6.0,0.2,39.0,19.0,0.5,1.0,11.0,15.0,0.7,5.0,21.0,21.0,637966,2022-11-05 15:00:00,2022
Leeds United,16.0,2.0,0.0,0.0,13.0,2.0,60.9,18.0,4.0,0.2,1.0,1.0,362.0,443.0,0.8,8.0,40.0,0.2,37.0,17.0,0.5,8.0,17.0,26.0,0.7,6.0,14.0,14.0,AFC Bournemouth,10.0,2.0,0.0,0.0,3.0,0.0,39.1,9.0,6.0,0.7,0.0,0.0,211.0,289.0,0.7,2.0,17.0,0.1,51.0,21.0,0.4,1.0,11.0,15.0,0.7,7.0,32.0,32.0,637967,2022-11-05 15:00:00,2022
Nottingham Forest,10.0,2.0,0.0,0.0,3.0,0.0,47.2,15.0,7.0,0.5,0.0,0.0,317.0,419.0,0.8,4.0,25.0,0.2,75.0,29.0,0.4,2.0,11.0,18.0,0.6,5.0,17.0,17.0,Brentford,11.0,2.0,0.0,2.0,3.0,5.0,52.8,6.0,2.0,0.3,1.0,1.0,367.0,477.0,0.8,3.0,17.0,0.2,74.0,28.0,0.4,1.0,9.0,12.0,0.8,4.0,30.0,30.0,637965,2022-11-05 15:00:00,2022
Everton,9.0,0.0,0.0,0.0,8.0,6.0,48.4,12.0,2.0,0.2,0.0,0.0,388.0,482.0,0.8,8.0,26.0,0.3,64.0,27.0,0.4,5.0,7.0,14.0,0.5,11.0,19.0,19.0,Leicester City,5.0,0.0,0.0,1.0,3.0,2.0,51.6,22.0,8.0,0.4,0.0,0.0,450.0,527.0,0.9,4.0,14.0,0.3,51.0,23.0,0.5,7.0,8.0,13.0,0.6,11.0,25.0,25.0,637968,2022-11-05 17:30:00,2022
Chelsea,19.0,5.0,0.0,3.0,4.0,1.0,44.3,5.0,1.0,0.2,0.0,0.0,263.0,360.0,0.7,1.0,15.0,0.1,59.0,19.0,0.3,3.0,13.0,24.0,0.5,9.0,19.0,19.0,Arsenal,13.0,2.0,0.0,0.0,6.0,1.0,55.7,14.0,2.0,0.1,0.0,0.0,371.0,452.0,0.8,4.0,22.0,0.2,58.0,31.0,0.5,3.0,10.0,17.0,0.6,9.0,22.0,22.0,637960,2022-11-06 12:00:00,2022
Southampton,7.0,1.0,0.0,4.0,8.0,0.0,55.2,16.0,5.0,0.3,0.0,0.0,366.0,468.0,0.8,5.0,26.0,0.2,65.0,33.0,0.5,5.0,15.0,21.0,0.7,13.0,17.0,17.0,Newcastle United,10.0,0.0,0.0,1.0,2.0,4.0,44.8,7.0,4.0,0.6,0.0,0.0,257.0,380.0,0.7,4.0,9.0,0.4,68.0,31.0,0.5,1.0,9.0,15.0,0.6,4.0,25.0,25.0,637964,2022-11-06 14:00:00,2022
Aston Villa,6.0,3.0,0.0,0.0,3.0,3.0,41.8,6.0,4.0,0.7,0.0,0.0,335.0,401.0,0.8,1.0,7.0,0.1,54.0,27.0,0.5,0.0,5.0,16.0,0.3,15.0,24.0,24.0,Manchester United,12.0,3.0,0.0,3.0,5.0,1.0,58.2,8.0,3.0,0.4,0.0,0.0,463.0,543.0,0.9,4.0,23.0,0.2,58.0,40.0,0.7,3.0,10.0,15.0,0.7,9.0,5.0,5.0,637959,2022-11-06 14:00:00,2022
West Ham United,10.0,1.0,0.0,4.0,2.0,5.0,42.0,5.0,2.0,0.4,0.0,0.0,337.0,419.0,0.8,2.0,12.0,0.2,49.0,21.0,0.4,0.0,9.0,16.0,0.6,9.0,15.0,15.0,Crystal Palace,7.0,1.0,0.0,0.0,5.0,1.0,58.0,15.0,6.0,0.4,0.0,0.0,515.0,591.0,0.9,2.0,13.0,0.2,57.0,30.0,0.5,7.0,9.0,13.0,0.7,4.0,9.0,9.0,637962,2022-11-06 14:00:00,2022
Tottenham Hotspur,10.0,0.0,0.0,1.0,5.0,4.0,46.6,14.0,5.0,0.4,0.0,0.0,428.0,518.0,0.8,10.0,33.0,0.3,61.0,32.0,0.5,3.0,11.0,15.0,0.7,13.0,12.0,12.0,Liverpool,8.0,0.0,0.0,2.0,3.0,4.0,53.4,13.0,6.0,0.5,0.0,0.0,515.0,616.0,0.8,2.0,12.0,0.2,60.0,30.0,0.5,4.0,7.0,14.0,0.5,11.0,33.0,33.0,637963,2022-11-06 16:30:00,2022
Manchester City,9.0,2.0,0.0,2.0,10.0,5.0,74.6,29.0,6.0,0.2,0.0,0.0,530.0,622.0,0.9,9.0,38.0,0.2,34.0,17.0,0.5,14.0,7.0,9.0,0.8,3.0,12.0,12.0,Brentford,7.0,2.0,0.0,2.0,2.0,5.0,25.4,10.0,8.0,0.8,0.0,0.0,123.0,216.0,0.6,4.0,11.0,0.4,67.0,27.0,0.4,1.0,3.0,11.0,0.3,9.0,46.0,46.0,637974,2022-11-12 12:30:00,2022
Liverpool,8.0,0.0,0.0,0.0,6.0,4.0,59.9,15.0,7.0,0.5,0.0,0.0,578.0,670.0,0.9,10.0,23.0,0.4,55.0,31.0,0.6,2.0,5.0,12.0,0.4,7.0,14.0,14.0,Southampton,8.0,2.0,0.0,2.0,0.0,4.0,40.1,9.0,5.0,0.6,0.0,0.0,356.0,445.0,0.8,7.0,14.0,0.5,69.0,32.0,0.5,1.0,8.0,16.0,0.5,10.0,18.0,18.0,637975,2022-11-12 15:00:00,2022
West Ham United,9.0,3.0,0.0,2.0,7.0,4.0,53.6,18.0,6.0,0.3,0.0,0.0,374.0,483.0,0.8,5.0,19.0,0.3,57.0,30.0,0.5,3.0,12.0,18.0,0.7,10.0,9.0,9.0,Leicester City,8.0,1.0,0.0,0.0,2.0,6.0,46.4,9.0,6.0,0.7,0.0,1.0,330.0,422.0,0.8,0.0,8.0,0.0,50.0,22.0,0.4,1.0,9.0,19.0,0.5,20.0,26.0,26.0,637970,2022-11-12 15:00:00,2022
AFC Bournemouth,0.0,0.0,0.0,0.0,0.0,0.0,0.0,0.0,0.0,0.0,0.0,0.0,0.0,0.0,0.0,0.0,0.0,0.0,0.0,0.0,0.0,0.0,0.0,0.0,0.0,0.0,0.0,0.0,Everton,0.0,0.0,0.0,0.0,0.0,0.0,0.0,0.0,0.0,0.0,0.0,0.0,0.0,0.0,0.0,0.0,0.0,0.0,0.0,0.0,0.0,0.0,0.0,0.0,0.0,0.0,0.0,0.0,637969,2022-11-12 15:00:00,2022
Tottenham Hotspur,8.0,1.0,0.0,0.0,9.0,2.0,54.7,14.0,8.0,0.6,0.0,0.0,450.0,545.0,0.8,1.0,28.0,0.0,69.0,39.0,0.6,3.0,8.0,12.0,0.7,12.0,9.0,9.0,Leeds United,7.0,1.0,1.0,1.0,2.0,3.0,45.3,12.0,5.0,0.4,0.0,0.0,366.0,464.0,0.8,2.0,8.0,0.3,44.0,14.0,0.3,5.0,10.0,19.0,0.5,6.0,24.0,24.0,637971,2022-11-12 15:00:00,2022
Nottingham Forest,11.0,1.0,0.0,3.0,1.0,0.0,31.5,9.0,2.0,0.2,0.0,0.0,203.0,284.0,0.7,1.0,15.0,0.1,46.0,16.0,0.3,1.0,12.0,21.0,0.6,11.0,25.0,25.0,Crystal Palace,13.0,4.0,0.0,0.0,5.0,1.0,68.5,8.0,0.0,0.0,0.0,1.0,551.0,633.0,0.9,3.0,19.0,0.2,48.0,20.0,0.4,1.0,6.0,11.0,0.5,10.0,13.0,13.0,637972,2022-11-12 15:00:00,2022
Newcastle United,14.0,5.0,0.0,3.0,5.0,2.0,48.9,10.0,3.0,0.3,0.0,0.0,373.0,451.0,0.8,6.0,21.0,0.3,45.0,21.0,0.5,4.0,15.0,23.0,0.7,10.0,13.0,13.0,Chelsea,11.0,2.0,0.0,0.0,3.0,2.0,51.1,5.0,2.0,0.4,0.0,0.0,396.0,471.0,0.8,3.0,17.0,0.2,53.0,25.0,0.5,1.0,15.0,23.0,0.7,13.0,20.0,20.0,637978,2022-11-12 17:30:00,2022
Wolverhampton Wanderers,5.0,3.0,0.0,3.0,6.0,1.0,37.4,11.0,2.0,0.2,0.0,0.0,277.0,348.0,0.8,1.0,15.0,0.1,40.0,16.0,0.4,3.0,9.0,17.0,0.5,6.0,23.0,23.0,Arsenal,6.0,2.0,0.0,1.0,4.0,2.0,62.6,14.0,4.0,0.3,0.0,0.0,517.0,579.0,0.9,5.0,23.0,0.2,45.0,27.0,0.6,3.0,5.0,10.0,0.5,7.0,8.0,8.0,637973,2022-11-12 19:45:00,2022
Brighton & Hove Albion,14.0,2.0,0.0,3.0,11.0,0.0,65.1,7.0,2.0,0.3,0.0,0.0,454.0,526.0,0.9,4.0,26.0,0.2,50.0,31.0,0.6,4.0,6.0,14.0,0.4,15.0,7.0,7.0,Aston Villa,11.0,7.0,0.0,1.0,4.0,1.0,34.9,8.0,2.0,0.3,1.0,1.0,211.0,293.0,0.7,0.0,4.0,0.0,52.0,15.0,0.3,3.0,12.0,23.0,0.5,9.0,34.0,34.0,637977,2022-11-13 14:00:00,2022
Fulham,9.0,1.0,0.0,1.0,10.0,8.0,52.7,14.0,7.0,0.5,0.0,0.0,366.0,461.0,0.8,4.0,30.0,0.1,57.0,24.0,0.4,2.0,8.0,18.0,0.4,7.0,11.0,11.0,Manchester United,10.0,1.0,0.0,2.0,3.0,6.0,47.3,14.0,9.0,0.6,0.0,0.0,344.0,433.0,0.8,5.0,13.0,0.4,54.0,26.0,0.5,2.0,7.0,12.0,0.6,8.0,37.0,37.0,637976,2022-11-13 16:30:00,2022
Brentford,11.0,3.0,0.0,1.0,6.0,6.0,39.1,9.0,5.0,0.6,0.0,0.0,213.0,335.0,0.6,4.0,13.0,0.3,75.0,28.0,0.4,1.0,4.0,16.0,0.3,9.0,24.0,24.0,Tottenham Hotspur,10.0,1.0,0.0,5.0,5.0,3.0,60.9,15.0,8.0,0.5,0.0,0.0,418.0,511.0,0.8,10.0,26.0,0.4,37.0,18.0,0.5,5.0,8.0,18.0,0.4,5.0,20.0,20.0,637988,2022-12-26 12:30:00,2022
Leicester City,9.0,0.0,0.0,3.0,5.0,2.0,60.1,8.0,2.0,0.3,0.0,0.0,472.0,575.0,0.8,4.0,16.0,0.3,49.0,21.0,0.4,4.0,16.0,24.0,0.7,11.0,13.0,13.0,Newcastle United,6.0,0.0,0.0,1.0,5.0,2.0,39.9,12.0,5.0,0.4,1.0,1.0,282.0,380.0,0.7,5.0,9.0,0.6,62.0,33.0,0.5,3.0,7.0,12.0,0.6,14.0,21.0,21.0,637983,2022-12-26 15:00:00,2022
Everton,9.0,1.0,0.0,1.0,2.0,2.0,58.8,12.0,6.0,0.5,0.0,0.0,441.0,520.0,0.8,3.0,17.0,0.2,55.0,25.0,0.5,2.0,13.0,17.0,0.8,7.0,16.0,16.0,Wolverhampton Wanderers,22.0,6.0,0.0,2.0,2.0,4.0,41.2,7.0,4.0,0.6,0.0,0.0,274.0,363.0,0.8,2.0,10.0,0.2,50.0,16.0,0.3,1.0,12.0,19.0,0.6,12.0,19.0,19.0,637985,2022-12-26 15:00:00,2022
Crystal Palace,12.0,0.0,2.0,1.0,1.0,7.0,36.2,4.0,0.0,0.0,0.0,0.0,274.0,368.0,0.7,1.0,5.0,0.2,62.0,20.0,0.3,1.0,11.0,15.0,0.7,11.0,36.0,36.0,Fulham,15.0,0.0,0.0,2.0,8.0,0.0,63.8,23.0,11.0,0.5,0.0,0.0,543.0,633.0,0.9,13.0,37.0,0.4,59.0,35.0,0.6,6.0,9.0,16.0,0.6,9.0,3.0,3.0,637986,2022-12-26 15:00:00,2022
Southampton,9.0,1.0,0.0,0.0,4.0,2.0,33.6,14.0,4.0,0.3,0.0,1.0,254.0,329.0,0.8,7.0,16.0,0.4,47.0,12.0,0.3,3.0,10.0,16.0,0.6,12.0,17.0,17.0,Brighton & Hove Albion,10.0,2.0,0.0,1.0,2.0,3.0,66.4,7.0,4.0,0.6,0.0,0.0,590.0,680.0,0.9,6.0,12.0,0.5,55.0,29.0,0.5,1.0,8.0,21.0,0.4,6.0,12.0,12.0,637981,2022-12-26 15:00:00,2022
Aston Villa,0.0,0.0,0.0,0.0,0.0,0.0,0.0,0.0,0.0,0.0,0.0,0.0,0.0,0.0,0.0,0.0,0.0,0.0,0.0,0.0,0.0,0.0,0.0,0.0,0.0,0.0,0.0,0.0,Liverpool,0.0,0.0,0.0,0.0,0.0,0.0,0.0,0.0,0.0,0.0,0.0,0.0,0.0,0.0,0.0,0.0,0.0,0.0,0.0,0.0,0.0,0.0,0.0,0.0,0.0,0.0,0.0,0.0,637980,2022-12-26 17:30:00,2022
Arsenal,13.0,0.0,0.0,3.0,7.0,3.0,66.5,16.0,5.0,0.3,0.0,0.0,588.0,657.0,0.9,4.0,25.0,0.2,47.0,25.0,0.5,5.0,10.0,15.0,0.7,4.0,13.0,13.0,West Ham United,17.0,2.0,0.0,0.0,5.0,2.0,33.5,8.0,4.0,0.5,1.0,1.0,250.0,331.0,0.8,1.0,12.0,0.1,56.0,22.0,0.4,0.0,7.0,14.0,0.5,7.0,22.0,22.0,637979,2022-12-26 20:00:00,2022
Chelsea,8.0,0.0,0.0,3.0,6.0,4.0,60.3,15.0,5.0,0.3,0.0,0.0,497.0,563.0,0.9,3.0,16.0,0.2,52.0,31.0,0.6,3.0,10.0,17.0,0.6,6.0,24.0,24.0,AFC Bournemouth,10.0,0.0,0.0,0.0,8.0,3.0,39.7,9.0,4.0,0.4,0.0,0.0,290.0,357.0,0.8,3.0,21.0,0.1,42.0,25.0,0.6,1.0,11.0,17.0,0.6,9.0,15.0,15.0,637987,2022-12-27 17:30:00,2022
Manchester United,0.0,0.0,0.0,0.0,0.0,0.0,0.0,0.0,0.0,0.0,0.0,0.0,0.0,0.0,0.0,0.0,0.0,0.0,0.0,0.0,0.0,0.0,0.0,0.0,0.0,0.0,0.0,0.0,Nottingham Forest,0.0,0.0,0.0,0.0,0.0,0.0,0.0,0.0,0.0,0.0,0.0,0.0,0.0,0.0,0.0,0.0,0.0,0.0,0.0,0.0,0.0,0.0,0.0,0.0,0.0,0.0,0.0,0.0,637982,2022-12-27 20:00:00,2022
Leeds United,11.0,3.0,0.0,0.0,3.0,6.0,31.0,9.0,1.0,0.1,0.0,0.0,225.0,307.0,0.7,1.0,8.0,0.1,46.0,13.0,0.3,4.0,6.0,13.0,0.5,4.0,19.0,19.0,Manchester City,14.0,3.0,0.0,1.0,5.0,0.0,69.0,26.0,9.0,0.3,0.0,0.0,611.0,698.0,0.9,4.0,12.0,0.3,51.0,27.0,0.5,5.0,7.0,13.0,0.5,5.0,10.0,10.0,637984,2022-12-28 20:00:00,2022
West Ham United,9.0,1.0,0.0,0.0,8.0,4.0,63.1,20.0,5.0,0.3,0.0,0.0,493.0,570.0,0.9,9.0,41.0,0.2,55.0,35.0,0.6,6.0,5.0,12.0,0.4,7.0,10.0,10.0,Brentford,5.0,0.0,0.0,0.0,1.0,5.0,36.9,9.0,6.0,0.7,0.0,0.0,261.0,348.0,0.8,3.0,7.0,0.4,66.0,25.0,0.4,1.0,8.0,16.0,0.5,9.0,35.0,35.0,637990,2022-12-30 19:45:00,2022
Liverpool,8.0,0.0,0.0,2.0,4.0,1.0,57.0,21.0,5.0,0.2,0.0,0.0,496.0,588.0,0.8,5.0,27.0,0.2,66.0,41.0,0.6,6.0,12.0,18.0,0.7,11.0,10.0,10.0,Leicester City,15.0,1.0,0.0,5.0,5.0,5.0,43.0,7.0,2.0,0.3,0.0,0.0,352.0,448.0,0.8,5.0,10.0,0.5,55.0,20.0,0.4,2.0,5.0,14.0,0.4,10.0,20.0,20.0,637995,2022-12-30 20:00:00,2022
Wolverhampton Wanderers,11.0,1.0,0.0,1.0,7.0,6.0,45.7,10.0,3.0,0.3,0.0,0.0,301.0,394.0,0.8,5.0,18.0,0.3,51.0,20.0,0.4,6.0,6.0,16.0,0.4,14.0,11.0,11.0,Manchester United,11.0,3.0,0.0,2.0,5.0,3.0,54.3,16.0,6.0,0.4,0.0,0.0,393.0,484.0,0.8,4.0,13.0,0.3,50.0,23.0,0.5,5.0,5.0,17.0,0.3,15.0,21.0,21.0,637993,2022-12-31 12:30:00,2022
AFC Bournemouth,17.0,4.0,0.0,1.0,2.0,4.0,58.9,6.0,2.0,0.3,0.0,0.0,342.0,455.0,0.8,5.0,20.0,0.3,65.0,31.0,0.5,1.0,10.0,17.0,0.6,6.0,17.0,17.0,Crystal Palace,11.0,1.0,0.0,1.0,7.0,2.0,41.1,15.0,6.0,0.4,0.0,0.0,218.0,317.0,0.7,2.0,15.0,0.1,66.0,24.0,0.4,5.0,17.0,30.0,0.6,11.0,22.0,22.0,637989,2022-12-31 15:00:00,2022
Newcastle United,13.0,3.0,0.0,3.0,9.0,1.0,59.0,16.0,5.0,0.3,0.0,0.0,324.0,419.0,0.8,5.0,23.0,0.2,58.0,28.0,0.5,2.0,8.0,16.0,0.5,10.0,11.0,11.0,Leeds United,19.0,5.0,0.0,0.0,3.0,5.0,41.0,8.0,1.0,0.1,0.0,0.0,189.0,297.0,0.6,3.0,6.0,0.5,62.0,15.0,0.2,4.0,18.0,32.0,0.6,10.0,23.0,23.0,637998,2022-12-31 15:00:00,2022
Fulham,8.0,0.0,0.0,1.0,4.0,2.0,62.5,8.0,2.0,0.3,0.0,1.0,464.0,579.0,0.8,2.0,12.0,0.2,73.0,43.0,0.6,1.0,10.0,19.0,0.5,12.0,23.0,23.0,Southampton,13.0,1.0,0.0,0.0,4.0,1.0,37.5,9.0,3.0,0.3,0.0,0.0,224.0,342.0,0.7,2.0,9.0,0.2,67.0,21.0,0.3,2.0,14.0,21.0,0.7,15.0,16.0,16.0,637996,2022-12-31 15:00:00,2022
Manchester City,13.0,3.0,0.0,3.0,7.0,0.0,73.7,16.0,3.0,0.2,0.0,0.0,597.0,662.0,0.9,7.0,32.0,0.2,36.0,26.0,0.7,7.0,7.0,13.0,0.5,3.0,7.0,7.0,Everton,14.0,4.0,0.0,2.0,1.0,2.0,26.3,2.0,1.0,0.5,0.0,0.0,185.0,238.0,0.8,2.0,10.0,0.2,43.0,15.0,0.3,1.0,7.0,13.0,0.5,11.0,35.0,35.0,637994,2022-12-31 15:00:00,2022
Brighton & Hove Albion,7.0,3.0,0.0,5.0,7.0,3.0,67.8,9.0,5.0,0.6,0.0,0.0,527.0,597.0,0.9,5.0,24.0,0.2,42.0,19.0,0.5,2.0,4.0,8.0,0.5,9.0,5.0,5.0,Arsenal,11.0,3.0,0.0,0.0,4.0,3.0,32.2,14.0,7.0,0.5,0.0,0.0,209.0,288.0,0.7,1.0,6.0,0.2,55.0,20.0,0.4,4.0,9.0,19.0,0.5,9.0,24.0,24.0,637997,2022-12-31 17:30:00,2022
Tottenham Hotspur,15.0,4.0,0.0,1.0,5.0,2.0,59.3,6.0,2.0,0.3,0.0,0.0,498.0,579.0,0.9,3.0,23.0,0.1,39.0,21.0,0.5,2.0,8.0,14.0,0.6,11.0,9.0,9.0,Aston Villa,10.0,3.0,0.0,0.0,3.0,1.0,40.7,13.0,4.0,0.3,0.0,0.0,321.0,403.0,0.8,2.0,6.0,0.3,60.0,26.0,0.4,5.0,9.0,18.0,0.5,13.0,21.0,21.0,637991,2023-01-01 14:00:00,2023
Nottingham Forest,16.0,2.0,0.0,2.0,1.0,1.0,27.7,12.0,5.0,0.4,0.0,0.0,196.0,256.0,0.8,0.0,12.0,0.0,44.0,13.0,0.3,3.0,10.0,18.0,0.6,11.0,15.0,15.0,Chelsea,14.0,2.0,0.0,2.0,2.0,4.0,72.3,7.0,2.0,0.3,0.0,0.0,623.0,697.0,0.9,2.0,10.0,0.2,42.0,20.0,0.5,3.0,9.0,16.0,0.6,3.0,18.0,18.0,637992,2023-01-01 16:30:00,2023
Brentford,0.0,0.0,0.0,0.0,0.0,0.0,0.0,0.0,0.0,0.0,0.0,0.0,0.0,0.0,0.0,0.0,0.0,0.0,0.0,0.0,0.0,0.0,0.0,0.0,0.0,0.0,0.0,0.0,Liverpool,0.0,0.0,0.0,0.0,0.0,0.0,0.0,0.0,0.0,0.0,0.0,0.0,0.0,0.0,0.0,0.0,0.0,0.0,0.0,0.0,0.0,0.0,0.0,0.0,0.0,0.0,0.0,0.0,638001,2023-01-02 17:30:00,2023
Everton,8.0,3.0,0.0,1.0,5.0,4.0,48.9,10.0,4.0,0.4,1.0,1.0,419.0,478.0,0.9,5.0,22.0,0.2,44.0,21.0,0.5,1.0,10.0,16.0,0.6,9.0,15.0,15.0,Brighton & Hove Albion,10.0,1.0,0.0,0.0,2.0,3.0,51.1,19.0,8.0,0.4,0.0,0.0,437.0,512.0,0.9,2.0,9.0,0.2,27.0,14.0,0.5,5.0,10.0,15.0,0.7,8.0,13.0,13.0,638004,2023-01-03 19:45:00,2023
Arsenal,10.0,4.0,0.0,1.0,5.0,1.0,66.8,17.0,4.0,0.2,0.0,0.0,460.0,536.0,0.9,3.0,16.0,0.2,40.0,25.0,0.6,5.0,8.0,13.0,0.6,3.0,17.0,17.0,Newcastle United,16.0,5.0,0.0,4.0,5.0,4.0,33.2,8.0,1.0,0.1,0.0,0.0,181.0,253.0,0.7,5.0,18.0,0.3,43.0,16.0,0.4,2.0,16.0,23.0,0.7,5.0,29.0,29.0,637999,2023-01-03 19:45:00,2023
Leicester City,12.0,2.0,0.0,0.0,6.0,1.0,61.4,15.0,6.0,0.4,0.0,0.0,458.0,560.0,0.8,4.0,24.0,0.2,35.0,19.0,0.5,3.0,14.0,17.0,0.8,13.0,15.0,15.0,Fulham,11.0,6.0,0.0,1.0,3.0,6.0,38.6,11.0,2.0,0.2,0.0,0.0,264.0,350.0,0.8,4.0,15.0,0.3,55.0,20.0,0.4,2.0,8.0,13.0,0.6,10.0,32.0,32.0,638006,2023-01-03 19:45:00,2023
Manchester United,13.0,0.0,0.0,0.0,6.0,4.0,58.5,18.0,6.0,0.3,0.0,0.0,495.0,579.0,0.9,3.0,18.0,0.2,53.0,35.0,0.7,6.0,6.0,9.0,0.7,10.0,11.0,11.0,AFC Bournemouth,7.0,3.0,0.0,2.0,5.0,3.0,41.5,7.0,4.0,0.6,0.0,0.0,320.0,405.0,0.8,5.0,16.0,0.3,44.0,13.0,0.3,1.0,6.0,18.0,0.3,12.0,19.0,19.0,638007,2023-01-03 20:00:00,2023
Southampton,14.0,2.0,0.0,1.0,6.0,0.0,62.5,8.0,0.0,0.0,0.0,0.0,365.0,468.0,0.8,7.0,24.0,0.3,70.0,24.0,0.3,2.0,7.0,14.0,0.5,9.0,17.0,17.0,Nottingham Forest,17.0,2.0,0.0,0.0,2.0,0.0,37.5,11.0,1.0,0.1,0.0,0.0,180.0,283.0,0.6,1.0,11.0,0.1,53.0,17.0,0.3,1.0,11.0,22.0,0.5,10.0,33.0,33.0,638008,2023-01-04 19:30:00,2023
Leeds United,11.0,3.0,0.0,3.0,8.0,0.0,63.3,14.0,6.0,0.4,0.0,0.0,378.0,476.0,0.8,6.0,22.0,0.3,47.0,18.0,0.4,2.0,13.0,19.0,0.7,13.0,21.0,21.0,West Ham United,18.0,1.0,0.0,3.0,1.0,3.0,36.7,15.0,2.0,0.1,1.0,1.0,172.0,275.0,0.6,3.0,16.0,0.2,59.0,25.0,0.4,2.0,9.0,19.0,0.5,13.0,18.0,18.0,638005,2023-01-04 19:45:00,2023
Aston Villa,6.0,1.0,0.0,1.0,7.0,2.0,55.9,13.0,4.0,0.3,0.0,0.0,430.0,491.0,0.9,4.0,32.0,0.1,58.0,36.0,0.6,6.0,5.0,11.0,0.5,6.0,19.0,19.0,Wolverhampton Wanderers,12.0,3.0,0.0,4.0,8.0,2.0,44.1,10.0,3.0,0.3,0.0,0.0,321.0,383.0,0.8,5.0,23.0,0.2,61.0,33.0,0.5,3.0,17.0,29.0,0.6,6.0,35.0,35.0,638000,2023-01-04 20:00:00,2023
Crystal Palace,11.0,1.0,0.0,1.0,10.0,2.0,46.7,19.0,4.0,0.2,0.0,0.0,387.0,472.0,0.8,4.0,20.0,0.2,61.0,26.0,0.4,6.0,13.0,22.0,0.6,8.0,10.0,10.0,Tottenham Hotspur,8.0,2.0,0.0,2.0,4.0,4.0,53.3,14.0,6.0,0.4,0.0,0.0,470.0,545.0,0.9,5.0,14.0,0.4,57.0,32.0,0.6,5.0,14.0,22.0,0.6,9.0,28.0,28.0,638003,2023-01-04 20:00:00,2023
Chelsea,0.0,0.0,0.0,0.0,0.0,0.0,0.0,0.0,0.0,0.0,0.0,0.0,0.0,0.0,0.0,0.0,0.0,0.0,0.0,0.0,0.0,0.0,0.0,0.0,0.0,0.0,0.0,0.0,Manchester City,9.0,0.0,0.0,1.0,2.0,2.0,52.3,12.0,3.0,0.3,0.0,0.0,548.0,612.0,0.9,2.0,14.0,0.1,50.0,30.0,0.6,3.0,13.0,19.0,0.7,10.0,14.0,14.0,638002,2023-01-05 20:00:00,2023
Fulham,12.0,4.0,0.0,3.0,5.0,9.0,47.4,8.0,3.0,0.4,0.0,0.0,362.0,449.0,0.8,4.0,20.0,0.2,43.0,23.0,0.5,2.0,6.0,11.0,0.5,10.0,22.0,22.0,Chelsea,16.0,3.0,1.0,3.0,7.0,1.0,52.6,20.0,10.0,0.5,0.0,0.0,412.0,505.0,0.8,1.0,14.0,0.1,49.0,22.0,0.4,7.0,11.0,18.0,0.6,15.0,20.0,20.0,638261,2023-01-12 20:00:00,2023
Aston Villa,12.0,2.0,0.0,2.0,0.0,2.0,53.4,11.0,5.0,0.5,0.0,0.0,311.0,428.0,0.7,0.0,4.0,0.0,71.0,25.0,0.4,2.0,13.0,28.0,0.5,13.0,28.0,28.0,Leeds United,18.0,2.0,0.0,5.0,11.0,3.0,46.6,16.0,4.0,0.3,0.0,0.0,248.0,357.0,0.7,5.0,22.0,0.2,41.0,11.0,0.3,8.0,14.0,27.0,0.5,12.0,7.0,7.0,638009,2023-01-13 20:00:00,2023
Manchester United,15.0,3.0,0.0,6.0,1.0,0.0,29.4,8.0,4.0,0.5,0.0,0.0,230.0,310.0,0.7,0.0,4.0,0.0,54.0,26.0,0.5,3.0,8.0,15.0,0.5,6.0,26.0,26.0,Manchester City,5.0,0.0,0.0,2.0,2.0,1.0,70.6,5.0,1.0,0.2,0.0,0.0,658.0,737.0,0.9,4.0,20.0,0.2,36.0,22.0,0.6,2.0,1.0,6.0,0.2,4.0,5.0,5.0,638015,2023-01-14 12:30:00,2023
Brighton & Hove Albion,9.0,1.0,0.0,4.0,7.0,2.0,60.8,16.0,9.0,0.6,0.0,0.0,573.0,650.0,0.9,2.0,16.0,0.1,40.0,24.0,0.6,4.0,9.0,16.0,0.6,7.0,7.0,7.0,Liverpool,15.0,3.0,0.0,2.0,1.0,5.0,39.2,6.0,2.0,0.3,0.0,0.0,350.0,420.0,0.8,3.0,4.0,0.8,39.0,17.0,0.4,1.0,12.0,19.0,0.6,16.0,24.0,24.0,638018,2023-01-14 15:00:00,2023
Nottingham Forest,11.0,1.0,0.0,2.0,3.0,1.0,38.8,15.0,5.0,0.3,0.0,0.0,260.0,345.0,0.8,3.0,19.0,0.2,50.0,20.0,0.4,6.0,6.0,14.0,0.4,9.0,27.0,27.0,Leicester City,12.0,2.0,0.0,1.0,5.0,3.0,61.2,6.0,1.0,0.2,0.0,0.0,452.0,547.0,0.8,5.0,26.0,0.2,50.0,31.0,0.6,2.0,7.0,12.0,0.6,5.0,15.0,15.0,638013,2023-01-14 15:00:00,2023
Wolverhampton Wanderers,10.0,0.0,0.0,4.0,4.0,3.0,58.5,17.0,4.0,0.2,0.0,0.0,460.0,548.0,0.8,3.0,14.0,0.2,53.0,21.0,0.4,7.0,9.0,15.0,0.6,4.0,35.0,35.0,West Ham United,7.0,2.0,0.0,1.0,3.0,3.0,41.5,16.0,4.0,0.3,0.0,0.0,288.0,369.0,0.8,10.0,31.0,0.3,55.0,30.0,0.5,7.0,4.0,11.0,0.4,11.0,17.0,17.0,638011,2023-01-14 15:00:00,2023
Everton,7.0,0.0,0.0,3.0,6.0,3.0,52.2,12.0,4.0,0.3,0.0,0.0,290.0,395.0,0.7,3.0,24.0,0.1,83.0,32.0,0.4,3.0,6.0,10.0,0.6,10.0,18.0,18.0,Southampton,18.0,3.0,0.0,2.0,4.0,3.0,47.8,13.0,5.0,0.4,0.0,0.0,261.0,369.0,0.7,2.0,10.0,0.2,71.0,25.0,0.4,6.0,12.0,18.0,0.7,5.0,33.0,33.0,638016,2023-01-14 15:00:00,2023
Brentford,5.0,1.0,0.0,2.0,5.0,2.0,49.9,12.0,4.0,0.3,1.0,1.0,317.0,426.0,0.7,4.0,24.0,0.2,50.0,23.0,0.5,1.0,11.0,20.0,0.6,7.0,19.0,19.0,AFC Bournemouth,9.0,1.0,0.0,1.0,3.0,2.0,50.1,7.0,2.0,0.3,0.0,0.0,338.0,435.0,0.8,3.0,17.0,0.2,50.0,12.0,0.2,2.0,11.0,19.0,0.6,13.0,31.0,31.0,638010,2023-01-14 17:30:00,2023
Newcastle United,6.0,1.0,0.0,2.0,10.0,0.0,62.3,20.0,5.0,0.3,0.0,0.0,369.0,449.0,0.8,6.0,23.0,0.3,45.0,21.0,0.5,8.0,13.0,18.0,0.7,8.0,12.0,12.0,Fulham,14.0,3.0,0.0,3.0,5.0,4.0,37.7,5.0,0.0,0.0,0.0,1.0,189.0,270.0,0.7,4.0,13.0,0.3,50.0,21.0,0.4,1.0,10.0,17.0,0.6,9.0,27.0,27.0,638014,2023-01-15 14:00:00,2023
Chelsea,10.0,2.0,0.0,3.0,11.0,5.0,62.5,15.0,5.0,0.3,0.0,0.0,490.0,579.0,0.8,8.0,28.0,0.3,46.0,27.0,0.6,5.0,18.0,33.0,0.5,7.0,23.0,23.0,Crystal Palace,17.0,5.0,0.0,1.0,7.0,4.0,37.5,10.0,5.0,0.5,0.0,0.0,249.0,335.0,0.7,4.0,26.0,0.2,53.0,15.0,0.3,3.0,11.0,24.0,0.5,8.0,26.0,26.0,638017,2023-01-15 14:00:00,2023
Tottenham Hotspur,0.0,0.0,0.0,0.0,0.0,0.0,0.0,0.0,0.0,0.0,0.0,0.0,0.0,0.0,0.0,0.0,0.0,0.0,0.0,0.0,0.0,0.0,0.0,0.0,0.0,0.0,0.0,0.0,Arsenal,0.0,0.0,0.0,0.0,0.0,0.0,0.0,0.0,0.0,0.0,0.0,0.0,0.0,0.0,0.0,0.0,0.0,0.0,0.0,0.0,0.0,0.0,0.0,0.0,0.0,0.0,0.0,0.0,638012,2023-01-15 16:30:00,2023
Crystal Palace,9.0,1.0,0.0,0.0,3.0,3.0,39.4,10.0,5.0,0.5,0.0,0.0,294.0,399.0,0.7,5.0,17.0,0.3,59.0,24.0,0.4,2.0,11.0,24.0,0.5,21.0,18.0,18.0,Manchester United,10.0,2.0,0.0,0.0,3.0,4.0,60.6,15.0,4.0,0.3,0.0,0.0,509.0,626.0,0.8,4.0,15.0,0.3,52.0,22.0,0.4,3.0,18.0,32.0,0.6,12.0,18.0,18.0,637886,2023-01-18 20:00:00,2023
Manchester City,10.0,1.0,0.0,0.0,8.0,1.0,57.9,16.0,6.0,0.4,0.0,0.0,511.0,583.0,0.9,4.0,20.0,0.2,45.0,24.0,0.5,5.0,11.0,15.0,0.7,8.0,12.0,12.0,Tottenham Hotspur,14.0,2.0,0.0,1.0,3.0,2.0,42.1,9.0,3.0,0.3,0.0,0.0,352.0,424.0,0.8,2.0,11.0,0.2,47.0,22.0,0.5,2.0,9.0,16.0,0.6,6.0,27.0,27.0,638263,2023-01-19 20:00:00,2023
Liverpool,16.0,3.0,0.0,5.0,5.0,2.0,47.5,15.0,3.0,0.2,0.0,0.0,375.0,477.0,0.8,4.0,24.0,0.2,60.0,28.0,0.5,6.0,13.0,18.0,0.7,15.0,15.0,15.0,Chelsea,9.0,1.0,0.0,1.0,5.0,3.0,52.5,11.0,2.0,0.2,0.0,0.0,437.0,540.0,0.8,5.0,15.0,0.3,42.0,16.0,0.4,3.0,8.0,21.0,0.4,18.0,32.0,32.0,638022,2023-01-21 12:30:00,2023
Leicester City,9.0,0.0,0.0,0.0,5.0,2.0,36.6,9.0,2.0,0.2,0.0,0.0,293.0,369.0,0.8,3.0,10.0,0.3,35.0,19.0,0.5,5.0,11.0,16.0,0.7,9.0,18.0,18.0,Brighton & Hove Albion,9.0,1.0,0.0,2.0,6.0,0.0,63.4,13.0,4.0,0.3,0.0,0.0,563.0,637.0,0.9,3.0,19.0,0.2,37.0,21.0,0.6,3.0,6.0,11.0,0.5,14.0,8.0,8.0,638028,2023-01-21 15:00:00,2023
Southampton,19.0,1.0,0.0,3.0,2.0,4.0,36.5,8.0,5.0,0.6,0.0,0.0,228.0,322.0,0.7,6.0,13.0,0.5,64.0,27.0,0.4,1.0,11.0,25.0,0.4,12.0,24.0,24.0,Aston Villa,9.0,2.0,0.0,0.0,2.0,5.0,63.5,16.0,5.0,0.3,0.0,0.0,456.0,566.0,0.8,4.0,15.0,0.3,49.0,22.0,0.4,3.0,9.0,19.0,0.5,6.0,9.0,9.0,638020,2023-01-21 15:00:00,2023
West Ham United,9.0,1.0,0.0,1.0,4.0,2.0,32.2,11.0,4.0,0.4,0.0,0.0,275.0,346.0,0.8,6.0,18.0,0.3,39.0,13.0,0.3,4.0,9.0,17.0,0.5,13.0,50.0,50.0,Everton,6.0,1.0,0.0,2.0,9.0,2.0,67.8,5.0,2.0,0.4,0.0,0.0,639.0,729.0,0.9,4.0,36.0,0.1,56.0,29.0,0.5,2.0,10.0,19.0,0.5,7.0,12.0,12.0,638023,2023-01-21 15:00:00,2023
AFC Bournemouth,10.0,1.0,0.0,2.0,4.0,4.0,42.4,16.0,4.0,0.3,0.0,0.0,265.0,366.0,0.7,5.0,12.0,0.4,63.0,33.0,0.5,4.0,6.0,11.0,0.5,9.0,31.0,31.0,Nottingham Forest,7.0,2.0,0.0,2.0,6.0,2.0,57.6,20.0,5.0,0.3,0.0,0.0,388.0,485.0,0.8,7.0,29.0,0.2,55.0,35.0,0.6,4.0,10.0,21.0,0.5,11.0,20.0,20.0,638027,2023-01-21 15:00:00,2023
Crystal Palace,13.0,4.0,0.0,0.0,3.0,7.0,39.2,6.0,1.0,0.2,0.0,0.0,212.0,316.0,0.7,3.0,14.0,0.2,69.0,25.0,0.4,4.0,17.0,29.0,0.6,16.0,30.0,30.0,Newcastle United,7.0,2.0,0.0,1.0,15.0,1.0,60.8,16.0,7.0,0.4,0.0,0.0,386.0,488.0,0.8,11.0,26.0,0.4,60.0,29.0,0.5,2.0,9.0,19.0,0.5,9.0,22.0,22.0,638026,2023-01-21 17:30:00,2023
Manchester City,10.0,1.0,0.0,1.0,5.0,1.0,55.3,13.0,7.0,0.5,1.0,1.0,526.0,587.0,0.9,5.0,24.0,0.2,50.0,38.0,0.8,1.0,5.0,8.0,0.6,6.0,16.0,16.0,Wolverhampton Wanderers,10.0,2.0,0.0,0.0,7.0,3.0,44.7,10.0,1.0,0.1,0.0,0.0,409.0,478.0,0.9,4.0,17.0,0.2,52.0,31.0,0.6,4.0,8.0,15.0,0.5,11.0,20.0,20.0,638021,2023-01-22 14:00:00,2023
Leeds United,10.0,2.0,0.0,1.0,2.0,0.0,58.5,9.0,5.0,0.6,0.0,0.0,369.0,501.0,0.7,0.0,13.0,0.0,47.0,12.0,0.3,3.0,8.0,17.0,0.5,7.0,18.0,18.0,Brentford,18.0,2.0,0.0,1.0,3.0,5.0,41.5,6.0,0.0,0.0,0.0,0.0,223.0,346.0,0.6,3.0,15.0,0.2,64.0,24.0,0.4,1.0,6.0,14.0,0.4,14.0,23.0,23.0,638024,2023-01-22 14:00:00,2023
Arsenal,8.0,1.0,0.0,1.0,12.0,2.0,57.2,25.0,5.0,0.2,0.0,0.0,423.0,520.0,0.8,5.0,22.0,0.2,40.0,19.0,0.5,13.0,14.0,21.0,0.7,9.0,10.0,10.0,Manchester United,9.0,2.0,0.0,4.0,4.0,2.0,42.8,6.0,4.0,0.7,0.0,0.0,307.0,396.0,0.8,0.0,9.0,0.0,52.0,16.0,0.3,2.0,11.0,21.0,0.5,16.0,36.0,36.0,638019,2023-01-22 16:30:00,2023
Fulham,10.0,1.0,0.0,2.0,3.0,2.0,52.9,10.0,5.0,0.5,0.0,0.0,398.0,485.0,0.8,9.0,31.0,0.3,65.0,34.0,0.5,1.0,10.0,19.0,0.5,10.0,14.0,14.0,Tottenham Hotspur,10.0,3.0,0.0,0.0,8.0,5.0,47.1,10.0,3.0,0.3,0.0,0.0,349.0,446.0,0.8,3.0,12.0,0.3,43.0,18.0,0.4,3.0,12.0,23.0,0.5,7.0,31.0,31.0,638025,2023-01-23 20:15:00,2023
Chelsea,16.0,1.0,0.0,3.0,6.0,4.0,66.9,12.0,3.0,0.3,0.0,0.0,568.0,662.0,0.9,2.0,16.0,0.1,54.0,38.0,0.7,2.0,13.0,24.0,0.5,9.0,14.0,14.0,Fulham,12.0,4.0,0.0,0.0,2.0,2.0,33.1,10.0,4.0,0.4,0.0,0.0,226.0,313.0,0.7,3.0,21.0,0.1,50.0,23.0,0.5,3.0,14.0,19.0,0.7,19.0,20.0,20.0,638034,2023-02-03 20:00:00,2023
Everton,13.0,4.0,0.0,3.0,7.0,2.0,29.5,12.0,4.0,0.3,0.0,0.0,180.0,252.0,0.7,9.0,24.0,0.4,57.0,26.0,0.5,3.0,11.0,18.0,0.6,11.0,20.0,20.0,Arsenal,8.0,1.0,0.0,0.0,5.0,3.0,70.5,15.0,3.0,0.2,0.0,0.0,553.0,639.0,0.9,2.0,16.0,0.1,56.0,33.0,0.6,5.0,11.0,14.0,0.8,2.0,12.0,12.0,638038,2023-02-04 12:30:00,2023
Manchester United,9.0,1.0,1.0,1.0,5.0,2.0,53.1,14.0,5.0,0.4,1.0,1.0,416.0,487.0,0.9,3.0,17.0,0.2,38.0,19.0,0.5,4.0,12.0,21.0,0.6,5.0,16.0,16.0,Crystal Palace,9.0,2.0,0.0,4.0,5.0,3.0,46.9,10.0,3.0,0.3,0.0,0.0,342.0,426.0,0.8,6.0,19.0,0.3,42.0,21.0,0.5,2.0,9.0,16.0,0.6,13.0,15.0,15.0,638032,2023-02-04 15:00:00,2023
Wolverhampton Wanderers,0.0,0.0,0.0,0.0,0.0,0.0,0.0,0.0,0.0,0.0,0.0,0.0,0.0,0.0,0.0,0.0,0.0,0.0,0.0,0.0,0.0,0.0,0.0,0.0,0.0,0.0,0.0,0.0,Liverpool,0.0,0.0,0.0,0.0,0.0,0.0,0.0,0.0,0.0,0.0,0.0,0.0,0.0,0.0,0.0,0.0,0.0,0.0,0.0,0.0,0.0,0.0,0.0,0.0,0.0,0.0,0.0,0.0,638033,2023-02-04 15:00:00,2023
Brentford,0.0,0.0,0.0,0.0,0.0,0.0,0.0,0.0,0.0,0.0,0.0,0.0,0.0,0.0,0.0,0.0,0.0,0.0,0.0,0.0,0.0,0.0,0.0,0.0,0.0,0.0,0.0,0.0,Southampton,0.0,0.0,0.0,0.0,0.0,0.0,0.0,0.0,0.0,0.0,0.0,0.0,0.0,0.0,0.0,0.0,0.0,0.0,0.0,0.0,0.0,0.0,0.0,0.0,0.0,0.0,0.0,0.0,638036,2023-02-04 15:00:00,2023
Aston Villa,0.0,0.0,0.0,0.0,0.0,0.0,0.0,0.0,0.0,0.0,0.0,0.0,0.0,0.0,0.0,0.0,0.0,0.0,0.0,0.0,0.0,0.0,0.0,0.0,0.0,0.0,0.0,0.0,Leicester City,0.0,0.0,0.0,0.0,0.0,0.0,0.0,0.0,0.0,0.0,0.0,0.0,0.0,0.0,0.0,0.0,0.0,0.0,0.0,0.0,0.0,0.0,0.0,0.0,0.0,0.0,0.0,0.0,638037,2023-02-04 15:00:00,2023
Brighton & Hove Albion,14.0,3.0,0.0,0.0,7.0,2.0,71.8,20.0,6.0,0.3,0.0,0.0,609.0,682.0,0.9,3.0,31.0,0.1,39.0,20.0,0.5,7.0,9.0,17.0,0.5,2.0,4.0,4.0,AFC Bournemouth,7.0,1.0,0.0,1.0,3.0,5.0,28.2,12.0,2.0,0.2,0.0,0.0,191.0,264.0,0.7,5.0,12.0,0.4,53.0,26.0,0.5,3.0,12.0,20.0,0.6,9.0,24.0,24.0,638035,2023-02-04 15:00:00,2023
Newcastle United,11.0,2.0,0.0,0.0,4.0,0.0,62.7,8.0,2.0,0.3,0.0,0.0,449.0,557.0,0.8,4.0,18.0,0.2,60.0,26.0,0.4,3.0,8.0,13.0,0.6,9.0,23.0,23.0,West Ham United,13.0,1.0,0.0,2.0,2.0,1.0,37.3,10.0,1.0,0.1,0.0,0.0,227.0,329.0,0.7,3.0,15.0,0.2,68.0,19.0,0.3,4.0,11.0,19.0,0.6,17.0,21.0,21.0,638031,2023-02-04 17:30:00,2023
Nottingham Forest,15.0,4.0,0.0,2.0,0.0,4.0,30.1,6.0,2.0,0.3,0.0,0.0,138.0,253.0,0.5,1.0,8.0,0.1,76.0,28.0,0.4,2.0,17.0,26.0,0.7,15.0,25.0,25.0,Leeds United,14.0,2.0,0.0,3.0,2.0,1.0,69.9,10.0,4.0,0.4,0.0,0.0,438.0,585.0,0.7,4.0,17.0,0.2,69.0,27.0,0.4,3.0,14.0,19.0,0.7,2.0,10.0,10.0,638030,2023-02-05 14:00:00,2023
Tottenham Hotspur,19.0,2.0,1.0,2.0,4.0,5.0,35.2,12.0,3.0,0.3,0.0,0.0,226.0,303.0,0.7,3.0,10.0,0.3,45.0,14.0,0.3,4.0,8.0,14.0,0.6,9.0,24.0,24.0,Manchester City,14.0,3.0,0.0,1.0,6.0,2.0,64.8,15.0,5.0,0.3,0.0,0.0,487.0,556.0,0.9,8.0,27.0,0.3,30.0,14.0,0.5,5.0,9.0,19.0,0.5,7.0,13.0,13.0,638029,2023-02-05 16:30:00,2023
Manchester United,7.0,1.0,0.0,1.0,6.0,1.0,65.9,24.0,7.0,0.3,0.0,0.0,498.0,615.0,0.8,8.0,30.0,0.3,45.0,21.0,0.5,8.0,11.0,19.0,0.6,8.0,14.0,14.0,Leeds United,11.0,3.0,0.0,0.0,5.0,5.0,34.1,8.0,2.0,0.3,0.0,0.0,210.0,326.0,0.6,1.0,6.0,0.2,54.0,20.0,0.4,2.0,20.0,30.0,0.7,16.0,30.0,30.0,637889,2023-02-08 20:00:00,2023
West Ham United,9.0,1.0,0.0,3.0,5.0,3.0,28.2,10.0,2.0,0.2,0.0,0.0,187.0,247.0,0.8,4.0,16.0,0.3,33.0,13.0,0.4,3.0,14.0,23.0,0.6,7.0,25.0,25.0,Chelsea,11.0,1.0,0.0,4.0,6.0,1.0,71.8,12.0,4.0,0.3,0.0,0.0,597.0,660.0,0.9,4.0,21.0,0.2,35.0,21.0,0.6,4.0,17.0,21.0,0.8,7.0,17.0,17.0,638048,2023-02-11 12:30:00,2023
Leicester City,0.0,0.0,0.0,0.0,0.0,0.0,0.0,0.0,0.0,0.0,0.0,0.0,0.0,0.0,0.0,0.0,0.0,0.0,0.0,0.0,0.0,0.0,0.0,0.0,0.0,0.0,0.0,0.0,Tottenham Hotspur,0.0,0.0,0.0,0.0,0.0,0.0,0.0,0.0,0.0,0.0,0.0,0.0,0.0,0.0,0.0,0.0,0.0,0.0,0.0,0.0,0.0,0.0,0.0,0.0,0.0,0.0,0.0,0.0,638042,2023-02-11 15:00:00,2023
Southampton,12.0,2.0,0.0,0.0,5.0,0.0,40.9,17.0,2.0,0.1,0.0,0.0,232.0,329.0,0.7,4.0,22.0,0.2,67.0,35.0,0.5,5.0,11.0,16.0,0.7,10.0,15.0,15.0,Wolverhampton Wanderers,14.0,3.0,1.0,3.0,2.0,1.0,59.1,11.0,2.0,0.2,0.0,0.0,396.0,492.0,0.8,1.0,11.0,0.1,77.0,32.0,0.4,7.0,12.0,21.0,0.6,6.0,31.0,31.0,638039,2023-02-11 15:00:00,2023
Fulham,9.0,0.0,0.0,1.0,5.0,1.0,50.0,16.0,3.0,0.2,0.0,0.0,313.0,396.0,0.8,10.0,29.0,0.3,45.0,24.0,0.5,2.0,5.0,10.0,0.5,15.0,17.0,17.0,Nottingham Forest,11.0,1.0,0.0,3.0,4.0,1.0,50.0,10.0,1.0,0.1,0.0,0.0,314.0,408.0,0.8,5.0,16.0,0.3,54.0,25.0,0.5,2.0,8.0,10.0,0.8,10.0,18.0,18.0,638044,2023-02-11 15:00:00,2023
Crystal Palace,10.0,4.0,0.0,3.0,1.0,6.0,25.8,6.0,1.0,0.2,0.0,0.0,169.0,240.0,0.7,2.0,13.0,0.2,64.0,25.0,0.4,3.0,14.0,19.0,0.7,15.0,22.0,22.0,Brighton & Hove Albion,11.0,1.0,0.0,2.0,6.0,0.0,74.2,17.0,7.0,0.4,0.0,0.0,634.0,705.0,0.9,7.0,25.0,0.3,34.0,25.0,0.7,5.0,13.0,23.0,0.6,11.0,17.0,17.0,638045,2023-02-11 15:00:00,2023
Arsenal,9.0,0.0,0.0,1.0,7.0,1.0,69.2,23.0,7.0,0.3,0.0,0.0,510.0,590.0,0.9,7.0,36.0,0.2,32.0,14.0,0.4,6.0,6.0,10.0,0.6,4.0,16.0,16.0,Brentford,9.0,2.0,0.0,1.0,4.0,6.0,30.8,9.0,2.0,0.2,0.0,0.0,177.0,267.0,0.7,4.0,14.0,0.3,66.0,33.0,0.5,3.0,8.0,12.0,0.7,6.0,34.0,34.0,638047,2023-02-11 15:00:00,2023
AFC Bournemouth,8.0,2.0,0.0,2.0,4.0,6.0,33.2,11.0,5.0,0.5,0.0,0.0,184.0,276.0,0.7,6.0,17.0,0.4,53.0,16.0,0.3,1.0,11.0,20.0,0.6,17.0,29.0,29.0,Newcastle United,10.0,3.0,0.0,5.0,6.0,3.0,66.8,15.0,7.0,0.5,0.0,0.0,463.0,566.0,0.8,2.0,22.0,0.1,55.0,35.0,0.6,3.0,9.0,15.0,0.6,9.0,15.0,15.0,638046,2023-02-11 17:30:00,2023
Leeds United,10.0,2.0,0.0,3.0,7.0,3.0,33.0,16.0,6.0,0.4,0.0,0.0,170.0,251.0,0.7,6.0,18.0,0.3,47.0,17.0,0.4,6.0,13.0,23.0,0.6,10.0,14.0,14.0,Manchester United,13.0,1.0,0.0,3.0,3.0,6.0,67.0,11.0,5.0,0.5,0.0,0.0,444.0,544.0,0.8,2.0,8.0,0.3,63.0,24.0,0.4,2.0,21.0,30.0,0.7,6.0,17.0,17.0,638043,2023-02-12 14:00:00,2023
Manchester City,13.0,1.0,0.0,1.0,8.0,1.0,67.2,17.0,9.0,0.5,1.0,1.0,558.0,620.0,0.9,6.0,18.0,0.3,52.0,33.0,0.6,5.0,3.0,7.0,0.4,3.0,4.0,4.0,Aston Villa,14.0,2.0,0.0,4.0,4.0,5.0,32.8,6.0,2.0,0.3,0.0,0.0,247.0,304.0,0.8,1.0,7.0,0.1,55.0,26.0,0.5,2.0,3.0,7.0,0.4,16.0,15.0,15.0,638040,2023-02-12 16:30:00,2023
Liverpool,0.0,0.0,0.0,0.0,0.0,0.0,0.0,0.0,0.0,0.0,0.0,0.0,0.0,0.0,0.0,0.0,0.0,0.0,0.0,0.0,0.0,0.0,0.0,0.0,0.0,0.0,0.0,0.0,Everton,0.0,0.0,0.0,0.0,0.0,0.0,0.0,0.0,0.0,0.0,0.0,0.0,0.0,0.0,0.0,0.0,0.0,0.0,0.0,0.0,0.0,0.0,0.0,0.0,0.0,0.0,0.0,0.0,638041,2023-02-13 20:00:00,2023
Arsenal,0.0,0.0,0.0,0.0,0.0,0.0,0.0,0.0,0.0,0.0,0.0,0.0,0.0,0.0,0.0,0.0,0.0,0.0,0.0,0.0,0.0,0.0,0.0,0.0,0.0,0.0,0.0,0.0,Manchester City,0.0,0.0,0.0,0.0,0.0,0.0,0.0,0.0,0.0,0.0,0.0,0.0,0.0,0.0,0.0,0.0,0.0,0.0,0.0,0.0,0.0,0.0,0.0,0.0,0.0,0.0,0.0,0.0,637931,2023-02-15 19:30:00,2023
Aston Villa,13.0,2.0,0.0,0.0,2.0,2.0,33.4,7.0,5.0,0.7,0.0,0.0,225.0,293.0,0.8,1.0,9.0,0.1,51.0,19.0,0.4,1.0,18.0,25.0,0.7,13.0,25.0,25.0,Arsenal,4.0,2.0,0.0,2.0,9.0,3.0,66.6,20.0,5.0,0.3,0.0,0.0,489.0,571.0,0.9,6.0,30.0,0.2,41.0,25.0,0.6,7.0,10.0,18.0,0.6,0.0,6.0,6.0,638049,2023-02-18 12:30:00,2023
Nottingham Forest,8.0,1.0,0.0,2.0,0.0,5.0,27.0,4.0,1.0,0.3,0.0,0.0,164.0,252.0,0.7,2.0,4.0,0.5,60.0,19.0,0.3,1.0,8.0,13.0,0.6,8.0,37.0,37.0,Manchester City,6.0,0.0,0.0,0.0,10.0,0.0,73.0,23.0,6.0,0.3,0.0,0.0,595.0,676.0,0.9,11.0,34.0,0.3,57.0,31.0,0.5,6.0,7.0,10.0,0.7,2.0,5.0,5.0,638053,2023-02-18 15:00:00,2023
Chelsea,16.0,3.0,0.0,3.0,8.0,3.0,61.3,17.0,5.0,0.3,0.0,0.0,433.0,504.0,0.9,2.0,20.0,0.1,40.0,27.0,0.7,7.0,13.0,17.0,0.8,8.0,5.0,5.0,Southampton,25.0,6.0,0.0,1.0,2.0,4.0,38.7,8.0,5.0,0.6,0.0,0.0,241.0,320.0,0.8,3.0,8.0,0.4,65.0,18.0,0.3,0.0,22.0,31.0,0.7,13.0,27.0,27.0,638057,2023-02-18 15:00:00,2023
Brentford,10.0,2.0,0.0,3.0,2.0,3.0,58.7,12.0,5.0,0.4,0.0,0.0,426.0,517.0,0.8,8.0,25.0,0.3,55.0,31.0,0.6,1.0,6.0,12.0,0.5,9.0,12.0,12.0,Crystal Palace,8.0,2.0,0.0,2.0,6.0,4.0,41.3,10.0,4.0,0.4,0.0,0.0,280.0,360.0,0.8,5.0,19.0,0.3,54.0,21.0,0.4,3.0,9.0,15.0,0.6,14.0,37.0,37.0,638050,2023-02-18 15:00:00,2023
Wolverhampton Wanderers,12.0,3.0,0.0,2.0,12.0,0.0,68.6,15.0,4.0,0.3,0.0,0.0,520.0,616.0,0.8,9.0,40.0,0.2,67.0,37.0,0.6,6.0,11.0,16.0,0.7,2.0,13.0,13.0,AFC Bournemouth,10.0,3.0,0.0,0.0,2.0,4.0,31.4,5.0,1.0,0.2,0.0,0.0,197.0,291.0,0.7,1.0,6.0,0.2,48.0,19.0,0.4,3.0,4.0,9.0,0.4,6.0,48.0,48.0,638051,2023-02-18 15:00:00,2023
Everton,8.0,2.0,0.0,1.0,6.0,0.0,50.0,15.0,6.0,0.4,0.0,0.0,293.0,399.0,0.7,7.0,26.0,0.3,74.0,26.0,0.4,2.0,13.0,23.0,0.6,10.0,19.0,19.0,Leeds United,6.0,3.0,0.0,0.0,4.0,3.0,50.0,8.0,0.0,0.0,0.0,0.0,276.0,400.0,0.7,6.0,19.0,0.3,71.0,20.0,0.3,4.0,14.0,24.0,0.6,11.0,18.0,18.0,638056,2023-02-18 15:00:00,2023
Brighton & Hove Albion,12.0,0.0,0.0,4.0,10.0,1.0,65.3,21.0,7.0,0.3,0.0,0.0,520.0,593.0,0.9,4.0,21.0,0.2,46.0,25.0,0.5,4.0,4.0,10.0,0.4,8.0,3.0,3.0,Fulham,14.0,5.0,0.0,0.0,2.0,7.0,34.7,5.0,2.0,0.4,0.0,0.0,231.0,316.0,0.7,3.0,6.0,0.5,57.0,18.0,0.3,3.0,5.0,13.0,0.4,11.0,19.0,19.0,638058,2023-02-18 15:00:00,2023
Newcastle United,3.0,1.0,1.0,3.0,6.0,5.0,37.4,14.0,4.0,0.3,0.0,0.0,287.0,350.0,0.8,6.0,18.0,0.3,49.0,28.0,0.6,3.0,9.0,10.0,0.9,7.0,22.0,22.0,Liverpool,8.0,1.0,0.0,0.0,7.0,4.0,62.6,13.0,7.0,0.5,0.0,0.0,533.0,605.0,0.9,5.0,19.0,0.3,57.0,31.0,0.5,2.0,7.0,14.0,0.5,4.0,20.0,20.0,638054,2023-02-18 17:30:00,2023
Manchester United,9.0,0.0,0.0,0.0,6.0,3.0,56.9,26.0,8.0,0.3,0.0,0.0,484.0,572.0,0.8,8.0,18.0,0.4,53.0,28.0,0.5,9.0,16.0,23.0,0.7,10.0,22.0,22.0,Leicester City,9.0,2.0,0.0,1.0,6.0,5.0,43.1,19.0,3.0,0.2,0.0,0.0,351.0,433.0,0.8,4.0,14.0,0.3,44.0,21.0,0.5,7.0,14.0,26.0,0.5,10.0,14.0,14.0,638055,2023-02-19 14:00:00,2023
Tottenham Hotspur,0.0,0.0,0.0,0.0,0.0,0.0,0.0,0.0,0.0,0.0,0.0,0.0,0.0,0.0,0.0,0.0,0.0,0.0,0.0,0.0,0.0,0.0,0.0,0.0,0.0,0.0,0.0,0.0,West Ham United,0.0,0.0,0.0,0.0,0.0,0.0,0.0,0.0,0.0,0.0,0.0,0.0,0.0,0.0,0.0,0.0,0.0,0.0,0.0,0.0,0.0,0.0,0.0,0.0,0.0,0.0,0.0,0.0,638052,2023-02-19 16:30:00,2023
Fulham,12.0,2.0,0.0,1.0,4.0,1.0,50.5,10.0,5.0,0.5,0.0,0.0,364.0,448.0,0.8,5.0,20.0,0.3,59.0,27.0,0.5,3.0,11.0,20.0,0.6,14.0,15.0,15.0,Wolverhampton Wanderers,17.0,0.0,0.0,1.0,3.0,4.0,49.5,8.0,2.0,0.3,0.0,0.0,337.0,442.0,0.8,6.0,15.0,0.4,63.0,26.0,0.4,1.0,14.0,19.0,0.7,10.0,16.0,16.0,638065,2023-02-24 20:00:00,2023
West Ham United,8.0,0.0,0.0,1.0,12.0,3.0,49.1,18.0,5.0,0.3,0.0,0.0,319.0,409.0,0.8,6.0,33.0,0.2,47.0,20.0,0.4,5.0,9.0,13.0,0.7,7.0,15.0,15.0,Nottingham Forest,5.0,0.0,0.0,1.0,3.0,1.0,50.9,8.0,3.0,0.4,0.0,0.0,340.0,435.0,0.8,3.0,19.0,0.2,63.0,32.0,0.5,2.0,9.0,15.0,0.6,5.0,24.0,24.0,638063,2023-02-25 15:00:00,2023
Everton,12.0,2.0,0.0,1.0,5.0,3.0,46.5,15.0,5.0,0.3,0.0,0.0,277.0,353.0,0.8,11.0,35.0,0.3,63.0,30.0,0.5,3.0,10.0,20.0,0.5,12.0,15.0,15.0,Aston Villa,12.0,1.0,0.0,0.0,1.0,4.0,53.5,9.0,5.0,0.6,1.0,1.0,343.0,433.0,0.8,2.0,8.0,0.3,49.0,24.0,0.5,0.0,8.0,16.0,0.5,7.0,27.0,27.0,638066,2023-02-25 15:00:00,2023
Leeds United,0.0,0.0,0.0,0.0,0.0,0.0,0.0,0.0,0.0,0.0,0.0,0.0,0.0,0.0,0.0,0.0,0.0,0.0,0.0,0.0,0.0,0.0,0.0,0.0,0.0,0.0,0.0,0.0,Southampton,0.0,0.0,0.0,0.0,0.0,0.0,0.0,0.0,0.0,0.0,0.0,0.0,0.0,0.0,0.0,0.0,0.0,0.0,0.0,0.0,0.0,0.0,0.0,0.0,0.0,0.0,0.0,0.0,638064,2023-02-25 15:00:00,2023
Leicester City,14.0,0.0,0.0,4.0,0.0,1.0,34.1,1.0,0.0,0.0,0.0,0.0,217.0,315.0,0.7,2.0,10.0,0.2,50.0,12.0,0.2,0.0,8.0,12.0,0.7,6.0,20.0,20.0,Arsenal,9.0,1.0,0.0,4.0,8.0,0.0,65.9,10.0,2.0,0.2,0.0,0.0,505.0,613.0,0.8,1.0,15.0,0.1,58.0,35.0,0.6,5.0,6.0,11.0,0.5,6.0,11.0,11.0,638068,2023-02-25 15:00:00,2023
AFC Bournemouth,10.0,2.0,0.0,1.0,4.0,2.0,34.0,13.0,2.0,0.2,0.0,0.0,313.0,377.0,0.8,6.0,16.0,0.4,43.0,23.0,0.5,6.0,8.0,15.0,0.5,10.0,12.0,12.0,Manchester City,9.0,2.0,0.0,2.0,6.0,1.0,66.0,20.0,5.0,0.3,0.0,0.0,676.0,750.0,0.9,4.0,16.0,0.3,26.0,15.0,0.6,7.0,17.0,26.0,0.7,6.0,16.0,16.0,638059,2023-02-25 17:30:00,2023
Crystal Palace,11.0,2.0,0.0,4.0,5.0,4.0,36.2,6.0,0.0,0.0,0.0,0.0,257.0,345.0,0.7,5.0,23.0,0.2,53.0,18.0,0.3,2.0,11.0,16.0,0.7,6.0,23.0,23.0,Liverpool,14.0,5.0,0.0,1.0,3.0,0.0,63.8,12.0,4.0,0.3,0.0,0.0,544.0,644.0,0.8,2.0,14.0,0.1,48.0,28.0,0.6,3.0,9.0,14.0,0.6,5.0,15.0,15.0,638067,2023-02-25 19:45:00,2023
Tottenham Hotspur,10.0,2.0,0.0,0.0,4.0,2.0,41.2,8.0,3.0,0.4,0.0,0.0,337.0,410.0,0.8,2.0,13.0,0.2,45.0,24.0,0.5,1.0,16.0,27.0,0.6,10.0,22.0,22.0,Chelsea,10.0,3.0,0.0,2.0,4.0,1.0,58.8,10.0,2.0,0.2,0.0,0.0,532.0,596.0,0.9,0.0,16.0,0.0,42.0,27.0,0.6,3.0,15.0,19.0,0.8,12.0,23.0,23.0,638060,2023-02-26 13:30:00,2023
Arsenal,0.0,0.0,0.0,0.0,0.0,0.0,0.0,0.0,0.0,0.0,0.0,0.0,0.0,0.0,0.0,0.0,0.0,0.0,0.0,0.0,0.0,0.0,0.0,0.0,0.0,0.0,0.0,0.0,Everton,0.0,0.0,0.0,0.0,0.0,0.0,0.0,0.0,0.0,0.0,0.0,0.0,0.0,0.0,0.0,0.0,0.0,0.0,0.0,0.0,0.0,0.0,0.0,0.0,0.0,0.0,0.0,0.0,637888,2023-03-01 19:45:00,2023
Liverpool,13.0,2.0,0.0,1.0,5.0,1.0,56.8,15.0,6.0,0.4,0.0,0.0,439.0,528.0,0.8,6.0,17.0,0.4,44.0,27.0,0.6,3.0,10.0,12.0,0.8,12.0,5.0,5.0,Wolverhampton Wanderers,14.0,3.0,0.0,3.0,2.0,4.0,43.2,4.0,1.0,0.3,0.0,0.0,322.0,402.0,0.8,2.0,8.0,0.3,52.0,30.0,0.6,1.0,12.0,21.0,0.6,11.0,18.0,18.0,638260,2023-03-01 20:00:00,2023
Manchester City,0.0,0.0,0.0,0.0,0.0,0.0,0.0,0.0,0.0,0.0,0.0,0.0,0.0,0.0,0.0,0.0,0.0,0.0,0.0,0.0,0.0,0.0,0.0,0.0,0.0,0.0,0.0,0.0,Newcastle United,0.0,0.0,0.0,0.0,0.0,0.0,0.0,0.0,0.0,0.0,0.0,0.0,0.0,0.0,0.0,0.0,0.0,0.0,0.0,0.0,0.0,0.0,0.0,0.0,0.0,0.0,0.0,0.0,638075,2023-03-04 12:30:00,2023
Brighton & Hove Albion,6.0,0.0,0.0,0.0,7.0,2.0,65.8,20.0,9.0,0.5,1.0,1.0,641.0,708.0,0.9,2.0,18.0,0.1,41.0,30.0,0.7,4.0,10.0,20.0,0.5,3.0,5.0,5.0,West Ham United,8.0,3.0,0.0,0.0,3.0,5.0,34.2,3.0,2.0,0.7,0.0,0.0,290.0,368.0,0.8,0.0,7.0,0.0,41.0,15.0,0.4,1.0,5.0,11.0,0.5,10.0,20.0,20.0,638069,2023-03-04 15:00:00,2023
Chelsea,11.0,2.0,0.0,2.0,5.0,2.0,57.2,13.0,3.0,0.2,0.0,0.0,507.0,579.0,0.9,5.0,19.0,0.3,46.0,26.0,0.6,2.0,17.0,26.0,0.7,12.0,13.0,13.0,Leeds United,7.0,0.0,0.0,2.0,7.0,2.0,42.8,11.0,2.0,0.2,0.0,0.0,337.0,425.0,0.8,7.0,17.0,0.4,37.0,12.0,0.3,3.0,15.0,23.0,0.7,12.0,13.0,13.0,638078,2023-03-04 15:00:00,2023
Wolverhampton Wanderers,0.0,0.0,0.0,0.0,0.0,0.0,0.0,0.0,0.0,0.0,0.0,0.0,0.0,0.0,0.0,0.0,0.0,0.0,0.0,0.0,0.0,0.0,0.0,0.0,0.0,0.0,0.0,0.0,Tottenham Hotspur,0.0,0.0,0.0,0.0,0.0,0.0,0.0,0.0,0.0,0.0,0.0,0.0,0.0,0.0,0.0,0.0,0.0,0.0,0.0,0.0,0.0,0.0,0.0,0.0,0.0,0.0,0.0,0.0,638073,2023-03-04 15:00:00,2023
Aston Villa,14.0,2.0,0.0,0.0,2.0,0.0,58.1,8.0,1.0,0.1,0.0,0.0,462.0,526.0,0.9,3.0,6.0,0.5,39.0,23.0,0.6,3.0,8.0,13.0,0.6,7.0,11.0,11.0,Crystal Palace,17.0,3.0,1.0,5.0,4.0,1.0,41.9,3.0,0.0,0.0,0.0,0.0,305.0,364.0,0.8,1.0,15.0,0.1,48.0,20.0,0.4,1.0,13.0,22.0,0.6,9.0,7.0,7.0,638071,2023-03-04 15:00:00,2023
Arsenal,6.0,0.0,0.0,0.0,17.0,2.0,80.1,31.0,9.0,0.3,0.0,0.0,656.0,740.0,0.9,6.0,48.0,0.1,23.0,15.0,0.7,12.0,10.0,17.0,0.6,2.0,5.0,5.0,AFC Bournemouth,8.0,2.0,0.0,0.0,1.0,6.0,19.9,4.0,4.0,1.0,0.0,0.0,106.0,184.0,0.6,1.0,7.0,0.1,64.0,18.0,0.3,0.0,12.0,16.0,0.8,12.0,60.0,60.0,638072,2023-03-04 15:00:00,2023
Southampton,12.0,4.0,0.0,4.0,3.0,0.0,34.9,11.0,5.0,0.5,0.0,1.0,227.0,330.0,0.7,1.0,7.0,0.1,66.0,18.0,0.3,4.0,9.0,21.0,0.4,16.0,20.0,20.0,Leicester City,11.0,2.0,0.0,2.0,4.0,4.0,65.1,11.0,0.0,0.0,0.0,0.0,486.0,615.0,0.8,8.0,23.0,0.3,51.0,19.0,0.4,4.0,14.0,22.0,0.6,10.0,10.0,10.0,638077,2023-03-04 17:30:00,2023
Nottingham Forest,0.0,0.0,0.0,0.0,0.0,0.0,0.0,0.0,0.0,0.0,0.0,0.0,0.0,0.0,0.0,0.0,0.0,0.0,0.0,0.0,0.0,0.0,0.0,0.0,0.0,0.0,0.0,0.0,Everton,0.0,0.0,0.0,0.0,0.0,0.0,0.0,0.0,0.0,0.0,0.0,0.0,0.0,0.0,0.0,0.0,0.0,0.0,0.0,0.0,0.0,0.0,0.0,0.0,0.0,0.0,0.0,0.0,638076,2023-03-05 14:00:00,2023
Liverpool,0.0,0.0,0.0,0.0,0.0,0.0,0.0,0.0,0.0,0.0,0.0,0.0,0.0,0.0,0.0,0.0,0.0,0.0,0.0,0.0,0.0,0.0,0.0,0.0,0.0,0.0,0.0,0.0,Manchester United,0.0,0.0,0.0,0.0,0.0,0.0,0.0,0.0,0.0,0.0,0.0,0.0,0.0,0.0,0.0,0.0,0.0,0.0,0.0,0.0,0.0,0.0,0.0,0.0,0.0,0.0,0.0,0.0,638074,2023-03-05 16:30:00,2023
Brentford,0.0,0.0,0.0,0.0,0.0,0.0,0.0,0.0,0.0,0.0,0.0,0.0,0.0,0.0,0.0,0.0,0.0,0.0,0.0,0.0,0.0,0.0,0.0,0.0,0.0,0.0,0.0,0.0,Fulham,0.0,0.0,0.0,0.0,0.0,0.0,0.0,0.0,0.0,0.0,0.0,0.0,0.0,0.0,0.0,0.0,0.0,0.0,0.0,0.0,0.0,0.0,0.0,0.0,0.0,0.0,0.0,0.0,638070,2023-03-06 20:00:00,2023
AFC Bournemouth,7.0,2.0,0.0,2.0,3.0,5.0,30.7,5.0,2.0,0.4,0.0,0.0,182.0,278.0,0.7,3.0,11.0,0.3,63.0,13.0,0.2,0.0,7.0,11.0,0.6,13.0,34.0,34.0,Liverpool,9.0,1.0,0.0,4.0,8.0,1.0,69.3,15.0,6.0,0.4,0.0,1.0,531.0,637.0,0.8,4.0,25.0,0.2,76.0,38.0,0.5,1.0,15.0,22.0,0.7,11.0,11.0,11.0,638082,2023-03-11 12:30:00,2023
Leeds United,12.0,1.0,0.0,3.0,4.0,2.0,38.0,12.0,4.0,0.3,0.0,0.0,310.0,378.0,0.8,1.0,10.0,0.1,33.0,16.0,0.5,5.0,10.0,14.0,0.7,21.0,26.0,26.0,Brighton & Hove Albion,9.0,1.0,0.0,3.0,7.0,2.0,62.0,15.0,3.0,0.2,0.0,0.0,534.0,620.0,0.9,4.0,23.0,0.2,39.0,28.0,0.7,4.0,13.0,24.0,0.5,8.0,7.0,7.0,638083,2023-03-11 15:00:00,2023
Leicester City,0.0,0.0,0.0,0.0,0.0,0.0,0.0,0.0,0.0,0.0,0.0,0.0,0.0,0.0,0.0,0.0,0.0,0.0,0.0,0.0,0.0,0.0,0.0,0.0,0.0,0.0,0.0,0.0,Chelsea,0.0,0.0,0.0,0.0,0.0,0.0,0.0,0.0,0.0,0.0,0.0,0.0,0.0,0.0,0.0,0.0,0.0,0.0,0.0,0.0,0.0,0.0,0.0,0.0,0.0,0.0,0.0,0.0,638088,2023-03-11 15:00:00,2023
Tottenham Hotspur,13.0,3.0,0.0,1.0,2.0,4.0,55.2,15.0,7.0,0.5,1.0,1.0,427.0,490.0,0.9,8.0,23.0,0.3,49.0,32.0,0.7,5.0,6.0,10.0,0.6,8.0,28.0,28.0,Nottingham Forest,13.0,1.0,0.0,1.0,10.0,4.0,44.8,9.0,5.0,0.6,0.0,1.0,318.0,391.0,0.8,3.0,20.0,0.2,49.0,27.0,0.6,2.0,7.0,8.0,0.9,7.0,18.0,18.0,638085,2023-03-11 15:00:00,2023
Everton,0.0,0.0,0.0,0.0,0.0,0.0,0.0,0.0,0.0,0.0,0.0,0.0,0.0,0.0,0.0,0.0,0.0,0.0,0.0,0.0,0.0,0.0,0.0,0.0,0.0,0.0,0.0,0.0,Brentford,0.0,0.0,0.0,0.0,0.0,0.0,0.0,0.0,0.0,0.0,0.0,0.0,0.0,0.0,0.0,0.0,0.0,0.0,0.0,0.0,0.0,0.0,0.0,0.0,0.0,0.0,0.0,0.0,638080,2023-03-11 15:00:00,2023
Crystal Palace,0.0,0.0,0.0,0.0,0.0,0.0,0.0,0.0,0.0,0.0,0.0,0.0,0.0,0.0,0.0,0.0,0.0,0.0,0.0,0.0,0.0,0.0,0.0,0.0,0.0,0.0,0.0,0.0,Manchester City,0.0,0.0,0.0,0.0,0.0,0.0,0.0,0.0,0.0,0.0,0.0,0.0,0.0,0.0,0.0,0.0,0.0,0.0,0.0,0.0,0.0,0.0,0.0,0.0,0.0,0.0,0.0,0.0,638081,2023-03-11 17:30:00,2023
Fulham,0.0,0.0,0.0,0.0,0.0,0.0,0.0,0.0,0.0,0.0,0.0,0.0,0.0,0.0,0.0,0.0,0.0,0.0,0.0,0.0,0.0,0.0,0.0,0.0,0.0,0.0,0.0,0.0,Arsenal,0.0,0.0,0.0,0.0,0.0,0.0,0.0,0.0,0.0,0.0,0.0,0.0,0.0,0.0,0.0,0.0,0.0,0.0,0.0,0.0,0.0,0.0,0.0,0.0,0.0,0.0,0.0,0.0,638079,2023-03-12 14:00:00,2023
Manchester United,0.0,0.0,0.0,0.0,0.0,0.0,0.0,0.0,0.0,0.0,0.0,0.0,0.0,0.0,0.0,0.0,0.0,0.0,0.0,0.0,0.0,0.0,0.0,0.0,0.0,0.0,0.0,0.0,Southampton,0.0,0.0,0.0,0.0,0.0,0.0,0.0,0.0,0.0,0.0,0.0,0.0,0.0,0.0,0.0,0.0,0.0,0.0,0.0,0.0,0.0,0.0,0.0,0.0,0.0,0.0,0.0,0.0,638087,2023-03-12 14:00:00,2023
West Ham United,0.0,0.0,0.0,0.0,0.0,0.0,0.0,0.0,0.0,0.0,0.0,0.0,0.0,0.0,0.0,0.0,0.0,0.0,0.0,0.0,0.0,0.0,0.0,0.0,0.0,0.0,0.0,0.0,Aston Villa,0.0,0.0,0.0,0.0,0.0,0.0,0.0,0.0,0.0,0.0,0.0,0.0,0.0,0.0,0.0,0.0,0.0,0.0,0.0,0.0,0.0,0.0,0.0,0.0,0.0,0.0,0.0,0.0,638084,2023-03-12 14:00:00,2023
Newcastle United,0.0,0.0,0.0,0.0,0.0,0.0,0.0,0.0,0.0,0.0,0.0,0.0,0.0,0.0,0.0,0.0,0.0,0.0,0.0,0.0,0.0,0.0,0.0,0.0,0.0,0.0,0.0,0.0,Wolverhampton Wanderers,0.0,0.0,0.0,0.0,0.0,0.0,0.0,0.0,0.0,0.0,0.0,0.0,0.0,0.0,0.0,0.0,0.0,0.0,0.0,0.0,0.0,0.0,0.0,0.0,0.0,0.0,0.0,0.0,638086,2023-03-12 16:30:00,2023
Southampton,14.0,1.0,0.0,1.0,3.0,2.0,66.4,7.0,1.0,0.1,0.0,0.0,464.0,563.0,0.8,4.0,31.0,0.1,62.0,25.0,0.4,3.0,6.0,16.0,0.4,3.0,12.0,12.0,Brentford,10.0,2.0,0.0,1.0,3.0,0.0,33.6,11.0,5.0,0.5,0.0,0.0,186.0,289.0,0.6,4.0,11.0,0.4,60.0,23.0,0.4,4.0,11.0,20.0,0.6,14.0,24.0,24.0,638264,2023-03-15 19:30:00,2023
Brighton & Hove Albion,13.0,1.0,0.0,2.0,1.0,3.0,57.1,11.0,5.0,0.5,0.0,0.0,488.0,579.0,0.8,1.0,10.0,0.1,43.0,18.0,0.4,1.0,11.0,20.0,0.6,15.0,8.0,8.0,Crystal Palace,20.0,2.0,0.0,0.0,4.0,4.0,42.9,11.0,3.0,0.3,0.0,0.0,345.0,430.0,0.8,3.0,13.0,0.2,55.0,19.0,0.3,2.0,11.0,15.0,0.7,13.0,14.0,14.0,637892,2023-03-15 19:30:00,2023
Nottingham Forest,17.0,5.0,0.0,1.0,3.0,2.0,38.4,5.0,3.0,0.6,0.0,0.0,192.0,285.0,0.7,1.0,10.0,0.1,79.0,29.0,0.4,0.0,9.0,12.0,0.8,10.0,23.0,23.0,Newcastle United,9.0,1.0,0.0,1.0,7.0,2.0,61.6,15.0,4.0,0.3,1.0,1.0,358.0,449.0,0.8,5.0,26.0,0.2,39.0,14.0,0.4,6.0,11.0,15.0,0.7,8.0,9.0,9.0,638094,2023-03-17 20:00:00,2023
Wolverhampton Wanderers,15.0,3.0,2.0,2.0,5.0,0.0,65.9,23.0,8.0,0.3,0.0,0.0,482.0,580.0,0.8,5.0,24.0,0.2,48.0,25.0,0.5,6.0,15.0,21.0,0.7,9.0,7.0,7.0,Leeds United,9.0,5.0,0.0,0.0,4.0,6.0,34.1,11.0,4.0,0.4,0.0,0.0,199.0,294.0,0.7,4.0,15.0,0.3,47.0,14.0,0.3,2.0,14.0,21.0,0.7,9.0,34.0,34.0,638093,2023-03-18 15:00:00,2023
Southampton,0.0,0.0,0.0,0.0,0.0,0.0,0.0,0.0,0.0,0.0,0.0,0.0,0.0,0.0,0.0,0.0,0.0,0.0,0.0,0.0,0.0,0.0,0.0,0.0,0.0,0.0,0.0,0.0,Tottenham Hotspur,0.0,0.0,0.0,0.0,0.0,0.0,0.0,0.0,0.0,0.0,0.0,0.0,0.0,0.0,0.0,0.0,0.0,0.0,0.0,0.0,0.0,0.0,0.0,0.0,0.0,0.0,0.0,0.0,638098,2023-03-18 15:00:00,2023
Aston Villa,8.0,1.0,0.0,0.0,9.0,3.0,55.8,20.0,9.0,0.5,0.0,0.0,381.0,447.0,0.9,3.0,14.0,0.2,40.0,19.0,0.5,8.0,10.0,16.0,0.6,5.0,8.0,8.0,AFC Bournemouth,13.0,4.0,0.0,2.0,6.0,6.0,44.2,10.0,3.0,0.3,0.0,0.0,294.0,350.0,0.8,5.0,15.0,0.3,45.0,25.0,0.6,3.0,15.0,20.0,0.8,12.0,17.0,17.0,638090,2023-03-18 15:00:00,2023
Brentford,10.0,1.0,1.0,1.0,8.0,0.0,52.9,11.0,2.0,0.2,0.0,0.0,374.0,484.0,0.8,8.0,28.0,0.3,61.0,31.0,0.5,7.0,17.0,22.0,0.8,8.0,15.0,15.0,Leicester City,11.0,2.0,0.0,3.0,4.0,1.0,47.1,14.0,1.0,0.1,0.0,0.0,355.0,443.0,0.8,3.0,13.0,0.2,51.0,16.0,0.3,7.0,5.0,12.0,0.4,14.0,30.0,30.0,638091,2023-03-18 15:00:00,2023
Chelsea,8.0,2.0,0.0,2.0,8.0,1.0,68.9,20.0,7.0,0.4,1.0,1.0,455.0,542.0,0.8,10.0,29.0,0.3,58.0,30.0,0.5,10.0,11.0,15.0,0.7,8.0,9.0,9.0,Everton,12.0,2.0,0.0,1.0,2.0,5.0,31.1,12.0,3.0,0.3,0.0,0.0,165.0,246.0,0.7,3.0,8.0,0.4,48.0,11.0,0.2,5.0,13.0,20.0,0.7,6.0,32.0,32.0,638097,2023-03-18 17:30:00,2023
Arsenal,8.0,0.0,0.0,2.0,5.0,4.0,62.2,15.0,5.0,0.3,0.0,0.0,509.0,587.0,0.9,6.0,25.0,0.2,41.0,23.0,0.6,5.0,9.0,15.0,0.6,4.0,10.0,10.0,Crystal Palace,10.0,1.0,0.0,2.0,4.0,1.0,37.8,9.0,5.0,0.6,0.0,0.0,279.0,358.0,0.8,2.0,11.0,0.2,52.0,21.0,0.4,3.0,10.0,18.0,0.6,18.0,32.0,32.0,638089,2023-03-19 14:00:00,2023
Manchester City,9.0,1.0,0.0,3.0,7.0,0.0,68.1,17.0,8.0,0.5,0.0,0.0,693.0,754.0,0.9,2.0,15.0,0.1,44.0,31.0,0.7,6.0,0.0,7.0,0.0,4.0,10.0,10.0,Liverpool,12.0,1.0,0.0,5.0,1.0,4.0,31.9,4.0,1.0,0.3,0.0,0.0,288.0,350.0,0.8,1.0,8.0,0.1,47.0,21.0,0.4,3.0,8.0,12.0,0.7,9.0,16.0,16.0,638108,2023-04-01 11:30:00,2023
Arsenal,11.0,0.0,0.0,5.0,4.0,4.0,67.1,13.0,6.0,0.5,1.0,1.0,544.0,636.0,0.9,6.0,11.0,0.5,39.0,21.0,0.5,5.0,9.0,15.0,0.6,8.0,17.0,17.0,Leeds United,13.0,2.0,0.0,1.0,3.0,1.0,32.9,7.0,5.0,0.7,0.0,0.0,220.0,307.0,0.7,1.0,10.0,0.1,47.0,19.0,0.4,1.0,12.0,21.0,0.6,13.0,13.0,13.0,638102,2023-04-01 14:00:00,2023
Nottingham Forest,0.0,0.0,0.0,0.0,0.0,0.0,0.0,0.0,0.0,0.0,0.0,0.0,0.0,0.0,0.0,0.0,0.0,0.0,0.0,0.0,0.0,0.0,0.0,0.0,0.0,0.0,0.0,0.0,Wolverhampton Wanderers,0.0,0.0,0.0,0.0,0.0,0.0,0.0,0.0,0.0,0.0,0.0,0.0,0.0,0.0,0.0,0.0,0.0,0.0,0.0,0.0,0.0,0.0,0.0,0.0,0.0,0.0,0.0,0.0,638099,2023-04-01 14:00:00,2023
AFC Bournemouth,15.0,1.0,0.0,1.0,4.0,1.0,42.7,12.0,7.0,0.6,0.0,0.0,281.0,367.0,0.8,2.0,12.0,0.2,64.0,33.0,0.5,2.0,13.0,17.0,0.8,8.0,11.0,11.0,Fulham,13.0,4.0,0.0,1.0,3.0,4.0,57.3,10.0,2.0,0.2,0.0,0.0,424.0,496.0,0.9,6.0,18.0,0.3,61.0,35.0,0.6,2.0,11.0,19.0,0.6,4.0,16.0,16.0,638103,2023-04-01 14:00:00,2023
Crystal Palace,12.0,3.0,0.0,1.0,10.0,1.0,51.0,31.0,9.0,0.3,0.0,0.0,357.0,446.0,0.8,6.0,24.0,0.3,54.0,22.0,0.4,14.0,8.0,12.0,0.7,9.0,13.0,13.0,Leicester City,16.0,4.0,0.0,2.0,1.0,8.0,49.0,3.0,2.0,0.7,0.0,0.0,345.0,445.0,0.8,2.0,7.0,0.3,58.0,21.0,0.4,1.0,12.0,24.0,0.5,14.0,31.0,31.0,638106,2023-04-01 14:00:00,2023
Brighton & Hove Albion,16.0,2.0,0.0,2.0,14.0,2.0,72.2,33.0,15.0,0.5,1.0,1.0,507.0,582.0,0.9,12.0,37.0,0.3,44.0,28.0,0.6,10.0,6.0,9.0,0.7,2.0,5.0,5.0,Brentford,10.0,1.0,0.0,2.0,0.0,11.0,27.8,7.0,5.0,0.7,0.0,0.0,150.0,227.0,0.7,4.0,8.0,0.5,52.0,15.0,0.3,1.0,7.0,16.0,0.4,9.0,38.0,38.0,638104,2023-04-01 14:00:00,2023
Chelsea,14.0,3.0,0.0,2.0,13.0,0.0,69.0,27.0,8.0,0.3,0.0,0.0,543.0,600.0,0.9,6.0,39.0,0.2,50.0,38.0,0.8,4.0,13.0,18.0,0.7,9.0,4.0,4.0,Aston Villa,16.0,3.0,0.0,0.0,2.0,7.0,31.0,5.0,2.0,0.4,0.0,0.0,214.0,285.0,0.8,0.0,4.0,0.0,38.0,15.0,0.4,0.0,14.0,24.0,0.6,8.0,32.0,32.0,638105,2023-04-01 16:30:00,2023
West Ham United,10.0,0.0,0.0,1.0,5.0,3.0,43.0,12.0,2.0,0.2,0.0,0.0,296.0,403.0,0.7,4.0,19.0,0.2,69.0,29.0,0.4,3.0,19.0,28.0,0.7,13.0,11.0,11.0,Southampton,11.0,2.0,0.0,1.0,3.0,2.0,57.0,9.0,3.0,0.3,0.0,0.0,455.0,544.0,0.8,3.0,14.0,0.2,43.0,23.0,0.5,2.0,15.0,26.0,0.6,14.0,22.0,22.0,638101,2023-04-02 13:00:00,2023
Newcastle United,8.0,0.0,0.0,1.0,7.0,1.0,45.7,22.0,6.0,0.3,0.0,0.0,264.0,343.0,0.8,8.0,16.0,0.5,41.0,19.0,0.5,7.0,15.0,22.0,0.7,11.0,8.0,8.0,Manchester United,12.0,0.0,0.0,0.0,4.0,4.0,54.3,6.0,1.0,0.2,0.0,0.0,338.0,417.0,0.8,3.0,12.0,0.3,41.0,23.0,0.6,2.0,12.0,18.0,0.7,9.0,22.0,22.0,638100,2023-04-02 15:30:00,2023
Everton,10.0,0.0,1.0,1.0,3.0,0.0,39.3,15.0,6.0,0.4,0.0,0.0,303.0,377.0,0.8,4.0,23.0,0.2,58.0,22.0,0.4,4.0,15.0,23.0,0.7,8.0,17.0,17.0,Tottenham Hotspur,14.0,3.0,1.0,3.0,3.0,5.0,60.7,8.0,2.0,0.3,1.0,1.0,502.0,596.0,0.8,2.0,15.0,0.1,68.0,36.0,0.5,1.0,8.0,14.0,0.6,5.0,21.0,21.0,638107,2023-04-03 19:00:00,2023
Leeds United,0.0,0.0,0.0,0.0,0.0,0.0,0.0,0.0,0.0,0.0,0.0,0.0,0.0,0.0,0.0,0.0,0.0,0.0,0.0,0.0,0.0,0.0,0.0,0.0,0.0,0.0,0.0,0.0,Nottingham Forest,0.0,0.0,0.0,0.0,0.0,0.0,0.0,0.0,0.0,0.0,0.0,0.0,0.0,0.0,0.0,0.0,0.0,0.0,0.0,0.0,0.0,0.0,0.0,0.0,0.0,0.0,0.0,0.0,638262,2023-04-04 18:45:00,2023
Leicester City,10.0,2.0,1.0,2.0,4.0,3.0,35.9,9.0,4.0,0.4,0.0,0.0,216.0,290.0,0.7,3.0,16.0,0.2,44.0,14.0,0.3,1.0,13.0,19.0,0.7,15.0,10.0,10.0,Aston Villa,14.0,0.0,0.0,1.0,8.0,3.0,64.1,15.0,5.0,0.3,0.0,0.0,471.0,534.0,0.9,1.0,14.0,0.1,32.0,20.0,0.6,5.0,3.0,7.0,0.4,6.0,19.0,19.0,638259,2023-04-04 18:45:00,2023
AFC Bournemouth,11.0,1.0,0.0,1.0,5.0,4.0,36.7,14.0,3.0,0.2,0.0,0.0,269.0,344.0,0.8,2.0,18.0,0.1,38.0,16.0,0.4,5.0,8.0,18.0,0.4,15.0,13.0,13.0,Brighton & Hove Albion,5.0,1.0,0.0,0.0,5.0,3.0,63.3,16.0,6.0,0.4,0.0,0.0,545.0,626.0,0.9,1.0,11.0,0.1,49.0,27.0,0.6,1.0,9.0,17.0,0.5,7.0,10.0,10.0,637887,2023-04-04 18:45:00,2023
Chelsea,6.0,1.0,0.0,4.0,3.0,3.0,49.6,12.0,3.0,0.3,0.0,0.0,437.0,522.0,0.8,1.0,13.0,0.1,53.0,26.0,0.5,2.0,18.0,24.0,0.8,12.0,14.0,14.0,Liverpool,17.0,4.0,0.0,3.0,5.0,2.0,50.4,7.0,4.0,0.6,0.0,0.0,449.0,537.0,0.8,1.0,13.0,0.1,54.0,27.0,0.5,3.0,7.0,13.0,0.5,6.0,17.0,17.0,637891,2023-04-04 19:00:00,2023
West Ham United,11.0,2.0,0.0,0.0,7.0,2.0,42.0,7.0,2.0,0.3,0.0,0.0,256.0,348.0,0.7,3.0,20.0,0.2,46.0,18.0,0.4,2.0,5.0,13.0,0.4,7.0,16.0,16.0,Newcastle United,12.0,1.0,0.0,0.0,6.0,1.0,58.0,15.0,8.0,0.5,0.0,0.0,397.0,492.0,0.8,4.0,16.0,0.3,58.0,28.0,0.5,2.0,14.0,24.0,0.6,13.0,16.0,16.0,638265,2023-04-05 19:00:00,2023
Manchester United,9.0,3.0,0.0,2.0,12.0,1.0,64.7,18.0,3.0,0.2,0.0,0.0,528.0,616.0,0.9,1.0,18.0,0.1,63.0,39.0,0.6,7.0,11.0,15.0,0.7,8.0,14.0,14.0,Brentford,13.0,2.0,0.0,1.0,3.0,2.0,35.3,6.0,1.0,0.2,0.0,0.0,249.0,327.0,0.8,3.0,15.0,0.2,58.0,26.0,0.4,1.0,13.0,18.0,0.7,10.0,26.0,26.0,638062,2023-04-05 19:00:00,2023
Manchester United,10.0,0.0,0.0,3.0,10.0,1.0,63.8,29.0,11.0,0.4,0.0,0.0,535.0,614.0,0.9,3.0,9.0,0.3,61.0,33.0,0.5,8.0,6.0,10.0,0.6,7.0,22.0,22.0,Everton,9.0,0.0,0.0,2.0,4.0,9.0,36.2,15.0,1.0,0.1,0.0,0.0,236.0,331.0,0.7,5.0,18.0,0.3,59.0,26.0,0.4,8.0,20.0,30.0,0.7,6.0,15.0,15.0,638112,2023-04-08 11:30:00,2023
Brentford,0.0,0.0,0.0,0.0,0.0,0.0,0.0,0.0,0.0,0.0,0.0,0.0,0.0,0.0,0.0,0.0,0.0,0.0,0.0,0.0,0.0,0.0,0.0,0.0,0.0,0.0,0.0,0.0,Newcastle United,0.0,0.0,0.0,0.0,0.0,0.0,0.0,0.0,0.0,0.0,0.0,0.0,0.0,0.0,0.0,0.0,0.0,0.0,0.0,0.0,0.0,0.0,0.0,0.0,0.0,0.0,0.0,0.0,638117,2023-04-08 14:00:00,2023
Fulham,0.0,0.0,0.0,0.0,0.0,0.0,0.0,0.0,0.0,0.0,0.0,0.0,0.0,0.0,0.0,0.0,0.0,0.0,0.0,0.0,0.0,0.0,0.0,0.0,0.0,0.0,0.0,0.0,West Ham United,0.0,0.0,0.0,0.0,0.0,0.0,0.0,0.0,0.0,0.0,0.0,0.0,0.0,0.0,0.0,0.0,0.0,0.0,0.0,0.0,0.0,0.0,0.0,0.0,0.0,0.0,0.0,0.0,638116,2023-04-08 14:00:00,2023
Aston Villa,7.0,3.0,0.0,1.0,1.0,2.0,65.3,8.0,3.0,0.4,0.0,0.0,384.0,448.0,0.9,2.0,10.0,0.2,36.0,16.0,0.4,1.0,8.0,12.0,0.7,4.0,21.0,21.0,Nottingham Forest,17.0,4.0,0.0,7.0,8.0,1.0,34.7,6.0,2.0,0.3,0.0,0.0,149.0,227.0,0.7,1.0,18.0,0.1,42.0,16.0,0.4,3.0,11.0,17.0,0.6,5.0,11.0,11.0,638109,2023-04-08 14:00:00,2023
Tottenham Hotspur,15.0,3.0,0.0,2.0,3.0,3.0,35.2,9.0,3.0,0.3,0.0,0.0,231.0,299.0,0.8,3.0,15.0,0.2,52.0,12.0,0.2,2.0,10.0,17.0,0.6,7.0,23.0,23.0,Brighton & Hove Albion,15.0,1.0,0.0,1.0,7.0,1.0,64.8,17.0,4.0,0.2,0.0,0.0,485.0,557.0,0.9,9.0,22.0,0.4,41.0,29.0,0.7,8.0,8.0,18.0,0.4,4.0,12.0,12.0,638110,2023-04-08 14:00:00,2023
Leicester City,0.0,0.0,0.0,0.0,0.0,0.0,0.0,0.0,0.0,0.0,0.0,0.0,0.0,0.0,0.0,0.0,0.0,0.0,0.0,0.0,0.0,0.0,0.0,0.0,0.0,0.0,0.0,0.0,AFC Bournemouth,0.0,0.0,0.0,0.0,0.0,0.0,0.0,0.0,0.0,0.0,0.0,0.0,0.0,0.0,0.0,0.0,0.0,0.0,0.0,0.0,0.0,0.0,0.0,0.0,0.0,0.0,0.0,0.0,638114,2023-04-08 14:00:00,2023
Wolverhampton Wanderers,14.0,2.0,0.0,2.0,8.0,1.0,37.6,9.0,4.0,0.4,0.0,0.0,234.0,314.0,0.7,3.0,26.0,0.1,44.0,18.0,0.4,2.0,13.0,22.0,0.6,10.0,28.0,28.0,Chelsea,10.0,5.0,0.0,1.0,8.0,3.0,62.4,13.0,1.0,0.1,0.0,0.0,443.0,530.0,0.8,6.0,32.0,0.2,34.0,14.0,0.4,8.0,15.0,27.0,0.6,3.0,27.0,27.0,638113,2023-04-08 14:00:00,2023
Southampton,6.0,0.0,0.0,0.0,0.0,4.0,27.2,4.0,1.0,0.3,0.0,0.0,204.0,271.0,0.8,2.0,8.0,0.3,46.0,12.0,0.3,1.0,9.0,11.0,0.8,8.0,22.0,22.0,Manchester City,10.0,2.0,0.0,2.0,10.0,0.0,72.8,13.0,8.0,0.6,1.0,1.0,653.0,732.0,0.9,3.0,21.0,0.1,45.0,29.0,0.6,3.0,7.0,9.0,0.8,6.0,4.0,4.0,638111,2023-04-08 16:30:00,2023
Leeds United,11.0,3.0,0.0,2.0,2.0,2.0,48.0,11.0,7.0,0.6,0.0,0.0,305.0,403.0,0.8,7.0,18.0,0.4,44.0,15.0,0.3,0.0,19.0,34.0,0.6,13.0,23.0,23.0,Crystal Palace,8.0,1.0,0.0,2.0,4.0,7.0,52.0,16.0,8.0,0.5,0.0,0.0,325.0,436.0,0.7,7.0,14.0,0.5,67.0,25.0,0.4,4.0,16.0,22.0,0.7,8.0,17.0,17.0,638115,2023-04-09 13:00:00,2023
Liverpool,0.0,0.0,0.0,0.0,0.0,0.0,0.0,0.0,0.0,0.0,0.0,0.0,0.0,0.0,0.0,0.0,0.0,0.0,0.0,0.0,0.0,0.0,0.0,0.0,0.0,0.0,0.0,0.0,Arsenal,0.0,0.0,0.0,0.0,0.0,0.0,0.0,0.0,0.0,0.0,0.0,0.0,0.0,0.0,0.0,0.0,0.0,0.0,0.0,0.0,0.0,0.0,0.0,0.0,0.0,0.0,0.0,0.0,638118,2023-04-09 15:30:00,2023
Aston Villa,13.0,1.0,0.0,1.0,7.0,2.0,52.0,16.0,6.0,0.4,0.0,0.0,309.0,395.0,0.8,2.0,14.0,0.1,65.0,28.0,0.4,4.0,11.0,18.0,0.6,6.0,14.0,14.0,Newcastle United,15.0,1.0,0.0,4.0,2.0,3.0,48.0,8.0,2.0,0.3,0.0,0.0,283.0,362.0,0.8,3.0,15.0,0.2,45.0,16.0,0.4,3.0,11.0,18.0,0.6,7.0,13.0,13.0,638127,2023-04-15 11:30:00,2023
Chelsea,0.0,0.0,0.0,0.0,0.0,0.0,0.0,0.0,0.0,0.0,0.0,0.0,0.0,0.0,0.0,0.0,0.0,0.0,0.0,0.0,0.0,0.0,0.0,0.0,0.0,0.0,0.0,0.0,Brighton & Hove Albion,0.0,0.0,0.0,0.0,0.0,0.0,0.0,0.0,0.0,0.0,0.0,0.0,0.0,0.0,0.0,0.0,0.0,0.0,0.0,0.0,0.0,0.0,0.0,0.0,0.0,0.0,0.0,0.0,638126,2023-04-15 14:00:00,2023
Everton,10.0,3.0,0.0,1.0,4.0,4.0,46.5,15.0,7.0,0.5,0.0,0.0,302.0,408.0,0.7,4.0,21.0,0.2,61.0,19.0,0.3,2.0,10.0,14.0,0.7,7.0,13.0,13.0,Fulham,6.0,2.0,0.0,0.0,8.0,6.0,53.5,21.0,7.0,0.3,0.0,0.0,351.0,467.0,0.8,10.0,23.0,0.4,77.0,33.0,0.4,5.0,11.0,17.0,0.6,13.0,19.0,19.0,638125,2023-04-15 14:00:00,2023
Wolverhampton Wanderers,0.0,0.0,0.0,0.0,0.0,0.0,0.0,0.0,0.0,0.0,0.0,0.0,0.0,0.0,0.0,0.0,0.0,0.0,0.0,0.0,0.0,0.0,0.0,0.0,0.0,0.0,0.0,0.0,Brentford,0.0,0.0,0.0,0.0,0.0,0.0,0.0,0.0,0.0,0.0,0.0,0.0,0.0,0.0,0.0,0.0,0.0,0.0,0.0,0.0,0.0,0.0,0.0,0.0,0.0,0.0,0.0,0.0,638128,2023-04-15 14:00:00,2023
Southampton,6.0,3.0,0.0,3.0,6.0,0.0,58.2,11.0,4.0,0.4,0.0,0.0,420.0,499.0,0.8,2.0,14.0,0.1,39.0,20.0,0.5,3.0,7.0,15.0,0.5,16.0,7.0,7.0,Crystal Palace,13.0,1.0,0.0,1.0,2.0,4.0,41.8,10.0,2.0,0.2,0.0,0.0,274.0,362.0,0.8,1.0,7.0,0.1,59.0,23.0,0.4,4.0,17.0,22.0,0.8,8.0,17.0,17.0,638121,2023-04-15 14:00:00,2023
Tottenham Hotspur,8.0,1.0,0.0,1.0,8.0,3.0,57.4,24.0,8.0,0.3,0.0,0.0,395.0,485.0,0.8,11.0,37.0,0.3,46.0,24.0,0.5,8.0,11.0,17.0,0.6,11.0,6.0,6.0,AFC Bournemouth,9.0,3.0,0.0,1.0,1.0,6.0,42.6,9.0,6.0,0.7,0.0,0.0,289.0,379.0,0.8,1.0,5.0,0.2,54.0,19.0,0.4,1.0,12.0,17.0,0.7,18.0,37.0,37.0,638120,2023-04-15 14:15:00,2023
Manchester City,8.0,1.0,0.0,0.0,6.0,3.0,70.6,12.0,4.0,0.3,1.0,1.0,695.0,754.0,0.9,2.0,23.0,0.1,62.0,47.0,0.8,3.0,6.0,11.0,0.5,1.0,9.0,9.0,Leicester City,8.0,1.0,0.0,3.0,2.0,1.0,29.4,11.0,4.0,0.4,0.0,0.0,254.0,317.0,0.8,5.0,6.0,0.8,52.0,21.0,0.4,3.0,7.0,10.0,0.7,6.0,25.0,25.0,638123,2023-04-15 16:30:00,2023
West Ham United,11.0,1.0,0.0,4.0,7.0,3.0,28.5,16.0,3.0,0.2,1.0,1.0,156.0,226.0,0.7,6.0,20.0,0.3,42.0,16.0,0.4,7.0,8.0,17.0,0.5,15.0,14.0,14.0,Arsenal,8.0,2.0,0.0,1.0,2.0,1.0,71.5,11.0,5.0,0.5,0.0,1.0,523.0,601.0,0.9,6.0,17.0,0.4,47.0,22.0,0.5,2.0,9.0,13.0,0.7,3.0,24.0,24.0,638119,2023-04-16 13:00:00,2023
Nottingham Forest,9.0,2.0,0.0,1.0,4.0,5.0,31.8,6.0,0.0,0.0,0.0,0.0,183.0,281.0,0.7,3.0,12.0,0.3,57.0,21.0,0.4,2.0,11.0,20.0,0.6,11.0,28.0,28.0,Manchester United,9.0,2.0,0.0,3.0,9.0,0.0,68.2,22.0,8.0,0.4,0.0,0.0,504.0,608.0,0.8,4.0,19.0,0.2,43.0,21.0,0.5,5.0,10.0,12.0,0.8,12.0,16.0,16.0,638122,2023-04-16 15:30:00,2023
Leeds United,6.0,0.0,0.0,1.0,4.0,1.0,26.4,13.0,3.0,0.2,0.0,0.0,204.0,296.0,0.7,3.0,14.0,0.2,47.0,20.0,0.4,3.0,7.0,13.0,0.5,11.0,17.0,17.0,Liverpool,12.0,1.0,0.0,2.0,2.0,2.0,73.6,13.0,7.0,0.5,0.0,0.0,774.0,869.0,0.9,4.0,10.0,0.4,53.0,31.0,0.6,2.0,10.0,21.0,0.5,8.0,16.0,16.0,638124,2023-04-17 19:00:00,2023
Arsenal,0.0,0.0,0.0,0.0,0.0,0.0,0.0,0.0,0.0,0.0,0.0,0.0,0.0,0.0,0.0,0.0,0.0,0.0,0.0,0.0,0.0,0.0,0.0,0.0,0.0,0.0,0.0,0.0,Southampton,0.0,0.0,0.0,0.0,0.0,0.0,0.0,0.0,0.0,0.0,0.0,0.0,0.0,0.0,0.0,0.0,0.0,0.0,0.0,0.0,0.0,0.0,0.0,0.0,0.0,0.0,0.0,0.0,638129,2023-04-21 19:00:00,2023
Fulham,10.0,1.0,0.0,5.0,8.0,2.0,49.3,12.0,5.0,0.4,0.0,0.0,281.0,375.0,0.7,0.0,24.0,0.0,58.0,28.0,0.5,4.0,11.0,19.0,0.6,9.0,23.0,23.0,Leeds United,15.0,4.0,0.0,2.0,6.0,3.0,50.7,10.0,2.0,0.2,0.0,0.0,284.0,392.0,0.7,4.0,19.0,0.2,56.0,20.0,0.4,4.0,12.0,24.0,0.5,14.0,28.0,28.0,638134,2023-04-22 11:30:00,2023
Crystal Palace,0.0,0.0,0.0,0.0,0.0,0.0,0.0,0.0,0.0,0.0,0.0,0.0,0.0,0.0,0.0,0.0,0.0,0.0,0.0,0.0,0.0,0.0,0.0,0.0,0.0,0.0,0.0,0.0,Everton,0.0,0.0,0.0,0.0,0.0,0.0,0.0,0.0,0.0,0.0,0.0,0.0,0.0,0.0,0.0,0.0,0.0,0.0,0.0,0.0,0.0,0.0,0.0,0.0,0.0,0.0,0.0,0.0,638138,2023-04-22 14:00:00,2023
Brentford,0.0,0.0,0.0,0.0,0.0,0.0,0.0,0.0,0.0,0.0,0.0,0.0,0.0,0.0,0.0,0.0,0.0,0.0,0.0,0.0,0.0,0.0,0.0,0.0,0.0,0.0,0.0,0.0,Aston Villa,0.0,0.0,0.0,0.0,0.0,0.0,0.0,0.0,0.0,0.0,0.0,0.0,0.0,0.0,0.0,0.0,0.0,0.0,0.0,0.0,0.0,0.0,0.0,0.0,0.0,0.0,0.0,0.0,638131,2023-04-22 14:00:00,2023
Liverpool,9.0,0.0,0.0,2.0,9.0,3.0,81.1,18.0,6.0,0.3,0.0,0.0,570.0,650.0,0.9,9.0,28.0,0.3,51.0,29.0,0.6,5.0,8.0,14.0,0.6,5.0,12.0,12.0,Nottingham Forest,12.0,1.0,0.0,3.0,3.0,2.0,18.9,11.0,5.0,0.5,0.0,0.0,78.0,148.0,0.5,3.0,11.0,0.3,51.0,16.0,0.3,1.0,11.0,15.0,0.7,12.0,27.0,27.0,638136,2023-04-22 14:00:00,2023
Leicester City,17.0,1.0,0.0,1.0,1.0,2.0,41.8,15.0,8.0,0.5,1.0,1.0,270.0,364.0,0.7,4.0,12.0,0.3,52.0,18.0,0.3,3.0,12.0,22.0,0.5,8.0,24.0,24.0,Wolverhampton Wanderers,16.0,3.0,0.0,3.0,7.0,5.0,58.2,16.0,3.0,0.2,0.0,0.0,406.0,497.0,0.8,3.0,20.0,0.2,54.0,25.0,0.5,6.0,8.0,12.0,0.7,7.0,11.0,11.0,638135,2023-04-22 14:00:00,2023
Newcastle United,0.0,0.0,0.0,0.0,0.0,0.0,0.0,0.0,0.0,0.0,0.0,0.0,0.0,0.0,0.0,0.0,0.0,0.0,0.0,0.0,0.0,0.0,0.0,0.0,0.0,0.0,0.0,0.0,Tottenham Hotspur,0.0,0.0,0.0,0.0,0.0,0.0,0.0,0.0,0.0,0.0,0.0,0.0,0.0,0.0,0.0,0.0,0.0,0.0,0.0,0.0,0.0,0.0,0.0,0.0,0.0,0.0,0.0,0.0,638133,2023-04-23 13:00:00,2023
AFC Bournemouth,0.0,0.0,0.0,0.0,0.0,0.0,0.0,0.0,0.0,0.0,0.0,0.0,0.0,0.0,0.0,0.0,0.0,0.0,0.0,0.0,0.0,0.0,0.0,0.0,0.0,0.0,0.0,0.0,West Ham United,0.0,0.0,0.0,0.0,0.0,0.0,0.0,0.0,0.0,0.0,0.0,0.0,0.0,0.0,0.0,0.0,0.0,0.0,0.0,0.0,0.0,0.0,0.0,0.0,0.0,0.0,0.0,0.0,638130,2023-04-23 13:00:00,2023
Wolverhampton Wanderers,0.0,0.0,0.0,0.0,0.0,0.0,0.0,0.0,0.0,0.0,0.0,0.0,0.0,0.0,0.0,0.0,0.0,0.0,0.0,0.0,0.0,0.0,0.0,0.0,0.0,0.0,0.0,0.0,Crystal Palace,0.0,0.0,0.0,0.0,0.0,0.0,0.0,0.0,0.0,0.0,0.0,0.0,0.0,0.0,0.0,0.0,0.0,0.0,0.0,0.0,0.0,0.0,0.0,0.0,0.0,0.0,0.0,0.0,638140,2023-04-25 18:30:00,2023
Aston Villa,6.0,3.0,0.0,0.0,8.0,0.0,51.8,14.0,3.0,0.2,0.0,0.0,365.0,436.0,0.8,7.0,15.0,0.5,47.0,23.0,0.5,7.0,7.0,11.0,0.6,2.0,20.0,20.0,Fulham,18.0,2.0,0.0,5.0,2.0,2.0,48.2,1.0,0.0,0.0,0.0,0.0,326.0,401.0,0.8,4.0,17.0,0.2,43.0,19.0,0.4,0.0,8.0,21.0,0.4,6.0,14.0,14.0,638145,2023-04-25 18:45:00,2023
Leeds United,14.0,4.0,0.0,4.0,3.0,2.0,40.8,13.0,3.0,0.2,0.0,0.0,197.0,307.0,0.6,5.0,16.0,0.3,63.0,21.0,0.3,4.0,11.0,22.0,0.5,11.0,25.0,25.0,Leicester City,15.0,2.0,0.0,6.0,6.0,2.0,59.2,15.0,3.0,0.2,0.0,0.0,325.0,445.0,0.7,4.0,20.0,0.2,50.0,11.0,0.2,6.0,13.0,21.0,0.6,5.0,14.0,14.0,638143,2023-04-25 19:00:00,2023
Nottingham Forest,7.0,2.0,0.0,1.0,2.0,6.0,24.8,12.0,5.0,0.4,1.0,2.0,155.0,232.0,0.7,1.0,7.0,0.1,43.0,14.0,0.3,2.0,11.0,18.0,0.6,14.0,20.0,20.0,Brighton & Hove Albion,8.0,0.0,0.0,2.0,7.0,3.0,75.2,17.0,7.0,0.4,0.0,0.0,622.0,719.0,0.9,3.0,13.0,0.2,36.0,16.0,0.4,4.0,9.0,14.0,0.6,7.0,16.0,16.0,638142,2023-04-26 18:30:00,2023
West Ham United,6.0,0.0,0.0,1.0,3.0,2.0,27.4,7.0,2.0,0.3,0.0,0.0,217.0,311.0,0.7,2.0,15.0,0.1,67.0,29.0,0.4,1.0,11.0,13.0,0.8,18.0,13.0,13.0,Liverpool,8.0,0.0,0.0,1.0,6.0,1.0,72.6,20.0,4.0,0.2,0.0,0.0,743.0,850.0,0.9,6.0,13.0,0.5,68.0,32.0,0.5,7.0,11.0,20.0,0.6,18.0,17.0,17.0,638141,2023-04-26 18:45:00,2023
Chelsea,0.0,0.0,0.0,0.0,0.0,0.0,0.0,0.0,0.0,0.0,0.0,0.0,0.0,0.0,0.0,0.0,0.0,0.0,0.0,0.0,0.0,0.0,0.0,0.0,0.0,0.0,0.0,0.0,Brentford,0.0,0.0,0.0,0.0,0.0,0.0,0.0,0.0,0.0,0.0,0.0,0.0,0.0,0.0,0.0,0.0,0.0,0.0,0.0,0.0,0.0,0.0,0.0,0.0,0.0,0.0,0.0,0.0,638146,2023-04-26 18:45:00,2023
Manchester City,13.0,3.0,0.0,0.0,1.0,1.0,51.9,14.0,9.0,0.6,0.0,0.0,422.0,496.0,0.9,0.0,5.0,0.0,49.0,27.0,0.6,2.0,8.0,11.0,0.7,9.0,8.0,8.0,Arsenal,13.0,1.0,0.0,1.0,3.0,5.0,48.1,8.0,2.0,0.3,0.0,0.0,387.0,457.0,0.8,0.0,8.0,0.0,39.0,15.0,0.4,3.0,4.0,10.0,0.4,5.0,12.0,12.0,638148,2023-04-26 19:00:00,2023
Southampton,9.0,0.0,0.0,4.0,6.0,1.0,56.5,11.0,2.0,0.2,0.0,0.0,411.0,501.0,0.8,4.0,24.0,0.2,54.0,23.0,0.4,3.0,15.0,19.0,0.8,13.0,18.0,18.0,AFC Bournemouth,11.0,3.0,0.0,2.0,4.0,2.0,43.5,16.0,2.0,0.1,0.0,0.0,305.0,389.0,0.8,3.0,15.0,0.2,52.0,21.0,0.4,10.0,12.0,21.0,0.6,6.0,32.0,32.0,638147,2023-04-27 18:45:00,2023
Everton,8.0,2.0,0.0,3.0,3.0,3.0,39.6,13.0,5.0,0.4,0.0,0.0,196.0,300.0,0.7,3.0,17.0,0.2,60.0,14.0,0.2,3.0,9.0,18.0,0.5,17.0,24.0,24.0,Newcastle United,6.0,1.0,0.0,1.0,14.0,4.0,60.4,15.0,8.0,0.5,0.0,0.0,338.0,452.0,0.7,3.0,21.0,0.1,62.0,30.0,0.5,4.0,7.0,14.0,0.5,9.0,14.0,14.0,638144,2023-04-27 18:45:00,2023
Tottenham Hotspur,8.0,1.0,0.0,2.0,6.0,5.0,39.9,18.0,7.0,0.4,0.0,0.0,315.0,387.0,0.8,4.0,23.0,0.2,43.0,24.0,0.6,4.0,13.0,19.0,0.7,13.0,25.0,25.0,Manchester United,7.0,2.0,0.0,3.0,8.0,5.0,60.1,17.0,8.0,0.5,0.0,0.0,518.0,600.0,0.9,2.0,19.0,0.1,63.0,34.0,0.5,4.0,13.0,16.0,0.8,14.0,18.0,18.0,638139,2023-04-27 19:15:00,2023
Crystal Palace,9.0,1.0,0.0,1.0,8.0,1.0,59.9,16.0,6.0,0.4,1.0,1.0,392.0,498.0,0.8,5.0,20.0,0.3,69.0,28.0,0.4,6.0,13.0,21.0,0.6,5.0,30.0,30.0,West Ham United,17.0,2.0,0.0,1.0,5.0,2.0,40.1,8.0,4.0,0.5,0.0,0.0,219.0,334.0,0.7,3.0,14.0,0.2,63.0,20.0,0.3,1.0,15.0,23.0,0.7,11.0,20.0,20.0,638153,2023-04-29 11:30:00,2023
Brighton & Hove Albion,14.0,1.0,0.0,2.0,2.0,2.0,57.2,22.0,8.0,0.4,0.0,0.0,465.0,527.0,0.9,2.0,7.0,0.3,27.0,10.0,0.4,7.0,9.0,15.0,0.6,9.0,15.0,15.0,Wolverhampton Wanderers,11.0,1.0,0.0,0.0,5.0,2.0,42.8,10.0,2.0,0.2,0.0,0.0,310.0,381.0,0.8,2.0,15.0,0.1,45.0,15.0,0.3,3.0,9.0,16.0,0.6,10.0,13.0,13.0,638154,2023-04-29 14:00:00,2023
Brentford,0.0,0.0,0.0,0.0,0.0,0.0,0.0,0.0,0.0,0.0,0.0,0.0,0.0,0.0,0.0,0.0,0.0,0.0,0.0,0.0,0.0,0.0,0.0,0.0,0.0,0.0,0.0,0.0,Nottingham Forest,0.0,0.0,0.0,0.0,0.0,0.0,0.0,0.0,0.0,0.0,0.0,0.0,0.0,0.0,0.0,0.0,0.0,0.0,0.0,0.0,0.0,0.0,0.0,0.0,0.0,0.0,0.0,0.0,638158,2023-04-29 14:00:00,2023
Newcastle United,7.0,1.0,0.0,1.0,11.0,2.0,63.4,22.0,5.0,0.2,0.0,0.0,408.0,498.0,0.8,10.0,33.0,0.3,54.0,32.0,0.6,8.0,7.0,17.0,0.4,9.0,7.0,7.0,Southampton,10.0,4.0,0.0,2.0,2.0,3.0,36.6,4.0,3.0,0.8,0.0,0.0,208.0,298.0,0.7,0.0,5.0,0.0,54.0,14.0,0.3,0.0,16.0,23.0,0.7,8.0,36.0,36.0,638150,2023-04-30 13:00:00,2023
AFC Bournemouth,12.0,1.0,0.0,2.0,2.0,5.0,42.1,12.0,7.0,0.6,0.0,0.0,271.0,371.0,0.7,2.0,8.0,0.3,70.0,25.0,0.4,3.0,12.0,24.0,0.5,6.0,20.0,20.0,Leeds United,14.0,0.0,0.0,1.0,6.0,3.0,57.9,15.0,6.0,0.4,0.0,0.0,402.0,500.0,0.8,6.0,19.0,0.3,59.0,26.0,0.4,2.0,8.0,19.0,0.4,6.0,14.0,14.0,638155,2023-04-30 13:00:00,2023
Fulham,0.0,0.0,0.0,0.0,0.0,0.0,0.0,0.0,0.0,0.0,0.0,0.0,0.0,0.0,0.0,0.0,0.0,0.0,0.0,0.0,0.0,0.0,0.0,0.0,0.0,0.0,0.0,0.0,Manchester City,10.0,3.0,0.0,1.0,5.0,0.0,62.6,12.0,9.0,0.8,1.0,1.0,563.0,647.0,0.9,3.0,11.0,0.3,72.0,47.0,0.7,0.0,10.0,14.0,0.7,5.0,14.0,14.0,638152,2023-04-30 13:00:00,2023
Manchester United,16.0,2.0,0.0,7.0,1.0,1.0,57.1,14.0,6.0,0.4,0.0,0.0,434.0,511.0,0.8,1.0,6.0,0.2,71.0,36.0,0.5,2.0,11.0,14.0,0.8,12.0,17.0,17.0,Aston Villa,7.0,0.0,0.0,3.0,4.0,5.0,42.9,7.0,1.0,0.1,0.0,0.0,289.0,370.0,0.8,1.0,9.0,0.1,58.0,32.0,0.6,4.0,7.0,15.0,0.5,2.0,18.0,18.0,638157,2023-04-30 13:00:00,2023
Liverpool,12.0,3.0,0.0,0.0,5.0,3.0,67.6,12.0,4.0,0.3,1.0,1.0,639.0,724.0,0.9,6.0,15.0,0.4,68.0,32.0,0.5,4.0,11.0,16.0,0.7,1.0,9.0,9.0,Tottenham Hotspur,6.0,2.0,0.0,5.0,2.0,0.0,32.4,10.0,7.0,0.7,0.0,0.0,250.0,339.0,0.7,4.0,10.0,0.4,54.0,18.0,0.3,0.0,15.0,24.0,0.6,8.0,18.0,18.0,638149,2023-04-30 15:30:00,2023
Leicester City,10.0,4.0,0.0,6.0,2.0,6.0,55.3,15.0,6.0,0.4,0.0,1.0,335.0,452.0,0.7,3.0,11.0,0.3,68.0,21.0,0.3,5.0,10.0,19.0,0.5,6.0,34.0,34.0,Everton,12.0,1.0,0.0,3.0,9.0,3.0,44.7,23.0,8.0,0.3,1.0,1.0,246.0,341.0,0.7,7.0,38.0,0.2,63.0,23.0,0.4,6.0,9.0,15.0,0.6,11.0,18.0,18.0,638151,2023-05-01 19:00:00,2023
Arsenal,10.0,0.0,0.0,1.0,7.0,3.0,54.8,16.0,10.0,0.6,0.0,0.0,470.0,543.0,0.9,4.0,18.0,0.2,39.0,19.0,0.5,3.0,4.0,12.0,0.3,7.0,12.0,12.0,Chelsea,10.0,2.0,0.0,0.0,2.0,6.0,45.2,7.0,4.0,0.6,0.0,0.0,383.0,455.0,0.8,3.0,11.0,0.3,40.0,21.0,0.5,2.0,11.0,15.0,0.7,7.0,22.0,22.0,638156,2023-05-02 19:00:00,2023
Liverpool,0.0,0.0,0.0,0.0,0.0,0.0,0.0,0.0,0.0,0.0,0.0,0.0,0.0,0.0,0.0,0.0,0.0,0.0,0.0,0.0,0.0,0.0,0.0,0.0,0.0,0.0,0.0,0.0,Fulham,0.0,0.0,0.0,0.0,0.0,0.0,0.0,0.0,0.0,0.0,0.0,0.0,0.0,0.0,0.0,0.0,0.0,0.0,0.0,0.0,0.0,0.0,0.0,0.0,0.0,0.0,0.0,0.0,638096,2023-05-03 19:00:00,2023
Manchester City,8.0,0.0,0.0,1.0,6.0,2.0,68.9,16.0,7.0,0.4,0.0,0.0,656.0,723.0,0.9,4.0,25.0,0.2,37.0,17.0,0.5,2.0,9.0,16.0,0.6,5.0,11.0,11.0,West Ham United,0.0,0.0,0.0,0.0,0.0,0.0,0.0,0.0,0.0,0.0,0.0,0.0,0.0,0.0,0.0,0.0,0.0,0.0,0.0,0.0,0.0,0.0,0.0,0.0,0.0,0.0,0.0,0.0,638095,2023-05-03 19:00:00,2023
Brighton & Hove Albion,10.0,4.0,0.0,0.0,8.0,5.0,59.6,22.0,6.0,0.3,1.0,1.0,486.0,563.0,0.9,5.0,14.0,0.4,52.0,33.0,0.6,5.0,8.0,15.0,0.5,10.0,6.0,6.0,Manchester United,14.0,4.0,0.0,2.0,6.0,5.0,40.4,16.0,5.0,0.3,0.0,0.0,291.0,385.0,0.8,1.0,6.0,0.2,48.0,17.0,0.4,5.0,13.0,20.0,0.7,6.0,13.0,13.0,638092,2023-05-04 19:00:00,2023
Tottenham Hotspur,15.0,3.0,0.0,1.0,8.0,2.0,57.5,8.0,3.0,0.4,0.0,0.0,432.0,514.0,0.8,5.0,19.0,0.3,57.0,31.0,0.5,2.0,6.0,13.0,0.5,14.0,21.0,21.0,Crystal Palace,14.0,5.0,0.0,0.0,4.0,2.0,42.5,7.0,2.0,0.3,0.0,0.0,285.0,378.0,0.8,5.0,17.0,0.3,51.0,17.0,0.3,2.0,11.0,15.0,0.7,12.0,16.0,16.0,638160,2023-05-06 14:00:00,2023
AFC Bournemouth,9.0,1.0,0.0,1.0,7.0,2.0,34.0,10.0,4.0,0.4,0.0,0.0,230.0,305.0,0.8,4.0,14.0,0.3,35.0,14.0,0.4,2.0,9.0,16.0,0.6,8.0,25.0,25.0,Chelsea,11.0,3.0,0.0,0.0,7.0,3.0,66.0,11.0,5.0,0.5,0.0,0.0,529.0,600.0,0.9,5.0,22.0,0.2,39.0,25.0,0.6,1.0,11.0,12.0,0.9,9.0,10.0,10.0,638167,2023-05-06 14:00:00,2023
Manchester City,3.0,0.0,0.0,4.0,10.0,1.0,80.9,18.0,6.0,0.3,0.0,1.0,795.0,873.0,0.9,5.0,22.0,0.2,35.0,19.0,0.5,2.0,5.0,7.0,0.7,5.0,7.0,7.0,Leeds United,0.0,0.0,0.0,0.0,0.0,0.0,0.0,0.0,0.0,0.0,0.0,0.0,0.0,0.0,0.0,0.0,0.0,0.0,0.0,0.0,0.0,0.0,0.0,0.0,0.0,0.0,0.0,0.0,638168,2023-05-06 14:00:00,2023
Wolverhampton Wanderers,0.0,0.0,0.0,0.0,0.0,0.0,0.0,0.0,0.0,0.0,0.0,0.0,0.0,0.0,0.0,0.0,0.0,0.0,0.0,0.0,0.0,0.0,0.0,0.0,0.0,0.0,0.0,0.0,Aston Villa,0.0,0.0,0.0,0.0,0.0,0.0,0.0,0.0,0.0,0.0,0.0,0.0,0.0,0.0,0.0,0.0,0.0,0.0,0.0,0.0,0.0,0.0,0.0,0.0,0.0,0.0,0.0,0.0,638163,2023-05-06 14:00:00,2023
Liverpool,19.0,4.0,0.0,1.0,7.0,2.0,53.9,15.0,5.0,0.3,0.0,0.0,308.0,378.0,0.8,2.0,19.0,0.1,49.0,21.0,0.4,4.0,5.0,9.0,0.6,4.0,27.0,27.0,Brentford,10.0,2.0,0.0,2.0,3.0,4.0,46.1,5.0,1.0,0.2,0.0,0.0,244.0,326.0,0.7,1.0,18.0,0.1,74.0,32.0,0.4,1.0,6.0,11.0,0.5,8.0,18.0,18.0,638164,2023-05-06 16:30:00,2023
Newcastle United,16.0,2.0,0.0,0.0,9.0,5.0,54.3,12.0,5.0,0.4,0.0,0.0,315.0,395.0,0.8,7.0,21.0,0.3,42.0,16.0,0.4,3.0,9.0,18.0,0.5,8.0,11.0,11.0,Arsenal,12.0,1.0,0.0,1.0,4.0,5.0,45.7,10.0,6.0,0.6,0.0,0.0,274.0,346.0,0.8,0.0,5.0,0.0,41.0,9.0,0.2,2.0,18.0,23.0,0.8,8.0,24.0,24.0,638162,2023-05-07 15:30:00,2023
West Ham United,0.0,0.0,0.0,0.0,0.0,0.0,0.0,0.0,0.0,0.0,0.0,0.0,0.0,0.0,0.0,0.0,0.0,0.0,0.0,0.0,0.0,0.0,0.0,0.0,0.0,0.0,0.0,0.0,Manchester United,0.0,0.0,0.0,0.0,0.0,0.0,0.0,0.0,0.0,0.0,0.0,0.0,0.0,0.0,0.0,0.0,0.0,0.0,0.0,0.0,0.0,0.0,0.0,0.0,0.0,0.0,0.0,0.0,638159,2023-05-07 18:00:00,2023
Fulham,13.0,0.0,0.0,1.0,2.0,6.0,57.1,17.0,7.0,0.4,0.0,0.0,419.0,511.0,0.8,5.0,10.0,0.5,50.0,24.0,0.5,5.0,14.0,22.0,0.6,6.0,14.0,14.0,Leicester City,15.0,3.0,0.0,4.0,7.0,2.0,42.9,18.0,9.0,0.5,1.0,2.0,292.0,380.0,0.8,4.0,14.0,0.3,58.0,20.0,0.3,5.0,8.0,14.0,0.6,13.0,4.0,4.0,638165,2023-05-08 14:00:00,2023
Brighton & Hove Albion,11.0,1.0,0.0,1.0,15.0,1.0,77.7,23.0,5.0,0.2,0.0,0.0,657.0,741.0,0.9,9.0,44.0,0.2,39.0,28.0,0.7,9.0,7.0,11.0,0.6,6.0,6.0,6.0,Everton,13.0,5.0,0.0,1.0,1.0,4.0,22.3,10.0,5.0,0.5,0.0,0.0,144.0,221.0,0.7,1.0,6.0,0.2,56.0,19.0,0.3,4.0,11.0,19.0,0.6,16.0,53.0,53.0,638166,2023-05-08 16:30:00,2023
Nottingham Forest,16.0,1.0,0.0,3.0,2.0,2.0,35.9,9.0,4.0,0.4,1.0,1.0,213.0,306.0,0.7,1.0,7.0,0.1,47.0,15.0,0.3,2.0,8.0,20.0,0.4,12.0,23.0,23.0,Southampton,10.0,0.0,0.0,1.0,11.0,0.0,64.1,19.0,5.0,0.3,1.0,1.0,448.0,537.0,0.8,9.0,25.0,0.4,45.0,18.0,0.4,5.0,4.0,6.0,0.7,9.0,14.0,14.0,638161,2023-05-08 19:00:00,2023
Leeds United,0.0,0.0,0.0,0.0,0.0,0.0,0.0,0.0,0.0,0.0,0.0,0.0,0.0,0.0,0.0,0.0,0.0,0.0,0.0,0.0,0.0,0.0,0.0,0.0,0.0,0.0,0.0,0.0,Newcastle United,0.0,0.0,0.0,0.0,0.0,0.0,0.0,0.0,0.0,0.0,0.0,0.0,0.0,0.0,0.0,0.0,0.0,0.0,0.0,0.0,0.0,0.0,0.0,0.0,0.0,0.0,0.0,0.0,638171,2023-05-13 11:30:00,2023
Southampton,17.0,2.0,0.0,4.0,1.0,1.0,35.6,5.0,1.0,0.2,0.0,0.0,272.0,349.0,0.8,3.0,9.0,0.3,36.0,14.0,0.4,2.0,9.0,16.0,0.6,9.0,25.0,25.0,Fulham,12.0,0.0,0.0,1.0,8.0,1.0,64.4,9.0,4.0,0.4,0.0,0.0,548.0,626.0,0.9,3.0,20.0,0.2,46.0,30.0,0.7,4.0,5.0,10.0,0.5,10.0,6.0,6.0,638178,2023-05-13 14:00:00,2023
Chelsea,13.0,3.0,0.0,1.0,2.0,0.0,76.1,14.0,6.0,0.4,0.0,0.0,631.0,708.0,0.9,4.0,17.0,0.2,45.0,28.0,0.6,5.0,9.0,14.0,0.6,3.0,17.0,17.0,Nottingham Forest,15.0,1.0,0.0,2.0,5.0,4.0,23.9,11.0,2.0,0.2,0.0,0.0,132.0,217.0,0.6,4.0,11.0,0.4,52.0,11.0,0.2,2.0,15.0,28.0,0.5,17.0,25.0,25.0,638174,2023-05-13 14:00:00,2023
Crystal Palace,5.0,0.0,0.0,2.0,11.0,0.0,59.8,17.0,5.0,0.3,0.0,0.0,517.0,604.0,0.9,7.0,24.0,0.3,48.0,25.0,0.5,5.0,16.0,22.0,0.7,9.0,9.0,9.0,AFC Bournemouth,12.0,2.0,0.0,1.0,2.0,3.0,40.2,5.0,0.0,0.0,0.0,0.0,330.0,410.0,0.8,3.0,5.0,0.6,46.0,23.0,0.5,4.0,10.0,20.0,0.5,11.0,33.0,33.0,638173,2023-05-13 14:00:00,2023
Manchester United,0.0,0.0,0.0,0.0,0.0,0.0,0.0,0.0,0.0,0.0,0.0,0.0,0.0,0.0,0.0,0.0,0.0,0.0,0.0,0.0,0.0,0.0,0.0,0.0,0.0,0.0,0.0,0.0,Wolverhampton Wanderers,0.0,0.0,0.0,0.0,0.0,0.0,0.0,0.0,0.0,0.0,0.0,0.0,0.0,0.0,0.0,0.0,0.0,0.0,0.0,0.0,0.0,0.0,0.0,0.0,0.0,0.0,0.0,0.0,638169,2023-05-13 14:00:00,2023
Aston Villa,9.0,3.0,0.0,2.0,8.0,1.0,48.7,8.0,4.0,0.5,0.0,0.0,350.0,412.0,0.9,7.0,18.0,0.4,35.0,17.0,0.5,0.0,8.0,11.0,0.7,11.0,14.0,14.0,Tottenham Hotspur,14.0,3.0,0.0,9.0,3.0,2.0,51.3,5.0,2.0,0.4,1.0,1.0,371.0,435.0,0.9,2.0,14.0,0.1,44.0,20.0,0.5,1.0,7.0,16.0,0.4,12.0,14.0,14.0,638176,2023-05-13 14:00:00,2023
Brentford,0.0,0.0,0.0,0.0,0.0,0.0,0.0,0.0,0.0,0.0,0.0,0.0,0.0,0.0,0.0,0.0,0.0,0.0,0.0,0.0,0.0,0.0,0.0,0.0,0.0,0.0,0.0,0.0,West Ham United,0.0,0.0,0.0,0.0,0.0,0.0,0.0,0.0,0.0,0.0,0.0,0.0,0.0,0.0,0.0,0.0,0.0,0.0,0.0,0.0,0.0,0.0,0.0,0.0,0.0,0.0,0.0,0.0,638175,2023-05-14 13:00:00,2023
Everton,0.0,0.0,0.0,0.0,0.0,0.0,0.0,0.0,0.0,0.0,0.0,0.0,0.0,0.0,0.0,0.0,0.0,0.0,0.0,0.0,0.0,0.0,0.0,0.0,0.0,0.0,0.0,0.0,Manchester City,0.0,0.0,0.0,0.0,0.0,0.0,0.0,0.0,0.0,0.0,0.0,0.0,0.0,0.0,0.0,0.0,0.0,0.0,0.0,0.0,0.0,0.0,0.0,0.0,0.0,0.0,0.0,0.0,638172,2023-05-14 13:00:00,2023
Arsenal,13.0,1.0,0.0,1.0,5.0,3.0,40.9,14.0,2.0,0.1,0.0,0.0,276.0,360.0,0.8,2.0,11.0,0.2,43.0,14.0,0.3,4.0,6.0,20.0,0.3,7.0,6.0,6.0,Brighton & Hove Albion,17.0,2.0,0.0,4.0,2.0,2.0,59.1,12.0,6.0,0.5,0.0,0.0,446.0,535.0,0.8,0.0,5.0,0.0,49.0,22.0,0.4,1.0,9.0,15.0,0.6,8.0,13.0,13.0,638177,2023-05-14 15:30:00,2023
Leicester City,11.0,2.0,0.0,3.0,4.0,2.0,33.1,4.0,4.0,1.0,0.0,0.0,230.0,331.0,0.7,0.0,8.0,0.0,66.0,27.0,0.4,0.0,17.0,36.0,0.5,14.0,16.0,16.0,Liverpool,17.0,1.0,0.0,4.0,4.0,4.0,66.9,16.0,5.0,0.3,0.0,0.0,576.0,675.0,0.9,6.0,13.0,0.5,49.0,25.0,0.5,5.0,12.0,18.0,0.7,6.0,9.0,9.0,638170,2023-05-15 19:00:00,2023
Newcastle United,17.0,2.0,0.0,1.0,6.0,1.0,33.7,22.0,9.0,0.4,0.0,0.0,180.0,254.0,0.7,7.0,13.0,0.5,58.0,18.0,0.3,7.0,10.0,11.0,0.9,9.0,9.0,9.0,Brighton & Hove Albion,16.0,4.0,0.0,2.0,1.0,5.0,66.3,8.0,2.0,0.3,0.0,0.0,438.0,521.0,0.8,2.0,5.0,0.4,44.0,18.0,0.4,3.0,10.0,14.0,0.7,2.0,16.0,16.0,638061,2023-05-18 18:30:00,2023
Tottenham Hotspur,0.0,0.0,0.0,0.0,0.0,0.0,0.0,0.0,0.0,0.0,0.0,0.0,0.0,0.0,0.0,0.0,0.0,0.0,0.0,0.0,0.0,0.0,0.0,0.0,0.0,0.0,0.0,0.0,Brentford,0.0,0.0,0.0,0.0,0.0,0.0,0.0,0.0,0.0,0.0,0.0,0.0,0.0,0.0,0.0,0.0,0.0,0.0,0.0,0.0,0.0,0.0,0.0,0.0,0.0,0.0,0.0,0.0,638183,2023-05-20 11:30:00,2023
Wolverhampton Wanderers,0.0,0.0,0.0,0.0,0.0,0.0,0.0,0.0,0.0,0.0,0.0,0.0,0.0,0.0,0.0,0.0,0.0,0.0,0.0,0.0,0.0,0.0,0.0,0.0,0.0,0.0,0.0,0.0,Everton,0.0,0.0,0.0,0.0,0.0,0.0,0.0,0.0,0.0,0.0,0.0,0.0,0.0,0.0,0.0,0.0,0.0,0.0,0.0,0.0,0.0,0.0,0.0,0.0,0.0,0.0,0.0,0.0,638181,2023-05-20 14:00:00,2023
Fulham,13.0,3.0,0.0,2.0,7.0,3.0,49.5,11.0,4.0,0.4,1.0,1.0,265.0,352.0,0.8,6.0,23.0,0.3,51.0,22.0,0.4,4.0,7.0,16.0,0.4,9.0,21.0,21.0,Crystal Palace,12.0,0.0,0.0,2.0,4.0,2.0,50.5,11.0,5.0,0.5,0.0,0.0,291.0,371.0,0.8,4.0,15.0,0.3,53.0,22.0,0.4,3.0,4.0,12.0,0.3,9.0,17.0,17.0,638188,2023-05-20 14:00:00,2023
AFC Bournemouth,0.0,0.0,0.0,0.0,0.0,0.0,0.0,0.0,0.0,0.0,0.0,0.0,0.0,0.0,0.0,0.0,0.0,0.0,0.0,0.0,0.0,0.0,0.0,0.0,0.0,0.0,0.0,0.0,Manchester United,0.0,0.0,0.0,0.0,0.0,0.0,0.0,0.0,0.0,0.0,0.0,0.0,0.0,0.0,0.0,0.0,0.0,0.0,0.0,0.0,0.0,0.0,0.0,0.0,0.0,0.0,0.0,0.0,638179,2023-05-20 14:00:00,2023
Liverpool,16.0,3.0,0.0,4.0,9.0,2.0,66.3,10.0,5.0,0.5,0.0,0.0,430.0,510.0,0.8,9.0,41.0,0.2,53.0,26.0,0.5,4.0,11.0,18.0,0.6,8.0,20.0,20.0,Aston Villa,13.0,5.0,0.0,1.0,4.0,4.0,33.7,6.0,3.0,0.5,0.0,1.0,178.0,267.0,0.7,3.0,11.0,0.3,65.0,15.0,0.2,1.0,15.0,29.0,0.5,15.0,38.0,38.0,638187,2023-05-20 14:00:00,2023
Nottingham Forest,11.0,3.0,0.0,1.0,3.0,3.0,18.3,6.0,2.0,0.3,0.0,0.0,80.0,161.0,0.5,0.0,7.0,0.0,60.0,16.0,0.3,1.0,12.0,18.0,0.7,12.0,23.0,23.0,Arsenal,12.0,2.0,0.0,1.0,6.0,1.0,81.7,11.0,3.0,0.3,0.0,0.0,644.0,724.0,0.9,1.0,19.0,0.1,30.0,10.0,0.3,1.0,3.0,8.0,0.4,6.0,12.0,12.0,638184,2023-05-20 16:30:00,2023
West Ham United,6.0,1.0,0.0,1.0,9.0,2.0,58.8,19.0,9.0,0.5,0.0,0.0,419.0,518.0,0.8,4.0,21.0,0.2,54.0,27.0,0.5,6.0,8.0,11.0,0.7,11.0,22.0,22.0,Leeds United,11.0,3.0,0.0,1.0,5.0,6.0,41.2,12.0,3.0,0.3,0.0,0.0,255.0,350.0,0.7,5.0,29.0,0.2,64.0,20.0,0.3,3.0,14.0,23.0,0.6,6.0,21.0,21.0,638182,2023-05-21 12:30:00,2023
Brighton & Hove Albion,8.0,2.0,0.0,1.0,4.0,0.0,63.0,26.0,8.0,0.3,0.0,0.0,575.0,627.0,0.9,4.0,20.0,0.2,20.0,13.0,0.7,7.0,9.0,13.0,0.7,5.0,8.0,8.0,Southampton,9.0,5.0,0.0,1.0,3.0,5.0,37.0,5.0,1.0,0.2,0.0,0.0,293.0,368.0,0.8,2.0,8.0,0.3,53.0,14.0,0.3,1.0,10.0,16.0,0.6,14.0,19.0,19.0,638180,2023-05-21 13:00:00,2023
Manchester City,12.0,0.0,0.0,2.0,5.0,6.0,64.6,15.0,2.0,0.1,0.0,0.0,633.0,692.0,0.9,2.0,12.0,0.2,40.0,23.0,0.6,6.0,6.0,8.0,0.8,4.0,11.0,11.0,Chelsea,9.0,2.0,0.0,2.0,2.0,1.0,35.4,13.0,6.0,0.5,0.0,0.0,330.0,380.0,0.9,3.0,10.0,0.3,42.0,20.0,0.5,3.0,12.0,17.0,0.7,6.0,13.0,13.0,638186,2023-05-21 15:00:00,2023
Newcastle United,9.0,2.0,0.0,1.0,12.0,1.0,77.6,23.0,4.0,0.2,0.0,0.0,628.0,702.0,0.9,4.0,33.0,0.1,47.0,34.0,0.7,6.0,2.0,6.0,0.3,4.0,9.0,9.0,Leicester City,5.0,0.0,0.0,0.0,1.0,3.0,22.4,1.0,1.0,1.0,0.0,0.0,123.0,209.0,0.6,1.0,5.0,0.2,64.0,17.0,0.3,0.0,8.0,17.0,0.5,5.0,45.0,45.0,638185,2023-05-22 19:00:00,2023
Brighton & Hove Albion,16.0,2.0,0.0,2.0,5.0,3.0,39.6,20.0,7.0,0.4,0.0,0.0,325.0,386.0,0.8,9.0,18.0,0.5,40.0,25.0,0.6,7.0,6.0,12.0,0.5,11.0,6.0,6.0,Manchester City,11.0,1.0,0.0,0.0,1.0,6.0,60.4,13.0,4.0,0.3,0.0,0.0,540.0,607.0,0.9,5.0,10.0,0.5,40.0,26.0,0.7,3.0,4.0,12.0,0.3,3.0,12.0,12.0,638132,2023-05-24 19:00:00,2023
Manchester United,12.0,1.0,0.0,0.0,3.0,4.0,41.1,18.0,9.0,0.5,1.0,1.0,368.0,438.0,0.8,1.0,4.0,0.3,37.0,24.0,0.6,5.0,10.0,19.0,0.5,4.0,11.0,11.0,Chelsea,6.0,1.0,0.0,0.0,4.0,5.0,58.9,14.0,5.0,0.4,0.0,0.0,558.0,617.0,0.9,6.0,14.0,0.4,37.0,21.0,0.6,4.0,13.0,21.0,0.6,6.0,8.0,8.0,638137,2023-05-25 19:00:00,2023
Aston Villa,15.0,4.0,0.0,0.0,4.0,3.0,40.3,12.0,5.0,0.4,0.0,0.0,213.0,283.0,0.8,2.0,13.0,0.2,43.0,14.0,0.3,2.0,6.0,14.0,0.4,12.0,7.0,7.0,Brighton & Hove Albion,16.0,4.0,0.0,6.0,3.0,3.0,59.7,8.0,4.0,0.5,0.0,0.0,357.0,427.0,0.8,2.0,7.0,0.3,27.0,18.0,0.7,1.0,2.0,13.0,0.2,3.0,14.0,14.0,638197,2023-05-28 15:30:00,2023
Leeds United,0.0,0.0,0.0,0.0,0.0,0.0,0.0,0.0,0.0,0.0,0.0,0.0,0.0,0.0,0.0,0.0,0.0,0.0,0.0,0.0,0.0,0.0,0.0,0.0,0.0,0.0,0.0,0.0,Tottenham Hotspur,0.0,0.0,0.0,0.0,0.0,0.0,0.0,0.0,0.0,0.0,0.0,0.0,0.0,0.0,0.0,0.0,0.0,0.0,0.0,0.0,0.0,0.0,0.0,0.0,0.0,0.0,0.0,0.0,638192,2023-05-28 15:30:00,2023
Everton,0.0,0.0,0.0,0.0,0.0,0.0,0.0,0.0,0.0,0.0,0.0,0.0,0.0,0.0,0.0,0.0,0.0,0.0,0.0,0.0,0.0,0.0,0.0,0.0,0.0,0.0,0.0,0.0,AFC Bournemouth,0.0,0.0,0.0,0.0,0.0,0.0,0.0,0.0,0.0,0.0,0.0,0.0,0.0,0.0,0.0,0.0,0.0,0.0,0.0,0.0,0.0,0.0,0.0,0.0,0.0,0.0,0.0,0.0,638198,2023-05-28 15:30:00,2023
Arsenal,8.0,0.0,0.0,1.0,8.0,0.0,51.0,14.0,8.0,0.6,0.0,0.0,406.0,456.0,0.9,1.0,14.0,0.1,32.0,17.0,0.5,2.0,14.0,17.0,0.8,2.0,14.0,14.0,Wolverhampton Wanderers,11.0,0.0,0.0,0.0,4.0,3.0,49.0,6.0,0.0,0.0,0.0,0.0,380.0,432.0,0.9,3.0,15.0,0.2,40.0,19.0,0.5,2.0,4.0,9.0,0.4,2.0,22.0,22.0,638189,2023-05-28 15:30:00,2023
Chelsea,0.0,0.0,0.0,0.0,0.0,0.0,0.0,0.0,0.0,0.0,0.0,0.0,0.0,0.0,0.0,0.0,0.0,0.0,0.0,0.0,0.0,0.0,0.0,0.0,0.0,0.0,0.0,0.0,Newcastle United,0.0,0.0,0.0,0.0,0.0,0.0,0.0,0.0,0.0,0.0,0.0,0.0,0.0,0.0,0.0,0.0,0.0,0.0,0.0,0.0,0.0,0.0,0.0,0.0,0.0,0.0,0.0,0.0,638195,2023-05-28 15:30:00,2023
Leicester City,8.0,1.0,0.0,2.0,3.0,2.0,48.2,13.0,4.0,0.3,0.0,0.0,475.0,541.0,0.9,2.0,11.0,0.2,44.0,18.0,0.4,3.0,7.0,11.0,0.6,7.0,17.0,17.0,West Ham United,10.0,1.0,0.0,3.0,5.0,2.0,51.8,16.0,3.0,0.2,0.0,0.0,501.0,565.0,0.9,4.0,27.0,0.1,43.0,26.0,0.6,4.0,10.0,17.0,0.6,3.0,17.0,17.0,638191,2023-05-28 15:30:00,2023
Crystal Palace,9.0,0.0,0.0,2.0,5.0,3.0,66.0,15.0,3.0,0.2,0.0,0.0,461.0,538.0,0.9,8.0,20.0,0.4,44.0,19.0,0.4,4.0,6.0,15.0,0.4,2.0,13.0,13.0,Nottingham Forest,13.0,2.0,0.0,2.0,4.0,2.0,34.0,7.0,4.0,0.6,0.0,0.0,193.0,276.0,0.7,4.0,8.0,0.5,64.0,25.0,0.4,1.0,10.0,19.0,0.5,6.0,19.0,19.0,638194,2023-05-28 15:30:00,2023
Southampton,0.0,0.0,0.0,0.0,0.0,0.0,0.0,0.0,0.0,0.0,0.0,0.0,0.0,0.0,0.0,0.0,0.0,0.0,0.0,0.0,0.0,0.0,0.0,0.0,0.0,0.0,0.0,0.0,Liverpool,0.0,0.0,0.0,0.0,0.0,0.0,0.0,0.0,0.0,0.0,0.0,0.0,0.0,0.0,0.0,0.0,0.0,0.0,0.0,0.0,0.0,0.0,0.0,0.0,0.0,0.0,0.0,0.0,638193,2023-05-28 15:30:00,2023
Brentford,12.0,4.0,0.0,3.0,3.0,2.0,34.4,11.0,4.0,0.4,0.0,0.0,256.0,323.0,0.8,6.0,15.0,0.4,50.0,26.0,0.5,3.0,11.0,17.0,0.6,10.0,17.0,17.0,Manchester City,8.0,0.0,0.0,0.0,4.0,3.0,65.6,17.0,3.0,0.2,0.0,0.0,570.0,635.0,0.9,1.0,8.0,0.1,40.0,22.0,0.6,8.0,5.0,14.0,0.4,7.0,15.0,15.0,638196,2023-05-28 15:30:00,2023
Manchester United,0.0,0.0,0.0,0.0,0.0,0.0,0.0,0.0,0.0,0.0,0.0,0.0,0.0,0.0,0.0,0.0,0.0,0.0,0.0,0.0,0.0,0.0,0.0,0.0,0.0,0.0,0.0,0.0,Fulham,0.0,0.0,0.0,0.0,0.0,0.0,0.0,0.0,0.0,0.0,0.0,0.0,0.0,0.0,0.0,0.0,0.0,0.0,0.0,0.0,0.0,0.0,0.0,0.0,0.0,0.0,0.0,0.0,638190,2023-05-28 15:30:00,2023
Burnley,11.0,0.0,1.0,0.0,6.0,5.0,34.4,6.0,1.0,0.2,0.0,0.0,290.0,365.0,0.8,3.0,7.0,0.4,53.0,24.0,0.5,2.0,8.0,12.0,0.7,7.0,16.0,16.0,Manchester City,8.0,0.0,0.0,1.0,5.0,1.0,65.6,17.0,8.0,0.5,0.0,0.0,634.0,706.0,0.9,4.0,15.0,0.3,64.0,34.0,0.5,5.0,12.0,17.0,0.7,4.0,6.0,6.0,671031,2023-08-11 19:00:00,2023
Arsenal,12.0,2.0,0.0,2.0,8.0,1.0,78.3,15.0,7.0,0.5,0.0,0.0,693.0,769.0,0.9,3.0,14.0,0.2,33.0,15.0,0.5,5.0,15.0,19.0,0.8,7.0,9.0,9.0,Nottingham Forest,12.0,2.0,0.0,1.0,3.0,5.0,21.7,6.0,2.0,0.3,0.0,0.0,137.0,200.0,0.7,1.0,6.0,0.2,43.0,19.0,0.4,1.0,10.0,17.0,0.6,8.0,16.0,16.0,671032,2023-08-12 12:00:00,2023
Brighton & Hove Albion,11.0,2.0,0.0,2.0,6.0,2.0,70.7,27.0,12.0,0.4,1.0,1.0,551.0,605.0,0.9,7.0,23.0,0.3,30.0,17.0,0.6,5.0,10.0,13.0,0.8,4.0,13.0,13.0,Luton Town,12.0,2.0,0.0,3.0,7.0,8.0,29.3,9.0,3.0,0.3,1.0,1.0,168.0,234.0,0.7,6.0,22.0,0.3,60.0,31.0,0.5,2.0,12.0,17.0,0.7,9.0,27.0,27.0,671034,2023-08-12 14:00:00,2023
Sheffield United,18.0,3.0,0.0,2.0,5.0,7.0,32.2,8.0,1.0,0.1,0.0,0.0,162.0,262.0,0.6,3.0,14.0,0.2,68.0,16.0,0.2,3.0,11.0,22.0,0.5,11.0,34.0,34.0,Crystal Palace,11.0,0.0,0.0,2.0,5.0,1.0,67.8,24.0,8.0,0.3,0.0,0.0,466.0,562.0,0.8,6.0,17.0,0.4,54.0,27.0,0.5,8.0,9.0,21.0,0.4,4.0,14.0,14.0,671036,2023-08-12 14:00:00,2023
AFC Bournemouth,9.0,1.0,0.0,0.0,10.0,1.0,62.9,14.0,5.0,0.4,0.0,0.0,423.0,517.0,0.8,2.0,23.0,0.1,65.0,25.0,0.4,3.0,6.0,17.0,0.4,7.0,10.0,10.0,West Ham United,14.0,4.0,0.0,2.0,4.0,4.0,37.1,16.0,3.0,0.2,0.0,0.0,206.0,304.0,0.7,5.0,14.0,0.4,58.0,21.0,0.4,4.0,19.0,30.0,0.6,6.0,29.0,29.0,671033,2023-08-12 14:00:00,2023
Everton,12.0,0.0,0.0,6.0,10.0,1.0,40.6,19.0,9.0,0.5,0.0,0.0,288.0,366.0,0.8,5.0,26.0,0.2,64.0,30.0,0.5,4.0,6.0,13.0,0.5,13.0,16.0,16.0,Fulham,6.0,2.0,0.0,3.0,4.0,9.0,59.4,9.0,2.0,0.2,0.0,0.0,470.0,556.0,0.8,3.0,11.0,0.3,45.0,26.0,0.6,1.0,4.0,10.0,0.4,4.0,29.0,29.0,671035,2023-08-12 14:00:00,2023
Newcastle United,12.0,4.0,0.0,2.0,6.0,5.0,52.6,17.0,13.0,0.8,0.0,0.0,428.0,502.0,0.9,5.0,11.0,0.5,42.0,15.0,0.4,2.0,9.0,16.0,0.6,7.0,12.0,12.0,Aston Villa,17.0,4.0,0.0,0.0,5.0,7.0,47.4,16.0,6.0,0.4,0.0,0.0,382.0,447.0,0.9,4.0,16.0,0.3,30.0,17.0,0.6,3.0,10.0,13.0,0.8,6.0,14.0,14.0,671037,2023-08-12 16:30:00,2023
Brentford,12.0,1.0,0.0,1.0,3.0,4.0,30.4,11.0,6.0,0.5,1.0,1.0,235.0,306.0,0.8,3.0,13.0,0.2,58.0,28.0,0.5,3.0,9.0,17.0,0.5,8.0,34.0,34.0,Tottenham Hotspur,13.0,4.0,0.0,0.0,6.0,4.0,69.6,18.0,6.0,0.3,0.0,0.0,638.0,711.0,0.9,3.0,23.0,0.1,30.0,11.0,0.4,6.0,10.0,16.0,0.6,10.0,17.0,17.0,671038,2023-08-13 13:00:00,2023
Chelsea,5.0,3.0,0.0,3.0,4.0,0.0,64.9,10.0,4.0,0.4,0.0,0.0,610.0,698.0,0.9,7.0,26.0,0.3,56.0,36.0,0.6,2.0,9.0,13.0,0.7,7.0,16.0,16.0,Liverpool,13.0,3.0,0.0,5.0,4.0,4.0,35.1,13.0,1.0,0.1,0.0,0.0,301.0,377.0,0.8,3.0,12.0,0.3,46.0,17.0,0.4,5.0,9.0,19.0,0.5,10.0,36.0,36.0,671039,2023-08-13 15:30:00,2023
Manchester United,15.0,2.0,0.0,1.0,8.0,6.0,51.0,15.0,3.0,0.2,0.0,0.0,383.0,465.0,0.8,3.0,17.0,0.2,42.0,17.0,0.4,8.0,11.0,18.0,0.6,8.0,20.0,20.0,Wolverhampton Wanderers,10.0,3.0,0.0,3.0,7.0,2.0,49.0,23.0,6.0,0.3,0.0,0.0,355.0,439.0,0.8,10.0,23.0,0.4,44.0,22.0,0.5,10.0,10.0,23.0,0.4,18.0,19.0,19.0,671040,2023-08-14 19:00:00,2023
Nottingham Forest,5.0,2.0,0.0,3.0,6.0,2.0,49.9,16.0,4.0,0.3,0.0,0.0,343.0,436.0,0.8,8.0,21.0,0.4,57.0,28.0,0.5,5.0,11.0,20.0,0.6,14.0,24.0,24.0,Sheffield United,9.0,3.0,0.0,2.0,7.0,2.0,50.1,7.0,3.0,0.4,0.0,0.0,328.0,437.0,0.8,4.0,20.0,0.2,62.0,21.0,0.3,1.0,15.0,22.0,0.7,17.0,15.0,15.0,671047,2023-08-18 18:45:00,2023
Wolverhampton Wanderers,14.0,3.0,1.0,4.0,5.0,4.0,46.4,16.0,5.0,0.3,0.0,0.0,389.0,462.0,0.8,4.0,16.0,0.3,39.0,10.0,0.3,5.0,15.0,20.0,0.8,6.0,6.0,6.0,Brighton & Hove Albion,11.0,6.0,0.0,7.0,3.0,4.0,53.6,16.0,8.0,0.5,0.0,0.0,486.0,552.0,0.9,0.0,9.0,0.0,43.0,24.0,0.6,3.0,17.0,25.0,0.7,10.0,21.0,21.0,671050,2023-08-19 14:00:00,2023
Fulham,13.0,2.0,1.0,1.0,5.0,5.0,54.6,10.0,2.0,0.2,0.0,0.0,396.0,474.0,0.8,1.0,16.0,0.1,52.0,25.0,0.5,4.0,9.0,10.0,0.9,3.0,22.0,22.0,Brentford,12.0,2.0,0.0,4.0,5.0,2.0,45.4,17.0,8.0,0.5,1.0,1.0,325.0,391.0,0.8,5.0,15.0,0.3,45.0,23.0,0.5,2.0,9.0,13.0,0.7,9.0,25.0,25.0,671043,2023-08-19 14:00:00,2023
Liverpool,0.0,0.0,0.0,0.0,0.0,0.0,0.0,0.0,0.0,0.0,0.0,0.0,0.0,0.0,0.0,0.0,0.0,0.0,0.0,0.0,0.0,0.0,0.0,0.0,0.0,0.0,0.0,0.0,AFC Bournemouth,0.0,0.0,0.0,0.0,0.0,0.0,0.0,0.0,0.0,0.0,0.0,0.0,0.0,0.0,0.0,0.0,0.0,0.0,0.0,0.0,0.0,0.0,0.0,0.0,0.0,0.0,0.0,0.0,671044,2023-08-19 14:00:00,2023
Tottenham Hotspur,9.0,1.0,0.0,1.0,5.0,6.0,55.7,17.0,6.0,0.4,0.0,0.0,428.0,502.0,0.9,5.0,16.0,0.3,33.0,21.0,0.6,4.0,9.0,15.0,0.6,5.0,20.0,20.0,Manchester United,8.0,3.0,0.0,4.0,6.0,5.0,44.3,22.0,6.0,0.3,0.0,0.0,332.0,401.0,0.8,5.0,14.0,0.4,40.0,20.0,0.5,9.0,11.0,22.0,0.5,8.0,17.0,17.0,671048,2023-08-19 16:30:00,2023
Manchester City,13.0,1.0,0.0,1.0,3.0,1.0,58.7,14.0,4.0,0.3,0.0,0.0,611.0,684.0,0.9,1.0,7.0,0.1,53.0,32.0,0.6,7.0,7.0,11.0,0.6,4.0,10.0,10.0,Newcastle United,11.0,5.0,0.0,4.0,0.0,3.0,41.3,7.0,1.0,0.1,0.0,0.0,412.0,477.0,0.9,3.0,5.0,0.6,45.0,26.0,0.6,4.0,4.0,10.0,0.4,7.0,11.0,11.0,671046,2023-08-19 19:00:00,2023
Aston Villa,8.0,3.0,0.0,1.0,7.0,2.0,60.4,13.0,7.0,0.5,1.0,1.0,507.0,566.0,0.9,2.0,12.0,0.2,37.0,20.0,0.5,2.0,5.0,9.0,0.6,3.0,17.0,17.0,Everton,12.0,4.0,0.0,1.0,6.0,3.0,39.6,9.0,2.0,0.2,0.0,0.0,294.0,361.0,0.8,3.0,18.0,0.2,56.0,25.0,0.4,4.0,10.0,14.0,0.7,6.0,9.0,9.0,671041,2023-08-20 13:00:00,2023
West Ham United,12.0,2.0,1.0,3.0,3.0,3.0,24.3,12.0,6.0,0.5,1.0,1.0,157.0,227.0,0.7,3.0,9.0,0.3,38.0,12.0,0.3,3.0,6.0,14.0,0.4,18.0,27.0,27.0,Chelsea,9.0,3.0,0.0,2.0,9.0,3.0,75.7,17.0,4.0,0.2,0.0,1.0,630.0,716.0,0.9,10.0,34.0,0.3,17.0,7.0,0.4,4.0,11.0,16.0,0.7,3.0,13.0,13.0,671049,2023-08-20 15:30:00,2023
Crystal Palace,14.0,2.0,0.0,0.0,1.0,2.0,46.9,14.0,2.0,0.1,0.0,0.0,370.0,428.0,0.9,3.0,21.0,0.1,45.0,24.0,0.5,7.0,10.0,14.0,0.7,5.0,18.0,18.0,Arsenal,10.0,1.0,1.0,2.0,8.0,2.0,53.1,14.0,3.0,0.2,1.0,1.0,422.0,489.0,0.9,4.0,21.0,0.2,54.0,24.0,0.4,4.0,7.0,14.0,0.5,8.0,17.0,17.0,671042,2023-08-21 19:00:00,2023
Chelsea,15.0,2.0,0.0,0.0,6.0,1.0,67.2,19.0,8.0,0.4,0.0,0.0,603.0,653.0,0.9,3.0,16.0,0.2,48.0,29.0,0.6,5.0,6.0,10.0,0.6,9.0,12.0,12.0,Luton Town,12.0,3.0,0.0,0.0,4.0,5.0,32.8,11.0,1.0,0.1,0.0,0.0,240.0,306.0,0.8,2.0,18.0,0.1,52.0,17.0,0.3,5.0,10.0,18.0,0.6,5.0,18.0,18.0,671056,2023-08-25 19:00:00,2023
AFC Bournemouth,18.0,1.0,0.0,3.0,6.0,4.0,43.1,11.0,3.0,0.3,0.0,0.0,312.0,391.0,0.8,3.0,22.0,0.1,49.0,25.0,0.5,3.0,8.0,17.0,0.5,8.0,11.0,11.0,Tottenham Hotspur,11.0,3.0,0.0,0.0,2.0,3.0,56.9,17.0,6.0,0.4,0.0,0.0,477.0,537.0,0.9,2.0,10.0,0.2,31.0,16.0,0.5,4.0,14.0,22.0,0.6,12.0,27.0,27.0,671052,2023-08-26 11:30:00,2023
Brentford,9.0,0.0,0.0,2.0,8.0,4.0,59.8,12.0,1.0,0.1,0.0,0.0,439.0,518.0,0.8,7.0,23.0,0.3,54.0,36.0,0.7,7.0,6.0,9.0,0.7,6.0,9.0,9.0,Crystal Palace,15.0,0.0,0.0,2.0,6.0,0.0,40.2,15.0,5.0,0.3,0.0,0.0,283.0,348.0,0.8,6.0,17.0,0.4,35.0,10.0,0.3,6.0,9.0,20.0,0.5,6.0,24.0,24.0,671053,2023-08-26 14:00:00,2023
Manchester United,13.0,4.0,0.0,3.0,11.0,2.0,66.3,18.0,9.0,0.5,1.0,1.0,548.0,637.0,0.9,1.0,23.0,0.0,46.0,20.0,0.4,4.0,9.0,15.0,0.6,7.0,25.0,25.0,Nottingham Forest,11.0,4.0,1.0,2.0,3.0,7.0,33.7,9.0,4.0,0.4,0.0,0.0,228.0,316.0,0.7,2.0,12.0,0.2,53.0,23.0,0.4,2.0,13.0,19.0,0.7,14.0,29.0,29.0,671058,2023-08-26 14:00:00,2023
Arsenal,6.0,0.0,0.0,4.0,8.0,1.0,71.1,19.0,11.0,0.6,1.0,1.0,614.0,680.0,0.9,8.0,32.0,0.3,49.0,34.0,0.7,3.0,8.0,14.0,0.6,6.0,10.0,10.0,Fulham,5.0,4.0,1.0,1.0,3.0,8.0,28.9,8.0,3.0,0.4,0.0,0.0,196.0,274.0,0.7,2.0,11.0,0.2,54.0,22.0,0.4,2.0,10.0,18.0,0.6,6.0,38.0,38.0,671051,2023-08-26 14:00:00,2023
Everton,10.0,3.0,0.0,1.0,7.0,2.0,46.8,15.0,7.0,0.5,0.0,0.0,333.0,406.0,0.8,7.0,27.0,0.3,52.0,21.0,0.4,2.0,16.0,26.0,0.6,10.0,7.0,7.0,Wolverhampton Wanderers,14.0,4.0,0.0,1.0,0.0,7.0,53.2,11.0,2.0,0.2,0.0,0.0,396.0,472.0,0.8,5.0,14.0,0.4,67.0,28.0,0.4,4.0,10.0,18.0,0.6,5.0,20.0,20.0,671057,2023-08-26 14:00:00,2023
Brighton & Hove Albion,10.0,1.0,0.0,1.0,17.0,4.0,78.0,25.0,10.0,0.4,0.0,0.0,668.0,749.0,0.9,10.0,41.0,0.2,38.0,27.0,0.7,10.0,6.0,12.0,0.5,6.0,12.0,12.0,West Ham United,9.0,3.0,0.0,2.0,4.0,9.0,22.0,12.0,7.0,0.6,0.0,0.0,141.0,208.0,0.7,0.0,10.0,0.0,46.0,20.0,0.4,1.0,11.0,15.0,0.7,19.0,42.0,42.0,671054,2023-08-26 16:30:00,2023
Sheffield United,11.0,4.0,0.0,1.0,1.0,7.0,20.5,6.0,2.0,0.3,0.0,0.0,132.0,194.0,0.7,2.0,3.0,0.7,48.0,25.0,0.5,0.0,7.0,11.0,0.6,5.0,29.0,29.0,Manchester City,2.0,0.0,0.0,2.0,12.0,0.0,79.5,30.0,9.0,0.3,0.0,1.0,685.0,742.0,0.9,9.0,35.0,0.3,38.0,25.0,0.7,8.0,8.0,12.0,0.7,4.0,7.0,7.0,671059,2023-08-27 13:00:00,2023
Burnley,12.0,2.0,0.0,5.0,4.0,3.0,56.9,9.0,2.0,0.2,0.0,0.0,528.0,594.0,0.9,5.0,16.0,0.3,33.0,17.0,0.5,1.0,4.0,10.0,0.4,11.0,14.0,14.0,Aston Villa,11.0,0.0,0.0,1.0,6.0,1.0,43.1,16.0,6.0,0.4,0.0,0.0,380.0,454.0,0.8,4.0,11.0,0.4,49.0,21.0,0.4,6.0,11.0,15.0,0.7,6.0,14.0,14.0,671060,2023-08-27 13:00:00,2023
Newcastle United,16.0,1.0,0.0,0.0,5.0,2.0,60.0,23.0,8.0,0.3,0.0,0.0,508.0,590.0,0.9,6.0,13.0,0.5,39.0,18.0,0.5,4.0,12.0,19.0,0.6,5.0,15.0,15.0,Liverpool,10.0,2.0,1.0,1.0,9.0,7.0,40.0,9.0,4.0,0.4,0.0,0.0,307.0,384.0,0.8,4.0,16.0,0.3,49.0,14.0,0.3,2.0,7.0,12.0,0.6,8.0,19.0,19.0,671055,2023-08-27 15:30:00,2023
Luton Town,8.0,1.0,0.0,0.0,9.0,1.0,38.8,16.0,1.0,0.1,0.0,0.0,266.0,366.0,0.7,10.0,31.0,0.3,71.0,24.0,0.3,5.0,12.0,14.0,0.9,7.0,24.0,24.0,West Ham United,13.0,1.0,0.0,6.0,6.0,0.0,61.2,9.0,3.0,0.3,0.0,0.0,507.0,609.0,0.8,1.0,15.0,0.1,69.0,31.0,0.4,2.0,14.0,22.0,0.6,9.0,30.0,30.0,671070,2023-09-01 19:00:00,2023
Sheffield United,11.0,1.0,0.0,1.0,4.0,4.0,45.4,13.0,8.0,0.6,0.0,0.0,286.0,384.0,0.7,4.0,14.0,0.3,65.0,25.0,0.4,1.0,9.0,16.0,0.6,11.0,37.0,37.0,Everton,13.0,2.0,0.0,2.0,6.0,6.0,54.6,16.0,6.0,0.4,0.0,0.0,349.0,459.0,0.8,5.0,24.0,0.2,59.0,26.0,0.4,7.0,18.0,23.0,0.8,7.0,17.0,17.0,671067,2023-09-02 11:30:00,2023
Chelsea,10.0,3.0,0.0,2.0,8.0,2.0,76.1,21.0,2.0,0.1,0.0,0.0,632.0,713.0,0.9,5.0,38.0,0.1,33.0,17.0,0.5,13.0,7.0,16.0,0.4,6.0,11.0,11.0,Nottingham Forest,9.0,4.0,0.0,3.0,0.0,2.0,23.9,7.0,3.0,0.4,0.0,0.0,143.0,230.0,0.6,0.0,4.0,0.0,53.0,17.0,0.3,0.0,11.0,23.0,0.5,9.0,37.0,37.0,671062,2023-09-02 14:00:00,2023
Burnley,15.0,4.0,0.0,2.0,7.0,6.0,46.1,16.0,4.0,0.3,0.0,0.0,376.0,467.0,0.8,5.0,12.0,0.4,59.0,24.0,0.4,6.0,16.0,27.0,0.6,8.0,11.0,11.0,Tottenham Hotspur,9.0,3.0,0.0,1.0,4.0,3.0,53.9,21.0,11.0,0.5,0.0,0.0,488.0,563.0,0.9,3.0,7.0,0.4,44.0,22.0,0.5,7.0,13.0,19.0,0.7,13.0,17.0,17.0,671061,2023-09-02 14:00:00,2023
Brentford,6.0,1.0,0.0,1.0,5.0,3.0,61.1,21.0,7.0,0.3,0.0,0.0,402.0,484.0,0.8,12.0,23.0,0.5,58.0,28.0,0.5,3.0,15.0,22.0,0.7,6.0,16.0,16.0,AFC Bournemouth,13.0,2.0,0.0,1.0,2.0,6.0,38.9,12.0,5.0,0.4,0.0,0.0,224.0,310.0,0.7,2.0,12.0,0.2,63.0,20.0,0.3,2.0,10.0,22.0,0.5,1.0,28.0,28.0,671068,2023-09-02 14:00:00,2023
Manchester City,12.0,2.0,0.0,1.0,4.0,3.0,67.9,7.0,5.0,0.7,1.0,1.0,656.0,733.0,0.9,3.0,9.0,0.3,54.0,36.0,0.7,1.0,10.0,17.0,0.6,8.0,10.0,10.0,Fulham,12.0,4.0,0.0,1.0,5.0,0.0,32.1,6.0,4.0,0.7,0.0,0.0,272.0,336.0,0.8,2.0,11.0,0.2,40.0,22.0,0.6,1.0,9.0,11.0,0.8,7.0,10.0,10.0,671066,2023-09-02 14:00:00,2023
Brighton & Hove Albion,14.0,4.0,0.0,5.0,5.0,2.0,55.8,15.0,6.0,0.4,0.0,0.0,507.0,565.0,0.9,6.0,9.0,0.7,43.0,23.0,0.5,4.0,3.0,8.0,0.4,11.0,12.0,12.0,Newcastle United,17.0,4.0,0.0,0.0,3.0,4.0,44.2,9.0,2.0,0.2,0.0,0.0,371.0,440.0,0.8,2.0,11.0,0.2,43.0,20.0,0.5,3.0,9.0,18.0,0.5,3.0,14.0,14.0,671069,2023-09-02 16:30:00,2023
Crystal Palace,12.0,1.0,0.0,1.0,4.0,2.0,42.9,16.0,11.0,0.7,0.0,0.0,313.0,393.0,0.8,4.0,17.0,0.2,56.0,19.0,0.3,1.0,13.0,24.0,0.5,10.0,20.0,20.0,Wolverhampton Wanderers,12.0,3.0,0.0,2.0,2.0,7.0,57.1,12.0,4.0,0.3,0.0,0.0,434.0,519.0,0.8,5.0,22.0,0.2,51.0,20.0,0.4,2.0,18.0,26.0,0.7,8.0,15.0,15.0,671063,2023-09-03 13:00:00,2023
Liverpool,12.0,0.0,0.0,6.0,7.0,3.0,63.7,17.0,4.0,0.2,0.0,0.0,635.0,694.0,0.9,7.0,13.0,0.5,38.0,23.0,0.6,3.0,9.0,14.0,0.6,8.0,10.0,10.0,Aston Villa,7.0,1.0,0.0,1.0,3.0,2.0,36.3,9.0,3.0,0.3,0.0,0.0,316.0,388.0,0.8,6.0,10.0,0.6,51.0,27.0,0.5,0.0,6.0,15.0,0.4,9.0,16.0,16.0,671064,2023-09-03 13:00:00,2023
Arsenal,8.0,2.0,0.0,2.0,12.0,1.0,54.8,17.0,5.0,0.3,0.0,0.0,464.0,532.0,0.9,6.0,26.0,0.2,32.0,14.0,0.4,8.0,8.0,11.0,0.7,8.0,8.0,8.0,Manchester United,7.0,3.0,0.0,1.0,3.0,2.0,45.2,10.0,2.0,0.2,0.0,0.0,392.0,462.0,0.8,1.0,3.0,0.3,44.0,20.0,0.5,7.0,6.0,15.0,0.4,8.0,27.0,27.0,671065,2023-09-03 15:30:00,2023
Wolverhampton Wanderers,10.0,1.0,0.0,1.0,4.0,3.0,34.2,11.0,2.0,0.2,0.0,0.0,296.0,367.0,0.8,6.0,15.0,0.4,46.0,15.0,0.3,2.0,15.0,22.0,0.7,13.0,24.0,24.0,Liverpool,4.0,3.0,0.0,0.0,4.0,1.0,65.8,16.0,6.0,0.4,0.0,0.0,638.0,729.0,0.9,5.0,18.0,0.3,46.0,23.0,0.5,3.0,16.0,24.0,0.7,9.0,19.0,19.0,671080,2023-09-16 11:30:00,2023
Tottenham Hotspur,13.0,6.0,0.0,2.0,15.0,4.0,70.1,28.0,10.0,0.4,0.0,0.0,545.0,620.0,0.9,7.0,32.0,0.2,33.0,16.0,0.5,9.0,7.0,17.0,0.4,6.0,5.0,5.0,Sheffield United,14.0,5.0,1.0,3.0,2.0,8.0,29.9,7.0,5.0,0.7,0.0,0.0,185.0,269.0,0.7,2.0,6.0,0.3,60.0,27.0,0.5,1.0,10.0,22.0,0.5,10.0,34.0,34.0,671079,2023-09-16 14:00:00,2023
Aston Villa,13.0,5.0,0.0,1.0,4.0,2.0,66.7,16.0,5.0,0.3,1.0,1.0,522.0,604.0,0.9,9.0,29.0,0.3,51.0,34.0,0.7,6.0,11.0,26.0,0.4,7.0,8.0,8.0,Crystal Palace,9.0,3.0,0.0,0.0,2.0,2.0,33.3,6.0,3.0,0.5,0.0,0.0,226.0,303.0,0.7,1.0,14.0,0.1,45.0,15.0,0.3,1.0,13.0,23.0,0.6,12.0,29.0,29.0,671071,2023-09-16 14:00:00,2023
Fulham,6.0,2.0,0.0,0.0,6.0,2.0,77.6,13.0,2.0,0.2,0.0,0.0,733.0,809.0,0.9,7.0,24.0,0.3,45.0,26.0,0.6,6.0,9.0,17.0,0.5,7.0,10.0,10.0,Luton Town,14.0,2.0,0.0,1.0,2.0,1.0,22.4,7.0,2.0,0.3,0.0,0.0,150.0,222.0,0.7,5.0,12.0,0.4,39.0,12.0,0.3,1.0,13.0,20.0,0.7,11.0,17.0,17.0,671074,2023-09-16 14:00:00,2023
West Ham United,7.0,3.0,0.0,1.0,4.0,10.0,31.6,6.0,3.0,0.5,0.0,0.0,276.0,320.0,0.9,4.0,12.0,0.3,32.0,21.0,0.7,1.0,9.0,14.0,0.6,14.0,30.0,30.0,Manchester City,11.0,2.0,0.0,0.0,11.0,2.0,68.4,29.0,15.0,0.5,0.0,0.0,653.0,704.0,0.9,5.0,25.0,0.2,33.0,25.0,0.8,9.0,7.0,11.0,0.6,7.0,5.0,5.0,671078,2023-09-16 14:00:00,2023
Manchester United,0.0,0.0,0.0,0.0,0.0,0.0,0.0,0.0,0.0,0.0,0.0,0.0,0.0,0.0,0.0,0.0,0.0,0.0,0.0,0.0,0.0,0.0,0.0,0.0,0.0,0.0,0.0,0.0,Brighton & Hove Albion,0.0,0.0,0.0,0.0,0.0,0.0,0.0,0.0,0.0,0.0,0.0,0.0,0.0,0.0,0.0,0.0,0.0,0.0,0.0,0.0,0.0,0.0,0.0,0.0,0.0,0.0,0.0,0.0,671075,2023-09-16 14:00:00,2023
Newcastle United,8.0,3.0,0.0,0.0,8.0,2.0,56.3,9.0,2.0,0.2,1.0,1.0,363.0,464.0,0.8,5.0,26.0,0.2,46.0,17.0,0.4,2.0,9.0,12.0,0.8,6.0,19.0,19.0,Brentford,12.0,5.0,0.0,1.0,3.0,1.0,43.7,11.0,2.0,0.2,0.0,0.0,265.0,367.0,0.7,5.0,15.0,0.3,70.0,25.0,0.4,5.0,19.0,30.0,0.6,9.0,28.0,28.0,671077,2023-09-16 16:30:00,2023
AFC Bournemouth,15.0,1.0,0.0,1.0,1.0,6.0,35.3,13.0,4.0,0.3,0.0,0.0,246.0,312.0,0.8,6.0,16.0,0.4,44.0,14.0,0.3,6.0,10.0,14.0,0.7,17.0,24.0,24.0,Chelsea,20.0,5.0,0.0,2.0,7.0,4.0,64.7,14.0,6.0,0.4,0.0,0.0,516.0,590.0,0.9,1.0,14.0,0.1,41.0,27.0,0.7,2.0,5.0,9.0,0.6,5.0,15.0,15.0,671072,2023-09-17 13:00:00,2023
Everton,12.0,1.0,0.0,1.0,1.0,3.0,26.0,8.0,1.0,0.1,0.0,0.0,158.0,235.0,0.7,1.0,5.0,0.2,56.0,17.0,0.3,4.0,13.0,19.0,0.7,10.0,17.0,17.0,Arsenal,10.0,1.0,0.0,4.0,11.0,1.0,74.0,13.0,4.0,0.3,0.0,0.0,595.0,668.0,0.9,6.0,18.0,0.3,50.0,31.0,0.6,6.0,8.0,9.0,0.9,6.0,11.0,11.0,671073,2023-09-17 15:30:00,2023
Nottingham Forest,16.0,2.0,0.0,2.0,5.0,2.0,46.1,14.0,4.0,0.3,0.0,0.0,321.0,407.0,0.8,1.0,18.0,0.1,50.0,20.0,0.4,5.0,9.0,13.0,0.7,6.0,17.0,17.0,Burnley,10.0,3.0,1.0,2.0,4.0,3.0,53.9,10.0,3.0,0.3,0.0,0.0,408.0,487.0,0.8,2.0,18.0,0.1,51.0,23.0,0.5,3.0,7.0,10.0,0.7,7.0,30.0,30.0,671076,2023-09-18 18:45:00,2023
Manchester City,5.0,3.0,1.0,0.0,6.0,3.0,57.4,7.0,4.0,0.6,0.0,0.0,509.0,570.0,0.9,1.0,11.0,0.1,53.0,29.0,0.5,2.0,6.0,8.0,0.8,6.0,23.0,23.0,Nottingham Forest,17.0,7.0,0.0,3.0,6.0,2.0,42.6,10.0,3.0,0.3,0.0,0.0,354.0,414.0,0.9,2.0,17.0,0.1,30.0,21.0,0.7,4.0,11.0,18.0,0.6,8.0,12.0,12.0,671081,2023-09-23 14:00:00,2023
Crystal Palace,10.0,3.0,0.0,3.0,3.0,5.0,50.5,7.0,3.0,0.4,0.0,0.0,388.0,475.0,0.8,2.0,15.0,0.1,58.0,25.0,0.4,2.0,9.0,14.0,0.6,6.0,22.0,22.0,Fulham,15.0,2.0,0.0,1.0,2.0,3.0,49.5,10.0,5.0,0.5,0.0,0.0,383.0,462.0,0.8,2.0,18.0,0.1,54.0,30.0,0.6,2.0,11.0,27.0,0.4,9.0,18.0,18.0,671089,2023-09-23 14:00:00,2023
Luton Town,0.0,0.0,0.0,0.0,0.0,0.0,0.0,0.0,0.0,0.0,0.0,0.0,0.0,0.0,0.0,0.0,0.0,0.0,0.0,0.0,0.0,0.0,0.0,0.0,0.0,0.0,0.0,0.0,Wolverhampton Wanderers,0.0,0.0,0.0,0.0,0.0,0.0,0.0,0.0,0.0,0.0,0.0,0.0,0.0,0.0,0.0,0.0,0.0,0.0,0.0,0.0,0.0,0.0,0.0,0.0,0.0,0.0,0.0,0.0,671082,2023-09-23 14:00:00,2023
Brentford,9.0,2.0,0.0,3.0,1.0,3.0,57.4,12.0,2.0,0.2,0.0,0.0,483.0,588.0,0.8,3.0,11.0,0.3,61.0,25.0,0.4,4.0,15.0,20.0,0.8,7.0,16.0,16.0,Everton,12.0,2.0,0.0,1.0,4.0,1.0,42.6,18.0,6.0,0.3,0.0,0.0,338.0,425.0,0.8,6.0,20.0,0.3,55.0,25.0,0.5,1.0,11.0,16.0,0.7,7.0,20.0,20.0,671086,2023-09-23 16:30:00,2023
Burnley,6.0,1.0,0.0,1.0,9.0,3.0,61.8,12.0,4.0,0.3,0.0,0.0,572.0,647.0,0.9,2.0,24.0,0.1,46.0,23.0,0.5,3.0,6.0,13.0,0.5,7.0,14.0,14.0,Manchester United,12.0,2.0,0.0,3.0,5.0,4.0,38.2,11.0,4.0,0.4,0.0,0.0,322.0,403.0,0.8,5.0,12.0,0.4,45.0,20.0,0.4,5.0,10.0,13.0,0.8,7.0,26.0,26.0,671088,2023-09-23 19:00:00,2023
Arsenal,12.0,3.0,0.0,2.0,11.0,3.0,46.5,13.0,6.0,0.5,1.0,1.0,317.0,377.0,0.8,7.0,20.0,0.4,39.0,21.0,0.5,3.0,12.0,24.0,0.5,11.0,12.0,12.0,Tottenham Hotspur,19.0,4.0,0.0,3.0,4.0,4.0,53.5,13.0,5.0,0.4,0.0,0.0,385.0,449.0,0.9,0.0,10.0,0.0,34.0,15.0,0.4,4.0,15.0,28.0,0.5,6.0,21.0,21.0,671085,2023-09-24 13:00:00,2023
Chelsea,9.0,2.0,1.0,10.0,5.0,6.0,52.7,10.0,4.0,0.4,0.0,0.0,380.0,443.0,0.9,1.0,14.0,0.1,48.0,32.0,0.7,4.0,15.0,23.0,0.7,4.0,24.0,24.0,Aston Villa,11.0,3.0,0.0,1.0,11.0,4.0,47.3,15.0,7.0,0.5,0.0,0.0,328.0,388.0,0.8,2.0,23.0,0.1,51.0,27.0,0.5,5.0,13.0,21.0,0.6,9.0,15.0,15.0,671083,2023-09-24 13:00:00,2023
Brighton & Hove Albion,12.0,3.0,0.0,1.0,4.0,2.0,61.5,13.0,4.0,0.3,0.0,0.0,449.0,519.0,0.9,4.0,13.0,0.3,56.0,30.0,0.5,6.0,15.0,24.0,0.6,10.0,14.0,14.0,AFC Bournemouth,17.0,3.0,0.0,1.0,4.0,2.0,38.5,12.0,4.0,0.3,0.0,0.0,249.0,325.0,0.8,2.0,9.0,0.2,50.0,11.0,0.2,4.0,10.0,23.0,0.4,10.0,14.0,14.0,671087,2023-09-24 13:00:00,2023
Liverpool,12.0,0.0,0.0,2.0,7.0,3.0,64.0,22.0,7.0,0.3,1.0,1.0,572.0,645.0,0.9,5.0,20.0,0.3,39.0,22.0,0.6,7.0,11.0,17.0,0.6,9.0,19.0,19.0,West Ham United,13.0,2.0,0.0,1.0,4.0,4.0,36.0,11.0,4.0,0.4,0.0,0.0,279.0,356.0,0.8,5.0,17.0,0.3,54.0,20.0,0.4,3.0,18.0,24.0,0.8,8.0,28.0,28.0,671090,2023-09-24 13:00:00,2023
Sheffield United,12.0,4.0,0.0,3.0,2.0,7.0,42.2,9.0,1.0,0.1,0.0,0.0,349.0,444.0,0.8,2.0,7.0,0.3,56.0,13.0,0.2,4.0,6.0,19.0,0.3,12.0,24.0,24.0,Newcastle United,8.0,0.0,0.0,1.0,6.0,1.0,57.8,22.0,15.0,0.7,0.0,0.0,522.0,602.0,0.9,6.0,16.0,0.4,44.0,28.0,0.6,4.0,14.0,19.0,0.7,7.0,9.0,9.0,671084,2023-09-24 15:30:00,2023
Aston Villa,19.0,4.0,0.0,0.0,1.0,2.0,38.0,19.0,9.0,0.5,0.0,0.0,250.0,320.0,0.8,1.0,6.0,0.2,45.0,14.0,0.3,6.0,13.0,21.0,0.6,4.0,12.0,12.0,Brighton & Hove Albion,21.0,4.0,0.0,6.0,3.0,4.0,62.0,11.0,3.0,0.3,0.0,0.0,461.0,518.0,0.9,2.0,10.0,0.2,30.0,18.0,0.6,5.0,13.0,19.0,0.7,8.0,12.0,12.0,671098,2023-09-30 11:30:00,2023
Everton,8.0,0.0,0.0,2.0,3.0,0.0,67.6,23.0,5.0,0.2,0.0,0.0,459.0,576.0,0.8,8.0,32.0,0.3,81.0,44.0,0.5,4.0,11.0,23.0,0.5,5.0,14.0,14.0,Luton Town,10.0,1.0,0.0,3.0,6.0,3.0,32.4,9.0,2.0,0.2,0.0,0.0,146.0,275.0,0.5,5.0,12.0,0.4,81.0,30.0,0.4,3.0,14.0,24.0,0.6,10.0,29.0,29.0,671091,2023-09-30 14:00:00,2023
Manchester United,10.0,3.0,0.0,2.0,10.0,1.0,77.1,19.0,4.0,0.2,0.0,0.0,653.0,741.0,0.9,4.0,33.0,0.1,46.0,31.0,0.7,7.0,21.0,32.0,0.7,4.0,11.0,11.0,Crystal Palace,8.0,2.0,0.0,0.0,4.0,3.0,22.9,8.0,2.0,0.3,0.0,0.0,148.0,221.0,0.7,3.0,10.0,0.3,45.0,14.0,0.3,2.0,10.0,26.0,0.4,17.0,36.0,36.0,671092,2023-09-30 14:00:00,2023
Wolverhampton Wanderers,18.0,6.0,0.0,2.0,0.0,7.0,31.9,3.0,1.0,0.3,0.0,0.0,215.0,282.0,0.8,0.0,6.0,0.0,54.0,26.0,0.5,2.0,7.0,12.0,0.6,10.0,28.0,28.0,Manchester City,12.0,5.0,0.0,0.0,6.0,0.0,68.1,23.0,8.0,0.3,0.0,0.0,526.0,597.0,0.9,5.0,21.0,0.2,21.0,13.0,0.6,10.0,6.0,15.0,0.4,4.0,7.0,7.0,671097,2023-09-30 14:00:00,2023
West Ham United,6.0,1.0,0.0,2.0,7.0,2.0,52.4,20.0,9.0,0.5,0.0,0.0,424.0,494.0,0.9,10.0,19.0,0.5,51.0,26.0,0.5,3.0,10.0,16.0,0.6,7.0,18.0,18.0,Sheffield United,9.0,1.0,0.0,3.0,4.0,6.0,47.6,16.0,2.0,0.1,0.0,0.0,364.0,441.0,0.8,7.0,17.0,0.4,45.0,22.0,0.5,8.0,10.0,14.0,0.7,1.0,20.0,20.0,671096,2023-09-30 14:00:00,2023
Newcastle United,7.0,1.0,0.0,1.0,5.0,2.0,52.8,20.0,8.0,0.4,1.0,1.0,414.0,510.0,0.8,6.0,19.0,0.3,41.0,18.0,0.4,6.0,14.0,21.0,0.7,4.0,10.0,10.0,Burnley,15.0,3.0,0.0,3.0,3.0,5.0,47.2,8.0,2.0,0.3,0.0,0.0,364.0,463.0,0.8,1.0,6.0,0.2,58.0,19.0,0.3,5.0,6.0,13.0,0.5,4.0,23.0,23.0,671095,2023-09-30 14:00:00,2023
AFC Bournemouth,11.0,0.0,0.0,2.0,6.0,4.0,42.4,8.0,1.0,0.1,0.0,0.0,317.0,389.0,0.8,2.0,15.0,0.1,41.0,17.0,0.4,4.0,9.0,16.0,0.6,9.0,6.0,6.0,Arsenal,10.0,1.0,0.0,0.0,6.0,1.0,57.6,15.0,8.0,0.5,2.0,2.0,481.0,545.0,0.9,2.0,4.0,0.5,31.0,14.0,0.5,4.0,10.0,28.0,0.4,9.0,14.0,14.0,671099,2023-09-30 14:00:00,2023
Tottenham Hotspur,11.0,5.0,0.0,4.0,12.0,3.0,64.5,24.0,8.0,0.3,0.0,0.0,603.0,662.0,0.9,2.0,29.0,0.1,18.0,13.0,0.7,12.0,19.0,23.0,0.8,11.0,14.0,14.0,Liverpool,17.0,4.0,2.0,1.0,5.0,8.0,35.5,12.0,4.0,0.3,0.0,0.0,281.0,364.0,0.8,6.0,11.0,0.5,54.0,25.0,0.5,3.0,7.0,15.0,0.5,6.0,24.0,24.0,671100,2023-09-30 16:30:00,2023
Nottingham Forest,6.0,1.0,1.0,2.0,1.0,3.0,40.9,6.0,1.0,0.2,0.0,0.0,320.0,407.0,0.8,4.0,12.0,0.3,57.0,21.0,0.4,1.0,11.0,17.0,0.6,6.0,38.0,38.0,Brentford,10.0,2.0,0.0,1.0,11.0,0.0,59.1,18.0,5.0,0.3,0.0,0.0,491.0,578.0,0.8,9.0,29.0,0.3,46.0,19.0,0.4,7.0,7.0,11.0,0.6,10.0,10.0,10.0,671094,2023-10-01 13:00:00,2023
Fulham,15.0,1.0,0.0,2.0,8.0,2.0,55.7,10.0,3.0,0.3,0.0,0.0,493.0,561.0,0.9,6.0,22.0,0.3,62.0,38.0,0.6,3.0,7.0,16.0,0.4,13.0,5.0,5.0,Chelsea,12.0,4.0,0.0,4.0,1.0,3.0,44.3,11.0,4.0,0.4,0.0,0.0,395.0,462.0,0.9,2.0,4.0,0.5,40.0,22.0,0.6,1.0,11.0,24.0,0.5,8.0,26.0,26.0,671093,2023-10-02 19:00:00,2023
Luton Town,14.0,4.0,0.0,3.0,7.0,2.0,48.6,18.0,3.0,0.2,0.0,0.0,254.0,370.0,0.7,13.0,31.0,0.4,88.0,36.0,0.4,5.0,8.0,14.0,0.6,8.0,14.0,14.0,Burnley,6.0,2.0,0.0,3.0,6.0,1.0,51.4,14.0,4.0,0.3,0.0,0.0,295.0,412.0,0.7,2.0,12.0,0.2,79.0,27.0,0.3,2.0,9.0,15.0,0.6,7.0,34.0,34.0,671045,2023-10-03 18:30:00,2023
Luton Town,16.0,2.0,0.0,4.0,5.0,3.0,33.1,12.0,2.0,0.2,0.0,0.0,170.0,252.0,0.7,5.0,26.0,0.2,55.0,26.0,0.5,4.0,15.0,26.0,0.6,12.0,24.0,24.0,Tottenham Hotspur,7.0,1.0,1.0,4.0,6.0,2.0,66.9,15.0,4.0,0.3,0.0,0.0,473.0,553.0,0.9,4.0,13.0,0.3,49.0,17.0,0.3,2.0,14.0,20.0,0.7,9.0,26.0,26.0,671107,2023-10-07 11:30:00,2023
Burnley,11.0,2.0,0.0,4.0,7.0,2.0,37.6,10.0,3.0,0.3,0.0,0.0,328.0,390.0,0.8,1.0,9.0,0.1,43.0,24.0,0.6,4.0,15.0,24.0,0.6,4.0,9.0,9.0,Chelsea,8.0,4.0,0.0,2.0,3.0,2.0,62.4,9.0,5.0,0.6,1.0,1.0,613.0,664.0,0.9,1.0,13.0,0.1,51.0,34.0,0.7,2.0,13.0,22.0,0.6,9.0,9.0,9.0,671103,2023-10-07 14:00:00,2023
Everton,14.0,1.0,0.0,2.0,8.0,3.0,47.4,25.0,8.0,0.3,0.0,0.0,301.0,386.0,0.8,4.0,25.0,0.2,59.0,33.0,0.6,6.0,12.0,28.0,0.4,5.0,18.0,18.0,AFC Bournemouth,15.0,2.0,0.0,0.0,7.0,5.0,52.6,11.0,4.0,0.4,0.0,0.0,344.0,434.0,0.8,8.0,18.0,0.4,64.0,24.0,0.4,4.0,6.0,20.0,0.3,6.0,30.0,30.0,671110,2023-10-07 14:00:00,2023
Fulham,8.0,1.0,0.0,2.0,9.0,2.0,60.3,20.0,6.0,0.3,0.0,0.0,414.0,517.0,0.8,5.0,29.0,0.2,57.0,30.0,0.5,6.0,15.0,24.0,0.6,12.0,13.0,13.0,Sheffield United,10.0,2.0,0.0,1.0,4.0,4.0,39.7,5.0,2.0,0.4,0.0,0.0,237.0,342.0,0.7,4.0,12.0,0.3,68.0,25.0,0.4,1.0,13.0,20.0,0.7,11.0,32.0,32.0,671106,2023-10-07 14:00:00,2023
Manchester United,10.0,0.0,0.0,4.0,7.0,2.0,63.9,21.0,8.0,0.4,0.0,0.0,488.0,557.0,0.9,9.0,36.0,0.3,57.0,41.0,0.7,4.0,2.0,4.0,0.5,10.0,9.0,9.0,Brentford,17.0,5.0,0.0,0.0,5.0,6.0,36.1,11.0,3.0,0.3,0.0,0.0,235.0,326.0,0.7,5.0,8.0,0.6,61.0,19.0,0.3,1.0,11.0,18.0,0.6,16.0,42.0,42.0,671108,2023-10-07 14:00:00,2023
Crystal Palace,7.0,0.0,0.0,0.0,3.0,5.0,52.0,8.0,2.0,0.3,0.0,0.0,463.0,528.0,0.9,3.0,13.0,0.2,46.0,23.0,0.5,2.0,10.0,18.0,0.6,6.0,22.0,22.0,Nottingham Forest,12.0,1.0,0.0,2.0,7.0,2.0,48.0,16.0,5.0,0.3,0.0,0.0,421.0,482.0,0.9,4.0,18.0,0.2,41.0,18.0,0.4,4.0,10.0,20.0,0.5,9.0,25.0,25.0,671104,2023-10-07 16:30:00,2023
Brighton & Hove Albion,12.0,1.0,0.0,1.0,8.0,2.0,46.0,14.0,3.0,0.2,0.0,0.0,355.0,418.0,0.8,4.0,14.0,0.3,40.0,20.0,0.5,6.0,10.0,17.0,0.6,13.0,13.0,13.0,Liverpool,20.0,2.0,0.0,0.0,1.0,1.0,54.0,14.0,4.0,0.3,1.0,1.0,432.0,498.0,0.9,2.0,8.0,0.3,36.0,13.0,0.4,5.0,17.0,22.0,0.8,11.0,19.0,19.0,671102,2023-10-08 13:00:00,2023
West Ham United,11.0,3.0,0.0,2.0,4.0,1.0,35.2,5.0,3.0,0.6,0.0,0.0,229.0,318.0,0.7,1.0,15.0,0.1,61.0,27.0,0.4,0.0,9.0,11.0,0.8,8.0,10.0,10.0,Newcastle United,18.0,3.0,0.0,1.0,2.0,1.0,64.8,10.0,3.0,0.3,0.0,0.0,520.0,603.0,0.9,5.0,12.0,0.4,54.0,27.0,0.5,1.0,6.0,8.0,0.8,3.0,19.0,19.0,671109,2023-10-08 13:00:00,2023
Wolverhampton Wanderers,19.0,3.0,1.0,3.0,2.0,3.0,46.3,8.0,3.0,0.4,0.0,0.0,283.0,358.0,0.8,2.0,10.0,0.2,45.0,22.0,0.5,2.0,7.0,13.0,0.5,5.0,23.0,23.0,Aston Villa,9.0,2.0,0.0,1.0,10.0,2.0,53.7,18.0,4.0,0.2,0.0,0.0,330.0,395.0,0.8,8.0,31.0,0.3,34.0,14.0,0.4,6.0,4.0,7.0,0.6,11.0,9.0,9.0,671105,2023-10-08 13:00:00,2023
Arsenal,8.0,2.0,0.0,2.0,5.0,0.0,49.0,12.0,2.0,0.2,0.0,0.0,433.0,500.0,0.9,2.0,11.0,0.2,45.0,19.0,0.4,4.0,12.0,20.0,0.6,9.0,10.0,10.0,Manchester City,7.0,3.0,0.0,0.0,4.0,1.0,51.0,4.0,1.0,0.3,0.0,0.0,451.0,521.0,0.9,1.0,10.0,0.1,41.0,19.0,0.5,1.0,12.0,22.0,0.5,5.0,14.0,14.0,671101,2023-10-08 15:30:00,2023
Liverpool,9.0,1.0,0.0,2.0,12.0,1.0,77.5,26.0,6.0,0.2,1.0,1.0,649.0,742.0,0.9,7.0,27.0,0.3,53.0,24.0,0.5,11.0,9.0,13.0,0.7,7.0,14.0,14.0,Everton,9.0,1.0,1.0,1.0,4.0,4.0,22.5,6.0,1.0,0.2,0.0,0.0,112.0,213.0,0.5,1.0,6.0,0.2,67.0,20.0,0.3,1.0,14.0,17.0,0.8,14.0,28.0,28.0,671115,2023-10-21 11:30:00,2023
AFC Bournemouth,15.0,2.0,1.0,0.0,3.0,5.0,33.7,7.0,4.0,0.6,0.0,0.0,228.0,303.0,0.8,1.0,14.0,0.1,47.0,14.0,0.3,2.0,12.0,18.0,0.7,8.0,17.0,17.0,Wolverhampton Wanderers,10.0,6.0,0.0,1.0,12.0,3.0,66.3,21.0,7.0,0.3,0.0,0.0,511.0,598.0,0.9,8.0,28.0,0.3,37.0,15.0,0.4,6.0,15.0,26.0,0.6,12.0,15.0,15.0,671112,2023-10-21 14:00:00,2023
Newcastle United,7.0,2.0,0.0,0.0,6.0,3.0,59.5,10.0,7.0,0.7,0.0,0.0,495.0,573.0,0.9,5.0,18.0,0.3,49.0,32.0,0.7,0.0,5.0,8.0,0.6,7.0,15.0,15.0,Crystal Palace,12.0,3.0,0.0,1.0,8.0,3.0,40.5,17.0,3.0,0.2,0.0,0.0,308.0,389.0,0.8,4.0,15.0,0.3,34.0,11.0,0.3,4.0,11.0,20.0,0.6,11.0,23.0,23.0,671117,2023-10-21 14:00:00,2023
Nottingham Forest,12.0,3.0,0.0,2.0,4.0,2.0,57.2,19.0,8.0,0.4,0.0,0.0,378.0,494.0,0.8,9.0,19.0,0.5,53.0,23.0,0.4,2.0,9.0,14.0,0.6,9.0,22.0,22.0,Luton Town,11.0,0.0,0.0,0.0,2.0,6.0,42.8,13.0,4.0,0.3,0.0,0.0,251.0,361.0,0.7,6.0,26.0,0.2,76.0,32.0,0.4,4.0,6.0,9.0,0.7,7.0,25.0,25.0,671118,2023-10-21 14:00:00,2023
Brentford,14.0,5.0,0.0,2.0,5.0,1.0,49.9,23.0,10.0,0.4,0.0,0.0,350.0,443.0,0.8,6.0,21.0,0.3,60.0,24.0,0.4,5.0,11.0,17.0,0.6,8.0,13.0,13.0,Burnley,12.0,2.0,1.0,2.0,5.0,6.0,50.1,6.0,1.0,0.2,0.0,0.0,361.0,437.0,0.8,0.0,14.0,0.0,59.0,25.0,0.4,1.0,4.0,7.0,0.6,11.0,27.0,27.0,671111,2023-10-21 14:00:00,2023
Manchester City,9.0,2.0,1.0,2.0,2.0,2.0,54.5,10.0,6.0,0.6,0.0,0.0,546.0,609.0,0.9,0.0,10.0,0.0,53.0,31.0,0.6,0.0,7.0,14.0,0.5,10.0,9.0,9.0,Brighton & Hove Albion,11.0,2.0,0.0,1.0,2.0,3.0,45.5,5.0,3.0,0.6,0.0,0.0,443.0,506.0,0.9,1.0,7.0,0.1,31.0,16.0,0.5,0.0,5.0,10.0,0.5,12.0,16.0,16.0,671113,2023-10-21 14:00:00,2023
Chelsea,7.0,3.0,0.0,2.0,2.0,1.0,43.3,11.0,5.0,0.5,1.0,1.0,364.0,443.0,0.8,3.0,8.0,0.4,60.0,23.0,0.4,2.0,10.0,17.0,0.6,9.0,17.0,17.0,Arsenal,14.0,3.0,0.0,1.0,7.0,3.0,56.7,13.0,3.0,0.2,0.0,0.0,482.0,570.0,0.8,6.0,16.0,0.4,54.0,28.0,0.5,5.0,9.0,19.0,0.5,9.0,5.0,5.0,671114,2023-10-21 16:30:00,2023
Sheffield United,12.0,3.0,0.0,3.0,5.0,3.0,37.5,12.0,6.0,0.5,1.0,1.0,225.0,332.0,0.7,2.0,15.0,0.1,70.0,25.0,0.4,3.0,8.0,14.0,0.6,14.0,22.0,22.0,Manchester United,10.0,1.0,0.0,4.0,4.0,5.0,62.5,14.0,5.0,0.4,0.0,0.0,449.0,556.0,0.8,3.0,21.0,0.1,63.0,31.0,0.5,3.0,8.0,16.0,0.5,6.0,18.0,18.0,671119,2023-10-21 19:00:00,2023
Aston Villa,8.0,0.0,0.0,2.0,8.0,3.0,58.3,15.0,7.0,0.5,1.0,1.0,444.0,501.0,0.9,4.0,20.0,0.2,36.0,21.0,0.6,2.0,10.0,18.0,0.6,5.0,19.0,19.0,West Ham United,15.0,1.0,0.0,3.0,7.0,3.0,41.7,14.0,4.0,0.3,0.0,0.0,288.0,350.0,0.8,5.0,21.0,0.2,47.0,23.0,0.5,7.0,3.0,5.0,0.6,4.0,17.0,17.0,671120,2023-10-22 15:30:00,2023
Tottenham Hotspur,10.0,2.0,0.0,4.0,3.0,3.0,55.6,15.0,5.0,0.3,0.0,0.0,518.0,593.0,0.9,1.0,11.0,0.1,27.0,15.0,0.6,6.0,12.0,19.0,0.6,6.0,12.0,12.0,Fulham,14.0,0.0,0.0,6.0,5.0,3.0,44.4,10.0,3.0,0.3,0.0,0.0,391.0,463.0,0.8,4.0,19.0,0.2,62.0,41.0,0.7,3.0,11.0,19.0,0.6,12.0,12.0,12.0,671116,2023-10-23 19:00:00,2023
Crystal Palace,19.0,2.0,0.0,1.0,11.0,0.0,24.3,13.0,3.0,0.2,0.0,0.0,148.0,220.0,0.7,5.0,20.0,0.3,51.0,22.0,0.4,6.0,14.0,24.0,0.6,10.0,12.0,12.0,Tottenham Hotspur,11.0,1.0,0.0,3.0,2.0,2.0,75.7,10.0,1.0,0.1,0.0,0.0,669.0,732.0,0.9,2.0,16.0,0.1,44.0,28.0,0.6,5.0,14.0,20.0,0.7,6.0,23.0,23.0,671126,2023-10-27 19:00:00,2023
Chelsea,12.0,1.0,0.0,0.0,10.0,3.0,68.8,17.0,2.0,0.1,0.0,0.0,652.0,730.0,0.9,4.0,23.0,0.2,45.0,25.0,0.6,7.0,8.0,11.0,0.7,13.0,12.0,12.0,Brentford,7.0,4.0,0.0,0.0,1.0,2.0,31.2,7.0,5.0,0.7,0.0,0.0,244.0,333.0,0.7,3.0,6.0,0.5,53.0,18.0,0.3,1.0,10.0,19.0,0.5,7.0,35.0,35.0,671130,2023-10-28 11:30:00,2023
Arsenal,9.0,0.0,0.0,1.0,6.0,0.0,67.1,13.0,8.0,0.6,1.0,1.0,598.0,659.0,0.9,3.0,17.0,0.2,38.0,26.0,0.7,3.0,4.0,10.0,0.4,8.0,8.0,8.0,Sheffield United,13.0,3.0,0.0,1.0,1.0,2.0,32.9,2.0,0.0,0.0,0.0,0.0,241.0,323.0,0.7,0.0,5.0,0.0,57.0,23.0,0.4,1.0,13.0,20.0,0.7,8.0,21.0,21.0,671122,2023-10-28 14:00:00,2023
AFC Bournemouth,9.0,2.0,0.0,3.0,10.0,3.0,44.3,13.0,6.0,0.5,0.0,0.0,277.0,366.0,0.8,4.0,24.0,0.2,40.0,13.0,0.3,3.0,16.0,25.0,0.6,7.0,16.0,16.0,Burnley,12.0,3.0,0.0,1.0,5.0,4.0,55.7,6.0,3.0,0.5,0.0,0.0,373.0,470.0,0.8,1.0,11.0,0.1,65.0,20.0,0.3,1.0,9.0,12.0,0.8,9.0,26.0,26.0,671123,2023-10-28 14:00:00,2023
Wolverhampton Wanderers,13.0,1.0,0.0,2.0,8.0,2.0,43.2,11.0,6.0,0.5,0.0,0.0,321.0,393.0,0.8,2.0,16.0,0.1,47.0,18.0,0.4,3.0,20.0,28.0,0.7,12.0,21.0,21.0,Newcastle United,15.0,4.0,0.0,0.0,7.0,4.0,56.8,13.0,5.0,0.4,1.0,1.0,445.0,516.0,0.9,4.0,16.0,0.3,39.0,18.0,0.5,5.0,12.0,16.0,0.8,10.0,21.0,21.0,671125,2023-10-28 16:30:00,2023
West Ham United,7.0,4.0,0.0,1.0,4.0,3.0,63.7,12.0,2.0,0.2,0.0,0.0,542.0,649.0,0.8,6.0,20.0,0.3,63.0,29.0,0.5,2.0,7.0,17.0,0.4,8.0,13.0,13.0,Everton,11.0,1.0,0.0,3.0,3.0,2.0,36.3,10.0,4.0,0.4,0.0,0.0,275.0,365.0,0.8,7.0,14.0,0.5,60.0,28.0,0.5,2.0,14.0,29.0,0.5,14.0,28.0,28.0,671129,2023-10-29 13:00:00,2023
Brighton & Hove Albion,12.0,0.0,0.0,0.0,7.0,4.0,71.1,18.0,7.0,0.4,0.0,0.0,746.0,823.0,0.9,4.0,15.0,0.3,32.0,15.0,0.5,3.0,15.0,21.0,0.7,6.0,10.0,10.0,Fulham,8.0,3.0,0.0,1.0,3.0,5.0,28.9,10.0,5.0,0.5,0.0,0.0,261.0,331.0,0.8,1.0,11.0,0.1,44.0,21.0,0.5,1.0,17.0,27.0,0.6,19.0,14.0,14.0,671124,2023-10-29 14:00:00,2023
Liverpool,9.0,2.0,0.0,1.0,8.0,1.0,72.6,21.0,8.0,0.4,0.0,0.0,654.0,728.0,0.9,6.0,25.0,0.2,46.0,33.0,0.7,4.0,5.0,12.0,0.4,4.0,11.0,11.0,Nottingham Forest,13.0,3.0,0.0,3.0,3.0,5.0,27.4,9.0,1.0,0.1,0.0,0.0,193.0,266.0,0.7,2.0,12.0,0.2,50.0,22.0,0.4,4.0,10.0,19.0,0.5,11.0,31.0,31.0,671127,2023-10-29 14:00:00,2023
Aston Villa,11.0,3.0,0.0,0.0,6.0,1.0,70.5,17.0,6.0,0.4,0.0,0.0,558.0,617.0,0.9,5.0,16.0,0.3,31.0,16.0,0.5,6.0,8.0,11.0,0.7,3.0,9.0,9.0,Luton Town,10.0,2.0,0.0,6.0,4.0,4.0,29.5,7.0,1.0,0.1,0.0,0.0,188.0,243.0,0.8,5.0,18.0,0.3,45.0,15.0,0.3,4.0,8.0,17.0,0.5,7.0,8.0,8.0,671121,2023-10-29 14:00:00,2023
Manchester United,9.0,4.0,0.0,4.0,7.0,7.0,39.5,7.0,3.0,0.4,0.0,0.0,316.0,391.0,0.8,3.0,16.0,0.2,36.0,20.0,0.6,1.0,8.0,14.0,0.6,6.0,24.0,24.0,Manchester City,5.0,1.0,0.0,0.0,12.0,3.0,60.5,21.0,10.0,0.5,1.0,1.0,542.0,605.0,0.9,2.0,19.0,0.1,55.0,39.0,0.7,5.0,9.0,12.0,0.8,12.0,9.0,9.0,671128,2023-10-29 15:30:00,2023
Fulham,9.0,5.0,0.0,1.0,9.0,4.0,45.0,18.0,3.0,0.2,0.0,0.0,260.0,363.0,0.7,4.0,19.0,0.2,61.0,22.0,0.4,7.0,9.0,14.0,0.6,9.0,21.0,21.0,Manchester United,15.0,2.0,0.0,2.0,4.0,2.0,55.0,12.0,5.0,0.4,0.0,0.0,357.0,454.0,0.8,4.0,14.0,0.3,64.0,29.0,0.5,2.0,9.0,13.0,0.7,6.0,27.0,27.0,671131,2023-11-04 12:30:00,2023
Everton,15.0,4.0,0.0,0.0,3.0,2.0,20.1,10.0,4.0,0.4,0.0,0.0,129.0,208.0,0.6,4.0,13.0,0.3,61.0,27.0,0.4,2.0,8.0,16.0,0.5,6.0,24.0,24.0,Brighton & Hove Albion,5.0,2.0,0.0,3.0,3.0,3.0,79.9,7.0,2.0,0.3,0.0,0.0,778.0,866.0,0.9,2.0,17.0,0.1,45.0,25.0,0.6,1.0,4.0,6.0,0.7,3.0,12.0,12.0,671132,2023-11-04 15:00:00,2023
Manchester City,8.0,0.0,0.0,0.0,12.0,0.0,64.8,21.0,8.0,0.4,0.0,0.0,680.0,731.0,0.9,4.0,18.0,0.2,35.0,25.0,0.7,7.0,4.0,5.0,0.8,4.0,9.0,9.0,AFC Bournemouth,9.0,1.0,0.0,2.0,1.0,2.0,35.2,5.0,1.0,0.2,0.0,0.0,339.0,395.0,0.9,1.0,5.0,0.2,42.0,21.0,0.5,1.0,6.0,7.0,0.9,8.0,21.0,21.0,671136,2023-11-04 15:00:00,2023
Brentford,12.0,1.0,0.0,2.0,4.0,0.0,59.4,16.0,4.0,0.3,0.0,0.0,450.0,560.0,0.8,4.0,20.0,0.2,62.0,35.0,0.6,6.0,3.0,9.0,0.3,5.0,31.0,31.0,West Ham United,14.0,4.0,0.0,0.0,3.0,2.0,40.6,12.0,2.0,0.2,0.0,0.0,265.0,373.0,0.7,3.0,23.0,0.1,68.0,26.0,0.4,2.0,8.0,13.0,0.6,11.0,25.0,25.0,671134,2023-11-04 15:00:00,2023
Sheffield United,13.0,2.0,0.0,0.0,4.0,2.0,38.1,11.0,2.0,0.2,1.0,1.0,201.0,300.0,0.7,3.0,16.0,0.2,55.0,13.0,0.2,3.0,11.0,24.0,0.5,5.0,14.0,14.0,Wolverhampton Wanderers,10.0,3.0,0.0,3.0,4.0,0.0,61.9,10.0,3.0,0.3,0.0,0.0,407.0,501.0,0.8,3.0,10.0,0.3,50.0,20.0,0.4,2.0,7.0,13.0,0.5,6.0,25.0,25.0,671140,2023-11-04 15:00:00,2023
Burnley,9.0,0.0,0.0,2.0,12.0,1.0,67.5,17.0,5.0,0.3,0.0,0.0,500.0,591.0,0.8,7.0,31.0,0.2,56.0,27.0,0.5,2.0,8.0,15.0,0.5,8.0,7.0,7.0,Crystal Palace,12.0,5.0,0.0,0.0,1.0,5.0,32.5,4.0,3.0,0.8,0.0,0.0,214.0,296.0,0.7,1.0,3.0,0.3,60.0,27.0,0.5,1.0,10.0,14.0,0.7,6.0,38.0,38.0,671133,2023-11-04 15:00:00,2023
Newcastle United,14.0,5.0,0.0,2.0,0.0,1.0,40.9,9.0,2.0,0.2,0.0,0.0,271.0,342.0,0.8,2.0,10.0,0.2,55.0,21.0,0.4,4.0,11.0,18.0,0.6,7.0,26.0,26.0,Arsenal,9.0,1.0,0.0,1.0,11.0,0.0,59.1,14.0,1.0,0.1,0.0,0.0,408.0,484.0,0.8,8.0,25.0,0.3,47.0,25.0,0.5,9.0,8.0,11.0,0.7,7.0,14.0,14.0,671137,2023-11-04 17:30:00,2023
Nottingham Forest,6.0,1.0,0.0,9.0,0.0,3.0,26.5,5.0,3.0,0.6,0.0,0.0,172.0,240.0,0.7,0.0,4.0,0.0,54.0,19.0,0.4,0.0,18.0,30.0,0.6,8.0,34.0,34.0,Aston Villa,9.0,1.0,0.0,1.0,10.0,1.0,73.5,13.0,3.0,0.2,0.0,0.0,598.0,654.0,0.9,10.0,36.0,0.3,40.0,24.0,0.6,4.0,5.0,10.0,0.5,8.0,10.0,10.0,671138,2023-11-05 14:00:00,2023
Luton Town,7.0,1.0,0.0,1.0,4.0,5.0,26.2,8.0,5.0,0.6,0.0,0.0,135.0,229.0,0.6,3.0,18.0,0.2,63.0,16.0,0.3,1.0,10.0,20.0,0.5,8.0,43.0,43.0,Liverpool,13.0,1.0,0.0,1.0,7.0,4.0,73.8,24.0,6.0,0.3,0.0,0.0,581.0,659.0,0.9,9.0,35.0,0.3,52.0,34.0,0.7,6.0,5.0,12.0,0.4,7.0,17.0,17.0,671135,2023-11-05 16:30:00,2023
Tottenham Hotspur,12.0,1.0,2.0,3.0,1.0,3.0,38.7,8.0,5.0,0.6,0.0,0.0,252.0,317.0,0.8,4.0,9.0,0.4,35.0,13.0,0.4,2.0,17.0,24.0,0.7,12.0,21.0,21.0,Chelsea,21.0,5.0,0.0,7.0,6.0,4.0,61.3,17.0,8.0,0.5,1.0,1.0,436.0,502.0,0.9,1.0,16.0,0.1,58.0,35.0,0.6,2.0,11.0,18.0,0.6,9.0,8.0,8.0,671139,2023-11-06 20:00:00,2023
Wolverhampton Wanderers,19.0,4.0,0.0,4.0,11.0,1.0,41.5,17.0,4.0,0.2,0.0,0.0,364.0,430.0,0.8,3.0,26.0,0.1,60.0,38.0,0.6,7.0,13.0,23.0,0.6,10.0,10.0,10.0,Tottenham Hotspur,15.0,3.0,0.0,1.0,3.0,2.0,58.5,6.0,2.0,0.3,0.0,0.0,551.0,628.0,0.9,2.0,11.0,0.2,33.0,17.0,0.5,2.0,11.0,19.0,0.6,7.0,27.0,27.0,671144,2023-11-11 12:30:00,2023
Arsenal,8.0,0.0,1.0,3.0,13.0,4.0,63.5,16.0,6.0,0.4,0.0,0.0,480.0,561.0,0.9,9.0,32.0,0.3,45.0,19.0,0.4,4.0,8.0,17.0,0.5,3.0,11.0,11.0,Burnley,9.0,1.0,0.0,2.0,3.0,3.0,36.5,8.0,5.0,0.6,0.0,0.0,265.0,334.0,0.8,2.0,8.0,0.3,57.0,27.0,0.5,0.0,8.0,13.0,0.6,10.0,32.0,32.0,671146,2023-11-11 15:00:00,2023
Crystal Palace,9.0,1.0,0.0,4.0,9.0,1.0,67.2,13.0,4.0,0.3,1.0,1.0,573.0,658.0,0.9,2.0,25.0,0.1,64.0,39.0,0.6,6.0,9.0,17.0,0.5,12.0,26.0,26.0,Everton,18.0,4.0,0.0,0.0,2.0,3.0,32.8,8.0,4.0,0.5,0.0,0.0,227.0,310.0,0.7,5.0,21.0,0.2,69.0,23.0,0.3,1.0,13.0,22.0,0.6,10.0,36.0,36.0,671145,2023-11-11 15:00:00,2023
Manchester United,9.0,0.0,0.0,1.0,11.0,4.0,64.5,15.0,4.0,0.3,0.0,0.0,501.0,576.0,0.9,7.0,34.0,0.2,49.0,27.0,0.6,3.0,10.0,17.0,0.6,3.0,12.0,12.0,Luton Town,11.0,2.0,0.0,1.0,3.0,3.0,35.5,10.0,4.0,0.4,0.0,0.0,254.0,321.0,0.8,2.0,14.0,0.1,51.0,16.0,0.3,4.0,11.0,14.0,0.8,15.0,34.0,34.0,671142,2023-11-11 15:00:00,2023
AFC Bournemouth,10.0,2.0,0.0,0.0,6.0,5.0,47.6,19.0,10.0,0.5,0.0,0.0,331.0,422.0,0.8,3.0,17.0,0.2,72.0,31.0,0.4,3.0,18.0,27.0,0.7,9.0,13.0,13.0,Newcastle United,4.0,1.0,0.0,2.0,5.0,8.0,52.4,8.0,5.0,0.6,0.0,0.0,377.0,469.0,0.8,0.0,9.0,0.0,51.0,24.0,0.5,0.0,16.0,23.0,0.7,6.0,18.0,18.0,671148,2023-11-11 17:30:00,2023
Aston Villa,4.0,2.0,0.0,3.0,2.0,4.0,50.7,12.0,6.0,0.5,0.0,0.0,425.0,511.0,0.8,2.0,8.0,0.3,54.0,29.0,0.5,1.0,4.0,7.0,0.6,10.0,13.0,13.0,Fulham,17.0,5.0,0.0,7.0,2.0,4.0,49.3,9.0,5.0,0.6,0.0,0.0,413.0,489.0,0.8,4.0,14.0,0.3,48.0,22.0,0.5,0.0,6.0,15.0,0.4,13.0,13.0,13.0,671147,2023-11-12 14:00:00,2023
West Ham United,9.0,2.0,0.0,1.0,9.0,3.0,54.3,16.0,6.0,0.4,0.0,0.0,439.0,516.0,0.9,6.0,28.0,0.2,56.0,27.0,0.5,6.0,12.0,19.0,0.6,6.0,26.0,26.0,Nottingham Forest,12.0,2.0,0.0,0.0,4.0,3.0,45.7,10.0,5.0,0.5,0.0,0.0,356.0,438.0,0.8,8.0,17.0,0.5,49.0,19.0,0.4,3.0,8.0,17.0,0.5,8.0,26.0,26.0,671143,2023-11-12 14:00:00,2023
Brighton & Hove Albion,13.0,3.0,1.0,3.0,6.0,1.0,61.4,11.0,6.0,0.5,0.0,0.0,544.0,627.0,0.9,4.0,14.0,0.3,45.0,24.0,0.5,1.0,7.0,13.0,0.5,3.0,13.0,13.0,Sheffield United,16.0,2.0,0.0,1.0,3.0,5.0,38.6,9.0,1.0,0.1,0.0,0.0,311.0,396.0,0.8,2.0,6.0,0.3,50.0,17.0,0.3,2.0,15.0,27.0,0.6,8.0,18.0,18.0,671149,2023-11-12 14:00:00,2023
Liverpool,16.0,1.0,0.0,2.0,6.0,3.0,58.3,17.0,10.0,0.6,0.0,0.0,415.0,504.0,0.8,4.0,20.0,0.2,56.0,34.0,0.6,3.0,5.0,10.0,0.5,5.0,20.0,20.0,Brentford,12.0,2.0,0.0,2.0,8.0,8.0,41.7,16.0,3.0,0.2,0.0,0.0,269.0,354.0,0.8,5.0,18.0,0.3,56.0,24.0,0.4,4.0,8.0,14.0,0.6,11.0,31.0,31.0,671141,2023-11-12 14:00:00,2023
Chelsea,13.0,5.0,0.0,1.0,3.0,6.0,45.2,17.0,9.0,0.5,1.0,1.0,377.0,444.0,0.8,1.0,7.0,0.1,44.0,23.0,0.5,5.0,13.0,21.0,0.6,5.0,18.0,18.0,Manchester City,15.0,3.0,0.0,0.0,3.0,5.0,54.8,15.0,10.0,0.7,1.0,1.0,477.0,531.0,0.9,5.0,18.0,0.3,43.0,30.0,0.7,2.0,9.0,17.0,0.5,9.0,12.0,12.0,671150,2023-11-12 16:30:00,2023
Manchester City,9.0,1.0,0.0,3.0,9.0,2.0,60.0,16.0,5.0,0.3,0.0,0.0,559.0,614.0,0.9,5.0,21.0,0.2,46.0,32.0,0.7,7.0,14.0,22.0,0.6,5.0,23.0,23.0,Liverpool,11.0,3.0,0.0,4.0,6.0,4.0,40.0,8.0,3.0,0.4,0.0,0.0,338.0,414.0,0.8,2.0,10.0,0.2,43.0,16.0,0.4,2.0,7.0,12.0,0.6,5.0,19.0,19.0,671154,2023-11-25 12:30:00,2023
Luton Town,15.0,6.0,0.0,1.0,4.0,7.0,39.0,8.0,3.0,0.4,0.0,0.0,249.0,335.0,0.7,5.0,22.0,0.2,68.0,26.0,0.4,2.0,7.0,18.0,0.4,12.0,39.0,39.0,Crystal Palace,12.0,1.0,0.0,1.0,5.0,1.0,61.0,16.0,8.0,0.5,0.0,0.0,427.0,538.0,0.8,8.0,23.0,0.3,65.0,21.0,0.3,5.0,9.0,17.0,0.5,9.0,19.0,19.0,671155,2023-11-25 15:00:00,2023
Nottingham Forest,12.0,2.0,0.0,0.0,6.0,2.0,46.7,18.0,5.0,0.3,1.0,1.0,379.0,465.0,0.8,13.0,35.0,0.4,47.0,24.0,0.5,8.0,6.0,13.0,0.5,12.0,10.0,10.0,Brighton & Hove Albion,7.0,6.0,1.0,0.0,4.0,3.0,53.3,10.0,5.0,0.5,1.0,1.0,479.0,551.0,0.9,4.0,16.0,0.3,53.0,32.0,0.6,2.0,8.0,13.0,0.6,9.0,31.0,31.0,671152,2023-11-25 15:00:00,2023
Sheffield United,6.0,4.0,0.0,4.0,4.0,8.0,45.5,10.0,2.0,0.2,0.0,0.0,271.0,405.0,0.7,6.0,16.0,0.4,69.0,19.0,0.3,4.0,14.0,26.0,0.5,6.0,21.0,21.0,AFC Bournemouth,8.0,1.0,0.0,1.0,7.0,1.0,54.5,23.0,11.0,0.5,0.0,0.0,371.0,490.0,0.8,5.0,16.0,0.3,95.0,45.0,0.5,2.0,11.0,16.0,0.7,5.0,19.0,19.0,671159,2023-11-25 15:00:00,2023
Burnley,11.0,1.0,0.0,2.0,4.0,2.0,50.9,11.0,5.0,0.5,1.0,1.0,409.0,496.0,0.8,5.0,15.0,0.3,71.0,31.0,0.4,0.0,11.0,17.0,0.6,5.0,27.0,27.0,West Ham United,7.0,3.0,0.0,1.0,5.0,4.0,49.1,11.0,3.0,0.3,0.0,0.0,359.0,473.0,0.8,9.0,19.0,0.5,65.0,24.0,0.4,5.0,14.0,20.0,0.7,7.0,9.0,9.0,671156,2023-11-25 15:00:00,2023
Newcastle United,13.0,4.0,0.0,0.0,4.0,3.0,54.0,14.0,5.0,0.4,0.0,0.0,416.0,482.0,0.9,5.0,22.0,0.2,40.0,21.0,0.5,5.0,10.0,20.0,0.5,9.0,2.0,2.0,Chelsea,19.0,4.0,1.0,0.0,2.0,1.0,46.0,7.0,4.0,0.6,0.0,0.0,356.0,423.0,0.8,1.0,5.0,0.2,36.0,16.0,0.4,0.0,15.0,26.0,0.6,12.0,14.0,14.0,671153,2023-11-25 15:00:00,2023
Brentford,9.0,1.0,0.0,2.0,1.0,3.0,36.4,9.0,3.0,0.3,0.0,0.0,193.0,298.0,0.6,1.0,9.0,0.1,66.0,20.0,0.3,1.0,9.0,14.0,0.6,11.0,35.0,35.0,Arsenal,7.0,1.0,0.0,3.0,8.0,1.0,63.6,15.0,4.0,0.3,0.0,0.0,416.0,508.0,0.8,4.0,27.0,0.1,54.0,22.0,0.4,4.0,5.0,8.0,0.6,5.0,14.0,14.0,671160,2023-11-25 17:30:00,2023
Tottenham Hotspur,11.0,0.0,0.0,5.0,9.0,3.0,62.0,18.0,8.0,0.4,0.0,0.0,571.0,633.0,0.9,7.0,22.0,0.3,40.0,22.0,0.6,1.0,12.0,21.0,0.6,9.0,8.0,8.0,Aston Villa,13.0,4.0,0.0,2.0,3.0,6.0,38.0,15.0,5.0,0.3,0.0,0.0,331.0,384.0,0.9,6.0,16.0,0.4,45.0,25.0,0.6,2.0,9.0,18.0,0.5,12.0,15.0,15.0,671151,2023-11-26 14:00:00,2023
Everton,10.0,3.0,0.0,2.0,6.0,1.0,50.6,24.0,6.0,0.3,0.0,0.0,345.0,443.0,0.8,5.0,27.0,0.2,58.0,24.0,0.4,6.0,9.0,15.0,0.6,14.0,9.0,9.0,Manchester United,8.0,0.0,0.0,2.0,5.0,6.0,49.4,9.0,4.0,0.4,1.0,1.0,338.0,444.0,0.8,4.0,13.0,0.3,71.0,28.0,0.4,0.0,9.0,21.0,0.4,11.0,36.0,36.0,671157,2023-11-26 16:30:00,2023
Fulham,13.0,2.0,0.0,1.0,6.0,4.0,59.8,12.0,6.0,0.5,2.0,2.0,539.0,639.0,0.8,4.0,18.0,0.2,55.0,29.0,0.5,3.0,7.0,17.0,0.4,16.0,14.0,14.0,Wolverhampton Wanderers,13.0,2.0,0.0,1.0,2.0,3.0,40.2,10.0,6.0,0.6,1.0,1.0,325.0,432.0,0.8,2.0,6.0,0.3,57.0,11.0,0.2,0.0,6.0,11.0,0.5,4.0,22.0,22.0,671158,2023-11-27 20:00:00,2023
Arsenal,0.0,0.0,0.0,0.0,0.0,0.0,0.0,0.0,0.0,0.0,0.0,0.0,0.0,0.0,0.0,0.0,0.0,0.0,0.0,0.0,0.0,0.0,0.0,0.0,0.0,0.0,0.0,0.0,Wolverhampton Wanderers,0.0,0.0,0.0,0.0,0.0,0.0,0.0,0.0,0.0,0.0,0.0,0.0,0.0,0.0,0.0,0.0,0.0,0.0,0.0,0.0,0.0,0.0,0.0,0.0,0.0,0.0,0.0,0.0,671162,2023-12-02 15:00:00,2023
Burnley,10.0,2.0,0.0,3.0,6.0,3.0,63.6,19.0,7.0,0.4,0.0,0.0,480.0,570.0,0.8,5.0,23.0,0.2,57.0,29.0,0.5,6.0,6.0,10.0,0.6,1.0,9.0,9.0,Sheffield United,12.0,5.0,1.0,1.0,1.0,2.0,36.4,6.0,3.0,0.5,0.0,0.0,242.0,334.0,0.7,1.0,5.0,0.2,56.0,19.0,0.3,0.0,5.0,11.0,0.5,10.0,34.0,34.0,671169,2023-12-02 15:00:00,2023
Brentford,10.0,1.0,0.0,0.0,7.0,0.0,68.6,27.0,6.0,0.2,0.0,0.0,530.0,626.0,0.8,7.0,28.0,0.3,58.0,23.0,0.4,12.0,9.0,18.0,0.5,7.0,21.0,21.0,Luton Town,8.0,2.0,0.0,2.0,5.0,3.0,31.4,7.0,1.0,0.1,0.0,0.0,191.0,277.0,0.7,1.0,15.0,0.1,48.0,12.0,0.3,5.0,8.0,17.0,0.5,8.0,39.0,39.0,671170,2023-12-02 15:00:00,2023
Nottingham Forest,15.0,1.0,0.0,1.0,4.0,1.0,61.6,13.0,2.0,0.2,0.0,0.0,484.0,592.0,0.8,4.0,27.0,0.1,81.0,36.0,0.4,6.0,14.0,21.0,0.7,10.0,43.0,43.0,Everton,14.0,0.0,0.0,2.0,3.0,2.0,38.4,12.0,3.0,0.3,0.0,0.0,235.0,359.0,0.7,0.0,27.0,0.0,73.0,26.0,0.4,4.0,6.0,16.0,0.4,9.0,31.0,31.0,671164,2023-12-02 17:30:00,2023
Newcastle United,0.0,0.0,0.0,0.0,0.0,0.0,0.0,0.0,0.0,0.0,0.0,0.0,0.0,0.0,0.0,0.0,0.0,0.0,0.0,0.0,0.0,0.0,0.0,0.0,0.0,0.0,0.0,0.0,Manchester United,0.0,0.0,0.0,0.0,0.0,0.0,0.0,0.0,0.0,0.0,0.0,0.0,0.0,0.0,0.0,0.0,0.0,0.0,0.0,0.0,0.0,0.0,0.0,0.0,0.0,0.0,0.0,0.0,671165,2023-12-02 20:00:00,2023
Chelsea,16.0,3.0,1.0,2.0,5.0,7.0,32.4,8.0,5.0,0.6,1.0,1.0,246.0,306.0,0.8,3.0,12.0,0.3,42.0,19.0,0.5,0.0,7.0,13.0,0.5,13.0,29.0,29.0,Brighton & Hove Albion,12.0,5.0,0.0,3.0,8.0,2.0,67.6,18.0,9.0,0.5,0.0,0.0,580.0,645.0,0.9,8.0,27.0,0.3,27.0,14.0,0.5,4.0,9.0,20.0,0.5,9.0,10.0,10.0,671163,2023-12-03 14:00:00,2023
Liverpool,6.0,0.0,0.0,5.0,3.0,2.0,61.2,26.0,12.0,0.5,0.0,0.0,509.0,624.0,0.8,2.0,13.0,0.2,45.0,26.0,0.6,6.0,11.0,15.0,0.7,13.0,11.0,11.0,Fulham,7.0,0.0,0.0,1.0,4.0,9.0,38.8,9.0,5.0,0.6,0.0,0.0,284.0,392.0,0.7,3.0,10.0,0.3,59.0,25.0,0.4,3.0,9.0,22.0,0.4,33.0,31.0,31.0,671167,2023-12-03 14:00:00,2023
West Ham United,17.0,2.0,0.0,2.0,2.0,1.0,54.5,9.0,3.0,0.3,0.0,0.0,449.0,557.0,0.8,6.0,23.0,0.3,63.0,26.0,0.4,2.0,12.0,17.0,0.7,9.0,16.0,16.0,Crystal Palace,7.0,0.0,0.0,0.0,3.0,2.0,45.5,9.0,2.0,0.2,0.0,0.0,343.0,466.0,0.7,4.0,16.0,0.3,70.0,27.0,0.4,4.0,14.0,23.0,0.6,11.0,19.0,19.0,671168,2023-12-03 14:00:00,2023
AFC Bournemouth,16.0,5.0,0.0,3.0,7.0,1.0,37.3,15.0,7.0,0.5,0.0,0.0,202.0,282.0,0.7,5.0,16.0,0.3,56.0,22.0,0.4,3.0,19.0,25.0,0.8,8.0,23.0,23.0,Aston Villa,12.0,3.0,0.0,2.0,7.0,5.0,62.7,11.0,3.0,0.3,0.0,0.0,378.0,473.0,0.8,3.0,20.0,0.2,53.0,27.0,0.5,5.0,16.0,24.0,0.7,7.0,16.0,16.0,671161,2023-12-03 14:00:00,2023
Manchester City,14.0,4.0,0.0,2.0,10.0,1.0,55.0,17.0,4.0,0.2,0.0,0.0,501.0,572.0,0.9,5.0,23.0,0.2,64.0,45.0,0.7,4.0,4.0,7.0,0.6,15.0,10.0,10.0,Tottenham Hotspur,14.0,4.0,0.0,2.0,8.0,2.0,45.0,8.0,4.0,0.5,0.0,0.0,402.0,472.0,0.9,4.0,14.0,0.3,30.0,9.0,0.3,3.0,6.0,13.0,0.5,4.0,34.0,34.0,671166,2023-12-03 16:30:00,2023
Wolverhampton Wanderers,11.0,2.0,0.0,2.0,6.0,3.0,51.1,7.0,4.0,0.6,0.0,0.0,370.0,467.0,0.8,4.0,10.0,0.4,60.0,26.0,0.4,0.0,12.0,17.0,0.7,5.0,27.0,27.0,Burnley,15.0,4.0,0.0,0.0,8.0,3.0,48.9,12.0,3.0,0.3,0.0,0.0,337.0,436.0,0.8,2.0,19.0,0.1,52.0,15.0,0.3,4.0,11.0,19.0,0.6,10.0,15.0,15.0,671177,2023-12-05 19:30:00,2023
Luton Town,14.0,2.0,0.0,1.0,3.0,5.0,33.4,6.0,4.0,0.7,0.0,0.0,195.0,296.0,0.7,3.0,12.0,0.3,75.0,27.0,0.4,1.0,12.0,20.0,0.6,8.0,35.0,35.0,Arsenal,7.0,1.0,0.0,4.0,8.0,1.0,66.6,23.0,9.0,0.4,0.0,0.0,500.0,589.0,0.8,6.0,25.0,0.2,57.0,21.0,0.4,9.0,5.0,13.0,0.4,6.0,14.0,14.0,671175,2023-12-05 20:15:00,2023
Sheffield United,12.0,2.0,0.0,1.0,2.0,6.0,24.3,6.0,1.0,0.2,0.0,0.0,100.0,207.0,0.5,1.0,5.0,0.2,63.0,10.0,0.2,2.0,15.0,20.0,0.8,9.0,23.0,23.0,Liverpool,8.0,3.0,0.0,4.0,12.0,1.0,75.7,15.0,8.0,0.5,0.0,0.0,529.0,632.0,0.8,8.0,24.0,0.3,56.0,25.0,0.4,2.0,10.0,16.0,0.6,11.0,17.0,17.0,671172,2023-12-06 19:30:00,2023
Crystal Palace,10.0,1.0,0.0,0.0,3.0,2.0,59.1,16.0,3.0,0.2,0.0,0.0,433.0,524.0,0.8,4.0,17.0,0.2,68.0,29.0,0.4,6.0,17.0,23.0,0.7,2.0,14.0,14.0,AFC Bournemouth,17.0,3.0,0.0,0.0,9.0,3.0,40.9,11.0,4.0,0.4,0.0,0.0,257.0,354.0,0.7,9.0,18.0,0.5,77.0,25.0,0.3,3.0,10.0,19.0,0.5,9.0,17.0,17.0,671179,2023-12-06 19:30:00,2023
Brighton & Hove Albion,10.0,3.0,0.0,1.0,7.0,0.0,61.6,18.0,7.0,0.4,0.0,0.0,526.0,608.0,0.9,4.0,12.0,0.3,56.0,34.0,0.6,4.0,9.0,15.0,0.6,8.0,20.0,20.0,Brentford,8.0,1.0,0.0,2.0,3.0,5.0,38.4,8.0,2.0,0.3,1.0,1.0,279.0,377.0,0.7,2.0,11.0,0.2,70.0,22.0,0.3,3.0,19.0,28.0,0.7,11.0,19.0,19.0,671171,2023-12-06 19:30:00,2023
Fulham,7.0,0.0,0.0,2.0,6.0,1.0,63.7,14.0,6.0,0.4,0.0,0.0,616.0,700.0,0.9,2.0,15.0,0.1,57.0,39.0,0.7,4.0,20.0,22.0,0.9,10.0,8.0,8.0,Nottingham Forest,10.0,1.0,0.0,3.0,1.0,1.0,36.3,4.0,1.0,0.3,0.0,0.0,330.0,401.0,0.8,2.0,6.0,0.3,55.0,25.0,0.5,0.0,8.0,13.0,0.6,6.0,19.0,19.0,671178,2023-12-06 19:30:00,2023
Aston Villa,13.0,2.0,0.0,0.0,6.0,2.0,46.1,22.0,7.0,0.3,0.0,0.0,372.0,436.0,0.9,4.0,17.0,0.2,54.0,31.0,0.6,9.0,7.0,15.0,0.5,7.0,6.0,6.0,Manchester City,13.0,2.0,0.0,5.0,0.0,6.0,53.9,2.0,2.0,1.0,0.0,0.0,454.0,520.0,0.9,1.0,7.0,0.1,41.0,23.0,0.6,0.0,12.0,19.0,0.6,6.0,29.0,29.0,671173,2023-12-06 20:15:00,2023
Manchester United,12.0,4.0,0.0,3.0,12.0,2.0,44.8,28.0,9.0,0.3,0.0,1.0,339.0,397.0,0.9,6.0,30.0,0.2,38.0,16.0,0.4,8.0,13.0,16.0,0.8,6.0,9.0,9.0,Chelsea,12.0,0.0,0.0,1.0,4.0,7.0,55.2,13.0,3.0,0.2,0.0,0.0,440.0,512.0,0.9,3.0,8.0,0.4,43.0,26.0,0.6,3.0,6.0,12.0,0.5,10.0,13.0,13.0,671180,2023-12-06 20:15:00,2023
Everton,18.0,3.0,0.0,0.0,5.0,3.0,38.5,21.0,6.0,0.3,0.0,0.0,235.0,313.0,0.8,8.0,33.0,0.2,71.0,32.0,0.5,7.0,13.0,22.0,0.6,10.0,20.0,20.0,Newcastle United,8.0,0.0,0.0,2.0,2.0,3.0,61.5,13.0,3.0,0.2,0.0,0.0,452.0,539.0,0.8,2.0,12.0,0.2,53.0,20.0,0.4,3.0,7.0,10.0,0.7,1.0,32.0,32.0,671174,2023-12-07 19:30:00,2023
Tottenham Hotspur,11.0,3.0,0.0,1.0,8.0,3.0,75.0,23.0,7.0,0.3,0.0,0.0,717.0,784.0,0.9,5.0,28.0,0.2,21.0,14.0,0.7,6.0,13.0,18.0,0.7,10.0,12.0,12.0,West Ham United,12.0,3.0,0.0,6.0,4.0,5.0,25.0,11.0,5.0,0.5,0.0,0.0,184.0,251.0,0.7,4.0,15.0,0.3,51.0,24.0,0.5,2.0,15.0,23.0,0.7,15.0,27.0,27.0,671176,2023-12-07 20:15:00,2023
Crystal Palace,17.0,5.0,1.0,0.0,6.0,0.0,24.1,8.0,4.0,0.5,1.0,1.0,115.0,197.0,0.6,7.0,19.0,0.4,62.0,15.0,0.2,2.0,14.0,23.0,0.6,5.0,30.0,30.0,Liverpool,17.0,2.0,0.0,6.0,5.0,3.0,75.9,14.0,2.0,0.1,0.0,0.0,579.0,662.0,0.9,3.0,17.0,0.2,48.0,23.0,0.5,5.0,8.0,11.0,0.7,5.0,20.0,20.0,671182,2023-12-09 12:30:00,2023
Wolverhampton Wanderers,9.0,0.0,0.0,3.0,4.0,1.0,68.1,10.0,4.0,0.4,0.0,0.0,555.0,655.0,0.8,6.0,26.0,0.2,67.0,38.0,0.6,2.0,4.0,9.0,0.4,7.0,14.0,14.0,Nottingham Forest,11.0,1.0,0.0,1.0,3.0,3.0,31.9,8.0,2.0,0.3,0.0,0.0,210.0,307.0,0.7,3.0,11.0,0.3,62.0,21.0,0.3,2.0,15.0,21.0,0.7,11.0,21.0,21.0,671186,2023-12-09 15:00:00,2023
Brighton & Hove Albion,5.0,0.0,0.0,2.0,9.0,2.0,72.0,29.0,11.0,0.4,0.0,0.0,705.0,777.0,0.9,9.0,31.0,0.3,27.0,16.0,0.6,7.0,6.0,13.0,0.5,5.0,2.0,2.0,Burnley,8.0,4.0,0.0,1.0,1.0,10.0,28.0,6.0,3.0,0.5,0.0,0.0,225.0,308.0,0.7,0.0,7.0,0.0,65.0,14.0,0.2,2.0,17.0,28.0,0.6,9.0,34.0,34.0,671181,2023-12-09 15:00:00,2023
Sheffield United,14.0,5.0,0.0,1.0,3.0,4.0,40.2,9.0,4.0,0.4,0.0,0.0,242.0,334.0,0.7,1.0,12.0,0.1,73.0,33.0,0.5,1.0,8.0,14.0,0.6,8.0,43.0,43.0,Brentford,13.0,1.0,0.0,1.0,4.0,3.0,59.8,10.0,4.0,0.4,0.0,0.0,384.0,489.0,0.8,5.0,24.0,0.2,63.0,19.0,0.3,3.0,17.0,23.0,0.7,8.0,15.0,15.0,671183,2023-12-09 15:00:00,2023
Manchester United,7.0,3.0,0.0,1.0,10.0,1.0,69.0,20.0,3.0,0.2,0.0,0.0,561.0,660.0,0.9,5.0,27.0,0.2,62.0,40.0,0.6,12.0,15.0,23.0,0.7,7.0,12.0,12.0,AFC Bournemouth,10.0,1.0,0.0,2.0,4.0,3.0,31.0,10.0,4.0,0.4,0.0,0.0,208.0,296.0,0.7,6.0,12.0,0.5,61.0,21.0,0.3,1.0,9.0,19.0,0.5,14.0,30.0,30.0,671184,2023-12-09 15:00:00,2023
Aston Villa,16.0,4.0,0.0,1.0,3.0,3.0,38.5,10.0,3.0,0.3,0.0,0.0,209.0,289.0,0.7,0.0,9.0,0.0,65.0,20.0,0.3,5.0,17.0,31.0,0.5,13.0,25.0,25.0,Arsenal,11.0,2.0,0.0,4.0,3.0,2.0,61.5,12.0,5.0,0.4,0.0,0.0,389.0,462.0,0.8,3.0,10.0,0.3,34.0,14.0,0.4,3.0,18.0,31.0,0.6,4.0,16.0,16.0,671188,2023-12-09 17:30:00,2023
Everton,12.0,2.0,0.0,2.0,4.0,4.0,27.9,9.0,5.0,0.6,0.0,0.0,166.0,259.0,0.6,6.0,21.0,0.3,65.0,20.0,0.3,2.0,13.0,23.0,0.6,14.0,24.0,24.0,Chelsea,12.0,2.0,0.0,1.0,8.0,3.0,72.1,16.0,4.0,0.3,0.0,0.0,610.0,703.0,0.9,4.0,15.0,0.3,49.0,21.0,0.4,6.0,14.0,20.0,0.7,4.0,25.0,25.0,671190,2023-12-10 14:00:00,2023
Luton Town,16.0,2.0,0.0,1.0,6.0,4.0,34.7,4.0,2.0,0.5,0.0,0.0,224.0,302.0,0.7,1.0,17.0,0.1,64.0,24.0,0.4,0.0,8.0,20.0,0.4,14.0,12.0,12.0,Manchester City,6.0,1.0,0.0,1.0,3.0,1.0,65.3,18.0,6.0,0.3,0.0,0.0,513.0,594.0,0.9,3.0,8.0,0.4,32.0,12.0,0.4,5.0,10.0,21.0,0.5,2.0,15.0,15.0,671185,2023-12-10 14:00:00,2023
Fulham,5.0,2.0,0.0,0.0,3.0,5.0,63.2,14.0,8.0,0.6,0.0,0.0,680.0,762.0,0.9,6.0,17.0,0.4,52.0,30.0,0.6,1.0,9.0,21.0,0.4,8.0,21.0,21.0,West Ham United,10.0,1.0,0.0,0.0,6.0,3.0,36.8,9.0,5.0,0.6,0.0,0.0,360.0,430.0,0.8,2.0,18.0,0.1,49.0,21.0,0.4,1.0,7.0,10.0,0.7,12.0,14.0,14.0,671187,2023-12-10 14:00:00,2023
Tottenham Hotspur,10.0,1.0,0.0,1.0,3.0,2.0,56.2,23.0,12.0,0.5,1.0,1.0,460.0,536.0,0.9,5.0,19.0,0.3,38.0,21.0,0.6,3.0,22.0,31.0,0.7,10.0,13.0,13.0,Newcastle United,12.0,3.0,0.0,3.0,6.0,7.0,43.8,9.0,3.0,0.3,0.0,0.0,343.0,409.0,0.8,4.0,19.0,0.2,52.0,29.0,0.6,2.0,12.0,27.0,0.4,14.0,20.0,20.0,671189,2023-12-10 16:30:00,2023
Nottingham Forest,16.0,2.0,0.0,5.0,6.0,4.0,32.7,15.0,1.0,0.1,0.0,0.0,179.0,244.0,0.7,3.0,25.0,0.1,43.0,20.0,0.5,6.0,19.0,29.0,0.7,5.0,15.0,15.0,Tottenham Hotspur,11.0,4.0,1.0,0.0,4.0,1.0,67.3,12.0,6.0,0.5,0.0,0.0,486.0,547.0,0.9,4.0,16.0,0.3,43.0,26.0,0.6,4.0,11.0,19.0,0.6,5.0,27.0,27.0,671197,2023-12-15 20:00:00,2023
Chelsea,9.0,1.0,0.0,3.0,7.0,1.0,77.7,15.0,6.0,0.4,0.0,0.0,740.0,815.0,0.9,1.0,12.0,0.1,37.0,19.0,0.5,5.0,5.0,16.0,0.3,17.0,11.0,11.0,Sheffield United,14.0,3.0,0.0,1.0,6.0,4.0,22.3,6.0,1.0,0.2,0.0,0.0,138.0,226.0,0.6,2.0,8.0,0.3,56.0,14.0,0.3,4.0,15.0,28.0,0.5,13.0,24.0,24.0,671191,2023-12-16 15:00:00,2023
Manchester City,12.0,1.0,0.0,2.0,6.0,0.0,74.2,19.0,9.0,0.5,0.0,0.0,751.0,818.0,0.9,10.0,24.0,0.4,27.0,14.0,0.5,5.0,2.0,13.0,0.2,3.0,7.0,7.0,Crystal Palace,9.0,1.0,0.0,1.0,1.0,7.0,25.8,5.0,2.0,0.4,1.0,1.0,216.0,285.0,0.8,1.0,7.0,0.1,54.0,14.0,0.3,2.0,3.0,14.0,0.2,6.0,29.0,29.0,671199,2023-12-16 15:00:00,2023
Newcastle United,7.0,0.0,0.0,2.0,5.0,4.0,70.8,27.0,10.0,0.4,0.0,0.0,629.0,696.0,0.9,9.0,28.0,0.3,32.0,19.0,0.6,7.0,6.0,11.0,0.5,8.0,6.0,6.0,Fulham,12.0,2.0,1.0,0.0,1.0,7.0,29.2,6.0,4.0,0.7,0.0,0.0,221.0,287.0,0.8,2.0,10.0,0.2,51.0,12.0,0.2,0.0,11.0,22.0,0.5,12.0,26.0,26.0,671198,2023-12-16 15:00:00,2023
Burnley,9.0,0.0,0.0,0.0,8.0,4.0,62.1,14.0,2.0,0.1,0.0,0.0,460.0,542.0,0.8,3.0,22.0,0.1,61.0,27.0,0.4,9.0,9.0,18.0,0.5,2.0,18.0,18.0,Everton,8.0,1.0,0.0,4.0,6.0,2.0,37.9,9.0,6.0,0.7,0.0,0.0,237.0,330.0,0.7,6.0,15.0,0.4,68.0,26.0,0.4,0.0,11.0,12.0,0.9,5.0,29.0,29.0,671192,2023-12-16 17:30:00,2023
Brentford,19.0,6.0,1.0,7.0,7.0,3.0,32.8,4.0,3.0,0.8,0.0,0.0,170.0,250.0,0.7,2.0,18.0,0.1,49.0,18.0,0.4,0.0,16.0,33.0,0.5,15.0,16.0,16.0,Aston Villa,6.0,4.0,1.0,0.0,12.0,2.0,67.2,15.0,5.0,0.3,0.0,0.0,449.0,528.0,0.9,9.0,24.0,0.4,38.0,21.0,0.6,4.0,11.0,12.0,0.9,7.0,29.0,29.0,671193,2023-12-17 14:00:00,2023
West Ham United,12.0,3.0,0.0,1.0,6.0,3.0,44.2,13.0,4.0,0.3,0.0,0.0,343.0,433.0,0.8,3.0,14.0,0.2,63.0,28.0,0.4,4.0,12.0,18.0,0.7,10.0,25.0,25.0,Wolverhampton Wanderers,15.0,1.0,0.0,2.0,6.0,1.0,55.8,14.0,3.0,0.2,0.0,0.0,456.0,541.0,0.8,6.0,24.0,0.3,44.0,20.0,0.5,7.0,13.0,25.0,0.5,2.0,22.0,22.0,671196,2023-12-17 14:00:00,2023
Arsenal,11.0,1.0,0.0,1.0,10.0,1.0,48.8,26.0,9.0,0.3,0.0,0.0,463.0,516.0,0.9,6.0,18.0,0.3,32.0,13.0,0.4,9.0,7.0,12.0,0.6,11.0,6.0,6.0,Brighton & Hove Albion,9.0,3.0,0.0,1.0,1.0,6.0,51.2,6.0,1.0,0.2,0.0,0.0,495.0,550.0,0.9,2.0,10.0,0.2,37.0,15.0,0.4,2.0,7.0,18.0,0.4,3.0,21.0,21.0,671200,2023-12-17 14:00:00,2023
Liverpool,13.0,2.0,0.0,4.0,12.0,2.0,68.3,34.0,8.0,0.2,0.0,0.0,510.0,607.0,0.8,10.0,35.0,0.3,55.0,29.0,0.5,13.0,13.0,24.0,0.5,8.0,5.0,5.0,Manchester United,8.0,4.0,1.0,2.0,0.0,8.0,31.7,6.0,1.0,0.2,0.0,0.0,209.0,293.0,0.7,0.0,3.0,0.0,63.0,28.0,0.4,1.0,10.0,17.0,0.6,7.0,45.0,45.0,671195,2023-12-17 16:30:00,2023
Crystal Palace,12.0,5.0,0.0,1.0,3.0,5.0,34.1,11.0,3.0,0.3,0.0,0.0,305.0,389.0,0.8,4.0,13.0,0.3,64.0,22.0,0.3,5.0,15.0,28.0,0.5,5.0,13.0,13.0,Brighton & Hove Albion,11.0,2.0,0.0,2.0,1.0,2.0,65.9,18.0,6.0,0.3,0.0,0.0,692.0,759.0,0.9,4.0,14.0,0.3,39.0,22.0,0.6,5.0,11.0,20.0,0.6,7.0,10.0,10.0,671208,2023-12-21 20:00:00,2023
Aston Villa,0.0,0.0,0.0,0.0,0.0,0.0,0.0,0.0,0.0,0.0,0.0,0.0,0.0,0.0,0.0,0.0,0.0,0.0,0.0,0.0,0.0,0.0,0.0,0.0,0.0,0.0,0.0,0.0,Sheffield United,0.0,0.0,0.0,0.0,0.0,0.0,0.0,0.0,0.0,0.0,0.0,0.0,0.0,0.0,0.0,0.0,0.0,0.0,0.0,0.0,0.0,0.0,0.0,0.0,0.0,0.0,0.0,0.0,671209,2023-12-22 20:00:00,2023
West Ham United,13.0,2.0,0.0,1.0,4.0,3.0,34.5,12.0,5.0,0.4,0.0,0.0,255.0,321.0,0.8,3.0,17.0,0.2,58.0,24.0,0.4,3.0,17.0,19.0,0.9,7.0,27.0,27.0,Manchester United,15.0,3.0,0.0,1.0,4.0,3.0,65.5,11.0,3.0,0.3,0.0,0.0,536.0,626.0,0.9,3.0,19.0,0.2,42.0,20.0,0.5,2.0,11.0,20.0,0.6,3.0,21.0,21.0,671206,2023-12-23 12:30:00,2023
Luton Town,11.0,2.0,0.0,0.0,6.0,2.0,34.8,16.0,5.0,0.3,0.0,0.0,223.0,301.0,0.7,4.0,17.0,0.2,62.0,27.0,0.4,2.0,7.0,13.0,0.5,9.0,29.0,29.0,Newcastle United,6.0,2.0,0.0,3.0,7.0,4.0,65.2,15.0,2.0,0.1,0.0,0.0,469.0,568.0,0.8,9.0,23.0,0.4,51.0,22.0,0.4,6.0,14.0,29.0,0.5,9.0,13.0,13.0,671202,2023-12-23 15:00:00,2023
Nottingham Forest,10.0,0.0,1.0,0.0,6.0,3.0,33.1,11.0,5.0,0.5,0.0,0.0,162.0,256.0,0.6,4.0,16.0,0.3,56.0,26.0,0.5,5.0,15.0,26.0,0.6,3.0,30.0,30.0,AFC Bournemouth,10.0,3.0,0.0,0.0,6.0,2.0,66.9,18.0,7.0,0.4,0.0,0.0,434.0,523.0,0.8,12.0,31.0,0.4,66.0,38.0,0.6,4.0,7.0,15.0,0.5,10.0,24.0,24.0,671204,2023-12-23 15:00:00,2023
Fulham,5.0,2.0,0.0,2.0,8.0,0.0,65.6,19.0,5.0,0.3,0.0,0.0,598.0,702.0,0.9,6.0,25.0,0.2,58.0,27.0,0.5,9.0,7.0,10.0,0.7,13.0,11.0,11.0,Burnley,17.0,1.0,0.0,3.0,6.0,5.0,34.4,7.0,2.0,0.3,0.0,0.0,273.0,362.0,0.8,6.0,16.0,0.4,57.0,24.0,0.4,2.0,12.0,21.0,0.6,9.0,31.0,31.0,671210,2023-12-23 15:00:00,2023
Tottenham Hotspur,6.0,1.0,0.0,2.0,3.0,7.0,61.2,13.0,6.0,0.5,0.0,0.0,488.0,583.0,0.8,3.0,8.0,0.4,46.0,18.0,0.4,2.0,15.0,23.0,0.7,12.0,21.0,21.0,Everton,18.0,4.0,0.0,3.0,8.0,4.0,38.8,18.0,8.0,0.4,0.0,0.0,277.0,358.0,0.8,2.0,22.0,0.1,64.0,36.0,0.6,4.0,10.0,17.0,0.6,16.0,14.0,14.0,671205,2023-12-23 15:00:00,2023
Liverpool,13.0,2.0,0.0,1.0,4.0,1.0,51.0,13.0,3.0,0.2,0.0,0.0,357.0,442.0,0.8,3.0,19.0,0.2,45.0,16.0,0.4,4.0,21.0,34.0,0.6,5.0,16.0,16.0,Arsenal,14.0,5.0,0.0,1.0,5.0,2.0,49.0,13.0,2.0,0.2,0.0,0.0,337.0,423.0,0.8,3.0,16.0,0.2,54.0,19.0,0.4,5.0,14.0,20.0,0.7,11.0,22.0,22.0,671201,2023-12-23 17:30:00,2023
Wolverhampton Wanderers,11.0,3.0,0.0,3.0,10.0,3.0,31.6,14.0,6.0,0.4,0.0,0.0,176.0,266.0,0.7,6.0,19.0,0.3,49.0,10.0,0.2,5.0,15.0,22.0,0.7,12.0,19.0,19.0,Chelsea,9.0,6.0,0.0,0.0,6.0,4.0,68.4,16.0,5.0,0.3,0.0,0.0,527.0,600.0,0.9,4.0,21.0,0.2,51.0,28.0,0.5,7.0,12.0,17.0,0.7,4.0,16.0,16.0,671207,2023-12-24 13:00:00,2023
Newcastle United,10.0,3.0,0.0,0.0,10.0,3.0,62.0,19.0,7.0,0.4,1.0,1.0,444.0,513.0,0.9,5.0,36.0,0.1,39.0,24.0,0.6,6.0,9.0,12.0,0.8,11.0,7.0,7.0,Nottingham Forest,11.0,3.0,0.0,1.0,2.0,5.0,38.0,15.0,6.0,0.4,0.0,0.0,260.0,326.0,0.8,2.0,9.0,0.2,55.0,29.0,0.5,3.0,11.0,21.0,0.5,11.0,44.0,44.0,671216,2023-12-26 12:30:00,2023
Sheffield United,13.0,5.0,0.0,1.0,9.0,3.0,50.9,21.0,6.0,0.3,0.0,0.0,264.0,356.0,0.7,3.0,26.0,0.1,65.0,30.0,0.5,8.0,14.0,20.0,0.7,13.0,20.0,20.0,Luton Town,13.0,0.0,0.0,0.0,4.0,2.0,49.1,12.0,4.0,0.3,0.0,0.0,266.0,346.0,0.8,3.0,20.0,0.2,57.0,24.0,0.4,5.0,9.0,15.0,0.6,17.0,34.0,34.0,671217,2023-12-26 15:00:00,2023
AFC Bournemouth,10.0,0.0,0.0,3.0,6.0,3.0,42.5,16.0,4.0,0.3,1.0,1.0,327.0,403.0,0.8,1.0,13.0,0.1,50.0,23.0,0.5,8.0,9.0,13.0,0.7,10.0,23.0,23.0,Fulham,10.0,2.0,0.0,0.0,5.0,1.0,57.5,8.0,3.0,0.4,0.0,0.0,462.0,548.0,0.8,3.0,24.0,0.1,57.0,27.0,0.5,4.0,12.0,16.0,0.8,8.0,25.0,25.0,671219,2023-12-26 15:00:00,2023
Burnley,7.0,2.0,0.0,1.0,4.0,8.0,31.4,9.0,0.0,0.0,0.0,0.0,184.0,292.0,0.6,6.0,15.0,0.4,64.0,18.0,0.3,1.0,13.0,25.0,0.5,10.0,20.0,20.0,Liverpool,10.0,1.0,0.0,4.0,4.0,0.0,68.6,19.0,10.0,0.5,0.0,0.0,563.0,664.0,0.8,5.0,15.0,0.3,56.0,29.0,0.5,3.0,11.0,14.0,0.8,6.0,10.0,10.0,671212,2023-12-26 17:30:00,2023
Manchester United,10.0,1.0,0.0,9.0,3.0,1.0,45.7,13.0,7.0,0.5,0.0,0.0,313.0,393.0,0.8,2.0,16.0,0.1,53.0,20.0,0.4,3.0,16.0,21.0,0.8,20.0,26.0,26.0,Aston Villa,10.0,3.0,0.0,0.0,6.0,4.0,54.3,10.0,4.0,0.4,0.0,0.0,379.0,462.0,0.8,5.0,21.0,0.2,43.0,24.0,0.6,4.0,8.0,14.0,0.6,7.0,14.0,14.0,671215,2023-12-26 20:00:00,2023
Chelsea,13.0,3.0,0.0,3.0,4.0,4.0,63.8,9.0,4.0,0.4,1.0,1.0,572.0,644.0,0.9,1.0,8.0,0.1,50.0,23.0,0.5,2.0,16.0,21.0,0.8,6.0,22.0,22.0,Crystal Palace,16.0,2.0,0.0,6.0,3.0,1.0,36.2,13.0,5.0,0.4,0.0,0.0,287.0,352.0,0.8,3.0,15.0,0.2,45.0,23.0,0.5,5.0,15.0,25.0,0.6,8.0,12.0,12.0,671213,2023-12-27 19:30:00,2023
Brentford,5.0,1.0,0.0,1.0,8.0,1.0,60.5,14.0,4.0,0.3,0.0,0.0,491.0,610.0,0.8,8.0,30.0,0.3,58.0,26.0,0.4,5.0,9.0,14.0,0.6,6.0,11.0,11.0,Wolverhampton Wanderers,14.0,1.0,0.0,3.0,2.0,3.0,39.5,11.0,5.0,0.5,0.0,0.0,305.0,410.0,0.7,2.0,8.0,0.3,72.0,19.0,0.3,4.0,12.0,25.0,0.5,9.0,39.0,39.0,671220,2023-12-27 19:30:00,2023
Everton,13.0,4.0,0.0,1.0,4.0,6.0,27.7,7.0,2.0,0.3,0.0,0.0,211.0,293.0,0.7,5.0,15.0,0.3,58.0,29.0,0.5,0.0,5.0,15.0,0.3,9.0,21.0,21.0,Manchester City,5.0,2.0,0.0,1.0,8.0,1.0,72.3,23.0,9.0,0.4,1.0,1.0,701.0,772.0,0.9,4.0,18.0,0.2,52.0,39.0,0.8,6.0,7.0,12.0,0.6,4.0,17.0,17.0,671214,2023-12-27 20:15:00,2023
Brighton & Hove Albion,18.0,3.0,0.0,2.0,7.0,1.0,45.2,15.0,9.0,0.6,2.0,2.0,379.0,459.0,0.8,4.0,11.0,0.4,54.0,22.0,0.4,3.0,12.0,16.0,0.8,13.0,29.0,29.0,Tottenham Hotspur,6.0,2.0,0.0,5.0,6.0,5.0,54.8,19.0,3.0,0.2,0.0,0.0,456.0,537.0,0.8,6.0,26.0,0.2,37.0,19.0,0.5,8.0,8.0,16.0,0.5,11.0,12.0,12.0,671211,2023-12-28 19:30:00,2023
Arsenal,8.0,2.0,0.0,0.0,10.0,1.0,74.1,30.0,8.0,0.3,0.0,0.0,679.0,749.0,0.9,7.0,30.0,0.2,14.0,5.0,0.4,10.0,7.0,20.0,0.4,6.0,9.0,9.0,West Ham United,8.0,0.0,0.0,1.0,3.0,8.0,25.9,6.0,3.0,0.5,0.0,1.0,184.0,265.0,0.7,2.0,8.0,0.3,63.0,20.0,0.3,2.0,11.0,24.0,0.5,8.0,38.0,38.0,671218,2023-12-28 20:15:00,2023
Luton Town,14.0,2.0,0.0,5.0,7.0,5.0,51.4,15.0,6.0,0.4,0.0,0.0,339.0,406.0,0.8,11.0,36.0,0.3,46.0,22.0,0.5,5.0,13.0,21.0,0.6,10.0,4.0,4.0,Chelsea,21.0,2.0,0.0,1.0,2.0,4.0,48.6,12.0,8.0,0.7,0.0,0.0,346.0,418.0,0.8,0.0,2.0,0.0,73.0,39.0,0.5,2.0,16.0,26.0,0.6,5.0,25.0,25.0,671228,2023-12-30 12:30:00,2023
Manchester City,5.0,1.0,0.0,1.0,12.0,2.0,80.6,18.0,4.0,0.2,0.0,0.0,944.0,1000.0,0.9,2.0,14.0,0.1,47.0,39.0,0.8,6.0,4.0,7.0,0.6,2.0,10.0,10.0,Sheffield United,6.0,1.0,0.0,2.0,2.0,2.0,19.4,4.0,2.0,0.5,0.0,0.0,174.0,233.0,0.7,3.0,7.0,0.4,45.0,10.0,0.2,2.0,7.0,15.0,0.5,7.0,25.0,25.0,671225,2023-12-30 15:00:00,2023
Aston Villa,9.0,4.0,0.0,1.0,6.0,3.0,65.7,19.0,7.0,0.4,1.0,1.0,396.0,465.0,0.9,1.0,17.0,0.1,39.0,19.0,0.5,5.0,5.0,10.0,0.5,4.0,12.0,12.0,Burnley,14.0,1.0,1.0,6.0,2.0,4.0,34.3,9.0,5.0,0.6,0.0,0.0,173.0,240.0,0.7,2.0,10.0,0.2,59.0,24.0,0.4,1.0,7.0,14.0,0.5,5.0,14.0,14.0,671227,2023-12-30 15:00:00,2023
Crystal Palace,14.0,0.0,0.0,1.0,7.0,4.0,46.4,13.0,6.0,0.5,0.0,0.0,362.0,443.0,0.8,8.0,24.0,0.3,67.0,34.0,0.5,3.0,9.0,17.0,0.5,9.0,28.0,28.0,Brentford,10.0,1.0,0.0,1.0,4.0,3.0,53.6,9.0,4.0,0.4,0.0,0.0,411.0,510.0,0.8,5.0,24.0,0.2,62.0,24.0,0.4,1.0,13.0,20.0,0.7,9.0,18.0,18.0,671226,2023-12-30 15:00:00,2023
Wolverhampton Wanderers,9.0,2.0,0.0,3.0,5.0,0.0,52.8,12.0,6.0,0.5,0.0,0.0,417.0,512.0,0.8,3.0,19.0,0.2,71.0,28.0,0.4,3.0,12.0,19.0,0.6,9.0,17.0,17.0,Everton,14.0,3.0,0.0,1.0,2.0,4.0,47.2,10.0,0.0,0.0,0.0,0.0,361.0,457.0,0.8,3.0,16.0,0.2,48.0,23.0,0.5,4.0,15.0,23.0,0.7,14.0,26.0,26.0,671222,2023-12-30 15:00:00,2023
Nottingham Forest,9.0,2.0,0.0,1.0,4.0,4.0,45.2,8.0,2.0,0.3,0.0,0.0,310.0,397.0,0.8,2.0,17.0,0.1,59.0,25.0,0.4,3.0,17.0,26.0,0.7,5.0,25.0,25.0,Manchester United,11.0,4.0,0.0,2.0,5.0,0.0,54.8,10.0,5.0,0.5,0.0,0.0,395.0,489.0,0.8,4.0,17.0,0.2,47.0,23.0,0.5,3.0,8.0,14.0,0.6,8.0,23.0,23.0,671230,2023-12-30 17:30:00,2023
Fulham,11.0,4.0,0.0,4.0,5.0,2.0,39.5,15.0,4.0,0.3,0.0,0.0,340.0,412.0,0.8,6.0,19.0,0.3,56.0,28.0,0.5,6.0,6.0,15.0,0.4,17.0,22.0,22.0,Arsenal,10.0,1.0,0.0,0.0,4.0,2.0,60.5,13.0,3.0,0.2,0.0,0.0,562.0,637.0,0.9,2.0,20.0,0.1,24.0,8.0,0.3,3.0,9.0,13.0,0.7,7.0,13.0,13.0,671221,2023-12-31 14:00:00,2023
Tottenham Hotspur,9.0,3.0,0.0,4.0,4.0,3.0,50.8,12.0,6.0,0.5,0.0,0.0,355.0,436.0,0.8,2.0,12.0,0.2,47.0,18.0,0.4,2.0,11.0,23.0,0.5,7.0,23.0,23.0,AFC Bournemouth,18.0,2.0,0.0,3.0,13.0,3.0,49.2,24.0,4.0,0.2,0.0,0.0,344.0,407.0,0.8,12.0,29.0,0.4,62.0,40.0,0.6,11.0,10.0,19.0,0.5,13.0,15.0,15.0,671224,2023-12-31 14:00:00,2023
Liverpool,16.0,3.0,0.0,1.0,7.0,1.0,61.9,34.0,15.0,0.4,1.0,2.0,471.0,555.0,0.8,6.0,23.0,0.3,62.0,34.0,0.5,12.0,7.0,15.0,0.5,11.0,1.0,1.0,Newcastle United,15.0,5.0,0.0,3.0,3.0,10.0,38.1,5.0,3.0,0.6,0.0,0.0,264.0,350.0,0.8,1.0,5.0,0.2,52.0,17.0,0.3,1.0,13.0,20.0,0.7,9.0,39.0,39.0,671229,2024-01-01 20:00:00,2024
West Ham United,4.0,1.0,0.0,3.0,2.0,8.0,31.4,6.0,2.0,0.3,0.0,0.0,311.0,382.0,0.8,3.0,17.0,0.2,53.0,25.0,0.5,0.0,14.0,18.0,0.8,14.0,24.0,24.0,Brighton & Hove Albion,6.0,0.0,0.0,1.0,0.0,2.0,68.6,22.0,8.0,0.4,0.0,0.0,798.0,865.0,0.9,4.0,13.0,0.3,34.0,23.0,0.7,5.0,6.0,12.0,0.5,8.0,15.0,15.0,671223,2024-01-02 19:30:00,2024
Burnley,7.0,1.0,0.0,1.0,2.0,4.0,38.5,13.0,7.0,0.5,0.0,0.0,240.0,342.0,0.7,3.0,10.0,0.3,65.0,18.0,0.3,0.0,9.0,17.0,0.5,12.0,29.0,29.0,Luton Town,12.0,0.0,0.0,4.0,8.0,7.0,61.5,14.0,5.0,0.4,0.0,0.0,439.0,542.0,0.8,3.0,26.0,0.1,66.0,28.0,0.4,6.0,14.0,23.0,0.6,7.0,13.0,13.0,671235,2024-01-12 19:45:00,2024
Chelsea,13.0,5.0,0.0,4.0,6.0,4.0,55.1,17.0,3.0,0.2,1.0,1.0,442.0,524.0,0.8,4.0,19.0,0.2,40.0,21.0,0.5,5.0,8.0,20.0,0.4,7.0,37.0,37.0,Fulham,9.0,1.0,0.0,0.0,4.0,2.0,44.9,14.0,4.0,0.3,0.0,0.0,330.0,423.0,0.8,4.0,17.0,0.2,44.0,22.0,0.5,4.0,15.0,25.0,0.6,18.0,24.0,24.0,671236,2024-01-13 12:30:00,2024
Newcastle United,7.0,1.0,0.0,8.0,3.0,8.0,27.4,12.0,5.0,0.4,0.0,0.0,203.0,277.0,0.7,3.0,8.0,0.4,44.0,15.0,0.3,5.0,13.0,24.0,0.5,9.0,29.0,29.0,Manchester City,7.0,2.0,0.0,1.0,13.0,3.0,72.6,27.0,11.0,0.4,0.0,0.0,677.0,747.0,0.9,2.0,20.0,0.1,47.0,23.0,0.5,9.0,6.0,11.0,0.5,5.0,9.0,9.0,671239,2024-01-13 17:30:00,2024
Everton,13.0,1.0,0.0,5.0,4.0,4.0,31.3,10.0,2.0,0.2,0.0,0.0,149.0,236.0,0.6,2.0,12.0,0.2,62.0,30.0,0.5,3.0,16.0,25.0,0.6,9.0,26.0,26.0,Aston Villa,14.0,4.0,0.0,1.0,5.0,2.0,68.7,16.0,5.0,0.3,0.0,0.0,454.0,530.0,0.9,4.0,20.0,0.2,54.0,22.0,0.4,4.0,7.0,10.0,0.7,4.0,19.0,19.0,671237,2024-01-14 14:00:00,2024
Manchester United,0.0,0.0,0.0,0.0,0.0,0.0,0.0,0.0,0.0,0.0,0.0,0.0,0.0,0.0,0.0,0.0,0.0,0.0,0.0,0.0,0.0,0.0,0.0,0.0,0.0,0.0,0.0,0.0,Tottenham Hotspur,0.0,0.0,0.0,0.0,0.0,0.0,0.0,0.0,0.0,0.0,0.0,0.0,0.0,0.0,0.0,0.0,0.0,0.0,0.0,0.0,0.0,0.0,0.0,0.0,0.0,0.0,0.0,0.0,671238,2024-01-14 16:30:00,2024
Arsenal,8.0,0.0,0.0,5.0,6.0,5.0,60.6,21.0,7.0,0.3,0.0,0.0,487.0,561.0,0.9,6.0,16.0,0.4,44.0,17.0,0.4,7.0,11.0,17.0,0.6,9.0,17.0,17.0,Crystal Palace,12.0,0.0,0.0,2.0,7.0,2.0,39.4,12.0,5.0,0.4,0.0,0.0,284.0,362.0,0.8,1.0,16.0,0.1,55.0,19.0,0.3,2.0,4.0,11.0,0.4,6.0,27.0,27.0,671231,2024-01-20 12:30:00,2024
Brentford,10.0,1.0,0.0,0.0,6.0,1.0,48.0,11.0,5.0,0.5,0.0,0.0,342.0,456.0,0.8,7.0,19.0,0.4,63.0,31.0,0.5,3.0,10.0,16.0,0.6,12.0,27.0,27.0,Nottingham Forest,14.0,3.0,0.0,2.0,4.0,2.0,52.0,12.0,3.0,0.3,0.0,0.0,400.0,496.0,0.8,4.0,20.0,0.2,58.0,26.0,0.4,4.0,9.0,13.0,0.7,9.0,25.0,25.0,671233,2024-01-20 17:30:00,2024
Sheffield United,11.0,3.0,1.0,1.0,4.0,3.0,57.4,21.0,6.0,0.3,1.0,1.0,396.0,496.0,0.8,6.0,17.0,0.4,61.0,31.0,0.5,8.0,8.0,17.0,0.5,6.0,16.0,16.0,West Ham United,10.0,1.0,1.0,2.0,1.0,4.0,42.6,16.0,5.0,0.3,1.0,1.0,273.0,370.0,0.7,3.0,8.0,0.4,53.0,17.0,0.3,6.0,8.0,18.0,0.4,11.0,21.0,21.0,671240,2024-01-21 14:00:00,2024
AFC Bournemouth,9.0,1.0,0.0,1.0,8.0,3.0,39.2,11.0,1.0,0.1,0.0,0.0,235.0,328.0,0.7,3.0,18.0,0.2,63.0,26.0,0.4,6.0,19.0,27.0,0.7,14.0,20.0,20.0,Liverpool,12.0,2.0,0.0,0.0,5.0,1.0,60.8,14.0,7.0,0.5,0.0,0.0,439.0,526.0,0.8,4.0,16.0,0.3,64.0,34.0,0.5,4.0,18.0,32.0,0.6,8.0,26.0,26.0,671232,2024-01-21 16:30:00,2024
Brighton & Hove Albion,10.0,1.0,0.0,3.0,8.0,3.0,71.8,11.0,4.0,0.4,0.0,0.0,717.0,791.0,0.9,8.0,32.0,0.3,41.0,19.0,0.5,6.0,10.0,13.0,0.8,7.0,7.0,7.0,Wolverhampton Wanderers,13.0,4.0,0.0,1.0,2.0,3.0,28.2,8.0,3.0,0.4,0.0,0.0,238.0,312.0,0.8,0.0,6.0,0.0,40.0,15.0,0.4,0.0,8.0,20.0,0.4,13.0,35.0,35.0,671234,2024-01-22 19:45:00,2024
Nottingham Forest,6.0,0.0,0.0,1.0,2.0,2.0,26.6,9.0,3.0,0.3,0.0,0.0,195.0,268.0,0.7,3.0,13.0,0.2,52.0,16.0,0.3,3.0,7.0,15.0,0.5,15.0,45.0,45.0,Arsenal,7.0,1.0,0.0,3.0,11.0,2.0,73.4,19.0,3.0,0.2,0.0,0.0,676.0,759.0,0.9,3.0,24.0,0.1,33.0,15.0,0.5,9.0,8.0,16.0,0.5,5.0,13.0,13.0,671245,2024-01-30 19:30:00,2024
Fulham,6.0,1.0,0.0,3.0,15.0,2.0,69.8,25.0,6.0,0.2,0.0,0.0,527.0,612.0,0.9,11.0,33.0,0.3,55.0,36.0,0.7,6.0,5.0,6.0,0.8,8.0,21.0,21.0,Everton,13.0,2.0,0.0,2.0,6.0,5.0,30.2,21.0,4.0,0.2,0.0,0.0,181.0,262.0,0.7,7.0,17.0,0.4,60.0,24.0,0.4,6.0,12.0,22.0,0.5,11.0,37.0,37.0,671244,2024-01-30 19:45:00,2024
Luton Town,13.0,2.0,0.0,4.0,7.0,2.0,40.9,18.0,8.0,0.4,0.0,0.0,253.0,357.0,0.7,4.0,16.0,0.3,71.0,18.0,0.3,8.0,11.0,17.0,0.6,6.0,15.0,15.0,Brighton & Hove Albion,14.0,2.0,0.0,1.0,4.0,4.0,59.1,9.0,2.0,0.2,0.0,0.0,415.0,542.0,0.8,2.0,6.0,0.3,63.0,16.0,0.3,3.0,13.0,26.0,0.5,5.0,17.0,17.0,671247,2024-01-30 19:45:00,2024
Crystal Palace,8.0,1.0,0.0,2.0,11.0,3.0,53.5,12.0,4.0,0.3,0.0,0.0,392.0,472.0,0.8,5.0,28.0,0.2,52.0,31.0,0.6,3.0,19.0,30.0,0.6,8.0,19.0,19.0,Sheffield United,18.0,4.0,0.0,1.0,1.0,1.0,46.5,9.0,5.0,0.6,0.0,0.0,320.0,428.0,0.7,4.0,7.0,0.6,70.0,25.0,0.4,2.0,26.0,35.0,0.7,15.0,34.0,34.0,671248,2024-01-30 20:00:00,2024
Aston Villa,14.0,4.0,0.0,2.0,8.0,3.0,61.0,12.0,6.0,0.5,0.0,0.0,498.0,569.0,0.9,5.0,23.0,0.2,48.0,24.0,0.5,2.0,9.0,13.0,0.7,3.0,11.0,11.0,Newcastle United,12.0,1.0,0.0,4.0,7.0,4.0,39.0,14.0,5.0,0.4,0.0,0.0,284.0,359.0,0.8,5.0,17.0,0.3,45.0,22.0,0.5,5.0,9.0,19.0,0.5,10.0,27.0,27.0,671241,2024-01-30 20:15:00,2024
Tottenham Hotspur,13.0,2.0,0.0,2.0,5.0,3.0,68.2,19.0,5.0,0.3,0.0,0.0,531.0,618.0,0.9,0.0,18.0,0.0,27.0,11.0,0.4,7.0,15.0,23.0,0.7,9.0,29.0,29.0,Brentford,15.0,3.0,0.0,3.0,3.0,2.0,31.8,9.0,5.0,0.6,0.0,0.0,183.0,276.0,0.7,6.0,22.0,0.3,64.0,27.0,0.4,1.0,9.0,19.0,0.5,17.0,23.0,23.0,671243,2024-01-31 19:30:00,2024
Manchester City,3.0,2.0,0.0,3.0,7.0,2.0,74.1,14.0,4.0,0.3,0.0,0.0,717.0,795.0,0.9,1.0,11.0,0.1,38.0,24.0,0.6,6.0,7.0,10.0,0.7,5.0,8.0,8.0,Burnley,13.0,2.0,0.0,3.0,3.0,1.0,25.9,8.0,3.0,0.4,0.0,0.0,199.0,270.0,0.7,2.0,8.0,0.3,42.0,12.0,0.3,2.0,9.0,20.0,0.5,7.0,19.0,19.0,671250,2024-01-31 19:30:00,2024
Liverpool,15.0,2.0,0.0,3.0,8.0,2.0,50.5,28.0,13.0,0.5,0.0,1.0,472.0,553.0,0.9,8.0,26.0,0.3,49.0,28.0,0.6,9.0,18.0,22.0,0.8,6.0,7.0,7.0,Chelsea,16.0,4.0,0.0,3.0,1.0,9.0,49.5,4.0,3.0,0.8,0.0,0.0,483.0,561.0,0.9,1.0,5.0,0.2,34.0,11.0,0.3,0.0,7.0,14.0,0.5,9.0,33.0,33.0,671249,2024-01-31 20:15:00,2024
West Ham United,13.0,1.0,0.0,1.0,1.0,3.0,48.8,9.0,3.0,0.3,1.0,1.0,356.0,451.0,0.8,5.0,20.0,0.3,68.0,22.0,0.3,3.0,19.0,27.0,0.7,5.0,26.0,26.0,AFC Bournemouth,11.0,3.0,0.0,3.0,5.0,2.0,51.2,9.0,4.0,0.4,0.0,0.0,370.0,482.0,0.8,3.0,13.0,0.2,71.0,20.0,0.3,2.0,14.0,21.0,0.7,7.0,19.0,19.0,671242,2024-02-01 19:30:00,2024
Wolverhampton Wanderers,10.0,2.0,0.0,1.0,4.0,5.0,53.1,16.0,7.0,0.4,1.0,1.0,446.0,511.0,0.9,5.0,20.0,0.3,37.0,25.0,0.7,5.0,15.0,25.0,0.6,3.0,12.0,12.0,Manchester United,10.0,5.0,0.0,2.0,5.0,3.0,46.9,21.0,8.0,0.4,0.0,0.0,386.0,454.0,0.9,5.0,12.0,0.4,39.0,21.0,0.5,6.0,12.0,20.0,0.6,13.0,20.0,20.0,671246,2024-02-01 20:15:00,2024
Everton,8.0,3.0,0.0,5.0,9.0,4.0,42.6,14.0,5.0,0.4,0.0,0.0,252.0,347.0,0.7,8.0,36.0,0.2,75.0,42.0,0.6,3.0,16.0,25.0,0.6,17.0,14.0,14.0,Tottenham Hotspur,14.0,0.0,0.0,1.0,5.0,2.0,57.4,9.0,6.0,0.7,0.0,0.0,385.0,495.0,0.8,1.0,11.0,0.1,36.0,13.0,0.4,1.0,13.0,22.0,0.6,11.0,28.0,28.0,671253,2024-02-03 12:30:00,2024
Burnley,11.0,2.0,0.0,1.0,2.0,5.0,43.7,12.0,4.0,0.3,0.0,0.0,285.0,382.0,0.7,4.0,11.0,0.4,53.0,17.0,0.3,4.0,12.0,15.0,0.8,8.0,30.0,30.0,Fulham,7.0,2.0,0.0,1.0,13.0,2.0,56.3,15.0,7.0,0.5,0.0,0.0,372.0,489.0,0.8,9.0,24.0,0.4,65.0,24.0,0.4,4.0,5.0,10.0,0.5,17.0,21.0,21.0,671260,2024-02-03 15:00:00,2024
Brighton & Hove Albion,8.0,1.0,0.0,2.0,3.0,4.0,68.9,13.0,6.0,0.5,0.0,0.0,817.0,870.0,0.9,5.0,10.0,0.5,34.0,28.0,0.8,7.0,15.0,23.0,0.7,11.0,3.0,3.0,Crystal Palace,14.0,3.0,0.0,2.0,2.0,2.0,31.1,7.0,5.0,0.7,0.0,0.0,329.0,389.0,0.8,2.0,10.0,0.2,31.0,12.0,0.4,1.0,14.0,16.0,0.9,14.0,7.0,7.0,671256,2024-02-03 15:00:00,2024
Newcastle United,13.0,2.0,0.0,0.0,8.0,4.0,54.2,19.0,6.0,0.3,0.0,0.0,317.0,431.0,0.7,4.0,26.0,0.2,56.0,24.0,0.4,7.0,16.0,26.0,0.6,4.0,9.0,9.0,Luton Town,16.0,2.0,0.0,0.0,2.0,2.0,45.8,11.0,8.0,0.7,1.0,1.0,306.0,379.0,0.8,3.0,11.0,0.3,51.0,18.0,0.4,3.0,6.0,14.0,0.4,15.0,34.0,34.0,671251,2024-02-03 15:00:00,2024
Sheffield United,10.0,1.0,0.0,6.0,3.0,4.0,35.9,10.0,5.0,0.5,0.0,0.0,278.0,353.0,0.8,2.0,9.0,0.2,49.0,19.0,0.4,3.0,8.0,17.0,0.5,8.0,13.0,13.0,Aston Villa,7.0,0.0,0.0,0.0,4.0,4.0,64.1,14.0,10.0,0.7,0.0,0.0,562.0,633.0,0.9,4.0,12.0,0.3,51.0,35.0,0.7,0.0,5.0,8.0,0.6,8.0,13.0,13.0,671255,2024-02-03 17:30:00,2024
AFC Bournemouth,19.0,3.0,1.0,1.0,11.0,5.0,44.4,9.0,2.0,0.2,0.0,0.0,229.0,330.0,0.7,4.0,23.0,0.2,63.0,18.0,0.3,7.0,10.0,15.0,0.7,13.0,13.0,13.0,Nottingham Forest,12.0,2.0,0.0,1.0,6.0,0.0,55.6,8.0,6.0,0.8,0.0,0.0,329.0,427.0,0.8,1.0,20.0,0.1,48.0,17.0,0.4,0.0,18.0,31.0,0.6,6.0,28.0,28.0,671258,2024-02-04 14:00:00,2024
Manchester United,10.0,0.0,0.0,1.0,5.0,4.0,51.1,12.0,5.0,0.4,0.0,0.0,452.0,528.0,0.9,2.0,9.0,0.2,51.0,28.0,0.5,2.0,10.0,18.0,0.6,5.0,22.0,22.0,West Ham United,5.0,1.0,0.0,0.0,8.0,2.0,48.9,22.0,3.0,0.1,0.0,0.0,421.0,482.0,0.9,6.0,32.0,0.2,39.0,19.0,0.5,8.0,11.0,16.0,0.7,11.0,18.0,18.0,671252,2024-02-04 14:00:00,2024
Chelsea,15.0,3.0,0.0,3.0,10.0,4.0,64.4,15.0,6.0,0.4,0.0,0.0,565.0,637.0,0.9,4.0,25.0,0.2,35.0,25.0,0.7,2.0,7.0,13.0,0.5,7.0,12.0,12.0,Wolverhampton Wanderers,11.0,2.0,0.0,0.0,1.0,2.0,35.6,14.0,7.0,0.5,1.0,1.0,282.0,356.0,0.8,1.0,6.0,0.2,56.0,20.0,0.4,3.0,12.0,18.0,0.7,8.0,26.0,26.0,671254,2024-02-04 14:00:00,2024
Arsenal,11.0,6.0,0.0,3.0,2.0,1.0,42.6,15.0,7.0,0.5,0.0,0.0,304.0,390.0,0.8,2.0,12.0,0.2,54.0,19.0,0.4,5.0,11.0,21.0,0.5,11.0,23.0,23.0,Liverpool,11.0,2.0,1.0,1.0,4.0,4.0,57.4,10.0,1.0,0.1,0.0,0.0,441.0,528.0,0.8,2.0,19.0,0.1,59.0,27.0,0.5,2.0,6.0,11.0,0.5,8.0,15.0,15.0,671259,2024-02-04 16:30:00,2024
Brentford,2.0,1.0,0.0,2.0,8.0,12.0,28.1,9.0,3.0,0.3,0.0,0.0,203.0,279.0,0.7,6.0,22.0,0.3,58.0,27.0,0.5,3.0,7.0,18.0,0.4,11.0,31.0,31.0,Manchester City,4.0,0.0,0.0,0.0,13.0,1.0,71.9,25.0,15.0,0.6,0.0,0.0,679.0,750.0,0.9,6.0,28.0,0.2,39.0,25.0,0.6,7.0,8.0,11.0,0.7,5.0,23.0,23.0,671257,2024-02-05 20:00:00,2024
Manchester City,6.0,0.0,0.0,1.0,9.0,1.0,72.5,19.0,3.0,0.2,0.0,0.0,709.0,772.0,0.9,5.0,29.0,0.2,50.0,33.0,0.7,11.0,6.0,12.0,0.5,6.0,7.0,7.0,Everton,11.0,2.0,0.0,2.0,0.0,1.0,27.5,5.0,1.0,0.2,0.0,0.0,222.0,294.0,0.8,2.0,8.0,0.3,49.0,17.0,0.3,1.0,12.0,21.0,0.6,8.0,33.0,33.0,671264,2024-02-10 12:30:00,2024
Luton Town,7.0,1.0,0.0,2.0,13.0,0.0,75.0,20.0,5.0,0.3,1.0,1.0,479.0,563.0,0.9,11.0,43.0,0.3,54.0,24.0,0.4,7.0,11.0,17.0,0.6,7.0,22.0,22.0,Sheffield United,12.0,2.0,0.0,0.0,1.0,4.0,25.0,7.0,3.0,0.4,1.0,1.0,110.0,192.0,0.6,1.0,11.0,0.1,62.0,14.0,0.2,1.0,13.0,26.0,0.5,5.0,44.0,44.0,671270,2024-02-10 15:00:00,2024
Fulham,11.0,1.0,0.0,1.0,1.0,4.0,49.2,7.0,6.0,0.9,0.0,0.0,342.0,453.0,0.8,2.0,14.0,0.1,74.0,34.0,0.5,0.0,14.0,20.0,0.7,8.0,37.0,37.0,AFC Bournemouth,11.0,2.0,0.0,3.0,14.0,4.0,50.8,25.0,4.0,0.2,0.0,0.0,351.0,448.0,0.8,6.0,29.0,0.2,55.0,21.0,0.4,12.0,10.0,17.0,0.6,7.0,20.0,20.0,671268,2024-02-10 15:00:00,2024
Wolverhampton Wanderers,11.0,2.0,0.0,1.0,7.0,4.0,71.1,17.0,5.0,0.3,0.0,0.0,565.0,651.0,0.9,6.0,40.0,0.2,54.0,25.0,0.5,4.0,11.0,18.0,0.6,8.0,9.0,9.0,Brentford,9.0,3.0,0.0,0.0,4.0,5.0,28.9,9.0,6.0,0.7,0.0,0.0,165.0,272.0,0.6,4.0,9.0,0.4,68.0,24.0,0.4,0.0,9.0,17.0,0.5,13.0,33.0,33.0,671265,2024-02-10 15:00:00,2024
Tottenham Hotspur,14.0,2.0,0.0,4.0,9.0,2.0,52.5,16.0,6.0,0.4,0.0,0.0,447.0,527.0,0.8,2.0,20.0,0.1,23.0,14.0,0.6,6.0,3.0,10.0,0.3,15.0,21.0,21.0,Brighton & Hove Albion,13.0,3.0,0.0,6.0,6.0,4.0,47.5,6.0,3.0,0.5,1.0,1.0,394.0,475.0,0.8,3.0,17.0,0.2,40.0,20.0,0.5,2.0,10.0,16.0,0.6,13.0,24.0,24.0,671262,2024-02-10 15:00:00,2024
Liverpool,11.0,3.0,0.0,2.0,9.0,3.0,70.8,25.0,10.0,0.4,0.0,0.0,581.0,670.0,0.9,8.0,32.0,0.3,53.0,29.0,0.5,9.0,14.0,22.0,0.6,4.0,15.0,15.0,Burnley,13.0,2.0,0.0,2.0,3.0,7.0,29.2,9.0,4.0,0.4,0.0,0.0,185.0,277.0,0.7,2.0,9.0,0.2,67.0,19.0,0.3,1.0,9.0,14.0,0.6,6.0,38.0,38.0,671269,2024-02-10 15:00:00,2024
Nottingham Forest,9.0,1.0,0.0,3.0,4.0,2.0,37.7,13.0,3.0,0.2,0.0,0.0,289.0,365.0,0.8,1.0,19.0,0.1,46.0,15.0,0.3,5.0,8.0,20.0,0.4,2.0,18.0,18.0,Newcastle United,6.0,2.0,0.0,0.0,4.0,1.0,62.3,7.0,5.0,0.7,0.0,0.0,546.0,624.0,0.9,4.0,12.0,0.3,60.0,31.0,0.5,1.0,5.0,14.0,0.4,5.0,34.0,34.0,671263,2024-02-10 17:30:00,2024
West Ham United,17.0,4.0,0.0,2.0,2.0,6.0,29.5,5.0,1.0,0.2,0.0,0.0,211.0,287.0,0.7,0.0,12.0,0.0,60.0,17.0,0.3,4.0,11.0,21.0,0.5,5.0,23.0,23.0,Arsenal,11.0,0.0,0.0,2.0,6.0,1.0,70.5,25.0,12.0,0.5,1.0,1.0,646.0,692.0,0.9,8.0,24.0,0.3,26.0,19.0,0.7,4.0,7.0,12.0,0.6,5.0,14.0,14.0,671261,2024-02-11 14:00:00,2024
Aston Villa,9.0,3.0,0.0,0.0,10.0,3.0,55.9,23.0,10.0,0.4,0.0,0.0,427.0,491.0,0.9,3.0,23.0,0.1,29.0,10.0,0.3,7.0,8.0,10.0,0.8,12.0,14.0,14.0,Manchester United,7.0,2.0,0.0,6.0,8.0,8.0,44.1,17.0,5.0,0.3,0.0,0.0,312.0,388.0,0.8,8.0,16.0,0.5,53.0,16.0,0.3,7.0,14.0,25.0,0.6,8.0,28.0,28.0,671266,2024-02-11 16:30:00,2024
Crystal Palace,15.0,2.0,0.0,2.0,1.0,2.0,22.7,13.0,4.0,0.3,0.0,0.0,161.0,244.0,0.7,3.0,8.0,0.4,58.0,17.0,0.3,5.0,19.0,22.0,0.9,10.0,35.0,35.0,Chelsea,7.0,2.0,0.0,4.0,7.0,3.0,77.3,14.0,5.0,0.4,0.0,0.0,749.0,835.0,0.9,6.0,29.0,0.2,50.0,33.0,0.7,5.0,9.0,16.0,0.6,6.0,7.0,7.0,671267,2024-02-12 20:00:00,2024
Brentford,4.0,2.0,0.0,3.0,1.0,4.0,37.0,15.0,6.0,0.4,0.0,0.0,247.0,357.0,0.7,3.0,11.0,0.3,62.0,24.0,0.4,2.0,6.0,16.0,0.4,13.0,21.0,21.0,Liverpool,18.0,1.0,0.0,2.0,6.0,5.0,63.0,15.0,8.0,0.5,0.0,0.0,508.0,614.0,0.8,5.0,16.0,0.3,58.0,18.0,0.3,2.0,10.0,12.0,0.8,8.0,17.0,17.0,671279,2024-02-17 12:30:00,2024
Burnley,11.0,2.0,0.0,5.0,4.0,2.0,34.9,8.0,0.0,0.0,0.0,0.0,232.0,316.0,0.7,5.0,12.0,0.4,56.0,17.0,0.3,3.0,8.0,17.0,0.5,6.0,21.0,21.0,Arsenal,8.0,1.0,0.0,1.0,6.0,0.0,65.1,16.0,7.0,0.4,1.0,1.0,522.0,603.0,0.9,1.0,10.0,0.1,44.0,26.0,0.6,5.0,11.0,15.0,0.7,5.0,13.0,13.0,671280,2024-02-17 15:00:00,2024
Tottenham Hotspur,8.0,0.0,0.0,1.0,10.0,5.0,71.2,15.0,4.0,0.3,0.0,0.0,664.0,748.0,0.9,5.0,35.0,0.1,17.0,10.0,0.6,4.0,13.0,23.0,0.6,14.0,7.0,7.0,Wolverhampton Wanderers,13.0,1.0,0.0,2.0,4.0,4.0,28.8,12.0,7.0,0.6,0.0,0.0,214.0,300.0,0.7,6.0,13.0,0.5,56.0,16.0,0.3,1.0,11.0,16.0,0.7,11.0,38.0,38.0,671277,2024-02-17 15:00:00,2024
Nottingham Forest,13.0,4.0,0.0,1.0,5.0,3.0,48.4,19.0,8.0,0.4,0.0,0.0,334.0,406.0,0.8,3.0,15.0,0.2,49.0,22.0,0.4,4.0,6.0,21.0,0.3,6.0,19.0,19.0,West Ham United,15.0,4.0,1.0,1.0,3.0,6.0,51.6,10.0,3.0,0.3,0.0,0.0,355.0,430.0,0.8,3.0,22.0,0.1,46.0,18.0,0.4,5.0,12.0,17.0,0.7,6.0,15.0,15.0,671275,2024-02-17 15:00:00,2024
Newcastle United,9.0,1.0,0.0,0.0,4.0,4.0,62.6,17.0,5.0,0.3,1.0,1.0,376.0,478.0,0.8,5.0,17.0,0.3,50.0,25.0,0.5,2.0,11.0,16.0,0.7,6.0,16.0,16.0,AFC Bournemouth,23.0,3.0,0.0,3.0,2.0,4.0,37.4,12.0,7.0,0.6,0.0,0.0,178.0,275.0,0.6,3.0,19.0,0.2,70.0,26.0,0.4,1.0,12.0,22.0,0.5,9.0,23.0,23.0,671274,2024-02-17 15:00:00,2024
Fulham,11.0,5.0,0.0,2.0,4.0,1.0,52.2,15.0,4.0,0.3,0.0,0.0,384.0,450.0,0.9,9.0,30.0,0.3,51.0,26.0,0.5,1.0,8.0,14.0,0.6,3.0,10.0,10.0,Aston Villa,6.0,2.0,0.0,6.0,4.0,3.0,47.8,12.0,3.0,0.3,0.0,0.0,360.0,425.0,0.8,3.0,10.0,0.3,45.0,18.0,0.4,3.0,8.0,11.0,0.7,4.0,28.0,28.0,671271,2024-02-17 15:00:00,2024
Manchester City,7.0,1.0,0.0,0.0,12.0,5.0,70.4,31.0,5.0,0.2,0.0,0.0,647.0,711.0,0.9,16.0,47.0,0.3,36.0,26.0,0.7,14.0,8.0,15.0,0.5,5.0,10.0,10.0,Chelsea,12.0,3.0,0.0,5.0,1.0,4.0,29.6,9.0,6.0,0.7,0.0,0.0,249.0,307.0,0.8,2.0,8.0,0.3,44.0,21.0,0.5,1.0,11.0,28.0,0.4,8.0,53.0,53.0,671273,2024-02-17 17:30:00,2024
Sheffield United,3.0,1.0,1.0,2.0,5.0,7.0,20.6,6.0,1.0,0.2,0.0,0.0,154.0,226.0,0.7,3.0,10.0,0.3,59.0,13.0,0.2,3.0,7.0,8.0,0.9,4.0,37.0,37.0,Brighton & Hove Albion,5.0,4.0,0.0,2.0,10.0,1.0,79.4,24.0,10.0,0.4,0.0,0.0,819.0,871.0,0.9,10.0,40.0,0.3,24.0,17.0,0.7,9.0,10.0,15.0,0.7,4.0,13.0,13.0,671276,2024-02-18 14:00:00,2024
Luton Town,7.0,3.0,0.0,4.0,8.0,6.0,58.5,22.0,4.0,0.2,0.0,0.0,441.0,528.0,0.8,8.0,35.0,0.2,41.0,20.0,0.5,8.0,4.0,14.0,0.3,8.0,12.0,12.0,Manchester United,21.0,5.0,0.0,1.0,6.0,3.0,41.5,21.0,9.0,0.4,0.0,0.0,299.0,391.0,0.8,1.0,12.0,0.1,71.0,33.0,0.5,7.0,7.0,14.0,0.5,13.0,26.0,26.0,671278,2024-02-18 16:30:00,2024
Everton,8.0,0.0,0.0,1.0,3.0,2.0,62.7,19.0,4.0,0.2,0.0,0.0,423.0,527.0,0.8,11.0,32.0,0.3,72.0,40.0,0.6,5.0,17.0,25.0,0.7,16.0,15.0,15.0,Crystal Palace,12.0,2.0,0.0,2.0,6.0,3.0,37.3,10.0,4.0,0.4,0.0,0.0,204.0,315.0,0.6,4.0,18.0,0.2,65.0,18.0,0.3,3.0,8.0,15.0,0.5,4.0,37.0,37.0,671272,2024-02-19 20:00:00,2024
Manchester City,12.0,2.0,0.0,1.0,10.0,2.0,69.9,25.0,11.0,0.4,0.0,0.0,656.0,712.0,0.9,7.0,30.0,0.2,32.0,17.0,0.5,5.0,5.0,6.0,0.8,9.0,20.0,20.0,Brentford,6.0,4.0,0.0,3.0,1.0,9.0,30.1,6.0,2.0,0.3,0.0,0.0,227.0,304.0,0.7,3.0,11.0,0.3,56.0,26.0,0.5,1.0,8.0,11.0,0.7,8.0,27.0,27.0,671203,2024-02-20 19:30:00,2024
Liverpool,15.0,1.0,0.0,2.0,13.0,2.0,60.8,29.0,13.0,0.4,0.0,0.0,421.0,508.0,0.8,6.0,22.0,0.3,53.0,20.0,0.4,8.0,13.0,21.0,0.6,6.0,20.0,20.0,Luton Town,14.0,4.0,0.0,3.0,4.0,9.0,39.2,12.0,3.0,0.3,0.0,0.0,242.0,329.0,0.7,2.0,13.0,0.2,61.0,23.0,0.4,6.0,12.0,22.0,0.5,5.0,34.0,34.0,671284,2024-02-21 19:30:00,2024
Manchester United,6.0,2.0,0.0,2.0,10.0,3.0,56.8,21.0,9.0,0.4,0.0,0.0,464.0,537.0,0.9,2.0,14.0,0.1,44.0,25.0,0.6,6.0,9.0,14.0,0.6,9.0,18.0,18.0,Fulham,11.0,5.0,0.0,1.0,9.0,7.0,43.2,17.0,5.0,0.3,0.0,0.0,326.0,400.0,0.8,4.0,19.0,0.2,39.0,16.0,0.4,4.0,12.0,18.0,0.7,8.0,24.0,24.0,671290,2024-02-24 15:00:00,2024
Aston Villa,7.0,1.0,0.0,1.0,7.0,1.0,58.1,16.0,6.0,0.4,0.0,0.0,469.0,512.0,0.9,3.0,13.0,0.2,31.0,16.0,0.5,5.0,7.0,13.0,0.5,1.0,22.0,22.0,Nottingham Forest,16.0,2.0,0.0,2.0,2.0,2.0,41.9,10.0,3.0,0.3,0.0,0.0,321.0,372.0,0.9,2.0,7.0,0.3,30.0,14.0,0.5,1.0,15.0,23.0,0.7,7.0,11.0,11.0,671289,2024-02-24 15:00:00,2024
Crystal Palace,8.0,3.0,0.0,6.0,12.0,0.0,55.8,15.0,6.0,0.4,1.0,1.0,377.0,477.0,0.8,11.0,33.0,0.3,60.0,26.0,0.4,3.0,7.0,13.0,0.5,6.0,12.0,12.0,Burnley,14.0,1.0,1.0,2.0,3.0,3.0,44.2,2.0,0.0,0.0,0.0,0.0,280.0,393.0,0.7,1.0,8.0,0.1,77.0,20.0,0.3,1.0,6.0,14.0,0.4,3.0,32.0,32.0,671283,2024-02-24 15:00:00,2024
Brighton & Hove Albion,9.0,2.0,1.0,1.0,11.0,1.0,64.6,23.0,7.0,0.3,0.0,0.0,573.0,638.0,0.9,7.0,26.0,0.3,40.0,24.0,0.6,11.0,8.0,16.0,0.5,4.0,12.0,12.0,Everton,14.0,3.0,0.0,3.0,3.0,6.0,35.4,6.0,3.0,0.5,0.0,0.0,280.0,350.0,0.8,5.0,10.0,0.5,58.0,25.0,0.4,1.0,8.0,13.0,0.6,10.0,28.0,28.0,671287,2024-02-24 15:00:00,2024
AFC Bournemouth,14.0,2.0,0.0,3.0,3.0,5.0,37.9,13.0,4.0,0.3,0.0,0.0,273.0,351.0,0.8,2.0,13.0,0.2,61.0,25.0,0.4,4.0,12.0,23.0,0.5,11.0,26.0,26.0,Manchester City,6.0,2.0,0.0,0.0,8.0,4.0,62.1,15.0,6.0,0.4,0.0,0.0,493.0,582.0,0.8,3.0,16.0,0.2,44.0,21.0,0.5,6.0,7.0,12.0,0.6,6.0,14.0,14.0,671288,2024-02-24 17:30:00,2024
Arsenal,15.0,1.0,0.0,3.0,9.0,1.0,54.8,18.0,8.0,0.4,0.0,0.0,472.0,557.0,0.8,4.0,14.0,0.3,58.0,24.0,0.4,4.0,9.0,11.0,0.8,9.0,6.0,6.0,Newcastle United,6.0,0.0,0.0,2.0,0.0,4.0,45.2,3.0,2.0,0.7,0.0,0.0,370.0,462.0,0.8,3.0,7.0,0.4,60.0,24.0,0.4,0.0,5.0,11.0,0.5,5.0,21.0,21.0,671281,2024-02-24 20:00:00,2024
Wolverhampton Wanderers,8.0,2.0,0.0,1.0,5.0,4.0,63.5,13.0,2.0,0.2,0.0,0.0,529.0,608.0,0.9,5.0,21.0,0.2,48.0,26.0,0.5,3.0,15.0,23.0,0.7,4.0,25.0,25.0,Sheffield United,4.0,1.0,0.0,0.0,6.0,1.0,36.5,12.0,4.0,0.3,0.0,0.0,259.0,341.0,0.8,5.0,18.0,0.3,50.0,18.0,0.4,4.0,13.0,17.0,0.8,8.0,21.0,21.0,671286,2024-02-25 13:30:00,2024
West Ham United,5.0,1.0,0.0,2.0,1.0,5.0,41.3,17.0,6.0,0.4,0.0,0.0,305.0,396.0,0.8,8.0,16.0,0.5,54.0,22.0,0.4,1.0,11.0,15.0,0.7,17.0,35.0,35.0,Brentford,9.0,2.0,0.0,4.0,7.0,2.0,58.7,14.0,8.0,0.6,0.0,0.0,445.0,551.0,0.8,8.0,33.0,0.2,40.0,17.0,0.4,5.0,16.0,31.0,0.5,12.0,17.0,17.0,671285,2024-02-26 20:00:00,2024
Brentford,10.0,3.0,0.0,1.0,0.0,3.0,31.9,14.0,5.0,0.4,0.0,0.0,206.0,297.0,0.7,9.0,13.0,0.7,62.0,27.0,0.4,2.0,11.0,22.0,0.5,18.0,20.0,20.0,Chelsea,9.0,1.0,0.0,4.0,6.0,3.0,68.1,17.0,6.0,0.4,0.0,0.0,545.0,642.0,0.8,5.0,17.0,0.3,55.0,21.0,0.4,5.0,13.0,26.0,0.5,6.0,16.0,16.0,671295,2024-03-02 15:00:00,2024
Newcastle United,8.0,0.0,0.0,0.0,3.0,3.0,44.2,14.0,7.0,0.5,0.0,0.0,354.0,451.0,0.8,2.0,11.0,0.2,56.0,23.0,0.4,3.0,8.0,19.0,0.4,5.0,15.0,15.0,Wolverhampton Wanderers,11.0,1.0,0.0,2.0,5.0,3.0,55.8,12.0,3.0,0.3,0.0,0.0,480.0,564.0,0.9,5.0,19.0,0.3,52.0,22.0,0.4,3.0,7.0,8.0,0.9,11.0,13.0,13.0,671298,2024-03-02 15:00:00,2024
Tottenham Hotspur,7.0,1.0,0.0,2.0,11.0,0.0,78.2,14.0,6.0,0.4,0.0,0.0,732.0,818.0,0.9,3.0,28.0,0.1,29.0,18.0,0.6,2.0,11.0,18.0,0.6,5.0,7.0,7.0,Crystal Palace,16.0,2.0,0.0,5.0,1.0,3.0,21.8,4.0,1.0,0.3,0.0,0.0,158.0,226.0,0.7,1.0,8.0,0.1,52.0,24.0,0.5,1.0,7.0,16.0,0.4,13.0,30.0,30.0,671291,2024-03-02 15:00:00,2024
Fulham,16.0,1.0,0.0,2.0,2.0,5.0,29.5,12.0,5.0,0.4,0.0,0.0,217.0,307.0,0.7,3.0,14.0,0.2,52.0,14.0,0.3,3.0,12.0,24.0,0.5,8.0,27.0,27.0,Brighton & Hove Albion,10.0,2.0,0.0,4.0,6.0,2.0,70.5,15.0,5.0,0.3,0.0,0.0,660.0,742.0,0.9,6.0,28.0,0.2,40.0,21.0,0.5,3.0,12.0,16.0,0.8,8.0,12.0,12.0,671297,2024-03-02 15:00:00,2024
Everton,9.0,1.0,0.0,2.0,4.0,2.0,55.0,22.0,11.0,0.5,0.0,1.0,406.0,498.0,0.8,2.0,30.0,0.1,71.0,34.0,0.5,7.0,6.0,10.0,0.6,3.0,11.0,11.0,West Ham United,6.0,2.0,0.0,1.0,5.0,9.0,45.0,12.0,5.0,0.4,0.0,0.0,305.0,407.0,0.7,6.0,21.0,0.3,58.0,20.0,0.3,2.0,7.0,23.0,0.3,13.0,30.0,30.0,671293,2024-03-02 15:00:00,2024
Nottingham Forest,11.0,3.0,0.0,2.0,3.0,1.0,29.4,8.0,2.0,0.3,0.0,0.0,187.0,278.0,0.7,1.0,10.0,0.1,56.0,18.0,0.3,3.0,10.0,20.0,0.5,11.0,26.0,26.0,Liverpool,12.0,2.0,0.0,1.0,12.0,2.0,70.6,22.0,2.0,0.1,0.0,0.0,571.0,662.0,0.9,9.0,24.0,0.4,45.0,25.0,0.6,11.0,14.0,20.0,0.7,7.0,11.0,11.0,671299,2024-03-02 15:00:00,2024
Luton Town,8.0,1.0,0.0,3.0,8.0,5.0,46.5,14.0,5.0,0.4,0.0,0.0,307.0,365.0,0.8,5.0,31.0,0.2,46.0,14.0,0.3,5.0,7.0,12.0,0.6,8.0,17.0,17.0,Aston Villa,19.0,4.0,0.0,1.0,6.0,2.0,53.5,12.0,8.0,0.7,0.0,0.0,379.0,443.0,0.9,4.0,12.0,0.3,51.0,29.0,0.6,0.0,9.0,15.0,0.6,3.0,25.0,25.0,671296,2024-03-02 17:30:00,2024
Burnley,8.0,2.0,0.0,2.0,7.0,1.0,74.7,20.0,6.0,0.3,0.0,0.0,497.0,608.0,0.8,7.0,26.0,0.3,52.0,20.0,0.4,6.0,10.0,19.0,0.5,2.0,12.0,12.0,AFC Bournemouth,13.0,4.0,0.0,4.0,2.0,5.0,25.3,10.0,3.0,0.3,0.0,0.0,116.0,206.0,0.6,2.0,9.0,0.2,63.0,22.0,0.3,1.0,9.0,20.0,0.5,9.0,35.0,35.0,671294,2024-03-03 13:00:00,2024
Manchester City,5.0,0.0,0.0,0.0,15.0,0.0,72.9,27.0,8.0,0.3,0.0,0.0,736.0,801.0,0.9,6.0,37.0,0.2,46.0,37.0,0.8,11.0,3.0,5.0,0.6,9.0,4.0,4.0,Manchester United,10.0,1.0,0.0,1.0,2.0,5.0,27.1,3.0,1.0,0.3,0.0,0.0,240.0,305.0,0.8,0.0,4.0,0.0,33.0,14.0,0.4,0.0,12.0,19.0,0.6,10.0,41.0,41.0,671292,2024-03-03 15:30:00,2024
Sheffield United,11.0,1.0,0.0,2.0,0.0,4.0,19.3,4.0,0.0,0.0,0.0,0.0,142.0,213.0,0.7,0.0,4.0,0.0,51.0,16.0,0.3,1.0,7.0,14.0,0.5,14.0,32.0,32.0,Arsenal,4.0,0.0,0.0,5.0,7.0,0.0,80.7,22.0,10.0,0.5,0.0,0.0,827.0,895.0,0.9,2.0,17.0,0.1,37.0,24.0,0.6,7.0,6.0,7.0,0.9,4.0,6.0,6.0,671300,2024-03-04 20:00:00,2024
Manchester United,13.0,1.0,0.0,6.0,5.0,6.0,51.1,15.0,8.0,0.5,2.0,2.0,398.0,488.0,0.8,3.0,6.0,0.5,63.0,27.0,0.4,4.0,11.0,15.0,0.7,5.0,19.0,19.0,Everton,11.0,2.0,0.0,1.0,8.0,6.0,48.9,23.0,6.0,0.3,0.0,0.0,373.0,444.0,0.8,7.0,30.0,0.2,56.0,34.0,0.6,10.0,8.0,13.0,0.6,10.0,7.0,7.0,671308,2024-03-09 12:30:00,2024
AFC Bournemouth,12.0,3.0,0.0,1.0,10.0,7.0,69.9,32.0,12.0,0.4,0.0,1.0,514.0,614.0,0.8,15.0,55.0,0.3,52.0,30.0,0.6,10.0,8.0,13.0,0.6,4.0,16.0,16.0,Sheffield United,11.0,5.0,0.0,1.0,3.0,9.0,30.1,13.0,9.0,0.7,0.0,0.0,163.0,278.0,0.6,3.0,13.0,0.2,75.0,15.0,0.2,2.0,11.0,16.0,0.7,11.0,43.0,43.0,671303,2024-03-09 15:00:00,2024
Crystal Palace,20.0,2.0,0.0,0.0,8.0,1.0,49.5,21.0,4.0,0.2,0.0,0.0,345.0,436.0,0.8,6.0,21.0,0.3,74.0,26.0,0.4,8.0,12.0,19.0,0.6,12.0,21.0,21.0,Luton Town,11.0,3.0,0.0,1.0,6.0,3.0,50.5,8.0,2.0,0.3,0.0,0.0,339.0,431.0,0.8,8.0,32.0,0.3,63.0,28.0,0.4,1.0,7.0,14.0,0.5,7.0,19.0,19.0,671310,2024-03-09 15:00:00,2024
Wolverhampton Wanderers,7.0,2.0,0.0,3.0,3.0,5.0,47.8,8.0,3.0,0.4,0.0,0.0,383.0,451.0,0.8,1.0,16.0,0.1,44.0,15.0,0.3,0.0,2.0,9.0,0.2,6.0,20.0,20.0,Fulham,11.0,2.0,0.0,0.0,4.0,2.0,52.2,23.0,7.0,0.3,0.0,0.0,417.0,495.0,0.8,5.0,15.0,0.3,41.0,23.0,0.6,7.0,18.0,21.0,0.9,4.0,11.0,11.0,671306,2024-03-09 15:00:00,2024
Arsenal,9.0,2.0,0.0,1.0,10.0,3.0,71.5,17.0,6.0,0.4,0.0,0.0,465.0,564.0,0.8,7.0,28.0,0.3,52.0,14.0,0.3,5.0,4.0,8.0,0.5,2.0,7.0,7.0,Brentford,10.0,4.0,0.0,2.0,4.0,4.0,28.5,9.0,4.0,0.4,0.0,0.0,123.0,226.0,0.5,2.0,11.0,0.2,75.0,28.0,0.4,3.0,6.0,13.0,0.5,8.0,33.0,33.0,671305,2024-03-09 17:30:00,2024
Aston Villa,11.0,0.0,1.0,5.0,6.0,1.0,30.7,10.0,1.0,0.1,0.0,0.0,239.0,303.0,0.8,2.0,14.0,0.1,36.0,15.0,0.4,7.0,12.0,19.0,0.6,9.0,10.0,10.0,Tottenham Hotspur,15.0,2.0,0.0,2.0,4.0,1.0,69.3,9.0,5.0,0.6,0.0,0.0,647.0,708.0,0.9,5.0,14.0,0.4,23.0,13.0,0.6,3.0,14.0,19.0,0.7,18.0,12.0,12.0,671304,2024-03-10 13:00:00,2024
West Ham United,11.0,2.0,0.0,5.0,4.0,3.0,51.6,22.0,4.0,0.2,0.0,0.0,321.0,439.0,0.7,6.0,26.0,0.2,65.0,26.0,0.4,6.0,11.0,16.0,0.7,10.0,16.0,16.0,Burnley,18.0,4.0,0.0,2.0,4.0,2.0,48.4,11.0,4.0,0.4,0.0,0.0,299.0,428.0,0.7,0.0,8.0,0.0,92.0,26.0,0.3,6.0,10.0,17.0,0.6,9.0,30.0,30.0,671302,2024-03-10 14:00:00,2024
Brighton & Hove Albion,14.0,4.0,0.0,1.0,6.0,4.0,64.0,10.0,3.0,0.3,0.0,0.0,623.0,680.0,0.9,3.0,16.0,0.2,39.0,28.0,0.7,3.0,5.0,9.0,0.6,5.0,19.0,19.0,Nottingham Forest,14.0,4.0,0.0,1.0,3.0,3.0,36.0,9.0,4.0,0.4,0.0,0.0,311.0,375.0,0.8,1.0,15.0,0.1,46.0,21.0,0.5,1.0,5.0,13.0,0.4,8.0,15.0,15.0,671307,2024-03-10 14:00:00,2024
Liverpool,6.0,0.0,0.0,6.0,7.0,5.0,52.8,19.0,6.0,0.3,1.0,1.0,490.0,584.0,0.8,6.0,22.0,0.3,66.0,33.0,0.5,4.0,15.0,23.0,0.7,12.0,13.0,13.0,Manchester City,10.0,3.0,0.0,1.0,4.0,5.0,47.2,10.0,6.0,0.6,0.0,0.0,435.0,530.0,0.8,2.0,11.0,0.2,55.0,25.0,0.5,2.0,13.0,15.0,0.9,12.0,18.0,18.0,671309,2024-03-10 15:45:00,2024
Chelsea,12.0,3.0,0.0,2.0,0.0,1.0,45.0,12.0,8.0,0.7,0.0,0.0,342.0,432.0,0.8,1.0,8.0,0.1,57.0,20.0,0.4,0.0,22.0,33.0,0.7,14.0,18.0,18.0,Newcastle United,7.0,1.0,0.0,2.0,4.0,4.0,55.0,11.0,3.0,0.3,0.0,0.0,424.0,512.0,0.8,7.0,25.0,0.3,59.0,32.0,0.5,3.0,12.0,17.0,0.7,9.0,8.0,8.0,671301,2024-03-11 20:00:00,2024
AFC Bournemouth,16.0,1.0,0.0,1.0,11.0,1.0,59.1,24.0,10.0,0.4,0.0,0.0,348.0,438.0,0.8,7.0,32.0,0.2,75.0,31.0,0.4,8.0,12.0,17.0,0.7,5.0,18.0,18.0,Luton Town,11.0,2.0,0.0,1.0,3.0,5.0,40.9,8.0,4.0,0.5,0.0,0.0,210.0,310.0,0.7,5.0,16.0,0.3,68.0,18.0,0.3,1.0,10.0,17.0,0.6,5.0,35.0,35.0,671194,2024-03-13 19:30:00,2024
Burnley,14.0,2.0,0.0,5.0,5.0,5.0,60.5,17.0,6.0,0.4,1.0,1.0,366.0,457.0,0.8,4.0,20.0,0.2,50.0,22.0,0.4,6.0,7.0,10.0,0.7,8.0,17.0,17.0,Brentford,17.0,4.0,1.0,3.0,4.0,4.0,39.5,9.0,5.0,0.6,0.0,0.0,185.0,292.0,0.6,7.0,21.0,0.3,82.0,39.0,0.5,3.0,18.0,27.0,0.7,13.0,24.0,24.0,671316,2024-03-16 15:00:00,2024
Luton Town,10.0,1.0,0.0,1.0,6.0,2.0,59.7,10.0,4.0,0.4,0.0,0.0,357.0,440.0,0.8,5.0,26.0,0.2,63.0,28.0,0.4,4.0,5.0,8.0,0.6,5.0,13.0,13.0,Nottingham Forest,17.0,2.0,0.0,2.0,7.0,3.0,40.3,16.0,6.0,0.4,0.0,0.0,214.0,297.0,0.7,3.0,18.0,0.2,69.0,36.0,0.5,4.0,17.0,25.0,0.7,7.0,22.0,22.0,671317,2024-03-16 15:00:00,2024
Fulham,9.0,2.0,0.0,2.0,4.0,5.0,42.9,16.0,7.0,0.4,0.0,0.0,305.0,400.0,0.8,7.0,17.0,0.4,66.0,31.0,0.5,6.0,9.0,20.0,0.5,13.0,8.0,8.0,Tottenham Hotspur,10.0,3.0,0.0,4.0,5.0,4.0,57.1,14.0,5.0,0.4,0.0,0.0,459.0,546.0,0.8,2.0,10.0,0.2,23.0,10.0,0.4,1.0,9.0,12.0,0.8,8.0,20.0,20.0,671313,2024-03-16 17:30:00,2024
West Ham United,13.0,3.0,0.0,4.0,7.0,4.0,30.6,13.0,5.0,0.4,0.0,0.0,204.0,264.0,0.8,6.0,21.0,0.3,52.0,24.0,0.5,2.0,8.0,13.0,0.6,8.0,25.0,25.0,Aston Villa,12.0,3.0,0.0,2.0,11.0,3.0,69.4,13.0,5.0,0.4,0.0,0.0,562.0,640.0,0.9,1.0,19.0,0.1,31.0,17.0,0.5,4.0,10.0,14.0,0.7,3.0,16.0,16.0,671320,2024-03-17 14:00:00,2024
Newcastle United,9.0,1.0,1.0,1.0,3.0,1.0,59.9,24.0,9.0,0.4,2.0,2.0,425.0,518.0,0.8,3.0,19.0,0.2,42.0,14.0,0.3,8.0,13.0,24.0,0.5,10.0,13.0,13.0,West Ham United,8.0,1.0,0.0,2.0,4.0,5.0,40.1,10.0,4.0,0.4,0.0,0.0,248.0,343.0,0.7,3.0,13.0,0.2,73.0,29.0,0.4,2.0,13.0,21.0,0.6,6.0,22.0,22.0,671327,2024-03-30 12:30:00,2024
Chelsea,12.0,2.0,0.0,3.0,12.0,4.0,69.1,33.0,13.0,0.4,1.0,1.0,570.0,630.0,0.9,5.0,23.0,0.2,37.0,29.0,0.8,10.0,6.0,8.0,0.8,6.0,10.0,10.0,Burnley,7.0,2.0,1.0,0.0,4.0,11.0,30.9,18.0,7.0,0.4,0.0,0.0,204.0,271.0,0.8,8.0,10.0,0.8,54.0,29.0,0.5,5.0,8.0,10.0,0.8,11.0,26.0,26.0,671323,2024-03-30 15:00:00,2024
AFC Bournemouth,14.0,1.0,0.0,0.0,9.0,2.0,48.6,11.0,4.0,0.4,0.0,0.0,260.0,360.0,0.7,6.0,26.0,0.2,72.0,27.0,0.4,4.0,11.0,14.0,0.8,6.0,30.0,30.0,Everton,11.0,2.0,0.0,4.0,8.0,3.0,51.4,7.0,3.0,0.4,0.0,0.0,287.0,391.0,0.7,2.0,23.0,0.1,61.0,27.0,0.4,1.0,17.0,24.0,0.7,8.0,29.0,29.0,671330,2024-03-30 15:00:00,2024
Tottenham Hotspur,16.0,3.0,0.0,1.0,3.0,2.0,69.6,17.0,4.0,0.2,0.0,0.0,517.0,610.0,0.8,5.0,17.0,0.3,36.0,15.0,0.4,6.0,11.0,16.0,0.7,12.0,13.0,13.0,Luton Town,14.0,4.0,0.0,1.0,6.0,2.0,30.4,7.0,3.0,0.4,0.0,0.0,177.0,255.0,0.7,7.0,16.0,0.4,59.0,22.0,0.4,3.0,8.0,12.0,0.7,6.0,22.0,22.0,671321,2024-03-30 15:00:00,2024
Sheffield United,10.0,4.0,0.0,2.0,2.0,6.0,26.4,8.0,4.0,0.5,0.0,0.0,133.0,215.0,0.6,3.0,10.0,0.3,58.0,22.0,0.4,2.0,11.0,19.0,0.6,6.0,40.0,40.0,Fulham,13.0,1.0,0.0,0.0,15.0,1.0,73.6,24.0,9.0,0.4,0.0,0.0,508.0,592.0,0.9,13.0,41.0,0.3,48.0,31.0,0.6,8.0,6.0,9.0,0.7,3.0,13.0,13.0,671329,2024-03-30 15:00:00,2024
Nottingham Forest,14.0,1.0,0.0,4.0,4.0,2.0,58.4,12.0,5.0,0.4,0.0,0.0,461.0,547.0,0.8,6.0,31.0,0.2,47.0,20.0,0.4,4.0,10.0,15.0,0.7,9.0,14.0,14.0,Crystal Palace,12.0,1.0,0.0,0.0,6.0,4.0,41.6,10.0,3.0,0.3,0.0,0.0,300.0,397.0,0.8,3.0,13.0,0.2,61.0,18.0,0.3,1.0,15.0,22.0,0.7,11.0,42.0,42.0,671328,2024-03-30 15:00:00,2024
Aston Villa,11.0,3.0,0.0,1.0,5.0,3.0,48.3,11.0,5.0,0.5,0.0,0.0,359.0,408.0,0.9,4.0,16.0,0.3,36.0,22.0,0.6,2.0,8.0,16.0,0.5,4.0,9.0,9.0,Wolverhampton Wanderers,19.0,4.0,0.0,2.0,4.0,3.0,51.7,13.0,3.0,0.2,0.0,0.0,384.0,439.0,0.9,6.0,15.0,0.4,45.0,28.0,0.6,3.0,14.0,24.0,0.6,4.0,12.0,12.0,671325,2024-03-30 17:30:00,2024
Brentford,7.0,3.0,0.0,1.0,14.0,4.0,47.3,31.0,5.0,0.2,0.0,0.0,263.0,377.0,0.7,13.0,37.0,0.4,62.0,33.0,0.5,9.0,11.0,16.0,0.7,6.0,13.0,13.0,Manchester United,14.0,2.0,0.0,2.0,4.0,4.0,52.7,11.0,5.0,0.5,0.0,0.0,359.0,450.0,0.8,3.0,10.0,0.3,53.0,19.0,0.4,2.0,7.0,14.0,0.5,13.0,44.0,44.0,671324,2024-03-30 20:00:00,2024
Liverpool,20.0,5.0,0.0,5.0,8.0,2.0,54.3,30.0,8.0,0.3,0.0,0.0,521.0,585.0,0.9,3.0,13.0,0.2,39.0,21.0,0.5,10.0,10.0,19.0,0.5,12.0,14.0,14.0,Brighton & Hove Albion,6.0,3.0,0.0,3.0,4.0,6.0,45.7,9.0,3.0,0.3,0.0,0.0,414.0,484.0,0.9,3.0,16.0,0.2,41.0,19.0,0.5,2.0,14.0,28.0,0.5,9.0,23.0,23.0,671322,2024-03-31 13:00:00,2024
Manchester City,9.0,0.0,0.0,2.0,7.0,2.0,72.5,12.0,1.0,0.1,0.0,0.0,618.0,700.0,0.9,6.0,32.0,0.2,49.0,28.0,0.6,4.0,9.0,13.0,0.7,4.0,7.0,7.0,Arsenal,20.0,2.0,0.0,1.0,4.0,1.0,27.5,6.0,2.0,0.3,0.0,0.0,191.0,269.0,0.7,2.0,9.0,0.2,50.0,20.0,0.4,2.0,6.0,20.0,0.3,5.0,24.0,24.0,671326,2024-03-31 15:30:00,2024
Newcastle United,9.0,0.0,0.0,2.0,7.0,2.0,58.2,18.0,6.0,0.3,0.0,0.0,403.0,495.0,0.8,6.0,22.0,0.3,45.0,18.0,0.4,8.0,9.0,21.0,0.4,5.0,19.0,19.0,Everton,14.0,3.0,0.0,0.0,3.0,4.0,41.8,10.0,3.0,0.3,1.0,1.0,272.0,361.0,0.8,3.0,13.0,0.2,75.0,33.0,0.4,1.0,10.0,17.0,0.6,7.0,29.0,29.0,671338,2024-04-02 18:30:00,2024
Nottingham Forest,7.0,1.0,0.0,2.0,3.0,2.0,33.3,16.0,4.0,0.3,0.0,0.0,252.0,324.0,0.8,2.0,7.0,0.3,55.0,29.0,0.5,4.0,7.0,11.0,0.6,12.0,36.0,36.0,Fulham,8.0,0.0,0.0,0.0,8.0,1.0,66.7,18.0,3.0,0.2,0.0,0.0,551.0,629.0,0.9,12.0,37.0,0.3,46.0,26.0,0.6,2.0,11.0,15.0,0.7,4.0,13.0,13.0,671335,2024-04-02 18:30:00,2024
AFC Bournemouth,13.0,3.0,0.0,0.0,9.0,2.0,50.2,11.0,6.0,0.5,0.0,0.0,349.0,442.0,0.8,4.0,21.0,0.2,68.0,25.0,0.4,2.0,12.0,20.0,0.6,12.0,23.0,23.0,Crystal Palace,14.0,2.0,0.0,4.0,2.0,5.0,49.8,3.0,2.0,0.7,0.0,0.0,350.0,457.0,0.8,0.0,7.0,0.0,53.0,15.0,0.3,0.0,20.0,29.0,0.7,10.0,27.0,27.0,671332,2024-04-02 18:45:00,2024
Burnley,10.0,0.0,0.0,2.0,7.0,1.0,50.9,13.0,6.0,0.5,0.0,0.0,392.0,468.0,0.8,7.0,34.0,0.2,44.0,27.0,0.6,3.0,8.0,16.0,0.5,6.0,13.0,13.0,Wolverhampton Wanderers,12.0,2.0,0.0,5.0,4.0,5.0,49.1,8.0,2.0,0.3,0.0,0.0,395.0,468.0,0.8,4.0,14.0,0.3,44.0,13.0,0.3,2.0,8.0,18.0,0.4,7.0,29.0,29.0,671334,2024-04-02 18:45:00,2024
West Ham United,13.0,1.0,0.0,3.0,9.0,3.0,32.3,11.0,4.0,0.4,0.0,0.0,238.0,302.0,0.8,6.0,24.0,0.3,50.0,29.0,0.6,3.0,7.0,16.0,0.4,8.0,19.0,19.0,Tottenham Hotspur,9.0,4.0,0.0,1.0,5.0,3.0,67.7,13.0,4.0,0.3,0.0,0.0,590.0,662.0,0.9,1.0,20.0,0.1,28.0,15.0,0.5,4.0,15.0,21.0,0.7,8.0,17.0,17.0,671336,2024-04-02 19:15:00,2024
Brentford,9.0,1.0,0.0,3.0,1.0,6.0,33.0,5.0,2.0,0.4,0.0,0.0,251.0,326.0,0.8,2.0,11.0,0.2,54.0,26.0,0.5,1.0,11.0,15.0,0.7,9.0,14.0,14.0,Brighton & Hove Albion,12.0,1.0,0.0,0.0,5.0,2.0,67.0,24.0,6.0,0.3,0.0,0.0,605.0,662.0,0.9,7.0,20.0,0.4,36.0,17.0,0.5,7.0,7.0,14.0,0.5,8.0,12.0,12.0,671333,2024-04-03 18:30:00,2024
Arsenal,12.0,1.0,0.0,1.0,3.0,1.0,58.0,13.0,4.0,0.3,0.0,0.0,543.0,614.0,0.9,1.0,4.0,0.3,41.0,10.0,0.2,8.0,8.0,10.0,0.8,10.0,15.0,15.0,Luton Town,8.0,1.0,0.0,1.0,1.0,4.0,42.0,5.0,1.0,0.2,0.0,0.0,353.0,430.0,0.8,5.0,22.0,0.2,61.0,27.0,0.4,1.0,13.0,17.0,0.8,9.0,12.0,12.0,671331,2024-04-03 18:30:00,2024
Manchester City,6.0,1.0,0.0,1.0,2.0,2.0,67.0,25.0,11.0,0.4,0.0,0.0,647.0,701.0,0.9,1.0,9.0,0.1,30.0,27.0,0.9,7.0,15.0,26.0,0.6,5.0,6.0,6.0,Aston Villa,13.0,2.0,0.0,1.0,3.0,7.0,33.0,8.0,3.0,0.4,0.0,0.0,291.0,337.0,0.9,2.0,11.0,0.2,39.0,20.0,0.5,4.0,8.0,21.0,0.4,7.0,16.0,16.0,671339,2024-04-03 19:15:00,2024
Liverpool,6.0,0.0,0.0,0.0,13.0,3.0,82.9,29.0,9.0,0.3,0.0,0.0,714.0,786.0,0.9,9.0,38.0,0.2,45.0,39.0,0.9,5.0,6.0,15.0,0.4,7.0,5.0,5.0,Sheffield United,9.0,1.0,0.0,1.0,1.0,6.0,17.1,5.0,3.0,0.6,0.0,0.0,82.0,168.0,0.5,2.0,3.0,0.7,54.0,8.0,0.1,0.0,11.0,17.0,0.6,8.0,40.0,40.0,671340,2024-04-04 18:30:00,2024
Chelsea,7.0,3.0,0.0,3.0,12.0,2.0,56.6,28.0,10.0,0.4,2.0,2.0,470.0,549.0,0.9,4.0,16.0,0.3,47.0,24.0,0.5,9.0,6.0,12.0,0.5,8.0,6.0,6.0,Manchester United,15.0,1.0,0.0,0.0,3.0,6.0,43.4,19.0,5.0,0.3,0.0,0.0,341.0,426.0,0.8,6.0,11.0,0.5,58.0,28.0,0.5,7.0,10.0,18.0,0.6,18.0,16.0,16.0,671337,2024-04-04 19:15:00,2024
Crystal Palace,13.0,1.0,0.0,2.0,2.0,4.0,24.5,7.0,4.0,0.6,0.0,0.0,215.0,274.0,0.8,1.0,8.0,0.1,45.0,21.0,0.5,1.0,10.0,17.0,0.6,12.0,25.0,25.0,Manchester City,3.0,1.0,0.0,1.0,9.0,2.0,75.5,18.0,8.0,0.4,0.0,0.0,772.0,845.0,0.9,2.0,17.0,0.1,35.0,19.0,0.5,4.0,6.0,9.0,0.7,3.0,10.0,10.0,671342,2024-04-06 11:30:00,2024
Luton Town,7.0,0.0,0.0,0.0,7.0,1.0,55.8,19.0,9.0,0.5,0.0,0.0,300.0,401.0,0.7,6.0,31.0,0.2,66.0,26.0,0.4,4.0,12.0,24.0,0.5,10.0,18.0,18.0,AFC Bournemouth,14.0,0.0,0.0,0.0,2.0,7.0,44.2,8.0,1.0,0.1,0.0,0.0,222.0,327.0,0.7,2.0,11.0,0.2,78.0,24.0,0.3,1.0,13.0,23.0,0.6,12.0,30.0,30.0,671346,2024-04-06 14:00:00,2024
Aston Villa,15.0,2.0,0.0,0.0,11.0,0.0,70.0,11.0,3.0,0.3,0.0,0.0,488.0,571.0,0.9,10.0,37.0,0.3,49.0,25.0,0.5,4.0,4.0,8.0,0.5,8.0,18.0,18.0,Brentford,11.0,2.0,0.0,4.0,3.0,0.0,30.0,8.0,3.0,0.4,0.0,0.0,168.0,247.0,0.7,3.0,13.0,0.2,50.0,21.0,0.4,1.0,7.0,11.0,0.6,6.0,25.0,25.0,671344,2024-04-06 14:00:00,2024
Fulham,10.0,1.0,0.0,0.0,14.0,4.0,66.6,14.0,4.0,0.3,0.0,0.0,500.0,588.0,0.9,6.0,40.0,0.2,62.0,34.0,0.5,4.0,9.0,20.0,0.5,9.0,6.0,6.0,Newcastle United,13.0,2.0,0.0,2.0,3.0,4.0,33.4,12.0,5.0,0.4,0.0,0.0,225.0,296.0,0.8,1.0,11.0,0.1,39.0,12.0,0.3,2.0,6.0,14.0,0.4,10.0,32.0,32.0,671350,2024-04-06 14:00:00,2024
Wolverhampton Wanderers,15.0,5.0,0.0,3.0,4.0,2.0,58.3,14.0,7.0,0.5,1.0,1.0,518.0,595.0,0.9,2.0,12.0,0.2,44.0,16.0,0.4,2.0,21.0,35.0,0.6,7.0,16.0,16.0,West Ham United,7.0,2.0,0.0,0.0,4.0,6.0,41.7,11.0,4.0,0.4,1.0,1.0,349.0,414.0,0.8,1.0,15.0,0.1,37.0,18.0,0.5,3.0,15.0,22.0,0.7,12.0,15.0,15.0,671345,2024-04-06 14:00:00,2024
Everton,11.0,2.0,0.0,10.0,3.0,1.0,37.0,12.0,3.0,0.3,0.0,0.0,200.0,294.0,0.7,3.0,21.0,0.1,74.0,30.0,0.4,3.0,11.0,26.0,0.4,11.0,25.0,25.0,Burnley,13.0,1.0,1.0,1.0,5.0,2.0,63.0,6.0,1.0,0.2,0.0,0.0,407.0,523.0,0.8,5.0,16.0,0.3,72.0,29.0,0.4,2.0,10.0,14.0,0.7,7.0,17.0,17.0,671349,2024-04-06 14:00:00,2024
Brighton & Hove Albion,14.0,1.0,0.0,2.0,8.0,4.0,54.7,10.0,2.0,0.2,0.0,0.0,464.0,529.0,0.9,2.0,20.0,0.1,34.0,15.0,0.4,2.0,9.0,19.0,0.5,10.0,17.0,17.0,Arsenal,13.0,2.0,0.0,2.0,7.0,2.0,45.3,20.0,7.0,0.4,1.0,1.0,363.0,439.0,0.8,6.0,14.0,0.4,37.0,11.0,0.3,5.0,9.0,14.0,0.6,7.0,17.0,17.0,671343,2024-04-06 16:30:00,2024
Manchester United,9.0,5.0,0.0,3.0,6.0,6.0,38.0,9.0,5.0,0.6,0.0,0.0,278.0,362.0,0.8,2.0,10.0,0.2,52.0,16.0,0.3,2.0,19.0,32.0,0.6,11.0,30.0,30.0,Liverpool,10.0,2.0,0.0,2.0,11.0,3.0,62.0,28.0,7.0,0.3,1.0,1.0,486.0,574.0,0.8,7.0,27.0,0.3,37.0,18.0,0.5,9.0,10.0,15.0,0.7,3.0,13.0,13.0,671347,2024-04-07 14:30:00,2024
Sheffield United,12.0,4.0,0.0,0.0,7.0,2.0,32.2,11.0,6.0,0.5,0.0,0.0,238.0,316.0,0.8,4.0,21.0,0.2,55.0,28.0,0.5,2.0,10.0,13.0,0.8,10.0,22.0,22.0,Chelsea,10.0,2.0,0.0,0.0,6.0,3.0,67.8,6.0,3.0,0.5,0.0,0.0,598.0,697.0,0.9,1.0,11.0,0.1,47.0,20.0,0.4,1.0,7.0,10.0,0.7,8.0,21.0,21.0,671348,2024-04-07 16:30:00,2024
Tottenham Hotspur,11.0,2.0,0.0,2.0,12.0,5.0,63.6,17.0,7.0,0.4,0.0,0.0,585.0,668.0,0.9,3.0,24.0,0.1,24.0,13.0,0.5,5.0,11.0,17.0,0.6,10.0,13.0,13.0,Nottingham Forest,12.0,4.0,0.0,2.0,2.0,5.0,36.4,13.0,6.0,0.5,0.0,0.0,317.0,380.0,0.8,3.0,14.0,0.2,46.0,21.0,0.5,0.0,7.0,10.0,0.7,9.0,22.0,22.0,671341,2024-04-07 17:00:00,2024
Newcastle United,14.0,0.0,0.0,1.0,16.0,2.0,27.1,18.0,5.0,0.3,0.0,0.0,123.0,189.0,0.7,10.0,28.0,0.4,42.0,16.0,0.4,5.0,8.0,12.0,0.7,14.0,22.0,22.0,Tottenham Hotspur,12.0,4.0,0.0,3.0,3.0,1.0,72.9,11.0,2.0,0.2,0.0,0.0,498.0,575.0,0.9,4.0,14.0,0.3,37.0,12.0,0.3,5.0,10.0,14.0,0.7,9.0,15.0,15.0,671357,2024-04-13 11:30:00,2024
Brentford,8.0,3.0,0.0,3.0,3.0,2.0,53.2,9.0,5.0,0.6,0.0,0.0,299.0,391.0,0.8,4.0,19.0,0.2,60.0,30.0,0.5,0.0,8.0,12.0,0.7,14.0,28.0,28.0,Sheffield United,11.0,1.0,0.0,2.0,6.0,4.0,46.8,8.0,2.0,0.3,0.0,0.0,242.0,344.0,0.7,4.0,18.0,0.2,60.0,16.0,0.3,4.0,8.0,13.0,0.6,7.0,15.0,15.0,671351,2024-04-13 14:00:00,2024
Manchester City,7.0,1.0,0.0,0.0,12.0,1.0,73.6,37.0,13.0,0.4,1.0,1.0,704.0,763.0,0.9,7.0,27.0,0.3,23.0,12.0,0.5,10.0,13.0,20.0,0.7,5.0,3.0,3.0,Luton Town,6.0,0.0,0.0,1.0,1.0,9.0,26.4,4.0,2.0,0.5,0.0,0.0,214.0,276.0,0.8,0.0,4.0,0.0,51.0,22.0,0.4,0.0,7.0,13.0,0.5,8.0,28.0,28.0,671356,2024-04-13 14:00:00,2024
Burnley,18.0,1.0,0.0,1.0,4.0,8.0,44.5,11.0,3.0,0.3,0.0,0.0,365.0,453.0,0.8,4.0,13.0,0.3,58.0,20.0,0.3,2.0,6.0,22.0,0.3,5.0,18.0,18.0,Brighton & Hove Albion,8.0,2.0,0.0,4.0,5.0,2.0,55.5,20.0,8.0,0.4,0.0,0.0,488.0,567.0,0.9,4.0,15.0,0.3,57.0,24.0,0.4,6.0,8.0,16.0,0.5,5.0,14.0,14.0,671360,2024-04-13 14:00:00,2024
Nottingham Forest,15.0,2.0,0.0,1.0,10.0,1.0,46.2,18.0,9.0,0.5,0.0,0.0,361.0,438.0,0.8,2.0,21.0,0.1,34.0,14.0,0.4,3.0,9.0,14.0,0.6,9.0,7.0,7.0,Wolverhampton Wanderers,10.0,3.0,0.0,1.0,1.0,7.0,53.8,11.0,4.0,0.4,0.0,0.0,453.0,525.0,0.9,3.0,5.0,0.6,59.0,25.0,0.4,3.0,8.0,14.0,0.6,8.0,30.0,30.0,671358,2024-04-13 14:00:00,2024
AFC Bournemouth,13.0,4.0,0.0,1.0,7.0,0.0,43.0,20.0,5.0,0.3,0.0,0.0,287.0,382.0,0.8,6.0,25.0,0.2,73.0,29.0,0.4,6.0,10.0,18.0,0.6,11.0,17.0,17.0,Manchester United,14.0,0.0,0.0,2.0,2.0,3.0,57.0,8.0,2.0,0.3,1.0,1.0,432.0,528.0,0.8,1.0,10.0,0.1,70.0,33.0,0.5,2.0,9.0,13.0,0.7,5.0,16.0,16.0,671352,2024-04-13 16:30:00,2024
West Ham United,6.0,1.0,0.0,1.0,8.0,8.0,58.2,15.0,4.0,0.3,0.0,0.0,471.0,549.0,0.9,8.0,35.0,0.2,47.0,25.0,0.5,2.0,8.0,16.0,0.5,7.0,12.0,12.0,Fulham,13.0,2.0,0.0,0.0,3.0,4.0,41.8,18.0,10.0,0.6,0.0,0.0,331.0,412.0,0.8,3.0,10.0,0.3,45.0,13.0,0.3,3.0,12.0,26.0,0.5,5.0,35.0,35.0,671359,2024-04-14 13:00:00,2024
Liverpool,10.0,1.0,0.0,2.0,11.0,3.0,69.8,21.0,6.0,0.3,0.0,0.0,608.0,725.0,0.8,19.0,42.0,0.5,57.0,27.0,0.5,5.0,17.0,26.0,0.7,5.0,11.0,11.0,Crystal Palace,10.0,1.0,0.0,5.0,1.0,5.0,30.2,8.0,5.0,0.6,0.0,0.0,223.0,324.0,0.7,4.0,7.0,0.6,61.0,18.0,0.3,2.0,11.0,27.0,0.4,9.0,45.0,45.0,671355,2024-04-14 13:00:00,2024
Arsenal,12.0,3.0,0.0,5.0,4.0,0.0,51.5,18.0,4.0,0.2,0.0,0.0,390.0,450.0,0.9,4.0,13.0,0.3,23.0,9.0,0.4,6.0,14.0,21.0,0.7,5.0,15.0,15.0,Aston Villa,7.0,1.0,0.0,1.0,6.0,4.0,48.5,11.0,2.0,0.2,0.0,0.0,351.0,425.0,0.8,1.0,15.0,0.1,54.0,19.0,0.4,5.0,7.0,18.0,0.4,9.0,14.0,14.0,671353,2024-04-14 15:30:00,2024
Chelsea,5.0,1.0,0.0,0.0,4.0,2.0,59.3,14.0,10.0,0.7,1.0,1.0,535.0,611.0,0.9,2.0,7.0,0.3,48.0,17.0,0.4,1.0,5.0,10.0,0.5,9.0,24.0,24.0,Everton,21.0,4.0,0.0,4.0,8.0,4.0,40.7,10.0,2.0,0.2,0.0,0.0,310.0,399.0,0.8,6.0,25.0,0.2,45.0,20.0,0.4,2.0,9.0,17.0,0.5,4.0,6.0,6.0,671354,2024-04-15 19:00:00,2024
Sheffield United,10.0,1.0,0.0,2.0,11.0,5.0,48.6,18.0,11.0,0.6,0.0,0.0,360.0,461.0,0.8,4.0,23.0,0.2,66.0,30.0,0.5,3.0,9.0,18.0,0.5,7.0,13.0,13.0,Burnley,9.0,0.0,0.0,1.0,2.0,10.0,51.4,16.0,9.0,0.6,0.0,0.0,416.0,503.0,0.8,6.0,12.0,0.5,54.0,21.0,0.4,2.0,8.0,18.0,0.4,4.0,32.0,32.0,671361,2024-04-20 14:00:00,2024
Luton Town,13.0,1.0,0.0,0.0,4.0,4.0,52.6,6.0,3.0,0.5,0.0,0.0,298.0,391.0,0.8,2.0,19.0,0.1,56.0,23.0,0.4,2.0,9.0,19.0,0.5,7.0,34.0,34.0,Brentford,10.0,2.0,0.0,0.0,9.0,2.0,47.4,21.0,9.0,0.4,0.0,0.0,260.0,345.0,0.8,10.0,24.0,0.4,55.0,26.0,0.5,2.0,16.0,25.0,0.6,9.0,28.0,28.0,671363,2024-04-20 14:00:00,2024
Wolverhampton Wanderers,14.0,3.0,0.0,1.0,1.0,7.0,46.3,5.0,3.0,0.6,0.0,0.0,381.0,465.0,0.8,0.0,6.0,0.0,63.0,21.0,0.3,0.0,15.0,23.0,0.7,1.0,23.0,23.0,Arsenal,9.0,2.0,0.0,2.0,2.0,3.0,53.7,24.0,9.0,0.4,0.0,0.0,469.0,537.0,0.9,3.0,11.0,0.3,38.0,24.0,0.6,9.0,7.0,11.0,0.6,7.0,7.0,7.0,671369,2024-04-20 18:30:00,2024
Everton,15.0,4.0,0.0,0.0,6.0,3.0,40.3,7.0,4.0,0.6,0.0,0.0,282.0,375.0,0.8,3.0,22.0,0.1,55.0,17.0,0.3,1.0,9.0,20.0,0.5,9.0,25.0,25.0,Nottingham Forest,9.0,2.0,0.0,1.0,4.0,2.0,59.7,8.0,3.0,0.4,0.0,0.0,473.0,573.0,0.8,5.0,20.0,0.3,73.0,30.0,0.4,3.0,7.0,13.0,0.5,10.0,16.0,16.0,671370,2024-04-21 12:30:00,2024
Crystal Palace,9.0,3.0,0.0,0.0,4.0,0.0,60.9,18.0,7.0,0.4,0.0,0.0,555.0,650.0,0.9,2.0,11.0,0.2,51.0,22.0,0.4,2.0,23.0,39.0,0.6,10.0,8.0,8.0,West Ham United,9.0,2.0,0.0,5.0,0.0,3.0,39.1,4.0,1.0,0.3,0.0,0.0,336.0,417.0,0.8,3.0,6.0,0.5,50.0,22.0,0.4,1.0,18.0,26.0,0.7,12.0,15.0,15.0,671366,2024-04-21 14:00:00,2024
Aston Villa,8.0,1.0,0.0,2.0,8.0,4.0,56.4,15.0,5.0,0.3,0.0,0.0,407.0,482.0,0.8,1.0,12.0,0.1,55.0,27.0,0.5,4.0,6.0,12.0,0.5,2.0,10.0,10.0,AFC Bournemouth,14.0,3.0,0.0,3.0,4.0,2.0,43.6,14.0,6.0,0.4,1.0,1.0,305.0,368.0,0.8,4.0,12.0,0.3,58.0,28.0,0.5,3.0,8.0,12.0,0.7,10.0,23.0,23.0,671368,2024-04-21 14:00:00,2024
Fulham,5.0,3.0,0.0,1.0,1.0,4.0,39.9,12.0,5.0,0.4,0.0,0.0,331.0,425.0,0.8,5.0,16.0,0.3,50.0,13.0,0.3,2.0,6.0,12.0,0.5,7.0,16.0,16.0,Liverpool,11.0,0.0,0.0,3.0,4.0,4.0,60.1,14.0,7.0,0.5,0.0,0.0,566.0,656.0,0.9,1.0,15.0,0.1,57.0,25.0,0.4,3.0,6.0,12.0,0.5,10.0,13.0,13.0,671364,2024-04-21 15:30:00,2024
Arsenal,12.0,2.0,0.0,3.0,4.0,1.0,44.2,27.0,10.0,0.4,0.0,0.0,439.0,497.0,0.9,4.0,11.0,0.4,33.0,19.0,0.6,10.0,16.0,22.0,0.7,16.0,13.0,13.0,Chelsea,11.0,2.0,0.0,0.0,2.0,6.0,55.8,7.0,1.0,0.1,0.0,0.0,557.0,630.0,0.9,2.0,15.0,0.1,30.0,15.0,0.5,2.0,5.0,13.0,0.4,7.0,15.0,15.0,671312,2024-04-23 19:00:00,2024
Wolverhampton Wanderers,10.0,4.0,0.0,2.0,8.0,5.0,62.8,15.0,4.0,0.3,0.0,0.0,435.0,535.0,0.8,4.0,18.0,0.2,48.0,20.0,0.4,7.0,10.0,17.0,0.6,4.0,21.0,21.0,AFC Bournemouth,17.0,1.0,1.0,1.0,12.0,4.0,37.2,21.0,6.0,0.3,0.0,0.0,224.0,304.0,0.7,4.0,18.0,0.2,57.0,18.0,0.3,8.0,15.0,22.0,0.7,11.0,25.0,25.0,671319,2024-04-24 18:45:00,2024
Crystal Palace,10.0,3.0,0.0,5.0,7.0,2.0,46.7,20.0,7.0,0.4,0.0,0.0,336.0,441.0,0.8,7.0,18.0,0.4,59.0,18.0,0.3,7.0,17.0,26.0,0.7,7.0,17.0,17.0,Newcastle United,15.0,3.0,0.0,2.0,2.0,5.0,53.3,7.0,2.0,0.3,0.0,0.0,387.0,503.0,0.8,3.0,12.0,0.3,45.0,12.0,0.3,3.0,18.0,27.0,0.7,8.0,15.0,15.0,671315,2024-04-24 19:00:00,2024
Everton,6.0,0.0,0.0,4.0,4.0,7.0,23.9,16.0,6.0,0.4,0.0,0.0,141.0,227.0,0.6,6.0,9.0,0.7,67.0,21.0,0.3,4.0,10.0,12.0,0.8,14.0,44.0,44.0,Liverpool,13.0,3.0,0.0,1.0,13.0,4.0,76.1,23.0,7.0,0.3,0.0,0.0,634.0,717.0,0.9,8.0,37.0,0.2,62.0,33.0,0.5,11.0,7.0,14.0,0.5,5.0,8.0,8.0,671314,2024-04-24 19:00:00,2024
Manchester United,7.0,0.0,0.0,3.0,9.0,2.0,71.5,25.0,13.0,0.5,1.0,1.0,654.0,730.0,0.9,6.0,23.0,0.3,55.0,30.0,0.5,6.0,9.0,17.0,0.5,4.0,5.0,5.0,Sheffield United,9.0,1.0,0.0,2.0,4.0,9.0,28.5,10.0,4.0,0.4,0.0,0.0,217.0,292.0,0.7,1.0,7.0,0.1,51.0,18.0,0.4,3.0,8.0,22.0,0.4,13.0,24.0,24.0,671311,2024-04-24 19:00:00,2024
Brighton & Hove Albion,10.0,2.0,0.0,5.0,4.0,2.0,35.3,7.0,3.0,0.4,0.0,0.0,376.0,421.0,0.9,4.0,12.0,0.3,27.0,15.0,0.6,1.0,6.0,15.0,0.4,10.0,14.0,14.0,Manchester City,3.0,0.0,0.0,1.0,4.0,3.0,64.7,14.0,6.0,0.4,0.0,0.0,734.0,786.0,0.9,3.0,9.0,0.3,38.0,23.0,0.6,4.0,8.0,11.0,0.7,5.0,7.0,7.0,671318,2024-04-25 19:00:00,2024
West Ham United,8.0,0.0,0.0,1.0,5.0,7.0,28.6,11.0,8.0,0.7,0.0,0.0,183.0,267.0,0.7,3.0,15.0,0.2,66.0,22.0,0.3,1.0,9.0,21.0,0.4,11.0,35.0,35.0,Liverpool,10.0,2.0,0.0,4.0,8.0,6.0,71.4,28.0,8.0,0.3,0.0,0.0,587.0,675.0,0.9,8.0,32.0,0.3,40.0,23.0,0.6,6.0,15.0,18.0,0.8,6.0,19.0,19.0,671377,2024-04-27 11:30:00,2024
Newcastle United,9.0,0.0,0.0,3.0,4.0,3.0,59.8,20.0,7.0,0.4,1.0,1.0,499.0,575.0,0.9,5.0,19.0,0.3,37.0,24.0,0.6,9.0,12.0,19.0,0.6,10.0,12.0,12.0,Sheffield United,10.0,0.0,0.0,0.0,5.0,3.0,40.2,15.0,5.0,0.3,0.0,0.0,318.0,392.0,0.8,4.0,9.0,0.4,61.0,22.0,0.4,4.0,12.0,18.0,0.7,16.0,13.0,13.0,671372,2024-04-27 14:00:00,2024
Fulham,11.0,0.0,0.0,1.0,5.0,3.0,54.0,9.0,2.0,0.2,0.0,0.0,417.0,530.0,0.8,3.0,14.0,0.2,72.0,23.0,0.3,1.0,17.0,24.0,0.7,8.0,21.0,21.0,Crystal Palace,15.0,2.0,0.0,1.0,9.0,1.0,46.0,14.0,4.0,0.3,0.0,0.0,363.0,446.0,0.8,2.0,21.0,0.1,70.0,30.0,0.4,2.0,13.0,20.0,0.7,12.0,22.0,22.0,671375,2024-04-27 14:00:00,2024
Wolverhampton Wanderers,0.0,0.0,0.0,0.0,0.0,0.0,0.0,0.0,0.0,0.0,0.0,0.0,0.0,0.0,0.0,0.0,0.0,0.0,0.0,0.0,0.0,0.0,0.0,0.0,0.0,0.0,0.0,0.0,Luton Town,0.0,0.0,0.0,0.0,0.0,0.0,0.0,0.0,0.0,0.0,0.0,0.0,0.0,0.0,0.0,0.0,0.0,0.0,0.0,0.0,0.0,0.0,0.0,0.0,0.0,0.0,0.0,0.0,671374,2024-04-27 14:00:00,2024
Manchester United,8.0,1.0,0.0,0.0,6.0,6.0,47.7,27.0,10.0,0.4,0.0,0.0,323.0,414.0,0.8,3.0,13.0,0.2,49.0,18.0,0.4,9.0,7.0,14.0,0.5,10.0,24.0,24.0,Burnley,11.0,3.0,0.0,2.0,5.0,9.0,52.3,16.0,7.0,0.4,1.0,1.0,355.0,452.0,0.8,3.0,14.0,0.2,68.0,31.0,0.5,4.0,8.0,14.0,0.6,13.0,23.0,23.0,671371,2024-04-27 14:00:00,2024
Everton,10.0,1.0,0.0,4.0,6.0,4.0,47.5,18.0,1.0,0.1,0.0,0.0,324.0,416.0,0.8,6.0,20.0,0.3,68.0,21.0,0.3,8.0,12.0,17.0,0.7,4.0,26.0,26.0,Brentford,12.0,2.0,0.0,2.0,6.0,0.0,52.5,10.0,4.0,0.4,0.0,0.0,358.0,458.0,0.8,4.0,22.0,0.2,53.0,13.0,0.2,4.0,11.0,17.0,0.6,10.0,23.0,23.0,671376,2024-04-27 16:30:00,2024
Aston Villa,13.0,3.0,0.0,2.0,2.0,3.0,28.8,9.0,4.0,0.4,0.0,0.0,207.0,268.0,0.8,2.0,5.0,0.4,43.0,17.0,0.4,0.0,4.0,10.0,0.4,1.0,16.0,16.0,Chelsea,14.0,5.0,0.0,4.0,4.0,3.0,71.2,21.0,5.0,0.2,0.0,0.0,608.0,664.0,0.9,3.0,16.0,0.2,30.0,19.0,0.6,6.0,10.0,21.0,0.5,6.0,11.0,11.0,671380,2024-04-27 19:00:00,2024
AFC Bournemouth,14.0,2.0,0.0,1.0,8.0,1.0,30.0,15.0,6.0,0.4,0.0,0.0,185.0,250.0,0.7,3.0,21.0,0.1,56.0,26.0,0.5,5.0,4.0,9.0,0.4,14.0,23.0,23.0,Brighton & Hove Albion,10.0,2.0,0.0,1.0,2.0,3.0,70.0,13.0,1.0,0.1,0.0,0.0,539.0,607.0,0.9,6.0,25.0,0.2,33.0,18.0,0.5,6.0,14.0,26.0,0.5,5.0,18.0,18.0,671379,2024-04-28 13:00:00,2024
Tottenham Hotspur,12.0,2.0,0.0,3.0,8.0,1.0,62.2,15.0,2.0,0.1,1.0,1.0,505.0,564.0,0.9,4.0,34.0,0.1,29.0,14.0,0.5,6.0,12.0,24.0,0.5,8.0,10.0,10.0,Arsenal,16.0,1.0,0.0,4.0,6.0,0.0,37.8,9.0,3.0,0.3,0.0,0.0,280.0,344.0,0.8,3.0,15.0,0.2,48.0,24.0,0.5,5.0,14.0,24.0,0.6,13.0,25.0,25.0,671378,2024-04-28 13:00:00,2024
Nottingham Forest,8.0,0.0,0.0,2.0,4.0,3.0,33.3,14.0,2.0,0.1,0.0,0.0,285.0,350.0,0.8,7.0,18.0,0.4,47.0,23.0,0.5,3.0,15.0,21.0,0.7,10.0,8.0,8.0,Manchester City,6.0,0.0,0.0,1.0,5.0,2.0,66.7,11.0,5.0,0.5,0.0,0.0,665.0,733.0,0.9,2.0,10.0,0.2,32.0,16.0,0.5,4.0,13.0,20.0,0.7,6.0,12.0,12.0,671373,2024-04-28 15:30:00,2024
Chelsea,12.0,0.0,0.0,1.0,4.0,4.0,37.4,16.0,5.0,0.3,0.0,0.0,274.0,357.0,0.8,1.0,7.0,0.1,56.0,20.0,0.4,2.0,8.0,22.0,0.4,10.0,27.0,27.0,Tottenham Hotspur,16.0,1.0,0.0,2.0,9.0,2.0,62.6,19.0,3.0,0.2,0.0,0.0,499.0,577.0,0.9,6.0,29.0,0.2,23.0,12.0,0.5,9.0,9.0,16.0,0.6,10.0,11.0,11.0,671282,2024-05-02 18:30:00,2024
Luton Town,14.0,1.0,0.0,0.0,8.0,3.0,50.1,18.0,5.0,0.3,0.0,0.0,336.0,411.0,0.8,11.0,29.0,0.4,64.0,28.0,0.4,5.0,7.0,18.0,0.4,6.0,26.0,26.0,Everton,12.0,3.0,0.0,0.0,7.0,4.0,49.9,10.0,3.0,0.3,1.0,1.0,335.0,421.0,0.8,3.0,18.0,0.2,74.0,34.0,0.5,4.0,17.0,24.0,0.7,5.0,30.0,30.0,671388,2024-05-03 19:00:00,2024
Arsenal,16.0,2.0,0.0,5.0,6.0,2.0,55.3,25.0,9.0,0.4,1.0,1.0,384.0,459.0,0.8,5.0,13.0,0.4,34.0,20.0,0.6,8.0,8.0,18.0,0.4,10.0,12.0,12.0,AFC Bournemouth,12.0,3.0,0.0,0.0,1.0,6.0,44.7,7.0,2.0,0.3,0.0,0.0,301.0,368.0,0.8,0.0,13.0,0.0,49.0,21.0,0.4,2.0,9.0,14.0,0.6,10.0,23.0,23.0,671381,2024-05-04 11:30:00,2024
Sheffield United,0.0,0.0,0.0,0.0,0.0,0.0,0.0,0.0,0.0,0.0,0.0,0.0,0.0,0.0,0.0,0.0,0.0,0.0,0.0,0.0,0.0,0.0,0.0,0.0,0.0,0.0,0.0,0.0,Nottingham Forest,0.0,0.0,0.0,0.0,0.0,0.0,0.0,0.0,0.0,0.0,0.0,0.0,0.0,0.0,0.0,0.0,0.0,0.0,0.0,0.0,0.0,0.0,0.0,0.0,0.0,0.0,0.0,0.0,671390,2024-05-04 14:00:00,2024
Burnley,8.0,2.0,0.0,0.0,4.0,7.0,46.6,17.0,5.0,0.3,0.0,0.0,328.0,425.0,0.8,5.0,16.0,0.3,63.0,27.0,0.4,5.0,9.0,19.0,0.5,12.0,25.0,25.0,Newcastle United,8.0,2.0,0.0,0.0,11.0,4.0,53.4,23.0,11.0,0.5,0.0,1.0,382.0,478.0,0.8,5.0,20.0,0.3,41.0,19.0,0.5,7.0,16.0,29.0,0.6,10.0,9.0,9.0,671384,2024-05-04 14:00:00,2024
Brentford,3.0,1.0,0.0,1.0,7.0,3.0,54.1,7.0,3.0,0.4,0.0,0.0,405.0,502.0,0.8,5.0,25.0,0.2,47.0,27.0,0.6,2.0,4.0,11.0,0.4,16.0,24.0,24.0,Fulham,6.0,1.0,0.0,0.0,6.0,2.0,45.9,15.0,3.0,0.2,0.0,0.0,320.0,425.0,0.8,5.0,24.0,0.2,45.0,18.0,0.4,6.0,12.0,19.0,0.6,7.0,33.0,33.0,671382,2024-05-04 14:00:00,2024
Manchester City,4.0,0.0,0.0,2.0,6.0,0.0,57.9,20.0,12.0,0.6,2.0,2.0,558.0,616.0,0.9,6.0,21.0,0.3,26.0,17.0,0.7,3.0,6.0,13.0,0.5,5.0,4.0,4.0,Wolverhampton Wanderers,17.0,4.0,0.0,2.0,0.0,7.0,42.1,2.0,1.0,0.5,0.0,0.0,384.0,454.0,0.8,1.0,7.0,0.1,47.0,16.0,0.3,1.0,14.0,20.0,0.7,7.0,11.0,11.0,671389,2024-05-04 16:30:00,2024
Chelsea,12.0,1.0,0.0,1.0,8.0,2.0,69.4,25.0,14.0,0.6,0.0,0.0,692.0,741.0,0.9,6.0,13.0,0.5,28.0,19.0,0.7,7.0,13.0,18.0,0.7,8.0,26.0,26.0,West Ham United,10.0,3.0,0.0,0.0,6.0,9.0,30.6,13.0,2.0,0.2,0.0,0.0,255.0,312.0,0.8,4.0,16.0,0.3,41.0,18.0,0.4,3.0,8.0,15.0,0.5,7.0,21.0,21.0,671385,2024-05-05 13:00:00,2024
Brighton & Hove Albion,13.0,2.0,0.0,4.0,7.0,1.0,52.5,15.0,8.0,0.5,0.0,1.0,423.0,490.0,0.9,5.0,16.0,0.3,27.0,12.0,0.4,4.0,12.0,17.0,0.7,9.0,16.0,16.0,Aston Villa,10.0,1.0,0.0,1.0,3.0,7.0,47.5,2.0,1.0,0.5,0.0,0.0,383.0,443.0,0.9,0.0,16.0,0.0,29.0,11.0,0.4,0.0,14.0,18.0,0.8,9.0,14.0,14.0,671383,2024-05-05 13:00:00,2024
Liverpool,14.0,1.0,0.0,7.0,8.0,4.0,44.0,25.0,13.0,0.5,0.0,0.0,359.0,430.0,0.8,8.0,19.0,0.4,53.0,32.0,0.6,4.0,14.0,26.0,0.5,11.0,13.0,13.0,Tottenham Hotspur,12.0,4.0,0.0,2.0,3.0,8.0,56.0,11.0,6.0,0.5,0.0,0.0,487.0,567.0,0.9,4.0,12.0,0.3,36.0,25.0,0.7,2.0,9.0,14.0,0.6,7.0,22.0,22.0,671387,2024-05-05 15:30:00,2024
Crystal Palace,12.0,1.0,0.0,2.0,6.0,2.0,42.6,18.0,10.0,0.6,0.0,0.0,358.0,439.0,0.8,6.0,17.0,0.4,55.0,25.0,0.5,5.0,11.0,20.0,0.6,11.0,8.0,8.0,Manchester United,8.0,1.0,0.0,1.0,2.0,6.0,57.4,7.0,2.0,0.3,0.0,0.0,516.0,610.0,0.8,5.0,10.0,0.5,46.0,15.0,0.3,3.0,18.0,25.0,0.7,8.0,18.0,18.0,671386,2024-05-06 19:00:00,2024
Fulham,9.0,1.0,1.0,0.0,1.0,5.0,35.8,1.0,1.0,1.0,0.0,0.0,352.0,420.0,0.8,1.0,13.0,0.1,50.0,23.0,0.5,0.0,6.0,23.0,0.3,6.0,17.0,17.0,Manchester City,6.0,0.0,0.0,0.0,7.0,1.0,64.2,16.0,9.0,0.6,1.0,1.0,707.0,769.0,0.9,4.0,9.0,0.4,44.0,30.0,0.7,3.0,5.0,7.0,0.7,7.0,10.0,10.0,671394,2024-05-11 11:30:00,2024
West Ham United,9.0,1.0,0.0,2.0,7.0,0.0,57.9,24.0,8.0,0.3,0.0,0.0,382.0,459.0,0.8,4.0,19.0,0.2,60.0,34.0,0.6,7.0,13.0,18.0,0.7,8.0,21.0,21.0,Luton Town,15.0,3.0,0.0,0.0,6.0,5.0,42.1,4.0,1.0,0.3,0.0,0.0,248.0,320.0,0.8,2.0,23.0,0.1,57.0,21.0,0.4,2.0,14.0,19.0,0.7,9.0,33.0,33.0,671399,2024-05-11 14:00:00,2024
Wolverhampton Wanderers,13.0,3.0,0.0,3.0,8.0,0.0,61.7,14.0,8.0,0.6,0.0,0.0,451.0,545.0,0.8,9.0,30.0,0.3,63.0,26.0,0.4,3.0,12.0,22.0,0.5,9.0,8.0,8.0,Crystal Palace,12.0,2.0,1.0,5.0,3.0,7.0,38.3,13.0,3.0,0.2,0.0,0.0,253.0,345.0,0.7,4.0,8.0,0.5,53.0,14.0,0.3,4.0,18.0,24.0,0.8,6.0,25.0,25.0,671400,2024-05-11 14:00:00,2024
Tottenham Hotspur,10.0,3.0,0.0,1.0,9.0,2.0,63.1,21.0,9.0,0.4,0.0,0.0,482.0,547.0,0.9,7.0,28.0,0.3,21.0,8.0,0.4,6.0,9.0,12.0,0.8,8.0,9.0,9.0,Burnley,14.0,5.0,0.0,3.0,3.0,7.0,36.9,7.0,3.0,0.4,0.0,0.0,235.0,318.0,0.7,4.0,10.0,0.4,66.0,26.0,0.4,2.0,12.0,20.0,0.6,8.0,20.0,20.0,671398,2024-05-11 14:00:00,2024
Newcastle United,9.0,3.0,0.0,3.0,8.0,3.0,56.2,18.0,7.0,0.4,0.0,0.0,485.0,567.0,0.9,8.0,27.0,0.3,36.0,13.0,0.4,6.0,6.0,8.0,0.8,9.0,11.0,11.0,Brighton & Hove Albion,16.0,4.0,0.0,1.0,4.0,7.0,43.8,15.0,4.0,0.3,0.0,0.0,378.0,452.0,0.8,4.0,11.0,0.4,49.0,16.0,0.3,7.0,14.0,22.0,0.6,6.0,27.0,27.0,671396,2024-05-11 14:00:00,2024
Everton,6.0,1.0,0.0,3.0,3.0,1.0,57.5,15.0,6.0,0.4,0.0,0.0,420.0,500.0,0.8,2.0,16.0,0.1,65.0,38.0,0.6,3.0,13.0,26.0,0.5,9.0,19.0,19.0,Sheffield United,11.0,2.0,0.0,0.0,6.0,6.0,42.5,13.0,1.0,0.1,0.0,0.0,284.0,362.0,0.8,3.0,12.0,0.3,63.0,24.0,0.4,6.0,10.0,17.0,0.6,6.0,25.0,25.0,671393,2024-05-11 14:00:00,2024
AFC Bournemouth,16.0,2.0,0.0,1.0,3.0,2.0,47.9,13.0,4.0,0.3,0.0,0.0,270.0,367.0,0.7,3.0,11.0,0.3,64.0,19.0,0.3,2.0,9.0,14.0,0.6,7.0,18.0,18.0,Brentford,12.0,2.0,0.0,0.0,8.0,3.0,52.1,11.0,5.0,0.5,0.0,0.0,294.0,388.0,0.8,2.0,20.0,0.1,58.0,27.0,0.5,4.0,7.0,17.0,0.4,9.0,15.0,15.0,671392,2024-05-11 14:00:00,2024
Nottingham Forest,14.0,2.0,0.0,3.0,5.0,2.0,32.3,20.0,4.0,0.2,0.0,0.0,223.0,280.0,0.8,4.0,22.0,0.2,33.0,17.0,0.5,5.0,18.0,31.0,0.6,3.0,33.0,33.0,Chelsea,8.0,3.0,0.0,1.0,6.0,2.0,67.7,12.0,5.0,0.4,0.0,0.0,568.0,623.0,0.9,4.0,14.0,0.3,38.0,16.0,0.4,3.0,6.0,9.0,0.7,7.0,27.0,27.0,671397,2024-05-11 16:30:00,2024
Manchester United,5.0,0.0,0.0,2.0,4.0,5.0,54.2,14.0,2.0,0.1,0.0,0.0,442.0,515.0,0.9,1.0,16.0,0.1,40.0,13.0,0.3,6.0,12.0,17.0,0.7,5.0,17.0,17.0,Arsenal,6.0,2.0,0.0,0.0,7.0,2.0,45.8,11.0,5.0,0.5,0.0,0.0,359.0,434.0,0.8,3.0,10.0,0.3,41.0,16.0,0.4,3.0,11.0,26.0,0.4,8.0,17.0,17.0,671395,2024-05-12 15:30:00,2024
Aston Villa,11.0,1.0,0.0,2.0,5.0,5.0,41.2,19.0,5.0,0.3,0.0,0.0,337.0,395.0,0.9,4.0,13.0,0.3,35.0,15.0,0.4,7.0,7.0,13.0,0.5,5.0,17.0,17.0,Liverpool,15.0,1.0,0.0,6.0,4.0,2.0,58.8,14.0,7.0,0.5,0.0,0.0,510.0,577.0,0.9,5.0,15.0,0.3,37.0,20.0,0.5,3.0,13.0,21.0,0.6,7.0,17.0,17.0,671391,2024-05-13 19:00:00,2024
Tottenham Hotspur,14.0,3.0,0.0,2.0,7.0,3.0,53.4,10.0,5.0,0.5,0.0,0.0,541.0,611.0,0.9,2.0,13.0,0.2,28.0,17.0,0.6,2.0,13.0,23.0,0.6,11.0,12.0,12.0,Manchester City,11.0,3.0,0.0,2.0,4.0,6.0,46.6,8.0,5.0,0.6,1.0,1.0,476.0,533.0,0.9,2.0,10.0,0.2,55.0,37.0,0.7,1.0,12.0,20.0,0.6,11.0,12.0,12.0,671365,2024-05-14 19:00:00,2024
Brighton & Hove Albion,13.0,2.0,0.0,1.0,4.0,4.0,54.7,12.0,2.0,0.2,0.0,0.0,503.0,555.0,0.9,12.0,31.0,0.4,26.0,16.0,0.6,3.0,6.0,17.0,0.4,5.0,11.0,11.0,Chelsea,14.0,2.0,1.0,1.0,6.0,1.0,45.3,14.0,6.0,0.4,0.0,0.0,430.0,474.0,0.9,3.0,14.0,0.2,37.0,10.0,0.3,4.0,9.0,14.0,0.6,5.0,33.0,33.0,671367,2024-05-15 18:45:00,2024
Manchester United,16.0,3.0,0.0,1.0,9.0,5.0,44.4,17.0,8.0,0.5,0.0,0.0,283.0,361.0,0.8,4.0,10.0,0.4,52.0,25.0,0.5,4.0,8.0,17.0,0.5,14.0,30.0,30.0,Newcastle United,7.0,3.0,0.0,2.0,9.0,5.0,55.6,21.0,8.0,0.4,0.0,0.0,365.0,436.0,0.8,13.0,31.0,0.4,42.0,24.0,0.6,5.0,7.0,13.0,0.5,4.0,26.0,26.0,671362,2024-05-15 19:00:00,2024
Sheffield United,11.0,2.0,0.0,6.0,2.0,6.0,23.9,6.0,1.0,0.2,0.0,0.0,159.0,218.0,0.7,2.0,6.0,0.3,47.0,16.0,0.3,2.0,4.0,14.0,0.3,9.0,24.0,24.0,Tottenham Hotspur,9.0,0.0,0.0,0.0,6.0,1.0,76.1,18.0,9.0,0.5,0.0,0.0,632.0,697.0,0.9,2.0,15.0,0.1,34.0,24.0,0.7,6.0,9.0,12.0,0.8,8.0,12.0,12.0,671409,2024-05-19 15:00:00,2024
Luton Town,15.0,5.0,0.0,8.0,4.0,4.0,40.4,15.0,6.0,0.4,1.0,1.0,246.0,304.0,0.8,5.0,17.0,0.3,44.0,22.0,0.5,5.0,4.0,9.0,0.4,5.0,8.0,8.0,Fulham,20.0,4.0,0.0,1.0,4.0,4.0,59.6,16.0,8.0,0.5,0.0,0.0,391.0,460.0,0.9,5.0,15.0,0.3,44.0,23.0,0.5,2.0,9.0,20.0,0.5,4.0,16.0,16.0,671408,2024-05-19 15:00:00,2024
Manchester City,3.0,0.0,0.0,3.0,11.0,1.0,71.4,28.0,12.0,0.4,0.0,0.0,730.0,782.0,0.9,4.0,14.0,0.3,34.0,20.0,0.6,7.0,5.0,19.0,0.3,6.0,4.0,4.0,West Ham United,12.0,1.0,0.0,0.0,2.0,9.0,28.6,3.0,2.0,0.7,0.0,0.0,246.0,307.0,0.8,2.0,6.0,0.3,49.0,16.0,0.3,0.0,9.0,14.0,0.6,4.0,18.0,18.0,671405,2024-05-19 15:00:00,2024
Arsenal,8.0,4.0,0.0,1.0,8.0,1.0,69.1,26.0,5.0,0.2,0.0,0.0,583.0,653.0,0.9,10.0,28.0,0.4,32.0,18.0,0.6,10.0,6.0,7.0,0.9,8.0,5.0,5.0,Everton,11.0,3.0,0.0,4.0,1.0,4.0,30.9,5.0,2.0,0.4,0.0,0.0,215.0,300.0,0.7,1.0,3.0,0.3,57.0,20.0,0.4,1.0,11.0,17.0,0.6,5.0,27.0,27.0,671401,2024-05-19 15:00:00,2024
Crystal Palace,10.0,1.0,0.0,3.0,2.0,2.0,54.0,15.0,9.0,0.6,0.0,0.0,495.0,552.0,0.9,2.0,10.0,0.2,43.0,23.0,0.5,3.0,13.0,17.0,0.8,3.0,12.0,12.0,Aston Villa,8.0,4.0,0.0,1.0,4.0,4.0,46.0,8.0,2.0,0.3,0.0,0.0,401.0,463.0,0.9,3.0,10.0,0.3,45.0,21.0,0.5,0.0,2.0,10.0,0.2,2.0,13.0,13.0,671406,2024-05-19 15:00:00,2024
Liverpool,0.0,0.0,0.0,0.0,0.0,0.0,0.0,0.0,0.0,0.0,0.0,0.0,0.0,0.0,0.0,0.0,0.0,0.0,0.0,0.0,0.0,0.0,0.0,0.0,0.0,0.0,0.0,0.0,Wolverhampton Wanderers,0.0,0.0,0.0,0.0,0.0,0.0,0.0,0.0,0.0,0.0,0.0,0.0,0.0,0.0,0.0,0.0,0.0,0.0,0.0,0.0,0.0,0.0,0.0,0.0,0.0,0.0,0.0,0.0,671407,2024-05-19 15:00:00,2024
Brentford,15.0,4.0,0.0,2.0,3.0,3.0,53.8,10.0,5.0,0.5,0.0,0.0,395.0,471.0,0.8,4.0,17.0,0.2,44.0,22.0,0.5,1.0,9.0,14.0,0.6,5.0,14.0,14.0,Newcastle United,11.0,4.0,0.0,1.0,0.0,3.0,46.2,12.0,7.0,0.6,0.0,0.0,328.0,412.0,0.8,2.0,8.0,0.3,43.0,15.0,0.3,2.0,10.0,14.0,0.7,8.0,13.0,13.0,671402,2024-05-19 15:00:00,2024
Burnley,11.0,1.0,0.0,0.0,4.0,4.0,72.6,20.0,3.0,0.2,0.0,0.0,591.0,658.0,0.9,2.0,18.0,0.1,33.0,22.0,0.7,7.0,7.0,8.0,0.9,9.0,10.0,10.0,Nottingham Forest,5.0,0.0,0.0,2.0,3.0,3.0,27.4,12.0,6.0,0.5,0.0,0.0,176.0,246.0,0.7,2.0,8.0,0.3,48.0,21.0,0.4,2.0,11.0,14.0,0.8,16.0,31.0,31.0,671404,2024-05-19 15:00:00,2024
Brighton & Hove Albion,10.0,1.0,0.0,0.0,7.0,2.0,54.8,17.0,3.0,0.2,0.0,0.0,495.0,548.0,0.9,5.0,20.0,0.3,33.0,19.0,0.6,9.0,11.0,22.0,0.5,6.0,10.0,10.0,Manchester United,9.0,3.0,0.0,1.0,5.0,2.0,45.2,11.0,4.0,0.4,0.0,0.0,399.0,462.0,0.9,0.0,7.0,0.0,49.0,23.0,0.5,5.0,14.0,21.0,0.7,7.0,14.0,14.0,671403,2024-05-19 15:00:00,2024
Chelsea,5.0,2.0,0.0,0.0,6.0,5.0,61.4,16.0,6.0,0.4,0.0,0.0,457.0,533.0,0.9,4.0,15.0,0.3,70.0,40.0,0.6,6.0,14.0,25.0,0.6,9.0,19.0,19.0,AFC Bournemouth,9.0,3.0,0.0,1.0,5.0,4.0,38.6,22.0,5.0,0.2,0.0,0.0,261.0,320.0,0.8,6.0,20.0,0.3,46.0,25.0,0.5,4.0,16.0,22.0,0.7,12.0,17.0,17.0,671410,2024-05-19 15:00:00,2024
Manchester United,12.0,2.0,0.0,3.0,7.0,2.0,55.4,14.0,5.0,0.4,0.0,0.0,408.0,482.0,0.8,3.0,18.0,0.2,40.0,23.0,0.6,2.0,14.0,21.0,0.7,19.0,20.0,20.0,Fulham,10.0,3.0,0.0,1.0,8.0,4.0,44.6,10.0,2.0,0.2,0.0,0.0,306.0,384.0,0.8,6.0,21.0,0.3,39.0,17.0,0.4,4.0,17.0,24.0,0.7,9.0,19.0,19.0,704279,2024-08-16 19:00:00,2024
Ipswich Town,0.0,0.0,0.0,0.0,0.0,0.0,0.0,0.0,0.0,0.0,0.0,0.0,0.0,0.0,0.0,0.0,0.0,0.0,0.0,0.0,0.0,0.0,0.0,0.0,0.0,0.0,0.0,0.0,Liverpool,0.0,0.0,0.0,0.0,0.0,0.0,0.0,0.0,0.0,0.0,0.0,0.0,0.0,0.0,0.0,0.0,0.0,0.0,0.0,0.0,0.0,0.0,0.0,0.0,0.0,0.0,0.0,0.0,704280,2024-08-17 11:30:00,2024
Nottingham Forest,17.0,1.0,0.0,1.0,2.0,3.0,52.9,14.0,8.0,0.6,0.0,0.0,402.0,503.0,0.8,3.0,13.0,0.2,51.0,22.0,0.4,3.0,12.0,24.0,0.5,7.0,25.0,25.0,AFC Bournemouth,8.0,3.0,0.0,4.0,6.0,7.0,47.1,13.0,4.0,0.3,0.0,0.0,335.0,432.0,0.8,4.0,25.0,0.2,67.0,25.0,0.4,3.0,7.0,18.0,0.4,14.0,29.0,29.0,704284,2024-08-17 14:00:00,2024
Everton,0.0,0.0,0.0,0.0,0.0,0.0,0.0,0.0,0.0,0.0,0.0,0.0,0.0,0.0,0.0,0.0,0.0,0.0,0.0,0.0,0.0,0.0,0.0,0.0,0.0,0.0,0.0,0.0,Brighton & Hove Albion,0.0,0.0,0.0,0.0,0.0,0.0,0.0,0.0,0.0,0.0,0.0,0.0,0.0,0.0,0.0,0.0,0.0,0.0,0.0,0.0,0.0,0.0,0.0,0.0,0.0,0.0,0.0,0.0,704282,2024-08-17 14:00:00,2024
Arsenal,17.0,2.0,0.0,0.0,8.0,3.0,53.0,18.0,6.0,0.3,0.0,0.0,357.0,420.0,0.9,3.0,15.0,0.2,37.0,17.0,0.5,6.0,13.0,18.0,0.7,8.0,15.0,15.0,Wolverhampton Wanderers,14.0,2.0,0.0,1.0,2.0,4.0,47.0,9.0,3.0,0.3,0.0,0.0,307.0,375.0,0.8,4.0,14.0,0.3,49.0,20.0,0.4,1.0,12.0,19.0,0.6,7.0,14.0,14.0,704281,2024-08-17 14:00:00,2024
Newcastle United,15.0,2.0,1.0,1.0,3.0,3.0,22.2,3.0,1.0,0.3,0.0,0.0,117.0,181.0,0.6,1.0,12.0,0.1,39.0,12.0,0.3,2.0,14.0,16.0,0.9,4.0,34.0,34.0,Southampton,16.0,4.0,0.0,2.0,12.0,0.0,77.8,19.0,4.0,0.2,0.0,0.0,579.0,649.0,0.9,4.0,30.0,0.1,26.0,19.0,0.7,11.0,6.0,13.0,0.5,3.0,14.0,14.0,704283,2024-08-17 14:00:00,2024
West Ham United,18.0,1.0,0.0,1.0,5.0,1.0,52.1,14.0,3.0,0.2,1.0,1.0,352.0,417.0,0.8,5.0,25.0,0.2,52.0,27.0,0.5,4.0,10.0,14.0,0.7,6.0,22.0,22.0,Aston Villa,11.0,2.0,0.0,1.0,3.0,3.0,47.9,15.0,3.0,0.2,0.0,0.0,329.0,394.0,0.8,3.0,15.0,0.2,42.0,19.0,0.5,6.0,15.0,24.0,0.6,7.0,20.0,20.0,704285,2024-08-17 16:30:00,2024
Brentford,6.0,1.0,0.0,1.0,4.0,6.0,46.0,9.0,5.0,0.6,0.0,0.0,311.0,403.0,0.8,4.0,17.0,0.2,62.0,35.0,0.6,1.0,10.0,19.0,0.5,11.0,21.0,21.0,Crystal Palace,15.0,5.0,0.0,3.0,7.0,3.0,54.0,14.0,6.0,0.4,0.0,0.0,389.0,481.0,0.8,1.0,14.0,0.1,53.0,16.0,0.3,4.0,13.0,22.0,0.6,5.0,29.0,29.0,704286,2024-08-18 13:00:00,2024
Chelsea,12.0,1.0,0.0,2.0,4.0,3.0,48.2,10.0,3.0,0.3,0.0,0.0,436.0,490.0,0.9,6.0,18.0,0.3,35.0,17.0,0.5,4.0,14.0,20.0,0.7,10.0,13.0,13.0,Manchester City,9.0,1.0,0.0,1.0,3.0,3.0,51.8,11.0,5.0,0.5,0.0,0.0,477.0,535.0,0.9,1.0,11.0,0.1,35.0,17.0,0.5,3.0,9.0,16.0,0.6,10.0,17.0,17.0,704287,2024-08-18 15:30:00,2024
Leicester City,11.0,1.0,0.0,2.0,2.0,5.0,29.5,7.0,3.0,0.4,0.0,0.0,211.0,275.0,0.8,8.0,15.0,0.5,37.0,9.0,0.2,1.0,15.0,22.0,0.7,10.0,38.0,38.0,Tottenham Hotspur,12.0,1.0,0.0,1.0,13.0,2.0,70.5,15.0,7.0,0.5,0.0,0.0,601.0,671.0,0.9,8.0,28.0,0.3,22.0,13.0,0.6,5.0,13.0,23.0,0.6,6.0,16.0,16.0,704288,2024-08-19 19:00:00,2024
Brighton & Hove Albion,9.0,1.0,0.0,0.0,4.0,2.0,48.2,14.0,5.0,0.4,0.0,0.0,407.0,477.0,0.9,6.0,12.0,0.5,43.0,30.0,0.7,3.0,12.0,17.0,0.7,7.0,10.0,10.0,Manchester United,13.0,2.0,0.0,6.0,4.0,2.0,51.8,11.0,4.0,0.4,0.0,0.0,446.0,511.0,0.9,3.0,12.0,0.3,38.0,24.0,0.6,2.0,11.0,19.0,0.6,12.0,10.0,10.0,704291,2024-08-24 11:30:00,2024
Fulham,14.0,2.0,0.0,0.0,7.0,3.0,54.2,18.0,6.0,0.3,0.0,0.0,459.0,538.0,0.9,7.0,21.0,0.3,47.0,25.0,0.5,5.0,10.0,14.0,0.7,8.0,7.0,7.0,Leicester City,13.0,2.0,0.0,5.0,5.0,4.0,45.8,10.0,4.0,0.4,0.0,0.0,381.0,454.0,0.8,5.0,12.0,0.4,43.0,17.0,0.4,2.0,14.0,21.0,0.7,7.0,30.0,30.0,704293,2024-08-24 14:00:00,2024
Southampton,14.0,3.0,0.0,0.0,4.0,7.0,64.6,5.0,1.0,0.2,0.0,0.0,596.0,656.0,0.9,2.0,14.0,0.1,24.0,11.0,0.5,3.0,12.0,18.0,0.7,2.0,17.0,17.0,Nottingham Forest,14.0,3.0,0.0,1.0,10.0,1.0,35.4,23.0,8.0,0.3,0.0,0.0,294.0,352.0,0.8,5.0,19.0,0.3,48.0,25.0,0.5,7.0,15.0,24.0,0.6,11.0,23.0,23.0,704296,2024-08-24 14:00:00,2024
Manchester City,4.0,2.0,0.0,3.0,10.0,0.0,75.2,14.0,5.0,0.4,1.0,1.0,700.0,755.0,0.9,5.0,17.0,0.3,27.0,22.0,0.8,3.0,6.0,14.0,0.4,6.0,8.0,8.0,Ipswich Town,15.0,3.0,0.0,1.0,1.0,1.0,24.8,1.0,1.0,1.0,0.0,0.0,200.0,245.0,0.8,1.0,6.0,0.2,34.0,10.0,0.3,0.0,8.0,17.0,0.5,10.0,40.0,40.0,704295,2024-08-24 14:00:00,2024
Tottenham Hotspur,11.0,0.0,0.0,0.0,12.0,1.0,70.5,13.0,7.0,0.5,0.0,0.0,540.0,609.0,0.9,6.0,20.0,0.3,32.0,19.0,0.6,1.0,16.0,22.0,0.7,4.0,11.0,11.0,Everton,15.0,0.0,0.0,4.0,5.0,3.0,29.5,10.0,1.0,0.1,0.0,0.0,188.0,251.0,0.7,7.0,15.0,0.5,52.0,25.0,0.5,6.0,19.0,29.0,0.7,15.0,15.0,15.0,704297,2024-08-24 14:00:00,2024
Crystal Palace,9.0,1.0,0.0,3.0,3.0,1.0,58.4,14.0,2.0,0.1,0.0,0.0,454.0,552.0,0.8,4.0,20.0,0.2,66.0,30.0,0.5,4.0,11.0,23.0,0.5,9.0,9.0,9.0,West Ham United,17.0,1.0,0.0,2.0,3.0,2.0,41.6,18.0,3.0,0.2,0.0,0.0,302.0,393.0,0.8,4.0,14.0,0.3,68.0,31.0,0.5,5.0,12.0,20.0,0.6,15.0,25.0,25.0,704292,2024-08-24 14:00:00,2024
Aston Villa,8.0,1.0,0.0,3.0,4.0,2.0,39.3,11.0,3.0,0.3,0.0,0.0,271.0,329.0,0.8,3.0,10.0,0.3,38.0,16.0,0.4,5.0,10.0,22.0,0.5,4.0,16.0,16.0,Arsenal,16.0,3.0,0.0,1.0,1.0,3.0,60.7,9.0,4.0,0.4,0.0,0.0,469.0,514.0,0.9,1.0,13.0,0.1,30.0,18.0,0.6,1.0,9.0,17.0,0.5,8.0,15.0,15.0,704289,2024-08-24 16:30:00,2024
Wolverhampton Wanderers,13.0,2.0,0.0,3.0,5.0,2.0,39.6,12.0,4.0,0.3,0.0,0.0,253.0,320.0,0.8,1.0,13.0,0.1,40.0,17.0,0.4,2.0,10.0,19.0,0.5,9.0,19.0,19.0,Chelsea,13.0,3.0,0.0,1.0,5.0,2.0,60.4,14.0,8.0,0.6,0.0,0.0,426.0,495.0,0.9,1.0,11.0,0.1,44.0,23.0,0.5,3.0,11.0,14.0,0.8,9.0,18.0,18.0,704298,2024-08-25 13:00:00,2024
AFC Bournemouth,20.0,2.0,0.0,0.0,8.0,4.0,39.3,16.0,4.0,0.3,0.0,0.0,245.0,321.0,0.8,4.0,19.0,0.2,65.0,27.0,0.4,5.0,16.0,21.0,0.8,6.0,34.0,34.0,Newcastle United,8.0,2.0,0.0,0.0,9.0,3.0,60.7,14.0,5.0,0.4,0.0,0.0,393.0,495.0,0.8,8.0,26.0,0.3,55.0,24.0,0.4,5.0,12.0,21.0,0.6,4.0,17.0,17.0,704290,2024-08-25 13:00:00,2024
Liverpool,10.0,2.0,0.0,1.0,9.0,2.0,62.1,19.0,8.0,0.4,0.0,0.0,550.0,602.0,0.9,3.0,15.0,0.2,46.0,22.0,0.5,7.0,10.0,17.0,0.6,7.0,11.0,11.0,Brentford,7.0,3.0,0.0,2.0,4.0,6.0,37.9,8.0,2.0,0.3,0.0,0.0,298.0,364.0,0.8,4.0,10.0,0.4,47.0,25.0,0.5,3.0,6.0,10.0,0.6,5.0,16.0,16.0,704294,2024-08-25 15:30:00,2024
Arsenal,12.0,3.0,1.0,3.0,3.0,3.0,35.8,11.0,7.0,0.6,0.0,0.0,200.0,270.0,0.7,2.0,7.0,0.3,51.0,21.0,0.4,2.0,11.0,17.0,0.6,12.0,20.0,20.0,Brighton & Hove Albion,7.0,2.0,0.0,1.0,7.0,6.0,64.2,22.0,4.0,0.2,0.0,0.0,404.0,471.0,0.9,7.0,26.0,0.3,40.0,30.0,0.8,8.0,7.0,18.0,0.4,5.0,11.0,11.0,704299,2024-08-31 11:30:00,2024
Ipswich Town,15.0,2.0,0.0,4.0,8.0,3.0,48.7,11.0,4.0,0.4,0.0,0.0,345.0,401.0,0.9,5.0,16.0,0.3,39.0,19.0,0.5,4.0,9.0,13.0,0.7,4.0,30.0,30.0,Fulham,15.0,3.0,0.0,0.0,6.0,3.0,51.3,9.0,4.0,0.4,0.0,0.0,359.0,418.0,0.9,5.0,26.0,0.2,52.0,21.0,0.4,3.0,7.0,11.0,0.6,6.0,11.0,11.0,704308,2024-08-31 14:00:00,2024
Brentford,10.0,2.0,0.0,1.0,2.0,5.0,36.6,20.0,7.0,0.4,0.0,0.0,310.0,358.0,0.9,2.0,13.0,0.2,34.0,23.0,0.7,6.0,13.0,17.0,0.8,11.0,19.0,19.0,Southampton,7.0,1.0,0.0,2.0,8.0,4.0,63.4,18.0,6.0,0.3,0.0,0.0,548.0,621.0,0.9,4.0,20.0,0.2,44.0,16.0,0.4,5.0,10.0,15.0,0.7,9.0,17.0,17.0,704300,2024-08-31 14:00:00,2024
Nottingham Forest,15.0,3.0,0.0,4.0,7.0,1.0,51.7,16.0,5.0,0.3,0.0,0.0,293.0,367.0,0.8,5.0,23.0,0.2,55.0,26.0,0.5,6.0,12.0,17.0,0.7,10.0,13.0,13.0,Wolverhampton Wanderers,18.0,4.0,0.0,0.0,3.0,4.0,48.3,11.0,3.0,0.3,0.0,0.0,279.0,359.0,0.8,1.0,7.0,0.1,50.0,22.0,0.4,2.0,14.0,23.0,0.6,10.0,25.0,25.0,704303,2024-08-31 14:00:00,2024
Everton,6.0,2.0,0.0,2.0,8.0,4.0,46.9,18.0,8.0,0.4,0.0,0.0,257.0,349.0,0.7,7.0,21.0,0.3,76.0,37.0,0.5,2.0,11.0,17.0,0.6,12.0,21.0,21.0,AFC Bournemouth,11.0,1.0,0.0,2.0,4.0,6.0,53.1,17.0,7.0,0.4,0.0,0.0,300.0,392.0,0.8,11.0,24.0,0.5,61.0,21.0,0.3,5.0,10.0,26.0,0.4,7.0,23.0,23.0,704302,2024-08-31 14:00:00,2024
Leicester City,13.0,4.0,0.0,3.0,1.0,3.0,57.6,9.0,3.0,0.3,0.0,0.0,457.0,513.0,0.9,4.0,18.0,0.2,34.0,18.0,0.5,1.0,11.0,22.0,0.5,11.0,18.0,18.0,Aston Villa,21.0,5.0,0.0,1.0,4.0,2.0,42.4,10.0,5.0,0.5,0.0,0.0,318.0,383.0,0.8,3.0,10.0,0.3,38.0,22.0,0.6,2.0,10.0,17.0,0.6,7.0,25.0,25.0,704304,2024-08-31 14:00:00,2024
West Ham United,10.0,3.0,0.0,0.0,3.0,5.0,32.4,10.0,2.0,0.2,0.0,0.0,284.0,340.0,0.8,4.0,14.0,0.3,34.0,19.0,0.6,3.0,6.0,11.0,0.5,6.0,20.0,20.0,Manchester City,3.0,2.0,0.0,1.0,11.0,2.0,67.6,23.0,8.0,0.3,0.0,0.0,670.0,726.0,0.9,8.0,22.0,0.4,47.0,34.0,0.7,5.0,12.0,15.0,0.8,7.0,18.0,18.0,704307,2024-08-31 16:30:00,2024
Newcastle United,16.0,4.0,0.0,2.0,7.0,6.0,34.3,9.0,3.0,0.3,0.0,0.0,183.0,261.0,0.7,5.0,12.0,0.4,45.0,12.0,0.3,3.0,8.0,17.0,0.5,14.0,31.0,31.0,Tottenham Hotspur,13.0,4.0,0.0,4.0,12.0,1.0,65.7,20.0,6.0,0.3,0.0,0.0,421.0,500.0,0.8,4.0,27.0,0.1,28.0,7.0,0.3,8.0,16.0,22.0,0.7,7.0,14.0,14.0,704306,2024-09-01 12:30:00,2024
Chelsea,9.0,4.0,0.0,0.0,4.0,2.0,62.8,13.0,7.0,0.5,0.0,0.0,532.0,590.0,0.9,3.0,19.0,0.2,41.0,26.0,0.6,1.0,7.0,13.0,0.5,8.0,17.0,17.0,Crystal Palace,13.0,2.0,0.0,1.0,5.0,6.0,37.2,9.0,3.0,0.3,0.0,0.0,276.0,350.0,0.8,3.0,9.0,0.3,49.0,19.0,0.4,5.0,11.0,19.0,0.6,6.0,28.0,28.0,704301,2024-09-01 12:30:00,2024
Manchester United,7.0,4.0,0.0,0.0,5.0,0.0,52.8,8.0,3.0,0.4,0.0,0.0,421.0,507.0,0.8,6.0,19.0,0.3,39.0,15.0,0.4,0.0,20.0,32.0,0.6,7.0,10.0,10.0,Liverpool,7.0,1.0,0.0,2.0,2.0,3.0,47.2,11.0,3.0,0.3,0.0,0.0,391.0,464.0,0.8,3.0,6.0,0.5,38.0,13.0,0.3,1.0,17.0,24.0,0.7,10.0,28.0,28.0,704305,2024-09-01 15:00:00,2024
Southampton,11.0,1.0,1.0,0.0,0.0,7.0,44.2,6.0,4.0,0.7,0.0,1.0,421.0,480.0,0.9,1.0,7.0,0.1,32.0,13.0,0.4,1.0,14.0,21.0,0.7,11.0,16.0,16.0,Manchester United,14.0,4.0,0.0,0.0,7.0,3.0,55.8,20.0,10.0,0.5,0.0,0.0,556.0,611.0,0.9,2.0,9.0,0.2,32.0,18.0,0.6,7.0,13.0,22.0,0.6,12.0,11.0,11.0,704316,2024-09-14 11:30:00,2024
Manchester City,9.0,3.0,0.0,1.0,12.0,5.0,53.8,18.0,7.0,0.4,0.0,0.0,485.0,544.0,0.9,1.0,15.0,0.1,36.0,25.0,0.7,5.0,5.0,12.0,0.4,5.0,12.0,12.0,Brentford,3.0,1.0,0.0,1.0,3.0,5.0,46.2,8.0,5.0,0.6,0.0,0.0,398.0,468.0,0.9,6.0,12.0,0.5,60.0,29.0,0.5,1.0,15.0,20.0,0.8,9.0,22.0,22.0,704315,2024-09-14 14:00:00,2024
Fulham,15.0,2.0,0.0,3.0,3.0,2.0,54.5,21.0,5.0,0.2,0.0,0.0,316.0,395.0,0.8,9.0,22.0,0.4,55.0,26.0,0.5,8.0,19.0,30.0,0.6,13.0,21.0,21.0,West Ham United,18.0,3.0,0.0,2.0,2.0,4.0,45.5,11.0,3.0,0.3,0.0,0.0,258.0,333.0,0.8,5.0,16.0,0.3,48.0,18.0,0.4,3.0,10.0,18.0,0.6,10.0,24.0,24.0,704313,2024-09-14 14:00:00,2024
Crystal Palace,11.0,0.0,0.0,3.0,5.0,2.0,67.2,20.0,4.0,0.2,1.0,1.0,503.0,595.0,0.8,5.0,27.0,0.2,61.0,39.0,0.6,10.0,15.0,24.0,0.6,8.0,12.0,12.0,Leicester City,15.0,3.0,0.0,0.0,2.0,2.0,32.8,9.0,4.0,0.4,0.0,0.0,203.0,293.0,0.7,2.0,8.0,0.3,54.0,17.0,0.3,1.0,8.0,19.0,0.4,8.0,20.0,20.0,704312,2024-09-14 14:00:00,2024
Brighton & Hove Albion,14.0,4.0,0.0,1.0,9.0,1.0,68.6,21.0,6.0,0.3,0.0,0.0,490.0,570.0,0.9,5.0,29.0,0.2,39.0,28.0,0.7,10.0,11.0,19.0,0.6,9.0,6.0,6.0,Ipswich Town,16.0,3.0,0.0,3.0,2.0,6.0,31.4,6.0,1.0,0.2,0.0,0.0,184.0,261.0,0.7,2.0,6.0,0.3,46.0,15.0,0.3,1.0,14.0,25.0,0.6,11.0,34.0,34.0,704311,2024-09-14 14:00:00,2024
Liverpool,0.0,0.0,0.0,0.0,0.0,0.0,0.0,0.0,0.0,0.0,0.0,0.0,0.0,0.0,0.0,0.0,0.0,0.0,0.0,0.0,0.0,0.0,0.0,0.0,0.0,0.0,0.0,0.0,Nottingham Forest,0.0,0.0,0.0,0.0,0.0,0.0,0.0,0.0,0.0,0.0,0.0,0.0,0.0,0.0,0.0,0.0,0.0,0.0,0.0,0.0,0.0,0.0,0.0,0.0,0.0,0.0,0.0,0.0,704314,2024-09-14 14:00:00,2024
Aston Villa,10.0,1.0,0.0,1.0,6.0,0.0,72.9,17.0,8.0,0.5,0.0,0.0,602.0,665.0,0.9,7.0,21.0,0.3,38.0,20.0,0.5,3.0,15.0,20.0,0.8,4.0,9.0,9.0,Everton,12.0,4.0,0.0,3.0,2.0,4.0,27.1,6.0,2.0,0.3,0.0,0.0,182.0,240.0,0.8,6.0,12.0,0.5,45.0,21.0,0.5,1.0,16.0,24.0,0.7,6.0,28.0,28.0,704309,2024-09-14 16:30:00,2024
AFC Bournemouth,16.0,6.0,0.0,4.0,6.0,2.0,33.3,19.0,7.0,0.4,0.0,1.0,193.0,276.0,0.7,4.0,17.0,0.2,51.0,22.0,0.4,4.0,8.0,14.0,0.6,10.0,18.0,18.0,Chelsea,9.0,8.0,0.0,3.0,3.0,7.0,66.7,10.0,3.0,0.3,0.0,0.0,494.0,579.0,0.9,1.0,8.0,0.1,47.0,19.0,0.4,4.0,7.0,12.0,0.6,6.0,18.0,18.0,704310,2024-09-14 19:00:00,2024
Tottenham Hotspur,13.0,5.0,0.0,2.0,7.0,3.0,63.7,15.0,5.0,0.3,0.0,0.0,437.0,494.0,0.9,8.0,31.0,0.3,30.0,14.0,0.5,6.0,13.0,20.0,0.7,9.0,24.0,24.0,Arsenal,10.0,3.0,0.0,3.0,6.0,5.0,36.3,7.0,4.0,0.6,0.0,0.0,213.0,282.0,0.8,4.0,13.0,0.3,46.0,19.0,0.4,3.0,12.0,21.0,0.6,9.0,32.0,32.0,704317,2024-09-15 13:00:00,2024
Wolverhampton Wanderers,17.0,3.0,0.0,3.0,4.0,4.0,48.5,12.0,5.0,0.4,0.0,0.0,362.0,433.0,0.8,5.0,21.0,0.2,54.0,28.0,0.5,2.0,14.0,23.0,0.6,10.0,18.0,18.0,Newcastle United,6.0,3.0,0.0,2.0,7.0,4.0,51.5,14.0,6.0,0.4,0.0,0.0,415.0,471.0,0.9,2.0,13.0,0.2,33.0,13.0,0.4,4.0,9.0,14.0,0.6,5.0,22.0,22.0,704318,2024-09-15 15:30:00,2024
West Ham United,17.0,5.0,0.0,2.0,6.0,2.0,53.0,15.0,7.0,0.5,0.0,0.0,444.0,498.0,0.9,6.0,29.0,0.2,35.0,20.0,0.6,5.0,6.0,16.0,0.4,8.0,10.0,10.0,Chelsea,9.0,2.0,0.0,1.0,5.0,7.0,47.0,12.0,5.0,0.4,0.0,0.0,393.0,454.0,0.9,3.0,8.0,0.4,47.0,23.0,0.5,3.0,9.0,19.0,0.5,8.0,34.0,34.0,704328,2024-09-21 11:30:00,2024
Fulham,16.0,6.0,0.0,1.0,6.0,4.0,38.6,22.0,11.0,0.5,0.0,0.0,283.0,344.0,0.8,7.0,17.0,0.4,41.0,12.0,0.3,2.0,9.0,19.0,0.5,6.0,21.0,21.0,Newcastle United,8.0,0.0,0.0,6.0,0.0,8.0,61.4,16.0,5.0,0.3,0.0,0.0,506.0,560.0,0.9,4.0,12.0,0.3,36.0,18.0,0.5,3.0,5.0,9.0,0.6,10.0,15.0,15.0,704322,2024-09-21 14:00:00,2024
Leicester City,11.0,1.0,0.0,2.0,6.0,4.0,58.5,12.0,2.0,0.2,0.0,0.0,389.0,460.0,0.8,8.0,29.0,0.3,43.0,25.0,0.6,3.0,17.0,24.0,0.7,4.0,13.0,13.0,Everton,12.0,2.0,0.0,5.0,1.0,1.0,41.5,17.0,5.0,0.3,0.0,0.0,271.0,335.0,0.8,4.0,14.0,0.3,51.0,27.0,0.5,6.0,13.0,18.0,0.7,9.0,30.0,30.0,704323,2024-09-21 14:00:00,2024
Liverpool,10.0,1.0,0.0,0.0,3.0,7.0,58.8,19.0,13.0,0.7,0.0,0.0,519.0,584.0,0.9,2.0,8.0,0.3,41.0,24.0,0.6,3.0,14.0,20.0,0.7,6.0,21.0,21.0,AFC Bournemouth,12.0,4.0,0.0,3.0,9.0,9.0,41.2,19.0,6.0,0.3,0.0,0.0,332.0,389.0,0.9,4.0,24.0,0.2,46.0,24.0,0.5,4.0,11.0,20.0,0.6,7.0,16.0,16.0,704324,2024-09-21 14:00:00,2024
Southampton,16.0,4.0,0.0,3.0,2.0,5.0,53.6,11.0,3.0,0.3,0.0,0.0,428.0,492.0,0.9,0.0,9.0,0.0,36.0,15.0,0.4,3.0,7.0,16.0,0.4,15.0,33.0,33.0,Ipswich Town,16.0,4.0,0.0,1.0,10.0,2.0,46.4,13.0,6.0,0.5,0.0,0.0,350.0,409.0,0.9,5.0,23.0,0.2,31.0,17.0,0.5,3.0,8.0,17.0,0.5,13.0,15.0,15.0,704326,2024-09-21 14:00:00,2024
Tottenham Hotspur,11.0,3.0,0.0,1.0,9.0,5.0,48.0,23.0,10.0,0.4,0.0,0.0,355.0,434.0,0.8,4.0,23.0,0.2,31.0,20.0,0.6,10.0,11.0,18.0,0.6,17.0,20.0,20.0,Brentford,9.0,1.0,0.0,2.0,4.0,6.0,52.0,6.0,6.0,1.0,0.0,0.0,393.0,489.0,0.8,1.0,12.0,0.1,75.0,37.0,0.5,0.0,16.0,27.0,0.6,11.0,26.0,26.0,704327,2024-09-21 14:00:00,2024
Aston Villa,11.0,3.0,0.0,1.0,6.0,3.0,53.0,9.0,4.0,0.4,0.0,0.0,393.0,447.0,0.9,4.0,17.0,0.2,21.0,8.0,0.4,3.0,10.0,15.0,0.7,5.0,15.0,15.0,Wolverhampton Wanderers,16.0,6.0,0.0,5.0,5.0,0.0,47.0,10.0,4.0,0.4,0.0,0.0,341.0,398.0,0.9,6.0,11.0,0.5,47.0,21.0,0.4,5.0,9.0,23.0,0.4,10.0,19.0,19.0,704319,2024-09-21 14:00:00,2024
Crystal Palace,7.0,3.0,0.0,1.0,4.0,7.0,33.2,9.0,4.0,0.4,0.0,0.0,221.0,313.0,0.7,6.0,14.0,0.4,64.0,24.0,0.4,2.0,10.0,22.0,0.5,13.0,30.0,30.0,Manchester United,12.0,2.0,0.0,0.0,11.0,4.0,66.8,15.0,6.0,0.4,0.0,0.0,547.0,639.0,0.9,3.0,23.0,0.1,47.0,14.0,0.3,4.0,8.0,14.0,0.6,9.0,14.0,14.0,704321,2024-09-21 16:30:00,2024
Brighton & Hove Albion,12.0,3.0,0.0,0.0,9.0,2.0,70.4,14.0,3.0,0.2,0.0,0.0,475.0,542.0,0.9,9.0,43.0,0.2,32.0,17.0,0.5,7.0,5.0,12.0,0.4,7.0,9.0,9.0,Nottingham Forest,11.0,4.0,1.0,4.0,1.0,1.0,29.6,4.0,3.0,0.8,1.0,1.0,169.0,245.0,0.7,0.0,4.0,0.0,59.0,14.0,0.2,1.0,8.0,18.0,0.4,8.0,48.0,48.0,704320,2024-09-22 13:00:00,2024
Manchester City,7.0,3.0,0.0,0.0,8.0,1.0,77.2,33.0,11.0,0.3,0.0,0.0,644.0,705.0,0.9,6.0,24.0,0.3,42.0,21.0,0.5,13.0,5.0,10.0,0.5,3.0,9.0,9.0,Arsenal,10.0,4.0,1.0,1.0,2.0,9.0,22.8,5.0,3.0,0.6,0.0,0.0,148.0,208.0,0.7,3.0,7.0,0.4,47.0,14.0,0.3,0.0,10.0,16.0,0.6,4.0,37.0,37.0,704325,2024-09-22 15:30:00,2024
Newcastle United,14.0,4.0,0.0,1.0,5.0,5.0,37.7,11.0,4.0,0.4,1.0,1.0,261.0,331.0,0.8,5.0,16.0,0.3,49.0,23.0,0.5,4.0,7.0,15.0,0.5,10.0,21.0,21.0,Manchester City,10.0,4.0,0.0,0.0,6.0,3.0,62.3,16.0,6.0,0.4,0.0,0.0,490.0,558.0,0.9,2.0,19.0,0.1,37.0,18.0,0.5,6.0,11.0,15.0,0.7,7.0,20.0,20.0,704336,2024-09-28 11:30:00,2024
Brentford,2.0,2.0,0.0,1.0,7.0,2.0,57.2,8.0,3.0,0.4,0.0,0.0,425.0,528.0,0.8,5.0,28.0,0.2,56.0,23.0,0.4,3.0,15.0,25.0,0.6,10.0,20.0,20.0,West Ham United,11.0,3.0,0.0,2.0,7.0,2.0,42.8,19.0,3.0,0.2,0.0,0.0,316.0,399.0,0.8,4.0,16.0,0.3,65.0,34.0,0.5,6.0,7.0,17.0,0.4,10.0,37.0,37.0,704331,2024-09-28 14:00:00,2024
Everton,13.0,2.0,0.0,2.0,5.0,3.0,40.1,8.0,2.0,0.3,0.0,0.0,259.0,347.0,0.7,7.0,23.0,0.3,60.0,27.0,0.5,2.0,5.0,14.0,0.4,16.0,22.0,22.0,Crystal Palace,11.0,0.0,0.0,0.0,8.0,0.0,59.9,17.0,5.0,0.3,0.0,0.0,435.0,535.0,0.8,3.0,20.0,0.2,62.0,29.0,0.5,7.0,17.0,25.0,0.7,8.0,26.0,26.0,704338,2024-09-28 14:00:00,2024
Chelsea,11.0,3.0,0.0,6.0,8.0,4.0,41.1,15.0,7.0,0.5,1.0,1.0,288.0,376.0,0.8,3.0,11.0,0.3,48.0,19.0,0.4,3.0,13.0,22.0,0.6,7.0,17.0,17.0,Brighton & Hove Albion,8.0,2.0,0.0,2.0,2.0,2.0,58.9,15.0,5.0,0.3,0.0,0.0,476.0,552.0,0.9,4.0,16.0,0.3,36.0,19.0,0.5,5.0,8.0,16.0,0.5,12.0,12.0,12.0,704332,2024-09-28 14:00:00,2024
Nottingham Forest,11.0,2.0,0.0,7.0,6.0,1.0,40.6,11.0,1.0,0.1,0.0,0.0,278.0,351.0,0.8,5.0,26.0,0.2,35.0,11.0,0.3,5.0,3.0,8.0,0.4,9.0,22.0,22.0,Fulham,15.0,4.0,0.0,1.0,5.0,1.0,59.4,14.0,2.0,0.1,1.0,1.0,459.0,527.0,0.9,4.0,23.0,0.2,36.0,18.0,0.5,7.0,2.0,7.0,0.3,9.0,40.0,40.0,704333,2024-09-28 14:00:00,2024
Arsenal,0.0,0.0,0.0,0.0,0.0,0.0,0.0,0.0,0.0,0.0,0.0,0.0,0.0,0.0,0.0,0.0,0.0,0.0,0.0,0.0,0.0,0.0,0.0,0.0,0.0,0.0,0.0,0.0,Leicester City,0.0,0.0,0.0,0.0,0.0,0.0,0.0,0.0,0.0,0.0,0.0,0.0,0.0,0.0,0.0,0.0,0.0,0.0,0.0,0.0,0.0,0.0,0.0,0.0,0.0,0.0,0.0,0.0,704329,2024-09-28 14:00:00,2024
Wolverhampton Wanderers,16.0,2.0,0.0,1.0,2.0,4.0,44.6,8.0,3.0,0.4,0.0,0.0,357.0,426.0,0.8,3.0,15.0,0.2,41.0,21.0,0.5,2.0,11.0,14.0,0.8,9.0,23.0,23.0,Liverpool,8.0,3.0,0.0,2.0,10.0,2.0,55.4,10.0,6.0,0.6,1.0,1.0,455.0,534.0,0.9,6.0,21.0,0.3,40.0,15.0,0.4,1.0,9.0,10.0,0.9,7.0,10.0,10.0,704337,2024-09-28 16:30:00,2024
Ipswich Town,10.0,4.0,0.0,2.0,10.0,1.0,43.8,15.0,5.0,0.3,0.0,0.0,347.0,408.0,0.9,3.0,17.0,0.2,45.0,20.0,0.4,4.0,9.0,18.0,0.5,7.0,15.0,15.0,Aston Villa,14.0,1.0,0.0,1.0,0.0,3.0,56.2,7.0,3.0,0.4,0.0,0.0,480.0,542.0,0.9,1.0,4.0,0.3,49.0,25.0,0.5,0.0,9.0,15.0,0.6,5.0,16.0,16.0,704334,2024-09-29 13:00:00,2024
Manchester United,16.0,5.0,1.0,2.0,5.0,7.0,39.2,11.0,2.0,0.2,0.0,0.0,312.0,395.0,0.8,6.0,21.0,0.3,61.0,28.0,0.5,4.0,15.0,27.0,0.6,17.0,16.0,16.0,Tottenham Hotspur,14.0,3.0,0.0,1.0,3.0,2.0,60.8,24.0,10.0,0.4,0.0,0.0,562.0,636.0,0.9,6.0,15.0,0.4,33.0,16.0,0.5,7.0,6.0,7.0,0.9,11.0,14.0,14.0,704335,2024-09-29 15:30:00,2024
AFC Bournemouth,19.0,2.0,0.0,1.0,7.0,2.0,40.2,14.0,6.0,0.4,0.0,0.0,305.0,378.0,0.8,1.0,19.0,0.1,51.0,20.0,0.4,6.0,8.0,20.0,0.4,11.0,17.0,17.0,Southampton,12.0,5.0,0.0,1.0,4.0,3.0,59.8,9.0,3.0,0.3,0.0,0.0,499.0,577.0,0.9,3.0,14.0,0.2,44.0,23.0,0.5,3.0,12.0,20.0,0.6,8.0,22.0,22.0,704330,2024-09-30 19:00:00,2024
Crystal Palace,7.0,4.0,0.0,1.0,3.0,3.0,31.9,9.0,5.0,0.6,0.0,0.0,209.0,300.0,0.7,1.0,9.0,0.1,58.0,20.0,0.3,0.0,6.0,8.0,0.8,5.0,25.0,25.0,Liverpool,15.0,2.0,0.0,0.0,8.0,5.0,68.1,16.0,4.0,0.3,0.0,0.0,549.0,642.0,0.9,4.0,16.0,0.3,64.0,31.0,0.5,5.0,6.0,13.0,0.5,13.0,16.0,16.0,704345,2024-10-05 11:30:00,2024
Arsenal,10.0,0.0,0.0,1.0,13.0,1.0,58.6,29.0,6.0,0.2,0.0,0.0,483.0,536.0,0.9,6.0,32.0,0.2,34.0,19.0,0.6,10.0,12.0,16.0,0.8,9.0,10.0,10.0,Southampton,9.0,3.0,0.0,0.0,1.0,3.0,41.4,8.0,2.0,0.3,0.0,0.0,337.0,395.0,0.9,1.0,7.0,0.1,34.0,13.0,0.4,5.0,10.0,15.0,0.7,9.0,33.0,33.0,704343,2024-10-05 14:00:00,2024
West Ham United,12.0,0.0,0.0,3.0,5.0,2.0,53.0,23.0,13.0,0.6,0.0,0.0,432.0,496.0,0.9,3.0,11.0,0.3,54.0,31.0,0.6,4.0,11.0,19.0,0.6,8.0,18.0,18.0,Ipswich Town,6.0,1.0,0.0,1.0,5.0,8.0,47.0,9.0,2.0,0.2,0.0,0.0,361.0,430.0,0.8,3.0,15.0,0.2,44.0,25.0,0.6,3.0,11.0,15.0,0.7,6.0,14.0,14.0,704344,2024-10-05 14:00:00,2024
Manchester City,4.0,2.0,0.0,0.0,8.0,2.0,58.1,20.0,7.0,0.4,0.0,0.0,575.0,634.0,0.9,6.0,16.0,0.4,16.0,11.0,0.7,8.0,7.0,10.0,0.7,4.0,19.0,19.0,Fulham,10.0,1.0,0.0,3.0,3.0,4.0,41.9,11.0,4.0,0.4,0.0,0.0,392.0,452.0,0.9,4.0,15.0,0.3,46.0,26.0,0.6,4.0,9.0,23.0,0.4,7.0,22.0,22.0,704348,2024-10-05 14:00:00,2024
Leicester City,12.0,4.0,0.0,2.0,0.0,2.0,44.1,6.0,2.0,0.3,0.0,0.0,280.0,368.0,0.8,1.0,6.0,0.2,73.0,33.0,0.5,1.0,10.0,14.0,0.7,7.0,36.0,36.0,AFC Bournemouth,14.0,1.0,0.0,1.0,9.0,1.0,55.9,19.0,2.0,0.1,0.0,0.0,362.0,443.0,0.8,8.0,30.0,0.3,43.0,20.0,0.5,6.0,14.0,22.0,0.6,6.0,20.0,20.0,704339,2024-10-05 14:00:00,2024
Brentford,9.0,2.0,0.0,5.0,10.0,3.0,44.0,19.0,12.0,0.6,1.0,1.0,283.0,365.0,0.8,13.0,27.0,0.5,57.0,28.0,0.5,3.0,8.0,16.0,0.5,6.0,32.0,32.0,Wolverhampton Wanderers,10.0,3.0,0.0,1.0,3.0,7.0,56.0,17.0,6.0,0.4,0.0,0.0,376.0,478.0,0.8,4.0,20.0,0.2,64.0,24.0,0.4,4.0,15.0,17.0,0.9,5.0,22.0,22.0,704346,2024-10-05 14:00:00,2024
Everton,12.0,1.0,0.0,2.0,0.0,3.0,32.1,8.0,2.0,0.3,0.0,0.0,228.0,310.0,0.7,2.0,9.0,0.2,57.0,20.0,0.4,1.0,11.0,19.0,0.6,10.0,30.0,30.0,Newcastle United,8.0,2.0,0.0,3.0,10.0,2.0,67.9,14.0,3.0,0.2,0.0,1.0,566.0,656.0,0.9,7.0,22.0,0.3,41.0,16.0,0.4,3.0,13.0,25.0,0.5,8.0,6.0,6.0,704340,2024-10-05 16:30:00,2024
Chelsea,12.0,6.0,0.0,1.0,11.0,8.0,66.1,22.0,8.0,0.4,0.0,0.0,519.0,591.0,0.9,5.0,29.0,0.2,42.0,21.0,0.5,5.0,10.0,14.0,0.7,8.0,17.0,17.0,Nottingham Forest,11.0,2.0,1.0,3.0,3.0,7.0,33.9,16.0,9.0,0.6,0.0,0.0,233.0,306.0,0.8,3.0,11.0,0.3,46.0,15.0,0.3,6.0,6.0,12.0,0.5,6.0,32.0,32.0,704342,2024-10-06 13:00:00,2024
Aston Villa,12.0,1.0,0.0,0.0,6.0,4.0,53.5,11.0,1.0,0.1,0.0,0.0,345.0,416.0,0.8,2.0,20.0,0.1,35.0,11.0,0.3,3.0,10.0,12.0,0.8,6.0,14.0,14.0,Manchester United,11.0,5.0,0.0,1.0,3.0,1.0,46.5,10.0,4.0,0.4,0.0,0.0,302.0,369.0,0.8,3.0,9.0,0.3,47.0,20.0,0.4,2.0,12.0,21.0,0.6,12.0,23.0,23.0,704347,2024-10-06 13:00:00,2024
Brighton & Hove Albion,14.0,2.0,0.0,2.0,4.0,1.0,41.0,11.0,4.0,0.4,0.0,0.0,301.0,364.0,0.8,5.0,15.0,0.3,48.0,16.0,0.3,2.0,7.0,12.0,0.6,11.0,18.0,18.0,Tottenham Hotspur,10.0,2.0,0.0,2.0,7.0,1.0,59.0,13.0,3.0,0.2,0.0,0.0,461.0,526.0,0.9,1.0,19.0,0.1,33.0,19.0,0.6,3.0,12.0,20.0,0.6,7.0,12.0,12.0,704341,2024-10-06 15:30:00,2024
Tottenham Hotspur,10.0,1.0,0.0,2.0,13.0,2.0,57.0,22.0,7.0,0.3,0.0,0.0,414.0,477.0,0.9,9.0,28.0,0.3,28.0,17.0,0.6,6.0,16.0,25.0,0.6,5.0,14.0,14.0,West Ham United,15.0,3.0,1.0,1.0,5.0,4.0,43.0,11.0,4.0,0.4,0.0,0.0,295.0,366.0,0.8,3.0,12.0,0.3,63.0,37.0,0.6,3.0,25.0,33.0,0.8,11.0,25.0,25.0,704353,2024-10-19 11:30:00,2024
Southampton,10.0,5.0,1.0,1.0,10.0,1.0,42.0,14.0,7.0,0.5,0.0,0.0,297.0,359.0,0.8,5.0,19.0,0.3,46.0,20.0,0.4,2.0,16.0,21.0,0.8,9.0,30.0,30.0,Leicester City,10.0,3.0,0.0,2.0,6.0,6.0,58.0,18.0,4.0,0.2,1.0,1.0,420.0,492.0,0.9,8.0,27.0,0.3,39.0,23.0,0.6,4.0,17.0,30.0,0.6,5.0,22.0,22.0,704349,2024-10-19 14:00:00,2024
Manchester United,4.0,2.0,0.0,1.0,9.0,1.0,50.4,23.0,11.0,0.5,0.0,0.0,409.0,488.0,0.8,6.0,19.0,0.3,61.0,29.0,0.5,6.0,16.0,25.0,0.6,8.0,24.0,24.0,Brentford,5.0,2.0,0.0,3.0,2.0,9.0,49.6,8.0,2.0,0.3,0.0,0.0,412.0,484.0,0.9,5.0,13.0,0.4,46.0,19.0,0.4,2.0,11.0,15.0,0.7,10.0,31.0,31.0,704352,2024-10-19 14:00:00,2024
Fulham,8.0,3.0,1.0,2.0,6.0,4.0,52.1,10.0,4.0,0.4,0.0,1.0,377.0,434.0,0.9,7.0,30.0,0.2,46.0,23.0,0.5,1.0,11.0,18.0,0.6,14.0,22.0,22.0,Aston Villa,11.0,3.0,1.0,2.0,11.0,3.0,47.9,14.0,5.0,0.4,0.0,0.0,361.0,408.0,0.9,3.0,19.0,0.2,26.0,15.0,0.6,4.0,5.0,11.0,0.5,14.0,19.0,19.0,704356,2024-10-19 14:00:00,2024
Newcastle United,11.0,2.0,0.0,3.0,9.0,4.0,59.9,21.0,6.0,0.3,0.0,0.0,448.0,544.0,0.8,3.0,23.0,0.1,46.0,19.0,0.4,9.0,19.0,26.0,0.7,13.0,6.0,6.0,Brighton & Hove Albion,9.0,2.0,0.0,0.0,4.0,6.0,40.1,10.0,5.0,0.5,0.0,0.0,294.0,371.0,0.8,3.0,8.0,0.4,59.0,27.0,0.5,2.0,15.0,26.0,0.6,9.0,37.0,37.0,704357,2024-10-19 14:00:00,2024
Ipswich Town,12.0,1.0,0.0,1.0,5.0,6.0,55.3,13.0,2.0,0.2,0.0,0.0,419.0,484.0,0.9,6.0,27.0,0.2,48.0,22.0,0.5,3.0,9.0,13.0,0.7,9.0,17.0,17.0,Everton,10.0,1.0,0.0,0.0,8.0,2.0,44.7,11.0,8.0,0.7,0.0,0.0,319.0,403.0,0.8,3.0,13.0,0.2,68.0,27.0,0.4,0.0,12.0,18.0,0.7,6.0,31.0,31.0,704355,2024-10-19 14:15:00,2024
AFC Bournemouth,12.0,1.0,0.0,1.0,7.0,1.0,48.7,13.0,4.0,0.3,1.0,1.0,323.0,405.0,0.8,3.0,25.0,0.1,49.0,17.0,0.3,5.0,11.0,16.0,0.7,6.0,20.0,20.0,Arsenal,11.0,1.0,1.0,1.0,4.0,2.0,51.3,6.0,1.0,0.2,0.0,0.0,348.0,439.0,0.8,4.0,15.0,0.3,52.0,20.0,0.4,1.0,10.0,17.0,0.6,6.0,26.0,26.0,704351,2024-10-19 16:30:00,2024
Wolverhampton Wanderers,8.0,4.0,0.0,2.0,1.0,5.0,22.4,3.0,2.0,0.7,0.0,0.0,143.0,216.0,0.7,2.0,4.0,0.5,71.0,20.0,0.3,0.0,13.0,26.0,0.5,6.0,44.0,44.0,Manchester City,5.0,1.0,0.0,1.0,18.0,1.0,77.6,22.0,7.0,0.3,0.0,0.0,657.0,731.0,0.9,7.0,40.0,0.2,17.0,12.0,0.7,8.0,10.0,14.0,0.7,3.0,5.0,5.0,704358,2024-10-20 13:00:00,2024
Liverpool,12.0,4.0,0.0,5.0,1.0,1.0,42.5,9.0,5.0,0.6,1.0,1.0,326.0,409.0,0.8,1.0,4.0,0.3,61.0,22.0,0.4,1.0,18.0,25.0,0.7,6.0,18.0,18.0,Chelsea,13.0,3.0,0.0,0.0,6.0,3.0,57.5,12.0,2.0,0.2,0.0,0.0,476.0,542.0,0.9,4.0,17.0,0.2,44.0,22.0,0.5,4.0,10.0,12.0,0.8,8.0,11.0,11.0,704354,2024-10-20 15:30:00,2024
Nottingham Forest,9.0,2.0,0.0,2.0,6.0,7.0,50.3,20.0,6.0,0.3,0.0,0.0,362.0,441.0,0.8,9.0,23.0,0.4,46.0,25.0,0.5,9.0,5.0,9.0,0.6,14.0,17.0,17.0,Crystal Palace,12.0,3.0,0.0,2.0,6.0,5.0,49.7,20.0,7.0,0.4,0.0,0.0,358.0,448.0,0.8,3.0,16.0,0.2,43.0,20.0,0.5,6.0,14.0,23.0,0.6,5.0,25.0,25.0,704350,2024-10-21 19:00:00,2024
Leicester City,16.0,5.0,0.0,0.0,6.0,2.0,64.4,11.0,1.0,0.1,0.0,0.0,482.0,560.0,0.9,7.0,26.0,0.3,38.0,20.0,0.5,3.0,10.0,14.0,0.7,6.0,26.0,26.0,Nottingham Forest,9.0,3.0,0.0,1.0,7.0,0.0,35.6,20.0,5.0,0.3,0.0,0.0,231.0,305.0,0.8,1.0,21.0,0.0,60.0,28.0,0.5,6.0,11.0,19.0,0.6,10.0,30.0,30.0,704362,2024-10-25 19:00:00,2024
Manchester City,9.0,1.0,0.0,1.0,12.0,2.0,56.9,22.0,8.0,0.4,0.0,0.0,571.0,616.0,0.9,10.0,29.0,0.3,22.0,12.0,0.5,7.0,7.0,12.0,0.6,10.0,14.0,14.0,Southampton,9.0,3.0,0.0,2.0,1.0,6.0,43.1,5.0,2.0,0.4,0.0,0.0,434.0,479.0,0.9,1.0,2.0,0.5,25.0,13.0,0.5,1.0,9.0,14.0,0.6,6.0,30.0,30.0,704363,2024-10-26 14:00:00,2024
Aston Villa,12.0,7.0,0.0,0.0,9.0,2.0,56.6,18.0,8.0,0.4,0.0,0.0,362.0,438.0,0.8,6.0,21.0,0.3,43.0,18.0,0.4,5.0,5.0,11.0,0.5,11.0,15.0,15.0,AFC Bournemouth,14.0,6.0,0.0,5.0,7.0,7.0,43.4,10.0,3.0,0.3,0.0,0.0,270.0,325.0,0.8,4.0,20.0,0.2,49.0,26.0,0.5,3.0,10.0,17.0,0.6,11.0,21.0,21.0,704368,2024-10-26 14:00:00,2024
Brighton & Hove Albion,12.0,3.0,0.0,2.0,9.0,5.0,51.1,19.0,6.0,0.3,0.0,0.0,393.0,452.0,0.9,6.0,26.0,0.2,45.0,30.0,0.7,8.0,10.0,17.0,0.6,9.0,21.0,21.0,Wolverhampton Wanderers,10.0,3.0,0.0,1.0,6.0,4.0,48.9,14.0,7.0,0.5,0.0,0.0,361.0,438.0,0.8,5.0,19.0,0.3,59.0,26.0,0.4,5.0,12.0,24.0,0.5,9.0,30.0,30.0,704365,2024-10-26 14:00:00,2024
Brentford,7.0,0.0,0.0,2.0,5.0,2.0,64.9,20.0,9.0,0.5,1.0,1.0,468.0,555.0,0.8,8.0,26.0,0.3,48.0,21.0,0.4,6.0,6.0,8.0,0.8,4.0,31.0,31.0,Ipswich Town,10.0,1.0,1.0,1.0,5.0,6.0,35.1,11.0,5.0,0.5,0.0,0.0,210.0,292.0,0.7,4.0,19.0,0.2,52.0,21.0,0.4,0.0,9.0,13.0,0.7,12.0,36.0,36.0,704364,2024-10-26 14:00:00,2024
Everton,8.0,1.0,0.0,4.0,4.0,2.0,39.9,10.0,5.0,0.5,0.0,0.0,304.0,383.0,0.8,6.0,17.0,0.4,51.0,19.0,0.4,2.0,12.0,19.0,0.6,8.0,26.0,26.0,Fulham,8.0,0.0,0.0,2.0,2.0,4.0,60.1,14.0,3.0,0.2,0.0,0.0,505.0,588.0,0.9,8.0,17.0,0.5,50.0,26.0,0.5,2.0,11.0,16.0,0.7,4.0,21.0,21.0,704361,2024-10-26 16:30:00,2024
Chelsea,13.0,6.0,0.0,2.0,7.0,1.0,50.4,17.0,7.0,0.4,0.0,0.0,388.0,459.0,0.8,5.0,20.0,0.3,62.0,26.0,0.4,4.0,8.0,12.0,0.7,16.0,23.0,23.0,Newcastle United,16.0,3.0,0.0,1.0,4.0,5.0,49.6,11.0,3.0,0.3,0.0,0.0,362.0,450.0,0.8,6.0,11.0,0.5,56.0,26.0,0.5,3.0,8.0,13.0,0.6,6.0,15.0,15.0,704359,2024-10-27 14:00:00,2024
Crystal Palace,16.0,4.0,0.0,4.0,8.0,3.0,33.6,14.0,6.0,0.4,0.0,0.0,159.0,247.0,0.6,6.0,29.0,0.2,65.0,24.0,0.4,1.0,19.0,32.0,0.6,11.0,33.0,33.0,Tottenham Hotspur,12.0,4.0,0.0,1.0,8.0,5.0,66.4,11.0,3.0,0.3,0.0,0.0,419.0,517.0,0.8,5.0,28.0,0.2,45.0,24.0,0.5,4.0,14.0,19.0,0.7,10.0,22.0,22.0,704360,2024-10-27 14:00:00,2024
West Ham United,6.0,5.0,0.0,3.0,6.0,4.0,42.5,12.0,3.0,0.3,1.0,1.0,318.0,393.0,0.8,6.0,23.0,0.3,41.0,24.0,0.6,1.0,5.0,11.0,0.5,12.0,40.0,40.0,Manchester United,7.0,1.0,0.0,3.0,5.0,1.0,57.5,18.0,5.0,0.3,0.0,0.0,451.0,538.0,0.8,6.0,24.0,0.3,48.0,25.0,0.5,6.0,11.0,19.0,0.6,6.0,27.0,27.0,704366,2024-10-27 14:00:00,2024
Arsenal,14.0,2.0,0.0,2.0,1.0,2.0,44.7,9.0,3.0,0.3,0.0,0.0,306.0,383.0,0.8,3.0,13.0,0.2,46.0,21.0,0.5,2.0,11.0,17.0,0.6,7.0,24.0,24.0,Liverpool,14.0,2.0,0.0,1.0,3.0,1.0,55.3,9.0,4.0,0.4,0.0,0.0,387.0,466.0,0.8,3.0,24.0,0.1,61.0,20.0,0.3,2.0,9.0,16.0,0.6,5.0,21.0,21.0,704367,2024-10-27 16:30:00,2024
Newcastle United,16.0,4.0,0.0,0.0,4.0,0.0,36.1,9.0,4.0,0.4,0.0,0.0,200.0,289.0,0.7,1.0,13.0,0.1,59.0,10.0,0.2,3.0,15.0,23.0,0.7,6.0,26.0,26.0,Arsenal,18.0,4.0,0.0,0.0,6.0,3.0,63.9,10.0,1.0,0.1,0.0,0.0,433.0,502.0,0.9,7.0,27.0,0.3,35.0,16.0,0.5,3.0,10.0,17.0,0.6,6.0,18.0,18.0,704372,2024-11-02 12:30:00,2024
AFC Bournemouth,11.0,2.0,0.0,2.0,3.0,3.0,35.5,12.0,6.0,0.5,0.0,0.0,282.0,334.0,0.8,3.0,12.0,0.3,59.0,40.0,0.7,2.0,12.0,16.0,0.8,12.0,36.0,36.0,Manchester City,6.0,1.0,0.0,0.0,10.0,4.0,64.5,18.0,4.0,0.2,0.0,0.0,541.0,600.0,0.9,6.0,27.0,0.2,37.0,23.0,0.6,4.0,7.0,14.0,0.5,5.0,8.0,8.0,704377,2024-11-02 15:00:00,2024
Ipswich Town,11.0,4.0,1.0,0.0,4.0,4.0,42.2,14.0,2.0,0.1,0.0,0.0,245.0,320.0,0.8,3.0,12.0,0.3,41.0,10.0,0.2,6.0,7.0,16.0,0.4,9.0,22.0,22.0,Leicester City,10.0,2.0,0.0,0.0,6.0,1.0,57.8,20.0,6.0,0.3,0.0,0.0,346.0,432.0,0.8,6.0,21.0,0.3,68.0,25.0,0.4,8.0,11.0,21.0,0.5,4.0,18.0,18.0,704375,2024-11-02 15:00:00,2024
Southampton,14.0,4.0,0.0,3.0,3.0,5.0,65.3,9.0,2.0,0.2,0.0,0.0,540.0,589.0,0.9,6.0,19.0,0.3,33.0,20.0,0.6,2.0,8.0,14.0,0.6,7.0,22.0,22.0,Everton,18.0,2.0,0.0,1.0,6.0,1.0,34.7,16.0,5.0,0.3,0.0,0.0,247.0,305.0,0.8,5.0,19.0,0.3,51.0,20.0,0.4,3.0,8.0,21.0,0.4,8.0,17.0,17.0,704370,2024-11-02 15:00:00,2024
Liverpool,10.0,1.0,0.0,1.0,10.0,4.0,48.8,16.0,8.0,0.5,0.0,0.0,367.0,443.0,0.8,4.0,18.0,0.2,43.0,18.0,0.4,6.0,19.0,28.0,0.7,10.0,13.0,13.0,Brighton & Hove Albion,18.0,2.0,0.0,0.0,7.0,6.0,51.2,13.0,5.0,0.4,0.0,0.0,407.0,469.0,0.9,5.0,15.0,0.3,47.0,23.0,0.5,4.0,13.0,18.0,0.7,9.0,27.0,27.0,704374,2024-11-02 15:00:00,2024
Nottingham Forest,7.0,1.0,0.0,1.0,11.0,1.0,53.4,19.0,6.0,0.3,0.0,0.0,378.0,446.0,0.8,3.0,20.0,0.2,46.0,24.0,0.5,3.0,12.0,18.0,0.7,6.0,21.0,21.0,West Ham United,9.0,2.0,1.0,1.0,6.0,3.0,46.6,4.0,2.0,0.5,0.0,0.0,308.0,392.0,0.8,3.0,15.0,0.2,52.0,15.0,0.3,0.0,11.0,13.0,0.8,11.0,30.0,30.0,704371,2024-11-02 15:00:00,2024
Wolverhampton Wanderers,7.0,1.0,0.0,4.0,3.0,4.0,56.8,11.0,6.0,0.5,0.0,0.0,389.0,484.0,0.8,2.0,12.0,0.2,64.0,32.0,0.5,1.0,10.0,25.0,0.4,13.0,21.0,21.0,Crystal Palace,9.0,2.0,0.0,1.0,6.0,4.0,43.2,19.0,7.0,0.4,0.0,0.0,273.0,358.0,0.8,5.0,23.0,0.2,47.0,23.0,0.5,5.0,7.0,14.0,0.5,9.0,27.0,27.0,704373,2024-11-02 17:30:00,2024
Tottenham Hotspur,14.0,2.0,0.0,0.0,6.0,1.0,51.1,16.0,6.0,0.4,0.0,0.0,354.0,397.0,0.9,2.0,23.0,0.1,24.0,12.0,0.5,2.0,7.0,17.0,0.4,16.0,17.0,17.0,Aston Villa,14.0,0.0,0.0,0.0,4.0,2.0,48.9,12.0,1.0,0.1,0.0,0.0,324.0,386.0,0.8,3.0,12.0,0.3,37.0,16.0,0.4,3.0,11.0,19.0,0.6,11.0,21.0,21.0,704369,2024-11-03 14:00:00,2024
Manchester United,19.0,6.0,0.0,4.0,4.0,2.0,46.0,11.0,4.0,0.4,1.0,1.0,322.0,405.0,0.8,3.0,13.0,0.2,49.0,15.0,0.3,3.0,13.0,22.0,0.6,11.0,16.0,16.0,Chelsea,14.0,2.0,0.0,0.0,8.0,3.0,54.0,12.0,3.0,0.3,0.0,0.0,397.0,475.0,0.8,1.0,19.0,0.1,40.0,16.0,0.4,5.0,11.0,20.0,0.6,7.0,19.0,19.0,704378,2024-11-03 16:30:00,2024
Fulham,3.0,2.0,0.0,2.0,11.0,1.0,67.6,26.0,12.0,0.5,0.0,0.0,565.0,643.0,0.9,9.0,43.0,0.2,59.0,28.0,0.5,10.0,8.0,15.0,0.5,13.0,11.0,11.0,Brentford,10.0,1.0,0.0,0.0,3.0,10.0,32.4,5.0,2.0,0.4,0.0,0.0,227.0,321.0,0.7,1.0,6.0,0.2,67.0,19.0,0.3,2.0,12.0,16.0,0.8,12.0,38.0,38.0,704376,2024-11-04 20:00:00,2024
West Ham United,10.0,1.0,0.0,1.0,7.0,4.0,49.3,11.0,6.0,0.5,0.0,0.0,349.0,447.0,0.8,2.0,14.0,0.1,57.0,26.0,0.5,4.0,6.0,13.0,0.5,4.0,33.0,33.0,Everton,9.0,2.0,0.0,1.0,6.0,6.0,50.7,18.0,4.0,0.2,0.0,0.0,341.0,450.0,0.8,10.0,27.0,0.4,62.0,25.0,0.4,6.0,8.0,20.0,0.4,8.0,16.0,16.0,704384,2024-11-09 15:00:00,2024
Brentford,8.0,2.0,0.0,0.0,6.0,1.0,51.5,12.0,6.0,0.5,0.0,0.0,313.0,413.0,0.8,5.0,23.0,0.2,53.0,14.0,0.3,4.0,6.0,11.0,0.5,6.0,41.0,41.0,AFC Bournemouth,16.0,4.0,0.0,1.0,4.0,3.0,48.5,15.0,3.0,0.2,0.0,0.0,290.0,386.0,0.8,6.0,23.0,0.3,68.0,22.0,0.3,9.0,12.0,16.0,0.8,8.0,32.0,32.0,704382,2024-11-09 15:00:00,2024
Crystal Palace,10.0,1.0,1.0,1.0,1.0,5.0,36.1,13.0,5.0,0.4,0.0,0.0,274.0,355.0,0.8,2.0,12.0,0.2,55.0,23.0,0.4,2.0,11.0,19.0,0.6,19.0,25.0,25.0,Fulham,11.0,1.0,0.0,4.0,8.0,4.0,63.9,17.0,7.0,0.4,0.0,0.0,531.0,625.0,0.9,5.0,20.0,0.3,53.0,30.0,0.6,4.0,10.0,16.0,0.6,11.0,12.0,12.0,704379,2024-11-09 15:00:00,2024
Wolverhampton Wanderers,14.0,1.0,0.0,3.0,1.0,0.0,28.9,8.0,4.0,0.5,0.0,0.0,213.0,278.0,0.8,1.0,3.0,0.3,40.0,15.0,0.4,3.0,9.0,14.0,0.6,7.0,27.0,27.0,Southampton,12.0,4.0,0.0,0.0,9.0,2.0,71.1,9.0,0.0,0.0,0.0,0.0,606.0,673.0,0.9,4.0,25.0,0.2,29.0,17.0,0.6,3.0,7.0,16.0,0.4,5.0,6.0,6.0,704385,2024-11-09 15:00:00,2024
Brighton & Hove Albion,12.0,3.0,0.0,3.0,0.0,5.0,39.5,10.0,4.0,0.4,0.0,0.0,372.0,426.0,0.9,4.0,8.0,0.5,37.0,22.0,0.6,2.0,6.0,16.0,0.4,12.0,21.0,21.0,Manchester City,10.0,3.0,0.0,1.0,4.0,2.0,60.5,15.0,6.0,0.4,0.0,0.0,586.0,653.0,0.9,4.0,11.0,0.4,40.0,24.0,0.6,3.0,5.0,12.0,0.4,4.0,8.0,8.0,704381,2024-11-09 17:30:00,2024
Liverpool,11.0,0.0,0.0,1.0,2.0,2.0,62.4,14.0,5.0,0.4,0.0,0.0,546.0,619.0,0.9,3.0,8.0,0.4,42.0,21.0,0.5,3.0,9.0,12.0,0.8,7.0,15.0,15.0,Aston Villa,15.0,3.0,0.0,1.0,9.0,3.0,37.6,12.0,2.0,0.2,0.0,0.0,288.0,351.0,0.8,7.0,23.0,0.3,34.0,17.0,0.5,2.0,8.0,16.0,0.5,6.0,18.0,18.0,704388,2024-11-09 20:00:00,2024
Tottenham Hotspur,10.0,1.0,0.0,0.0,12.0,1.0,66.3,17.0,5.0,0.3,0.0,0.0,462.0,550.0,0.8,6.0,33.0,0.2,41.0,23.0,0.6,3.0,6.0,13.0,0.5,13.0,13.0,13.0,Ipswich Town,19.0,5.0,0.0,0.0,2.0,5.0,33.7,8.0,3.0,0.4,0.0,0.0,188.0,278.0,0.7,3.0,8.0,0.4,60.0,21.0,0.4,3.0,9.0,17.0,0.5,11.0,34.0,34.0,704383,2024-11-10 14:00:00,2024
Nottingham Forest,13.0,1.0,0.0,3.0,4.0,3.0,43.7,9.0,3.0,0.3,0.0,0.0,299.0,383.0,0.8,5.0,23.0,0.2,53.0,23.0,0.4,3.0,19.0,29.0,0.7,7.0,28.0,28.0,Newcastle United,6.0,1.0,0.0,0.0,5.0,2.0,56.3,17.0,6.0,0.4,0.0,0.0,427.0,494.0,0.9,5.0,28.0,0.2,38.0,16.0,0.4,4.0,8.0,13.0,0.6,14.0,20.0,20.0,704387,2024-11-10 14:00:00,2024
Manchester United,0.0,0.0,0.0,0.0,0.0,0.0,0.0,0.0,0.0,0.0,0.0,0.0,0.0,0.0,0.0,0.0,0.0,0.0,0.0,0.0,0.0,0.0,0.0,0.0,0.0,0.0,0.0,0.0,Leicester City,0.0,0.0,0.0,0.0,0.0,0.0,0.0,0.0,0.0,0.0,0.0,0.0,0.0,0.0,0.0,0.0,0.0,0.0,0.0,0.0,0.0,0.0,0.0,0.0,0.0,0.0,0.0,0.0,704386,2024-11-10 14:00:00,2024
Chelsea,12.0,4.0,0.0,1.0,4.0,2.0,49.3,17.0,3.0,0.2,0.0,0.0,358.0,419.0,0.9,5.0,14.0,0.4,50.0,24.0,0.5,8.0,16.0,19.0,0.8,7.0,18.0,18.0,Arsenal,12.0,2.0,0.0,7.0,3.0,2.0,50.7,13.0,3.0,0.2,0.0,0.0,375.0,425.0,0.9,2.0,17.0,0.1,31.0,15.0,0.5,6.0,6.0,13.0,0.5,6.0,17.0,17.0,704380,2024-11-10 16:30:00,2024
Leicester City,15.0,4.0,0.0,3.0,2.0,4.0,36.7,4.0,1.0,0.3,1.0,1.0,264.0,353.0,0.7,1.0,7.0,0.1,61.0,16.0,0.3,1.0,9.0,18.0,0.5,8.0,19.0,19.0,Chelsea,12.0,3.0,0.0,1.0,9.0,0.0,63.3,16.0,7.0,0.4,0.0,0.0,528.0,609.0,0.9,2.0,15.0,0.1,40.0,19.0,0.5,3.0,11.0,18.0,0.6,9.0,11.0,11.0,704392,2024-11-23 12:30:00,2024
Arsenal,10.0,3.0,0.0,4.0,8.0,0.0,66.1,19.0,7.0,0.4,0.0,0.0,536.0,587.0,0.9,3.0,18.0,0.2,34.0,20.0,0.6,5.0,13.0,15.0,0.9,4.0,14.0,14.0,Nottingham Forest,11.0,2.0,0.0,2.0,1.0,3.0,33.9,7.0,0.0,0.0,0.0,0.0,240.0,295.0,0.8,7.0,18.0,0.4,43.0,20.0,0.5,2.0,10.0,16.0,0.6,10.0,24.0,24.0,704393,2024-11-23 15:00:00,2024
Everton,8.0,0.0,0.0,3.0,10.0,2.0,59.3,27.0,5.0,0.2,0.0,0.0,405.0,465.0,0.9,13.0,43.0,0.3,46.0,27.0,0.6,10.0,5.0,12.0,0.4,3.0,23.0,23.0,Brentford,10.0,0.0,1.0,3.0,4.0,5.0,40.7,9.0,2.0,0.2,0.0,0.0,271.0,342.0,0.8,2.0,11.0,0.2,46.0,19.0,0.4,3.0,11.0,18.0,0.6,3.0,32.0,32.0,704391,2024-11-23 15:00:00,2024
Aston Villa,10.0,3.0,0.0,1.0,10.0,4.0,69.9,17.0,5.0,0.3,0.0,1.0,531.0,617.0,0.9,6.0,20.0,0.3,36.0,18.0,0.5,6.0,5.0,9.0,0.6,4.0,12.0,12.0,Crystal Palace,11.0,2.0,0.0,2.0,1.0,3.0,30.1,13.0,6.0,0.5,0.0,0.0,180.0,261.0,0.7,2.0,15.0,0.1,55.0,14.0,0.3,1.0,16.0,23.0,0.7,10.0,25.0,25.0,704394,2024-11-23 15:00:00,2024
AFC Bournemouth,13.0,2.0,0.0,5.0,7.0,2.0,55.0,19.0,5.0,0.3,0.0,0.0,415.0,479.0,0.9,6.0,36.0,0.2,45.0,21.0,0.5,3.0,11.0,20.0,0.6,10.0,8.0,8.0,Brighton & Hove Albion,10.0,2.0,1.0,1.0,0.0,4.0,45.0,6.0,4.0,0.7,0.0,0.0,339.0,421.0,0.8,2.0,2.0,1.0,52.0,20.0,0.4,1.0,13.0,20.0,0.7,6.0,31.0,31.0,704395,2024-11-23 15:00:00,2024
Fulham,14.0,3.0,0.0,2.0,7.0,1.0,59.2,10.0,3.0,0.3,0.0,0.0,463.0,545.0,0.9,8.0,28.0,0.3,43.0,18.0,0.4,3.0,15.0,23.0,0.7,11.0,10.0,10.0,Wolverhampton Wanderers,14.0,0.0,0.0,1.0,2.0,2.0,40.8,10.0,5.0,0.5,0.0,0.0,325.0,392.0,0.8,0.0,6.0,0.0,54.0,26.0,0.5,3.0,10.0,17.0,0.6,8.0,36.0,36.0,704390,2024-11-23 15:00:00,2024
Manchester City,19.0,4.0,0.0,2.0,9.0,3.0,57.6,23.0,5.0,0.2,0.0,0.0,523.0,566.0,0.9,7.0,33.0,0.2,31.0,22.0,0.7,7.0,8.0,13.0,0.6,9.0,13.0,13.0,Tottenham Hotspur,9.0,2.0,0.0,3.0,3.0,5.0,42.4,9.0,7.0,0.8,0.0,0.0,358.0,427.0,0.8,3.0,10.0,0.3,32.0,12.0,0.4,0.0,11.0,13.0,0.8,5.0,26.0,26.0,704396,2024-11-23 17:30:00,2024
Southampton,11.0,3.0,0.0,0.0,3.0,8.0,37.8,7.0,5.0,0.7,0.0,1.0,303.0,365.0,0.8,3.0,8.0,0.4,29.0,9.0,0.3,0.0,8.0,15.0,0.5,5.0,32.0,32.0,Liverpool,9.0,4.0,0.0,1.0,10.0,3.0,62.2,27.0,11.0,0.4,1.0,1.0,531.0,600.0,0.9,9.0,30.0,0.3,39.0,16.0,0.4,9.0,12.0,16.0,0.8,8.0,4.0,4.0,704397,2024-11-24 14:00:00,2024
Ipswich Town,11.0,0.0,0.0,0.0,4.0,3.0,40.3,11.0,6.0,0.5,0.0,0.0,349.0,424.0,0.8,4.0,16.0,0.3,43.0,17.0,0.4,2.0,7.0,16.0,0.4,5.0,12.0,12.0,Manchester United,10.0,0.0,0.0,1.0,3.0,5.0,59.7,11.0,4.0,0.4,0.0,0.0,568.0,649.0,0.9,1.0,7.0,0.1,52.0,22.0,0.4,2.0,8.0,15.0,0.5,11.0,16.0,16.0,704389,2024-11-24 16:30:00,2024
Newcastle United,11.0,1.0,0.0,1.0,8.0,4.0,52.8,18.0,2.0,0.1,0.0,0.0,433.0,509.0,0.9,10.0,35.0,0.3,35.0,14.0,0.4,6.0,13.0,21.0,0.6,7.0,20.0,20.0,West Ham United,8.0,0.0,0.0,0.0,3.0,2.0,47.2,15.0,6.0,0.4,0.0,0.0,390.0,475.0,0.8,2.0,12.0,0.2,69.0,23.0,0.3,6.0,20.0,26.0,0.8,10.0,34.0,34.0,704398,2024-11-25 20:00:00,2024
Brighton & Hove Albion,20.0,2.0,0.0,3.0,7.0,1.0,52.3,22.0,5.0,0.2,0.0,0.0,414.0,458.0,0.9,11.0,32.0,0.3,30.0,16.0,0.5,7.0,8.0,14.0,0.6,3.0,16.0,16.0,Southampton,16.0,4.0,0.0,1.0,6.0,4.0,47.7,10.0,2.0,0.2,0.0,0.0,368.0,421.0,0.9,4.0,23.0,0.2,40.0,23.0,0.6,6.0,9.0,17.0,0.5,4.0,30.0,30.0,704408,2024-11-29 20:00:00,2024
Wolverhampton Wanderers,13.0,5.0,0.0,2.0,3.0,4.0,60.1,10.0,3.0,0.3,0.0,0.0,440.0,520.0,0.8,4.0,21.0,0.2,49.0,25.0,0.5,2.0,18.0,28.0,0.6,6.0,20.0,20.0,AFC Bournemouth,11.0,1.0,0.0,1.0,4.0,1.0,39.9,12.0,8.0,0.7,3.0,3.0,265.0,344.0,0.8,2.0,15.0,0.1,53.0,24.0,0.5,2.0,14.0,26.0,0.5,8.0,20.0,20.0,704403,2024-11-30 15:00:00,2024
Nottingham Forest,5.0,1.0,0.0,3.0,8.0,2.0,44.7,12.0,5.0,0.4,1.0,1.0,238.0,310.0,0.8,7.0,20.0,0.4,40.0,16.0,0.4,2.0,12.0,20.0,0.6,8.0,22.0,22.0,Ipswich Town,16.0,3.0,0.0,1.0,7.0,4.0,55.3,7.0,3.0,0.4,0.0,0.0,307.0,387.0,0.8,3.0,16.0,0.2,41.0,16.0,0.4,2.0,10.0,16.0,0.6,4.0,19.0,19.0,704399,2024-11-30 15:00:00,2024
Brentford,9.0,1.0,0.0,1.0,5.0,2.0,59.9,13.0,6.0,0.5,0.0,0.0,489.0,576.0,0.8,2.0,20.0,0.1,39.0,19.0,0.5,4.0,8.0,20.0,0.4,9.0,27.0,27.0,Leicester City,10.0,1.0,0.0,1.0,4.0,2.0,40.1,7.0,3.0,0.4,0.0,0.0,288.0,378.0,0.8,2.0,17.0,0.1,64.0,18.0,0.3,3.0,9.0,15.0,0.6,10.0,26.0,26.0,704402,2024-11-30 15:00:00,2024
Crystal Palace,12.0,3.0,0.0,2.0,8.0,0.0,48.8,16.0,4.0,0.3,0.0,0.0,320.0,402.0,0.8,7.0,22.0,0.3,50.0,22.0,0.4,5.0,17.0,30.0,0.6,13.0,24.0,24.0,Newcastle United,11.0,3.0,0.0,2.0,9.0,2.0,51.2,1.0,0.0,0.0,0.0,0.0,338.0,418.0,0.8,2.0,22.0,0.1,48.0,29.0,0.6,1.0,9.0,12.0,0.8,8.0,25.0,25.0,704405,2024-11-30 15:00:00,2024
West Ham United,10.0,4.0,0.0,1.0,2.0,2.0,40.1,12.0,5.0,0.4,0.0,0.0,252.0,323.0,0.8,1.0,9.0,0.1,49.0,24.0,0.5,4.0,16.0,22.0,0.7,6.0,21.0,21.0,Arsenal,13.0,1.0,0.0,1.0,10.0,3.0,59.9,16.0,7.0,0.4,2.0,2.0,400.0,479.0,0.8,6.0,19.0,0.3,43.0,22.0,0.5,4.0,6.0,17.0,0.4,6.0,14.0,14.0,704400,2024-11-30 17:30:00,2024
Tottenham Hotspur,4.0,0.0,0.0,1.0,7.0,5.0,51.3,8.0,3.0,0.4,0.0,0.0,427.0,493.0,0.9,2.0,16.0,0.1,29.0,13.0,0.4,2.0,9.0,16.0,0.6,9.0,23.0,23.0,Fulham,14.0,1.0,1.0,1.0,11.0,2.0,48.7,14.0,6.0,0.4,0.0,0.0,383.0,454.0,0.8,8.0,28.0,0.3,55.0,32.0,0.6,4.0,10.0,16.0,0.6,14.0,22.0,22.0,704401,2024-12-01 13:30:00,2024
Chelsea,21.0,2.0,0.0,3.0,3.0,3.0,64.1,17.0,8.0,0.5,0.0,0.0,561.0,623.0,0.9,2.0,12.0,0.2,40.0,17.0,0.4,3.0,10.0,17.0,0.6,3.0,5.0,5.0,Aston Villa,6.0,2.0,0.0,1.0,4.0,5.0,35.9,10.0,4.0,0.4,0.0,0.0,296.0,352.0,0.8,3.0,7.0,0.4,39.0,18.0,0.5,3.0,7.0,16.0,0.4,10.0,12.0,12.0,704404,2024-12-01 13:30:00,2024
Manchester United,12.0,2.0,0.0,3.0,2.0,2.0,59.9,11.0,5.0,0.5,0.0,0.0,566.0,630.0,0.9,1.0,6.0,0.2,41.0,25.0,0.6,4.0,11.0,16.0,0.7,10.0,12.0,12.0,Everton,12.0,3.0,0.0,2.0,2.0,1.0,40.1,8.0,2.0,0.3,0.0,0.0,356.0,412.0,0.9,2.0,13.0,0.2,43.0,21.0,0.5,3.0,10.0,19.0,0.5,5.0,8.0,8.0,704407,2024-12-01 13:30:00,2024
Liverpool,9.0,1.0,0.0,4.0,7.0,3.0,43.8,18.0,7.0,0.4,1.0,1.0,347.0,415.0,0.8,4.0,14.0,0.3,61.0,25.0,0.4,4.0,13.0,22.0,0.6,6.0,13.0,13.0,Manchester City,8.0,3.0,0.0,3.0,4.0,5.0,56.2,8.0,2.0,0.3,0.0,0.0,481.0,544.0,0.9,0.0,9.0,0.0,32.0,10.0,0.3,3.0,14.0,17.0,0.8,5.0,21.0,21.0,704406,2024-12-01 16:00:00,2024
Ipswich Town,14.0,2.0,0.0,1.0,4.0,2.0,54.4,9.0,2.0,0.2,0.0,0.0,439.0,526.0,0.8,5.0,21.0,0.2,68.0,41.0,0.6,3.0,11.0,18.0,0.6,9.0,26.0,26.0,Crystal Palace,13.0,4.0,0.0,1.0,7.0,2.0,45.6,13.0,3.0,0.2,0.0,0.0,354.0,440.0,0.8,3.0,18.0,0.2,73.0,22.0,0.3,6.0,9.0,15.0,0.6,4.0,22.0,22.0,704412,2024-12-03 19:30:00,2024
Leicester City,9.0,2.0,0.0,1.0,3.0,7.0,38.9,8.0,6.0,0.8,0.0,0.0,287.0,379.0,0.8,2.0,11.0,0.2,66.0,23.0,0.3,0.0,24.0,35.0,0.7,12.0,32.0,32.0,West Ham United,7.0,2.0,0.0,2.0,9.0,3.0,61.1,31.0,10.0,0.3,0.0,0.0,507.0,591.0,0.9,10.0,27.0,0.4,48.0,27.0,0.6,11.0,8.0,13.0,0.6,8.0,11.0,11.0,704411,2024-12-03 20:15:00,2024
Southampton,7.0,1.0,1.0,3.0,5.0,6.0,45.1,6.0,4.0,0.7,0.0,0.0,384.0,432.0,0.9,2.0,16.0,0.1,38.0,18.0,0.5,2.0,10.0,12.0,0.8,6.0,23.0,23.0,Chelsea,14.0,0.0,0.0,1.0,7.0,3.0,54.9,26.0,13.0,0.5,0.0,0.0,494.0,535.0,0.9,3.0,12.0,0.3,18.0,11.0,0.6,6.0,10.0,15.0,0.7,8.0,9.0,9.0,704418,2024-12-04 19:30:00,2024
Newcastle United,9.0,2.0,0.0,4.0,5.0,2.0,41.3,17.0,6.0,0.4,0.0,0.0,277.0,350.0,0.8,2.0,16.0,0.1,36.0,15.0,0.4,4.0,10.0,14.0,0.7,5.0,15.0,15.0,Liverpool,17.0,5.0,0.0,0.0,6.0,3.0,58.7,16.0,5.0,0.3,0.0,0.0,450.0,514.0,0.9,3.0,15.0,0.2,41.0,15.0,0.4,6.0,13.0,23.0,0.6,10.0,22.0,22.0,704417,2024-12-04 19:30:00,2024
Manchester City,7.0,2.0,0.0,1.0,8.0,3.0,66.6,17.0,7.0,0.4,0.0,0.0,521.0,583.0,0.9,6.0,15.0,0.4,33.0,19.0,0.6,3.0,11.0,16.0,0.7,5.0,15.0,15.0,Nottingham Forest,15.0,4.0,0.0,2.0,2.0,3.0,33.4,12.0,3.0,0.3,0.0,0.0,230.0,288.0,0.8,3.0,13.0,0.2,34.0,13.0,0.4,2.0,16.0,24.0,0.7,14.0,18.0,18.0,704416,2024-12-04 19:30:00,2024
Everton,10.0,2.0,0.0,4.0,3.0,2.0,43.8,13.0,4.0,0.3,0.0,0.0,292.0,366.0,0.8,1.0,10.0,0.1,63.0,34.0,0.5,4.0,11.0,20.0,0.6,13.0,29.0,29.0,Wolverhampton Wanderers,8.0,0.0,0.0,0.0,4.0,2.0,56.2,6.0,2.0,0.3,0.0,0.0,380.0,473.0,0.8,0.0,13.0,0.0,73.0,29.0,0.4,2.0,20.0,30.0,0.7,6.0,13.0,13.0,704415,2024-12-04 19:30:00,2024
Arsenal,12.0,1.0,0.0,2.0,13.0,2.0,50.3,14.0,6.0,0.4,0.0,0.0,403.0,463.0,0.9,7.0,23.0,0.3,46.0,25.0,0.5,5.0,11.0,15.0,0.7,3.0,8.0,8.0,Manchester United,8.0,3.0,0.0,2.0,0.0,4.0,49.7,5.0,2.0,0.4,0.0,0.0,412.0,476.0,0.9,1.0,6.0,0.2,52.0,23.0,0.4,0.0,10.0,19.0,0.5,10.0,24.0,24.0,704410,2024-12-04 20:15:00,2024
Aston Villa,11.0,2.0,0.0,0.0,10.0,0.0,49.2,20.0,10.0,0.5,1.0,1.0,333.0,387.0,0.9,6.0,24.0,0.3,42.0,24.0,0.6,4.0,12.0,16.0,0.8,8.0,22.0,22.0,Brentford,15.0,2.0,0.0,1.0,5.0,7.0,50.8,9.0,1.0,0.1,0.0,0.0,342.0,402.0,0.9,3.0,21.0,0.1,44.0,29.0,0.7,4.0,7.0,14.0,0.5,8.0,19.0,19.0,704409,2024-12-04 20:15:00,2024
Fulham,7.0,2.0,0.0,0.0,5.0,2.0,43.4,6.0,2.0,0.3,0.0,0.0,309.0,382.0,0.8,3.0,16.0,0.2,58.0,30.0,0.5,1.0,7.0,16.0,0.4,8.0,32.0,32.0,Brighton & Hove Albion,8.0,2.0,0.0,1.0,6.0,0.0,56.6,13.0,3.0,0.2,0.0,0.0,438.0,499.0,0.9,4.0,21.0,0.2,47.0,25.0,0.5,5.0,5.0,11.0,0.5,11.0,22.0,22.0,704413,2024-12-05 19:30:00,2024
AFC Bournemouth,15.0,2.0,0.0,3.0,5.0,4.0,34.5,21.0,8.0,0.4,0.0,0.0,174.0,248.0,0.7,5.0,14.0,0.4,58.0,18.0,0.3,5.0,14.0,25.0,0.6,18.0,28.0,28.0,Tottenham Hotspur,8.0,2.0,0.0,3.0,9.0,7.0,65.5,12.0,4.0,0.3,0.0,0.0,394.0,480.0,0.8,3.0,21.0,0.1,34.0,16.0,0.5,3.0,16.0,24.0,0.7,9.0,15.0,15.0,704414,2024-12-05 20:15:00,2024
Aston Villa,18.0,1.0,0.0,0.0,14.0,0.0,47.2,18.0,5.0,0.3,0.0,0.0,363.0,421.0,0.9,6.0,25.0,0.2,31.0,18.0,0.6,8.0,15.0,27.0,0.6,8.0,9.0,9.0,Southampton,15.0,3.0,0.0,4.0,1.0,3.0,52.8,4.0,0.0,0.0,0.0,0.0,438.0,490.0,0.9,2.0,13.0,0.2,42.0,23.0,0.5,4.0,5.0,15.0,0.3,12.0,17.0,17.0,704422,2024-12-07 15:00:00,2024
Brentford,10.0,3.0,0.0,3.0,3.0,2.0,43.8,11.0,8.0,0.7,0.0,0.0,317.0,395.0,0.8,1.0,15.0,0.1,55.0,27.0,0.5,1.0,15.0,24.0,0.6,4.0,29.0,29.0,Newcastle United,7.0,0.0,0.0,2.0,4.0,4.0,56.2,16.0,3.0,0.2,0.0,0.0,428.0,495.0,0.9,4.0,24.0,0.2,35.0,10.0,0.3,2.0,5.0,12.0,0.4,3.0,25.0,25.0,704423,2024-12-07 15:00:00,2024
Crystal Palace,4.0,1.0,0.0,3.0,6.0,2.0,31.8,12.0,3.0,0.3,0.0,0.0,258.0,333.0,0.8,3.0,13.0,0.2,59.0,23.0,0.4,8.0,9.0,18.0,0.5,6.0,23.0,23.0,Manchester City,10.0,0.0,1.0,2.0,8.0,1.0,68.2,12.0,4.0,0.3,0.0,0.0,636.0,719.0,0.9,5.0,16.0,0.3,43.0,20.0,0.5,4.0,7.0,14.0,0.5,7.0,16.0,16.0,704424,2024-12-07 15:00:00,2024
Manchester United,10.0,0.0,0.0,0.0,5.0,0.0,71.3,17.0,7.0,0.4,0.0,0.0,528.0,601.0,0.9,3.0,23.0,0.1,39.0,17.0,0.4,5.0,10.0,13.0,0.8,9.0,5.0,5.0,Nottingham Forest,13.0,2.0,0.0,1.0,3.0,5.0,28.7,11.0,3.0,0.3,0.0,0.0,158.0,242.0,0.7,4.0,7.0,0.6,46.0,12.0,0.3,4.0,8.0,16.0,0.5,8.0,31.0,31.0,704419,2024-12-07 17:30:00,2024
Fulham,10.0,4.0,0.0,0.0,0.0,3.0,33.8,2.0,2.0,1.0,0.0,0.0,218.0,302.0,0.7,0.0,10.0,0.0,61.0,28.0,0.5,0.0,16.0,27.0,0.6,9.0,25.0,25.0,Arsenal,9.0,2.0,0.0,3.0,6.0,1.0,66.2,12.0,4.0,0.3,0.0,0.0,522.0,587.0,0.9,8.0,33.0,0.2,37.0,19.0,0.5,0.0,6.0,9.0,0.7,6.0,11.0,11.0,704421,2024-12-08 14:00:00,2024
Ipswich Town,9.0,2.0,0.0,0.0,6.0,4.0,43.0,18.0,5.0,0.3,0.0,0.0,250.0,340.0,0.7,4.0,13.0,0.3,60.0,28.0,0.5,7.0,12.0,19.0,0.6,5.0,29.0,29.0,AFC Bournemouth,13.0,1.0,0.0,0.0,13.0,4.0,57.0,22.0,6.0,0.3,0.0,0.0,357.0,443.0,0.8,3.0,23.0,0.1,65.0,31.0,0.5,7.0,15.0,23.0,0.7,10.0,26.0,26.0,704427,2024-12-08 14:00:00,2024
Leicester City,9.0,1.0,0.0,1.0,5.0,5.0,54.9,10.0,3.0,0.3,0.0,0.0,439.0,520.0,0.8,5.0,20.0,0.3,41.0,16.0,0.4,5.0,7.0,15.0,0.5,6.0,10.0,10.0,Brighton & Hove Albion,10.0,2.0,0.0,0.0,5.0,1.0,45.1,16.0,7.0,0.4,0.0,0.0,366.0,429.0,0.9,6.0,15.0,0.4,42.0,21.0,0.5,3.0,14.0,19.0,0.7,6.0,21.0,21.0,704428,2024-12-08 14:00:00,2024
Tottenham Hotspur,0.0,0.0,0.0,0.0,0.0,0.0,0.0,0.0,0.0,0.0,0.0,0.0,0.0,0.0,0.0,0.0,0.0,0.0,0.0,0.0,0.0,0.0,0.0,0.0,0.0,0.0,0.0,0.0,Chelsea,0.0,0.0,0.0,0.0,0.0,0.0,0.0,0.0,0.0,0.0,0.0,0.0,0.0,0.0,0.0,0.0,0.0,0.0,0.0,0.0,0.0,0.0,0.0,0.0,0.0,0.0,0.0,0.0,704420,2024-12-08 16:30:00,2024
West Ham United,12.0,5.0,0.0,4.0,11.0,4.0,54.0,19.0,4.0,0.2,0.0,0.0,348.0,433.0,0.8,9.0,22.0,0.4,60.0,26.0,0.4,9.0,7.0,13.0,0.5,8.0,18.0,18.0,Wolverhampton Wanderers,17.0,4.0,0.0,1.0,0.0,2.0,46.0,19.0,5.0,0.3,0.0,0.0,290.0,377.0,0.8,5.0,13.0,0.4,67.0,36.0,0.5,7.0,9.0,19.0,0.5,4.0,21.0,21.0,704426,2024-12-09 20:00:00,2024
Liverpool,10.0,3.0,1.0,2.0,5.0,1.0,61.3,16.0,4.0,0.3,0.0,0.0,469.0,529.0,0.9,6.0,31.0,0.2,46.0,30.0,0.7,5.0,9.0,15.0,0.6,9.0,6.0,6.0,Fulham,7.0,4.0,0.0,2.0,4.0,2.0,38.7,12.0,3.0,0.3,0.0,0.0,280.0,340.0,0.8,4.0,14.0,0.3,50.0,26.0,0.5,4.0,8.0,15.0,0.5,7.0,29.0,29.0,704438,2024-12-14 15:00:00,2024
Wolverhampton Wanderers,13.0,0.0,1.0,2.0,7.0,2.0,54.3,16.0,6.0,0.4,0.0,0.0,418.0,499.0,0.8,6.0,25.0,0.2,51.0,21.0,0.4,5.0,13.0,20.0,0.7,6.0,19.0,19.0,Ipswich Town,9.0,3.0,0.0,4.0,3.0,5.0,45.7,10.0,5.0,0.5,0.0,0.0,350.0,420.0,0.8,3.0,17.0,0.2,45.0,19.0,0.4,3.0,4.0,12.0,0.3,12.0,31.0,31.0,704433,2024-12-14 15:00:00,2024
Newcastle United,7.0,3.0,0.0,0.0,5.0,1.0,59.4,27.0,11.0,0.4,0.0,0.0,553.0,633.0,0.9,5.0,15.0,0.3,38.0,20.0,0.5,7.0,5.0,8.0,0.6,6.0,13.0,13.0,Leicester City,16.0,3.0,0.0,2.0,2.0,7.0,40.6,4.0,1.0,0.3,0.0,0.0,331.0,424.0,0.8,1.0,10.0,0.1,52.0,18.0,0.3,3.0,6.0,23.0,0.3,13.0,25.0,25.0,704435,2024-12-14 15:00:00,2024
Arsenal,6.0,0.0,0.0,5.0,8.0,0.0,76.6,13.0,5.0,0.4,0.0,0.0,631.0,684.0,0.9,7.0,28.0,0.3,33.0,19.0,0.6,5.0,10.0,18.0,0.6,0.0,7.0,7.0,Everton,9.0,3.0,0.0,3.0,2.0,5.0,23.4,2.0,0.0,0.0,0.0,0.0,149.0,209.0,0.7,1.0,8.0,0.1,48.0,13.0,0.3,2.0,20.0,29.0,0.7,7.0,39.0,39.0,704429,2024-12-14 15:00:00,2024
Nottingham Forest,12.0,0.0,0.0,2.0,4.0,1.0,50.3,17.0,6.0,0.4,0.0,0.0,431.0,472.0,0.9,5.0,21.0,0.2,33.0,21.0,0.6,5.0,14.0,19.0,0.7,8.0,24.0,24.0,Aston Villa,6.0,1.0,0.0,2.0,3.0,4.0,49.7,8.0,2.0,0.3,0.0,0.0,414.0,468.0,0.9,5.0,16.0,0.3,33.0,24.0,0.7,2.0,5.0,11.0,0.5,6.0,21.0,21.0,704436,2024-12-14 17:30:00,2024
Brighton & Hove Albion,11.0,1.0,0.0,1.0,8.0,2.0,65.1,17.0,5.0,0.3,0.0,0.0,503.0,570.0,0.9,6.0,23.0,0.3,36.0,15.0,0.4,8.0,16.0,22.0,0.7,5.0,11.0,11.0,Crystal Palace,15.0,4.0,0.0,1.0,5.0,5.0,34.9,13.0,5.0,0.4,0.0,0.0,225.0,306.0,0.7,4.0,12.0,0.3,54.0,11.0,0.2,3.0,16.0,25.0,0.6,8.0,29.0,29.0,704431,2024-12-15 14:00:00,2024
Manchester City,5.0,1.0,0.0,0.0,8.0,1.0,51.8,10.0,3.0,0.3,0.0,0.0,432.0,498.0,0.9,2.0,19.0,0.1,44.0,22.0,0.5,3.0,10.0,14.0,0.7,10.0,10.0,10.0,Manchester United,14.0,1.0,0.0,6.0,2.0,2.0,48.2,10.0,3.0,0.3,1.0,1.0,413.0,468.0,0.9,4.0,10.0,0.4,48.0,27.0,0.6,3.0,11.0,24.0,0.5,17.0,18.0,18.0,704434,2024-12-15 16:30:00,2024
Southampton,8.0,1.0,0.0,2.0,2.0,4.0,41.6,9.0,3.0,0.3,0.0,0.0,373.0,428.0,0.9,5.0,13.0,0.4,36.0,14.0,0.4,2.0,10.0,15.0,0.7,11.0,15.0,15.0,Tottenham Hotspur,15.0,3.0,0.0,0.0,5.0,4.0,58.4,18.0,9.0,0.5,0.0,0.0,544.0,598.0,0.9,3.0,15.0,0.2,32.0,15.0,0.5,4.0,8.0,14.0,0.6,16.0,10.0,10.0,704437,2024-12-15 19:00:00,2024
Chelsea,11.0,0.0,1.0,1.0,8.0,3.0,61.7,26.0,8.0,0.3,0.0,0.0,443.0,518.0,0.9,10.0,34.0,0.3,51.0,25.0,0.5,8.0,8.0,15.0,0.5,8.0,20.0,20.0,Brentford,7.0,2.0,0.0,3.0,5.0,6.0,38.3,9.0,4.0,0.4,0.0,0.0,250.0,327.0,0.8,3.0,18.0,0.2,52.0,20.0,0.4,2.0,12.0,17.0,0.7,6.0,37.0,37.0,704432,2024-12-15 19:00:00,2024
AFC Bournemouth,6.0,0.0,0.0,1.0,12.0,2.0,51.2,29.0,9.0,0.3,0.0,0.0,331.0,436.0,0.8,8.0,30.0,0.3,76.0,35.0,0.5,14.0,8.0,13.0,0.6,10.0,25.0,25.0,West Ham United,11.0,2.0,0.0,1.0,6.0,8.0,48.8,16.0,3.0,0.2,1.0,1.0,305.0,420.0,0.7,8.0,23.0,0.3,78.0,22.0,0.3,7.0,6.0,12.0,0.5,8.0,29.0,29.0,704430,2024-12-16 20:00:00,2024
Aston Villa,14.0,3.0,0.0,3.0,5.0,5.0,43.9,11.0,6.0,0.5,0.0,0.0,369.0,428.0,0.9,2.0,6.0,0.3,36.0,16.0,0.4,2.0,12.0,22.0,0.5,4.0,17.0,17.0,Manchester City,7.0,3.0,0.0,0.0,4.0,4.0,56.1,12.0,6.0,0.5,0.0,0.0,496.0,537.0,0.9,2.0,14.0,0.1,31.0,23.0,0.7,1.0,4.0,6.0,0.7,5.0,15.0,15.0,704444,2024-12-21 12:30:00,2024
Brentford,10.0,3.0,0.0,1.0,9.0,4.0,64.4,7.0,3.0,0.4,0.0,0.0,452.0,532.0,0.9,5.0,38.0,0.1,44.0,26.0,0.6,2.0,11.0,17.0,0.6,13.0,18.0,18.0,Nottingham Forest,14.0,4.0,0.0,3.0,5.0,3.0,35.6,10.0,6.0,0.6,0.0,0.0,236.0,303.0,0.8,1.0,14.0,0.1,51.0,22.0,0.4,1.0,9.0,20.0,0.5,18.0,49.0,49.0,704445,2024-12-21 15:00:00,2024
Ipswich Town,9.0,2.0,0.0,3.0,2.0,3.0,41.6,10.0,2.0,0.2,0.0,0.0,357.0,431.0,0.8,3.0,12.0,0.3,49.0,21.0,0.4,4.0,5.0,10.0,0.5,4.0,14.0,14.0,Newcastle United,7.0,0.0,0.0,1.0,1.0,2.0,58.4,15.0,7.0,0.5,0.0,0.0,537.0,616.0,0.9,5.0,10.0,0.5,53.0,21.0,0.4,1.0,10.0,15.0,0.7,6.0,15.0,15.0,704442,2024-12-21 15:00:00,2024
West Ham United,14.0,2.0,0.0,5.0,8.0,5.0,45.8,11.0,4.0,0.4,0.0,0.0,283.0,372.0,0.8,3.0,14.0,0.2,70.0,26.0,0.4,4.0,15.0,26.0,0.6,7.0,29.0,29.0,Brighton & Hove Albion,20.0,2.0,0.0,1.0,4.0,3.0,54.2,12.0,6.0,0.5,0.0,0.0,372.0,438.0,0.8,4.0,22.0,0.2,44.0,27.0,0.6,4.0,10.0,18.0,0.6,9.0,24.0,24.0,704443,2024-12-21 15:00:00,2024
Crystal Palace,9.0,2.0,0.0,1.0,3.0,1.0,41.6,15.0,6.0,0.4,0.0,0.0,318.0,392.0,0.8,6.0,14.0,0.4,44.0,15.0,0.3,3.0,11.0,25.0,0.4,3.0,25.0,25.0,Arsenal,8.0,2.0,0.0,0.0,3.0,5.0,58.4,14.0,6.0,0.4,0.0,0.0,479.0,552.0,0.9,9.0,17.0,0.5,39.0,17.0,0.4,5.0,10.0,14.0,0.7,11.0,15.0,15.0,704446,2024-12-21 17:30:00,2024
Everton,20.0,4.0,0.0,2.0,2.0,4.0,25.0,5.0,4.0,0.8,0.0,0.0,152.0,209.0,0.7,1.0,9.0,0.1,55.0,20.0,0.4,1.0,11.0,30.0,0.4,10.0,21.0,21.0,Chelsea,12.0,1.0,0.0,1.0,5.0,4.0,75.0,12.0,5.0,0.4,0.0,0.0,577.0,642.0,0.9,3.0,18.0,0.2,50.0,29.0,0.6,4.0,14.0,23.0,0.6,2.0,12.0,12.0,704447,2024-12-22 14:00:00,2024
Leicester City,15.0,2.0,0.0,1.0,6.0,1.0,53.6,9.0,5.0,0.6,0.0,0.0,473.0,546.0,0.9,4.0,24.0,0.2,37.0,20.0,0.5,2.0,8.0,18.0,0.4,9.0,8.0,8.0,Wolverhampton Wanderers,16.0,0.0,0.0,1.0,1.0,4.0,46.4,8.0,4.0,0.5,0.0,0.0,400.0,479.0,0.8,3.0,8.0,0.4,61.0,26.0,0.4,1.0,12.0,20.0,0.6,7.0,22.0,22.0,704441,2024-12-22 14:00:00,2024
Manchester United,11.0,1.0,0.0,0.0,13.0,2.0,60.0,23.0,7.0,0.3,0.0,0.0,396.0,492.0,0.8,8.0,21.0,0.4,59.0,29.0,0.5,6.0,12.0,19.0,0.6,4.0,10.0,10.0,AFC Bournemouth,11.0,3.0,0.0,2.0,1.0,7.0,40.0,10.0,5.0,0.5,1.0,1.0,253.0,337.0,0.8,2.0,8.0,0.3,57.0,22.0,0.4,2.0,17.0,25.0,0.7,11.0,31.0,31.0,704440,2024-12-22 14:00:00,2024
Fulham,8.0,1.0,0.0,1.0,6.0,1.0,56.8,15.0,5.0,0.3,0.0,0.0,465.0,538.0,0.9,8.0,28.0,0.3,30.0,12.0,0.4,4.0,6.0,10.0,0.6,8.0,12.0,12.0,Southampton,15.0,3.0,0.0,2.0,5.0,5.0,43.2,5.0,1.0,0.2,0.0,0.0,336.0,419.0,0.8,4.0,13.0,0.3,59.0,16.0,0.3,3.0,11.0,19.0,0.6,11.0,38.0,38.0,704448,2024-12-22 14:00:00,2024
Tottenham Hotspur,7.0,1.0,0.0,4.0,7.0,6.0,51.9,9.0,5.0,0.6,0.0,0.0,466.0,547.0,0.9,3.0,16.0,0.2,39.0,16.0,0.4,1.0,13.0,20.0,0.7,8.0,22.0,22.0,Liverpool,9.0,2.0,0.0,4.0,5.0,2.0,48.1,24.0,12.0,0.5,0.0,0.0,432.0,502.0,0.9,9.0,21.0,0.4,49.0,26.0,0.5,4.0,17.0,27.0,0.6,15.0,21.0,21.0,704439,2024-12-22 16:30:00,2024
Manchester City,5.0,1.0,0.0,2.0,8.0,2.0,66.3,24.0,5.0,0.2,0.0,1.0,586.0,645.0,0.9,10.0,23.0,0.4,33.0,19.0,0.6,10.0,8.0,16.0,0.5,1.0,11.0,11.0,Everton,10.0,4.0,0.0,2.0,5.0,4.0,33.7,8.0,3.0,0.4,0.0,0.0,259.0,318.0,0.8,6.0,16.0,0.4,58.0,27.0,0.5,2.0,14.0,17.0,0.8,7.0,35.0,35.0,704451,2024-12-26 12:30:00,2024
AFC Bournemouth,13.0,2.0,0.0,1.0,5.0,4.0,52.4,18.0,4.0,0.2,0.0,0.0,376.0,457.0,0.8,5.0,27.0,0.2,58.0,31.0,0.5,4.0,16.0,22.0,0.7,6.0,22.0,22.0,Crystal Palace,12.0,2.0,0.0,1.0,2.0,3.0,47.6,10.0,4.0,0.4,0.0,0.0,335.0,430.0,0.8,5.0,11.0,0.5,61.0,26.0,0.4,4.0,15.0,27.0,0.6,8.0,24.0,24.0,704458,2024-12-26 15:00:00,2024
Newcastle United,15.0,2.0,0.0,5.0,9.0,1.0,62.8,22.0,8.0,0.4,0.0,0.0,504.0,550.0,0.9,4.0,18.0,0.2,32.0,23.0,0.7,7.0,8.0,11.0,0.7,8.0,19.0,19.0,Aston Villa,10.0,1.0,1.0,3.0,6.0,4.0,37.2,4.0,1.0,0.3,0.0,0.0,254.0,316.0,0.8,1.0,20.0,0.1,39.0,14.0,0.4,1.0,7.0,15.0,0.5,5.0,18.0,18.0,704452,2024-12-26 15:00:00,2024
Nottingham Forest,12.0,3.0,0.0,4.0,2.0,4.0,29.6,10.0,3.0,0.3,0.0,0.0,191.0,261.0,0.7,1.0,6.0,0.2,50.0,19.0,0.4,2.0,13.0,21.0,0.6,10.0,32.0,32.0,Tottenham Hotspur,13.0,2.0,1.0,1.0,7.0,2.0,70.4,13.0,4.0,0.3,0.0,0.0,545.0,620.0,0.9,1.0,18.0,0.1,23.0,9.0,0.4,5.0,4.0,11.0,0.4,7.0,3.0,3.0,704453,2024-12-26 15:00:00,2024
Chelsea,13.0,1.0,0.0,3.0,3.0,5.0,47.1,12.0,8.0,0.7,0.0,0.0,422.0,506.0,0.8,2.0,14.0,0.1,44.0,16.0,0.4,3.0,7.0,12.0,0.6,6.0,16.0,16.0,Fulham,13.0,3.0,0.0,1.0,1.0,7.0,52.9,14.0,7.0,0.5,0.0,0.0,489.0,567.0,0.9,7.0,20.0,0.4,54.0,31.0,0.6,0.0,5.0,9.0,0.6,12.0,20.0,20.0,704449,2024-12-26 15:00:00,2024
Southampton,15.0,1.0,0.0,0.0,2.0,1.0,54.2,18.0,5.0,0.3,0.0,0.0,399.0,475.0,0.8,9.0,23.0,0.4,63.0,33.0,0.5,4.0,8.0,15.0,0.5,10.0,13.0,13.0,West Ham United,8.0,2.0,0.0,0.0,2.0,5.0,45.8,16.0,2.0,0.1,0.0,0.0,325.0,409.0,0.8,3.0,10.0,0.3,59.0,27.0,0.5,6.0,13.0,19.0,0.7,6.0,21.0,21.0,704454,2024-12-26 15:00:00,2024
Wolverhampton Wanderers,12.0,2.0,0.0,3.0,4.0,4.0,50.6,7.0,4.0,0.6,0.0,0.0,394.0,474.0,0.8,2.0,15.0,0.1,67.0,32.0,0.5,2.0,19.0,26.0,0.7,14.0,21.0,21.0,Manchester United,12.0,2.0,1.0,1.0,4.0,2.0,49.4,11.0,4.0,0.4,0.0,0.0,366.0,457.0,0.8,7.0,20.0,0.4,54.0,17.0,0.3,4.0,17.0,24.0,0.7,13.0,21.0,21.0,704455,2024-12-26 17:30:00,2024
Liverpool,17.0,3.0,0.0,3.0,14.0,0.0,68.5,19.0,7.0,0.4,0.0,0.0,590.0,649.0,0.9,12.0,50.0,0.2,34.0,24.0,0.7,6.0,8.0,18.0,0.4,8.0,9.0,9.0,Leicester City,5.0,2.0,0.0,2.0,1.0,4.0,31.5,4.0,1.0,0.3,0.0,0.0,237.0,310.0,0.8,4.0,6.0,0.7,59.0,22.0,0.4,1.0,5.0,13.0,0.4,15.0,52.0,52.0,704456,2024-12-26 20:00:00,2024
Brighton & Hove Albion,6.0,0.0,0.0,0.0,5.0,3.0,58.1,24.0,7.0,0.3,0.0,0.0,404.0,493.0,0.8,4.0,19.0,0.2,52.0,21.0,0.4,5.0,13.0,17.0,0.8,9.0,14.0,14.0,Brentford,12.0,2.0,0.0,5.0,3.0,8.0,41.9,8.0,3.0,0.4,0.0,0.0,267.0,357.0,0.7,2.0,9.0,0.2,66.0,23.0,0.3,3.0,12.0,18.0,0.7,11.0,32.0,32.0,704450,2024-12-27 19:30:00,2024
Arsenal,7.0,1.0,0.0,1.0,5.0,0.0,67.8,13.0,5.0,0.4,0.0,0.0,604.0,670.0,0.9,5.0,18.0,0.3,26.0,9.0,0.3,5.0,13.0,24.0,0.5,4.0,14.0,14.0,Ipswich Town,12.0,1.0,0.0,2.0,1.0,4.0,32.2,3.0,0.0,0.0,0.0,0.0,256.0,318.0,0.8,1.0,8.0,0.1,36.0,9.0,0.3,3.0,10.0,18.0,0.6,11.0,29.0,29.0,704457,2024-12-27 20:15:00,2024
Leicester City,11.0,2.0,0.0,3.0,4.0,3.0,53.6,11.0,4.0,0.4,0.0,0.0,538.0,578.0,0.9,5.0,19.0,0.3,30.0,19.0,0.6,2.0,8.0,14.0,0.6,9.0,10.0,10.0,Manchester City,6.0,1.0,0.0,2.0,4.0,3.0,46.4,14.0,5.0,0.4,0.0,0.0,461.0,505.0,0.9,5.0,11.0,0.5,25.0,17.0,0.7,3.0,6.0,10.0,0.6,5.0,16.0,16.0,704462,2024-12-29 14:30:00,2024
Fulham,7.0,1.0,0.0,0.0,1.0,6.0,52.0,11.0,6.0,0.5,0.0,0.0,387.0,485.0,0.8,6.0,15.0,0.4,57.0,24.0,0.4,2.0,14.0,26.0,0.5,11.0,31.0,31.0,AFC Bournemouth,16.0,3.0,0.0,0.0,7.0,4.0,48.0,16.0,9.0,0.6,0.0,0.0,348.0,439.0,0.8,6.0,25.0,0.2,59.0,20.0,0.3,1.0,8.0,12.0,0.7,9.0,22.0,22.0,704460,2024-12-29 15:00:00,2024
Tottenham Hotspur,9.0,1.0,0.0,3.0,5.0,1.0,47.9,13.0,3.0,0.2,0.0,1.0,320.0,415.0,0.8,5.0,17.0,0.3,40.0,14.0,0.4,3.0,13.0,18.0,0.7,5.0,19.0,19.0,Wolverhampton Wanderers,10.0,2.0,0.0,3.0,5.0,1.0,52.1,11.0,3.0,0.3,0.0,0.0,366.0,457.0,0.8,4.0,15.0,0.3,67.0,25.0,0.4,4.0,12.0,20.0,0.6,3.0,15.0,15.0,704463,2024-12-29 15:00:00,2024
Crystal Palace,0.0,0.0,0.0,0.0,0.0,0.0,0.0,0.0,0.0,0.0,0.0,0.0,0.0,0.0,0.0,0.0,0.0,0.0,0.0,0.0,0.0,0.0,0.0,0.0,0.0,0.0,0.0,0.0,Southampton,0.0,0.0,0.0,0.0,0.0,0.0,0.0,0.0,0.0,0.0,0.0,0.0,0.0,0.0,0.0,0.0,0.0,0.0,0.0,0.0,0.0,0.0,0.0,0.0,0.0,0.0,0.0,0.0,704466,2024-12-29 15:00:00,2024
Everton,13.0,4.0,0.0,1.0,5.0,5.0,63.7,13.0,2.0,0.2,0.0,0.0,391.0,484.0,0.8,8.0,34.0,0.2,72.0,34.0,0.5,2.0,12.0,16.0,0.8,6.0,17.0,17.0,Nottingham Forest,10.0,1.0,0.0,2.0,4.0,2.0,36.3,11.0,7.0,0.6,0.0,0.0,196.0,288.0,0.7,1.0,8.0,0.1,70.0,22.0,0.3,0.0,13.0,18.0,0.7,10.0,39.0,39.0,704465,2024-12-29 15:00:00,2024
West Ham United,7.0,0.0,0.0,5.0,3.0,8.0,45.9,7.0,0.0,0.0,0.0,0.0,399.0,466.0,0.9,2.0,9.0,0.2,43.0,26.0,0.6,3.0,13.0,17.0,0.8,11.0,23.0,23.0,Liverpool,10.0,0.0,0.0,0.0,6.0,1.0,54.1,22.0,13.0,0.6,0.0,0.0,475.0,540.0,0.9,6.0,22.0,0.3,38.0,21.0,0.6,2.0,15.0,23.0,0.7,4.0,14.0,14.0,704464,2024-12-29 17:15:00,2024
Ipswich Town,9.0,4.0,0.0,0.0,4.0,4.0,24.1,9.0,6.0,0.7,1.0,1.0,144.0,227.0,0.6,2.0,7.0,0.3,56.0,19.0,0.3,2.0,7.0,17.0,0.4,6.0,26.0,26.0,Chelsea,5.0,4.0,0.0,2.0,7.0,4.0,75.9,20.0,5.0,0.3,0.0,0.0,655.0,729.0,0.9,2.0,19.0,0.1,33.0,16.0,0.5,8.0,5.0,11.0,0.5,5.0,14.0,14.0,704461,2024-12-30 19:45:00,2024
Aston Villa,9.0,2.0,0.0,2.0,12.0,3.0,59.7,20.0,4.0,0.2,1.0,1.0,412.0,486.0,0.8,3.0,19.0,0.2,43.0,25.0,0.6,9.0,12.0,22.0,0.5,4.0,20.0,20.0,Brighton & Hove Albion,14.0,3.0,0.0,0.0,3.0,3.0,40.3,13.0,4.0,0.3,0.0,0.0,263.0,329.0,0.8,3.0,12.0,0.3,49.0,24.0,0.5,5.0,11.0,19.0,0.6,14.0,28.0,28.0,704459,2024-12-30 19:45:00,2024
Manchester United,13.0,1.0,0.0,1.0,2.0,2.0,52.8,10.0,1.0,0.1,0.0,0.0,508.0,587.0,0.9,2.0,11.0,0.2,53.0,27.0,0.5,4.0,16.0,26.0,0.6,8.0,10.0,10.0,Newcastle United,8.0,1.0,0.0,4.0,3.0,0.0,47.2,12.0,4.0,0.3,0.0,0.0,444.0,518.0,0.9,4.0,12.0,0.3,56.0,26.0,0.5,4.0,16.0,19.0,0.8,8.0,16.0,16.0,704468,2024-12-30 20:00:00,2024
Brentford,6.0,1.0,0.0,0.0,4.0,1.0,50.5,5.0,2.0,0.4,0.0,0.0,399.0,485.0,0.8,2.0,15.0,0.1,77.0,37.0,0.5,1.0,7.0,10.0,0.7,6.0,27.0,27.0,Arsenal,8.0,2.0,0.0,6.0,3.0,1.0,49.5,14.0,5.0,0.4,0.0,0.0,388.0,465.0,0.8,6.0,20.0,0.3,37.0,13.0,0.4,5.0,9.0,16.0,0.6,6.0,22.0,22.0,704467,2025-01-01 17:30:00,2025
Tottenham Hotspur,11.0,1.0,0.0,2.0,9.0,2.0,56.8,13.0,4.0,0.3,0.0,0.0,377.0,466.0,0.8,4.0,25.0,0.2,41.0,17.0,0.4,3.0,20.0,25.0,0.8,9.0,17.0,17.0,Newcastle United,15.0,4.0,0.0,1.0,10.0,3.0,43.2,14.0,4.0,0.3,0.0,0.0,284.0,359.0,0.8,3.0,15.0,0.2,37.0,18.0,0.5,7.0,10.0,17.0,0.6,9.0,30.0,30.0,704472,2025-01-04 12:30:00,2025
Crystal Palace,9.0,0.0,0.0,2.0,6.0,0.0,38.4,13.0,6.0,0.5,0.0,0.0,260.0,345.0,0.8,5.0,19.0,0.3,61.0,33.0,0.5,5.0,16.0,26.0,0.6,7.0,20.0,20.0,Chelsea,12.0,2.0,0.0,0.0,6.0,5.0,61.6,15.0,1.0,0.1,0.0,0.0,487.0,566.0,0.9,3.0,14.0,0.2,67.0,39.0,0.6,4.0,5.0,12.0,0.4,8.0,13.0,13.0,704478,2025-01-04 15:00:00,2025
Southampton,10.0,2.0,0.0,1.0,2.0,5.0,50.6,8.0,1.0,0.1,0.0,0.0,398.0,465.0,0.9,1.0,13.0,0.1,46.0,19.0,0.4,2.0,8.0,15.0,0.5,4.0,22.0,22.0,Brentford,4.0,0.0,0.0,2.0,2.0,1.0,49.4,20.0,11.0,0.6,1.0,1.0,393.0,458.0,0.9,2.0,11.0,0.2,34.0,14.0,0.4,2.0,11.0,20.0,0.6,5.0,17.0,17.0,704473,2025-01-04 15:00:00,2025
Aston Villa,10.0,0.0,0.0,1.0,7.0,1.0,60.8,13.0,5.0,0.4,0.0,0.0,551.0,616.0,0.9,3.0,18.0,0.2,37.0,21.0,0.6,5.0,11.0,19.0,0.6,10.0,15.0,15.0,Leicester City,11.0,1.0,0.0,1.0,2.0,3.0,39.2,4.0,2.0,0.5,0.0,0.0,335.0,397.0,0.8,2.0,11.0,0.2,34.0,12.0,0.4,0.0,12.0,22.0,0.5,11.0,16.0,16.0,704470,2025-01-04 15:00:00,2025
Manchester City,8.0,2.0,0.0,1.0,7.0,3.0,56.0,10.0,7.0,0.7,0.0,0.0,496.0,556.0,0.9,1.0,12.0,0.1,36.0,20.0,0.6,3.0,8.0,12.0,0.7,6.0,17.0,17.0,West Ham United,13.0,1.0,0.0,2.0,1.0,4.0,44.0,17.0,4.0,0.2,0.0,0.0,372.0,433.0,0.9,7.0,12.0,0.6,47.0,28.0,0.6,3.0,9.0,13.0,0.7,7.0,17.0,17.0,704474,2025-01-04 15:00:00,2025
AFC Bournemouth,15.0,2.0,0.0,1.0,9.0,0.0,58.3,19.0,8.0,0.4,0.0,0.0,338.0,437.0,0.8,7.0,33.0,0.2,60.0,26.0,0.4,4.0,12.0,15.0,0.8,10.0,34.0,34.0,Everton,14.0,2.0,0.0,0.0,3.0,7.0,41.7,9.0,0.0,0.0,0.0,0.0,217.0,323.0,0.7,1.0,13.0,0.1,81.0,29.0,0.4,0.0,10.0,16.0,0.6,13.0,31.0,31.0,704469,2025-01-04 15:00:00,2025
Brighton & Hove Albion,17.0,2.0,0.0,0.0,2.0,2.0,44.9,11.0,4.0,0.4,1.0,1.0,368.0,427.0,0.9,2.0,10.0,0.2,38.0,18.0,0.5,3.0,10.0,11.0,0.9,8.0,22.0,22.0,Arsenal,14.0,3.0,0.0,3.0,5.0,3.0,55.1,9.0,3.0,0.3,0.0,0.0,456.0,519.0,0.9,3.0,15.0,0.2,43.0,22.0,0.5,2.0,7.0,14.0,0.5,5.0,8.0,8.0,704477,2025-01-04 17:30:00,2025
Fulham,10.0,1.0,0.0,0.0,9.0,1.0,72.6,15.0,4.0,0.3,2.0,2.0,602.0,681.0,0.9,4.0,35.0,0.1,40.0,18.0,0.5,7.0,9.0,17.0,0.5,2.0,13.0,13.0,Ipswich Town,14.0,5.0,0.0,1.0,2.0,2.0,27.4,7.0,3.0,0.4,1.0,1.0,196.0,260.0,0.8,2.0,7.0,0.3,53.0,17.0,0.3,1.0,6.0,11.0,0.5,15.0,47.0,47.0,704471,2025-01-05 14:00:00,2025
Liverpool,10.0,2.0,0.0,0.0,6.0,2.0,52.9,19.0,6.0,0.3,1.0,1.0,364.0,438.0,0.8,3.0,17.0,0.2,47.0,16.0,0.3,5.0,2.0,6.0,0.3,14.0,29.0,29.0,Manchester United,13.0,4.0,0.0,4.0,9.0,4.0,47.1,13.0,4.0,0.3,0.0,0.0,287.0,383.0,0.7,6.0,22.0,0.3,61.0,28.0,0.5,8.0,8.0,20.0,0.4,13.0,26.0,26.0,704475,2025-01-05 16:30:00,2025
Wolverhampton Wanderers,10.0,1.0,0.0,1.0,5.0,0.0,60.8,13.0,6.0,0.5,0.0,0.0,466.0,549.0,0.8,8.0,30.0,0.3,37.0,22.0,0.6,5.0,6.0,13.0,0.5,10.0,24.0,24.0,Nottingham Forest,8.0,2.0,0.0,4.0,3.0,5.0,39.2,11.0,3.0,0.3,0.0,0.0,286.0,361.0,0.8,2.0,10.0,0.2,50.0,21.0,0.4,2.0,12.0,18.0,0.7,10.0,35.0,35.0,704476,2025-01-06 20:00:00,2025
Brentford,4.0,0.0,0.0,4.0,4.0,6.0,44.7,18.0,6.0,0.3,0.0,0.0,335.0,415.0,0.8,5.0,20.0,0.3,52.0,26.0,0.5,3.0,6.0,10.0,0.6,9.0,20.0,20.0,Manchester City,4.0,0.0,0.0,0.0,5.0,3.0,55.3,21.0,8.0,0.4,0.0,0.0,449.0,519.0,0.9,7.0,20.0,0.4,45.0,27.0,0.6,2.0,6.0,12.0,0.5,9.0,30.0,30.0,704482,2025-01-14 19:30:00,2025
West Ham United,9.0,3.0,0.0,5.0,0.0,2.0,43.9,4.0,3.0,0.8,0.0,0.0,349.0,423.0,0.8,0.0,5.0,0.0,60.0,32.0,0.5,0.0,9.0,13.0,0.7,7.0,27.0,27.0,Fulham,18.0,3.0,0.0,0.0,3.0,0.0,56.1,21.0,5.0,0.2,0.0,0.0,445.0,522.0,0.9,6.0,24.0,0.3,56.0,31.0,0.6,5.0,7.0,13.0,0.5,10.0,10.0,10.0,704483,2025-01-14 19:30:00,2025
Chelsea,15.0,2.0,0.0,2.0,9.0,1.0,56.9,26.0,10.0,0.4,0.0,0.0,355.0,426.0,0.8,5.0,16.0,0.3,53.0,33.0,0.6,9.0,7.0,11.0,0.6,5.0,8.0,8.0,AFC Bournemouth,16.0,3.0,0.0,1.0,3.0,8.0,43.1,7.0,3.0,0.4,1.0,1.0,248.0,320.0,0.8,2.0,12.0,0.2,53.0,17.0,0.3,1.0,9.0,16.0,0.6,10.0,27.0,27.0,704487,2025-01-14 19:30:00,2025
Nottingham Forest,7.0,2.0,0.0,2.0,0.0,5.0,29.0,6.0,3.0,0.5,0.0,0.0,159.0,235.0,0.7,0.0,9.0,0.0,62.0,23.0,0.4,2.0,15.0,20.0,0.8,9.0,58.0,58.0,Liverpool,10.0,1.0,0.0,1.0,9.0,2.0,71.0,23.0,7.0,0.3,0.0,0.0,482.0,566.0,0.9,6.0,29.0,0.2,44.0,25.0,0.6,6.0,4.0,10.0,0.4,2.0,29.0,29.0,704484,2025-01-14 20:00:00,2025
Newcastle United,10.0,0.0,0.0,3.0,4.0,7.0,60.7,17.0,5.0,0.3,0.0,0.0,507.0,584.0,0.9,5.0,17.0,0.3,35.0,20.0,0.6,7.0,11.0,14.0,0.8,12.0,16.0,16.0,Wolverhampton Wanderers,13.0,2.0,0.0,1.0,2.0,2.0,39.3,13.0,7.0,0.5,0.0,0.0,294.0,380.0,0.8,5.0,10.0,0.5,62.0,27.0,0.4,2.0,8.0,25.0,0.3,10.0,11.0,11.0,704486,2025-01-15 19:30:00,2025
Everton,17.0,2.0,0.0,5.0,8.0,2.0,49.7,10.0,3.0,0.3,0.0,0.0,336.0,417.0,0.8,4.0,20.0,0.2,54.0,30.0,0.6,1.0,9.0,19.0,0.5,10.0,23.0,23.0,Aston Villa,10.0,1.0,0.0,1.0,5.0,2.0,50.3,11.0,3.0,0.3,0.0,0.0,360.0,436.0,0.8,0.0,10.0,0.0,45.0,15.0,0.3,4.0,16.0,22.0,0.7,9.0,34.0,34.0,704481,2025-01-15 19:30:00,2025
Leicester City,7.0,0.0,0.0,1.0,4.0,2.0,57.2,21.0,4.0,0.2,0.0,0.0,523.0,609.0,0.9,6.0,22.0,0.3,47.0,24.0,0.5,6.0,11.0,18.0,0.6,9.0,16.0,16.0,Crystal Palace,6.0,0.0,0.0,3.0,3.0,4.0,42.8,9.0,4.0,0.4,0.0,0.0,358.0,456.0,0.8,3.0,12.0,0.3,64.0,28.0,0.4,2.0,12.0,17.0,0.7,9.0,25.0,25.0,704479,2025-01-15 19:30:00,2025
Arsenal,16.0,3.0,0.0,3.0,10.0,1.0,53.2,14.0,4.0,0.3,0.0,0.0,357.0,426.0,0.8,6.0,25.0,0.2,38.0,20.0,0.5,6.0,13.0,21.0,0.6,9.0,14.0,14.0,Tottenham Hotspur,9.0,1.0,0.0,1.0,4.0,3.0,46.8,10.0,2.0,0.2,0.0,0.0,314.0,375.0,0.8,4.0,17.0,0.2,42.0,14.0,0.3,4.0,13.0,21.0,0.6,4.0,31.0,31.0,704485,2025-01-15 20:00:00,2025
Ipswich Town,13.0,2.0,0.0,1.0,1.0,3.0,46.3,5.0,3.0,0.6,0.0,0.0,341.0,410.0,0.8,2.0,9.0,0.2,40.0,16.0,0.4,0.0,8.0,13.0,0.6,10.0,27.0,27.0,Brighton & Hove Albion,14.0,2.0,0.0,1.0,9.0,3.0,53.7,11.0,5.0,0.5,0.0,0.0,396.0,468.0,0.8,7.0,22.0,0.3,46.0,17.0,0.4,6.0,13.0,14.0,0.9,7.0,12.0,12.0,704480,2025-01-16 19:30:00,2025
Manchester United,7.0,1.0,0.0,2.0,5.0,5.0,59.5,23.0,9.0,0.4,0.0,0.0,504.0,594.0,0.8,3.0,13.0,0.2,42.0,14.0,0.3,12.0,10.0,17.0,0.6,12.0,22.0,22.0,Southampton,10.0,3.0,0.0,0.0,4.0,6.0,40.5,13.0,5.0,0.4,0.0,0.0,323.0,406.0,0.8,2.0,8.0,0.3,52.0,24.0,0.5,5.0,16.0,25.0,0.6,9.0,29.0,29.0,704488,2025-01-16 20:00:00,2025
Newcastle United,7.0,1.0,0.0,1.0,7.0,6.0,55.2,13.0,5.0,0.4,0.0,0.0,310.0,395.0,0.8,3.0,28.0,0.1,33.0,8.0,0.2,5.0,8.0,17.0,0.5,3.0,32.0,32.0,AFC Bournemouth,18.0,6.0,0.0,0.0,6.0,3.0,44.8,19.0,10.0,0.5,0.0,0.0,243.0,321.0,0.8,7.0,24.0,0.3,64.0,22.0,0.3,3.0,14.0,21.0,0.7,13.0,34.0,34.0,704496,2025-01-18 12:30:00,2025
West Ham United,13.0,1.0,1.0,1.0,2.0,5.0,53.5,7.0,0.0,0.0,0.0,0.0,449.0,547.0,0.8,3.0,13.0,0.2,46.0,23.0,0.5,3.0,6.0,11.0,0.5,11.0,24.0,24.0,Crystal Palace,10.0,0.0,0.0,0.0,4.0,0.0,46.5,12.0,7.0,0.6,1.0,1.0,386.0,474.0,0.8,1.0,18.0,0.1,48.0,13.0,0.3,1.0,10.0,19.0,0.5,16.0,17.0,17.0,704491,2025-01-18 15:00:00,2025
Brentford,6.0,2.0,0.0,6.0,2.0,6.0,38.9,11.0,6.0,0.5,0.0,0.0,252.0,319.0,0.8,1.0,9.0,0.1,46.0,26.0,0.6,1.0,6.0,12.0,0.5,10.0,35.0,35.0,Liverpool,14.0,3.0,0.0,0.0,15.0,7.0,61.1,37.0,8.0,0.2,0.0,0.0,423.0,484.0,0.9,10.0,32.0,0.3,36.0,20.0,0.6,15.0,5.0,10.0,0.5,4.0,19.0,19.0,704494,2025-01-18 15:00:00,2025
Leicester City,8.0,3.0,0.0,2.0,5.0,0.0,39.3,8.0,4.0,0.5,0.0,0.0,294.0,380.0,0.8,4.0,17.0,0.2,47.0,16.0,0.3,1.0,8.0,11.0,0.7,8.0,18.0,18.0,Fulham,8.0,1.0,0.0,2.0,2.0,5.0,60.7,17.0,2.0,0.1,0.0,0.0,505.0,590.0,0.9,11.0,23.0,0.5,66.0,33.0,0.5,6.0,13.0,21.0,0.6,7.0,25.0,25.0,704498,2025-01-18 15:00:00,2025
Arsenal,10.0,2.0,0.0,3.0,10.0,2.0,66.0,18.0,6.0,0.3,0.0,0.0,429.0,483.0,0.9,9.0,41.0,0.2,34.0,21.0,0.6,5.0,7.0,12.0,0.6,8.0,10.0,10.0,Aston Villa,18.0,3.0,0.0,2.0,1.0,4.0,34.0,8.0,4.0,0.5,0.0,0.0,193.0,262.0,0.7,1.0,6.0,0.2,46.0,21.0,0.5,1.0,8.0,17.0,0.5,3.0,40.0,40.0,704493,2025-01-18 17:30:00,2025
Manchester United,13.0,3.0,0.0,3.0,4.0,0.0,51.5,10.0,1.0,0.1,1.0,1.0,382.0,463.0,0.8,3.0,10.0,0.3,57.0,21.0,0.4,6.0,10.0,18.0,0.6,11.0,12.0,12.0,Brighton & Hove Albion,12.0,3.0,0.0,3.0,2.0,0.0,48.5,6.0,3.0,0.5,0.0,0.0,355.0,437.0,0.8,1.0,9.0,0.1,55.0,22.0,0.4,2.0,11.0,22.0,0.5,6.0,17.0,17.0,704497,2025-01-19 14:00:00,2025
Everton,14.0,2.0,0.0,2.0,3.0,3.0,35.4,12.0,6.0,0.5,0.0,0.0,269.0,326.0,0.8,5.0,19.0,0.3,53.0,31.0,0.6,2.0,19.0,23.0,0.8,12.0,34.0,34.0,Tottenham Hotspur,14.0,1.0,0.0,1.0,8.0,4.0,64.6,11.0,6.0,0.5,0.0,0.0,528.0,612.0,0.9,2.0,19.0,0.1,37.0,19.0,0.5,3.0,15.0,20.0,0.8,4.0,21.0,21.0,704489,2025-01-19 14:00:00,2025
Nottingham Forest,4.0,0.0,0.0,3.0,2.0,1.0,44.5,14.0,5.0,0.4,0.0,0.0,318.0,386.0,0.8,5.0,18.0,0.3,50.0,25.0,0.5,2.0,11.0,19.0,0.6,8.0,21.0,21.0,Southampton,18.0,4.0,0.0,0.0,8.0,1.0,55.5,10.0,4.0,0.4,0.0,0.0,414.0,475.0,0.9,10.0,24.0,0.4,41.0,10.0,0.2,4.0,10.0,11.0,0.9,6.0,32.0,32.0,704492,2025-01-19 14:00:00,2025
Ipswich Town,4.0,0.0,0.0,1.0,4.0,3.0,32.7,8.0,4.0,0.5,0.0,0.0,308.0,353.0,0.9,3.0,12.0,0.3,46.0,26.0,0.6,3.0,9.0,13.0,0.7,8.0,21.0,21.0,Manchester City,7.0,1.0,0.0,1.0,7.0,4.0,67.3,17.0,9.0,0.5,0.0,0.0,686.0,747.0,0.9,0.0,8.0,0.0,37.0,20.0,0.5,5.0,8.0,14.0,0.6,7.0,11.0,11.0,704490,2025-01-19 16:30:00,2025
Chelsea,8.0,4.0,0.0,5.0,3.0,3.0,62.8,19.0,7.0,0.4,0.0,0.0,504.0,567.0,0.9,6.0,23.0,0.3,48.0,24.0,0.5,6.0,8.0,9.0,0.9,7.0,19.0,19.0,Wolverhampton Wanderers,14.0,2.0,0.0,2.0,6.0,3.0,37.2,9.0,4.0,0.4,0.0,0.0,261.0,333.0,0.8,3.0,18.0,0.2,54.0,18.0,0.3,3.0,11.0,21.0,0.5,9.0,34.0,34.0,704495,2025-01-20 20:00:00,2025
Liverpool,10.0,0.0,0.0,0.0,3.0,2.0,70.4,16.0,6.0,0.4,0.0,0.0,673.0,746.0,0.9,5.0,24.0,0.2,33.0,22.0,0.7,3.0,9.0,16.0,0.6,3.0,7.0,7.0,Ipswich Town,11.0,2.0,0.0,1.0,4.0,2.0,29.6,3.0,3.0,1.0,0.0,0.0,241.0,312.0,0.8,3.0,9.0,0.3,47.0,18.0,0.4,0.0,12.0,22.0,0.5,13.0,34.0,34.0,704508,2025-01-25 15:00:00,2025
Southampton,10.0,1.0,0.0,2.0,3.0,5.0,52.7,12.0,5.0,0.4,0.0,0.0,396.0,470.0,0.8,4.0,16.0,0.3,60.0,29.0,0.5,4.0,7.0,21.0,0.3,5.0,23.0,23.0,Newcastle United,5.0,0.0,0.0,4.0,8.0,4.0,47.3,17.0,9.0,0.5,1.0,1.0,357.0,428.0,0.8,1.0,11.0,0.1,32.0,9.0,0.3,4.0,12.0,19.0,0.6,11.0,19.0,19.0,704501,2025-01-25 15:00:00,2025
Brighton & Hove Albion,8.0,4.0,0.0,2.0,9.0,0.0,68.9,16.0,1.0,0.1,0.0,0.0,560.0,641.0,0.9,5.0,30.0,0.2,49.0,25.0,0.5,4.0,10.0,23.0,0.4,7.0,18.0,18.0,Everton,11.0,4.0,0.0,1.0,1.0,1.0,31.1,3.0,1.0,0.3,1.0,1.0,224.0,298.0,0.8,0.0,4.0,0.0,62.0,24.0,0.4,0.0,15.0,26.0,0.6,11.0,55.0,55.0,704506,2025-01-25 15:00:00,2025
Wolverhampton Wanderers,20.0,0.0,1.0,0.0,1.0,2.0,51.6,9.0,4.0,0.4,0.0,0.0,364.0,433.0,0.8,3.0,14.0,0.2,46.0,20.0,0.4,1.0,20.0,27.0,0.7,7.0,30.0,30.0,Arsenal,10.0,1.0,1.0,0.0,5.0,4.0,48.4,9.0,3.0,0.3,0.0,0.0,329.0,397.0,0.8,4.0,23.0,0.2,39.0,14.0,0.4,3.0,11.0,22.0,0.5,8.0,14.0,14.0,704504,2025-01-25 15:00:00,2025
AFC Bournemouth,9.0,2.0,0.0,2.0,3.0,4.0,51.0,16.0,10.0,0.6,0.0,0.0,288.0,358.0,0.8,2.0,17.0,0.1,62.0,21.0,0.3,3.0,12.0,22.0,0.5,9.0,34.0,34.0,Nottingham Forest,12.0,3.0,0.0,2.0,9.0,5.0,49.0,18.0,4.0,0.2,0.0,0.0,253.0,338.0,0.7,6.0,23.0,0.3,44.0,19.0,0.4,5.0,6.0,11.0,0.5,5.0,24.0,24.0,704507,2025-01-25 15:00:00,2025
Manchester City,6.0,3.0,0.0,5.0,2.0,3.0,57.0,15.0,6.0,0.4,0.0,0.0,489.0,567.0,0.9,2.0,5.0,0.4,53.0,23.0,0.4,3.0,9.0,13.0,0.7,6.0,15.0,15.0,Chelsea,8.0,2.0,0.0,2.0,4.0,3.0,43.0,10.0,4.0,0.4,0.0,0.0,352.0,425.0,0.8,0.0,9.0,0.0,62.0,25.0,0.4,3.0,8.0,12.0,0.7,4.0,12.0,12.0,704502,2025-01-25 17:30:00,2025
Tottenham Hotspur,6.0,1.0,0.0,5.0,6.0,1.0,60.6,15.0,6.0,0.4,0.0,0.0,450.0,535.0,0.8,6.0,34.0,0.2,42.0,20.0,0.5,4.0,6.0,10.0,0.6,9.0,16.0,16.0,Leicester City,16.0,5.0,0.0,2.0,4.0,5.0,39.4,12.0,3.0,0.3,0.0,0.0,263.0,354.0,0.7,3.0,16.0,0.2,65.0,27.0,0.4,7.0,17.0,26.0,0.7,16.0,32.0,32.0,704500,2025-01-26 14:00:00,2025
Crystal Palace,8.0,2.0,0.0,1.0,4.0,4.0,47.3,16.0,5.0,0.3,0.0,0.0,223.0,315.0,0.7,3.0,17.0,0.2,60.0,17.0,0.3,4.0,13.0,15.0,0.9,2.0,36.0,36.0,Brentford,11.0,2.0,0.0,0.0,7.0,4.0,52.7,12.0,6.0,0.5,1.0,1.0,251.0,352.0,0.7,7.0,18.0,0.4,59.0,16.0,0.3,1.0,9.0,16.0,0.6,2.0,45.0,45.0,704505,2025-01-26 14:00:00,2025
Aston Villa,13.0,2.0,0.0,2.0,4.0,2.0,45.8,14.0,4.0,0.3,0.0,0.0,309.0,378.0,0.8,4.0,17.0,0.2,33.0,8.0,0.2,4.0,15.0,27.0,0.6,9.0,22.0,22.0,West Ham United,16.0,3.0,0.0,4.0,3.0,3.0,54.2,14.0,4.0,0.3,0.0,0.0,374.0,443.0,0.8,9.0,22.0,0.4,65.0,39.0,0.6,4.0,17.0,31.0,0.5,14.0,24.0,24.0,704499,2025-01-26 16:30:00,2025
Fulham,7.0,0.0,0.0,2.0,3.0,0.0,50.9,9.0,3.0,0.3,0.0,0.0,413.0,496.0,0.8,8.0,23.0,0.3,46.0,20.0,0.4,0.0,10.0,16.0,0.6,7.0,10.0,10.0,Manchester United,9.0,1.0,0.0,2.0,0.0,2.0,49.1,4.0,1.0,0.3,0.0,0.0,412.0,491.0,0.8,1.0,7.0,0.1,53.0,21.0,0.4,1.0,9.0,18.0,0.5,7.0,22.0,22.0,704503,2025-01-26 19:00:00,2025
Nottingham Forest,8.0,1.0,0.0,1.0,4.0,6.0,37.4,14.0,9.0,0.6,1.0,1.0,256.0,326.0,0.8,4.0,10.0,0.4,50.0,26.0,0.5,1.0,15.0,21.0,0.7,7.0,38.0,38.0,Brighton & Hove Albion,13.0,3.0,0.0,0.0,6.0,3.0,62.6,10.0,5.0,0.5,0.0,0.0,458.0,534.0,0.9,5.0,25.0,0.2,43.0,19.0,0.4,2.0,13.0,21.0,0.6,5.0,11.0,11.0,704518,2025-02-01 12:30:00,2025
Everton,7.0,0.0,0.0,3.0,5.0,1.0,47.0,13.0,7.0,0.5,0.0,0.0,359.0,443.0,0.8,4.0,13.0,0.3,56.0,31.0,0.6,2.0,8.0,13.0,0.6,4.0,30.0,30.0,Leicester City,13.0,0.0,0.0,1.0,6.0,3.0,53.0,9.0,1.0,0.1,0.0,0.0,398.0,489.0,0.8,3.0,22.0,0.1,59.0,20.0,0.3,6.0,10.0,15.0,0.7,5.0,19.0,19.0,704509,2025-02-01 15:00:00,2025
AFC Bournemouth,15.0,2.0,0.0,4.0,3.0,5.0,49.4,14.0,3.0,0.2,0.0,0.0,324.0,409.0,0.8,4.0,17.0,0.2,54.0,29.0,0.5,3.0,6.0,19.0,0.3,10.0,24.0,24.0,Liverpool,9.0,3.0,0.0,1.0,3.0,4.0,50.6,19.0,7.0,0.4,1.0,1.0,348.0,426.0,0.8,3.0,13.0,0.2,54.0,22.0,0.4,7.0,11.0,18.0,0.6,11.0,26.0,26.0,704511,2025-02-01 15:00:00,2025
Newcastle United,10.0,4.0,0.0,4.0,4.0,2.0,47.8,11.0,4.0,0.4,0.0,0.0,332.0,403.0,0.8,5.0,17.0,0.3,51.0,23.0,0.5,1.0,2.0,7.0,0.3,4.0,24.0,24.0,Fulham,15.0,4.0,0.0,0.0,7.0,3.0,52.2,15.0,4.0,0.3,0.0,0.0,353.0,431.0,0.8,8.0,32.0,0.3,58.0,26.0,0.4,7.0,12.0,20.0,0.6,7.0,26.0,26.0,704517,2025-02-01 15:00:00,2025
Ipswich Town,11.0,0.0,0.0,0.0,1.0,2.0,57.0,15.0,6.0,0.4,0.0,0.0,458.0,538.0,0.9,3.0,14.0,0.2,47.0,20.0,0.4,4.0,8.0,16.0,0.5,4.0,15.0,15.0,Southampton,14.0,3.0,0.0,4.0,2.0,5.0,43.0,9.0,4.0,0.4,0.0,0.0,312.0,402.0,0.8,5.0,14.0,0.4,75.0,32.0,0.4,4.0,17.0,34.0,0.5,10.0,27.0,27.0,704510,2025-02-01 15:00:00,2025
Wolverhampton Wanderers,20.0,2.0,0.0,6.0,5.0,3.0,31.3,8.0,5.0,0.6,0.0,0.0,200.0,247.0,0.8,0.0,14.0,0.0,40.0,14.0,0.4,0.0,14.0,25.0,0.6,15.0,32.0,32.0,Aston Villa,13.0,3.0,0.0,3.0,8.0,3.0,68.7,10.0,3.0,0.3,0.0,0.0,493.0,554.0,0.9,1.0,23.0,0.0,21.0,12.0,0.6,5.0,8.0,13.0,0.6,3.0,13.0,13.0,704514,2025-02-01 17:30:00,2025
Manchester United,0.0,0.0,0.0,0.0,0.0,0.0,0.0,0.0,0.0,0.0,0.0,0.0,0.0,0.0,0.0,0.0,0.0,0.0,0.0,0.0,0.0,0.0,0.0,0.0,0.0,0.0,0.0,0.0,Crystal Palace,0.0,0.0,0.0,0.0,0.0,0.0,0.0,0.0,0.0,0.0,0.0,0.0,0.0,0.0,0.0,0.0,0.0,0.0,0.0,0.0,0.0,0.0,0.0,0.0,0.0,0.0,0.0,0.0,704516,2025-02-02 14:00:00,2025
Brentford,4.0,0.0,0.0,0.0,10.0,1.0,53.9,20.0,4.0,0.2,0.0,0.0,389.0,475.0,0.8,12.0,38.0,0.3,48.0,29.0,0.6,6.0,17.0,24.0,0.7,6.0,11.0,11.0,Tottenham Hotspur,11.0,1.0,0.0,1.0,3.0,3.0,46.1,13.0,2.0,0.2,0.0,0.0,356.0,432.0,0.8,2.0,9.0,0.2,42.0,20.0,0.5,6.0,13.0,22.0,0.6,11.0,49.0,49.0,704512,2025-02-02 14:00:00,2025
Arsenal,6.0,2.0,0.0,3.0,5.0,3.0,45.7,12.0,7.0,0.6,0.0,0.0,347.0,398.0,0.9,1.0,12.0,0.1,37.0,17.0,0.5,3.0,8.0,16.0,0.5,5.0,20.0,20.0,Manchester City,7.0,0.0,0.0,1.0,2.0,2.0,54.3,7.0,4.0,0.6,0.0,0.0,426.0,474.0,0.9,3.0,14.0,0.2,35.0,20.0,0.6,0.0,8.0,14.0,0.6,6.0,21.0,21.0,704515,2025-02-02 16:30:00,2025
Chelsea,11.0,3.0,0.0,0.0,4.0,4.0,67.9,22.0,3.0,0.1,0.0,0.0,516.0,597.0,0.9,6.0,22.0,0.3,35.0,14.0,0.4,10.0,18.0,23.0,0.8,3.0,14.0,14.0,West Ham United,10.0,1.0,0.0,1.0,3.0,3.0,32.1,14.0,5.0,0.4,0.0,0.0,206.0,280.0,0.7,4.0,14.0,0.3,60.0,21.0,0.4,3.0,7.0,14.0,0.5,11.0,34.0,34.0,704513,2025-02-03 20:00:00,2025
Everton,9.0,2.0,1.0,3.0,2.0,2.0,36.8,10.0,3.0,0.3,0.0,0.0,215.0,307.0,0.7,3.0,16.0,0.2,71.0,33.0,0.5,2.0,13.0,19.0,0.7,8.0,43.0,43.0,Liverpool,20.0,2.0,1.0,2.0,3.0,1.0,63.2,6.0,4.0,0.7,0.0,0.0,452.0,546.0,0.8,1.0,10.0,0.1,64.0,22.0,0.3,2.0,10.0,18.0,0.6,8.0,36.0,36.0,704425,2025-02-12 19:30:00,2025
Brighton & Hove Albion,12.0,1.0,0.0,2.0,2.0,1.0,30.5,13.0,5.0,0.4,0.0,0.0,251.0,327.0,0.8,2.0,3.0,0.7,52.0,22.0,0.4,2.0,11.0,20.0,0.6,13.0,32.0,32.0,Chelsea,15.0,2.0,0.0,3.0,9.0,3.0,69.5,8.0,0.0,0.0,0.0,0.0,664.0,735.0,0.9,1.0,18.0,0.1,36.0,17.0,0.5,2.0,4.0,19.0,0.2,7.0,9.0,9.0,704526,2025-02-14 20:00:00,2025
Leicester City,9.0,2.0,0.0,1.0,3.0,3.0,39.7,6.0,2.0,0.3,0.0,0.0,230.0,321.0,0.7,7.0,16.0,0.4,55.0,13.0,0.2,2.0,13.0,23.0,0.6,7.0,27.0,27.0,Arsenal,10.0,1.0,0.0,4.0,7.0,2.0,60.3,11.0,5.0,0.5,0.0,0.0,420.0,491.0,0.9,4.0,18.0,0.2,33.0,15.0,0.5,3.0,11.0,15.0,0.7,5.0,22.0,22.0,704520,2025-02-15 12:30:00,2025
Aston Villa,7.0,0.0,0.0,2.0,16.0,3.0,75.6,25.0,6.0,0.2,0.0,0.0,603.0,666.0,0.9,5.0,32.0,0.2,24.0,14.0,0.6,9.0,8.0,12.0,0.7,5.0,9.0,9.0,Ipswich Town,11.0,3.0,1.0,3.0,1.0,6.0,24.4,4.0,3.0,0.8,0.0,0.0,160.0,219.0,0.7,3.0,6.0,0.5,45.0,16.0,0.4,1.0,10.0,22.0,0.5,13.0,39.0,39.0,704527,2025-02-15 15:00:00,2025
Manchester City,5.0,0.0,0.0,0.0,7.0,1.0,61.6,11.0,7.0,0.6,0.0,0.0,543.0,590.0,0.9,7.0,13.0,0.5,45.0,28.0,0.6,2.0,5.0,10.0,0.5,6.0,19.0,19.0,Newcastle United,13.0,1.0,0.0,3.0,4.0,3.0,38.4,3.0,1.0,0.3,0.0,0.0,292.0,353.0,0.8,3.0,14.0,0.2,34.0,15.0,0.4,1.0,15.0,26.0,0.6,7.0,20.0,20.0,704522,2025-02-15 15:00:00,2025
Southampton,13.0,1.0,0.0,0.0,4.0,5.0,44.7,11.0,4.0,0.4,0.0,0.0,306.0,386.0,0.8,4.0,20.0,0.2,43.0,21.0,0.5,4.0,18.0,27.0,0.7,11.0,28.0,28.0,AFC Bournemouth,15.0,3.0,0.0,0.0,6.0,3.0,55.3,14.0,7.0,0.5,0.0,0.0,399.0,483.0,0.8,5.0,18.0,0.3,59.0,24.0,0.4,4.0,7.0,16.0,0.4,9.0,26.0,26.0,704528,2025-02-15 15:00:00,2025
Fulham,13.0,0.0,0.0,1.0,8.0,1.0,55.5,24.0,10.0,0.4,0.0,0.0,439.0,499.0,0.9,10.0,33.0,0.3,51.0,28.0,0.5,6.0,8.0,8.0,1.0,7.0,25.0,25.0,Nottingham Forest,8.0,0.0,0.0,1.0,4.0,8.0,44.5,8.0,2.0,0.3,0.0,0.0,343.0,404.0,0.8,4.0,18.0,0.2,49.0,25.0,0.5,3.0,7.0,10.0,0.7,8.0,30.0,30.0,704519,2025-02-15 15:00:00,2025
West Ham United,10.0,1.0,0.0,2.0,9.0,4.0,58.5,13.0,3.0,0.2,0.0,0.0,426.0,501.0,0.9,3.0,31.0,0.1,44.0,20.0,0.5,7.0,8.0,21.0,0.4,2.0,22.0,22.0,Brentford,13.0,1.0,0.0,4.0,2.0,3.0,41.5,14.0,5.0,0.4,0.0,0.0,282.0,362.0,0.8,4.0,16.0,0.3,55.0,25.0,0.5,4.0,9.0,19.0,0.5,5.0,29.0,29.0,704523,2025-02-15 15:00:00,2025
Crystal Palace,9.0,0.0,0.0,3.0,6.0,4.0,58.1,17.0,6.0,0.4,0.0,0.0,401.0,520.0,0.8,5.0,20.0,0.3,60.0,15.0,0.3,5.0,11.0,17.0,0.6,7.0,34.0,34.0,Everton,12.0,1.0,0.0,1.0,2.0,5.0,41.9,11.0,6.0,0.5,0.0,0.0,264.0,368.0,0.7,3.0,17.0,0.2,67.0,31.0,0.5,4.0,6.0,20.0,0.3,11.0,48.0,48.0,704525,2025-02-15 17:30:00,2025
Liverpool,15.0,2.0,0.0,5.0,4.0,3.0,49.6,10.0,3.0,0.3,1.0,1.0,364.0,443.0,0.8,3.0,13.0,0.2,46.0,22.0,0.5,1.0,10.0,16.0,0.6,15.0,18.0,18.0,Wolverhampton Wanderers,13.0,2.0,0.0,3.0,3.0,1.0,50.4,16.0,4.0,0.3,0.0,0.0,388.0,458.0,0.8,1.0,10.0,0.1,42.0,16.0,0.4,5.0,11.0,15.0,0.7,9.0,21.0,21.0,704521,2025-02-16 14:00:00,2025
Tottenham Hotspur,13.0,1.0,0.0,0.0,10.0,6.0,55.7,22.0,7.0,0.3,0.0,0.0,459.0,521.0,0.9,11.0,31.0,0.4,22.0,9.0,0.4,9.0,6.0,13.0,0.5,5.0,26.0,26.0,Manchester United,9.0,2.0,0.0,7.0,5.0,6.0,44.3,16.0,6.0,0.4,0.0,0.0,344.0,412.0,0.8,8.0,24.0,0.3,51.0,29.0,0.6,4.0,20.0,32.0,0.6,11.0,24.0,24.0,704524,2025-02-16 16:30:00,2025
Aston Villa,8.0,1.0,0.0,3.0,6.0,1.0,52.3,9.0,4.0,0.4,0.0,0.0,379.0,449.0,0.8,3.0,19.0,0.2,26.0,11.0,0.4,2.0,13.0,22.0,0.6,3.0,20.0,20.0,Liverpool,6.0,0.0,0.0,2.0,8.0,1.0,47.7,17.0,3.0,0.2,0.0,0.0,340.0,407.0,0.8,3.0,20.0,0.2,43.0,25.0,0.6,4.0,11.0,16.0,0.7,8.0,24.0,24.0,704567,2025-02-19 19:30:00,2025
Leicester City,10.0,4.0,0.0,1.0,5.0,3.0,47.8,8.0,3.0,0.4,0.0,0.0,314.0,382.0,0.8,3.0,27.0,0.1,38.0,11.0,0.3,2.0,5.0,11.0,0.5,13.0,32.0,32.0,Brentford,10.0,0.0,0.0,1.0,6.0,3.0,52.2,14.0,6.0,0.4,0.0,0.0,359.0,425.0,0.8,9.0,20.0,0.5,52.0,34.0,0.7,5.0,9.0,10.0,0.9,9.0,34.0,34.0,704535,2025-02-21 20:00:00,2025
Everton,12.0,4.0,0.0,1.0,7.0,1.0,37.9,9.0,8.0,0.9,0.0,0.0,231.0,313.0,0.7,8.0,23.0,0.3,54.0,25.0,0.5,1.0,18.0,24.0,0.8,9.0,35.0,35.0,Manchester United,9.0,1.0,0.0,0.0,9.0,6.0,62.1,9.0,3.0,0.3,0.0,0.0,456.0,533.0,0.9,3.0,20.0,0.2,53.0,22.0,0.4,4.0,15.0,24.0,0.6,13.0,35.0,35.0,704530,2025-02-22 12:30:00,2025
AFC Bournemouth,17.0,3.0,1.0,1.0,6.0,5.0,45.1,8.0,3.0,0.4,0.0,0.0,275.0,360.0,0.8,4.0,27.0,0.1,56.0,27.0,0.5,3.0,5.0,13.0,0.4,12.0,26.0,26.0,Wolverhampton Wanderers,9.0,3.0,0.0,1.0,7.0,3.0,54.9,13.0,5.0,0.4,0.0,0.0,364.0,454.0,0.8,2.0,16.0,0.1,49.0,14.0,0.3,3.0,15.0,30.0,0.5,10.0,39.0,39.0,704529,2025-02-22 15:00:00,2025
Southampton,11.0,2.0,0.0,2.0,5.0,8.0,49.9,6.0,1.0,0.2,0.0,0.0,346.0,431.0,0.8,1.0,11.0,0.1,59.0,18.0,0.3,3.0,7.0,13.0,0.5,13.0,23.0,23.0,Brighton & Hove Albion,12.0,0.0,0.0,1.0,6.0,1.0,50.1,18.0,12.0,0.7,0.0,0.0,356.0,436.0,0.8,5.0,15.0,0.3,49.0,19.0,0.4,3.0,9.0,17.0,0.5,9.0,22.0,22.0,704536,2025-02-22 15:00:00,2025
Fulham,10.0,1.0,0.0,0.0,7.0,4.0,62.2,10.0,0.0,0.0,0.0,0.0,450.0,543.0,0.8,5.0,27.0,0.2,64.0,31.0,0.5,5.0,5.0,15.0,0.3,8.0,18.0,18.0,Crystal Palace,7.0,3.0,0.0,3.0,7.0,0.0,37.8,10.0,5.0,0.5,0.0,0.0,254.0,334.0,0.8,2.0,10.0,0.2,52.0,21.0,0.4,2.0,11.0,25.0,0.4,10.0,33.0,33.0,704531,2025-02-22 15:00:00,2025
Ipswich Town,15.0,2.0,0.0,2.0,4.0,2.0,41.1,17.0,5.0,0.3,0.0,0.0,292.0,355.0,0.8,6.0,19.0,0.3,44.0,20.0,0.5,7.0,12.0,23.0,0.5,10.0,11.0,11.0,Tottenham Hotspur,14.0,1.0,0.0,1.0,4.0,4.0,58.9,10.0,6.0,0.6,0.0,0.0,461.0,533.0,0.9,1.0,4.0,0.3,38.0,16.0,0.4,3.0,9.0,17.0,0.5,6.0,14.0,14.0,704532,2025-02-22 15:00:00,2025
Arsenal,16.0,1.0,1.0,2.0,2.0,1.0,67.8,20.0,2.0,0.1,0.0,0.0,574.0,642.0,0.9,7.0,30.0,0.2,25.0,12.0,0.5,10.0,5.0,12.0,0.4,8.0,6.0,6.0,West Ham United,15.0,3.0,0.0,2.0,0.0,2.0,32.2,5.0,2.0,0.4,0.0,0.0,241.0,309.0,0.8,3.0,8.0,0.4,61.0,21.0,0.3,0.0,5.0,12.0,0.4,14.0,44.0,44.0,704538,2025-02-22 15:00:00,2025
Aston Villa,15.0,1.0,0.0,1.0,2.0,5.0,52.2,12.0,6.0,0.5,0.0,0.0,421.0,484.0,0.9,3.0,13.0,0.2,30.0,15.0,0.5,3.0,9.0,17.0,0.5,5.0,16.0,16.0,Chelsea,16.0,3.0,0.0,1.0,3.0,4.0,47.8,15.0,7.0,0.5,0.0,0.0,393.0,446.0,0.9,3.0,12.0,0.3,49.0,22.0,0.4,3.0,7.0,16.0,0.4,10.0,25.0,25.0,704537,2025-02-22 17:30:00,2025
Newcastle United,11.0,1.0,0.0,1.0,7.0,2.0,57.1,13.0,5.0,0.4,1.0,1.0,379.0,463.0,0.8,3.0,18.0,0.2,40.0,15.0,0.4,5.0,13.0,20.0,0.7,11.0,36.0,36.0,Nottingham Forest,13.0,4.0,0.0,0.0,6.0,1.0,42.9,17.0,5.0,0.3,0.0,0.0,253.0,345.0,0.7,8.0,20.0,0.4,50.0,12.0,0.2,7.0,20.0,28.0,0.7,3.0,25.0,25.0,704533,2025-02-23 14:00:00,2025
Manchester City,3.0,0.0,0.0,2.0,7.0,2.0,66.3,16.0,5.0,0.3,0.0,0.0,603.0,659.0,0.9,3.0,22.0,0.1,31.0,15.0,0.5,8.0,2.0,5.0,0.4,3.0,17.0,17.0,Liverpool,10.0,0.0,0.0,4.0,5.0,5.0,33.7,8.0,4.0,0.5,0.0,0.0,268.0,332.0,0.8,2.0,7.0,0.3,45.0,18.0,0.4,2.0,13.0,22.0,0.6,4.0,34.0,34.0,704534,2025-02-23 16:30:00,2025
Brighton & Hove Albion,12.0,2.0,0.0,0.0,1.0,4.0,43.3,11.0,4.0,0.4,1.0,1.0,266.0,368.0,0.7,3.0,8.0,0.4,62.0,15.0,0.2,3.0,13.0,21.0,0.6,6.0,33.0,33.0,AFC Bournemouth,14.0,1.0,0.0,4.0,9.0,2.0,56.7,19.0,5.0,0.3,0.0,0.0,372.0,467.0,0.8,8.0,22.0,0.4,61.0,23.0,0.4,7.0,13.0,25.0,0.5,12.0,26.0,26.0,704542,2025-02-25 19:30:00,2025
Crystal Palace,19.0,3.0,0.0,7.0,3.0,1.0,35.9,19.0,6.0,0.3,0.0,0.0,187.0,257.0,0.7,4.0,12.0,0.3,47.0,16.0,0.3,5.0,21.0,32.0,0.7,10.0,23.0,23.0,Aston Villa,10.0,1.0,0.0,7.0,8.0,2.0,64.1,6.0,2.0,0.3,0.0,0.0,404.0,468.0,0.9,5.0,13.0,0.4,29.0,19.0,0.7,1.0,4.0,8.0,0.5,9.0,14.0,14.0,704544,2025-02-25 19:30:00,2025
Wolverhampton Wanderers,8.0,1.0,0.0,1.0,7.0,3.0,60.0,18.0,5.0,0.3,0.0,0.0,504.0,570.0,0.9,6.0,29.0,0.2,31.0,14.0,0.5,6.0,5.0,10.0,0.5,6.0,9.0,9.0,Fulham,15.0,3.0,0.0,0.0,5.0,4.0,40.0,11.0,5.0,0.5,0.0,0.0,327.0,387.0,0.8,3.0,9.0,0.3,51.0,27.0,0.5,3.0,17.0,20.0,0.9,6.0,40.0,40.0,704539,2025-02-25 19:30:00,2025
Chelsea,6.0,1.0,0.0,2.0,4.0,2.0,59.6,19.0,10.0,0.5,0.0,0.0,564.0,620.0,0.9,5.0,10.0,0.5,43.0,23.0,0.5,2.0,9.0,17.0,0.5,7.0,13.0,13.0,Southampton,9.0,2.0,0.0,0.0,2.0,6.0,40.4,7.0,2.0,0.3,0.0,0.0,350.0,415.0,0.8,4.0,10.0,0.4,43.0,18.0,0.4,3.0,11.0,16.0,0.7,9.0,12.0,12.0,704547,2025-02-25 20:15:00,2025
Manchester United,9.0,4.0,1.0,0.0,5.0,1.0,44.6,10.0,6.0,0.6,0.0,0.0,298.0,364.0,0.8,5.0,18.0,0.3,52.0,20.0,0.4,3.0,10.0,18.0,0.6,4.0,24.0,24.0,Ipswich Town,16.0,4.0,0.0,2.0,6.0,4.0,55.4,12.0,3.0,0.3,0.0,0.0,388.0,451.0,0.9,2.0,18.0,0.1,31.0,13.0,0.4,5.0,11.0,16.0,0.7,11.0,21.0,21.0,704546,2025-02-26 19:30:00,2025
Brentford,3.0,2.0,0.0,1.0,2.0,3.0,51.8,12.0,3.0,0.3,0.0,0.0,384.0,458.0,0.8,4.0,20.0,0.2,44.0,25.0,0.6,3.0,8.0,13.0,0.6,9.0,24.0,24.0,Everton,6.0,1.0,0.0,0.0,5.0,2.0,48.2,14.0,4.0,0.3,0.0,0.0,351.0,425.0,0.8,4.0,21.0,0.2,48.0,26.0,0.5,2.0,8.0,15.0,0.5,4.0,33.0,33.0,704545,2025-02-26 19:30:00,2025
Tottenham Hotspur,12.0,3.0,0.0,0.0,8.0,4.0,55.6,11.0,6.0,0.5,0.0,0.0,465.0,529.0,0.9,8.0,16.0,0.5,33.0,12.0,0.4,2.0,15.0,26.0,0.6,7.0,15.0,15.0,Manchester City,15.0,0.0,0.0,2.0,3.0,6.0,44.4,12.0,5.0,0.4,0.0,0.0,363.0,416.0,0.9,2.0,12.0,0.2,39.0,23.0,0.6,5.0,13.0,20.0,0.7,10.0,17.0,17.0,704540,2025-02-26 19:30:00,2025
Nottingham Forest,10.0,1.0,0.0,1.0,3.0,1.0,34.9,6.0,2.0,0.3,0.0,0.0,199.0,268.0,0.7,4.0,18.0,0.2,47.0,19.0,0.4,3.0,10.0,18.0,0.6,8.0,31.0,31.0,Arsenal,17.0,1.0,0.0,2.0,11.0,2.0,65.1,13.0,1.0,0.1,0.0,0.0,438.0,502.0,0.9,6.0,27.0,0.2,27.0,12.0,0.4,9.0,9.0,14.0,0.6,5.0,22.0,22.0,704541,2025-02-26 19:30:00,2025
Liverpool,12.0,0.0,0.0,0.0,4.0,1.0,61.2,12.0,3.0,0.3,0.0,0.0,533.0,594.0,0.9,0.0,4.0,0.0,59.0,39.0,0.7,4.0,15.0,25.0,0.6,10.0,23.0,23.0,Newcastle United,11.0,1.0,0.0,1.0,2.0,1.0,38.8,3.0,0.0,0.0,0.0,0.0,309.0,366.0,0.8,1.0,14.0,0.1,33.0,16.0,0.5,1.0,12.0,20.0,0.6,5.0,20.0,20.0,704548,2025-02-26 20:15:00,2025
West Ham United,0.0,0.0,0.0,0.0,0.0,0.0,0.0,0.0,0.0,0.0,0.0,0.0,0.0,0.0,0.0,0.0,0.0,0.0,0.0,0.0,0.0,0.0,0.0,0.0,0.0,0.0,0.0,0.0,Leicester City,0.0,0.0,0.0,0.0,0.0,0.0,0.0,0.0,0.0,0.0,0.0,0.0,0.0,0.0,0.0,0.0,0.0,0.0,0.0,0.0,0.0,0.0,0.0,0.0,0.0,0.0,0.0,0.0,704543,2025-02-27 20:00:00,2025
Nottingham Forest,9.0,3.0,0.0,1.0,3.0,3.0,30.9,9.0,4.0,0.4,0.0,0.0,208.0,261.0,0.8,7.0,18.0,0.4,46.0,17.0,0.4,2.0,8.0,17.0,0.5,5.0,25.0,25.0,Manchester City,7.0,2.0,0.0,1.0,2.0,3.0,69.1,14.0,3.0,0.2,0.0,0.0,547.0,609.0,0.9,1.0,17.0,0.1,24.0,13.0,0.5,3.0,12.0,18.0,0.7,5.0,19.0,19.0,704554,2025-03-08 12:30:00,2025
Brighton & Hove Albion,6.0,0.0,0.0,4.0,3.0,0.0,53.3,9.0,4.0,0.4,1.0,1.0,444.0,514.0,0.9,4.0,13.0,0.3,38.0,22.0,0.6,2.0,11.0,18.0,0.6,15.0,24.0,24.0,Fulham,12.0,2.0,0.0,1.0,7.0,2.0,46.7,6.0,1.0,0.2,0.0,0.0,374.0,441.0,0.8,3.0,22.0,0.1,52.0,27.0,0.5,3.0,9.0,22.0,0.4,4.0,41.0,41.0,704550,2025-03-08 15:00:00,2025
Liverpool,10.0,2.0,0.0,0.0,6.0,3.0,71.2,28.0,7.0,0.3,2.0,2.0,593.0,655.0,0.9,6.0,20.0,0.3,38.0,23.0,0.6,8.0,15.0,19.0,0.8,10.0,10.0,10.0,Southampton,9.0,1.0,0.0,1.0,4.0,4.0,28.8,6.0,4.0,0.7,0.0,0.0,204.0,267.0,0.8,1.0,5.0,0.2,42.0,12.0,0.3,2.0,10.0,21.0,0.5,9.0,37.0,37.0,704556,2025-03-08 15:00:00,2025
Crystal Palace,8.0,4.0,0.0,0.0,5.0,7.0,55.2,19.0,4.0,0.2,0.0,0.0,301.0,407.0,0.7,7.0,19.0,0.4,67.0,28.0,0.4,9.0,11.0,23.0,0.5,7.0,40.0,40.0,Ipswich Town,7.0,3.0,0.0,0.0,4.0,3.0,44.8,15.0,8.0,0.5,0.0,0.0,252.0,335.0,0.8,3.0,16.0,0.2,48.0,18.0,0.4,3.0,9.0,14.0,0.6,8.0,38.0,38.0,704557,2025-03-08 15:00:00,2025
Brentford,10.0,2.0,0.0,2.0,6.0,3.0,59.9,13.0,3.0,0.2,0.0,0.0,395.0,459.0,0.9,5.0,27.0,0.2,47.0,27.0,0.6,6.0,6.0,15.0,0.4,7.0,32.0,32.0,Aston Villa,5.0,2.0,0.0,3.0,5.0,3.0,40.1,12.0,4.0,0.3,0.0,0.0,239.0,316.0,0.8,3.0,12.0,0.3,46.0,18.0,0.4,6.0,5.0,11.0,0.5,5.0,40.0,40.0,704549,2025-03-08 17:30:00,2025
Wolverhampton Wanderers,11.0,2.0,0.0,0.0,5.0,3.0,65.5,11.0,3.0,0.3,0.0,0.0,527.0,597.0,0.9,3.0,18.0,0.2,46.0,22.0,0.5,3.0,8.0,13.0,0.6,6.0,24.0,24.0,Everton,16.0,2.0,0.0,1.0,5.0,2.0,34.5,12.0,4.0,0.3,0.0,0.0,233.0,306.0,0.8,5.0,16.0,0.3,57.0,25.0,0.4,7.0,16.0,32.0,0.5,8.0,35.0,35.0,704551,2025-03-08 20:00:00,2025
Tottenham Hotspur,15.0,3.0,0.0,0.0,3.0,6.0,60.9,12.0,4.0,0.3,1.0,1.0,432.0,528.0,0.8,6.0,16.0,0.4,39.0,13.0,0.3,5.0,10.0,12.0,0.8,8.0,20.0,20.0,AFC Bournemouth,16.0,3.0,0.0,3.0,6.0,2.0,39.1,17.0,8.0,0.5,0.0,0.0,257.0,336.0,0.8,5.0,14.0,0.4,60.0,25.0,0.4,5.0,18.0,29.0,0.6,15.0,28.0,28.0,704558,2025-03-09 14:00:00,2025
Chelsea,12.0,1.0,0.0,0.0,12.0,3.0,56.6,20.0,7.0,0.4,0.0,1.0,467.0,541.0,0.9,6.0,26.0,0.2,48.0,23.0,0.5,8.0,9.0,11.0,0.8,10.0,21.0,21.0,Leicester City,13.0,0.0,0.0,2.0,2.0,7.0,43.4,3.0,3.0,1.0,0.0,0.0,339.0,417.0,0.8,1.0,18.0,0.1,48.0,17.0,0.4,0.0,12.0,18.0,0.7,5.0,36.0,36.0,704553,2025-03-09 14:00:00,2025
Manchester United,8.0,0.0,0.0,0.0,2.0,5.0,31.8,10.0,6.0,0.6,0.0,0.0,208.0,275.0,0.8,3.0,11.0,0.3,51.0,13.0,0.3,2.0,15.0,27.0,0.6,7.0,34.0,34.0,Arsenal,11.0,1.0,0.0,1.0,9.0,5.0,68.2,17.0,6.0,0.4,0.0,0.0,524.0,587.0,0.9,2.0,27.0,0.1,29.0,12.0,0.4,5.0,8.0,13.0,0.6,5.0,13.0,13.0,704555,2025-03-09 16:30:00,2025
West Ham United,7.0,0.0,0.0,1.0,3.0,3.0,51.4,9.0,2.0,0.2,0.0,0.0,372.0,461.0,0.8,4.0,21.0,0.2,56.0,22.0,0.4,6.0,9.0,15.0,0.6,9.0,19.0,19.0,Newcastle United,15.0,1.0,0.0,1.0,4.0,2.0,48.6,9.0,3.0,0.3,0.0,0.0,352.0,433.0,0.8,7.0,21.0,0.3,47.0,18.0,0.4,3.0,5.0,12.0,0.4,8.0,25.0,25.0,704552,2025-03-10 20:00:00,2025
Ipswich Town,4.0,1.0,0.0,1.0,6.0,2.0,55.7,11.0,4.0,0.4,0.0,0.0,369.0,438.0,0.8,3.0,18.0,0.2,48.0,22.0,0.5,2.0,8.0,10.0,0.8,4.0,21.0,21.0,Nottingham Forest,13.0,1.0,0.0,1.0,3.0,1.0,44.3,11.0,6.0,0.5,0.0,0.0,280.0,356.0,0.8,1.0,11.0,0.1,58.0,21.0,0.4,1.0,11.0,15.0,0.7,3.0,33.0,33.0,704568,2025-03-15 15:00:00,2025
Manchester City,0.0,0.0,0.0,0.0,0.0,0.0,0.0,0.0,0.0,0.0,0.0,0.0,0.0,0.0,0.0,0.0,0.0,0.0,0.0,0.0,0.0,0.0,0.0,0.0,0.0,0.0,0.0,0.0,Brighton & Hove Albion,0.0,0.0,0.0,0.0,0.0,0.0,0.0,0.0,0.0,0.0,0.0,0.0,0.0,0.0,0.0,0.0,0.0,0.0,0.0,0.0,0.0,0.0,0.0,0.0,0.0,0.0,0.0,0.0,704561,2025-03-15 15:00:00,2025
Everton,12.0,1.0,0.0,1.0,6.0,5.0,53.9,13.0,5.0,0.4,0.0,0.0,413.0,488.0,0.8,10.0,34.0,0.3,52.0,27.0,0.5,4.0,9.0,15.0,0.6,9.0,25.0,25.0,West Ham United,8.0,2.0,0.0,0.0,5.0,4.0,46.1,10.0,5.0,0.5,0.0,0.0,346.0,430.0,0.8,4.0,15.0,0.3,48.0,13.0,0.3,1.0,6.0,17.0,0.4,10.0,34.0,34.0,704565,2025-03-15 15:00:00,2025
Southampton,12.0,0.0,0.0,2.0,5.0,1.0,59.1,10.0,3.0,0.3,0.0,0.0,532.0,596.0,0.9,5.0,18.0,0.3,39.0,19.0,0.5,4.0,10.0,14.0,0.7,4.0,9.0,9.0,Wolverhampton Wanderers,13.0,0.0,0.0,1.0,1.0,2.0,40.9,5.0,3.0,0.6,0.0,0.0,355.0,413.0,0.9,2.0,11.0,0.2,36.0,15.0,0.4,0.0,17.0,27.0,0.6,9.0,35.0,35.0,704563,2025-03-15 15:00:00,2025
AFC Bournemouth,13.0,3.0,0.0,4.0,4.0,2.0,58.7,17.0,5.0,0.3,0.0,0.0,393.0,488.0,0.8,9.0,24.0,0.4,63.0,19.0,0.3,5.0,11.0,16.0,0.7,9.0,33.0,33.0,Brentford,7.0,0.0,0.0,2.0,3.0,5.0,41.3,10.0,4.0,0.4,0.0,0.0,247.0,350.0,0.7,2.0,10.0,0.2,68.0,32.0,0.5,1.0,10.0,18.0,0.6,8.0,39.0,39.0,704566,2025-03-15 17:30:00,2025
Fulham,13.0,0.0,0.0,1.0,6.0,4.0,56.6,13.0,4.0,0.3,0.0,0.0,447.0,528.0,0.8,7.0,33.0,0.2,52.0,24.0,0.5,6.0,20.0,31.0,0.6,10.0,18.0,18.0,Tottenham Hotspur,10.0,0.0,0.0,1.0,5.0,2.0,43.4,12.0,4.0,0.3,0.0,0.0,351.0,411.0,0.9,9.0,19.0,0.5,33.0,15.0,0.5,4.0,14.0,25.0,0.6,10.0,32.0,32.0,704564,2025-03-16 13:30:00,2025
Arsenal,10.0,3.0,0.0,2.0,5.0,2.0,40.9,12.0,4.0,0.3,0.0,0.0,294.0,348.0,0.8,5.0,15.0,0.3,33.0,16.0,0.5,2.0,6.0,12.0,0.5,4.0,21.0,21.0,Chelsea,13.0,3.0,0.0,1.0,4.0,4.0,59.1,8.0,2.0,0.3,0.0,0.0,446.0,515.0,0.9,4.0,13.0,0.3,49.0,20.0,0.4,3.0,8.0,13.0,0.6,5.0,24.0,24.0,704559,2025-03-16 13:30:00,2025
Leicester City,6.0,2.0,0.0,4.0,6.0,2.0,53.8,11.0,3.0,0.3,0.0,0.0,434.0,520.0,0.8,3.0,30.0,0.1,36.0,18.0,0.5,6.0,13.0,21.0,0.6,14.0,23.0,23.0,Manchester United,6.0,0.0,0.0,2.0,4.0,3.0,46.2,18.0,5.0,0.3,0.0,0.0,359.0,461.0,0.8,3.0,12.0,0.3,54.0,31.0,0.6,5.0,12.0,20.0,0.6,9.0,31.0,31.0,704562,2025-03-16 19:00:00,2025
Arsenal,2.0,1.0,0.0,5.0,5.0,2.0,50.9,17.0,4.0,0.2,0.0,0.0,431.0,479.0,0.9,8.0,25.0,0.3,31.0,14.0,0.5,7.0,7.0,15.0,0.5,3.0,14.0,14.0,Fulham,10.0,3.0,0.0,0.0,4.0,3.0,49.1,9.0,3.0,0.3,0.0,0.0,408.0,473.0,0.9,4.0,15.0,0.3,47.0,22.0,0.5,2.0,13.0,16.0,0.8,4.0,29.0,29.0,704572,2025-04-01 18:45:00,2025
Wolverhampton Wanderers,16.0,4.0,0.0,1.0,1.0,1.0,41.4,9.0,2.0,0.2,0.0,0.0,328.0,406.0,0.8,3.0,9.0,0.3,44.0,10.0,0.2,1.0,13.0,23.0,0.6,12.0,34.0,34.0,West Ham United,12.0,2.0,0.0,0.0,2.0,1.0,58.6,10.0,1.0,0.1,0.0,0.0,488.0,572.0,0.9,4.0,15.0,0.3,48.0,15.0,0.3,2.0,18.0,27.0,0.7,13.0,26.0,26.0,704573,2025-04-01 18:45:00,2025
Nottingham Forest,5.0,1.0,0.0,1.0,3.0,5.0,31.8,8.0,2.0,0.3,0.0,0.0,227.0,310.0,0.7,3.0,11.0,0.3,52.0,17.0,0.3,2.0,7.0,16.0,0.4,6.0,42.0,42.0,Manchester United,12.0,3.0,0.0,1.0,10.0,1.0,68.2,23.0,6.0,0.3,0.0,0.0,558.0,649.0,0.9,10.0,37.0,0.3,35.0,19.0,0.5,8.0,15.0,19.0,0.8,3.0,18.0,18.0,704569,2025-04-01 19:00:00,2025
Brighton & Hove Albion,16.0,2.0,0.0,1.0,4.0,2.0,55.7,11.0,4.0,0.4,0.0,0.0,397.0,464.0,0.9,6.0,24.0,0.3,31.0,11.0,0.4,2.0,11.0,16.0,0.7,7.0,13.0,13.0,Aston Villa,11.0,3.0,0.0,0.0,0.0,4.0,44.3,8.0,5.0,0.6,0.0,0.0,321.0,383.0,0.8,2.0,5.0,0.4,47.0,22.0,0.5,0.0,15.0,26.0,0.6,7.0,33.0,33.0,704571,2025-04-02 18:45:00,2025
Southampton,14.0,2.0,0.0,2.0,2.0,2.0,42.3,8.0,2.0,0.3,0.0,0.0,299.0,382.0,0.8,7.0,13.0,0.5,54.0,25.0,0.5,3.0,4.0,14.0,0.3,9.0,29.0,29.0,Crystal Palace,9.0,1.0,0.0,4.0,2.0,1.0,57.7,9.0,3.0,0.3,0.0,0.0,446.0,526.0,0.8,2.0,16.0,0.1,33.0,14.0,0.4,1.0,13.0,18.0,0.7,7.0,29.0,29.0,704577,2025-04-02 18:45:00,2025
AFC Bournemouth,14.0,1.0,0.0,0.0,8.0,0.0,64.1,24.0,7.0,0.3,0.0,0.0,426.0,522.0,0.8,8.0,37.0,0.2,66.0,29.0,0.4,7.0,12.0,16.0,0.8,9.0,18.0,18.0,Ipswich Town,15.0,2.0,0.0,0.0,3.0,5.0,35.9,10.0,2.0,0.2,0.0,0.0,206.0,298.0,0.7,2.0,13.0,0.2,60.0,21.0,0.4,2.0,10.0,14.0,0.7,6.0,58.0,58.0,704570,2025-04-02 18:45:00,2025
Manchester City,11.0,1.0,0.0,2.0,5.0,0.0,72.0,18.0,5.0,0.3,0.0,0.0,735.0,784.0,0.9,3.0,12.0,0.3,22.0,15.0,0.7,8.0,6.0,9.0,0.7,3.0,16.0,16.0,Leicester City,8.0,4.0,0.0,1.0,0.0,3.0,28.0,2.0,0.0,0.0,0.0,0.0,242.0,300.0,0.8,1.0,6.0,0.2,45.0,17.0,0.4,0.0,9.0,19.0,0.5,6.0,26.0,26.0,704574,2025-04-02 18:45:00,2025
Newcastle United,12.0,1.0,0.0,2.0,4.0,2.0,48.4,21.0,4.0,0.2,0.0,0.0,304.0,402.0,0.8,4.0,9.0,0.4,43.0,13.0,0.3,8.0,18.0,21.0,0.9,7.0,32.0,32.0,Brentford,12.0,1.0,0.0,0.0,5.0,2.0,51.6,12.0,3.0,0.3,1.0,1.0,329.0,427.0,0.8,4.0,16.0,0.3,76.0,36.0,0.5,6.0,6.0,11.0,0.5,7.0,20.0,20.0,704578,2025-04-02 18:45:00,2025
Liverpool,7.0,2.0,0.0,2.0,11.0,0.0,73.9,17.0,3.0,0.2,0.0,0.0,532.0,609.0,0.9,4.0,30.0,0.1,62.0,36.0,0.6,9.0,5.0,14.0,0.4,8.0,18.0,18.0,Everton,11.0,2.0,0.0,4.0,5.0,3.0,26.1,5.0,0.0,0.0,0.0,0.0,130.0,206.0,0.6,1.0,17.0,0.1,50.0,16.0,0.3,3.0,12.0,17.0,0.7,12.0,47.0,47.0,704575,2025-04-02 19:00:00,2025
Chelsea,7.0,5.0,0.0,5.0,4.0,2.0,50.0,11.0,5.0,0.5,0.0,0.0,374.0,437.0,0.9,5.0,22.0,0.2,60.0,30.0,0.5,2.0,15.0,16.0,0.9,2.0,25.0,25.0,Tottenham Hotspur,16.0,5.0,0.0,5.0,6.0,4.0,50.0,8.0,2.0,0.3,0.0,0.0,386.0,438.0,0.9,2.0,19.0,0.1,34.0,15.0,0.4,3.0,8.0,16.0,0.5,9.0,29.0,29.0,704576,2025-04-03 19:00:00,2025
Everton,17.0,3.0,0.0,0.0,3.0,3.0,29.7,5.0,2.0,0.4,1.0,1.0,130.0,189.0,0.7,2.0,14.0,0.1,41.0,15.0,0.4,1.0,11.0,17.0,0.6,5.0,31.0,31.0,Arsenal,13.0,1.0,0.0,1.0,8.0,1.0,70.3,14.0,5.0,0.4,0.0,0.0,398.0,459.0,0.9,4.0,18.0,0.2,33.0,14.0,0.4,6.0,9.0,22.0,0.4,3.0,29.0,29.0,704584,2025-04-05 11:30:00,2025
Crystal Palace,12.0,0.0,2.0,3.0,2.0,4.0,37.6,8.0,3.0,0.4,0.0,0.0,245.0,325.0,0.8,1.0,10.0,0.1,57.0,18.0,0.3,4.0,17.0,24.0,0.7,9.0,33.0,33.0,Brighton & Hove Albion,13.0,1.0,1.0,1.0,4.0,1.0,62.4,11.0,5.0,0.5,0.0,0.0,462.0,542.0,0.9,4.0,21.0,0.2,48.0,24.0,0.5,3.0,11.0,21.0,0.5,6.0,21.0,21.0,704583,2025-04-05 14:00:00,2025
West Ham United,13.0,2.0,0.0,4.0,4.0,4.0,55.9,9.0,3.0,0.3,0.0,0.0,372.0,470.0,0.8,5.0,17.0,0.3,56.0,22.0,0.4,1.0,10.0,11.0,0.9,7.0,30.0,30.0,AFC Bournemouth,13.0,2.0,0.0,1.0,7.0,2.0,44.1,11.0,4.0,0.4,0.0,0.0,266.0,361.0,0.7,7.0,24.0,0.3,51.0,19.0,0.4,3.0,10.0,22.0,0.5,7.0,28.0,28.0,704582,2025-04-05 14:00:00,2025
Ipswich Town,12.0,2.0,0.0,1.0,4.0,4.0,44.2,6.0,2.0,0.3,0.0,0.0,244.0,323.0,0.8,1.0,14.0,0.1,55.0,27.0,0.5,2.0,6.0,12.0,0.5,4.0,33.0,33.0,Wolverhampton Wanderers,16.0,2.0,0.0,1.0,8.0,1.0,55.8,22.0,7.0,0.3,0.0,0.0,333.0,407.0,0.8,10.0,22.0,0.5,45.0,20.0,0.4,6.0,7.0,13.0,0.5,5.0,30.0,30.0,704585,2025-04-05 14:00:00,2025
Aston Villa,7.0,2.0,0.0,0.0,4.0,2.0,52.1,17.0,8.0,0.5,0.0,0.0,363.0,429.0,0.8,3.0,13.0,0.2,58.0,27.0,0.5,3.0,7.0,14.0,0.5,5.0,12.0,12.0,Nottingham Forest,15.0,2.0,0.0,5.0,4.0,6.0,47.9,19.0,3.0,0.2,0.0,0.0,327.0,389.0,0.8,3.0,17.0,0.2,43.0,19.0,0.4,2.0,12.0,21.0,0.6,9.0,20.0,20.0,704580,2025-04-05 16:30:00,2025
Fulham,10.0,3.0,0.0,2.0,4.0,4.0,37.9,12.0,6.0,0.5,0.0,0.0,261.0,337.0,0.8,1.0,13.0,0.1,58.0,25.0,0.4,2.0,19.0,25.0,0.8,8.0,44.0,44.0,Liverpool,9.0,0.0,0.0,3.0,4.0,3.0,62.1,14.0,6.0,0.4,0.0,0.0,466.0,556.0,0.8,4.0,19.0,0.2,43.0,14.0,0.3,3.0,7.0,16.0,0.4,7.0,22.0,22.0,704586,2025-04-06 13:00:00,2025
Tottenham Hotspur,16.0,1.0,0.0,1.0,4.0,3.0,50.8,13.0,8.0,0.6,1.0,1.0,424.0,477.0,0.9,2.0,15.0,0.1,37.0,18.0,0.5,3.0,10.0,16.0,0.6,9.0,13.0,13.0,Southampton,20.0,1.0,0.0,1.0,1.0,5.0,49.2,12.0,4.0,0.3,0.0,0.0,416.0,470.0,0.9,2.0,15.0,0.1,36.0,17.0,0.5,6.0,19.0,30.0,0.6,7.0,16.0,16.0,704587,2025-04-06 13:00:00,2025
Brentford,12.0,1.0,0.0,3.0,3.0,6.0,40.9,9.0,2.0,0.2,0.0,0.0,251.0,330.0,0.8,4.0,20.0,0.2,61.0,27.0,0.4,2.0,11.0,23.0,0.5,9.0,20.0,20.0,Chelsea,12.0,3.0,0.0,1.0,6.0,2.0,59.1,21.0,5.0,0.2,0.0,0.0,409.0,488.0,0.8,5.0,18.0,0.3,59.0,27.0,0.5,7.0,8.0,11.0,0.7,11.0,25.0,25.0,704579,2025-04-06 13:00:00,2025
Manchester United,13.0,3.0,0.0,1.0,5.0,6.0,41.3,13.0,2.0,0.2,0.0,0.0,322.0,381.0,0.8,4.0,18.0,0.2,44.0,18.0,0.4,6.0,16.0,32.0,0.5,15.0,18.0,18.0,Manchester City,9.0,2.0,0.0,2.0,3.0,2.0,58.7,9.0,5.0,0.6,0.0,0.0,497.0,564.0,0.9,0.0,6.0,0.0,32.0,15.0,0.5,1.0,13.0,21.0,0.6,8.0,21.0,21.0,704581,2025-04-06 15:30:00,2025
Leicester City,8.0,2.0,0.0,3.0,12.0,2.0,57.6,7.0,2.0,0.3,0.0,0.0,458.0,547.0,0.8,7.0,31.0,0.2,59.0,26.0,0.4,1.0,10.0,16.0,0.6,15.0,11.0,11.0,Newcastle United,9.0,0.0,0.0,2.0,2.0,2.0,42.4,16.0,5.0,0.3,0.0,0.0,332.0,413.0,0.8,1.0,7.0,0.1,37.0,15.0,0.4,3.0,14.0,19.0,0.7,7.0,32.0,32.0,704588,2025-04-07 19:00:00,2025
Manchester City,10.0,2.0,0.0,1.0,1.0,1.0,68.0,21.0,9.0,0.4,0.0,0.0,673.0,741.0,0.9,2.0,12.0,0.2,27.0,13.0,0.5,5.0,7.0,10.0,0.7,7.0,11.0,11.0,Crystal Palace,16.0,3.0,0.0,3.0,4.0,3.0,32.0,8.0,3.0,0.4,0.0,0.0,278.0,341.0,0.8,4.0,13.0,0.3,43.0,24.0,0.6,0.0,5.0,12.0,0.4,13.0,23.0,23.0,704591,2025-04-12 11:30:00,2025
Brighton & Hove Albion,9.0,2.0,0.0,1.0,3.0,4.0,59.3,21.0,7.0,0.3,2.0,2.0,460.0,530.0,0.9,8.0,16.0,0.5,37.0,17.0,0.5,5.0,11.0,15.0,0.7,7.0,14.0,14.0,Leicester City,11.0,5.0,0.0,1.0,6.0,5.0,40.7,15.0,6.0,0.4,0.0,0.0,281.0,358.0,0.8,5.0,14.0,0.4,45.0,15.0,0.3,3.0,10.0,13.0,0.8,5.0,26.0,26.0,704597,2025-04-12 14:00:00,2025
Nottingham Forest,9.0,0.0,0.0,2.0,1.0,4.0,42.4,10.0,5.0,0.5,0.0,0.0,249.0,333.0,0.7,4.0,12.0,0.3,47.0,10.0,0.2,3.0,9.0,15.0,0.6,5.0,43.0,43.0,Everton,13.0,3.0,0.0,1.0,7.0,5.0,57.6,13.0,5.0,0.4,0.0,0.0,362.0,444.0,0.8,7.0,24.0,0.3,62.0,32.0,0.5,4.0,6.0,9.0,0.7,1.0,29.0,29.0,704589,2025-04-12 14:00:00,2025
Southampton,11.0,3.0,0.0,0.0,2.0,7.0,39.9,7.0,2.0,0.3,0.0,0.0,307.0,354.0,0.9,2.0,16.0,0.1,49.0,29.0,0.6,1.0,10.0,18.0,0.6,11.0,37.0,37.0,Aston Villa,4.0,1.0,0.0,0.0,14.0,2.0,60.1,25.0,10.0,0.4,0.0,2.0,497.0,537.0,0.9,3.0,30.0,0.1,20.0,14.0,0.7,6.0,11.0,25.0,0.4,10.0,19.0,19.0,704592,2025-04-12 14:00:00,2025
Arsenal,7.0,1.0,0.0,3.0,13.0,1.0,63.6,14.0,3.0,0.2,0.0,0.0,418.0,480.0,0.9,6.0,21.0,0.3,30.0,8.0,0.3,6.0,2.0,4.0,0.5,7.0,14.0,14.0,Brentford,9.0,3.0,0.0,1.0,5.0,2.0,36.4,3.0,2.0,0.7,0.0,0.0,219.0,280.0,0.8,2.0,10.0,0.2,47.0,22.0,0.5,0.0,10.0,17.0,0.6,8.0,35.0,35.0,704595,2025-04-12 16:30:00,2025
Liverpool,15.0,0.0,0.0,5.0,10.0,4.0,55.2,15.0,6.0,0.4,0.0,0.0,425.0,498.0,0.9,5.0,21.0,0.2,50.0,25.0,0.5,5.0,11.0,18.0,0.6,4.0,17.0,17.0,West Ham United,8.0,2.0,0.0,4.0,3.0,4.0,44.8,11.0,4.0,0.4,0.0,0.0,348.0,407.0,0.9,1.0,10.0,0.1,44.0,15.0,0.3,1.0,3.0,10.0,0.3,12.0,38.0,38.0,704594,2025-04-13 13:00:00,2025
Wolverhampton Wanderers,12.0,1.0,0.0,2.0,1.0,2.0,37.4,13.0,5.0,0.4,0.0,0.0,280.0,346.0,0.8,3.0,9.0,0.3,44.0,13.0,0.3,2.0,16.0,21.0,0.8,9.0,29.0,29.0,Tottenham Hotspur,15.0,2.0,0.0,3.0,4.0,2.0,62.6,11.0,4.0,0.4,0.0,0.0,502.0,566.0,0.9,6.0,23.0,0.3,27.0,16.0,0.6,2.0,10.0,14.0,0.7,8.0,12.0,12.0,704593,2025-04-13 13:00:00,2025
Chelsea,11.0,2.0,0.0,1.0,15.0,2.0,73.5,34.0,9.0,0.3,0.0,0.0,507.0,581.0,0.9,17.0,47.0,0.4,37.0,12.0,0.3,10.0,7.0,13.0,0.5,5.0,6.0,6.0,Ipswich Town,7.0,2.0,0.0,2.0,4.0,8.0,26.5,13.0,4.0,0.3,0.0,0.0,154.0,214.0,0.7,3.0,10.0,0.3,49.0,21.0,0.4,1.0,9.0,11.0,0.8,10.0,47.0,47.0,704598,2025-04-13 13:00:00,2025
Newcastle United,7.0,0.0,0.0,2.0,7.0,4.0,48.2,13.0,6.0,0.5,0.0,0.0,339.0,420.0,0.8,9.0,24.0,0.4,39.0,16.0,0.4,1.0,9.0,20.0,0.5,9.0,13.0,13.0,Manchester United,9.0,2.0,0.0,1.0,2.0,2.0,51.8,9.0,5.0,0.6,0.0,0.0,382.0,472.0,0.8,3.0,7.0,0.4,53.0,19.0,0.4,2.0,11.0,20.0,0.6,5.0,23.0,23.0,704590,2025-04-13 15:30:00,2025
AFC Bournemouth,11.0,3.0,0.0,2.0,6.0,7.0,40.8,12.0,3.0,0.3,0.0,0.0,240.0,329.0,0.7,5.0,16.0,0.3,55.0,16.0,0.3,4.0,6.0,15.0,0.4,4.0,46.0,46.0,Fulham,10.0,2.0,0.0,1.0,9.0,2.0,59.2,12.0,7.0,0.6,0.0,0.0,385.0,473.0,0.8,7.0,31.0,0.2,45.0,19.0,0.4,4.0,10.0,12.0,0.8,9.0,24.0,24.0,704596,2025-04-14 19:00:00,2025
Newcastle United,9.0,2.0,0.0,2.0,5.0,3.0,59.7,14.0,7.0,0.5,0.0,0.0,454.0,536.0,0.8,2.0,12.0,0.2,53.0,28.0,0.5,3.0,4.0,8.0,0.5,6.0,24.0,24.0,Crystal Palace,15.0,3.0,0.0,1.0,4.0,3.0,40.3,11.0,4.0,0.4,0.0,1.0,281.0,361.0,0.8,4.0,14.0,0.3,38.0,8.0,0.2,3.0,5.0,11.0,0.5,5.0,22.0,22.0,704560,2025-04-16 18:30:00,2025
Crystal Palace,13.0,3.0,1.0,1.0,5.0,4.0,27.1,5.0,0.0,0.0,0.0,0.0,128.0,210.0,0.6,2.0,12.0,0.2,61.0,21.0,0.3,3.0,4.0,10.0,0.4,7.0,32.0,32.0,AFC Bournemouth,10.0,4.0,0.0,1.0,4.0,0.0,72.9,15.0,4.0,0.3,0.0,0.0,499.0,570.0,0.9,7.0,28.0,0.3,36.0,19.0,0.5,5.0,10.0,12.0,0.8,6.0,34.0,34.0,704605,2025-04-19 14:00:00,2025
West Ham United,14.0,2.0,0.0,1.0,2.0,3.0,51.9,12.0,4.0,0.3,0.0,0.0,447.0,496.0,0.9,2.0,13.0,0.2,28.0,14.0,0.5,5.0,8.0,13.0,0.6,4.0,27.0,27.0,Southampton,13.0,1.0,0.0,1.0,5.0,3.0,48.1,15.0,4.0,0.3,0.0,0.0,396.0,455.0,0.9,3.0,18.0,0.2,50.0,27.0,0.5,6.0,9.0,15.0,0.6,6.0,14.0,14.0,704603,2025-04-19 14:00:00,2025
Brentford,7.0,3.0,0.0,1.0,4.0,1.0,46.4,16.0,8.0,0.5,0.0,0.0,339.0,421.0,0.8,8.0,17.0,0.5,68.0,31.0,0.5,3.0,13.0,20.0,0.7,9.0,23.0,23.0,Brighton & Hove Albion,11.0,3.0,1.0,0.0,8.0,4.0,53.6,12.0,3.0,0.3,0.0,0.0,405.0,479.0,0.8,7.0,26.0,0.3,39.0,16.0,0.4,3.0,13.0,18.0,0.7,9.0,27.0,27.0,704607,2025-04-19 14:00:00,2025
Everton,7.0,4.0,0.0,5.0,2.0,4.0,32.6,8.0,3.0,0.4,0.0,0.0,249.0,318.0,0.8,6.0,14.0,0.4,58.0,34.0,0.6,3.0,10.0,19.0,0.5,13.0,23.0,23.0,Manchester City,6.0,0.0,0.0,0.0,5.0,2.0,67.4,12.0,7.0,0.6,0.0,0.0,596.0,674.0,0.9,3.0,15.0,0.2,58.0,30.0,0.5,2.0,4.0,7.0,0.6,5.0,22.0,22.0,704604,2025-04-19 14:00:00,2025
Aston Villa,9.0,1.0,0.0,0.0,7.0,2.0,48.3,23.0,9.0,0.4,0.0,0.0,346.0,409.0,0.8,4.0,16.0,0.3,43.0,22.0,0.5,4.0,15.0,19.0,0.8,7.0,20.0,20.0,Newcastle United,12.0,3.0,0.0,1.0,7.0,6.0,51.7,10.0,3.0,0.3,0.0,0.0,367.0,430.0,0.9,6.0,22.0,0.3,31.0,15.0,0.5,3.0,5.0,12.0,0.4,3.0,22.0,22.0,704606,2025-04-19 16:30:00,2025
Ipswich Town,10.0,0.0,1.0,1.0,0.0,3.0,25.0,4.0,0.0,0.0,0.0,0.0,199.0,250.0,0.8,2.0,4.0,0.5,36.0,14.0,0.4,2.0,7.0,15.0,0.5,12.0,39.0,39.0,Arsenal,7.0,0.0,0.0,1.0,12.0,0.0,75.0,24.0,7.0,0.3,0.0,0.0,685.0,752.0,0.9,3.0,16.0,0.2,31.0,22.0,0.7,9.0,12.0,16.0,0.8,2.0,7.0,7.0,704602,2025-04-20 13:00:00,2025
Fulham,13.0,1.0,0.0,1.0,6.0,5.0,40.7,6.0,1.0,0.2,0.0,0.0,280.0,345.0,0.8,5.0,25.0,0.2,48.0,21.0,0.4,3.0,12.0,14.0,0.9,5.0,33.0,33.0,Chelsea,9.0,3.0,0.0,0.0,4.0,0.0,59.3,13.0,8.0,0.6,0.0,0.0,465.0,528.0,0.9,6.0,26.0,0.2,42.0,20.0,0.5,2.0,5.0,9.0,0.6,6.0,22.0,22.0,704608,2025-04-20 13:00:00,2025
Manchester United,11.0,2.0,0.0,2.0,9.0,1.0,59.6,12.0,2.0,0.2,0.0,0.0,494.0,557.0,0.9,2.0,28.0,0.1,42.0,27.0,0.6,4.0,19.0,30.0,0.6,7.0,14.0,14.0,Wolverhampton Wanderers,18.0,3.0,0.0,1.0,2.0,2.0,40.4,4.0,2.0,0.5,0.0,0.0,316.0,387.0,0.8,2.0,11.0,0.2,48.0,21.0,0.4,1.0,10.0,21.0,0.5,7.0,27.0,27.0,704600,2025-04-20 13:00:00,2025
Leicester City,11.0,1.0,0.0,2.0,1.0,7.0,41.7,5.0,0.0,0.0,0.0,0.0,283.0,367.0,0.8,2.0,10.0,0.2,59.0,15.0,0.3,1.0,14.0,17.0,0.8,7.0,43.0,43.0,Liverpool,7.0,2.0,0.0,2.0,13.0,0.0,58.3,28.0,10.0,0.4,0.0,0.0,435.0,503.0,0.9,11.0,33.0,0.3,44.0,20.0,0.5,6.0,12.0,16.0,0.8,10.0,22.0,22.0,704601,2025-04-20 15:30:00,2025
Tottenham Hotspur,11.0,1.0,0.0,0.0,7.0,1.0,70.0,22.0,6.0,0.3,0.0,0.0,465.0,526.0,0.9,17.0,52.0,0.3,33.0,19.0,0.6,4.0,10.0,14.0,0.7,7.0,17.0,17.0,Nottingham Forest,12.0,4.0,0.0,3.0,1.0,4.0,30.0,4.0,3.0,0.8,0.0,0.0,165.0,243.0,0.7,1.0,5.0,0.2,66.0,24.0,0.4,0.0,17.0,30.0,0.6,9.0,54.0,54.0,704599,2025-04-21 19:00:00,2025
Manchester City,9.0,3.0,0.0,2.0,10.0,2.0,61.6,14.0,6.0,0.4,0.0,0.0,438.0,488.0,0.9,9.0,24.0,0.4,37.0,16.0,0.4,2.0,7.0,12.0,0.6,4.0,13.0,13.0,Aston Villa,10.0,3.0,0.0,2.0,2.0,4.0,38.4,7.0,3.0,0.4,1.0,1.0,254.0,307.0,0.8,2.0,10.0,0.2,48.0,23.0,0.5,1.0,11.0,15.0,0.7,4.0,23.0,23.0,704615,2025-04-22 19:00:00,2025
Arsenal,4.0,1.0,0.0,1.0,3.0,2.0,67.7,12.0,6.0,0.5,0.0,0.0,656.0,711.0,0.9,4.0,14.0,0.3,18.0,7.0,0.4,2.0,5.0,7.0,0.7,8.0,20.0,20.0,Crystal Palace,6.0,1.0,0.0,1.0,6.0,2.0,32.3,15.0,4.0,0.3,0.0,0.0,271.0,328.0,0.8,8.0,20.0,0.4,47.0,24.0,0.5,5.0,10.0,16.0,0.6,9.0,26.0,26.0,704618,2025-04-23 19:00:00,2025
Chelsea,11.0,0.0,0.0,1.0,10.0,3.0,54.7,10.0,7.0,0.7,0.0,0.0,433.0,506.0,0.9,4.0,20.0,0.2,56.0,24.0,0.4,1.0,14.0,23.0,0.6,7.0,20.0,20.0,Everton,11.0,0.0,0.0,3.0,2.0,6.0,45.3,6.0,3.0,0.5,0.0,0.0,348.0,412.0,0.8,6.0,18.0,0.3,51.0,24.0,0.5,2.0,13.0,17.0,0.8,7.0,21.0,21.0,704611,2025-04-26 11:30:00,2025
Newcastle United,9.0,1.0,0.0,4.0,11.0,0.0,77.8,25.0,5.0,0.2,1.0,1.0,568.0,618.0,0.9,12.0,47.0,0.3,33.0,20.0,0.6,9.0,3.0,12.0,0.3,2.0,18.0,18.0,Ipswich Town,9.0,2.0,1.0,0.0,2.0,2.0,22.2,4.0,0.0,0.0,0.0,0.0,124.0,185.0,0.7,1.0,6.0,0.2,54.0,20.0,0.4,3.0,8.0,16.0,0.5,1.0,45.0,45.0,704614,2025-04-26 14:00:00,2025
Brighton & Hove Albion,7.0,2.0,0.0,4.0,8.0,2.0,52.9,16.0,9.0,0.6,0.0,0.0,447.0,514.0,0.9,6.0,32.0,0.2,35.0,19.0,0.5,5.0,18.0,24.0,0.8,4.0,20.0,20.0,West Ham United,9.0,1.0,0.0,3.0,1.0,6.0,47.1,12.0,4.0,0.3,0.0,0.0,414.0,469.0,0.9,2.0,14.0,0.1,51.0,29.0,0.6,4.0,1.0,9.0,0.1,8.0,41.0,41.0,704610,2025-04-26 14:00:00,2025
Wolverhampton Wanderers,7.0,1.0,0.0,0.0,4.0,2.0,56.1,20.0,6.0,0.3,0.0,0.0,535.0,607.0,0.9,6.0,16.0,0.4,51.0,29.0,0.6,6.0,14.0,22.0,0.6,3.0,10.0,10.0,Leicester City,17.0,4.0,0.0,3.0,2.0,2.0,43.9,8.0,2.0,0.3,0.0,1.0,399.0,471.0,0.8,6.0,13.0,0.5,38.0,19.0,0.5,3.0,15.0,22.0,0.7,7.0,20.0,20.0,704613,2025-04-26 14:00:00,2025
Southampton,10.0,1.0,0.0,1.0,0.0,3.0,35.4,7.0,3.0,0.4,0.0,0.0,246.0,319.0,0.8,1.0,8.0,0.1,51.0,15.0,0.3,4.0,4.0,9.0,0.4,6.0,42.0,42.0,Fulham,12.0,1.0,0.0,2.0,13.0,2.0,64.6,26.0,5.0,0.2,0.0,0.0,480.0,544.0,0.9,16.0,53.0,0.3,24.0,10.0,0.4,5.0,11.0,18.0,0.6,1.0,30.0,30.0,704612,2025-04-26 14:00:00,2025
AFC Bournemouth,11.0,4.0,1.0,2.0,5.0,5.0,38.2,8.0,1.0,0.1,0.0,0.0,207.0,285.0,0.7,4.0,17.0,0.2,45.0,15.0,0.3,1.0,4.0,9.0,0.4,11.0,34.0,34.0,Manchester United,12.0,2.0,0.0,2.0,10.0,0.0,61.8,25.0,6.0,0.2,0.0,0.0,390.0,470.0,0.8,2.0,25.0,0.1,47.0,22.0,0.5,13.0,10.0,15.0,0.7,9.0,18.0,18.0,704609,2025-04-27 13:00:00,2025
Liverpool,16.0,2.0,0.0,1.0,8.0,2.0,61.5,25.0,8.0,0.3,0.0,0.0,443.0,515.0,0.9,2.0,17.0,0.1,40.0,18.0,0.5,9.0,13.0,19.0,0.7,6.0,19.0,19.0,Tottenham Hotspur,9.0,1.0,0.0,3.0,2.0,2.0,38.5,8.0,3.0,0.4,0.0,0.0,236.0,320.0,0.7,2.0,12.0,0.2,53.0,17.0,0.3,2.0,6.0,12.0,0.5,9.0,21.0,21.0,704617,2025-04-27 15:30:00,2025
Nottingham Forest,10.0,3.0,0.0,4.0,4.0,1.0,54.6,14.0,5.0,0.4,0.0,0.0,306.0,381.0,0.8,5.0,28.0,0.2,50.0,26.0,0.5,5.0,4.0,8.0,0.5,8.0,32.0,32.0,Brentford,12.0,5.0,0.0,0.0,5.0,5.0,45.4,11.0,3.0,0.3,0.0,0.0,245.0,323.0,0.8,6.0,14.0,0.4,52.0,24.0,0.5,3.0,14.0,16.0,0.9,5.0,33.0,33.0,704616,2025-05-01 18:30:00,2025
Manchester City,7.0,0.0,0.0,0.0,4.0,0.0,63.9,9.0,2.0,0.2,0.0,0.0,622.0,684.0,0.9,3.0,16.0,0.2,47.0,35.0,0.7,2.0,10.0,19.0,0.5,6.0,15.0,15.0,Wolverhampton Wanderers,11.0,0.0,0.0,1.0,5.0,1.0,36.1,6.0,1.0,0.2,0.0,0.0,317.0,380.0,0.8,2.0,13.0,0.2,40.0,18.0,0.5,1.0,18.0,28.0,0.6,6.0,19.0,19.0,704627,2025-05-02 19:00:00,2025
Aston Villa,6.0,0.0,0.0,1.0,5.0,3.0,52.0,10.0,3.0,0.3,0.0,0.0,389.0,445.0,0.9,3.0,13.0,0.2,46.0,25.0,0.5,2.0,6.0,12.0,0.5,3.0,27.0,27.0,Fulham,17.0,5.0,0.0,2.0,3.0,2.0,48.0,11.0,3.0,0.3,0.0,0.0,349.0,396.0,0.9,9.0,24.0,0.4,46.0,29.0,0.6,3.0,13.0,24.0,0.5,7.0,19.0,19.0,704620,2025-05-03 11:30:00,2025
Everton,12.0,4.0,0.0,0.0,3.0,3.0,57.5,8.0,3.0,0.4,0.0,0.0,423.0,481.0,0.9,6.0,31.0,0.2,51.0,26.0,0.5,1.0,10.0,18.0,0.6,7.0,14.0,14.0,Ipswich Town,15.0,4.0,0.0,0.0,3.0,1.0,42.5,12.0,5.0,0.4,0.0,0.0,308.0,362.0,0.9,2.0,12.0,0.2,47.0,18.0,0.4,3.0,13.0,15.0,0.9,4.0,34.0,34.0,704625,2025-05-03 14:00:00,2025
Leicester City,12.0,1.0,0.0,1.0,7.0,2.0,49.6,14.0,4.0,0.3,0.0,0.0,399.0,446.0,0.9,5.0,17.0,0.3,33.0,13.0,0.4,6.0,7.0,13.0,0.5,12.0,20.0,20.0,Southampton,13.0,3.0,0.0,1.0,7.0,2.0,50.4,8.0,2.0,0.3,0.0,0.0,396.0,455.0,0.9,6.0,15.0,0.4,36.0,18.0,0.5,5.0,10.0,13.0,0.8,5.0,16.0,16.0,704626,2025-05-03 14:00:00,2025
Arsenal,7.0,0.0,0.0,3.0,2.0,0.0,50.3,13.0,4.0,0.3,0.0,0.0,363.0,427.0,0.9,1.0,8.0,0.1,36.0,12.0,0.3,4.0,9.0,12.0,0.8,8.0,15.0,15.0,AFC Bournemouth,16.0,2.0,0.0,0.0,3.0,3.0,49.7,9.0,2.0,0.2,0.0,0.0,345.0,417.0,0.8,6.0,15.0,0.4,51.0,18.0,0.4,2.0,6.0,12.0,0.5,9.0,17.0,17.0,704619,2025-05-03 16:30:00,2025
Brighton & Hove Albion,15.0,2.0,0.0,1.0,1.0,4.0,45.8,5.0,2.0,0.4,0.0,0.0,295.0,379.0,0.8,2.0,10.0,0.2,63.0,19.0,0.3,1.0,10.0,15.0,0.7,10.0,26.0,26.0,Newcastle United,10.0,1.0,0.0,1.0,4.0,1.0,54.2,13.0,5.0,0.4,1.0,1.0,369.0,442.0,0.8,3.0,18.0,0.2,41.0,23.0,0.6,4.0,9.0,14.0,0.6,6.0,28.0,28.0,704622,2025-05-04 13:00:00,2025
Brentford,8.0,0.0,0.0,0.0,7.0,2.0,46.8,12.0,6.0,0.5,0.0,0.0,327.0,410.0,0.8,3.0,20.0,0.2,44.0,19.0,0.4,2.0,8.0,20.0,0.4,6.0,16.0,16.0,Manchester United,10.0,2.0,0.0,0.0,4.0,3.0,53.2,14.0,5.0,0.4,0.0,0.0,391.0,477.0,0.8,3.0,10.0,0.3,51.0,13.0,0.3,7.0,12.0,17.0,0.7,4.0,34.0,34.0,704621,2025-05-04 13:00:00,2025
West Ham United,18.0,2.0,0.0,3.0,1.0,1.0,55.5,11.0,2.0,0.2,0.0,0.0,328.0,445.0,0.7,5.0,19.0,0.3,65.0,23.0,0.4,5.0,18.0,27.0,0.7,6.0,14.0,14.0,Tottenham Hotspur,15.0,2.0,0.0,4.0,3.0,1.0,44.5,7.0,2.0,0.3,0.0,0.0,261.0,360.0,0.7,1.0,11.0,0.1,55.0,14.0,0.3,0.0,8.0,14.0,0.6,8.0,27.0,27.0,704628,2025-05-04 13:00:00,2025
Chelsea,10.0,2.0,0.0,6.0,3.0,1.0,35.2,17.0,7.0,0.4,1.0,1.0,300.0,356.0,0.8,1.0,6.0,0.2,48.0,16.0,0.3,4.0,13.0,19.0,0.7,14.0,32.0,32.0,Liverpool,11.0,2.0,0.0,0.0,6.0,5.0,64.8,11.0,2.0,0.2,0.0,0.0,573.0,645.0,0.9,7.0,22.0,0.3,39.0,17.0,0.4,4.0,7.0,9.0,0.8,4.0,11.0,11.0,704623,2025-05-04 15:30:00,2025
Crystal Palace,9.0,3.0,0.0,1.0,7.0,4.0,49.3,20.0,3.0,0.2,1.0,1.0,282.0,383.0,0.7,7.0,31.0,0.2,53.0,17.0,0.3,6.0,10.0,11.0,0.9,12.0,31.0,31.0,Nottingham Forest,15.0,8.0,0.0,1.0,4.0,2.0,50.7,12.0,4.0,0.3,0.0,0.0,337.0,410.0,0.8,4.0,16.0,0.3,49.0,24.0,0.5,6.0,6.0,13.0,0.5,10.0,54.0,54.0,704624,2025-05-05 19:00:00,2025
Wolverhampton Wanderers,8.0,1.0,0.0,0.0,7.0,0.0,55.9,10.0,3.0,0.3,0.0,0.0,458.0,528.0,0.9,4.0,25.0,0.2,45.0,20.0,0.4,2.0,11.0,17.0,0.6,9.0,26.0,26.0,Brighton & Hove Albion,12.0,1.0,0.0,1.0,4.0,4.0,44.1,7.0,2.0,0.3,1.0,1.0,352.0,420.0,0.8,4.0,15.0,0.3,45.0,19.0,0.4,1.0,15.0,25.0,0.6,11.0,30.0,30.0,704638,2025-05-10 14:00:00,2025
Fulham,15.0,1.0,0.0,0.0,5.0,4.0,64.0,18.0,6.0,0.3,0.0,0.0,476.0,552.0,0.9,7.0,28.0,0.3,48.0,23.0,0.5,4.0,8.0,15.0,0.5,3.0,29.0,29.0,Everton,9.0,0.0,0.0,0.0,5.0,5.0,36.0,11.0,7.0,0.6,0.0,0.0,247.0,314.0,0.8,6.0,17.0,0.4,55.0,25.0,0.5,3.0,6.0,10.0,0.6,14.0,31.0,31.0,704630,2025-05-10 14:00:00,2025
Southampton,9.0,2.0,0.0,2.0,1.0,4.0,28.2,2.0,0.0,0.0,0.0,0.0,196.0,258.0,0.8,1.0,5.0,0.2,57.0,21.0,0.4,2.0,8.0,13.0,0.6,11.0,52.0,52.0,Manchester City,8.0,0.0,0.0,1.0,15.0,0.0,71.8,26.0,5.0,0.2,0.0,0.0,573.0,641.0,0.9,10.0,44.0,0.2,26.0,15.0,0.6,13.0,6.0,12.0,0.5,3.0,8.0,8.0,704636,2025-05-10 14:00:00,2025
Ipswich Town,6.0,2.0,0.0,0.0,5.0,4.0,49.5,11.0,4.0,0.4,0.0,0.0,299.0,367.0,0.8,3.0,15.0,0.2,41.0,13.0,0.3,2.0,8.0,12.0,0.7,3.0,30.0,30.0,Brentford,12.0,4.0,0.0,0.0,6.0,4.0,50.5,15.0,5.0,0.3,0.0,0.0,319.0,376.0,0.8,4.0,22.0,0.2,57.0,25.0,0.4,6.0,6.0,13.0,0.5,5.0,17.0,17.0,704631,2025-05-10 14:00:00,2025
AFC Bournemouth,19.0,4.0,0.0,2.0,10.0,2.0,66.2,10.0,4.0,0.4,0.0,0.0,425.0,489.0,0.9,5.0,31.0,0.2,42.0,23.0,0.5,3.0,8.0,16.0,0.5,4.0,33.0,33.0,Aston Villa,12.0,3.0,1.0,0.0,0.0,4.0,33.8,6.0,3.0,0.5,0.0,0.0,175.0,254.0,0.7,2.0,8.0,0.3,51.0,16.0,0.3,0.0,8.0,13.0,0.6,5.0,23.0,23.0,704629,2025-05-10 16:30:00,2025
Newcastle United,9.0,4.0,0.0,0.0,2.0,3.0,44.7,15.0,6.0,0.4,0.0,0.0,345.0,410.0,0.8,5.0,10.0,0.5,41.0,20.0,0.5,3.0,7.0,10.0,0.7,4.0,27.0,27.0,Chelsea,13.0,2.0,1.0,0.0,8.0,4.0,55.3,10.0,3.0,0.3,0.0,0.0,436.0,501.0,0.9,3.0,23.0,0.1,66.0,28.0,0.4,4.0,7.0,15.0,0.5,5.0,16.0,16.0,704634,2025-05-11 11:00:00,2025
Manchester United,3.0,0.0,0.0,0.0,8.0,2.0,52.2,20.0,5.0,0.3,0.0,0.0,455.0,504.0,0.9,10.0,31.0,0.3,42.0,30.0,0.7,4.0,11.0,21.0,0.5,3.0,13.0,13.0,West Ham United,13.0,1.0,0.0,2.0,5.0,5.0,47.8,9.0,4.0,0.4,0.0,0.0,406.0,473.0,0.9,3.0,15.0,0.2,41.0,14.0,0.3,2.0,13.0,20.0,0.7,8.0,20.0,20.0,704633,2025-05-11 13:15:00,2025
Tottenham Hotspur,0.0,0.0,0.0,0.0,0.0,0.0,0.0,0.0,0.0,0.0,0.0,0.0,0.0,0.0,0.0,0.0,0.0,0.0,0.0,0.0,0.0,0.0,0.0,0.0,0.0,0.0,0.0,0.0,Crystal Palace,0.0,0.0,0.0,0.0,0.0,0.0,0.0,0.0,0.0,0.0,0.0,0.0,0.0,0.0,0.0,0.0,0.0,0.0,0.0,0.0,0.0,0.0,0.0,0.0,0.0,0.0,0.0,0.0,704637,2025-05-11 13:15:00,2025
Nottingham Forest,11.0,3.0,0.0,1.0,4.0,4.0,55.7,15.0,4.0,0.3,0.0,0.0,368.0,433.0,0.9,8.0,27.0,0.3,32.0,16.0,0.5,5.0,8.0,17.0,0.5,4.0,25.0,25.0,Leicester City,11.0,3.0,0.0,2.0,4.0,2.0,44.3,10.0,6.0,0.6,0.0,0.0,276.0,347.0,0.8,5.0,15.0,0.3,47.0,13.0,0.3,0.0,7.0,11.0,0.6,6.0,33.0,33.0,704635,2025-05-11 13:15:00,2025
Liverpool,13.0,1.0,0.0,3.0,3.0,4.0,44.4,14.0,5.0,0.4,0.0,0.0,292.0,355.0,0.8,2.0,11.0,0.2,45.0,17.0,0.4,1.0,10.0,16.0,0.6,4.0,16.0,16.0,Arsenal,10.0,1.0,1.0,1.0,1.0,3.0,55.6,15.0,7.0,0.5,0.0,0.0,384.0,447.0,0.9,5.0,14.0,0.4,39.0,14.0,0.4,4.0,12.0,20.0,0.6,5.0,17.0,17.0,704632,2025-05-11 15:30:00,2025
Aston Villa,5.0,1.0,0.0,1.0,9.0,1.0,67.8,18.0,7.0,0.4,0.0,0.0,522.0,581.0,0.9,4.0,28.0,0.1,26.0,14.0,0.5,4.0,14.0,16.0,0.9,3.0,9.0,9.0,Tottenham Hotspur,12.0,2.0,0.0,0.0,1.0,5.0,32.2,3.0,1.0,0.3,0.0,0.0,217.0,271.0,0.8,1.0,9.0,0.1,40.0,10.0,0.3,1.0,4.0,9.0,0.4,13.0,35.0,35.0,704640,2025-05-16 18:30:00,2025
Chelsea,10.0,1.0,0.0,3.0,7.0,1.0,46.6,11.0,3.0,0.3,0.0,0.0,325.0,403.0,0.8,1.0,13.0,0.1,53.0,17.0,0.3,4.0,15.0,18.0,0.8,5.0,15.0,15.0,Manchester United,14.0,6.0,0.0,2.0,2.0,2.0,53.4,4.0,1.0,0.3,0.0,0.0,381.0,471.0,0.8,1.0,9.0,0.1,76.0,38.0,0.5,0.0,13.0,23.0,0.6,4.0,13.0,13.0,704643,2025-05-16 19:15:00,2025
Everton,6.0,1.0,0.0,2.0,4.0,2.0,50.0,13.0,5.0,0.4,0.0,0.0,439.0,505.0,0.9,6.0,20.0,0.3,56.0,31.0,0.6,3.0,17.0,25.0,0.7,11.0,19.0,19.0,Southampton,10.0,1.0,0.0,1.0,5.0,2.0,50.0,6.0,2.0,0.3,0.0,0.0,441.0,509.0,0.9,2.0,11.0,0.2,34.0,12.0,0.4,1.0,11.0,18.0,0.6,8.0,30.0,30.0,704645,2025-05-18 11:00:00,2025
West Ham United,14.0,6.0,0.0,0.0,8.0,3.0,60.7,16.0,5.0,0.3,0.0,0.0,434.0,499.0,0.9,7.0,28.0,0.3,42.0,26.0,0.6,6.0,14.0,19.0,0.7,7.0,29.0,29.0,Nottingham Forest,7.0,3.0,0.0,2.0,7.0,4.0,39.3,10.0,5.0,0.5,0.0,0.0,256.0,326.0,0.8,6.0,21.0,0.3,47.0,19.0,0.4,3.0,19.0,33.0,0.6,17.0,43.0,43.0,704648,2025-05-18 13:15:00,2025
Leicester City,15.0,1.0,0.0,0.0,2.0,2.0,51.1,9.0,3.0,0.3,0.0,0.0,387.0,459.0,0.8,0.0,8.0,0.0,55.0,19.0,0.3,2.0,18.0,25.0,0.7,9.0,16.0,16.0,Ipswich Town,12.0,0.0,0.0,4.0,2.0,1.0,48.9,20.0,2.0,0.1,0.0,0.0,368.0,429.0,0.9,7.0,14.0,0.5,27.0,12.0,0.4,9.0,10.0,13.0,0.8,3.0,13.0,13.0,704646,2025-05-18 14:00:00,2025
Brentford,12.0,4.0,0.0,0.0,5.0,4.0,50.5,11.0,6.0,0.5,0.0,1.0,292.0,374.0,0.8,4.0,19.0,0.2,51.0,24.0,0.5,2.0,7.0,11.0,0.6,5.0,15.0,15.0,Fulham,8.0,4.0,0.0,0.0,3.0,3.0,49.5,16.0,7.0,0.4,0.0,0.0,314.0,371.0,0.8,5.0,18.0,0.3,46.0,22.0,0.5,9.0,13.0,19.0,0.7,6.0,36.0,36.0,704641,2025-05-18 14:00:00,2025
Arsenal,9.0,3.0,0.0,0.0,10.0,5.0,51.4,12.0,4.0,0.3,0.0,0.0,337.0,408.0,0.8,5.0,15.0,0.3,47.0,18.0,0.4,5.0,9.0,17.0,0.5,6.0,30.0,30.0,Newcastle United,9.0,3.0,0.0,0.0,7.0,3.0,48.6,14.0,5.0,0.4,0.0,0.0,307.0,371.0,0.8,4.0,27.0,0.1,47.0,19.0,0.4,6.0,12.0,20.0,0.6,6.0,26.0,26.0,704639,2025-05-18 15:30:00,2025
Brighton & Hove Albion,9.0,1.0,0.0,2.0,3.0,3.0,49.2,25.0,12.0,0.5,0.0,0.0,388.0,445.0,0.9,5.0,23.0,0.2,37.0,24.0,0.6,4.0,13.0,27.0,0.5,7.0,14.0,14.0,Liverpool,8.0,0.0,0.0,1.0,3.0,9.0,50.8,18.0,5.0,0.3,0.0,0.0,411.0,472.0,0.9,1.0,7.0,0.1,48.0,22.0,0.5,7.0,2.0,9.0,0.2,8.0,24.0,24.0,704642,2025-05-19 19:00:00,2025
Crystal Palace,14.0,1.0,0.0,2.0,0.0,1.0,30.9,14.0,10.0,0.7,0.0,0.0,208.0,282.0,0.7,2.0,4.0,0.5,44.0,15.0,0.3,0.0,13.0,22.0,0.6,6.0,30.0,30.0,Wolverhampton Wanderers,8.0,2.0,0.0,0.0,9.0,6.0,69.1,12.0,3.0,0.3,0.0,0.0,538.0,617.0,0.9,5.0,18.0,0.3,39.0,17.0,0.4,6.0,9.0,18.0,0.5,2.0,16.0,16.0,704644,2025-05-20 19:00:00,2025
Manchester City,7.0,1.0,1.0,2.0,3.0,1.0,57.3,12.0,5.0,0.4,0.0,0.0,550.0,609.0,0.9,2.0,7.0,0.3,43.0,23.0,0.5,2.0,3.0,8.0,0.4,7.0,19.0,19.0,AFC Bournemouth,13.0,3.0,1.0,3.0,1.0,2.0,42.7,8.0,2.0,0.3,0.0,0.0,378.0,441.0,0.9,6.0,18.0,0.3,46.0,24.0,0.5,2.0,5.0,10.0,0.5,5.0,25.0,25.0,704647,2025-05-20 19:00:00,2025
Manchester United,10.0,2.0,0.0,5.0,4.0,1.0,66.8,26.0,10.0,0.4,1.0,1.0,535.0,606.0,0.9,6.0,19.0,0.3,47.0,31.0,0.7,2.0,15.0,20.0,0.8,7.0,19.0,19.0,Aston Villa,10.0,2.0,1.0,3.0,3.0,8.0,33.2,6.0,1.0,0.2,0.0,0.0,217.0,300.0,0.7,0.0,9.0,0.0,60.0,20.0,0.3,3.0,5.0,9.0,0.6,6.0,20.0,20.0,704658,2025-05-25 15:00:00,2025
Wolverhampton Wanderers,7.0,2.0,0.0,3.0,8.0,6.0,48.6,18.0,6.0,0.3,0.0,0.0,339.0,414.0,0.8,4.0,20.0,0.2,48.0,20.0,0.4,4.0,16.0,25.0,0.6,5.0,23.0,23.0,Brentford,9.0,1.0,0.0,1.0,3.0,5.0,51.4,13.0,7.0,0.5,0.0,0.0,383.0,454.0,0.8,4.0,13.0,0.3,54.0,28.0,0.5,1.0,13.0,23.0,0.6,6.0,21.0,21.0,704654,2025-05-25 15:00:00,2025
Newcastle United,12.0,1.0,0.0,0.0,12.0,5.0,65.3,17.0,6.0,0.4,0.0,0.0,461.0,525.0,0.9,10.0,34.0,0.3,38.0,18.0,0.5,4.0,8.0,11.0,0.7,5.0,21.0,21.0,Everton,9.0,4.0,0.0,0.0,3.0,6.0,34.7,14.0,6.0,0.4,0.0,0.0,224.0,288.0,0.8,3.0,11.0,0.3,61.0,26.0,0.4,2.0,8.0,13.0,0.6,14.0,25.0,25.0,704653,2025-05-25 15:00:00,2025
Liverpool,7.0,2.0,1.0,1.0,11.0,4.0,68.8,14.0,3.0,0.2,0.0,0.0,549.0,633.0,0.9,5.0,35.0,0.1,49.0,25.0,0.5,4.0,9.0,19.0,0.5,12.0,15.0,15.0,Crystal Palace,10.0,0.0,0.0,2.0,0.0,2.0,31.2,8.0,5.0,0.6,0.0,0.0,210.0,297.0,0.7,2.0,6.0,0.3,62.0,20.0,0.3,1.0,10.0,18.0,0.6,15.0,52.0,52.0,704652,2025-05-25 15:00:00,2025
Tottenham Hotspur,13.0,3.0,0.0,1.0,2.0,4.0,32.5,4.0,2.0,0.5,1.0,1.0,207.0,271.0,0.8,0.0,5.0,0.0,39.0,15.0,0.4,1.0,7.0,13.0,0.5,11.0,39.0,39.0,Brighton & Hove Albion,8.0,1.0,0.0,2.0,11.0,1.0,67.5,23.0,8.0,0.3,1.0,1.0,485.0,545.0,0.9,12.0,33.0,0.4,24.0,13.0,0.5,8.0,16.0,18.0,0.9,7.0,7.0,7.0,704657,2025-05-25 15:00:00,2025
AFC Bournemouth,19.0,0.0,0.0,2.0,6.0,0.0,62.7,20.0,7.0,0.4,0.0,0.0,409.0,497.0,0.8,7.0,22.0,0.3,48.0,16.0,0.3,6.0,9.0,15.0,0.6,7.0,11.0,11.0,Leicester City,16.0,2.0,0.0,2.0,1.0,5.0,37.3,3.0,0.0,0.0,0.0,0.0,224.0,301.0,0.7,2.0,8.0,0.3,51.0,15.0,0.3,0.0,12.0,18.0,0.7,6.0,30.0,30.0,704649,2025-05-25 15:00:00,2025
Fulham,0.0,0.0,0.0,0.0,0.0,0.0,0.0,0.0,0.0,0.0,0.0,0.0,0.0,0.0,0.0,0.0,0.0,0.0,0.0,0.0,0.0,0.0,0.0,0.0,0.0,0.0,0.0,0.0,Manchester City,0.0,0.0,0.0,0.0,0.0,0.0,0.0,0.0,0.0,0.0,0.0,0.0,0.0,0.0,0.0,0.0,0.0,0.0,0.0,0.0,0.0,0.0,0.0,0.0,0.0,0.0,0.0,0.0,704650,2025-05-25 15:00:00,2025
Southampton,7.0,0.0,0.0,1.0,5.0,6.0,38.2,7.0,2.0,0.3,0.0,0.0,278.0,339.0,0.8,3.0,11.0,0.3,47.0,17.0,0.4,3.0,9.0,18.0,0.5,6.0,34.0,34.0,Arsenal,8.0,0.0,0.0,1.0,8.0,1.0,61.8,23.0,8.0,0.3,0.0,0.0,486.0,533.0,0.9,6.0,29.0,0.2,22.0,14.0,0.6,10.0,4.0,18.0,0.2,2.0,23.0,23.0,704656,2025-05-25 15:00:00,2025
Ipswich Town,10.0,1.0,0.0,2.0,4.0,3.0,41.2,14.0,4.0,0.3,0.0,0.0,347.0,415.0,0.8,4.0,22.0,0.2,34.0,18.0,0.5,5.0,7.0,11.0,0.6,7.0,25.0,25.0,West Ham United,9.0,1.0,0.0,1.0,0.0,3.0,58.8,10.0,6.0,0.6,0.0,0.0,543.0,623.0,0.9,2.0,9.0,0.2,58.0,23.0,0.4,3.0,11.0,25.0,0.4,9.0,34.0,34.0,704651,2025-05-25 15:00:00,2025
Nottingham Forest,10.0,2.0,0.0,5.0,7.0,1.0,51.8,10.0,2.0,0.2,0.0,0.0,352.0,420.0,0.8,7.0,33.0,0.2,49.0,21.0,0.4,4.0,9.0,14.0,0.6,3.0,22.0,22.0,Chelsea,11.0,2.0,0.0,1.0,4.0,2.0,48.2,6.0,2.0,0.3,0.0,0.0,327.0,409.0,0.8,1.0,11.0,0.1,51.0,13.0,0.3,2.0,10.0,15.0,0.7,4.0,36.0,36.0,704655,2025-05-25 15:00:00,2025
Liverpool,7.0,1.0,0.0,2.0,6.0,1.0,61.2,19.0,10.0,0.5,0.0,0.0,401.0,489.0,0.8,5.0,17.0,0.3,51.0,29.0,0.6,2.0,13.0,16.0,0.8,4.0,41.0,41.0,AFC Bournemouth,10.0,2.0,0.0,2.0,7.0,6.0,38.8,10.0,3.0,0.3,0.0,0.0,209.0,299.0,0.7,5.0,20.0,0.3,70.0,24.0,0.3,3.0,12.0,20.0,0.6,11.0,45.0,45.0,740596,2025-08-15 19:00:00,2025
Aston Villa,13.0,1.0,1.0,2.0,3.0,3.0,39.9,3.0,3.0,1.0,0.0,0.0,227.0,310.0,0.7,3.0,11.0,0.3,59.0,17.0,0.3,0.0,5.0,11.0,0.5,10.0,20.0,20.0,Newcastle United,11.0,1.0,0.0,1.0,6.0,3.0,60.1,16.0,3.0,0.2,0.0,0.0,376.0,451.0,0.8,6.0,26.0,0.2,43.0,21.0,0.5,7.0,8.0,10.0,0.8,12.0,22.0,22.0,740597,2025-08-16 11:30:00,2025
Tottenham Hotspur,14.0,0.0,0.0,0.0,6.0,4.0,67.3,16.0,6.0,0.4,0.0,0.0,451.0,511.0,0.9,8.0,27.0,0.3,42.0,20.0,0.5,1.0,9.0,12.0,0.8,1.0,26.0,26.0,Burnley,8.0,0.0,0.0,4.0,5.0,3.0,32.7,14.0,4.0,0.3,0.0,0.0,181.0,246.0,0.7,3.0,14.0,0.2,45.0,18.0,0.4,3.0,2.0,6.0,0.3,7.0,25.0,25.0,740601,2025-08-16 14:00:00,2025
Sunderland,8.0,0.0,0.0,0.0,5.0,4.0,37.2,10.0,5.0,0.5,0.0,0.0,250.0,323.0,0.8,5.0,17.0,0.3,55.0,18.0,0.3,1.0,5.0,14.0,0.4,9.0,32.0,32.0,West Ham United,10.0,1.0,0.0,0.0,7.0,2.0,62.8,12.0,4.0,0.3,0.0,0.0,468.0,550.0,0.9,5.0,26.0,0.2,59.0,26.0,0.4,6.0,7.0,12.0,0.6,4.0,16.0,16.0,740600,2025-08-16 14:00:00,2025
Brighton & Hove Albion,16.0,3.0,0.0,3.0,4.0,1.0,49.8,10.0,4.0,0.4,1.0,1.0,374.0,427.0,0.9,4.0,11.0,0.4,50.0,28.0,0.6,1.0,9.0,19.0,0.5,9.0,27.0,27.0,Fulham,15.0,3.0,0.0,2.0,3.0,3.0,50.2,7.0,2.0,0.3,0.0,0.0,349.0,423.0,0.8,3.0,14.0,0.2,53.0,29.0,0.5,1.0,8.0,15.0,0.5,2.0,15.0,15.0,740598,2025-08-16 14:00:00,2025
Wolverhampton Wanderers,13.0,1.0,0.0,4.0,4.0,0.0,41.6,9.0,3.0,0.3,0.0,0.0,326.0,394.0,0.8,4.0,20.0,0.2,48.0,24.0,0.5,3.0,17.0,25.0,0.7,6.0,20.0,20.0,Manchester City,7.0,2.0,0.0,0.0,6.0,3.0,58.4,15.0,4.0,0.3,0.0,0.0,510.0,563.0,0.9,6.0,20.0,0.3,30.0,13.0,0.4,4.0,11.0,18.0,0.6,7.0,22.0,22.0,740602,2025-08-16 16:30:00,2025
Chelsea,10.0,2.0,0.0,0.0,11.0,4.0,71.5,19.0,3.0,0.2,0.0,0.0,510.0,568.0,0.9,6.0,29.0,0.2,49.0,21.0,0.4,9.0,6.0,13.0,0.5,11.0,19.0,19.0,Crystal Palace,12.0,3.0,0.0,0.0,2.0,2.0,28.5,11.0,4.0,0.4,0.0,0.0,168.0,226.0,0.7,0.0,11.0,0.0,43.0,18.0,0.4,4.0,13.0,16.0,0.8,7.0,41.0,41.0,740603,2025-08-17 13:00:00,2025
Nottingham Forest,7.0,1.0,0.0,2.0,5.0,2.0,54.4,11.0,5.0,0.5,0.0,0.0,343.0,417.0,0.8,5.0,24.0,0.2,54.0,18.0,0.3,2.0,7.0,12.0,0.6,9.0,24.0,24.0,Brentford,15.0,2.0,0.0,0.0,5.0,2.0,45.6,10.0,3.0,0.3,1.0,1.0,271.0,346.0,0.8,3.0,16.0,0.2,44.0,14.0,0.3,3.0,6.0,20.0,0.3,5.0,27.0,27.0,740599,2025-08-17 13:00:00,2025
Manchester United,10.0,1.0,0.0,1.0,3.0,2.0,61.1,22.0,7.0,0.3,0.0,0.0,393.0,475.0,0.8,3.0,15.0,0.2,67.0,41.0,0.6,8.0,11.0,22.0,0.5,4.0,23.0,23.0,Arsenal,19.0,4.0,0.0,2.0,4.0,7.0,38.9,9.0,3.0,0.3,0.0,0.0,219.0,294.0,0.7,2.0,11.0,0.2,49.0,20.0,0.4,3.0,10.0,18.0,0.6,4.0,30.0,30.0,740604,2025-08-17 15:30:00,2025
Leeds United,6.0,0.0,0.0,1.0,7.0,1.0,54.4,21.0,3.0,0.1,1.0,1.0,401.0,481.0,0.8,7.0,26.0,0.3,56.0,25.0,0.4,11.0,7.0,15.0,0.5,9.0,30.0,30.0,Everton,8.0,2.0,0.0,2.0,2.0,2.0,45.6,7.0,1.0,0.1,0.0,0.0,324.0,411.0,0.8,4.0,11.0,0.4,56.0,18.0,0.3,3.0,12.0,16.0,0.8,2.0,31.0,31.0,740605,2025-08-18 19:00:00,2025
West Ham United,7.0,0.0,0.0,4.0,7.0,2.0,40.8,12.0,4.0,0.3,0.0,0.0,339.0,392.0,0.9,7.0,16.0,0.4,35.0,15.0,0.4,3.0,6.0,11.0,0.5,7.0,29.0,29.0,Chelsea,10.0,1.0,0.0,2.0,5.0,3.0,59.2,12.0,7.0,0.6,0.0,0.0,505.0,577.0,0.9,3.0,15.0,0.2,43.0,17.0,0.4,1.0,13.0,19.0,0.7,4.0,17.0,17.0,740615,2025-08-22 19:00:00,2025
Manchester City,7.0,1.0,0.0,0.0,7.0,3.0,61.4,10.0,4.0,0.4,0.0,0.0,456.0,525.0,0.9,5.0,19.0,0.3,39.0,15.0,0.4,3.0,10.0,20.0,0.5,6.0,23.0,23.0,Tottenham Hotspur,12.0,4.0,0.0,1.0,2.0,4.0,38.6,12.0,5.0,0.4,0.0,0.0,259.0,331.0,0.8,4.0,11.0,0.4,58.0,20.0,0.3,2.0,16.0,24.0,0.7,7.0,25.0,25.0,740613,2025-08-23 11:30:00,2025
Burnley,9.0,0.0,0.0,0.0,4.0,1.0,41.9,7.0,2.0,0.3,0.0,0.0,356.0,442.0,0.8,4.0,15.0,0.3,57.0,15.0,0.3,1.0,11.0,22.0,0.5,7.0,29.0,29.0,Sunderland,5.0,1.0,0.0,2.0,3.0,0.0,58.1,9.0,1.0,0.1,0.0,0.0,530.0,616.0,0.9,5.0,24.0,0.2,44.0,16.0,0.4,5.0,8.0,18.0,0.4,7.0,27.0,27.0,740609,2025-08-23 14:00:00,2025
Brentford,11.0,1.0,0.0,1.0,2.0,2.0,23.6,9.0,2.0,0.2,0.0,0.0,128.0,178.0,0.7,5.0,11.0,0.5,48.0,23.0,0.5,3.0,15.0,28.0,0.5,11.0,45.0,45.0,Aston Villa,9.0,2.0,0.0,0.0,9.0,1.0,76.4,17.0,2.0,0.1,0.0,0.0,514.0,587.0,0.9,4.0,27.0,0.1,41.0,25.0,0.6,8.0,12.0,14.0,0.9,6.0,12.0,12.0,740608,2025-08-23 14:00:00,2025
AFC Bournemouth,13.0,2.0,0.0,2.0,8.0,1.0,58.8,14.0,4.0,0.3,0.0,0.0,387.0,447.0,0.9,3.0,20.0,0.2,51.0,23.0,0.5,5.0,9.0,12.0,0.8,6.0,32.0,32.0,Wolverhampton Wanderers,16.0,4.0,1.0,2.0,3.0,3.0,41.2,6.0,1.0,0.2,0.0,0.0,225.0,307.0,0.7,5.0,17.0,0.3,59.0,29.0,0.5,2.0,14.0,21.0,0.7,9.0,30.0,30.0,740607,2025-08-23 14:00:00,2025
Arsenal,8.0,0.0,0.0,0.0,2.0,1.0,67.5,18.0,5.0,0.3,1.0,1.0,549.0,599.0,0.9,8.0,19.0,0.4,35.0,24.0,0.7,4.0,8.0,12.0,0.7,5.0,7.0,7.0,Leeds United,11.0,2.0,0.0,0.0,2.0,0.0,32.5,3.0,1.0,0.3,0.0,0.0,219.0,290.0,0.8,1.0,5.0,0.2,37.0,13.0,0.4,2.0,12.0,18.0,0.7,6.0,20.0,20.0,740606,2025-08-23 16:30:00,2025
Crystal Palace,11.0,3.0,0.0,2.0,1.0,0.0,42.1,8.0,4.0,0.5,0.0,0.0,287.0,377.0,0.8,6.0,18.0,0.3,49.0,8.0,0.2,0.0,11.0,20.0,0.6,7.0,21.0,21.0,Nottingham Forest,11.0,3.0,0.0,2.0,3.0,3.0,57.9,9.0,1.0,0.1,0.0,0.0,442.0,514.0,0.9,3.0,26.0,0.1,56.0,31.0,0.6,1.0,7.0,12.0,0.6,10.0,15.0,15.0,740610,2025-08-24 13:00:00,2025
Everton,7.0,4.0,0.0,0.0,2.0,4.0,42.4,11.0,3.0,0.3,0.0,0.0,272.0,362.0,0.8,4.0,12.0,0.3,69.0,31.0,0.4,1.0,8.0,15.0,0.5,8.0,35.0,35.0,Brighton & Hove Albion,15.0,3.0,0.0,6.0,2.0,1.0,57.6,13.0,4.0,0.3,0.0,1.0,411.0,490.0,0.8,3.0,11.0,0.3,44.0,12.0,0.3,4.0,8.0,17.0,0.5,5.0,24.0,24.0,740611,2025-08-24 13:00:00,2025
Fulham,12.0,1.0,0.0,2.0,9.0,3.0,52.4,13.0,4.0,0.3,0.0,0.0,353.0,419.0,0.8,10.0,33.0,0.3,43.0,21.0,0.5,5.0,8.0,10.0,0.8,8.0,24.0,24.0,Manchester United,10.0,1.0,0.0,1.0,6.0,2.0,47.6,10.0,3.0,0.3,0.0,1.0,328.0,397.0,0.8,4.0,14.0,0.3,56.0,22.0,0.4,1.0,11.0,17.0,0.6,5.0,27.0,27.0,740612,2025-08-24 15:30:00,2025
Newcastle United,17.0,2.0,1.0,0.0,7.0,1.0,37.6,10.0,3.0,0.3,0.0,0.0,170.0,247.0,0.7,6.0,26.0,0.2,51.0,12.0,0.2,3.0,5.0,12.0,0.4,8.0,21.0,21.0,Liverpool,15.0,3.0,0.0,0.0,1.0,1.0,62.4,5.0,4.0,0.8,0.0,0.0,370.0,445.0,0.8,2.0,9.0,0.2,49.0,15.0,0.3,1.0,8.0,13.0,0.6,2.0,43.0,43.0,740614,2025-08-25 19:00:00,2025
Chelsea,11.0,2.0,0.0,3.0,6.0,1.0,53.8,13.0,6.0,0.5,1.0,1.0,429.0,494.0,0.9,4.0,13.0,0.3,47.0,17.0,0.4,6.0,9.0,19.0,0.5,18.0,20.0,20.0,Fulham,17.0,2.0,0.0,1.0,4.0,4.0,46.2,11.0,3.0,0.3,0.0,0.0,337.0,415.0,0.8,5.0,15.0,0.3,62.0,25.0,0.4,2.0,12.0,29.0,0.4,6.0,20.0,20.0,740618,2025-08-30 11:30:00,2025
Manchester United,9.0,1.0,0.0,1.0,7.0,1.0,61.8,26.0,6.0,0.2,1.0,1.0,418.0,508.0,0.8,13.0,26.0,0.5,55.0,32.0,0.6,7.0,9.0,16.0,0.6,3.0,17.0,17.0,Burnley,9.0,5.0,0.0,1.0,1.0,5.0,38.2,6.0,3.0,0.5,0.0,0.0,225.0,318.0,0.7,1.0,9.0,0.1,67.0,24.0,0.4,2.0,14.0,20.0,0.7,9.0,39.0,39.0,740621,2025-08-30 14:00:00,2025
Sunderland,11.0,3.0,0.0,0.0,3.0,3.0,54.1,12.0,3.0,0.3,1.0,1.0,340.0,419.0,0.8,3.0,18.0,0.2,51.0,23.0,0.5,3.0,14.0,28.0,0.5,7.0,34.0,34.0,Brentford,12.0,2.0,0.0,3.0,4.0,1.0,45.9,7.0,4.0,0.6,0.0,1.0,283.0,354.0,0.8,6.0,16.0,0.4,46.0,17.0,0.4,1.0,7.0,9.0,0.8,4.0,34.0,34.0,740623,2025-08-30 14:00:00,2025
Tottenham Hotspur,17.0,2.0,0.0,2.0,0.0,5.0,61.4,5.0,1.0,0.2,0.0,0.0,394.0,477.0,0.8,5.0,20.0,0.3,52.0,19.0,0.4,1.0,8.0,16.0,0.5,4.0,33.0,33.0,AFC Bournemouth,13.0,4.0,0.0,3.0,8.0,1.0,38.6,20.0,6.0,0.3,0.0,0.0,208.0,296.0,0.7,5.0,18.0,0.3,57.0,19.0,0.3,5.0,13.0,28.0,0.5,9.0,31.0,31.0,740620,2025-08-30 14:00:00,2025
Wolverhampton Wanderers,15.0,0.0,0.0,2.0,2.0,1.0,58.5,12.0,4.0,0.3,0.0,0.0,421.0,524.0,0.8,8.0,16.0,0.5,61.0,22.0,0.4,5.0,13.0,23.0,0.6,10.0,19.0,19.0,Everton,10.0,1.0,0.0,1.0,2.0,2.0,41.5,10.0,4.0,0.4,0.0,0.0,275.0,371.0,0.7,2.0,13.0,0.2,64.0,23.0,0.4,4.0,11.0,16.0,0.7,16.0,28.0,28.0,740624,2025-08-30 14:00:00,2025
Leeds United,10.0,1.0,0.0,1.0,5.0,2.0,43.0,10.0,1.0,0.1,0.0,0.0,328.0,414.0,0.8,4.0,17.0,0.2,57.0,16.0,0.3,3.0,14.0,18.0,0.8,13.0,18.0,18.0,Newcastle United,15.0,1.0,0.0,0.0,5.0,1.0,57.0,8.0,2.0,0.3,0.0,0.0,463.0,547.0,0.8,2.0,21.0,0.1,64.0,30.0,0.5,3.0,4.0,10.0,0.4,8.0,6.0,6.0,740619,2025-08-30 16:30:00,2025
Brighton & Hove Albion,16.0,2.0,0.0,1.0,3.0,2.0,36.3,12.0,7.0,0.6,1.0,1.0,235.0,315.0,0.7,3.0,8.0,0.4,49.0,14.0,0.3,3.0,13.0,17.0,0.8,8.0,10.0,10.0,Manchester City,14.0,2.0,0.0,0.0,2.0,5.0,63.7,12.0,3.0,0.3,0.0,0.0,493.0,565.0,0.9,1.0,5.0,0.2,42.0,19.0,0.5,1.0,7.0,15.0,0.5,9.0,15.0,15.0,740617,2025-08-31 13:00:00,2025
Nottingham Forest,14.0,0.0,0.0,0.0,9.0,5.0,58.4,11.0,3.0,0.3,0.0,0.0,470.0,541.0,0.9,4.0,35.0,0.1,29.0,11.0,0.4,5.0,14.0,19.0,0.7,6.0,16.0,16.0,West Ham United,6.0,0.0,0.0,0.0,7.0,3.0,41.6,12.0,8.0,0.7,1.0,1.0,316.0,385.0,0.8,7.0,18.0,0.4,43.0,13.0,0.3,0.0,9.0,16.0,0.6,6.0,32.0,32.0,740622,2025-08-31 13:00:00,2025
Liverpool,7.0,2.0,0.0,1.0,3.0,1.0,53.0,9.0,3.0,0.3,0.0,0.0,368.0,435.0,0.8,1.0,7.0,0.1,60.0,27.0,0.5,4.0,9.0,11.0,0.8,7.0,29.0,29.0,Arsenal,10.0,2.0,0.0,0.0,8.0,2.0,47.0,11.0,1.0,0.1,0.0,0.0,303.0,371.0,0.8,3.0,17.0,0.2,50.0,25.0,0.5,7.0,6.0,14.0,0.4,9.0,19.0,19.0,740625,2025-08-31 15:30:00,2025
Aston Villa,7.0,2.0,0.0,0.0,10.0,1.0,58.4,13.0,4.0,0.3,0.0,0.0,475.0,531.0,0.9,6.0,31.0,0.2,45.0,29.0,0.6,1.0,5.0,11.0,0.5,6.0,17.0,17.0,Crystal Palace,14.0,3.0,0.0,2.0,1.0,4.0,41.6,6.0,4.0,0.7,1.0,1.0,328.0,386.0,0.9,2.0,11.0,0.2,39.0,17.0,0.4,1.0,16.0,26.0,0.6,10.0,37.0,37.0,740616,2025-08-31 18:00:00,2025
Arsenal,8.0,1.0,0.0,2.0,8.0,1.0,54.2,16.0,5.0,0.3,0.0,0.0,415.0,478.0,0.9,5.0,20.0,0.3,30.0,15.0,0.5,5.0,11.0,13.0,0.8,7.0,15.0,15.0,Nottingham Forest,11.0,1.0,0.0,0.0,4.0,2.0,45.8,5.0,1.0,0.2,0.0,0.0,350.0,409.0,0.9,2.0,13.0,0.2,43.0,18.0,0.4,3.0,8.0,12.0,0.7,11.0,19.0,19.0,740627,2025-09-13 11:30:00,2025
Fulham,20.0,1.0,0.0,1.0,3.0,3.0,54.0,5.0,3.0,0.6,0.0,0.0,382.0,451.0,0.8,3.0,22.0,0.1,39.0,19.0,0.5,0.0,16.0,24.0,0.7,6.0,23.0,23.0,Leeds United,15.0,2.0,0.0,3.0,3.0,3.0,46.0,10.0,3.0,0.3,0.0,0.0,313.0,388.0,0.8,1.0,13.0,0.1,52.0,23.0,0.4,4.0,11.0,18.0,0.6,7.0,30.0,30.0,740631,2025-09-13 14:00:00,2025
Everton,17.0,3.0,0.0,2.0,10.0,1.0,48.3,20.0,2.0,0.1,0.0,0.0,281.0,343.0,0.8,8.0,22.0,0.4,49.0,25.0,0.5,9.0,16.0,23.0,0.7,5.0,17.0,17.0,Aston Villa,15.0,3.0,0.0,2.0,3.0,2.0,51.7,7.0,1.0,0.1,0.0,0.0,313.0,384.0,0.8,3.0,10.0,0.3,49.0,14.0,0.3,5.0,11.0,16.0,0.7,4.0,19.0,19.0,740632,2025-09-13 14:00:00,2025
Newcastle United,10.0,1.0,0.0,1.0,10.0,3.0,56.7,16.0,4.0,0.3,0.0,0.0,361.0,449.0,0.8,8.0,25.0,0.3,52.0,21.0,0.4,5.0,5.0,10.0,0.5,6.0,20.0,20.0,Wolverhampton Wanderers,17.0,4.0,0.0,0.0,4.0,3.0,43.3,8.0,3.0,0.4,0.0,0.0,259.0,343.0,0.8,3.0,15.0,0.2,66.0,22.0,0.3,2.0,8.0,16.0,0.5,14.0,34.0,34.0,740629,2025-09-13 14:00:00,2025
Crystal Palace,10.0,1.0,0.0,0.0,5.0,0.0,55.9,14.0,6.0,0.4,0.0,0.0,410.0,491.0,0.8,5.0,20.0,0.3,58.0,27.0,0.5,4.0,6.0,10.0,0.6,6.0,25.0,25.0,Sunderland,8.0,1.0,0.0,2.0,3.0,6.0,44.1,6.0,0.0,0.0,0.0,0.0,310.0,386.0,0.8,4.0,17.0,0.2,51.0,21.0,0.4,2.0,9.0,13.0,0.7,10.0,34.0,34.0,740628,2025-09-13 14:00:00,2025
AFC Bournemouth,16.0,4.0,0.0,1.0,4.0,1.0,51.3,13.0,5.0,0.4,1.0,1.0,309.0,393.0,0.8,4.0,19.0,0.2,56.0,25.0,0.4,4.0,14.0,18.0,0.8,3.0,35.0,35.0,Brighton & Hove Albion,10.0,4.0,0.0,0.0,4.0,3.0,48.7,6.0,2.0,0.3,0.0,0.0,293.0,374.0,0.8,3.0,17.0,0.2,52.0,24.0,0.5,2.0,16.0,20.0,0.8,6.0,35.0,35.0,740635,2025-09-13 14:00:00,2025
West Ham United,8.0,0.0,1.0,0.0,2.0,2.0,36.0,7.0,4.0,0.6,0.0,0.0,239.0,310.0,0.8,3.0,9.0,0.3,58.0,17.0,0.3,0.0,9.0,13.0,0.7,5.0,41.0,41.0,Tottenham Hotspur,7.0,1.0,0.0,4.0,13.0,4.0,64.0,14.0,5.0,0.4,0.0,0.0,465.0,534.0,0.9,5.0,31.0,0.2,42.0,23.0,0.5,5.0,11.0,16.0,0.7,3.0,10.0,10.0,740626,2025-09-13 16:30:00,2025
Brentford,13.0,3.0,0.0,0.0,5.0,4.0,34.3,7.0,4.0,0.6,0.0,0.0,215.0,284.0,0.8,6.0,18.0,0.3,50.0,28.0,0.6,1.0,10.0,17.0,0.6,6.0,33.0,33.0,Chelsea,9.0,2.0,0.0,4.0,6.0,3.0,65.7,16.0,6.0,0.4,0.0,0.0,516.0,570.0,0.9,3.0,17.0,0.2,41.0,23.0,0.6,7.0,9.0,15.0,0.6,13.0,33.0,33.0,740634,2025-09-13 19:00:00,2025
Burnley,9.0,0.0,1.0,3.0,1.0,3.0,19.0,3.0,0.0,0.0,0.0,0.0,80.0,168.0,0.5,0.0,3.0,0.0,62.0,15.0,0.2,0.0,11.0,16.0,0.7,17.0,48.0,48.0,Liverpool,9.0,2.0,0.0,1.0,13.0,0.0,81.0,27.0,4.0,0.1,1.0,1.0,610.0,697.0,0.9,10.0,44.0,0.2,28.0,15.0,0.5,12.0,7.0,10.0,0.7,7.0,12.0,12.0,740633,2025-09-14 13:00:00,2025
Manchester City,8.0,0.0,0.0,2.0,2.0,2.0,45.3,13.0,6.0,0.5,0.0,0.0,352.0,430.0,0.8,1.0,2.0,0.5,55.0,22.0,0.4,0.0,7.0,13.0,0.5,10.0,33.0,33.0,Manchester United,8.0,0.0,0.0,3.0,4.0,3.0,54.7,12.0,2.0,0.2,0.0,0.0,420.0,501.0,0.8,6.0,23.0,0.3,58.0,36.0,0.6,2.0,15.0,23.0,0.7,13.0,10.0,10.0,740630,2025-09-14 15:30:00,2025
Liverpool,11.0,2.0,0.0,1.0,5.0,1.0,57.2,11.0,3.0,0.3,0.0,0.0,404.0,475.0,0.9,2.0,12.0,0.2,43.0,14.0,0.3,5.0,7.0,18.0,0.4,12.0,37.0,37.0,Everton,10.0,3.0,0.0,1.0,4.0,1.0,42.8,9.0,2.0,0.2,0.0,0.0,263.0,345.0,0.8,5.0,20.0,0.3,61.0,23.0,0.4,3.0,13.0,18.0,0.7,10.0,23.0,23.0,740641,2025-09-20 11:30:00,2025
Wolverhampton Wanderers,11.0,1.0,0.0,0.0,4.0,1.0,55.9,16.0,6.0,0.4,0.0,0.0,425.0,507.0,0.8,14.0,35.0,0.4,46.0,24.0,0.5,4.0,14.0,28.0,0.5,3.0,16.0,16.0,Leeds United,9.0,1.0,0.0,2.0,0.0,5.0,44.1,6.0,4.0,0.7,0.0,0.0,351.0,416.0,0.8,0.0,7.0,0.0,45.0,16.0,0.4,0.0,13.0,20.0,0.7,7.0,49.0,49.0,740640,2025-09-20 14:00:00,2025
Brighton & Hove Albion,10.0,1.0,0.0,0.0,2.0,2.0,36.1,12.0,4.0,0.3,0.0,0.0,236.0,307.0,0.8,2.0,8.0,0.3,57.0,22.0,0.4,1.0,17.0,25.0,0.7,5.0,40.0,40.0,Tottenham Hotspur,13.0,2.0,0.0,1.0,10.0,2.0,63.9,11.0,3.0,0.3,0.0,0.0,464.0,523.0,0.9,3.0,32.0,0.1,46.0,27.0,0.6,2.0,10.0,26.0,0.4,9.0,17.0,17.0,740636,2025-09-20 14:00:00,2025
Burnley,12.0,1.0,0.0,1.0,4.0,7.0,36.8,12.0,5.0,0.4,0.0,0.0,272.0,351.0,0.8,8.0,26.0,0.3,46.0,16.0,0.3,3.0,9.0,11.0,0.8,10.0,35.0,35.0,Nottingham Forest,11.0,1.0,0.0,2.0,5.0,4.0,63.2,17.0,8.0,0.5,0.0,0.0,567.0,631.0,0.9,5.0,30.0,0.2,35.0,17.0,0.5,7.0,6.0,11.0,0.5,7.0,29.0,29.0,740637,2025-09-20 14:00:00,2025
West Ham United,15.0,4.0,0.0,1.0,8.0,1.0,56.6,8.0,3.0,0.4,0.0,0.0,375.0,450.0,0.8,7.0,22.0,0.3,47.0,21.0,0.4,1.0,6.0,9.0,0.7,7.0,22.0,22.0,Crystal Palace,5.0,3.0,0.0,2.0,8.0,2.0,43.4,18.0,3.0,0.2,0.0,0.0,284.0,345.0,0.8,8.0,18.0,0.4,48.0,22.0,0.5,6.0,16.0,22.0,0.7,10.0,35.0,35.0,740638,2025-09-20 14:00:00,2025
Manchester United,13.0,0.0,1.0,3.0,5.0,0.0,41.2,11.0,4.0,0.4,0.0,0.0,292.0,371.0,0.8,8.0,26.0,0.3,55.0,13.0,0.2,4.0,16.0,21.0,0.8,10.0,19.0,19.0,Chelsea,14.0,5.0,1.0,2.0,5.0,2.0,58.8,5.0,1.0,0.2,0.0,0.0,466.0,550.0,0.8,2.0,15.0,0.1,45.0,21.0,0.5,2.0,13.0,16.0,0.8,8.0,29.0,29.0,740645,2025-09-20 16:30:00,2025
Fulham,11.0,4.0,0.0,2.0,2.0,2.0,53.0,14.0,3.0,0.2,0.0,0.0,382.0,456.0,0.8,5.0,13.0,0.4,49.0,22.0,0.4,6.0,9.0,19.0,0.5,6.0,39.0,39.0,Brentford,13.0,1.0,0.0,2.0,10.0,2.0,47.0,8.0,3.0,0.4,0.0,0.0,324.0,398.0,0.8,2.0,21.0,0.1,46.0,17.0,0.4,3.0,6.0,13.0,0.5,5.0,18.0,18.0,740642,2025-09-20 19:00:00,2025
AFC Bournemouth,7.0,2.0,0.0,3.0,5.0,1.0,56.1,11.0,2.0,0.2,0.0,0.0,409.0,498.0,0.8,0.0,21.0,0.0,61.0,17.0,0.3,6.0,8.0,15.0,0.5,16.0,28.0,28.0,Newcastle United,10.0,1.0,0.0,2.0,2.0,2.0,43.9,4.0,1.0,0.3,0.0,0.0,298.0,390.0,0.8,2.0,16.0,0.1,56.0,21.0,0.4,1.0,11.0,19.0,0.6,8.0,35.0,35.0,740644,2025-09-21 13:00:00,2025
Sunderland,14.0,2.0,1.0,0.0,6.0,1.0,28.6,14.0,4.0,0.3,0.0,0.0,151.0,218.0,0.7,2.0,12.0,0.2,49.0,16.0,0.3,4.0,13.0,20.0,0.7,8.0,34.0,34.0,Aston Villa,8.0,1.0,0.0,3.0,5.0,3.0,71.4,12.0,2.0,0.2,0.0,0.0,488.0,547.0,0.9,4.0,26.0,0.2,32.0,15.0,0.5,6.0,7.0,11.0,0.6,3.0,28.0,28.0,740639,2025-09-21 13:00:00,2025
Arsenal,11.0,1.0,0.0,4.0,11.0,2.0,66.8,12.0,3.0,0.3,0.0,0.0,517.0,582.0,0.9,5.0,32.0,0.2,53.0,33.0,0.6,3.0,13.0,20.0,0.7,5.0,18.0,18.0,Manchester City,10.0,2.0,0.0,2.0,2.0,2.0,33.2,5.0,3.0,0.6,0.0,0.0,229.0,300.0,0.8,0.0,4.0,0.0,47.0,19.0,0.4,0.0,9.0,13.0,0.7,5.0,60.0,60.0,740643,2025-09-21 15:30:00,2025
Brentford,14.0,2.0,0.0,2.0,4.0,5.0,44.2,10.0,8.0,0.8,0.0,0.0,274.0,359.0,0.8,7.0,14.0,0.5,50.0,21.0,0.4,1.0,8.0,14.0,0.6,7.0,24.0,24.0,Manchester United,10.0,2.0,0.0,1.0,2.0,5.0,55.8,14.0,6.0,0.4,0.0,1.0,370.0,458.0,0.8,4.0,14.0,0.3,41.0,18.0,0.4,4.0,9.0,16.0,0.6,4.0,29.0,29.0,740649,2025-09-27 11:30:00,2025
Chelsea,9.0,3.0,1.0,2.0,5.0,0.0,59.5,13.0,3.0,0.2,0.0,0.0,396.0,470.0,0.8,3.0,14.0,0.2,53.0,15.0,0.3,6.0,11.0,21.0,0.5,10.0,8.0,8.0,Brighton & Hove Albion,16.0,5.0,0.0,2.0,7.0,2.0,40.5,12.0,3.0,0.3,0.0,0.0,266.0,316.0,0.8,5.0,13.0,0.4,29.0,16.0,0.6,2.0,13.0,21.0,0.6,12.0,26.0,26.0,740648,2025-09-27 14:00:00,2025
Leeds United,12.0,2.0,0.0,0.0,7.0,3.0,41.4,19.0,8.0,0.4,0.0,0.0,280.0,357.0,0.8,9.0,16.0,0.6,60.0,32.0,0.5,6.0,16.0,27.0,0.6,9.0,25.0,25.0,AFC Bournemouth,13.0,2.0,0.0,2.0,4.0,6.0,58.6,12.0,5.0,0.4,0.0,0.0,436.0,509.0,0.9,3.0,21.0,0.1,46.0,24.0,0.5,3.0,11.0,23.0,0.5,7.0,30.0,30.0,740655,2025-09-27 14:00:00,2025
Crystal Palace,10.0,1.0,0.0,2.0,2.0,3.0,28.1,16.0,7.0,0.4,0.0,0.0,175.0,270.0,0.6,2.0,8.0,0.3,71.0,23.0,0.3,2.0,16.0,24.0,0.7,9.0,32.0,32.0,Liverpool,8.0,3.0,0.0,1.0,6.0,5.0,71.9,20.0,4.0,0.2,0.0,0.0,609.0,688.0,0.9,8.0,26.0,0.3,45.0,19.0,0.4,5.0,5.0,7.0,0.7,10.0,36.0,36.0,740647,2025-09-27 14:00:00,2025
Manchester City,5.0,1.0,0.0,1.0,10.0,1.0,68.5,21.0,8.0,0.4,0.0,0.0,566.0,638.0,0.9,9.0,23.0,0.4,26.0,10.0,0.4,6.0,6.0,8.0,0.8,4.0,19.0,19.0,Burnley,7.0,3.0,0.0,1.0,2.0,5.0,31.5,9.0,2.0,0.2,0.0,0.0,242.0,295.0,0.8,1.0,7.0,0.1,53.0,31.0,0.6,5.0,9.0,20.0,0.5,10.0,31.0,31.0,740654,2025-09-27 14:00:00,2025
Nottingham Forest,11.0,4.0,0.0,0.0,7.0,2.0,64.6,22.0,6.0,0.3,0.0,0.0,521.0,578.0,0.9,8.0,42.0,0.2,38.0,23.0,0.6,6.0,9.0,16.0,0.6,1.0,20.0,20.0,Sunderland,6.0,2.0,0.0,1.0,4.0,6.0,35.4,11.0,3.0,0.3,0.0,0.0,258.0,318.0,0.8,3.0,19.0,0.2,62.0,33.0,0.5,3.0,7.0,10.0,0.7,6.0,42.0,42.0,740651,2025-09-27 16:30:00,2025
Tottenham Hotspur,9.0,3.0,0.0,2.0,10.0,2.0,51.3,10.0,3.0,0.3,0.0,0.0,325.0,398.0,0.8,9.0,32.0,0.3,48.0,26.0,0.5,2.0,12.0,17.0,0.7,10.0,19.0,19.0,Wolverhampton Wanderers,11.0,2.0,0.0,0.0,9.0,2.0,48.7,9.0,3.0,0.3,0.0,0.0,321.0,394.0,0.8,4.0,15.0,0.3,60.0,22.0,0.4,1.0,14.0,31.0,0.5,10.0,41.0,41.0,740646,2025-09-27 19:00:00,2025
Aston Villa,10.0,1.0,0.0,2.0,2.0,3.0,48.3,9.0,4.0,0.4,0.0,0.0,340.0,403.0,0.8,1.0,10.0,0.1,36.0,17.0,0.5,2.0,4.0,10.0,0.4,7.0,26.0,26.0,Fulham,13.0,4.0,0.0,4.0,8.0,1.0,51.7,11.0,4.0,0.4,0.0,0.0,357.0,414.0,0.9,7.0,30.0,0.2,46.0,26.0,0.6,3.0,7.0,16.0,0.4,9.0,23.0,23.0,740650,2025-09-28 13:00:00,2025
Newcastle United,8.0,2.0,0.0,1.0,7.0,5.0,36.6,8.0,3.0,0.4,0.0,0.0,194.0,279.0,0.7,3.0,15.0,0.2,55.0,20.0,0.4,4.0,8.0,12.0,0.7,8.0,41.0,41.0,Arsenal,9.0,1.0,0.0,0.0,12.0,2.0,63.4,20.0,7.0,0.4,0.0,0.0,405.0,495.0,0.8,9.0,23.0,0.4,58.0,22.0,0.4,6.0,6.0,13.0,0.5,10.0,29.0,29.0,740653,2025-09-28 15:30:00,2025
Everton,7.0,3.0,0.0,0.0,3.0,2.0,51.8,12.0,6.0,0.5,0.0,0.0,380.0,447.0,0.9,3.0,22.0,0.1,45.0,25.0,0.6,3.0,6.0,11.0,0.5,5.0,37.0,37.0,West Ham United,16.0,4.0,0.0,2.0,5.0,5.0,48.2,14.0,3.0,0.2,0.0,0.0,332.0,416.0,0.8,4.0,18.0,0.2,55.0,19.0,0.3,6.0,7.0,16.0,0.4,6.0,36.0,36.0,740652,2025-09-29 19:00:00,2025
AFC Bournemouth,8.0,0.0,0.0,2.0,4.0,3.0,53.5,11.0,6.0,0.5,0.0,0.0,460.0,536.0,0.9,1.0,25.0,0.0,51.0,25.0,0.5,3.0,7.0,10.0,0.7,8.0,23.0,23.0,Fulham,10.0,1.0,0.0,2.0,3.0,3.0,46.5,12.0,4.0,0.3,0.0,0.0,383.0,473.0,0.8,3.0,17.0,0.2,57.0,22.0,0.4,4.0,9.0,11.0,0.8,7.0,38.0,38.0,740658,2025-10-03 19:00:00,2025
Leeds United,10.0,2.0,0.0,1.0,4.0,1.0,56.5,16.0,4.0,0.3,0.0,0.0,401.0,478.0,0.8,10.0,21.0,0.5,40.0,16.0,0.4,2.0,11.0,19.0,0.6,6.0,25.0,25.0,Tottenham Hotspur,12.0,3.0,0.0,2.0,1.0,3.0,43.5,9.0,3.0,0.3,0.0,0.0,298.0,374.0,0.8,1.0,10.0,0.1,48.0,11.0,0.2,2.0,10.0,15.0,0.7,6.0,34.0,34.0,740662,2025-10-04 11:30:00,2025
Arsenal,14.0,0.0,0.0,1.0,8.0,0.0,67.9,21.0,5.0,0.2,1.0,1.0,498.0,566.0,0.9,3.0,23.0,0.1,27.0,10.0,0.4,9.0,14.0,23.0,0.6,7.0,27.0,27.0,West Ham United,14.0,2.0,0.0,1.0,3.0,3.0,32.1,4.0,0.0,0.0,0.0,0.0,210.0,268.0,0.8,2.0,11.0,0.2,45.0,14.0,0.3,1.0,7.0,17.0,0.4,12.0,50.0,50.0,740656,2025-10-04 14:00:00,2025
Manchester United,10.0,1.0,0.0,1.0,2.0,3.0,50.2,15.0,6.0,0.4,0.0,0.0,351.0,448.0,0.8,5.0,7.0,0.7,59.0,19.0,0.3,2.0,10.0,17.0,0.6,10.0,24.0,24.0,Sunderland,12.0,4.0,0.0,2.0,3.0,4.0,49.8,8.0,3.0,0.4,0.0,0.0,341.0,428.0,0.8,4.0,20.0,0.2,52.0,16.0,0.3,1.0,9.0,21.0,0.4,10.0,31.0,31.0,740663,2025-10-04 14:00:00,2025
Chelsea,9.0,0.0,0.0,2.0,7.0,1.0,53.2,12.0,6.0,0.5,0.0,0.0,422.0,508.0,0.8,3.0,20.0,0.2,67.0,29.0,0.4,2.0,12.0,21.0,0.6,13.0,12.0,12.0,Liverpool,8.0,2.0,0.0,2.0,2.0,4.0,46.8,12.0,2.0,0.2,0.0,0.0,370.0,450.0,0.8,3.0,11.0,0.3,43.0,16.0,0.4,5.0,12.0,16.0,0.8,9.0,26.0,26.0,740660,2025-10-04 16:30:00,2025
Aston Villa,9.0,3.0,0.0,3.0,6.0,1.0,55.0,15.0,7.0,0.5,0.0,0.0,434.0,496.0,0.9,8.0,11.0,0.7,38.0,21.0,0.6,3.0,10.0,15.0,0.7,5.0,23.0,23.0,Burnley,15.0,1.0,0.0,5.0,4.0,5.0,45.0,5.0,2.0,0.4,0.0,0.0,331.0,409.0,0.8,3.0,7.0,0.4,55.0,23.0,0.4,2.0,11.0,27.0,0.4,13.0,5.0,5.0,740657,2025-10-05 13:00:00,2025
Newcastle United,16.0,0.0,0.0,0.0,8.0,4.0,51.3,18.0,9.0,0.5,1.0,1.0,387.0,464.0,0.8,5.0,26.0,0.2,42.0,13.0,0.3,5.0,11.0,16.0,0.7,9.0,16.0,16.0,Nottingham Forest,15.0,4.0,0.0,2.0,1.0,7.0,48.7,5.0,4.0,0.8,0.0,0.0,372.0,452.0,0.8,3.0,14.0,0.2,51.0,20.0,0.4,0.0,8.0,13.0,0.6,9.0,38.0,38.0,740664,2025-10-05 13:00:00,2025
Wolverhampton Wanderers,13.0,2.0,0.0,1.0,2.0,5.0,41.5,6.0,3.0,0.5,0.0,0.0,270.0,353.0,0.8,3.0,15.0,0.2,64.0,31.0,0.5,0.0,14.0,26.0,0.5,9.0,32.0,32.0,Brighton & Hove Albion,9.0,4.0,0.0,3.0,8.0,3.0,58.5,17.0,6.0,0.4,0.0,0.0,427.0,492.0,0.9,13.0,31.0,0.4,44.0,26.0,0.6,5.0,10.0,19.0,0.5,9.0,16.0,16.0,740665,2025-10-05 13:00:00,2025
Everton,13.0,2.0,0.0,0.0,2.0,5.0,50.3,14.0,7.0,0.5,1.0,1.0,351.0,433.0,0.8,6.0,19.0,0.3,49.0,24.0,0.5,2.0,10.0,19.0,0.5,11.0,35.0,35.0,Crystal Palace,16.0,3.0,0.0,1.0,4.0,5.0,49.7,15.0,8.0,0.5,0.0,0.0,349.0,432.0,0.8,3.0,14.0,0.2,52.0,17.0,0.3,3.0,15.0,31.0,0.5,14.0,38.0,38.0,740661,2025-10-05 13:00:00,2025
Brentford,10.0,3.0,0.0,1.0,3.0,3.0,30.0,6.0,1.0,0.2,0.0,0.0,249.0,311.0,0.8,2.0,14.0,0.1,45.0,17.0,0.4,2.0,10.0,16.0,0.6,11.0,14.0,14.0,Manchester City,6.0,2.0,0.0,1.0,2.0,1.0,70.0,10.0,4.0,0.4,0.0,0.0,698.0,764.0,0.9,2.0,9.0,0.2,30.0,18.0,0.6,4.0,10.0,14.0,0.7,6.0,21.0,21.0,740659,2025-10-05 15:30:00,2025
Nottingham Forest,13.0,2.0,0.0,1.0,5.0,3.0,49.7,12.0,2.0,0.2,0.0,0.0,367.0,445.0,0.8,5.0,23.0,0.2,46.0,15.0,0.3,2.0,10.0,19.0,0.5,9.0,15.0,15.0,Chelsea,16.0,2.0,1.0,2.0,2.0,2.0,50.3,17.0,6.0,0.4,0.0,0.0,397.0,463.0,0.9,3.0,9.0,0.3,57.0,28.0,0.5,5.0,8.0,15.0,0.5,13.0,19.0,19.0,740672,2025-10-18 11:30:00,2025
Crystal Palace,8.0,1.0,0.0,3.0,6.0,2.0,52.3,20.0,7.0,0.4,1.0,1.0,308.0,404.0,0.8,6.0,19.0,0.3,69.0,36.0,0.5,7.0,14.0,23.0,0.6,6.0,32.0,32.0,AFC Bournemouth,16.0,4.0,0.0,3.0,5.0,4.0,47.7,8.0,5.0,0.6,0.0,0.0,280.0,364.0,0.8,2.0,12.0,0.2,52.0,20.0,0.4,0.0,7.0,18.0,0.4,12.0,47.0,47.0,740668,2025-10-18 14:00:00,2025
Sunderland,5.0,0.0,0.0,2.0,3.0,3.0,41.2,8.0,2.0,0.3,0.0,0.0,248.0,341.0,0.7,3.0,12.0,0.3,56.0,15.0,0.3,3.0,9.0,14.0,0.6,7.0,36.0,36.0,Wolverhampton Wanderers,12.0,0.0,0.0,2.0,2.0,1.0,58.8,16.0,3.0,0.2,0.0,0.0,393.0,466.0,0.8,11.0,31.0,0.4,60.0,29.0,0.5,5.0,12.0,15.0,0.8,8.0,40.0,40.0,740673,2025-10-18 14:00:00,2025
Brighton & Hove Albion,9.0,0.0,0.0,3.0,8.0,2.0,45.6,13.0,5.0,0.4,0.0,0.0,341.0,421.0,0.8,4.0,18.0,0.2,45.0,16.0,0.4,5.0,14.0,21.0,0.7,5.0,30.0,30.0,Newcastle United,9.0,1.0,0.0,1.0,4.0,3.0,54.4,16.0,3.0,0.2,0.0,0.0,419.0,491.0,0.9,7.0,24.0,0.3,36.0,17.0,0.5,5.0,13.0,17.0,0.8,7.0,22.0,22.0,740666,2025-10-18 14:00:00,2025
Manchester City,8.0,0.0,0.0,0.0,11.0,1.0,71.1,19.0,7.0,0.4,0.0,0.0,685.0,749.0,0.9,5.0,18.0,0.3,38.0,23.0,0.6,7.0,9.0,15.0,0.6,5.0,26.0,26.0,Everton,14.0,2.0,0.0,1.0,3.0,5.0,28.9,5.0,1.0,0.2,0.0,0.0,237.0,300.0,0.8,1.0,10.0,0.1,56.0,25.0,0.4,2.0,11.0,18.0,0.6,7.0,28.0,28.0,740671,2025-10-18 14:00:00,2025
Burnley,10.0,2.0,0.0,1.0,1.0,4.0,31.1,4.0,3.0,0.8,0.0,0.0,221.0,292.0,0.8,1.0,7.0,0.1,49.0,23.0,0.5,0.0,8.0,14.0,0.6,17.0,50.0,50.0,Leeds United,7.0,1.0,0.0,0.0,5.0,1.0,68.9,19.0,4.0,0.2,0.0,0.0,526.0,615.0,0.9,18.0,47.0,0.4,39.0,13.0,0.3,3.0,6.0,13.0,0.5,12.0,12.0,12.0,740667,2025-10-18 14:00:00,2025
Fulham,11.0,0.0,0.0,0.0,6.0,4.0,37.0,9.0,0.0,0.0,0.0,0.0,248.0,313.0,0.8,2.0,18.0,0.1,54.0,19.0,0.4,3.0,13.0,20.0,0.7,7.0,35.0,35.0,Arsenal,4.0,0.0,0.0,2.0,10.0,0.0,63.0,16.0,5.0,0.3,0.0,0.0,475.0,546.0,0.9,5.0,24.0,0.2,48.0,20.0,0.4,4.0,5.0,9.0,0.6,1.0,29.0,29.0,740669,2025-10-18 16:30:00,2025
Tottenham Hotspur,11.0,2.0,0.0,6.0,6.0,0.0,52.6,10.0,3.0,0.3,0.0,0.0,336.0,382.0,0.9,5.0,22.0,0.2,41.0,25.0,0.6,2.0,15.0,25.0,0.6,6.0,29.0,29.0,Aston Villa,7.0,0.0,0.0,1.0,6.0,2.0,47.4,8.0,2.0,0.3,0.0,0.0,292.0,348.0,0.8,0.0,16.0,0.0,42.0,15.0,0.4,2.0,15.0,24.0,0.6,2.0,29.0,29.0,740674,2025-10-19 13:00:00,2025
Liverpool,8.0,0.0,0.0,1.0,9.0,2.0,63.5,19.0,6.0,0.3,0.0,0.0,408.0,480.0,0.9,9.0,48.0,0.2,47.0,27.0,0.6,2.0,7.0,13.0,0.5,5.0,28.0,28.0,Manchester United,14.0,2.0,0.0,1.0,4.0,5.0,36.5,12.0,4.0,0.3,0.0,0.0,200.0,294.0,0.7,4.0,12.0,0.3,75.0,18.0,0.2,3.0,9.0,15.0,0.6,6.0,46.0,46.0,740670,2025-10-19 15:30:00,2025
West Ham United,10.0,1.0,0.0,3.0,6.0,4.0,43.7,7.0,1.0,0.1,0.0,0.0,257.0,344.0,0.7,2.0,20.0,0.1,56.0,19.0,0.3,3.0,12.0,16.0,0.8,2.0,39.0,39.0,Brentford,10.0,1.0,0.0,2.0,10.0,1.0,56.3,22.0,7.0,0.3,0.0,0.0,372.0,451.0,0.8,13.0,24.0,0.5,48.0,23.0,0.5,5.0,8.0,11.0,0.7,7.0,26.0,26.0,740675,2025-10-20 19:00:00,2025
Leeds United,12.0,3.0,0.0,1.0,3.0,2.0,40.9,13.0,5.0,0.4,0.0,0.0,302.0,373.0,0.8,5.0,11.0,0.5,56.0,20.0,0.4,3.0,13.0,21.0,0.6,13.0,39.0,39.0,West Ham United,11.0,3.0,0.0,1.0,4.0,3.0,59.1,9.0,3.0,0.3,0.0,0.0,441.0,536.0,0.8,3.0,23.0,0.1,47.0,19.0,0.4,3.0,6.0,13.0,0.5,4.0,12.0,12.0,740682,2025-10-24 19:00:00,2025
Chelsea,15.0,1.0,0.0,3.0,9.0,2.0,68.4,16.0,7.0,0.4,0.0,0.0,567.0,629.0,0.9,4.0,29.0,0.1,39.0,19.0,0.5,4.0,8.0,8.0,1.0,3.0,18.0,18.0,Sunderland,13.0,1.0,0.0,2.0,1.0,6.0,31.6,10.0,4.0,0.4,0.0,0.0,230.0,293.0,0.8,1.0,9.0,0.1,49.0,19.0,0.4,4.0,8.0,14.0,0.6,8.0,33.0,33.0,740685,2025-10-25 14:00:00,2025
Newcastle United,11.0,0.0,0.0,0.0,4.0,4.0,50.8,18.0,7.0,0.4,0.0,0.0,381.0,452.0,0.8,6.0,19.0,0.3,44.0,22.0,0.5,5.0,9.0,14.0,0.6,7.0,20.0,20.0,Fulham,18.0,2.0,0.0,1.0,3.0,5.0,49.2,12.0,5.0,0.4,0.0,0.0,351.0,444.0,0.8,1.0,13.0,0.1,50.0,22.0,0.4,5.0,11.0,19.0,0.6,9.0,21.0,21.0,740680,2025-10-25 14:00:00,2025
Manchester United,4.0,2.0,0.0,2.0,1.0,3.0,43.6,13.0,9.0,0.7,0.0,0.0,361.0,442.0,0.8,1.0,9.0,0.1,56.0,27.0,0.5,1.0,13.0,21.0,0.6,14.0,15.0,15.0,Brighton & Hove Albion,13.0,2.0,0.0,2.0,6.0,5.0,56.4,17.0,5.0,0.3,0.0,0.0,485.0,568.0,0.9,5.0,17.0,0.3,44.0,20.0,0.5,4.0,12.0,18.0,0.7,12.0,18.0,18.0,740683,2025-10-25 16:30:00,2025
Brentford,7.0,3.0,0.0,2.0,5.0,3.0,33.7,17.0,8.0,0.5,1.0,1.0,201.0,288.0,0.7,6.0,19.0,0.3,64.0,22.0,0.3,2.0,9.0,15.0,0.6,14.0,35.0,35.0,Liverpool,10.0,2.0,0.0,0.0,4.0,5.0,66.3,18.0,5.0,0.3,0.0,0.0,490.0,586.0,0.8,7.0,21.0,0.3,61.0,24.0,0.4,6.0,12.0,21.0,0.6,4.0,41.0,41.0,740679,2025-10-25 19:00:00,2025
Wolverhampton Wanderers,12.0,1.0,0.0,2.0,5.0,4.0,57.1,15.0,7.0,0.5,1.0,1.0,414.0,493.0,0.8,12.0,44.0,0.3,53.0,28.0,0.5,2.0,6.0,14.0,0.4,9.0,24.0,24.0,Burnley,7.0,0.0,0.0,2.0,3.0,5.0,42.9,11.0,7.0,0.6,0.0,0.0,308.0,391.0,0.8,1.0,10.0,0.1,63.0,27.0,0.4,3.0,8.0,19.0,0.4,5.0,42.0,42.0,740684,2025-10-26 14:00:00,2025
Arsenal,6.0,0.0,0.0,2.0,4.0,1.0,59.7,10.0,3.0,0.3,0.0,0.0,449.0,540.0,0.8,4.0,10.0,0.4,53.0,18.0,0.3,3.0,7.0,12.0,0.6,6.0,28.0,28.0,Crystal Palace,11.0,0.0,0.0,1.0,3.0,2.0,40.3,7.0,1.0,0.1,0.0,0.0,265.0,360.0,0.7,3.0,10.0,0.3,63.0,19.0,0.3,3.0,9.0,16.0,0.6,12.0,44.0,44.0,740676,2025-10-26 14:00:00,2025
AFC Bournemouth,17.0,3.0,0.0,3.0,6.0,4.0,52.3,13.0,5.0,0.4,0.0,0.0,359.0,447.0,0.8,2.0,10.0,0.2,48.0,17.0,0.4,4.0,7.0,9.0,0.8,12.0,16.0,16.0,Nottingham Forest,7.0,1.0,0.0,0.0,4.0,3.0,47.7,8.0,4.0,0.5,0.0,0.0,318.0,409.0,0.8,3.0,13.0,0.2,69.0,30.0,0.4,2.0,10.0,19.0,0.5,9.0,18.0,18.0,740678,2025-10-26 14:00:00,2025
Aston Villa,8.0,1.0,0.0,1.0,5.0,3.0,47.0,9.0,3.0,0.3,0.0,0.0,388.0,449.0,0.9,3.0,12.0,0.3,59.0,25.0,0.4,5.0,11.0,18.0,0.6,7.0,19.0,19.0,Manchester City,16.0,4.0,0.0,3.0,6.0,2.0,53.0,18.0,4.0,0.2,0.0,0.0,455.0,504.0,0.9,7.0,21.0,0.3,20.0,10.0,0.5,9.0,8.0,14.0,0.6,11.0,19.0,19.0,740677,2025-10-26 14:00:00,2025
Everton,9.0,2.0,0.0,2.0,9.0,1.0,53.5,12.0,2.0,0.2,0.0,0.0,374.0,442.0,0.8,3.0,33.0,0.1,37.0,16.0,0.4,5.0,10.0,19.0,0.5,6.0,27.0,27.0,Tottenham Hotspur,8.0,0.0,0.0,2.0,8.0,2.0,46.5,7.0,4.0,0.6,0.0,0.0,329.0,395.0,0.8,4.0,15.0,0.3,45.0,14.0,0.3,1.0,11.0,20.0,0.6,6.0,54.0,54.0,740681,2025-10-26 16:30:00,2025
Brighton & Hove Albion,10.0,0.0,0.0,3.0,4.0,2.0,49.8,14.0,7.0,0.5,0.0,0.0,431.0,491.0,0.9,2.0,10.0,0.2,39.0,19.0,0.5,2.0,15.0,24.0,0.6,3.0,14.0,14.0,Leeds United,7.0,1.0,0.0,1.0,7.0,4.0,50.2,5.0,2.0,0.4,0.0,0.0,423.0,486.0,0.9,4.0,19.0,0.2,47.0,22.0,0.5,1.0,8.0,12.0,0.7,6.0,19.0,19.0,740686,2025-11-01 15:00:00,2025
Fulham,13.0,1.0,0.0,3.0,10.0,2.0,63.3,19.0,6.0,0.3,0.0,0.0,477.0,549.0,0.9,6.0,21.0,0.3,41.0,19.0,0.5,8.0,2.0,6.0,0.3,4.0,22.0,22.0,Wolverhampton Wanderers,14.0,3.0,1.0,0.0,1.0,4.0,36.7,5.0,2.0,0.4,0.0,0.0,243.0,316.0,0.8,4.0,16.0,0.3,68.0,31.0,0.5,1.0,12.0,17.0,0.7,10.0,31.0,31.0,740689,2025-11-01 15:00:00,2025
Burnley,10.0,2.0,0.0,0.0,1.0,5.0,46.4,3.0,0.0,0.0,0.0,0.0,348.0,427.0,0.8,1.0,13.0,0.1,57.0,27.0,0.5,0.0,9.0,14.0,0.6,7.0,28.0,28.0,Arsenal,13.0,1.0,0.0,1.0,6.0,0.0,53.6,12.0,8.0,0.7,0.0,0.0,426.0,494.0,0.9,4.0,14.0,0.3,43.0,13.0,0.3,1.0,7.0,16.0,0.4,6.0,28.0,28.0,740687,2025-11-01 15:00:00,2025
Crystal Palace,7.0,0.0,0.0,1.0,6.0,2.0,35.7,10.0,3.0,0.3,0.0,0.0,178.0,268.0,0.7,2.0,17.0,0.1,56.0,17.0,0.3,4.0,7.0,13.0,0.5,12.0,31.0,31.0,Brentford,11.0,3.0,0.0,3.0,5.0,2.0,64.3,6.0,2.0,0.3,0.0,0.0,392.0,493.0,0.8,1.0,17.0,0.1,68.0,27.0,0.4,2.0,11.0,16.0,0.7,4.0,38.0,38.0,740688,2025-11-01 15:00:00,2025
Nottingham Forest,10.0,1.0,0.0,2.0,8.0,4.0,41.2,17.0,3.0,0.2,0.0,0.0,263.0,350.0,0.8,5.0,25.0,0.2,62.0,23.0,0.4,6.0,10.0,17.0,0.6,11.0,17.0,17.0,Manchester United,7.0,1.0,0.0,1.0,5.0,1.0,58.8,18.0,7.0,0.4,0.0,0.0,442.0,525.0,0.8,5.0,13.0,0.4,62.0,31.0,0.5,5.0,10.0,12.0,0.8,10.0,22.0,22.0,740692,2025-11-01 15:00:00,2025
Tottenham Hotspur,14.0,4.0,0.0,1.0,6.0,8.0,47.9,3.0,1.0,0.3,0.0,0.0,294.0,387.0,0.8,0.0,16.0,0.0,46.0,13.0,0.3,1.0,19.0,30.0,0.6,4.0,20.0,20.0,Chelsea,12.0,2.0,0.0,1.0,5.0,1.0,52.1,15.0,9.0,0.6,0.0,0.0,343.0,425.0,0.8,3.0,13.0,0.2,53.0,26.0,0.5,1.0,12.0,20.0,0.6,17.0,19.0,19.0,740690,2025-11-01 17:30:00,2025
Liverpool,13.0,2.0,0.0,8.0,1.0,3.0,53.4,16.0,4.0,0.3,0.0,0.0,408.0,467.0,0.9,1.0,11.0,0.1,42.0,19.0,0.5,5.0,8.0,12.0,0.7,6.0,25.0,25.0,Aston Villa,11.0,3.0,0.0,0.0,4.0,2.0,46.6,10.0,3.0,0.3,0.0,0.0,336.0,398.0,0.8,1.0,18.0,0.1,48.0,21.0,0.4,1.0,7.0,11.0,0.6,6.0,26.0,26.0,740694,2025-11-01 20:00:00,2025
West Ham United,5.0,1.0,0.0,4.0,7.0,3.0,37.4,15.0,9.0,0.6,0.0,0.0,245.0,320.0,0.8,6.0,21.0,0.3,62.0,20.0,0.3,3.0,13.0,21.0,0.6,7.0,41.0,41.0,Newcastle United,10.0,2.0,0.0,0.0,6.0,7.0,62.6,12.0,4.0,0.3,0.0,0.0,467.0,545.0,0.9,2.0,27.0,0.1,44.0,22.0,0.5,2.0,5.0,8.0,0.6,9.0,19.0,19.0,740695,2025-11-02 14:00:00,2025
Manchester City,8.0,2.0,0.0,0.0,10.0,4.0,48.4,15.0,8.0,0.5,0.0,0.0,425.0,493.0,0.9,4.0,16.0,0.3,34.0,16.0,0.5,3.0,7.0,10.0,0.7,9.0,23.0,23.0,AFC Bournemouth,11.0,2.0,0.0,3.0,4.0,4.0,51.6,8.0,5.0,0.6,0.0,0.0,461.0,521.0,0.9,1.0,20.0,0.1,46.0,26.0,0.6,1.0,10.0,23.0,0.4,5.0,27.0,27.0,740691,2025-11-02 16:30:00,2025
Sunderland,10.0,3.0,0.0,2.0,4.0,1.0,60.7,17.0,3.0,0.2,0.0,0.0,449.0,529.0,0.8,6.0,21.0,0.3,59.0,29.0,0.5,7.0,10.0,14.0,0.7,5.0,21.0,21.0,Everton,12.0,2.0,0.0,0.0,1.0,2.0,39.3,8.0,2.0,0.3,0.0,0.0,267.0,347.0,0.8,2.0,9.0,0.2,46.0,13.0,0.3,3.0,6.0,14.0,0.4,8.0,45.0,45.0,740693,2025-11-03 20:00:00,2025
Tottenham Hotspur,10.0,5.0,0.0,2.0,5.0,0.0,54.9,10.0,4.0,0.4,0.0,0.0,385.0,464.0,0.8,5.0,29.0,0.2,44.0,14.0,0.3,3.0,15.0,26.0,0.6,7.0,17.0,17.0,Manchester United,8.0,1.0,0.0,3.0,3.0,2.0,45.1,5.0,2.0,0.4,0.0,0.0,305.0,396.0,0.8,4.0,12.0,0.3,59.0,29.0,0.5,1.0,8.0,21.0,0.4,6.0,23.0,23.0,740705,2025-11-08 12:30:00,2025
Everton,11.0,2.0,0.0,5.0,7.0,4.0,50.1,14.0,5.0,0.4,0.0,0.0,342.0,406.0,0.8,6.0,22.0,0.3,40.0,16.0,0.4,4.0,10.0,15.0,0.7,4.0,23.0,23.0,Fulham,14.0,2.0,0.0,1.0,5.0,3.0,49.9,8.0,4.0,0.5,0.0,0.0,338.0,411.0,0.8,2.0,14.0,0.1,47.0,22.0,0.5,3.0,12.0,17.0,0.7,13.0,34.0,34.0,740701,2025-11-08 15:00:00,2025
West Ham United,15.0,2.0,0.0,2.0,7.0,5.0,42.6,15.0,6.0,0.4,0.0,0.0,308.0,374.0,0.8,4.0,18.0,0.2,55.0,25.0,0.5,8.0,10.0,14.0,0.7,13.0,30.0,30.0,Burnley,13.0,2.0,0.0,1.0,4.0,3.0,57.4,16.0,7.0,0.4,0.0,0.0,440.0,517.0,0.9,3.0,13.0,0.2,50.0,21.0,0.4,7.0,11.0,16.0,0.7,7.0,28.0,28.0,740696,2025-11-08 15:00:00,2025
Sunderland,13.0,2.0,0.0,2.0,2.0,5.0,35.2,6.0,2.0,0.3,0.0,0.0,226.0,287.0,0.8,0.0,11.0,0.0,41.0,12.0,0.3,2.0,8.0,16.0,0.5,6.0,39.0,39.0,Arsenal,13.0,1.0,0.0,0.0,2.0,0.0,64.8,17.0,7.0,0.4,0.0,0.0,460.0,529.0,0.9,4.0,22.0,0.2,36.0,10.0,0.3,4.0,4.0,12.0,0.3,3.0,25.0,25.0,740704,2025-11-08 17:30:00,2025
Chelsea,12.0,1.0,0.0,0.0,10.0,0.0,64.1,20.0,8.0,0.4,0.0,0.0,543.0,614.0,0.9,4.0,26.0,0.2,44.0,25.0,0.6,6.0,8.0,9.0,0.9,7.0,15.0,15.0,Wolverhampton Wanderers,14.0,2.0,0.0,0.0,1.0,5.0,35.9,3.0,0.0,0.0,0.0,0.0,279.0,346.0,0.8,1.0,9.0,0.1,58.0,29.0,0.5,0.0,3.0,10.0,0.3,12.0,30.0,30.0,740699,2025-11-08 20:00:00,2025
Brentford,10.0,2.0,0.0,2.0,6.0,0.0,48.8,15.0,7.0,0.5,1.0,1.0,321.0,423.0,0.8,5.0,16.0,0.3,61.0,28.0,0.5,4.0,12.0,17.0,0.7,10.0,16.0,16.0,Newcastle United,13.0,1.0,1.0,0.0,2.0,4.0,51.2,5.0,1.0,0.2,0.0,0.0,362.0,440.0,0.8,2.0,15.0,0.1,50.0,23.0,0.5,1.0,7.0,10.0,0.7,5.0,56.0,56.0,740698,2025-11-09 14:00:00,2025
Aston Villa,8.0,2.0,0.0,0.0,6.0,3.0,51.8,16.0,8.0,0.5,0.0,0.0,271.0,346.0,0.8,3.0,16.0,0.2,48.0,20.0,0.4,6.0,12.0,20.0,0.6,6.0,22.0,22.0,AFC Bournemouth,20.0,2.0,0.0,2.0,9.0,4.0,48.2,12.0,3.0,0.3,0.0,1.0,253.0,316.0,0.8,2.0,21.0,0.1,38.0,17.0,0.4,4.0,9.0,16.0,0.6,11.0,35.0,35.0,740697,2025-11-09 14:00:00,2025
Nottingham Forest,10.0,2.0,0.0,2.0,6.0,2.0,45.5,14.0,6.0,0.4,1.0,1.0,277.0,348.0,0.8,6.0,26.0,0.2,58.0,23.0,0.4,6.0,17.0,27.0,0.6,6.0,27.0,27.0,Leeds United,11.0,1.0,0.0,1.0,4.0,3.0,54.5,10.0,3.0,0.3,0.0,0.0,353.0,435.0,0.8,2.0,13.0,0.2,55.0,19.0,0.3,2.0,10.0,15.0,0.7,9.0,28.0,28.0,740703,2025-11-09 14:00:00,2025
Crystal Palace,10.0,1.0,0.0,2.0,4.0,3.0,42.2,10.0,2.0,0.2,0.0,0.0,272.0,373.0,0.7,6.0,11.0,0.5,57.0,17.0,0.3,1.0,14.0,21.0,0.7,14.0,32.0,32.0,Brighton & Hove Albion,12.0,4.0,0.0,1.0,8.0,2.0,57.8,7.0,3.0,0.4,0.0,0.0,423.0,503.0,0.8,4.0,26.0,0.2,46.0,25.0,0.5,3.0,11.0,16.0,0.7,4.0,22.0,22.0,740700,2025-11-09 14:00:00,2025
Manchester City,14.0,2.0,0.0,1.0,7.0,2.0,48.5,14.0,6.0,0.4,0.0,1.0,377.0,452.0,0.8,4.0,11.0,0.4,31.0,14.0,0.5,5.0,12.0,17.0,0.7,9.0,23.0,23.0,Liverpool,15.0,4.0,0.0,7.0,7.0,3.0,51.5,7.0,1.0,0.1,0.0,0.0,410.0,471.0,0.9,1.0,18.0,0.1,37.0,18.0,0.5,4.0,7.0,8.0,0.9,9.0,13.0,13.0,740702,2025-11-09 16:30:00,2025
Burnley,13.0,2.0,0.0,0.0,1.0,3.0,44.2,8.0,2.0,0.3,0.0,0.0,329.0,418.0,0.8,1.0,7.0,0.1,61.0,21.0,0.3,3.0,7.0,16.0,0.4,12.0,28.0,28.0,Chelsea,8.0,3.0,0.0,3.0,9.0,2.0,55.8,15.0,5.0,0.3,0.0,0.0,439.0,524.0,0.8,1.0,13.0,0.1,46.0,18.0,0.4,5.0,9.0,15.0,0.6,12.0,19.0,19.0,740707,2025-11-22 12:30:00,2025
AFC Bournemouth,9.0,3.0,0.0,2.0,9.0,0.0,76.2,28.0,10.0,0.4,1.0,1.0,527.0,616.0,0.9,15.0,54.0,0.3,35.0,13.0,0.4,7.0,10.0,19.0,0.5,7.0,11.0,11.0,West Ham United,10.0,2.0,0.0,2.0,2.0,10.0,23.8,5.0,2.0,0.4,0.0,0.0,115.0,202.0,0.6,1.0,6.0,0.2,69.0,24.0,0.3,1.0,10.0,13.0,0.8,9.0,57.0,57.0,740715,2025-11-22 15:00:00,2025
Liverpool,11.0,2.0,0.0,0.0,8.0,4.0,74.5,21.0,4.0,0.2,0.0,0.0,559.0,629.0,0.9,9.0,39.0,0.2,34.0,19.0,0.6,9.0,10.0,15.0,0.7,4.0,17.0,17.0,Nottingham Forest,8.0,0.0,0.0,2.0,6.0,3.0,25.5,15.0,7.0,0.5,0.0,0.0,151.0,215.0,0.7,3.0,15.0,0.2,57.0,21.0,0.4,5.0,17.0,27.0,0.6,7.0,46.0,46.0,740710,2025-11-22 15:00:00,2025
Fulham,5.0,3.0,0.0,1.0,7.0,2.0,56.9,24.0,6.0,0.3,0.0,0.0,412.0,485.0,0.8,8.0,26.0,0.3,45.0,22.0,0.5,5.0,7.0,11.0,0.6,6.0,28.0,28.0,Sunderland,13.0,3.0,0.0,3.0,4.0,4.0,43.1,4.0,2.0,0.5,0.0,0.0,299.0,373.0,0.8,2.0,14.0,0.1,49.0,17.0,0.3,1.0,9.0,21.0,0.4,9.0,25.0,25.0,740708,2025-11-22 15:00:00,2025
Wolverhampton Wanderers,13.0,2.0,0.0,2.0,1.0,2.0,47.9,8.0,1.0,0.1,0.0,0.0,330.0,408.0,0.8,2.0,14.0,0.1,56.0,27.0,0.5,2.0,10.0,21.0,0.5,8.0,44.0,44.0,Crystal Palace,9.0,3.0,0.0,3.0,4.0,1.0,52.1,10.0,4.0,0.4,0.0,0.0,364.0,437.0,0.8,0.0,23.0,0.0,50.0,24.0,0.5,3.0,11.0,19.0,0.6,10.0,30.0,30.0,740713,2025-11-22 15:00:00,2025
Brighton & Hove Albion,10.0,4.0,0.0,0.0,7.0,3.0,64.2,14.0,5.0,0.4,0.0,0.0,479.0,576.0,0.8,3.0,18.0,0.2,45.0,20.0,0.4,1.0,10.0,23.0,0.4,8.0,19.0,19.0,Brentford,9.0,2.0,0.0,1.0,4.0,3.0,35.8,10.0,4.0,0.4,1.0,2.0,234.0,314.0,0.7,3.0,14.0,0.2,51.0,18.0,0.4,1.0,8.0,20.0,0.4,13.0,29.0,29.0,740706,2025-11-22 15:00:00,2025
Newcastle United,13.0,1.0,0.0,3.0,5.0,3.0,33.0,9.0,5.0,0.6,0.0,0.0,220.0,285.0,0.8,5.0,14.0,0.4,56.0,25.0,0.4,1.0,11.0,17.0,0.6,7.0,36.0,36.0,Manchester City,8.0,3.0,0.0,2.0,9.0,3.0,67.0,17.0,4.0,0.2,0.0,0.0,525.0,584.0,0.9,6.0,26.0,0.2,33.0,18.0,0.5,4.0,9.0,13.0,0.7,10.0,15.0,15.0,740712,2025-11-22 17:30:00,2025
Leeds United,18.0,5.0,0.0,4.0,3.0,2.0,47.9,14.0,5.0,0.4,0.0,0.0,339.0,400.0,0.8,4.0,26.0,0.2,48.0,20.0,0.4,4.0,16.0,26.0,0.6,12.0,21.0,21.0,Aston Villa,16.0,1.0,0.0,2.0,3.0,3.0,52.1,14.0,3.0,0.2,0.0,0.0,358.0,449.0,0.8,4.0,11.0,0.4,49.0,18.0,0.4,4.0,8.0,20.0,0.4,7.0,18.0,18.0,740709,2025-11-23 14:00:00,2025
Arsenal,11.0,1.0,0.0,3.0,4.0,1.0,57.4,17.0,8.0,0.5,0.0,0.0,363.0,448.0,0.8,4.0,15.0,0.3,51.0,20.0,0.4,2.0,16.0,23.0,0.7,11.0,17.0,17.0,Tottenham Hotspur,15.0,3.0,0.0,1.0,1.0,4.0,42.6,3.0,2.0,0.7,0.0,0.0,250.0,330.0,0.8,0.0,7.0,0.0,55.0,18.0,0.3,0.0,12.0,21.0,0.6,8.0,34.0,34.0,740714,2025-11-23 16:30:00,2025
Manchester United,12.0,2.0,0.0,1.0,9.0,0.0,69.9,25.0,6.0,0.2,0.0,0.0,558.0,635.0,0.9,7.0,38.0,0.2,28.0,18.0,0.6,7.0,7.0,14.0,0.5,8.0,19.0,19.0,Everton,9.0,0.0,1.0,2.0,1.0,6.0,30.1,3.0,1.0,0.3,0.0,0.0,190.0,281.0,0.7,1.0,9.0,0.1,65.0,26.0,0.4,1.0,3.0,6.0,0.5,11.0,46.0,46.0,740711,2025-11-24 20:00:00,2025
Sunderland,14.0,5.0,0.0,1.0,6.0,4.0,42.5,12.0,6.0,0.5,1.0,1.0,240.0,334.0,0.7,6.0,22.0,0.3,50.0,13.0,0.3,2.0,8.0,14.0,0.6,8.0,26.0,26.0,AFC Bournemouth,13.0,5.0,1.0,2.0,3.0,3.0,57.5,18.0,6.0,0.3,0.0,0.0,376.0,463.0,0.8,5.0,23.0,0.2,59.0,24.0,0.4,4.0,10.0,19.0,0.5,9.0,21.0,21.0,740724,2025-11-29 15:00:00,2025
Brentford,7.0,0.0,0.0,3.0,5.0,1.0,52.1,14.0,4.0,0.3,1.0,1.0,321.0,406.0,0.8,5.0,24.0,0.2,42.0,19.0,0.5,1.0,8.0,9.0,0.9,11.0,51.0,51.0,Burnley,7.0,2.0,0.0,1.0,6.0,1.0,47.9,6.0,2.0,0.3,1.0,1.0,263.0,379.0,0.7,1.0,15.0,0.1,79.0,20.0,0.3,3.0,18.0,26.0,0.7,7.0,37.0,37.0,740718,2025-11-29 15:00:00,2025
Manchester City,17.0,4.0,0.0,2.0,8.0,1.0,61.7,18.0,9.0,0.5,0.0,0.0,495.0,561.0,0.9,9.0,26.0,0.3,42.0,26.0,0.6,6.0,2.0,6.0,0.3,2.0,25.0,25.0,Leeds United,11.0,1.0,0.0,4.0,1.0,6.0,38.3,9.0,4.0,0.4,0.0,1.0,265.0,348.0,0.8,3.0,14.0,0.2,56.0,20.0,0.4,2.0,14.0,26.0,0.5,8.0,21.0,21.0,740717,2025-11-29 15:00:00,2025
Everton,4.0,0.0,0.0,0.0,8.0,3.0,48.8,10.0,2.0,0.2,0.0,0.0,458.0,520.0,0.9,5.0,25.0,0.2,51.0,30.0,0.6,2.0,12.0,19.0,0.6,9.0,19.0,19.0,Newcastle United,6.0,0.0,0.0,0.0,7.0,1.0,51.2,13.0,8.0,0.6,0.0,0.0,485.0,553.0,0.9,7.0,17.0,0.4,36.0,20.0,0.6,4.0,16.0,16.0,1.0,3.0,30.0,30.0,740721,2025-11-29 17:30:00,2025
Tottenham Hotspur,11.0,3.0,0.0,3.0,8.0,1.0,62.6,14.0,2.0,0.1,0.0,0.0,439.0,507.0,0.9,6.0,39.0,0.2,41.0,21.0,0.5,6.0,7.0,14.0,0.5,13.0,18.0,18.0,Fulham,7.0,2.0,0.0,4.0,2.0,0.0,37.4,7.0,3.0,0.4,0.0,0.0,240.0,320.0,0.8,1.0,6.0,0.2,59.0,21.0,0.4,3.0,16.0,29.0,0.6,9.0,47.0,47.0,740720,2025-11-29 20:00:00,2025
Crystal Palace,14.0,3.0,0.0,3.0,4.0,4.0,43.9,14.0,3.0,0.2,1.0,1.0,244.0,339.0,0.7,4.0,17.0,0.2,61.0,16.0,0.3,5.0,9.0,14.0,0.6,7.0,44.0,44.0,Manchester United,14.0,2.0,0.0,0.0,4.0,2.0,56.1,14.0,6.0,0.4,0.0,0.0,352.0,443.0,0.8,3.0,18.0,0.2,58.0,27.0,0.5,0.0,6.0,16.0,0.4,10.0,31.0,31.0,740725,2025-11-30 12:00:00,2025
West Ham United,12.0,1.0,1.0,2.0,7.0,3.0,43.8,7.0,0.0,0.0,0.0,0.0,303.0,380.0,0.8,2.0,24.0,0.1,47.0,16.0,0.3,5.0,9.0,13.0,0.7,9.0,21.0,21.0,Liverpool,14.0,0.0,0.0,1.0,2.0,0.0,56.2,9.0,5.0,0.6,0.0,0.0,445.0,515.0,0.9,2.0,10.0,0.2,40.0,19.0,0.5,0.0,7.0,11.0,0.6,4.0,29.0,29.0,740722,2025-11-30 14:05:00,2025
Nottingham Forest,11.0,0.0,0.0,1.0,9.0,3.0,51.9,19.0,3.0,0.2,0.0,0.0,409.0,492.0,0.8,8.0,33.0,0.2,59.0,29.0,0.5,10.0,14.0,22.0,0.6,7.0,19.0,19.0,Brighton & Hove Albion,10.0,1.0,0.0,0.0,2.0,3.0,48.1,17.0,6.0,0.4,0.0,0.0,392.0,476.0,0.8,3.0,5.0,0.6,64.0,26.0,0.4,6.0,13.0,19.0,0.7,13.0,37.0,37.0,740723,2025-11-30 14:05:00,2025
Aston Villa,13.0,0.0,0.0,0.0,7.0,4.0,52.2,16.0,6.0,0.4,0.0,0.0,401.0,461.0,0.9,5.0,21.0,0.2,29.0,14.0,0.5,4.0,9.0,16.0,0.6,4.0,26.0,26.0,Wolverhampton Wanderers,21.0,4.0,0.0,2.0,3.0,5.0,47.8,9.0,4.0,0.4,0.0,0.0,369.0,423.0,0.9,5.0,18.0,0.3,45.0,22.0,0.5,3.0,11.0,22.0,0.5,6.0,28.0,28.0,740716,2025-11-30 14:05:00,2025
Chelsea,12.0,1.0,1.0,1.0,3.0,3.0,38.3,11.0,4.0,0.4,0.0,0.0,222.0,279.0,0.8,5.0,15.0,0.3,61.0,26.0,0.4,2.0,6.0,13.0,0.5,6.0,30.0,30.0,Arsenal,13.0,6.0,0.0,3.0,3.0,3.0,61.7,8.0,4.0,0.5,0.0,0.0,390.0,463.0,0.8,4.0,15.0,0.3,40.0,11.0,0.3,1.0,9.0,15.0,0.6,10.0,17.0,17.0,740719,2025-11-30 16:30:00,2025
Fulham,9.0,0.0,0.0,4.0,7.0,0.0,57.2,12.0,6.0,0.5,0.0,0.0,538.0,612.0,0.9,5.0,21.0,0.2,40.0,25.0,0.6,3.0,11.0,18.0,0.6,11.0,19.0,19.0,Manchester City,7.0,1.0,0.0,1.0,2.0,1.0,42.8,11.0,4.0,0.4,0.0,0.0,392.0,467.0,0.8,4.0,7.0,0.6,51.0,23.0,0.5,4.0,7.0,16.0,0.4,16.0,27.0,27.0,740730,2025-12-02 19:30:00,2025
AFC Bournemouth,14.0,3.0,0.0,1.0,1.0,2.0,54.9,5.0,2.0,0.4,0.0,0.0,402.0,476.0,0.8,3.0,17.0,0.2,45.0,15.0,0.3,2.0,10.0,15.0,0.7,3.0,55.0,55.0,Everton,14.0,3.0,0.0,1.0,6.0,2.0,45.1,13.0,3.0,0.2,0.0,0.0,281.0,378.0,0.7,2.0,26.0,0.1,53.0,18.0,0.3,5.0,11.0,18.0,0.6,4.0,24.0,24.0,740733,2025-12-02 19:30:00,2025
Newcastle United,5.0,0.0,0.0,3.0,11.0,0.0,53.3,19.0,7.0,0.4,1.0,1.0,377.0,440.0,0.9,10.0,40.0,0.3,33.0,13.0,0.4,7.0,13.0,18.0,0.7,9.0,28.0,28.0,Tottenham Hotspur,12.0,3.0,0.0,1.0,8.0,4.0,46.7,8.0,2.0,0.3,0.0,0.0,313.0,388.0,0.8,6.0,28.0,0.2,41.0,12.0,0.3,5.0,13.0,17.0,0.8,8.0,37.0,37.0,740729,2025-12-02 20:15:00,2025
Burnley,9.0,0.0,0.0,0.0,3.0,2.0,57.6,11.0,4.0,0.4,0.0,0.0,474.0,567.0,0.8,5.0,19.0,0.3,61.0,23.0,0.4,6.0,7.0,13.0,0.5,16.0,42.0,42.0,Crystal Palace,8.0,0.0,0.0,3.0,4.0,3.0,42.4,3.0,3.0,1.0,0.0,0.0,309.0,417.0,0.7,5.0,11.0,0.5,52.0,22.0,0.4,0.0,13.0,17.0,0.8,11.0,42.0,42.0,740726,2025-12-03 19:30:00,2025
Wolverhampton Wanderers,19.0,2.0,0.0,2.0,3.0,2.0,49.8,5.0,1.0,0.2,0.0,0.0,329.0,415.0,0.8,3.0,18.0,0.2,58.0,24.0,0.4,2.0,14.0,19.0,0.7,10.0,19.0,19.0,Nottingham Forest,11.0,2.0,0.0,2.0,9.0,1.0,50.2,10.0,3.0,0.3,0.0,0.0,334.0,416.0,0.8,8.0,21.0,0.4,66.0,28.0,0.4,4.0,7.0,17.0,0.4,5.0,19.0,19.0,740728,2025-12-03 19:30:00,2025
Arsenal,7.0,0.0,0.0,0.0,4.0,1.0,61.9,15.0,7.0,0.5,0.0,0.0,456.0,542.0,0.8,2.0,15.0,0.1,55.0,25.0,0.5,4.0,14.0,26.0,0.5,6.0,25.0,25.0,Brentford,9.0,1.0,0.0,0.0,8.0,5.0,38.1,6.0,1.0,0.2,0.0,0.0,255.0,333.0,0.8,3.0,12.0,0.3,65.0,28.0,0.4,3.0,12.0,19.0,0.6,10.0,34.0,34.0,740734,2025-12-03 19:30:00,2025
Brighton & Hove Albion,10.0,2.0,0.0,4.0,5.0,6.0,56.4,16.0,7.0,0.4,0.0,0.0,404.0,473.0,0.9,4.0,19.0,0.2,38.0,15.0,0.4,3.0,13.0,23.0,0.6,9.0,16.0,16.0,Aston Villa,9.0,2.0,0.0,1.0,6.0,4.0,43.6,14.0,10.0,0.7,0.0,0.0,300.0,362.0,0.8,4.0,15.0,0.3,38.0,15.0,0.4,2.0,13.0,23.0,0.6,8.0,25.0,25.0,740727,2025-12-03 19:30:00,2025
Liverpool,10.0,1.0,0.0,2.0,7.0,4.0,68.0,23.0,4.0,0.2,0.0,0.0,554.0,638.0,0.9,6.0,34.0,0.2,41.0,15.0,0.4,11.0,9.0,12.0,0.8,6.0,26.0,26.0,Sunderland,5.0,1.0,0.0,2.0,3.0,4.0,32.0,9.0,6.0,0.7,0.0,0.0,218.0,304.0,0.7,3.0,12.0,0.3,73.0,24.0,0.3,1.0,7.0,15.0,0.5,9.0,47.0,47.0,740731,2025-12-03 20:15:00,2025
Leeds United,10.0,1.0,0.0,3.0,4.0,1.0,28.9,17.0,5.0,0.3,0.0,0.0,186.0,264.0,0.7,6.0,18.0,0.3,59.0,20.0,0.3,2.0,15.0,21.0,0.7,9.0,32.0,32.0,Chelsea,13.0,1.0,0.0,1.0,2.0,2.0,71.1,14.0,2.0,0.1,0.0,0.0,608.0,682.0,0.9,5.0,20.0,0.3,35.0,15.0,0.4,5.0,11.0,16.0,0.7,3.0,35.0,35.0,740732,2025-12-03 20:15:00,2025
Manchester United,13.0,2.0,0.0,3.0,6.0,1.0,64.9,17.0,4.0,0.2,0.0,0.0,446.0,547.0,0.8,5.0,31.0,0.2,47.0,22.0,0.5,8.0,14.0,19.0,0.7,5.0,17.0,17.0,West Ham United,9.0,2.0,0.0,2.0,6.0,3.0,35.1,11.0,3.0,0.3,0.0,0.0,212.0,297.0,0.7,3.0,16.0,0.2,63.0,27.0,0.4,5.0,8.0,15.0,0.5,20.0,39.0,39.0,740735,2025-12-04 20:00:00,2025
Aston Villa,10.0,0.0,0.0,0.0,3.0,7.0,47.3,15.0,6.0,0.4,0.0,0.0,325.0,397.0,0.8,1.0,14.0,0.1,56.0,31.0,0.6,7.0,10.0,15.0,0.7,6.0,23.0,23.0,Arsenal,8.0,2.0,0.0,3.0,3.0,4.0,52.7,15.0,9.0,0.6,0.0,0.0,376.0,443.0,0.8,4.0,16.0,0.3,42.0,18.0,0.4,1.0,11.0,20.0,0.6,11.0,24.0,24.0,740745,2025-12-06 12:30:00,2025
Newcastle United,9.0,2.0,0.0,3.0,9.0,2.0,69.5,17.0,7.0,0.4,1.0,1.0,554.0,611.0,0.9,1.0,25.0,0.0,49.0,29.0,0.6,3.0,15.0,19.0,0.8,1.0,27.0,27.0,Burnley,11.0,2.0,1.0,2.0,9.0,6.0,30.5,9.0,3.0,0.3,1.0,1.0,188.0,259.0,0.7,6.0,20.0,0.3,58.0,18.0,0.3,3.0,8.0,15.0,0.5,7.0,28.0,28.0,740741,2025-12-06 15:00:00,2025
AFC Bournemouth,15.0,0.0,0.0,4.0,5.0,4.0,39.1,13.0,5.0,0.4,0.0,0.0,232.0,329.0,0.7,1.0,11.0,0.1,69.0,26.0,0.4,2.0,12.0,17.0,0.7,14.0,23.0,23.0,Chelsea,13.0,2.0,0.0,0.0,0.0,5.0,60.9,11.0,4.0,0.4,0.0,0.0,430.0,519.0,0.8,5.0,14.0,0.4,55.0,21.0,0.4,1.0,9.0,17.0,0.5,10.0,26.0,26.0,740743,2025-12-06 15:00:00,2025
Manchester City,9.0,1.0,0.0,0.0,6.0,1.0,63.9,18.0,6.0,0.3,0.0,0.0,559.0,623.0,0.9,6.0,19.0,0.3,35.0,15.0,0.4,5.0,8.0,8.0,1.0,4.0,21.0,21.0,Sunderland,10.0,0.0,1.0,3.0,5.0,2.0,36.1,8.0,1.0,0.1,0.0,0.0,277.0,347.0,0.8,1.0,13.0,0.1,48.0,20.0,0.4,3.0,13.0,20.0,0.7,8.0,28.0,28.0,740736,2025-12-06 15:00:00,2025
Everton,17.0,4.0,0.0,3.0,6.0,2.0,41.3,11.0,5.0,0.5,0.0,0.0,238.0,306.0,0.8,3.0,18.0,0.2,47.0,15.0,0.3,4.0,11.0,15.0,0.7,11.0,42.0,42.0,Nottingham Forest,15.0,3.0,0.0,1.0,3.0,3.0,58.7,7.0,3.0,0.4,0.0,0.0,357.0,441.0,0.8,3.0,18.0,0.2,50.0,14.0,0.3,2.0,15.0,24.0,0.6,6.0,35.0,35.0,740739,2025-12-06 15:00:00,2025
Tottenham Hotspur,8.0,3.0,0.0,2.0,7.0,1.0,53.3,15.0,7.0,0.5,0.0,0.0,329.0,400.0,0.8,5.0,26.0,0.2,52.0,24.0,0.5,3.0,10.0,17.0,0.6,11.0,29.0,29.0,Brentford,9.0,4.0,0.0,1.0,6.0,5.0,46.7,4.0,1.0,0.3,0.0,0.0,281.0,355.0,0.8,2.0,18.0,0.1,42.0,17.0,0.4,1.0,16.0,24.0,0.7,7.0,34.0,34.0,740744,2025-12-06 15:00:00,2025
Leeds United,14.0,3.0,0.0,2.0,5.0,4.0,44.7,12.0,5.0,0.4,1.0,1.0,321.0,402.0,0.8,4.0,14.0,0.3,50.0,14.0,0.3,2.0,6.0,9.0,0.7,10.0,19.0,19.0,Liverpool,14.0,3.0,0.0,2.0,4.0,2.0,55.3,16.0,7.0,0.4,0.0,0.0,418.0,503.0,0.8,6.0,17.0,0.4,48.0,16.0,0.3,4.0,9.0,17.0,0.5,5.0,28.0,28.0,740742,2025-12-06 17:30:00,2025
Brighton & Hove Albion,12.0,2.0,0.0,1.0,10.0,4.0,68.1,22.0,4.0,0.2,0.0,0.0,515.0,586.0,0.9,13.0,39.0,0.3,26.0,19.0,0.7,10.0,7.0,12.0,0.6,9.0,13.0,13.0,West Ham United,8.0,2.0,0.0,1.0,6.0,4.0,31.9,14.0,5.0,0.4,0.0,0.0,203.0,277.0,0.7,3.0,11.0,0.3,54.0,15.0,0.3,3.0,7.0,14.0,0.5,13.0,41.0,41.0,740740,2025-12-07 14:00:00,2025
Fulham,5.0,0.0,0.0,3.0,6.0,3.0,63.1,12.0,4.0,0.3,0.0,0.0,556.0,640.0,0.9,7.0,19.0,0.4,51.0,23.0,0.5,3.0,7.0,12.0,0.6,8.0,23.0,23.0,Crystal Palace,8.0,0.0,0.0,2.0,4.0,3.0,36.9,11.0,5.0,0.5,0.0,0.0,303.0,367.0,0.8,3.0,13.0,0.2,48.0,21.0,0.4,5.0,14.0,20.0,0.7,9.0,28.0,28.0,740738,2025-12-07 16:30:00,2025
Wolverhampton Wanderers,17.0,3.0,0.0,2.0,1.0,4.0,36.7,8.0,2.0,0.3,0.0,0.0,208.0,294.0,0.7,6.0,25.0,0.2,59.0,26.0,0.4,3.0,12.0,26.0,0.5,13.0,24.0,24.0,Manchester United,12.0,2.0,0.0,3.0,9.0,1.0,63.3,27.0,10.0,0.4,1.0,1.0,458.0,541.0,0.8,3.0,14.0,0.2,48.0,20.0,0.4,14.0,9.0,16.0,0.6,7.0,27.0,27.0,740737,2025-12-08 20:00:00,2025
Liverpool,8.0,1.0,0.0,2.0,2.0,1.0,48.8,18.0,4.0,0.2,0.0,0.0,448.0,519.0,0.9,2.0,5.0,0.4,57.0,29.0,0.5,6.0,12.0,22.0,0.5,8.0,31.0,31.0,Brighton & Hove Albion,15.0,2.0,0.0,0.0,2.0,2.0,51.2,14.0,1.0,0.1,0.0,0.0,470.0,526.0,0.9,4.0,18.0,0.2,51.0,28.0,0.5,6.0,7.0,13.0,0.5,6.0,6.0,6.0,740752,2025-12-13 15:00:00,2025
Chelsea,13.0,1.0,0.0,0.0,4.0,2.0,57.7,17.0,5.0,0.3,0.0,0.0,473.0,537.0,0.9,3.0,10.0,0.3,44.0,22.0,0.5,3.0,8.0,15.0,0.5,11.0,32.0,32.0,Everton,11.0,0.0,0.0,1.0,7.0,3.0,42.3,11.0,2.0,0.2,0.0,0.0,306.0,373.0,0.8,5.0,23.0,0.2,51.0,25.0,0.5,4.0,8.0,22.0,0.4,8.0,12.0,12.0,740750,2025-12-13 15:00:00,2025
Burnley,8.0,1.0,0.0,1.0,10.0,1.0,52.8,16.0,8.0,0.5,0.0,0.0,444.0,536.0,0.8,3.0,17.0,0.2,48.0,22.0,0.5,4.0,9.0,13.0,0.7,9.0,10.0,10.0,Fulham,8.0,2.0,0.0,0.0,4.0,6.0,47.2,6.0,4.0,0.7,0.0,0.0,393.0,479.0,0.8,4.0,15.0,0.3,50.0,18.0,0.4,0.0,12.0,22.0,0.5,12.0,38.0,38.0,740754,2025-12-13 17:30:00,2025
Arsenal,7.0,0.0,0.0,1.0,8.0,1.0,69.2,16.0,2.0,0.1,0.0,0.0,500.0,572.0,0.9,6.0,30.0,0.2,28.0,11.0,0.4,3.0,3.0,5.0,0.6,8.0,21.0,21.0,Wolverhampton Wanderers,15.0,4.0,0.0,1.0,0.0,2.0,30.8,3.0,2.0,0.7,0.0,0.0,180.0,261.0,0.7,4.0,8.0,0.5,63.0,21.0,0.3,1.0,5.0,8.0,0.6,5.0,54.0,54.0,740746,2025-12-13 20:00:00,2025
Nottingham Forest,9.0,1.0,0.0,4.0,3.0,1.0,47.9,15.0,6.0,0.4,0.0,0.0,320.0,392.0,0.8,5.0,15.0,0.3,46.0,23.0,0.5,2.0,9.0,17.0,0.5,12.0,23.0,23.0,Tottenham Hotspur,13.0,3.0,0.0,1.0,3.0,3.0,52.1,6.0,1.0,0.2,0.0,0.0,335.0,420.0,0.8,3.0,19.0,0.2,44.0,18.0,0.4,4.0,20.0,30.0,0.7,11.0,17.0,17.0,740755,2025-12-14 14:00:00,2025
Sunderland,10.0,5.0,0.0,0.0,3.0,2.0,46.6,5.0,1.0,0.2,0.0,0.0,302.0,394.0,0.8,2.0,14.0,0.1,61.0,18.0,0.3,2.0,7.0,10.0,0.7,11.0,29.0,29.0,Newcastle United,10.0,4.0,0.0,0.0,6.0,1.0,53.4,6.0,2.0,0.3,0.0,0.0,377.0,444.0,0.8,2.0,26.0,0.1,62.0,32.0,0.5,3.0,5.0,8.0,0.6,3.0,53.0,53.0,740749,2025-12-14 14:00:00,2025
West Ham United,18.0,1.0,0.0,1.0,5.0,2.0,40.9,10.0,3.0,0.3,0.0,0.0,324.0,386.0,0.8,0.0,13.0,0.0,39.0,16.0,0.4,3.0,10.0,17.0,0.6,9.0,14.0,14.0,Aston Villa,13.0,2.0,0.0,1.0,3.0,1.0,59.1,7.0,4.0,0.6,0.0,0.0,503.0,566.0,0.9,3.0,11.0,0.3,44.0,27.0,0.6,1.0,17.0,22.0,0.8,6.0,13.0,13.0,740748,2025-12-14 14:00:00,2025
Crystal Palace,9.0,2.0,0.0,3.0,2.0,3.0,39.1,16.0,4.0,0.3,0.0,0.0,284.0,375.0,0.8,2.0,14.0,0.1,56.0,21.0,0.4,6.0,17.0,23.0,0.7,6.0,20.0,20.0,Manchester City,6.0,0.0,0.0,2.0,2.0,4.0,60.9,7.0,6.0,0.9,1.0,1.0,516.0,598.0,0.9,3.0,9.0,0.3,44.0,20.0,0.5,0.0,6.0,14.0,0.4,8.0,39.0,39.0,740747,2025-12-14 14:00:00,2025
Brentford,8.0,0.0,0.0,2.0,0.0,3.0,56.9,7.0,2.0,0.3,0.0,0.0,403.0,497.0,0.8,1.0,18.0,0.1,77.0,33.0,0.4,1.0,9.0,12.0,0.8,8.0,44.0,44.0,Leeds United,9.0,0.0,0.0,0.0,3.0,1.0,43.1,18.0,4.0,0.2,0.0,0.0,271.0,361.0,0.8,6.0,23.0,0.3,52.0,18.0,0.3,8.0,8.0,15.0,0.5,7.0,43.0,43.0,740753,2025-12-14 16:30:00,2025
Manchester United,15.0,2.0,0.0,0.0,5.0,5.0,56.6,25.0,9.0,0.4,0.0,0.0,310.0,393.0,0.8,6.0,21.0,0.3,45.0,16.0,0.4,10.0,8.0,16.0,0.5,3.0,47.0,47.0,AFC Bournemouth,12.0,3.0,0.0,1.0,4.0,5.0,43.4,14.0,9.0,0.6,0.0,0.0,202.0,300.0,0.7,3.0,17.0,0.2,55.0,15.0,0.3,0.0,8.0,14.0,0.6,8.0,29.0,29.0,740751,2025-12-15 20:00:00,2025
Newcastle United,13.0,3.0,0.0,2.0,6.0,2.0,46.6,11.0,5.0,0.5,0.0,0.0,278.0,361.0,0.8,8.0,28.0,0.3,43.0,16.0,0.4,0.0,8.0,13.0,0.6,14.0,19.0,19.0,Chelsea,14.0,6.0,0.0,0.0,4.0,3.0,53.4,13.0,4.0,0.3,0.0,0.0,351.0,433.0,0.8,2.0,16.0,0.1,55.0,14.0,0.3,4.0,9.0,11.0,0.8,13.0,24.0,24.0,740763,2025-12-20 12:30:00,2025
AFC Bournemouth,11.0,1.0,0.0,2.0,5.0,0.0,65.6,16.0,1.0,0.1,0.0,0.0,404.0,506.0,0.8,6.0,22.0,0.3,57.0,18.0,0.3,3.0,15.0,21.0,0.7,8.0,31.0,31.0,Burnley,11.0,1.0,0.0,2.0,3.0,0.0,34.4,4.0,1.0,0.3,0.0,0.0,178.0,269.0,0.7,2.0,8.0,0.3,74.0,30.0,0.4,2.0,10.0,15.0,0.7,10.0,38.0,38.0,740764,2025-12-20 15:00:00,2025
Wolverhampton Wanderers,12.0,2.0,0.0,2.0,3.0,4.0,43.2,9.0,2.0,0.2,0.0,1.0,281.0,358.0,0.8,4.0,22.0,0.2,48.0,21.0,0.4,6.0,9.0,16.0,0.6,9.0,37.0,37.0,Brentford,15.0,4.0,0.0,2.0,4.0,2.0,56.8,7.0,6.0,0.9,0.0,0.0,400.0,481.0,0.8,10.0,22.0,0.5,49.0,20.0,0.4,0.0,6.0,12.0,0.5,16.0,36.0,36.0,740761,2025-12-20 15:00:00,2025
Manchester City,16.0,1.0,0.0,1.0,6.0,4.0,66.2,17.0,8.0,0.5,0.0,0.0,693.0,750.0,0.9,6.0,21.0,0.3,33.0,24.0,0.7,2.0,7.0,12.0,0.6,9.0,9.0,9.0,West Ham United,10.0,1.0,0.0,2.0,0.0,5.0,33.8,7.0,3.0,0.4,0.0,0.0,314.0,391.0,0.8,1.0,1.0,1.0,46.0,17.0,0.4,0.0,15.0,24.0,0.6,12.0,13.0,13.0,740760,2025-12-20 15:00:00,2025
Brighton & Hove Albion,11.0,2.0,0.0,1.0,3.0,6.0,56.8,16.0,4.0,0.3,0.0,0.0,364.0,441.0,0.8,8.0,21.0,0.4,42.0,17.0,0.4,5.0,8.0,12.0,0.7,7.0,30.0,30.0,Sunderland,15.0,2.0,0.0,1.0,4.0,4.0,43.2,14.0,6.0,0.4,0.0,0.0,255.0,334.0,0.8,5.0,14.0,0.4,58.0,24.0,0.4,4.0,15.0,25.0,0.6,9.0,22.0,22.0,740756,2025-12-20 15:00:00,2025
Tottenham Hotspur,9.0,3.0,2.0,1.0,2.0,2.0,34.9,15.0,4.0,0.3,0.0,0.0,246.0,322.0,0.8,4.0,20.0,0.2,53.0,17.0,0.3,7.0,7.0,11.0,0.6,7.0,33.0,33.0,Liverpool,7.0,3.0,0.0,6.0,6.0,4.0,65.1,8.0,4.0,0.5,0.0,0.0,542.0,614.0,0.9,5.0,23.0,0.2,45.0,23.0,0.5,3.0,4.0,4.0,1.0,7.0,22.0,22.0,740762,2025-12-20 17:30:00,2025
Everton,4.0,2.0,0.0,0.0,2.0,0.0,34.6,5.0,1.0,0.2,0.0,0.0,250.0,339.0,0.7,2.0,14.0,0.1,61.0,19.0,0.3,2.0,13.0,26.0,0.5,8.0,23.0,23.0,Arsenal,5.0,2.0,0.0,1.0,3.0,1.0,65.4,13.0,2.0,0.2,1.0,1.0,573.0,654.0,0.9,2.0,12.0,0.2,52.0,23.0,0.4,2.0,9.0,14.0,0.6,7.0,32.0,32.0,740757,2025-12-20 20:00:00,2025
Leeds United,5.0,1.0,0.0,2.0,9.0,2.0,52.8,20.0,8.0,0.4,0.0,0.0,327.0,400.0,0.8,6.0,22.0,0.3,48.0,19.0,0.4,5.0,11.0,15.0,0.7,7.0,29.0,29.0,Crystal Palace,10.0,3.0,0.0,3.0,5.0,2.0,47.2,9.0,3.0,0.3,1.0,1.0,284.0,362.0,0.8,2.0,16.0,0.1,45.0,14.0,0.3,3.0,13.0,22.0,0.6,6.0,58.0,58.0,740759,2025-12-20 20:00:00,2025
Aston Villa,11.0,1.0,0.0,3.0,5.0,5.0,42.6,12.0,4.0,0.3,0.0,0.0,281.0,351.0,0.8,1.0,7.0,0.1,48.0,16.0,0.3,5.0,10.0,18.0,0.6,7.0,22.0,22.0,Manchester United,14.0,2.0,0.0,1.0,5.0,2.0,57.4,15.0,6.0,0.4,0.0,0.0,396.0,460.0,0.9,4.0,26.0,0.2,41.0,22.0,0.5,3.0,14.0,26.0,0.5,9.0,21.0,21.0,740765,2025-12-21 16:30:00,2025
Fulham,5.0,5.0,0.0,2.0,1.0,2.0,49.7,11.0,1.0,0.1,1.0,1.0,396.0,495.0,0.8,4.0,7.0,0.6,65.0,27.0,0.4,6.0,13.0,21.0,0.6,10.0,29.0,29.0,Nottingham Forest,9.0,4.0,0.0,2.0,5.0,0.0,50.3,12.0,2.0,0.2,0.0,0.0,417.0,490.0,0.9,2.0,23.0,0.1,65.0,28.0,0.4,4.0,5.0,10.0,0.5,8.0,16.0,16.0,740758,2025-12-22 20:00:00,2025
Manchester United,9.0,2.0,0.0,0.0,2.0,3.0,33.3,10.0,4.0,0.4,0.0,0.0,252.0,328.0,0.8,3.0,8.0,0.4,44.0,11.0,0.3,0.0,8.0,20.0,0.4,18.0,45.0,45.0,Newcastle United,5.0,1.0,0.0,1.0,11.0,3.0,66.7,16.0,3.0,0.2,0.0,0.0,548.0,627.0,0.9,7.0,46.0,0.2,36.0,18.0,0.5,7.0,7.0,14.0,0.5,6.0,13.0,13.0,740769,2025-12-26 20:00:00,2025
Nottingham Forest,5.0,1.0,0.0,1.0,5.0,3.0,34.0,7.0,2.0,0.3,0.0,0.0,219.0,293.0,0.7,4.0,22.0,0.2,67.0,33.0,0.5,3.0,12.0,15.0,0.8,8.0,22.0,22.0,Manchester City,13.0,2.0,0.0,1.0,5.0,1.0,66.0,16.0,5.0,0.3,0.0,0.0,536.0,595.0,0.9,3.0,18.0,0.2,32.0,15.0,0.5,7.0,8.0,14.0,0.6,4.0,37.0,37.0,740770,2025-12-27 12:30:00,2025
Arsenal,7.0,2.0,0.0,1.0,7.0,2.0,52.7,24.0,6.0,0.3,0.0,0.0,376.0,450.0,0.8,6.0,19.0,0.3,46.0,16.0,0.3,10.0,6.0,14.0,0.4,9.0,16.0,16.0,Brighton & Hove Albion,13.0,3.0,0.0,1.0,2.0,5.0,47.3,8.0,3.0,0.4,0.0,0.0,336.0,407.0,0.8,3.0,10.0,0.3,50.0,23.0,0.5,2.0,13.0,16.0,0.8,5.0,28.0,28.0,740772,2025-12-27 15:00:00,2025
Burnley,8.0,0.0,0.0,2.0,6.0,6.0,54.1,16.0,0.0,0.0,0.0,0.0,359.0,466.0,0.8,1.0,16.0,0.1,62.0,27.0,0.4,7.0,12.0,22.0,0.5,4.0,39.0,39.0,Everton,8.0,2.0,0.0,3.0,5.0,0.0,45.9,15.0,6.0,0.4,0.0,0.0,307.0,394.0,0.8,2.0,18.0,0.1,64.0,22.0,0.3,3.0,14.0,25.0,0.6,11.0,48.0,48.0,740773,2025-12-27 15:00:00,2025
West Ham United,8.0,1.0,0.0,7.0,5.0,4.0,44.3,11.0,2.0,0.2,0.0,0.0,330.0,404.0,0.8,2.0,17.0,0.1,52.0,23.0,0.4,5.0,17.0,29.0,0.6,9.0,25.0,25.0,Fulham,8.0,3.0,0.0,2.0,4.0,2.0,55.7,17.0,5.0,0.3,0.0,0.0,439.0,508.0,0.9,10.0,24.0,0.4,42.0,22.0,0.5,6.0,5.0,16.0,0.3,12.0,34.0,34.0,740768,2025-12-27 15:00:00,2025
Brentford,9.0,2.0,0.0,3.0,2.0,9.0,49.3,15.0,7.0,0.5,0.0,0.0,311.0,395.0,0.8,2.0,8.0,0.3,64.0,35.0,0.5,4.0,7.0,12.0,0.6,10.0,51.0,51.0,AFC Bournemouth,8.0,2.0,0.0,1.0,15.0,4.0,50.7,20.0,10.0,0.5,0.0,0.0,290.0,376.0,0.8,3.0,38.0,0.1,50.0,22.0,0.4,8.0,13.0,18.0,0.7,7.0,27.0,27.0,740774,2025-12-27 15:00:00,2025
Liverpool,5.0,0.0,0.0,1.0,6.0,3.0,66.6,14.0,4.0,0.3,0.0,0.0,581.0,660.0,0.9,8.0,21.0,0.4,45.0,18.0,0.4,3.0,16.0,19.0,0.8,9.0,21.0,21.0,Wolverhampton Wanderers,13.0,1.0,0.0,0.0,4.0,2.0,33.4,9.0,4.0,0.4,0.0,0.0,252.0,327.0,0.8,2.0,15.0,0.1,53.0,17.0,0.3,1.0,10.0,16.0,0.6,8.0,24.0,24.0,740775,2025-12-27 15:00:00,2025
Chelsea,16.0,5.0,0.0,0.0,6.0,6.0,62.9,14.0,3.0,0.2,0.0,0.0,469.0,528.0,0.9,4.0,29.0,0.1,45.0,28.0,0.6,7.0,19.0,26.0,0.7,9.0,6.0,6.0,Aston Villa,8.0,3.0,0.0,0.0,7.0,2.0,37.1,11.0,8.0,0.7,0.0,0.0,257.0,321.0,0.8,1.0,8.0,0.1,42.0,19.0,0.5,2.0,2.0,8.0,0.3,4.0,28.0,28.0,740766,2025-12-27 17:30:00,2025
Sunderland,7.0,1.0,0.0,4.0,3.0,4.0,43.2,8.0,3.0,0.4,0.0,0.0,322.0,393.0,0.8,3.0,14.0,0.2,46.0,25.0,0.5,2.0,8.0,14.0,0.6,5.0,42.0,42.0,Leeds United,9.0,0.0,0.0,3.0,9.0,2.0,56.8,17.0,6.0,0.4,0.0,0.0,433.0,513.0,0.8,7.0,27.0,0.3,50.0,21.0,0.4,6.0,8.0,14.0,0.6,6.0,20.0,20.0,740767,2025-12-28 14:00:00,2025
Crystal Palace,7.0,3.0,0.0,1.0,3.0,3.0,61.9,15.0,2.0,0.1,0.0,0.0,431.0,544.0,0.8,4.0,27.0,0.1,60.0,26.0,0.4,5.0,11.0,16.0,0.7,7.0,23.0,23.0,Tottenham Hotspur,5.0,2.0,0.0,3.0,2.0,2.0,38.1,8.0,4.0,0.5,0.0,0.0,236.0,340.0,0.7,3.0,12.0,0.3,69.0,28.0,0.4,1.0,10.0,20.0,0.5,6.0,50.0,50.0,740771,2025-12-28 16:30:00,2025
Burnley,9.0,2.0,0.0,1.0,3.0,4.0,48.1,15.0,4.0,0.3,0.0,0.0,349.0,439.0,0.8,1.0,12.0,0.1,52.0,16.0,0.3,3.0,14.0,21.0,0.7,11.0,27.0,27.0,Newcastle United,3.0,1.0,0.0,2.0,4.0,2.0,51.9,20.0,9.0,0.5,0.0,0.0,389.0,467.0,0.8,4.0,19.0,0.2,47.0,19.0,0.4,6.0,10.0,19.0,0.5,11.0,36.0,36.0,740778,2025-12-30 19:30:00,2025
Nottingham Forest,11.0,1.0,0.0,0.0,9.0,1.0,69.7,21.0,6.0,0.3,0.0,0.0,600.0,665.0,0.9,9.0,52.0,0.2,34.0,19.0,0.6,7.0,14.0,21.0,0.7,5.0,12.0,12.0,Everton,9.0,0.0,0.0,0.0,2.0,6.0,30.3,11.0,3.0,0.3,0.0,0.0,223.0,301.0,0.7,2.0,7.0,0.3,68.0,26.0,0.4,4.0,11.0,23.0,0.5,9.0,53.0,53.0,740783,2025-12-30 19:30:00,2025
West Ham United,11.0,3.0,0.0,1.0,5.0,5.0,38.5,10.0,4.0,0.4,1.0,1.0,251.0,335.0,0.7,2.0,16.0,0.1,67.0,31.0,0.5,3.0,14.0,27.0,0.5,9.0,27.0,27.0,Brighton & Hove Albion,18.0,5.0,0.0,1.0,5.0,2.0,61.5,16.0,6.0,0.4,1.0,2.0,466.0,541.0,0.9,1.0,23.0,0.0,36.0,21.0,0.6,4.0,10.0,13.0,0.8,16.0,24.0,24.0,740785,2025-12-30 19:30:00,2025
Chelsea,5.0,1.0,0.0,0.0,12.0,4.0,67.2,17.0,3.0,0.2,2.0,1.0,483.0,563.0,0.9,8.0,26.0,0.3,46.0,21.0,0.5,8.0,9.0,17.0,0.5,8.0,29.0,29.0,AFC Bournemouth,12.0,1.0,0.0,1.0,3.0,2.0,32.8,17.0,6.0,0.4,0.0,0.0,197.0,269.0,0.7,3.0,16.0,0.2,53.0,17.0,0.3,4.0,12.0,16.0,0.8,17.0,41.0,41.0,740779,2025-12-30 19:30:00,2025
Arsenal,18.0,2.0,0.0,4.0,3.0,2.0,46.3,22.0,7.0,0.3,0.0,0.0,302.0,351.0,0.9,5.0,12.0,0.4,28.0,17.0,0.6,7.0,7.0,17.0,0.4,8.0,17.0,17.0,Aston Villa,9.0,3.0,0.0,0.0,3.0,3.0,53.7,11.0,3.0,0.3,0.0,0.0,362.0,416.0,0.9,1.0,12.0,0.1,38.0,21.0,0.6,4.0,3.0,10.0,0.3,3.0,17.0,17.0,740776,2025-12-30 20:15:00,2025
Manchester United,9.0,0.0,0.0,3.0,8.0,3.0,56.1,15.0,6.0,0.4,0.0,0.0,450.0,506.0,0.9,6.0,22.0,0.3,44.0,26.0,0.6,4.0,14.0,21.0,0.7,4.0,16.0,16.0,Wolverhampton Wanderers,12.0,2.0,0.0,1.0,4.0,5.0,43.9,11.0,4.0,0.4,0.0,0.0,335.0,397.0,0.8,4.0,14.0,0.3,41.0,18.0,0.4,2.0,9.0,20.0,0.5,10.0,28.0,28.0,740782,2025-12-30 20:15:00,2025
Liverpool,10.0,0.0,0.0,6.0,8.0,2.0,68.3,19.0,4.0,0.2,0.0,0.0,549.0,636.0,0.9,4.0,25.0,0.2,40.0,16.0,0.4,8.0,3.0,8.0,0.4,6.0,21.0,21.0,Leeds United,8.0,2.0,0.0,1.0,3.0,4.0,31.7,4.0,2.0,0.5,0.0,0.0,194.0,295.0,0.7,3.0,10.0,0.3,60.0,18.0,0.3,1.0,10.0,18.0,0.6,11.0,37.0,37.0,740781,2026-01-01 17:30:00,2026
Crystal Palace,7.0,0.0,0.0,5.0,6.0,4.0,40.0,11.0,2.0,0.2,0.0,0.0,299.0,388.0,0.8,1.0,12.0,0.1,57.0,22.0,0.4,4.0,9.0,14.0,0.6,9.0,29.0,29.0,Fulham,10.0,5.0,0.0,1.0,3.0,1.0,60.0,17.0,5.0,0.3,0.0,0.0,502.0,586.0,0.9,7.0,19.0,0.4,56.0,30.0,0.5,6.0,9.0,16.0,0.6,9.0,35.0,35.0,740780,2026-01-01 17:30:00,2026
Brentford,8.0,1.0,0.0,4.0,3.0,2.0,55.9,7.0,2.0,0.3,0.0,0.0,426.0,515.0,0.8,4.0,20.0,0.2,58.0,24.0,0.4,2.0,12.0,18.0,0.7,9.0,20.0,20.0,Tottenham Hotspur,10.0,2.0,0.0,0.0,1.0,2.0,44.1,9.0,3.0,0.3,0.0,0.0,324.0,412.0,0.8,1.0,11.0,0.1,65.0,24.0,0.4,4.0,13.0,18.0,0.7,10.0,33.0,33.0,740777,2026-01-01 20:00:00,2026
Sunderland,9.0,1.0,0.0,0.0,3.0,4.0,32.3,10.0,4.0,0.4,0.0,0.0,221.0,304.0,0.7,3.0,9.0,0.3,52.0,22.0,0.4,2.0,15.0,18.0,0.8,17.0,31.0,31.0,Manchester City,6.0,1.0,0.0,1.0,5.0,4.0,67.7,14.0,4.0,0.3,0.0,0.0,548.0,640.0,0.9,6.0,21.0,0.3,50.0,21.0,0.4,5.0,17.0,23.0,0.7,12.0,21.0,21.0,740784,2026-01-01 20:00:00,2026
Aston Villa,10.0,1.0,0.0,1.0,4.0,4.0,72.7,11.0,4.0,0.4,0.0,0.0,579.0,645.0,0.9,2.0,16.0,0.1,30.0,16.0,0.5,4.0,9.0,18.0,0.5,11.0,12.0,12.0,Nottingham Forest,20.0,2.0,0.0,4.0,4.0,1.0,27.3,10.0,5.0,0.5,0.0,0.0,170.0,239.0,0.7,0.0,9.0,0.0,48.0,20.0,0.4,2.0,8.0,19.0,0.4,14.0,28.0,28.0,740789,2026-01-03 12:30:00,2026
Brighton & Hove Albion,7.0,0.0,0.0,3.0,4.0,2.0,59.9,15.0,4.0,0.3,0.0,0.0,546.0,608.0,0.9,4.0,11.0,0.4,32.0,17.0,0.5,4.0,10.0,17.0,0.6,6.0,25.0,25.0,Burnley,17.0,4.0,0.0,1.0,4.0,2.0,40.1,5.0,3.0,0.6,0.0,0.0,325.0,396.0,0.8,1.0,16.0,0.1,42.0,21.0,0.5,0.0,13.0,25.0,0.5,3.0,21.0,21.0,740795,2026-01-03 15:00:00,2026
Wolverhampton Wanderers,11.0,1.0,0.0,1.0,6.0,0.0,32.8,11.0,8.0,0.7,1.0,1.0,234.0,301.0,0.8,5.0,16.0,0.3,36.0,12.0,0.3,0.0,12.0,23.0,0.5,9.0,34.0,34.0,West Ham United,10.0,0.0,0.0,1.0,7.0,5.0,67.2,6.0,0.0,0.0,0.0,0.0,546.0,624.0,0.9,7.0,28.0,0.3,42.0,26.0,0.6,0.0,17.0,27.0,0.6,6.0,15.0,15.0,740787,2026-01-03 15:00:00,2026
AFC Bournemouth,13.0,3.0,0.0,1.0,7.0,2.0,43.0,15.0,3.0,0.2,0.0,0.0,259.0,339.0,0.8,4.0,22.0,0.2,57.0,22.0,0.4,5.0,12.0,16.0,0.8,4.0,37.0,37.0,Arsenal,8.0,1.0,0.0,1.0,5.0,1.0,57.0,12.0,5.0,0.4,0.0,0.0,368.0,462.0,0.8,3.0,20.0,0.2,51.0,18.0,0.4,4.0,11.0,25.0,0.4,7.0,30.0,30.0,740788,2026-01-03 17:30:00,2026
Leeds United,9.0,0.0,0.0,1.0,6.0,1.0,45.4,11.0,3.0,0.3,0.0,0.0,312.0,425.0,0.7,3.0,20.0,0.2,61.0,21.0,0.3,2.0,10.0,18.0,0.6,17.0,23.0,23.0,Manchester United,9.0,1.0,0.0,3.0,4.0,2.0,54.6,15.0,2.0,0.1,0.0,0.0,419.0,529.0,0.8,2.0,10.0,0.2,63.0,23.0,0.4,5.0,15.0,25.0,0.6,8.0,38.0,38.0,740791,2026-01-04 12:30:00,2026
Everton,9.0,0.0,0.0,0.0,4.0,3.0,45.4,14.0,6.0,0.4,0.0,0.0,286.0,364.0,0.8,10.0,27.0,0.4,52.0,24.0,0.5,5.0,15.0,24.0,0.6,7.0,22.0,22.0,Brentford,8.0,2.0,0.0,2.0,5.0,4.0,54.6,11.0,7.0,0.6,0.0,0.0,355.0,455.0,0.8,6.0,12.0,0.5,74.0,21.0,0.3,2.0,8.0,16.0,0.5,10.0,24.0,24.0,740794,2026-01-04 15:00:00,2026
Tottenham Hotspur,9.0,2.0,0.0,4.0,3.0,2.0,48.7,13.0,5.0,0.4,0.0,0.0,284.0,361.0,0.8,7.0,23.0,0.3,50.0,26.0,0.5,2.0,12.0,15.0,0.8,8.0,33.0,33.0,Sunderland,6.0,3.0,0.0,2.0,5.0,3.0,51.3,10.0,3.0,0.3,0.0,0.0,294.0,382.0,0.8,4.0,21.0,0.2,49.0,20.0,0.4,3.0,13.0,17.0,0.8,9.0,27.0,27.0,740786,2026-01-04 15:00:00,2026
Newcastle United,5.0,1.0,0.0,5.0,8.0,1.0,59.4,12.0,7.0,0.6,0.0,0.0,408.0,494.0,0.8,7.0,31.0,0.2,52.0,25.0,0.5,2.0,9.0,16.0,0.6,7.0,35.0,35.0,Crystal Palace,12.0,3.0,0.0,2.0,6.0,5.0,40.6,11.0,1.0,0.1,0.0,0.0,239.0,344.0,0.7,2.0,15.0,0.1,44.0,11.0,0.3,5.0,11.0,28.0,0.4,11.0,45.0,45.0,740793,2026-01-04 15:00:00,2026
Fulham,11.0,1.0,0.0,2.0,3.0,0.0,41.9,8.0,2.0,0.3,0.0,0.0,386.0,462.0,0.8,1.0,13.0,0.1,46.0,14.0,0.3,3.0,9.0,15.0,0.6,10.0,40.0,40.0,Liverpool,4.0,1.0,0.0,4.0,8.0,0.0,58.1,10.0,2.0,0.2,0.0,0.0,563.0,639.0,0.9,1.0,23.0,0.0,49.0,26.0,0.5,3.0,5.0,7.0,0.7,5.0,24.0,24.0,740790,2026-01-04 15:15:00,2026
Manchester City,12.0,3.0,0.0,2.0,8.0,2.0,57.3,14.0,3.0,0.2,0.0,0.0,504.0,580.0,0.9,5.0,15.0,0.3,36.0,22.0,0.6,5.0,18.0,24.0,0.8,9.0,6.0,6.0,Chelsea,14.0,3.0,0.0,2.0,2.0,2.0,42.7,8.0,3.0,0.4,0.0,0.0,363.0,436.0,0.8,2.0,4.0,0.5,35.0,15.0,0.4,1.0,10.0,20.0,0.5,14.0,23.0,23.0,740792,2026-01-04 17:30:00,2026
West Ham United,15.0,3.0,0.0,1.0,6.0,3.0,47.2,14.0,3.0,0.2,0.0,0.0,290.0,379.0,0.8,2.0,19.0,0.1,63.0,19.0,0.3,5.0,19.0,28.0,0.7,7.0,33.0,33.0,Nottingham Forest,9.0,0.0,0.0,0.0,5.0,3.0,52.8,13.0,5.0,0.4,1.0,1.0,337.0,418.0,0.8,5.0,28.0,0.2,53.0,19.0,0.4,4.0,9.0,15.0,0.6,6.0,32.0,32.0,740801,2026-01-06 20:00:00,2026
Brentford,13.0,2.0,0.0,1.0,7.0,3.0,50.5,18.0,6.0,0.3,0.0,0.0,328.0,392.0,0.8,4.0,22.0,0.2,65.0,30.0,0.5,5.0,3.0,8.0,0.4,8.0,22.0,22.0,Sunderland,13.0,1.0,0.0,1.0,4.0,3.0,49.5,11.0,3.0,0.3,0.0,1.0,314.0,389.0,0.8,2.0,13.0,0.2,56.0,21.0,0.4,4.0,6.0,7.0,0.9,10.0,26.0,26.0,740798,2026-01-07 19:30:00,2026
Fulham,11.0,3.0,0.0,1.0,2.0,4.0,55.0,16.0,5.0,0.3,0.0,0.0,503.0,572.0,0.9,4.0,19.0,0.2,40.0,24.0,0.6,8.0,10.0,16.0,0.6,9.0,28.0,28.0,Chelsea,6.0,3.0,1.0,2.0,11.0,3.0,45.0,14.0,6.0,0.4,0.0,0.0,392.0,459.0,0.9,4.0,22.0,0.2,58.0,27.0,0.5,3.0,9.0,13.0,0.7,8.0,30.0,30.0,740802,2026-01-07 19:30:00,2026
Everton,13.0,1.0,2.0,0.0,2.0,3.0,45.4,13.0,2.0,0.2,0.0,0.0,296.0,364.0,0.8,5.0,19.0,0.3,31.0,12.0,0.4,3.0,8.0,17.0,0.5,6.0,42.0,42.0,Wolverhampton Wanderers,15.0,3.0,0.0,0.0,7.0,1.0,54.6,13.0,4.0,0.3,0.0,0.0,367.0,434.0,0.8,7.0,30.0,0.2,52.0,24.0,0.5,3.0,9.0,16.0,0.6,5.0,24.0,24.0,740800,2026-01-07 19:30:00,2026
Manchester City,6.0,1.0,0.0,2.0,6.0,2.0,60.3,21.0,6.0,0.3,1.0,1.0,530.0,608.0,0.9,6.0,13.0,0.5,43.0,23.0,0.5,6.0,11.0,14.0,0.8,19.0,7.0,7.0,Brighton & Hove Albion,16.0,6.0,0.0,3.0,2.0,3.0,39.7,6.0,3.0,0.5,0.0,0.0,313.0,399.0,0.8,3.0,9.0,0.3,53.0,18.0,0.3,0.0,12.0,22.0,0.5,20.0,24.0,24.0,740803,2026-01-07 19:30:00,2026
AFC Bournemouth,19.0,3.0,0.0,4.0,3.0,2.0,42.1,11.0,3.0,0.3,0.0,0.0,240.0,321.0,0.7,3.0,12.0,0.3,45.0,9.0,0.2,5.0,8.0,17.0,0.5,10.0,35.0,35.0,Tottenham Hotspur,10.0,3.0,0.0,0.0,7.0,0.0,57.9,16.0,4.0,0.3,0.0,0.0,336.0,434.0,0.8,5.0,21.0,0.2,62.0,22.0,0.4,5.0,16.0,24.0,0.7,5.0,15.0,15.0,740797,2026-01-07 19:30:00,2026
Crystal Palace,8.0,2.0,0.0,2.0,3.0,4.0,40.9,11.0,5.0,0.5,0.0,0.0,297.0,369.0,0.8,3.0,11.0,0.3,44.0,12.0,0.3,4.0,6.0,20.0,0.3,4.0,31.0,31.0,Aston Villa,3.0,0.0,0.0,0.0,5.0,5.0,59.1,15.0,3.0,0.2,0.0,0.0,470.0,537.0,0.9,4.0,16.0,0.3,35.0,19.0,0.5,5.0,8.0,14.0,0.6,9.0,21.0,21.0,740805,2026-01-07 19:30:00,2026
Burnley,9.0,2.0,0.0,3.0,2.0,6.0,34.6,7.0,1.0,0.1,0.0,0.0,240.0,315.0,0.8,0.0,7.0,0.0,55.0,20.0,0.4,5.0,10.0,16.0,0.6,7.0,25.0,25.0,Manchester United,8.0,0.0,0.0,0.0,6.0,0.0,65.4,30.0,10.0,0.3,0.0,0.0,519.0,593.0,0.9,9.0,26.0,0.3,32.0,17.0,0.5,7.0,16.0,19.0,0.8,6.0,13.0,13.0,740799,2026-01-07 20:15:00,2026
Newcastle United,11.0,3.0,0.0,1.0,8.0,3.0,62.5,18.0,8.0,0.4,1.0,1.0,471.0,545.0,0.9,9.0,35.0,0.3,47.0,25.0,0.5,4.0,11.0,14.0,0.8,9.0,32.0,32.0,Leeds United,10.0,2.0,0.0,0.0,4.0,3.0,37.5,14.0,6.0,0.4,1.0,1.0,256.0,334.0,0.8,4.0,12.0,0.3,54.0,24.0,0.4,3.0,7.0,17.0,0.4,16.0,33.0,33.0,740804,2026-01-07 20:15:00,2026
Arsenal,10.0,2.0,0.0,2.0,3.0,0.0,47.6,9.0,4.0,0.4,0.0,0.0,396.0,459.0,0.9,3.0,15.0,0.2,34.0,12.0,0.4,4.0,6.0,11.0,0.5,7.0,15.0,15.0,Liverpool,9.0,2.0,0.0,1.0,0.0,4.0,52.4,8.0,0.0,0.0,0.0,0.0,453.0,509.0,0.9,0.0,9.0,0.0,45.0,20.0,0.4,3.0,7.0,10.0,0.7,8.0,23.0,23.0,740796,2026-01-08 20:00:00,2026
Manchester United,13.0,2.0,0.0,6.0,1.0,1.0,31.8,11.0,7.0,0.6,0.0,0.0,240.0,302.0,0.8,4.0,10.0,0.4,46.0,26.0,0.6,0.0,12.0,24.0,0.5,12.0,27.0,27.0,Manchester City,8.0,3.0,0.0,1.0,6.0,5.0,68.2,7.0,1.0,0.1,0.0,0.0,581.0,646.0,0.9,2.0,20.0,0.1,29.0,15.0,0.5,3.0,11.0,13.0,0.8,9.0,19.0,19.0,740811,2026-01-17 12:30:00,2026
Chelsea,7.0,3.0,0.0,0.0,3.0,6.0,45.8,6.0,2.0,0.3,1.0,1.0,374.0,443.0,0.8,1.0,11.0,0.1,55.0,27.0,0.5,2.0,9.0,17.0,0.5,11.0,42.0,42.0,Brentford,10.0,2.0,0.0,1.0,9.0,0.0,54.2,15.0,5.0,0.3,0.0,0.0,446.0,513.0,0.9,7.0,29.0,0.2,49.0,22.0,0.4,5.0,9.0,14.0,0.6,8.0,16.0,16.0,740808,2026-01-17 15:00:00,2026
Leeds United,6.0,1.0,0.0,8.0,7.0,1.0,46.3,14.0,5.0,0.4,0.0,0.0,311.0,402.0,0.8,5.0,21.0,0.2,58.0,18.0,0.3,1.0,8.0,10.0,0.8,7.0,13.0,13.0,Fulham,11.0,5.0,0.0,3.0,3.0,4.0,53.7,8.0,1.0,0.1,0.0,0.0,388.0,477.0,0.8,1.0,8.0,0.1,54.0,22.0,0.4,2.0,7.0,16.0,0.4,10.0,31.0,31.0,740809,2026-01-17 15:00:00,2026
Tottenham Hotspur,12.0,5.0,0.0,1.0,11.0,2.0,61.7,21.0,6.0,0.3,0.0,0.0,401.0,481.0,0.8,10.0,43.0,0.2,36.0,21.0,0.6,4.0,15.0,19.0,0.8,7.0,15.0,15.0,West Ham United,17.0,3.0,0.0,1.0,5.0,5.0,38.3,17.0,4.0,0.2,0.0,0.0,230.0,306.0,0.8,6.0,20.0,0.3,49.0,24.0,0.5,6.0,12.0,25.0,0.5,19.0,43.0,43.0,740814,2026-01-17 15:00:00,2026
Sunderland,8.0,3.0,0.0,0.0,3.0,1.0,57.3,13.0,7.0,0.5,0.0,0.0,365.0,456.0,0.8,7.0,18.0,0.4,57.0,21.0,0.4,1.0,11.0,15.0,0.7,11.0,35.0,35.0,Crystal Palace,15.0,3.0,0.0,2.0,4.0,5.0,42.7,6.0,2.0,0.3,0.0,0.0,255.0,339.0,0.8,2.0,15.0,0.1,50.0,15.0,0.3,2.0,7.0,12.0,0.6,9.0,36.0,36.0,740813,2026-01-17 15:00:00,2026
Liverpool,8.0,1.0,0.0,1.0,9.0,1.0,72.9,32.0,11.0,0.3,0.0,1.0,635.0,728.0,0.9,9.0,34.0,0.3,49.0,26.0,0.5,13.0,4.0,7.0,0.6,8.0,13.0,13.0,Burnley,10.0,2.0,0.0,2.0,1.0,8.0,27.1,7.0,1.0,0.1,0.0,0.0,191.0,275.0,0.7,0.0,7.0,0.0,60.0,12.0,0.2,2.0,7.0,19.0,0.4,9.0,41.0,41.0,740810,2026-01-17 15:00:00,2026
Nottingham Forest,8.0,1.0,0.0,1.0,4.0,3.0,40.0,6.0,0.0,0.0,0.0,0.0,259.0,321.0,0.8,5.0,25.0,0.2,48.0,18.0,0.4,3.0,5.0,12.0,0.4,6.0,33.0,33.0,Arsenal,14.0,1.0,0.0,0.0,9.0,0.0,60.0,15.0,3.0,0.2,0.0,0.0,416.0,494.0,0.8,11.0,26.0,0.4,46.0,15.0,0.3,8.0,7.0,16.0,0.4,4.0,27.0,27.0,740812,2026-01-17 17:30:00,2026
Wolverhampton Wanderers,14.0,2.0,0.0,1.0,4.0,2.0,33.0,6.0,2.0,0.3,0.0,0.0,235.0,303.0,0.8,3.0,17.0,0.2,52.0,18.0,0.3,2.0,9.0,11.0,0.8,8.0,28.0,28.0,Newcastle United,8.0,2.0,0.0,3.0,7.0,2.0,67.0,12.0,2.0,0.2,0.0,0.0,563.0,614.0,0.9,10.0,34.0,0.3,34.0,22.0,0.6,4.0,7.0,10.0,0.7,8.0,20.0,20.0,740815,2026-01-18 14:00:00,2026
Aston Villa,15.0,1.0,0.0,1.0,6.0,2.0,62.9,18.0,5.0,0.3,0.0,0.0,434.0,495.0,0.9,4.0,19.0,0.2,44.0,22.0,0.5,6.0,7.0,14.0,0.5,4.0,16.0,16.0,Everton,13.0,2.0,0.0,4.0,4.0,5.0,37.1,9.0,3.0,0.3,0.0,0.0,227.0,292.0,0.8,2.0,7.0,0.3,52.0,26.0,0.5,4.0,10.0,17.0,0.6,13.0,28.0,28.0,740806,2026-01-18 16:30:00,2026
Brighton & Hove Albion,7.0,2.0,0.0,1.0,11.0,1.0,66.9,17.0,5.0,0.3,0.0,0.0,490.0,580.0,0.8,5.0,23.0,0.2,40.0,24.0,0.6,7.0,10.0,21.0,0.5,2.0,24.0,24.0,AFC Bournemouth,6.0,3.0,0.0,3.0,6.0,4.0,33.1,11.0,2.0,0.2,2.0,1.0,194.0,282.0,0.7,2.0,15.0,0.1,70.0,27.0,0.4,5.0,6.0,18.0,0.3,17.0,31.0,31.0,740807,2026-01-19 20:00:00,2026
West Ham United,9.0,2.0,0.0,0.0,3.0,1.0,47.1,13.0,5.0,0.4,2.0,1.0,279.0,366.0,0.8,2.0,13.0,0.2,63.0,26.0,0.4,3.0,16.0,25.0,0.6,5.0,24.0,24.0,Sunderland,16.0,4.0,0.0,1.0,3.0,2.0,52.9,7.0,2.0,0.3,0.0,0.0,335.0,406.0,0.8,4.0,17.0,0.2,41.0,22.0,0.5,1.0,6.0,13.0,0.5,3.0,30.0,30.0,740825,2026-01-24 12:30:00,2026
Manchester City,16.0,1.0,0.0,0.0,4.0,1.0,64.2,11.0,4.0,0.4,0.0,0.0,581.0,644.0,0.9,3.0,9.0,0.3,45.0,27.0,0.6,0.0,6.0,16.0,0.4,17.0,11.0,11.0,Wolverhampton Wanderers,14.0,3.0,0.0,6.0,6.0,2.0,35.8,11.0,1.0,0.1,0.0,0.0,278.0,349.0,0.8,4.0,12.0,0.3,35.0,12.0,0.3,5.0,13.0,19.0,0.7,10.0,21.0,21.0,740823,2026-01-24 15:00:00,2026
Fulham,10.0,1.0,0.0,1.0,6.0,3.0,49.1,12.0,4.0,0.3,0.0,0.0,417.0,502.0,0.8,2.0,18.0,0.1,56.0,26.0,0.5,3.0,8.0,11.0,0.7,7.0,41.0,41.0,Brighton & Hove Albion,6.0,1.0,0.0,3.0,6.0,2.0,50.9,13.0,5.0,0.4,0.0,0.0,432.0,517.0,0.8,8.0,26.0,0.3,50.0,15.0,0.3,4.0,9.0,16.0,0.6,12.0,23.0,23.0,740822,2026-01-24 15:00:00,2026
Burnley,8.0,1.0,0.0,3.0,1.0,9.0,37.5,9.0,4.0,0.4,0.0,0.0,292.0,379.0,0.8,2.0,6.0,0.3,48.0,13.0,0.3,3.0,13.0,19.0,0.7,16.0,20.0,20.0,Tottenham Hotspur,9.0,0.0,0.0,1.0,3.0,2.0,62.5,18.0,11.0,0.6,0.0,0.0,526.0,620.0,0.8,7.0,19.0,0.4,52.0,23.0,0.4,0.0,16.0,26.0,0.6,10.0,14.0,14.0,740819,2026-01-24 15:00:00,2026
AFC Bournemouth,7.0,1.0,0.0,0.0,3.0,2.0,33.2,12.0,5.0,0.4,0.0,0.0,230.0,298.0,0.8,3.0,13.0,0.2,49.0,22.0,0.4,3.0,10.0,20.0,0.5,14.0,38.0,38.0,Liverpool,7.0,1.0,0.0,0.0,11.0,2.0,66.8,14.0,4.0,0.3,0.0,0.0,537.0,616.0,0.9,4.0,20.0,0.2,35.0,20.0,0.6,6.0,8.0,12.0,0.7,4.0,27.0,27.0,740817,2026-01-24 17:30:00,2026
Crystal Palace,11.0,2.0,1.0,2.0,4.0,2.0,43.2,13.0,7.0,0.5,0.0,0.0,342.0,440.0,0.8,3.0,20.0,0.2,60.0,19.0,0.3,3.0,9.0,17.0,0.5,10.0,23.0,23.0,Chelsea,10.0,2.0,0.0,1.0,5.0,5.0,56.8,10.0,6.0,0.6,2.0,1.0,504.0,590.0,0.9,5.0,15.0,0.3,65.0,31.0,0.5,1.0,10.0,15.0,0.7,14.0,45.0,45.0,740820,2026-01-25 14:00:00,2026
Newcastle United,7.0,1.0,0.0,2.0,6.0,6.0,60.7,15.0,4.0,0.3,0.0,0.0,447.0,519.0,0.9,6.0,34.0,0.2,36.0,18.0,0.5,7.0,15.0,24.0,0.6,3.0,22.0,22.0,Aston Villa,12.0,2.0,0.0,0.0,5.0,4.0,39.3,14.0,8.0,0.6,0.0,0.0,272.0,353.0,0.8,5.0,10.0,0.5,58.0,16.0,0.3,2.0,13.0,21.0,0.6,7.0,29.0,29.0,740824,2026-01-25 14:00:00,2026
Brentford,11.0,1.0,0.0,1.0,6.0,0.0,65.9,10.0,1.0,0.1,0.0,0.0,490.0,567.0,0.9,7.0,36.0,0.2,45.0,32.0,0.7,3.0,6.0,14.0,0.4,15.0,22.0,22.0,Nottingham Forest,10.0,0.0,0.0,0.0,5.0,1.0,34.1,7.0,2.0,0.3,0.0,0.0,219.0,295.0,0.7,3.0,16.0,0.2,53.0,19.0,0.4,3.0,11.0,18.0,0.6,8.0,54.0,54.0,740818,2026-01-25 14:00:00,2026
Arsenal,11.0,2.0,0.0,3.0,9.0,0.0,56.1,15.0,4.0,0.3,0.0,0.0,371.0,443.0,0.8,4.0,25.0,0.2,35.0,14.0,0.4,6.0,7.0,11.0,0.6,11.0,20.0,20.0,Manchester United,9.0,0.0,0.0,0.0,2.0,3.0,43.9,10.0,3.0,0.3,0.0,0.0,289.0,364.0,0.8,1.0,5.0,0.2,56.0,15.0,0.3,2.0,9.0,14.0,0.6,6.0,25.0,25.0,740816,2026-01-25 16:30:00,2026
Everton,9.0,0.0,0.0,1.0,4.0,3.0,58.1,10.0,3.0,0.3,0.0,0.0,450.0,542.0,0.8,3.0,20.0,0.2,51.0,16.0,0.3,4.0,15.0,20.0,0.8,6.0,32.0,32.0,Leeds United,13.0,3.0,0.0,0.0,4.0,2.0,41.9,14.0,4.0,0.3,0.0,0.0,304.0,394.0,0.8,2.0,12.0,0.2,66.0,27.0,0.4,3.0,20.0,31.0,0.6,10.0,44.0,44.0,740821,2026-01-26 20:00:00,2026
Wolverhampton Wanderers,11.0,2.0,0.0,2.0,5.0,2.0,50.8,17.0,7.0,0.4,0.0,0.0,389.0,476.0,0.8,7.0,22.0,0.3,45.0,19.0,0.4,3.0,17.0,23.0,0.7,3.0,19.0,19.0,AFC Bournemouth,15.0,3.0,0.0,2.0,6.0,7.0,49.2,9.0,4.0,0.4,0.0,0.0,397.0,469.0,0.8,3.0,11.0,0.3,53.0,24.0,0.5,1.0,11.0,20.0,0.6,13.0,32.0,32.0,740827,2026-01-31 15:00:00,2026
Brighton & Hove Albion,13.0,1.0,0.0,3.0,5.0,3.0,53.6,11.0,2.0,0.2,0.0,0.0,408.0,492.0,0.8,4.0,13.0,0.3,42.0,13.0,0.3,4.0,9.0,20.0,0.5,9.0,30.0,30.0,Everton,14.0,2.0,0.0,0.0,2.0,1.0,46.4,7.0,4.0,0.6,0.0,0.0,333.0,423.0,0.8,3.0,15.0,0.2,67.0,35.0,0.5,1.0,14.0,23.0,0.6,7.0,20.0,20.0,740831,2026-01-31 15:00:00,2026
Leeds United,10.0,1.0,0.0,0.0,4.0,4.0,49.5,3.0,1.0,0.3,0.0,0.0,316.0,395.0,0.8,1.0,19.0,0.1,53.0,17.0,0.3,1.0,6.0,16.0,0.4,10.0,36.0,36.0,Arsenal,7.0,1.0,0.0,1.0,12.0,1.0,50.5,15.0,9.0,0.6,0.0,0.0,313.0,395.0,0.8,8.0,26.0,0.3,55.0,23.0,0.4,2.0,7.0,14.0,0.5,6.0,31.0,31.0,740829,2026-01-31 15:00:00,2026
Chelsea,11.0,3.0,0.0,0.0,9.0,4.0,70.8,14.0,6.0,0.4,0.0,0.0,644.0,721.0,0.9,6.0,36.0,0.2,45.0,30.0,0.7,4.0,8.0,14.0,0.6,8.0,23.0,23.0,West Ham United,13.0,2.0,1.0,2.0,3.0,3.0,29.2,11.0,6.0,0.5,0.0,0.0,205.0,300.0,0.7,2.0,11.0,0.2,61.0,24.0,0.4,3.0,9.0,15.0,0.6,7.0,47.0,47.0,740835,2026-01-31 17:30:00,2026
Liverpool,11.0,1.0,0.0,1.0,7.0,1.0,53.8,17.0,7.0,0.4,0.0,0.0,345.0,411.0,0.8,4.0,16.0,0.3,46.0,21.0,0.5,3.0,11.0,18.0,0.6,6.0,38.0,38.0,Newcastle United,7.0,3.0,0.0,3.0,11.0,3.0,46.2,8.0,2.0,0.3,0.0,0.0,266.0,332.0,0.8,6.0,25.0,0.2,42.0,14.0,0.3,3.0,7.0,13.0,0.5,8.0,23.0,23.0,740834,2026-01-31 20:00:00,2026
Nottingham Forest,4.0,1.0,1.0,2.0,5.0,1.0,32.8,9.0,1.0,0.1,0.0,0.0,206.0,282.0,0.7,2.0,13.0,0.2,61.0,31.0,0.5,3.0,11.0,16.0,0.7,10.0,25.0,25.0,Crystal Palace,12.0,3.0,0.0,0.0,7.0,0.0,67.2,14.0,3.0,0.2,2.0,1.0,489.0,575.0,0.9,6.0,24.0,0.3,53.0,27.0,0.5,3.0,10.0,14.0,0.7,6.0,24.0,24.0,740832,2026-02-01 14:00:00,2026
Aston Villa,8.0,0.0,0.0,1.0,12.0,0.0,71.7,27.0,5.0,0.2,0.0,0.0,558.0,636.0,0.9,7.0,26.0,0.3,28.0,15.0,0.5,11.0,10.0,19.0,0.5,3.0,19.0,19.0,Brentford,8.0,3.0,1.0,6.0,1.0,5.0,28.3,6.0,2.0,0.3,0.0,0.0,184.0,256.0,0.7,1.0,7.0,0.1,73.0,26.0,0.4,1.0,4.0,7.0,0.6,13.0,34.0,34.0,740826,2026-02-01 14:00:00,2026
Manchester United,6.0,2.0,0.0,1.0,3.0,4.0,42.1,13.0,6.0,0.5,0.0,0.0,372.0,428.0,0.9,6.0,12.0,0.5,48.0,27.0,0.6,3.0,10.0,22.0,0.5,10.0,30.0,30.0,Fulham,9.0,1.0,0.0,2.0,7.0,3.0,57.9,14.0,6.0,0.4,2.0,1.0,517.0,576.0,0.9,8.0,28.0,0.3,33.0,11.0,0.3,5.0,12.0,17.0,0.7,13.0,10.0,10.0,740833,2026-02-01 14:00:00,2026
Tottenham Hotspur,15.0,3.0,0.0,1.0,3.0,1.0,40.0,12.0,6.0,0.5,0.0,0.0,311.0,385.0,0.8,5.0,13.0,0.4,53.0,23.0,0.4,5.0,10.0,24.0,0.4,6.0,19.0,19.0,Manchester City,12.0,3.0,0.0,2.0,4.0,4.0,60.0,15.0,3.0,0.2,0.0,0.0,522.0,578.0,0.9,7.0,17.0,0.4,42.0,25.0,0.6,4.0,12.0,23.0,0.5,4.0,25.0,25.0,740828,2026-02-01 16:30:00,2026
Sunderland,12.0,1.0,0.0,0.0,1.0,0.0,44.2,14.0,5.0,0.4,0.0,0.0,355.0,426.0,0.8,1.0,10.0,0.1,54.0,27.0,0.5,2.0,7.0,9.0,0.8,9.0,25.0,25.0,Burnley,10.0,4.0,0.0,2.0,2.0,3.0,55.8,5.0,0.0,0.0,0.0,0.0,460.0,529.0,0.9,2.0,22.0,0.1,47.0,22.0,0.5,2.0,11.0,14.0,0.8,5.0,27.0,27.0,740830,2026-02-02 20:00:00,2026
Leeds United,9.0,1.0,0.0,1.0,5.0,5.0,56.4,14.0,5.0,0.4,0.0,0.0,398.0,477.0,0.8,7.0,17.0,0.4,50.0,17.0,0.3,6.0,16.0,22.0,0.7,5.0,36.0,36.0,Nottingham Forest,12.0,1.0,0.0,4.0,10.0,2.0,43.6,16.0,6.0,0.4,0.0,0.0,274.0,350.0,0.8,10.0,34.0,0.3,53.0,24.0,0.5,4.0,10.0,14.0,0.7,8.0,18.0,18.0,740841,2026-02-06 20:00:00,2026
Manchester United,12.0,1.0,0.0,3.0,7.0,1.0,65.2,23.0,10.0,0.4,0.0,0.0,582.0,649.0,0.9,5.0,20.0,0.3,27.0,12.0,0.4,6.0,11.0,18.0,0.6,5.0,11.0,11.0,Tottenham Hotspur,11.0,2.0,1.0,1.0,0.0,8.0,34.8,7.0,1.0,0.1,0.0,0.0,283.0,342.0,0.8,4.0,10.0,0.4,46.0,17.0,0.4,5.0,6.0,16.0,0.4,9.0,30.0,30.0,740843,2026-02-07 12:30:00,2026
Wolverhampton Wanderers,9.0,1.0,0.0,2.0,3.0,3.0,33.7,11.0,3.0,0.3,0.0,0.0,307.0,365.0,0.8,6.0,20.0,0.3,33.0,15.0,0.5,4.0,8.0,12.0,0.7,8.0,21.0,21.0,Chelsea,10.0,1.0,0.0,1.0,4.0,2.0,66.3,15.0,6.0,0.4,4.0,2.0,694.0,747.0,0.9,2.0,13.0,0.2,30.0,16.0,0.5,6.0,10.0,21.0,0.5,10.0,28.0,28.0,740840,2026-02-07 15:00:00,2026
Burnley,11.0,3.0,0.0,0.0,5.0,2.0,53.9,18.0,5.0,0.3,0.0,0.0,400.0,470.0,0.9,7.0,35.0,0.2,36.0,15.0,0.4,8.0,9.0,16.0,0.6,2.0,23.0,23.0,West Ham United,10.0,1.0,0.0,1.0,2.0,5.0,46.1,6.0,4.0,0.7,0.0,0.0,345.0,424.0,0.8,2.0,8.0,0.3,60.0,18.0,0.3,0.0,10.0,14.0,0.7,17.0,34.0,34.0,740839,2026-02-07 15:00:00,2026
AFC Bournemouth,4.0,1.0,0.0,3.0,11.0,3.0,52.7,20.0,9.0,0.5,0.0,0.0,343.0,413.0,0.8,3.0,27.0,0.1,48.0,25.0,0.5,4.0,6.0,10.0,0.6,11.0,25.0,25.0,Aston Villa,11.0,1.0,0.0,3.0,4.0,7.0,47.3,7.0,4.0,0.6,0.0,0.0,310.0,382.0,0.8,4.0,11.0,0.4,51.0,21.0,0.4,3.0,12.0,18.0,0.7,7.0,40.0,40.0,740837,2026-02-07 15:00:00,2026
Fulham,11.0,1.0,0.0,2.0,6.0,2.0,55.4,13.0,3.0,0.2,0.0,0.0,419.0,483.0,0.9,10.0,19.0,0.5,38.0,16.0,0.4,2.0,12.0,20.0,0.6,9.0,22.0,22.0,Everton,12.0,5.0,0.0,2.0,6.0,3.0,44.6,16.0,3.0,0.2,0.0,0.0,334.0,392.0,0.9,6.0,21.0,0.3,50.0,24.0,0.5,3.0,10.0,15.0,0.7,8.0,29.0,29.0,740842,2026-02-07 15:00:00,2026
Arsenal,11.0,1.0,0.0,3.0,5.0,2.0,49.3,16.0,5.0,0.3,0.0,0.0,325.0,389.0,0.8,2.0,19.0,0.1,41.0,22.0,0.5,5.0,8.0,15.0,0.5,12.0,22.0,22.0,Sunderland,8.0,2.0,0.0,1.0,2.0,2.0,50.7,5.0,3.0,0.6,0.0,0.0,327.0,408.0,0.8,2.0,12.0,0.2,53.0,19.0,0.4,1.0,7.0,13.0,0.5,6.0,30.0,30.0,740836,2026-02-07 15:00:00,2026
Newcastle United,14.0,2.0,0.0,1.0,9.0,3.0,53.8,16.0,4.0,0.3,2.0,1.0,351.0,428.0,0.8,4.0,21.0,0.2,56.0,28.0,0.5,4.0,6.0,9.0,0.7,4.0,31.0,31.0,Brentford,18.0,2.0,0.0,2.0,3.0,1.0,46.2,11.0,5.0,0.5,2.0,1.0,286.0,379.0,0.8,2.0,13.0,0.2,66.0,20.0,0.3,4.0,10.0,15.0,0.7,3.0,22.0,22.0,740844,2026-02-07 17:30:00,2026
Brighton & Hove Albion,12.0,1.0,0.0,3.0,3.0,3.0,63.8,7.0,2.0,0.3,0.0,0.0,476.0,557.0,0.9,2.0,15.0,0.1,57.0,32.0,0.6,3.0,7.0,17.0,0.4,3.0,34.0,34.0,Crystal Palace,9.0,3.0,0.0,3.0,4.0,2.0,36.2,7.0,4.0,0.6,0.0,0.0,217.0,311.0,0.7,3.0,12.0,0.3,67.0,22.0,0.3,0.0,11.0,21.0,0.5,10.0,33.0,33.0,740838,2026-02-08 14:00:00,2026
Liverpool,13.0,2.0,1.0,6.0,5.0,5.0,46.5,15.0,4.0,0.3,0.0,0.0,306.0,390.0,0.8,6.0,21.0,0.3,65.0,30.0,0.5,3.0,9.0,17.0,0.5,7.0,20.0,20.0,Manchester City,16.0,4.0,0.0,2.0,4.0,3.0,53.5,17.0,7.0,0.4,2.0,1.0,393.0,465.0,0.8,3.0,11.0,0.3,53.0,20.0,0.4,4.0,8.0,15.0,0.5,10.0,31.0,31.0,740845,2026-02-08 16:30:00,2026
Everton,14.0,1.0,1.0,1.0,7.0,2.0,52.7,16.0,6.0,0.4,2.0,1.0,357.0,443.0,0.8,11.0,24.0,0.5,52.0,22.0,0.4,5.0,6.0,11.0,0.5,8.0,20.0,20.0,AFC Bournemouth,15.0,3.0,0.0,0.0,2.0,5.0,47.3,11.0,4.0,0.4,0.0,0.0,310.0,403.0,0.8,2.0,12.0,0.2,53.0,16.0,0.3,5.0,9.0,21.0,0.4,8.0,35.0,35.0,740852,2026-02-10 19:30:00,2026
Tottenham Hotspur,15.0,3.0,0.0,0.0,2.0,3.0,52.8,16.0,2.0,0.1,0.0,0.0,341.0,407.0,0.8,7.0,13.0,0.5,51.0,23.0,0.5,8.0,11.0,16.0,0.7,7.0,42.0,42.0,Newcastle United,11.0,2.0,0.0,2.0,12.0,1.0,47.2,21.0,5.0,0.2,0.0,0.0,277.0,339.0,0.8,8.0,34.0,0.2,45.0,24.0,0.5,9.0,15.0,23.0,0.7,3.0,26.0,26.0,740854,2026-02-10 19:30:00,2026
Chelsea,9.0,4.0,0.0,4.0,4.0,0.0,65.8,19.0,4.0,0.2,2.0,1.0,593.0,644.0,0.9,6.0,19.0,0.3,34.0,18.0,0.5,7.0,6.0,14.0,0.4,7.0,22.0,22.0,Leeds United,13.0,4.0,0.0,1.0,1.0,2.0,34.2,4.0,2.0,0.5,2.0,1.0,274.0,336.0,0.8,1.0,4.0,0.3,52.0,21.0,0.4,2.0,6.0,11.0,0.5,9.0,33.0,33.0,740848,2026-02-10 19:30:00,2026
West Ham United,10.0,1.0,0.0,1.0,5.0,2.0,34.9,7.0,3.0,0.4,0.0,0.0,261.0,329.0,0.8,3.0,14.0,0.2,46.0,21.0,0.5,3.0,10.0,15.0,0.7,16.0,24.0,24.0,Manchester United,4.0,1.0,0.0,3.0,3.0,2.0,65.1,9.0,3.0,0.3,0.0,0.0,551.0,629.0,0.9,6.0,20.0,0.3,40.0,21.0,0.5,2.0,12.0,19.0,0.6,8.0,12.0,12.0,740855,2026-02-10 20:15:00,2026
Aston Villa,9.0,2.0,0.0,0.0,7.0,3.0,49.7,15.0,1.0,0.1,0.0,0.0,342.0,418.0,0.8,5.0,14.0,0.4,55.0,25.0,0.5,4.0,5.0,11.0,0.5,7.0,22.0,22.0,Brighton & Hove Albion,15.0,3.0,0.0,3.0,5.0,2.0,50.3,9.0,3.0,0.3,0.0,0.0,348.0,418.0,0.8,5.0,27.0,0.2,52.0,24.0,0.5,1.0,10.0,16.0,0.6,13.0,13.0,13.0,740846,2026-02-11 19:30:00,2026
Manchester City,8.0,3.0,0.0,3.0,4.0,3.0,56.0,13.0,5.0,0.4,0.0,0.0,577.0,634.0,0.9,1.0,9.0,0.1,41.0,27.0,0.7,5.0,11.0,22.0,0.5,7.0,16.0,16.0,Fulham,10.0,1.0,0.0,1.0,4.0,2.0,44.0,14.0,3.0,0.2,0.0,0.0,418.0,492.0,0.9,4.0,14.0,0.3,47.0,22.0,0.5,3.0,14.0,23.0,0.6,8.0,11.0,11.0,740849,2026-02-11 19:30:00,2026
Nottingham Forest,12.0,0.0,0.0,2.0,8.0,3.0,62.7,35.0,10.0,0.3,0.0,0.0,426.0,480.0,0.9,10.0,38.0,0.3,37.0,27.0,0.7,9.0,10.0,18.0,0.6,6.0,26.0,26.0,Wolverhampton Wanderers,13.0,2.0,0.0,0.0,2.0,10.0,37.3,7.0,3.0,0.4,0.0,0.0,216.0,287.0,0.8,1.0,11.0,0.1,65.0,24.0,0.4,0.0,14.0,20.0,0.7,6.0,39.0,39.0,740850,2026-02-11 19:30:00,2026
Crystal Palace,11.0,2.0,0.0,1.0,8.0,1.0,64.5,21.0,3.0,0.1,0.0,0.0,462.0,572.0,0.8,11.0,25.0,0.4,54.0,21.0,0.4,11.0,8.0,14.0,0.6,8.0,25.0,25.0,Burnley,8.0,1.0,0.0,1.0,2.0,1.0,35.5,8.0,3.0,0.4,0.0,0.0,212.0,316.0,0.7,3.0,13.0,0.2,66.0,16.0,0.2,1.0,8.0,16.0,0.5,7.0,37.0,37.0,740851,2026-02-11 19:40:00,2026
Sunderland,8.0,1.0,0.0,2.0,3.0,2.0,43.1,11.0,2.0,0.2,0.0,0.0,311.0,372.0,0.8,4.0,25.0,0.2,52.0,18.0,0.3,4.0,7.0,14.0,0.5,8.0,39.0,39.0,Liverpool,10.0,0.0,0.0,1.0,11.0,2.0,56.9,23.0,3.0,0.1,0.0,0.0,432.0,501.0,0.9,3.0,26.0,0.1,52.0,24.0,0.5,13.0,9.0,15.0,0.6,4.0,37.0,37.0,740853,2026-02-11 20:15:00,2026
Brentford,12.0,3.0,0.0,0.0,6.0,1.0,40.8,12.0,3.0,0.3,0.0,0.0,235.0,314.0,0.7,5.0,15.0,0.3,63.0,23.0,0.4,5.0,6.0,11.0,0.5,12.0,28.0,28.0,Arsenal,11.0,2.0,0.0,0.0,4.0,2.0,59.2,7.0,2.0,0.3,0.0,0.0,384.0,452.0,0.9,8.0,23.0,0.3,48.0,29.0,0.6,3.0,12.0,22.0,0.5,4.0,37.0,37.0,740847,2026-02-12 20:00:00,2026
Wolverhampton Wanderers,6.0,2.0,0.0,1.0,1.0,2.0,42.5,5.0,2.0,0.4,0.0,0.0,269.0,361.0,0.7,3.0,14.0,0.2,59.0,24.0,0.4,0.0,14.0,26.0,0.5,8.0,18.0,18.0,Arsenal,8.0,1.0,0.0,3.0,3.0,0.0,57.5,10.0,4.0,0.4,0.0,0.0,395.0,486.0,0.8,6.0,21.0,0.3,49.0,12.0,0.2,2.0,12.0,20.0,0.6,13.0,25.0,25.0,740901,2026-02-18 20:00:00,2026
Brentford,9.0,1.0,0.0,1.0,6.0,5.0,51.9,13.0,3.0,0.2,0.0,0.0,343.0,439.0,0.8,6.0,21.0,0.3,66.0,22.0,0.3,0.0,6.0,8.0,0.8,10.0,21.0,21.0,Brighton & Hove Albion,14.0,2.0,0.0,1.0,4.0,4.0,48.1,11.0,7.0,0.6,0.0,0.0,319.0,416.0,0.8,2.0,13.0,0.2,60.0,18.0,0.3,1.0,8.0,16.0,0.5,9.0,26.0,26.0,740858,2026-02-21 15:00:00,2026
Chelsea,13.0,2.0,1.0,2.0,9.0,3.0,66.5,12.0,2.0,0.2,0.0,0.0,533.0,605.0,0.9,2.0,18.0,0.1,46.0,23.0,0.5,5.0,8.0,13.0,0.6,9.0,13.0,13.0,Burnley,11.0,2.0,0.0,4.0,5.0,1.0,33.5,12.0,4.0,0.3,0.0,0.0,240.0,302.0,0.8,5.0,11.0,0.5,43.0,17.0,0.4,2.0,6.0,9.0,0.7,15.0,20.0,20.0,740864,2026-02-21 15:00:00,2026
Aston Villa,11.0,1.0,0.0,4.0,7.0,3.0,66.8,16.0,4.0,0.3,0.0,0.0,443.0,520.0,0.9,7.0,28.0,0.3,36.0,16.0,0.4,5.0,8.0,14.0,0.6,8.0,20.0,20.0,Leeds United,16.0,4.0,0.0,5.0,2.0,3.0,33.2,14.0,4.0,0.3,0.0,0.0,182.0,256.0,0.7,5.0,13.0,0.4,44.0,17.0,0.4,4.0,13.0,22.0,0.6,11.0,40.0,40.0,740862,2026-02-21 15:00:00,2026
West Ham United,10.0,1.0,0.0,2.0,9.0,5.0,42.0,20.0,3.0,0.2,0.0,0.0,242.0,334.0,0.7,8.0,22.0,0.4,41.0,15.0,0.4,7.0,13.0,21.0,0.6,8.0,30.0,30.0,AFC Bournemouth,11.0,1.0,0.0,3.0,5.0,3.0,58.0,10.0,5.0,0.5,0.0,0.0,384.0,484.0,0.8,1.0,15.0,0.1,56.0,17.0,0.3,4.0,12.0,17.0,0.7,8.0,25.0,25.0,740861,2026-02-21 17:30:00,2026
Manchester City,12.0,2.0,0.0,1.0,5.0,6.0,54.8,15.0,7.0,0.5,0.0,0.0,393.0,467.0,0.8,6.0,11.0,0.5,49.0,19.0,0.4,2.0,13.0,21.0,0.6,5.0,23.0,23.0,Newcastle United,13.0,5.0,0.0,5.0,5.0,5.0,45.2,13.0,7.0,0.5,0.0,0.0,305.0,375.0,0.8,4.0,13.0,0.3,59.0,27.0,0.5,3.0,10.0,18.0,0.6,8.0,18.0,18.0,740857,2026-02-21 20:00:00,2026
Crystal Palace,19.0,5.0,0.0,0.0,7.0,7.0,60.6,14.0,3.0,0.2,0.0,0.0,340.0,425.0,0.8,5.0,24.0,0.2,49.0,18.0,0.4,4.0,12.0,15.0,0.8,7.0,31.0,31.0,Wolverhampton Wanderers,13.0,1.0,1.0,1.0,3.0,2.0,39.4,12.0,7.0,0.6,0.0,1.0,210.0,277.0,0.8,7.0,15.0,0.5,43.0,12.0,0.3,3.0,9.0,17.0,0.5,13.0,48.0,48.0,740860,2026-02-22 14:00:00,2026
Nottingham Forest,13.0,2.0,0.0,1.0,7.0,3.0,47.2,18.0,2.0,0.1,0.0,0.0,348.0,421.0,0.8,7.0,30.0,0.2,52.0,24.0,0.5,8.0,14.0,18.0,0.8,10.0,35.0,35.0,Liverpool,9.0,0.0,0.0,1.0,2.0,2.0,52.8,10.0,4.0,0.4,0.0,0.0,412.0,489.0,0.8,4.0,13.0,0.3,49.0,28.0,0.6,4.0,7.0,14.0,0.5,9.0,27.0,27.0,740863,2026-02-22 14:00:00,2026
Sunderland,6.0,1.0,0.0,1.0,6.0,1.0,53.4,12.0,2.0,0.2,2.0,1.0,334.0,406.0,0.8,1.0,14.0,0.1,53.0,24.0,0.5,5.0,5.0,12.0,0.4,5.0,25.0,25.0,Fulham,13.0,1.0,0.0,1.0,4.0,1.0,46.6,12.0,4.0,0.3,2.0,1.0,287.0,355.0,0.8,3.0,17.0,0.2,57.0,19.0,0.3,3.0,10.0,22.0,0.5,9.0,37.0,37.0,740859,2026-02-22 14:00:00,2026
Tottenham Hotspur,17.0,2.0,0.0,0.0,2.0,2.0,39.9,6.0,5.0,0.8,0.0,0.0,232.0,320.0,0.7,2.0,11.0,0.2,50.0,10.0,0.2,1.0,13.0,24.0,0.5,15.0,42.0,42.0,Arsenal,11.0,1.0,0.0,0.0,5.0,4.0,60.1,20.0,7.0,0.4,0.0,0.0,378.0,480.0,0.8,3.0,15.0,0.2,50.0,17.0,0.3,7.0,21.0,31.0,0.7,8.0,15.0,15.0,740865,2026-02-22 16:30:00,2026
Everton,12.0,2.0,0.0,1.0,10.0,1.0,47.8,12.0,4.0,0.3,0.0,0.0,316.0,413.0,0.8,5.0,35.0,0.1,55.0,21.0,0.4,6.0,8.0,18.0,0.4,14.0,13.0,13.0,Manchester United,7.0,3.0,0.0,0.0,1.0,4.0,52.2,11.0,3.0,0.3,0.0,0.0,388.0,483.0,0.8,1.0,6.0,0.2,59.0,23.0,0.4,2.0,8.0,12.0,0.7,8.0,38.0,38.0,740856,2026-02-23 20:00:00,2026
Wolverhampton Wanderers,13.0,3.0,0.0,1.0,0.0,4.0,39.2,9.0,2.0,0.2,0.0,0.0,256.0,328.0,0.8,2.0,11.0,0.2,47.0,14.0,0.3,3.0,12.0,16.0,0.8,10.0,25.0,25.0,Aston Villa,19.0,3.0,0.0,0.0,5.0,0.0,60.8,14.0,5.0,0.4,0.0,0.0,439.0,502.0,0.9,7.0,26.0,0.3,35.0,24.0,0.7,6.0,5.0,11.0,0.5,11.0,15.0,15.0,740868,2026-02-27 20:00:00,2026
AFC Bournemouth,15.0,4.0,0.0,1.0,7.0,3.0,62.0,21.0,5.0,0.2,0.0,0.0,358.0,464.0,0.8,4.0,26.0,0.2,68.0,28.0,0.4,7.0,10.0,16.0,0.6,14.0,27.0,27.0,Sunderland,12.0,2.0,0.0,2.0,3.0,4.0,38.0,8.0,4.0,0.5,0.0,0.0,193.0,287.0,0.7,1.0,12.0,0.1,53.0,18.0,0.3,2.0,16.0,26.0,0.6,6.0,46.0,46.0,740873,2026-02-28 12:30:00,2026
Newcastle United,15.0,2.0,0.0,0.0,7.0,2.0,66.1,17.0,7.0,0.4,0.0,0.0,510.0,587.0,0.9,4.0,30.0,0.1,31.0,10.0,0.3,4.0,5.0,13.0,0.4,5.0,11.0,11.0,Everton,7.0,3.0,0.0,4.0,2.0,4.0,33.9,9.0,5.0,0.6,0.0,0.0,231.0,311.0,0.7,2.0,4.0,0.5,51.0,18.0,0.4,1.0,14.0,27.0,0.5,9.0,41.0,41.0,740874,2026-02-28 15:00:00,2026
Liverpool,12.0,2.0,0.0,1.0,10.0,3.0,49.1,18.0,7.0,0.4,0.0,0.0,328.0,405.0,0.8,2.0,20.0,0.1,39.0,17.0,0.4,7.0,10.0,21.0,0.5,6.0,22.0,22.0,West Ham United,11.0,2.0,0.0,1.0,5.0,2.0,50.9,11.0,4.0,0.4,0.0,0.0,332.0,422.0,0.8,4.0,21.0,0.2,57.0,25.0,0.4,3.0,8.0,13.0,0.6,13.0,19.0,19.0,740872,2026-02-28 15:00:00,2026
Burnley,9.0,2.0,0.0,2.0,4.0,2.0,41.3,12.0,3.0,0.3,0.0,0.0,256.0,326.0,0.8,5.0,17.0,0.3,55.0,20.0,0.4,2.0,8.0,13.0,0.6,4.0,39.0,39.0,Brentford,9.0,2.0,0.0,0.0,8.0,1.0,58.7,16.0,7.0,0.4,0.0,0.0,376.0,463.0,0.8,5.0,22.0,0.2,62.0,28.0,0.5,5.0,11.0,14.0,0.8,8.0,28.0,28.0,740867,2026-02-28 15:00:00,2026
Leeds United,10.0,0.0,0.0,1.0,5.0,4.0,33.0,14.0,2.0,0.1,0.0,0.0,229.0,311.0,0.7,6.0,22.0,0.3,46.0,18.0,0.4,5.0,5.0,14.0,0.4,9.0,26.0,26.0,Manchester City,8.0,3.0,0.0,4.0,3.0,2.0,67.0,14.0,5.0,0.4,0.0,0.0,587.0,655.0,0.9,5.0,21.0,0.2,46.0,23.0,0.5,4.0,8.0,17.0,0.5,0.0,39.0,39.0,740869,2026-02-28 17:30:00,2026
Brighton & Hove Albion,12.0,3.0,0.0,0.0,4.0,3.0,53.5,14.0,7.0,0.5,0.0,0.0,453.0,522.0,0.9,6.0,11.0,0.5,53.0,25.0,0.5,2.0,11.0,17.0,0.6,6.0,20.0,20.0,Nottingham Forest,13.0,1.0,0.0,4.0,4.0,5.0,46.5,13.0,4.0,0.3,0.0,0.0,380.0,444.0,0.9,4.0,17.0,0.2,50.0,29.0,0.6,6.0,5.0,9.0,0.6,8.0,15.0,15.0,740866,2026-03-01 14:00:00,2026
Fulham,11.0,3.0,0.0,1.0,5.0,0.0,54.1,18.0,4.0,0.2,0.0,0.0,384.0,480.0,0.8,5.0,13.0,0.4,54.0,23.0,0.4,4.0,8.0,12.0,0.7,10.0,34.0,34.0,Tottenham Hotspur,14.0,3.0,0.0,1.0,8.0,2.0,45.9,13.0,1.0,0.1,0.0,0.0,293.0,395.0,0.7,6.0,21.0,0.3,64.0,21.0,0.3,7.0,11.0,16.0,0.7,10.0,18.0,18.0,740870,2026-03-01 14:00:00,2026
Manchester United,13.0,2.0,0.0,1.0,7.0,2.0,61.0,20.0,11.0,0.6,2.0,1.0,527.0,612.0,0.9,11.0,25.0,0.4,38.0,22.0,0.6,5.0,6.0,14.0,0.4,4.0,16.0,16.0,Crystal Palace,12.0,2.0,1.0,2.0,1.0,9.0,39.0,8.0,3.0,0.4,0.0,0.0,308.0,399.0,0.8,1.0,6.0,0.2,61.0,17.0,0.3,2.0,5.0,16.0,0.3,6.0,29.0,29.0,740875,2026-03-01 14:00:00,2026
Arsenal,11.0,1.0,0.0,0.0,5.0,4.0,41.1,12.0,5.0,0.4,0.0,0.0,277.0,338.0,0.8,2.0,11.0,0.2,43.0,21.0,0.5,4.0,9.0,17.0,0.5,5.0,21.0,21.0,Chelsea,14.0,3.0,1.0,1.0,10.0,3.0,58.9,9.0,3.0,0.3,0.0,0.0,425.0,482.0,0.9,4.0,18.0,0.2,47.0,19.0,0.4,1.0,8.0,20.0,0.4,13.0,22.0,22.0,740871,2026-03-01 16:30:00,2026
Leeds United,15.0,1.0,0.0,2.0,9.0,0.0,70.3,18.0,4.0,0.2,0.0,0.0,455.0,550.0,0.8,4.0,29.0,0.1,66.0,30.0,0.5,9.0,6.0,16.0,0.4,6.0,20.0,20.0,Sunderland,19.0,3.0,0.0,5.0,2.0,4.0,29.7,3.0,1.0,0.3,2.0,1.0,143.0,233.0,0.6,1.0,8.0,0.1,73.0,17.0,0.2,2.0,11.0,16.0,0.7,7.0,50.0,50.0,740881,2026-03-03 19:30:00,2026
Everton,10.0,0.0,0.0,1.0,6.0,2.0,55.4,14.0,5.0,0.4,0.0,0.0,509.0,581.0,0.9,3.0,20.0,0.2,49.0,26.0,0.5,4.0,12.0,18.0,0.7,10.0,25.0,25.0,Burnley,12.0,1.0,0.0,2.0,3.0,3.0,44.6,5.0,2.0,0.4,0.0,0.0,407.0,476.0,0.9,0.0,7.0,0.0,51.0,23.0,0.5,1.0,10.0,17.0,0.6,14.0,29.0,29.0,740879,2026-03-03 19:30:00,2026
AFC Bournemouth,9.0,2.0,0.0,2.0,4.0,2.0,47.7,13.0,2.0,0.2,0.0,0.0,320.0,413.0,0.8,3.0,16.0,0.2,55.0,20.0,0.4,3.0,9.0,13.0,0.7,12.0,43.0,43.0,Brentford,10.0,1.0,0.0,0.0,3.0,2.0,52.3,5.0,2.0,0.4,0.0,0.0,348.0,454.0,0.8,2.0,15.0,0.1,77.0,34.0,0.4,2.0,3.0,14.0,0.2,6.0,30.0,30.0,740877,2026-03-03 19:30:00,2026
Wolverhampton Wanderers,10.0,2.0,0.0,0.0,2.0,5.0,34.2,4.0,3.0,0.8,0.0,0.0,249.0,315.0,0.8,2.0,9.0,0.2,33.0,6.0,0.2,0.0,16.0,25.0,0.6,9.0,35.0,35.0,Liverpool,13.0,1.0,0.0,1.0,11.0,1.0,65.8,20.0,7.0,0.4,0.0,0.0,540.0,609.0,0.9,5.0,27.0,0.2,33.0,21.0,0.6,3.0,9.0,16.0,0.6,8.0,11.0,11.0,740885,2026-03-03 20:15:00,2026
Aston Villa,10.0,3.0,0.0,2.0,3.0,4.0,43.1,9.0,4.0,0.4,0.0,0.0,371.0,431.0,0.9,1.0,11.0,0.1,32.0,18.0,0.6,1.0,8.0,11.0,0.7,7.0,14.0,14.0,Chelsea,9.0,2.0,0.0,2.0,8.0,3.0,56.9,15.0,8.0,0.5,0.0,0.0,515.0,565.0,0.9,3.0,19.0,0.2,28.0,13.0,0.5,4.0,6.0,15.0,0.4,9.0,15.0,15.0,740876,2026-03-04 19:30:00,2026
Fulham,14.0,2.0,0.0,0.0,7.0,3.0,59.7,13.0,5.0,0.4,0.0,0.0,470.0,563.0,0.8,9.0,25.0,0.4,56.0,28.0,0.5,4.0,4.0,9.0,0.4,3.0,21.0,21.0,West Ham United,12.0,4.0,0.0,7.0,5.0,5.0,40.3,9.0,3.0,0.3,0.0,0.0,302.0,379.0,0.8,2.0,15.0,0.1,42.0,13.0,0.3,2.0,4.0,7.0,0.6,14.0,31.0,31.0,740880,2026-03-04 19:30:00,2026
Manchester City,10.0,0.0,0.0,1.0,6.0,2.0,69.9,21.0,7.0,0.3,0.0,0.0,714.0,774.0,0.9,4.0,24.0,0.2,36.0,24.0,0.7,6.0,6.0,10.0,0.6,6.0,6.0,6.0,Nottingham Forest,6.0,4.0,0.0,3.0,1.0,3.0,30.1,9.0,4.0,0.4,0.0,0.0,269.0,329.0,0.8,2.0,11.0,0.2,47.0,18.0,0.4,3.0,14.0,20.0,0.7,6.0,27.0,27.0,740882,2026-03-04 19:30:00,2026
Brighton & Hove Albion,14.0,4.0,0.0,3.0,4.0,1.0,59.9,11.0,3.0,0.3,0.0,0.0,385.0,470.0,0.8,5.0,30.0,0.2,52.0,23.0,0.4,5.0,15.0,23.0,0.7,11.0,28.0,28.0,Arsenal,12.0,1.0,0.0,0.0,3.0,2.0,40.1,7.0,2.0,0.3,0.0,0.0,226.0,322.0,0.7,1.0,7.0,0.1,61.0,25.0,0.4,1.0,6.0,16.0,0.4,8.0,50.0,50.0,740878,2026-03-04 19:30:00,2026
Newcastle United,15.0,2.0,1.0,0.0,2.0,4.0,45.1,12.0,5.0,0.4,2.0,1.0,291.0,381.0,0.8,5.0,15.0,0.3,74.0,32.0,0.4,1.0,14.0,18.0,0.8,9.0,30.0,30.0,Manchester United,16.0,3.0,0.0,0.0,4.0,3.0,54.9,14.0,5.0,0.4,0.0,0.0,384.0,469.0,0.8,2.0,14.0,0.1,47.0,18.0,0.4,5.0,9.0,12.0,0.8,9.0,18.0,18.0,740883,2026-03-04 20:15:00,2026
Tottenham Hotspur,14.0,3.0,1.0,1.0,6.0,1.0,40.0,12.0,4.0,0.3,0.0,0.0,242.0,311.0,0.8,5.0,12.0,0.4,41.0,19.0,0.5,5.0,10.0,17.0,0.6,10.0,28.0,28.0,Crystal Palace,14.0,2.0,0.0,1.0,3.0,3.0,60.0,9.0,4.0,0.4,2.0,1.0,402.0,463.0,0.9,2.0,20.0,0.1,49.0,22.0,0.4,3.0,13.0,24.0,0.5,6.0,30.0,30.0,740884,2026-03-05 20:00:00,2026
Sunderland,7.0,1.0,0.0,3.0,7.0,3.0,48.0,14.0,4.0,0.3,0.0,0.0,332.0,422.0,0.8,0.0,20.0,0.0,57.0,22.0,0.4,5.0,4.0,7.0,0.6,5.0,22.0,22.0,Brighton & Hove Albion,12.0,2.0,0.0,1.0,3.0,3.0,52.0,12.0,4.0,0.3,0.0,0.0,371.0,471.0,0.8,5.0,13.0,0.4,57.0,15.0,0.3,5.0,17.0,26.0,0.7,12.0,43.0,43.0,740894,2026-03-14 15:00:00,2026
Burnley,11.0,1.0,0.0,1.0,5.0,2.0,38.0,15.0,2.0,0.1,0.0,0.0,199.0,283.0,0.7,6.0,20.0,0.3,57.0,23.0,0.4,8.0,8.0,13.0,0.6,3.0,38.0,38.0,AFC Bournemouth,5.0,0.0,0.0,1.0,8.0,2.0,62.0,22.0,3.0,0.1,0.0,0.0,377.0,471.0,0.8,7.0,26.0,0.3,54.0,15.0,0.3,9.0,16.0,20.0,0.8,11.0,42.0,42.0,740888,2026-03-14 15:00:00,2026
Arsenal,11.0,0.0,0.0,2.0,8.0,3.0,64.5,25.0,7.0,0.3,0.0,0.0,503.0,581.0,0.9,4.0,21.0,0.2,36.0,14.0,0.4,9.0,12.0,16.0,0.8,4.0,29.0,29.0,Everton,12.0,0.0,0.0,1.0,3.0,4.0,35.5,9.0,3.0,0.3,0.0,0.0,238.0,321.0,0.7,2.0,9.0,0.2,53.0,14.0,0.3,4.0,8.0,15.0,0.5,16.0,33.0,33.0,740886,2026-03-14 17:30:00,2026
Chelsea,9.0,2.0,0.0,0.0,8.0,4.0,67.1,22.0,3.0,0.1,0.0,0.0,620.0,675.0,0.9,7.0,28.0,0.3,28.0,17.0,0.6,9.0,6.0,11.0,0.5,9.0,22.0,22.0,Newcastle United,10.0,2.0,0.0,0.0,1.0,3.0,32.9,7.0,5.0,0.7,0.0,0.0,259.0,331.0,0.8,2.0,12.0,0.2,51.0,17.0,0.3,1.0,9.0,16.0,0.6,7.0,29.0,29.0,740889,2026-03-14 17:30:00,2026
West Ham United,14.0,2.0,0.0,3.0,1.0,5.0,28.5,1.0,1.0,1.0,0.0,0.0,224.0,304.0,0.7,1.0,6.0,0.2,48.0,13.0,0.3,0.0,15.0,25.0,0.6,12.0,34.0,34.0,Manchester City,5.0,2.0,0.0,2.0,15.0,0.0,71.5,24.0,6.0,0.3,0.0,0.0,684.0,755.0,0.9,10.0,33.0,0.3,39.0,21.0,0.5,7.0,7.0,8.0,0.9,13.0,16.0,16.0,740895,2026-03-14 20:00:00,2026
Nottingham Forest,8.0,2.0,0.0,3.0,5.0,1.0,45.8,11.0,2.0,0.2,0.0,0.0,321.0,401.0,0.8,3.0,14.0,0.2,52.0,28.0,0.5,5.0,7.0,8.0,0.9,7.0,22.0,22.0,Fulham,11.0,3.0,0.0,0.0,4.0,2.0,54.2,6.0,1.0,0.2,0.0,0.0,378.0,474.0,0.8,3.0,18.0,0.2,57.0,26.0,0.5,2.0,10.0,16.0,0.6,10.0,22.0,22.0,740893,2026-03-15 14:00:00,2026
Crystal Palace,12.0,2.0,0.0,5.0,8.0,3.0,66.6,12.0,0.0,0.0,0.0,0.0,364.0,463.0,0.8,4.0,21.0,0.2,64.0,27.0,0.4,7.0,8.0,9.0,0.9,3.0,51.0,51.0,Leeds United,11.0,1.0,1.0,2.0,3.0,0.0,33.4,10.0,3.0,0.3,0.0,1.0,142.0,228.0,0.6,4.0,14.0,0.3,56.0,18.0,0.3,3.0,8.0,15.0,0.5,6.0,55.0,55.0,740890,2026-03-15 14:00:00,2026
Manchester United,10.0,3.0,0.0,1.0,6.0,1.0,52.0,16.0,6.0,0.4,0.0,0.0,410.0,479.0,0.9,2.0,21.0,0.1,45.0,22.0,0.5,4.0,9.0,19.0,0.5,12.0,22.0,22.0,Aston Villa,5.0,2.0,0.0,1.0,6.0,3.0,48.0,9.0,2.0,0.2,0.0,0.0,376.0,442.0,0.9,6.0,17.0,0.4,40.0,15.0,0.4,2.0,10.0,16.0,0.6,8.0,31.0,31.0,740892,2026-03-15 14:00:00,2026
Liverpool,8.0,0.0,0.0,0.0,3.0,6.0,63.3,17.0,4.0,0.2,0.0,0.0,465.0,553.0,0.8,3.0,20.0,0.2,48.0,21.0,0.4,6.0,8.0,12.0,0.7,11.0,17.0,17.0,Tottenham Hotspur,13.0,0.0,0.0,1.0,4.0,3.0,36.7,13.0,7.0,0.5,0.0,0.0,233.0,320.0,0.7,4.0,12.0,0.3,68.0,26.0,0.4,3.0,11.0,20.0,0.6,12.0,36.0,36.0,740891,2026-03-15 16:30:00,2026
Brentford,12.0,2.0,0.0,0.0,1.0,2.0,49.8,10.0,3.0,0.3,0.0,0.0,336.0,438.0,0.8,7.0,14.0,0.5,60.0,24.0,0.4,0.0,10.0,15.0,0.7,11.0,25.0,25.0,Wolverhampton Wanderers,10.0,4.0,0.0,2.0,5.0,1.0,50.2,13.0,4.0,0.3,0.0,0.0,346.0,428.0,0.8,7.0,27.0,0.3,62.0,30.0,0.5,3.0,7.0,8.0,0.9,8.0,27.0,27.0,740887,2026-03-16 20:00:00,2026
AFC Bournemouth,10.0,2.0,0.0,2.0,6.0,4.0,54.9,16.0,5.0,0.3,2.0,1.0,426.0,502.0,0.8,2.0,22.0,0.1,40.0,19.0,0.5,4.0,8.0,13.0,0.6,9.0,24.0,24.0,Manchester United,9.0,2.0,1.0,0.0,8.0,3.0,45.1,14.0,5.0,0.4,2.0,1.0,320.0,415.0,0.8,3.0,15.0,0.2,49.0,20.0,0.4,7.0,10.0,16.0,0.6,12.0,30.0,30.0,740897,2026-03-20 20:00:00,2026
Brighton & Hove Albion,11.0,5.0,0.0,2.0,4.0,4.0,47.0,16.0,7.0,0.4,0.0,0.0,297.0,380.0,0.8,6.0,16.0,0.4,49.0,23.0,0.5,2.0,6.0,11.0,0.5,7.0,25.0,25.0,Liverpool,11.0,5.0,0.0,1.0,8.0,4.0,53.0,12.0,5.0,0.4,0.0,0.0,346.0,431.0,0.8,5.0,18.0,0.3,61.0,24.0,0.4,3.0,6.0,12.0,0.5,12.0,30.0,30.0,740898,2026-03-21 12:45:00,2026
Fulham,6.0,2.0,0.0,1.0,6.0,4.0,55.5,22.0,6.0,0.3,2.0,1.0,442.0,518.0,0.9,5.0,22.0,0.2,55.0,30.0,0.5,6.0,13.0,18.0,0.7,6.0,25.0,25.0,Burnley,9.0,2.0,1.0,0.0,6.0,3.0,44.5,9.0,5.0,0.6,0.0,0.0,343.0,413.0,0.8,4.0,18.0,0.2,70.0,36.0,0.5,3.0,6.0,13.0,0.5,7.0,24.0,24.0,740905,2026-03-21 15:00:00,2026
Everton,6.0,0.0,0.0,0.0,3.0,4.0,36.4,10.0,9.0,0.9,0.0,0.0,318.0,392.0,0.8,6.0,18.0,0.3,53.0,20.0,0.4,1.0,11.0,22.0,0.5,7.0,29.0,29.0,Chelsea,7.0,2.0,0.0,0.0,9.0,5.0,63.6,12.0,4.0,0.3,0.0,0.0,617.0,690.0,0.9,1.0,24.0,0.0,32.0,15.0,0.5,4.0,7.0,15.0,0.5,7.0,22.0,22.0,740899,2026-03-21 17:30:00,2026
Leeds United,6.0,2.0,0.0,1.0,6.0,2.0,57.0,14.0,4.0,0.3,0.0,0.0,369.0,461.0,0.8,5.0,32.0,0.2,50.0,26.0,0.5,7.0,6.0,15.0,0.4,8.0,38.0,38.0,Brentford,9.0,0.0,0.0,3.0,2.0,4.0,43.0,6.0,2.0,0.3,0.0,0.0,234.0,358.0,0.7,5.0,13.0,0.4,83.0,16.0,0.2,1.0,8.0,11.0,0.7,7.0,47.0,47.0,740900,2026-03-21 20:00:00,2026
Newcastle United,8.0,1.0,0.0,1.0,9.0,4.0,59.9,16.0,4.0,0.3,0.0,0.0,328.0,403.0,0.8,7.0,23.0,0.3,57.0,19.0,0.3,4.0,9.0,13.0,0.7,6.0,38.0,38.0,Sunderland,19.0,6.0,0.0,0.0,5.0,3.0,40.1,17.0,7.0,0.4,0.0,0.0,187.0,262.0,0.7,6.0,23.0,0.3,53.0,13.0,0.2,5.0,14.0,17.0,0.8,4.0,32.0,32.0,740903,2026-03-22 12:00:00,2026
Tottenham Hotspur,13.0,1.0,0.0,2.0,13.0,4.0,58.9,14.0,3.0,0.2,0.0,0.0,365.0,459.0,0.8,6.0,31.0,0.2,42.0,14.0,0.3,6.0,11.0,19.0,0.6,7.0,14.0,14.0,Nottingham Forest,13.0,2.0,0.0,0.0,3.0,3.0,41.1,8.0,7.0,0.9,0.0,0.0,252.0,336.0,0.8,3.0,11.0,0.3,68.0,21.0,0.3,1.0,14.0,21.0,0.7,9.0,40.0,40.0,740904,2026-03-22 14:15:00,2026
Aston Villa,3.0,0.0,0.0,0.0,6.0,1.0,58.9,23.0,7.0,0.3,0.0,0.0,452.0,507.0,0.9,5.0,17.0,0.3,39.0,22.0,0.6,7.0,13.0,18.0,0.7,4.0,17.0,17.0,West Ham United,7.0,1.0,0.0,4.0,6.0,4.0,41.1,9.0,1.0,0.1,0.0,0.0,283.0,342.0,0.8,6.0,19.0,0.3,49.0,23.0,0.5,5.0,8.0,13.0,0.6,10.0,21.0,21.0,740896,2026-03-22 14:15:00,2026
West Ham United,11.0,2.0,0.0,0.0,5.0,4.0,44.1,18.0,7.0,0.4,0.0,0.0,288.0,355.0,0.8,4.0,17.0,0.2,60.0,28.0,0.5,4.0,9.0,23.0,0.4,5.0,21.0,21.0,Wolverhampton Wanderers,7.0,2.0,0.0,1.0,2.0,3.0,55.9,14.0,3.0,0.2,0.0,0.0,393.0,456.0,0.9,3.0,17.0,0.2,26.0,8.0,0.3,3.0,10.0,17.0,0.6,8.0,19.0,19.0,740913,2026-04-10 19:00:00,2026
Arsenal,12.0,1.0,0.0,2.0,10.0,1.0,52.4,15.0,3.0,0.2,2.0,1.0,314.0,389.0,0.8,5.0,22.0,0.2,47.0,21.0,0.4,8.0,11.0,17.0,0.6,7.0,23.0,23.0,AFC Bournemouth,18.0,3.0,0.0,0.0,1.0,2.0,47.6,8.0,3.0,0.4,0.0,0.0,292.0,367.0,0.8,1.0,8.0,0.1,51.0,13.0,0.3,2.0,11.0,20.0,0.6,9.0,28.0,28.0,740908,2026-04-11 11:30:00,2026
Burnley,7.0,2.0,0.0,2.0,8.0,3.0,50.4,10.0,5.0,0.5,0.0,0.0,387.0,475.0,0.8,6.0,22.0,0.3,61.0,28.0,0.5,2.0,6.0,11.0,0.5,10.0,25.0,25.0,Brighton & Hove Albion,11.0,1.0,0.0,1.0,2.0,4.0,49.6,13.0,6.0,0.5,0.0,0.0,397.0,477.0,0.8,8.0,16.0,0.5,46.0,19.0,0.4,4.0,19.0,29.0,0.7,18.0,26.0,26.0,740907,2026-04-11 14:00:00,2026
Brentford,6.0,0.0,0.0,0.0,2.0,4.0,54.7,17.0,4.0,0.2,2.0,1.0,380.0,457.0,0.8,9.0,22.0,0.4,72.0,38.0,0.5,6.0,8.0,15.0,0.5,8.0,30.0,30.0,Everton,7.0,2.0,0.0,1.0,3.0,2.0,45.3,14.0,7.0,0.5,0.0,0.0,304.0,376.0,0.8,2.0,20.0,0.1,41.0,14.0,0.3,4.0,9.0,16.0,0.6,7.0,44.0,44.0,740906,2026-04-11 14:00:00,2026
Liverpool,10.0,0.0,0.0,4.0,6.0,4.0,53.0,18.0,5.0,0.3,0.0,0.0,447.0,510.0,0.9,2.0,17.0,0.1,52.0,29.0,0.6,6.0,11.0,17.0,0.6,7.0,26.0,26.0,Fulham,4.0,0.0,0.0,2.0,9.0,3.0,47.0,19.0,4.0,0.2,0.0,0.0,371.0,435.0,0.9,11.0,30.0,0.4,40.0,24.0,0.6,8.0,11.0,20.0,0.6,15.0,28.0,28.0,740911,2026-04-11 16:30:00,2026
Crystal Palace,17.0,0.0,0.0,1.0,2.0,2.0,41.2,11.0,5.0,0.5,2.0,1.0,303.0,380.0,0.8,5.0,14.0,0.4,60.0,23.0,0.4,3.0,13.0,21.0,0.6,12.0,41.0,41.0,Newcastle United,12.0,3.0,0.0,0.0,4.0,3.0,58.8,7.0,3.0,0.4,0.0,0.0,437.0,542.0,0.8,1.0,20.0,0.1,54.0,20.0,0.4,3.0,4.0,6.0,0.7,12.0,16.0,16.0,740910,2026-04-12 13:00:00,2026
Sunderland,14.0,3.0,0.0,0.0,2.0,7.0,52.1,13.0,2.0,0.2,0.0,0.0,318.0,403.0,0.8,6.0,18.0,0.3,50.0,19.0,0.4,3.0,13.0,22.0,0.6,9.0,22.0,22.0,Tottenham Hotspur,15.0,3.0,0.0,0.0,6.0,1.0,47.9,11.0,7.0,0.6,0.0,0.0,301.0,365.0,0.8,8.0,24.0,0.3,46.0,22.0,0.5,1.0,5.0,10.0,0.5,8.0,28.0,28.0,740915,2026-04-12 13:00:00,2026
Nottingham Forest,15.0,2.0,0.0,1.0,7.0,5.0,40.8,15.0,4.0,0.3,0.0,0.0,278.0,336.0,0.8,6.0,22.0,0.3,39.0,19.0,0.5,5.0,12.0,15.0,0.8,9.0,21.0,21.0,Aston Villa,10.0,2.0,0.0,2.0,3.0,4.0,59.2,12.0,5.0,0.4,0.0,0.0,442.0,501.0,0.9,3.0,14.0,0.2,43.0,21.0,0.5,0.0,6.0,15.0,0.4,8.0,12.0,12.0,740914,2026-04-12 13:00:00,2026
Chelsea,10.0,3.0,0.0,6.0,4.0,5.0,37.3,12.0,3.0,0.3,0.0,0.0,342.0,407.0,0.8,4.0,9.0,0.4,35.0,12.0,0.3,5.0,10.0,21.0,0.5,5.0,21.0,21.0,Manchester City,15.0,1.0,0.0,0.0,12.0,3.0,62.7,18.0,8.0,0.4,0.0,0.0,627.0,685.0,0.9,6.0,22.0,0.3,29.0,20.0,0.7,6.0,8.0,20.0,0.4,8.0,10.0,10.0,740909,2026-04-12 15:30:00,2026
Manchester United,12.0,3.0,1.0,1.0,11.0,3.0,52.7,20.0,9.0,0.5,0.0,0.0,420.0,497.0,0.8,6.0,25.0,0.2,47.0,29.0,0.6,6.0,13.0,18.0,0.7,15.0,25.0,25.0,Leeds United,15.0,2.0,0.0,0.0,4.0,6.0,47.3,15.0,6.0,0.4,0.0,0.0,376.0,453.0,0.8,8.0,17.0,0.5,58.0,31.0,0.5,5.0,8.0,12.0,0.7,7.0,37.0,37.0,740912,2026-04-13 19:00:00,2026
Brentford,8.0,0.0,0.0,1.0,9.0,0.0,48.1,13.0,4.0,0.3,0.0,0.0,310.0,391.0,0.8,8.0,22.0,0.4,60.0,16.0,0.3,3.0,7.0,12.0,0.6,3.0,15.0,15.0,Fulham,13.0,1.0,0.0,1.0,3.0,4.0,51.9,11.0,0.0,0.0,0.0,0.0,355.0,435.0,0.8,2.0,13.0,0.2,50.0,16.0,0.3,6.0,10.0,13.0,0.8,5.0,22.0,22.0,740921,2026-04-18 11:30:00,2026
Newcastle United,11.0,2.0,0.0,1.0,2.0,1.0,53.5,12.0,3.0,0.3,0.0,0.0,346.0,436.0,0.8,5.0,19.0,0.3,57.0,22.0,0.4,5.0,8.0,15.0,0.5,2.0,25.0,25.0,AFC Bournemouth,12.0,4.0,0.0,1.0,3.0,2.0,46.5,12.0,3.0,0.3,0.0,0.0,288.0,386.0,0.7,4.0,12.0,0.3,61.0,17.0,0.3,3.0,14.0,25.0,0.6,6.0,27.0,27.0,740918,2026-04-18 14:00:00,2026
Leeds United,9.0,2.0,0.0,0.0,5.0,1.0,56.1,17.0,6.0,0.4,2.0,1.0,378.0,465.0,0.8,4.0,17.0,0.2,49.0,24.0,0.5,4.0,6.0,12.0,0.5,15.0,22.0,22.0,Wolverhampton Wanderers,17.0,1.0,0.0,1.0,6.0,3.0,43.9,7.0,2.0,0.3,0.0,0.0,264.0,357.0,0.7,4.0,18.0,0.2,72.0,29.0,0.4,3.0,13.0,23.0,0.6,4.0,35.0,35.0,740924,2026-04-18 14:00:00,2026
Tottenham Hotspur,14.0,3.0,0.0,2.0,7.0,1.0,42.4,13.0,6.0,0.5,0.0,0.0,263.0,328.0,0.8,3.0,14.0,0.2,42.0,12.0,0.3,3.0,10.0,14.0,0.7,11.0,32.0,32.0,Brighton & Hove Albion,14.0,1.0,0.0,0.0,5.0,4.0,57.6,10.0,3.0,0.3,0.0,0.0,364.0,435.0,0.8,8.0,28.0,0.3,35.0,14.0,0.4,3.0,7.0,14.0,0.5,8.0,28.0,28.0,740920,2026-04-18 16:30:00,2026
Chelsea,12.0,1.0,0.0,2.0,7.0,1.0,58.7,21.0,3.0,0.1,0.0,0.0,541.0,605.0,0.9,8.0,28.0,0.3,51.0,30.0,0.6,13.0,6.0,10.0,0.6,10.0,14.0,14.0,Manchester United,13.0,3.0,0.0,0.0,1.0,3.0,41.3,4.0,1.0,0.3,0.0,0.0,362.0,431.0,0.8,1.0,11.0,0.1,40.0,15.0,0.4,2.0,11.0,16.0,0.7,6.0,29.0,29.0,740922,2026-04-18 19:00:00,2026
Aston Villa,11.0,1.0,0.0,0.0,4.0,4.0,49.9,15.0,7.0,0.5,0.0,0.0,341.0,403.0,0.8,6.0,16.0,0.4,52.0,31.0,0.6,3.0,6.0,10.0,0.6,5.0,20.0,20.0,Sunderland,11.0,3.0,0.0,3.0,5.0,3.0,50.1,10.0,7.0,0.7,0.0,0.0,340.0,406.0,0.8,4.0,16.0,0.3,41.0,13.0,0.3,1.0,9.0,14.0,0.6,7.0,23.0,23.0,740919,2026-04-19 13:00:00,2026
Nottingham Forest,8.0,0.0,0.0,2.0,4.0,2.0,51.3,10.0,4.0,0.4,0.0,0.0,389.0,474.0,0.8,5.0,20.0,0.3,53.0,21.0,0.4,2.0,8.0,22.0,0.4,5.0,17.0,17.0,Burnley,12.0,2.0,0.0,0.0,4.0,0.0,48.7,4.0,3.0,0.8,0.0,0.0,370.0,453.0,0.8,4.0,14.0,0.3,58.0,23.0,0.4,1.0,11.0,22.0,0.5,13.0,34.0,34.0,740917,2026-04-19 13:00:00,2026
Everton,8.0,2.0,0.0,4.0,1.0,3.0,43.6,10.0,4.0,0.4,0.0,0.0,288.0,377.0,0.8,4.0,16.0,0.3,65.0,25.0,0.4,1.0,18.0,29.0,0.6,10.0,28.0,28.0,Liverpool,12.0,0.0,0.0,0.0,6.0,3.0,56.4,14.0,6.0,0.4,0.0,0.0,413.0,498.0,0.8,2.0,10.0,0.2,55.0,15.0,0.3,4.0,8.0,12.0,0.7,10.0,25.0,25.0,740925,2026-04-19 13:00:00,2026
Manchester City,5.0,2.0,0.0,0.0,8.0,1.0,58.6,15.0,5.0,0.3,0.0,0.0,424.0,498.0,0.9,3.0,16.0,0.2,51.0,24.0,0.5,5.0,10.0,12.0,0.8,9.0,27.0,27.0,Arsenal,12.0,2.0,0.0,4.0,5.0,2.0,41.4,9.0,3.0,0.3,0.0,0.0,262.0,348.0,0.8,2.0,12.0,0.2,60.0,22.0,0.4,3.0,14.0,22.0,0.6,9.0,26.0,26.0,740916,2026-04-19 15:30:00,2026
Crystal Palace,13.0,2.0,0.0,0.0,4.0,3.0,54.2,9.0,1.0,0.1,0.0,0.0,370.0,454.0,0.8,4.0,24.0,0.2,50.0,16.0,0.3,1.0,10.0,13.0,0.8,5.0,41.0,41.0,West Ham United,12.0,1.0,0.0,2.0,6.0,1.0,45.8,9.0,4.0,0.4,0.0,0.0,271.0,366.0,0.7,4.0,30.0,0.1,60.0,19.0,0.3,2.0,13.0,16.0,0.8,6.0,30.0,30.0,740923,2026-04-20 19:00:00,2026
Brighton & Hove Albion,15.0,1.0,0.0,0.0,6.0,0.0,52.9,15.0,9.0,0.6,0.0,0.0,456.0,532.0,0.9,3.0,23.0,0.1,55.0,21.0,0.4,2.0,8.0,14.0,0.6,8.0,20.0,20.0,Chelsea,6.0,1.0,0.0,4.0,5.0,4.0,47.1,6.0,0.0,0.0,0.0,0.0,400.0,475.0,0.8,2.0,12.0,0.2,43.0,15.0,0.3,4.0,3.0,7.0,0.4,8.0,25.0,25.0,740928,2026-04-21 19:00:00,2026
AFC Bournemouth,6.0,3.0,0.0,1.0,12.0,2.0,59.9,17.0,7.0,0.4,0.0,0.0,378.0,473.0,0.8,11.0,32.0,0.3,62.0,26.0,0.4,5.0,6.0,10.0,0.6,13.0,24.0,24.0,Leeds United,10.0,0.0,0.0,1.0,1.0,5.0,40.1,10.0,3.0,0.3,0.0,0.0,236.0,315.0,0.7,3.0,13.0,0.2,49.0,23.0,0.5,2.0,14.0,22.0,0.6,6.0,62.0,62.0,740926,2026-04-22 19:00:00,2026
Burnley,10.0,0.0,0.0,4.0,3.0,8.0,34.5,9.0,1.0,0.1,0.0,0.0,281.0,356.0,0.8,2.0,9.0,0.2,61.0,18.0,0.3,4.0,13.0,24.0,0.5,12.0,29.0,29.0,Manchester City,12.0,0.0,0.0,1.0,11.0,1.0,65.5,28.0,9.0,0.3,0.0,0.0,620.0,689.0,0.9,1.0,12.0,0.1,24.0,9.0,0.4,10.0,10.0,11.0,0.9,13.0,17.0,17.0,740929,2026-04-22 19:00:00,2026
Sunderland,13.0,2.0,0.0,1.0,3.0,2.0,61.1,14.0,4.0,0.3,0.0,0.0,358.0,436.0,0.8,4.0,22.0,0.2,51.0,20.0,0.4,7.0,8.0,9.0,0.9,8.0,20.0,20.0,Nottingham Forest,15.0,5.0,0.0,1.0,6.0,4.0,38.9,10.0,6.0,0.6,0.0,0.0,199.0,273.0,0.7,4.0,16.0,0.3,49.0,21.0,0.4,2.0,9.0,15.0,0.6,7.0,53.0,53.0,740933,2026-04-24 19:00:00,2026
Fulham,14.0,2.0,0.0,7.0,2.0,1.0,38.9,13.0,6.0,0.5,0.0,0.0,276.0,337.0,0.8,4.0,15.0,0.3,36.0,16.0,0.4,5.0,12.0,18.0,0.7,16.0,25.0,25.0,Aston Villa,12.0,2.0,0.0,0.0,5.0,5.0,61.1,10.0,1.0,0.1,0.0,0.0,456.0,529.0,0.9,1.0,18.0,0.1,44.0,24.0,0.5,1.0,10.0,13.0,0.8,6.0,9.0,9.0,740935,2026-04-25 11:30:00,2026
Wolverhampton Wanderers,8.0,3.0,0.0,1.0,5.0,1.0,40.9,11.0,2.0,0.2,0.0,0.0,234.0,309.0,0.8,9.0,21.0,0.4,48.0,18.0,0.4,4.0,22.0,32.0,0.7,6.0,22.0,22.0,Tottenham Hotspur,14.0,4.0,0.0,2.0,5.0,2.0,59.1,11.0,2.0,0.2,0.0,0.0,401.0,468.0,0.9,1.0,16.0,0.1,56.0,36.0,0.6,2.0,19.0,29.0,0.7,15.0,23.0,23.0,740934,2026-04-25 14:00:00,2026
Liverpool,10.0,1.0,0.0,1.0,5.0,5.0,53.4,9.0,3.0,0.3,0.0,0.0,378.0,465.0,0.8,4.0,12.0,0.3,58.0,27.0,0.5,4.0,6.0,9.0,0.7,4.0,36.0,36.0,Crystal Palace,10.0,3.0,0.0,4.0,8.0,0.0,46.6,14.0,7.0,0.5,0.0,0.0,326.0,400.0,0.8,6.0,18.0,0.3,55.0,24.0,0.4,1.0,10.0,13.0,0.8,9.0,29.0,29.0,740927,2026-04-25 14:00:00,2026
West Ham United,9.0,3.0,0.0,1.0,3.0,1.0,44.0,10.0,3.0,0.3,0.0,0.0,301.0,374.0,0.8,4.0,12.0,0.3,57.0,18.0,0.3,3.0,14.0,22.0,0.6,10.0,27.0,27.0,Everton,11.0,4.0,0.0,2.0,4.0,1.0,56.0,11.0,3.0,0.3,0.0,0.0,397.0,477.0,0.8,1.0,19.0,0.1,51.0,24.0,0.5,5.0,10.0,17.0,0.6,6.0,21.0,21.0,740930,2026-04-25 14:00:00,2026
Arsenal,13.0,2.0,0.0,2.0,7.0,3.0,45.2,11.0,4.0,0.4,0.0,0.0,323.0,400.0,0.8,2.0,13.0,0.2,47.0,13.0,0.3,5.0,9.0,15.0,0.6,10.0,24.0,24.0,Newcastle United,10.0,2.0,0.0,1.0,2.0,3.0,54.8,13.0,3.0,0.2,0.0,0.0,415.0,486.0,0.9,4.0,18.0,0.2,48.0,18.0,0.4,5.0,7.0,14.0,0.5,12.0,21.0,21.0,740931,2026-04-25 16:30:00,2026
Manchester United,6.0,2.0,0.0,1.0,7.0,5.0,44.8,11.0,6.0,0.5,0.0,0.0,340.0,414.0,0.8,3.0,15.0,0.2,54.0,29.0,0.5,0.0,15.0,29.0,0.5,8.0,45.0,45.0,Brentford,9.0,4.0,0.0,2.0,8.0,3.0,55.2,12.0,4.0,0.3,0.0,0.0,433.0,497.0,0.9,8.0,33.0,0.2,45.0,24.0,0.5,4.0,5.0,9.0,0.6,15.0,21.0,21.0,740932,2026-04-27 19:00:00,2026
Leeds United,12.0,4.0,0.0,0.0,5.0,2.0,47.6,18.0,8.0,0.4,0.0,0.0,359.0,452.0,0.8,6.0,20.0,0.3,58.0,25.0,0.4,5.0,7.0,10.0,0.7,12.0,13.0,13.0,Burnley,12.0,3.0,0.0,1.0,0.0,5.0,52.4,9.0,3.0,0.3,0.0,0.0,421.0,508.0,0.8,5.0,8.0,0.6,50.0,20.0,0.4,4.0,6.0,13.0,0.5,8.0,33.0,33.0,740942,2026-05-01 19:00:00,2026
Brentford,8.0,1.0,0.0,0.0,2.0,4.0,48.4,14.0,6.0,0.4,2.0,1.0,263.0,333.0,0.8,5.0,13.0,0.4,50.0,22.0,0.4,3.0,12.0,19.0,0.6,5.0,20.0,20.0,West Ham United,12.0,3.0,0.0,1.0,6.0,4.0,51.6,13.0,4.0,0.3,0.0,0.0,269.0,348.0,0.8,7.0,21.0,0.3,56.0,26.0,0.5,0.0,15.0,25.0,0.6,8.0,19.0,19.0,740939,2026-05-02 14:00:00,2026
Newcastle United,10.0,3.0,0.0,1.0,2.0,3.0,32.3,13.0,6.0,0.5,0.0,0.0,164.0,237.0,0.7,5.0,13.0,0.4,46.0,18.0,0.4,1.0,9.0,11.0,0.8,6.0,44.0,44.0,Brighton & Hove Albion,12.0,3.0,0.0,1.0,10.0,4.0,67.7,13.0,4.0,0.3,0.0,0.0,426.0,506.0,0.8,6.0,38.0,0.2,63.0,23.0,0.4,3.0,9.0,11.0,0.8,3.0,18.0,18.0,740944,2026-05-02 14:00:00,2026
Wolverhampton Wanderers,11.0,0.0,0.0,1.0,6.0,1.0,57.6,20.0,7.0,0.4,0.0,0.0,377.0,438.0,0.9,12.0,29.0,0.4,40.0,23.0,0.6,5.0,5.0,12.0,0.4,6.0,28.0,28.0,Sunderland,11.0,4.0,1.0,0.0,3.0,6.0,42.4,10.0,2.0,0.2,0.0,0.0,249.0,327.0,0.8,3.0,16.0,0.2,59.0,30.0,0.5,5.0,10.0,17.0,0.6,9.0,23.0,23.0,740945,2026-05-02 14:00:00,2026
Arsenal,7.0,0.0,0.0,7.0,3.0,1.0,53.8,18.0,9.0,0.5,0.0,0.0,453.0,511.0,0.9,3.0,9.0,0.3,48.0,23.0,0.5,3.0,2.0,6.0,0.3,11.0,15.0,15.0,Fulham,12.0,1.0,0.0,0.0,4.0,6.0,46.2,10.0,1.0,0.1,0.0,0.0,359.0,433.0,0.8,1.0,12.0,0.1,40.0,13.0,0.3,6.0,16.0,22.0,0.7,5.0,20.0,20.0,740936,2026-05-02 16:30:00,2026
AFC Bournemouth,10.0,0.0,0.0,3.0,7.0,1.0,49.8,16.0,5.0,0.3,2.0,1.0,320.0,391.0,0.8,5.0,19.0,0.3,45.0,13.0,0.3,6.0,10.0,17.0,0.6,9.0,26.0,26.0,Crystal Palace,11.0,2.0,0.0,0.0,1.0,3.0,50.2,7.0,1.0,0.1,0.0,0.0,314.0,405.0,0.8,3.0,11.0,0.3,66.0,24.0,0.4,1.0,9.0,22.0,0.4,4.0,31.0,31.0,740938,2026-05-03 13:00:00,2026
Manchester United,12.0,2.0,0.0,3.0,3.0,3.0,37.2,18.0,6.0,0.3,0.0,0.0,287.0,362.0,0.8,7.0,13.0,0.5,44.0,19.0,0.4,6.0,12.0,19.0,0.6,16.0,22.0,22.0,Liverpool,11.0,2.0,0.0,3.0,2.0,3.0,62.8,13.0,5.0,0.4,0.0,0.0,541.0,613.0,0.9,4.0,14.0,0.3,35.0,13.0,0.4,3.0,4.0,8.0,0.5,10.0,14.0,14.0,740943,2026-05-03 14:30:00,2026
Aston Villa,12.0,2.0,0.0,2.0,5.0,3.0,44.8,5.0,1.0,0.2,0.0,0.0,312.0,374.0,0.8,2.0,13.0,0.2,25.0,9.0,0.4,3.0,12.0,19.0,0.6,5.0,14.0,14.0,Tottenham Hotspur,12.0,5.0,0.0,4.0,5.0,0.0,55.2,10.0,5.0,0.5,0.0,0.0,400.0,466.0,0.9,8.0,13.0,0.6,44.0,14.0,0.3,2.0,13.0,23.0,0.6,10.0,16.0,16.0,740937,2026-05-03 18:00:00,2026
Chelsea,12.0,3.0,0.0,1.0,10.0,1.0,67.0,21.0,5.0,0.2,0.0,1.0,597.0,659.0,0.9,10.0,35.0,0.3,33.0,18.0,0.5,8.0,6.0,14.0,0.4,7.0,9.0,9.0,Nottingham Forest,10.0,1.0,0.0,2.0,1.0,4.0,33.0,6.0,4.0,0.7,2.0,1.0,267.0,334.0,0.8,1.0,4.0,0.3,49.0,16.0,0.3,1.0,10.0,22.0,0.5,10.0,25.0,25.0,740940,2026-05-04 14:00:00,2026
Everton,15.0,4.0,0.0,4.0,5.0,1.0,24.5,14.0,6.0,0.4,0.0,0.0,138.0,201.0,0.7,3.0,7.0,0.4,45.0,18.0,0.4,6.0,13.0,26.0,0.5,4.0,22.0,22.0,Manchester City,5.0,1.0,0.0,0.0,9.0,3.0,75.5,21.0,4.0,0.2,0.0,0.0,568.0,629.0,0.9,5.0,23.0,0.2,36.0,16.0,0.4,9.0,12.0,18.0,0.7,2.0,20.0,20.0,740941,2026-05-04 19:00:00,2026
Liverpool,17.0,2.0,0.0,2.0,5.0,2.0,48.4,8.0,3.0,0.4,0.0,0.0,398.0,473.0,0.8,6.0,16.0,0.4,44.0,15.0,0.3,1.0,6.0,10.0,0.6,6.0,10.0,10.0,Chelsea,17.0,4.0,0.0,2.0,2.0,2.0,51.6,6.0,3.0,0.5,0.0,0.0,446.0,515.0,0.9,2.0,7.0,0.3,43.0,11.0,0.3,1.0,10.0,20.0,0.5,10.0,14.0,14.0,740950,2026-05-09 11:30:00,2026
Brighton & Hove Albion,9.0,1.0,0.0,1.0,7.0,1.0,71.8,14.0,6.0,0.4,0.0,0.0,498.0,578.0,0.9,8.0,25.0,0.3,55.0,28.0,0.5,3.0,10.0,15.0,0.7,10.0,7.0,7.0,Wolverhampton Wanderers,11.0,2.0,0.0,3.0,1.0,3.0,28.2,5.0,1.0,0.2,0.0,0.0,154.0,225.0,0.7,3.0,6.0,0.5,53.0,14.0,0.3,0.0,7.0,17.0,0.4,13.0,32.0,32.0,740946,2026-05-09 14:00:00,2026
Sunderland,12.0,0.0,0.0,1.0,7.0,1.0,51.0,15.0,4.0,0.3,0.0,0.0,414.0,493.0,0.8,2.0,17.0,0.1,37.0,18.0,0.5,5.0,8.0,10.0,0.8,10.0,22.0,22.0,Manchester United,12.0,3.0,0.0,0.0,8.0,4.0,49.0,11.0,1.0,0.1,0.0,0.0,392.0,478.0,0.8,4.0,16.0,0.3,56.0,28.0,0.5,5.0,10.0,14.0,0.7,11.0,24.0,24.0,740953,2026-05-09 14:00:00,2026
Fulham,12.0,4.0,1.0,1.0,11.0,3.0,59.6,14.0,2.0,0.1,0.0,0.0,456.0,520.0,0.9,3.0,28.0,0.1,38.0,23.0,0.6,6.0,12.0,16.0,0.8,5.0,9.0,9.0,AFC Bournemouth,21.0,2.0,1.0,3.0,2.0,2.0,40.4,10.0,5.0,0.5,0.0,0.0,308.0,359.0,0.9,3.0,9.0,0.3,55.0,25.0,0.5,2.0,8.0,11.0,0.7,5.0,33.0,33.0,740949,2026-05-09 14:00:00,2026
Manchester City,8.0,4.0,0.0,0.0,10.0,2.0,58.4,25.0,10.0,0.4,0.0,0.0,409.0,474.0,0.9,5.0,19.0,0.3,35.0,17.0,0.5,8.0,8.0,14.0,0.6,5.0,30.0,30.0,Brentford,14.0,2.0,0.0,2.0,2.0,7.0,41.6,4.0,2.0,0.5,0.0,0.0,259.0,337.0,0.8,1.0,12.0,0.1,58.0,19.0,0.3,1.0,14.0,24.0,0.6,11.0,29.0,29.0,740951,2026-05-09 16:30:00,2026
Burnley,18.0,1.0,0.0,1.0,2.0,5.0,33.5,15.0,6.0,0.4,0.0,0.0,192.0,260.0,0.7,3.0,15.0,0.2,42.0,12.0,0.3,5.0,13.0,21.0,0.6,9.0,31.0,31.0,Aston Villa,8.0,1.0,0.0,1.0,8.0,4.0,66.5,18.0,7.0,0.4,0.0,0.0,456.0,528.0,0.9,6.0,26.0,0.2,38.0,17.0,0.4,5.0,8.0,13.0,0.6,5.0,13.0,13.0,740947,2026-05-10 13:00:00,2026
Nottingham Forest,16.0,2.0,0.0,1.0,2.0,5.0,46.2,17.0,6.0,0.4,0.0,0.0,343.0,421.0,0.8,3.0,14.0,0.2,55.0,17.0,0.3,6.0,8.0,16.0,0.5,5.0,26.0,26.0,Newcastle United,11.0,0.0,0.0,0.0,1.0,5.0,53.8,16.0,6.0,0.4,0.0,0.0,421.0,495.0,0.9,4.0,14.0,0.3,35.0,15.0,0.4,4.0,9.0,17.0,0.5,9.0,28.0,28.0,740952,2026-05-10 13:00:00,2026
Crystal Palace,5.0,0.0,0.0,1.0,5.0,5.0,59.3,21.0,8.0,0.4,0.0,0.0,387.0,467.0,0.8,8.0,22.0,0.4,51.0,20.0,0.4,5.0,9.0,21.0,0.4,4.0,31.0,31.0,Everton,13.0,2.0,0.0,2.0,10.0,6.0,40.7,13.0,6.0,0.5,0.0,0.0,232.0,315.0,0.7,6.0,20.0,0.3,53.0,19.0,0.4,4.0,7.0,14.0,0.5,6.0,25.0,25.0,740948,2026-05-10 13:00:00,2026
West Ham United,14.0,3.0,0.0,0.0,4.0,1.0,36.4,9.0,3.0,0.3,0.0,0.0,187.0,283.0,0.7,2.0,14.0,0.1,63.0,17.0,0.3,4.0,7.0,15.0,0.5,5.0,24.0,24.0,Arsenal,12.0,4.0,0.0,0.0,3.0,3.0,63.6,15.0,4.0,0.3,0.0,0.0,416.0,500.0,0.8,4.0,17.0,0.2,49.0,14.0,0.3,5.0,4.0,8.0,0.5,3.0,26.0,26.0,740955,2026-05-10 15:30:00,2026
Tottenham Hotspur,12.0,3.0,0.0,1.0,14.0,3.0,57.0,16.0,3.0,0.2,0.0,0.0,345.0,431.0,0.8,9.0,30.0,0.3,49.0,21.0,0.4,5.0,14.0,21.0,0.7,11.0,21.0,21.0,Leeds United,7.0,1.0,0.0,3.0,2.0,1.0,43.0,11.0,4.0,0.4,2.0,1.0,243.0,336.0,0.7,6.0,14.0,0.4,54.0,21.0,0.4,1.0,19.0,25.0,0.8,9.0,47.0,47.0,740954,2026-05-11 19:00:00,2026
Manchester City,10.0,0.0,0.0,0.0,9.0,2.0,72.7,15.0,4.0,0.3,0.0,0.0,662.0,743.0,0.9,4.0,18.0,0.2,43.0,21.0,0.5,3.0,5.0,11.0,0.5,7.0,6.0,6.0,Crystal Palace,7.0,2.0,0.0,4.0,4.0,1.0,27.3,6.0,2.0,0.3,0.0,0.0,216.0,281.0,0.8,2.0,7.0,0.3,49.0,18.0,0.4,2.0,14.0,28.0,0.5,5.0,40.0,40.0,740902,2026-05-13 19:00:00,2026
Aston Villa,12.0,3.0,0.0,2.0,4.0,3.0,44.7,14.0,9.0,0.6,0.0,0.0,299.0,365.0,0.8,1.0,11.0,0.1,47.0,21.0,0.4,3.0,9.0,11.0,0.8,5.0,24.0,24.0,Liverpool,9.0,1.0,0.0,3.0,9.0,5.0,55.3,16.0,5.0,0.3,0.0,0.0,384.0,443.0,0.9,9.0,24.0,0.4,34.0,17.0,0.5,3.0,6.0,9.0,0.7,9.0,16.0,16.0,740957,2026-05-15 19:00:00,2026
Manchester United,11.0,2.0,0.0,0.0,7.0,2.0,48.1,29.0,8.0,0.3,0.0,0.0,383.0,438.0,0.9,7.0,16.0,0.4,45.0,31.0,0.7,12.0,9.0,16.0,0.6,10.0,32.0,32.0,Nottingham Forest,5.0,1.0,0.0,1.0,6.0,5.0,51.9,11.0,4.0,0.4,0.0,0.0,398.0,472.0,0.8,6.0,20.0,0.3,40.0,15.0,0.4,3.0,13.0,20.0,0.7,12.0,18.0,18.0,740963,2026-05-17 11:30:00,2026
Everton,14.0,3.0,0.0,0.0,3.0,0.0,47.5,10.0,4.0,0.4,0.0,0.0,346.0,407.0,0.9,7.0,18.0,0.4,56.0,18.0,0.3,2.0,9.0,13.0,0.7,10.0,35.0,35.0,Sunderland,9.0,0.0,0.0,1.0,2.0,3.0,52.5,7.0,3.0,0.4,0.0,0.0,384.0,451.0,0.9,2.0,20.0,0.1,42.0,17.0,0.4,0.0,6.0,10.0,0.6,3.0,30.0,30.0,740961,2026-05-17 14:00:00,2026
Wolverhampton Wanderers,20.0,1.0,0.0,1.0,3.0,4.0,31.1,11.0,3.0,0.3,0.0,0.0,181.0,261.0,0.7,6.0,14.0,0.4,52.0,19.0,0.4,0.0,11.0,16.0,0.7,12.0,22.0,22.0,Fulham,8.0,0.0,0.0,2.0,6.0,2.0,68.9,13.0,5.0,0.4,2.0,1.0,512.0,592.0,0.9,4.0,20.0,0.2,37.0,19.0,0.5,3.0,11.0,19.0,0.6,10.0,24.0,24.0,740965,2026-05-17 14:00:00,2026
Brentford,7.0,1.0,0.0,2.0,9.0,3.0,58.2,14.0,3.0,0.2,0.0,0.0,372.0,467.0,0.8,3.0,22.0,0.1,60.0,27.0,0.5,3.0,4.0,5.0,0.8,7.0,40.0,40.0,Crystal Palace,5.0,3.0,0.0,1.0,4.0,1.0,41.8,16.0,5.0,0.3,2.0,1.0,229.0,344.0,0.7,4.0,12.0,0.3,72.0,19.0,0.3,6.0,11.0,18.0,0.6,13.0,43.0,43.0,740959,2026-05-17 14:00:00,2026
Leeds United,9.0,1.0,0.0,3.0,7.0,7.0,33.7,7.0,1.0,0.1,0.0,0.0,188.0,280.0,0.7,3.0,20.0,0.2,56.0,17.0,0.3,3.0,5.0,12.0,0.4,3.0,37.0,37.0,Brighton & Hove Albion,7.0,0.0,0.0,2.0,8.0,1.0,66.3,19.0,8.0,0.4,0.0,0.0,471.0,556.0,0.8,13.0,36.0,0.4,46.0,13.0,0.3,5.0,3.0,6.0,0.5,6.0,34.0,34.0,740962,2026-05-17 14:00:00,2026
Newcastle United,8.0,1.0,0.0,2.0,9.0,7.0,55.2,15.0,7.0,0.5,0.0,0.0,414.0,503.0,0.8,4.0,18.0,0.2,49.0,19.0,0.4,6.0,17.0,24.0,0.7,8.0,14.0,14.0,West Ham United,11.0,3.0,0.0,2.0,1.0,4.0,44.8,15.0,8.0,0.5,0.0,0.0,340.0,410.0,0.8,6.0,17.0,0.4,52.0,20.0,0.4,4.0,14.0,20.0,0.7,9.0,19.0,19.0,740964,2026-05-17 16:30:00,2026
Arsenal,7.0,1.0,0.0,1.0,3.0,0.0,60.4,13.0,3.0,0.2,0.0,0.0,444.0,513.0,0.9,2.0,13.0,0.2,43.0,18.0,0.4,3.0,9.0,17.0,0.5,2.0,15.0,15.0,Burnley,16.0,3.0,0.0,0.0,3.0,2.0,39.6,5.0,0.0,0.0,0.0,0.0,266.0,336.0,0.8,4.0,10.0,0.4,60.0,23.0,0.4,1.0,11.0,21.0,0.5,7.0,24.0,24.0,740956,2026-05-18 19:00:00,2026
AFC Bournemouth,16.0,4.0,0.0,2.0,7.0,3.0,45.7,10.0,2.0,0.2,0.0,0.0,361.0,446.0,0.8,3.0,14.0,0.2,50.0,15.0,0.3,3.0,7.0,18.0,0.4,2.0,36.0,36.0,Manchester City,7.0,2.0,0.0,2.0,6.0,2.0,54.3,14.0,5.0,0.4,0.0,0.0,464.0,536.0,0.9,2.0,17.0,0.1,45.0,24.0,0.5,6.0,4.0,5.0,0.8,6.0,18.0,18.0,740958,2026-05-19 18:30:00,2026
Chelsea,11.0,4.0,0.0,1.0,3.0,2.0,44.2,9.0,4.0,0.4,0.0,0.0,360.0,432.0,0.8,1.0,10.0,0.1,45.0,15.0,0.3,2.0,14.0,19.0,0.7,14.0,10.0,10.0,Tottenham Hotspur,18.0,3.0,0.0,1.0,4.0,2.0,55.8,9.0,3.0,0.3,0.0,0.0,479.0,546.0,0.9,4.0,16.0,0.3,42.0,23.0,0.5,1.0,9.0,14.0,0.6,11.0,14.0,14.0,740960,2026-05-19 19:15:00,2026
Burnley,10.0,2.0,0.0,0.0,7.0,3.0,70.4,16.0,8.0,0.5,0.0,0.0,498.0,569.0,0.9,6.0,28.0,0.2,53.0,31.0,0.6,6.0,8.0,9.0,0.9,7.0,13.0,13.0,Wolverhampton Wanderers,11.0,2.0,0.0,3.0,7.0,7.0,29.6,16.0,4.0,0.3,1.0,1.0,163.0,225.0,0.7,8.0,22.0,0.4,45.0,13.0,0.3,7.0,10.0,17.0,0.6,9.0,28.0,28.0,740967,2026-05-24 15:00:00,2026
Fulham,13.0,2.0,0.0,1.0,6.0,2.0,44.9,21.0,6.0,0.3,0.0,0.0,345.0,418.0,0.8,2.0,13.0,0.2,46.0,20.0,0.4,6.0,13.0,16.0,0.8,12.0,13.0,13.0,Newcastle United,6.0,2.0,0.0,1.0,6.0,4.0,55.1,7.0,2.0,0.3,0.0,0.0,445.0,508.0,0.9,2.0,16.0,0.1,45.0,18.0,0.4,2.0,11.0,14.0,0.8,10.0,19.0,19.0,740969,2026-05-24 15:00:00,2026
Nottingham Forest,11.0,1.0,0.0,3.0,6.0,3.0,45.2,15.0,5.0,0.3,0.0,0.0,307.0,396.0,0.8,6.0,17.0,0.4,52.0,18.0,0.3,5.0,8.0,16.0,0.5,10.0,28.0,28.0,AFC Bournemouth,7.0,1.0,0.0,1.0,3.0,3.0,54.8,17.0,4.0,0.2,0.0,0.0,409.0,485.0,0.8,2.0,15.0,0.1,50.0,21.0,0.4,7.0,8.0,21.0,0.4,18.0,18.0,18.0,740972,2026-05-24 15:00:00,2026
Sunderland,15.0,5.0,0.0,2.0,6.0,2.0,43.9,21.0,6.0,0.3,0.0,0.0,285.0,346.0,0.8,1.0,18.0,0.1,44.0,21.0,0.5,7.0,12.0,18.0,0.7,11.0,19.0,19.0,Chelsea,12.0,3.0,1.0,1.0,2.0,5.0,56.1,8.0,3.0,0.4,0.0,0.0,376.0,452.0,0.8,1.0,9.0,0.1,50.0,19.0,0.4,2.0,3.0,7.0,0.4,9.0,23.0,23.0,740973,2026-05-24 15:00:00,2026
Tottenham Hotspur,15.0,3.0,0.0,0.0,7.0,1.0,49.8,20.0,2.0,0.1,0.0,0.0,321.0,381.0,0.8,9.0,24.0,0.4,39.0,14.0,0.4,9.0,15.0,21.0,0.7,10.0,35.0,35.0,Everton,18.0,2.0,0.0,0.0,7.0,1.0,50.2,10.0,1.0,0.1,0.0,0.0,316.0,384.0,0.8,7.0,23.0,0.3,47.0,16.0,0.3,3.0,10.0,22.0,0.5,4.0,26.0,26.0,740974,2026-05-24 15:00:00,2026
Manchester City,8.0,1.0,0.0,1.0,9.0,3.0,52.5,16.0,3.0,0.2,0.0,0.0,426.0,481.0,0.9,1.0,14.0,0.1,30.0,19.0,0.6,6.0,6.0,10.0,0.6,7.0,15.0,15.0,Aston Villa,4.0,0.0,0.0,1.0,4.0,2.0,47.5,12.0,5.0,0.4,0.0,0.0,397.0,440.0,0.9,3.0,8.0,0.4,40.0,20.0,0.5,2.0,19.0,28.0,0.7,11.0,37.0,37.0,740970,2026-05-24 15:00:00,2026
Brighton & Hove Albion,11.0,0.0,0.0,1.0,0.0,5.0,52.4,13.0,2.0,0.2,0.0,0.0,415.0,484.0,0.9,4.0,20.0,0.2,37.0,18.0,0.5,5.0,12.0,17.0,0.7,8.0,12.0,12.0,Manchester United,8.0,1.0,0.0,0.0,3.0,2.0,47.6,11.0,7.0,0.6,0.0,0.0,372.0,450.0,0.8,1.0,11.0,0.1,55.0,22.0,0.4,1.0,12.0,18.0,0.7,10.0,14.0,14.0,740966,2026-05-24 15:00:00,2026
West Ham United,11.0,0.0,0.0,0.0,6.0,3.0,42.2,16.0,9.0,0.6,0.0,0.0,239.0,316.0,0.8,4.0,25.0,0.2,53.0,16.0,0.3,3.0,8.0,12.0,0.7,7.0,22.0,22.0,Leeds United,14.0,3.0,0.0,1.0,4.0,5.0,57.8,13.0,3.0,0.2,0.0,0.0,374.0,453.0,0.8,4.0,18.0,0.2,50.0,24.0,0.5,4.0,9.0,21.0,0.4,7.0,26.0,26.0,740971,2026-05-24 15:00:00,2026
Crystal Palace,9.0,0.0,0.0,1.0,3.0,5.0,39.7,8.0,3.0,0.4,0.0,0.0,261.0,328.0,0.8,4.0,18.0,0.2,47.0,18.0,0.4,2.0,4.0,12.0,0.3,10.0,23.0,23.0,Arsenal,12.0,1.0,0.0,0.0,4.0,2.0,60.3,17.0,7.0,0.4,0.0,0.0,460.0,518.0,0.9,5.0,13.0,0.4,36.0,14.0,0.4,4.0,3.0,7.0,0.4,5.0,28.0,28.0,740968,2026-05-24 15:00:00,2026
Liverpool,9.0,2.0,0.0,1.0,14.0,1.0,60.2,24.0,8.0,0.3,0.0,0.0,438.0,508.0,0.9,5.0,27.0,0.2,55.0,25.0,0.5,8.0,4.0,15.0,0.3,6.0,17.0,17.0,Brentford,9.0,3.0,0.0,0.0,2.0,7.0,39.8,11.0,2.0,0.2,0.0,0.0,262.0,333.0,0.8,6.0,18.0,0.3,51.0,15.0,0.3,3.0,10.0,21.0,0.5,3.0,28.0,28.0,740975,2026-05-24 15:00:00,2026
