local_equipo,local_foulsCommitted,local_yellowCards,local_redCards,local_offsides,local_wonCorners,local_saves,local_possessionPct,local_totalShots,local_shotsOnTarget,local_shotPct,local_penaltyKickGoals,local_penaltyKickShots,local_accuratePasses,local_totalPasses,local_passPct,local_accurateCrosses,local_totalCrosses,local_crossPct,local_totalLongBalls,local_accurateLongBalls,local_longballPct,local_blockedShots,local_effectiveTackles,local_totalTackles,local_tacklePct,local_interceptions,local_effectiveClearance,local_totalClearance,visita_equipo,visita_foulsCommitted,visita_yellowCards,visita_redCards,visita_offsides,visita_wonCorners,visita_saves,visita_possessionPct,visita_totalShots,visita_shotsOnTarget,visita_shotPct,visita_penaltyKickGoals,visita_penaltyKickShots,visita_accuratePasses,visita_totalPasses,visita_passPct,visita_accurateCrosses,visita_totalCrosses,visita_crossPct,visita_totalLongBalls,visita_accurateLongBalls,visita_longballPct,visita_blockedShots,visita_effectiveTackles,visita_totalTackles,visita_tacklePct,visita_interceptions,visita_effectiveClearance,visita_totalClearance,event_id,fecha,temporada
Erzurum BB,,,,,,,,,,,,,,,,,,,,,,,,,,,,,Gaziantep FK,,,,,,,,,,,,,,,,,,,,,,,,,,,,,580796,2021-01-02 10:30:00,2021
Sivasspor,,,,,,,,,,,,,,,,,,,,,,,,,,,,,Denizlispor,,,,,,,,,,,,,,,,,,,,,,,,,,,,,580794,2021-01-02 10:30:00,2021
Ankaragucu,,,,,,,,,,,,,,,,,,,,,,,,,,,,,Yeni Malatyaspor,,,,,,,,,,,,,,,,,,,,,,,,,,,,,580801,2021-01-02 13:00:00,2021
Alanyaspor,,,,,,,,,,,,,,,,,,,,,,,,,,,,,Istanbul Basaksehir,,,,,,,,,,,,,,,,,,,,,,,,,,,,,580798,2021-01-02 13:00:00,2021
Galatasaray,,,,,,,,,,,,,,,,,,,,,,,,,,,,,Antalyaspor,,,,,,,,,,,,,,,,,,,,,,,,,,,,,580792,2021-01-02 16:00:00,2021
Hatayspor,,,,,,,,,,,,,,,,,,,,,,,,,,,,,Konyaspor,,,,,,,,,,,,,,,,,,,,,,,,,,,,,580799,2021-01-02 16:00:00,2021
Caykur Rizespor,,,,,,,,,,,,,,,,,,,,,,,,,,,,,Genclerbirligi,,,,,,,,,,,,,,,,,,,,,,,,,,,,,580797,2021-01-03 10:30:00,2021
Fatih Karagümrük,,,,,,,,,,,,,,,,,,,,,,,,,,,,,Trabzonspor,,,,,,,,,,,,,,,,,,,,,,,,,,,,,580800,2021-01-03 13:00:00,2021
Kayserispor,,,,,,,,,,,,,,,,,,,,,,,,,,,,,Besiktas,,,,,,,,,,,,,,,,,,,,,,,,,,,,,580793,2021-01-03 16:00:00,2021
Kasimpasa,,,,,,,,,,,,,,,,,,,,,,,,,,,,,Fenerbahce,,,,,,,,,,,,,,,,,,,,,,,,,,,,,580795,2021-01-04 16:00:00,2021
Gaziantep FK,,,,,,,,,,,,,,,,,,,,,,,,,,,,,Ankaragucu,,,,,,,,,,,,,,,,,,,,,,,,,,,,,580783,2021-01-05 13:00:00,2021
Yeni Malatyaspor,,,,,,,,,,,,,,,,,,,,,,,,,,,,,Sivasspor,,,,,,,,,,,,,,,,,,,,,,,,,,,,,580791,2021-01-05 13:00:00,2021
Konyaspor,,,,,,,,,,,,,,,,,,,,,,,,,,,,,Galatasaray,,,,,,,,,,,,,,,,,,,,,,,,,,,,,580787,2021-01-05 16:00:00,2021
Denizlispor,,,,,,,,,,,,,,,,,,,,,,,,,,,,,Kayserispor,,,,,,,,,,,,,,,,,,,,,,,,,,,,,580790,2021-01-06 10:30:00,2021
Trabzonspor,,,,,,,,,,,,,,,,,,,,,,,,,,,,,Goztepe,,,,,,,,,,,,,,,,,,,,,,,,,,,,,580788,2021-01-06 13:00:00,2021
Istanbul Basaksehir,,,,,,,,,,,,,,,,,,,,,,,,,,,,,Erzurum BB,,,,,,,,,,,,,,,,,,,,,,,,,,,,,580785,2021-01-06 13:00:00,2021
Genclerbirligi,,,,,,,,,,,,,,,,,,,,,,,,,,,,,Hatayspor,,,,,,,,,,,,,,,,,,,,,,,,,,,,,580789,2021-01-06 13:00:00,2021
Antalyaspor,,,,,,,,,,,,,,,,,,,,,,,,,,,,,Fatih Karagümrük,,,,,,,,,,,,,,,,,,,,,,,,,,,,,580786,2021-01-06 16:00:00,2021
Besiktas,,,,,,,,,,,,,,,,,,,,,,,,,,,,,Caykur Rizespor,,,,,,,,,,,,,,,,,,,,,,,,,,,,,580784,2021-01-06 16:00:00,2021
Fenerbahce,,,,,,,,,,,,,,,,,,,,,,,,,,,,,Alanyaspor,,,,,,,,,,,,,,,,,,,,,,,,,,,,,580782,2021-01-07 16:00:00,2021
Sivasspor,,,,,,,,,,,,,,,,,,,,,,,,,,,,,Gaziantep FK,,,,,,,,,,,,,,,,,,,,,,,,,,,,,580776,2021-01-09 10:30:00,2021
Goztepe,,,,,,,,,,,,,,,,,,,,,,,,,,,,,Antalyaspor,,,,,,,,,,,,,,,,,,,,,,,,,,,,,580772,2021-01-09 13:00:00,2021
Kayserispor,,,,,,,,,,,,,,,,,,,,,,,,,,,,,Yeni Malatyaspor,,,,,,,,,,,,,,,,,,,,,,,,,,,,,580781,2021-01-09 13:00:00,2021
Galatasaray,,,,,,,,,,,,,,,,,,,,,,,,,,,,,Genclerbirligi,,,,,,,,,,,,,,,,,,,,,,,,,,,,,580777,2021-01-09 16:00:00,2021
Fatih Karagümrük,,,,,,,,,,,,,,,,,,,,,,,,,,,,,Konyaspor,,,,,,,,,,,,,,,,,,,,,,,,,,,,,580780,2021-01-10 10:30:00,2021
Caykur Rizespor,,,,,,,,,,,,,,,,,,,,,,,,,,,,,Denizlispor,,,,,,,,,,,,,,,,,,,,,,,,,,,,,580774,2021-01-10 13:00:00,2021
Ankaragucu,,,,,,,,,,,,,,,,,,,,,,,,,,,,,Istanbul Basaksehir,,,,,,,,,,,,,,,,,,,,,,,,,,,,,580778,2021-01-10 13:00:00,2021
Hatayspor,,,,,,,,,,,,,,,,,,,,,,,,,,,,,Besiktas,,,,,,,,,,,,,,,,,,,,,,,,,,,,,580773,2021-01-10 16:00:00,2021
Erzurum BB,,,,,,,,,,,,,,,,,,,,,,,,,,,,,Fenerbahce,,,,,,,,,,,,,,,,,,,,,,,,,,,,,580775,2021-01-11 13:00:00,2021
Alanyaspor,,,,,,,,,,,,,,,,,,,,,,,,,,,,,Kasimpasa,,,,,,,,,,,,,,,,,,,,,,,,,,,,,580779,2021-01-11 16:00:00,2021
Genclerbirligi,,,,,,,,,,,,,,,,,,,,,,,,,,,,,Fatih Karagümrük,,,,,,,,,,,,,,,,,,,,,,,,,,,,,580765,2021-01-15 16:00:00,2021
Konyaspor,,,,,,,,,,,,,,,,,,,,,,,,,,,,,Goztepe,,,,,,,,,,,,,,,,,,,,,,,,,,,,,580767,2021-01-16 10:30:00,2021
Gaziantep FK,,,,,,,,,,,,,,,,,,,,,,,,,,,,,Kayserispor,,,,,,,,,,,,,,,,,,,,,,,,,,,,,580769,2021-01-16 13:00:00,2021
Istanbul Basaksehir,,,,,,,,,,,,,,,,,,,,,,,,,,,,,Sivasspor,,,,,,,,,,,,,,,,,,,,,,,,,,,,,580770,2021-01-16 13:00:00,2021
Antalyaspor,,,,,,,,,,,,,,,,,,,,,,,,,,,,,Trabzonspor,,,,,,,,,,,,,,,,,,,,,,,,,,,,,580771,2021-01-16 16:00:00,2021
Denizlispor,,,,,,,,,,,,,,,,,,,,,,,,,,,,,Hatayspor,,,,,,,,,,,,,,,,,,,,,,,,,,,,,580768,2021-01-17 10:30:00,2021
Yeni Malatyaspor,,,,,,,,,,,,,,,,,,,,,,,,,,,,,Caykur Rizespor,,,,,,,,,,,,,,,,,,,,,,,,,,,,,580763,2021-01-17 13:00:00,2021
Besiktas,,,,,,,,,,,,,,,,,,,,,,,,,,,,,Galatasaray,,,,,,,,,,,,,,,,,,,,,,,,,,,,,580766,2021-01-17 16:00:00,2021
Kasimpasa,,,,,,,,,,,,,,,,,,,,,,,,,,,,,Erzurum BB,,,,,,,,,,,,,,,,,,,,,,,,,,,,,580764,2021-01-18 16:00:00,2021
Fenerbahce,,,,,,,,,,,,,,,,,,,,,,,,,,,,,Ankaragucu,,,,,,,,,,,,,,,,,,,,,,,,,,,,,580762,2021-01-18 16:00:00,2021
Kayserispor,,,,,,,,,,,,,,,,,,,,,,,,,,,,,Istanbul Basaksehir,,,,,,,,,,,,,,,,,,,,,,,,,,,,,580758,2021-01-19 13:00:00,2021
Goztepe,,,,,,,,,,,,,,,,,,,,,,,,,,,,,Genclerbirligi,,,,,,,,,,,,,,,,,,,,,,,,,,,,,580757,2021-01-19 13:00:00,2021
Trabzonspor,,,,,,,,,,,,,,,,,,,,,,,,,,,,,Konyaspor,,,,,,,,,,,,,,,,,,,,,,,,,,,,,580760,2021-01-19 16:00:00,2021
Caykur Rizespor,,,,,,,,,,,,,,,,,,,,,,,,,,,,,Gaziantep FK,,,,,,,,,,,,,,,,,,,,,,,,,,,,,580756,2021-01-20 13:00:00,2021
Hatayspor,,,,,,,,,,,,,,,,,,,,,,,,,,,,,Yeni Malatyaspor,,,,,,,,,,,,,,,,,,,,,,,,,,,,,580761,2021-01-20 13:00:00,2021
Galatasaray,,,,,,,,,,,,,,,,,,,,,,,,,,,,,Denizlispor,,,,,,,,,,,,,,,,,,,,,,,,,,,,,580754,2021-01-20 16:00:00,2021
Fatih Karagümrük,,,,,,,,,,,,,,,,,,,,,,,,,,,,,Besiktas,,,,,,,,,,,,,,,,,,,,,,,,,,,,,580753,2021-01-21 13:00:00,2021
Erzurum BB,,,,,,,,,,,,,,,,,,,,,,,,,,,,,Alanyaspor,,,,,,,,,,,,,,,,,,,,,,,,,,,,,580752,2021-01-21 13:00:00,2021
Sivasspor,,,,,,,,,,,,,,,,,,,,,,,,,,,,,Fenerbahce,,,,,,,,,,,,,,,,,,,,,,,,,,,,,580755,2021-01-21 16:00:00,2021
Ankaragucu,,,,,,,,,,,,,,,,,,,,,,,,,,,,,Kasimpasa,,,,,,,,,,,,,,,,,,,,,,,,,,,,,580759,2021-01-21 16:00:00,2021
Genclerbirligi,,,,,,,,,,,,,,,,,,,,,,,,,,,,,Trabzonspor,,,,,,,,,,,,,,,,,,,,,,,,,,,,,580751,2021-01-23 13:00:00,2021
Istanbul Basaksehir,,,,,,,,,,,,,,,,,,,,,,,,,,,,,Caykur Rizespor,,,,,,,,,,,,,,,,,,,,,,,,,,,,,580744,2021-01-23 16:00:00,2021
Konyaspor,,,,,,,,,,,,,,,,,,,,,,,,,,,,,Antalyaspor,,,,,,,,,,,,,,,,,,,,,,,,,,,,,580743,2021-01-24 10:30:00,2021
Yeni Malatyaspor,,,,,,,,,,,,,,,,,,,,,,,,,,,,,Galatasaray,,,,,,,,,,,,,,,,,,,,,,,,,,,,,580746,2021-01-24 13:00:00,2021
Denizlispor,,,,,,,,,,,,,,,,,,,,,,,,,,,,,Fatih Karagümrük,,,,,,,,,,,,,,,,,,,,,,,,,,,,,580745,2021-01-24 13:00:00,2021
Gaziantep FK,,,,,,,,,,,,,,,,,,,,,,,,,,,,,Hatayspor,,,,,,,,,,,,,,,,,,,,,,,,,,,,,580748,2021-01-24 16:00:00,2021
Besiktas,,,,,,,,,,,,,,,,,,,,,,,,,,,,,Goztepe,,,,,,,,,,,,,,,,,,,,,,,,,,,,,580747,2021-01-24 16:00:00,2021
Kasimpasa,,,,,,,,,,,,,,,,,,,,,,,,,,,,,Sivasspor,,,,,,,,,,,,,,,,,,,,,,,,,,,,,580750,2021-01-25 13:00:00,2021
Alanyaspor,,,,,,,,,,,,,,,,,,,,,,,,,,,,,Ankaragucu,,,,,,,,,,,,,,,,,,,,,,,,,,,,,580742,2021-01-25 16:00:00,2021
Fenerbahce,,,,,,,,,,,,,,,,,,,,,,,,,,,,,Kayserispor,,,,,,,,,,,,,,,,,,,,,,,,,,,,,580749,2021-01-25 16:00:00,2021
Yeni Malatyaspor,,,,,,,,,,,,,,,,,,,,,,,,,,,,,Fatih Karagümrük,,,,,,,,,,,,,,,,,,,,,,,,,,,,,580735,2021-01-29 13:00:00,2021
Gaziantep FK,,,,,,,,,,,,,,,,,,,,,,,,,,,,,Galatasaray,,,,,,,,,,,,,,,,,,,,,,,,,,,,,580736,2021-01-29 16:00:00,2021
Kasimpasa,,,,,,,,,,,,,,,,,,,,,,,,,,,,,Kayserispor,,,,,,,,,,,,,,,,,,,,,,,,,,,,,580739,2021-01-30 10:30:00,2021
Istanbul Basaksehir,,,,,,,,,,,,,,,,,,,,,,,,,,,,,Hatayspor,,,,,,,,,,,,,,,,,,,,,,,,,,,,,580738,2021-01-30 13:00:00,2021
Fenerbahce,,,,,,,,,,,,,,,,,,,,,,,,,,,,,Caykur Rizespor,,,,,,,,,,,,,,,,,,,,,,,,,,,,,580734,2021-01-30 16:00:00,2021
Erzurum BB,,,,,,,,,,,,,,,,,,,,,,,,,,,,,Ankaragucu,,,,,,,,,,,,,,,,,,,,,,,,,,,,,580732,2021-01-31 10:30:00,2021
Genclerbirligi,,,,,,,,,,,,,,,,,,,,,,,,,,,,,Antalyaspor,,,,,,,,,,,,,,,,,,,,,,,,,,,,,580733,2021-01-31 13:00:00,2021
Alanyaspor,,,,,,,,,,,,,,,,,,,,,,,,,,,,,Sivasspor,,,,,,,,,,,,,,,,,,,,,,,,,,,,,580740,2021-01-31 13:00:00,2021
Denizlispor,,,,,,,,,,,,,,,,,,,,,,,,,,,,,Goztepe,,,,,,,,,,,,,,,,,,,,,,,,,,,,,580737,2021-01-31 13:00:00,2021
Besiktas,,,,,,,,,,,,,,,,,,,,,,,,,,,,,Trabzonspor,,,,,,,,,,,,,,,,,,,,,,,,,,,,,580741,2021-01-31 16:00:00,2021
Hatayspor,,,,,,,,,,,,,,,,,,,,,,,,,,,,,Fenerbahce,,,,,,,,,,,,,,,,,,,,,,,,,,,,,580726,2021-02-02 13:00:00,2021
Galatasaray,,,,,,,,,,,,,,,,,,,,,,,,,,,,,Istanbul Basaksehir,,,,,,,,,,,,,,,,,,,,,,,,,,,,,580729,2021-02-02 16:00:00,2021
Caykur Rizespor,,,,,,,,,,,,,,,,,,,,,,,,,,,,,Kasimpasa,,,,,,,,,,,,,,,,,,,,,,,,,,,,,580730,2021-02-02 16:00:00,2021
Sivasspor,,,,,,,,,,,,,,,,,,,,,,,,,,,,,Erzurum BB,,,,,,,,,,,,,,,,,,,,,,,,,,,,,580725,2021-02-03 10:30:00,2021
Kayserispor,,,,,,,,,,,,,,,,,,,,,,,,,,,,,Alanyaspor,,,,,,,,,,,,,,,,,,,,,,,,,,,,,580722,2021-02-03 13:00:00,2021
Fatih Karagümrük,,,,,,,,,,,,,,,,,,,,,,,,,,,,,Gaziantep FK,,,,,,,,,,,,,,,,,,,,,,,,,,,,,580727,2021-02-03 13:00:00,2021
Antalyaspor,,,,,,,,,,,,,,,,,,,,,,,,,,,,,Besiktas,,,,,,,,,,,,,,,,,,,,,,,,,,,,,580723,2021-02-03 16:00:00,2021
Konyaspor,,,,,,,,,,,,,,,,,,,,,,,,,,,,,Genclerbirligi,,,,,,,,,,,,,,,,,,,,,,,,,,,,,580728,2021-02-03 16:00:00,2021
Goztepe,,,,,,,,,,,,,,,,,,,,,,,,,,,,,Yeni Malatyaspor,,,,,,,,,,,,,,,,,,,,,,,,,,,,,580731,2021-02-04 13:00:00,2021
Trabzonspor,,,,,,,,,,,,,,,,,,,,,,,,,,,,,Denizlispor,,,,,,,,,,,,,,,,,,,,,,,,,,,,,580724,2021-02-04 16:00:00,2021
Kasimpasa,,,,,,,,,,,,,,,,,,,,,,,,,,,,,Hatayspor,,,,,,,,,,,,,,,,,,,,,,,,,,,,,580717,2021-02-06 10:30:00,2021
Istanbul Basaksehir,,,,,,,,,,,,,,,,,,,,,,,,,,,,,Fatih Karagümrük,,,,,,,,,,,,,,,,,,,,,,,,,,,,,580714,2021-02-06 13:00:00,2021
Alanyaspor,,,,,,,,,,,,,,,,,,,,,,,,,,,,,Caykur Rizespor,,,,,,,,,,,,,,,,,,,,,,,,,,,,,580713,2021-02-06 13:00:00,2021
Fenerbahce,,,,,,,,,,,,,,,,,,,,,,,,,,,,,Galatasaray,,,,,,,,,,,,,,,,,,,,,,,,,,,,,580715,2021-02-06 16:00:00,2021
Erzurum BB,,,,,,,,,,,,,,,,,,,,,,,,,,,,,Kayserispor,,,,,,,,,,,,,,,,,,,,,,,,,,,,,580718,2021-02-07 10:30:00,2021
Denizlispor,,,,,,,,,,,,,,,,,,,,,,,,,,,,,Antalyaspor,,,,,,,,,,,,,,,,,,,,,,,,,,,,,580712,2021-02-07 13:00:00,2021
Ankaragucu,,,,,,,,,,,,,,,,,,,,,,,,,,,,,Sivasspor,,,,,,,,,,,,,,,,,,,,,,,,,,,,,580720,2021-02-07 13:00:00,2021
Besiktas,,,,,,,,,,,,,,,,,,,,,,,,,,,,,Konyaspor,,,,,,,,,,,,,,,,,,,,,,,,,,,,,580719,2021-02-07 16:00:00,2021
Gaziantep FK,,,,,,,,,,,,,,,,,,,,,,,,,,,,,Goztepe,,,,,,,,,,,,,,,,,,,,,,,,,,,,,580716,2021-02-08 13:00:00,2021
Yeni Malatyaspor,,,,,,,,,,,,,,,,,,,,,,,,,,,,,Trabzonspor,,,,,,,,,,,,,,,,,,,,,,,,,,,,,580721,2021-02-08 16:00:00,2021
Caykur Rizespor,,,,,,,,,,,,,,,,,,,,,,,,,,,,,Erzurum BB,,,,,,,,,,,,,,,,,,,,,,,,,,,,,580706,2021-02-12 16:00:00,2021
Kayserispor,,,,,,,,,,,,,,,,,,,,,,,,,,,,,Ankaragucu,,,,,,,,,,,,,,,,,,,,,,,,,,,,,580703,2021-02-13 10:30:00,2021
Trabzonspor,,,,,,,,,,,,,,,,,,,,,,,,,,,,,Gaziantep FK,,,,,,,,,,,,,,,,,,,,,,,,,,,,,580708,2021-02-13 13:00:00,2021
Fatih Karagümrük,,,,,,,,,,,,,,,,,,,,,,,,,,,,,Fenerbahce,,,,,,,,,,,,,,,,,,,,,,,,,,,,,580707,2021-02-13 16:00:00,2021
Konyaspor,,,,,,,,,,,,,,,,,,,,,,,,,,,,,Denizlispor,,,,,,,,,,,,,,,,,,,,,,,,,,,,,580705,2021-02-14 10:30:00,2021
Galatasaray,,,,,,,,,,,,,,,,,,,,,,,,,,,,,Kasimpasa,,,,,,,,,,,,,,,,,,,,,,,,,,,,,580710,2021-02-14 13:00:00,2021
Goztepe,,,,,,,,,,,,,,,,,,,,,,,,,,,,,Istanbul Basaksehir,,,,,,,,,,,,,,,,,,,,,,,,,,,,,580709,2021-02-14 13:00:00,2021
Hatayspor,,,,,,,,,,,,,,,,,,,,,,,,,,,,,Alanyaspor,,,,,,,,,,,,,,,,,,,,,,,,,,,,,580702,2021-02-14 13:00:00,2021
Genclerbirligi,,,,,,,,,,,,,,,,,,,,,,,,,,,,,Besiktas,,,,,,,,,,,,,,,,,,,,,,,,,,,,,580704,2021-02-15 13:00:00,2021
Antalyaspor,,,,,,,,,,,,,,,,,,,,,,,,,,,,,Yeni Malatyaspor,,,,,,,,,,,,,,,,,,,,,,,,,,,,,580711,2021-02-15 16:00:00,2021
Istanbul Basaksehir,,,,,,,,,,,,,,,,,,,,,,,,,,,,,Trabzonspor,,,,,,,,,,,,,,,,,,,,,,,,,,,,,580701,2021-02-19 16:00:00,2021
Kasimpasa,,,,,,,,,,,,,,,,,,,,,,,,,,,,,Fatih Karagümrük,,,,,,,,,,,,,,,,,,,,,,,,,,,,,580694,2021-02-20 10:30:00,2021
Denizlispor,,,,,,,,,,,,,,,,,,,,,,,,,,,,,Genclerbirligi,,,,,,,,,,,,,,,,,,,,,,,,,,,,,580696,2021-02-20 13:00:00,2021
Yeni Malatyaspor,,,,,,,,,,,,,,,,,,,,,,,,,,,,,Konyaspor,,,,,,,,,,,,,,,,,,,,,,,,,,,,,580700,2021-02-20 13:00:00,2021
Alanyaspor,,,,,,,,,,,,,,,,,,,,,,,,,,,,,Galatasaray,,,,,,,,,,,,,,,,,,,,,,,,,,,,,580695,2021-02-20 16:00:00,2021
Erzurum BB,,,,,,,,,,,,,,,,,,,,,,,,,,,,,Hatayspor,,,,,,,,,,,,,,,,,,,,,,,,,,,,,580698,2021-02-21 10:30:00,2021
Sivasspor,,,,,,,,,,,,,,,,,,,,,,,,,,,,,Kayserispor,,,,,,,,,,,,,,,,,,,,,,,,,,,,,580699,2021-02-21 13:00:00,2021
Gaziantep FK,,,,,,,,,,,,,,,,,,,,,,,,,,,,,Antalyaspor,,,,,,,,,,,,,,,,,,,,,,,,,,,,,580692,2021-02-21 13:00:00,2021
Fenerbahce,,,,,,,,,,,,,,,,,,,,,,,,,,,,,Goztepe,,,,,,,,,,,,,,,,,,,,,,,,,,,,,580697,2021-02-21 16:00:00,2021
Ankaragucu,,,,,,,,,,,,,,,,,,,,,,,,,,,,,Caykur Rizespor,,,,,,,,,,,,,,,,,,,,,,,,,,,,,580693,2021-02-22 16:00:00,2021
Konyaspor,,,,,,,,,,,,,,,,,,,,,,,,,,,,,Gaziantep FK,,,,,,,,,,,,,,,,,,,,,,,,,,,,,580687,2021-02-26 13:00:00,2021
Genclerbirligi,,,,,,,,,,,,,,,,,,,,,,,,,,,,,Yeni Malatyaspor,,,,,,,,,,,,,,,,,,,,,,,,,,,,,580691,2021-02-26 13:00:00,2021
Besiktas,,,,,,,,,,,,,,,,,,,,,,,,,,,,,Denizlispor,,,,,,,,,,,,,,,,,,,,,,,,,,,,,580684,2021-02-26 16:00:00,2021
Fatih Karagümrük,,,,,,,,,,,,,,,,,,,,,,,,,,,,,Alanyaspor,,,,,,,,,,,,,,,,,,,,,,,,,,,,,580682,2021-02-27 10:30:00,2021
Hatayspor,,,,,,,,,,,,,,,,,,,,,,,,,,,,,Ankaragucu,,,,,,,,,,,,,,,,,,,,,,,,,,,,,580683,2021-02-27 10:30:00,2021
Caykur Rizespor,,,,,,,,,,,,,,,,,,,,,,,,,,,,,Sivasspor,,,,,,,,,,,,,,,,,,,,,,,,,,,,,580690,2021-02-27 13:00:00,2021
Antalyaspor,,,,,,,,,,,,,,,,,,,,,,,,,,,,,Istanbul Basaksehir,,,,,,,,,,,,,,,,,,,,,,,,,,,,,580688,2021-02-27 13:00:00,2021
Galatasaray,,,,,,,,,,,,,,,,,,,,,,,,,,,,,Erzurum BB,,,,,,,,,,,,,,,,,,,,,,,,,,,,,580685,2021-02-27 16:00:00,2021
Goztepe,,,,,,,,,,,,,,,,,,,,,,,,,,,,,Kasimpasa,,,,,,,,,,,,,,,,,,,,,,,,,,,,,580689,2021-02-28 13:00:00,2021
Trabzonspor,,,,,,,,,,,,,,,,,,,,,,,,,,,,,Fenerbahce,,,,,,,,,,,,,,,,,,,,,,,,,,,,,580686,2021-02-28 16:00:00,2021
Gaziantep FK,,,,,,,,,,,,,,,,,,,,,,,,,,,,,Genclerbirligi,,,,,,,,,,,,,,,,,,,,,,,,,,,,,580677,2021-03-02 13:00:00,2021
Yeni Malatyaspor,,,,,,,,,,,,,,,,,,,,,,,,,,,,,Besiktas,,,,,,,,,,,,,,,,,,,,,,,,,,,,,580673,2021-03-02 16:00:00,2021
Erzurum BB,,,,,,,,,,,,,,,,,,,,,,,,,,,,,Fatih Karagümrük,,,,,,,,,,,,,,,,,,,,,,,,,,,,,580675,2021-03-03 10:30:00,2021
Istanbul Basaksehir,,,,,,,,,,,,,,,,,,,,,,,,,,,,,Konyaspor,,,,,,,,,,,,,,,,,,,,,,,,,,,,,580680,2021-03-03 13:00:00,2021
Sivasspor,,,,,,,,,,,,,,,,,,,,,,,,,,,,,Hatayspor,,,,,,,,,,,,,,,,,,,,,,,,,,,,,580679,2021-03-03 13:00:00,2021
Kayserispor,,,,,,,,,,,,,,,,,,,,,,,,,,,,,Caykur Rizespor,,,,,,,,,,,,,,,,,,,,,,,,,,,,,580674,2021-03-03 16:00:00,2021
Ankaragucu,,,,,,,,,,,,,,,,,,,,,,,,,,,,,Galatasaray,,,,,,,,,,,,,,,,,,,,,,,,,,,,,580676,2021-03-03 16:00:00,2021
Alanyaspor,,,,,,,,,,,,,,,,,,,,,,,,,,,,,Goztepe,,,,,,,,,,,,,,,,,,,,,,,,,,,,,580678,2021-03-04 13:00:00,2021
Kasimpasa,,,,,,,,,,,,,,,,,,,,,,,,,,,,,Trabzonspor,,,,,,,,,,,,,,,,,,,,,,,,,,,,,580681,2021-03-04 13:00:00,2021
Fenerbahce,,,,,,,,,,,,,,,,,,,,,,,,,,,,,Antalyaspor,,,,,,,,,,,,,,,,,,,,,,,,,,,,,580672,2021-03-04 16:00:00,2021
Denizlispor,,,,,,,,,,,,,,,,,,,,,,,,,,,,,Yeni Malatyaspor,,,,,,,,,,,,,,,,,,,,,,,,,,,,,580671,2021-03-06 13:00:00,2021
Besiktas,,,,,,,,,,,,,,,,,,,,,,,,,,,,,Gaziantep FK,,,,,,,,,,,,,,,,,,,,,,,,,,,,,580666,2021-03-06 16:00:00,2021
Fatih Karagümrük,,,,,,,,,,,,,,,,,,,,,,,,,,,,,Ankaragucu,,,,,,,,,,,,,,,,,,,,,,,,,,,,,580663,2021-03-07 10:30:00,2021
Genclerbirligi,,,,,,,,,,,,,,,,,,,,,,,,,,,,,Istanbul Basaksehir,,,,,,,,,,,,,,,,,,,,,,,,,,,,,580667,2021-03-07 13:00:00,2021
Hatayspor,,,,,,,,,,,,,,,,,,,,,,,,,,,,,Kayserispor,,,,,,,,,,,,,,,,,,,,,,,,,,,,,580669,2021-03-07 13:00:00,2021
Galatasaray,,,,,,,,,,,,,,,,,,,,,,,,,,,,,Sivasspor,,,,,,,,,,,,,,,,,,,,,,,,,,,,,580670,2021-03-07 16:00:00,2021
Antalyaspor,,,,,,,,,,,,,,,,,,,,,,,,,,,,,Kasimpasa,,,,,,,,,,,,,,,,,,,,,,,,,,,,,580668,2021-03-08 13:00:00,2021
Trabzonspor,,,,,,,,,,,,,,,,,,,,,,,,,,,,,Alanyaspor,,,,,,,,,,,,,,,,,,,,,,,,,,,,,580662,2021-03-08 13:00:00,2021
Goztepe,,,,,,,,,,,,,,,,,,,,,,,,,,,,,Erzurum BB,,,,,,,,,,,,,,,,,,,,,,,,,,,,,580664,2021-03-08 16:00:00,2021
Konyaspor,,,,,,,,,,,,,,,,,,,,,,,,,,,,,Fenerbahce,,,,,,,,,,,,,,,,,,,,,,,,,,,,,580665,2021-03-08 16:00:00,2021
Istanbul Basaksehir,,,,,,,,,,,,,,,,,,,,,,,,,,,,,Besiktas,,,,,,,,,,,,,,,,,,,,,,,,,,,,,580653,2021-03-12 16:00:00,2021
Sivasspor,,,,,,,,,,,,,,,,,,,,,,,,,,,,,Fatih Karagümrük,,,,,,,,,,,,,,,,,,,,,,,,,,,,,580655,2021-03-13 10:30:00,2021
Alanyaspor,,,,,,,,,,,,,,,,,,,,,,,,,,,,,Antalyaspor,,,,,,,,,,,,,,,,,,,,,,,,,,,,,580652,2021-03-13 13:00:00,2021
Caykur Rizespor,,,,,,,,,,,,,,,,,,,,,,,,,,,,,Hatayspor,,,,,,,,,,,,,,,,,,,,,,,,,,,,,580659,2021-03-13 13:00:00,2021
Kayserispor,,,,,,,,,,,,,,,,,,,,,,,,,,,,,Galatasaray,,,,,,,,,,,,,,,,,,,,,,,,,,,,,580656,2021-03-13 16:00:00,2021
Ankaragucu,,,,,,,,,,,,,,,,,,,,,,,,,,,,,Goztepe,,,,,,,,,,,,,,,,,,,,,,,,,,,,,580658,2021-03-14 10:30:00,2021
Gaziantep FK,,,,,,,,,,,,,,,,,,,,,,,,,,,,,Denizlispor,,,,,,,,,,,,,,,,,,,,,,,,,,,,,580654,2021-03-14 13:00:00,2021
Erzurum BB,,,,,,,,,,,,,,,,,,,,,,,,,,,,,Trabzonspor,,,,,,,,,,,,,,,,,,,,,,,,,,,,,580661,2021-03-14 13:00:00,2021
Fenerbahce,,,,,,,,,,,,,,,,,,,,,,,,,,,,,Genclerbirligi,,,,,,,,,,,,,,,,,,,,,,,,,,,,,580657,2021-03-14 16:00:00,2021
Kasimpasa,,,,,,,,,,,,,,,,,,,,,,,,,,,,,Konyaspor,,,,,,,,,,,,,,,,,,,,,,,,,,,,,580660,2021-03-15 16:00:00,2021
Fatih Karagümrük,,,,,,,,,,,,,,,,,,,,,,,,,,,,,Kayserispor,,,,,,,,,,,,,,,,,,,,,,,,,,,,,580650,2021-03-19 13:00:00,2021
Galatasaray,,,,,,,,,,,,,,,,,,,,,,,,,,,,,Caykur Rizespor,,,,,,,,,,,,,,,,,,,,,,,,,,,,,580644,2021-03-19 16:00:00,2021
Genclerbirligi,,,,,,,,,,,,,,,,,,,,,,,,,,,,,Kasimpasa,,,,,,,,,,,,,,,,,,,,,,,,,,,,,580649,2021-03-20 10:30:00,2021
Yeni Malatyaspor,,,,,,,,,,,,,,,,,,,,,,,,,,,,,Gaziantep FK,,,,,,,,,,,,,,,,,,,,,,,,,,,,,580647,2021-03-20 13:00:00,2021
Goztepe,,,,,,,,,,,,,,,,,,,,,,,,,,,,,Sivasspor,,,,,,,,,,,,,,,,,,,,,,,,,,,,,580651,2021-03-20 13:00:00,2021
Trabzonspor,,,,,,,,,,,,,,,,,,,,,,,,,,,,,Ankaragucu,,,,,,,,,,,,,,,,,,,,,,,,,,,,,580643,2021-03-20 16:00:00,2021
Antalyaspor,,,,,,,,,,,,,,,,,,,,,,,,,,,,,Erzurum BB,,,,,,,,,,,,,,,,,,,,,,,,,,,,,580645,2021-03-21 10:30:00,2021
Konyaspor,,,,,,,,,,,,,,,,,,,,,,,,,,,,,Alanyaspor,,,,,,,,,,,,,,,,,,,,,,,,,,,,,580642,2021-03-21 10:30:00,2021
Denizlispor,,,,,,,,,,,,,,,,,,,,,,,,,,,,,Istanbul Basaksehir,,,,,,,,,,,,,,,,,,,,,,,,,,,,,580648,2021-03-21 13:00:00,2021
Besiktas,,,,,,,,,,,,,,,,,,,,,,,,,,,,,Fenerbahce,,,,,,,,,,,,,,,,,,,,,,,,,,,,,580646,2021-03-21 16:00:00,2021
Kayserispor,,,,,,,,,,,,,,,,,,,,,,,,,,,,,Goztepe,,,,,,,,,,,,,,,,,,,,,,,,,,,,,580638,2021-04-03 10:30:00,2021
Sivasspor,,,,,,,,,,,,,,,,,,,,,,,,,,,,,Trabzonspor,,,,,,,,,,,,,,,,,,,,,,,,,,,,,580640,2021-04-03 13:00:00,2021
Caykur Rizespor,,,,,,,,,,,,,,,,,,,,,,,,,,,,,Fatih Karagümrük,,,,,,,,,,,,,,,,,,,,,,,,,,,,,580635,2021-04-03 13:00:00,2021
Hatayspor,,,,,,,,,,,,,,,,,,,,,,,,,,,,,Galatasaray,,,,,,,,,,,,,,,,,,,,,,,,,,,,,580636,2021-04-03 16:00:00,2021
Erzurum BB,,,,,,,,,,,,,,,,,,,,,,,,,,,,,Konyaspor,,,,,,,,,,,,,,,,,,,,,,,,,,,,,580639,2021-04-04 10:30:00,2021
Ankaragucu,,,,,,,,,,,,,,,,,,,,,,,,,,,,,Antalyaspor,,,,,,,,,,,,,,,,,,,,,,,,,,,,,580632,2021-04-04 13:00:00,2021
Istanbul Basaksehir,,,,,,,,,,,,,,,,,,,,,,,,,,,,,Yeni Malatyaspor,,,,,,,,,,,,,,,,,,,,,,,,,,,,,580641,2021-04-04 13:00:00,2021
Alanyaspor,,,,,,,,,,,,,,,,,,,,,,,,,,,,,Genclerbirligi,,,,,,,,,,,,,,,,,,,,,,,,,,,,,580637,2021-04-04 13:00:00,2021
Kasimpasa,,,,,,,,,,,,,,,,,,,,,,,,,,,,,Besiktas,,,,,,,,,,,,,,,,,,,,,,,,,,,,,580633,2021-04-04 16:00:00,2021
Fenerbahce,,,,,,,,,,,,,,,,,,,,,,,,,,,,,Denizlispor,,,,,,,,,,,,,,,,,,,,,,,,,,,,,580634,2021-04-05 16:00:00,2021
Fatih Karagümrük,,,,,,,,,,,,,,,,,,,,,,,,,,,,,Hatayspor,,,,,,,,,,,,,,,,,,,,,,,,,,,,,580627,2021-04-06 13:00:00,2021
Goztepe,,,,,,,,,,,,,,,,,,,,,,,,,,,,,Caykur Rizespor,,,,,,,,,,,,,,,,,,,,,,,,,,,,,580624,2021-04-06 13:00:00,2021
Trabzonspor,,,,,,,,,,,,,,,,,,,,,,,,,,,,,Kayserispor,,,,,,,,,,,,,,,,,,,,,,,,,,,,,580630,2021-04-06 16:00:00,2021
Genclerbirligi,,,,,,,,,,,,,,,,,,,,,,,,,,,,,Erzurum BB,,,,,,,,,,,,,,,,,,,,,,,,,,,,,580625,2021-04-07 13:00:00,2021
Konyaspor,,,,,,,,,,,,,,,,,,,,,,,,,,,,,Ankaragucu,,,,,,,,,,,,,,,,,,,,,,,,,,,,,580623,2021-04-07 13:00:00,2021
Antalyaspor,0.0,0.0,0.0,0.0,0.0,0.0,57.0,3.0,2.0,0.7,1.0,1.0,130.0,143.0,0.9,0.0,3.0,0.0,13.0,10.0,0.8,0.0,2.0,3.0,0.7,4.0,1.0,1.0,Sivasspor,4.0,0.0,0.0,0.0,0.0,1.0,43.0,1.0,1.0,1.0,0.0,0.0,89.0,109.0,0.8,1.0,1.0,1.0,18.0,9.0,0.5,0.0,0.0,0.0,0.0,1.0,3.0,3.0,580631,2021-04-07 16:00:00,2021
Besiktas,0.0,0.0,0.0,0.0,0.0,0.0,0.0,0.0,0.0,0.0,0.0,0.0,0.0,0.0,0.0,0.0,0.0,0.0,0.0,0.0,0.0,0.0,0.0,0.0,0.0,0.0,0.0,0.0,Alanyaspor,0.0,0.0,0.0,0.0,0.0,0.0,0.0,0.0,0.0,0.0,0.0,0.0,0.0,0.0,0.0,0.0,0.0,0.0,0.0,0.0,0.0,0.0,0.0,0.0,0.0,0.0,0.0,0.0,580622,2021-04-07 16:00:00,2021
Denizlispor,,,,,,,,,,,,,,,,,,,,,,,,,,,,,Kasimpasa,,,,,,,,,,,,,,,,,,,,,,,,,,,,,580629,2021-04-08 13:00:00,2021
Gaziantep FK,,,,,,,,,,,,,,,,,,,,,,,,,,,,,Istanbul Basaksehir,,,,,,,,,,,,,,,,,,,,,,,,,,,,,580628,2021-04-08 13:00:00,2021
Yeni Malatyaspor,,,,,,,,,,,,,,,,,,,,,,,,,,,,,Fenerbahce,,,,,,,,,,,,,,,,,,,,,,,,,,,,,580626,2021-04-08 16:00:00,2021
Hatayspor,,,,,,,,,,,,,,,,,,,,,,,,,,,,,Goztepe,,,,,,,,,,,,,,,,,,,,,,,,,,,,,580618,2021-04-10 10:30:00,2021
Caykur Rizespor,,,,,,,,,,,,,,,,,,,,,,,,,,,,,Trabzonspor,,,,,,,,,,,,,,,,,,,,,,,,,,,,,580620,2021-04-10 13:00:00,2021
Galatasaray,,,,,,,,,,,,,,,,,,,,,,,,,,,,,Fatih Karagümrük,,,,,,,,,,,,,,,,,,,,,,,,,,,,,580615,2021-04-10 16:00:00,2021
Sivasspor,,,,,,,,,,,,,,,,,,,,,,,,,,,,,Konyaspor,,,,,,,,,,,,,,,,,,,,,,,,,,,,,580619,2021-04-11 10:30:00,2021
Kayserispor,,,,,,,,,,,,,,,,,,,,,,,,,,,,,Antalyaspor,,,,,,,,,,,,,,,,,,,,,,,,,,,,,580612,2021-04-11 13:00:00,2021
Ankaragucu,,,,,,,,,,,,,,,,,,,,,,,,,,,,,Genclerbirligi,,,,,,,,,,,,,,,,,,,,,,,,,,,,,580617,2021-04-11 13:00:00,2021
Erzurum BB,,,,,,,,,,,,,,,,,,,,,,,,,,,,,Besiktas,,,,,,,,,,,,,,,,,,,,,,,,,,,,,580613,2021-04-11 16:00:00,2021
Kasimpasa,,,,,,,,,,,,,,,,,,,,,,,,,,,,,Yeni Malatyaspor,,,,,,,,,,,,,,,,,,,,,,,,,,,,,580621,2021-04-12 13:00:00,2021
Alanyaspor,,,,,,,,,,,,,,,,,,,,,,,,,,,,,Denizlispor,,,,,,,,,,,,,,,,,,,,,,,,,,,,,580614,2021-04-12 16:00:00,2021
Fenerbahce,,,,,,,,,,,,,,,,,,,,,,,,,,,,,Gaziantep FK,,,,,,,,,,,,,,,,,,,,,,,,,,,,,580616,2021-04-12 16:00:00,2021
Genclerbirligi,,,,,,,,,,,,,,,,,,,,,,,,,,,,,Sivasspor,,,,,,,,,,,,,,,,,,,,,,,,,,,,,580611,2021-04-16 13:00:00,2021
Konyaspor,,,,,,,,,,,,,,,,,,,,,,,,,,,,,Kayserispor,,,,,,,,,,,,,,,,,,,,,,,,,,,,,580610,2021-04-16 13:00:00,2021
Besiktas,,,,,,,,,,,,,,,,,,,,,,,,,,,,,Ankaragucu,,,,,,,,,,,,,,,,,,,,,,,,,,,,,580603,2021-04-16 16:00:00,2021
Antalyaspor,,,,,,,,,,,,,,,,,,,,,,,,,,,,,Caykur Rizespor,,,,,,,,,,,,,,,,,,,,,,,,,,,,,580604,2021-04-16 16:00:00,2021
Denizlispor,,,,,,,,,,,,,,,,,,,,,,,,,,,,,Erzurum BB,,,,,,,,,,,,,,,,,,,,,,,,,,,,,580605,2021-04-17 10:30:00,2021
Yeni Malatyaspor,,,,,,,,,,,,,,,,,,,,,,,,,,,,,Alanyaspor,,,,,,,,,,,,,,,,,,,,,,,,,,,,,580602,2021-04-17 13:00:00,2021
Trabzonspor,,,,,,,,,,,,,,,,,,,,,,,,,,,,,Hatayspor,,,,,,,,,,,,,,,,,,,,,,,,,,,,,580608,2021-04-17 13:00:00,2021
Goztepe,,,,,,,,,,,,,,,,,,,,,,,,,,,,,Galatasaray,,,,,,,,,,,,,,,,,,,,,,,,,,,,,580607,2021-04-17 16:00:00,2021
Gaziantep FK,,,,,,,,,,,,,,,,,,,,,,,,,,,,,Kasimpasa,,,,,,,,,,,,,,,,,,,,,,,,,,,,,580609,2021-04-18 13:00:00,2021
Istanbul Basaksehir,,,,,,,,,,,,,,,,,,,,,,,,,,,,,Fenerbahce,,,,,,,,,,,,,,,,,,,,,,,,,,,,,580606,2021-04-18 16:00:00,2021
Fatih Karagümrük,,,,,,,,,,,,,,,,,,,,,,,,,,,,,Goztepe,,,,,,,,,,,,,,,,,,,,,,,,,,,,,580598,2021-04-20 13:00:00,2021
Kayserispor,,,,,,,,,,,,,,,,,,,,,,,,,,,,,Genclerbirligi,,,,,,,,,,,,,,,,,,,,,,,,,,,,,580597,2021-04-20 13:00:00,2021
Caykur Rizespor,,,,,,,,,,,,,,,,,,,,,,,,,,,,,Konyaspor,,,,,,,,,,,,,,,,,,,,,,,,,,,,,580599,2021-04-20 13:00:00,2021
Hatayspor,,,,,,,,,,,,,,,,,,,,,,,,,,,,,Antalyaspor,,,,,,,,,,,,,,,,,,,,,,,,,,,,,580592,2021-04-20 16:00:00,2021
Sivasspor,,,,,,,,,,,,,,,,,,,,,,,,,,,,,Besiktas,,,,,,,,,,,,,,,,,,,,,,,,,,,,,580594,2021-04-20 16:00:00,2021
Erzurum BB,,,,,,,,,,,,,,,,,,,,,,,,,,,,,Yeni Malatyaspor,,,,,,,,,,,,,,,,,,,,,,,,,,,,,580601,2021-04-21 13:00:00,2021
Ankaragucu,,,,,,,,,,,,,,,,,,,,,,,,,,,,,Denizlispor,,,,,,,,,,,,,,,,,,,,,,,,,,,,,580595,2021-04-21 13:00:00,2021
Galatasaray,,,,,,,,,,,,,,,,,,,,,,,,,,,,,Trabzonspor,,,,,,,,,,,,,,,,,,,,,,,,,,,,,580600,2021-04-21 16:00:00,2021
Alanyaspor,,,,,,,,,,,,,,,,,,,,,,,,,,,,,Gaziantep FK,,,,,,,,,,,,,,,,,,,,,,,,,,,,,580596,2021-04-22 13:00:00,2021
Kasimpasa,,,,,,,,,,,,,,,,,,,,,,,,,,,,,Istanbul Basaksehir,,,,,,,,,,,,,,,,,,,,,,,,,,,,,580593,2021-04-22 16:00:00,2021
Genclerbirligi,,,,,,,,,,,,,,,,,,,,,,,,,,,,,Caykur Rizespor,,,,,,,,,,,,,,,,,,,,,,,,,,,,,580584,2021-04-23 17:30:00,2021
Konyaspor,,,,,,,,,,,,,,,,,,,,,,,,,,,,,Hatayspor,,,,,,,,,,,,,,,,,,,,,,,,,,,,,580588,2021-04-24 10:30:00,2021
Trabzonspor,,,,,,,,,,,,,,,,,,,,,,,,,,,,,Fatih Karagümrük,,,,,,,,,,,,,,,,,,,,,,,,,,,,,580586,2021-04-24 13:00:00,2021
Besiktas,,,,,,,,,,,,,,,,,,,,,,,,,,,,,Kayserispor,,,,,,,,,,,,,,,,,,,,,,,,,,,,,580590,2021-04-24 17:30:00,2021
Antalyaspor,,,,,,,,,,,,,,,,,,,,,,,,,,,,,Galatasaray,,,,,,,,,,,,,,,,,,,,,,,,,,,,,580587,2021-04-24 17:30:00,2021
Denizlispor,,,,,,,,,,,,,,,,,,,,,,,,,,,,,Sivasspor,,,,,,,,,,,,,,,,,,,,,,,,,,,,,580591,2021-04-24 17:30:00,2021
Yeni Malatyaspor,,,,,,,,,,,,,,,,,,,,,,,,,,,,,Ankaragucu,,,,,,,,,,,,,,,,,,,,,,,,,,,,,580583,2021-04-25 10:30:00,2021
Gaziantep FK,,,,,,,,,,,,,,,,,,,,,,,,,,,,,Erzurum BB,,,,,,,,,,,,,,,,,,,,,,,,,,,,,580585,2021-04-25 13:00:00,2021
Istanbul Basaksehir,,,,,,,,,,,,,,,,,,,,,,,,,,,,,Alanyaspor,,,,,,,,,,,,,,,,,,,,,,,,,,,,,580582,2021-04-25 13:00:00,2021
Fenerbahce,,,,,,,,,,,,,,,,,,,,,,,,,,,,,Kasimpasa,,,,,,,,,,,,,,,,,,,,,,,,,,,,,580589,2021-04-25 17:30:00,2021
Hatayspor,,,,,,,,,,,,,,,,,,,,,,,,,,,,,Genclerbirligi,,,,,,,,,,,,,,,,,,,,,,,,,,,,,580577,2021-04-27 17:30:00,2021
Goztepe,,,,,,,,,,,,,,,,,,,,,,,,,,,,,Trabzonspor,,,,,,,,,,,,,,,,,,,,,,,,,,,,,580580,2021-04-28 13:00:00,2021
Kayserispor,,,,,,,,,,,,,,,,,,,,,,,,,,,,,Denizlispor,,,,,,,,,,,,,,,,,,,,,,,,,,,,,580574,2021-04-28 13:00:00,2021
Fatih Karagümrük,,,,,,,,,,,,,,,,,,,,,,,,,,,,,Antalyaspor,,,,,,,,,,,,,,,,,,,,,,,,,,,,,580572,2021-04-28 13:00:00,2021
Caykur Rizespor,,,,,,,,,,,,,,,,,,,,,,,,,,,,,Besiktas,,,,,,,,,,,,,,,,,,,,,,,,,,,,,580573,2021-04-28 17:30:00,2021
Galatasaray,,,,,,,,,,,,,,,,,,,,,,,,,,,,,Konyaspor,,,,,,,,,,,,,,,,,,,,,,,,,,,,,580579,2021-04-28 17:30:00,2021
Sivasspor,,,,,,,,,,,,,,,,,,,,,,,,,,,,,Yeni Malatyaspor,,,,,,,,,,,,,,,,,,,,,,,,,,,,,580581,2021-04-29 13:00:00,2021
Erzurum BB,,,,,,,,,,,,,,,,,,,,,,,,,,,,,Istanbul Basaksehir,,,,,,,,,,,,,,,,,,,,,,,,,,,,,580578,2021-04-29 13:00:00,2021
Ankaragucu,,,,,,,,,,,,,,,,,,,,,,,,,,,,,Gaziantep FK,,,,,,,,,,,,,,,,,,,,,,,,,,,,,580576,2021-04-29 17:30:00,2021
Alanyaspor,,,,,,,,,,,,,,,,,,,,,,,,,,,,,Fenerbahce,,,,,,,,,,,,,,,,,,,,,,,,,,,,,580575,2021-04-29 17:30:00,2021
Besiktas,,,,,,,,,,,,,,,,,,,,,,,,,,,,,Hatayspor,,,,,,,,,,,,,,,,,,,,,,,,,,,,,580569,2021-05-01 17:30:00,2021
Denizlispor,,,,,,,,,,,,,,,,,,,,,,,,,,,,,Caykur Rizespor,,,,,,,,,,,,,,,,,,,,,,,,,,,,,580564,2021-05-02 13:00:00,2021
Antalyaspor,,,,,,,,,,,,,,,,,,,,,,,,,,,,,Goztepe,,,,,,,,,,,,,,,,,,,,,,,,,,,,,580568,2021-05-02 13:00:00,2021
Konyaspor,,,,,,,,,,,,,,,,,,,,,,,,,,,,,Fatih Karagümrük,,,,,,,,,,,,,,,,,,,,,,,,,,,,,580566,2021-05-02 13:00:00,2021
Genclerbirligi,,,,,,,,,,,,,,,,,,,,,,,,,,,,,Galatasaray,,,,,,,,,,,,,,,,,,,,,,,,,,,,,580567,2021-05-02 17:30:00,2021
Istanbul Basaksehir,,,,,,,,,,,,,,,,,,,,,,,,,,,,,Ankaragucu,,,,,,,,,,,,,,,,,,,,,,,,,,,,,580563,2021-05-03 13:00:00,2021
Kasimpasa,,,,,,,,,,,,,,,,,,,,,,,,,,,,,Alanyaspor,,,,,,,,,,,,,,,,,,,,,,,,,,,,,580562,2021-05-03 13:00:00,2021
Yeni Malatyaspor,,,,,,,,,,,,,,,,,,,,,,,,,,,,,Kayserispor,,,,,,,,,,,,,,,,,,,,,,,,,,,,,580570,2021-05-03 13:00:00,2021
Fenerbahce,,,,,,,,,,,,,,,,,,,,,,,,,,,,,Erzurum BB,,,,,,,,,,,,,,,,,,,,,,,,,,,,,580565,2021-05-03 17:30:00,2021
Gaziantep FK,,,,,,,,,,,,,,,,,,,,,,,,,,,,,Sivasspor,,,,,,,,,,,,,,,,,,,,,,,,,,,,,580571,2021-05-03 17:30:00,2021
Erzurum BB,,,,,,,,,,,,,,,,,,,,,,,,,,,,,Kasimpasa,,,,,,,,,,,,,,,,,,,,,,,,,,,,,580559,2021-05-08 17:30:00,2021
Galatasaray,,,,,,,,,,,,,,,,,,,,,,,,,,,,,Besiktas,,,,,,,,,,,,,,,,,,,,,,,,,,,,,580553,2021-05-08 17:30:00,2021
Ankaragucu,,,,,,,,,,,,,,,,,,,,,,,,,,,,,Fenerbahce,,,,,,,,,,,,,,,,,,,,,,,,,,,,,580555,2021-05-08 17:30:00,2021
Trabzonspor,,,,,,,,,,,,,,,,,,,,,,,,,,,,,Antalyaspor,,,,,,,,,,,,,,,,,,,,,,,,,,,,,580552,2021-05-08 17:30:00,2021
Sivasspor,,,,,,,,,,,,,,,,,,,,,,,,,,,,,Istanbul Basaksehir,,,,,,,,,,,,,,,,,,,,,,,,,,,,,580558,2021-05-08 17:30:00,2021
Kayserispor,,,,,,,,,,,,,,,,,,,,,,,,,,,,,Gaziantep FK,,,,,,,,,,,,,,,,,,,,,,,,,,,,,580556,2021-05-08 17:30:00,2021
Caykur Rizespor,,,,,,,,,,,,,,,,,,,,,,,,,,,,,Yeni Malatyaspor,,,,,,,,,,,,,,,,,,,,,,,,,,,,,580561,2021-05-08 17:30:00,2021
Goztepe,,,,,,,,,,,,,,,,,,,,,,,,,,,,,Konyaspor,,,,,,,,,,,,,,,,,,,,,,,,,,,,,580560,2021-05-08 17:30:00,2021
Fatih Karagümrük,,,,,,,,,,,,,,,,,,,,,,,,,,,,,Genclerbirligi,,,,,,,,,,,,,,,,,,,,,,,,,,,,,580557,2021-05-08 17:30:00,2021
Hatayspor,,,,,,,,,,,,,,,,,,,,,,,,,,,,,Denizlispor,,,,,,,,,,,,,,,,,,,,,,,,,,,,,580554,2021-05-08 17:30:00,2021
Konyaspor,,,,,,,,,,,,,,,,,,,,,,,,,,,,,Trabzonspor,,,,,,,,,,,,,,,,,,,,,,,,,,,,,580551,2021-05-11 14:00:00,2021
Istanbul Basaksehir,,,,,,,,,,,,,,,,,,,,,,,,,,,,,Kayserispor,,,,,,,,,,,,,,,,,,,,,,,,,,,,,580549,2021-05-11 17:30:00,2021
Genclerbirligi,,,,,,,,,,,,,,,,,,,,,,,,,,,,,Goztepe,,,,,,,,,,,,,,,,,,,,,,,,,,,,,580547,2021-05-11 17:30:00,2021
Yeni Malatyaspor,,,,,,,,,,,,,,,,,,,,,,,,,,,,,Hatayspor,,,,,,,,,,,,,,,,,,,,,,,,,,,,,580548,2021-05-11 17:30:00,2021
Kasimpasa,,,,,,,,,,,,,,,,,,,,,,,,,,,,,Ankaragucu,,,,,,,,,,,,,,,,,,,,,,,,,,,,,580542,2021-05-11 17:30:00,2021
Alanyaspor,,,,,,,,,,,,,,,,,,,,,,,,,,,,,Erzurum BB,,,,,,,,,,,,,,,,,,,,,,,,,,,,,580544,2021-05-11 17:30:00,2021
Besiktas,,,,,,,,,,,,,,,,,,,,,,,,,,,,,Fatih Karagümrük,,,,,,,,,,,,,,,,,,,,,,,,,,,,,580545,2021-05-11 17:30:00,2021
Gaziantep FK,,,,,,,,,,,,,,,,,,,,,,,,,,,,,Caykur Rizespor,,,,,,,,,,,,,,,,,,,,,,,,,,,,,580543,2021-05-11 17:30:00,2021
Fenerbahce,,,,,,,,,,,,,,,,,,,,,,,,,,,,,Sivasspor,,,,,,,,,,,,,,,,,,,,,,,,,,,,,580550,2021-05-11 17:30:00,2021
Denizlispor,,,,,,,,,,,,,,,,,,,,,,,,,,,,,Galatasaray,,,,,,,,,,,,,,,,,,,,,,,,,,,,,580546,2021-05-11 17:30:00,2021
Caykur Rizespor,,,,,,,,,,,,,,,,,,,,,,,,,,,,,Istanbul Basaksehir,,,,,,,,,,,,,,,,,,,,,,,,,,,,,580538,2021-05-15 15:00:00,2021
Sivasspor,,,,,,,,,,,,,,,,,,,,,,,,,,,,,Kasimpasa,,,,,,,,,,,,,,,,,,,,,,,,,,,,,580539,2021-05-15 15:00:00,2021
Fatih Karagümrük,,,,,,,,,,,,,,,,,,,,,,,,,,,,,Denizlispor,,,,,,,,,,,,,,,,,,,,,,,,,,,,,580534,2021-05-15 15:00:00,2021
Ankaragucu,,,,,,,,,,,,,,,,,,,,,,,,,,,,,Alanyaspor,,,,,,,,,,,,,,,,,,,,,,,,,,,,,580532,2021-05-15 15:00:00,2021
Hatayspor,,,,,,,,,,,,,,,,,,,,,,,,,,,,,Gaziantep FK,,,,,,,,,,,,,,,,,,,,,,,,,,,,,580536,2021-05-15 15:00:00,2021
Antalyaspor,,,,,,,,,,,,,,,,,,,,,,,,,,,,,Konyaspor,,,,,,,,,,,,,,,,,,,,,,,,,,,,,580540,2021-05-15 15:00:00,2021
Goztepe,,,,,,,,,,,,,,,,,,,,,,,,,,,,,Besiktas,,,,,,,,,,,,,,,,,,,,,,,,,,,,,580533,2021-05-15 17:30:00,2021
Galatasaray,,,,,,,,,,,,,,,,,,,,,,,,,,,,,Yeni Malatyaspor,,,,,,,,,,,,,,,,,,,,,,,,,,,,,580541,2021-05-15 17:30:00,2021
Kayserispor,,,,,,,,,,,,,,,,,,,,,,,,,,,,,Fenerbahce,,,,,,,,,,,,,,,,,,,,,,,,,,,,,580535,2021-05-15 17:30:00,2021
Trabzonspor,,,,,,,,,,,,,,,,,,,,,,,,,,,,,Genclerbirligi,,,,,,,,,,,,,,,,,,,,,,,,,,,,,580537,2021-05-15 17:30:00,2021
Besiktas,,,,,,,,,,,,,,,,,,,,,,,,,,,,,Caykur Rizespor,,,,,,,,,,,,,,,,,,,,,,,,,,,,,614513,2021-08-13 17:30:00,2021
Fatih Karagümrük,,,,,,,,,,,,,,,,,,,,,,,,,,,,,Gaziantep FK,,,,,,,,,,,,,,,,,,,,,,,,,,,,,614516,2021-08-14 16:15:00,2021
Altay Izmir,,,,,,,,,,,,,,,,,,,,,,,,,,,,,Kayserispor,,,,,,,,,,,,,,,,,,,,,,,,,,,,,614519,2021-08-14 18:45:00,2021
Hatayspor,,,,,,,,,,,,,,,,,,,,,,,,,,,,,Kasimpasa,,,,,,,,,,,,,,,,,,,,,,,,,,,,,614518,2021-08-14 18:45:00,2021
Istanbul Basaksehir,,,,,,,,,,,,,,,,,,,,,,,,,,,,,Alanyaspor,,,,,,,,,,,,,,,,,,,,,,,,,,,,,614512,2021-08-15 16:15:00,2021
Antalyaspor,,,,,,,,,,,,,,,,,,,,,,,,,,,,,Goztepe,,,,,,,,,,,,,,,,,,,,,,,,,,,,,614517,2021-08-15 18:45:00,2021
Adana Demirspor,,,,,,,,,,,,,,,,,,,,,,,,,,,,,Fenerbahce,,,,,,,,,,,,,,,,,,,,,,,,,,,,,614514,2021-08-15 18:45:00,2021
Yeni Malatyaspor,,,,,,,,,,,,,,,,,,,,,,,,,,,,,Trabzonspor,,,,,,,,,,,,,,,,,,,,,,,,,,,,,614521,2021-08-16 16:15:00,2021
Sivasspor,,,,,,,,,,,,,,,,,,,,,,,,,,,,,Konyaspor,,,,,,,,,,,,,,,,,,,,,,,,,,,,,614520,2021-08-16 16:15:00,2021
Giresunspor,,,,,,,,,,,,,,,,,,,,,,,,,,,,,Galatasaray,,,,,,,,,,,,,,,,,,,,,,,,,,,,,614515,2021-08-16 18:45:00,2021
Kayserispor,,,,,,,,,,,,,,,,,,,,,,,,,,,,,Adana Demirspor,,,,,,,,,,,,,,,,,,,,,,,,,,,,,614502,2021-08-20 17:30:00,2021
Caykur Rizespor,,,,,,,,,,,,,,,,,,,,,,,,,,,,,Fatih Karagümrük,,,,,,,,,,,,,,,,,,,,,,,,,,,,,614506,2021-08-21 16:15:00,2021
Kasimpasa,,,,,,,,,,,,,,,,,,,,,,,,,,,,,Giresunspor,,,,,,,,,,,,,,,,,,,,,,,,,,,,,614507,2021-08-21 16:15:00,2021
Alanyaspor,,,,,,,,,,,,,,,,,,,,,,,,,,,,,Altay Izmir,,,,,,,,,,,,,,,,,,,,,,,,,,,,,614503,2021-08-21 18:45:00,2021
Gaziantep FK,,,,,,,,,,,,,,,,,,,,,,,,,,,,,Besiktas,,,,,,,,,,,,,,,,,,,,,,,,,,,,,614505,2021-08-21 18:45:00,2021
Konyaspor,,,,,,,,,,,,,,,,,,,,,,,,,,,,,Istanbul Basaksehir,,,,,,,,,,,,,,,,,,,,,,,,,,,,,614509,2021-08-22 16:15:00,2021
Goztepe,,,,,,,,,,,,,,,,,,,,,,,,,,,,,Yeni Malatyaspor,,,,,,,,,,,,,,,,,,,,,,,,,,,,,614511,2021-08-22 18:45:00,2021
Fenerbahce,,,,,,,,,,,,,,,,,,,,,,,,,,,,,Antalyaspor,,,,,,,,,,,,,,,,,,,,,,,,,,,,,614504,2021-08-22 18:45:00,2021
Trabzonspor,,,,,,,,,,,,,,,,,,,,,,,,,,,,,Sivasspor,,,,,,,,,,,,,,,,,,,,,,,,,,,,,614510,2021-08-23 16:15:00,2021
Galatasaray,,,,,,,,,,,,,,,,,,,,,,,,,,,,,Hatayspor,,,,,,,,,,,,,,,,,,,,,,,,,,,,,614508,2021-08-23 18:45:00,2021
Antalyaspor,,,,,,,,,,,,,,,,,,,,,,,,,,,,,Caykur Rizespor,,,,,,,,,,,,,,,,,,,,,,,,,,,,,614493,2021-08-27 17:30:00,2021
Adana Demirspor,,,,,,,,,,,,,,,,,,,,,,,,,,,,,Konyaspor,,,,,,,,,,,,,,,,,,,,,,,,,,,,,614500,2021-08-27 18:45:00,2021
Yeni Malatyaspor,,,,,,,,,,,,,,,,,,,,,,,,,,,,,Gaziantep FK,,,,,,,,,,,,,,,,,,,,,,,,,,,,,614497,2021-08-28 16:15:00,2021
Istanbul Basaksehir,,,,,,,,,,,,,,,,,,,,,,,,,,,,,Kayserispor,,,,,,,,,,,,,,,,,,,,,,,,,,,,,614499,2021-08-28 16:15:00,2021
Besiktas,,,,,,,,,,,,,,,,,,,,,,,,,,,,,Fatih Karagümrük,,,,,,,,,,,,,,,,,,,,,,,,,,,,,614494,2021-08-28 18:45:00,2021
Hatayspor,,,,,,,,,,,,,,,,,,,,,,,,,,,,,Alanyaspor,,,,,,,,,,,,,,,,,,,,,,,,,,,,,614492,2021-08-28 18:45:00,2021
Sivasspor,,,,,,,,,,,,,,,,,,,,,,,,,,,,,Goztepe,,,,,,,,,,,,,,,,,,,,,,,,,,,,,614498,2021-08-29 16:15:00,2021
Kasimpasa,,,,,,,,,,,,,,,,,,,,,,,,,,,,,Galatasaray,,,,,,,,,,,,,,,,,,,,,,,,,,,,,614496,2021-08-29 16:15:00,2021
Giresunspor,,,,,,,,,,,,,,,,,,,,,,,,,,,,,Trabzonspor,,,,,,,,,,,,,,,,,,,,,,,,,,,,,614501,2021-08-29 18:45:00,2021
Altay Izmir,,,,,,,,,,,,,,,,,,,,,,,,,,,,,Fenerbahce,,,,,,,,,,,,,,,,,,,,,,,,,,,,,614495,2021-08-29 18:45:00,2021
Konyaspor,,,,,,,,,,,,,,,,,,,,,,,,,,,,,Altay Izmir,,,,,,,,,,,,,,,,,,,,,,,,,,,,,614483,2021-09-11 14:00:00,2021
Fatih Karagümrük,,,,,,,,,,,,,,,,,,,,,,,,,,,,,Adana Demirspor,,,,,,,,,,,,,,,,,,,,,,,,,,,,,614482,2021-09-11 14:00:00,2021
Kayserispor,,,,,,,,,,,,,,,,,,,,,,,,,,,,,Kasimpasa,,,,,,,,,,,,,,,,,,,,,,,,,,,,,614489,2021-09-11 17:00:00,2021
Besiktas,,,,,,,,,,,,,,,,,,,,,,,,,,,,,Yeni Malatyaspor,,,,,,,,,,,,,,,,,,,,,,,,,,,,,614491,2021-09-11 17:00:00,2021
Caykur Rizespor,,,,,,,,,,,,,,,,,,,,,,,,,,,,,Hatayspor,,,,,,,,,,,,,,,,,,,,,,,,,,,,,614487,2021-09-12 14:00:00,2021
Fenerbahce,,,,,,,,,,,,,,,,,,,,,,,,,,,,,Sivasspor,,,,,,,,,,,,,,,,,,,,,,,,,,,,,614490,2021-09-12 14:00:00,2021
Trabzonspor,,,,,,,,,,,,,,,,,,,,,,,,,,,,,Galatasaray,,,,,,,,,,,,,,,,,,,,,,,,,,,,,614485,2021-09-12 17:00:00,2021
Goztepe,,,,,,,,,,,,,,,,,,,,,,,,,,,,,Istanbul Basaksehir,,,,,,,,,,,,,,,,,,,,,,,,,,,,,614488,2021-09-12 17:00:00,2021
Alanyaspor,,,,,,,,,,,,,,,,,,,,,,,,,,,,,Giresunspor,,,,,,,,,,,,,,,,,,,,,,,,,,,,,614486,2021-09-13 17:00:00,2021
Gaziantep FK,,,,,,,,,,,,,,,,,,,,,,,,,,,,,Antalyaspor,,,,,,,,,,,,,,,,,,,,,,,,,,,,,614484,2021-09-13 17:00:00,2021
Yeni Malatyaspor,,,,,,,,,,,,,,,,,,,,,,,,,,,,,Fatih Karagümrük,,,,,,,,,,,,,,,,,,,,,,,,,,,,,614475,2021-09-17 17:00:00,2021
Altay Izmir,,,,,,,,,,,,,,,,,,,,,,,,,,,,,Goztepe,,,,,,,,,,,,,,,,,,,,,,,,,,,,,614478,2021-09-17 17:00:00,2021
Sivasspor,,,,,,,,,,,,,,,,,,,,,,,,,,,,,Gaziantep FK,,,,,,,,,,,,,,,,,,,,,,,,,,,,,614477,2021-09-18 10:30:00,2021
Kasimpasa,,,,,,,,,,,,,,,,,,,,,,,,,,,,,Trabzonspor,,,,,,,,,,,,,,,,,,,,,,,,,,,,,614481,2021-09-18 13:00:00,2021
Adana Demirspor,,,,,,,,,,,,,,,,,,,,,,,,,,,,,Caykur Rizespor,,,,,,,,,,,,,,,,,,,,,,,,,,,,,614474,2021-09-18 16:00:00,2021
Antalyaspor,,,,,,,,,,,,,,,,,,,,,,,,,,,,,Besiktas,,,,,,,,,,,,,,,,,,,,,,,,,,,,,614473,2021-09-18 16:00:00,2021
Giresunspor,,,,,,,,,,,,,,,,,,,,,,,,,,,,,Konyaspor,,,,,,,,,,,,,,,,,,,,,,,,,,,,,614480,2021-09-19 10:30:00,2021
Galatasaray,,,,,,,,,,,,,,,,,,,,,,,,,,,,,Alanyaspor,,,,,,,,,,,,,,,,,,,,,,,,,,,,,614472,2021-09-19 13:00:00,2021
Hatayspor,,,,,,,,,,,,,,,,,,,,,,,,,,,,,Kayserispor,,,,,,,,,,,,,,,,,,,,,,,,,,,,,614479,2021-09-19 16:00:00,2021
Istanbul Basaksehir,,,,,,,,,,,,,,,,,,,,,,,,,,,,,Fenerbahce,,,,,,,,,,,,,,,,,,,,,,,,,,,,,614476,2021-09-19 16:00:00,2021
Caykur Rizespor,,,,,,,,,,,,,,,,,,,,,,,,,,,,,Altay Izmir,,,,,,,,,,,,,,,,,,,,,,,,,,,,,614463,2021-09-21 14:00:00,2021
Fatih Karagümrük,,,,,,,,,,,,,,,,,,,,,,,,,,,,,Antalyaspor,,,,,,,,,,,,,,,,,,,,,,,,,,,,,614464,2021-09-21 14:00:00,2021
Besiktas,,,,,,,,,,,,,,,,,,,,,,,,,,,,,Adana Demirspor,,,,,,,,,,,,,,,,,,,,,,,,,,,,,614462,2021-09-21 17:00:00,2021
Yeni Malatyaspor,,,,,,,,,,,,,,,,,,,,,,,,,,,,,Sivasspor,,,,,,,,,,,,,,,,,,,,,,,,,,,,,614470,2021-09-21 17:00:00,2021
Gaziantep FK,,,,,,,,,,,,,,,,,,,,,,,,,,,,,Istanbul Basaksehir,,,,,,,,,,,,,,,,,,,,,,,,,,,,,614468,2021-09-22 14:00:00,2021
Goztepe,,,,,,,,,,,,,,,,,,,,,,,,,,,,,Hatayspor,,,,,,,,,,,,,,,,,,,,,,,,,,,,,614467,2021-09-22 17:00:00,2021
Kayserispor,,,,,,,,,,,,,,,,,,,,,,,,,,,,,Galatasaray,,,,,,,,,,,,,,,,,,,,,,,,,,,,,614465,2021-09-22 17:00:00,2021
Konyaspor,,,,,,,,,,,,,,,,,,,,,,,,,,,,,Trabzonspor,,,,,,,,,,,,,,,,,,,,,,,,,,,,,614471,2021-09-23 14:00:00,2021
Alanyaspor,,,,,,,,,,,,,,,,,,,,,,,,,,,,,Kasimpasa,,,,,,,,,,,,,,,,,,,,,,,,,,,,,614469,2021-09-23 17:00:00,2021
Fenerbahce,,,,,,,,,,,,,,,,,,,,,,,,,,,,,Giresunspor,,,,,,,,,,,,,,,,,,,,,,,,,,,,,614466,2021-09-23 17:00:00,2021
Altay Izmir,,,,,,,,,,,,,,,,,,,,,,,,,,,,,Besiktas,,,,,,,,,,,,,,,,,,,,,,,,,,,,,614453,2021-09-24 17:00:00,2021
Sivasspor,,,,,,,,,,,,,,,,,,,,,,,,,,,,,Fatih Karagümrük,,,,,,,,,,,,,,,,,,,,,,,,,,,,,614455,2021-09-25 10:30:00,2021
Antalyaspor,,,,,,,,,,,,,,,,,,,,,,,,,,,,,Yeni Malatyaspor,,,,,,,,,,,,,,,,,,,,,,,,,,,,,614461,2021-09-25 13:00:00,2021
Adana Demirspor,,,,,,,,,,,,,,,,,,,,,,,,,,,,,Gaziantep FK,,,,,,,,,,,,,,,,,,,,,,,,,,,,,614457,2021-09-25 16:00:00,2021
Giresunspor,,,,,,,,,,,,,,,,,,,,,,,,,,,,,Kayserispor,,,,,,,,,,,,,,,,,,,,,,,,,,,,,614459,2021-09-26 10:30:00,2021
Istanbul Basaksehir,,,,,,,,,,,,,,,,,,,,,,,,,,,,,Caykur Rizespor,,,,,,,,,,,,,,,,,,,,,,,,,,,,,614454,2021-09-26 13:00:00,2021
Hatayspor,,,,,,,,,,,,,,,,,,,,,,,,,,,,,Fenerbahce,,,,,,,,,,,,,,,,,,,,,,,,,,,,,614456,2021-09-26 13:00:00,2021
Galatasaray,,,,,,,,,,,,,,,,,,,,,,,,,,,,,Goztepe,,,,,,,,,,,,,,,,,,,,,,,,,,,,,614458,2021-09-26 16:00:00,2021
Kasimpasa,,,,,,,,,,,,,,,,,,,,,,,,,,,,,Konyaspor,,,,,,,,,,,,,,,,,,,,,,,,,,,,,614460,2021-09-27 17:00:00,2021
Trabzonspor,,,,,,,,,,,,,,,,,,,,,,,,,,,,,Alanyaspor,,,,,,,,,,,,,,,,,,,,,,,,,,,,,614452,2021-09-27 17:00:00,2021
Antalyaspor,,,,,,,,,,,,,,,,,,,,,,,,,,,,,Adana Demirspor,,,,,,,,,,,,,,,,,,,,,,,,,,,,,614442,2021-10-01 17:00:00,2021
Fatih Karagümrük,,,,,,,,,,,,,,,,,,,,,,,,,,,,,Istanbul Basaksehir,,,,,,,,,,,,,,,,,,,,,,,,,,,,,614448,2021-10-01 17:00:00,2021
Konyaspor,,,,,,,,,,,,,,,,,,,,,,,,,,,,,Alanyaspor,,,,,,,,,,,,,,,,,,,,,,,,,,,,,614443,2021-10-02 10:30:00,2021
Kayserispor,,,,,,,,,,,,,,,,,,,,,,,,,,,,,Trabzonspor,,,,,,,,,,,,,,,,,,,,,,,,,,,,,614451,2021-10-02 13:00:00,2021
Goztepe,,,,,,,,,,,,,,,,,,,,,,,,,,,,,Giresunspor,,,,,,,,,,,,,,,,,,,,,,,,,,,,,614446,2021-10-02 13:00:00,2021
Besiktas,,,,,,,,,,,,,,,,,,,,,,,,,,,,,Sivasspor,,,,,,,,,,,,,,,,,,,,,,,,,,,,,614450,2021-10-02 16:00:00,2021
Yeni Malatyaspor,,,,,,,,,,,,,,,,,,,,,,,,,,,,,Hatayspor,,,,,,,,,,,,,,,,,,,,,,,,,,,,,614447,2021-10-03 10:30:00,2021
Gaziantep FK,,,,,,,,,,,,,,,,,,,,,,,,,,,,,Altay Izmir,,,,,,,,,,,,,,,,,,,,,,,,,,,,,614444,2021-10-03 13:00:00,2021
Fenerbahce,,,,,,,,,,,,,,,,,,,,,,,,,,,,,Kasimpasa,,,,,,,,,,,,,,,,,,,,,,,,,,,,,614449,2021-10-03 13:00:00,2021
Caykur Rizespor,,,,,,,,,,,,,,,,,,,,,,,,,,,,,Galatasaray,,,,,,,,,,,,,,,,,,,,,,,,,,,,,614445,2021-10-03 16:00:00,2021
Istanbul Basaksehir,,,,,,,,,,,,,,,,,,,,,,,,,,,,,Besiktas,,,,,,,,,,,,,,,,,,,,,,,,,,,,,614433,2021-10-15 17:00:00,2021
Giresunspor,,,,,,,,,,,,,,,,,,,,,,,,,,,,,Caykur Rizespor,,,,,,,,,,,,,,,,,,,,,,,,,,,,,614434,2021-10-16 10:30:00,2021
Sivasspor,,,,,,,,,,,,,,,,,,,,,,,,,,,,,Antalyaspor,,,,,,,,,,,,,,,,,,,,,,,,,,,,,614432,2021-10-16 13:00:00,2021
Adana Demirspor,,,,,,,,,,,,,,,,,,,,,,,,,,,,,Yeni Malatyaspor,,,,,,,,,,,,,,,,,,,,,,,,,,,,,614441,2021-10-16 16:00:00,2021
Kasimpasa,,,,,,,,,,,,,,,,,,,,,,,,,,,,,Goztepe,,,,,,,,,,,,,,,,,,,,,,,,,,,,,614438,2021-10-17 10:30:00,2021
Galatasaray,,,,,,,,,,,,,,,,,,,,,,,,,,,,,Konyaspor,,,,,,,,,,,,,,,,,,,,,,,,,,,,,614440,2021-10-17 13:00:00,2021
Altay Izmir,,,,,,,,,,,,,,,,,,,,,,,,,,,,,Fatih Karagümrük,,,,,,,,,,,,,,,,,,,,,,,,,,,,,614435,2021-10-17 13:00:00,2021
Trabzonspor,,,,,,,,,,,,,,,,,,,,,,,,,,,,,Fenerbahce,,,,,,,,,,,,,,,,,,,,,,,,,,,,,614436,2021-10-17 16:00:00,2021
Hatayspor,,,,,,,,,,,,,,,,,,,,,,,,,,,,,Gaziantep FK,,,,,,,,,,,,,,,,,,,,,,,,,,,,,614437,2021-10-18 17:00:00,2021
Alanyaspor,,,,,,,,,,,,,,,,,,,,,,,,,,,,,Kayserispor,,,,,,,,,,,,,,,,,,,,,,,,,,,,,614439,2021-10-18 17:00:00,2021
Yeni Malatyaspor,,,,,,,,,,,,,,,,,,,,,,,,,,,,,Altay Izmir,,,,,,,,,,,,,,,,,,,,,,,,,,,,,614424,2021-10-22 17:00:00,2021
Caykur Rizespor,,,,,,,,,,,,,,,,,,,,,,,,,,,,,Kasimpasa,,,,,,,,,,,,,,,,,,,,,,,,,,,,,614429,2021-10-23 10:30:00,2021
Konyaspor,,,,,,,,,,,,,,,,,,,,,,,,,,,,,Kayserispor,,,,,,,,,,,,,,,,,,,,,,,,,,,,,614430,2021-10-23 13:00:00,2021
Gaziantep FK,,,,,,,,,,,,,,,,,,,,,,,,,,,,,Giresunspor,,,,,,,,,,,,,,,,,,,,,,,,,,,,,614426,2021-10-23 13:00:00,2021
Goztepe,,,,,,,,,,,,,,,,,,,,,,,,,,,,,Trabzonspor,,,,,,,,,,,,,,,,,,,,,,,,,,,,,614431,2021-10-23 16:00:00,2021
Fatih Karagümrük,,,,,,,,,,,,,,,,,,,,,,,,,,,,,Hatayspor,,,,,,,,,,,,,,,,,,,,,,,,,,,,,614427,2021-10-24 10:30:00,2021
Sivasspor,,,,,,,,,,,,,,,,,,,,,,,,,,,,,Adana Demirspor,,,,,,,,,,,,,,,,,,,,,,,,,,,,,614422,2021-10-24 13:00:00,2021
Antalyaspor,,,,,,,,,,,,,,,,,,,,,,,,,,,,,Istanbul Basaksehir,,,,,,,,,,,,,,,,,,,,,,,,,,,,,614428,2021-10-24 13:00:00,2021
Fenerbahce,,,,,,,,,,,,,,,,,,,,,,,,,,,,,Alanyaspor,,,,,,,,,,,,,,,,,,,,,,,,,,,,,614423,2021-10-24 16:00:00,2021
Besiktas,,,,,,,,,,,,,,,,,,,,,,,,,,,,,Galatasaray,,,,,,,,,,,,,,,,,,,,,,,,,,,,,614425,2021-10-25 17:00:00,2021
Trabzonspor,,,,,,,,,,,,,,,,,,,,,,,,,,,,,Caykur Rizespor,,,,,,,,,,,,,,,,,,,,,,,,,,,,,614415,2021-10-29 17:00:00,2021
Kasimpasa,,,,,,,,,,,,,,,,,,,,,,,,,,,,,Yeni Malatyaspor,,,,,,,,,,,,,,,,,,,,,,,,,,,,,614421,2021-10-30 10:30:00,2021
Altay Izmir,,,,,,,,,,,,,,,,,,,,,,,,,,,,,Sivasspor,,,,,,,,,,,,,,,,,,,,,,,,,,,,,614420,2021-10-30 13:00:00,2021
Hatayspor,,,,,,,,,,,,,,,,,,,,,,,,,,,,,Besiktas,,,,,,,,,,,,,,,,,,,,,,,,,,,,,614414,2021-10-30 13:00:00,2021
Konyaspor,,,,,,,,,,,,,,,,,,,,,,,,,,,,,Fenerbahce,,,,,,,,,,,,,,,,,,,,,,,,,,,,,614417,2021-10-30 16:00:00,2021
Kayserispor,,,,,,,,,,,,,,,,,,,,,,,,,,,,,Fatih Karagümrük,,,,,,,,,,,,,,,,,,,,,,,,,,,,,614416,2021-10-31 10:30:00,2021
Alanyaspor,,,,,,,,,,,,,,,,,,,,,,,,,,,,,Goztepe,,,,,,,,,,,,,,,,,,,,,,,,,,,,,614419,2021-10-31 13:00:00,2021
Galatasaray,,,,,,,,,,,,,,,,,,,,,,,,,,,,,Gaziantep FK,,,,,,,,,,,,,,,,,,,,,,,,,,,,,614418,2021-10-31 16:00:00,2021
Giresunspor,,,,,,,,,,,,,,,,,,,,,,,,,,,,,Antalyaspor,,,,,,,,,,,,,,,,,,,,,,,,,,,,,614413,2021-11-01 17:00:00,2021
Istanbul Basaksehir,,,,,,,,,,,,,,,,,,,,,,,,,,,,,Adana Demirspor,,,,,,,,,,,,,,,,,,,,,,,,,,,,,614412,2021-11-01 17:00:00,2021
Caykur Rizespor,,,,,,,,,,,,,,,,,,,,,,,,,,,,,Alanyaspor,,,,,,,,,,,,,,,,,,,,,,,,,,,,,614402,2021-11-05 17:00:00,2021
Gaziantep FK,,,,,,,,,,,,,,,,,,,,,,,,,,,,,Kasimpasa,,,,,,,,,,,,,,,,,,,,,,,,,,,,,614408,2021-11-05 17:00:00,2021
Sivasspor,,,,,,,,,,,,,,,,,,,,,,,,,,,,,Giresunspor,,,,,,,,,,,,,,,,,,,,,,,,,,,,,614405,2021-11-06 10:30:00,2021
Yeni Malatyaspor,,,,,,,,,,,,,,,,,,,,,,,,,,,,,Istanbul Basaksehir,,,,,,,,,,,,,,,,,,,,,,,,,,,,,614407,2021-11-06 13:00:00,2021
Antalyaspor,,,,,,,,,,,,,,,,,,,,,,,,,,,,,Altay Izmir,,,,,,,,,,,,,,,,,,,,,,,,,,,,,614403,2021-11-06 13:00:00,2021
Besiktas,,,,,,,,,,,,,,,,,,,,,,,,,,,,,Trabzonspor,,,,,,,,,,,,,,,,,,,,,,,,,,,,,614411,2021-11-06 16:00:00,2021
Goztepe,,,,,,,,,,,,,,,,,,,,,,,,,,,,,Konyaspor,,,,,,,,,,,,,,,,,,,,,,,,,,,,,614410,2021-11-07 10:30:00,2021
Adana Demirspor,,,,,,,,,,,,,,,,,,,,,,,,,,,,,Hatayspor,,,,,,,,,,,,,,,,,,,,,,,,,,,,,614406,2021-11-07 13:00:00,2021
Fatih Karagümrük,,,,,,,,,,,,,,,,,,,,,,,,,,,,,Galatasaray,,,,,,,,,,,,,,,,,,,,,,,,,,,,,614404,2021-11-07 13:00:00,2021
Fenerbahce,,,,,,,,,,,,,,,,,,,,,,,,,,,,,Kayserispor,,,,,,,,,,,,,,,,,,,,,,,,,,,,,614409,2021-11-07 16:00:00,2021
Hatayspor,,,,,,,,,,,,,,,,,,,,,,,,,,,,,Antalyaspor,,,,,,,,,,,,,,,,,,,,,,,,,,,,,614393,2021-11-20 10:30:00,2021
Istanbul Basaksehir,,,,,,,,,,,,,,,,,,,,,,,,,,,,,Sivasspor,,,,,,,,,,,,,,,,,,,,,,,,,,,,,614400,2021-11-20 13:00:00,2021
Giresunspor,,,,,,,,,,,,,,,,,,,,,,,,,,,,,Yeni Malatyaspor,,,,,,,,,,,,,,,,,,,,,,,,,,,,,614401,2021-11-20 13:00:00,2021
Alanyaspor,,,,,,,,,,,,,,,,,,,,,,,,,,,,,Besiktas,,,,,,,,,,,,,,,,,,,,,,,,,,,,,614394,2021-11-20 16:00:00,2021
Kasimpasa,,,,,,,,,,,,,,,,,,,,,,,,,,,,,Fatih Karagümrük,,,,,,,,,,,,,,,,,,,,,,,,,,,,,614396,2021-11-21 10:30:00,2021
Altay Izmir,,,,,,,,,,,,,,,,,,,,,,,,,,,,,Adana Demirspor,,,,,,,,,,,,,,,,,,,,,,,,,,,,,614392,2021-11-21 13:00:00,2021
Konyaspor,,,,,,,,,,,,,,,,,,,,,,,,,,,,,Caykur Rizespor,,,,,,,,,,,,,,,,,,,,,,,,,,,,,614395,2021-11-21 13:00:00,2021
Galatasaray,,,,,,,,,,,,,,,,,,,,,,,,,,,,,Fenerbahce,,,,,,,,,,,,,,,,,,,,,,,,,,,,,614397,2021-11-21 16:00:00,2021
Trabzonspor,,,,,,,,,,,,,,,,,,,,,,,,,,,,,Gaziantep FK,,,,,,,,,,,,,,,,,,,,,,,,,,,,,614398,2021-11-22 17:00:00,2021
Kayserispor,,,,,,,,,,,,,,,,,,,,,,,,,,,,,Goztepe,,,,,,,,,,,,,,,,,,,,,,,,,,,,,614399,2021-11-22 17:00:00,2021
Istanbul Basaksehir,,,,,,,,,,,,,,,,,,,,,,,,,,,,,Altay Izmir,,,,,,,,,,,,,,,,,,,,,,,,,,,,,614383,2021-11-26 17:00:00,2021
Adana Demirspor,,,,,,,,,,,,,,,,,,,,,,,,,,,,,Kasimpasa,,,,,,,,,,,,,,,,,,,,,,,,,,,,,614388,2021-11-26 17:00:00,2021
Antalyaspor,,,,,,,,,,,,,,,,,,,,,,,,,,,,,Alanyaspor,,,,,,,,,,,,,,,,,,,,,,,,,,,,,614382,2021-11-27 10:30:00,2021
Caykur Rizespor,,,,,,,,,,,,,,,,,,,,,,,,,,,,,Kayserispor,,,,,,,,,,,,,,,,,,,,,,,,,,,,,614389,2021-11-27 13:00:00,2021
Besiktas,,,,,,,,,,,,,,,,,,,,,,,,,,,,,Giresunspor,,,,,,,,,,,,,,,,,,,,,,,,,,,,,614386,2021-11-27 16:00:00,2021
Gaziantep FK,,,,,,,,,,,,,,,,,,,,,,,,,,,,,Konyaspor,,,,,,,,,,,,,,,,,,,,,,,,,,,,,614390,2021-11-28 10:30:00,2021
Fatih Karagümrük,,,,,,,,,,,,,,,,,,,,,,,,,,,,,Trabzonspor,,,,,,,,,,,,,,,,,,,,,,,,,,,,,614391,2021-11-28 13:00:00,2021
Sivasspor,,,,,,,,,,,,,,,,,,,,,,,,,,,,,Hatayspor,,,,,,,,,,,,,,,,,,,,,,,,,,,,,614387,2021-11-28 13:00:00,2021
Yeni Malatyaspor,,,,,,,,,,,,,,,,,,,,,,,,,,,,,Galatasaray,,,,,,,,,,,,,,,,,,,,,,,,,,,,,614385,2021-11-28 16:00:00,2021
Goztepe,,,,,,,,,,,,,,,,,,,,,,,,,,,,,Fenerbahce,,,,,,,,,,,,,,,,,,,,,,,,,,,,,614384,2021-11-29 17:00:00,2021
Kasimpasa,,,,,,,,,,,,,,,,,,,,,,,,,,,,,Besiktas,,,,,,,,,,,,,,,,,,,,,,,,,,,,,614375,2021-12-03 17:00:00,2021
Alanyaspor,,,,,,,,,,,,,,,,,,,,,,,,,,,,,Sivasspor,,,,,,,,,,,,,,,,,,,,,,,,,,,,,614380,2021-12-04 10:30:00,2021
Trabzonspor,,,,,,,,,,,,,,,,,,,,,,,,,,,,,Adana Demirspor,,,,,,,,,,,,,,,,,,,,,,,,,,,,,614372,2021-12-04 13:00:00,2021
Galatasaray,,,,,,,,,,,,,,,,,,,,,,,,,,,,,Altay Izmir,,,,,,,,,,,,,,,,,,,,,,,,,,,,,614373,2021-12-04 16:00:00,2021
Kayserispor,,,,,,,,,,,,,,,,,,,,,,,,,,,,,Antalyaspor,,,,,,,,,,,,,,,,,,,,,,,,,,,,,614374,2021-12-05 10:30:00,2021
Hatayspor,,,,,,,,,,,,,,,,,,,,,,,,,,,,,Istanbul Basaksehir,,,,,,,,,,,,,,,,,,,,,,,,,,,,,614379,2021-12-05 13:00:00,2021
Giresunspor,,,,,,,,,,,,,,,,,,,,,,,,,,,,,Fatih Karagümrük,,,,,,,,,,,,,,,,,,,,,,,,,,,,,614377,2021-12-05 13:00:00,2021
Fenerbahce,,,,,,,,,,,,,,,,,,,,,,,,,,,,,Caykur Rizespor,,,,,,,,,,,,,,,,,,,,,,,,,,,,,614376,2021-12-05 16:00:00,2021
Konyaspor,,,,,,,,,,,,,,,,,,,,,,,,,,,,,Yeni Malatyaspor,,,,,,,,,,,,,,,,,,,,,,,,,,,,,614381,2021-12-06 17:00:00,2021
Goztepe,,,,,,,,,,,,,,,,,,,,,,,,,,,,,Gaziantep FK,,,,,,,,,,,,,,,,,,,,,,,,,,,,,614378,2021-12-06 17:00:00,2021
Altay Izmir,,,,,,,,,,,,,,,,,,,,,,,,,,,,,Hatayspor,,,,,,,,,,,,,,,,,,,,,,,,,,,,,614367,2021-12-10 17:00:00,2021
Fatih Karagümrük,,,,,,,,,,,,,,,,,,,,,,,,,,,,,Konyaspor,,,,,,,,,,,,,,,,,,,,,,,,,,,,,614370,2021-12-11 10:30:00,2021
Istanbul Basaksehir,,,,,,,,,,,,,,,,,,,,,,,,,,,,,Kasimpasa,,,,,,,,,,,,,,,,,,,,,,,,,,,,,614368,2021-12-11 13:00:00,2021
Caykur Rizespor,,,,,,,,,,,,,,,,,,,,,,,,,,,,,Goztepe,,,,,,,,,,,,,,,,,,,,,,,,,,,,,614366,2021-12-11 13:00:00,2021
Antalyaspor,,,,,,,,,,,,,,,,,,,,,,,,,,,,,Trabzonspor,,,,,,,,,,,,,,,,,,,,,,,,,,,,,614371,2021-12-11 16:00:00,2021
Adana Demirspor,,,,,,,,,,,,,,,,,,,,,,,,,,,,,Giresunspor,,,,,,,,,,,,,,,,,,,,,,,,,,,,,614365,2021-12-12 10:30:00,2021
Yeni Malatyaspor,,,,,,,,,,,,,,,,,,,,,,,,,,,,,Alanyaspor,,,,,,,,,,,,,,,,,,,,,,,,,,,,,614362,2021-12-12 13:00:00,2021
Besiktas,,,,,,,,,,,,,,,,,,,,,,,,,,,,,Kayserispor,,,,,,,,,,,,,,,,,,,,,,,,,,,,,614369,2021-12-12 16:00:00,2021
Sivasspor,,,,,,,,,,,,,,,,,,,,,,,,,,,,,Galatasaray,,,,,,,,,,,,,,,,,,,,,,,,,,,,,614364,2021-12-13 15:00:00,2021
Gaziantep FK,,,,,,,,,,,,,,,,,,,,,,,,,,,,,Fenerbahce,,,,,,,,,,,,,,,,,,,,,,,,,,,,,614363,2021-12-13 17:30:00,2021
Giresunspor,,,,,,,,,,,,,,,,,,,,,,,,,,,,,Altay Izmir,,,,,,,,,,,,,,,,,,,,,,,,,,,,,614353,2021-12-17 17:00:00,2021
Kasimpasa,,,,,,,,,,,,,,,,,,,,,,,,,,,,,Sivasspor,,,,,,,,,,,,,,,,,,,,,,,,,,,,,614360,2021-12-18 10:30:00,2021
Trabzonspor,,,,,,,,,,,,,,,,,,,,,,,,,,,,,Hatayspor,,,,,,,,,,,,,,,,,,,,,,,,,,,,,614358,2021-12-18 13:00:00,2021
Konyaspor,,,,,,,,,,,,,,,,,,,,,,,,,,,,,Antalyaspor,,,,,,,,,,,,,,,,,,,,,,,,,,,,,614354,2021-12-18 13:00:00,2021
Alanyaspor,,,,,,,,,,,,,,,,,,,,,,,,,,,,,Adana Demirspor,,,,,,,,,,,,,,,,,,,,,,,,,,,,,614352,2021-12-18 16:00:00,2021
Galatasaray,,,,,,,,,,,,,,,,,,,,,,,,,,,,,Istanbul Basaksehir,,,,,,,,,,,,,,,,,,,,,,,,,,,,,614359,2021-12-18 16:00:00,2021
Caykur Rizespor,,,,,,,,,,,,,,,,,,,,,,,,,,,,,Yeni Malatyaspor,,,,,,,,,,,,,,,,,,,,,,,,,,,,,614361,2021-12-19 10:30:00,2021
Goztepe,,,,,,,,,,,,,,,,,,,,,,,,,,,,,Fatih Karagümrük,,,,,,,,,,,,,,,,,,,,,,,,,,,,,614356,2021-12-19 13:00:00,2021
Kayserispor,,,,,,,,,,,,,,,,,,,,,,,,,,,,,Gaziantep FK,,,,,,,,,,,,,,,,,,,,,,,,,,,,,614357,2021-12-19 13:00:00,2021
Fenerbahce,,,,,,,,,,,,,,,,,,,,,,,,,,,,,Besiktas,,,,,,,,,,,,,,,,,,,,,,,,,,,,,614355,2021-12-19 16:00:00,2021
Istanbul Basaksehir,,,,,,,,,,,,,,,,,,,,,,,,,,,,,Giresunspor,,,,,,,,,,,,,,,,,,,,,,,,,,,,,614528,2021-12-21 14:00:00,2021
Antalyaspor,,,,,,,,,,,,,,,,,,,,,,,,,,,,,Kasimpasa,,,,,,,,,,,,,,,,,,,,,,,,,,,,,614523,2021-12-21 14:00:00,2021
Adana Demirspor,,,,,,,,,,,,,,,,,,,,,,,,,,,,,Galatasaray,,,,,,,,,,,,,,,,,,,,,,,,,,,,,614522,2021-12-21 17:00:00,2021
Altay Izmir,,,,,,,,,,,,,,,,,,,,,,,,,,,,,Trabzonspor,,,,,,,,,,,,,,,,,,,,,,,,,,,,,614530,2021-12-21 17:00:00,2021
Sivasspor,,,,,,,,,,,,,,,,,,,,,,,,,,,,,Caykur Rizespor,,,,,,,,,,,,,,,,,,,,,,,,,,,,,614529,2021-12-22 14:00:00,2021
Hatayspor,,,,,,,,,,,,,,,,,,,,,,,,,,,,,Konyaspor,,,,,,,,,,,,,,,,,,,,,,,,,,,,,614527,2021-12-22 14:00:00,2021
Fatih Karagümrük,,,,,,,,,,,,,,,,,,,,,,,,,,,,,Fenerbahce,,,,,,,,,,,,,,,,,,,,,,,,,,,,,614525,2021-12-22 17:00:00,2021
Gaziantep FK,,,,,,,,,,,,,,,,,,,,,,,,,,,,,Alanyaspor,,,,,,,,,,,,,,,,,,,,,,,,,,,,,614526,2021-12-22 17:00:00,2021
Yeni Malatyaspor,,,,,,,,,,,,,,,,,,,,,,,,,,,,,Kayserispor,,,,,,,,,,,,,,,,,,,,,,,,,,,,,614531,2021-12-23 14:00:00,2021
Besiktas,,,,,,,,,,,,,,,,,,,,,,,,,,,,,Goztepe,,,,,,,,,,,,,,,,,,,,,,,,,,,,,614524,2021-12-23 17:00:00,2021
Kasimpasa,,,,,,,,,,,,,,,,,,,,,,,,,,,,,Altay Izmir,,,,,,,,,,,,,,,,,,,,,,,,,,,,,614536,2021-12-25 10:30:00,2021
Giresunspor,,,,,,,,,,,,,,,,,,,,,,,,,,,,,Hatayspor,,,,,,,,,,,,,,,,,,,,,,,,,,,,,614538,2021-12-25 13:00:00,2021
Galatasaray,,,,,,,,,,,,,,,,,,,,,,,,,,,,,Antalyaspor,,,,,,,,,,,,,,,,,,,,,,,,,,,,,614541,2021-12-25 13:00:00,2021
Trabzonspor,,,,,,,,,,,,,,,,,,,,,,,,,,,,,Istanbul Basaksehir,,,,,,,,,,,,,,,,,,,,,,,,,,,,,614533,2021-12-25 16:00:00,2021
Caykur Rizespor,,,,,,,,,,,,,,,,,,,,,,,,,,,,,Gaziantep FK,,,,,,,,,,,,,,,,,,,,,,,,,,,,,614539,2021-12-26 10:30:00,2021
Alanyaspor,,,,,,,,,,,,,,,,,,,,,,,,,,,,,Fatih Karagümrük,,,,,,,,,,,,,,,,,,,,,,,,,,,,,614532,2021-12-26 13:00:00,2021
Goztepe,,,,,,,,,,,,,,,,,,,,,,,,,,,,,Adana Demirspor,,,,,,,,,,,,,,,,,,,,,,,,,,,,,614537,2021-12-26 13:00:00,2021
Fenerbahce,,,,,,,,,,,,,,,,,,,,,,,,,,,,,Yeni Malatyaspor,,,,,,,,,,,,,,,,,,,,,,,,,,,,,614540,2021-12-26 16:00:00,2021
Kayserispor,,,,,,,,,,,,,,,,,,,,,,,,,,,,,Sivasspor,,,,,,,,,,,,,,,,,,,,,,,,,,,,,614535,2021-12-27 17:00:00,2021
Konyaspor,,,,,,,,,,,,,,,,,,,,,,,,,,,,,Besiktas,,,,,,,,,,,,,,,,,,,,,,,,,,,,,614534,2021-12-27 17:00:00,2021
Trabzonspor,,,,,,,,,,,,,,,,,,,,,,,,,,,,,Yeni Malatyaspor,,,,,,,,,,,,,,,,,,,,,,,,,,,,,614351,2022-01-07 17:00:00,2022
Gaziantep FK,,,,,,,,,,,,,,,,,,,,,,,,,,,,,Fatih Karagümrük,,,,,,,,,,,,,,,,,,,,,,,,,,,,,614346,2022-01-08 10:30:00,2022
Alanyaspor,,,,,,,,,,,,,,,,,,,,,,,,,,,,,Istanbul Basaksehir,,,,,,,,,,,,,,,,,,,,,,,,,,,,,614349,2022-01-08 13:00:00,2022
Kasimpasa,,,,,,,,,,,,,,,,,,,,,,,,,,,,,Hatayspor,,,,,,,,,,,,,,,,,,,,,,,,,,,,,614348,2022-01-08 13:00:00,2022
Galatasaray,,,,,,,,,,,,,,,,,,,,,,,,,,,,,Giresunspor,,,,,,,,,,,,,,,,,,,,,,,,,,,,,614347,2022-01-08 16:00:00,2022
Konyaspor,,,,,,,,,,,,,,,,,,,,,,,,,,,,,Sivasspor,,,,,,,,,,,,,,,,,,,,,,,,,,,,,614350,2022-01-09 10:30:00,2022
Goztepe,,,,,,,,,,,,,,,,,,,,,,,,,,,,,Antalyaspor,,,,,,,,,,,,,,,,,,,,,,,,,,,,,614344,2022-01-09 13:00:00,2022
Kayserispor,,,,,,,,,,,,,,,,,,,,,,,,,,,,,Altay Izmir,,,,,,,,,,,,,,,,,,,,,,,,,,,,,614343,2022-01-09 13:00:00,2022
Caykur Rizespor,,,,,,,,,,,,,,,,,,,,,,,,,,,,,Besiktas,,,,,,,,,,,,,,,,,,,,,,,,,,,,,614345,2022-01-09 16:00:00,2022
Fenerbahce,,,,,,,,,,,,,,,,,,,,,,,,,,,,,Adana Demirspor,,,,,,,,,,,,,,,,,,,,,,,,,,,,,614342,2022-01-10 17:00:00,2022
Besiktas,,,,,,,,,,,,,,,,,,,,,,,,,,,,,Gaziantep FK,,,,,,,,,,,,,,,,,,,,,,,,,,,,,614336,2022-01-14 17:00:00,2022
Yeni Malatyaspor,,,,,,,,,,,,,,,,,,,,,,,,,,,,,Goztepe,,,,,,,,,,,,,,,,,,,,,,,,,,,,,614337,2022-01-14 17:00:00,2022
Adana Demirspor,,,,,,,,,,,,,,,,,,,,,,,,,,,,,Kayserispor,,,,,,,,,,,,,,,,,,,,,,,,,,,,,614339,2022-01-15 10:30:00,2022
Fatih Karagümrük,,,,,,,,,,,,,,,,,,,,,,,,,,,,,Caykur Rizespor,,,,,,,,,,,,,,,,,,,,,,,,,,,,,614333,2022-01-15 13:00:00,2022
Sivasspor,,,,,,,,,,,,,,,,,,,,,,,,,,,,,Trabzonspor,,,,,,,,,,,,,,,,,,,,,,,,,,,,,614341,2022-01-15 13:00:00,2022
Antalyaspor,,,,,,,,,,,,,,,,,,,,,,,,,,,,,Fenerbahce,,,,,,,,,,,,,,,,,,,,,,,,,,,,,614334,2022-01-15 16:00:00,2022
Altay Izmir,,,,,,,,,,,,,,,,,,,,,,,,,,,,,Alanyaspor,,,,,,,,,,,,,,,,,,,,,,,,,,,,,614332,2022-01-16 10:30:00,2022
Giresunspor,,,,,,,,,,,,,,,,,,,,,,,,,,,,,Kasimpasa,,,,,,,,,,,,,,,,,,,,,,,,,,,,,614338,2022-01-16 13:00:00,2022
Hatayspor,,,,,,,,,,,,,,,,,,,,,,,,,,,,,Galatasaray,,,,,,,,,,,,,,,,,,,,,,,,,,,,,614335,2022-01-16 16:00:00,2022
Konyaspor,,,,,,,,,,,,,,,,,,,,,,,,,,,,,Adana Demirspor,,,,,,,,,,,,,,,,,,,,,,,,,,,,,614322,2022-01-18 17:00:00,2022
Fatih Karagümrük,,,,,,,,,,,,,,,,,,,,,,,,,,,,,Besiktas,,,,,,,,,,,,,,,,,,,,,,,,,,,,,614325,2022-01-18 17:00:00,2022
Goztepe,,,,,,,,,,,,,,,,,,,,,,,,,,,,,Sivasspor,,,,,,,,,,,,,,,,,,,,,,,,,,,,,614330,2022-01-19 14:00:00,2022
Kayserispor,,,,,,,,,,,,,,,,,,,,,,,,,,,,,Istanbul Basaksehir,,,,,,,,,,,,,,,,,,,,,,,,,,,,,614328,2022-01-19 15:00:00,2022
Trabzonspor,,,,,,,,,,,,,,,,,,,,,,,,,,,,,Giresunspor,,,,,,,,,,,,,,,,,,,,,,,,,,,,,614326,2022-01-19 17:00:00,2022
Fenerbahce,,,,,,,,,,,,,,,,,,,,,,,,,,,,,Altay Izmir,,,,,,,,,,,,,,,,,,,,,,,,,,,,,614323,2022-01-19 17:00:00,2022
Alanyaspor,,,,,,,,,,,,,,,,,,,,,,,,,,,,,Hatayspor,,,,,,,,,,,,,,,,,,,,,,,,,,,,,614327,2022-01-20 14:00:00,2022
Caykur Rizespor,,,,,,,,,,,,,,,,,,,,,,,,,,,,,Antalyaspor,,,,,,,,,,,,,,,,,,,,,,,,,,,,,614324,2022-01-20 14:00:00,2022
Galatasaray,,,,,,,,,,,,,,,,,,,,,,,,,,,,,Kasimpasa,,,,,,,,,,,,,,,,,,,,,,,,,,,,,614329,2022-01-20 17:00:00,2022
Yeni Malatyaspor,,,,,,,,,,,,,,,,,,,,,,,,,,,,,Besiktas,,,,,,,,,,,,,,,,,,,,,,,,,,,,,614313,2022-01-22 10:30:00,2022
Sivasspor,,,,,,,,,,,,,,,,,,,,,,,,,,,,,Fenerbahce,,,,,,,,,,,,,,,,,,,,,,,,,,,,,614316,2022-01-22 13:00:00,2022
Adana Demirspor,,,,,,,,,,,,,,,,,,,,,,,,,,,,,Fatih Karagümrük,,,,,,,,,,,,,,,,,,,,,,,,,,,,,614315,2022-01-22 13:00:00,2022
Istanbul Basaksehir,,,,,,,,,,,,,,,,,,,,,,,,,,,,,Goztepe,,,,,,,,,,,,,,,,,,,,,,,,,,,,,614318,2022-01-22 16:00:00,2022
Hatayspor,,,,,,,,,,,,,,,,,,,,,,,,,,,,,Caykur Rizespor,,,,,,,,,,,,,,,,,,,,,,,,,,,,,614314,2022-01-23 10:30:00,2022
Kasimpasa,,,,,,,,,,,,,,,,,,,,,,,,,,,,,Kayserispor,,,,,,,,,,,,,,,,,,,,,,,,,,,,,614319,2022-01-23 10:30:00,2022
Altay Izmir,,,,,,,,,,,,,,,,,,,,,,,,,,,,,Konyaspor,,,,,,,,,,,,,,,,,,,,,,,,,,,,,614320,2022-01-23 13:00:00,2022
Giresunspor,,,,,,,,,,,,,,,,,,,,,,,,,,,,,Alanyaspor,,,,,,,,,,,,,,,,,,,,,,,,,,,,,614312,2022-01-23 13:00:00,2022
Antalyaspor,,,,,,,,,,,,,,,,,,,,,,,,,,,,,Gaziantep FK,,,,,,,,,,,,,,,,,,,,,,,,,,,,,614317,2022-01-23 13:00:00,2022
Galatasaray,,,,,,,,,,,,,,,,,,,,,,,,,,,,,Trabzonspor,,,,,,,,,,,,,,,,,,,,,,,,,,,,,614321,2022-01-23 16:00:00,2022
Kayserispor,,,,,,,,,,,,,,,,,,,,,,,,,,,,,Hatayspor,,,,,,,,,,,,,,,,,,,,,,,,,,,,,614307,2022-02-04 17:00:00,2022
Konyaspor,,,,,,,,,,,,,,,,,,,,,,,,,,,,,Giresunspor,,,,,,,,,,,,,,,,,,,,,,,,,,,,,614306,2022-02-04 17:00:00,2022
Gaziantep FK,,,,,,,,,,,,,,,,,,,,,,,,,,,,,Sivasspor,,,,,,,,,,,,,,,,,,,,,,,,,,,,,614310,2022-02-05 10:30:00,2022
Fatih Karagümrük,,,,,,,,,,,,,,,,,,,,,,,,,,,,,Yeni Malatyaspor,,,,,,,,,,,,,,,,,,,,,,,,,,,,,614311,2022-02-05 13:00:00,2022
Trabzonspor,,,,,,,,,,,,,,,,,,,,,,,,,,,,,Kasimpasa,,,,,,,,,,,,,,,,,,,,,,,,,,,,,614309,2022-02-05 13:00:00,2022
Fenerbahce,,,,,,,,,,,,,,,,,,,,,,,,,,,,,Istanbul Basaksehir,,,,,,,,,,,,,,,,,,,,,,,,,,,,,614308,2022-02-05 16:00:00,2022
Alanyaspor,,,,,,,,,,,,,,,,,,,,,,,,,,,,,Galatasaray,,,,,,,,,,,,,,,,,,,,,,,,,,,,,614305,2022-02-06 13:00:00,2022
Caykur Rizespor,,,,,,,,,,,,,,,,,,,,,,,,,,,,,Adana Demirspor,,,,,,,,,,,,,,,,,,,,,,,,,,,,,614302,2022-02-06 13:00:00,2022
Goztepe,,,,,,,,,,,,,,,,,,,,,,,,,,,,,Altay Izmir,,,,,,,,,,,,,,,,,,,,,,,,,,,,,614303,2022-02-06 16:00:00,2022
Besiktas,,,,,,,,,,,,,,,,,,,,,,,,,,,,,Antalyaspor,,,,,,,,,,,,,,,,,,,,,,,,,,,,,614304,2022-02-06 16:00:00,2022
Altay Izmir,,,,,,,,,,,,,,,,,,,,,,,,,,,,,Caykur Rizespor,,,,,,,,,,,,,,,,,,,,,,,,,,,,,614294,2022-02-11 17:00:00,2022
Istanbul Basaksehir,,,,,,,,,,,,,,,,,,,,,,,,,,,,,Gaziantep FK,,,,,,,,,,,,,,,,,,,,,,,,,,,,,614297,2022-02-12 13:00:00,2022
Giresunspor,,,,,,,,,,,,,,,,,,,,,,,,,,,,,Fenerbahce,,,,,,,,,,,,,,,,,,,,,,,,,,,,,614296,2022-02-12 13:00:00,2022
Galatasaray,,,,,,,,,,,,,,,,,,,,,,,,,,,,,Kayserispor,,,,,,,,,,,,,,,,,,,,,,,,,,,,,614299,2022-02-12 16:00:00,2022
Sivasspor,,,,,,,,,,,,,,,,,,,,,,,,,,,,,Yeni Malatyaspor,,,,,,,,,,,,,,,,,,,,,,,,,,,,,614301,2022-02-13 10:30:00,2022
Antalyaspor,,,,,,,,,,,,,,,,,,,,,,,,,,,,,Fatih Karagümrük,,,,,,,,,,,,,,,,,,,,,,,,,,,,,614295,2022-02-13 13:00:00,2022
Kasimpasa,,,,,,,,,,,,,,,,,,,,,,,,,,,,,Alanyaspor,,,,,,,,,,,,,,,,,,,,,,,,,,,,,614292,2022-02-13 16:00:00,2022
Trabzonspor,,,,,,,,,,,,,,,,,,,,,,,,,,,,,Konyaspor,,,,,,,,,,,,,,,,,,,,,,,,,,,,,614300,2022-02-13 16:00:00,2022
Hatayspor,,,,,,,,,,,,,,,,,,,,,,,,,,,,,Goztepe,,,,,,,,,,,,,,,,,,,,,,,,,,,,,614298,2022-02-14 17:00:00,2022
Adana Demirspor,,,,,,,,,,,,,,,,,,,,,,,,,,,,,Besiktas,,,,,,,,,,,,,,,,,,,,,,,,,,,,,614293,2022-02-14 17:00:00,2022
Caykur Rizespor,,,,,,,,,,,,,,,,,,,,,,,,,,,,,Istanbul Basaksehir,,,,,,,,,,,,,,,,,,,,,,,,,,,,,614288,2022-02-18 17:00:00,2022
Konyaspor,,,,,,,,,,,,,,,,,,,,,,,,,,,,,Kasimpasa,,,,,,,,,,,,,,,,,,,,,,,,,,,,,614289,2022-02-18 17:00:00,2022
Yeni Malatyaspor,,,,,,,,,,,,,,,,,,,,,,,,,,,,,Antalyaspor,,,,,,,,,,,,,,,,,,,,,,,,,,,,,614284,2022-02-19 10:30:00,2022
Kayserispor,,,,,,,,,,,,,,,,,,,,,,,,,,,,,Giresunspor,,,,,,,,,,,,,,,,,,,,,,,,,,,,,614286,2022-02-19 13:00:00,2022
Besiktas,,,,,,,,,,,,,,,,,,,,,,,,,,,,,Altay Izmir,,,,,,,,,,,,,,,,,,,,,,,,,,,,,614283,2022-02-19 16:00:00,2022
Gaziantep FK,,,,,,,,,,,,,,,,,,,,,,,,,,,,,Adana Demirspor,,,,,,,,,,,,,,,,,,,,,,,,,,,,,614282,2022-02-20 10:30:00,2022
Alanyaspor,,,,,,,,,,,,,,,,,,,,,,,,,,,,,Trabzonspor,,,,,,,,,,,,,,,,,,,,,,,,,,,,,614291,2022-02-20 13:00:00,2022
Fatih Karagümrük,,,,,,,,,,,,,,,,,,,,,,,,,,,,,Sivasspor,,,,,,,,,,,,,,,,,,,,,,,,,,,,,614290,2022-02-20 13:00:00,2022
Fenerbahce,,,,,,,,,,,,,,,,,,,,,,,,,,,,,Hatayspor,,,,,,,,,,,,,,,,,,,,,,,,,,,,,614287,2022-02-20 16:00:00,2022
Goztepe,,,,,,,,,,,,,,,,,,,,,,,,,,,,,Galatasaray,,,,,,,,,,,,,,,,,,,,,,,,,,,,,614285,2022-02-21 17:00:00,2022
Istanbul Basaksehir,,,,,,,,,,,,,,,,,,,,,,,,,,,,,Konyaspor,,,,,,,,,,,,,,,,,,,,,,,,,,,,,614340,2022-02-22 17:00:00,2022
Gaziantep FK,,,,,,,,,,,,,,,,,,,,,,,,,,,,,Yeni Malatyaspor,,,,,,,,,,,,,,,,,,,,,,,,,,,,,614331,2022-02-23 17:00:00,2022
Adana Demirspor,,,,,,,,,,,,,,,,,,,,,,,,,,,,,Antalyaspor,,,,,,,,,,,,,,,,,,,,,,,,,,,,,614162,2022-02-25 17:00:00,2022
Trabzonspor,,,,,,,,,,,,,,,,,,,,,,,,,,,,,Kayserispor,,,,,,,,,,,,,,,,,,,,,,,,,,,,,614166,2022-02-25 17:00:00,2022
Istanbul Basaksehir,,,,,,,,,,,,,,,,,,,,,,,,,,,,,Fatih Karagümrük,,,,,,,,,,,,,,,,,,,,,,,,,,,,,614168,2022-02-26 13:00:00,2022
Sivasspor,,,,,,,,,,,,,,,,,,,,,,,,,,,,,Besiktas,,,,,,,,,,,,,,,,,,,,,,,,,,,,,614170,2022-02-26 16:00:00,2022
Giresunspor,,,,,,,,,,,,,,,,,,,,,,,,,,,,,Goztepe,,,,,,,,,,,,,,,,,,,,,,,,,,,,,614171,2022-02-27 10:30:00,2022
Altay Izmir,,,,,,,,,,,,,,,,,,,,,,,,,,,,,Gaziantep FK,,,,,,,,,,,,,,,,,,,,,,,,,,,,,614164,2022-02-27 10:30:00,2022
Alanyaspor,,,,,,,,,,,,,,,,,,,,,,,,,,,,,Konyaspor,,,,,,,,,,,,,,,,,,,,,,,,,,,,,614163,2022-02-27 13:00:00,2022
Hatayspor,,,,,,,,,,,,,,,,,,,,,,,,,,,,,Yeni Malatyaspor,,,,,,,,,,,,,,,,,,,,,,,,,,,,,614167,2022-02-27 13:00:00,2022
Galatasaray,,,,,,,,,,,,,,,,,,,,,,,,,,,,,Caykur Rizespor,,,,,,,,,,,,,,,,,,,,,,,,,,,,,614165,2022-02-27 16:00:00,2022
Kasimpasa,,,,,,,,,,,,,,,,,,,,,,,,,,,,,Fenerbahce,,,,,,,,,,,,,,,,,,,,,,,,,,,,,614169,2022-02-28 17:00:00,2022
Yeni Malatyaspor,,,,,,,,,,,,,,,,,,,,,,,,,,,,,Adana Demirspor,,,,,,,,,,,,,,,,,,,,,,,,,,,,,614272,2022-03-04 17:00:00,2022
Caykur Rizespor,,,,,,,,,,,,,,,,,,,,,,,,,,,,,Giresunspor,,,,,,,,,,,,,,,,,,,,,,,,,,,,,614276,2022-03-05 13:00:00,2022
Goztepe,,,,,,,,,,,,,,,,,,,,,,,,,,,,,Kasimpasa,,,,,,,,,,,,,,,,,,,,,,,,,,,,,614279,2022-03-05 13:00:00,2022
Konyaspor,,,,,,,,,,,,,,,,,,,,,,,,,,,,,Galatasaray,,,,,,,,,,,,,,,,,,,,,,,,,,,,,614275,2022-03-05 16:00:00,2022
Fatih Karagümrük,,,,,,,,,,,,,,,,,,,,,,,,,,,,,Altay Izmir,,,,,,,,,,,,,,,,,,,,,,,,,,,,,614274,2022-03-06 13:00:00,2022
Antalyaspor,,,,,,,,,,,,,,,,,,,,,,,,,,,,,Sivasspor,,,,,,,,,,,,,,,,,,,,,,,,,,,,,614280,2022-03-06 16:00:00,2022
Fenerbahce,,,,,,,,,,,,,,,,,,,,,,,,,,,,,Trabzonspor,,,,,,,,,,,,,,,,,,,,,,,,,,,,,614281,2022-03-06 16:00:00,2022
Kayserispor,,,,,,,,,,,,,,,,,,,,,,,,,,,,,Alanyaspor,,,,,,,,,,,,,,,,,,,,,,,,,,,,,614273,2022-03-07 17:00:00,2022
Besiktas,,,,,,,,,,,,,,,,,,,,,,,,,,,,,Istanbul Basaksehir,,,,,,,,,,,,,,,,,,,,,,,,,,,,,614278,2022-03-07 17:00:00,2022
Gaziantep FK,,,,,,,,,,,,,,,,,,,,,,,,,,,,,Hatayspor,,,,,,,,,,,,,,,,,,,,,,,,,,,,,614277,2022-03-07 17:00:00,2022
Hatayspor,,,,,,,,,,,,,,,,,,,,,,,,,,,,,Fatih Karagümrük,,,,,,,,,,,,,,,,,,,,,,,,,,,,,614265,2022-03-12 10:30:00,2022
Kasimpasa,,,,,,,,,,,,,,,,,,,,,,,,,,,,,Caykur Rizespor,,,,,,,,,,,,,,,,,,,,,,,,,,,,,614264,2022-03-12 13:00:00,2022
Altay Izmir,,,,,,,,,,,,,,,,,,,,,,,,,,,,,Yeni Malatyaspor,,,,,,,,,,,,,,,,,,,,,,,,,,,,,614271,2022-03-12 13:00:00,2022
Trabzonspor,,,,,,,,,,,,,,,,,,,,,,,,,,,,,Goztepe,,,,,,,,,,,,,,,,,,,,,,,,,,,,,614268,2022-03-12 16:00:00,2022
Kayserispor,,,,,,,,,,,,,,,,,,,,,,,,,,,,,Konyaspor,,,,,,,,,,,,,,,,,,,,,,,,,,,,,614269,2022-03-13 10:30:00,2022
Adana Demirspor,,,,,,,,,,,,,,,,,,,,,,,,,,,,,Sivasspor,,,,,,,,,,,,,,,,,,,,,,,,,,,,,614270,2022-03-13 13:00:00,2022
Alanyaspor,,,,,,,,,,,,,,,,,,,,,,,,,,,,,Fenerbahce,,,,,,,,,,,,,,,,,,,,,,,,,,,,,614266,2022-03-13 16:00:00,2022
Istanbul Basaksehir,,,,,,,,,,,,,,,,,,,,,,,,,,,,,Antalyaspor,,,,,,,,,,,,,,,,,,,,,,,,,,,,,614262,2022-03-14 13:00:00,2022
Giresunspor,,,,,,,,,,,,,,,,,,,,,,,,,,,,,Gaziantep FK,,,,,,,,,,,,,,,,,,,,,,,,,,,,,614267,2022-03-14 17:00:00,2022
Galatasaray,,,,,,,,,,,,,,,,,,,,,,,,,,,,,Besiktas,,,,,,,,,,,,,,,,,,,,,,,,,,,,,614263,2022-03-14 17:00:00,2022
Fatih Karagümrük,,,,,,,,,,,,,,,,,,,,,,,,,,,,,Kayserispor,,,,,,,,,,,,,,,,,,,,,,,,,,,,,614259,2022-03-18 17:00:00,2022
Caykur Rizespor,,,,,,,,,,,,,,,,,,,,,,,,,,,,,Trabzonspor,,,,,,,,,,,,,,,,,,,,,,,,,,,,,614261,2022-03-18 17:15:00,2022
Yeni Malatyaspor,,,,,,,,,,,,,,,,,,,,,,,,,,,,,Kasimpasa,,,,,,,,,,,,,,,,,,,,,,,,,,,,,614258,2022-03-19 10:30:00,2022
Goztepe,,,,,,,,,,,,,,,,,,,,,,,,,,,,,Alanyaspor,,,,,,,,,,,,,,,,,,,,,,,,,,,,,614252,2022-03-19 13:00:00,2022
Adana Demirspor,,,,,,,,,,,,,,,,,,,,,,,,,,,,,Istanbul Basaksehir,,,,,,,,,,,,,,,,,,,,,,,,,,,,,614257,2022-03-19 13:00:00,2022
Besiktas,,,,,,,,,,,,,,,,,,,,,,,,,,,,,Hatayspor,,,,,,,,,,,,,,,,,,,,,,,,,,,,,614256,2022-03-19 16:00:00,2022
Sivasspor,,,,,,,,,,,,,,,,,,,,,,,,,,,,,Altay Izmir,,,,,,,,,,,,,,,,,,,,,,,,,,,,,614253,2022-03-20 10:30:00,2022
Antalyaspor,,,,,,,,,,,,,,,,,,,,,,,,,,,,,Giresunspor,,,,,,,,,,,,,,,,,,,,,,,,,,,,,614255,2022-03-20 10:30:00,2022
Gaziantep FK,,,,,,,,,,,,,,,,,,,,,,,,,,,,,Galatasaray,,,,,,,,,,,,,,,,,,,,,,,,,,,,,614254,2022-03-20 13:00:00,2022
Fenerbahce,,,,,,,,,,,,,,,,,,,,,,,,,,,,,Konyaspor,,,,,,,,,,,,,,,,,,,,,,,,,,,,,614260,2022-03-20 16:00:00,2022
Giresunspor,,,,,,,,,,,,,,,,,,,,,,,,,,,,,Sivasspor,,,,,,,,,,,,,,,,,,,,,,,,,,,,,614250,2022-04-02 10:30:00,2022
Altay Izmir,,,,,,,,,,,,,,,,,,,,,,,,,,,,,Antalyaspor,,,,,,,,,,,,,,,,,,,,,,,,,,,,,614243,2022-04-02 13:00:00,2022
Kayserispor,,,,,,,,,,,,,,,,,,,,,,,,,,,,,Fenerbahce,,,,,,,,,,,,,,,,,,,,,,,,,,,,,614247,2022-04-02 13:00:00,2022
Galatasaray,,,,,,,,,,,,,,,,,,,,,,,,,,,,,Fatih Karagümrük,,,,,,,,,,,,,,,,,,,,,,,,,,,,,614246,2022-04-02 17:30:00,2022
Kasimpasa,,,,,,,,,,,,,,,,,,,,,,,,,,,,,Gaziantep FK,,,,,,,,,,,,,,,,,,,,,,,,,,,,,614248,2022-04-03 10:30:00,2022
Konyaspor,,,,,,,,,,,,,,,,,,,,,,,,,,,,,Goztepe,,,,,,,,,,,,,,,,,,,,,,,,,,,,,614249,2022-04-03 13:00:00,2022
Alanyaspor,,,,,,,,,,,,,,,,,,,,,,,,,,,,,Caykur Rizespor,,,,,,,,,,,,,,,,,,,,,,,,,,,,,614245,2022-04-03 13:00:00,2022
Trabzonspor,,,,,,,,,,,,,,,,,,,,,,,,,,,,,Besiktas,,,,,,,,,,,,,,,,,,,,,,,,,,,,,614244,2022-04-03 17:30:00,2022
Hatayspor,,,,,,,,,,,,,,,,,,,,,,,,,,,,,Adana Demirspor,,,,,,,,,,,,,,,,,,,,,,,,,,,,,614242,2022-04-04 17:30:00,2022
Istanbul Basaksehir,,,,,,,,,,,,,,,,,,,,,,,,,,,,,Yeni Malatyaspor,,,,,,,,,,,,,,,,,,,,,,,,,,,,,614251,2022-04-04 17:30:00,2022
Fatih Karagümrük,,,,,,,,,,,,,,,,,,,,,,,,,,,,,Kasimpasa,,,,,,,,,,,,,,,,,,,,,,,,,,,,,614238,2022-04-09 10:30:00,2022
Goztepe,,,,,,,,,,,,,,,,,,,,,,,,,,,,,Kayserispor,,,,,,,,,,,,,,,,,,,,,,,,,,,,,614239,2022-04-09 13:00:00,2022
Caykur Rizespor,,,,,,,,,,,,,,,,,,,,,,,,,,,,,Konyaspor,,,,,,,,,,,,,,,,,,,,,,,,,,,,,614240,2022-04-09 13:00:00,2022
Gaziantep FK,,,,,,,,,,,,,,,,,,,,,,,,,,,,,Trabzonspor,,,,,,,,,,,,,,,,,,,,,,,,,,,,,614241,2022-04-09 17:30:00,2022
Besiktas,,,,,,,,,,,,,,,,,,,,,,,,,,,,,Alanyaspor,,,,,,,,,,,,,,,,,,,,,,,,,,,,,614232,2022-04-09 17:30:00,2022
Yeni Malatyaspor,,,,,,,,,,,,,,,,,,,,,,,,,,,,,Giresunspor,,,,,,,,,,,,,,,,,,,,,,,,,,,,,614235,2022-04-10 10:30:00,2022
Adana Demirspor,,,,,,,,,,,,,,,,,,,,,,,,,,,,,Altay Izmir,,,,,,,,,,,,,,,,,,,,,,,,,,,,,614233,2022-04-10 13:00:00,2022
Sivasspor,,,,,,,,,,,,,,,,,,,,,,,,,,,,,Istanbul Basaksehir,,,,,,,,,,,,,,,,,,,,,,,,,,,,,614237,2022-04-10 13:00:00,2022
Fenerbahce,,,,,,,,,,,,,,,,,,,,,,,,,,,,,Galatasaray,,,,,,,,,,,,,,,,,,,,,,,,,,,,,614234,2022-04-10 17:30:00,2022
Antalyaspor,,,,,,,,,,,,,,,,,,,,,,,,,,,,,Hatayspor,,,,,,,,,,,,,,,,,,,,,,,,,,,,,614236,2022-04-11 17:30:00,2022
Kayserispor,,,,,,,,,,,,,,,,,,,,,,,,,,,,,Caykur Rizespor,,,,,,,,,,,,,,,,,,,,,,,,,,,,,614225,2022-04-15 17:30:00,2022
Trabzonspor,,,,,,,,,,,,,,,,,,,,,,,,,,,,,Fatih Karagümrük,,,,,,,,,,,,,,,,,,,,,,,,,,,,,614226,2022-04-15 17:30:00,2022
Hatayspor,,,,,,,,,,,,,,,,,,,,,,,,,,,,,Sivasspor,,,,,,,,,,,,,,,,,,,,,,,,,,,,,614230,2022-04-16 10:30:00,2022
Altay Izmir,,,,,,,,,,,,,,,,,,,,,,,,,,,,,Istanbul Basaksehir,,,,,,,,,,,,,,,,,,,,,,,,,,,,,614229,2022-04-16 13:00:00,2022
Alanyaspor,,,,,,,,,,,,,,,,,,,,,,,,,,,,,Antalyaspor,,,,,,,,,,,,,,,,,,,,,,,,,,,,,614223,2022-04-16 13:00:00,2022
Fenerbahce,,,,,,,,,,,,,,,,,,,,,,,,,,,,,Goztepe,,,,,,,,,,,,,,,,,,,,,,,,,,,,,614228,2022-04-16 17:30:00,2022
Konyaspor,,,,,,,,,,,,,,,,,,,,,,,,,,,,,Gaziantep FK,,,,,,,,,,,,,,,,,,,,,,,,,,,,,614227,2022-04-17 10:30:00,2022
Kasimpasa,,,,,,,,,,,,,,,,,,,,,,,,,,,,,Adana Demirspor,,,,,,,,,,,,,,,,,,,,,,,,,,,,,614222,2022-04-17 13:00:00,2022
Giresunspor,,,,,,,,,,,,,,,,,,,,,,,,,,,,,Besiktas,,,,,,,,,,,,,,,,,,,,,,,,,,,,,614224,2022-04-17 17:30:00,2022
Galatasaray,,,,,,,,,,,,,,,,,,,,,,,,,,,,,Yeni Malatyaspor,,,,,,,,,,,,,,,,,,,,,,,,,,,,,614231,2022-04-18 17:30:00,2022
Caykur Rizespor,,,,,,,,,,,,,,,,,,,,,,,,,,,,,Fenerbahce,,,,,,,,,,,,,,,,,,,,,,,,,,,,,614213,2022-04-22 17:30:00,2022
Fatih Karagümrük,,,,,,,,,,,,,,,,,,,,,,,,,,,,,Giresunspor,,,,,,,,,,,,,,,,,,,,,,,,,,,,,614215,2022-04-23 13:00:00,2022
Gaziantep FK,,,,,,,,,,,,,,,,,,,,,,,,,,,,,Goztepe,,,,,,,,,,,,,,,,,,,,,,,,,,,,,614216,2022-04-23 13:00:00,2022
Adana Demirspor,,,,,,,,,,,,,,,,,,,,,,,,,,,,,Trabzonspor,,,,,,,,,,,,,,,,,,,,,,,,,,,,,614221,2022-04-23 17:30:00,2022
Yeni Malatyaspor,,,,,,,,,,,,,,,,,,,,,,,,,,,,,Konyaspor,,,,,,,,,,,,,,,,,,,,,,,,,,,,,614220,2022-04-24 13:00:00,2022
Istanbul Basaksehir,,,,,,,,,,,,,,,,,,,,,,,,,,,,,Hatayspor,,,,,,,,,,,,,,,,,,,,,,,,,,,,,614217,2022-04-24 13:00:00,2022
Altay Izmir,,,,,,,,,,,,,,,,,,,,,,,,,,,,,Galatasaray,,,,,,,,,,,,,,,,,,,,,,,,,,,,,614214,2022-04-24 17:30:00,2022
Antalyaspor,,,,,,,,,,,,,,,,,,,,,,,,,,,,,Kayserispor,,,,,,,,,,,,,,,,,,,,,,,,,,,,,614219,2022-04-24 17:30:00,2022
Sivasspor,,,,,,,,,,,,,,,,,,,,,,,,,,,,,Alanyaspor,,,,,,,,,,,,,,,,,,,,,,,,,,,,,614212,2022-04-25 17:30:00,2022
Besiktas,,,,,,,,,,,,,,,,,,,,,,,,,,,,,Kasimpasa,,,,,,,,,,,,,,,,,,,,,,,,,,,,,614218,2022-04-25 17:30:00,2022
Fenerbahce,,,,,,,,,,,,,,,,,,,,,,,,,,,,,Gaziantep FK,,,,,,,,,,,,,,,,,,,,,,,,,,,,,614208,2022-04-29 17:30:00,2022
Giresunspor,,,,,,,,,,,,,,,,,,,,,,,,,,,,,Adana Demirspor,,,,,,,,,,,,,,,,,,,,,,,,,,,,,614202,2022-04-29 17:30:00,2022
Kasimpasa,,,,,,,,,,,,,,,,,,,,,,,,,,,,,Istanbul Basaksehir,,,,,,,,,,,,,,,,,,,,,,,,,,,,,614209,2022-04-30 13:00:00,2022
Konyaspor,,,,,,,,,,,,,,,,,,,,,,,,,,,,,Fatih Karagümrük,,,,,,,,,,,,,,,,,,,,,,,,,,,,,614207,2022-04-30 13:00:00,2022
Trabzonspor,,,,,,,,,,,,,,,,,,,,,,,,,,,,,Antalyaspor,,,,,,,,,,,,,,,,,,,,,,,,,,,,,614204,2022-04-30 17:30:00,2022
Hatayspor,,,,,,,,,,,,,,,,,,,,,,,,,,,,,Altay Izmir,,,,,,,,,,,,,,,,,,,,,,,,,,,,,614203,2022-04-30 17:30:00,2022
Alanyaspor,,,,,,,,,,,,,,,,,,,,,,,,,,,,,Yeni Malatyaspor,,,,,,,,,,,,,,,,,,,,,,,,,,,,,614211,2022-05-01 13:00:00,2022
Kayserispor,,,,,,,,,,,,,,,,,,,,,,,,,,,,,Besiktas,,,,,,,,,,,,,,,,,,,,,,,,,,,,,614205,2022-05-01 13:00:00,2022
Galatasaray,,,,,,,,,,,,,,,,,,,,,,,,,,,,,Sivasspor,,,,,,,,,,,,,,,,,,,,,,,,,,,,,614210,2022-05-01 17:30:00,2022
Goztepe,,,,,,,,,,,,,,,,,,,,,,,,,,,,,Caykur Rizespor,,,,,,,,,,,,,,,,,,,,,,,,,,,,,614206,2022-05-01 17:30:00,2022
Gaziantep FK,,,,,,,,,,,,,,,,,,,,,,,,,,,,,Kayserispor,,,,,,,,,,,,,,,,,,,,,,,,,,,,,614199,2022-05-06 17:00:00,2022
Hatayspor,,,,,,,,,,,,,,,,,,,,,,,,,,,,,Trabzonspor,,,,,,,,,,,,,,,,,,,,,,,,,,,,,614201,2022-05-06 17:00:00,2022
Fatih Karagümrük,,,,,,,,,,,,,,,,,,,,,,,,,,,,,Goztepe,,,,,,,,,,,,,,,,,,,,,,,,,,,,,614197,2022-05-07 13:00:00,2022
Sivasspor,,,,,,,,,,,,,,,,,,,,,,,,,,,,,Kasimpasa,,,,,,,,,,,,,,,,,,,,,,,,,,,,,614198,2022-05-07 13:00:00,2022
Adana Demirspor,,,,,,,,,,,,,,,,,,,,,,,,,,,,,Alanyaspor,,,,,,,,,,,,,,,,,,,,,,,,,,,,,614192,2022-05-07 16:00:00,2022
Istanbul Basaksehir,,,,,,,,,,,,,,,,,,,,,,,,,,,,,Galatasaray,,,,,,,,,,,,,,,,,,,,,,,,,,,,,614195,2022-05-07 16:00:00,2022
Yeni Malatyaspor,,,,,,,,,,,,,,,,,,,,,,,,,,,,,Caykur Rizespor,,,,,,,,,,,,,,,,,,,,,,,,,,,,,614193,2022-05-08 13:00:00,2022
Altay Izmir,,,,,,,,,,,,,,,,,,,,,,,,,,,,,Giresunspor,,,,,,,,,,,,,,,,,,,,,,,,,,,,,614196,2022-05-08 13:00:00,2022
Besiktas,,,,,,,,,,,,,,,,,,,,,,,,,,,,,Fenerbahce,,,,,,,,,,,,,,,,,,,,,,,,,,,,,614194,2022-05-08 16:00:00,2022
Antalyaspor,,,,,,,,,,,,,,,,,,,,,,,,,,,,,Konyaspor,,,,,,,,,,,,,,,,,,,,,,,,,,,,,614200,2022-05-09 17:00:00,2022
Kayserispor,,,,,,,,,,,,,,,,,,,,,,,,,,,,,Yeni Malatyaspor,,,,,,,,,,,,,,,,,,,,,,,,,,,,,614191,2022-05-14 16:00:00,2022
Trabzonspor,,,,,,,,,,,,,,,,,,,,,,,,,,,,,Altay Izmir,,,,,,,,,,,,,,,,,,,,,,,,,,,,,614183,2022-05-15 13:00:00,2022
Goztepe,,,,,,,,,,,,,,,,,,,,,,,,,,,,,Besiktas,,,,,,,,,,,,,,,,,,,,,,,,,,,,,614185,2022-05-15 13:00:00,2022
Giresunspor,,,,,,,,,,,,,,,,,,,,,,,,,,,,,Istanbul Basaksehir,,,,,,,,,,,,,,,,,,,,,,,,,,,,,614189,2022-05-15 16:00:00,2022
Konyaspor,,,,,,,,,,,,,,,,,,,,,,,,,,,,,Hatayspor,,,,,,,,,,,,,,,,,,,,,,,,,,,,,614188,2022-05-15 16:00:00,2022
Alanyaspor,,,,,,,,,,,,,,,,,,,,,,,,,,,,,Gaziantep FK,,,,,,,,,,,,,,,,,,,,,,,,,,,,,614187,2022-05-15 16:00:00,2022
Kasimpasa,,,,,,,,,,,,,,,,,,,,,,,,,,,,,Antalyaspor,,,,,,,,,,,,,,,,,,,,,,,,,,,,,614184,2022-05-15 16:00:00,2022
Fenerbahce,,,,,,,,,,,,,,,,,,,,,,,,,,,,,Fatih Karagümrük,,,,,,,,,,,,,,,,,,,,,,,,,,,,,614186,2022-05-15 16:00:00,2022
Caykur Rizespor,,,,,,,,,,,,,,,,,,,,,,,,,,,,,Sivasspor,,,,,,,,,,,,,,,,,,,,,,,,,,,,,614190,2022-05-16 17:00:00,2022
Galatasaray,,,,,,,,,,,,,,,,,,,,,,,,,,,,,Adana Demirspor,,,,,,,,,,,,,,,,,,,,,,,,,,,,,614182,2022-05-16 17:00:00,2022
Gaziantep FK,,,,,,,,,,,,,,,,,,,,,,,,,,,,,Caykur Rizespor,,,,,,,,,,,,,,,,,,,,,,,,,,,,,614173,2022-05-20 17:00:00,2022
Antalyaspor,,,,,,,,,,,,,,,,,,,,,,,,,,,,,Galatasaray,,,,,,,,,,,,,,,,,,,,,,,,,,,,,614175,2022-05-20 17:00:00,2022
Sivasspor,,,,,,,,,,,,,,,,,,,,,,,,,,,,,Kayserispor,,,,,,,,,,,,,,,,,,,,,,,,,,,,,614179,2022-05-21 13:00:00,2022
Altay Izmir,,,,,,,,,,,,,,,,,,,,,,,,,,,,,Kasimpasa,,,,,,,,,,,,,,,,,,,,,,,,,,,,,614178,2022-05-21 13:00:00,2022
Yeni Malatyaspor,,,,,,,,,,,,,,,,,,,,,,,,,,,,,Fenerbahce,,,,,,,,,,,,,,,,,,,,,,,,,,,,,614174,2022-05-21 16:00:00,2022
Besiktas,,,,,,,,,,,,,,,,,,,,,,,,,,,,,Konyaspor,,,,,,,,,,,,,,,,,,,,,,,,,,,,,614180,2022-05-21 16:00:00,2022
Istanbul Basaksehir,,,,,,,,,,,,,,,,,,,,,,,,,,,,,Trabzonspor,,,,,,,,,,,,,,,,,,,,,,,,,,,,,614181,2022-05-22 13:00:00,2022
Fatih Karagümrük,,,,,,,,,,,,,,,,,,,,,,,,,,,,,Alanyaspor,,,,,,,,,,,,,,,,,,,,,,,,,,,,,614172,2022-05-22 13:00:00,2022
Adana Demirspor,,,,,,,,,,,,,,,,,,,,,,,,,,,,,Goztepe,,,,,,,,,,,,,,,,,,,,,,,,,,,,,614177,2022-05-22 16:00:00,2022
Hatayspor,,,,,,,,,,,,,,,,,,,,,,,,,,,,,Giresunspor,,,,,,,,,,,,,,,,,,,,,,,,,,,,,614176,2022-05-22 16:00:00,2022
Istanbulspor,,,,,,,,,,,,,,,,,,,,,,,,,,,,,Trabzonspor,,,,,,,,,,,,,,,,,,,,,,,,,,,,,645897,2022-08-05 18:00:00,2022
Sivasspor,,,,,,,,,,,,,,,,,,,,,,,,,,,,,Gaziantep FK,,,,,,,,,,,,,,,,,,,,,,,,,,,,,645893,2022-08-06 16:15:00,2022
Besiktas,,,,,,,,,,,,,,,,,,,,,,,,,,,,,Kayserispor,,,,,,,,,,,,,,,,,,,,,,,,,,,,,645892,2022-08-06 18:45:00,2022
Giresunspor,,,,,,,,,,,,,,,,,,,,,,,,,,,,,Adana Demirspor,,,,,,,,,,,,,,,,,,,,,,,,,,,,,645895,2022-08-07 16:15:00,2022
Fatih Karagümrük,,,,,,,,,,,,,,,,,,,,,,,,,,,,,Alanyaspor,,,,,,,,,,,,,,,,,,,,,,,,,,,,,645894,2022-08-07 16:15:00,2022
Antalyaspor,,,,,,,,,,,,,,,,,,,,,,,,,,,,,Galatasaray,,,,,,,,,,,,,,,,,,,,,,,,,,,,,645891,2022-08-07 18:45:00,2022
Istanbul Basaksehir,,,,,,,,,,,,,,,,,,,,,,,,,,,,,Kasimpasa,,,,,,,,,,,,,,,,,,,,,,,,,,,,,645896,2022-08-08 16:15:00,2022
Ankaragucu,,,,,,,,,,,,,,,,,,,,,,,,,,,,,Konyaspor,,,,,,,,,,,,,,,,,,,,,,,,,,,,,645890,2022-08-08 18:45:00,2022
Fenerbahce,,,,,,,,,,,,,,,,,,,,,,,,,,,,,Umraniyespor,,,,,,,,,,,,,,,,,,,,,,,,,,,,,645898,2022-08-08 18:45:00,2022
Trabzonspor,,,,,,,,,,,,,,,,,,,,,,,,,,,,,Hatayspor,,,,,,,,,,,,,,,,,,,,,,,,,,,,,645906,2022-08-12 18:00:00,2022
Kayserispor,,,,,,,,,,,,,,,,,,,,,,,,,,,,,Istanbulspor,,,,,,,,,,,,,,,,,,,,,,,,,,,,,645904,2022-08-13 16:15:00,2022
Adana Demirspor,,,,,,,,,,,,,,,,,,,,,,,,,,,,,Sivasspor,,,,,,,,,,,,,,,,,,,,,,,,,,,,,645899,2022-08-13 18:45:00,2022
Galatasaray,,,,,,,,,,,,,,,,,,,,,,,,,,,,,Giresunspor,,,,,,,,,,,,,,,,,,,,,,,,,,,,,645901,2022-08-13 18:45:00,2022
Gaziantep FK,,,,,,,,,,,,,,,,,,,,,,,,,,,,,Ankaragucu,,,,,,,,,,,,,,,,,,,,,,,,,,,,,645902,2022-08-14 16:15:00,2022
Umraniyespor,,,,,,,,,,,,,,,,,,,,,,,,,,,,,Antalyaspor,,,,,,,,,,,,,,,,,,,,,,,,,,,,,645907,2022-08-14 16:15:00,2022
Alanyaspor,,,,,,,,,,,,,,,,,,,,,,,,,,,,,Besiktas,,,,,,,,,,,,,,,,,,,,,,,,,,,,,645900,2022-08-14 18:45:00,2022
Konyaspor,,,,,,,,,,,,,,,,,,,,,,,,,,,,,Istanbul Basaksehir,,,,,,,,,,,,,,,,,,,,,,,,,,,,,645905,2022-08-15 16:15:00,2022
Kasimpasa,,,,,,,,,,,,,,,,,,,,,,,,,,,,,Fenerbahce,,,,,,,,,,,,,,,,,,,,,,,,,,,,,645903,2022-08-15 18:45:00,2022
Umraniyespor,,,,,,,,,,,,,,,,,,,,,,,,,,,,,Galatasaray,,,,,,,,,,,,,,,,,,,,,,,,,,,,,645916,2022-08-19 18:00:00,2022
Giresunspor,,,,,,,,,,,,,,,,,,,,,,,,,,,,,Kasimpasa,,,,,,,,,,,,,,,,,,,,,,,,,,,,,645911,2022-08-20 16:15:00,2022
Hatayspor,,,,,,,,,,,,,,,,,,,,,,,,,,,,,Gaziantep FK,,,,,,,,,,,,,,,,,,,,,,,,,,,,,645912,2022-08-20 16:15:00,2022
Antalyaspor,,,,,,,,,,,,,,,,,,,,,,,,,,,,,Trabzonspor,,,,,,,,,,,,,,,,,,,,,,,,,,,,,645908,2022-08-20 18:45:00,2022
Istanbul Basaksehir,,,,,,,,,,,,,,,,,,,,,,,,,,,,,Kayserispor,,,,,,,,,,,,,,,,,,,,,,,,,,,,,645913,2022-08-21 16:15:00,2022
Besiktas,,,,,,,,,,,,,,,,,,,,,,,,,,,,,Fatih Karagümrük,,,,,,,,,,,,,,,,,,,,,,,,,,,,,645909,2022-08-21 18:45:00,2022
Sivasspor,,,,,,,,,,,,,,,,,,,,,,,,,,,,,Alanyaspor,,,,,,,,,,,,,,,,,,,,,,,,,,,,,645915,2022-08-22 16:15:00,2022
Istanbulspor,,,,,,,,,,,,,,,,,,,,,,,,,,,,,Konyaspor,,,,,,,,,,,,,,,,,,,,,,,,,,,,,645914,2022-08-22 16:15:00,2022
Fenerbahce,,,,,,,,,,,,,,,,,,,,,,,,,,,,,Adana Demirspor,,,,,,,,,,,,,,,,,,,,,,,,,,,,,645910,2022-08-22 18:45:00,2022
Gaziantep FK,,,,,,,,,,,,,,,,,,,,,,,,,,,,,Antalyaspor,,,,,,,,,,,,,,,,,,,,,,,,,,,,,645921,2022-08-26 18:00:00,2022
Fatih Karagümrük,,,,,,,,,,,,,,,,,,,,,,,,,,,,,Ankaragucu,,,,,,,,,,,,,,,,,,,,,,,,,,,,,645920,2022-08-27 16:15:00,2022
Adana Demirspor,,,,,,,,,,,,,,,,,,,,,,,,,,,,,Umraniyespor,,,,,,,,,,,,,,,,,,,,,,,,,,,,,645917,2022-08-27 18:45:00,2022
Alanyaspor,,,,,,,,,,,,,,,,,,,,,,,,,,,,,Istanbulspor,,,,,,,,,,,,,,,,,,,,,,,,,,,,,645918,2022-08-27 18:45:00,2022
Kayserispor,,,,,,,,,,,,,,,,,,,,,,,,,,,,,Giresunspor,,,,,,,,,,,,,,,,,,,,,,,,,,,,,645923,2022-08-28 16:15:00,2022
Kasimpasa,,,,,,,,,,,,,,,,,,,,,,,,,,,,,Hatayspor,,,,,,,,,,,,,,,,,,,,,,,,,,,,,645922,2022-08-28 16:15:00,2022
Trabzonspor,,,,,,,,,,,,,,,,,,,,,,,,,,,,,Galatasaray,,,,,,,,,,,,,,,,,,,,,,,,,,,,,645925,2022-08-28 18:45:00,2022
Konyaspor,,,,,,,,,,,,,,,,,,,,,,,,,,,,,Fenerbahce,,,,,,,,,,,,,,,,,,,,,,,,,,,,,645924,2022-08-29 16:15:00,2022
Besiktas,,,,,,,,,,,,,,,,,,,,,,,,,,,,,Sivasspor,,,,,,,,,,,,,,,,,,,,,,,,,,,,,645919,2022-08-29 18:45:00,2022
Umraniyespor,,,,,,,,,,,,,,,,,,,,,,,,,,,,,Trabzonspor,,,,,,,,,,,,,,,,,,,,,,,,,,,,,645934,2022-09-02 18:00:00,2022
Sivasspor,,,,,,,,,,,,,,,,,,,,,,,,,,,,,Fatih Karagümrük,,,,,,,,,,,,,,,,,,,,,,,,,,,,,645933,2022-09-03 16:15:00,2022
Istanbul Basaksehir,,,,,,,,,,,,,,,,,,,,,,,,,,,,,Alanyaspor,,,,,,,,,,,,,,,,,,,,,,,,,,,,,645932,2022-09-03 16:15:00,2022
Giresunspor,,,,,,,,,,,,,,,,,,,,,,,,,,,,,Konyaspor,,,,,,,,,,,,,,,,,,,,,,,,,,,,,645930,2022-09-03 18:45:00,2022
Fenerbahce,,,,,,,,,,,,,,,,,,,,,,,,,,,,,Kayserispor,,,,,,,,,,,,,,,,,,,,,,,,,,,,,645928,2022-09-03 18:45:00,2022
Hatayspor,,,,,,,,,,,,,,,,,,,,,,,,,,,,,Adana Demirspor,,,,,,,,,,,,,,,,,,,,,,,,,,,,,645931,2022-09-04 16:15:00,2022
Ankaragucu,,,,,,,,,,,,,,,,,,,,,,,,,,,,,Besiktas,,,,,,,,,,,,,,,,,,,,,,,,,,,,,645926,2022-09-04 18:45:00,2022
Antalyaspor,,,,,,,,,,,,,,,,,,,,,,,,,,,,,Kasimpasa,,,,,,,,,,,,,,,,,,,,,,,,,,,,,645927,2022-09-04 18:45:00,2022
Galatasaray,,,,,,,,,,,,,,,,,,,,,,,,,,,,,Gaziantep FK,,,,,,,,,,,,,,,,,,,,,,,,,,,,,645929,2022-09-05 18:00:00,2022
Alanyaspor,,,,,,,,,,,,,,,,,,,,,,,,,,,,,Ankaragucu,,,,,,,,,,,,,,,,,,,,,,,,,,,,,645936,2022-09-09 17:00:00,2022
Konyaspor,,,,,,,,,,,,,,,,,,,,,,,,,,,,,Hatayspor,,,,,,,,,,,,,,,,,,,,,,,,,,,,,645942,2022-09-10 14:00:00,2022
Fatih Karagümrük,,,,,,,,,,,,,,,,,,,,,,,,,,,,,Giresunspor,,,,,,,,,,,,,,,,,,,,,,,,,,,,,645938,2022-09-10 17:00:00,2022
Sivasspor,,,,,,,,,,,,,,,,,,,,,,,,,,,,,Istanbulspor,,,,,,,,,,,,,,,,,,,,,,,,,,,,,645943,2022-09-11 14:00:00,2022
Kasimpasa,,,,,,,,,,,,,,,,,,,,,,,,,,,,,Galatasaray,,,,,,,,,,,,,,,,,,,,,,,,,,,,,645940,2022-09-11 17:00:00,2022
Kayserispor,,,,,,,,,,,,,,,,,,,,,,,,,,,,,Antalyaspor,,,,,,,,,,,,,,,,,,,,,,,,,,,,,645941,2022-09-11 17:00:00,2022
Gaziantep FK,,,,,,,,,,,,,,,,,,,,,,,,,,,,,Umraniyespor,,,,,,,,,,,,,,,,,,,,,,,,,,,,,645939,2022-09-11 17:00:00,2022
Besiktas,,,,,,,,,,,,,,,,,,,,,,,,,,,,,Istanbul Basaksehir,,,,,,,,,,,,,,,,,,,,,,,,,,,,,645937,2022-09-12 16:00:00,2022
Adana Demirspor,,,,,,,,,,,,,,,,,,,,,,,,,,,,,Trabzonspor,,,,,,,,,,,,,,,,,,,,,,,,,,,,,645935,2022-09-12 18:30:00,2022
Galatasaray,,,,,,,,,,,,,,,,,,,,,,,,,,,,,Konyaspor,,,,,,,,,,,,,,,,,,,,,,,,,,,,,645947,2022-09-16 17:00:00,2022
Hatayspor,,,,,,,,,,,,,,,,,,,,,,,,,,,,,Kayserispor,,,,,,,,,,,,,,,,,,,,,,,,,,,,,645952,2022-09-16 17:00:00,2022
Umraniyespor,,,,,,,,,,,,,,,,,,,,,,,,,,,,,Kasimpasa,,,,,,,,,,,,,,,,,,,,,,,,,,,,,645951,2022-09-17 14:00:00,2022
Istanbulspor,,,,,,,,,,,,,,,,,,,,,,,,,,,,,Besiktas,,,,,,,,,,,,,,,,,,,,,,,,,,,,,645950,2022-09-17 17:00:00,2022
Antalyaspor,,,,,,,,,,,,,,,,,,,,,,,,,,,,,Adana Demirspor,,,,,,,,,,,,,,,,,,,,,,,,,,,,,645945,2022-09-17 17:00:00,2022
Trabzonspor,,,,,,,,,,,,,,,,,,,,,,,,,,,,,Gaziantep FK,,,,,,,,,,,,,,,,,,,,,,,,,,,,,645948,2022-09-18 14:00:00,2022
Istanbul Basaksehir,,,,,,,,,,,,,,,,,,,,,,,,,,,,,Fatih Karagümrük,,,,,,,,,,,,,,,,,,,,,,,,,,,,,645949,2022-09-18 14:00:00,2022
Ankaragucu,,,,,,,,,,,,,,,,,,,,,,,,,,,,,Sivasspor,,,,,,,,,,,,,,,,,,,,,,,,,,,,,645944,2022-09-18 17:00:00,2022
Fenerbahce,,,,,,,,,,,,,,,,,,,,,,,,,,,,,Alanyaspor,,,,,,,,,,,,,,,,,,,,,,,,,,,,,645946,2022-09-18 17:00:00,2022
Kasimpasa,,,,,,,,,,,,,,,,,,,,,,,,,,,,,Gaziantep FK,,,,,,,,,,,,,,,,,,,,,,,,,,,,,645958,2022-10-01 11:30:00,2022
Kayserispor,,,,,,,,,,,,,,,,,,,,,,,,,,,,,Trabzonspor,,,,,,,,,,,,,,,,,,,,,,,,,,,,,645959,2022-10-01 14:00:00,2022
Ankaragucu,,,,,,,,,,,,,,,,,,,,,,,,,,,,,Istanbul Basaksehir,,,,,,,,,,,,,,,,,,,,,,,,,,,,,645955,2022-10-01 14:00:00,2022
Adana Demirspor,,,,,,,,,,,,,,,,,,,,,,,,,,,,,Galatasaray,,,,,,,,,,,,,,,,,,,,,,,,,,,,,645961,2022-10-01 17:00:00,2022
Alanyaspor,,,,,,,,,,,,,,,,,,,,,,,,,,,,,Giresunspor,,,,,,,,,,,,,,,,,,,,,,,,,,,,,645954,2022-10-02 11:30:00,2022
Sivasspor,,,,,,,,,,,,,,,,,,,,,,,,,,,,,Hatayspor,,,,,,,,,,,,,,,,,,,,,,,,,,,,,645957,2022-10-02 11:30:00,2022
Konyaspor,,,,,,,,,,,,,,,,,,,,,,,,,,,,,Umraniyespor,,,,,,,,,,,,,,,,,,,,,,,,,,,,,645960,2022-10-02 14:00:00,2022
Besiktas,,,,,,,,,,,,,,,,,,,,,,,,,,,,,Fenerbahce,,,,,,,,,,,,,,,,,,,,,,,,,,,,,645956,2022-10-02 17:00:00,2022
Fatih Karagümrük,,,,,,,,,,,,,,,,,,,,,,,,,,,,,Istanbulspor,,,,,,,,,,,,,,,,,,,,,,,,,,,,,645953,2022-10-03 17:00:00,2022
Gaziantep FK,,,,,,,,,,,,,,,,,,,,,,,,,,,,,Adana Demirspor,,,,,,,,,,,,,,,,,,,,,,,,,,,,,645964,2022-10-07 17:00:00,2022
Istanbulspor,,,,,,,,,,,,,,,,,,,,,,,,,,,,,Ankaragucu,,,,,,,,,,,,,,,,,,,,,,,,,,,,,645968,2022-10-08 11:30:00,2022
Antalyaspor,,,,,,,,,,,,,,,,,,,,,,,,,,,,,Konyaspor,,,,,,,,,,,,,,,,,,,,,,,,,,,,,645962,2022-10-08 14:00:00,2022
Giresunspor,,,,,,,,,,,,,,,,,,,,,,,,,,,,,Besiktas,,,,,,,,,,,,,,,,,,,,,,,,,,,,,645965,2022-10-08 17:00:00,2022
Umraniyespor,,,,,,,,,,,,,,,,,,,,,,,,,,,,,Kayserispor,,,,,,,,,,,,,,,,,,,,,,,,,,,,,645970,2022-10-09 11:30:00,2022
Hatayspor,,,,,,,,,,,,,,,,,,,,,,,,,,,,,Alanyaspor,,,,,,,,,,,,,,,,,,,,,,,,,,,,,645966,2022-10-09 14:00:00,2022
Fenerbahce,,,,,,,,,,,,,,,,,,,,,,,,,,,,,Fatih Karagümrük,,,,,,,,,,,,,,,,,,,,,,,,,,,,,645963,2022-10-09 17:00:00,2022
Trabzonspor,,,,,,,,,,,,,,,,,,,,,,,,,,,,,Kasimpasa,,,,,,,,,,,,,,,,,,,,,,,,,,,,,645969,2022-10-10 17:00:00,2022
Istanbul Basaksehir,,,,,,,,,,,,,,,,,,,,,,,,,,,,,Sivasspor,,,,,,,,,,,,,,,,,,,,,,,,,,,,,645967,2022-10-10 17:00:00,2022
Alanyaspor,,,,,,,,,,,,,,,,,,,,,,,,,,,,,Antalyaspor,,,,,,,,,,,,,,,,,,,,,,,,,,,,,645971,2022-10-14 17:00:00,2022
Fatih Karagümrük,,,,,,,,,,,,,,,,,,,,,,,,,,,,,Hatayspor,,,,,,,,,,,,,,,,,,,,,,,,,,,,,645974,2022-10-15 11:30:00,2022
Kasimpasa,,,,,,,,,,,,,,,,,,,,,,,,,,,,,Adana Demirspor,,,,,,,,,,,,,,,,,,,,,,,,,,,,,645976,2022-10-15 14:00:00,2022
Kayserispor,,,,,,,,,,,,,,,,,,,,,,,,,,,,,Galatasaray,,,,,,,,,,,,,,,,,,,,,,,,,,,,,645977,2022-10-15 17:00:00,2022
Konyaspor,,,,,,,,,,,,,,,,,,,,,,,,,,,,,Gaziantep FK,,,,,,,,,,,,,,,,,,,,,,,,,,,,,645978,2022-10-15 17:00:00,2022
Istanbul Basaksehir,,,,,,,,,,,,,,,,,,,,,,,,,,,,,Istanbulspor,,,,,,,,,,,,,,,,,,,,,,,,,,,,,645975,2022-10-16 14:00:00,2022
Besiktas,,,,,,,,,,,,,,,,,,,,,,,,,,,,,Trabzonspor,,,,,,,,,,,,,,,,,,,,,,,,,,,,,645973,2022-10-16 17:00:00,2022
Sivasspor,,,,,,,,,,,,,,,,,,,,,,,,,,,,,Giresunspor,,,,,,,,,,,,,,,,,,,,,,,,,,,,,645979,2022-10-17 17:00:00,2022
Ankaragucu,,,,,,,,,,,,,,,,,,,,,,,,,,,,,Fenerbahce,,,,,,,,,,,,,,,,,,,,,,,,,,,,,645972,2022-10-17 17:00:00,2022
Antalyaspor,,,,,,,,,,,,,,,,,,,,,,,,,,,,,Istanbulspor,,,,,,,,,,,,,,,,,,,,,,,,,,,,,645981,2022-10-21 17:00:00,2022
Umraniyespor,,,,,,,,,,,,,,,,,,,,,,,,,,,,,Fatih Karagümrük,,,,,,,,,,,,,,,,,,,,,,,,,,,,,645988,2022-10-22 11:30:00,2022
Trabzonspor,,,,,,,,,,,,,,,,,,,,,,,,,,,,,Sivasspor,,,,,,,,,,,,,,,,,,,,,,,,,,,,,645987,2022-10-22 14:00:00,2022
Fenerbahce,,,,,,,,,,,,,,,,,,,,,,,,,,,,,Istanbul Basaksehir,,,,,,,,,,,,,,,,,,,,,,,,,,,,,645982,2022-10-22 17:00:00,2022
Kasimpasa,,,,,,,,,,,,,,,,,,,,,,,,,,,,,Kayserispor,,,,,,,,,,,,,,,,,,,,,,,,,,,,,645986,2022-10-23 11:30:00,2022
Adana Demirspor,,,,,,,,,,,,,,,,,,,,,,,,,,,,,Konyaspor,,,,,,,,,,,,,,,,,,,,,,,,,,,,,645980,2022-10-23 14:00:00,2022
Galatasaray,,,,,,,,,,,,,,,,,,,,,,,,,,,,,Alanyaspor,,,,,,,,,,,,,,,,,,,,,,,,,,,,,645983,2022-10-23 17:00:00,2022
Hatayspor,,,,,,,,,,,,,,,,,,,,,,,,,,,,,Besiktas,,,,,,,,,,,,,,,,,,,,,,,,,,,,,645985,2022-10-24 17:00:00,2022
Giresunspor,,,,,,,,,,,,,,,,,,,,,,,,,,,,,Ankaragucu,,,,,,,,,,,,,,,,,,,,,,,,,,,,,645984,2022-10-24 17:00:00,2022
Fatih Karagümrük,,,,,,,,,,,,,,,,,,,,,,,,,,,,,Galatasaray,,,,,,,,,,,,,,,,,,,,,,,,,,,,,645992,2022-10-28 17:00:00,2022
Konyaspor,,,,,,,,,,,,,,,,,,,,,,,,,,,,,Kasimpasa,,,,,,,,,,,,,,,,,,,,,,,,,,,,,645996,2022-10-29 11:30:00,2022
Alanyaspor,,,,,,,,,,,,,,,,,,,,,,,,,,,,,Gaziantep FK,,,,,,,,,,,,,,,,,,,,,,,,,,,,,645989,2022-10-29 17:00:00,2022
Ankaragucu,,,,,,,,,,,,,,,,,,,,,,,,,,,,,Hatayspor,,,,,,,,,,,,,,,,,,,,,,,,,,,,,645990,2022-10-30 11:30:00,2022
Besiktas,,,,,,,,,,,,,,,,,,,,,,,,,,,,,Umraniyespor,,,,,,,,,,,,,,,,,,,,,,,,,,,,,645993,2022-10-30 14:00:00,2022
Kayserispor,,,,,,,,,,,,,,,,,,,,,,,,,,,,,Adana Demirspor,,,,,,,,,,,,,,,,,,,,,,,,,,,,,645995,2022-10-30 14:00:00,2022
Istanbulspor,,,,,,,,,,,,,,,,,,,,,,,,,,,,,Fenerbahce,,,,,,,,,,,,,,,,,,,,,,,,,,,,,645994,2022-10-30 17:00:00,2022
Istanbul Basaksehir,,,,,,,,,,,,,,,,,,,,,,,,,,,,,Giresunspor,,,,,,,,,,,,,,,,,,,,,,,,,,,,,645997,2022-10-31 17:00:00,2022
Sivasspor,,,,,,,,,,,,,,,,,,,,,,,,,,,,,Antalyaspor,,,,,,,,,,,,,,,,,,,,,,,,,,,,,645991,2022-10-31 17:00:00,2022
Umraniyespor,,,,,,,,,,,,,,,,,,,,,,,,,,,,,Alanyaspor,,,,,,,,,,,,,,,,,,,,,,,,,,,,,646002,2022-11-04 17:00:00,2022
Kasimpasa,,,,,,,,,,,,,,,,,,,,,,,,,,,,,Ankaragucu,,,,,,,,,,,,,,,,,,,,,,,,,,,,,646000,2022-11-04 17:00:00,2022
Giresunspor,,,,,,,,,,,,,,,,,,,,,,,,,,,,,Istanbulspor,,,,,,,,,,,,,,,,,,,,,,,,,,,,,645998,2022-11-05 11:30:00,2022
Galatasaray,,,,,,,,,,,,,,,,,,,,,,,,,,,,,Besiktas,,,,,,,,,,,,,,,,,,,,,,,,,,,,,646006,2022-11-05 17:00:00,2022
Gaziantep FK,,,,,,,,,,,,,,,,,,,,,,,,,,,,,Kayserispor,,,,,,,,,,,,,,,,,,,,,,,,,,,,,646003,2022-11-06 11:30:00,2022
Antalyaspor,,,,,,,,,,,,,,,,,,,,,,,,,,,,,Fatih Karagümrük,,,,,,,,,,,,,,,,,,,,,,,,,,,,,646004,2022-11-06 14:00:00,2022
Trabzonspor,,,,,,,,,,,,,,,,,,,,,,,,,,,,,Konyaspor,,,,,,,,,,,,,,,,,,,,,,,,,,,,,646005,2022-11-06 17:00:00,2022
Fenerbahce,,,,,,,,,,,,,,,,,,,,,,,,,,,,,Sivasspor,,,,,,,,,,,,,,,,,,,,,,,,,,,,,646001,2022-11-07 17:00:00,2022
Hatayspor,,,,,,,,,,,,,,,,,,,,,,,,,,,,,Istanbul Basaksehir,,,,,,,,,,,,,,,,,,,,,,,,,,,,,645999,2022-11-07 17:00:00,2022
Ankaragucu,,,,,,,,,,,,,,,,,,,,,,,,,,,,,Trabzonspor,,,,,,,,,,,,,,,,,,,,,,,,,,,,,646012,2022-11-11 17:00:00,2022
Alanyaspor,,,,,,,,,,,,,,,,,,,,,,,,,,,,,Adana Demirspor,,,,,,,,,,,,,,,,,,,,,,,,,,,,,646009,2022-11-11 17:00:00,2022
Sivasspor,,,,,,,,,,,,,,,,,,,,,,,,,,,,,Umraniyespor,,,,,,,,,,,,,,,,,,,,,,,,,,,,,646015,2022-11-12 11:30:00,2022
Fenerbahce,,,,,,,,,,,,,,,,,,,,,,,,,,,,,Giresunspor,,,,,,,,,,,,,,,,,,,,,,,,,,,,,646007,2022-11-12 14:00:00,2022
Istanbul Basaksehir,,,,,,,,,,,,,,,,,,,,,,,,,,,,,Galatasaray,,,,,,,,,,,,,,,,,,,,,,,,,,,,,646008,2022-11-12 17:00:00,2022
Fatih Karagümrük,,,,,,,,,,,,,,,,,,,,,,,,,,,,,Gaziantep FK,,,,,,,,,,,,,,,,,,,,,,,,,,,,,646014,2022-11-13 11:30:00,2022
Kayserispor,,,,,,,,,,,,,,,,,,,,,,,,,,,,,Konyaspor,,,,,,,,,,,,,,,,,,,,,,,,,,,,,646010,2022-11-13 14:00:00,2022
Istanbulspor,,,,,,,,,,,,,,,,,,,,,,,,,,,,,Hatayspor,,,,,,,,,,,,,,,,,,,,,,,,,,,,,646013,2022-11-13 14:00:00,2022
Umraniyespor,,,,,,,,,,,,,,,,,,,,,,,,,,,,,Istanbul Basaksehir,,,,,,,,,,,,,,,,,,,,,,,,,,,,,646024,2022-12-23 17:00:00,2022
Antalyaspor,,,,,,,,,,,,,,,,,,,,,,,,,,,,,Ankaragucu,,,,,,,,,,,,,,,,,,,,,,,,,,,,,646019,2022-12-23 17:00:00,2022
Hatayspor,,,,,,,,,,,,,,,,,,,,,,,,,,,,,Giresunspor,,,,,,,,,,,,,,,,,,,,,,,,,,,,,646020,2022-12-24 10:30:00,2022
Kasimpasa,,,,,,,,,,,,,,,,,,,,,,,,,,,,,Sivasspor,,,,,,,,,,,,,,,,,,,,,,,,,,,,,646023,2022-12-24 13:00:00,2022
Trabzonspor,,,,,,,,,,,,,,,,,,,,,,,,,,,,,Fenerbahce,,,,,,,,,,,,,,,,,,,,,,,,,,,,,646021,2022-12-24 16:00:00,2022
Adana Demirspor,,,,,,,,,,,,,,,,,,,,,,,,,,,,,Fatih Karagümrük,,,,,,,,,,,,,,,,,,,,,,,,,,,,,646016,2022-12-25 10:30:00,2022
Konyaspor,,,,,,,,,,,,,,,,,,,,,,,,,,,,,Alanyaspor,,,,,,,,,,,,,,,,,,,,,,,,,,,,,646022,2022-12-25 13:00:00,2022
Gaziantep FK,,,,,,,,,,,,,,,,,,,,,,,,,,,,,Besiktas,,,,,,,,,,,,,,,,,,,,,,,,,,,,,646017,2022-12-25 13:00:00,2022
Galatasaray,,,,,,,,,,,,,,,,,,,,,,,,,,,,,Istanbulspor,,,,,,,,,,,,,,,,,,,,,,,,,,,,,646018,2022-12-25 16:00:00,2022
Istanbul Basaksehir,,,,,,,,,,,,,,,,,,,,,,,,,,,,,Antalyaspor,,,,,,,,,,,,,,,,,,,,,,,,,,,,,646031,2022-12-27 14:00:00,2022
Ankaragucu,,,,,,,,,,,,,,,,,,,,,,,,,,,,,Umraniyespor,,,,,,,,,,,,,,,,,,,,,,,,,,,,,646026,2022-12-27 14:00:00,2022
Fenerbahce,,,,,,,,,,,,,,,,,,,,,,,,,,,,,Hatayspor,,,,,,,,,,,,,,,,,,,,,,,,,,,,,646033,2022-12-27 17:00:00,2022
Istanbulspor,,,,,,,,,,,,,,,,,,,,,,,,,,,,,Kasimpasa,,,,,,,,,,,,,,,,,,,,,,,,,,,,,646032,2022-12-28 14:00:00,2022
Alanyaspor,,,,,,,,,,,,,,,,,,,,,,,,,,,,,Kayserispor,,,,,,,,,,,,,,,,,,,,,,,,,,,,,646025,2022-12-28 14:00:00,2022
Fatih Karagümrük,,,,,,,,,,,,,,,,,,,,,,,,,,,,,Trabzonspor,,,,,,,,,,,,,,,,,,,,,,,,,,,,,646028,2022-12-28 17:00:00,2022
Giresunspor,,,,,,,,,,,,,,,,,,,,,,,,,,,,,Gaziantep FK,,,,,,,,,,,,,,,,,,,,,,,,,,,,,646030,2022-12-29 14:00:00,2022
Sivasspor,,,,,,,,,,,,,,,,,,,,,,,,,,,,,Galatasaray,,,,,,,,,,,,,,,,,,,,,,,,,,,,,646027,2022-12-29 14:00:00,2022
Besiktas,,,,,,,,,,,,,,,,,,,,,,,,,,,,,Adana Demirspor,,,,,,,,,,,,,,,,,,,,,,,,,,,,,646029,2022-12-29 17:00:00,2022
Umraniyespor,,,,,,,,,,,,,,,,,,,,,,,,,,,,,Hatayspor,,,,,,,,,,,,,,,,,,,,,,,,,,,,,646042,2023-01-03 14:00:00,2023
Antalyaspor,,,,,,,,,,,,,,,,,,,,,,,,,,,,,Fenerbahce,,,,,,,,,,,,,,,,,,,,,,,,,,,,,646035,2023-01-03 17:00:00,2023
Kayserispor,,,,,,,,,,,,,,,,,,,,,,,,,,,,,Fatih Karagümrük,,,,,,,,,,,,,,,,,,,,,,,,,,,,,646039,2023-01-04 14:00:00,2023
Kasimpasa,,,,,,,,,,,,,,,,,,,,,,,,,,,,,Alanyaspor,,,,,,,,,,,,,,,,,,,,,,,,,,,,,646038,2023-01-04 14:00:00,2023
Galatasaray,,,,,,,,,,,,,,,,,,,,,,,,,,,,,Ankaragucu,,,,,,,,,,,,,,,,,,,,,,,,,,,,,646036,2023-01-04 17:00:00,2023
Konyaspor,,,,,,,,,,,,,,,,,,,,,,,,,,,,,Sivasspor,,,,,,,,,,,,,,,,,,,,,,,,,,,,,646040,2023-01-04 17:00:00,2023
Gaziantep FK,,,,,,,,,,,,,,,,,,,,,,,,,,,,,Istanbul Basaksehir,,,,,,,,,,,,,,,,,,,,,,,,,,,,,646037,2023-01-05 14:00:00,2023
Adana Demirspor,,,,,,,,,,,,,,,,,,,,,,,,,,,,,Istanbulspor,,,,,,,,,,,,,,,,,,,,,,,,,,,,,646034,2023-01-05 17:00:00,2023
Trabzonspor,,,,,,,,,,,,,,,,,,,,,,,,,,,,,Giresunspor,,,,,,,,,,,,,,,,,,,,,,,,,,,,,646041,2023-01-05 17:00:00,2023
Hatayspor,,,,,,,,,,,,,,,,,,,,,,,,,,,,,Antalyaspor,,,,,,,,,,,,,,,,,,,,,,,,,,,,,646049,2023-01-07 13:00:00,2023
Besiktas,,,,,,,,,,,,,,,,,,,,,,,,,,,,,Kasimpasa,,,,,,,,,,,,,,,,,,,,,,,,,,,,,646045,2023-01-07 16:00:00,2023
Fatih Karagümrük,,,,,,,,,,,,,,,,,,,,,,,,,,,,,Konyaspor,,,,,,,,,,,,,,,,,,,,,,,,,,,,,646046,2023-01-08 10:30:00,2023
Giresunspor,,,,,,,,,,,,,,,,,,,,,,,,,,,,,Umraniyespor,,,,,,,,,,,,,,,,,,,,,,,,,,,,,646048,2023-01-08 13:00:00,2023
Ankaragucu,,,,,,,,,,,,,,,,,,,,,,,,,,,,,Kayserispor,,,,,,,,,,,,,,,,,,,,,,,,,,,,,646044,2023-01-08 13:00:00,2023
Fenerbahce,,,,,,,,,,,,,,,,,,,,,,,,,,,,,Galatasaray,,,,,,,,,,,,,,,,,,,,,,,,,,,,,646047,2023-01-08 16:00:00,2023
Istanbul Basaksehir,,,,,,,,,,,,,,,,,,,,,,,,,,,,,Adana Demirspor,,,,,,,,,,,,,,,,,,,,,,,,,,,,,646050,2023-01-09 14:00:00,2023
Alanyaspor,,,,,,,,,,,,,,,,,,,,,,,,,,,,,Trabzonspor,,,,,,,,,,,,,,,,,,,,,,,,,,,,,646043,2023-01-09 17:00:00,2023
Istanbulspor,,,,,,,,,,,,,,,,,,,,,,,,,,,,,Gaziantep FK,,,,,,,,,,,,,,,,,,,,,,,,,,,,,646051,2023-01-09 17:00:00,2023
Kayserispor,,,,,,,,,,,,,,,,,,,,,,,,,,,,,Sivasspor,,,,,,,,,,,,,,,,,,,,,,,,,,,,,646057,2023-01-13 16:00:00,2023
Galatasaray,,,,,,,,,,,,,,,,,,,,,,,,,,,,,Hatayspor,,,,,,,,,,,,,,,,,,,,,,,,,,,,,646054,2023-01-13 17:00:00,2023
Antalyaspor,,,,,,,,,,,,,,,,,,,,,,,,,,,,,Giresunspor,,,,,,,,,,,,,,,,,,,,,,,,,,,,,646053,2023-01-14 10:30:00,2023
Adana Demirspor,,,,,,,,,,,,,,,,,,,,,,,,,,,,,Ankaragucu,,,,,,,,,,,,,,,,,,,,,,,,,,,,,646052,2023-01-14 13:00:00,2023
Konyaspor,,,,,,,,,,,,,,,,,,,,,,,,,,,,,Besiktas,,,,,,,,,,,,,,,,,,,,,,,,,,,,,646058,2023-01-14 13:00:00,2023
Trabzonspor,,,,,,,,,,,,,,,,,,,,,,,,,,,,,Istanbul Basaksehir,,,,,,,,,,,,,,,,,,,,,,,,,,,,,646056,2023-01-14 16:00:00,2023
Umraniyespor,,,,,,,,,,,,,,,,,,,,,,,,,,,,,Istanbulspor,,,,,,,,,,,,,,,,,,,,,,,,,,,,,646059,2023-01-15 10:30:00,2023
Kasimpasa,,,,,,,,,,,,,,,,,,,,,,,,,,,,,Fatih Karagümrük,,,,,,,,,,,,,,,,,,,,,,,,,,,,,646060,2023-01-15 13:00:00,2023
Gaziantep FK,,,,,,,,,,,,,,,,,,,,,,,,,,,,,Fenerbahce,,,,,,,,,,,,,,,,,,,,,,,,,,,,,646055,2023-01-15 16:00:00,2023
Adana Demirspor,,,,,,,,,,,,,,,,,,,,,,,,,,,,,Giresunspor,,,,,,,,,,,,,,,,,,,,,,,,,,,,,646061,2023-01-20 17:00:00,2023
Kasimpasa,,,,,,,,,,,,,,,,,,,,,,,,,,,,,Istanbul Basaksehir,,,,,,,,,,,,,,,,,,,,,,,,,,,,,646065,2023-01-21 13:00:00,2023
Galatasaray,,,,,,,,,,,,,,,,,,,,,,,,,,,,,Antalyaspor,,,,,,,,,,,,,,,,,,,,,,,,,,,,,646063,2023-01-21 16:00:00,2023
Gaziantep FK,,,,,,,,,,,,,,,,,,,,,,,,,,,,,Sivasspor,,,,,,,,,,,,,,,,,,,,,,,,,,,,,646064,2023-01-22 10:30:00,2023
Alanyaspor,,,,,,,,,,,,,,,,,,,,,,,,,,,,,Fatih Karagümrük,,,,,,,,,,,,,,,,,,,,,,,,,,,,,646062,2023-01-22 13:00:00,2023
Kayserispor,,,,,,,,,,,,,,,,,,,,,,,,,,,,,Besiktas,,,,,,,,,,,,,,,,,,,,,,,,,,,,,646066,2023-01-22 13:00:00,2023
Trabzonspor,,,,,,,,,,,,,,,,,,,,,,,,,,,,,Istanbulspor,,,,,,,,,,,,,,,,,,,,,,,,,,,,,646068,2023-01-22 16:00:00,2023
Umraniyespor,,,,,,,,,,,,,,,,,,,,,,,,,,,,,Fenerbahce,,,,,,,,,,,,,,,,,,,,,,,,,,,,,646069,2023-01-23 17:00:00,2023
Konyaspor,,,,,,,,,,,,,,,,,,,,,,,,,,,,,Ankaragucu,,,,,,,,,,,,,,,,,,,,,,,,,,,,,646067,2023-01-23 17:00:00,2023
Besiktas,,,,,,,,,,,,,,,,,,,,,,,,,,,,,Alanyaspor,,,,,,,,,,,,,,,,,,,,,,,,,,,,,646078,2023-01-27 17:00:00,2023
Sivasspor,,,,,,,,,,,,,,,,,,,,,,,,,,,,,Adana Demirspor,,,,,,,,,,,,,,,,,,,,,,,,,,,,,646076,2023-01-28 10:30:00,2023
Hatayspor,,,,,,,,,,,,,,,,,,,,,,,,,,,,,Trabzonspor,,,,,,,,,,,,,,,,,,,,,,,,,,,,,646075,2023-01-28 13:00:00,2023
Ankaragucu,,,,,,,,,,,,,,,,,,,,,,,,,,,,,Gaziantep FK,,,,,,,,,,,,,,,,,,,,,,,,,,,,,646070,2023-01-28 13:00:00,2023
Giresunspor,,,,,,,,,,,,,,,,,,,,,,,,,,,,,Galatasaray,,,,,,,,,,,,,,,,,,,,,,,,,,,,,646072,2023-01-28 16:00:00,2023
Antalyaspor,,,,,,,,,,,,,,,,,,,,,,,,,,,,,Umraniyespor,,,,,,,,,,,,,,,,,,,,,,,,,,,,,646071,2023-01-28 16:00:00,2023
Istanbulspor,,,,,,,,,,,,,,,,,,,,,,,,,,,,,Kayserispor,,,,,,,,,,,,,,,,,,,,,,,,,,,,,646073,2023-01-29 10:30:00,2023
Fenerbahce,,,,,,,,,,,,,,,,,,,,,,,,,,,,,Kasimpasa,,,,,,,,,,,,,,,,,,,,,,,,,,,,,646077,2023-01-29 16:00:00,2023
Istanbul Basaksehir,,,,,,,,,,,,,,,,,,,,,,,,,,,,,Konyaspor,,,,,,,,,,,,,,,,,,,,,,,,,,,,,646074,2023-01-29 16:00:00,2023
Alanyaspor,,,,,,,,,,,,,,,,,,,,,,,,,,,,,Sivasspor,,,,,,,,,,,,,,,,,,,,,,,,,,,,,646083,2023-01-31 14:00:00,2023
Fatih Karagümrük,,,,,,,,,,,,,,,,,,,,,,,,,,,,,Besiktas,,,,,,,,,,,,,,,,,,,,,,,,,,,,,646086,2023-01-31 17:00:00,2023
Gaziantep FK,,,,,,,,,,,,,,,,,,,,,,,,,,,,,Hatayspor,,,,,,,,,,,,,,,,,,,,,,,,,,,,,646081,2023-02-01 14:00:00,2023
Kasimpasa,,,,,,,,,,,,,,,,,,,,,,,,,,,,,Giresunspor,,,,,,,,,,,,,,,,,,,,,,,,,,,,,646082,2023-02-01 14:00:00,2023
Trabzonspor,,,,,,,,,,,,,,,,,,,,,,,,,,,,,Antalyaspor,,,,,,,,,,,,,,,,,,,,,,,,,,,,,646085,2023-02-01 17:00:00,2023
Galatasaray,,,,,,,,,,,,,,,,,,,,,,,,,,,,,Umraniyespor,,,,,,,,,,,,,,,,,,,,,,,,,,,,,646079,2023-02-01 17:00:00,2023
Konyaspor,,,,,,,,,,,,,,,,,,,,,,,,,,,,,Istanbulspor,,,,,,,,,,,,,,,,,,,,,,,,,,,,,646084,2023-02-02 14:00:00,2023
Kayserispor,,,,,,,,,,,,,,,,,,,,,,,,,,,,,Istanbul Basaksehir,,,,,,,,,,,,,,,,,,,,,,,,,,,,,646087,2023-02-02 14:00:00,2023
Adana Demirspor,,,,,,,,,,,,,,,,,,,,,,,,,,,,,Fenerbahce,,,,,,,,,,,,,,,,,,,,,,,,,,,,,646080,2023-02-02 17:00:00,2023
Ankaragucu,,,,,,,,,,,,,,,,,,,,,,,,,,,,,Fatih Karagümrük,,,,,,,,,,,,,,,,,,,,,,,,,,,,,646088,2023-02-04 10:30:00,2023
Sivasspor,,,,,,,,,,,,,,,,,,,,,,,,,,,,,Besiktas,,,,,,,,,,,,,,,,,,,,,,,,,,,,,646089,2023-02-04 13:00:00,2023
Antalyaspor,,,,,,,,,,,,,,,,,,,,,,,,,,,,,Gaziantep FK,,,,,,,,,,,,,,,,,,,,,,,,,,,,,646095,2023-02-04 16:00:00,2023
Istanbulspor,,,,,,,,,,,,,,,,,,,,,,,,,,,,,Alanyaspor,,,,,,,,,,,,,,,,,,,,,,,,,,,,,646090,2023-02-05 10:30:00,2023
Hatayspor,,,,,,,,,,,,,,,,,,,,,,,,,,,,,Kasimpasa,,,,,,,,,,,,,,,,,,,,,,,,,,,,,646091,2023-02-05 13:00:00,2023
Galatasaray,,,,,,,,,,,,,,,,,,,,,,,,,,,,,Trabzonspor,,,,,,,,,,,,,,,,,,,,,,,,,,,,,646093,2023-02-05 16:00:00,2023
Fenerbahce,,,,,,,,,,,,,,,,,,,,,,,,,,,,,Konyaspor,,,,,,,,,,,,,,,,,,,,,,,,,,,,,646094,2023-02-25 16:00:00,2023
Giresunspor,,,,,,,,,,,,,,,,,,,,,,,,,,,,,Kayserispor,,,,,,,,,,,,,,,,,,,,,,,,,,,,,646092,2023-02-25 16:00:00,2023
Umraniyespor,,,,,,,,,,,,,,,,,,,,,,,,,,,,,Adana Demirspor,,,,,,,,,,,,,,,,,,,,,,,,,,,,,646096,2023-02-26 13:00:00,2023
Besiktas,,,,,,,,,,,,,,,,,,,,,,,,,,,,,Antalyaspor,,,,,,,,,,,,,,,,,,,,,,,,,,,,,646011,2023-02-26 16:00:00,2023
Alanyaspor,,,,,,,,,,,,,,,,,,,,,,,,,,,,,Istanbul Basaksehir,,,,,,,,,,,,,,,,,,,,,,,,,,,,,646103,2023-03-03 17:00:00,2023
Fatih Karagümrük,,,,,,,,,,,,,,,,,,,,,,,,,,,,,Sivasspor,,,,,,,,,,,,,,,,,,,,,,,,,,,,,646104,2023-03-04 10:30:00,2023
Trabzonspor,,,,,,,,,,,,,,,,,,,,,,,,,,,,,Umraniyespor,,,,,,,,,,,,,,,,,,,,,,,,,,,,,646100,2023-03-04 13:00:00,2023
Kayserispor,,,,,,,,,,,,,,,,,,,,,,,,,,,,,Fenerbahce,,,,,,,,,,,,,,,,,,,,,,,,,,,,,646098,2023-03-04 16:00:00,2023
Konyaspor,,,,,,,,,,,,,,,,,,,,,,,,,,,,,Giresunspor,,,,,,,,,,,,,,,,,,,,,,,,,,,,,646099,2023-03-05 13:00:00,2023
Besiktas,,,,,,,,,,,,,,,,,,,,,,,,,,,,,Ankaragucu,,,,,,,,,,,,,,,,,,,,,,,,,,,,,646105,2023-03-05 16:00:00,2023
Adana Demirspor,,,,,,,,,,,,,,,,,,,,,,,,,,,,,Hatayspor,,,,,,,,,,,,,,,,,,,,,,,,,,,,,646102,2023-03-05 16:00:00,2023
Gaziantep FK,,,,,,,,,,,,,,,,,,,,,,,,,,,,,Galatasaray,,,,,,,,,,,,,,,,,,,,,,,,,,,,,646101,2023-03-05 16:00:00,2023
Kasimpasa,,,,,,,,,,,,,,,,,,,,,,,,,,,,,Antalyaspor,,,,,,,,,,,,,,,,,,,,,,,,,,,,,646097,2023-03-06 17:00:00,2023
Giresunspor,,,,,,,,,,,,,,,,,,,,,,,,,,,,,Fatih Karagümrük,,,,,,,,,,,,,,,,,,,,,,,,,,,,,646113,2023-03-10 17:00:00,2023
Antalyaspor,,,,,,,,,,,,,,,,,,,,,,,,,,,,,Kayserispor,,,,,,,,,,,,,,,,,,,,,,,,,,,,,646107,2023-03-11 13:00:00,2023
Galatasaray,,,,,,,,,,,,,,,,,,,,,,,,,,,,,Kasimpasa,,,,,,,,,,,,,,,,,,,,,,,,,,,,,646110,2023-03-11 16:00:00,2023
Ankaragucu,,,,,,,,,,,,,,,,,,,,,,,,,,,,,Alanyaspor,,,,,,,,,,,,,,,,,,,,,,,,,,,,,646106,2023-03-12 10:30:00,2023
Trabzonspor,,,,,,,,,,,,,,,,,,,,,,,,,,,,,Adana Demirspor,,,,,,,,,,,,,,,,,,,,,,,,,,,,,646109,2023-03-12 13:00:00,2023
Istanbul Basaksehir,,,,,,,,,,,,,,,,,,,,,,,,,,,,,Besiktas,,,,,,,,,,,,,,,,,,,,,,,,,,,,,646111,2023-03-12 16:00:00,2023
Umraniyespor,,,,,,,,,,,,,,,,,,,,,,,,,,,,,Gaziantep FK,,,,,,,,,,,,,,,,,,,,,,,,,,,,,646108,2023-03-12 16:00:00,2023
Hatayspor,,,,,,,,,,,,,,,,,,,,,,,,,,,,,Konyaspor,,,,,,,,,,,,,,,,,,,,,,,,,,,,,646112,2023-03-12 16:00:00,2023
Istanbulspor,,,,,,,,,,,,,,,,,,,,,,,,,,,,,Sivasspor,,,,,,,,,,,,,,,,,,,,,,,,,,,,,646114,2023-03-13 17:00:00,2023
Konyaspor,,,,,,,,,,,,,,,,,,,,,,,,,,,,,Galatasaray,,,,,,,,,,,,,,,,,,,,,,,,,,,,,646115,2023-03-17 17:00:00,2023
Kasimpasa,,,,,,,,,,,,,,,,,,,,,,,,,,,,,Umraniyespor,,,,,,,,,,,,,,,,,,,,,,,,,,,,,646121,2023-03-18 10:30:00,2023
Adana Demirspor,,,,,,,,,,,,,,,,,,,,,,,,,,,,,Antalyaspor,,,,,,,,,,,,,,,,,,,,,,,,,,,,,646122,2023-03-18 13:00:00,2023
Besiktas,,,,,,,,,,,,,,,,,,,,,,,,,,,,,Istanbulspor,,,,,,,,,,,,,,,,,,,,,,,,,,,,,646117,2023-03-18 16:00:00,2023
Sivasspor,,,,,,,,,,,,,,,,,,,,,,,,,,,,,Ankaragucu,,,,,,,,,,,,,,,,,,,,,,,,,,,,,646119,2023-03-19 13:00:00,2023
Fatih Karagümrük,,,,,,,,,,,,,,,,,,,,,,,,,,,,,Istanbul Basaksehir,,,,,,,,,,,,,,,,,,,,,,,,,,,,,646118,2023-03-19 13:00:00,2023
Gaziantep FK,,,,,,,,,,,,,,,,,,,,,,,,,,,,,Trabzonspor,,,,,,,,,,,,,,,,,,,,,,,,,,,,,646123,2023-03-19 16:00:00,2023
Alanyaspor,,,,,,,,,,,,,,,,,,,,,,,,,,,,,Fenerbahce,,,,,,,,,,,,,,,,,,,,,,,,,,,,,646116,2023-03-19 16:00:00,2023
Kayserispor,,,,,,,,,,,,,,,,,,,,,,,,,,,,,Hatayspor,,,,,,,,,,,,,,,,,,,,,,,,,,,,,646120,2023-03-19 16:00:00,2023
Istanbul Basaksehir,,,,,,,,,,,,,,,,,,,,,,,,,,,,,Ankaragucu,,,,,,,,,,,,,,,,,,,,,,,,,,,,,646129,2023-04-01 13:00:00,2023
Trabzonspor,,,,,,,,,,,,,,,,,,,,,,,,,,,,,Kayserispor,,,,,,,,,,,,,,,,,,,,,,,,,,,,,646131,2023-04-01 13:00:00,2023
Galatasaray,,,,,,,,,,,,,,,,,,,,,,,,,,,,,Adana Demirspor,,,,,,,,,,,,,,,,,,,,,,,,,,,,,646125,2023-04-01 17:30:00,2023
Umraniyespor,,,,,,,,,,,,,,,,,,,,,,,,,,,,,Konyaspor,,,,,,,,,,,,,,,,,,,,,,,,,,,,,646132,2023-04-02 10:30:00,2023
Giresunspor,,,,,,,,,,,,,,,,,,,,,,,,,,,,,Alanyaspor,,,,,,,,,,,,,,,,,,,,,,,,,,,,,646127,2023-04-02 13:00:00,2023
Hatayspor,,,,,,,,,,,,,,,,,,,,,,,,,,,,,Sivasspor,,,,,,,,,,,,,,,,,,,,,,,,,,,,,646128,2023-04-02 16:00:00,2023
Gaziantep FK,,,,,,,,,,,,,,,,,,,,,,,,,,,,,Kasimpasa,,,,,,,,,,,,,,,,,,,,,,,,,,,,,646126,2023-04-02 16:00:00,2023
Fenerbahce,,,,,,,,,,,,,,,,,,,,,,,,,,,,,Besiktas,,,,,,,,,,,,,,,,,,,,,,,,,,,,,646124,2023-04-02 17:30:00,2023
Istanbulspor,,,,,,,,,,,,,,,,,,,,,,,,,,,,,Fatih Karagümrük,,,,,,,,,,,,,,,,,,,,,,,,,,,,,646130,2023-04-03 17:30:00,2023
Konyaspor,,,,,,,,,,,,,,,,,,,,,,,,,,,,,Antalyaspor,,,,,,,,,,,,,,,,,,,,,,,,,,,,,646140,2023-04-07 17:30:00,2023
Ankaragucu,,,,,,,,,,,,,,,,,,,,,,,,,,,,,Istanbulspor,,,,,,,,,,,,,,,,,,,,,,,,,,,,,646135,2023-04-08 13:00:00,2023
Kasimpasa,,,,,,,,,,,,,,,,,,,,,,,,,,,,,Trabzonspor,,,,,,,,,,,,,,,,,,,,,,,,,,,,,646138,2023-04-08 17:30:00,2023
Sivasspor,,,,,,,,,,,,,,,,,,,,,,,,,,,,,Istanbul Basaksehir,,,,,,,,,,,,,,,,,,,,,,,,,,,,,646141,2023-04-09 13:00:00,2023
Adana Demirspor,,,,,,,,,,,,,,,,,,,,,,,,,,,,,Gaziantep FK,,,,,,,,,,,,,,,,,,,,,,,,,,,,,646133,2023-04-09 16:00:00,2023
Alanyaspor,,,,,,,,,,,,,,,,,,,,,,,,,,,,,Hatayspor,,,,,,,,,,,,,,,,,,,,,,,,,,,,,646134,2023-04-09 16:00:00,2023
Besiktas,,,,,,,,,,,,,,,,,,,,,,,,,,,,,Giresunspor,,,,,,,,,,,,,,,,,,,,,,,,,,,,,646136,2023-04-09 17:30:00,2023
Kayserispor,,,,,,,,,,,,,,,,,,,,,,,,,,,,,Umraniyespor,,,,,,,,,,,,,,,,,,,,,,,,,,,,,646139,2023-04-10 13:00:00,2023
Fatih Karagümrük,,,,,,,,,,,,,,,,,,,,,,,,,,,,,Fenerbahce,,,,,,,,,,,,,,,,,,,,,,,,,,,,,646137,2023-04-10 17:30:00,2023
Galatasaray,,,,,,,,,,,,,,,,,,,,,,,,,,,,,Kayserispor,,,,,,,,,,,,,,,,,,,,,,,,,,,,,646145,2023-04-14 17:30:00,2023
Antalyaspor,,,,,,,,,,,,,,,,,,,,,,,,,,,,,Alanyaspor,,,,,,,,,,,,,,,,,,,,,,,,,,,,,646143,2023-04-14 17:30:00,2023
Istanbulspor,,,,,,,,,,,,,,,,,,,,,,,,,,,,,Istanbul Basaksehir,,,,,,,,,,,,,,,,,,,,,,,,,,,,,646146,2023-04-15 13:00:00,2023
Adana Demirspor,,,,,,,,,,,,,,,,,,,,,,,,,,,,,Kasimpasa,,,,,,,,,,,,,,,,,,,,,,,,,,,,,646142,2023-04-15 13:00:00,2023
Gaziantep FK,,,,,,,,,,,,,,,,,,,,,,,,,,,,,Konyaspor,,,,,,,,,,,,,,,,,,,,,,,,,,,,,646150,2023-04-15 16:00:00,2023
Hatayspor,,,,,,,,,,,,,,,,,,,,,,,,,,,,,Fatih Karagümrük,,,,,,,,,,,,,,,,,,,,,,,,,,,,,646148,2023-04-15 16:00:00,2023
Fenerbahce,,,,,,,,,,,,,,,,,,,,,,,,,,,,,Ankaragucu,,,,,,,,,,,,,,,,,,,,,,,,,,,,,646144,2023-04-15 17:30:00,2023
Giresunspor,,,,,,,,,,,,,,,,,,,,,,,,,,,,,Sivasspor,,,,,,,,,,,,,,,,,,,,,,,,,,,,,646147,2023-04-16 13:00:00,2023
Trabzonspor,,,,,,,,,,,,,,,,,,,,,,,,,,,,,Besiktas,,,,,,,,,,,,,,,,,,,,,,,,,,,,,646149,2023-04-16 17:30:00,2023
Alanyaspor,,,,,,,,,,,,,,,,,,,,,,,,,,,,,Galatasaray,,,,,,,,,,,,,,,,,,,,,,,,,,,,,646152,2023-04-18 17:30:00,2023
Fatih Karagümrük,,,,,,,,,,,,,,,,,,,,,,,,,,,,,Umraniyespor,,,,,,,,,,,,,,,,,,,,,,,,,,,,,646155,2023-04-18 17:30:00,2023
Istanbulspor,,,,,,,,,,,,,,,,,,,,,,,,,,,,,Antalyaspor,,,,,,,,,,,,,,,,,,,,,,,,,,,,,646154,2023-04-19 14:00:00,2023
Kayserispor,,,,,,,,,,,,,,,,,,,,,,,,,,,,,Kasimpasa,,,,,,,,,,,,,,,,,,,,,,,,,,,,,646159,2023-04-19 14:00:00,2023
Besiktas,,,,,,,,,,,,,,,,,,,,,,,,,,,,,Hatayspor,,,,,,,,,,,,,,,,,,,,,,,,,,,,,646158,2023-04-19 16:00:00,2023
Istanbul Basaksehir,,,,,,,,,,,,,,,,,,,,,,,,,,,,,Fenerbahce,,,,,,,,,,,,,,,,,,,,,,,,,,,,,646153,2023-04-19 17:30:00,2023
Konyaspor,,,,,,,,,,,,,,,,,,,,,,,,,,,,,Adana Demirspor,,,,,,,,,,,,,,,,,,,,,,,,,,,,,646156,2023-04-19 17:30:00,2023
Ankaragucu,,,,,,,,,,,,,,,,,,,,,,,,,,,,,Giresunspor,,,,,,,,,,,,,,,,,,,,,,,,,,,,,646151,2023-04-20 14:00:00,2023
Sivasspor,,,,,,,,,,,,,,,,,,,,,,,,,,,,,Trabzonspor,,,,,,,,,,,,,,,,,,,,,,,,,,,,,646157,2023-04-20 17:30:00,2023
Umraniyespor,,,,,,,,,,,,,,,,,,,,,,,,,,,,,Besiktas,,,,,,,,,,,,,,,,,,,,,,,,,,,,,646164,2023-04-22 16:00:00,2023
Kasimpasa,,,,,,,,,,,,,,,,,,,,,,,,,,,,,Konyaspor,,,,,,,,,,,,,,,,,,,,,,,,,,,,,646167,2023-04-23 10:30:00,2023
Adana Demirspor,,,,,,,,,,,,,,,,,,,,,,,,,,,,,Kayserispor,,,,,,,,,,,,,,,,,,,,,,,,,,,,,646168,2023-04-23 13:00:00,2023
Gaziantep FK,,,,,,,,,,,,,,,,,,,,,,,,,,,,,Alanyaspor,,,,,,,,,,,,,,,,,,,,,,,,,,,,,646160,2023-04-23 16:00:00,2023
Hatayspor,,,,,,,,,,,,,,,,,,,,,,,,,,,,,Ankaragucu,,,,,,,,,,,,,,,,,,,,,,,,,,,,,646166,2023-04-23 16:00:00,2023
Galatasaray,,,,,,,,,,,,,,,,,,,,,,,,,,,,,Fatih Karagümrük,,,,,,,,,,,,,,,,,,,,,,,,,,,,,646163,2023-04-23 16:00:00,2023
Giresunspor,,,,,,,,,,,,,,,,,,,,,,,,,,,,,Istanbul Basaksehir,,,,,,,,,,,,,,,,,,,,,,,,,,,,,646165,2023-04-24 14:00:00,2023
Antalyaspor,,,,,,,,,,,,,,,,,,,,,,,,,,,,,Sivasspor,,,,,,,,,,,,,,,,,,,,,,,,,,,,,646161,2023-04-24 17:00:00,2023
Fenerbahce,,,,,,,,,,,,,,,,,,,,,,,,,,,,,Istanbulspor,,,,,,,,,,,,,,,,,,,,,,,,,,,,,646162,2023-04-24 17:00:00,2023
Alanyaspor,,,,,,,,,,,,,,,,,,,,,,,,,,,,,Umraniyespor,,,,,,,,,,,,,,,,,,,,,,,,,,,,,646175,2023-04-28 17:00:00,2023
Fatih Karagümrük,,,,,,,,,,,,,,,,,,,,,,,,,,,,,Antalyaspor,,,,,,,,,,,,,,,,,,,,,,,,,,,,,646169,2023-04-29 13:00:00,2023
Konyaspor,,,,,,,,,,,,,,,,,,,,,,,,,,,,,Trabzonspor,,,,,,,,,,,,,,,,,,,,,,,,,,,,,646172,2023-04-29 13:00:00,2023
Ankaragucu,,,,,,,,,,,,,,,,,,,,,,,,,,,,,Kasimpasa,,,,,,,,,,,,,,,,,,,,,,,,,,,,,646176,2023-04-29 16:00:00,2023
Sivasspor,,,,,,,,,,,,,,,,,,,,,,,,,,,,,Fenerbahce,,,,,,,,,,,,,,,,,,,,,,,,,,,,,646177,2023-04-29 16:00:00,2023
Besiktas,,,,,,,,,,,,,,,,,,,,,,,,,,,,,Galatasaray,,,,,,,,,,,,,,,,,,,,,,,,,,,,,646173,2023-04-30 16:00:00,2023
Istanbul Basaksehir,,,,,,,,,,,,,,,,,,,,,,,,,,,,,Hatayspor,,,,,,,,,,,,,,,,,,,,,,,,,,,,,646174,2023-04-30 16:00:00,2023
Kayserispor,,,,,,,,,,,,,,,,,,,,,,,,,,,,,Gaziantep FK,,,,,,,,,,,,,,,,,,,,,,,,,,,,,646171,2023-04-30 16:00:00,2023
Istanbulspor,,,,,,,,,,,,,,,,,,,,,,,,,,,,,Giresunspor,,,,,,,,,,,,,,,,,,,,,,,,,,,,,646170,2023-05-01 17:00:00,2023
Antalyaspor,,,,,,,,,,,,,,,,,,,,,,,,,,,,,Besiktas,,,,,,,,,,,,,,,,,,,,,,,,,,,,,646185,2023-05-06 16:00:00,2023
Adana Demirspor,,,,,,,,,,,,,,,,,,,,,,,,,,,,,Alanyaspor,,,,,,,,,,,,,,,,,,,,,,,,,,,,,646186,2023-05-06 18:00:00,2023
Umraniyespor,,,,,,,,,,,,,,,,,,,,,,,,,,,,,Sivasspor,,,,,,,,,,,,,,,,,,,,,,,,,,,,,646184,2023-05-07 10:30:00,2023
Konyaspor,,,,,,,,,,,,,,,,,,,,,,,,,,,,,Kayserispor,,,,,,,,,,,,,,,,,,,,,,,,,,,,,646182,2023-05-07 13:00:00,2023
Hatayspor,,,,,,,,,,,,,,,,,,,,,,,,,,,,,Istanbulspor,,,,,,,,,,,,,,,,,,,,,,,,,,,,,646181,2023-05-07 16:00:00,2023
Gaziantep FK,,,,,,,,,,,,,,,,,,,,,,,,,,,,,Fatih Karagümrük,,,,,,,,,,,,,,,,,,,,,,,,,,,,,646179,2023-05-07 16:00:00,2023
Giresunspor,,,,,,,,,,,,,,,,,,,,,,,,,,,,,Fenerbahce,,,,,,,,,,,,,,,,,,,,,,,,,,,,,646180,2023-05-07 16:00:00,2023
Trabzonspor,,,,,,,,,,,,,,,,,,,,,,,,,,,,,Ankaragucu,,,,,,,,,,,,,,,,,,,,,,,,,,,,,646183,2023-05-08 17:00:00,2023
Galatasaray,,,,,,,,,,,,,,,,,,,,,,,,,,,,,Istanbul Basaksehir,,,,,,,,,,,,,,,,,,,,,,,,,,,,,646178,2023-05-08 17:00:00,2023
Sivasspor,,,,,,,,,,,,,,,,,,,,,,,,,,,,,Kasimpasa,,,,,,,,,,,,,,,,,,,,,,,,,,,,,646195,2023-05-16 14:00:00,2023
Alanyaspor,,,,,,,,,,,,,,,,,,,,,,,,,,,,,Konyaspor,,,,,,,,,,,,,,,,,,,,,,,,,,,,,646187,2023-05-16 17:00:00,2023
Istanbulspor,,,,,,,,,,,,,,,,,,,,,,,,,,,,,Galatasaray,,,,,,,,,,,,,,,,,,,,,,,,,,,,,646191,2023-05-16 17:00:00,2023
Istanbul Basaksehir,,,,,,,,,,,,,,,,,,,,,,,,,,,,,Umraniyespor,,,,,,,,,,,,,,,,,,,,,,,,,,,,,646190,2023-05-17 14:00:00,2023
Giresunspor,,,,,,,,,,,,,,,,,,,,,,,,,,,,,Hatayspor,,,,,,,,,,,,,,,,,,,,,,,,,,,,,646189,2023-05-17 16:00:00,2023
Besiktas,,,,,,,,,,,,,,,,,,,,,,,,,,,,,Gaziantep FK,,,,,,,,,,,,,,,,,,,,,,,,,,,,,646193,2023-05-17 16:00:00,2023
Ankaragucu,,,,,,,,,,,,,,,,,,,,,,,,,,,,,Antalyaspor,,,,,,,,,,,,,,,,,,,,,,,,,,,,,646194,2023-05-17 17:00:00,2023
Fatih Karagümrük,,,,,,,,,,,,,,,,,,,,,,,,,,,,,Adana Demirspor,,,,,,,,,,,,,,,,,,,,,,,,,,,,,646192,2023-05-17 17:00:00,2023
Fenerbahce,,,,,,,,,,,,,,,,,,,,,,,,,,,,,Trabzonspor,,,,,,,,,,,,,,,,,,,,,,,,,,,,,646188,2023-05-18 17:00:00,2023
Kasimpasa,,,,,,,,,,,,,,,,,,,,,,,,,,,,,Istanbulspor,,,,,,,,,,,,,,,,,,,,,,,,,,,,,646201,2023-05-20 13:00:00,2023
Kayserispor,,,,,,,,,,,,,,,,,,,,,,,,,,,,,Alanyaspor,,,,,,,,,,,,,,,,,,,,,,,,,,,,,646202,2023-05-20 16:00:00,2023
Galatasaray,,,,,,,,,,,,,,,,,,,,,,,,,,,,,Sivasspor,,,,,,,,,,,,,,,,,,,,,,,,,,,,,646198,2023-05-20 16:00:00,2023
Umraniyespor,,,,,,,,,,,,,,,,,,,,,,,,,,,,,Ankaragucu,,,,,,,,,,,,,,,,,,,,,,,,,,,,,646199,2023-05-21 13:00:00,2023
Hatayspor,,,,,,,,,,,,,,,,,,,,,,,,,,,,,Fenerbahce,,,,,,,,,,,,,,,,,,,,,,,,,,,,,646204,2023-05-21 16:00:00,2023
Gaziantep FK,,,,,,,,,,,,,,,,,,,,,,,,,,,,,Giresunspor,,,,,,,,,,,,,,,,,,,,,,,,,,,,,646200,2023-05-21 16:00:00,2023
Adana Demirspor,,,,,,,,,,,,,,,,,,,,,,,,,,,,,Besiktas,,,,,,,,,,,,,,,,,,,,,,,,,,,,,646196,2023-05-21 16:00:00,2023
Antalyaspor,,,,,,,,,,,,,,,,,,,,,,,,,,,,,Istanbul Basaksehir,,,,,,,,,,,,,,,,,,,,,,,,,,,,,646197,2023-05-21 16:00:00,2023
Trabzonspor,,,,,,,,,,,,,,,,,,,,,,,,,,,,,Fatih Karagümrük,,,,,,,,,,,,,,,,,,,,,,,,,,,,,646203,2023-05-22 17:00:00,2023
Sivasspor,,,,,,,,,,,,,,,,,,,,,,,,,,,,,Konyaspor,,,,,,,,,,,,,,,,,,,,,,,,,,,,,646213,2023-05-30 17:00:00,2023
Alanyaspor,,,,,,,,,,,,,,,,,,,,,,,,,,,,,Kasimpasa,,,,,,,,,,,,,,,,,,,,,,,,,,,,,646205,2023-05-30 17:00:00,2023
Istanbulspor,,,,,,,,,,,,,,,,,,,,,,,,,,,,,Adana Demirspor,,,,,,,,,,,,,,,,,,,,,,,,,,,,,646212,2023-05-30 17:00:00,2023
Fatih Karagümrük,,,,,,,,,,,,,,,,,,,,,,,,,,,,,Kayserispor,,,,,,,,,,,,,,,,,,,,,,,,,,,,,646207,2023-05-30 17:00:00,2023
Hatayspor,,,,,,,,,,,,,,,,,,,,,,,,,,,,,Umraniyespor,,,,,,,,,,,,,,,,,,,,,,,,,,,,,646210,2023-05-30 17:00:00,2023
Giresunspor,,,,,,,,,,,,,,,,,,,,,,,,,,,,,Trabzonspor,,,,,,,,,,,,,,,,,,,,,,,,,,,,,646209,2023-05-30 17:00:00,2023
Fenerbahce,,,,,,,,,,,,,,,,,,,,,,,,,,,,,Antalyaspor,,,,,,,,,,,,,,,,,,,,,,,,,,,,,646208,2023-05-30 17:00:00,2023
Ankaragucu,,,,,,,,,,,,,,,,,,,,,,,,,,,,,Galatasaray,,,,,,,,,,,,,,,,,,,,,,,,,,,,,646206,2023-05-30 17:00:00,2023
Istanbul Basaksehir,,,,,,,,,,,,,,,,,,,,,,,,,,,,,Gaziantep FK,,,,,,,,,,,,,,,,,,,,,,,,,,,,,646211,2023-05-30 17:00:00,2023
Konyaspor,,,,,,,,,,,,,,,,,,,,,,,,,,,,,Fatih Karagümrük,,,,,,,,,,,,,,,,,,,,,,,,,,,,,646220,2023-06-03 13:00:00,2023
Umraniyespor,,,,,,,,,,,,,,,,,,,,,,,,,,,,,Giresunspor,,,,,,,,,,,,,,,,,,,,,,,,,,,,,646222,2023-06-03 16:00:00,2023
Kayserispor,,,,,,,,,,,,,,,,,,,,,,,,,,,,,Ankaragucu,,,,,,,,,,,,,,,,,,,,,,,,,,,,,646219,2023-06-03 16:00:00,2023
Adana Demirspor,,,,,,,,,,,,,,,,,,,,,,,,,,,,,Istanbul Basaksehir,,,,,,,,,,,,,,,,,,,,,,,,,,,,,646214,2023-06-03 16:00:00,2023
Kasimpasa,,,,,,,,,,,,,,,,,,,,,,,,,,,,,Besiktas,,,,,,,,,,,,,,,,,,,,,,,,,,,,,646218,2023-06-03 16:00:00,2023
Antalyaspor,,,,,,,,,,,,,,,,,,,,,,,,,,,,,Hatayspor,,,,,,,,,,,,,,,,,,,,,,,,,,,,,646215,2023-06-03 16:00:00,2023
Gaziantep FK,,,,,,,,,,,,,,,,,,,,,,,,,,,,,Istanbulspor,,,,,,,,,,,,,,,,,,,,,,,,,,,,,646217,2023-06-03 16:00:00,2023
Trabzonspor,,,,,,,,,,,,,,,,,,,,,,,,,,,,,Alanyaspor,,,,,,,,,,,,,,,,,,,,,,,,,,,,,646221,2023-06-03 16:00:00,2023
Galatasaray,,,,,,,,,,,,,,,,,,,,,,,,,,,,,Fenerbahce,,,,,,,,,,,,,,,,,,,,,,,,,,,,,646216,2023-06-04 16:00:00,2023
Fatih Karagümrük,,,,,,,,,,,,,,,,,,,,,,,,,,,,,Kasimpasa,,,,,,,,,,,,,,,,,,,,,,,,,,,,,646225,2023-06-06 14:00:00,2023
Sivasspor,,,,,,,,,,,,,,,,,,,,,,,,,,,,,Kayserispor,,,,,,,,,,,,,,,,,,,,,,,,,,,,,646231,2023-06-06 14:00:00,2023
Istanbul Basaksehir,,,,,,,,,,,,,,,,,,,,,,,,,,,,,Trabzonspor,,,,,,,,,,,,,,,,,,,,,,,,,,,,,646229,2023-06-06 17:00:00,2023
Fenerbahce,,,,,,,,,,,,,,,,,,,,,,,,,,,,,Gaziantep FK,,,,,,,,,,,,,,,,,,,,,,,,,,,,,646226,2023-06-07 13:00:00,2023
Hatayspor,,,,,,,,,,,,,,,,,,,,,,,,,,,,,Galatasaray,,,,,,,,,,,,,,,,,,,,,,,,,,,,,646228,2023-06-07 13:00:00,2023
Ankaragucu,,,,,,,,,,,,,,,,,,,,,,,,,,,,,Adana Demirspor,,,,,,,,,,,,,,,,,,,,,,,,,,,,,646223,2023-06-07 17:00:00,2023
Giresunspor,,,,,,,,,,,,,,,,,,,,,,,,,,,,,Antalyaspor,,,,,,,,,,,,,,,,,,,,,,,,,,,,,646227,2023-06-07 17:00:00,2023
Istanbulspor,,,,,,,,,,,,,,,,,,,,,,,,,,,,,Umraniyespor,,,,,,,,,,,,,,,,,,,,,,,,,,,,,646230,2023-06-07 17:00:00,2023
Besiktas,,,,,,,,,,,,,,,,,,,,,,,,,,,,,Konyaspor,,,,,,,,,,,,,,,,,,,,,,,,,,,,,646224,2023-06-07 17:00:00,2023
Trabzonspor,,,,,,,,,,,,,,,,,,,,,,,,,,,,,Antalyaspor,,,,,,,,,,,,,,,,,,,,,,,,,,,,,683137,2023-08-11 18:00:00,2023
Konyaspor,,,,,,,,,,,,,,,,,,,,,,,,,,,,,Istanbulspor,,,,,,,,,,,,,,,,,,,,,,,,,,,,,683134,2023-08-12 16:15:00,2023
Kasimpasa,,,,,,,,,,,,,,,,,,,,,,,,,,,,,Ankaragucu,,,,,,,,,,,,,,,,,,,,,,,,,,,,,683132,2023-08-12 16:15:00,2023
Pendikspor,,,,,,,,,,,,,,,,,,,,,,,,,,,,,Hatayspor,,,,,,,,,,,,,,,,,,,,,,,,,,,,,683135,2023-08-12 18:45:00,2023
Kayserispor,,,,,,,,,,,,,,,,,,,,,,,,,,,,,Galatasaray,,,,,,,,,,,,,,,,,,,,,,,,,,,,,683133,2023-08-12 18:45:00,2023
Sivasspor,,,,,,,,,,,,,,,,,,,,,,,,,,,,,Samsunspor,,,,,,,,,,,,,,,,,,,,,,,,,,,,,683136,2023-08-13 16:15:00,2023
Adana Demirspor,,,,,,,,,,,,,,,,,,,,,,,,,,,,,Caykur Rizespor,,,,,,,,,,,,,,,,,,,,,,,,,,,,,683128,2023-08-13 18:45:00,2023
Fenerbahce,,,,,,,,,,,,,,,,,,,,,,,,,,,,,Gaziantep FK,,,,,,,,,,,,,,,,,,,,,,,,,,,,,683131,2023-08-13 18:45:00,2023
Fatih Karagümrük,,,,,,,,,,,,,,,,,,,,,,,,,,,,,Besiktas,,,,,,,,,,,,,,,,,,,,,,,,,,,,,683130,2023-08-14 18:00:00,2023
Alanyaspor,,,,,,,,,,,,,,,,,,,,,,,,,,,,,Istanbul Basaksehir,,,,,,,,,,,,,,,,,,,,,,,,,,,,,683129,2023-08-14 18:00:00,2023
Antalyaspor,,,,,,,,,,,,,,,,,,,,,,,,,,,,,Konyaspor,,,,,,,,,,,,,,,,,,,,,,,,,,,,,683139,2023-08-18 18:00:00,2023
Istanbulspor,,,,,,,,,,,,,,,,,,,,,,,,,,,,,Kayserispor,,,,,,,,,,,,,,,,,,,,,,,,,,,,,683146,2023-08-18 18:00:00,2023
Caykur Rizespor,,,,,,,,,,,,,,,,,,,,,,,,,,,,,Alanyaspor,,,,,,,,,,,,,,,,,,,,,,,,,,,,,683141,2023-08-19 16:15:00,2023
Hatayspor,,,,,,,,,,,,,,,,,,,,,,,,,,,,,Kasimpasa,,,,,,,,,,,,,,,,,,,,,,,,,,,,,683144,2023-08-19 18:45:00,2023
Galatasaray,,,,,,,,,,,,,,,,,,,,,,,,,,,,,Trabzonspor,,,,,,,,,,,,,,,,,,,,,,,,,,,,,683142,2023-08-19 18:45:00,2023
Istanbul Basaksehir,,,,,,,,,,,,,,,,,,,,,,,,,,,,,Fatih Karagümrük,,,,,,,,,,,,,,,,,,,,,,,,,,,,,683145,2023-08-20 16:15:00,2023
Gaziantep FK,,,,,,,,,,,,,,,,,,,,,,,,,,,,,Sivasspor,,,,,,,,,,,,,,,,,,,,,,,,,,,,,683143,2023-08-20 18:45:00,2023
Besiktas,,,,,,,,,,,,,,,,,,,,,,,,,,,,,Pendikspor,,,,,,,,,,,,,,,,,,,,,,,,,,,,,683140,2023-08-20 18:45:00,2023
Samsunspor,,,,,,,,,,,,,,,,,,,,,,,,,,,,,Fenerbahce,,,,,,,,,,,,,,,,,,,,,,,,,,,,,683147,2023-08-21 18:00:00,2023
Ankaragucu,,,,,,,,,,,,,,,,,,,,,,,,,,,,,Adana Demirspor,,,,,,,,,,,,,,,,,,,,,,,,,,,,,683138,2023-08-21 18:00:00,2023
Konyaspor,,,,,,,,,,,,,,,,,,,,,,,,,,,,,Gaziantep FK,,,,,,,,,,,,,,,,,,,,,,,,,,,,,683155,2023-08-25 18:00:00,2023
Trabzonspor,,,,,,,,,,,,,,,,,,,,,,,,,,,,,Caykur Rizespor,,,,,,,,,,,,,,,,,,,,,,,,,,,,,683156,2023-08-26 16:15:00,2023
Kasimpasa,,,,,,,,,,,,,,,,,,,,,,,,,,,,,Pendikspor,,,,,,,,,,,,,,,,,,,,,,,,,,,,,683153,2023-08-26 16:15:00,2023
Sivasspor,,,,,,,,,,,,,,,,,,,,,,,,,,,,,Antalyaspor,,,,,,,,,,,,,,,,,,,,,,,,,,,,,683152,2023-08-26 18:45:00,2023
Fatih Karagümrük,,,,,,,,,,,,,,,,,,,,,,,,,,,,,Ankaragucu,,,,,,,,,,,,,,,,,,,,,,,,,,,,,683150,2023-08-27 16:15:00,2023
Kayserispor,,,,,,,,,,,,,,,,,,,,,,,,,,,,,Samsunspor,,,,,,,,,,,,,,,,,,,,,,,,,,,,,683154,2023-08-27 16:15:00,2023
Alanyaspor,,,,,,,,,,,,,,,,,,,,,,,,,,,,,Hatayspor,,,,,,,,,,,,,,,,,,,,,,,,,,,,,683149,2023-08-27 18:45:00,2023
Kasimpasa,,,,,,,,,,,,,,,,,,,,,,,,,,,,,Trabzonspor,,,,,,,,,,,,,,,,,,,,,,,,,,,,,683165,2023-09-01 18:00:00,2023
Caykur Rizespor,,,,,,,,,,,,,,,,,,,,,,,,,,,,,Fatih Karagümrük,,,,,,,,,,,,,,,,,,,,,,,,,,,,,683161,2023-09-01 18:00:00,2023
Istanbul Basaksehir,,,,,,,,,,,,,,,,,,,,,,,,,,,,,Konyaspor,,,,,,,,,,,,,,,,,,,,,,,,,,,,,683164,2023-09-02 16:15:00,2023
Pendikspor,,,,,,,,,,,,,,,,,,,,,,,,,,,,,Alanyaspor,,,,,,,,,,,,,,,,,,,,,,,,,,,,,683166,2023-09-02 16:15:00,2023
Gaziantep FK,,,,,,,,,,,,,,,,,,,,,,,,,,,,,Galatasaray,,,,,,,,,,,,,,,,,,,,,,,,,,,,,683162,2023-09-02 18:45:00,2023
Antalyaspor,,,,,,,,,,,,,,,,,,,,,,,,,,,,,Kayserispor,,,,,,,,,,,,,,,,,,,,,,,,,,,,,683159,2023-09-02 18:45:00,2023
Besiktas,,,,,,,,,,,,,,,,,,,,,,,,,,,,,Sivasspor,,,,,,,,,,,,,,,,,,,,,,,,,,,,,683160,2023-09-03 16:15:00,2023
Hatayspor,,,,,,,,,,,,,,,,,,,,,,,,,,,,,Adana Demirspor,,,,,,,,,,,,,,,,,,,,,,,,,,,,,683163,2023-09-03 18:45:00,2023
Ankaragucu,,,,,,,,,,,,,,,,,,,,,,,,,,,,,Fenerbahce,,,,,,,,,,,,,,,,,,,,,,,,,,,,,683158,2023-09-03 18:45:00,2023
Konyaspor,,,,,,,,,,,,,,,,,,,,,,,,,,,,,Caykur Rizespor,,,,,,,,,,,,,,,,,,,,,,,,,,,,,683175,2023-09-16 14:00:00,2023
Kayserispor,,,,,,,,,,,,,,,,,,,,,,,,,,,,,Gaziantep FK,,,,,,,,,,,,,,,,,,,,,,,,,,,,,683174,2023-09-16 14:00:00,2023
Galatasaray,,,,,,,,,,,,,,,,,,,,,,,,,,,,,Samsunspor,,,,,,,,,,,,,,,,,,,,,,,,,,,,,683172,2023-09-16 17:00:00,2023
Adana Demirspor,,,,,,,,,,,,,,,,,,,,,,,,,,,,,Pendikspor,,,,,,,,,,,,,,,,,,,,,,,,,,,,,683168,2023-09-16 17:00:00,2023
Fenerbahce,,,,,,,,,,,,,,,,,,,,,,,,,,,,,Antalyaspor,,,,,,,,,,,,,,,,,,,,,,,,,,,,,683171,2023-09-17 14:00:00,2023
Istanbulspor,,,,,,,,,,,,,,,,,,,,,,,,,,,,,Istanbul Basaksehir,,,,,,,,,,,,,,,,,,,,,,,,,,,,,683173,2023-09-17 14:00:00,2023
Trabzonspor,,,,,,,,,,,,,,,,,,,,,,,,,,,,,Besiktas,,,,,,,,,,,,,,,,,,,,,,,,,,,,,683177,2023-09-17 17:00:00,2023
Alanyaspor,,,,,,,,,,,,,,,,,,,,,,,,,,,,,Kasimpasa,,,,,,,,,,,,,,,,,,,,,,,,,,,,,683169,2023-09-17 17:00:00,2023
Sivasspor,,,,,,,,,,,,,,,,,,,,,,,,,,,,,Ankaragucu,,,,,,,,,,,,,,,,,,,,,,,,,,,,,683176,2023-09-18 17:00:00,2023
Fatih Karagümrük,,,,,,,,,,,,,,,,,,,,,,,,,,,,,Hatayspor,,,,,,,,,,,,,,,,,,,,,,,,,,,,,683170,2023-09-18 17:00:00,2023
Gaziantep FK,,,,,,,,,,,,,,,,,,,,,,,,,,,,,Istanbulspor,,,,,,,,,,,,,,,,,,,,,,,,,,,,,683183,2023-09-22 17:00:00,2023
Caykur Rizespor,,,,,,,,,,,,,,,,,,,,,,,,,,,,,Sivasspor,,,,,,,,,,,,,,,,,,,,,,,,,,,,,683187,2023-09-23 14:00:00,2023
Pendikspor,,,,,,,,,,,,,,,,,,,,,,,,,,,,,Fatih Karagümrük,,,,,,,,,,,,,,,,,,,,,,,,,,,,,683186,2023-09-23 14:00:00,2023
Istanbul Basaksehir,,,,,,,,,,,,,,,,,,,,,,,,,,,,,Galatasaray,,,,,,,,,,,,,,,,,,,,,,,,,,,,,683185,2023-09-23 17:00:00,2023
Antalyaspor,,,,,,,,,,,,,,,,,,,,,,,,,,,,,Samsunspor,,,,,,,,,,,,,,,,,,,,,,,,,,,,,683180,2023-09-23 17:00:00,2023
Besiktas,,,,,,,,,,,,,,,,,,,,,,,,,,,,,Kayserispor,,,,,,,,,,,,,,,,,,,,,,,,,,,,,683181,2023-09-24 14:00:00,2023
Ankaragucu,,,,,,,,,,,,,,,,,,,,,,,,,,,,,Konyaspor,,,,,,,,,,,,,,,,,,,,,,,,,,,,,683179,2023-09-24 14:00:00,2023
Alanyaspor,,,,,,,,,,,,,,,,,,,,,,,,,,,,,Fenerbahce,,,,,,,,,,,,,,,,,,,,,,,,,,,,,683178,2023-09-24 17:00:00,2023
Kasimpasa,,,,,,,,,,,,,,,,,,,,,,,,,,,,,Adana Demirspor,,,,,,,,,,,,,,,,,,,,,,,,,,,,,683182,2023-09-24 17:00:00,2023
Hatayspor,,,,,,,,,,,,,,,,,,,,,,,,,,,,,Trabzonspor,,,,,,,,,,,,,,,,,,,,,,,,,,,,,683184,2023-09-25 17:00:00,2023
Istanbulspor,13.0,1.0,0.0,0.0,3.0,7.0,30.1,5.0,3.0,0.6,0.0,0.0,0.0,0.0,0.0,0.0,0.0,0.0,0.0,0.0,0.0,0.0,0.0,0.0,0.0,0.0,0.0,0.0,Galatasaray,16.0,2.0,0.0,0.0,4.0,3.0,69.9,16.0,8.0,0.5,0.0,1.0,0.0,0.0,0.0,0.0,0.0,0.0,0.0,0.0,0.0,3.0,0.0,0.0,0.0,0.0,0.0,0.0,683157,2023-09-26 17:00:00,2023
Adana Demirspor,,,,,,,,,,,,,,,,,,,,,,,,,,,,,Besiktas,,,,,,,,,,,,,,,,,,,,,,,,,,,,,683148,2023-09-27 17:00:00,2023
Fenerbahce,,,,,,,,,,,,,,,,,,,,,,,,,,,,,Istanbul Basaksehir,,,,,,,,,,,,,,,,,,,,,,,,,,,,,683151,2023-09-28 17:00:00,2023
Samsunspor,,,,,,,,,,,,,,,,,,,,,,,,,,,,,Gaziantep FK,,,,,,,,,,,,,,,,,,,,,,,,,,,,,683193,2023-09-29 17:00:00,2023
Sivasspor,,,,,,,,,,,,,,,,,,,,,,,,,,,,,Hatayspor,,,,,,,,,,,,,,,,,,,,,,,,,,,,,683197,2023-09-30 10:30:00,2023
Trabzonspor,,,,,,,,,,,,,,,,,,,,,,,,,,,,,Pendikspor,,,,,,,,,,,,,,,,,,,,,,,,,,,,,683191,2023-09-30 13:00:00,2023
Istanbulspor,,,,,,,,,,,,,,,,,,,,,,,,,,,,,Antalyaspor,,,,,,,,,,,,,,,,,,,,,,,,,,,,,683196,2023-09-30 13:00:00,2023
Galatasaray,,,,,,,,,,,,,,,,,,,,,,,,,,,,,Ankaragucu,,,,,,,,,,,,,,,,,,,,,,,,,,,,,683195,2023-09-30 16:00:00,2023
Fatih Karagümrük,,,,,,,,,,,,,,,,,,,,,,,,,,,,,Kasimpasa,,,,,,,,,,,,,,,,,,,,,,,,,,,,,683188,2023-10-01 10:30:00,2023
Fenerbahce,,,,,,,,,,,,,,,,,,,,,,,,,,,,,Caykur Rizespor,,,,,,,,,,,,,,,,,,,,,,,,,,,,,683189,2023-10-01 13:00:00,2023
Konyaspor,,,,,,,,,,,,,,,,,,,,,,,,,,,,,Besiktas,,,,,,,,,,,,,,,,,,,,,,,,,,,,,683194,2023-10-01 16:00:00,2023
Adana Demirspor,,,,,,,,,,,,,,,,,,,,,,,,,,,,,Alanyaspor,,,,,,,,,,,,,,,,,,,,,,,,,,,,,683192,2023-10-01 16:00:00,2023
Kayserispor,,,,,,,,,,,,,,,,,,,,,,,,,,,,,Istanbul Basaksehir,,,,,,,,,,,,,,,,,,,,,,,,,,,,,683190,2023-10-02 17:00:00,2023
Alanyaspor,,,,,,,,,,,,,,,,,,,,,,,,,,,,,Fatih Karagümrük,,,,,,,,,,,,,,,,,,,,,,,,,,,,,683199,2023-10-06 17:00:00,2023
Adana Demirspor,,,,,,,,,,,,,,,,,,,,,,,,,,,,,Trabzonspor,,,,,,,,,,,,,,,,,,,,,,,,,,,,,683205,2023-10-06 17:00:00,2023
Pendikspor,,,,,,,,,,,,,,,,,,,,,,,,,,,,,Sivasspor,,,,,,,,,,,,,,,,,,,,,,,,,,,,,683201,2023-10-07 10:30:00,2023
Ankaragucu,,,,,,,,,,,,,,,,,,,,,,,,,,,,,Kayserispor,,,,,,,,,,,,,,,,,,,,,,,,,,,,,683198,2023-10-07 13:00:00,2023
Istanbul Basaksehir,,,,,,,,,,,,,,,,,,,,,,,,,,,,,Gaziantep FK,,,,,,,,,,,,,,,,,,,,,,,,,,,,,683203,2023-10-07 16:00:00,2023
Antalyaspor,,,,,,,,,,,,,,,,,,,,,,,,,,,,,Galatasaray,,,,,,,,,,,,,,,,,,,,,,,,,,,,,683207,2023-10-07 16:00:00,2023
Caykur Rizespor,,,,,,,,,,,,,,,,,,,,,,,,,,,,,Samsunspor,,,,,,,,,,,,,,,,,,,,,,,,,,,,,683200,2023-10-08 10:30:00,2023
Besiktas,,,,,,,,,,,,,,,,,,,,,,,,,,,,,Istanbulspor,,,,,,,,,,,,,,,,,,,,,,,,,,,,,683206,2023-10-08 13:00:00,2023
Hatayspor,,,,,,,,,,,,,,,,,,,,,,,,,,,,,Konyaspor,,,,,,,,,,,,,,,,,,,,,,,,,,,,,683204,2023-10-08 16:00:00,2023
Kasimpasa,,,,,,,,,,,,,,,,,,,,,,,,,,,,,Fenerbahce,,,,,,,,,,,,,,,,,,,,,,,,,,,,,683202,2023-10-08 16:00:00,2023
Kayserispor,,,,,,,,,,,,,,,,,,,,,,,,,,,,,Caykur Rizespor,,,,,,,,,,,,,,,,,,,,,,,,,,,,,683213,2023-10-21 10:30:00,2023
Gaziantep FK,,,,,,,,,,,,,,,,,,,,,,,,,,,,,Antalyaspor,,,,,,,,,,,,,,,,,,,,,,,,,,,,,683210,2023-10-21 13:00:00,2023
Konyaspor,,,,,,,,,,,,,,,,,,,,,,,,,,,,,Pendikspor,,,,,,,,,,,,,,,,,,,,,,,,,,,,,683217,2023-10-21 13:00:00,2023
Galatasaray,,,,,,,,,,,,,,,,,,,,,,,,,,,,,Besiktas,,,,,,,,,,,,,,,,,,,,,,,,,,,,,683211,2023-10-21 16:00:00,2023
Sivasspor,,,,,,,,,,,,,,,,,,,,,,,,,,,,,Kasimpasa,,,,,,,,,,,,,,,,,,,,,,,,,,,,,683215,2023-10-22 10:30:00,2023
Istanbulspor,,,,,,,,,,,,,,,,,,,,,,,,,,,,,Ankaragucu,,,,,,,,,,,,,,,,,,,,,,,,,,,,,683208,2023-10-22 13:00:00,2023
Samsunspor,,,,,,,,,,,,,,,,,,,,,,,,,,,,,Istanbul Basaksehir,,,,,,,,,,,,,,,,,,,,,,,,,,,,,683216,2023-10-22 16:00:00,2023
Fenerbahce,,,,,,,,,,,,,,,,,,,,,,,,,,,,,Hatayspor,,,,,,,,,,,,,,,,,,,,,,,,,,,,,683212,2023-10-22 16:00:00,2023
Fatih Karagümrük,,,,,,,,,,,,,,,,,,,,,,,,,,,,,Adana Demirspor,,,,,,,,,,,,,,,,,,,,,,,,,,,,,683209,2023-10-23 17:00:00,2023
Trabzonspor,,,,,,,,,,,,,,,,,,,,,,,,,,,,,Alanyaspor,,,,,,,,,,,,,,,,,,,,,,,,,,,,,683214,2023-10-23 17:00:00,2023
Hatayspor,,,,,,,,,,,,,,,,,,,,,,,,,,,,,Kayserispor,,,,,,,,,,,,,,,,,,,,,,,,,,,,,683224,2023-10-27 17:00:00,2023
Kasimpasa,,,,,,,,,,,,,,,,,,,,,,,,,,,,,Istanbulspor,,,,,,,,,,,,,,,,,,,,,,,,,,,,,683222,2023-10-27 17:00:00,2023
Alanyaspor,,,,,,,,,,,,,,,,,,,,,,,,,,,,,Sivasspor,,,,,,,,,,,,,,,,,,,,,,,,,,,,,683219,2023-10-28 13:00:00,2023
Adana Demirspor,,,,,,,,,,,,,,,,,,,,,,,,,,,,,Konyaspor,,,,,,,,,,,,,,,,,,,,,,,,,,,,,683223,2023-10-28 16:00:00,2023
Caykur Rizespor,,,,,,,,,,,,,,,,,,,,,,,,,,,,,Galatasaray,,,,,,,,,,,,,,,,,,,,,,,,,,,,,683226,2023-10-28 16:00:00,2023
Fatih Karagümrük,,,,,,,,,,,,,,,,,,,,,,,,,,,,,Trabzonspor,,,,,,,,,,,,,,,,,,,,,,,,,,,,,683225,2023-10-29 13:00:00,2023
Antalyaspor,,,,,,,,,,,,,,,,,,,,,,,,,,,,,Istanbul Basaksehir,,,,,,,,,,,,,,,,,,,,,,,,,,,,,683221,2023-10-29 16:00:00,2023
Pendikspor,,,,,,,,,,,,,,,,,,,,,,,,,,,,,Fenerbahce,,,,,,,,,,,,,,,,,,,,,,,,,,,,,683227,2023-10-29 16:00:00,2023
Ankaragucu,,,,,,,,,,,,,,,,,,,,,,,,,,,,,Samsunspor,,,,,,,,,,,,,,,,,,,,,,,,,,,,,683220,2023-10-29 16:00:00,2023
Besiktas,,,,,,,,,,,,,,,,,,,,,,,,,,,,,Gaziantep FK,,,,,,,,,,,,,,,,,,,,,,,,,,,,,683218,2023-10-30 17:00:00,2023
Galatasaray,,,,,,,,,,,,,,,,,,,,,,,,,,,,,Kasimpasa,,,,,,,,,,,,,,,,,,,,,,,,,,,,,683229,2023-11-03 17:00:00,2023
Istanbulspor,,,,,,,,,,,,,,,,,,,,,,,,,,,,,Pendikspor,,,,,,,,,,,,,,,,,,,,,,,,,,,,,683233,2023-11-04 10:30:00,2023
Samsunspor,,,,,,,,,,,,,,,,,,,,,,,,,,,,,Hatayspor,,,,,,,,,,,,,,,,,,,,,,,,,,,,,683236,2023-11-04 13:00:00,2023
Fenerbahce,,,,,,,,,,,,,,,,,,,,,,,,,,,,,Trabzonspor,,,,,,,,,,,,,,,,,,,,,,,,,,,,,683230,2023-11-04 16:00:00,2023
Sivasspor,,,,,,,,,,,,,,,,,,,,,,,,,,,,,Adana Demirspor,,,,,,,,,,,,,,,,,,,,,,,,,,,,,683232,2023-11-05 10:30:00,2023
Konyaspor,,,,,,,,,,,,,,,,,,,,,,,,,,,,,Fatih Karagümrük,,,,,,,,,,,,,,,,,,,,,,,,,,,,,683235,2023-11-05 13:00:00,2023
Istanbul Basaksehir,,,,,,,,,,,,,,,,,,,,,,,,,,,,,Ankaragucu,,,,,,,,,,,,,,,,,,,,,,,,,,,,,683237,2023-11-05 13:00:00,2023
Antalyaspor,,,,,,,,,,,,,,,,,,,,,,,,,,,,,Besiktas,,,,,,,,,,,,,,,,,,,,,,,,,,,,,683231,2023-11-05 16:00:00,2023
Kayserispor,,,,,,,,,,,,,,,,,,,,,,,,,,,,,Alanyaspor,,,,,,,,,,,,,,,,,,,,,,,,,,,,,683234,2023-11-06 17:00:00,2023
Gaziantep FK,,,,,,,,,,,,,,,,,,,,,,,,,,,,,Caykur Rizespor,,,,,,,,,,,,,,,,,,,,,,,,,,,,,683228,2023-11-06 17:00:00,2023
Samsunspor,,,,,,,,,,,,,,,,,,,,,,,,,,,,,Istanbulspor,,,,,,,,,,,,,,,,,,,,,,,,,,,,,683167,2023-11-08 17:00:00,2023
Trabzonspor,,,,,,,,,,,,,,,,,,,,,,,,,,,,,Konyaspor,,,,,,,,,,,,,,,,,,,,,,,,,,,,,683245,2023-11-10 17:00:00,2023
Ankaragucu,,,,,,,,,,,,,,,,,,,,,,,,,,,,,Antalyaspor,,,,,,,,,,,,,,,,,,,,,,,,,,,,,683243,2023-11-10 17:00:00,2023
Kasimpasa,,,,,,,,,,,,,,,,,,,,,,,,,,,,,Kayserispor,,,,,,,,,,,,,,,,,,,,,,,,,,,,,683242,2023-11-11 10:30:00,2023
Fatih Karagümrük,,,,,,,,,,,,,,,,,,,,,,,,,,,,,Sivasspor,,,,,,,,,,,,,,,,,,,,,,,,,,,,,683240,2023-11-11 13:00:00,2023
Alanyaspor,,,,,,,,,,,,,,,,,,,,,,,,,,,,,Gaziantep FK,,,,,,,,,,,,,,,,,,,,,,,,,,,,,683247,2023-11-11 13:00:00,2023
Hatayspor,,,,,,,,,,,,,,,,,,,,,,,,,,,,,Galatasaray,,,,,,,,,,,,,,,,,,,,,,,,,,,,,683241,2023-11-11 16:00:00,2023
Pendikspor,,,,,,,,,,,,,,,,,,,,,,,,,,,,,Samsunspor,,,,,,,,,,,,,,,,,,,,,,,,,,,,,683244,2023-11-12 10:30:00,2023
Caykur Rizespor,,,,,,,,,,,,,,,,,,,,,,,,,,,,,Istanbulspor,,,,,,,,,,,,,,,,,,,,,,,,,,,,,683239,2023-11-12 13:00:00,2023
Besiktas,,,,,,,,,,,,,,,,,,,,,,,,,,,,,Istanbul Basaksehir,,,,,,,,,,,,,,,,,,,,,,,,,,,,,683238,2023-11-12 13:00:00,2023
Adana Demirspor,,,,,,,,,,,,,,,,,,,,,,,,,,,,,Fenerbahce,,,,,,,,,,,,,,,,,,,,,,,,,,,,,683246,2023-11-12 16:00:00,2023
Istanbulspor,,,,,,,,,,,,,,,,,,,,,,,,,,,,,Hatayspor,,,,,,,,,,,,,,,,,,,,,,,,,,,,,683249,2023-11-25 10:30:00,2023
Gaziantep FK,,,,,,,,,,,,,,,,,,,,,,,,,,,,,Ankaragucu,,,,,,,,,,,,,,,,,,,,,,,,,,,,,683251,2023-11-25 13:00:00,2023
Konyaspor,,,,,,,,,,,,,,,,,,,,,,,,,,,,,Kasimpasa,,,,,,,,,,,,,,,,,,,,,,,,,,,,,683253,2023-11-25 13:00:00,2023
Galatasaray,,,,,,,,,,,,,,,,,,,,,,,,,,,,,Alanyaspor,,,,,,,,,,,,,,,,,,,,,,,,,,,,,683256,2023-11-25 16:00:00,2023
Kayserispor,,,,,,,,,,,,,,,,,,,,,,,,,,,,,Adana Demirspor,,,,,,,,,,,,,,,,,,,,,,,,,,,,,683248,2023-11-26 10:30:00,2023
Samsunspor,,,,,,,,,,,,,,,,,,,,,,,,,,,,,Besiktas,,,,,,,,,,,,,,,,,,,,,,,,,,,,,683257,2023-11-26 13:00:00,2023
Antalyaspor,,,,,,,,,,,,,,,,,,,,,,,,,,,,,Caykur Rizespor,,,,,,,,,,,,,,,,,,,,,,,,,,,,,683254,2023-11-26 13:00:00,2023
Fenerbahce,,,,,,,,,,,,,,,,,,,,,,,,,,,,,Fatih Karagümrük,,,,,,,,,,,,,,,,,,,,,,,,,,,,,683255,2023-11-26 16:00:00,2023
Istanbul Basaksehir,,,,,,,,,,,,,,,,,,,,,,,,,,,,,Pendikspor,,,,,,,,,,,,,,,,,,,,,,,,,,,,,683250,2023-11-27 17:00:00,2023
Sivasspor,,,,,,,,,,,,,,,,,,,,,,,,,,,,,Trabzonspor,,,,,,,,,,,,,,,,,,,,,,,,,,,,,683252,2023-11-27 17:00:00,2023
Fatih Karagümrük,,,,,,,,,,,,,,,,,,,,,,,,,,,,,Istanbulspor,,,,,,,,,,,,,,,,,,,,,,,,,,,,,683259,2023-12-01 17:00:00,2023
Hatayspor,,,,,,,,,,,,,,,,,,,,,,,,,,,,,Antalyaspor,,,,,,,,,,,,,,,,,,,,,,,,,,,,,683261,2023-12-01 17:00:00,2023
Alanyaspor,,,,,,,,,,,,,,,,,,,,,,,,,,,,,Konyaspor,,,,,,,,,,,,,,,,,,,,,,,,,,,,,683262,2023-12-02 10:30:00,2023
Caykur Rizespor,,,,,,,,,,,,,,,,,,,,,,,,,,,,,Istanbul Basaksehir,,,,,,,,,,,,,,,,,,,,,,,,,,,,,683266,2023-12-02 13:00:00,2023
Adana Demirspor,,,,,,,,,,,,,,,,,,,,,,,,,,,,,Samsunspor,,,,,,,,,,,,,,,,,,,,,,,,,,,,,683258,2023-12-02 16:00:00,2023
Pendikspor,,,,,,,,,,,,,,,,,,,,,,,,,,,,,Galatasaray,,,,,,,,,,,,,,,,,,,,,,,,,,,,,683263,2023-12-02 16:00:00,2023
Kasimpasa,,,,,,,,,,,,,,,,,,,,,,,,,,,,,Gaziantep FK,,,,,,,,,,,,,,,,,,,,,,,,,,,,,683267,2023-12-03 10:30:00,2023
Trabzonspor,,,,,,,,,,,,,,,,,,,,,,,,,,,,,Kayserispor,,,,,,,,,,,,,,,,,,,,,,,,,,,,,683264,2023-12-03 13:00:00,2023
Ankaragucu,,,,,,,,,,,,,,,,,,,,,,,,,,,,,Besiktas,,,,,,,,,,,,,,,,,,,,,,,,,,,,,683265,2023-12-03 16:00:00,2023
Fenerbahce,,,,,,,,,,,,,,,,,,,,,,,,,,,,,Sivasspor,,,,,,,,,,,,,,,,,,,,,,,,,,,,,683260,2023-12-04 17:00:00,2023
Galatasaray,,,,,,,,,,,,,,,,,,,,,,,,,,,,,Adana Demirspor,,,,,,,,,,,,,,,,,,,,,,,,,,,,,683270,2023-12-08 17:00:00,2023
Antalyaspor,,,,,,,,,,,,,,,,,,,,,,,,,,,,,Fatih Karagümrük,,,,,,,,,,,,,,,,,,,,,,,,,,,,,683268,2023-12-09 10:30:00,2023
Samsunspor,,,,,,,,,,,,,,,,,,,,,,,,,,,,,Kasimpasa,,,,,,,,,,,,,,,,,,,,,,,,,,,,,683272,2023-12-09 13:00:00,2023
Besiktas,,,,,,,,,,,,,,,,,,,,,,,,,,,,,Fenerbahce,,,,,,,,,,,,,,,,,,,,,,,,,,,,,683269,2023-12-09 16:00:00,2023
Istanbulspor,,,,,,,,,,,,,,,,,,,,,,,,,,,,,Alanyaspor,,,,,,,,,,,,,,,,,,,,,,,,,,,,,683273,2023-12-10 10:30:00,2023
Istanbul Basaksehir,,,,,,,,,,,,,,,,,,,,,,,,,,,,,Hatayspor,,,,,,,,,,,,,,,,,,,,,,,,,,,,,683277,2023-12-10 13:00:00,2023
Kayserispor,,,,,,,,,,,,,,,,,,,,,,,,,,,,,Pendikspor,,,,,,,,,,,,,,,,,,,,,,,,,,,,,683274,2023-12-10 13:00:00,2023
Gaziantep FK,,,,,,,,,,,,,,,,,,,,,,,,,,,,,Trabzonspor,,,,,,,,,,,,,,,,,,,,,,,,,,,,,683271,2023-12-10 16:00:00,2023
Ankaragucu,,,,,,,,,,,,,,,,,,,,,,,,,,,,,Caykur Rizespor,,,,,,,,,,,,,,,,,,,,,,,,,,,,,683276,2023-12-11 17:00:00,2023
Konyaspor,,,,,,,,,,,,,,,,,,,,,,,,,,,,,Sivasspor,,,,,,,,,,,,,,,,,,,,,,,,,,,,,683275,2023-12-11 17:00:00,2023
Istanbul Basaksehir,,,,,,,,,,,,,,,,,,,,,,,,,,,,,Sivasspor,,,,,,,,,,,,,,,,,,,,,,,,,,,,,683297,2023-12-19 14:00:00,2023
Istanbulspor,,,,,,,,,,,,,,,,,,,,,,,,,,,,,Trabzonspor,,,,,,,,,,,,,,,,,,,,,,,,,,,,,683293,2023-12-19 17:00:00,2023
Gaziantep FK,,,,,,,,,,,,,,,,,,,,,,,,,,,,,Adana Demirspor,,,,,,,,,,,,,,,,,,,,,,,,,,,,,683291,2023-12-19 17:00:00,2023
Kayserispor,,,,,,,,,,,,,,,,,,,,,,,,,,,,,Fenerbahce,,,,,,,,,,,,,,,,,,,,,,,,,,,,,683294,2023-12-20 14:00:00,2023
Galatasaray,,,,,,,,,,,,,,,,,,,,,,,,,,,,,Fatih Karagümrük,,,,,,,,,,,,,,,,,,,,,,,,,,,,,683290,2023-12-20 17:00:00,2023
Antalyaspor,,,,,,,,,,,,,,,,,,,,,,,,,,,,,Kasimpasa,,,,,,,,,,,,,,,,,,,,,,,,,,,,,683296,2023-12-20 17:00:00,2023
Caykur Rizespor,,,,,,,,,,,,,,,,,,,,,,,,,,,,,Pendikspor,,,,,,,,,,,,,,,,,,,,,,,,,,,,,683289,2023-12-21 14:00:00,2023
Samsunspor,,,,,,,,,,,,,,,,,,,,,,,,,,,,,Konyaspor,,,,,,,,,,,,,,,,,,,,,,,,,,,,,683295,2023-12-21 14:00:00,2023
Besiktas,,,,,,,,,,,,,,,,,,,,,,,,,,,,,Alanyaspor,,,,,,,,,,,,,,,,,,,,,,,,,,,,,683292,2023-12-21 17:00:00,2023
Ankaragucu,,,,,,,,,,,,,,,,,,,,,,,,,,,,,Hatayspor,,,,,,,,,,,,,,,,,,,,,,,,,,,,,683288,2023-12-21 17:00:00,2023
Sivasspor,,,,,,,,,,,,,,,,,,,,,,,,,,,,,Istanbulspor,,,,,,,,,,,,,,,,,,,,,,,,,,,,,683302,2023-12-23 10:30:00,2023
Fatih Karagümrük,,,,,,,,,,,,,,,,,,,,,,,,,,,,,Gaziantep FK,,,,,,,,,,,,,,,,,,,,,,,,,,,,,683304,2023-12-23 13:00:00,2023
Trabzonspor,,,,,,,,,,,,,,,,,,,,,,,,,,,,,Istanbul Basaksehir,,,,,,,,,,,,,,,,,,,,,,,,,,,,,683301,2023-12-23 16:00:00,2023
Konyaspor,,,,,,,,,,,,,,,,,,,,,,,,,,,,,Kayserispor,,,,,,,,,,,,,,,,,,,,,,,,,,,,,683300,2023-12-24 10:30:00,2023
Adana Demirspor,,,,,,,,,,,,,,,,,,,,,,,,,,,,,Antalyaspor,,,,,,,,,,,,,,,,,,,,,,,,,,,,,683307,2023-12-24 13:00:00,2023
Fenerbahce,,,,,,,,,,,,,,,,,,,,,,,,,,,,,Galatasaray,,,,,,,,,,,,,,,,,,,,,,,,,,,,,683303,2023-12-24 16:00:00,2023
Kasimpasa,,,,,,,,,,,,,,,,,,,,,,,,,,,,,Caykur Rizespor,,,,,,,,,,,,,,,,,,,,,,,,,,,,,683299,2023-12-25 14:00:00,2023
Alanyaspor,,,,,,,,,,,,,,,,,,,,,,,,,,,,,Samsunspor,,,,,,,,,,,,,,,,,,,,,,,,,,,,,683305,2023-12-25 14:00:00,2023
Pendikspor,,,,,,,,,,,,,,,,,,,,,,,,,,,,,Ankaragucu,,,,,,,,,,,,,,,,,,,,,,,,,,,,,683306,2023-12-25 17:00:00,2023
Hatayspor,,,,,,,,,,,,,,,,,,,,,,,,,,,,,Besiktas,,,,,,,,,,,,,,,,,,,,,,,,,,,,,683298,2023-12-25 17:00:00,2023
Gaziantep FK,,,,,,,,,,,,,,,,,,,,,,,,,,,,,Pendikspor,,,,,,,,,,,,,,,,,,,,,,,,,,,,,683314,2024-01-05 14:00:00,2024
Besiktas,,,,,,,,,,,,,,,,,,,,,,,,,,,,,Kasimpasa,,,,,,,,,,,,,,,,,,,,,,,,,,,,,683317,2024-01-05 17:00:00,2024
Antalyaspor,,,,,,,,,,,,,,,,,,,,,,,,,,,,,Alanyaspor,,,,,,,,,,,,,,,,,,,,,,,,,,,,,683309,2024-01-05 17:00:00,2024
Caykur Rizespor,,,,,,,,,,,,,,,,,,,,,,,,,,,,,Hatayspor,,,,,,,,,,,,,,,,,,,,,,,,,,,,,683316,2024-01-06 10:30:00,2024
Istanbul Basaksehir,,,,,,,,,,,,,,,,,,,,,,,,,,,,,Adana Demirspor,,,,,,,,,,,,,,,,,,,,,,,,,,,,,683313,2024-01-06 13:00:00,2024
Ankaragucu,,,,,,,,,,,,,,,,,,,,,,,,,,,,,Trabzonspor,,,,,,,,,,,,,,,,,,,,,,,,,,,,,683308,2024-01-06 16:00:00,2024
Samsunspor,,,,,,,,,,,,,,,,,,,,,,,,,,,,,Fatih Karagümrük,,,,,,,,,,,,,,,,,,,,,,,,,,,,,683315,2024-01-06 16:00:00,2024
Kayserispor,,,,,,,,,,,,,,,,,,,,,,,,,,,,,Sivasspor,,,,,,,,,,,,,,,,,,,,,,,,,,,,,683311,2024-01-07 10:30:00,2024
Istanbulspor,,,,,,,,,,,,,,,,,,,,,,,,,,,,,Fenerbahce,,,,,,,,,,,,,,,,,,,,,,,,,,,,,683312,2024-01-07 13:00:00,2024
Galatasaray,,,,,,,,,,,,,,,,,,,,,,,,,,,,,Konyaspor,,,,,,,,,,,,,,,,,,,,,,,,,,,,,683310,2024-01-07 16:00:00,2024
Pendikspor,,,,,,,,,,,,,,,,,,,,,,,,,,,,,Antalyaspor,,,,,,,,,,,,,,,,,,,,,,,,,,,,,683282,2024-01-09 14:00:00,2024
Alanyaspor,,,,,,,,,,,,,,,,,,,,,,,,,,,,,Ankaragucu,,,,,,,,,,,,,,,,,,,,,,,,,,,,,683287,2024-01-09 14:00:00,2024
Kasimpasa,,,,,,,,,,,,,,,,,,,,,,,,,,,,,Istanbul Basaksehir,,,,,,,,,,,,,,,,,,,,,,,,,,,,,683281,2024-01-09 17:00:00,2024
Caykur Rizespor,,,,,,,,,,,,,,,,,,,,,,,,,,,,,Besiktas,,,,,,,,,,,,,,,,,,,,,,,,,,,,,683279,2024-01-09 17:00:00,2024
Fatih Karagümrük,,,,,,,,,,,,,,,,,,,,,,,,,,,,,Kayserispor,,,,,,,,,,,,,,,,,,,,,,,,,,,,,683278,2024-01-10 14:00:00,2024
Hatayspor,,,,,,,,,,,,,,,,,,,,,,,,,,,,,Gaziantep FK,,,,,,,,,,,,,,,,,,,,,,,,,,,,,683280,2024-01-10 14:00:00,2024
Adana Demirspor,,,,,,,,,,,,,,,,,,,,,,,,,,,,,Istanbulspor,,,,,,,,,,,,,,,,,,,,,,,,,,,,,683286,2024-01-10 17:00:00,2024
Fenerbahce,,,,,,,,,,,,,,,,,,,,,,,,,,,,,Konyaspor,,,,,,,,,,,,,,,,,,,,,,,,,,,,,683285,2024-01-10 17:00:00,2024
Sivasspor,,,,,,,,,,,,,,,,,,,,,,,,,,,,,Galatasaray,,,,,,,,,,,,,,,,,,,,,,,,,,,,,683283,2024-01-11 14:00:00,2024
Trabzonspor,,,,,,,,,,,,,,,,,,,,,,,,,,,,,Samsunspor,,,,,,,,,,,,,,,,,,,,,,,,,,,,,683284,2024-01-11 17:00:00,2024
Hatayspor,,,,,,,,,,,,,,,,,,,,,,,,,,,,,Pendikspor,,,,,,,,,,,,,,,,,,,,,,,,,,,,,683319,2024-01-13 10:30:00,2024
Ankaragucu,,,,,,,,,,,,,,,,,,,,,,,,,,,,,Kasimpasa,,,,,,,,,,,,,,,,,,,,,,,,,,,,,683324,2024-01-13 10:30:00,2024
Istanbul Basaksehir,,,,,,,,,,,,,,,,,,,,,,,,,,,,,Alanyaspor,,,,,,,,,,,,,,,,,,,,,,,,,,,,,683320,2024-01-13 13:00:00,2024
Besiktas,,,,,,,,,,,,,,,,,,,,,,,,,,,,,Fatih Karagümrük,,,,,,,,,,,,,,,,,,,,,,,,,,,,,683326,2024-01-13 16:00:00,2024
Caykur Rizespor,,,,,,,,,,,,,,,,,,,,,,,,,,,,,Adana Demirspor,,,,,,,,,,,,,,,,,,,,,,,,,,,,,683318,2024-01-13 16:00:00,2024
Istanbulspor,,,,,,,,,,,,,,,,,,,,,,,,,,,,,Konyaspor,,,,,,,,,,,,,,,,,,,,,,,,,,,,,683321,2024-01-14 10:30:00,2024
Antalyaspor,,,,,,,,,,,,,,,,,,,,,,,,,,,,,Trabzonspor,,,,,,,,,,,,,,,,,,,,,,,,,,,,,683325,2024-01-14 13:00:00,2024
Samsunspor,,,,,,,,,,,,,,,,,,,,,,,,,,,,,Sivasspor,,,,,,,,,,,,,,,,,,,,,,,,,,,,,683327,2024-01-14 13:00:00,2024
Gaziantep FK,,,,,,,,,,,,,,,,,,,,,,,,,,,,,Fenerbahce,,,,,,,,,,,,,,,,,,,,,,,,,,,,,683322,2024-01-14 16:00:00,2024
Galatasaray,,,,,,,,,,,,,,,,,,,,,,,,,,,,,Kayserispor,,,,,,,,,,,,,,,,,,,,,,,,,,,,,683323,2024-01-15 17:00:00,2024
Kasimpasa,,,,,,,,,,,,,,,,,,,,,,,,,,,,,Hatayspor,,,,,,,,,,,,,,,,,,,,,,,,,,,,,683334,2024-01-20 10:30:00,2024
Alanyaspor,,,,,,,,,,,,,,,,,,,,,,,,,,,,,Caykur Rizespor,,,,,,,,,,,,,,,,,,,,,,,,,,,,,683330,2024-01-20 13:00:00,2024
Fatih Karagümrük,,,,,,,,,,,,,,,,,,,,,,,,,,,,,Istanbul Basaksehir,,,,,,,,,,,,,,,,,,,,,,,,,,,,,683329,2024-01-20 13:00:00,2024
Adana Demirspor,,,,,,,,,,,,,,,,,,,,,,,,,,,,,Ankaragucu,,,,,,,,,,,,,,,,,,,,,,,,,,,,,683331,2024-01-20 16:00:00,2024
Pendikspor,,,,,,,,,,,,,,,,,,,,,,,,,,,,,Besiktas,,,,,,,,,,,,,,,,,,,,,,,,,,,,,683337,2024-01-20 16:00:00,2024
Sivasspor,,,,,,,,,,,,,,,,,,,,,,,,,,,,,Gaziantep FK,,,,,,,,,,,,,,,,,,,,,,,,,,,,,683333,2024-01-21 10:30:00,2024
Fenerbahce,,,,,,,,,,,,,,,,,,,,,,,,,,,,,Samsunspor,,,,,,,,,,,,,,,,,,,,,,,,,,,,,683328,2024-01-21 13:00:00,2024
Konyaspor,,,,,,,,,,,,,,,,,,,,,,,,,,,,,Antalyaspor,,,,,,,,,,,,,,,,,,,,,,,,,,,,,683336,2024-01-21 13:00:00,2024
Trabzonspor,,,,,,,,,,,,,,,,,,,,,,,,,,,,,Galatasaray,,,,,,,,,,,,,,,,,,,,,,,,,,,,,683332,2024-01-21 16:00:00,2024
Kayserispor,,,,,,,,,,,,,,,,,,,,,,,,,,,,,Istanbulspor,,,,,,,,,,,,,,,,,,,,,,,,,,,,,683335,2024-01-22 17:00:00,2024
Hatayspor,,,,,,,,,,,,,,,,,,,,,,,,,,,,,Alanyaspor,,,,,,,,,,,,,,,,,,,,,,,,,,,,,683343,2024-01-23 14:00:00,2024
Pendikspor,,,,,,,,,,,,,,,,,,,,,,,,,,,,,Kasimpasa,,,,,,,,,,,,,,,,,,,,,,,,,,,,,683341,2024-01-23 17:00:00,2024
Besiktas,,,,,,,,,,,,,,,,,,,,,,,,,,,,,Adana Demirspor,,,,,,,,,,,,,,,,,,,,,,,,,,,,,683347,2024-01-23 17:00:00,2024
Gaziantep FK,,,,,,,,,,,,,,,,,,,,,,,,,,,,,Konyaspor,,,,,,,,,,,,,,,,,,,,,,,,,,,,,683344,2024-01-24 14:00:00,2024
Ankaragucu,,,,,,,,,,,,,,,,,,,,,,,,,,,,,Fatih Karagümrük,,,,,,,,,,,,,,,,,,,,,,,,,,,,,683338,2024-01-24 14:00:00,2024
Istanbul Basaksehir,,,,,,,,,,,,,,,,,,,,,,,,,,,,,Fenerbahce,,,,,,,,,,,,,,,,,,,,,,,,,,,,,683342,2024-01-24 17:00:00,2024
Antalyaspor,,,,,,,,,,,,,,,,,,,,,,,,,,,,,Sivasspor,,,,,,,,,,,,,,,,,,,,,,,,,,,,,683339,2024-01-24 17:00:00,2024
Samsunspor,,,,,,,,,,,,,,,,,,,,,,,,,,,,,Kayserispor,,,,,,,,,,,,,,,,,,,,,,,,,,,,,683340,2024-01-25 14:00:00,2024
Galatasaray,,,,,,,,,,,,,,,,,,,,,,,,,,,,,Istanbulspor,,,,,,,,,,,,,,,,,,,,,,,,,,,,,683345,2024-01-25 17:00:00,2024
Caykur Rizespor,,,,,,,,,,,,,,,,,,,,,,,,,,,,,Trabzonspor,,,,,,,,,,,,,,,,,,,,,,,,,,,,,683346,2024-01-25 17:00:00,2024
Alanyaspor,,,,,,,,,,,,,,,,,,,,,,,,,,,,,Pendikspor,,,,,,,,,,,,,,,,,,,,,,,,,,,,,683356,2024-01-27 13:00:00,2024
Adana Demirspor,,,,,,,,,,,,,,,,,,,,,,,,,,,,,Hatayspor,,,,,,,,,,,,,,,,,,,,,,,,,,,,,683348,2024-01-27 16:00:00,2024
Konyaspor,,,,,,,,,,,,,,,,,,,,,,,,,,,,,Istanbul Basaksehir,,,,,,,,,,,,,,,,,,,,,,,,,,,,,683357,2024-01-28 10:30:00,2024
Fatih Karagümrük,,,,,,,,,,,,,,,,,,,,,,,,,,,,,Caykur Rizespor,,,,,,,,,,,,,,,,,,,,,,,,,,,,,683355,2024-01-28 13:00:00,2024
Sivasspor,,,,,,,,,,,,,,,,,,,,,,,,,,,,,Besiktas,,,,,,,,,,,,,,,,,,,,,,,,,,,,,683353,2024-01-28 13:00:00,2024
Fenerbahce,,,,,,,,,,,,,,,,,,,,,,,,,,,,,Ankaragucu,,,,,,,,,,,,,,,,,,,,,,,,,,,,,683354,2024-01-28 16:00:00,2024
Istanbulspor,,,,,,,,,,,,,,,,,,,,,,,,,,,,,Samsunspor,,,,,,,,,,,,,,,,,,,,,,,,,,,,,683350,2024-01-29 14:00:00,2024
Kayserispor,,,,,,,,,,,,,,,,,,,,,,,,,,,,,Antalyaspor,,,,,,,,,,,,,,,,,,,,,,,,,,,,,683351,2024-01-29 14:00:00,2024
Galatasaray,,,,,,,,,,,,,,,,,,,,,,,,,,,,,Gaziantep FK,,,,,,,,,,,,,,,,,,,,,,,,,,,,,683352,2024-01-29 17:00:00,2024
Trabzonspor,,,,,,,,,,,,,,,,,,,,,,,,,,,,,Kasimpasa,,,,,,,,,,,,,,,,,,,,,,,,,,,,,683349,2024-01-29 17:00:00,2024
Ankaragucu,,,,,,,,,,,,,,,,,,,,,,,,,,,,,Sivasspor,,,,,,,,,,,,,,,,,,,,,,,,,,,,,683365,2024-02-02 14:00:00,2024
Hatayspor,,,,,,,,,,,,,,,,,,,,,,,,,,,,,Fatih Karagümrük,,,,,,,,,,,,,,,,,,,,,,,,,,,,,683361,2024-02-02 14:00:00,2024
Samsunspor,,,,,,,,,,,,,,,,,,,,,,,,,,,,,Galatasaray,,,,,,,,,,,,,,,,,,,,,,,,,,,,,683367,2024-02-02 17:00:00,2024
Caykur Rizespor,,,,,,,,,,,,,,,,,,,,,,,,,,,,,Konyaspor,,,,,,,,,,,,,,,,,,,,,,,,,,,,,683363,2024-02-03 10:30:00,2024
Istanbul Basaksehir,,,,,,,,,,,,,,,,,,,,,,,,,,,,,Istanbulspor,,,,,,,,,,,,,,,,,,,,,,,,,,,,,683360,2024-02-03 13:00:00,2024
Antalyaspor,,,,,,,,,,,,,,,,,,,,,,,,,,,,,Fenerbahce,,,,,,,,,,,,,,,,,,,,,,,,,,,,,683366,2024-02-03 16:00:00,2024
Gaziantep FK,,,,,,,,,,,,,,,,,,,,,,,,,,,,,Kayserispor,,,,,,,,,,,,,,,,,,,,,,,,,,,,,683364,2024-02-03 16:00:00,2024
Pendikspor,,,,,,,,,,,,,,,,,,,,,,,,,,,,,Adana Demirspor,,,,,,,,,,,,,,,,,,,,,,,,,,,,,683358,2024-02-04 10:30:00,2024
Kasimpasa,,,,,,,,,,,,,,,,,,,,,,,,,,,,,Alanyaspor,,,,,,,,,,,,,,,,,,,,,,,,,,,,,683359,2024-02-04 13:00:00,2024
Besiktas,,,,,,,,,,,,,,,,,,,,,,,,,,,,,Trabzonspor,,,,,,,,,,,,,,,,,,,,,,,,,,,,,683362,2024-02-04 16:00:00,2024
Adana Demirspor,,,,,,,,,,,,,,,,,,,,,,,,,,,,,Kasimpasa,,,,,,,,,,,,,,,,,,,,,,,,,,,,,683369,2024-02-09 17:00:00,2024
Fatih Karagümrük,,,,,,,,,,,,,,,,,,,,,,,,,,,,,Pendikspor,,,,,,,,,,,,,,,,,,,,,,,,,,,,,683370,2024-02-10 13:00:00,2024
Galatasaray,,,,,,,,,,,,,,,,,,,,,,,,,,,,,Istanbul Basaksehir,,,,,,,,,,,,,,,,,,,,,,,,,,,,,683374,2024-02-10 16:00:00,2024
Sivasspor,,,,,,,,,,,,,,,,,,,,,,,,,,,,,Caykur Rizespor,,,,,,,,,,,,,,,,,,,,,,,,,,,,,683377,2024-02-11 10:30:00,2024
Konyaspor,,,,,,,,,,,,,,,,,,,,,,,,,,,,,Ankaragucu,,,,,,,,,,,,,,,,,,,,,,,,,,,,,683375,2024-02-11 13:00:00,2024
Istanbulspor,,,,,,,,,,,,,,,,,,,,,,,,,,,,,Gaziantep FK,,,,,,,,,,,,,,,,,,,,,,,,,,,,,683373,2024-02-11 13:00:00,2024
Fenerbahce,,,,,,,,,,,,,,,,,,,,,,,,,,,,,Alanyaspor,,,,,,,,,,,,,,,,,,,,,,,,,,,,,683371,2024-02-11 16:00:00,2024
Trabzonspor,,,,,,,,,,,,,,,,,,,,,,,,,,,,,Hatayspor,,,,,,,,,,,,,,,,,,,,,,,,,,,,,683368,2024-02-12 14:00:00,2024
Kayserispor,,,,,,,,,,,,,,,,,,,,,,,,,,,,,Besiktas,,,,,,,,,,,,,,,,,,,,,,,,,,,,,683372,2024-02-12 17:00:00,2024
Samsunspor,,,,,,,,,,,,,,,,,,,,,,,,,,,,,Antalyaspor,,,,,,,,,,,,,,,,,,,,,,,,,,,,,683376,2024-02-12 17:00:00,2024
Kasimpasa,,,,,,,,,,,,,,,,,,,,,,,,,,,,,Fatih Karagümrük,,,,,,,,,,,,,,,,,,,,,,,,,,,,,683384,2024-02-16 17:00:00,2024
Antalyaspor,,,,,,,,,,,,,,,,,,,,,,,,,,,,,Istanbulspor,,,,,,,,,,,,,,,,,,,,,,,,,,,,,683380,2024-02-17 10:30:00,2024
Hatayspor,,,,,,,,,,,,,,,,,,,,,,,,,,,,,Sivasspor,,,,,,,,,,,,,,,,,,,,,,,,,,,,,683386,2024-02-17 13:00:00,2024
Caykur Rizespor,,,,,,,,,,,,,,,,,,,,,,,,,,,,,Fenerbahce,,,,,,,,,,,,,,,,,,,,,,,,,,,,,683378,2024-02-17 16:00:00,2024
Alanyaspor,,,,,,,,,,,,,,,,,,,,,,,,,,,,,Adana Demirspor,,,,,,,,,,,,,,,,,,,,,,,,,,,,,683381,2024-02-18 10:30:00,2024
Gaziantep FK,,,,,,,,,,,,,,,,,,,,,,,,,,,,,Samsunspor,,,,,,,,,,,,,,,,,,,,,,,,,,,,,683382,2024-02-18 13:00:00,2024
Pendikspor,,,,,,,,,,,,,,,,,,,,,,,,,,,,,Trabzonspor,,,,,,,,,,,,,,,,,,,,,,,,,,,,,683383,2024-02-18 13:00:00,2024
Ankaragucu,,,,,,,,,,,,,,,,,,,,,,,,,,,,,Galatasaray,,,,,,,,,,,,,,,,,,,,,,,,,,,,,683387,2024-02-18 16:00:00,2024
Istanbul Basaksehir,,,,,,,,,,,,,,,,,,,,,,,,,,,,,Kayserispor,,,,,,,,,,,,,,,,,,,,,,,,,,,,,683385,2024-02-19 17:00:00,2024
Besiktas,,,,,,,,,,,,,,,,,,,,,,,,,,,,,Konyaspor,,,,,,,,,,,,,,,,,,,,,,,,,,,,,683379,2024-02-19 17:00:00,2024
Samsunspor,,,,,,,,,,,,,,,,,,,,,,,,,,,,,Caykur Rizespor,,,,,,,,,,,,,,,,,,,,,,,,,,,,,683389,2024-02-23 17:00:00,2024
Kayserispor,,,,,,,,,,,,,,,,,,,,,,,,,,,,,Ankaragucu,,,,,,,,,,,,,,,,,,,,,,,,,,,,,683391,2024-02-24 10:30:00,2024
Gaziantep FK,,,,,,,,,,,,,,,,,,,,,,,,,,,,,Istanbul Basaksehir,,,,,,,,,,,,,,,,,,,,,,,,,,,,,683394,2024-02-24 13:00:00,2024
Fenerbahce,,,,,,,,,,,,,,,,,,,,,,,,,,,,,Kasimpasa,,,,,,,,,,,,,,,,,,,,,,,,,,,,,683392,2024-02-24 16:00:00,2024
Konyaspor,,,,,,,,,,,,,,,,,,,,,,,,,,,,,Hatayspor,,,,,,,,,,,,,,,,,,,,,,,,,,,,,683390,2024-02-24 16:00:00,2024
Sivasspor,,,,,,,,,,,,,,,,,,,,,,,,,,,,,Pendikspor,,,,,,,,,,,,,,,,,,,,,,,,,,,,,683388,2024-02-25 10:30:00,2024
Trabzonspor,,,,,,,,,,,,,,,,,,,,,,,,,,,,,Adana Demirspor,,,,,,,,,,,,,,,,,,,,,,,,,,,,,683396,2024-02-25 13:00:00,2024
Fatih Karagümrük,,,,,,,,,,,,,,,,,,,,,,,,,,,,,Alanyaspor,,,,,,,,,,,,,,,,,,,,,,,,,,,,,683395,2024-02-25 13:00:00,2024
Istanbulspor,,,,,,,,,,,,,,,,,,,,,,,,,,,,,Besiktas,,,,,,,,,,,,,,,,,,,,,,,,,,,,,683397,2024-02-25 16:00:00,2024
Galatasaray,,,,,,,,,,,,,,,,,,,,,,,,,,,,,Antalyaspor,,,,,,,,,,,,,,,,,,,,,,,,,,,,,683393,2024-02-26 17:00:00,2024
Kasimpasa,,,,,,,,,,,,,,,,,,,,,,,,,,,,,Sivasspor,,,,,,,,,,,,,,,,,,,,,,,,,,,,,683406,2024-03-01 17:00:00,2024
Ankaragucu,,,,,,,,,,,,,,,,,,,,,,,,,,,,,Istanbulspor,,,,,,,,,,,,,,,,,,,,,,,,,,,,,683399,2024-03-02 10:30:00,2024
Caykur Rizespor,,,,,,,,,,,,,,,,,,,,,,,,,,,,,Kayserispor,,,,,,,,,,,,,,,,,,,,,,,,,,,,,683403,2024-03-02 13:00:00,2024
Hatayspor,,,,,,,,,,,,,,,,,,,,,,,,,,,,,Fenerbahce,,,,,,,,,,,,,,,,,,,,,,,,,,,,,683404,2024-03-02 16:00:00,2024
Istanbul Basaksehir,,,,,,,,,,,,,,,,,,,,,,,,,,,,,Samsunspor,,,,,,,,,,,,,,,,,,,,,,,,,,,,,683405,2024-03-03 10:30:00,2024
Pendikspor,,,,,,,,,,,,,,,,,,,,,,,,,,,,,Konyaspor,,,,,,,,,,,,,,,,,,,,,,,,,,,,,683402,2024-03-03 10:30:00,2024
Besiktas,,,,,,,,,,,,,,,,,,,,,,,,,,,,,Galatasaray,,,,,,,,,,,,,,,,,,,,,,,,,,,,,683407,2024-03-03 16:00:00,2024
Adana Demirspor,,,,,,,,,,,,,,,,,,,,,,,,,,,,,Fatih Karagümrük,,,,,,,,,,,,,,,,,,,,,,,,,,,,,683401,2024-03-04 14:00:00,2024
Antalyaspor,,,,,,,,,,,,,,,,,,,,,,,,,,,,,Gaziantep FK,,,,,,,,,,,,,,,,,,,,,,,,,,,,,683398,2024-03-04 17:00:00,2024
Alanyaspor,,,,,,,,,,,,,,,,,,,,,,,,,,,,,Trabzonspor,,,,,,,,,,,,,,,,,,,,,,,,,,,,,683400,2024-03-04 17:00:00,2024
Galatasaray,,,,,,,,,,,,,,,,,,,,,,,,,,,,,Caykur Rizespor,,,,,,,,,,,,,,,,,,,,,,,,,,,,,683417,2024-03-08 17:00:00,2024
Sivasspor,,,,,,,,,,,,,,,,,,,,,,,,,,,,,Alanyaspor,,,,,,,,,,,,,,,,,,,,,,,,,,,,,683413,2024-03-09 10:30:00,2024
Konyaspor,,,,,,,,,,,,,,,,,,,,,,,,,,,,,Adana Demirspor,,,,,,,,,,,,,,,,,,,,,,,,,,,,,683411,2024-03-09 13:00:00,2024
Trabzonspor,,,,,,,,,,,,,,,,,,,,,,,,,,,,,Fatih Karagümrük,,,,,,,,,,,,,,,,,,,,,,,,,,,,,683414,2024-03-09 16:00:00,2024
Istanbul Basaksehir,,,,,,,,,,,,,,,,,,,,,,,,,,,,,Antalyaspor,,,,,,,,,,,,,,,,,,,,,,,,,,,,,683408,2024-03-09 16:00:00,2024
Kayserispor,,,,,,,,,,,,,,,,,,,,,,,,,,,,,Hatayspor,,,,,,,,,,,,,,,,,,,,,,,,,,,,,683410,2024-03-10 10:30:00,2024
Istanbulspor,,,,,,,,,,,,,,,,,,,,,,,,,,,,,Kasimpasa,,,,,,,,,,,,,,,,,,,,,,,,,,,,,683415,2024-03-10 13:00:00,2024
Samsunspor,,,,,,,,,,,,,,,,,,,,,,,,,,,,,Ankaragucu,,,,,,,,,,,,,,,,,,,,,,,,,,,,,683412,2024-03-10 13:00:00,2024
Fenerbahce,,,,,,,,,,,,,,,,,,,,,,,,,,,,,Pendikspor,,,,,,,,,,,,,,,,,,,,,,,,,,,,,683416,2024-03-10 16:00:00,2024
Gaziantep FK,,,,,,,,,,,,,,,,,,,,,,,,,,,,,Besiktas,,,,,,,,,,,,,,,,,,,,,,,,,,,,,683409,2024-03-11 17:30:00,2024
Fatih Karagümrük,,,,,,,,,,,,,,,,,,,,,,,,,,,,,Konyaspor,,,,,,,,,,,,,,,,,,,,,,,,,,,,,683420,2024-03-15 17:30:00,2024
Pendikspor,,,,,,,,,,,,,,,,,,,,,,,,,,,,,Istanbulspor,,,,,,,,,,,,,,,,,,,,,,,,,,,,,683422,2024-03-15 17:30:00,2024
Alanyaspor,,,,,,,,,,,,,,,,,,,,,,,,,,,,,Kayserispor,,,,,,,,,,,,,,,,,,,,,,,,,,,,,683426,2024-03-16 10:30:00,2024
Ankaragucu,,,,,,,,,,,,,,,,,,,,,,,,,,,,,Istanbul Basaksehir,,,,,,,,,,,,,,,,,,,,,,,,,,,,,683425,2024-03-16 13:00:00,2024
Besiktas,,,,,,,,,,,,,,,,,,,,,,,,,,,,,Antalyaspor,,,,,,,,,,,,,,,,,,,,,,,,,,,,,683424,2024-03-16 17:30:00,2024
Adana Demirspor,,,,,,,,,,,,,,,,,,,,,,,,,,,,,Sivasspor,,,,,,,,,,,,,,,,,,,,,,,,,,,,,683418,2024-03-16 17:30:00,2024
Caykur Rizespor,,,,,,,,,,,,,,,,,,,,,,,,,,,,,Gaziantep FK,,,,,,,,,,,,,,,,,,,,,,,,,,,,,683419,2024-03-17 10:30:00,2024
Hatayspor,,,,,,,,,,,,,,,,,,,,,,,,,,,,,Samsunspor,,,,,,,,,,,,,,,,,,,,,,,,,,,,,683421,2024-03-17 13:00:00,2024
Kasimpasa,,,,,,,,,,,,,,,,,,,,,,,,,,,,,Galatasaray,,,,,,,,,,,,,,,,,,,,,,,,,,,,,683427,2024-03-17 13:00:00,2024
Trabzonspor,,,,,,,,,,,,,,,,,,,,,,,,,,,,,Fenerbahce,,,,,,,,,,,,,,,,,,,,,,,,,,,,,683423,2024-03-17 17:30:00,2024
Istanbulspor,,,,,,,,,,,,,,,,,,,,,,,,,,,,,Caykur Rizespor,,,,,,,,,,,,,,,,,,,,,,,,,,,,,683433,2024-04-02 14:00:00,2024
Gaziantep FK,,,,,,,,,,,,,,,,,,,,,,,,,,,,,Alanyaspor,,,,,,,,,,,,,,,,,,,,,,,,,,,,,683436,2024-04-02 17:30:00,2024
Antalyaspor,,,,,,,,,,,,,,,,,,,,,,,,,,,,,Ankaragucu,,,,,,,,,,,,,,,,,,,,,,,,,,,,,683430,2024-04-02 17:30:00,2024
Galatasaray,,,,,,,,,,,,,,,,,,,,,,,,,,,,,Hatayspor,,,,,,,,,,,,,,,,,,,,,,,,,,,,,683435,2024-04-02 17:30:00,2024
Sivasspor,,,,,,,,,,,,,,,,,,,,,,,,,,,,,Fatih Karagümrük,,,,,,,,,,,,,,,,,,,,,,,,,,,,,683432,2024-04-03 14:00:00,2024
Fenerbahce,,,,,,,,,,,,,,,,,,,,,,,,,,,,,Adana Demirspor,,,,,,,,,,,,,,,,,,,,,,,,,,,,,683434,2024-04-03 17:30:00,2024
Kayserispor,,,,,,,,,,,,,,,,,,,,,,,,,,,,,Kasimpasa,,,,,,,,,,,,,,,,,,,,,,,,,,,,,683428,2024-04-03 17:30:00,2024
Konyaspor,,,,,,,,,,,,,,,,,,,,,,,,,,,,,Trabzonspor,,,,,,,,,,,,,,,,,,,,,,,,,,,,,683429,2024-04-03 17:30:00,2024
Istanbul Basaksehir,,,,,,,,,,,,,,,,,,,,,,,,,,,,,Besiktas,,,,,,,,,,,,,,,,,,,,,,,,,,,,,683437,2024-04-04 17:30:00,2024
Samsunspor,,,,,,,,,,,,,,,,,,,,,,,,,,,,,Pendikspor,,,,,,,,,,,,,,,,,,,,,,,,,,,,,683431,2024-04-04 17:30:00,2024
Trabzonspor,,,,,,,,,,,,,,,,,,,,,,,,,,,,,Sivasspor,,,,,,,,,,,,,,,,,,,,,,,,,,,,,683441,2024-04-12 17:00:00,2024
Kasimpasa,,,,,,,,,,,,,,,,,,,,,,,,,,,,,Konyaspor,,,,,,,,,,,,,,,,,,,,,,,,,,,,,683443,2024-04-13 10:30:00,2024
Ankaragucu,,,,,,,,,,,,,,,,,,,,,,,,,,,,,Gaziantep FK,,,,,,,,,,,,,,,,,,,,,,,,,,,,,683447,2024-04-13 13:00:00,2024
Adana Demirspor,,,,,,,,,,,,,,,,,,,,,,,,,,,,,Kayserispor,,,,,,,,,,,,,,,,,,,,,,,,,,,,,683440,2024-04-13 16:00:00,2024
Besiktas,,,,,,,,,,,,,,,,,,,,,,,,,,,,,Samsunspor,,,,,,,,,,,,,,,,,,,,,,,,,,,,,683446,2024-04-13 16:00:00,2024
Pendikspor,,,,,,,,,,,,,,,,,,,,,,,,,,,,,Istanbul Basaksehir,,,,,,,,,,,,,,,,,,,,,,,,,,,,,683442,2024-04-14 10:30:00,2024
Hatayspor,,,,,,,,,,,,,,,,,,,,,,,,,,,,,Istanbulspor,,,,,,,,,,,,,,,,,,,,,,,,,,,,,683444,2024-04-14 13:00:00,2024
Caykur Rizespor,,,,,,,,,,,,,,,,,,,,,,,,,,,,,Antalyaspor,,,,,,,,,,,,,,,,,,,,,,,,,,,,,683445,2024-04-14 13:00:00,2024
Fatih Karagümrük,,,,,,,,,,,,,,,,,,,,,,,,,,,,,Fenerbahce,,,,,,,,,,,,,,,,,,,,,,,,,,,,,683439,2024-04-14 16:00:00,2024
Alanyaspor,,,,,,,,,,,,,,,,,,,,,,,,,,,,,Galatasaray,,,,,,,,,,,,,,,,,,,,,,,,,,,,,683438,2024-04-15 17:00:00,2024
Besiktas,,,,,,,,,,,,,,,,,,,,,,,,,,,,,Ankaragucu,,,,,,,,,,,,,,,,,,,,,,,,,,,,,683457,2024-04-19 17:00:00,2024
Istanbulspor,,,,,,,,,,,,,,,,,,,,,,,,,,,,,Fatih Karagümrük,,,,,,,,,,,,,,,,,,,,,,,,,,,,,683454,2024-04-20 10:30:00,2024
Konyaspor,,,,,,,,,,,,,,,,,,,,,,,,,,,,,Alanyaspor,,,,,,,,,,,,,,,,,,,,,,,,,,,,,683450,2024-04-20 13:00:00,2024
Kayserispor,,,,,,,,,,,,,,,,,,,,,,,,,,,,,Trabzonspor,,,,,,,,,,,,,,,,,,,,,,,,,,,,,683453,2024-04-20 16:00:00,2024
Samsunspor,,,,,,,,,,,,,,,,,,,,,,,,,,,,,Adana Demirspor,,,,,,,,,,,,,,,,,,,,,,,,,,,,,683455,2024-04-20 16:00:00,2024
Istanbul Basaksehir,,,,,,,,,,,,,,,,,,,,,,,,,,,,,Caykur Rizespor,,,,,,,,,,,,,,,,,,,,,,,,,,,,,683449,2024-04-21 10:30:00,2024
Gaziantep FK,,,,,,,,,,,,,,,,,,,,,,,,,,,,,Kasimpasa,,,,,,,,,,,,,,,,,,,,,,,,,,,,,683451,2024-04-21 16:00:00,2024
Antalyaspor,,,,,,,,,,,,,,,,,,,,,,,,,,,,,Hatayspor,,,,,,,,,,,,,,,,,,,,,,,,,,,,,683448,2024-04-21 16:00:00,2024
Galatasaray,,,,,,,,,,,,,,,,,,,,,,,,,,,,,Pendikspor,,,,,,,,,,,,,,,,,,,,,,,,,,,,,683452,2024-04-21 16:00:00,2024
Sivasspor,,,,,,,,,,,,,,,,,,,,,,,,,,,,,Fenerbahce,,,,,,,,,,,,,,,,,,,,,,,,,,,,,683456,2024-04-22 17:00:00,2024
Adana Demirspor,,,,,,,,,,,,,,,,,,,,,,,,,,,,,Galatasaray,,,,,,,,,,,,,,,,,,,,,,,,,,,,,683463,2024-04-26 17:00:00,2024
Sivasspor,,,,,,,,,,,,,,,,,,,,,,,,,,,,,Konyaspor,,,,,,,,,,,,,,,,,,,,,,,,,,,,,683461,2024-04-27 13:00:00,2024
Kasimpasa,,,,,,,,,,,,,,,,,,,,,,,,,,,,,Samsunspor,,,,,,,,,,,,,,,,,,,,,,,,,,,,,683467,2024-04-27 13:00:00,2024
Hatayspor,,,,,,,,,,,,,,,,,,,,,,,,,,,,,Istanbul Basaksehir,,,,,,,,,,,,,,,,,,,,,,,,,,,,,683464,2024-04-27 16:00:00,2024
Fenerbahce,,,,,,,,,,,,,,,,,,,,,,,,,,,,,Besiktas,,,,,,,,,,,,,,,,,,,,,,,,,,,,,683465,2024-04-27 16:00:00,2024
Alanyaspor,,,,,,,,,,,,,,,,,,,,,,,,,,,,,Istanbulspor,,,,,,,,,,,,,,,,,,,,,,,,,,,,,683458,2024-04-28 13:00:00,2024
Pendikspor,,,,,,,,,,,,,,,,,,,,,,,,,,,,,Kayserispor,,,,,,,,,,,,,,,,,,,,,,,,,,,,,683459,2024-04-28 13:00:00,2024
Trabzonspor,,,,,,,,,,,,,,,,,,,,,,,,,,,,,Gaziantep FK,,,,,,,,,,,,,,,,,,,,,,,,,,,,,683462,2024-04-28 16:00:00,2024
Caykur Rizespor,,,,,,,,,,,,,,,,,,,,,,,,,,,,,Ankaragucu,,,,,,,,,,,,,,,,,,,,,,,,,,,,,683460,2024-04-28 16:00:00,2024
Fatih Karagümrük,,,,,,,,,,,,,,,,,,,,,,,,,,,,,Antalyaspor,,,,,,,,,,,,,,,,,,,,,,,,,,,,,683466,2024-04-29 17:00:00,2024
Ankaragucu,,,,,,,,,,,,,,,,,,,,,,,,,,,,,Alanyaspor,,,,,,,,,,,,,,,,,,,,,,,,,,,,,683473,2024-05-03 17:00:00,2024
Besiktas,,,,,,,,,,,,,,,,,,,,,,,,,,,,,Caykur Rizespor,,,,,,,,,,,,,,,,,,,,,,,,,,,,,683475,2024-05-03 17:00:00,2024
Istanbulspor,,,,,,,,,,,,,,,,,,,,,,,,,,,,,Adana Demirspor,,,,,,,,,,,,,,,,,,,,,,,,,,,,,683468,2024-05-04 13:00:00,2024
Samsunspor,,,,,,,,,,,,,,,,,,,,,,,,,,,,,Trabzonspor,,,,,,,,,,,,,,,,,,,,,,,,,,,,,683477,2024-05-04 16:00:00,2024
Kayserispor,,,,,,,,,,,,,,,,,,,,,,,,,,,,,Fatih Karagümrük,,,,,,,,,,,,,,,,,,,,,,,,,,,,,683469,2024-05-04 16:00:00,2024
Istanbul Basaksehir,,,,,,,,,,,,,,,,,,,,,,,,,,,,,Kasimpasa,,,,,,,,,,,,,,,,,,,,,,,,,,,,,683470,2024-05-05 13:00:00,2024
Galatasaray,,,,,,,,,,,,,,,,,,,,,,,,,,,,,Sivasspor,,,,,,,,,,,,,,,,,,,,,,,,,,,,,683476,2024-05-05 16:00:00,2024
Gaziantep FK,,,,,,,,,,,,,,,,,,,,,,,,,,,,,Hatayspor,,,,,,,,,,,,,,,,,,,,,,,,,,,,,683472,2024-05-05 16:00:00,2024
Konyaspor,,,,,,,,,,,,,,,,,,,,,,,,,,,,,Fenerbahce,,,,,,,,,,,,,,,,,,,,,,,,,,,,,683471,2024-05-06 17:00:00,2024
Antalyaspor,,,,,,,,,,,,,,,,,,,,,,,,,,,,,Pendikspor,,,,,,,,,,,,,,,,,,,,,,,,,,,,,683474,2024-05-06 17:00:00,2024
Trabzonspor,,,,,,,,,,,,,,,,,,,,,,,,,,,,,Istanbulspor,,,,,,,,,,,,,,,,,,,,,,,,,,,,,683484,2024-05-12 16:00:00,2024
Fatih Karagümrük,,,,,,,,,,,,,,,,,,,,,,,,,,,,,Galatasaray,,,,,,,,,,,,,,,,,,,,,,,,,,,,,683482,2024-05-12 16:00:00,2024
Fenerbahce,,,,,,,,,,,,,,,,,,,,,,,,,,,,,Kayserispor,,,,,,,,,,,,,,,,,,,,,,,,,,,,,683478,2024-05-12 16:00:00,2024
Adana Demirspor,,,,,,,,,,,,,,,,,,,,,,,,,,,,,Gaziantep FK,,,,,,,,,,,,,,,,,,,,,,,,,,,,,683485,2024-05-12 16:00:00,2024
Alanyaspor,,,,,,,,,,,,,,,,,,,,,,,,,,,,,Besiktas,,,,,,,,,,,,,,,,,,,,,,,,,,,,,683486,2024-05-12 16:00:00,2024
Konyaspor,,,,,,,,,,,,,,,,,,,,,,,,,,,,,Samsunspor,,,,,,,,,,,,,,,,,,,,,,,,,,,,,683487,2024-05-12 16:00:00,2024
Hatayspor,,,,,,,,,,,,,,,,,,,,,,,,,,,,,Ankaragucu,,,,,,,,,,,,,,,,,,,,,,,,,,,,,683479,2024-05-12 16:00:00,2024
Kasimpasa,,,,,,,,,,,,,,,,,,,,,,,,,,,,,Antalyaspor,,,,,,,,,,,,,,,,,,,,,,,,,,,,,683483,2024-05-12 16:00:00,2024
Pendikspor,,,,,,,,,,,,,,,,,,,,,,,,,,,,,Caykur Rizespor,,,,,,,,,,,,,,,,,,,,,,,,,,,,,683481,2024-05-12 16:00:00,2024
Sivasspor,,,,,,,,,,,,,,,,,,,,,,,,,,,,,Istanbul Basaksehir,,,,,,,,,,,,,,,,,,,,,,,,,,,,,683480,2024-05-12 16:00:00,2024
Istanbulspor,,,,,,,,,,,,,,,,,,,,,,,,,,,,,Sivasspor,,,,,,,,,,,,,,,,,,,,,,,,,,,,,683494,2024-05-17 14:00:00,2024
Antalyaspor,,,,,,,,,,,,,,,,,,,,,,,,,,,,,Adana Demirspor,,,,,,,,,,,,,,,,,,,,,,,,,,,,,683489,2024-05-17 17:00:00,2024
Istanbul Basaksehir,,,,,,,,,,,,,,,,,,,,,,,,,,,,,Trabzonspor,,,,,,,,,,,,,,,,,,,,,,,,,,,,,683495,2024-05-18 16:00:00,2024
Kayserispor,,,,,,,,,,,,,,,,,,,,,,,,,,,,,Konyaspor,,,,,,,,,,,,,,,,,,,,,,,,,,,,,683493,2024-05-18 16:00:00,2024
Samsunspor,,,,,,,,,,,,,,,,,,,,,,,,,,,,,Alanyaspor,,,,,,,,,,,,,,,,,,,,,,,,,,,,,683492,2024-05-18 16:00:00,2024
Gaziantep FK,,,,,,,,,,,,,,,,,,,,,,,,,,,,,Fatih Karagümrük,,,,,,,,,,,,,,,,,,,,,,,,,,,,,683497,2024-05-18 16:00:00,2024
Ankaragucu,,,,,,,,,,,,,,,,,,,,,,,,,,,,,Pendikspor,,,,,,,,,,,,,,,,,,,,,,,,,,,,,683490,2024-05-18 16:00:00,2024
Besiktas,,,,,,,,,,,,,,,,,,,,,,,,,,,,,Hatayspor,,,,,,,,,,,,,,,,,,,,,,,,,,,,,683496,2024-05-18 16:00:00,2024
Caykur Rizespor,,,,,,,,,,,,,,,,,,,,,,,,,,,,,Kasimpasa,,,,,,,,,,,,,,,,,,,,,,,,,,,,,683488,2024-05-18 16:00:00,2024
Galatasaray,,,,,,,,,,,,,,,,,,,,,,,,,,,,,Fenerbahce,,,,,,,,,,,,,,,,,,,,,,,,,,,,,683491,2024-05-19 16:00:00,2024
Alanyaspor,,,,,,,,,,,,,,,,,,,,,,,,,,,,,Antalyaspor,,,,,,,,,,,,,,,,,,,,,,,,,,,,,683505,2024-05-24 17:00:00,2024
Fatih Karagümrük,,,,,,,,,,,,,,,,,,,,,,,,,,,,,Samsunspor,,,,,,,,,,,,,,,,,,,,,,,,,,,,,683506,2024-05-25 13:00:00,2024
Sivasspor,,,,,,,,,,,,,,,,,,,,,,,,,,,,,Kayserispor,,,,,,,,,,,,,,,,,,,,,,,,,,,,,683499,2024-05-25 16:00:00,2024
Kasimpasa,,,,,,,,,,,,,,,,,,,,,,,,,,,,,Besiktas,,,,,,,,,,,,,,,,,,,,,,,,,,,,,683501,2024-05-26 16:00:00,2024
Trabzonspor,,,,,,,,,,,,,,,,,,,,,,,,,,,,,Ankaragucu,,,,,,,,,,,,,,,,,,,,,,,,,,,,,683504,2024-05-26 16:00:00,2024
Hatayspor,,,,,,,,,,,,,,,,,,,,,,,,,,,,,Caykur Rizespor,,,,,,,,,,,,,,,,,,,,,,,,,,,,,683500,2024-05-26 16:00:00,2024
Fenerbahce,,,,,,,,,,,,,,,,,,,,,,,,,,,,,Istanbulspor,,,,,,,,,,,,,,,,,,,,,,,,,,,,,683507,2024-05-26 16:00:00,2024
Adana Demirspor,,,,,,,,,,,,,,,,,,,,,,,,,,,,,Istanbul Basaksehir,,,,,,,,,,,,,,,,,,,,,,,,,,,,,683498,2024-05-26 16:00:00,2024
Pendikspor,,,,,,,,,,,,,,,,,,,,,,,,,,,,,Gaziantep FK,,,,,,,,,,,,,,,,,,,,,,,,,,,,,683503,2024-05-26 16:00:00,2024
Konyaspor,,,,,,,,,,,,,,,,,,,,,,,,,,,,,Galatasaray,,,,,,,,,,,,,,,,,,,,,,,,,,,,,683502,2024-05-26 16:00:00,2024
Galatasaray,11.0,0.0,0.0,0.0,12.0,3.0,71.2,26.0,9.0,0.3,1.0,1.0,0.0,0.0,0.0,0.0,0.0,0.0,0.0,0.0,0.0,6.0,0.0,0.0,0.0,0.0,0.0,0.0,Hatayspor,15.0,3.0,0.0,0.0,2.0,7.0,28.8,10.0,4.0,0.4,0.0,0.0,0.0,0.0,0.0,0.0,0.0,0.0,0.0,0.0,0.0,1.0,0.0,0.0,0.0,0.0,0.0,0.0,713902,2024-08-09 18:00:00,2024
Kasimpasa,11.0,5.0,0.0,0.0,2.0,1.0,59.9,8.0,2.0,0.3,0.0,0.0,0.0,0.0,0.0,0.0,0.0,0.0,0.0,0.0,0.0,1.0,0.0,0.0,0.0,0.0,0.0,0.0,Konyaspor,11.0,3.0,0.0,0.0,7.0,0.0,40.1,11.0,4.0,0.4,0.0,0.0,0.0,0.0,0.0,0.0,0.0,0.0,0.0,0.0,0.0,3.0,0.0,0.0,0.0,0.0,0.0,0.0,713899,2024-08-10 16:15:00,2024
Fenerbahce,16.0,2.0,0.0,0.0,9.0,0.0,52.7,12.0,5.0,0.4,0.0,0.0,0.0,0.0,0.0,0.0,0.0,0.0,0.0,0.0,0.0,4.0,0.0,0.0,0.0,0.0,0.0,0.0,Adana Demirspor,12.0,2.0,0.0,0.0,4.0,4.0,47.3,6.0,0.0,0.0,0.0,0.0,0.0,0.0,0.0,0.0,0.0,0.0,0.0,0.0,0.0,4.0,0.0,0.0,0.0,0.0,0.0,0.0,713896,2024-08-10 18:45:00,2024
Antalyaspor,8.0,2.0,0.0,0.0,4.0,2.0,63.3,12.0,3.0,0.3,0.0,0.0,0.0,0.0,0.0,0.0,0.0,0.0,0.0,0.0,0.0,2.0,0.0,0.0,0.0,0.0,0.0,0.0,Goztepe,21.0,1.0,0.0,0.0,6.0,3.0,36.7,10.0,2.0,0.2,0.0,0.0,0.0,0.0,0.0,0.0,0.0,0.0,0.0,0.0,0.0,2.0,0.0,0.0,0.0,0.0,0.0,0.0,713903,2024-08-10 18:45:00,2024
Sivasspor,12.0,1.0,0.0,0.0,5.0,2.0,32.1,14.0,5.0,0.4,0.0,0.0,0.0,0.0,0.0,0.0,0.0,0.0,0.0,0.0,0.0,2.0,0.0,0.0,0.0,0.0,0.0,0.0,Trabzonspor,11.0,0.0,0.0,0.0,7.0,5.0,67.9,16.0,2.0,0.1,0.0,0.0,0.0,0.0,0.0,0.0,0.0,0.0,0.0,0.0,0.0,5.0,0.0,0.0,0.0,0.0,0.0,0.0,713901,2024-08-11 16:15:00,2024
Alanyaspor,6.0,1.0,0.0,0.0,6.0,1.0,62.0,14.0,7.0,0.5,0.0,0.0,0.0,0.0,0.0,0.0,0.0,0.0,0.0,0.0,0.0,2.0,0.0,0.0,0.0,0.0,0.0,0.0,Eyupspor,12.0,1.0,0.0,0.0,1.0,7.0,38.0,6.0,2.0,0.3,0.0,0.0,0.0,0.0,0.0,0.0,0.0,0.0,0.0,0.0,0.0,1.0,0.0,0.0,0.0,0.0,0.0,0.0,713900,2024-08-11 18:45:00,2024
Samsunspor,11.0,2.0,0.0,0.0,6.0,0.0,57.9,19.0,4.0,0.2,0.0,0.0,0.0,0.0,0.0,0.0,0.0,0.0,0.0,0.0,0.0,3.0,0.0,0.0,0.0,0.0,0.0,0.0,Besiktas,10.0,1.0,0.0,0.0,2.0,4.0,42.1,10.0,2.0,0.2,0.0,0.0,0.0,0.0,0.0,0.0,0.0,0.0,0.0,0.0,0.0,4.0,0.0,0.0,0.0,0.0,0.0,0.0,713897,2024-08-11 18:45:00,2024
Caykur Rizespor,14.0,0.0,0.0,0.0,12.0,0.0,59.2,23.0,5.0,0.2,0.0,0.0,0.0,0.0,0.0,0.0,0.0,0.0,0.0,0.0,0.0,8.0,0.0,0.0,0.0,0.0,0.0,0.0,Istanbul Basaksehir,14.0,2.0,0.0,0.0,1.0,4.0,40.8,6.0,1.0,0.2,0.0,0.0,0.0,0.0,0.0,0.0,0.0,0.0,0.0,0.0,0.0,2.0,0.0,0.0,0.0,0.0,0.0,0.0,713898,2024-08-12 18:00:00,2024
Bodrum FK,13.0,2.0,0.0,0.0,4.0,0.0,62.3,16.0,3.0,0.2,0.0,0.0,0.0,0.0,0.0,0.0,0.0,0.0,0.0,0.0,0.0,1.0,0.0,0.0,0.0,0.0,0.0,0.0,Gaziantep FK,9.0,0.0,1.0,0.0,1.0,3.0,37.7,5.0,1.0,0.2,0.0,0.0,0.0,0.0,0.0,0.0,0.0,0.0,0.0,0.0,0.0,1.0,0.0,0.0,0.0,0.0,0.0,0.0,713895,2024-08-12 18:00:00,2024
Konyaspor,5.0,1.0,0.0,0.0,5.0,1.0,40.6,17.0,3.0,0.2,0.0,0.0,0.0,0.0,0.0,0.0,0.0,0.0,0.0,0.0,0.0,4.0,0.0,0.0,0.0,0.0,0.0,0.0,Galatasaray,17.0,1.0,0.0,0.0,8.0,2.0,59.4,7.0,3.0,0.4,0.0,0.0,0.0,0.0,0.0,0.0,0.0,0.0,0.0,0.0,0.0,1.0,0.0,0.0,0.0,0.0,0.0,0.0,713908,2024-08-16 18:00:00,2024
Kayserispor,14.0,1.0,0.0,0.0,5.0,2.0,67.4,20.0,7.0,0.4,0.0,0.0,0.0,0.0,0.0,0.0,0.0,0.0,0.0,0.0,0.0,4.0,0.0,0.0,0.0,0.0,0.0,0.0,Sivasspor,13.0,1.0,1.0,0.0,4.0,6.0,32.6,9.0,4.0,0.4,0.0,0.0,0.0,0.0,0.0,0.0,0.0,0.0,0.0,0.0,0.0,2.0,0.0,0.0,0.0,0.0,0.0,0.0,713907,2024-08-17 16:15:00,2024
Adana Demirspor,14.0,2.0,0.0,0.0,1.0,3.0,53.4,11.0,4.0,0.4,1.0,1.0,0.0,0.0,0.0,0.0,0.0,0.0,0.0,0.0,0.0,2.0,0.0,0.0,0.0,0.0,0.0,0.0,Caykur Rizespor,16.0,0.0,0.0,0.0,6.0,3.0,46.6,12.0,5.0,0.4,0.0,0.0,0.0,0.0,0.0,0.0,0.0,0.0,0.0,0.0,0.0,1.0,0.0,0.0,0.0,0.0,0.0,0.0,713910,2024-08-17 18:45:00,2024
Goztepe,19.0,3.0,0.0,0.0,5.0,3.0,44.7,15.0,7.0,0.5,0.0,0.0,0.0,0.0,0.0,0.0,0.0,0.0,0.0,0.0,0.0,2.0,0.0,0.0,0.0,0.0,0.0,0.0,Fenerbahce,12.0,3.0,0.0,0.0,5.0,5.0,55.3,14.0,5.0,0.4,1.0,1.0,0.0,0.0,0.0,0.0,0.0,0.0,0.0,0.0,0.0,3.0,0.0,0.0,0.0,0.0,0.0,0.0,713909,2024-08-17 18:45:00,2024
Istanbul Basaksehir,17.0,4.0,0.0,0.0,4.0,1.0,46.8,11.0,7.0,0.6,0.0,0.0,0.0,0.0,0.0,0.0,0.0,0.0,0.0,0.0,0.0,1.0,0.0,0.0,0.0,0.0,0.0,0.0,Alanyaspor,11.0,3.0,0.0,0.0,4.0,3.0,53.2,13.0,3.0,0.2,1.0,1.0,0.0,0.0,0.0,0.0,0.0,0.0,0.0,0.0,0.0,5.0,0.0,0.0,0.0,0.0,0.0,0.0,713906,2024-08-18 16:15:00,2024
Gaziantep FK,10.0,3.0,0.0,0.0,6.0,4.0,48.4,17.0,6.0,0.4,0.0,0.0,0.0,0.0,0.0,0.0,0.0,0.0,0.0,0.0,0.0,7.0,0.0,0.0,0.0,0.0,0.0,0.0,Samsunspor,12.0,3.0,0.0,0.0,3.0,6.0,51.6,13.0,4.0,0.3,0.0,0.0,0.0,0.0,0.0,0.0,0.0,0.0,0.0,0.0,0.0,2.0,0.0,0.0,0.0,0.0,0.0,0.0,713912,2024-08-18 18:45:00,2024
Besiktas,17.0,4.0,0.0,0.0,3.0,1.0,56.0,14.0,6.0,0.4,0.0,0.0,0.0,0.0,0.0,0.0,0.0,0.0,0.0,0.0,0.0,3.0,0.0,0.0,0.0,0.0,0.0,0.0,Antalyaspor,13.0,1.0,1.0,0.0,0.0,1.0,44.0,7.0,3.0,0.4,0.0,0.0,0.0,0.0,0.0,0.0,0.0,0.0,0.0,0.0,0.0,2.0,0.0,0.0,0.0,0.0,0.0,0.0,713911,2024-08-18 18:45:00,2024
Eyupspor,8.0,1.0,0.0,0.0,3.0,4.0,64.5,15.0,8.0,0.5,0.0,0.0,0.0,0.0,0.0,0.0,0.0,0.0,0.0,0.0,0.0,5.0,0.0,0.0,0.0,0.0,0.0,0.0,Bodrum FK,11.0,1.0,0.0,0.0,4.0,4.0,35.5,18.0,5.0,0.3,0.0,0.0,0.0,0.0,0.0,0.0,0.0,0.0,0.0,0.0,0.0,6.0,0.0,0.0,0.0,0.0,0.0,0.0,713904,2024-08-19 18:00:00,2024
Hatayspor,7.0,2.0,0.0,0.0,3.0,5.0,38.1,9.0,1.0,0.1,0.0,0.0,0.0,0.0,0.0,0.0,0.0,0.0,0.0,0.0,0.0,5.0,0.0,0.0,0.0,0.0,0.0,0.0,Kasimpasa,10.0,1.0,0.0,0.0,7.0,0.0,61.9,14.0,6.0,0.4,0.0,0.0,0.0,0.0,0.0,0.0,0.0,0.0,0.0,0.0,0.0,5.0,0.0,0.0,0.0,0.0,0.0,0.0,713905,2024-08-19 18:00:00,2024
Alanyaspor,6.0,1.0,0.0,0.0,8.0,2.0,68.5,11.0,3.0,0.3,0.0,0.0,0.0,0.0,0.0,0.0,0.0,0.0,0.0,0.0,0.0,4.0,0.0,0.0,0.0,0.0,0.0,0.0,Goztepe,23.0,4.0,0.0,0.0,2.0,2.0,31.5,10.0,3.0,0.3,0.0,0.0,0.0,0.0,0.0,0.0,0.0,0.0,0.0,0.0,0.0,4.0,0.0,0.0,0.0,0.0,0.0,0.0,713918,2024-08-23 18:00:00,2024
Sivasspor,14.0,2.0,0.0,0.0,4.0,2.0,46.1,10.0,3.0,0.3,0.0,0.0,0.0,0.0,0.0,0.0,0.0,0.0,0.0,0.0,0.0,4.0,0.0,0.0,0.0,0.0,0.0,0.0,Eyupspor,15.0,3.0,0.0,0.0,4.0,3.0,53.9,12.0,3.0,0.3,0.0,0.0,0.0,0.0,0.0,0.0,0.0,0.0,0.0,0.0,0.0,1.0,0.0,0.0,0.0,0.0,0.0,0.0,713920,2024-08-24 16:15:00,2024
Bodrum FK,11.0,2.0,0.0,0.0,5.0,2.0,36.7,11.0,4.0,0.4,1.0,1.0,0.0,0.0,0.0,0.0,0.0,0.0,0.0,0.0,0.0,4.0,0.0,0.0,0.0,0.0,0.0,0.0,Konyaspor,13.0,2.0,0.0,0.0,5.0,2.0,63.3,7.0,3.0,0.4,0.0,0.0,0.0,0.0,0.0,0.0,0.0,0.0,0.0,0.0,0.0,2.0,0.0,0.0,0.0,0.0,0.0,0.0,713917,2024-08-24 18:45:00,2024
Kasimpasa,11.0,1.0,0.0,0.0,8.0,1.0,53.3,21.0,6.0,0.3,0.0,0.0,0.0,0.0,0.0,0.0,0.0,0.0,0.0,0.0,0.0,6.0,0.0,0.0,0.0,0.0,0.0,0.0,Adana Demirspor,11.0,0.0,0.0,0.0,4.0,4.0,46.7,11.0,3.0,0.3,0.0,1.0,0.0,0.0,0.0,0.0,0.0,0.0,0.0,0.0,0.0,1.0,0.0,0.0,0.0,0.0,0.0,0.0,713913,2024-08-25 16:15:00,2024
Caykur Rizespor,13.0,3.0,0.0,0.0,1.0,4.0,48.5,9.0,3.0,0.3,0.0,0.0,0.0,0.0,0.0,0.0,0.0,0.0,0.0,0.0,0.0,2.0,0.0,0.0,0.0,0.0,0.0,0.0,Fenerbahce,19.0,2.0,0.0,0.0,6.0,3.0,51.5,19.0,8.0,0.4,0.0,0.0,0.0,0.0,0.0,0.0,0.0,0.0,0.0,0.0,0.0,3.0,0.0,0.0,0.0,0.0,0.0,0.0,713916,2024-08-25 18:45:00,2024
Antalyaspor,16.0,4.0,0.0,0.0,10.0,3.0,63.3,11.0,6.0,0.5,1.0,2.0,0.0,0.0,0.0,0.0,0.0,0.0,0.0,0.0,0.0,1.0,0.0,0.0,0.0,0.0,0.0,0.0,Hatayspor,19.0,6.0,1.0,0.0,2.0,3.0,36.7,10.0,4.0,0.4,1.0,1.0,0.0,0.0,0.0,0.0,0.0,0.0,0.0,0.0,0.0,3.0,0.0,0.0,0.0,0.0,0.0,0.0,713921,2024-08-25 18:45:00,2024
Fenerbahce,13.0,1.0,0.0,0.0,2.0,1.0,49.3,19.0,8.0,0.4,0.0,0.0,0.0,0.0,0.0,0.0,0.0,0.0,0.0,0.0,0.0,6.0,0.0,0.0,0.0,0.0,0.0,0.0,Alanyaspor,11.0,4.0,0.0,0.0,1.0,5.0,50.7,9.0,1.0,0.1,0.0,0.0,0.0,0.0,0.0,0.0,0.0,0.0,0.0,0.0,0.0,3.0,0.0,0.0,0.0,0.0,0.0,0.0,713928,2024-08-30 18:00:00,2024
Caykur Rizespor,11.0,1.0,0.0,0.0,10.0,4.0,61.8,18.0,3.0,0.2,0.0,0.0,0.0,0.0,0.0,0.0,0.0,0.0,0.0,0.0,0.0,11.0,0.0,0.0,0.0,0.0,0.0,0.0,Kasimpasa,14.0,3.0,0.0,0.0,3.0,2.0,38.2,9.0,4.0,0.4,0.0,0.0,0.0,0.0,0.0,0.0,0.0,0.0,0.0,0.0,0.0,1.0,0.0,0.0,0.0,0.0,0.0,0.0,713926,2024-08-31 16:15:00,2024
Konyaspor,13.0,1.0,0.0,0.0,6.0,3.0,48.1,14.0,1.0,0.1,0.0,0.0,0.0,0.0,0.0,0.0,0.0,0.0,0.0,0.0,0.0,7.0,0.0,0.0,0.0,0.0,0.0,0.0,Kayserispor,17.0,1.0,0.0,0.0,5.0,1.0,51.9,9.0,3.0,0.3,0.0,0.0,0.0,0.0,0.0,0.0,0.0,0.0,0.0,0.0,0.0,2.0,0.0,0.0,0.0,0.0,0.0,0.0,713929,2024-08-31 16:15:00,2024
Goztepe,13.0,4.0,0.0,0.0,6.0,3.0,49.0,14.0,4.0,0.3,0.0,0.0,0.0,0.0,0.0,0.0,0.0,0.0,0.0,0.0,0.0,4.0,0.0,0.0,0.0,0.0,0.0,0.0,Bodrum FK,4.0,1.0,0.0,0.0,2.0,2.0,51.0,14.0,3.0,0.2,0.0,0.0,0.0,0.0,0.0,0.0,0.0,0.0,0.0,0.0,0.0,4.0,0.0,0.0,0.0,0.0,0.0,0.0,713922,2024-08-31 18:45:00,2024
Adana Demirspor,8.0,3.0,1.0,0.0,3.0,3.0,41.8,14.0,5.0,0.4,1.0,2.0,0.0,0.0,0.0,0.0,0.0,0.0,0.0,0.0,0.0,1.0,0.0,0.0,0.0,0.0,0.0,0.0,Galatasaray,9.0,0.0,0.0,0.0,4.0,4.0,58.2,16.0,7.0,0.4,0.0,1.0,0.0,0.0,0.0,0.0,0.0,0.0,0.0,0.0,0.0,2.0,0.0,0.0,0.0,0.0,0.0,0.0,713924,2024-08-31 18:45:00,2024
Eyupspor,10.0,3.0,0.0,0.0,3.0,4.0,47.6,12.0,6.0,0.5,0.0,0.0,0.0,0.0,0.0,0.0,0.0,0.0,0.0,0.0,0.0,3.0,0.0,0.0,0.0,0.0,0.0,0.0,Trabzonspor,9.0,0.0,0.0,0.0,4.0,6.0,52.4,8.0,4.0,0.5,0.0,0.0,0.0,0.0,0.0,0.0,0.0,0.0,0.0,0.0,0.0,1.0,0.0,0.0,0.0,0.0,0.0,0.0,713923,2024-09-01 16:15:00,2024
Istanbul Basaksehir,16.0,1.0,0.0,0.0,3.0,1.0,54.4,14.0,7.0,0.5,0.0,0.0,0.0,0.0,0.0,0.0,0.0,0.0,0.0,0.0,0.0,5.0,0.0,0.0,0.0,0.0,0.0,0.0,Antalyaspor,14.0,2.0,0.0,0.0,5.0,2.0,45.6,10.0,3.0,0.3,0.0,0.0,0.0,0.0,0.0,0.0,0.0,0.0,0.0,0.0,0.0,4.0,0.0,0.0,0.0,0.0,0.0,0.0,713930,2024-09-01 16:15:00,2024
Besiktas,15.0,4.0,0.0,0.0,5.0,1.0,66.8,12.0,8.0,0.7,1.0,1.0,0.0,0.0,0.0,0.0,0.0,0.0,0.0,0.0,0.0,0.0,0.0,0.0,0.0,0.0,0.0,0.0,Sivasspor,9.0,5.0,0.0,0.0,5.0,6.0,33.2,7.0,1.0,0.1,0.0,0.0,0.0,0.0,0.0,0.0,0.0,0.0,0.0,0.0,0.0,3.0,0.0,0.0,0.0,0.0,0.0,0.0,713925,2024-09-01 18:45:00,2024
Hatayspor,8.0,0.0,0.0,0.0,2.0,3.0,54.3,5.0,1.0,0.2,0.0,0.0,0.0,0.0,0.0,0.0,0.0,0.0,0.0,0.0,0.0,2.0,0.0,0.0,0.0,0.0,0.0,0.0,Samsunspor,12.0,2.0,0.0,0.0,4.0,1.0,45.7,14.0,6.0,0.4,0.0,1.0,0.0,0.0,0.0,0.0,0.0,0.0,0.0,0.0,0.0,3.0,0.0,0.0,0.0,0.0,0.0,0.0,713927,2024-09-01 18:45:00,2024
Sivasspor,15.0,3.0,1.0,0.0,3.0,3.0,47.2,16.0,4.0,0.3,0.0,0.0,0.0,0.0,0.0,0.0,0.0,0.0,0.0,0.0,0.0,6.0,0.0,0.0,0.0,0.0,0.0,0.0,Gaziantep FK,15.0,6.0,0.0,0.0,5.0,1.0,52.8,14.0,5.0,0.4,1.0,1.0,0.0,0.0,0.0,0.0,0.0,0.0,0.0,0.0,0.0,2.0,0.0,0.0,0.0,0.0,0.0,0.0,713939,2024-09-14 14:00:00,2024
Samsunspor,11.0,0.0,0.0,0.0,12.0,2.0,67.1,13.0,2.0,0.2,0.0,0.0,0.0,0.0,0.0,0.0,0.0,0.0,0.0,0.0,0.0,7.0,0.0,0.0,0.0,0.0,0.0,0.0,Konyaspor,14.0,2.0,0.0,0.0,1.0,2.0,32.9,6.0,3.0,0.5,0.0,0.0,0.0,0.0,0.0,0.0,0.0,0.0,0.0,0.0,0.0,2.0,0.0,0.0,0.0,0.0,0.0,0.0,713938,2024-09-14 14:00:00,2024
Galatasaray,16.0,0.0,0.0,0.0,6.0,1.0,56.5,25.0,9.0,0.4,0.0,0.0,0.0,0.0,0.0,0.0,0.0,0.0,0.0,0.0,0.0,10.0,0.0,0.0,0.0,0.0,0.0,0.0,Caykur Rizespor,11.0,0.0,0.0,0.0,1.0,4.0,43.5,4.0,1.0,0.3,0.0,0.0,0.0,0.0,0.0,0.0,0.0,0.0,0.0,0.0,0.0,1.0,0.0,0.0,0.0,0.0,0.0,0.0,713935,2024-09-14 17:00:00,2024
Bodrum FK,22.0,0.0,1.0,0.0,5.0,4.0,36.0,10.0,3.0,0.3,0.0,0.0,0.0,0.0,0.0,0.0,0.0,0.0,0.0,0.0,0.0,2.0,0.0,0.0,0.0,0.0,0.0,0.0,Istanbul Basaksehir,14.0,0.0,1.0,0.0,7.0,3.0,64.0,13.0,5.0,0.4,0.0,0.0,0.0,0.0,0.0,0.0,0.0,0.0,0.0,0.0,0.0,3.0,0.0,0.0,0.0,0.0,0.0,0.0,713931,2024-09-14 17:00:00,2024
Kasimpasa,11.0,3.0,0.0,0.0,6.0,0.0,58.1,14.0,2.0,0.1,0.0,0.0,0.0,0.0,0.0,0.0,0.0,0.0,0.0,0.0,0.0,2.0,0.0,0.0,0.0,0.0,0.0,0.0,Fenerbahce,16.0,1.0,0.0,0.0,5.0,2.0,41.9,6.0,2.0,0.3,1.0,1.0,0.0,0.0,0.0,0.0,0.0,0.0,0.0,0.0,0.0,0.0,0.0,0.0,0.0,0.0,0.0,0.0,713936,2024-09-15 14:00:00,2024
Kayserispor,12.0,4.0,0.0,0.0,6.0,6.0,59.6,14.0,6.0,0.4,0.0,0.0,0.0,0.0,0.0,0.0,0.0,0.0,0.0,0.0,0.0,4.0,0.0,0.0,0.0,0.0,0.0,0.0,Eyupspor,10.0,2.0,0.0,0.0,8.0,4.0,40.4,15.0,8.0,0.5,0.0,0.0,0.0,0.0,0.0,0.0,0.0,0.0,0.0,0.0,0.0,3.0,0.0,0.0,0.0,0.0,0.0,0.0,713937,2024-09-15 14:00:00,2024
Alanyaspor,11.0,3.0,0.0,0.0,5.0,1.0,57.0,12.0,3.0,0.3,0.0,0.0,0.0,0.0,0.0,0.0,0.0,0.0,0.0,0.0,0.0,4.0,0.0,0.0,0.0,0.0,0.0,0.0,Hatayspor,16.0,1.0,0.0,0.0,4.0,3.0,43.0,7.0,1.0,0.1,0.0,0.0,0.0,0.0,0.0,0.0,0.0,0.0,0.0,0.0,0.0,3.0,0.0,0.0,0.0,0.0,0.0,0.0,713933,2024-09-15 17:00:00,2024
Trabzonspor,17.0,2.0,1.0,0.0,1.0,6.0,24.6,5.0,1.0,0.2,0.0,0.0,0.0,0.0,0.0,0.0,0.0,0.0,0.0,0.0,0.0,2.0,0.0,0.0,0.0,0.0,0.0,0.0,Besiktas,9.0,3.0,0.0,0.0,13.0,0.0,75.4,22.0,7.0,0.3,0.0,0.0,0.0,0.0,0.0,0.0,0.0,0.0,0.0,0.0,0.0,5.0,0.0,0.0,0.0,0.0,0.0,0.0,713932,2024-09-15 17:00:00,2024
Samsunspor,12.0,5.0,0.0,0.0,4.0,5.0,36.5,13.0,6.0,0.5,0.0,0.0,0.0,0.0,0.0,0.0,0.0,0.0,0.0,0.0,0.0,2.0,0.0,0.0,0.0,0.0,0.0,0.0,Istanbul Basaksehir,11.0,2.0,0.0,0.0,2.0,4.0,63.5,15.0,6.0,0.4,0.0,0.0,0.0,0.0,0.0,0.0,0.0,0.0,0.0,0.0,0.0,1.0,0.0,0.0,0.0,0.0,0.0,0.0,713914,2024-09-18 17:00:00,2024
Trabzonspor,6.0,0.0,0.0,0.0,8.0,3.0,65.7,25.0,8.0,0.3,0.0,0.0,0.0,0.0,0.0,0.0,0.0,0.0,0.0,0.0,0.0,6.0,0.0,0.0,0.0,0.0,0.0,0.0,Kayserispor,11.0,4.0,1.0,0.0,3.0,6.0,34.3,13.0,5.0,0.4,0.0,1.0,0.0,0.0,0.0,0.0,0.0,0.0,0.0,0.0,0.0,3.0,0.0,0.0,0.0,0.0,0.0,0.0,713915,2024-09-19 17:00:00,2024
Hatayspor,11.0,2.0,0.0,0.0,9.0,0.0,65.9,13.0,2.0,0.2,0.0,0.0,0.0,0.0,0.0,0.0,0.0,0.0,0.0,0.0,0.0,7.0,0.0,0.0,0.0,0.0,0.0,0.0,Bodrum FK,13.0,6.0,0.0,0.0,7.0,2.0,34.1,8.0,1.0,0.1,0.0,0.0,0.0,0.0,0.0,0.0,0.0,0.0,0.0,0.0,0.0,2.0,0.0,0.0,0.0,0.0,0.0,0.0,713941,2024-09-20 17:00:00,2024
Konyaspor,17.0,5.0,0.0,0.0,7.0,5.0,54.5,15.0,5.0,0.3,0.0,0.0,0.0,0.0,0.0,0.0,0.0,0.0,0.0,0.0,0.0,4.0,0.0,0.0,0.0,0.0,0.0,0.0,Sivasspor,14.0,4.0,0.0,0.0,4.0,5.0,45.5,10.0,5.0,0.5,0.0,0.0,0.0,0.0,0.0,0.0,0.0,0.0,0.0,0.0,0.0,2.0,0.0,0.0,0.0,0.0,0.0,0.0,713946,2024-09-21 14:00:00,2024
Fenerbahce,13.0,3.0,0.0,0.0,10.0,4.0,55.9,25.0,10.0,0.4,1.0,1.0,0.0,0.0,0.0,0.0,0.0,0.0,0.0,0.0,0.0,7.0,0.0,0.0,0.0,0.0,0.0,0.0,Galatasaray,23.0,6.0,0.0,0.0,2.0,8.0,44.1,14.0,6.0,0.4,0.0,0.0,0.0,0.0,0.0,0.0,0.0,0.0,0.0,0.0,0.0,0.0,0.0,0.0,0.0,0.0,0.0,0.0,713940,2024-09-21 17:00:00,2024
Kasimpasa,18.0,1.0,1.0,0.0,3.0,2.0,57.3,13.0,3.0,0.2,0.0,0.0,0.0,0.0,0.0,0.0,0.0,0.0,0.0,0.0,0.0,1.0,0.0,0.0,0.0,0.0,0.0,0.0,Antalyaspor,18.0,6.0,0.0,0.0,1.0,3.0,42.7,4.0,2.0,0.5,0.0,0.0,0.0,0.0,0.0,0.0,0.0,0.0,0.0,0.0,0.0,1.0,0.0,0.0,0.0,0.0,0.0,0.0,713945,2024-09-22 14:00:00,2024
Caykur Rizespor,13.0,2.0,0.0,0.0,3.0,1.0,63.8,12.0,1.0,0.1,0.0,0.0,0.0,0.0,0.0,0.0,0.0,0.0,0.0,0.0,0.0,3.0,0.0,0.0,0.0,0.0,0.0,0.0,Samsunspor,11.0,2.0,0.0,0.0,0.0,1.0,36.2,9.0,2.0,0.2,0.0,0.0,0.0,0.0,0.0,0.0,0.0,0.0,0.0,0.0,0.0,2.0,0.0,0.0,0.0,0.0,0.0,0.0,713942,2024-09-22 14:00:00,2024
Adana Demirspor,9.0,1.0,0.0,0.0,6.0,5.0,54.6,9.0,2.0,0.2,0.0,0.0,0.0,0.0,0.0,0.0,0.0,0.0,0.0,0.0,0.0,1.0,0.0,0.0,0.0,0.0,0.0,0.0,Alanyaspor,10.0,3.0,0.0,0.0,6.0,2.0,45.4,13.0,7.0,0.5,0.0,0.0,0.0,0.0,0.0,0.0,0.0,0.0,0.0,0.0,0.0,1.0,0.0,0.0,0.0,0.0,0.0,0.0,713948,2024-09-22 17:00:00,2024
Besiktas,11.0,1.0,0.0,0.0,8.0,3.0,62.3,15.0,6.0,0.4,1.0,1.0,0.0,0.0,0.0,0.0,0.0,0.0,0.0,0.0,0.0,3.0,0.0,0.0,0.0,0.0,0.0,0.0,Eyupspor,14.0,4.0,0.0,0.0,4.0,4.0,37.7,11.0,4.0,0.4,1.0,1.0,0.0,0.0,0.0,0.0,0.0,0.0,0.0,0.0,0.0,3.0,0.0,0.0,0.0,0.0,0.0,0.0,713947,2024-09-22 17:00:00,2024
Gaziantep FK,16.0,5.0,0.0,0.0,9.0,3.0,36.0,12.0,4.0,0.3,0.0,0.0,0.0,0.0,0.0,0.0,0.0,0.0,0.0,0.0,0.0,1.0,0.0,0.0,0.0,0.0,0.0,0.0,Trabzonspor,13.0,4.0,0.0,0.0,2.0,4.0,64.0,11.0,3.0,0.3,0.0,0.0,0.0,0.0,0.0,0.0,0.0,0.0,0.0,0.0,0.0,4.0,0.0,0.0,0.0,0.0,0.0,0.0,713943,2024-09-23 17:00:00,2024
Goztepe,13.0,2.0,0.0,0.0,6.0,3.0,37.4,20.0,7.0,0.4,0.0,0.0,0.0,0.0,0.0,0.0,0.0,0.0,0.0,0.0,0.0,1.0,0.0,0.0,0.0,0.0,0.0,0.0,Kayserispor,10.0,2.0,0.0,0.0,4.0,4.0,62.6,8.0,3.0,0.4,0.0,0.0,0.0,0.0,0.0,0.0,0.0,0.0,0.0,0.0,0.0,2.0,0.0,0.0,0.0,0.0,0.0,0.0,713944,2024-09-23 17:00:00,2024
Sivasspor,12.0,1.0,0.0,0.0,2.0,2.0,52.3,10.0,3.0,0.3,0.0,0.0,0.0,0.0,0.0,0.0,0.0,0.0,0.0,0.0,0.0,2.0,0.0,0.0,0.0,0.0,0.0,0.0,Istanbul Basaksehir,12.0,4.0,0.0,0.0,3.0,2.0,47.7,11.0,4.0,0.4,0.0,0.0,0.0,0.0,0.0,0.0,0.0,0.0,0.0,0.0,0.0,0.0,0.0,0.0,0.0,0.0,0.0,0.0,713952,2024-09-27 17:00:00,2024
Samsunspor,6.0,0.0,0.0,0.0,6.0,1.0,69.9,21.0,9.0,0.4,0.0,0.0,0.0,0.0,0.0,0.0,0.0,0.0,0.0,0.0,0.0,8.0,0.0,0.0,0.0,0.0,0.0,0.0,Goztepe,9.0,2.0,0.0,0.0,3.0,4.0,30.1,9.0,3.0,0.3,0.0,0.0,0.0,0.0,0.0,0.0,0.0,0.0,0.0,0.0,0.0,1.0,0.0,0.0,0.0,0.0,0.0,0.0,713957,2024-09-28 13:00:00,2024
Alanyaspor,12.0,3.0,0.0,0.0,7.0,1.0,44.4,12.0,2.0,0.2,0.0,0.0,0.0,0.0,0.0,0.0,0.0,0.0,0.0,0.0,0.0,6.0,0.0,0.0,0.0,0.0,0.0,0.0,Caykur Rizespor,13.0,3.0,0.0,0.0,2.0,1.0,55.6,11.0,2.0,0.2,0.0,0.0,0.0,0.0,0.0,0.0,0.0,0.0,0.0,0.0,0.0,4.0,0.0,0.0,0.0,0.0,0.0,0.0,713951,2024-09-28 16:00:00,2024
Galatasaray,10.0,2.0,0.0,0.0,2.0,4.0,49.9,7.0,3.0,0.4,0.0,0.0,0.0,0.0,0.0,0.0,0.0,0.0,0.0,0.0,0.0,3.0,0.0,0.0,0.0,0.0,0.0,0.0,Kasimpasa,10.0,3.0,0.0,0.0,4.0,0.0,50.1,12.0,6.0,0.5,1.0,1.0,0.0,0.0,0.0,0.0,0.0,0.0,0.0,0.0,0.0,2.0,0.0,0.0,0.0,0.0,0.0,0.0,713950,2024-09-28 16:00:00,2024
Trabzonspor,18.0,4.0,0.0,0.0,4.0,2.0,66.3,16.0,5.0,0.3,1.0,1.0,0.0,0.0,0.0,0.0,0.0,0.0,0.0,0.0,0.0,5.0,0.0,0.0,0.0,0.0,0.0,0.0,Konyaspor,11.0,1.0,0.0,0.0,2.0,2.0,33.7,12.0,4.0,0.3,0.0,1.0,0.0,0.0,0.0,0.0,0.0,0.0,0.0,0.0,0.0,3.0,0.0,0.0,0.0,0.0,0.0,0.0,713955,2024-09-29 13:00:00,2024
Eyupspor,16.0,1.0,0.0,0.0,5.0,2.0,63.2,11.0,5.0,0.5,0.0,1.0,0.0,0.0,0.0,0.0,0.0,0.0,0.0,0.0,0.0,1.0,0.0,0.0,0.0,0.0,0.0,0.0,Gaziantep FK,12.0,4.0,0.0,0.0,5.0,2.0,36.8,14.0,4.0,0.3,0.0,0.0,0.0,0.0,0.0,0.0,0.0,0.0,0.0,0.0,0.0,4.0,0.0,0.0,0.0,0.0,0.0,0.0,713953,2024-09-29 13:00:00,2024
Antalyaspor,10.0,1.0,0.0,0.0,2.0,3.0,50.5,10.0,0.0,0.0,0.0,0.0,0.0,0.0,0.0,0.0,0.0,0.0,0.0,0.0,0.0,2.0,0.0,0.0,0.0,0.0,0.0,0.0,Fenerbahce,13.0,1.0,0.0,0.0,5.0,0.0,49.5,14.0,6.0,0.4,0.0,0.0,0.0,0.0,0.0,0.0,0.0,0.0,0.0,0.0,0.0,3.0,0.0,0.0,0.0,0.0,0.0,0.0,713956,2024-09-29 16:00:00,2024
Bodrum FK,14.0,2.0,0.0,0.0,7.0,4.0,47.3,18.0,7.0,0.4,0.0,1.0,0.0,0.0,0.0,0.0,0.0,0.0,0.0,0.0,0.0,7.0,0.0,0.0,0.0,0.0,0.0,0.0,Adana Demirspor,12.0,5.0,0.0,0.0,6.0,4.0,52.7,16.0,5.0,0.3,0.0,0.0,0.0,0.0,0.0,0.0,0.0,0.0,0.0,0.0,0.0,5.0,0.0,0.0,0.0,0.0,0.0,0.0,713949,2024-09-29 16:00:00,2024
Kayserispor,12.0,4.0,0.0,0.0,7.0,2.0,48.4,10.0,4.0,0.4,0.0,0.0,0.0,0.0,0.0,0.0,0.0,0.0,0.0,0.0,0.0,3.0,0.0,0.0,0.0,0.0,0.0,0.0,Besiktas,12.0,3.0,0.0,0.0,3.0,4.0,51.6,9.0,5.0,0.6,1.0,1.0,0.0,0.0,0.0,0.0,0.0,0.0,0.0,0.0,0.0,1.0,0.0,0.0,0.0,0.0,0.0,0.0,713954,2024-09-30 17:00:00,2024
Caykur Rizespor,13.0,6.0,0.0,0.0,3.0,2.0,32.6,6.0,2.0,0.3,0.0,0.0,0.0,0.0,0.0,0.0,0.0,0.0,0.0,0.0,0.0,2.0,0.0,0.0,0.0,0.0,0.0,0.0,Antalyaspor,10.0,2.0,0.0,0.0,3.0,0.0,67.4,16.0,3.0,0.2,0.0,0.0,0.0,0.0,0.0,0.0,0.0,0.0,0.0,0.0,0.0,4.0,0.0,0.0,0.0,0.0,0.0,0.0,713963,2024-10-04 17:00:00,2024
Hatayspor,14.0,4.0,0.0,0.0,5.0,5.0,38.6,13.0,6.0,0.5,0.0,0.0,0.0,0.0,0.0,0.0,0.0,0.0,0.0,0.0,0.0,3.0,0.0,0.0,0.0,0.0,0.0,0.0,Trabzonspor,14.0,6.0,0.0,0.0,7.0,5.0,61.4,15.0,7.0,0.5,0.0,0.0,0.0,0.0,0.0,0.0,0.0,0.0,0.0,0.0,0.0,1.0,0.0,0.0,0.0,0.0,0.0,0.0,713958,2024-10-05 16:00:00,2024
Istanbul Basaksehir,12.0,1.0,0.0,0.0,3.0,2.0,61.9,15.0,7.0,0.5,0.0,0.0,0.0,0.0,0.0,0.0,0.0,0.0,0.0,0.0,0.0,1.0,0.0,0.0,0.0,0.0,0.0,0.0,Kayserispor,17.0,1.0,0.0,0.0,3.0,6.0,38.1,11.0,4.0,0.4,0.0,0.0,0.0,0.0,0.0,0.0,0.0,0.0,0.0,0.0,0.0,3.0,0.0,0.0,0.0,0.0,0.0,0.0,713959,2024-10-05 16:00:00,2024
Konyaspor,12.0,5.0,0.0,0.0,5.0,4.0,29.3,15.0,5.0,0.3,0.0,0.0,0.0,0.0,0.0,0.0,0.0,0.0,0.0,0.0,0.0,5.0,0.0,0.0,0.0,0.0,0.0,0.0,Eyupspor,10.0,2.0,0.0,0.0,2.0,4.0,70.7,9.0,5.0,0.6,0.0,0.0,0.0,0.0,0.0,0.0,0.0,0.0,0.0,0.0,0.0,3.0,0.0,0.0,0.0,0.0,0.0,0.0,713965,2024-10-06 10:30:00,2024
Adana Demirspor,8.0,3.0,0.0,0.0,5.0,1.0,43.7,14.0,6.0,0.4,1.0,1.0,0.0,0.0,0.0,0.0,0.0,0.0,0.0,0.0,0.0,4.0,0.0,0.0,0.0,0.0,0.0,0.0,Samsunspor,14.0,3.0,0.0,0.0,5.0,5.0,56.3,6.0,4.0,0.7,0.0,0.0,0.0,0.0,0.0,0.0,0.0,0.0,0.0,0.0,0.0,0.0,0.0,0.0,0.0,0.0,0.0,0.0,713964,2024-10-06 13:00:00,2024
Galatasaray,15.0,2.0,0.0,0.0,10.0,0.0,55.3,18.0,9.0,0.5,0.0,0.0,0.0,0.0,0.0,0.0,0.0,0.0,0.0,0.0,0.0,5.0,0.0,0.0,0.0,0.0,0.0,0.0,Alanyaspor,7.0,3.0,0.0,0.0,3.0,8.0,44.7,5.0,0.0,0.0,0.0,0.0,0.0,0.0,0.0,0.0,0.0,0.0,0.0,0.0,0.0,2.0,0.0,0.0,0.0,0.0,0.0,0.0,713966,2024-10-06 16:00:00,2024
Gaziantep FK,14.0,4.0,0.0,0.0,4.0,2.0,41.9,11.0,5.0,0.5,0.0,0.0,0.0,0.0,0.0,0.0,0.0,0.0,0.0,0.0,0.0,1.0,0.0,0.0,0.0,0.0,0.0,0.0,Besiktas,14.0,2.0,0.0,0.0,5.0,4.0,58.1,13.0,3.0,0.2,1.0,1.0,0.0,0.0,0.0,0.0,0.0,0.0,0.0,0.0,0.0,4.0,0.0,0.0,0.0,0.0,0.0,0.0,713961,2024-10-06 16:00:00,2024
Kayserispor,12.0,3.0,0.0,0.0,13.0,1.0,61.4,15.0,4.0,0.3,0.0,0.0,0.0,0.0,0.0,0.0,0.0,0.0,0.0,0.0,0.0,4.0,0.0,0.0,0.0,0.0,0.0,0.0,Gaziantep FK,13.0,1.0,0.0,0.0,0.0,2.0,38.6,7.0,3.0,0.4,0.0,0.0,0.0,0.0,0.0,0.0,0.0,0.0,0.0,0.0,0.0,1.0,0.0,0.0,0.0,0.0,0.0,0.0,713971,2024-10-19 10:30:00,2024
Trabzonspor,18.0,0.0,0.0,0.0,8.0,2.0,59.0,15.0,4.0,0.3,0.0,0.0,0.0,0.0,0.0,0.0,0.0,0.0,0.0,0.0,0.0,6.0,0.0,0.0,0.0,0.0,0.0,0.0,Istanbul Basaksehir,18.0,4.0,0.0,0.0,1.0,3.0,41.0,6.0,2.0,0.3,0.0,0.0,0.0,0.0,0.0,0.0,0.0,0.0,0.0,0.0,0.0,0.0,0.0,0.0,0.0,0.0,0.0,0.0,713974,2024-10-19 13:00:00,2024
Eyupspor,13.0,0.0,0.0,0.0,4.0,4.0,52.6,10.0,6.0,0.6,0.0,0.0,0.0,0.0,0.0,0.0,0.0,0.0,0.0,0.0,0.0,0.0,0.0,0.0,0.0,0.0,0.0,0.0,Goztepe,16.0,2.0,0.0,0.0,3.0,5.0,47.4,11.0,4.0,0.4,0.0,0.0,0.0,0.0,0.0,0.0,0.0,0.0,0.0,0.0,0.0,2.0,0.0,0.0,0.0,0.0,0.0,0.0,713972,2024-10-19 16:00:00,2024
Antalyaspor,10.0,2.0,0.0,0.0,5.0,5.0,48.9,12.0,4.0,0.3,0.0,0.0,0.0,0.0,0.0,0.0,0.0,0.0,0.0,0.0,0.0,3.0,0.0,0.0,0.0,0.0,0.0,0.0,Galatasaray,7.0,4.0,0.0,0.0,7.0,4.0,51.1,15.0,8.0,0.5,0.0,0.0,0.0,0.0,0.0,0.0,0.0,0.0,0.0,0.0,0.0,3.0,0.0,0.0,0.0,0.0,0.0,0.0,713968,2024-10-19 16:00:00,2024
Sivasspor,4.0,1.0,0.0,0.0,8.0,2.0,42.4,15.0,7.0,0.5,1.0,1.0,0.0,0.0,0.0,0.0,0.0,0.0,0.0,0.0,0.0,4.0,0.0,0.0,0.0,0.0,0.0,0.0,Hatayspor,13.0,1.0,0.0,0.0,7.0,4.0,57.6,11.0,4.0,0.4,0.0,0.0,0.0,0.0,0.0,0.0,0.0,0.0,0.0,0.0,0.0,3.0,0.0,0.0,0.0,0.0,0.0,0.0,713973,2024-10-20 10:30:00,2024
Besiktas,16.0,2.0,0.0,0.0,9.0,2.0,56.3,18.0,7.0,0.4,1.0,1.0,0.0,0.0,0.0,0.0,0.0,0.0,0.0,0.0,0.0,5.0,0.0,0.0,0.0,0.0,0.0,0.0,Konyaspor,11.0,4.0,0.0,0.0,5.0,5.0,43.7,14.0,2.0,0.1,0.0,0.0,0.0,0.0,0.0,0.0,0.0,0.0,0.0,0.0,0.0,2.0,0.0,0.0,0.0,0.0,0.0,0.0,713969,2024-10-20 13:00:00,2024
Alanyaspor,10.0,4.0,0.0,0.0,7.0,2.0,54.5,14.0,2.0,0.1,0.0,0.0,0.0,0.0,0.0,0.0,0.0,0.0,0.0,0.0,0.0,7.0,0.0,0.0,0.0,0.0,0.0,0.0,Kasimpasa,11.0,1.0,0.0,0.0,2.0,1.0,45.5,10.0,4.0,0.4,0.0,0.0,0.0,0.0,0.0,0.0,0.0,0.0,0.0,0.0,0.0,3.0,0.0,0.0,0.0,0.0,0.0,0.0,713967,2024-10-20 16:00:00,2024
Samsunspor,10.0,5.0,0.0,0.0,4.0,2.0,55.4,11.0,3.0,0.3,0.0,0.0,0.0,0.0,0.0,0.0,0.0,0.0,0.0,0.0,0.0,3.0,0.0,0.0,0.0,0.0,0.0,0.0,Fenerbahce,9.0,5.0,0.0,0.0,2.0,1.0,44.6,12.0,4.0,0.3,0.0,0.0,0.0,0.0,0.0,0.0,0.0,0.0,0.0,0.0,0.0,4.0,0.0,0.0,0.0,0.0,0.0,0.0,713970,2024-10-20 16:00:00,2024
Bodrum FK,13.0,2.0,0.0,0.0,5.0,1.0,39.9,13.0,2.0,0.2,0.0,0.0,0.0,0.0,0.0,0.0,0.0,0.0,0.0,0.0,0.0,3.0,0.0,0.0,0.0,0.0,0.0,0.0,Caykur Rizespor,13.0,2.0,0.0,0.0,0.0,2.0,60.1,6.0,2.0,0.3,0.0,0.0,0.0,0.0,0.0,0.0,0.0,0.0,0.0,0.0,0.0,1.0,0.0,0.0,0.0,0.0,0.0,0.0,713975,2024-10-21 17:00:00,2024
Adana Demirspor,15.0,1.0,0.0,0.0,4.0,2.0,56.0,13.0,7.0,0.5,0.0,0.0,0.0,0.0,0.0,0.0,0.0,0.0,0.0,0.0,0.0,2.0,0.0,0.0,0.0,0.0,0.0,0.0,Sivasspor,16.0,3.0,0.0,0.0,6.0,5.0,44.0,11.0,6.0,0.5,0.0,0.0,0.0,0.0,0.0,0.0,0.0,0.0,0.0,0.0,0.0,3.0,0.0,0.0,0.0,0.0,0.0,0.0,713979,2024-10-25 17:00:00,2024
Hatayspor,13.0,0.0,0.0,0.0,6.0,3.0,54.0,12.0,3.0,0.3,0.0,0.0,0.0,0.0,0.0,0.0,0.0,0.0,0.0,0.0,0.0,3.0,0.0,0.0,0.0,0.0,0.0,0.0,Kayserispor,16.0,1.0,0.0,0.0,6.0,3.0,46.0,14.0,4.0,0.3,0.0,0.0,0.0,0.0,0.0,0.0,0.0,0.0,0.0,0.0,0.0,6.0,0.0,0.0,0.0,0.0,0.0,0.0,713982,2024-10-26 10:30:00,2024
Kasimpasa,14.0,4.0,0.0,0.0,0.0,1.0,54.9,10.0,3.0,0.3,0.0,0.0,0.0,0.0,0.0,0.0,0.0,0.0,0.0,0.0,0.0,1.0,0.0,0.0,0.0,0.0,0.0,0.0,Samsunspor,10.0,2.0,0.0,0.0,5.0,2.0,45.1,15.0,5.0,0.3,0.0,2.0,0.0,0.0,0.0,0.0,0.0,0.0,0.0,0.0,0.0,4.0,0.0,0.0,0.0,0.0,0.0,0.0,713980,2024-10-26 13:00:00,2024
Goztepe,12.0,1.0,1.0,0.0,3.0,2.0,30.2,19.0,7.0,0.4,0.0,0.0,0.0,0.0,0.0,0.0,0.0,0.0,0.0,0.0,0.0,3.0,0.0,0.0,0.0,0.0,0.0,0.0,Trabzonspor,11.0,3.0,0.0,0.0,4.0,5.0,69.8,14.0,3.0,0.2,1.0,1.0,0.0,0.0,0.0,0.0,0.0,0.0,0.0,0.0,0.0,6.0,0.0,0.0,0.0,0.0,0.0,0.0,713981,2024-10-26 16:00:00,2024
Gaziantep FK,14.0,2.0,0.0,0.0,8.0,1.0,53.7,13.0,5.0,0.4,0.0,0.0,0.0,0.0,0.0,0.0,0.0,0.0,0.0,0.0,0.0,4.0,0.0,0.0,0.0,0.0,0.0,0.0,Konyaspor,16.0,3.0,0.0,0.0,3.0,2.0,46.3,9.0,2.0,0.2,0.0,0.0,0.0,0.0,0.0,0.0,0.0,0.0,0.0,0.0,0.0,1.0,0.0,0.0,0.0,0.0,0.0,0.0,713984,2024-10-27 10:30:00,2024
Alanyaspor,10.0,2.0,0.0,0.0,7.0,1.0,52.5,16.0,2.0,0.1,0.0,0.0,0.0,0.0,0.0,0.0,0.0,0.0,0.0,0.0,0.0,3.0,0.0,0.0,0.0,0.0,0.0,0.0,Antalyaspor,13.0,1.0,0.0,0.0,3.0,1.0,47.5,6.0,3.0,0.5,0.0,0.0,0.0,0.0,0.0,0.0,0.0,0.0,0.0,0.0,0.0,2.0,0.0,0.0,0.0,0.0,0.0,0.0,713978,2024-10-27 13:00:00,2024
Istanbul Basaksehir,14.0,2.0,0.0,0.0,8.0,3.0,63.6,13.0,5.0,0.4,1.0,1.0,0.0,0.0,0.0,0.0,0.0,0.0,0.0,0.0,0.0,4.0,0.0,0.0,0.0,0.0,0.0,0.0,Eyupspor,11.0,1.0,0.0,0.0,5.0,4.0,36.4,9.0,3.0,0.3,0.0,0.0,0.0,0.0,0.0,0.0,0.0,0.0,0.0,0.0,0.0,3.0,0.0,0.0,0.0,0.0,0.0,0.0,713983,2024-10-28 14:00:00,2024
Galatasaray,21.0,4.0,0.0,0.0,8.0,1.0,39.2,20.0,6.0,0.3,0.0,0.0,0.0,0.0,0.0,0.0,0.0,0.0,0.0,0.0,0.0,5.0,0.0,0.0,0.0,0.0,0.0,0.0,Besiktas,13.0,3.0,0.0,0.0,5.0,4.0,60.8,8.0,2.0,0.3,0.0,0.0,0.0,0.0,0.0,0.0,0.0,0.0,0.0,0.0,0.0,1.0,0.0,0.0,0.0,0.0,0.0,0.0,713977,2024-10-28 17:00:00,2024
Gaziantep FK,11.0,2.0,0.0,0.0,1.0,4.0,53.2,15.0,6.0,0.4,1.0,1.0,0.0,0.0,0.0,0.0,0.0,0.0,0.0,0.0,0.0,2.0,0.0,0.0,0.0,0.0,0.0,0.0,Goztepe,20.0,2.0,0.0,0.0,3.0,4.0,46.8,15.0,5.0,0.3,0.0,0.0,0.0,0.0,0.0,0.0,0.0,0.0,0.0,0.0,0.0,1.0,0.0,0.0,0.0,0.0,0.0,0.0,713985,2024-11-01 17:00:00,2024
Sivasspor,10.0,3.0,1.0,0.0,6.0,2.0,39.0,7.0,3.0,0.4,0.0,0.0,0.0,0.0,0.0,0.0,0.0,0.0,0.0,0.0,0.0,1.0,0.0,0.0,0.0,0.0,0.0,0.0,Caykur Rizespor,16.0,2.0,0.0,0.0,4.0,1.0,61.0,14.0,3.0,0.2,0.0,0.0,0.0,0.0,0.0,0.0,0.0,0.0,0.0,0.0,0.0,7.0,0.0,0.0,0.0,0.0,0.0,0.0,713993,2024-11-02 10:30:00,2024
Kayserispor,11.0,4.0,0.0,0.0,7.0,4.0,59.2,14.0,4.0,0.3,0.0,0.0,0.0,0.0,0.0,0.0,0.0,0.0,0.0,0.0,0.0,1.0,0.0,0.0,0.0,0.0,0.0,0.0,Adana Demirspor,13.0,3.0,0.0,0.0,7.0,3.0,40.8,9.0,4.0,0.4,0.0,0.0,0.0,0.0,0.0,0.0,0.0,0.0,0.0,0.0,0.0,2.0,0.0,0.0,0.0,0.0,0.0,0.0,713987,2024-11-02 13:00:00,2024
Besiktas,14.0,1.0,0.0,0.0,7.0,1.0,54.8,11.0,3.0,0.3,0.0,0.0,0.0,0.0,0.0,0.0,0.0,0.0,0.0,0.0,0.0,4.0,0.0,0.0,0.0,0.0,0.0,0.0,Kasimpasa,20.0,4.0,1.0,0.0,5.0,2.0,45.2,14.0,4.0,0.3,0.0,0.0,0.0,0.0,0.0,0.0,0.0,0.0,0.0,0.0,0.0,4.0,0.0,0.0,0.0,0.0,0.0,0.0,713989,2024-11-02 16:00:00,2024
Konyaspor,16.0,3.0,0.0,0.0,2.0,4.0,38.9,13.0,5.0,0.4,0.0,0.0,0.0,0.0,0.0,0.0,0.0,0.0,0.0,0.0,0.0,3.0,0.0,0.0,0.0,0.0,0.0,0.0,Istanbul Basaksehir,13.0,2.0,0.0,0.0,3.0,2.0,61.1,15.0,6.0,0.4,0.0,1.0,0.0,0.0,0.0,0.0,0.0,0.0,0.0,0.0,0.0,4.0,0.0,0.0,0.0,0.0,0.0,0.0,713991,2024-11-03 10:30:00,2024
Bodrum FK,13.0,3.0,1.0,0.0,2.0,3.0,33.2,9.0,0.0,0.0,0.0,0.0,0.0,0.0,0.0,0.0,0.0,0.0,0.0,0.0,0.0,4.0,0.0,0.0,0.0,0.0,0.0,0.0,Alanyaspor,7.0,1.0,0.0,0.0,5.0,0.0,66.8,8.0,3.0,0.4,0.0,0.0,0.0,0.0,0.0,0.0,0.0,0.0,0.0,0.0,0.0,1.0,0.0,0.0,0.0,0.0,0.0,0.0,713988,2024-11-03 13:00:00,2024
Eyupspor,16.0,3.0,0.0,0.0,3.0,2.0,52.6,9.0,4.0,0.4,0.0,0.0,0.0,0.0,0.0,0.0,0.0,0.0,0.0,0.0,0.0,4.0,0.0,0.0,0.0,0.0,0.0,0.0,Hatayspor,16.0,4.0,0.0,0.0,5.0,1.0,47.4,15.0,2.0,0.1,0.0,0.0,0.0,0.0,0.0,0.0,0.0,0.0,0.0,0.0,0.0,6.0,0.0,0.0,0.0,0.0,0.0,0.0,713986,2024-11-03 13:00:00,2024
Trabzonspor,13.0,7.0,0.0,0.0,9.0,6.0,48.4,14.0,4.0,0.3,2.0,2.0,0.0,0.0,0.0,0.0,0.0,0.0,0.0,0.0,0.0,3.0,0.0,0.0,0.0,0.0,0.0,0.0,Fenerbahce,12.0,2.0,0.0,0.0,10.0,3.0,51.6,20.0,9.0,0.5,0.0,0.0,0.0,0.0,0.0,0.0,0.0,0.0,0.0,0.0,0.0,4.0,0.0,0.0,0.0,0.0,0.0,0.0,713992,2024-11-03 16:00:00,2024
Samsunspor,16.0,3.0,0.0,0.0,5.0,3.0,42.6,16.0,8.0,0.5,0.0,0.0,0.0,0.0,0.0,0.0,0.0,0.0,0.0,0.0,0.0,2.0,0.0,0.0,0.0,0.0,0.0,0.0,Antalyaspor,14.0,1.0,0.0,0.0,2.0,6.0,57.4,10.0,4.0,0.4,0.0,0.0,0.0,0.0,0.0,0.0,0.0,0.0,0.0,0.0,0.0,2.0,0.0,0.0,0.0,0.0,0.0,0.0,713990,2024-11-04 17:00:00,2024
Kasimpasa,14.0,2.0,0.0,0.0,7.0,2.0,67.7,16.0,2.0,0.1,0.0,0.0,0.0,0.0,0.0,0.0,0.0,0.0,0.0,0.0,0.0,7.0,0.0,0.0,0.0,0.0,0.0,0.0,Kayserispor,10.0,3.0,1.0,0.0,4.0,1.0,32.3,10.0,4.0,0.4,1.0,1.0,0.0,0.0,0.0,0.0,0.0,0.0,0.0,0.0,0.0,3.0,0.0,0.0,0.0,0.0,0.0,0.0,713995,2024-11-08 17:00:00,2024
Antalyaspor,11.0,3.0,0.0,0.0,4.0,3.0,59.0,13.0,5.0,0.4,0.0,0.0,0.0,0.0,0.0,0.0,0.0,0.0,0.0,0.0,0.0,2.0,0.0,0.0,0.0,0.0,0.0,0.0,Bodrum FK,10.0,1.0,0.0,0.0,5.0,2.0,41.0,11.0,5.0,0.5,1.0,1.0,0.0,0.0,0.0,0.0,0.0,0.0,0.0,0.0,0.0,0.0,0.0,0.0,0.0,0.0,0.0,0.0,713994,2024-11-09 10:30:00,2024
Hatayspor,18.0,2.0,0.0,0.0,5.0,5.0,42.6,16.0,6.0,0.4,0.0,0.0,0.0,0.0,0.0,0.0,0.0,0.0,0.0,0.0,0.0,5.0,0.0,0.0,0.0,0.0,0.0,0.0,Gaziantep FK,11.0,2.0,1.0,0.0,6.0,3.0,57.4,10.0,6.0,0.6,0.0,0.0,0.0,0.0,0.0,0.0,0.0,0.0,0.0,0.0,0.0,0.0,0.0,0.0,0.0,0.0,0.0,0.0,713997,2024-11-09 13:00:00,2024
Caykur Rizespor,14.0,2.0,0.0,0.0,1.0,2.0,51.3,11.0,6.0,0.5,0.0,0.0,0.0,0.0,0.0,0.0,0.0,0.0,0.0,0.0,0.0,1.0,0.0,0.0,0.0,0.0,0.0,0.0,Trabzonspor,17.0,3.0,0.0,0.0,5.0,4.0,48.7,11.0,3.0,0.3,0.0,0.0,0.0,0.0,0.0,0.0,0.0,0.0,0.0,0.0,0.0,3.0,0.0,0.0,0.0,0.0,0.0,0.0,714000,2024-11-09 16:00:00,2024
Adana Demirspor,10.0,2.0,0.0,0.0,9.0,0.0,44.0,7.0,1.0,0.1,0.0,0.0,0.0,0.0,0.0,0.0,0.0,0.0,0.0,0.0,0.0,3.0,0.0,0.0,0.0,0.0,0.0,0.0,Eyupspor,20.0,3.0,0.0,0.0,2.0,1.0,56.0,6.0,1.0,0.2,0.0,0.0,0.0,0.0,0.0,0.0,0.0,0.0,0.0,0.0,0.0,3.0,0.0,0.0,0.0,0.0,0.0,0.0,713999,2024-11-09 16:00:00,2024
Goztepe,13.0,3.0,0.0,0.0,5.0,3.0,50.1,17.0,5.0,0.3,1.0,1.0,0.0,0.0,0.0,0.0,0.0,0.0,0.0,0.0,0.0,5.0,0.0,0.0,0.0,0.0,0.0,0.0,Konyaspor,9.0,3.0,0.0,0.0,6.0,3.0,49.9,12.0,3.0,0.3,0.0,0.0,0.0,0.0,0.0,0.0,0.0,0.0,0.0,0.0,0.0,3.0,0.0,0.0,0.0,0.0,0.0,0.0,714002,2024-11-10 10:30:00,2024
Galatasaray,13.0,3.0,0.0,0.0,7.0,3.0,58.6,19.0,7.0,0.4,0.0,0.0,0.0,0.0,0.0,0.0,0.0,0.0,0.0,0.0,0.0,2.0,0.0,0.0,0.0,0.0,0.0,0.0,Samsunspor,13.0,4.0,0.0,0.0,3.0,4.0,41.4,10.0,5.0,0.5,2.0,2.0,0.0,0.0,0.0,0.0,0.0,0.0,0.0,0.0,0.0,1.0,0.0,0.0,0.0,0.0,0.0,0.0,713996,2024-11-10 13:00:00,2024
Istanbul Basaksehir,9.0,3.0,0.0,0.0,6.0,1.0,39.0,11.0,1.0,0.1,0.0,0.0,0.0,0.0,0.0,0.0,0.0,0.0,0.0,0.0,0.0,5.0,0.0,0.0,0.0,0.0,0.0,0.0,Besiktas,15.0,3.0,0.0,0.0,2.0,1.0,61.0,12.0,1.0,0.1,0.0,0.0,0.0,0.0,0.0,0.0,0.0,0.0,0.0,0.0,0.0,3.0,0.0,0.0,0.0,0.0,0.0,0.0,713998,2024-11-10 16:00:00,2024
Fenerbahce,11.0,1.0,0.0,0.0,8.0,1.0,54.9,24.0,8.0,0.3,1.0,1.0,0.0,0.0,0.0,0.0,0.0,0.0,0.0,0.0,0.0,4.0,0.0,0.0,0.0,0.0,0.0,0.0,Sivasspor,15.0,6.0,0.0,0.0,5.0,3.0,45.1,6.0,1.0,0.2,0.0,0.0,0.0,0.0,0.0,0.0,0.0,0.0,0.0,0.0,0.0,2.0,0.0,0.0,0.0,0.0,0.0,0.0,714001,2024-11-10 16:00:00,2024
Eyupspor,10.0,5.0,0.0,0.0,5.0,2.0,47.0,15.0,6.0,0.4,0.0,0.0,0.0,0.0,0.0,0.0,0.0,0.0,0.0,0.0,0.0,3.0,0.0,0.0,0.0,0.0,0.0,0.0,Caykur Rizespor,15.0,5.0,1.0,0.0,7.0,5.0,53.0,13.0,4.0,0.3,0.0,0.0,0.0,0.0,0.0,0.0,0.0,0.0,0.0,0.0,0.0,6.0,0.0,0.0,0.0,0.0,0.0,0.0,714011,2024-11-23 10:30:00,2024
Kayserispor,11.0,4.0,0.0,0.0,10.0,5.0,49.1,16.0,2.0,0.1,0.0,0.0,0.0,0.0,0.0,0.0,0.0,0.0,0.0,0.0,0.0,4.0,0.0,0.0,0.0,0.0,0.0,0.0,Fenerbahce,11.0,3.0,0.0,0.0,5.0,1.0,50.9,17.0,11.0,0.6,1.0,1.0,0.0,0.0,0.0,0.0,0.0,0.0,0.0,0.0,0.0,3.0,0.0,0.0,0.0,0.0,0.0,0.0,714010,2024-11-23 13:00:00,2024
Gaziantep FK,19.0,2.0,0.0,0.0,2.0,6.0,40.4,15.0,7.0,0.5,0.0,0.0,0.0,0.0,0.0,0.0,0.0,0.0,0.0,0.0,0.0,4.0,0.0,0.0,0.0,0.0,0.0,0.0,Istanbul Basaksehir,12.0,1.0,0.0,0.0,6.0,4.0,59.6,15.0,6.0,0.4,0.0,0.0,0.0,0.0,0.0,0.0,0.0,0.0,0.0,0.0,0.0,2.0,0.0,0.0,0.0,0.0,0.0,0.0,714003,2024-11-23 13:00:00,2024
Bodrum FK,10.0,1.0,1.0,0.0,7.0,6.0,32.6,9.0,2.0,0.2,0.0,0.0,0.0,0.0,0.0,0.0,0.0,0.0,0.0,0.0,0.0,4.0,0.0,0.0,0.0,0.0,0.0,0.0,Galatasaray,10.0,2.0,0.0,0.0,9.0,2.0,67.4,23.0,7.0,0.3,0.0,0.0,0.0,0.0,0.0,0.0,0.0,0.0,0.0,0.0,0.0,10.0,0.0,0.0,0.0,0.0,0.0,0.0,714008,2024-11-23 16:00:00,2024
Sivasspor,22.0,3.0,0.0,0.0,6.0,2.0,34.1,11.0,5.0,0.5,0.0,0.0,0.0,0.0,0.0,0.0,0.0,0.0,0.0,0.0,0.0,3.0,0.0,0.0,0.0,0.0,0.0,0.0,Kasimpasa,12.0,1.0,0.0,0.0,4.0,5.0,65.9,19.0,2.0,0.1,0.0,0.0,0.0,0.0,0.0,0.0,0.0,0.0,0.0,0.0,0.0,9.0,0.0,0.0,0.0,0.0,0.0,0.0,714009,2024-11-24 10:30:00,2024
Konyaspor,12.0,4.0,0.0,0.0,2.0,2.0,43.9,10.0,2.0,0.2,0.0,0.0,0.0,0.0,0.0,0.0,0.0,0.0,0.0,0.0,0.0,4.0,0.0,0.0,0.0,0.0,0.0,0.0,Hatayspor,15.0,3.0,0.0,0.0,8.0,1.0,56.1,13.0,3.0,0.2,0.0,0.0,0.0,0.0,0.0,0.0,0.0,0.0,0.0,0.0,0.0,2.0,0.0,0.0,0.0,0.0,0.0,0.0,714006,2024-11-24 13:00:00,2024
Samsunspor,13.0,1.0,0.0,0.0,1.0,2.0,49.5,11.0,4.0,0.4,0.0,0.0,0.0,0.0,0.0,0.0,0.0,0.0,0.0,0.0,0.0,4.0,0.0,0.0,0.0,0.0,0.0,0.0,Alanyaspor,13.0,4.0,0.0,0.0,9.0,3.0,50.5,15.0,4.0,0.3,0.0,0.0,0.0,0.0,0.0,0.0,0.0,0.0,0.0,0.0,0.0,4.0,0.0,0.0,0.0,0.0,0.0,0.0,714005,2024-11-24 13:00:00,2024
Besiktas,8.0,1.0,0.0,0.0,4.0,5.0,63.1,12.0,3.0,0.3,0.0,0.0,0.0,0.0,0.0,0.0,0.0,0.0,0.0,0.0,0.0,3.0,0.0,0.0,0.0,0.0,0.0,0.0,Goztepe,12.0,0.0,0.0,0.0,4.0,2.0,36.9,18.0,9.0,0.5,0.0,0.0,0.0,0.0,0.0,0.0,0.0,0.0,0.0,0.0,0.0,5.0,0.0,0.0,0.0,0.0,0.0,0.0,714007,2024-11-24 16:00:00,2024
Trabzonspor,20.0,1.0,0.0,0.0,8.0,3.0,59.6,23.0,8.0,0.3,0.0,0.0,0.0,0.0,0.0,0.0,0.0,0.0,0.0,0.0,0.0,8.0,0.0,0.0,0.0,0.0,0.0,0.0,Adana Demirspor,9.0,2.0,0.0,0.0,1.0,3.0,40.4,10.0,3.0,0.3,0.0,0.0,0.0,0.0,0.0,0.0,0.0,0.0,0.0,0.0,0.0,2.0,0.0,0.0,0.0,0.0,0.0,0.0,714004,2024-11-25 17:00:00,2024
Antalyaspor,16.0,4.0,0.0,0.0,9.0,3.0,57.5,16.0,7.0,0.4,0.0,0.0,0.0,0.0,0.0,0.0,0.0,0.0,0.0,0.0,0.0,1.0,0.0,0.0,0.0,0.0,0.0,0.0,Sivasspor,14.0,0.0,0.0,0.0,5.0,5.0,42.5,17.0,4.0,0.2,0.0,0.0,0.0,0.0,0.0,0.0,0.0,0.0,0.0,0.0,0.0,5.0,0.0,0.0,0.0,0.0,0.0,0.0,714018,2024-11-29 17:00:00,2024
Samsunspor,14.0,0.0,0.0,0.0,3.0,0.0,47.8,15.0,6.0,0.4,0.0,0.0,0.0,0.0,0.0,0.0,0.0,0.0,0.0,0.0,0.0,2.0,0.0,0.0,0.0,0.0,0.0,0.0,Bodrum FK,9.0,0.0,0.0,0.0,4.0,3.0,52.2,7.0,0.0,0.0,0.0,0.0,0.0,0.0,0.0,0.0,0.0,0.0,0.0,0.0,0.0,2.0,0.0,0.0,0.0,0.0,0.0,0.0,714012,2024-11-30 10:30:00,2024
Adana Demirspor,10.0,3.0,0.0,0.0,1.0,3.0,45.6,13.0,4.0,0.3,0.0,0.0,0.0,0.0,0.0,0.0,0.0,0.0,0.0,0.0,0.0,1.0,0.0,0.0,0.0,0.0,0.0,0.0,Konyaspor,16.0,3.0,0.0,0.0,10.0,4.0,54.4,15.0,5.0,0.3,0.0,0.0,0.0,0.0,0.0,0.0,0.0,0.0,0.0,0.0,0.0,5.0,0.0,0.0,0.0,0.0,0.0,0.0,714020,2024-11-30 13:00:00,2024
Istanbul Basaksehir,6.0,2.0,0.0,0.0,6.0,2.0,55.7,14.0,7.0,0.5,0.0,0.0,0.0,0.0,0.0,0.0,0.0,0.0,0.0,0.0,0.0,3.0,0.0,0.0,0.0,0.0,0.0,0.0,Goztepe,19.0,3.0,0.0,0.0,5.0,3.0,44.3,6.0,2.0,0.3,0.0,0.0,0.0,0.0,0.0,0.0,0.0,0.0,0.0,0.0,0.0,1.0,0.0,0.0,0.0,0.0,0.0,0.0,714015,2024-11-30 16:00:00,2024
Alanyaspor,15.0,3.0,1.0,0.0,5.0,2.0,48.1,12.0,4.0,0.3,1.0,1.0,0.0,0.0,0.0,0.0,0.0,0.0,0.0,0.0,0.0,3.0,0.0,0.0,0.0,0.0,0.0,0.0,Trabzonspor,15.0,3.0,0.0,0.0,10.0,2.0,51.9,16.0,3.0,0.2,0.0,0.0,0.0,0.0,0.0,0.0,0.0,0.0,0.0,0.0,0.0,6.0,0.0,0.0,0.0,0.0,0.0,0.0,714019,2024-11-30 16:00:00,2024
Caykur Rizespor,9.0,4.0,0.0,0.0,3.0,2.0,54.7,12.0,6.0,0.5,0.0,0.0,0.0,0.0,0.0,0.0,0.0,0.0,0.0,0.0,0.0,2.0,0.0,0.0,0.0,0.0,0.0,0.0,Kayserispor,11.0,2.0,1.0,0.0,8.0,3.0,45.3,8.0,2.0,0.3,0.0,0.0,0.0,0.0,0.0,0.0,0.0,0.0,0.0,0.0,0.0,3.0,0.0,0.0,0.0,0.0,0.0,0.0,714017,2024-12-01 13:00:00,2024
Galatasaray,10.0,3.0,0.0,0.0,11.0,2.0,65.9,28.0,14.0,0.5,0.0,0.0,0.0,0.0,0.0,0.0,0.0,0.0,0.0,0.0,0.0,2.0,0.0,0.0,0.0,0.0,0.0,0.0,Eyupspor,22.0,4.0,0.0,0.0,1.0,12.0,34.1,5.0,4.0,0.8,0.0,0.0,0.0,0.0,0.0,0.0,0.0,0.0,0.0,0.0,0.0,0.0,0.0,0.0,0.0,0.0,0.0,0.0,714016,2024-12-01 16:00:00,2024
Fenerbahce,8.0,4.0,0.0,0.0,17.0,1.0,54.6,17.0,4.0,0.2,0.0,0.0,0.0,0.0,0.0,0.0,0.0,0.0,0.0,0.0,0.0,4.0,0.0,0.0,0.0,0.0,0.0,0.0,Gaziantep FK,10.0,3.0,0.0,0.0,3.0,1.0,45.4,6.0,2.0,0.3,0.0,0.0,0.0,0.0,0.0,0.0,0.0,0.0,0.0,0.0,0.0,2.0,0.0,0.0,0.0,0.0,0.0,0.0,714014,2024-12-02 17:00:00,2024
Hatayspor,16.0,9.0,0.0,0.0,6.0,1.0,44.3,11.0,4.0,0.4,0.0,0.0,0.0,0.0,0.0,0.0,0.0,0.0,0.0,0.0,0.0,4.0,0.0,0.0,0.0,0.0,0.0,0.0,Besiktas,11.0,3.0,0.0,0.0,9.0,3.0,55.7,11.0,2.0,0.2,0.0,0.0,0.0,0.0,0.0,0.0,0.0,0.0,0.0,0.0,0.0,2.0,0.0,0.0,0.0,0.0,0.0,0.0,714013,2024-12-02 17:00:00,2024
Trabzonspor,14.0,2.0,0.0,0.0,8.0,2.0,64.3,21.0,7.0,0.3,1.0,1.0,0.0,0.0,0.0,0.0,0.0,0.0,0.0,0.0,0.0,6.0,0.0,0.0,0.0,0.0,0.0,0.0,Kasimpasa,14.0,4.0,0.0,0.0,1.0,5.0,35.7,9.0,4.0,0.4,1.0,1.0,0.0,0.0,0.0,0.0,0.0,0.0,0.0,0.0,0.0,2.0,0.0,0.0,0.0,0.0,0.0,0.0,714028,2024-12-06 17:00:00,2024
Konyaspor,20.0,3.0,0.0,0.0,5.0,1.0,40.4,17.0,5.0,0.3,0.0,0.0,0.0,0.0,0.0,0.0,0.0,0.0,0.0,0.0,0.0,2.0,0.0,0.0,0.0,0.0,0.0,0.0,Antalyaspor,13.0,1.0,0.0,0.0,3.0,4.0,59.6,11.0,2.0,0.2,1.0,1.0,0.0,0.0,0.0,0.0,0.0,0.0,0.0,0.0,0.0,3.0,0.0,0.0,0.0,0.0,0.0,0.0,714022,2024-12-07 10:30:00,2024
Goztepe,16.0,0.0,1.0,0.0,7.0,4.0,46.4,26.0,7.0,0.3,0.0,0.0,0.0,0.0,0.0,0.0,0.0,0.0,0.0,0.0,0.0,6.0,0.0,0.0,0.0,0.0,0.0,0.0,Adana Demirspor,4.0,1.0,0.0,0.0,6.0,4.0,53.6,11.0,5.0,0.5,0.0,0.0,0.0,0.0,0.0,0.0,0.0,0.0,0.0,0.0,0.0,4.0,0.0,0.0,0.0,0.0,0.0,0.0,714029,2024-12-07 13:00:00,2024
Besiktas,12.0,0.0,1.0,0.0,1.0,1.0,48.7,12.0,5.0,0.4,0.0,0.0,0.0,0.0,0.0,0.0,0.0,0.0,0.0,0.0,0.0,2.0,0.0,0.0,0.0,0.0,0.0,0.0,Fenerbahce,14.0,1.0,0.0,0.0,3.0,4.0,51.3,12.0,2.0,0.2,0.0,0.0,0.0,0.0,0.0,0.0,0.0,0.0,0.0,0.0,0.0,4.0,0.0,0.0,0.0,0.0,0.0,0.0,714025,2024-12-07 16:00:00,2024
Eyupspor,14.0,2.0,0.0,0.0,5.0,2.0,57.9,15.0,5.0,0.3,0.0,0.0,0.0,0.0,0.0,0.0,0.0,0.0,0.0,0.0,0.0,2.0,0.0,0.0,0.0,0.0,0.0,0.0,Samsunspor,18.0,2.0,0.0,0.0,3.0,2.0,42.1,12.0,2.0,0.2,0.0,0.0,0.0,0.0,0.0,0.0,0.0,0.0,0.0,0.0,0.0,3.0,0.0,0.0,0.0,0.0,0.0,0.0,714027,2024-12-08 10:30:00,2024
Kayserispor,15.0,5.0,0.0,0.0,5.0,5.0,39.3,11.0,6.0,0.5,0.0,0.0,0.0,0.0,0.0,0.0,0.0,0.0,0.0,0.0,0.0,2.0,0.0,0.0,0.0,0.0,0.0,0.0,Alanyaspor,10.0,3.0,0.0,0.0,10.0,4.0,60.7,9.0,5.0,0.6,0.0,0.0,0.0,0.0,0.0,0.0,0.0,0.0,0.0,0.0,0.0,3.0,0.0,0.0,0.0,0.0,0.0,0.0,714021,2024-12-08 13:00:00,2024
Sivasspor,16.0,5.0,0.0,0.0,3.0,5.0,48.8,11.0,5.0,0.5,0.0,0.0,0.0,0.0,0.0,0.0,0.0,0.0,0.0,0.0,0.0,1.0,0.0,0.0,0.0,0.0,0.0,0.0,Galatasaray,8.0,5.0,1.0,0.0,7.0,3.0,51.2,16.0,8.0,0.5,1.0,1.0,0.0,0.0,0.0,0.0,0.0,0.0,0.0,0.0,0.0,3.0,0.0,0.0,0.0,0.0,0.0,0.0,714023,2024-12-08 13:00:00,2024
Istanbul Basaksehir,12.0,1.0,0.0,0.0,7.0,2.0,50.7,20.0,6.0,0.3,0.0,0.0,0.0,0.0,0.0,0.0,0.0,0.0,0.0,0.0,0.0,5.0,0.0,0.0,0.0,0.0,0.0,0.0,Hatayspor,19.0,3.0,0.0,0.0,5.0,3.0,49.3,8.0,1.0,0.1,0.0,0.0,0.0,0.0,0.0,0.0,0.0,0.0,0.0,0.0,0.0,4.0,0.0,0.0,0.0,0.0,0.0,0.0,714024,2024-12-08 16:00:00,2024
Gaziantep FK,13.0,3.0,0.0,0.0,3.0,2.0,33.7,7.0,2.0,0.3,0.0,0.0,0.0,0.0,0.0,0.0,0.0,0.0,0.0,0.0,0.0,1.0,0.0,0.0,0.0,0.0,0.0,0.0,Caykur Rizespor,11.0,1.0,0.0,0.0,5.0,2.0,66.3,13.0,3.0,0.2,0.0,0.0,0.0,0.0,0.0,0.0,0.0,0.0,0.0,0.0,0.0,3.0,0.0,0.0,0.0,0.0,0.0,0.0,714026,2024-12-09 17:00:00,2024
Bodrum FK,17.0,3.0,0.0,0.0,4.0,0.0,44.4,10.0,5.0,0.5,1.0,1.0,0.0,0.0,0.0,0.0,0.0,0.0,0.0,0.0,0.0,2.0,0.0,0.0,0.0,0.0,0.0,0.0,Sivasspor,11.0,1.0,1.0,0.0,2.0,3.0,55.6,7.0,0.0,0.0,0.0,0.0,0.0,0.0,0.0,0.0,0.0,0.0,0.0,0.0,0.0,5.0,0.0,0.0,0.0,0.0,0.0,0.0,714030,2024-12-13 17:00:00,2024
Kasimpasa,12.0,3.0,0.0,0.0,7.0,3.0,46.0,17.0,4.0,0.2,0.0,0.0,0.0,0.0,0.0,0.0,0.0,0.0,0.0,0.0,0.0,4.0,0.0,0.0,0.0,0.0,0.0,0.0,Eyupspor,12.0,2.0,0.0,0.0,6.0,2.0,54.0,9.0,3.0,0.3,0.0,0.0,0.0,0.0,0.0,0.0,0.0,0.0,0.0,0.0,0.0,3.0,0.0,0.0,0.0,0.0,0.0,0.0,714036,2024-12-13 17:00:00,2024
Caykur Rizespor,18.0,2.0,0.0,0.0,8.0,1.0,62.8,23.0,8.0,0.3,0.0,1.0,0.0,0.0,0.0,0.0,0.0,0.0,0.0,0.0,0.0,5.0,0.0,0.0,0.0,0.0,0.0,0.0,Konyaspor,16.0,2.0,0.0,0.0,4.0,6.0,37.2,8.0,2.0,0.3,0.0,0.0,0.0,0.0,0.0,0.0,0.0,0.0,0.0,0.0,0.0,2.0,0.0,0.0,0.0,0.0,0.0,0.0,714033,2024-12-14 13:00:00,2024
Alanyaspor,7.0,2.0,0.0,0.0,6.0,1.0,56.5,20.0,6.0,0.3,0.0,0.0,0.0,0.0,0.0,0.0,0.0,0.0,0.0,0.0,0.0,6.0,0.0,0.0,0.0,0.0,0.0,0.0,Gaziantep FK,13.0,3.0,0.0,0.0,1.0,3.0,43.5,8.0,1.0,0.1,0.0,0.0,0.0,0.0,0.0,0.0,0.0,0.0,0.0,0.0,0.0,1.0,0.0,0.0,0.0,0.0,0.0,0.0,714037,2024-12-14 16:00:00,2024
Hatayspor,8.0,1.0,0.0,0.0,7.0,5.0,62.8,18.0,5.0,0.3,0.0,0.0,0.0,0.0,0.0,0.0,0.0,0.0,0.0,0.0,0.0,7.0,0.0,0.0,0.0,0.0,0.0,0.0,Goztepe,14.0,3.0,0.0,0.0,6.0,4.0,37.2,15.0,6.0,0.4,1.0,1.0,0.0,0.0,0.0,0.0,0.0,0.0,0.0,0.0,0.0,2.0,0.0,0.0,0.0,0.0,0.0,0.0,714035,2024-12-15 10:30:00,2024
Antalyaspor,13.0,1.0,0.0,0.0,4.0,1.0,50.9,10.0,4.0,0.4,0.0,0.0,0.0,0.0,0.0,0.0,0.0,0.0,0.0,0.0,0.0,0.0,0.0,0.0,0.0,0.0,0.0,0.0,Kayserispor,17.0,3.0,0.0,0.0,9.0,1.0,49.1,6.0,1.0,0.2,0.0,0.0,0.0,0.0,0.0,0.0,0.0,0.0,0.0,0.0,0.0,4.0,0.0,0.0,0.0,0.0,0.0,0.0,714031,2024-12-15 13:00:00,2024
Fenerbahce,14.0,1.0,0.0,0.0,14.0,0.0,63.0,22.0,7.0,0.3,0.0,0.0,0.0,0.0,0.0,0.0,0.0,0.0,0.0,0.0,0.0,6.0,0.0,0.0,0.0,0.0,0.0,0.0,Istanbul Basaksehir,9.0,5.0,1.0,0.0,0.0,4.0,37.0,2.0,1.0,0.5,0.0,0.0,0.0,0.0,0.0,0.0,0.0,0.0,0.0,0.0,0.0,0.0,0.0,0.0,0.0,0.0,0.0,0.0,714032,2024-12-15 16:00:00,2024
Adana Demirspor,10.0,3.0,0.0,0.0,2.0,7.0,34.8,14.0,7.0,0.5,0.0,0.0,0.0,0.0,0.0,0.0,0.0,0.0,0.0,0.0,0.0,6.0,0.0,0.0,0.0,0.0,0.0,0.0,Besiktas,13.0,1.0,1.0,0.0,14.0,5.0,65.2,17.0,9.0,0.5,0.0,0.0,0.0,0.0,0.0,0.0,0.0,0.0,0.0,0.0,0.0,4.0,0.0,0.0,0.0,0.0,0.0,0.0,714038,2024-12-16 16:00:00,2024
Galatasaray,13.0,3.0,0.0,0.0,10.0,2.0,58.6,22.0,11.0,0.5,1.0,1.0,0.0,0.0,0.0,0.0,0.0,0.0,0.0,0.0,0.0,8.0,0.0,0.0,0.0,0.0,0.0,0.0,Trabzonspor,17.0,4.0,0.0,0.0,6.0,8.0,41.4,15.0,6.0,0.4,0.0,0.0,0.0,0.0,0.0,0.0,0.0,0.0,0.0,0.0,0.0,4.0,0.0,0.0,0.0,0.0,0.0,0.0,714034,2024-12-16 18:00:00,2024
Eyupspor,12.0,6.0,0.0,0.0,3.0,8.0,41.8,13.0,3.0,0.2,0.0,0.0,0.0,0.0,0.0,0.0,0.0,0.0,0.0,0.0,0.0,5.0,0.0,0.0,0.0,0.0,0.0,0.0,Fenerbahce,10.0,4.0,0.0,0.0,9.0,2.0,58.2,14.0,9.0,0.6,0.0,0.0,0.0,0.0,0.0,0.0,0.0,0.0,0.0,0.0,0.0,2.0,0.0,0.0,0.0,0.0,0.0,0.0,714045,2024-12-20 17:00:00,2024
Sivasspor,9.0,2.0,1.0,0.0,3.0,5.0,46.2,10.0,2.0,0.2,0.0,0.0,0.0,0.0,0.0,0.0,0.0,0.0,0.0,0.0,0.0,3.0,0.0,0.0,0.0,0.0,0.0,0.0,Samsunspor,14.0,3.0,0.0,0.0,10.0,2.0,53.8,17.0,6.0,0.4,0.0,0.0,0.0,0.0,0.0,0.0,0.0,0.0,0.0,0.0,0.0,7.0,0.0,0.0,0.0,0.0,0.0,0.0,714039,2024-12-21 13:00:00,2024
Besiktas,16.0,1.0,0.0,0.0,6.0,0.0,56.0,12.0,5.0,0.4,0.0,0.0,0.0,0.0,0.0,0.0,0.0,0.0,0.0,0.0,0.0,5.0,0.0,0.0,0.0,0.0,0.0,0.0,Alanyaspor,16.0,2.0,0.0,0.0,7.0,4.0,44.0,9.0,1.0,0.1,0.0,0.0,0.0,0.0,0.0,0.0,0.0,0.0,0.0,0.0,0.0,4.0,0.0,0.0,0.0,0.0,0.0,0.0,714040,2024-12-21 16:00:00,2024
Gaziantep FK,13.0,1.0,0.0,0.0,4.0,2.0,45.1,19.0,7.0,0.4,0.0,0.0,0.0,0.0,0.0,0.0,0.0,0.0,0.0,0.0,0.0,7.0,0.0,0.0,0.0,0.0,0.0,0.0,Antalyaspor,12.0,2.0,1.0,0.0,3.0,5.0,54.9,8.0,1.0,0.1,0.0,0.0,0.0,0.0,0.0,0.0,0.0,0.0,0.0,0.0,0.0,1.0,0.0,0.0,0.0,0.0,0.0,0.0,714044,2024-12-22 10:30:00,2024
Goztepe,12.0,0.0,0.0,0.0,3.0,2.0,38.4,16.0,5.0,0.3,0.0,0.0,0.0,0.0,0.0,0.0,0.0,0.0,0.0,0.0,0.0,0.0,0.0,0.0,0.0,0.0,0.0,0.0,Caykur Rizespor,16.0,0.0,0.0,0.0,5.0,2.0,61.6,11.0,2.0,0.2,0.0,0.0,0.0,0.0,0.0,0.0,0.0,0.0,0.0,0.0,0.0,5.0,0.0,0.0,0.0,0.0,0.0,0.0,714047,2024-12-22 13:00:00,2024
Kayserispor,7.0,1.0,0.0,0.0,7.0,6.0,50.4,15.0,6.0,0.4,0.0,0.0,0.0,0.0,0.0,0.0,0.0,0.0,0.0,0.0,0.0,4.0,0.0,0.0,0.0,0.0,0.0,0.0,Galatasaray,5.0,0.0,0.0,0.0,7.0,5.0,49.6,20.0,11.0,0.6,1.0,1.0,0.0,0.0,0.0,0.0,0.0,0.0,0.0,0.0,0.0,4.0,0.0,0.0,0.0,0.0,0.0,0.0,714041,2024-12-22 13:00:00,2024
Trabzonspor,16.0,4.0,0.0,0.0,8.0,5.0,74.4,14.0,5.0,0.4,0.0,0.0,0.0,0.0,0.0,0.0,0.0,0.0,0.0,0.0,0.0,3.0,0.0,0.0,0.0,0.0,0.0,0.0,Bodrum FK,12.0,2.0,0.0,0.0,4.0,5.0,25.6,12.0,6.0,0.5,0.0,0.0,0.0,0.0,0.0,0.0,0.0,0.0,0.0,0.0,0.0,3.0,0.0,0.0,0.0,0.0,0.0,0.0,714043,2024-12-22 16:00:00,2024
Istanbul Basaksehir,17.0,2.0,0.0,0.0,4.0,2.0,49.1,19.0,8.0,0.4,2.0,2.0,0.0,0.0,0.0,0.0,0.0,0.0,0.0,0.0,0.0,4.0,0.0,0.0,0.0,0.0,0.0,0.0,Kasimpasa,20.0,4.0,0.0,0.0,4.0,6.0,50.9,13.0,4.0,0.3,0.0,0.0,0.0,0.0,0.0,0.0,0.0,0.0,0.0,0.0,0.0,4.0,0.0,0.0,0.0,0.0,0.0,0.0,714042,2024-12-23 17:00:00,2024
Hatayspor,13.0,5.0,1.0,0.0,4.0,0.0,51.1,15.0,7.0,0.5,0.0,0.0,0.0,0.0,0.0,0.0,0.0,0.0,0.0,0.0,0.0,3.0,0.0,0.0,0.0,0.0,0.0,0.0,Adana Demirspor,9.0,3.0,0.0,0.0,6.0,6.0,48.9,12.0,3.0,0.3,0.0,0.0,0.0,0.0,0.0,0.0,0.0,0.0,0.0,0.0,0.0,5.0,0.0,0.0,0.0,0.0,0.0,0.0,714046,2024-12-23 17:00:00,2024
Alanyaspor,17.0,3.0,0.0,0.0,7.0,2.0,48.2,12.0,6.0,0.5,0.0,0.0,0.0,0.0,0.0,0.0,0.0,0.0,0.0,0.0,0.0,3.0,0.0,0.0,0.0,0.0,0.0,0.0,Konyaspor,15.0,4.0,0.0,0.0,2.0,4.0,51.8,8.0,3.0,0.4,0.0,0.0,0.0,0.0,0.0,0.0,0.0,0.0,0.0,0.0,0.0,2.0,0.0,0.0,0.0,0.0,0.0,0.0,714050,2025-01-03 17:00:00,2025
Caykur Rizespor,17.0,4.0,0.0,0.0,6.0,1.0,46.6,21.0,5.0,0.2,0.0,0.0,0.0,0.0,0.0,0.0,0.0,0.0,0.0,0.0,0.0,8.0,0.0,0.0,0.0,0.0,0.0,0.0,Besiktas,15.0,2.0,0.0,0.0,2.0,5.0,53.4,9.0,2.0,0.2,0.0,0.0,0.0,0.0,0.0,0.0,0.0,0.0,0.0,0.0,0.0,2.0,0.0,0.0,0.0,0.0,0.0,0.0,714052,2025-01-03 17:00:00,2025
Adana Demirspor,6.0,0.0,0.0,0.0,3.0,5.0,39.7,10.0,2.0,0.2,0.0,0.0,0.0,0.0,0.0,0.0,0.0,0.0,0.0,0.0,0.0,5.0,0.0,0.0,0.0,0.0,0.0,0.0,Istanbul Basaksehir,12.0,5.0,0.0,0.0,3.0,2.0,60.3,11.0,6.0,0.5,0.0,0.0,0.0,0.0,0.0,0.0,0.0,0.0,0.0,0.0,0.0,1.0,0.0,0.0,0.0,0.0,0.0,0.0,714049,2025-01-04 10:30:00,2025
Antalyaspor,13.0,2.0,0.0,0.0,11.0,2.0,51.7,22.0,8.0,0.4,0.0,0.0,0.0,0.0,0.0,0.0,0.0,0.0,0.0,0.0,0.0,8.0,0.0,0.0,0.0,0.0,0.0,0.0,Eyupspor,5.0,3.0,0.0,0.0,4.0,7.0,48.3,15.0,6.0,0.4,1.0,1.0,0.0,0.0,0.0,0.0,0.0,0.0,0.0,0.0,0.0,3.0,0.0,0.0,0.0,0.0,0.0,0.0,714051,2025-01-04 13:00:00,2025
Galatasaray,12.0,1.0,0.0,0.0,10.0,1.0,59.1,12.0,3.0,0.3,1.0,1.0,0.0,0.0,0.0,0.0,0.0,0.0,0.0,0.0,0.0,5.0,0.0,0.0,0.0,0.0,0.0,0.0,Goztepe,15.0,2.0,0.0,0.0,4.0,1.0,40.9,7.0,2.0,0.3,0.0,0.0,0.0,0.0,0.0,0.0,0.0,0.0,0.0,0.0,0.0,2.0,0.0,0.0,0.0,0.0,0.0,0.0,714055,2025-01-04 16:00:00,2025
Samsunspor,7.0,1.0,0.0,0.0,2.0,4.0,35.5,9.0,3.0,0.3,0.0,0.0,0.0,0.0,0.0,0.0,0.0,0.0,0.0,0.0,0.0,0.0,0.0,0.0,0.0,0.0,0.0,0.0,Trabzonspor,8.0,1.0,0.0,0.0,8.0,1.0,64.5,14.0,5.0,0.4,0.0,0.0,0.0,0.0,0.0,0.0,0.0,0.0,0.0,0.0,0.0,3.0,0.0,0.0,0.0,0.0,0.0,0.0,714056,2025-01-04 17:00:00,2025
Kasimpasa,12.0,3.0,0.0,0.0,8.0,3.0,60.6,17.0,4.0,0.2,0.0,0.0,0.0,0.0,0.0,0.0,0.0,0.0,0.0,0.0,0.0,4.0,0.0,0.0,0.0,0.0,0.0,0.0,Gaziantep FK,11.0,4.0,0.0,0.0,2.0,4.0,39.4,10.0,5.0,0.5,0.0,0.0,0.0,0.0,0.0,0.0,0.0,0.0,0.0,0.0,0.0,0.0,0.0,0.0,0.0,0.0,0.0,0.0,714048,2025-01-05 10:30:00,2025
Bodrum FK,10.0,2.0,0.0,0.0,6.0,2.0,50.4,14.0,4.0,0.3,0.0,0.0,0.0,0.0,0.0,0.0,0.0,0.0,0.0,0.0,0.0,4.0,0.0,0.0,0.0,0.0,0.0,0.0,Kayserispor,13.0,4.0,0.0,0.0,6.0,3.0,49.6,8.0,3.0,0.4,0.0,0.0,0.0,0.0,0.0,0.0,0.0,0.0,0.0,0.0,0.0,3.0,0.0,0.0,0.0,0.0,0.0,0.0,714054,2025-01-05 13:00:00,2025
Fenerbahce,8.0,3.0,0.0,0.0,7.0,1.0,62.1,18.0,9.0,0.5,0.0,1.0,0.0,0.0,0.0,0.0,0.0,0.0,0.0,0.0,0.0,1.0,0.0,0.0,0.0,0.0,0.0,0.0,Hatayspor,7.0,4.0,0.0,0.0,1.0,7.0,37.9,4.0,2.0,0.5,0.0,0.0,0.0,0.0,0.0,0.0,0.0,0.0,0.0,0.0,0.0,0.0,0.0,0.0,0.0,0.0,0.0,0.0,714053,2025-01-05 16:00:00,2025
Kayserispor,15.0,1.0,0.0,0.0,5.0,2.0,61.0,8.0,1.0,0.1,0.0,0.0,0.0,0.0,0.0,0.0,0.0,0.0,0.0,0.0,0.0,4.0,0.0,0.0,0.0,0.0,0.0,0.0,Samsunspor,14.0,2.0,0.0,0.0,3.0,2.0,39.0,11.0,3.0,0.3,0.0,0.0,0.0,0.0,0.0,0.0,0.0,0.0,0.0,0.0,0.0,4.0,0.0,0.0,0.0,0.0,0.0,0.0,714062,2025-01-11 10:30:00,2025
Hatayspor,7.0,4.0,0.0,0.0,3.0,4.0,43.9,15.0,5.0,0.3,0.0,0.0,0.0,0.0,0.0,0.0,0.0,0.0,0.0,0.0,0.0,5.0,0.0,0.0,0.0,0.0,0.0,0.0,Caykur Rizespor,8.0,2.0,0.0,0.0,4.0,4.0,56.1,15.0,5.0,0.3,1.0,1.0,0.0,0.0,0.0,0.0,0.0,0.0,0.0,0.0,0.0,3.0,0.0,0.0,0.0,0.0,0.0,0.0,714060,2025-01-11 13:00:00,2025
Besiktas,8.0,1.0,0.0,0.0,4.0,4.0,51.9,8.0,5.0,0.6,0.0,0.0,0.0,0.0,0.0,0.0,0.0,0.0,0.0,0.0,0.0,3.0,0.0,0.0,0.0,0.0,0.0,0.0,Bodrum FK,6.0,1.0,0.0,0.0,12.0,3.0,48.1,17.0,4.0,0.2,0.0,0.0,0.0,0.0,0.0,0.0,0.0,0.0,0.0,0.0,0.0,5.0,0.0,0.0,0.0,0.0,0.0,0.0,714065,2025-01-11 16:00:00,2025
Sivasspor,7.0,2.0,0.0,0.0,2.0,1.0,46.0,9.0,3.0,0.3,0.0,0.0,0.0,0.0,0.0,0.0,0.0,0.0,0.0,0.0,0.0,1.0,0.0,0.0,0.0,0.0,0.0,0.0,Alanyaspor,12.0,1.0,0.0,0.0,6.0,2.0,54.0,8.0,2.0,0.3,0.0,0.0,0.0,0.0,0.0,0.0,0.0,0.0,0.0,0.0,0.0,2.0,0.0,0.0,0.0,0.0,0.0,0.0,714064,2025-01-12 10:30:00,2025
Trabzonspor,14.0,1.0,0.0,0.0,7.0,2.0,49.4,16.0,6.0,0.4,0.0,0.0,0.0,0.0,0.0,0.0,0.0,0.0,0.0,0.0,0.0,6.0,0.0,0.0,0.0,0.0,0.0,0.0,Antalyaspor,19.0,0.0,0.0,0.0,5.0,1.0,50.6,10.0,2.0,0.2,0.0,0.0,0.0,0.0,0.0,0.0,0.0,0.0,0.0,0.0,0.0,1.0,0.0,0.0,0.0,0.0,0.0,0.0,714057,2025-01-12 13:00:00,2025
Istanbul Basaksehir,17.0,4.0,0.0,0.0,7.0,2.0,51.6,7.0,2.0,0.3,0.0,0.0,0.0,0.0,0.0,0.0,0.0,0.0,0.0,0.0,0.0,3.0,0.0,0.0,0.0,0.0,0.0,0.0,Galatasaray,16.0,4.0,0.0,0.0,5.0,1.0,48.4,14.0,3.0,0.2,0.0,0.0,0.0,0.0,0.0,0.0,0.0,0.0,0.0,0.0,0.0,4.0,0.0,0.0,0.0,0.0,0.0,0.0,714061,2025-01-12 16:00:00,2025
Gaziantep FK,10.0,4.0,0.0,0.0,2.0,3.0,51.1,10.0,6.0,0.6,0.0,0.0,0.0,0.0,0.0,0.0,0.0,0.0,0.0,0.0,0.0,0.0,0.0,0.0,0.0,0.0,0.0,0.0,Adana Demirspor,7.0,1.0,0.0,0.0,11.0,4.0,48.9,10.0,3.0,0.3,0.0,0.0,0.0,0.0,0.0,0.0,0.0,0.0,0.0,0.0,0.0,5.0,0.0,0.0,0.0,0.0,0.0,0.0,714058,2025-01-12 16:00:00,2025
Konyaspor,16.0,2.0,0.0,0.0,2.0,2.0,54.4,11.0,4.0,0.4,0.0,0.0,0.0,0.0,0.0,0.0,0.0,0.0,0.0,0.0,0.0,2.0,0.0,0.0,0.0,0.0,0.0,0.0,Fenerbahce,11.0,2.0,0.0,0.0,6.0,2.0,45.6,11.0,5.0,0.5,0.0,0.0,0.0,0.0,0.0,0.0,0.0,0.0,0.0,0.0,0.0,0.0,0.0,0.0,0.0,0.0,0.0,0.0,714063,2025-01-13 17:00:00,2025
Goztepe,10.0,1.0,0.0,0.0,8.0,0.0,49.2,18.0,10.0,0.6,0.0,0.0,0.0,0.0,0.0,0.0,0.0,0.0,0.0,0.0,0.0,6.0,0.0,0.0,0.0,0.0,0.0,0.0,Kasimpasa,11.0,2.0,1.0,0.0,3.0,5.0,50.8,10.0,0.0,0.0,0.0,0.0,0.0,0.0,0.0,0.0,0.0,0.0,0.0,0.0,0.0,3.0,0.0,0.0,0.0,0.0,0.0,0.0,714059,2025-01-13 17:00:00,2025
Hatayspor,11.0,4.0,0.0,0.0,5.0,4.0,39.0,8.0,3.0,0.4,0.0,0.0,0.0,0.0,0.0,0.0,0.0,0.0,0.0,0.0,0.0,1.0,0.0,0.0,0.0,0.0,0.0,0.0,Galatasaray,8.0,1.0,0.0,0.0,9.0,2.0,61.0,26.0,5.0,0.2,1.0,1.0,0.0,0.0,0.0,0.0,0.0,0.0,0.0,0.0,0.0,9.0,0.0,0.0,0.0,0.0,0.0,0.0,714073,2025-01-17 17:00:00,2025
Istanbul Basaksehir,27.0,3.0,0.0,0.0,2.0,3.0,42.7,7.0,4.0,0.6,1.0,1.0,0.0,0.0,0.0,0.0,0.0,0.0,0.0,0.0,0.0,2.0,0.0,0.0,0.0,0.0,0.0,0.0,Caykur Rizespor,15.0,3.0,0.0,0.0,8.0,3.0,57.3,11.0,3.0,0.3,0.0,1.0,0.0,0.0,0.0,0.0,0.0,0.0,0.0,0.0,0.0,4.0,0.0,0.0,0.0,0.0,0.0,0.0,714070,2025-01-18 10:30:00,2025
Gaziantep FK,9.0,2.0,0.0,0.0,5.0,4.0,57.9,10.0,3.0,0.3,0.0,0.0,0.0,0.0,0.0,0.0,0.0,0.0,0.0,0.0,0.0,3.0,0.0,0.0,0.0,0.0,0.0,0.0,Bodrum FK,19.0,3.0,0.0,0.0,7.0,3.0,42.1,11.0,4.0,0.4,0.0,0.0,0.0,0.0,0.0,0.0,0.0,0.0,0.0,0.0,0.0,3.0,0.0,0.0,0.0,0.0,0.0,0.0,714066,2025-01-18 13:00:00,2025
Besiktas,6.0,0.0,0.0,0.0,6.0,3.0,65.5,24.0,6.0,0.3,0.0,0.0,0.0,0.0,0.0,0.0,0.0,0.0,0.0,0.0,0.0,9.0,0.0,0.0,0.0,0.0,0.0,0.0,Samsunspor,16.0,2.0,1.0,0.0,4.0,4.0,34.5,4.0,3.0,0.8,0.0,0.0,0.0,0.0,0.0,0.0,0.0,0.0,0.0,0.0,0.0,0.0,0.0,0.0,0.0,0.0,0.0,0.0,714068,2025-01-18 16:00:00,2025
Goztepe,11.0,1.0,0.0,0.0,5.0,2.0,41.3,22.0,4.0,0.2,0.0,0.0,0.0,0.0,0.0,0.0,0.0,0.0,0.0,0.0,0.0,4.0,0.0,0.0,0.0,0.0,0.0,0.0,Antalyaspor,8.0,2.0,0.0,0.0,4.0,3.0,58.7,6.0,2.0,0.3,0.0,0.0,0.0,0.0,0.0,0.0,0.0,0.0,0.0,0.0,0.0,0.0,0.0,0.0,0.0,0.0,0.0,0.0,714072,2025-01-19 10:30:00,2025
Konyaspor,17.0,3.0,0.0,0.0,12.0,4.0,50.1,16.0,7.0,0.4,0.0,0.0,0.0,0.0,0.0,0.0,0.0,0.0,0.0,0.0,0.0,4.0,0.0,0.0,0.0,0.0,0.0,0.0,Kasimpasa,7.0,2.0,0.0,0.0,7.0,4.0,49.9,14.0,7.0,0.5,0.0,0.0,0.0,0.0,0.0,0.0,0.0,0.0,0.0,0.0,0.0,4.0,0.0,0.0,0.0,0.0,0.0,0.0,714074,2025-01-19 13:00:00,2025
Adana Demirspor,14.0,1.0,1.0,0.0,2.0,7.0,41.0,3.0,2.0,0.7,0.0,0.0,0.0,0.0,0.0,0.0,0.0,0.0,0.0,0.0,0.0,1.0,0.0,0.0,0.0,0.0,0.0,0.0,Fenerbahce,11.0,1.0,0.0,0.0,11.0,2.0,59.0,21.0,10.0,0.5,0.0,0.0,0.0,0.0,0.0,0.0,0.0,0.0,0.0,0.0,0.0,3.0,0.0,0.0,0.0,0.0,0.0,0.0,714069,2025-01-19 16:00:00,2025
Eyupspor,13.0,1.0,0.0,0.0,11.0,1.0,61.2,17.0,9.0,0.5,1.0,1.0,0.0,0.0,0.0,0.0,0.0,0.0,0.0,0.0,0.0,4.0,0.0,0.0,0.0,0.0,0.0,0.0,Alanyaspor,13.0,2.0,0.0,0.0,5.0,6.0,38.8,11.0,2.0,0.2,0.0,0.0,0.0,0.0,0.0,0.0,0.0,0.0,0.0,0.0,0.0,1.0,0.0,0.0,0.0,0.0,0.0,0.0,714071,2025-01-19 16:00:00,2025
Trabzonspor,20.0,0.0,0.0,0.0,7.0,3.0,52.8,14.0,6.0,0.4,0.0,1.0,0.0,0.0,0.0,0.0,0.0,0.0,0.0,0.0,0.0,1.0,0.0,0.0,0.0,0.0,0.0,0.0,Sivasspor,7.0,2.0,0.0,0.0,3.0,1.0,47.2,12.0,3.0,0.3,0.0,0.0,0.0,0.0,0.0,0.0,0.0,0.0,0.0,0.0,0.0,4.0,0.0,0.0,0.0,0.0,0.0,0.0,714067,2025-01-20 17:00:00,2025
Samsunspor,20.0,4.0,0.0,0.0,7.0,2.0,61.1,15.0,3.0,0.2,0.0,0.0,0.0,0.0,0.0,0.0,0.0,0.0,0.0,0.0,0.0,5.0,0.0,0.0,0.0,0.0,0.0,0.0,Gaziantep FK,14.0,2.0,0.0,0.0,2.0,1.0,38.9,12.0,3.0,0.3,0.0,0.0,0.0,0.0,0.0,0.0,0.0,0.0,0.0,0.0,0.0,4.0,0.0,0.0,0.0,0.0,0.0,0.0,714083,2025-01-24 17:00:00,2025
Sivasspor,8.0,2.0,0.0,0.0,6.0,3.0,56.6,19.0,8.0,0.4,0.0,0.0,0.0,0.0,0.0,0.0,0.0,0.0,0.0,0.0,0.0,4.0,0.0,0.0,0.0,0.0,0.0,0.0,Kayserispor,14.0,1.0,2.0,0.0,6.0,4.0,43.4,15.0,5.0,0.3,0.0,0.0,0.0,0.0,0.0,0.0,0.0,0.0,0.0,0.0,0.0,3.0,0.0,0.0,0.0,0.0,0.0,0.0,714082,2025-01-25 10:30:00,2025
Alanyaspor,16.0,8.0,0.0,0.0,4.0,2.0,49.5,14.0,7.0,0.5,1.0,1.0,0.0,0.0,0.0,0.0,0.0,0.0,0.0,0.0,0.0,2.0,0.0,0.0,0.0,0.0,0.0,0.0,Istanbul Basaksehir,14.0,5.0,0.0,0.0,4.0,2.0,50.5,12.0,6.0,0.5,1.0,1.0,0.0,0.0,0.0,0.0,0.0,0.0,0.0,0.0,0.0,2.0,0.0,0.0,0.0,0.0,0.0,0.0,714078,2025-01-25 13:00:00,2025
Galatasaray,15.0,2.0,0.0,0.0,6.0,0.0,58.0,18.0,9.0,0.5,1.0,1.0,0.0,0.0,0.0,0.0,0.0,0.0,0.0,0.0,0.0,6.0,0.0,0.0,0.0,0.0,0.0,0.0,Konyaspor,18.0,1.0,0.0,0.0,2.0,8.0,42.0,7.0,0.0,0.0,0.0,0.0,0.0,0.0,0.0,0.0,0.0,0.0,0.0,0.0,0.0,4.0,0.0,0.0,0.0,0.0,0.0,0.0,714081,2025-01-25 16:00:00,2025
Caykur Rizespor,23.0,4.0,0.0,0.0,8.0,1.0,57.3,14.0,6.0,0.4,1.0,2.0,0.0,0.0,0.0,0.0,0.0,0.0,0.0,0.0,0.0,3.0,0.0,0.0,0.0,0.0,0.0,0.0,Adana Demirspor,9.0,3.0,0.0,0.0,2.0,3.0,42.7,12.0,3.0,0.3,0.0,0.0,0.0,0.0,0.0,0.0,0.0,0.0,0.0,0.0,0.0,1.0,0.0,0.0,0.0,0.0,0.0,0.0,714079,2025-01-26 10:30:00,2025
Antalyaspor,18.0,1.0,0.0,0.0,1.0,2.0,46.1,6.0,3.0,0.5,0.0,0.0,0.0,0.0,0.0,0.0,0.0,0.0,0.0,0.0,0.0,1.0,0.0,0.0,0.0,0.0,0.0,0.0,Besiktas,9.0,2.0,0.0,0.0,5.0,2.0,53.9,8.0,3.0,0.4,0.0,0.0,0.0,0.0,0.0,0.0,0.0,0.0,0.0,0.0,0.0,4.0,0.0,0.0,0.0,0.0,0.0,0.0,714077,2025-01-26 13:00:00,2025
Bodrum FK,14.0,2.0,0.0,0.0,7.0,0.0,54.4,17.0,2.0,0.1,0.0,0.0,0.0,0.0,0.0,0.0,0.0,0.0,0.0,0.0,0.0,5.0,0.0,0.0,0.0,0.0,0.0,0.0,Eyupspor,14.0,6.0,0.0,0.0,2.0,2.0,45.6,5.0,1.0,0.2,0.0,0.0,0.0,0.0,0.0,0.0,0.0,0.0,0.0,0.0,0.0,0.0,0.0,0.0,0.0,0.0,0.0,0.0,714075,2025-01-26 13:00:00,2025
Fenerbahce,17.0,3.0,0.0,0.0,4.0,3.0,58.7,12.0,6.0,0.5,0.0,0.0,0.0,0.0,0.0,0.0,0.0,0.0,0.0,0.0,0.0,3.0,0.0,0.0,0.0,0.0,0.0,0.0,Goztepe,25.0,2.0,0.0,0.0,4.0,3.0,41.3,15.0,6.0,0.4,0.0,0.0,0.0,0.0,0.0,0.0,0.0,0.0,0.0,0.0,0.0,2.0,0.0,0.0,0.0,0.0,0.0,0.0,714076,2025-01-26 16:00:00,2025
Kasimpasa,11.0,3.0,0.0,0.0,11.0,4.0,69.4,31.0,10.0,0.3,0.0,0.0,0.0,0.0,0.0,0.0,0.0,0.0,0.0,0.0,0.0,8.0,0.0,0.0,0.0,0.0,0.0,0.0,Hatayspor,10.0,3.0,1.0,0.0,5.0,6.0,30.6,10.0,8.0,0.8,1.0,1.0,0.0,0.0,0.0,0.0,0.0,0.0,0.0,0.0,0.0,1.0,0.0,0.0,0.0,0.0,0.0,0.0,714080,2025-01-27 17:00:00,2025
Konyaspor,13.0,2.0,0.0,0.0,5.0,3.0,42.6,12.0,3.0,0.3,0.0,0.0,0.0,0.0,0.0,0.0,0.0,0.0,0.0,0.0,0.0,1.0,0.0,0.0,0.0,0.0,0.0,0.0,Bodrum FK,11.0,1.0,0.0,0.0,7.0,0.0,57.4,11.0,3.0,0.3,0.0,1.0,0.0,0.0,0.0,0.0,0.0,0.0,0.0,0.0,0.0,4.0,0.0,0.0,0.0,0.0,0.0,0.0,714085,2025-01-31 17:00:00,2025
Eyupspor,15.0,2.0,0.0,0.0,4.0,2.0,65.4,13.0,9.0,0.7,0.0,0.0,0.0,0.0,0.0,0.0,0.0,0.0,0.0,0.0,0.0,1.0,0.0,0.0,0.0,0.0,0.0,0.0,Sivasspor,7.0,1.0,2.0,0.0,2.0,8.0,34.6,8.0,2.0,0.3,0.0,0.0,0.0,0.0,0.0,0.0,0.0,0.0,0.0,0.0,0.0,3.0,0.0,0.0,0.0,0.0,0.0,0.0,714086,2025-01-31 17:00:00,2025
Hatayspor,13.0,1.0,0.0,0.0,5.0,3.0,55.9,6.0,3.0,0.5,1.0,1.0,0.0,0.0,0.0,0.0,0.0,0.0,0.0,0.0,0.0,2.0,0.0,0.0,0.0,0.0,0.0,0.0,Antalyaspor,13.0,1.0,0.0,0.0,2.0,1.0,44.1,14.0,7.0,0.5,1.0,1.0,0.0,0.0,0.0,0.0,0.0,0.0,0.0,0.0,0.0,2.0,0.0,0.0,0.0,0.0,0.0,0.0,714090,2025-02-01 10:30:00,2025
Kayserispor,17.0,4.0,0.0,0.0,4.0,3.0,35.8,11.0,5.0,0.5,0.0,0.0,0.0,0.0,0.0,0.0,0.0,0.0,0.0,0.0,0.0,1.0,0.0,0.0,0.0,0.0,0.0,0.0,Trabzonspor,9.0,1.0,1.0,0.0,4.0,5.0,64.2,9.0,4.0,0.4,0.0,0.0,0.0,0.0,0.0,0.0,0.0,0.0,0.0,0.0,0.0,3.0,0.0,0.0,0.0,0.0,0.0,0.0,714091,2025-02-01 13:00:00,2025
Istanbul Basaksehir,8.0,2.0,0.0,0.0,4.0,1.0,43.8,16.0,6.0,0.4,0.0,0.0,0.0,0.0,0.0,0.0,0.0,0.0,0.0,0.0,0.0,2.0,0.0,0.0,0.0,0.0,0.0,0.0,Samsunspor,7.0,2.0,0.0,0.0,6.0,2.0,56.2,8.0,1.0,0.1,0.0,0.0,0.0,0.0,0.0,0.0,0.0,0.0,0.0,0.0,0.0,1.0,0.0,0.0,0.0,0.0,0.0,0.0,714084,2025-02-01 16:00:00,2025
Adana Demirspor,13.0,2.0,0.0,0.0,5.0,2.0,40.5,11.0,7.0,0.6,0.0,0.0,0.0,0.0,0.0,0.0,0.0,0.0,0.0,0.0,0.0,3.0,0.0,0.0,0.0,0.0,0.0,0.0,Kasimpasa,11.0,2.0,0.0,0.0,4.0,3.0,59.5,14.0,7.0,0.5,1.0,1.0,0.0,0.0,0.0,0.0,0.0,0.0,0.0,0.0,0.0,3.0,0.0,0.0,0.0,0.0,0.0,0.0,714092,2025-02-02 10:30:00,2025
Goztepe,15.0,3.0,0.0,0.0,7.0,2.0,55.9,25.0,10.0,0.4,0.0,1.0,0.0,0.0,0.0,0.0,0.0,0.0,0.0,0.0,0.0,3.0,0.0,0.0,0.0,0.0,0.0,0.0,Alanyaspor,10.0,2.0,0.0,0.0,3.0,9.0,44.1,8.0,3.0,0.4,0.0,0.0,0.0,0.0,0.0,0.0,0.0,0.0,0.0,0.0,0.0,0.0,0.0,0.0,0.0,0.0,0.0,0.0,714089,2025-02-02 13:00:00,2025
Fenerbahce,9.0,5.0,0.0,0.0,10.0,2.0,67.4,36.0,10.0,0.3,1.0,1.0,0.0,0.0,0.0,0.0,0.0,0.0,0.0,0.0,0.0,6.0,0.0,0.0,0.0,0.0,0.0,0.0,Caykur Rizespor,18.0,3.0,2.0,0.0,1.0,7.0,32.6,6.0,4.0,0.7,0.0,0.0,0.0,0.0,0.0,0.0,0.0,0.0,0.0,0.0,0.0,0.0,0.0,0.0,0.0,0.0,0.0,0.0,714087,2025-02-02 16:00:00,2025
Gaziantep FK,15.0,4.0,0.0,0.0,7.0,6.0,48.3,17.0,4.0,0.2,0.0,0.0,0.0,0.0,0.0,0.0,0.0,0.0,0.0,0.0,0.0,4.0,0.0,0.0,0.0,0.0,0.0,0.0,Galatasaray,16.0,5.0,0.0,0.0,8.0,4.0,51.7,16.0,7.0,0.4,0.0,0.0,0.0,0.0,0.0,0.0,0.0,0.0,0.0,0.0,0.0,3.0,0.0,0.0,0.0,0.0,0.0,0.0,714088,2025-02-03 17:00:00,2025
Samsunspor,13.0,1.0,0.0,0.0,4.0,4.0,46.4,16.0,6.0,0.4,0.0,0.0,0.0,0.0,0.0,0.0,0.0,0.0,0.0,0.0,0.0,3.0,0.0,0.0,0.0,0.0,0.0,0.0,Hatayspor,18.0,2.0,0.0,0.0,7.0,4.0,53.6,14.0,4.0,0.3,0.0,0.0,0.0,0.0,0.0,0.0,0.0,0.0,0.0,0.0,0.0,6.0,0.0,0.0,0.0,0.0,0.0,0.0,714100,2025-02-07 17:00:00,2025
Kayserispor,16.0,3.0,0.0,0.0,4.0,4.0,41.4,14.0,8.0,0.6,0.0,0.0,0.0,0.0,0.0,0.0,0.0,0.0,0.0,0.0,0.0,2.0,0.0,0.0,0.0,0.0,0.0,0.0,Konyaspor,11.0,3.0,1.0,0.0,7.0,5.0,58.6,18.0,7.0,0.4,0.0,0.0,0.0,0.0,0.0,0.0,0.0,0.0,0.0,0.0,0.0,2.0,0.0,0.0,0.0,0.0,0.0,0.0,714101,2025-02-08 13:00:00,2025
Sivasspor,8.0,0.0,0.0,0.0,5.0,4.0,51.1,7.0,3.0,0.4,0.0,0.0,0.0,0.0,0.0,0.0,0.0,0.0,0.0,0.0,0.0,3.0,0.0,0.0,0.0,0.0,0.0,0.0,Besiktas,12.0,2.0,0.0,0.0,5.0,3.0,48.9,13.0,6.0,0.5,1.0,1.0,0.0,0.0,0.0,0.0,0.0,0.0,0.0,0.0,0.0,4.0,0.0,0.0,0.0,0.0,0.0,0.0,714097,2025-02-08 16:00:00,2025
Kasimpasa,10.0,2.0,0.0,0.0,4.0,0.0,54.4,12.0,5.0,0.4,2.0,1.0,0.0,0.0,0.0,0.0,0.0,0.0,0.0,0.0,0.0,2.0,0.0,0.0,0.0,0.0,0.0,0.0,Caykur Rizespor,16.0,5.0,0.0,0.0,11.0,2.0,45.6,10.0,2.0,0.2,0.0,0.0,0.0,0.0,0.0,0.0,0.0,0.0,0.0,0.0,0.0,3.0,0.0,0.0,0.0,0.0,0.0,0.0,714094,2025-02-09 10:30:00,2025
Alanyaspor,17.0,4.0,0.0,0.0,2.0,3.0,53.1,12.0,3.0,0.3,0.0,0.0,0.0,0.0,0.0,0.0,0.0,0.0,0.0,0.0,0.0,4.0,0.0,0.0,0.0,0.0,0.0,0.0,Fenerbahce,13.0,4.0,0.0,0.0,3.0,3.0,46.9,8.0,5.0,0.6,0.0,0.0,0.0,0.0,0.0,0.0,0.0,0.0,0.0,0.0,0.0,2.0,0.0,0.0,0.0,0.0,0.0,0.0,714098,2025-02-09 13:00:00,2025
Antalyaspor,17.0,3.0,0.0,0.0,3.0,0.0,48.5,14.0,0.0,0.0,0.0,0.0,0.0,0.0,0.0,0.0,0.0,0.0,0.0,0.0,0.0,6.0,0.0,0.0,0.0,0.0,0.0,0.0,Istanbul Basaksehir,18.0,4.0,0.0,0.0,2.0,0.0,51.5,5.0,0.0,0.0,0.0,0.0,0.0,0.0,0.0,0.0,0.0,0.0,0.0,0.0,0.0,3.0,0.0,0.0,0.0,0.0,0.0,0.0,714096,2025-02-09 16:00:00,2025
Galatasaray,6.0,0.0,0.0,0.0,0.0,0.0,66.3,6.0,5.0,0.8,1.0,1.0,0.0,0.0,0.0,0.0,0.0,0.0,0.0,0.0,0.0,1.0,0.0,0.0,0.0,0.0,0.0,0.0,Adana Demirspor,4.0,1.0,0.0,0.0,0.0,3.0,33.7,0.0,0.0,0.0,0.0,0.0,0.0,0.0,0.0,0.0,0.0,0.0,0.0,0.0,0.0,0.0,0.0,0.0,0.0,0.0,0.0,0.0,714095,2025-02-09 16:00:00,2025
Trabzonspor,7.0,0.0,0.0,0.0,6.0,5.0,51.3,13.0,2.0,0.2,0.0,0.0,0.0,0.0,0.0,0.0,0.0,0.0,0.0,0.0,0.0,2.0,0.0,0.0,0.0,0.0,0.0,0.0,Eyupspor,7.0,1.0,0.0,0.0,4.0,1.0,48.7,14.0,5.0,0.4,0.0,1.0,0.0,0.0,0.0,0.0,0.0,0.0,0.0,0.0,0.0,1.0,0.0,0.0,0.0,0.0,0.0,0.0,714093,2025-02-10 17:00:00,2025
Bodrum FK,4.0,0.0,0.0,0.0,4.0,1.0,43.3,8.0,1.0,0.1,0.0,0.0,0.0,0.0,0.0,0.0,0.0,0.0,0.0,0.0,0.0,2.0,0.0,0.0,0.0,0.0,0.0,0.0,Goztepe,14.0,1.0,0.0,0.0,5.0,1.0,56.7,14.0,1.0,0.1,0.0,0.0,0.0,0.0,0.0,0.0,0.0,0.0,0.0,0.0,0.0,5.0,0.0,0.0,0.0,0.0,0.0,0.0,714099,2025-02-10 17:00:00,2025
Adana Demirspor,19.0,4.0,0.0,0.0,0.0,5.0,39.2,5.0,3.0,0.6,1.0,1.0,0.0,0.0,0.0,0.0,0.0,0.0,0.0,0.0,0.0,1.0,0.0,0.0,0.0,0.0,0.0,0.0,Antalyaspor,12.0,6.0,0.0,0.0,9.0,2.0,60.8,17.0,8.0,0.5,0.0,0.0,0.0,0.0,0.0,0.0,0.0,0.0,0.0,0.0,0.0,5.0,0.0,0.0,0.0,0.0,0.0,0.0,714110,2025-02-14 17:00:00,2025
Gaziantep FK,20.0,4.0,0.0,0.0,6.0,1.0,55.4,12.0,6.0,0.5,0.0,0.0,0.0,0.0,0.0,0.0,0.0,0.0,0.0,0.0,0.0,3.0,0.0,0.0,0.0,0.0,0.0,0.0,Sivasspor,15.0,6.0,0.0,0.0,2.0,4.0,44.6,10.0,2.0,0.2,1.0,1.0,0.0,0.0,0.0,0.0,0.0,0.0,0.0,0.0,0.0,5.0,0.0,0.0,0.0,0.0,0.0,0.0,714105,2025-02-15 10:30:00,2025
Istanbul Basaksehir,10.0,2.0,1.0,0.0,1.0,2.0,66.3,14.0,3.0,0.2,0.0,0.0,0.0,0.0,0.0,0.0,0.0,0.0,0.0,0.0,0.0,4.0,0.0,0.0,0.0,0.0,0.0,0.0,Bodrum FK,11.0,1.0,0.0,0.0,1.0,3.0,33.7,7.0,3.0,0.4,1.0,1.0,0.0,0.0,0.0,0.0,0.0,0.0,0.0,0.0,0.0,1.0,0.0,0.0,0.0,0.0,0.0,0.0,714102,2025-02-15 13:00:00,2025
Besiktas,16.0,2.0,0.0,0.0,8.0,0.0,49.2,12.0,3.0,0.3,0.0,0.0,0.0,0.0,0.0,0.0,0.0,0.0,0.0,0.0,0.0,3.0,0.0,0.0,0.0,0.0,0.0,0.0,Trabzonspor,16.0,3.0,0.0,0.0,1.0,2.0,50.8,6.0,1.0,0.2,0.0,0.0,0.0,0.0,0.0,0.0,0.0,0.0,0.0,0.0,0.0,3.0,0.0,0.0,0.0,0.0,0.0,0.0,714109,2025-02-15 16:00:00,2025
Hatayspor,16.0,5.0,0.0,0.0,3.0,4.0,42.6,14.0,5.0,0.4,0.0,0.0,0.0,0.0,0.0,0.0,0.0,0.0,0.0,0.0,0.0,3.0,0.0,0.0,0.0,0.0,0.0,0.0,Alanyaspor,16.0,1.0,1.0,0.0,6.0,4.0,57.4,16.0,4.0,0.3,0.0,0.0,0.0,0.0,0.0,0.0,0.0,0.0,0.0,0.0,0.0,4.0,0.0,0.0,0.0,0.0,0.0,0.0,714104,2025-02-16 10:30:00,2025
Konyaspor,12.0,4.0,0.0,0.0,7.0,4.0,54.7,9.0,3.0,0.3,0.0,0.0,0.0,0.0,0.0,0.0,0.0,0.0,0.0,0.0,0.0,3.0,0.0,0.0,0.0,0.0,0.0,0.0,Samsunspor,14.0,6.0,0.0,0.0,5.0,3.0,45.3,10.0,6.0,0.6,0.0,0.0,0.0,0.0,0.0,0.0,0.0,0.0,0.0,0.0,0.0,1.0,0.0,0.0,0.0,0.0,0.0,0.0,714103,2025-02-16 13:00:00,2025
Eyupspor,12.0,3.0,0.0,0.0,4.0,3.0,60.7,6.0,2.0,0.3,0.0,0.0,0.0,0.0,0.0,0.0,0.0,0.0,0.0,0.0,0.0,1.0,0.0,0.0,0.0,0.0,0.0,0.0,Kayserispor,15.0,3.0,0.0,0.0,6.0,1.0,39.3,8.0,5.0,0.6,0.0,0.0,0.0,0.0,0.0,0.0,0.0,0.0,0.0,0.0,0.0,1.0,0.0,0.0,0.0,0.0,0.0,0.0,714107,2025-02-16 13:00:00,2025
Fenerbahce,15.0,1.0,0.0,0.0,1.0,4.0,44.7,13.0,6.0,0.5,0.0,0.0,0.0,0.0,0.0,0.0,0.0,0.0,0.0,0.0,0.0,3.0,0.0,0.0,0.0,0.0,0.0,0.0,Kasimpasa,12.0,1.0,0.0,0.0,3.0,3.0,55.3,13.0,5.0,0.4,0.0,0.0,0.0,0.0,0.0,0.0,0.0,0.0,0.0,0.0,0.0,2.0,0.0,0.0,0.0,0.0,0.0,0.0,714106,2025-02-16 16:00:00,2025
Caykur Rizespor,11.0,3.0,0.0,0.0,3.0,1.0,46.2,16.0,4.0,0.3,0.0,0.0,0.0,0.0,0.0,0.0,0.0,0.0,0.0,0.0,0.0,5.0,0.0,0.0,0.0,0.0,0.0,0.0,Galatasaray,15.0,2.0,0.0,0.0,7.0,3.0,53.8,18.0,3.0,0.2,0.0,0.0,0.0,0.0,0.0,0.0,0.0,0.0,0.0,0.0,0.0,8.0,0.0,0.0,0.0,0.0,0.0,0.0,714108,2025-02-17 17:00:00,2025
Eyupspor,10.0,2.0,0.0,0.0,4.0,4.0,45.7,8.0,3.0,0.4,0.0,0.0,0.0,0.0,0.0,0.0,0.0,0.0,0.0,0.0,0.0,2.0,0.0,0.0,0.0,0.0,0.0,0.0,Besiktas,7.0,1.0,0.0,0.0,2.0,2.0,54.3,18.0,7.0,0.4,0.0,0.0,0.0,0.0,0.0,0.0,0.0,0.0,0.0,0.0,0.0,3.0,0.0,0.0,0.0,0.0,0.0,0.0,714114,2025-02-21 17:00:00,2025
Bodrum FK,10.0,1.0,0.0,0.0,10.0,3.0,45.9,10.0,4.0,0.4,0.0,0.0,0.0,0.0,0.0,0.0,0.0,0.0,0.0,0.0,0.0,1.0,0.0,0.0,0.0,0.0,0.0,0.0,Hatayspor,13.0,2.0,0.0,0.0,6.0,3.0,54.1,8.0,3.0,0.4,0.0,0.0,0.0,0.0,0.0,0.0,0.0,0.0,0.0,0.0,0.0,2.0,0.0,0.0,0.0,0.0,0.0,0.0,714111,2025-02-21 17:00:00,2025
Sivasspor,11.0,2.0,1.0,0.0,4.0,4.0,54.0,11.0,2.0,0.2,0.0,0.0,0.0,0.0,0.0,0.0,0.0,0.0,0.0,0.0,0.0,4.0,0.0,0.0,0.0,0.0,0.0,0.0,Konyaspor,18.0,4.0,0.0,0.0,2.0,1.0,46.0,9.0,5.0,0.6,0.0,0.0,0.0,0.0,0.0,0.0,0.0,0.0,0.0,0.0,0.0,1.0,0.0,0.0,0.0,0.0,0.0,0.0,714118,2025-02-22 10:30:00,2025
Antalyaspor,19.0,1.0,0.0,0.0,4.0,4.0,42.9,9.0,5.0,0.6,0.0,0.0,0.0,0.0,0.0,0.0,0.0,0.0,0.0,0.0,0.0,0.0,0.0,0.0,0.0,0.0,0.0,0.0,Kasimpasa,11.0,2.0,0.0,0.0,6.0,2.0,57.1,11.0,5.0,0.5,1.0,1.0,0.0,0.0,0.0,0.0,0.0,0.0,0.0,0.0,0.0,0.0,0.0,0.0,0.0,0.0,0.0,0.0,714113,2025-02-22 13:00:00,2025
Samsunspor,12.0,1.0,0.0,0.0,1.0,2.0,46.9,9.0,3.0,0.3,0.0,0.0,0.0,0.0,0.0,0.0,0.0,0.0,0.0,0.0,0.0,3.0,0.0,0.0,0.0,0.0,0.0,0.0,Caykur Rizespor,13.0,2.0,0.0,0.0,5.0,2.0,53.1,12.0,4.0,0.3,0.0,0.0,0.0,0.0,0.0,0.0,0.0,0.0,0.0,0.0,0.0,3.0,0.0,0.0,0.0,0.0,0.0,0.0,714117,2025-02-22 16:00:00,2025
Kayserispor,14.0,1.0,0.0,0.0,5.0,3.0,49.7,10.0,4.0,0.4,0.0,0.0,0.0,0.0,0.0,0.0,0.0,0.0,0.0,0.0,0.0,3.0,0.0,0.0,0.0,0.0,0.0,0.0,Goztepe,14.0,2.0,0.0,0.0,3.0,3.0,50.3,15.0,3.0,0.2,0.0,0.0,0.0,0.0,0.0,0.0,0.0,0.0,0.0,0.0,0.0,4.0,0.0,0.0,0.0,0.0,0.0,0.0,714116,2025-02-23 10:30:00,2025
Alanyaspor,15.0,5.0,0.0,0.0,10.0,3.0,65.0,25.0,9.0,0.4,1.0,1.0,0.0,0.0,0.0,0.0,0.0,0.0,0.0,0.0,0.0,7.0,0.0,0.0,0.0,0.0,0.0,0.0,Adana Demirspor,16.0,2.0,0.0,0.0,1.0,7.0,35.0,7.0,5.0,0.7,0.0,0.0,0.0,0.0,0.0,0.0,0.0,0.0,0.0,0.0,0.0,1.0,0.0,0.0,0.0,0.0,0.0,0.0,714112,2025-02-23 13:00:00,2025
Trabzonspor,18.0,1.0,0.0,0.0,1.0,4.0,51.8,20.0,6.0,0.3,0.0,0.0,0.0,0.0,0.0,0.0,0.0,0.0,0.0,0.0,0.0,5.0,0.0,0.0,0.0,0.0,0.0,0.0,Gaziantep FK,14.0,1.0,0.0,0.0,6.0,3.0,48.2,17.0,6.0,0.4,1.0,1.0,0.0,0.0,0.0,0.0,0.0,0.0,0.0,0.0,0.0,3.0,0.0,0.0,0.0,0.0,0.0,0.0,714119,2025-02-23 16:00:00,2025
Galatasaray,20.0,5.0,0.0,0.0,0.0,3.0,60.1,4.0,1.0,0.3,0.0,0.0,0.0,0.0,0.0,0.0,0.0,0.0,0.0,0.0,0.0,0.0,0.0,0.0,0.0,0.0,0.0,0.0,Fenerbahce,15.0,2.0,0.0,0.0,5.0,1.0,39.9,10.0,3.0,0.3,0.0,0.0,0.0,0.0,0.0,0.0,0.0,0.0,0.0,0.0,0.0,2.0,0.0,0.0,0.0,0.0,0.0,0.0,714115,2025-02-24 17:00:00,2025
Adana Demirspor,9.0,2.0,0.0,0.0,3.0,4.0,50.1,11.0,1.0,0.1,0.0,0.0,0.0,0.0,0.0,0.0,0.0,0.0,0.0,0.0,0.0,5.0,0.0,0.0,0.0,0.0,0.0,0.0,Bodrum FK,12.0,5.0,0.0,0.0,6.0,1.0,49.9,13.0,4.0,0.3,0.0,0.0,0.0,0.0,0.0,0.0,0.0,0.0,0.0,0.0,0.0,0.0,0.0,0.0,0.0,0.0,0.0,0.0,714120,2025-03-01 13:00:00,2025
Besiktas,8.0,0.0,0.0,0.0,4.0,2.0,48.6,13.0,6.0,0.5,1.0,1.0,0.0,0.0,0.0,0.0,0.0,0.0,0.0,0.0,0.0,1.0,0.0,0.0,0.0,0.0,0.0,0.0,Kayserispor,15.0,2.0,0.0,0.0,5.0,4.0,51.4,8.0,2.0,0.3,0.0,0.0,0.0,0.0,0.0,0.0,0.0,0.0,0.0,0.0,0.0,4.0,0.0,0.0,0.0,0.0,0.0,0.0,714128,2025-03-01 17:30:00,2025
Caykur Rizespor,17.0,2.0,0.0,0.0,5.0,3.0,51.8,10.0,5.0,0.5,0.0,0.0,0.0,0.0,0.0,0.0,0.0,0.0,0.0,0.0,0.0,2.0,0.0,0.0,0.0,0.0,0.0,0.0,Alanyaspor,17.0,1.0,0.0,0.0,5.0,2.0,48.2,12.0,4.0,0.3,1.0,1.0,0.0,0.0,0.0,0.0,0.0,0.0,0.0,0.0,0.0,3.0,0.0,0.0,0.0,0.0,0.0,0.0,714121,2025-03-02 10:30:00,2025
Kasimpasa,13.0,3.0,0.0,0.0,10.0,3.0,46.8,14.0,8.0,0.6,1.0,1.0,0.0,0.0,0.0,0.0,0.0,0.0,0.0,0.0,0.0,2.0,0.0,0.0,0.0,0.0,0.0,0.0,Galatasaray,11.0,2.0,0.0,0.0,3.0,5.0,53.2,18.0,6.0,0.3,1.0,1.0,0.0,0.0,0.0,0.0,0.0,0.0,0.0,0.0,0.0,5.0,0.0,0.0,0.0,0.0,0.0,0.0,714126,2025-03-02 13:00:00,2025
Fenerbahce,10.0,0.0,0.0,0.0,8.0,0.0,49.3,15.0,8.0,0.5,0.0,0.0,0.0,0.0,0.0,0.0,0.0,0.0,0.0,0.0,0.0,3.0,0.0,0.0,0.0,0.0,0.0,0.0,Antalyaspor,3.0,0.0,0.0,0.0,5.0,5.0,50.7,4.0,0.0,0.0,0.0,0.0,0.0,0.0,0.0,0.0,0.0,0.0,0.0,0.0,0.0,2.0,0.0,0.0,0.0,0.0,0.0,0.0,714122,2025-03-02 17:30:00,2025
Gaziantep FK,8.0,1.0,0.0,0.0,4.0,4.0,50.7,20.0,9.0,0.5,0.0,0.0,0.0,0.0,0.0,0.0,0.0,0.0,0.0,0.0,0.0,4.0,0.0,0.0,0.0,0.0,0.0,0.0,Eyupspor,13.0,5.0,1.0,0.0,1.0,5.0,49.3,13.0,5.0,0.4,0.0,0.0,0.0,0.0,0.0,0.0,0.0,0.0,0.0,0.0,0.0,0.0,0.0,0.0,0.0,0.0,0.0,0.0,714123,2025-03-03 13:00:00,2025
Konyaspor,12.0,3.0,0.0,0.0,5.0,3.0,37.8,13.0,4.0,0.3,1.0,1.0,0.0,0.0,0.0,0.0,0.0,0.0,0.0,0.0,0.0,1.0,0.0,0.0,0.0,0.0,0.0,0.0,Trabzonspor,12.0,5.0,0.0,0.0,4.0,3.0,62.2,10.0,3.0,0.3,0.0,0.0,0.0,0.0,0.0,0.0,0.0,0.0,0.0,0.0,0.0,3.0,0.0,0.0,0.0,0.0,0.0,0.0,714125,2025-03-03 13:00:00,2025
Istanbul Basaksehir,14.0,2.0,0.0,0.0,6.0,0.0,61.9,11.0,3.0,0.3,0.0,0.0,0.0,0.0,0.0,0.0,0.0,0.0,0.0,0.0,0.0,3.0,0.0,0.0,0.0,0.0,0.0,0.0,Sivasspor,13.0,2.0,0.0,0.0,2.0,2.0,38.1,7.0,0.0,0.0,0.0,0.0,0.0,0.0,0.0,0.0,0.0,0.0,0.0,0.0,0.0,3.0,0.0,0.0,0.0,0.0,0.0,0.0,714127,2025-03-03 17:30:00,2025
Goztepe,15.0,4.0,0.0,0.0,1.0,0.0,40.9,13.0,3.0,0.2,0.0,0.0,0.0,0.0,0.0,0.0,0.0,0.0,0.0,0.0,0.0,3.0,0.0,0.0,0.0,0.0,0.0,0.0,Samsunspor,7.0,1.0,0.0,0.0,2.0,1.0,59.1,8.0,2.0,0.3,0.0,0.0,0.0,0.0,0.0,0.0,0.0,0.0,0.0,0.0,0.0,3.0,0.0,0.0,0.0,0.0,0.0,0.0,714124,2025-03-03 17:30:00,2025
Bodrum FK,12.0,1.0,0.0,0.0,3.0,5.0,34.7,15.0,5.0,0.3,0.0,0.0,0.0,0.0,0.0,0.0,0.0,0.0,0.0,0.0,0.0,2.0,0.0,0.0,0.0,0.0,0.0,0.0,Kasimpasa,5.0,0.0,0.0,0.0,4.0,4.0,65.3,13.0,5.0,0.4,0.0,0.0,0.0,0.0,0.0,0.0,0.0,0.0,0.0,0.0,0.0,2.0,0.0,0.0,0.0,0.0,0.0,0.0,714129,2025-03-07 17:30:00,2025
Kayserispor,17.0,2.0,0.0,0.0,4.0,3.0,39.4,11.0,5.0,0.5,0.0,0.0,0.0,0.0,0.0,0.0,0.0,0.0,0.0,0.0,0.0,1.0,0.0,0.0,0.0,0.0,0.0,0.0,Istanbul Basaksehir,17.0,2.0,0.0,0.0,7.0,2.0,60.6,11.0,4.0,0.4,0.0,0.0,0.0,0.0,0.0,0.0,0.0,0.0,0.0,0.0,0.0,3.0,0.0,0.0,0.0,0.0,0.0,0.0,714134,2025-03-08 10:30:00,2025
Antalyaspor,18.0,1.0,0.0,0.0,4.0,3.0,58.4,17.0,5.0,0.3,1.0,1.0,0.0,0.0,0.0,0.0,0.0,0.0,0.0,0.0,0.0,5.0,0.0,0.0,0.0,0.0,0.0,0.0,Caykur Rizespor,16.0,2.0,0.0,0.0,1.0,3.0,41.6,8.0,4.0,0.5,0.0,0.0,0.0,0.0,0.0,0.0,0.0,0.0,0.0,0.0,0.0,1.0,0.0,0.0,0.0,0.0,0.0,0.0,714131,2025-03-08 13:00:00,2025
Trabzonspor,13.0,2.0,0.0,0.0,7.0,0.0,61.2,23.0,4.0,0.2,0.0,0.0,0.0,0.0,0.0,0.0,0.0,0.0,0.0,0.0,0.0,6.0,0.0,0.0,0.0,0.0,0.0,0.0,Hatayspor,13.0,5.0,0.0,0.0,1.0,3.0,38.8,4.0,2.0,0.5,0.0,0.0,0.0,0.0,0.0,0.0,0.0,0.0,0.0,0.0,0.0,1.0,0.0,0.0,0.0,0.0,0.0,0.0,714133,2025-03-08 17:30:00,2025
Sivasspor,9.0,4.0,0.0,0.0,2.0,2.0,64.6,15.0,5.0,0.3,0.0,0.0,0.0,0.0,0.0,0.0,0.0,0.0,0.0,0.0,0.0,5.0,0.0,0.0,0.0,0.0,0.0,0.0,Goztepe,12.0,3.0,1.0,0.0,5.0,2.0,35.4,10.0,3.0,0.3,0.0,0.0,0.0,0.0,0.0,0.0,0.0,0.0,0.0,0.0,0.0,2.0,0.0,0.0,0.0,0.0,0.0,0.0,714136,2025-03-09 10:30:00,2025
Eyupspor,19.0,4.0,1.0,0.0,5.0,2.0,48.0,7.0,5.0,0.7,1.0,1.0,0.0,0.0,0.0,0.0,0.0,0.0,0.0,0.0,0.0,0.0,0.0,0.0,0.0,0.0,0.0,0.0,Konyaspor,12.0,3.0,0.0,0.0,5.0,2.0,52.0,10.0,3.0,0.3,0.0,0.0,0.0,0.0,0.0,0.0,0.0,0.0,0.0,0.0,0.0,2.0,0.0,0.0,0.0,0.0,0.0,0.0,714130,2025-03-09 13:00:00,2025
Samsunspor,10.0,1.0,0.0,0.0,8.0,2.0,60.9,20.0,8.0,0.4,0.0,0.0,0.0,0.0,0.0,0.0,0.0,0.0,0.0,0.0,0.0,3.0,0.0,0.0,0.0,0.0,0.0,0.0,Adana Demirspor,8.0,2.0,0.0,0.0,2.0,5.0,39.1,7.0,4.0,0.6,0.0,0.0,0.0,0.0,0.0,0.0,0.0,0.0,0.0,0.0,0.0,0.0,0.0,0.0,0.0,0.0,0.0,0.0,714135,2025-03-09 13:00:00,2025
Alanyaspor,12.0,2.0,0.0,0.0,3.0,5.0,34.7,10.0,2.0,0.2,0.0,0.0,0.0,0.0,0.0,0.0,0.0,0.0,0.0,0.0,0.0,1.0,0.0,0.0,0.0,0.0,0.0,0.0,Galatasaray,15.0,7.0,1.0,0.0,4.0,1.0,65.3,18.0,6.0,0.3,0.0,0.0,0.0,0.0,0.0,0.0,0.0,0.0,0.0,0.0,0.0,4.0,0.0,0.0,0.0,0.0,0.0,0.0,714137,2025-03-09 17:30:00,2025
Besiktas,12.0,2.0,0.0,0.0,5.0,2.0,59.1,18.0,6.0,0.3,1.0,1.0,0.0,0.0,0.0,0.0,0.0,0.0,0.0,0.0,0.0,6.0,0.0,0.0,0.0,0.0,0.0,0.0,Gaziantep FK,17.0,7.0,1.0,0.0,3.0,6.0,40.9,10.0,4.0,0.4,0.0,0.0,0.0,0.0,0.0,0.0,0.0,0.0,0.0,0.0,0.0,2.0,0.0,0.0,0.0,0.0,0.0,0.0,714132,2025-03-10 17:30:00,2025
Galatasaray,12.0,0.0,0.0,0.0,7.0,1.0,60.6,23.0,7.0,0.3,1.0,1.0,0.0,0.0,0.0,0.0,0.0,0.0,0.0,0.0,0.0,4.0,0.0,0.0,0.0,0.0,0.0,0.0,Antalyaspor,14.0,3.0,0.0,0.0,4.0,3.0,39.4,6.0,1.0,0.2,0.0,0.0,0.0,0.0,0.0,0.0,0.0,0.0,0.0,0.0,0.0,2.0,0.0,0.0,0.0,0.0,0.0,0.0,714145,2025-03-14 17:30:00,2025
Gaziantep FK,12.0,2.0,0.0,0.0,3.0,4.0,42.5,14.0,2.0,0.1,0.0,0.0,0.0,0.0,0.0,0.0,0.0,0.0,0.0,0.0,0.0,7.0,0.0,0.0,0.0,0.0,0.0,0.0,Kayserispor,18.0,1.0,0.0,0.0,4.0,1.0,57.5,15.0,4.0,0.3,0.0,0.0,0.0,0.0,0.0,0.0,0.0,0.0,0.0,0.0,0.0,5.0,0.0,0.0,0.0,0.0,0.0,0.0,714144,2025-03-15 10:30:00,2025
Kasimpasa,13.0,1.0,0.0,0.0,2.0,1.0,44.7,11.0,5.0,0.5,1.0,1.0,0.0,0.0,0.0,0.0,0.0,0.0,0.0,0.0,0.0,2.0,0.0,0.0,0.0,0.0,0.0,0.0,Alanyaspor,12.0,1.0,0.0,0.0,6.0,3.0,55.3,15.0,2.0,0.1,0.0,0.0,0.0,0.0,0.0,0.0,0.0,0.0,0.0,0.0,0.0,3.0,0.0,0.0,0.0,0.0,0.0,0.0,714138,2025-03-15 13:00:00,2025
Istanbul Basaksehir,10.0,1.0,1.0,0.0,4.0,1.0,53.5,13.0,5.0,0.4,0.0,1.0,0.0,0.0,0.0,0.0,0.0,0.0,0.0,0.0,0.0,3.0,0.0,0.0,0.0,0.0,0.0,0.0,Trabzonspor,13.0,2.0,0.0,0.0,2.0,5.0,46.5,9.0,4.0,0.4,0.0,0.0,0.0,0.0,0.0,0.0,0.0,0.0,0.0,0.0,0.0,2.0,0.0,0.0,0.0,0.0,0.0,0.0,714141,2025-03-15 17:30:00,2025
Konyaspor,6.0,1.0,2.0,0.0,4.0,5.0,34.2,7.0,1.0,0.1,0.0,0.0,0.0,0.0,0.0,0.0,0.0,0.0,0.0,0.0,0.0,1.0,0.0,0.0,0.0,0.0,0.0,0.0,Besiktas,8.0,2.0,0.0,0.0,12.0,0.0,65.8,26.0,5.0,0.2,0.0,0.0,0.0,0.0,0.0,0.0,0.0,0.0,0.0,0.0,0.0,8.0,0.0,0.0,0.0,0.0,0.0,0.0,714140,2025-03-15 17:30:00,2025
Caykur Rizespor,18.0,3.0,1.0,0.0,5.0,5.0,60.0,6.0,2.0,0.3,0.0,0.0,0.0,0.0,0.0,0.0,0.0,0.0,0.0,0.0,0.0,2.0,0.0,0.0,0.0,0.0,0.0,0.0,Bodrum FK,14.0,3.0,0.0,0.0,8.0,2.0,40.0,14.0,7.0,0.5,0.0,0.0,0.0,0.0,0.0,0.0,0.0,0.0,0.0,0.0,0.0,3.0,0.0,0.0,0.0,0.0,0.0,0.0,714139,2025-03-16 10:30:00,2025
Goztepe,16.0,4.0,0.0,0.0,4.0,2.0,46.2,13.0,4.0,0.3,1.0,1.0,0.0,0.0,0.0,0.0,0.0,0.0,0.0,0.0,0.0,4.0,0.0,0.0,0.0,0.0,0.0,0.0,Eyupspor,14.0,4.0,1.0,0.0,4.0,3.0,53.8,7.0,3.0,0.4,0.0,0.0,0.0,0.0,0.0,0.0,0.0,0.0,0.0,0.0,0.0,0.0,0.0,0.0,0.0,0.0,0.0,0.0,714143,2025-03-16 13:00:00,2025
Hatayspor,13.0,3.0,1.0,0.0,8.0,6.0,51.8,15.0,8.0,0.5,0.0,0.0,0.0,0.0,0.0,0.0,0.0,0.0,0.0,0.0,0.0,2.0,0.0,0.0,0.0,0.0,0.0,0.0,Sivasspor,7.0,2.0,0.0,0.0,9.0,5.0,48.2,21.0,8.0,0.4,0.0,0.0,0.0,0.0,0.0,0.0,0.0,0.0,0.0,0.0,0.0,5.0,0.0,0.0,0.0,0.0,0.0,0.0,714142,2025-03-16 13:00:00,2025
Fenerbahce,5.0,1.0,0.0,0.0,10.0,1.0,64.6,28.0,6.0,0.2,0.0,0.0,0.0,0.0,0.0,0.0,0.0,0.0,0.0,0.0,0.0,7.0,0.0,0.0,0.0,0.0,0.0,0.0,Samsunspor,17.0,4.0,1.0,0.0,2.0,6.0,35.4,2.0,1.0,0.5,0.0,0.0,0.0,0.0,0.0,0.0,0.0,0.0,0.0,0.0,0.0,0.0,0.0,0.0,0.0,0.0,0.0,0.0,714146,2025-03-16 17:30:00,2025
Antalyaspor,16.0,3.0,0.0,0.0,4.0,0.0,55.7,11.0,4.0,0.4,0.0,0.0,0.0,0.0,0.0,0.0,0.0,0.0,0.0,0.0,0.0,3.0,0.0,0.0,0.0,0.0,0.0,0.0,Alanyaspor,15.0,2.0,0.0,0.0,3.0,2.0,44.3,4.0,1.0,0.3,0.0,0.0,0.0,0.0,0.0,0.0,0.0,0.0,0.0,0.0,0.0,0.0,0.0,0.0,0.0,0.0,0.0,0.0,714149,2025-03-28 13:00:00,2025
Kayserispor,14.0,1.0,0.0,0.0,8.0,4.0,43.9,20.0,11.0,0.6,0.0,0.0,0.0,0.0,0.0,0.0,0.0,0.0,0.0,0.0,0.0,1.0,0.0,0.0,0.0,0.0,0.0,0.0,Hatayspor,5.0,2.0,0.0,0.0,3.0,7.0,56.1,14.0,4.0,0.3,0.0,0.0,0.0,0.0,0.0,0.0,0.0,0.0,0.0,0.0,0.0,3.0,0.0,0.0,0.0,0.0,0.0,0.0,714148,2025-03-28 13:00:00,2025
Bodrum FK,10.0,2.0,0.0,0.0,4.0,6.0,29.3,14.0,8.0,0.6,1.0,1.0,0.0,0.0,0.0,0.0,0.0,0.0,0.0,0.0,0.0,3.0,0.0,0.0,0.0,0.0,0.0,0.0,Fenerbahce,8.0,1.0,0.0,0.0,1.0,6.0,70.7,16.0,10.0,0.6,1.0,1.0,0.0,0.0,0.0,0.0,0.0,0.0,0.0,0.0,0.0,1.0,0.0,0.0,0.0,0.0,0.0,0.0,714147,2025-03-28 17:30:00,2025
Konyaspor,16.0,4.0,0.0,0.0,2.0,5.0,52.5,13.0,3.0,0.2,0.0,0.0,0.0,0.0,0.0,0.0,0.0,0.0,0.0,0.0,0.0,3.0,0.0,0.0,0.0,0.0,0.0,0.0,Gaziantep FK,15.0,4.0,0.0,0.0,2.0,2.0,47.5,6.0,5.0,0.8,0.0,0.0,0.0,0.0,0.0,0.0,0.0,0.0,0.0,0.0,0.0,0.0,0.0,0.0,0.0,0.0,0.0,0.0,714153,2025-03-28 17:30:00,2025
Sivasspor,13.0,3.0,0.0,0.0,3.0,2.0,43.8,12.0,6.0,0.5,0.0,0.0,0.0,0.0,0.0,0.0,0.0,0.0,0.0,0.0,0.0,2.0,0.0,0.0,0.0,0.0,0.0,0.0,Adana Demirspor,8.0,1.0,0.0,0.0,6.0,1.0,56.2,7.0,3.0,0.4,0.0,0.0,0.0,0.0,0.0,0.0,0.0,0.0,0.0,0.0,0.0,1.0,0.0,0.0,0.0,0.0,0.0,0.0,714154,2025-03-29 10:30:00,2025
Trabzonspor,7.0,1.0,0.0,0.0,7.0,2.0,67.2,11.0,2.0,0.2,0.0,0.0,0.0,0.0,0.0,0.0,0.0,0.0,0.0,0.0,0.0,4.0,0.0,0.0,0.0,0.0,0.0,0.0,Goztepe,17.0,2.0,0.0,0.0,1.0,1.0,32.8,6.0,3.0,0.5,1.0,1.0,0.0,0.0,0.0,0.0,0.0,0.0,0.0,0.0,0.0,1.0,0.0,0.0,0.0,0.0,0.0,0.0,714152,2025-03-29 13:00:00,2025
Samsunspor,7.0,1.0,0.0,0.0,2.0,3.0,68.3,13.0,5.0,0.4,0.0,0.0,0.0,0.0,0.0,0.0,0.0,0.0,0.0,0.0,0.0,4.0,0.0,0.0,0.0,0.0,0.0,0.0,Kasimpasa,13.0,3.0,0.0,0.0,2.0,5.0,31.7,9.0,5.0,0.6,0.0,0.0,0.0,0.0,0.0,0.0,0.0,0.0,0.0,0.0,0.0,2.0,0.0,0.0,0.0,0.0,0.0,0.0,714151,2025-03-29 13:00:00,2025
Besiktas,14.0,3.0,1.0,0.0,9.0,2.0,53.6,20.0,6.0,0.3,0.0,0.0,0.0,0.0,0.0,0.0,0.0,0.0,0.0,0.0,0.0,9.0,0.0,0.0,0.0,0.0,0.0,0.0,Galatasaray,23.0,3.0,1.0,0.0,3.0,4.0,46.4,9.0,3.0,0.3,0.0,0.0,0.0,0.0,0.0,0.0,0.0,0.0,0.0,0.0,0.0,2.0,0.0,0.0,0.0,0.0,0.0,0.0,714150,2025-03-29 17:30:00,2025
Eyupspor,5.0,1.0,0.0,0.0,4.0,4.0,51.0,11.0,4.0,0.4,0.0,0.0,0.0,0.0,0.0,0.0,0.0,0.0,0.0,0.0,0.0,2.0,0.0,0.0,0.0,0.0,0.0,0.0,Istanbul Basaksehir,18.0,1.0,0.0,0.0,3.0,3.0,49.0,12.0,7.0,0.6,0.0,0.0,0.0,0.0,0.0,0.0,0.0,0.0,0.0,0.0,0.0,1.0,0.0,0.0,0.0,0.0,0.0,0.0,714155,2025-03-31 17:00:00,2025
Adana Demirspor,10.0,3.0,0.0,0.0,7.0,5.0,45.9,12.0,3.0,0.3,0.0,0.0,0.0,0.0,0.0,0.0,0.0,0.0,0.0,0.0,0.0,5.0,0.0,0.0,0.0,0.0,0.0,0.0,Kayserispor,14.0,3.0,1.0,0.0,7.0,3.0,54.1,10.0,7.0,0.7,0.0,0.0,0.0,0.0,0.0,0.0,0.0,0.0,0.0,0.0,0.0,3.0,0.0,0.0,0.0,0.0,0.0,0.0,714164,2025-04-04 17:00:00,2025
Caykur Rizespor,12.0,0.0,0.0,0.0,9.0,2.0,47.5,9.0,4.0,0.4,1.0,1.0,0.0,0.0,0.0,0.0,0.0,0.0,0.0,0.0,0.0,2.0,0.0,0.0,0.0,0.0,0.0,0.0,Sivasspor,6.0,0.0,0.0,0.0,2.0,3.0,52.5,13.0,3.0,0.2,0.0,0.0,0.0,0.0,0.0,0.0,0.0,0.0,0.0,0.0,0.0,4.0,0.0,0.0,0.0,0.0,0.0,0.0,714163,2025-04-05 10:30:00,2025
Istanbul Basaksehir,13.0,2.0,0.0,0.0,0.0,7.0,58.5,7.0,2.0,0.3,1.0,1.0,0.0,0.0,0.0,0.0,0.0,0.0,0.0,0.0,0.0,1.0,0.0,0.0,0.0,0.0,0.0,0.0,Konyaspor,12.0,1.0,0.0,0.0,5.0,1.0,41.5,15.0,7.0,0.5,0.0,0.0,0.0,0.0,0.0,0.0,0.0,0.0,0.0,0.0,0.0,1.0,0.0,0.0,0.0,0.0,0.0,0.0,714161,2025-04-05 13:00:00,2025
Antalyaspor,18.0,2.0,0.0,0.0,3.0,3.0,52.0,12.0,6.0,0.5,0.0,0.0,0.0,0.0,0.0,0.0,0.0,0.0,0.0,0.0,0.0,1.0,0.0,0.0,0.0,0.0,0.0,0.0,Samsunspor,9.0,1.0,0.0,0.0,1.0,3.0,48.0,13.0,4.0,0.3,0.0,0.0,0.0,0.0,0.0,0.0,0.0,0.0,0.0,0.0,0.0,4.0,0.0,0.0,0.0,0.0,0.0,0.0,714162,2025-04-05 16:00:00,2025
Alanyaspor,10.0,3.0,0.0,0.0,3.0,0.0,58.6,12.0,3.0,0.3,0.0,0.0,0.0,0.0,0.0,0.0,0.0,0.0,0.0,0.0,0.0,2.0,0.0,0.0,0.0,0.0,0.0,0.0,Bodrum FK,12.0,1.0,0.0,0.0,2.0,3.0,41.4,4.0,1.0,0.3,0.0,0.0,0.0,0.0,0.0,0.0,0.0,0.0,0.0,0.0,0.0,0.0,0.0,0.0,0.0,0.0,0.0,0.0,714156,2025-04-06 10:30:00,2025
Hatayspor,12.0,3.0,0.0,0.0,2.0,3.0,40.2,10.0,4.0,0.4,0.0,0.0,0.0,0.0,0.0,0.0,0.0,0.0,0.0,0.0,0.0,2.0,0.0,0.0,0.0,0.0,0.0,0.0,Eyupspor,13.0,5.0,0.0,0.0,5.0,3.0,59.8,21.0,4.0,0.2,0.0,0.0,0.0,0.0,0.0,0.0,0.0,0.0,0.0,0.0,0.0,4.0,0.0,0.0,0.0,0.0,0.0,0.0,714158,2025-04-06 13:00:00,2025
Fenerbahce,8.0,2.0,0.0,0.0,2.0,2.0,51.0,21.0,8.0,0.4,1.0,1.0,0.0,0.0,0.0,0.0,0.0,0.0,0.0,0.0,0.0,5.0,0.0,0.0,0.0,0.0,0.0,0.0,Trabzonspor,19.0,3.0,0.0,0.0,3.0,4.0,49.0,13.0,3.0,0.2,0.0,0.0,0.0,0.0,0.0,0.0,0.0,0.0,0.0,0.0,0.0,7.0,0.0,0.0,0.0,0.0,0.0,0.0,714160,2025-04-06 16:00:00,2025
Goztepe,17.0,1.0,0.0,0.0,6.0,1.0,59.4,20.0,9.0,0.5,0.0,1.0,0.0,0.0,0.0,0.0,0.0,0.0,0.0,0.0,0.0,4.0,0.0,0.0,0.0,0.0,0.0,0.0,Gaziantep FK,8.0,4.0,0.0,0.0,2.0,8.0,40.6,13.0,2.0,0.2,0.0,0.0,0.0,0.0,0.0,0.0,0.0,0.0,0.0,0.0,0.0,5.0,0.0,0.0,0.0,0.0,0.0,0.0,714159,2025-04-07 17:00:00,2025
Kasimpasa,11.0,5.0,0.0,0.0,4.0,1.0,52.9,18.0,4.0,0.2,0.0,0.0,0.0,0.0,0.0,0.0,0.0,0.0,0.0,0.0,0.0,3.0,0.0,0.0,0.0,0.0,0.0,0.0,Besiktas,5.0,1.0,1.0,0.0,5.0,2.0,47.1,8.0,2.0,0.3,1.0,1.0,0.0,0.0,0.0,0.0,0.0,0.0,0.0,0.0,0.0,2.0,0.0,0.0,0.0,0.0,0.0,0.0,714157,2025-04-07 17:00:00,2025
Samsunspor,11.0,2.0,0.0,0.0,0.0,1.0,36.2,5.0,0.0,0.0,0.0,0.0,0.0,0.0,0.0,0.0,0.0,0.0,0.0,0.0,0.0,2.0,0.0,0.0,0.0,0.0,0.0,0.0,Galatasaray,14.0,4.0,0.0,0.0,6.0,0.0,63.8,11.0,3.0,0.3,0.0,0.0,0.0,0.0,0.0,0.0,0.0,0.0,0.0,0.0,0.0,1.0,0.0,0.0,0.0,0.0,0.0,0.0,714172,2025-04-11 17:00:00,2025
Konyaspor,10.0,4.0,0.0,0.0,4.0,3.0,40.9,9.0,2.0,0.2,0.0,0.0,0.0,0.0,0.0,0.0,0.0,0.0,0.0,0.0,0.0,4.0,0.0,0.0,0.0,0.0,0.0,0.0,Goztepe,12.0,1.0,0.0,0.0,6.0,1.0,59.1,18.0,3.0,0.2,0.0,0.0,0.0,0.0,0.0,0.0,0.0,0.0,0.0,0.0,0.0,7.0,0.0,0.0,0.0,0.0,0.0,0.0,714171,2025-04-12 13:00:00,2025
Bodrum FK,15.0,1.0,0.0,0.0,3.0,2.0,51.1,9.0,2.0,0.2,0.0,0.0,0.0,0.0,0.0,0.0,0.0,0.0,0.0,0.0,0.0,4.0,0.0,0.0,0.0,0.0,0.0,0.0,Antalyaspor,18.0,3.0,0.0,0.0,1.0,2.0,48.9,6.0,2.0,0.3,0.0,0.0,0.0,0.0,0.0,0.0,0.0,0.0,0.0,0.0,0.0,0.0,0.0,0.0,0.0,0.0,0.0,0.0,714173,2025-04-12 16:00:00,2025
Besiktas,16.0,1.0,0.0,0.0,3.0,2.0,55.5,12.0,3.0,0.3,0.0,0.0,0.0,0.0,0.0,0.0,0.0,0.0,0.0,0.0,0.0,4.0,0.0,0.0,0.0,0.0,0.0,0.0,Istanbul Basaksehir,12.0,0.0,0.0,0.0,6.0,3.0,44.5,8.0,4.0,0.5,0.0,0.0,0.0,0.0,0.0,0.0,0.0,0.0,0.0,0.0,0.0,3.0,0.0,0.0,0.0,0.0,0.0,0.0,714169,2025-04-12 16:00:00,2025
Kayserispor,13.0,4.0,1.0,0.0,3.0,4.0,47.6,7.0,1.0,0.1,0.0,0.0,0.0,0.0,0.0,0.0,0.0,0.0,0.0,0.0,0.0,1.0,0.0,0.0,0.0,0.0,0.0,0.0,Kasimpasa,15.0,1.0,0.0,0.0,8.0,0.0,52.4,10.0,4.0,0.4,0.0,0.0,0.0,0.0,0.0,0.0,0.0,0.0,0.0,0.0,0.0,1.0,0.0,0.0,0.0,0.0,0.0,0.0,714170,2025-04-13 13:00:00,2025
Gaziantep FK,8.0,1.0,0.0,0.0,4.0,4.0,55.6,24.0,6.0,0.3,0.0,0.0,0.0,0.0,0.0,0.0,0.0,0.0,0.0,0.0,0.0,5.0,0.0,0.0,0.0,0.0,0.0,0.0,Hatayspor,9.0,4.0,0.0,0.0,10.0,3.0,44.4,17.0,5.0,0.3,0.0,0.0,0.0,0.0,0.0,0.0,0.0,0.0,0.0,0.0,0.0,5.0,0.0,0.0,0.0,0.0,0.0,0.0,714167,2025-04-13 13:00:00,2025
Sivasspor,9.0,2.0,1.0,0.0,5.0,4.0,44.5,12.0,5.0,0.4,0.0,0.0,0.0,0.0,0.0,0.0,0.0,0.0,0.0,0.0,0.0,2.0,0.0,0.0,0.0,0.0,0.0,0.0,Fenerbahce,13.0,2.0,0.0,0.0,6.0,4.0,55.5,17.0,7.0,0.4,0.0,0.0,0.0,0.0,0.0,0.0,0.0,0.0,0.0,0.0,0.0,3.0,0.0,0.0,0.0,0.0,0.0,0.0,714166,2025-04-13 16:00:00,2025
Trabzonspor,15.0,3.0,0.0,0.0,4.0,2.0,69.0,17.0,7.0,0.4,0.0,0.0,0.0,0.0,0.0,0.0,0.0,0.0,0.0,0.0,0.0,2.0,0.0,0.0,0.0,0.0,0.0,0.0,Caykur Rizespor,12.0,2.0,1.0,0.0,5.0,5.0,31.0,5.0,2.0,0.4,0.0,0.0,0.0,0.0,0.0,0.0,0.0,0.0,0.0,0.0,0.0,0.0,0.0,0.0,0.0,0.0,0.0,0.0,714168,2025-04-13 16:00:00,2025
Eyupspor,12.0,3.0,0.0,0.0,5.0,2.0,59.1,20.0,10.0,0.5,0.0,0.0,0.0,0.0,0.0,0.0,0.0,0.0,0.0,0.0,0.0,1.0,0.0,0.0,0.0,0.0,0.0,0.0,Adana Demirspor,6.0,2.0,0.0,0.0,7.0,5.0,40.9,9.0,2.0,0.2,0.0,0.0,0.0,0.0,0.0,0.0,0.0,0.0,0.0,0.0,0.0,2.0,0.0,0.0,0.0,0.0,0.0,0.0,714165,2025-04-14 17:00:00,2025
Hatayspor,8.0,1.0,0.0,0.0,2.0,2.0,53.2,15.0,6.0,0.4,0.0,0.0,0.0,0.0,0.0,0.0,0.0,0.0,0.0,0.0,0.0,4.0,0.0,0.0,0.0,0.0,0.0,0.0,Konyaspor,13.0,1.0,0.0,0.0,3.0,4.0,46.8,14.0,5.0,0.4,0.0,0.0,0.0,0.0,0.0,0.0,0.0,0.0,0.0,0.0,0.0,3.0,0.0,0.0,0.0,0.0,0.0,0.0,714179,2025-04-18 17:00:00,2025
Galatasaray,8.0,1.0,0.0,0.0,16.0,0.0,71.2,35.0,14.0,0.4,0.0,0.0,0.0,0.0,0.0,0.0,0.0,0.0,0.0,0.0,0.0,7.0,0.0,0.0,0.0,0.0,0.0,0.0,Bodrum FK,7.0,0.0,0.0,0.0,1.0,11.0,28.8,1.0,0.0,0.0,0.0,0.0,0.0,0.0,0.0,0.0,0.0,0.0,0.0,0.0,0.0,1.0,0.0,0.0,0.0,0.0,0.0,0.0,714177,2025-04-18 17:00:00,2025
Kasimpasa,9.0,4.0,0.0,0.0,13.0,3.0,51.4,22.0,10.0,0.5,1.0,1.0,0.0,0.0,0.0,0.0,0.0,0.0,0.0,0.0,0.0,6.0,0.0,0.0,0.0,0.0,0.0,0.0,Sivasspor,17.0,1.0,0.0,0.0,4.0,7.0,48.6,6.0,4.0,0.7,0.0,1.0,0.0,0.0,0.0,0.0,0.0,0.0,0.0,0.0,0.0,0.0,0.0,0.0,0.0,0.0,0.0,0.0,714176,2025-04-19 10:30:00,2025
Adana Demirspor,9.0,1.0,0.0,0.0,2.0,2.0,36.9,6.0,1.0,0.2,0.0,0.0,0.0,0.0,0.0,0.0,0.0,0.0,0.0,0.0,0.0,2.0,0.0,0.0,0.0,0.0,0.0,0.0,Trabzonspor,12.0,0.0,0.0,0.0,4.0,1.0,63.1,9.0,3.0,0.3,0.0,0.0,0.0,0.0,0.0,0.0,0.0,0.0,0.0,0.0,0.0,1.0,0.0,0.0,0.0,0.0,0.0,0.0,714175,2025-04-19 13:00:00,2025
Goztepe,12.0,3.0,0.0,0.0,5.0,1.0,44.5,16.0,7.0,0.4,0.0,0.0,0.0,0.0,0.0,0.0,0.0,0.0,0.0,0.0,0.0,4.0,0.0,0.0,0.0,0.0,0.0,0.0,Besiktas,10.0,1.0,0.0,0.0,3.0,6.0,55.5,7.0,2.0,0.3,0.0,0.0,0.0,0.0,0.0,0.0,0.0,0.0,0.0,0.0,0.0,4.0,0.0,0.0,0.0,0.0,0.0,0.0,714180,2025-04-19 16:00:00,2025
Istanbul Basaksehir,13.0,1.0,1.0,0.0,5.0,4.0,54.5,9.0,4.0,0.4,1.0,1.0,0.0,0.0,0.0,0.0,0.0,0.0,0.0,0.0,0.0,4.0,0.0,0.0,0.0,0.0,0.0,0.0,Gaziantep FK,21.0,4.0,1.0,0.0,1.0,2.0,45.5,16.0,5.0,0.3,0.0,0.0,0.0,0.0,0.0,0.0,0.0,0.0,0.0,0.0,0.0,1.0,0.0,0.0,0.0,0.0,0.0,0.0,714182,2025-04-20 10:30:00,2025
Caykur Rizespor,11.0,0.0,0.0,0.0,9.0,1.0,36.2,10.0,2.0,0.2,0.0,0.0,0.0,0.0,0.0,0.0,0.0,0.0,0.0,0.0,0.0,3.0,0.0,0.0,0.0,0.0,0.0,0.0,Eyupspor,11.0,0.0,0.0,0.0,6.0,2.0,63.8,7.0,1.0,0.1,0.0,0.0,0.0,0.0,0.0,0.0,0.0,0.0,0.0,0.0,0.0,3.0,0.0,0.0,0.0,0.0,0.0,0.0,714178,2025-04-20 13:00:00,2025
Fenerbahce,10.0,1.0,0.0,0.0,12.0,0.0,71.9,27.0,7.0,0.3,1.0,1.0,0.0,0.0,0.0,0.0,0.0,0.0,0.0,0.0,0.0,9.0,0.0,0.0,0.0,0.0,0.0,0.0,Kayserispor,11.0,2.0,0.0,0.0,0.0,4.0,28.1,4.0,3.0,0.8,0.0,0.0,0.0,0.0,0.0,0.0,0.0,0.0,0.0,0.0,0.0,0.0,0.0,0.0,0.0,0.0,0.0,0.0,714174,2025-04-20 16:00:00,2025
Alanyaspor,11.0,5.0,0.0,0.0,5.0,3.0,35.5,6.0,2.0,0.3,0.0,0.0,0.0,0.0,0.0,0.0,0.0,0.0,0.0,0.0,0.0,2.0,0.0,0.0,0.0,0.0,0.0,0.0,Samsunspor,9.0,4.0,0.0,0.0,1.0,1.0,64.5,14.0,3.0,0.2,0.0,1.0,0.0,0.0,0.0,0.0,0.0,0.0,0.0,0.0,0.0,3.0,0.0,0.0,0.0,0.0,0.0,0.0,714181,2025-04-21 17:00:00,2025
Besiktas,7.0,0.0,0.0,0.0,4.0,5.0,51.6,16.0,8.0,0.5,2.0,2.0,0.0,0.0,0.0,0.0,0.0,0.0,0.0,0.0,0.0,5.0,0.0,0.0,0.0,0.0,0.0,0.0,Hatayspor,7.0,1.0,0.0,0.0,4.0,3.0,48.4,15.0,6.0,0.4,0.0,0.0,0.0,0.0,0.0,0.0,0.0,0.0,0.0,0.0,0.0,2.0,0.0,0.0,0.0,0.0,0.0,0.0,714186,2025-04-25 17:00:00,2025
Sivasspor,13.0,4.0,0.0,0.0,6.0,2.0,44.0,12.0,4.0,0.3,0.0,0.0,0.0,0.0,0.0,0.0,0.0,0.0,0.0,0.0,0.0,3.0,0.0,0.0,0.0,0.0,0.0,0.0,Antalyaspor,12.0,3.0,0.0,0.0,4.0,2.0,56.0,9.0,2.0,0.2,0.0,0.0,0.0,0.0,0.0,0.0,0.0,0.0,0.0,0.0,0.0,3.0,0.0,0.0,0.0,0.0,0.0,0.0,714190,2025-04-26 13:00:00,2025
Gaziantep FK,19.0,4.0,0.0,0.0,1.0,4.0,39.6,8.0,5.0,0.6,0.0,0.0,0.0,0.0,0.0,0.0,0.0,0.0,0.0,0.0,0.0,1.0,0.0,0.0,0.0,0.0,0.0,0.0,Fenerbahce,9.0,2.0,0.0,0.0,8.0,4.0,60.4,13.0,7.0,0.5,1.0,1.0,0.0,0.0,0.0,0.0,0.0,0.0,0.0,0.0,0.0,4.0,0.0,0.0,0.0,0.0,0.0,0.0,714184,2025-04-26 16:00:00,2025
Bodrum FK,10.0,2.0,0.0,0.0,9.0,2.0,53.7,23.0,7.0,0.3,0.0,0.0,0.0,0.0,0.0,0.0,0.0,0.0,0.0,0.0,0.0,9.0,0.0,0.0,0.0,0.0,0.0,0.0,Samsunspor,20.0,5.0,0.0,0.0,6.0,5.0,46.3,6.0,4.0,0.7,1.0,1.0,0.0,0.0,0.0,0.0,0.0,0.0,0.0,0.0,0.0,0.0,0.0,0.0,0.0,0.0,0.0,0.0,714187,2025-04-26 16:00:00,2025
Trabzonspor,11.0,3.0,0.0,0.0,2.0,1.0,49.1,15.0,10.0,0.7,0.0,0.0,0.0,0.0,0.0,0.0,0.0,0.0,0.0,0.0,0.0,2.0,0.0,0.0,0.0,0.0,0.0,0.0,Alanyaspor,10.0,3.0,0.0,0.0,4.0,6.0,50.9,8.0,4.0,0.5,1.0,1.0,0.0,0.0,0.0,0.0,0.0,0.0,0.0,0.0,0.0,3.0,0.0,0.0,0.0,0.0,0.0,0.0,714185,2025-04-27 13:00:00,2025
Konyaspor,12.0,3.0,0.0,0.0,11.0,2.0,58.9,25.0,7.0,0.3,0.0,0.0,0.0,0.0,0.0,0.0,0.0,0.0,0.0,0.0,0.0,5.0,0.0,0.0,0.0,0.0,0.0,0.0,Adana Demirspor,7.0,3.0,0.0,0.0,0.0,5.0,41.1,6.0,3.0,0.5,0.0,0.0,0.0,0.0,0.0,0.0,0.0,0.0,0.0,0.0,0.0,1.0,0.0,0.0,0.0,0.0,0.0,0.0,714188,2025-04-27 13:00:00,2025
Kayserispor,10.0,1.0,0.0,0.0,1.0,1.0,48.3,12.0,2.0,0.2,0.0,0.0,0.0,0.0,0.0,0.0,0.0,0.0,0.0,0.0,0.0,4.0,0.0,0.0,0.0,0.0,0.0,0.0,Caykur Rizespor,9.0,5.0,0.0,0.0,7.0,1.0,51.7,15.0,1.0,0.1,0.0,0.0,0.0,0.0,0.0,0.0,0.0,0.0,0.0,0.0,0.0,8.0,0.0,0.0,0.0,0.0,0.0,0.0,714189,2025-04-27 16:00:00,2025
Eyupspor,12.0,2.0,0.0,0.0,3.0,2.0,50.0,8.0,3.0,0.4,0.0,0.0,0.0,0.0,0.0,0.0,0.0,0.0,0.0,0.0,0.0,3.0,0.0,0.0,0.0,0.0,0.0,0.0,Galatasaray,14.0,2.0,0.0,0.0,5.0,2.0,50.0,17.0,8.0,0.5,0.0,0.0,0.0,0.0,0.0,0.0,0.0,0.0,0.0,0.0,0.0,6.0,0.0,0.0,0.0,0.0,0.0,0.0,714191,2025-04-27 16:00:00,2025
Goztepe,23.0,2.0,0.0,0.0,7.0,7.0,42.5,29.0,12.0,0.4,0.0,0.0,0.0,0.0,0.0,0.0,0.0,0.0,0.0,0.0,0.0,6.0,0.0,0.0,0.0,0.0,0.0,0.0,Istanbul Basaksehir,10.0,2.0,0.0,0.0,4.0,9.0,57.5,12.0,8.0,0.7,0.0,0.0,0.0,0.0,0.0,0.0,0.0,0.0,0.0,0.0,0.0,0.0,0.0,0.0,0.0,0.0,0.0,0.0,714183,2025-04-28 17:00:00,2025
Antalyaspor,19.0,5.0,0.0,0.0,4.0,7.0,48.8,8.0,3.0,0.4,0.0,0.0,0.0,0.0,0.0,0.0,0.0,0.0,0.0,0.0,0.0,2.0,0.0,0.0,0.0,0.0,0.0,0.0,Konyaspor,18.0,1.0,1.0,0.0,7.0,2.0,51.2,15.0,7.0,0.5,0.0,1.0,0.0,0.0,0.0,0.0,0.0,0.0,0.0,0.0,0.0,3.0,0.0,0.0,0.0,0.0,0.0,0.0,714193,2025-05-02 17:00:00,2025
Caykur Rizespor,10.0,3.0,0.0,0.0,12.0,3.0,43.6,20.0,11.0,0.6,0.0,0.0,0.0,0.0,0.0,0.0,0.0,0.0,0.0,0.0,0.0,5.0,0.0,0.0,0.0,0.0,0.0,0.0,Gaziantep FK,10.0,0.0,0.0,0.0,6.0,8.0,56.4,14.0,3.0,0.2,0.0,0.0,0.0,0.0,0.0,0.0,0.0,0.0,0.0,0.0,0.0,6.0,0.0,0.0,0.0,0.0,0.0,0.0,714194,2025-05-03 13:00:00,2025
Alanyaspor,5.0,1.0,0.0,0.0,4.0,1.0,56.1,16.0,1.0,0.1,0.0,0.0,0.0,0.0,0.0,0.0,0.0,0.0,0.0,0.0,0.0,2.0,0.0,0.0,0.0,0.0,0.0,0.0,Kayserispor,21.0,3.0,0.0,0.0,6.0,1.0,43.9,7.0,3.0,0.4,0.0,0.0,0.0,0.0,0.0,0.0,0.0,0.0,0.0,0.0,0.0,2.0,0.0,0.0,0.0,0.0,0.0,0.0,714192,2025-05-03 13:00:00,2025
Galatasaray,7.0,1.0,0.0,0.0,3.0,0.0,71.9,26.0,10.0,0.4,0.0,0.0,0.0,0.0,0.0,0.0,0.0,0.0,0.0,0.0,0.0,8.0,0.0,0.0,0.0,0.0,0.0,0.0,Sivasspor,11.0,2.0,0.0,0.0,0.0,6.0,28.1,3.0,1.0,0.3,0.0,0.0,0.0,0.0,0.0,0.0,0.0,0.0,0.0,0.0,0.0,1.0,0.0,0.0,0.0,0.0,0.0,0.0,714198,2025-05-03 16:00:00,2025
Hatayspor,14.0,4.0,0.0,0.0,4.0,2.0,45.8,8.0,4.0,0.5,0.0,0.0,0.0,0.0,0.0,0.0,0.0,0.0,0.0,0.0,0.0,3.0,0.0,0.0,0.0,0.0,0.0,0.0,Istanbul Basaksehir,13.0,1.0,0.0,0.0,7.0,2.0,54.2,18.0,5.0,0.3,1.0,2.0,0.0,0.0,0.0,0.0,0.0,0.0,0.0,0.0,0.0,5.0,0.0,0.0,0.0,0.0,0.0,0.0,714197,2025-05-03 16:00:00,2025
Samsunspor,11.0,1.0,0.0,0.0,5.0,0.0,35.4,18.0,4.0,0.2,0.0,0.0,0.0,0.0,0.0,0.0,0.0,0.0,0.0,0.0,0.0,5.0,0.0,0.0,0.0,0.0,0.0,0.0,Eyupspor,10.0,4.0,0.0,0.0,3.0,1.0,64.6,9.0,0.0,0.0,0.0,1.0,0.0,0.0,0.0,0.0,0.0,0.0,0.0,0.0,0.0,1.0,0.0,0.0,0.0,0.0,0.0,0.0,714200,2025-05-04 13:00:00,2025
Fenerbahce,13.0,3.0,0.0,0.0,8.0,3.0,61.4,17.0,7.0,0.4,0.0,0.0,0.0,0.0,0.0,0.0,0.0,0.0,0.0,0.0,0.0,5.0,0.0,0.0,0.0,0.0,0.0,0.0,Besiktas,20.0,4.0,0.0,0.0,5.0,7.0,38.6,8.0,4.0,0.5,0.0,1.0,0.0,0.0,0.0,0.0,0.0,0.0,0.0,0.0,0.0,1.0,0.0,0.0,0.0,0.0,0.0,0.0,714199,2025-05-04 16:00:00,2025
Adana Demirspor,8.0,3.0,0.0,0.0,3.0,4.0,54.6,12.0,3.0,0.3,0.0,0.0,0.0,0.0,0.0,0.0,0.0,0.0,0.0,0.0,0.0,3.0,0.0,0.0,0.0,0.0,0.0,0.0,Goztepe,26.0,3.0,0.0,0.0,4.0,2.0,45.4,15.0,6.0,0.4,0.0,0.0,0.0,0.0,0.0,0.0,0.0,0.0,0.0,0.0,0.0,2.0,0.0,0.0,0.0,0.0,0.0,0.0,714195,2025-05-04 16:00:00,2025
Kasimpasa,19.0,5.0,0.0,0.0,12.0,1.0,52.9,14.0,6.0,0.4,0.0,0.0,0.0,0.0,0.0,0.0,0.0,0.0,0.0,0.0,0.0,2.0,0.0,0.0,0.0,0.0,0.0,0.0,Trabzonspor,14.0,2.0,0.0,0.0,1.0,5.0,47.1,9.0,2.0,0.2,0.0,0.0,0.0,0.0,0.0,0.0,0.0,0.0,0.0,0.0,0.0,2.0,0.0,0.0,0.0,0.0,0.0,0.0,714196,2025-05-05 17:00:00,2025
Gaziantep FK,13.0,2.0,1.0,0.0,2.0,3.0,59.9,10.0,3.0,0.3,0.0,0.0,0.0,0.0,0.0,0.0,0.0,0.0,0.0,0.0,0.0,3.0,0.0,0.0,0.0,0.0,0.0,0.0,Alanyaspor,13.0,2.0,0.0,0.0,0.0,3.0,40.1,8.0,4.0,0.5,0.0,0.0,0.0,0.0,0.0,0.0,0.0,0.0,0.0,0.0,0.0,0.0,0.0,0.0,0.0,0.0,0.0,0.0,714209,2025-05-09 17:00:00,2025
Istanbul Basaksehir,9.0,1.0,0.0,0.0,5.0,3.0,49.7,14.0,6.0,0.4,0.0,1.0,0.0,0.0,0.0,0.0,0.0,0.0,0.0,0.0,0.0,6.0,0.0,0.0,0.0,0.0,0.0,0.0,Fenerbahce,16.0,4.0,0.0,0.0,5.0,5.0,50.3,19.0,9.0,0.5,0.0,0.0,0.0,0.0,0.0,0.0,0.0,0.0,0.0,0.0,0.0,5.0,0.0,0.0,0.0,0.0,0.0,0.0,714207,2025-05-09 17:00:00,2025
Konyaspor,14.0,2.0,0.0,0.0,5.0,3.0,40.0,18.0,7.0,0.4,0.0,0.0,0.0,0.0,0.0,0.0,0.0,0.0,0.0,0.0,0.0,2.0,0.0,0.0,0.0,0.0,0.0,0.0,Caykur Rizespor,8.0,2.0,0.0,0.0,5.0,5.0,60.0,12.0,4.0,0.3,0.0,0.0,0.0,0.0,0.0,0.0,0.0,0.0,0.0,0.0,0.0,2.0,0.0,0.0,0.0,0.0,0.0,0.0,714201,2025-05-10 13:00:00,2025
Eyupspor,7.0,3.0,0.0,0.0,2.0,1.0,50.9,7.0,2.0,0.3,0.0,0.0,0.0,0.0,0.0,0.0,0.0,0.0,0.0,0.0,0.0,2.0,0.0,0.0,0.0,0.0,0.0,0.0,Kasimpasa,20.0,3.0,0.0,0.0,2.0,2.0,49.1,9.0,4.0,0.4,0.0,0.0,0.0,0.0,0.0,0.0,0.0,0.0,0.0,0.0,0.0,3.0,0.0,0.0,0.0,0.0,0.0,0.0,714204,2025-05-10 13:00:00,2025
Trabzonspor,8.0,1.0,0.0,0.0,1.0,7.0,41.6,13.0,5.0,0.4,0.0,0.0,0.0,0.0,0.0,0.0,0.0,0.0,0.0,0.0,0.0,2.0,0.0,0.0,0.0,0.0,0.0,0.0,Galatasaray,12.0,2.0,0.0,0.0,9.0,5.0,58.4,19.0,9.0,0.5,0.0,0.0,0.0,0.0,0.0,0.0,0.0,0.0,0.0,0.0,0.0,4.0,0.0,0.0,0.0,0.0,0.0,0.0,714202,2025-05-10 16:00:00,2025
Sivasspor,10.0,2.0,0.0,0.0,9.0,0.0,61.8,13.0,2.0,0.2,0.0,0.0,0.0,0.0,0.0,0.0,0.0,0.0,0.0,0.0,0.0,6.0,0.0,0.0,0.0,0.0,0.0,0.0,Bodrum FK,10.0,4.0,0.0,0.0,5.0,2.0,38.2,7.0,0.0,0.0,0.0,0.0,0.0,0.0,0.0,0.0,0.0,0.0,0.0,0.0,0.0,2.0,0.0,0.0,0.0,0.0,0.0,0.0,714205,2025-05-11 13:00:00,2025
Goztepe,13.0,2.0,0.0,0.0,9.0,1.0,62.9,22.0,8.0,0.4,0.0,0.0,0.0,0.0,0.0,0.0,0.0,0.0,0.0,0.0,0.0,6.0,0.0,0.0,0.0,0.0,0.0,0.0,Hatayspor,9.0,2.0,1.0,0.0,4.0,7.0,37.1,7.0,2.0,0.3,0.0,0.0,0.0,0.0,0.0,0.0,0.0,0.0,0.0,0.0,0.0,1.0,0.0,0.0,0.0,0.0,0.0,0.0,714206,2025-05-11 16:00:00,2025
Besiktas,12.0,3.0,0.0,0.0,13.0,3.0,62.3,30.0,14.0,0.5,0.0,0.0,0.0,0.0,0.0,0.0,0.0,0.0,0.0,0.0,0.0,7.0,0.0,0.0,0.0,0.0,0.0,0.0,Adana Demirspor,13.0,4.0,0.0,0.0,4.0,10.0,37.7,8.0,4.0,0.5,0.0,0.0,0.0,0.0,0.0,0.0,0.0,0.0,0.0,0.0,0.0,1.0,0.0,0.0,0.0,0.0,0.0,0.0,714203,2025-05-11 16:00:00,2025
Kayserispor,11.0,3.0,0.0,0.0,6.0,1.0,49.8,12.0,6.0,0.5,1.0,1.0,0.0,0.0,0.0,0.0,0.0,0.0,0.0,0.0,0.0,3.0,0.0,0.0,0.0,0.0,0.0,0.0,Antalyaspor,6.0,1.0,0.0,0.0,1.0,3.0,50.2,6.0,2.0,0.3,0.0,0.0,0.0,0.0,0.0,0.0,0.0,0.0,0.0,0.0,0.0,0.0,0.0,0.0,0.0,0.0,0.0,0.0,714208,2025-05-12 17:00:00,2025
Adana Demirspor,9.0,2.0,0.0,0.0,5.0,3.0,39.6,15.0,5.0,0.3,0.0,0.0,0.0,0.0,0.0,0.0,0.0,0.0,0.0,0.0,0.0,5.0,0.0,0.0,0.0,0.0,0.0,0.0,Hatayspor,10.0,3.0,0.0,0.0,6.0,5.0,60.4,16.0,8.0,0.5,1.0,2.0,0.0,0.0,0.0,0.0,0.0,0.0,0.0,0.0,0.0,2.0,0.0,0.0,0.0,0.0,0.0,0.0,714217,2025-05-17 16:00:00,2025
Fenerbahce,9.0,2.0,0.0,0.0,7.0,2.0,39.2,21.0,7.0,0.3,0.0,0.0,0.0,0.0,0.0,0.0,0.0,0.0,0.0,0.0,0.0,5.0,0.0,0.0,0.0,0.0,0.0,0.0,Eyupspor,9.0,1.0,0.0,0.0,2.0,4.0,60.8,10.0,3.0,0.3,0.0,0.0,0.0,0.0,0.0,0.0,0.0,0.0,0.0,0.0,0.0,3.0,0.0,0.0,0.0,0.0,0.0,0.0,714212,2025-05-18 16:00:00,2025
Samsunspor,15.0,1.0,0.0,0.0,5.0,3.0,59.6,13.0,8.0,0.6,0.0,0.0,0.0,0.0,0.0,0.0,0.0,0.0,0.0,0.0,0.0,2.0,0.0,0.0,0.0,0.0,0.0,0.0,Sivasspor,14.0,4.0,1.0,0.0,4.0,7.0,40.4,10.0,3.0,0.3,0.0,0.0,0.0,0.0,0.0,0.0,0.0,0.0,0.0,0.0,0.0,5.0,0.0,0.0,0.0,0.0,0.0,0.0,714215,2025-05-18 16:00:00,2025
Bodrum FK,7.0,0.0,0.0,0.0,6.0,4.0,33.6,17.0,4.0,0.2,0.0,0.0,0.0,0.0,0.0,0.0,0.0,0.0,0.0,0.0,0.0,4.0,0.0,0.0,0.0,0.0,0.0,0.0,Trabzonspor,15.0,2.0,0.0,0.0,4.0,3.0,66.4,9.0,5.0,0.6,1.0,1.0,0.0,0.0,0.0,0.0,0.0,0.0,0.0,0.0,0.0,2.0,0.0,0.0,0.0,0.0,0.0,0.0,714218,2025-05-18 16:00:00,2025
Alanyaspor,10.0,0.0,0.0,0.0,4.0,6.0,39.9,11.0,4.0,0.4,0.0,0.0,0.0,0.0,0.0,0.0,0.0,0.0,0.0,0.0,0.0,3.0,0.0,0.0,0.0,0.0,0.0,0.0,Besiktas,14.0,2.0,0.0,0.0,2.0,3.0,60.1,12.0,6.0,0.5,0.0,0.0,0.0,0.0,0.0,0.0,0.0,0.0,0.0,0.0,0.0,4.0,0.0,0.0,0.0,0.0,0.0,0.0,714216,2025-05-18 16:00:00,2025
Kasimpasa,18.0,4.0,0.0,0.0,6.0,4.0,54.6,19.0,7.0,0.4,1.0,1.0,0.0,0.0,0.0,0.0,0.0,0.0,0.0,0.0,0.0,4.0,0.0,0.0,0.0,0.0,0.0,0.0,Istanbul Basaksehir,16.0,3.0,0.0,0.0,2.0,5.0,45.4,10.0,7.0,0.7,0.0,1.0,0.0,0.0,0.0,0.0,0.0,0.0,0.0,0.0,0.0,0.0,0.0,0.0,0.0,0.0,0.0,0.0,714214,2025-05-18 16:00:00,2025
Antalyaspor,12.0,2.0,0.0,0.0,5.0,4.0,57.1,11.0,3.0,0.3,0.0,0.0,0.0,0.0,0.0,0.0,0.0,0.0,0.0,0.0,0.0,3.0,0.0,0.0,0.0,0.0,0.0,0.0,Gaziantep FK,11.0,2.0,0.0,0.0,6.0,3.0,42.9,11.0,4.0,0.4,0.0,0.0,0.0,0.0,0.0,0.0,0.0,0.0,0.0,0.0,0.0,3.0,0.0,0.0,0.0,0.0,0.0,0.0,714210,2025-05-18 16:00:00,2025
Caykur Rizespor,11.0,0.0,0.0,0.0,2.0,2.0,42.4,11.0,8.0,0.7,0.0,0.0,0.0,0.0,0.0,0.0,0.0,0.0,0.0,0.0,0.0,0.0,0.0,0.0,0.0,0.0,0.0,0.0,Goztepe,14.0,1.0,0.0,0.0,2.0,2.0,57.6,20.0,5.0,0.3,1.0,1.0,0.0,0.0,0.0,0.0,0.0,0.0,0.0,0.0,0.0,4.0,0.0,0.0,0.0,0.0,0.0,0.0,714211,2025-05-18 16:00:00,2025
Galatasaray,13.0,4.0,0.0,0.0,5.0,2.0,59.1,24.0,5.0,0.2,1.0,1.0,0.0,0.0,0.0,0.0,0.0,0.0,0.0,0.0,0.0,5.0,0.0,0.0,0.0,0.0,0.0,0.0,Kayserispor,9.0,2.0,0.0,0.0,3.0,2.0,40.9,4.0,2.0,0.5,0.0,0.0,0.0,0.0,0.0,0.0,0.0,0.0,0.0,0.0,0.0,0.0,0.0,0.0,0.0,0.0,0.0,0.0,714213,2025-05-18 16:00:00,2025
Eyupspor,10.0,1.0,0.0,0.0,2.0,2.0,59.0,7.0,5.0,0.7,0.0,0.0,0.0,0.0,0.0,0.0,0.0,0.0,0.0,0.0,0.0,0.0,0.0,0.0,0.0,0.0,0.0,0.0,Antalyaspor,16.0,0.0,0.0,0.0,6.0,3.0,41.0,12.0,4.0,0.3,0.0,0.0,0.0,0.0,0.0,0.0,0.0,0.0,0.0,0.0,0.0,3.0,0.0,0.0,0.0,0.0,0.0,0.0,714227,2025-05-24 13:00:00,2025
Gaziantep FK,16.0,2.0,0.0,0.0,3.0,2.0,36.2,10.0,3.0,0.3,1.0,1.0,0.0,0.0,0.0,0.0,0.0,0.0,0.0,0.0,0.0,2.0,0.0,0.0,0.0,0.0,0.0,0.0,Kasimpasa,12.0,5.0,0.0,0.0,8.0,1.0,63.8,14.0,4.0,0.3,0.0,0.0,0.0,0.0,0.0,0.0,0.0,0.0,0.0,0.0,0.0,2.0,0.0,0.0,0.0,0.0,0.0,0.0,714222,2025-05-24 16:00:00,2025
Goztepe,12.0,3.0,0.0,0.0,7.0,1.0,36.7,21.0,5.0,0.2,0.0,0.0,0.0,0.0,0.0,0.0,0.0,0.0,0.0,0.0,0.0,6.0,0.0,0.0,0.0,0.0,0.0,0.0,Galatasaray,9.0,0.0,0.0,0.0,6.0,5.0,63.3,14.0,3.0,0.2,0.0,0.0,0.0,0.0,0.0,0.0,0.0,0.0,0.0,0.0,0.0,5.0,0.0,0.0,0.0,0.0,0.0,0.0,714221,2025-05-24 16:00:00,2025
Istanbul Basaksehir,20.0,3.0,0.0,0.0,10.0,1.0,71.8,31.0,5.0,0.2,0.0,0.0,0.0,0.0,0.0,0.0,0.0,0.0,0.0,0.0,0.0,9.0,0.0,0.0,0.0,0.0,0.0,0.0,Adana Demirspor,11.0,2.0,1.0,0.0,0.0,2.0,28.2,8.0,4.0,0.5,1.0,1.0,0.0,0.0,0.0,0.0,0.0,0.0,0.0,0.0,0.0,1.0,0.0,0.0,0.0,0.0,0.0,0.0,714219,2025-05-25 16:00:00,2025
Besiktas,9.0,2.0,0.0,0.0,6.0,3.0,58.2,25.0,4.0,0.2,0.0,0.0,0.0,0.0,0.0,0.0,0.0,0.0,0.0,0.0,0.0,11.0,0.0,0.0,0.0,0.0,0.0,0.0,Caykur Rizespor,15.0,3.0,0.0,0.0,7.0,3.0,41.8,10.0,5.0,0.5,0.0,0.0,0.0,0.0,0.0,0.0,0.0,0.0,0.0,0.0,0.0,2.0,0.0,0.0,0.0,0.0,0.0,0.0,714223,2025-05-25 16:00:00,2025
Konyaspor,13.0,4.0,1.0,0.0,6.0,3.0,53.3,12.0,4.0,0.3,0.0,0.0,0.0,0.0,0.0,0.0,0.0,0.0,0.0,0.0,0.0,2.0,0.0,0.0,0.0,0.0,0.0,0.0,Alanyaspor,12.0,5.0,0.0,0.0,2.0,3.0,46.7,10.0,5.0,0.5,0.0,0.0,0.0,0.0,0.0,0.0,0.0,0.0,0.0,0.0,0.0,0.0,0.0,0.0,0.0,0.0,0.0,0.0,714226,2025-05-25 16:00:00,2025
Kayserispor,12.0,3.0,0.0,0.0,8.0,5.0,55.9,10.0,5.0,0.5,0.0,0.0,0.0,0.0,0.0,0.0,0.0,0.0,0.0,0.0,0.0,0.0,0.0,0.0,0.0,0.0,0.0,0.0,Bodrum FK,13.0,2.0,0.0,0.0,6.0,4.0,44.1,17.0,6.0,0.4,0.0,0.0,0.0,0.0,0.0,0.0,0.0,0.0,0.0,0.0,0.0,4.0,0.0,0.0,0.0,0.0,0.0,0.0,714225,2025-05-25 16:00:00,2025
Trabzonspor,15.0,5.0,0.0,0.0,11.0,1.0,63.4,22.0,5.0,0.2,0.0,0.0,0.0,0.0,0.0,0.0,0.0,0.0,0.0,0.0,0.0,6.0,0.0,0.0,0.0,0.0,0.0,0.0,Samsunspor,13.0,2.0,0.0,0.0,2.0,3.0,36.6,7.0,3.0,0.4,0.0,0.0,0.0,0.0,0.0,0.0,0.0,0.0,0.0,0.0,0.0,2.0,0.0,0.0,0.0,0.0,0.0,0.0,714220,2025-05-25 16:00:00,2025
Hatayspor,10.0,1.0,0.0,0.0,2.0,4.0,52.7,15.0,7.0,0.5,1.0,1.0,0.0,0.0,0.0,0.0,0.0,0.0,0.0,0.0,0.0,2.0,0.0,0.0,0.0,0.0,0.0,0.0,Fenerbahce,11.0,2.0,1.0,0.0,8.0,4.0,47.3,20.0,7.0,0.4,0.0,0.0,0.0,0.0,0.0,0.0,0.0,0.0,0.0,0.0,0.0,3.0,0.0,0.0,0.0,0.0,0.0,0.0,714224,2025-05-26 17:00:00,2025
Galatasaray,16.0,2.0,0.0,0.0,4.0,1.0,58.7,21.0,9.0,0.4,1.0,1.0,0.0,0.0,0.0,0.0,0.0,0.0,0.0,0.0,0.0,4.0,0.0,0.0,0.0,0.0,0.0,0.0,Istanbul Basaksehir,12.0,1.0,0.0,0.0,3.0,7.0,41.3,9.0,1.0,0.1,0.0,0.0,0.0,0.0,0.0,0.0,0.0,0.0,0.0,0.0,0.0,2.0,0.0,0.0,0.0,0.0,0.0,0.0,714233,2025-05-30 17:00:00,2025
Kasimpasa,4.0,0.0,0.0,0.0,4.0,2.0,66.9,18.0,5.0,0.3,0.0,0.0,0.0,0.0,0.0,0.0,0.0,0.0,0.0,0.0,0.0,4.0,0.0,0.0,0.0,0.0,0.0,0.0,Goztepe,20.0,2.0,0.0,0.0,5.0,3.0,33.1,14.0,5.0,0.4,1.0,1.0,0.0,0.0,0.0,0.0,0.0,0.0,0.0,0.0,0.0,2.0,0.0,0.0,0.0,0.0,0.0,0.0,714234,2025-05-30 17:00:00,2025
Antalyaspor,8.0,0.0,0.0,0.0,2.0,2.0,46.3,9.0,2.0,0.2,0.0,0.0,0.0,0.0,0.0,0.0,0.0,0.0,0.0,0.0,0.0,0.0,0.0,0.0,0.0,0.0,0.0,0.0,Trabzonspor,18.0,0.0,0.0,0.0,2.0,2.0,53.7,10.0,4.0,0.4,0.0,0.0,0.0,0.0,0.0,0.0,0.0,0.0,0.0,0.0,0.0,1.0,0.0,0.0,0.0,0.0,0.0,0.0,714230,2025-05-30 17:00:00,2025
Caykur Rizespor,9.0,2.0,0.0,0.0,7.0,5.0,49.8,21.0,14.0,0.7,0.0,0.0,0.0,0.0,0.0,0.0,0.0,0.0,0.0,0.0,0.0,0.0,0.0,0.0,0.0,0.0,0.0,0.0,Hatayspor,8.0,0.0,0.0,0.0,8.0,8.0,50.2,13.0,7.0,0.5,0.0,0.0,0.0,0.0,0.0,0.0,0.0,0.0,0.0,0.0,0.0,2.0,0.0,0.0,0.0,0.0,0.0,0.0,714235,2025-05-31 13:00:00,2025
Fenerbahce,10.0,4.0,0.0,0.0,6.0,0.0,61.4,19.0,5.0,0.3,0.0,0.0,0.0,0.0,0.0,0.0,0.0,0.0,0.0,0.0,0.0,6.0,0.0,0.0,0.0,0.0,0.0,0.0,Konyaspor,7.0,0.0,0.0,0.0,2.0,3.0,38.6,4.0,1.0,0.3,0.0,0.0,0.0,0.0,0.0,0.0,0.0,0.0,0.0,0.0,0.0,0.0,0.0,0.0,0.0,0.0,0.0,0.0,714236,2025-05-31 13:00:00,2025
Adana Demirspor,14.0,3.0,0.0,0.0,7.0,8.0,45.8,19.0,8.0,0.4,0.0,0.0,0.0,0.0,0.0,0.0,0.0,0.0,0.0,0.0,0.0,7.0,0.0,0.0,0.0,0.0,0.0,0.0,Gaziantep FK,12.0,0.0,0.0,0.0,2.0,5.0,54.2,20.0,10.0,0.5,1.0,1.0,0.0,0.0,0.0,0.0,0.0,0.0,0.0,0.0,0.0,2.0,0.0,0.0,0.0,0.0,0.0,0.0,714228,2025-05-31 16:00:00,2025
Alanyaspor,15.0,0.0,0.0,0.0,5.0,0.0,65.5,13.0,6.0,0.5,0.0,0.0,0.0,0.0,0.0,0.0,0.0,0.0,0.0,0.0,0.0,5.0,0.0,0.0,0.0,0.0,0.0,0.0,Sivasspor,9.0,0.0,0.0,0.0,2.0,4.0,34.5,7.0,0.0,0.0,0.0,0.0,0.0,0.0,0.0,0.0,0.0,0.0,0.0,0.0,0.0,0.0,0.0,0.0,0.0,0.0,0.0,0.0,714229,2025-05-31 16:00:00,2025
Bodrum FK,18.0,1.0,0.0,0.0,7.0,0.0,40.0,8.0,5.0,0.6,0.0,0.0,0.0,0.0,0.0,0.0,0.0,0.0,0.0,0.0,0.0,0.0,0.0,0.0,0.0,0.0,0.0,0.0,Besiktas,9.0,0.0,0.0,0.0,3.0,5.0,60.0,7.0,4.0,0.6,1.0,1.0,0.0,0.0,0.0,0.0,0.0,0.0,0.0,0.0,0.0,0.0,0.0,0.0,0.0,0.0,0.0,0.0,714232,2025-06-01 16:00:00,2025
Samsunspor,8.0,5.0,0.0,0.0,12.0,3.0,73.3,32.0,14.0,0.4,0.0,0.0,0.0,0.0,0.0,0.0,0.0,0.0,0.0,0.0,0.0,8.0,0.0,0.0,0.0,0.0,0.0,0.0,Kayserispor,5.0,3.0,0.0,0.0,4.0,12.0,26.7,8.0,4.0,0.5,0.0,0.0,0.0,0.0,0.0,0.0,0.0,0.0,0.0,0.0,0.0,1.0,0.0,0.0,0.0,0.0,0.0,0.0,714231,2025-06-01 16:00:00,2025
Gaziantep FK,14.0,2.0,1.0,0.0,1.0,2.0,40.4,5.0,2.0,0.4,0.0,0.0,0.0,0.0,0.0,0.0,0.0,0.0,0.0,0.0,0.0,2.0,0.0,0.0,0.0,0.0,0.0,0.0,Galatasaray,15.0,4.0,0.0,0.0,4.0,2.0,59.6,15.0,5.0,0.3,2.0,2.0,0.0,0.0,0.0,0.0,0.0,0.0,0.0,0.0,0.0,1.0,0.0,0.0,0.0,0.0,0.0,0.0,749923,2025-08-08 18:30:00,2025
Samsunspor,12.0,1.0,0.0,0.0,2.0,0.0,61.6,9.0,3.0,0.3,1.0,1.0,0.0,0.0,0.0,0.0,0.0,0.0,0.0,0.0,0.0,0.0,0.0,0.0,0.0,0.0,0.0,0.0,Genclerbirligi,12.0,0.0,0.0,0.0,3.0,1.0,38.4,8.0,1.0,0.1,0.0,0.0,0.0,0.0,0.0,0.0,0.0,0.0,0.0,0.0,0.0,5.0,0.0,0.0,0.0,0.0,0.0,0.0,749925,2025-08-09 16:00:00,2025
Antalyaspor,12.0,3.0,0.0,0.0,3.0,1.0,37.4,16.0,6.0,0.4,0.0,0.0,0.0,0.0,0.0,0.0,0.0,0.0,0.0,0.0,0.0,2.0,0.0,0.0,0.0,0.0,0.0,0.0,Kasimpasa,21.0,4.0,0.0,0.0,3.0,4.0,62.6,10.0,2.0,0.2,0.0,0.0,0.0,0.0,0.0,0.0,0.0,0.0,0.0,0.0,0.0,3.0,0.0,0.0,0.0,0.0,0.0,0.0,749918,2025-08-09 18:30:00,2025
Caykur Rizespor,9.0,2.0,0.0,0.0,3.0,1.0,55.5,13.0,1.0,0.1,0.0,0.0,0.0,0.0,0.0,0.0,0.0,0.0,0.0,0.0,0.0,6.0,0.0,0.0,0.0,0.0,0.0,0.0,Goztepe,14.0,1.0,0.0,0.0,5.0,1.0,44.5,17.0,4.0,0.2,0.0,0.0,0.0,0.0,0.0,0.0,0.0,0.0,0.0,0.0,0.0,4.0,0.0,0.0,0.0,0.0,0.0,0.0,749919,2025-08-10 16:00:00,2025
Eyupspor,9.0,2.0,0.0,0.0,8.0,1.0,63.2,16.0,3.0,0.2,0.0,0.0,0.0,0.0,0.0,0.0,0.0,0.0,0.0,0.0,0.0,3.0,0.0,0.0,0.0,0.0,0.0,0.0,Konyaspor,12.0,1.0,0.0,0.0,7.0,2.0,36.8,16.0,5.0,0.3,1.0,1.0,0.0,0.0,0.0,0.0,0.0,0.0,0.0,0.0,0.0,7.0,0.0,0.0,0.0,0.0,0.0,0.0,749920,2025-08-10 18:30:00,2025
Trabzonspor,9.0,2.0,0.0,0.0,3.0,2.0,55.9,11.0,1.0,0.1,0.0,0.0,0.0,0.0,0.0,0.0,0.0,0.0,0.0,0.0,0.0,3.0,0.0,0.0,0.0,0.0,0.0,0.0,Kocaelispor,16.0,0.0,0.0,0.0,5.0,0.0,44.1,12.0,2.0,0.2,0.0,0.0,0.0,0.0,0.0,0.0,0.0,0.0,0.0,0.0,0.0,3.0,0.0,0.0,0.0,0.0,0.0,0.0,749921,2025-08-11 18:30:00,2025
Galatasaray,11.0,0.0,0.0,0.0,10.0,2.0,72.0,28.0,8.0,0.3,0.0,0.0,0.0,0.0,0.0,0.0,0.0,0.0,0.0,0.0,0.0,6.0,0.0,0.0,0.0,0.0,0.0,0.0,Fatih Karagümrük,12.0,1.0,1.0,0.0,3.0,5.0,28.0,6.0,2.0,0.3,0.0,0.0,0.0,0.0,0.0,0.0,0.0,0.0,0.0,0.0,0.0,1.0,0.0,0.0,0.0,0.0,0.0,0.0,749929,2025-08-15 18:30:00,2025
Kocaelispor,10.0,2.0,1.0,0.0,4.0,5.0,39.2,13.0,5.0,0.4,0.0,0.0,0.0,0.0,0.0,0.0,0.0,0.0,0.0,0.0,0.0,1.0,0.0,0.0,0.0,0.0,0.0,0.0,Samsunspor,16.0,2.0,0.0,0.0,7.0,6.0,60.8,13.0,5.0,0.4,0.0,0.0,0.0,0.0,0.0,0.0,0.0,0.0,0.0,0.0,0.0,1.0,0.0,0.0,0.0,0.0,0.0,0.0,749934,2025-08-16 16:00:00,2025
Alanyaspor,22.0,1.0,0.0,0.0,3.0,3.0,42.6,9.0,1.0,0.1,0.0,0.0,0.0,0.0,0.0,0.0,0.0,0.0,0.0,0.0,0.0,4.0,0.0,0.0,0.0,0.0,0.0,0.0,Caykur Rizespor,14.0,2.0,0.0,0.0,1.0,1.0,57.4,7.0,3.0,0.4,0.0,0.0,0.0,0.0,0.0,0.0,0.0,0.0,0.0,0.0,0.0,0.0,0.0,0.0,0.0,0.0,0.0,0.0,749927,2025-08-16 18:30:00,2025
Goztepe,24.0,3.0,2.0,0.0,3.0,1.0,40.4,12.0,2.0,0.2,0.0,0.0,0.0,0.0,0.0,0.0,0.0,0.0,0.0,0.0,0.0,6.0,0.0,0.0,0.0,0.0,0.0,0.0,Fenerbahce,13.0,3.0,1.0,0.0,6.0,2.0,59.6,12.0,1.0,0.1,0.0,1.0,0.0,0.0,0.0,0.0,0.0,0.0,0.0,0.0,0.0,4.0,0.0,0.0,0.0,0.0,0.0,0.0,749931,2025-08-16 18:30:00,2025
Genclerbirligi,3.0,0.0,0.0,0.0,8.0,3.0,45.4,14.0,2.0,0.1,0.0,0.0,0.0,0.0,0.0,0.0,0.0,0.0,0.0,0.0,0.0,6.0,0.0,0.0,0.0,0.0,0.0,0.0,Antalyaspor,9.0,2.0,0.0,0.0,3.0,2.0,54.6,8.0,4.0,0.5,0.0,0.0,0.0,0.0,0.0,0.0,0.0,0.0,0.0,0.0,0.0,0.0,0.0,0.0,0.0,0.0,0.0,0.0,749930,2025-08-17 16:00:00,2025
Konyaspor,17.0,3.0,0.0,0.0,2.0,2.0,50.1,15.0,7.0,0.5,0.0,0.0,0.0,0.0,0.0,0.0,0.0,0.0,0.0,0.0,0.0,4.0,0.0,0.0,0.0,0.0,0.0,0.0,Gaziantep FK,11.0,3.0,0.0,0.0,6.0,4.0,49.9,17.0,1.0,0.1,0.0,0.0,0.0,0.0,0.0,0.0,0.0,0.0,0.0,0.0,0.0,6.0,0.0,0.0,0.0,0.0,0.0,0.0,749935,2025-08-17 16:00:00,2025
Besiktas,14.0,2.0,0.0,0.0,10.0,3.0,53.7,18.0,9.0,0.5,1.0,1.0,0.0,0.0,0.0,0.0,0.0,0.0,0.0,0.0,0.0,4.0,0.0,0.0,0.0,0.0,0.0,0.0,Eyupspor,10.0,2.0,0.0,0.0,3.0,7.0,46.3,11.0,4.0,0.4,0.0,0.0,0.0,0.0,0.0,0.0,0.0,0.0,0.0,0.0,0.0,3.0,0.0,0.0,0.0,0.0,0.0,0.0,749928,2025-08-17 18:30:00,2025
Istanbul Basaksehir,12.0,1.0,0.0,0.0,5.0,2.0,57.0,13.0,4.0,0.3,0.0,0.0,0.0,0.0,0.0,0.0,0.0,0.0,0.0,0.0,0.0,3.0,0.0,0.0,0.0,0.0,0.0,0.0,Kayserispor,13.0,1.0,0.0,0.0,7.0,3.0,43.0,9.0,3.0,0.3,0.0,0.0,0.0,0.0,0.0,0.0,0.0,0.0,0.0,0.0,0.0,2.0,0.0,0.0,0.0,0.0,0.0,0.0,749932,2025-08-17 18:30:00,2025
Kasimpasa,24.0,2.0,0.0,0.0,6.0,0.0,43.5,8.0,0.0,0.0,0.0,0.0,0.0,0.0,0.0,0.0,0.0,0.0,0.0,0.0,0.0,2.0,0.0,0.0,0.0,0.0,0.0,0.0,Trabzonspor,13.0,2.0,0.0,0.0,4.0,0.0,56.5,11.0,1.0,0.1,0.0,0.0,0.0,0.0,0.0,0.0,0.0,0.0,0.0,0.0,0.0,4.0,0.0,0.0,0.0,0.0,0.0,0.0,749933,2025-08-18 18:30:00,2025
Fatih Karagümrük,13.0,2.0,0.0,0.0,4.0,4.0,64.6,11.0,2.0,0.2,0.0,0.0,0.0,0.0,0.0,0.0,0.0,0.0,0.0,0.0,0.0,3.0,0.0,0.0,0.0,0.0,0.0,0.0,Goztepe,19.0,2.0,0.0,0.0,6.0,2.0,35.4,16.0,7.0,0.4,0.0,0.0,0.0,0.0,0.0,0.0,0.0,0.0,0.0,0.0,0.0,4.0,0.0,0.0,0.0,0.0,0.0,0.0,749938,2025-08-22 18:30:00,2025
Gaziantep FK,12.0,3.0,0.0,0.0,10.0,2.0,71.0,25.0,4.0,0.2,1.0,1.0,0.0,0.0,0.0,0.0,0.0,0.0,0.0,0.0,0.0,7.0,0.0,0.0,0.0,0.0,0.0,0.0,Genclerbirligi,18.0,4.0,1.0,0.0,4.0,2.0,29.0,7.0,3.0,0.4,0.0,0.0,0.0,0.0,0.0,0.0,0.0,0.0,0.0,0.0,0.0,2.0,0.0,0.0,0.0,0.0,0.0,0.0,749940,2025-08-23 18:30:00,2025
Fenerbahce,12.0,1.0,0.0,0.0,7.0,0.0,57.3,21.0,7.0,0.3,0.0,0.0,0.0,0.0,0.0,0.0,0.0,0.0,0.0,0.0,0.0,7.0,0.0,0.0,0.0,0.0,0.0,0.0,Kocaelispor,15.0,3.0,0.0,0.0,0.0,4.0,42.7,7.0,1.0,0.1,0.0,0.0,0.0,0.0,0.0,0.0,0.0,0.0,0.0,0.0,0.0,1.0,0.0,0.0,0.0,0.0,0.0,0.0,749939,2025-08-23 18:30:00,2025
Trabzonspor,12.0,1.0,0.0,0.0,5.0,4.0,49.8,17.0,6.0,0.4,0.0,0.0,0.0,0.0,0.0,0.0,0.0,0.0,0.0,0.0,0.0,2.0,0.0,0.0,0.0,0.0,0.0,0.0,Antalyaspor,13.0,2.0,0.0,0.0,5.0,5.0,50.2,7.0,4.0,0.6,0.0,0.0,0.0,0.0,0.0,0.0,0.0,0.0,0.0,0.0,0.0,0.0,0.0,0.0,0.0,0.0,0.0,0.0,749944,2025-08-24 16:00:00,2025
Kayserispor,5.0,2.0,0.0,0.0,6.0,5.0,34.1,8.0,2.0,0.3,0.0,0.0,0.0,0.0,0.0,0.0,0.0,0.0,0.0,0.0,0.0,0.0,0.0,0.0,0.0,0.0,0.0,0.0,Galatasaray,8.0,2.0,0.0,0.0,3.0,2.0,65.9,19.0,9.0,0.5,0.0,0.0,0.0,0.0,0.0,0.0,0.0,0.0,0.0,0.0,0.0,0.0,0.0,0.0,0.0,0.0,0.0,0.0,749941,2025-08-24 18:30:00,2025
Eyupspor,19.0,3.0,0.0,0.0,0.0,1.0,43.5,5.0,3.0,0.6,0.0,0.0,0.0,0.0,0.0,0.0,0.0,0.0,0.0,0.0,0.0,0.0,0.0,0.0,0.0,0.0,0.0,0.0,Alanyaspor,18.0,3.0,0.0,0.0,5.0,1.0,56.5,12.0,2.0,0.2,1.0,1.0,0.0,0.0,0.0,0.0,0.0,0.0,0.0,0.0,0.0,3.0,0.0,0.0,0.0,0.0,0.0,0.0,749937,2025-08-25 16:00:00,2025
Goztepe,17.0,2.0,0.0,0.0,5.0,1.0,33.8,18.0,8.0,0.4,0.0,0.0,0.0,0.0,0.0,0.0,0.0,0.0,0.0,0.0,0.0,3.0,0.0,0.0,0.0,0.0,0.0,0.0,Konyaspor,4.0,2.0,0.0,0.0,6.0,7.0,66.2,10.0,2.0,0.2,0.0,0.0,0.0,0.0,0.0,0.0,0.0,0.0,0.0,0.0,0.0,5.0,0.0,0.0,0.0,0.0,0.0,0.0,749949,2025-08-29 18:30:00,2025
Kasimpasa,15.0,4.0,0.0,0.0,3.0,3.0,61.0,20.0,6.0,0.3,1.0,1.0,0.0,0.0,0.0,0.0,0.0,0.0,0.0,0.0,0.0,2.0,0.0,0.0,0.0,0.0,0.0,0.0,Gaziantep FK,18.0,4.0,0.0,0.0,4.0,4.0,39.0,9.0,6.0,0.7,0.0,0.0,0.0,0.0,0.0,0.0,0.0,0.0,0.0,0.0,0.0,1.0,0.0,0.0,0.0,0.0,0.0,0.0,749951,2025-08-30 16:00:00,2025
Kocaelispor,12.0,3.0,0.0,0.0,4.0,1.0,43.3,10.0,4.0,0.4,0.0,0.0,0.0,0.0,0.0,0.0,0.0,0.0,0.0,0.0,0.0,1.0,0.0,0.0,0.0,0.0,0.0,0.0,Kayserispor,13.0,2.0,0.0,0.0,7.0,3.0,56.7,12.0,2.0,0.2,0.0,0.0,0.0,0.0,0.0,0.0,0.0,0.0,0.0,0.0,0.0,3.0,0.0,0.0,0.0,0.0,0.0,0.0,749952,2025-08-30 16:00:00,2025
Galatasaray,11.0,1.0,0.0,0.0,5.0,3.0,64.5,16.0,7.0,0.4,0.0,0.0,0.0,0.0,0.0,0.0,0.0,0.0,0.0,0.0,0.0,1.0,0.0,0.0,0.0,0.0,0.0,0.0,Caykur Rizespor,9.0,4.0,0.0,0.0,2.0,4.0,35.5,9.0,4.0,0.4,0.0,0.0,0.0,0.0,0.0,0.0,0.0,0.0,0.0,0.0,0.0,1.0,0.0,0.0,0.0,0.0,0.0,0.0,749947,2025-08-30 18:30:00,2025
Antalyaspor,15.0,0.0,0.0,0.0,7.0,4.0,48.6,8.0,5.0,0.6,0.0,0.0,0.0,0.0,0.0,0.0,0.0,0.0,0.0,0.0,0.0,1.0,0.0,0.0,0.0,0.0,0.0,0.0,Fatih Karagümrük,14.0,2.0,0.0,0.0,4.0,3.0,51.4,17.0,6.0,0.4,0.0,0.0,0.0,0.0,0.0,0.0,0.0,0.0,0.0,0.0,0.0,3.0,0.0,0.0,0.0,0.0,0.0,0.0,749946,2025-08-30 18:30:00,2025
Istanbul Basaksehir,21.0,4.0,0.0,0.0,5.0,1.0,50.9,10.0,4.0,0.4,0.0,0.0,0.0,0.0,0.0,0.0,0.0,0.0,0.0,0.0,0.0,0.0,0.0,0.0,0.0,0.0,0.0,0.0,Eyupspor,11.0,5.0,0.0,0.0,4.0,4.0,49.1,12.0,1.0,0.1,0.0,0.0,0.0,0.0,0.0,0.0,0.0,0.0,0.0,0.0,0.0,2.0,0.0,0.0,0.0,0.0,0.0,0.0,749950,2025-08-31 16:00:00,2025
Genclerbirligi,9.0,1.0,0.0,0.0,3.0,1.0,38.4,9.0,3.0,0.3,0.0,0.0,0.0,0.0,0.0,0.0,0.0,0.0,0.0,0.0,0.0,3.0,0.0,0.0,0.0,0.0,0.0,0.0,Fenerbahce,15.0,0.0,0.0,0.0,3.0,2.0,61.6,13.0,3.0,0.2,0.0,0.0,0.0,0.0,0.0,0.0,0.0,0.0,0.0,0.0,0.0,3.0,0.0,0.0,0.0,0.0,0.0,0.0,749948,2025-08-31 16:00:00,2025
Alanyaspor,8.0,1.0,0.0,0.0,2.0,4.0,36.8,9.0,3.0,0.3,1.0,1.0,0.0,0.0,0.0,0.0,0.0,0.0,0.0,0.0,0.0,1.0,0.0,0.0,0.0,0.0,0.0,0.0,Besiktas,18.0,3.0,0.0,0.0,6.0,1.0,63.2,15.0,4.0,0.3,0.0,0.0,0.0,0.0,0.0,0.0,0.0,0.0,0.0,0.0,0.0,5.0,0.0,0.0,0.0,0.0,0.0,0.0,749945,2025-08-31 18:30:00,2025
Trabzonspor,7.0,1.0,0.0,0.0,2.0,3.0,55.1,9.0,3.0,0.3,0.0,0.0,0.0,0.0,0.0,0.0,0.0,0.0,0.0,0.0,0.0,3.0,0.0,0.0,0.0,0.0,0.0,0.0,Samsunspor,13.0,4.0,0.0,0.0,10.0,2.0,44.9,13.0,4.0,0.3,0.0,0.0,0.0,0.0,0.0,0.0,0.0,0.0,0.0,0.0,0.0,4.0,0.0,0.0,0.0,0.0,0.0,0.0,749953,2025-08-31 18:30:00,2025
Fatih Karagümrük,8.0,0.0,0.0,0.0,6.0,1.0,71.8,14.0,2.0,0.1,0.0,0.0,0.0,0.0,0.0,0.0,0.0,0.0,0.0,0.0,0.0,4.0,0.0,0.0,0.0,0.0,0.0,0.0,Kasimpasa,17.0,2.0,1.0,0.0,4.0,2.0,28.2,8.0,1.0,0.1,0.0,0.0,0.0,0.0,0.0,0.0,0.0,0.0,0.0,0.0,0.0,1.0,0.0,0.0,0.0,0.0,0.0,0.0,749957,2025-09-13 14:00:00,2025
Eyupspor,9.0,3.0,0.0,0.0,6.0,8.0,35.4,9.0,2.0,0.2,0.0,0.0,0.0,0.0,0.0,0.0,0.0,0.0,0.0,0.0,0.0,3.0,0.0,0.0,0.0,0.0,0.0,0.0,Galatasaray,12.0,1.0,0.0,0.0,6.0,2.0,64.6,21.0,9.0,0.4,0.0,0.0,0.0,0.0,0.0,0.0,0.0,0.0,0.0,0.0,0.0,4.0,0.0,0.0,0.0,0.0,0.0,0.0,749956,2025-09-13 14:00:00,2025
Samsunspor,13.0,3.0,0.0,0.0,6.0,2.0,63.1,16.0,3.0,0.2,0.0,0.0,0.0,0.0,0.0,0.0,0.0,0.0,0.0,0.0,0.0,4.0,0.0,0.0,0.0,0.0,0.0,0.0,Antalyaspor,10.0,2.0,0.0,0.0,2.0,1.0,36.9,6.0,4.0,0.7,0.0,0.0,0.0,0.0,0.0,0.0,0.0,0.0,0.0,0.0,0.0,0.0,0.0,0.0,0.0,0.0,0.0,0.0,749962,2025-09-13 14:00:00,2025
Konyaspor,17.0,5.0,0.0,0.0,6.0,2.0,66.3,13.0,5.0,0.4,0.0,0.0,0.0,0.0,0.0,0.0,0.0,0.0,0.0,0.0,0.0,1.0,0.0,0.0,0.0,0.0,0.0,0.0,Alanyaspor,11.0,3.0,0.0,0.0,1.0,4.0,33.7,7.0,4.0,0.6,0.0,0.0,0.0,0.0,0.0,0.0,0.0,0.0,0.0,0.0,0.0,0.0,0.0,0.0,0.0,0.0,0.0,0.0,749961,2025-09-13 17:00:00,2025
Besiktas,12.0,3.0,1.0,0.0,10.0,3.0,52.8,21.0,6.0,0.3,0.0,0.0,0.0,0.0,0.0,0.0,0.0,0.0,0.0,0.0,0.0,9.0,0.0,0.0,0.0,0.0,0.0,0.0,Istanbul Basaksehir,7.0,2.0,1.0,0.0,5.0,4.0,47.2,11.0,4.0,0.4,0.0,0.0,0.0,0.0,0.0,0.0,0.0,0.0,0.0,0.0,0.0,3.0,0.0,0.0,0.0,0.0,0.0,0.0,749954,2025-09-13 17:00:00,2025
Kayserispor,12.0,4.0,0.0,0.0,3.0,6.0,52.7,8.0,6.0,0.8,0.0,0.0,0.0,0.0,0.0,0.0,0.0,0.0,0.0,0.0,0.0,0.0,0.0,0.0,0.0,0.0,0.0,0.0,Goztepe,17.0,1.0,0.0,0.0,7.0,5.0,47.3,13.0,7.0,0.5,0.0,0.0,0.0,0.0,0.0,0.0,0.0,0.0,0.0,0.0,0.0,2.0,0.0,0.0,0.0,0.0,0.0,0.0,749960,2025-09-14 14:00:00,2025
Gaziantep FK,20.0,5.0,0.0,0.0,3.0,2.0,48.3,14.0,5.0,0.4,0.0,0.0,0.0,0.0,0.0,0.0,0.0,0.0,0.0,0.0,0.0,3.0,0.0,0.0,0.0,0.0,0.0,0.0,Kocaelispor,20.0,3.0,1.0,0.0,6.0,3.0,51.7,3.0,2.0,0.7,0.0,0.0,0.0,0.0,0.0,0.0,0.0,0.0,0.0,0.0,0.0,1.0,0.0,0.0,0.0,0.0,0.0,0.0,749959,2025-09-14 16:00:00,2025
Fenerbahce,12.0,4.0,0.0,0.0,9.0,1.0,72.5,29.0,9.0,0.3,0.0,0.0,0.0,0.0,0.0,0.0,0.0,0.0,0.0,0.0,0.0,7.0,0.0,0.0,0.0,0.0,0.0,0.0,Trabzonspor,18.0,3.0,1.0,0.0,0.0,8.0,27.5,1.0,1.0,1.0,0.0,0.0,0.0,0.0,0.0,0.0,0.0,0.0,0.0,0.0,0.0,0.0,0.0,0.0,0.0,0.0,0.0,0.0,749958,2025-09-14 16:00:00,2025
Caykur Rizespor,22.0,4.0,0.0,0.0,4.0,4.0,48.6,15.0,5.0,0.3,0.0,0.0,0.0,0.0,0.0,0.0,0.0,0.0,0.0,0.0,0.0,3.0,0.0,0.0,0.0,0.0,0.0,0.0,Genclerbirligi,14.0,2.0,0.0,0.0,7.0,4.0,51.4,15.0,4.0,0.3,0.0,1.0,0.0,0.0,0.0,0.0,0.0,0.0,0.0,0.0,0.0,3.0,0.0,0.0,0.0,0.0,0.0,0.0,749955,2025-09-15 17:00:00,2025
Fatih Karagümrük,14.0,2.0,0.0,0.0,3.0,0.0,48.2,6.0,2.0,0.3,0.0,0.0,0.0,0.0,0.0,0.0,0.0,0.0,0.0,0.0,0.0,2.0,0.0,0.0,0.0,0.0,0.0,0.0,Istanbul Basaksehir,16.0,2.0,0.0,0.0,4.0,2.0,51.8,4.0,1.0,0.3,0.0,0.0,0.0,0.0,0.0,0.0,0.0,0.0,0.0,0.0,0.0,2.0,0.0,0.0,0.0,0.0,0.0,0.0,749922,2025-09-17 17:00:00,2025
Fenerbahce,10.0,1.0,0.0,0.0,8.0,0.0,61.6,19.0,7.0,0.4,0.0,1.0,0.0,0.0,0.0,0.0,0.0,0.0,0.0,0.0,0.0,6.0,0.0,0.0,0.0,0.0,0.0,0.0,Alanyaspor,11.0,2.0,0.0,0.0,0.0,4.0,38.4,5.0,2.0,0.4,0.0,0.0,0.0,0.0,0.0,0.0,0.0,0.0,0.0,0.0,0.0,0.0,0.0,0.0,0.0,0.0,0.0,0.0,749926,2025-09-17 17:00:00,2025
Samsunspor,15.0,4.0,0.0,0.0,5.0,4.0,60.1,10.0,3.0,0.3,0.0,0.0,0.0,0.0,0.0,0.0,0.0,0.0,0.0,0.0,0.0,5.0,0.0,0.0,0.0,0.0,0.0,0.0,Kasimpasa,15.0,3.0,0.0,0.0,4.0,3.0,39.9,17.0,4.0,0.2,0.0,0.0,0.0,0.0,0.0,0.0,0.0,0.0,0.0,0.0,0.0,3.0,0.0,0.0,0.0,0.0,0.0,0.0,749943,2025-09-17 17:00:00,2025
Goztepe,16.0,2.0,0.0,0.0,6.0,2.0,30.4,13.0,5.0,0.4,0.0,0.0,0.0,0.0,0.0,0.0,0.0,0.0,0.0,0.0,0.0,2.0,0.0,0.0,0.0,0.0,0.0,0.0,Besiktas,12.0,1.0,0.0,0.0,5.0,2.0,69.6,13.0,2.0,0.2,0.0,0.0,0.0,0.0,0.0,0.0,0.0,0.0,0.0,0.0,0.0,5.0,0.0,0.0,0.0,0.0,0.0,0.0,749966,2025-09-19 17:00:00,2025
Genclerbirligi,18.0,3.0,0.0,0.0,2.0,2.0,34.0,11.0,4.0,0.4,0.0,0.0,0.0,0.0,0.0,0.0,0.0,0.0,0.0,0.0,0.0,3.0,0.0,0.0,0.0,0.0,0.0,0.0,Eyupspor,14.0,2.0,0.0,0.0,4.0,3.0,66.0,20.0,2.0,0.1,0.0,0.0,0.0,0.0,0.0,0.0,0.0,0.0,0.0,0.0,0.0,9.0,0.0,0.0,0.0,0.0,0.0,0.0,749965,2025-09-20 14:00:00,2025
Antalyaspor,12.0,3.0,0.0,0.0,10.0,3.0,52.7,13.0,6.0,0.5,0.0,0.0,0.0,0.0,0.0,0.0,0.0,0.0,0.0,0.0,0.0,3.0,0.0,0.0,0.0,0.0,0.0,0.0,Kayserispor,18.0,3.0,0.0,0.0,4.0,4.0,47.3,14.0,4.0,0.3,0.0,0.0,0.0,0.0,0.0,0.0,0.0,0.0,0.0,0.0,0.0,3.0,0.0,0.0,0.0,0.0,0.0,0.0,749963,2025-09-20 17:00:00,2025
Trabzonspor,12.0,2.0,0.0,0.0,4.0,0.0,48.7,27.0,6.0,0.2,0.0,0.0,0.0,0.0,0.0,0.0,0.0,0.0,0.0,0.0,0.0,10.0,0.0,0.0,0.0,0.0,0.0,0.0,Gaziantep FK,17.0,4.0,0.0,0.0,5.0,5.0,51.3,4.0,1.0,0.3,0.0,0.0,0.0,0.0,0.0,0.0,0.0,0.0,0.0,0.0,0.0,2.0,0.0,0.0,0.0,0.0,0.0,0.0,749971,2025-09-20 17:00:00,2025
Kocaelispor,11.0,4.0,0.0,0.0,8.0,0.0,58.4,16.0,6.0,0.4,1.0,1.0,0.0,0.0,0.0,0.0,0.0,0.0,0.0,0.0,0.0,3.0,0.0,0.0,0.0,0.0,0.0,0.0,Caykur Rizespor,19.0,4.0,0.0,0.0,3.0,5.0,41.6,8.0,1.0,0.1,0.0,0.0,0.0,0.0,0.0,0.0,0.0,0.0,0.0,0.0,0.0,4.0,0.0,0.0,0.0,0.0,0.0,0.0,749969,2025-09-21 14:00:00,2025
Istanbul Basaksehir,21.0,3.0,0.0,0.0,7.0,5.0,53.1,13.0,5.0,0.4,0.0,0.0,0.0,0.0,0.0,0.0,0.0,0.0,0.0,0.0,0.0,3.0,0.0,0.0,0.0,0.0,0.0,0.0,Alanyaspor,14.0,3.0,0.0,0.0,4.0,4.0,46.9,13.0,6.0,0.5,0.0,0.0,0.0,0.0,0.0,0.0,0.0,0.0,0.0,0.0,0.0,1.0,0.0,0.0,0.0,0.0,0.0,0.0,749967,2025-09-21 14:00:00,2025
Kasimpasa,11.0,3.0,1.0,0.0,5.0,1.0,34.2,17.0,2.0,0.1,0.0,0.0,0.0,0.0,0.0,0.0,0.0,0.0,0.0,0.0,0.0,7.0,0.0,0.0,0.0,0.0,0.0,0.0,Fenerbahce,15.0,1.0,0.0,0.0,8.0,1.0,65.8,9.0,2.0,0.2,0.0,0.0,0.0,0.0,0.0,0.0,0.0,0.0,0.0,0.0,0.0,4.0,0.0,0.0,0.0,0.0,0.0,0.0,749968,2025-09-21 17:00:00,2025
Samsunspor,16.0,2.0,0.0,0.0,6.0,2.0,48.9,14.0,5.0,0.4,0.0,0.0,0.0,0.0,0.0,0.0,0.0,0.0,0.0,0.0,0.0,2.0,0.0,0.0,0.0,0.0,0.0,0.0,Fatih Karagümrük,9.0,2.0,0.0,0.0,5.0,3.0,51.1,11.0,3.0,0.3,0.0,0.0,0.0,0.0,0.0,0.0,0.0,0.0,0.0,0.0,0.0,3.0,0.0,0.0,0.0,0.0,0.0,0.0,749970,2025-09-21 17:00:00,2025
Galatasaray,19.0,1.0,0.0,0.0,4.0,4.0,52.2,13.0,7.0,0.5,0.0,0.0,0.0,0.0,0.0,0.0,0.0,0.0,0.0,0.0,0.0,2.0,0.0,0.0,0.0,0.0,0.0,0.0,Konyaspor,7.0,0.0,0.0,0.0,6.0,4.0,47.8,14.0,5.0,0.4,0.0,0.0,0.0,0.0,0.0,0.0,0.0,0.0,0.0,0.0,0.0,1.0,0.0,0.0,0.0,0.0,0.0,0.0,749964,2025-09-22 17:00:00,2025
Kayserispor,17.0,4.0,0.0,0.0,4.0,5.0,50.5,6.0,2.0,0.3,0.0,0.0,0.0,0.0,0.0,0.0,0.0,0.0,0.0,0.0,0.0,2.0,0.0,0.0,0.0,0.0,0.0,0.0,Besiktas,14.0,2.0,0.0,0.0,5.0,2.0,49.5,13.0,9.0,0.7,0.0,0.0,0.0,0.0,0.0,0.0,0.0,0.0,0.0,0.0,0.0,1.0,0.0,0.0,0.0,0.0,0.0,0.0,749924,2025-09-24 17:00:00,2025
Alanyaspor,14.0,2.0,0.0,0.0,6.0,1.0,46.0,22.0,8.0,0.4,0.0,0.0,0.0,0.0,0.0,0.0,0.0,0.0,0.0,0.0,0.0,7.0,0.0,0.0,0.0,0.0,0.0,0.0,Galatasaray,16.0,1.0,0.0,0.0,0.0,8.0,54.0,7.0,2.0,0.3,0.0,0.0,0.0,0.0,0.0,0.0,0.0,0.0,0.0,0.0,0.0,1.0,0.0,0.0,0.0,0.0,0.0,0.0,749972,2025-09-26 17:00:00,2025
Gaziantep FK,4.0,3.0,0.0,0.0,13.0,1.0,69.8,30.0,7.0,0.2,0.0,0.0,0.0,0.0,0.0,0.0,0.0,0.0,0.0,0.0,0.0,10.0,0.0,0.0,0.0,0.0,0.0,0.0,Samsunspor,22.0,4.0,1.0,0.0,7.0,5.0,30.2,9.0,3.0,0.3,0.0,0.0,0.0,0.0,0.0,0.0,0.0,0.0,0.0,0.0,0.0,1.0,0.0,0.0,0.0,0.0,0.0,0.0,749978,2025-09-27 14:00:00,2025
Eyupspor,6.0,2.0,0.0,0.0,6.0,2.0,58.2,6.0,2.0,0.3,0.0,0.0,0.0,0.0,0.0,0.0,0.0,0.0,0.0,0.0,0.0,2.0,0.0,0.0,0.0,0.0,0.0,0.0,Goztepe,19.0,1.0,0.0,0.0,3.0,2.0,41.8,16.0,2.0,0.1,0.0,0.0,0.0,0.0,0.0,0.0,0.0,0.0,0.0,0.0,0.0,6.0,0.0,0.0,0.0,0.0,0.0,0.0,749975,2025-09-27 14:00:00,2025
Fatih Karagümrük,18.0,4.0,0.0,0.0,1.0,7.0,44.2,13.0,3.0,0.2,0.0,0.0,0.0,0.0,0.0,0.0,0.0,0.0,0.0,0.0,0.0,4.0,0.0,0.0,0.0,0.0,0.0,0.0,Trabzonspor,13.0,1.0,0.0,0.0,7.0,0.0,55.8,22.0,11.0,0.5,1.0,1.0,0.0,0.0,0.0,0.0,0.0,0.0,0.0,0.0,0.0,6.0,0.0,0.0,0.0,0.0,0.0,0.0,749980,2025-09-27 17:00:00,2025
Caykur Rizespor,8.0,1.0,0.0,0.0,1.0,0.0,62.2,13.0,2.0,0.2,0.0,0.0,0.0,0.0,0.0,0.0,0.0,0.0,0.0,0.0,0.0,7.0,0.0,0.0,0.0,0.0,0.0,0.0,Kasimpasa,17.0,2.0,0.0,0.0,4.0,1.0,37.8,8.0,2.0,0.3,0.0,0.0,0.0,0.0,0.0,0.0,0.0,0.0,0.0,0.0,0.0,3.0,0.0,0.0,0.0,0.0,0.0,0.0,749974,2025-09-28 14:00:00,2025
Konyaspor,15.0,2.0,1.0,0.0,2.0,3.0,30.2,13.0,5.0,0.4,0.0,0.0,0.0,0.0,0.0,0.0,0.0,0.0,0.0,0.0,0.0,5.0,0.0,0.0,0.0,0.0,0.0,0.0,Istanbul Basaksehir,7.0,0.0,0.0,0.0,11.0,4.0,69.8,17.0,4.0,0.2,0.0,0.0,0.0,0.0,0.0,0.0,0.0,0.0,0.0,0.0,0.0,3.0,0.0,0.0,0.0,0.0,0.0,0.0,749979,2025-09-28 14:00:00,2025
Kayserispor,16.0,5.0,0.0,0.0,10.0,0.0,72.1,23.0,6.0,0.3,0.0,0.0,0.0,0.0,0.0,0.0,0.0,0.0,0.0,0.0,0.0,3.0,0.0,0.0,0.0,0.0,0.0,0.0,Genclerbirligi,16.0,3.0,2.0,0.0,0.0,5.0,27.9,2.0,1.0,0.5,0.0,0.0,0.0,0.0,0.0,0.0,0.0,0.0,0.0,0.0,0.0,0.0,0.0,0.0,0.0,0.0,0.0,0.0,749976,2025-09-28 17:00:00,2025
Fenerbahce,19.0,4.0,0.0,0.0,5.0,2.0,66.6,19.0,11.0,0.6,1.0,1.0,0.0,0.0,0.0,0.0,0.0,0.0,0.0,0.0,0.0,1.0,0.0,0.0,0.0,0.0,0.0,0.0,Antalyaspor,14.0,6.0,0.0,0.0,3.0,9.0,33.4,4.0,2.0,0.5,0.0,0.0,0.0,0.0,0.0,0.0,0.0,0.0,0.0,0.0,0.0,1.0,0.0,0.0,0.0,0.0,0.0,0.0,749977,2025-09-28 17:00:00,2025
Besiktas,18.0,1.0,0.0,0.0,3.0,0.0,42.0,13.0,6.0,0.5,0.0,0.0,0.0,0.0,0.0,0.0,0.0,0.0,0.0,0.0,0.0,5.0,0.0,0.0,0.0,0.0,0.0,0.0,Kocaelispor,14.0,4.0,0.0,0.0,7.0,4.0,58.0,7.0,1.0,0.1,0.0,0.0,0.0,0.0,0.0,0.0,0.0,0.0,0.0,0.0,0.0,2.0,0.0,0.0,0.0,0.0,0.0,0.0,749973,2025-09-29 17:00:00,2025
Antalyaspor,10.0,0.0,1.0,0.0,6.0,2.0,51.1,15.0,7.0,0.5,0.0,0.0,0.0,0.0,0.0,0.0,0.0,0.0,0.0,0.0,0.0,5.0,0.0,0.0,0.0,0.0,0.0,0.0,Caykur Rizespor,16.0,4.0,0.0,0.0,2.0,5.0,48.9,14.0,7.0,0.5,0.0,0.0,0.0,0.0,0.0,0.0,0.0,0.0,0.0,0.0,0.0,2.0,0.0,0.0,0.0,0.0,0.0,0.0,749984,2025-10-03 17:00:00,2025
Trabzonspor,15.0,0.0,0.0,0.0,6.0,7.0,51.8,25.0,12.0,0.5,1.0,1.0,0.0,0.0,0.0,0.0,0.0,0.0,0.0,0.0,0.0,4.0,0.0,0.0,0.0,0.0,0.0,0.0,Kayserispor,14.0,3.0,0.0,0.0,2.0,8.0,48.2,17.0,7.0,0.4,0.0,0.0,0.0,0.0,0.0,0.0,0.0,0.0,0.0,0.0,0.0,3.0,0.0,0.0,0.0,0.0,0.0,0.0,749987,2025-10-03 17:00:00,2025
Genclerbirligi,15.0,2.0,0.0,0.0,7.0,4.0,54.9,11.0,7.0,0.6,1.0,1.0,0.0,0.0,0.0,0.0,0.0,0.0,0.0,0.0,0.0,0.0,0.0,0.0,0.0,0.0,0.0,0.0,Alanyaspor,17.0,3.0,0.0,0.0,5.0,5.0,45.1,12.0,6.0,0.5,0.0,0.0,0.0,0.0,0.0,0.0,0.0,0.0,0.0,0.0,0.0,0.0,0.0,0.0,0.0,0.0,0.0,0.0,749982,2025-10-04 11:30:00,2025
Kocaelispor,18.0,3.0,0.0,0.0,3.0,6.0,45.7,9.0,4.0,0.4,1.0,1.0,0.0,0.0,0.0,0.0,0.0,0.0,0.0,0.0,0.0,4.0,0.0,0.0,0.0,0.0,0.0,0.0,Eyupspor,17.0,3.0,0.0,0.0,3.0,2.0,54.3,12.0,6.0,0.5,0.0,0.0,0.0,0.0,0.0,0.0,0.0,0.0,0.0,0.0,0.0,5.0,0.0,0.0,0.0,0.0,0.0,0.0,749989,2025-10-04 14:00:00,2025
Galatasaray,7.0,1.0,1.0,0.0,4.0,4.0,53.6,14.0,2.0,0.1,0.0,0.0,0.0,0.0,0.0,0.0,0.0,0.0,0.0,0.0,0.0,2.0,0.0,0.0,0.0,0.0,0.0,0.0,Besiktas,16.0,6.0,0.0,0.0,8.0,1.0,46.4,11.0,5.0,0.5,0.0,0.0,0.0,0.0,0.0,0.0,0.0,0.0,0.0,0.0,0.0,4.0,0.0,0.0,0.0,0.0,0.0,0.0,749981,2025-10-04 17:00:00,2025
Kasimpasa,14.0,2.0,0.0,0.0,5.0,5.0,50.2,10.0,2.0,0.2,0.0,0.0,0.0,0.0,0.0,0.0,0.0,0.0,0.0,0.0,0.0,3.0,0.0,0.0,0.0,0.0,0.0,0.0,Konyaspor,11.0,3.0,0.0,0.0,3.0,1.0,49.8,7.0,6.0,0.9,0.0,0.0,0.0,0.0,0.0,0.0,0.0,0.0,0.0,0.0,0.0,0.0,0.0,0.0,0.0,0.0,0.0,0.0,749988,2025-10-05 11:30:00,2025
Fatih Karagümrük,22.0,1.0,0.0,0.0,5.0,5.0,44.3,13.0,4.0,0.3,0.0,1.0,0.0,0.0,0.0,0.0,0.0,0.0,0.0,0.0,0.0,2.0,0.0,0.0,0.0,0.0,0.0,0.0,Gaziantep FK,15.0,4.0,0.0,0.0,2.0,3.0,55.7,17.0,8.0,0.5,1.0,1.0,0.0,0.0,0.0,0.0,0.0,0.0,0.0,0.0,0.0,3.0,0.0,0.0,0.0,0.0,0.0,0.0,749985,2025-10-05 14:00:00,2025
Samsunspor,13.0,0.0,0.0,0.0,6.0,1.0,47.3,12.0,4.0,0.3,0.0,0.0,0.0,0.0,0.0,0.0,0.0,0.0,0.0,0.0,0.0,1.0,0.0,0.0,0.0,0.0,0.0,0.0,Fenerbahce,15.0,3.0,0.0,0.0,5.0,4.0,52.7,6.0,1.0,0.2,0.0,0.0,0.0,0.0,0.0,0.0,0.0,0.0,0.0,0.0,0.0,1.0,0.0,0.0,0.0,0.0,0.0,0.0,749986,2025-10-05 17:00:00,2025
Goztepe,22.0,2.0,0.0,0.0,6.0,3.0,27.8,9.0,2.0,0.2,0.0,1.0,0.0,0.0,0.0,0.0,0.0,0.0,0.0,0.0,0.0,3.0,0.0,0.0,0.0,0.0,0.0,0.0,Istanbul Basaksehir,11.0,3.0,0.0,0.0,5.0,1.0,72.2,11.0,3.0,0.3,0.0,0.0,0.0,0.0,0.0,0.0,0.0,0.0,0.0,0.0,0.0,2.0,0.0,0.0,0.0,0.0,0.0,0.0,749983,2025-10-05 17:00:00,2025
Konyaspor,15.0,4.0,0.0,0.0,3.0,0.0,56.4,12.0,3.0,0.3,1.0,1.0,0.0,0.0,0.0,0.0,0.0,0.0,0.0,0.0,0.0,2.0,0.0,0.0,0.0,0.0,0.0,0.0,Kocaelispor,20.0,5.0,0.0,0.0,4.0,1.0,43.6,7.0,3.0,0.4,0.0,0.0,0.0,0.0,0.0,0.0,0.0,0.0,0.0,0.0,0.0,1.0,0.0,0.0,0.0,0.0,0.0,0.0,749998,2025-10-18 11:30:00,2025
Besiktas,21.0,2.0,0.0,0.0,5.0,1.0,62.4,11.0,4.0,0.4,0.0,0.0,0.0,0.0,0.0,0.0,0.0,0.0,0.0,0.0,0.0,3.0,0.0,0.0,0.0,0.0,0.0,0.0,Genclerbirligi,14.0,4.0,0.0,0.0,4.0,3.0,37.6,5.0,2.0,0.4,0.0,0.0,0.0,0.0,0.0,0.0,0.0,0.0,0.0,0.0,0.0,1.0,0.0,0.0,0.0,0.0,0.0,0.0,749991,2025-10-18 14:00:00,2025
Caykur Rizespor,18.0,3.0,0.0,0.0,7.0,3.0,54.7,22.0,3.0,0.1,0.0,0.0,0.0,0.0,0.0,0.0,0.0,0.0,0.0,0.0,0.0,12.0,0.0,0.0,0.0,0.0,0.0,0.0,Trabzonspor,8.0,0.0,0.0,0.0,0.0,2.0,45.3,8.0,5.0,0.6,0.0,0.0,0.0,0.0,0.0,0.0,0.0,0.0,0.0,0.0,0.0,0.0,0.0,0.0,0.0,0.0,0.0,0.0,749992,2025-10-18 14:00:00,2025
Istanbul Basaksehir,16.0,2.0,0.0,0.0,2.0,3.0,45.4,5.0,2.0,0.4,0.0,0.0,0.0,0.0,0.0,0.0,0.0,0.0,0.0,0.0,0.0,1.0,0.0,0.0,0.0,0.0,0.0,0.0,Galatasaray,10.0,6.0,0.0,0.0,4.0,0.0,54.6,16.0,5.0,0.3,0.0,0.0,0.0,0.0,0.0,0.0,0.0,0.0,0.0,0.0,0.0,3.0,0.0,0.0,0.0,0.0,0.0,0.0,749996,2025-10-18 17:00:00,2025
Kayserispor,13.0,2.0,0.0,0.0,7.0,3.0,54.4,14.0,3.0,0.2,0.0,0.0,0.0,0.0,0.0,0.0,0.0,0.0,0.0,0.0,0.0,2.0,0.0,0.0,0.0,0.0,0.0,0.0,Samsunspor,11.0,3.0,0.0,0.0,5.0,2.0,45.6,13.0,5.0,0.4,0.0,0.0,0.0,0.0,0.0,0.0,0.0,0.0,0.0,0.0,0.0,1.0,0.0,0.0,0.0,0.0,0.0,0.0,749997,2025-10-19 11:30:00,2025
Alanyaspor,5.0,3.0,0.0,0.0,8.0,5.0,59.7,15.0,5.0,0.3,0.0,0.0,0.0,0.0,0.0,0.0,0.0,0.0,0.0,0.0,0.0,4.0,0.0,0.0,0.0,0.0,0.0,0.0,Goztepe,13.0,5.0,0.0,0.0,4.0,4.0,40.3,10.0,6.0,0.6,0.0,0.0,0.0,0.0,0.0,0.0,0.0,0.0,0.0,0.0,0.0,0.0,0.0,0.0,0.0,0.0,0.0,0.0,749990,2025-10-19 14:00:00,2025
Gaziantep FK,11.0,5.0,0.0,0.0,6.0,2.0,69.8,22.0,8.0,0.4,0.0,0.0,0.0,0.0,0.0,0.0,0.0,0.0,0.0,0.0,0.0,8.0,0.0,0.0,0.0,0.0,0.0,0.0,Antalyaspor,15.0,6.0,0.0,0.0,5.0,5.0,30.2,7.0,4.0,0.6,0.0,0.0,0.0,0.0,0.0,0.0,0.0,0.0,0.0,0.0,0.0,2.0,0.0,0.0,0.0,0.0,0.0,0.0,749995,2025-10-19 14:00:00,2025
Fenerbahce,10.0,2.0,0.0,0.0,6.0,5.0,58.6,21.0,8.0,0.4,2.0,1.0,0.0,0.0,0.0,0.0,0.0,0.0,0.0,0.0,0.0,6.0,0.0,0.0,0.0,0.0,0.0,0.0,Fatih Karagümrük,19.0,3.0,1.0,0.0,6.0,6.0,41.4,16.0,6.0,0.4,0.0,0.0,0.0,0.0,0.0,0.0,0.0,0.0,0.0,0.0,0.0,6.0,0.0,0.0,0.0,0.0,0.0,0.0,749994,2025-10-19 17:00:00,2025
Eyupspor,6.0,1.0,0.0,0.0,8.0,3.0,56.4,18.0,10.0,0.6,0.0,0.0,0.0,0.0,0.0,0.0,0.0,0.0,0.0,0.0,0.0,1.0,0.0,0.0,0.0,0.0,0.0,0.0,Kasimpasa,9.0,1.0,0.0,0.0,10.0,7.0,43.6,9.0,3.0,0.3,0.0,0.0,0.0,0.0,0.0,0.0,0.0,0.0,0.0,0.0,0.0,1.0,0.0,0.0,0.0,0.0,0.0,0.0,749993,2025-10-20 17:00:00,2025
Caykur Rizespor,16.0,3.0,0.0,0.0,5.0,4.0,46.7,14.0,4.0,0.3,0.0,0.0,0.0,0.0,0.0,0.0,0.0,0.0,0.0,0.0,0.0,7.0,0.0,0.0,0.0,0.0,0.0,0.0,Istanbul Basaksehir,11.0,2.0,0.0,0.0,5.0,4.0,53.3,15.0,4.0,0.3,0.0,0.0,0.0,0.0,0.0,0.0,0.0,0.0,0.0,0.0,0.0,6.0,0.0,0.0,0.0,0.0,0.0,0.0,749936,2025-10-22 17:00:00,2025
Konyaspor,7.0,1.0,0.0,0.0,17.0,2.0,71.3,22.0,3.0,0.1,0.0,0.0,0.0,0.0,0.0,0.0,0.0,0.0,0.0,0.0,0.0,7.0,0.0,0.0,0.0,0.0,0.0,0.0,Besiktas,16.0,3.0,0.0,0.0,3.0,3.0,28.7,9.0,4.0,0.4,0.0,0.0,0.0,0.0,0.0,0.0,0.0,0.0,0.0,0.0,0.0,2.0,0.0,0.0,0.0,0.0,0.0,0.0,749942,2025-10-22 17:00:00,2025
Fatih Karagümrük,16.0,2.0,0.0,0.0,1.0,6.0,47.0,10.0,3.0,0.3,1.0,1.0,0.0,0.0,0.0,0.0,0.0,0.0,0.0,0.0,0.0,0.0,0.0,0.0,0.0,0.0,0.0,0.0,Kayserispor,21.0,4.0,1.0,0.0,7.0,1.0,53.0,13.0,10.0,0.8,0.0,0.0,0.0,0.0,0.0,0.0,0.0,0.0,0.0,0.0,0.0,3.0,0.0,0.0,0.0,0.0,0.0,0.0,750000,2025-10-24 17:00:00,2025
Kocaelispor,16.0,0.0,0.0,0.0,4.0,1.0,52.0,14.0,5.0,0.4,0.0,0.0,0.0,0.0,0.0,0.0,0.0,0.0,0.0,0.0,0.0,4.0,0.0,0.0,0.0,0.0,0.0,0.0,Alanyaspor,8.0,0.0,0.0,0.0,2.0,4.0,48.0,9.0,1.0,0.1,0.0,0.0,0.0,0.0,0.0,0.0,0.0,0.0,0.0,0.0,0.0,1.0,0.0,0.0,0.0,0.0,0.0,0.0,750005,2025-10-25 14:00:00,2025
Trabzonspor,18.0,4.0,0.0,0.0,8.0,4.0,56.4,14.0,6.0,0.4,0.0,0.0,0.0,0.0,0.0,0.0,0.0,0.0,0.0,0.0,0.0,5.0,0.0,0.0,0.0,0.0,0.0,0.0,Eyupspor,12.0,1.0,0.0,0.0,3.0,4.0,43.6,10.0,4.0,0.4,0.0,0.0,0.0,0.0,0.0,0.0,0.0,0.0,0.0,0.0,0.0,2.0,0.0,0.0,0.0,0.0,0.0,0.0,750007,2025-10-25 17:00:00,2025
Antalyaspor,10.0,1.0,1.0,0.0,3.0,5.0,34.3,10.0,4.0,0.4,0.0,0.0,0.0,0.0,0.0,0.0,0.0,0.0,0.0,0.0,0.0,0.0,0.0,0.0,0.0,0.0,0.0,0.0,Istanbul Basaksehir,15.0,2.0,0.0,0.0,8.0,4.0,65.7,19.0,9.0,0.5,0.0,0.0,0.0,0.0,0.0,0.0,0.0,0.0,0.0,0.0,0.0,5.0,0.0,0.0,0.0,0.0,0.0,0.0,749999,2025-10-26 11:30:00,2025
Genclerbirligi,11.0,2.0,1.0,0.0,6.0,4.0,52.1,15.0,2.0,0.1,0.0,0.0,0.0,0.0,0.0,0.0,0.0,0.0,0.0,0.0,0.0,6.0,0.0,0.0,0.0,0.0,0.0,0.0,Konyaspor,17.0,3.0,0.0,0.0,5.0,1.0,47.9,16.0,6.0,0.4,0.0,0.0,0.0,0.0,0.0,0.0,0.0,0.0,0.0,0.0,0.0,5.0,0.0,0.0,0.0,0.0,0.0,0.0,750003,2025-10-26 14:00:00,2025
Galatasaray,8.0,1.0,0.0,0.0,8.0,2.0,79.6,27.0,13.0,0.5,0.0,0.0,0.0,0.0,0.0,0.0,0.0,0.0,0.0,0.0,0.0,4.0,0.0,0.0,0.0,0.0,0.0,0.0,Goztepe,12.0,0.0,1.0,0.0,2.0,10.0,20.4,5.0,3.0,0.6,0.0,0.0,0.0,0.0,0.0,0.0,0.0,0.0,0.0,0.0,0.0,0.0,0.0,0.0,0.0,0.0,0.0,0.0,750001,2025-10-26 14:00:00,2025
Kasimpasa,14.0,1.0,0.0,0.0,8.0,5.0,34.2,12.0,4.0,0.3,0.0,0.0,0.0,0.0,0.0,0.0,0.0,0.0,0.0,0.0,0.0,4.0,0.0,0.0,0.0,0.0,0.0,0.0,Besiktas,10.0,2.0,0.0,0.0,0.0,4.0,65.8,20.0,6.0,0.3,0.0,1.0,0.0,0.0,0.0,0.0,0.0,0.0,0.0,0.0,0.0,4.0,0.0,0.0,0.0,0.0,0.0,0.0,750004,2025-10-26 17:00:00,2025
Samsunspor,9.0,0.0,0.0,0.0,7.0,0.0,55.3,27.0,7.0,0.3,0.0,0.0,0.0,0.0,0.0,0.0,0.0,0.0,0.0,0.0,0.0,10.0,0.0,0.0,0.0,0.0,0.0,0.0,Caykur Rizespor,14.0,2.0,0.0,0.0,4.0,6.0,44.7,8.0,1.0,0.1,0.0,0.0,0.0,0.0,0.0,0.0,0.0,0.0,0.0,0.0,0.0,1.0,0.0,0.0,0.0,0.0,0.0,0.0,750006,2025-10-27 17:00:00,2025
Gaziantep FK,12.0,2.0,1.0,0.0,6.0,8.0,58.5,8.0,5.0,0.6,0.0,0.0,0.0,0.0,0.0,0.0,0.0,0.0,0.0,0.0,0.0,1.0,0.0,0.0,0.0,0.0,0.0,0.0,Fenerbahce,15.0,5.0,0.0,0.0,4.0,5.0,41.5,20.0,13.0,0.7,0.0,0.0,0.0,0.0,0.0,0.0,0.0,0.0,0.0,0.0,0.0,2.0,0.0,0.0,0.0,0.0,0.0,0.0,750002,2025-10-27 17:00:00,2025
Istanbul Basaksehir,12.0,2.0,0.0,0.0,6.0,6.0,58.5,16.0,4.0,0.3,1.0,1.0,0.0,0.0,0.0,0.0,0.0,0.0,0.0,0.0,0.0,7.0,0.0,0.0,0.0,0.0,0.0,0.0,Kocaelispor,18.0,2.0,0.0,0.0,5.0,2.0,41.5,11.0,6.0,0.5,0.0,0.0,0.0,0.0,0.0,0.0,0.0,0.0,0.0,0.0,0.0,3.0,0.0,0.0,0.0,0.0,0.0,0.0,750014,2025-10-31 17:00:00,2025
Goztepe,14.0,0.0,0.0,0.0,6.0,3.0,51.2,15.0,3.0,0.2,0.0,0.0,0.0,0.0,0.0,0.0,0.0,0.0,0.0,0.0,0.0,5.0,0.0,0.0,0.0,0.0,0.0,0.0,Genclerbirligi,10.0,1.0,0.0,0.0,3.0,2.0,48.8,13.0,3.0,0.2,0.0,0.0,0.0,0.0,0.0,0.0,0.0,0.0,0.0,0.0,0.0,6.0,0.0,0.0,0.0,0.0,0.0,0.0,750013,2025-11-01 14:00:00,2025
Galatasaray,12.0,0.0,0.0,0.0,8.0,2.0,58.4,23.0,5.0,0.2,0.0,0.0,0.0,0.0,0.0,0.0,0.0,0.0,0.0,0.0,0.0,3.0,0.0,0.0,0.0,0.0,0.0,0.0,Trabzonspor,9.0,1.0,1.0,0.0,4.0,5.0,41.6,9.0,2.0,0.2,0.0,0.0,0.0,0.0,0.0,0.0,0.0,0.0,0.0,0.0,0.0,2.0,0.0,0.0,0.0,0.0,0.0,0.0,750016,2025-11-01 17:00:00,2025
Konyaspor,10.0,1.0,0.0,0.0,9.0,1.0,59.6,23.0,7.0,0.3,0.0,0.0,0.0,0.0,0.0,0.0,0.0,0.0,0.0,0.0,0.0,3.0,0.0,0.0,0.0,0.0,0.0,0.0,Samsunspor,12.0,2.0,0.0,0.0,5.0,6.0,40.4,12.0,3.0,0.3,0.0,0.0,0.0,0.0,0.0,0.0,0.0,0.0,0.0,0.0,0.0,5.0,0.0,0.0,0.0,0.0,0.0,0.0,750011,2025-11-02 11:30:00,2025
Kayserispor,12.0,3.0,0.0,0.0,4.0,2.0,43.4,11.0,3.0,0.3,0.0,0.0,0.0,0.0,0.0,0.0,0.0,0.0,0.0,0.0,0.0,5.0,0.0,0.0,0.0,0.0,0.0,0.0,Kasimpasa,15.0,1.0,0.0,0.0,6.0,0.0,56.6,11.0,4.0,0.4,0.0,0.0,0.0,0.0,0.0,0.0,0.0,0.0,0.0,0.0,0.0,4.0,0.0,0.0,0.0,0.0,0.0,0.0,750015,2025-11-02 14:00:00,2025
Besiktas,8.0,1.0,1.0,0.0,1.0,7.0,31.7,9.0,3.0,0.3,0.0,0.0,0.0,0.0,0.0,0.0,0.0,0.0,0.0,0.0,0.0,5.0,0.0,0.0,0.0,0.0,0.0,0.0,Fenerbahce,17.0,5.0,0.0,0.0,6.0,1.0,68.3,23.0,11.0,0.5,0.0,0.0,0.0,0.0,0.0,0.0,0.0,0.0,0.0,0.0,0.0,2.0,0.0,0.0,0.0,0.0,0.0,0.0,750009,2025-11-02 17:00:00,2025
Alanyaspor,10.0,3.0,0.0,0.0,4.0,2.0,54.4,8.0,3.0,0.4,0.0,0.0,0.0,0.0,0.0,0.0,0.0,0.0,0.0,0.0,0.0,2.0,0.0,0.0,0.0,0.0,0.0,0.0,Gaziantep FK,13.0,0.0,0.0,0.0,4.0,3.0,45.6,13.0,3.0,0.2,0.0,0.0,0.0,0.0,0.0,0.0,0.0,0.0,0.0,0.0,0.0,2.0,0.0,0.0,0.0,0.0,0.0,0.0,750008,2025-11-03 17:00:00,2025
Caykur Rizespor,14.0,3.0,0.0,0.0,4.0,0.0,61.9,13.0,4.0,0.3,0.0,0.0,0.0,0.0,0.0,0.0,0.0,0.0,0.0,0.0,0.0,2.0,0.0,0.0,0.0,0.0,0.0,0.0,Fatih Karagümrük,13.0,3.0,0.0,0.0,4.0,3.0,38.1,14.0,0.0,0.0,0.0,0.0,0.0,0.0,0.0,0.0,0.0,0.0,0.0,0.0,0.0,8.0,0.0,0.0,0.0,0.0,0.0,0.0,750010,2025-11-03 17:00:00,2025
Eyupspor,8.0,2.0,0.0,0.0,5.0,0.0,59.8,15.0,5.0,0.3,0.0,0.0,0.0,0.0,0.0,0.0,0.0,0.0,0.0,0.0,0.0,1.0,0.0,0.0,0.0,0.0,0.0,0.0,Antalyaspor,9.0,2.0,0.0,0.0,2.0,5.0,40.2,7.0,1.0,0.1,0.0,0.0,0.0,0.0,0.0,0.0,0.0,0.0,0.0,0.0,0.0,2.0,0.0,0.0,0.0,0.0,0.0,0.0,750012,2025-11-03 17:00:00,2025
Genclerbirligi,20.0,2.0,0.0,0.0,4.0,2.0,27.9,15.0,7.0,0.5,1.0,1.0,0.0,0.0,0.0,0.0,0.0,0.0,0.0,0.0,0.0,3.0,0.0,0.0,0.0,0.0,0.0,0.0,Istanbul Basaksehir,8.0,3.0,0.0,0.0,9.0,5.0,72.1,19.0,3.0,0.2,0.0,0.0,0.0,0.0,0.0,0.0,0.0,0.0,0.0,0.0,0.0,7.0,0.0,0.0,0.0,0.0,0.0,0.0,750021,2025-11-07 17:00:00,2025
Gaziantep FK,14.0,2.0,0.0,0.0,3.0,2.0,59.9,15.0,9.0,0.6,0.0,1.0,0.0,0.0,0.0,0.0,0.0,0.0,0.0,0.0,0.0,3.0,0.0,0.0,0.0,0.0,0.0,0.0,Caykur Rizespor,15.0,2.0,0.0,0.0,2.0,7.0,40.1,11.0,3.0,0.3,0.0,0.0,0.0,0.0,0.0,0.0,0.0,0.0,0.0,0.0,0.0,1.0,0.0,0.0,0.0,0.0,0.0,0.0,750020,2025-11-08 11:30:00,2025
Trabzonspor,13.0,1.0,0.0,0.0,1.0,2.0,58.5,16.0,3.0,0.2,0.0,0.0,0.0,0.0,0.0,0.0,0.0,0.0,0.0,0.0,0.0,5.0,0.0,0.0,0.0,0.0,0.0,0.0,Alanyaspor,10.0,3.0,0.0,0.0,7.0,2.0,41.5,24.0,3.0,0.1,0.0,0.0,0.0,0.0,0.0,0.0,0.0,0.0,0.0,0.0,0.0,9.0,0.0,0.0,0.0,0.0,0.0,0.0,750025,2025-11-08 14:00:00,2025
Antalyaspor,13.0,3.0,0.0,0.0,3.0,2.0,45.6,5.0,1.0,0.2,0.0,0.0,0.0,0.0,0.0,0.0,0.0,0.0,0.0,0.0,0.0,3.0,0.0,0.0,0.0,0.0,0.0,0.0,Besiktas,18.0,1.0,0.0,0.0,3.0,0.0,54.4,13.0,5.0,0.4,0.0,0.0,0.0,0.0,0.0,0.0,0.0,0.0,0.0,0.0,0.0,4.0,0.0,0.0,0.0,0.0,0.0,0.0,750017,2025-11-08 17:00:00,2025
Kasimpasa,7.0,1.0,0.0,0.0,5.0,1.0,68.2,12.0,3.0,0.3,0.0,0.0,0.0,0.0,0.0,0.0,0.0,0.0,0.0,0.0,0.0,3.0,0.0,0.0,0.0,0.0,0.0,0.0,Goztepe,24.0,3.0,0.0,0.0,2.0,3.0,31.8,15.0,3.0,0.2,0.0,0.0,0.0,0.0,0.0,0.0,0.0,0.0,0.0,0.0,0.0,3.0,0.0,0.0,0.0,0.0,0.0,0.0,750022,2025-11-08 17:00:00,2025
Fatih Karagümrük,17.0,2.0,0.0,0.0,4.0,2.0,42.9,10.0,4.0,0.4,0.0,0.0,0.0,0.0,0.0,0.0,0.0,0.0,0.0,0.0,0.0,4.0,0.0,0.0,0.0,0.0,0.0,0.0,Konyaspor,11.0,2.0,0.0,0.0,7.0,2.0,57.1,11.0,3.0,0.3,0.0,0.0,0.0,0.0,0.0,0.0,0.0,0.0,0.0,0.0,0.0,5.0,0.0,0.0,0.0,0.0,0.0,0.0,750018,2025-11-09 11:30:00,2025
Kocaelispor,13.0,2.0,0.0,0.0,1.0,3.0,34.3,9.0,3.0,0.3,0.0,0.0,0.0,0.0,0.0,0.0,0.0,0.0,0.0,0.0,0.0,1.0,0.0,0.0,0.0,0.0,0.0,0.0,Galatasaray,9.0,1.0,0.0,0.0,7.0,2.0,65.7,12.0,3.0,0.3,0.0,0.0,0.0,0.0,0.0,0.0,0.0,0.0,0.0,0.0,0.0,3.0,0.0,0.0,0.0,0.0,0.0,0.0,750023,2025-11-09 14:00:00,2025
Fenerbahce,13.0,1.0,0.0,0.0,8.0,1.0,62.1,28.0,9.0,0.3,0.0,0.0,0.0,0.0,0.0,0.0,0.0,0.0,0.0,0.0,0.0,11.0,0.0,0.0,0.0,0.0,0.0,0.0,Kayserispor,7.0,3.0,0.0,0.0,2.0,5.0,37.9,5.0,3.0,0.6,0.0,0.0,0.0,0.0,0.0,0.0,0.0,0.0,0.0,0.0,0.0,0.0,0.0,0.0,0.0,0.0,0.0,0.0,750019,2025-11-09 17:00:00,2025
Samsunspor,19.0,2.0,0.0,0.0,14.0,1.0,62.5,17.0,7.0,0.4,0.0,0.0,0.0,0.0,0.0,0.0,0.0,0.0,0.0,0.0,0.0,5.0,0.0,0.0,0.0,0.0,0.0,0.0,Eyupspor,13.0,3.0,0.0,0.0,0.0,6.0,37.5,2.0,1.0,0.5,0.0,0.0,0.0,0.0,0.0,0.0,0.0,0.0,0.0,0.0,0.0,0.0,0.0,0.0,0.0,0.0,0.0,0.0,750024,2025-11-09 17:00:00,2025
Kayserispor,14.0,1.0,0.0,0.0,3.0,0.0,57.1,15.0,1.0,0.1,0.0,0.0,0.0,0.0,0.0,0.0,0.0,0.0,0.0,0.0,0.0,5.0,0.0,0.0,0.0,0.0,0.0,0.0,Gaziantep FK,11.0,1.0,0.0,0.0,0.0,1.0,42.9,6.0,3.0,0.5,1.0,1.0,0.0,0.0,0.0,0.0,0.0,0.0,0.0,0.0,0.0,1.0,0.0,0.0,0.0,0.0,0.0,0.0,750033,2025-11-22 11:30:00,2025
Eyupspor,16.0,1.0,0.0,0.0,5.0,1.0,54.5,12.0,4.0,0.3,0.0,0.0,0.0,0.0,0.0,0.0,0.0,0.0,0.0,0.0,0.0,2.0,0.0,0.0,0.0,0.0,0.0,0.0,Fatih Karagümrük,18.0,2.0,0.0,0.0,6.0,3.0,45.5,9.0,2.0,0.2,0.0,0.0,0.0,0.0,0.0,0.0,0.0,0.0,0.0,0.0,0.0,1.0,0.0,0.0,0.0,0.0,0.0,0.0,750029,2025-11-22 14:00:00,2025
Galatasaray,11.0,3.0,1.0,0.0,4.0,2.0,72.5,28.0,9.0,0.3,0.0,0.0,0.0,0.0,0.0,0.0,0.0,0.0,0.0,0.0,0.0,4.0,0.0,0.0,0.0,0.0,0.0,0.0,Genclerbirligi,6.0,1.0,1.0,0.0,2.0,6.0,27.5,11.0,5.0,0.5,0.0,0.0,0.0,0.0,0.0,0.0,0.0,0.0,0.0,0.0,0.0,3.0,0.0,0.0,0.0,0.0,0.0,0.0,750030,2025-11-22 17:00:00,2025
Goztepe,16.0,2.0,0.0,0.0,4.0,3.0,41.4,8.0,0.0,0.0,0.0,0.0,0.0,0.0,0.0,0.0,0.0,0.0,0.0,0.0,0.0,0.0,0.0,0.0,0.0,0.0,0.0,0.0,Kocaelispor,7.0,4.0,0.0,0.0,6.0,0.0,58.6,10.0,3.0,0.3,0.0,0.0,0.0,0.0,0.0,0.0,0.0,0.0,0.0,0.0,0.0,3.0,0.0,0.0,0.0,0.0,0.0,0.0,750031,2025-11-23 11:30:00,2025
Alanyaspor,9.0,1.0,0.0,0.0,13.0,2.0,68.4,17.0,6.0,0.4,0.0,0.0,0.0,0.0,0.0,0.0,0.0,0.0,0.0,0.0,0.0,2.0,0.0,0.0,0.0,0.0,0.0,0.0,Kasimpasa,16.0,2.0,0.0,0.0,1.0,5.0,31.6,8.0,4.0,0.5,0.0,0.0,0.0,0.0,0.0,0.0,0.0,0.0,0.0,0.0,0.0,0.0,0.0,0.0,0.0,0.0,0.0,0.0,750026,2025-11-23 14:00:00,2025
Besiktas,10.0,2.0,0.0,0.0,4.0,5.0,61.4,14.0,2.0,0.1,1.0,1.0,0.0,0.0,0.0,0.0,0.0,0.0,0.0,0.0,0.0,4.0,0.0,0.0,0.0,0.0,0.0,0.0,Samsunspor,17.0,2.0,0.0,0.0,3.0,1.0,38.6,14.0,6.0,0.4,0.0,0.0,0.0,0.0,0.0,0.0,0.0,0.0,0.0,0.0,0.0,5.0,0.0,0.0,0.0,0.0,0.0,0.0,750027,2025-11-23 14:00:00,2025
Caykur Rizespor,16.0,1.0,1.0,0.0,5.0,9.0,41.0,6.0,2.0,0.3,0.0,0.0,0.0,0.0,0.0,0.0,0.0,0.0,0.0,0.0,0.0,2.0,0.0,0.0,0.0,0.0,0.0,0.0,Fenerbahce,6.0,1.0,0.0,0.0,9.0,0.0,59.0,28.0,14.0,0.5,0.0,0.0,0.0,0.0,0.0,0.0,0.0,0.0,0.0,0.0,0.0,8.0,0.0,0.0,0.0,0.0,0.0,0.0,750028,2025-11-23 17:00:00,2025
Konyaspor,15.0,1.0,0.0,0.0,10.0,0.0,59.2,12.0,1.0,0.1,0.0,0.0,0.0,0.0,0.0,0.0,0.0,0.0,0.0,0.0,0.0,6.0,0.0,0.0,0.0,0.0,0.0,0.0,Antalyaspor,8.0,2.0,0.0,0.0,2.0,1.0,40.8,4.0,0.0,0.0,0.0,0.0,0.0,0.0,0.0,0.0,0.0,0.0,0.0,0.0,0.0,1.0,0.0,0.0,0.0,0.0,0.0,0.0,750034,2025-11-24 17:00:00,2025
Istanbul Basaksehir,15.0,2.0,1.0,0.0,1.0,8.0,35.6,9.0,3.0,0.3,1.0,1.0,0.0,0.0,0.0,0.0,0.0,0.0,0.0,0.0,0.0,1.0,0.0,0.0,0.0,0.0,0.0,0.0,Trabzonspor,11.0,2.0,0.0,0.0,10.0,0.0,64.4,22.0,12.0,0.5,1.0,1.0,0.0,0.0,0.0,0.0,0.0,0.0,0.0,0.0,0.0,6.0,0.0,0.0,0.0,0.0,0.0,0.0,750032,2025-11-24 17:00:00,2025
Kocaelispor,16.0,0.0,0.0,0.0,6.0,0.0,53.2,15.0,4.0,0.3,0.0,0.0,0.0,0.0,0.0,0.0,0.0,0.0,0.0,0.0,0.0,6.0,0.0,0.0,0.0,0.0,0.0,0.0,Genclerbirligi,15.0,0.0,0.0,0.0,1.0,3.0,46.8,5.0,0.0,0.0,0.0,0.0,0.0,0.0,0.0,0.0,0.0,0.0,0.0,0.0,0.0,1.0,0.0,0.0,0.0,0.0,0.0,0.0,750041,2025-11-28 17:00:00,2025
Caykur Rizespor,16.0,2.0,0.0,0.0,5.0,4.0,59.1,16.0,3.0,0.2,0.0,0.0,0.0,0.0,0.0,0.0,0.0,0.0,0.0,0.0,0.0,7.0,0.0,0.0,0.0,0.0,0.0,0.0,Kayserispor,15.0,3.0,0.0,0.0,5.0,3.0,40.9,10.0,5.0,0.5,0.0,0.0,0.0,0.0,0.0,0.0,0.0,0.0,0.0,0.0,0.0,2.0,0.0,0.0,0.0,0.0,0.0,0.0,750036,2025-11-29 11:30:00,2025
Gaziantep FK,13.0,1.0,0.0,0.0,13.0,5.0,58.8,13.0,5.0,0.4,0.0,0.0,0.0,0.0,0.0,0.0,0.0,0.0,0.0,0.0,0.0,4.0,0.0,0.0,0.0,0.0,0.0,0.0,Eyupspor,18.0,4.0,0.0,0.0,6.0,4.0,41.2,17.0,7.0,0.4,1.0,1.0,0.0,0.0,0.0,0.0,0.0,0.0,0.0,0.0,0.0,5.0,0.0,0.0,0.0,0.0,0.0,0.0,750039,2025-11-29 14:00:00,2025
Trabzonspor,15.0,1.0,0.0,0.0,3.0,4.0,52.6,19.0,8.0,0.4,1.0,1.0,0.0,0.0,0.0,0.0,0.0,0.0,0.0,0.0,0.0,5.0,0.0,0.0,0.0,0.0,0.0,0.0,Konyaspor,13.0,2.0,0.0,0.0,3.0,3.0,47.4,16.0,4.0,0.3,0.0,0.0,0.0,0.0,0.0,0.0,0.0,0.0,0.0,0.0,0.0,6.0,0.0,0.0,0.0,0.0,0.0,0.0,750043,2025-11-29 17:00:00,2025
Kasimpasa,13.0,4.0,0.0,0.0,12.0,2.0,50.5,16.0,5.0,0.3,0.0,0.0,0.0,0.0,0.0,0.0,0.0,0.0,0.0,0.0,0.0,7.0,0.0,0.0,0.0,0.0,0.0,0.0,Istanbul Basaksehir,17.0,3.0,1.0,0.0,3.0,2.0,49.5,11.0,6.0,0.5,0.0,0.0,0.0,0.0,0.0,0.0,0.0,0.0,0.0,0.0,0.0,2.0,0.0,0.0,0.0,0.0,0.0,0.0,750040,2025-11-29 17:00:00,2025
Antalyaspor,11.0,0.0,0.0,0.0,1.0,6.0,50.2,8.0,3.0,0.4,0.0,0.0,0.0,0.0,0.0,0.0,0.0,0.0,0.0,0.0,0.0,2.0,0.0,0.0,0.0,0.0,0.0,0.0,Goztepe,20.0,2.0,0.0,0.0,4.0,2.0,49.8,16.0,8.0,0.5,0.0,0.0,0.0,0.0,0.0,0.0,0.0,0.0,0.0,0.0,0.0,1.0,0.0,0.0,0.0,0.0,0.0,0.0,750035,2025-11-30 14:00:00,2025
Fatih Karagümrük,11.0,3.0,0.0,0.0,2.0,10.0,37.5,7.0,0.0,0.0,0.0,0.0,0.0,0.0,0.0,0.0,0.0,0.0,0.0,0.0,0.0,3.0,0.0,0.0,0.0,0.0,0.0,0.0,Besiktas,11.0,0.0,0.0,0.0,9.0,1.0,62.5,27.0,12.0,0.4,0.0,1.0,0.0,0.0,0.0,0.0,0.0,0.0,0.0,0.0,0.0,9.0,0.0,0.0,0.0,0.0,0.0,0.0,750037,2025-11-30 17:00:00,2025
Samsunspor,28.0,3.0,1.0,0.0,3.0,3.0,52.3,7.0,1.0,0.1,0.0,0.0,0.0,0.0,0.0,0.0,0.0,0.0,0.0,0.0,0.0,1.0,0.0,0.0,0.0,0.0,0.0,0.0,Alanyaspor,12.0,2.0,0.0,0.0,1.0,0.0,47.7,10.0,4.0,0.4,0.0,0.0,0.0,0.0,0.0,0.0,0.0,0.0,0.0,0.0,0.0,4.0,0.0,0.0,0.0,0.0,0.0,0.0,750042,2025-12-01 17:00:00,2025
Fenerbahce,12.0,3.0,0.0,0.0,7.0,1.0,56.2,17.0,2.0,0.1,0.0,0.0,0.0,0.0,0.0,0.0,0.0,0.0,0.0,0.0,0.0,6.0,0.0,0.0,0.0,0.0,0.0,0.0,Galatasaray,22.0,4.0,0.0,0.0,3.0,1.0,43.8,6.0,2.0,0.3,0.0,0.0,0.0,0.0,0.0,0.0,0.0,0.0,0.0,0.0,0.0,2.0,0.0,0.0,0.0,0.0,0.0,0.0,750038,2025-12-01 17:00:00,2025
Galatasaray,7.0,1.0,0.0,0.0,1.0,2.0,57.5,13.0,6.0,0.5,0.0,0.0,0.0,0.0,0.0,0.0,0.0,0.0,0.0,0.0,0.0,3.0,0.0,0.0,0.0,0.0,0.0,0.0,Samsunspor,10.0,2.0,0.0,0.0,3.0,3.0,42.5,13.0,4.0,0.3,0.0,0.0,0.0,0.0,0.0,0.0,0.0,0.0,0.0,0.0,0.0,3.0,0.0,0.0,0.0,0.0,0.0,0.0,750049,2025-12-05 17:00:00,2025
Eyupspor,11.0,3.0,0.0,0.0,3.0,2.0,59.1,16.0,7.0,0.4,0.0,0.0,0.0,0.0,0.0,0.0,0.0,0.0,0.0,0.0,0.0,5.0,0.0,0.0,0.0,0.0,0.0,0.0,Kayserispor,15.0,3.0,1.0,0.0,1.0,6.0,40.9,8.0,3.0,0.4,0.0,0.0,0.0,0.0,0.0,0.0,0.0,0.0,0.0,0.0,0.0,0.0,0.0,0.0,0.0,0.0,0.0,0.0,750052,2025-12-06 11:30:00,2025
Konyaspor,7.0,1.0,0.0,0.0,4.0,2.0,48.2,11.0,3.0,0.3,1.0,1.0,0.0,0.0,0.0,0.0,0.0,0.0,0.0,0.0,0.0,2.0,0.0,0.0,0.0,0.0,0.0,0.0,Caykur Rizespor,12.0,3.0,0.0,0.0,2.0,2.0,51.8,11.0,3.0,0.3,0.0,0.0,0.0,0.0,0.0,0.0,0.0,0.0,0.0,0.0,0.0,1.0,0.0,0.0,0.0,0.0,0.0,0.0,750048,2025-12-06 14:00:00,2025
Istanbul Basaksehir,8.0,2.0,0.0,0.0,10.0,1.0,52.3,18.0,4.0,0.2,0.0,0.0,0.0,0.0,0.0,0.0,0.0,0.0,0.0,0.0,0.0,6.0,0.0,0.0,0.0,0.0,0.0,0.0,Fenerbahce,13.0,3.0,0.0,0.0,8.0,4.0,47.7,10.0,2.0,0.2,0.0,0.0,0.0,0.0,0.0,0.0,0.0,0.0,0.0,0.0,0.0,4.0,0.0,0.0,0.0,0.0,0.0,0.0,750046,2025-12-06 17:00:00,2025
Genclerbirligi,14.0,1.0,0.0,0.0,7.0,2.0,40.1,19.0,7.0,0.4,0.0,0.0,0.0,0.0,0.0,0.0,0.0,0.0,0.0,0.0,0.0,4.0,0.0,0.0,0.0,0.0,0.0,0.0,Fatih Karagümrük,11.0,2.0,0.0,0.0,4.0,3.0,59.9,8.0,2.0,0.3,0.0,0.0,0.0,0.0,0.0,0.0,0.0,0.0,0.0,0.0,0.0,1.0,0.0,0.0,0.0,0.0,0.0,0.0,750044,2025-12-07 11:30:00,2025
Kocaelispor,10.0,1.0,0.0,0.0,5.0,0.0,67.3,9.0,3.0,0.3,0.0,0.0,0.0,0.0,0.0,0.0,0.0,0.0,0.0,0.0,0.0,1.0,0.0,0.0,0.0,0.0,0.0,0.0,Kasimpasa,19.0,2.0,0.0,0.0,3.0,3.0,32.7,4.0,0.0,0.0,0.0,0.0,0.0,0.0,0.0,0.0,0.0,0.0,0.0,0.0,0.0,2.0,0.0,0.0,0.0,0.0,0.0,0.0,750047,2025-12-07 14:00:00,2025
Goztepe,19.0,3.0,1.0,0.0,7.0,4.0,38.2,21.0,8.0,0.4,0.0,0.0,0.0,0.0,0.0,0.0,0.0,0.0,0.0,0.0,0.0,6.0,0.0,0.0,0.0,0.0,0.0,0.0,Trabzonspor,7.0,3.0,1.0,0.0,4.0,4.0,61.8,18.0,6.0,0.3,0.0,0.0,0.0,0.0,0.0,0.0,0.0,0.0,0.0,0.0,0.0,4.0,0.0,0.0,0.0,0.0,0.0,0.0,750051,2025-12-07 17:00:00,2025
Besiktas,21.0,4.0,0.0,0.0,10.0,2.0,57.6,29.0,12.0,0.4,0.0,0.0,0.0,0.0,0.0,0.0,0.0,0.0,0.0,0.0,0.0,9.0,0.0,0.0,0.0,0.0,0.0,0.0,Gaziantep FK,13.0,5.0,0.0,0.0,1.0,11.0,42.4,9.0,4.0,0.4,0.0,0.0,0.0,0.0,0.0,0.0,0.0,0.0,0.0,0.0,0.0,2.0,0.0,0.0,0.0,0.0,0.0,0.0,750045,2025-12-08 17:00:00,2025
Alanyaspor,18.0,1.0,0.0,0.0,9.0,3.0,54.6,9.0,2.0,0.2,0.0,0.0,0.0,0.0,0.0,0.0,0.0,0.0,0.0,0.0,0.0,1.0,0.0,0.0,0.0,0.0,0.0,0.0,Antalyaspor,19.0,1.0,0.0,0.0,4.0,2.0,45.4,6.0,3.0,0.5,0.0,0.0,0.0,0.0,0.0,0.0,0.0,0.0,0.0,0.0,0.0,0.0,0.0,0.0,0.0,0.0,0.0,0.0,750050,2025-12-08 17:00:00,2025
Kasimpasa,12.0,2.0,0.0,0.0,3.0,1.0,49.2,10.0,3.0,0.3,0.0,0.0,0.0,0.0,0.0,0.0,0.0,0.0,0.0,0.0,0.0,1.0,0.0,0.0,0.0,0.0,0.0,0.0,Genclerbirligi,16.0,3.0,0.0,0.0,2.0,2.0,50.8,6.0,1.0,0.2,0.0,0.0,0.0,0.0,0.0,0.0,0.0,0.0,0.0,0.0,0.0,2.0,0.0,0.0,0.0,0.0,0.0,0.0,750060,2025-12-12 17:00:00,2025
Caykur Rizespor,20.0,3.0,0.0,0.0,3.0,0.0,44.9,14.0,6.0,0.4,1.0,1.0,0.0,0.0,0.0,0.0,0.0,0.0,0.0,0.0,0.0,3.0,0.0,0.0,0.0,0.0,0.0,0.0,Eyupspor,16.0,2.0,0.0,0.0,3.0,3.0,55.1,7.0,0.0,0.0,0.0,0.0,0.0,0.0,0.0,0.0,0.0,0.0,0.0,0.0,0.0,2.0,0.0,0.0,0.0,0.0,0.0,0.0,750059,2025-12-13 11:30:00,2025
Kayserispor,9.0,0.0,0.0,0.0,3.0,5.0,41.5,10.0,4.0,0.4,0.0,0.0,0.0,0.0,0.0,0.0,0.0,0.0,0.0,0.0,0.0,4.0,0.0,0.0,0.0,0.0,0.0,0.0,Alanyaspor,12.0,2.0,0.0,0.0,8.0,5.0,58.5,14.0,5.0,0.4,0.0,0.0,0.0,0.0,0.0,0.0,0.0,0.0,0.0,0.0,0.0,0.0,0.0,0.0,0.0,0.0,0.0,0.0,750055,2025-12-13 14:00:00,2025
Antalyaspor,8.0,1.0,0.0,0.0,5.0,2.0,37.2,11.0,3.0,0.3,0.0,0.0,0.0,0.0,0.0,0.0,0.0,0.0,0.0,0.0,0.0,4.0,0.0,0.0,0.0,0.0,0.0,0.0,Galatasaray,14.0,2.0,0.0,0.0,3.0,2.0,62.8,13.0,6.0,0.5,0.0,0.0,0.0,0.0,0.0,0.0,0.0,0.0,0.0,0.0,0.0,1.0,0.0,0.0,0.0,0.0,0.0,0.0,750061,2025-12-13 17:00:00,2025
Gaziantep FK,12.0,3.0,0.0,0.0,8.0,4.0,57.6,19.0,3.0,0.2,0.0,1.0,0.0,0.0,0.0,0.0,0.0,0.0,0.0,0.0,0.0,8.0,0.0,0.0,0.0,0.0,0.0,0.0,Goztepe,14.0,2.0,0.0,0.0,6.0,3.0,42.4,15.0,5.0,0.3,0.0,0.0,0.0,0.0,0.0,0.0,0.0,0.0,0.0,0.0,0.0,6.0,0.0,0.0,0.0,0.0,0.0,0.0,750053,2025-12-14 11:30:00,2025
Fatih Karagümrük,14.0,2.0,0.0,0.0,2.0,4.0,35.2,8.0,2.0,0.3,0.0,0.0,0.0,0.0,0.0,0.0,0.0,0.0,0.0,0.0,0.0,3.0,0.0,0.0,0.0,0.0,0.0,0.0,Kocaelispor,12.0,2.0,0.0,0.0,6.0,1.0,64.8,16.0,5.0,0.3,0.0,0.0,0.0,0.0,0.0,0.0,0.0,0.0,0.0,0.0,0.0,2.0,0.0,0.0,0.0,0.0,0.0,0.0,750054,2025-12-14 14:00:00,2025
Trabzonspor,7.0,2.0,0.0,0.0,7.0,2.0,75.9,34.0,13.0,0.4,0.0,0.0,0.0,0.0,0.0,0.0,0.0,0.0,0.0,0.0,0.0,8.0,0.0,0.0,0.0,0.0,0.0,0.0,Besiktas,8.0,5.0,1.0,0.0,1.0,10.0,24.1,9.0,5.0,0.6,0.0,0.0,0.0,0.0,0.0,0.0,0.0,0.0,0.0,0.0,0.0,1.0,0.0,0.0,0.0,0.0,0.0,0.0,750057,2025-12-14 17:00:00,2025
Samsunspor,17.0,0.0,0.0,0.0,7.0,4.0,53.2,15.0,4.0,0.3,0.0,0.0,0.0,0.0,0.0,0.0,0.0,0.0,0.0,0.0,0.0,3.0,0.0,0.0,0.0,0.0,0.0,0.0,Istanbul Basaksehir,9.0,0.0,0.0,0.0,2.0,4.0,46.8,12.0,6.0,0.5,0.0,0.0,0.0,0.0,0.0,0.0,0.0,0.0,0.0,0.0,0.0,1.0,0.0,0.0,0.0,0.0,0.0,0.0,750056,2025-12-14 17:00:00,2025
Fenerbahce,15.0,2.0,0.0,0.0,4.0,5.0,53.3,17.0,9.0,0.5,1.0,1.0,0.0,0.0,0.0,0.0,0.0,0.0,0.0,0.0,0.0,4.0,0.0,0.0,0.0,0.0,0.0,0.0,Konyaspor,9.0,2.0,0.0,0.0,4.0,4.0,46.7,17.0,5.0,0.3,0.0,0.0,0.0,0.0,0.0,0.0,0.0,0.0,0.0,0.0,0.0,8.0,0.0,0.0,0.0,0.0,0.0,0.0,750058,2025-12-15 17:00:00,2025
Kocaelispor,22.0,4.0,0.0,0.0,4.0,0.0,46.1,7.0,3.0,0.4,0.0,0.0,0.0,0.0,0.0,0.0,0.0,0.0,0.0,0.0,0.0,1.0,0.0,0.0,0.0,0.0,0.0,0.0,Antalyaspor,19.0,3.0,0.0,0.0,2.0,1.0,53.9,6.0,1.0,0.2,0.0,0.0,0.0,0.0,0.0,0.0,0.0,0.0,0.0,0.0,0.0,3.0,0.0,0.0,0.0,0.0,0.0,0.0,750065,2025-12-19 17:00:00,2025
Konyaspor,13.0,3.0,0.0,0.0,3.0,3.0,57.4,16.0,3.0,0.2,0.0,0.0,0.0,0.0,0.0,0.0,0.0,0.0,0.0,0.0,0.0,4.0,0.0,0.0,0.0,0.0,0.0,0.0,Kayserispor,11.0,1.0,0.0,0.0,2.0,2.0,42.6,13.0,4.0,0.3,0.0,0.0,0.0,0.0,0.0,0.0,0.0,0.0,0.0,0.0,0.0,2.0,0.0,0.0,0.0,0.0,0.0,0.0,750070,2025-12-20 11:30:00,2025
Eyupspor,12.0,2.0,0.0,0.0,4.0,4.0,42.9,8.0,3.0,0.4,0.0,0.0,0.0,0.0,0.0,0.0,0.0,0.0,0.0,0.0,0.0,0.0,0.0,0.0,0.0,0.0,0.0,0.0,Fenerbahce,13.0,1.0,0.0,0.0,5.0,3.0,57.1,23.0,7.0,0.3,0.0,0.0,0.0,0.0,0.0,0.0,0.0,0.0,0.0,0.0,0.0,8.0,0.0,0.0,0.0,0.0,0.0,0.0,750066,2025-12-20 14:00:00,2025
Besiktas,13.0,3.0,0.0,0.0,4.0,1.0,61.3,16.0,5.0,0.3,0.0,0.0,0.0,0.0,0.0,0.0,0.0,0.0,0.0,0.0,0.0,3.0,0.0,0.0,0.0,0.0,0.0,0.0,Caykur Rizespor,14.0,3.0,0.0,0.0,6.0,4.0,38.7,17.0,2.0,0.1,0.0,0.0,0.0,0.0,0.0,0.0,0.0,0.0,0.0,0.0,0.0,4.0,0.0,0.0,0.0,0.0,0.0,0.0,750067,2025-12-20 17:00:00,2025
Alanyaspor,19.0,3.0,0.0,0.0,2.0,3.0,43.8,11.0,6.0,0.5,0.0,0.0,0.0,0.0,0.0,0.0,0.0,0.0,0.0,0.0,0.0,1.0,0.0,0.0,0.0,0.0,0.0,0.0,Fatih Karagümrük,16.0,1.0,0.0,0.0,3.0,4.0,56.2,9.0,3.0,0.3,0.0,0.0,0.0,0.0,0.0,0.0,0.0,0.0,0.0,0.0,0.0,4.0,0.0,0.0,0.0,0.0,0.0,0.0,750064,2025-12-21 11:30:00,2025
Galatasaray,11.0,2.0,0.0,0.0,10.0,0.0,71.4,27.0,7.0,0.3,0.0,0.0,0.0,0.0,0.0,0.0,0.0,0.0,0.0,0.0,0.0,9.0,0.0,0.0,0.0,0.0,0.0,0.0,Kasimpasa,13.0,1.0,0.0,0.0,1.0,5.0,28.6,1.0,0.0,0.0,0.0,0.0,0.0,0.0,0.0,0.0,0.0,0.0,0.0,0.0,0.0,0.0,0.0,0.0,0.0,0.0,0.0,0.0,750069,2025-12-21 17:00:00,2025
Goztepe,18.0,1.0,0.0,0.0,4.0,0.0,36.2,10.0,2.0,0.2,0.0,0.0,0.0,0.0,0.0,0.0,0.0,0.0,0.0,0.0,0.0,2.0,0.0,0.0,0.0,0.0,0.0,0.0,Samsunspor,7.0,2.0,0.0,0.0,3.0,0.0,63.8,5.0,0.0,0.0,0.0,0.0,0.0,0.0,0.0,0.0,0.0,0.0,0.0,0.0,0.0,2.0,0.0,0.0,0.0,0.0,0.0,0.0,750063,2025-12-21 17:00:00,2025
Istanbul Basaksehir,19.0,3.0,0.0,0.0,2.0,2.0,57.6,17.0,7.0,0.4,0.0,0.0,0.0,0.0,0.0,0.0,0.0,0.0,0.0,0.0,0.0,4.0,0.0,0.0,0.0,0.0,0.0,0.0,Gaziantep FK,14.0,4.0,1.0,0.0,3.0,3.0,42.4,14.0,3.0,0.2,0.0,0.0,0.0,0.0,0.0,0.0,0.0,0.0,0.0,0.0,0.0,5.0,0.0,0.0,0.0,0.0,0.0,0.0,750068,2025-12-22 14:00:00,2025
Genclerbirligi,6.0,1.0,0.0,0.0,6.0,4.0,36.7,18.0,9.0,0.5,0.0,0.0,0.0,0.0,0.0,0.0,0.0,0.0,0.0,0.0,0.0,2.0,0.0,0.0,0.0,0.0,0.0,0.0,Trabzonspor,15.0,2.0,0.0,0.0,6.0,5.0,63.3,14.0,7.0,0.5,1.0,1.0,0.0,0.0,0.0,0.0,0.0,0.0,0.0,0.0,0.0,1.0,0.0,0.0,0.0,0.0,0.0,0.0,750062,2025-12-22 17:00:00,2025
Istanbul Basaksehir,17.0,2.0,0.0,0.0,5.0,4.0,62.2,12.0,6.0,0.5,0.0,0.0,0.0,0.0,0.0,0.0,0.0,0.0,0.0,0.0,0.0,2.0,0.0,0.0,0.0,0.0,0.0,0.0,Fatih Karagümrük,8.0,2.0,0.0,0.0,1.0,4.0,37.8,11.0,5.0,0.5,0.0,0.0,0.0,0.0,0.0,0.0,0.0,0.0,0.0,0.0,0.0,0.0,0.0,0.0,0.0,0.0,0.0,0.0,750072,2026-01-17 14:00:00,2026
Galatasaray,17.0,4.0,0.0,0.0,10.0,4.0,67.9,17.0,3.0,0.2,0.0,0.0,0.0,0.0,0.0,0.0,0.0,0.0,0.0,0.0,0.0,5.0,0.0,0.0,0.0,0.0,0.0,0.0,Gaziantep FK,12.0,2.0,0.0,0.0,2.0,2.0,32.1,10.0,4.0,0.4,0.0,0.0,0.0,0.0,0.0,0.0,0.0,0.0,0.0,0.0,0.0,1.0,0.0,0.0,0.0,0.0,0.0,0.0,750079,2026-01-17 17:00:00,2026
Kasimpasa,18.0,3.0,0.0,0.0,10.0,2.0,58.9,11.0,4.0,0.4,0.0,0.0,0.0,0.0,0.0,0.0,0.0,0.0,0.0,0.0,0.0,4.0,0.0,0.0,0.0,0.0,0.0,0.0,Antalyaspor,11.0,1.0,0.0,0.0,4.0,3.0,41.1,6.0,2.0,0.3,0.0,0.0,0.0,0.0,0.0,0.0,0.0,0.0,0.0,0.0,0.0,1.0,0.0,0.0,0.0,0.0,0.0,0.0,750071,2026-01-18 11:30:00,2026
Genclerbirligi,9.0,0.0,0.0,0.0,4.0,2.0,52.2,7.0,3.0,0.4,0.0,0.0,0.0,0.0,0.0,0.0,0.0,0.0,0.0,0.0,0.0,0.0,0.0,0.0,0.0,0.0,0.0,0.0,Samsunspor,14.0,2.0,0.0,0.0,6.0,1.0,47.8,18.0,4.0,0.2,0.0,0.0,0.0,0.0,0.0,0.0,0.0,0.0,0.0,0.0,0.0,4.0,0.0,0.0,0.0,0.0,0.0,0.0,750074,2026-01-18 14:00:00,2026
Kocaelispor,16.0,1.0,0.0,0.0,4.0,1.0,43.6,17.0,5.0,0.3,0.0,0.0,0.0,0.0,0.0,0.0,0.0,0.0,0.0,0.0,0.0,7.0,0.0,0.0,0.0,0.0,0.0,0.0,Trabzonspor,14.0,2.0,0.0,0.0,3.0,4.0,56.4,10.0,3.0,0.3,0.0,0.0,0.0,0.0,0.0,0.0,0.0,0.0,0.0,0.0,0.0,2.0,0.0,0.0,0.0,0.0,0.0,0.0,750078,2026-01-18 14:00:00,2026
Alanyaspor,10.0,2.0,0.0,0.0,6.0,1.0,45.0,9.0,3.0,0.3,0.0,0.0,0.0,0.0,0.0,0.0,0.0,0.0,0.0,0.0,0.0,0.0,0.0,0.0,0.0,0.0,0.0,0.0,Fenerbahce,10.0,0.0,0.0,0.0,6.0,1.0,55.0,12.0,4.0,0.3,0.0,0.0,0.0,0.0,0.0,0.0,0.0,0.0,0.0,0.0,0.0,3.0,0.0,0.0,0.0,0.0,0.0,0.0,750077,2026-01-18 17:00:00,2026
Konyaspor,7.0,0.0,0.0,0.0,5.0,1.0,69.7,18.0,4.0,0.2,0.0,0.0,0.0,0.0,0.0,0.0,0.0,0.0,0.0,0.0,0.0,8.0,0.0,0.0,0.0,0.0,0.0,0.0,Eyupspor,14.0,2.0,0.0,0.0,2.0,2.0,30.3,10.0,2.0,0.2,0.0,0.0,0.0,0.0,0.0,0.0,0.0,0.0,0.0,0.0,0.0,3.0,0.0,0.0,0.0,0.0,0.0,0.0,750075,2026-01-19 14:00:00,2026
Besiktas,12.0,2.0,0.0,0.0,9.0,3.0,68.9,31.0,9.0,0.3,0.0,0.0,0.0,0.0,0.0,0.0,0.0,0.0,0.0,0.0,0.0,9.0,0.0,0.0,0.0,0.0,0.0,0.0,Kayserispor,15.0,3.0,0.0,0.0,2.0,6.0,31.1,9.0,3.0,0.3,0.0,0.0,0.0,0.0,0.0,0.0,0.0,0.0,0.0,0.0,0.0,2.0,0.0,0.0,0.0,0.0,0.0,0.0,750076,2026-01-19 17:00:00,2026
Goztepe,15.0,3.0,0.0,0.0,3.0,4.0,33.0,13.0,7.0,0.5,0.0,0.0,0.0,0.0,0.0,0.0,0.0,0.0,0.0,0.0,0.0,2.0,0.0,0.0,0.0,0.0,0.0,0.0,Caykur Rizespor,8.0,1.0,0.0,0.0,9.0,4.0,67.0,16.0,5.0,0.3,2.0,1.0,0.0,0.0,0.0,0.0,0.0,0.0,0.0,0.0,0.0,7.0,0.0,0.0,0.0,0.0,0.0,0.0,750073,2026-01-19 17:00:00,2026
Trabzonspor,18.0,2.0,0.0,0.0,3.0,1.0,57.1,15.0,3.0,0.2,0.0,0.0,0.0,0.0,0.0,0.0,0.0,0.0,0.0,0.0,0.0,5.0,0.0,0.0,0.0,0.0,0.0,0.0,Kasimpasa,13.0,0.0,1.0,0.0,3.0,1.0,42.9,6.0,2.0,0.3,0.0,0.0,0.0,0.0,0.0,0.0,0.0,0.0,0.0,0.0,0.0,3.0,0.0,0.0,0.0,0.0,0.0,0.0,750080,2026-01-23 17:00:00,2026
Kayserispor,8.0,1.0,0.0,0.0,10.0,5.0,45.4,7.0,2.0,0.3,0.0,0.0,0.0,0.0,0.0,0.0,0.0,0.0,0.0,0.0,0.0,4.0,0.0,0.0,0.0,0.0,0.0,0.0,Istanbul Basaksehir,18.0,0.0,0.0,0.0,4.0,2.0,54.6,13.0,7.0,0.5,2.0,1.0,0.0,0.0,0.0,0.0,0.0,0.0,0.0,0.0,0.0,1.0,0.0,0.0,0.0,0.0,0.0,0.0,750082,2026-01-24 11:30:00,2026
Samsunspor,13.0,1.0,0.0,0.0,9.0,1.0,63.1,16.0,1.0,0.1,0.0,0.0,0.0,0.0,0.0,0.0,0.0,0.0,0.0,0.0,0.0,8.0,0.0,0.0,0.0,0.0,0.0,0.0,Kocaelispor,14.0,2.0,0.0,0.0,1.0,1.0,36.9,7.0,1.0,0.1,0.0,0.0,0.0,0.0,0.0,0.0,0.0,0.0,0.0,0.0,0.0,0.0,0.0,0.0,0.0,0.0,0.0,0.0,750081,2026-01-24 14:00:00,2026
Fatih Karagümrük,8.0,0.0,0.0,0.0,2.0,1.0,36.1,10.0,3.0,0.3,0.0,0.0,0.0,0.0,0.0,0.0,0.0,0.0,0.0,0.0,0.0,3.0,0.0,0.0,0.0,0.0,0.0,0.0,Galatasaray,13.0,2.0,0.0,0.0,6.0,2.0,63.9,11.0,4.0,0.4,0.0,0.0,0.0,0.0,0.0,0.0,0.0,0.0,0.0,0.0,0.0,2.0,0.0,0.0,0.0,0.0,0.0,0.0,750085,2026-01-24 17:00:00,2026
Gaziantep FK,16.0,6.0,0.0,0.0,10.0,5.0,42.1,15.0,2.0,0.1,0.0,0.0,0.0,0.0,0.0,0.0,0.0,0.0,0.0,0.0,0.0,4.0,0.0,0.0,0.0,0.0,0.0,0.0,Konyaspor,15.0,3.0,0.0,0.0,4.0,1.0,57.9,11.0,6.0,0.5,0.0,0.0,0.0,0.0,0.0,0.0,0.0,0.0,0.0,0.0,0.0,3.0,0.0,0.0,0.0,0.0,0.0,0.0,750083,2026-01-25 11:30:00,2026
Antalyaspor,16.0,2.0,0.0,0.0,8.0,1.0,48.1,11.0,3.0,0.3,0.0,0.0,0.0,0.0,0.0,0.0,0.0,0.0,0.0,0.0,0.0,0.0,0.0,0.0,0.0,0.0,0.0,0.0,Genclerbirligi,20.0,3.0,0.0,0.0,2.0,1.0,51.9,12.0,2.0,0.2,0.0,0.0,0.0,0.0,0.0,0.0,0.0,0.0,0.0,0.0,0.0,6.0,0.0,0.0,0.0,0.0,0.0,0.0,750084,2026-01-25 14:00:00,2026
Caykur Rizespor,14.0,2.0,1.0,0.0,4.0,2.0,37.0,6.0,3.0,0.5,0.0,0.0,0.0,0.0,0.0,0.0,0.0,0.0,0.0,0.0,0.0,1.0,0.0,0.0,0.0,0.0,0.0,0.0,Alanyaspor,8.0,3.0,1.0,0.0,8.0,2.0,63.0,23.0,3.0,0.1,0.0,0.0,0.0,0.0,0.0,0.0,0.0,0.0,0.0,0.0,0.0,8.0,0.0,0.0,0.0,0.0,0.0,0.0,750087,2026-01-25 14:00:00,2026
Fenerbahce,8.0,3.0,0.0,0.0,8.0,3.0,81.5,21.0,5.0,0.2,0.0,0.0,0.0,0.0,0.0,0.0,0.0,0.0,0.0,0.0,0.0,6.0,0.0,0.0,0.0,0.0,0.0,0.0,Goztepe,22.0,4.0,0.0,0.0,4.0,4.0,18.5,14.0,4.0,0.3,0.0,0.0,0.0,0.0,0.0,0.0,0.0,0.0,0.0,0.0,0.0,6.0,0.0,0.0,0.0,0.0,0.0,0.0,750088,2026-01-25 17:00:00,2026
Eyupspor,10.0,3.0,0.0,0.0,3.0,6.0,39.4,15.0,4.0,0.3,2.0,1.0,0.0,0.0,0.0,0.0,0.0,0.0,0.0,0.0,0.0,3.0,0.0,0.0,0.0,0.0,0.0,0.0,Besiktas,14.0,1.0,0.0,0.0,5.0,2.0,60.6,17.0,9.0,0.5,0.0,0.0,0.0,0.0,0.0,0.0,0.0,0.0,0.0,0.0,0.0,3.0,0.0,0.0,0.0,0.0,0.0,0.0,750086,2026-01-26 17:00:00,2026
Antalyaspor,19.0,1.0,0.0,0.0,3.0,3.0,30.9,4.0,2.0,0.5,0.0,0.0,0.0,0.0,0.0,0.0,0.0,0.0,0.0,0.0,0.0,0.0,0.0,0.0,0.0,0.0,0.0,0.0,Trabzonspor,12.0,2.0,0.0,0.0,9.0,1.0,69.1,14.0,4.0,0.3,2.0,2.0,0.0,0.0,0.0,0.0,0.0,0.0,0.0,0.0,0.0,3.0,0.0,0.0,0.0,0.0,0.0,0.0,750095,2026-01-30 17:00:00,2026
Kasimpasa,21.0,2.0,0.0,0.0,4.0,2.0,51.9,11.0,1.0,0.1,0.0,0.0,0.0,0.0,0.0,0.0,0.0,0.0,0.0,0.0,0.0,6.0,0.0,0.0,0.0,0.0,0.0,0.0,Samsunspor,22.0,1.0,0.0,0.0,1.0,1.0,48.1,8.0,3.0,0.4,0.0,0.0,0.0,0.0,0.0,0.0,0.0,0.0,0.0,0.0,0.0,4.0,0.0,0.0,0.0,0.0,0.0,0.0,750089,2026-01-30 17:00:00,2026
Alanyaspor,11.0,2.0,0.0,0.0,2.0,3.0,41.7,17.0,6.0,0.4,0.0,0.0,0.0,0.0,0.0,0.0,0.0,0.0,0.0,0.0,0.0,4.0,0.0,0.0,0.0,0.0,0.0,0.0,Eyupspor,6.0,1.0,0.0,0.0,3.0,5.0,58.3,13.0,6.0,0.5,0.0,0.0,0.0,0.0,0.0,0.0,0.0,0.0,0.0,0.0,0.0,1.0,0.0,0.0,0.0,0.0,0.0,0.0,750096,2026-01-31 11:30:00,2026
Istanbul Basaksehir,15.0,1.0,0.0,0.0,4.0,5.0,56.8,10.0,4.0,0.4,0.0,0.0,0.0,0.0,0.0,0.0,0.0,0.0,0.0,0.0,0.0,2.0,0.0,0.0,0.0,0.0,0.0,0.0,Caykur Rizespor,10.0,0.0,0.0,0.0,4.0,2.0,43.2,13.0,6.0,0.5,0.0,0.0,0.0,0.0,0.0,0.0,0.0,0.0,0.0,0.0,0.0,6.0,0.0,0.0,0.0,0.0,0.0,0.0,750090,2026-01-31 14:00:00,2026
Besiktas,16.0,2.0,1.0,0.0,8.0,1.0,60.2,22.0,10.0,0.5,0.0,0.0,0.0,0.0,0.0,0.0,0.0,0.0,0.0,0.0,0.0,7.0,0.0,0.0,0.0,0.0,0.0,0.0,Konyaspor,22.0,7.0,0.0,0.0,2.0,8.0,39.8,9.0,2.0,0.2,0.0,0.0,0.0,0.0,0.0,0.0,0.0,0.0,0.0,0.0,0.0,2.0,0.0,0.0,0.0,0.0,0.0,0.0,750094,2026-01-31 17:00:00,2026
Goztepe,20.0,2.0,0.0,0.0,6.0,2.0,44.2,19.0,7.0,0.4,0.0,0.0,0.0,0.0,0.0,0.0,0.0,0.0,0.0,0.0,0.0,2.0,0.0,0.0,0.0,0.0,0.0,0.0,Fatih Karagümrük,14.0,5.0,0.0,0.0,3.0,5.0,55.8,8.0,3.0,0.4,0.0,0.0,0.0,0.0,0.0,0.0,0.0,0.0,0.0,0.0,0.0,1.0,0.0,0.0,0.0,0.0,0.0,0.0,750091,2026-01-31 17:00:00,2026
Genclerbirligi,18.0,6.0,0.0,0.0,3.0,4.0,36.4,13.0,6.0,0.5,0.0,0.0,0.0,0.0,0.0,0.0,0.0,0.0,0.0,0.0,0.0,3.0,0.0,0.0,0.0,0.0,0.0,0.0,Gaziantep FK,13.0,1.0,0.0,0.0,2.0,3.0,63.6,14.0,5.0,0.4,0.0,0.0,0.0,0.0,0.0,0.0,0.0,0.0,0.0,0.0,0.0,4.0,0.0,0.0,0.0,0.0,0.0,0.0,750092,2026-02-01 14:00:00,2026
Galatasaray,13.0,2.0,0.0,0.0,6.0,3.0,67.3,23.0,9.0,0.4,4.0,2.0,0.0,0.0,0.0,0.0,0.0,0.0,0.0,0.0,0.0,5.0,0.0,0.0,0.0,0.0,0.0,0.0,Kayserispor,11.0,5.0,0.0,0.0,4.0,6.0,32.7,9.0,3.0,0.3,0.0,0.0,0.0,0.0,0.0,0.0,0.0,0.0,0.0,0.0,0.0,3.0,0.0,0.0,0.0,0.0,0.0,0.0,750097,2026-02-01 17:00:00,2026
Kocaelispor,17.0,2.0,0.0,0.0,8.0,2.0,59.4,12.0,1.0,0.1,0.0,0.0,0.0,0.0,0.0,0.0,0.0,0.0,0.0,0.0,0.0,4.0,0.0,0.0,0.0,0.0,0.0,0.0,Fenerbahce,14.0,3.0,0.0,0.0,3.0,1.0,40.6,9.0,5.0,0.6,0.0,0.0,0.0,0.0,0.0,0.0,0.0,0.0,0.0,0.0,0.0,2.0,0.0,0.0,0.0,0.0,0.0,0.0,750093,2026-02-02 17:00:00,2026
Fatih Karagümrük,22.0,2.0,0.0,0.0,9.0,2.0,42.3,16.0,5.0,0.3,0.0,0.0,0.0,0.0,0.0,0.0,0.0,0.0,0.0,0.0,0.0,9.0,0.0,0.0,0.0,0.0,0.0,0.0,Antalyaspor,13.0,5.0,0.0,0.0,4.0,3.0,57.7,9.0,2.0,0.2,0.0,0.0,0.0,0.0,0.0,0.0,0.0,0.0,0.0,0.0,0.0,1.0,0.0,0.0,0.0,0.0,0.0,0.0,750105,2026-02-07 11:30:00,2026
Samsunspor,14.0,2.0,0.0,0.0,8.0,6.0,52.5,11.0,0.0,0.0,0.0,0.0,0.0,0.0,0.0,0.0,0.0,0.0,0.0,0.0,0.0,6.0,0.0,0.0,0.0,0.0,0.0,0.0,Trabzonspor,12.0,1.0,0.0,0.0,1.0,0.0,47.5,17.0,9.0,0.5,2.0,1.0,0.0,0.0,0.0,0.0,0.0,0.0,0.0,0.0,0.0,3.0,0.0,0.0,0.0,0.0,0.0,0.0,750101,2026-02-07 17:00:00,2026
Eyupspor,9.0,1.0,0.0,0.0,0.0,9.0,45.0,6.0,2.0,0.3,0.0,0.0,0.0,0.0,0.0,0.0,0.0,0.0,0.0,0.0,0.0,1.0,0.0,0.0,0.0,0.0,0.0,0.0,Istanbul Basaksehir,15.0,1.0,0.0,0.0,7.0,1.0,55.0,26.0,11.0,0.4,0.0,0.0,0.0,0.0,0.0,0.0,0.0,0.0,0.0,0.0,0.0,8.0,0.0,0.0,0.0,0.0,0.0,0.0,750104,2026-02-08 11:30:00,2026
Konyaspor,9.0,2.0,0.0,0.0,4.0,1.0,63.9,11.0,4.0,0.4,0.0,0.0,0.0,0.0,0.0,0.0,0.0,0.0,0.0,0.0,0.0,3.0,0.0,0.0,0.0,0.0,0.0,0.0,Goztepe,15.0,4.0,0.0,0.0,3.0,4.0,36.1,7.0,1.0,0.1,0.0,0.0,0.0,0.0,0.0,0.0,0.0,0.0,0.0,0.0,0.0,1.0,0.0,0.0,0.0,0.0,0.0,0.0,750098,2026-02-08 14:00:00,2026
Caykur Rizespor,11.0,1.0,0.0,0.0,4.0,2.0,40.2,15.0,4.0,0.3,0.0,0.0,0.0,0.0,0.0,0.0,0.0,0.0,0.0,0.0,0.0,6.0,0.0,0.0,0.0,0.0,0.0,0.0,Galatasaray,13.0,1.0,0.0,0.0,3.0,4.0,59.8,19.0,5.0,0.3,0.0,0.0,0.0,0.0,0.0,0.0,0.0,0.0,0.0,0.0,0.0,5.0,0.0,0.0,0.0,0.0,0.0,0.0,750103,2026-02-08 14:00:00,2026
Besiktas,13.0,2.0,0.0,0.0,3.0,1.0,69.4,20.0,8.0,0.4,2.0,1.0,0.0,0.0,0.0,0.0,0.0,0.0,0.0,0.0,0.0,7.0,0.0,0.0,0.0,0.0,0.0,0.0,Alanyaspor,15.0,4.0,0.0,0.0,3.0,6.0,30.6,7.0,3.0,0.4,0.0,0.0,0.0,0.0,0.0,0.0,0.0,0.0,0.0,0.0,0.0,1.0,0.0,0.0,0.0,0.0,0.0,0.0,750102,2026-02-08 17:00:00,2026
Kayserispor,17.0,5.0,0.0,0.0,8.0,2.0,56.6,20.0,3.0,0.2,0.0,0.0,0.0,0.0,0.0,0.0,0.0,0.0,0.0,0.0,0.0,11.0,0.0,0.0,0.0,0.0,0.0,0.0,Kocaelispor,14.0,2.0,0.0,0.0,2.0,2.0,43.4,10.0,4.0,0.4,0.0,0.0,0.0,0.0,0.0,0.0,0.0,0.0,0.0,0.0,0.0,5.0,0.0,0.0,0.0,0.0,0.0,0.0,750099,2026-02-09 14:00:00,2026
Gaziantep FK,15.0,3.0,1.0,0.0,1.0,0.0,45.9,4.0,2.0,0.5,0.0,0.0,0.0,0.0,0.0,0.0,0.0,0.0,0.0,0.0,0.0,0.0,0.0,0.0,0.0,0.0,0.0,0.0,Kasimpasa,21.0,2.0,0.0,0.0,7.0,0.0,54.1,9.0,1.0,0.1,0.0,0.0,0.0,0.0,0.0,0.0,0.0,0.0,0.0,0.0,0.0,2.0,0.0,0.0,0.0,0.0,0.0,0.0,750100,2026-02-09 17:00:00,2026
Fenerbahce,9.0,2.0,0.0,0.0,7.0,2.0,62.9,19.0,7.0,0.4,2.0,1.0,0.0,0.0,0.0,0.0,0.0,0.0,0.0,0.0,0.0,8.0,0.0,0.0,0.0,0.0,0.0,0.0,Genclerbirligi,12.0,2.0,0.0,0.0,9.0,4.0,37.1,13.0,3.0,0.2,0.0,0.0,0.0,0.0,0.0,0.0,0.0,0.0,0.0,0.0,0.0,3.0,0.0,0.0,0.0,0.0,0.0,0.0,750106,2026-02-09 17:00:00,2026
Galatasaray,13.0,0.0,0.0,0.0,12.0,2.0,61.8,21.0,9.0,0.4,0.0,0.0,0.0,0.0,0.0,0.0,0.0,0.0,0.0,0.0,0.0,3.0,0.0,0.0,0.0,0.0,0.0,0.0,Eyupspor,13.0,2.0,1.0,0.0,4.0,4.0,38.2,6.0,3.0,0.5,0.0,0.0,0.0,0.0,0.0,0.0,0.0,0.0,0.0,0.0,0.0,2.0,0.0,0.0,0.0,0.0,0.0,0.0,750108,2026-02-13 17:00:00,2026
Antalyaspor,17.0,5.0,0.0,0.0,4.0,2.0,34.9,13.0,5.0,0.4,0.0,0.0,0.0,0.0,0.0,0.0,0.0,0.0,0.0,0.0,0.0,4.0,0.0,0.0,0.0,0.0,0.0,0.0,Samsunspor,10.0,2.0,0.0,0.0,10.0,2.0,65.1,13.0,3.0,0.2,2.0,1.0,0.0,0.0,0.0,0.0,0.0,0.0,0.0,0.0,0.0,3.0,0.0,0.0,0.0,0.0,0.0,0.0,750115,2026-02-13 17:00:00,2026
Genclerbirligi,17.0,3.0,0.0,0.0,4.0,4.0,38.4,12.0,4.0,0.3,0.0,0.0,0.0,0.0,0.0,0.0,0.0,0.0,0.0,0.0,0.0,3.0,0.0,0.0,0.0,0.0,0.0,0.0,Caykur Rizespor,14.0,4.0,0.0,0.0,11.0,3.0,61.6,15.0,6.0,0.4,0.0,0.0,0.0,0.0,0.0,0.0,0.0,0.0,0.0,0.0,0.0,3.0,0.0,0.0,0.0,0.0,0.0,0.0,750107,2026-02-14 11:30:00,2026
Alanyaspor,10.0,2.0,0.0,0.0,4.0,1.0,41.0,19.0,6.0,0.3,2.0,1.0,0.0,0.0,0.0,0.0,0.0,0.0,0.0,0.0,0.0,5.0,0.0,0.0,0.0,0.0,0.0,0.0,Konyaspor,17.0,4.0,0.0,0.0,3.0,4.0,59.0,9.0,2.0,0.2,0.0,0.0,0.0,0.0,0.0,0.0,0.0,0.0,0.0,0.0,0.0,2.0,0.0,0.0,0.0,0.0,0.0,0.0,750114,2026-02-14 14:00:00,2026
Trabzonspor,16.0,4.0,0.0,0.0,7.0,0.0,58.3,17.0,8.0,0.5,0.0,0.0,0.0,0.0,0.0,0.0,0.0,0.0,0.0,0.0,0.0,2.0,0.0,0.0,0.0,0.0,0.0,0.0,Fenerbahce,14.0,5.0,0.0,0.0,7.0,6.0,41.7,9.0,3.0,0.3,0.0,0.0,0.0,0.0,0.0,0.0,0.0,0.0,0.0,0.0,0.0,2.0,0.0,0.0,0.0,0.0,0.0,0.0,750112,2026-02-14 17:00:00,2026
Kocaelispor,25.0,3.0,0.0,0.0,4.0,3.0,59.9,14.0,6.0,0.4,0.0,0.0,0.0,0.0,0.0,0.0,0.0,0.0,0.0,0.0,0.0,3.0,0.0,0.0,0.0,0.0,0.0,0.0,Gaziantep FK,17.0,5.0,1.0,0.0,2.0,3.0,40.1,7.0,3.0,0.4,0.0,0.0,0.0,0.0,0.0,0.0,0.0,0.0,0.0,0.0,0.0,1.0,0.0,0.0,0.0,0.0,0.0,0.0,750111,2026-02-15 11:30:00,2026
Goztepe,14.0,2.0,0.0,0.0,6.0,3.0,55.1,17.0,4.0,0.2,0.0,0.0,0.0,0.0,0.0,0.0,0.0,0.0,0.0,0.0,0.0,4.0,0.0,0.0,0.0,0.0,0.0,0.0,Kayserispor,9.0,1.0,0.0,0.0,3.0,4.0,44.9,10.0,3.0,0.3,0.0,0.0,0.0,0.0,0.0,0.0,0.0,0.0,0.0,0.0,0.0,4.0,0.0,0.0,0.0,0.0,0.0,0.0,750113,2026-02-15 14:00:00,2026
Istanbul Basaksehir,12.0,2.0,0.0,0.0,6.0,1.0,56.7,14.0,6.0,0.4,0.0,0.0,0.0,0.0,0.0,0.0,0.0,0.0,0.0,0.0,0.0,3.0,0.0,0.0,0.0,0.0,0.0,0.0,Besiktas,13.0,2.0,0.0,0.0,3.0,4.0,43.3,13.0,4.0,0.3,0.0,0.0,0.0,0.0,0.0,0.0,0.0,0.0,0.0,0.0,0.0,4.0,0.0,0.0,0.0,0.0,0.0,0.0,750109,2026-02-15 17:00:00,2026
Kasimpasa,20.0,5.0,0.0,0.0,2.0,2.0,42.8,12.0,6.0,0.5,0.0,0.0,0.0,0.0,0.0,0.0,0.0,0.0,0.0,0.0,0.0,1.0,0.0,0.0,0.0,0.0,0.0,0.0,Fatih Karagümrük,8.0,2.0,0.0,0.0,3.0,2.0,57.2,11.0,4.0,0.4,0.0,0.0,0.0,0.0,0.0,0.0,0.0,0.0,0.0,0.0,0.0,4.0,0.0,0.0,0.0,0.0,0.0,0.0,750110,2026-02-16 17:00:00,2026
Caykur Rizespor,14.0,1.0,0.0,0.0,2.0,1.0,46.9,11.0,5.0,0.5,0.0,0.0,0.0,0.0,0.0,0.0,0.0,0.0,0.0,0.0,0.0,3.0,0.0,0.0,0.0,0.0,0.0,0.0,Kocaelispor,19.0,3.0,0.0,0.0,6.0,3.0,53.1,13.0,1.0,0.1,0.0,0.0,0.0,0.0,0.0,0.0,0.0,0.0,0.0,0.0,0.0,9.0,0.0,0.0,0.0,0.0,0.0,0.0,750122,2026-02-20 17:00:00,2026
Eyupspor,13.0,1.0,0.0,0.0,3.0,4.0,57.6,10.0,7.0,0.7,0.0,0.0,0.0,0.0,0.0,0.0,0.0,0.0,0.0,0.0,0.0,1.0,0.0,0.0,0.0,0.0,0.0,0.0,Genclerbirligi,18.0,2.0,0.0,0.0,4.0,6.0,42.4,13.0,4.0,0.3,0.0,0.0,0.0,0.0,0.0,0.0,0.0,0.0,0.0,0.0,0.0,5.0,0.0,0.0,0.0,0.0,0.0,0.0,750121,2026-02-21 10:30:00,2026
Alanyaspor,14.0,5.0,0.0,0.0,6.0,1.0,52.6,13.0,2.0,0.2,0.0,0.0,0.0,0.0,0.0,0.0,0.0,0.0,0.0,0.0,0.0,5.0,0.0,0.0,0.0,0.0,0.0,0.0,Istanbul Basaksehir,18.0,5.0,0.0,0.0,2.0,1.0,47.4,13.0,3.0,0.2,2.0,1.0,0.0,0.0,0.0,0.0,0.0,0.0,0.0,0.0,0.0,3.0,0.0,0.0,0.0,0.0,0.0,0.0,750116,2026-02-21 13:00:00,2026
Konyaspor,13.0,4.0,0.0,0.0,3.0,2.0,38.7,9.0,2.0,0.2,0.0,0.0,0.0,0.0,0.0,0.0,0.0,0.0,0.0,0.0,0.0,2.0,0.0,0.0,0.0,0.0,0.0,0.0,Galatasaray,8.0,2.0,0.0,0.0,4.0,0.0,61.3,6.0,2.0,0.3,0.0,0.0,0.0,0.0,0.0,0.0,0.0,0.0,0.0,0.0,0.0,1.0,0.0,0.0,0.0,0.0,0.0,0.0,750124,2026-02-21 17:00:00,2026
Kayserispor,12.0,3.0,0.0,0.0,5.0,3.0,53.4,15.0,5.0,0.3,0.0,1.0,0.0,0.0,0.0,0.0,0.0,0.0,0.0,0.0,0.0,2.0,0.0,0.0,0.0,0.0,0.0,0.0,Antalyaspor,10.0,1.0,0.0,0.0,5.0,4.0,46.6,11.0,3.0,0.3,0.0,0.0,0.0,0.0,0.0,0.0,0.0,0.0,0.0,0.0,0.0,2.0,0.0,0.0,0.0,0.0,0.0,0.0,750120,2026-02-22 10:30:00,2026
Gaziantep FK,11.0,1.0,0.0,0.0,11.0,2.0,53.8,15.0,7.0,0.5,0.0,0.0,0.0,0.0,0.0,0.0,0.0,0.0,0.0,0.0,0.0,2.0,0.0,0.0,0.0,0.0,0.0,0.0,Trabzonspor,16.0,1.0,0.0,0.0,4.0,6.0,46.2,13.0,4.0,0.3,0.0,0.0,0.0,0.0,0.0,0.0,0.0,0.0,0.0,0.0,0.0,8.0,0.0,0.0,0.0,0.0,0.0,0.0,750119,2026-02-22 13:00:00,2026
Fatih Karagümrük,14.0,1.0,0.0,0.0,5.0,0.0,34.6,12.0,5.0,0.4,0.0,0.0,0.0,0.0,0.0,0.0,0.0,0.0,0.0,0.0,0.0,2.0,0.0,0.0,0.0,0.0,0.0,0.0,Samsunspor,15.0,1.0,0.0,0.0,1.0,5.0,65.4,7.0,0.0,0.0,0.0,0.0,0.0,0.0,0.0,0.0,0.0,0.0,0.0,0.0,0.0,4.0,0.0,0.0,0.0,0.0,0.0,0.0,750117,2026-02-22 17:00:00,2026
Besiktas,14.0,2.0,0.0,0.0,9.0,1.0,59.3,12.0,7.0,0.6,0.0,0.0,0.0,0.0,0.0,0.0,0.0,0.0,0.0,0.0,0.0,3.0,0.0,0.0,0.0,0.0,0.0,0.0,Goztepe,18.0,1.0,0.0,0.0,4.0,3.0,40.7,8.0,1.0,0.1,0.0,0.0,0.0,0.0,0.0,0.0,0.0,0.0,0.0,0.0,0.0,4.0,0.0,0.0,0.0,0.0,0.0,0.0,750123,2026-02-22 17:00:00,2026
Fenerbahce,9.0,3.0,0.0,0.0,8.0,2.0,68.2,21.0,5.0,0.2,0.0,0.0,0.0,0.0,0.0,0.0,0.0,0.0,0.0,0.0,0.0,10.0,0.0,0.0,0.0,0.0,0.0,0.0,Kasimpasa,16.0,5.0,1.0,0.0,1.0,4.0,31.8,5.0,3.0,0.6,0.0,0.0,0.0,0.0,0.0,0.0,0.0,0.0,0.0,0.0,0.0,1.0,0.0,0.0,0.0,0.0,0.0,0.0,750118,2026-02-23 17:00:00,2026
Trabzonspor,8.0,1.0,0.0,0.0,5.0,3.0,63.1,13.0,6.0,0.5,0.0,0.0,0.0,0.0,0.0,0.0,0.0,0.0,0.0,0.0,0.0,4.0,0.0,0.0,0.0,0.0,0.0,0.0,Fatih Karagümrük,12.0,1.0,0.0,0.0,4.0,3.0,36.9,11.0,4.0,0.4,0.0,0.0,0.0,0.0,0.0,0.0,0.0,0.0,0.0,0.0,0.0,2.0,0.0,0.0,0.0,0.0,0.0,0.0,750128,2026-02-27 17:00:00,2026
Istanbul Basaksehir,14.0,3.0,0.0,0.0,5.0,2.0,54.3,12.0,4.0,0.3,0.0,0.0,0.0,0.0,0.0,0.0,0.0,0.0,0.0,0.0,0.0,3.0,0.0,0.0,0.0,0.0,0.0,0.0,Konyaspor,16.0,1.0,0.0,0.0,7.0,2.0,45.7,11.0,2.0,0.2,0.0,0.0,0.0,0.0,0.0,0.0,0.0,0.0,0.0,0.0,0.0,6.0,0.0,0.0,0.0,0.0,0.0,0.0,750133,2026-02-27 17:00:00,2026
Kasimpasa,18.0,0.0,0.0,0.0,2.0,3.0,52.3,13.0,4.0,0.3,0.0,0.0,0.0,0.0,0.0,0.0,0.0,0.0,0.0,0.0,0.0,4.0,0.0,0.0,0.0,0.0,0.0,0.0,Caykur Rizespor,16.0,2.0,0.0,0.0,5.0,4.0,47.7,14.0,6.0,0.4,0.0,0.0,0.0,0.0,0.0,0.0,0.0,0.0,0.0,0.0,0.0,4.0,0.0,0.0,0.0,0.0,0.0,0.0,750130,2026-02-28 10:30:00,2026
Kocaelispor,15.0,1.0,0.0,0.0,1.0,1.0,50.4,10.0,0.0,0.0,0.0,0.0,0.0,0.0,0.0,0.0,0.0,0.0,0.0,0.0,0.0,5.0,0.0,0.0,0.0,0.0,0.0,0.0,Besiktas,13.0,2.0,0.0,0.0,4.0,0.0,49.6,11.0,2.0,0.2,0.0,0.0,0.0,0.0,0.0,0.0,0.0,0.0,0.0,0.0,0.0,3.0,0.0,0.0,0.0,0.0,0.0,0.0,750131,2026-02-28 13:00:00,2026
Goztepe,16.0,3.0,0.0,0.0,5.0,1.0,48.4,12.0,3.0,0.3,0.0,1.0,0.0,0.0,0.0,0.0,0.0,0.0,0.0,0.0,0.0,4.0,0.0,0.0,0.0,0.0,0.0,0.0,Eyupspor,10.0,1.0,0.0,0.0,2.0,3.0,51.6,6.0,1.0,0.2,0.0,0.0,0.0,0.0,0.0,0.0,0.0,0.0,0.0,0.0,0.0,2.0,0.0,0.0,0.0,0.0,0.0,0.0,750129,2026-02-28 17:00:00,2026
Galatasaray,18.0,2.0,0.0,0.0,4.0,4.0,59.3,14.0,6.0,0.4,0.0,0.0,0.0,0.0,0.0,0.0,0.0,0.0,0.0,0.0,0.0,3.0,0.0,0.0,0.0,0.0,0.0,0.0,Alanyaspor,4.0,3.0,0.0,0.0,0.0,2.0,40.7,11.0,5.0,0.5,0.0,0.0,0.0,0.0,0.0,0.0,0.0,0.0,0.0,0.0,0.0,1.0,0.0,0.0,0.0,0.0,0.0,0.0,750126,2026-02-28 17:00:00,2026
Genclerbirligi,14.0,1.0,0.0,0.0,3.0,4.0,53.9,10.0,3.0,0.3,0.0,0.0,0.0,0.0,0.0,0.0,0.0,0.0,0.0,0.0,0.0,0.0,0.0,0.0,0.0,0.0,0.0,0.0,Kayserispor,15.0,1.0,0.0,0.0,6.0,3.0,46.1,10.0,2.0,0.2,0.0,0.0,0.0,0.0,0.0,0.0,0.0,0.0,0.0,0.0,0.0,4.0,0.0,0.0,0.0,0.0,0.0,0.0,750127,2026-03-01 13:00:00,2026
Samsunspor,16.0,1.0,0.0,0.0,6.0,0.0,60.3,12.0,3.0,0.3,0.0,0.0,0.0,0.0,0.0,0.0,0.0,0.0,0.0,0.0,0.0,2.0,0.0,0.0,0.0,0.0,0.0,0.0,Gaziantep FK,13.0,3.0,0.0,0.0,2.0,3.0,39.7,6.0,0.0,0.0,0.0,0.0,0.0,0.0,0.0,0.0,0.0,0.0,0.0,0.0,0.0,2.0,0.0,0.0,0.0,0.0,0.0,0.0,750132,2026-03-01 17:00:00,2026
Antalyaspor,11.0,0.0,0.0,0.0,3.0,6.0,34.1,9.0,3.0,0.3,0.0,0.0,0.0,0.0,0.0,0.0,0.0,0.0,0.0,0.0,0.0,3.0,0.0,0.0,0.0,0.0,0.0,0.0,Fenerbahce,10.0,0.0,0.0,0.0,13.0,2.0,65.9,15.0,6.0,0.4,0.0,0.0,0.0,0.0,0.0,0.0,0.0,0.0,0.0,0.0,0.0,2.0,0.0,0.0,0.0,0.0,0.0,0.0,750125,2026-03-01 17:00:00,2026
Istanbul Basaksehir,8.0,1.0,0.0,0.0,3.0,7.0,55.2,7.0,4.0,0.6,0.0,0.0,0.0,0.0,0.0,0.0,0.0,0.0,0.0,0.0,0.0,1.0,0.0,0.0,0.0,0.0,0.0,0.0,Goztepe,14.0,2.0,0.0,0.0,5.0,2.0,44.8,23.0,9.0,0.4,0.0,0.0,0.0,0.0,0.0,0.0,0.0,0.0,0.0,0.0,0.0,6.0,0.0,0.0,0.0,0.0,0.0,0.0,750140,2026-03-07 13:00:00,2026
Besiktas,10.0,3.0,0.0,0.0,8.0,3.0,60.1,24.0,7.0,0.3,0.0,0.0,0.0,0.0,0.0,0.0,0.0,0.0,0.0,0.0,0.0,9.0,0.0,0.0,0.0,0.0,0.0,0.0,Galatasaray,15.0,7.0,1.0,0.0,4.0,7.0,39.9,12.0,4.0,0.3,0.0,0.0,0.0,0.0,0.0,0.0,0.0,0.0,0.0,0.0,0.0,3.0,0.0,0.0,0.0,0.0,0.0,0.0,750135,2026-03-07 17:00:00,2026
Caykur Rizespor,12.0,3.0,0.0,0.0,2.0,4.0,44.5,13.0,7.0,0.5,2.0,1.0,0.0,0.0,0.0,0.0,0.0,0.0,0.0,0.0,0.0,1.0,0.0,0.0,0.0,0.0,0.0,0.0,Antalyaspor,17.0,1.0,0.0,0.0,1.0,6.0,55.5,10.0,4.0,0.4,0.0,0.0,0.0,0.0,0.0,0.0,0.0,0.0,0.0,0.0,0.0,4.0,0.0,0.0,0.0,0.0,0.0,0.0,750136,2026-03-08 10:30:00,2026
Gaziantep FK,14.0,3.0,0.0,0.0,6.0,5.0,48.2,14.0,7.0,0.5,0.0,0.0,0.0,0.0,0.0,0.0,0.0,0.0,0.0,0.0,0.0,0.0,0.0,0.0,0.0,0.0,0.0,0.0,Fatih Karagümrük,15.0,1.0,0.0,0.0,12.0,6.0,51.8,14.0,7.0,0.5,0.0,0.0,0.0,0.0,0.0,0.0,0.0,0.0,0.0,0.0,0.0,3.0,0.0,0.0,0.0,0.0,0.0,0.0,750139,2026-03-08 10:30:00,2026
Konyaspor,13.0,5.0,0.0,0.0,4.0,1.0,64.5,11.0,4.0,0.4,0.0,0.0,0.0,0.0,0.0,0.0,0.0,0.0,0.0,0.0,0.0,2.0,0.0,0.0,0.0,0.0,0.0,0.0,Kasimpasa,19.0,3.0,0.0,0.0,3.0,3.0,35.5,6.0,2.0,0.3,2.0,2.0,0.0,0.0,0.0,0.0,0.0,0.0,0.0,0.0,0.0,2.0,0.0,0.0,0.0,0.0,0.0,0.0,750142,2026-03-08 13:00:00,2026
Fenerbahce,11.0,2.0,0.0,0.0,7.0,3.0,55.4,14.0,5.0,0.4,0.0,0.0,0.0,0.0,0.0,0.0,0.0,0.0,0.0,0.0,0.0,4.0,0.0,0.0,0.0,0.0,0.0,0.0,Samsunspor,25.0,7.0,0.0,0.0,6.0,2.0,44.6,12.0,5.0,0.4,0.0,0.0,0.0,0.0,0.0,0.0,0.0,0.0,0.0,0.0,0.0,2.0,0.0,0.0,0.0,0.0,0.0,0.0,750138,2026-03-08 17:00:00,2026
Eyupspor,13.0,4.0,0.0,0.0,3.0,0.0,68.0,11.0,3.0,0.3,0.0,0.0,0.0,0.0,0.0,0.0,0.0,0.0,0.0,0.0,0.0,8.0,0.0,0.0,0.0,0.0,0.0,0.0,Kocaelispor,21.0,2.0,0.0,0.0,3.0,3.0,32.0,5.0,3.0,0.6,2.0,1.0,0.0,0.0,0.0,0.0,0.0,0.0,0.0,0.0,0.0,1.0,0.0,0.0,0.0,0.0,0.0,0.0,750137,2026-03-09 13:00:00,2026
Alanyaspor,11.0,1.0,0.0,0.0,9.0,0.0,58.7,18.0,7.0,0.4,0.0,0.0,0.0,0.0,0.0,0.0,0.0,0.0,0.0,0.0,0.0,7.0,0.0,0.0,0.0,0.0,0.0,0.0,Genclerbirligi,5.0,2.0,0.0,0.0,2.0,7.0,41.3,3.0,0.0,0.0,0.0,0.0,0.0,0.0,0.0,0.0,0.0,0.0,0.0,0.0,0.0,2.0,0.0,0.0,0.0,0.0,0.0,0.0,750134,2026-03-09 17:00:00,2026
Kayserispor,8.0,4.0,1.0,0.0,6.0,3.0,32.0,14.0,6.0,0.4,0.0,0.0,0.0,0.0,0.0,0.0,0.0,0.0,0.0,0.0,0.0,1.0,0.0,0.0,0.0,0.0,0.0,0.0,Trabzonspor,9.0,0.0,0.0,0.0,8.0,5.0,68.0,18.0,5.0,0.3,2.0,1.0,0.0,0.0,0.0,0.0,0.0,0.0,0.0,0.0,0.0,8.0,0.0,0.0,0.0,0.0,0.0,0.0,750141,2026-03-09 17:00:00,2026
Antalyaspor,15.0,4.0,0.0,0.0,5.0,4.0,60.1,12.0,4.0,0.3,0.0,0.0,0.0,0.0,0.0,0.0,0.0,0.0,0.0,0.0,0.0,3.0,0.0,0.0,0.0,0.0,0.0,0.0,Gaziantep FK,18.0,4.0,0.0,0.0,6.0,3.0,39.9,12.0,8.0,0.7,0.0,0.0,0.0,0.0,0.0,0.0,0.0,0.0,0.0,0.0,0.0,0.0,0.0,0.0,0.0,0.0,0.0,0.0,750143,2026-03-13 17:00:00,2026
Fatih Karagümrük,16.0,1.0,0.0,0.0,2.0,3.0,31.7,9.0,5.0,0.6,0.0,0.0,0.0,0.0,0.0,0.0,0.0,0.0,0.0,0.0,0.0,1.0,0.0,0.0,0.0,0.0,0.0,0.0,Fenerbahce,7.0,3.0,0.0,0.0,14.0,3.0,68.3,16.0,3.0,0.2,0.0,0.0,0.0,0.0,0.0,0.0,0.0,0.0,0.0,0.0,0.0,6.0,0.0,0.0,0.0,0.0,0.0,0.0,750144,2026-03-13 17:00:00,2026
Kocaelispor,21.0,3.0,0.0,0.0,8.0,5.0,41.5,10.0,3.0,0.3,0.0,0.0,0.0,0.0,0.0,0.0,0.0,0.0,0.0,0.0,0.0,1.0,0.0,0.0,0.0,0.0,0.0,0.0,Konyaspor,4.0,2.0,0.0,0.0,8.0,2.0,58.5,19.0,7.0,0.4,2.0,1.0,0.0,0.0,0.0,0.0,0.0,0.0,0.0,0.0,0.0,4.0,0.0,0.0,0.0,0.0,0.0,0.0,750149,2026-03-14 10:30:00,2026
Goztepe,19.0,3.0,0.0,0.0,5.0,1.0,32.2,13.0,5.0,0.4,0.0,1.0,0.0,0.0,0.0,0.0,0.0,0.0,0.0,0.0,0.0,2.0,0.0,0.0,0.0,0.0,0.0,0.0,Alanyaspor,7.0,3.0,0.0,0.0,8.0,3.0,67.8,17.0,3.0,0.2,0.0,0.0,0.0,0.0,0.0,0.0,0.0,0.0,0.0,0.0,0.0,9.0,0.0,0.0,0.0,0.0,0.0,0.0,750147,2026-03-14 17:00:00,2026
Trabzonspor,11.0,0.0,0.0,0.0,8.0,3.0,55.5,10.0,3.0,0.3,0.0,0.0,0.0,0.0,0.0,0.0,0.0,0.0,0.0,0.0,0.0,2.0,0.0,0.0,0.0,0.0,0.0,0.0,Caykur Rizespor,14.0,2.0,0.0,0.0,4.0,2.0,44.5,11.0,3.0,0.3,0.0,0.0,0.0,0.0,0.0,0.0,0.0,0.0,0.0,0.0,0.0,4.0,0.0,0.0,0.0,0.0,0.0,0.0,750151,2026-03-14 17:00:00,2026
Galatasaray,13.0,0.0,0.0,0.0,9.0,3.0,67.1,19.0,6.0,0.3,0.0,0.0,0.0,0.0,0.0,0.0,0.0,0.0,0.0,0.0,0.0,5.0,0.0,0.0,0.0,0.0,0.0,0.0,Istanbul Basaksehir,12.0,0.0,1.0,0.0,3.0,3.0,32.9,7.0,3.0,0.4,0.0,0.0,0.0,0.0,0.0,0.0,0.0,0.0,0.0,0.0,0.0,2.0,0.0,0.0,0.0,0.0,0.0,0.0,750145,2026-03-14 17:00:00,2026
Kasimpasa,19.0,3.0,0.0,0.0,2.0,1.0,44.6,9.0,2.0,0.2,0.0,0.0,0.0,0.0,0.0,0.0,0.0,0.0,0.0,0.0,0.0,2.0,0.0,0.0,0.0,0.0,0.0,0.0,Eyupspor,13.0,2.0,0.0,0.0,2.0,1.0,55.4,8.0,1.0,0.1,0.0,0.0,0.0,0.0,0.0,0.0,0.0,0.0,0.0,0.0,0.0,2.0,0.0,0.0,0.0,0.0,0.0,0.0,750148,2026-03-15 13:00:00,2026
Samsunspor,13.0,1.0,0.0,0.0,7.0,2.0,67.5,18.0,8.0,0.4,0.0,0.0,0.0,0.0,0.0,0.0,0.0,0.0,0.0,0.0,0.0,6.0,0.0,0.0,0.0,0.0,0.0,0.0,Kayserispor,14.0,0.0,0.0,0.0,8.0,6.0,32.5,11.0,2.0,0.2,0.0,0.0,0.0,0.0,0.0,0.0,0.0,0.0,0.0,0.0,0.0,2.0,0.0,0.0,0.0,0.0,0.0,0.0,750150,2026-03-15 17:00:00,2026
Genclerbirligi,6.0,2.0,1.0,0.0,6.0,5.0,31.0,11.0,4.0,0.4,0.0,0.0,0.0,0.0,0.0,0.0,0.0,0.0,0.0,0.0,0.0,2.0,0.0,0.0,0.0,0.0,0.0,0.0,Besiktas,10.0,1.0,0.0,0.0,10.0,4.0,69.0,24.0,7.0,0.3,0.0,0.0,0.0,0.0,0.0,0.0,0.0,0.0,0.0,0.0,0.0,7.0,0.0,0.0,0.0,0.0,0.0,0.0,750146,2026-03-15 17:00:00,2026
Fenerbahce,10.0,1.0,0.0,0.0,11.0,3.0,64.2,19.0,8.0,0.4,0.0,0.0,0.0,0.0,0.0,0.0,0.0,0.0,0.0,0.0,0.0,7.0,0.0,0.0,0.0,0.0,0.0,0.0,Gaziantep FK,14.0,0.0,0.0,0.0,7.0,4.0,35.8,11.0,4.0,0.4,2.0,1.0,0.0,0.0,0.0,0.0,0.0,0.0,0.0,0.0,0.0,5.0,0.0,0.0,0.0,0.0,0.0,0.0,750156,2026-03-17 17:00:00,2026
Alanyaspor,14.0,0.0,0.0,0.0,3.0,1.0,39.6,10.0,6.0,0.6,0.0,0.0,0.0,0.0,0.0,0.0,0.0,0.0,0.0,0.0,0.0,2.0,0.0,0.0,0.0,0.0,0.0,0.0,Kocaelispor,14.0,3.0,0.0,0.0,3.0,1.0,60.4,6.0,1.0,0.2,0.0,0.0,0.0,0.0,0.0,0.0,0.0,0.0,0.0,0.0,0.0,2.0,0.0,0.0,0.0,0.0,0.0,0.0,750152,2026-03-18 13:00:00,2026
Istanbul Basaksehir,12.0,3.0,0.0,0.0,2.0,4.0,67.6,17.0,6.0,0.4,0.0,0.0,0.0,0.0,0.0,0.0,0.0,0.0,0.0,0.0,0.0,4.0,0.0,0.0,0.0,0.0,0.0,0.0,Antalyaspor,18.0,4.0,0.0,0.0,3.0,6.0,32.4,7.0,4.0,0.6,0.0,0.0,0.0,0.0,0.0,0.0,0.0,0.0,0.0,0.0,0.0,1.0,0.0,0.0,0.0,0.0,0.0,0.0,750158,2026-03-18 17:00:00,2026
Eyupspor,17.0,3.0,0.0,0.0,1.0,2.0,49.8,7.0,1.0,0.1,0.0,0.0,0.0,0.0,0.0,0.0,0.0,0.0,0.0,0.0,0.0,2.0,0.0,0.0,0.0,0.0,0.0,0.0,Trabzonspor,15.0,1.0,0.0,0.0,5.0,1.0,50.2,10.0,3.0,0.3,0.0,0.0,0.0,0.0,0.0,0.0,0.0,0.0,0.0,0.0,0.0,1.0,0.0,0.0,0.0,0.0,0.0,0.0,750155,2026-03-18 17:00:00,2026
Kayserispor,21.0,2.0,0.0,0.0,3.0,1.0,61.2,16.0,5.0,0.3,0.0,0.0,0.0,0.0,0.0,0.0,0.0,0.0,0.0,0.0,0.0,2.0,0.0,0.0,0.0,0.0,0.0,0.0,Fatih Karagümrük,8.0,0.0,1.0,0.0,1.0,4.0,38.8,6.0,1.0,0.2,0.0,0.0,0.0,0.0,0.0,0.0,0.0,0.0,0.0,0.0,0.0,1.0,0.0,0.0,0.0,0.0,0.0,0.0,750159,2026-03-19 13:00:00,2026
Besiktas,20.0,3.0,0.0,0.0,2.0,0.0,50.2,14.0,6.0,0.4,0.0,0.0,0.0,0.0,0.0,0.0,0.0,0.0,0.0,0.0,0.0,5.0,0.0,0.0,0.0,0.0,0.0,0.0,Kasimpasa,14.0,5.0,0.0,0.0,3.0,4.0,49.8,6.0,1.0,0.2,2.0,1.0,0.0,0.0,0.0,0.0,0.0,0.0,0.0,0.0,0.0,2.0,0.0,0.0,0.0,0.0,0.0,0.0,750153,2026-03-19 17:00:00,2026
Konyaspor,11.0,2.0,0.0,0.0,7.0,1.0,55.4,14.0,6.0,0.4,0.0,0.0,0.0,0.0,0.0,0.0,0.0,0.0,0.0,0.0,0.0,3.0,0.0,0.0,0.0,0.0,0.0,0.0,Genclerbirligi,13.0,1.0,0.0,0.0,3.0,5.0,44.6,3.0,1.0,0.3,0.0,0.0,0.0,0.0,0.0,0.0,0.0,0.0,0.0,0.0,0.0,0.0,0.0,0.0,0.0,0.0,0.0,0.0,750160,2026-03-19 17:00:00,2026
Kasimpasa,18.0,1.0,1.0,0.0,1.0,1.0,37.8,8.0,3.0,0.4,0.0,0.0,0.0,0.0,0.0,0.0,0.0,0.0,0.0,0.0,0.0,3.0,0.0,0.0,0.0,0.0,0.0,0.0,Kayserispor,14.0,2.0,0.0,0.0,10.0,1.0,62.2,4.0,1.0,0.3,0.0,0.0,0.0,0.0,0.0,0.0,0.0,0.0,0.0,0.0,0.0,0.0,0.0,0.0,0.0,0.0,0.0,0.0,750166,2026-04-04 11:30:00,2026
Genclerbirligi,14.0,3.0,0.0,0.0,6.0,1.0,62.5,11.0,0.0,0.0,0.0,0.0,0.0,0.0,0.0,0.0,0.0,0.0,0.0,0.0,0.0,4.0,0.0,0.0,0.0,0.0,0.0,0.0,Goztepe,17.0,4.0,0.0,0.0,5.0,0.0,37.5,9.0,3.0,0.3,4.0,2.0,0.0,0.0,0.0,0.0,0.0,0.0,0.0,0.0,0.0,3.0,0.0,0.0,0.0,0.0,0.0,0.0,750169,2026-04-04 11:30:00,2026
Gaziantep FK,16.0,2.0,0.0,0.0,2.0,2.0,57.9,15.0,5.0,0.3,0.0,0.0,0.0,0.0,0.0,0.0,0.0,0.0,0.0,0.0,0.0,5.0,0.0,0.0,0.0,0.0,0.0,0.0,Alanyaspor,20.0,3.0,0.0,0.0,2.0,4.0,42.1,8.0,3.0,0.4,0.0,0.0,0.0,0.0,0.0,0.0,0.0,0.0,0.0,0.0,0.0,3.0,0.0,0.0,0.0,0.0,0.0,0.0,750165,2026-04-04 14:00:00,2026
Trabzonspor,12.0,4.0,0.0,0.0,3.0,2.0,36.2,13.0,4.0,0.3,0.0,0.0,0.0,0.0,0.0,0.0,0.0,0.0,0.0,0.0,0.0,2.0,0.0,0.0,0.0,0.0,0.0,0.0,Galatasaray,15.0,2.0,1.0,0.0,10.0,1.0,63.8,19.0,3.0,0.2,0.0,0.0,0.0,0.0,0.0,0.0,0.0,0.0,0.0,0.0,0.0,7.0,0.0,0.0,0.0,0.0,0.0,0.0,750164,2026-04-04 17:00:00,2026
Fatih Karagümrük,15.0,1.0,0.0,0.0,0.0,1.0,36.5,10.0,5.0,0.5,0.0,0.0,0.0,0.0,0.0,0.0,0.0,0.0,0.0,0.0,0.0,2.0,0.0,0.0,0.0,0.0,0.0,0.0,Caykur Rizespor,21.0,2.0,0.0,0.0,3.0,3.0,63.5,11.0,2.0,0.2,0.0,0.0,0.0,0.0,0.0,0.0,0.0,0.0,0.0,0.0,0.0,1.0,0.0,0.0,0.0,0.0,0.0,0.0,750162,2026-04-05 11:30:00,2026
Samsunspor,12.0,1.0,0.0,0.0,8.0,0.0,62.8,18.0,7.0,0.4,0.0,1.0,0.0,0.0,0.0,0.0,0.0,0.0,0.0,0.0,0.0,6.0,0.0,0.0,0.0,0.0,0.0,0.0,Konyaspor,14.0,2.0,1.0,0.0,2.0,5.0,37.2,9.0,2.0,0.2,2.0,1.0,0.0,0.0,0.0,0.0,0.0,0.0,0.0,0.0,0.0,5.0,0.0,0.0,0.0,0.0,0.0,0.0,750168,2026-04-05 11:30:00,2026
Antalyaspor,24.0,5.0,0.0,0.0,8.0,0.0,53.8,20.0,6.0,0.3,0.0,0.0,0.0,0.0,0.0,0.0,0.0,0.0,0.0,0.0,0.0,2.0,0.0,0.0,0.0,0.0,0.0,0.0,Eyupspor,13.0,5.0,1.0,0.0,4.0,3.0,46.2,8.0,0.0,0.0,0.0,0.0,0.0,0.0,0.0,0.0,0.0,0.0,0.0,0.0,0.0,2.0,0.0,0.0,0.0,0.0,0.0,0.0,750161,2026-04-05 14:00:00,2026
Fenerbahce,13.0,3.0,0.0,0.0,10.0,2.0,55.9,13.0,6.0,0.5,2.0,1.0,0.0,0.0,0.0,0.0,0.0,0.0,0.0,0.0,0.0,3.0,0.0,0.0,0.0,0.0,0.0,0.0,Besiktas,19.0,5.0,0.0,0.0,5.0,5.0,44.1,14.0,2.0,0.1,0.0,0.0,0.0,0.0,0.0,0.0,0.0,0.0,0.0,0.0,0.0,10.0,0.0,0.0,0.0,0.0,0.0,0.0,750163,2026-04-05 17:00:00,2026
Kocaelispor,10.0,0.0,0.0,0.0,1.0,2.0,34.2,11.0,1.0,0.1,0.0,0.0,0.0,0.0,0.0,0.0,0.0,0.0,0.0,0.0,0.0,2.0,0.0,0.0,0.0,0.0,0.0,0.0,Istanbul Basaksehir,7.0,1.0,0.0,0.0,8.0,1.0,65.8,13.0,2.0,0.2,0.0,0.0,0.0,0.0,0.0,0.0,0.0,0.0,0.0,0.0,0.0,6.0,0.0,0.0,0.0,0.0,0.0,0.0,750167,2026-04-06 17:00:00,2026
Goztepe,13.0,0.0,0.0,0.0,4.0,2.0,32.0,17.0,6.0,0.4,0.0,0.0,0.0,0.0,0.0,0.0,0.0,0.0,0.0,0.0,0.0,1.0,0.0,0.0,0.0,0.0,0.0,0.0,Galatasaray,9.0,1.0,0.0,0.0,2.0,5.0,68.0,7.0,4.0,0.6,0.0,0.0,0.0,0.0,0.0,0.0,0.0,0.0,0.0,0.0,0.0,1.0,0.0,0.0,0.0,0.0,0.0,0.0,750157,2026-04-08 17:00:00,2026
Caykur Rizespor,16.0,2.0,0.0,0.0,5.0,3.0,45.8,13.0,6.0,0.5,0.0,0.0,0.0,0.0,0.0,0.0,0.0,0.0,0.0,0.0,0.0,3.0,0.0,0.0,0.0,0.0,0.0,0.0,Samsunspor,16.0,1.0,0.0,0.0,11.0,1.0,54.2,15.0,4.0,0.3,0.0,0.0,0.0,0.0,0.0,0.0,0.0,0.0,0.0,0.0,0.0,6.0,0.0,0.0,0.0,0.0,0.0,0.0,750154,2026-04-09 17:00:00,2026
Besiktas,13.0,1.0,0.0,0.0,10.0,1.0,64.1,21.0,12.0,0.6,0.0,0.0,0.0,0.0,0.0,0.0,0.0,0.0,0.0,0.0,0.0,5.0,0.0,0.0,0.0,0.0,0.0,0.0,Antalyaspor,11.0,2.0,0.0,0.0,6.0,9.0,35.9,11.0,4.0,0.4,0.0,0.0,0.0,0.0,0.0,0.0,0.0,0.0,0.0,0.0,0.0,1.0,0.0,0.0,0.0,0.0,0.0,0.0,750171,2026-04-10 17:00:00,2026
Istanbul Basaksehir,19.0,2.0,0.0,0.0,4.0,3.0,50.3,21.0,10.0,0.5,0.0,0.0,0.0,0.0,0.0,0.0,0.0,0.0,0.0,0.0,0.0,7.0,0.0,0.0,0.0,0.0,0.0,0.0,Genclerbirligi,14.0,1.0,0.0,0.0,2.0,7.0,49.7,12.0,3.0,0.3,0.0,0.0,0.0,0.0,0.0,0.0,0.0,0.0,0.0,0.0,0.0,1.0,0.0,0.0,0.0,0.0,0.0,0.0,750176,2026-04-11 11:30:00,2026
Alanyaspor,8.0,3.0,0.0,0.0,2.0,2.0,40.8,8.0,2.0,0.3,2.0,1.0,0.0,0.0,0.0,0.0,0.0,0.0,0.0,0.0,0.0,1.0,0.0,0.0,0.0,0.0,0.0,0.0,Trabzonspor,13.0,1.0,0.0,0.0,5.0,1.0,59.2,17.0,3.0,0.2,0.0,0.0,0.0,0.0,0.0,0.0,0.0,0.0,0.0,0.0,0.0,7.0,0.0,0.0,0.0,0.0,0.0,0.0,750170,2026-04-11 14:00:00,2026
Kayserispor,19.0,3.0,0.0,0.0,4.0,3.0,40.1,11.0,3.0,0.3,0.0,0.0,0.0,0.0,0.0,0.0,0.0,0.0,0.0,0.0,0.0,3.0,0.0,0.0,0.0,0.0,0.0,0.0,Fenerbahce,11.0,3.0,0.0,0.0,5.0,3.0,59.9,18.0,7.0,0.4,0.0,0.0,0.0,0.0,0.0,0.0,0.0,0.0,0.0,0.0,0.0,8.0,0.0,0.0,0.0,0.0,0.0,0.0,750177,2026-04-11 17:00:00,2026
Konyaspor,16.0,1.0,0.0,0.0,3.0,3.0,46.7,10.0,7.0,0.7,0.0,0.0,0.0,0.0,0.0,0.0,0.0,0.0,0.0,0.0,0.0,1.0,0.0,0.0,0.0,0.0,0.0,0.0,Fatih Karagümrük,8.0,1.0,0.0,0.0,4.0,4.0,53.3,11.0,3.0,0.3,0.0,0.0,0.0,0.0,0.0,0.0,0.0,0.0,0.0,0.0,0.0,4.0,0.0,0.0,0.0,0.0,0.0,0.0,750178,2026-04-12 11:30:00,2026
Goztepe,15.0,3.0,0.0,0.0,4.0,2.0,53.1,18.0,6.0,0.3,2.0,1.0,0.0,0.0,0.0,0.0,0.0,0.0,0.0,0.0,0.0,3.0,0.0,0.0,0.0,0.0,0.0,0.0,Kasimpasa,12.0,4.0,1.0,0.0,2.0,3.0,46.9,8.0,4.0,0.5,0.0,0.0,0.0,0.0,0.0,0.0,0.0,0.0,0.0,0.0,0.0,1.0,0.0,0.0,0.0,0.0,0.0,0.0,750175,2026-04-12 14:00:00,2026
Galatasaray,15.0,0.0,0.0,0.0,4.0,2.0,67.3,13.0,6.0,0.5,0.0,0.0,0.0,0.0,0.0,0.0,0.0,0.0,0.0,0.0,0.0,3.0,0.0,0.0,0.0,0.0,0.0,0.0,Kocaelispor,13.0,1.0,0.0,0.0,1.0,5.0,32.7,8.0,3.0,0.4,0.0,0.0,0.0,0.0,0.0,0.0,0.0,0.0,0.0,0.0,0.0,1.0,0.0,0.0,0.0,0.0,0.0,0.0,750174,2026-04-12 17:00:00,2026
Eyupspor,11.0,3.0,1.0,0.0,2.0,2.0,30.0,9.0,2.0,0.2,2.0,1.0,0.0,0.0,0.0,0.0,0.0,0.0,0.0,0.0,0.0,4.0,0.0,0.0,0.0,0.0,0.0,0.0,Samsunspor,14.0,3.0,0.0,0.0,7.0,0.0,70.0,13.0,4.0,0.3,0.0,0.0,0.0,0.0,0.0,0.0,0.0,0.0,0.0,0.0,0.0,7.0,0.0,0.0,0.0,0.0,0.0,0.0,750173,2026-04-13 17:00:00,2026
Caykur Rizespor,13.0,2.0,0.0,0.0,9.0,5.0,60.6,24.0,7.0,0.3,0.0,0.0,0.0,0.0,0.0,0.0,0.0,0.0,0.0,0.0,0.0,11.0,0.0,0.0,0.0,0.0,0.0,0.0,Gaziantep FK,17.0,4.0,0.0,0.0,1.0,5.0,39.4,10.0,6.0,0.6,0.0,0.0,0.0,0.0,0.0,0.0,0.0,0.0,0.0,0.0,0.0,1.0,0.0,0.0,0.0,0.0,0.0,0.0,750172,2026-04-13 17:00:00,2026
Fenerbahce,14.0,1.0,0.0,0.0,7.0,1.0,59.9,15.0,5.0,0.3,2.0,1.0,0.0,0.0,0.0,0.0,0.0,0.0,0.0,0.0,0.0,3.0,0.0,0.0,0.0,0.0,0.0,0.0,Caykur Rizespor,16.0,6.0,1.0,0.0,3.0,3.0,40.1,6.0,3.0,0.5,0.0,0.0,0.0,0.0,0.0,0.0,0.0,0.0,0.0,0.0,0.0,0.0,0.0,0.0,0.0,0.0,0.0,0.0,750181,2026-04-17 17:00:00,2026
Antalyaspor,8.0,3.0,0.0,0.0,10.0,2.0,54.9,13.0,5.0,0.4,0.0,0.0,0.0,0.0,0.0,0.0,0.0,0.0,0.0,0.0,0.0,2.0,0.0,0.0,0.0,0.0,0.0,0.0,Konyaspor,21.0,5.0,0.0,0.0,1.0,4.0,45.1,9.0,4.0,0.4,0.0,0.0,0.0,0.0,0.0,0.0,0.0,0.0,0.0,0.0,0.0,0.0,0.0,0.0,0.0,0.0,0.0,0.0,750179,2026-04-17 17:00:00,2026
Fatih Karagümrük,14.0,0.0,0.0,0.0,6.0,3.0,61.7,12.0,3.0,0.3,0.0,0.0,0.0,0.0,0.0,0.0,0.0,0.0,0.0,0.0,0.0,6.0,0.0,0.0,0.0,0.0,0.0,0.0,Eyupspor,12.0,3.0,1.0,0.0,5.0,2.0,38.3,6.0,4.0,0.7,0.0,0.0,0.0,0.0,0.0,0.0,0.0,0.0,0.0,0.0,0.0,0.0,0.0,0.0,0.0,0.0,0.0,0.0,750180,2026-04-18 11:30:00,2026
Kocaelispor,11.0,3.0,1.0,0.0,9.0,2.0,70.3,21.0,4.0,0.2,2.0,1.0,0.0,0.0,0.0,0.0,0.0,0.0,0.0,0.0,0.0,5.0,0.0,0.0,0.0,0.0,0.0,0.0,Goztepe,23.0,7.0,0.0,0.0,0.0,3.0,29.7,7.0,3.0,0.4,0.0,0.0,0.0,0.0,0.0,0.0,0.0,0.0,0.0,0.0,0.0,3.0,0.0,0.0,0.0,0.0,0.0,0.0,750185,2026-04-18 14:00:00,2026
Genclerbirligi,11.0,2.0,0.0,0.0,2.0,0.0,43.7,11.0,3.0,0.3,0.0,0.0,0.0,0.0,0.0,0.0,0.0,0.0,0.0,0.0,0.0,4.0,0.0,0.0,0.0,0.0,0.0,0.0,Galatasaray,14.0,2.0,0.0,0.0,4.0,2.0,56.3,9.0,2.0,0.2,0.0,0.0,0.0,0.0,0.0,0.0,0.0,0.0,0.0,0.0,0.0,1.0,0.0,0.0,0.0,0.0,0.0,0.0,750183,2026-04-18 17:00:00,2026
Kasimpasa,11.0,2.0,0.0,0.0,6.0,4.0,45.1,7.0,2.0,0.3,0.0,0.0,0.0,0.0,0.0,0.0,0.0,0.0,0.0,0.0,0.0,0.0,0.0,0.0,0.0,0.0,0.0,0.0,Alanyaspor,15.0,4.0,0.0,0.0,1.0,1.0,54.9,8.0,4.0,0.5,0.0,0.0,0.0,0.0,0.0,0.0,0.0,0.0,0.0,0.0,0.0,1.0,0.0,0.0,0.0,0.0,0.0,0.0,750184,2026-04-19 11:30:00,2026
Samsunspor,17.0,5.0,0.0,0.0,1.0,2.0,48.9,14.0,5.0,0.4,0.0,0.0,0.0,0.0,0.0,0.0,0.0,0.0,0.0,0.0,0.0,3.0,0.0,0.0,0.0,0.0,0.0,0.0,Besiktas,4.0,2.0,0.0,0.0,7.0,3.0,51.1,14.0,3.0,0.2,2.0,1.0,0.0,0.0,0.0,0.0,0.0,0.0,0.0,0.0,0.0,6.0,0.0,0.0,0.0,0.0,0.0,0.0,750186,2026-04-19 14:00:00,2026
Trabzonspor,10.0,0.0,0.0,0.0,5.0,1.0,53.1,11.0,2.0,0.2,0.0,0.0,0.0,0.0,0.0,0.0,0.0,0.0,0.0,0.0,0.0,5.0,0.0,0.0,0.0,0.0,0.0,0.0,Istanbul Basaksehir,13.0,2.0,0.0,0.0,8.0,1.0,46.9,17.0,2.0,0.1,0.0,0.0,0.0,0.0,0.0,0.0,0.0,0.0,0.0,0.0,0.0,4.0,0.0,0.0,0.0,0.0,0.0,0.0,750187,2026-04-19 17:00:00,2026
Gaziantep FK,10.0,2.0,0.0,0.0,5.0,7.0,55.0,20.0,6.0,0.3,2.0,1.0,0.0,0.0,0.0,0.0,0.0,0.0,0.0,0.0,0.0,4.0,0.0,0.0,0.0,0.0,0.0,0.0,Kayserispor,11.0,3.0,0.0,0.0,3.0,4.0,45.0,17.0,7.0,0.4,0.0,0.0,0.0,0.0,0.0,0.0,0.0,0.0,0.0,0.0,0.0,3.0,0.0,0.0,0.0,0.0,0.0,0.0,750182,2026-04-20 17:00:00,2026
Istanbul Basaksehir,14.0,3.0,0.0,0.0,6.0,2.0,68.2,14.0,8.0,0.6,0.0,0.0,0.0,0.0,0.0,0.0,0.0,0.0,0.0,0.0,0.0,2.0,0.0,0.0,0.0,0.0,0.0,0.0,Kasimpasa,8.0,1.0,1.0,0.0,2.0,4.0,31.8,5.0,2.0,0.4,0.0,0.0,0.0,0.0,0.0,0.0,0.0,0.0,0.0,0.0,0.0,0.0,0.0,0.0,0.0,0.0,0.0,0.0,750194,2026-04-24 17:00:00,2026
Eyupspor,12.0,2.0,0.0,0.0,6.0,3.0,51.7,14.0,5.0,0.4,0.0,0.0,0.0,0.0,0.0,0.0,0.0,0.0,0.0,0.0,0.0,3.0,0.0,0.0,0.0,0.0,0.0,0.0,Gaziantep FK,12.0,2.0,0.0,0.0,5.0,2.0,48.3,11.0,3.0,0.3,0.0,0.0,0.0,0.0,0.0,0.0,0.0,0.0,0.0,0.0,0.0,3.0,0.0,0.0,0.0,0.0,0.0,0.0,750190,2026-04-25 11:30:00,2026
Kayserispor,15.0,3.0,0.0,0.0,8.0,1.0,42.9,17.0,4.0,0.2,0.0,0.0,0.0,0.0,0.0,0.0,0.0,0.0,0.0,0.0,0.0,7.0,0.0,0.0,0.0,0.0,0.0,0.0,Caykur Rizespor,16.0,2.0,0.0,0.0,6.0,2.0,57.1,12.0,1.0,0.1,0.0,0.0,0.0,0.0,0.0,0.0,0.0,0.0,0.0,0.0,0.0,5.0,0.0,0.0,0.0,0.0,0.0,0.0,750195,2026-04-25 14:00:00,2026
Goztepe,24.0,2.0,0.0,0.0,4.0,4.0,26.6,16.0,8.0,0.5,0.0,0.0,0.0,0.0,0.0,0.0,0.0,0.0,0.0,0.0,0.0,1.0,0.0,0.0,0.0,0.0,0.0,0.0,Antalyaspor,6.0,0.0,0.0,0.0,4.0,6.0,73.4,19.0,4.0,0.2,0.0,0.0,0.0,0.0,0.0,0.0,0.0,0.0,0.0,0.0,0.0,6.0,0.0,0.0,0.0,0.0,0.0,0.0,750193,2026-04-25 17:00:00,2026
Genclerbirligi,14.0,1.0,0.0,0.0,1.0,0.0,35.9,8.0,2.0,0.3,2.0,1.0,0.0,0.0,0.0,0.0,0.0,0.0,0.0,0.0,0.0,2.0,0.0,0.0,0.0,0.0,0.0,0.0,Kocaelispor,12.0,1.0,0.0,0.0,2.0,1.0,64.1,7.0,0.0,0.0,0.0,0.0,0.0,0.0,0.0,0.0,0.0,0.0,0.0,0.0,0.0,2.0,0.0,0.0,0.0,0.0,0.0,0.0,750192,2026-04-26 11:30:00,2026
Galatasaray,16.0,5.0,0.0,0.0,6.0,1.0,63.0,21.0,8.0,0.4,2.0,1.0,0.0,0.0,0.0,0.0,0.0,0.0,0.0,0.0,0.0,6.0,0.0,0.0,0.0,0.0,0.0,0.0,Fenerbahce,13.0,4.0,1.0,0.0,4.0,5.0,37.0,5.0,1.0,0.2,0.0,1.0,0.0,0.0,0.0,0.0,0.0,0.0,0.0,0.0,0.0,1.0,0.0,0.0,0.0,0.0,0.0,0.0,750191,2026-04-26 17:00:00,2026
Alanyaspor,11.0,2.0,0.0,0.0,12.0,3.0,48.4,17.0,5.0,0.3,0.0,0.0,0.0,0.0,0.0,0.0,0.0,0.0,0.0,0.0,0.0,3.0,0.0,0.0,0.0,0.0,0.0,0.0,Samsunspor,18.0,3.0,0.0,0.0,5.0,3.0,51.6,12.0,7.0,0.6,0.0,0.0,0.0,0.0,0.0,0.0,0.0,0.0,0.0,0.0,0.0,4.0,0.0,0.0,0.0,0.0,0.0,0.0,750188,2026-04-27 14:00:00,2026
Besiktas,12.0,2.0,0.0,0.0,5.0,3.0,70.4,20.0,7.0,0.4,0.0,0.0,0.0,0.0,0.0,0.0,0.0,0.0,0.0,0.0,0.0,5.0,0.0,0.0,0.0,0.0,0.0,0.0,Fatih Karagümrük,15.0,3.0,0.0,0.0,2.0,7.0,29.6,12.0,3.0,0.3,0.0,0.0,0.0,0.0,0.0,0.0,0.0,0.0,0.0,0.0,0.0,3.0,0.0,0.0,0.0,0.0,0.0,0.0,750189,2026-04-27 17:00:00,2026
Konyaspor,12.0,4.0,0.0,0.0,7.0,2.0,36.1,12.0,6.0,0.5,0.0,0.0,0.0,0.0,0.0,0.0,0.0,0.0,0.0,0.0,0.0,1.0,0.0,0.0,0.0,0.0,0.0,0.0,Trabzonspor,4.0,0.0,0.0,0.0,5.0,4.0,63.9,23.0,3.0,0.1,0.0,0.0,0.0,0.0,0.0,0.0,0.0,0.0,0.0,0.0,0.0,8.0,0.0,0.0,0.0,0.0,0.0,0.0,750196,2026-04-27 17:00:00,2026
Caykur Rizespor,12.0,1.0,0.0,0.0,1.0,3.0,54.8,15.0,7.0,0.5,0.0,0.0,0.0,0.0,0.0,0.0,0.0,0.0,0.0,0.0,0.0,3.0,0.0,0.0,0.0,0.0,0.0,0.0,Konyaspor,17.0,2.0,0.0,0.0,2.0,3.0,45.2,11.0,5.0,0.5,0.0,0.0,0.0,0.0,0.0,0.0,0.0,0.0,0.0,0.0,0.0,2.0,0.0,0.0,0.0,0.0,0.0,0.0,750198,2026-05-01 14:00:00,2026
Gaziantep FK,5.0,1.0,0.0,0.0,8.0,3.0,35.7,17.0,4.0,0.2,0.0,0.0,0.0,0.0,0.0,0.0,0.0,0.0,0.0,0.0,0.0,8.0,0.0,0.0,0.0,0.0,0.0,0.0,Besiktas,15.0,0.0,0.0,0.0,2.0,4.0,64.3,12.0,5.0,0.4,2.0,1.0,0.0,0.0,0.0,0.0,0.0,0.0,0.0,0.0,0.0,3.0,0.0,0.0,0.0,0.0,0.0,0.0,750201,2026-05-01 17:00:00,2026
Samsunspor,15.0,3.0,0.0,0.0,3.0,3.0,54.8,13.0,8.0,0.6,0.0,0.0,0.0,0.0,0.0,0.0,0.0,0.0,0.0,0.0,0.0,0.0,0.0,0.0,0.0,0.0,0.0,0.0,Galatasaray,14.0,0.0,1.0,0.0,6.0,4.0,45.2,14.0,4.0,0.3,0.0,0.0,0.0,0.0,0.0,0.0,0.0,0.0,0.0,0.0,0.0,7.0,0.0,0.0,0.0,0.0,0.0,0.0,750204,2026-05-02 17:00:00,2026
Trabzonspor,14.0,4.0,1.0,0.0,4.0,1.0,57.6,10.0,4.0,0.4,0.0,0.0,0.0,0.0,0.0,0.0,0.0,0.0,0.0,0.0,0.0,2.0,0.0,0.0,0.0,0.0,0.0,0.0,Goztepe,22.0,4.0,0.0,0.0,3.0,3.0,42.4,18.0,2.0,0.1,0.0,0.0,0.0,0.0,0.0,0.0,0.0,0.0,0.0,0.0,0.0,4.0,0.0,0.0,0.0,0.0,0.0,0.0,750205,2026-05-02 17:00:00,2026
Fenerbahce,13.0,2.0,0.0,0.0,10.0,3.0,48.9,22.0,9.0,0.4,0.0,0.0,0.0,0.0,0.0,0.0,0.0,0.0,0.0,0.0,0.0,8.0,0.0,0.0,0.0,0.0,0.0,0.0,Istanbul Basaksehir,3.0,2.0,0.0,0.0,2.0,6.0,51.1,15.0,4.0,0.3,0.0,0.0,0.0,0.0,0.0,0.0,0.0,0.0,0.0,0.0,0.0,3.0,0.0,0.0,0.0,0.0,0.0,0.0,750200,2026-05-02 17:00:00,2026
Kasimpasa,14.0,0.0,0.0,0.0,6.0,0.0,60.1,13.0,4.0,0.3,0.0,0.0,0.0,0.0,0.0,0.0,0.0,0.0,0.0,0.0,0.0,4.0,0.0,0.0,0.0,0.0,0.0,0.0,Kocaelispor,17.0,1.0,0.0,0.0,5.0,3.0,39.9,5.0,1.0,0.2,0.0,0.0,0.0,0.0,0.0,0.0,0.0,0.0,0.0,0.0,0.0,0.0,0.0,0.0,0.0,0.0,0.0,0.0,750202,2026-05-03 17:00:00,2026
Kayserispor,12.0,0.0,0.0,0.0,9.0,3.0,54.3,21.0,5.0,0.2,0.0,0.0,0.0,0.0,0.0,0.0,0.0,0.0,0.0,0.0,0.0,6.0,0.0,0.0,0.0,0.0,0.0,0.0,Eyupspor,16.0,0.0,0.0,0.0,3.0,4.0,45.7,11.0,4.0,0.4,0.0,0.0,0.0,0.0,0.0,0.0,0.0,0.0,0.0,0.0,0.0,2.0,0.0,0.0,0.0,0.0,0.0,0.0,750203,2026-05-03 17:00:00,2026
Antalyaspor,10.0,4.0,0.0,0.0,3.0,2.0,55.7,7.0,1.0,0.1,0.0,0.0,0.0,0.0,0.0,0.0,0.0,0.0,0.0,0.0,0.0,4.0,0.0,0.0,0.0,0.0,0.0,0.0,Alanyaspor,15.0,5.0,0.0,0.0,8.0,1.0,44.3,8.0,2.0,0.3,0.0,0.0,0.0,0.0,0.0,0.0,0.0,0.0,0.0,0.0,0.0,2.0,0.0,0.0,0.0,0.0,0.0,0.0,750197,2026-05-03 17:00:00,2026
Fatih Karagümrük,14.0,2.0,0.0,0.0,1.0,3.0,36.9,6.0,2.0,0.3,0.0,0.0,0.0,0.0,0.0,0.0,0.0,0.0,0.0,0.0,0.0,1.0,0.0,0.0,0.0,0.0,0.0,0.0,Genclerbirligi,9.0,2.0,0.0,0.0,6.0,1.0,63.1,13.0,4.0,0.3,0.0,1.0,0.0,0.0,0.0,0.0,0.0,0.0,0.0,0.0,0.0,0.0,0.0,0.0,0.0,0.0,0.0,0.0,750199,2026-05-03 17:00:00,2026
Alanyaspor,13.0,2.0,0.0,0.0,1.0,8.0,45.8,13.0,8.0,0.6,2.0,1.0,0.0,0.0,0.0,0.0,0.0,0.0,0.0,0.0,0.0,3.0,0.0,0.0,0.0,0.0,0.0,0.0,Kayserispor,15.0,2.0,0.0,0.0,7.0,5.0,54.2,19.0,9.0,0.5,0.0,0.0,0.0,0.0,0.0,0.0,0.0,0.0,0.0,0.0,0.0,4.0,0.0,0.0,0.0,0.0,0.0,0.0,750206,2026-05-09 17:00:00,2026
Kocaelispor,13.0,2.0,0.0,0.0,3.0,0.0,64.8,8.0,0.0,0.0,0.0,0.0,0.0,0.0,0.0,0.0,0.0,0.0,0.0,0.0,0.0,1.0,0.0,0.0,0.0,0.0,0.0,0.0,Fatih Karagümrük,13.0,0.0,0.0,0.0,3.0,0.0,35.2,6.0,1.0,0.2,0.0,0.0,0.0,0.0,0.0,0.0,0.0,0.0,0.0,0.0,0.0,1.0,0.0,0.0,0.0,0.0,0.0,0.0,750213,2026-05-09 17:00:00,2026
Konyaspor,16.0,4.0,0.0,0.0,6.0,8.0,42.6,10.0,2.0,0.2,0.0,0.0,0.0,0.0,0.0,0.0,0.0,0.0,0.0,0.0,0.0,3.0,0.0,0.0,0.0,0.0,0.0,0.0,Fenerbahce,7.0,2.0,0.0,0.0,2.0,2.0,57.4,23.0,11.0,0.5,0.0,0.0,0.0,0.0,0.0,0.0,0.0,0.0,0.0,0.0,0.0,7.0,0.0,0.0,0.0,0.0,0.0,0.0,750214,2026-05-09 17:00:00,2026
Istanbul Basaksehir,13.0,2.0,0.0,0.0,2.0,1.0,39.9,19.0,6.0,0.3,2.0,1.0,0.0,0.0,0.0,0.0,0.0,0.0,0.0,0.0,0.0,2.0,0.0,0.0,0.0,0.0,0.0,0.0,Samsunspor,13.0,2.0,0.0,0.0,5.0,3.0,60.1,9.0,1.0,0.1,0.0,0.0,0.0,0.0,0.0,0.0,0.0,0.0,0.0,0.0,0.0,3.0,0.0,0.0,0.0,0.0,0.0,0.0,750212,2026-05-09 17:00:00,2026
Goztepe,21.0,2.0,0.0,0.0,8.0,1.0,39.3,19.0,6.0,0.3,0.0,0.0,0.0,0.0,0.0,0.0,0.0,0.0,0.0,0.0,0.0,3.0,0.0,0.0,0.0,0.0,0.0,0.0,Gaziantep FK,10.0,2.0,0.0,0.0,7.0,5.0,60.7,14.0,2.0,0.1,0.0,0.0,0.0,0.0,0.0,0.0,0.0,0.0,0.0,0.0,0.0,4.0,0.0,0.0,0.0,0.0,0.0,0.0,750211,2026-05-09 17:00:00,2026
Galatasaray,10.0,4.0,0.0,0.0,6.0,0.0,69.6,23.0,9.0,0.4,2.0,1.0,0.0,0.0,0.0,0.0,0.0,0.0,0.0,0.0,0.0,4.0,0.0,0.0,0.0,0.0,0.0,0.0,Antalyaspor,15.0,3.0,0.0,0.0,1.0,4.0,30.4,8.0,2.0,0.3,0.0,0.0,0.0,0.0,0.0,0.0,0.0,0.0,0.0,0.0,0.0,4.0,0.0,0.0,0.0,0.0,0.0,0.0,750209,2026-05-09 17:00:00,2026
Eyupspor,8.0,0.0,0.0,0.0,3.0,4.0,38.5,11.0,6.0,0.5,2.0,1.0,0.0,0.0,0.0,0.0,0.0,0.0,0.0,0.0,0.0,2.0,0.0,0.0,0.0,0.0,0.0,0.0,Caykur Rizespor,10.0,0.0,0.0,0.0,6.0,2.0,61.5,14.0,4.0,0.3,0.0,0.0,0.0,0.0,0.0,0.0,0.0,0.0,0.0,0.0,0.0,5.0,0.0,0.0,0.0,0.0,0.0,0.0,750208,2026-05-09 17:00:00,2026
Besiktas,12.0,1.0,0.0,0.0,7.0,4.0,63.2,21.0,5.0,0.2,2.0,1.0,0.0,0.0,0.0,0.0,0.0,0.0,0.0,0.0,0.0,7.0,0.0,0.0,0.0,0.0,0.0,0.0,Trabzonspor,13.0,2.0,0.0,0.0,3.0,4.0,36.8,10.0,6.0,0.6,0.0,0.0,0.0,0.0,0.0,0.0,0.0,0.0,0.0,0.0,0.0,0.0,0.0,0.0,0.0,0.0,0.0,0.0,750207,2026-05-09 17:00:00,2026
Genclerbirligi,11.0,4.0,0.0,0.0,5.0,2.0,60.9,14.0,8.0,0.6,2.0,1.0,0.0,0.0,0.0,0.0,0.0,0.0,0.0,0.0,0.0,3.0,0.0,0.0,0.0,0.0,0.0,0.0,Kasimpasa,24.0,10.0,0.0,0.0,4.0,5.0,39.1,10.0,4.0,0.4,2.0,1.0,0.0,0.0,0.0,0.0,0.0,0.0,0.0,0.0,0.0,2.0,0.0,0.0,0.0,0.0,0.0,0.0,750210,2026-05-09 17:00:00,2026
Caykur Rizespor,7.0,2.0,0.0,0.0,8.0,7.0,46.5,22.0,5.0,0.2,0.0,0.0,0.0,0.0,0.0,0.0,0.0,0.0,0.0,0.0,0.0,8.0,0.0,0.0,0.0,0.0,0.0,0.0,Besiktas,11.0,3.0,0.0,0.0,3.0,3.0,53.5,23.0,9.0,0.4,0.0,0.0,0.0,0.0,0.0,0.0,0.0,0.0,0.0,0.0,0.0,7.0,0.0,0.0,0.0,0.0,0.0,0.0,750216,2026-05-15 17:00:00,2026
Fatih Karagümrük,12.0,1.0,0.0,0.0,0.0,3.0,43.7,8.0,4.0,0.5,2.0,1.0,0.0,0.0,0.0,0.0,0.0,0.0,0.0,0.0,0.0,3.0,0.0,0.0,0.0,0.0,0.0,0.0,Alanyaspor,13.0,0.0,0.0,0.0,4.0,2.0,56.3,11.0,4.0,0.4,0.0,0.0,0.0,0.0,0.0,0.0,0.0,0.0,0.0,0.0,0.0,2.0,0.0,0.0,0.0,0.0,0.0,0.0,750217,2026-05-16 14:00:00,2026
Samsunspor,10.0,3.0,0.0,0.0,0.0,5.0,62.2,14.0,9.0,0.6,0.0,0.0,0.0,0.0,0.0,0.0,0.0,0.0,0.0,0.0,0.0,2.0,0.0,0.0,0.0,0.0,0.0,0.0,Goztepe,18.0,3.0,1.0,0.0,4.0,6.0,37.8,22.0,5.0,0.2,0.0,0.0,0.0,0.0,0.0,0.0,0.0,0.0,0.0,0.0,0.0,7.0,0.0,0.0,0.0,0.0,0.0,0.0,750219,2026-05-16 17:00:00,2026
Gaziantep FK,12.0,3.0,0.0,0.0,6.0,2.0,53.1,11.0,5.0,0.5,0.0,0.0,0.0,0.0,0.0,0.0,0.0,0.0,0.0,0.0,0.0,2.0,0.0,0.0,0.0,0.0,0.0,0.0,Istanbul Basaksehir,19.0,2.0,0.0,0.0,3.0,4.0,46.9,9.0,4.0,0.4,2.0,1.0,0.0,0.0,0.0,0.0,0.0,0.0,0.0,0.0,0.0,2.0,0.0,0.0,0.0,0.0,0.0,0.0,750223,2026-05-16 17:00:00,2026
Kayserispor,10.0,0.0,0.0,0.0,4.0,2.0,49.3,15.0,10.0,0.7,0.0,0.0,0.0,0.0,0.0,0.0,0.0,0.0,0.0,0.0,0.0,1.0,0.0,0.0,0.0,0.0,0.0,0.0,Konyaspor,12.0,0.0,1.0,0.0,3.0,8.0,50.7,16.0,3.0,0.2,0.0,0.0,0.0,0.0,0.0,0.0,0.0,0.0,0.0,0.0,0.0,6.0,0.0,0.0,0.0,0.0,0.0,0.0,750221,2026-05-17 14:00:00,2026
Fenerbahce,9.0,5.0,0.0,0.0,6.0,0.0,77.7,19.0,7.0,0.4,0.0,0.0,0.0,0.0,0.0,0.0,0.0,0.0,0.0,0.0,0.0,4.0,0.0,0.0,0.0,0.0,0.0,0.0,Eyupspor,14.0,3.0,0.0,0.0,0.0,4.0,22.3,6.0,3.0,0.5,0.0,0.0,0.0,0.0,0.0,0.0,0.0,0.0,0.0,0.0,0.0,1.0,0.0,0.0,0.0,0.0,0.0,0.0,750218,2026-05-17 17:00:00,2026
Kasimpasa,9.0,0.0,0.0,0.0,2.0,5.0,29.0,5.0,3.0,0.6,0.0,0.0,0.0,0.0,0.0,0.0,0.0,0.0,0.0,0.0,0.0,0.0,0.0,0.0,0.0,0.0,0.0,0.0,Galatasaray,6.0,1.0,0.0,0.0,7.0,2.0,71.0,12.0,5.0,0.4,0.0,0.0,0.0,0.0,0.0,0.0,0.0,0.0,0.0,0.0,0.0,1.0,0.0,0.0,0.0,0.0,0.0,0.0,750220,2026-05-17 17:00:00,2026
Trabzonspor,13.0,1.0,0.0,0.0,5.0,3.0,63.2,11.0,4.0,0.4,0.0,0.0,0.0,0.0,0.0,0.0,0.0,0.0,0.0,0.0,0.0,3.0,0.0,0.0,0.0,0.0,0.0,0.0,Genclerbirligi,14.0,1.0,0.0,0.0,3.0,4.0,36.8,13.0,6.0,0.5,0.0,0.0,0.0,0.0,0.0,0.0,0.0,0.0,0.0,0.0,0.0,3.0,0.0,0.0,0.0,0.0,0.0,0.0,750222,2026-05-17 17:00:00,2026
Antalyaspor,21.0,6.0,0.0,0.0,2.0,1.0,40.8,16.0,5.0,0.3,0.0,0.0,0.0,0.0,0.0,0.0,0.0,0.0,0.0,0.0,0.0,2.0,0.0,0.0,0.0,0.0,0.0,0.0,Kocaelispor,21.0,6.0,0.0,0.0,4.0,4.0,59.2,7.0,1.0,0.1,0.0,0.0,0.0,0.0,0.0,0.0,0.0,0.0,0.0,0.0,0.0,2.0,0.0,0.0,0.0,0.0,0.0,0.0,750215,2026-05-17 17:00:00,2026
Galatasaray,11.0,1.0,0.0,4.0,8.0,1.0,64.4,38.0,13.0,0.3,0.0,0.0,466.0,523.0,0.9,0.0,0.0,0.0,0.0,0.0,0.0,9.0,3.0,7.0,0.4,0.0,0.0,18.0,Çorum FK,6.0,0.0,1.0,4.0,1.0,11.0,35.6,8.0,3.0,0.4,0.0,0.0,215.0,306.0,0.7,0.0,0.0,0.0,0.0,0.0,0.0,2.0,11.0,16.0,0.7,0.0,0.0,52.0,401888391,2026-08-14 18:30:00,2026
Kasimpasa,17.0,2.0,0.0,0.0,3.0,4.0,40.1,9.0,4.0,0.4,0.0,0.0,261.0,333.0,0.8,0.0,0.0,0.0,0.0,0.0,0.0,1.0,11.0,18.0,0.6,0.0,0.0,32.0,Trabzonspor,9.0,0.0,0.0,2.0,10.0,3.0,59.9,13.0,5.0,0.4,0.0,0.0,418.0,488.0,0.9,0.0,0.0,0.0,0.0,0.0,0.0,3.0,9.0,14.0,0.6,0.0,0.0,15.0,401888325,2026-08-15 16:00:00,2026
Konyaspor,12.0,1.0,0.0,0.0,1.0,4.0,43.2,7.0,3.0,0.4,0.0,0.0,302.0,374.0,0.8,0.0,0.0,0.0,0.0,0.0,0.0,0.0,11.0,19.0,0.6,0.0,0.0,24.0,Caykur Rizespor,11.0,4.0,0.0,2.0,7.0,3.0,56.8,14.0,5.0,0.4,0.0,0.0,426.0,481.0,0.9,0.0,0.0,0.0,0.0,0.0,0.0,5.0,5.0,9.0,0.6,0.0,0.0,19.0,401888322,2026-08-15 16:00:00,2026
Gaziantep FK,14.0,3.0,0.0,3.0,0.0,1.0,61.1,13.0,5.0,0.4,0.0,0.0,464.0,542.0,0.9,0.0,0.0,0.0,0.0,0.0,0.0,2.0,9.0,14.0,0.6,0.0,0.0,19.0,Alanyaspor,21.0,3.0,0.0,4.0,4.0,4.0,38.9,11.0,2.0,0.2,0.0,0.0,265.0,335.0,0.8,0.0,0.0,0.0,0.0,0.0,0.0,2.0,7.0,10.0,0.7,0.0,0.0,11.0,401888326,2026-08-15 18:30:00,2026
Genclerbirligi,7.0,0.0,0.0,0.0,1.0,10.0,28.9,10.0,3.0,0.3,0.0,0.0,213.0,280.0,0.8,0.0,0.0,0.0,0.0,0.0,0.0,1.0,7.0,13.0,0.5,0.0,0.0,39.0,Fenerbahce,10.0,1.0,0.0,2.0,12.0,1.0,71.1,27.0,11.0,0.4,0.0,0.0,609.0,678.0,0.9,0.0,0.0,0.0,0.0,0.0,0.0,8.0,10.0,16.0,0.6,0.0,0.0,6.0,401888323,2026-08-15 18:30:00,2026
Istanbul Basaksehir,14.0,2.0,0.0,0.0,8.0,4.0,50.6,17.0,5.0,0.3,0.0,0.0,400.0,467.0,0.9,0.0,0.0,0.0,0.0,0.0,0.0,4.0,10.0,17.0,0.6,0.0,0.0,20.0,Kocaelispor,14.0,2.0,0.0,3.0,2.0,3.0,49.4,8.0,4.0,0.5,0.0,0.0,389.0,464.0,0.8,0.0,0.0,0.0,0.0,0.0,0.0,2.0,6.0,11.0,0.5,0.0,0.0,29.0,401888324,2026-08-16 16:00:00,2026
Besiktas,20.0,2.0,0.0,4.0,8.0,1.0,66.2,19.0,5.0,0.3,0.0,0.0,461.0,522.0,0.9,0.0,0.0,0.0,0.0,0.0,0.0,7.0,11.0,13.0,0.8,0.0,0.0,14.0,Eyupspor,14.0,1.0,1.0,0.0,2.0,4.0,33.8,4.0,1.0,0.3,0.0,0.0,209.0,270.0,0.8,0.0,0.0,0.0,0.0,0.0,0.0,0.0,13.0,18.0,0.7,0.0,0.0,29.0,401888321,2026-08-16 18:30:00,2026
Amed SFK,10.0,1.0,0.0,1.0,4.0,1.0,46.5,13.0,5.0,0.4,0.0,0.0,385.0,440.0,0.9,0.0,0.0,0.0,0.0,0.0,0.0,2.0,15.0,20.0,0.8,0.0,0.0,17.0,Erzurum BB,12.0,0.0,0.0,0.0,4.0,2.0,53.5,5.0,1.0,0.2,0.0,0.0,438.0,504.0,0.9,0.0,0.0,0.0,0.0,0.0,0.0,0.0,10.0,17.0,0.6,0.0,0.0,15.0,401888392,2026-08-16 18:30:00,2026
Samsunspor,8.0,1.0,0.0,1.0,4.0,4.0,69.3,21.0,3.0,0.1,0.0,0.0,414.0,516.0,0.8,0.0,0.0,0.0,0.0,0.0,0.0,11.0,11.0,17.0,0.6,0.0,0.0,31.0,Goztepe,13.0,4.0,0.0,1.0,8.0,0.0,30.7,20.0,7.0,0.4,0.0,0.0,138.0,232.0,0.6,0.0,0.0,0.0,0.0,0.0,0.0,7.0,8.0,14.0,0.6,0.0,0.0,36.0,401888320,2026-08-17 18:30:00,2026
Erzurum BB,11.0,1.0,0.0,2.0,2.0,0.0,48.2,12.0,4.0,0.3,0.0,0.0,442.0,505.0,0.9,0.0,0.0,0.0,0.0,0.0,0.0,5.0,7.0,16.0,0.4,0.0,0.0,14.0,Galatasaray,12.0,0.0,0.0,3.0,2.0,4.0,51.8,10.0,4.0,0.4,0.0,0.0,483.0,537.0,0.9,0.0,0.0,0.0,0.0,0.0,0.0,2.0,14.0,19.0,0.7,0.0,0.0,6.0,401888313,2026-08-21 18:30:00,2026
Çorum FK,12.0,1.0,0.0,1.0,7.0,0.0,74.9,16.0,2.0,0.1,0.0,0.0,656.0,719.0,0.9,0.0,0.0,0.0,0.0,0.0,0.0,5.0,3.0,7.0,0.4,0.0,0.0,7.0,Kasimpasa,13.0,3.0,0.0,0.0,1.0,2.0,25.1,6.0,1.0,0.2,0.0,0.0,176.0,246.0,0.7,0.0,0.0,0.0,0.0,0.0,0.0,0.0,10.0,17.0,0.6,0.0,0.0,43.0,401888390,2026-08-22 16:00:00,2026
Caykur Rizespor,13.0,1.0,0.0,1.0,10.0,1.0,60.1,28.0,8.0,0.3,0.0,0.0,460.0,520.0,0.9,0.0,0.0,0.0,0.0,0.0,0.0,8.0,4.0,11.0,0.4,0.0,0.0,11.0,Samsunspor,11.0,1.0,0.0,0.0,1.0,8.0,39.9,6.0,3.0,0.5,0.0,0.0,284.0,365.0,0.8,0.0,0.0,0.0,0.0,0.0,0.0,1.0,9.0,11.0,0.8,0.0,0.0,37.0,401888316,2026-08-22 16:00:00,2026
Fenerbahce,11.0,0.0,0.0,1.0,7.0,6.0,48.7,20.0,9.0,0.5,0.0,0.0,377.0,416.0,0.9,0.0,0.0,0.0,0.0,0.0,0.0,4.0,14.0,20.0,0.7,0.0,0.0,9.0,Konyaspor,10.0,3.0,0.0,2.0,3.0,5.0,51.3,17.0,8.0,0.5,0.0,0.0,401.0,446.0,0.9,0.0,0.0,0.0,0.0,0.0,0.0,2.0,9.0,13.0,0.7,0.0,0.0,16.0,401888314,2026-08-22 18:30:00,2026
Eyupspor,16.0,0.0,0.0,0.0,4.0,1.0,55.5,12.0,1.0,0.1,0.0,0.0,372.0,437.0,0.9,0.0,0.0,0.0,0.0,0.0,0.0,4.0,5.0,9.0,0.6,0.0,0.0,19.0,Gaziantep FK,17.0,1.0,1.0,5.0,2.0,1.0,44.5,9.0,2.0,0.2,0.0,0.0,292.0,357.0,0.8,0.0,0.0,0.0,0.0,0.0,0.0,3.0,12.0,23.0,0.5,0.0,0.0,32.0,401888318,2026-08-23 16:00:00,2026
Trabzonspor,13.0,3.0,0.0,4.0,5.0,3.0,52.4,19.0,8.0,0.4,0.0,0.0,419.0,476.0,0.9,0.0,0.0,0.0,0.0,0.0,0.0,4.0,8.0,14.0,0.6,0.0,0.0,21.0,Istanbul Basaksehir,18.0,4.0,0.0,0.0,1.0,7.0,47.6,12.0,4.0,0.3,0.0,0.0,360.0,422.0,0.9,0.0,0.0,0.0,0.0,0.0,0.0,3.0,13.0,13.0,1.0,0.0,0.0,14.0,401888319,2026-08-23 16:00:00,2026
Goztepe,15.0,1.0,0.0,1.0,6.0,1.0,51.2,16.0,6.0,0.4,0.0,0.0,259.0,356.0,0.7,0.0,0.0,0.0,0.0,0.0,0.0,0.0,10.0,13.0,0.8,0.0,0.0,24.0,Genclerbirligi,12.0,2.0,0.0,1.0,5.0,6.0,48.8,10.0,2.0,0.2,0.0,0.0,266.0,358.0,0.7,0.0,0.0,0.0,0.0,0.0,0.0,5.0,10.0,15.0,0.7,0.0,0.0,65.0,401888315,2026-08-23 18:30:00,2026
Alanyaspor,14.0,0.0,0.0,2.0,7.0,6.0,34.9,9.0,3.0,0.3,0.0,0.0,214.0,292.0,0.7,0.0,0.0,0.0,0.0,0.0,0.0,5.0,8.0,12.0,0.7,0.0,0.0,26.0,Besiktas,14.0,0.0,0.0,3.0,7.0,2.0,65.1,14.0,6.0,0.4,0.0,0.0,482.0,556.0,0.9,0.0,0.0,0.0,0.0,0.0,0.0,4.0,8.0,10.0,0.8,0.0,0.0,14.0,401888317,2026-08-23 18:30:00,2026
Kocaelispor,9.0,0.0,0.0,1.0,3.0,1.0,44.2,11.0,3.0,0.3,0.0,0.0,293.0,377.0,0.8,0.0,0.0,0.0,0.0,0.0,0.0,3.0,10.0,15.0,0.7,0.0,0.0,32.0,Amed SFK,16.0,2.0,0.0,1.0,7.0,1.0,55.8,12.0,1.0,0.1,0.0,0.0,390.0,465.0,0.8,0.0,0.0,0.0,0.0,0.0,0.0,6.0,12.0,19.0,0.6,0.0,0.0,15.0,401888389,2026-08-24 18:30:00,2026
Genclerbirligi,15.0,3.0,0.0,2.0,3.0,3.0,47.6,16.0,5.0,0.3,0.0,0.0,320.0,403.0,0.8,0.0,0.0,0.0,0.0,0.0,0.0,5.0,10.0,13.0,0.8,0.0,0.0,30.0,Erzurum BB,11.0,3.0,0.0,1.0,5.0,3.0,52.4,9.0,4.0,0.4,0.0,0.0,365.0,454.0,0.8,0.0,0.0,0.0,0.0,0.0,0.0,1.0,11.0,15.0,0.7,0.0,0.0,21.0,401888309,2026-08-28 18:30:00,2026
Konyaspor,16.0,1.0,1.0,0.0,1.0,6.0,44.2,10.0,0.0,0.0,0.0,0.0,322.0,400.0,0.8,0.0,0.0,0.0,0.0,0.0,0.0,1.0,8.0,15.0,0.5,0.0,0.0,22.0,Kocaelispor,12.0,3.0,0.0,1.0,4.0,0.0,55.8,15.0,7.0,0.5,0.0,0.0,431.0,493.0,0.9,0.0,0.0,0.0,0.0,0.0,0.0,3.0,10.0,17.0,0.6,0.0,0.0,20.0,401888308,2026-08-29 16:00:00,2026
Galatasaray,5.0,2.0,0.0,2.0,6.0,2.0,66.9,34.0,11.0,0.3,0.0,0.0,393.0,468.0,0.8,0.0,0.0,0.0,0.0,0.0,0.0,5.0,3.0,3.0,1.0,0.0,0.0,46.0,Goztepe,12.0,2.0,0.0,6.0,2.0,8.0,33.1,9.0,4.0,0.4,0.0,0.0,143.0,234.0,0.6,0.0,0.0,0.0,0.0,0.0,0.0,2.0,9.0,14.0,0.6,0.0,0.0,39.0,401888307,2026-08-29 18:30:00,2026
Gaziantep FK,10.0,1.0,0.0,2.0,8.0,2.0,55.7,16.0,4.0,0.3,0.0,0.0,405.0,491.0,0.8,0.0,0.0,0.0,0.0,0.0,0.0,8.0,3.0,11.0,0.3,0.0,0.0,12.0,Caykur Rizespor,17.0,2.0,0.0,2.0,0.0,4.0,44.3,10.0,4.0,0.4,0.0,0.0,326.0,402.0,0.8,0.0,0.0,0.0,0.0,0.0,0.0,2.0,12.0,18.0,0.7,0.0,0.0,33.0,401888312,2026-08-29 18:30:00,2026
Eyupspor,16.0,3.0,0.0,1.0,1.0,1.0,62.7,11.0,4.0,0.4,0.0,0.0,418.0,484.0,0.9,0.0,0.0,0.0,0.0,0.0,0.0,2.0,0.0,2.0,0.0,0.0,0.0,18.0,Alanyaspor,22.0,1.0,0.0,3.0,2.0,2.0,37.3,7.0,2.0,0.3,0.0,0.0,225.0,291.0,0.8,0.0,0.0,0.0,0.0,0.0,0.0,2.0,4.0,8.0,0.5,0.0,0.0,23.0,401888311,2026-08-30 16:00:00,2026
Istanbul Basaksehir,11.0,3.0,0.0,2.0,5.0,2.0,64.3,12.0,2.0,0.2,0.0,0.0,562.0,640.0,0.9,0.0,0.0,0.0,0.0,0.0,0.0,3.0,5.0,9.0,0.6,0.0,0.0,15.0,Kasimpasa,13.0,1.0,0.0,3.0,3.0,1.0,35.7,12.0,3.0,0.3,0.0,0.0,277.0,361.0,0.8,0.0,0.0,0.0,0.0,0.0,0.0,3.0,8.0,12.0,0.7,0.0,0.0,26.0,401888310,2026-08-30 18:30:00,2026
Samsunspor,13.0,0.0,0.0,3.0,1.0,5.0,58.2,6.0,0.0,0.0,0.0,0.0,495.0,552.0,0.9,0.0,0.0,0.0,0.0,0.0,0.0,3.0,3.0,9.0,0.3,0.0,0.0,18.0,Fenerbahce,18.0,1.0,0.0,2.0,6.0,0.0,41.8,15.0,7.0,0.5,0.0,0.0,345.0,404.0,0.9,0.0,0.0,0.0,0.0,0.0,0.0,2.0,14.0,20.0,0.7,0.0,0.0,23.0,401888306,2026-08-30 18:30:00,2026
Besiktas,9.0,2.0,0.0,5.0,8.0,1.0,51.6,18.0,7.0,0.4,0.0,0.0,344.0,408.0,0.8,0.0,0.0,0.0,0.0,0.0,0.0,6.0,12.0,16.0,0.8,0.0,0.0,16.0,Çorum FK,11.0,3.0,0.0,4.0,6.0,1.0,48.4,11.0,3.0,0.3,0.0,0.0,327.0,388.0,0.8,0.0,0.0,0.0,0.0,0.0,0.0,5.0,13.0,19.0,0.7,0.0,0.0,25.0,401888387,2026-08-31 18:30:00,2026
Amed SFK,18.0,5.0,0.0,4.0,2.0,4.0,40.1,17.0,7.0,0.4,0.0,0.0,275.0,352.0,0.8,0.0,0.0,0.0,0.0,0.0,0.0,2.0,12.0,20.0,0.6,0.0,0.0,27.0,Trabzonspor,10.0,3.0,0.0,3.0,5.0,5.0,59.9,8.0,5.0,0.6,0.0,0.0,452.0,528.0,0.9,0.0,0.0,0.0,0.0,0.0,0.0,2.0,8.0,14.0,0.6,0.0,0.0,17.0,401888388,2026-08-31 18:30:00,2026
Istanbul Basaksehir,0.0,2.0,1.0,0.0,0.0,0.0,0.0,0.0,0.0,0.0,0.0,0.0,0.0,0.0,0.0,0.0,0.0,0.0,0.0,0.0,0.0,0.0,0.0,5.0,0.0,0.0,0.0,0.0,Galatasaray,0.0,3.0,0.0,0.0,0.0,0.0,0.0,0.0,0.0,0.0,0.0,0.0,0.0,0.0,0.0,0.0,0.0,0.0,0.0,0.0,0.0,0.0,0.0,9.0,0.0,0.0,0.0,0.0,401888304,2026-09-04 17:00:00,2026
Erzurum BB,0.0,1.0,0.0,0.0,0.0,0.0,0.0,0.0,0.0,0.0,0.0,0.0,0.0,0.0,0.0,0.0,0.0,0.0,0.0,0.0,0.0,0.0,0.0,8.0,0.0,0.0,0.0,0.0,Konyaspor,0.0,4.0,0.0,0.0,0.0,0.0,0.0,0.0,0.0,0.0,0.0,0.0,0.0,0.0,0.0,0.0,0.0,0.0,0.0,0.0,0.0,0.0,0.0,6.0,0.0,0.0,0.0,0.0,401888299,2026-09-05 14:00:00,2026
Fenerbahce,0.0,4.0,0.0,0.0,0.0,0.0,0.0,0.0,0.0,0.0,0.0,0.0,0.0,0.0,0.0,0.0,0.0,0.0,0.0,0.0,0.0,0.0,0.0,16.0,0.0,0.0,0.0,0.0,Besiktas,0.0,3.0,0.0,0.0,0.0,0.0,0.0,0.0,0.0,0.0,0.0,0.0,0.0,0.0,0.0,0.0,0.0,0.0,0.0,0.0,0.0,0.0,0.0,16.0,0.0,0.0,0.0,0.0,401888301,2026-09-05 17:00:00,2026
Kasimpasa,0.0,5.0,0.0,0.0,0.0,0.0,0.0,0.0,0.0,0.0,0.0,0.0,0.0,0.0,0.0,0.0,0.0,0.0,0.0,0.0,0.0,0.0,0.0,25.0,0.0,0.0,0.0,0.0,Amed SFK,0.0,2.0,0.0,0.0,0.0,0.0,0.0,0.0,0.0,0.0,0.0,0.0,0.0,0.0,0.0,0.0,0.0,0.0,0.0,0.0,0.0,0.0,0.0,13.0,0.0,0.0,0.0,0.0,401888386,2026-09-06 14:00:00,2026
Çorum FK,0.0,1.0,0.0,0.0,0.0,0.0,0.0,0.0,0.0,0.0,0.0,0.0,0.0,0.0,0.0,0.0,0.0,0.0,0.0,0.0,0.0,0.0,0.0,16.0,0.0,0.0,0.0,0.0,Eyupspor,0.0,2.0,0.0,0.0,0.0,0.0,0.0,0.0,0.0,0.0,0.0,0.0,0.0,0.0,0.0,0.0,0.0,0.0,0.0,0.0,0.0,0.0,0.0,10.0,0.0,0.0,0.0,0.0,401888385,2026-09-06 14:00:00,2026
Trabzonspor,0.0,3.0,0.0,0.0,0.0,0.0,0.0,0.0,0.0,0.0,0.0,0.0,0.0,0.0,0.0,0.0,0.0,0.0,0.0,0.0,0.0,0.0,0.0,13.0,0.0,0.0,0.0,0.0,Genclerbirligi,0.0,1.0,0.0,0.0,0.0,0.0,0.0,0.0,0.0,0.0,0.0,0.0,0.0,0.0,0.0,0.0,0.0,0.0,0.0,0.0,0.0,0.0,0.0,20.0,0.0,0.0,0.0,0.0,401888305,2026-09-06 17:00:00,2026
Kocaelispor,0.0,1.0,0.0,0.0,0.0,0.0,0.0,0.0,0.0,0.0,0.0,0.0,0.0,0.0,0.0,0.0,0.0,0.0,0.0,0.0,0.0,0.0,0.0,13.0,0.0,0.0,0.0,0.0,Samsunspor,0.0,0.0,0.0,0.0,0.0,0.0,0.0,0.0,0.0,0.0,0.0,0.0,0.0,0.0,0.0,0.0,0.0,0.0,0.0,0.0,0.0,0.0,0.0,16.0,0.0,0.0,0.0,0.0,401888300,2026-09-06 17:00:00,2026
Goztepe,4.0,3.0,1.0,1.0,1.0,0.0,53.3,2.0,0.0,0.0,0.0,0.0,62.0,92.0,0.7,0.0,0.0,0.0,0.0,0.0,0.0,1.0,2.0,14.0,1.0,0.0,0.0,5.0,Gaziantep FK,2.0,2.0,0.0,0.0,1.0,0.0,46.7,3.0,2.0,0.7,0.0,0.0,57.0,80.0,0.7,0.0,0.0,0.0,0.0,0.0,0.0,1.0,1.0,22.0,0.3,0.0,0.0,17.0,401888302,2026-09-07 17:00:00,2026
Caykur Rizespor,0.0,1.0,0.0,0.0,0.0,0.0,0.0,0.0,0.0,0.0,0.0,0.0,0.0,0.0,0.0,0.0,0.0,0.0,0.0,0.0,0.0,0.0,0.0,15.0,0.0,0.0,0.0,0.0,Alanyaspor,0.0,1.0,0.0,0.0,0.0,0.0,0.0,0.0,0.0,0.0,0.0,0.0,0.0,0.0,0.0,0.0,0.0,0.0,0.0,0.0,0.0,0.0,0.0,17.0,0.0,0.0,0.0,0.0,401888303,2026-09-07 17:00:00,2026
