event_id,fecha,temporada,local_id,visita_id,local,visita,goles_local,goles_visita,estado,status_name
580796,2021-01-02 13:30:00,2021,19267,20070,Erzurum BB,Gaziantep FK,1,1,post,STATUS_FULL_TIME
580794,2021-01-02 13:30:00,2021,3691,2576,Sivasspor,Denizlispor,2,2,post,STATUS_FULL_TIME
580798,2021-01-02 16:00:00,2021,9078,7914,Alanyaspor,Istanbul Basaksehir,3,0,post,STATUS_FULL_TIME
580801,2021-01-02 16:00:00,2021,2429,18790,Ankaragucu,Yeni Malatyaspor,3,1,post,STATUS_FULL_TIME
580792,2021-01-02 19:00:00,2021,432,3794,Galatasaray,Antalyaspor,0,0,post,STATUS_FULL_TIME
580799,2021-01-02 19:00:00,2021,20737,7648,Hatayspor,Konyaspor,2,1,post,STATUS_FULL_TIME
580797,2021-01-03 13:30:00,2021,7656,996,Caykur Rizespor,Genclerbirligi,1,1,post,STATUS_FULL_TIME
580800,2021-01-03 16:00:00,2021,20736,997,Fatih Karagümrük,Trabzonspor,1,2,post,STATUS_FULL_TIME
580793,2021-01-03 19:00:00,2021,3643,1895,Kayserispor,Besiktas,0,2,post,STATUS_FULL_TIME
580795,2021-01-04 19:00:00,2021,6870,436,Kasimpasa,Fenerbahce,0,3,post,STATUS_FULL_TIME
580783,2021-01-05 16:00:00,2021,20070,2429,Gaziantep FK,Ankaragucu,2,0,post,STATUS_FULL_TIME
580791,2021-01-05 16:00:00,2021,18790,3691,Yeni Malatyaspor,Sivasspor,2,2,post,STATUS_FULL_TIME
580787,2021-01-05 19:00:00,2021,7648,432,Konyaspor,Galatasaray,4,3,post,STATUS_FULL_TIME
580790,2021-01-06 13:30:00,2021,2576,3643,Denizlispor,Kayserispor,0,1,post,STATUS_FULL_TIME
580788,2021-01-06 16:00:00,2021,997,789,Trabzonspor,Goztepe,1,0,post,STATUS_FULL_TIME
580785,2021-01-06 16:00:00,2021,7914,19267,Istanbul Basaksehir,Erzurum BB,1,0,post,STATUS_FULL_TIME
580789,2021-01-06 16:00:00,2021,996,20737,Genclerbirligi,Hatayspor,3,1,post,STATUS_FULL_TIME
580786,2021-01-06 19:00:00,2021,3794,20736,Antalyaspor,Fatih Karagümrük,3,1,post,STATUS_FULL_TIME
580784,2021-01-06 19:00:00,2021,1895,7656,Besiktas,Caykur Rizespor,6,0,post,STATUS_FULL_TIME
580782,2021-01-07 19:00:00,2021,436,9078,Fenerbahce,Alanyaspor,2,1,post,STATUS_FULL_TIME
580776,2021-01-09 13:30:00,2021,3691,20070,Sivasspor,Gaziantep FK,2,1,post,STATUS_FULL_TIME
580772,2021-01-09 16:00:00,2021,789,3794,Goztepe,Antalyaspor,0,1,post,STATUS_FULL_TIME
580781,2021-01-09 16:00:00,2021,3643,18790,Kayserispor,Yeni Malatyaspor,1,0,post,STATUS_FULL_TIME
580777,2021-01-09 19:00:00,2021,432,996,Galatasaray,Genclerbirligi,6,0,post,STATUS_FULL_TIME
580780,2021-01-10 13:30:00,2021,20736,7648,Fatih Karagümrük,Konyaspor,2,1,post,STATUS_FULL_TIME
580778,2021-01-10 16:00:00,2021,2429,7914,Ankaragucu,Istanbul Basaksehir,1,2,post,STATUS_FULL_TIME
580774,2021-01-10 16:00:00,2021,7656,2576,Caykur Rizespor,Denizlispor,1,1,post,STATUS_FULL_TIME
580773,2021-01-10 19:00:00,2021,20737,1895,Hatayspor,Besiktas,2,2,post,STATUS_FULL_TIME
580775,2021-01-11 16:00:00,2021,19267,436,Erzurum BB,Fenerbahce,0,3,post,STATUS_FULL_TIME
580779,2021-01-11 19:00:00,2021,9078,6870,Alanyaspor,Kasimpasa,1,2,post,STATUS_FULL_TIME
580765,2021-01-15 19:00:00,2021,996,20736,Genclerbirligi,Fatih Karagümrük,1,3,post,STATUS_FULL_TIME
580767,2021-01-16 13:30:00,2021,7648,789,Konyaspor,Goztepe,2,3,post,STATUS_FULL_TIME
580770,2021-01-16 16:00:00,2021,7914,3691,Istanbul Basaksehir,Sivasspor,1,1,post,STATUS_FULL_TIME
580769,2021-01-16 16:00:00,2021,20070,3643,Gaziantep FK,Kayserispor,2,1,post,STATUS_FULL_TIME
580771,2021-01-16 19:00:00,2021,3794,997,Antalyaspor,Trabzonspor,1,1,post,STATUS_FULL_TIME
580768,2021-01-17 13:30:00,2021,2576,20737,Denizlispor,Hatayspor,0,2,post,STATUS_FULL_TIME
580763,2021-01-17 16:00:00,2021,18790,7656,Yeni Malatyaspor,Caykur Rizespor,4,1,post,STATUS_FULL_TIME
580766,2021-01-17 19:00:00,2021,1895,432,Besiktas,Galatasaray,2,0,post,STATUS_FULL_TIME
580762,2021-01-18 19:00:00,2021,436,2429,Fenerbahce,Ankaragucu,3,1,post,STATUS_FULL_TIME
580764,2021-01-18 19:00:00,2021,6870,19267,Kasimpasa,Erzurum BB,1,2,post,STATUS_FULL_TIME
580757,2021-01-19 16:00:00,2021,789,996,Goztepe,Genclerbirligi,4,0,post,STATUS_FULL_TIME
580758,2021-01-19 16:00:00,2021,3643,7914,Kayserispor,Istanbul Basaksehir,2,0,post,STATUS_FULL_TIME
580760,2021-01-19 19:00:00,2021,997,7648,Trabzonspor,Konyaspor,3,1,post,STATUS_FULL_TIME
580756,2021-01-20 16:00:00,2021,7656,20070,Caykur Rizespor,Gaziantep FK,3,0,post,STATUS_FULL_TIME
580761,2021-01-20 16:00:00,2021,20737,18790,Hatayspor,Yeni Malatyaspor,1,2,post,STATUS_FULL_TIME
580754,2021-01-20 19:00:00,2021,432,2576,Galatasaray,Denizlispor,6,1,post,STATUS_FULL_TIME
580752,2021-01-21 16:00:00,2021,19267,9078,Erzurum BB,Alanyaspor,1,1,post,STATUS_FULL_TIME
580753,2021-01-21 16:00:00,2021,20736,1895,Fatih Karagümrük,Besiktas,1,4,post,STATUS_FULL_TIME
580755,2021-01-21 19:00:00,2021,3691,436,Sivasspor,Fenerbahce,1,1,post,STATUS_FULL_TIME
580759,2021-01-21 19:00:00,2021,2429,6870,Ankaragucu,Kasimpasa,1,0,post,STATUS_FULL_TIME
580751,2021-01-23 16:00:00,2021,996,997,Genclerbirligi,Trabzonspor,1,2,post,STATUS_FULL_TIME
580744,2021-01-23 19:00:00,2021,7914,7656,Istanbul Basaksehir,Caykur Rizespor,1,1,post,STATUS_FULL_TIME
580743,2021-01-24 13:30:00,2021,7648,3794,Konyaspor,Antalyaspor,0,0,post,STATUS_FULL_TIME
580745,2021-01-24 16:00:00,2021,2576,20736,Denizlispor,Fatih Karagümrük,1,2,post,STATUS_FULL_TIME
580746,2021-01-24 16:00:00,2021,18790,432,Yeni Malatyaspor,Galatasaray,0,1,post,STATUS_FULL_TIME
580747,2021-01-24 19:00:00,2021,1895,789,Besiktas,Goztepe,2,1,post,STATUS_FULL_TIME
580748,2021-01-24 19:00:00,2021,20070,20737,Gaziantep FK,Hatayspor,1,1,post,STATUS_FULL_TIME
580750,2021-01-25 16:00:00,2021,6870,3691,Kasimpasa,Sivasspor,2,0,post,STATUS_FULL_TIME
580742,2021-01-25 19:00:00,2021,9078,2429,Alanyaspor,Ankaragucu,4,3,post,STATUS_FULL_TIME
580749,2021-01-25 19:00:00,2021,436,3643,Fenerbahce,Kayserispor,3,0,post,STATUS_FULL_TIME
580735,2021-01-29 16:00:00,2021,18790,20736,Yeni Malatyaspor,Fatih Karagümrük,0,0,post,STATUS_FULL_TIME
580736,2021-01-29 19:00:00,2021,20070,432,Gaziantep FK,Galatasaray,1,2,post,STATUS_FULL_TIME
580739,2021-01-30 13:30:00,2021,6870,3643,Kasimpasa,Kayserispor,0,1,post,STATUS_FULL_TIME
580738,2021-01-30 16:00:00,2021,7914,20737,Istanbul Basaksehir,Hatayspor,1,5,post,STATUS_FULL_TIME
580734,2021-01-30 19:00:00,2021,436,7656,Fenerbahce,Caykur Rizespor,1,0,post,STATUS_FULL_TIME
580732,2021-01-31 13:30:00,2021,19267,2429,Erzurum BB,Ankaragucu,1,0,post,STATUS_FULL_TIME
580733,2021-01-31 16:00:00,2021,996,3794,Genclerbirligi,Antalyaspor,0,1,post,STATUS_FULL_TIME
580740,2021-01-31 16:00:00,2021,9078,3691,Alanyaspor,Sivasspor,3,1,post,STATUS_FULL_TIME
580737,2021-01-31 16:00:00,2021,2576,789,Denizlispor,Goztepe,2,1,post,STATUS_FULL_TIME
580741,2021-01-31 19:00:00,2021,1895,997,Besiktas,Trabzonspor,1,2,post,STATUS_FULL_TIME
580726,2021-02-02 16:00:00,2021,20737,436,Hatayspor,Fenerbahce,1,2,post,STATUS_FULL_TIME
580730,2021-02-02 19:00:00,2021,7656,6870,Caykur Rizespor,Kasimpasa,1,1,post,STATUS_FULL_TIME
580729,2021-02-02 19:00:00,2021,432,7914,Galatasaray,Istanbul Basaksehir,3,0,post,STATUS_FULL_TIME
580725,2021-02-03 13:30:00,2021,3691,19267,Sivasspor,Erzurum BB,0,0,post,STATUS_FULL_TIME
580727,2021-02-03 16:00:00,2021,20736,20070,Fatih Karagümrük,Gaziantep FK,2,0,post,STATUS_FULL_TIME
580722,2021-02-03 16:00:00,2021,3643,9078,Kayserispor,Alanyaspor,1,1,post,STATUS_FULL_TIME
580723,2021-02-03 19:00:00,2021,3794,1895,Antalyaspor,Besiktas,1,1,post,STATUS_FULL_TIME
580728,2021-02-03 19:00:00,2021,7648,996,Konyaspor,Genclerbirligi,0,0,post,STATUS_FULL_TIME
580731,2021-02-04 16:00:00,2021,789,18790,Goztepe,Yeni Malatyaspor,2,2,post,STATUS_FULL_TIME
580724,2021-02-04 19:00:00,2021,997,2576,Trabzonspor,Denizlispor,1,0,post,STATUS_FULL_TIME
580717,2021-02-06 13:30:00,2021,6870,20737,Kasimpasa,Hatayspor,1,4,post,STATUS_FULL_TIME
580713,2021-02-06 16:00:00,2021,9078,7656,Alanyaspor,Caykur Rizespor,2,1,post,STATUS_FULL_TIME
580714,2021-02-06 16:00:00,2021,7914,20736,Istanbul Basaksehir,Fatih Karagümrük,0,1,post,STATUS_FULL_TIME
580715,2021-02-06 19:00:00,2021,436,432,Fenerbahce,Galatasaray,0,1,post,STATUS_FULL_TIME
580718,2021-02-07 13:30:00,2021,19267,3643,Erzurum BB,Kayserispor,1,1,post,STATUS_FULL_TIME
580720,2021-02-07 16:00:00,2021,2429,3691,Ankaragucu,Sivasspor,1,4,post,STATUS_FULL_TIME
580712,2021-02-07 16:00:00,2021,2576,3794,Denizlispor,Antalyaspor,1,1,post,STATUS_FULL_TIME
580719,2021-02-07 19:00:00,2021,1895,7648,Besiktas,Konyaspor,1,0,post,STATUS_FULL_TIME
580716,2021-02-08 16:00:00,2021,20070,789,Gaziantep FK,Goztepe,2,0,post,STATUS_FULL_TIME
580721,2021-02-08 19:00:00,2021,18790,997,Yeni Malatyaspor,Trabzonspor,0,2,post,STATUS_FULL_TIME
580706,2021-02-12 19:00:00,2021,7656,19267,Caykur Rizespor,Erzurum BB,0,2,post,STATUS_FULL_TIME
580703,2021-02-13 13:30:00,2021,3643,2429,Kayserispor,Ankaragucu,0,0,post,STATUS_FULL_TIME
580708,2021-02-13 16:00:00,2021,997,20070,Trabzonspor,Gaziantep FK,1,0,post,STATUS_FULL_TIME
580707,2021-02-13 19:00:00,2021,20736,436,Fatih Karagümrük,Fenerbahce,1,2,post,STATUS_FULL_TIME
580705,2021-02-14 13:30:00,2021,7648,2576,Konyaspor,Denizlispor,2,0,post,STATUS_FULL_TIME
580710,2021-02-14 16:00:00,2021,432,6870,Galatasaray,Kasimpasa,2,1,post,STATUS_FULL_TIME
580709,2021-02-14 16:00:00,2021,789,7914,Goztepe,Istanbul Basaksehir,2,1,post,STATUS_FULL_TIME
580702,2021-02-14 16:00:00,2021,20737,9078,Hatayspor,Alanyaspor,0,0,post,STATUS_FULL_TIME
580704,2021-02-15 16:00:00,2021,996,1895,Genclerbirligi,Besiktas,0,3,post,STATUS_FULL_TIME
580711,2021-02-15 19:00:00,2021,3794,18790,Antalyaspor,Yeni Malatyaspor,1,1,post,STATUS_FULL_TIME
580701,2021-02-19 19:00:00,2021,7914,997,Istanbul Basaksehir,Trabzonspor,0,1,post,STATUS_FULL_TIME
580694,2021-02-20 13:30:00,2021,6870,20736,Kasimpasa,Fatih Karagümrük,3,2,post,STATUS_FULL_TIME
580696,2021-02-20 16:00:00,2021,2576,996,Denizlispor,Genclerbirligi,1,0,post,STATUS_FULL_TIME
580700,2021-02-20 16:00:00,2021,18790,7648,Yeni Malatyaspor,Konyaspor,2,3,post,STATUS_FULL_TIME
580695,2021-02-20 19:00:00,2021,9078,432,Alanyaspor,Galatasaray,0,1,post,STATUS_FULL_TIME
580698,2021-02-21 13:30:00,2021,19267,20737,Erzurum BB,Hatayspor,1,3,post,STATUS_FULL_TIME
580692,2021-02-21 16:00:00,2021,20070,3794,Gaziantep FK,Antalyaspor,0,0,post,STATUS_FULL_TIME
580699,2021-02-21 16:00:00,2021,3691,3643,Sivasspor,Kayserispor,2,0,post,STATUS_FULL_TIME
580697,2021-02-21 19:00:00,2021,436,789,Fenerbahce,Goztepe,0,1,post,STATUS_FULL_TIME
580693,2021-02-22 19:00:00,2021,2429,7656,Ankaragucu,Caykur Rizespor,1,1,post,STATUS_FULL_TIME
580691,2021-02-26 16:00:00,2021,996,18790,Genclerbirligi,Yeni Malatyaspor,1,1,post,STATUS_FULL_TIME
580687,2021-02-26 16:00:00,2021,7648,20070,Konyaspor,Gaziantep FK,0,0,post,STATUS_FULL_TIME
580684,2021-02-26 19:00:00,2021,1895,2576,Besiktas,Denizlispor,3,0,post,STATUS_FULL_TIME
580682,2021-02-27 13:30:00,2021,20736,9078,Fatih Karagümrük,Alanyaspor,2,0,post,STATUS_FULL_TIME
580683,2021-02-27 13:30:00,2021,20737,2429,Hatayspor,Ankaragucu,4,1,post,STATUS_FULL_TIME
580690,2021-02-27 16:00:00,2021,7656,3691,Caykur Rizespor,Sivasspor,0,0,post,STATUS_FULL_TIME
580688,2021-02-27 16:00:00,2021,3794,7914,Antalyaspor,Istanbul Basaksehir,0,0,post,STATUS_FULL_TIME
580685,2021-02-27 19:00:00,2021,432,19267,Galatasaray,Erzurum BB,2,0,post,STATUS_FULL_TIME
580689,2021-02-28 16:00:00,2021,789,6870,Goztepe,Kasimpasa,1,0,post,STATUS_FULL_TIME
580686,2021-02-28 19:00:00,2021,997,436,Trabzonspor,Fenerbahce,0,1,post,STATUS_FULL_TIME
580677,2021-03-02 16:00:00,2021,20070,996,Gaziantep FK,Genclerbirligi,2,1,post,STATUS_FULL_TIME
580673,2021-03-02 19:00:00,2021,18790,1895,Yeni Malatyaspor,Besiktas,0,1,post,STATUS_FULL_TIME
580675,2021-03-03 13:30:00,2021,19267,20736,Erzurum BB,Fatih Karagümrük,2,2,post,STATUS_FULL_TIME
580680,2021-03-03 16:00:00,2021,7914,7648,Istanbul Basaksehir,Konyaspor,1,1,post,STATUS_FULL_TIME
580679,2021-03-03 16:00:00,2021,3691,20737,Sivasspor,Hatayspor,1,1,post,STATUS_FULL_TIME
580676,2021-03-03 19:00:00,2021,2429,432,Ankaragucu,Galatasaray,2,1,post,STATUS_FULL_TIME
580674,2021-03-03 19:00:00,2021,3643,7656,Kayserispor,Caykur Rizespor,2,1,post,STATUS_FULL_TIME
580678,2021-03-04 16:00:00,2021,9078,789,Alanyaspor,Goztepe,1,1,post,STATUS_FULL_TIME
580681,2021-03-04 16:00:00,2021,6870,997,Kasimpasa,Trabzonspor,1,2,post,STATUS_FULL_TIME
580672,2021-03-04 19:00:00,2021,436,3794,Fenerbahce,Antalyaspor,1,1,post,STATUS_FULL_TIME
580671,2021-03-06 16:00:00,2021,2576,18790,Denizlispor,Yeni Malatyaspor,3,2,post,STATUS_FULL_TIME
580666,2021-03-06 19:00:00,2021,1895,20070,Besiktas,Gaziantep FK,2,1,post,STATUS_FULL_TIME
580663,2021-03-07 13:30:00,2021,20736,2429,Fatih Karagümrük,Ankaragucu,0,1,post,STATUS_FULL_TIME
580669,2021-03-07 16:00:00,2021,20737,3643,Hatayspor,Kayserispor,1,3,post,STATUS_FULL_TIME
580667,2021-03-07 16:00:00,2021,996,7914,Genclerbirligi,Istanbul Basaksehir,0,1,post,STATUS_FULL_TIME
580670,2021-03-07 19:00:00,2021,432,3691,Galatasaray,Sivasspor,2,2,post,STATUS_FULL_TIME
580668,2021-03-08 16:00:00,2021,3794,6870,Antalyaspor,Kasimpasa,1,1,post,STATUS_FULL_TIME
580662,2021-03-08 16:00:00,2021,997,9078,Trabzonspor,Alanyaspor,1,3,post,STATUS_FULL_TIME
580664,2021-03-08 19:00:00,2021,789,19267,Goztepe,Erzurum BB,3,1,post,STATUS_FULL_TIME
580665,2021-03-08 19:00:00,2021,7648,436,Konyaspor,Fenerbahce,0,3,post,STATUS_FULL_TIME
580653,2021-03-12 19:00:00,2021,7914,1895,Istanbul Basaksehir,Besiktas,2,3,post,STATUS_FULL_TIME
580655,2021-03-13 13:30:00,2021,3691,20736,Sivasspor,Fatih Karagümrük,1,0,post,STATUS_FULL_TIME
580652,2021-03-13 16:00:00,2021,9078,3794,Alanyaspor,Antalyaspor,4,0,post,STATUS_FULL_TIME
580659,2021-03-13 16:00:00,2021,7656,20737,Caykur Rizespor,Hatayspor,1,0,post,STATUS_FULL_TIME
580656,2021-03-13 19:00:00,2021,3643,432,Kayserispor,Galatasaray,0,3,post,STATUS_FULL_TIME
580658,2021-03-14 13:30:00,2021,2429,789,Ankaragucu,Goztepe,3,0,post,STATUS_FULL_TIME
580661,2021-03-14 16:00:00,2021,19267,997,Erzurum BB,Trabzonspor,0,0,post,STATUS_FULL_TIME
580654,2021-03-14 16:00:00,2021,20070,2576,Gaziantep FK,Denizlispor,2,0,post,STATUS_FULL_TIME
580657,2021-03-14 19:00:00,2021,436,996,Fenerbahce,Genclerbirligi,1,2,post,STATUS_FULL_TIME
580660,2021-03-15 19:00:00,2021,6870,7648,Kasimpasa,Konyaspor,1,1,post,STATUS_FULL_TIME
580650,2021-03-19 16:00:00,2021,20736,3643,Fatih Karagümrük,Kayserispor,3,0,post,STATUS_FULL_TIME
580644,2021-03-19 19:00:00,2021,432,7656,Galatasaray,Caykur Rizespor,3,4,post,STATUS_FULL_TIME
580649,2021-03-20 13:30:00,2021,996,6870,Genclerbirligi,Kasimpasa,2,1,post,STATUS_FULL_TIME
580651,2021-03-20 16:00:00,2021,789,3691,Goztepe,Sivasspor,3,5,post,STATUS_FULL_TIME
580647,2021-03-20 16:00:00,2021,18790,20070,Yeni Malatyaspor,Gaziantep FK,2,2,post,STATUS_FULL_TIME
580643,2021-03-20 19:00:00,2021,997,2429,Trabzonspor,Ankaragucu,4,1,post,STATUS_FULL_TIME
580645,2021-03-21 13:30:00,2021,3794,19267,Antalyaspor,Erzurum BB,3,1,post,STATUS_FULL_TIME
580642,2021-03-21 13:30:00,2021,7648,9078,Konyaspor,Alanyaspor,1,0,post,STATUS_FULL_TIME
580648,2021-03-21 16:00:00,2021,2576,7914,Denizlispor,Istanbul Basaksehir,0,0,post,STATUS_FULL_TIME
580646,2021-03-21 19:00:00,2021,1895,436,Besiktas,Fenerbahce,1,1,post,STATUS_FULL_TIME
580638,2021-04-03 13:30:00,2021,3643,789,Kayserispor,Goztepe,1,1,post,STATUS_FULL_TIME
580635,2021-04-03 16:00:00,2021,7656,20736,Caykur Rizespor,Fatih Karagümrük,0,0,post,STATUS_FULL_TIME
580640,2021-04-03 16:00:00,2021,3691,997,Sivasspor,Trabzonspor,0,0,post,STATUS_FULL_TIME
580636,2021-04-03 19:00:00,2021,20737,432,Hatayspor,Galatasaray,3,0,post,STATUS_FULL_TIME
580639,2021-04-04 13:30:00,2021,19267,7648,Erzurum BB,Konyaspor,1,2,post,STATUS_FULL_TIME
580632,2021-04-04 16:00:00,2021,2429,3794,Ankaragucu,Antalyaspor,1,0,post,STATUS_FULL_TIME
580641,2021-04-04 16:00:00,2021,7914,18790,Istanbul Basaksehir,Yeni Malatyaspor,3,1,post,STATUS_FULL_TIME
580637,2021-04-04 16:00:00,2021,9078,996,Alanyaspor,Genclerbirligi,1,2,post,STATUS_FULL_TIME
580633,2021-04-04 19:00:00,2021,6870,1895,Kasimpasa,Besiktas,1,0,post,STATUS_FULL_TIME
580634,2021-04-05 19:00:00,2021,436,2576,Fenerbahce,Denizlispor,1,0,post,STATUS_FULL_TIME
580627,2021-04-06 16:00:00,2021,20736,20737,Fatih Karagümrük,Hatayspor,1,0,post,STATUS_FULL_TIME
580624,2021-04-06 16:00:00,2021,789,7656,Goztepe,Caykur Rizespor,2,0,post,STATUS_FULL_TIME
580630,2021-04-06 19:00:00,2021,997,3643,Trabzonspor,Kayserispor,1,1,post,STATUS_FULL_TIME
580625,2021-04-07 16:00:00,2021,996,19267,Genclerbirligi,Erzurum BB,1,1,post,STATUS_FULL_TIME
580623,2021-04-07 16:00:00,2021,7648,2429,Konyaspor,Ankaragucu,1,1,post,STATUS_FULL_TIME
580631,2021-04-07 19:00:00,2021,3794,3691,Antalyaspor,Sivasspor,2,4,post,STATUS_FULL_TIME
580622,2021-04-07 19:00:00,2021,1895,9078,Besiktas,Alanyaspor,3,0,post,STATUS_FULL_TIME
580629,2021-04-08 16:00:00,2021,2576,6870,Denizlispor,Kasimpasa,1,1,post,STATUS_FULL_TIME
580628,2021-04-08 16:00:00,2021,20070,7914,Gaziantep FK,Istanbul Basaksehir,2,0,post,STATUS_FULL_TIME
580626,2021-04-08 19:00:00,2021,18790,436,Yeni Malatyaspor,Fenerbahce,1,1,post,STATUS_FULL_TIME
580618,2021-04-10 13:30:00,2021,20737,789,Hatayspor,Goztepe,2,3,post,STATUS_FULL_TIME
580620,2021-04-10 16:00:00,2021,7656,997,Caykur Rizespor,Trabzonspor,0,0,post,STATUS_FULL_TIME
580615,2021-04-10 19:00:00,2021,432,20736,Galatasaray,Fatih Karagümrük,1,1,post,STATUS_FULL_TIME
580619,2021-04-11 13:30:00,2021,3691,7648,Sivasspor,Konyaspor,3,1,post,STATUS_FULL_TIME
580617,2021-04-11 16:00:00,2021,2429,996,Ankaragucu,Genclerbirligi,2,1,post,STATUS_FULL_TIME
580612,2021-04-11 16:00:00,2021,3643,3794,Kayserispor,Antalyaspor,0,1,post,STATUS_FULL_TIME
580613,2021-04-11 19:00:00,2021,19267,1895,Erzurum BB,Besiktas,2,4,post,STATUS_FULL_TIME
580621,2021-04-12 16:00:00,2021,6870,18790,Kasimpasa,Yeni Malatyaspor,0,0,post,STATUS_FULL_TIME
580614,2021-04-12 19:00:00,2021,9078,2576,Alanyaspor,Denizlispor,3,2,post,STATUS_FULL_TIME
580616,2021-04-12 19:00:00,2021,436,20070,Fenerbahce,Gaziantep FK,3,1,post,STATUS_FULL_TIME
580611,2021-04-16 16:00:00,2021,996,3691,Genclerbirligi,Sivasspor,2,3,post,STATUS_FULL_TIME
580610,2021-04-16 16:00:00,2021,7648,3643,Konyaspor,Kayserispor,0,0,post,STATUS_FULL_TIME
580604,2021-04-16 19:00:00,2021,3794,7656,Antalyaspor,Caykur Rizespor,2,3,post,STATUS_FULL_TIME
580603,2021-04-16 19:00:00,2021,1895,2429,Besiktas,Ankaragucu,2,2,post,STATUS_FULL_TIME
580605,2021-04-17 13:30:00,2021,2576,19267,Denizlispor,Erzurum BB,2,3,post,STATUS_FULL_TIME
580608,2021-04-17 16:00:00,2021,997,20737,Trabzonspor,Hatayspor,1,1,post,STATUS_FULL_TIME
580602,2021-04-17 16:00:00,2021,18790,9078,Yeni Malatyaspor,Alanyaspor,1,0,post,STATUS_FULL_TIME
580607,2021-04-17 19:00:00,2021,789,432,Goztepe,Galatasaray,1,3,post,STATUS_FULL_TIME
580609,2021-04-18 16:00:00,2021,20070,6870,Gaziantep FK,Kasimpasa,2,2,post,STATUS_FULL_TIME
580606,2021-04-18 19:00:00,2021,7914,436,Istanbul Basaksehir,Fenerbahce,1,2,post,STATUS_FULL_TIME
580597,2021-04-20 16:00:00,2021,3643,996,Kayserispor,Genclerbirligi,2,2,post,STATUS_FULL_TIME
580599,2021-04-20 16:00:00,2021,7656,7648,Caykur Rizespor,Konyaspor,5,3,post,STATUS_FULL_TIME
580598,2021-04-20 16:00:00,2021,20736,789,Fatih Karagümrük,Goztepe,1,1,post,STATUS_FULL_TIME
580592,2021-04-20 19:00:00,2021,20737,3794,Hatayspor,Antalyaspor,3,2,post,STATUS_FULL_TIME
580594,2021-04-20 19:00:00,2021,3691,1895,Sivasspor,Besiktas,0,0,post,STATUS_FULL_TIME
580595,2021-04-21 16:00:00,2021,2429,2576,Ankaragucu,Denizlispor,1,1,post,STATUS_FULL_TIME
580601,2021-04-21 16:00:00,2021,19267,18790,Erzurum BB,Yeni Malatyaspor,1,0,post,STATUS_FULL_TIME
580600,2021-04-21 19:00:00,2021,432,997,Galatasaray,Trabzonspor,1,1,post,STATUS_FULL_TIME
580596,2021-04-22 16:00:00,2021,9078,20070,Alanyaspor,Gaziantep FK,3,2,post,STATUS_FULL_TIME
580593,2021-04-22 19:00:00,2021,6870,7914,Kasimpasa,Istanbul Basaksehir,0,1,post,STATUS_FULL_TIME
580584,2021-04-23 20:30:00,2021,996,7656,Genclerbirligi,Caykur Rizespor,2,1,post,STATUS_FULL_TIME
580588,2021-04-24 13:30:00,2021,7648,20737,Konyaspor,Hatayspor,0,0,post,STATUS_FULL_TIME
580586,2021-04-24 16:00:00,2021,997,20736,Trabzonspor,Fatih Karagümrük,2,0,post,STATUS_FULL_TIME
580587,2021-04-24 20:30:00,2021,3794,432,Antalyaspor,Galatasaray,0,1,post,STATUS_FULL_TIME
580590,2021-04-24 20:30:00,2021,1895,3643,Besiktas,Kayserispor,3,1,post,STATUS_FULL_TIME
580591,2021-04-24 20:30:00,2021,2576,3691,Denizlispor,Sivasspor,1,1,post,STATUS_FULL_TIME
580583,2021-04-25 13:30:00,2021,18790,2429,Yeni Malatyaspor,Ankaragucu,2,1,post,STATUS_FULL_TIME
580582,2021-04-25 16:00:00,2021,7914,9078,Istanbul Basaksehir,Alanyaspor,0,0,post,STATUS_FULL_TIME
580585,2021-04-25 16:00:00,2021,20070,19267,Gaziantep FK,Erzurum BB,2,3,post,STATUS_FULL_TIME
580589,2021-04-25 20:30:00,2021,436,6870,Fenerbahce,Kasimpasa,3,2,post,STATUS_FULL_TIME
580577,2021-04-27 20:30:00,2021,20737,996,Hatayspor,Genclerbirligi,3,1,post,STATUS_FULL_TIME
580572,2021-04-28 16:00:00,2021,20736,3794,Fatih Karagümrük,Antalyaspor,2,2,post,STATUS_FULL_TIME
580580,2021-04-28 16:00:00,2021,789,997,Goztepe,Trabzonspor,1,1,post,STATUS_FULL_TIME
580574,2021-04-28 16:00:00,2021,3643,2576,Kayserispor,Denizlispor,6,3,post,STATUS_FULL_TIME
580573,2021-04-28 20:30:00,2021,7656,1895,Caykur Rizespor,Besiktas,2,3,post,STATUS_FULL_TIME
580579,2021-04-28 20:30:00,2021,432,7648,Galatasaray,Konyaspor,1,0,post,STATUS_FULL_TIME
580578,2021-04-29 16:00:00,2021,19267,7914,Erzurum BB,Istanbul Basaksehir,1,2,post,STATUS_FULL_TIME
580581,2021-04-29 16:00:00,2021,3691,18790,Sivasspor,Yeni Malatyaspor,1,0,post,STATUS_FULL_TIME
580575,2021-04-29 20:30:00,2021,9078,436,Alanyaspor,Fenerbahce,0,0,post,STATUS_FULL_TIME
580576,2021-04-29 20:30:00,2021,2429,20070,Ankaragucu,Gaziantep FK,0,1,post,STATUS_FULL_TIME
580569,2021-05-01 20:30:00,2021,1895,20737,Besiktas,Hatayspor,7,0,post,STATUS_FULL_TIME
580568,2021-05-02 16:00:00,2021,3794,789,Antalyaspor,Goztepe,2,3,post,STATUS_FULL_TIME
580564,2021-05-02 16:00:00,2021,2576,7656,Denizlispor,Caykur Rizespor,0,1,post,STATUS_FULL_TIME
580566,2021-05-02 16:00:00,2021,7648,20736,Konyaspor,Fatih Karagümrük,5,1,post,STATUS_FULL_TIME
580567,2021-05-02 20:30:00,2021,996,432,Genclerbirligi,Galatasaray,0,2,post,STATUS_FULL_TIME
580563,2021-05-03 16:00:00,2021,7914,2429,Istanbul Basaksehir,Ankaragucu,2,1,post,STATUS_FULL_TIME
580562,2021-05-03 16:00:00,2021,6870,9078,Kasimpasa,Alanyaspor,3,0,post,STATUS_FULL_TIME
580570,2021-05-03 16:00:00,2021,18790,3643,Yeni Malatyaspor,Kayserispor,1,1,post,STATUS_FULL_TIME
580565,2021-05-03 20:30:00,2021,436,19267,Fenerbahce,Erzurum BB,3,1,post,STATUS_FULL_TIME
580571,2021-05-03 20:30:00,2021,20070,3691,Gaziantep FK,Sivasspor,0,1,post,STATUS_FULL_TIME
580552,2021-05-08 20:30:00,2021,997,3794,Trabzonspor,Antalyaspor,2,1,post,STATUS_FULL_TIME
580556,2021-05-08 20:30:00,2021,3643,20070,Kayserispor,Gaziantep FK,0,0,post,STATUS_FULL_TIME
580554,2021-05-08 20:30:00,2021,20737,2576,Hatayspor,Denizlispor,1,0,post,STATUS_FULL_TIME
580560,2021-05-08 20:30:00,2021,789,7648,Goztepe,Konyaspor,0,1,post,STATUS_FULL_TIME
580558,2021-05-08 20:30:00,2021,3691,7914,Sivasspor,Istanbul Basaksehir,0,0,post,STATUS_FULL_TIME
580557,2021-05-08 20:30:00,2021,20736,996,Fatih Karagümrük,Genclerbirligi,5,1,post,STATUS_FULL_TIME
580559,2021-05-08 20:30:00,2021,19267,6870,Erzurum BB,Kasimpasa,0,1,post,STATUS_FULL_TIME
580561,2021-05-08 20:30:00,2021,7656,18790,Caykur Rizespor,Yeni Malatyaspor,0,4,post,STATUS_FULL_TIME
580555,2021-05-08 20:30:00,2021,2429,436,Ankaragucu,Fenerbahce,1,2,post,STATUS_FULL_TIME
580553,2021-05-08 20:30:00,2021,432,1895,Galatasaray,Besiktas,3,1,post,STATUS_FULL_TIME
580551,2021-05-11 17:00:00,2021,7648,997,Konyaspor,Trabzonspor,1,1,post,STATUS_FULL_TIME
580548,2021-05-11 20:30:00,2021,18790,20737,Yeni Malatyaspor,Hatayspor,1,1,post,STATUS_FULL_TIME
580542,2021-05-11 20:30:00,2021,6870,2429,Kasimpasa,Ankaragucu,3,1,post,STATUS_FULL_TIME
580549,2021-05-11 20:30:00,2021,7914,3643,Istanbul Basaksehir,Kayserispor,0,0,post,STATUS_FULL_TIME
580547,2021-05-11 20:30:00,2021,996,789,Genclerbirligi,Goztepe,5,3,post,STATUS_FULL_TIME
580546,2021-05-11 20:30:00,2021,2576,432,Denizlispor,Galatasaray,1,4,post,STATUS_FULL_TIME
580550,2021-05-11 20:30:00,2021,436,3691,Fenerbahce,Sivasspor,1,2,post,STATUS_FULL_TIME
580545,2021-05-11 20:30:00,2021,1895,20736,Besiktas,Fatih Karagümrük,1,2,post,STATUS_FULL_TIME
580544,2021-05-11 20:30:00,2021,9078,19267,Alanyaspor,Erzurum BB,2,3,post,STATUS_FULL_TIME
580543,2021-05-11 20:30:00,2021,20070,7656,Gaziantep FK,Caykur Rizespor,4,5,post,STATUS_FULL_TIME
580536,2021-05-15 18:00:00,2021,20737,20070,Hatayspor,Gaziantep FK,0,1,post,STATUS_FULL_TIME
580534,2021-05-15 18:00:00,2021,20736,2576,Fatih Karagümrük,Denizlispor,5,1,post,STATUS_FULL_TIME
580539,2021-05-15 18:00:00,2021,3691,6870,Sivasspor,Kasimpasa,2,1,post,STATUS_FULL_TIME
580540,2021-05-15 18:00:00,2021,3794,7648,Antalyaspor,Konyaspor,0,0,post,STATUS_FULL_TIME
580532,2021-05-15 18:00:00,2021,2429,9078,Ankaragucu,Alanyaspor,0,1,post,STATUS_FULL_TIME
580538,2021-05-15 18:00:00,2021,7656,7914,Caykur Rizespor,Istanbul Basaksehir,0,2,post,STATUS_FULL_TIME
580535,2021-05-15 20:30:00,2021,3643,436,Kayserispor,Fenerbahce,1,2,post,STATUS_FULL_TIME
580537,2021-05-15 20:30:00,2021,997,996,Trabzonspor,Genclerbirligi,2,1,post,STATUS_FULL_TIME
580541,2021-05-15 20:30:00,2021,432,18790,Galatasaray,Yeni Malatyaspor,3,1,post,STATUS_FULL_TIME
580533,2021-05-15 20:30:00,2021,789,1895,Goztepe,Besiktas,1,2,post,STATUS_FULL_TIME
614513,2021-08-13 20:30:00,2021,1895,7656,Besiktas,Caykur Rizespor,3,0,post,STATUS_FULL_TIME
614516,2021-08-14 19:15:00,2021,20736,20070,Fatih Karagümrük,Gaziantep FK,3,2,post,STATUS_FULL_TIME
614519,2021-08-14 21:45:00,2021,3789,3643,Altay Izmir,Kayserispor,3,0,post,STATUS_FULL_TIME
614518,2021-08-14 21:45:00,2021,20737,6870,Hatayspor,Kasimpasa,1,1,post,STATUS_FULL_TIME
614512,2021-08-15 19:15:00,2021,7914,9078,Istanbul Basaksehir,Alanyaspor,0,1,post,STATUS_FULL_TIME
614514,2021-08-15 21:45:00,2021,20765,436,Adana Demirspor,Fenerbahce,0,1,post,STATUS_FULL_TIME
614517,2021-08-15 21:45:00,2021,3794,789,Antalyaspor,Goztepe,1,1,post,STATUS_FULL_TIME
614520,2021-08-16 19:15:00,2021,3691,7648,Sivasspor,Konyaspor,0,1,post,STATUS_FULL_TIME
614521,2021-08-16 19:15:00,2021,18790,997,Yeni Malatyaspor,Trabzonspor,1,5,post,STATUS_FULL_TIME
614515,2021-08-16 21:45:00,2021,21031,432,Giresunspor,Galatasaray,0,2,post,STATUS_FULL_TIME
614502,2021-08-20 20:30:00,2021,3643,20765,Kayserispor,Adana Demirspor,1,1,post,STATUS_FULL_TIME
614506,2021-08-21 19:15:00,2021,7656,20736,Caykur Rizespor,Fatih Karagümrük,0,0,post,STATUS_FULL_TIME
614507,2021-08-21 19:15:00,2021,6870,21031,Kasimpasa,Giresunspor,2,0,post,STATUS_FULL_TIME
614505,2021-08-21 21:45:00,2021,20070,1895,Gaziantep FK,Besiktas,0,0,post,STATUS_FULL_TIME
614503,2021-08-21 21:45:00,2021,9078,3789,Alanyaspor,Altay Izmir,1,4,post,STATUS_FULL_TIME
614509,2021-08-22 19:15:00,2021,7648,7914,Konyaspor,Istanbul Basaksehir,2,1,post,STATUS_FULL_TIME
614504,2021-08-22 21:45:00,2021,436,3794,Fenerbahce,Antalyaspor,2,0,post,STATUS_FULL_TIME
614511,2021-08-22 21:45:00,2021,789,18790,Goztepe,Yeni Malatyaspor,0,1,post,STATUS_FULL_TIME
614510,2021-08-23 19:15:00,2021,997,3691,Trabzonspor,Sivasspor,2,1,post,STATUS_FULL_TIME
614508,2021-08-23 21:45:00,2021,432,20737,Galatasaray,Hatayspor,2,1,post,STATUS_FULL_TIME
614493,2021-08-27 20:30:00,2021,3794,7656,Antalyaspor,Caykur Rizespor,3,2,post,STATUS_FULL_TIME
614500,2021-08-27 21:45:00,2021,20765,7648,Adana Demirspor,Konyaspor,1,1,post,STATUS_FULL_TIME
614499,2021-08-28 19:15:00,2021,7914,3643,Istanbul Basaksehir,Kayserispor,0,1,post,STATUS_FULL_TIME
614497,2021-08-28 19:15:00,2021,18790,20070,Yeni Malatyaspor,Gaziantep FK,2,0,post,STATUS_FULL_TIME
614494,2021-08-28 21:45:00,2021,1895,20736,Besiktas,Fatih Karagümrük,1,0,post,STATUS_FULL_TIME
614492,2021-08-28 21:45:00,2021,20737,9078,Hatayspor,Alanyaspor,5,0,post,STATUS_FULL_TIME
614496,2021-08-29 19:15:00,2021,6870,432,Kasimpasa,Galatasaray,2,2,post,STATUS_FULL_TIME
614498,2021-08-29 19:15:00,2021,3691,789,Sivasspor,Goztepe,2,2,post,STATUS_FULL_TIME
614495,2021-08-29 21:45:00,2021,3789,436,Altay Izmir,Fenerbahce,0,2,post,STATUS_FULL_TIME
614501,2021-08-29 21:45:00,2021,21031,997,Giresunspor,Trabzonspor,0,1,post,STATUS_FULL_TIME
614483,2021-09-11 17:00:00,2021,7648,3789,Konyaspor,Altay Izmir,3,1,post,STATUS_FULL_TIME
614482,2021-09-11 17:00:00,2021,20736,20765,Fatih Karagümrük,Adana Demirspor,4,0,post,STATUS_FULL_TIME
614491,2021-09-11 20:00:00,2021,1895,18790,Besiktas,Yeni Malatyaspor,3,0,post,STATUS_FULL_TIME
614489,2021-09-11 20:00:00,2021,3643,6870,Kayserispor,Kasimpasa,2,0,post,STATUS_FULL_TIME
614487,2021-09-12 17:00:00,2021,7656,20737,Caykur Rizespor,Hatayspor,0,2,post,STATUS_FULL_TIME
614490,2021-09-12 17:00:00,2021,436,3691,Fenerbahce,Sivasspor,1,1,post,STATUS_FULL_TIME
614488,2021-09-12 20:00:00,2021,789,7914,Goztepe,Istanbul Basaksehir,2,1,post,STATUS_FULL_TIME
614485,2021-09-12 20:00:00,2021,997,432,Trabzonspor,Galatasaray,2,2,post,STATUS_FULL_TIME
614484,2021-09-13 20:00:00,2021,20070,3794,Gaziantep FK,Antalyaspor,2,0,post,STATUS_FULL_TIME
614486,2021-09-13 20:00:00,2021,9078,21031,Alanyaspor,Giresunspor,1,0,post,STATUS_FULL_TIME
614478,2021-09-17 20:00:00,2021,3789,789,Altay Izmir,Goztepe,2,1,post,STATUS_FULL_TIME
614475,2021-09-17 20:00:00,2021,18790,20736,Yeni Malatyaspor,Fatih Karagümrük,3,4,post,STATUS_FULL_TIME
614477,2021-09-18 13:30:00,2021,3691,20070,Sivasspor,Gaziantep FK,1,1,post,STATUS_FULL_TIME
614481,2021-09-18 16:00:00,2021,6870,997,Kasimpasa,Trabzonspor,0,1,post,STATUS_FULL_TIME
614474,2021-09-18 19:00:00,2021,20765,7656,Adana Demirspor,Caykur Rizespor,3,1,post,STATUS_FULL_TIME
614473,2021-09-18 19:00:00,2021,3794,1895,Antalyaspor,Besiktas,2,3,post,STATUS_FULL_TIME
614480,2021-09-19 13:30:00,2021,21031,7648,Giresunspor,Konyaspor,0,0,post,STATUS_FULL_TIME
614472,2021-09-19 16:00:00,2021,432,9078,Galatasaray,Alanyaspor,0,1,post,STATUS_FULL_TIME
614476,2021-09-19 19:00:00,2021,7914,436,Istanbul Basaksehir,Fenerbahce,2,0,post,STATUS_FULL_TIME
614479,2021-09-19 19:00:00,2021,20737,3643,Hatayspor,Kayserispor,2,1,post,STATUS_FULL_TIME
614463,2021-09-21 17:00:00,2021,7656,3789,Caykur Rizespor,Altay Izmir,1,2,post,STATUS_FULL_TIME
614464,2021-09-21 17:00:00,2021,20736,3794,Fatih Karagümrük,Antalyaspor,0,0,post,STATUS_FULL_TIME
614462,2021-09-21 20:00:00,2021,1895,20765,Besiktas,Adana Demirspor,3,3,post,STATUS_FULL_TIME
614470,2021-09-21 20:00:00,2021,18790,3691,Yeni Malatyaspor,Sivasspor,0,1,post,STATUS_FULL_TIME
614468,2021-09-22 17:00:00,2021,20070,7914,Gaziantep FK,Istanbul Basaksehir,1,0,post,STATUS_FULL_TIME
614467,2021-09-22 20:00:00,2021,789,20737,Goztepe,Hatayspor,0,2,post,STATUS_FULL_TIME
614465,2021-09-22 20:00:00,2021,3643,432,Kayserispor,Galatasaray,3,0,post,STATUS_FULL_TIME
614471,2021-09-23 17:00:00,2021,7648,997,Konyaspor,Trabzonspor,2,2,post,STATUS_FULL_TIME
614469,2021-09-23 20:00:00,2021,9078,6870,Alanyaspor,Kasimpasa,2,0,post,STATUS_FULL_TIME
614466,2021-09-23 20:00:00,2021,436,21031,Fenerbahce,Giresunspor,2,1,post,STATUS_FULL_TIME
614453,2021-09-24 20:00:00,2021,3789,1895,Altay Izmir,Besiktas,2,1,post,STATUS_FULL_TIME
614455,2021-09-25 13:30:00,2021,3691,20736,Sivasspor,Fatih Karagümrük,4,0,post,STATUS_FULL_TIME
614461,2021-09-25 16:00:00,2021,3794,18790,Antalyaspor,Yeni Malatyaspor,1,0,post,STATUS_FULL_TIME
614457,2021-09-25 19:00:00,2021,20765,20070,Adana Demirspor,Gaziantep FK,4,0,post,STATUS_FULL_TIME
614459,2021-09-26 13:30:00,2021,21031,3643,Giresunspor,Kayserispor,1,1,post,STATUS_FULL_TIME
614454,2021-09-26 16:00:00,2021,7914,7656,Istanbul Basaksehir,Caykur Rizespor,3,0,post,STATUS_FULL_TIME
614456,2021-09-26 16:00:00,2021,20737,436,Hatayspor,Fenerbahce,1,2,post,STATUS_FULL_TIME
614458,2021-09-26 19:00:00,2021,432,789,Galatasaray,Goztepe,2,1,post,STATUS_FULL_TIME
614460,2021-09-27 20:00:00,2021,6870,7648,Kasimpasa,Konyaspor,2,2,post,STATUS_FULL_TIME
614452,2021-09-27 20:00:00,2021,997,9078,Trabzonspor,Alanyaspor,1,1,post,STATUS_FULL_TIME
614442,2021-10-01 20:00:00,2021,3794,20765,Antalyaspor,Adana Demirspor,1,2,post,STATUS_FULL_TIME
614448,2021-10-01 20:00:00,2021,20736,7914,Fatih Karagümrük,Istanbul Basaksehir,3,1,post,STATUS_FULL_TIME
614443,2021-10-02 13:30:00,2021,7648,9078,Konyaspor,Alanyaspor,1,1,post,STATUS_FULL_TIME
614446,2021-10-02 16:00:00,2021,789,21031,Goztepe,Giresunspor,0,1,post,STATUS_FULL_TIME
614451,2021-10-02 16:00:00,2021,3643,997,Kayserispor,Trabzonspor,1,2,post,STATUS_FULL_TIME
614450,2021-10-02 19:00:00,2021,1895,3691,Besiktas,Sivasspor,2,1,post,STATUS_FULL_TIME
614447,2021-10-03 13:30:00,2021,18790,20737,Yeni Malatyaspor,Hatayspor,0,2,post,STATUS_FULL_TIME
614449,2021-10-03 16:00:00,2021,436,6870,Fenerbahce,Kasimpasa,2,1,post,STATUS_FULL_TIME
614444,2021-10-03 16:00:00,2021,20070,3789,Gaziantep FK,Altay Izmir,4,1,post,STATUS_FULL_TIME
614445,2021-10-03 19:00:00,2021,7656,432,Caykur Rizespor,Galatasaray,2,3,post,STATUS_FULL_TIME
614433,2021-10-15 20:00:00,2021,7914,1895,Istanbul Basaksehir,Besiktas,3,2,post,STATUS_FULL_TIME
614434,2021-10-16 13:30:00,2021,21031,7656,Giresunspor,Caykur Rizespor,2,0,post,STATUS_FULL_TIME
614432,2021-10-16 16:00:00,2021,3691,3794,Sivasspor,Antalyaspor,2,2,post,STATUS_FULL_TIME
614441,2021-10-16 19:00:00,2021,20765,18790,Adana Demirspor,Yeni Malatyaspor,0,2,post,STATUS_FULL_TIME
614438,2021-10-17 13:30:00,2021,6870,789,Kasimpasa,Goztepe,1,2,post,STATUS_FULL_TIME
614435,2021-10-17 16:00:00,2021,3789,20736,Altay Izmir,Fatih Karagümrük,0,1,post,STATUS_FULL_TIME
614440,2021-10-17 16:00:00,2021,432,7648,Galatasaray,Konyaspor,1,0,post,STATUS_FULL_TIME
614436,2021-10-17 19:00:00,2021,997,436,Trabzonspor,Fenerbahce,3,1,post,STATUS_FULL_TIME
614439,2021-10-18 20:00:00,2021,9078,3643,Alanyaspor,Kayserispor,6,3,post,STATUS_FULL_TIME
614437,2021-10-18 20:00:00,2021,20737,20070,Hatayspor,Gaziantep FK,2,1,post,STATUS_FULL_TIME
614424,2021-10-22 20:00:00,2021,18790,3789,Yeni Malatyaspor,Altay Izmir,2,1,post,STATUS_FULL_TIME
614429,2021-10-23 13:30:00,2021,7656,6870,Caykur Rizespor,Kasimpasa,2,1,post,STATUS_FULL_TIME
614426,2021-10-23 16:00:00,2021,20070,21031,Gaziantep FK,Giresunspor,1,1,post,STATUS_FULL_TIME
614430,2021-10-23 16:00:00,2021,7648,3643,Konyaspor,Kayserispor,2,0,post,STATUS_FULL_TIME
614431,2021-10-23 19:00:00,2021,789,997,Goztepe,Trabzonspor,0,1,post,STATUS_FULL_TIME
614427,2021-10-24 13:30:00,2021,20736,20737,Fatih Karagümrük,Hatayspor,1,1,post,STATUS_FULL_TIME
614428,2021-10-24 16:00:00,2021,3794,7914,Antalyaspor,Istanbul Basaksehir,1,2,post,STATUS_FULL_TIME
614422,2021-10-24 16:00:00,2021,3691,20765,Sivasspor,Adana Demirspor,1,1,post,STATUS_FULL_TIME
614423,2021-10-24 19:00:00,2021,436,9078,Fenerbahce,Alanyaspor,1,2,post,STATUS_FULL_TIME
614425,2021-10-25 20:00:00,2021,1895,432,Besiktas,Galatasaray,2,1,post,STATUS_FULL_TIME
614415,2021-10-29 20:00:00,2021,997,7656,Trabzonspor,Caykur Rizespor,2,1,post,STATUS_FULL_TIME
614421,2021-10-30 13:30:00,2021,6870,18790,Kasimpasa,Yeni Malatyaspor,2,0,post,STATUS_FULL_TIME
614420,2021-10-30 16:00:00,2021,3789,3691,Altay Izmir,Sivasspor,1,1,post,STATUS_FULL_TIME
614414,2021-10-30 16:00:00,2021,20737,1895,Hatayspor,Besiktas,1,0,post,STATUS_FULL_TIME
614417,2021-10-30 19:00:00,2021,7648,436,Konyaspor,Fenerbahce,2,1,post,STATUS_FULL_TIME
614416,2021-10-31 13:30:00,2021,3643,20736,Kayserispor,Fatih Karagümrük,2,1,post,STATUS_FULL_TIME
614419,2021-10-31 16:00:00,2021,9078,789,Alanyaspor,Goztepe,2,2,post,STATUS_FULL_TIME
614418,2021-10-31 19:00:00,2021,432,20070,Galatasaray,Gaziantep FK,2,0,post,STATUS_FULL_TIME
614413,2021-11-01 20:00:00,2021,21031,3794,Giresunspor,Antalyaspor,1,2,post,STATUS_FULL_TIME
614412,2021-11-01 20:00:00,2021,7914,20765,Istanbul Basaksehir,Adana Demirspor,2,1,post,STATUS_FULL_TIME
614402,2021-11-05 20:00:00,2021,7656,9078,Caykur Rizespor,Alanyaspor,2,0,post,STATUS_FULL_TIME
614408,2021-11-05 20:00:00,2021,20070,6870,Gaziantep FK,Kasimpasa,2,0,post,STATUS_FULL_TIME
614405,2021-11-06 13:30:00,2021,3691,21031,Sivasspor,Giresunspor,0,0,post,STATUS_FULL_TIME
614403,2021-11-06 16:00:00,2021,3794,3789,Antalyaspor,Altay Izmir,1,0,post,STATUS_FULL_TIME
614407,2021-11-06 16:00:00,2021,18790,7914,Yeni Malatyaspor,Istanbul Basaksehir,1,3,post,STATUS_FULL_TIME
614411,2021-11-06 19:00:00,2021,1895,997,Besiktas,Trabzonspor,1,2,post,STATUS_FULL_TIME
614410,2021-11-07 13:30:00,2021,789,7648,Goztepe,Konyaspor,0,2,post,STATUS_FULL_TIME
614406,2021-11-07 16:00:00,2021,20765,20737,Adana Demirspor,Hatayspor,1,0,post,STATUS_FULL_TIME
614404,2021-11-07 16:00:00,2021,20736,432,Fatih Karagümrük,Galatasaray,1,1,post,STATUS_FULL_TIME
614409,2021-11-07 19:00:00,2021,436,3643,Fenerbahce,Kayserispor,2,2,post,STATUS_FULL_TIME
614393,2021-11-20 13:30:00,2021,20737,3794,Hatayspor,Antalyaspor,3,1,post,STATUS_FULL_TIME
614401,2021-11-20 16:00:00,2021,21031,18790,Giresunspor,Yeni Malatyaspor,1,0,post,STATUS_FULL_TIME
614400,2021-11-20 16:00:00,2021,7914,3691,Istanbul Basaksehir,Sivasspor,2,1,post,STATUS_FULL_TIME
614394,2021-11-20 19:00:00,2021,9078,1895,Alanyaspor,Besiktas,2,0,post,STATUS_FULL_TIME
614396,2021-11-21 13:30:00,2021,6870,20736,Kasimpasa,Fatih Karagümrük,1,3,post,STATUS_FULL_TIME
614392,2021-11-21 16:00:00,2021,3789,20765,Altay Izmir,Adana Demirspor,1,3,post,STATUS_FULL_TIME
614395,2021-11-21 16:00:00,2021,7648,7656,Konyaspor,Caykur Rizespor,3,0,post,STATUS_FULL_TIME
614397,2021-11-21 19:00:00,2021,432,436,Galatasaray,Fenerbahce,1,2,post,STATUS_FULL_TIME
614399,2021-11-22 20:00:00,2021,3643,789,Kayserispor,Goztepe,1,1,post,STATUS_FULL_TIME
614398,2021-11-22 20:00:00,2021,997,20070,Trabzonspor,Gaziantep FK,3,0,post,STATUS_FULL_TIME
614388,2021-11-26 20:00:00,2021,20765,6870,Adana Demirspor,Kasimpasa,0,0,post,STATUS_FULL_TIME
614383,2021-11-26 20:00:00,2021,7914,3789,Istanbul Basaksehir,Altay Izmir,0,0,post,STATUS_FULL_TIME
614382,2021-11-27 13:30:00,2021,3794,9078,Antalyaspor,Alanyaspor,3,0,post,STATUS_FULL_TIME
614389,2021-11-27 16:00:00,2021,7656,3643,Caykur Rizespor,Kayserispor,1,0,post,STATUS_FULL_TIME
614386,2021-11-27 19:00:00,2021,1895,21031,Besiktas,Giresunspor,0,4,post,STATUS_FULL_TIME
614390,2021-11-28 13:30:00,2021,20070,7648,Gaziantep FK,Konyaspor,3,2,post,STATUS_FULL_TIME
614391,2021-11-28 16:00:00,2021,20736,997,Fatih Karagümrük,Trabzonspor,0,2,post,STATUS_FULL_TIME
614387,2021-11-28 16:00:00,2021,3691,20737,Sivasspor,Hatayspor,4,0,post,STATUS_FULL_TIME
614385,2021-11-28 19:00:00,2021,18790,432,Yeni Malatyaspor,Galatasaray,0,0,post,STATUS_FULL_TIME
614384,2021-11-29 20:00:00,2021,789,436,Goztepe,Fenerbahce,1,1,post,STATUS_FULL_TIME
614375,2021-12-03 20:00:00,2021,6870,1895,Kasimpasa,Besiktas,1,1,post,STATUS_FULL_TIME
614380,2021-12-04 13:30:00,2021,9078,3691,Alanyaspor,Sivasspor,0,1,post,STATUS_FULL_TIME
614372,2021-12-04 16:00:00,2021,997,20765,Trabzonspor,Adana Demirspor,2,0,post,STATUS_FULL_TIME
614373,2021-12-04 19:00:00,2021,432,3789,Galatasaray,Altay Izmir,2,2,post,STATUS_FULL_TIME
614374,2021-12-05 13:30:00,2021,3643,3794,Kayserispor,Antalyaspor,2,0,post,STATUS_FULL_TIME
614377,2021-12-05 16:00:00,2021,21031,20736,Giresunspor,Fatih Karagümrük,3,1,post,STATUS_FULL_TIME
614379,2021-12-05 16:00:00,2021,20737,7914,Hatayspor,Istanbul Basaksehir,0,3,post,STATUS_FULL_TIME
614376,2021-12-05 19:00:00,2021,436,7656,Fenerbahce,Caykur Rizespor,4,0,post,STATUS_FULL_TIME
614381,2021-12-06 20:00:00,2021,7648,18790,Konyaspor,Yeni Malatyaspor,0,0,post,STATUS_FULL_TIME
614378,2021-12-06 20:00:00,2021,789,20070,Goztepe,Gaziantep FK,2,1,post,STATUS_FULL_TIME
614367,2021-12-10 20:00:00,2021,3789,20737,Altay Izmir,Hatayspor,1,2,post,STATUS_FULL_TIME
614370,2021-12-11 13:30:00,2021,20736,7648,Fatih Karagümrük,Konyaspor,1,4,post,STATUS_FULL_TIME
614366,2021-12-11 16:00:00,2021,7656,789,Caykur Rizespor,Goztepe,3,1,post,STATUS_FULL_TIME
614368,2021-12-11 16:00:00,2021,7914,6870,Istanbul Basaksehir,Kasimpasa,2,1,post,STATUS_FULL_TIME
614371,2021-12-11 19:00:00,2021,3794,997,Antalyaspor,Trabzonspor,2,1,post,STATUS_FULL_TIME
614365,2021-12-12 13:30:00,2021,20765,21031,Adana Demirspor,Giresunspor,1,0,post,STATUS_FULL_TIME
614362,2021-12-12 16:00:00,2021,18790,9078,Yeni Malatyaspor,Alanyaspor,2,6,post,STATUS_FULL_TIME
614369,2021-12-12 19:00:00,2021,1895,3643,Besiktas,Kayserispor,4,2,post,STATUS_FULL_TIME
614364,2021-12-13 18:00:00,2021,3691,432,Sivasspor,Galatasaray,1,0,post,STATUS_FULL_TIME
614363,2021-12-13 20:30:00,2021,20070,436,Gaziantep FK,Fenerbahce,3,2,post,STATUS_FULL_TIME
614353,2021-12-17 20:00:00,2021,21031,3789,Giresunspor,Altay Izmir,3,1,post,STATUS_FULL_TIME
614360,2021-12-18 13:30:00,2021,6870,3691,Kasimpasa,Sivasspor,1,3,post,STATUS_FULL_TIME
614354,2021-12-18 16:00:00,2021,7648,3794,Konyaspor,Antalyaspor,1,0,post,STATUS_FULL_TIME
614358,2021-12-18 16:00:00,2021,997,20737,Trabzonspor,Hatayspor,2,0,post,STATUS_FULL_TIME
614352,2021-12-18 19:00:00,2021,9078,20765,Alanyaspor,Adana Demirspor,1,3,post,STATUS_FULL_TIME
614359,2021-12-18 19:00:00,2021,432,7914,Galatasaray,Istanbul Basaksehir,1,1,post,STATUS_FULL_TIME
614361,2021-12-19 13:30:00,2021,7656,18790,Caykur Rizespor,Yeni Malatyaspor,1,0,post,STATUS_FULL_TIME
614356,2021-12-19 16:00:00,2021,789,20736,Goztepe,Fatih Karagümrük,0,1,post,STATUS_FULL_TIME
614357,2021-12-19 16:00:00,2021,3643,20070,Kayserispor,Gaziantep FK,0,0,post,STATUS_FULL_TIME
614355,2021-12-19 19:00:00,2021,436,1895,Fenerbahce,Besiktas,2,2,post,STATUS_FULL_TIME
614523,2021-12-21 17:00:00,2021,3794,6870,Antalyaspor,Kasimpasa,1,1,post,STATUS_FULL_TIME
614528,2021-12-21 17:00:00,2021,7914,21031,Istanbul Basaksehir,Giresunspor,3,1,post,STATUS_FULL_TIME
614522,2021-12-21 20:00:00,2021,20765,432,Adana Demirspor,Galatasaray,2,0,post,STATUS_FULL_TIME
614530,2021-12-21 20:00:00,2021,3789,997,Altay Izmir,Trabzonspor,1,2,post,STATUS_FULL_TIME
614527,2021-12-22 17:00:00,2021,20737,7648,Hatayspor,Konyaspor,1,3,post,STATUS_FULL_TIME
614529,2021-12-22 17:00:00,2021,3691,7656,Sivasspor,Caykur Rizespor,1,1,post,STATUS_FULL_TIME
614525,2021-12-22 20:00:00,2021,20736,436,Fatih Karagümrük,Fenerbahce,1,1,post,STATUS_FULL_TIME
614526,2021-12-22 20:00:00,2021,20070,9078,Gaziantep FK,Alanyaspor,2,1,post,STATUS_FULL_TIME
614531,2021-12-23 17:00:00,2021,18790,3643,Yeni Malatyaspor,Kayserispor,2,2,post,STATUS_FULL_TIME
614524,2021-12-23 20:00:00,2021,1895,789,Besiktas,Goztepe,2,1,post,STATUS_FULL_TIME
614536,2021-12-25 13:30:00,2021,6870,3789,Kasimpasa,Altay Izmir,2,0,post,STATUS_FULL_TIME
614541,2021-12-25 16:00:00,2021,432,3794,Galatasaray,Antalyaspor,2,0,post,STATUS_FULL_TIME
614538,2021-12-25 16:00:00,2021,21031,20737,Giresunspor,Hatayspor,0,1,post,STATUS_FULL_TIME
614533,2021-12-25 19:00:00,2021,997,7914,Trabzonspor,Istanbul Basaksehir,0,0,post,STATUS_FULL_TIME
614539,2021-12-26 13:30:00,2021,7656,20070,Caykur Rizespor,Gaziantep FK,0,1,post,STATUS_FULL_TIME
614532,2021-12-26 16:00:00,2021,9078,20736,Alanyaspor,Fatih Karagümrük,1,1,post,STATUS_FULL_TIME
614537,2021-12-26 16:00:00,2021,789,20765,Goztepe,Adana Demirspor,1,1,post,STATUS_FULL_TIME
614540,2021-12-26 19:00:00,2021,436,18790,Fenerbahce,Yeni Malatyaspor,2,0,post,STATUS_FULL_TIME
614535,2021-12-27 20:00:00,2021,3643,3691,Kayserispor,Sivasspor,3,0,post,STATUS_FULL_TIME
614534,2021-12-27 20:00:00,2021,7648,1895,Konyaspor,Besiktas,1,0,post,STATUS_FULL_TIME
614351,2022-01-07 20:00:00,2022,997,18790,Trabzonspor,Yeni Malatyaspor,1,0,post,STATUS_FULL_TIME
614346,2022-01-08 13:30:00,2022,20070,20736,Gaziantep FK,Fatih Karagümrük,3,1,post,STATUS_FULL_TIME
614349,2022-01-08 16:00:00,2022,9078,7914,Alanyaspor,Istanbul Basaksehir,1,1,post,STATUS_FULL_TIME
614348,2022-01-08 16:00:00,2022,6870,20737,Kasimpasa,Hatayspor,3,1,post,STATUS_FULL_TIME
614347,2022-01-08 19:00:00,2022,432,21031,Galatasaray,Giresunspor,0,1,post,STATUS_FULL_TIME
614350,2022-01-09 13:30:00,2022,7648,3691,Konyaspor,Sivasspor,0,1,post,STATUS_FULL_TIME
614344,2022-01-09 16:00:00,2022,789,3794,Goztepe,Antalyaspor,4,0,post,STATUS_FULL_TIME
614343,2022-01-09 16:00:00,2022,3643,3789,Kayserispor,Altay Izmir,1,0,post,STATUS_FULL_TIME
614345,2022-01-09 19:00:00,2022,7656,1895,Caykur Rizespor,Besiktas,2,2,post,STATUS_FULL_TIME
614342,2022-01-10 20:00:00,2022,436,20765,Fenerbahce,Adana Demirspor,1,2,post,STATUS_FULL_TIME
614337,2022-01-14 20:00:00,2022,18790,789,Yeni Malatyaspor,Goztepe,1,2,post,STATUS_FULL_TIME
614336,2022-01-14 20:00:00,2022,1895,20070,Besiktas,Gaziantep FK,1,0,post,STATUS_FULL_TIME
614339,2022-01-15 13:30:00,2022,20765,3643,Adana Demirspor,Kayserispor,1,1,post,STATUS_FULL_TIME
614333,2022-01-15 16:00:00,2022,20736,7656,Fatih Karagümrük,Caykur Rizespor,2,0,post,STATUS_FULL_TIME
614341,2022-01-15 16:00:00,2022,3691,997,Sivasspor,Trabzonspor,1,1,post,STATUS_FULL_TIME
614334,2022-01-15 19:00:00,2022,3794,436,Antalyaspor,Fenerbahce,1,1,post,STATUS_FULL_TIME
614332,2022-01-16 13:30:00,2022,3789,9078,Altay Izmir,Alanyaspor,0,2,post,STATUS_FULL_TIME
614338,2022-01-16 16:00:00,2022,21031,6870,Giresunspor,Kasimpasa,0,2,post,STATUS_FULL_TIME
614335,2022-01-16 19:00:00,2022,20737,432,Hatayspor,Galatasaray,4,2,post,STATUS_FULL_TIME
614325,2022-01-18 20:00:00,2022,20736,1895,Fatih Karagümrük,Besiktas,0,1,post,STATUS_FULL_TIME
614322,2022-01-18 20:00:00,2022,7648,20765,Konyaspor,Adana Demirspor,1,0,post,STATUS_FULL_TIME
614330,2022-01-19 17:00:00,2022,789,3691,Goztepe,Sivasspor,2,1,post,STATUS_FULL_TIME
614328,2022-01-19 18:00:00,2022,3643,7914,Kayserispor,Istanbul Basaksehir,1,0,post,STATUS_FULL_TIME
614323,2022-01-19 20:00:00,2022,436,3789,Fenerbahce,Altay Izmir,2,1,post,STATUS_FULL_TIME
614326,2022-01-19 20:00:00,2022,997,21031,Trabzonspor,Giresunspor,1,1,post,STATUS_FULL_TIME
614327,2022-01-20 17:00:00,2022,9078,20737,Alanyaspor,Hatayspor,6,0,post,STATUS_FULL_TIME
614324,2022-01-20 17:00:00,2022,7656,3794,Caykur Rizespor,Antalyaspor,2,1,post,STATUS_FULL_TIME
614329,2022-01-20 20:00:00,2022,432,6870,Galatasaray,Kasimpasa,1,3,post,STATUS_FULL_TIME
614313,2022-01-22 13:30:00,2022,18790,1895,Yeni Malatyaspor,Besiktas,1,1,post,STATUS_FULL_TIME
614315,2022-01-22 16:00:00,2022,20765,20736,Adana Demirspor,Fatih Karagümrük,5,0,post,STATUS_FULL_TIME
614316,2022-01-22 16:00:00,2022,3691,436,Sivasspor,Fenerbahce,1,1,post,STATUS_FULL_TIME
614318,2022-01-22 19:00:00,2022,7914,789,Istanbul Basaksehir,Goztepe,1,2,post,STATUS_FULL_TIME
614314,2022-01-23 13:30:00,2022,20737,7656,Hatayspor,Caykur Rizespor,0,0,post,STATUS_FULL_TIME
614319,2022-01-23 13:30:00,2022,6870,3643,Kasimpasa,Kayserispor,3,1,post,STATUS_FULL_TIME
614317,2022-01-23 16:00:00,2022,3794,20070,Antalyaspor,Gaziantep FK,0,0,post,STATUS_FULL_TIME
614312,2022-01-23 16:00:00,2022,21031,9078,Giresunspor,Alanyaspor,1,3,post,STATUS_FULL_TIME
614320,2022-01-23 16:00:00,2022,3789,7648,Altay Izmir,Konyaspor,0,1,post,STATUS_FULL_TIME
614321,2022-01-23 19:00:00,2022,432,997,Galatasaray,Trabzonspor,1,2,post,STATUS_FULL_TIME
614307,2022-02-04 20:00:00,2022,3643,20737,Kayserispor,Hatayspor,4,3,post,STATUS_FULL_TIME
614306,2022-02-04 20:00:00,2022,7648,21031,Konyaspor,Giresunspor,1,0,post,STATUS_FULL_TIME
614310,2022-02-05 13:30:00,2022,20070,3691,Gaziantep FK,Sivasspor,5,1,post,STATUS_FULL_TIME
614311,2022-02-05 16:00:00,2022,20736,18790,Fatih Karagümrük,Yeni Malatyaspor,1,0,post,STATUS_FULL_TIME
614309,2022-02-05 16:00:00,2022,997,6870,Trabzonspor,Kasimpasa,1,0,post,STATUS_FULL_TIME
614308,2022-02-05 19:00:00,2022,436,7914,Fenerbahce,Istanbul Basaksehir,0,1,post,STATUS_FULL_TIME
614302,2022-02-06 16:00:00,2022,7656,20765,Caykur Rizespor,Adana Demirspor,1,3,post,STATUS_FULL_TIME
614305,2022-02-06 16:00:00,2022,9078,432,Alanyaspor,Galatasaray,1,1,post,STATUS_FULL_TIME
614304,2022-02-06 19:00:00,2022,1895,3794,Besiktas,Antalyaspor,0,0,post,STATUS_FULL_TIME
614303,2022-02-06 19:00:00,2022,789,3789,Goztepe,Altay Izmir,0,2,post,STATUS_FULL_TIME
614294,2022-02-11 20:00:00,2022,3789,7656,Altay Izmir,Caykur Rizespor,0,0,post,STATUS_FULL_TIME
614296,2022-02-12 16:00:00,2022,21031,436,Giresunspor,Fenerbahce,1,2,post,STATUS_FULL_TIME
614297,2022-02-12 16:00:00,2022,7914,20070,Istanbul Basaksehir,Gaziantep FK,2,0,post,STATUS_FULL_TIME
614299,2022-02-12 19:00:00,2022,432,3643,Galatasaray,Kayserispor,1,1,post,STATUS_FULL_TIME
614301,2022-02-13 13:30:00,2022,3691,18790,Sivasspor,Yeni Malatyaspor,2,1,post,STATUS_FULL_TIME
614295,2022-02-13 16:00:00,2022,3794,20736,Antalyaspor,Fatih Karagümrük,3,0,post,STATUS_FULL_TIME
614292,2022-02-13 19:00:00,2022,6870,9078,Kasimpasa,Alanyaspor,2,2,post,STATUS_FULL_TIME
614300,2022-02-13 19:00:00,2022,997,7648,Trabzonspor,Konyaspor,2,1,post,STATUS_FULL_TIME
614293,2022-02-14 20:00:00,2022,20765,1895,Adana Demirspor,Besiktas,1,1,post,STATUS_FULL_TIME
614298,2022-02-14 20:00:00,2022,20737,789,Hatayspor,Goztepe,2,1,post,STATUS_FULL_TIME
614288,2022-02-18 20:00:00,2022,7656,7914,Caykur Rizespor,Istanbul Basaksehir,0,2,post,STATUS_FULL_TIME
614289,2022-02-18 20:00:00,2022,7648,6870,Konyaspor,Kasimpasa,4,4,post,STATUS_FULL_TIME
614284,2022-02-19 13:30:00,2022,18790,3794,Yeni Malatyaspor,Antalyaspor,1,2,post,STATUS_FULL_TIME
614286,2022-02-19 16:00:00,2022,3643,21031,Kayserispor,Giresunspor,2,1,post,STATUS_FULL_TIME
614283,2022-02-19 19:00:00,2022,1895,3789,Besiktas,Altay Izmir,1,0,post,STATUS_FULL_TIME
614282,2022-02-20 13:30:00,2022,20070,20765,Gaziantep FK,Adana Demirspor,0,3,post,STATUS_FULL_TIME
614291,2022-02-20 16:00:00,2022,9078,997,Alanyaspor,Trabzonspor,0,4,post,STATUS_FULL_TIME
614290,2022-02-20 16:00:00,2022,20736,3691,Fatih Karagümrük,Sivasspor,1,0,post,STATUS_FULL_TIME
614287,2022-02-20 19:00:00,2022,436,20737,Fenerbahce,Hatayspor,2,0,post,STATUS_FULL_TIME
614285,2022-02-21 20:00:00,2022,789,432,Goztepe,Galatasaray,2,3,post,STATUS_FULL_TIME
614340,2022-02-22 20:00:00,2022,7914,7648,Istanbul Basaksehir,Konyaspor,2,1,post,STATUS_FULL_TIME
614331,2022-02-23 20:00:00,2022,20070,18790,Gaziantep FK,Yeni Malatyaspor,0,0,post,STATUS_FULL_TIME
614162,2022-02-25 20:00:00,2022,20765,3794,Adana Demirspor,Antalyaspor,0,0,post,STATUS_FULL_TIME
614166,2022-02-25 20:00:00,2022,997,3643,Trabzonspor,Kayserispor,3,2,post,STATUS_FULL_TIME
614168,2022-02-26 16:00:00,2022,7914,20736,Istanbul Basaksehir,Fatih Karagümrük,1,2,post,STATUS_FULL_TIME
614170,2022-02-26 19:00:00,2022,3691,1895,Sivasspor,Besiktas,2,3,post,STATUS_FULL_TIME
614164,2022-02-27 13:30:00,2022,3789,20070,Altay Izmir,Gaziantep FK,3,2,post,STATUS_FULL_TIME
614171,2022-02-27 13:30:00,2022,21031,789,Giresunspor,Goztepe,3,1,post,STATUS_FULL_TIME
614163,2022-02-27 16:00:00,2022,9078,7648,Alanyaspor,Konyaspor,5,1,post,STATUS_FULL_TIME
614167,2022-02-27 16:00:00,2022,20737,18790,Hatayspor,Yeni Malatyaspor,5,2,post,STATUS_FULL_TIME
614165,2022-02-27 19:00:00,2022,432,7656,Galatasaray,Caykur Rizespor,4,2,post,STATUS_FULL_TIME
614169,2022-02-28 20:00:00,2022,6870,436,Kasimpasa,Fenerbahce,1,2,post,STATUS_FULL_TIME
614272,2022-03-04 20:00:00,2022,18790,20765,Yeni Malatyaspor,Adana Demirspor,1,0,post,STATUS_FULL_TIME
614276,2022-03-05 16:00:00,2022,7656,21031,Caykur Rizespor,Giresunspor,1,2,post,STATUS_FULL_TIME
614279,2022-03-05 16:00:00,2022,789,6870,Goztepe,Kasimpasa,2,3,post,STATUS_FULL_TIME
614275,2022-03-05 19:00:00,2022,7648,432,Konyaspor,Galatasaray,2,0,post,STATUS_FULL_TIME
614274,2022-03-06 16:00:00,2022,20736,3789,Fatih Karagümrük,Altay Izmir,0,0,post,STATUS_FULL_TIME
614280,2022-03-06 19:00:00,2022,3794,3691,Antalyaspor,Sivasspor,1,0,post,STATUS_FULL_TIME
614281,2022-03-06 19:00:00,2022,436,997,Fenerbahce,Trabzonspor,1,1,post,STATUS_FULL_TIME
614278,2022-03-07 20:00:00,2022,1895,7914,Besiktas,Istanbul Basaksehir,2,2,post,STATUS_FULL_TIME
614277,2022-03-07 20:00:00,2022,20070,20737,Gaziantep FK,Hatayspor,2,2,post,STATUS_FULL_TIME
614273,2022-03-07 20:00:00,2022,3643,9078,Kayserispor,Alanyaspor,1,2,post,STATUS_FULL_TIME
614265,2022-03-12 13:30:00,2022,20737,20736,Hatayspor,Fatih Karagümrük,3,0,post,STATUS_FULL_TIME
614271,2022-03-12 16:00:00,2022,3789,18790,Altay Izmir,Yeni Malatyaspor,1,0,post,STATUS_FULL_TIME
614264,2022-03-12 16:00:00,2022,6870,7656,Kasimpasa,Caykur Rizespor,3,1,post,STATUS_FULL_TIME
614268,2022-03-12 19:00:00,2022,997,789,Trabzonspor,Goztepe,4,2,post,STATUS_FULL_TIME
614269,2022-03-13 13:30:00,2022,3643,7648,Kayserispor,Konyaspor,2,3,post,STATUS_FULL_TIME
614270,2022-03-13 16:00:00,2022,20765,3691,Adana Demirspor,Sivasspor,2,3,post,STATUS_FULL_TIME
614266,2022-03-13 19:00:00,2022,9078,436,Alanyaspor,Fenerbahce,2,5,post,STATUS_FULL_TIME
614262,2022-03-14 16:00:00,2022,7914,3794,Istanbul Basaksehir,Antalyaspor,0,1,post,STATUS_FULL_TIME
614263,2022-03-14 20:00:00,2022,432,1895,Galatasaray,Besiktas,2,1,post,STATUS_FULL_TIME
614267,2022-03-14 20:00:00,2022,21031,20070,Giresunspor,Gaziantep FK,2,1,post,STATUS_FULL_TIME
614259,2022-03-18 20:00:00,2022,20736,3643,Fatih Karagümrük,Kayserispor,3,0,post,STATUS_FULL_TIME
614261,2022-03-18 20:15:00,2022,7656,997,Caykur Rizespor,Trabzonspor,3,2,post,STATUS_FULL_TIME
614258,2022-03-19 13:30:00,2022,18790,6870,Yeni Malatyaspor,Kasimpasa,0,2,post,STATUS_FULL_TIME
614257,2022-03-19 16:00:00,2022,20765,7914,Adana Demirspor,Istanbul Basaksehir,2,1,post,STATUS_FULL_TIME
614252,2022-03-19 16:00:00,2022,789,9078,Goztepe,Alanyaspor,0,2,post,STATUS_FULL_TIME
614256,2022-03-19 19:00:00,2022,1895,20737,Besiktas,Hatayspor,1,1,post,STATUS_FULL_TIME
614255,2022-03-20 13:30:00,2022,3794,21031,Antalyaspor,Giresunspor,4,1,post,STATUS_FULL_TIME
614253,2022-03-20 13:30:00,2022,3691,3789,Sivasspor,Altay Izmir,2,1,post,STATUS_FULL_TIME
614254,2022-03-20 16:00:00,2022,20070,432,Gaziantep FK,Galatasaray,3,1,post,STATUS_FULL_TIME
614260,2022-03-20 19:00:00,2022,436,7648,Fenerbahce,Konyaspor,2,1,post,STATUS_FULL_TIME
614250,2022-04-02 13:30:00,2022,21031,3691,Giresunspor,Sivasspor,2,2,post,STATUS_FULL_TIME
614243,2022-04-02 16:00:00,2022,3789,3794,Altay Izmir,Antalyaspor,1,2,post,STATUS_FULL_TIME
614247,2022-04-02 16:00:00,2022,3643,436,Kayserispor,Fenerbahce,0,4,post,STATUS_FULL_TIME
614246,2022-04-02 20:30:00,2022,432,20736,Galatasaray,Fatih Karagümrük,2,0,post,STATUS_FULL_TIME
614248,2022-04-03 13:30:00,2022,6870,20070,Kasimpasa,Gaziantep FK,2,1,post,STATUS_FULL_TIME
614245,2022-04-03 16:00:00,2022,9078,7656,Alanyaspor,Caykur Rizespor,2,1,post,STATUS_FULL_TIME
614249,2022-04-03 16:00:00,2022,7648,789,Konyaspor,Goztepe,3,0,post,STATUS_FULL_TIME
614244,2022-04-03 20:30:00,2022,997,1895,Trabzonspor,Besiktas,1,1,post,STATUS_FULL_TIME
614242,2022-04-04 20:30:00,2022,20737,20765,Hatayspor,Adana Demirspor,0,0,post,STATUS_FULL_TIME
614251,2022-04-04 20:30:00,2022,7914,18790,Istanbul Basaksehir,Yeni Malatyaspor,1,0,post,STATUS_FULL_TIME
614238,2022-04-09 13:30:00,2022,20736,6870,Fatih Karagümrük,Kasimpasa,3,2,post,STATUS_FULL_TIME
614240,2022-04-09 16:00:00,2022,7656,7648,Caykur Rizespor,Konyaspor,2,1,post,STATUS_FULL_TIME
614239,2022-04-09 16:00:00,2022,789,3643,Goztepe,Kayserispor,1,2,post,STATUS_FULL_TIME
614232,2022-04-09 20:30:00,2022,1895,9078,Besiktas,Alanyaspor,4,1,post,STATUS_FULL_TIME
614241,2022-04-09 20:30:00,2022,20070,997,Gaziantep FK,Trabzonspor,0,0,post,STATUS_FULL_TIME
614235,2022-04-10 13:30:00,2022,18790,21031,Yeni Malatyaspor,Giresunspor,0,1,post,STATUS_FULL_TIME
614233,2022-04-10 16:00:00,2022,20765,3789,Adana Demirspor,Altay Izmir,3,1,post,STATUS_FULL_TIME
614237,2022-04-10 16:00:00,2022,3691,7914,Sivasspor,Istanbul Basaksehir,0,2,post,STATUS_FULL_TIME
614234,2022-04-10 20:30:00,2022,436,432,Fenerbahce,Galatasaray,2,0,post,STATUS_FULL_TIME
614236,2022-04-11 20:30:00,2022,3794,20737,Antalyaspor,Hatayspor,4,1,post,STATUS_FULL_TIME
614225,2022-04-15 20:30:00,2022,3643,7656,Kayserispor,Caykur Rizespor,1,1,post,STATUS_FULL_TIME
614226,2022-04-15 20:30:00,2022,997,20736,Trabzonspor,Fatih Karagümrük,1,1,post,STATUS_FULL_TIME
614230,2022-04-16 13:30:00,2022,20737,3691,Hatayspor,Sivasspor,1,1,post,STATUS_FULL_TIME
614223,2022-04-16 16:00:00,2022,9078,3794,Alanyaspor,Antalyaspor,1,3,post,STATUS_FULL_TIME
614229,2022-04-16 16:00:00,2022,3789,7914,Altay Izmir,Istanbul Basaksehir,1,1,post,STATUS_FULL_TIME
614228,2022-04-16 20:30:00,2022,436,789,Fenerbahce,Goztepe,2,0,post,STATUS_FULL_TIME
614227,2022-04-17 13:30:00,2022,7648,20070,Konyaspor,Gaziantep FK,4,1,post,STATUS_FULL_TIME
614222,2022-04-17 16:00:00,2022,6870,20765,Kasimpasa,Adana Demirspor,4,0,post,STATUS_FULL_TIME
614224,2022-04-17 20:30:00,2022,21031,1895,Giresunspor,Besiktas,0,0,post,STATUS_FULL_TIME
614231,2022-04-18 20:30:00,2022,432,18790,Galatasaray,Yeni Malatyaspor,2,0,post,STATUS_FULL_TIME
614213,2022-04-22 20:30:00,2022,7656,436,Caykur Rizespor,Fenerbahce,0,6,post,STATUS_FULL_TIME
614215,2022-04-23 16:00:00,2022,20736,21031,Fatih Karagümrük,Giresunspor,2,1,post,STATUS_FULL_TIME
614216,2022-04-23 16:00:00,2022,20070,789,Gaziantep FK,Goztepe,1,1,post,STATUS_FULL_TIME
614221,2022-04-23 20:30:00,2022,20765,997,Adana Demirspor,Trabzonspor,1,3,post,STATUS_FULL_TIME
614217,2022-04-24 16:00:00,2022,7914,20737,Istanbul Basaksehir,Hatayspor,3,0,post,STATUS_FULL_TIME
614220,2022-04-24 16:00:00,2022,18790,7648,Yeni Malatyaspor,Konyaspor,2,3,post,STATUS_FULL_TIME
614219,2022-04-24 20:30:00,2022,3794,3643,Antalyaspor,Kayserispor,1,1,post,STATUS_FULL_TIME
614214,2022-04-24 20:30:00,2022,3789,432,Altay Izmir,Galatasaray,0,1,post,STATUS_FULL_TIME
614218,2022-04-25 20:30:00,2022,1895,6870,Besiktas,Kasimpasa,0,3,post,STATUS_FULL_TIME
614212,2022-04-25 20:30:00,2022,3691,9078,Sivasspor,Alanyaspor,1,0,post,STATUS_FULL_TIME
614208,2022-04-29 20:30:00,2022,436,20070,Fenerbahce,Gaziantep FK,3,2,post,STATUS_FULL_TIME
614202,2022-04-29 20:30:00,2022,21031,20765,Giresunspor,Adana Demirspor,2,0,post,STATUS_FULL_TIME
614209,2022-04-30 16:00:00,2022,6870,7914,Kasimpasa,Istanbul Basaksehir,2,3,post,STATUS_FULL_TIME
614207,2022-04-30 16:00:00,2022,7648,20736,Konyaspor,Fatih Karagümrük,1,2,post,STATUS_FULL_TIME
614203,2022-04-30 20:30:00,2022,20737,3789,Hatayspor,Altay Izmir,0,1,post,STATUS_FULL_TIME
614204,2022-04-30 20:30:00,2022,997,3794,Trabzonspor,Antalyaspor,2,2,post,STATUS_FULL_TIME
614211,2022-05-01 16:00:00,2022,9078,18790,Alanyaspor,Yeni Malatyaspor,2,1,post,STATUS_FULL_TIME
614205,2022-05-01 16:00:00,2022,3643,1895,Kayserispor,Besiktas,2,3,post,STATUS_FULL_TIME
614210,2022-05-01 20:30:00,2022,432,3691,Galatasaray,Sivasspor,2,3,post,STATUS_FULL_TIME
614206,2022-05-01 20:30:00,2022,789,7656,Goztepe,Caykur Rizespor,1,7,post,STATUS_FULL_TIME
614199,2022-05-06 20:00:00,2022,20070,3643,Gaziantep FK,Kayserispor,1,1,post,STATUS_FULL_TIME
614201,2022-05-06 20:00:00,2022,20737,997,Hatayspor,Trabzonspor,1,1,post,STATUS_FULL_TIME
614198,2022-05-07 16:00:00,2022,3691,6870,Sivasspor,Kasimpasa,1,3,post,STATUS_FULL_TIME
614197,2022-05-07 16:00:00,2022,20736,789,Fatih Karagümrük,Goztepe,3,1,post,STATUS_FULL_TIME
614192,2022-05-07 19:00:00,2022,20765,9078,Adana Demirspor,Alanyaspor,1,2,post,STATUS_FULL_TIME
614195,2022-05-07 19:00:00,2022,7914,432,Istanbul Basaksehir,Galatasaray,0,0,post,STATUS_FULL_TIME
614196,2022-05-08 16:00:00,2022,3789,21031,Altay Izmir,Giresunspor,1,1,post,STATUS_FULL_TIME
614193,2022-05-08 16:00:00,2022,18790,7656,Yeni Malatyaspor,Caykur Rizespor,1,3,post,STATUS_FULL_TIME
614194,2022-05-08 19:00:00,2022,1895,436,Besiktas,Fenerbahce,1,1,post,STATUS_FULL_TIME
614200,2022-05-09 20:00:00,2022,3794,7648,Antalyaspor,Konyaspor,3,2,post,STATUS_FULL_TIME
614191,2022-05-14 19:00:00,2022,3643,18790,Kayserispor,Yeni Malatyaspor,3,0,post,STATUS_FULL_TIME
614185,2022-05-15 16:00:00,2022,789,1895,Goztepe,Besiktas,0,2,post,STATUS_FULL_TIME
614183,2022-05-15 16:00:00,2022,997,3789,Trabzonspor,Altay Izmir,2,1,post,STATUS_FULL_TIME
614187,2022-05-15 19:00:00,2022,9078,20070,Alanyaspor,Gaziantep FK,3,0,post,STATUS_FULL_TIME
614186,2022-05-15 19:00:00,2022,436,20736,Fenerbahce,Fatih Karagümrük,0,0,post,STATUS_FULL_TIME
614189,2022-05-15 19:00:00,2022,21031,7914,Giresunspor,Istanbul Basaksehir,1,1,post,STATUS_FULL_TIME
614184,2022-05-15 19:00:00,2022,6870,3794,Kasimpasa,Antalyaspor,2,4,post,STATUS_FULL_TIME
614188,2022-05-15 19:00:00,2022,7648,20737,Konyaspor,Hatayspor,3,1,post,STATUS_FULL_TIME
614182,2022-05-16 20:00:00,2022,432,20765,Galatasaray,Adana Demirspor,3,2,post,STATUS_FULL_TIME
614190,2022-05-16 20:00:00,2022,7656,3691,Caykur Rizespor,Sivasspor,1,2,post,STATUS_FULL_TIME
614173,2022-05-20 20:00:00,2022,20070,7656,Gaziantep FK,Caykur Rizespor,2,0,post,STATUS_FULL_TIME
614175,2022-05-20 20:00:00,2022,3794,432,Antalyaspor,Galatasaray,1,1,post,STATUS_FULL_TIME
614178,2022-05-21 16:00:00,2022,3789,6870,Altay Izmir,Kasimpasa,2,4,post,STATUS_FULL_TIME
614179,2022-05-21 16:00:00,2022,3691,3643,Sivasspor,Kayserispor,2,1,post,STATUS_FULL_TIME
614180,2022-05-21 19:00:00,2022,1895,7648,Besiktas,Konyaspor,1,1,post,STATUS_FULL_TIME
614174,2022-05-21 19:00:00,2022,18790,436,Yeni Malatyaspor,Fenerbahce,0,5,post,STATUS_FULL_TIME
614172,2022-05-22 16:00:00,2022,20736,9078,Fatih Karagümrük,Alanyaspor,0,1,post,STATUS_FULL_TIME
614181,2022-05-22 16:00:00,2022,7914,997,Istanbul Basaksehir,Trabzonspor,3,1,post,STATUS_FULL_TIME
614177,2022-05-22 19:00:00,2022,20765,789,Adana Demirspor,Goztepe,7,0,post,STATUS_FULL_TIME
614176,2022-05-22 19:00:00,2022,20737,21031,Hatayspor,Giresunspor,4,1,post,STATUS_FULL_TIME
645897,2022-08-05 21:00:00,2022,8841,997,Istanbulspor,Trabzonspor,0,2,post,STATUS_FULL_TIME
645893,2022-08-06 19:15:00,2022,3691,20070,Sivasspor,Gaziantep FK,1,1,post,STATUS_FULL_TIME
645892,2022-08-06 21:45:00,2022,1895,3643,Besiktas,Kayserispor,1,0,post,STATUS_FULL_TIME
645894,2022-08-07 19:15:00,2022,20736,9078,Fatih Karagümrük,Alanyaspor,2,4,post,STATUS_FULL_TIME
645895,2022-08-07 19:15:00,2022,21031,20765,Giresunspor,Adana Demirspor,2,3,post,STATUS_FULL_TIME
645891,2022-08-07 21:45:00,2022,3794,432,Antalyaspor,Galatasaray,0,1,post,STATUS_FULL_TIME
645896,2022-08-08 19:15:00,2022,7914,6870,Istanbul Basaksehir,Kasimpasa,4,0,post,STATUS_FULL_TIME
645890,2022-08-08 21:45:00,2022,2429,7648,Ankaragucu,Konyaspor,0,0,post,STATUS_FULL_TIME
645898,2022-08-08 21:45:00,2022,436,20041,Fenerbahce,Umraniyespor,3,3,post,STATUS_FULL_TIME
645906,2022-08-12 21:00:00,2022,997,20737,Trabzonspor,Hatayspor,1,0,post,STATUS_FULL_TIME
645904,2022-08-13 19:15:00,2022,3643,8841,Kayserispor,Istanbulspor,1,0,post,STATUS_FULL_TIME
645899,2022-08-13 21:45:00,2022,20765,3691,Adana Demirspor,Sivasspor,3,0,post,STATUS_FULL_TIME
645901,2022-08-13 21:45:00,2022,432,21031,Galatasaray,Giresunspor,0,1,post,STATUS_FULL_TIME
645902,2022-08-14 19:15:00,2022,20070,2429,Gaziantep FK,Ankaragucu,1,0,post,STATUS_FULL_TIME
645907,2022-08-14 19:15:00,2022,20041,3794,Umraniyespor,Antalyaspor,0,1,post,STATUS_FULL_TIME
645900,2022-08-14 21:45:00,2022,9078,1895,Alanyaspor,Besiktas,3,3,post,STATUS_FULL_TIME
645905,2022-08-15 19:15:00,2022,7648,7914,Konyaspor,Istanbul Basaksehir,0,0,post,STATUS_FULL_TIME
645903,2022-08-15 21:45:00,2022,6870,436,Kasimpasa,Fenerbahce,0,6,post,STATUS_FULL_TIME
645916,2022-08-19 21:00:00,2022,20041,432,Umraniyespor,Galatasaray,0,1,post,STATUS_FULL_TIME
645911,2022-08-20 19:15:00,2022,21031,6870,Giresunspor,Kasimpasa,1,0,post,STATUS_FULL_TIME
645912,2022-08-20 19:15:00,2022,20737,20070,Hatayspor,Gaziantep FK,1,2,post,STATUS_FULL_TIME
645908,2022-08-20 21:45:00,2022,3794,997,Antalyaspor,Trabzonspor,5,2,post,STATUS_FULL_TIME
645913,2022-08-21 19:15:00,2022,7914,3643,Istanbul Basaksehir,Kayserispor,2,0,post,STATUS_FULL_TIME
645909,2022-08-21 21:45:00,2022,1895,20736,Besiktas,Fatih Karagümrük,4,1,post,STATUS_FULL_TIME
645915,2022-08-22 19:15:00,2022,3691,9078,Sivasspor,Alanyaspor,1,1,post,STATUS_FULL_TIME
645914,2022-08-22 19:15:00,2022,8841,7648,Istanbulspor,Konyaspor,0,4,post,STATUS_FULL_TIME
645910,2022-08-22 21:45:00,2022,436,20765,Fenerbahce,Adana Demirspor,4,2,post,STATUS_FULL_TIME
645921,2022-08-26 21:00:00,2022,20070,3794,Gaziantep FK,Antalyaspor,5,2,post,STATUS_FULL_TIME
645920,2022-08-27 19:15:00,2022,20736,2429,Fatih Karagümrük,Ankaragucu,4,1,post,STATUS_FULL_TIME
645917,2022-08-27 21:45:00,2022,20765,20041,Adana Demirspor,Umraniyespor,1,0,post,STATUS_FULL_TIME
645918,2022-08-27 21:45:00,2022,9078,8841,Alanyaspor,Istanbulspor,0,1,post,STATUS_FULL_TIME
645922,2022-08-28 19:15:00,2022,6870,20737,Kasimpasa,Hatayspor,1,0,post,STATUS_FULL_TIME
645923,2022-08-28 19:15:00,2022,3643,21031,Kayserispor,Giresunspor,3,0,post,STATUS_FULL_TIME
645925,2022-08-28 21:45:00,2022,997,432,Trabzonspor,Galatasaray,0,0,post,STATUS_FULL_TIME
645924,2022-08-29 19:15:00,2022,7648,436,Konyaspor,Fenerbahce,1,0,post,STATUS_FULL_TIME
645919,2022-08-29 21:45:00,2022,1895,3691,Besiktas,Sivasspor,3,1,post,STATUS_FULL_TIME
645934,2022-09-02 21:00:00,2022,20041,997,Umraniyespor,Trabzonspor,0,1,post,STATUS_FULL_TIME
645932,2022-09-03 19:15:00,2022,7914,9078,Istanbul Basaksehir,Alanyaspor,2,0,post,STATUS_FULL_TIME
645933,2022-09-03 19:15:00,2022,3691,20736,Sivasspor,Fatih Karagümrük,0,0,post,STATUS_FULL_TIME
645930,2022-09-03 21:45:00,2022,21031,7648,Giresunspor,Konyaspor,0,1,post,STATUS_FULL_TIME
645928,2022-09-03 21:45:00,2022,436,3643,Fenerbahce,Kayserispor,2,0,post,STATUS_FULL_TIME
645931,2022-09-04 19:15:00,2022,20737,20765,Hatayspor,Adana Demirspor,1,1,post,STATUS_FULL_TIME
645926,2022-09-04 21:45:00,2022,2429,1895,Ankaragucu,Besiktas,2,3,post,STATUS_FULL_TIME
645927,2022-09-04 21:45:00,2022,3794,6870,Antalyaspor,Kasimpasa,0,2,post,STATUS_FULL_TIME
645929,2022-09-05 21:00:00,2022,432,20070,Galatasaray,Gaziantep FK,2,1,post,STATUS_FULL_TIME
645936,2022-09-09 20:00:00,2022,9078,2429,Alanyaspor,Ankaragucu,2,1,post,STATUS_FULL_TIME
645942,2022-09-10 17:00:00,2022,7648,20737,Konyaspor,Hatayspor,1,0,post,STATUS_FULL_TIME
645938,2022-09-10 20:00:00,2022,20736,21031,Fatih Karagümrük,Giresunspor,1,1,post,STATUS_FULL_TIME
645943,2022-09-11 17:00:00,2022,3691,8841,Sivasspor,Istanbulspor,1,1,post,STATUS_FULL_TIME
645939,2022-09-11 20:00:00,2022,20070,20041,Gaziantep FK,Umraniyespor,1,1,post,STATUS_FULL_TIME
645940,2022-09-11 20:00:00,2022,6870,432,Kasimpasa,Galatasaray,2,3,post,STATUS_FULL_TIME
645941,2022-09-11 20:00:00,2022,3643,3794,Kayserispor,Antalyaspor,1,0,post,STATUS_FULL_TIME
645937,2022-09-12 19:00:00,2022,1895,7914,Besiktas,Istanbul Basaksehir,0,1,post,STATUS_FULL_TIME
645935,2022-09-12 21:30:00,2022,20765,997,Adana Demirspor,Trabzonspor,3,2,post,STATUS_FULL_TIME
645952,2022-09-16 20:00:00,2022,20737,3643,Hatayspor,Kayserispor,0,4,post,STATUS_FULL_TIME
645947,2022-09-16 20:00:00,2022,432,7648,Galatasaray,Konyaspor,2,1,post,STATUS_FULL_TIME
645951,2022-09-17 17:00:00,2022,20041,6870,Umraniyespor,Kasimpasa,1,2,post,STATUS_FULL_TIME
645950,2022-09-17 20:00:00,2022,8841,1895,Istanbulspor,Besiktas,2,2,post,STATUS_FULL_TIME
645945,2022-09-17 20:00:00,2022,3794,20765,Antalyaspor,Adana Demirspor,0,3,post,STATUS_FULL_TIME
645949,2022-09-18 17:00:00,2022,7914,20736,Istanbul Basaksehir,Fatih Karagümrük,0,0,post,STATUS_FULL_TIME
645948,2022-09-18 17:00:00,2022,997,20070,Trabzonspor,Gaziantep FK,3,2,post,STATUS_FULL_TIME
645944,2022-09-18 20:00:00,2022,2429,3691,Ankaragucu,Sivasspor,2,1,post,STATUS_FULL_TIME
645946,2022-09-18 20:00:00,2022,436,9078,Fenerbahce,Alanyaspor,5,0,post,STATUS_FULL_TIME
645958,2022-10-01 14:30:00,2022,6870,20070,Kasimpasa,Gaziantep FK,1,0,post,STATUS_FULL_TIME
645955,2022-10-01 17:00:00,2022,2429,7914,Ankaragucu,Istanbul Basaksehir,1,2,post,STATUS_FULL_TIME
645959,2022-10-01 17:00:00,2022,3643,997,Kayserispor,Trabzonspor,1,2,post,STATUS_FULL_TIME
645961,2022-10-01 20:00:00,2022,20765,432,Adana Demirspor,Galatasaray,0,0,post,STATUS_FULL_TIME
645954,2022-10-02 14:30:00,2022,9078,21031,Alanyaspor,Giresunspor,1,1,post,STATUS_FULL_TIME
645957,2022-10-02 14:30:00,2022,3691,20737,Sivasspor,Hatayspor,1,2,post,STATUS_FULL_TIME
645960,2022-10-02 17:00:00,2022,7648,20041,Konyaspor,Umraniyespor,1,0,post,STATUS_FULL_TIME
645956,2022-10-02 20:00:00,2022,1895,436,Besiktas,Fenerbahce,0,0,post,STATUS_FULL_TIME
645953,2022-10-03 20:00:00,2022,20736,8841,Fatih Karagümrük,Istanbulspor,1,2,post,STATUS_FULL_TIME
645964,2022-10-07 20:00:00,2022,20070,20765,Gaziantep FK,Adana Demirspor,1,1,post,STATUS_FULL_TIME
645968,2022-10-08 14:30:00,2022,8841,2429,Istanbulspor,Ankaragucu,1,2,post,STATUS_FULL_TIME
645962,2022-10-08 17:00:00,2022,3794,7648,Antalyaspor,Konyaspor,1,1,post,STATUS_FULL_TIME
645965,2022-10-08 20:00:00,2022,21031,1895,Giresunspor,Besiktas,0,1,post,STATUS_FULL_TIME
645970,2022-10-09 14:30:00,2022,20041,3643,Umraniyespor,Kayserispor,2,2,post,STATUS_FULL_TIME
645966,2022-10-09 17:00:00,2022,20737,9078,Hatayspor,Alanyaspor,1,0,post,STATUS_FULL_TIME
645963,2022-10-09 20:00:00,2022,436,20736,Fenerbahce,Fatih Karagümrük,5,4,post,STATUS_FULL_TIME
645967,2022-10-10 20:00:00,2022,7914,3691,Istanbul Basaksehir,Sivasspor,0,2,post,STATUS_FULL_TIME
645969,2022-10-10 20:00:00,2022,997,6870,Trabzonspor,Kasimpasa,0,0,post,STATUS_FULL_TIME
645971,2022-10-14 20:00:00,2022,9078,3794,Alanyaspor,Antalyaspor,3,2,post,STATUS_FULL_TIME
645974,2022-10-15 14:30:00,2022,20736,20737,Fatih Karagümrük,Hatayspor,3,0,post,STATUS_FULL_TIME
645976,2022-10-15 17:00:00,2022,6870,20765,Kasimpasa,Adana Demirspor,1,4,post,STATUS_FULL_TIME
645977,2022-10-15 20:00:00,2022,3643,432,Kayserispor,Galatasaray,2,1,post,STATUS_FULL_TIME
645978,2022-10-15 20:00:00,2022,7648,20070,Konyaspor,Gaziantep FK,0,1,post,STATUS_FULL_TIME
645975,2022-10-16 17:00:00,2022,7914,8841,Istanbul Basaksehir,Istanbulspor,2,0,post,STATUS_FULL_TIME
645973,2022-10-16 20:00:00,2022,1895,997,Besiktas,Trabzonspor,2,2,post,STATUS_FULL_TIME
645972,2022-10-17 20:00:00,2022,2429,436,Ankaragucu,Fenerbahce,0,3,post,STATUS_FULL_TIME
645979,2022-10-17 20:00:00,2022,3691,21031,Sivasspor,Giresunspor,3,0,post,STATUS_FULL_TIME
645981,2022-10-21 20:00:00,2022,3794,8841,Antalyaspor,Istanbulspor,2,1,post,STATUS_FULL_TIME
645988,2022-10-22 14:30:00,2022,20041,20736,Umraniyespor,Fatih Karagümrük,1,3,post,STATUS_FULL_TIME
645987,2022-10-22 17:00:00,2022,997,3691,Trabzonspor,Sivasspor,1,0,post,STATUS_FULL_TIME
645982,2022-10-22 20:00:00,2022,436,7914,Fenerbahce,Istanbul Basaksehir,1,0,post,STATUS_FULL_TIME
645986,2022-10-23 14:30:00,2022,6870,3643,Kasimpasa,Kayserispor,0,1,post,STATUS_FULL_TIME
645980,2022-10-23 17:00:00,2022,20765,7648,Adana Demirspor,Konyaspor,1,1,post,STATUS_FULL_TIME
645983,2022-10-23 20:00:00,2022,432,9078,Galatasaray,Alanyaspor,2,2,post,STATUS_FULL_TIME
645984,2022-10-24 20:00:00,2022,21031,2429,Giresunspor,Ankaragucu,1,1,post,STATUS_FULL_TIME
645985,2022-10-24 20:00:00,2022,20737,1895,Hatayspor,Besiktas,2,1,post,STATUS_FULL_TIME
645992,2022-10-28 20:00:00,2022,20736,432,Fatih Karagümrük,Galatasaray,0,2,post,STATUS_FULL_TIME
645996,2022-10-29 14:30:00,2022,7648,6870,Konyaspor,Kasimpasa,1,1,post,STATUS_FULL_TIME
645989,2022-10-29 20:00:00,2022,9078,20070,Alanyaspor,Gaziantep FK,2,0,post,STATUS_FULL_TIME
645990,2022-10-30 14:30:00,2022,2429,20737,Ankaragucu,Hatayspor,4,1,post,STATUS_FULL_TIME
645993,2022-10-30 17:00:00,2022,1895,20041,Besiktas,Umraniyespor,5,2,post,STATUS_FULL_TIME
645995,2022-10-30 17:00:00,2022,3643,20765,Kayserispor,Adana Demirspor,2,2,post,STATUS_FULL_TIME
645994,2022-10-30 20:00:00,2022,8841,436,Istanbulspor,Fenerbahce,2,5,post,STATUS_FULL_TIME
645997,2022-10-31 20:00:00,2022,7914,21031,Istanbul Basaksehir,Giresunspor,3,1,post,STATUS_FULL_TIME
645991,2022-10-31 20:00:00,2022,3691,3794,Sivasspor,Antalyaspor,0,2,post,STATUS_FULL_TIME
646002,2022-11-04 20:00:00,2022,20041,9078,Umraniyespor,Alanyaspor,3,1,post,STATUS_FULL_TIME
646000,2022-11-04 20:00:00,2022,6870,2429,Kasimpasa,Ankaragucu,1,1,post,STATUS_FULL_TIME
645998,2022-11-05 14:30:00,2022,21031,8841,Giresunspor,Istanbulspor,3,2,post,STATUS_FULL_TIME
646006,2022-11-05 20:00:00,2022,432,1895,Galatasaray,Besiktas,2,1,post,STATUS_FULL_TIME
646003,2022-11-06 14:30:00,2022,20070,3643,Gaziantep FK,Kayserispor,1,2,post,STATUS_FULL_TIME
646004,2022-11-06 17:00:00,2022,3794,20736,Antalyaspor,Fatih Karagümrük,4,2,post,STATUS_FULL_TIME
646005,2022-11-06 20:00:00,2022,997,7648,Trabzonspor,Konyaspor,2,2,post,STATUS_FULL_TIME
646001,2022-11-07 20:00:00,2022,436,3691,Fenerbahce,Sivasspor,1,0,post,STATUS_FULL_TIME
645999,2022-11-07 20:00:00,2022,20737,7914,Hatayspor,Istanbul Basaksehir,3,3,post,STATUS_FULL_TIME
646009,2022-11-11 20:00:00,2022,9078,20765,Alanyaspor,Adana Demirspor,0,0,post,STATUS_FULL_TIME
646012,2022-11-11 20:00:00,2022,2429,997,Ankaragucu,Trabzonspor,1,1,post,STATUS_FULL_TIME
646015,2022-11-12 14:30:00,2022,3691,20041,Sivasspor,Umraniyespor,2,2,post,STATUS_FULL_TIME
646007,2022-11-12 17:00:00,2022,436,21031,Fenerbahce,Giresunspor,1,2,post,STATUS_FULL_TIME
646008,2022-11-12 20:00:00,2022,7914,432,Istanbul Basaksehir,Galatasaray,0,7,post,STATUS_FULL_TIME
646014,2022-11-13 14:30:00,2022,20736,20070,Fatih Karagümrük,Gaziantep FK,3,3,post,STATUS_FULL_TIME
646010,2022-11-13 17:00:00,2022,3643,7648,Kayserispor,Konyaspor,1,2,post,STATUS_FULL_TIME
646013,2022-11-13 17:00:00,2022,8841,20737,Istanbulspor,Hatayspor,0,1,post,STATUS_FULL_TIME
646024,2022-12-23 20:00:00,2022,20041,7914,Umraniyespor,Istanbul Basaksehir,1,3,post,STATUS_FULL_TIME
646019,2022-12-23 20:00:00,2022,3794,2429,Antalyaspor,Ankaragucu,0,2,post,STATUS_FULL_TIME
646020,2022-12-24 13:30:00,2022,20737,21031,Hatayspor,Giresunspor,1,1,post,STATUS_FULL_TIME
646023,2022-12-24 16:00:00,2022,6870,3691,Kasimpasa,Sivasspor,1,2,post,STATUS_FULL_TIME
646021,2022-12-24 19:00:00,2022,997,436,Trabzonspor,Fenerbahce,2,0,post,STATUS_FULL_TIME
646016,2022-12-25 13:30:00,2022,20765,20736,Adana Demirspor,Fatih Karagümrük,2,1,post,STATUS_FULL_TIME
646017,2022-12-25 16:00:00,2022,20070,1895,Gaziantep FK,Besiktas,1,1,post,STATUS_FULL_TIME
646022,2022-12-25 16:00:00,2022,7648,9078,Konyaspor,Alanyaspor,2,2,post,STATUS_FULL_TIME
646018,2022-12-25 19:00:00,2022,432,8841,Galatasaray,Istanbulspor,2,1,post,STATUS_FULL_TIME
646026,2022-12-27 17:00:00,2022,2429,20041,Ankaragucu,Umraniyespor,1,2,post,STATUS_FULL_TIME
646031,2022-12-27 17:00:00,2022,7914,3794,Istanbul Basaksehir,Antalyaspor,2,0,post,STATUS_FULL_TIME
646033,2022-12-27 20:00:00,2022,436,20737,Fenerbahce,Hatayspor,4,0,post,STATUS_FULL_TIME
646025,2022-12-28 17:00:00,2022,9078,3643,Alanyaspor,Kayserispor,3,1,post,STATUS_FULL_TIME
646032,2022-12-28 17:00:00,2022,8841,6870,Istanbulspor,Kasimpasa,2,1,post,STATUS_FULL_TIME
646028,2022-12-28 20:00:00,2022,20736,997,Fatih Karagümrük,Trabzonspor,4,1,post,STATUS_FULL_TIME
646030,2022-12-29 17:00:00,2022,21031,20070,Giresunspor,Gaziantep FK,2,1,post,STATUS_FULL_TIME
646027,2022-12-29 17:00:00,2022,3691,432,Sivasspor,Galatasaray,1,2,post,STATUS_FULL_TIME
646029,2022-12-29 20:00:00,2022,1895,20765,Besiktas,Adana Demirspor,1,0,post,STATUS_FULL_TIME
646042,2023-01-03 17:00:00,2023,20041,20737,Umraniyespor,Hatayspor,2,2,post,STATUS_FULL_TIME
646035,2023-01-03 20:00:00,2023,3794,436,Antalyaspor,Fenerbahce,1,2,post,STATUS_FULL_TIME
646038,2023-01-04 17:00:00,2023,6870,9078,Kasimpasa,Alanyaspor,4,1,post,STATUS_FULL_TIME
646039,2023-01-04 17:00:00,2023,3643,20736,Kayserispor,Fatih Karagümrük,2,4,post,STATUS_FULL_TIME
646036,2023-01-04 20:00:00,2023,432,2429,Galatasaray,Ankaragucu,2,1,post,STATUS_FULL_TIME
646040,2023-01-04 20:00:00,2023,7648,3691,Konyaspor,Sivasspor,2,2,post,STATUS_FULL_TIME
646037,2023-01-05 17:00:00,2023,20070,7914,Gaziantep FK,Istanbul Basaksehir,1,1,post,STATUS_FULL_TIME
646034,2023-01-05 20:00:00,2023,20765,8841,Adana Demirspor,Istanbulspor,6,0,post,STATUS_FULL_TIME
646041,2023-01-05 20:00:00,2023,997,21031,Trabzonspor,Giresunspor,3,0,post,STATUS_FULL_TIME
646049,2023-01-07 16:00:00,2023,20737,3794,Hatayspor,Antalyaspor,0,0,post,STATUS_FULL_TIME
646045,2023-01-07 19:00:00,2023,1895,6870,Besiktas,Kasimpasa,2,1,post,STATUS_FULL_TIME
646046,2023-01-08 13:30:00,2023,20736,7648,Fatih Karagümrük,Konyaspor,3,3,post,STATUS_FULL_TIME
646044,2023-01-08 16:00:00,2023,2429,3643,Ankaragucu,Kayserispor,2,1,post,STATUS_FULL_TIME
646048,2023-01-08 16:00:00,2023,21031,20041,Giresunspor,Umraniyespor,0,1,post,STATUS_FULL_TIME
646047,2023-01-08 19:00:00,2023,436,432,Fenerbahce,Galatasaray,0,3,post,STATUS_FULL_TIME
646050,2023-01-09 17:00:00,2023,7914,20765,Istanbul Basaksehir,Adana Demirspor,2,1,post,STATUS_FULL_TIME
646043,2023-01-09 20:00:00,2023,9078,997,Alanyaspor,Trabzonspor,5,0,post,STATUS_FULL_TIME
646051,2023-01-09 20:00:00,2023,8841,20070,Istanbulspor,Gaziantep FK,1,1,post,STATUS_FULL_TIME
646057,2023-01-13 19:00:00,2023,3643,3691,Kayserispor,Sivasspor,4,1,post,STATUS_FULL_TIME
646054,2023-01-13 20:00:00,2023,432,20737,Galatasaray,Hatayspor,4,0,post,STATUS_FULL_TIME
646053,2023-01-14 13:30:00,2023,3794,21031,Antalyaspor,Giresunspor,2,2,post,STATUS_FULL_TIME
646052,2023-01-14 16:00:00,2023,20765,2429,Adana Demirspor,Ankaragucu,3,1,post,STATUS_FULL_TIME
646058,2023-01-14 16:00:00,2023,7648,1895,Konyaspor,Besiktas,1,2,post,STATUS_FULL_TIME
646056,2023-01-14 19:00:00,2023,997,7914,Trabzonspor,Istanbul Basaksehir,1,0,post,STATUS_FULL_TIME
646059,2023-01-15 13:30:00,2023,20041,8841,Umraniyespor,Istanbulspor,0,2,post,STATUS_FULL_TIME
646060,2023-01-15 16:00:00,2023,6870,20736,Kasimpasa,Fatih Karagümrük,2,2,post,STATUS_FULL_TIME
646055,2023-01-15 19:00:00,2023,20070,436,Gaziantep FK,Fenerbahce,1,2,post,STATUS_FULL_TIME
646061,2023-01-20 20:00:00,2023,20765,21031,Adana Demirspor,Giresunspor,1,1,post,STATUS_FULL_TIME
646065,2023-01-21 16:00:00,2023,6870,7914,Kasimpasa,Istanbul Basaksehir,1,3,post,STATUS_FULL_TIME
646063,2023-01-21 19:00:00,2023,432,3794,Galatasaray,Antalyaspor,2,1,post,STATUS_FULL_TIME
646064,2023-01-22 13:30:00,2023,20070,3691,Gaziantep FK,Sivasspor,1,2,post,STATUS_FULL_TIME
646062,2023-01-22 16:00:00,2023,9078,20736,Alanyaspor,Fatih Karagümrük,2,2,post,STATUS_FULL_TIME
646066,2023-01-22 16:00:00,2023,3643,1895,Kayserispor,Besiktas,0,2,post,STATUS_FULL_TIME
646068,2023-01-22 19:00:00,2023,997,8841,Trabzonspor,Istanbulspor,4,0,post,STATUS_FULL_TIME
646069,2023-01-23 20:00:00,2023,20041,436,Umraniyespor,Fenerbahce,1,2,post,STATUS_FULL_TIME
646067,2023-01-23 20:00:00,2023,7648,2429,Konyaspor,Ankaragucu,0,1,post,STATUS_FULL_TIME
646078,2023-01-27 20:00:00,2023,1895,9078,Besiktas,Alanyaspor,3,0,post,STATUS_FULL_TIME
646076,2023-01-28 13:30:00,2023,3691,20765,Sivasspor,Adana Demirspor,1,2,post,STATUS_FULL_TIME
646070,2023-01-28 16:00:00,2023,2429,20070,Ankaragucu,Gaziantep FK,0,2,post,STATUS_FULL_TIME
646075,2023-01-28 16:00:00,2023,20737,997,Hatayspor,Trabzonspor,2,1,post,STATUS_FULL_TIME
646071,2023-01-28 19:00:00,2023,3794,20041,Antalyaspor,Umraniyespor,3,2,post,STATUS_FULL_TIME
646072,2023-01-28 19:00:00,2023,21031,432,Giresunspor,Galatasaray,0,4,post,STATUS_FULL_TIME
646073,2023-01-29 13:30:00,2023,8841,3643,Istanbulspor,Kayserispor,2,4,post,STATUS_FULL_TIME
646077,2023-01-29 19:00:00,2023,436,6870,Fenerbahce,Kasimpasa,5,1,post,STATUS_FULL_TIME
646074,2023-01-29 19:00:00,2023,7914,7648,Istanbul Basaksehir,Konyaspor,2,0,post,STATUS_FULL_TIME
646083,2023-01-31 17:00:00,2023,9078,3691,Alanyaspor,Sivasspor,0,3,post,STATUS_FULL_TIME
646086,2023-01-31 20:00:00,2023,20736,1895,Fatih Karagümrük,Besiktas,1,1,post,STATUS_FULL_TIME
646081,2023-02-01 17:00:00,2023,20070,20737,Gaziantep FK,Hatayspor,4,1,post,STATUS_FULL_TIME
646082,2023-02-01 17:00:00,2023,6870,21031,Kasimpasa,Giresunspor,5,1,post,STATUS_FULL_TIME
646085,2023-02-01 20:00:00,2023,997,3794,Trabzonspor,Antalyaspor,2,0,post,STATUS_FULL_TIME
646079,2023-02-01 20:00:00,2023,432,20041,Galatasaray,Umraniyespor,3,2,post,STATUS_FULL_TIME
646084,2023-02-02 17:00:00,2023,7648,8841,Konyaspor,Istanbulspor,0,1,post,STATUS_FULL_TIME
646087,2023-02-02 17:00:00,2023,3643,7914,Kayserispor,Istanbul Basaksehir,1,0,post,STATUS_FULL_TIME
646080,2023-02-02 20:00:00,2023,20765,436,Adana Demirspor,Fenerbahce,1,1,post,STATUS_FULL_TIME
646088,2023-02-04 13:30:00,2023,2429,20736,Ankaragucu,Fatih Karagümrük,0,2,post,STATUS_FULL_TIME
646089,2023-02-04 16:00:00,2023,3691,1895,Sivasspor,Besiktas,1,0,post,STATUS_FULL_TIME
646095,2023-02-04 19:00:00,2023,3794,20070,Antalyaspor,Gaziantep FK,1,0,post,STATUS_FULL_TIME
646090,2023-02-05 13:30:00,2023,8841,9078,Istanbulspor,Alanyaspor,2,1,post,STATUS_FULL_TIME
646091,2023-02-05 16:00:00,2023,20737,6870,Hatayspor,Kasimpasa,1,0,post,STATUS_FULL_TIME
646093,2023-02-05 19:00:00,2023,432,997,Galatasaray,Trabzonspor,2,1,post,STATUS_FULL_TIME
646094,2023-02-25 19:00:00,2023,436,7648,Fenerbahce,Konyaspor,4,0,post,STATUS_FULL_TIME
646092,2023-02-25 19:00:00,2023,21031,3643,Giresunspor,Kayserispor,1,2,post,STATUS_FULL_TIME
646096,2023-02-26 16:00:00,2023,20041,20765,Umraniyespor,Adana Demirspor,1,1,post,STATUS_FULL_TIME
646011,2023-02-26 19:00:00,2023,1895,3794,Besiktas,Antalyaspor,0,0,post,STATUS_FULL_TIME
646103,2023-03-03 20:00:00,2023,9078,7914,Alanyaspor,Istanbul Basaksehir,1,0,post,STATUS_FULL_TIME
646104,2023-03-04 13:30:00,2023,20736,3691,Fatih Karagümrük,Sivasspor,4,3,post,STATUS_FULL_TIME
646100,2023-03-04 16:00:00,2023,997,20041,Trabzonspor,Umraniyespor,1,2,post,STATUS_FULL_TIME
646098,2023-03-04 19:00:00,2023,3643,436,Kayserispor,Fenerbahce,1,2,post,STATUS_FULL_TIME
646099,2023-03-05 16:00:00,2023,7648,21031,Konyaspor,Giresunspor,0,0,post,STATUS_FULL_TIME
646102,2023-03-05 19:00:00,2023,20765,20737,Adana Demirspor,Hatayspor,3,0,post,STATUS_FULL_TIME
646105,2023-03-05 19:00:00,2023,1895,2429,Besiktas,Ankaragucu,2,1,post,STATUS_FULL_TIME
646101,2023-03-05 19:00:00,2023,20070,432,Gaziantep FK,Galatasaray,0,3,post,STATUS_FULL_TIME
646097,2023-03-06 20:00:00,2023,6870,3794,Kasimpasa,Antalyaspor,3,1,post,STATUS_FULL_TIME
646113,2023-03-10 20:00:00,2023,21031,20736,Giresunspor,Fatih Karagümrük,2,2,post,STATUS_FULL_TIME
646107,2023-03-11 16:00:00,2023,3794,3643,Antalyaspor,Kayserispor,4,0,post,STATUS_FULL_TIME
646110,2023-03-11 19:00:00,2023,432,6870,Galatasaray,Kasimpasa,1,0,post,STATUS_FULL_TIME
646106,2023-03-12 13:30:00,2023,2429,9078,Ankaragucu,Alanyaspor,2,0,post,STATUS_FULL_TIME
646109,2023-03-12 16:00:00,2023,997,20765,Trabzonspor,Adana Demirspor,4,1,post,STATUS_FULL_TIME
646112,2023-03-12 19:00:00,2023,20737,7648,Hatayspor,Konyaspor,0,3,post,STATUS_FULL_TIME
646111,2023-03-12 19:00:00,2023,7914,1895,Istanbul Basaksehir,Besiktas,0,2,post,STATUS_FULL_TIME
646108,2023-03-12 19:00:00,2023,20041,20070,Umraniyespor,Gaziantep FK,3,0,post,STATUS_FULL_TIME
646114,2023-03-13 20:00:00,2023,8841,3691,Istanbulspor,Sivasspor,3,0,post,STATUS_FULL_TIME
646115,2023-03-17 20:00:00,2023,7648,432,Konyaspor,Galatasaray,2,1,post,STATUS_FULL_TIME
646121,2023-03-18 13:30:00,2023,6870,20041,Kasimpasa,Umraniyespor,1,1,post,STATUS_FULL_TIME
646122,2023-03-18 16:00:00,2023,20765,3794,Adana Demirspor,Antalyaspor,2,0,post,STATUS_FULL_TIME
646117,2023-03-18 19:00:00,2023,1895,8841,Besiktas,Istanbulspor,3,1,post,STATUS_FULL_TIME
646118,2023-03-19 16:00:00,2023,20736,7914,Fatih Karagümrük,Istanbul Basaksehir,2,2,post,STATUS_FULL_TIME
646119,2023-03-19 16:00:00,2023,3691,2429,Sivasspor,Ankaragucu,2,0,post,STATUS_FULL_TIME
646116,2023-03-19 19:00:00,2023,9078,436,Alanyaspor,Fenerbahce,1,3,post,STATUS_FULL_TIME
646123,2023-03-19 19:00:00,2023,20070,997,Gaziantep FK,Trabzonspor,0,3,post,STATUS_FULL_TIME
646120,2023-03-19 19:00:00,2023,3643,20737,Kayserispor,Hatayspor,3,0,post,STATUS_FULL_TIME
646129,2023-04-01 16:00:00,2023,7914,2429,Istanbul Basaksehir,Ankaragucu,1,0,post,STATUS_FULL_TIME
646131,2023-04-01 16:00:00,2023,997,3643,Trabzonspor,Kayserispor,3,4,post,STATUS_FULL_TIME
646125,2023-04-01 20:30:00,2023,432,20765,Galatasaray,Adana Demirspor,2,0,post,STATUS_FULL_TIME
646132,2023-04-02 13:30:00,2023,20041,7648,Umraniyespor,Konyaspor,2,2,post,STATUS_FULL_TIME
646127,2023-04-02 16:00:00,2023,21031,9078,Giresunspor,Alanyaspor,2,2,post,STATUS_FULL_TIME
646126,2023-04-02 19:00:00,2023,20070,6870,Gaziantep FK,Kasimpasa,0,3,post,STATUS_FULL_TIME
646128,2023-04-02 19:00:00,2023,20737,3691,Hatayspor,Sivasspor,0,3,post,STATUS_FULL_TIME
646124,2023-04-02 20:30:00,2023,436,1895,Fenerbahce,Besiktas,2,4,post,STATUS_FULL_TIME
646130,2023-04-03 20:30:00,2023,8841,20736,Istanbulspor,Fatih Karagümrük,0,1,post,STATUS_FULL_TIME
646140,2023-04-07 20:30:00,2023,7648,3794,Konyaspor,Antalyaspor,1,1,post,STATUS_FULL_TIME
646135,2023-04-08 16:00:00,2023,2429,8841,Ankaragucu,Istanbulspor,3,2,post,STATUS_FULL_TIME
646138,2023-04-08 20:30:00,2023,6870,997,Kasimpasa,Trabzonspor,2,0,post,STATUS_FULL_TIME
646141,2023-04-09 16:00:00,2023,3691,7914,Sivasspor,Istanbul Basaksehir,1,1,post,STATUS_FULL_TIME
646133,2023-04-09 19:00:00,2023,20765,20070,Adana Demirspor,Gaziantep FK,3,0,post,STATUS_FULL_TIME
646134,2023-04-09 19:00:00,2023,9078,20737,Alanyaspor,Hatayspor,3,0,post,STATUS_FULL_TIME
646136,2023-04-09 20:30:00,2023,1895,21031,Besiktas,Giresunspor,3,1,post,STATUS_FULL_TIME
646139,2023-04-10 16:00:00,2023,3643,20041,Kayserispor,Umraniyespor,3,1,post,STATUS_FULL_TIME
646137,2023-04-10 20:30:00,2023,20736,436,Fatih Karagümrük,Fenerbahce,1,2,post,STATUS_FULL_TIME
646143,2023-04-14 20:30:00,2023,3794,9078,Antalyaspor,Alanyaspor,3,1,post,STATUS_FULL_TIME
646145,2023-04-14 20:30:00,2023,432,3643,Galatasaray,Kayserispor,6,0,post,STATUS_FULL_TIME
646142,2023-04-15 16:00:00,2023,20765,6870,Adana Demirspor,Kasimpasa,5,0,post,STATUS_FULL_TIME
646146,2023-04-15 16:00:00,2023,8841,7914,Istanbulspor,Istanbul Basaksehir,1,0,post,STATUS_FULL_TIME
646150,2023-04-15 19:00:00,2023,20070,7648,Gaziantep FK,Konyaspor,0,3,post,STATUS_FULL_TIME
646148,2023-04-15 19:00:00,2023,20737,20736,Hatayspor,Fatih Karagümrük,0,3,post,STATUS_FULL_TIME
646144,2023-04-15 20:30:00,2023,436,2429,Fenerbahce,Ankaragucu,2,1,post,STATUS_FULL_TIME
646147,2023-04-16 16:00:00,2023,21031,3691,Giresunspor,Sivasspor,1,0,post,STATUS_FULL_TIME
646149,2023-04-16 20:30:00,2023,997,1895,Trabzonspor,Besiktas,0,0,post,STATUS_FULL_TIME
646155,2023-04-18 20:30:00,2023,20736,20041,Fatih Karagümrük,Umraniyespor,4,2,post,STATUS_FULL_TIME
646152,2023-04-18 20:30:00,2023,9078,432,Alanyaspor,Galatasaray,1,4,post,STATUS_FULL_TIME
646154,2023-04-19 17:00:00,2023,8841,3794,Istanbulspor,Antalyaspor,3,3,post,STATUS_FULL_TIME
646159,2023-04-19 17:00:00,2023,3643,6870,Kayserispor,Kasimpasa,0,0,post,STATUS_FULL_TIME
646158,2023-04-19 19:00:00,2023,1895,20737,Besiktas,Hatayspor,3,0,post,STATUS_FULL_TIME
646153,2023-04-19 20:30:00,2023,7914,436,Istanbul Basaksehir,Fenerbahce,1,2,post,STATUS_FULL_TIME
646156,2023-04-19 20:30:00,2023,7648,20765,Konyaspor,Adana Demirspor,1,2,post,STATUS_FULL_TIME
646151,2023-04-20 17:00:00,2023,2429,21031,Ankaragucu,Giresunspor,3,1,post,STATUS_FULL_TIME
646157,2023-04-20 20:30:00,2023,3691,997,Sivasspor,Trabzonspor,4,1,post,STATUS_FULL_TIME
646164,2023-04-22 19:00:00,2023,20041,1895,Umraniyespor,Besiktas,0,2,post,STATUS_FULL_TIME
646167,2023-04-23 13:30:00,2023,6870,7648,Kasimpasa,Konyaspor,1,2,post,STATUS_FULL_TIME
646168,2023-04-23 16:00:00,2023,20765,3643,Adana Demirspor,Kayserispor,5,3,post,STATUS_FULL_TIME
646163,2023-04-23 19:00:00,2023,432,20736,Galatasaray,Fatih Karagümrük,3,3,post,STATUS_FULL_TIME
646160,2023-04-23 19:00:00,2023,20070,9078,Gaziantep FK,Alanyaspor,0,3,post,STATUS_FULL_TIME
646166,2023-04-23 19:00:00,2023,20737,2429,Hatayspor,Ankaragucu,0,3,post,STATUS_FULL_TIME
646165,2023-04-24 17:00:00,2023,21031,7914,Giresunspor,Istanbul Basaksehir,2,4,post,STATUS_FULL_TIME
646162,2023-04-24 20:00:00,2023,436,8841,Fenerbahce,Istanbulspor,3,3,post,STATUS_FULL_TIME
646161,2023-04-24 20:00:00,2023,3794,3691,Antalyaspor,Sivasspor,1,2,post,STATUS_FULL_TIME
646175,2023-04-28 20:00:00,2023,9078,20041,Alanyaspor,Umraniyespor,1,0,post,STATUS_FULL_TIME
646169,2023-04-29 16:00:00,2023,20736,3794,Fatih Karagümrük,Antalyaspor,0,1,post,STATUS_FULL_TIME
646172,2023-04-29 16:00:00,2023,7648,997,Konyaspor,Trabzonspor,2,1,post,STATUS_FULL_TIME
646176,2023-04-29 19:00:00,2023,2429,6870,Ankaragucu,Kasimpasa,0,0,post,STATUS_FULL_TIME
646177,2023-04-29 19:00:00,2023,3691,436,Sivasspor,Fenerbahce,1,3,post,STATUS_FULL_TIME
646171,2023-04-30 19:00:00,2023,3643,20070,Kayserispor,Gaziantep FK,3,0,post,STATUS_FULL_TIME
646173,2023-04-30 19:00:00,2023,1895,432,Besiktas,Galatasaray,3,1,post,STATUS_FULL_TIME
646174,2023-04-30 19:00:00,2023,7914,20737,Istanbul Basaksehir,Hatayspor,3,0,post,STATUS_FULL_TIME
646170,2023-05-01 20:00:00,2023,8841,21031,Istanbulspor,Giresunspor,1,0,post,STATUS_FULL_TIME
646185,2023-05-06 19:00:00,2023,3794,1895,Antalyaspor,Besiktas,1,3,post,STATUS_FULL_TIME
646186,2023-05-06 21:00:00,2023,20765,9078,Adana Demirspor,Alanyaspor,4,2,post,STATUS_FULL_TIME
646184,2023-05-07 13:30:00,2023,20041,3691,Umraniyespor,Sivasspor,4,1,post,STATUS_FULL_TIME
646182,2023-05-07 16:00:00,2023,7648,3643,Konyaspor,Kayserispor,2,2,post,STATUS_FULL_TIME
646180,2023-05-07 19:00:00,2023,21031,436,Giresunspor,Fenerbahce,1,1,post,STATUS_FULL_TIME
646179,2023-05-07 19:00:00,2023,20070,20736,Gaziantep FK,Fatih Karagümrük,0,3,post,STATUS_FULL_TIME
646181,2023-05-07 19:00:00,2023,20737,8841,Hatayspor,Istanbulspor,0,3,post,STATUS_FULL_TIME
646183,2023-05-08 20:00:00,2023,997,2429,Trabzonspor,Ankaragucu,2,0,post,STATUS_FULL_TIME
646178,2023-05-08 20:00:00,2023,432,7914,Galatasaray,Istanbul Basaksehir,1,0,post,STATUS_FULL_TIME
646195,2023-05-16 17:00:00,2023,3691,6870,Sivasspor,Kasimpasa,1,2,post,STATUS_FULL_TIME
646187,2023-05-16 20:00:00,2023,9078,7648,Alanyaspor,Konyaspor,0,3,post,STATUS_FULL_TIME
646191,2023-05-16 20:00:00,2023,8841,432,Istanbulspor,Galatasaray,0,2,post,STATUS_FULL_TIME
646190,2023-05-17 17:00:00,2023,7914,20041,Istanbul Basaksehir,Umraniyespor,1,1,post,STATUS_FULL_TIME
646193,2023-05-17 19:00:00,2023,1895,20070,Besiktas,Gaziantep FK,3,0,post,STATUS_FULL_TIME
646189,2023-05-17 19:00:00,2023,21031,20737,Giresunspor,Hatayspor,3,0,post,STATUS_FULL_TIME
646194,2023-05-17 20:00:00,2023,2429,3794,Ankaragucu,Antalyaspor,1,1,post,STATUS_FULL_TIME
646192,2023-05-17 20:00:00,2023,20736,20765,Fatih Karagümrük,Adana Demirspor,2,3,post,STATUS_FULL_TIME
646188,2023-05-18 20:00:00,2023,436,997,Fenerbahce,Trabzonspor,3,1,post,STATUS_FULL_TIME
646201,2023-05-20 16:00:00,2023,6870,8841,Kasimpasa,Istanbulspor,1,0,post,STATUS_FULL_TIME
646198,2023-05-20 19:00:00,2023,432,3691,Galatasaray,Sivasspor,2,0,post,STATUS_FULL_TIME
646202,2023-05-20 19:00:00,2023,3643,9078,Kayserispor,Alanyaspor,0,4,post,STATUS_FULL_TIME
646199,2023-05-21 16:00:00,2023,20041,2429,Umraniyespor,Ankaragucu,1,2,post,STATUS_FULL_TIME
646204,2023-05-21 19:00:00,2023,20737,436,Hatayspor,Fenerbahce,0,3,post,STATUS_FULL_TIME
646200,2023-05-21 19:00:00,2023,20070,21031,Gaziantep FK,Giresunspor,0,3,post,STATUS_FULL_TIME
646197,2023-05-21 19:00:00,2023,3794,7914,Antalyaspor,Istanbul Basaksehir,0,0,post,STATUS_FULL_TIME
646196,2023-05-21 19:00:00,2023,20765,1895,Adana Demirspor,Besiktas,1,4,post,STATUS_FULL_TIME
646203,2023-05-22 20:00:00,2023,997,20736,Trabzonspor,Fatih Karagümrük,4,1,post,STATUS_FULL_TIME
646205,2023-05-30 20:00:00,2023,9078,6870,Alanyaspor,Kasimpasa,1,3,post,STATUS_FULL_TIME
646206,2023-05-30 20:00:00,2023,2429,432,Ankaragucu,Galatasaray,1,4,post,STATUS_FULL_TIME
646207,2023-05-30 20:00:00,2023,20736,3643,Fatih Karagümrük,Kayserispor,2,0,post,STATUS_FULL_TIME
646208,2023-05-30 20:00:00,2023,436,3794,Fenerbahce,Antalyaspor,2,0,post,STATUS_FULL_TIME
646209,2023-05-30 20:00:00,2023,21031,997,Giresunspor,Trabzonspor,2,4,post,STATUS_FULL_TIME
646210,2023-05-30 20:00:00,2023,20737,20041,Hatayspor,Umraniyespor,0,3,post,STATUS_FULL_TIME
646211,2023-05-30 20:00:00,2023,7914,20070,Istanbul Basaksehir,Gaziantep FK,3,0,post,STATUS_FULL_TIME
646212,2023-05-30 20:00:00,2023,8841,20765,Istanbulspor,Adana Demirspor,0,2,post,STATUS_FULL_TIME
646213,2023-05-30 20:00:00,2023,3691,7648,Sivasspor,Konyaspor,1,0,post,STATUS_FULL_TIME
646220,2023-06-03 16:00:00,2023,7648,20736,Konyaspor,Fatih Karagümrük,1,1,post,STATUS_FULL_TIME
646222,2023-06-03 19:00:00,2023,20041,21031,Umraniyespor,Giresunspor,0,1,post,STATUS_FULL_TIME
646221,2023-06-03 19:00:00,2023,997,9078,Trabzonspor,Alanyaspor,5,1,post,STATUS_FULL_TIME
646218,2023-06-03 19:00:00,2023,6870,1895,Kasimpasa,Besiktas,2,5,post,STATUS_FULL_TIME
646219,2023-06-03 19:00:00,2023,3643,2429,Kayserispor,Ankaragucu,0,1,post,STATUS_FULL_TIME
646217,2023-06-03 19:00:00,2023,20070,8841,Gaziantep FK,Istanbulspor,0,3,post,STATUS_FULL_TIME
646215,2023-06-03 19:00:00,2023,3794,20737,Antalyaspor,Hatayspor,3,0,post,STATUS_FULL_TIME
646214,2023-06-03 19:00:00,2023,20765,7914,Adana Demirspor,Istanbul Basaksehir,2,3,post,STATUS_FULL_TIME
646216,2023-06-04 19:00:00,2023,432,436,Galatasaray,Fenerbahce,3,0,post,STATUS_FULL_TIME
646225,2023-06-06 17:00:00,2023,20736,6870,Fatih Karagümrük,Kasimpasa,3,0,post,STATUS_FULL_TIME
646231,2023-06-06 17:00:00,2023,3691,3643,Sivasspor,Kayserispor,1,1,post,STATUS_FULL_TIME
646229,2023-06-06 20:00:00,2023,7914,997,Istanbul Basaksehir,Trabzonspor,3,1,post,STATUS_FULL_TIME
646228,2023-06-07 16:00:00,2023,20737,432,Hatayspor,Galatasaray,0,3,post,STATUS_FULL_TIME
646226,2023-06-07 16:00:00,2023,436,20070,Fenerbahce,Gaziantep FK,3,0,post,STATUS_FULL_TIME
646223,2023-06-07 20:00:00,2023,2429,20765,Ankaragucu,Adana Demirspor,1,2,post,STATUS_FULL_TIME
646224,2023-06-07 20:00:00,2023,1895,7648,Besiktas,Konyaspor,3,3,post,STATUS_FULL_TIME
646227,2023-06-07 20:00:00,2023,21031,3794,Giresunspor,Antalyaspor,2,0,post,STATUS_FULL_TIME
646230,2023-06-07 20:00:00,2023,8841,20041,Istanbulspor,Umraniyespor,4,0,post,STATUS_FULL_TIME
683137,2023-08-11 21:00:00,2023,997,3794,Trabzonspor,Antalyaspor,1,0,post,STATUS_FULL_TIME
683134,2023-08-12 19:15:00,2023,7648,8841,Konyaspor,Istanbulspor,1,1,post,STATUS_FULL_TIME
683132,2023-08-12 19:15:00,2023,6870,2429,Kasimpasa,Ankaragucu,3,2,post,STATUS_FULL_TIME
683135,2023-08-12 21:45:00,2023,9104,20737,Pendikspor,Hatayspor,1,5,post,STATUS_FULL_TIME
683133,2023-08-12 21:45:00,2023,3643,432,Kayserispor,Galatasaray,0,0,post,STATUS_FULL_TIME
683136,2023-08-13 19:15:00,2023,3691,11429,Sivasspor,Samsunspor,1,1,post,STATUS_FULL_TIME
683128,2023-08-13 21:45:00,2023,20765,7656,Adana Demirspor,Caykur Rizespor,2,1,post,STATUS_FULL_TIME
683131,2023-08-13 21:45:00,2023,436,20070,Fenerbahce,Gaziantep FK,2,1,post,STATUS_FULL_TIME
683129,2023-08-14 21:00:00,2023,9078,7914,Alanyaspor,Istanbul Basaksehir,2,0,post,STATUS_FULL_TIME
683130,2023-08-14 21:00:00,2023,20736,1895,Fatih Karagümrük,Besiktas,0,1,post,STATUS_FULL_TIME
683139,2023-08-18 21:00:00,2023,3794,7648,Antalyaspor,Konyaspor,1,1,post,STATUS_FULL_TIME
683146,2023-08-18 21:00:00,2023,8841,3643,Istanbulspor,Kayserispor,1,1,post,STATUS_FULL_TIME
683141,2023-08-19 19:15:00,2023,7656,9078,Caykur Rizespor,Alanyaspor,0,0,post,STATUS_FULL_TIME
683142,2023-08-19 21:45:00,2023,432,997,Galatasaray,Trabzonspor,2,0,post,STATUS_FULL_TIME
683144,2023-08-19 21:45:00,2023,20737,6870,Hatayspor,Kasimpasa,0,0,post,STATUS_FULL_TIME
683145,2023-08-20 19:15:00,2023,7914,20736,Istanbul Basaksehir,Fatih Karagümrük,0,2,post,STATUS_FULL_TIME
683140,2023-08-20 21:45:00,2023,1895,9104,Besiktas,Pendikspor,1,1,post,STATUS_FULL_TIME
683143,2023-08-20 21:45:00,2023,20070,3691,Gaziantep FK,Sivasspor,1,3,post,STATUS_FULL_TIME
683138,2023-08-21 21:00:00,2023,2429,20765,Ankaragucu,Adana Demirspor,1,1,post,STATUS_FULL_TIME
683147,2023-08-21 21:00:00,2023,11429,436,Samsunspor,Fenerbahce,0,2,post,STATUS_FULL_TIME
683155,2023-08-25 21:00:00,2023,7648,20070,Konyaspor,Gaziantep FK,2,0,post,STATUS_FULL_TIME
683156,2023-08-26 19:15:00,2023,997,7656,Trabzonspor,Caykur Rizespor,2,3,post,STATUS_FULL_TIME
683153,2023-08-26 19:15:00,2023,6870,9104,Kasimpasa,Pendikspor,1,1,post,STATUS_FULL_TIME
683152,2023-08-26 21:45:00,2023,3691,3794,Sivasspor,Antalyaspor,1,1,post,STATUS_FULL_TIME
683150,2023-08-27 19:15:00,2023,20736,2429,Fatih Karagümrük,Ankaragucu,1,1,post,STATUS_FULL_TIME
683154,2023-08-27 19:15:00,2023,3643,11429,Kayserispor,Samsunspor,2,1,post,STATUS_FULL_TIME
683149,2023-08-27 21:45:00,2023,9078,20737,Alanyaspor,Hatayspor,0,0,post,STATUS_FULL_TIME
683161,2023-09-01 21:00:00,2023,7656,20736,Caykur Rizespor,Fatih Karagümrük,1,0,post,STATUS_FULL_TIME
683165,2023-09-01 21:00:00,2023,6870,997,Kasimpasa,Trabzonspor,1,5,post,STATUS_FULL_TIME
683164,2023-09-02 19:15:00,2023,7914,7648,Istanbul Basaksehir,Konyaspor,0,1,post,STATUS_FULL_TIME
683166,2023-09-02 19:15:00,2023,9104,9078,Pendikspor,Alanyaspor,1,1,post,STATUS_FULL_TIME
683159,2023-09-02 21:45:00,2023,3794,3643,Antalyaspor,Kayserispor,1,1,post,STATUS_FULL_TIME
683162,2023-09-02 21:45:00,2023,20070,432,Gaziantep FK,Galatasaray,0,3,post,STATUS_FULL_TIME
683160,2023-09-03 19:15:00,2023,1895,3691,Besiktas,Sivasspor,2,0,post,STATUS_FULL_TIME
683158,2023-09-03 21:45:00,2023,2429,436,Ankaragucu,Fenerbahce,0,1,post,STATUS_FULL_TIME
683163,2023-09-03 21:45:00,2023,20737,20765,Hatayspor,Adana Demirspor,3,3,post,STATUS_FULL_TIME
683175,2023-09-16 17:00:00,2023,7648,7656,Konyaspor,Caykur Rizespor,1,2,post,STATUS_FULL_TIME
683174,2023-09-16 17:00:00,2023,3643,20070,Kayserispor,Gaziantep FK,2,0,post,STATUS_FULL_TIME
683168,2023-09-16 20:00:00,2023,20765,9104,Adana Demirspor,Pendikspor,3,0,post,STATUS_FULL_TIME
683172,2023-09-16 20:00:00,2023,432,11429,Galatasaray,Samsunspor,4,2,post,STATUS_FULL_TIME
683171,2023-09-17 17:00:00,2023,436,3794,Fenerbahce,Antalyaspor,3,2,post,STATUS_FULL_TIME
683173,2023-09-17 17:00:00,2023,8841,7914,Istanbulspor,Istanbul Basaksehir,0,2,post,STATUS_FULL_TIME
683169,2023-09-17 20:00:00,2023,9078,6870,Alanyaspor,Kasimpasa,3,3,post,STATUS_FULL_TIME
683177,2023-09-17 20:00:00,2023,997,1895,Trabzonspor,Besiktas,3,0,post,STATUS_FULL_TIME
683170,2023-09-18 20:00:00,2023,20736,20737,Fatih Karagümrük,Hatayspor,0,0,post,STATUS_FULL_TIME
683176,2023-09-18 20:00:00,2023,3691,2429,Sivasspor,Ankaragucu,1,3,post,STATUS_FULL_TIME
683183,2023-09-22 20:00:00,2023,20070,8841,Gaziantep FK,Istanbulspor,2,0,post,STATUS_FULL_TIME
683187,2023-09-23 17:00:00,2023,7656,3691,Caykur Rizespor,Sivasspor,1,1,post,STATUS_FULL_TIME
683186,2023-09-23 17:00:00,2023,9104,20736,Pendikspor,Fatih Karagümrük,1,1,post,STATUS_FULL_TIME
683180,2023-09-23 20:00:00,2023,3794,11429,Antalyaspor,Samsunspor,2,0,post,STATUS_FULL_TIME
683185,2023-09-23 20:00:00,2023,7914,432,Istanbul Basaksehir,Galatasaray,1,2,post,STATUS_FULL_TIME
683179,2023-09-24 17:00:00,2023,2429,7648,Ankaragucu,Konyaspor,1,1,post,STATUS_FULL_TIME
683181,2023-09-24 17:00:00,2023,1895,3643,Besiktas,Kayserispor,2,1,post,STATUS_FULL_TIME
683182,2023-09-24 20:00:00,2023,6870,20765,Kasimpasa,Adana Demirspor,2,1,post,STATUS_FULL_TIME
683178,2023-09-24 20:00:00,2023,9078,436,Alanyaspor,Fenerbahce,0,1,post,STATUS_FULL_TIME
683184,2023-09-25 20:00:00,2023,20737,997,Hatayspor,Trabzonspor,3,2,post,STATUS_FULL_TIME
683157,2023-09-26 20:00:00,2023,8841,432,Istanbulspor,Galatasaray,0,1,post,STATUS_FULL_TIME
683148,2023-09-27 20:00:00,2023,20765,1895,Adana Demirspor,Besiktas,4,2,post,STATUS_FULL_TIME
683151,2023-09-28 20:00:00,2023,436,7914,Fenerbahce,Istanbul Basaksehir,4,0,post,STATUS_FULL_TIME
683193,2023-09-29 20:00:00,2023,11429,20070,Samsunspor,Gaziantep FK,1,2,post,STATUS_FULL_TIME
683197,2023-09-30 13:30:00,2023,3691,20737,Sivasspor,Hatayspor,0,0,post,STATUS_FULL_TIME
683196,2023-09-30 16:00:00,2023,8841,3794,Istanbulspor,Antalyaspor,1,2,post,STATUS_FULL_TIME
683191,2023-09-30 16:00:00,2023,997,9104,Trabzonspor,Pendikspor,2,1,post,STATUS_FULL_TIME
683195,2023-09-30 19:00:00,2023,432,2429,Galatasaray,Ankaragucu,2,1,post,STATUS_FULL_TIME
683188,2023-10-01 13:30:00,2023,20736,6870,Fatih Karagümrük,Kasimpasa,2,3,post,STATUS_FULL_TIME
683189,2023-10-01 16:00:00,2023,436,7656,Fenerbahce,Caykur Rizespor,5,0,post,STATUS_FULL_TIME
683192,2023-10-01 19:00:00,2023,20765,9078,Adana Demirspor,Alanyaspor,4,0,post,STATUS_FULL_TIME
683194,2023-10-01 19:00:00,2023,7648,1895,Konyaspor,Besiktas,0,2,post,STATUS_FULL_TIME
683190,2023-10-02 20:00:00,2023,3643,7914,Kayserispor,Istanbul Basaksehir,0,0,post,STATUS_FULL_TIME
683199,2023-10-06 20:00:00,2023,9078,20736,Alanyaspor,Fatih Karagümrük,2,1,post,STATUS_FULL_TIME
683205,2023-10-06 20:00:00,2023,20765,997,Adana Demirspor,Trabzonspor,1,0,post,STATUS_FULL_TIME
683201,2023-10-07 13:30:00,2023,9104,3691,Pendikspor,Sivasspor,2,3,post,STATUS_FULL_TIME
683198,2023-10-07 16:00:00,2023,2429,3643,Ankaragucu,Kayserispor,3,0,post,STATUS_FULL_TIME
683207,2023-10-07 19:00:00,2023,3794,432,Antalyaspor,Galatasaray,0,2,post,STATUS_FULL_TIME
683203,2023-10-07 19:00:00,2023,7914,20070,Istanbul Basaksehir,Gaziantep FK,2,0,post,STATUS_FULL_TIME
683200,2023-10-08 13:30:00,2023,7656,11429,Caykur Rizespor,Samsunspor,1,0,post,STATUS_FULL_TIME
683206,2023-10-08 16:00:00,2023,1895,8841,Besiktas,Istanbulspor,2,0,post,STATUS_FULL_TIME
683204,2023-10-08 19:00:00,2023,20737,7648,Hatayspor,Konyaspor,3,1,post,STATUS_FULL_TIME
683202,2023-10-08 19:00:00,2023,6870,436,Kasimpasa,Fenerbahce,0,2,post,STATUS_FULL_TIME
683213,2023-10-21 13:30:00,2023,3643,7656,Kayserispor,Caykur Rizespor,3,1,post,STATUS_FULL_TIME
683210,2023-10-21 16:00:00,2023,20070,3794,Gaziantep FK,Antalyaspor,1,0,post,STATUS_FULL_TIME
683217,2023-10-21 16:00:00,2023,7648,9104,Konyaspor,Pendikspor,1,2,post,STATUS_FULL_TIME
683211,2023-10-21 19:00:00,2023,432,1895,Galatasaray,Besiktas,2,1,post,STATUS_FULL_TIME
683215,2023-10-22 13:30:00,2023,3691,6870,Sivasspor,Kasimpasa,0,1,post,STATUS_FULL_TIME
683208,2023-10-22 16:00:00,2023,8841,2429,Istanbulspor,Ankaragucu,2,1,post,STATUS_FULL_TIME
683212,2023-10-22 19:00:00,2023,436,20737,Fenerbahce,Hatayspor,4,2,post,STATUS_FULL_TIME
683216,2023-10-22 19:00:00,2023,11429,7914,Samsunspor,Istanbul Basaksehir,0,0,post,STATUS_FULL_TIME
683214,2023-10-23 20:00:00,2023,997,9078,Trabzonspor,Alanyaspor,1,0,post,STATUS_FULL_TIME
683209,2023-10-23 20:00:00,2023,20736,20765,Fatih Karagümrük,Adana Demirspor,2,0,post,STATUS_FULL_TIME
683222,2023-10-27 20:00:00,2023,6870,8841,Kasimpasa,Istanbulspor,3,1,post,STATUS_FULL_TIME
683224,2023-10-27 20:00:00,2023,20737,3643,Hatayspor,Kayserispor,1,2,post,STATUS_FULL_TIME
683219,2023-10-28 16:00:00,2023,9078,3691,Alanyaspor,Sivasspor,1,2,post,STATUS_FULL_TIME
683223,2023-10-28 19:00:00,2023,20765,7648,Adana Demirspor,Konyaspor,3,0,post,STATUS_FULL_TIME
683226,2023-10-28 19:00:00,2023,7656,432,Caykur Rizespor,Galatasaray,0,1,post,STATUS_FULL_TIME
683225,2023-10-29 16:00:00,2023,20736,997,Fatih Karagümrük,Trabzonspor,0,0,post,STATUS_FULL_TIME
683220,2023-10-29 19:00:00,2023,2429,11429,Ankaragucu,Samsunspor,2,0,post,STATUS_FULL_TIME
683221,2023-10-29 19:00:00,2023,3794,7914,Antalyaspor,Istanbul Basaksehir,1,0,post,STATUS_FULL_TIME
683227,2023-10-29 19:00:00,2023,9104,436,Pendikspor,Fenerbahce,0,5,post,STATUS_FULL_TIME
683218,2023-10-30 20:00:00,2023,1895,20070,Besiktas,Gaziantep FK,2,0,post,STATUS_FULL_TIME
683229,2023-11-03 20:00:00,2023,432,6870,Galatasaray,Kasimpasa,2,1,post,STATUS_FULL_TIME
683233,2023-11-04 13:30:00,2023,8841,9104,Istanbulspor,Pendikspor,2,4,post,STATUS_FULL_TIME
683236,2023-11-04 16:00:00,2023,11429,20737,Samsunspor,Hatayspor,2,1,post,STATUS_FULL_TIME
683230,2023-11-04 19:00:00,2023,436,997,Fenerbahce,Trabzonspor,2,3,post,STATUS_FULL_TIME
683232,2023-11-05 13:30:00,2023,3691,20765,Sivasspor,Adana Demirspor,1,1,post,STATUS_FULL_TIME
683237,2023-11-05 16:00:00,2023,7914,2429,Istanbul Basaksehir,Ankaragucu,3,3,post,STATUS_FULL_TIME
683235,2023-11-05 16:00:00,2023,7648,20736,Konyaspor,Fatih Karagümrük,1,1,post,STATUS_FULL_TIME
683231,2023-11-05 19:00:00,2023,3794,1895,Antalyaspor,Besiktas,3,2,post,STATUS_FULL_TIME
683228,2023-11-06 20:00:00,2023,20070,7656,Gaziantep FK,Caykur Rizespor,2,0,post,STATUS_FULL_TIME
683234,2023-11-06 20:00:00,2023,3643,9078,Kayserispor,Alanyaspor,1,0,post,STATUS_FULL_TIME
683167,2023-11-08 20:00:00,2023,11429,8841,Samsunspor,Istanbulspor,2,1,post,STATUS_FULL_TIME
683243,2023-11-10 20:00:00,2023,2429,3794,Ankaragucu,Antalyaspor,0,4,post,STATUS_FULL_TIME
683245,2023-11-10 20:00:00,2023,997,7648,Trabzonspor,Konyaspor,2,1,post,STATUS_FULL_TIME
683242,2023-11-11 13:30:00,2023,6870,3643,Kasimpasa,Kayserispor,3,4,post,STATUS_FULL_TIME
683247,2023-11-11 16:00:00,2023,9078,20070,Alanyaspor,Gaziantep FK,0,3,post,STATUS_FULL_TIME
683240,2023-11-11 16:00:00,2023,20736,3691,Fatih Karagümrük,Sivasspor,3,0,post,STATUS_FULL_TIME
683241,2023-11-11 19:00:00,2023,20737,432,Hatayspor,Galatasaray,2,1,post,STATUS_FULL_TIME
683244,2023-11-12 13:30:00,2023,9104,11429,Pendikspor,Samsunspor,1,0,post,STATUS_FULL_TIME
683238,2023-11-12 16:00:00,2023,1895,7914,Besiktas,Istanbul Basaksehir,1,0,post,STATUS_FULL_TIME
683239,2023-11-12 16:00:00,2023,7656,8841,Caykur Rizespor,Istanbulspor,1,0,post,STATUS_FULL_TIME
683246,2023-11-12 19:00:00,2023,20765,436,Adana Demirspor,Fenerbahce,0,0,post,STATUS_FULL_TIME
683249,2023-11-25 13:30:00,2023,8841,20737,Istanbulspor,Hatayspor,2,1,post,STATUS_FULL_TIME
683251,2023-11-25 16:00:00,2023,20070,2429,Gaziantep FK,Ankaragucu,0,1,post,STATUS_FULL_TIME
683253,2023-11-25 16:00:00,2023,7648,6870,Konyaspor,Kasimpasa,2,0,post,STATUS_FULL_TIME
683256,2023-11-25 19:00:00,2023,432,9078,Galatasaray,Alanyaspor,4,0,post,STATUS_FULL_TIME
683248,2023-11-26 13:30:00,2023,3643,20765,Kayserispor,Adana Demirspor,1,1,post,STATUS_FULL_TIME
683254,2023-11-26 16:00:00,2023,3794,7656,Antalyaspor,Caykur Rizespor,0,0,post,STATUS_FULL_TIME
683257,2023-11-26 16:00:00,2023,11429,1895,Samsunspor,Besiktas,1,2,post,STATUS_FULL_TIME
683255,2023-11-26 19:00:00,2023,436,20736,Fenerbahce,Fatih Karagümrük,2,1,post,STATUS_FULL_TIME
683250,2023-11-27 20:00:00,2023,7914,9104,Istanbul Basaksehir,Pendikspor,4,1,post,STATUS_FULL_TIME
683252,2023-11-27 20:00:00,2023,3691,997,Sivasspor,Trabzonspor,3,3,post,STATUS_FULL_TIME
683259,2023-12-01 20:00:00,2023,20736,8841,Fatih Karagümrük,Istanbulspor,3,0,post,STATUS_FULL_TIME
683261,2023-12-01 20:00:00,2023,20737,3794,Hatayspor,Antalyaspor,3,3,post,STATUS_FULL_TIME
683262,2023-12-02 13:30:00,2023,9078,7648,Alanyaspor,Konyaspor,2,2,post,STATUS_FULL_TIME
683266,2023-12-02 16:00:00,2023,7656,7914,Caykur Rizespor,Istanbul Basaksehir,3,2,post,STATUS_FULL_TIME
683258,2023-12-02 19:00:00,2023,20765,11429,Adana Demirspor,Samsunspor,2,3,post,STATUS_FULL_TIME
683263,2023-12-02 19:00:00,2023,9104,432,Pendikspor,Galatasaray,0,2,post,STATUS_FULL_TIME
683267,2023-12-03 13:30:00,2023,6870,20070,Kasimpasa,Gaziantep FK,4,2,post,STATUS_FULL_TIME
683264,2023-12-03 16:00:00,2023,997,3643,Trabzonspor,Kayserispor,0,1,post,STATUS_FULL_TIME
683265,2023-12-03 19:00:00,2023,2429,1895,Ankaragucu,Besiktas,1,1,post,STATUS_FULL_TIME
683260,2023-12-04 20:00:00,2023,436,3691,Fenerbahce,Sivasspor,4,1,post,STATUS_FULL_TIME
683270,2023-12-08 20:00:00,2023,432,20765,Galatasaray,Adana Demirspor,3,1,post,STATUS_FULL_TIME
683268,2023-12-09 13:30:00,2023,3794,20736,Antalyaspor,Fatih Karagümrük,2,1,post,STATUS_FULL_TIME
683272,2023-12-09 16:00:00,2023,11429,6870,Samsunspor,Kasimpasa,4,2,post,STATUS_FULL_TIME
683269,2023-12-09 19:00:00,2023,1895,436,Besiktas,Fenerbahce,1,3,post,STATUS_FULL_TIME
683273,2023-12-10 13:30:00,2023,8841,9078,Istanbulspor,Alanyaspor,0,1,post,STATUS_FULL_TIME
683277,2023-12-10 16:00:00,2023,7914,20737,Istanbul Basaksehir,Hatayspor,1,0,post,STATUS_FULL_TIME
683274,2023-12-10 16:00:00,2023,3643,9104,Kayserispor,Pendikspor,2,0,post,STATUS_FULL_TIME
683271,2023-12-10 19:00:00,2023,20070,997,Gaziantep FK,Trabzonspor,1,3,post,STATUS_FULL_TIME
683276,2023-12-11 20:00:00,2023,2429,7656,Ankaragucu,Caykur Rizespor,1,1,post,STATUS_FULL_TIME
683275,2023-12-11 20:00:00,2023,7648,3691,Konyaspor,Sivasspor,0,1,post,STATUS_FULL_TIME
683297,2023-12-19 17:00:00,2023,7914,3691,Istanbul Basaksehir,Sivasspor,3,1,post,STATUS_FULL_TIME
683291,2023-12-19 20:00:00,2023,20070,20765,Gaziantep FK,Adana Demirspor,2,2,post,STATUS_FULL_TIME
683293,2023-12-19 20:00:00,2023,8841,997,Istanbulspor,Trabzonspor,0,3,post,STATUS_FULL_TIME
683294,2023-12-20 17:00:00,2023,3643,436,Kayserispor,Fenerbahce,3,4,post,STATUS_FULL_TIME
683296,2023-12-20 20:00:00,2023,3794,6870,Antalyaspor,Kasimpasa,0,0,post,STATUS_FULL_TIME
683290,2023-12-20 20:00:00,2023,432,20736,Galatasaray,Fatih Karagümrük,1,0,post,STATUS_FULL_TIME
683295,2023-12-21 17:00:00,2023,11429,7648,Samsunspor,Konyaspor,1,1,post,STATUS_FULL_TIME
683289,2023-12-21 17:00:00,2023,7656,9104,Caykur Rizespor,Pendikspor,5,1,post,STATUS_FULL_TIME
683288,2023-12-21 20:00:00,2023,2429,20737,Ankaragucu,Hatayspor,0,0,post,STATUS_FULL_TIME
683292,2023-12-21 20:00:00,2023,1895,9078,Besiktas,Alanyaspor,1,3,post,STATUS_FULL_TIME
683302,2023-12-23 13:30:00,2023,3691,8841,Sivasspor,Istanbulspor,1,0,post,STATUS_FULL_TIME
683304,2023-12-23 16:00:00,2023,20736,20070,Fatih Karagümrük,Gaziantep FK,0,3,post,STATUS_FULL_TIME
683301,2023-12-23 19:00:00,2023,997,7914,Trabzonspor,Istanbul Basaksehir,1,1,post,STATUS_FULL_TIME
683300,2023-12-24 13:30:00,2023,7648,3643,Konyaspor,Kayserispor,2,0,post,STATUS_FULL_TIME
683307,2023-12-24 16:00:00,2023,20765,3794,Adana Demirspor,Antalyaspor,2,1,post,STATUS_FULL_TIME
683303,2023-12-24 19:00:00,2023,436,432,Fenerbahce,Galatasaray,0,0,post,STATUS_FULL_TIME
683305,2023-12-25 17:00:00,2023,9078,11429,Alanyaspor,Samsunspor,3,1,post,STATUS_FULL_TIME
683299,2023-12-25 17:00:00,2023,6870,7656,Kasimpasa,Caykur Rizespor,2,2,post,STATUS_FULL_TIME
683298,2023-12-25 20:00:00,2023,20737,1895,Hatayspor,Besiktas,1,2,post,STATUS_FULL_TIME
683306,2023-12-25 20:00:00,2023,9104,2429,Pendikspor,Ankaragucu,1,1,post,STATUS_FULL_TIME
683314,2024-01-05 17:00:00,2024,20070,9104,Gaziantep FK,Pendikspor,2,2,post,STATUS_FULL_TIME
683309,2024-01-05 20:00:00,2024,3794,9078,Antalyaspor,Alanyaspor,0,0,post,STATUS_FULL_TIME
683317,2024-01-05 20:00:00,2024,1895,6870,Besiktas,Kasimpasa,1,3,post,STATUS_FULL_TIME
683316,2024-01-06 13:30:00,2024,7656,20737,Caykur Rizespor,Hatayspor,2,0,post,STATUS_FULL_TIME
683313,2024-01-06 16:00:00,2024,7914,20765,Istanbul Basaksehir,Adana Demirspor,0,0,post,STATUS_FULL_TIME
683308,2024-01-06 19:00:00,2024,2429,997,Ankaragucu,Trabzonspor,0,1,post,STATUS_FULL_TIME
683315,2024-01-06 19:00:00,2024,11429,20736,Samsunspor,Fatih Karagümrük,1,0,post,STATUS_FULL_TIME
683311,2024-01-07 13:30:00,2024,3643,3691,Kayserispor,Sivasspor,1,3,post,STATUS_FULL_TIME
683312,2024-01-07 16:00:00,2024,8841,436,Istanbulspor,Fenerbahce,1,5,post,STATUS_FULL_TIME
683310,2024-01-07 19:00:00,2024,432,7648,Galatasaray,Konyaspor,3,0,post,STATUS_FULL_TIME
683287,2024-01-09 17:00:00,2024,9078,2429,Alanyaspor,Ankaragucu,1,1,post,STATUS_FULL_TIME
683282,2024-01-09 17:00:00,2024,9104,3794,Pendikspor,Antalyaspor,0,1,post,STATUS_FULL_TIME
683281,2024-01-09 20:00:00,2024,6870,7914,Kasimpasa,Istanbul Basaksehir,0,3,post,STATUS_FULL_TIME
683279,2024-01-09 20:00:00,2024,7656,1895,Caykur Rizespor,Besiktas,0,4,post,STATUS_FULL_TIME
683278,2024-01-10 17:00:00,2024,20736,3643,Fatih Karagümrük,Kayserispor,4,1,post,STATUS_FULL_TIME
683280,2024-01-10 17:00:00,2024,20737,20070,Hatayspor,Gaziantep FK,0,0,post,STATUS_FULL_TIME
683286,2024-01-10 20:00:00,2024,20765,8841,Adana Demirspor,Istanbulspor,2,2,post,STATUS_FULL_TIME
683285,2024-01-10 20:00:00,2024,436,7648,Fenerbahce,Konyaspor,7,1,post,STATUS_FULL_TIME
683283,2024-01-11 17:00:00,2024,3691,432,Sivasspor,Galatasaray,1,1,post,STATUS_FULL_TIME
683284,2024-01-11 20:00:00,2024,997,11429,Trabzonspor,Samsunspor,2,1,post,STATUS_FULL_TIME
683319,2024-01-13 13:30:00,2024,20737,9104,Hatayspor,Pendikspor,1,1,post,STATUS_FULL_TIME
683324,2024-01-13 13:30:00,2024,2429,6870,Ankaragucu,Kasimpasa,3,1,post,STATUS_FULL_TIME
683320,2024-01-13 16:00:00,2024,7914,9078,Istanbul Basaksehir,Alanyaspor,3,2,post,STATUS_FULL_TIME
683326,2024-01-13 19:00:00,2024,1895,20736,Besiktas,Fatih Karagümrük,3,0,post,STATUS_FULL_TIME
683318,2024-01-13 19:00:00,2024,7656,20765,Caykur Rizespor,Adana Demirspor,1,0,post,STATUS_FULL_TIME
683321,2024-01-14 13:30:00,2024,8841,7648,Istanbulspor,Konyaspor,0,0,post,STATUS_FULL_TIME
683325,2024-01-14 16:00:00,2024,3794,997,Antalyaspor,Trabzonspor,1,1,post,STATUS_FULL_TIME
683327,2024-01-14 16:00:00,2024,11429,3691,Samsunspor,Sivasspor,2,0,post,STATUS_FULL_TIME
683322,2024-01-14 19:00:00,2024,20070,436,Gaziantep FK,Fenerbahce,0,1,post,STATUS_FULL_TIME
683323,2024-01-15 20:00:00,2024,432,3643,Galatasaray,Kayserispor,2,1,post,STATUS_FULL_TIME
683334,2024-01-20 13:30:00,2024,6870,20737,Kasimpasa,Hatayspor,3,0,post,STATUS_FULL_TIME
683330,2024-01-20 16:00:00,2024,9078,7656,Alanyaspor,Caykur Rizespor,2,1,post,STATUS_FULL_TIME
683329,2024-01-20 16:00:00,2024,20736,7914,Fatih Karagümrük,Istanbul Basaksehir,1,1,post,STATUS_FULL_TIME
683331,2024-01-20 19:00:00,2024,20765,2429,Adana Demirspor,Ankaragucu,1,1,post,STATUS_FULL_TIME
683337,2024-01-20 19:00:00,2024,9104,1895,Pendikspor,Besiktas,4,0,post,STATUS_FULL_TIME
683333,2024-01-21 13:30:00,2024,3691,20070,Sivasspor,Gaziantep FK,2,2,post,STATUS_FULL_TIME
683336,2024-01-21 16:00:00,2024,7648,3794,Konyaspor,Antalyaspor,1,1,post,STATUS_FULL_TIME
683328,2024-01-21 16:00:00,2024,436,11429,Fenerbahce,Samsunspor,1,1,post,STATUS_FULL_TIME
683332,2024-01-21 19:00:00,2024,997,432,Trabzonspor,Galatasaray,1,5,post,STATUS_FULL_TIME
683335,2024-01-22 20:00:00,2024,3643,8841,Kayserispor,Istanbulspor,0,1,post,STATUS_FULL_TIME
683343,2024-01-23 17:00:00,2024,20737,9078,Hatayspor,Alanyaspor,1,1,post,STATUS_FULL_TIME
683347,2024-01-23 20:00:00,2024,1895,20765,Besiktas,Adana Demirspor,0,0,post,STATUS_FULL_TIME
683341,2024-01-23 20:00:00,2024,9104,6870,Pendikspor,Kasimpasa,3,2,post,STATUS_FULL_TIME
683338,2024-01-24 17:00:00,2024,2429,20736,Ankaragucu,Fatih Karagümrük,2,0,post,STATUS_FULL_TIME
683344,2024-01-24 17:00:00,2024,20070,7648,Gaziantep FK,Konyaspor,1,1,post,STATUS_FULL_TIME
683339,2024-01-24 20:00:00,2024,3794,3691,Antalyaspor,Sivasspor,2,1,post,STATUS_FULL_TIME
683342,2024-01-24 20:00:00,2024,7914,436,Istanbul Basaksehir,Fenerbahce,0,1,post,STATUS_FULL_TIME
683340,2024-01-25 17:00:00,2024,11429,3643,Samsunspor,Kayserispor,2,0,post,STATUS_FULL_TIME
683346,2024-01-25 20:00:00,2024,7656,997,Caykur Rizespor,Trabzonspor,1,0,post,STATUS_FULL_TIME
683345,2024-01-25 20:00:00,2024,432,8841,Galatasaray,Istanbulspor,3,1,post,STATUS_FULL_TIME
683356,2024-01-27 16:00:00,2024,9078,9104,Alanyaspor,Pendikspor,1,1,post,STATUS_FULL_TIME
683348,2024-01-27 19:00:00,2024,20765,20737,Adana Demirspor,Hatayspor,0,1,post,STATUS_FULL_TIME
683357,2024-01-28 13:30:00,2024,7648,7914,Konyaspor,Istanbul Basaksehir,2,3,post,STATUS_FULL_TIME
683355,2024-01-28 16:00:00,2024,20736,7656,Fatih Karagümrük,Caykur Rizespor,4,0,post,STATUS_FULL_TIME
683353,2024-01-28 16:00:00,2024,3691,1895,Sivasspor,Besiktas,1,0,post,STATUS_FULL_TIME
683354,2024-01-28 19:00:00,2024,436,2429,Fenerbahce,Ankaragucu,2,1,post,STATUS_FULL_TIME
683350,2024-01-29 17:00:00,2024,8841,11429,Istanbulspor,Samsunspor,1,1,post,STATUS_FULL_TIME
683351,2024-01-29 17:00:00,2024,3643,3794,Kayserispor,Antalyaspor,1,1,post,STATUS_FULL_TIME
683352,2024-01-29 20:00:00,2024,432,20070,Galatasaray,Gaziantep FK,2,1,post,STATUS_FULL_TIME
683349,2024-01-29 20:00:00,2024,997,6870,Trabzonspor,Kasimpasa,2,3,post,STATUS_FULL_TIME
683365,2024-02-02 17:00:00,2024,2429,3691,Ankaragucu,Sivasspor,0,0,post,STATUS_FULL_TIME
683361,2024-02-02 17:00:00,2024,20737,20736,Hatayspor,Fatih Karagümrük,3,1,post,STATUS_FULL_TIME
683367,2024-02-02 20:00:00,2024,11429,432,Samsunspor,Galatasaray,0,2,post,STATUS_FULL_TIME
683363,2024-02-03 13:30:00,2024,7656,7648,Caykur Rizespor,Konyaspor,0,0,post,STATUS_FULL_TIME
683360,2024-02-03 16:00:00,2024,7914,8841,Istanbul Basaksehir,Istanbulspor,2,0,post,STATUS_FULL_TIME
683366,2024-02-03 19:00:00,2024,3794,436,Antalyaspor,Fenerbahce,0,2,post,STATUS_FULL_TIME
683364,2024-02-03 19:00:00,2024,20070,3643,Gaziantep FK,Kayserispor,1,1,post,STATUS_FULL_TIME
683358,2024-02-04 13:30:00,2024,9104,20765,Pendikspor,Adana Demirspor,2,1,post,STATUS_FULL_TIME
683359,2024-02-04 16:00:00,2024,6870,9078,Kasimpasa,Alanyaspor,2,1,post,STATUS_FULL_TIME
683362,2024-02-04 19:00:00,2024,1895,997,Besiktas,Trabzonspor,2,0,post,STATUS_FULL_TIME
683369,2024-02-09 20:00:00,2024,20765,6870,Adana Demirspor,Kasimpasa,1,3,post,STATUS_FULL_TIME
683370,2024-02-10 16:00:00,2024,20736,9104,Fatih Karagümrük,Pendikspor,2,0,post,STATUS_FULL_TIME
683374,2024-02-10 19:00:00,2024,432,7914,Galatasaray,Istanbul Basaksehir,2,0,post,STATUS_FULL_TIME
683377,2024-02-11 13:30:00,2024,3691,7656,Sivasspor,Caykur Rizespor,1,0,post,STATUS_FULL_TIME
683373,2024-02-11 16:00:00,2024,8841,20070,Istanbulspor,Gaziantep FK,1,3,post,STATUS_FULL_TIME
683375,2024-02-11 16:00:00,2024,7648,2429,Konyaspor,Ankaragucu,1,0,post,STATUS_FULL_TIME
683371,2024-02-11 19:00:00,2024,436,9078,Fenerbahce,Alanyaspor,2,2,post,STATUS_FULL_TIME
683368,2024-02-12 17:00:00,2024,997,20737,Trabzonspor,Hatayspor,2,0,post,STATUS_FULL_TIME
683372,2024-02-12 20:00:00,2024,3643,1895,Kayserispor,Besiktas,0,0,post,STATUS_FULL_TIME
683376,2024-02-12 20:00:00,2024,11429,3794,Samsunspor,Antalyaspor,2,0,post,STATUS_FULL_TIME
683384,2024-02-16 20:00:00,2024,6870,20736,Kasimpasa,Fatih Karagümrük,1,1,post,STATUS_FULL_TIME
683380,2024-02-17 13:30:00,2024,3794,8841,Antalyaspor,Istanbulspor,2,2,post,STATUS_FULL_TIME
683386,2024-02-17 16:00:00,2024,20737,3691,Hatayspor,Sivasspor,1,1,post,STATUS_FULL_TIME
683378,2024-02-17 19:00:00,2024,7656,436,Caykur Rizespor,Fenerbahce,1,3,post,STATUS_FULL_TIME
683381,2024-02-18 13:30:00,2024,9078,20765,Alanyaspor,Adana Demirspor,3,3,post,STATUS_FULL_TIME
683382,2024-02-18 16:00:00,2024,20070,11429,Gaziantep FK,Samsunspor,1,1,post,STATUS_FULL_TIME
683383,2024-02-18 16:00:00,2024,9104,997,Pendikspor,Trabzonspor,0,2,post,STATUS_FULL_TIME
683387,2024-02-18 19:00:00,2024,2429,432,Ankaragucu,Galatasaray,0,3,post,STATUS_FULL_TIME
683385,2024-02-19 20:00:00,2024,7914,3643,Istanbul Basaksehir,Kayserispor,2,3,post,STATUS_FULL_TIME
683379,2024-02-19 20:00:00,2024,1895,7648,Besiktas,Konyaspor,2,0,post,STATUS_FULL_TIME
683389,2024-02-23 20:00:00,2024,11429,7656,Samsunspor,Caykur Rizespor,3,0,post,STATUS_FULL_TIME
683391,2024-02-24 13:30:00,2024,3643,2429,Kayserispor,Ankaragucu,3,2,post,STATUS_FULL_TIME
683394,2024-02-24 16:00:00,2024,20070,7914,Gaziantep FK,Istanbul Basaksehir,0,2,post,STATUS_FULL_TIME
683392,2024-02-24 19:00:00,2024,436,6870,Fenerbahce,Kasimpasa,2,1,post,STATUS_FULL_TIME
683390,2024-02-24 19:00:00,2024,7648,20737,Konyaspor,Hatayspor,2,0,post,STATUS_FULL_TIME
683388,2024-02-25 13:30:00,2024,3691,9104,Sivasspor,Pendikspor,4,1,post,STATUS_FULL_TIME
683395,2024-02-25 16:00:00,2024,20736,9078,Fatih Karagümrük,Alanyaspor,1,1,post,STATUS_FULL_TIME
683396,2024-02-25 16:00:00,2024,997,20765,Trabzonspor,Adana Demirspor,1,0,post,STATUS_FULL_TIME
683397,2024-02-25 19:00:00,2024,8841,1895,Istanbulspor,Besiktas,0,2,post,STATUS_FULL_TIME
683393,2024-02-26 20:00:00,2024,432,3794,Galatasaray,Antalyaspor,2,1,post,STATUS_FULL_TIME
683406,2024-03-01 20:00:00,2024,6870,3691,Kasimpasa,Sivasspor,0,0,post,STATUS_FULL_TIME
683399,2024-03-02 13:30:00,2024,2429,8841,Ankaragucu,Istanbulspor,1,1,post,STATUS_FULL_TIME
683403,2024-03-02 16:00:00,2024,7656,3643,Caykur Rizespor,Kayserispor,3,0,post,STATUS_FULL_TIME
683404,2024-03-02 19:00:00,2024,20737,436,Hatayspor,Fenerbahce,0,2,post,STATUS_FULL_TIME
683402,2024-03-03 13:30:00,2024,9104,7648,Pendikspor,Konyaspor,0,2,post,STATUS_FULL_TIME
683405,2024-03-03 13:30:00,2024,7914,11429,Istanbul Basaksehir,Samsunspor,1,0,post,STATUS_FULL_TIME
683407,2024-03-03 19:00:00,2024,1895,432,Besiktas,Galatasaray,0,1,post,STATUS_FULL_TIME
683401,2024-03-04 17:00:00,2024,20765,20736,Adana Demirspor,Fatih Karagümrük,1,0,post,STATUS_FULL_TIME
683400,2024-03-04 20:00:00,2024,9078,997,Alanyaspor,Trabzonspor,3,1,post,STATUS_FULL_TIME
683398,2024-03-04 20:00:00,2024,3794,20070,Antalyaspor,Gaziantep FK,1,0,post,STATUS_FULL_TIME
683417,2024-03-08 20:00:00,2024,432,7656,Galatasaray,Caykur Rizespor,6,2,post,STATUS_FULL_TIME
683413,2024-03-09 13:30:00,2024,3691,9078,Sivasspor,Alanyaspor,1,2,post,STATUS_FULL_TIME
683411,2024-03-09 16:00:00,2024,7648,20765,Konyaspor,Adana Demirspor,2,2,post,STATUS_FULL_TIME
683408,2024-03-09 19:00:00,2024,7914,3794,Istanbul Basaksehir,Antalyaspor,1,0,post,STATUS_FULL_TIME
683414,2024-03-09 19:00:00,2024,997,20736,Trabzonspor,Fatih Karagümrük,5,1,post,STATUS_FULL_TIME
683410,2024-03-10 13:30:00,2024,3643,20737,Kayserispor,Hatayspor,1,1,post,STATUS_FULL_TIME
683415,2024-03-10 16:00:00,2024,8841,6870,Istanbulspor,Kasimpasa,1,2,post,STATUS_FULL_TIME
683412,2024-03-10 16:00:00,2024,11429,2429,Samsunspor,Ankaragucu,2,1,post,STATUS_FULL_TIME
683416,2024-03-10 19:00:00,2024,436,9104,Fenerbahce,Pendikspor,4,1,post,STATUS_FULL_TIME
683409,2024-03-11 20:30:00,2024,20070,1895,Gaziantep FK,Besiktas,2,0,post,STATUS_FULL_TIME
683420,2024-03-15 20:30:00,2024,20736,7648,Fatih Karagümrük,Konyaspor,1,1,post,STATUS_FULL_TIME
683422,2024-03-15 20:30:00,2024,9104,8841,Pendikspor,Istanbulspor,1,0,post,STATUS_FULL_TIME
683426,2024-03-16 13:30:00,2024,9078,3643,Alanyaspor,Kayserispor,1,0,post,STATUS_FULL_TIME
683425,2024-03-16 16:00:00,2024,2429,7914,Ankaragucu,Istanbul Basaksehir,2,1,post,STATUS_FULL_TIME
683418,2024-03-16 20:30:00,2024,20765,3691,Adana Demirspor,Sivasspor,4,1,post,STATUS_FULL_TIME
683424,2024-03-16 20:30:00,2024,1895,3794,Besiktas,Antalyaspor,1,2,post,STATUS_FULL_TIME
683419,2024-03-17 13:30:00,2024,7656,20070,Caykur Rizespor,Gaziantep FK,3,1,post,STATUS_FULL_TIME
683421,2024-03-17 16:00:00,2024,20737,11429,Hatayspor,Samsunspor,3,0,post,STATUS_FULL_TIME
683427,2024-03-17 16:00:00,2024,6870,432,Kasimpasa,Galatasaray,3,4,post,STATUS_FULL_TIME
683423,2024-03-17 20:30:00,2024,997,436,Trabzonspor,Fenerbahce,2,3,post,STATUS_FULL_TIME
683433,2024-04-02 17:00:00,2024,8841,7656,Istanbulspor,Caykur Rizespor,0,4,post,STATUS_FULL_TIME
683430,2024-04-02 20:30:00,2024,3794,2429,Antalyaspor,Ankaragucu,1,1,post,STATUS_FULL_TIME
683435,2024-04-02 20:30:00,2024,432,20737,Galatasaray,Hatayspor,1,0,post,STATUS_FULL_TIME
683436,2024-04-02 20:30:00,2024,20070,9078,Gaziantep FK,Alanyaspor,0,3,post,STATUS_FULL_TIME
683432,2024-04-03 17:00:00,2024,3691,20736,Sivasspor,Fatih Karagümrük,1,0,post,STATUS_FULL_TIME
683434,2024-04-03 20:30:00,2024,436,20765,Fenerbahce,Adana Demirspor,4,2,post,STATUS_FULL_TIME
683428,2024-04-03 20:30:00,2024,3643,6870,Kayserispor,Kasimpasa,0,2,post,STATUS_FULL_TIME
683429,2024-04-03 20:30:00,2024,7648,997,Konyaspor,Trabzonspor,1,3,post,STATUS_FULL_TIME
683431,2024-04-04 20:30:00,2024,11429,9104,Samsunspor,Pendikspor,0,0,post,STATUS_FULL_TIME
683437,2024-04-04 20:30:00,2024,7914,1895,Istanbul Basaksehir,Besiktas,1,1,post,STATUS_FULL_TIME
683441,2024-04-12 20:00:00,2024,997,3691,Trabzonspor,Sivasspor,0,1,post,STATUS_FULL_TIME
683443,2024-04-13 13:30:00,2024,6870,7648,Kasimpasa,Konyaspor,0,2,post,STATUS_FULL_TIME
683447,2024-04-13 16:00:00,2024,2429,20070,Ankaragucu,Gaziantep FK,3,1,post,STATUS_FULL_TIME
683440,2024-04-13 19:00:00,2024,20765,3643,Adana Demirspor,Kayserispor,0,0,post,STATUS_FULL_TIME
683446,2024-04-13 19:00:00,2024,1895,11429,Besiktas,Samsunspor,1,1,post,STATUS_FULL_TIME
683442,2024-04-14 13:30:00,2024,9104,7914,Pendikspor,Istanbul Basaksehir,2,3,post,STATUS_FULL_TIME
683444,2024-04-14 16:00:00,2024,20737,8841,Hatayspor,Istanbulspor,0,3,post,STATUS_FULL_TIME
683445,2024-04-14 16:00:00,2024,7656,3794,Caykur Rizespor,Antalyaspor,3,0,post,STATUS_FULL_TIME
683439,2024-04-14 19:00:00,2024,20736,436,Fatih Karagümrük,Fenerbahce,1,2,post,STATUS_FULL_TIME
683438,2024-04-15 20:00:00,2024,9078,432,Alanyaspor,Galatasaray,0,4,post,STATUS_FULL_TIME
683457,2024-04-19 20:00:00,2024,1895,2429,Besiktas,Ankaragucu,2,0,post,STATUS_FULL_TIME
683454,2024-04-20 13:30:00,2024,8841,20736,Istanbulspor,Fatih Karagümrük,1,2,post,STATUS_FULL_TIME
683450,2024-04-20 16:00:00,2024,7648,9078,Konyaspor,Alanyaspor,0,2,post,STATUS_FULL_TIME
683453,2024-04-20 19:00:00,2024,3643,997,Kayserispor,Trabzonspor,1,2,post,STATUS_FULL_TIME
683455,2024-04-20 19:00:00,2024,11429,20765,Samsunspor,Adana Demirspor,1,1,post,STATUS_FULL_TIME
683449,2024-04-21 13:30:00,2024,7914,7656,Istanbul Basaksehir,Caykur Rizespor,2,0,post,STATUS_FULL_TIME
683451,2024-04-21 19:00:00,2024,20070,6870,Gaziantep FK,Kasimpasa,2,0,post,STATUS_FULL_TIME
683448,2024-04-21 19:00:00,2024,3794,20737,Antalyaspor,Hatayspor,2,1,post,STATUS_FULL_TIME
683452,2024-04-21 19:00:00,2024,432,9104,Galatasaray,Pendikspor,4,1,post,STATUS_FULL_TIME
683456,2024-04-22 20:00:00,2024,3691,436,Sivasspor,Fenerbahce,2,2,post,STATUS_FULL_TIME
683463,2024-04-26 20:00:00,2024,20765,432,Adana Demirspor,Galatasaray,0,3,post,STATUS_FULL_TIME
683467,2024-04-27 16:00:00,2024,6870,11429,Kasimpasa,Samsunspor,1,0,post,STATUS_FULL_TIME
683461,2024-04-27 16:00:00,2024,3691,7648,Sivasspor,Konyaspor,1,0,post,STATUS_FULL_TIME
683465,2024-04-27 19:00:00,2024,436,1895,Fenerbahce,Besiktas,2,1,post,STATUS_FULL_TIME
683464,2024-04-27 19:00:00,2024,20737,7914,Hatayspor,Istanbul Basaksehir,1,2,post,STATUS_FULL_TIME
683458,2024-04-28 16:00:00,2024,9078,8841,Alanyaspor,Istanbulspor,6,0,post,STATUS_FULL_TIME
683459,2024-04-28 16:00:00,2024,9104,3643,Pendikspor,Kayserispor,1,2,post,STATUS_FULL_TIME
683460,2024-04-28 19:00:00,2024,7656,2429,Caykur Rizespor,Ankaragucu,2,2,post,STATUS_FULL_TIME
683462,2024-04-28 19:00:00,2024,997,20070,Trabzonspor,Gaziantep FK,4,2,post,STATUS_FULL_TIME
683466,2024-04-29 20:00:00,2024,20736,3794,Fatih Karagümrük,Antalyaspor,4,1,post,STATUS_FULL_TIME
683473,2024-05-03 20:00:00,2024,2429,9078,Ankaragucu,Alanyaspor,1,1,post,STATUS_FULL_TIME
683475,2024-05-03 20:00:00,2024,1895,7656,Besiktas,Caykur Rizespor,3,2,post,STATUS_FULL_TIME
683468,2024-05-04 16:00:00,2024,8841,20765,Istanbulspor,Adana Demirspor,0,1,post,STATUS_FULL_TIME
683477,2024-05-04 19:00:00,2024,11429,997,Samsunspor,Trabzonspor,3,1,post,STATUS_FULL_TIME
683469,2024-05-04 19:00:00,2024,3643,20736,Kayserispor,Fatih Karagümrük,2,2,post,STATUS_FULL_TIME
683470,2024-05-05 16:00:00,2024,7914,6870,Istanbul Basaksehir,Kasimpasa,4,1,post,STATUS_FULL_TIME
683476,2024-05-05 19:00:00,2024,432,3691,Galatasaray,Sivasspor,6,1,post,STATUS_FULL_TIME
683472,2024-05-05 19:00:00,2024,20070,20737,Gaziantep FK,Hatayspor,1,1,post,STATUS_FULL_TIME
683474,2024-05-06 20:00:00,2024,3794,9104,Antalyaspor,Pendikspor,1,2,post,STATUS_FULL_TIME
683471,2024-05-06 20:00:00,2024,7648,436,Konyaspor,Fenerbahce,0,0,post,STATUS_FULL_TIME
683481,2024-05-12 19:00:00,2024,9104,7656,Pendikspor,Caykur Rizespor,2,1,post,STATUS_FULL_TIME
683487,2024-05-12 19:00:00,2024,7648,11429,Konyaspor,Samsunspor,3,0,post,STATUS_FULL_TIME
683483,2024-05-12 19:00:00,2024,6870,3794,Kasimpasa,Antalyaspor,3,1,post,STATUS_FULL_TIME
683479,2024-05-12 19:00:00,2024,20737,2429,Hatayspor,Ankaragucu,2,1,post,STATUS_FULL_TIME
683480,2024-05-12 19:00:00,2024,3691,7914,Sivasspor,Istanbul Basaksehir,0,1,post,STATUS_FULL_TIME
683482,2024-05-12 19:00:00,2024,20736,432,Fatih Karagümrük,Galatasaray,2,3,post,STATUS_FULL_TIME
683486,2024-05-12 19:00:00,2024,9078,1895,Alanyaspor,Besiktas,1,1,post,STATUS_FULL_TIME
683485,2024-05-12 19:00:00,2024,20765,20070,Adana Demirspor,Gaziantep FK,1,6,post,STATUS_FULL_TIME
683478,2024-05-12 19:00:00,2024,436,3643,Fenerbahce,Kayserispor,3,0,post,STATUS_FULL_TIME
683484,2024-05-12 19:00:00,2024,997,8841,Trabzonspor,Istanbulspor,3,0,post,STATUS_FULL_TIME
683494,2024-05-17 17:00:00,2024,8841,3691,Istanbulspor,Sivasspor,1,3,post,STATUS_FULL_TIME
683489,2024-05-17 20:00:00,2024,3794,20765,Antalyaspor,Adana Demirspor,2,1,post,STATUS_FULL_TIME
683490,2024-05-18 19:00:00,2024,2429,9104,Ankaragucu,Pendikspor,0,0,post,STATUS_FULL_TIME
683496,2024-05-18 19:00:00,2024,1895,20737,Besiktas,Hatayspor,2,2,post,STATUS_FULL_TIME
683488,2024-05-18 19:00:00,2024,7656,6870,Caykur Rizespor,Kasimpasa,0,0,post,STATUS_FULL_TIME
683497,2024-05-18 19:00:00,2024,20070,20736,Gaziantep FK,Fatih Karagümrük,3,1,post,STATUS_FULL_TIME
683495,2024-05-18 19:00:00,2024,7914,997,Istanbul Basaksehir,Trabzonspor,0,1,post,STATUS_FULL_TIME
683493,2024-05-18 19:00:00,2024,3643,7648,Kayserispor,Konyaspor,2,2,post,STATUS_FULL_TIME
683492,2024-05-18 19:00:00,2024,11429,9078,Samsunspor,Alanyaspor,1,1,post,STATUS_FULL_TIME
683491,2024-05-19 19:00:00,2024,432,436,Galatasaray,Fenerbahce,0,1,post,STATUS_FULL_TIME
683505,2024-05-24 20:00:00,2024,9078,3794,Alanyaspor,Antalyaspor,1,1,post,STATUS_FULL_TIME
683506,2024-05-25 16:00:00,2024,20736,11429,Fatih Karagümrük,Samsunspor,3,1,post,STATUS_FULL_TIME
683499,2024-05-25 19:00:00,2024,3691,3643,Sivasspor,Kayserispor,2,1,post,STATUS_FULL_TIME
683504,2024-05-26 19:00:00,2024,997,2429,Trabzonspor,Ankaragucu,4,2,post,STATUS_FULL_TIME
683503,2024-05-26 19:00:00,2024,9104,20070,Pendikspor,Gaziantep FK,0,1,post,STATUS_FULL_TIME
683502,2024-05-26 19:00:00,2024,7648,432,Konyaspor,Galatasaray,1,3,post,STATUS_FULL_TIME
683501,2024-05-26 19:00:00,2024,6870,1895,Kasimpasa,Besiktas,2,1,post,STATUS_FULL_TIME
683500,2024-05-26 19:00:00,2024,20737,7656,Hatayspor,Caykur Rizespor,2,0,post,STATUS_FULL_TIME
683507,2024-05-26 19:00:00,2024,436,8841,Fenerbahce,Istanbulspor,6,0,post,STATUS_FULL_TIME
683498,2024-05-26 19:00:00,2024,20765,7914,Adana Demirspor,Istanbul Basaksehir,2,6,post,STATUS_FULL_TIME
713902,2024-08-09 21:00:00,2024,432,20737,Galatasaray,Hatayspor,2,1,post,STATUS_FULL_TIME
713899,2024-08-10 19:15:00,2024,6870,7648,Kasimpasa,Konyaspor,2,3,post,STATUS_FULL_TIME
713903,2024-08-10 21:45:00,2024,3794,789,Antalyaspor,Goztepe,0,0,post,STATUS_FULL_TIME
713896,2024-08-10 21:45:00,2024,436,20765,Fenerbahce,Adana Demirspor,1,0,post,STATUS_FULL_TIME
713901,2024-08-11 19:15:00,2024,3691,997,Sivasspor,Trabzonspor,0,0,post,STATUS_FULL_TIME
713900,2024-08-11 21:45:00,2024,9078,20729,Alanyaspor,Eyupspor,1,1,post,STATUS_FULL_TIME
713897,2024-08-11 21:45:00,2024,11429,1895,Samsunspor,Besiktas,0,2,post,STATUS_FULL_TIME
713895,2024-08-12 21:00:00,2024,22321,20070,Bodrum FK,Gaziantep FK,0,1,post,STATUS_FULL_TIME
713898,2024-08-12 21:00:00,2024,7656,7914,Caykur Rizespor,Istanbul Basaksehir,1,1,post,STATUS_FULL_TIME
713908,2024-08-16 21:00:00,2024,7648,432,Konyaspor,Galatasaray,1,2,post,STATUS_FULL_TIME
713907,2024-08-17 19:15:00,2024,3643,3691,Kayserispor,Sivasspor,1,2,post,STATUS_FULL_TIME
713910,2024-08-17 21:45:00,2024,20765,7656,Adana Demirspor,Caykur Rizespor,1,2,post,STATUS_FULL_TIME
713909,2024-08-17 21:45:00,2024,789,436,Goztepe,Fenerbahce,2,2,post,STATUS_FULL_TIME
713906,2024-08-18 19:15:00,2024,7914,9078,Istanbul Basaksehir,Alanyaspor,4,2,post,STATUS_FULL_TIME
713911,2024-08-18 21:45:00,2024,1895,3794,Besiktas,Antalyaspor,4,2,post,STATUS_FULL_TIME
713912,2024-08-18 21:45:00,2024,20070,11429,Gaziantep FK,Samsunspor,0,1,post,STATUS_FULL_TIME
713904,2024-08-19 21:00:00,2024,20729,22321,Eyupspor,Bodrum FK,4,1,post,STATUS_FULL_TIME
713905,2024-08-19 21:00:00,2024,20737,6870,Hatayspor,Kasimpasa,1,1,post,STATUS_FULL_TIME
713918,2024-08-23 21:00:00,2024,9078,789,Alanyaspor,Goztepe,1,1,post,STATUS_FULL_TIME
713920,2024-08-24 19:15:00,2024,3691,20729,Sivasspor,Eyupspor,0,1,post,STATUS_FULL_TIME
713917,2024-08-24 21:45:00,2024,22321,7648,Bodrum FK,Konyaspor,3,1,post,STATUS_FULL_TIME
713913,2024-08-25 19:15:00,2024,6870,20765,Kasimpasa,Adana Demirspor,2,2,post,STATUS_FULL_TIME
713921,2024-08-25 21:45:00,2024,3794,20737,Antalyaspor,Hatayspor,3,2,post,STATUS_FULL_TIME
713916,2024-08-25 21:45:00,2024,7656,436,Caykur Rizespor,Fenerbahce,0,5,post,STATUS_FULL_TIME
713928,2024-08-30 21:00:00,2024,436,9078,Fenerbahce,Alanyaspor,3,0,post,STATUS_FULL_TIME
713926,2024-08-31 19:15:00,2024,7656,6870,Caykur Rizespor,Kasimpasa,0,1,post,STATUS_FULL_TIME
713929,2024-08-31 19:15:00,2024,7648,3643,Konyaspor,Kayserispor,0,0,post,STATUS_FULL_TIME
713924,2024-08-31 21:45:00,2024,20765,432,Adana Demirspor,Galatasaray,1,5,post,STATUS_FULL_TIME
713922,2024-08-31 21:45:00,2024,789,22321,Goztepe,Bodrum FK,2,0,post,STATUS_FULL_TIME
713930,2024-09-01 19:15:00,2024,7914,3794,Istanbul Basaksehir,Antalyaspor,5,2,post,STATUS_FULL_TIME
713923,2024-09-01 19:15:00,2024,20729,997,Eyupspor,Trabzonspor,0,0,post,STATUS_FULL_TIME
713925,2024-09-01 21:45:00,2024,1895,3691,Besiktas,Sivasspor,2,0,post,STATUS_FULL_TIME
713927,2024-09-01 21:45:00,2024,20737,11429,Hatayspor,Samsunspor,0,3,post,STATUS_FULL_TIME
713938,2024-09-14 17:00:00,2024,11429,7648,Samsunspor,Konyaspor,0,1,post,STATUS_FULL_TIME
713939,2024-09-14 17:00:00,2024,3691,20070,Sivasspor,Gaziantep FK,3,2,post,STATUS_FULL_TIME
713931,2024-09-14 20:00:00,2024,22321,7914,Bodrum FK,Istanbul Basaksehir,0,1,post,STATUS_FULL_TIME
713935,2024-09-14 20:00:00,2024,432,7656,Galatasaray,Caykur Rizespor,5,0,post,STATUS_FULL_TIME
713937,2024-09-15 17:00:00,2024,3643,20729,Kayserispor,Eyupspor,2,2,post,STATUS_FULL_TIME
713936,2024-09-15 17:00:00,2024,6870,436,Kasimpasa,Fenerbahce,0,2,post,STATUS_FULL_TIME
713933,2024-09-15 20:00:00,2024,9078,20737,Alanyaspor,Hatayspor,0,0,post,STATUS_FULL_TIME
713932,2024-09-15 20:00:00,2024,997,1895,Trabzonspor,Besiktas,1,1,post,STATUS_FULL_TIME
713934,2024-09-16 20:00:00,2024,3794,20765,Antalyaspor,Adana Demirspor,2,1,post,STATUS_FULL_TIME
713919,2024-09-17 20:00:00,2024,432,20070,Galatasaray,Gaziantep FK,3,1,post,STATUS_FULL_TIME
713914,2024-09-18 20:00:00,2024,11429,7914,Samsunspor,Istanbul Basaksehir,2,0,post,STATUS_FULL_TIME
713915,2024-09-19 20:00:00,2024,997,3643,Trabzonspor,Kayserispor,2,2,post,STATUS_FULL_TIME
713941,2024-09-20 20:00:00,2024,20737,22321,Hatayspor,Bodrum FK,0,1,post,STATUS_FULL_TIME
713946,2024-09-21 17:00:00,2024,7648,3691,Konyaspor,Sivasspor,0,0,post,STATUS_FULL_TIME
713940,2024-09-21 20:00:00,2024,436,432,Fenerbahce,Galatasaray,1,3,post,STATUS_FULL_TIME
713942,2024-09-22 17:00:00,2024,7656,11429,Caykur Rizespor,Samsunspor,0,1,post,STATUS_FULL_TIME
713945,2024-09-22 17:00:00,2024,6870,3794,Kasimpasa,Antalyaspor,0,0,post,STATUS_FULL_TIME
713948,2024-09-22 20:00:00,2024,20765,9078,Adana Demirspor,Alanyaspor,0,2,post,STATUS_FULL_TIME
713947,2024-09-22 20:00:00,2024,1895,20729,Besiktas,Eyupspor,2,1,post,STATUS_FULL_TIME
713943,2024-09-23 20:00:00,2024,20070,997,Gaziantep FK,Trabzonspor,0,0,post,STATUS_FULL_TIME
713944,2024-09-23 20:00:00,2024,789,3643,Goztepe,Kayserispor,3,0,post,STATUS_FULL_TIME
713952,2024-09-27 20:00:00,2024,3691,7914,Sivasspor,Istanbul Basaksehir,1,2,post,STATUS_FULL_TIME
713957,2024-09-28 16:00:00,2024,11429,789,Samsunspor,Goztepe,4,3,post,STATUS_FULL_TIME
713951,2024-09-28 19:00:00,2024,9078,7656,Alanyaspor,Caykur Rizespor,1,0,post,STATUS_FULL_TIME
713950,2024-09-28 19:00:00,2024,432,6870,Galatasaray,Kasimpasa,3,3,post,STATUS_FULL_TIME
713953,2024-09-29 16:00:00,2024,20729,20070,Eyupspor,Gaziantep FK,3,2,post,STATUS_FULL_TIME
713955,2024-09-29 16:00:00,2024,997,7648,Trabzonspor,Konyaspor,3,2,post,STATUS_FULL_TIME
713956,2024-09-29 19:00:00,2024,3794,436,Antalyaspor,Fenerbahce,0,2,post,STATUS_FULL_TIME
713949,2024-09-29 19:00:00,2024,22321,20765,Bodrum FK,Adana Demirspor,3,1,post,STATUS_FULL_TIME
713954,2024-09-30 20:00:00,2024,3643,1895,Kayserispor,Besiktas,0,3,post,STATUS_FULL_TIME
713963,2024-10-04 20:00:00,2024,7656,3794,Caykur Rizespor,Antalyaspor,2,1,post,STATUS_FULL_TIME
713962,2024-10-05 13:30:00,2024,6870,22321,Kasimpasa,Bodrum FK,0,0,post,STATUS_FULL_TIME
713960,2024-10-05 16:00:00,2024,789,3691,Goztepe,Sivasspor,3,2,post,STATUS_FULL_TIME
713958,2024-10-05 19:00:00,2024,20737,997,Hatayspor,Trabzonspor,1,1,post,STATUS_FULL_TIME
713959,2024-10-05 19:00:00,2024,7914,3643,Istanbul Basaksehir,Kayserispor,1,1,post,STATUS_FULL_TIME
713965,2024-10-06 13:30:00,2024,7648,20729,Konyaspor,Eyupspor,2,1,post,STATUS_FULL_TIME
713964,2024-10-06 16:00:00,2024,20765,11429,Adana Demirspor,Samsunspor,1,3,post,STATUS_FULL_TIME
713966,2024-10-06 19:00:00,2024,432,9078,Galatasaray,Alanyaspor,1,0,post,STATUS_FULL_TIME
713961,2024-10-06 19:00:00,2024,20070,1895,Gaziantep FK,Besiktas,1,1,post,STATUS_FULL_TIME
713971,2024-10-19 13:30:00,2024,3643,20070,Kayserispor,Gaziantep FK,2,2,post,STATUS_FULL_TIME
713974,2024-10-19 16:00:00,2024,997,7914,Trabzonspor,Istanbul Basaksehir,1,0,post,STATUS_FULL_TIME
713968,2024-10-19 19:00:00,2024,3794,432,Antalyaspor,Galatasaray,0,3,post,STATUS_FULL_TIME
713972,2024-10-19 19:00:00,2024,20729,789,Eyupspor,Goztepe,1,0,post,STATUS_FULL_TIME
713973,2024-10-20 13:30:00,2024,3691,20737,Sivasspor,Hatayspor,3,2,post,STATUS_FULL_TIME
713969,2024-10-20 16:00:00,2024,1895,7648,Besiktas,Konyaspor,2,0,post,STATUS_FULL_TIME
713967,2024-10-20 19:00:00,2024,9078,6870,Alanyaspor,Kasimpasa,1,2,post,STATUS_FULL_TIME
713970,2024-10-20 19:00:00,2024,11429,436,Samsunspor,Fenerbahce,2,2,post,STATUS_FULL_TIME
713975,2024-10-21 20:00:00,2024,22321,7656,Bodrum FK,Caykur Rizespor,0,1,post,STATUS_FULL_TIME
713979,2024-10-25 20:00:00,2024,20765,3691,Adana Demirspor,Sivasspor,2,4,post,STATUS_FULL_TIME
713982,2024-10-26 13:30:00,2024,20737,3643,Hatayspor,Kayserispor,0,1,post,STATUS_FULL_TIME
713980,2024-10-26 16:00:00,2024,6870,11429,Kasimpasa,Samsunspor,1,4,post,STATUS_FULL_TIME
713981,2024-10-26 19:00:00,2024,789,997,Goztepe,Trabzonspor,2,1,post,STATUS_FULL_TIME
713984,2024-10-27 13:30:00,2024,20070,7648,Gaziantep FK,Konyaspor,3,1,post,STATUS_FULL_TIME
713978,2024-10-27 16:00:00,2024,9078,3794,Alanyaspor,Antalyaspor,1,2,post,STATUS_FULL_TIME
713976,2024-10-27 19:00:00,2024,436,22321,Fenerbahce,Bodrum FK,2,0,post,STATUS_FULL_TIME
713983,2024-10-28 17:00:00,2024,7914,20729,Istanbul Basaksehir,Eyupspor,1,1,post,STATUS_FULL_TIME
713977,2024-10-28 20:00:00,2024,432,1895,Galatasaray,Besiktas,2,1,post,STATUS_FULL_TIME
713985,2024-11-01 20:00:00,2024,20070,789,Gaziantep FK,Goztepe,2,1,post,STATUS_FULL_TIME
713993,2024-11-02 13:30:00,2024,3691,7656,Sivasspor,Caykur Rizespor,2,1,post,STATUS_FULL_TIME
713987,2024-11-02 16:00:00,2024,3643,20765,Kayserispor,Adana Demirspor,0,0,post,STATUS_FULL_TIME
713989,2024-11-02 19:00:00,2024,1895,6870,Besiktas,Kasimpasa,1,3,post,STATUS_FULL_TIME
713991,2024-11-03 13:30:00,2024,7648,7914,Konyaspor,Istanbul Basaksehir,3,2,post,STATUS_FULL_TIME
713988,2024-11-03 16:00:00,2024,22321,9078,Bodrum FK,Alanyaspor,0,0,post,STATUS_FULL_TIME
713986,2024-11-03 16:00:00,2024,20729,20737,Eyupspor,Hatayspor,2,0,post,STATUS_FULL_TIME
713992,2024-11-03 19:00:00,2024,997,436,Trabzonspor,Fenerbahce,2,3,post,STATUS_FULL_TIME
713990,2024-11-04 20:00:00,2024,11429,3794,Samsunspor,Antalyaspor,2,0,post,STATUS_FULL_TIME
713995,2024-11-08 20:00:00,2024,6870,3643,Kasimpasa,Kayserispor,1,2,post,STATUS_FULL_TIME
713994,2024-11-09 13:30:00,2024,3794,22321,Antalyaspor,Bodrum FK,3,2,post,STATUS_FULL_TIME
713997,2024-11-09 16:00:00,2024,20737,20070,Hatayspor,Gaziantep FK,3,1,post,STATUS_FULL_TIME
713999,2024-11-09 19:00:00,2024,20765,20729,Adana Demirspor,Eyupspor,0,1,post,STATUS_FULL_TIME
714000,2024-11-09 19:00:00,2024,7656,997,Caykur Rizespor,Trabzonspor,3,1,post,STATUS_FULL_TIME
714002,2024-11-10 13:30:00,2024,789,7648,Goztepe,Konyaspor,2,0,post,STATUS_FULL_TIME
713996,2024-11-10 16:00:00,2024,432,11429,Galatasaray,Samsunspor,3,2,post,STATUS_FULL_TIME
714001,2024-11-10 19:00:00,2024,436,3691,Fenerbahce,Sivasspor,4,0,post,STATUS_FULL_TIME
713998,2024-11-10 19:00:00,2024,7914,1895,Istanbul Basaksehir,Besiktas,0,0,post,STATUS_FULL_TIME
714011,2024-11-23 13:30:00,2024,20729,7656,Eyupspor,Caykur Rizespor,1,2,post,STATUS_FULL_TIME
714003,2024-11-23 16:00:00,2024,20070,7914,Gaziantep FK,Istanbul Basaksehir,3,0,post,STATUS_FULL_TIME
714010,2024-11-23 16:00:00,2024,3643,436,Kayserispor,Fenerbahce,2,6,post,STATUS_FULL_TIME
714008,2024-11-23 19:00:00,2024,22321,432,Bodrum FK,Galatasaray,0,1,post,STATUS_FULL_TIME
714009,2024-11-24 13:30:00,2024,3691,6870,Sivasspor,Kasimpasa,0,0,post,STATUS_FULL_TIME
714006,2024-11-24 16:00:00,2024,7648,20737,Konyaspor,Hatayspor,1,1,post,STATUS_FULL_TIME
714005,2024-11-24 16:00:00,2024,11429,9078,Samsunspor,Alanyaspor,1,1,post,STATUS_FULL_TIME
714007,2024-11-24 19:00:00,2024,1895,789,Besiktas,Goztepe,2,4,post,STATUS_FULL_TIME
714004,2024-11-25 20:00:00,2024,997,20765,Trabzonspor,Adana Demirspor,5,0,post,STATUS_FULL_TIME
714018,2024-11-29 20:00:00,2024,3794,3691,Antalyaspor,Sivasspor,2,1,post,STATUS_FULL_TIME
714012,2024-11-30 13:30:00,2024,11429,22321,Samsunspor,Bodrum FK,4,0,post,STATUS_FULL_TIME
714020,2024-11-30 16:00:00,2024,20765,7648,Adana Demirspor,Konyaspor,0,1,post,STATUS_FULL_TIME
714019,2024-11-30 19:00:00,2024,9078,997,Alanyaspor,Trabzonspor,2,1,post,STATUS_FULL_TIME
714015,2024-11-30 19:00:00,2024,7914,789,Istanbul Basaksehir,Goztepe,4,1,post,STATUS_FULL_TIME
714017,2024-12-01 16:00:00,2024,7656,3643,Caykur Rizespor,Kayserispor,3,0,post,STATUS_FULL_TIME
714016,2024-12-01 19:00:00,2024,432,20729,Galatasaray,Eyupspor,2,2,post,STATUS_FULL_TIME
714014,2024-12-02 20:00:00,2024,436,20070,Fenerbahce,Gaziantep FK,3,1,post,STATUS_FULL_TIME
714013,2024-12-02 20:00:00,2024,20737,1895,Hatayspor,Besiktas,1,1,post,STATUS_FULL_TIME
714028,2024-12-06 20:00:00,2024,997,6870,Trabzonspor,Kasimpasa,2,2,post,STATUS_FULL_TIME
714022,2024-12-07 13:30:00,2024,7648,3794,Konyaspor,Antalyaspor,1,1,post,STATUS_FULL_TIME
714029,2024-12-07 16:00:00,2024,789,20765,Goztepe,Adana Demirspor,3,1,post,STATUS_FULL_TIME
714025,2024-12-07 19:00:00,2024,1895,436,Besiktas,Fenerbahce,1,0,post,STATUS_FULL_TIME
714027,2024-12-08 13:30:00,2024,20729,11429,Eyupspor,Samsunspor,3,0,post,STATUS_FULL_TIME
714023,2024-12-08 16:00:00,2024,3691,432,Sivasspor,Galatasaray,2,3,post,STATUS_FULL_TIME
714021,2024-12-08 16:00:00,2024,3643,9078,Kayserispor,Alanyaspor,2,0,post,STATUS_FULL_TIME
714024,2024-12-08 19:00:00,2024,7914,20737,Istanbul Basaksehir,Hatayspor,3,0,post,STATUS_FULL_TIME
714026,2024-12-09 20:00:00,2024,20070,7656,Gaziantep FK,Caykur Rizespor,1,0,post,STATUS_FULL_TIME
714030,2024-12-13 20:00:00,2024,22321,3691,Bodrum FK,Sivasspor,2,0,post,STATUS_FULL_TIME
714036,2024-12-13 20:00:00,2024,6870,20729,Kasimpasa,Eyupspor,2,0,post,STATUS_FULL_TIME
714033,2024-12-14 16:00:00,2024,7656,7648,Caykur Rizespor,Konyaspor,1,1,post,STATUS_FULL_TIME
714037,2024-12-14 19:00:00,2024,9078,20070,Alanyaspor,Gaziantep FK,3,0,post,STATUS_FULL_TIME
714035,2024-12-15 13:30:00,2024,20737,789,Hatayspor,Goztepe,1,1,post,STATUS_FULL_TIME
714031,2024-12-15 16:00:00,2024,3794,3643,Antalyaspor,Kayserispor,2,0,post,STATUS_FULL_TIME
714032,2024-12-15 19:00:00,2024,436,7914,Fenerbahce,Istanbul Basaksehir,3,1,post,STATUS_FULL_TIME
714038,2024-12-16 19:00:00,2024,20765,1895,Adana Demirspor,Besiktas,2,1,post,STATUS_FULL_TIME
714034,2024-12-16 21:00:00,2024,432,997,Galatasaray,Trabzonspor,4,3,post,STATUS_FULL_TIME
714045,2024-12-20 20:00:00,2024,20729,436,Eyupspor,Fenerbahce,1,1,post,STATUS_FULL_TIME
714039,2024-12-21 16:00:00,2024,3691,11429,Sivasspor,Samsunspor,0,0,post,STATUS_FULL_TIME
714040,2024-12-21 19:00:00,2024,1895,9078,Besiktas,Alanyaspor,1,1,post,STATUS_FULL_TIME
714044,2024-12-22 13:30:00,2024,20070,3794,Gaziantep FK,Antalyaspor,2,0,post,STATUS_FULL_TIME
714041,2024-12-22 16:00:00,2024,3643,432,Kayserispor,Galatasaray,1,5,post,STATUS_FULL_TIME
714047,2024-12-22 16:00:00,2024,789,7656,Goztepe,Caykur Rizespor,3,0,post,STATUS_FULL_TIME
714043,2024-12-22 19:00:00,2024,997,22321,Trabzonspor,Bodrum FK,1,0,post,STATUS_FULL_TIME
714046,2024-12-23 20:00:00,2024,20737,20765,Hatayspor,Adana Demirspor,1,3,post,STATUS_FULL_TIME
714042,2024-12-23 20:00:00,2024,7914,6870,Istanbul Basaksehir,Kasimpasa,2,2,post,STATUS_FULL_TIME
714050,2025-01-03 20:00:00,2025,9078,7648,Alanyaspor,Konyaspor,2,1,post,STATUS_FULL_TIME
714052,2025-01-03 20:00:00,2025,7656,1895,Caykur Rizespor,Besiktas,1,1,post,STATUS_FULL_TIME
714049,2025-01-04 13:30:00,2025,20765,7914,Adana Demirspor,Istanbul Basaksehir,0,1,post,STATUS_FULL_TIME
714051,2025-01-04 16:00:00,2025,3794,20729,Antalyaspor,Eyupspor,1,4,post,STATUS_FULL_TIME
714055,2025-01-04 19:00:00,2025,432,789,Galatasaray,Goztepe,2,1,post,STATUS_FULL_TIME
714056,2025-01-04 20:00:00,2025,11429,997,Samsunspor,Trabzonspor,2,1,post,STATUS_FULL_TIME
714048,2025-01-05 13:30:00,2025,6870,20070,Kasimpasa,Gaziantep FK,2,2,post,STATUS_FULL_TIME
714054,2025-01-05 16:00:00,2025,22321,3643,Bodrum FK,Kayserispor,1,1,post,STATUS_FULL_TIME
714053,2025-01-05 19:00:00,2025,436,20737,Fenerbahce,Hatayspor,2,1,post,STATUS_FULL_TIME
714062,2025-01-11 13:30:00,2025,3643,11429,Kayserispor,Samsunspor,0,1,post,STATUS_FULL_TIME
714060,2025-01-11 16:00:00,2025,20737,7656,Hatayspor,Caykur Rizespor,1,2,post,STATUS_FULL_TIME
714065,2025-01-11 19:00:00,2025,1895,22321,Besiktas,Bodrum FK,2,1,post,STATUS_FULL_TIME
714064,2025-01-12 13:30:00,2025,3691,9078,Sivasspor,Alanyaspor,1,1,post,STATUS_FULL_TIME
714057,2025-01-12 16:00:00,2025,997,3794,Trabzonspor,Antalyaspor,5,0,post,STATUS_FULL_TIME
714058,2025-01-12 19:00:00,2025,20070,20765,Gaziantep FK,Adana Demirspor,1,0,post,STATUS_FULL_TIME
714061,2025-01-12 19:00:00,2025,7914,432,Istanbul Basaksehir,Galatasaray,1,2,post,STATUS_FULL_TIME
714059,2025-01-13 20:00:00,2025,789,6870,Goztepe,Kasimpasa,5,0,post,STATUS_FULL_TIME
714063,2025-01-13 20:00:00,2025,7648,436,Konyaspor,Fenerbahce,2,3,post,STATUS_FULL_TIME
714073,2025-01-17 20:00:00,2025,20737,432,Hatayspor,Galatasaray,1,1,post,STATUS_FULL_TIME
714070,2025-01-18 13:30:00,2025,7914,7656,Istanbul Basaksehir,Caykur Rizespor,2,0,post,STATUS_FULL_TIME
714066,2025-01-18 16:00:00,2025,20070,22321,Gaziantep FK,Bodrum FK,0,0,post,STATUS_FULL_TIME
714068,2025-01-18 19:00:00,2025,1895,11429,Besiktas,Samsunspor,0,0,post,STATUS_FULL_TIME
714072,2025-01-19 13:30:00,2025,789,3794,Goztepe,Antalyaspor,1,0,post,STATUS_FULL_TIME
714074,2025-01-19 16:00:00,2025,7648,6870,Konyaspor,Kasimpasa,3,3,post,STATUS_FULL_TIME
714069,2025-01-19 19:00:00,2025,20765,436,Adana Demirspor,Fenerbahce,0,4,post,STATUS_FULL_TIME
714071,2025-01-19 19:00:00,2025,20729,9078,Eyupspor,Alanyaspor,3,0,post,STATUS_FULL_TIME
714067,2025-01-20 20:00:00,2025,997,3691,Trabzonspor,Sivasspor,4,0,post,STATUS_FULL_TIME
714083,2025-01-24 20:00:00,2025,11429,20070,Samsunspor,Gaziantep FK,2,1,post,STATUS_FULL_TIME
714082,2025-01-25 13:30:00,2025,3691,3643,Sivasspor,Kayserispor,5,2,post,STATUS_FULL_TIME
714078,2025-01-25 16:00:00,2025,9078,7914,Alanyaspor,Istanbul Basaksehir,5,4,post,STATUS_FULL_TIME
714081,2025-01-25 19:00:00,2025,432,7648,Galatasaray,Konyaspor,1,0,post,STATUS_FULL_TIME
714079,2025-01-26 13:30:00,2025,7656,20765,Caykur Rizespor,Adana Demirspor,3,2,post,STATUS_FULL_TIME
714077,2025-01-26 16:00:00,2025,3794,1895,Antalyaspor,Besiktas,1,1,post,STATUS_FULL_TIME
714075,2025-01-26 16:00:00,2025,22321,20729,Bodrum FK,Eyupspor,0,1,post,STATUS_FULL_TIME
714076,2025-01-26 19:00:00,2025,436,789,Fenerbahce,Goztepe,3,2,post,STATUS_FULL_TIME
714080,2025-01-27 20:00:00,2025,6870,20737,Kasimpasa,Hatayspor,5,4,post,STATUS_FULL_TIME
714086,2025-01-31 20:00:00,2025,20729,3691,Eyupspor,Sivasspor,1,0,post,STATUS_FULL_TIME
714085,2025-01-31 20:00:00,2025,7648,22321,Konyaspor,Bodrum FK,3,1,post,STATUS_FULL_TIME
714090,2025-02-01 13:30:00,2025,20737,3794,Hatayspor,Antalyaspor,2,3,post,STATUS_FULL_TIME
714091,2025-02-01 16:00:00,2025,3643,997,Kayserispor,Trabzonspor,0,0,post,STATUS_FULL_TIME
714084,2025-02-01 19:00:00,2025,7914,11429,Istanbul Basaksehir,Samsunspor,4,0,post,STATUS_FULL_TIME
714092,2025-02-02 13:30:00,2025,20765,6870,Adana Demirspor,Kasimpasa,3,5,post,STATUS_FULL_TIME
714089,2025-02-02 16:00:00,2025,789,9078,Goztepe,Alanyaspor,0,1,post,STATUS_FULL_TIME
714087,2025-02-02 19:00:00,2025,436,7656,Fenerbahce,Caykur Rizespor,3,2,post,STATUS_FULL_TIME
714088,2025-02-03 20:00:00,2025,20070,432,Gaziantep FK,Galatasaray,0,1,post,STATUS_FULL_TIME
714100,2025-02-07 20:00:00,2025,11429,20737,Samsunspor,Hatayspor,2,0,post,STATUS_FULL_TIME
714101,2025-02-08 16:00:00,2025,3643,7648,Kayserispor,Konyaspor,3,2,post,STATUS_FULL_TIME
714097,2025-02-08 19:00:00,2025,3691,1895,Sivasspor,Besiktas,0,2,post,STATUS_FULL_TIME
714094,2025-02-09 13:30:00,2025,6870,7656,Kasimpasa,Caykur Rizespor,3,2,post,STATUS_FULL_TIME
714098,2025-02-09 16:00:00,2025,9078,436,Alanyaspor,Fenerbahce,0,2,post,STATUS_FULL_TIME
714096,2025-02-09 19:00:00,2025,3794,7914,Antalyaspor,Istanbul Basaksehir,0,0,post,STATUS_FULL_TIME
714095,2025-02-09 19:00:00,2025,432,20765,Galatasaray,Adana Demirspor,3,0,post,STATUS_FULL_TIME
714099,2025-02-10 20:00:00,2025,22321,789,Bodrum FK,Goztepe,0,0,post,STATUS_FULL_TIME
714093,2025-02-10 20:00:00,2025,997,20729,Trabzonspor,Eyupspor,1,0,post,STATUS_FULL_TIME
714110,2025-02-14 20:00:00,2025,20765,3794,Adana Demirspor,Antalyaspor,1,1,post,STATUS_FULL_TIME
714105,2025-02-15 13:30:00,2025,20070,3691,Gaziantep FK,Sivasspor,2,1,post,STATUS_FULL_TIME
714102,2025-02-15 16:00:00,2025,7914,22321,Istanbul Basaksehir,Bodrum FK,0,1,post,STATUS_FULL_TIME
714109,2025-02-15 19:00:00,2025,1895,997,Besiktas,Trabzonspor,2,1,post,STATUS_FULL_TIME
714104,2025-02-16 13:30:00,2025,20737,9078,Hatayspor,Alanyaspor,1,0,post,STATUS_FULL_TIME
714107,2025-02-16 16:00:00,2025,20729,3643,Eyupspor,Kayserispor,1,1,post,STATUS_FULL_TIME
714103,2025-02-16 16:00:00,2025,7648,11429,Konyaspor,Samsunspor,0,1,post,STATUS_FULL_TIME
714106,2025-02-16 19:00:00,2025,436,6870,Fenerbahce,Kasimpasa,3,1,post,STATUS_FULL_TIME
714108,2025-02-17 20:00:00,2025,7656,432,Caykur Rizespor,Galatasaray,1,2,post,STATUS_FULL_TIME
714114,2025-02-21 20:00:00,2025,20729,1895,Eyupspor,Besiktas,1,3,post,STATUS_FULL_TIME
714111,2025-02-21 20:00:00,2025,22321,20737,Bodrum FK,Hatayspor,1,0,post,STATUS_FULL_TIME
714118,2025-02-22 13:30:00,2025,3691,7648,Sivasspor,Konyaspor,1,1,post,STATUS_FULL_TIME
714113,2025-02-22 16:00:00,2025,3794,6870,Antalyaspor,Kasimpasa,2,1,post,STATUS_FULL_TIME
714117,2025-02-22 19:00:00,2025,11429,7656,Samsunspor,Caykur Rizespor,2,3,post,STATUS_FULL_TIME
714116,2025-02-23 13:30:00,2025,3643,789,Kayserispor,Goztepe,1,0,post,STATUS_FULL_TIME
714112,2025-02-23 16:00:00,2025,9078,20765,Alanyaspor,Adana Demirspor,3,2,post,STATUS_FULL_TIME
714119,2025-02-23 19:00:00,2025,997,20070,Trabzonspor,Gaziantep FK,3,2,post,STATUS_FULL_TIME
714115,2025-02-24 20:00:00,2025,432,436,Galatasaray,Fenerbahce,0,0,post,STATUS_FULL_TIME
714120,2025-03-01 16:00:00,2025,20765,22321,Adana Demirspor,Bodrum FK,0,0,post,STATUS_FULL_TIME
714128,2025-03-01 20:30:00,2025,1895,3643,Besiktas,Kayserispor,2,0,post,STATUS_FULL_TIME
714121,2025-03-02 13:30:00,2025,7656,9078,Caykur Rizespor,Alanyaspor,3,1,post,STATUS_FULL_TIME
714126,2025-03-02 16:00:00,2025,6870,432,Kasimpasa,Galatasaray,3,3,post,STATUS_FULL_TIME
714122,2025-03-02 20:30:00,2025,436,3794,Fenerbahce,Antalyaspor,3,0,post,STATUS_FULL_TIME
714123,2025-03-03 16:00:00,2025,20070,20729,Gaziantep FK,Eyupspor,3,1,post,STATUS_FULL_TIME
714125,2025-03-03 16:00:00,2025,7648,997,Konyaspor,Trabzonspor,1,0,post,STATUS_FULL_TIME
714127,2025-03-03 20:30:00,2025,7914,3691,Istanbul Basaksehir,Sivasspor,1,0,post,STATUS_FULL_TIME
714124,2025-03-03 20:30:00,2025,789,11429,Goztepe,Samsunspor,2,2,post,STATUS_FULL_TIME
714129,2025-03-07 20:30:00,2025,22321,6870,Bodrum FK,Kasimpasa,1,0,post,STATUS_FULL_TIME
714134,2025-03-08 13:30:00,2025,3643,7914,Kayserispor,Istanbul Basaksehir,3,1,post,STATUS_FULL_TIME
714131,2025-03-08 16:00:00,2025,3794,7656,Antalyaspor,Caykur Rizespor,2,1,post,STATUS_FULL_TIME
714133,2025-03-08 20:30:00,2025,997,20737,Trabzonspor,Hatayspor,1,2,post,STATUS_FULL_TIME
714136,2025-03-09 13:30:00,2025,3691,789,Sivasspor,Goztepe,3,1,post,STATUS_FULL_TIME
714130,2025-03-09 16:00:00,2025,20729,7648,Eyupspor,Konyaspor,2,1,post,STATUS_FULL_TIME
714135,2025-03-09 16:00:00,2025,11429,20765,Samsunspor,Adana Demirspor,3,2,post,STATUS_FULL_TIME
714137,2025-03-09 20:30:00,2025,9078,432,Alanyaspor,Galatasaray,1,2,post,STATUS_FULL_TIME
714132,2025-03-10 20:30:00,2025,1895,20070,Besiktas,Gaziantep FK,1,2,post,STATUS_FULL_TIME
714145,2025-03-14 20:30:00,2025,432,3794,Galatasaray,Antalyaspor,4,0,post,STATUS_FULL_TIME
714144,2025-03-15 13:30:00,2025,20070,3643,Gaziantep FK,Kayserispor,1,0,post,STATUS_FULL_TIME
714138,2025-03-15 16:00:00,2025,6870,9078,Kasimpasa,Alanyaspor,2,1,post,STATUS_FULL_TIME
714141,2025-03-15 20:30:00,2025,7914,997,Istanbul Basaksehir,Trabzonspor,0,3,post,STATUS_FULL_TIME
714140,2025-03-15 20:30:00,2025,7648,1895,Konyaspor,Besiktas,1,0,post,STATUS_FULL_TIME
714139,2025-03-16 13:30:00,2025,7656,22321,Caykur Rizespor,Bodrum FK,0,2,post,STATUS_FULL_TIME
714143,2025-03-16 16:00:00,2025,789,20729,Goztepe,Eyupspor,1,1,post,STATUS_FULL_TIME
714142,2025-03-16 16:00:00,2025,20737,3691,Hatayspor,Sivasspor,3,2,post,STATUS_FULL_TIME
714146,2025-03-16 20:30:00,2025,436,11429,Fenerbahce,Samsunspor,0,0,post,STATUS_FULL_TIME
714149,2025-03-28 16:00:00,2025,3794,9078,Antalyaspor,Alanyaspor,2,1,post,STATUS_FULL_TIME
714148,2025-03-28 16:00:00,2025,3643,20737,Kayserispor,Hatayspor,5,0,post,STATUS_FULL_TIME
714147,2025-03-28 20:30:00,2025,22321,436,Bodrum FK,Fenerbahce,2,4,post,STATUS_FULL_TIME
714153,2025-03-28 20:30:00,2025,7648,20070,Konyaspor,Gaziantep FK,1,0,post,STATUS_FULL_TIME
714154,2025-03-29 13:30:00,2025,3691,20765,Sivasspor,Adana Demirspor,5,1,post,STATUS_FULL_TIME
714151,2025-03-29 16:00:00,2025,11429,6870,Samsunspor,Kasimpasa,0,2,post,STATUS_FULL_TIME
714152,2025-03-29 16:00:00,2025,997,789,Trabzonspor,Goztepe,1,1,post,STATUS_FULL_TIME
714150,2025-03-29 20:30:00,2025,1895,432,Besiktas,Galatasaray,2,1,post,STATUS_FULL_TIME
714155,2025-03-31 20:00:00,2025,20729,7914,Eyupspor,Istanbul Basaksehir,1,3,post,STATUS_FULL_TIME
714164,2025-04-04 20:00:00,2025,20765,3643,Adana Demirspor,Kayserispor,0,2,post,STATUS_FULL_TIME
714163,2025-04-05 13:30:00,2025,7656,3691,Caykur Rizespor,Sivasspor,1,1,post,STATUS_FULL_TIME
714161,2025-04-05 16:00:00,2025,7914,7648,Istanbul Basaksehir,Konyaspor,1,0,post,STATUS_FULL_TIME
714162,2025-04-05 19:00:00,2025,3794,11429,Antalyaspor,Samsunspor,2,1,post,STATUS_FULL_TIME
714156,2025-04-06 13:30:00,2025,9078,22321,Alanyaspor,Bodrum FK,0,1,post,STATUS_FULL_TIME
714158,2025-04-06 16:00:00,2025,20737,20729,Hatayspor,Eyupspor,0,1,post,STATUS_FULL_TIME
714160,2025-04-06 19:00:00,2025,436,997,Fenerbahce,Trabzonspor,4,1,post,STATUS_FULL_TIME
714157,2025-04-07 20:00:00,2025,6870,1895,Kasimpasa,Besiktas,1,1,post,STATUS_FULL_TIME
714159,2025-04-07 20:00:00,2025,789,20070,Goztepe,Gaziantep FK,1,1,post,STATUS_FULL_TIME
714172,2025-04-11 20:00:00,2025,11429,432,Samsunspor,Galatasaray,0,2,post,STATUS_FULL_TIME
714171,2025-04-12 16:00:00,2025,7648,789,Konyaspor,Goztepe,1,0,post,STATUS_FULL_TIME
714169,2025-04-12 19:00:00,2025,1895,7914,Besiktas,Istanbul Basaksehir,0,2,post,STATUS_FULL_TIME
714173,2025-04-12 19:00:00,2025,22321,3794,Bodrum FK,Antalyaspor,0,0,post,STATUS_FULL_TIME
714167,2025-04-13 16:00:00,2025,20070,20737,Gaziantep FK,Hatayspor,2,1,post,STATUS_FULL_TIME
714170,2025-04-13 16:00:00,2025,3643,6870,Kayserispor,Kasimpasa,1,0,post,STATUS_FULL_TIME
714166,2025-04-13 19:00:00,2025,3691,436,Sivasspor,Fenerbahce,1,3,post,STATUS_FULL_TIME
714168,2025-04-13 19:00:00,2025,997,7656,Trabzonspor,Caykur Rizespor,2,0,post,STATUS_FULL_TIME
714165,2025-04-14 20:00:00,2025,20729,20765,Eyupspor,Adana Demirspor,6,0,post,STATUS_FULL_TIME
714177,2025-04-18 20:00:00,2025,432,22321,Galatasaray,Bodrum FK,2,0,post,STATUS_FULL_TIME
714179,2025-04-18 20:00:00,2025,20737,7648,Hatayspor,Konyaspor,2,3,post,STATUS_FULL_TIME
714176,2025-04-19 13:30:00,2025,6870,3691,Kasimpasa,Sivasspor,3,1,post,STATUS_FULL_TIME
714175,2025-04-19 16:00:00,2025,20765,997,Adana Demirspor,Trabzonspor,0,1,post,STATUS_FULL_TIME
714180,2025-04-19 19:00:00,2025,789,1895,Goztepe,Besiktas,1,1,post,STATUS_FULL_TIME
714182,2025-04-20 13:30:00,2025,7914,20070,Istanbul Basaksehir,Gaziantep FK,2,1,post,STATUS_FULL_TIME
714178,2025-04-20 16:00:00,2025,7656,20729,Caykur Rizespor,Eyupspor,1,0,post,STATUS_FULL_TIME
714174,2025-04-20 19:00:00,2025,436,3643,Fenerbahce,Kayserispor,3,3,post,STATUS_FULL_TIME
714181,2025-04-21 20:00:00,2025,9078,11429,Alanyaspor,Samsunspor,1,0,post,STATUS_FULL_TIME
714186,2025-04-25 20:00:00,2025,1895,20737,Besiktas,Hatayspor,5,1,post,STATUS_FULL_TIME
714190,2025-04-26 16:00:00,2025,3691,3794,Sivasspor,Antalyaspor,2,0,post,STATUS_FULL_TIME
714187,2025-04-26 19:00:00,2025,22321,11429,Bodrum FK,Samsunspor,1,2,post,STATUS_FULL_TIME
714184,2025-04-26 19:00:00,2025,20070,436,Gaziantep FK,Fenerbahce,1,3,post,STATUS_FULL_TIME
714188,2025-04-27 16:00:00,2025,7648,20765,Konyaspor,Adana Demirspor,3,1,post,STATUS_FULL_TIME
714185,2025-04-27 16:00:00,2025,997,9078,Trabzonspor,Alanyaspor,4,3,post,STATUS_FULL_TIME
714191,2025-04-27 19:00:00,2025,20729,432,Eyupspor,Galatasaray,1,5,post,STATUS_FULL_TIME
714189,2025-04-27 19:00:00,2025,3643,7656,Kayserispor,Caykur Rizespor,1,0,post,STATUS_FULL_TIME
714183,2025-04-28 20:00:00,2025,789,7914,Goztepe,Istanbul Basaksehir,4,1,post,STATUS_FULL_TIME
714193,2025-05-02 20:00:00,2025,3794,7648,Antalyaspor,Konyaspor,1,0,post,STATUS_FULL_TIME
714192,2025-05-03 16:00:00,2025,9078,3643,Alanyaspor,Kayserispor,1,1,post,STATUS_FULL_TIME
714194,2025-05-03 16:00:00,2025,7656,20070,Caykur Rizespor,Gaziantep FK,2,0,post,STATUS_FULL_TIME
714198,2025-05-03 19:00:00,2025,432,3691,Galatasaray,Sivasspor,4,1,post,STATUS_FULL_TIME
714197,2025-05-03 19:00:00,2025,20737,7914,Hatayspor,Istanbul Basaksehir,2,4,post,STATUS_FULL_TIME
714200,2025-05-04 16:00:00,2025,11429,20729,Samsunspor,Eyupspor,3,0,post,STATUS_FULL_TIME
714195,2025-05-04 19:00:00,2025,20765,789,Adana Demirspor,Goztepe,1,2,post,STATUS_FULL_TIME
714199,2025-05-04 19:00:00,2025,436,1895,Fenerbahce,Besiktas,0,1,post,STATUS_FULL_TIME
714196,2025-05-05 20:00:00,2025,6870,997,Kasimpasa,Trabzonspor,1,1,post,STATUS_FULL_TIME
714209,2025-05-09 20:00:00,2025,20070,9078,Gaziantep FK,Alanyaspor,0,1,post,STATUS_FULL_TIME
714207,2025-05-09 20:00:00,2025,7914,436,Istanbul Basaksehir,Fenerbahce,1,4,post,STATUS_FULL_TIME
714204,2025-05-10 16:00:00,2025,20729,6870,Eyupspor,Kasimpasa,0,3,post,STATUS_FULL_TIME
714201,2025-05-10 16:00:00,2025,7648,7656,Konyaspor,Caykur Rizespor,2,1,post,STATUS_FULL_TIME
714202,2025-05-10 19:00:00,2025,997,432,Trabzonspor,Galatasaray,0,2,post,STATUS_FULL_TIME
714205,2025-05-11 16:00:00,2025,3691,22321,Sivasspor,Bodrum FK,0,0,post,STATUS_FULL_TIME
714203,2025-05-11 19:00:00,2025,1895,20765,Besiktas,Adana Demirspor,4,1,post,STATUS_FULL_TIME
714206,2025-05-11 19:00:00,2025,789,20737,Goztepe,Hatayspor,1,1,post,STATUS_FULL_TIME
714208,2025-05-12 20:00:00,2025,3643,3794,Kayserispor,Antalyaspor,3,1,post,STATUS_FULL_TIME
714217,2025-05-17 19:00:00,2025,20765,20737,Adana Demirspor,Hatayspor,0,5,post,STATUS_FULL_TIME
714215,2025-05-18 19:00:00,2025,11429,3691,Samsunspor,Sivasspor,1,0,post,STATUS_FULL_TIME
714214,2025-05-18 19:00:00,2025,6870,7914,Kasimpasa,Istanbul Basaksehir,2,3,post,STATUS_FULL_TIME
714213,2025-05-18 19:00:00,2025,432,3643,Galatasaray,Kayserispor,3,0,post,STATUS_FULL_TIME
714212,2025-05-18 19:00:00,2025,436,20729,Fenerbahce,Eyupspor,2,1,post,STATUS_FULL_TIME
714211,2025-05-18 19:00:00,2025,7656,789,Caykur Rizespor,Goztepe,6,3,post,STATUS_FULL_TIME
714218,2025-05-18 19:00:00,2025,22321,997,Bodrum FK,Trabzonspor,1,1,post,STATUS_FULL_TIME
714210,2025-05-18 19:00:00,2025,3794,20070,Antalyaspor,Gaziantep FK,0,0,post,STATUS_FULL_TIME
714216,2025-05-18 19:00:00,2025,9078,1895,Alanyaspor,Besiktas,1,1,post,STATUS_FULL_TIME
714227,2025-05-24 16:00:00,2025,20729,3794,Eyupspor,Antalyaspor,2,1,post,STATUS_FULL_TIME
714222,2025-05-24 19:00:00,2025,20070,6870,Gaziantep FK,Kasimpasa,2,2,post,STATUS_FULL_TIME
714221,2025-05-24 19:00:00,2025,789,432,Goztepe,Galatasaray,0,2,post,STATUS_FULL_TIME
714223,2025-05-25 19:00:00,2025,1895,7656,Besiktas,Caykur Rizespor,1,2,post,STATUS_FULL_TIME
714219,2025-05-25 19:00:00,2025,7914,20765,Istanbul Basaksehir,Adana Demirspor,2,3,post,STATUS_FULL_TIME
714225,2025-05-25 19:00:00,2025,3643,22321,Kayserispor,Bodrum FK,1,1,post,STATUS_FULL_TIME
714226,2025-05-25 19:00:00,2025,7648,9078,Konyaspor,Alanyaspor,1,2,post,STATUS_FULL_TIME
714220,2025-05-25 19:00:00,2025,997,11429,Trabzonspor,Samsunspor,2,2,post,STATUS_FULL_TIME
714224,2025-05-26 20:00:00,2025,20737,436,Hatayspor,Fenerbahce,4,2,post,STATUS_FULL_TIME
714230,2025-05-30 20:00:00,2025,3794,997,Antalyaspor,Trabzonspor,0,2,post,STATUS_FULL_TIME
714233,2025-05-30 20:00:00,2025,432,7914,Galatasaray,Istanbul Basaksehir,2,0,post,STATUS_FULL_TIME
714234,2025-05-30 20:00:00,2025,6870,789,Kasimpasa,Goztepe,1,2,post,STATUS_FULL_TIME
714236,2025-05-31 16:00:00,2025,436,7648,Fenerbahce,Konyaspor,2,1,post,STATUS_FULL_TIME
714235,2025-05-31 16:00:00,2025,7656,20737,Caykur Rizespor,Hatayspor,5,2,post,STATUS_FULL_TIME
714228,2025-05-31 19:00:00,2025,20765,20070,Adana Demirspor,Gaziantep FK,2,2,post,STATUS_FULL_TIME
714229,2025-05-31 19:00:00,2025,9078,3691,Alanyaspor,Sivasspor,2,0,post,STATUS_FULL_TIME
714232,2025-06-01 19:00:00,2025,22321,1895,Bodrum FK,Besiktas,0,4,post,STATUS_FULL_TIME
714231,2025-06-01 19:00:00,2025,11429,3643,Samsunspor,Kayserispor,2,1,post,STATUS_FULL_TIME
749923,2025-08-08 21:30:00,2025,20070,432,Gaziantep FK,Galatasaray,0,3,post,STATUS_FULL_TIME
749925,2025-08-09 19:00:00,2025,11429,996,Samsunspor,Genclerbirligi,2,1,post,STATUS_FULL_TIME
749918,2025-08-09 21:30:00,2025,3794,6870,Antalyaspor,Kasimpasa,2,1,post,STATUS_FULL_TIME
749919,2025-08-10 19:00:00,2025,7656,789,Caykur Rizespor,Goztepe,0,3,post,STATUS_FULL_TIME
749920,2025-08-10 21:30:00,2025,20729,7648,Eyupspor,Konyaspor,1,4,post,STATUS_FULL_TIME
749921,2025-08-11 21:30:00,2025,997,995,Trabzonspor,Kocaelispor,1,0,post,STATUS_FULL_TIME
749929,2025-08-15 21:30:00,2025,432,20736,Galatasaray,Fatih Karagümrük,3,0,post,STATUS_FULL_TIME
749934,2025-08-16 19:00:00,2025,995,11429,Kocaelispor,Samsunspor,0,1,post,STATUS_FULL_TIME
749927,2025-08-16 21:30:00,2025,9078,7656,Alanyaspor,Caykur Rizespor,0,0,post,STATUS_FULL_TIME
749931,2025-08-16 21:30:00,2025,789,436,Goztepe,Fenerbahce,0,0,post,STATUS_FULL_TIME
749935,2025-08-17 19:00:00,2025,7648,20070,Konyaspor,Gaziantep FK,3,0,post,STATUS_FULL_TIME
749930,2025-08-17 19:00:00,2025,996,3794,Genclerbirligi,Antalyaspor,0,1,post,STATUS_FULL_TIME
749928,2025-08-17 21:30:00,2025,1895,20729,Besiktas,Eyupspor,2,1,post,STATUS_FULL_TIME
749932,2025-08-17 21:30:00,2025,7914,3643,Istanbul Basaksehir,Kayserispor,1,1,post,STATUS_FULL_TIME
749933,2025-08-18 21:30:00,2025,6870,997,Kasimpasa,Trabzonspor,0,1,post,STATUS_FULL_TIME
749938,2025-08-22 21:30:00,2025,20736,789,Fatih Karagümrük,Goztepe,0,2,post,STATUS_FULL_TIME
749939,2025-08-23 21:30:00,2025,436,995,Fenerbahce,Kocaelispor,3,1,post,STATUS_FULL_TIME
749940,2025-08-23 21:30:00,2025,20070,996,Gaziantep FK,Genclerbirligi,2,1,post,STATUS_FULL_TIME
749944,2025-08-24 19:00:00,2025,997,3794,Trabzonspor,Antalyaspor,1,0,post,STATUS_FULL_TIME
749941,2025-08-24 21:30:00,2025,3643,432,Kayserispor,Galatasaray,0,4,post,STATUS_FULL_TIME
749937,2025-08-25 19:00:00,2025,20729,9078,Eyupspor,Alanyaspor,2,1,post,STATUS_FULL_TIME
749949,2025-08-29 21:30:00,2025,789,7648,Goztepe,Konyaspor,1,1,post,STATUS_FULL_TIME
749951,2025-08-30 19:00:00,2025,6870,20070,Kasimpasa,Gaziantep FK,2,3,post,STATUS_FULL_TIME
749952,2025-08-30 19:00:00,2025,995,3643,Kocaelispor,Kayserispor,1,1,post,STATUS_FULL_TIME
749946,2025-08-30 21:30:00,2025,3794,20736,Antalyaspor,Fatih Karagümrük,1,2,post,STATUS_FULL_TIME
749947,2025-08-30 21:30:00,2025,432,7656,Galatasaray,Caykur Rizespor,3,1,post,STATUS_FULL_TIME
749950,2025-08-31 19:00:00,2025,7914,20729,Istanbul Basaksehir,Eyupspor,0,0,post,STATUS_FULL_TIME
749948,2025-08-31 19:00:00,2025,996,436,Genclerbirligi,Fenerbahce,1,3,post,STATUS_FULL_TIME
749945,2025-08-31 21:30:00,2025,9078,1895,Alanyaspor,Besiktas,2,0,post,STATUS_FULL_TIME
749953,2025-08-31 21:30:00,2025,997,11429,Trabzonspor,Samsunspor,1,1,post,STATUS_FULL_TIME
749956,2025-09-13 17:00:00,2025,20729,432,Eyupspor,Galatasaray,0,2,post,STATUS_FULL_TIME
749957,2025-09-13 17:00:00,2025,20736,6870,Fatih Karagümrük,Kasimpasa,0,1,post,STATUS_FULL_TIME
749962,2025-09-13 17:00:00,2025,11429,3794,Samsunspor,Antalyaspor,1,2,post,STATUS_FULL_TIME
749954,2025-09-13 20:00:00,2025,1895,7914,Besiktas,Istanbul Basaksehir,2,1,post,STATUS_FULL_TIME
749961,2025-09-13 20:00:00,2025,7648,9078,Konyaspor,Alanyaspor,1,2,post,STATUS_FULL_TIME
749960,2025-09-14 17:00:00,2025,3643,789,Kayserispor,Goztepe,1,1,post,STATUS_FULL_TIME
749958,2025-09-14 19:00:00,2025,436,997,Fenerbahce,Trabzonspor,1,0,post,STATUS_FULL_TIME
749959,2025-09-14 19:00:00,2025,20070,995,Gaziantep FK,Kocaelispor,2,0,post,STATUS_FULL_TIME
749955,2025-09-15 20:00:00,2025,7656,996,Caykur Rizespor,Genclerbirligi,1,0,post,STATUS_FULL_TIME
749922,2025-09-17 20:00:00,2025,20736,7914,Fatih Karagümrük,Istanbul Basaksehir,0,2,post,STATUS_FULL_TIME
749926,2025-09-17 20:00:00,2025,436,9078,Fenerbahce,Alanyaspor,2,2,post,STATUS_FULL_TIME
749943,2025-09-17 20:00:00,2025,11429,6870,Samsunspor,Kasimpasa,0,0,post,STATUS_FULL_TIME
749966,2025-09-19 20:00:00,2025,789,1895,Goztepe,Besiktas,3,0,post,STATUS_FULL_TIME
749965,2025-09-20 17:00:00,2025,996,20729,Genclerbirligi,Eyupspor,1,0,post,STATUS_FULL_TIME
749971,2025-09-20 20:00:00,2025,997,20070,Trabzonspor,Gaziantep FK,1,1,post,STATUS_FULL_TIME
749963,2025-09-20 20:00:00,2025,3794,3643,Antalyaspor,Kayserispor,1,1,post,STATUS_FULL_TIME
749967,2025-09-21 17:00:00,2025,7914,9078,Istanbul Basaksehir,Alanyaspor,1,1,post,STATUS_FULL_TIME
749969,2025-09-21 17:00:00,2025,995,7656,Kocaelispor,Caykur Rizespor,1,1,post,STATUS_FULL_TIME
749968,2025-09-21 20:00:00,2025,6870,436,Kasimpasa,Fenerbahce,1,1,post,STATUS_FULL_TIME
749970,2025-09-21 20:00:00,2025,11429,20736,Samsunspor,Fatih Karagümrük,3,2,post,STATUS_FULL_TIME
749964,2025-09-22 20:00:00,2025,432,7648,Galatasaray,Konyaspor,3,1,post,STATUS_FULL_TIME
749924,2025-09-24 20:00:00,2025,3643,1895,Kayserispor,Besiktas,0,4,post,STATUS_FULL_TIME
749972,2025-09-26 20:00:00,2025,9078,432,Alanyaspor,Galatasaray,0,1,post,STATUS_FULL_TIME
749975,2025-09-27 17:00:00,2025,20729,789,Eyupspor,Goztepe,0,0,post,STATUS_FULL_TIME
749978,2025-09-27 17:00:00,2025,20070,11429,Gaziantep FK,Samsunspor,2,2,post,STATUS_FULL_TIME
749980,2025-09-27 20:00:00,2025,20736,997,Fatih Karagümrük,Trabzonspor,3,4,post,STATUS_FULL_TIME
749974,2025-09-28 17:00:00,2025,7656,6870,Caykur Rizespor,Kasimpasa,1,2,post,STATUS_FULL_TIME
749979,2025-09-28 17:00:00,2025,7648,7914,Konyaspor,Istanbul Basaksehir,2,1,post,STATUS_FULL_TIME
749977,2025-09-28 20:00:00,2025,436,3794,Fenerbahce,Antalyaspor,2,0,post,STATUS_FULL_TIME
749976,2025-09-28 20:00:00,2025,3643,996,Kayserispor,Genclerbirligi,1,1,post,STATUS_FULL_TIME
749973,2025-09-29 20:00:00,2025,1895,995,Besiktas,Kocaelispor,3,1,post,STATUS_FULL_TIME
749987,2025-10-03 20:00:00,2025,997,3643,Trabzonspor,Kayserispor,4,0,post,STATUS_FULL_TIME
749984,2025-10-03 20:00:00,2025,3794,7656,Antalyaspor,Caykur Rizespor,2,5,post,STATUS_FULL_TIME
749982,2025-10-04 14:30:00,2025,996,9078,Genclerbirligi,Alanyaspor,2,2,post,STATUS_FULL_TIME
749989,2025-10-04 17:00:00,2025,995,20729,Kocaelispor,Eyupspor,1,0,post,STATUS_FULL_TIME
749981,2025-10-04 20:00:00,2025,432,1895,Galatasaray,Besiktas,1,1,post,STATUS_FULL_TIME
749988,2025-10-05 14:30:00,2025,6870,7648,Kasimpasa,Konyaspor,1,1,post,STATUS_FULL_TIME
749985,2025-10-05 17:00:00,2025,20736,20070,Fatih Karagümrük,Gaziantep FK,0,2,post,STATUS_FULL_TIME
749983,2025-10-05 20:00:00,2025,789,7914,Goztepe,Istanbul Basaksehir,1,0,post,STATUS_FULL_TIME
749986,2025-10-05 20:00:00,2025,11429,436,Samsunspor,Fenerbahce,0,0,post,STATUS_FULL_TIME
749998,2025-10-18 14:30:00,2025,7648,995,Konyaspor,Kocaelispor,2,3,post,STATUS_FULL_TIME
749991,2025-10-18 17:00:00,2025,1895,996,Besiktas,Genclerbirligi,1,2,post,STATUS_FULL_TIME
749992,2025-10-18 17:00:00,2025,7656,997,Caykur Rizespor,Trabzonspor,1,2,post,STATUS_FULL_TIME
749996,2025-10-18 20:00:00,2025,7914,432,Istanbul Basaksehir,Galatasaray,1,2,post,STATUS_FULL_TIME
749997,2025-10-19 14:30:00,2025,3643,11429,Kayserispor,Samsunspor,1,3,post,STATUS_FULL_TIME
749990,2025-10-19 17:00:00,2025,9078,789,Alanyaspor,Goztepe,1,0,post,STATUS_FULL_TIME
749995,2025-10-19 17:00:00,2025,20070,3794,Gaziantep FK,Antalyaspor,3,2,post,STATUS_FULL_TIME
749994,2025-10-19 20:00:00,2025,436,20736,Fenerbahce,Fatih Karagümrük,2,1,post,STATUS_FULL_TIME
749993,2025-10-20 20:00:00,2025,20729,6870,Eyupspor,Kasimpasa,2,0,post,STATUS_FULL_TIME
749942,2025-10-22 20:00:00,2025,7648,1895,Konyaspor,Besiktas,0,2,post,STATUS_FULL_TIME
749936,2025-10-22 20:00:00,2025,7656,7914,Caykur Rizespor,Istanbul Basaksehir,0,0,post,STATUS_FULL_TIME
750000,2025-10-24 20:00:00,2025,20736,3643,Fatih Karagümrük,Kayserispor,2,2,post,STATUS_FULL_TIME
750005,2025-10-25 17:00:00,2025,995,9078,Kocaelispor,Alanyaspor,2,0,post,STATUS_FULL_TIME
750007,2025-10-25 20:00:00,2025,997,20729,Trabzonspor,Eyupspor,2,0,post,STATUS_FULL_TIME
749999,2025-10-26 14:30:00,2025,3794,7914,Antalyaspor,Istanbul Basaksehir,0,4,post,STATUS_FULL_TIME
750001,2025-10-26 17:00:00,2025,432,789,Galatasaray,Goztepe,3,1,post,STATUS_FULL_TIME
750003,2025-10-26 17:00:00,2025,996,7648,Genclerbirligi,Konyaspor,1,2,post,STATUS_FULL_TIME
750004,2025-10-26 20:00:00,2025,6870,1895,Kasimpasa,Besiktas,1,1,post,STATUS_FULL_TIME
750002,2025-10-27 20:00:00,2025,20070,436,Gaziantep FK,Fenerbahce,0,4,post,STATUS_FULL_TIME
750006,2025-10-27 20:00:00,2025,11429,7656,Samsunspor,Caykur Rizespor,1,1,post,STATUS_FULL_TIME
750014,2025-10-31 20:00:00,2025,7914,995,Istanbul Basaksehir,Kocaelispor,1,0,post,STATUS_FULL_TIME
750013,2025-11-01 17:00:00,2025,789,996,Goztepe,Genclerbirligi,1,0,post,STATUS_FULL_TIME
750016,2025-11-01 20:00:00,2025,432,997,Galatasaray,Trabzonspor,0,0,post,STATUS_FULL_TIME
750011,2025-11-02 14:30:00,2025,7648,11429,Konyaspor,Samsunspor,1,3,post,STATUS_FULL_TIME
750015,2025-11-02 17:00:00,2025,3643,6870,Kayserispor,Kasimpasa,3,2,post,STATUS_FULL_TIME
750009,2025-11-02 20:00:00,2025,1895,436,Besiktas,Fenerbahce,2,3,post,STATUS_FULL_TIME
750012,2025-11-03 20:00:00,2025,20729,3794,Eyupspor,Antalyaspor,0,1,post,STATUS_FULL_TIME
750008,2025-11-03 20:00:00,2025,9078,20070,Alanyaspor,Gaziantep FK,0,0,post,STATUS_FULL_TIME
750010,2025-11-03 20:00:00,2025,7656,20736,Caykur Rizespor,Fatih Karagümrük,1,0,post,STATUS_FULL_TIME
750021,2025-11-07 20:00:00,2025,996,7914,Genclerbirligi,Istanbul Basaksehir,2,1,post,STATUS_FULL_TIME
750020,2025-11-08 14:30:00,2025,20070,7656,Gaziantep FK,Caykur Rizespor,2,2,post,STATUS_FULL_TIME
750025,2025-11-08 17:00:00,2025,997,9078,Trabzonspor,Alanyaspor,1,1,post,STATUS_FULL_TIME
750017,2025-11-08 20:00:00,2025,3794,1895,Antalyaspor,Besiktas,1,3,post,STATUS_FULL_TIME
750022,2025-11-08 20:00:00,2025,6870,789,Kasimpasa,Goztepe,0,2,post,STATUS_FULL_TIME
750018,2025-11-09 14:30:00,2025,20736,7648,Fatih Karagümrük,Konyaspor,2,0,post,STATUS_FULL_TIME
750023,2025-11-09 17:00:00,2025,995,432,Kocaelispor,Galatasaray,1,0,post,STATUS_FULL_TIME
750019,2025-11-09 20:00:00,2025,436,3643,Fenerbahce,Kayserispor,4,2,post,STATUS_FULL_TIME
750024,2025-11-09 20:00:00,2025,11429,20729,Samsunspor,Eyupspor,1,0,post,STATUS_FULL_TIME
750033,2025-11-22 14:30:00,2025,3643,20070,Kayserispor,Gaziantep FK,0,3,post,STATUS_FULL_TIME
750029,2025-11-22 17:00:00,2025,20729,20736,Eyupspor,Fatih Karagümrük,1,1,post,STATUS_FULL_TIME
750030,2025-11-22 20:00:00,2025,432,996,Galatasaray,Genclerbirligi,3,2,post,STATUS_FULL_TIME
750031,2025-11-23 14:30:00,2025,789,995,Goztepe,Kocaelispor,0,0,post,STATUS_FULL_TIME
750027,2025-11-23 17:00:00,2025,1895,11429,Besiktas,Samsunspor,1,1,post,STATUS_FULL_TIME
750026,2025-11-23 17:00:00,2025,9078,6870,Alanyaspor,Kasimpasa,1,2,post,STATUS_FULL_TIME
750028,2025-11-23 20:00:00,2025,7656,436,Caykur Rizespor,Fenerbahce,2,5,post,STATUS_FULL_TIME
750032,2025-11-24 20:00:00,2025,7914,997,Istanbul Basaksehir,Trabzonspor,3,4,post,STATUS_FULL_TIME
750034,2025-11-24 20:00:00,2025,7648,3794,Konyaspor,Antalyaspor,0,0,post,STATUS_FULL_TIME
750041,2025-11-28 20:00:00,2025,995,996,Kocaelispor,Genclerbirligi,1,0,post,STATUS_FULL_TIME
750036,2025-11-29 14:30:00,2025,7656,3643,Caykur Rizespor,Kayserispor,0,1,post,STATUS_FULL_TIME
750039,2025-11-29 17:00:00,2025,20070,20729,Gaziantep FK,Eyupspor,1,2,post,STATUS_FULL_TIME
750040,2025-11-29 20:00:00,2025,6870,7914,Kasimpasa,Istanbul Basaksehir,1,3,post,STATUS_FULL_TIME
750043,2025-11-29 20:00:00,2025,997,7648,Trabzonspor,Konyaspor,3,1,post,STATUS_FULL_TIME
750035,2025-11-30 17:00:00,2025,3794,789,Antalyaspor,Goztepe,1,2,post,STATUS_FULL_TIME
750037,2025-11-30 20:00:00,2025,20736,1895,Fatih Karagümrük,Besiktas,0,2,post,STATUS_FULL_TIME
750038,2025-12-01 20:00:00,2025,436,432,Fenerbahce,Galatasaray,1,1,post,STATUS_FULL_TIME
750042,2025-12-01 20:00:00,2025,11429,9078,Samsunspor,Alanyaspor,1,1,post,STATUS_FULL_TIME
750049,2025-12-05 20:00:00,2025,432,11429,Galatasaray,Samsunspor,3,2,post,STATUS_FULL_TIME
750052,2025-12-06 14:30:00,2025,20729,3643,Eyupspor,Kayserispor,1,1,post,STATUS_FULL_TIME
750048,2025-12-06 17:00:00,2025,7648,7656,Konyaspor,Caykur Rizespor,1,1,post,STATUS_FULL_TIME
750046,2025-12-06 20:00:00,2025,7914,436,Istanbul Basaksehir,Fenerbahce,1,1,post,STATUS_FULL_TIME
750044,2025-12-07 14:30:00,2025,996,20736,Genclerbirligi,Fatih Karagümrük,3,0,post,STATUS_FULL_TIME
750047,2025-12-07 17:00:00,2025,995,6870,Kocaelispor,Kasimpasa,0,0,post,STATUS_FULL_TIME
750051,2025-12-07 20:00:00,2025,789,997,Goztepe,Trabzonspor,1,2,post,STATUS_FULL_TIME
750050,2025-12-08 20:00:00,2025,9078,3794,Alanyaspor,Antalyaspor,0,0,post,STATUS_FULL_TIME
750045,2025-12-08 20:00:00,2025,1895,20070,Besiktas,Gaziantep FK,2,2,post,STATUS_FULL_TIME
750060,2025-12-12 20:00:00,2025,6870,996,Kasimpasa,Genclerbirligi,0,0,post,STATUS_FULL_TIME
750059,2025-12-13 14:30:00,2025,7656,20729,Caykur Rizespor,Eyupspor,3,0,post,STATUS_FULL_TIME
750055,2025-12-13 17:00:00,2025,3643,9078,Kayserispor,Alanyaspor,0,0,post,STATUS_FULL_TIME
750061,2025-12-13 20:00:00,2025,3794,432,Antalyaspor,Galatasaray,1,4,post,STATUS_FULL_TIME
750053,2025-12-14 14:30:00,2025,20070,789,Gaziantep FK,Goztepe,0,1,post,STATUS_FULL_TIME
750054,2025-12-14 17:00:00,2025,20736,995,Fatih Karagümrük,Kocaelispor,1,1,post,STATUS_FULL_TIME
750056,2025-12-14 20:00:00,2025,11429,7914,Samsunspor,Istanbul Basaksehir,0,2,post,STATUS_FULL_TIME
750057,2025-12-14 20:00:00,2025,997,1895,Trabzonspor,Besiktas,3,3,post,STATUS_FULL_TIME
750058,2025-12-15 20:00:00,2025,436,7648,Fenerbahce,Konyaspor,4,0,post,STATUS_FULL_TIME
750065,2025-12-19 20:00:00,2025,995,3794,Kocaelispor,Antalyaspor,2,1,post,STATUS_FULL_TIME
750070,2025-12-20 14:30:00,2025,7648,3643,Konyaspor,Kayserispor,1,1,post,STATUS_FULL_TIME
750066,2025-12-20 17:00:00,2025,20729,436,Eyupspor,Fenerbahce,0,3,post,STATUS_FULL_TIME
750067,2025-12-20 20:00:00,2025,1895,7656,Besiktas,Caykur Rizespor,1,0,post,STATUS_FULL_TIME
750064,2025-12-21 14:30:00,2025,9078,20736,Alanyaspor,Fatih Karagümrük,2,0,post,STATUS_FULL_TIME
750069,2025-12-21 20:00:00,2025,432,6870,Galatasaray,Kasimpasa,3,0,post,STATUS_FULL_TIME
750063,2025-12-21 20:00:00,2025,789,11429,Goztepe,Samsunspor,2,0,post,STATUS_FULL_TIME
750068,2025-12-22 17:00:00,2025,7914,20070,Istanbul Basaksehir,Gaziantep FK,5,1,post,STATUS_FULL_TIME
750062,2025-12-22 20:00:00,2025,996,997,Genclerbirligi,Trabzonspor,4,3,post,STATUS_FULL_TIME
750072,2026-01-17 17:00:00,2026,7914,20736,Istanbul Basaksehir,Fatih Karagümrük,2,1,post,STATUS_FULL_TIME
750079,2026-01-17 20:00:00,2026,432,20070,Galatasaray,Gaziantep FK,1,1,post,STATUS_FULL_TIME
750071,2026-01-18 14:30:00,2026,6870,3794,Kasimpasa,Antalyaspor,0,0,post,STATUS_FULL_TIME
750074,2026-01-18 17:00:00,2026,996,11429,Genclerbirligi,Samsunspor,1,1,post,STATUS_FULL_TIME
750078,2026-01-18 17:00:00,2026,995,997,Kocaelispor,Trabzonspor,1,2,post,STATUS_FULL_TIME
750077,2026-01-18 20:00:00,2026,9078,436,Alanyaspor,Fenerbahce,2,3,post,STATUS_FULL_TIME
750075,2026-01-19 17:00:00,2026,7648,20729,Konyaspor,Eyupspor,1,1,post,STATUS_FULL_TIME
750076,2026-01-19 20:00:00,2026,1895,3643,Besiktas,Kayserispor,1,0,post,STATUS_FULL_TIME
750073,2026-01-19 20:00:00,2026,789,7656,Goztepe,Caykur Rizespor,3,1,post,STATUS_FULL_TIME
750080,2026-01-23 20:00:00,2026,997,6870,Trabzonspor,Kasimpasa,2,1,post,STATUS_FULL_TIME
750082,2026-01-24 14:30:00,2026,3643,7914,Kayserispor,Istanbul Basaksehir,0,3,post,STATUS_FULL_TIME
750081,2026-01-24 17:00:00,2026,11429,995,Samsunspor,Kocaelispor,0,0,post,STATUS_FULL_TIME
750085,2026-01-24 20:00:00,2026,20736,432,Fatih Karagümrük,Galatasaray,1,3,post,STATUS_FULL_TIME
750083,2026-01-25 14:30:00,2026,20070,7648,Gaziantep FK,Konyaspor,1,1,post,STATUS_FULL_TIME
750084,2026-01-25 17:00:00,2026,3794,996,Antalyaspor,Genclerbirligi,2,1,post,STATUS_FULL_TIME
750087,2026-01-25 17:00:00,2026,7656,9078,Caykur Rizespor,Alanyaspor,1,1,post,STATUS_FULL_TIME
750088,2026-01-25 20:00:00,2026,436,789,Fenerbahce,Goztepe,1,1,post,STATUS_FULL_TIME
750086,2026-01-26 20:00:00,2026,20729,1895,Eyupspor,Besiktas,2,2,post,STATUS_FULL_TIME
750095,2026-01-30 20:00:00,2026,3794,997,Antalyaspor,Trabzonspor,1,1,post,STATUS_FULL_TIME
750089,2026-01-30 20:00:00,2026,6870,11429,Kasimpasa,Samsunspor,0,1,post,STATUS_FULL_TIME
750096,2026-01-31 14:30:00,2026,9078,20729,Alanyaspor,Eyupspor,1,3,post,STATUS_FULL_TIME
750090,2026-01-31 17:00:00,2026,7914,7656,Istanbul Basaksehir,Caykur Rizespor,2,2,post,STATUS_FULL_TIME
750094,2026-01-31 20:00:00,2026,1895,7648,Besiktas,Konyaspor,2,1,post,STATUS_FULL_TIME
750091,2026-01-31 20:00:00,2026,789,20736,Goztepe,Fatih Karagümrük,2,1,post,STATUS_FULL_TIME
750092,2026-02-01 17:00:00,2026,996,20070,Genclerbirligi,Gaziantep FK,2,1,post,STATUS_FULL_TIME
750097,2026-02-01 20:00:00,2026,432,3643,Galatasaray,Kayserispor,4,0,post,STATUS_FULL_TIME
750093,2026-02-02 20:00:00,2026,995,436,Kocaelispor,Fenerbahce,0,2,post,STATUS_FULL_TIME
750105,2026-02-07 14:30:00,2026,20736,3794,Fatih Karagümrük,Antalyaspor,1,0,post,STATUS_FULL_TIME
750101,2026-02-07 20:00:00,2026,11429,997,Samsunspor,Trabzonspor,0,3,post,STATUS_FULL_TIME
750104,2026-02-08 14:30:00,2026,20729,7914,Eyupspor,Istanbul Basaksehir,1,2,post,STATUS_FULL_TIME
750103,2026-02-08 17:00:00,2026,7656,432,Caykur Rizespor,Galatasaray,0,3,post,STATUS_FULL_TIME
750098,2026-02-08 17:00:00,2026,7648,789,Konyaspor,Goztepe,0,0,post,STATUS_FULL_TIME
750102,2026-02-08 20:00:00,2026,1895,9078,Besiktas,Alanyaspor,2,2,post,STATUS_FULL_TIME
750099,2026-02-09 17:00:00,2026,3643,995,Kayserispor,Kocaelispor,1,2,post,STATUS_FULL_TIME
750106,2026-02-09 20:00:00,2026,436,996,Fenerbahce,Genclerbirligi,3,1,post,STATUS_FULL_TIME
750100,2026-02-09 20:00:00,2026,20070,6870,Gaziantep FK,Kasimpasa,2,1,post,STATUS_FULL_TIME
750115,2026-02-13 20:00:00,2026,3794,11429,Antalyaspor,Samsunspor,3,1,post,STATUS_FULL_TIME
750108,2026-02-13 20:00:00,2026,432,20729,Galatasaray,Eyupspor,5,1,post,STATUS_FULL_TIME
750107,2026-02-14 14:30:00,2026,996,7656,Genclerbirligi,Caykur Rizespor,2,2,post,STATUS_FULL_TIME
750114,2026-02-14 17:00:00,2026,9078,7648,Alanyaspor,Konyaspor,2,1,post,STATUS_FULL_TIME
750112,2026-02-14 20:00:00,2026,997,436,Trabzonspor,Fenerbahce,2,3,post,STATUS_FULL_TIME
750111,2026-02-15 14:30:00,2026,995,20070,Kocaelispor,Gaziantep FK,3,0,post,STATUS_FULL_TIME
750113,2026-02-15 17:00:00,2026,789,3643,Goztepe,Kayserispor,0,0,post,STATUS_FULL_TIME
750109,2026-02-15 20:00:00,2026,7914,1895,Istanbul Basaksehir,Besiktas,2,3,post,STATUS_FULL_TIME
750110,2026-02-16 20:00:00,2026,6870,20736,Kasimpasa,Fatih Karagümrük,3,2,post,STATUS_FULL_TIME
750122,2026-02-20 20:00:00,2026,7656,995,Caykur Rizespor,Kocaelispor,2,0,post,STATUS_FULL_TIME
750121,2026-02-21 13:30:00,2026,20729,996,Eyupspor,Genclerbirligi,1,0,post,STATUS_FULL_TIME
750116,2026-02-21 16:00:00,2026,9078,7914,Alanyaspor,Istanbul Basaksehir,1,2,post,STATUS_FULL_TIME
750124,2026-02-21 20:00:00,2026,7648,432,Konyaspor,Galatasaray,2,0,post,STATUS_FULL_TIME
750120,2026-02-22 13:30:00,2026,3643,3794,Kayserispor,Antalyaspor,1,0,post,STATUS_FULL_TIME
750119,2026-02-22 16:00:00,2026,20070,997,Gaziantep FK,Trabzonspor,1,2,post,STATUS_FULL_TIME
750123,2026-02-22 20:00:00,2026,1895,789,Besiktas,Goztepe,4,0,post,STATUS_FULL_TIME
750117,2026-02-22 20:00:00,2026,20736,11429,Fatih Karagümrük,Samsunspor,0,0,post,STATUS_FULL_TIME
750118,2026-02-23 20:00:00,2026,436,6870,Fenerbahce,Kasimpasa,1,1,post,STATUS_FULL_TIME
750133,2026-02-27 20:00:00,2026,7914,7648,Istanbul Basaksehir,Konyaspor,2,0,post,STATUS_FULL_TIME
750128,2026-02-27 20:00:00,2026,997,20736,Trabzonspor,Fatih Karagümrük,3,1,post,STATUS_FULL_TIME
750130,2026-02-28 13:30:00,2026,6870,7656,Kasimpasa,Caykur Rizespor,0,3,post,STATUS_FULL_TIME
750131,2026-02-28 16:00:00,2026,995,1895,Kocaelispor,Besiktas,0,1,post,STATUS_FULL_TIME
750129,2026-02-28 20:00:00,2026,789,20729,Goztepe,Eyupspor,0,0,post,STATUS_FULL_TIME
750126,2026-02-28 20:00:00,2026,432,9078,Galatasaray,Alanyaspor,3,1,post,STATUS_FULL_TIME
750127,2026-03-01 16:00:00,2026,996,3643,Genclerbirligi,Kayserispor,0,0,post,STATUS_FULL_TIME
750125,2026-03-01 20:00:00,2026,3794,436,Antalyaspor,Fenerbahce,2,2,post,STATUS_FULL_TIME
750132,2026-03-01 20:00:00,2026,11429,20070,Samsunspor,Gaziantep FK,0,0,post,STATUS_FULL_TIME
750140,2026-03-07 16:00:00,2026,7914,789,Istanbul Basaksehir,Goztepe,2,1,post,STATUS_FULL_TIME
750135,2026-03-07 20:00:00,2026,1895,432,Besiktas,Galatasaray,0,1,post,STATUS_FULL_TIME
750136,2026-03-08 13:30:00,2026,7656,3794,Caykur Rizespor,Antalyaspor,1,0,post,STATUS_FULL_TIME
750139,2026-03-08 13:30:00,2026,20070,20736,Gaziantep FK,Fatih Karagümrük,1,1,post,STATUS_FULL_TIME
750142,2026-03-08 16:00:00,2026,7648,6870,Konyaspor,Kasimpasa,1,1,post,STATUS_FULL_TIME
750138,2026-03-08 20:00:00,2026,436,11429,Fenerbahce,Samsunspor,3,2,post,STATUS_FULL_TIME
750137,2026-03-09 16:00:00,2026,20729,995,Eyupspor,Kocaelispor,0,1,post,STATUS_FULL_TIME
750134,2026-03-09 20:00:00,2026,9078,996,Alanyaspor,Genclerbirligi,0,0,post,STATUS_FULL_TIME
750141,2026-03-09 20:00:00,2026,3643,997,Kayserispor,Trabzonspor,1,3,post,STATUS_FULL_TIME
750143,2026-03-13 20:00:00,2026,3794,20070,Antalyaspor,Gaziantep FK,1,4,post,STATUS_FULL_TIME
750144,2026-03-13 20:00:00,2026,20736,436,Fatih Karagümrük,Fenerbahce,2,0,post,STATUS_FULL_TIME
750149,2026-03-14 13:30:00,2026,995,7648,Kocaelispor,Konyaspor,1,2,post,STATUS_FULL_TIME
750151,2026-03-14 20:00:00,2026,997,7656,Trabzonspor,Caykur Rizespor,1,0,post,STATUS_FULL_TIME
750145,2026-03-14 20:00:00,2026,432,7914,Galatasaray,Istanbul Basaksehir,3,0,post,STATUS_FULL_TIME
750147,2026-03-14 20:00:00,2026,789,9078,Goztepe,Alanyaspor,2,2,post,STATUS_FULL_TIME
750148,2026-03-15 16:00:00,2026,6870,20729,Kasimpasa,Eyupspor,1,0,post,STATUS_FULL_TIME
750146,2026-03-15 20:00:00,2026,996,1895,Genclerbirligi,Besiktas,0,2,post,STATUS_FULL_TIME
750150,2026-03-15 20:00:00,2026,11429,3643,Samsunspor,Kayserispor,2,1,post,STATUS_FULL_TIME
750156,2026-03-17 20:00:00,2026,436,20070,Fenerbahce,Gaziantep FK,4,1,post,STATUS_FULL_TIME
750152,2026-03-18 16:00:00,2026,9078,995,Alanyaspor,Kocaelispor,5,0,post,STATUS_FULL_TIME
750155,2026-03-18 20:00:00,2026,20729,997,Eyupspor,Trabzonspor,0,1,post,STATUS_FULL_TIME
750158,2026-03-18 20:00:00,2026,7914,3794,Istanbul Basaksehir,Antalyaspor,0,0,post,STATUS_FULL_TIME
750159,2026-03-19 16:00:00,2026,3643,20736,Kayserispor,Fatih Karagümrük,1,0,post,STATUS_FULL_TIME
750153,2026-03-19 20:00:00,2026,1895,6870,Besiktas,Kasimpasa,2,1,post,STATUS_FULL_TIME
750160,2026-03-19 20:00:00,2026,7648,996,Konyaspor,Genclerbirligi,1,0,post,STATUS_FULL_TIME
750169,2026-04-04 14:30:00,2026,996,789,Genclerbirligi,Goztepe,0,2,post,STATUS_FULL_TIME
750166,2026-04-04 14:30:00,2026,6870,3643,Kasimpasa,Kayserispor,2,0,post,STATUS_FULL_TIME
750165,2026-04-04 17:00:00,2026,20070,9078,Gaziantep FK,Alanyaspor,1,1,post,STATUS_FULL_TIME
750164,2026-04-04 20:00:00,2026,997,432,Trabzonspor,Galatasaray,2,1,post,STATUS_FULL_TIME
750168,2026-04-05 14:30:00,2026,11429,7648,Samsunspor,Konyaspor,2,2,post,STATUS_FULL_TIME
750162,2026-04-05 14:30:00,2026,20736,7656,Fatih Karagümrük,Caykur Rizespor,2,1,post,STATUS_FULL_TIME
750161,2026-04-05 17:00:00,2026,3794,20729,Antalyaspor,Eyupspor,3,0,post,STATUS_FULL_TIME
750163,2026-04-05 20:00:00,2026,436,1895,Fenerbahce,Besiktas,1,0,post,STATUS_FULL_TIME
750167,2026-04-06 20:00:00,2026,995,7914,Kocaelispor,Istanbul Basaksehir,0,0,post,STATUS_FULL_TIME
750157,2026-04-08 20:00:00,2026,789,432,Goztepe,Galatasaray,1,3,post,STATUS_FULL_TIME
750154,2026-04-09 20:00:00,2026,7656,11429,Caykur Rizespor,Samsunspor,4,1,post,STATUS_FULL_TIME
750171,2026-04-10 20:00:00,2026,1895,3794,Besiktas,Antalyaspor,4,2,post,STATUS_FULL_TIME
750176,2026-04-11 14:30:00,2026,7914,996,Istanbul Basaksehir,Genclerbirligi,3,0,post,STATUS_FULL_TIME
750170,2026-04-11 17:00:00,2026,9078,997,Alanyaspor,Trabzonspor,1,1,post,STATUS_FULL_TIME
750177,2026-04-11 20:00:00,2026,3643,436,Kayserispor,Fenerbahce,0,4,post,STATUS_FULL_TIME
750178,2026-04-12 14:30:00,2026,7648,20736,Konyaspor,Fatih Karagümrük,3,0,post,STATUS_FULL_TIME
750175,2026-04-12 17:00:00,2026,789,6870,Goztepe,Kasimpasa,3,3,post,STATUS_FULL_TIME
750174,2026-04-12 20:00:00,2026,432,995,Galatasaray,Kocaelispor,1,1,post,STATUS_FULL_TIME
750172,2026-04-13 20:00:00,2026,7656,20070,Caykur Rizespor,Gaziantep FK,2,1,post,STATUS_FULL_TIME
750173,2026-04-13 20:00:00,2026,20729,11429,Eyupspor,Samsunspor,1,2,post,STATUS_FULL_TIME
750181,2026-04-17 20:00:00,2026,436,7656,Fenerbahce,Caykur Rizespor,2,2,post,STATUS_FULL_TIME
750179,2026-04-17 20:00:00,2026,3794,7648,Antalyaspor,Konyaspor,0,2,post,STATUS_FULL_TIME
750180,2026-04-18 14:30:00,2026,20736,20729,Fatih Karagümrük,Eyupspor,1,2,post,STATUS_FULL_TIME
750185,2026-04-18 17:00:00,2026,995,789,Kocaelispor,Goztepe,1,1,post,STATUS_FULL_TIME
750183,2026-04-18 20:00:00,2026,996,432,Genclerbirligi,Galatasaray,1,2,post,STATUS_FULL_TIME
750184,2026-04-19 14:30:00,2026,6870,9078,Kasimpasa,Alanyaspor,1,0,post,STATUS_FULL_TIME
750186,2026-04-19 17:00:00,2026,11429,1895,Samsunspor,Besiktas,2,1,post,STATUS_FULL_TIME
750187,2026-04-19 20:00:00,2026,997,7914,Trabzonspor,Istanbul Basaksehir,1,1,post,STATUS_FULL_TIME
750182,2026-04-20 20:00:00,2026,20070,3643,Gaziantep FK,Kayserispor,3,0,post,STATUS_FULL_TIME
750194,2026-04-24 20:00:00,2026,7914,6870,Istanbul Basaksehir,Kasimpasa,4,0,post,STATUS_FULL_TIME
750190,2026-04-25 14:30:00,2026,20729,20070,Eyupspor,Gaziantep FK,3,0,post,STATUS_FULL_TIME
750195,2026-04-25 17:00:00,2026,3643,7656,Kayserispor,Caykur Rizespor,2,0,post,STATUS_FULL_TIME
750193,2026-04-25 20:00:00,2026,789,3794,Goztepe,Antalyaspor,2,0,post,STATUS_FULL_TIME
750192,2026-04-26 14:30:00,2026,996,995,Genclerbirligi,Kocaelispor,1,0,post,STATUS_FULL_TIME
750191,2026-04-26 20:00:00,2026,432,436,Galatasaray,Fenerbahce,3,0,post,STATUS_FULL_TIME
750188,2026-04-27 17:00:00,2026,9078,11429,Alanyaspor,Samsunspor,2,3,post,STATUS_FULL_TIME
750189,2026-04-27 20:00:00,2026,1895,20736,Besiktas,Fatih Karagümrük,0,0,post,STATUS_FULL_TIME
750196,2026-04-27 20:00:00,2026,7648,997,Konyaspor,Trabzonspor,2,1,post,STATUS_FULL_TIME
750198,2026-05-01 17:00:00,2026,7656,7648,Caykur Rizespor,Konyaspor,3,2,post,STATUS_FULL_TIME
750201,2026-05-01 20:00:00,2026,20070,1895,Gaziantep FK,Besiktas,0,2,post,STATUS_FULL_TIME
750200,2026-05-02 20:00:00,2026,436,7914,Fenerbahce,Istanbul Basaksehir,3,1,post,STATUS_FULL_TIME
750204,2026-05-02 20:00:00,2026,11429,432,Samsunspor,Galatasaray,4,1,post,STATUS_FULL_TIME
750205,2026-05-02 20:00:00,2026,997,789,Trabzonspor,Goztepe,1,1,post,STATUS_FULL_TIME
750197,2026-05-03 20:00:00,2026,3794,9078,Antalyaspor,Alanyaspor,0,0,post,STATUS_FULL_TIME
750199,2026-05-03 20:00:00,2026,20736,996,Fatih Karagümrük,Genclerbirligi,1,0,post,STATUS_FULL_TIME
750202,2026-05-03 20:00:00,2026,6870,995,Kasimpasa,Kocaelispor,1,1,post,STATUS_FULL_TIME
750203,2026-05-03 20:00:00,2026,3643,20729,Kayserispor,Eyupspor,1,1,post,STATUS_FULL_TIME
750214,2026-05-09 20:00:00,2026,7648,436,Konyaspor,Fenerbahce,0,3,post,STATUS_FULL_TIME
750212,2026-05-09 20:00:00,2026,7914,11429,Istanbul Basaksehir,Samsunspor,3,0,post,STATUS_FULL_TIME
750211,2026-05-09 20:00:00,2026,789,20070,Goztepe,Gaziantep FK,2,1,post,STATUS_FULL_TIME
750210,2026-05-09 20:00:00,2026,996,6870,Genclerbirligi,Kasimpasa,3,2,post,STATUS_FULL_TIME
750213,2026-05-09 20:00:00,2026,995,20736,Kocaelispor,Fatih Karagümrük,0,1,post,STATUS_FULL_TIME
750208,2026-05-09 20:00:00,2026,20729,7656,Eyupspor,Caykur Rizespor,4,0,post,STATUS_FULL_TIME
750207,2026-05-09 20:00:00,2026,1895,997,Besiktas,Trabzonspor,1,2,post,STATUS_FULL_TIME
750206,2026-05-09 20:00:00,2026,9078,3643,Alanyaspor,Kayserispor,3,1,post,STATUS_FULL_TIME
750209,2026-05-09 20:00:00,2026,432,3794,Galatasaray,Antalyaspor,4,2,post,STATUS_FULL_TIME
750216,2026-05-15 20:00:00,2026,7656,1895,Caykur Rizespor,Besiktas,2,2,post,STATUS_FULL_TIME
750217,2026-05-16 17:00:00,2026,20736,9078,Fatih Karagümrük,Alanyaspor,2,1,post,STATUS_FULL_TIME
750223,2026-05-16 20:00:00,2026,20070,7914,Gaziantep FK,Istanbul Basaksehir,1,2,post,STATUS_FULL_TIME
750219,2026-05-16 20:00:00,2026,11429,789,Samsunspor,Goztepe,3,0,post,STATUS_FULL_TIME
750221,2026-05-17 17:00:00,2026,3643,7648,Kayserispor,Konyaspor,2,1,post,STATUS_FULL_TIME
750222,2026-05-17 20:00:00,2026,997,996,Trabzonspor,Genclerbirligi,0,3,post,STATUS_FULL_TIME
750220,2026-05-17 20:00:00,2026,6870,432,Kasimpasa,Galatasaray,1,0,post,STATUS_FULL_TIME
750215,2026-05-17 20:00:00,2026,3794,995,Antalyaspor,Kocaelispor,1,0,post,STATUS_FULL_TIME
750218,2026-05-17 20:00:00,2026,436,20729,Fenerbahce,Eyupspor,3,3,post,STATUS_FULL_TIME
401888391,2026-08-14 21:30:00,2026,432,132334,Galatasaray,Corum FK,2,2,post,STATUS_FULL_TIME
401888325,2026-08-15 19:00:00,2026,6870,997,Kasimpasa,Trabzonspor,1,1,post,STATUS_FULL_TIME
401888322,2026-08-15 19:00:00,2026,7648,7656,Konyaspor,Caykur Rizespor,0,1,post,STATUS_FULL_TIME
401888323,2026-08-15 21:30:00,2026,996,436,Genclerbirligi,Fenerbahce,2,1,post,STATUS_FULL_TIME
401888326,2026-08-15 21:30:00,2026,20070,9078,Gaziantep FK,Alanyaspor,1,1,post,STATUS_FULL_TIME
401888324,2026-08-16 19:00:00,2026,7914,995,Istanbul Basaksehir,Kocaelispor,2,0,post,STATUS_FULL_TIME
401888392,2026-08-16 21:30:00,2026,132335,19267,Amed SFK,Erzurum BB,3,0,post,STATUS_FULL_TIME
401888321,2026-08-16 21:30:00,2026,1895,20729,Besiktas,Eyupspor,1,0,post,STATUS_FULL_TIME
401888320,2026-08-17 21:30:00,2026,11429,789,Samsunspor,Goztepe,3,3,post,STATUS_FULL_TIME
401888313,2026-08-21 21:30:00,2026,19267,432,Erzurum BB,Galatasaray,0,4,post,STATUS_FULL_TIME
401888316,2026-08-22 19:00:00,2026,7656,11429,Caykur Rizespor,Samsunspor,0,2,post,STATUS_FULL_TIME
401888390,2026-08-22 19:00:00,2026,132334,6870,Corum FK,Kasimpasa,0,1,post,STATUS_FULL_TIME
401888314,2026-08-22 21:30:00,2026,436,7648,Fenerbahce,Konyaspor,4,2,post,STATUS_FULL_TIME
401888318,2026-08-23 19:00:00,2026,20729,20070,Eyupspor,Gaziantep FK,0,1,post,STATUS_FULL_TIME
401888319,2026-08-23 19:00:00,2026,997,7914,Trabzonspor,Istanbul Basaksehir,2,1,post,STATUS_FULL_TIME
401888317,2026-08-23 21:30:00,2026,9078,1895,Alanyaspor,Besiktas,1,0,post,STATUS_FULL_TIME
401888315,2026-08-23 21:30:00,2026,789,996,Goztepe,Genclerbirligi,0,1,post,STATUS_FULL_TIME
401888389,2026-08-24 21:30:00,2026,995,132335,Kocaelispor,Amed SFK,2,0,post,STATUS_FULL_TIME
401888309,2026-08-28 21:30:00,2026,996,19267,Genclerbirligi,Erzurum BB,1,1,post,STATUS_FULL_TIME
401888308,2026-08-29 19:00:00,2026,7648,995,Konyaspor,Kocaelispor,1,2,post,STATUS_FULL_TIME
401888307,2026-08-29 21:30:00,2026,432,789,Galatasaray,Goztepe,3,2,post,STATUS_FULL_TIME
401888312,2026-08-29 21:30:00,2026,20070,7656,Gaziantep FK,Caykur Rizespor,1,2,post,STATUS_FULL_TIME
401888311,2026-08-30 19:00:00,2026,20729,9078,Eyupspor,Alanyaspor,2,1,post,STATUS_FULL_TIME
401888310,2026-08-30 21:30:00,2026,7914,6870,Istanbul Basaksehir,Kasimpasa,1,1,post,STATUS_FULL_TIME
401888306,2026-08-30 21:30:00,2026,11429,436,Samsunspor,Fenerbahce,0,2,post,STATUS_FULL_TIME
401888387,2026-08-31 21:30:00,2026,1895,132334,Besiktas,Corum FK,6,2,post,STATUS_FULL_TIME
401888388,2026-08-31 21:30:00,2026,132335,997,Amed SFK,Trabzonspor,2,1,post,STATUS_FULL_TIME
401888304,2026-09-04 20:00:00,2026,7914,432,Istanbul Basaksehir,Galatasaray,2,3,post,STATUS_FULL_TIME
401888299,2026-09-05 17:00:00,2026,19267,7648,Erzurum BB,Konyaspor,1,0,post,STATUS_FULL_TIME
401888301,2026-09-05 20:00:00,2026,436,1895,Fenerbahce,Besiktas,1,2,post,STATUS_FULL_TIME
401888385,2026-09-06 17:00:00,2026,132334,20729,Corum FK,Eyupspor,3,0,post,STATUS_FULL_TIME
401888386,2026-09-06 17:00:00,2026,6870,132335,Kasimpasa,Amed SFK,2,2,post,STATUS_FULL_TIME
401888300,2026-09-06 20:00:00,2026,995,11429,Kocaelispor,Samsunspor,1,0,post,STATUS_FULL_TIME
401888305,2026-09-06 20:00:00,2026,997,996,Trabzonspor,Genclerbirligi,5,0,post,STATUS_FULL_TIME
401888303,2026-09-07 20:00:00,2026,7656,9078,Caykur Rizespor,Alanyaspor,0,1,post,STATUS_FULL_TIME
401888302,2026-09-07 20:00:00,2026,789,20070,Goztepe,Gaziantep FK,2,4,post,STATUS_FULL_TIME
401888292,2026-09-11 20:00:00,2026,1895,19267,Besiktas,Erzurum BB,3,0,post,STATUS_FULL_TIME
