event_id,fecha,temporada,local_id,visita_id,local,visita,goles_local,goles_visita,estado
573099,2021-01-06 19:00:00,2021,6997,2502,Brest,Nice,2.0,0.0,post
573093,2021-01-06 19:00:00,2021,273,174,Lorient,Monaco,2.0,5.0,post
573095,2021-01-06 19:00:00,2021,177,159,Metz,Bordeaux,0.0,0.0,post
573102,2021-01-06 19:00:00,2021,165,169,Nantes,Rennes,0.0,0.0,post
573100,2021-01-06 19:00:00,2021,180,7730,Strasbourg,Nimes,5.0,0.0,post
573094,2021-01-06 21:00:00,2021,166,7868,Lille,Angers,1.0,2.0,post
573097,2021-01-06 21:00:00,2021,167,175,Lyon,Lens,3.0,2.0,post
573098,2021-01-06 21:00:00,2021,176,274,Marseille,Montpellier,3.0,1.0,post
573101,2021-01-06 21:00:00,2021,178,160,Saint-Etienne,Paris Saint-Germain,1.0,1.0,post
573096,2021-01-06 21:00:00,2021,3243,3170,Reims,Dijon FCO,0.0,0.0,post
573087,2021-01-09 21:00:00,2021,169,167,Rennes,Lyon,2.0,2.0,post
573091,2021-01-09 21:00:00,2021,3243,178,Reims,Saint-Etienne,3.0,1.0,post
573084,2021-01-09 21:00:00,2021,160,6997,Paris Saint-Germain,Brest,3.0,0.0,post
573085,2021-01-09 21:00:00,2021,7730,166,Nimes,Lille,0.0,1.0,post
573089,2021-01-09 21:00:00,2021,274,165,Montpellier,Nantes,1.0,1.0,post
573090,2021-01-09 21:00:00,2021,177,2502,Metz,Nice,1.0,1.0,post
573092,2021-01-09 21:00:00,2021,175,180,Lens,Strasbourg,0.0,1.0,post
573088,2021-01-09 21:00:00,2021,3170,176,Dijon FCO,Marseille,0.0,0.0,post
573086,2021-01-09 21:00:00,2021,159,273,Bordeaux,Lorient,2.0,1.0,post
573083,2021-01-09 21:00:00,2021,174,7868,Monaco,Angers,3.0,0.0,post
573073,2021-01-15 21:00:00,2021,274,174,Montpellier,Monaco,2.0,3.0,post
573078,2021-01-16 17:00:00,2021,176,7730,Marseille,Nimes,1.0,2.0,post
573079,2021-01-16 21:00:00,2021,7868,160,Angers,Paris Saint-Germain,0.0,1.0,post
573081,2021-01-17 13:00:00,2021,6997,169,Brest,Rennes,1.0,2.0,post
573076,2021-01-17 15:00:00,2021,165,175,Nantes,Lens,1.0,1.0,post
573074,2021-01-17 15:00:00,2021,2502,159,Nice,Bordeaux,0.0,3.0,post
573080,2021-01-17 15:00:00,2021,180,178,Strasbourg,Saint-Etienne,1.0,0.0,post
573082,2021-01-17 17:00:00,2021,166,3243,Lille,Reims,2.0,1.0,post
573077,2021-01-17 21:00:00,2021,167,177,Lyon,Metz,0.0,1.0,post
573185,2021-01-20 21:00:00,2021,176,175,Marseille,Lens,0.0,1.0,post
573069,2021-01-22 21:00:00,2021,160,274,Paris Saint-Germain,Montpellier,4.0,0.0,post
573071,2021-01-23 17:00:00,2021,175,2502,Lens,Nice,0.0,1.0,post
573068,2021-01-23 21:00:00,2021,174,176,Monaco,Marseille,3.0,1.0,post
573063,2021-01-24 13:00:00,2021,159,7868,Bordeaux,Angers,2.0,1.0,post
573072,2021-01-24 15:00:00,2021,3170,180,Dijon FCO,Strasbourg,1.0,1.0,post
573070,2021-01-24 15:00:00,2021,177,165,Metz,Nantes,2.0,0.0,post
573064,2021-01-24 15:00:00,2021,3243,6997,Reims,Brest,1.0,0.0,post
573065,2021-01-24 17:00:00,2021,169,166,Rennes,Lille,0.0,1.0,post
573067,2021-01-24 21:00:00,2021,178,167,Saint-Etienne,Lyon,0.0,5.0,post
573075,2021-01-27 21:00:00,2021,273,3170,Lorient,Dijon FCO,3.0,2.0,post
573054,2021-01-29 21:00:00,2021,167,159,Lyon,Bordeaux,2.0,1.0,post
573056,2021-01-30 17:00:00,2021,274,175,Montpellier,Lens,1.0,2.0,post
573060,2021-01-31 13:00:00,2021,2502,178,Nice,Saint-Etienne,0.0,1.0,post
573059,2021-01-31 15:00:00,2021,273,160,Lorient,Paris Saint-Germain,3.0,2.0,post
573062,2021-01-31 15:00:00,2021,180,3243,Strasbourg,Reims,0.0,1.0,post
573058,2021-01-31 15:00:00,2021,7868,7730,Angers,Nimes,3.0,1.0,post
573057,2021-01-31 15:00:00,2021,6997,177,Brest,Metz,2.0,4.0,post
573055,2021-01-31 17:00:00,2021,166,3170,Lille,Dijon FCO,1.0,0.0,post
573053,2021-01-31 21:00:00,2021,165,174,Nantes,Monaco,1.0,2.0,post
573046,2021-02-03 19:00:00,2021,169,273,Rennes,Lorient,1.0,1.0,post
573043,2021-02-03 19:00:00,2021,3243,7868,Reims,Angers,0.0,0.0,post
573044,2021-02-03 19:00:00,2021,180,6997,Strasbourg,Brest,2.0,2.0,post
573045,2021-02-03 19:00:00,2021,159,166,Bordeaux,Lille,0.0,3.0,post
573049,2021-02-03 19:00:00,2021,177,274,Metz,Montpellier,1.0,1.0,post
573051,2021-02-03 21:00:00,2021,174,2502,Monaco,Nice,2.0,1.0,post
573047,2021-02-03 21:00:00,2021,3170,167,Dijon FCO,Lyon,0.0,1.0,post
573048,2021-02-03 21:00:00,2021,175,176,Lens,Marseille,2.0,2.0,post
573052,2021-02-03 21:00:00,2021,160,7730,Paris Saint-Germain,Nimes,3.0,0.0,post
573050,2021-02-03 21:00:00,2021,178,165,Saint-Etienne,Nantes,1.0,1.0,post
573041,2021-02-06 17:00:00,2021,273,3243,Lorient,Reims,1.0,0.0,post
573042,2021-02-06 19:00:00,2021,167,180,Lyon,Strasbourg,3.0,0.0,post
573040,2021-02-06 21:00:00,2021,175,169,Lens,Rennes,0.0,0.0,post
573035,2021-02-07 13:00:00,2021,6997,159,Brest,Bordeaux,2.0,1.0,post
573036,2021-02-07 15:00:00,2021,274,3170,Montpellier,Dijon FCO,4.0,2.0,post
573034,2021-02-07 15:00:00,2021,2502,7868,Nice,Angers,3.0,0.0,post
573033,2021-02-07 15:00:00,2021,7730,174,Nimes,Monaco,3.0,4.0,post
573038,2021-02-07 15:00:00,2021,178,177,Saint-Etienne,Metz,1.0,0.0,post
573037,2021-02-07 17:00:00,2021,165,166,Nantes,Lille,0.0,2.0,post
573039,2021-02-07 21:00:00,2021,176,160,Marseille,Paris Saint-Germain,0.0,2.0,post
573029,2021-02-13 17:00:00,2021,160,2502,Paris Saint-Germain,Nice,2.0,1.0,post
573024,2021-02-13 19:00:00,2021,3243,175,Reims,Lens,1.0,1.0,post
573027,2021-02-13 21:00:00,2021,167,274,Lyon,Montpellier,1.0,2.0,post
573025,2021-02-14 13:00:00,2021,174,273,Monaco,Lorient,2.0,2.0,post
573028,2021-02-14 15:00:00,2021,7868,165,Angers,Nantes,1.0,3.0,post
573030,2021-02-14 15:00:00,2021,3170,7730,Dijon FCO,Nimes,0.0,2.0,post
573032,2021-02-14 15:00:00,2021,177,180,Metz,Strasbourg,1.0,2.0,post
573031,2021-02-14 15:00:00,2021,169,178,Rennes,Saint-Etienne,0.0,2.0,post
573023,2021-02-14 17:00:00,2021,166,6997,Lille,Brest,0.0,0.0,post
573026,2021-02-14 21:00:00,2021,159,176,Bordeaux,Marseille,0.0,0.0,post
573168,2021-02-17 21:00:00,2021,176,2502,Marseille,Nice,3.0,2.0,post
573018,2021-02-19 21:00:00,2021,6997,167,Brest,Lyon,2.0,3.0,post
573022,2021-02-20 13:00:00,2021,178,3243,Saint-Etienne,Reims,1.0,1.0,post
573019,2021-02-20 17:00:00,2021,165,176,Nantes,Marseille,1.0,1.0,post
573021,2021-02-21 13:00:00,2021,274,169,Montpellier,Rennes,2.0,1.0,post
573016,2021-02-21 15:00:00,2021,175,3170,Lens,Dijon FCO,2.0,1.0,post
573020,2021-02-21 15:00:00,2021,2502,177,Nice,Metz,1.0,2.0,post
573015,2021-02-21 15:00:00,2021,7730,159,Nimes,Bordeaux,2.0,0.0,post
573014,2021-02-21 15:00:00,2021,180,7868,Strasbourg,Angers,0.0,0.0,post
573017,2021-02-21 17:05:00,2021,273,166,Lorient,Lille,1.0,4.0,post
573013,2021-02-21 21:00:00,2021,160,174,Paris Saint-Germain,Monaco,0.0,2.0,post
573066,2021-02-24 19:00:00,2021,7730,273,Nimes,Lorient,1.0,0.0,post
573009,2021-02-26 21:00:00,2021,169,2502,Rennes,Nice,1.0,2.0,post
573006,2021-02-27 13:00:00,2021,159,177,Bordeaux,Metz,1.0,2.0,post
573010,2021-02-27 17:00:00,2021,3170,160,Dijon FCO,Paris Saint-Germain,0.0,4.0,post
573003,2021-02-28 13:00:00,2021,174,6997,Monaco,Brest,2.0,0.0,post
573004,2021-02-28 15:00:00,2021,7868,175,Angers,Lens,2.0,2.0,post
573011,2021-02-28 15:00:00,2021,273,178,Lorient,Saint-Etienne,2.0,1.0,post
573008,2021-02-28 15:00:00,2021,7730,165,Nimes,Nantes,1.0,1.0,post
573007,2021-02-28 15:00:00,2021,3243,274,Reims,Montpellier,0.0,0.0,post
573012,2021-02-28 17:05:00,2021,166,180,Lille,Strasbourg,1.0,1.0,post
573005,2021-02-28 21:00:00,2021,176,167,Marseille,Lyon,1.0,1.0,post
572995,2021-03-03 19:00:00,2021,6997,3170,Brest,Dijon FCO,3.0,1.0,post
573001,2021-03-03 19:00:00,2021,167,169,Lyon,Rennes,1.0,0.0,post
572994,2021-03-03 19:00:00,2021,177,7868,Metz,Angers,0.0,1.0,post
572999,2021-03-03 19:00:00,2021,2502,7730,Nice,Nimes,2.0,1.0,post
572996,2021-03-03 19:00:00,2021,178,175,Saint-Etienne,Lens,2.0,3.0,post
572993,2021-03-03 21:00:00,2021,180,174,Strasbourg,Monaco,1.0,0.0,post
572997,2021-03-03 21:00:00,2021,274,273,Montpellier,Lorient,1.0,1.0,post
573002,2021-03-03 21:00:00,2021,165,3243,Nantes,Reims,1.0,2.0,post
573000,2021-03-03 21:00:00,2021,159,160,Bordeaux,Paris Saint-Germain,0.0,1.0,post
572998,2021-03-03 21:00:00,2021,166,176,Lille,Marseille,2.0,0.0,post
573061,2021-03-10 19:00:00,2021,176,169,Marseille,Rennes,1.0,0.0,post
572986,2021-03-12 21:00:00,2021,3243,167,Reims,Lyon,1.0,1.0,post
572991,2021-03-13 13:00:00,2021,7868,178,Angers,Saint-Etienne,0.0,1.0,post
572984,2021-03-13 17:00:00,2021,176,6997,Marseille,Brest,3.0,1.0,post
572988,2021-03-14 13:00:00,2021,7730,274,Nimes,Montpellier,1.0,1.0,post
572983,2021-03-14 15:00:00,2021,3170,159,Dijon FCO,Bordeaux,1.0,3.0,post
572987,2021-03-14 15:00:00,2021,175,177,Lens,Metz,2.0,2.0,post
572990,2021-03-14 15:00:00,2021,273,2502,Lorient,Nice,1.0,1.0,post
572992,2021-03-14 15:00:00,2021,169,180,Rennes,Strasbourg,1.0,0.0,post
572985,2021-03-14 17:05:00,2021,174,166,Monaco,Lille,0.0,0.0,post
572989,2021-03-14 21:00:00,2021,160,165,Paris Saint-Germain,Nantes,1.0,2.0,post
572973,2021-03-19 21:00:00,2021,178,174,Saint-Etienne,Monaco,0.0,4.0,post
572981,2021-03-20 13:00:00,2021,177,169,Metz,Rennes,1.0,3.0,post
572978,2021-03-20 17:00:00,2021,2502,176,Nice,Marseille,3.0,0.0,post
572976,2021-03-21 13:00:00,2021,180,175,Strasbourg,Lens,1.0,2.0,post
572974,2021-03-21 15:00:00,2021,6997,7868,Brest,Angers,0.0,0.0,post
572982,2021-03-21 15:00:00,2021,3170,3243,Dijon FCO,Reims,0.0,1.0,post
572975,2021-03-21 15:00:00,2021,274,159,Montpellier,Bordeaux,3.0,1.0,post
572977,2021-03-21 15:00:00,2021,165,273,Nantes,Lorient,1.0,1.0,post
572979,2021-03-21 17:05:00,2021,166,7730,Lille,Nimes,1.0,2.0,post
572980,2021-03-21 21:00:00,2021,167,160,Lyon,Paris Saint-Germain,2.0,4.0,post
572967,2021-04-03 13:00:00,2021,174,177,Monaco,Metz,4.0,0.0,post
572965,2021-04-03 17:00:00,2021,160,166,Paris Saint-Germain,Lille,0.0,1.0,post
572966,2021-04-03 21:00:00,2021,175,167,Lens,Lyon,1.0,1.0,post
572968,2021-04-04 13:00:00,2021,7868,274,Angers,Montpellier,1.0,1.0,post
572972,2021-04-04 15:00:00,2021,159,180,Bordeaux,Strasbourg,2.0,3.0,post
572963,2021-04-04 15:00:00,2021,273,6997,Lorient,Brest,1.0,0.0,post
572969,2021-04-04 15:00:00,2021,165,2502,Nantes,Nice,1.0,2.0,post
572971,2021-04-04 15:00:00,2021,3243,169,Reims,Rennes,2.0,2.0,post
572970,2021-04-04 17:05:00,2021,7730,178,Nimes,Saint-Etienne,0.0,2.0,post
572964,2021-04-04 21:00:00,2021,176,3170,Marseille,Dijon FCO,2.0,0.0,post
572956,2021-04-09 21:00:00,2021,177,166,Metz,Lille,0.0,2.0,post
572961,2021-04-10 17:00:00,2021,180,160,Strasbourg,Paris Saint-Germain,1.0,4.0,post
572958,2021-04-10 21:00:00,2021,274,176,Montpellier,Marseille,3.0,3.0,post
572959,2021-04-11 13:00:00,2021,169,165,Rennes,Nantes,1.0,0.0,post
572960,2021-04-11 15:00:00,2021,6997,7730,Brest,Nimes,1.0,1.0,post
572957,2021-04-11 15:00:00,2021,175,273,Lens,Lorient,4.0,1.0,post
572962,2021-04-11 15:00:00,2021,2502,3243,Nice,Reims,0.0,0.0,post
572954,2021-04-11 15:00:00,2021,178,159,Saint-Etienne,Bordeaux,4.0,1.0,post
572955,2021-04-11 17:05:00,2021,174,3170,Monaco,Dijon FCO,3.0,0.0,post
572953,2021-04-11 21:00:00,2021,167,7868,Lyon,Angers,3.0,0.0,post
572948,2021-04-16 21:00:00,2021,166,274,Lille,Montpellier,1.0,1.0,post
572951,2021-04-17 12:45:00,2021,7868,169,Angers,Rennes,0.0,3.0,post
572945,2021-04-17 17:00:00,2021,176,273,Marseille,Lorient,3.0,2.0,post
572950,2021-04-18 13:00:00,2021,160,178,Paris Saint-Germain,Saint-Etienne,3.0,2.0,post
572947,2021-04-18 15:00:00,2021,3243,177,Reims,Metz,0.0,0.0,post
572952,2021-04-18 15:00:00,2021,7730,180,Nimes,Strasbourg,1.0,1.0,post
572944,2021-04-18 15:00:00,2021,6997,175,Brest,Lens,1.0,1.0,post
572949,2021-04-18 15:00:00,2021,3170,2502,Dijon FCO,Nice,2.0,0.0,post
572943,2021-04-18 17:05:00,2021,159,174,Bordeaux,Monaco,0.0,3.0,post
572946,2021-04-18 21:00:00,2021,165,167,Nantes,Lyon,1.0,2.0,post
572938,2021-04-23 21:00:00,2021,3243,176,Reims,Marseille,1.0,3.0,post
572935,2021-04-24 13:00:00,2021,178,6997,Saint-Etienne,Brest,1.0,2.0,post
572942,2021-04-24 17:00:00,2021,177,160,Metz,Paris Saint-Germain,1.0,3.0,post
572939,2021-04-25 13:00:00,2021,2502,274,Nice,Montpellier,3.0,1.0,post
572941,2021-04-25 15:00:00,2021,175,7730,Lens,Nimes,2.0,1.0,post
572934,2021-04-25 15:00:00,2021,273,159,Lorient,Bordeaux,4.0,1.0,post
572936,2021-04-25 15:00:00,2021,169,3170,Rennes,Dijon FCO,5.0,1.0,post
572940,2021-04-25 15:00:00,2021,180,165,Strasbourg,Nantes,1.0,2.0,post
572933,2021-04-25 17:05:00,2021,7868,174,Angers,Monaco,0.0,1.0,post
572937,2021-04-25 21:00:00,2021,167,166,Lyon,Lille,2.0,3.0,post
572932,2021-04-30 21:00:00,2021,176,180,Marseille,Strasbourg,1.0,1.0,post
572924,2021-05-01 17:00:00,2021,160,175,Paris Saint-Germain,Lens,2.0,1.0,post
572928,2021-05-01 21:00:00,2021,166,2502,Lille,Nice,2.0,0.0,post
572930,2021-05-02 13:00:00,2021,159,169,Bordeaux,Rennes,1.0,0.0,post
572927,2021-05-02 15:00:00,2021,6997,165,Brest,Nantes,1.0,4.0,post
572926,2021-05-02 15:00:00,2021,3170,177,Dijon FCO,Metz,1.0,5.0,post
572923,2021-05-02 15:00:00,2021,273,7868,Lorient,Angers,2.0,0.0,post
572931,2021-05-02 15:00:00,2021,7730,3243,Nimes,Reims,2.0,2.0,post
572929,2021-05-02 17:05:00,2021,274,178,Montpellier,Saint-Etienne,1.0,2.0,post
572925,2021-05-02 21:00:00,2021,174,167,Monaco,Lyon,2.0,3.0,post
572917,2021-05-07 21:00:00,2021,175,166,Lens,Lille,0.0,3.0,post
572914,2021-05-08 13:00:00,2021,165,159,Nantes,Bordeaux,3.0,0.0,post
572918,2021-05-08 17:00:00,2021,167,273,Lyon,Lorient,4.0,1.0,post
572919,2021-05-09 13:00:00,2021,178,176,Saint-Etienne,Marseille,1.0,0.0,post
572920,2021-05-09 15:00:00,2021,180,274,Strasbourg,Montpellier,2.0,3.0,post
572915,2021-05-09 15:00:00,2021,2502,6997,Nice,Brest,3.0,2.0,post
572921,2021-05-09 15:00:00,2021,177,7730,Metz,Nimes,0.0,3.0,post
572916,2021-05-09 15:00:00,2021,7868,3170,Angers,Dijon FCO,3.0,0.0,post
572913,2021-05-09 17:05:00,2021,3243,174,Reims,Monaco,0.0,1.0,post
572922,2021-05-09 21:00:00,2021,169,160,Rennes,Paris Saint-Germain,1.0,1.0,post
572911,2021-05-16 21:00:00,2021,160,3243,Paris Saint-Germain,Reims,4.0,0.0,post
572906,2021-05-16 21:00:00,2021,7730,167,Nimes,Lyon,2.0,5.0,post
572912,2021-05-16 21:00:00,2021,2502,180,Nice,Strasbourg,0.0,2.0,post
572904,2021-05-16 21:00:00,2021,274,6997,Montpellier,Brest,0.0,0.0,post
572903,2021-05-16 21:00:00,2021,176,7868,Marseille,Angers,3.0,2.0,post
572909,2021-05-16 21:00:00,2021,166,178,Lille,Saint-Etienne,0.0,0.0,post
572908,2021-05-16 21:00:00,2021,3170,165,Dijon FCO,Nantes,0.0,4.0,post
572905,2021-05-16 21:00:00,2021,159,175,Bordeaux,Lens,3.0,0.0,post
572910,2021-05-16 21:00:00,2021,174,169,Monaco,Rennes,2.0,1.0,post
572907,2021-05-16 21:00:00,2021,273,177,Lorient,Metz,2.0,1.0,post
572895,2021-05-23 21:00:00,2021,178,3170,Saint-Etienne,Dijon FCO,0.0,1.0,post
572897,2021-05-23 21:00:00,2021,180,273,Strasbourg,Lorient,1.0,1.0,post
572901,2021-05-23 21:00:00,2021,169,7730,Rennes,Nimes,2.0,0.0,post
572894,2021-05-23 21:00:00,2021,3243,159,Reims,Bordeaux,1.0,2.0,post
572899,2021-05-23 21:00:00,2021,165,274,Nantes,Montpellier,1.0,2.0,post
572896,2021-05-23 21:00:00,2021,7868,166,Angers,Lille,1.0,2.0,post
572900,2021-05-23 21:00:00,2021,167,2502,Lyon,Nice,2.0,3.0,post
572893,2021-05-23 21:00:00,2021,175,174,Lens,Monaco,0.0,0.0,post
572902,2021-05-23 21:00:00,2021,6997,160,Brest,Paris Saint-Germain,0.0,2.0,post
572898,2021-05-23 21:00:00,2021,177,176,Metz,Marseille,1.0,1.0,post
609528,2021-08-06 21:00:00,2021,174,165,Monaco,Nantes,1.0,1.0,post
609522,2021-08-07 17:00:00,2021,167,6997,Lyon,Brest,1.0,1.0,post
609529,2021-08-07 21:00:00,2021,170,160,Troyes,Paris Saint-Germain,1.0,2.0,post
609524,2021-08-08 13:00:00,2021,169,175,Rennes,Lens,1.0,1.0,post
609521,2021-08-08 15:00:00,2021,180,7868,Strasbourg,Angers,0.0,2.0,post
609526,2021-08-08 15:00:00,2021,178,273,Saint-Etienne,Lorient,1.0,1.0,post
609523,2021-08-08 15:00:00,2021,159,3171,Bordeaux,Clermont,0.0,2.0,post
609530,2021-08-08 15:00:00,2021,2502,3243,Nice,Reims,0.0,0.0,post
609525,2021-08-08 17:00:00,2021,177,166,Metz,Lille,3.0,3.0,post
609527,2021-08-08 20:45:00,2021,274,176,Montpellier,Marseille,2.0,3.0,post
609511,2021-08-13 21:00:00,2021,273,174,Lorient,Monaco,1.0,0.0,post
609516,2021-08-14 17:00:00,2021,166,2502,Lille,Nice,0.0,4.0,post
609519,2021-08-14 21:00:00,2021,160,180,Paris Saint-Germain,Strasbourg,4.0,2.0,post
609513,2021-08-15 13:00:00,2021,7868,167,Angers,Lyon,3.0,0.0,post
609518,2021-08-15 15:00:00,2021,6997,169,Brest,Rennes,1.0,1.0,post
609520,2021-08-15 15:00:00,2021,3171,170,Clermont,Troyes,2.0,0.0,post
609514,2021-08-15 15:00:00,2021,165,177,Nantes,Metz,2.0,0.0,post
609515,2021-08-15 15:00:00,2021,3243,274,Reims,Montpellier,3.0,3.0,post
609517,2021-08-15 17:00:00,2021,175,178,Lens,Saint-Etienne,2.0,2.0,post
609512,2021-08-15 20:45:00,2021,176,159,Marseille,Bordeaux,2.0,2.0,post
609508,2021-08-20 21:00:00,2021,6997,160,Brest,Paris Saint-Germain,2.0,4.0,post
609503,2021-08-21 17:00:00,2021,174,175,Monaco,Lens,0.0,2.0,post
609504,2021-08-21 21:00:00,2021,178,166,Saint-Etienne,Lille,1.0,1.0,post
609502,2021-08-22 13:00:00,2021,167,3171,Lyon,Clermont,3.0,3.0,post
609501,2021-08-22 15:00:00,2021,159,7868,Bordeaux,Angers,1.0,1.0,post
609509,2021-08-22 15:00:00,2021,177,3243,Metz,Reims,1.0,1.0,post
609505,2021-08-22 15:00:00,2021,274,273,Montpellier,Lorient,3.0,1.0,post
609510,2021-08-22 15:00:00,2021,180,170,Strasbourg,Troyes,1.0,1.0,post
609507,2021-08-22 17:00:00,2021,169,165,Rennes,Nantes,1.0,0.0,post
609495,2021-08-27 21:00:00,2021,165,167,Nantes,Lyon,0.0,1.0,post
609492,2021-08-28 17:00:00,2021,2502,159,Nice,Bordeaux,4.0,0.0,post
609499,2021-08-28 21:00:00,2021,176,178,Marseille,Saint-Etienne,3.0,1.0,post
609491,2021-08-29 13:00:00,2021,170,174,Troyes,Monaco,1.0,2.0,post
609496,2021-08-29 15:00:00,2021,3171,177,Clermont,Metz,2.0,2.0,post
609494,2021-08-29 15:00:00,2021,175,273,Lens,Lorient,2.0,2.0,post
609500,2021-08-29 15:00:00,2021,7868,169,Angers,Rennes,2.0,0.0,post
609493,2021-08-29 15:00:00,2021,180,6997,Strasbourg,Brest,3.0,1.0,post
609497,2021-08-29 17:00:00,2021,166,274,Lille,Montpellier,2.0,1.0,post
609498,2021-08-29 20:45:00,2021,3243,160,Reims,Paris Saint-Germain,0.0,2.0,post
609484,2021-09-10 21:00:00,2021,273,166,Lorient,Lille,2.0,1.0,post
609482,2021-09-11 17:00:00,2021,160,3171,Paris Saint-Germain,Clermont,4.0,0.0,post
609485,2021-09-11 21:00:00,2021,174,176,Monaco,Marseille,0.0,2.0,post
609487,2021-09-12 13:00:00,2021,274,178,Montpellier,Saint-Etienne,2.0,0.0,post
609483,2021-09-12 15:00:00,2021,159,175,Bordeaux,Lens,2.0,3.0,post
609481,2021-09-12 15:00:00,2021,6997,7868,Brest,Angers,1.0,1.0,post
609490,2021-09-12 15:00:00,2021,177,170,Metz,Troyes,0.0,2.0,post
609488,2021-09-12 15:00:00,2021,169,3243,Rennes,Reims,0.0,2.0,post
609486,2021-09-12 17:00:00,2021,165,2502,Nantes,Nice,0.0,2.0,post
609489,2021-09-12 20:45:00,2021,167,180,Lyon,Strasbourg,3.0,1.0,post
609477,2021-09-17 21:00:00,2021,180,177,Strasbourg,Metz,3.0,0.0,post
609474,2021-09-18 17:00:00,2021,175,166,Lens,Lille,1.0,0.0,post
609472,2021-09-18 21:00:00,2021,178,159,Saint-Etienne,Bordeaux,1.0,2.0,post
609471,2021-09-19 13:00:00,2021,2502,174,Nice,Monaco,2.0,2.0,post
609478,2021-09-19 15:00:00,2021,170,274,Troyes,Montpellier,1.0,1.0,post
609475,2021-09-19 15:00:00,2021,3243,273,Reims,Lorient,0.0,0.0,post
609473,2021-09-19 15:00:00,2021,3171,6997,Clermont,Brest,1.0,1.0,post
609479,2021-09-19 15:00:00,2021,7868,165,Angers,Nantes,1.0,4.0,post
609480,2021-09-19 17:00:00,2021,176,169,Marseille,Rennes,2.0,0.0,post
609476,2021-09-19 20:45:00,2021,160,167,Paris Saint-Germain,Lyon,2.0,1.0,post
609467,2021-09-22 19:00:00,2021,174,178,Monaco,Saint-Etienne,3.0,1.0,post
609468,2021-09-22 19:00:00,2021,166,3243,Lille,Reims,2.0,1.0,post
609461,2021-09-22 19:00:00,2021,274,159,Montpellier,Bordeaux,3.0,3.0,post
609462,2021-09-22 19:00:00,2021,165,6997,Nantes,Brest,3.0,1.0,post
609463,2021-09-22 19:00:00,2021,169,3171,Rennes,Clermont,6.0,0.0,post
609464,2021-09-22 21:00:00,2021,7868,176,Angers,Marseille,0.0,0.0,post
609469,2021-09-22 21:00:00,2021,175,180,Lens,Strasbourg,0.0,1.0,post
609465,2021-09-22 21:00:00,2021,273,2502,Lorient,Nice,1.0,0.0,post
609470,2021-09-22 21:00:00,2021,167,170,Lyon,Troyes,3.0,1.0,post
609466,2021-09-22 21:00:00,2021,177,160,Metz,Paris Saint-Germain,1.0,2.0,post
609459,2021-09-25 17:00:00,2021,178,2502,Saint-Etienne,Nice,0.0,3.0,post
609454,2021-09-25 19:00:00,2021,180,166,Strasbourg,Lille,1.0,2.0,post
609455,2021-09-25 21:00:00,2021,167,273,Lyon,Lorient,1.0,1.0,post
609457,2021-09-25 21:00:00,2021,160,274,Paris Saint-Germain,Montpellier,2.0,0.0,post
609460,2021-09-26 13:00:00,2021,159,169,Bordeaux,Rennes,1.0,1.0,post
609456,2021-09-26 15:00:00,2021,6997,177,Brest,Metz,1.0,2.0,post
609458,2021-09-26 15:00:00,2021,3243,165,Reims,Nantes,3.0,1.0,post
609452,2021-09-26 15:00:00,2021,170,7868,Troyes,Angers,1.0,1.0,post
609451,2021-09-26 17:00:00,2021,3171,174,Clermont,Monaco,1.0,3.0,post
609453,2021-09-26 20:45:00,2021,176,175,Marseille,Lens,2.0,3.0,post
609448,2021-10-01 21:00:00,2021,175,3243,Lens,Reims,2.0,0.0,post
609449,2021-10-02 17:00:00,2021,274,180,Montpellier,Strasbourg,1.0,1.0,post
609442,2021-10-02 21:00:00,2021,2502,6997,Nice,Brest,2.0,1.0,post
609447,2021-10-03 13:00:00,2021,169,160,Rennes,Paris Saint-Germain,2.0,0.0,post
609450,2021-10-03 15:00:00,2021,165,170,Nantes,Troyes,2.0,0.0,post
609443,2021-10-03 15:00:00,2021,273,3171,Lorient,Clermont,1.0,1.0,post
609446,2021-10-03 15:00:00,2021,7868,177,Angers,Metz,3.0,2.0,post
609441,2021-10-03 15:00:00,2021,174,159,Monaco,Bordeaux,3.0,0.0,post
609445,2021-10-03 17:00:00,2021,166,176,Lille,Marseille,2.0,0.0,post
609444,2021-10-03 20:45:00,2021,178,167,Saint-Etienne,Lyon,1.0,1.0,post
609432,2021-10-15 21:00:00,2021,160,7868,Paris Saint-Germain,Angers,2.0,1.0,post
609434,2021-10-16 17:00:00,2021,3171,166,Clermont,Lille,1.0,0.0,post
609431,2021-10-16 21:00:00,2021,167,174,Lyon,Monaco,2.0,0.0,post
609437,2021-10-17 13:00:00,2021,170,2502,Troyes,Nice,1.0,0.0,post
609436,2021-10-17 15:00:00,2021,159,165,Bordeaux,Nantes,1.0,1.0,post
609440,2021-10-17 15:00:00,2021,6997,3243,Brest,Reims,1.0,1.0,post
609439,2021-10-17 15:00:00,2021,177,169,Metz,Rennes,0.0,3.0,post
609438,2021-10-17 15:00:00,2021,180,178,Strasbourg,Saint-Etienne,5.0,1.0,post
609433,2021-10-17 17:00:00,2021,274,175,Montpellier,Lens,1.0,0.0,post
609435,2021-10-17 20:45:00,2021,176,273,Marseille,Lorient,4.0,1.0,post
609421,2021-10-22 21:00:00,2021,178,7868,Saint-Etienne,Angers,2.0,2.0,post
609424,2021-10-23 17:00:00,2021,165,3171,Nantes,Clermont,2.0,1.0,post
609423,2021-10-23 21:00:00,2021,166,6997,Lille,Brest,1.0,1.0,post
609425,2021-10-24 13:00:00,2021,2502,167,Nice,Lyon,3.0,2.0,post
609426,2021-10-24 15:00:00,2021,175,177,Lens,Metz,4.0,1.0,post
609422,2021-10-24 15:00:00,2021,273,159,Lorient,Bordeaux,1.0,1.0,post
609430,2021-10-24 15:00:00,2021,3243,170,Reims,Troyes,1.0,2.0,post
609429,2021-10-24 15:00:00,2021,169,180,Rennes,Strasbourg,1.0,0.0,post
609427,2021-10-24 17:00:00,2021,174,274,Monaco,Montpellier,3.0,1.0,post
609428,2021-10-24 20:45:00,2021,176,160,Marseille,Paris Saint-Germain,0.0,0.0,post
609506,2021-10-27 21:00:00,2021,2502,176,Nice,Marseille,1.0,1.0,post
609413,2021-10-29 21:00:00,2021,160,166,Paris Saint-Germain,Lille,2.0,1.0,post
609418,2021-10-30 17:00:00,2021,177,178,Metz,Saint-Etienne,1.0,1.0,post
609412,2021-10-30 21:00:00,2021,167,175,Lyon,Lens,2.0,1.0,post
609417,2021-10-31 13:00:00,2021,7868,2502,Angers,Nice,1.0,2.0,post
609419,2021-10-31 15:00:00,2021,170,169,Troyes,Rennes,2.0,2.0,post
609414,2021-10-31 15:00:00,2021,180,273,Strasbourg,Lorient,4.0,0.0,post
609420,2021-10-31 15:00:00,2021,159,3243,Bordeaux,Reims,3.0,2.0,post
609416,2021-10-31 15:00:00,2021,274,165,Montpellier,Nantes,2.0,0.0,post
609411,2021-10-31 17:00:00,2021,6997,174,Brest,Monaco,2.0,0.0,post
609415,2021-10-31 20:45:00,2021,3171,176,Clermont,Marseille,0.0,1.0,post
609410,2021-11-05 21:00:00,2021,175,170,Lens,Troyes,4.0,0.0,post
609402,2021-11-06 17:00:00,2021,166,7868,Lille,Angers,1.0,1.0,post
609408,2021-11-06 21:00:00,2021,159,160,Bordeaux,Paris Saint-Germain,2.0,3.0,post
609406,2021-11-07 13:00:00,2021,176,177,Marseille,Metz,0.0,0.0,post
609403,2021-11-07 15:00:00,2021,273,6997,Lorient,Brest,1.0,2.0,post
609409,2021-11-07 15:00:00,2021,165,180,Nantes,Strasbourg,2.0,2.0,post
609404,2021-11-07 15:00:00,2021,178,3171,Saint-Etienne,Clermont,3.0,2.0,post
609401,2021-11-07 15:00:00,2021,3243,174,Reims,Monaco,0.0,0.0,post
609407,2021-11-07 17:00:00,2021,2502,274,Nice,Montpellier,0.0,1.0,post
609405,2021-11-07 20:45:00,2021,169,167,Rennes,Lyon,4.0,1.0,post
609393,2021-11-19 21:00:00,2021,174,166,Monaco,Lille,2.0,2.0,post
609397,2021-11-20 17:00:00,2021,160,165,Paris Saint-Germain,Nantes,3.0,1.0,post
609396,2021-11-20 21:00:00,2021,169,274,Rennes,Montpellier,2.0,0.0,post
609392,2021-11-21 13:00:00,2021,6997,175,Brest,Lens,4.0,0.0,post
609394,2021-11-21 15:00:00,2021,7868,273,Angers,Lorient,1.0,0.0,post
609391,2021-11-21 15:00:00,2021,177,159,Metz,Bordeaux,3.0,3.0,post
609400,2021-11-21 15:00:00,2021,180,3243,Strasbourg,Reims,1.0,1.0,post
609399,2021-11-21 15:00:00,2021,170,178,Troyes,Saint-Etienne,0.0,1.0,post
609398,2021-11-21 17:00:00,2021,3171,2502,Clermont,Nice,1.0,2.0,post
609381,2021-11-26 21:00:00,2021,175,7868,Lens,Angers,2.0,2.0,post
609386,2021-11-27 17:00:00,2021,166,165,Lille,Nantes,1.0,1.0,post
609385,2021-11-27 21:00:00,2021,2502,177,Nice,Metz,0.0,1.0,post
609387,2021-11-28 13:00:00,2021,178,160,Saint-Etienne,Paris Saint-Germain,1.0,3.0,post
609389,2021-11-28 15:00:00,2021,174,180,Monaco,Strasbourg,1.0,1.0,post
609382,2021-11-28 15:00:00,2021,159,6997,Bordeaux,Brest,1.0,2.0,post
609388,2021-11-28 15:00:00,2021,273,169,Lorient,Rennes,0.0,2.0,post
609383,2021-11-28 15:00:00,2021,3243,3171,Reims,Clermont,1.0,0.0,post
609384,2021-11-28 17:00:00,2021,274,167,Montpellier,Lyon,0.0,1.0,post
609390,2021-11-28 20:45:00,2021,176,170,Marseille,Troyes,1.0,0.0,post
609371,2021-12-01 19:00:00,2021,7868,174,Angers,Monaco,1.0,3.0,post
609379,2021-12-01 19:00:00,2021,6997,178,Brest,Saint-Etienne,1.0,0.0,post
609377,2021-12-01 19:00:00,2021,177,274,Metz,Montpellier,1.0,3.0,post
609372,2021-12-01 19:00:00,2021,180,159,Strasbourg,Bordeaux,5.0,2.0,post
609375,2021-12-01 19:00:00,2021,170,273,Troyes,Lorient,2.0,0.0,post
609373,2021-12-01 21:00:00,2021,3171,175,Clermont,Lens,2.0,2.0,post
609380,2021-12-01 21:00:00,2021,167,3243,Lyon,Reims,1.0,2.0,post
609376,2021-12-01 21:00:00,2021,165,176,Nantes,Marseille,0.0,1.0,post
609374,2021-12-01 21:00:00,2021,169,166,Rennes,Lille,1.0,2.0,post
609378,2021-12-01 21:05:00,2021,160,2502,Paris Saint-Germain,Nice,0.0,0.0,post
609362,2021-12-04 17:00:00,2021,176,6997,Marseille,Brest,1.0,2.0,post
609370,2021-12-04 19:00:00,2021,166,170,Lille,Troyes,2.0,1.0,post
609367,2021-12-04 21:00:00,2021,175,160,Lens,Paris Saint-Germain,1.0,1.0,post
609368,2021-12-05 13:00:00,2021,178,169,Saint-Etienne,Rennes,0.0,5.0,post
609361,2021-12-05 15:00:00,2021,3243,7868,Reims,Angers,1.0,2.0,post
609363,2021-12-05 15:00:00,2021,274,3171,Montpellier,Clermont,1.0,0.0,post
609366,2021-12-05 15:00:00,2021,273,165,Lorient,Nantes,0.0,1.0,post
609365,2021-12-05 15:00:00,2021,174,177,Monaco,Metz,4.0,0.0,post
609369,2021-12-05 17:00:00,2021,2502,180,Nice,Strasbourg,0.0,3.0,post
609364,2021-12-05 20:45:00,2021,159,167,Bordeaux,Lyon,2.0,2.0,post
609354,2021-12-10 21:00:00,2021,165,175,Nantes,Lens,3.0,2.0,post
609358,2021-12-11 17:00:00,2021,6997,274,Brest,Montpellier,0.0,4.0,post
609360,2021-12-11 21:00:00,2021,3243,178,Reims,Saint-Etienne,2.0,0.0,post
609356,2021-12-12 13:00:00,2021,166,167,Lille,Lyon,0.0,0.0,post
609352,2021-12-12 15:00:00,2021,170,159,Troyes,Bordeaux,1.0,2.0,post
609359,2021-12-12 15:00:00,2021,169,2502,Rennes,Nice,1.0,2.0,post
609353,2021-12-12 15:00:00,2021,7868,3171,Angers,Clermont,0.0,1.0,post
609355,2021-12-12 15:00:00,2021,177,273,Metz,Lorient,4.0,1.0,post
609357,2021-12-12 17:00:00,2021,180,176,Strasbourg,Marseille,0.0,2.0,post
609351,2021-12-12 20:45:00,2021,160,174,Paris Saint-Germain,Monaco,2.0,0.0,post
609343,2021-12-22 21:00:00,2021,2502,175,Nice,Lens,2.0,1.0,post
609342,2021-12-22 21:00:00,2021,170,6997,Troyes,Brest,1.0,1.0,post
609346,2021-12-22 21:00:00,2021,178,165,Saint-Etienne,Nantes,0.0,1.0,post
609341,2021-12-22 21:00:00,2021,274,7868,Montpellier,Angers,4.0,1.0,post
609348,2021-12-22 21:00:00,2021,174,169,Monaco,Rennes,2.0,1.0,post
609345,2021-12-22 21:00:00,2021,167,177,Lyon,Metz,1.0,1.0,post
609347,2021-12-22 21:00:00,2021,273,160,Lorient,Paris Saint-Germain,1.0,1.0,post
609344,2021-12-22 21:00:00,2021,159,166,Bordeaux,Lille,2.0,3.0,post
609349,2021-12-22 21:00:00,2021,176,3243,Marseille,Reims,1.0,1.0,post
609333,2022-01-07 21:00:00,2022,159,176,Bordeaux,Marseille,0.0,1.0,post
609337,2022-01-08 21:00:00,2022,175,169,Lens,Rennes,1.0,0.0,post
609334,2022-01-09 13:00:00,2022,6997,2502,Brest,Nice,0.0,3.0,post
609339,2022-01-09 15:00:00,2022,177,180,Metz,Strasbourg,0.0,2.0,post
609338,2022-01-09 15:00:00,2022,3171,3243,Clermont,Reims,0.0,0.0,post
609331,2022-01-09 17:05:00,2022,165,174,Nantes,Monaco,0.0,0.0,post
609335,2022-01-09 20:45:00,2022,167,160,Lyon,Paris Saint-Germain,1.0,1.0,post
609330,2022-01-14 21:00:00,2022,2502,165,Nice,Nantes,2.0,1.0,post
609325,2022-01-15 17:00:00,2022,178,175,Saint-Etienne,Lens,1.0,2.0,post
609323,2022-01-15 21:00:00,2022,160,6997,Paris Saint-Germain,Brest,2.0,0.0,post
609322,2022-01-16 13:00:00,2022,169,159,Rennes,Bordeaux,6.0,0.0,post
609324,2022-01-16 15:00:00,2022,174,3171,Monaco,Clermont,4.0,0.0,post
609321,2022-01-16 15:00:00,2022,273,7868,Lorient,Angers,0.0,0.0,post
609328,2022-01-16 15:00:00,2022,3243,177,Reims,Metz,0.0,1.0,post
609329,2022-01-16 15:00:00,2022,180,274,Strasbourg,Montpellier,3.0,1.0,post
609327,2022-01-16 17:05:00,2022,170,167,Troyes,Lyon,0.0,1.0,post
609326,2022-01-16 20:45:00,2022,176,166,Marseille,Lille,1.0,1.0,post
609350,2022-01-19 19:00:00,2022,3171,180,Clermont,Strasbourg,0.0,2.0,post
609332,2022-01-19 19:00:00,2022,166,273,Lille,Lorient,3.0,1.0,post
609340,2022-01-19 19:00:00,2022,274,170,Montpellier,Troyes,0.0,1.0,post
609316,2022-01-21 21:00:00,2022,167,178,Lyon,Saint-Etienne,1.0,0.0,post
609312,2022-01-22 17:00:00,2022,6997,166,Brest,Lille,2.0,0.0,post
609314,2022-01-22 21:00:00,2022,175,176,Lens,Marseille,0.0,2.0,post
609315,2022-01-23 13:00:00,2022,177,2502,Metz,Nice,0.0,2.0,post
609320,2022-01-23 15:00:00,2022,7868,170,Angers,Troyes,2.0,1.0,post
609319,2022-01-23 15:00:00,2022,159,180,Bordeaux,Strasbourg,4.0,3.0,post
609317,2022-01-23 15:00:00,2022,3171,169,Clermont,Rennes,2.0,1.0,post
609313,2022-01-23 15:00:00,2022,165,273,Nantes,Lorient,4.0,2.0,post
609311,2022-01-23 17:05:00,2022,274,174,Montpellier,Monaco,3.0,2.0,post
609318,2022-01-23 20:45:00,2022,160,3243,Paris Saint-Germain,Reims,4.0,0.0,post
609336,2022-01-26 19:00:00,2022,7868,178,Angers,Saint-Etienne,0.0,1.0,post
609395,2022-02-01 21:00:00,2022,167,176,Lyon,Marseille,2.0,1.0,post
609301,2022-02-04 21:00:00,2022,176,7868,Marseille,Angers,5.0,2.0,post
609308,2022-02-05 17:00:00,2022,178,274,Saint-Etienne,Montpellier,3.0,1.0,post
609306,2022-02-05 21:00:00,2022,174,167,Monaco,Lyon,2.0,0.0,post
609305,2022-02-06 13:00:00,2022,273,175,Lorient,Lens,2.0,0.0,post
609307,2022-02-06 15:00:00,2022,170,177,Troyes,Metz,0.0,0.0,post
609309,2022-02-06 15:00:00,2022,180,165,Strasbourg,Nantes,1.0,0.0,post
609304,2022-02-06 15:00:00,2022,2502,3171,Nice,Clermont,0.0,1.0,post
609302,2022-02-06 15:00:00,2022,3243,159,Reims,Bordeaux,5.0,0.0,post
609303,2022-02-06 17:00:00,2022,169,6997,Rennes,Brest,2.0,0.0,post
609310,2022-02-06 20:45:00,2022,166,160,Lille,Paris Saint-Germain,1.0,5.0,post
609297,2022-02-11 21:00:00,2022,160,169,Paris Saint-Germain,Rennes,1.0,0.0,post
609292,2022-02-12 17:00:00,2022,274,166,Montpellier,Lille,0.0,1.0,post
609295,2022-02-12 21:00:00,2022,167,2502,Lyon,Nice,2.0,0.0,post
609293,2022-02-13 13:00:00,2022,174,273,Monaco,Lorient,0.0,0.0,post
609299,2022-02-13 15:00:00,2022,7868,180,Angers,Strasbourg,0.0,1.0,post
609300,2022-02-13 15:00:00,2022,6997,170,Brest,Troyes,5.0,1.0,post
609296,2022-02-13 15:00:00,2022,3171,178,Clermont,Saint-Etienne,1.0,2.0,post
609298,2022-02-13 15:00:00,2022,165,3243,Nantes,Reims,1.0,0.0,post
609291,2022-02-13 17:05:00,2022,175,159,Lens,Bordeaux,3.0,2.0,post
609294,2022-02-13 20:45:00,2022,177,176,Metz,Marseille,1.0,2.0,post
609286,2022-02-18 21:00:00,2022,166,177,Lille,Metz,0.0,0.0,post
609285,2022-02-19 17:00:00,2022,175,167,Lens,Lyon,1.0,1.0,post
609288,2022-02-19 21:00:00,2022,165,160,Nantes,Paris Saint-Germain,3.0,1.0,post
609282,2022-02-20 13:00:00,2022,2502,7868,Nice,Angers,1.0,0.0,post
609287,2022-02-20 15:00:00,2022,273,274,Lorient,Montpellier,0.0,1.0,post
609289,2022-02-20 15:00:00,2022,178,180,Saint-Etienne,Strasbourg,2.0,2.0,post
609283,2022-02-20 15:00:00,2022,3243,6997,Reims,Brest,1.0,1.0,post
609290,2022-02-20 15:00:00,2022,169,170,Rennes,Troyes,4.0,1.0,post
609281,2022-02-20 17:05:00,2022,159,174,Bordeaux,Monaco,1.0,1.0,post
609284,2022-02-20 20:45:00,2022,176,3171,Marseille,Clermont,0.0,2.0,post
609279,2022-02-25 21:00:00,2022,274,169,Montpellier,Rennes,2.0,4.0,post
609277,2022-02-26 17:00:00,2022,180,2502,Strasbourg,Nice,0.0,0.0,post
609278,2022-02-26 21:00:00,2022,160,178,Paris Saint-Germain,Saint-Etienne,3.0,1.0,post
609280,2022-02-27 13:00:00,2022,174,3243,Monaco,Reims,1.0,2.0,post
609276,2022-02-27 15:00:00,2022,177,165,Metz,Nantes,0.0,0.0,post
609271,2022-02-27 15:00:00,2022,3171,159,Clermont,Bordeaux,1.0,1.0,post
609274,2022-02-27 15:00:00,2022,6997,273,Brest,Lorient,0.0,1.0,post
609272,2022-02-27 15:00:00,2022,7868,175,Angers,Lens,1.0,2.0,post
609275,2022-02-27 17:05:00,2022,170,176,Troyes,Marseille,1.0,1.0,post
609273,2022-02-27 20:45:00,2022,167,166,Lyon,Lille,0.0,1.0,post
609265,2022-03-04 21:00:00,2022,273,167,Lorient,Lyon,1.0,4.0,post
609263,2022-03-05 17:00:00,2022,175,6997,Lens,Brest,0.0,1.0,post
609268,2022-03-05 21:00:00,2022,2502,160,Nice,Paris Saint-Germain,1.0,0.0,post
609266,2022-03-06 13:00:00,2022,178,177,Saint-Etienne,Metz,1.0,0.0,post
609270,2022-03-06 15:00:00,2022,159,170,Bordeaux,Troyes,0.0,2.0,post
609267,2022-03-06 15:00:00,2022,165,274,Nantes,Montpellier,2.0,0.0,post
609269,2022-03-06 15:00:00,2022,3243,180,Reims,Strasbourg,1.0,1.0,post
609262,2022-03-06 15:00:00,2022,169,7868,Rennes,Angers,2.0,0.0,post
609264,2022-03-06 17:05:00,2022,166,3171,Lille,Clermont,4.0,0.0,post
609261,2022-03-06 20:45:00,2022,176,174,Marseille,Monaco,0.0,1.0,post
609258,2022-03-11 21:00:00,2022,166,178,Lille,Saint-Etienne,0.0,0.0,post
609257,2022-03-12 17:00:00,2022,274,2502,Montpellier,Nice,0.0,0.0,post
609256,2022-03-12 21:00:00,2022,170,165,Troyes,Nantes,1.0,0.0,post
609252,2022-03-13 13:00:00,2022,160,159,Paris Saint-Germain,Bordeaux,3.0,0.0,post
609260,2022-03-13 15:00:00,2022,7868,3243,Angers,Reims,0.0,1.0,post
609254,2022-03-13 15:00:00,2022,3171,273,Clermont,Lorient,0.0,2.0,post
609253,2022-03-13 15:00:00,2022,177,175,Metz,Lens,0.0,0.0,post
609251,2022-03-13 15:00:00,2022,180,174,Strasbourg,Monaco,1.0,0.0,post
609259,2022-03-13 17:05:00,2022,167,169,Lyon,Rennes,2.0,4.0,post
609255,2022-03-13 20:45:00,2022,6997,176,Brest,Marseille,1.0,4.0,post
609250,2022-03-18 21:00:00,2022,178,170,Saint-Etienne,Troyes,1.0,1.0,post
609242,2022-03-19 17:00:00,2022,175,3171,Lens,Clermont,3.0,1.0,post
609243,2022-03-19 21:00:00,2022,165,166,Nantes,Lille,0.0,1.0,post
609248,2022-03-20 13:00:00,2022,174,160,Monaco,Paris Saint-Germain,3.0,0.0,post
609249,2022-03-20 15:00:00,2022,273,180,Lorient,Strasbourg,0.0,0.0,post
609245,2022-03-20 15:00:00,2022,169,177,Rennes,Metz,6.0,1.0,post
609241,2022-03-20 15:00:00,2022,7868,6997,Angers,Brest,1.0,0.0,post
609246,2022-03-20 15:00:00,2022,159,274,Bordeaux,Montpellier,0.0,2.0,post
609244,2022-03-20 17:05:00,2022,3243,167,Reims,Lyon,0.0,0.0,post
609247,2022-03-20 20:45:00,2022,176,2502,Marseille,Nice,2.0,1.0,post
609239,2022-04-02 17:00:00,2022,2502,169,Nice,Rennes,1.0,1.0,post
609233,2022-04-02 19:00:00,2022,166,159,Lille,Bordeaux,0.0,0.0,post
609235,2022-04-03 13:00:00,2022,180,175,Strasbourg,Lens,1.0,0.0,post
609238,2022-04-03 15:00:00,2022,3171,165,Clermont,Nantes,2.0,3.0,post
609231,2022-04-03 15:00:00,2022,177,174,Metz,Monaco,1.0,2.0,post
609234,2022-04-03 15:00:00,2022,274,6997,Montpellier,Brest,1.0,2.0,post
609237,2022-04-03 15:00:00,2022,178,176,Saint-Etienne,Marseille,2.0,4.0,post
609240,2022-04-03 15:00:00,2022,170,3243,Troyes,Reims,1.0,0.0,post
609232,2022-04-03 17:05:00,2022,167,7868,Lyon,Angers,3.0,2.0,post
609236,2022-04-03 20:45:00,2022,160,273,Paris Saint-Germain,Lorient,5.0,1.0,post
609228,2022-04-08 21:00:00,2022,273,178,Lorient,Saint-Etienne,6.0,2.0,post
609229,2022-04-09 17:00:00,2022,3243,169,Reims,Rennes,2.0,3.0,post
609227,2022-04-09 21:00:00,2022,3171,160,Clermont,Paris Saint-Germain,1.0,6.0,post
609223,2022-04-10 13:00:00,2022,159,177,Bordeaux,Metz,3.0,1.0,post
609230,2022-04-10 15:00:00,2022,174,170,Monaco,Troyes,2.0,1.0,post
609225,2022-04-10 15:00:00,2022,6997,165,Brest,Nantes,1.0,1.0,post
609221,2022-04-10 15:00:00,2022,7868,166,Angers,Lille,1.0,1.0,post
609226,2022-04-10 17:05:00,2022,175,2502,Lens,Nice,3.0,0.0,post
609222,2022-04-10 19:00:00,2022,180,167,Strasbourg,Lyon,1.0,1.0,post
609224,2022-04-10 21:00:00,2022,176,274,Marseille,Montpellier,2.0,0.0,post
609211,2022-04-15 21:00:00,2022,169,174,Rennes,Monaco,2.0,3.0,post
609214,2022-04-16 17:00:00,2022,178,6997,Saint-Etienne,Brest,2.0,1.0,post
609216,2022-04-16 21:00:00,2022,166,175,Lille,Lens,1.0,2.0,post
609217,2022-04-17 13:00:00,2022,2502,273,Nice,Lorient,2.0,1.0,post
609215,2022-04-17 15:00:00,2022,177,3171,Metz,Clermont,1.0,1.0,post
609219,2022-04-17 15:00:00,2022,274,3243,Montpellier,Reims,0.0,0.0,post
609212,2022-04-17 15:00:00,2022,165,7868,Nantes,Angers,1.0,1.0,post
609220,2022-04-17 15:00:00,2022,170,180,Troyes,Strasbourg,1.0,1.0,post
609213,2022-04-17 17:05:00,2022,167,159,Lyon,Bordeaux,6.0,1.0,post
609218,2022-04-17 20:45:00,2022,160,176,Paris Saint-Germain,Marseille,2.0,1.0,post
609201,2022-04-20 19:00:00,2022,170,3171,Troyes,Clermont,0.0,1.0,post
609202,2022-04-20 19:00:00,2022,3243,166,Reims,Lille,2.0,1.0,post
609209,2022-04-20 19:00:00,2022,159,178,Bordeaux,Saint-Etienne,2.0,2.0,post
609207,2022-04-20 19:00:00,2022,174,2502,Monaco,Nice,1.0,0.0,post
609204,2022-04-20 19:00:00,2022,273,177,Lorient,Metz,1.0,0.0,post
609208,2022-04-20 21:00:00,2022,7868,160,Angers,Paris Saint-Germain,0.0,3.0,post
609203,2022-04-20 21:00:00,2022,6997,167,Brest,Lyon,2.0,1.0,post
609205,2022-04-20 21:00:00,2022,175,274,Lens,Montpellier,2.0,0.0,post
609206,2022-04-20 21:00:00,2022,176,165,Marseille,Nantes,3.0,2.0,post
609210,2022-04-20 21:00:00,2022,180,169,Strasbourg,Rennes,2.0,1.0,post
609198,2022-04-23 17:00:00,2022,167,274,Lyon,Montpellier,5.0,2.0,post
609191,2022-04-23 19:00:00,2022,178,174,Saint-Etienne,Monaco,1.0,4.0,post
609195,2022-04-23 21:00:00,2022,160,175,Paris Saint-Germain,Lens,1.0,1.0,post
609196,2022-04-24 13:00:00,2022,169,273,Rennes,Lorient,5.0,0.0,post
609200,2022-04-24 15:00:00,2022,2502,170,Nice,Troyes,1.0,0.0,post
609193,2022-04-24 15:00:00,2022,165,159,Nantes,Bordeaux,5.0,3.0,post
609192,2022-04-24 15:00:00,2022,3171,7868,Clermont,Angers,2.0,2.0,post
609194,2022-04-24 15:00:00,2022,177,6997,Metz,Brest,0.0,1.0,post
609199,2022-04-24 17:05:00,2022,166,180,Lille,Strasbourg,1.0,0.0,post
609197,2022-04-24 20:45:00,2022,3243,176,Reims,Marseille,0.0,1.0,post
609188,2022-04-29 21:00:00,2022,180,160,Strasbourg,Paris Saint-Germain,3.0,3.0,post
609186,2022-04-30 17:00:00,2022,175,165,Lens,Nantes,2.0,2.0,post
609189,2022-04-30 21:00:00,2022,169,178,Rennes,Saint-Etienne,2.0,0.0,post
609183,2022-05-01 13:00:00,2022,170,166,Troyes,Lille,3.0,0.0,post
609181,2022-05-01 15:00:00,2022,174,7868,Monaco,Angers,2.0,0.0,post
609182,2022-05-01 15:00:00,2022,6997,3171,Brest,Clermont,2.0,0.0,post
609190,2022-05-01 15:00:00,2022,273,3243,Lorient,Reims,1.0,2.0,post
609185,2022-05-01 15:00:00,2022,274,177,Montpellier,Metz,2.0,2.0,post
609187,2022-05-01 17:05:00,2022,159,2502,Bordeaux,Nice,0.0,1.0,post
609184,2022-05-01 20:45:00,2022,176,167,Marseille,Lyon,0.0,3.0,post
609171,2022-05-06 21:00:00,2022,166,174,Lille,Monaco,1.0,2.0,post
609179,2022-05-07 17:00:00,2022,6997,180,Brest,Strasbourg,0.0,1.0,post
609174,2022-05-08 13:00:00,2022,177,167,Metz,Lyon,3.0,2.0,post
609172,2022-05-08 15:00:00,2022,7868,159,Angers,Bordeaux,4.0,1.0,post
609176,2022-05-08 15:00:00,2022,3171,274,Clermont,Montpellier,2.0,1.0,post
609173,2022-05-08 15:00:00,2022,3243,175,Reims,Lens,1.0,2.0,post
609175,2022-05-08 17:05:00,2022,273,176,Lorient,Marseille,0.0,3.0,post
609180,2022-05-08 20:45:00,2022,160,170,Paris Saint-Germain,Troyes,2.0,2.0,post
609177,2022-05-11 19:00:00,2022,2502,178,Nice,Saint-Etienne,4.0,2.0,post
609178,2022-05-11 21:00:00,2022,165,169,Nantes,Rennes,2.0,1.0,post
609164,2022-05-14 21:00:00,2022,170,175,Troyes,Lens,1.0,3.0,post
609163,2022-05-14 21:00:00,2022,180,3171,Strasbourg,Clermont,1.0,0.0,post
609170,2022-05-14 21:00:00,2022,178,3243,Saint-Etienne,Reims,1.0,2.0,post
609165,2022-05-14 21:00:00,2022,2502,166,Nice,Lille,1.0,3.0,post
609167,2022-05-14 21:00:00,2022,169,176,Rennes,Marseille,2.0,0.0,post
609161,2022-05-14 21:00:00,2022,177,7868,Metz,Angers,1.0,0.0,post
609168,2022-05-14 21:00:00,2022,167,165,Lyon,Nantes,3.0,2.0,post
609166,2022-05-14 21:00:00,2022,159,273,Bordeaux,Lorient,0.0,0.0,post
609162,2022-05-14 21:00:00,2022,174,6997,Monaco,Brest,4.0,2.0,post
609169,2022-05-14 21:00:00,2022,274,160,Montpellier,Paris Saint-Germain,0.0,4.0,post
609156,2022-05-21 21:00:00,2022,3243,2502,Reims,Nice,2.0,3.0,post
609154,2022-05-21 21:00:00,2022,160,177,Paris Saint-Germain,Metz,5.0,0.0,post
609157,2022-05-21 21:00:00,2022,165,178,Nantes,Saint-Etienne,1.0,1.0,post
609159,2022-05-21 21:00:00,2022,176,180,Marseille,Strasbourg,4.0,0.0,post
609160,2022-05-21 21:00:00,2022,273,170,Lorient,Troyes,1.0,1.0,post
609151,2022-05-21 21:00:00,2022,175,174,Lens,Monaco,2.0,2.0,post
609153,2022-05-21 21:00:00,2022,3171,167,Clermont,Lyon,1.0,2.0,post
609152,2022-05-21 21:00:00,2022,6997,159,Brest,Bordeaux,2.0,4.0,post
609155,2022-05-21 21:00:00,2022,7868,274,Angers,Montpellier,2.0,0.0,post
609158,2022-05-21 21:00:00,2022,166,169,Lille,Rennes,2.0,2.0,post
639617,2022-08-05 21:00:00,2022,167,2503,Lyon,AC Ajaccio,2.0,1.0,post
639613,2022-08-06 17:00:00,2022,180,174,Strasbourg,Monaco,1.0,2.0,post
639619,2022-08-06 21:00:00,2022,3171,160,Clermont,Paris Saint-Germain,0.0,5.0,post
639612,2022-08-07 13:00:00,2022,179,2502,Toulouse,Nice,1.0,1.0,post
639618,2022-08-07 15:00:00,2022,7868,165,Angers,Nantes,0.0,0.0,post
639611,2022-08-07 15:00:00,2022,175,6997,Lens,Brest,3.0,2.0,post
639610,2022-08-07 15:00:00,2022,166,172,Lille,Auxerre,4.0,1.0,post
639615,2022-08-07 15:00:00,2022,274,170,Montpellier,Troyes,3.0,2.0,post
639614,2022-08-07 17:05:00,2022,169,273,Rennes,Lorient,0.0,1.0,post
639616,2022-08-07 20:45:00,2022,176,3243,Marseille,Reims,4.0,1.0,post
639629,2022-08-12 21:00:00,2022,165,166,Nantes,Lille,1.0,1.0,post
639625,2022-08-13 17:00:00,2022,174,169,Monaco,Rennes,1.0,1.0,post
639622,2022-08-13 21:00:00,2022,160,274,Paris Saint-Germain,Montpellier,5.0,2.0,post
639620,2022-08-14 15:00:00,2022,2503,175,AC Ajaccio,Lens,0.0,0.0,post
639628,2022-08-14 15:00:00,2022,172,7868,Auxerre,Angers,2.0,2.0,post
639621,2022-08-14 15:00:00,2022,3243,3171,Reims,Clermont,2.0,4.0,post
639624,2022-08-14 15:00:00,2022,170,179,Troyes,Toulouse,0.0,3.0,post
639623,2022-08-14 17:05:00,2022,2502,180,Nice,Strasbourg,1.0,1.0,post
639627,2022-08-14 20:45:00,2022,6997,176,Brest,Marseille,1.0,1.0,post
639630,2022-08-19 21:00:00,2022,167,170,Lyon,Troyes,4.0,1.0,post
639639,2022-08-20 17:00:00,2022,174,175,Monaco,Lens,1.0,4.0,post
639634,2022-08-20 21:00:00,2022,176,165,Marseille,Nantes,2.0,1.0,post
639636,2022-08-21 13:00:00,2022,180,3243,Strasbourg,Reims,1.0,1.0,post
639633,2022-08-21 15:00:00,2022,7868,6997,Angers,Brest,1.0,3.0,post
639632,2022-08-21 15:00:00,2022,3171,2502,Clermont,Nice,1.0,0.0,post
639638,2022-08-21 15:00:00,2022,274,172,Montpellier,Auxerre,1.0,2.0,post
639635,2022-08-21 15:00:00,2022,179,273,Toulouse,Lorient,2.0,2.0,post
639637,2022-08-21 17:05:00,2022,169,2503,Rennes,AC Ajaccio,2.0,1.0,post
639631,2022-08-21 20:45:00,2022,166,160,Lille,Paris Saint-Germain,1.0,7.0,post
639640,2022-08-26 21:00:00,2022,2503,166,AC Ajaccio,Lille,1.0,3.0,post
639641,2022-08-27 17:00:00,2022,172,180,Auxerre,Strasbourg,1.0,0.0,post
639648,2022-08-27 21:00:00,2022,175,169,Lens,Rennes,2.0,1.0,post
639646,2022-08-28 13:00:00,2022,165,179,Nantes,Toulouse,3.0,1.0,post
639645,2022-08-28 15:00:00,2022,2502,176,Nice,Marseille,0.0,3.0,post
639642,2022-08-28 15:00:00,2022,170,7868,Troyes,Angers,3.0,1.0,post
639649,2022-08-28 15:00:00,2022,6997,274,Brest,Montpellier,0.0,7.0,post
639647,2022-08-28 15:00:00,2022,273,3171,Lorient,Clermont,2.0,1.0,post
639643,2022-08-28 17:05:00,2022,3243,167,Reims,Lyon,1.0,1.0,post
639644,2022-08-28 20:45:00,2022,160,174,Paris Saint-Germain,Monaco,1.0,1.0,post
639650,2022-08-31 19:00:00,2022,7868,3243,Angers,Reims,2.0,4.0,post
639652,2022-08-31 19:00:00,2022,174,170,Monaco,Troyes,2.0,4.0,post
639656,2022-08-31 19:00:00,2022,167,172,Lyon,Auxerre,2.0,1.0,post
639653,2022-08-31 19:00:00,2022,274,2503,Montpellier,AC Ajaccio,2.0,0.0,post
639655,2022-08-31 19:00:00,2022,180,165,Strasbourg,Nantes,1.0,1.0,post
639658,2022-08-31 21:00:00,2022,175,273,Lens,Lorient,5.0,2.0,post
639657,2022-08-31 21:00:00,2022,166,2502,Lille,Nice,1.0,2.0,post
639651,2022-08-31 21:00:00,2022,176,3171,Marseille,Clermont,1.0,0.0,post
639659,2022-08-31 21:00:00,2022,169,6997,Rennes,Brest,3.0,1.0,post
639654,2022-08-31 21:00:00,2022,179,160,Toulouse,Paris Saint-Germain,0.0,3.0,post
639662,2022-09-03 17:00:00,2022,172,176,Auxerre,Marseille,0.0,2.0,post
639669,2022-09-03 19:00:00,2022,167,7868,Lyon,Angers,5.0,0.0,post
639666,2022-09-03 21:00:00,2022,165,160,Nantes,Paris Saint-Germain,0.0,3.0,post
639665,2022-09-04 13:00:00,2022,274,166,Montpellier,Lille,1.0,3.0,post
639663,2022-09-04 15:00:00,2022,2503,273,AC Ajaccio,Lorient,0.0,1.0,post
639661,2022-09-04 15:00:00,2022,6997,180,Brest,Strasbourg,1.0,1.0,post
639660,2022-09-04 15:00:00,2022,3171,179,Clermont,Toulouse,2.0,0.0,post
639668,2022-09-04 15:00:00,2022,3243,175,Reims,Lens,1.0,1.0,post
639664,2022-09-04 17:05:00,2022,170,169,Troyes,Rennes,1.0,1.0,post
639667,2022-09-04 20:45:00,2022,2502,174,Nice,Monaco,0.0,1.0,post
639626,2022-09-07 19:00:00,2022,273,167,Lorient,Lyon,3.0,1.0,post
639671,2022-09-09 21:00:00,2022,175,170,Lens,Troyes,1.0,0.0,post
639678,2022-09-10 17:00:00,2022,160,6997,Paris Saint-Germain,Brest,1.0,0.0,post
639674,2022-09-10 21:00:00,2022,176,166,Marseille,Lille,2.0,1.0,post
639676,2022-09-11 13:00:00,2022,180,3171,Strasbourg,Clermont,0.0,0.0,post
639675,2022-09-11 15:00:00,2022,179,3243,Toulouse,Reims,1.0,0.0,post
639670,2022-09-11 15:00:00,2022,273,165,Lorient,Nantes,3.0,2.0,post
639673,2022-09-11 15:00:00,2022,2503,2502,AC Ajaccio,Nice,0.0,1.0,post
639672,2022-09-11 15:00:00,2022,7868,274,Angers,Montpellier,2.0,1.0,post
639677,2022-09-11 17:05:00,2022,169,172,Rennes,Auxerre,5.0,0.0,post
639679,2022-09-11 20:45:00,2022,174,167,Monaco,Lyon,2.0,1.0,post
639680,2022-09-16 21:00:00,2022,172,273,Auxerre,Lorient,1.0,3.0,post
639686,2022-09-17 17:00:00,2022,274,180,Montpellier,Strasbourg,2.0,1.0,post
639683,2022-09-17 21:00:00,2022,166,179,Lille,Toulouse,2.0,1.0,post
639684,2022-09-18 13:00:00,2022,3243,174,Reims,Monaco,0.0,3.0,post
639681,2022-09-18 15:00:00,2022,6997,2503,Brest,AC Ajaccio,0.0,1.0,post
639682,2022-09-18 15:00:00,2022,3171,170,Clermont,Troyes,1.0,3.0,post
639687,2022-09-18 15:00:00,2022,176,169,Marseille,Rennes,1.0,1.0,post
639689,2022-09-18 15:00:00,2022,2502,7868,Nice,Angers,0.0,1.0,post
639685,2022-09-18 17:05:00,2022,165,175,Nantes,Lens,0.0,0.0,post
639688,2022-09-18 20:45:00,2022,167,160,Lyon,Paris Saint-Germain,0.0,1.0,post
639699,2022-09-30 21:00:00,2022,7868,176,Angers,Marseille,0.0,3.0,post
639694,2022-10-01 17:00:00,2022,180,169,Strasbourg,Rennes,1.0,3.0,post
639695,2022-10-01 21:00:00,2022,160,2502,Paris Saint-Germain,Nice,2.0,1.0,post
639697,2022-10-02 13:00:00,2022,273,166,Lorient,Lille,2.0,1.0,post
639698,2022-10-02 15:00:00,2022,2503,3171,AC Ajaccio,Clermont,1.0,3.0,post
639691,2022-10-02 15:00:00,2022,172,6997,Auxerre,Brest,1.0,1.0,post
639693,2022-10-02 15:00:00,2022,179,274,Toulouse,Montpellier,4.0,2.0,post
639692,2022-10-02 15:00:00,2022,170,3243,Troyes,Reims,2.0,2.0,post
639696,2022-10-02 17:05:00,2022,174,165,Monaco,Nantes,4.0,1.0,post
639690,2022-10-02 20:45:00,2022,175,167,Lens,Lyon,1.0,0.0,post
639705,2022-10-07 21:00:00,2022,167,179,Lyon,Toulouse,1.0,1.0,post
639709,2022-10-08 17:00:00,2022,176,2503,Marseille,AC Ajaccio,1.0,2.0,post
639701,2022-10-08 21:00:00,2022,3243,160,Reims,Paris Saint-Germain,0.0,0.0,post
639703,2022-10-09 13:00:00,2022,274,174,Montpellier,Monaco,0.0,2.0,post
639707,2022-10-09 15:00:00,2022,3171,172,Clermont,Auxerre,2.0,1.0,post
639702,2022-10-09 15:00:00,2022,2502,170,Nice,Troyes,3.0,2.0,post
639700,2022-10-09 15:00:00,2022,7868,180,Angers,Strasbourg,2.0,3.0,post
639708,2022-10-09 15:00:00,2022,6997,273,Brest,Lorient,1.0,2.0,post
639704,2022-10-09 17:05:00,2022,169,165,Rennes,Nantes,3.0,0.0,post
639706,2022-10-09 20:45:00,2022,166,175,Lille,Lens,1.0,0.0,post
639717,2022-10-14 21:00:00,2022,180,166,Strasbourg,Lille,0.0,3.0,post
639711,2022-10-15 17:00:00,2022,273,3243,Lorient,Reims,0.0,0.0,post
639712,2022-10-15 21:00:00,2022,175,274,Lens,Montpellier,1.0,0.0,post
639716,2022-10-16 13:00:00,2022,179,7868,Toulouse,Angers,3.0,2.0,post
639713,2022-10-16 15:00:00,2022,172,2502,Auxerre,Nice,1.0,1.0,post
639714,2022-10-16 15:00:00,2022,165,6997,Nantes,Brest,4.0,1.0,post
639718,2022-10-16 15:00:00,2022,169,167,Rennes,Lyon,3.0,2.0,post
639715,2022-10-16 15:00:00,2022,170,2503,Troyes,AC Ajaccio,1.0,1.0,post
639710,2022-10-16 17:05:00,2022,174,3171,Monaco,Clermont,1.0,1.0,post
639719,2022-10-16 20:45:00,2022,160,176,Paris Saint-Germain,Marseille,1.0,0.0,post
639720,2022-10-21 21:00:00,2022,2503,160,AC Ajaccio,Paris Saint-Germain,0.0,3.0,post
639726,2022-10-22 17:00:00,2022,274,167,Montpellier,Lyon,1.0,2.0,post
639727,2022-10-22 21:00:00,2022,176,175,Marseille,Lens,0.0,1.0,post
639721,2022-10-23 13:00:00,2022,7868,169,Angers,Rennes,1.0,2.0,post
639729,2022-10-23 15:00:00,2022,3171,6997,Clermont,Brest,1.0,3.0,post
639724,2022-10-23 15:00:00,2022,3243,172,Reims,Auxerre,2.0,1.0,post
639723,2022-10-23 15:00:00,2022,179,180,Toulouse,Strasbourg,2.0,2.0,post
639722,2022-10-23 15:00:00,2022,170,273,Troyes,Lorient,2.0,2.0,post
639725,2022-10-23 17:05:00,2022,2502,165,Nice,Nantes,1.0,1.0,post
639728,2022-10-23 20:45:00,2022,166,174,Lille,Monaco,4.0,3.0,post
639737,2022-10-28 21:00:00,2022,175,179,Lens,Toulouse,3.0,0.0,post
639739,2022-10-29 17:00:00,2022,160,170,Paris Saint-Germain,Troyes,4.0,3.0,post
639734,2022-10-29 21:00:00,2022,180,176,Strasbourg,Marseille,2.0,2.0,post
639730,2022-10-30 13:00:00,2022,172,2503,Auxerre,AC Ajaccio,1.0,0.0,post
639732,2022-10-30 15:00:00,2022,174,7868,Monaco,Angers,2.0,0.0,post
639738,2022-10-30 15:00:00,2022,6997,3243,Brest,Reims,0.0,0.0,post
639733,2022-10-30 15:00:00,2022,165,3171,Nantes,Clermont,1.0,1.0,post
639735,2022-10-30 15:00:00,2022,169,274,Rennes,Montpellier,3.0,0.0,post
639736,2022-10-30 17:05:00,2022,273,2502,Lorient,Nice,1.0,2.0,post
639731,2022-10-30 20:45:00,2022,167,166,Lyon,Lille,1.0,0.0,post
639744,2022-11-04 21:00:00,2022,170,172,Troyes,Auxerre,1.0,1.0,post
639740,2022-11-05 17:00:00,2022,2503,180,AC Ajaccio,Strasbourg,4.0,2.0,post
639741,2022-11-05 21:00:00,2022,7868,175,Angers,Lens,1.0,2.0,post
639749,2022-11-06 13:00:00,2022,273,160,Lorient,Paris Saint-Germain,1.0,2.0,post
639747,2022-11-06 15:00:00,2022,3243,165,Reims,Nantes,1.0,0.0,post
639748,2022-11-06 15:00:00,2022,179,174,Toulouse,Monaco,0.0,2.0,post
639742,2022-11-06 15:00:00,2022,3171,274,Clermont,Montpellier,1.0,1.0,post
639746,2022-11-06 15:00:00,2022,2502,6997,Nice,Brest,1.0,0.0,post
639743,2022-11-06 17:05:00,2022,166,169,Lille,Rennes,1.0,1.0,post
639745,2022-11-06 20:45:00,2022,176,167,Marseille,Lyon,1.0,0.0,post
639752,2022-11-11 21:00:00,2022,167,2502,Lyon,Nice,1.0,1.0,post
639750,2022-11-12 17:00:00,2022,175,3171,Lens,Clermont,2.0,1.0,post
639757,2022-11-12 21:00:00,2022,169,179,Rennes,Toulouse,2.0,1.0,post
639756,2022-11-13 13:00:00,2022,160,172,Paris Saint-Germain,Auxerre,5.0,0.0,post
639755,2022-11-13 15:00:00,2022,165,2503,Nantes,AC Ajaccio,2.0,2.0,post
639754,2022-11-13 15:00:00,2022,274,3243,Montpellier,Reims,1.0,1.0,post
639759,2022-11-13 15:00:00,2022,6997,170,Brest,Troyes,2.0,1.0,post
639751,2022-11-13 15:00:00,2022,166,7868,Lille,Angers,1.0,0.0,post
639758,2022-11-13 17:05:00,2022,180,273,Strasbourg,Lorient,1.0,1.0,post
639753,2022-11-13 20:45:00,2022,174,176,Monaco,Marseille,2.0,3.0,post
639760,2022-12-28 15:00:00,2022,2503,7868,AC Ajaccio,Angers,1.0,0.0,post
639764,2022-12-28 15:00:00,2022,170,165,Troyes,Nantes,0.0,0.0,post
639761,2022-12-28 17:00:00,2022,172,174,Auxerre,Monaco,2.0,3.0,post
639763,2022-12-28 19:00:00,2022,3171,166,Clermont,Lille,0.0,2.0,post
639762,2022-12-28 21:00:00,2022,6997,167,Brest,Lyon,2.0,4.0,post
639767,2022-12-28 21:00:00,2022,160,180,Paris Saint-Germain,Strasbourg,2.0,1.0,post
639769,2022-12-29 17:00:00,2022,273,274,Lorient,Montpellier,0.0,2.0,post
639768,2022-12-29 19:00:00,2022,3243,169,Reims,Rennes,3.0,1.0,post
639766,2022-12-29 21:00:00,2022,2502,175,Nice,Lens,0.0,0.0,post
639765,2022-12-29 21:00:00,2022,176,179,Marseille,Toulouse,6.0,1.0,post
639772,2023-01-01 15:00:00,2023,165,172,Nantes,Auxerre,1.0,0.0,post
639774,2023-01-01 15:00:00,2023,179,2503,Toulouse,AC Ajaccio,2.0,0.0,post
639818,2023-01-01 15:00:00,2023,7868,273,Angers,Lorient,1.0,2.0,post
639779,2023-01-01 15:00:00,2023,174,6997,Monaco,Brest,1.0,0.0,post
639776,2023-01-01 17:00:00,2023,167,3171,Lyon,Clermont,0.0,1.0,post
639778,2023-01-01 20:45:00,2023,175,160,Lens,Paris Saint-Germain,3.0,1.0,post
639816,2023-01-02 15:00:00,2023,180,170,Strasbourg,Troyes,2.0,3.0,post
639777,2023-01-02 17:00:00,2023,166,3243,Lille,Reims,1.0,1.0,post
639814,2023-01-02 19:00:00,2023,274,176,Montpellier,Marseille,1.0,2.0,post
639770,2023-01-02 21:00:00,2023,169,2502,Rennes,Nice,2.0,1.0,post
639788,2023-01-11 19:00:00,2023,2503,3243,AC Ajaccio,Reims,0.0,1.0,post
639787,2023-01-11 19:00:00,2023,172,179,Auxerre,Toulouse,0.0,5.0,post
639786,2023-01-11 19:00:00,2023,6997,166,Brest,Lille,0.0,0.0,post
639785,2023-01-11 19:00:00,2023,3171,169,Clermont,Rennes,2.0,1.0,post
639783,2023-01-11 19:00:00,2023,165,167,Nantes,Lyon,0.0,0.0,post
639789,2023-01-11 21:00:00,2023,170,176,Troyes,Marseille,0.0,2.0,post
639780,2023-01-11 21:00:00,2023,180,175,Strasbourg,Lens,2.0,2.0,post
639781,2023-01-11 21:00:00,2023,160,7868,Paris Saint-Germain,Angers,2.0,0.0,post
639782,2023-01-11 21:00:00,2023,2502,274,Nice,Montpellier,6.0,1.0,post
639784,2023-01-11 21:00:00,2023,273,174,Lorient,Monaco,2.0,2.0,post
639791,2023-01-14 17:00:00,2023,175,172,Lens,Auxerre,1.0,0.0,post
639797,2023-01-14 19:00:00,2023,176,273,Marseille,Lorient,3.0,1.0,post
639798,2023-01-14 21:00:00,2023,167,180,Lyon,Strasbourg,1.0,2.0,post
639799,2023-01-15 13:00:00,2023,166,170,Lille,Troyes,5.0,1.0,post
639790,2023-01-15 15:00:00,2023,7868,3171,Angers,Clermont,1.0,2.0,post
639795,2023-01-15 15:00:00,2023,274,165,Montpellier,Nantes,0.0,3.0,post
639794,2023-01-15 15:00:00,2023,3243,2502,Reims,Nice,0.0,0.0,post
639792,2023-01-15 15:00:00,2023,179,6997,Toulouse,Brest,1.0,1.0,post
639796,2023-01-15 17:05:00,2023,174,2503,Monaco,AC Ajaccio,7.0,1.0,post
639793,2023-01-15 20:45:00,2023,169,160,Rennes,Paris Saint-Germain,1.0,0.0,post
639805,2023-01-27 21:00:00,2023,273,169,Lorient,Rennes,2.0,1.0,post
639804,2023-01-28 17:00:00,2023,170,175,Troyes,Lens,1.0,1.0,post
639809,2023-01-28 21:00:00,2023,176,174,Marseille,Monaco,1.0,1.0,post
639803,2023-01-29 13:00:00,2023,2502,166,Nice,Lille,1.0,0.0,post
639808,2023-01-29 15:00:00,2023,172,274,Auxerre,Montpellier,0.0,2.0,post
639807,2023-01-29 15:00:00,2023,6997,7868,Brest,Angers,4.0,0.0,post
639806,2023-01-29 15:00:00,2023,3171,165,Clermont,Nantes,0.0,0.0,post
639801,2023-01-29 15:00:00,2023,180,179,Strasbourg,Toulouse,1.0,2.0,post
639800,2023-01-29 17:05:00,2023,2503,167,AC Ajaccio,Lyon,0.0,2.0,post
639802,2023-01-29 20:45:00,2023,160,3243,Paris Saint-Germain,Reims,1.0,1.0,post
639819,2023-02-01 19:00:00,2023,7868,2503,Angers,AC Ajaccio,1.0,2.0,post
639811,2023-02-01 19:00:00,2023,166,3171,Lille,Clermont,0.0,0.0,post
639773,2023-02-01 19:00:00,2023,165,176,Nantes,Marseille,0.0,2.0,post
639771,2023-02-01 19:00:00,2023,3243,273,Reims,Lorient,4.0,2.0,post
639810,2023-02-01 19:00:00,2023,179,170,Toulouse,Troyes,4.0,1.0,post
639813,2023-02-01 21:00:00,2023,274,160,Montpellier,Paris Saint-Germain,1.0,3.0,post
639775,2023-02-01 21:00:00,2023,167,6997,Lyon,Brest,0.0,0.0,post
639812,2023-02-01 21:00:00,2023,169,180,Rennes,Strasbourg,3.0,0.0,post
639815,2023-02-01 21:00:00,2023,174,172,Monaco,Auxerre,3.0,2.0,post
639817,2023-02-01 21:00:00,2023,175,2502,Lens,Nice,0.0,1.0,post
639826,2023-02-04 17:00:00,2023,160,179,Paris Saint-Germain,Toulouse,2.0,1.0,post
639824,2023-02-04 19:00:00,2023,170,167,Troyes,Lyon,1.0,3.0,post
639827,2023-02-04 21:00:00,2023,169,166,Rennes,Lille,1.0,3.0,post
639822,2023-02-05 13:00:00,2023,3171,174,Clermont,Monaco,0.0,2.0,post
639828,2023-02-05 15:00:00,2023,180,274,Strasbourg,Montpellier,2.0,0.0,post
639821,2023-02-05 15:00:00,2023,273,7868,Lorient,Angers,0.0,0.0,post
639825,2023-02-05 15:00:00,2023,2503,165,AC Ajaccio,Nantes,0.0,2.0,post
639829,2023-02-05 15:00:00,2023,172,3243,Auxerre,Reims,0.0,0.0,post
639823,2023-02-05 17:05:00,2023,6997,175,Brest,Lens,1.0,1.0,post
639820,2023-02-05 20:45:00,2023,176,2502,Marseille,Nice,1.0,3.0,post
639832,2023-02-10 21:00:00,2023,2502,2503,Nice,AC Ajaccio,3.0,0.0,post
639835,2023-02-11 17:00:00,2023,174,160,Monaco,Paris Saint-Germain,3.0,1.0,post
639838,2023-02-11 21:00:00,2023,3171,176,Clermont,Marseille,0.0,2.0,post
639830,2023-02-12 13:00:00,2023,179,169,Toulouse,Rennes,3.0,1.0,post
639831,2023-02-12 15:00:00,2023,3243,170,Reims,Troyes,4.0,0.0,post
639836,2023-02-12 15:00:00,2023,274,6997,Montpellier,Brest,3.0,0.0,post
639839,2023-02-12 15:00:00,2023,7868,172,Angers,Auxerre,1.0,1.0,post
639837,2023-02-12 15:00:00,2023,166,180,Lille,Strasbourg,2.0,0.0,post
639833,2023-02-12 17:05:00,2023,165,273,Nantes,Lorient,1.0,0.0,post
639834,2023-02-12 20:45:00,2023,167,175,Lyon,Lens,2.0,1.0,post
639845,2023-02-17 21:00:00,2023,172,167,Auxerre,Lyon,2.0,1.0,post
639841,2023-02-18 17:00:00,2023,2502,3243,Nice,Reims,0.0,0.0,post
639847,2023-02-18 21:00:00,2023,180,7868,Strasbourg,Angers,2.0,1.0,post
639840,2023-02-19 13:00:00,2023,160,166,Paris Saint-Germain,Lille,4.0,3.0,post
639849,2023-02-19 15:00:00,2023,6997,174,Brest,Monaco,1.0,2.0,post
639842,2023-02-19 15:00:00,2023,273,2503,Lorient,AC Ajaccio,3.0,0.0,post
639846,2023-02-19 15:00:00,2023,169,3171,Rennes,Clermont,2.0,0.0,post
639844,2023-02-19 15:00:00,2023,170,274,Troyes,Montpellier,0.0,1.0,post
639843,2023-02-19 17:05:00,2023,175,165,Lens,Nantes,3.0,1.0,post
639848,2023-02-19 20:45:00,2023,179,176,Toulouse,Marseille,2.0,3.0,post
639853,2023-02-24 21:00:00,2023,166,6997,Lille,Brest,2.0,1.0,post
639851,2023-02-25 17:00:00,2023,7868,167,Angers,Lyon,1.0,3.0,post
639857,2023-02-25 21:00:00,2023,274,175,Montpellier,Lens,1.0,1.0,post
639854,2023-02-26 13:00:00,2023,273,172,Lorient,Auxerre,0.0,1.0,post
639850,2023-02-26 15:00:00,2023,2503,170,AC Ajaccio,Troyes,2.0,1.0,post
639852,2023-02-26 15:00:00,2023,3171,180,Clermont,Strasbourg,1.0,1.0,post
639858,2023-02-26 15:00:00,2023,165,169,Nantes,Rennes,0.0,1.0,post
639859,2023-02-26 15:00:00,2023,3243,179,Reims,Toulouse,3.0,0.0,post
639856,2023-02-26 17:05:00,2023,174,2502,Monaco,Nice,0.0,3.0,post
639855,2023-02-26 20:45:00,2023,176,160,Marseille,Paris Saint-Germain,0.0,3.0,post
639860,2023-03-03 21:00:00,2023,2502,172,Nice,Auxerre,1.0,1.0,post
639863,2023-03-04 17:00:00,2023,175,166,Lens,Lille,1.0,1.0,post
639869,2023-03-04 21:00:00,2023,160,165,Paris Saint-Germain,Nantes,4.0,2.0,post
639864,2023-03-05 13:00:00,2023,170,174,Troyes,Monaco,2.0,2.0,post
639868,2023-03-05 15:00:00,2023,179,3171,Toulouse,Clermont,0.0,1.0,post
639867,2023-03-05 15:00:00,2023,180,6997,Strasbourg,Brest,0.0,1.0,post
639865,2023-03-05 15:00:00,2023,3243,2503,Reims,AC Ajaccio,1.0,0.0,post
639861,2023-03-05 15:00:00,2023,274,7868,Montpellier,Angers,5.0,0.0,post
639862,2023-03-05 17:05:00,2023,167,273,Lyon,Lorient,0.0,0.0,post
639866,2023-03-05 20:45:00,2023,169,176,Rennes,Marseille,0.0,1.0,post
639879,2023-03-10 21:00:00,2023,166,167,Lille,Lyon,3.0,3.0,post
639871,2023-03-11 17:00:00,2023,172,169,Auxerre,Rennes,0.0,0.0,post
639870,2023-03-11 21:00:00,2023,6997,160,Brest,Paris Saint-Germain,1.0,2.0,post
639874,2023-03-12 13:00:00,2023,3171,175,Clermont,Lens,0.0,4.0,post
639873,2023-03-12 15:00:00,2023,2503,274,AC Ajaccio,Montpellier,0.0,1.0,post
639872,2023-03-12 15:00:00,2023,7868,179,Angers,Toulouse,0.0,2.0,post
639878,2023-03-12 15:00:00,2023,273,170,Lorient,Troyes,2.0,0.0,post
639875,2023-03-12 15:00:00,2023,165,2502,Nantes,Nice,2.0,2.0,post
639876,2023-03-12 17:05:00,2023,174,3243,Monaco,Reims,0.0,1.0,post
639877,2023-03-12 20:45:00,2023,176,180,Marseille,Strasbourg,2.0,2.0,post
639882,2023-03-17 21:00:00,2023,167,165,Lyon,Nantes,1.0,1.0,post
639889,2023-03-18 17:00:00,2023,179,166,Toulouse,Lille,0.0,2.0,post
639881,2023-03-18 21:00:00,2023,175,7868,Lens,Angers,3.0,0.0,post
639880,2023-03-19 13:00:00,2023,2503,174,AC Ajaccio,Monaco,0.0,2.0,post
639883,2023-03-19 15:00:00,2023,274,3171,Montpellier,Clermont,2.0,1.0,post
639888,2023-03-19 15:00:00,2023,2502,273,Nice,Lorient,1.0,1.0,post
639885,2023-03-19 15:00:00,2023,180,172,Strasbourg,Auxerre,2.0,0.0,post
639884,2023-03-19 15:00:00,2023,170,6997,Troyes,Brest,2.0,2.0,post
639887,2023-03-19 17:05:00,2023,160,169,Paris Saint-Germain,Rennes,0.0,2.0,post
639886,2023-03-19 20:45:00,2023,3243,176,Reims,Marseille,1.0,2.0,post
639894,2023-03-31 21:00:00,2023,176,274,Marseille,Montpellier,1.0,1.0,post
639898,2023-04-01 17:00:00,2023,172,170,Auxerre,Troyes,1.0,0.0,post
639892,2023-04-01 21:00:00,2023,169,175,Rennes,Lens,0.0,1.0,post
639895,2023-04-02 13:00:00,2023,166,273,Lille,Lorient,3.0,1.0,post
639897,2023-04-02 15:00:00,2023,6997,179,Brest,Toulouse,3.0,1.0,post
639896,2023-04-02 15:00:00,2023,3171,2503,Clermont,AC Ajaccio,2.0,1.0,post
639899,2023-04-02 15:00:00,2023,7868,2502,Angers,Nice,1.0,1.0,post
639891,2023-04-02 15:00:00,2023,165,3243,Nantes,Reims,0.0,3.0,post
639893,2023-04-02 17:05:00,2023,174,180,Monaco,Strasbourg,4.0,3.0,post
639890,2023-04-02 20:45:00,2023,160,167,Paris Saint-Germain,Lyon,0.0,1.0,post
639904,2023-04-07 21:00:00,2023,175,180,Lens,Strasbourg,2.0,1.0,post
639903,2023-04-08 17:00:00,2023,7868,166,Angers,Lille,1.0,0.0,post
639909,2023-04-08 21:00:00,2023,2502,160,Nice,Paris Saint-Germain,0.0,2.0,post
639906,2023-04-09 13:00:00,2023,167,169,Lyon,Rennes,3.0,1.0,post
639901,2023-04-09 15:00:00,2023,2503,172,AC Ajaccio,Auxerre,0.0,3.0,post
639907,2023-04-09 15:00:00,2023,274,179,Montpellier,Toulouse,1.0,2.0,post
639900,2023-04-09 15:00:00,2023,3243,6997,Reims,Brest,1.0,1.0,post
639902,2023-04-09 15:00:00,2023,170,3171,Troyes,Clermont,0.0,2.0,post
639908,2023-04-09 17:05:00,2023,165,174,Nantes,Monaco,2.0,2.0,post
639905,2023-04-09 20:45:00,2023,273,176,Lorient,Marseille,0.0,0.0,post
639912,2023-04-14 21:00:00,2023,179,167,Toulouse,Lyon,1.0,2.0,post
639919,2023-04-15 17:00:00,2023,169,3243,Rennes,Reims,3.0,0.0,post
639918,2023-04-15 21:00:00,2023,160,175,Paris Saint-Germain,Lens,3.0,1.0,post
639915,2023-04-16 13:00:00,2023,166,274,Lille,Montpellier,2.0,1.0,post
639911,2023-04-16 15:00:00,2023,172,165,Auxerre,Nantes,2.0,1.0,post
639913,2023-04-16 15:00:00,2023,6997,2502,Brest,Nice,1.0,0.0,post
639914,2023-04-16 15:00:00,2023,3171,7868,Clermont,Angers,2.0,1.0,post
639910,2023-04-16 15:00:00,2023,180,2503,Strasbourg,AC Ajaccio,3.0,1.0,post
639917,2023-04-16 17:05:00,2023,174,273,Monaco,Lorient,3.0,1.0,post
639916,2023-04-16 20:45:00,2023,176,170,Marseille,Troyes,3.0,1.0,post
639923,2023-04-21 21:00:00,2023,7868,160,Angers,Paris Saint-Germain,1.0,2.0,post
639924,2023-04-22 17:00:00,2023,172,166,Auxerre,Lille,1.0,1.0,post
639925,2023-04-22 21:00:00,2023,175,174,Lens,Monaco,3.0,0.0,post
639922,2023-04-23 13:00:00,2023,3243,180,Reims,Strasbourg,0.0,2.0,post
639921,2023-04-23 15:00:00,2023,2503,6997,AC Ajaccio,Brest,0.0,0.0,post
639926,2023-04-23 15:00:00,2023,273,179,Lorient,Toulouse,0.0,1.0,post
639929,2023-04-23 15:00:00,2023,165,170,Nantes,Troyes,2.0,2.0,post
639920,2023-04-23 15:00:00,2023,2502,3171,Nice,Clermont,1.0,2.0,post
639928,2023-04-23 17:05:00,2023,274,169,Montpellier,Rennes,1.0,0.0,post
639927,2023-04-23 20:45:00,2023,167,176,Lyon,Marseille,1.0,2.0,post
639932,2023-04-28 21:00:00,2023,180,167,Strasbourg,Lyon,1.0,2.0,post
639937,2023-04-29 17:00:00,2023,166,2503,Lille,AC Ajaccio,3.0,0.0,post
639935,2023-04-30 13:00:00,2023,174,274,Monaco,Montpellier,0.0,4.0,post
639938,2023-04-30 15:00:00,2023,3171,3243,Clermont,Reims,1.0,0.0,post
639933,2023-04-30 15:00:00,2023,169,7868,Rennes,Angers,4.0,2.0,post
639931,2023-04-30 15:00:00,2023,170,2502,Troyes,Nice,0.0,1.0,post
639939,2023-04-30 17:05:00,2023,160,273,Paris Saint-Germain,Lorient,1.0,3.0,post
639936,2023-04-30 20:45:00,2023,176,172,Marseille,Auxerre,2.0,1.0,post
639930,2023-05-02 21:00:00,2023,179,175,Toulouse,Lens,0.0,1.0,post
639934,2023-05-03 21:00:00,2023,6997,165,Brest,Nantes,2.0,0.0,post
639942,2023-05-06 17:00:00,2023,2502,169,Nice,Rennes,2.0,1.0,post
639948,2023-05-06 19:00:00,2023,3243,166,Reims,Lille,1.0,0.0,post
639946,2023-05-06 21:00:00,2023,175,176,Lens,Marseille,2.0,1.0,post
639941,2023-05-07 13:00:00,2023,7868,174,Angers,Monaco,1.0,2.0,post
639943,2023-05-07 15:00:00,2023,165,180,Nantes,Strasbourg,0.0,2.0,post
639945,2023-05-07 15:00:00,2023,273,6997,Lorient,Brest,2.0,1.0,post
639947,2023-05-07 15:00:00,2023,172,3171,Auxerre,Clermont,1.0,1.0,post
639949,2023-05-07 15:00:00,2023,2503,179,AC Ajaccio,Toulouse,0.0,0.0,post
639944,2023-05-07 17:05:00,2023,167,274,Lyon,Montpellier,5.0,4.0,post
639940,2023-05-07 20:45:00,2023,170,160,Troyes,Paris Saint-Germain,1.0,3.0,post
639955,2023-05-12 21:00:00,2023,175,3243,Lens,Reims,2.0,1.0,post
639958,2023-05-13 17:00:00,2023,180,2502,Strasbourg,Nice,2.0,0.0,post
639951,2023-05-13 21:00:00,2023,160,2503,Paris Saint-Germain,AC Ajaccio,5.0,0.0,post
639956,2023-05-14 13:00:00,2023,3171,167,Clermont,Lyon,2.0,1.0,post
639957,2023-05-14 15:00:00,2023,6997,172,Brest,Auxerre,1.0,0.0,post
639952,2023-05-14 15:00:00,2023,274,273,Montpellier,Lorient,1.0,1.0,post
639950,2023-05-14 15:00:00,2023,169,170,Rennes,Troyes,4.0,0.0,post
639954,2023-05-14 16:30:00,2023,179,165,Toulouse,Nantes,0.0,0.0,post
639953,2023-05-14 17:05:00,2023,174,166,Monaco,Lille,0.0,0.0,post
639959,2023-05-14 20:45:00,2023,176,7868,Marseille,Angers,3.0,1.0,post
639964,2023-05-19 21:00:00,2023,167,174,Lyon,Monaco,3.0,1.0,post
639963,2023-05-20 17:00:00,2023,165,274,Nantes,Montpellier,0.0,3.0,post
639968,2023-05-20 21:00:00,2023,166,176,Lille,Marseille,2.0,1.0,post
639969,2023-05-21 13:00:00,2023,2503,169,AC Ajaccio,Rennes,0.0,5.0,post
639967,2023-05-21 15:00:00,2023,6997,3171,Brest,Clermont,2.0,1.0,post
639962,2023-05-21 15:00:00,2023,2502,179,Nice,Toulouse,0.0,0.0,post
639961,2023-05-21 15:00:00,2023,3243,7868,Reims,Angers,2.0,2.0,post
639960,2023-05-21 15:00:00,2023,170,180,Troyes,Strasbourg,1.0,1.0,post
639965,2023-05-21 17:05:00,2023,273,175,Lorient,Lens,1.0,3.0,post
639966,2023-05-21 20:45:00,2023,172,160,Auxerre,Paris Saint-Germain,1.0,2.0,post
639974,2023-05-27 21:00:00,2023,179,172,Toulouse,Auxerre,1.0,1.0,post
639978,2023-05-27 21:00:00,2023,180,160,Strasbourg,Paris Saint-Germain,1.0,1.0,post
639971,2023-05-27 21:00:00,2023,274,2502,Montpellier,Nice,2.0,3.0,post
639972,2023-05-27 21:00:00,2023,176,6997,Marseille,Brest,1.0,2.0,post
639970,2023-05-27 21:00:00,2023,169,174,Rennes,Monaco,2.0,0.0,post
639979,2023-05-27 21:00:00,2023,166,165,Lille,Nantes,2.0,1.0,post
639975,2023-05-27 21:00:00,2023,175,2503,Lens,AC Ajaccio,3.0,0.0,post
639976,2023-05-27 21:00:00,2023,3171,273,Clermont,Lorient,2.0,0.0,post
639977,2023-05-27 21:00:00,2023,7868,170,Angers,Troyes,2.0,1.0,post
639973,2023-05-27 21:00:00,2023,167,3243,Lyon,Reims,3.0,0.0,post
639984,2023-06-03 21:00:00,2023,170,166,Troyes,Lille,1.0,1.0,post
639988,2023-06-03 21:00:00,2023,3243,274,Reims,Montpellier,1.0,3.0,post
639987,2023-06-03 21:00:00,2023,160,3171,Paris Saint-Germain,Clermont,2.0,3.0,post
639986,2023-06-03 21:00:00,2023,2502,167,Nice,Lyon,3.0,1.0,post
639985,2023-06-03 21:00:00,2023,165,7868,Nantes,Angers,1.0,0.0,post
639982,2023-06-03 21:00:00,2023,6997,169,Brest,Rennes,1.0,2.0,post
639989,2023-06-03 21:00:00,2023,174,179,Monaco,Toulouse,1.0,2.0,post
639981,2023-06-03 21:00:00,2023,172,175,Auxerre,Lens,1.0,3.0,post
639980,2023-06-03 21:00:00,2023,2503,176,AC Ajaccio,Marseille,1.0,0.0,post
639983,2023-06-03 21:00:00,2023,273,180,Lorient,Strasbourg,2.0,1.0,post
677197,2023-08-11 21:00:00,2023,2502,166,Nice,Lille,1.0,1.0,post
677191,2023-08-12 17:00:00,2023,176,3243,Marseille,Reims,2.0,1.0,post
677199,2023-08-12 21:00:00,2023,160,273,Paris Saint-Germain,Lorient,0.0,0.0,post
677185,2023-08-13 13:00:00,2023,6997,175,Brest,Lens,3.0,2.0,post
677188,2023-08-13 15:00:00,2023,3171,174,Clermont,Monaco,2.0,4.0,post
677193,2023-08-13 15:00:00,2023,274,3236,Montpellier,Le Havre,2.0,2.0,post
677195,2023-08-13 15:00:00,2023,165,179,Nantes,Toulouse,1.0,2.0,post
677201,2023-08-13 17:05:00,2023,169,177,Rennes,Metz,5.0,1.0,post
677203,2023-08-13 20:45:00,2023,180,167,Strasbourg,Lyon,2.0,1.0,post
677214,2023-08-18 21:00:00,2023,177,176,Metz,Marseille,2.0,2.0,post
677212,2023-08-19 19:00:00,2023,167,274,Lyon,Montpellier,1.0,4.0,post
677220,2023-08-19 21:00:00,2023,179,160,Toulouse,Paris Saint-Germain,1.0,1.0,post
677208,2023-08-20 13:00:00,2023,166,165,Lille,Nantes,2.0,0.0,post
677205,2023-08-20 15:00:00,2023,3236,6997,Le Havre,Brest,1.0,2.0,post
677210,2023-08-20 15:00:00,2023,273,2502,Lorient,Nice,1.0,1.0,post
677218,2023-08-20 15:00:00,2023,3243,3171,Reims,Clermont,2.0,0.0,post
677216,2023-08-20 19:00:00,2023,174,180,Monaco,Strasbourg,3.0,0.0,post
677206,2023-08-20 20:45:00,2023,175,169,Lens,Rennes,1.0,1.0,post
677236,2023-08-25 21:00:00,2023,165,174,Nantes,Monaco,3.0,3.0,post
677225,2023-08-26 19:00:00,2023,176,6997,Marseille,Brest,2.0,0.0,post
677232,2023-08-26 21:00:00,2023,160,175,Paris Saint-Germain,Lens,3.0,1.0,post
677229,2023-08-27 13:00:00,2023,169,3236,Rennes,Le Havre,2.0,2.0,post
677221,2023-08-27 15:00:00,2023,3171,177,Clermont,Metz,0.0,1.0,post
677227,2023-08-27 15:00:00,2023,274,3243,Montpellier,Reims,1.0,3.0,post
677234,2023-08-27 15:00:00,2023,180,179,Strasbourg,Toulouse,2.0,0.0,post
677223,2023-08-27 17:05:00,2023,273,166,Lorient,Lille,4.0,1.0,post
677231,2023-08-27 20:45:00,2023,2502,167,Nice,Lyon,0.0,0.0,post
677249,2023-09-01 21:00:00,2023,165,176,Nantes,Marseille,1.0,1.0,post
677238,2023-09-02 17:00:00,2023,6997,169,Brest,Rennes,0.0,0.0,post
677247,2023-09-02 21:00:00,2023,174,175,Monaco,Lens,3.0,0.0,post
677253,2023-09-03 13:00:00,2023,179,3171,Toulouse,Clermont,2.0,2.0,post
677240,2023-09-03 15:00:00,2023,3236,273,Le Havre,Lorient,3.0,0.0,post
677242,2023-09-03 15:00:00,2023,166,274,Lille,Montpellier,1.0,0.0,post
677246,2023-09-03 15:00:00,2023,177,3243,Metz,Reims,2.0,2.0,post
677251,2023-09-03 17:05:00,2023,2502,180,Nice,Strasbourg,2.0,0.0,post
677244,2023-09-03 20:45:00,2023,167,160,Lyon,Paris Saint-Germain,1.0,4.0,post
677265,2023-09-15 21:00:00,2023,160,2502,Paris Saint-Germain,Nice,2.0,3.0,post
677268,2023-09-16 17:00:00,2023,169,166,Rennes,Lille,2.0,2.0,post
677257,2023-09-16 21:00:00,2023,175,177,Lens,Metz,0.0,1.0,post
677259,2023-09-17 13:00:00,2023,273,174,Lorient,Monaco,2.0,2.0,post
677255,2023-09-17 15:00:00,2023,3171,165,Clermont,Nantes,0.0,1.0,post
677267,2023-09-17 15:00:00,2023,3243,6997,Reims,Brest,1.0,2.0,post
677270,2023-09-17 15:00:00,2023,180,274,Strasbourg,Montpellier,2.0,2.0,post
677263,2023-09-17 17:05:00,2023,176,179,Marseille,Toulouse,0.0,0.0,post
677261,2023-09-17 20:45:00,2023,167,3236,Lyon,Le Havre,0.0,0.0,post
677281,2023-09-22 21:00:00,2023,174,2502,Monaco,Nice,0.0,1.0,post
677279,2023-09-23 17:00:00,2023,165,273,Nantes,Lorient,5.0,3.0,post
677272,2023-09-23 21:00:00,2023,6997,167,Brest,Lyon,1.0,0.0,post
677287,2023-09-24 13:00:00,2023,177,180,Metz,Strasbourg,0.0,1.0,post
677275,2023-09-24 15:00:00,2023,175,179,Lens,Toulouse,2.0,1.0,post
677274,2023-09-24 15:00:00,2023,3236,3171,Le Havre,Clermont,2.0,1.0,post
677283,2023-09-24 17:05:00,2023,274,169,Montpellier,Rennes,0.0,0.0,post
677285,2023-09-24 20:45:00,2023,160,176,Paris Saint-Germain,Marseille,4.0,0.0,post
677277,2023-09-26 21:00:00,2023,166,3243,Lille,Reims,1.0,2.0,post
677298,2023-09-29 21:00:00,2023,180,175,Strasbourg,Lens,0.0,1.0,post
677302,2023-09-30 17:00:00,2023,3171,160,Clermont,Paris Saint-Germain,0.0,0.0,post
677291,2023-09-30 21:00:00,2023,174,176,Monaco,Marseille,3.0,2.0,post
677295,2023-10-01 13:00:00,2023,3243,167,Reims,Lyon,2.0,0.0,post
677296,2023-10-01 15:00:00,2023,3236,166,Le Havre,Lille,0.0,2.0,post
677293,2023-10-01 15:00:00,2023,2502,6997,Nice,Brest,0.0,0.0,post
677300,2023-10-01 15:00:00,2023,179,177,Toulouse,Metz,3.0,0.0,post
677289,2023-10-01 17:05:00,2023,273,274,Lorient,Montpellier,0.0,3.0,post
677304,2023-10-01 20:45:00,2023,169,165,Rennes,Nantes,3.0,1.0,post
677317,2023-10-06 21:00:00,2023,180,165,Strasbourg,Nantes,1.0,2.0,post
677310,2023-10-07 17:00:00,2023,177,2502,Metz,Nice,0.0,1.0,post
677314,2023-10-07 21:00:00,2023,3243,174,Reims,Monaco,1.0,3.0,post
677308,2023-10-08 13:00:00,2023,176,3236,Marseille,Le Havre,3.0,0.0,post
677319,2023-10-08 15:00:00,2023,6997,179,Brest,Toulouse,1.0,1.0,post
677306,2023-10-08 15:00:00,2023,167,273,Lyon,Lorient,3.0,3.0,post
677311,2023-10-08 17:05:00,2023,175,166,Lens,Lille,1.0,1.0,post
677315,2023-10-08 20:45:00,2023,169,160,Rennes,Paris Saint-Germain,1.0,3.0,post
677323,2023-10-20 21:00:00,2023,3236,175,Le Havre,Lens,0.0,0.0,post
677328,2023-10-21 17:00:00,2023,160,180,Paris Saint-Germain,Strasbourg,3.0,0.0,post
677329,2023-10-21 21:00:00,2023,2502,176,Nice,Marseille,1.0,0.0,post
677337,2023-10-22 13:00:00,2023,273,169,Lorient,Rennes,2.0,1.0,post
677325,2023-10-22 15:00:00,2023,166,6997,Lille,Brest,1.0,0.0,post
677331,2023-10-22 15:00:00,2023,165,274,Nantes,Montpellier,2.0,0.0,post
677327,2023-10-22 15:00:00,2023,179,3243,Toulouse,Reims,1.0,1.0,post
677333,2023-10-22 17:05:00,2023,174,177,Monaco,Metz,2.0,1.0,post
677335,2023-10-22 20:45:00,2023,167,3171,Lyon,Clermont,1.0,2.0,post
677348,2023-10-27 21:00:00,2023,3171,2502,Clermont,Nice,0.0,1.0,post
677341,2023-10-28 17:00:00,2023,3243,273,Reims,Lorient,1.0,0.0,post
677347,2023-10-28 21:00:00,2023,175,165,Lens,Nantes,4.0,0.0,post
677339,2023-10-29 13:00:00,2023,6997,160,Brest,Paris Saint-Germain,2.0,3.0,post
677346,2023-10-29 15:00:00,2023,166,174,Lille,Monaco,2.0,0.0,post
677344,2023-10-29 15:00:00,2023,177,3236,Metz,Le Havre,0.0,0.0,post
677343,2023-10-29 15:00:00,2023,274,179,Montpellier,Toulouse,3.0,0.0,post
677349,2023-10-29 17:05:00,2023,169,180,Rennes,Strasbourg,1.0,1.0,post
677356,2023-11-03 21:00:00,2023,160,274,Paris Saint-Germain,Montpellier,3.0,0.0,post
677353,2023-11-04 17:00:00,2023,273,175,Lorient,Lens,0.0,0.0,post
677351,2023-11-04 21:00:00,2023,176,166,Marseille,Lille,0.0,0.0,post
677352,2023-11-05 13:00:00,2023,167,177,Lyon,Metz,1.0,1.0,post
677354,2023-11-05 15:00:00,2023,165,3243,Nantes,Reims,0.0,1.0,post
677357,2023-11-05 15:00:00,2023,180,3171,Strasbourg,Clermont,0.0,0.0,post
677358,2023-11-05 15:00:00,2023,179,3236,Toulouse,Le Havre,1.0,2.0,post
677350,2023-11-05 17:05:00,2023,174,6997,Monaco,Brest,2.0,0.0,post
677355,2023-11-05 20:45:00,2023,2502,169,Nice,Rennes,2.0,0.0,post
677360,2023-11-10 21:00:00,2023,274,2502,Montpellier,Nice,0.0,0.0,post
677359,2023-11-11 17:00:00,2023,3243,160,Reims,Paris Saint-Germain,0.0,3.0,post
677363,2023-11-11 21:00:00,2023,3236,174,Le Havre,Monaco,0.0,0.0,post
677364,2023-11-12 15:00:00,2023,3171,273,Clermont,Lorient,1.0,0.0,post
677366,2023-11-12 15:00:00,2023,166,179,Lille,Toulouse,1.0,1.0,post
677361,2023-11-12 15:00:00,2023,177,165,Metz,Nantes,3.0,1.0,post
677367,2023-11-12 17:05:00,2023,169,167,Rennes,Lyon,0.0,1.0,post
677362,2023-11-12 20:45:00,2023,175,176,Lens,Marseille,1.0,0.0,post
677373,2023-11-24 21:00:00,2023,160,174,Paris Saint-Germain,Monaco,5.0,2.0,post
677375,2023-11-25 17:00:00,2023,3171,175,Clermont,Lens,0.0,3.0,post
677374,2023-11-25 21:00:00,2023,180,176,Strasbourg,Marseille,1.0,1.0,post
677372,2023-11-26 13:00:00,2023,2502,179,Nice,Toulouse,1.0,0.0,post
677376,2023-11-26 15:00:00,2023,273,177,Lorient,Metz,2.0,3.0,post
677368,2023-11-26 15:00:00,2023,274,6997,Montpellier,Brest,1.0,3.0,post
677371,2023-11-26 15:00:00,2023,165,3236,Nantes,Le Havre,0.0,0.0,post
677370,2023-11-26 17:05:00,2023,169,3243,Rennes,Reims,3.0,1.0,post
677369,2023-11-26 20:45:00,2023,167,166,Lyon,Lille,0.0,2.0,post
677321,2023-11-29 19:00:00,2023,274,3171,Montpellier,Clermont,1.0,1.0,post
677385,2023-12-01 21:00:00,2023,3243,180,Reims,Strasbourg,2.0,1.0,post
677383,2023-12-02 17:00:00,2023,175,167,Lens,Lyon,3.0,2.0,post
677379,2023-12-02 21:00:00,2023,165,2502,Nantes,Nice,1.0,0.0,post
677384,2023-12-03 13:00:00,2023,3236,160,Le Havre,Paris Saint-Germain,0.0,2.0,post
677380,2023-12-03 15:00:00,2023,174,274,Monaco,Montpellier,2.0,0.0,post
677377,2023-12-03 15:00:00,2023,6997,3171,Brest,Clermont,3.0,0.0,post
677378,2023-12-03 15:00:00,2023,179,273,Toulouse,Lorient,1.0,1.0,post
677382,2023-12-03 17:05:00,2023,166,177,Lille,Metz,2.0,0.0,post
677381,2023-12-03 20:45:00,2023,176,169,Marseille,Rennes,2.0,0.0,post
677345,2023-12-06 21:00:00,2023,176,167,Marseille,Lyon,3.0,0.0,post
677365,2023-12-07 20:30:00,2023,6997,180,Brest,Strasbourg,1.0,1.0,post
677390,2023-12-08 21:00:00,2023,274,175,Montpellier,Lens,0.0,0.0,post
677388,2023-12-09 17:00:00,2023,169,174,Rennes,Monaco,1.0,2.0,post
677387,2023-12-09 21:00:00,2023,160,165,Paris Saint-Germain,Nantes,2.0,1.0,post
677386,2023-12-10 13:00:00,2023,2502,3243,Nice,Reims,2.0,1.0,post
677391,2023-12-10 15:00:00,2023,3171,166,Clermont,Lille,0.0,0.0,post
677392,2023-12-10 15:00:00,2023,177,6997,Metz,Brest,0.0,1.0,post
677389,2023-12-10 15:00:00,2023,180,3236,Strasbourg,Le Havre,2.0,1.0,post
677393,2023-12-10 17:05:00,2023,167,179,Lyon,Toulouse,3.0,0.0,post
677394,2023-12-10 20:45:00,2023,273,176,Lorient,Marseille,2.0,4.0,post
677398,2023-12-15 21:00:00,2023,174,167,Monaco,Lyon,0.0,1.0,post
677396,2023-12-16 17:00:00,2023,3236,2502,Le Havre,Nice,3.0,1.0,post
677403,2023-12-16 21:00:00,2023,175,3243,Lens,Reims,2.0,0.0,post
677401,2023-12-17 13:00:00,2023,165,6997,Nantes,Brest,0.0,2.0,post
677397,2023-12-17 15:00:00,2023,273,180,Lorient,Strasbourg,1.0,2.0,post
677399,2023-12-17 15:00:00,2023,177,274,Metz,Montpellier,0.0,1.0,post
677395,2023-12-17 15:00:00,2023,179,169,Toulouse,Rennes,0.0,0.0,post
677400,2023-12-17 17:05:00,2023,176,3171,Marseille,Clermont,2.0,1.0,post
677402,2023-12-17 20:45:00,2023,166,160,Lille,Paris Saint-Germain,1.0,1.0,post
677411,2023-12-20 21:00:00,2023,179,174,Toulouse,Monaco,1.0,2.0,post
677410,2023-12-20 21:00:00,2023,180,166,Strasbourg,Lille,2.0,1.0,post
677409,2023-12-20 21:00:00,2023,3243,3236,Reims,Le Havre,1.0,0.0,post
677405,2023-12-20 21:00:00,2023,160,177,Paris Saint-Germain,Metz,3.0,1.0,post
677407,2023-12-20 21:00:00,2023,6997,273,Brest,Lorient,4.0,0.0,post
677408,2023-12-20 21:00:00,2023,274,176,Montpellier,Marseille,1.0,1.0,post
677412,2023-12-20 21:00:00,2023,167,165,Lyon,Nantes,1.0,0.0,post
677404,2023-12-20 21:00:00,2023,3171,169,Clermont,Rennes,1.0,3.0,post
677406,2023-12-20 21:00:00,2023,2502,175,Nice,Lens,2.0,0.0,post
677419,2024-01-12 21:00:00,2024,176,180,Marseille,Strasbourg,1.0,1.0,post
677417,2024-01-13 17:00:00,2024,174,3243,Monaco,Reims,1.0,3.0,post
677415,2024-01-13 21:00:00,2024,169,2502,Rennes,Nice,2.0,0.0,post
677420,2024-01-14 13:00:00,2024,166,273,Lille,Lorient,3.0,0.0,post
677418,2024-01-14 15:00:00,2024,177,179,Metz,Toulouse,0.0,1.0,post
677413,2024-01-14 15:00:00,2024,6997,274,Brest,Montpellier,2.0,0.0,post
677416,2024-01-14 15:00:00,2024,165,3171,Nantes,Clermont,1.0,2.0,post
677414,2024-01-14 17:05:00,2024,3236,167,Le Havre,Lyon,3.0,1.0,post
677421,2024-01-14 20:45:00,2024,175,160,Lens,Paris Saint-Germain,0.0,2.0,post
677428,2024-01-26 21:00:00,2024,167,169,Lyon,Rennes,2.0,3.0,post
677430,2024-01-27 17:00:00,2024,2502,177,Nice,Metz,1.0,0.0,post
677427,2024-01-27 21:00:00,2024,176,174,Marseille,Monaco,2.0,2.0,post
677425,2024-01-28 13:00:00,2024,274,166,Montpellier,Lille,0.0,0.0,post
677422,2024-01-28 15:00:00,2024,3171,180,Clermont,Strasbourg,1.0,1.0,post
677423,2024-01-28 15:00:00,2024,273,3236,Lorient,Le Havre,3.0,3.0,post
677429,2024-01-28 15:00:00,2024,3243,165,Reims,Nantes,0.0,0.0,post
677426,2024-01-28 17:05:00,2024,179,175,Toulouse,Lens,0.0,2.0,post
677424,2024-01-28 20:45:00,2024,160,6997,Paris Saint-Germain,Brest,2.0,2.0,post
677434,2024-02-02 21:00:00,2024,180,160,Strasbourg,Paris Saint-Germain,1.0,2.0,post
677438,2024-02-03 17:00:00,2024,169,274,Rennes,Montpellier,2.0,1.0,post
677436,2024-02-03 21:00:00,2024,165,175,Nantes,Lens,0.0,1.0,post
677439,2024-02-04 13:00:00,2024,174,3236,Monaco,Le Havre,1.0,1.0,post
677437,2024-02-04 15:00:00,2024,3243,179,Reims,Toulouse,2.0,3.0,post
677432,2024-02-04 15:00:00,2024,166,3171,Lille,Clermont,4.0,0.0,post
677435,2024-02-04 15:00:00,2024,177,273,Metz,Lorient,1.0,2.0,post
677431,2024-02-04 17:05:00,2024,6997,2502,Brest,Nice,0.0,0.0,post
677433,2024-02-04 20:45:00,2024,167,176,Lyon,Marseille,1.0,0.0,post
677444,2024-02-09 21:00:00,2024,176,177,Marseille,Metz,1.0,1.0,post
677442,2024-02-10 17:00:00,2024,175,180,Lens,Strasbourg,3.0,1.0,post
677447,2024-02-10 21:00:00,2024,160,166,Paris Saint-Germain,Lille,3.0,1.0,post
677441,2024-02-11 13:00:00,2024,3236,169,Le Havre,Rennes,0.0,1.0,post
677440,2024-02-11 15:00:00,2024,3171,6997,Clermont,Brest,1.0,1.0,post
677443,2024-02-11 15:00:00,2024,273,3243,Lorient,Reims,2.0,0.0,post
677448,2024-02-11 15:00:00,2024,179,165,Toulouse,Nantes,1.0,2.0,post
677445,2024-02-11 17:05:00,2024,274,167,Montpellier,Lyon,1.0,2.0,post
677446,2024-02-11 20:45:00,2024,2502,174,Nice,Monaco,2.0,3.0,post
677451,2024-02-16 21:00:00,2024,167,2502,Lyon,Nice,1.0,0.0,post
677450,2024-02-17 17:00:00,2024,166,3236,Lille,Le Havre,3.0,0.0,post
677454,2024-02-17 21:00:00,2024,165,160,Nantes,Paris Saint-Germain,0.0,2.0,post
677457,2024-02-18 13:00:00,2024,180,273,Strasbourg,Lorient,1.0,3.0,post
677452,2024-02-18 15:00:00,2024,174,179,Monaco,Toulouse,1.0,2.0,post
677453,2024-02-18 15:00:00,2024,274,177,Montpellier,Metz,3.0,0.0,post
677456,2024-02-18 15:00:00,2024,169,3171,Rennes,Clermont,3.0,1.0,post
677455,2024-02-18 17:05:00,2024,3243,175,Reims,Lens,1.0,1.0,post
677449,2024-02-18 20:45:00,2024,6997,176,Brest,Marseille,1.0,0.0,post
677462,2024-02-23 21:00:00,2024,177,167,Metz,Lyon,1.0,2.0,post
677460,2024-02-24 17:00:00,2024,273,165,Lorient,Nantes,0.0,1.0,post
677465,2024-02-24 21:00:00,2024,180,6997,Strasbourg,Brest,0.0,3.0,post
677459,2024-02-25 13:00:00,2024,175,174,Lens,Monaco,2.0,3.0,post
677458,2024-02-25 15:00:00,2024,3236,3243,Le Havre,Reims,1.0,2.0,post
677463,2024-02-25 15:00:00,2024,2502,3171,Nice,Clermont,0.0,0.0,post
677466,2024-02-25 15:00:00,2024,179,166,Toulouse,Lille,3.0,1.0,post
677464,2024-02-25 17:05:00,2024,160,169,Paris Saint-Germain,Rennes,1.0,1.0,post
677461,2024-02-25 20:45:00,2024,176,274,Marseille,Montpellier,4.0,1.0,post
677468,2024-03-01 21:00:00,2024,174,160,Monaco,Paris Saint-Germain,0.0,0.0,post
677475,2024-03-02 17:00:00,2024,3243,166,Reims,Lille,0.0,1.0,post
677470,2024-03-02 21:00:00,2024,3171,176,Clermont,Marseille,1.0,5.0,post
677472,2024-03-03 13:00:00,2024,179,2502,Toulouse,Nice,2.0,1.0,post
677469,2024-03-03 15:00:00,2024,6997,3236,Brest,Le Havre,1.0,0.0,post
677473,2024-03-03 15:00:00,2024,274,180,Montpellier,Strasbourg,2.0,2.0,post
677474,2024-03-03 15:00:00,2024,165,177,Nantes,Metz,0.0,2.0,post
677467,2024-03-03 17:05:00,2024,169,273,Rennes,Lorient,1.0,2.0,post
677471,2024-03-03 20:45:00,2024,167,175,Lyon,Lens,0.0,3.0,post
677480,2024-03-08 21:00:00,2024,2502,274,Nice,Montpellier,1.0,2.0,post
677481,2024-03-09 17:00:00,2024,273,167,Lorient,Lyon,0.0,2.0,post
677479,2024-03-09 21:00:00,2024,175,6997,Lens,Brest,1.0,0.0,post
677476,2024-03-10 13:00:00,2024,160,3243,Paris Saint-Germain,Reims,2.0,2.0,post
677478,2024-03-10 15:00:00,2024,3236,179,Le Havre,Toulouse,1.0,0.0,post
677483,2024-03-10 15:00:00,2024,177,3171,Metz,Clermont,1.0,0.0,post
677477,2024-03-10 15:00:00,2024,180,174,Strasbourg,Monaco,0.0,1.0,post
677484,2024-03-10 17:05:00,2024,166,169,Lille,Rennes,2.0,2.0,post
677482,2024-03-10 20:45:00,2024,176,165,Marseille,Nantes,2.0,0.0,post
677487,2024-03-15 21:00:00,2024,179,167,Toulouse,Lyon,2.0,3.0,post
677490,2024-03-16 17:00:00,2024,165,180,Nantes,Strasbourg,1.0,3.0,post
677493,2024-03-16 21:00:00,2024,175,2502,Lens,Nice,1.0,3.0,post
677485,2024-03-17 13:00:00,2024,6997,166,Brest,Lille,1.0,1.0,post
677492,2024-03-17 15:00:00,2024,174,273,Monaco,Lorient,2.0,2.0,post
677486,2024-03-17 15:00:00,2024,3171,3236,Clermont,Le Havre,2.0,1.0,post
677489,2024-03-17 15:00:00,2024,3243,177,Reims,Metz,2.0,1.0,post
677488,2024-03-17 17:05:00,2024,169,176,Rennes,Marseille,2.0,0.0,post
677491,2024-03-17 20:45:00,2024,274,160,Montpellier,Paris Saint-Germain,2.0,6.0,post
677500,2024-03-29 21:00:00,2024,166,175,Lille,Lens,2.0,1.0,post
677496,2024-03-30 17:00:00,2024,177,174,Metz,Monaco,2.0,5.0,post
677498,2024-03-30 21:00:00,2024,167,3243,Lyon,Reims,1.0,1.0,post
677499,2024-03-31 13:00:00,2024,273,6997,Lorient,Brest,0.0,1.0,post
677495,2024-03-31 15:00:00,2024,2502,165,Nice,Nantes,1.0,2.0,post
677494,2024-03-31 15:00:00,2024,3171,179,Clermont,Toulouse,0.0,3.0,post
677501,2024-03-31 15:00:00,2024,3236,274,Le Havre,Montpellier,0.0,2.0,post
677502,2024-03-31 17:05:00,2024,180,169,Strasbourg,Rennes,2.0,0.0,post
677497,2024-03-31 20:45:00,2024,176,160,Marseille,Paris Saint-Germain,0.0,2.0,post
677505,2024-04-05 21:00:00,2024,166,176,Lille,Marseille,3.0,1.0,post
677504,2024-04-06 17:00:00,2024,175,3236,Lens,Le Havre,1.0,1.0,post
677509,2024-04-06 21:00:00,2024,160,3171,Paris Saint-Germain,Clermont,1.0,1.0,post
677503,2024-04-07 13:00:00,2024,6997,177,Brest,Metz,4.0,3.0,post
677511,2024-04-07 15:00:00,2024,274,273,Montpellier,Lorient,2.0,0.0,post
677510,2024-04-07 15:00:00,2024,3243,2502,Reims,Nice,0.0,0.0,post
677506,2024-04-07 15:00:00,2024,179,180,Toulouse,Strasbourg,0.0,0.0,post
677507,2024-04-07 17:05:00,2024,174,169,Monaco,Rennes,1.0,0.0,post
677508,2024-04-07 20:45:00,2024,165,167,Nantes,Lyon,1.0,3.0,post
677517,2024-04-12 21:00:00,2024,177,175,Metz,Lens,2.0,1.0,post
677520,2024-04-13 17:00:00,2024,180,3243,Strasbourg,Reims,3.0,1.0,post
677519,2024-04-13 21:00:00,2024,169,179,Rennes,Toulouse,1.0,2.0,post
677513,2024-04-14 13:00:00,2024,3236,165,Le Havre,Nantes,0.0,1.0,post
677512,2024-04-14 15:00:00,2024,3171,274,Clermont,Montpellier,1.0,1.0,post
677515,2024-04-14 20:45:00,2024,167,6997,Lyon,Brest,4.0,3.0,post
677526,2024-04-19 21:00:00,2024,2502,273,Nice,Lorient,3.0,0.0,post
677525,2024-04-20 17:00:00,2024,165,169,Nantes,Rennes,0.0,3.0,post
677523,2024-04-20 21:00:00,2024,175,3171,Lens,Clermont,1.0,0.0,post
677522,2024-04-21 15:00:00,2024,3236,177,Le Havre,Metz,0.0,1.0,post
677524,2024-04-21 15:00:00,2024,166,180,Lille,Strasbourg,1.0,0.0,post
677528,2024-04-21 15:00:00,2024,3243,274,Reims,Montpellier,1.0,2.0,post
677521,2024-04-21 17:05:00,2024,6997,174,Brest,Monaco,0.0,2.0,post
677529,2024-04-21 19:15:00,2024,179,176,Toulouse,Marseille,2.0,2.0,post
677527,2024-04-21 21:00:00,2024,160,167,Paris Saint-Germain,Lyon,4.0,1.0,post
677514,2024-04-24 19:00:00,2024,273,160,Lorient,Paris Saint-Germain,1.0,4.0,post
677518,2024-04-24 21:00:00,2024,174,166,Monaco,Lille,1.0,0.0,post
677516,2024-04-24 21:00:00,2024,176,2502,Marseille,Nice,2.0,2.0,post
677535,2024-04-26 21:00:00,2024,274,165,Montpellier,Nantes,1.0,1.0,post
677536,2024-04-27 21:00:00,2024,160,3236,Paris Saint-Germain,Le Havre,3.0,3.0,post
677534,2024-04-28 13:00:00,2024,177,166,Metz,Lille,1.0,2.0,post
677530,2024-04-28 15:00:00,2024,3171,3243,Clermont,Reims,4.0,1.0,post
677531,2024-04-28 15:00:00,2024,273,179,Lorient,Toulouse,1.0,2.0,post
677538,2024-04-28 15:00:00,2024,180,2502,Strasbourg,Nice,1.0,3.0,post
677537,2024-04-28 17:05:00,2024,169,6997,Rennes,Brest,4.0,5.0,post
677532,2024-04-28 19:00:00,2024,167,174,Lyon,Monaco,3.0,2.0,post
677533,2024-04-28 21:00:00,2024,176,175,Marseille,Lens,2.0,1.0,post
677541,2024-05-03 19:00:00,2024,179,274,Toulouse,Montpellier,1.0,2.0,post
677540,2024-05-03 21:00:00,2024,175,273,Lens,Lorient,2.0,0.0,post
677539,2024-05-04 15:00:00,2024,3236,180,Le Havre,Strasbourg,3.0,1.0,post
677542,2024-05-04 17:00:00,2024,174,3171,Monaco,Clermont,4.0,1.0,post
677545,2024-05-04 19:00:00,2024,177,169,Metz,Rennes,2.0,3.0,post
677546,2024-05-04 21:00:00,2024,6997,165,Brest,Nantes,0.0,0.0,post
677547,2024-05-06 21:00:00,2024,166,167,Lille,Lyon,3.0,4.0,post
677554,2024-05-10 21:00:00,2024,2502,3236,Nice,Le Havre,1.0,0.0,post
677555,2024-05-10 21:00:00,2024,6997,3243,Brest,Reims,1.0,1.0,post
677548,2024-05-12 21:00:00,2024,3171,167,Clermont,Lyon,0.0,1.0,post
677556,2024-05-12 21:00:00,2024,176,273,Marseille,Lorient,3.0,1.0,post
677549,2024-05-12 21:00:00,2024,274,174,Montpellier,Monaco,0.0,2.0,post
677550,2024-05-12 21:00:00,2024,165,166,Nantes,Lille,1.0,2.0,post
677553,2024-05-12 21:00:00,2024,160,179,Paris Saint-Germain,Toulouse,1.0,3.0,post
677552,2024-05-12 21:00:00,2024,169,175,Rennes,Lens,1.0,1.0,post
677551,2024-05-12 21:00:00,2024,180,177,Strasbourg,Metz,2.0,1.0,post
677543,2024-05-15 21:00:00,2024,2502,160,Nice,Paris Saint-Germain,1.0,2.0,post
677544,2024-05-15 21:00:00,2024,3243,176,Reims,Marseille,1.0,0.0,post
677559,2024-05-19 21:00:00,2024,179,6997,Toulouse,Brest,0.0,3.0,post
677563,2024-05-19 21:00:00,2024,3243,169,Reims,Rennes,2.0,1.0,post
677565,2024-05-19 21:00:00,2024,177,160,Metz,Paris Saint-Germain,0.0,2.0,post
677562,2024-05-19 21:00:00,2024,167,180,Lyon,Strasbourg,2.0,1.0,post
677558,2024-05-19 21:00:00,2024,273,3171,Lorient,Clermont,5.0,0.0,post
677557,2024-05-19 21:00:00,2024,166,2502,Lille,Nice,2.0,2.0,post
677564,2024-05-19 21:00:00,2024,175,274,Lens,Montpellier,2.0,2.0,post
677561,2024-05-19 21:00:00,2024,3236,176,Le Havre,Marseille,1.0,2.0,post
677560,2024-05-19 21:00:00,2024,174,165,Monaco,Nantes,4.0,0.0,post
706429,2024-08-16 20:45:00,2024,3236,160,Le Havre,Paris Saint-Germain,1.0,4.0,post
706428,2024-08-17 17:00:00,2024,6997,176,Brest,Marseille,1.0,5.0,post
706432,2024-08-17 19:00:00,2024,3243,166,Reims,Lille,0.0,2.0,post
706430,2024-08-17 21:00:00,2024,174,178,Monaco,Saint-Etienne,1.0,0.0,post
706427,2024-08-18 15:00:00,2024,172,2502,Auxerre,Nice,2.0,1.0,post
706426,2024-08-18 17:00:00,2024,7868,175,Angers,Lens,0.0,1.0,post
706431,2024-08-18 17:00:00,2024,274,180,Montpellier,Strasbourg,1.0,1.0,post
706434,2024-08-18 17:00:00,2024,179,165,Toulouse,Nantes,0.0,0.0,post
706433,2024-08-18 20:45:00,2024,169,167,Rennes,Lyon,3.0,0.0,post
706441,2024-08-23 20:45:00,2024,160,274,Paris Saint-Germain,Montpellier,6.0,0.0,post
706437,2024-08-24 17:00:00,2024,167,174,Lyon,Monaco,0.0,2.0,post
706436,2024-08-24 19:00:00,2024,166,7868,Lille,Angers,2.0,0.0,post
706442,2024-08-24 21:00:00,2024,178,3236,Saint-Etienne,Le Havre,0.0,2.0,post
706435,2024-08-25 15:00:00,2024,175,6997,Lens,Brest,2.0,0.0,post
706439,2024-08-25 17:00:00,2024,165,172,Nantes,Auxerre,2.0,0.0,post
706440,2024-08-25 17:00:00,2024,2502,179,Nice,Toulouse,1.0,1.0,post
706443,2024-08-25 17:00:00,2024,180,169,Strasbourg,Rennes,3.0,1.0,post
706438,2024-08-25 20:45:00,2024,176,3243,Marseille,Reims,2.0,2.0,post
706452,2024-08-30 20:45:00,2024,167,180,Lyon,Strasbourg,4.0,3.0,post
706445,2024-08-31 17:00:00,2024,6997,178,Brest,Saint-Etienne,4.0,0.0,post
706450,2024-08-31 19:00:00,2024,274,165,Montpellier,Nantes,1.0,3.0,post
706447,2024-08-31 21:00:00,2024,179,176,Toulouse,Marseille,1.0,3.0,post
706449,2024-09-01 15:00:00,2024,174,175,Monaco,Lens,1.0,1.0,post
706444,2024-09-01 17:00:00,2024,7868,2502,Angers,Nice,1.0,4.0,post
706446,2024-09-01 17:00:00,2024,3236,172,Le Havre,Auxerre,3.0,1.0,post
706451,2024-09-01 17:00:00,2024,3243,169,Reims,Rennes,2.0,1.0,post
706448,2024-09-01 20:45:00,2024,166,160,Lille,Paris Saint-Germain,1.0,3.0,post
706459,2024-09-13 20:45:00,2024,178,166,Saint-Etienne,Lille,1.0,0.0,post
706455,2024-09-14 17:00:00,2024,176,2502,Marseille,Nice,2.0,0.0,post
706453,2024-09-14 19:00:00,2024,172,174,Auxerre,Monaco,0.0,3.0,post
706457,2024-09-14 21:00:00,2024,160,6997,Paris Saint-Germain,Brest,3.0,1.0,post
706458,2024-09-15 15:00:00,2024,169,274,Rennes,Montpellier,3.0,0.0,post
706456,2024-09-15 17:00:00,2024,165,3243,Nantes,Reims,1.0,2.0,post
706460,2024-09-15 17:00:00,2024,180,7868,Strasbourg,Angers,1.0,1.0,post
706461,2024-09-15 17:00:00,2024,179,3236,Toulouse,Le Havre,2.0,0.0,post
706454,2024-09-15 20:45:00,2024,175,167,Lens,Lyon,0.0,0.0,post
706468,2024-09-20 20:45:00,2024,2502,178,Nice,Saint-Etienne,8.0,0.0,post
706464,2024-09-21 17:00:00,2024,166,180,Lille,Strasbourg,3.0,3.0,post
706470,2024-09-21 19:00:00,2024,169,175,Rennes,Lens,1.0,1.0,post
706469,2024-09-21 21:00:00,2024,3243,160,Reims,Paris Saint-Germain,1.0,1.0,post
706466,2024-09-22 15:00:00,2024,174,3236,Monaco,Le Havre,3.0,1.0,post
706463,2024-09-22 17:00:00,2024,6997,179,Brest,Toulouse,2.0,0.0,post
706467,2024-09-22 17:00:00,2024,274,172,Montpellier,Auxerre,3.0,2.0,post
706462,2024-09-22 17:00:00,2024,7868,165,Angers,Nantes,1.0,1.0,post
706465,2024-09-22 20:45:00,2024,167,176,Lyon,Marseille,2.0,3.0,post
706472,2024-09-27 19:00:00,2024,172,6997,Auxerre,Brest,3.0,0.0,post
706477,2024-09-27 21:00:00,2024,160,169,Paris Saint-Germain,Rennes,3.0,1.0,post
706474,2024-09-28 17:00:00,2024,175,2502,Lens,Nice,0.0,0.0,post
706473,2024-09-28 19:00:00,2024,3236,166,Le Havre,Lille,0.0,3.0,post
706475,2024-09-28 21:00:00,2024,174,274,Monaco,Montpellier,2.0,1.0,post
706479,2024-09-29 15:00:00,2024,179,167,Toulouse,Lyon,1.0,2.0,post
706471,2024-09-29 17:00:00,2024,7868,3243,Angers,Reims,1.0,3.0,post
706476,2024-09-29 17:00:00,2024,165,178,Nantes,Saint-Etienne,2.0,2.0,post
706478,2024-09-29 20:45:00,2024,180,176,Strasbourg,Marseille,1.0,0.0,post
706480,2024-10-04 20:45:00,2024,176,7868,Marseille,Angers,1.0,1.0,post
706487,2024-10-05 17:00:00,2024,178,172,Saint-Etienne,Auxerre,3.0,1.0,post
706482,2024-10-05 19:00:00,2024,166,179,Lille,Toulouse,2.0,1.0,post
706486,2024-10-05 21:00:00,2024,169,174,Rennes,Monaco,1.0,2.0,post
706481,2024-10-06 15:00:00,2024,167,165,Lyon,Nantes,2.0,0.0,post
706483,2024-10-06 17:00:00,2024,6997,3236,Brest,Le Havre,2.0,0.0,post
706485,2024-10-06 17:00:00,2024,3243,274,Reims,Montpellier,4.0,2.0,post
706488,2024-10-06 17:00:00,2024,180,175,Strasbourg,Lens,2.0,2.0,post
706484,2024-10-06 20:45:00,2024,2502,160,Nice,Paris Saint-Germain,1.0,1.0,post
706497,2024-10-18 20:45:00,2024,174,166,Monaco,Lille,0.0,0.0,post
706495,2024-10-19 17:00:00,2024,6997,169,Brest,Rennes,1.0,1.0,post
706491,2024-10-19 19:00:00,2024,178,175,Saint-Etienne,Lens,0.0,2.0,post
706490,2024-10-19 21:00:00,2024,160,180,Paris Saint-Germain,Strasbourg,4.0,2.0,post
706494,2024-10-20 15:00:00,2024,3236,167,Le Havre,Lyon,0.0,4.0,post
706496,2024-10-20 17:00:00,2024,172,3243,Auxerre,Reims,2.0,1.0,post
706489,2024-10-20 17:00:00,2024,165,2502,Nantes,Nice,1.0,1.0,post
706492,2024-10-20 17:00:00,2024,179,7868,Toulouse,Angers,1.0,1.0,post
706493,2024-10-20 20:45:00,2024,274,176,Montpellier,Marseille,0.0,5.0,post
706498,2024-10-25 20:45:00,2024,169,3236,Rennes,Le Havre,1.0,0.0,post
706506,2024-10-26 17:00:00,2024,7868,178,Angers,Saint-Etienne,4.0,2.0,post
706499,2024-10-26 19:00:00,2024,3243,6997,Reims,Brest,1.0,2.0,post
706503,2024-10-26 21:00:00,2024,175,166,Lens,Lille,0.0,2.0,post
706504,2024-10-27 15:00:00,2024,167,172,Lyon,Auxerre,2.0,2.0,post
706501,2024-10-27 17:00:00,2024,274,179,Montpellier,Toulouse,0.0,3.0,post
706500,2024-10-27 17:00:00,2024,2502,174,Nice,Monaco,2.0,1.0,post
706505,2024-10-27 17:00:00,2024,180,165,Strasbourg,Nantes,3.0,1.0,post
706502,2024-10-27 20:45:00,2024,176,160,Marseille,Paris Saint-Germain,0.0,3.0,post
706509,2024-11-01 19:00:00,2024,174,7868,Monaco,Angers,0.0,1.0,post
706514,2024-11-01 21:00:00,2024,166,167,Lille,Lyon,1.0,1.0,post
706511,2024-11-02 17:00:00,2024,160,175,Paris Saint-Germain,Lens,1.0,0.0,post
706508,2024-11-02 19:00:00,2024,6997,2502,Brest,Nice,0.0,1.0,post
706510,2024-11-02 21:00:00,2024,178,180,Saint-Etienne,Strasbourg,2.0,0.0,post
706513,2024-11-03 15:00:00,2024,179,3243,Toulouse,Reims,1.0,0.0,post
706507,2024-11-03 17:00:00,2024,172,169,Auxerre,Rennes,4.0,0.0,post
706515,2024-11-03 17:00:00,2024,3236,274,Le Havre,Montpellier,1.0,0.0,post
706512,2024-11-03 20:45:00,2024,165,176,Nantes,Marseille,1.0,2.0,post
706524,2024-11-08 20:45:00,2024,176,172,Marseille,Auxerre,1.0,3.0,post
706520,2024-11-09 17:00:00,2024,180,174,Strasbourg,Monaco,1.0,3.0,post
706522,2024-11-09 19:00:00,2024,175,165,Lens,Nantes,3.0,2.0,post
706516,2024-11-09 21:00:00,2024,7868,160,Angers,Paris Saint-Germain,2.0,4.0,post
706518,2024-11-10 15:00:00,2024,2502,166,Nice,Lille,2.0,2.0,post
706523,2024-11-10 17:00:00,2024,3236,3243,Le Havre,Reims,0.0,3.0,post
706519,2024-11-10 17:00:00,2024,274,6997,Montpellier,Brest,3.0,1.0,post
706517,2024-11-10 17:00:00,2024,169,179,Rennes,Toulouse,0.0,2.0,post
706521,2024-11-10 20:45:00,2024,167,178,Lyon,Saint-Etienne,1.0,0.0,post
706533,2024-11-22 19:00:00,2024,174,6997,Monaco,Brest,3.0,2.0,post
706530,2024-11-22 21:00:00,2024,160,179,Paris Saint-Germain,Toulouse,3.0,0.0,post
706531,2024-11-23 17:00:00,2024,175,176,Lens,Marseille,1.0,3.0,post
706528,2024-11-23 19:00:00,2024,178,274,Saint-Etienne,Montpellier,1.0,0.0,post
706529,2024-11-23 21:00:00,2024,3243,167,Reims,Lyon,1.0,1.0,post
706525,2024-11-24 15:00:00,2024,166,169,Lille,Rennes,1.0,0.0,post
706532,2024-11-24 17:00:00,2024,165,3236,Nantes,Le Havre,0.0,2.0,post
706527,2024-11-24 17:00:00,2024,172,7868,Auxerre,Angers,1.0,0.0,post
706526,2024-11-24 20:45:00,2024,2502,180,Nice,Strasbourg,2.0,1.0,post
706539,2024-11-29 20:45:00,2024,3243,175,Reims,Lens,0.0,2.0,post
706540,2024-11-30 17:00:00,2024,169,178,Rennes,Saint-Etienne,5.0,0.0,post
706537,2024-11-30 19:00:00,2024,6997,180,Brest,Strasbourg,3.0,1.0,post
706542,2024-11-30 21:00:00,2024,160,165,Paris Saint-Germain,Nantes,1.0,1.0,post
706534,2024-12-01 15:00:00,2024,274,166,Montpellier,Lille,2.0,2.0,post
706541,2024-12-01 17:00:00,2024,3236,7868,Le Havre,Angers,0.0,1.0,post
706536,2024-12-01 17:00:00,2024,167,2502,Lyon,Nice,4.0,1.0,post
706538,2024-12-01 17:00:00,2024,179,172,Toulouse,Auxerre,2.0,0.0,post
706535,2024-12-01 20:45:00,2024,176,174,Marseille,Monaco,2.0,1.0,post
706544,2024-12-06 19:00:00,2024,166,6997,Lille,Brest,3.0,1.0,post
706549,2024-12-06 21:00:00,2024,172,160,Auxerre,Paris Saint-Germain,0.0,0.0,post
706543,2024-12-07 17:00:00,2024,174,179,Monaco,Toulouse,2.0,0.0,post
706551,2024-12-07 19:00:00,2024,2502,3236,Nice,Le Havre,2.0,1.0,post
706546,2024-12-07 21:00:00,2024,7868,167,Angers,Lyon,0.0,3.0,post
706545,2024-12-08 15:00:00,2024,175,274,Lens,Montpellier,2.0,0.0,post
706547,2024-12-08 17:00:00,2024,165,169,Nantes,Rennes,1.0,0.0,post
706548,2024-12-08 17:00:00,2024,180,3243,Strasbourg,Reims,0.0,0.0,post
706550,2024-12-08 20:45:00,2024,178,176,Saint-Etienne,Marseille,0.0,2.0,post
706553,2024-12-13 20:45:00,2024,179,178,Toulouse,Saint-Etienne,2.0,1.0,post
706556,2024-12-14 17:00:00,2024,176,166,Marseille,Lille,1.0,1.0,post
706552,2024-12-14 19:00:00,2024,172,175,Auxerre,Lens,2.0,2.0,post
706555,2024-12-14 21:00:00,2024,3243,174,Reims,Monaco,0.0,0.0,post
706558,2024-12-15 15:00:00,2024,274,2502,Montpellier,Nice,2.0,2.0,post
706557,2024-12-15 17:00:00,2024,6997,165,Brest,Nantes,4.0,1.0,post
706560,2024-12-15 17:00:00,2024,3236,180,Le Havre,Strasbourg,0.0,3.0,post
706554,2024-12-15 17:00:00,2024,169,7868,Rennes,Angers,2.0,0.0,post
706559,2024-12-15 20:45:00,2024,160,167,Paris Saint-Germain,Lyon,3.0,1.0,post
706563,2024-12-18 21:00:00,2024,174,160,Monaco,Paris Saint-Germain,2.0,4.0,post
706564,2025-01-03 21:00:00,2025,2502,169,Nice,Rennes,3.0,2.0,post
706569,2025-01-04 17:00:00,2025,178,3243,Saint-Etienne,Reims,3.0,1.0,post
706565,2025-01-04 19:00:00,2025,166,165,Lille,Nantes,1.0,1.0,post
706561,2025-01-04 21:00:00,2025,167,274,Lyon,Montpellier,1.0,0.0,post
706568,2025-01-05 15:00:00,2025,7868,6997,Angers,Brest,2.0,0.0,post
706567,2025-01-05 15:00:00,2025,175,179,Lens,Toulouse,0.0,1.0,post
706566,2025-01-05 15:00:00,2025,180,172,Strasbourg,Auxerre,3.0,1.0,post
706562,2025-01-05 20:45:00,2025,176,3236,Marseille,Le Havre,5.0,1.0,post
706578,2025-01-10 19:00:00,2025,165,174,Nantes,Monaco,2.0,2.0,post
706577,2025-01-10 21:05:00,2025,172,166,Auxerre,Lille,0.0,0.0,post
706570,2025-01-11 17:00:00,2025,6997,167,Brest,Lyon,2.0,1.0,post
706575,2025-01-11 19:00:00,2025,3243,2502,Reims,Nice,2.0,4.0,post
706576,2025-01-11 21:05:00,2025,169,176,Rennes,Marseille,1.0,2.0,post
706571,2025-01-12 15:00:00,2025,3236,175,Le Havre,Lens,1.0,2.0,post
706572,2025-01-12 17:15:00,2025,274,7868,Montpellier,Angers,1.0,3.0,post
706573,2025-01-12 17:15:00,2025,179,180,Toulouse,Strasbourg,1.0,2.0,post
706574,2025-01-12 20:45:00,2025,160,178,Paris Saint-Germain,Saint-Etienne,2.0,1.0,post
706584,2025-01-17 19:00:00,2025,274,174,Montpellier,Monaco,2.0,1.0,post
706587,2025-01-17 21:05:00,2025,166,2502,Lille,Nice,2.0,1.0,post
706580,2025-01-18 17:00:00,2025,175,160,Lens,Paris Saint-Germain,1.0,2.0,post
706582,2025-01-18 19:00:00,2025,169,6997,Rennes,Brest,1.0,2.0,post
706586,2025-01-18 21:05:00,2025,167,179,Lyon,Toulouse,0.0,0.0,post
706581,2025-01-19 15:00:00,2025,178,165,Saint-Etienne,Nantes,1.0,1.0,post
706579,2025-01-19 17:15:00,2025,7868,172,Angers,Auxerre,2.0,0.0,post
706583,2025-01-19 17:15:00,2025,3243,3236,Reims,Le Havre,1.0,1.0,post
706585,2025-01-19 20:45:00,2025,176,180,Marseille,Strasbourg,1.0,1.0,post
706588,2025-01-24 20:45:00,2025,172,178,Auxerre,Saint-Etienne,1.0,1.0,post
706593,2025-01-25 17:00:00,2025,174,169,Monaco,Rennes,3.0,2.0,post
706589,2025-01-25 19:00:00,2025,180,166,Strasbourg,Lille,2.0,1.0,post
706590,2025-01-25 21:05:00,2025,160,3243,Paris Saint-Germain,Reims,1.0,1.0,post
706595,2025-01-26 15:00:00,2025,3236,6997,Le Havre,Brest,0.0,1.0,post
706596,2025-01-26 17:15:00,2025,179,274,Toulouse,Montpellier,1.0,2.0,post
706592,2025-01-26 17:15:00,2025,165,167,Nantes,Lyon,1.0,1.0,post
706594,2025-01-26 17:15:00,2025,175,7868,Lens,Angers,1.0,0.0,post
706591,2025-01-26 20:45:00,2025,2502,176,Nice,Marseille,2.0,0.0,post
706604,2025-01-31 20:45:00,2025,274,175,Montpellier,Lens,0.0,2.0,post
706600,2025-02-01 17:00:00,2025,6997,160,Brest,Paris Saint-Germain,2.0,5.0,post
706603,2025-02-01 19:00:00,2025,174,172,Monaco,Auxerre,4.0,2.0,post
706601,2025-02-01 21:05:00,2025,166,178,Lille,Saint-Etienne,4.0,1.0,post
706602,2025-02-02 15:00:00,2025,179,2502,Toulouse,Nice,1.0,1.0,post
706599,2025-02-02 17:15:00,2025,7868,3236,Angers,Le Havre,1.0,1.0,post
706605,2025-02-02 17:15:00,2025,3243,165,Reims,Nantes,1.0,2.0,post
706597,2025-02-02 17:15:00,2025,169,180,Rennes,Strasbourg,1.0,0.0,post
706598,2025-02-02 20:45:00,2025,176,167,Marseille,Lyon,3.0,2.0,post
706609,2025-02-07 19:00:00,2025,165,6997,Nantes,Brest,0.0,2.0,post
706607,2025-02-07 21:05:00,2025,160,174,Paris Saint-Germain,Monaco,4.0,1.0,post
706608,2025-02-08 17:00:00,2025,2502,175,Nice,Lens,2.0,0.0,post
706611,2025-02-08 19:00:00,2025,166,3236,Lille,Le Havre,1.0,2.0,post
706606,2025-02-08 21:05:00,2025,178,169,Saint-Etienne,Rennes,0.0,2.0,post
706614,2025-02-09 15:00:00,2025,167,3243,Lyon,Reims,4.0,0.0,post
706612,2025-02-09 17:15:00,2025,172,179,Auxerre,Toulouse,2.0,2.0,post
706610,2025-02-09 17:15:00,2025,180,274,Strasbourg,Montpellier,2.0,0.0,post
706613,2025-02-09 20:45:00,2025,7868,176,Angers,Marseille,0.0,2.0,post
706623,2025-02-14 20:45:00,2025,6997,172,Brest,Auxerre,2.0,2.0,post
706616,2025-02-15 17:00:00,2025,176,178,Marseille,Saint-Etienne,5.0,1.0,post
706617,2025-02-15 19:00:00,2025,174,165,Monaco,Nantes,7.0,1.0,post
706621,2025-02-15 21:05:00,2025,179,160,Toulouse,Paris Saint-Germain,0.0,1.0,post
706618,2025-02-16 15:00:00,2025,274,167,Montpellier,Lyon,1.0,4.0,post
706622,2025-02-16 17:15:00,2025,3236,2502,Le Havre,Nice,1.0,3.0,post
706615,2025-02-16 17:15:00,2025,175,180,Lens,Strasbourg,0.0,2.0,post
706619,2025-02-16 17:15:00,2025,3243,7868,Reims,Angers,0.0,1.0,post
706620,2025-02-16 20:45:00,2025,169,166,Rennes,Lille,0.0,2.0,post
706626,2025-02-21 20:45:00,2025,169,3243,Rennes,Reims,1.0,0.0,post
706630,2025-02-22 17:00:00,2025,166,174,Lille,Monaco,2.0,1.0,post
706625,2025-02-22 19:00:00,2025,178,7868,Saint-Etienne,Angers,3.0,3.0,post
706624,2025-02-22 21:05:00,2025,172,176,Auxerre,Marseille,3.0,0.0,post
706628,2025-02-23 15:00:00,2025,165,175,Nantes,Lens,3.0,1.0,post
706631,2025-02-23 17:15:00,2025,3236,179,Le Havre,Toulouse,1.0,4.0,post
706627,2025-02-23 17:15:00,2025,2502,274,Nice,Montpellier,2.0,0.0,post
706632,2025-02-23 17:15:00,2025,180,6997,Strasbourg,Brest,0.0,0.0,post
706629,2025-02-23 20:45:00,2025,167,160,Lyon,Paris Saint-Germain,2.0,3.0,post
706634,2025-02-28 20:45:00,2025,174,3243,Monaco,Reims,3.0,0.0,post
706641,2025-03-01 17:00:00,2025,178,2502,Saint-Etienne,Nice,1.0,3.0,post
706638,2025-03-01 19:00:00,2025,175,3236,Lens,Le Havre,3.0,4.0,post
706636,2025-03-01 21:05:00,2025,160,166,Paris Saint-Germain,Lille,4.0,1.0,post
706637,2025-03-02 15:00:00,2025,167,6997,Lyon,Brest,2.0,1.0,post
706640,2025-03-02 17:15:00,2025,7868,179,Angers,Toulouse,0.0,4.0,post
706635,2025-03-02 17:15:00,2025,274,169,Montpellier,Rennes,0.0,4.0,post
706639,2025-03-02 17:15:00,2025,172,180,Auxerre,Strasbourg,0.0,1.0,post
706633,2025-03-02 20:45:00,2025,176,165,Marseille,Nantes,2.0,0.0,post
706647,2025-03-07 20:45:00,2025,179,174,Toulouse,Monaco,1.0,1.0,post
706645,2025-03-08 17:00:00,2025,169,160,Rennes,Paris Saint-Germain,1.0,4.0,post
706650,2025-03-08 19:00:00,2025,166,274,Lille,Montpellier,1.0,0.0,post
706646,2025-03-08 21:05:00,2025,176,175,Marseille,Lens,0.0,1.0,post
706648,2025-03-09 15:00:00,2025,6997,7868,Brest,Angers,2.0,0.0,post
706649,2025-03-09 17:15:00,2025,3236,178,Le Havre,Saint-Etienne,1.0,1.0,post
706642,2025-03-09 17:15:00,2025,165,180,Nantes,Strasbourg,0.0,1.0,post
706644,2025-03-09 17:15:00,2025,3243,172,Reims,Auxerre,0.0,2.0,post
706643,2025-03-09 20:45:00,2025,2502,167,Nice,Lyon,0.0,2.0,post
706658,2025-03-14 20:45:00,2025,2502,172,Nice,Auxerre,1.0,1.0,post
706657,2025-03-15 17:00:00,2025,165,166,Nantes,Lille,1.0,0.0,post
706651,2025-03-15 19:00:00,2025,7868,174,Angers,Monaco,0.0,2.0,post
706655,2025-03-15 21:05:00,2025,175,169,Lens,Rennes,1.0,0.0,post
706659,2025-03-16 15:00:00,2025,167,3236,Lyon,Le Havre,4.0,2.0,post
706656,2025-03-16 17:15:00,2025,274,178,Montpellier,Saint-Etienne,0.0,2.0,post
706652,2025-03-16 17:15:00,2025,6997,3243,Brest,Reims,0.0,0.0,post
706653,2025-03-16 17:15:00,2025,180,179,Strasbourg,Toulouse,2.0,1.0,post
706654,2025-03-16 20:45:00,2025,160,176,Paris Saint-Germain,Marseille,3.0,1.0,post
706661,2025-03-28 20:45:00,2025,180,167,Strasbourg,Lyon,4.0,2.0,post
706663,2025-03-29 17:00:00,2025,3243,176,Reims,Marseille,3.0,1.0,post
706662,2025-03-29 19:00:00,2025,178,160,Saint-Etienne,Paris Saint-Germain,1.0,6.0,post
706668,2025-03-29 21:05:00,2025,174,2502,Monaco,Nice,2.0,1.0,post
706664,2025-03-30 15:00:00,2025,179,6997,Toulouse,Brest,2.0,4.0,post
706667,2025-03-30 17:15:00,2025,172,274,Auxerre,Montpellier,1.0,0.0,post
706660,2025-03-30 17:15:00,2025,7868,169,Angers,Rennes,0.0,3.0,post
706666,2025-03-30 17:15:00,2025,3236,165,Le Havre,Nantes,3.0,2.0,post
706665,2025-03-30 20:45:00,2025,166,175,Lille,Lens,1.0,0.0,post
706671,2025-04-04 20:45:00,2025,2502,165,Nice,Nantes,1.0,2.0,post
706676,2025-04-05 17:00:00,2025,160,7868,Paris Saint-Germain,Angers,1.0,0.0,post
706670,2025-04-05 19:00:00,2025,6997,174,Brest,Monaco,2.0,1.0,post
706674,2025-04-05 21:05:00,2025,167,166,Lyon,Lille,2.0,1.0,post
706675,2025-04-06 15:00:00,2025,175,178,Lens,Saint-Etienne,1.0,0.0,post
706672,2025-04-06 17:15:00,2025,274,3236,Montpellier,Le Havre,0.0,2.0,post
706669,2025-04-06 17:15:00,2025,3243,180,Reims,Strasbourg,0.0,1.0,post
706673,2025-04-06 17:15:00,2025,169,172,Rennes,Auxerre,0.0,1.0,post
706677,2025-04-06 20:45:00,2025,176,179,Marseille,Toulouse,3.0,2.0,post
706680,2025-04-11 20:45:00,2025,175,3243,Lens,Reims,0.0,2.0,post
706681,2025-04-12 17:00:00,2025,174,176,Monaco,Marseille,3.0,0.0,post
706682,2025-04-12 19:00:00,2025,179,166,Toulouse,Lille,1.0,2.0,post
706684,2025-04-12 21:05:00,2025,180,2502,Strasbourg,Nice,2.0,2.0,post
706683,2025-04-13 15:00:00,2025,178,6997,Saint-Etienne,Brest,3.0,3.0,post
706685,2025-04-13 17:15:00,2025,7868,274,Angers,Montpellier,2.0,0.0,post
706679,2025-04-13 17:15:00,2025,3236,169,Le Havre,Rennes,1.0,5.0,post
706678,2025-04-13 20:45:00,2025,172,167,Auxerre,Lyon,1.0,3.0,post
706694,2025-04-18 20:45:00,2025,169,165,Rennes,Nantes,2.0,1.0,post
706690,2025-04-19 17:00:00,2025,160,3236,Paris Saint-Germain,Le Havre,2.0,1.0,post
706688,2025-04-19 19:00:00,2025,174,180,Monaco,Strasbourg,0.0,0.0,post
706687,2025-04-19 21:05:00,2025,176,274,Marseille,Montpellier,5.0,1.0,post
706692,2025-04-20 15:00:00,2025,166,172,Lille,Auxerre,3.0,1.0,post
706695,2025-04-20 17:15:00,2025,6997,175,Brest,Lens,1.0,3.0,post
706689,2025-04-20 17:15:00,2025,2502,7868,Nice,Angers,2.0,1.0,post
706691,2025-04-20 17:15:00,2025,3243,179,Reims,Toulouse,1.0,0.0,post
706693,2025-04-20 20:45:00,2025,178,167,Saint-Etienne,Lyon,2.0,1.0,post
706686,2025-04-22 20:45:00,2025,165,160,Nantes,Paris Saint-Germain,1.0,1.0,post
706700,2025-04-25 20:45:00,2025,160,2502,Paris Saint-Germain,Nice,1.0,3.0,post
706701,2025-04-26 17:00:00,2025,180,178,Strasbourg,Saint-Etienne,3.0,1.0,post
706698,2025-04-26 19:00:00,2025,3236,174,Le Havre,Monaco,1.0,1.0,post
706704,2025-04-26 21:05:00,2025,167,169,Lyon,Rennes,4.0,1.0,post
706696,2025-04-27 15:00:00,2025,7868,166,Angers,Lille,0.0,2.0,post
706702,2025-04-27 17:15:00,2025,274,3243,Montpellier,Reims,0.0,0.0,post
706703,2025-04-27 17:15:00,2025,165,179,Nantes,Toulouse,0.0,0.0,post
706699,2025-04-27 17:15:00,2025,175,172,Lens,Auxerre,0.0,4.0,post
706697,2025-04-27 20:45:00,2025,176,6997,Marseille,Brest,4.0,1.0,post
706707,2025-05-02 20:45:00,2025,2502,3243,Nice,Reims,1.0,0.0,post
706711,2025-05-03 17:00:00,2025,180,160,Strasbourg,Paris Saint-Germain,2.0,1.0,post
706708,2025-05-03 19:00:00,2025,179,169,Toulouse,Rennes,2.0,1.0,post
706706,2025-05-03 21:05:00,2025,178,174,Saint-Etienne,Monaco,1.0,3.0,post
706705,2025-05-04 15:00:00,2025,165,7868,Nantes,Angers,0.0,1.0,post
706709,2025-05-04 17:15:00,2025,172,3236,Auxerre,Le Havre,1.0,2.0,post
706710,2025-05-04 17:15:00,2025,6997,274,Brest,Montpellier,1.0,0.0,post
706712,2025-05-04 17:15:00,2025,167,175,Lyon,Lens,1.0,2.0,post
706713,2025-05-04 20:45:00,2025,166,176,Lille,Marseille,1.0,1.0,post
706714,2025-05-10 21:00:00,2025,274,160,Montpellier,Paris Saint-Germain,1.0,4.0,post
706716,2025-05-10 21:00:00,2025,169,2502,Rennes,Nice,2.0,0.0,post
706715,2025-05-10 21:00:00,2025,3243,178,Reims,Saint-Etienne,0.0,2.0,post
706719,2025-05-10 21:00:00,2025,3236,176,Le Havre,Marseille,1.0,3.0,post
706717,2025-05-10 21:00:00,2025,179,175,Toulouse,Lens,1.0,1.0,post
706718,2025-05-10 21:00:00,2025,174,167,Monaco,Lyon,2.0,0.0,post
706721,2025-05-10 21:00:00,2025,7868,180,Angers,Strasbourg,2.0,1.0,post
706720,2025-05-10 21:00:00,2025,172,165,Auxerre,Nantes,1.0,1.0,post
706722,2025-05-10 21:00:00,2025,6997,166,Brest,Lille,2.0,0.0,post
706729,2025-05-17 21:00:00,2025,175,174,Lens,Monaco,4.0,0.0,post
706728,2025-05-17 21:00:00,2025,166,3243,Lille,Reims,2.0,1.0,post
706731,2025-05-17 21:00:00,2025,167,7868,Lyon,Angers,2.0,0.0,post
706726,2025-05-17 21:00:00,2025,176,169,Marseille,Rennes,4.0,2.0,post
706730,2025-05-17 21:00:00,2025,165,274,Nantes,Montpellier,3.0,0.0,post
706723,2025-05-17 21:00:00,2025,2502,6997,Nice,Brest,6.0,0.0,post
706724,2025-05-17 21:00:00,2025,160,172,Paris Saint-Germain,Auxerre,3.0,1.0,post
706727,2025-05-17 21:00:00,2025,178,179,Saint-Etienne,Toulouse,2.0,3.0,post
706725,2025-05-17 21:00:00,2025,180,3236,Strasbourg,Le Havre,2.0,3.0,post
746420,2025-08-15 20:45:00,2025,169,176,Rennes,Marseille,1.0,0.0,post
746415,2025-08-16 17:00:00,2025,175,167,Lens,Lyon,0.0,1.0,post
746417,2025-08-16 19:00:00,2025,174,3236,Monaco,Le Havre,3.0,1.0,post
746419,2025-08-16 21:05:00,2025,2502,179,Nice,Toulouse,0.0,1.0,post
746414,2025-08-17 15:00:00,2025,6997,166,Brest,Lille,3.0,3.0,post
746413,2025-08-17 17:15:00,2025,172,273,Auxerre,Lorient,1.0,0.0,post
746412,2025-08-17 17:15:00,2025,7868,6851,Angers,Paris FC,1.0,0.0,post
746416,2025-08-17 17:15:00,2025,177,180,Metz,Strasbourg,0.0,1.0,post
746418,2025-08-17 20:45:00,2025,165,160,Nantes,Paris Saint-Germain,0.0,1.0,post
746427,2025-08-22 20:45:00,2025,160,7868,Paris Saint-Germain,Angers,1.0,0.0,post
746425,2025-08-23 17:00:00,2025,176,6851,Marseille,Paris FC,5.0,2.0,post
746426,2025-08-23 19:00:00,2025,2502,172,Nice,Auxerre,3.0,1.0,post
746424,2025-08-23 21:05:00,2025,167,177,Lyon,Metz,3.0,0.0,post
746423,2025-08-24 15:00:00,2025,273,169,Lorient,Rennes,4.0,0.0,post
746421,2025-08-24 17:15:00,2025,3236,175,Le Havre,Lens,1.0,2.0,post
746428,2025-08-24 17:15:00,2025,180,165,Strasbourg,Nantes,1.0,0.0,post
746429,2025-08-24 17:15:00,2025,179,6997,Toulouse,Brest,2.0,0.0,post
746422,2025-08-24 20:45:00,2025,166,174,Lille,Monaco,1.0,0.0,post
746432,2025-08-29 20:45:00,2025,175,6997,Lens,Brest,3.0,1.0,post
746433,2025-08-30 17:00:00,2025,273,166,Lorient,Lille,1.0,7.0,post
746436,2025-08-30 19:00:00,2025,165,172,Nantes,Auxerre,1.0,0.0,post
746437,2025-08-30 21:05:00,2025,179,160,Toulouse,Paris Saint-Germain,3.0,6.0,post
746430,2025-08-31 15:00:00,2025,7868,169,Angers,Rennes,1.0,1.0,post
746435,2025-08-31 17:15:00,2025,174,180,Monaco,Strasbourg,3.0,2.0,post
746431,2025-08-31 17:15:00,2025,3236,2502,Le Havre,Nice,3.0,1.0,post
746434,2025-08-31 17:15:00,2025,6851,177,Paris FC,Metz,3.0,2.0,post
746438,2025-08-31 20:45:00,2025,167,176,Lyon,Marseille,1.0,0.0,post
746442,2025-09-12 20:45:00,2025,176,273,Marseille,Lorient,4.0,0.0,post
746444,2025-09-13 17:00:00,2025,2502,165,Nice,Nantes,1.0,0.0,post
746439,2025-09-13 21:05:00,2025,172,174,Auxerre,Monaco,1.0,2.0,post
746441,2025-09-14 15:00:00,2025,166,179,Lille,Toulouse,2.0,1.0,post
746440,2025-09-14 17:15:00,2025,6997,6851,Brest,Paris FC,1.0,2.0,post
746443,2025-09-14 17:15:00,2025,177,7868,Metz,Angers,1.0,1.0,post
746445,2025-09-14 17:15:00,2025,160,175,Paris Saint-Germain,Lens,2.0,0.0,post
746447,2025-09-14 17:15:00,2025,180,3236,Strasbourg,Le Havre,1.0,0.0,post
746446,2025-09-14 20:45:00,2025,169,167,Rennes,Lyon,3.0,1.0,post
746452,2025-09-19 20:45:00,2025,167,7868,Lyon,Angers,1.0,0.0,post
746455,2025-09-20 17:00:00,2025,165,169,Nantes,Rennes,2.0,2.0,post
746449,2025-09-20 19:00:00,2025,6997,2502,Brest,Nice,4.0,1.0,post
746451,2025-09-20 21:05:00,2025,175,166,Lens,Lille,3.0,0.0,post
746456,2025-09-21 15:00:00,2025,6851,180,Paris FC,Strasbourg,2.0,3.0,post
746448,2025-09-21 17:15:00,2025,172,179,Auxerre,Toulouse,1.0,0.0,post
746454,2025-09-21 17:15:00,2025,174,177,Monaco,Metz,5.0,2.0,post
746450,2025-09-21 17:15:00,2025,3236,273,Le Havre,Lorient,1.0,1.0,post
746453,2025-09-22 20:00:00,2025,176,160,Marseille,Paris Saint-Germain,1.0,0.0,post
746461,2025-09-26 20:45:00,2025,180,176,Strasbourg,Marseille,1.0,2.0,post
746459,2025-09-27 17:00:00,2025,273,174,Lorient,Monaco,3.0,1.0,post
746464,2025-09-27 19:00:00,2025,179,165,Toulouse,Nantes,2.0,2.0,post
746462,2025-09-27 21:05:00,2025,160,172,Paris Saint-Germain,Auxerre,2.0,0.0,post
746465,2025-09-28 15:00:00,2025,2502,6851,Nice,Paris FC,1.0,1.0,post
746457,2025-09-28 17:15:00,2025,7868,6997,Angers,Brest,0.0,2.0,post
746458,2025-09-28 17:15:00,2025,166,167,Lille,Lyon,0.0,1.0,post
746460,2025-09-28 17:15:00,2025,177,3236,Metz,Le Havre,0.0,0.0,post
746463,2025-09-28 20:45:00,2025,169,175,Rennes,Lens,0.0,0.0,post
746473,2025-10-03 20:45:00,2025,6851,273,Paris FC,Lorient,2.0,0.0,post
746471,2025-10-04 17:00:00,2025,177,176,Metz,Marseille,0.0,3.0,post
746467,2025-10-04 19:00:00,2025,6997,165,Brest,Nantes,0.0,0.0,post
746466,2025-10-04 21:05:00,2025,172,175,Auxerre,Lens,1.0,2.0,post
746470,2025-10-05 15:00:00,2025,167,179,Lyon,Toulouse,1.0,2.0,post
746472,2025-10-05 17:15:00,2025,174,2502,Monaco,Nice,2.0,2.0,post
746468,2025-10-05 17:15:00,2025,3236,169,Le Havre,Rennes,2.0,2.0,post
746474,2025-10-05 17:15:00,2025,180,7868,Strasbourg,Angers,5.0,0.0,post
746469,2025-10-05 20:45:00,2025,166,160,Lille,Paris Saint-Germain,1.0,1.0,post
746483,2025-10-17 20:45:00,2025,160,180,Paris Saint-Germain,Strasbourg,3.0,3.0,post
746480,2025-10-18 17:00:00,2025,2502,167,Nice,Lyon,3.0,2.0,post
746477,2025-10-18 19:00:00,2025,7868,174,Angers,Monaco,1.0,1.0,post
746478,2025-10-18 21:05:00,2025,176,3236,Marseille,Le Havre,6.0,2.0,post
746476,2025-10-19 15:00:00,2025,175,6851,Lens,Paris FC,2.0,1.0,post
746475,2025-10-19 17:15:00,2025,273,6997,Lorient,Brest,3.0,3.0,post
746482,2025-10-19 17:15:00,2025,169,172,Rennes,Auxerre,2.0,2.0,post
746481,2025-10-19 17:15:00,2025,179,177,Toulouse,Metz,4.0,0.0,post
746479,2025-10-19 20:45:00,2025,165,166,Nantes,Lille,0.0,2.0,post
746491,2025-10-24 20:45:00,2025,6851,165,Paris FC,Nantes,1.0,2.0,post
746486,2025-10-25 17:00:00,2025,6997,160,Brest,Paris Saint-Germain,0.0,3.0,post
746490,2025-10-25 19:00:00,2025,174,179,Monaco,Toulouse,1.0,0.0,post
746488,2025-10-25 21:05:00,2025,175,176,Lens,Marseille,2.0,1.0,post
746492,2025-10-26 15:00:00,2025,166,177,Lille,Metz,6.0,1.0,post
746485,2025-10-26 17:15:00,2025,172,3236,Auxerre,Le Havre,0.0,1.0,post
746484,2025-10-26 17:15:00,2025,7868,273,Angers,Lorient,2.0,0.0,post
746487,2025-10-26 17:15:00,2025,169,2502,Rennes,Nice,1.0,2.0,post
746489,2025-10-26 20:45:00,2025,167,180,Lyon,Strasbourg,2.0,1.0,post
746496,2025-10-29 19:00:00,2025,177,175,Metz,Lens,2.0,0.0,post
746498,2025-10-29 19:00:00,2025,2502,166,Nice,Lille,2.0,0.0,post
746493,2025-10-29 19:00:00,2025,3236,6997,Le Havre,Brest,1.0,0.0,post
746494,2025-10-29 19:00:00,2025,273,160,Lorient,Paris Saint-Germain,1.0,1.0,post
746495,2025-10-29 21:05:00,2025,176,7868,Marseille,Angers,2.0,2.0,post
746497,2025-10-29 21:05:00,2025,165,174,Nantes,Monaco,3.0,5.0,post
746499,2025-10-29 21:05:00,2025,6851,167,Paris FC,Lyon,3.0,3.0,post
746500,2025-10-29 21:05:00,2025,180,172,Strasbourg,Auxerre,3.0,0.0,post
746501,2025-10-29 21:05:00,2025,179,169,Toulouse,Rennes,2.0,2.0,post
746508,2025-11-01 17:00:00,2025,160,2502,Paris Saint-Germain,Nice,1.0,0.0,post
746506,2025-11-01 19:00:00,2025,174,6851,Monaco,Paris FC,0.0,1.0,post
746502,2025-11-01 21:05:00,2025,172,176,Auxerre,Marseille,0.0,1.0,post
746509,2025-11-02 15:00:00,2025,169,180,Rennes,Strasbourg,4.0,1.0,post
746504,2025-11-02 17:15:00,2025,175,273,Lens,Lorient,3.0,0.0,post
746505,2025-11-02 17:15:00,2025,166,7868,Lille,Angers,1.0,0.0,post
746507,2025-11-02 17:15:00,2025,165,177,Nantes,Metz,0.0,2.0,post
746510,2025-11-02 17:15:00,2025,179,3236,Toulouse,Le Havre,0.0,0.0,post
746503,2025-11-02 20:45:00,2025,6997,167,Brest,Lyon,0.0,0.0,post
746518,2025-11-07 20:45:00,2025,6851,169,Paris FC,Rennes,0.0,1.0,post
746519,2025-11-08 17:00:00,2025,176,6997,Marseille,Brest,3.0,0.0,post
746512,2025-11-08 19:00:00,2025,3236,165,Le Havre,Nantes,1.0,1.0,post
746517,2025-11-08 21:05:00,2025,174,175,Monaco,Lens,1.0,4.0,post
746515,2025-11-09 15:00:00,2025,273,179,Lorient,Toulouse,1.0,1.0,post
746511,2025-11-09 17:15:00,2025,7868,172,Angers,Auxerre,2.0,0.0,post
746516,2025-11-09 17:15:00,2025,177,2502,Metz,Nice,2.0,1.0,post
746513,2025-11-09 17:15:00,2025,180,166,Strasbourg,Lille,2.0,0.0,post
746514,2025-11-09 20:45:00,2025,167,160,Lyon,Paris Saint-Germain,2.0,3.0,post
746521,2025-11-21 20:45:00,2025,2502,176,Nice,Marseille,1.0,5.0,post
746528,2025-11-22 17:00:00,2025,175,180,Lens,Strasbourg,1.0,0.0,post
746527,2025-11-22 19:00:00,2025,169,174,Rennes,Monaco,4.0,1.0,post
746522,2025-11-22 21:05:00,2025,160,3236,Paris Saint-Germain,Le Havre,3.0,0.0,post
746526,2025-11-23 15:00:00,2025,172,167,Auxerre,Lyon,0.0,0.0,post
746523,2025-11-23 17:15:00,2025,6997,177,Brest,Metz,3.0,2.0,post
746520,2025-11-23 17:15:00,2025,165,273,Nantes,Lorient,1.0,1.0,post
746524,2025-11-23 17:15:00,2025,179,7868,Toulouse,Angers,0.0,1.0,post
746525,2025-11-23 20:45:00,2025,166,6851,Lille,Paris FC,4.0,2.0,post
746530,2025-11-28 20:45:00,2025,177,169,Metz,Rennes,0.0,1.0,post
746535,2025-11-29 17:00:00,2025,174,160,Monaco,Paris Saint-Germain,1.0,0.0,post
746532,2025-11-29 19:00:00,2025,6851,172,Paris FC,Auxerre,1.0,1.0,post
746529,2025-11-29 21:05:00,2025,176,179,Marseille,Toulouse,2.0,2.0,post
746537,2025-11-30 15:00:00,2025,180,6997,Strasbourg,Brest,1.0,2.0,post
746531,2025-11-30 17:15:00,2025,7868,175,Angers,Lens,1.0,2.0,post
746534,2025-11-30 17:15:00,2025,3236,166,Le Havre,Lille,0.0,1.0,post
746533,2025-11-30 17:15:00,2025,273,2502,Lorient,Nice,3.0,1.0,post
746536,2025-11-30 20:45:00,2025,167,165,Lyon,Nantes,3.0,0.0,post
746541,2025-12-05 19:00:00,2025,6997,174,Brest,Monaco,1.0,0.0,post
746539,2025-12-05 21:00:00,2025,166,176,Lille,Marseille,1.0,0.0,post
746545,2025-12-06 17:00:00,2025,165,175,Nantes,Lens,1.0,2.0,post
746546,2025-12-06 19:00:00,2025,179,180,Toulouse,Strasbourg,1.0,0.0,post
746543,2025-12-06 21:05:00,2025,160,169,Paris Saint-Germain,Rennes,5.0,0.0,post
746544,2025-12-07 15:00:00,2025,2502,7868,Nice,Angers,0.0,1.0,post
746538,2025-12-07 17:15:00,2025,172,177,Auxerre,Metz,3.0,1.0,post
746540,2025-12-07 17:15:00,2025,3236,6851,Le Havre,Paris FC,0.0,0.0,post
746542,2025-12-07 20:45:00,2025,273,167,Lorient,Lyon,1.0,0.0,post
746547,2025-12-12 20:45:00,2025,7868,165,Angers,Nantes,4.0,1.0,post
746554,2025-12-13 17:00:00,2025,169,6997,Rennes,Brest,3.0,1.0,post
746552,2025-12-13 19:00:00,2025,177,160,Metz,Paris Saint-Germain,2.0,3.0,post
746553,2025-12-13 21:05:00,2025,6851,179,Paris FC,Toulouse,0.0,3.0,post
746550,2025-12-14 15:00:00,2025,167,3236,Lyon,Le Havre,1.0,0.0,post
746548,2025-12-14 17:15:00,2025,172,166,Auxerre,Lille,3.0,4.0,post
746551,2025-12-14 17:15:00,2025,175,2502,Lens,Nice,2.0,0.0,post
746549,2025-12-14 17:15:00,2025,180,273,Strasbourg,Lorient,0.0,0.0,post
746555,2025-12-14 20:45:00,2025,176,174,Marseille,Monaco,1.0,0.0,post
746564,2026-01-02 20:45:00,2026,179,175,Toulouse,Lens,0.0,3.0,post
746561,2026-01-03 17:00:00,2026,174,167,Monaco,Lyon,1.0,3.0,post
746562,2026-01-03 19:00:00,2026,2502,180,Nice,Strasbourg,1.0,1.0,post
746558,2026-01-03 21:05:00,2026,166,169,Lille,Rennes,0.0,2.0,post
746560,2026-01-04 15:00:00,2026,176,165,Marseille,Nantes,0.0,2.0,post
746556,2026-01-04 17:15:00,2026,6997,172,Brest,Auxerre,2.0,0.0,post
746557,2026-01-04 17:15:00,2026,3236,7868,Le Havre,Angers,2.0,1.0,post
746559,2026-01-04 17:15:00,2026,273,177,Lorient,Metz,1.0,1.0,post
746563,2026-01-04 20:45:00,2026,160,6851,Paris Saint-Germain,Paris FC,2.0,1.0,post
746568,2026-01-16 19:00:00,2026,174,273,Monaco,Lorient,1.0,3.0,post
746570,2026-01-16 21:00:00,2026,160,166,Paris Saint-Germain,Lille,3.0,0.0,post
746566,2026-01-17 17:00:00,2026,175,172,Lens,Auxerre,1.0,0.0,post
746573,2026-01-17 19:00:00,2026,179,2502,Toulouse,Nice,5.0,1.0,post
746565,2026-01-17 21:05:00,2026,7868,176,Angers,Marseille,2.0,5.0,post
746572,2026-01-18 15:00:00,2026,180,177,Strasbourg,Metz,2.0,1.0,post
746569,2026-01-18 17:15:00,2026,165,6851,Nantes,Paris FC,1.0,2.0,post
746571,2026-01-18 17:15:00,2026,169,3236,Rennes,Le Havre,1.0,1.0,post
746567,2026-01-18 20:45:00,2026,167,6997,Lyon,Brest,2.0,1.0,post
746574,2026-01-23 20:00:00,2026,172,160,Auxerre,Paris Saint-Germain,0.0,1.0,post
746582,2026-01-24 17:00:00,2026,169,273,Rennes,Lorient,0.0,2.0,post
746576,2026-01-24 19:00:00,2026,3236,174,Le Havre,Monaco,0.0,0.0,post
746578,2026-01-24 21:05:00,2026,176,175,Marseille,Lens,3.0,1.0,post
746580,2026-01-25 15:00:00,2026,165,2502,Nantes,Nice,1.0,4.0,post
746575,2026-01-25 17:15:00,2026,6997,179,Brest,Toulouse,0.0,2.0,post
746579,2026-01-25 17:15:00,2026,177,167,Metz,Lyon,2.0,5.0,post
746581,2026-01-25 17:15:00,2026,6851,7868,Paris FC,Angers,0.0,0.0,post
746577,2026-01-25 20:45:00,2026,166,180,Lille,Strasbourg,1.0,4.0,post
746589,2026-01-30 20:45:00,2026,175,3236,Lens,Le Havre,1.0,0.0,post
746586,2026-01-31 17:00:00,2026,6851,176,Paris FC,Marseille,2.0,2.0,post
746587,2026-01-31 19:00:00,2026,273,165,Lorient,Nantes,2.0,1.0,post
746584,2026-01-31 21:05:00,2026,174,169,Monaco,Rennes,4.0,0.0,post
746583,2026-02-01 15:00:00,2026,167,166,Lyon,Lille,1.0,0.0,post
746590,2026-02-01 17:15:00,2026,7868,177,Angers,Metz,1.0,0.0,post
746585,2026-02-01 17:15:00,2026,2502,6997,Nice,Brest,2.0,2.0,post
746588,2026-02-01 17:15:00,2026,179,172,Toulouse,Auxerre,0.0,0.0,post
746591,2026-02-01 20:45:00,2026,180,160,Strasbourg,Paris Saint-Germain,1.0,2.0,post
746597,2026-02-06 20:45:00,2026,177,166,Metz,Lille,0.0,0.0,post
746596,2026-02-07 17:00:00,2026,175,169,Lens,Rennes,3.0,1.0,post
746594,2026-02-07 19:00:00,2026,6997,273,Brest,Lorient,2.0,0.0,post
746598,2026-02-07 21:05:00,2026,165,167,Nantes,Lyon,0.0,1.0,post
746599,2026-02-08 15:00:00,2026,2502,174,Nice,Monaco,0.0,0.0,post
746593,2026-02-08 17:15:00,2026,172,6851,Auxerre,Paris FC,0.0,0.0,post
746592,2026-02-08 17:15:00,2026,7868,179,Angers,Toulouse,1.0,0.0,post
746600,2026-02-08 17:15:00,2026,3236,180,Le Havre,Strasbourg,2.0,1.0,post
746595,2026-02-08 20:45:00,2026,160,176,Paris Saint-Germain,Marseille,5.0,0.0,post
746601,2026-02-13 19:00:00,2026,169,160,Rennes,Paris Saint-Germain,3.0,1.0,post
746609,2026-02-13 21:05:00,2026,174,165,Monaco,Nantes,3.0,1.0,post
746607,2026-02-14 17:00:00,2026,176,180,Marseille,Strasbourg,2.0,2.0,post
746604,2026-02-14 19:00:00,2026,166,6997,Lille,Brest,1.0,1.0,post
746602,2026-02-14 21:05:00,2026,6851,175,Paris FC,Lens,0.0,5.0,post
746603,2026-02-15 15:00:00,2026,3236,179,Le Havre,Toulouse,2.0,1.0,post
746605,2026-02-15 17:15:00,2026,273,7868,Lorient,Angers,2.0,0.0,post
746608,2026-02-15 17:15:00,2026,177,172,Metz,Auxerre,1.0,3.0,post
746606,2026-02-15 20:45:00,2026,167,2502,Lyon,Nice,2.0,0.0,post
746613,2026-02-20 20:45:00,2026,6997,176,Brest,Marseille,2.0,0.0,post
746614,2026-02-21 17:00:00,2026,175,174,Lens,Monaco,2.0,3.0,post
746610,2026-02-21 19:00:00,2026,179,6851,Toulouse,Paris FC,1.0,1.0,post
746617,2026-02-21 21:05:00,2026,160,177,Paris Saint-Germain,Metz,3.0,0.0,post
746612,2026-02-22 15:00:00,2026,172,169,Auxerre,Rennes,0.0,3.0,post
746611,2026-02-22 17:15:00,2026,7868,166,Angers,Lille,0.0,1.0,post
746615,2026-02-22 17:15:00,2026,165,3236,Nantes,Le Havre,2.0,0.0,post
746616,2026-02-22 17:15:00,2026,2502,273,Nice,Lorient,3.0,3.0,post
746618,2026-02-22 20:45:00,2026,180,167,Strasbourg,Lyon,3.0,1.0,post
746622,2026-02-27 20:45:00,2026,180,175,Strasbourg,Lens,1.0,1.0,post
746626,2026-02-28 17:00:00,2026,169,179,Rennes,Toulouse,1.0,0.0,post
746624,2026-02-28 19:00:00,2026,174,7868,Monaco,Angers,2.0,0.0,post
746619,2026-02-28 21:05:00,2026,3236,160,Le Havre,Paris Saint-Germain,0.0,1.0,post
746625,2026-03-01 15:00:00,2026,6851,2502,Paris FC,Nice,1.0,0.0,post
746620,2026-03-01 17:15:00,2026,166,165,Lille,Nantes,1.0,0.0,post
746621,2026-03-01 17:15:00,2026,273,172,Lorient,Auxerre,2.0,2.0,post
746627,2026-03-01 17:15:00,2026,177,6997,Metz,Brest,0.0,1.0,post
746623,2026-03-01 20:45:00,2026,176,167,Marseille,Lyon,3.0,2.0,post
746635,2026-03-06 20:45:00,2026,160,174,Paris Saint-Germain,Monaco,1.0,3.0,post
746633,2026-03-07 17:00:00,2026,165,7868,Nantes,Angers,0.0,1.0,post
746628,2026-03-07 19:00:00,2026,172,180,Auxerre,Strasbourg,0.0,0.0,post
746636,2026-03-07 21:05:00,2026,179,176,Toulouse,Marseille,0.0,1.0,post
746630,2026-03-08 15:00:00,2026,175,177,Lens,Metz,3.0,0.0,post
746629,2026-03-08 17:15:00,2026,6997,3236,Brest,Le Havre,2.0,0.0,post
746631,2026-03-08 17:15:00,2026,166,273,Lille,Lorient,1.0,1.0,post
746634,2026-03-08 17:15:00,2026,2502,169,Nice,Rennes,0.0,4.0,post
746632,2026-03-08 20:45:00,2026,167,6851,Lyon,Paris FC,1.0,1.0,post
746640,2026-03-13 20:45:00,2026,176,172,Marseille,Auxerre,1.0,0.0,post
746639,2026-03-14 17:00:00,2026,273,175,Lorient,Lens,2.0,1.0,post
746637,2026-03-14 19:00:00,2026,7868,2502,Angers,Nice,0.0,2.0,post
746642,2026-03-14 21:05:00,2026,174,6997,Monaco,Brest,2.0,0.0,post
746645,2026-03-15 15:00:00,2026,180,6851,Strasbourg,Paris FC,0.0,0.0,post
746638,2026-03-15 17:15:00,2026,3236,167,Le Havre,Lyon,0.0,0.0,post
746641,2026-03-15 17:15:00,2026,177,179,Metz,Toulouse,3.0,4.0,post
746644,2026-03-15 20:45:00,2026,169,166,Rennes,Lille,1.0,2.0,post
746647,2026-03-20 20:45:00,2026,175,7868,Lens,Angers,5.0,1.0,post
746654,2026-03-21 17:00:00,2026,179,273,Toulouse,Lorient,1.0,0.0,post
746646,2026-03-21 19:00:00,2026,172,6997,Auxerre,Brest,3.0,0.0,post
746651,2026-03-21 21:05:00,2026,2502,160,Nice,Paris Saint-Germain,0.0,4.0,post
746648,2026-03-22 15:00:00,2026,167,174,Lyon,Monaco,1.0,2.0,post
746652,2026-03-22 17:15:00,2026,6851,3236,Paris FC,Le Havre,3.0,2.0,post
746653,2026-03-22 17:15:00,2026,169,177,Rennes,Metz,0.0,0.0,post
746649,2026-03-22 17:15:00,2026,176,166,Marseille,Lille,1.0,2.0,post
746650,2026-03-22 20:45:00,2026,165,180,Nantes,Strasbourg,2.0,3.0,post
746662,2026-04-03 20:45:00,2026,160,179,Paris Saint-Germain,Toulouse,3.0,1.0,post
746658,2026-04-04 17:00:00,2026,180,2502,Strasbourg,Nice,3.0,1.0,post
746656,2026-04-04 19:00:00,2026,6997,169,Brest,Rennes,3.0,4.0,post
746659,2026-04-04 21:05:00,2026,166,175,Lille,Lens,3.0,0.0,post
746655,2026-04-05 15:00:00,2026,7868,167,Angers,Lyon,0.0,0.0,post
746657,2026-04-05 17:15:00,2026,3236,172,Le Havre,Auxerre,1.0,1.0,post
746663,2026-04-05 17:15:00,2026,273,6851,Lorient,Paris FC,1.0,1.0,post
746660,2026-04-05 17:15:00,2026,177,165,Metz,Nantes,0.0,0.0,post
746661,2026-04-05 20:45:00,2026,174,176,Monaco,Marseille,2.0,1.0,post
746670,2026-04-10 19:00:00,2026,6851,174,Paris FC,Monaco,4.0,1.0,post
746668,2026-04-10 21:05:00,2026,176,177,Marseille,Metz,3.0,1.0,post
746664,2026-04-11 19:00:00,2026,172,165,Auxerre,Nantes,0.0,0.0,post
746671,2026-04-11 21:05:00,2026,169,7868,Rennes,Angers,2.0,1.0,post
746669,2026-04-12 17:15:00,2026,2502,3236,Nice,Le Havre,1.0,1.0,post
746672,2026-04-12 17:15:00,2026,179,166,Toulouse,Lille,0.0,4.0,post
746667,2026-04-12 20:45:00,2026,167,273,Lyon,Lorient,2.0,0.0,post
746674,2026-04-17 20:45:00,2026,175,179,Lens,Toulouse,3.0,2.0,post
746676,2026-04-18 17:00:00,2026,273,176,Lorient,Marseille,2.0,0.0,post
746673,2026-04-18 19:00:00,2026,7868,3236,Angers,Le Havre,1.0,1.0,post
746675,2026-04-18 21:05:00,2026,166,2502,Lille,Nice,0.0,0.0,post
746678,2026-04-19 15:00:00,2026,174,172,Monaco,Auxerre,2.0,2.0,post
746677,2026-04-19 17:15:00,2026,177,6851,Metz,Paris FC,1.0,3.0,post
746679,2026-04-19 17:15:00,2026,165,6997,Nantes,Brest,1.0,1.0,post
746681,2026-04-19 17:15:00,2026,180,169,Strasbourg,Rennes,0.0,3.0,post
746680,2026-04-19 20:45:00,2026,160,167,Paris Saint-Germain,Lyon,1.0,2.0,post
746643,2026-04-22 19:00:00,2026,160,165,Paris Saint-Germain,Nantes,3.0,0.0,post
746683,2026-04-24 20:45:00,2026,6997,175,Brest,Lens,3.0,3.0,post
746686,2026-04-25 15:00:00,2026,167,172,Lyon,Auxerre,3.0,2.0,post
746682,2026-04-25 19:00:00,2026,7868,160,Angers,Paris Saint-Germain,0.0,3.0,post
746690,2026-04-25 21:05:00,2026,179,174,Toulouse,Monaco,2.0,2.0,post
746685,2026-04-26 15:00:00,2026,273,180,Lorient,Strasbourg,2.0,3.0,post
746684,2026-04-26 17:15:00,2026,3236,177,Le Havre,Metz,4.0,4.0,post
746688,2026-04-26 17:15:00,2026,6851,166,Paris FC,Lille,0.0,1.0,post
746689,2026-04-26 17:15:00,2026,169,165,Rennes,Nantes,2.0,1.0,post
746687,2026-04-26 20:45:00,2026,176,2502,Marseille,Nice,1.0,1.0,post
746694,2026-05-02 15:00:00,2026,165,176,Nantes,Marseille,3.0,0.0,post
746695,2026-05-02 17:00:00,2026,160,273,Paris Saint-Germain,Lorient,2.0,2.0,post
746693,2026-05-02 19:00:00,2026,177,174,Metz,Monaco,1.0,2.0,post
746697,2026-05-02 21:05:00,2026,2502,175,Nice,Lens,1.0,1.0,post
746691,2026-05-03 15:00:00,2026,166,3236,Lille,Le Havre,1.0,1.0,post
746698,2026-05-03 17:15:00,2026,6851,6997,Paris FC,Brest,4.0,0.0,post
746696,2026-05-03 17:15:00,2026,180,179,Strasbourg,Toulouse,1.0,2.0,post
746699,2026-05-03 17:15:00,2026,172,7868,Auxerre,Angers,3.0,1.0,post
746692,2026-05-03 20:45:00,2026,167,169,Lyon,Rennes,4.0,2.0,post
746702,2026-05-08 20:45:00,2026,175,165,Lens,Nantes,1.0,0.0,post
746700,2026-05-10 21:00:00,2026,172,2502,Auxerre,Nice,2.0,1.0,post
746704,2026-05-10 21:00:00,2026,7868,180,Angers,Strasbourg,1.0,1.0,post
746703,2026-05-10 21:00:00,2026,174,166,Monaco,Lille,0.0,1.0,post
746701,2026-05-10 21:00:00,2026,3236,176,Le Havre,Marseille,0.0,1.0,post
746708,2026-05-10 21:00:00,2026,177,273,Metz,Lorient,0.0,4.0,post
746705,2026-05-10 21:00:00,2026,160,6997,Paris Saint-Germain,Brest,1.0,0.0,post
746706,2026-05-10 21:00:00,2026,169,6851,Rennes,Paris FC,2.0,1.0,post
746707,2026-05-10 21:00:00,2026,179,167,Toulouse,Lyon,2.0,1.0,post
746665,2026-05-13 19:00:00,2026,6997,180,Brest,Strasbourg,1.0,2.0,post
746666,2026-05-13 21:00:00,2026,175,160,Lens,Paris Saint-Germain,0.0,2.0,post
746715,2026-05-17 21:00:00,2026,2502,177,Nice,Metz,0.0,0.0,post
746713,2026-05-17 21:00:00,2026,6851,160,Paris FC,Paris Saint-Germain,2.0,1.0,post
746717,2026-05-17 21:00:00,2026,176,169,Marseille,Rennes,3.0,1.0,post
746716,2026-05-17 21:00:00,2026,180,174,Strasbourg,Monaco,5.0,4.0,post
746711,2026-05-17 21:00:00,2026,273,3236,Lorient,Le Havre,0.0,2.0,post
746709,2026-05-17 21:00:00,2026,6997,7868,Brest,Angers,1.0,1.0,post
746712,2026-05-17 21:00:00,2026,167,175,Lyon,Lens,0.0,4.0,post
746710,2026-05-17 21:00:00,2026,166,172,Lille,Auxerre,0.0,2.0,post
401876489,2026-08-21 20:45:00,2026,176,180,Marseille,Strasbourg,4.0,0.0,post
401876490,2026-08-22 17:15:00,2026,175,172,Lens,Auxerre,5.0,2.0,post
401876491,2026-08-22 20:45:00,2026,2697,6997,Le Mans,Brest,2.0,2.0,post
401876488,2026-08-22 20:45:00,2026,2502,273,Nice,Lorient,0.0,0.0,post
401876486,2026-08-22 20:45:00,2026,179,167,Toulouse,Lyon,0.0,2.0,post
401876485,2026-08-22 20:45:00,2026,170,6851,Troyes,Paris FC,0.0,0.0,post
401876493,2026-08-23 15:00:00,2026,7868,166,Angers,Lille,0.0,2.0,post
401876492,2026-08-23 17:15:00,2026,3236,174,Le Havre,Monaco,0.0,1.0,post
401876487,2026-08-23 20:45:00,2026,169,160,Rennes,Paris Saint-Germain,2.0,2.0,post
401876476,2026-08-28 21:00:00,2026,166,160,Lille,Paris Saint-Germain,2.0,2.0,post
401876477,2026-08-29 17:15:00,2026,180,175,Strasbourg,Lens,2.0,1.0,post
401876481,2026-08-29 20:45:00,2026,167,3236,Lyon,Le Havre,1.0,1.0,post
401876482,2026-08-29 20:45:00,2026,273,170,Lorient,Troyes,1.0,2.0,post
401876483,2026-08-29 20:45:00,2026,6997,179,Brest,Toulouse,2.0,2.0,post
401876484,2026-08-29 20:45:00,2026,172,7868,Auxerre,Angers,1.0,3.0,post
401876479,2026-08-30 15:00:00,2026,6851,2502,Paris FC,Nice,3.0,0.0,post
401876478,2026-08-30 17:15:00,2026,169,2697,Rennes,Le Mans,3.0,2.0,post
401876480,2026-08-30 20:45:00,2026,174,176,Monaco,Marseille,2.0,0.0,post
401876468,2026-09-03 20:45:00,2026,179,166,Toulouse,Lille,0.0,1.0,post
401876472,2026-09-04 19:00:00,2026,167,172,Lyon,Auxerre,3.0,1.0,post
401876469,2026-09-04 21:05:00,2026,160,174,Paris Saint-Germain,Monaco,1.0,2.0,post
401876473,2026-09-05 17:15:00,2026,175,273,Lens,Lorient,0.0,1.0,post
401876474,2026-09-05 20:45:00,2026,3236,6997,Le Havre,Brest,1.0,2.0,post
401876470,2026-09-05 20:45:00,2026,2502,2697,Nice,Le Mans,1.0,1.0,post
401876467,2026-09-06 15:00:00,2026,170,180,Troyes,Strasbourg,2.0,6.0,post
401876475,2026-09-06 17:15:00,2026,7868,169,Angers,Rennes,1.0,2.0,post
401876471,2026-09-06 20:45:00,2026,176,6851,Marseille,Paris FC,2.0,3.0,post
