event_id,fecha,temporada,local_id,visita_id,local,visita,goles_local,goles_visita,estado,status_name
592874,2021-04-10 15:00:00,2021,2720,2495,Malmo FF,Hammarby,3,2,post,STATUS_FULL_TIME
592875,2021-04-10 17:30:00,2021,7944,2556,Orebro SK,IFK Goteborg,0,0,post,STATUS_FULL_TIME
592872,2021-04-11 15:00:00,2021,3017,7834,Halmstads BK,BK Hacken,1,0,post,STATUS_FULL_TIME
592877,2021-04-11 15:00:00,2021,20301,6545,Mjallby AIF,Varbergs BoIS,0,0,post,STATUS_FULL_TIME
592873,2021-04-11 17:30:00,2021,529,2339,IF Elfsborg,Djurgarden,0,2,post,STATUS_FULL_TIME
592876,2021-04-11 17:30:00,2021,8544,8547,IFK Norrkoping,IK Sirius,1,1,post,STATUS_FULL_TIME
600561,2021-04-12 19:00:00,2021,994,20856,AIK,Degerfors IF,2,0,post,STATUS_FULL_TIME
592878,2021-04-12 19:00:00,2021,3052,5043,Kalmar FF,Ostersunds FK,0,0,post,STATUS_FULL_TIME
592870,2021-04-17 15:00:00,2021,2495,20301,Hammarby,Mjallby AIF,2,0,post,STATUS_FULL_TIME
592871,2021-04-18 15:00:00,2021,5043,7944,Ostersunds FK,Orebro SK,5,0,post,STATUS_FULL_TIME
600560,2021-04-18 15:00:00,2021,20856,3052,Degerfors IF,Kalmar FF,0,1,post,STATUS_FULL_TIME
592869,2021-04-18 15:00:00,2021,7834,2720,BK Hacken,Malmo FF,1,2,post,STATUS_FULL_TIME
592868,2021-04-18 17:30:00,2021,2339,8544,Djurgarden,IFK Norrkoping,1,0,post,STATUS_FULL_TIME
592866,2021-04-18 17:30:00,2021,8547,3017,IK Sirius,Halmstads BK,1,0,post,STATUS_FULL_TIME
592865,2021-04-19 19:00:00,2021,2556,994,IFK Goteborg,AIK,2,0,post,STATUS_FULL_TIME
592867,2021-04-19 19:00:00,2021,6545,529,Varbergs BoIS,IF Elfsborg,1,3,post,STATUS_FULL_TIME
592861,2021-04-24 15:00:00,2021,7834,8547,BK Hacken,IK Sirius,1,2,post,STATUS_FULL_TIME
592859,2021-04-25 15:00:00,2021,8544,3017,IFK Norrkoping,Halmstads BK,2,1,post,STATUS_FULL_TIME
592863,2021-04-25 15:00:00,2021,3052,7944,Kalmar FF,Orebro SK,1,0,post,STATUS_FULL_TIME
592858,2021-04-25 15:00:00,2021,6545,2339,Varbergs BoIS,Djurgarden,1,3,post,STATUS_FULL_TIME
592864,2021-04-25 17:30:00,2021,2720,5043,Malmo FF,Ostersunds FK,1,1,post,STATUS_FULL_TIME
592860,2021-04-25 17:30:00,2021,994,2495,AIK,Hammarby,2,0,post,STATUS_FULL_TIME
592862,2021-04-26 18:30:00,2021,529,20301,IF Elfsborg,Mjallby AIF,1,0,post,STATUS_FULL_TIME
600559,2021-04-26 18:30:00,2021,2556,20856,IFK Goteborg,Degerfors IF,2,3,post,STATUS_FULL_TIME
592855,2021-05-01 15:00:00,2021,8547,3052,IK Sirius,Kalmar FF,1,1,post,STATUS_FULL_TIME
592851,2021-05-01 17:30:00,2021,2495,7834,Hammarby,BK Hacken,1,1,post,STATUS_FULL_TIME
592853,2021-05-02 15:00:00,2021,3017,2556,Halmstads BK,IFK Goteborg,1,1,post,STATUS_FULL_TIME
592854,2021-05-02 15:00:00,2021,7944,8544,Orebro SK,IFK Norrkoping,0,3,post,STATUS_FULL_TIME
592857,2021-05-02 15:00:00,2021,5043,6545,Ostersunds FK,Varbergs BoIS,1,2,post,STATUS_FULL_TIME
592852,2021-05-02 17:30:00,2021,994,529,AIK,IF Elfsborg,1,0,post,STATUS_FULL_TIME
600558,2021-05-03 18:30:00,2021,20301,20856,Mjallby AIF,Degerfors IF,1,0,post,STATUS_FULL_TIME
592856,2021-05-03 18:30:00,2021,2339,2720,Djurgarden,Malmo FF,3,1,post,STATUS_FULL_TIME
592847,2021-05-08 15:00:00,2021,2495,8547,Hammarby,IK Sirius,3,2,post,STATUS_FULL_TIME
592845,2021-05-08 15:00:00,2021,2556,7834,IFK Goteborg,BK Hacken,1,1,post,STATUS_FULL_TIME
592848,2021-05-08 17:30:00,2021,529,3052,IF Elfsborg,Kalmar FF,2,2,post,STATUS_FULL_TIME
592846,2021-05-08 17:30:00,2021,7944,3017,Orebro SK,Halmstads BK,1,0,post,STATUS_FULL_TIME
600557,2021-05-09 15:00:00,2021,20856,2339,Degerfors IF,Djurgarden,2,0,post,STATUS_FULL_TIME
592850,2021-05-09 15:00:00,2021,20301,5043,Mjallby AIF,Ostersunds FK,1,0,post,STATUS_FULL_TIME
592849,2021-05-09 17:30:00,2021,2720,6545,Malmo FF,Varbergs BoIS,3,2,post,STATUS_FULL_TIME
592844,2021-05-10 18:30:00,2021,8544,994,IFK Norrkoping,AIK,2,0,post,STATUS_FULL_TIME
592837,2021-05-12 18:30:00,2021,6545,2495,Varbergs BoIS,Hammarby,1,3,post,STATUS_FULL_TIME
592838,2021-05-12 18:30:00,2021,8547,529,IK Sirius,IF Elfsborg,0,2,post,STATUS_FULL_TIME
592839,2021-05-12 18:30:00,2021,3052,2556,Kalmar FF,IFK Goteborg,0,0,post,STATUS_FULL_TIME
592843,2021-05-12 18:30:00,2021,2339,5043,Djurgarden,Ostersunds FK,2,0,post,STATUS_FULL_TIME
592842,2021-05-12 18:30:00,2021,7834,7944,BK Hacken,Orebro SK,2,3,post,STATUS_FULL_TIME
592841,2021-05-13 17:00:00,2021,3017,20301,Halmstads BK,Mjallby AIF,1,1,post,STATUS_FULL_TIME
592840,2021-05-13 18:30:00,2021,994,2720,AIK,Malmo FF,1,1,post,STATUS_FULL_TIME
600556,2021-05-13 18:30:00,2021,8544,20856,IFK Norrkoping,Degerfors IF,1,1,post,STATUS_FULL_TIME
592832,2021-05-16 17:30:00,2021,2495,2339,Hammarby,Djurgarden,2,2,post,STATUS_FULL_TIME
592834,2021-05-17 18:30:00,2021,6545,8544,Varbergs BoIS,IFK Norrkoping,2,1,post,STATUS_FULL_TIME
592831,2021-05-17 18:30:00,2021,20301,7834,Mjallby AIF,BK Hacken,1,1,post,STATUS_FULL_TIME
592830,2021-05-17 18:30:00,2021,5043,994,Ostersunds FK,AIK,1,2,post,STATUS_FULL_TIME
592835,2021-05-17 18:30:00,2021,2556,8547,IFK Goteborg,IK Sirius,2,2,post,STATUS_FULL_TIME
592833,2021-05-17 18:30:00,2021,529,3017,IF Elfsborg,Halmstads BK,2,3,post,STATUS_FULL_TIME
592836,2021-05-17 18:30:00,2021,2720,3052,Malmo FF,Kalmar FF,3,1,post,STATUS_FULL_TIME
600555,2021-05-18 18:30:00,2021,20856,7944,Degerfors IF,Orebro SK,3,0,post,STATUS_FULL_TIME
592791,2021-05-20 18:30:00,2021,2720,529,Malmo FF,IF Elfsborg,2,1,post,STATUS_FULL_TIME
592828,2021-05-22 15:00:00,2021,994,20301,AIK,Mjallby AIF,2,2,post,STATUS_FULL_TIME
592826,2021-05-22 17:30:00,2021,5043,8547,Ostersunds FK,IK Sirius,3,0,post,STATUS_FULL_TIME
600554,2021-05-23 15:00:00,2021,3017,20856,Halmstads BK,Degerfors IF,0,0,post,STATUS_FULL_TIME
592823,2021-05-23 15:00:00,2021,3052,2495,Kalmar FF,Hammarby,2,1,post,STATUS_FULL_TIME
592829,2021-05-23 17:30:00,2021,7834,6545,BK Hacken,Varbergs BoIS,3,1,post,STATUS_FULL_TIME
592824,2021-05-23 17:30:00,2021,2339,2556,Djurgarden,IFK Goteborg,0,0,post,STATUS_FULL_TIME
592825,2021-05-24 18:30:00,2021,529,8544,IF Elfsborg,IFK Norrkoping,1,0,post,STATUS_FULL_TIME
592827,2021-05-24 18:30:00,2021,7944,2720,Orebro SK,Malmo FF,1,2,post,STATUS_FULL_TIME
592820,2021-07-03 15:00:00,2021,8544,2720,IFK Norrkoping,Malmo FF,3,2,post,STATUS_FULL_TIME
600553,2021-07-03 17:30:00,2021,20856,5043,Degerfors IF,Ostersunds FK,3,1,post,STATUS_FULL_TIME
592816,2021-07-04 15:00:00,2021,7834,994,BK Hacken,AIK,2,1,post,STATUS_FULL_TIME
592819,2021-07-04 15:00:00,2021,6545,3052,Varbergs BoIS,Kalmar FF,1,1,post,STATUS_FULL_TIME
592817,2021-07-04 17:30:00,2021,2495,3017,Hammarby,Halmstads BK,1,1,post,STATUS_FULL_TIME
592821,2021-07-04 17:30:00,2021,8547,20301,IK Sirius,Mjallby AIF,2,1,post,STATUS_FULL_TIME
592822,2021-07-05 19:00:00,2021,2339,7944,Djurgarden,Orebro SK,3,0,post,STATUS_FULL_TIME
592818,2021-07-05 19:00:00,2021,2556,529,IFK Goteborg,IF Elfsborg,0,1,post,STATUS_FULL_TIME
592813,2021-07-10 15:00:00,2021,2720,8547,Malmo FF,IK Sirius,4,0,post,STATUS_FULL_TIME
592815,2021-07-10 17:30:00,2021,994,6545,AIK,Varbergs BoIS,2,1,post,STATUS_FULL_TIME
592812,2021-07-11 15:00:00,2021,20301,8544,Mjallby AIF,IFK Norrkoping,0,1,post,STATUS_FULL_TIME
600552,2021-07-11 15:00:00,2021,2495,20856,Hammarby,Degerfors IF,5,1,post,STATUS_FULL_TIME
592814,2021-07-11 17:30:00,2021,529,7944,IF Elfsborg,Orebro SK,2,1,post,STATUS_FULL_TIME
592811,2021-07-11 17:30:00,2021,5043,2556,Ostersunds FK,IFK Goteborg,2,3,post,STATUS_FULL_TIME
592810,2021-07-12 19:00:00,2021,3017,2339,Halmstads BK,Djurgarden,0,0,post,STATUS_FULL_TIME
592809,2021-07-12 19:00:00,2021,3052,7834,Kalmar FF,BK Hacken,2,3,post,STATUS_FULL_TIME
600551,2021-07-17 15:00:00,2021,20856,2720,Degerfors IF,Malmo FF,0,5,post,STATUS_FULL_TIME
592808,2021-07-17 17:30:00,2021,529,5043,IF Elfsborg,Ostersunds FK,3,0,post,STATUS_FULL_TIME
592802,2021-07-18 15:00:00,2021,8544,7834,IFK Norrkoping,BK Hacken,0,1,post,STATUS_FULL_TIME
592803,2021-07-18 15:00:00,2021,7944,2495,Orebro SK,Hammarby,0,2,post,STATUS_FULL_TIME
592805,2021-07-18 17:30:00,2021,994,3052,AIK,Kalmar FF,2,0,post,STATUS_FULL_TIME
592806,2021-07-18 18:00:00,2021,2556,20301,IFK Goteborg,Mjallby AIF,3,2,post,STATUS_FULL_TIME
592807,2021-07-19 19:00:00,2021,3017,6545,Halmstads BK,Varbergs BoIS,1,1,post,STATUS_FULL_TIME
592804,2021-07-19 19:00:00,2021,2339,8547,Djurgarden,IK Sirius,5,1,post,STATUS_FULL_TIME
592801,2021-07-24 15:00:00,2021,20301,2720,Mjallby AIF,Malmo FF,0,2,post,STATUS_FULL_TIME
600550,2021-07-24 17:30:00,2021,8547,20856,IK Sirius,Degerfors IF,2,0,post,STATUS_FULL_TIME
592796,2021-07-25 15:00:00,2021,3052,2339,Kalmar FF,Djurgarden,0,1,post,STATUS_FULL_TIME
592798,2021-07-25 17:30:00,2021,7834,529,BK Hacken,IF Elfsborg,1,1,post,STATUS_FULL_TIME
592800,2021-07-25 17:30:00,2021,2495,8544,Hammarby,IFK Norrkoping,2,1,post,STATUS_FULL_TIME
592795,2021-07-26 19:00:00,2021,7944,994,Orebro SK,AIK,1,1,post,STATUS_FULL_TIME
592797,2021-07-26 19:00:00,2021,5043,3017,Ostersunds FK,Halmstads BK,0,1,post,STATUS_FULL_TIME
592799,2021-07-26 19:00:00,2021,6545,2556,Varbergs BoIS,IFK Goteborg,2,0,post,STATUS_FULL_TIME
600549,2021-07-31 17:30:00,2021,20856,6545,Degerfors IF,Varbergs BoIS,1,1,post,STATUS_FULL_TIME
592788,2021-08-01 15:00:00,2021,2339,7834,Djurgarden,BK Hacken,2,1,post,STATUS_FULL_TIME
592790,2021-08-01 17:30:00,2021,5043,2495,Ostersunds FK,Hammarby,1,1,post,STATUS_FULL_TIME
592793,2021-08-01 17:30:00,2021,3052,20301,Kalmar FF,Mjallby AIF,1,0,post,STATUS_FULL_TIME
592789,2021-08-02 19:00:00,2021,994,3017,AIK,Halmstads BK,1,0,post,STATUS_FULL_TIME
592792,2021-08-02 19:00:00,2021,2556,8544,IFK Goteborg,IFK Norrkoping,1,2,post,STATUS_FULL_TIME
592794,2021-08-02 19:00:00,2021,8547,7944,IK Sirius,Orebro SK,1,2,post,STATUS_FULL_TIME
592785,2021-08-07 17:30:00,2021,3017,2720,Halmstads BK,Malmo FF,0,0,post,STATUS_FULL_TIME
592786,2021-08-07 17:30:00,2021,7944,20301,Orebro SK,Mjallby AIF,2,2,post,STATUS_FULL_TIME
592787,2021-08-08 15:00:00,2021,7834,5043,BK Hacken,Ostersunds FK,5,0,post,STATUS_FULL_TIME
592781,2021-08-08 15:00:00,2021,2339,994,Djurgarden,AIK,1,4,post,STATUS_FULL_TIME
600548,2021-08-08 17:30:00,2021,529,20856,IF Elfsborg,Degerfors IF,3,0,post,STATUS_FULL_TIME
592782,2021-08-08 17:30:00,2021,2556,2495,IFK Goteborg,Hammarby,0,0,post,STATUS_FULL_TIME
592783,2021-08-09 19:00:00,2021,6545,8547,Varbergs BoIS,IK Sirius,0,0,post,STATUS_FULL_TIME
592784,2021-08-09 19:00:00,2021,8544,3052,IFK Norrkoping,Kalmar FF,1,2,post,STATUS_FULL_TIME
592778,2021-08-14 15:00:00,2021,2720,2556,Malmo FF,IFK Goteborg,2,3,post,STATUS_FULL_TIME
592776,2021-08-14 17:30:00,2021,3052,3017,Kalmar FF,Halmstads BK,1,1,post,STATUS_FULL_TIME
600547,2021-08-15 15:00:00,2021,20856,7834,Degerfors IF,BK Hacken,3,0,post,STATUS_FULL_TIME
592775,2021-08-15 15:00:00,2021,20301,2339,Mjallby AIF,Djurgarden,0,1,post,STATUS_FULL_TIME
592777,2021-08-15 17:30:00,2021,2495,529,Hammarby,IF Elfsborg,0,2,post,STATUS_FULL_TIME
592779,2021-08-15 17:30:00,2021,5043,8544,Ostersunds FK,IFK Norrkoping,1,2,post,STATUS_FULL_TIME
592774,2021-08-16 19:00:00,2021,8547,994,IK Sirius,AIK,0,1,post,STATUS_FULL_TIME
592780,2021-08-16 19:00:00,2021,6545,7944,Varbergs BoIS,Orebro SK,1,0,post,STATUS_FULL_TIME
600546,2021-08-21 15:00:00,2021,2720,20856,Malmo FF,Degerfors IF,3,0,post,STATUS_FULL_TIME
592768,2021-08-22 15:00:00,2021,529,2495,IF Elfsborg,Hammarby,2,2,post,STATUS_FULL_TIME
592769,2021-08-22 15:00:00,2021,3017,8544,Halmstads BK,IFK Norrkoping,2,1,post,STATUS_FULL_TIME
592767,2021-08-22 17:30:00,2021,994,7834,AIK,BK Hacken,2,1,post,STATUS_FULL_TIME
592770,2021-08-22 17:30:00,2021,7944,8547,Orebro SK,IK Sirius,1,1,post,STATUS_FULL_TIME
592772,2021-08-23 19:00:00,2021,2339,20301,Djurgarden,Mjallby AIF,0,0,post,STATUS_FULL_TIME
592773,2021-08-23 19:00:00,2021,2556,6545,IFK Goteborg,Varbergs BoIS,1,2,post,STATUS_FULL_TIME
592771,2021-08-23 19:00:00,2021,5043,3052,Ostersunds FK,Kalmar FF,0,1,post,STATUS_FULL_TIME
592765,2021-08-28 15:00:00,2021,994,7944,AIK,Orebro SK,2,0,post,STATUS_FULL_TIME
600545,2021-08-28 15:00:00,2021,20856,20301,Degerfors IF,Mjallby AIF,0,2,post,STATUS_FULL_TIME
592761,2021-08-28 17:30:00,2021,6545,3017,Varbergs BoIS,Halmstads BK,1,0,post,STATUS_FULL_TIME
592760,2021-08-29 15:00:00,2021,8547,2339,IK Sirius,Djurgarden,1,0,post,STATUS_FULL_TIME
592766,2021-08-29 15:00:00,2021,8544,5043,IFK Norrkoping,Ostersunds FK,3,0,post,STATUS_FULL_TIME
592763,2021-08-29 15:00:00,2021,7834,2556,BK Hacken,IFK Goteborg,3,2,post,STATUS_FULL_TIME
592764,2021-08-29 17:30:00,2021,2495,2720,Hammarby,Malmo FF,2,1,post,STATUS_FULL_TIME
592762,2021-08-29 17:30:00,2021,3052,529,Kalmar FF,IF Elfsborg,0,3,post,STATUS_FULL_TIME
592759,2021-09-11 15:00:00,2021,8547,5043,IK Sirius,Ostersunds FK,1,0,post,STATUS_FULL_TIME
592757,2021-09-11 15:00:00,2021,2720,8544,Malmo FF,IFK Norrkoping,1,1,post,STATUS_FULL_TIME
592756,2021-09-12 15:00:00,2021,2339,2495,Djurgarden,Hammarby,4,1,post,STATUS_FULL_TIME
600544,2021-09-12 15:00:00,2021,3052,20856,Kalmar FF,Degerfors IF,4,1,post,STATUS_FULL_TIME
592755,2021-09-12 17:30:00,2021,2556,3017,IFK Goteborg,Halmstads BK,2,0,post,STATUS_FULL_TIME
592758,2021-09-13 19:00:00,2021,7944,6545,Orebro SK,Varbergs BoIS,0,3,post,STATUS_FULL_TIME
592753,2021-09-13 19:00:00,2021,20301,994,Mjallby AIF,AIK,0,0,post,STATUS_FULL_TIME
592754,2021-09-13 19:00:00,2021,529,7834,IF Elfsborg,BK Hacken,4,2,post,STATUS_FULL_TIME
600543,2021-09-18 15:00:00,2021,20856,8547,Degerfors IF,IK Sirius,1,2,post,STATUS_FULL_TIME
592746,2021-09-18 15:00:00,2021,2720,2339,Malmo FF,Djurgarden,1,1,post,STATUS_FULL_TIME
592750,2021-09-18 17:30:00,2021,7834,20301,BK Hacken,Mjallby AIF,0,0,post,STATUS_FULL_TIME
592751,2021-09-19 15:00:00,2021,8544,7944,IFK Norrkoping,Orebro SK,3,0,post,STATUS_FULL_TIME
592747,2021-09-19 15:00:00,2021,5043,529,Ostersunds FK,IF Elfsborg,3,1,post,STATUS_FULL_TIME
592749,2021-09-19 17:30:00,2021,3017,3052,Halmstads BK,Kalmar FF,0,1,post,STATUS_FULL_TIME
592748,2021-09-20 19:00:00,2021,994,2556,AIK,IFK Goteborg,3,1,post,STATUS_FULL_TIME
592752,2021-09-20 19:00:00,2021,2495,6545,Hammarby,Varbergs BoIS,1,0,post,STATUS_FULL_TIME
592745,2021-09-22 19:00:00,2021,7944,5043,Orebro SK,Ostersunds FK,2,0,post,STATUS_FULL_TIME
592743,2021-09-22 19:00:00,2021,8547,8544,IK Sirius,IFK Norrkoping,2,4,post,STATUS_FULL_TIME
600542,2021-09-22 19:00:00,2021,2339,20856,Djurgarden,Degerfors IF,3,2,post,STATUS_FULL_TIME
592744,2021-09-22 19:00:00,2021,529,2720,IF Elfsborg,Malmo FF,0,1,post,STATUS_FULL_TIME
592742,2021-09-23 19:00:00,2021,2495,2556,Hammarby,IFK Goteborg,3,0,post,STATUS_FULL_TIME
592739,2021-09-23 19:00:00,2021,3052,994,Kalmar FF,AIK,1,1,post,STATUS_FULL_TIME
592741,2021-09-23 19:00:00,2021,20301,3017,Mjallby AIF,Halmstads BK,0,0,post,STATUS_FULL_TIME
592740,2021-09-23 19:00:00,2021,6545,7834,Varbergs BoIS,BK Hacken,1,1,post,STATUS_FULL_TIME
592737,2021-09-25 17:30:00,2021,2720,7944,Malmo FF,Orebro SK,5,1,post,STATUS_FULL_TIME
592734,2021-09-26 15:00:00,2021,20301,529,Mjallby AIF,IF Elfsborg,4,0,post,STATUS_FULL_TIME
592732,2021-09-26 15:00:00,2021,5043,2339,Ostersunds FK,Djurgarden,0,3,post,STATUS_FULL_TIME
592738,2021-09-26 17:30:00,2021,8544,6545,IFK Norrkoping,Varbergs BoIS,2,1,post,STATUS_FULL_TIME
592733,2021-09-26 17:30:00,2021,7834,2495,BK Hacken,Hammarby,1,1,post,STATUS_FULL_TIME
600541,2021-09-27 19:00:00,2021,20856,994,Degerfors IF,AIK,2,1,post,STATUS_FULL_TIME
592735,2021-09-27 19:00:00,2021,3017,8547,Halmstads BK,IK Sirius,1,1,post,STATUS_FULL_TIME
592736,2021-09-27 19:00:00,2021,2556,3052,IFK Goteborg,Kalmar FF,0,2,post,STATUS_FULL_TIME
592728,2021-10-01 19:00:00,2021,529,2556,IF Elfsborg,IFK Goteborg,1,0,post,STATUS_FULL_TIME
600540,2021-10-02 15:00:00,2021,6545,20856,Varbergs BoIS,Degerfors IF,0,0,post,STATUS_FULL_TIME
592731,2021-10-02 17:30:00,2021,3017,5043,Halmstads BK,Ostersunds FK,1,1,post,STATUS_FULL_TIME
592726,2021-10-03 15:00:00,2021,994,2339,AIK,Djurgarden,1,0,post,STATUS_FULL_TIME
592729,2021-10-03 15:00:00,2021,3052,8547,Kalmar FF,IK Sirius,3,1,post,STATUS_FULL_TIME
592725,2021-10-03 15:00:00,2021,7944,7834,Orebro SK,BK Hacken,1,2,post,STATUS_FULL_TIME
592727,2021-10-03 17:30:00,2021,8544,2495,IFK Norrkoping,Hammarby,3,1,post,STATUS_FULL_TIME
592730,2021-10-03 17:30:00,2021,2720,20301,Malmo FF,Mjallby AIF,0,1,post,STATUS_FULL_TIME
592722,2021-10-16 15:00:00,2021,5043,2720,Ostersunds FK,Malmo FF,0,3,post,STATUS_FULL_TIME
600539,2021-10-16 15:00:00,2021,20856,3017,Degerfors IF,Halmstads BK,2,1,post,STATUS_FULL_TIME
592724,2021-10-16 17:30:00,2021,8547,6545,IK Sirius,Varbergs BoIS,2,1,post,STATUS_FULL_TIME
592718,2021-10-17 15:00:00,2021,2495,994,Hammarby,AIK,1,0,post,STATUS_FULL_TIME
592721,2021-10-17 15:00:00,2021,20301,3052,Mjallby AIF,Kalmar FF,4,0,post,STATUS_FULL_TIME
592723,2021-10-17 17:30:00,2021,2556,7944,IFK Goteborg,Orebro SK,2,0,post,STATUS_FULL_TIME
592720,2021-10-18 19:00:00,2021,7834,8544,BK Hacken,IFK Norrkoping,5,0,post,STATUS_FULL_TIME
592719,2021-10-18 19:00:00,2021,2339,529,Djurgarden,IF Elfsborg,0,3,post,STATUS_FULL_TIME
592715,2021-10-23 15:00:00,2021,2339,3052,Djurgarden,Kalmar FF,3,2,post,STATUS_FULL_TIME
592711,2021-10-23 17:30:00,2021,7834,3017,BK Hacken,Halmstads BK,2,3,post,STATUS_FULL_TIME
592712,2021-10-24 15:00:00,2021,20301,2556,Mjallby AIF,IFK Goteborg,1,3,post,STATUS_FULL_TIME
592717,2021-10-24 15:00:00,2021,2495,5043,Hammarby,Ostersunds FK,4,3,post,STATUS_FULL_TIME
592714,2021-10-24 15:00:00,2021,529,8547,IF Elfsborg,IK Sirius,3,0,post,STATUS_FULL_TIME
592713,2021-10-24 17:30:00,2021,994,8544,AIK,IFK Norrkoping,1,0,post,STATUS_FULL_TIME
592716,2021-10-24 17:30:00,2021,6545,2720,Varbergs BoIS,Malmo FF,1,1,post,STATUS_FULL_TIME
600538,2021-10-25 19:00:00,2021,7944,20856,Orebro SK,Degerfors IF,1,2,post,STATUS_FULL_TIME
592705,2021-10-27 19:00:00,2021,5043,7834,Ostersunds FK,BK Hacken,1,1,post,STATUS_FULL_TIME
592707,2021-10-27 19:00:00,2021,8547,2495,IK Sirius,Hammarby,0,1,post,STATUS_FULL_TIME
592710,2021-10-27 19:00:00,2021,3052,6545,Kalmar FF,Varbergs BoIS,2,2,post,STATUS_FULL_TIME
592704,2021-10-27 19:00:00,2021,2720,994,Malmo FF,AIK,1,0,post,STATUS_FULL_TIME
592706,2021-10-28 19:00:00,2021,2556,2339,IFK Goteborg,Djurgarden,3,0,post,STATUS_FULL_TIME
592708,2021-10-28 19:00:00,2021,8544,20301,IFK Norrkoping,Mjallby AIF,2,2,post,STATUS_FULL_TIME
600537,2021-10-28 19:00:00,2021,20856,529,Degerfors IF,IF Elfsborg,1,2,post,STATUS_FULL_TIME
592709,2021-10-28 19:00:00,2021,3017,7944,Halmstads BK,Orebro SK,1,1,post,STATUS_FULL_TIME
592702,2021-10-30 15:00:00,2021,8547,2720,IK Sirius,Malmo FF,2,3,post,STATUS_FULL_TIME
592703,2021-10-30 15:00:00,2021,6545,5043,Varbergs BoIS,Ostersunds FK,3,0,post,STATUS_FULL_TIME
592701,2021-10-30 17:30:00,2021,7834,3052,BK Hacken,Kalmar FF,1,4,post,STATUS_FULL_TIME
592700,2021-10-31 15:00:00,2021,8544,529,IFK Norrkoping,IF Elfsborg,3,2,post,STATUS_FULL_TIME
592698,2021-10-31 17:30:00,2021,7944,2339,Orebro SK,Djurgarden,0,1,post,STATUS_FULL_TIME
600536,2021-11-01 19:00:00,2021,20856,2556,Degerfors IF,IFK Goteborg,0,1,post,STATUS_FULL_TIME
592697,2021-11-01 19:00:00,2021,3017,994,Halmstads BK,AIK,1,0,post,STATUS_FULL_TIME
592699,2021-11-01 19:00:00,2021,20301,2495,Mjallby AIF,Hammarby,2,0,post,STATUS_FULL_TIME
592695,2021-11-06 15:00:00,2021,529,6545,IF Elfsborg,Varbergs BoIS,0,0,post,STATUS_FULL_TIME
592692,2021-11-06 17:30:00,2021,20301,8547,Mjallby AIF,IK Sirius,2,3,post,STATUS_FULL_TIME
592690,2021-11-06 17:30:00,2021,2339,3017,Djurgarden,Halmstads BK,1,0,post,STATUS_FULL_TIME
592696,2021-11-07 15:00:00,2021,994,5043,AIK,Ostersunds FK,3,0,post,STATUS_FULL_TIME
600535,2021-11-07 15:00:00,2021,7834,20856,BK Hacken,Degerfors IF,2,0,post,STATUS_FULL_TIME
592694,2021-11-07 15:00:00,2021,2495,7944,Hammarby,Orebro SK,3,2,post,STATUS_FULL_TIME
592693,2021-11-07 17:30:00,2021,2556,2720,IFK Goteborg,Malmo FF,0,2,post,STATUS_FULL_TIME
592691,2021-11-07 17:30:00,2021,3052,8544,Kalmar FF,IFK Norrkoping,1,0,post,STATUS_FULL_TIME
592684,2021-11-20 15:00:00,2021,2720,7834,Malmo FF,BK Hacken,2,2,post,STATUS_FULL_TIME
600534,2021-11-21 15:00:00,2021,20856,2495,Degerfors IF,Hammarby,1,4,post,STATUS_FULL_TIME
592686,2021-11-21 15:00:00,2021,3017,529,Halmstads BK,IF Elfsborg,0,1,post,STATUS_FULL_TIME
592687,2021-11-21 17:30:00,2021,8547,2556,IK Sirius,IFK Goteborg,3,3,post,STATUS_FULL_TIME
592683,2021-11-21 17:30:00,2021,6545,994,Varbergs BoIS,AIK,0,1,post,STATUS_FULL_TIME
592688,2021-11-22 19:00:00,2021,7944,3052,Orebro SK,Kalmar FF,1,2,post,STATUS_FULL_TIME
592685,2021-11-22 19:00:00,2021,8544,2339,IFK Norrkoping,Djurgarden,1,1,post,STATUS_FULL_TIME
592689,2021-11-22 19:30:00,2021,5043,20301,Ostersunds FK,Mjallby AIF,0,2,post,STATUS_FULL_TIME
600533,2021-11-28 15:00:00,2021,20856,8544,Degerfors IF,IFK Norrkoping,4,1,post,STATUS_FULL_TIME
592681,2021-11-28 15:00:00,2021,2339,6545,Djurgarden,Varbergs BoIS,2,3,post,STATUS_FULL_TIME
592682,2021-11-28 15:00:00,2021,2556,5043,IFK Goteborg,Ostersunds FK,4,0,post,STATUS_FULL_TIME
592678,2021-11-28 17:30:00,2021,3017,2495,Halmstads BK,Hammarby,0,0,post,STATUS_FULL_TIME
592679,2021-11-28 17:30:00,2021,3052,2720,Kalmar FF,Malmo FF,0,1,post,STATUS_FULL_TIME
592676,2021-11-29 19:00:00,2021,529,994,IF Elfsborg,AIK,2,4,post,STATUS_FULL_TIME
592677,2021-11-29 19:00:00,2021,8547,7834,IK Sirius,BK Hacken,3,0,post,STATUS_FULL_TIME
592680,2021-11-29 19:00:00,2021,20301,7944,Mjallby AIF,Orebro SK,0,0,post,STATUS_FULL_TIME
592675,2021-12-04 15:00:00,2021,6545,20301,Varbergs BoIS,Mjallby AIF,0,3,post,STATUS_FULL_TIME
600532,2021-12-04 15:00:00,2021,5043,20856,Ostersunds FK,Degerfors IF,0,1,post,STATUS_FULL_TIME
592671,2021-12-04 15:00:00,2021,7944,529,Orebro SK,IF Elfsborg,2,3,post,STATUS_FULL_TIME
592670,2021-12-04 15:00:00,2021,2720,3017,Malmo FF,Halmstads BK,0,0,post,STATUS_FULL_TIME
592669,2021-12-04 15:00:00,2021,7834,2339,BK Hacken,Djurgarden,0,1,post,STATUS_FULL_TIME
592674,2021-12-04 15:00:00,2021,2495,3052,Hammarby,Kalmar FF,5,3,post,STATUS_FULL_TIME
592673,2021-12-04 15:00:00,2021,994,8547,AIK,IK Sirius,4,2,post,STATUS_FULL_TIME
592672,2021-12-04 15:00:00,2021,8544,2556,IFK Norrkoping,IFK Goteborg,1,2,post,STATUS_FULL_TIME
628589,2022-04-02 15:00:00,2022,2495,535,Hammarby,Helsingborgs IF,2,1,post,STATUS_FULL_TIME
628586,2022-04-02 17:30:00,2022,7834,994,BK Hacken,AIK,4,2,post,STATUS_FULL_TIME
628588,2022-04-03 15:00:00,2022,8547,3010,IK Sirius,GIF Sundsvall,2,1,post,STATUS_FULL_TIME
628590,2022-04-03 15:00:00,2022,2556,21382,IFK Goteborg,IFK Varnamo,2,1,post,STATUS_FULL_TIME
628591,2022-04-03 17:30:00,2022,3052,2720,Kalmar FF,Malmo FF,0,1,post,STATUS_FULL_TIME
628593,2022-04-03 17:30:00,2022,8544,6545,IFK Norrkoping,Varbergs BoIS,0,1,post,STATUS_FULL_TIME
628592,2022-04-04 19:00:00,2022,529,20301,IF Elfsborg,Mjallby AIF,0,2,post,STATUS_FULL_TIME
628587,2022-04-04 19:10:00,2022,2339,20856,Djurgarden,Degerfors IF,3,1,post,STATUS_FULL_TIME
628580,2022-04-09 15:00:00,2022,3010,2495,GIF Sundsvall,Hammarby,1,5,post,STATUS_FULL_TIME
628578,2022-04-09 17:30:00,2022,20856,7834,Degerfors IF,BK Hacken,1,2,post,STATUS_FULL_TIME
628582,2022-04-10 15:00:00,2022,535,2556,Helsingborgs IF,IFK Goteborg,0,1,post,STATUS_FULL_TIME
628585,2022-04-10 15:00:00,2022,6545,3052,Varbergs BoIS,Kalmar FF,0,3,post,STATUS_FULL_TIME
628583,2022-04-10 17:30:00,2022,994,8544,AIK,IFK Norrkoping,1,0,post,STATUS_FULL_TIME
628579,2022-04-10 17:30:00,2022,20301,2339,Mjallby AIF,Djurgarden,1,0,post,STATUS_FULL_TIME
628584,2022-04-11 19:00:00,2022,21382,8547,IFK Varnamo,IK Sirius,0,0,post,STATUS_FULL_TIME
628581,2022-04-11 19:10:00,2022,2720,529,Malmo FF,IF Elfsborg,1,1,post,STATUS_FULL_TIME
628577,2022-04-15 15:00:00,2022,2495,20301,Hammarby,Mjallby AIF,2,0,post,STATUS_FULL_TIME
628575,2022-04-16 15:00:00,2022,2339,8544,Djurgarden,IFK Norrkoping,2,1,post,STATUS_FULL_TIME
628572,2022-04-16 15:00:00,2022,6545,3010,Varbergs BoIS,GIF Sundsvall,2,0,post,STATUS_FULL_TIME
628571,2022-04-17 15:00:00,2022,3052,20856,Kalmar FF,Degerfors IF,2,0,post,STATUS_FULL_TIME
628570,2022-04-17 15:00:00,2022,2720,994,Malmo FF,AIK,3,0,post,STATUS_FULL_TIME
628574,2022-04-17 17:30:00,2022,7834,2556,BK Hacken,IFK Goteborg,0,2,post,STATUS_FULL_TIME
628576,2022-04-17 17:30:00,2022,529,21382,IF Elfsborg,IFK Varnamo,4,1,post,STATUS_FULL_TIME
628573,2022-04-17 17:30:00,2022,8547,535,IK Sirius,Helsingborgs IF,1,0,post,STATUS_FULL_TIME
628566,2022-04-20 19:00:00,2022,20301,8547,Mjallby AIF,IK Sirius,3,0,post,STATUS_FULL_TIME
628562,2022-04-20 19:00:00,2022,8544,7834,IFK Norrkoping,BK Hacken,1,1,post,STATUS_FULL_TIME
628563,2022-04-20 19:00:00,2022,2556,2339,IFK Goteborg,Djurgarden,1,1,post,STATUS_FULL_TIME
628567,2022-04-20 19:00:00,2022,3010,3052,GIF Sundsvall,Kalmar FF,1,0,post,STATUS_FULL_TIME
628569,2022-04-20 19:00:00,2022,994,6545,AIK,Varbergs BoIS,1,0,post,STATUS_FULL_TIME
628564,2022-04-21 19:00:00,2022,20856,2495,Degerfors IF,Hammarby,0,1,post,STATUS_FULL_TIME
628565,2022-04-21 19:00:00,2022,535,529,Helsingborgs IF,IF Elfsborg,1,0,post,STATUS_FULL_TIME
628568,2022-04-21 19:00:00,2022,21382,2720,IFK Varnamo,Malmo FF,0,0,post,STATUS_FULL_TIME
628556,2022-04-24 15:00:00,2022,994,2339,AIK,Djurgarden,1,0,post,STATUS_FULL_TIME
628561,2022-04-24 15:00:00,2022,6545,20301,Varbergs BoIS,Mjallby AIF,0,0,post,STATUS_FULL_TIME
628554,2022-04-24 17:30:00,2022,535,7834,Helsingborgs IF,BK Hacken,1,1,post,STATUS_FULL_TIME
628555,2022-04-25 19:00:00,2022,21382,20856,IFK Varnamo,Degerfors IF,2,0,post,STATUS_FULL_TIME
628558,2022-04-25 19:00:00,2022,8547,2495,IK Sirius,Hammarby,0,3,post,STATUS_FULL_TIME
628557,2022-04-25 19:00:00,2022,529,3010,IF Elfsborg,GIF Sundsvall,3,1,post,STATUS_FULL_TIME
628559,2022-04-25 19:10:00,2022,2720,2556,Malmo FF,IFK Goteborg,1,0,post,STATUS_FULL_TIME
628560,2022-04-26 19:00:00,2022,3052,8544,Kalmar FF,IFK Norrkoping,1,2,post,STATUS_FULL_TIME
628550,2022-04-30 15:00:00,2022,2339,8547,Djurgarden,IK Sirius,4,0,post,STATUS_FULL_TIME
628548,2022-05-01 15:00:00,2022,20856,529,Degerfors IF,IF Elfsborg,0,6,post,STATUS_FULL_TIME
628547,2022-05-01 15:00:00,2022,20301,535,Mjallby AIF,Helsingborgs IF,2,1,post,STATUS_FULL_TIME
628553,2022-05-01 17:30:00,2022,7834,6545,BK Hacken,Varbergs BoIS,3,1,post,STATUS_FULL_TIME
628546,2022-05-01 17:30:00,2022,3010,994,GIF Sundsvall,AIK,0,2,post,STATUS_FULL_TIME
628549,2022-05-02 19:00:00,2022,8544,21382,IFK Norrkoping,IFK Varnamo,2,0,post,STATUS_FULL_TIME
628551,2022-05-02 19:00:00,2022,2556,3052,IFK Goteborg,Kalmar FF,1,2,post,STATUS_FULL_TIME
628552,2022-05-02 19:10:00,2022,2495,2720,Hammarby,Malmo FF,0,0,post,STATUS_FULL_TIME
628467,2022-05-05 19:00:00,2022,2339,535,Djurgarden,Helsingborgs IF,2,2,post,STATUS_FULL_TIME
628542,2022-05-07 15:00:00,2022,994,2556,AIK,IFK Goteborg,1,0,post,STATUS_FULL_TIME
628545,2022-05-07 17:30:00,2022,2720,20301,Malmo FF,Mjallby AIF,2,0,post,STATUS_FULL_TIME
628541,2022-05-08 17:30:00,2022,3052,2495,Kalmar FF,Hammarby,2,0,post,STATUS_FULL_TIME
628544,2022-05-08 17:30:00,2022,6545,8547,Varbergs BoIS,IK Sirius,0,2,post,STATUS_FULL_TIME
628539,2022-05-09 19:00:00,2022,3010,20856,GIF Sundsvall,Degerfors IF,2,3,post,STATUS_FULL_TIME
628543,2022-05-09 19:00:00,2022,535,8544,Helsingborgs IF,IFK Norrkoping,0,1,post,STATUS_FULL_TIME
628538,2022-05-09 19:00:00,2022,21382,7834,IFK Varnamo,BK Hacken,1,2,post,STATUS_FULL_TIME
628540,2022-05-09 19:10:00,2022,529,2339,IF Elfsborg,Djurgarden,0,0,post,STATUS_FULL_TIME
628471,2022-05-11 19:00:00,2022,994,2720,AIK,Malmo FF,2,0,post,STATUS_FULL_TIME
628534,2022-05-14 15:00:00,2022,20301,21382,Mjallby AIF,IFK Varnamo,1,1,post,STATUS_FULL_TIME
628533,2022-05-14 17:30:00,2022,8547,529,IK Sirius,IF Elfsborg,2,0,post,STATUS_FULL_TIME
628535,2022-05-15 15:00:00,2022,7834,3052,BK Hacken,Kalmar FF,3,1,post,STATUS_FULL_TIME
628530,2022-05-15 15:00:00,2022,2495,994,Hammarby,AIK,3,3,post,STATUS_FULL_TIME
628532,2022-05-15 17:30:00,2022,20856,535,Degerfors IF,Helsingborgs IF,2,1,post,STATUS_FULL_TIME
628537,2022-05-15 17:30:00,2022,2556,6545,IFK Goteborg,Varbergs BoIS,1,1,post,STATUS_FULL_TIME
628531,2022-05-15 17:30:00,2022,8544,3010,IFK Norrkoping,GIF Sundsvall,5,1,post,STATUS_FULL_TIME
628536,2022-05-16 19:10:00,2022,2339,2720,Djurgarden,Malmo FF,4,0,post,STATUS_FULL_TIME
628528,2022-05-21 15:00:00,2022,994,8547,AIK,IK Sirius,2,2,post,STATUS_FULL_TIME
628527,2022-05-21 17:30:00,2022,535,21382,Helsingborgs IF,IFK Varnamo,1,4,post,STATUS_FULL_TIME
628525,2022-05-22 15:00:00,2022,529,2556,IF Elfsborg,IFK Goteborg,3,1,post,STATUS_FULL_TIME
628523,2022-05-22 15:00:00,2022,6545,20856,Varbergs BoIS,Degerfors IF,2,1,post,STATUS_FULL_TIME
628526,2022-05-22 15:00:00,2022,2495,8544,Hammarby,IFK Norrkoping,3,0,post,STATUS_FULL_TIME
628524,2022-05-22 17:30:00,2022,3052,2339,Kalmar FF,Djurgarden,1,0,post,STATUS_FULL_TIME
628522,2022-05-22 17:30:00,2022,2720,7834,Malmo FF,BK Hacken,1,2,post,STATUS_FULL_TIME
628529,2022-05-23 19:00:00,2022,3010,20301,GIF Sundsvall,Mjallby AIF,2,0,post,STATUS_FULL_TIME
628515,2022-05-28 15:00:00,2022,2556,3010,IFK Goteborg,GIF Sundsvall,2,0,post,STATUS_FULL_TIME
628519,2022-05-28 15:00:00,2022,20301,3052,Mjallby AIF,Kalmar FF,1,1,post,STATUS_FULL_TIME
628518,2022-05-28 17:00:00,2022,7834,8547,BK Hacken,IK Sirius,4,3,post,STATUS_FULL_TIME
628520,2022-05-29 15:00:00,2022,20856,2720,Degerfors IF,Malmo FF,0,2,post,STATUS_FULL_TIME
628521,2022-05-29 15:00:00,2022,2339,6545,Djurgarden,Varbergs BoIS,4,0,post,STATUS_FULL_TIME
628517,2022-05-29 15:00:00,2022,8544,529,IFK Norrkoping,IF Elfsborg,2,2,post,STATUS_FULL_TIME
628516,2022-05-29 17:30:00,2022,21382,2495,IFK Varnamo,Hammarby,1,0,post,STATUS_FULL_TIME
628514,2022-05-29 17:30:00,2022,535,994,Helsingborgs IF,AIK,1,2,post,STATUS_FULL_TIME
628506,2022-06-26 15:00:00,2022,20856,994,Degerfors IF,AIK,1,1,post,STATUS_FULL_TIME
628507,2022-06-26 15:00:00,2022,2495,7834,Hammarby,BK Hacken,2,2,post,STATUS_FULL_TIME
628511,2022-06-26 15:00:00,2022,20301,8544,Mjallby AIF,IFK Norrkoping,1,1,post,STATUS_FULL_TIME
628508,2022-06-26 17:30:00,2022,3010,2339,GIF Sundsvall,Djurgarden,2,5,post,STATUS_FULL_TIME
628513,2022-06-27 19:00:00,2022,529,6545,IF Elfsborg,Varbergs BoIS,4,1,post,STATUS_FULL_TIME
628510,2022-06-27 19:00:00,2022,8547,2556,IK Sirius,IFK Goteborg,1,2,post,STATUS_FULL_TIME
628512,2022-06-27 19:00:00,2022,3052,21382,Kalmar FF,IFK Varnamo,1,0,post,STATUS_FULL_TIME
628509,2022-06-27 19:10:00,2022,2720,535,Malmo FF,Helsingborgs IF,2,1,post,STATUS_FULL_TIME
628504,2022-07-01 19:00:00,2022,3010,2720,GIF Sundsvall,Malmo FF,2,1,post,STATUS_FULL_TIME
628505,2022-07-02 15:00:00,2022,994,20301,AIK,Mjallby AIF,0,1,post,STATUS_FULL_TIME
628503,2022-07-02 17:30:00,2022,535,3052,Helsingborgs IF,Kalmar FF,1,1,post,STATUS_FULL_TIME
628499,2022-07-03 15:00:00,2022,2339,2495,Djurgarden,Hammarby,1,0,post,STATUS_FULL_TIME
628501,2022-07-03 15:00:00,2022,6545,21382,Varbergs BoIS,IFK Varnamo,3,0,post,STATUS_FULL_TIME
628500,2022-07-03 17:30:00,2022,7834,529,BK Hacken,IF Elfsborg,1,1,post,STATUS_FULL_TIME
628502,2022-07-03 17:30:00,2022,8544,8547,IFK Norrkoping,IK Sirius,0,1,post,STATUS_FULL_TIME
628498,2022-07-04 19:00:00,2022,2556,20856,IFK Goteborg,Degerfors IF,2,0,post,STATUS_FULL_TIME
628497,2022-07-09 15:00:00,2022,2720,6545,Malmo FF,Varbergs BoIS,3,0,post,STATUS_FULL_TIME
628495,2022-07-09 17:30:00,2022,20856,8544,Degerfors IF,IFK Norrkoping,1,1,post,STATUS_FULL_TIME
628491,2022-07-10 15:00:00,2022,20301,7834,Mjallby AIF,BK Hacken,1,2,post,STATUS_FULL_TIME
628490,2022-07-10 15:00:00,2022,529,994,IF Elfsborg,AIK,2,2,post,STATUS_FULL_TIME
628496,2022-07-10 17:30:00,2022,3052,8547,Kalmar FF,IK Sirius,1,1,post,STATUS_FULL_TIME
628494,2022-07-11 19:00:00,2022,2495,2556,Hammarby,IFK Goteborg,3,0,post,STATUS_FULL_TIME
628492,2022-07-11 19:00:00,2022,535,2339,Helsingborgs IF,Djurgarden,0,2,post,STATUS_FULL_TIME
628493,2022-07-11 19:00:00,2022,21382,3010,IFK Varnamo,GIF Sundsvall,1,1,post,STATUS_FULL_TIME
628488,2022-07-16 15:00:00,2022,8544,2720,IFK Norrkoping,Malmo FF,0,2,post,STATUS_FULL_TIME
628486,2022-07-16 17:30:00,2022,2339,21382,Djurgarden,IFK Varnamo,5,0,post,STATUS_FULL_TIME
628489,2022-07-17 15:00:00,2022,2556,20301,IFK Goteborg,Mjallby AIF,1,1,post,STATUS_FULL_TIME
628487,2022-07-17 15:00:00,2022,994,3052,AIK,Kalmar FF,1,0,post,STATUS_FULL_TIME
628485,2022-07-17 15:00:00,2022,2495,529,Hammarby,IF Elfsborg,3,0,post,STATUS_FULL_TIME
628483,2022-07-17 15:00:00,2022,8547,20856,IK Sirius,Degerfors IF,2,0,post,STATUS_FULL_TIME
628482,2022-07-18 19:00:00,2022,3010,7834,GIF Sundsvall,BK Hacken,1,5,post,STATUS_FULL_TIME
628484,2022-07-18 19:00:00,2022,6545,535,Varbergs BoIS,Helsingborgs IF,0,0,post,STATUS_FULL_TIME
628481,2022-07-23 15:00:00,2022,2720,8547,Malmo FF,IK Sirius,3,1,post,STATUS_FULL_TIME
628475,2022-07-23 17:30:00,2022,20301,20856,Mjallby AIF,Degerfors IF,2,1,post,STATUS_FULL_TIME
628474,2022-07-24 15:00:00,2022,21382,994,IFK Varnamo,AIK,2,3,post,STATUS_FULL_TIME
628477,2022-07-24 15:00:00,2022,535,3010,Helsingborgs IF,GIF Sundsvall,1,0,post,STATUS_FULL_TIME
628476,2022-07-24 17:30:00,2022,7834,2339,BK Hacken,Djurgarden,1,2,post,STATUS_FULL_TIME
628479,2022-07-24 17:30:00,2022,3052,529,Kalmar FF,IF Elfsborg,1,0,post,STATUS_FULL_TIME
628480,2022-07-25 19:00:00,2022,8544,2556,IFK Norrkoping,IFK Goteborg,0,2,post,STATUS_FULL_TIME
628478,2022-07-25 19:00:00,2022,6545,2495,Varbergs BoIS,Hammarby,0,3,post,STATUS_FULL_TIME
628470,2022-07-30 15:00:00,2022,20856,3052,Degerfors IF,Kalmar FF,2,1,post,STATUS_FULL_TIME
628473,2022-07-30 17:30:00,2022,3010,6545,GIF Sundsvall,Varbergs BoIS,1,3,post,STATUS_FULL_TIME
628469,2022-07-31 15:00:00,2022,2495,21382,Hammarby,IFK Varnamo,1,2,post,STATUS_FULL_TIME
628466,2022-07-31 15:00:00,2022,529,7834,IF Elfsborg,BK Hacken,4,4,post,STATUS_FULL_TIME
628472,2022-07-31 15:00:00,2022,8547,20301,IK Sirius,Mjallby AIF,0,1,post,STATUS_FULL_TIME
628468,2022-08-01 19:00:00,2022,2556,8544,IFK Goteborg,IFK Norrkoping,2,0,post,STATUS_FULL_TIME
628459,2022-08-06 15:00:00,2022,8544,20856,IFK Norrkoping,Degerfors IF,2,0,post,STATUS_FULL_TIME
628461,2022-08-07 15:00:00,2022,2495,3010,Hammarby,GIF Sundsvall,3,0,post,STATUS_FULL_TIME
628465,2022-08-07 15:00:00,2022,8547,2720,IK Sirius,Malmo FF,2,1,post,STATUS_FULL_TIME
628458,2022-08-07 15:00:00,2022,3052,994,Kalmar FF,AIK,1,0,post,STATUS_FULL_TIME
628460,2022-08-07 17:30:00,2022,21382,2339,IFK Varnamo,Djurgarden,0,0,post,STATUS_FULL_TIME
628463,2022-08-07 17:30:00,2022,20301,529,Mjallby AIF,IF Elfsborg,1,1,post,STATUS_FULL_TIME
628462,2022-08-08 19:00:00,2022,7834,535,BK Hacken,Helsingborgs IF,5,0,post,STATUS_FULL_TIME
628464,2022-08-08 19:00:00,2022,6545,2556,Varbergs BoIS,IFK Goteborg,0,4,post,STATUS_FULL_TIME
628454,2022-08-13 17:30:00,2022,535,8547,Helsingborgs IF,IK Sirius,0,0,post,STATUS_FULL_TIME
628450,2022-08-14 15:00:00,2022,2720,3010,Malmo FF,GIF Sundsvall,3,1,post,STATUS_FULL_TIME
628455,2022-08-14 15:00:00,2022,2339,3052,Djurgarden,Kalmar FF,3,2,post,STATUS_FULL_TIME
628453,2022-08-14 15:00:00,2022,994,21382,AIK,IFK Varnamo,2,2,post,STATUS_FULL_TIME
628457,2022-08-14 17:30:00,2022,20856,6545,Degerfors IF,Varbergs BoIS,1,1,post,STATUS_FULL_TIME
628452,2022-08-14 17:30:00,2022,529,8544,IF Elfsborg,IFK Norrkoping,1,1,post,STATUS_FULL_TIME
628456,2022-08-15 19:00:00,2022,7834,20301,BK Hacken,Mjallby AIF,1,0,post,STATUS_FULL_TIME
628451,2022-08-15 19:10:00,2022,2556,2495,IFK Goteborg,Hammarby,0,1,post,STATUS_FULL_TIME
628445,2022-08-20 15:00:00,2022,6545,2339,Varbergs BoIS,Djurgarden,2,2,post,STATUS_FULL_TIME
628447,2022-08-21 15:00:00,2022,21382,529,IFK Varnamo,IF Elfsborg,1,1,post,STATUS_FULL_TIME
628449,2022-08-21 15:00:00,2022,20301,2720,Mjallby AIF,Malmo FF,1,1,post,STATUS_FULL_TIME
628446,2022-08-21 17:30:00,2022,3010,535,GIF Sundsvall,Helsingborgs IF,1,2,post,STATUS_FULL_TIME
628442,2022-08-21 17:30:00,2022,8544,994,IFK Norrkoping,AIK,2,4,post,STATUS_FULL_TIME
628448,2022-08-22 19:00:00,2022,3052,2556,Kalmar FF,IFK Goteborg,1,0,post,STATUS_FULL_TIME
628443,2022-08-22 19:00:00,2022,8547,7834,IK Sirius,BK Hacken,0,1,post,STATUS_FULL_TIME
628444,2022-08-22 19:10:00,2022,2495,20856,Hammarby,Degerfors IF,5,1,post,STATUS_FULL_TIME
628438,2022-08-27 15:00:00,2022,7834,21382,BK Hacken,IFK Varnamo,4,1,post,STATUS_FULL_TIME
628434,2022-08-27 17:30:00,2022,20856,3010,Degerfors IF,GIF Sundsvall,3,1,post,STATUS_FULL_TIME
628435,2022-08-28 15:00:00,2022,994,2495,AIK,Hammarby,2,2,post,STATUS_FULL_TIME
628439,2022-08-28 15:00:00,2022,2556,8547,IFK Goteborg,IK Sirius,2,0,post,STATUS_FULL_TIME
628437,2022-08-28 15:00:00,2022,6545,8544,Varbergs BoIS,IFK Norrkoping,1,1,post,STATUS_FULL_TIME
628441,2022-08-28 17:30:00,2022,535,20301,Helsingborgs IF,Mjallby AIF,0,1,post,STATUS_FULL_TIME
628440,2022-08-28 17:30:00,2022,2720,3052,Malmo FF,Kalmar FF,0,1,post,STATUS_FULL_TIME
628436,2022-08-29 19:10:00,2022,2339,529,Djurgarden,IF Elfsborg,2,1,post,STATUS_FULL_TIME
628427,2022-09-04 15:00:00,2022,8547,2339,IK Sirius,Djurgarden,0,1,post,STATUS_FULL_TIME
628426,2022-09-04 15:00:00,2022,7834,20856,BK Hacken,Degerfors IF,2,2,post,STATUS_FULL_TIME
628428,2022-09-04 17:30:00,2022,994,3010,AIK,GIF Sundsvall,4,0,post,STATUS_FULL_TIME
628432,2022-09-04 17:30:00,2022,529,2720,IF Elfsborg,Malmo FF,3,2,post,STATUS_FULL_TIME
628430,2022-09-05 19:00:00,2022,21382,535,IFK Varnamo,Helsingborgs IF,3,2,post,STATUS_FULL_TIME
628433,2022-09-05 19:00:00,2022,3052,6545,Kalmar FF,Varbergs BoIS,1,0,post,STATUS_FULL_TIME
628431,2022-09-05 19:00:00,2022,20301,2556,Mjallby AIF,IFK Goteborg,1,4,post,STATUS_FULL_TIME
628429,2022-09-05 19:10:00,2022,8544,2495,IFK Norrkoping,Hammarby,4,1,post,STATUS_FULL_TIME
628424,2022-09-10 15:00:00,2022,8547,21382,IK Sirius,IFK Varnamo,2,3,post,STATUS_FULL_TIME
628425,2022-09-10 17:30:00,2022,20856,20301,Degerfors IF,Mjallby AIF,0,0,post,STATUS_FULL_TIME
628420,2022-09-11 15:00:00,2022,2495,2339,Hammarby,Djurgarden,0,0,post,STATUS_FULL_TIME
628422,2022-09-11 15:00:00,2022,3010,529,GIF Sundsvall,IF Elfsborg,0,2,post,STATUS_FULL_TIME
628423,2022-09-11 17:30:00,2022,2720,8544,Malmo FF,IFK Norrkoping,2,1,post,STATUS_FULL_TIME
628418,2022-09-11 17:30:00,2022,6545,994,Varbergs BoIS,AIK,2,0,post,STATUS_FULL_TIME
628419,2022-09-12 19:00:00,2022,3052,7834,Kalmar FF,BK Hacken,1,1,post,STATUS_FULL_TIME
628421,2022-09-12 19:10:00,2022,2556,535,IFK Goteborg,Helsingborgs IF,1,3,post,STATUS_FULL_TIME
628412,2022-09-17 15:00:00,2022,7834,2495,BK Hacken,Hammarby,1,1,post,STATUS_FULL_TIME
628415,2022-09-17 15:00:00,2022,8544,3052,IFK Norrkoping,Kalmar FF,2,2,post,STATUS_FULL_TIME
628417,2022-09-17 17:30:00,2022,21382,6545,IFK Varnamo,Varbergs BoIS,1,0,post,STATUS_FULL_TIME
628414,2022-09-18 15:00:00,2022,529,8547,IF Elfsborg,IK Sirius,3,0,post,STATUS_FULL_TIME
628416,2022-09-18 15:00:00,2022,535,2720,Helsingborgs IF,Malmo FF,1,2,post,STATUS_FULL_TIME
628411,2022-09-18 15:00:00,2022,20301,3010,Mjallby AIF,GIF Sundsvall,1,1,post,STATUS_FULL_TIME
628413,2022-09-18 17:30:00,2022,2339,2556,Djurgarden,IFK Goteborg,3,0,post,STATUS_FULL_TIME
628410,2022-09-18 17:30:00,2022,994,20856,AIK,Degerfors IF,1,1,post,STATUS_FULL_TIME
628405,2022-10-01 15:00:00,2022,2720,2495,Malmo FF,Hammarby,0,0,post,STATUS_FULL_TIME
628404,2022-10-01 17:30:00,2022,20856,2339,Degerfors IF,Djurgarden,3,0,post,STATUS_FULL_TIME
628408,2022-10-02 15:00:00,2022,3010,8544,GIF Sundsvall,IFK Norrkoping,1,3,post,STATUS_FULL_TIME
628403,2022-10-02 15:00:00,2022,6545,7834,Varbergs BoIS,BK Hacken,1,1,post,STATUS_FULL_TIME
628402,2022-10-02 17:30:00,2022,8547,994,IK Sirius,AIK,1,1,post,STATUS_FULL_TIME
628406,2022-10-02 17:30:00,2022,3052,535,Kalmar FF,Helsingborgs IF,2,0,post,STATUS_FULL_TIME
628409,2022-10-03 19:00:00,2022,21382,20301,IFK Varnamo,Mjallby AIF,2,1,post,STATUS_FULL_TIME
628407,2022-10-03 19:10:00,2022,2556,529,IFK Goteborg,IF Elfsborg,1,3,post,STATUS_FULL_TIME
628398,2022-10-08 15:00:00,2022,20856,8547,Degerfors IF,IK Sirius,0,0,post,STATUS_FULL_TIME
628397,2022-10-09 15:00:00,2022,2720,21382,Malmo FF,IFK Varnamo,0,0,post,STATUS_FULL_TIME
628396,2022-10-09 15:00:00,2022,3010,2556,GIF Sundsvall,IFK Goteborg,3,2,post,STATUS_FULL_TIME
628399,2022-10-09 15:00:00,2022,529,3052,IF Elfsborg,Kalmar FF,0,2,post,STATUS_FULL_TIME
628395,2022-10-09 17:30:00,2022,994,535,AIK,Helsingborgs IF,2,0,post,STATUS_FULL_TIME
628394,2022-10-09 17:30:00,2022,2339,7834,Djurgarden,BK Hacken,0,1,post,STATUS_FULL_TIME
628400,2022-10-10 19:00:00,2022,8544,20301,IFK Norrkoping,Mjallby AIF,2,2,post,STATUS_FULL_TIME
628401,2022-10-10 19:10:00,2022,2495,6545,Hammarby,Varbergs BoIS,5,1,post,STATUS_FULL_TIME
628387,2022-10-14 19:00:00,2022,529,20856,IF Elfsborg,Degerfors IF,1,1,post,STATUS_FULL_TIME
628388,2022-10-15 15:00:00,2022,7834,3010,BK Hacken,GIF Sundsvall,4,1,post,STATUS_FULL_TIME
628393,2022-10-15 15:00:00,2022,535,6545,Helsingborgs IF,Varbergs BoIS,1,3,post,STATUS_FULL_TIME
628391,2022-10-15 17:30:00,2022,21382,3052,IFK Varnamo,Kalmar FF,1,3,post,STATUS_FULL_TIME
628390,2022-10-15 17:30:00,2022,8547,8544,IK Sirius,IFK Norrkoping,2,0,post,STATUS_FULL_TIME
628386,2022-10-16 15:00:00,2022,2339,994,Djurgarden,AIK,1,2,post,STATUS_FULL_TIME
628389,2022-10-16 17:30:00,2022,20301,2495,Mjallby AIF,Hammarby,0,3,post,STATUS_FULL_TIME
628392,2022-10-17 19:10:00,2022,2556,2720,IFK Goteborg,Malmo FF,2,1,post,STATUS_FULL_TIME
628378,2022-10-19 19:00:00,2022,994,7834,AIK,BK Hacken,1,2,post,STATUS_FULL_TIME
628383,2022-10-19 19:00:00,2022,3010,21382,GIF Sundsvall,IFK Varnamo,1,2,post,STATUS_FULL_TIME
628380,2022-10-19 19:00:00,2022,8544,535,IFK Norrkoping,Helsingborgs IF,2,0,post,STATUS_FULL_TIME
628381,2022-10-19 19:00:00,2022,6545,529,Varbergs BoIS,IF Elfsborg,0,3,post,STATUS_FULL_TIME
628385,2022-10-20 19:00:00,2022,3052,20301,Kalmar FF,Mjallby AIF,1,2,post,STATUS_FULL_TIME
628379,2022-10-20 19:00:00,2022,2720,2339,Malmo FF,Djurgarden,2,3,post,STATUS_FULL_TIME
628382,2022-10-20 19:00:00,2022,20856,2556,Degerfors IF,IFK Goteborg,3,1,post,STATUS_FULL_TIME
628384,2022-10-20 19:00:00,2022,2495,8547,Hammarby,IK Sirius,1,1,post,STATUS_FULL_TIME
628371,2022-10-23 15:00:00,2022,535,20856,Helsingborgs IF,Degerfors IF,1,2,post,STATUS_FULL_TIME
628373,2022-10-23 15:00:00,2022,529,2495,IF Elfsborg,Hammarby,2,1,post,STATUS_FULL_TIME
628376,2022-10-23 17:30:00,2022,7834,2720,BK Hacken,Malmo FF,2,1,post,STATUS_FULL_TIME
628372,2022-10-24 19:00:00,2022,2339,3010,Djurgarden,GIF Sundsvall,4,0,post,STATUS_FULL_TIME
628374,2022-10-24 19:00:00,2022,21382,8544,IFK Varnamo,IFK Norrkoping,1,1,post,STATUS_FULL_TIME
628375,2022-10-24 19:00:00,2022,8547,3052,IK Sirius,Kalmar FF,0,0,post,STATUS_FULL_TIME
628377,2022-10-24 19:00:00,2022,20301,6545,Mjallby AIF,Varbergs BoIS,4,1,post,STATUS_FULL_TIME
628370,2022-10-24 19:10:00,2022,2556,994,IFK Goteborg,AIK,1,0,post,STATUS_FULL_TIME
628366,2022-10-29 15:00:00,2022,20856,21382,Degerfors IF,IFK Varnamo,0,0,post,STATUS_FULL_TIME
628363,2022-10-30 15:00:00,2022,2556,7834,IFK Goteborg,BK Hacken,0,4,post,STATUS_FULL_TIME
628362,2022-10-30 15:00:00,2022,20301,994,Mjallby AIF,AIK,1,2,post,STATUS_FULL_TIME
628367,2022-10-30 15:00:00,2022,3010,8547,GIF Sundsvall,IK Sirius,2,3,post,STATUS_FULL_TIME
628368,2022-10-30 17:30:00,2022,2495,3052,Hammarby,Kalmar FF,4,2,post,STATUS_FULL_TIME
628369,2022-10-30 17:30:00,2022,6545,2720,Varbergs BoIS,Malmo FF,2,5,post,STATUS_FULL_TIME
628365,2022-10-31 19:00:00,2022,529,535,IF Elfsborg,Helsingborgs IF,3,0,post,STATUS_FULL_TIME
628364,2022-10-31 19:10:00,2022,8544,2339,IFK Norrkoping,Djurgarden,0,1,post,STATUS_FULL_TIME
628355,2022-11-06 15:00:00,2022,3052,3010,Kalmar FF,GIF Sundsvall,4,0,post,STATUS_FULL_TIME
628354,2022-11-06 15:00:00,2022,2720,20856,Malmo FF,Degerfors IF,2,2,post,STATUS_FULL_TIME
628358,2022-11-06 15:00:00,2022,21382,2556,IFK Varnamo,IFK Goteborg,1,4,post,STATUS_FULL_TIME
628361,2022-11-06 15:00:00,2022,8547,6545,IK Sirius,Varbergs BoIS,2,3,post,STATUS_FULL_TIME
628360,2022-11-06 15:00:00,2022,2339,20301,Djurgarden,Mjallby AIF,0,1,post,STATUS_FULL_TIME
628359,2022-11-06 15:00:00,2022,7834,8544,BK Hacken,IFK Norrkoping,3,3,post,STATUS_FULL_TIME
628357,2022-11-06 15:00:00,2022,994,529,AIK,IF Elfsborg,0,1,post,STATUS_FULL_TIME
628356,2022-11-06 15:00:00,2022,535,2495,Helsingborgs IF,Hammarby,0,2,post,STATUS_FULL_TIME
658389,2023-04-01 15:00:00,2023,2720,3052,Malmo FF,Kalmar FF,1,0,post,STATUS_FULL_TIME
658393,2023-04-01 17:30:00,2023,2339,8221,Djurgarden,Brommapojkarna,3,1,post,STATUS_FULL_TIME
658394,2023-04-02 15:00:00,2023,2495,20856,Hammarby,Degerfors IF,3,1,post,STATUS_FULL_TIME
658390,2023-04-02 15:00:00,2023,8544,8547,IFK Norrkoping,IK Sirius,1,1,post,STATUS_FULL_TIME
658395,2023-04-02 17:30:00,2023,3017,994,Halmstads BK,AIK,2,1,post,STATUS_FULL_TIME
658391,2023-04-02 17:30:00,2023,2556,21382,IFK Goteborg,IFK Varnamo,0,1,post,STATUS_FULL_TIME
658388,2023-04-03 19:00:00,2023,20301,6545,Mjallby AIF,Varbergs BoIS,2,2,post,STATUS_FULL_TIME
658392,2023-04-03 19:10:00,2023,529,7834,IF Elfsborg,BK Hacken,0,2,post,STATUS_FULL_TIME
658401,2023-04-08 15:00:00,2023,20856,3017,Degerfors IF,Halmstads BK,3,1,post,STATUS_FULL_TIME
658400,2023-04-08 15:00:00,2023,8221,2720,Brommapojkarna,Malmo FF,1,2,post,STATUS_FULL_TIME
658402,2023-04-09 15:00:00,2023,7834,2495,BK Hacken,Hammarby,3,1,post,STATUS_FULL_TIME
658398,2023-04-09 17:30:00,2023,8547,2339,IK Sirius,Djurgarden,0,0,post,STATUS_FULL_TIME
658397,2023-04-09 17:30:00,2023,3052,2556,Kalmar FF,IFK Goteborg,2,0,post,STATUS_FULL_TIME
658399,2023-04-10 13:00:00,2023,21382,20301,IFK Varnamo,Mjallby AIF,0,1,post,STATUS_FULL_TIME
658396,2023-04-10 15:00:00,2023,994,8544,AIK,IFK Norrkoping,0,3,post,STATUS_FULL_TIME
658403,2023-04-10 15:00:00,2023,6545,529,Varbergs BoIS,IF Elfsborg,0,0,post,STATUS_FULL_TIME
658408,2023-04-15 15:00:00,2023,529,8221,IF Elfsborg,Brommapojkarna,5,0,post,STATUS_FULL_TIME
658410,2023-04-15 17:30:00,2023,7834,3052,BK Hacken,Kalmar FF,1,3,post,STATUS_FULL_TIME
658409,2023-04-16 15:00:00,2023,994,2495,AIK,Hammarby,2,0,post,STATUS_FULL_TIME
658406,2023-04-16 15:00:00,2023,8544,21382,IFK Norrkoping,IFK Varnamo,2,1,post,STATUS_FULL_TIME
658405,2023-04-16 17:30:00,2023,20301,20856,Mjallby AIF,Degerfors IF,2,0,post,STATUS_FULL_TIME
658411,2023-04-16 17:30:00,2023,3017,2339,Halmstads BK,Djurgarden,2,0,post,STATUS_FULL_TIME
658407,2023-04-17 19:00:00,2023,6545,8547,Varbergs BoIS,IK Sirius,1,1,post,STATUS_FULL_TIME
658404,2023-04-17 19:10:00,2023,2556,2720,IFK Goteborg,Malmo FF,0,1,post,STATUS_FULL_TIME
658412,2023-04-22 15:00:00,2023,2495,6545,Hammarby,Varbergs BoIS,2,0,post,STATUS_FULL_TIME
658413,2023-04-22 17:30:00,2023,20856,529,Degerfors IF,IF Elfsborg,1,2,post,STATUS_FULL_TIME
658414,2023-04-23 15:00:00,2023,2339,2556,Djurgarden,IFK Goteborg,1,0,post,STATUS_FULL_TIME
658416,2023-04-23 15:00:00,2023,3052,3017,Kalmar FF,Halmstads BK,2,0,post,STATUS_FULL_TIME
658417,2023-04-23 17:30:00,2023,8547,7834,IK Sirius,BK Hacken,1,4,post,STATUS_FULL_TIME
658419,2023-04-24 19:00:00,2023,8221,20301,Brommapojkarna,Mjallby AIF,2,0,post,STATUS_FULL_TIME
658418,2023-04-24 19:00:00,2023,21382,994,IFK Varnamo,AIK,1,0,post,STATUS_FULL_TIME
658415,2023-04-24 19:10:00,2023,2720,8544,Malmo FF,IFK Norrkoping,3,0,post,STATUS_FULL_TIME
658421,2023-04-29 15:00:00,2023,20301,529,Mjallby AIF,IF Elfsborg,0,1,post,STATUS_FULL_TIME
658427,2023-04-29 15:00:00,2023,994,8547,AIK,IK Sirius,0,0,post,STATUS_FULL_TIME
658425,2023-04-29 17:30:00,2023,7834,21382,BK Hacken,IFK Varnamo,3,1,post,STATUS_FULL_TIME
658424,2023-04-29 17:30:00,2023,3017,8221,Halmstads BK,Brommapojkarna,0,2,post,STATUS_FULL_TIME
658422,2023-04-30 15:00:00,2023,2720,2495,Malmo FF,Hammarby,4,2,post,STATUS_FULL_TIME
658426,2023-04-30 15:00:00,2023,6545,3052,Varbergs BoIS,Kalmar FF,0,0,post,STATUS_FULL_TIME
658420,2023-04-30 17:30:00,2023,20856,2339,Degerfors IF,Djurgarden,2,1,post,STATUS_FULL_TIME
658423,2023-05-01 15:00:00,2023,2556,8544,IFK Goteborg,IFK Norrkoping,1,1,post,STATUS_FULL_TIME
658430,2023-05-03 19:00:00,2023,7834,2339,BK Hacken,Djurgarden,4,1,post,STATUS_FULL_TIME
658429,2023-05-03 19:00:00,2023,529,3017,IF Elfsborg,Halmstads BK,6,1,post,STATUS_FULL_TIME
658433,2023-05-03 19:00:00,2023,3052,8547,Kalmar FF,IK Sirius,2,2,post,STATUS_FULL_TIME
658434,2023-05-03 19:00:00,2023,20301,994,Mjallby AIF,AIK,0,0,post,STATUS_FULL_TIME
658428,2023-05-04 19:00:00,2023,6545,2720,Varbergs BoIS,Malmo FF,0,6,post,STATUS_FULL_TIME
658432,2023-05-04 19:00:00,2023,21382,8221,IFK Varnamo,Brommapojkarna,0,1,post,STATUS_FULL_TIME
658435,2023-05-04 19:00:00,2023,2556,20856,IFK Goteborg,Degerfors IF,6,0,post,STATUS_FULL_TIME
658431,2023-05-04 19:00:00,2023,8544,2495,IFK Norrkoping,Hammarby,2,0,post,STATUS_FULL_TIME
658443,2023-05-07 15:00:00,2023,2720,994,Malmo FF,AIK,3,1,post,STATUS_FULL_TIME
658438,2023-05-07 17:30:00,2023,3017,7834,Halmstads BK,BK Hacken,1,0,post,STATUS_FULL_TIME
658436,2023-05-08 19:00:00,2023,20856,8544,Degerfors IF,IFK Norrkoping,0,2,post,STATUS_FULL_TIME
658440,2023-05-08 19:00:00,2023,8221,2556,Brommapojkarna,IFK Goteborg,0,0,post,STATUS_FULL_TIME
658442,2023-05-08 19:00:00,2023,8547,529,IK Sirius,IF Elfsborg,3,4,post,STATUS_FULL_TIME
658437,2023-05-08 19:10:00,2023,2339,3052,Djurgarden,Kalmar FF,3,1,post,STATUS_FULL_TIME
658441,2023-05-09 19:00:00,2023,21382,6545,IFK Varnamo,Varbergs BoIS,3,1,post,STATUS_FULL_TIME
658439,2023-05-09 19:00:00,2023,2495,20301,Hammarby,Mjallby AIF,0,0,post,STATUS_FULL_TIME
658445,2023-05-13 15:00:00,2023,7834,20856,BK Hacken,Degerfors IF,6,1,post,STATUS_FULL_TIME
658451,2023-05-13 17:30:00,2023,6545,8544,Varbergs BoIS,IFK Norrkoping,1,3,post,STATUS_FULL_TIME
658447,2023-05-14 15:00:00,2023,2495,2339,Hammarby,Djurgarden,4,3,post,STATUS_FULL_TIME
658448,2023-05-14 15:00:00,2023,529,21382,IF Elfsborg,IFK Varnamo,2,0,post,STATUS_FULL_TIME
658450,2023-05-14 15:00:00,2023,20301,8547,Mjallby AIF,IK Sirius,3,0,post,STATUS_FULL_TIME
658446,2023-05-14 17:30:00,2023,3017,2720,Halmstads BK,Malmo FF,0,1,post,STATUS_FULL_TIME
658449,2023-05-14 17:30:00,2023,3052,8221,Kalmar FF,Brommapojkarna,1,3,post,STATUS_FULL_TIME
658444,2023-05-15 19:10:00,2023,994,2556,AIK,IFK Goteborg,2,2,post,STATUS_FULL_TIME
658452,2023-05-20 15:00:00,2023,20856,994,Degerfors IF,AIK,2,1,post,STATUS_FULL_TIME
658459,2023-05-21 15:00:00,2023,2720,7834,Malmo FF,BK Hacken,2,2,post,STATUS_FULL_TIME
658453,2023-05-21 15:00:00,2023,2339,20301,Djurgarden,Mjallby AIF,2,0,post,STATUS_FULL_TIME
658454,2023-05-21 15:00:00,2023,8221,6545,Brommapojkarna,Varbergs BoIS,2,1,post,STATUS_FULL_TIME
658455,2023-05-21 17:30:00,2023,2556,2495,IFK Goteborg,Hammarby,1,1,post,STATUS_FULL_TIME
658458,2023-05-21 17:30:00,2023,8547,3017,IK Sirius,Halmstads BK,1,2,post,STATUS_FULL_TIME
658457,2023-05-22 19:00:00,2023,21382,3052,IFK Varnamo,Kalmar FF,0,1,post,STATUS_FULL_TIME
658456,2023-05-22 19:10:00,2023,8544,529,IFK Norrkoping,IF Elfsborg,1,2,post,STATUS_FULL_TIME
658525,2023-05-24 19:00:00,2023,2339,7834,Djurgarden,BK Hacken,1,0,post,STATUS_FULL_TIME
658524,2023-05-25 19:00:00,2023,20856,2495,Degerfors IF,Hammarby,2,2,post,STATUS_FULL_TIME
658467,2023-05-27 15:00:00,2023,20301,3017,Mjallby AIF,Halmstads BK,0,2,post,STATUS_FULL_TIME
658465,2023-05-27 17:30:00,2023,8221,8547,Brommapojkarna,IK Sirius,1,2,post,STATUS_FULL_TIME
658462,2023-05-28 15:00:00,2023,3052,8544,Kalmar FF,IFK Norrkoping,2,1,post,STATUS_FULL_TIME
658463,2023-05-28 15:00:00,2023,2339,994,Djurgarden,AIK,1,0,post,STATUS_FULL_TIME
658461,2023-05-28 17:30:00,2023,529,2720,IF Elfsborg,Malmo FF,3,0,post,STATUS_FULL_TIME
658464,2023-05-29 19:00:00,2023,20856,6545,Degerfors IF,Varbergs BoIS,1,1,post,STATUS_FULL_TIME
658466,2023-05-29 19:00:00,2023,2495,21382,Hammarby,IFK Varnamo,0,2,post,STATUS_FULL_TIME
658460,2023-05-29 19:10:00,2023,7834,2556,BK Hacken,IFK Goteborg,4,1,post,STATUS_FULL_TIME
658474,2023-06-03 15:00:00,2023,2556,20301,IFK Goteborg,Mjallby AIF,0,1,post,STATUS_FULL_TIME
658473,2023-06-03 17:30:00,2023,8544,8221,IFK Norrkoping,Brommapojkarna,0,2,post,STATUS_FULL_TIME
658468,2023-06-04 15:00:00,2023,994,3052,AIK,Kalmar FF,1,1,post,STATUS_FULL_TIME
658469,2023-06-04 15:00:00,2023,3017,2495,Halmstads BK,Hammarby,0,0,post,STATUS_FULL_TIME
658472,2023-06-04 17:30:00,2023,8547,21382,IK Sirius,IFK Varnamo,2,0,post,STATUS_FULL_TIME
658475,2023-06-04 17:30:00,2023,529,2339,IF Elfsborg,Djurgarden,1,1,post,STATUS_FULL_TIME
658470,2023-06-05 19:00:00,2023,6545,7834,Varbergs BoIS,BK Hacken,0,2,post,STATUS_FULL_TIME
658471,2023-06-05 19:10:00,2023,2720,20856,Malmo FF,Degerfors IF,5,0,post,STATUS_FULL_TIME
658480,2023-06-09 19:00:00,2023,2495,8221,Hammarby,Brommapojkarna,2,1,post,STATUS_FULL_TIME
658483,2023-06-10 15:00:00,2023,21382,2720,IFK Varnamo,Malmo FF,1,3,post,STATUS_FULL_TIME
658477,2023-06-10 15:00:00,2023,3052,20856,Kalmar FF,Degerfors IF,2,1,post,STATUS_FULL_TIME
658479,2023-06-10 17:30:00,2023,6545,3017,Varbergs BoIS,Halmstads BK,1,2,post,STATUS_FULL_TIME
658476,2023-06-11 15:00:00,2023,994,529,AIK,IF Elfsborg,1,2,post,STATUS_FULL_TIME
658478,2023-06-11 15:00:00,2023,8547,2556,IK Sirius,IFK Goteborg,2,0,post,STATUS_FULL_TIME
658481,2023-06-11 17:30:00,2023,2339,8544,Djurgarden,IFK Norrkoping,2,2,post,STATUS_FULL_TIME
658482,2023-06-11 17:30:00,2023,7834,20301,BK Hacken,Mjallby AIF,3,0,post,STATUS_FULL_TIME
658490,2023-07-01 15:00:00,2023,8221,994,Brommapojkarna,AIK,0,2,post,STATUS_FULL_TIME
658484,2023-07-01 15:00:00,2023,20856,21382,Degerfors IF,IFK Varnamo,0,2,post,STATUS_FULL_TIME
658487,2023-07-01 17:30:00,2023,2720,8547,Malmo FF,IK Sirius,3,0,post,STATUS_FULL_TIME
658491,2023-07-02 15:00:00,2023,3017,2556,Halmstads BK,IFK Goteborg,0,0,post,STATUS_FULL_TIME
658488,2023-07-02 15:00:00,2023,8544,7834,IFK Norrkoping,BK Hacken,2,2,post,STATUS_FULL_TIME
658485,2023-07-02 17:30:00,2023,2339,6545,Djurgarden,Varbergs BoIS,2,0,post,STATUS_FULL_TIME
658489,2023-07-03 19:00:00,2023,529,2495,IF Elfsborg,Hammarby,2,0,post,STATUS_FULL_TIME
658486,2023-07-03 19:00:00,2023,20301,3052,Mjallby AIF,Kalmar FF,1,1,post,STATUS_FULL_TIME
658497,2023-07-08 15:00:00,2023,994,7834,AIK,BK Hacken,1,2,post,STATUS_FULL_TIME
658499,2023-07-08 15:00:00,2023,21382,2339,IFK Varnamo,Djurgarden,1,2,post,STATUS_FULL_TIME
658498,2023-07-08 17:30:00,2023,8221,20856,Brommapojkarna,Degerfors IF,1,2,post,STATUS_FULL_TIME
658495,2023-07-09 15:00:00,2023,2720,20301,Malmo FF,Mjallby AIF,1,2,post,STATUS_FULL_TIME
658493,2023-07-09 15:00:00,2023,8547,2495,IK Sirius,Hammarby,1,2,post,STATUS_FULL_TIME
658494,2023-07-09 17:30:00,2023,3052,529,Kalmar FF,IF Elfsborg,0,4,post,STATUS_FULL_TIME
658492,2023-07-10 19:00:00,2023,2556,6545,IFK Goteborg,Varbergs BoIS,1,2,post,STATUS_FULL_TIME
658496,2023-07-10 19:00:00,2023,8544,3017,IFK Norrkoping,Halmstads BK,1,2,post,STATUS_FULL_TIME
658505,2023-07-15 15:00:00,2023,3017,21382,Halmstads BK,IFK Varnamo,2,2,post,STATUS_FULL_TIME
658502,2023-07-15 17:30:00,2023,7834,8221,BK Hacken,Brommapojkarna,4,2,post,STATUS_FULL_TIME
658501,2023-07-15 17:30:00,2023,20856,8547,Degerfors IF,IK Sirius,0,3,post,STATUS_FULL_TIME
658506,2023-07-16 15:00:00,2023,2495,3052,Hammarby,Kalmar FF,3,1,post,STATUS_FULL_TIME
658507,2023-07-16 15:00:00,2023,529,2556,IF Elfsborg,IFK Goteborg,1,1,post,STATUS_FULL_TIME
658503,2023-07-16 17:30:00,2023,20301,8544,Mjallby AIF,IFK Norrkoping,1,2,post,STATUS_FULL_TIME
658504,2023-07-17 19:00:00,2023,6545,994,Varbergs BoIS,AIK,1,2,post,STATUS_FULL_TIME
658500,2023-07-17 19:00:00,2023,2339,2720,Djurgarden,Malmo FF,2,0,post,STATUS_FULL_TIME
658515,2023-07-21 19:00:00,2023,8221,2495,Brommapojkarna,Hammarby,1,0,post,STATUS_FULL_TIME
658509,2023-07-22 15:00:00,2023,2339,529,Djurgarden,IF Elfsborg,0,4,post,STATUS_FULL_TIME
658512,2023-07-22 17:30:00,2023,21382,7834,IFK Varnamo,BK Hacken,1,0,post,STATUS_FULL_TIME
658508,2023-07-23 15:00:00,2023,994,2720,AIK,Malmo FF,0,0,post,STATUS_FULL_TIME
658513,2023-07-23 15:00:00,2023,8544,20856,IFK Norrkoping,Degerfors IF,1,0,post,STATUS_FULL_TIME
658514,2023-07-23 17:30:00,2023,2556,3017,IFK Goteborg,Halmstads BK,0,0,post,STATUS_FULL_TIME
658510,2023-07-23 17:30:00,2023,3052,6545,Kalmar FF,Varbergs BoIS,1,0,post,STATUS_FULL_TIME
658511,2023-07-24 19:00:00,2023,8547,20301,IK Sirius,Mjallby AIF,2,3,post,STATUS_FULL_TIME
658516,2023-07-29 15:00:00,2023,7834,529,BK Hacken,IF Elfsborg,3,1,post,STATUS_FULL_TIME
658522,2023-07-29 17:30:00,2023,20856,8221,Degerfors IF,Brommapojkarna,2,0,post,STATUS_FULL_TIME
658521,2023-07-29 20:00:00,2023,3017,6545,Halmstads BK,Varbergs BoIS,0,5,post,STATUS_FULL_TIME
658523,2023-07-30 15:00:00,2023,2495,8544,Hammarby,IFK Norrkoping,2,1,post,STATUS_FULL_TIME
658517,2023-07-30 15:00:00,2023,20301,2339,Mjallby AIF,Djurgarden,0,1,post,STATUS_FULL_TIME
658518,2023-07-30 17:30:00,2023,2556,3052,IFK Goteborg,Kalmar FF,2,0,post,STATUS_FULL_TIME
658519,2023-07-31 19:00:00,2023,8547,994,IK Sirius,AIK,0,1,post,STATUS_FULL_TIME
658520,2023-07-31 19:00:00,2023,2720,21382,Malmo FF,IFK Varnamo,3,1,post,STATUS_FULL_TIME
658526,2023-08-05 15:00:00,2023,8221,21382,Brommapojkarna,IFK Varnamo,0,2,post,STATUS_FULL_TIME
658527,2023-08-06 15:00:00,2023,529,8547,IF Elfsborg,IK Sirius,1,0,post,STATUS_FULL_TIME
658529,2023-08-06 15:00:00,2023,3052,994,Kalmar FF,AIK,1,1,post,STATUS_FULL_TIME
658530,2023-08-07 19:00:00,2023,2720,3017,Malmo FF,Halmstads BK,3,0,post,STATUS_FULL_TIME
658531,2023-08-07 19:00:00,2023,6545,20301,Varbergs BoIS,Mjallby AIF,0,3,post,STATUS_FULL_TIME
658528,2023-08-07 19:00:00,2023,8544,2556,IFK Norrkoping,IFK Goteborg,3,0,post,STATUS_FULL_TIME
658532,2023-08-12 15:00:00,2023,994,8221,AIK,Brommapojkarna,2,2,post,STATUS_FULL_TIME
658536,2023-08-13 15:00:00,2023,2556,2339,IFK Goteborg,Djurgarden,2,1,post,STATUS_FULL_TIME
658538,2023-08-13 15:00:00,2023,8547,3052,IK Sirius,Kalmar FF,3,0,post,STATUS_FULL_TIME
658533,2023-08-13 17:30:00,2023,7834,6545,BK Hacken,Varbergs BoIS,2,0,post,STATUS_FULL_TIME
658534,2023-08-13 17:30:00,2023,3017,8544,Halmstads BK,IFK Norrkoping,1,3,post,STATUS_FULL_TIME
658535,2023-08-13 17:30:00,2023,2495,529,Hammarby,IF Elfsborg,1,0,post,STATUS_FULL_TIME
658537,2023-08-14 19:00:00,2023,21382,20856,IFK Varnamo,Degerfors IF,0,1,post,STATUS_FULL_TIME
658539,2023-08-14 19:00:00,2023,20301,2720,Mjallby AIF,Malmo FF,1,0,post,STATUS_FULL_TIME
658542,2023-08-19 15:00:00,2023,8221,3017,Brommapojkarna,Halmstads BK,3,1,post,STATUS_FULL_TIME
658541,2023-08-19 15:00:00,2023,20856,2556,Degerfors IF,IFK Goteborg,1,2,post,STATUS_FULL_TIME
658547,2023-08-19 17:30:00,2023,6545,21382,Varbergs BoIS,IFK Varnamo,0,3,post,STATUS_FULL_TIME
658540,2023-08-20 15:00:00,2023,7834,8547,BK Hacken,IK Sirius,3,2,post,STATUS_FULL_TIME
658546,2023-08-20 15:00:00,2023,2720,2339,Malmo FF,Djurgarden,0,0,post,STATUS_FULL_TIME
658543,2023-08-20 17:30:00,2023,529,20301,IF Elfsborg,Mjallby AIF,2,0,post,STATUS_FULL_TIME
658545,2023-08-20 17:30:00,2023,3052,2495,Kalmar FF,Hammarby,0,0,post,STATUS_FULL_TIME
658544,2023-08-21 19:10:00,2023,8544,994,IFK Norrkoping,AIK,3,1,post,STATUS_FULL_TIME
658550,2023-08-27 15:00:00,2023,8221,3052,Brommapojkarna,Kalmar FF,2,3,post,STATUS_FULL_TIME
658553,2023-08-27 15:00:00,2023,21382,3017,IFK Varnamo,Halmstads BK,0,0,post,STATUS_FULL_TIME
658555,2023-08-27 15:00:00,2023,20301,2495,Mjallby AIF,Hammarby,0,3,post,STATUS_FULL_TIME
658552,2023-08-27 17:30:00,2023,2556,7834,IFK Goteborg,BK Hacken,4,2,post,STATUS_FULL_TIME
658549,2023-08-27 17:30:00,2023,2339,20856,Djurgarden,Degerfors IF,4,1,post,STATUS_FULL_TIME
658548,2023-08-28 19:00:00,2023,994,6545,AIK,Varbergs BoIS,3,0,post,STATUS_FULL_TIME
658551,2023-08-28 19:00:00,2023,529,8544,IF Elfsborg,IFK Norrkoping,3,2,post,STATUS_FULL_TIME
658554,2023-08-28 19:10:00,2023,8547,2720,IK Sirius,Malmo FF,1,3,post,STATUS_FULL_TIME
658557,2023-09-02 15:00:00,2023,3017,8547,Halmstads BK,IK Sirius,2,1,post,STATUS_FULL_TIME
658560,2023-09-02 17:30:00,2023,21382,529,IFK Varnamo,IF Elfsborg,1,0,post,STATUS_FULL_TIME
658556,2023-09-03 15:00:00,2023,20856,7834,Degerfors IF,BK Hacken,1,0,post,STATUS_FULL_TIME
658558,2023-09-03 15:00:00,2023,2495,994,Hammarby,AIK,4,2,post,STATUS_FULL_TIME
658561,2023-09-03 15:00:00,2023,3052,20301,Kalmar FF,Mjallby AIF,0,2,post,STATUS_FULL_TIME
658563,2023-09-03 17:30:00,2023,6545,8221,Varbergs BoIS,Brommapojkarna,4,3,post,STATUS_FULL_TIME
658562,2023-09-03 17:30:00,2023,2720,2556,Malmo FF,IFK Goteborg,2,2,post,STATUS_FULL_TIME
658559,2023-09-03 17:30:00,2023,8544,2339,IFK Norrkoping,Djurgarden,0,2,post,STATUS_FULL_TIME
658569,2023-09-16 15:00:00,2023,2556,8221,IFK Goteborg,Brommapojkarna,1,0,post,STATUS_FULL_TIME
658571,2023-09-16 15:00:00,2023,8547,6545,IK Sirius,Varbergs BoIS,7,0,post,STATUS_FULL_TIME
658566,2023-09-16 17:30:00,2023,2339,21382,Djurgarden,IFK Varnamo,1,2,post,STATUS_FULL_TIME
658567,2023-09-17 15:00:00,2023,2495,2720,Hammarby,Malmo FF,1,3,post,STATUS_FULL_TIME
658565,2023-09-17 17:30:00,2023,7834,3017,BK Hacken,Halmstads BK,3,2,post,STATUS_FULL_TIME
658568,2023-09-17 17:30:00,2023,529,3052,IF Elfsborg,Kalmar FF,0,3,post,STATUS_FULL_TIME
658570,2023-09-18 19:00:00,2023,8544,20301,IFK Norrkoping,Mjallby AIF,0,2,post,STATUS_FULL_TIME
658564,2023-09-18 19:10:00,2023,994,20856,AIK,Degerfors IF,2,0,post,STATUS_FULL_TIME
658573,2023-09-23 15:00:00,2023,20856,2720,Degerfors IF,Malmo FF,1,2,post,STATUS_FULL_TIME
658575,2023-09-23 17:30:00,2023,8221,8544,Brommapojkarna,IFK Norrkoping,2,2,post,STATUS_FULL_TIME
658578,2023-09-24 15:00:00,2023,20301,2556,Mjallby AIF,IFK Goteborg,0,1,post,STATUS_FULL_TIME
658572,2023-09-24 15:00:00,2023,994,2339,AIK,Djurgarden,2,0,post,STATUS_FULL_TIME
658577,2023-09-24 17:30:00,2023,3052,7834,Kalmar FF,BK Hacken,1,0,post,STATUS_FULL_TIME
658579,2023-09-24 17:30:00,2023,6545,2495,Varbergs BoIS,Hammarby,0,1,post,STATUS_FULL_TIME
658574,2023-09-25 19:00:00,2023,3017,529,Halmstads BK,IF Elfsborg,0,1,post,STATUS_FULL_TIME
658576,2023-09-25 19:00:00,2023,21382,8547,IFK Varnamo,IK Sirius,0,1,post,STATUS_FULL_TIME
658581,2023-09-30 15:00:00,2023,2339,3017,Djurgarden,Halmstads BK,1,0,post,STATUS_FULL_TIME
658584,2023-09-30 17:30:00,2023,8544,3052,IFK Norrkoping,Kalmar FF,1,0,post,STATUS_FULL_TIME
658580,2023-10-01 15:00:00,2023,7834,994,BK Hacken,AIK,2,0,post,STATUS_FULL_TIME
658585,2023-10-01 15:00:00,2023,8547,20856,IK Sirius,Degerfors IF,3,2,post,STATUS_FULL_TIME
658587,2023-10-01 17:30:00,2023,20301,21382,Mjallby AIF,IFK Varnamo,2,3,post,STATUS_FULL_TIME
658582,2023-10-01 17:30:00,2023,2495,2556,Hammarby,IFK Goteborg,1,1,post,STATUS_FULL_TIME
658583,2023-10-02 19:00:00,2023,529,6545,IF Elfsborg,Varbergs BoIS,2,1,post,STATUS_FULL_TIME
658586,2023-10-02 19:10:00,2023,2720,8221,Malmo FF,Brommapojkarna,2,1,post,STATUS_FULL_TIME
658588,2023-10-07 15:00:00,2023,994,20301,AIK,Mjallby AIF,1,0,post,STATUS_FULL_TIME
658589,2023-10-07 15:00:00,2023,3017,20856,Halmstads BK,Degerfors IF,0,0,post,STATUS_FULL_TIME
658592,2023-10-07 17:30:00,2023,2556,8547,IFK Goteborg,IK Sirius,0,1,post,STATUS_FULL_TIME
658591,2023-10-08 15:00:00,2023,8221,529,Brommapojkarna,IF Elfsborg,0,3,post,STATUS_FULL_TIME
658593,2023-10-08 15:00:00,2023,21382,8544,IFK Varnamo,IFK Norrkoping,2,1,post,STATUS_FULL_TIME
658594,2023-10-08 15:00:00,2023,3052,2720,Kalmar FF,Malmo FF,1,0,post,STATUS_FULL_TIME
658590,2023-10-08 17:30:00,2023,2495,7834,Hammarby,BK Hacken,2,2,post,STATUS_FULL_TIME
658595,2023-10-08 17:30:00,2023,6545,2339,Varbergs BoIS,Djurgarden,0,1,post,STATUS_FULL_TIME
658597,2023-10-21 15:00:00,2023,20856,3052,Degerfors IF,Kalmar FF,1,3,post,STATUS_FULL_TIME
658602,2023-10-21 17:30:00,2023,8547,8221,IK Sirius,Brommapojkarna,3,2,post,STATUS_FULL_TIME
658598,2023-10-22 15:00:00,2023,2339,2495,Djurgarden,Hammarby,0,0,post,STATUS_FULL_TIME
658599,2023-10-22 15:00:00,2023,3017,20301,Halmstads BK,Mjallby AIF,1,1,post,STATUS_FULL_TIME
658596,2023-10-22 17:30:00,2023,7834,8544,BK Hacken,IFK Norrkoping,4,1,post,STATUS_FULL_TIME
658603,2023-10-22 17:30:00,2023,2720,6545,Malmo FF,Varbergs BoIS,5,0,post,STATUS_FULL_TIME
658601,2023-10-23 19:00:00,2023,21382,2556,IFK Varnamo,IFK Goteborg,3,1,post,STATUS_FULL_TIME
658600,2023-10-23 19:10:00,2023,529,994,IF Elfsborg,AIK,3,0,post,STATUS_FULL_TIME
658606,2023-10-28 15:00:00,2023,8221,2339,Brommapojkarna,Djurgarden,1,2,post,STATUS_FULL_TIME
658611,2023-10-28 17:30:00,2023,6545,20856,Varbergs BoIS,Degerfors IF,1,1,post,STATUS_FULL_TIME
658610,2023-10-29 15:00:00,2023,20301,7834,Mjallby AIF,BK Hacken,2,1,post,STATUS_FULL_TIME
658609,2023-10-29 15:00:00,2023,3052,21382,Kalmar FF,IFK Varnamo,1,3,post,STATUS_FULL_TIME
658608,2023-10-29 15:00:00,2023,8544,2720,IFK Norrkoping,Malmo FF,0,1,post,STATUS_FULL_TIME
658604,2023-10-29 17:30:00,2023,994,3017,AIK,Halmstads BK,1,1,post,STATUS_FULL_TIME
658605,2023-10-30 19:00:00,2023,2495,8547,Hammarby,IK Sirius,2,2,post,STATUS_FULL_TIME
658607,2023-10-30 19:10:00,2023,2556,529,IFK Goteborg,IF Elfsborg,1,2,post,STATUS_FULL_TIME
658618,2023-11-04 15:00:00,2023,21382,2495,IFK Varnamo,Hammarby,0,0,post,STATUS_FULL_TIME
658613,2023-11-04 17:30:00,2023,2339,8547,Djurgarden,IK Sirius,2,4,post,STATUS_FULL_TIME
658612,2023-11-05 15:00:00,2023,7834,2720,BK Hacken,Malmo FF,4,2,post,STATUS_FULL_TIME
658614,2023-11-05 15:00:00,2023,3017,3052,Halmstads BK,Kalmar FF,3,0,post,STATUS_FULL_TIME
658615,2023-11-05 17:30:00,2023,529,20856,IF Elfsborg,Degerfors IF,2,2,post,STATUS_FULL_TIME
658619,2023-11-05 17:30:00,2023,20301,8221,Mjallby AIF,Brommapojkarna,1,2,post,STATUS_FULL_TIME
658617,2023-11-06 19:00:00,2023,8544,6545,IFK Norrkoping,Varbergs BoIS,4,3,post,STATUS_FULL_TIME
658616,2023-11-06 19:10:00,2023,2556,994,IFK Goteborg,AIK,1,1,post,STATUS_FULL_TIME
658625,2023-11-12 15:00:00,2023,3052,2339,Kalmar FF,Djurgarden,2,1,post,STATUS_FULL_TIME
658626,2023-11-12 15:00:00,2023,2720,529,Malmo FF,IF Elfsborg,1,0,post,STATUS_FULL_TIME
658624,2023-11-12 15:00:00,2023,8547,8544,IK Sirius,IFK Norrkoping,2,0,post,STATUS_FULL_TIME
658627,2023-11-12 15:00:00,2023,6545,2556,Varbergs BoIS,IFK Goteborg,1,2,post,STATUS_FULL_TIME
658622,2023-11-12 15:00:00,2023,2495,3017,Hammarby,Halmstads BK,2,2,post,STATUS_FULL_TIME
658621,2023-11-12 15:00:00,2023,20856,20301,Degerfors IF,Mjallby AIF,1,2,post,STATUS_FULL_TIME
658620,2023-11-12 15:00:00,2023,994,21382,AIK,IFK Varnamo,3,1,post,STATUS_FULL_TIME
658623,2023-11-12 15:00:00,2023,8221,7834,Brommapojkarna,BK Hacken,2,1,post,STATUS_FULL_TIME
691547,2024-03-30 15:00:00,2024,8544,2720,IFK Norrkoping,Malmo FF,1,5,post,STATUS_FULL_TIME
691546,2024-03-31 14:00:00,2024,8222,8221,GAIS,Brommapojkarna,0,4,post,STATUS_FULL_TIME
691548,2024-03-31 14:00:00,2024,2495,3052,Hammarby,Kalmar FF,3,1,post,STATUS_FULL_TIME
691545,2024-03-31 16:30:00,2024,7834,20301,BK Hacken,Mjallby AIF,0,1,post,STATUS_FULL_TIME
691550,2024-04-01 14:00:00,2024,2556,2339,IFK Goteborg,Djurgarden,1,4,post,STATUS_FULL_TIME
691544,2024-04-01 14:00:00,2024,8547,3017,IK Sirius,Halmstads BK,3,0,post,STATUS_FULL_TIME
691543,2024-04-01 16:30:00,2024,529,21382,IF Elfsborg,IFK Varnamo,2,2,post,STATUS_FULL_TIME
691549,2024-04-01 16:30:00,2024,994,22163,AIK,Vasteras SK,1,0,post,STATUS_FULL_TIME
691558,2024-04-06 15:00:00,2024,8221,994,Brommapojkarna,AIK,2,2,post,STATUS_FULL_TIME
691555,2024-04-06 17:30:00,2024,20301,8544,Mjallby AIF,IFK Norrkoping,3,0,post,STATUS_FULL_TIME
691557,2024-04-07 14:00:00,2024,3017,2556,Halmstads BK,IFK Goteborg,1,0,post,STATUS_FULL_TIME
691554,2024-04-07 14:00:00,2024,2720,2495,Malmo FF,Hammarby,2,0,post,STATUS_FULL_TIME
691551,2024-04-07 16:30:00,2024,22163,529,Vasteras SK,IF Elfsborg,0,1,post,STATUS_FULL_TIME
691553,2024-04-08 19:00:00,2024,21382,8222,IFK Varnamo,GAIS,1,2,post,STATUS_FULL_TIME
691552,2024-04-08 19:00:00,2024,3052,8547,Kalmar FF,IK Sirius,1,2,post,STATUS_FULL_TIME
691556,2024-04-08 19:10:00,2024,2339,7834,Djurgarden,BK Hacken,3,3,post,STATUS_FULL_TIME
691559,2024-04-13 15:00:00,2024,20301,994,Mjallby AIF,AIK,1,1,post,STATUS_FULL_TIME
691564,2024-04-13 17:30:00,2024,22163,3017,Vasteras SK,Halmstads BK,0,1,post,STATUS_FULL_TIME
691563,2024-04-14 14:00:00,2024,3052,2556,Kalmar FF,IFK Goteborg,0,1,post,STATUS_FULL_TIME
691560,2024-04-14 14:00:00,2024,8544,8222,IFK Norrkoping,GAIS,1,0,post,STATUS_FULL_TIME
691565,2024-04-14 16:30:00,2024,2339,8547,Djurgarden,IK Sirius,2,0,post,STATUS_FULL_TIME
691561,2024-04-15 19:00:00,2024,7834,8221,BK Hacken,Brommapojkarna,4,3,post,STATUS_FULL_TIME
691566,2024-04-15 19:00:00,2024,21382,2720,IFK Varnamo,Malmo FF,0,4,post,STATUS_FULL_TIME
691562,2024-04-15 19:10:00,2024,2495,529,Hammarby,IF Elfsborg,3,0,post,STATUS_FULL_TIME
691567,2024-04-20 15:00:00,2024,2556,8544,IFK Goteborg,IFK Norrkoping,1,1,post,STATUS_FULL_TIME
691571,2024-04-20 15:00:00,2024,8547,21382,IK Sirius,IFK Varnamo,0,1,post,STATUS_FULL_TIME
691569,2024-04-20 17:30:00,2024,2720,22163,Malmo FF,Vasteras SK,1,0,post,STATUS_FULL_TIME
691573,2024-04-21 14:00:00,2024,994,2339,AIK,Djurgarden,2,0,post,STATUS_FULL_TIME
691570,2024-04-21 14:00:00,2024,8222,20301,GAIS,Mjallby AIF,2,1,post,STATUS_FULL_TIME
691572,2024-04-21 16:30:00,2024,3017,8221,Halmstads BK,Brommapojkarna,0,2,post,STATUS_FULL_TIME
691568,2024-04-21 16:30:00,2024,7834,2495,BK Hacken,Hammarby,2,1,post,STATUS_FULL_TIME
691574,2024-04-22 19:00:00,2024,529,3052,IF Elfsborg,Kalmar FF,1,2,post,STATUS_FULL_TIME
691579,2024-04-24 19:00:00,2024,994,21382,AIK,IFK Varnamo,2,0,post,STATUS_FULL_TIME
691580,2024-04-24 19:00:00,2024,8221,8547,Brommapojkarna,IK Sirius,1,1,post,STATUS_FULL_TIME
691577,2024-04-24 19:00:00,2024,2556,7834,IFK Goteborg,BK Hacken,0,1,post,STATUS_FULL_TIME
691582,2024-04-25 19:00:00,2024,22163,20301,Vasteras SK,Mjallby AIF,2,1,post,STATUS_FULL_TIME
691575,2024-04-25 19:00:00,2024,2339,2720,Djurgarden,Malmo FF,0,1,post,STATUS_FULL_TIME
691576,2024-04-25 19:00:00,2024,3017,2495,Halmstads BK,Hammarby,2,1,post,STATUS_FULL_TIME
691578,2024-04-25 19:00:00,2024,8544,529,IFK Norrkoping,IF Elfsborg,4,2,post,STATUS_FULL_TIME
691581,2024-04-25 19:00:00,2024,3052,8222,Kalmar FF,GAIS,2,3,post,STATUS_FULL_TIME
691583,2024-04-28 14:00:00,2024,2720,994,Malmo FF,AIK,5,0,post,STATUS_FULL_TIME
691590,2024-04-28 14:00:00,2024,21382,3017,IFK Varnamo,Halmstads BK,1,3,post,STATUS_FULL_TIME
691584,2024-04-28 16:30:00,2024,7834,8544,BK Hacken,IFK Norrkoping,1,2,post,STATUS_FULL_TIME
691586,2024-04-28 16:30:00,2024,2339,8222,Djurgarden,GAIS,1,0,post,STATUS_FULL_TIME
691585,2024-04-29 19:00:00,2024,8221,2556,Brommapojkarna,IFK Goteborg,0,3,post,STATUS_FULL_TIME
691589,2024-04-29 19:00:00,2024,529,8547,IF Elfsborg,IK Sirius,2,0,post,STATUS_FULL_TIME
691588,2024-04-29 19:00:00,2024,20301,3052,Mjallby AIF,Kalmar FF,3,2,post,STATUS_FULL_TIME
691587,2024-04-29 19:10:00,2024,2495,22163,Hammarby,Vasteras SK,2,1,post,STATUS_FULL_TIME
691592,2024-05-04 15:00:00,2024,3052,3017,Kalmar FF,Halmstads BK,5,2,post,STATUS_FULL_TIME
691594,2024-05-04 15:00:00,2024,20301,8221,Mjallby AIF,Brommapojkarna,1,1,post,STATUS_FULL_TIME
691595,2024-05-04 17:30:00,2024,8547,7834,IK Sirius,BK Hacken,0,3,post,STATUS_FULL_TIME
691593,2024-05-05 14:00:00,2024,22163,2339,Vasteras SK,Djurgarden,0,2,post,STATUS_FULL_TIME
691596,2024-05-05 14:00:00,2024,529,2720,IF Elfsborg,Malmo FF,3,1,post,STATUS_FULL_TIME
691597,2024-05-05 16:30:00,2024,994,8544,AIK,IFK Norrkoping,6,2,post,STATUS_FULL_TIME
691598,2024-05-05 16:30:00,2024,2495,21382,Hammarby,IFK Varnamo,1,2,post,STATUS_FULL_TIME
691591,2024-05-06 19:10:00,2024,8222,2556,GAIS,IFK Goteborg,2,1,post,STATUS_FULL_TIME
691602,2024-05-11 15:00:00,2024,994,8547,AIK,IK Sirius,1,3,post,STATUS_FULL_TIME
691605,2024-05-11 15:00:00,2024,3017,20301,Halmstads BK,Mjallby AIF,1,3,post,STATUS_FULL_TIME
691606,2024-05-11 17:30:00,2024,8222,22163,GAIS,Vasteras SK,2,0,post,STATUS_FULL_TIME
691599,2024-05-12 14:00:00,2024,7834,3052,BK Hacken,Kalmar FF,3,1,post,STATUS_FULL_TIME
691603,2024-05-12 14:00:00,2024,8544,2495,IFK Norrkoping,Hammarby,1,2,post,STATUS_FULL_TIME
691604,2024-05-12 16:30:00,2024,2339,529,Djurgarden,IF Elfsborg,2,0,post,STATUS_FULL_TIME
691601,2024-05-12 16:30:00,2024,21382,8221,IFK Varnamo,Brommapojkarna,1,1,post,STATUS_FULL_TIME
691600,2024-05-13 19:10:00,2024,2556,2720,IFK Goteborg,Malmo FF,0,3,post,STATUS_FULL_TIME
691613,2024-05-15 19:00:00,2024,3017,7834,Halmstads BK,BK Hacken,3,0,post,STATUS_FULL_TIME
691612,2024-05-15 19:00:00,2024,529,994,IF Elfsborg,AIK,6,1,post,STATUS_FULL_TIME
691608,2024-05-15 19:00:00,2024,20301,2495,Mjallby AIF,Hammarby,3,0,post,STATUS_FULL_TIME
691607,2024-05-15 19:00:00,2024,22163,21382,Vasteras SK,IFK Varnamo,0,2,post,STATUS_FULL_TIME
691614,2024-05-16 19:00:00,2024,8221,2339,Brommapojkarna,Djurgarden,0,5,post,STATUS_FULL_TIME
691610,2024-05-16 19:00:00,2024,8547,2556,IK Sirius,IFK Goteborg,2,2,post,STATUS_FULL_TIME
691611,2024-05-16 19:00:00,2024,3052,8544,Kalmar FF,IFK Norrkoping,1,1,post,STATUS_FULL_TIME
691609,2024-05-16 19:00:00,2024,2720,8222,Malmo FF,GAIS,1,0,post,STATUS_FULL_TIME
691615,2024-05-19 14:00:00,2024,2495,994,Hammarby,AIK,2,1,post,STATUS_FULL_TIME
691620,2024-05-19 14:00:00,2024,8221,8544,Brommapojkarna,IFK Norrkoping,2,1,post,STATUS_FULL_TIME
691618,2024-05-19 16:30:00,2024,21382,3052,IFK Varnamo,Kalmar FF,0,2,post,STATUS_FULL_TIME
691621,2024-05-19 16:30:00,2024,8222,529,GAIS,IF Elfsborg,2,1,post,STATUS_FULL_TIME
691619,2024-05-20 19:00:00,2024,2339,3017,Djurgarden,Halmstads BK,2,0,post,STATUS_FULL_TIME
691622,2024-05-20 19:00:00,2024,8547,22163,IK Sirius,Vasteras SK,0,0,post,STATUS_FULL_TIME
691616,2024-05-20 19:10:00,2024,7834,2720,BK Hacken,Malmo FF,2,2,post,STATUS_FULL_TIME
691617,2024-05-21 19:00:00,2024,2556,20301,IFK Goteborg,Mjallby AIF,1,0,post,STATUS_FULL_TIME
691629,2024-05-24 19:00:00,2024,529,3017,IF Elfsborg,Halmstads BK,2,0,post,STATUS_FULL_TIME
691623,2024-05-24 19:00:00,2024,2720,3052,Malmo FF,Kalmar FF,5,0,post,STATUS_FULL_TIME
691627,2024-05-25 16:00:00,2024,8222,7834,GAIS,BK Hacken,3,0,post,STATUS_FULL_TIME
691628,2024-05-25 17:30:00,2024,20301,2339,Mjallby AIF,Djurgarden,1,3,post,STATUS_FULL_TIME
691624,2024-05-26 14:00:00,2024,2495,8547,Hammarby,IK Sirius,3,0,post,STATUS_FULL_TIME
691626,2024-05-26 16:30:00,2024,22163,8221,Vasteras SK,Brommapojkarna,1,1,post,STATUS_FULL_TIME
691630,2024-05-27 19:00:00,2024,8544,21382,IFK Norrkoping,IFK Varnamo,0,4,post,STATUS_FULL_TIME
691625,2024-05-27 19:10:00,2024,994,2556,AIK,IFK Goteborg,5,2,post,STATUS_FULL_TIME
691674,2024-05-28 19:00:00,2024,2720,529,Malmo FF,IF Elfsborg,2,1,post,STATUS_FULL_TIME
691675,2024-05-29 19:00:00,2024,20301,7834,Mjallby AIF,BK Hacken,2,1,post,STATUS_FULL_TIME
691631,2024-06-01 15:00:00,2024,8221,2720,Brommapojkarna,Malmo FF,2,2,post,STATUS_FULL_TIME
691638,2024-06-01 15:00:00,2024,2556,529,IFK Goteborg,IF Elfsborg,1,0,post,STATUS_FULL_TIME
691637,2024-06-01 17:30:00,2024,3017,8222,Halmstads BK,GAIS,4,0,post,STATUS_FULL_TIME
691635,2024-06-01 17:30:00,2024,8547,8544,IK Sirius,IFK Norrkoping,5,1,post,STATUS_FULL_TIME
691632,2024-06-02 14:00:00,2024,2339,2495,Djurgarden,Hammarby,0,3,post,STATUS_FULL_TIME
691634,2024-06-02 14:00:00,2024,3052,22163,Kalmar FF,Vasteras SK,0,4,post,STATUS_FULL_TIME
691633,2024-06-02 16:30:00,2024,21382,20301,IFK Varnamo,Mjallby AIF,1,2,post,STATUS_FULL_TIME
691636,2024-06-02 16:30:00,2024,7834,994,BK Hacken,AIK,4,1,post,STATUS_FULL_TIME
691643,2024-07-06 15:00:00,2024,529,8221,IF Elfsborg,Brommapojkarna,3,0,post,STATUS_FULL_TIME
691645,2024-07-06 15:00:00,2024,20301,8547,Mjallby AIF,IK Sirius,3,2,post,STATUS_FULL_TIME
691642,2024-07-07 14:00:00,2024,994,3052,AIK,Kalmar FF,1,2,post,STATUS_FULL_TIME
691644,2024-07-07 14:00:00,2024,21382,2556,IFK Varnamo,IFK Goteborg,2,0,post,STATUS_FULL_TIME
691639,2024-07-07 16:30:00,2024,8222,2495,GAIS,Hammarby,0,0,post,STATUS_FULL_TIME
691641,2024-07-07 16:30:00,2024,2720,3017,Malmo FF,Halmstads BK,5,1,post,STATUS_FULL_TIME
691646,2024-07-08 19:00:00,2024,8544,2339,IFK Norrkoping,Djurgarden,1,3,post,STATUS_FULL_TIME
691640,2024-07-08 19:00:00,2024,22163,7834,Vasteras SK,BK Hacken,1,2,post,STATUS_FULL_TIME
691651,2024-07-13 15:00:00,2024,20301,2720,Mjallby AIF,Malmo FF,2,1,post,STATUS_FULL_TIME
691654,2024-07-13 17:30:00,2024,8547,8222,IK Sirius,GAIS,3,1,post,STATUS_FULL_TIME
691647,2024-07-14 14:00:00,2024,2339,21382,Djurgarden,IFK Varnamo,1,0,post,STATUS_FULL_TIME
691652,2024-07-14 16:30:00,2024,7834,529,BK Hacken,IF Elfsborg,3,5,post,STATUS_FULL_TIME
691650,2024-07-14 16:30:00,2024,3052,8221,Kalmar FF,Brommapojkarna,0,1,post,STATUS_FULL_TIME
691653,2024-07-14 16:30:00,2024,22163,8544,Vasteras SK,IFK Norrkoping,2,1,post,STATUS_FULL_TIME
691648,2024-07-15 19:00:00,2024,3017,994,Halmstads BK,AIK,1,2,post,STATUS_FULL_TIME
691649,2024-07-15 19:00:00,2024,2495,2556,Hammarby,IFK Goteborg,0,1,post,STATUS_FULL_TIME
691657,2024-07-19 19:00:00,2024,8547,2720,IK Sirius,Malmo FF,3,4,post,STATUS_FULL_TIME
691655,2024-07-20 15:00:00,2024,21382,7834,IFK Varnamo,BK Hacken,2,2,post,STATUS_FULL_TIME
691656,2024-07-20 15:00:00,2024,3052,2339,Kalmar FF,Djurgarden,2,1,post,STATUS_FULL_TIME
691659,2024-07-20 17:30:00,2024,8221,2495,Brommapojkarna,Hammarby,0,2,post,STATUS_FULL_TIME
691660,2024-07-21 14:00:00,2024,8544,3017,IFK Norrkoping,Halmstads BK,1,0,post,STATUS_FULL_TIME
691661,2024-07-21 16:30:00,2024,2556,22163,IFK Goteborg,Vasteras SK,1,1,post,STATUS_FULL_TIME
691658,2024-07-21 16:30:00,2024,529,20301,IF Elfsborg,Mjallby AIF,3,1,post,STATUS_FULL_TIME
691662,2024-07-22 19:00:00,2024,8222,994,GAIS,AIK,2,0,post,STATUS_FULL_TIME
691668,2024-07-27 15:00:00,2024,8544,3052,IFK Norrkoping,Kalmar FF,2,0,post,STATUS_FULL_TIME
691670,2024-07-27 17:30:00,2024,2556,8221,IFK Goteborg,Brommapojkarna,3,4,post,STATUS_FULL_TIME
691669,2024-07-27 17:30:00,2024,2720,8547,Malmo FF,IK Sirius,0,1,post,STATUS_FULL_TIME
691664,2024-07-27 20:00:00,2024,3017,21382,Halmstads BK,IFK Varnamo,1,0,post,STATUS_FULL_TIME
691666,2024-07-28 16:30:00,2024,7834,22163,BK Hacken,Vasteras SK,4,0,post,STATUS_FULL_TIME
691663,2024-07-28 16:30:00,2024,2495,20301,Hammarby,Mjallby AIF,3,0,post,STATUS_FULL_TIME
691665,2024-07-28 16:30:00,2024,529,2339,IF Elfsborg,Djurgarden,1,2,post,STATUS_FULL_TIME
691667,2024-07-29 19:00:00,2024,994,8222,AIK,GAIS,0,1,post,STATUS_FULL_TIME
691672,2024-08-03 15:00:00,2024,22163,994,Vasteras SK,AIK,1,2,post,STATUS_FULL_TIME
691671,2024-08-03 15:00:00,2024,8222,8544,GAIS,IFK Norrkoping,0,1,post,STATUS_FULL_TIME
691676,2024-08-03 17:30:00,2024,8221,3017,Brommapojkarna,Halmstads BK,4,1,post,STATUS_FULL_TIME
691677,2024-08-04 14:00:00,2024,2339,2556,Djurgarden,IFK Goteborg,1,1,post,STATUS_FULL_TIME
691678,2024-08-04 14:00:00,2024,21382,8547,IFK Varnamo,IK Sirius,2,4,post,STATUS_FULL_TIME
691673,2024-08-04 16:30:00,2024,3052,2495,Kalmar FF,Hammarby,1,4,post,STATUS_FULL_TIME
691679,2024-08-10 15:00:00,2024,3017,2720,Halmstads BK,Malmo FF,0,1,post,STATUS_FULL_TIME
691686,2024-08-10 15:00:00,2024,8544,22163,IFK Norrkoping,Vasteras SK,2,1,post,STATUS_FULL_TIME
691682,2024-08-10 17:30:00,2024,2556,21382,IFK Goteborg,IFK Varnamo,0,0,post,STATUS_FULL_TIME
691685,2024-08-11 16:00:00,2024,529,8222,IF Elfsborg,GAIS,2,1,post,STATUS_FULL_TIME
691684,2024-08-11 16:00:00,2024,8547,3052,IK Sirius,Kalmar FF,3,1,post,STATUS_FULL_TIME
691683,2024-08-11 16:00:00,2024,994,20301,AIK,Mjallby AIF,1,0,post,STATUS_FULL_TIME
691680,2024-08-12 19:00:00,2024,2495,8221,Hammarby,Brommapojkarna,3,3,post,STATUS_FULL_TIME
691693,2024-08-17 15:00:00,2024,2556,8547,IFK Goteborg,IK Sirius,1,1,post,STATUS_FULL_TIME
691692,2024-08-17 15:00:00,2024,21382,2495,IFK Varnamo,Hammarby,0,3,post,STATUS_FULL_TIME
691688,2024-08-17 15:00:00,2024,2720,8544,Malmo FF,IFK Norrkoping,2,1,post,STATUS_FULL_TIME
691690,2024-08-17 17:30:00,2024,22163,3052,Vasteras SK,Kalmar FF,2,1,post,STATUS_FULL_TIME
691689,2024-08-18 14:00:00,2024,2339,994,Djurgarden,AIK,0,2,post,STATUS_FULL_TIME
691694,2024-08-18 14:00:00,2024,8221,7834,Brommapojkarna,BK Hacken,1,3,post,STATUS_FULL_TIME
691687,2024-08-18 14:00:00,2024,20301,529,Mjallby AIF,IF Elfsborg,1,1,post,STATUS_FULL_TIME
691691,2024-08-18 16:30:00,2024,8222,3017,GAIS,Halmstads BK,3,1,post,STATUS_FULL_TIME
691699,2024-08-24 15:00:00,2024,3052,2720,Kalmar FF,Malmo FF,2,2,post,STATUS_FULL_TIME
691697,2024-08-25 14:00:00,2024,8547,2339,IK Sirius,Djurgarden,0,1,post,STATUS_FULL_TIME
691696,2024-08-25 14:00:00,2024,529,2556,IF Elfsborg,IFK Goteborg,3,1,post,STATUS_FULL_TIME
691695,2024-08-25 16:30:00,2024,994,8221,AIK,Brommapojkarna,2,1,post,STATUS_FULL_TIME
691700,2024-08-25 16:30:00,2024,7834,21382,BK Hacken,IFK Varnamo,1,1,post,STATUS_FULL_TIME
691702,2024-08-26 19:00:00,2024,3017,22163,Halmstads BK,Vasteras SK,0,1,post,STATUS_FULL_TIME
691701,2024-08-26 19:00:00,2024,2495,8222,Hammarby,GAIS,0,0,post,STATUS_FULL_TIME
691698,2024-08-26 19:00:00,2024,8544,20301,IFK Norrkoping,Mjallby AIF,1,2,post,STATUS_FULL_TIME
691709,2024-08-31 15:00:00,2024,8222,3052,GAIS,Kalmar FF,1,1,post,STATUS_FULL_TIME
691707,2024-08-31 15:00:00,2024,21382,994,IFK Varnamo,AIK,0,1,post,STATUS_FULL_TIME
691706,2024-08-31 17:30:00,2024,22163,8547,Vasteras SK,IK Sirius,1,2,post,STATUS_FULL_TIME
691705,2024-08-31 17:30:00,2024,20301,3017,Mjallby AIF,Halmstads BK,3,1,post,STATUS_FULL_TIME
691704,2024-09-01 14:00:00,2024,2720,2339,Malmo FF,Djurgarden,4,0,post,STATUS_FULL_TIME
691703,2024-09-01 14:00:00,2024,8221,529,Brommapojkarna,IF Elfsborg,3,3,post,STATUS_FULL_TIME
691708,2024-09-01 16:30:00,2024,2556,2495,IFK Goteborg,Hammarby,0,1,post,STATUS_FULL_TIME
691710,2024-09-01 16:30:00,2024,8544,7834,IFK Norrkoping,BK Hacken,3,3,post,STATUS_FULL_TIME
691718,2024-09-14 15:00:00,2024,22163,8222,Vasteras SK,GAIS,2,3,post,STATUS_FULL_TIME
691713,2024-09-15 14:00:00,2024,994,2720,AIK,Malmo FF,0,0,post,STATUS_FULL_TIME
691714,2024-09-15 14:00:00,2024,2339,20301,Djurgarden,Mjallby AIF,1,1,post,STATUS_FULL_TIME
691712,2024-09-15 14:00:00,2024,8547,8221,IK Sirius,Brommapojkarna,3,2,post,STATUS_FULL_TIME
691717,2024-09-15 16:30:00,2024,3017,529,Halmstads BK,IF Elfsborg,0,1,post,STATUS_FULL_TIME
691711,2024-09-15 16:30:00,2024,3052,21382,Kalmar FF,IFK Varnamo,3,1,post,STATUS_FULL_TIME
691715,2024-09-15 16:30:00,2024,7834,2556,BK Hacken,IFK Goteborg,3,3,post,STATUS_FULL_TIME
691716,2024-09-16 19:10:00,2024,2495,8544,Hammarby,IFK Norrkoping,1,1,post,STATUS_FULL_TIME
691733,2024-09-18 19:00:00,2024,8222,2720,GAIS,Malmo FF,0,0,post,STATUS_FULL_TIME
691681,2024-09-19 19:00:00,2024,7834,2339,BK Hacken,Djurgarden,1,2,post,STATUS_FULL_TIME
691730,2024-09-19 19:00:00,2024,529,8544,IF Elfsborg,IFK Norrkoping,2,2,post,STATUS_FULL_TIME
691722,2024-09-21 15:00:00,2024,3052,994,Kalmar FF,AIK,0,1,post,STATUS_FULL_TIME
691719,2024-09-21 17:30:00,2024,8221,20301,Brommapojkarna,Mjallby AIF,0,0,post,STATUS_FULL_TIME
691726,2024-09-22 14:00:00,2024,8222,2339,GAIS,Djurgarden,3,0,post,STATUS_FULL_TIME
691720,2024-09-22 14:00:00,2024,529,2495,IF Elfsborg,Hammarby,0,0,post,STATUS_FULL_TIME
691725,2024-09-22 14:00:00,2024,21382,22163,IFK Varnamo,Vasteras SK,2,0,post,STATUS_FULL_TIME
691723,2024-09-22 16:30:00,2024,2720,7834,Malmo FF,BK Hacken,4,0,post,STATUS_FULL_TIME
691721,2024-09-23 19:00:00,2024,2556,3017,IFK Goteborg,Halmstads BK,1,1,post,STATUS_FULL_TIME
691729,2024-09-25 19:00:00,2024,20301,21382,Mjallby AIF,IFK Varnamo,1,1,post,STATUS_FULL_TIME
691732,2024-09-25 19:00:00,2024,8547,994,IK Sirius,AIK,0,1,post,STATUS_FULL_TIME
691731,2024-09-25 19:00:00,2024,2339,8221,Djurgarden,Brommapojkarna,2,1,post,STATUS_FULL_TIME
691727,2024-09-26 19:00:00,2024,3017,3052,Halmstads BK,Kalmar FF,2,2,post,STATUS_FULL_TIME
691728,2024-09-26 19:00:00,2024,2495,7834,Hammarby,BK Hacken,2,0,post,STATUS_FULL_TIME
691734,2024-09-26 19:00:00,2024,22163,2556,Vasteras SK,IFK Goteborg,1,1,post,STATUS_FULL_TIME
691737,2024-09-29 14:00:00,2024,994,2495,AIK,Hammarby,1,0,post,STATUS_FULL_TIME
691740,2024-09-29 14:00:00,2024,3017,8544,Halmstads BK,IFK Norrkoping,0,0,post,STATUS_FULL_TIME
691735,2024-09-29 14:00:00,2024,21382,2339,IFK Varnamo,Djurgarden,1,1,post,STATUS_FULL_TIME
691741,2024-09-29 16:30:00,2024,7834,8547,BK Hacken,IK Sirius,2,0,post,STATUS_FULL_TIME
691742,2024-09-29 16:30:00,2024,3052,529,Kalmar FF,IF Elfsborg,1,3,post,STATUS_FULL_TIME
691736,2024-09-29 16:30:00,2024,2720,20301,Malmo FF,Mjallby AIF,2,0,post,STATUS_FULL_TIME
691738,2024-09-30 19:00:00,2024,8221,22163,Brommapojkarna,Vasteras SK,2,1,post,STATUS_FULL_TIME
691739,2024-09-30 19:10:00,2024,2556,8222,IFK Goteborg,GAIS,2,0,post,STATUS_FULL_TIME
691724,2024-10-03 19:00:00,2024,8544,8547,IFK Norrkoping,IK Sirius,0,2,post,STATUS_FULL_TIME
691747,2024-10-05 15:00:00,2024,2495,3017,Hammarby,Halmstads BK,1,0,post,STATUS_FULL_TIME
691744,2024-10-05 15:00:00,2024,20301,22163,Mjallby AIF,Vasteras SK,2,1,post,STATUS_FULL_TIME
691743,2024-10-05 17:30:00,2024,8221,8222,Brommapojkarna,GAIS,2,0,post,STATUS_FULL_TIME
691750,2024-10-06 14:00:00,2024,994,7834,AIK,BK Hacken,0,2,post,STATUS_FULL_TIME
691749,2024-10-06 14:00:00,2024,2339,3052,Djurgarden,Kalmar FF,1,1,post,STATUS_FULL_TIME
691745,2024-10-06 16:30:00,2024,8544,2556,IFK Norrkoping,IFK Goteborg,0,2,post,STATUS_FULL_TIME
691748,2024-10-06 16:30:00,2024,8547,529,IK Sirius,IF Elfsborg,4,1,post,STATUS_FULL_TIME
691746,2024-10-06 16:30:00,2024,2720,21382,Malmo FF,IFK Varnamo,1,1,post,STATUS_FULL_TIME
691757,2024-10-19 15:00:00,2024,22163,2720,Vasteras SK,Malmo FF,1,1,post,STATUS_FULL_TIME
691754,2024-10-19 15:00:00,2024,529,7834,IF Elfsborg,BK Hacken,1,3,post,STATUS_FULL_TIME
691755,2024-10-19 17:30:00,2024,3017,8547,Halmstads BK,IK Sirius,3,1,post,STATUS_FULL_TIME
691751,2024-10-20 14:00:00,2024,3052,20301,Kalmar FF,Mjallby AIF,0,3,post,STATUS_FULL_TIME
691758,2024-10-20 16:30:00,2024,8222,21382,GAIS,IFK Varnamo,0,0,post,STATUS_FULL_TIME
691753,2024-10-21 14:00:00,2024,2495,2339,Hammarby,Djurgarden,2,0,post,STATUS_FULL_TIME
691752,2024-10-21 19:00:00,2024,8544,8221,IFK Norrkoping,Brommapojkarna,1,1,post,STATUS_FULL_TIME
691756,2024-10-21 19:10:00,2024,2556,994,IFK Goteborg,AIK,1,2,post,STATUS_FULL_TIME
691765,2024-10-26 15:00:00,2024,8547,2495,IK Sirius,Hammarby,0,3,post,STATUS_FULL_TIME
691762,2024-10-26 15:00:00,2024,20301,8222,Mjallby AIF,GAIS,1,1,post,STATUS_FULL_TIME
691766,2024-10-26 17:30:00,2024,8221,3052,Brommapojkarna,Kalmar FF,1,2,post,STATUS_FULL_TIME
691760,2024-10-27 14:00:00,2024,21382,8544,IFK Varnamo,IFK Norrkoping,1,2,post,STATUS_FULL_TIME
691761,2024-10-27 14:00:00,2024,994,529,AIK,IF Elfsborg,2,1,post,STATUS_FULL_TIME
691759,2024-10-27 16:30:00,2024,7834,3017,BK Hacken,Halmstads BK,0,1,post,STATUS_FULL_TIME
691763,2024-10-28 19:00:00,2024,2339,22163,Djurgarden,Vasteras SK,2,1,post,STATUS_FULL_TIME
691764,2024-10-28 19:10:00,2024,2720,2556,Malmo FF,IFK Goteborg,2,1,post,STATUS_FULL_TIME
691771,2024-11-02 15:00:00,2024,2495,2720,Hammarby,Malmo FF,2,2,post,STATUS_FULL_TIME
691769,2024-11-02 15:00:00,2024,529,22163,IF Elfsborg,Vasteras SK,1,0,post,STATUS_FULL_TIME
691772,2024-11-02 17:30:00,2024,2556,3052,IFK Goteborg,Kalmar FF,1,1,post,STATUS_FULL_TIME
691768,2024-11-03 14:00:00,2024,7834,8222,BK Hacken,GAIS,1,2,post,STATUS_FULL_TIME
691767,2024-11-03 14:00:00,2024,8221,21382,Brommapojkarna,IFK Varnamo,0,1,post,STATUS_FULL_TIME
691770,2024-11-03 16:30:00,2024,3017,2339,Halmstads BK,Djurgarden,1,0,post,STATUS_FULL_TIME
691774,2024-11-03 16:30:00,2024,8547,20301,IK Sirius,Mjallby AIF,1,1,post,STATUS_FULL_TIME
691773,2024-11-04 19:10:00,2024,8544,994,IFK Norrkoping,AIK,1,0,post,STATUS_FULL_TIME
691781,2024-11-10 15:00:00,2024,994,3017,AIK,Halmstads BK,5,1,post,STATUS_FULL_TIME
691776,2024-11-10 15:00:00,2024,2339,8544,Djurgarden,IFK Norrkoping,3,1,post,STATUS_FULL_TIME
691775,2024-11-10 15:00:00,2024,8222,8547,GAIS,IK Sirius,2,1,post,STATUS_FULL_TIME
691782,2024-11-10 15:00:00,2024,21382,529,IFK Varnamo,IF Elfsborg,0,0,post,STATUS_FULL_TIME
691777,2024-11-10 15:00:00,2024,3052,7834,Kalmar FF,BK Hacken,1,0,post,STATUS_FULL_TIME
691778,2024-11-10 15:00:00,2024,2720,8221,Malmo FF,Brommapojkarna,2,1,post,STATUS_FULL_TIME
691779,2024-11-10 15:00:00,2024,20301,2556,Mjallby AIF,IFK Goteborg,1,0,post,STATUS_FULL_TIME
691780,2024-11-10 15:00:00,2024,22163,2495,Vasteras SK,Hammarby,1,0,post,STATUS_FULL_TIME
725802,2025-03-29 15:00:00,2025,2339,2720,Djurgarden,Malmo FF,0,1,post,STATUS_FULL_TIME
725806,2025-03-29 17:30:00,2025,7834,8221,BK Hacken,Brommapojkarna,2,0,post,STATUS_FULL_TIME
725803,2025-03-30 14:00:00,2025,529,20301,IF Elfsborg,Mjallby AIF,2,2,post,STATUS_FULL_TIME
725805,2025-03-30 14:00:00,2025,2495,2556,Hammarby,IFK Goteborg,4,0,post,STATUS_FULL_TIME
725808,2025-03-30 16:30:00,2025,3017,20856,Halmstads BK,Degerfors IF,0,5,post,STATUS_FULL_TIME
725807,2025-03-30 16:30:00,2025,8544,2936,IFK Norrkoping,Osters IF,4,3,post,STATUS_FULL_TIME
725809,2025-03-31 19:00:00,2025,21382,8547,IFK Varnamo,IK Sirius,1,2,post,STATUS_FULL_TIME
725804,2025-03-31 19:10:00,2025,8222,994,GAIS,AIK,0,1,post,STATUS_FULL_TIME
725813,2025-04-05 15:00:00,2025,2556,3017,IFK Goteborg,Halmstads BK,1,0,post,STATUS_FULL_TIME
725816,2025-04-05 15:00:00,2025,8547,2339,IK Sirius,Djurgarden,0,1,post,STATUS_FULL_TIME
725810,2025-04-05 17:30:00,2025,2936,7834,Osters IF,BK Hacken,2,0,post,STATUS_FULL_TIME
725812,2025-04-06 14:00:00,2025,994,8544,AIK,IFK Norrkoping,4,3,post,STATUS_FULL_TIME
725811,2025-04-06 14:00:00,2025,8221,2495,Brommapojkarna,Hammarby,0,2,post,STATUS_FULL_TIME
725815,2025-04-06 16:30:00,2025,20301,8222,Mjallby AIF,GAIS,1,1,post,STATUS_FULL_TIME
725817,2025-04-06 16:30:00,2025,20856,21382,Degerfors IF,IFK Varnamo,1,0,post,STATUS_FULL_TIME
725814,2025-04-07 19:10:00,2025,2720,529,Malmo FF,IF Elfsborg,2,1,post,STATUS_FULL_TIME
725823,2025-04-12 15:00:00,2025,7834,20301,BK Hacken,Mjallby AIF,0,3,post,STATUS_FULL_TIME
725819,2025-04-12 17:30:00,2025,529,8544,IF Elfsborg,IFK Norrkoping,2,0,post,STATUS_FULL_TIME
725822,2025-04-13 14:00:00,2025,2495,2339,Hammarby,Djurgarden,2,0,post,STATUS_FULL_TIME
725825,2025-04-13 14:00:00,2025,21382,2556,IFK Varnamo,IFK Goteborg,0,1,post,STATUS_FULL_TIME
725820,2025-04-13 16:30:00,2025,8222,20856,GAIS,Degerfors IF,2,0,post,STATUS_FULL_TIME
725824,2025-04-13 16:30:00,2025,8547,8221,IK Sirius,Brommapojkarna,0,3,post,STATUS_FULL_TIME
725821,2025-04-14 19:00:00,2025,3017,2936,Halmstads BK,Osters IF,1,0,post,STATUS_FULL_TIME
725818,2025-04-14 19:10:00,2025,994,2720,AIK,Malmo FF,0,0,post,STATUS_FULL_TIME
725831,2025-04-18 15:00:00,2025,20301,2495,Mjallby AIF,Hammarby,3,1,post,STATUS_FULL_TIME
725830,2025-04-18 15:00:00,2025,2720,8547,Malmo FF,IK Sirius,1,1,post,STATUS_FULL_TIME
725827,2025-04-19 15:00:00,2025,20856,529,Degerfors IF,IF Elfsborg,0,1,post,STATUS_FULL_TIME
725832,2025-04-19 15:00:00,2025,8544,3017,IFK Norrkoping,Halmstads BK,3,0,post,STATUS_FULL_TIME
725826,2025-04-20 14:00:00,2025,8221,21382,Brommapojkarna,IFK Varnamo,3,2,post,STATUS_FULL_TIME
725833,2025-04-20 14:00:00,2025,2936,994,Osters IF,AIK,0,1,post,STATUS_FULL_TIME
725829,2025-04-20 16:30:00,2025,2556,7834,IFK Goteborg,BK Hacken,2,3,post,STATUS_FULL_TIME
725828,2025-04-21 14:00:00,2025,2339,8222,Djurgarden,GAIS,0,0,post,STATUS_FULL_TIME
725838,2025-04-23 19:00:00,2025,2495,2720,Hammarby,Malmo FF,2,0,post,STATUS_FULL_TIME
725835,2025-04-23 19:00:00,2025,529,8547,IF Elfsborg,IK Sirius,4,3,post,STATUS_FULL_TIME
725839,2025-04-23 19:00:00,2025,7834,20856,BK Hacken,Degerfors IF,3,4,post,STATUS_FULL_TIME
725837,2025-04-23 19:00:00,2025,3017,20301,Halmstads BK,Mjallby AIF,1,3,post,STATUS_FULL_TIME
725834,2025-04-24 19:00:00,2025,2339,2936,Djurgarden,Osters IF,1,0,post,STATUS_FULL_TIME
725836,2025-04-24 19:00:00,2025,8222,8221,GAIS,Brommapojkarna,1,1,post,STATUS_FULL_TIME
725840,2025-04-24 19:00:00,2025,8544,2556,IFK Norrkoping,IFK Goteborg,2,3,post,STATUS_FULL_TIME
725841,2025-04-24 19:00:00,2025,21382,994,IFK Varnamo,AIK,1,2,post,STATUS_FULL_TIME
725845,2025-04-27 14:00:00,2025,7834,2495,BK Hacken,Hammarby,1,1,post,STATUS_FULL_TIME
725843,2025-04-27 14:00:00,2025,20301,20856,Mjallby AIF,Degerfors IF,4,1,post,STATUS_FULL_TIME
725842,2025-04-27 16:00:00,2025,994,529,AIK,IF Elfsborg,2,0,post,STATUS_FULL_TIME
725844,2025-04-27 16:30:00,2025,8547,3017,IK Sirius,Halmstads BK,1,1,post,STATUS_FULL_TIME
725849,2025-04-27 16:30:00,2025,21382,8544,IFK Varnamo,IFK Norrkoping,1,3,post,STATUS_FULL_TIME
725848,2025-04-28 19:10:00,2025,2556,8222,IFK Goteborg,GAIS,1,1,post,STATUS_FULL_TIME
725847,2025-04-29 19:00:00,2025,2720,2936,Malmo FF,Osters IF,2,0,post,STATUS_FULL_TIME
725852,2025-05-03 15:00:00,2025,20856,8547,Degerfors IF,IK Sirius,1,1,post,STATUS_FULL_TIME
725853,2025-05-03 17:30:00,2025,3017,21382,Halmstads BK,IFK Varnamo,4,2,post,STATUS_FULL_TIME
725850,2025-05-04 14:00:00,2025,2339,994,Djurgarden,AIK,1,1,post,STATUS_FULL_TIME
725856,2025-05-04 14:00:00,2025,8544,7834,IFK Norrkoping,BK Hacken,0,2,post,STATUS_FULL_TIME
725855,2025-05-04 16:30:00,2025,20301,2556,Mjallby AIF,IFK Goteborg,1,0,post,STATUS_FULL_TIME
725857,2025-05-04 16:30:00,2025,2936,2495,Osters IF,Hammarby,0,3,post,STATUS_FULL_TIME
725854,2025-05-05 19:00:00,2025,2720,8221,Malmo FF,Brommapojkarna,1,2,post,STATUS_FULL_TIME
725851,2025-05-05 19:10:00,2025,529,8222,IF Elfsborg,GAIS,2,0,post,STATUS_FULL_TIME
725865,2025-05-10 15:00:00,2025,8221,3017,Brommapojkarna,Halmstads BK,0,1,post,STATUS_FULL_TIME
725862,2025-05-10 17:30:00,2025,8547,7834,IK Sirius,BK Hacken,2,0,post,STATUS_FULL_TIME
725859,2025-05-10 17:30:00,2025,8222,21382,GAIS,IFK Varnamo,1,1,post,STATUS_FULL_TIME
725863,2025-05-11 14:00:00,2025,994,20301,AIK,Mjallby AIF,2,1,post,STATUS_FULL_TIME
725860,2025-05-11 14:00:00,2025,2495,8544,Hammarby,IFK Norrkoping,1,1,post,STATUS_FULL_TIME
725858,2025-05-11 16:30:00,2025,20856,2720,Degerfors IF,Malmo FF,1,4,post,STATUS_FULL_TIME
725864,2025-05-11 16:30:00,2025,2936,529,Osters IF,IF Elfsborg,0,1,post,STATUS_FULL_TIME
725861,2025-05-12 19:10:00,2025,2556,2339,IFK Goteborg,Djurgarden,1,2,post,STATUS_FULL_TIME
725870,2025-05-14 19:00:00,2025,7834,994,BK Hacken,AIK,3,3,post,STATUS_FULL_TIME
725867,2025-05-14 19:00:00,2025,3017,8222,Halmstads BK,GAIS,1,3,post,STATUS_FULL_TIME
725869,2025-05-14 19:00:00,2025,2495,8547,Hammarby,IK Sirius,3,2,post,STATUS_FULL_TIME
725873,2025-05-15 19:00:00,2025,21382,2720,IFK Varnamo,Malmo FF,2,2,post,STATUS_FULL_TIME
725871,2025-05-15 19:00:00,2025,2556,2936,IFK Goteborg,Osters IF,0,1,post,STATUS_FULL_TIME
725872,2025-05-15 19:00:00,2025,8544,20856,IFK Norrkoping,Degerfors IF,1,2,post,STATUS_FULL_TIME
725868,2025-05-15 19:00:00,2025,529,8221,IF Elfsborg,Brommapojkarna,4,3,post,STATUS_FULL_TIME
725866,2025-05-15 19:00:00,2025,2339,20301,Djurgarden,Mjallby AIF,1,3,post,STATUS_FULL_TIME
725874,2025-05-18 14:00:00,2025,994,2495,AIK,Hammarby,0,0,post,STATUS_FULL_TIME
725877,2025-05-18 14:00:00,2025,7834,21382,BK Hacken,IFK Varnamo,2,0,post,STATUS_FULL_TIME
725878,2025-05-18 16:30:00,2025,2720,3017,Malmo FF,Halmstads BK,3,0,post,STATUS_FULL_TIME
725881,2025-05-18 16:30:00,2025,2936,8222,Osters IF,GAIS,1,1,post,STATUS_FULL_TIME
725875,2025-05-19 19:00:00,2025,20856,2556,Degerfors IF,IFK Goteborg,1,3,post,STATUS_FULL_TIME
725880,2025-05-19 19:00:00,2025,8547,8544,IK Sirius,IFK Norrkoping,1,2,post,STATUS_FULL_TIME
725879,2025-05-19 19:00:00,2025,20301,8221,Mjallby AIF,Brommapojkarna,1,0,post,STATUS_FULL_TIME
725876,2025-05-19 19:10:00,2025,529,2339,IF Elfsborg,Djurgarden,4,0,post,STATUS_FULL_TIME
725943,2025-05-22 19:00:00,2025,2720,994,Malmo FF,AIK,0,0,post,STATUS_FULL_TIME
725945,2025-05-22 19:00:00,2025,2495,20301,Hammarby,Mjallby AIF,1,2,post,STATUS_FULL_TIME
725889,2025-05-24 15:00:00,2025,21382,2936,IFK Varnamo,Osters IF,1,1,post,STATUS_FULL_TIME
725885,2025-05-24 17:30:00,2025,8222,8547,GAIS,IK Sirius,2,1,post,STATUS_FULL_TIME
725888,2025-05-25 14:00:00,2025,3017,529,Halmstads BK,IF Elfsborg,1,4,post,STATUS_FULL_TIME
725883,2025-05-25 14:00:00,2025,2556,2720,IFK Goteborg,Malmo FF,1,0,post,STATUS_FULL_TIME
725886,2025-05-25 16:30:00,2025,2339,7834,Djurgarden,BK Hacken,1,1,post,STATUS_FULL_TIME
725882,2025-05-25 16:30:00,2025,8221,994,Brommapojkarna,AIK,0,1,post,STATUS_FULL_TIME
725884,2025-05-26 19:00:00,2025,8544,20301,IFK Norrkoping,Mjallby AIF,1,1,post,STATUS_FULL_TIME
725887,2025-05-26 19:10:00,2025,2495,20856,Hammarby,Degerfors IF,1,0,post,STATUS_FULL_TIME
725846,2025-05-29 18:00:00,2025,8221,2339,Brommapojkarna,Djurgarden,0,1,post,STATUS_FULL_TIME
725896,2025-05-31 15:00:00,2025,8544,8222,IFK Norrkoping,GAIS,0,3,post,STATUS_FULL_TIME
725892,2025-05-31 15:00:00,2025,529,2495,IF Elfsborg,Hammarby,0,2,post,STATUS_FULL_TIME
725891,2025-05-31 15:00:00,2025,20856,2936,Degerfors IF,Osters IF,1,2,post,STATUS_FULL_TIME
725893,2025-06-01 14:00:00,2025,3017,2339,Halmstads BK,Djurgarden,1,0,post,STATUS_FULL_TIME
725890,2025-06-01 14:00:00,2025,8221,2556,Brommapojkarna,IFK Goteborg,1,3,post,STATUS_FULL_TIME
725894,2025-06-01 14:00:00,2025,2720,7834,Malmo FF,BK Hacken,3,0,post,STATUS_FULL_TIME
725897,2025-06-01 16:30:00,2025,8547,994,IK Sirius,AIK,3,1,post,STATUS_FULL_TIME
725895,2025-06-01 16:30:00,2025,20301,21382,Mjallby AIF,IFK Varnamo,2,0,post,STATUS_FULL_TIME
725901,2025-06-28 15:00:00,2025,2495,3017,Hammarby,Halmstads BK,2,0,post,STATUS_FULL_TIME
725905,2025-06-28 17:30:00,2025,2936,8547,Osters IF,IK Sirius,2,2,post,STATUS_FULL_TIME
725899,2025-06-29 14:00:00,2025,20856,8221,Degerfors IF,Brommapojkarna,0,3,post,STATUS_FULL_TIME
725898,2025-06-29 14:00:00,2025,994,2556,AIK,IFK Goteborg,3,0,post,STATUS_FULL_TIME
725902,2025-06-29 16:30:00,2025,7834,8222,BK Hacken,GAIS,1,3,post,STATUS_FULL_TIME
725904,2025-06-29 16:30:00,2025,21382,529,IFK Varnamo,IF Elfsborg,0,0,post,STATUS_FULL_TIME
725900,2025-06-30 19:00:00,2025,2339,8544,Djurgarden,IFK Norrkoping,1,1,post,STATUS_FULL_TIME
725903,2025-06-30 19:00:00,2025,20301,2720,Mjallby AIF,Malmo FF,1,1,post,STATUS_FULL_TIME
725908,2025-07-05 15:00:00,2025,8222,2720,GAIS,Malmo FF,0,0,post,STATUS_FULL_TIME
725913,2025-07-05 15:00:00,2025,2936,20301,Osters IF,Mjallby AIF,0,1,post,STATUS_FULL_TIME
725910,2025-07-05 17:30:00,2025,2495,21382,Hammarby,IFK Varnamo,1,0,post,STATUS_FULL_TIME
725909,2025-07-06 14:00:00,2025,3017,994,Halmstads BK,AIK,2,0,post,STATUS_FULL_TIME
725911,2025-07-06 14:00:00,2025,2556,8547,IFK Goteborg,IK Sirius,3,1,post,STATUS_FULL_TIME
725907,2025-07-06 16:30:00,2025,529,7834,IF Elfsborg,BK Hacken,0,2,post,STATUS_FULL_TIME
725906,2025-07-06 16:30:00,2025,2339,20856,Djurgarden,Degerfors IF,5,1,post,STATUS_FULL_TIME
725912,2025-07-07 19:00:00,2025,8544,8221,IFK Norrkoping,Brommapojkarna,0,1,post,STATUS_FULL_TIME
725918,2025-07-12 15:00:00,2025,2556,529,IFK Goteborg,IF Elfsborg,1,2,post,STATUS_FULL_TIME
725919,2025-07-12 17:30:00,2025,2720,8544,Malmo FF,IFK Norrkoping,3,1,post,STATUS_FULL_TIME
725915,2025-07-13 14:00:00,2025,8221,2936,Brommapojkarna,Osters IF,2,0,post,STATUS_FULL_TIME
725916,2025-07-13 14:00:00,2025,8222,2495,GAIS,Hammarby,3,2,post,STATUS_FULL_TIME
725914,2025-07-13 16:30:00,2025,994,20856,AIK,Degerfors IF,3,0,post,STATUS_FULL_TIME
725921,2025-07-13 16:30:00,2025,21382,2339,IFK Varnamo,Djurgarden,1,0,post,STATUS_FULL_TIME
725917,2025-07-13 18:30:00,2025,7834,3017,BK Hacken,Halmstads BK,4,1,post,STATUS_FULL_TIME
725920,2025-07-14 19:00:00,2025,8547,20301,IK Sirius,Mjallby AIF,1,2,post,STATUS_FULL_TIME
725923,2025-07-19 15:00:00,2025,2339,529,Djurgarden,IF Elfsborg,1,0,post,STATUS_FULL_TIME
725929,2025-07-19 15:00:00,2025,2936,2720,Osters IF,Malmo FF,0,2,post,STATUS_FULL_TIME
725922,2025-07-19 17:30:00,2025,20856,8222,Degerfors IF,GAIS,0,3,post,STATUS_FULL_TIME
725928,2025-07-20 14:00:00,2025,8547,2556,IK Sirius,IFK Goteborg,0,1,post,STATUS_FULL_TIME
725926,2025-07-20 14:00:00,2025,20301,994,Mjallby AIF,AIK,2,0,post,STATUS_FULL_TIME
725925,2025-07-20 16:30:00,2025,2495,8221,Hammarby,Brommapojkarna,3,2,post,STATUS_FULL_TIME
725924,2025-07-20 16:30:00,2025,3017,7834,Halmstads BK,BK Hacken,0,0,post,STATUS_FULL_TIME
725927,2025-07-21 19:00:00,2025,8544,21382,IFK Norrkoping,IFK Varnamo,3,1,post,STATUS_FULL_TIME
725934,2025-07-26 15:00:00,2025,8222,3017,GAIS,Halmstads BK,3,0,post,STATUS_FULL_TIME
725931,2025-07-26 15:00:00,2025,8221,2720,Brommapojkarna,Malmo FF,2,3,post,STATUS_FULL_TIME
725932,2025-07-26 17:30:00,2025,20856,8544,Degerfors IF,IFK Norrkoping,0,0,post,STATUS_FULL_TIME
725930,2025-07-27 14:00:00,2025,994,2936,AIK,Osters IF,0,0,post,STATUS_FULL_TIME
725935,2025-07-27 14:00:00,2025,7834,2339,BK Hacken,Djurgarden,1,6,post,STATUS_FULL_TIME
725937,2025-07-27 16:30:00,2025,21382,2495,IFK Varnamo,Hammarby,2,3,post,STATUS_FULL_TIME
725936,2025-07-27 16:30:00,2025,20301,8547,Mjallby AIF,IK Sirius,2,1,post,STATUS_FULL_TIME
725933,2025-07-28 19:00:00,2025,529,2556,IF Elfsborg,IFK Goteborg,4,3,post,STATUS_FULL_TIME
725940,2025-08-02 15:00:00,2025,8221,8544,Brommapojkarna,IFK Norrkoping,6,4,post,STATUS_FULL_TIME
725938,2025-08-02 17:30:00,2025,21382,8222,IFK Varnamo,GAIS,2,2,post,STATUS_FULL_TIME
725941,2025-08-03 14:00:00,2025,7834,529,BK Hacken,IF Elfsborg,1,2,post,STATUS_FULL_TIME
725939,2025-08-03 14:00:00,2025,2339,3017,Djurgarden,Halmstads BK,1,1,post,STATUS_FULL_TIME
725944,2025-08-03 16:30:00,2025,8547,2936,IK Sirius,Osters IF,1,1,post,STATUS_FULL_TIME
725942,2025-08-04 19:00:00,2025,2556,20856,IFK Goteborg,Degerfors IF,3,0,post,STATUS_FULL_TIME
725951,2025-08-09 15:00:00,2025,2720,20301,Malmo FF,Mjallby AIF,1,3,post,STATUS_FULL_TIME
725950,2025-08-09 17:30:00,2025,3017,8547,Halmstads BK,IK Sirius,0,1,post,STATUS_FULL_TIME
725946,2025-08-10 14:00:00,2025,994,2339,AIK,Djurgarden,0,0,post,STATUS_FULL_TIME
725947,2025-08-10 14:00:00,2025,20856,7834,Degerfors IF,BK Hacken,0,0,post,STATUS_FULL_TIME
725953,2025-08-10 16:30:00,2025,2936,8221,Osters IF,Brommapojkarna,1,1,post,STATUS_FULL_TIME
725952,2025-08-10 16:30:00,2025,8544,2495,IFK Norrkoping,Hammarby,0,2,post,STATUS_FULL_TIME
725949,2025-08-11 19:00:00,2025,8222,2556,GAIS,IFK Goteborg,0,1,post,STATUS_FULL_TIME
725948,2025-08-11 19:00:00,2025,529,21382,IF Elfsborg,IFK Varnamo,2,2,post,STATUS_FULL_TIME
725955,2025-08-16 15:00:00,2025,3017,2720,Halmstads BK,Malmo FF,0,4,post,STATUS_FULL_TIME
725960,2025-08-16 17:30:00,2025,8544,529,IFK Norrkoping,IF Elfsborg,2,1,post,STATUS_FULL_TIME
725954,2025-08-17 14:00:00,2025,8221,8547,Brommapojkarna,IK Sirius,2,4,post,STATUS_FULL_TIME
725958,2025-08-17 14:00:00,2025,2556,994,IFK Goteborg,AIK,2,1,post,STATUS_FULL_TIME
725959,2025-08-17 16:30:00,2025,20301,2339,Mjallby AIF,Djurgarden,1,1,post,STATUS_FULL_TIME
725957,2025-08-17 16:30:00,2025,7834,2936,BK Hacken,Osters IF,0,2,post,STATUS_FULL_TIME
725956,2025-08-17 16:30:00,2025,2495,8222,Hammarby,GAIS,1,2,post,STATUS_FULL_TIME
725961,2025-08-18 19:00:00,2025,21382,20856,IFK Varnamo,Degerfors IF,3,2,post,STATUS_FULL_TIME
725967,2025-08-24 14:00:00,2025,8547,2495,IK Sirius,Hammarby,3,1,post,STATUS_FULL_TIME
725963,2025-08-24 14:00:00,2025,2339,8221,Djurgarden,Brommapojkarna,1,0,post,STATUS_FULL_TIME
725962,2025-08-24 16:30:00,2025,20856,994,Degerfors IF,AIK,0,1,post,STATUS_FULL_TIME
725964,2025-08-24 16:30:00,2025,529,3017,IF Elfsborg,Halmstads BK,1,2,post,STATUS_FULL_TIME
725968,2025-08-24 16:30:00,2025,21382,7834,IFK Varnamo,BK Hacken,1,5,post,STATUS_FULL_TIME
725966,2025-08-24 16:30:00,2025,2720,2556,Malmo FF,IFK Goteborg,0,0,post,STATUS_FULL_TIME
725965,2025-08-25 19:00:00,2025,8222,20301,GAIS,Mjallby AIF,0,2,post,STATUS_FULL_TIME
725969,2025-08-25 19:00:00,2025,2936,8544,Osters IF,IFK Norrkoping,1,2,post,STATUS_FULL_TIME
725974,2025-08-30 15:00:00,2025,8221,529,Brommapojkarna,IF Elfsborg,3,0,post,STATUS_FULL_TIME
725975,2025-08-30 15:00:00,2025,2556,21382,IFK Goteborg,IFK Varnamo,1,0,post,STATUS_FULL_TIME
725972,2025-08-30 17:30:00,2025,20301,3017,Mjallby AIF,Halmstads BK,1,0,post,STATUS_FULL_TIME
725971,2025-08-31 14:00:00,2025,2720,20856,Malmo FF,Degerfors IF,1,1,post,STATUS_FULL_TIME
725970,2025-08-31 14:00:00,2025,994,8547,AIK,IK Sirius,2,1,post,STATUS_FULL_TIME
725977,2025-08-31 14:00:00,2025,8544,2339,IFK Norrkoping,Djurgarden,0,4,post,STATUS_FULL_TIME
725973,2025-08-31 16:30:00,2025,8222,7834,GAIS,BK Hacken,2,1,post,STATUS_FULL_TIME
725976,2025-08-31 16:30:00,2025,2495,2936,Hammarby,Osters IF,4,0,post,STATUS_FULL_TIME
725979,2025-09-13 15:00:00,2025,20856,20301,Degerfors IF,Mjallby AIF,0,1,post,STATUS_FULL_TIME
725982,2025-09-13 17:30:00,2025,3017,8544,Halmstads BK,IFK Norrkoping,1,1,post,STATUS_FULL_TIME
725980,2025-09-14 14:00:00,2025,2339,2495,Djurgarden,Hammarby,3,3,post,STATUS_FULL_TIME
725985,2025-09-14 15:00:00,2025,2936,21382,Osters IF,IFK Varnamo,4,3,post,STATUS_FULL_TIME
725984,2025-09-14 16:30:00,2025,8547,8222,IK Sirius,GAIS,3,0,post,STATUS_FULL_TIME
725981,2025-09-14 16:30:00,2025,529,2720,IF Elfsborg,Malmo FF,2,2,post,STATUS_FULL_TIME
725978,2025-09-15 19:00:00,2025,994,8221,AIK,Brommapojkarna,2,1,post,STATUS_FULL_TIME
725983,2025-09-15 19:10:00,2025,7834,2556,BK Hacken,IFK Goteborg,1,2,post,STATUS_FULL_TIME
725986,2025-09-20 15:00:00,2025,8222,529,GAIS,IF Elfsborg,2,0,post,STATUS_FULL_TIME
725989,2025-09-20 15:00:00,2025,2720,2339,Malmo FF,Djurgarden,0,1,post,STATUS_FULL_TIME
725990,2025-09-20 17:30:00,2025,20301,2936,Mjallby AIF,Osters IF,1,1,post,STATUS_FULL_TIME
725987,2025-09-21 14:00:00,2025,2495,7834,Hammarby,BK Hacken,4,0,post,STATUS_FULL_TIME
725988,2025-09-21 14:00:00,2025,2556,8221,IFK Goteborg,Brommapojkarna,0,1,post,STATUS_FULL_TIME
725992,2025-09-21 16:30:00,2025,8547,20856,IK Sirius,Degerfors IF,1,3,post,STATUS_FULL_TIME
725993,2025-09-22 19:00:00,2025,21382,3017,IFK Varnamo,Halmstads BK,1,2,post,STATUS_FULL_TIME
725991,2025-09-22 19:10:00,2025,8544,994,IFK Norrkoping,AIK,3,1,post,STATUS_FULL_TIME
725997,2025-09-27 15:00:00,2025,529,20856,IF Elfsborg,Degerfors IF,1,2,post,STATUS_FULL_TIME
725999,2025-09-27 17:30:00,2025,7834,8544,BK Hacken,IFK Norrkoping,2,0,post,STATUS_FULL_TIME
725998,2025-09-28 14:00:00,2025,3017,2495,Halmstads BK,Hammarby,1,0,post,STATUS_FULL_TIME
725995,2025-09-28 14:00:00,2025,8221,20301,Brommapojkarna,Mjallby AIF,0,1,post,STATUS_FULL_TIME
725994,2025-09-28 16:30:00,2025,994,8222,AIK,GAIS,1,1,post,STATUS_FULL_TIME
726000,2025-09-28 16:30:00,2025,2720,21382,Malmo FF,IFK Varnamo,3,2,post,STATUS_FULL_TIME
725996,2025-09-29 19:00:00,2025,2339,8547,Djurgarden,IK Sirius,8,2,post,STATUS_FULL_TIME
726001,2025-09-29 19:10:00,2025,2936,2556,Osters IF,IFK Goteborg,0,2,post,STATUS_FULL_TIME
726004,2025-10-04 15:00:00,2025,20856,2339,Degerfors IF,Djurgarden,1,1,post,STATUS_FULL_TIME
726007,2025-10-04 15:00:00,2025,20301,529,Mjallby AIF,IF Elfsborg,2,0,post,STATUS_FULL_TIME
726009,2025-10-04 15:00:00,2025,2936,3017,Osters IF,Halmstads BK,3,0,post,STATUS_FULL_TIME
726005,2025-10-04 17:30:00,2025,8222,8544,GAIS,IFK Norrkoping,2,1,post,STATUS_FULL_TIME
726002,2025-10-05 14:00:00,2025,994,21382,AIK,IFK Varnamo,2,3,post,STATUS_FULL_TIME
726006,2025-10-05 14:00:00,2025,2556,2495,IFK Goteborg,Hammarby,1,2,post,STATUS_FULL_TIME
726008,2025-10-05 16:30:00,2025,8547,2720,IK Sirius,Malmo FF,5,1,post,STATUS_FULL_TIME
726003,2025-10-05 16:30:00,2025,8221,7834,Brommapojkarna,BK Hacken,1,3,post,STATUS_FULL_TIME
726016,2025-10-18 15:00:00,2025,8544,2720,IFK Norrkoping,Malmo FF,0,2,post,STATUS_FULL_TIME
726014,2025-10-18 17:30:00,2025,7834,8547,BK Hacken,IK Sirius,1,1,post,STATUS_FULL_TIME
726012,2025-10-19 14:00:00,2025,8222,2339,GAIS,Djurgarden,3,2,post,STATUS_FULL_TIME
726013,2025-10-19 14:00:00,2025,2495,994,Hammarby,AIK,2,1,post,STATUS_FULL_TIME
726011,2025-10-19 16:30:00,2025,529,2936,IF Elfsborg,Osters IF,5,1,post,STATUS_FULL_TIME
726017,2025-10-19 16:30:00,2025,21382,8221,IFK Varnamo,Brommapojkarna,1,1,post,STATUS_FULL_TIME
726010,2025-10-20 19:00:00,2025,20856,3017,Degerfors IF,Halmstads BK,0,1,post,STATUS_FULL_TIME
726015,2025-10-20 19:10:00,2025,2556,20301,IFK Goteborg,Mjallby AIF,0,2,post,STATUS_FULL_TIME
726020,2025-10-25 15:00:00,2025,2339,21382,Djurgarden,IFK Varnamo,6,2,post,STATUS_FULL_TIME
726025,2025-10-25 17:30:00,2025,2936,20856,Osters IF,Degerfors IF,1,2,post,STATUS_FULL_TIME
726024,2025-10-26 14:00:00,2025,8547,529,IK Sirius,IF Elfsborg,4,0,post,STATUS_FULL_TIME
726023,2025-10-26 14:00:00,2025,20301,8544,Mjallby AIF,IFK Norrkoping,2,1,post,STATUS_FULL_TIME
726018,2025-10-26 16:30:00,2025,994,7834,AIK,BK Hacken,2,2,post,STATUS_FULL_TIME
726021,2025-10-26 16:30:00,2025,3017,2556,Halmstads BK,IFK Goteborg,0,3,post,STATUS_FULL_TIME
726019,2025-10-27 19:00:00,2025,8221,8222,Brommapojkarna,GAIS,0,2,post,STATUS_FULL_TIME
726022,2025-10-27 19:10:00,2025,2720,2495,Malmo FF,Hammarby,1,3,post,STATUS_FULL_TIME
726031,2025-11-01 15:00:00,2025,7834,2720,BK Hacken,Malmo FF,1,1,post,STATUS_FULL_TIME
726032,2025-11-01 17:30:00,2025,8544,8547,IFK Norrkoping,IK Sirius,1,2,post,STATUS_FULL_TIME
726030,2025-11-02 14:00:00,2025,3017,8221,Halmstads BK,Brommapojkarna,0,0,post,STATUS_FULL_TIME
726028,2025-11-02 14:00:00,2025,529,994,IF Elfsborg,AIK,0,3,post,STATUS_FULL_TIME
726029,2025-11-02 16:30:00,2025,8222,2936,GAIS,Osters IF,1,1,post,STATUS_FULL_TIME
726027,2025-11-02 16:30:00,2025,2339,2556,Djurgarden,IFK Goteborg,0,0,post,STATUS_FULL_TIME
726026,2025-11-03 19:00:00,2025,20856,2495,Degerfors IF,Hammarby,1,1,post,STATUS_FULL_TIME
726033,2025-11-03 19:00:00,2025,21382,20301,IFK Varnamo,Mjallby AIF,0,5,post,STATUS_FULL_TIME
726034,2025-11-09 15:00:00,2025,994,3017,AIK,Halmstads BK,0,2,post,STATUS_FULL_TIME
726036,2025-11-09 15:00:00,2025,2495,529,Hammarby,IF Elfsborg,3,0,post,STATUS_FULL_TIME
726035,2025-11-09 15:00:00,2025,8221,20856,Brommapojkarna,Degerfors IF,1,3,post,STATUS_FULL_TIME
726037,2025-11-09 15:00:00,2025,2556,8544,IFK Goteborg,IFK Norrkoping,2,0,post,STATUS_FULL_TIME
726040,2025-11-09 15:00:00,2025,8547,21382,IK Sirius,IFK Varnamo,3,1,post,STATUS_FULL_TIME
726038,2025-11-09 15:00:00,2025,2720,8222,Malmo FF,GAIS,2,1,post,STATUS_FULL_TIME
726039,2025-11-09 15:00:00,2025,20301,7834,Mjallby AIF,BK Hacken,1,0,post,STATUS_FULL_TIME
726041,2025-11-09 15:00:00,2025,2936,2339,Osters IF,Djurgarden,1,3,post,STATUS_FULL_TIME
401842662,2026-04-04 15:00:00,2026,2495,20301,Hammarby,Mjallby AIF,3,0,post,STATUS_FULL_TIME
401842659,2026-04-04 15:00:00,2026,20856,8547,Degerfors IF,IK Sirius,0,3,post,STATUS_FULL_TIME
401842658,2026-04-05 14:00:00,2026,994,3017,AIK,Halmstads BK,2,1,post,STATUS_FULL_TIME
401842665,2026-04-05 14:00:00,2026,3052,22163,Kalmar FF,Vasteras SK,0,1,post,STATUS_FULL_TIME
401842664,2026-04-05 16:30:00,2026,131552,2720,Orgryte IS,Malmo FF,1,1,post,STATUS_FULL_TIME
401842663,2026-04-06 14:00:00,2026,7834,8221,BK Hacken,Brommapojkarna,2,2,post,STATUS_FULL_TIME
401842660,2026-04-06 14:00:00,2026,529,2556,IF Elfsborg,IFK Goteborg,2,0,post,STATUS_FULL_TIME
401842661,2026-04-06 16:30:00,2026,8222,2339,GAIS,Djurgarden,0,1,post,STATUS_FULL_TIME
401842667,2026-04-11 15:00:00,2026,2556,7834,IFK Goteborg,BK Hacken,0,2,post,STATUS_FULL_TIME
401842669,2026-04-11 15:00:00,2026,20301,131552,Mjallby AIF,Orgryte IS,0,2,post,STATUS_FULL_TIME
401842671,2026-04-11 15:00:00,2026,22163,529,Vasteras SK,IF Elfsborg,2,2,post,STATUS_FULL_TIME
401842666,2026-04-12 14:00:00,2026,3017,20856,Halmstads BK,Degerfors IF,0,3,post,STATUS_FULL_TIME
401842670,2026-04-12 14:00:00,2026,2339,3052,Djurgarden,Kalmar FF,3,2,post,STATUS_FULL_TIME
401842668,2026-04-12 16:30:00,2026,2720,8222,Malmo FF,GAIS,3,1,post,STATUS_FULL_TIME
401842673,2026-04-13 19:00:00,2026,8221,994,Brommapojkarna,AIK,2,2,post,STATUS_FULL_TIME
401842672,2026-04-13 19:00:00,2026,8547,2495,IK Sirius,Hammarby,2,0,post,STATUS_FULL_TIME
401842680,2026-04-17 19:00:00,2026,20856,529,Degerfors IF,IF Elfsborg,0,1,post,STATUS_FULL_TIME
401842674,2026-04-17 19:00:00,2026,2339,2720,Djurgarden,Malmo FF,0,1,post,STATUS_FULL_TIME
401842675,2026-04-18 15:00:00,2026,3017,2556,Halmstads BK,IFK Goteborg,1,1,post,STATUS_FULL_TIME
401842676,2026-04-18 15:00:00,2026,2495,131552,Hammarby,Orgryte IS,8,1,post,STATUS_FULL_TIME
401842679,2026-04-18 15:00:00,2026,8547,22163,IK Sirius,Vasteras SK,4,1,post,STATUS_FULL_TIME
401842678,2026-04-18 15:00:00,2026,20301,8221,Mjallby AIF,Brommapojkarna,3,0,post,STATUS_FULL_TIME
401842681,2026-04-19 14:00:00,2026,994,3052,AIK,Kalmar FF,1,0,post,STATUS_FULL_TIME
401842677,2026-04-19 16:30:00,2026,7834,8222,BK Hacken,GAIS,2,1,post,STATUS_FULL_TIME
401842688,2026-04-22 19:00:00,2026,2495,3017,Hammarby,Halmstads BK,1,1,post,STATUS_FULL_TIME
401842686,2026-04-22 19:00:00,2026,529,2339,IF Elfsborg,Djurgarden,2,1,post,STATUS_FULL_TIME
401842682,2026-04-22 19:00:00,2026,131552,8221,Orgryte IS,Brommapojkarna,1,2,post,STATUS_FULL_TIME
401842683,2026-04-22 19:00:00,2026,22163,7834,Vasteras SK,BK Hacken,3,3,post,STATUS_FULL_TIME
401842689,2026-04-23 19:00:00,2026,20856,994,Degerfors IF,AIK,2,1,post,STATUS_FULL_TIME
401842687,2026-04-23 19:00:00,2026,8222,20301,GAIS,Mjallby AIF,0,0,post,STATUS_FULL_TIME
401842685,2026-04-23 19:00:00,2026,3052,2556,Kalmar FF,IFK Goteborg,1,1,post,STATUS_FULL_TIME
401842684,2026-04-23 19:00:00,2026,2720,8547,Malmo FF,IK Sirius,2,3,post,STATUS_FULL_TIME
401842693,2026-04-26 14:00:00,2026,2339,2495,Djurgarden,Hammarby,1,1,post,STATUS_FULL_TIME
401842691,2026-04-26 16:30:00,2026,2556,8222,IFK Goteborg,GAIS,2,2,post,STATUS_FULL_TIME
401842694,2026-04-26 16:30:00,2026,8221,22163,Brommapojkarna,Vasteras SK,1,2,post,STATUS_FULL_TIME
401842695,2026-04-27 19:00:00,2026,994,2720,AIK,Malmo FF,0,1,post,STATUS_FULL_TIME
401842692,2026-04-27 19:00:00,2026,7834,8547,BK Hacken,IK Sirius,2,2,post,STATUS_FULL_TIME
401842690,2026-04-27 19:00:00,2026,3052,529,Kalmar FF,IF Elfsborg,2,1,post,STATUS_FULL_TIME
401842696,2026-04-27 19:00:00,2026,20301,3017,Mjallby AIF,Halmstads BK,2,0,post,STATUS_FULL_TIME
401842697,2026-04-27 19:00:00,2026,131552,20856,Orgryte IS,Degerfors IF,1,1,post,STATUS_FULL_TIME
401842705,2026-05-02 15:00:00,2026,20856,7834,Degerfors IF,BK Hacken,1,1,post,STATUS_FULL_TIME
401842700,2026-05-02 15:00:00,2026,8547,3052,IK Sirius,Kalmar FF,3,2,post,STATUS_FULL_TIME
401842701,2026-05-03 14:00:00,2026,2720,20301,Malmo FF,Mjallby AIF,2,3,post,STATUS_FULL_TIME
401842702,2026-05-03 14:00:00,2026,2495,22163,Hammarby,Vasteras SK,3,0,post,STATUS_FULL_TIME
401842704,2026-05-03 16:30:00,2026,8222,131552,GAIS,Orgryte IS,4,0,post,STATUS_FULL_TIME
401842698,2026-05-03 16:30:00,2026,529,994,IF Elfsborg,AIK,1,1,post,STATUS_FULL_TIME
401842699,2026-05-04 19:00:00,2026,2339,2556,Djurgarden,IFK Goteborg,6,0,post,STATUS_FULL_TIME
401842703,2026-05-04 19:00:00,2026,3017,8221,Halmstads BK,Brommapojkarna,1,3,post,STATUS_FULL_TIME
401842711,2026-05-08 19:00:00,2026,529,8221,IF Elfsborg,Brommapojkarna,2,0,post,STATUS_FULL_TIME
401842709,2026-05-09 15:00:00,2026,2556,2495,IFK Goteborg,Hammarby,0,1,post,STATUS_FULL_TIME
401842712,2026-05-09 15:00:00,2026,20856,20301,Degerfors IF,Mjallby AIF,1,4,post,STATUS_FULL_TIME
401842713,2026-05-09 15:00:00,2026,22163,8222,Vasteras SK,GAIS,0,1,post,STATUS_FULL_TIME
401842708,2026-05-10 14:00:00,2026,3052,3017,Kalmar FF,Halmstads BK,2,0,post,STATUS_FULL_TIME
401842706,2026-05-10 14:00:00,2026,994,2339,AIK,Djurgarden,2,4,post,STATUS_FULL_TIME
401842710,2026-05-10 16:30:00,2026,7834,2720,BK Hacken,Malmo FF,3,2,post,STATUS_FULL_TIME
401842707,2026-05-11 19:00:00,2026,8547,131552,IK Sirius,Orgryte IS,2,0,post,STATUS_FULL_TIME
401842714,2026-05-16 15:00:00,2026,8222,20856,GAIS,Degerfors IF,1,1,post,STATUS_FULL_TIME
401842717,2026-05-16 15:00:00,2026,3017,529,Halmstads BK,IF Elfsborg,1,1,post,STATUS_FULL_TIME
401842716,2026-05-17 14:00:00,2026,8221,3052,Brommapojkarna,Kalmar FF,1,0,post,STATUS_FULL_TIME
401842721,2026-05-17 14:00:00,2026,2495,2720,Hammarby,Malmo FF,4,1,post,STATUS_FULL_TIME
401842720,2026-05-17 16:30:00,2026,20301,7834,Mjallby AIF,BK Hacken,0,1,post,STATUS_FULL_TIME
401842719,2026-05-17 16:30:00,2026,22163,994,Vasteras SK,AIK,1,1,post,STATUS_FULL_TIME
401842715,2026-05-18 19:00:00,2026,2339,8547,Djurgarden,IK Sirius,2,3,post,STATUS_FULL_TIME
401842718,2026-05-19 15:00:00,2026,131552,2556,Orgryte IS,IFK Goteborg,2,3,post,STATUS_FULL_TIME
401842774,2026-05-20 19:00:00,2026,8222,2495,GAIS,Hammarby,2,0,post,STATUS_FULL_TIME
401842777,2026-05-21 19:00:00,2026,529,20301,IF Elfsborg,Mjallby AIF,1,1,post,STATUS_FULL_TIME
401842722,2026-05-22 19:00:00,2026,2339,8221,Djurgarden,Brommapojkarna,1,2,post,STATUS_FULL_TIME
401842729,2026-05-23 15:00:00,2026,3017,131552,Halmstads BK,Orgryte IS,2,0,post,STATUS_FULL_TIME
401842726,2026-05-23 15:00:00,2026,3052,20856,Kalmar FF,Degerfors IF,2,1,post,STATUS_FULL_TIME
401842724,2026-05-24 14:00:00,2026,8547,8222,IK Sirius,GAIS,2,1,post,STATUS_FULL_TIME
401842728,2026-05-24 14:00:00,2026,2495,994,Hammarby,AIK,1,2,post,STATUS_FULL_TIME
401842725,2026-05-24 16:30:00,2026,2720,22163,Malmo FF,Vasteras SK,2,3,post,STATUS_FULL_TIME
401842723,2026-05-25 19:00:00,2026,529,7834,IF Elfsborg,BK Hacken,1,1,post,STATUS_FULL_TIME
401842727,2026-05-25 19:00:00,2026,2556,20301,IFK Goteborg,Mjallby AIF,1,1,post,STATUS_FULL_TIME
401842737,2026-05-29 19:00:00,2026,131552,529,Orgryte IS,IF Elfsborg,0,0,post,STATUS_FULL_TIME
401842730,2026-05-30 15:00:00,2026,994,8547,AIK,IK Sirius,0,3,post,STATUS_FULL_TIME
401842735,2026-05-30 15:00:00,2026,8222,3052,GAIS,Kalmar FF,3,0,post,STATUS_FULL_TIME
401842732,2026-05-30 15:00:00,2026,2720,3017,Malmo FF,Halmstads BK,5,2,post,STATUS_FULL_TIME
401842736,2026-05-31 14:00:00,2026,20856,8221,Degerfors IF,Brommapojkarna,2,2,post,STATUS_FULL_TIME
401842731,2026-05-31 14:00:00,2026,7834,2495,BK Hacken,Hammarby,3,2,post,STATUS_FULL_TIME
401842734,2026-05-31 14:00:00,2026,22163,2556,Vasteras SK,IFK Goteborg,4,5,post,STATUS_FULL_TIME
401842745,2026-07-03 19:00:00,2026,8547,20301,IK Sirius,Mjallby AIF,4,4,post,STATUS_FULL_TIME
401842743,2026-07-04 15:00:00,2026,20856,2720,Degerfors IF,Malmo FF,0,1,post,STATUS_FULL_TIME
401842741,2026-07-04 15:00:00,2026,3017,22163,Halmstads BK,Vasteras SK,1,3,post,STATUS_FULL_TIME
401842739,2026-07-05 14:00:00,2026,2556,994,IFK Goteborg,AIK,1,2,post,STATUS_FULL_TIME
401842738,2026-07-05 14:00:00,2026,3052,131552,Kalmar FF,Orgryte IS,3,0,post,STATUS_FULL_TIME
401842742,2026-07-05 16:30:00,2026,529,2495,IF Elfsborg,Hammarby,1,2,post,STATUS_FULL_TIME
401842740,2026-07-06 19:00:00,2026,7834,2339,BK Hacken,Djurgarden,2,4,post,STATUS_FULL_TIME
401842744,2026-07-06 19:00:00,2026,8221,8222,Brommapojkarna,GAIS,1,1,post,STATUS_FULL_TIME
401842747,2026-07-11 15:00:00,2026,20301,994,Mjallby AIF,AIK,1,2,post,STATUS_FULL_TIME
401842753,2026-07-11 17:30:00,2026,131552,7834,Orgryte IS,BK Hacken,4,3,post,STATUS_FULL_TIME
401842746,2026-07-12 14:00:00,2026,22163,20856,Vasteras SK,Degerfors IF,2,0,post,STATUS_FULL_TIME
401842748,2026-07-12 14:00:00,2026,2720,2556,Malmo FF,IFK Goteborg,4,0,post,STATUS_FULL_TIME
401842749,2026-07-12 14:00:00,2026,2495,3052,Hammarby,Kalmar FF,2,0,post,STATUS_FULL_TIME
401842750,2026-07-12 16:30:00,2026,8222,529,GAIS,IF Elfsborg,1,0,post,STATUS_FULL_TIME
401842752,2026-07-12 16:30:00,2026,8221,8547,Brommapojkarna,IK Sirius,1,2,post,STATUS_FULL_TIME
401842751,2026-07-13 19:00:00,2026,2339,3017,Djurgarden,Halmstads BK,3,0,post,STATUS_FULL_TIME
401842759,2026-07-17 19:00:00,2026,2556,8221,IFK Goteborg,Brommapojkarna,2,1,post,STATUS_FULL_TIME
401842757,2026-07-17 19:00:00,2026,20301,22163,Mjallby AIF,Vasteras SK,0,0,post,STATUS_FULL_TIME
401842754,2026-07-18 15:00:00,2026,994,8222,AIK,GAIS,2,0,post,STATUS_FULL_TIME
401842761,2026-07-19 16:30:00,2026,3017,7834,Halmstads BK,BK Hacken,0,2,post,STATUS_FULL_TIME
401842760,2026-07-19 16:30:00,2026,2495,20856,Hammarby,Degerfors IF,4,0,post,STATUS_FULL_TIME
401842755,2026-07-19 16:30:00,2026,529,8547,IF Elfsborg,IK Sirius,1,3,post,STATUS_FULL_TIME
401842756,2026-07-20 19:00:00,2026,131552,2339,Orgryte IS,Djurgarden,0,0,post,STATUS_FULL_TIME
401842758,2026-07-20 19:00:00,2026,3052,2720,Kalmar FF,Malmo FF,2,2,post,STATUS_FULL_TIME
401842769,2026-07-24 19:00:00,2026,22163,131552,Vasteras SK,Orgryte IS,2,0,post,STATUS_FULL_TIME
401842768,2026-07-25 15:00:00,2026,20856,2339,Degerfors IF,Djurgarden,0,1,post,STATUS_FULL_TIME
401842765,2026-07-25 17:30:00,2026,3052,20301,Kalmar FF,Mjallby AIF,2,1,post,STATUS_FULL_TIME
401842762,2026-07-26 14:00:00,2026,8221,2495,Brommapojkarna,Hammarby,1,1,post,STATUS_FULL_TIME
401842763,2026-07-26 14:00:00,2026,8547,2556,IK Sirius,IFK Goteborg,4,1,post,STATUS_FULL_TIME
401842767,2026-07-26 16:30:00,2026,8222,3017,GAIS,Halmstads BK,1,1,post,STATUS_FULL_TIME
401842764,2026-07-26 16:30:00,2026,2720,529,Malmo FF,IF Elfsborg,1,2,post,STATUS_FULL_TIME
401842766,2026-07-27 19:00:00,2026,7834,994,BK Hacken,AIK,0,0,post,STATUS_FULL_TIME
401842776,2026-08-01 15:00:00,2026,7834,3052,BK Hacken,Kalmar FF,1,1,post,STATUS_FULL_TIME
401842773,2026-08-02 14:00:00,2026,2556,20856,IFK Goteborg,Degerfors IF,2,0,post,STATUS_FULL_TIME
401842771,2026-08-02 14:00:00,2026,8221,2720,Brommapojkarna,Malmo FF,1,2,post,STATUS_FULL_TIME
401842770,2026-08-02 16:30:00,2026,994,131552,AIK,Orgryte IS,0,3,post,STATUS_FULL_TIME
401842772,2026-08-03 19:00:00,2026,2339,22163,Djurgarden,Vasteras SK,6,0,post,STATUS_FULL_TIME
401842775,2026-08-03 19:00:00,2026,3017,8547,Halmstads BK,IK Sirius,0,2,post,STATUS_FULL_TIME
401842785,2026-08-08 15:00:00,2026,131552,994,Orgryte IS,AIK,3,4,post,STATUS_FULL_TIME
401842782,2026-08-08 17:30:00,2026,20301,529,Mjallby AIF,IF Elfsborg,0,1,post,STATUS_FULL_TIME
401842779,2026-08-09 14:00:00,2026,2495,7834,Hammarby,BK Hacken,3,0,post,STATUS_FULL_TIME
401842781,2026-08-09 14:00:00,2026,2720,20856,Malmo FF,Degerfors IF,1,2,post,STATUS_FULL_TIME
401842778,2026-08-09 16:30:00,2026,3017,8222,Halmstads BK,GAIS,0,2,post,STATUS_FULL_TIME
401842780,2026-08-09 16:30:00,2026,2556,3052,IFK Goteborg,Kalmar FF,3,2,post,STATUS_FULL_TIME
401842784,2026-08-10 19:00:00,2026,22163,2339,Vasteras SK,Djurgarden,1,0,post,STATUS_FULL_TIME
401842783,2026-08-10 19:00:00,2026,8547,8221,IK Sirius,Brommapojkarna,2,2,post,STATUS_FULL_TIME
401842789,2026-08-14 19:00:00,2026,529,22163,IF Elfsborg,Vasteras SK,3,0,post,STATUS_FULL_TIME
401842793,2026-08-15 15:00:00,2026,20301,8547,Mjallby AIF,IK Sirius,4,3,post,STATUS_FULL_TIME
401842787,2026-08-16 14:00:00,2026,20856,2556,Degerfors IF,IFK Goteborg,3,0,post,STATUS_FULL_TIME
401842786,2026-08-16 14:00:00,2026,2339,994,Djurgarden,AIK,1,3,post,STATUS_FULL_TIME
401842788,2026-08-16 14:00:00,2026,8221,131552,Brommapojkarna,Orgryte IS,3,1,post,STATUS_FULL_TIME
401842790,2026-08-16 16:30:00,2026,8222,2720,GAIS,Malmo FF,0,1,post,STATUS_FULL_TIME
401842792,2026-08-16 16:30:00,2026,3052,2495,Kalmar FF,Hammarby,0,4,post,STATUS_FULL_TIME
401842791,2026-08-17 19:00:00,2026,7834,3017,BK Hacken,Halmstads BK,1,0,post,STATUS_FULL_TIME
401873989,2026-08-21 19:00:00,2026,8547,7834,IK Sirius,BK Hacken,0,3,post,STATUS_FULL_TIME
401874017,2026-08-22 15:00:00,2026,131552,3017,Orgryte IS,Halmstads BK,1,1,post,STATUS_FULL_TIME
401842797,2026-08-23 14:00:00,2026,2556,529,IFK Goteborg,IF Elfsborg,1,1,post,STATUS_FULL_TIME
401842799,2026-08-23 14:00:00,2026,22163,3052,Vasteras SK,Kalmar FF,0,0,post,STATUS_FULL_TIME
401842794,2026-08-23 16:30:00,2026,2495,8222,Hammarby,GAIS,2,0,post,STATUS_FULL_TIME
401842795,2026-08-23 16:30:00,2026,8221,20856,Brommapojkarna,Degerfors IF,2,0,post,STATUS_FULL_TIME
401874010,2026-08-24 19:00:00,2026,2720,2339,Malmo FF,Djurgarden,0,3,post,STATUS_FULL_TIME
401874020,2026-08-29 15:00:00,2026,7834,22163,BK Hacken,Vasteras SK,1,3,post,STATUS_FULL_TIME
401874011,2026-08-29 15:00:00,2026,529,20856,IF Elfsborg,Degerfors IF,2,0,post,STATUS_FULL_TIME
401874078,2026-08-29 17:30:00,2026,3017,3052,Halmstads BK,Kalmar FF,1,0,post,STATUS_FULL_TIME
401842802,2026-08-30 14:00:00,2026,994,2495,AIK,Hammarby,3,2,post,STATUS_FULL_TIME
401842805,2026-08-30 16:30:00,2026,2556,131552,IFK Goteborg,Orgryte IS,1,0,post,STATUS_FULL_TIME
401874012,2026-08-31 19:00:00,2026,8547,2720,IK Sirius,Malmo FF,0,1,post,STATUS_FULL_TIME
401874014,2026-08-31 19:00:00,2026,2339,20301,Djurgarden,Mjallby AIF,4,0,post,STATUS_FULL_TIME
401873991,2026-08-31 19:00:00,2026,8222,8221,GAIS,Brommapojkarna,4,0,post,STATUS_FULL_TIME
401874077,2026-09-03 19:00:00,2026,20301,2339,Mjallby AIF,Djurgarden,0,2,post,STATUS_FULL_TIME
401874080,2026-09-05 15:00:00,2026,20856,3017,Degerfors IF,Halmstads BK,2,0,post,STATUS_FULL_TIME
401873993,2026-09-05 15:00:00,2026,8222,7834,GAIS,BK Hacken,0,0,post,STATUS_FULL_TIME
401874013,2026-09-05 17:30:00,2026,22163,8547,Vasteras SK,IK Sirius,0,1,post,STATUS_FULL_TIME
401842817,2026-09-06 14:00:00,2026,131552,2495,Orgryte IS,Hammarby,1,1,post,STATUS_FULL_TIME
401842812,2026-09-06 16:30:00,2026,8221,529,Brommapojkarna,IF Elfsborg,2,1,post,STATUS_FULL_TIME
401874084,2026-09-07 19:00:00,2026,2720,994,Malmo FF,AIK,0,0,post,STATUS_FULL_TIME
401874015,2026-09-07 19:00:00,2026,20301,2556,Mjallby AIF,IFK Goteborg,1,4,post,STATUS_FULL_TIME
401874079,2026-09-07 19:00:00,2026,3052,2339,Kalmar FF,Djurgarden,0,1,post,STATUS_FULL_TIME
401874082,2026-09-11 19:00:00,2026,7834,20301,BK Hacken,Mjallby AIF,1,1,post,STATUS_FULL_TIME
