local_equipo,local_foulsCommitted,local_yellowCards,local_redCards,local_offsides,local_wonCorners,local_saves,local_possessionPct,local_totalShots,local_shotsOnTarget,local_shotPct,local_penaltyKickGoals,local_penaltyKickShots,local_accuratePasses,local_totalPasses,local_passPct,local_accurateCrosses,local_totalCrosses,local_crossPct,local_totalLongBalls,local_accurateLongBalls,local_longballPct,local_blockedShots,local_effectiveTackles,local_totalTackles,local_tacklePct,local_interceptions,local_effectiveClearance,local_totalClearance,visita_equipo,visita_foulsCommitted,visita_yellowCards,visita_redCards,visita_offsides,visita_wonCorners,visita_saves,visita_possessionPct,visita_totalShots,visita_shotsOnTarget,visita_shotPct,visita_penaltyKickGoals,visita_penaltyKickShots,visita_accuratePasses,visita_totalPasses,visita_passPct,visita_accurateCrosses,visita_totalCrosses,visita_crossPct,visita_totalLongBalls,visita_accurateLongBalls,visita_longballPct,visita_blockedShots,visita_effectiveTackles,visita_totalTackles,visita_tacklePct,visita_interceptions,visita_effectiveClearance,visita_totalClearance,event_id,fecha,temporada
Internazionale,9.0,0.0,0.0,3.0,3.0,1.0,47.7,16.0,8.0,0.5,0.0,0.0,406.0,470.0,0.9,4.0,14.0,0.3,34.0,25.0,0.7,2.0,11.0,19.0,0.6,9.0,3.0,3.0,Crotone,7.0,3.0,0.0,0.0,3.0,3.0,52.3,9.0,3.0,0.3,1.0,1.0,452.0,518.0,0.9,4.0,9.0,0.4,37.0,17.0,0.5,3.0,4.0,6.0,0.7,13.0,14.0,14.0,583011,2021-01-03 11:30:00,2021
AS Roma,18.0,3.0,0.0,2.0,9.0,2.0,65.5,21.0,6.0,0.3,0.0,0.0,508.0,595.0,0.9,14.0,30.0,0.5,61.0,39.0,0.6,7.0,8.0,12.0,0.7,16.0,16.0,16.0,Sampdoria,14.0,5.0,0.0,7.0,2.0,5.0,34.5,5.0,2.0,0.4,0.0,0.0,222.0,323.0,0.7,2.0,10.0,0.2,61.0,18.0,0.3,2.0,10.0,16.0,0.6,14.0,19.0,19.0,583016,2021-01-03 14:00:00,2021
Cagliari,11.0,2.0,1.0,0.0,3.0,7.0,37.8,8.0,1.0,0.1,0.0,0.0,302.0,361.0,0.8,4.0,12.0,0.3,33.0,18.0,0.5,2.0,6.0,12.0,0.5,4.0,22.0,22.0,Napoli,6.0,1.0,0.0,0.0,8.0,0.0,62.2,34.0,11.0,0.3,1.0,1.0,560.0,602.0,0.9,12.0,27.0,0.4,37.0,23.0,0.6,10.0,8.0,15.0,0.5,18.0,10.0,10.0,583015,2021-01-03 14:00:00,2021
Parma,20.0,2.0,0.0,1.0,9.0,2.0,57.2,16.0,4.0,0.3,0.0,0.0,416.0,511.0,0.8,11.0,28.0,0.4,62.0,41.0,0.7,1.0,6.0,11.0,0.5,14.0,8.0,8.0,Torino,16.0,2.0,0.0,0.0,3.0,4.0,42.8,12.0,5.0,0.4,0.0,0.0,303.0,393.0,0.8,1.0,9.0,0.1,67.0,28.0,0.4,1.0,5.0,9.0,0.6,16.0,21.0,21.0,583018,2021-01-03 14:00:00,2021
Spezia,22.0,4.0,1.0,1.0,3.0,2.0,53.6,7.0,1.0,0.1,0.0,0.0,313.0,437.0,0.7,8.0,19.0,0.4,116.0,54.0,0.5,1.0,6.0,10.0,0.6,11.0,13.0,13.0,Hellas Verona,10.0,0.0,0.0,9.0,5.0,1.0,46.4,12.0,3.0,0.3,0.0,0.0,266.0,377.0,0.7,5.0,18.0,0.3,73.0,23.0,0.3,3.0,10.0,15.0,0.7,18.0,26.0,26.0,583012,2021-01-03 14:00:00,2021
Atalanta,13.0,3.0,0.0,1.0,8.0,3.0,45.7,23.0,7.0,0.3,0.0,0.0,329.0,423.0,0.8,4.0,21.0,0.2,63.0,33.0,0.5,2.0,10.0,17.0,0.6,16.0,8.0,8.0,Sassuolo,9.0,1.0,0.0,1.0,3.0,3.0,54.3,10.0,4.0,0.4,0.0,0.0,421.0,516.0,0.8,2.0,11.0,0.2,41.0,17.0,0.4,3.0,12.0,17.0,0.7,21.0,18.0,18.0,583017,2021-01-03 14:00:00,2021
Fiorentina,8.0,4.0,0.0,2.0,8.0,3.0,46.9,9.0,0.0,0.0,0.0,0.0,364.0,423.0,0.9,5.0,28.0,0.2,42.0,20.0,0.5,0.0,8.0,11.0,0.7,6.0,13.0,13.0,Bologna,11.0,3.0,0.0,1.0,5.0,0.0,53.1,7.0,3.0,0.4,0.0,0.0,433.0,499.0,0.9,2.0,12.0,0.2,36.0,15.0,0.4,0.0,9.0,22.0,0.4,4.0,30.0,30.0,583010,2021-01-03 14:00:00,2021
Genoa,11.0,2.0,0.0,2.0,4.0,2.0,39.4,10.0,3.0,0.3,0.0,0.0,262.0,356.0,0.7,1.0,13.0,0.1,54.0,17.0,0.3,5.0,6.0,16.0,0.4,9.0,30.0,30.0,Lazio,18.0,4.0,0.0,2.0,9.0,2.0,60.6,12.0,3.0,0.3,1.0,1.0,451.0,536.0,0.8,4.0,30.0,0.1,62.0,37.0,0.6,3.0,9.0,16.0,0.6,13.0,16.0,16.0,583013,2021-01-03 14:00:00,2021
Benevento,9.0,1.0,0.0,1.0,12.0,0.0,60.8,25.0,5.0,0.2,0.0,1.0,437.0,498.0,0.9,7.0,39.0,0.2,48.0,32.0,0.7,11.0,8.0,15.0,0.5,8.0,8.0,8.0,AC Milan,14.0,3.0,1.0,2.0,4.0,5.0,39.2,10.0,2.0,0.2,1.0,1.0,275.0,333.0,0.8,2.0,10.0,0.2,56.0,23.0,0.4,2.0,7.0,12.0,0.6,15.0,29.0,29.0,583014,2021-01-03 17:00:00,2021
Juventus,14.0,3.0,0.0,1.0,7.0,2.0,63.3,20.0,10.0,0.5,0.0,0.0,613.0,672.0,0.9,4.0,17.0,0.2,44.0,31.0,0.7,7.0,12.0,18.0,0.7,12.0,14.0,14.0,Udinese,8.0,0.0,0.0,0.0,1.0,6.0,36.7,10.0,3.0,0.3,0.0,0.0,321.0,388.0,0.8,2.0,12.0,0.2,46.0,27.0,0.6,3.0,6.0,10.0,0.6,4.0,14.0,14.0,583019,2021-01-03 19:45:00,2021
Cagliari,18.0,4.0,1.0,1.0,7.0,2.0,61.5,12.0,5.0,0.4,0.0,0.0,440.0,505.0,0.9,6.0,33.0,0.2,41.0,25.0,0.6,1.0,7.0,11.0,0.6,7.0,17.0,17.0,Benevento,12.0,3.0,0.0,2.0,6.0,4.0,38.5,10.0,4.0,0.4,0.0,0.0,250.0,322.0,0.8,6.0,17.0,0.4,62.0,25.0,0.4,3.0,13.0,17.0,0.8,5.0,29.0,29.0,583000,2021-01-06 11:30:00,2021
Crotone,15.0,2.0,0.0,0.0,3.0,1.0,52.4,13.0,5.0,0.4,0.0,0.0,432.0,523.0,0.8,4.0,12.0,0.3,53.0,24.0,0.5,2.0,9.0,17.0,0.5,16.0,13.0,13.0,AS Roma,17.0,3.0,0.0,1.0,4.0,3.0,47.6,12.0,4.0,0.3,1.0,1.0,397.0,478.0,0.8,3.0,12.0,0.3,61.0,29.0,0.5,5.0,13.0,25.0,0.5,19.0,9.0,9.0,583007,2021-01-06 14:00:00,2021
Lazio,11.0,3.0,0.0,3.0,2.0,4.0,45.3,13.0,3.0,0.2,0.0,0.0,346.0,409.0,0.8,4.0,9.0,0.4,44.0,27.0,0.6,6.0,16.0,25.0,0.6,13.0,29.0,29.0,Fiorentina,11.0,1.0,0.0,0.0,9.0,1.0,54.7,12.0,5.0,0.4,1.0,1.0,414.0,478.0,0.9,9.0,31.0,0.3,51.0,34.0,0.7,5.0,11.0,17.0,0.6,12.0,9.0,9.0,583001,2021-01-06 14:00:00,2021
Atalanta,10.0,1.0,0.0,3.0,12.0,0.0,51.5,17.0,6.0,0.4,0.0,0.0,463.0,531.0,0.9,7.0,32.0,0.2,30.0,17.0,0.6,2.0,11.0,17.0,0.6,8.0,12.0,12.0,Parma,6.0,1.0,0.0,1.0,3.0,3.0,48.5,2.0,0.0,0.0,0.0,0.0,446.0,517.0,0.9,1.0,11.0,0.1,78.0,53.0,0.7,1.0,11.0,19.0,0.6,15.0,25.0,25.0,583006,2021-01-06 14:00:00,2021
Bologna,16.0,2.0,1.0,1.0,4.0,4.0,37.4,10.0,6.0,0.6,0.0,0.0,250.0,318.0,0.8,3.0,7.0,0.4,44.0,20.0,0.5,1.0,9.0,16.0,0.6,8.0,28.0,28.0,Udinese,13.0,3.0,0.0,2.0,6.0,4.0,62.6,17.0,6.0,0.4,0.0,0.0,445.0,514.0,0.9,7.0,33.0,0.2,32.0,14.0,0.4,7.0,9.0,14.0,0.6,7.0,10.0,10.0,583009,2021-01-06 14:00:00,2021
Sassuolo,14.0,3.0,0.0,0.0,8.0,1.0,63.8,17.0,3.0,0.2,0.0,0.0,568.0,648.0,0.9,2.0,19.0,0.1,51.0,31.0,0.6,7.0,11.0,16.0,0.7,22.0,9.0,9.0,Genoa,10.0,3.0,0.0,1.0,2.0,2.0,36.2,7.0,2.0,0.3,0.0,0.0,272.0,363.0,0.7,4.0,13.0,0.3,61.0,20.0,0.3,2.0,10.0,15.0,0.7,13.0,26.0,26.0,583002,2021-01-06 14:00:00,2021
Sampdoria,13.0,3.0,0.0,1.0,4.0,6.0,38.1,10.0,3.0,0.3,1.0,1.0,236.0,322.0,0.7,4.0,9.0,0.4,65.0,22.0,0.3,6.0,6.0,9.0,0.7,14.0,21.0,21.0,Internazionale,18.0,4.0,0.0,3.0,10.0,1.0,61.9,24.0,7.0,0.3,0.0,1.0,421.0,509.0,0.8,11.0,31.0,0.4,36.0,21.0,0.6,3.0,6.0,8.0,0.8,6.0,6.0,6.0,583004,2021-01-06 14:00:00,2021
Torino,12.0,1.0,0.0,1.0,9.0,1.0,45.4,17.0,2.0,0.1,0.0,0.0,266.0,369.0,0.7,5.0,24.0,0.2,70.0,29.0,0.4,10.0,7.0,10.0,0.7,15.0,15.0,15.0,Hellas Verona,18.0,3.0,0.0,2.0,3.0,1.0,54.6,8.0,2.0,0.3,0.0,0.0,346.0,453.0,0.8,1.0,15.0,0.1,60.0,22.0,0.4,2.0,3.0,7.0,0.4,11.0,24.0,24.0,583003,2021-01-06 14:00:00,2021
Napoli,9.0,2.0,0.0,4.0,10.0,1.0,62.2,29.0,10.0,0.3,0.0,0.0,510.0,593.0,0.9,8.0,28.0,0.3,55.0,34.0,0.6,11.0,5.0,8.0,0.6,9.0,5.0,5.0,Spezia,16.0,3.0,1.0,2.0,2.0,8.0,37.8,9.0,3.0,0.3,1.0,1.0,288.0,365.0,0.8,2.0,8.0,0.3,73.0,37.0,0.5,1.0,7.0,16.0,0.4,8.0,27.0,27.0,583008,2021-01-06 17:00:00,2021
AC Milan,17.0,1.0,0.0,0.0,7.0,3.0,42.6,20.0,8.0,0.4,0.0,0.0,328.0,380.0,0.9,3.0,18.0,0.2,35.0,21.0,0.6,4.0,7.0,15.0,0.5,11.0,18.0,18.0,Juventus,11.0,2.0,0.0,0.0,4.0,8.0,57.4,14.0,6.0,0.4,0.0,0.0,455.0,525.0,0.9,4.0,14.0,0.3,46.0,27.0,0.6,4.0,7.0,14.0,0.5,6.0,16.0,16.0,583005,2021-01-06 19:45:00,2021
Benevento,13.0,3.0,0.0,0.0,1.0,8.0,41.3,5.0,2.0,0.4,0.0,0.0,269.0,370.0,0.7,3.0,6.0,0.5,64.0,30.0,0.5,1.0,5.0,8.0,0.6,9.0,21.0,21.0,Atalanta,21.0,2.0,0.0,4.0,11.0,1.0,58.7,27.0,12.0,0.4,0.0,0.0,442.0,518.0,0.9,5.0,21.0,0.2,39.0,21.0,0.5,8.0,10.0,18.0,0.6,13.0,7.0,7.0,582990,2021-01-09 14:00:00,2021
Genoa,11.0,2.0,0.0,2.0,1.0,3.0,35.5,10.0,7.0,0.7,0.0,0.0,220.0,337.0,0.7,2.0,6.0,0.3,60.0,23.0,0.4,1.0,14.0,28.0,0.5,9.0,31.0,31.0,Bologna,9.0,0.0,0.0,1.0,4.0,5.0,64.5,14.0,3.0,0.2,0.0,0.0,498.0,599.0,0.8,4.0,24.0,0.2,53.0,28.0,0.5,4.0,8.0,19.0,0.4,12.0,9.0,9.0,582991,2021-01-09 17:00:00,2021
AC Milan,22.0,6.0,0.0,1.0,7.0,2.0,46.7,8.0,4.0,0.5,1.0,1.0,336.0,403.0,0.8,0.0,18.0,0.0,44.0,22.0,0.5,2.0,14.0,20.0,0.7,3.0,18.0,18.0,Torino,15.0,2.0,0.0,1.0,5.0,2.0,53.3,9.0,1.0,0.1,0.0,0.0,392.0,464.0,0.8,3.0,20.0,0.2,55.0,33.0,0.6,4.0,8.0,18.0,0.4,3.0,18.0,18.0,582999,2021-01-09 19:45:00,2021
AS Roma,18.0,3.0,0.0,1.0,3.0,4.0,50.4,14.0,8.0,0.6,0.0,0.0,482.0,544.0,0.9,5.0,15.0,0.3,35.0,16.0,0.5,4.0,6.0,10.0,0.6,16.0,15.0,15.0,Internazionale,11.0,3.0,0.0,2.0,7.0,6.0,49.6,17.0,6.0,0.4,0.0,0.0,448.0,526.0,0.9,9.0,16.0,0.6,31.0,14.0,0.5,4.0,11.0,19.0,0.6,6.0,19.0,19.0,582994,2021-01-10 11:30:00,2021
Parma,11.0,4.0,0.0,0.0,5.0,3.0,46.7,10.0,3.0,0.3,0.0,0.0,386.0,466.0,0.8,1.0,13.0,0.1,61.0,38.0,0.6,5.0,5.0,7.0,0.7,17.0,22.0,22.0,Lazio,7.0,1.0,0.0,5.0,6.0,3.0,53.3,21.0,5.0,0.2,0.0,0.0,443.0,522.0,0.8,8.0,24.0,0.3,42.0,19.0,0.5,6.0,15.0,25.0,0.6,15.0,16.0,16.0,582995,2021-01-10 14:00:00,2021
Hellas Verona,16.0,3.0,0.0,1.0,6.0,1.0,43.0,13.0,6.0,0.5,0.0,0.0,225.0,329.0,0.7,4.0,25.0,0.2,60.0,17.0,0.3,2.0,6.0,10.0,0.6,6.0,13.0,13.0,Crotone,16.0,3.0,0.0,0.0,4.0,4.0,57.0,9.0,2.0,0.2,0.0,0.0,343.0,450.0,0.8,2.0,14.0,0.1,50.0,23.0,0.5,4.0,13.0,17.0,0.8,9.0,18.0,18.0,582993,2021-01-10 14:00:00,2021
Udinese,19.0,3.0,0.0,0.0,2.0,4.0,37.1,17.0,8.0,0.5,0.0,0.0,318.0,394.0,0.8,2.0,8.0,0.3,35.0,15.0,0.4,1.0,9.0,16.0,0.6,14.0,17.0,17.0,Napoli,6.0,1.0,0.0,1.0,7.0,7.0,62.9,17.0,6.0,0.4,1.0,1.0,594.0,665.0,0.9,3.0,20.0,0.2,39.0,31.0,0.8,4.0,2.0,9.0,0.2,7.0,11.0,11.0,582996,2021-01-10 14:00:00,2021
Fiorentina,15.0,1.0,0.0,4.0,9.0,2.0,51.6,14.0,4.0,0.3,0.0,0.0,358.0,433.0,0.8,6.0,34.0,0.2,54.0,29.0,0.5,3.0,13.0,24.0,0.5,12.0,17.0,17.0,Cagliari,14.0,3.0,0.0,1.0,5.0,3.0,48.4,9.0,2.0,0.2,0.0,1.0,335.0,419.0,0.8,4.0,18.0,0.2,42.0,22.0,0.5,3.0,5.0,15.0,0.3,11.0,27.0,27.0,582992,2021-01-10 17:00:00,2021
Juventus,11.0,4.0,0.0,0.0,6.0,1.0,55.4,23.0,8.0,0.3,0.0,0.0,573.0,623.0,0.9,5.0,21.0,0.2,24.0,17.0,0.7,6.0,5.0,15.0,0.3,11.0,8.0,8.0,Sassuolo,3.0,1.0,1.0,1.0,3.0,5.0,44.6,10.0,2.0,0.2,0.0,0.0,449.0,509.0,0.9,1.0,12.0,0.1,43.0,26.0,0.6,2.0,12.0,17.0,0.7,12.0,18.0,18.0,582998,2021-01-10 19:45:00,2021
Spezia,16.0,4.0,0.0,4.0,4.0,2.0,56.4,9.0,4.0,0.4,1.0,1.0,404.0,516.0,0.8,8.0,17.0,0.5,103.0,55.0,0.5,3.0,10.0,18.0,0.6,12.0,20.0,20.0,Sampdoria,16.0,3.0,0.0,0.0,2.0,2.0,43.6,6.0,3.0,0.5,0.0,0.0,272.0,390.0,0.7,3.0,20.0,0.2,64.0,25.0,0.4,1.0,14.0,19.0,0.7,7.0,13.0,13.0,582997,2021-01-11 19:45:00,2021
Lazio,12.0,5.0,0.0,4.0,1.0,2.0,39.8,8.0,8.0,1.0,0.0,0.0,321.0,395.0,0.8,0.0,7.0,0.0,64.0,38.0,0.6,0.0,10.0,12.0,0.8,14.0,22.0,22.0,AS Roma,19.0,4.0,0.0,2.0,8.0,5.0,60.2,6.0,1.0,0.2,0.0,0.0,492.0,583.0,0.8,7.0,22.0,0.3,53.0,25.0,0.5,1.0,3.0,11.0,0.3,10.0,11.0,11.0,582987,2021-01-15 19:45:00,2021
Bologna,15.0,2.0,0.0,1.0,7.0,1.0,48.1,20.0,5.0,0.3,1.0,1.0,321.0,433.0,0.7,6.0,19.0,0.3,55.0,22.0,0.4,7.0,9.0,18.0,0.5,14.0,10.0,10.0,Hellas Verona,10.0,1.0,0.0,1.0,3.0,4.0,51.9,8.0,1.0,0.1,0.0,0.0,364.0,473.0,0.8,3.0,16.0,0.2,50.0,19.0,0.4,1.0,9.0,15.0,0.6,15.0,22.0,22.0,582983,2021-01-16 14:00:00,2021
Torino,12.0,3.0,0.0,6.0,6.0,3.0,66.6,10.0,1.0,0.1,0.0,0.0,538.0,611.0,0.9,8.0,21.0,0.4,59.0,45.0,0.8,3.0,7.0,11.0,0.6,11.0,8.0,8.0,Spezia,14.0,4.0,1.0,0.0,2.0,1.0,33.4,6.0,3.0,0.5,0.0,0.0,229.0,307.0,0.7,1.0,7.0,0.1,68.0,31.0,0.5,1.0,11.0,23.0,0.5,7.0,18.0,18.0,582988,2021-01-16 17:00:00,2021
Sampdoria,8.0,1.0,0.0,3.0,11.0,4.0,54.0,15.0,6.0,0.4,1.0,1.0,386.0,456.0,0.8,4.0,30.0,0.1,54.0,32.0,0.6,7.0,6.0,12.0,0.5,10.0,21.0,21.0,Udinese,11.0,1.0,0.0,4.0,5.0,4.0,46.0,15.0,4.0,0.3,0.0,0.0,311.0,390.0,0.8,4.0,22.0,0.2,37.0,17.0,0.5,6.0,9.0,13.0,0.7,13.0,23.0,23.0,582989,2021-01-16 19:45:00,2021
Napoli,11.0,1.0,0.0,4.0,1.0,1.0,48.8,10.0,7.0,0.7,1.0,1.0,419.0,481.0,0.9,0.0,4.0,0.0,59.0,26.0,0.4,0.0,6.0,15.0,0.4,14.0,16.0,16.0,Fiorentina,15.0,0.0,0.0,3.0,4.0,1.0,51.2,11.0,2.0,0.2,0.0,0.0,425.0,495.0,0.9,4.0,18.0,0.2,39.0,26.0,0.7,3.0,3.0,4.0,0.8,7.0,5.0,5.0,582981,2021-01-17 11:30:00,2021
Sassuolo,18.0,3.0,0.0,3.0,5.0,1.0,61.4,16.0,4.0,0.3,1.0,1.0,463.0,524.0,0.9,4.0,19.0,0.2,27.0,18.0,0.7,3.0,6.0,9.0,0.7,7.0,13.0,13.0,Parma,11.0,2.0,0.0,3.0,3.0,3.0,38.6,11.0,2.0,0.2,0.0,0.0,251.0,324.0,0.8,8.0,16.0,0.5,72.0,40.0,0.6,3.0,9.0,18.0,0.5,23.0,15.0,15.0,582986,2021-01-17 14:00:00,2021
Crotone,14.0,1.0,0.0,0.0,4.0,4.0,40.3,9.0,3.0,0.3,0.0,0.0,238.0,321.0,0.7,3.0,9.0,0.3,52.0,21.0,0.4,3.0,13.0,20.0,0.7,5.0,44.0,44.0,Benevento,14.0,4.0,1.0,2.0,13.0,0.0,59.7,22.0,5.0,0.2,0.0,0.0,374.0,459.0,0.8,12.0,37.0,0.3,53.0,28.0,0.5,5.0,8.0,13.0,0.6,9.0,9.0,9.0,582980,2021-01-17 14:00:00,2021
Atalanta,14.0,1.0,0.0,0.0,9.0,3.0,64.0,18.0,2.0,0.1,0.0,0.0,549.0,675.0,0.8,7.0,29.0,0.2,60.0,32.0,0.5,6.0,8.0,9.0,0.9,13.0,6.0,6.0,Genoa,13.0,2.0,0.0,0.0,1.0,3.0,36.0,7.0,3.0,0.4,0.0,0.0,273.0,390.0,0.7,1.0,5.0,0.2,90.0,32.0,0.4,2.0,14.0,25.0,0.6,13.0,38.0,38.0,582982,2021-01-17 17:00:00,2021
Internazionale,8.0,2.0,0.0,0.0,3.0,4.0,48.9,17.0,5.0,0.3,0.0,0.0,458.0,520.0,0.9,2.0,11.0,0.2,49.0,30.0,0.6,4.0,5.0,7.0,0.7,6.0,21.0,21.0,Juventus,14.0,2.0,0.0,3.0,4.0,3.0,51.1,9.0,4.0,0.4,0.0,0.0,475.0,525.0,0.9,6.0,29.0,0.2,35.0,28.0,0.8,3.0,3.0,7.0,0.4,8.0,11.0,11.0,582984,2021-01-17 19:45:00,2021
Cagliari,9.0,2.0,0.0,0.0,7.0,4.0,44.5,17.0,2.0,0.1,0.0,0.0,345.0,412.0,0.8,9.0,30.0,0.3,43.0,26.0,0.6,7.0,6.0,12.0,0.5,11.0,10.0,10.0,AC Milan,13.0,1.0,1.0,4.0,4.0,2.0,55.5,10.0,6.0,0.6,1.0,1.0,473.0,542.0,0.9,3.0,10.0,0.3,57.0,37.0,0.6,2.0,8.0,16.0,0.5,17.0,21.0,21.0,582985,2021-01-18 19:45:00,2021
Udinese,20.0,3.0,0.0,0.0,2.0,3.0,34.1,6.0,1.0,0.2,0.0,0.0,209.0,288.0,0.7,1.0,12.0,0.1,63.0,21.0,0.3,1.0,9.0,15.0,0.6,17.0,21.0,21.0,Atalanta,26.0,2.0,0.0,0.0,7.0,0.0,65.9,17.0,4.0,0.2,0.0,0.0,469.0,559.0,0.8,8.0,24.0,0.3,62.0,41.0,0.7,5.0,5.0,8.0,0.6,9.0,11.0,11.0,583060,2021-01-20 14:00:00,2021
Benevento,18.0,1.0,0.0,0.0,6.0,3.0,38.2,10.0,3.0,0.3,1.0,1.0,196.0,280.0,0.7,5.0,19.0,0.3,56.0,19.0,0.3,0.0,2.0,7.0,0.3,11.0,21.0,21.0,Torino,22.0,3.0,0.0,3.0,4.0,1.0,61.8,16.0,5.0,0.3,0.0,0.0,376.0,459.0,0.8,9.0,30.0,0.3,52.0,26.0,0.5,4.0,14.0,20.0,0.7,10.0,17.0,17.0,582979,2021-01-22 19:45:00,2021
AS Roma,12.0,3.0,0.0,2.0,3.0,0.0,47.9,14.0,7.0,0.5,0.0,0.0,374.0,456.0,0.8,2.0,9.0,0.2,50.0,16.0,0.3,2.0,6.0,6.0,1.0,20.0,9.0,9.0,Spezia,13.0,1.0,0.0,4.0,1.0,3.0,52.1,6.0,3.0,0.5,0.0,0.0,410.0,503.0,0.8,1.0,6.0,0.2,79.0,45.0,0.6,0.0,7.0,13.0,0.5,11.0,8.0,8.0,582978,2021-01-23 14:00:00,2021
AC Milan,11.0,2.0,0.0,3.0,5.0,4.0,50.7,14.0,2.0,0.1,0.0,0.0,358.0,425.0,0.8,8.0,21.0,0.4,60.0,35.0,0.6,8.0,14.0,22.0,0.6,14.0,18.0,18.0,Atalanta,14.0,1.0,0.0,1.0,7.0,2.0,49.3,18.0,7.0,0.4,1.0,1.0,344.0,414.0,0.8,5.0,17.0,0.3,53.0,28.0,0.5,4.0,13.0,18.0,0.7,12.0,18.0,18.0,582970,2021-01-23 17:00:00,2021
Udinese,11.0,3.0,0.0,0.0,3.0,4.0,39.0,6.0,1.0,0.2,0.0,0.0,344.0,417.0,0.8,1.0,4.0,0.3,58.0,22.0,0.4,1.0,2.0,6.0,0.3,20.0,20.0,20.0,Internazionale,16.0,2.0,0.0,1.0,4.0,1.0,61.0,10.0,4.0,0.4,0.0,0.0,563.0,644.0,0.9,1.0,18.0,0.1,34.0,24.0,0.7,3.0,9.0,13.0,0.7,7.0,6.0,6.0,582974,2021-01-23 17:00:00,2021
Fiorentina,12.0,2.0,0.0,3.0,5.0,2.0,45.5,13.0,6.0,0.5,0.0,0.0,315.0,375.0,0.8,6.0,21.0,0.3,54.0,31.0,0.6,2.0,8.0,16.0,0.5,14.0,23.0,23.0,Crotone,17.0,2.0,0.0,2.0,3.0,4.0,54.5,10.0,3.0,0.3,0.0,0.0,372.0,457.0,0.8,4.0,20.0,0.2,45.0,21.0,0.5,5.0,6.0,11.0,0.5,8.0,11.0,11.0,582973,2021-01-23 19:45:00,2021
Juventus,11.0,3.0,0.0,2.0,7.0,3.0,52.5,23.0,11.0,0.5,0.0,0.0,414.0,479.0,0.9,5.0,18.0,0.3,44.0,27.0,0.6,5.0,6.0,8.0,0.8,11.0,14.0,14.0,Bologna,17.0,2.0,0.0,0.0,6.0,9.0,47.5,11.0,2.0,0.2,0.0,0.0,370.0,427.0,0.9,3.0,22.0,0.1,44.0,31.0,0.7,3.0,8.0,17.0,0.5,11.0,17.0,17.0,582971,2021-01-24 11:30:00,2021
Hellas Verona,13.0,2.0,0.0,2.0,3.0,1.0,48.5,14.0,7.0,0.5,0.0,0.0,336.0,430.0,0.8,2.0,18.0,0.1,64.0,27.0,0.4,4.0,12.0,16.0,0.8,16.0,20.0,20.0,Napoli,7.0,3.0,0.0,1.0,3.0,4.0,51.5,12.0,2.0,0.2,0.0,0.0,361.0,460.0,0.8,1.0,11.0,0.1,57.0,25.0,0.4,4.0,11.0,15.0,0.7,10.0,12.0,12.0,582975,2021-01-24 14:00:00,2021
Genoa,11.0,1.0,0.0,3.0,4.0,4.0,41.3,11.0,5.0,0.5,0.0,0.0,323.0,424.0,0.8,3.0,13.0,0.2,66.0,25.0,0.4,2.0,9.0,17.0,0.5,14.0,29.0,29.0,Cagliari,6.0,2.0,0.0,0.0,7.0,4.0,58.7,14.0,4.0,0.3,0.0,0.0,496.0,592.0,0.8,4.0,32.0,0.1,60.0,36.0,0.6,3.0,7.0,17.0,0.4,9.0,15.0,15.0,582972,2021-01-24 14:00:00,2021
Lazio,16.0,2.0,0.0,1.0,9.0,0.0,49.1,20.0,6.0,0.3,0.0,0.0,403.0,460.0,0.9,6.0,25.0,0.2,67.0,41.0,0.6,6.0,15.0,16.0,0.9,9.0,13.0,13.0,Sassuolo,15.0,3.0,0.0,0.0,6.0,4.0,50.9,5.0,1.0,0.2,0.0,0.0,420.0,492.0,0.9,2.0,11.0,0.2,44.0,21.0,0.5,1.0,11.0,19.0,0.6,6.0,20.0,20.0,582977,2021-01-24 17:00:00,2021
Parma,14.0,1.0,0.0,1.0,5.0,1.0,51.3,11.0,6.0,0.5,0.0,0.0,402.0,479.0,0.8,3.0,25.0,0.1,67.0,47.0,0.7,1.0,3.0,13.0,0.2,14.0,17.0,17.0,Sampdoria,14.0,1.0,0.0,0.0,5.0,5.0,48.7,11.0,3.0,0.3,0.0,0.0,378.0,453.0,0.8,3.0,24.0,0.1,48.0,29.0,0.6,3.0,11.0,18.0,0.6,16.0,21.0,21.0,582976,2021-01-24 19:45:00,2021
Torino,20.0,2.0,0.0,1.0,7.0,0.0,51.7,15.0,3.0,0.2,0.0,0.0,322.0,396.0,0.8,8.0,35.0,0.2,48.0,20.0,0.4,4.0,6.0,17.0,0.4,9.0,11.0,11.0,Fiorentina,15.0,2.0,2.0,5.0,2.0,2.0,48.3,8.0,1.0,0.1,0.0,0.0,304.0,384.0,0.8,5.0,15.0,0.3,61.0,26.0,0.4,3.0,8.0,12.0,0.7,13.0,19.0,19.0,582961,2021-01-29 19:45:00,2021
Bologna,13.0,2.0,0.0,2.0,6.0,8.0,48.2,11.0,5.0,0.5,0.0,0.0,337.0,423.0,0.8,2.0,20.0,0.1,40.0,23.0,0.6,2.0,7.0,15.0,0.5,7.0,17.0,17.0,AC Milan,12.0,1.0,0.0,4.0,4.0,4.0,51.8,15.0,10.0,0.7,1.0,2.0,379.0,469.0,0.8,2.0,10.0,0.2,51.0,25.0,0.5,3.0,8.0,20.0,0.4,11.0,22.0,22.0,582966,2021-01-30 14:00:00,2021
Sampdoria,11.0,4.0,0.0,2.0,5.0,1.0,38.6,6.0,1.0,0.2,0.0,0.0,330.0,397.0,0.8,3.0,24.0,0.1,50.0,29.0,0.6,3.0,9.0,19.0,0.5,9.0,12.0,12.0,Juventus,10.0,2.0,0.0,4.0,8.0,1.0,61.4,9.0,3.0,0.3,0.0,0.0,608.0,669.0,0.9,2.0,14.0,0.1,62.0,38.0,0.6,3.0,11.0,14.0,0.8,19.0,24.0,24.0,582964,2021-01-30 17:00:00,2021
Internazionale,9.0,0.0,0.0,3.0,7.0,0.0,61.5,12.0,6.0,0.5,0.0,0.0,567.0,624.0,0.9,4.0,31.0,0.1,36.0,23.0,0.6,1.0,10.0,18.0,0.6,13.0,8.0,8.0,Benevento,14.0,2.0,0.0,1.0,3.0,3.0,38.5,0.0,0.0,0.0,0.0,0.0,329.0,401.0,0.8,1.0,7.0,0.1,56.0,20.0,0.4,0.0,4.0,9.0,0.4,11.0,22.0,22.0,582960,2021-01-30 19:45:00,2021
Spezia,18.0,4.0,1.0,1.0,2.0,2.0,64.0,10.0,5.0,0.5,0.0,0.0,475.0,549.0,0.9,9.0,27.0,0.3,65.0,42.0,0.6,2.0,5.0,13.0,0.4,10.0,5.0,5.0,Udinese,19.0,2.0,1.0,4.0,2.0,5.0,36.0,6.0,3.0,0.5,1.0,1.0,244.0,316.0,0.8,1.0,5.0,0.2,43.0,14.0,0.3,1.0,3.0,8.0,0.4,12.0,24.0,24.0,582969,2021-01-31 11:30:00,2021
Crotone,15.0,3.0,0.0,1.0,3.0,1.0,55.7,13.0,4.0,0.3,0.0,0.0,379.0,478.0,0.8,2.0,20.0,0.1,51.0,30.0,0.6,3.0,12.0,15.0,0.8,9.0,22.0,22.0,Genoa,22.0,1.0,0.0,9.0,11.0,4.0,44.3,11.0,4.0,0.4,0.0,0.0,277.0,370.0,0.7,8.0,23.0,0.3,67.0,27.0,0.4,2.0,8.0,14.0,0.6,22.0,16.0,16.0,582962,2021-01-31 14:00:00,2021
Cagliari,10.0,2.0,0.0,5.0,3.0,3.0,29.5,10.0,5.0,0.5,0.0,0.0,194.0,249.0,0.8,4.0,13.0,0.3,48.0,21.0,0.4,4.0,11.0,21.0,0.5,13.0,25.0,25.0,Sassuolo,11.0,3.0,0.0,2.0,14.0,3.0,70.5,15.0,4.0,0.3,0.0,0.0,525.0,597.0,0.9,8.0,33.0,0.2,46.0,33.0,0.7,5.0,7.0,12.0,0.6,6.0,8.0,8.0,582968,2021-01-31 14:00:00,2021
Atalanta,12.0,0.0,0.0,1.0,2.0,4.0,57.0,8.0,3.0,0.4,0.0,0.0,432.0,545.0,0.8,5.0,16.0,0.3,75.0,40.0,0.5,0.0,8.0,19.0,0.4,23.0,10.0,10.0,Lazio,20.0,2.0,0.0,3.0,2.0,2.0,43.0,14.0,7.0,0.5,0.0,0.0,299.0,424.0,0.7,1.0,3.0,0.3,82.0,39.0,0.5,4.0,10.0,22.0,0.5,9.0,17.0,17.0,582965,2021-01-31 14:00:00,2021
Napoli,15.0,2.0,0.0,0.0,7.0,1.0,47.6,10.0,3.0,0.3,0.0,0.0,381.0,466.0,0.8,3.0,19.0,0.2,59.0,31.0,0.5,3.0,4.0,14.0,0.3,12.0,14.0,14.0,Parma,17.0,4.0,0.0,3.0,6.0,1.0,52.4,5.0,1.0,0.2,0.0,0.0,433.0,511.0,0.8,7.0,22.0,0.3,56.0,42.0,0.8,1.0,6.0,10.0,0.6,12.0,17.0,17.0,582967,2021-01-31 17:00:00,2021
AS Roma,15.0,2.0,0.0,2.0,4.0,0.0,48.7,15.0,6.0,0.4,0.0,0.0,368.0,471.0,0.8,2.0,12.0,0.2,71.0,21.0,0.3,4.0,10.0,14.0,0.7,20.0,14.0,14.0,Hellas Verona,11.0,1.0,0.0,6.0,5.0,3.0,51.3,8.0,1.0,0.1,0.0,0.0,391.0,492.0,0.8,3.0,18.0,0.2,56.0,21.0,0.4,5.0,4.0,16.0,0.3,10.0,12.0,12.0,582963,2021-01-31 19:45:00,2021
Fiorentina,9.0,3.0,0.0,0.0,7.0,4.0,45.2,15.0,3.0,0.2,0.0,0.0,402.0,461.0,0.9,5.0,28.0,0.2,45.0,32.0,0.7,3.0,5.0,8.0,0.6,7.0,14.0,14.0,Internazionale,10.0,1.0,0.0,1.0,7.0,3.0,54.8,14.0,6.0,0.4,0.0,0.0,509.0,582.0,0.9,3.0,14.0,0.2,42.0,19.0,0.5,3.0,4.0,13.0,0.3,8.0,20.0,20.0,582954,2021-02-05 19:45:00,2021
Atalanta,23.0,3.0,0.0,3.0,4.0,2.0,57.4,11.0,4.0,0.4,0.0,0.0,411.0,519.0,0.8,2.0,11.0,0.2,64.0,36.0,0.6,3.0,9.0,17.0,0.5,14.0,15.0,15.0,Torino,17.0,2.0,0.0,1.0,3.0,1.0,42.6,21.0,6.0,0.3,0.0,1.0,274.0,378.0,0.7,7.0,18.0,0.4,68.0,31.0,0.5,5.0,11.0,19.0,0.6,17.0,11.0,11.0,582959,2021-02-06 14:00:00,2021
Sassuolo,20.0,2.0,0.0,4.0,5.0,3.0,53.9,8.0,4.0,0.5,0.0,0.0,343.0,434.0,0.8,2.0,11.0,0.2,53.0,21.0,0.4,2.0,9.0,15.0,0.6,11.0,11.0,11.0,Spezia,15.0,3.0,0.0,3.0,6.0,3.0,46.1,13.0,6.0,0.5,0.0,0.0,271.0,365.0,0.7,4.0,15.0,0.3,72.0,28.0,0.4,4.0,8.0,18.0,0.4,9.0,16.0,16.0,582958,2021-02-06 14:00:00,2021
Juventus,9.0,2.0,0.0,6.0,2.0,3.0,48.4,3.0,2.0,0.7,0.0,0.0,444.0,516.0,0.9,0.0,3.0,0.0,47.0,22.0,0.5,1.0,7.0,10.0,0.7,8.0,23.0,23.0,AS Roma,13.0,2.0,0.0,1.0,9.0,1.0,51.6,14.0,3.0,0.2,0.0,0.0,458.0,530.0,0.9,5.0,28.0,0.2,43.0,27.0,0.6,4.0,8.0,12.0,0.7,12.0,5.0,5.0,582956,2021-02-06 17:00:00,2021
Genoa,13.0,2.0,0.0,2.0,1.0,8.0,33.7,4.0,2.0,0.5,0.0,0.0,251.0,343.0,0.7,0.0,7.0,0.0,66.0,31.0,0.5,1.0,5.0,16.0,0.3,13.0,26.0,26.0,Napoli,11.0,2.0,0.0,0.0,6.0,0.0,66.3,26.0,9.0,0.3,0.0,0.0,581.0,664.0,0.9,7.0,27.0,0.3,71.0,48.0,0.7,7.0,8.0,15.0,0.5,13.0,10.0,10.0,582955,2021-02-06 19:45:00,2021
Benevento,17.0,4.0,0.0,1.0,2.0,4.0,36.1,12.0,3.0,0.3,0.0,0.0,172.0,269.0,0.6,3.0,14.0,0.2,65.0,27.0,0.4,5.0,10.0,12.0,0.8,10.0,40.0,40.0,Sampdoria,15.0,2.0,0.0,3.0,10.0,2.0,63.9,13.0,5.0,0.4,0.0,0.0,381.0,465.0,0.8,8.0,41.0,0.2,76.0,49.0,0.6,6.0,4.0,6.0,0.7,10.0,12.0,12.0,582957,2021-02-07 11:30:00,2021
AC Milan,17.0,3.0,0.0,5.0,8.0,2.0,49.5,21.0,11.0,0.5,0.0,0.0,374.0,430.0,0.9,5.0,25.0,0.2,49.0,36.0,0.7,5.0,10.0,13.0,0.8,6.0,14.0,14.0,Crotone,9.0,1.0,0.0,0.0,6.0,6.0,50.5,10.0,2.0,0.2,0.0,0.0,364.0,444.0,0.8,4.0,21.0,0.2,45.0,25.0,0.6,2.0,4.0,7.0,0.6,6.0,23.0,23.0,582952,2021-02-07 14:00:00,2021
Udinese,9.0,2.0,0.0,1.0,10.0,0.0,46.1,16.0,8.0,0.5,0.0,0.0,285.0,380.0,0.8,4.0,17.0,0.2,61.0,27.0,0.4,3.0,10.0,13.0,0.8,13.0,16.0,16.0,Hellas Verona,15.0,4.0,0.0,0.0,8.0,6.0,53.9,6.0,0.0,0.0,0.0,0.0,348.0,449.0,0.8,2.0,16.0,0.1,62.0,29.0,0.5,3.0,6.0,11.0,0.5,21.0,16.0,16.0,582953,2021-02-07 14:00:00,2021
Parma,13.0,2.0,0.0,0.0,5.0,2.0,57.2,15.0,5.0,0.3,0.0,0.0,448.0,548.0,0.8,4.0,19.0,0.2,62.0,39.0,0.6,6.0,8.0,16.0,0.5,23.0,7.0,7.0,Bologna,13.0,1.0,0.0,2.0,1.0,5.0,42.8,15.0,5.0,0.3,0.0,0.0,330.0,416.0,0.8,3.0,7.0,0.4,50.0,20.0,0.4,4.0,8.0,14.0,0.6,19.0,24.0,24.0,582950,2021-02-07 17:00:00,2021
Lazio,16.0,2.0,0.0,2.0,12.0,2.0,62.7,14.0,6.0,0.4,0.0,0.0,452.0,530.0,0.9,8.0,40.0,0.2,64.0,44.0,0.7,5.0,4.0,7.0,0.6,13.0,20.0,20.0,Cagliari,14.0,2.0,0.0,2.0,2.0,5.0,37.3,7.0,2.0,0.3,0.0,0.0,237.0,322.0,0.7,2.0,15.0,0.1,54.0,25.0,0.5,1.0,8.0,21.0,0.4,12.0,35.0,35.0,582951,2021-02-07 19:45:00,2021
Bologna,17.0,3.0,0.0,2.0,8.0,5.0,58.5,12.0,2.0,0.2,0.0,0.0,410.0,491.0,0.8,4.0,22.0,0.2,53.0,27.0,0.5,5.0,6.0,7.0,0.9,11.0,17.0,17.0,Benevento,10.0,2.0,0.0,1.0,3.0,1.0,41.5,14.0,6.0,0.4,0.0,0.0,247.0,352.0,0.7,2.0,13.0,0.2,44.0,16.0,0.4,5.0,11.0,15.0,0.7,10.0,20.0,20.0,582941,2021-02-12 19:45:00,2021
Torino,13.0,2.0,0.0,1.0,3.0,2.0,45.2,10.0,2.0,0.2,0.0,0.0,292.0,400.0,0.7,4.0,21.0,0.2,66.0,35.0,0.5,2.0,10.0,18.0,0.6,13.0,20.0,20.0,Genoa,15.0,4.0,0.0,1.0,5.0,2.0,54.8,6.0,2.0,0.3,0.0,0.0,396.0,502.0,0.8,3.0,14.0,0.2,79.0,42.0,0.5,2.0,7.0,14.0,0.5,11.0,19.0,19.0,582943,2021-02-13 14:00:00,2021
Napoli,9.0,2.0,0.0,1.0,3.0,6.0,37.6,8.0,2.0,0.3,1.0,1.0,285.0,368.0,0.8,2.0,10.0,0.2,55.0,21.0,0.4,4.0,8.0,12.0,0.7,8.0,24.0,24.0,Juventus,18.0,3.0,0.0,6.0,9.0,1.0,62.4,24.0,6.0,0.3,0.0,0.0,531.0,599.0,0.9,10.0,32.0,0.3,36.0,23.0,0.6,5.0,9.0,14.0,0.6,13.0,4.0,4.0,582944,2021-02-13 17:00:00,2021
Spezia,18.0,3.0,0.0,1.0,5.0,0.0,46.3,17.0,4.0,0.2,0.0,0.0,291.0,372.0,0.8,3.0,22.0,0.1,64.0,29.0,0.5,8.0,6.0,11.0,0.5,15.0,9.0,9.0,AC Milan,14.0,1.0,0.0,5.0,2.0,2.0,53.7,7.0,0.0,0.0,0.0,0.0,350.0,442.0,0.8,5.0,12.0,0.4,59.0,28.0,0.5,3.0,8.0,16.0,0.5,11.0,25.0,25.0,582946,2021-02-13 19:45:00,2021
AS Roma,17.0,2.0,0.0,0.0,7.0,1.0,52.4,13.0,5.0,0.4,1.0,1.0,444.0,516.0,0.9,3.0,19.0,0.2,46.0,28.0,0.6,5.0,12.0,17.0,0.7,11.0,19.0,19.0,Udinese,7.0,0.0,0.0,6.0,2.0,2.0,47.6,6.0,1.0,0.2,0.0,0.0,403.0,462.0,0.9,2.0,17.0,0.1,39.0,24.0,0.6,2.0,12.0,13.0,0.9,17.0,14.0,14.0,582949,2021-02-14 11:30:00,2021
Sampdoria,14.0,1.0,0.0,1.0,6.0,5.0,49.7,8.0,3.0,0.4,0.0,0.0,316.0,425.0,0.7,2.0,14.0,0.1,64.0,26.0,0.4,2.0,15.0,25.0,0.6,10.0,27.0,27.0,Fiorentina,12.0,3.0,0.0,2.0,7.0,1.0,50.3,16.0,6.0,0.4,0.0,0.0,300.0,422.0,0.7,7.0,25.0,0.3,70.0,27.0,0.4,5.0,10.0,16.0,0.6,15.0,14.0,14.0,582942,2021-02-14 14:00:00,2021
Cagliari,17.0,3.0,0.0,0.0,6.0,1.0,36.1,4.0,1.0,0.3,0.0,0.0,240.0,365.0,0.7,0.0,12.0,0.0,70.0,24.0,0.3,2.0,13.0,19.0,0.7,13.0,22.0,22.0,Atalanta,14.0,3.0,0.0,2.0,6.0,1.0,63.9,10.0,2.0,0.2,0.0,0.0,522.0,645.0,0.8,4.0,20.0,0.2,54.0,21.0,0.4,3.0,14.0,20.0,0.7,15.0,26.0,26.0,582940,2021-02-14 14:00:00,2021
Crotone,15.0,1.0,0.0,1.0,7.0,2.0,36.7,6.0,4.0,0.7,0.0,0.0,253.0,332.0,0.8,2.0,17.0,0.1,66.0,29.0,0.4,1.0,3.0,12.0,0.3,13.0,21.0,21.0,Sassuolo,17.0,1.0,0.0,5.0,8.0,3.0,63.3,23.0,4.0,0.2,1.0,1.0,506.0,586.0,0.9,2.0,15.0,0.1,46.0,22.0,0.5,11.0,11.0,14.0,0.8,6.0,17.0,17.0,582948,2021-02-14 17:00:00,2021
Internazionale,7.0,2.0,0.0,1.0,4.0,5.0,35.3,12.0,7.0,0.6,1.0,1.0,286.0,382.0,0.7,1.0,5.0,0.2,57.0,23.0,0.4,4.0,10.0,13.0,0.8,12.0,32.0,32.0,Lazio,4.0,1.0,0.0,0.0,0.0,4.0,64.7,14.0,6.0,0.4,0.0,0.0,602.0,692.0,0.9,6.0,33.0,0.2,64.0,41.0,0.6,3.0,8.0,16.0,0.5,10.0,12.0,12.0,582945,2021-02-14 19:45:00,2021
Hellas Verona,16.0,4.0,0.0,3.0,4.0,2.0,50.2,12.0,4.0,0.3,0.0,0.0,290.0,395.0,0.7,3.0,24.0,0.1,69.0,34.0,0.5,4.0,8.0,14.0,0.6,24.0,13.0,13.0,Parma,15.0,2.0,0.0,1.0,4.0,3.0,49.8,13.0,2.0,0.2,1.0,1.0,281.0,401.0,0.7,3.0,12.0,0.3,78.0,30.0,0.4,7.0,11.0,16.0,0.7,19.0,22.0,22.0,582947,2021-02-15 19:45:00,2021
Fiorentina,20.0,4.0,0.0,3.0,0.0,2.0,37.5,10.0,5.0,0.5,0.0,0.0,245.0,333.0,0.7,3.0,8.0,0.4,67.0,30.0,0.4,2.0,6.0,11.0,0.5,18.0,32.0,32.0,Spezia,11.0,0.0,0.0,1.0,6.0,2.0,62.5,10.0,2.0,0.2,0.0,0.0,461.0,547.0,0.8,4.0,24.0,0.2,61.0,29.0,0.5,4.0,9.0,16.0,0.6,11.0,8.0,8.0,582937,2021-02-19 17:30:00,2021
Cagliari,20.0,3.0,0.0,0.0,8.0,4.0,46.7,18.0,1.0,0.1,0.0,0.0,230.0,347.0,0.7,7.0,21.0,0.3,63.0,20.0,0.3,7.0,7.0,16.0,0.4,15.0,22.0,22.0,Torino,19.0,2.0,0.0,3.0,3.0,1.0,53.3,10.0,5.0,0.5,0.0,0.0,287.0,407.0,0.7,1.0,13.0,0.1,91.0,32.0,0.4,0.0,6.0,11.0,0.5,23.0,23.0,23.0,582938,2021-02-19 19:45:00,2021
Lazio,14.0,4.0,0.0,4.0,4.0,0.0,56.5,12.0,6.0,0.5,0.0,0.0,437.0,520.0,0.8,2.0,9.0,0.2,53.0,29.0,0.5,3.0,9.0,12.0,0.8,16.0,33.0,33.0,Sampdoria,17.0,3.0,0.0,0.0,5.0,5.0,43.5,10.0,0.0,0.0,0.0,0.0,282.0,368.0,0.8,4.0,32.0,0.1,53.0,25.0,0.5,6.0,11.0,20.0,0.6,16.0,10.0,10.0,582936,2021-02-20 14:00:00,2021
Genoa,11.0,1.0,0.0,0.0,5.0,1.0,50.4,14.0,3.0,0.2,0.0,0.0,355.0,481.0,0.7,3.0,17.0,0.2,86.0,39.0,0.5,5.0,4.0,9.0,0.4,18.0,13.0,13.0,Hellas Verona,17.0,1.0,0.0,2.0,1.0,1.0,49.6,9.0,3.0,0.3,0.0,0.0,355.0,475.0,0.7,1.0,15.0,0.1,85.0,34.0,0.4,1.0,7.0,13.0,0.5,13.0,27.0,27.0,582932,2021-02-20 17:00:00,2021
Sassuolo,14.0,1.0,0.0,1.0,10.0,1.0,74.3,30.0,8.0,0.3,0.0,0.0,561.0,646.0,0.9,6.0,37.0,0.2,44.0,30.0,0.7,11.0,11.0,16.0,0.7,14.0,10.0,10.0,Bologna,8.0,0.0,1.0,1.0,6.0,7.0,25.7,5.0,2.0,0.4,0.0,0.0,147.0,221.0,0.7,0.0,12.0,0.0,51.0,22.0,0.4,1.0,7.0,14.0,0.5,17.0,42.0,42.0,582930,2021-02-20 19:45:00,2021
Parma,18.0,7.0,0.0,1.0,3.0,1.0,46.1,16.0,5.0,0.3,1.0,1.0,335.0,397.0,0.8,3.0,13.0,0.2,68.0,39.0,0.6,5.0,7.0,14.0,0.5,10.0,21.0,21.0,Udinese,15.0,4.0,0.0,0.0,2.0,3.0,53.9,14.0,3.0,0.2,0.0,0.0,389.0,443.0,0.9,9.0,32.0,0.3,35.0,21.0,0.6,2.0,4.0,8.0,0.5,4.0,13.0,13.0,582939,2021-02-21 11:30:00,2021
AC Milan,9.0,2.0,0.0,3.0,7.0,3.0,60.0,14.0,8.0,0.6,0.0,0.0,502.0,568.0,0.9,6.0,36.0,0.2,32.0,20.0,0.6,2.0,12.0,18.0,0.7,8.0,16.0,16.0,Internazionale,10.0,1.0,0.0,1.0,7.0,8.0,40.0,16.0,6.0,0.4,0.0,0.0,315.0,383.0,0.8,3.0,14.0,0.2,47.0,31.0,0.7,3.0,8.0,12.0,0.7,15.0,34.0,34.0,582933,2021-02-21 14:00:00,2021
Atalanta,19.0,2.0,0.0,0.0,6.0,1.0,47.3,18.0,5.0,0.3,0.0,0.0,408.0,491.0,0.8,5.0,19.0,0.3,52.0,30.0,0.6,5.0,7.0,16.0,0.4,19.0,15.0,15.0,Napoli,11.0,1.0,0.0,0.0,3.0,1.0,52.7,4.0,2.0,0.5,0.0,0.0,460.0,551.0,0.8,0.0,13.0,0.0,62.0,30.0,0.5,1.0,8.0,16.0,0.5,14.0,15.0,15.0,582934,2021-02-21 17:00:00,2021
Benevento,11.0,2.0,1.0,3.0,1.0,3.0,29.0,6.0,3.0,0.5,0.0,0.0,175.0,251.0,0.7,1.0,6.0,0.2,60.0,24.0,0.4,2.0,5.0,9.0,0.6,14.0,35.0,35.0,AS Roma,18.0,1.0,0.0,4.0,9.0,3.0,71.0,11.0,4.0,0.4,0.0,0.0,508.0,595.0,0.9,8.0,36.0,0.2,49.0,35.0,0.7,4.0,4.0,10.0,0.4,8.0,9.0,9.0,582935,2021-02-21 19:45:00,2021
Juventus,18.0,3.0,0.0,4.0,7.0,2.0,59.5,27.0,8.0,0.3,0.0,0.0,465.0,522.0,0.9,7.0,23.0,0.3,42.0,27.0,0.6,6.0,7.0,9.0,0.8,11.0,10.0,10.0,Crotone,9.0,1.0,0.0,1.0,3.0,5.0,40.5,15.0,2.0,0.1,0.0,0.0,310.0,356.0,0.9,5.0,19.0,0.3,47.0,29.0,0.6,2.0,10.0,12.0,0.8,9.0,19.0,19.0,582931,2021-02-22 19:45:00,2021
Spezia,18.0,3.0,0.0,2.0,8.0,3.0,53.6,11.0,4.0,0.4,0.0,0.0,323.0,402.0,0.8,4.0,26.0,0.2,62.0,36.0,0.6,3.0,9.0,21.0,0.4,10.0,11.0,11.0,Parma,19.0,4.0,0.0,2.0,2.0,2.0,46.4,11.0,5.0,0.5,0.0,0.0,264.0,364.0,0.7,5.0,12.0,0.4,84.0,38.0,0.5,3.0,13.0,18.0,0.7,7.0,27.0,27.0,582928,2021-02-27 14:00:00,2021
Bologna,9.0,1.0,0.0,0.0,4.0,8.0,40.5,11.0,6.0,0.5,0.0,0.0,272.0,363.0,0.7,2.0,11.0,0.2,54.0,20.0,0.4,1.0,10.0,17.0,0.6,10.0,32.0,32.0,Lazio,18.0,2.0,0.0,3.0,7.0,4.0,59.5,20.0,7.0,0.4,0.0,1.0,423.0,521.0,0.8,8.0,33.0,0.2,55.0,29.0,0.5,7.0,8.0,18.0,0.4,9.0,8.0,8.0,582926,2021-02-27 17:00:00,2021
Hellas Verona,18.0,2.0,0.0,1.0,8.0,4.0,45.6,13.0,4.0,0.3,0.0,0.0,291.0,373.0,0.8,7.0,26.0,0.3,43.0,19.0,0.4,4.0,9.0,12.0,0.8,20.0,20.0,20.0,Juventus,14.0,2.0,0.0,3.0,5.0,3.0,54.4,15.0,5.0,0.3,0.0,0.0,362.0,461.0,0.8,3.0,14.0,0.2,54.0,22.0,0.4,7.0,7.0,18.0,0.4,11.0,18.0,18.0,582925,2021-02-27 19:45:00,2021
Sampdoria,7.0,1.0,0.0,1.0,5.0,6.0,44.9,8.0,3.0,0.4,0.0,0.0,358.0,478.0,0.7,2.0,17.0,0.1,70.0,26.0,0.4,0.0,15.0,25.0,0.6,11.0,20.0,20.0,Atalanta,17.0,3.0,0.0,2.0,6.0,2.0,55.1,20.0,8.0,0.4,0.0,0.0,477.0,593.0,0.8,2.0,14.0,0.1,58.0,23.0,0.4,5.0,12.0,19.0,0.6,11.0,23.0,23.0,582920,2021-02-28 11:30:00,2021
Crotone,17.0,2.0,0.0,2.0,7.0,2.0,55.2,14.0,3.0,0.2,0.0,0.0,361.0,432.0,0.8,6.0,21.0,0.3,49.0,26.0,0.5,3.0,3.0,11.0,0.3,8.0,17.0,17.0,Cagliari,14.0,2.0,1.0,0.0,4.0,2.0,44.8,9.0,4.0,0.4,1.0,1.0,256.0,348.0,0.7,3.0,17.0,0.2,52.0,15.0,0.3,2.0,15.0,22.0,0.7,6.0,15.0,15.0,582922,2021-02-28 14:00:00,2021
Udinese,12.0,1.0,0.0,2.0,3.0,2.0,45.2,9.0,3.0,0.3,0.0,0.0,298.0,383.0,0.8,3.0,13.0,0.2,49.0,23.0,0.5,2.0,10.0,16.0,0.6,7.0,27.0,27.0,Fiorentina,20.0,2.0,0.0,1.0,9.0,2.0,54.8,8.0,2.0,0.3,0.0,0.0,372.0,455.0,0.8,3.0,26.0,0.1,43.0,21.0,0.5,3.0,8.0,12.0,0.7,8.0,16.0,16.0,582923,2021-02-28 14:00:00,2021
Internazionale,12.0,0.0,0.0,0.0,9.0,2.0,50.8,24.0,12.0,0.5,0.0,0.0,475.0,543.0,0.9,8.0,22.0,0.4,52.0,39.0,0.8,5.0,9.0,14.0,0.6,8.0,11.0,11.0,Genoa,8.0,2.0,0.0,0.0,1.0,10.0,49.2,3.0,2.0,0.7,0.0,0.0,478.0,535.0,0.9,0.0,11.0,0.0,44.0,23.0,0.5,0.0,4.0,9.0,0.4,6.0,26.0,26.0,582924,2021-02-28 14:00:00,2021
Napoli,13.0,1.0,1.0,3.0,8.0,3.0,60.8,18.0,5.0,0.3,0.0,0.0,468.0,534.0,0.9,4.0,22.0,0.2,58.0,43.0,0.7,5.0,7.0,13.0,0.5,4.0,5.0,5.0,Benevento,15.0,2.0,0.0,4.0,2.0,3.0,39.2,4.0,3.0,0.8,0.0,0.0,275.0,345.0,0.8,2.0,6.0,0.3,50.0,20.0,0.4,1.0,6.0,12.0,0.5,6.0,30.0,30.0,582921,2021-02-28 17:00:00,2021
AS Roma,14.0,3.0,0.0,1.0,5.0,7.0,53.7,18.0,8.0,0.4,0.0,0.0,394.0,469.0,0.8,6.0,24.0,0.3,49.0,35.0,0.7,6.0,6.0,15.0,0.4,4.0,12.0,12.0,AC Milan,9.0,3.0,0.0,4.0,8.0,7.0,46.3,17.0,9.0,0.5,1.0,1.0,340.0,409.0,0.8,6.0,12.0,0.5,46.0,23.0,0.5,3.0,6.0,8.0,0.8,16.0,18.0,18.0,582927,2021-02-28 19:45:00,2021
Juventus,14.0,2.0,0.0,4.0,5.0,1.0,46.8,18.0,7.0,0.4,0.0,0.0,375.0,449.0,0.8,3.0,15.0,0.2,47.0,29.0,0.6,8.0,9.0,17.0,0.5,10.0,22.0,22.0,Spezia,13.0,0.0,0.0,2.0,10.0,4.0,53.2,12.0,1.0,0.1,0.0,1.0,436.0,503.0,0.9,3.0,22.0,0.1,75.0,53.0,0.7,7.0,3.0,9.0,0.3,18.0,14.0,14.0,582917,2021-03-02 19:45:00,2021
Sassuolo,17.0,2.0,0.0,1.0,7.0,2.0,56.4,14.0,5.0,0.4,2.0,2.0,484.0,548.0,0.9,2.0,16.0,0.1,49.0,26.0,0.5,6.0,8.0,10.0,0.8,6.0,12.0,12.0,Napoli,14.0,2.0,0.0,4.0,4.0,3.0,43.6,16.0,5.0,0.3,1.0,1.0,351.0,420.0,0.8,3.0,14.0,0.2,39.0,23.0,0.6,7.0,6.0,13.0,0.5,7.0,14.0,14.0,582914,2021-03-03 17:30:00,2021
Cagliari,0.0,0.0,0.0,0.0,0.0,0.0,0.0,0.0,0.0,0.0,0.0,0.0,0.0,0.0,0.0,0.0,0.0,0.0,0.0,0.0,0.0,0.0,0.0,0.0,0.0,0.0,0.0,0.0,Bologna,0.0,0.0,0.0,0.0,0.0,0.0,0.0,0.0,0.0,0.0,0.0,0.0,0.0,0.0,0.0,0.0,0.0,0.0,0.0,0.0,0.0,0.0,0.0,0.0,0.0,0.0,0.0,0.0,582910,2021-03-03 19:45:00,2021
Atalanta,0.0,0.0,0.0,0.0,0.0,0.0,0.0,0.0,0.0,0.0,0.0,0.0,0.0,0.0,0.0,0.0,0.0,0.0,0.0,0.0,0.0,0.0,0.0,0.0,0.0,0.0,0.0,0.0,Crotone,0.0,0.0,0.0,0.0,0.0,0.0,0.0,0.0,0.0,0.0,0.0,0.0,0.0,0.0,0.0,0.0,0.0,0.0,0.0,0.0,0.0,0.0,0.0,0.0,0.0,0.0,0.0,0.0,582911,2021-03-03 19:45:00,2021
Genoa,15.0,1.0,0.0,4.0,2.0,3.0,50.6,6.0,1.0,0.2,0.0,0.0,427.0,523.0,0.8,1.0,15.0,0.1,49.0,19.0,0.4,2.0,9.0,20.0,0.5,15.0,17.0,17.0,Sampdoria,16.0,0.0,0.0,1.0,4.0,0.0,49.4,11.0,4.0,0.4,0.0,0.0,412.0,507.0,0.8,3.0,21.0,0.1,57.0,30.0,0.5,4.0,4.0,11.0,0.4,15.0,16.0,16.0,582916,2021-03-03 19:45:00,2021
Fiorentina,0.0,0.0,0.0,0.0,0.0,0.0,0.0,0.0,0.0,0.0,0.0,0.0,0.0,0.0,0.0,0.0,0.0,0.0,0.0,0.0,0.0,0.0,0.0,0.0,0.0,0.0,0.0,0.0,AS Roma,0.0,0.0,0.0,0.0,0.0,0.0,0.0,0.0,0.0,0.0,0.0,0.0,0.0,0.0,0.0,0.0,0.0,0.0,0.0,0.0,0.0,0.0,0.0,0.0,0.0,0.0,0.0,0.0,582915,2021-03-03 19:45:00,2021
AC Milan,23.0,4.0,0.0,2.0,7.0,0.0,61.3,12.0,7.0,0.6,1.0,1.0,471.0,541.0,0.9,7.0,29.0,0.2,40.0,24.0,0.6,3.0,4.0,8.0,0.5,6.0,10.0,10.0,Udinese,13.0,1.0,0.0,2.0,2.0,6.0,38.7,5.0,2.0,0.4,0.0,0.0,263.0,348.0,0.8,1.0,8.0,0.1,64.0,36.0,0.6,0.0,12.0,19.0,0.6,7.0,19.0,19.0,582919,2021-03-03 19:45:00,2021
Benevento,8.0,0.0,0.0,0.0,2.0,2.0,50.7,5.0,1.0,0.2,0.0,0.0,338.0,446.0,0.8,2.0,11.0,0.2,61.0,27.0,0.4,4.0,5.0,10.0,0.5,12.0,16.0,16.0,Hellas Verona,20.0,1.0,0.0,6.0,7.0,1.0,49.3,9.0,4.0,0.4,0.0,0.0,334.0,430.0,0.8,3.0,19.0,0.2,65.0,31.0,0.5,3.0,7.0,9.0,0.8,8.0,27.0,27.0,582912,2021-03-03 19:45:00,2021
Parma,8.0,0.0,0.0,1.0,2.0,4.0,52.4,12.0,2.0,0.2,0.0,0.0,482.0,553.0,0.9,6.0,18.0,0.3,72.0,47.0,0.7,4.0,9.0,18.0,0.5,13.0,19.0,19.0,Internazionale,11.0,1.0,0.0,3.0,2.0,1.0,47.6,11.0,6.0,0.5,0.0,0.0,445.0,504.0,0.9,1.0,16.0,0.1,36.0,25.0,0.7,1.0,10.0,16.0,0.6,12.0,15.0,15.0,582913,2021-03-04 19:45:00,2021
Spezia,13.0,2.0,0.0,2.0,3.0,1.0,73.3,11.0,3.0,0.3,0.0,0.0,556.0,650.0,0.9,6.0,28.0,0.2,72.0,53.0,0.7,2.0,5.0,8.0,0.6,9.0,14.0,14.0,Benevento,16.0,4.0,0.0,2.0,1.0,2.0,26.7,5.0,2.0,0.4,0.0,0.0,144.0,238.0,0.6,1.0,11.0,0.1,70.0,26.0,0.4,0.0,6.0,8.0,0.8,22.0,23.0,23.0,582901,2021-03-06 14:00:00,2021
Udinese,10.0,1.0,0.0,9.0,5.0,2.0,28.5,13.0,7.0,0.5,0.0,0.0,209.0,275.0,0.8,6.0,13.0,0.5,38.0,18.0,0.5,3.0,8.0,16.0,0.5,20.0,21.0,21.0,Sassuolo,11.0,0.0,0.0,0.0,6.0,5.0,71.5,10.0,2.0,0.2,0.0,0.0,632.0,709.0,0.9,3.0,21.0,0.1,37.0,24.0,0.6,6.0,6.0,12.0,0.5,12.0,16.0,16.0,582908,2021-03-06 17:00:00,2021
Juventus,10.0,0.0,0.0,1.0,4.0,3.0,52.2,7.0,5.0,0.7,1.0,1.0,459.0,528.0,0.9,1.0,17.0,0.1,52.0,34.0,0.7,0.0,12.0,21.0,0.6,24.0,13.0,13.0,Lazio,13.0,1.0,0.0,1.0,4.0,2.0,47.8,15.0,4.0,0.3,0.0,0.0,422.0,489.0,0.9,3.0,12.0,0.3,42.0,27.0,0.6,2.0,10.0,13.0,0.8,10.0,16.0,16.0,582905,2021-03-06 19:45:00,2021
AS Roma,15.0,1.0,0.0,2.0,8.0,2.0,53.7,17.0,2.0,0.1,0.0,0.0,484.0,563.0,0.9,6.0,12.0,0.5,63.0,36.0,0.6,7.0,9.0,11.0,0.8,18.0,9.0,9.0,Genoa,15.0,4.0,0.0,3.0,1.0,1.0,46.3,6.0,2.0,0.3,0.0,0.0,414.0,488.0,0.8,5.0,12.0,0.4,54.0,24.0,0.4,1.0,9.0,14.0,0.6,16.0,6.0,6.0,582904,2021-03-07 11:30:00,2021
Hellas Verona,14.0,2.0,0.0,2.0,8.0,1.0,54.0,11.0,1.0,0.1,0.0,0.0,351.0,470.0,0.7,7.0,22.0,0.3,80.0,34.0,0.4,4.0,3.0,8.0,0.4,11.0,17.0,17.0,AC Milan,12.0,0.0,0.0,0.0,1.0,0.0,46.0,11.0,3.0,0.3,0.0,0.0,301.0,409.0,0.7,2.0,9.0,0.2,73.0,24.0,0.3,2.0,11.0,19.0,0.6,22.0,10.0,10.0,582906,2021-03-07 14:00:00,2021
Fiorentina,19.0,0.0,0.0,0.0,3.0,2.0,41.9,5.0,2.0,0.4,0.0,0.0,259.0,344.0,0.8,4.0,17.0,0.2,54.0,25.0,0.5,1.0,8.0,11.0,0.7,7.0,7.0,7.0,Parma,16.0,3.0,0.0,1.0,3.0,0.0,58.1,8.0,5.0,0.6,1.0,1.0,403.0,480.0,0.8,4.0,19.0,0.2,60.0,39.0,0.7,0.0,14.0,22.0,0.6,9.0,10.0,10.0,582907,2021-03-07 14:00:00,2021
Crotone,19.0,4.0,0.0,0.0,8.0,2.0,43.0,18.0,7.0,0.4,1.0,1.0,237.0,312.0,0.8,8.0,17.0,0.5,52.0,30.0,0.6,5.0,7.0,9.0,0.8,9.0,21.0,21.0,Torino,22.0,1.0,1.0,1.0,8.0,3.0,57.0,18.0,4.0,0.2,0.0,0.0,339.0,412.0,0.8,5.0,27.0,0.2,68.0,40.0,0.6,4.0,10.0,16.0,0.6,7.0,10.0,10.0,582909,2021-03-07 14:00:00,2021
Sampdoria,0.0,0.0,0.0,0.0,0.0,0.0,0.0,0.0,0.0,0.0,0.0,0.0,0.0,0.0,0.0,0.0,0.0,0.0,0.0,0.0,0.0,0.0,0.0,0.0,0.0,0.0,0.0,0.0,Cagliari,0.0,0.0,0.0,0.0,0.0,0.0,0.0,0.0,0.0,0.0,0.0,0.0,0.0,0.0,0.0,0.0,0.0,0.0,0.0,0.0,0.0,0.0,0.0,0.0,0.0,0.0,0.0,0.0,582903,2021-03-07 17:00:00,2021
Napoli,12.0,2.0,0.0,1.0,6.0,3.0,43.4,14.0,7.0,0.5,0.0,0.0,319.0,412.0,0.8,1.0,9.0,0.1,51.0,17.0,0.3,3.0,6.0,14.0,0.4,13.0,28.0,28.0,Bologna,14.0,0.0,0.0,1.0,3.0,4.0,56.6,16.0,4.0,0.3,0.0,0.0,417.0,522.0,0.8,7.0,27.0,0.3,67.0,31.0,0.5,4.0,6.0,10.0,0.6,6.0,10.0,10.0,582902,2021-03-07 19:45:00,2021
Internazionale,11.0,0.0,0.0,2.0,7.0,2.0,44.6,5.0,1.0,0.2,0.0,0.0,399.0,488.0,0.8,1.0,8.0,0.1,50.0,30.0,0.6,4.0,12.0,15.0,0.8,28.0,20.0,20.0,Atalanta,17.0,1.0,0.0,0.0,7.0,0.0,55.4,13.0,3.0,0.2,0.0,0.0,507.0,594.0,0.9,7.0,25.0,0.3,41.0,20.0,0.5,2.0,14.0,26.0,0.5,18.0,12.0,12.0,582900,2021-03-08 19:45:00,2021
Lazio,9.0,0.0,0.0,5.0,5.0,1.0,63.7,25.0,6.0,0.2,0.0,0.0,530.0,612.0,0.9,6.0,21.0,0.3,50.0,29.0,0.6,7.0,7.0,15.0,0.5,8.0,12.0,12.0,Crotone,11.0,3.0,0.0,1.0,1.0,3.0,36.3,6.0,3.0,0.5,1.0,1.0,265.0,349.0,0.8,3.0,10.0,0.3,66.0,32.0,0.5,0.0,4.0,8.0,0.5,13.0,22.0,22.0,582890,2021-03-12 14:00:00,2021
Atalanta,17.0,2.0,0.0,2.0,3.0,2.0,47.1,14.0,7.0,0.5,0.0,0.0,410.0,509.0,0.8,4.0,9.0,0.4,53.0,27.0,0.5,3.0,10.0,21.0,0.5,12.0,12.0,12.0,Spezia,6.0,0.0,0.0,3.0,5.0,4.0,52.9,7.0,3.0,0.4,0.0,0.0,457.0,570.0,0.8,3.0,12.0,0.3,71.0,28.0,0.4,2.0,15.0,20.0,0.8,13.0,13.0,13.0,582898,2021-03-12 19:45:00,2021
Sassuolo,15.0,3.0,0.0,0.0,6.0,3.0,41.4,17.0,8.0,0.5,0.0,0.0,284.0,360.0,0.8,3.0,11.0,0.3,49.0,22.0,0.4,6.0,4.0,9.0,0.4,11.0,22.0,22.0,Hellas Verona,17.0,2.0,0.0,8.0,5.0,4.0,58.6,13.0,6.0,0.5,0.0,0.0,423.0,504.0,0.8,6.0,24.0,0.3,56.0,27.0,0.5,5.0,10.0,13.0,0.8,12.0,11.0,11.0,582892,2021-03-13 14:00:00,2021
Benevento,15.0,3.0,0.0,2.0,8.0,1.0,60.0,17.0,4.0,0.2,0.0,0.0,450.0,522.0,0.9,8.0,29.0,0.3,63.0,39.0,0.6,6.0,10.0,14.0,0.7,5.0,16.0,16.0,Fiorentina,18.0,1.0,0.0,1.0,3.0,3.0,40.0,11.0,5.0,0.5,0.0,0.0,277.0,356.0,0.8,6.0,14.0,0.4,65.0,28.0,0.4,3.0,3.0,19.0,0.2,12.0,26.0,26.0,582891,2021-03-13 17:00:00,2021
Genoa,14.0,3.0,0.0,0.0,6.0,2.0,57.2,11.0,2.0,0.2,0.0,0.0,465.0,535.0,0.9,5.0,27.0,0.2,60.0,36.0,0.6,3.0,8.0,16.0,0.5,16.0,12.0,12.0,Udinese,6.0,1.0,0.0,1.0,3.0,1.0,42.8,9.0,3.0,0.3,1.0,1.0,328.0,404.0,0.8,5.0,13.0,0.4,53.0,27.0,0.5,3.0,4.0,9.0,0.4,9.0,25.0,25.0,582899,2021-03-13 19:45:00,2021
Bologna,16.0,2.0,0.0,3.0,2.0,3.0,43.9,10.0,7.0,0.7,0.0,0.0,299.0,386.0,0.8,3.0,10.0,0.3,58.0,28.0,0.5,3.0,8.0,19.0,0.4,15.0,34.0,34.0,Sampdoria,11.0,2.0,0.0,3.0,6.0,3.0,56.1,18.0,4.0,0.2,0.0,0.0,394.0,479.0,0.8,5.0,34.0,0.1,52.0,31.0,0.6,5.0,11.0,19.0,0.6,9.0,9.0,9.0,582897,2021-03-14 11:30:00,2021
Torino,11.0,0.0,0.0,1.0,1.0,1.0,31.5,7.0,3.0,0.4,0.0,0.0,235.0,317.0,0.7,5.0,11.0,0.5,61.0,20.0,0.3,1.0,3.0,6.0,0.5,5.0,16.0,16.0,Internazionale,12.0,1.0,0.0,2.0,8.0,2.0,68.5,13.0,3.0,0.2,1.0,1.0,611.0,688.0,0.9,9.0,28.0,0.3,42.0,31.0,0.7,4.0,5.0,9.0,0.6,5.0,11.0,11.0,582893,2021-03-14 14:00:00,2021
Parma,18.0,3.0,0.0,2.0,0.0,6.0,41.8,7.0,4.0,0.6,1.0,1.0,300.0,365.0,0.8,2.0,6.0,0.3,68.0,33.0,0.5,1.0,11.0,16.0,0.7,16.0,36.0,36.0,AS Roma,16.0,3.0,0.0,0.0,12.0,2.0,58.2,21.0,6.0,0.3,0.0,0.0,417.0,484.0,0.9,10.0,33.0,0.3,39.0,23.0,0.6,7.0,6.0,7.0,0.9,10.0,2.0,2.0,582896,2021-03-14 14:00:00,2021
Cagliari,12.0,0.0,0.0,1.0,8.0,3.0,50.4,12.0,4.0,0.3,0.0,0.0,415.0,484.0,0.9,8.0,34.0,0.2,44.0,23.0,0.5,3.0,7.0,12.0,0.6,8.0,5.0,5.0,Juventus,16.0,2.0,0.0,0.0,6.0,3.0,49.6,10.0,6.0,0.6,1.0,1.0,428.0,496.0,0.9,4.0,15.0,0.3,49.0,30.0,0.6,3.0,7.0,10.0,0.7,13.0,20.0,20.0,582894,2021-03-14 17:00:00,2021
AC Milan,12.0,1.0,1.0,3.0,5.0,3.0,55.5,13.0,5.0,0.4,0.0,0.0,447.0,517.0,0.9,5.0,23.0,0.2,48.0,31.0,0.6,1.0,11.0,16.0,0.7,9.0,10.0,10.0,Napoli,9.0,2.0,0.0,1.0,4.0,5.0,44.5,15.0,4.0,0.3,0.0,0.0,363.0,427.0,0.9,3.0,8.0,0.4,52.0,33.0,0.6,3.0,12.0,20.0,0.6,13.0,25.0,25.0,582895,2021-03-14 19:45:00,2021
Torino,10.0,1.0,0.0,2.0,6.0,1.0,49.8,22.0,11.0,0.5,0.0,0.0,358.0,440.0,0.8,8.0,38.0,0.2,62.0,35.0,0.6,3.0,7.0,10.0,0.7,10.0,7.0,7.0,Sassuolo,16.0,2.0,0.0,1.0,3.0,8.0,50.2,14.0,4.0,0.3,0.0,0.0,394.0,468.0,0.8,4.0,9.0,0.4,40.0,14.0,0.4,3.0,7.0,13.0,0.5,17.0,34.0,34.0,582929,2021-03-17 14:00:00,2021
Parma,22.0,5.0,0.0,0.0,1.0,0.0,56.8,12.0,8.0,0.7,0.0,0.0,474.0,563.0,0.8,6.0,15.0,0.4,69.0,41.0,0.6,0.0,8.0,12.0,0.7,10.0,17.0,17.0,Genoa,8.0,2.0,0.0,1.0,3.0,7.0,43.2,9.0,2.0,0.2,0.0,0.0,326.0,415.0,0.8,5.0,21.0,0.2,51.0,19.0,0.4,2.0,3.0,10.0,0.3,11.0,17.0,17.0,582884,2021-03-19 19:45:00,2021
Crotone,11.0,4.0,0.0,2.0,10.0,6.0,47.8,17.0,4.0,0.2,1.0,1.0,268.0,351.0,0.8,7.0,28.0,0.3,60.0,25.0,0.4,6.0,8.0,14.0,0.6,9.0,29.0,29.0,Bologna,16.0,7.0,0.0,0.0,3.0,2.0,52.2,21.0,9.0,0.4,0.0,0.0,298.0,390.0,0.8,6.0,21.0,0.3,45.0,18.0,0.4,5.0,9.0,14.0,0.6,12.0,20.0,20.0,582882,2021-03-20 14:00:00,2021
Spezia,12.0,1.0,0.0,0.0,4.0,6.0,54.5,12.0,5.0,0.4,0.0,0.0,358.0,465.0,0.8,4.0,16.0,0.3,83.0,39.0,0.5,3.0,5.0,14.0,0.4,10.0,18.0,18.0,Cagliari,16.0,2.0,0.0,4.0,4.0,3.0,45.5,13.0,6.0,0.5,0.0,0.0,285.0,382.0,0.7,8.0,19.0,0.4,77.0,31.0,0.4,2.0,9.0,19.0,0.5,7.0,23.0,23.0,582883,2021-03-20 17:00:00,2021
Hellas Verona,23.0,3.0,0.0,3.0,4.0,4.0,51.9,3.0,1.0,0.3,0.0,0.0,303.0,445.0,0.7,0.0,12.0,0.0,91.0,35.0,0.4,1.0,14.0,17.0,0.8,15.0,17.0,17.0,Atalanta,20.0,2.0,0.0,3.0,7.0,1.0,48.1,16.0,6.0,0.4,1.0,1.0,271.0,406.0,0.7,5.0,18.0,0.3,78.0,29.0,0.4,5.0,11.0,19.0,0.6,16.0,12.0,12.0,582880,2021-03-21 11:30:00,2021
Udinese,9.0,1.0,0.0,0.0,7.0,5.0,50.5,12.0,3.0,0.3,0.0,0.0,373.0,446.0,0.8,9.0,28.0,0.3,34.0,20.0,0.6,1.0,6.0,14.0,0.4,7.0,23.0,23.0,Lazio,13.0,3.0,0.0,3.0,11.0,3.0,49.5,16.0,6.0,0.4,0.0,0.0,379.0,445.0,0.9,4.0,21.0,0.2,52.0,29.0,0.6,5.0,10.0,16.0,0.6,6.0,26.0,26.0,582885,2021-03-21 14:00:00,2021
Sampdoria,15.0,0.0,0.0,1.0,1.0,0.0,35.4,6.0,2.0,0.3,0.0,0.0,198.0,293.0,0.7,1.0,12.0,0.1,61.0,17.0,0.3,1.0,9.0,11.0,0.8,13.0,30.0,30.0,Torino,18.0,1.0,0.0,3.0,7.0,1.0,64.6,11.0,0.0,0.0,0.0,0.0,425.0,518.0,0.8,3.0,39.0,0.1,67.0,35.0,0.5,6.0,7.0,8.0,0.9,8.0,17.0,17.0,582889,2021-03-21 14:00:00,2021
Juventus,12.0,2.0,0.0,5.0,9.0,0.0,73.3,21.0,7.0,0.3,0.0,0.0,537.0,624.0,0.9,9.0,33.0,0.3,57.0,35.0,0.6,5.0,7.0,18.0,0.4,7.0,6.0,6.0,Benevento,13.0,3.0,0.0,3.0,1.0,8.0,26.7,7.0,1.0,0.1,0.0,0.0,147.0,232.0,0.6,2.0,8.0,0.3,56.0,15.0,0.3,2.0,14.0,21.0,0.7,12.0,34.0,34.0,582881,2021-03-21 14:00:00,2021
Fiorentina,6.0,1.0,0.0,1.0,8.0,0.0,39.7,7.0,2.0,0.3,0.0,0.0,257.0,325.0,0.8,2.0,22.0,0.1,50.0,24.0,0.5,0.0,5.0,10.0,0.5,10.0,20.0,20.0,AC Milan,11.0,3.0,0.0,1.0,8.0,0.0,60.3,13.0,3.0,0.2,0.0,0.0,433.0,504.0,0.9,3.0,22.0,0.1,58.0,38.0,0.7,3.0,14.0,25.0,0.6,5.0,28.0,28.0,582886,2021-03-21 17:00:00,2021
AS Roma,17.0,5.0,0.0,1.0,6.0,3.0,52.8,8.0,3.0,0.4,0.0,0.0,479.0,542.0,0.9,3.0,22.0,0.1,54.0,33.0,0.6,0.0,6.0,13.0,0.5,10.0,9.0,9.0,Napoli,13.0,3.0,0.0,2.0,4.0,3.0,47.2,11.0,5.0,0.5,0.0,0.0,429.0,496.0,0.9,1.0,10.0,0.1,56.0,31.0,0.6,3.0,11.0,21.0,0.5,13.0,22.0,22.0,582887,2021-03-21 19:45:00,2021
AC Milan,15.0,2.0,0.0,9.0,5.0,3.0,63.1,14.0,3.0,0.2,0.0,0.0,501.0,592.0,0.8,2.0,22.0,0.1,38.0,21.0,0.6,8.0,5.0,7.0,0.7,13.0,19.0,19.0,Sampdoria,15.0,3.0,1.0,2.0,5.0,1.0,36.9,6.0,4.0,0.7,0.0,0.0,247.0,340.0,0.7,4.0,20.0,0.2,62.0,25.0,0.4,0.0,11.0,18.0,0.6,16.0,35.0,35.0,582877,2021-04-03 10:30:00,2021
Sassuolo,15.0,4.0,0.0,3.0,3.0,6.0,69.2,13.0,6.0,0.5,0.0,0.0,729.0,781.0,0.9,3.0,10.0,0.3,23.0,12.0,0.5,4.0,9.0,13.0,0.7,4.0,7.0,7.0,AS Roma,15.0,3.0,0.0,2.0,4.0,4.0,30.8,11.0,8.0,0.7,1.0,1.0,285.0,342.0,0.8,2.0,11.0,0.2,51.0,27.0,0.5,1.0,8.0,12.0,0.7,12.0,9.0,9.0,582876,2021-04-03 13:00:00,2021
Lazio,18.0,1.0,2.0,7.0,3.0,2.0,50.8,11.0,5.0,0.5,1.0,1.0,389.0,483.0,0.8,1.0,7.0,0.1,60.0,31.0,0.5,1.0,12.0,15.0,0.8,4.0,8.0,8.0,Spezia,20.0,3.0,0.0,3.0,4.0,3.0,49.2,7.0,3.0,0.4,0.0,0.0,358.0,460.0,0.8,5.0,13.0,0.4,82.0,44.0,0.5,1.0,6.0,15.0,0.4,11.0,7.0,7.0,582878,2021-04-03 13:00:00,2021
Atalanta,15.0,0.0,0.0,1.0,4.0,1.0,57.9,23.0,8.0,0.3,0.0,0.0,501.0,587.0,0.9,2.0,13.0,0.2,58.0,34.0,0.6,6.0,8.0,24.0,0.3,14.0,14.0,14.0,Udinese,9.0,2.0,0.0,1.0,1.0,5.0,42.1,9.0,3.0,0.3,0.0,0.0,320.0,416.0,0.8,3.0,11.0,0.3,53.0,22.0,0.4,3.0,9.0,17.0,0.5,11.0,19.0,19.0,582879,2021-04-03 13:00:00,2021
Napoli,5.0,0.0,0.0,2.0,4.0,1.0,63.6,26.0,8.0,0.3,0.0,0.0,585.0,651.0,0.9,2.0,13.0,0.2,53.0,40.0,0.8,5.0,11.0,14.0,0.8,13.0,9.0,9.0,Crotone,17.0,4.0,0.0,2.0,6.0,4.0,36.4,8.0,4.0,0.5,0.0,0.0,290.0,366.0,0.8,3.0,12.0,0.3,53.0,17.0,0.3,3.0,7.0,8.0,0.9,11.0,12.0,12.0,582870,2021-04-03 13:00:00,2021
Cagliari,16.0,1.0,0.0,1.0,6.0,3.0,48.0,24.0,5.0,0.2,0.0,0.0,264.0,372.0,0.7,9.0,24.0,0.4,77.0,36.0,0.5,5.0,11.0,12.0,0.9,11.0,20.0,20.0,Hellas Verona,18.0,3.0,0.0,3.0,5.0,5.0,52.0,10.0,5.0,0.5,0.0,0.0,294.0,414.0,0.7,4.0,14.0,0.3,81.0,27.0,0.3,2.0,5.0,9.0,0.6,12.0,23.0,23.0,582872,2021-04-03 13:00:00,2021
Genoa,17.0,2.0,0.0,4.0,4.0,2.0,56.2,8.0,1.0,0.1,0.0,0.0,434.0,510.0,0.9,4.0,24.0,0.2,60.0,28.0,0.5,2.0,11.0,14.0,0.8,9.0,13.0,13.0,Fiorentina,10.0,1.0,1.0,0.0,2.0,0.0,43.8,10.0,3.0,0.3,0.0,0.0,332.0,402.0,0.8,5.0,16.0,0.3,55.0,26.0,0.5,2.0,3.0,12.0,0.3,12.0,17.0,17.0,582871,2021-04-03 13:00:00,2021
Benevento,20.0,2.0,0.0,1.0,3.0,4.0,30.0,6.0,4.0,0.7,0.0,0.0,165.0,258.0,0.6,1.0,11.0,0.1,52.0,12.0,0.2,1.0,5.0,12.0,0.4,9.0,24.0,24.0,Parma,19.0,1.0,0.0,4.0,3.0,2.0,70.0,17.0,6.0,0.4,0.0,0.0,515.0,607.0,0.8,7.0,19.0,0.4,61.0,40.0,0.7,1.0,3.0,6.0,0.5,9.0,10.0,10.0,582875,2021-04-03 13:00:00,2021
Torino,16.0,3.0,0.0,0.0,5.0,6.0,29.1,10.0,6.0,0.6,0.0,0.0,183.0,242.0,0.8,4.0,16.0,0.3,46.0,19.0,0.4,2.0,9.0,17.0,0.5,9.0,38.0,38.0,Juventus,15.0,2.0,0.0,1.0,6.0,4.0,70.9,22.0,8.0,0.4,0.0,0.0,536.0,593.0,0.9,13.0,32.0,0.4,41.0,22.0,0.5,3.0,5.0,8.0,0.6,8.0,14.0,14.0,582874,2021-04-03 16:00:00,2021
Bologna,17.0,4.0,0.0,0.0,4.0,2.0,56.1,12.0,2.0,0.2,0.0,0.0,466.0,550.0,0.8,3.0,20.0,0.2,47.0,25.0,0.5,3.0,8.0,12.0,0.7,6.0,15.0,15.0,Internazionale,15.0,4.0,0.0,2.0,4.0,2.0,43.9,14.0,3.0,0.2,0.0,0.0,343.0,432.0,0.8,4.0,11.0,0.4,49.0,22.0,0.4,5.0,11.0,19.0,0.6,8.0,16.0,16.0,582873,2021-04-03 18:45:00,2021
Juventus,17.0,1.0,0.0,2.0,2.0,3.0,46.9,12.0,3.0,0.3,0.0,0.0,453.0,515.0,0.9,6.0,11.0,0.5,42.0,23.0,0.5,4.0,12.0,17.0,0.7,12.0,25.0,25.0,Napoli,12.0,2.0,0.0,0.0,6.0,1.0,53.1,14.0,4.0,0.3,1.0,1.0,512.0,579.0,0.9,3.0,19.0,0.2,42.0,30.0,0.7,5.0,7.0,9.0,0.8,9.0,7.0,7.0,583135,2021-04-07 16:45:00,2021
Internazionale,8.0,2.0,0.0,1.0,1.0,2.0,29.9,7.0,2.0,0.3,0.0,0.0,316.0,361.0,0.9,2.0,10.0,0.2,40.0,26.0,0.7,2.0,12.0,20.0,0.6,8.0,24.0,24.0,Sassuolo,13.0,3.0,0.0,1.0,8.0,0.0,70.1,15.0,3.0,0.2,0.0,0.0,802.0,848.0,0.9,7.0,28.0,0.3,25.0,18.0,0.7,6.0,5.0,10.0,0.5,6.0,8.0,8.0,582888,2021-04-07 16:45:00,2021
Spezia,12.0,1.0,0.0,3.0,3.0,3.0,60.2,7.0,3.0,0.4,0.0,0.0,479.0,568.0,0.8,4.0,25.0,0.2,91.0,58.0,0.6,2.0,6.0,11.0,0.5,9.0,11.0,11.0,Crotone,15.0,1.0,0.0,3.0,4.0,0.0,39.8,9.0,5.0,0.6,0.0,0.0,293.0,377.0,0.8,2.0,13.0,0.2,69.0,27.0,0.4,3.0,4.0,6.0,0.7,20.0,21.0,21.0,582863,2021-04-10 13:00:00,2021
Parma,13.0,4.0,0.0,1.0,7.0,2.0,58.7,16.0,5.0,0.3,0.0,0.0,487.0,555.0,0.9,9.0,32.0,0.3,51.0,35.0,0.7,3.0,5.0,11.0,0.5,6.0,11.0,11.0,AC Milan,11.0,4.0,1.0,0.0,3.0,4.0,41.3,10.0,5.0,0.5,0.0,0.0,340.0,404.0,0.8,3.0,11.0,0.3,44.0,20.0,0.5,2.0,6.0,15.0,0.4,7.0,20.0,20.0,582866,2021-04-10 16:00:00,2021
Udinese,20.0,0.0,0.0,2.0,5.0,0.0,64.7,16.0,4.0,0.3,0.0,0.0,496.0,564.0,0.9,5.0,31.0,0.2,38.0,21.0,0.6,3.0,4.0,8.0,0.5,8.0,9.0,9.0,Torino,20.0,3.0,0.0,1.0,4.0,4.0,35.3,10.0,1.0,0.1,1.0,1.0,237.0,310.0,0.8,6.0,13.0,0.5,40.0,14.0,0.4,1.0,4.0,9.0,0.4,10.0,29.0,29.0,582869,2021-04-10 18:45:00,2021
Internazionale,10.0,1.0,0.0,2.0,5.0,1.0,53.3,15.0,7.0,0.5,0.0,0.0,552.0,611.0,0.9,4.0,20.0,0.2,37.0,26.0,0.7,3.0,11.0,20.0,0.6,4.0,20.0,20.0,Cagliari,12.0,1.0,0.0,1.0,0.0,6.0,46.7,7.0,1.0,0.1,0.0,0.0,463.0,542.0,0.9,2.0,11.0,0.2,66.0,38.0,0.6,5.0,10.0,13.0,0.8,9.0,22.0,22.0,582862,2021-04-11 10:30:00,2021
Sampdoria,14.0,0.0,0.0,2.0,8.0,6.0,43.1,13.0,4.0,0.3,0.0,0.0,256.0,351.0,0.7,7.0,25.0,0.3,62.0,26.0,0.4,7.0,9.0,18.0,0.5,6.0,17.0,17.0,Napoli,10.0,3.0,0.0,5.0,8.0,4.0,56.9,20.0,8.0,0.4,0.0,0.0,388.0,484.0,0.8,6.0,17.0,0.4,59.0,24.0,0.4,4.0,9.0,11.0,0.8,8.0,15.0,15.0,582867,2021-04-11 13:00:00,2021
Juventus,0.0,0.0,0.0,0.0,0.0,0.0,0.0,0.0,0.0,0.0,0.0,0.0,0.0,0.0,0.0,0.0,0.0,0.0,0.0,0.0,0.0,0.0,0.0,0.0,0.0,0.0,0.0,0.0,Genoa,0.0,0.0,0.0,0.0,0.0,0.0,0.0,0.0,0.0,0.0,0.0,0.0,0.0,0.0,0.0,0.0,0.0,0.0,0.0,0.0,0.0,0.0,0.0,0.0,0.0,0.0,0.0,0.0,582864,2021-04-11 13:00:00,2021
Hellas Verona,15.0,0.0,0.0,0.0,5.0,0.0,44.3,5.0,0.0,0.0,0.0,0.0,301.0,410.0,0.7,2.0,18.0,0.1,64.0,27.0,0.4,3.0,8.0,15.0,0.5,7.0,25.0,25.0,Lazio,13.0,2.0,0.0,1.0,4.0,0.0,55.7,12.0,1.0,0.1,0.0,0.0,420.0,525.0,0.8,2.0,16.0,0.1,66.0,35.0,0.5,3.0,6.0,14.0,0.4,10.0,14.0,14.0,582865,2021-04-11 13:00:00,2021
AS Roma,14.0,3.0,0.0,0.0,4.0,4.0,43.6,14.0,6.0,0.4,0.0,0.0,343.0,434.0,0.8,4.0,14.0,0.3,72.0,29.0,0.4,4.0,5.0,9.0,0.6,13.0,16.0,16.0,Bologna,14.0,1.0,0.0,2.0,6.0,5.0,56.4,12.0,4.0,0.3,0.0,0.0,471.0,560.0,0.8,5.0,18.0,0.3,55.0,30.0,0.5,2.0,8.0,12.0,0.7,7.0,14.0,14.0,582861,2021-04-11 16:00:00,2021
Fiorentina,15.0,3.0,0.0,2.0,0.0,5.0,39.9,10.0,2.0,0.2,0.0,0.0,297.0,392.0,0.8,4.0,11.0,0.4,70.0,31.0,0.4,3.0,12.0,20.0,0.6,14.0,15.0,15.0,Atalanta,13.0,1.0,0.0,2.0,6.0,0.0,60.1,15.0,8.0,0.5,1.0,1.0,501.0,594.0,0.8,4.0,17.0,0.2,56.0,26.0,0.5,2.0,10.0,12.0,0.8,15.0,12.0,12.0,582860,2021-04-11 18:45:00,2021
Benevento,0.0,0.0,0.0,0.0,0.0,0.0,0.0,0.0,0.0,0.0,0.0,0.0,0.0,0.0,0.0,0.0,0.0,0.0,0.0,0.0,0.0,0.0,0.0,0.0,0.0,0.0,0.0,0.0,Sassuolo,0.0,0.0,0.0,0.0,0.0,0.0,0.0,0.0,0.0,0.0,0.0,0.0,0.0,0.0,0.0,0.0,0.0,0.0,0.0,0.0,0.0,0.0,0.0,0.0,0.0,0.0,0.0,0.0,582868,2021-04-12 18:45:00,2021
Sampdoria,16.0,3.0,0.0,1.0,5.0,4.0,49.4,12.0,5.0,0.4,1.0,1.0,295.0,388.0,0.8,4.0,22.0,0.2,53.0,27.0,0.5,3.0,8.0,15.0,0.5,13.0,16.0,16.0,Hellas Verona,14.0,3.0,0.0,4.0,7.0,2.0,50.6,19.0,5.0,0.3,0.0,0.0,297.0,394.0,0.8,9.0,27.0,0.3,61.0,20.0,0.3,7.0,3.0,8.0,0.4,13.0,18.0,18.0,582853,2021-04-17 13:00:00,2021
Crotone,12.0,0.0,0.0,2.0,5.0,3.0,55.1,6.0,2.0,0.3,1.0,1.0,420.0,500.0,0.8,2.0,13.0,0.2,58.0,34.0,0.6,0.0,13.0,17.0,0.8,12.0,10.0,10.0,Udinese,19.0,2.0,1.0,3.0,7.0,1.0,44.9,11.0,5.0,0.5,0.0,0.0,332.0,404.0,0.8,3.0,15.0,0.2,56.0,29.0,0.5,3.0,7.0,11.0,0.6,8.0,8.0,8.0,582859,2021-04-17 13:00:00,2021
Sassuolo,8.0,3.0,0.0,4.0,3.0,4.0,72.7,11.0,5.0,0.5,2.0,2.0,612.0,694.0,0.9,2.0,12.0,0.2,45.0,18.0,0.4,1.0,3.0,7.0,0.4,11.0,11.0,11.0,Fiorentina,16.0,5.0,0.0,2.0,4.0,2.0,27.3,7.0,5.0,0.7,0.0,0.0,178.0,251.0,0.7,2.0,11.0,0.2,56.0,21.0,0.4,0.0,8.0,15.0,0.5,10.0,18.0,18.0,582851,2021-04-17 16:00:00,2021
Cagliari,14.0,4.0,0.0,1.0,0.0,2.0,64.5,20.0,5.0,0.3,0.0,0.0,452.0,536.0,0.8,12.0,36.0,0.3,53.0,33.0,0.6,6.0,4.0,7.0,0.6,6.0,15.0,15.0,Parma,12.0,2.0,0.0,2.0,4.0,1.0,35.5,11.0,5.0,0.5,0.0,0.0,225.0,305.0,0.7,4.0,13.0,0.3,81.0,48.0,0.6,3.0,7.0,16.0,0.4,8.0,39.0,39.0,582856,2021-04-17 18:45:00,2021
AC Milan,10.0,0.0,0.0,0.0,5.0,1.0,53.6,17.0,4.0,0.2,0.0,0.0,431.0,516.0,0.8,5.0,15.0,0.3,38.0,20.0,0.5,7.0,12.0,16.0,0.8,11.0,15.0,15.0,Genoa,13.0,1.0,0.0,1.0,4.0,3.0,46.4,12.0,4.0,0.3,0.0,0.0,359.0,443.0,0.8,3.0,15.0,0.2,62.0,34.0,0.5,2.0,6.0,15.0,0.4,17.0,16.0,16.0,582852,2021-04-18 10:30:00,2021
Atalanta,18.0,3.0,0.0,0.0,3.0,1.0,45.5,14.0,2.0,0.1,0.0,0.0,408.0,464.0,0.9,8.0,18.0,0.4,42.0,25.0,0.6,7.0,13.0,19.0,0.7,18.0,23.0,23.0,Juventus,16.0,2.0,0.0,0.0,8.0,1.0,54.5,11.0,1.0,0.1,0.0,0.0,476.0,555.0,0.9,6.0,24.0,0.3,52.0,29.0,0.6,5.0,14.0,23.0,0.6,12.0,13.0,13.0,582855,2021-04-18 13:00:00,2021
Bologna,15.0,1.0,0.0,6.0,4.0,3.0,40.3,11.0,5.0,0.5,1.0,1.0,269.0,351.0,0.8,2.0,8.0,0.3,59.0,27.0,0.5,3.0,4.0,11.0,0.4,12.0,24.0,24.0,Spezia,12.0,1.0,0.0,4.0,8.0,1.0,59.7,8.0,4.0,0.5,0.0,0.0,438.0,520.0,0.8,4.0,23.0,0.2,71.0,50.0,0.7,3.0,6.0,10.0,0.6,9.0,2.0,2.0,582858,2021-04-18 13:00:00,2021
Lazio,14.0,2.0,0.0,1.0,5.0,3.0,57.8,13.0,7.0,0.5,1.0,2.0,465.0,533.0,0.9,1.0,17.0,0.1,45.0,28.0,0.6,2.0,7.0,9.0,0.8,10.0,18.0,18.0,Benevento,10.0,3.0,0.0,1.0,4.0,4.0,42.2,16.0,6.0,0.4,1.0,1.0,308.0,381.0,0.8,9.0,22.0,0.4,49.0,20.0,0.4,3.0,8.0,13.0,0.6,13.0,14.0,14.0,582850,2021-04-18 13:00:00,2021
Torino,13.0,2.0,0.0,1.0,11.0,3.0,49.3,27.0,11.0,0.4,0.0,0.0,308.0,390.0,0.8,14.0,38.0,0.4,52.0,24.0,0.5,5.0,7.0,18.0,0.4,10.0,9.0,9.0,AS Roma,13.0,0.0,1.0,1.0,3.0,8.0,50.7,9.0,4.0,0.4,0.0,0.0,351.0,428.0,0.8,4.0,11.0,0.4,56.0,30.0,0.5,2.0,4.0,8.0,0.5,10.0,29.0,29.0,582857,2021-04-18 16:00:00,2021
Napoli,12.0,5.0,0.0,0.0,3.0,1.0,56.6,12.0,1.0,0.1,0.0,0.0,553.0,596.0,0.9,3.0,15.0,0.2,47.0,35.0,0.7,5.0,8.0,12.0,0.7,5.0,14.0,14.0,Internazionale,12.0,2.0,0.0,1.0,3.0,1.0,43.4,10.0,2.0,0.2,0.0,0.0,404.0,455.0,0.9,5.0,9.0,0.6,34.0,22.0,0.6,2.0,6.0,7.0,0.9,7.0,10.0,10.0,582854,2021-04-18 18:45:00,2021
Hellas Verona,16.0,2.0,0.0,7.0,5.0,2.0,64.8,9.0,5.0,0.6,0.0,0.0,489.0,589.0,0.8,3.0,17.0,0.2,48.0,18.0,0.4,2.0,4.0,12.0,0.3,8.0,11.0,11.0,Fiorentina,19.0,3.0,0.0,2.0,3.0,3.0,35.2,6.0,4.0,0.7,1.0,1.0,229.0,313.0,0.7,4.0,14.0,0.3,62.0,32.0,0.5,0.0,1.0,8.0,0.1,14.0,18.0,18.0,582843,2021-04-20 18:45:00,2021
AC Milan,18.0,0.0,0.0,1.0,3.0,4.0,46.8,18.0,6.0,0.3,0.0,0.0,374.0,434.0,0.9,4.0,12.0,0.3,46.0,29.0,0.6,8.0,12.0,27.0,0.4,7.0,22.0,22.0,Sassuolo,13.0,1.0,0.0,0.0,7.0,5.0,53.2,16.0,5.0,0.3,0.0,0.0,422.0,492.0,0.9,1.0,12.0,0.1,45.0,25.0,0.6,6.0,9.0,11.0,0.8,9.0,17.0,17.0,582848,2021-04-21 16:30:00,2021
Spezia,8.0,2.0,0.0,0.0,0.0,4.0,36.7,1.0,1.0,1.0,0.0,0.0,290.0,370.0,0.8,1.0,5.0,0.2,87.0,41.0,0.5,0.0,7.0,12.0,0.6,4.0,20.0,20.0,Internazionale,7.0,0.0,0.0,6.0,8.0,0.0,63.3,20.0,5.0,0.3,0.0,0.0,563.0,632.0,0.9,7.0,25.0,0.3,58.0,39.0,0.7,3.0,5.0,10.0,0.5,6.0,6.0,6.0,582844,2021-04-21 18:45:00,2021
Crotone,13.0,1.0,0.0,2.0,2.0,4.0,41.6,7.0,4.0,0.6,0.0,0.0,339.0,436.0,0.8,1.0,8.0,0.1,79.0,30.0,0.4,0.0,6.0,10.0,0.6,5.0,15.0,15.0,Sampdoria,7.0,1.0,0.0,0.0,6.0,4.0,58.4,14.0,5.0,0.4,0.0,0.0,512.0,606.0,0.8,5.0,17.0,0.3,80.0,43.0,0.5,2.0,5.0,8.0,0.6,8.0,12.0,12.0,582847,2021-04-21 18:45:00,2021
Juventus,12.0,2.0,0.0,2.0,6.0,1.0,64.0,16.0,6.0,0.4,0.0,0.0,614.0,685.0,0.9,9.0,25.0,0.4,53.0,37.0,0.7,4.0,9.0,10.0,0.9,3.0,11.0,11.0,Parma,18.0,2.0,0.0,0.0,6.0,3.0,36.0,9.0,3.0,0.3,0.0,0.0,320.0,377.0,0.8,8.0,23.0,0.3,54.0,35.0,0.6,1.0,8.0,17.0,0.5,11.0,18.0,18.0,582846,2021-04-21 18:45:00,2021
Udinese,11.0,0.0,0.0,1.0,2.0,3.0,57.3,12.0,2.0,0.2,0.0,0.0,461.0,540.0,0.9,6.0,30.0,0.2,55.0,30.0,0.5,5.0,9.0,15.0,0.6,6.0,11.0,11.0,Cagliari,15.0,2.0,0.0,0.0,5.0,2.0,42.7,15.0,4.0,0.3,1.0,1.0,335.0,403.0,0.8,7.0,20.0,0.4,65.0,38.0,0.6,3.0,13.0,24.0,0.5,8.0,21.0,21.0,582842,2021-04-21 18:45:00,2021
Bologna,26.0,4.0,0.0,0.0,3.0,2.0,48.1,8.0,1.0,0.1,0.0,0.0,256.0,354.0,0.7,2.0,9.0,0.2,57.0,22.0,0.4,3.0,7.0,14.0,0.5,10.0,27.0,27.0,Torino,15.0,2.0,0.0,3.0,7.0,0.0,51.9,18.0,3.0,0.2,0.0,0.0,273.0,369.0,0.7,5.0,22.0,0.2,65.0,22.0,0.3,5.0,6.0,13.0,0.5,12.0,5.0,5.0,582849,2021-04-21 18:45:00,2021
Genoa,0.0,0.0,0.0,0.0,0.0,0.0,0.0,0.0,0.0,0.0,0.0,0.0,0.0,0.0,0.0,0.0,0.0,0.0,0.0,0.0,0.0,0.0,0.0,0.0,0.0,0.0,0.0,0.0,Benevento,0.0,0.0,0.0,0.0,0.0,0.0,0.0,0.0,0.0,0.0,0.0,0.0,0.0,0.0,0.0,0.0,0.0,0.0,0.0,0.0,0.0,0.0,0.0,0.0,0.0,0.0,0.0,0.0,582841,2021-04-21 18:45:00,2021
AS Roma,16.0,2.0,1.0,0.0,4.0,7.0,59.8,14.0,3.0,0.2,0.0,0.0,465.0,566.0,0.8,1.0,15.0,0.1,66.0,37.0,0.6,3.0,7.0,19.0,0.4,15.0,8.0,8.0,Atalanta,7.0,0.0,1.0,1.0,8.0,2.0,40.2,22.0,8.0,0.4,0.0,0.0,297.0,376.0,0.8,4.0,13.0,0.3,45.0,19.0,0.4,2.0,6.0,17.0,0.4,16.0,17.0,17.0,582840,2021-04-22 16:30:00,2021
Napoli,7.0,4.0,0.0,4.0,2.0,1.0,48.8,10.0,8.0,0.8,1.0,1.0,417.0,474.0,0.9,1.0,7.0,0.1,58.0,45.0,0.8,2.0,11.0,20.0,0.6,8.0,20.0,20.0,Lazio,18.0,4.0,0.0,0.0,3.0,3.0,51.2,16.0,3.0,0.2,0.0,0.0,428.0,488.0,0.9,8.0,16.0,0.5,45.0,34.0,0.8,4.0,9.0,18.0,0.5,11.0,5.0,5.0,582845,2021-04-22 18:45:00,2021
Genoa,0.0,0.0,0.0,0.0,0.0,0.0,0.0,0.0,0.0,0.0,0.0,0.0,0.0,0.0,0.0,0.0,0.0,0.0,0.0,0.0,0.0,0.0,0.0,0.0,0.0,0.0,0.0,0.0,Spezia,0.0,0.0,0.0,0.0,0.0,0.0,0.0,0.0,0.0,0.0,0.0,0.0,0.0,0.0,0.0,0.0,0.0,0.0,0.0,0.0,0.0,0.0,0.0,0.0,0.0,0.0,0.0,0.0,582838,2021-04-24 13:00:00,2021
Parma,15.0,3.0,0.0,4.0,8.0,0.0,57.4,14.0,3.0,0.2,0.0,0.0,412.0,478.0,0.9,3.0,31.0,0.1,59.0,35.0,0.6,8.0,9.0,14.0,0.6,8.0,7.0,7.0,Crotone,11.0,2.0,0.0,2.0,5.0,0.0,42.6,13.0,4.0,0.3,1.0,1.0,288.0,367.0,0.8,5.0,11.0,0.5,63.0,27.0,0.4,6.0,6.0,16.0,0.4,6.0,28.0,28.0,582831,2021-04-24 16:00:00,2021
Sassuolo,15.0,0.0,0.0,3.0,8.0,2.0,66.4,16.0,7.0,0.4,0.0,0.0,648.0,712.0,0.9,9.0,30.0,0.3,54.0,36.0,0.7,6.0,8.0,13.0,0.6,16.0,8.0,8.0,Sampdoria,10.0,0.0,0.0,0.0,3.0,6.0,33.6,11.0,2.0,0.2,0.0,0.0,289.0,360.0,0.8,1.0,8.0,0.1,58.0,29.0,0.5,4.0,6.0,12.0,0.5,8.0,19.0,19.0,582837,2021-04-24 18:45:00,2021
Benevento,18.0,2.0,0.0,0.0,11.0,1.0,57.5,21.0,7.0,0.3,1.0,1.0,364.0,441.0,0.8,11.0,32.0,0.3,51.0,29.0,0.6,9.0,6.0,11.0,0.5,10.0,4.0,4.0,Udinese,20.0,2.0,0.0,2.0,2.0,5.0,42.5,9.0,5.0,0.6,0.0,0.0,265.0,339.0,0.8,2.0,7.0,0.3,68.0,31.0,0.5,1.0,7.0,13.0,0.5,5.0,35.0,35.0,582839,2021-04-25 10:30:00,2021
Internazionale,7.0,0.0,0.0,1.0,3.0,1.0,49.1,12.0,3.0,0.3,0.0,0.0,450.0,526.0,0.9,2.0,11.0,0.2,45.0,28.0,0.6,1.0,5.0,8.0,0.6,8.0,16.0,16.0,Hellas Verona,13.0,3.0,0.0,0.0,8.0,2.0,50.9,12.0,1.0,0.1,0.0,0.0,461.0,535.0,0.9,7.0,25.0,0.3,62.0,37.0,0.6,3.0,7.0,12.0,0.6,12.0,12.0,12.0,582832,2021-04-25 13:00:00,2021
Fiorentina,13.0,3.0,0.0,1.0,7.0,0.0,32.5,12.0,4.0,0.3,1.0,1.0,179.0,247.0,0.7,3.0,15.0,0.2,45.0,17.0,0.4,4.0,9.0,19.0,0.5,10.0,9.0,9.0,Juventus,16.0,1.0,0.0,4.0,2.0,3.0,67.5,9.0,1.0,0.1,0.0,0.0,468.0,532.0,0.9,4.0,19.0,0.2,39.0,16.0,0.4,3.0,10.0,21.0,0.5,14.0,22.0,22.0,582833,2021-04-25 13:00:00,2021
Cagliari,14.0,3.0,0.0,4.0,4.0,5.0,28.9,11.0,6.0,0.5,0.0,0.0,172.0,238.0,0.7,5.0,13.0,0.4,53.0,22.0,0.4,1.0,13.0,19.0,0.7,10.0,26.0,26.0,AS Roma,17.0,1.0,0.0,1.0,10.0,3.0,71.1,17.0,7.0,0.4,0.0,0.0,520.0,597.0,0.9,7.0,25.0,0.3,63.0,33.0,0.5,5.0,6.0,9.0,0.7,9.0,8.0,8.0,582836,2021-04-25 16:00:00,2021
Atalanta,12.0,0.0,0.0,1.0,8.0,3.0,56.5,25.0,10.0,0.4,1.0,1.0,419.0,502.0,0.8,5.0,17.0,0.3,39.0,20.0,0.5,8.0,3.0,10.0,0.3,8.0,7.0,7.0,Bologna,8.0,1.0,1.0,1.0,3.0,4.0,43.5,8.0,3.0,0.4,0.0,0.0,306.0,387.0,0.8,2.0,7.0,0.3,45.0,17.0,0.4,2.0,8.0,17.0,0.5,16.0,15.0,15.0,582830,2021-04-25 18:45:00,2021
Torino,15.0,1.0,1.0,0.0,8.0,5.0,47.2,15.0,5.0,0.3,0.0,0.0,343.0,404.0,0.8,8.0,27.0,0.3,42.0,22.0,0.5,3.0,10.0,16.0,0.6,8.0,23.0,23.0,Napoli,15.0,1.0,0.0,4.0,11.0,5.0,52.8,25.0,7.0,0.3,0.0,0.0,398.0,459.0,0.9,4.0,22.0,0.2,49.0,33.0,0.7,7.0,13.0,19.0,0.7,9.0,28.0,28.0,582835,2021-04-26 16:30:00,2021
Lazio,9.0,2.0,0.0,3.0,1.0,5.0,40.0,14.0,5.0,0.4,0.0,0.0,296.0,388.0,0.8,0.0,4.0,0.0,59.0,25.0,0.4,3.0,12.0,23.0,0.5,13.0,19.0,19.0,AC Milan,11.0,0.0,0.0,0.0,9.0,2.0,60.0,16.0,5.0,0.3,0.0,0.0,484.0,565.0,0.9,8.0,27.0,0.3,52.0,35.0,0.7,4.0,6.0,10.0,0.6,13.0,9.0,9.0,582834,2021-04-26 18:45:00,2021
Hellas Verona,27.0,6.0,0.0,5.0,5.0,1.0,46.0,8.0,5.0,0.6,0.0,0.0,248.0,343.0,0.7,4.0,12.0,0.3,66.0,25.0,0.4,2.0,9.0,13.0,0.7,15.0,20.0,20.0,Spezia,16.0,2.0,0.0,1.0,5.0,4.0,54.0,13.0,2.0,0.2,0.0,0.0,316.0,401.0,0.8,4.0,18.0,0.2,78.0,36.0,0.5,5.0,7.0,12.0,0.6,12.0,12.0,12.0,582829,2021-05-01 13:00:00,2021
Crotone,10.0,1.0,0.0,2.0,4.0,3.0,38.8,6.0,1.0,0.2,0.0,0.0,346.0,388.0,0.9,5.0,18.0,0.3,42.0,24.0,0.6,4.0,4.0,8.0,0.5,11.0,38.0,38.0,Internazionale,9.0,2.0,0.0,3.0,11.0,1.0,61.2,23.0,5.0,0.2,0.0,0.0,561.0,609.0,0.9,8.0,35.0,0.2,51.0,38.0,0.7,10.0,5.0,11.0,0.5,6.0,11.0,11.0,582825,2021-05-01 16:00:00,2021
AC Milan,16.0,2.0,0.0,1.0,6.0,1.0,56.6,20.0,11.0,0.6,0.0,0.0,520.0,572.0,0.9,3.0,16.0,0.2,45.0,28.0,0.6,3.0,3.0,5.0,0.6,7.0,20.0,20.0,Benevento,8.0,0.0,0.0,1.0,7.0,9.0,43.4,13.0,1.0,0.1,0.0,0.0,361.0,421.0,0.9,5.0,30.0,0.2,40.0,24.0,0.6,5.0,7.0,19.0,0.4,3.0,13.0,13.0,582821,2021-05-01 18:45:00,2021
Lazio,13.0,3.0,0.0,1.0,7.0,3.0,51.6,20.0,11.0,0.6,1.0,1.0,429.0,505.0,0.9,5.0,11.0,0.5,69.0,47.0,0.7,5.0,8.0,13.0,0.6,9.0,23.0,23.0,Genoa,12.0,4.0,0.0,2.0,4.0,7.0,48.4,9.0,5.0,0.6,1.0,1.0,385.0,459.0,0.8,6.0,23.0,0.3,50.0,24.0,0.5,2.0,6.0,12.0,0.5,14.0,16.0,16.0,582824,2021-05-02 10:30:00,2021
Bologna,16.0,2.0,0.0,2.0,3.0,0.0,63.0,12.0,6.0,0.5,0.0,0.0,427.0,486.0,0.9,5.0,22.0,0.2,38.0,22.0,0.6,5.0,12.0,22.0,0.5,6.0,19.0,19.0,Fiorentina,12.0,2.0,0.0,1.0,6.0,3.0,37.0,9.0,3.0,0.3,1.0,1.0,211.0,276.0,0.8,5.0,22.0,0.2,39.0,17.0,0.4,2.0,6.0,12.0,0.5,7.0,18.0,18.0,582823,2021-05-02 13:00:00,2021
Napoli,8.0,1.0,0.0,4.0,3.0,3.0,56.1,19.0,5.0,0.3,0.0,0.0,479.0,540.0,0.9,3.0,7.0,0.4,53.0,35.0,0.7,3.0,12.0,15.0,0.8,14.0,20.0,20.0,Cagliari,14.0,3.0,0.0,1.0,1.0,4.0,43.9,14.0,4.0,0.3,0.0,0.0,330.0,409.0,0.8,4.0,15.0,0.3,57.0,29.0,0.5,5.0,11.0,19.0,0.6,9.0,12.0,12.0,582822,2021-05-02 13:00:00,2021
Sassuolo,18.0,4.0,1.0,2.0,4.0,6.0,63.4,11.0,4.0,0.4,1.0,1.0,524.0,601.0,0.9,1.0,9.0,0.1,44.0,20.0,0.5,3.0,6.0,17.0,0.4,10.0,10.0,10.0,Atalanta,12.0,1.0,1.0,1.0,4.0,3.0,36.6,10.0,8.0,0.8,0.0,1.0,271.0,344.0,0.8,2.0,8.0,0.3,52.0,16.0,0.3,1.0,8.0,15.0,0.5,10.0,19.0,19.0,582820,2021-05-02 13:00:00,2021
Udinese,14.0,3.0,0.0,2.0,2.0,2.0,41.9,8.0,2.0,0.3,0.0,0.0,355.0,432.0,0.8,4.0,11.0,0.4,52.0,28.0,0.5,2.0,5.0,12.0,0.4,3.0,34.0,34.0,Juventus,18.0,0.0,0.0,0.0,6.0,1.0,58.1,14.0,4.0,0.3,1.0,1.0,526.0,583.0,0.9,5.0,36.0,0.1,38.0,27.0,0.7,7.0,3.0,18.0,0.2,18.0,12.0,12.0,582826,2021-05-02 16:00:00,2021
Sampdoria,14.0,0.0,0.0,0.0,8.0,3.0,53.2,13.0,7.0,0.5,0.0,0.0,362.0,462.0,0.8,3.0,21.0,0.1,63.0,30.0,0.5,4.0,8.0,11.0,0.7,9.0,15.0,15.0,AS Roma,13.0,2.0,0.0,4.0,8.0,5.0,46.8,10.0,3.0,0.3,0.0,1.0,308.0,398.0,0.8,3.0,18.0,0.2,48.0,20.0,0.4,4.0,5.0,14.0,0.4,10.0,21.0,21.0,582828,2021-05-02 18:45:00,2021
Torino,10.0,0.0,0.0,2.0,5.0,1.0,50.7,13.0,3.0,0.2,0.0,0.0,317.0,411.0,0.8,7.0,22.0,0.3,68.0,30.0,0.4,1.0,4.0,10.0,0.4,10.0,22.0,22.0,Parma,17.0,3.0,0.0,3.0,2.0,2.0,49.3,10.0,1.0,0.1,0.0,0.0,309.0,401.0,0.8,6.0,15.0,0.4,58.0,41.0,0.7,3.0,10.0,21.0,0.5,6.0,23.0,23.0,582827,2021-05-03 18:45:00,2021
Udinese,12.0,1.0,0.0,0.0,5.0,3.0,47.4,9.0,3.0,0.3,0.0,0.0,343.0,419.0,0.8,2.0,12.0,0.2,46.0,13.0,0.3,2.0,5.0,15.0,0.3,8.0,9.0,9.0,Bologna,18.0,1.0,0.0,2.0,10.0,2.0,52.6,16.0,4.0,0.3,1.0,1.0,386.0,452.0,0.9,5.0,18.0,0.3,31.0,19.0,0.6,3.0,6.0,10.0,0.6,8.0,13.0,13.0,582811,2021-05-08 13:00:00,2021
Spezia,15.0,3.0,0.0,1.0,1.0,2.0,49.0,8.0,2.0,0.3,0.0,0.0,386.0,464.0,0.8,3.0,11.0,0.3,58.0,22.0,0.4,5.0,6.0,6.0,1.0,6.0,11.0,11.0,Napoli,17.0,2.0,0.0,4.0,3.0,1.0,51.0,12.0,6.0,0.5,0.0,0.0,411.0,488.0,0.8,1.0,8.0,0.1,44.0,24.0,0.5,2.0,7.0,13.0,0.5,5.0,6.0,6.0,582816,2021-05-08 13:00:00,2021
Internazionale,10.0,0.0,0.0,2.0,2.0,2.0,55.0,14.0,7.0,0.5,1.0,1.0,536.0,604.0,0.9,2.0,9.0,0.2,37.0,25.0,0.7,4.0,3.0,6.0,0.5,11.0,20.0,20.0,Sampdoria,14.0,2.0,0.0,1.0,8.0,2.0,45.0,14.0,3.0,0.2,0.0,0.0,410.0,477.0,0.9,6.0,28.0,0.2,57.0,37.0,0.6,8.0,3.0,4.0,0.8,10.0,10.0,10.0,582817,2021-05-08 16:00:00,2021
Fiorentina,12.0,4.0,0.0,0.0,5.0,3.0,29.6,9.0,4.0,0.4,0.0,0.0,166.0,231.0,0.7,6.0,14.0,0.4,60.0,28.0,0.5,2.0,3.0,9.0,0.3,8.0,24.0,24.0,Lazio,14.0,6.0,1.0,4.0,7.0,3.0,70.4,11.0,3.0,0.3,0.0,0.0,502.0,566.0,0.9,8.0,26.0,0.3,37.0,19.0,0.5,1.0,6.0,11.0,0.5,7.0,11.0,11.0,582814,2021-05-08 18:45:00,2021
Genoa,0.0,0.0,0.0,0.0,0.0,0.0,0.0,0.0,0.0,0.0,0.0,0.0,0.0,0.0,0.0,0.0,0.0,0.0,0.0,0.0,0.0,0.0,0.0,0.0,0.0,0.0,0.0,0.0,Sassuolo,0.0,0.0,0.0,0.0,0.0,0.0,0.0,0.0,0.0,0.0,0.0,0.0,0.0,0.0,0.0,0.0,0.0,0.0,0.0,0.0,0.0,0.0,0.0,0.0,0.0,0.0,0.0,0.0,582818,2021-05-09 10:30:00,2021
Hellas Verona,16.0,3.0,0.0,2.0,9.0,2.0,57.4,24.0,6.0,0.3,0.0,0.0,336.0,430.0,0.8,11.0,26.0,0.4,60.0,27.0,0.5,7.0,9.0,15.0,0.6,9.0,18.0,18.0,Torino,22.0,3.0,0.0,1.0,3.0,5.0,42.6,7.0,3.0,0.4,0.0,0.0,216.0,321.0,0.7,7.0,18.0,0.4,64.0,22.0,0.3,0.0,4.0,8.0,0.5,11.0,21.0,21.0,582819,2021-05-09 13:00:00,2021
Benevento,17.0,2.0,0.0,3.0,4.0,0.0,56.0,7.0,7.0,1.0,0.0,0.0,247.0,319.0,0.8,5.0,22.0,0.2,52.0,22.0,0.4,0.0,6.0,7.0,0.9,3.0,10.0,10.0,Cagliari,19.0,2.0,0.0,2.0,5.0,6.0,44.0,9.0,3.0,0.3,0.0,0.0,173.0,251.0,0.7,4.0,16.0,0.3,50.0,20.0,0.4,3.0,9.0,13.0,0.7,6.0,32.0,32.0,582812,2021-05-09 13:00:00,2021
Parma,12.0,1.0,0.0,2.0,1.0,7.0,44.4,7.0,2.0,0.3,0.0,0.0,382.0,463.0,0.8,2.0,11.0,0.2,71.0,39.0,0.5,2.0,10.0,18.0,0.6,15.0,11.0,11.0,Atalanta,15.0,1.0,0.0,4.0,3.0,0.0,55.6,18.0,12.0,0.7,0.0,0.0,505.0,581.0,0.9,4.0,13.0,0.3,35.0,23.0,0.7,1.0,7.0,13.0,0.5,10.0,8.0,8.0,582810,2021-05-09 13:00:00,2021
AS Roma,10.0,2.0,0.0,2.0,8.0,2.0,61.9,22.0,10.0,0.5,0.0,0.0,495.0,561.0,0.9,6.0,19.0,0.3,48.0,29.0,0.6,3.0,5.0,11.0,0.5,10.0,5.0,5.0,Crotone,11.0,0.0,0.0,5.0,4.0,5.0,38.1,7.0,2.0,0.3,0.0,0.0,282.0,342.0,0.8,2.0,9.0,0.2,44.0,25.0,0.6,0.0,8.0,13.0,0.6,8.0,20.0,20.0,582813,2021-05-09 16:00:00,2021
Juventus,17.0,2.0,0.0,1.0,8.0,2.0,56.5,16.0,1.0,0.1,0.0,0.0,508.0,574.0,0.9,5.0,28.0,0.2,37.0,26.0,0.7,7.0,9.0,14.0,0.6,12.0,8.0,8.0,AC Milan,12.0,2.0,0.0,3.0,2.0,1.0,43.5,10.0,5.0,0.5,0.0,1.0,388.0,456.0,0.9,4.0,9.0,0.4,44.0,21.0,0.5,4.0,6.0,14.0,0.4,11.0,23.0,23.0,582815,2021-05-09 18:45:00,2021
Napoli,7.0,0.0,0.0,1.0,8.0,0.0,51.9,22.0,9.0,0.4,0.0,0.0,478.0,534.0,0.9,5.0,17.0,0.3,64.0,49.0,0.8,5.0,5.0,15.0,0.3,22.0,10.0,10.0,Udinese,14.0,1.0,0.0,1.0,3.0,4.0,48.1,4.0,1.0,0.3,0.0,0.0,428.0,494.0,0.9,1.0,11.0,0.1,37.0,22.0,0.6,0.0,4.0,7.0,0.6,17.0,15.0,15.0,582809,2021-05-11 18:45:00,2021
Cagliari,18.0,1.0,0.0,5.0,3.0,0.0,56.1,8.0,0.0,0.0,0.0,0.0,393.0,464.0,0.8,7.0,26.0,0.3,67.0,44.0,0.7,3.0,12.0,18.0,0.7,5.0,15.0,15.0,Fiorentina,10.0,2.0,0.0,0.0,1.0,0.0,43.9,2.0,0.0,0.0,0.0,0.0,301.0,367.0,0.8,2.0,14.0,0.1,50.0,23.0,0.5,0.0,6.0,9.0,0.7,8.0,16.0,16.0,582801,2021-05-12 16:30:00,2021
Sassuolo,10.0,1.0,0.0,0.0,3.0,4.0,65.3,19.0,3.0,0.2,0.0,1.0,652.0,706.0,0.9,3.0,17.0,0.2,29.0,20.0,0.7,5.0,8.0,12.0,0.7,10.0,10.0,10.0,Juventus,13.0,2.0,0.0,2.0,5.0,2.0,34.7,15.0,7.0,0.5,0.0,0.0,303.0,365.0,0.8,3.0,15.0,0.2,44.0,21.0,0.5,3.0,9.0,19.0,0.5,8.0,20.0,20.0,582804,2021-05-12 18:45:00,2021
Bologna,9.0,1.0,0.0,0.0,12.0,5.0,66.9,22.0,6.0,0.3,0.0,0.0,449.0,541.0,0.8,7.0,39.0,0.2,31.0,21.0,0.7,9.0,11.0,13.0,0.8,5.0,7.0,7.0,Genoa,11.0,2.0,0.0,2.0,4.0,6.0,33.1,11.0,7.0,0.6,1.0,1.0,187.0,278.0,0.7,1.0,9.0,0.1,56.0,21.0,0.4,1.0,13.0,23.0,0.6,14.0,34.0,34.0,582802,2021-05-12 18:45:00,2021
Atalanta,19.0,2.0,0.0,0.0,7.0,0.0,71.8,15.0,4.0,0.3,0.0,0.0,635.0,710.0,0.9,4.0,18.0,0.2,47.0,32.0,0.7,6.0,11.0,15.0,0.7,6.0,11.0,11.0,Benevento,11.0,3.0,1.0,3.0,5.0,2.0,28.2,4.0,0.0,0.0,0.0,0.0,192.0,272.0,0.7,2.0,12.0,0.2,63.0,30.0,0.5,3.0,10.0,22.0,0.5,13.0,22.0,22.0,582800,2021-05-12 18:45:00,2021
Internazionale,4.0,0.0,0.0,2.0,5.0,4.0,51.3,14.0,5.0,0.4,0.0,0.0,483.0,533.0,0.9,4.0,11.0,0.4,45.0,28.0,0.6,3.0,4.0,11.0,0.4,4.0,22.0,22.0,AS Roma,12.0,4.0,0.0,0.0,8.0,2.0,48.7,20.0,5.0,0.3,0.0,0.0,445.0,498.0,0.9,3.0,22.0,0.1,29.0,15.0,0.5,6.0,9.0,13.0,0.7,6.0,9.0,9.0,582807,2021-05-12 18:45:00,2021
Torino,15.0,2.0,0.0,1.0,2.0,1.0,41.9,14.0,1.0,0.1,0.0,0.0,325.0,377.0,0.9,4.0,17.0,0.2,53.0,34.0,0.6,4.0,6.0,13.0,0.5,16.0,13.0,13.0,AC Milan,16.0,1.0,0.0,2.0,3.0,1.0,58.1,12.0,8.0,0.7,1.0,1.0,471.0,539.0,0.9,2.0,10.0,0.2,49.0,27.0,0.6,1.0,13.0,21.0,0.6,6.0,8.0,8.0,582805,2021-05-12 18:45:00,2021
Sampdoria,9.0,2.0,0.0,1.0,5.0,4.0,61.8,16.0,5.0,0.3,0.0,0.0,508.0,596.0,0.9,4.0,24.0,0.2,54.0,25.0,0.5,5.0,6.0,10.0,0.6,6.0,10.0,10.0,Spezia,17.0,2.0,0.0,2.0,5.0,3.0,38.2,15.0,6.0,0.4,0.0,0.0,283.0,364.0,0.8,7.0,13.0,0.5,67.0,34.0,0.5,2.0,6.0,14.0,0.4,13.0,23.0,23.0,582808,2021-05-12 18:45:00,2021
Lazio,13.0,1.0,0.0,0.0,7.0,4.0,51.6,17.0,5.0,0.3,0.0,0.0,429.0,498.0,0.9,3.0,29.0,0.1,50.0,34.0,0.7,2.0,9.0,14.0,0.6,8.0,10.0,10.0,Parma,14.0,3.0,0.0,0.0,2.0,4.0,48.4,12.0,4.0,0.3,0.0,0.0,406.0,478.0,0.8,0.0,14.0,0.0,77.0,45.0,0.6,2.0,2.0,8.0,0.3,17.0,37.0,37.0,582806,2021-05-12 18:45:00,2021
Crotone,20.0,3.0,0.0,1.0,0.0,3.0,36.7,9.0,4.0,0.4,0.0,0.0,250.0,339.0,0.7,1.0,2.0,0.5,65.0,21.0,0.3,2.0,9.0,15.0,0.6,10.0,20.0,20.0,Hellas Verona,11.0,1.0,0.0,0.0,9.0,2.0,63.3,11.0,3.0,0.3,0.0,0.0,459.0,563.0,0.8,8.0,27.0,0.3,67.0,35.0,0.5,3.0,8.0,12.0,0.7,10.0,1.0,1.0,582803,2021-05-13 18:45:00,2021
Genoa,13.0,1.0,0.0,0.0,2.0,2.0,40.6,10.0,6.0,0.6,1.0,1.0,382.0,455.0,0.8,2.0,11.0,0.2,50.0,15.0,0.3,1.0,14.0,17.0,0.8,15.0,15.0,15.0,Atalanta,8.0,2.0,0.0,1.0,4.0,3.0,59.4,12.0,6.0,0.5,0.0,0.0,587.0,673.0,0.9,4.0,11.0,0.4,40.0,25.0,0.6,3.0,9.0,13.0,0.7,11.0,6.0,6.0,582790,2021-05-15 13:00:00,2021
Spezia,25.0,3.0,0.0,4.0,3.0,2.0,40.2,14.0,8.0,0.6,1.0,1.0,191.0,282.0,0.7,7.0,16.0,0.4,67.0,23.0,0.3,2.0,6.0,15.0,0.4,9.0,28.0,28.0,Torino,17.0,5.0,0.0,2.0,6.0,4.0,59.8,6.0,3.0,0.5,1.0,1.0,330.0,429.0,0.8,7.0,24.0,0.3,75.0,33.0,0.4,1.0,8.0,19.0,0.4,10.0,13.0,13.0,582799,2021-05-15 13:00:00,2021
Juventus,10.0,3.0,1.0,0.0,4.0,2.0,41.3,13.0,6.0,0.5,1.0,2.0,364.0,409.0,0.9,4.0,13.0,0.3,47.0,29.0,0.6,4.0,6.0,12.0,0.5,10.0,10.0,10.0,Internazionale,18.0,3.0,1.0,0.0,3.0,3.0,58.7,8.0,3.0,0.4,1.0,1.0,528.0,580.0,0.9,6.0,17.0,0.4,36.0,25.0,0.7,2.0,6.0,11.0,0.5,7.0,10.0,10.0,582794,2021-05-15 16:00:00,2021
AS Roma,8.0,2.0,0.0,2.0,4.0,4.0,48.0,13.0,2.0,0.2,0.0,0.0,361.0,432.0,0.8,6.0,17.0,0.4,54.0,30.0,0.6,4.0,6.0,13.0,0.5,13.0,13.0,13.0,Lazio,8.0,0.0,1.0,5.0,4.0,0.0,52.0,9.0,4.0,0.4,0.0,0.0,404.0,476.0,0.8,3.0,14.0,0.2,51.0,31.0,0.6,1.0,9.0,12.0,0.8,12.0,16.0,16.0,582795,2021-05-15 18:45:00,2021
Fiorentina,15.0,5.0,1.0,1.0,3.0,5.0,40.5,7.0,3.0,0.4,0.0,0.0,266.0,324.0,0.8,3.0,13.0,0.2,53.0,29.0,0.5,1.0,6.0,11.0,0.5,5.0,14.0,14.0,Napoli,9.0,2.0,0.0,2.0,6.0,3.0,59.5,21.0,6.0,0.3,0.0,1.0,416.0,476.0,0.9,5.0,20.0,0.3,43.0,30.0,0.7,7.0,11.0,17.0,0.6,9.0,5.0,5.0,582796,2021-05-16 10:30:00,2021
Udinese,12.0,3.0,0.0,3.0,6.0,5.0,52.3,9.0,2.0,0.2,0.0,0.0,448.0,517.0,0.9,3.0,21.0,0.1,51.0,27.0,0.5,2.0,3.0,7.0,0.4,11.0,11.0,11.0,Sampdoria,13.0,1.0,0.0,1.0,3.0,2.0,47.7,16.0,6.0,0.4,1.0,1.0,416.0,479.0,0.9,2.0,14.0,0.1,63.0,39.0,0.6,5.0,7.0,18.0,0.4,18.0,19.0,19.0,582797,2021-05-16 13:00:00,2021
Benevento,12.0,2.0,0.0,3.0,8.0,1.0,54.9,21.0,8.0,0.4,0.0,0.0,386.0,452.0,0.9,7.0,27.0,0.3,47.0,23.0,0.5,6.0,8.0,14.0,0.6,10.0,11.0,11.0,Crotone,19.0,2.0,1.0,3.0,4.0,7.0,45.1,5.0,2.0,0.4,0.0,0.0,316.0,376.0,0.8,3.0,14.0,0.2,42.0,25.0,0.6,1.0,6.0,12.0,0.5,5.0,21.0,21.0,582793,2021-05-16 13:00:00,2021
Parma,13.0,1.0,0.0,2.0,2.0,7.0,33.6,16.0,8.0,0.5,0.0,0.0,280.0,340.0,0.8,5.0,15.0,0.3,65.0,43.0,0.7,2.0,12.0,18.0,0.7,10.0,19.0,19.0,Sassuolo,13.0,0.0,0.0,2.0,12.0,7.0,66.4,13.0,9.0,0.7,1.0,1.0,623.0,683.0,0.9,3.0,25.0,0.1,50.0,34.0,0.7,1.0,6.0,10.0,0.6,14.0,10.0,10.0,582798,2021-05-16 16:00:00,2021
AC Milan,8.0,2.0,0.0,1.0,10.0,2.0,61.8,21.0,2.0,0.1,0.0,0.0,505.0,583.0,0.9,6.0,33.0,0.2,39.0,23.0,0.6,6.0,8.0,13.0,0.6,7.0,23.0,23.0,Cagliari,8.0,2.0,0.0,0.0,7.0,2.0,38.2,7.0,2.0,0.3,0.0,0.0,283.0,358.0,0.8,5.0,22.0,0.2,53.0,34.0,0.6,1.0,7.0,13.0,0.5,19.0,39.0,39.0,582792,2021-05-16 18:45:00,2021
Hellas Verona,19.0,3.0,0.0,3.0,4.0,3.0,50.9,12.0,2.0,0.2,0.0,0.0,342.0,431.0,0.8,6.0,15.0,0.4,60.0,31.0,0.5,3.0,8.0,11.0,0.7,7.0,11.0,11.0,Bologna,17.0,3.0,0.0,1.0,4.0,0.0,49.1,13.0,5.0,0.4,0.0,0.0,328.0,413.0,0.8,4.0,15.0,0.3,43.0,21.0,0.5,2.0,5.0,7.0,0.7,12.0,14.0,14.0,582791,2021-05-17 18:45:00,2021
Lazio,10.0,4.0,0.0,4.0,4.0,3.0,71.1,22.0,7.0,0.3,0.0,1.0,536.0,629.0,0.9,11.0,40.0,0.3,66.0,43.0,0.7,5.0,5.0,9.0,0.6,5.0,5.0,5.0,Torino,13.0,0.0,0.0,0.0,0.0,7.0,28.9,6.0,3.0,0.5,0.0,0.0,153.0,263.0,0.6,1.0,6.0,0.2,88.0,31.0,0.4,0.0,9.0,17.0,0.5,8.0,32.0,32.0,582918,2021-05-18 18:30:00,2021
Crotone,11.0,2.0,0.0,3.0,7.0,1.0,54.4,13.0,3.0,0.2,0.0,0.0,470.0,532.0,0.9,6.0,20.0,0.3,51.0,28.0,0.5,2.0,11.0,16.0,0.7,13.0,14.0,14.0,Fiorentina,10.0,2.0,0.0,1.0,5.0,3.0,45.6,9.0,2.0,0.2,0.0,0.0,380.0,448.0,0.8,4.0,17.0,0.2,49.0,28.0,0.6,3.0,9.0,20.0,0.5,3.0,20.0,20.0,582781,2021-05-22 18:45:00,2021
Cagliari,9.0,1.0,0.0,0.0,8.0,4.0,51.3,16.0,5.0,0.3,0.0,0.0,447.0,519.0,0.9,6.0,23.0,0.3,41.0,25.0,0.6,4.0,7.0,16.0,0.4,2.0,9.0,9.0,Genoa,13.0,2.0,1.0,2.0,4.0,4.0,48.7,11.0,5.0,0.5,0.0,0.0,439.0,497.0,0.9,5.0,15.0,0.3,53.0,33.0,0.6,2.0,7.0,14.0,0.5,12.0,21.0,21.0,582782,2021-05-22 18:45:00,2021
Sampdoria,0.0,0.0,0.0,0.0,0.0,0.0,0.0,0.0,0.0,0.0,0.0,0.0,0.0,0.0,0.0,0.0,0.0,0.0,0.0,0.0,0.0,0.0,0.0,0.0,0.0,0.0,0.0,0.0,Parma,0.0,0.0,0.0,0.0,0.0,0.0,0.0,0.0,0.0,0.0,0.0,0.0,0.0,0.0,0.0,0.0,0.0,0.0,0.0,0.0,0.0,0.0,0.0,0.0,0.0,0.0,0.0,0.0,582787,2021-05-22 18:45:00,2021
Internazionale,13.0,1.0,0.0,0.0,4.0,1.0,47.9,15.0,7.0,0.5,1.0,1.0,363.0,415.0,0.9,2.0,13.0,0.2,42.0,30.0,0.7,3.0,9.0,13.0,0.7,7.0,11.0,11.0,Udinese,16.0,0.0,0.0,1.0,2.0,2.0,52.1,8.0,2.0,0.3,1.0,1.0,404.0,451.0,0.9,2.0,13.0,0.2,37.0,26.0,0.7,1.0,5.0,12.0,0.4,11.0,8.0,8.0,582789,2021-05-23 13:00:00,2021
Torino,0.0,0.0,0.0,0.0,0.0,0.0,0.0,0.0,0.0,0.0,0.0,0.0,0.0,0.0,0.0,0.0,0.0,0.0,0.0,0.0,0.0,0.0,0.0,0.0,0.0,0.0,0.0,0.0,Benevento,0.0,0.0,0.0,0.0,0.0,0.0,0.0,0.0,0.0,0.0,0.0,0.0,0.0,0.0,0.0,0.0,0.0,0.0,0.0,0.0,0.0,0.0,0.0,0.0,0.0,0.0,0.0,0.0,582780,2021-05-23 18:45:00,2021
Napoli,13.0,3.0,0.0,1.0,5.0,2.0,55.5,16.0,2.0,0.1,0.0,0.0,391.0,477.0,0.8,5.0,16.0,0.3,32.0,16.0,0.5,6.0,11.0,19.0,0.6,9.0,10.0,10.0,Hellas Verona,25.0,4.0,0.0,6.0,3.0,1.0,44.5,8.0,3.0,0.4,0.0,0.0,324.0,390.0,0.8,0.0,12.0,0.0,55.0,24.0,0.4,2.0,3.0,10.0,0.3,15.0,17.0,17.0,582783,2021-05-23 18:45:00,2021
Sassuolo,12.0,0.0,1.0,2.0,3.0,2.0,56.5,10.0,4.0,0.4,1.0,1.0,512.0,592.0,0.9,0.0,9.0,0.0,33.0,13.0,0.4,2.0,13.0,22.0,0.6,6.0,17.0,17.0,Lazio,15.0,1.0,0.0,3.0,3.0,2.0,43.5,9.0,2.0,0.2,0.0,0.0,387.0,440.0,0.9,7.0,22.0,0.3,44.0,27.0,0.6,1.0,6.0,13.0,0.5,16.0,16.0,16.0,582785,2021-05-23 18:45:00,2021
Atalanta,17.0,3.0,1.0,1.0,3.0,0.0,70.2,13.0,1.0,0.1,0.0,0.0,554.0,629.0,0.9,4.0,19.0,0.2,49.0,32.0,0.7,3.0,7.0,21.0,0.3,9.0,3.0,3.0,AC Milan,11.0,2.0,0.0,0.0,0.0,1.0,29.8,6.0,2.0,0.3,2.0,2.0,193.0,271.0,0.7,1.0,4.0,0.3,68.0,25.0,0.4,2.0,15.0,27.0,0.6,7.0,24.0,24.0,582786,2021-05-23 18:45:00,2021
Spezia,13.0,0.0,0.0,5.0,5.0,8.0,43.0,17.0,8.0,0.5,0.0,0.0,366.0,447.0,0.8,3.0,13.0,0.2,61.0,33.0,0.5,2.0,12.0,14.0,0.9,11.0,15.0,15.0,AS Roma,14.0,1.0,0.0,2.0,2.0,6.0,57.0,14.0,10.0,0.7,0.0,0.0,509.0,594.0,0.9,6.0,15.0,0.4,64.0,34.0,0.5,2.0,8.0,13.0,0.6,14.0,17.0,17.0,582788,2021-05-23 18:45:00,2021
Bologna,7.0,1.0,0.0,3.0,4.0,5.0,49.8,20.0,5.0,0.3,0.0,0.0,416.0,482.0,0.9,4.0,16.0,0.3,32.0,20.0,0.6,5.0,10.0,16.0,0.6,10.0,10.0,10.0,Juventus,16.0,2.0,0.0,1.0,0.0,4.0,50.2,21.0,9.0,0.4,0.0,0.0,432.0,495.0,0.9,2.0,7.0,0.3,49.0,25.0,0.5,5.0,3.0,5.0,0.6,6.0,11.0,11.0,582784,2021-05-23 18:45:00,2021
Internazionale,18.0,1.0,0.0,2.0,8.0,4.0,60.0,16.0,8.0,0.5,0.0,0.0,539.0,592.0,0.9,8.0,25.0,0.3,45.0,39.0,0.9,3.0,10.0,18.0,0.6,5.0,13.0,13.0,Genoa,7.0,2.0,0.0,2.0,2.0,4.0,40.0,10.0,4.0,0.4,0.0,0.0,348.0,399.0,0.9,1.0,11.0,0.1,39.0,20.0,0.5,2.0,10.0,13.0,0.8,15.0,22.0,22.0,614918,2021-08-21 16:30:00,2021
Hellas Verona,11.0,1.0,1.0,0.0,7.0,4.0,38.9,15.0,4.0,0.3,1.0,1.0,257.0,312.0,0.8,9.0,26.0,0.3,49.0,30.0,0.6,3.0,9.0,12.0,0.8,7.0,8.0,8.0,Sassuolo,12.0,2.0,0.0,1.0,4.0,2.0,61.1,18.0,7.0,0.4,0.0,0.0,465.0,525.0,0.9,1.0,5.0,0.2,45.0,27.0,0.6,5.0,3.0,7.0,0.4,5.0,15.0,15.0,614923,2021-08-21 16:30:00,2021
Empoli,13.0,2.0,0.0,2.0,6.0,1.0,44.9,16.0,4.0,0.3,0.0,0.0,372.0,451.0,0.8,4.0,20.0,0.2,48.0,29.0,0.6,5.0,13.0,23.0,0.6,12.0,14.0,14.0,Lazio,10.0,1.0,0.0,0.0,3.0,2.0,55.1,8.0,4.0,0.5,1.0,1.0,491.0,567.0,0.9,4.0,11.0,0.4,56.0,42.0,0.8,1.0,14.0,26.0,0.5,15.0,16.0,16.0,614920,2021-08-21 18:45:00,2021
Torino,17.0,2.0,0.0,0.0,5.0,0.0,48.2,21.0,8.0,0.4,0.0,0.0,279.0,380.0,0.7,5.0,16.0,0.3,72.0,23.0,0.3,8.0,7.0,14.0,0.5,13.0,9.0,9.0,Atalanta,13.0,2.0,0.0,0.0,1.0,6.0,51.8,7.0,2.0,0.3,0.0,0.0,298.0,418.0,0.7,2.0,4.0,0.5,68.0,30.0,0.4,4.0,12.0,17.0,0.7,8.0,22.0,22.0,614916,2021-08-21 18:45:00,2021
Bologna,13.0,2.0,2.0,0.0,9.0,2.0,72.6,18.0,7.0,0.4,0.0,0.0,459.0,549.0,0.8,5.0,18.0,0.3,37.0,23.0,0.6,8.0,7.0,12.0,0.6,6.0,20.0,20.0,Salernitana,15.0,1.0,1.0,2.0,4.0,4.0,27.4,10.0,4.0,0.4,1.0,1.0,108.0,196.0,0.6,2.0,16.0,0.1,51.0,12.0,0.2,2.0,9.0,15.0,0.6,7.0,24.0,24.0,614922,2021-08-22 16:30:00,2021
Udinese,13.0,1.0,0.0,2.0,3.0,1.0,43.5,12.0,6.0,0.5,1.0,1.0,334.0,396.0,0.8,3.0,17.0,0.2,35.0,16.0,0.5,2.0,6.0,11.0,0.5,8.0,6.0,6.0,Juventus,14.0,3.0,0.0,3.0,3.0,4.0,56.5,10.0,3.0,0.3,0.0,0.0,452.0,524.0,0.9,3.0,8.0,0.4,56.0,35.0,0.6,0.0,7.0,12.0,0.6,13.0,13.0,13.0,614919,2021-08-22 16:30:00,2021
Napoli,5.0,1.0,1.0,3.0,2.0,4.0,56.4,13.0,4.0,0.3,1.0,2.0,499.0,560.0,0.9,1.0,7.0,0.1,34.0,21.0,0.6,5.0,9.0,13.0,0.7,12.0,8.0,8.0,Venezia,22.0,7.0,0.0,1.0,2.0,2.0,43.6,8.0,4.0,0.5,0.0,0.0,379.0,424.0,0.9,4.0,17.0,0.2,33.0,20.0,0.6,0.0,7.0,10.0,0.7,10.0,6.0,6.0,614925,2021-08-22 18:45:00,2021
AS Roma,12.0,1.0,1.0,4.0,4.0,7.0,41.7,11.0,6.0,0.5,0.0,0.0,301.0,365.0,0.8,6.0,11.0,0.5,59.0,31.0,0.5,0.0,10.0,13.0,0.8,11.0,16.0,16.0,Fiorentina,15.0,2.0,1.0,2.0,4.0,3.0,58.3,11.0,8.0,0.7,0.0,0.0,460.0,515.0,0.9,5.0,14.0,0.4,50.0,40.0,0.8,1.0,5.0,12.0,0.4,13.0,5.0,5.0,614917,2021-08-22 18:45:00,2021
Cagliari,17.0,2.0,0.0,1.0,11.0,2.0,58.5,20.0,9.0,0.5,1.0,1.0,380.0,476.0,0.8,7.0,25.0,0.3,57.0,29.0,0.5,5.0,8.0,12.0,0.7,11.0,19.0,19.0,Spezia,15.0,3.0,0.0,4.0,4.0,6.0,41.5,12.0,4.0,0.3,0.0,0.0,259.0,338.0,0.8,2.0,13.0,0.2,52.0,18.0,0.3,3.0,5.0,15.0,0.3,10.0,26.0,26.0,614924,2021-08-23 16:30:00,2021
Sampdoria,17.0,3.0,0.0,3.0,8.0,3.0,49.9,16.0,3.0,0.2,0.0,0.0,309.0,395.0,0.8,6.0,21.0,0.3,55.0,23.0,0.4,6.0,13.0,18.0,0.7,7.0,13.0,13.0,AC Milan,15.0,1.0,0.0,3.0,4.0,3.0,50.1,11.0,4.0,0.4,0.0,0.0,327.0,409.0,0.8,2.0,14.0,0.1,56.0,24.0,0.4,2.0,12.0,16.0,0.8,9.0,14.0,14.0,614921,2021-08-23 18:45:00,2021
Udinese,11.0,2.0,0.0,4.0,7.0,3.0,44.4,21.0,10.0,0.5,0.0,0.0,336.0,426.0,0.8,7.0,15.0,0.5,53.0,22.0,0.4,9.0,7.0,15.0,0.5,13.0,17.0,17.0,Venezia,8.0,3.0,0.0,2.0,2.0,7.0,55.6,11.0,3.0,0.3,0.0,0.0,447.0,529.0,0.8,4.0,17.0,0.2,60.0,36.0,0.6,2.0,9.0,17.0,0.5,9.0,7.0,7.0,614915,2021-08-27 16:30:00,2021
Hellas Verona,13.0,2.0,0.0,1.0,6.0,4.0,43.1,8.0,1.0,0.1,0.0,0.0,258.0,341.0,0.8,6.0,13.0,0.5,52.0,20.0,0.4,2.0,5.0,9.0,0.6,14.0,18.0,18.0,Internazionale,12.0,2.0,0.0,0.0,4.0,0.0,56.9,15.0,7.0,0.5,0.0,0.0,355.0,446.0,0.8,8.0,21.0,0.4,59.0,24.0,0.4,3.0,13.0,26.0,0.5,10.0,4.0,4.0,614909,2021-08-27 18:45:00,2021
Atalanta,11.0,2.0,0.0,2.0,5.0,1.0,59.3,22.0,3.0,0.1,0.0,0.0,443.0,546.0,0.8,4.0,20.0,0.2,53.0,34.0,0.6,10.0,5.0,12.0,0.4,9.0,11.0,11.0,Bologna,14.0,5.0,0.0,0.0,5.0,3.0,40.7,4.0,1.0,0.3,0.0,0.0,260.0,373.0,0.7,3.0,14.0,0.2,70.0,23.0,0.3,1.0,12.0,21.0,0.6,14.0,25.0,25.0,614906,2021-08-28 16:30:00,2021
Lazio,12.0,0.0,0.0,1.0,4.0,1.0,61.4,18.0,10.0,0.6,0.0,1.0,632.0,695.0,0.9,3.0,9.0,0.3,45.0,20.0,0.4,5.0,10.0,12.0,0.8,7.0,6.0,6.0,Spezia,9.0,2.0,1.0,0.0,2.0,4.0,38.6,5.0,2.0,0.4,0.0,0.0,350.0,429.0,0.8,0.0,9.0,0.0,44.0,21.0,0.5,1.0,2.0,5.0,0.4,6.0,8.0,8.0,614913,2021-08-28 16:30:00,2021
Fiorentina,13.0,4.0,0.0,3.0,3.0,0.0,57.6,9.0,6.0,0.7,0.0,0.0,338.0,416.0,0.8,4.0,19.0,0.2,78.0,50.0,0.6,1.0,9.0,12.0,0.8,6.0,14.0,14.0,Torino,28.0,5.0,0.0,2.0,3.0,4.0,42.4,5.0,1.0,0.2,0.0,0.0,220.0,306.0,0.7,4.0,11.0,0.4,62.0,21.0,0.3,2.0,4.0,10.0,0.4,13.0,13.0,13.0,614914,2021-08-28 18:45:00,2021
Juventus,10.0,2.0,0.0,1.0,8.0,3.0,55.2,18.0,5.0,0.3,0.0,0.0,346.0,412.0,0.8,6.0,37.0,0.2,75.0,47.0,0.6,4.0,7.0,14.0,0.5,11.0,25.0,25.0,Empoli,6.0,3.0,0.0,3.0,9.0,5.0,44.8,11.0,3.0,0.3,0.0,0.0,259.0,342.0,0.8,4.0,20.0,0.2,56.0,27.0,0.5,5.0,11.0,17.0,0.6,5.0,26.0,26.0,614908,2021-08-28 18:45:00,2021
Sassuolo,8.0,2.0,0.0,0.0,8.0,2.0,63.1,19.0,5.0,0.3,0.0,0.0,489.0,582.0,0.8,4.0,15.0,0.3,59.0,30.0,0.5,4.0,6.0,10.0,0.6,9.0,16.0,16.0,Sampdoria,14.0,2.0,0.0,3.0,6.0,5.0,36.9,11.0,2.0,0.2,0.0,0.0,236.0,329.0,0.7,3.0,21.0,0.1,52.0,22.0,0.4,3.0,17.0,21.0,0.8,13.0,16.0,16.0,614912,2021-08-29 16:30:00,2021
Genoa,17.0,2.0,0.0,3.0,4.0,6.0,38.9,6.0,3.0,0.5,0.0,0.0,280.0,358.0,0.8,4.0,15.0,0.3,46.0,21.0,0.5,1.0,9.0,18.0,0.5,19.0,11.0,11.0,Napoli,15.0,3.0,0.0,2.0,5.0,2.0,61.1,13.0,8.0,0.6,0.0,0.0,498.0,581.0,0.9,2.0,13.0,0.2,48.0,31.0,0.6,2.0,13.0,23.0,0.6,13.0,11.0,11.0,614910,2021-08-29 16:30:00,2021
AC Milan,13.0,1.0,0.0,1.0,8.0,1.0,57.0,18.0,5.0,0.3,1.0,1.0,464.0,517.0,0.9,7.0,22.0,0.3,46.0,29.0,0.6,8.0,4.0,6.0,0.7,6.0,11.0,11.0,Cagliari,11.0,5.0,0.0,0.0,3.0,1.0,43.0,7.0,2.0,0.3,0.0,0.0,337.0,392.0,0.9,5.0,14.0,0.4,40.0,25.0,0.6,2.0,6.0,12.0,0.5,4.0,12.0,12.0,614907,2021-08-29 18:45:00,2021
Salernitana,12.0,2.0,0.0,2.0,1.0,5.0,19.7,5.0,0.0,0.0,0.0,0.0,89.0,172.0,0.5,3.0,10.0,0.3,46.0,12.0,0.3,1.0,6.0,13.0,0.5,11.0,28.0,28.0,AS Roma,11.0,2.0,0.0,3.0,10.0,0.0,80.3,28.0,9.0,0.3,0.0,0.0,637.0,714.0,0.9,8.0,27.0,0.3,57.0,35.0,0.6,11.0,4.0,6.0,0.7,8.0,11.0,11.0,614911,2021-08-29 18:45:00,2021
Empoli,12.0,2.0,0.0,3.0,8.0,1.0,68.0,22.0,6.0,0.3,1.0,1.0,449.0,532.0,0.8,7.0,36.0,0.2,70.0,33.0,0.5,8.0,11.0,16.0,0.7,9.0,9.0,9.0,Venezia,21.0,5.0,0.0,1.0,2.0,5.0,32.0,10.0,3.0,0.3,0.0,0.0,185.0,256.0,0.7,3.0,9.0,0.3,63.0,26.0,0.4,1.0,14.0,19.0,0.7,7.0,35.0,35.0,614905,2021-09-11 13:00:00,2021
Napoli,14.0,2.0,0.0,1.0,13.0,3.0,67.2,25.0,6.0,0.2,0.0,0.0,572.0,627.0,0.9,7.0,28.0,0.3,40.0,29.0,0.7,10.0,9.0,18.0,0.5,3.0,7.0,7.0,Juventus,16.0,1.0,0.0,3.0,1.0,5.0,32.8,8.0,4.0,0.5,0.0,0.0,254.0,312.0,0.8,1.0,6.0,0.2,42.0,23.0,0.5,0.0,8.0,11.0,0.7,4.0,26.0,26.0,614900,2021-09-11 16:00:00,2021
Atalanta,13.0,4.0,0.0,2.0,10.0,0.0,54.6,13.0,5.0,0.4,1.0,1.0,422.0,492.0,0.9,11.0,29.0,0.4,42.0,26.0,0.6,1.0,6.0,11.0,0.5,8.0,8.0,8.0,Fiorentina,19.0,4.0,0.0,1.0,3.0,4.0,45.4,7.0,2.0,0.3,2.0,2.0,354.0,425.0,0.8,0.0,9.0,0.0,72.0,43.0,0.6,3.0,11.0,18.0,0.6,6.0,28.0,28.0,614896,2021-09-11 18:45:00,2021
Sampdoria,12.0,4.0,0.0,2.0,4.0,1.0,51.9,14.0,3.0,0.2,0.0,0.0,330.0,398.0,0.8,6.0,27.0,0.2,47.0,22.0,0.5,5.0,4.0,12.0,0.3,11.0,14.0,14.0,Internazionale,13.0,4.0,0.0,1.0,4.0,0.0,48.1,8.0,3.0,0.4,0.0,0.0,300.0,386.0,0.8,2.0,8.0,0.3,51.0,28.0,0.5,1.0,7.0,9.0,0.8,10.0,19.0,19.0,614899,2021-09-12 10:30:00,2021
Torino,10.0,0.0,0.0,1.0,7.0,2.0,59.8,15.0,7.0,0.5,0.0,0.0,410.0,493.0,0.8,11.0,27.0,0.4,63.0,32.0,0.5,3.0,7.0,10.0,0.7,14.0,17.0,17.0,Salernitana,11.0,2.0,0.0,1.0,4.0,3.0,40.2,8.0,2.0,0.3,0.0,0.0,239.0,328.0,0.7,6.0,20.0,0.3,55.0,15.0,0.3,3.0,7.0,9.0,0.8,10.0,17.0,17.0,614902,2021-09-12 13:00:00,2021
Spezia,12.0,1.0,0.0,1.0,4.0,3.0,56.1,19.0,6.0,0.3,0.0,0.0,394.0,461.0,0.9,5.0,21.0,0.2,51.0,32.0,0.6,6.0,13.0,24.0,0.5,3.0,21.0,21.0,Udinese,14.0,2.0,0.0,2.0,5.0,5.0,43.9,9.0,4.0,0.4,0.0,0.0,310.0,369.0,0.8,2.0,12.0,0.2,56.0,26.0,0.5,1.0,11.0,14.0,0.8,10.0,13.0,13.0,614904,2021-09-12 13:00:00,2021
Cagliari,15.0,2.0,0.0,1.0,2.0,0.0,52.1,9.0,3.0,0.3,1.0,1.0,400.0,490.0,0.8,4.0,12.0,0.3,50.0,21.0,0.4,2.0,11.0,20.0,0.6,4.0,17.0,17.0,Genoa,15.0,3.0,0.0,2.0,6.0,1.0,47.9,11.0,3.0,0.3,0.0,0.0,369.0,439.0,0.8,6.0,24.0,0.3,49.0,28.0,0.6,4.0,7.0,15.0,0.5,6.0,11.0,11.0,614897,2021-09-12 13:00:00,2021
AC Milan,10.0,1.0,0.0,4.0,5.0,5.0,46.6,19.0,3.0,0.2,0.0,1.0,394.0,459.0,0.9,3.0,18.0,0.2,52.0,30.0,0.6,7.0,10.0,15.0,0.7,17.0,12.0,12.0,Lazio,18.0,4.0,0.0,2.0,1.0,1.0,53.4,8.0,5.0,0.6,0.0,0.0,465.0,541.0,0.9,1.0,9.0,0.1,25.0,13.0,0.5,2.0,9.0,21.0,0.4,10.0,15.0,15.0,614901,2021-09-12 16:00:00,2021
AS Roma,7.0,2.0,0.0,1.0,4.0,6.0,49.4,17.0,6.0,0.4,0.0,0.0,386.0,445.0,0.9,5.0,15.0,0.3,45.0,24.0,0.5,2.0,6.0,8.0,0.8,3.0,19.0,19.0,Sassuolo,11.0,1.0,0.0,6.0,6.0,5.0,50.6,14.0,7.0,0.5,0.0,0.0,403.0,458.0,0.9,2.0,11.0,0.2,42.0,28.0,0.7,1.0,7.0,9.0,0.8,12.0,11.0,11.0,614903,2021-09-12 18:45:00,2021
Bologna,14.0,1.0,0.0,0.0,6.0,0.0,41.8,15.0,3.0,0.2,0.0,0.0,235.0,318.0,0.7,7.0,23.0,0.3,56.0,22.0,0.4,4.0,5.0,11.0,0.5,15.0,13.0,13.0,Hellas Verona,21.0,3.0,0.0,2.0,2.0,2.0,58.2,5.0,0.0,0.0,0.0,0.0,368.0,454.0,0.8,2.0,14.0,0.1,57.0,24.0,0.4,2.0,8.0,17.0,0.5,10.0,17.0,17.0,614898,2021-09-13 18:45:00,2021
Sassuolo,7.0,0.0,0.0,1.0,6.0,3.0,52.6,10.0,2.0,0.2,0.0,0.0,355.0,453.0,0.8,3.0,11.0,0.3,65.0,36.0,0.6,4.0,5.0,8.0,0.6,10.0,12.0,12.0,Torino,19.0,4.0,0.0,4.0,3.0,2.0,47.4,18.0,6.0,0.3,0.0,0.0,326.0,402.0,0.8,3.0,15.0,0.2,49.0,19.0,0.4,1.0,10.0,12.0,0.8,11.0,9.0,9.0,614895,2021-09-17 18:45:00,2021
Genoa,13.0,4.0,0.0,3.0,1.0,3.0,35.3,9.0,3.0,0.3,1.0,1.0,254.0,322.0,0.8,4.0,8.0,0.5,43.0,19.0,0.4,3.0,9.0,14.0,0.6,12.0,31.0,31.0,Fiorentina,16.0,4.0,0.0,1.0,11.0,2.0,64.7,16.0,5.0,0.3,0.0,0.0,516.0,584.0,0.9,5.0,27.0,0.2,73.0,52.0,0.7,5.0,13.0,20.0,0.7,4.0,7.0,7.0,614889,2021-09-18 13:00:00,2021
Internazionale,10.0,0.0,0.0,2.0,5.0,1.0,45.2,19.0,11.0,0.6,0.0,0.0,392.0,430.0,0.9,2.0,12.0,0.2,39.0,26.0,0.7,3.0,8.0,12.0,0.7,10.0,18.0,18.0,Bologna,10.0,3.0,0.0,0.0,1.0,5.0,54.8,7.0,2.0,0.3,0.0,0.0,463.0,524.0,0.9,5.0,17.0,0.3,40.0,25.0,0.6,0.0,7.0,14.0,0.5,5.0,12.0,12.0,614887,2021-09-18 16:00:00,2021
Salernitana,21.0,4.0,0.0,2.0,6.0,2.0,41.7,10.0,1.0,0.1,0.0,0.0,281.0,371.0,0.8,5.0,17.0,0.3,32.0,13.0,0.4,2.0,12.0,13.0,0.9,8.0,14.0,14.0,Atalanta,13.0,4.0,0.0,1.0,4.0,1.0,58.3,10.0,3.0,0.3,0.0,0.0,449.0,531.0,0.8,1.0,14.0,0.1,58.0,27.0,0.5,4.0,7.0,12.0,0.6,13.0,21.0,21.0,614886,2021-09-18 18:45:00,2021
Empoli,10.0,2.0,0.0,7.0,8.0,4.0,53.5,15.0,4.0,0.3,0.0,0.0,312.0,398.0,0.8,5.0,34.0,0.1,51.0,25.0,0.5,6.0,6.0,10.0,0.6,9.0,11.0,11.0,Sampdoria,10.0,2.0,0.0,4.0,8.0,4.0,46.5,14.0,7.0,0.5,0.0,0.0,267.0,360.0,0.7,3.0,15.0,0.2,75.0,40.0,0.5,2.0,8.0,18.0,0.4,11.0,28.0,28.0,614893,2021-09-19 10:30:00,2021
Venezia,13.0,4.0,0.0,0.0,3.0,1.0,44.5,14.0,3.0,0.2,0.0,0.0,285.0,365.0,0.8,2.0,22.0,0.1,68.0,30.0,0.4,5.0,11.0,17.0,0.6,11.0,20.0,20.0,Spezia,10.0,1.0,0.0,0.0,10.0,2.0,55.5,12.0,3.0,0.3,0.0,0.0,356.0,462.0,0.8,6.0,23.0,0.3,67.0,24.0,0.4,3.0,8.0,18.0,0.4,10.0,26.0,26.0,614894,2021-09-19 13:00:00,2021
Lazio,3.0,1.0,0.0,1.0,10.0,1.0,73.3,28.0,10.0,0.4,0.0,0.0,606.0,686.0,0.9,8.0,34.0,0.2,39.0,25.0,0.6,10.0,7.0,11.0,0.6,7.0,2.0,2.0,Cagliari,11.0,1.0,1.0,4.0,1.0,8.0,26.7,10.0,3.0,0.3,0.0,0.0,167.0,256.0,0.7,3.0,6.0,0.5,71.0,26.0,0.4,3.0,8.0,16.0,0.5,19.0,34.0,34.0,614888,2021-09-19 16:00:00,2021
Hellas Verona,14.0,4.0,0.0,3.0,3.0,1.0,52.4,10.0,6.0,0.6,0.0,0.0,342.0,440.0,0.8,0.0,7.0,0.0,53.0,13.0,0.2,1.0,3.0,7.0,0.4,10.0,23.0,23.0,AS Roma,13.0,2.0,0.0,2.0,8.0,4.0,47.6,15.0,2.0,0.1,0.0,0.0,269.0,385.0,0.7,5.0,19.0,0.3,66.0,27.0,0.4,8.0,15.0,19.0,0.8,9.0,11.0,11.0,614892,2021-09-19 16:00:00,2021
Juventus,13.0,1.0,0.0,3.0,4.0,2.0,44.3,9.0,4.0,0.4,0.0,0.0,327.0,392.0,0.8,5.0,9.0,0.6,72.0,54.0,0.8,0.0,9.0,21.0,0.4,7.0,12.0,12.0,AC Milan,16.0,1.0,0.0,0.0,4.0,3.0,55.7,13.0,3.0,0.2,0.0,0.0,436.0,486.0,0.9,6.0,23.0,0.3,46.0,32.0,0.7,4.0,10.0,14.0,0.7,9.0,10.0,10.0,614890,2021-09-19 18:45:00,2021
Udinese,10.0,2.0,0.0,3.0,2.0,4.0,37.5,9.0,1.0,0.1,0.0,0.0,338.0,384.0,0.9,1.0,11.0,0.1,34.0,18.0,0.5,3.0,2.0,3.0,0.7,8.0,14.0,14.0,Napoli,11.0,1.0,0.0,3.0,5.0,1.0,62.5,18.0,8.0,0.4,0.0,0.0,587.0,642.0,0.9,5.0,12.0,0.4,52.0,36.0,0.7,3.0,5.0,8.0,0.6,6.0,12.0,12.0,614891,2021-09-20 18:45:00,2021
Bologna,14.0,3.0,0.0,0.0,8.0,4.0,60.0,17.0,6.0,0.4,1.0,1.0,445.0,535.0,0.8,4.0,15.0,0.3,43.0,23.0,0.5,6.0,8.0,14.0,0.6,5.0,13.0,13.0,Genoa,15.0,4.0,0.0,2.0,2.0,3.0,40.0,11.0,6.0,0.5,1.0,1.0,267.0,350.0,0.8,4.0,15.0,0.3,54.0,17.0,0.3,1.0,8.0,14.0,0.6,7.0,16.0,16.0,614877,2021-09-21 16:30:00,2021
Fiorentina,11.0,0.0,1.0,1.0,4.0,2.0,53.0,14.0,6.0,0.4,0.0,0.0,434.0,497.0,0.9,3.0,15.0,0.2,57.0,30.0,0.5,3.0,4.0,6.0,0.7,13.0,10.0,10.0,Internazionale,15.0,3.0,0.0,1.0,8.0,5.0,47.0,17.0,5.0,0.3,0.0,0.0,366.0,429.0,0.9,8.0,18.0,0.4,35.0,21.0,0.6,5.0,6.0,9.0,0.7,5.0,14.0,14.0,614879,2021-09-21 18:45:00,2021
Atalanta,16.0,2.0,0.0,2.0,5.0,0.0,47.8,14.0,5.0,0.4,0.0,0.0,369.0,451.0,0.8,7.0,18.0,0.4,54.0,29.0,0.5,1.0,10.0,21.0,0.5,9.0,17.0,17.0,Sassuolo,16.0,2.0,0.0,0.0,5.0,3.0,52.2,8.0,1.0,0.1,0.0,0.0,400.0,498.0,0.8,2.0,18.0,0.1,60.0,35.0,0.6,3.0,15.0,21.0,0.7,8.0,9.0,9.0,614883,2021-09-21 18:45:00,2021
Salernitana,13.0,2.0,0.0,0.0,4.0,3.0,49.6,15.0,4.0,0.3,0.0,0.0,287.0,369.0,0.8,7.0,29.0,0.2,54.0,28.0,0.5,4.0,11.0,18.0,0.6,15.0,17.0,17.0,Hellas Verona,17.0,3.0,0.0,1.0,5.0,2.0,50.4,10.0,5.0,0.5,0.0,0.0,293.0,384.0,0.8,2.0,15.0,0.1,64.0,24.0,0.4,2.0,14.0,25.0,0.6,9.0,28.0,28.0,614878,2021-09-22 16:30:00,2021
Spezia,14.0,2.0,0.0,0.0,5.0,6.0,39.8,10.0,5.0,0.5,0.0,0.0,272.0,346.0,0.8,5.0,11.0,0.5,53.0,24.0,0.5,2.0,10.0,19.0,0.5,4.0,26.0,26.0,Juventus,10.0,1.0,0.0,0.0,15.0,2.0,60.2,26.0,9.0,0.3,0.0,0.0,439.0,514.0,0.9,11.0,29.0,0.4,70.0,52.0,0.7,9.0,18.0,23.0,0.8,6.0,9.0,9.0,614880,2021-09-22 16:30:00,2021
Cagliari,15.0,2.0,0.0,1.0,7.0,3.0,50.4,15.0,1.0,0.1,0.0,0.0,339.0,434.0,0.8,7.0,28.0,0.3,69.0,34.0,0.5,7.0,7.0,10.0,0.7,9.0,16.0,16.0,Empoli,13.0,1.0,0.0,4.0,4.0,1.0,49.6,17.0,5.0,0.3,0.0,0.0,353.0,438.0,0.8,3.0,19.0,0.2,44.0,16.0,0.4,5.0,7.0,12.0,0.6,9.0,24.0,24.0,614876,2021-09-22 18:45:00,2021
AC Milan,12.0,0.0,0.0,1.0,4.0,2.0,67.0,14.0,4.0,0.3,0.0,0.0,559.0,637.0,0.9,8.0,18.0,0.4,47.0,31.0,0.7,3.0,14.0,22.0,0.6,9.0,7.0,7.0,Venezia,13.0,2.0,0.0,1.0,5.0,2.0,33.0,8.0,2.0,0.3,0.0,0.0,237.0,314.0,0.8,2.0,9.0,0.2,51.0,25.0,0.5,0.0,10.0,17.0,0.6,17.0,19.0,19.0,614885,2021-09-22 18:45:00,2021
Sampdoria,10.0,2.0,0.0,2.0,5.0,5.0,47.5,13.0,5.0,0.4,0.0,0.0,387.0,456.0,0.8,2.0,24.0,0.1,52.0,28.0,0.5,5.0,8.0,13.0,0.6,9.0,9.0,9.0,Napoli,7.0,1.0,0.0,1.0,5.0,5.0,52.5,17.0,9.0,0.5,0.0,0.0,455.0,514.0,0.9,3.0,15.0,0.2,53.0,37.0,0.7,4.0,8.0,14.0,0.6,11.0,22.0,22.0,614882,2021-09-23 16:30:00,2021
Torino,19.0,3.0,0.0,3.0,6.0,1.0,45.5,16.0,5.0,0.3,0.0,0.0,279.0,370.0,0.8,9.0,22.0,0.4,64.0,23.0,0.4,5.0,8.0,14.0,0.6,15.0,18.0,18.0,Lazio,9.0,3.0,0.0,3.0,5.0,4.0,54.5,6.0,2.0,0.3,1.0,1.0,353.0,453.0,0.8,0.0,11.0,0.0,61.0,29.0,0.5,0.0,12.0,22.0,0.5,10.0,17.0,17.0,614881,2021-09-23 16:30:00,2021
AS Roma,22.0,2.0,1.0,1.0,6.0,2.0,51.5,12.0,2.0,0.2,0.0,0.0,435.0,505.0,0.9,3.0,18.0,0.2,49.0,30.0,0.6,4.0,7.0,19.0,0.4,9.0,17.0,17.0,Udinese,8.0,1.0,0.0,2.0,6.0,1.0,48.5,8.0,3.0,0.4,0.0,0.0,392.0,469.0,0.8,3.0,16.0,0.2,51.0,25.0,0.5,0.0,7.0,16.0,0.4,13.0,21.0,21.0,614884,2021-09-23 18:45:00,2021
Spezia,12.0,2.0,0.0,3.0,2.0,3.0,36.6,8.0,2.0,0.3,0.0,0.0,216.0,285.0,0.8,4.0,13.0,0.3,55.0,24.0,0.4,3.0,8.0,12.0,0.7,9.0,25.0,25.0,AC Milan,12.0,2.0,0.0,3.0,4.0,1.0,63.4,18.0,5.0,0.3,0.0,0.0,422.0,505.0,0.8,7.0,15.0,0.5,52.0,25.0,0.5,2.0,11.0,20.0,0.6,4.0,11.0,11.0,614871,2021-09-25 13:00:00,2021
Internazionale,13.0,3.0,0.0,0.0,4.0,3.0,49.1,19.0,6.0,0.3,0.0,1.0,315.0,403.0,0.8,9.0,19.0,0.5,53.0,29.0,0.5,4.0,2.0,8.0,0.3,6.0,10.0,10.0,Atalanta,11.0,5.0,0.0,1.0,11.0,4.0,50.9,22.0,5.0,0.2,0.0,0.0,330.0,416.0,0.8,9.0,22.0,0.4,57.0,23.0,0.4,6.0,4.0,8.0,0.5,18.0,21.0,21.0,614866,2021-09-25 16:00:00,2021
Genoa,13.0,3.0,0.0,0.0,3.0,4.0,48.8,10.0,3.0,0.3,1.0,1.0,314.0,405.0,0.8,3.0,21.0,0.1,50.0,15.0,0.3,1.0,6.0,10.0,0.6,14.0,17.0,17.0,Hellas Verona,13.0,1.0,0.0,0.0,2.0,0.0,51.2,13.0,7.0,0.5,1.0,1.0,328.0,437.0,0.8,5.0,13.0,0.4,56.0,23.0,0.4,1.0,9.0,12.0,0.8,12.0,23.0,23.0,614870,2021-09-25 18:45:00,2021
Juventus,22.0,4.0,0.0,0.0,4.0,1.0,50.5,16.0,6.0,0.4,1.0,1.0,370.0,463.0,0.8,4.0,11.0,0.4,67.0,35.0,0.5,4.0,5.0,6.0,0.8,12.0,11.0,11.0,Sampdoria,16.0,3.0,0.0,3.0,2.0,3.0,49.5,5.0,3.0,0.6,0.0,0.0,366.0,453.0,0.8,2.0,13.0,0.2,48.0,17.0,0.4,0.0,8.0,15.0,0.5,12.0,13.0,13.0,614874,2021-09-26 10:30:00,2021
Empoli,15.0,2.0,0.0,3.0,2.0,3.0,37.2,15.0,7.0,0.5,1.0,1.0,207.0,273.0,0.8,7.0,16.0,0.4,46.0,20.0,0.4,3.0,5.0,14.0,0.4,11.0,24.0,24.0,Bologna,22.0,2.0,0.0,1.0,10.0,4.0,62.8,20.0,5.0,0.3,0.0,1.0,377.0,456.0,0.8,12.0,26.0,0.5,49.0,32.0,0.7,6.0,6.0,10.0,0.6,6.0,11.0,11.0,614867,2021-09-26 13:00:00,2021
Udinese,14.0,2.0,0.0,0.0,4.0,1.0,45.3,12.0,5.0,0.4,0.0,0.0,404.0,472.0,0.9,2.0,15.0,0.1,46.0,23.0,0.5,3.0,10.0,21.0,0.5,4.0,10.0,10.0,Fiorentina,11.0,3.0,0.0,0.0,1.0,5.0,54.7,8.0,2.0,0.3,1.0,1.0,495.0,573.0,0.9,2.0,12.0,0.2,69.0,43.0,0.6,1.0,11.0,19.0,0.6,5.0,18.0,18.0,614869,2021-09-26 13:00:00,2021
Sassuolo,16.0,3.0,0.0,0.0,4.0,4.0,57.8,17.0,6.0,0.4,0.0,0.0,389.0,463.0,0.8,4.0,16.0,0.3,56.0,34.0,0.6,5.0,4.0,7.0,0.6,17.0,20.0,20.0,Salernitana,16.0,3.0,0.0,6.0,8.0,5.0,42.2,12.0,5.0,0.4,0.0,0.0,255.0,327.0,0.8,8.0,24.0,0.3,55.0,36.0,0.7,4.0,7.0,12.0,0.6,11.0,15.0,15.0,614873,2021-09-26 13:00:00,2021
Lazio,12.0,2.0,0.0,2.0,1.0,6.0,49.0,10.0,4.0,0.4,0.0,0.0,378.0,435.0,0.9,3.0,9.0,0.3,41.0,20.0,0.5,0.0,11.0,19.0,0.6,4.0,27.0,27.0,AS Roma,13.0,4.0,0.0,1.0,9.0,1.0,51.0,20.0,8.0,0.4,1.0,1.0,376.0,441.0,0.9,10.0,25.0,0.4,66.0,36.0,0.5,6.0,13.0,20.0,0.7,11.0,5.0,5.0,614872,2021-09-26 16:00:00,2021
Napoli,12.0,2.0,0.0,1.0,6.0,1.0,68.4,17.0,7.0,0.4,1.0,1.0,688.0,740.0,0.9,1.0,15.0,0.1,35.0,26.0,0.7,2.0,6.0,9.0,0.7,7.0,14.0,14.0,Cagliari,10.0,1.0,0.0,2.0,4.0,5.0,31.6,6.0,1.0,0.2,0.0,0.0,266.0,333.0,0.8,4.0,14.0,0.3,48.0,24.0,0.5,3.0,4.0,13.0,0.3,14.0,16.0,16.0,614868,2021-09-26 18:45:00,2021
Venezia,9.0,1.0,0.0,2.0,4.0,2.0,43.7,7.0,1.0,0.1,1.0,1.0,268.0,360.0,0.7,4.0,16.0,0.3,63.0,27.0,0.4,1.0,11.0,19.0,0.6,5.0,16.0,16.0,Torino,18.0,2.0,1.0,1.0,1.0,0.0,56.3,8.0,3.0,0.4,0.0,0.0,388.0,474.0,0.8,2.0,17.0,0.1,63.0,29.0,0.5,3.0,12.0,21.0,0.6,19.0,20.0,20.0,614875,2021-09-27 18:45:00,2021
Cagliari,15.0,2.0,0.0,2.0,2.0,3.0,42.2,9.0,3.0,0.3,0.0,0.0,297.0,370.0,0.8,1.0,14.0,0.1,69.0,36.0,0.5,2.0,6.0,12.0,0.5,9.0,14.0,14.0,Venezia,19.0,5.0,0.0,2.0,4.0,2.0,57.8,11.0,4.0,0.4,0.0,0.0,416.0,498.0,0.8,3.0,21.0,0.1,57.0,38.0,0.7,2.0,3.0,8.0,0.4,9.0,12.0,12.0,614865,2021-10-01 18:45:00,2021
Salernitana,15.0,2.0,0.0,0.0,9.0,3.0,49.0,10.0,4.0,0.4,0.0,0.0,288.0,368.0,0.8,6.0,27.0,0.2,41.0,28.0,0.7,1.0,10.0,15.0,0.7,8.0,27.0,27.0,Genoa,17.0,2.0,0.0,0.0,8.0,3.0,51.0,18.0,3.0,0.2,0.0,0.0,307.0,383.0,0.8,6.0,23.0,0.3,50.0,21.0,0.4,5.0,8.0,19.0,0.4,11.0,26.0,26.0,614857,2021-10-02 13:00:00,2021
Torino,20.0,3.0,0.0,1.0,4.0,2.0,47.4,13.0,2.0,0.2,0.0,0.0,308.0,399.0,0.8,4.0,19.0,0.2,46.0,12.0,0.3,3.0,14.0,20.0,0.7,15.0,14.0,14.0,Juventus,14.0,1.0,0.0,0.0,6.0,2.0,52.6,10.0,3.0,0.3,0.0,0.0,356.0,450.0,0.8,4.0,11.0,0.4,72.0,41.0,0.6,2.0,3.0,8.0,0.4,7.0,19.0,19.0,614859,2021-10-02 16:00:00,2021
Sassuolo,10.0,4.0,0.0,0.0,6.0,1.0,55.6,12.0,8.0,0.7,1.0,1.0,412.0,492.0,0.8,3.0,16.0,0.2,44.0,19.0,0.4,1.0,4.0,10.0,0.4,9.0,17.0,17.0,Internazionale,19.0,2.0,0.0,3.0,8.0,7.0,44.4,18.0,3.0,0.2,1.0,1.0,315.0,386.0,0.8,6.0,19.0,0.3,41.0,28.0,0.7,7.0,9.0,21.0,0.4,9.0,23.0,23.0,614858,2021-10-02 18:45:00,2021
Bologna,5.0,2.0,0.0,1.0,3.0,4.0,40.7,10.0,3.0,0.3,0.0,0.0,343.0,417.0,0.8,4.0,16.0,0.3,61.0,37.0,0.6,1.0,12.0,21.0,0.6,15.0,22.0,22.0,Lazio,16.0,5.0,1.0,0.0,3.0,0.0,59.3,8.0,4.0,0.5,0.0,0.0,546.0,618.0,0.9,2.0,19.0,0.1,42.0,26.0,0.6,2.0,11.0,14.0,0.8,10.0,7.0,7.0,614860,2021-10-03 10:30:00,2021
Sampdoria,12.0,4.0,0.0,0.0,6.0,4.0,54.4,12.0,3.0,0.3,1.0,1.0,344.0,416.0,0.8,6.0,19.0,0.3,51.0,33.0,0.6,2.0,11.0,20.0,0.6,18.0,14.0,14.0,Udinese,15.0,5.0,0.0,0.0,8.0,1.0,45.6,18.0,7.0,0.4,0.0,0.0,269.0,344.0,0.8,7.0,20.0,0.4,37.0,12.0,0.3,5.0,6.0,17.0,0.4,9.0,27.0,27.0,614864,2021-10-03 13:00:00,2021
Hellas Verona,15.0,1.0,0.0,2.0,1.0,4.0,45.2,6.0,4.0,0.7,0.0,0.0,318.0,404.0,0.8,1.0,3.0,0.3,40.0,13.0,0.3,2.0,10.0,23.0,0.4,8.0,18.0,18.0,Spezia,11.0,1.0,1.0,1.0,5.0,0.0,54.8,12.0,4.0,0.3,0.0,0.0,411.0,480.0,0.9,4.0,17.0,0.2,43.0,23.0,0.5,1.0,12.0,19.0,0.6,12.0,7.0,7.0,614863,2021-10-03 13:00:00,2021
AS Roma,11.0,2.0,0.0,3.0,6.0,3.0,64.1,18.0,7.0,0.4,0.0,0.0,562.0,617.0,0.9,7.0,17.0,0.4,50.0,34.0,0.7,5.0,9.0,11.0,0.8,7.0,16.0,16.0,Empoli,15.0,3.0,0.0,4.0,5.0,4.0,35.9,11.0,3.0,0.3,0.0,0.0,273.0,330.0,0.8,6.0,19.0,0.3,33.0,21.0,0.6,3.0,12.0,17.0,0.7,8.0,16.0,16.0,614856,2021-10-03 16:00:00,2021
Fiorentina,16.0,3.0,0.0,1.0,8.0,4.0,54.1,10.0,3.0,0.3,0.0,0.0,385.0,455.0,0.8,6.0,26.0,0.2,55.0,35.0,0.6,5.0,8.0,15.0,0.5,4.0,5.0,5.0,Napoli,13.0,3.0,0.0,0.0,2.0,2.0,45.9,12.0,6.0,0.5,0.0,1.0,327.0,404.0,0.8,2.0,6.0,0.3,61.0,29.0,0.5,1.0,9.0,13.0,0.7,6.0,20.0,20.0,614862,2021-10-03 16:00:00,2021
Atalanta,13.0,1.0,0.0,2.0,9.0,4.0,56.1,17.0,6.0,0.4,1.0,1.0,379.0,459.0,0.8,5.0,20.0,0.3,44.0,28.0,0.6,8.0,15.0,22.0,0.7,8.0,9.0,9.0,AC Milan,15.0,4.0,0.0,0.0,5.0,3.0,43.9,13.0,7.0,0.5,0.0,0.0,275.0,366.0,0.8,2.0,10.0,0.2,51.0,19.0,0.4,4.0,8.0,16.0,0.5,9.0,20.0,20.0,614861,2021-10-03 18:45:00,2021
Spezia,13.0,2.0,0.0,5.0,10.0,3.0,58.0,18.0,5.0,0.3,0.0,0.0,345.0,443.0,0.8,5.0,26.0,0.2,65.0,38.0,0.6,6.0,10.0,13.0,0.8,7.0,21.0,21.0,Salernitana,15.0,3.0,0.0,2.0,2.0,3.0,42.0,15.0,4.0,0.3,0.0,0.0,226.0,327.0,0.7,2.0,12.0,0.2,62.0,27.0,0.4,9.0,9.0,14.0,0.6,8.0,28.0,28.0,614852,2021-10-16 13:00:00,2021
Lazio,13.0,3.0,1.0,0.0,7.0,3.0,52.1,19.0,8.0,0.4,1.0,1.0,520.0,565.0,0.9,5.0,15.0,0.3,55.0,42.0,0.8,5.0,7.0,11.0,0.6,12.0,23.0,23.0,Internazionale,12.0,6.0,0.0,0.0,3.0,5.0,47.9,12.0,4.0,0.3,1.0,1.0,437.0,503.0,0.9,7.0,25.0,0.3,59.0,38.0,0.6,4.0,9.0,13.0,0.7,9.0,13.0,13.0,614850,2021-10-16 16:00:00,2021
AC Milan,11.0,1.0,0.0,0.0,5.0,3.0,54.6,17.0,4.0,0.2,1.0,1.0,323.0,413.0,0.8,8.0,22.0,0.4,51.0,22.0,0.4,7.0,14.0,27.0,0.5,9.0,11.0,11.0,Hellas Verona,20.0,4.0,0.0,1.0,4.0,2.0,45.4,10.0,5.0,0.5,1.0,1.0,243.0,347.0,0.7,3.0,10.0,0.3,49.0,17.0,0.3,1.0,8.0,17.0,0.5,8.0,24.0,24.0,614849,2021-10-16 18:45:00,2021
Cagliari,14.0,4.0,0.0,2.0,5.0,2.0,40.7,12.0,5.0,0.4,0.0,0.0,210.0,302.0,0.7,2.0,19.0,0.1,74.0,31.0,0.4,2.0,7.0,13.0,0.5,4.0,32.0,32.0,Sampdoria,18.0,2.0,0.0,3.0,9.0,2.0,59.3,17.0,3.0,0.2,0.0,0.0,344.0,433.0,0.8,9.0,32.0,0.3,47.0,32.0,0.7,5.0,4.0,8.0,0.5,6.0,22.0,22.0,614853,2021-10-17 10:30:00,2021
Udinese,15.0,1.0,1.0,1.0,2.0,10.0,40.5,10.0,2.0,0.2,0.0,0.0,270.0,339.0,0.8,3.0,9.0,0.3,40.0,15.0,0.4,3.0,3.0,9.0,0.3,7.0,14.0,14.0,Bologna,11.0,7.0,0.0,0.0,8.0,1.0,59.5,24.0,11.0,0.5,0.0,0.0,436.0,495.0,0.9,4.0,16.0,0.3,44.0,30.0,0.7,5.0,8.0,15.0,0.5,8.0,11.0,11.0,614847,2021-10-17 13:00:00,2021
Genoa,11.0,3.0,0.0,7.0,6.0,3.0,41.9,19.0,4.0,0.2,0.0,0.0,254.0,328.0,0.8,6.0,27.0,0.2,47.0,23.0,0.5,6.0,16.0,22.0,0.7,11.0,7.0,7.0,Sassuolo,18.0,4.0,0.0,3.0,1.0,2.0,58.1,15.0,5.0,0.3,0.0,0.0,409.0,478.0,0.9,1.0,10.0,0.1,45.0,34.0,0.8,2.0,6.0,17.0,0.4,4.0,23.0,23.0,614854,2021-10-17 13:00:00,2021
Empoli,10.0,3.0,0.0,6.0,5.0,4.0,47.7,12.0,6.0,0.5,0.0,0.0,329.0,415.0,0.8,2.0,21.0,0.1,47.0,22.0,0.5,6.0,7.0,15.0,0.5,14.0,18.0,18.0,Atalanta,16.0,2.0,0.0,2.0,4.0,3.0,52.3,22.0,7.0,0.3,0.0,1.0,375.0,465.0,0.8,3.0,10.0,0.3,80.0,47.0,0.6,8.0,5.0,16.0,0.3,15.0,16.0,16.0,614846,2021-10-17 13:00:00,2021
Napoli,6.0,2.0,0.0,2.0,3.0,3.0,50.8,10.0,3.0,0.3,0.0,1.0,297.0,382.0,0.8,1.0,11.0,0.1,41.0,25.0,0.6,1.0,7.0,11.0,0.6,13.0,14.0,14.0,Torino,20.0,4.0,0.0,3.0,5.0,2.0,49.2,11.0,3.0,0.3,0.0,0.0,267.0,361.0,0.7,5.0,16.0,0.3,51.0,24.0,0.5,3.0,14.0,20.0,0.7,9.0,17.0,17.0,614855,2021-10-17 16:00:00,2021
Juventus,18.0,3.0,0.0,3.0,0.0,4.0,47.9,6.0,2.0,0.3,0.0,0.0,414.0,487.0,0.9,3.0,9.0,0.3,67.0,32.0,0.5,0.0,13.0,20.0,0.7,7.0,22.0,22.0,AS Roma,13.0,5.0,0.0,3.0,6.0,1.0,52.1,15.0,4.0,0.3,0.0,1.0,450.0,514.0,0.9,6.0,23.0,0.3,39.0,24.0,0.6,6.0,7.0,10.0,0.7,4.0,6.0,6.0,614851,2021-10-17 18:45:00,2021
Venezia,17.0,2.0,0.0,6.0,2.0,2.0,38.2,4.0,2.0,0.5,0.0,0.0,277.0,371.0,0.7,1.0,6.0,0.2,57.0,25.0,0.4,2.0,9.0,15.0,0.6,9.0,13.0,13.0,Fiorentina,11.0,3.0,1.0,2.0,5.0,1.0,61.8,10.0,2.0,0.2,0.0,0.0,507.0,580.0,0.9,6.0,24.0,0.3,83.0,58.0,0.7,3.0,7.0,16.0,0.4,9.0,5.0,5.0,614848,2021-10-18 18:45:00,2021
Torino,20.0,2.0,0.0,2.0,2.0,2.0,59.2,17.0,6.0,0.4,0.0,0.0,347.0,458.0,0.8,6.0,13.0,0.5,79.0,39.0,0.5,4.0,8.0,13.0,0.6,11.0,17.0,17.0,Genoa,19.0,3.0,0.0,0.0,4.0,3.0,40.8,14.0,4.0,0.3,0.0,0.0,198.0,307.0,0.6,4.0,16.0,0.3,60.0,22.0,0.4,3.0,5.0,14.0,0.4,7.0,15.0,15.0,614838,2021-10-22 16:30:00,2021
Sampdoria,9.0,3.0,0.0,3.0,0.0,6.0,29.0,7.0,2.0,0.3,0.0,0.0,173.0,268.0,0.6,2.0,6.0,0.3,68.0,23.0,0.3,2.0,8.0,12.0,0.7,20.0,28.0,28.0,Spezia,9.0,1.0,0.0,0.0,8.0,1.0,71.0,17.0,7.0,0.4,0.0,0.0,544.0,641.0,0.8,7.0,35.0,0.2,45.0,14.0,0.3,5.0,6.0,9.0,0.7,7.0,4.0,4.0,614843,2021-10-22 18:45:00,2021
Salernitana,12.0,1.0,0.0,2.0,7.0,2.0,60.3,12.0,6.0,0.5,0.0,0.0,390.0,469.0,0.8,5.0,27.0,0.2,45.0,23.0,0.5,1.0,11.0,16.0,0.7,5.0,14.0,14.0,Empoli,16.0,3.0,0.0,2.0,2.0,4.0,39.7,10.0,5.0,0.5,1.0,1.0,242.0,311.0,0.8,2.0,12.0,0.2,55.0,26.0,0.5,1.0,14.0,21.0,0.7,16.0,30.0,30.0,614837,2021-10-23 13:00:00,2021
Sassuolo,11.0,1.0,0.0,1.0,5.0,1.0,63.3,14.0,7.0,0.5,0.0,0.0,559.0,616.0,0.9,3.0,19.0,0.2,52.0,40.0,0.8,5.0,6.0,12.0,0.5,14.0,10.0,10.0,Venezia,15.0,2.0,0.0,5.0,4.0,5.0,36.7,8.0,3.0,0.4,0.0,0.0,281.0,346.0,0.8,5.0,15.0,0.3,44.0,26.0,0.6,4.0,12.0,16.0,0.8,5.0,13.0,13.0,614845,2021-10-23 16:00:00,2021
Bologna,7.0,1.0,2.0,0.0,4.0,3.0,37.1,9.0,4.0,0.4,0.0,0.0,275.0,349.0,0.8,4.0,11.0,0.4,57.0,28.0,0.5,2.0,6.0,19.0,0.3,3.0,19.0,19.0,AC Milan,15.0,3.0,0.0,2.0,1.0,3.0,62.9,15.0,7.0,0.5,0.0,0.0,531.0,596.0,0.9,4.0,16.0,0.3,36.0,24.0,0.7,5.0,10.0,15.0,0.7,9.0,7.0,7.0,614841,2021-10-23 18:45:00,2021
Atalanta,15.0,2.0,0.0,1.0,6.0,3.0,67.5,8.0,3.0,0.4,0.0,0.0,547.0,642.0,0.9,2.0,17.0,0.1,45.0,25.0,0.6,4.0,7.0,15.0,0.5,9.0,10.0,10.0,Udinese,15.0,2.0,0.0,0.0,3.0,2.0,32.5,9.0,3.0,0.3,0.0,0.0,220.0,304.0,0.7,6.0,16.0,0.4,63.0,21.0,0.3,1.0,12.0,19.0,0.6,14.0,18.0,18.0,614844,2021-10-24 10:30:00,2021
Fiorentina,11.0,0.0,0.0,1.0,4.0,1.0,65.1,21.0,5.0,0.2,1.0,1.0,548.0,616.0,0.9,9.0,19.0,0.5,60.0,36.0,0.6,5.0,5.0,10.0,0.5,4.0,7.0,7.0,Cagliari,15.0,2.0,0.0,4.0,1.0,2.0,34.9,3.0,1.0,0.3,0.0,0.0,252.0,336.0,0.8,1.0,4.0,0.3,55.0,25.0,0.5,0.0,10.0,16.0,0.6,11.0,16.0,16.0,614836,2021-10-24 13:00:00,2021
Hellas Verona,12.0,2.0,0.0,8.0,3.0,3.0,48.5,16.0,7.0,0.4,0.0,0.0,394.0,486.0,0.8,7.0,14.0,0.5,57.0,22.0,0.4,1.0,8.0,13.0,0.6,11.0,20.0,20.0,Lazio,15.0,2.0,0.0,0.0,4.0,3.0,51.5,9.0,4.0,0.4,0.0,0.0,405.0,509.0,0.8,2.0,18.0,0.1,57.0,25.0,0.4,2.0,8.0,14.0,0.6,11.0,5.0,5.0,614840,2021-10-24 13:00:00,2021
AS Roma,14.0,4.0,0.0,0.0,7.0,2.0,37.8,13.0,1.0,0.1,0.0,0.0,251.0,312.0,0.8,4.0,23.0,0.2,45.0,22.0,0.5,6.0,12.0,17.0,0.7,16.0,16.0,16.0,Napoli,10.0,1.0,0.0,6.0,4.0,1.0,62.2,11.0,3.0,0.3,0.0,0.0,467.0,536.0,0.9,5.0,17.0,0.3,43.0,30.0,0.7,4.0,6.0,17.0,0.4,8.0,12.0,12.0,614842,2021-10-24 16:00:00,2021
Internazionale,14.0,2.0,0.0,1.0,5.0,3.0,48.8,10.0,2.0,0.2,0.0,0.0,376.0,463.0,0.8,7.0,20.0,0.4,72.0,43.0,0.6,3.0,11.0,17.0,0.6,9.0,12.0,12.0,Juventus,15.0,2.0,0.0,3.0,2.0,1.0,51.2,16.0,4.0,0.3,1.0,1.0,422.0,497.0,0.8,4.0,11.0,0.4,41.0,15.0,0.4,5.0,4.0,13.0,0.3,8.0,24.0,24.0,614839,2021-10-24 18:45:00,2021
Spezia,12.0,2.0,0.0,2.0,3.0,1.0,47.1,13.0,3.0,0.2,0.0,0.0,294.0,405.0,0.7,4.0,17.0,0.2,81.0,36.0,0.4,3.0,14.0,19.0,0.7,16.0,16.0,16.0,Genoa,16.0,4.0,0.0,2.0,3.0,3.0,52.9,9.0,2.0,0.2,1.0,1.0,340.0,460.0,0.7,3.0,14.0,0.2,74.0,30.0,0.4,4.0,15.0,26.0,0.6,10.0,17.0,17.0,614829,2021-10-26 16:30:00,2021
Venezia,17.0,3.0,1.0,0.0,4.0,5.0,45.5,8.0,4.0,0.5,0.0,0.0,322.0,393.0,0.8,4.0,24.0,0.2,56.0,32.0,0.6,1.0,11.0,20.0,0.6,10.0,28.0,28.0,Salernitana,13.0,3.0,0.0,0.0,5.0,3.0,54.5,21.0,7.0,0.3,0.0,0.0,394.0,478.0,0.8,7.0,23.0,0.3,36.0,22.0,0.6,7.0,6.0,8.0,0.8,4.0,16.0,16.0,614833,2021-10-26 16:30:00,2021
AC Milan,14.0,3.0,0.0,0.0,2.0,2.0,44.5,10.0,2.0,0.2,0.0,0.0,294.0,381.0,0.8,5.0,16.0,0.3,63.0,33.0,0.5,2.0,11.0,16.0,0.7,15.0,14.0,14.0,Torino,21.0,3.0,0.0,1.0,5.0,1.0,55.5,12.0,2.0,0.2,0.0,0.0,378.0,471.0,0.8,7.0,20.0,0.4,56.0,28.0,0.5,7.0,9.0,18.0,0.5,15.0,5.0,5.0,614835,2021-10-26 18:45:00,2021
Sampdoria,15.0,4.0,0.0,6.0,3.0,2.0,40.5,8.0,3.0,0.4,0.0,0.0,272.0,390.0,0.7,0.0,8.0,0.0,87.0,42.0,0.5,1.0,10.0,24.0,0.4,24.0,8.0,8.0,Atalanta,19.0,3.0,0.0,1.0,3.0,2.0,59.5,13.0,4.0,0.3,0.0,0.0,459.0,572.0,0.8,5.0,13.0,0.4,64.0,34.0,0.5,2.0,3.0,8.0,0.4,11.0,15.0,15.0,614826,2021-10-27 16:30:00,2021
Udinese,13.0,1.0,0.0,1.0,7.0,1.0,33.1,16.0,5.0,0.3,0.0,0.0,173.0,262.0,0.7,6.0,18.0,0.3,63.0,27.0,0.4,6.0,12.0,19.0,0.6,11.0,10.0,10.0,Hellas Verona,12.0,2.0,0.0,1.0,4.0,4.0,66.9,5.0,2.0,0.4,1.0,1.0,463.0,550.0,0.8,4.0,12.0,0.3,49.0,25.0,0.5,2.0,8.0,10.0,0.8,10.0,15.0,15.0,614830,2021-10-27 16:30:00,2021
Juventus,21.0,1.0,0.0,8.0,4.0,2.0,56.4,14.0,3.0,0.2,0.0,0.0,443.0,505.0,0.9,5.0,20.0,0.3,34.0,26.0,0.8,3.0,7.0,13.0,0.5,4.0,10.0,10.0,Sassuolo,15.0,5.0,0.0,0.0,4.0,1.0,43.6,8.0,4.0,0.5,0.0,0.0,332.0,397.0,0.8,1.0,12.0,0.1,53.0,29.0,0.5,2.0,6.0,11.0,0.5,7.0,19.0,19.0,614834,2021-10-27 16:30:00,2021
Lazio,16.0,3.0,0.0,5.0,3.0,1.0,48.9,5.0,2.0,0.4,0.0,0.0,458.0,517.0,0.9,2.0,15.0,0.1,35.0,22.0,0.6,0.0,7.0,12.0,0.6,7.0,17.0,17.0,Fiorentina,11.0,3.0,0.0,1.0,6.0,1.0,51.1,9.0,1.0,0.1,0.0,0.0,452.0,530.0,0.9,9.0,25.0,0.4,80.0,55.0,0.7,4.0,6.0,6.0,1.0,6.0,13.0,13.0,614828,2021-10-27 18:45:00,2021
Cagliari,16.0,3.0,0.0,1.0,2.0,1.0,41.4,7.0,5.0,0.7,0.0,0.0,238.0,315.0,0.8,6.0,19.0,0.3,57.0,24.0,0.4,0.0,7.0,10.0,0.7,9.0,22.0,22.0,AS Roma,16.0,4.0,0.0,0.0,10.0,4.0,58.6,22.0,3.0,0.1,0.0,0.0,374.0,439.0,0.9,13.0,35.0,0.4,48.0,27.0,0.6,6.0,6.0,12.0,0.5,11.0,12.0,12.0,614832,2021-10-27 18:45:00,2021
Empoli,20.0,1.0,1.0,0.0,5.0,7.0,30.9,9.0,3.0,0.3,0.0,0.0,212.0,276.0,0.8,4.0,17.0,0.2,42.0,20.0,0.5,1.0,4.0,11.0,0.4,6.0,19.0,19.0,Internazionale,15.0,3.0,0.0,3.0,6.0,2.0,69.1,21.0,9.0,0.4,0.0,0.0,580.0,651.0,0.9,11.0,21.0,0.5,62.0,44.0,0.7,5.0,9.0,16.0,0.6,9.0,17.0,17.0,614831,2021-10-27 18:45:00,2021
Napoli,20.0,1.0,0.0,1.0,4.0,1.0,65.2,18.0,6.0,0.3,2.0,2.0,641.0,690.0,0.9,4.0,11.0,0.4,66.0,54.0,0.8,3.0,8.0,9.0,0.9,6.0,8.0,8.0,Bologna,5.0,1.0,0.0,1.0,2.0,3.0,34.8,8.0,1.0,0.1,0.0,0.0,301.0,360.0,0.8,0.0,6.0,0.0,55.0,33.0,0.6,2.0,10.0,12.0,0.8,6.0,12.0,12.0,614827,2021-10-28 18:45:00,2021
Atalanta,13.0,1.0,0.0,3.0,6.0,3.0,56.6,17.0,3.0,0.2,0.0,0.0,483.0,577.0,0.8,8.0,27.0,0.3,55.0,29.0,0.5,6.0,12.0,20.0,0.6,6.0,7.0,7.0,Lazio,13.0,3.0,0.0,2.0,2.0,1.0,43.4,8.0,5.0,0.6,0.0,0.0,372.0,462.0,0.8,0.0,3.0,0.0,66.0,33.0,0.5,2.0,12.0,19.0,0.6,3.0,26.0,26.0,614819,2021-10-30 13:00:00,2021
Hellas Verona,22.0,4.0,0.0,3.0,4.0,3.0,45.8,12.0,5.0,0.4,0.0,0.0,365.0,465.0,0.8,0.0,9.0,0.0,66.0,23.0,0.3,3.0,9.0,12.0,0.8,16.0,18.0,18.0,Juventus,8.0,3.0,0.0,0.0,1.0,3.0,54.2,15.0,4.0,0.3,0.0,0.0,436.0,543.0,0.8,4.0,12.0,0.3,73.0,39.0,0.5,1.0,6.0,11.0,0.5,9.0,10.0,10.0,614818,2021-10-30 16:00:00,2021
Torino,19.0,2.0,0.0,4.0,4.0,1.0,64.4,16.0,6.0,0.4,0.0,0.0,481.0,579.0,0.8,1.0,10.0,0.1,60.0,24.0,0.4,3.0,8.0,12.0,0.7,11.0,12.0,12.0,Sampdoria,8.0,4.0,1.0,3.0,5.0,2.0,35.6,5.0,1.0,0.2,0.0,0.0,213.0,318.0,0.7,4.0,8.0,0.5,64.0,27.0,0.4,2.0,5.0,10.0,0.5,16.0,12.0,12.0,614822,2021-10-30 18:45:00,2021
Internazionale,9.0,0.0,0.0,3.0,6.0,5.0,67.0,15.0,6.0,0.4,0.0,0.0,562.0,632.0,0.9,5.0,19.0,0.3,66.0,47.0,0.7,3.0,7.0,10.0,0.7,5.0,16.0,16.0,Udinese,11.0,2.0,0.0,2.0,5.0,3.0,33.0,9.0,5.0,0.6,0.0,0.0,244.0,308.0,0.8,1.0,14.0,0.1,49.0,18.0,0.4,1.0,15.0,19.0,0.8,10.0,22.0,22.0,614824,2021-10-31 11:30:00,2021
Fiorentina,9.0,4.0,0.0,1.0,7.0,0.0,54.7,27.0,12.0,0.4,1.0,1.0,394.0,452.0,0.9,7.0,26.0,0.3,39.0,24.0,0.6,8.0,5.0,12.0,0.4,7.0,11.0,11.0,Spezia,20.0,3.0,0.0,4.0,4.0,9.0,45.3,3.0,0.0,0.0,0.0,0.0,316.0,384.0,0.8,0.0,7.0,0.0,52.0,22.0,0.4,1.0,6.0,10.0,0.6,10.0,21.0,21.0,614823,2021-10-31 14:00:00,2021
Genoa,14.0,1.0,0.0,3.0,12.0,2.0,62.6,19.0,4.0,0.2,0.0,0.0,365.0,467.0,0.8,6.0,35.0,0.2,55.0,29.0,0.5,6.0,10.0,16.0,0.6,9.0,13.0,13.0,Venezia,13.0,3.0,0.0,0.0,4.0,4.0,37.4,6.0,2.0,0.3,0.0,0.0,204.0,284.0,0.7,4.0,14.0,0.3,63.0,25.0,0.4,1.0,11.0,19.0,0.6,9.0,45.0,45.0,614825,2021-10-31 14:00:00,2021
Sassuolo,16.0,4.0,0.0,0.0,4.0,3.0,57.9,15.0,5.0,0.3,0.0,0.0,442.0,507.0,0.9,5.0,15.0,0.3,65.0,47.0,0.7,4.0,8.0,10.0,0.8,13.0,18.0,18.0,Empoli,12.0,2.0,0.0,4.0,6.0,5.0,42.1,14.0,6.0,0.4,1.0,1.0,297.0,361.0,0.8,2.0,19.0,0.1,36.0,15.0,0.4,2.0,12.0,20.0,0.6,11.0,23.0,23.0,614817,2021-10-31 14:00:00,2021
Salernitana,11.0,0.0,1.0,0.0,4.0,2.0,36.9,9.0,3.0,0.3,0.0,0.0,234.0,299.0,0.8,3.0,15.0,0.2,38.0,17.0,0.4,2.0,9.0,15.0,0.6,8.0,18.0,18.0,Napoli,13.0,2.0,1.0,2.0,4.0,2.0,63.1,18.0,3.0,0.2,0.0,0.0,454.0,531.0,0.9,1.0,8.0,0.1,54.0,34.0,0.6,6.0,9.0,15.0,0.6,4.0,14.0,14.0,614821,2021-10-31 17:00:00,2021
AS Roma,19.0,4.0,0.0,2.0,5.0,1.0,49.6,24.0,6.0,0.3,0.0,0.0,327.0,377.0,0.9,5.0,25.0,0.2,45.0,30.0,0.7,6.0,8.0,15.0,0.5,4.0,13.0,13.0,AC Milan,13.0,5.0,1.0,5.0,2.0,5.0,50.4,8.0,3.0,0.4,1.0,1.0,341.0,400.0,0.9,1.0,9.0,0.1,55.0,32.0,0.6,1.0,13.0,16.0,0.8,6.0,22.0,22.0,614820,2021-10-31 19:45:00,2021
Bologna,11.0,3.0,0.0,1.0,5.0,2.0,57.2,8.0,3.0,0.4,0.0,0.0,528.0,597.0,0.9,3.0,20.0,0.2,51.0,30.0,0.6,1.0,5.0,10.0,0.5,5.0,11.0,11.0,Cagliari,9.0,2.0,1.0,5.0,2.0,1.0,42.8,9.0,2.0,0.2,0.0,0.0,385.0,449.0,0.9,2.0,16.0,0.1,51.0,30.0,0.6,3.0,5.0,8.0,0.6,7.0,20.0,20.0,614816,2021-11-01 19:45:00,2021
Empoli,8.0,0.0,0.0,2.0,4.0,5.0,52.0,10.0,2.0,0.2,0.0,0.0,316.0,416.0,0.8,3.0,20.0,0.2,50.0,22.0,0.4,5.0,6.0,10.0,0.6,8.0,12.0,12.0,Genoa,21.0,4.0,0.0,4.0,5.0,0.0,48.0,15.0,7.0,0.5,1.0,1.0,289.0,383.0,0.8,6.0,19.0,0.3,81.0,39.0,0.5,4.0,15.0,23.0,0.7,20.0,13.0,13.0,614809,2021-11-05 19:45:00,2021
Spezia,15.0,3.0,0.0,3.0,2.0,1.0,40.5,7.0,3.0,0.4,0.0,0.0,231.0,334.0,0.7,0.0,7.0,0.0,67.0,27.0,0.4,1.0,9.0,13.0,0.7,10.0,26.0,26.0,Torino,17.0,3.0,0.0,2.0,3.0,2.0,59.5,9.0,1.0,0.1,0.0,0.0,382.0,478.0,0.8,9.0,19.0,0.5,74.0,30.0,0.4,4.0,8.0,15.0,0.5,14.0,14.0,14.0,614815,2021-11-06 14:00:00,2021
Juventus,15.0,2.0,0.0,5.0,5.0,1.0,50.1,13.0,3.0,0.2,0.0,0.0,334.0,399.0,0.8,2.0,12.0,0.2,51.0,32.0,0.6,2.0,7.0,15.0,0.5,8.0,18.0,18.0,Fiorentina,16.0,2.0,1.0,0.0,6.0,2.0,49.9,6.0,1.0,0.2,0.0,0.0,301.0,379.0,0.8,7.0,29.0,0.2,61.0,34.0,0.6,0.0,10.0,14.0,0.7,5.0,16.0,16.0,614808,2021-11-06 17:00:00,2021
Cagliari,11.0,1.0,0.0,3.0,2.0,6.0,37.1,7.0,1.0,0.1,0.0,0.0,264.0,352.0,0.8,2.0,7.0,0.3,72.0,40.0,0.6,2.0,11.0,26.0,0.4,15.0,22.0,22.0,Atalanta,9.0,1.0,0.0,0.0,7.0,0.0,62.9,21.0,8.0,0.4,0.0,0.0,506.0,597.0,0.8,7.0,16.0,0.4,45.0,19.0,0.4,6.0,5.0,10.0,0.5,14.0,11.0,11.0,614806,2021-11-06 19:45:00,2021
Venezia,12.0,2.0,0.0,2.0,4.0,7.0,39.2,13.0,7.0,0.5,1.0,1.0,245.0,311.0,0.8,5.0,14.0,0.4,42.0,19.0,0.5,2.0,8.0,14.0,0.6,10.0,33.0,33.0,AS Roma,18.0,2.0,0.0,1.0,11.0,4.0,60.8,27.0,11.0,0.4,0.0,0.0,389.0,477.0,0.8,12.0,33.0,0.4,45.0,24.0,0.5,8.0,8.0,15.0,0.5,5.0,7.0,7.0,614812,2021-11-07 11:30:00,2021
Udinese,14.0,1.0,1.0,1.0,1.0,2.0,36.6,13.0,2.0,0.2,0.0,0.0,250.0,333.0,0.8,0.0,3.0,0.0,50.0,20.0,0.4,6.0,12.0,22.0,0.5,19.0,13.0,13.0,Sassuolo,15.0,3.0,0.0,1.0,5.0,0.0,63.4,10.0,4.0,0.4,0.0,0.0,473.0,561.0,0.8,5.0,16.0,0.3,61.0,38.0,0.6,4.0,13.0,20.0,0.7,8.0,10.0,10.0,614814,2021-11-07 14:00:00,2021
Sampdoria,14.0,4.0,0.0,2.0,6.0,4.0,46.0,10.0,4.0,0.4,0.0,0.0,277.0,384.0,0.7,3.0,32.0,0.1,78.0,40.0,0.5,2.0,6.0,13.0,0.5,15.0,18.0,18.0,Bologna,12.0,1.0,0.0,2.0,5.0,3.0,54.0,14.0,7.0,0.5,0.0,0.0,383.0,482.0,0.8,2.0,9.0,0.2,82.0,30.0,0.4,3.0,5.0,8.0,0.6,10.0,32.0,32.0,614807,2021-11-07 14:00:00,2021
Napoli,16.0,2.0,0.0,1.0,3.0,2.0,58.4,16.0,1.0,0.1,0.0,0.0,415.0,500.0,0.8,3.0,13.0,0.2,63.0,31.0,0.5,7.0,9.0,19.0,0.5,14.0,7.0,7.0,Hellas Verona,19.0,3.0,2.0,2.0,2.0,0.0,41.6,11.0,3.0,0.3,0.0,0.0,280.0,358.0,0.8,1.0,7.0,0.1,59.0,28.0,0.5,6.0,14.0,22.0,0.6,6.0,17.0,17.0,614810,2021-11-07 17:00:00,2021
Lazio,7.0,1.0,0.0,1.0,5.0,0.0,60.8,16.0,5.0,0.3,0.0,0.0,618.0,679.0,0.9,1.0,13.0,0.1,58.0,46.0,0.8,5.0,8.0,14.0,0.6,10.0,3.0,3.0,Salernitana,14.0,2.0,0.0,2.0,1.0,2.0,39.2,5.0,0.0,0.0,0.0,0.0,372.0,435.0,0.9,3.0,9.0,0.3,46.0,26.0,0.6,0.0,6.0,9.0,0.7,8.0,15.0,15.0,614813,2021-11-07 17:00:00,2021
AC Milan,16.0,1.0,0.0,0.0,4.0,1.0,50.6,16.0,4.0,0.3,0.0,0.0,335.0,402.0,0.8,5.0,15.0,0.3,38.0,24.0,0.6,4.0,5.0,10.0,0.5,7.0,19.0,19.0,Internazionale,11.0,0.0,0.0,1.0,8.0,4.0,49.4,13.0,3.0,0.2,1.0,2.0,307.0,384.0,0.8,7.0,23.0,0.3,57.0,36.0,0.6,6.0,10.0,16.0,0.6,9.0,19.0,19.0,614811,2021-11-07 19:45:00,2021
Atalanta,10.0,2.0,0.0,2.0,0.0,3.0,51.0,18.0,9.0,0.5,1.0,1.0,429.0,512.0,0.8,1.0,2.0,0.5,56.0,36.0,0.6,4.0,7.0,15.0,0.5,13.0,9.0,9.0,Spezia,11.0,3.0,0.0,1.0,6.0,4.0,49.0,10.0,5.0,0.5,0.0,0.0,387.0,481.0,0.8,4.0,12.0,0.3,68.0,27.0,0.4,2.0,5.0,12.0,0.4,4.0,3.0,3.0,614803,2021-11-20 14:00:00,2021
Lazio,12.0,3.0,0.0,0.0,3.0,3.0,58.0,8.0,1.0,0.1,0.0,0.0,561.0,623.0,0.9,3.0,26.0,0.1,30.0,23.0,0.8,6.0,7.0,14.0,0.5,10.0,8.0,8.0,Juventus,15.0,1.0,0.0,0.0,2.0,1.0,42.0,11.0,5.0,0.5,2.0,2.0,388.0,458.0,0.8,5.0,8.0,0.6,62.0,35.0,0.6,3.0,8.0,12.0,0.7,12.0,21.0,21.0,614798,2021-11-20 17:00:00,2021
Fiorentina,6.0,1.0,0.0,3.0,5.0,5.0,44.7,9.0,5.0,0.6,0.0,0.0,332.0,404.0,0.8,5.0,15.0,0.3,63.0,34.0,0.5,1.0,7.0,17.0,0.4,7.0,18.0,18.0,AC Milan,10.0,1.0,0.0,7.0,6.0,1.0,55.3,17.0,7.0,0.4,0.0,0.0,438.0,501.0,0.9,6.0,24.0,0.3,39.0,21.0,0.5,4.0,12.0,21.0,0.6,11.0,10.0,10.0,614799,2021-11-20 19:45:00,2021
Sassuolo,13.0,1.0,0.0,2.0,6.0,3.0,59.7,20.0,4.0,0.2,1.0,1.0,450.0,514.0,0.9,5.0,14.0,0.4,35.0,17.0,0.5,4.0,8.0,15.0,0.5,5.0,17.0,17.0,Cagliari,10.0,2.0,0.0,4.0,5.0,2.0,40.3,11.0,4.0,0.4,1.0,1.0,266.0,339.0,0.8,7.0,18.0,0.4,48.0,25.0,0.5,3.0,4.0,15.0,0.3,8.0,13.0,13.0,614796,2021-11-21 11:30:00,2021
Bologna,6.0,0.0,0.0,1.0,17.0,5.0,66.7,22.0,6.0,0.3,0.0,0.0,566.0,643.0,0.9,7.0,40.0,0.2,62.0,41.0,0.7,7.0,8.0,13.0,0.6,7.0,5.0,5.0,Venezia,9.0,3.0,0.0,1.0,1.0,6.0,33.3,8.0,6.0,0.8,0.0,0.0,262.0,328.0,0.8,1.0,6.0,0.2,50.0,29.0,0.6,0.0,5.0,12.0,0.4,16.0,45.0,45.0,614805,2021-11-21 14:00:00,2021
Salernitana,10.0,0.0,0.0,0.0,13.0,5.0,54.4,18.0,2.0,0.1,0.0,0.0,326.0,420.0,0.8,12.0,42.0,0.3,56.0,27.0,0.5,7.0,4.0,7.0,0.6,9.0,9.0,9.0,Sampdoria,19.0,3.0,0.0,1.0,3.0,3.0,45.6,13.0,6.0,0.5,0.0,0.0,277.0,367.0,0.8,3.0,16.0,0.2,57.0,28.0,0.5,3.0,6.0,9.0,0.7,14.0,35.0,35.0,614802,2021-11-21 14:00:00,2021
Internazionale,15.0,4.0,0.0,2.0,4.0,1.0,44.6,17.0,7.0,0.4,1.0,1.0,302.0,361.0,0.8,4.0,19.0,0.2,45.0,27.0,0.6,5.0,7.0,16.0,0.4,8.0,17.0,17.0,Napoli,16.0,3.0,0.0,0.0,1.0,4.0,55.4,9.0,3.0,0.3,0.0,0.0,397.0,462.0,0.9,4.0,14.0,0.3,47.0,29.0,0.6,2.0,7.0,12.0,0.6,7.0,22.0,22.0,614800,2021-11-21 17:00:00,2021
Genoa,13.0,3.0,0.0,2.0,2.0,2.0,41.0,1.0,1.0,1.0,0.0,0.0,324.0,388.0,0.8,3.0,14.0,0.2,67.0,37.0,0.6,0.0,10.0,15.0,0.7,13.0,17.0,17.0,AS Roma,13.0,2.0,0.0,0.0,7.0,1.0,59.0,19.0,4.0,0.2,0.0,0.0,489.0,557.0,0.9,11.0,26.0,0.4,59.0,41.0,0.7,7.0,7.0,12.0,0.6,7.0,10.0,10.0,614801,2021-11-21 19:45:00,2021
Hellas Verona,7.0,1.0,0.0,3.0,1.0,3.0,56.8,22.0,5.0,0.2,0.0,0.0,356.0,458.0,0.8,5.0,29.0,0.2,56.0,32.0,0.6,7.0,5.0,12.0,0.4,7.0,22.0,22.0,Empoli,13.0,3.0,0.0,2.0,3.0,3.0,43.2,9.0,4.0,0.4,0.0,0.0,242.0,352.0,0.7,2.0,14.0,0.1,71.0,22.0,0.3,2.0,5.0,9.0,0.6,10.0,26.0,26.0,614797,2021-11-22 17:30:00,2021
Torino,19.0,1.0,0.0,4.0,4.0,6.0,51.7,14.0,4.0,0.3,0.0,0.0,339.0,443.0,0.8,8.0,14.0,0.6,64.0,26.0,0.4,5.0,10.0,14.0,0.7,16.0,15.0,15.0,Udinese,17.0,3.0,0.0,1.0,7.0,1.0,48.3,18.0,7.0,0.4,0.0,0.0,315.0,417.0,0.8,4.0,11.0,0.4,63.0,25.0,0.4,7.0,8.0,16.0,0.5,5.0,17.0,17.0,614804,2021-11-22 19:45:00,2021
Cagliari,13.0,3.0,0.0,2.0,7.0,1.0,57.0,19.0,3.0,0.2,0.0,0.0,368.0,446.0,0.8,11.0,33.0,0.3,48.0,25.0,0.5,6.0,8.0,11.0,0.7,6.0,21.0,21.0,Salernitana,10.0,1.0,0.0,0.0,6.0,2.0,43.0,8.0,2.0,0.3,0.0,0.0,247.0,343.0,0.7,6.0,18.0,0.3,52.0,31.0,0.6,3.0,2.0,4.0,0.5,6.0,30.0,30.0,614793,2021-11-26 19:45:00,2021
Empoli,15.0,1.0,0.0,0.0,8.0,6.0,51.0,17.0,5.0,0.3,0.0,0.0,338.0,430.0,0.8,4.0,17.0,0.2,60.0,26.0,0.4,8.0,9.0,14.0,0.6,16.0,14.0,14.0,Fiorentina,10.0,1.0,0.0,3.0,5.0,3.0,49.0,16.0,7.0,0.4,0.0,0.0,340.0,412.0,0.8,6.0,20.0,0.3,52.0,32.0,0.6,2.0,9.0,13.0,0.7,8.0,18.0,18.0,614788,2021-11-27 14:00:00,2021
Sampdoria,13.0,4.0,0.0,1.0,4.0,3.0,41.2,15.0,5.0,0.3,0.0,0.0,219.0,313.0,0.7,9.0,29.0,0.3,56.0,28.0,0.5,5.0,11.0,15.0,0.7,17.0,10.0,10.0,Hellas Verona,16.0,1.0,0.0,1.0,5.0,2.0,58.8,14.0,3.0,0.2,0.0,0.0,390.0,472.0,0.8,2.0,16.0,0.1,48.0,26.0,0.5,4.0,9.0,15.0,0.6,8.0,23.0,23.0,614790,2021-11-27 14:00:00,2021
Juventus,13.0,4.0,0.0,1.0,6.0,0.0,59.0,15.0,2.0,0.1,0.0,0.0,450.0,532.0,0.8,6.0,14.0,0.4,53.0,33.0,0.6,6.0,6.0,13.0,0.5,12.0,15.0,15.0,Atalanta,20.0,5.0,0.0,0.0,4.0,2.0,41.0,7.0,1.0,0.1,0.0,0.0,281.0,369.0,0.8,1.0,10.0,0.1,51.0,18.0,0.4,5.0,9.0,23.0,0.4,14.0,14.0,14.0,614786,2021-11-27 17:00:00,2021
Venezia,9.0,2.0,0.0,0.0,3.0,9.0,44.2,6.0,1.0,0.2,0.0,0.0,375.0,440.0,0.9,2.0,18.0,0.1,49.0,25.0,0.5,2.0,4.0,10.0,0.4,9.0,17.0,17.0,Internazionale,4.0,0.0,0.0,0.0,9.0,1.0,55.8,27.0,12.0,0.4,1.0,1.0,501.0,555.0,0.9,8.0,26.0,0.3,52.0,36.0,0.7,9.0,12.0,25.0,0.5,9.0,10.0,10.0,614791,2021-11-27 19:45:00,2021
Udinese,18.0,3.0,0.0,3.0,8.0,2.0,42.7,17.0,3.0,0.2,0.0,0.0,285.0,365.0,0.8,4.0,21.0,0.2,35.0,17.0,0.5,8.0,10.0,17.0,0.6,7.0,9.0,9.0,Genoa,11.0,4.0,0.0,0.0,1.0,3.0,57.3,8.0,2.0,0.3,0.0,0.0,417.0,512.0,0.8,2.0,10.0,0.2,66.0,38.0,0.6,2.0,14.0,23.0,0.6,8.0,29.0,29.0,614789,2021-11-28 11:30:00,2021
AC Milan,15.0,4.0,1.0,7.0,7.0,3.0,49.5,15.0,2.0,0.1,0.0,0.0,332.0,403.0,0.8,5.0,24.0,0.2,36.0,24.0,0.7,5.0,9.0,13.0,0.7,10.0,20.0,20.0,Sassuolo,7.0,2.0,0.0,3.0,6.0,1.0,50.5,15.0,5.0,0.3,0.0,0.0,346.0,416.0,0.8,4.0,18.0,0.2,40.0,26.0,0.7,7.0,12.0,18.0,0.7,9.0,25.0,25.0,614794,2021-11-28 14:00:00,2021
Spezia,15.0,3.0,0.0,4.0,3.0,4.0,43.1,13.0,5.0,0.4,0.0,0.0,300.0,380.0,0.8,7.0,16.0,0.4,56.0,28.0,0.5,2.0,8.0,16.0,0.5,8.0,14.0,14.0,Bologna,12.0,1.0,0.0,0.0,6.0,5.0,56.9,17.0,5.0,0.3,1.0,1.0,428.0,504.0,0.8,2.0,16.0,0.1,54.0,34.0,0.6,5.0,8.0,18.0,0.4,13.0,11.0,11.0,614787,2021-11-28 14:00:00,2021
AS Roma,7.0,2.0,0.0,1.0,2.0,3.0,31.5,10.0,2.0,0.2,0.0,0.0,206.0,274.0,0.8,1.0,6.0,0.2,59.0,29.0,0.5,2.0,9.0,21.0,0.4,8.0,21.0,21.0,Torino,11.0,1.0,0.0,3.0,9.0,1.0,68.5,17.0,3.0,0.2,0.0,0.0,506.0,590.0,0.9,4.0,24.0,0.2,40.0,17.0,0.4,8.0,12.0,20.0,0.6,15.0,8.0,8.0,614795,2021-11-28 17:00:00,2021
Napoli,10.0,2.0,0.0,2.0,1.0,2.0,61.3,18.0,8.0,0.4,0.0,0.0,743.0,799.0,0.9,1.0,3.0,0.3,44.0,33.0,0.8,6.0,6.0,10.0,0.6,8.0,7.0,7.0,Lazio,13.0,4.0,0.0,0.0,3.0,4.0,38.7,6.0,2.0,0.3,0.0,0.0,432.0,493.0,0.9,1.0,8.0,0.1,30.0,16.0,0.5,0.0,4.0,10.0,0.4,12.0,6.0,6.0,614792,2021-11-28 19:45:00,2021
Atalanta,11.0,0.0,0.0,2.0,4.0,4.0,59.0,19.0,6.0,0.3,0.0,0.0,535.0,613.0,0.9,4.0,11.0,0.4,45.0,22.0,0.5,4.0,13.0,24.0,0.5,11.0,6.0,6.0,Venezia,9.0,1.0,0.0,3.0,2.0,2.0,41.0,8.0,4.0,0.5,0.0,0.0,340.0,423.0,0.8,2.0,10.0,0.2,59.0,30.0,0.5,0.0,9.0,13.0,0.7,10.0,10.0,10.0,614785,2021-11-30 17:30:00,2021
Fiorentina,6.0,0.0,0.0,2.0,3.0,3.0,60.2,17.0,7.0,0.4,0.0,0.0,503.0,572.0,0.9,3.0,17.0,0.2,73.0,53.0,0.7,5.0,4.0,7.0,0.6,3.0,12.0,12.0,Sampdoria,16.0,3.0,0.0,2.0,6.0,4.0,39.8,11.0,4.0,0.4,0.0,0.0,283.0,367.0,0.8,6.0,19.0,0.3,54.0,24.0,0.4,1.0,11.0,14.0,0.8,15.0,14.0,14.0,614782,2021-11-30 17:30:00,2021
Hellas Verona,15.0,3.0,0.0,3.0,11.0,4.0,69.5,15.0,6.0,0.4,0.0,0.0,485.0,587.0,0.8,4.0,24.0,0.2,54.0,36.0,0.7,4.0,7.0,11.0,0.6,5.0,11.0,11.0,Cagliari,12.0,2.0,0.0,0.0,1.0,6.0,30.5,12.0,4.0,0.3,0.0,0.0,156.0,257.0,0.6,3.0,12.0,0.3,73.0,24.0,0.3,1.0,11.0,24.0,0.5,10.0,27.0,27.0,614776,2021-11-30 19:45:00,2021
Salernitana,14.0,1.0,0.0,1.0,4.0,5.0,26.1,4.0,0.0,0.0,0.0,0.0,210.0,278.0,0.8,2.0,14.0,0.1,32.0,12.0,0.4,1.0,7.0,19.0,0.4,8.0,23.0,23.0,Juventus,9.0,1.0,0.0,3.0,4.0,0.0,73.9,18.0,7.0,0.4,0.0,1.0,759.0,818.0,0.9,2.0,16.0,0.1,48.0,37.0,0.8,3.0,14.0,19.0,0.7,7.0,19.0,19.0,614778,2021-11-30 19:45:00,2021
Bologna,9.0,3.0,0.0,2.0,3.0,6.0,42.7,6.0,3.0,0.5,0.0,0.0,311.0,387.0,0.8,0.0,10.0,0.0,60.0,34.0,0.6,2.0,8.0,10.0,0.8,13.0,20.0,20.0,AS Roma,18.0,4.0,0.0,4.0,3.0,2.0,57.3,13.0,5.0,0.4,0.0,0.0,442.0,517.0,0.9,2.0,12.0,0.2,47.0,27.0,0.6,3.0,13.0,20.0,0.7,10.0,20.0,20.0,614781,2021-12-01 17:30:00,2021
Internazionale,18.0,1.0,0.0,1.0,11.0,4.0,63.4,31.0,11.0,0.4,1.0,1.0,595.0,654.0,0.9,7.0,27.0,0.3,41.0,30.0,0.7,7.0,11.0,15.0,0.7,11.0,1.0,1.0,Spezia,10.0,2.0,0.0,0.0,1.0,9.0,36.6,7.0,4.0,0.6,0.0,0.0,308.0,382.0,0.8,2.0,6.0,0.3,55.0,27.0,0.5,3.0,5.0,13.0,0.4,8.0,38.0,38.0,614783,2021-12-01 17:30:00,2021
Sassuolo,10.0,4.0,0.0,2.0,5.0,2.0,50.3,9.0,7.0,0.8,0.0,0.0,408.0,463.0,0.9,5.0,20.0,0.3,45.0,24.0,0.5,0.0,1.0,12.0,0.1,6.0,17.0,17.0,Napoli,19.0,2.0,0.0,2.0,4.0,5.0,49.7,9.0,4.0,0.4,0.0,0.0,388.0,459.0,0.8,4.0,14.0,0.3,33.0,19.0,0.6,3.0,11.0,19.0,0.6,8.0,12.0,12.0,614780,2021-12-01 19:45:00,2021
Genoa,11.0,2.0,0.0,1.0,2.0,2.0,42.1,10.0,3.0,0.3,0.0,0.0,342.0,405.0,0.8,1.0,10.0,0.1,58.0,32.0,0.6,3.0,15.0,23.0,0.7,16.0,14.0,14.0,AC Milan,16.0,1.0,0.0,3.0,6.0,3.0,57.9,18.0,5.0,0.3,0.0,0.0,486.0,555.0,0.9,2.0,13.0,0.2,56.0,37.0,0.7,6.0,12.0,25.0,0.5,9.0,12.0,12.0,614779,2021-12-01 19:45:00,2021
Torino,9.0,1.0,1.0,2.0,1.0,4.0,40.9,10.0,3.0,0.3,0.0,0.0,236.0,308.0,0.8,1.0,9.0,0.1,71.0,28.0,0.4,2.0,13.0,14.0,0.9,10.0,32.0,32.0,Empoli,15.0,3.0,0.0,1.0,11.0,1.0,59.1,16.0,5.0,0.3,0.0,0.0,342.0,422.0,0.8,4.0,35.0,0.1,34.0,17.0,0.5,8.0,7.0,12.0,0.6,5.0,11.0,11.0,614777,2021-12-02 17:30:00,2021
Lazio,11.0,1.0,1.0,4.0,5.0,1.0,62.0,13.0,5.0,0.4,0.0,0.0,500.0,577.0,0.9,5.0,14.0,0.4,40.0,21.0,0.5,2.0,8.0,17.0,0.5,10.0,11.0,11.0,Udinese,11.0,3.0,2.0,1.0,4.0,1.0,38.0,12.0,5.0,0.4,0.0,0.0,278.0,346.0,0.8,2.0,13.0,0.2,58.0,24.0,0.4,5.0,7.0,15.0,0.5,9.0,11.0,11.0,614784,2021-12-02 19:45:00,2021
AC Milan,11.0,1.0,0.0,1.0,9.0,2.0,70.2,22.0,8.0,0.4,0.0,0.0,635.0,703.0,0.9,5.0,19.0,0.3,54.0,34.0,0.6,4.0,12.0,20.0,0.6,5.0,11.0,11.0,Salernitana,9.0,2.0,0.0,1.0,5.0,6.0,29.8,7.0,2.0,0.3,0.0,0.0,223.0,296.0,0.8,1.0,9.0,0.1,47.0,25.0,0.5,2.0,8.0,13.0,0.6,9.0,18.0,18.0,614772,2021-12-04 14:00:00,2021
AS Roma,9.0,3.0,0.0,0.0,4.0,1.0,33.9,9.0,1.0,0.1,0.0,0.0,329.0,380.0,0.9,6.0,14.0,0.4,40.0,27.0,0.7,4.0,7.0,9.0,0.8,10.0,14.0,14.0,Internazionale,6.0,1.0,0.0,1.0,4.0,1.0,66.1,10.0,4.0,0.4,0.0,0.0,712.0,765.0,0.9,4.0,15.0,0.3,52.0,42.0,0.8,2.0,12.0,20.0,0.6,9.0,12.0,12.0,614770,2021-12-04 17:00:00,2021
Napoli,16.0,2.0,0.0,0.0,6.0,4.0,54.7,15.0,4.0,0.3,0.0,0.0,450.0,531.0,0.8,3.0,10.0,0.3,39.0,23.0,0.6,4.0,4.0,10.0,0.4,4.0,14.0,14.0,Atalanta,18.0,3.0,0.0,0.0,7.0,2.0,45.3,21.0,7.0,0.3,0.0,0.0,360.0,432.0,0.8,6.0,17.0,0.4,61.0,30.0,0.5,8.0,11.0,17.0,0.6,10.0,10.0,10.0,614766,2021-12-04 19:45:00,2021
Bologna,12.0,3.0,0.0,2.0,0.0,0.0,36.7,8.0,4.0,0.5,0.0,0.0,262.0,332.0,0.8,6.0,16.0,0.4,46.0,22.0,0.5,2.0,6.0,12.0,0.5,5.0,19.0,19.0,Fiorentina,15.0,3.0,0.0,3.0,2.0,2.0,63.3,6.0,3.0,0.5,1.0,1.0,505.0,586.0,0.9,2.0,14.0,0.1,82.0,63.0,0.8,1.0,4.0,8.0,0.5,5.0,7.0,7.0,614767,2021-12-05 11:30:00,2021
Venezia,13.0,2.0,1.0,1.0,1.0,3.0,43.8,9.0,5.0,0.6,0.0,0.0,238.0,328.0,0.7,3.0,15.0,0.2,68.0,35.0,0.5,0.0,7.0,13.0,0.5,15.0,20.0,20.0,Hellas Verona,14.0,2.0,0.0,1.0,6.0,2.0,56.2,16.0,6.0,0.4,1.0,1.0,345.0,428.0,0.8,3.0,19.0,0.2,45.0,27.0,0.6,6.0,8.0,13.0,0.6,13.0,19.0,19.0,614769,2021-12-05 14:00:00,2021
Spezia,11.0,4.0,0.0,4.0,2.0,4.0,34.4,9.0,4.0,0.4,0.0,0.0,230.0,318.0,0.7,4.0,6.0,0.7,54.0,27.0,0.5,2.0,9.0,14.0,0.6,10.0,20.0,20.0,Sassuolo,9.0,3.0,0.0,1.0,5.0,2.0,65.6,20.0,6.0,0.3,0.0,0.0,535.0,606.0,0.9,3.0,19.0,0.2,47.0,30.0,0.6,6.0,7.0,11.0,0.6,5.0,9.0,9.0,614773,2021-12-05 14:00:00,2021
Sampdoria,13.0,4.0,0.0,1.0,7.0,2.0,48.2,18.0,5.0,0.3,0.0,0.0,403.0,491.0,0.8,11.0,39.0,0.3,68.0,45.0,0.7,5.0,8.0,11.0,0.7,10.0,6.0,6.0,Lazio,9.0,1.0,1.0,0.0,0.0,4.0,51.8,6.0,5.0,0.8,0.0,0.0,480.0,561.0,0.9,0.0,5.0,0.0,47.0,27.0,0.6,0.0,9.0,15.0,0.6,12.0,31.0,31.0,614771,2021-12-05 17:00:00,2021
Juventus,15.0,3.0,0.0,3.0,5.0,0.0,70.3,27.0,12.0,0.4,0.0,0.0,680.0,748.0,0.9,4.0,15.0,0.3,75.0,56.0,0.7,6.0,13.0,17.0,0.8,7.0,5.0,5.0,Genoa,7.0,1.0,0.0,0.0,1.0,10.0,29.7,0.0,0.0,0.0,0.0,0.0,227.0,311.0,0.7,1.0,7.0,0.1,53.0,17.0,0.3,0.0,5.0,18.0,0.3,9.0,19.0,19.0,614768,2021-12-05 19:45:00,2021
Empoli,12.0,4.0,0.0,1.0,8.0,6.0,58.0,22.0,9.0,0.4,0.0,0.0,417.0,496.0,0.8,4.0,20.0,0.2,48.0,32.0,0.7,7.0,10.0,20.0,0.5,5.0,11.0,11.0,Udinese,18.0,3.0,0.0,1.0,6.0,5.0,42.0,19.0,8.0,0.4,0.0,0.0,285.0,358.0,0.8,5.0,16.0,0.3,48.0,28.0,0.6,5.0,13.0,18.0,0.7,10.0,29.0,29.0,614775,2021-12-06 17:30:00,2021
Cagliari,12.0,2.0,0.0,4.0,5.0,3.0,48.6,15.0,2.0,0.1,0.0,0.0,251.0,361.0,0.7,8.0,26.0,0.3,63.0,28.0,0.4,5.0,12.0,17.0,0.7,9.0,11.0,11.0,Torino,24.0,4.0,0.0,5.0,2.0,1.0,51.4,8.0,3.0,0.4,0.0,0.0,276.0,394.0,0.7,6.0,12.0,0.5,61.0,19.0,0.3,0.0,11.0,17.0,0.6,10.0,26.0,26.0,614774,2021-12-06 19:45:00,2021
Genoa,15.0,2.0,0.0,0.0,8.0,3.0,53.2,12.0,2.0,0.2,0.0,0.0,319.0,422.0,0.8,3.0,28.0,0.1,59.0,28.0,0.5,3.0,10.0,14.0,0.7,14.0,17.0,17.0,Sampdoria,17.0,2.0,0.0,3.0,3.0,1.0,46.8,14.0,5.0,0.4,0.0,0.0,266.0,381.0,0.7,2.0,13.0,0.2,64.0,21.0,0.3,5.0,17.0,23.0,0.7,9.0,33.0,33.0,614764,2021-12-10 19:45:00,2021
Fiorentina,9.0,1.0,0.0,1.0,1.0,6.0,70.2,17.0,9.0,0.5,0.0,0.0,645.0,720.0,0.9,10.0,22.0,0.5,69.0,53.0,0.8,3.0,9.0,18.0,0.5,6.0,7.0,7.0,Salernitana,11.0,1.0,0.0,1.0,3.0,5.0,29.8,11.0,6.0,0.5,0.0,0.0,226.0,302.0,0.7,6.0,9.0,0.7,38.0,12.0,0.3,4.0,9.0,19.0,0.5,8.0,15.0,15.0,614763,2021-12-11 14:00:00,2021
Venezia,20.0,4.0,0.0,0.0,3.0,5.0,38.8,13.0,4.0,0.3,0.0,0.0,269.0,346.0,0.8,4.0,20.0,0.2,58.0,30.0,0.5,2.0,6.0,14.0,0.4,16.0,21.0,21.0,Juventus,10.0,2.0,0.0,0.0,11.0,3.0,61.2,20.0,6.0,0.3,0.0,0.0,475.0,550.0,0.9,6.0,28.0,0.2,68.0,47.0,0.7,7.0,8.0,14.0,0.6,10.0,21.0,21.0,614760,2021-12-11 17:00:00,2021
Udinese,17.0,3.0,1.0,1.0,3.0,0.0,34.3,11.0,6.0,0.5,0.0,0.0,237.0,331.0,0.7,3.0,10.0,0.3,77.0,33.0,0.4,1.0,6.0,11.0,0.5,12.0,28.0,28.0,AC Milan,10.0,1.0,0.0,4.0,5.0,5.0,65.7,12.0,1.0,0.1,0.0,0.0,529.0,625.0,0.8,11.0,24.0,0.5,81.0,50.0,0.6,1.0,14.0,23.0,0.6,8.0,10.0,10.0,614762,2021-12-11 19:45:00,2021
Torino,16.0,2.0,0.0,5.0,5.0,4.0,48.3,16.0,7.0,0.4,0.0,0.0,306.0,394.0,0.8,3.0,20.0,0.2,58.0,19.0,0.3,2.0,8.0,14.0,0.6,2.0,11.0,11.0,Bologna,18.0,4.0,0.0,1.0,0.0,7.0,51.7,8.0,5.0,0.6,1.0,1.0,328.0,431.0,0.8,0.0,4.0,0.0,70.0,33.0,0.5,1.0,7.0,13.0,0.5,9.0,23.0,23.0,614757,2021-12-12 11:30:00,2021
Hellas Verona,13.0,2.0,0.0,1.0,6.0,4.0,52.8,19.0,4.0,0.2,0.0,0.0,298.0,440.0,0.7,8.0,30.0,0.3,72.0,30.0,0.4,7.0,7.0,13.0,0.5,12.0,22.0,22.0,Atalanta,10.0,1.0,0.0,2.0,6.0,2.0,47.2,14.0,6.0,0.4,0.0,0.0,273.0,406.0,0.7,4.0,12.0,0.3,69.0,26.0,0.4,2.0,8.0,16.0,0.5,15.0,19.0,19.0,614756,2021-12-12 14:00:00,2021
Napoli,8.0,0.0,0.0,1.0,10.0,4.0,60.2,30.0,6.0,0.2,0.0,0.0,473.0,548.0,0.9,5.0,27.0,0.2,51.0,32.0,0.6,11.0,7.0,12.0,0.6,3.0,5.0,5.0,Empoli,11.0,1.0,0.0,5.0,3.0,6.0,39.8,12.0,5.0,0.4,0.0,0.0,304.0,373.0,0.8,3.0,9.0,0.3,48.0,19.0,0.4,2.0,11.0,17.0,0.6,8.0,42.0,42.0,614759,2021-12-12 17:00:00,2021
Sassuolo,9.0,1.0,1.0,1.0,6.0,1.0,59.5,17.0,6.0,0.4,0.0,0.0,560.0,640.0,0.9,3.0,14.0,0.2,59.0,34.0,0.6,8.0,6.0,13.0,0.5,6.0,14.0,14.0,Lazio,11.0,2.0,0.0,4.0,0.0,4.0,40.5,6.0,2.0,0.3,0.0,0.0,360.0,437.0,0.8,0.0,7.0,0.0,44.0,22.0,0.5,0.0,11.0,23.0,0.5,5.0,19.0,19.0,614761,2021-12-12 17:00:00,2021
Internazionale,9.0,1.0,0.0,2.0,9.0,2.0,75.3,24.0,15.0,0.6,0.0,1.0,698.0,769.0,0.9,6.0,22.0,0.3,52.0,37.0,0.7,2.0,5.0,12.0,0.4,10.0,4.0,4.0,Cagliari,13.0,2.0,0.0,2.0,1.0,11.0,24.7,5.0,2.0,0.4,0.0,0.0,186.0,249.0,0.7,1.0,5.0,0.2,42.0,15.0,0.4,1.0,3.0,8.0,0.4,8.0,22.0,22.0,614758,2021-12-12 19:45:00,2021
AS Roma,13.0,2.0,1.0,0.0,10.0,2.0,52.2,12.0,6.0,0.5,0.0,0.0,421.0,501.0,0.8,5.0,20.0,0.3,61.0,41.0,0.7,4.0,8.0,12.0,0.7,15.0,22.0,22.0,Spezia,7.0,1.0,0.0,4.0,4.0,3.0,47.8,8.0,2.0,0.3,0.0,0.0,382.0,456.0,0.8,7.0,21.0,0.3,67.0,44.0,0.7,3.0,12.0,17.0,0.7,7.0,18.0,18.0,614765,2021-12-13 19:45:00,2021
Lazio,9.0,0.0,0.0,1.0,5.0,1.0,55.2,11.0,5.0,0.5,0.0,0.0,555.0,634.0,0.9,3.0,13.0,0.2,65.0,54.0,0.8,3.0,11.0,17.0,0.6,5.0,8.0,8.0,Genoa,8.0,3.0,0.0,1.0,2.0,2.0,44.8,4.0,2.0,0.5,0.0,0.0,441.0,513.0,0.9,3.0,16.0,0.2,51.0,30.0,0.6,1.0,9.0,18.0,0.5,15.0,15.0,15.0,614747,2021-12-17 17:30:00,2021
Salernitana,10.0,1.0,0.0,1.0,3.0,3.0,33.9,10.0,2.0,0.2,0.0,0.0,249.0,316.0,0.8,3.0,14.0,0.2,48.0,29.0,0.6,5.0,9.0,13.0,0.7,12.0,21.0,21.0,Internazionale,10.0,2.0,0.0,0.0,11.0,2.0,66.1,23.0,8.0,0.3,0.0,0.0,560.0,627.0,0.9,10.0,23.0,0.4,44.0,31.0,0.7,4.0,10.0,15.0,0.7,10.0,9.0,9.0,614749,2021-12-17 19:45:00,2021
Atalanta,11.0,1.0,0.0,3.0,10.0,1.0,71.3,17.0,6.0,0.4,0.0,0.0,568.0,648.0,0.9,9.0,31.0,0.3,34.0,17.0,0.5,3.0,11.0,22.0,0.5,9.0,3.0,3.0,AS Roma,16.0,3.0,0.0,2.0,0.0,6.0,28.7,8.0,5.0,0.6,0.0,0.0,200.0,269.0,0.7,0.0,3.0,0.0,55.0,24.0,0.4,2.0,14.0,21.0,0.7,18.0,31.0,31.0,614752,2021-12-18 14:00:00,2021
Bologna,7.0,1.0,0.0,0.0,8.0,5.0,57.7,11.0,3.0,0.3,0.0,0.0,458.0,548.0,0.8,5.0,24.0,0.2,50.0,27.0,0.5,5.0,12.0,19.0,0.6,14.0,15.0,15.0,Juventus,19.0,1.0,0.0,1.0,5.0,3.0,42.3,11.0,7.0,0.6,0.0,0.0,317.0,406.0,0.8,2.0,12.0,0.2,60.0,31.0,0.5,2.0,8.0,11.0,0.7,9.0,22.0,22.0,614750,2021-12-18 17:00:00,2021
Cagliari,12.0,2.0,1.0,0.0,4.0,1.0,55.3,5.0,2.0,0.4,0.0,0.0,408.0,493.0,0.8,3.0,18.0,0.2,68.0,37.0,0.5,3.0,2.0,5.0,0.4,12.0,15.0,15.0,Udinese,14.0,2.0,0.0,2.0,2.0,2.0,44.7,10.0,5.0,0.5,0.0,0.0,327.0,409.0,0.8,0.0,3.0,0.0,53.0,23.0,0.4,1.0,4.0,9.0,0.4,5.0,17.0,17.0,614754,2021-12-18 19:45:00,2021
Fiorentina,7.0,1.0,1.0,2.0,10.0,2.0,56.9,23.0,8.0,0.3,0.0,0.0,433.0,500.0,0.9,6.0,25.0,0.2,63.0,36.0,0.6,5.0,10.0,15.0,0.7,10.0,8.0,8.0,Sassuolo,14.0,5.0,0.0,1.0,3.0,6.0,43.1,8.0,4.0,0.5,0.0,0.0,315.0,389.0,0.8,2.0,7.0,0.3,53.0,28.0,0.5,2.0,13.0,18.0,0.7,6.0,21.0,21.0,614753,2021-12-19 11:30:00,2021
Spezia,20.0,3.0,0.0,2.0,3.0,6.0,34.6,9.0,2.0,0.2,0.0,0.0,204.0,283.0,0.7,4.0,9.0,0.4,70.0,26.0,0.4,3.0,10.0,17.0,0.6,14.0,18.0,18.0,Empoli,9.0,2.0,0.0,4.0,5.0,2.0,65.4,22.0,6.0,0.3,0.0,0.0,455.0,533.0,0.9,9.0,28.0,0.3,48.0,27.0,0.6,5.0,15.0,22.0,0.7,2.0,3.0,3.0,614746,2021-12-19 14:00:00,2021
Torino,15.0,1.0,0.0,2.0,5.0,2.0,66.9,8.0,1.0,0.1,0.0,0.0,469.0,569.0,0.8,5.0,24.0,0.2,58.0,23.0,0.4,3.0,4.0,8.0,0.5,5.0,15.0,15.0,Hellas Verona,7.0,2.0,1.0,4.0,3.0,1.0,33.1,8.0,2.0,0.3,0.0,0.0,183.0,281.0,0.7,3.0,12.0,0.3,72.0,24.0,0.3,2.0,6.0,11.0,0.5,7.0,22.0,22.0,614748,2021-12-19 17:00:00,2021
Sampdoria,8.0,2.0,0.0,1.0,4.0,0.0,48.8,18.0,8.0,0.4,0.0,0.0,304.0,408.0,0.7,4.0,13.0,0.3,62.0,32.0,0.5,3.0,4.0,6.0,0.7,9.0,23.0,23.0,Venezia,17.0,1.0,0.0,2.0,3.0,6.0,51.2,12.0,1.0,0.1,0.0,0.0,313.0,414.0,0.8,5.0,25.0,0.2,63.0,27.0,0.4,2.0,8.0,11.0,0.7,11.0,16.0,16.0,614755,2021-12-19 17:00:00,2021
AC Milan,14.0,0.0,0.0,5.0,5.0,1.0,48.9,12.0,2.0,0.2,0.0,0.0,378.0,480.0,0.8,3.0,22.0,0.1,57.0,27.0,0.5,2.0,11.0,16.0,0.7,18.0,6.0,6.0,Napoli,18.0,2.0,0.0,0.0,5.0,2.0,51.1,11.0,2.0,0.2,0.0,0.0,414.0,510.0,0.8,3.0,14.0,0.2,65.0,32.0,0.5,7.0,7.0,11.0,0.6,11.0,36.0,36.0,614751,2021-12-19 19:45:00,2021
Genoa,13.0,2.0,0.0,3.0,3.0,3.0,32.8,1.0,0.0,0.0,0.0,0.0,177.0,316.0,0.6,2.0,7.0,0.3,73.0,22.0,0.3,0.0,13.0,26.0,0.5,19.0,36.0,36.0,Atalanta,15.0,1.0,0.0,3.0,8.0,0.0,67.2,17.0,3.0,0.2,0.0,0.0,489.0,633.0,0.8,6.0,27.0,0.2,75.0,25.0,0.3,5.0,14.0,19.0,0.7,19.0,10.0,10.0,614736,2021-12-21 19:45:00,2021
Juventus,16.0,0.0,0.0,3.0,7.0,1.0,63.0,15.0,4.0,0.3,0.0,0.0,501.0,584.0,0.9,8.0,21.0,0.4,65.0,46.0,0.7,5.0,5.0,8.0,0.6,3.0,8.0,8.0,Cagliari,12.0,3.0,0.0,1.0,1.0,2.0,37.0,6.0,1.0,0.2,0.0,0.0,253.0,341.0,0.7,6.0,14.0,0.4,67.0,29.0,0.4,0.0,10.0,16.0,0.6,10.0,17.0,17.0,614738,2021-12-21 19:45:00,2021
Venezia,11.0,3.0,1.0,0.0,4.0,1.0,47.1,11.0,2.0,0.2,0.0,0.0,414.0,477.0,0.9,6.0,20.0,0.3,50.0,27.0,0.5,4.0,8.0,11.0,0.7,14.0,9.0,9.0,Lazio,10.0,3.0,0.0,1.0,4.0,1.0,52.9,7.0,4.0,0.6,0.0,0.0,483.0,550.0,0.9,3.0,11.0,0.3,56.0,44.0,0.8,1.0,8.0,16.0,0.5,5.0,20.0,20.0,614740,2021-12-22 15:30:00,2021
Sassuolo,14.0,1.0,0.0,2.0,5.0,2.0,60.7,13.0,5.0,0.4,0.0,0.0,457.0,530.0,0.9,2.0,10.0,0.2,48.0,26.0,0.5,1.0,5.0,10.0,0.5,7.0,11.0,11.0,Bologna,12.0,3.0,0.0,7.0,5.0,5.0,39.3,9.0,5.0,0.6,0.0,0.0,276.0,332.0,0.8,1.0,14.0,0.1,49.0,25.0,0.5,0.0,10.0,17.0,0.6,13.0,12.0,12.0,614737,2021-12-22 15:30:00,2021
Internazionale,11.0,1.0,0.0,2.0,7.0,3.0,53.6,15.0,3.0,0.2,0.0,0.0,377.0,479.0,0.8,3.0,16.0,0.2,72.0,39.0,0.5,4.0,9.0,14.0,0.6,9.0,16.0,16.0,Torino,17.0,0.0,0.0,1.0,4.0,2.0,46.4,12.0,3.0,0.3,0.0,0.0,319.0,410.0,0.8,4.0,20.0,0.2,75.0,37.0,0.5,5.0,7.0,12.0,0.6,12.0,13.0,13.0,614745,2021-12-22 17:30:00,2021
Hellas Verona,15.0,2.0,0.0,6.0,3.0,0.0,38.6,7.0,2.0,0.3,0.0,0.0,223.0,334.0,0.7,2.0,10.0,0.2,58.0,17.0,0.3,1.0,9.0,14.0,0.6,8.0,22.0,22.0,Fiorentina,5.0,1.0,0.0,2.0,8.0,1.0,61.4,11.0,1.0,0.1,0.0,0.0,411.0,520.0,0.8,6.0,28.0,0.2,76.0,42.0,0.6,5.0,14.0,22.0,0.6,9.0,14.0,14.0,614739,2021-12-22 17:30:00,2021
AS Roma,6.0,0.0,0.0,1.0,10.0,1.0,54.6,15.0,4.0,0.3,0.0,0.0,429.0,524.0,0.8,8.0,29.0,0.3,47.0,28.0,0.6,0.0,10.0,18.0,0.6,8.0,5.0,5.0,Sampdoria,8.0,3.0,0.0,3.0,2.0,3.0,45.4,9.0,2.0,0.2,0.0,0.0,359.0,450.0,0.8,1.0,9.0,0.1,56.0,20.0,0.4,3.0,6.0,18.0,0.3,13.0,33.0,33.0,614743,2021-12-22 17:30:00,2021
Napoli,14.0,2.0,0.0,3.0,10.0,0.0,65.1,26.0,7.0,0.3,0.0,0.0,529.0,596.0,0.9,9.0,29.0,0.3,35.0,28.0,0.8,6.0,8.0,17.0,0.5,1.0,12.0,12.0,Spezia,12.0,3.0,0.0,2.0,5.0,6.0,34.9,8.0,0.0,0.0,0.0,0.0,240.0,319.0,0.8,2.0,13.0,0.2,65.0,24.0,0.4,6.0,12.0,17.0,0.7,8.0,29.0,29.0,614744,2021-12-22 19:45:00,2021
Empoli,18.0,1.0,0.0,2.0,7.0,4.0,54.8,16.0,5.0,0.3,1.0,1.0,388.0,478.0,0.8,4.0,22.0,0.2,43.0,26.0,0.6,3.0,13.0,17.0,0.8,9.0,12.0,12.0,AC Milan,10.0,2.0,0.0,0.0,3.0,3.0,45.2,18.0,8.0,0.4,0.0,0.0,314.0,391.0,0.8,2.0,19.0,0.1,53.0,25.0,0.5,2.0,8.0,18.0,0.4,8.0,23.0,23.0,614741,2021-12-22 19:45:00,2021
Sampdoria,12.0,1.0,1.0,2.0,0.0,5.0,49.2,4.0,1.0,0.3,0.0,0.0,344.0,456.0,0.8,4.0,18.0,0.2,57.0,30.0,0.5,1.0,8.0,12.0,0.7,5.0,12.0,12.0,Cagliari,17.0,3.0,0.0,1.0,5.0,0.0,50.8,15.0,7.0,0.5,0.0,0.0,373.0,477.0,0.8,3.0,17.0,0.2,70.0,32.0,0.5,2.0,9.0,13.0,0.7,6.0,24.0,24.0,614726,2022-01-06 11:30:00,2022
Lazio,13.0,4.0,0.0,2.0,9.0,1.0,62.4,23.0,10.0,0.4,0.0,1.0,476.0,541.0,0.9,5.0,29.0,0.2,41.0,28.0,0.7,3.0,10.0,13.0,0.8,5.0,14.0,14.0,Empoli,11.0,4.0,0.0,2.0,2.0,6.0,37.6,11.0,4.0,0.4,1.0,1.0,250.0,328.0,0.8,0.0,9.0,0.0,50.0,22.0,0.4,4.0,3.0,10.0,0.3,10.0,35.0,35.0,614727,2022-01-06 13:30:00,2022
Spezia,14.0,3.0,1.0,0.0,6.0,3.0,40.4,9.0,3.0,0.3,0.0,0.0,198.0,306.0,0.6,2.0,15.0,0.1,64.0,22.0,0.3,1.0,9.0,13.0,0.7,14.0,20.0,20.0,Hellas Verona,11.0,2.0,0.0,4.0,7.0,2.0,59.6,22.0,5.0,0.2,0.0,0.0,357.0,460.0,0.8,5.0,20.0,0.3,49.0,22.0,0.4,6.0,8.0,15.0,0.5,7.0,15.0,15.0,614729,2022-01-06 13:30:00,2022
Sassuolo,8.0,3.0,0.0,0.0,7.0,0.0,74.5,28.0,7.0,0.3,0.0,0.0,674.0,748.0,0.9,5.0,25.0,0.2,62.0,51.0,0.8,9.0,4.0,8.0,0.5,11.0,10.0,10.0,Genoa,11.0,0.0,0.0,2.0,4.0,6.0,25.5,4.0,1.0,0.3,0.0,0.0,170.0,248.0,0.7,3.0,14.0,0.2,48.0,23.0,0.5,1.0,10.0,22.0,0.5,20.0,30.0,30.0,614728,2022-01-06 15:30:00,2022
AC Milan,6.0,2.0,0.0,1.0,3.0,4.0,54.8,19.0,5.0,0.3,1.0,2.0,319.0,401.0,0.8,1.0,12.0,0.1,57.0,26.0,0.5,4.0,8.0,12.0,0.7,21.0,15.0,15.0,AS Roma,20.0,3.0,2.0,3.0,9.0,2.0,45.2,11.0,5.0,0.5,0.0,0.0,243.0,328.0,0.7,1.0,16.0,0.1,52.0,22.0,0.4,5.0,12.0,19.0,0.6,16.0,19.0,19.0,614732,2022-01-06 17:30:00,2022
Juventus,8.0,2.0,0.0,1.0,5.0,3.0,44.0,22.0,5.0,0.2,0.0,0.0,397.0,453.0,0.9,4.0,18.0,0.2,38.0,20.0,0.5,8.0,15.0,19.0,0.8,15.0,14.0,14.0,Napoli,11.0,1.0,0.0,1.0,3.0,4.0,56.0,16.0,4.0,0.3,0.0,0.0,515.0,586.0,0.9,3.0,12.0,0.3,42.0,18.0,0.4,7.0,8.0,11.0,0.7,16.0,13.0,13.0,614731,2022-01-06 19:45:00,2022
Venezia,11.0,1.0,1.0,2.0,1.0,4.0,38.4,9.0,3.0,0.3,0.0,0.0,313.0,387.0,0.8,4.0,14.0,0.3,41.0,17.0,0.4,2.0,9.0,18.0,0.5,5.0,17.0,17.0,AC Milan,11.0,3.0,0.0,0.0,7.0,3.0,61.6,18.0,8.0,0.4,1.0,1.0,559.0,634.0,0.9,3.0,12.0,0.3,51.0,32.0,0.6,5.0,8.0,16.0,0.5,10.0,11.0,11.0,614721,2022-01-09 11:30:00,2022
Empoli,10.0,0.0,1.0,4.0,5.0,8.0,45.3,15.0,4.0,0.3,0.0,0.0,367.0,436.0,0.8,4.0,13.0,0.3,35.0,17.0,0.5,3.0,8.0,12.0,0.7,12.0,20.0,20.0,Sassuolo,15.0,3.0,0.0,3.0,5.0,3.0,54.7,25.0,14.0,0.6,1.0,1.0,472.0,535.0,0.9,1.0,12.0,0.1,63.0,40.0,0.6,4.0,8.0,10.0,0.8,10.0,15.0,15.0,614724,2022-01-09 13:30:00,2022
Udinese,9.0,2.0,0.0,2.0,2.0,1.0,39.5,8.0,4.0,0.5,0.0,0.0,320.0,413.0,0.8,3.0,11.0,0.3,59.0,17.0,0.3,1.0,9.0,17.0,0.5,6.0,15.0,15.0,Atalanta,12.0,2.0,0.0,1.0,5.0,3.0,60.5,21.0,7.0,0.3,0.0,0.0,543.0,633.0,0.9,3.0,21.0,0.1,54.0,26.0,0.5,11.0,9.0,20.0,0.5,14.0,11.0,11.0,614716,2022-01-09 15:30:00,2022
Napoli,12.0,0.0,0.0,1.0,13.0,1.0,68.8,22.0,5.0,0.2,0.0,0.0,639.0,709.0,0.9,6.0,27.0,0.2,30.0,18.0,0.6,8.0,10.0,13.0,0.8,4.0,8.0,8.0,Sampdoria,11.0,2.0,0.0,2.0,0.0,4.0,31.2,11.0,1.0,0.1,0.0,0.0,245.0,322.0,0.8,4.0,9.0,0.4,50.0,18.0,0.4,4.0,4.0,9.0,0.4,11.0,25.0,25.0,614723,2022-01-09 15:30:00,2022
AS Roma,11.0,3.0,0.0,1.0,8.0,1.0,52.3,19.0,7.0,0.4,0.0,1.0,338.0,420.0,0.8,6.0,20.0,0.3,39.0,17.0,0.4,9.0,7.0,20.0,0.4,7.0,14.0,14.0,Juventus,12.0,2.0,1.0,0.0,1.0,4.0,47.7,14.0,5.0,0.4,0.0,0.0,327.0,388.0,0.8,2.0,8.0,0.3,57.0,28.0,0.5,6.0,6.0,9.0,0.7,11.0,14.0,14.0,614719,2022-01-09 17:30:00,2022
Genoa,17.0,3.0,0.0,0.0,7.0,8.0,53.4,15.0,2.0,0.1,0.0,0.0,382.0,477.0,0.8,10.0,24.0,0.4,44.0,25.0,0.6,6.0,15.0,22.0,0.7,6.0,16.0,16.0,Spezia,15.0,3.0,0.0,1.0,4.0,2.0,46.6,17.0,9.0,0.5,0.0,0.0,325.0,423.0,0.8,2.0,17.0,0.1,76.0,36.0,0.5,3.0,9.0,19.0,0.5,8.0,17.0,17.0,614725,2022-01-09 17:30:00,2022
Hellas Verona,13.0,1.0,1.0,2.0,17.0,3.0,70.5,24.0,7.0,0.3,0.0,0.0,456.0,545.0,0.8,11.0,38.0,0.3,50.0,35.0,0.7,11.0,6.0,10.0,0.6,4.0,11.0,11.0,Salernitana,12.0,3.0,0.0,0.0,4.0,6.0,29.5,9.0,5.0,0.6,1.0,1.0,141.0,235.0,0.6,2.0,8.0,0.3,56.0,20.0,0.4,1.0,7.0,9.0,0.8,12.0,32.0,32.0,614722,2022-01-09 19:45:00,2022
Internazionale,11.0,1.0,0.0,3.0,5.0,1.0,60.5,17.0,6.0,0.4,0.0,0.0,570.0,640.0,0.9,4.0,19.0,0.2,46.0,24.0,0.5,6.0,11.0,14.0,0.8,10.0,23.0,23.0,Lazio,14.0,4.0,0.0,1.0,3.0,3.0,39.5,5.0,2.0,0.4,0.0,0.0,340.0,415.0,0.8,4.0,13.0,0.3,42.0,22.0,0.5,0.0,7.0,13.0,0.5,8.0,23.0,23.0,614720,2022-01-09 19:45:00,2022
Torino,16.0,2.0,0.0,2.0,1.0,3.0,45.4,9.0,6.0,0.7,0.0,0.0,288.0,384.0,0.8,2.0,10.0,0.2,68.0,26.0,0.4,1.0,8.0,11.0,0.7,10.0,14.0,14.0,Fiorentina,12.0,2.0,0.0,1.0,5.0,2.0,54.6,10.0,3.0,0.3,0.0,0.0,355.0,454.0,0.8,4.0,13.0,0.3,67.0,32.0,0.5,2.0,5.0,11.0,0.5,3.0,11.0,11.0,614718,2022-01-10 16:00:00,2022
Cagliari,12.0,3.0,0.0,3.0,6.0,2.0,52.4,13.0,4.0,0.3,0.0,0.0,318.0,413.0,0.8,8.0,27.0,0.3,55.0,30.0,0.5,2.0,9.0,15.0,0.6,17.0,17.0,17.0,Bologna,15.0,2.0,0.0,1.0,5.0,2.0,47.6,9.0,3.0,0.3,0.0,0.0,263.0,381.0,0.7,2.0,16.0,0.1,76.0,25.0,0.3,3.0,10.0,14.0,0.7,15.0,27.0,27.0,614717,2022-01-11 19:45:00,2022
Sampdoria,12.0,0.0,0.0,3.0,3.0,10.0,36.8,11.0,3.0,0.3,0.0,0.0,184.0,289.0,0.6,2.0,20.0,0.1,58.0,25.0,0.4,2.0,5.0,15.0,0.3,11.0,30.0,30.0,Torino,14.0,2.0,0.0,1.0,10.0,1.0,63.2,20.0,12.0,0.6,0.0,0.0,403.0,499.0,0.8,6.0,35.0,0.2,62.0,26.0,0.4,4.0,1.0,2.0,0.5,10.0,17.0,17.0,614714,2022-01-15 14:00:00,2022
Salernitana,11.0,2.0,0.0,0.0,3.0,5.0,26.5,6.0,1.0,0.2,0.0,0.0,244.0,306.0,0.8,5.0,15.0,0.3,44.0,22.0,0.5,2.0,8.0,11.0,0.7,10.0,13.0,13.0,Lazio,16.0,3.0,0.0,1.0,7.0,1.0,73.5,15.0,8.0,0.5,0.0,0.0,810.0,878.0,0.9,7.0,15.0,0.5,61.0,51.0,0.8,4.0,7.0,9.0,0.8,6.0,13.0,13.0,614711,2022-01-15 17:00:00,2022
Juventus,13.0,1.0,0.0,1.0,7.0,3.0,66.8,14.0,4.0,0.3,0.0,0.0,592.0,671.0,0.9,5.0,20.0,0.3,55.0,37.0,0.7,4.0,7.0,23.0,0.3,14.0,13.0,13.0,Udinese,10.0,2.0,0.0,0.0,7.0,2.0,33.2,16.0,3.0,0.2,0.0,0.0,264.0,328.0,0.8,5.0,16.0,0.3,37.0,16.0,0.4,5.0,10.0,15.0,0.7,10.0,22.0,22.0,614715,2022-01-15 19:45:00,2022
Sassuolo,6.0,2.0,0.0,0.0,9.0,2.0,56.3,13.0,5.0,0.4,0.0,0.0,337.0,432.0,0.8,5.0,26.0,0.2,61.0,27.0,0.4,2.0,10.0,14.0,0.7,4.0,22.0,22.0,Hellas Verona,18.0,4.0,0.0,8.0,7.0,3.0,43.7,21.0,6.0,0.3,1.0,1.0,262.0,345.0,0.8,3.0,16.0,0.2,40.0,22.0,0.6,3.0,7.0,16.0,0.4,17.0,24.0,24.0,614709,2022-01-16 11:30:00,2022
Venezia,13.0,3.0,0.0,0.0,6.0,5.0,48.9,14.0,3.0,0.2,0.0,0.0,287.0,370.0,0.8,7.0,26.0,0.3,54.0,26.0,0.5,6.0,9.0,13.0,0.7,5.0,22.0,22.0,Empoli,16.0,5.0,0.0,1.0,5.0,2.0,51.1,18.0,6.0,0.3,0.0,0.0,313.0,396.0,0.8,11.0,17.0,0.6,45.0,19.0,0.4,5.0,15.0,18.0,0.8,13.0,23.0,23.0,614707,2022-01-16 14:00:00,2022
AS Roma,13.0,3.0,0.0,2.0,1.0,2.0,56.8,15.0,7.0,0.5,1.0,1.0,434.0,536.0,0.8,3.0,10.0,0.3,70.0,36.0,0.5,4.0,4.0,7.0,0.6,10.0,13.0,13.0,Cagliari,18.0,4.0,0.0,2.0,1.0,6.0,43.2,8.0,2.0,0.3,0.0,0.0,286.0,386.0,0.7,8.0,24.0,0.3,54.0,21.0,0.4,3.0,13.0,25.0,0.5,12.0,11.0,11.0,614706,2022-01-16 17:00:00,2022
Atalanta,12.0,2.0,0.0,0.0,6.0,3.0,36.2,12.0,6.0,0.5,0.0,0.0,274.0,366.0,0.7,6.0,16.0,0.4,62.0,29.0,0.5,4.0,8.0,12.0,0.7,20.0,11.0,11.0,Internazionale,10.0,2.0,0.0,3.0,4.0,6.0,63.8,11.0,3.0,0.3,0.0,0.0,563.0,660.0,0.9,6.0,15.0,0.4,63.0,44.0,0.7,1.0,8.0,16.0,0.5,9.0,9.0,9.0,614710,2022-01-16 19:45:00,2022
AC Milan,11.0,2.0,0.0,1.0,10.0,4.0,60.4,25.0,8.0,0.3,0.0,1.0,411.0,492.0,0.8,7.0,27.0,0.3,56.0,25.0,0.4,6.0,7.0,11.0,0.6,8.0,6.0,6.0,Spezia,17.0,5.0,0.0,4.0,1.0,7.0,39.6,10.0,6.0,0.6,0.0,0.0,249.0,329.0,0.8,3.0,9.0,0.3,58.0,28.0,0.5,1.0,15.0,19.0,0.8,11.0,22.0,22.0,614713,2022-01-17 17:30:00,2022
Bologna,9.0,3.0,0.0,0.0,1.0,3.0,38.6,12.0,5.0,0.4,0.0,0.0,318.0,397.0,0.8,3.0,12.0,0.3,38.0,21.0,0.6,1.0,5.0,5.0,1.0,13.0,13.0,13.0,Napoli,11.0,1.0,0.0,2.0,4.0,5.0,61.4,14.0,5.0,0.4,0.0,0.0,550.0,639.0,0.9,0.0,10.0,0.0,44.0,26.0,0.6,3.0,8.0,18.0,0.4,13.0,10.0,10.0,614712,2022-01-17 17:30:00,2022
Fiorentina,10.0,1.0,0.0,1.0,4.0,0.0,73.5,22.0,12.0,0.5,0.0,1.0,685.0,752.0,0.9,5.0,12.0,0.4,54.0,43.0,0.8,4.0,5.0,6.0,0.8,8.0,5.0,5.0,Genoa,11.0,3.0,0.0,2.0,0.0,6.0,26.5,3.0,0.0,0.0,0.0,0.0,203.0,269.0,0.8,1.0,5.0,0.2,54.0,20.0,0.4,0.0,2.0,13.0,0.2,14.0,22.0,22.0,614708,2022-01-17 19:45:00,2022
Hellas Verona,21.0,2.0,0.0,5.0,7.0,1.0,56.1,14.0,6.0,0.4,0.0,0.0,325.0,441.0,0.7,7.0,24.0,0.3,77.0,26.0,0.3,2.0,6.0,14.0,0.4,12.0,18.0,18.0,Bologna,9.0,4.0,0.0,0.0,2.0,4.0,43.9,8.0,2.0,0.3,0.0,0.0,230.0,356.0,0.6,1.0,10.0,0.1,85.0,24.0,0.3,2.0,9.0,19.0,0.5,16.0,18.0,18.0,614697,2022-01-21 19:45:00,2022
Genoa,27.0,2.0,1.0,1.0,10.0,0.0,51.1,10.0,3.0,0.3,0.0,0.0,178.0,311.0,0.6,4.0,23.0,0.2,62.0,25.0,0.4,4.0,16.0,24.0,0.7,7.0,18.0,18.0,Udinese,17.0,4.0,0.0,0.0,4.0,3.0,48.9,2.0,0.0,0.0,0.0,0.0,182.0,312.0,0.6,2.0,9.0,0.2,71.0,17.0,0.2,0.0,10.0,22.0,0.5,6.0,29.0,29.0,614704,2022-01-22 14:00:00,2022
Internazionale,13.0,3.0,0.0,2.0,6.0,2.0,70.5,24.0,12.0,0.5,0.0,0.0,596.0,679.0,0.9,9.0,33.0,0.3,27.0,24.0,0.9,8.0,9.0,16.0,0.6,4.0,7.0,7.0,Venezia,9.0,4.0,0.0,1.0,0.0,10.0,29.5,3.0,3.0,1.0,0.0,0.0,209.0,286.0,0.7,2.0,6.0,0.3,66.0,28.0,0.4,0.0,7.0,11.0,0.6,14.0,39.0,39.0,614705,2022-01-22 17:00:00,2022
Lazio,10.0,0.0,0.0,2.0,4.0,2.0,61.2,9.0,1.0,0.1,0.0,0.0,602.0,687.0,0.9,6.0,24.0,0.3,70.0,50.0,0.7,3.0,15.0,18.0,0.8,5.0,4.0,4.0,Atalanta,17.0,3.0,0.0,2.0,1.0,1.0,38.8,6.0,2.0,0.3,0.0,0.0,365.0,445.0,0.8,2.0,4.0,0.5,72.0,38.0,0.5,2.0,11.0,14.0,0.8,15.0,21.0,21.0,614696,2022-01-22 19:45:00,2022
Cagliari,21.0,3.0,0.0,4.0,6.0,5.0,40.3,12.0,3.0,0.3,0.0,1.0,163.0,244.0,0.7,6.0,19.0,0.3,59.0,25.0,0.4,5.0,3.0,9.0,0.3,9.0,20.0,20.0,Fiorentina,16.0,3.0,1.0,1.0,4.0,1.0,59.7,16.0,6.0,0.4,0.0,1.0,297.0,383.0,0.8,6.0,15.0,0.4,68.0,38.0,0.6,3.0,13.0,20.0,0.7,5.0,17.0,17.0,614698,2022-01-23 11:30:00,2022
Napoli,9.0,0.0,0.0,3.0,10.0,0.0,81.8,26.0,14.0,0.5,2.0,2.0,870.0,934.0,0.9,4.0,23.0,0.2,32.0,24.0,0.8,8.0,7.0,11.0,0.6,1.0,3.0,3.0,Salernitana,14.0,2.0,1.0,1.0,0.0,10.0,18.2,1.0,1.0,1.0,0.0,0.0,136.0,209.0,0.7,2.0,4.0,0.5,50.0,17.0,0.3,0.0,6.0,13.0,0.5,9.0,27.0,27.0,614701,2022-01-23 14:00:00,2022
Spezia,24.0,2.0,0.0,1.0,2.0,0.0,41.6,7.0,2.0,0.3,0.0,0.0,253.0,354.0,0.7,3.0,11.0,0.3,78.0,35.0,0.4,2.0,6.0,8.0,0.8,12.0,18.0,18.0,Sampdoria,12.0,2.0,1.0,2.0,4.0,1.0,58.4,8.0,0.0,0.0,0.0,0.0,394.0,494.0,0.8,5.0,21.0,0.2,63.0,32.0,0.5,3.0,6.0,10.0,0.6,13.0,10.0,10.0,614702,2022-01-23 14:00:00,2022
Torino,21.0,3.0,0.0,5.0,4.0,0.0,50.3,21.0,6.0,0.3,0.0,0.0,319.0,405.0,0.8,7.0,20.0,0.4,54.0,23.0,0.4,5.0,6.0,9.0,0.7,6.0,12.0,12.0,Sassuolo,15.0,3.0,0.0,1.0,3.0,5.0,49.7,6.0,1.0,0.2,0.0,0.0,307.0,409.0,0.8,1.0,9.0,0.1,70.0,34.0,0.5,3.0,6.0,12.0,0.5,6.0,15.0,15.0,614703,2022-01-23 14:00:00,2022
Empoli,14.0,2.0,0.0,0.0,2.0,4.0,58.4,16.0,7.0,0.4,0.0,0.0,414.0,499.0,0.8,5.0,16.0,0.3,47.0,25.0,0.5,3.0,6.0,10.0,0.6,16.0,6.0,6.0,AS Roma,14.0,2.0,0.0,1.0,3.0,5.0,41.6,16.0,8.0,0.5,0.0,0.0,274.0,352.0,0.8,5.0,13.0,0.4,61.0,29.0,0.5,3.0,10.0,15.0,0.7,13.0,17.0,17.0,614700,2022-01-23 17:00:00,2022
AC Milan,16.0,2.0,0.0,2.0,4.0,0.0,46.6,14.0,4.0,0.3,0.0,0.0,368.0,450.0,0.8,4.0,21.0,0.2,50.0,28.0,0.6,5.0,13.0,21.0,0.6,8.0,12.0,12.0,Juventus,19.0,2.0,0.0,3.0,1.0,4.0,53.4,8.0,0.0,0.0,0.0,0.0,451.0,529.0,0.9,2.0,9.0,0.2,56.0,32.0,0.6,2.0,8.0,16.0,0.5,12.0,22.0,22.0,614699,2022-01-23 19:45:00,2022
AS Roma,8.0,3.0,1.0,1.0,6.0,3.0,63.0,23.0,3.0,0.1,0.0,0.0,374.0,480.0,0.8,5.0,21.0,0.2,85.0,55.0,0.6,6.0,5.0,16.0,0.3,10.0,19.0,19.0,Genoa,23.0,2.0,1.0,2.0,4.0,3.0,37.0,10.0,3.0,0.3,0.0,0.0,161.0,284.0,0.6,5.0,13.0,0.4,69.0,18.0,0.3,5.0,13.0,18.0,0.7,11.0,25.0,25.0,614688,2022-02-05 14:00:00,2022
Internazionale,20.0,2.0,1.0,1.0,6.0,1.0,46.0,11.0,5.0,0.5,0.0,0.0,294.0,349.0,0.8,7.0,26.0,0.3,48.0,35.0,0.7,4.0,6.0,16.0,0.4,8.0,10.0,10.0,AC Milan,14.0,4.0,1.0,2.0,4.0,4.0,54.0,10.0,3.0,0.3,0.0,0.0,360.0,430.0,0.8,1.0,8.0,0.1,51.0,28.0,0.5,4.0,10.0,16.0,0.6,9.0,19.0,19.0,614691,2022-02-05 17:00:00,2022
Fiorentina,13.0,1.0,1.0,2.0,4.0,5.0,50.0,9.0,3.0,0.3,0.0,0.0,417.0,479.0,0.9,4.0,22.0,0.2,54.0,32.0,0.6,1.0,6.0,10.0,0.6,11.0,7.0,7.0,Lazio,15.0,5.0,0.0,2.0,3.0,3.0,50.0,12.0,7.0,0.6,0.0,0.0,421.0,495.0,0.9,0.0,6.0,0.0,46.0,28.0,0.6,0.0,6.0,11.0,0.5,10.0,13.0,13.0,614690,2022-02-05 19:45:00,2022
Atalanta,13.0,1.0,1.0,1.0,3.0,2.0,60.5,10.0,3.0,0.3,0.0,0.0,486.0,580.0,0.8,1.0,19.0,0.1,49.0,16.0,0.3,4.0,4.0,13.0,0.3,11.0,9.0,9.0,Cagliari,14.0,5.0,0.0,3.0,1.0,2.0,39.5,7.0,4.0,0.6,0.0,0.0,287.0,381.0,0.8,1.0,8.0,0.1,76.0,48.0,0.6,1.0,10.0,16.0,0.6,12.0,23.0,23.0,614686,2022-02-06 11:30:00,2022
Sampdoria,15.0,2.0,0.0,2.0,3.0,9.0,39.0,11.0,7.0,0.6,1.0,1.0,247.0,324.0,0.8,4.0,9.0,0.4,61.0,25.0,0.4,1.0,8.0,16.0,0.5,18.0,22.0,22.0,Sassuolo,16.0,2.0,0.0,0.0,9.0,3.0,61.0,26.0,9.0,0.3,0.0,0.0,420.0,496.0,0.8,7.0,24.0,0.3,50.0,40.0,0.8,8.0,4.0,6.0,0.7,6.0,11.0,11.0,614693,2022-02-06 14:00:00,2022
Venezia,12.0,2.0,1.0,0.0,2.0,4.0,33.6,7.0,3.0,0.4,0.0,0.0,282.0,363.0,0.8,6.0,14.0,0.4,54.0,23.0,0.4,0.0,7.0,14.0,0.5,17.0,19.0,19.0,Napoli,11.0,2.0,0.0,0.0,6.0,3.0,66.4,16.0,6.0,0.4,0.0,0.0,640.0,738.0,0.9,5.0,16.0,0.3,49.0,27.0,0.6,4.0,10.0,17.0,0.6,4.0,7.0,7.0,614692,2022-02-06 14:00:00,2022
Bologna,10.0,2.0,0.0,5.0,3.0,4.0,60.2,12.0,2.0,0.2,0.0,0.0,423.0,514.0,0.8,3.0,18.0,0.2,64.0,40.0,0.6,3.0,7.0,15.0,0.5,14.0,17.0,17.0,Empoli,15.0,4.0,0.0,1.0,5.0,2.0,39.8,15.0,4.0,0.3,0.0,0.0,243.0,334.0,0.7,3.0,15.0,0.2,47.0,19.0,0.4,4.0,4.0,6.0,0.7,9.0,24.0,24.0,614687,2022-02-06 14:00:00,2022
Udinese,12.0,3.0,0.0,3.0,8.0,1.0,41.3,11.0,3.0,0.3,1.0,1.0,199.0,295.0,0.7,1.0,17.0,0.1,72.0,26.0,0.4,3.0,8.0,12.0,0.7,9.0,17.0,17.0,Torino,21.0,3.0,1.0,2.0,3.0,1.0,58.7,5.0,1.0,0.2,0.0,0.0,322.0,427.0,0.8,4.0,13.0,0.3,57.0,19.0,0.3,1.0,8.0,14.0,0.6,10.0,25.0,25.0,614695,2022-02-06 17:00:00,2022
Juventus,11.0,1.0,0.0,0.0,6.0,1.0,46.7,11.0,8.0,0.7,0.0,0.0,342.0,436.0,0.8,2.0,14.0,0.1,69.0,33.0,0.5,0.0,14.0,25.0,0.6,16.0,23.0,23.0,Hellas Verona,11.0,1.0,0.0,2.0,5.0,6.0,53.3,13.0,1.0,0.1,0.0,0.0,394.0,485.0,0.8,5.0,25.0,0.2,52.0,29.0,0.6,6.0,9.0,10.0,0.9,11.0,12.0,12.0,614689,2022-02-06 19:45:00,2022
Salernitana,12.0,3.0,0.0,1.0,5.0,0.0,56.6,9.0,5.0,0.6,0.0,0.0,360.0,470.0,0.8,2.0,19.0,0.1,46.0,14.0,0.3,3.0,10.0,13.0,0.8,9.0,15.0,15.0,Spezia,19.0,3.0,0.0,1.0,6.0,3.0,43.4,13.0,2.0,0.2,2.0,2.0,274.0,357.0,0.8,3.0,16.0,0.2,56.0,21.0,0.4,7.0,10.0,18.0,0.6,8.0,22.0,22.0,614694,2022-02-07 19:45:00,2022
Lazio,13.0,2.0,0.0,0.0,5.0,3.0,55.7,12.0,6.0,0.5,1.0,1.0,524.0,588.0,0.9,3.0,16.0,0.2,59.0,38.0,0.6,3.0,6.0,13.0,0.5,9.0,6.0,6.0,Bologna,16.0,2.0,0.0,2.0,3.0,3.0,44.3,11.0,3.0,0.3,0.0,0.0,404.0,467.0,0.9,5.0,13.0,0.4,48.0,32.0,0.7,3.0,6.0,11.0,0.5,7.0,13.0,13.0,614676,2022-02-12 14:00:00,2022
Napoli,7.0,1.0,0.0,0.0,4.0,1.0,47.9,13.0,4.0,0.3,1.0,1.0,428.0,496.0,0.9,3.0,11.0,0.3,46.0,19.0,0.4,3.0,5.0,12.0,0.4,10.0,13.0,13.0,Internazionale,14.0,1.0,0.0,0.0,2.0,3.0,52.1,8.0,2.0,0.3,0.0,0.0,475.0,535.0,0.9,4.0,18.0,0.2,44.0,28.0,0.6,1.0,8.0,10.0,0.8,15.0,7.0,7.0,614679,2022-02-12 17:00:00,2022
Torino,14.0,2.0,0.0,2.0,8.0,0.0,67.2,14.0,2.0,0.1,0.0,0.0,365.0,472.0,0.8,8.0,25.0,0.3,64.0,28.0,0.4,2.0,7.0,14.0,0.5,9.0,13.0,13.0,Venezia,12.0,3.0,1.0,2.0,4.0,1.0,32.8,5.0,2.0,0.4,0.0,0.0,127.0,232.0,0.5,3.0,13.0,0.2,85.0,38.0,0.4,1.0,10.0,21.0,0.5,8.0,21.0,21.0,614685,2022-02-12 19:45:00,2022
AC Milan,13.0,3.0,0.0,2.0,4.0,1.0,50.2,15.0,7.0,0.5,0.0,0.0,381.0,461.0,0.8,5.0,16.0,0.3,61.0,29.0,0.5,3.0,6.0,16.0,0.4,13.0,5.0,5.0,Sampdoria,11.0,1.0,0.0,3.0,0.0,6.0,49.8,4.0,1.0,0.3,0.0,0.0,390.0,468.0,0.8,0.0,8.0,0.0,65.0,38.0,0.6,2.0,13.0,17.0,0.8,13.0,17.0,17.0,614683,2022-02-13 11:30:00,2022
Hellas Verona,17.0,3.0,0.0,4.0,2.0,6.0,43.4,6.0,5.0,0.8,0.0,0.0,244.0,359.0,0.7,2.0,7.0,0.3,56.0,10.0,0.2,0.0,5.0,13.0,0.4,12.0,28.0,28.0,Udinese,7.0,1.0,0.0,3.0,7.0,1.0,56.6,21.0,6.0,0.3,0.0,0.0,351.0,459.0,0.8,3.0,17.0,0.2,41.0,20.0,0.5,5.0,14.0,24.0,0.6,14.0,5.0,5.0,614684,2022-02-13 14:00:00,2022
Empoli,15.0,1.0,0.0,2.0,6.0,3.0,45.5,15.0,5.0,0.3,0.0,0.0,229.0,331.0,0.7,2.0,17.0,0.1,63.0,19.0,0.3,4.0,4.0,14.0,0.3,6.0,18.0,18.0,Cagliari,14.0,2.0,0.0,0.0,4.0,4.0,54.5,17.0,5.0,0.3,0.0,0.0,286.0,386.0,0.7,9.0,30.0,0.3,76.0,39.0,0.5,9.0,4.0,9.0,0.4,11.0,21.0,21.0,614677,2022-02-13 14:00:00,2022
Genoa,18.0,3.0,0.0,4.0,5.0,3.0,50.1,15.0,5.0,0.3,0.0,0.0,247.0,345.0,0.7,3.0,27.0,0.1,66.0,27.0,0.4,1.0,7.0,18.0,0.4,9.0,18.0,18.0,Salernitana,10.0,2.0,0.0,1.0,4.0,4.0,49.9,12.0,4.0,0.3,0.0,0.0,246.0,349.0,0.7,4.0,21.0,0.2,75.0,37.0,0.5,1.0,9.0,14.0,0.6,9.0,25.0,25.0,614682,2022-02-13 14:00:00,2022
Sassuolo,13.0,2.0,1.0,0.0,4.0,6.0,46.2,12.0,3.0,0.3,0.0,0.0,315.0,396.0,0.8,2.0,7.0,0.3,47.0,18.0,0.4,3.0,7.0,13.0,0.5,7.0,24.0,24.0,AS Roma,13.0,2.0,0.0,1.0,3.0,2.0,53.8,13.0,8.0,0.6,1.0,1.0,358.0,451.0,0.8,7.0,22.0,0.3,64.0,32.0,0.5,3.0,14.0,25.0,0.6,10.0,8.0,8.0,614681,2022-02-13 17:00:00,2022
Atalanta,13.0,2.0,0.0,0.0,8.0,5.0,52.8,21.0,3.0,0.1,0.0,0.0,430.0,523.0,0.8,4.0,17.0,0.2,49.0,14.0,0.3,8.0,5.0,14.0,0.4,16.0,18.0,18.0,Juventus,9.0,3.0,0.0,3.0,8.0,2.0,47.2,15.0,6.0,0.4,0.0,0.0,375.0,468.0,0.8,7.0,18.0,0.4,51.0,33.0,0.6,1.0,8.0,13.0,0.6,11.0,20.0,20.0,614680,2022-02-13 19:45:00,2022
Spezia,17.0,2.0,0.0,5.0,4.0,2.0,33.3,9.0,1.0,0.1,0.0,0.0,171.0,238.0,0.7,1.0,8.0,0.1,53.0,23.0,0.4,3.0,9.0,15.0,0.6,11.0,16.0,16.0,Fiorentina,10.0,1.0,0.0,0.0,9.0,0.0,66.7,21.0,4.0,0.2,0.0,1.0,388.0,469.0,0.8,5.0,23.0,0.2,60.0,33.0,0.6,6.0,11.0,16.0,0.7,5.0,9.0,9.0,614678,2022-02-14 19:45:00,2022
Juventus,16.0,1.0,0.0,0.0,7.0,2.0,45.9,12.0,3.0,0.3,0.0,0.0,294.0,375.0,0.8,4.0,16.0,0.3,51.0,24.0,0.5,5.0,8.0,18.0,0.4,5.0,17.0,17.0,Torino,19.0,2.0,0.0,2.0,9.0,2.0,54.1,10.0,3.0,0.3,0.0,0.0,352.0,434.0,0.8,6.0,29.0,0.2,41.0,16.0,0.4,3.0,10.0,17.0,0.6,8.0,14.0,14.0,614675,2022-02-18 19:45:00,2022
Sampdoria,15.0,4.0,0.0,3.0,3.0,2.0,42.3,8.0,3.0,0.4,0.0,0.0,275.0,358.0,0.8,2.0,9.0,0.2,63.0,32.0,0.5,2.0,14.0,19.0,0.7,7.0,19.0,19.0,Empoli,12.0,2.0,0.0,1.0,6.0,1.0,57.7,10.0,2.0,0.2,0.0,0.0,397.0,470.0,0.8,2.0,34.0,0.1,32.0,19.0,0.6,4.0,7.0,13.0,0.5,10.0,7.0,7.0,614667,2022-02-19 14:00:00,2022
AS Roma,18.0,3.0,0.0,1.0,4.0,1.0,57.2,7.0,3.0,0.4,0.0,0.0,373.0,493.0,0.8,2.0,24.0,0.1,82.0,42.0,0.5,1.0,13.0,18.0,0.7,15.0,8.0,8.0,Hellas Verona,14.0,2.0,0.0,3.0,2.0,1.0,42.8,5.0,3.0,0.6,0.0,0.0,274.0,379.0,0.7,1.0,9.0,0.1,59.0,20.0,0.3,2.0,13.0,16.0,0.8,14.0,27.0,27.0,614669,2022-02-19 17:00:00,2022
Salernitana,14.0,2.0,0.0,0.0,5.0,3.0,38.9,9.0,5.0,0.6,0.0,0.0,239.0,318.0,0.8,5.0,13.0,0.4,58.0,27.0,0.5,3.0,11.0,23.0,0.5,12.0,30.0,30.0,AC Milan,12.0,4.0,0.0,0.0,7.0,2.0,61.1,13.0,5.0,0.4,0.0,0.0,402.0,496.0,0.8,7.0,22.0,0.3,49.0,27.0,0.6,2.0,11.0,17.0,0.6,4.0,9.0,9.0,614671,2022-02-19 19:45:00,2022
Fiorentina,17.0,2.0,0.0,3.0,2.0,1.0,50.2,6.0,3.0,0.5,0.0,0.0,361.0,435.0,0.8,2.0,8.0,0.3,72.0,38.0,0.5,0.0,7.0,11.0,0.6,8.0,11.0,11.0,Atalanta,20.0,5.0,0.0,5.0,1.0,2.0,49.8,7.0,1.0,0.1,0.0,0.0,347.0,432.0,0.8,2.0,8.0,0.3,38.0,11.0,0.3,2.0,4.0,11.0,0.4,11.0,5.0,5.0,614666,2022-02-20 11:30:00,2022
Venezia,14.0,2.0,0.0,1.0,6.0,1.0,45.9,15.0,4.0,0.3,0.0,0.0,182.0,314.0,0.6,3.0,20.0,0.2,69.0,23.0,0.3,6.0,13.0,24.0,0.5,12.0,33.0,33.0,Genoa,16.0,2.0,0.0,2.0,5.0,3.0,54.1,12.0,3.0,0.3,0.0,0.0,244.0,377.0,0.6,7.0,19.0,0.4,71.0,22.0,0.3,4.0,11.0,22.0,0.5,9.0,22.0,22.0,614668,2022-02-20 14:00:00,2022
Internazionale,12.0,1.0,0.0,3.0,8.0,3.0,58.4,29.0,8.0,0.3,0.0,0.0,495.0,570.0,0.9,12.0,34.0,0.4,46.0,29.0,0.6,11.0,9.0,19.0,0.5,6.0,3.0,3.0,Sassuolo,12.0,2.0,0.0,2.0,3.0,8.0,41.6,13.0,5.0,0.4,0.0,0.0,346.0,422.0,0.8,0.0,5.0,0.0,50.0,27.0,0.5,3.0,8.0,17.0,0.5,13.0,32.0,32.0,614673,2022-02-20 17:00:00,2022
Udinese,22.0,3.0,0.0,4.0,2.0,1.0,40.1,12.0,2.0,0.2,0.0,0.0,314.0,377.0,0.8,5.0,11.0,0.5,47.0,20.0,0.4,5.0,11.0,22.0,0.5,7.0,16.0,16.0,Lazio,9.0,2.0,0.0,0.0,12.0,1.0,59.9,10.0,2.0,0.2,0.0,0.0,491.0,558.0,0.9,3.0,26.0,0.1,50.0,24.0,0.5,1.0,4.0,8.0,0.5,6.0,15.0,15.0,614670,2022-02-20 19:45:00,2022
Cagliari,17.0,1.0,0.0,0.0,3.0,2.0,46.6,13.0,5.0,0.4,0.0,0.0,270.0,385.0,0.7,4.0,15.0,0.3,70.0,27.0,0.4,1.0,7.0,9.0,0.8,11.0,26.0,26.0,Napoli,22.0,2.0,0.0,4.0,7.0,4.0,53.4,7.0,3.0,0.4,0.0,0.0,322.0,431.0,0.7,2.0,20.0,0.1,57.0,18.0,0.3,2.0,5.0,9.0,0.6,5.0,9.0,9.0,614672,2022-02-21 18:00:00,2022
Bologna,7.0,1.0,0.0,4.0,12.0,1.0,61.1,19.0,7.0,0.4,0.0,0.0,414.0,506.0,0.8,6.0,25.0,0.2,37.0,21.0,0.6,5.0,8.0,11.0,0.7,9.0,5.0,5.0,Spezia,13.0,1.0,0.0,3.0,0.0,5.0,38.9,6.0,2.0,0.3,0.0,0.0,232.0,323.0,0.7,1.0,10.0,0.1,63.0,24.0,0.4,1.0,8.0,18.0,0.4,15.0,24.0,24.0,614674,2022-02-21 20:00:00,2022
AC Milan,13.0,2.0,0.0,3.0,5.0,5.0,62.4,9.0,3.0,0.3,0.0,0.0,415.0,488.0,0.9,3.0,15.0,0.2,47.0,27.0,0.6,4.0,13.0,24.0,0.5,13.0,15.0,15.0,Udinese,17.0,4.0,0.0,4.0,4.0,2.0,37.6,11.0,6.0,0.5,0.0,0.0,232.0,296.0,0.8,4.0,10.0,0.4,39.0,15.0,0.4,1.0,6.0,11.0,0.5,10.0,26.0,26.0,614664,2022-02-25 17:50:00,2022
Genoa,11.0,1.0,0.0,1.0,0.0,4.0,27.8,7.0,1.0,0.1,0.0,0.0,130.0,240.0,0.5,1.0,9.0,0.1,66.0,16.0,0.2,2.0,11.0,21.0,0.5,17.0,38.0,38.0,Internazionale,9.0,1.0,0.0,2.0,14.0,1.0,72.2,21.0,4.0,0.2,0.0,0.0,498.0,611.0,0.8,13.0,36.0,0.4,73.0,39.0,0.5,6.0,11.0,19.0,0.6,10.0,10.0,10.0,614659,2022-02-25 20:05:00,2022
Salernitana,13.0,2.0,0.0,1.0,6.0,2.0,55.9,15.0,4.0,0.3,0.0,0.0,350.0,424.0,0.8,3.0,24.0,0.1,49.0,31.0,0.6,7.0,7.0,17.0,0.4,9.0,12.0,12.0,Bologna,25.0,3.0,0.0,3.0,1.0,3.0,44.1,8.0,3.0,0.4,0.0,0.0,258.0,339.0,0.8,3.0,13.0,0.2,36.0,13.0,0.4,0.0,5.0,11.0,0.5,6.0,25.0,25.0,614656,2022-02-26 14:05:00,2022
Empoli,16.0,2.0,0.0,2.0,7.0,2.0,52.8,11.0,2.0,0.2,0.0,0.0,388.0,472.0,0.8,5.0,29.0,0.2,52.0,23.0,0.4,3.0,11.0,15.0,0.7,9.0,6.0,6.0,Juventus,8.0,0.0,0.0,0.0,3.0,0.0,47.2,12.0,5.0,0.4,0.0,0.0,349.0,433.0,0.8,6.0,11.0,0.5,66.0,30.0,0.5,0.0,11.0,19.0,0.6,9.0,26.0,26.0,614660,2022-02-26 17:05:00,2022
Sassuolo,12.0,1.0,0.0,1.0,6.0,5.0,49.7,16.0,6.0,0.4,0.0,0.0,340.0,413.0,0.8,5.0,16.0,0.3,60.0,33.0,0.6,6.0,5.0,7.0,0.7,11.0,27.0,27.0,Fiorentina,12.0,1.0,1.0,1.0,10.0,4.0,50.3,15.0,6.0,0.4,0.0,0.0,336.0,411.0,0.8,4.0,26.0,0.2,42.0,26.0,0.6,3.0,7.0,16.0,0.4,8.0,7.0,7.0,614658,2022-02-26 19:50:00,2022
Torino,16.0,2.0,0.0,3.0,4.0,3.0,57.0,15.0,6.0,0.4,0.0,0.0,302.0,435.0,0.7,5.0,21.0,0.2,72.0,32.0,0.4,3.0,11.0,16.0,0.7,9.0,8.0,8.0,Cagliari,20.0,4.0,0.0,2.0,3.0,5.0,43.0,11.0,5.0,0.5,0.0,0.0,195.0,338.0,0.6,4.0,10.0,0.4,99.0,34.0,0.3,2.0,5.0,7.0,0.7,9.0,18.0,18.0,614657,2022-02-27 11:35:00,2022
Hellas Verona,13.0,0.0,0.0,0.0,5.0,2.0,56.7,19.0,11.0,0.6,0.0,0.0,344.0,462.0,0.7,3.0,18.0,0.2,74.0,38.0,0.5,3.0,12.0,16.0,0.8,21.0,14.0,14.0,Venezia,10.0,1.0,0.0,1.0,5.0,8.0,43.3,9.0,4.0,0.4,0.0,0.0,218.0,352.0,0.6,5.0,12.0,0.4,71.0,22.0,0.3,1.0,18.0,32.0,0.6,15.0,21.0,21.0,614665,2022-02-27 14:05:00,2022
Spezia,13.0,3.0,1.0,1.0,1.0,8.0,35.4,9.0,3.0,0.3,0.0,0.0,255.0,334.0,0.8,1.0,2.0,0.5,56.0,22.0,0.4,2.0,10.0,17.0,0.6,8.0,24.0,24.0,AS Roma,11.0,3.0,0.0,5.0,8.0,3.0,64.6,31.0,10.0,0.3,1.0,1.0,518.0,602.0,0.9,6.0,18.0,0.3,56.0,34.0,0.6,7.0,10.0,20.0,0.5,6.0,4.0,4.0,614662,2022-02-27 17:05:00,2022
Lazio,13.0,3.0,0.0,0.0,1.0,5.0,45.8,13.0,8.0,0.6,0.0,0.0,486.0,547.0,0.9,1.0,11.0,0.1,31.0,13.0,0.4,1.0,9.0,15.0,0.6,14.0,14.0,14.0,Napoli,14.0,2.0,0.0,2.0,5.0,7.0,54.2,15.0,7.0,0.5,0.0,0.0,571.0,643.0,0.9,1.0,15.0,0.1,42.0,26.0,0.6,5.0,9.0,18.0,0.5,6.0,11.0,11.0,614661,2022-02-27 19:50:00,2022
Atalanta,16.0,1.0,0.0,4.0,8.0,1.0,56.0,19.0,9.0,0.5,0.0,0.0,528.0,609.0,0.9,7.0,23.0,0.3,36.0,20.0,0.6,2.0,12.0,23.0,0.5,17.0,6.0,6.0,Sampdoria,9.0,2.0,0.0,1.0,1.0,5.0,44.0,6.0,1.0,0.2,0.0,0.0,383.0,490.0,0.8,1.0,3.0,0.3,57.0,26.0,0.5,1.0,13.0,20.0,0.7,13.0,14.0,14.0,614663,2022-02-28 19:50:00,2022
Internazionale,11.0,2.0,0.0,4.0,10.0,3.0,60.0,23.0,12.0,0.5,0.0,0.0,474.0,537.0,0.9,8.0,22.0,0.4,41.0,27.0,0.7,7.0,8.0,22.0,0.4,9.0,8.0,8.0,Salernitana,7.0,1.0,0.0,1.0,3.0,7.0,40.0,11.0,3.0,0.3,0.0,0.0,297.0,355.0,0.8,5.0,12.0,0.4,47.0,26.0,0.6,4.0,6.0,10.0,0.6,8.0,16.0,16.0,614651,2022-03-04 19:45:00,2022
Udinese,20.0,5.0,0.0,4.0,11.0,3.0,42.4,19.0,5.0,0.3,0.0,0.0,267.0,359.0,0.7,4.0,24.0,0.2,45.0,15.0,0.3,5.0,11.0,16.0,0.7,12.0,17.0,17.0,Sampdoria,14.0,2.0,0.0,1.0,4.0,3.0,57.6,8.0,4.0,0.5,0.0,0.0,392.0,500.0,0.8,5.0,16.0,0.3,62.0,25.0,0.4,0.0,9.0,16.0,0.6,12.0,17.0,17.0,614652,2022-03-05 14:00:00,2022
AS Roma,0.0,0.0,0.0,0.0,0.0,0.0,0.0,0.0,0.0,0.0,0.0,0.0,0.0,0.0,0.0,0.0,0.0,0.0,0.0,0.0,0.0,0.0,0.0,0.0,0.0,0.0,0.0,0.0,Atalanta,0.0,0.0,0.0,0.0,0.0,0.0,0.0,0.0,0.0,0.0,0.0,0.0,0.0,0.0,0.0,0.0,0.0,0.0,0.0,0.0,0.0,0.0,0.0,0.0,0.0,0.0,0.0,0.0,614646,2022-03-05 17:00:00,2022
Cagliari,10.0,3.0,0.0,0.0,7.0,2.0,44.5,16.0,3.0,0.2,0.0,0.0,327.0,433.0,0.8,4.0,21.0,0.2,67.0,33.0,0.5,6.0,10.0,15.0,0.7,23.0,17.0,17.0,Lazio,13.0,0.0,1.0,1.0,6.0,3.0,55.5,13.0,5.0,0.4,1.0,1.0,449.0,558.0,0.8,4.0,9.0,0.4,60.0,31.0,0.5,3.0,14.0,16.0,0.9,17.0,30.0,30.0,614649,2022-03-05 19:45:00,2022
Genoa,15.0,4.0,0.0,2.0,7.0,2.0,52.5,18.0,7.0,0.4,0.0,0.0,283.0,397.0,0.7,12.0,36.0,0.3,66.0,26.0,0.4,2.0,13.0,18.0,0.7,10.0,8.0,8.0,Empoli,19.0,3.0,0.0,0.0,2.0,6.0,47.5,8.0,2.0,0.3,0.0,0.0,235.0,373.0,0.6,1.0,13.0,0.1,61.0,24.0,0.4,3.0,13.0,26.0,0.5,5.0,33.0,33.0,614647,2022-03-06 11:30:00,2022
Fiorentina,15.0,0.0,0.0,0.0,4.0,1.0,50.6,8.0,2.0,0.3,0.0,0.0,286.0,368.0,0.8,9.0,23.0,0.4,67.0,26.0,0.4,2.0,5.0,7.0,0.7,9.0,4.0,4.0,Hellas Verona,15.0,4.0,0.0,4.0,2.0,1.0,49.4,2.0,2.0,1.0,1.0,1.0,273.0,374.0,0.7,2.0,8.0,0.3,45.0,19.0,0.4,0.0,9.0,13.0,0.7,12.0,14.0,14.0,614648,2022-03-06 14:00:00,2022
Bologna,23.0,3.0,0.0,2.0,5.0,2.0,51.2,6.0,1.0,0.2,0.0,0.0,253.0,351.0,0.7,5.0,17.0,0.3,53.0,20.0,0.4,3.0,6.0,9.0,0.7,5.0,14.0,14.0,Torino,16.0,3.0,0.0,1.0,7.0,1.0,48.8,13.0,2.0,0.2,0.0,0.0,235.0,331.0,0.7,5.0,17.0,0.3,55.0,22.0,0.4,2.0,7.0,16.0,0.4,10.0,10.0,10.0,614655,2022-03-06 14:00:00,2022
Venezia,18.0,4.0,0.0,7.0,8.0,6.0,44.7,16.0,5.0,0.3,0.0,1.0,301.0,373.0,0.8,8.0,22.0,0.4,53.0,26.0,0.5,6.0,9.0,20.0,0.5,9.0,6.0,6.0,Sassuolo,15.0,1.0,0.0,1.0,6.0,4.0,55.3,16.0,10.0,0.6,3.0,3.0,405.0,486.0,0.8,2.0,11.0,0.2,75.0,44.0,0.6,4.0,8.0,18.0,0.4,6.0,19.0,19.0,614653,2022-03-06 14:00:00,2022
Juventus,14.0,3.0,0.0,3.0,4.0,4.0,56.4,10.0,3.0,0.3,0.0,0.0,513.0,579.0,0.9,4.0,12.0,0.3,52.0,32.0,0.6,5.0,10.0,21.0,0.5,7.0,14.0,14.0,Spezia,12.0,2.0,0.0,1.0,4.0,2.0,43.6,9.0,4.0,0.4,0.0,0.0,370.0,438.0,0.8,3.0,17.0,0.2,37.0,19.0,0.5,1.0,3.0,9.0,0.3,11.0,10.0,10.0,614654,2022-03-06 17:00:00,2022
Napoli,7.0,4.0,0.0,1.0,6.0,6.0,60.1,9.0,2.0,0.2,0.0,0.0,472.0,546.0,0.9,2.0,16.0,0.1,41.0,23.0,0.6,1.0,13.0,18.0,0.7,8.0,8.0,8.0,AC Milan,15.0,4.0,0.0,0.0,7.0,2.0,39.9,12.0,7.0,0.6,0.0,0.0,272.0,354.0,0.8,2.0,11.0,0.2,56.0,22.0,0.4,3.0,13.0,18.0,0.7,10.0,15.0,15.0,614650,2022-03-06 19:45:00,2022
Salernitana,14.0,2.0,0.0,1.0,5.0,5.0,47.4,15.0,5.0,0.3,0.0,0.0,363.0,436.0,0.8,8.0,20.0,0.4,63.0,40.0,0.6,4.0,8.0,22.0,0.4,10.0,11.0,11.0,Sassuolo,15.0,2.0,1.0,2.0,5.0,3.0,52.6,20.0,7.0,0.4,0.0,0.0,428.0,495.0,0.9,3.0,12.0,0.3,44.0,22.0,0.5,6.0,7.0,17.0,0.4,10.0,21.0,21.0,614644,2022-03-12 14:00:00,2022
Spezia,10.0,1.0,0.0,4.0,8.0,1.0,42.6,12.0,7.0,0.6,0.0,1.0,186.0,298.0,0.6,5.0,20.0,0.3,70.0,22.0,0.3,2.0,7.0,13.0,0.5,6.0,23.0,23.0,Cagliari,18.0,4.0,0.0,0.0,7.0,5.0,57.4,11.0,1.0,0.1,0.0,0.0,287.0,397.0,0.7,6.0,28.0,0.2,72.0,26.0,0.4,3.0,14.0,23.0,0.6,14.0,16.0,16.0,614637,2022-03-12 14:00:00,2022
Sampdoria,7.0,0.0,0.0,0.0,10.0,2.0,49.2,17.0,5.0,0.3,0.0,1.0,464.0,514.0,0.9,9.0,36.0,0.3,41.0,28.0,0.7,5.0,9.0,16.0,0.6,8.0,8.0,8.0,Juventus,15.0,2.0,0.0,1.0,0.0,4.0,50.8,6.0,3.0,0.5,1.0,1.0,499.0,563.0,0.9,1.0,7.0,0.1,53.0,29.0,0.5,1.0,6.0,10.0,0.6,5.0,25.0,25.0,614641,2022-03-12 17:00:00,2022
AC Milan,6.0,1.0,0.0,2.0,5.0,2.0,53.0,15.0,5.0,0.3,0.0,0.0,440.0,523.0,0.8,5.0,14.0,0.4,63.0,43.0,0.7,6.0,16.0,23.0,0.7,10.0,14.0,14.0,Empoli,12.0,0.0,0.0,2.0,4.0,4.0,47.0,5.0,2.0,0.4,0.0,0.0,381.0,461.0,0.8,1.0,17.0,0.1,48.0,26.0,0.5,1.0,6.0,18.0,0.3,4.0,14.0,14.0,614638,2022-03-12 19:45:00,2022
Fiorentina,9.0,1.0,0.0,2.0,9.0,0.0,61.3,14.0,5.0,0.4,0.0,0.0,388.0,467.0,0.8,7.0,34.0,0.2,52.0,29.0,0.6,3.0,10.0,13.0,0.8,6.0,11.0,11.0,Bologna,16.0,3.0,1.0,2.0,1.0,4.0,38.7,4.0,0.0,0.0,0.0,0.0,219.0,302.0,0.7,0.0,12.0,0.0,51.0,23.0,0.5,1.0,7.0,12.0,0.6,7.0,29.0,29.0,614636,2022-03-13 11:30:00,2022
Hellas Verona,19.0,2.0,2.0,6.0,3.0,2.0,48.9,8.0,1.0,0.1,0.0,0.0,329.0,416.0,0.8,4.0,13.0,0.3,52.0,20.0,0.4,3.0,4.0,9.0,0.4,12.0,12.0,12.0,Napoli,9.0,0.0,0.0,1.0,5.0,0.0,51.1,13.0,4.0,0.3,0.0,0.0,348.0,441.0,0.8,3.0,9.0,0.3,53.0,22.0,0.4,3.0,12.0,17.0,0.7,13.0,13.0,13.0,614642,2022-03-13 14:00:00,2022
Atalanta,13.0,2.0,0.0,2.0,4.0,3.0,57.7,11.0,2.0,0.2,0.0,0.0,405.0,559.0,0.7,2.0,18.0,0.1,61.0,25.0,0.4,3.0,8.0,18.0,0.4,14.0,23.0,23.0,Genoa,18.0,0.0,0.0,1.0,3.0,2.0,42.3,13.0,3.0,0.2,0.0,0.0,273.0,418.0,0.7,2.0,13.0,0.2,64.0,15.0,0.2,4.0,13.0,24.0,0.5,21.0,13.0,13.0,614639,2022-03-13 17:00:00,2022
Udinese,16.0,3.0,0.0,2.0,6.0,1.0,36.0,11.0,5.0,0.5,0.0,0.0,257.0,328.0,0.8,1.0,10.0,0.1,42.0,12.0,0.3,1.0,10.0,13.0,0.8,13.0,13.0,13.0,AS Roma,12.0,2.0,0.0,1.0,4.0,4.0,64.0,10.0,2.0,0.2,1.0,1.0,508.0,587.0,0.9,2.0,16.0,0.1,57.0,32.0,0.6,3.0,13.0,20.0,0.7,4.0,20.0,20.0,614643,2022-03-13 17:00:00,2022
Torino,15.0,1.0,0.0,1.0,3.0,6.0,44.2,13.0,4.0,0.3,0.0,0.0,291.0,384.0,0.8,6.0,14.0,0.4,62.0,26.0,0.4,3.0,4.0,6.0,0.7,12.0,31.0,31.0,Internazionale,17.0,5.0,0.0,0.0,4.0,3.0,55.8,14.0,7.0,0.5,0.0,0.0,371.0,479.0,0.8,9.0,24.0,0.4,68.0,33.0,0.5,0.0,9.0,14.0,0.6,10.0,9.0,9.0,614640,2022-03-13 19:45:00,2022
Lazio,11.0,1.0,0.0,2.0,8.0,2.0,66.2,10.0,1.0,0.1,1.0,1.0,631.0,710.0,0.9,6.0,19.0,0.3,30.0,22.0,0.7,4.0,8.0,14.0,0.6,7.0,11.0,11.0,Venezia,13.0,1.0,0.0,2.0,4.0,0.0,33.8,7.0,2.0,0.3,0.0,0.0,297.0,361.0,0.8,2.0,10.0,0.2,47.0,23.0,0.5,2.0,10.0,16.0,0.6,10.0,20.0,20.0,614645,2022-03-14 19:45:00,2022
Sassuolo,14.0,2.0,0.0,1.0,6.0,0.0,58.1,16.0,7.0,0.4,1.0,1.0,458.0,535.0,0.9,3.0,17.0,0.2,60.0,40.0,0.7,6.0,7.0,14.0,0.5,9.0,13.0,13.0,Spezia,16.0,3.0,0.0,1.0,2.0,3.0,41.9,5.0,1.0,0.2,0.0,0.0,311.0,389.0,0.8,1.0,9.0,0.1,45.0,23.0,0.5,2.0,10.0,17.0,0.6,10.0,17.0,17.0,614633,2022-03-18 17:45:00,2022
Genoa,13.0,1.0,1.0,2.0,2.0,3.0,24.7,7.0,2.0,0.3,0.0,0.0,126.0,217.0,0.6,2.0,6.0,0.3,64.0,25.0,0.4,4.0,7.0,12.0,0.6,3.0,14.0,14.0,Torino,17.0,3.0,0.0,1.0,3.0,1.0,75.3,9.0,3.0,0.3,0.0,0.0,573.0,659.0,0.9,7.0,20.0,0.4,40.0,24.0,0.6,0.0,4.0,10.0,0.4,12.0,6.0,6.0,614634,2022-03-18 20:00:00,2022
Napoli,10.0,2.0,0.0,1.0,8.0,2.0,63.7,20.0,8.0,0.4,0.0,0.0,501.0,582.0,0.9,6.0,14.0,0.4,43.0,24.0,0.6,4.0,10.0,13.0,0.8,4.0,11.0,11.0,Udinese,12.0,2.0,1.0,2.0,4.0,6.0,36.3,10.0,3.0,0.3,0.0,0.0,255.0,331.0,0.8,1.0,6.0,0.2,42.0,18.0,0.4,6.0,11.0,17.0,0.6,6.0,15.0,15.0,614635,2022-03-19 14:00:00,2022
Internazionale,14.0,1.0,0.0,4.0,5.0,3.0,51.2,13.0,5.0,0.4,0.0,0.0,410.0,486.0,0.8,5.0,17.0,0.3,46.0,24.0,0.5,6.0,5.0,8.0,0.6,8.0,9.0,9.0,Fiorentina,12.0,2.0,0.0,0.0,3.0,4.0,48.8,17.0,4.0,0.2,0.0,0.0,381.0,466.0,0.8,5.0,12.0,0.4,75.0,42.0,0.6,7.0,4.0,11.0,0.4,4.0,12.0,12.0,614627,2022-03-19 17:00:00,2022
Cagliari,13.0,1.0,0.0,1.0,6.0,4.0,42.2,13.0,1.0,0.1,0.0,0.0,222.0,330.0,0.7,6.0,18.0,0.3,71.0,44.0,0.6,4.0,7.0,10.0,0.7,16.0,15.0,15.0,AC Milan,14.0,0.0,0.0,0.0,5.0,1.0,57.8,21.0,6.0,0.3,0.0,0.0,366.0,460.0,0.8,6.0,15.0,0.4,64.0,26.0,0.4,6.0,15.0,20.0,0.8,10.0,6.0,6.0,614630,2022-03-19 19:45:00,2022
Venezia,28.0,3.0,1.0,0.0,3.0,2.0,46.4,13.0,1.0,0.1,0.0,0.0,266.0,349.0,0.8,9.0,33.0,0.3,49.0,25.0,0.5,4.0,8.0,12.0,0.7,9.0,18.0,18.0,Sampdoria,17.0,1.0,0.0,1.0,4.0,1.0,53.6,8.0,4.0,0.5,0.0,0.0,334.0,431.0,0.8,1.0,10.0,0.1,59.0,19.0,0.3,2.0,5.0,6.0,0.8,5.0,23.0,23.0,614632,2022-03-20 11:30:00,2022
Juventus,10.0,3.0,0.0,1.0,5.0,4.0,56.5,12.0,7.0,0.6,0.0,0.0,454.0,526.0,0.9,6.0,16.0,0.4,57.0,31.0,0.5,2.0,10.0,17.0,0.6,7.0,11.0,11.0,Salernitana,13.0,2.0,0.0,0.0,5.0,5.0,43.5,12.0,4.0,0.3,0.0,0.0,337.0,393.0,0.9,4.0,24.0,0.2,48.0,38.0,0.8,3.0,7.0,17.0,0.4,11.0,20.0,20.0,614631,2022-03-20 14:00:00,2022
Empoli,17.0,2.0,0.0,1.0,3.0,3.0,36.8,7.0,2.0,0.3,0.0,0.0,178.0,288.0,0.6,3.0,10.0,0.3,83.0,27.0,0.3,2.0,10.0,24.0,0.4,13.0,16.0,16.0,Hellas Verona,13.0,3.0,0.0,0.0,7.0,1.0,63.2,14.0,4.0,0.3,0.0,1.0,388.0,486.0,0.8,5.0,22.0,0.2,60.0,37.0,0.6,3.0,4.0,12.0,0.3,5.0,11.0,11.0,614628,2022-03-20 14:00:00,2022
AS Roma,16.0,4.0,0.0,1.0,6.0,3.0,34.2,11.0,5.0,0.5,0.0,0.0,236.0,318.0,0.7,2.0,12.0,0.2,71.0,26.0,0.4,1.0,14.0,19.0,0.7,9.0,18.0,18.0,Lazio,12.0,3.0,0.0,1.0,3.0,2.0,65.8,9.0,3.0,0.3,0.0,0.0,551.0,623.0,0.9,0.0,17.0,0.0,52.0,34.0,0.7,2.0,12.0,17.0,0.7,1.0,6.0,6.0,614629,2022-03-20 17:00:00,2022
Bologna,9.0,0.0,0.0,2.0,6.0,1.0,60.7,12.0,3.0,0.3,0.0,0.0,431.0,554.0,0.8,1.0,19.0,0.1,73.0,37.0,0.5,4.0,7.0,10.0,0.7,10.0,12.0,12.0,Atalanta,12.0,1.0,0.0,5.0,3.0,3.0,39.3,15.0,3.0,0.2,0.0,0.0,250.0,353.0,0.7,2.0,13.0,0.2,62.0,17.0,0.3,5.0,7.0,16.0,0.4,23.0,23.0,23.0,614626,2022-03-20 19:45:00,2022
Spezia,15.0,3.0,0.0,3.0,5.0,3.0,52.1,11.0,5.0,0.5,0.0,0.0,303.0,400.0,0.8,8.0,22.0,0.4,69.0,32.0,0.5,4.0,10.0,17.0,0.6,16.0,13.0,13.0,Venezia,12.0,1.0,0.0,0.0,2.0,3.0,47.9,14.0,3.0,0.2,0.0,0.0,292.0,379.0,0.8,2.0,13.0,0.2,59.0,25.0,0.4,5.0,7.0,11.0,0.6,10.0,14.0,14.0,614625,2022-04-02 13:00:00,2022
Lazio,11.0,1.0,0.0,1.0,4.0,4.0,53.2,14.0,5.0,0.4,0.0,0.0,549.0,608.0,0.9,4.0,15.0,0.3,41.0,30.0,0.7,3.0,9.0,20.0,0.5,12.0,14.0,14.0,Sassuolo,8.0,3.0,0.0,0.0,3.0,3.0,46.8,20.0,5.0,0.3,0.0,0.0,486.0,537.0,0.9,1.0,11.0,0.1,34.0,23.0,0.7,7.0,2.0,9.0,0.2,4.0,13.0,13.0,614623,2022-04-02 16:00:00,2022
Salernitana,15.0,3.0,1.0,2.0,9.0,4.0,52.7,14.0,3.0,0.2,0.0,0.0,249.0,346.0,0.7,7.0,38.0,0.2,60.0,35.0,0.6,2.0,5.0,10.0,0.5,8.0,8.0,8.0,Torino,21.0,4.0,0.0,3.0,2.0,3.0,47.3,8.0,5.0,0.6,1.0,1.0,247.0,334.0,0.7,5.0,10.0,0.5,63.0,21.0,0.3,0.0,12.0,18.0,0.7,20.0,42.0,42.0,614624,2022-04-02 18:45:00,2022
Fiorentina,10.0,1.0,0.0,4.0,5.0,1.0,62.6,24.0,11.0,0.5,0.0,0.0,481.0,536.0,0.9,11.0,23.0,0.5,71.0,56.0,0.8,2.0,9.0,19.0,0.5,6.0,12.0,12.0,Empoli,20.0,1.0,1.0,3.0,0.0,10.0,37.4,5.0,1.0,0.2,0.0,0.0,259.0,316.0,0.8,1.0,10.0,0.1,43.0,15.0,0.3,0.0,6.0,10.0,0.6,3.0,18.0,18.0,614618,2022-04-03 10:30:00,2022
Udinese,19.0,2.0,0.0,2.0,2.0,2.0,51.2,24.0,11.0,0.5,0.0,0.0,371.0,439.0,0.8,5.0,11.0,0.5,47.0,23.0,0.5,5.0,9.0,18.0,0.5,10.0,9.0,9.0,Cagliari,15.0,2.0,1.0,2.0,2.0,6.0,48.8,6.0,3.0,0.5,0.0,0.0,332.0,423.0,0.8,2.0,9.0,0.2,60.0,23.0,0.4,1.0,9.0,23.0,0.4,13.0,14.0,14.0,614617,2022-04-03 13:00:00,2022
Atalanta,15.0,2.0,0.0,0.0,9.0,2.0,55.6,19.0,3.0,0.2,0.0,0.0,458.0,540.0,0.8,8.0,20.0,0.4,42.0,13.0,0.3,6.0,9.0,16.0,0.6,13.0,8.0,8.0,Napoli,11.0,3.0,0.0,3.0,1.0,2.0,44.4,6.0,5.0,0.8,1.0,1.0,347.0,444.0,0.8,0.0,4.0,0.0,50.0,21.0,0.4,0.0,13.0,19.0,0.7,13.0,27.0,27.0,614621,2022-04-03 13:00:00,2022
Sampdoria,15.0,2.0,0.0,0.0,4.0,0.0,48.6,8.0,3.0,0.4,0.0,0.0,354.0,451.0,0.8,2.0,15.0,0.1,54.0,24.0,0.4,4.0,9.0,15.0,0.6,10.0,13.0,13.0,AS Roma,13.0,3.0,0.0,3.0,4.0,3.0,51.4,6.0,1.0,0.2,0.0,0.0,396.0,479.0,0.8,2.0,18.0,0.1,58.0,26.0,0.4,2.0,6.0,14.0,0.4,11.0,15.0,15.0,614622,2022-04-03 16:00:00,2022
Juventus,9.0,4.0,1.0,2.0,8.0,0.0,54.0,22.0,5.0,0.2,0.0,0.0,416.0,493.0,0.8,4.0,23.0,0.2,49.0,30.0,0.6,6.0,9.0,16.0,0.6,5.0,4.0,4.0,Internazionale,19.0,4.0,0.0,1.0,1.0,5.0,46.0,5.0,1.0,0.2,1.0,1.0,366.0,436.0,0.8,0.0,6.0,0.0,47.0,24.0,0.5,2.0,14.0,23.0,0.6,10.0,37.0,37.0,614620,2022-04-03 18:45:00,2022
Hellas Verona,16.0,4.0,0.0,2.0,2.0,4.0,47.2,7.0,3.0,0.4,0.0,0.0,232.0,369.0,0.6,4.0,8.0,0.5,83.0,29.0,0.3,1.0,9.0,18.0,0.5,16.0,27.0,27.0,Genoa,15.0,3.0,0.0,0.0,5.0,2.0,52.8,7.0,4.0,0.6,0.0,0.0,249.0,403.0,0.6,2.0,21.0,0.1,69.0,19.0,0.3,1.0,7.0,20.0,0.4,12.0,12.0,12.0,614619,2022-04-04 16:30:00,2022
AC Milan,10.0,0.0,0.0,4.0,9.0,4.0,54.0,33.0,7.0,0.2,0.0,0.0,335.0,414.0,0.8,15.0,44.0,0.3,44.0,28.0,0.6,12.0,21.0,34.0,0.6,7.0,11.0,11.0,Bologna,7.0,2.0,0.0,1.0,2.0,7.0,46.0,8.0,4.0,0.5,0.0,0.0,296.0,375.0,0.8,0.0,14.0,0.0,41.0,20.0,0.5,1.0,5.0,13.0,0.4,17.0,41.0,41.0,614616,2022-04-04 18:45:00,2022
Empoli,11.0,2.0,0.0,2.0,5.0,4.0,57.3,15.0,4.0,0.3,0.0,0.0,310.0,413.0,0.8,8.0,26.0,0.3,53.0,22.0,0.4,3.0,7.0,19.0,0.4,6.0,10.0,10.0,Spezia,18.0,2.0,0.0,0.0,4.0,4.0,42.7,11.0,5.0,0.5,0.0,0.0,221.0,318.0,0.7,4.0,11.0,0.4,63.0,16.0,0.3,4.0,12.0,20.0,0.6,10.0,24.0,24.0,614614,2022-04-09 13:00:00,2022
Internazionale,10.0,2.0,0.0,2.0,10.0,3.0,47.5,18.0,6.0,0.3,0.0,0.0,299.0,397.0,0.8,7.0,27.0,0.3,58.0,26.0,0.4,4.0,9.0,24.0,0.4,12.0,8.0,8.0,Hellas Verona,7.0,0.0,0.0,1.0,2.0,4.0,52.5,9.0,3.0,0.3,0.0,0.0,368.0,455.0,0.8,4.0,15.0,0.3,50.0,27.0,0.5,3.0,6.0,15.0,0.4,9.0,32.0,32.0,614608,2022-04-09 16:00:00,2022
Cagliari,19.0,1.0,0.0,0.0,1.0,4.0,40.3,4.0,1.0,0.3,0.0,0.0,226.0,327.0,0.7,3.0,11.0,0.3,63.0,28.0,0.4,1.0,8.0,14.0,0.6,8.0,19.0,19.0,Juventus,10.0,0.0,0.0,3.0,4.0,0.0,59.7,20.0,6.0,0.3,0.0,0.0,397.0,487.0,0.8,3.0,16.0,0.2,66.0,32.0,0.5,5.0,7.0,11.0,0.6,9.0,14.0,14.0,614609,2022-04-09 18:45:00,2022
Genoa,7.0,0.0,0.0,2.0,3.0,7.0,42.8,15.0,4.0,0.3,0.0,0.0,303.0,387.0,0.8,8.0,24.0,0.3,42.0,23.0,0.5,4.0,15.0,27.0,0.6,11.0,25.0,25.0,Lazio,8.0,1.0,0.0,1.0,6.0,4.0,57.2,17.0,11.0,0.6,0.0,0.0,443.0,538.0,0.8,3.0,12.0,0.3,50.0,27.0,0.5,1.0,10.0,20.0,0.5,4.0,33.0,33.0,614610,2022-04-10 10:30:00,2022
Venezia,15.0,7.0,0.0,0.0,7.0,3.0,53.4,9.0,4.0,0.4,0.0,0.0,270.0,352.0,0.8,3.0,16.0,0.2,45.0,21.0,0.5,2.0,13.0,24.0,0.5,7.0,24.0,24.0,Udinese,11.0,2.0,0.0,3.0,11.0,3.0,46.6,16.0,5.0,0.3,1.0,1.0,222.0,297.0,0.7,8.0,26.0,0.3,44.0,16.0,0.4,4.0,13.0,20.0,0.7,9.0,14.0,14.0,614615,2022-04-10 13:00:00,2022
Sassuolo,18.0,2.0,0.0,2.0,8.0,3.0,50.2,14.0,7.0,0.5,0.0,0.0,412.0,487.0,0.8,3.0,13.0,0.2,50.0,23.0,0.5,1.0,13.0,22.0,0.6,11.0,24.0,24.0,Atalanta,14.0,1.0,0.0,4.0,8.0,5.0,49.8,15.0,4.0,0.3,0.0,0.0,398.0,465.0,0.9,7.0,25.0,0.3,36.0,19.0,0.5,4.0,11.0,16.0,0.7,9.0,9.0,9.0,614606,2022-04-10 13:00:00,2022
Napoli,10.0,0.0,0.0,5.0,3.0,1.0,49.5,15.0,3.0,0.2,0.0,0.0,415.0,492.0,0.8,5.0,12.0,0.4,48.0,18.0,0.4,4.0,5.0,10.0,0.5,7.0,11.0,11.0,Fiorentina,17.0,3.0,0.0,1.0,2.0,1.0,50.5,11.0,4.0,0.4,0.0,0.0,425.0,500.0,0.9,4.0,12.0,0.3,69.0,31.0,0.4,2.0,10.0,19.0,0.5,8.0,12.0,12.0,614607,2022-04-10 13:00:00,2022
AS Roma,16.0,5.0,0.0,1.0,9.0,2.0,66.7,17.0,7.0,0.4,0.0,0.0,435.0,512.0,0.9,11.0,24.0,0.5,56.0,35.0,0.6,5.0,12.0,25.0,0.5,13.0,4.0,4.0,Salernitana,23.0,8.0,0.0,0.0,2.0,5.0,33.3,6.0,3.0,0.5,0.0,0.0,193.0,261.0,0.7,1.0,6.0,0.2,52.0,23.0,0.4,0.0,11.0,13.0,0.8,11.0,17.0,17.0,614612,2022-04-10 16:00:00,2022
Torino,18.0,2.0,0.0,4.0,6.0,3.0,43.6,14.0,3.0,0.2,0.0,0.0,246.0,330.0,0.7,3.0,12.0,0.3,57.0,26.0,0.5,7.0,9.0,18.0,0.5,12.0,23.0,23.0,AC Milan,6.0,2.0,0.0,1.0,5.0,3.0,56.4,14.0,3.0,0.2,0.0,0.0,338.0,429.0,0.8,3.0,15.0,0.2,60.0,31.0,0.5,10.0,7.0,13.0,0.5,3.0,11.0,11.0,614611,2022-04-10 18:45:00,2022
Bologna,11.0,1.0,0.0,2.0,6.0,2.0,52.3,19.0,4.0,0.2,0.0,0.0,413.0,498.0,0.8,6.0,20.0,0.3,48.0,26.0,0.5,7.0,3.0,11.0,0.3,11.0,11.0,11.0,Sampdoria,11.0,2.0,0.0,5.0,0.0,2.0,47.7,9.0,2.0,0.2,0.0,0.0,380.0,459.0,0.8,5.0,14.0,0.4,55.0,27.0,0.5,3.0,11.0,20.0,0.6,13.0,17.0,17.0,614613,2022-04-11 18:45:00,2022
Spezia,9.0,2.0,0.0,1.0,6.0,4.0,32.7,10.0,2.0,0.2,0.0,0.0,191.0,275.0,0.7,7.0,21.0,0.3,63.0,28.0,0.4,4.0,7.0,11.0,0.6,22.0,18.0,18.0,Internazionale,11.0,0.0,0.0,1.0,7.0,1.0,67.3,23.0,7.0,0.3,0.0,0.0,508.0,599.0,0.8,8.0,19.0,0.4,63.0,46.0,0.7,5.0,8.0,14.0,0.6,8.0,12.0,12.0,614600,2022-04-15 17:00:00,2022
AC Milan,10.0,1.0,0.0,3.0,4.0,2.0,59.1,10.0,5.0,0.5,0.0,0.0,411.0,497.0,0.8,4.0,9.0,0.4,57.0,35.0,0.6,1.0,10.0,19.0,0.5,8.0,8.0,8.0,Genoa,19.0,2.0,0.0,1.0,1.0,3.0,40.9,7.0,1.0,0.1,0.0,0.0,252.0,344.0,0.7,2.0,7.0,0.3,48.0,21.0,0.4,1.0,18.0,30.0,0.6,3.0,13.0,13.0,614598,2022-04-15 19:00:00,2022
Cagliari,16.0,2.0,0.0,6.0,3.0,2.0,36.4,16.0,8.0,0.5,0.0,0.0,188.0,287.0,0.7,6.0,14.0,0.4,51.0,23.0,0.5,4.0,18.0,32.0,0.6,15.0,19.0,19.0,Sassuolo,11.0,2.0,0.0,1.0,3.0,8.0,63.6,8.0,2.0,0.3,0.0,0.0,403.0,512.0,0.8,3.0,10.0,0.3,55.0,22.0,0.4,2.0,11.0,18.0,0.6,10.0,13.0,13.0,614603,2022-04-16 10:30:00,2022
Udinese,19.0,1.0,0.0,3.0,4.0,3.0,38.8,13.0,5.0,0.4,0.0,0.0,224.0,298.0,0.8,1.0,8.0,0.1,49.0,24.0,0.5,2.0,6.0,11.0,0.5,16.0,15.0,15.0,Empoli,13.0,4.0,0.0,1.0,7.0,2.0,61.2,15.0,4.0,0.3,1.0,1.0,371.0,454.0,0.8,7.0,25.0,0.3,45.0,24.0,0.5,9.0,8.0,14.0,0.6,10.0,14.0,14.0,614597,2022-04-16 12:30:00,2022
Sampdoria,18.0,1.0,0.0,2.0,5.0,0.0,67.3,5.0,1.0,0.2,0.0,0.0,509.0,597.0,0.9,5.0,29.0,0.2,65.0,38.0,0.6,2.0,8.0,16.0,0.5,6.0,8.0,8.0,Salernitana,23.0,7.0,0.0,4.0,2.0,0.0,32.7,7.0,2.0,0.3,0.0,0.0,214.0,292.0,0.7,3.0,11.0,0.3,72.0,43.0,0.6,0.0,7.0,14.0,0.5,13.0,32.0,32.0,614602,2022-04-16 12:30:00,2022
Fiorentina,15.0,4.0,0.0,1.0,5.0,1.0,69.3,22.0,6.0,0.3,0.0,0.0,505.0,571.0,0.9,7.0,15.0,0.5,53.0,33.0,0.6,7.0,8.0,14.0,0.6,4.0,9.0,9.0,Venezia,17.0,4.0,0.0,4.0,0.0,4.0,30.7,3.0,1.0,0.3,0.0,0.0,181.0,253.0,0.7,0.0,4.0,0.0,49.0,19.0,0.4,2.0,6.0,15.0,0.4,12.0,16.0,16.0,614605,2022-04-16 14:30:00,2022
Juventus,11.0,1.0,0.0,3.0,4.0,1.0,51.3,23.0,4.0,0.2,0.0,0.0,335.0,392.0,0.9,9.0,26.0,0.3,39.0,27.0,0.7,5.0,13.0,18.0,0.7,6.0,9.0,9.0,Bologna,11.0,3.0,2.0,0.0,5.0,3.0,48.7,9.0,2.0,0.2,0.0,0.0,321.0,388.0,0.8,1.0,10.0,0.1,47.0,22.0,0.5,1.0,5.0,10.0,0.5,12.0,15.0,15.0,614596,2022-04-16 16:30:00,2022
Lazio,10.0,1.0,0.0,0.0,9.0,2.0,48.2,10.0,4.0,0.4,0.0,0.0,397.0,469.0,0.8,2.0,26.0,0.1,41.0,25.0,0.6,3.0,13.0,18.0,0.7,4.0,14.0,14.0,Torino,12.0,2.0,0.0,1.0,7.0,3.0,51.8,12.0,4.0,0.3,0.0,0.0,450.0,512.0,0.9,8.0,19.0,0.4,60.0,38.0,0.6,5.0,6.0,12.0,0.5,11.0,33.0,33.0,614604,2022-04-16 18:45:00,2022
Napoli,21.0,4.0,0.0,1.0,5.0,5.0,49.5,9.0,4.0,0.4,1.0,1.0,345.0,413.0,0.8,1.0,14.0,0.1,54.0,28.0,0.5,3.0,10.0,19.0,0.5,7.0,15.0,15.0,AS Roma,12.0,2.0,1.0,1.0,5.0,3.0,50.5,8.0,6.0,0.8,0.0,0.0,352.0,423.0,0.8,6.0,22.0,0.3,62.0,36.0,0.6,0.0,8.0,15.0,0.5,9.0,10.0,10.0,614601,2022-04-18 17:00:00,2022
Atalanta,13.0,3.0,0.0,1.0,11.0,5.0,56.1,17.0,4.0,0.2,0.0,0.0,392.0,498.0,0.8,9.0,33.0,0.3,81.0,41.0,0.5,4.0,10.0,17.0,0.6,8.0,6.0,6.0,Hellas Verona,13.0,3.0,0.0,1.0,1.0,3.0,43.9,21.0,6.0,0.3,0.0,0.0,314.0,409.0,0.8,4.0,9.0,0.4,75.0,33.0,0.4,6.0,14.0,21.0,0.7,8.0,31.0,31.0,614599,2022-04-18 19:00:00,2022
Udinese,20.0,3.0,0.0,1.0,9.0,2.0,54.2,12.0,3.0,0.3,0.0,0.0,290.0,388.0,0.7,2.0,13.0,0.2,36.0,16.0,0.4,4.0,12.0,25.0,0.5,5.0,10.0,10.0,Salernitana,14.0,5.0,0.0,0.0,3.0,3.0,45.8,9.0,3.0,0.3,0.0,0.0,236.0,329.0,0.7,1.0,11.0,0.1,54.0,19.0,0.4,2.0,16.0,27.0,0.6,11.0,21.0,21.0,614742,2022-04-20 16:45:00,2022
Torino,9.0,1.0,0.0,1.0,5.0,1.0,55.8,15.0,6.0,0.4,1.0,1.0,416.0,510.0,0.8,4.0,16.0,0.3,58.0,21.0,0.4,5.0,6.0,10.0,0.6,12.0,19.0,19.0,Spezia,13.0,2.0,0.0,1.0,6.0,4.0,44.2,7.0,2.0,0.3,1.0,1.0,294.0,408.0,0.7,2.0,9.0,0.2,70.0,24.0,0.3,3.0,3.0,6.0,0.5,7.0,10.0,10.0,614594,2022-04-23 13:00:00,2022
Venezia,12.0,0.0,0.0,2.0,0.0,1.0,39.8,8.0,2.0,0.3,0.0,0.0,319.0,410.0,0.8,2.0,12.0,0.2,55.0,25.0,0.5,3.0,13.0,21.0,0.6,14.0,22.0,22.0,Atalanta,13.0,3.0,0.0,0.0,7.0,1.0,60.2,19.0,5.0,0.3,0.0,0.0,508.0,616.0,0.8,6.0,16.0,0.4,67.0,38.0,0.6,4.0,11.0,19.0,0.6,11.0,10.0,10.0,614586,2022-04-23 13:00:00,2022
Internazionale,11.0,2.0,0.0,1.0,4.0,1.0,44.6,11.0,8.0,0.7,0.0,0.0,367.0,437.0,0.8,3.0,11.0,0.3,59.0,37.0,0.6,1.0,7.0,13.0,0.5,12.0,14.0,14.0,AS Roma,13.0,2.0,0.0,1.0,3.0,5.0,55.4,9.0,2.0,0.2,0.0,0.0,483.0,557.0,0.9,1.0,7.0,0.1,57.0,32.0,0.6,4.0,10.0,13.0,0.8,15.0,12.0,12.0,614592,2022-04-23 16:00:00,2022
Hellas Verona,15.0,1.0,0.0,4.0,4.0,2.0,57.7,12.0,1.0,0.1,0.0,0.0,385.0,487.0,0.8,4.0,15.0,0.3,69.0,32.0,0.5,5.0,3.0,4.0,0.8,14.0,19.0,19.0,Sampdoria,15.0,3.0,0.0,0.0,5.0,0.0,42.3,4.0,3.0,0.8,0.0,1.0,235.0,344.0,0.7,3.0,21.0,0.1,81.0,26.0,0.3,0.0,9.0,14.0,0.6,7.0,15.0,15.0,614593,2022-04-23 18:45:00,2022
Salernitana,15.0,1.0,0.0,3.0,6.0,2.0,27.6,10.0,4.0,0.4,0.0,0.0,139.0,216.0,0.6,6.0,12.0,0.5,58.0,31.0,0.5,3.0,10.0,15.0,0.7,6.0,19.0,19.0,Fiorentina,12.0,1.0,0.0,2.0,4.0,2.0,72.4,8.0,3.0,0.4,0.0,0.0,493.0,575.0,0.9,6.0,23.0,0.3,79.0,48.0,0.6,2.0,4.0,9.0,0.4,4.0,6.0,6.0,614588,2022-04-24 10:30:00,2022
Bologna,9.0,2.0,0.0,2.0,2.0,3.0,55.1,10.0,3.0,0.3,0.0,0.0,349.0,431.0,0.8,6.0,14.0,0.4,40.0,18.0,0.5,2.0,10.0,16.0,0.6,5.0,12.0,12.0,Udinese,22.0,2.0,0.0,3.0,4.0,1.0,44.9,17.0,5.0,0.3,0.0,0.0,276.0,345.0,0.8,5.0,15.0,0.3,37.0,15.0,0.4,3.0,13.0,19.0,0.7,7.0,15.0,15.0,614595,2022-04-24 13:00:00,2022
Empoli,14.0,4.0,0.0,1.0,10.0,0.0,40.3,17.0,7.0,0.4,0.0,0.0,263.0,342.0,0.8,4.0,19.0,0.2,42.0,19.0,0.5,4.0,9.0,10.0,0.9,15.0,23.0,23.0,Napoli,9.0,1.0,0.0,2.0,7.0,5.0,59.7,16.0,2.0,0.1,0.0,0.0,424.0,518.0,0.8,4.0,21.0,0.2,73.0,48.0,0.7,6.0,13.0,21.0,0.6,21.0,13.0,13.0,614591,2022-04-24 13:00:00,2022
Genoa,21.0,3.0,0.0,3.0,3.0,1.0,55.6,13.0,2.0,0.2,0.0,0.0,220.0,384.0,0.6,5.0,20.0,0.3,80.0,30.0,0.4,6.0,8.0,17.0,0.5,6.0,14.0,14.0,Cagliari,18.0,2.0,0.0,1.0,3.0,1.0,44.4,11.0,1.0,0.1,0.0,0.0,162.0,310.0,0.5,3.0,9.0,0.3,110.0,36.0,0.3,5.0,10.0,16.0,0.6,16.0,24.0,24.0,614587,2022-04-24 16:00:00,2022
Lazio,13.0,3.0,0.0,0.0,2.0,6.0,46.4,7.0,2.0,0.3,0.0,0.0,323.0,410.0,0.8,4.0,8.0,0.5,47.0,25.0,0.5,2.0,4.0,8.0,0.5,9.0,30.0,30.0,AC Milan,15.0,4.0,0.0,2.0,8.0,1.0,53.6,25.0,8.0,0.3,0.0,0.0,361.0,452.0,0.8,9.0,28.0,0.3,56.0,29.0,0.5,9.0,12.0,24.0,0.5,11.0,6.0,6.0,614590,2022-04-24 18:45:00,2022
Sassuolo,15.0,2.0,1.0,1.0,6.0,4.0,63.5,22.0,7.0,0.3,0.0,0.0,603.0,666.0,0.9,4.0,19.0,0.2,35.0,24.0,0.7,9.0,9.0,13.0,0.7,7.0,10.0,10.0,Juventus,8.0,2.0,0.0,3.0,4.0,6.0,36.5,10.0,5.0,0.5,0.0,0.0,311.0,372.0,0.8,4.0,16.0,0.3,39.0,17.0,0.4,2.0,4.0,12.0,0.3,10.0,24.0,24.0,614589,2022-04-25 18:45:00,2022
Fiorentina,12.0,3.0,0.0,2.0,14.0,4.0,72.6,18.0,7.0,0.4,0.0,0.0,437.0,510.0,0.9,11.0,43.0,0.3,59.0,34.0,0.6,4.0,7.0,13.0,0.5,5.0,9.0,9.0,Udinese,22.0,4.0,0.0,4.0,2.0,7.0,27.4,17.0,8.0,0.5,0.0,0.0,132.0,201.0,0.7,2.0,8.0,0.3,48.0,16.0,0.3,3.0,10.0,21.0,0.5,4.0,27.0,27.0,614734,2022-04-27 16:00:00,2022
Bologna,11.0,1.0,0.0,0.0,0.0,6.0,41.4,5.0,3.0,0.6,0.0,0.0,348.0,418.0,0.8,2.0,6.0,0.3,54.0,26.0,0.5,0.0,7.0,11.0,0.6,6.0,33.0,33.0,Internazionale,9.0,3.0,0.0,0.0,7.0,1.0,58.6,26.0,7.0,0.3,0.0,0.0,509.0,582.0,0.9,9.0,29.0,0.3,58.0,44.0,0.8,9.0,7.0,13.0,0.5,6.0,4.0,4.0,614730,2022-04-27 18:15:00,2022
Atalanta,12.0,2.0,0.0,2.0,8.0,1.0,49.5,17.0,5.0,0.3,2.0,2.0,324.0,416.0,0.8,5.0,15.0,0.3,46.0,25.0,0.5,7.0,5.0,12.0,0.4,5.0,7.0,7.0,Torino,11.0,2.0,0.0,1.0,0.0,1.0,50.5,5.0,4.0,0.8,2.0,2.0,347.0,436.0,0.8,0.0,5.0,0.0,69.0,22.0,0.3,0.0,10.0,14.0,0.7,12.0,14.0,14.0,614733,2022-04-27 18:15:00,2022
Cagliari,16.0,2.0,0.0,2.0,2.0,2.0,58.3,14.0,5.0,0.4,0.0,0.0,311.0,421.0,0.7,5.0,18.0,0.3,82.0,40.0,0.5,5.0,7.0,19.0,0.4,5.0,7.0,7.0,Hellas Verona,17.0,4.0,0.0,3.0,2.0,4.0,41.7,13.0,4.0,0.3,0.0,0.0,196.0,304.0,0.6,0.0,12.0,0.0,95.0,37.0,0.4,4.0,14.0,25.0,0.6,16.0,21.0,21.0,614579,2022-04-30 13:00:00,2022
Napoli,10.0,0.0,0.0,5.0,4.0,3.0,53.3,18.0,8.0,0.4,0.0,0.0,493.0,542.0,0.9,7.0,13.0,0.5,40.0,30.0,0.8,2.0,12.0,19.0,0.6,8.0,10.0,10.0,Sassuolo,9.0,3.0,0.0,1.0,4.0,2.0,46.7,13.0,4.0,0.3,0.0,0.0,427.0,478.0,0.9,1.0,10.0,0.1,40.0,26.0,0.7,6.0,7.0,10.0,0.7,6.0,6.0,6.0,614583,2022-04-30 13:00:00,2022
Sampdoria,13.0,3.0,0.0,1.0,1.0,4.0,48.9,10.0,2.0,0.2,0.0,0.0,229.0,334.0,0.7,6.0,15.0,0.4,68.0,28.0,0.4,4.0,8.0,14.0,0.6,17.0,21.0,21.0,Genoa,23.0,1.0,0.0,4.0,2.0,1.0,51.1,14.0,4.0,0.3,0.0,1.0,223.0,341.0,0.7,9.0,25.0,0.4,65.0,14.0,0.2,3.0,19.0,29.0,0.7,12.0,14.0,14.0,614578,2022-04-30 16:00:00,2022
Spezia,15.0,3.0,0.0,3.0,4.0,6.0,29.3,9.0,3.0,0.3,0.0,0.0,163.0,253.0,0.6,6.0,14.0,0.4,70.0,25.0,0.4,3.0,3.0,9.0,0.3,7.0,15.0,15.0,Lazio,10.0,1.0,0.0,2.0,5.0,0.0,70.7,22.0,9.0,0.4,1.0,1.0,555.0,631.0,0.9,4.0,25.0,0.2,62.0,41.0,0.7,4.0,10.0,15.0,0.7,5.0,8.0,8.0,614581,2022-04-30 18:45:00,2022
Juventus,17.0,3.0,0.0,0.0,8.0,2.0,49.7,17.0,4.0,0.2,0.0,0.0,344.0,411.0,0.8,8.0,18.0,0.4,49.0,28.0,0.6,6.0,8.0,13.0,0.6,7.0,14.0,14.0,Venezia,12.0,3.0,0.0,0.0,4.0,2.0,50.3,9.0,3.0,0.3,0.0,0.0,352.0,421.0,0.8,2.0,16.0,0.1,48.0,21.0,0.4,1.0,8.0,11.0,0.7,5.0,19.0,19.0,614585,2022-05-01 10:30:00,2022
AC Milan,17.0,1.0,0.0,6.0,2.0,2.0,47.7,13.0,2.0,0.2,0.0,0.0,310.0,391.0,0.8,2.0,14.0,0.1,44.0,20.0,0.5,4.0,11.0,14.0,0.8,17.0,6.0,6.0,Fiorentina,17.0,3.0,0.0,2.0,2.0,1.0,52.3,8.0,2.0,0.3,0.0,0.0,343.0,430.0,0.8,4.0,10.0,0.4,60.0,36.0,0.6,4.0,7.0,12.0,0.6,4.0,14.0,14.0,614577,2022-05-01 13:00:00,2022
Empoli,14.0,2.0,2.0,1.0,5.0,0.0,38.1,11.0,4.0,0.4,0.0,0.0,197.0,275.0,0.7,1.0,12.0,0.1,42.0,16.0,0.4,2.0,7.0,12.0,0.6,14.0,10.0,10.0,Torino,11.0,2.0,0.0,1.0,4.0,3.0,61.9,13.0,3.0,0.2,2.0,2.0,360.0,441.0,0.8,8.0,23.0,0.3,67.0,34.0,0.5,4.0,8.0,15.0,0.5,10.0,17.0,17.0,614584,2022-05-01 13:00:00,2022
Udinese,12.0,2.0,0.0,1.0,5.0,3.0,47.9,7.0,3.0,0.4,0.0,0.0,371.0,428.0,0.9,3.0,22.0,0.1,38.0,21.0,0.6,1.0,6.0,14.0,0.4,8.0,16.0,16.0,Internazionale,10.0,1.0,0.0,2.0,11.0,3.0,52.1,12.0,5.0,0.4,0.0,1.0,402.0,464.0,0.9,6.0,16.0,0.4,50.0,32.0,0.6,4.0,12.0,20.0,0.6,3.0,11.0,11.0,614580,2022-05-01 16:00:00,2022
AS Roma,10.0,0.0,0.0,1.0,10.0,4.0,42.2,17.0,5.0,0.3,0.0,0.0,270.0,349.0,0.8,7.0,24.0,0.3,57.0,28.0,0.5,6.0,13.0,21.0,0.6,16.0,12.0,12.0,Bologna,9.0,1.0,0.0,2.0,5.0,5.0,57.8,10.0,4.0,0.4,0.0,0.0,409.0,502.0,0.8,1.0,9.0,0.1,54.0,29.0,0.5,1.0,17.0,25.0,0.7,7.0,18.0,18.0,614576,2022-05-01 18:45:00,2022
Atalanta,13.0,3.0,0.0,2.0,11.0,8.0,62.5,20.0,5.0,0.3,0.0,0.0,459.0,556.0,0.8,9.0,23.0,0.4,35.0,20.0,0.6,6.0,20.0,31.0,0.6,4.0,8.0,8.0,Salernitana,9.0,2.0,0.0,0.0,4.0,4.0,37.5,11.0,9.0,0.8,0.0,0.0,243.0,339.0,0.7,3.0,13.0,0.2,67.0,27.0,0.4,1.0,20.0,29.0,0.7,16.0,20.0,20.0,614582,2022-05-02 18:45:00,2022
Salernitana,12.0,2.0,0.0,0.0,6.0,3.0,42.7,19.0,4.0,0.2,1.0,1.0,217.0,303.0,0.7,7.0,13.0,0.5,52.0,24.0,0.5,5.0,7.0,9.0,0.8,12.0,27.0,27.0,Venezia,17.0,5.0,1.0,3.0,4.0,2.0,57.3,10.0,4.0,0.4,0.0,0.0,313.0,403.0,0.8,4.0,17.0,0.2,54.0,23.0,0.4,2.0,10.0,18.0,0.6,8.0,11.0,11.0,614735,2022-05-05 16:00:00,2022
Internazionale,10.0,1.0,0.0,2.0,14.0,0.0,64.3,37.0,10.0,0.3,0.0,0.0,517.0,573.0,0.9,16.0,41.0,0.4,31.0,23.0,0.7,8.0,7.0,13.0,0.5,9.0,6.0,6.0,Empoli,9.0,0.0,0.0,1.0,2.0,7.0,35.7,4.0,2.0,0.5,0.0,0.0,257.0,327.0,0.8,3.0,8.0,0.4,46.0,20.0,0.4,2.0,7.0,13.0,0.5,6.0,32.0,32.0,614569,2022-05-06 16:45:00,2022
Genoa,13.0,2.0,0.0,3.0,9.0,3.0,46.1,18.0,6.0,0.3,1.0,1.0,336.0,417.0,0.8,9.0,26.0,0.3,42.0,17.0,0.4,2.0,15.0,19.0,0.8,12.0,14.0,14.0,Juventus,15.0,3.0,0.0,3.0,2.0,4.0,53.9,12.0,4.0,0.3,0.0,0.0,409.0,505.0,0.8,3.0,9.0,0.3,74.0,47.0,0.6,4.0,7.0,13.0,0.5,8.0,21.0,21.0,614570,2022-05-06 19:00:00,2022
Torino,18.0,2.0,0.0,2.0,6.0,5.0,42.8,10.0,3.0,0.3,0.0,0.0,273.0,340.0,0.8,3.0,17.0,0.2,52.0,23.0,0.4,3.0,8.0,17.0,0.5,4.0,7.0,7.0,Napoli,11.0,3.0,0.0,1.0,4.0,3.0,57.2,11.0,6.0,0.5,0.0,1.0,391.0,467.0,0.8,4.0,11.0,0.4,55.0,28.0,0.5,2.0,9.0,16.0,0.6,3.0,10.0,10.0,614572,2022-05-07 13:00:00,2022
Sassuolo,10.0,2.0,0.0,1.0,6.0,5.0,59.2,15.0,6.0,0.4,0.0,0.0,466.0,529.0,0.9,3.0,21.0,0.1,43.0,29.0,0.7,4.0,6.0,8.0,0.8,8.0,19.0,19.0,Udinese,18.0,2.0,0.0,6.0,9.0,4.0,40.8,13.0,6.0,0.5,0.0,0.0,298.0,360.0,0.8,4.0,18.0,0.2,41.0,24.0,0.6,2.0,8.0,16.0,0.5,5.0,15.0,15.0,614575,2022-05-07 16:00:00,2022
Lazio,9.0,1.0,0.0,0.0,6.0,2.0,61.5,16.0,10.0,0.6,0.0,0.0,663.0,741.0,0.9,4.0,16.0,0.3,42.0,22.0,0.5,3.0,5.0,14.0,0.4,9.0,11.0,11.0,Sampdoria,9.0,1.0,0.0,2.0,0.0,8.0,38.5,9.0,2.0,0.2,0.0,0.0,374.0,458.0,0.8,2.0,13.0,0.2,45.0,20.0,0.4,3.0,9.0,18.0,0.5,11.0,17.0,17.0,614574,2022-05-07 18:45:00,2022
Spezia,10.0,2.0,0.0,4.0,0.0,3.0,34.7,5.0,1.0,0.2,0.0,0.0,207.0,294.0,0.7,2.0,8.0,0.3,56.0,14.0,0.3,0.0,18.0,24.0,0.8,13.0,20.0,20.0,Atalanta,12.0,3.0,0.0,3.0,3.0,0.0,65.3,17.0,6.0,0.4,0.0,0.0,472.0,551.0,0.9,3.0,13.0,0.2,58.0,35.0,0.6,5.0,12.0,19.0,0.6,6.0,9.0,9.0,614566,2022-05-08 10:30:00,2022
Venezia,10.0,2.0,0.0,2.0,4.0,7.0,39.5,18.0,9.0,0.5,1.0,2.0,228.0,296.0,0.8,7.0,18.0,0.4,58.0,29.0,0.5,4.0,10.0,18.0,0.6,9.0,25.0,25.0,Bologna,13.0,4.0,0.0,0.0,8.0,5.0,60.5,23.0,10.0,0.4,0.0,0.0,382.0,460.0,0.8,8.0,23.0,0.3,42.0,25.0,0.6,6.0,10.0,19.0,0.5,19.0,16.0,16.0,614567,2022-05-08 13:00:00,2022
Salernitana,12.0,5.0,1.0,1.0,7.0,2.0,48.9,13.0,2.0,0.2,1.0,1.0,273.0,351.0,0.8,5.0,25.0,0.2,68.0,36.0,0.5,5.0,9.0,15.0,0.6,3.0,21.0,21.0,Cagliari,17.0,2.0,1.0,1.0,6.0,1.0,51.1,9.0,3.0,0.3,0.0,0.0,293.0,365.0,0.8,9.0,31.0,0.3,55.0,32.0,0.6,2.0,5.0,12.0,0.4,6.0,21.0,21.0,614568,2022-05-08 16:00:00,2022
Hellas Verona,15.0,2.0,0.0,0.0,5.0,5.0,47.0,10.0,3.0,0.3,0.0,0.0,277.0,353.0,0.8,6.0,22.0,0.3,53.0,23.0,0.4,2.0,8.0,15.0,0.5,7.0,25.0,25.0,AC Milan,7.0,1.0,0.0,2.0,8.0,2.0,53.0,18.0,8.0,0.4,0.0,0.0,321.0,407.0,0.8,6.0,17.0,0.4,60.0,29.0,0.5,4.0,12.0,20.0,0.6,5.0,12.0,12.0,614571,2022-05-08 18:45:00,2022
Fiorentina,16.0,3.0,0.0,1.0,5.0,1.0,54.6,12.0,7.0,0.6,1.0,1.0,454.0,525.0,0.9,5.0,17.0,0.3,65.0,30.0,0.5,2.0,10.0,13.0,0.8,5.0,8.0,8.0,AS Roma,11.0,1.0,0.0,1.0,3.0,5.0,45.4,7.0,1.0,0.1,0.0,0.0,366.0,441.0,0.8,4.0,10.0,0.4,50.0,22.0,0.4,2.0,8.0,19.0,0.4,9.0,14.0,14.0,614573,2022-05-09 18:45:00,2022
Empoli,18.0,3.0,0.0,1.0,3.0,7.0,45.8,16.0,6.0,0.4,0.0,0.0,284.0,360.0,0.8,2.0,10.0,0.2,41.0,13.0,0.3,1.0,9.0,13.0,0.7,6.0,37.0,37.0,Salernitana,8.0,2.0,0.0,0.0,11.0,5.0,54.2,28.0,9.0,0.3,0.0,1.0,329.0,395.0,0.8,13.0,44.0,0.3,54.0,31.0,0.6,8.0,9.0,15.0,0.6,7.0,11.0,11.0,614561,2022-05-14 13:00:00,2022
Hellas Verona,17.0,3.0,0.0,1.0,4.0,4.0,47.0,11.0,5.0,0.5,0.0,0.0,259.0,351.0,0.7,7.0,18.0,0.4,51.0,22.0,0.4,2.0,4.0,7.0,0.6,7.0,10.0,10.0,Torino,18.0,2.0,0.0,1.0,4.0,5.0,53.0,11.0,5.0,0.5,0.0,0.0,308.0,404.0,0.8,3.0,12.0,0.3,61.0,26.0,0.4,2.0,8.0,19.0,0.4,10.0,21.0,21.0,614564,2022-05-14 16:00:00,2022
Udinese,19.0,3.0,0.0,2.0,5.0,4.0,61.4,17.0,6.0,0.4,0.0,0.0,429.0,510.0,0.8,5.0,18.0,0.3,44.0,25.0,0.6,5.0,13.0,19.0,0.7,13.0,11.0,11.0,Spezia,10.0,2.0,0.0,1.0,2.0,4.0,38.6,11.0,7.0,0.6,0.0,1.0,225.0,323.0,0.7,2.0,10.0,0.2,51.0,17.0,0.3,2.0,18.0,26.0,0.7,8.0,19.0,19.0,614563,2022-05-14 16:00:00,2022
AS Roma,11.0,2.0,0.0,0.0,20.0,1.0,68.8,46.0,16.0,0.3,0.0,0.0,473.0,548.0,0.9,10.0,48.0,0.2,53.0,41.0,0.8,18.0,8.0,12.0,0.7,12.0,5.0,5.0,Venezia,14.0,5.0,1.0,0.0,2.0,16.0,31.2,4.0,2.0,0.5,0.0,0.0,180.0,260.0,0.7,2.0,6.0,0.3,51.0,13.0,0.3,2.0,15.0,20.0,0.8,14.0,55.0,55.0,614565,2022-05-14 18:45:00,2022
Bologna,9.0,0.0,0.0,5.0,5.0,4.0,54.7,8.0,2.0,0.3,1.0,1.0,381.0,448.0,0.9,3.0,20.0,0.2,43.0,24.0,0.6,4.0,10.0,15.0,0.7,9.0,13.0,13.0,Sassuolo,10.0,1.0,0.0,1.0,9.0,1.0,45.3,16.0,7.0,0.4,0.0,0.0,307.0,373.0,0.8,5.0,15.0,0.3,53.0,29.0,0.5,4.0,8.0,14.0,0.6,7.0,16.0,16.0,614562,2022-05-15 10:30:00,2022
Napoli,13.0,1.0,0.0,3.0,9.0,3.0,66.7,17.0,9.0,0.5,1.0,1.0,453.0,526.0,0.9,7.0,25.0,0.3,52.0,32.0,0.6,3.0,11.0,16.0,0.7,4.0,10.0,10.0,Genoa,15.0,1.0,0.0,3.0,2.0,6.0,33.3,11.0,3.0,0.3,0.0,0.0,204.0,263.0,0.8,1.0,10.0,0.1,48.0,23.0,0.5,4.0,6.0,14.0,0.4,14.0,22.0,22.0,614558,2022-05-15 13:00:00,2022
AC Milan,8.0,3.0,0.0,0.0,4.0,2.0,45.8,12.0,6.0,0.5,0.0,0.0,301.0,373.0,0.8,0.0,15.0,0.0,53.0,27.0,0.5,3.0,16.0,29.0,0.6,7.0,9.0,9.0,Atalanta,14.0,4.0,0.0,1.0,6.0,4.0,54.2,12.0,2.0,0.2,0.0,0.0,371.0,449.0,0.8,3.0,10.0,0.3,41.0,23.0,0.6,3.0,10.0,23.0,0.4,7.0,12.0,12.0,614556,2022-05-15 16:00:00,2022
Cagliari,12.0,0.0,0.0,0.0,2.0,4.0,37.7,10.0,2.0,0.2,0.0,0.0,269.0,334.0,0.8,2.0,20.0,0.1,49.0,25.0,0.5,3.0,7.0,12.0,0.6,9.0,12.0,12.0,Internazionale,15.0,2.0,0.0,0.0,5.0,1.0,62.3,17.0,7.0,0.4,0.0,0.0,505.0,565.0,0.9,8.0,20.0,0.4,62.0,42.0,0.7,2.0,9.0,9.0,1.0,12.0,15.0,15.0,614559,2022-05-15 18:45:00,2022
Sampdoria,18.0,3.0,1.0,4.0,4.0,0.0,36.3,12.0,5.0,0.4,0.0,0.0,211.0,279.0,0.8,5.0,11.0,0.5,50.0,18.0,0.4,6.0,7.0,15.0,0.5,8.0,15.0,15.0,Fiorentina,9.0,3.0,0.0,3.0,5.0,1.0,63.7,12.0,1.0,0.1,1.0,1.0,424.0,488.0,0.9,6.0,26.0,0.2,40.0,22.0,0.6,3.0,12.0,14.0,0.9,3.0,6.0,6.0,614557,2022-05-16 16:30:00,2022
Juventus,16.0,3.0,0.0,4.0,0.0,6.0,36.7,4.0,2.0,0.5,0.0,0.0,297.0,346.0,0.9,1.0,2.0,0.5,46.0,27.0,0.6,0.0,3.0,6.0,0.5,10.0,18.0,18.0,Lazio,13.0,3.0,0.0,0.0,9.0,0.0,63.3,18.0,7.0,0.4,0.0,0.0,532.0,583.0,0.9,4.0,24.0,0.2,32.0,21.0,0.7,3.0,6.0,12.0,0.5,9.0,2.0,2.0,614560,2022-05-16 18:45:00,2022
Torino,10.0,2.0,0.0,4.0,5.0,3.0,58.9,13.0,2.0,0.2,0.0,0.0,417.0,485.0,0.9,4.0,17.0,0.2,28.0,11.0,0.4,3.0,7.0,15.0,0.5,6.0,15.0,15.0,AS Roma,10.0,2.0,0.0,3.0,6.0,2.0,41.1,14.0,6.0,0.4,2.0,2.0,275.0,345.0,0.8,2.0,9.0,0.2,68.0,35.0,0.5,3.0,8.0,14.0,0.6,11.0,9.0,9.0,614553,2022-05-20 18:45:00,2022
Genoa,17.0,3.0,0.0,2.0,9.0,3.0,50.9,18.0,5.0,0.3,0.0,0.0,284.0,384.0,0.7,3.0,19.0,0.2,54.0,25.0,0.5,6.0,16.0,28.0,0.6,17.0,11.0,11.0,Bologna,10.0,1.0,0.0,4.0,9.0,5.0,49.1,11.0,4.0,0.4,0.0,0.0,271.0,373.0,0.7,7.0,15.0,0.5,64.0,27.0,0.4,4.0,11.0,23.0,0.5,10.0,19.0,19.0,614546,2022-05-21 15:15:00,2022
Lazio,9.0,2.0,0.0,1.0,6.0,4.0,54.6,19.0,7.0,0.4,0.0,0.0,326.0,413.0,0.8,6.0,13.0,0.5,55.0,26.0,0.5,4.0,10.0,17.0,0.6,10.0,12.0,12.0,Hellas Verona,19.0,6.0,0.0,4.0,4.0,5.0,45.4,10.0,7.0,0.7,0.0,0.0,252.0,340.0,0.7,3.0,11.0,0.3,56.0,20.0,0.4,0.0,11.0,17.0,0.6,7.0,12.0,12.0,614549,2022-05-21 18:45:00,2022
Fiorentina,13.0,3.0,0.0,0.0,6.0,0.0,66.4,13.0,4.0,0.3,1.0,1.0,599.0,665.0,0.9,8.0,33.0,0.2,60.0,37.0,0.6,4.0,10.0,14.0,0.7,8.0,4.0,4.0,Juventus,14.0,3.0,0.0,3.0,2.0,1.0,33.6,1.0,0.0,0.0,0.0,0.0,289.0,351.0,0.8,1.0,3.0,0.3,43.0,25.0,0.6,1.0,6.0,15.0,0.4,9.0,21.0,21.0,614550,2022-05-21 18:45:00,2022
Atalanta,6.0,1.0,0.0,2.0,15.0,2.0,62.3,40.0,11.0,0.3,0.0,0.0,505.0,586.0,0.9,14.0,34.0,0.4,35.0,22.0,0.6,17.0,13.0,17.0,0.8,11.0,10.0,10.0,Empoli,7.0,1.0,0.0,2.0,2.0,9.0,37.7,7.0,3.0,0.4,0.0,0.0,291.0,369.0,0.8,1.0,6.0,0.2,60.0,22.0,0.4,1.0,9.0,14.0,0.6,12.0,34.0,34.0,614548,2022-05-21 18:45:00,2022
Spezia,10.0,1.0,0.0,2.0,4.0,1.0,31.8,16.0,4.0,0.3,0.0,0.0,255.0,296.0,0.9,9.0,23.0,0.4,35.0,25.0,0.7,2.0,12.0,19.0,0.6,12.0,15.0,15.0,Napoli,9.0,2.0,0.0,0.0,2.0,4.0,68.2,10.0,4.0,0.4,0.0,0.0,613.0,679.0,0.9,0.0,13.0,0.0,45.0,32.0,0.7,5.0,9.0,13.0,0.7,4.0,14.0,14.0,614552,2022-05-22 10:30:00,2022
Internazionale,6.0,1.0,0.0,1.0,8.0,3.0,58.3,28.0,12.0,0.4,0.0,0.0,591.0,644.0,0.9,7.0,18.0,0.4,46.0,34.0,0.7,10.0,8.0,13.0,0.6,9.0,4.0,4.0,Sampdoria,12.0,2.0,0.0,2.0,2.0,8.0,41.7,8.0,3.0,0.4,0.0,0.0,413.0,462.0,0.9,1.0,4.0,0.3,40.0,25.0,0.6,2.0,7.0,14.0,0.5,6.0,20.0,20.0,614554,2022-05-22 16:00:00,2022
Sassuolo,8.0,2.0,0.0,0.0,3.0,8.0,53.5,15.0,3.0,0.2,0.0,0.0,359.0,416.0,0.9,3.0,12.0,0.3,47.0,29.0,0.6,3.0,6.0,13.0,0.5,8.0,15.0,15.0,AC Milan,13.0,1.0,0.0,3.0,7.0,3.0,46.5,18.0,12.0,0.7,0.0,0.0,296.0,356.0,0.8,4.0,14.0,0.3,49.0,28.0,0.6,2.0,12.0,21.0,0.6,3.0,7.0,7.0,614551,2022-05-22 16:00:00,2022
Venezia,0.0,0.0,0.0,0.0,0.0,0.0,0.0,0.0,0.0,0.0,0.0,0.0,0.0,0.0,0.0,0.0,0.0,0.0,0.0,0.0,0.0,0.0,0.0,0.0,0.0,0.0,0.0,0.0,Cagliari,0.0,0.0,0.0,0.0,0.0,0.0,0.0,0.0,0.0,0.0,0.0,0.0,0.0,0.0,0.0,0.0,0.0,0.0,0.0,0.0,0.0,0.0,0.0,0.0,0.0,0.0,0.0,0.0,614547,2022-05-22 19:00:00,2022
Salernitana,11.0,1.0,0.0,2.0,7.0,7.0,52.7,25.0,10.0,0.4,0.0,0.0,421.0,480.0,0.9,14.0,30.0,0.5,44.0,30.0,0.7,5.0,6.0,13.0,0.5,12.0,14.0,14.0,Udinese,12.0,1.0,0.0,2.0,2.0,11.0,47.3,19.0,11.0,0.6,0.0,1.0,367.0,445.0,0.8,3.0,9.0,0.3,42.0,17.0,0.4,2.0,9.0,19.0,0.5,7.0,20.0,20.0,614555,2022-05-22 19:00:00,2022
Sampdoria,13.0,4.0,0.0,1.0,3.0,1.0,55.4,11.0,1.0,0.1,0.0,0.0,363.0,455.0,0.8,4.0,19.0,0.2,53.0,28.0,0.5,5.0,13.0,18.0,0.7,11.0,6.0,6.0,Atalanta,21.0,6.0,0.0,2.0,2.0,1.0,44.6,9.0,3.0,0.3,0.0,0.0,285.0,371.0,0.8,2.0,9.0,0.2,69.0,28.0,0.4,3.0,10.0,19.0,0.5,11.0,19.0,19.0,644618,2022-08-13 16:30:00,2022
AC Milan,16.0,1.0,0.0,0.0,5.0,2.0,59.2,14.0,5.0,0.4,1.0,1.0,429.0,502.0,0.9,4.0,21.0,0.2,66.0,35.0,0.5,2.0,12.0,23.0,0.5,8.0,5.0,5.0,Udinese,13.0,4.0,0.0,1.0,1.0,1.0,40.8,9.0,4.0,0.4,0.0,0.0,278.0,343.0,0.8,4.0,11.0,0.4,44.0,30.0,0.7,1.0,10.0,13.0,0.8,11.0,19.0,19.0,644626,2022-08-13 16:30:00,2022
Lecce,0.0,0.0,0.0,0.0,0.0,0.0,0.0,0.0,0.0,0.0,0.0,0.0,0.0,0.0,0.0,0.0,0.0,0.0,0.0,0.0,0.0,0.0,0.0,0.0,0.0,0.0,0.0,0.0,Internazionale,0.0,0.0,0.0,0.0,0.0,0.0,0.0,0.0,0.0,0.0,0.0,0.0,0.0,0.0,0.0,0.0,0.0,0.0,0.0,0.0,0.0,0.0,0.0,0.0,0.0,0.0,0.0,0.0,644622,2022-08-13 18:45:00,2022
Monza,6.0,1.0,0.0,1.0,2.0,4.0,54.3,15.0,4.0,0.3,0.0,0.0,365.0,447.0,0.8,5.0,14.0,0.4,59.0,29.0,0.5,4.0,8.0,13.0,0.6,11.0,14.0,14.0,Torino,17.0,2.0,0.0,5.0,7.0,3.0,45.7,13.0,6.0,0.5,0.0,0.0,307.0,377.0,0.8,4.0,16.0,0.3,43.0,17.0,0.4,4.0,5.0,14.0,0.4,5.0,11.0,11.0,644620,2022-08-13 18:45:00,2022
Fiorentina,10.0,0.0,0.0,1.0,11.0,2.0,74.6,28.0,11.0,0.4,0.0,0.0,507.0,569.0,0.9,12.0,35.0,0.3,96.0,76.0,0.8,10.0,7.0,12.0,0.6,6.0,10.0,10.0,Cremonese,19.0,3.0,1.0,1.0,4.0,8.0,25.4,13.0,4.0,0.3,0.0,0.0,121.0,191.0,0.6,4.0,13.0,0.3,43.0,7.0,0.2,6.0,10.0,24.0,0.4,7.0,25.0,25.0,644625,2022-08-14 16:30:00,2022
Lazio,11.0,2.0,1.0,3.0,3.0,2.0,40.8,9.0,6.0,0.7,0.0,0.0,247.0,307.0,0.8,3.0,10.0,0.3,49.0,28.0,0.6,1.0,8.0,15.0,0.5,4.0,9.0,9.0,Bologna,18.0,4.0,1.0,2.0,2.0,5.0,59.2,11.0,3.0,0.3,1.0,1.0,387.0,450.0,0.9,3.0,10.0,0.3,53.0,27.0,0.5,2.0,4.0,13.0,0.3,8.0,18.0,18.0,644623,2022-08-14 16:30:00,2022
Salernitana,18.0,3.0,0.0,1.0,4.0,3.0,52.0,13.0,2.0,0.2,0.0,0.0,375.0,449.0,0.8,5.0,11.0,0.5,51.0,23.0,0.5,6.0,6.0,16.0,0.4,9.0,12.0,12.0,AS Roma,9.0,2.0,0.0,3.0,2.0,2.0,48.0,20.0,5.0,0.3,0.0,0.0,345.0,418.0,0.8,2.0,9.0,0.2,47.0,22.0,0.5,6.0,6.0,17.0,0.4,9.0,9.0,9.0,644619,2022-08-14 18:45:00,2022
Spezia,15.0,2.0,0.0,3.0,6.0,5.0,40.7,9.0,2.0,0.2,0.0,0.0,275.0,355.0,0.8,3.0,21.0,0.1,57.0,27.0,0.5,1.0,10.0,23.0,0.4,17.0,27.0,27.0,Empoli,8.0,1.0,0.0,1.0,4.0,1.0,59.3,18.0,5.0,0.3,0.0,0.0,416.0,519.0,0.8,4.0,28.0,0.1,64.0,38.0,0.6,5.0,10.0,14.0,0.7,10.0,16.0,16.0,644617,2022-08-14 18:45:00,2022
Hellas Verona,15.0,2.0,0.0,1.0,4.0,3.0,33.7,6.0,3.0,0.5,0.0,0.0,187.0,260.0,0.7,4.0,14.0,0.3,50.0,19.0,0.4,0.0,10.0,19.0,0.5,9.0,20.0,20.0,Napoli,6.0,2.0,0.0,2.0,8.0,1.0,66.3,25.0,8.0,0.3,0.0,0.0,441.0,516.0,0.9,8.0,20.0,0.4,44.0,30.0,0.7,6.0,7.0,11.0,0.6,12.0,12.0,12.0,644621,2022-08-15 16:30:00,2022
Juventus,7.0,1.0,0.0,4.0,3.0,7.0,42.4,14.0,4.0,0.3,1.0,1.0,322.0,384.0,0.8,4.0,11.0,0.4,52.0,24.0,0.5,3.0,5.0,10.0,0.5,12.0,18.0,18.0,Sassuolo,5.0,3.0,0.0,2.0,2.0,1.0,57.6,19.0,7.0,0.4,0.0,0.0,477.0,531.0,0.9,4.0,14.0,0.3,53.0,39.0,0.7,6.0,8.0,9.0,0.9,7.0,10.0,10.0,644624,2022-08-15 18:45:00,2022
Udinese,9.0,2.0,1.0,0.0,6.0,6.0,46.8,15.0,2.0,0.1,0.0,0.0,281.0,377.0,0.7,2.0,11.0,0.2,54.0,24.0,0.4,8.0,10.0,18.0,0.6,7.0,18.0,18.0,Salernitana,12.0,4.0,0.0,1.0,6.0,2.0,53.2,17.0,6.0,0.4,0.0,0.0,337.0,412.0,0.8,5.0,26.0,0.2,69.0,41.0,0.6,3.0,9.0,15.0,0.6,14.0,16.0,16.0,644636,2022-08-20 16:30:00,2022
Torino,11.0,0.0,0.0,4.0,6.0,2.0,53.5,10.0,1.0,0.1,0.0,0.0,403.0,483.0,0.8,6.0,16.0,0.4,60.0,26.0,0.4,2.0,6.0,7.0,0.9,8.0,10.0,10.0,Lazio,12.0,5.0,0.0,0.0,4.0,1.0,46.5,7.0,2.0,0.3,0.0,0.0,335.0,427.0,0.8,0.0,9.0,0.0,78.0,34.0,0.4,3.0,13.0,17.0,0.8,6.0,16.0,16.0,644627,2022-08-20 16:30:00,2022
Sassuolo,0.0,0.0,0.0,0.0,0.0,0.0,0.0,0.0,0.0,0.0,0.0,0.0,0.0,0.0,0.0,0.0,0.0,0.0,0.0,0.0,0.0,0.0,0.0,0.0,0.0,0.0,0.0,0.0,Lecce,0.0,0.0,0.0,0.0,0.0,0.0,0.0,0.0,0.0,0.0,0.0,0.0,0.0,0.0,0.0,0.0,0.0,0.0,0.0,0.0,0.0,0.0,0.0,0.0,0.0,0.0,0.0,0.0,644628,2022-08-20 18:45:00,2022
Internazionale,11.0,0.0,0.0,5.0,10.0,0.0,54.7,19.0,8.0,0.4,0.0,0.0,446.0,503.0,0.9,5.0,21.0,0.2,60.0,40.0,0.7,3.0,11.0,17.0,0.6,8.0,6.0,6.0,Spezia,7.0,0.0,0.0,1.0,4.0,5.0,45.3,2.0,0.0,0.0,0.0,0.0,355.0,420.0,0.8,4.0,11.0,0.4,33.0,12.0,0.4,1.0,8.0,14.0,0.6,7.0,17.0,17.0,644632,2022-08-20 18:45:00,2022
Napoli,11.0,2.0,0.0,1.0,10.0,2.0,54.2,22.0,5.0,0.2,0.0,0.0,436.0,489.0,0.9,9.0,18.0,0.5,41.0,30.0,0.7,9.0,7.0,12.0,0.6,4.0,15.0,15.0,Monza,13.0,1.0,0.0,0.0,4.0,1.0,45.8,4.0,1.0,0.3,0.0,0.0,349.0,410.0,0.9,3.0,17.0,0.2,29.0,12.0,0.4,0.0,12.0,17.0,0.7,8.0,14.0,14.0,644631,2022-08-21 16:30:00,2022
Empoli,13.0,1.0,1.0,1.0,1.0,2.0,36.8,4.0,2.0,0.5,0.0,0.0,219.0,295.0,0.7,1.0,6.0,0.2,40.0,14.0,0.4,0.0,6.0,14.0,0.4,14.0,24.0,24.0,Fiorentina,11.0,3.0,0.0,1.0,9.0,2.0,63.2,19.0,2.0,0.1,0.0,0.0,418.0,481.0,0.9,8.0,29.0,0.3,59.0,43.0,0.7,8.0,6.0,15.0,0.4,7.0,9.0,9.0,644633,2022-08-21 16:30:00,2022
Atalanta,15.0,4.0,0.0,0.0,4.0,6.0,40.6,11.0,2.0,0.2,0.0,0.0,270.0,343.0,0.8,5.0,14.0,0.4,64.0,31.0,0.5,2.0,6.0,14.0,0.4,7.0,19.0,19.0,AC Milan,6.0,3.0,0.0,3.0,6.0,1.0,59.4,18.0,7.0,0.4,0.0,0.0,448.0,519.0,0.9,5.0,19.0,0.3,60.0,32.0,0.5,2.0,7.0,10.0,0.7,7.0,7.0,7.0,644635,2022-08-21 18:45:00,2022
Bologna,10.0,3.0,1.0,1.0,9.0,2.0,52.5,17.0,5.0,0.3,0.0,0.0,254.0,352.0,0.7,6.0,16.0,0.4,64.0,24.0,0.4,5.0,6.0,12.0,0.5,5.0,25.0,25.0,Hellas Verona,14.0,3.0,0.0,5.0,8.0,4.0,47.5,19.0,3.0,0.2,0.0,0.0,219.0,309.0,0.7,8.0,26.0,0.3,56.0,25.0,0.4,8.0,9.0,13.0,0.7,13.0,16.0,16.0,644634,2022-08-21 18:45:00,2022
AS Roma,7.0,0.0,0.0,1.0,5.0,3.0,48.7,27.0,12.0,0.4,0.0,0.0,305.0,389.0,0.8,6.0,14.0,0.4,63.0,41.0,0.7,9.0,10.0,16.0,0.6,6.0,20.0,20.0,Cremonese,14.0,3.0,0.0,1.0,6.0,10.0,51.3,14.0,3.0,0.2,0.0,0.0,320.0,394.0,0.8,6.0,27.0,0.2,43.0,16.0,0.4,2.0,9.0,19.0,0.5,16.0,9.0,9.0,644630,2022-08-22 16:30:00,2022
Sampdoria,8.0,3.0,0.0,1.0,3.0,4.0,47.3,9.0,1.0,0.1,0.0,0.0,333.0,399.0,0.8,0.0,6.0,0.0,49.0,26.0,0.5,2.0,3.0,5.0,0.6,7.0,11.0,11.0,Juventus,14.0,2.0,0.0,3.0,4.0,1.0,52.7,10.0,4.0,0.4,0.0,0.0,380.0,438.0,0.9,2.0,14.0,0.1,53.0,28.0,0.5,1.0,12.0,18.0,0.7,4.0,10.0,10.0,644629,2022-08-22 18:45:00,2022
Monza,16.0,3.0,0.0,4.0,3.0,2.0,56.2,10.0,5.0,0.5,0.0,0.0,416.0,469.0,0.9,7.0,13.0,0.5,41.0,27.0,0.7,4.0,8.0,12.0,0.7,7.0,14.0,14.0,Udinese,10.0,2.0,0.0,4.0,5.0,4.0,43.8,15.0,4.0,0.3,0.0,0.0,305.0,368.0,0.8,4.0,12.0,0.3,49.0,29.0,0.6,7.0,12.0,22.0,0.5,9.0,9.0,9.0,644642,2022-08-26 16:30:00,2022
Lazio,5.0,2.0,0.0,0.0,2.0,6.0,47.8,11.0,7.0,0.6,0.0,0.0,442.0,503.0,0.9,2.0,10.0,0.2,53.0,37.0,0.7,1.0,7.0,17.0,0.4,7.0,19.0,19.0,Internazionale,12.0,1.0,0.0,0.0,4.0,4.0,52.2,19.0,7.0,0.4,0.0,0.0,481.0,539.0,0.9,10.0,23.0,0.4,37.0,20.0,0.5,2.0,7.0,15.0,0.5,6.0,9.0,9.0,644645,2022-08-26 18:45:00,2022
Juventus,16.0,2.0,0.0,0.0,4.0,3.0,57.0,14.0,3.0,0.2,0.0,0.0,442.0,502.0,0.9,3.0,30.0,0.1,33.0,22.0,0.7,3.0,12.0,18.0,0.7,6.0,13.0,13.0,AS Roma,7.0,2.0,0.0,1.0,5.0,2.0,43.0,8.0,4.0,0.5,0.0,0.0,318.0,392.0,0.8,3.0,9.0,0.3,51.0,19.0,0.4,2.0,6.0,12.0,0.5,16.0,27.0,27.0,644646,2022-08-27 16:30:00,2022
Cremonese,9.0,0.0,0.0,1.0,3.0,4.0,52.7,16.0,6.0,0.4,0.0,0.0,270.0,377.0,0.7,6.0,25.0,0.2,66.0,28.0,0.4,5.0,13.0,21.0,0.6,10.0,20.0,20.0,Torino,21.0,3.0,0.0,0.0,3.0,5.0,47.3,14.0,5.0,0.4,0.0,0.0,234.0,346.0,0.7,5.0,12.0,0.4,67.0,27.0,0.4,5.0,7.0,11.0,0.6,13.0,27.0,27.0,644637,2022-08-27 16:30:00,2022
Spezia,17.0,0.0,1.0,3.0,2.0,6.0,42.3,7.0,2.0,0.3,1.0,1.0,301.0,399.0,0.8,4.0,10.0,0.4,65.0,18.0,0.3,1.0,8.0,14.0,0.6,5.0,25.0,25.0,Sassuolo,10.0,1.0,0.0,1.0,6.0,0.0,57.7,21.0,8.0,0.4,0.0,0.0,451.0,543.0,0.8,12.0,22.0,0.5,57.0,32.0,0.6,4.0,6.0,15.0,0.4,9.0,12.0,12.0,644640,2022-08-27 18:45:00,2022
AC Milan,13.0,2.0,0.0,2.0,6.0,1.0,47.8,19.0,7.0,0.4,0.0,0.0,351.0,421.0,0.8,5.0,19.0,0.3,57.0,28.0,0.5,6.0,10.0,21.0,0.5,13.0,2.0,2.0,Bologna,9.0,1.0,0.0,2.0,1.0,5.0,52.2,8.0,0.0,0.0,0.0,0.0,389.0,475.0,0.8,1.0,4.0,0.3,64.0,37.0,0.6,2.0,12.0,21.0,0.6,5.0,11.0,11.0,644643,2022-08-27 18:45:00,2022
Hellas Verona,15.0,3.0,0.0,2.0,7.0,6.0,49.4,14.0,2.0,0.1,0.0,0.0,270.0,372.0,0.7,5.0,17.0,0.3,73.0,32.0,0.4,2.0,11.0,17.0,0.6,9.0,14.0,14.0,Atalanta,7.0,3.0,0.0,0.0,7.0,2.0,50.6,15.0,7.0,0.5,0.0,0.0,273.0,379.0,0.7,1.0,16.0,0.1,76.0,33.0,0.4,3.0,8.0,15.0,0.5,12.0,21.0,21.0,644639,2022-08-28 16:30:00,2022
Salernitana,19.0,2.0,0.0,1.0,6.0,6.0,44.9,9.0,6.0,0.7,0.0,0.0,308.0,386.0,0.8,5.0,20.0,0.3,57.0,25.0,0.4,1.0,8.0,13.0,0.6,11.0,9.0,9.0,Sampdoria,14.0,2.0,0.0,4.0,3.0,2.0,55.1,17.0,6.0,0.4,0.0,0.0,412.0,488.0,0.8,4.0,12.0,0.3,50.0,26.0,0.5,5.0,14.0,23.0,0.6,6.0,13.0,13.0,644641,2022-08-28 16:30:00,2022
Fiorentina,12.0,2.0,0.0,1.0,2.0,2.0,48.5,10.0,5.0,0.5,0.0,0.0,391.0,469.0,0.8,3.0,11.0,0.3,57.0,24.0,0.4,1.0,14.0,24.0,0.6,7.0,13.0,13.0,Napoli,14.0,3.0,0.0,2.0,3.0,5.0,51.5,13.0,2.0,0.2,0.0,0.0,424.0,495.0,0.9,1.0,11.0,0.1,46.0,28.0,0.6,6.0,10.0,20.0,0.5,11.0,9.0,9.0,644638,2022-08-28 18:45:00,2022
Lecce,0.0,0.0,0.0,0.0,0.0,0.0,0.0,0.0,0.0,0.0,0.0,0.0,0.0,0.0,0.0,0.0,0.0,0.0,0.0,0.0,0.0,0.0,0.0,0.0,0.0,0.0,0.0,0.0,Empoli,5.0,2.0,0.0,1.0,5.0,4.0,59.7,9.0,3.0,0.3,0.0,0.0,371.0,464.0,0.8,3.0,15.0,0.2,60.0,23.0,0.4,1.0,8.0,11.0,0.7,7.0,28.0,28.0,644644,2022-08-28 18:45:00,2022
Sassuolo,14.0,5.0,0.0,3.0,3.0,2.0,37.5,8.0,3.0,0.4,0.0,1.0,191.0,267.0,0.7,1.0,12.0,0.1,60.0,25.0,0.4,2.0,5.0,9.0,0.6,5.0,27.0,27.0,AC Milan,13.0,2.0,0.0,1.0,8.0,3.0,62.5,11.0,2.0,0.2,0.0,0.0,360.0,448.0,0.8,3.0,23.0,0.1,61.0,32.0,0.5,4.0,5.0,10.0,0.5,4.0,10.0,10.0,644648,2022-08-30 16:30:00,2022
Internazionale,6.0,0.0,0.0,2.0,7.0,3.0,53.3,18.0,7.0,0.4,0.0,0.0,400.0,462.0,0.9,6.0,18.0,0.3,65.0,44.0,0.7,4.0,8.0,10.0,0.8,12.0,23.0,23.0,Cremonese,14.0,3.0,0.0,2.0,6.0,4.0,46.7,11.0,4.0,0.4,0.0,0.0,330.0,404.0,0.8,6.0,19.0,0.3,36.0,12.0,0.3,3.0,11.0,16.0,0.7,10.0,14.0,14.0,644653,2022-08-30 18:45:00,2022
AS Roma,10.0,0.0,0.0,2.0,5.0,1.0,39.2,15.0,8.0,0.5,0.0,0.0,329.0,390.0,0.8,3.0,8.0,0.4,47.0,36.0,0.8,4.0,6.0,19.0,0.3,9.0,11.0,11.0,Monza,7.0,3.0,0.0,1.0,4.0,5.0,60.8,13.0,1.0,0.1,0.0,0.0,546.0,595.0,0.9,9.0,22.0,0.4,25.0,18.0,0.7,4.0,6.0,11.0,0.5,10.0,9.0,9.0,644650,2022-08-30 18:45:00,2022
Udinese,13.0,1.0,0.0,5.0,3.0,2.0,25.9,8.0,3.0,0.4,0.0,0.0,165.0,233.0,0.7,1.0,7.0,0.1,49.0,20.0,0.4,2.0,15.0,21.0,0.7,9.0,20.0,20.0,Fiorentina,10.0,2.0,0.0,0.0,7.0,2.0,74.1,12.0,2.0,0.2,0.0,0.0,593.0,666.0,0.9,7.0,20.0,0.4,76.0,53.0,0.7,5.0,4.0,10.0,0.4,3.0,13.0,13.0,644651,2022-08-31 16:30:00,2022
Empoli,5.0,0.0,0.0,2.0,7.0,2.0,51.4,16.0,4.0,0.3,0.0,0.0,244.0,350.0,0.7,11.0,23.0,0.5,70.0,22.0,0.3,8.0,12.0,18.0,0.7,10.0,20.0,20.0,Hellas Verona,22.0,4.0,0.0,1.0,10.0,3.0,48.6,9.0,3.0,0.3,0.0,0.0,232.0,326.0,0.7,8.0,25.0,0.3,46.0,15.0,0.3,2.0,12.0,24.0,0.5,6.0,27.0,27.0,644654,2022-08-31 16:30:00,2022
Sampdoria,11.0,0.0,0.0,2.0,5.0,5.0,44.2,10.0,3.0,0.3,0.0,0.0,419.0,485.0,0.9,3.0,18.0,0.2,47.0,30.0,0.6,3.0,1.0,6.0,0.2,8.0,16.0,16.0,Lazio,10.0,2.0,0.0,2.0,7.0,2.0,55.8,13.0,6.0,0.5,0.0,0.0,550.0,621.0,0.9,2.0,18.0,0.1,42.0,25.0,0.6,4.0,5.0,9.0,0.6,4.0,12.0,12.0,644649,2022-08-31 16:30:00,2022
Napoli,0.0,0.0,0.0,0.0,0.0,0.0,0.0,0.0,0.0,0.0,0.0,0.0,0.0,0.0,0.0,0.0,0.0,0.0,0.0,0.0,0.0,0.0,0.0,0.0,0.0,0.0,0.0,0.0,Lecce,0.0,0.0,0.0,0.0,0.0,0.0,0.0,0.0,0.0,0.0,0.0,0.0,0.0,0.0,0.0,0.0,0.0,0.0,0.0,0.0,0.0,0.0,0.0,0.0,0.0,0.0,0.0,0.0,644656,2022-08-31 18:45:00,2022
Juventus,11.0,0.0,0.0,1.0,7.0,0.0,50.7,15.0,3.0,0.2,0.0,0.0,385.0,467.0,0.8,6.0,12.0,0.5,79.0,51.0,0.6,5.0,11.0,22.0,0.5,12.0,22.0,22.0,Spezia,10.0,2.0,0.0,2.0,3.0,1.0,49.3,9.0,0.0,0.0,0.0,0.0,364.0,447.0,0.8,3.0,18.0,0.2,48.0,27.0,0.6,7.0,12.0,21.0,0.6,6.0,12.0,12.0,644652,2022-08-31 18:45:00,2022
Atalanta,14.0,1.0,0.0,5.0,7.0,1.0,40.7,12.0,5.0,0.4,2.0,2.0,254.0,353.0,0.7,4.0,14.0,0.3,57.0,19.0,0.3,2.0,6.0,13.0,0.5,10.0,20.0,20.0,Torino,13.0,3.0,0.0,3.0,2.0,2.0,59.3,8.0,2.0,0.3,0.0,0.0,424.0,528.0,0.8,1.0,10.0,0.1,69.0,28.0,0.4,1.0,10.0,17.0,0.6,11.0,18.0,18.0,644647,2022-09-01 18:45:00,2022
Bologna,10.0,2.0,0.0,1.0,1.0,3.0,46.5,11.0,4.0,0.4,1.0,1.0,283.0,374.0,0.8,4.0,16.0,0.3,52.0,18.0,0.3,2.0,6.0,15.0,0.4,11.0,24.0,24.0,Salernitana,11.0,2.0,0.0,0.0,8.0,3.0,53.5,20.0,4.0,0.2,0.0,0.0,314.0,417.0,0.8,9.0,27.0,0.3,55.0,25.0,0.5,8.0,4.0,13.0,0.3,7.0,23.0,23.0,644655,2022-09-01 18:45:00,2022
Fiorentina,13.0,1.0,0.0,0.0,10.0,0.0,59.8,17.0,5.0,0.3,0.0,1.0,435.0,479.0,0.9,10.0,41.0,0.2,41.0,32.0,0.8,6.0,10.0,17.0,0.6,10.0,6.0,6.0,Juventus,12.0,3.0,0.0,1.0,2.0,4.0,40.2,4.0,1.0,0.3,0.0,0.0,290.0,341.0,0.9,3.0,8.0,0.4,39.0,19.0,0.5,1.0,4.0,11.0,0.4,14.0,20.0,20.0,644658,2022-09-03 13:00:00,2022
AC Milan,10.0,5.0,0.0,2.0,2.0,3.0,47.9,21.0,5.0,0.2,0.0,0.0,315.0,381.0,0.8,6.0,10.0,0.6,60.0,30.0,0.5,4.0,6.0,11.0,0.5,12.0,14.0,14.0,Internazionale,12.0,2.0,0.0,2.0,5.0,2.0,52.1,16.0,5.0,0.3,0.0,0.0,332.0,408.0,0.8,2.0,15.0,0.1,42.0,19.0,0.5,7.0,7.0,8.0,0.9,8.0,3.0,3.0,644665,2022-09-03 16:00:00,2022
Lazio,12.0,4.0,0.0,0.0,6.0,5.0,38.7,8.0,2.0,0.3,0.0,0.0,322.0,391.0,0.8,1.0,10.0,0.1,33.0,9.0,0.3,1.0,12.0,14.0,0.9,10.0,16.0,16.0,Napoli,14.0,0.0,0.0,1.0,8.0,1.0,61.3,19.0,7.0,0.4,0.0,0.0,552.0,622.0,0.9,7.0,22.0,0.3,63.0,36.0,0.6,6.0,9.0,17.0,0.5,3.0,11.0,11.0,644657,2022-09-03 18:45:00,2022
Cremonese,16.0,1.0,0.0,3.0,2.0,7.0,46.0,10.0,0.0,0.0,0.0,0.0,306.0,382.0,0.8,4.0,19.0,0.2,49.0,23.0,0.5,1.0,9.0,18.0,0.5,12.0,17.0,17.0,Sassuolo,6.0,1.0,0.0,2.0,3.0,0.0,54.0,17.0,7.0,0.4,0.0,0.0,371.0,456.0,0.8,7.0,18.0,0.4,60.0,30.0,0.5,4.0,6.0,13.0,0.5,7.0,22.0,22.0,644666,2022-09-04 10:30:00,2022
Spezia,12.0,4.0,0.0,0.0,7.0,4.0,44.7,15.0,5.0,0.3,0.0,0.0,274.0,351.0,0.8,4.0,24.0,0.2,53.0,26.0,0.5,6.0,5.0,11.0,0.5,10.0,18.0,18.0,Bologna,5.0,1.0,0.0,5.0,2.0,4.0,55.3,13.0,6.0,0.5,0.0,0.0,362.0,454.0,0.8,1.0,10.0,0.1,55.0,28.0,0.5,0.0,13.0,21.0,0.6,11.0,21.0,21.0,644662,2022-09-04 13:00:00,2022
Hellas Verona,16.0,2.0,0.0,4.0,7.0,2.0,49.7,17.0,9.0,0.5,0.0,0.0,233.0,350.0,0.7,3.0,22.0,0.1,70.0,30.0,0.4,5.0,10.0,20.0,0.5,6.0,17.0,17.0,Sampdoria,11.0,2.0,0.0,2.0,2.0,8.0,50.3,11.0,3.0,0.3,0.0,0.0,244.0,365.0,0.7,2.0,12.0,0.2,78.0,29.0,0.4,3.0,8.0,16.0,0.5,12.0,20.0,20.0,644659,2022-09-04 16:00:00,2022
Udinese,16.0,3.0,0.0,0.0,3.0,2.0,43.1,11.0,5.0,0.5,0.0,0.0,320.0,386.0,0.8,2.0,11.0,0.2,47.0,21.0,0.4,1.0,13.0,18.0,0.7,7.0,14.0,14.0,AS Roma,13.0,2.0,0.0,2.0,7.0,1.0,56.9,12.0,2.0,0.2,0.0,0.0,447.0,515.0,0.9,6.0,16.0,0.4,50.0,37.0,0.7,4.0,3.0,8.0,0.4,7.0,9.0,9.0,644660,2022-09-04 18:45:00,2022
Monza,9.0,1.0,0.0,0.0,4.0,5.0,59.5,10.0,3.0,0.3,0.0,0.0,456.0,557.0,0.8,2.0,14.0,0.1,49.0,19.0,0.4,1.0,9.0,16.0,0.6,13.0,15.0,15.0,Atalanta,10.0,1.0,0.0,1.0,9.0,3.0,40.5,13.0,6.0,0.5,0.0,0.0,286.0,366.0,0.8,4.0,19.0,0.2,56.0,32.0,0.6,0.0,7.0,14.0,0.5,14.0,16.0,16.0,644664,2022-09-05 16:30:00,2022
Salernitana,7.0,3.0,0.0,4.0,6.0,3.0,51.8,15.0,4.0,0.3,0.0,0.0,346.0,419.0,0.8,6.0,26.0,0.2,59.0,30.0,0.5,8.0,14.0,21.0,0.7,11.0,21.0,21.0,Empoli,9.0,2.0,0.0,1.0,7.0,2.0,48.2,11.0,5.0,0.5,0.0,0.0,300.0,384.0,0.8,2.0,20.0,0.1,43.0,19.0,0.4,3.0,10.0,19.0,0.5,4.0,22.0,22.0,644663,2022-09-05 16:30:00,2022
Torino,0.0,0.0,0.0,0.0,0.0,0.0,0.0,0.0,0.0,0.0,0.0,0.0,0.0,0.0,0.0,0.0,0.0,0.0,0.0,0.0,0.0,0.0,0.0,0.0,0.0,0.0,0.0,0.0,Lecce,0.0,0.0,0.0,0.0,0.0,0.0,0.0,0.0,0.0,0.0,0.0,0.0,0.0,0.0,0.0,0.0,0.0,0.0,0.0,0.0,0.0,0.0,0.0,0.0,0.0,0.0,0.0,0.0,644661,2022-09-05 18:45:00,2022
Napoli,6.0,1.0,0.0,5.0,10.0,1.0,63.3,28.0,6.0,0.2,0.0,0.0,469.0,520.0,0.9,5.0,21.0,0.2,30.0,23.0,0.8,14.0,9.0,13.0,0.7,10.0,11.0,11.0,Spezia,14.0,2.0,0.0,1.0,5.0,5.0,36.7,10.0,1.0,0.1,0.0,0.0,232.0,300.0,0.8,1.0,10.0,0.1,55.0,21.0,0.4,5.0,10.0,15.0,0.7,5.0,19.0,19.0,644672,2022-09-10 13:00:00,2022
Internazionale,8.0,1.0,0.0,1.0,6.0,7.0,57.0,16.0,3.0,0.2,0.0,0.0,417.0,493.0,0.8,4.0,25.0,0.2,48.0,23.0,0.5,6.0,7.0,17.0,0.4,9.0,14.0,14.0,Torino,17.0,2.0,0.0,1.0,5.0,2.0,43.0,9.0,7.0,0.8,0.0,0.0,290.0,374.0,0.8,1.0,17.0,0.1,48.0,15.0,0.3,2.0,8.0,13.0,0.6,12.0,18.0,18.0,644671,2022-09-10 16:00:00,2022
Sampdoria,12.0,5.0,0.0,0.0,2.0,2.0,57.1,10.0,4.0,0.4,0.0,0.0,415.0,482.0,0.9,4.0,15.0,0.3,44.0,26.0,0.6,1.0,9.0,14.0,0.6,3.0,11.0,11.0,AC Milan,10.0,0.0,1.0,2.0,4.0,3.0,42.9,15.0,4.0,0.3,1.0,1.0,291.0,367.0,0.8,5.0,10.0,0.5,54.0,16.0,0.3,4.0,13.0,19.0,0.7,12.0,12.0,12.0,644673,2022-09-10 18:45:00,2022
Atalanta,9.0,3.0,0.0,2.0,3.0,3.0,58.1,14.0,6.0,0.4,0.0,0.0,351.0,460.0,0.8,3.0,14.0,0.2,58.0,34.0,0.6,5.0,8.0,13.0,0.6,15.0,9.0,9.0,Cremonese,17.0,5.0,0.0,0.0,3.0,5.0,41.9,7.0,4.0,0.6,0.0,0.0,223.0,336.0,0.7,2.0,7.0,0.3,60.0,18.0,0.3,2.0,11.0,25.0,0.4,20.0,20.0,20.0,644667,2022-09-11 10:30:00,2022
Sassuolo,7.0,1.0,1.0,0.0,5.0,1.0,32.2,5.0,2.0,0.4,0.0,0.0,176.0,260.0,0.7,2.0,11.0,0.2,57.0,18.0,0.3,2.0,12.0,17.0,0.7,5.0,10.0,10.0,Udinese,16.0,3.0,0.0,5.0,6.0,1.0,67.8,17.0,4.0,0.2,0.0,0.0,497.0,557.0,0.9,5.0,18.0,0.3,58.0,41.0,0.7,4.0,9.0,12.0,0.8,11.0,12.0,12.0,644674,2022-09-11 13:00:00,2022
Bologna,8.0,1.0,0.0,3.0,6.0,1.0,39.2,12.0,4.0,0.3,0.0,0.0,226.0,295.0,0.8,5.0,15.0,0.3,60.0,33.0,0.6,3.0,11.0,20.0,0.6,5.0,21.0,21.0,Fiorentina,13.0,2.0,1.0,0.0,8.0,2.0,60.8,13.0,2.0,0.2,0.0,0.0,381.0,443.0,0.9,10.0,36.0,0.3,51.0,30.0,0.6,4.0,7.0,14.0,0.5,9.0,11.0,11.0,644675,2022-09-11 13:00:00,2022
Lecce,0.0,0.0,0.0,0.0,0.0,0.0,0.0,0.0,0.0,0.0,0.0,0.0,0.0,0.0,0.0,0.0,0.0,0.0,0.0,0.0,0.0,0.0,0.0,0.0,0.0,0.0,0.0,0.0,Monza,0.0,0.0,0.0,0.0,0.0,0.0,0.0,0.0,0.0,0.0,0.0,0.0,0.0,0.0,0.0,0.0,0.0,0.0,0.0,0.0,0.0,0.0,0.0,0.0,0.0,0.0,0.0,0.0,644676,2022-09-11 13:00:00,2022
Lazio,5.0,2.0,0.0,3.0,3.0,1.0,59.8,15.0,6.0,0.4,0.0,0.0,400.0,499.0,0.8,5.0,12.0,0.4,60.0,27.0,0.5,3.0,6.0,10.0,0.6,8.0,13.0,13.0,Hellas Verona,23.0,5.0,0.0,3.0,5.0,4.0,40.2,7.0,1.0,0.1,0.0,0.0,229.0,323.0,0.7,5.0,21.0,0.2,58.0,25.0,0.4,2.0,8.0,15.0,0.5,6.0,14.0,14.0,644670,2022-09-11 16:00:00,2022
Juventus,13.0,3.0,2.0,6.0,8.0,3.0,61.2,23.0,8.0,0.3,0.0,1.0,505.0,572.0,0.9,7.0,26.0,0.3,61.0,44.0,0.7,4.0,6.0,9.0,0.7,14.0,7.0,7.0,Salernitana,15.0,4.0,1.0,2.0,2.0,5.0,38.8,11.0,5.0,0.5,1.0,1.0,292.0,376.0,0.8,0.0,9.0,0.0,63.0,30.0,0.5,3.0,6.0,14.0,0.4,10.0,16.0,16.0,644669,2022-09-11 18:45:00,2022
Empoli,13.0,3.0,1.0,0.0,7.0,4.0,53.0,20.0,3.0,0.2,0.0,0.0,328.0,403.0,0.8,10.0,31.0,0.3,46.0,23.0,0.5,9.0,13.0,23.0,0.6,8.0,18.0,18.0,AS Roma,12.0,1.0,0.0,0.0,7.0,2.0,47.0,13.0,7.0,0.5,0.0,1.0,284.0,368.0,0.8,3.0,15.0,0.2,49.0,20.0,0.4,2.0,16.0,27.0,0.6,6.0,22.0,22.0,644668,2022-09-12 18:45:00,2022
Salernitana,0.0,0.0,0.0,0.0,0.0,0.0,0.0,0.0,0.0,0.0,0.0,0.0,0.0,0.0,0.0,0.0,0.0,0.0,0.0,0.0,0.0,0.0,0.0,0.0,0.0,0.0,0.0,0.0,Lecce,0.0,0.0,0.0,0.0,0.0,0.0,0.0,0.0,0.0,0.0,0.0,0.0,0.0,0.0,0.0,0.0,0.0,0.0,0.0,0.0,0.0,0.0,0.0,0.0,0.0,0.0,0.0,0.0,644683,2022-09-16 18:45:00,2022
Bologna,11.0,2.0,0.0,4.0,5.0,4.0,60.6,16.0,3.0,0.2,0.0,0.0,313.0,397.0,0.8,10.0,25.0,0.4,47.0,26.0,0.6,4.0,13.0,14.0,0.9,7.0,13.0,13.0,Empoli,16.0,3.0,0.0,0.0,8.0,3.0,39.4,12.0,5.0,0.4,0.0,0.0,167.0,252.0,0.7,7.0,22.0,0.3,48.0,22.0,0.5,3.0,13.0,18.0,0.7,7.0,24.0,24.0,644679,2022-09-17 13:00:00,2022
Spezia,17.0,4.0,0.0,4.0,3.0,7.0,51.7,6.0,3.0,0.5,0.0,0.0,276.0,374.0,0.7,7.0,22.0,0.3,61.0,27.0,0.4,1.0,19.0,32.0,0.6,6.0,24.0,24.0,Sampdoria,14.0,5.0,0.0,1.0,6.0,2.0,48.3,11.0,8.0,0.7,0.0,0.0,258.0,359.0,0.7,0.0,15.0,0.0,67.0,26.0,0.4,1.0,10.0,15.0,0.7,14.0,10.0,10.0,644682,2022-09-17 16:00:00,2022
Torino,13.0,4.0,0.0,3.0,4.0,4.0,57.5,12.0,3.0,0.3,0.0,0.0,442.0,521.0,0.8,5.0,12.0,0.4,50.0,28.0,0.6,7.0,7.0,15.0,0.5,10.0,14.0,14.0,Sassuolo,7.0,1.0,0.0,0.0,3.0,3.0,42.5,10.0,5.0,0.5,0.0,0.0,293.0,381.0,0.8,3.0,13.0,0.2,65.0,30.0,0.5,3.0,4.0,15.0,0.3,8.0,14.0,14.0,644681,2022-09-17 18:45:00,2022
Udinese,11.0,3.0,0.0,1.0,7.0,3.0,43.8,20.0,6.0,0.3,0.0,0.0,251.0,333.0,0.8,3.0,14.0,0.2,58.0,27.0,0.5,9.0,14.0,21.0,0.7,11.0,21.0,21.0,Internazionale,13.0,4.0,0.0,2.0,4.0,4.0,56.2,16.0,4.0,0.3,0.0,0.0,336.0,421.0,0.8,7.0,24.0,0.3,42.0,21.0,0.5,3.0,8.0,16.0,0.5,6.0,17.0,17.0,644680,2022-09-18 10:30:00,2022
Monza,16.0,2.0,0.0,6.0,5.0,2.0,60.1,17.0,4.0,0.2,0.0,0.0,472.0,542.0,0.9,4.0,20.0,0.2,50.0,26.0,0.5,4.0,3.0,11.0,0.3,13.0,13.0,13.0,Juventus,17.0,1.0,1.0,0.0,3.0,3.0,39.9,10.0,2.0,0.2,0.0,0.0,268.0,352.0,0.8,8.0,18.0,0.4,63.0,25.0,0.4,2.0,5.0,8.0,0.6,10.0,13.0,13.0,644685,2022-09-18 13:00:00,2022
Cremonese,12.0,1.0,0.0,3.0,8.0,2.0,44.2,18.0,4.0,0.2,0.0,0.0,300.0,371.0,0.8,8.0,24.0,0.3,49.0,25.0,0.5,4.0,5.0,10.0,0.5,14.0,6.0,6.0,Lazio,9.0,1.0,0.0,0.0,5.0,4.0,55.8,14.0,6.0,0.4,1.0,1.0,401.0,485.0,0.8,2.0,7.0,0.3,60.0,36.0,0.6,4.0,9.0,16.0,0.6,8.0,16.0,16.0,644678,2022-09-18 13:00:00,2022
Fiorentina,18.0,4.0,0.0,2.0,7.0,1.0,43.9,15.0,10.0,0.7,0.0,1.0,196.0,292.0,0.7,2.0,18.0,0.1,79.0,32.0,0.4,1.0,11.0,19.0,0.6,8.0,22.0,22.0,Hellas Verona,17.0,4.0,0.0,4.0,3.0,7.0,56.1,8.0,1.0,0.1,0.0,0.0,258.0,371.0,0.7,5.0,18.0,0.3,70.0,32.0,0.5,3.0,8.0,18.0,0.4,6.0,19.0,19.0,644677,2022-09-18 13:00:00,2022
AS Roma,9.0,0.0,0.0,1.0,5.0,0.0,56.3,21.0,5.0,0.2,0.0,0.0,401.0,481.0,0.8,8.0,21.0,0.4,60.0,32.0,0.5,4.0,7.0,13.0,0.5,18.0,11.0,11.0,Atalanta,19.0,7.0,0.0,0.0,1.0,5.0,43.7,4.0,1.0,0.3,0.0,0.0,280.0,380.0,0.7,2.0,8.0,0.3,75.0,36.0,0.5,2.0,18.0,23.0,0.8,14.0,21.0,21.0,644686,2022-09-18 16:00:00,2022
AC Milan,18.0,4.0,0.0,1.0,9.0,2.0,50.7,22.0,5.0,0.2,0.0,0.0,350.0,428.0,0.8,7.0,20.0,0.4,57.0,33.0,0.6,7.0,8.0,16.0,0.5,6.0,6.0,6.0,Napoli,11.0,3.0,0.0,0.0,4.0,4.0,49.3,9.0,4.0,0.4,1.0,1.0,352.0,426.0,0.8,1.0,9.0,0.1,61.0,32.0,0.5,2.0,6.0,18.0,0.3,6.0,32.0,32.0,644684,2022-09-18 18:45:00,2022
Napoli,4.0,0.0,0.0,0.0,4.0,2.0,48.8,15.0,7.0,0.5,0.0,0.0,370.0,456.0,0.8,4.0,7.0,0.6,48.0,16.0,0.3,3.0,5.0,15.0,0.3,11.0,18.0,18.0,Torino,17.0,2.0,0.0,0.0,4.0,4.0,51.2,16.0,3.0,0.2,0.0,0.0,376.0,463.0,0.8,8.0,22.0,0.4,44.0,15.0,0.3,8.0,10.0,20.0,0.5,4.0,4.0,4.0,644693,2022-10-01 13:00:00,2022
Internazionale,15.0,4.0,0.0,1.0,5.0,1.0,58.0,15.0,2.0,0.1,0.0,0.0,465.0,540.0,0.9,7.0,20.0,0.4,47.0,25.0,0.5,5.0,8.0,11.0,0.7,6.0,7.0,7.0,AS Roma,14.0,3.0,0.0,0.0,1.0,1.0,42.0,10.0,3.0,0.3,0.0,0.0,338.0,403.0,0.8,2.0,7.0,0.3,47.0,23.0,0.5,1.0,6.0,13.0,0.5,11.0,22.0,22.0,644689,2022-10-01 16:00:00,2022
Empoli,15.0,3.0,0.0,2.0,3.0,3.0,42.7,16.0,4.0,0.3,0.0,0.0,201.0,280.0,0.7,5.0,13.0,0.4,50.0,27.0,0.5,7.0,10.0,17.0,0.6,12.0,26.0,26.0,AC Milan,10.0,2.0,0.0,3.0,7.0,3.0,57.3,19.0,6.0,0.3,0.0,0.0,298.0,375.0,0.8,3.0,21.0,0.1,72.0,47.0,0.7,7.0,8.0,19.0,0.4,6.0,14.0,14.0,644688,2022-10-01 18:45:00,2022
Lazio,3.0,0.0,0.0,2.0,3.0,1.0,61.3,13.0,6.0,0.5,0.0,1.0,519.0,581.0,0.9,2.0,12.0,0.2,40.0,28.0,0.7,2.0,9.0,15.0,0.6,5.0,21.0,21.0,Spezia,14.0,2.0,0.0,6.0,6.0,2.0,38.7,14.0,2.0,0.1,0.0,0.0,286.0,358.0,0.8,3.0,13.0,0.2,35.0,14.0,0.4,6.0,5.0,11.0,0.5,5.0,13.0,13.0,644691,2022-10-02 10:30:00,2022
Lecce,0.0,0.0,0.0,0.0,0.0,0.0,0.0,0.0,0.0,0.0,0.0,0.0,0.0,0.0,0.0,0.0,0.0,0.0,0.0,0.0,0.0,0.0,0.0,0.0,0.0,0.0,0.0,0.0,Cremonese,0.0,0.0,0.0,0.0,0.0,0.0,0.0,0.0,0.0,0.0,0.0,0.0,0.0,0.0,0.0,0.0,0.0,0.0,0.0,0.0,0.0,0.0,0.0,0.0,0.0,0.0,0.0,0.0,644692,2022-10-02 13:00:00,2022
Sassuolo,10.0,1.0,0.0,1.0,1.0,1.0,43.7,17.0,11.0,0.6,1.0,1.0,365.0,427.0,0.9,1.0,7.0,0.1,60.0,34.0,0.6,2.0,5.0,11.0,0.5,9.0,22.0,22.0,Salernitana,8.0,1.0,0.0,3.0,2.0,6.0,56.3,6.0,1.0,0.2,0.0,0.0,458.0,537.0,0.9,2.0,22.0,0.1,49.0,22.0,0.4,0.0,12.0,15.0,0.8,5.0,12.0,12.0,644695,2022-10-02 13:00:00,2022
Sampdoria,16.0,2.0,0.0,3.0,2.0,3.0,50.2,3.0,1.0,0.3,0.0,0.0,294.0,396.0,0.7,5.0,17.0,0.3,55.0,15.0,0.3,0.0,6.0,13.0,0.5,6.0,16.0,16.0,Monza,24.0,2.0,0.0,5.0,4.0,1.0,49.8,13.0,6.0,0.5,0.0,0.0,309.0,396.0,0.8,3.0,16.0,0.2,80.0,39.0,0.5,3.0,14.0,21.0,0.7,11.0,20.0,20.0,644694,2022-10-02 13:00:00,2022
Atalanta,12.0,2.0,0.0,2.0,1.0,5.0,37.6,10.0,5.0,0.5,0.0,0.0,245.0,330.0,0.7,3.0,9.0,0.3,64.0,29.0,0.5,2.0,7.0,17.0,0.4,4.0,25.0,25.0,Fiorentina,10.0,2.0,0.0,0.0,5.0,4.0,62.4,16.0,5.0,0.3,0.0,0.0,454.0,541.0,0.8,12.0,28.0,0.4,78.0,37.0,0.5,4.0,12.0,23.0,0.5,6.0,13.0,13.0,644687,2022-10-02 16:00:00,2022
Juventus,11.0,0.0,0.0,1.0,2.0,1.0,48.1,17.0,6.0,0.4,0.0,0.0,381.0,455.0,0.8,4.0,19.0,0.2,47.0,23.0,0.5,4.0,7.0,11.0,0.6,2.0,9.0,9.0,Bologna,15.0,1.0,0.0,1.0,4.0,3.0,51.9,9.0,1.0,0.1,0.0,0.0,414.0,491.0,0.8,3.0,16.0,0.2,47.0,26.0,0.6,4.0,8.0,13.0,0.6,9.0,18.0,18.0,644690,2022-10-02 18:45:00,2022
Hellas Verona,15.0,3.0,0.0,4.0,4.0,6.0,31.1,7.0,2.0,0.3,0.0,0.0,156.0,233.0,0.7,3.0,20.0,0.2,51.0,21.0,0.4,2.0,3.0,8.0,0.4,8.0,20.0,20.0,Udinese,11.0,3.0,0.0,1.0,9.0,1.0,68.9,21.0,8.0,0.4,0.0,0.0,472.0,553.0,0.9,4.0,12.0,0.3,40.0,21.0,0.5,5.0,4.0,16.0,0.3,12.0,16.0,16.0,644696,2022-10-03 18:45:00,2022
Sassuolo,14.0,3.0,0.0,0.0,6.0,2.0,52.3,15.0,3.0,0.2,0.0,0.0,422.0,496.0,0.9,7.0,18.0,0.4,66.0,41.0,0.6,7.0,3.0,4.0,0.8,6.0,11.0,11.0,Internazionale,17.0,2.0,0.0,1.0,5.0,2.0,47.7,16.0,4.0,0.3,0.0,0.0,389.0,450.0,0.9,8.0,20.0,0.4,59.0,31.0,0.5,3.0,8.0,17.0,0.5,5.0,21.0,21.0,644698,2022-10-08 13:00:00,2022
AC Milan,7.0,2.0,0.0,1.0,9.0,3.0,39.5,21.0,3.0,0.1,0.0,0.0,250.0,349.0,0.7,8.0,19.0,0.4,62.0,32.0,0.5,7.0,10.0,16.0,0.6,8.0,8.0,8.0,Juventus,7.0,3.0,0.0,0.0,3.0,1.0,60.5,10.0,3.0,0.3,0.0,0.0,463.0,547.0,0.8,2.0,11.0,0.2,55.0,32.0,0.6,4.0,9.0,15.0,0.6,11.0,15.0,15.0,644702,2022-10-08 16:00:00,2022
Bologna,17.0,2.0,0.0,5.0,2.0,2.0,50.6,10.0,3.0,0.3,0.0,0.0,298.0,389.0,0.8,4.0,19.0,0.2,48.0,17.0,0.4,3.0,12.0,18.0,0.7,11.0,21.0,21.0,Sampdoria,21.0,3.0,0.0,1.0,5.0,2.0,49.4,9.0,3.0,0.3,0.0,0.0,278.0,382.0,0.7,2.0,19.0,0.1,53.0,18.0,0.3,3.0,15.0,22.0,0.7,4.0,16.0,16.0,644705,2022-10-08 18:45:00,2022
Torino,15.0,2.0,0.0,3.0,6.0,1.0,66.5,20.0,7.0,0.4,0.0,0.0,457.0,512.0,0.9,13.0,37.0,0.4,66.0,45.0,0.7,2.0,6.0,7.0,0.9,7.0,4.0,4.0,Empoli,9.0,4.0,0.0,1.0,1.0,6.0,33.5,6.0,2.0,0.3,0.0,0.0,191.0,267.0,0.7,1.0,5.0,0.2,60.0,25.0,0.4,1.0,3.0,6.0,0.5,2.0,23.0,23.0,644697,2022-10-09 10:30:00,2022
Udinese,11.0,2.0,0.0,0.0,5.0,3.0,58.8,10.0,2.0,0.2,0.0,0.0,418.0,502.0,0.8,2.0,12.0,0.2,50.0,30.0,0.6,2.0,10.0,18.0,0.6,8.0,11.0,11.0,Atalanta,12.0,3.0,0.0,1.0,3.0,0.0,41.2,9.0,5.0,0.6,1.0,1.0,270.0,349.0,0.8,3.0,11.0,0.3,49.0,23.0,0.5,1.0,14.0,27.0,0.5,9.0,17.0,17.0,644701,2022-10-09 13:00:00,2022
Monza,10.0,3.0,0.0,3.0,3.0,1.0,47.7,7.0,4.0,0.6,0.0,0.0,317.0,411.0,0.8,1.0,9.0,0.1,59.0,20.0,0.3,1.0,11.0,19.0,0.6,11.0,14.0,14.0,Spezia,20.0,2.0,0.0,4.0,6.0,2.0,52.3,10.0,1.0,0.1,0.0,0.0,359.0,439.0,0.8,4.0,17.0,0.2,57.0,30.0,0.5,4.0,12.0,16.0,0.8,13.0,7.0,7.0,644706,2022-10-09 13:00:00,2022
Salernitana,9.0,3.0,1.0,1.0,1.0,1.0,40.4,14.0,4.0,0.3,0.0,0.0,229.0,322.0,0.7,2.0,8.0,0.3,71.0,26.0,0.4,4.0,18.0,25.0,0.7,5.0,25.0,25.0,Hellas Verona,15.0,3.0,1.0,3.0,6.0,2.0,59.6,12.0,2.0,0.2,0.0,0.0,370.0,457.0,0.8,4.0,27.0,0.1,52.0,21.0,0.4,4.0,9.0,13.0,0.7,5.0,8.0,8.0,644699,2022-10-09 13:00:00,2022
Cremonese,18.0,2.0,0.0,4.0,5.0,6.0,29.8,12.0,1.0,0.1,0.0,0.0,184.0,257.0,0.7,3.0,13.0,0.2,57.0,16.0,0.3,4.0,12.0,21.0,0.6,5.0,12.0,12.0,Napoli,6.0,0.0,0.0,1.0,2.0,0.0,70.2,21.0,10.0,0.5,1.0,1.0,555.0,622.0,0.9,3.0,11.0,0.3,43.0,22.0,0.5,2.0,12.0,17.0,0.7,2.0,18.0,18.0,644704,2022-10-09 16:00:00,2022
AS Roma,0.0,0.0,0.0,0.0,0.0,0.0,0.0,0.0,0.0,0.0,0.0,0.0,0.0,0.0,0.0,0.0,0.0,0.0,0.0,0.0,0.0,0.0,0.0,0.0,0.0,0.0,0.0,0.0,Lecce,0.0,0.0,0.0,0.0,0.0,0.0,0.0,0.0,0.0,0.0,0.0,0.0,0.0,0.0,0.0,0.0,0.0,0.0,0.0,0.0,0.0,0.0,0.0,0.0,0.0,0.0,0.0,0.0,644700,2022-10-09 18:45:00,2022
Fiorentina,17.0,4.0,0.0,4.0,9.0,2.0,62.0,25.0,3.0,0.1,0.0,0.0,445.0,515.0,0.9,11.0,35.0,0.3,66.0,46.0,0.7,8.0,11.0,18.0,0.6,14.0,5.0,5.0,Lazio,9.0,1.0,0.0,2.0,2.0,3.0,38.0,10.0,6.0,0.6,0.0,0.0,251.0,332.0,0.8,2.0,6.0,0.3,56.0,28.0,0.5,1.0,5.0,11.0,0.5,12.0,28.0,28.0,644703,2022-10-10 18:45:00,2022
Empoli,17.0,5.0,0.0,1.0,2.0,4.0,35.7,11.0,5.0,0.5,0.0,0.0,233.0,310.0,0.8,5.0,12.0,0.4,44.0,16.0,0.4,1.0,18.0,26.0,0.7,13.0,24.0,24.0,Monza,14.0,3.0,1.0,1.0,9.0,5.0,64.3,16.0,4.0,0.3,0.0,0.0,472.0,542.0,0.9,7.0,37.0,0.2,71.0,56.0,0.8,5.0,15.0,27.0,0.6,12.0,3.0,3.0,644714,2022-10-15 13:00:00,2022
Torino,11.0,2.0,0.0,0.0,3.0,7.0,52.9,15.0,2.0,0.1,0.0,0.0,400.0,479.0,0.8,3.0,14.0,0.2,49.0,19.0,0.4,6.0,9.0,13.0,0.7,8.0,13.0,13.0,Juventus,8.0,0.0,0.0,0.0,6.0,3.0,47.1,14.0,8.0,0.6,0.0,0.0,336.0,422.0,0.8,7.0,18.0,0.4,69.0,42.0,0.6,2.0,7.0,22.0,0.3,10.0,13.0,13.0,644707,2022-10-15 16:00:00,2022
Atalanta,10.0,1.0,0.0,3.0,4.0,2.0,48.0,16.0,4.0,0.3,0.0,0.0,391.0,482.0,0.8,7.0,15.0,0.5,47.0,21.0,0.4,3.0,9.0,15.0,0.6,13.0,9.0,9.0,Sassuolo,8.0,4.0,0.0,2.0,3.0,2.0,52.0,11.0,3.0,0.3,0.0,0.0,427.0,521.0,0.8,6.0,18.0,0.3,82.0,54.0,0.7,2.0,7.0,16.0,0.4,10.0,11.0,11.0,644715,2022-10-15 18:45:00,2022
Internazionale,12.0,0.0,0.0,0.0,6.0,3.0,61.8,16.0,6.0,0.4,0.0,0.0,469.0,534.0,0.9,7.0,23.0,0.3,68.0,47.0,0.7,3.0,6.0,9.0,0.7,8.0,11.0,11.0,Salernitana,14.0,1.0,0.0,4.0,4.0,4.0,38.2,8.0,3.0,0.4,0.0,0.0,267.0,330.0,0.8,0.0,12.0,0.0,42.0,18.0,0.4,1.0,2.0,11.0,0.2,7.0,20.0,20.0,644713,2022-10-16 10:30:00,2022
Spezia,12.0,2.0,0.0,3.0,6.0,2.0,53.6,15.0,6.0,0.4,0.0,0.0,291.0,409.0,0.7,6.0,20.0,0.3,60.0,19.0,0.3,6.0,4.0,13.0,0.3,15.0,29.0,29.0,Cremonese,11.0,0.0,0.0,2.0,8.0,4.0,46.4,24.0,4.0,0.2,0.0,0.0,242.0,349.0,0.7,6.0,23.0,0.3,56.0,22.0,0.4,9.0,13.0,29.0,0.4,15.0,26.0,26.0,644708,2022-10-16 13:00:00,2022
Lazio,8.0,1.0,0.0,0.0,7.0,2.0,54.6,8.0,3.0,0.4,0.0,0.0,385.0,472.0,0.8,3.0,16.0,0.2,51.0,31.0,0.6,1.0,9.0,18.0,0.5,9.0,13.0,13.0,Udinese,11.0,4.0,0.0,1.0,3.0,3.0,45.4,12.0,2.0,0.2,0.0,0.0,318.0,393.0,0.8,3.0,11.0,0.3,60.0,30.0,0.5,3.0,13.0,19.0,0.7,10.0,20.0,20.0,644712,2022-10-16 13:00:00,2022
Napoli,6.0,0.0,0.0,2.0,6.0,1.0,48.2,31.0,11.0,0.4,0.0,0.0,407.0,486.0,0.8,8.0,18.0,0.4,47.0,25.0,0.5,12.0,5.0,15.0,0.3,4.0,7.0,7.0,Bologna,10.0,4.0,0.0,1.0,4.0,8.0,51.8,16.0,3.0,0.2,0.0,0.0,439.0,523.0,0.8,6.0,14.0,0.4,63.0,31.0,0.5,6.0,18.0,29.0,0.6,10.0,14.0,14.0,644710,2022-10-16 16:00:00,2022
Hellas Verona,7.0,3.0,0.0,0.0,9.0,5.0,46.3,19.0,5.0,0.3,0.0,0.0,230.0,332.0,0.7,7.0,22.0,0.3,55.0,27.0,0.5,7.0,4.0,9.0,0.4,12.0,19.0,19.0,AC Milan,9.0,2.0,0.0,1.0,3.0,3.0,53.7,16.0,6.0,0.4,0.0,0.0,303.0,398.0,0.8,3.0,11.0,0.3,59.0,29.0,0.5,5.0,8.0,20.0,0.4,11.0,23.0,23.0,644716,2022-10-16 18:45:00,2022
Sampdoria,20.0,4.0,0.0,0.0,4.0,3.0,59.4,8.0,1.0,0.1,0.0,0.0,349.0,447.0,0.8,3.0,19.0,0.2,54.0,26.0,0.5,2.0,10.0,16.0,0.6,11.0,13.0,13.0,AS Roma,20.0,3.0,0.0,3.0,3.0,1.0,40.6,7.0,4.0,0.6,1.0,1.0,220.0,307.0,0.7,4.0,14.0,0.3,68.0,29.0,0.4,1.0,5.0,12.0,0.4,15.0,28.0,28.0,644709,2022-10-17 16:30:00,2022
Lecce,0.0,0.0,0.0,0.0,0.0,0.0,0.0,0.0,0.0,0.0,0.0,0.0,0.0,0.0,0.0,0.0,0.0,0.0,0.0,0.0,0.0,0.0,0.0,0.0,0.0,0.0,0.0,0.0,Fiorentina,0.0,0.0,0.0,0.0,0.0,0.0,0.0,0.0,0.0,0.0,0.0,0.0,0.0,0.0,0.0,0.0,0.0,0.0,0.0,0.0,0.0,0.0,0.0,0.0,0.0,0.0,0.0,0.0,644711,2022-10-17 18:45:00,2022
Juventus,13.0,2.0,0.0,2.0,6.0,4.0,42.4,21.0,7.0,0.3,0.0,0.0,319.0,379.0,0.8,13.0,25.0,0.5,61.0,32.0,0.5,8.0,9.0,13.0,0.7,11.0,19.0,19.0,Empoli,11.0,2.0,0.0,1.0,4.0,3.0,57.6,12.0,4.0,0.3,0.0,0.0,469.0,533.0,0.9,2.0,16.0,0.1,33.0,21.0,0.6,2.0,6.0,15.0,0.4,9.0,19.0,19.0,644724,2022-10-21 18:45:00,2022
Salernitana,9.0,2.0,0.0,1.0,4.0,2.0,43.9,17.0,4.0,0.2,0.0,0.0,246.0,319.0,0.8,4.0,17.0,0.2,53.0,25.0,0.5,7.0,12.0,25.0,0.5,10.0,18.0,18.0,Spezia,8.0,4.0,0.0,2.0,7.0,3.0,56.1,14.0,2.0,0.1,0.0,0.0,327.0,409.0,0.8,4.0,20.0,0.2,52.0,16.0,0.3,3.0,9.0,17.0,0.5,7.0,13.0,13.0,644721,2022-10-22 13:00:00,2022
AC Milan,18.0,1.0,0.0,0.0,2.0,5.0,49.3,12.0,7.0,0.6,0.0,0.0,389.0,463.0,0.8,0.0,9.0,0.0,82.0,54.0,0.7,1.0,11.0,17.0,0.6,6.0,6.0,6.0,Monza,9.0,1.0,0.0,0.0,2.0,3.0,50.7,16.0,6.0,0.4,0.0,0.0,397.0,471.0,0.8,4.0,9.0,0.4,44.0,25.0,0.6,6.0,12.0,20.0,0.6,5.0,9.0,9.0,644723,2022-10-22 16:00:00,2022
Fiorentina,15.0,4.0,0.0,0.0,2.0,4.0,58.4,10.0,4.0,0.4,1.0,1.0,403.0,489.0,0.8,6.0,16.0,0.4,61.0,31.0,0.5,2.0,6.0,10.0,0.6,7.0,13.0,13.0,Internazionale,14.0,3.0,0.0,4.0,2.0,1.0,41.6,8.0,7.0,0.9,1.0,1.0,252.0,344.0,0.7,3.0,11.0,0.3,64.0,24.0,0.4,0.0,9.0,16.0,0.6,13.0,20.0,20.0,644725,2022-10-22 18:45:00,2022
Udinese,12.0,2.0,0.0,1.0,7.0,4.0,54.4,15.0,4.0,0.3,0.0,0.0,343.0,418.0,0.8,5.0,22.0,0.2,47.0,24.0,0.5,2.0,10.0,19.0,0.5,5.0,13.0,13.0,Torino,16.0,4.0,0.0,0.0,4.0,3.0,45.6,13.0,6.0,0.5,0.0,0.0,271.0,354.0,0.8,2.0,10.0,0.2,63.0,27.0,0.4,2.0,11.0,19.0,0.6,9.0,26.0,26.0,644719,2022-10-23 10:30:00,2022
Bologna,0.0,0.0,0.0,0.0,0.0,0.0,0.0,0.0,0.0,0.0,0.0,0.0,0.0,0.0,0.0,0.0,0.0,0.0,0.0,0.0,0.0,0.0,0.0,0.0,0.0,0.0,0.0,0.0,Lecce,0.0,0.0,0.0,0.0,0.0,0.0,0.0,0.0,0.0,0.0,0.0,0.0,0.0,0.0,0.0,0.0,0.0,0.0,0.0,0.0,0.0,0.0,0.0,0.0,0.0,0.0,0.0,0.0,644718,2022-10-23 13:00:00,2022
Atalanta,15.0,2.0,1.0,1.0,5.0,3.0,46.9,7.0,0.0,0.0,0.0,0.0,400.0,480.0,0.8,4.0,24.0,0.2,39.0,24.0,0.6,3.0,13.0,15.0,0.9,7.0,9.0,9.0,Lazio,9.0,2.0,0.0,0.0,8.0,0.0,53.1,12.0,5.0,0.4,0.0,0.0,489.0,562.0,0.9,2.0,12.0,0.2,52.0,31.0,0.6,2.0,11.0,20.0,0.6,12.0,17.0,17.0,644717,2022-10-23 16:00:00,2022
AS Roma,14.0,3.0,0.0,3.0,3.0,4.0,40.5,6.0,0.0,0.0,0.0,0.0,269.0,357.0,0.8,1.0,10.0,0.1,75.0,29.0,0.4,3.0,16.0,25.0,0.6,8.0,21.0,21.0,Napoli,12.0,4.0,0.0,0.0,4.0,0.0,59.5,12.0,5.0,0.4,0.0,0.0,453.0,529.0,0.9,2.0,15.0,0.1,41.0,20.0,0.5,3.0,8.0,18.0,0.4,7.0,11.0,11.0,644722,2022-10-23 18:45:00,2022
Cremonese,16.0,3.0,0.0,4.0,5.0,3.0,51.9,21.0,4.0,0.2,0.0,1.0,288.0,381.0,0.8,7.0,25.0,0.3,57.0,27.0,0.5,6.0,9.0,15.0,0.6,10.0,14.0,14.0,Sampdoria,15.0,4.0,0.0,2.0,1.0,4.0,48.1,8.0,4.0,0.5,0.0,0.0,275.0,368.0,0.7,1.0,12.0,0.1,66.0,30.0,0.5,1.0,8.0,17.0,0.5,13.0,21.0,21.0,644726,2022-10-24 16:30:00,2022
Sassuolo,7.0,1.0,0.0,2.0,4.0,4.0,51.3,14.0,3.0,0.2,0.0,0.0,320.0,413.0,0.8,3.0,9.0,0.3,70.0,33.0,0.5,8.0,8.0,16.0,0.5,10.0,14.0,14.0,Hellas Verona,19.0,3.0,0.0,4.0,5.0,1.0,48.7,13.0,5.0,0.4,0.0,0.0,295.0,378.0,0.8,9.0,25.0,0.4,62.0,31.0,0.5,2.0,5.0,15.0,0.3,9.0,8.0,8.0,644720,2022-10-24 18:45:00,2022
Napoli,5.0,0.0,0.0,3.0,11.0,6.0,67.1,18.0,6.0,0.3,0.0,0.0,614.0,668.0,0.9,7.0,21.0,0.3,43.0,31.0,0.7,4.0,7.0,18.0,0.4,7.0,17.0,17.0,Sassuolo,6.0,1.0,1.0,0.0,5.0,2.0,32.9,10.0,6.0,0.6,0.0,0.0,255.0,317.0,0.8,2.0,15.0,0.1,41.0,20.0,0.5,0.0,7.0,13.0,0.5,8.0,15.0,15.0,644730,2022-10-29 13:00:00,2022
Lecce,0.0,0.0,0.0,0.0,0.0,0.0,0.0,0.0,0.0,0.0,0.0,0.0,0.0,0.0,0.0,0.0,0.0,0.0,0.0,0.0,0.0,0.0,0.0,0.0,0.0,0.0,0.0,0.0,Juventus,0.0,0.0,0.0,0.0,0.0,0.0,0.0,0.0,0.0,0.0,0.0,0.0,0.0,0.0,0.0,0.0,0.0,0.0,0.0,0.0,0.0,0.0,0.0,0.0,0.0,0.0,0.0,0.0,644732,2022-10-29 16:00:00,2022
Internazionale,4.0,1.0,0.0,1.0,3.0,3.0,51.6,17.0,8.0,0.5,0.0,0.0,398.0,488.0,0.8,6.0,16.0,0.4,55.0,34.0,0.6,2.0,8.0,14.0,0.6,10.0,22.0,22.0,Sampdoria,13.0,6.0,0.0,0.0,3.0,5.0,48.4,9.0,2.0,0.2,0.0,0.0,372.0,453.0,0.8,5.0,26.0,0.2,66.0,30.0,0.5,2.0,6.0,16.0,0.4,13.0,10.0,10.0,644734,2022-10-29 18:45:00,2022
Empoli,10.0,2.0,0.0,4.0,7.0,4.0,51.9,13.0,3.0,0.2,0.0,0.0,357.0,434.0,0.8,2.0,21.0,0.1,35.0,10.0,0.3,6.0,9.0,18.0,0.5,6.0,11.0,11.0,Atalanta,13.0,1.0,0.0,2.0,2.0,3.0,48.1,20.0,6.0,0.3,0.0,1.0,342.0,412.0,0.8,3.0,10.0,0.3,53.0,26.0,0.5,11.0,7.0,19.0,0.4,15.0,19.0,19.0,644735,2022-10-30 11:30:00,2022
Cremonese,8.0,1.0,0.0,2.0,7.0,3.0,40.7,13.0,2.0,0.2,0.0,0.0,268.0,343.0,0.8,8.0,29.0,0.3,40.0,12.0,0.3,5.0,14.0,29.0,0.5,11.0,19.0,19.0,Udinese,9.0,0.0,0.0,3.0,4.0,2.0,59.3,13.0,3.0,0.2,0.0,0.0,440.0,532.0,0.8,1.0,13.0,0.1,52.0,31.0,0.6,3.0,9.0,15.0,0.6,6.0,18.0,18.0,644727,2022-10-30 14:00:00,2022
Spezia,19.0,5.0,1.0,2.0,5.0,3.0,49.4,10.0,6.0,0.6,0.0,0.0,213.0,311.0,0.7,4.0,17.0,0.2,62.0,20.0,0.3,1.0,6.0,9.0,0.7,3.0,20.0,20.0,Fiorentina,14.0,3.0,0.0,1.0,5.0,5.0,50.6,27.0,5.0,0.2,0.0,0.0,229.0,327.0,0.7,5.0,14.0,0.4,69.0,32.0,0.5,14.0,7.0,18.0,0.4,12.0,21.0,21.0,644729,2022-10-30 14:00:00,2022
Lazio,10.0,3.0,0.0,3.0,4.0,3.0,61.0,13.0,4.0,0.3,0.0,0.0,588.0,660.0,0.9,3.0,21.0,0.1,50.0,36.0,0.7,3.0,9.0,16.0,0.6,6.0,11.0,11.0,Salernitana,7.0,3.0,0.0,4.0,5.0,3.0,39.0,10.0,6.0,0.6,0.0,0.0,344.0,422.0,0.8,1.0,12.0,0.1,65.0,26.0,0.4,1.0,12.0,16.0,0.8,5.0,19.0,19.0,644733,2022-10-30 17:00:00,2022
Torino,11.0,5.0,0.0,3.0,6.0,0.0,43.3,7.0,4.0,0.6,0.0,0.0,236.0,325.0,0.7,4.0,13.0,0.3,62.0,15.0,0.2,1.0,6.0,10.0,0.6,6.0,6.0,6.0,AC Milan,16.0,2.0,0.0,0.0,1.0,2.0,56.7,12.0,1.0,0.1,0.0,0.0,333.0,426.0,0.8,4.0,10.0,0.4,73.0,35.0,0.5,3.0,14.0,27.0,0.5,2.0,9.0,9.0,644728,2022-10-30 19:45:00,2022
Hellas Verona,9.0,3.0,1.0,0.0,2.0,3.0,32.0,7.0,3.0,0.4,0.0,0.0,183.0,258.0,0.7,0.0,9.0,0.0,43.0,17.0,0.4,1.0,10.0,14.0,0.7,8.0,15.0,15.0,AS Roma,9.0,1.0,0.0,0.0,4.0,2.0,68.0,14.0,6.0,0.4,0.0,0.0,473.0,553.0,0.9,3.0,15.0,0.2,47.0,24.0,0.5,4.0,16.0,22.0,0.7,8.0,15.0,15.0,644731,2022-10-31 17:30:00,2022
Monza,13.0,4.0,0.0,2.0,4.0,3.0,55.0,9.0,3.0,0.3,1.0,1.0,439.0,511.0,0.9,6.0,18.0,0.3,46.0,26.0,0.6,2.0,6.0,11.0,0.5,8.0,9.0,9.0,Bologna,18.0,2.0,0.0,0.0,5.0,2.0,45.0,10.0,5.0,0.5,0.0,0.0,346.0,419.0,0.8,6.0,18.0,0.3,52.0,27.0,0.5,0.0,9.0,12.0,0.8,12.0,14.0,14.0,644736,2022-10-31 19:45:00,2022
Udinese,0.0,0.0,0.0,0.0,0.0,0.0,0.0,0.0,0.0,0.0,0.0,0.0,0.0,0.0,0.0,0.0,0.0,0.0,0.0,0.0,0.0,0.0,0.0,0.0,0.0,0.0,0.0,0.0,Lecce,0.0,0.0,0.0,0.0,0.0,0.0,0.0,0.0,0.0,0.0,0.0,0.0,0.0,0.0,0.0,0.0,0.0,0.0,0.0,0.0,0.0,0.0,0.0,0.0,0.0,0.0,0.0,0.0,644739,2022-11-04 19:45:00,2022
Empoli,11.0,2.0,0.0,4.0,3.0,3.0,47.0,17.0,1.0,0.1,0.0,0.0,346.0,419.0,0.8,4.0,14.0,0.3,59.0,25.0,0.4,7.0,15.0,33.0,0.5,3.0,17.0,17.0,Sassuolo,11.0,0.0,0.0,0.0,6.0,0.0,53.0,10.0,3.0,0.3,0.0,0.0,391.0,463.0,0.8,5.0,26.0,0.2,76.0,58.0,0.8,3.0,7.0,17.0,0.4,2.0,11.0,11.0,644744,2022-11-05 14:00:00,2022
Salernitana,14.0,2.0,0.0,0.0,2.0,3.0,51.7,10.0,2.0,0.2,0.0,0.0,345.0,432.0,0.8,3.0,9.0,0.3,54.0,21.0,0.4,2.0,2.0,6.0,0.3,5.0,25.0,25.0,Cremonese,10.0,2.0,0.0,6.0,2.0,0.0,48.3,12.0,5.0,0.4,0.0,1.0,313.0,400.0,0.8,6.0,16.0,0.4,38.0,12.0,0.3,1.0,12.0,25.0,0.5,5.0,15.0,15.0,644738,2022-11-05 14:00:00,2022
Atalanta,10.0,5.0,0.0,2.0,5.0,3.0,46.6,16.0,5.0,0.3,1.0,1.0,362.0,457.0,0.8,5.0,16.0,0.3,62.0,27.0,0.4,8.0,14.0,22.0,0.6,11.0,5.0,5.0,Napoli,9.0,1.0,0.0,2.0,2.0,3.0,53.4,7.0,5.0,0.7,0.0,0.0,443.0,539.0,0.8,2.0,9.0,0.2,59.0,27.0,0.5,0.0,9.0,12.0,0.8,4.0,17.0,17.0,644746,2022-11-05 17:00:00,2022
AC Milan,12.0,4.0,1.0,0.0,3.0,4.0,59.0,23.0,11.0,0.5,0.0,0.0,330.0,428.0,0.8,6.0,19.0,0.3,61.0,31.0,0.5,8.0,14.0,21.0,0.7,6.0,18.0,18.0,Spezia,13.0,4.0,0.0,0.0,6.0,8.0,41.0,13.0,5.0,0.4,0.0,0.0,194.0,300.0,0.6,6.0,12.0,0.5,52.0,12.0,0.2,3.0,8.0,18.0,0.4,10.0,25.0,25.0,644742,2022-11-05 19:45:00,2022
Bologna,14.0,3.0,0.0,1.0,3.0,1.0,56.2,9.0,5.0,0.6,0.0,0.0,384.0,503.0,0.8,2.0,12.0,0.2,63.0,23.0,0.4,0.0,12.0,14.0,0.9,7.0,9.0,9.0,Torino,17.0,3.0,0.0,5.0,1.0,3.0,43.8,7.0,2.0,0.3,1.0,1.0,296.0,396.0,0.7,1.0,8.0,0.1,74.0,32.0,0.4,2.0,6.0,13.0,0.5,11.0,14.0,14.0,644745,2022-11-06 11:30:00,2022
Sampdoria,10.0,1.0,0.0,2.0,4.0,1.0,48.9,14.0,2.0,0.1,0.0,0.0,325.0,419.0,0.8,8.0,21.0,0.4,58.0,26.0,0.4,6.0,10.0,12.0,0.8,8.0,12.0,12.0,Fiorentina,18.0,0.0,0.0,2.0,4.0,2.0,51.1,5.0,4.0,0.8,0.0,0.0,351.0,449.0,0.8,5.0,13.0,0.4,76.0,31.0,0.4,0.0,13.0,18.0,0.7,9.0,17.0,17.0,644737,2022-11-06 14:00:00,2022
Monza,10.0,3.0,0.0,1.0,5.0,2.0,75.9,14.0,3.0,0.2,0.0,0.0,552.0,639.0,0.9,4.0,21.0,0.2,54.0,31.0,0.6,3.0,9.0,23.0,0.4,3.0,11.0,11.0,Hellas Verona,9.0,1.0,1.0,3.0,2.0,1.0,24.1,7.0,2.0,0.3,0.0,0.0,118.0,199.0,0.6,3.0,11.0,0.3,53.0,13.0,0.2,1.0,1.0,8.0,0.1,15.0,23.0,23.0,644741,2022-11-06 14:00:00,2022
AS Roma,18.0,2.0,0.0,3.0,4.0,2.0,59.1,8.0,2.0,0.3,0.0,0.0,461.0,554.0,0.8,4.0,25.0,0.2,74.0,40.0,0.5,2.0,12.0,22.0,0.5,9.0,6.0,6.0,Lazio,14.0,3.0,0.0,2.0,2.0,2.0,40.9,5.0,3.0,0.6,0.0,0.0,303.0,395.0,0.8,1.0,5.0,0.2,70.0,31.0,0.4,2.0,9.0,21.0,0.4,6.0,26.0,26.0,644740,2022-11-06 17:00:00,2022
Juventus,16.0,1.0,0.0,1.0,2.0,4.0,46.8,8.0,3.0,0.4,0.0,0.0,391.0,475.0,0.8,4.0,8.0,0.5,71.0,33.0,0.5,2.0,6.0,12.0,0.5,10.0,22.0,22.0,Internazionale,13.0,3.0,0.0,1.0,8.0,1.0,53.2,14.0,4.0,0.3,0.0,0.0,449.0,521.0,0.9,6.0,31.0,0.2,49.0,27.0,0.6,4.0,5.0,10.0,0.5,10.0,5.0,5.0,644743,2022-11-06 19:45:00,2022
Spezia,12.0,3.0,0.0,1.0,9.0,1.0,49.4,21.0,6.0,0.3,0.0,0.0,311.0,413.0,0.8,6.0,25.0,0.2,57.0,22.0,0.4,8.0,17.0,25.0,0.7,5.0,16.0,16.0,Udinese,12.0,3.0,0.0,4.0,1.0,5.0,50.6,10.0,2.0,0.2,0.0,0.0,353.0,436.0,0.8,2.0,9.0,0.2,51.0,24.0,0.5,2.0,5.0,13.0,0.4,7.0,35.0,35.0,644756,2022-11-08 17:30:00,2022
Napoli,12.0,1.0,0.0,0.0,5.0,1.0,74.5,18.0,4.0,0.2,1.0,1.0,610.0,684.0,0.9,8.0,36.0,0.2,55.0,38.0,0.7,6.0,4.0,10.0,0.4,6.0,2.0,2.0,Empoli,16.0,4.0,1.0,1.0,0.0,2.0,25.5,6.0,1.0,0.2,0.0,0.0,161.0,236.0,0.7,1.0,2.0,0.5,47.0,11.0,0.2,1.0,8.0,16.0,0.5,7.0,29.0,29.0,644754,2022-11-08 17:30:00,2022
Cremonese,16.0,4.0,0.0,2.0,2.0,5.0,27.4,6.0,1.0,0.2,0.0,0.0,146.0,231.0,0.6,3.0,10.0,0.3,57.0,16.0,0.3,3.0,11.0,21.0,0.5,5.0,30.0,30.0,AC Milan,10.0,3.0,0.0,2.0,4.0,1.0,72.6,16.0,5.0,0.3,0.0,0.0,545.0,633.0,0.9,5.0,24.0,0.2,57.0,44.0,0.8,4.0,8.0,16.0,0.5,9.0,13.0,13.0,644748,2022-11-08 19:45:00,2022
Lecce,0.0,0.0,0.0,0.0,0.0,0.0,0.0,0.0,0.0,0.0,0.0,0.0,0.0,0.0,0.0,0.0,0.0,0.0,0.0,0.0,0.0,0.0,0.0,0.0,0.0,0.0,0.0,0.0,Atalanta,0.0,0.0,0.0,0.0,0.0,0.0,0.0,0.0,0.0,0.0,0.0,0.0,0.0,0.0,0.0,0.0,0.0,0.0,0.0,0.0,0.0,0.0,0.0,0.0,0.0,0.0,0.0,0.0,644753,2022-11-09 17:30:00,2022
Sassuolo,14.0,5.0,0.0,0.0,3.0,3.0,46.5,15.0,7.0,0.5,0.0,0.0,335.0,404.0,0.8,3.0,12.0,0.3,61.0,34.0,0.6,2.0,11.0,18.0,0.6,5.0,13.0,13.0,AS Roma,13.0,3.0,0.0,6.0,2.0,6.0,53.5,11.0,4.0,0.4,0.0,0.0,406.0,469.0,0.9,5.0,17.0,0.3,55.0,33.0,0.6,2.0,13.0,31.0,0.4,11.0,5.0,5.0,644755,2022-11-09 17:30:00,2022
Fiorentina,10.0,0.0,0.0,4.0,4.0,0.0,58.1,18.0,7.0,0.4,0.0,0.0,483.0,563.0,0.9,2.0,13.0,0.2,53.0,34.0,0.6,2.0,8.0,15.0,0.5,5.0,7.0,7.0,Salernitana,11.0,1.0,0.0,3.0,3.0,5.0,41.9,4.0,1.0,0.3,0.0,0.0,300.0,396.0,0.8,4.0,13.0,0.3,74.0,23.0,0.3,2.0,10.0,17.0,0.6,10.0,17.0,17.0,644750,2022-11-09 19:45:00,2022
Internazionale,10.0,1.0,0.0,2.0,4.0,3.0,57.2,13.0,7.0,0.5,1.0,1.0,468.0,539.0,0.9,5.0,15.0,0.3,50.0,28.0,0.6,4.0,5.0,8.0,0.6,5.0,15.0,15.0,Bologna,11.0,5.0,0.0,0.0,4.0,1.0,42.8,10.0,4.0,0.4,0.0,0.0,317.0,395.0,0.8,1.0,14.0,0.1,54.0,24.0,0.4,1.0,2.0,5.0,0.4,11.0,13.0,13.0,644751,2022-11-09 19:45:00,2022
Torino,14.0,1.0,0.0,4.0,4.0,1.0,51.2,8.0,5.0,0.6,0.0,0.0,339.0,439.0,0.8,2.0,11.0,0.2,65.0,22.0,0.3,3.0,8.0,15.0,0.5,12.0,21.0,21.0,Sampdoria,21.0,3.0,0.0,4.0,3.0,3.0,48.8,11.0,1.0,0.1,0.0,0.0,310.0,403.0,0.8,5.0,23.0,0.2,64.0,32.0,0.5,5.0,9.0,17.0,0.5,12.0,14.0,14.0,644747,2022-11-09 19:45:00,2022
Hellas Verona,14.0,3.0,0.0,1.0,5.0,2.0,43.4,15.0,2.0,0.1,0.0,0.0,247.0,321.0,0.8,9.0,26.0,0.3,43.0,23.0,0.5,3.0,11.0,16.0,0.7,7.0,13.0,13.0,Juventus,13.0,2.0,1.0,0.0,4.0,2.0,56.6,11.0,3.0,0.3,0.0,0.0,353.0,437.0,0.8,6.0,19.0,0.3,64.0,29.0,0.5,0.0,9.0,17.0,0.5,10.0,23.0,23.0,644749,2022-11-10 17:30:00,2022
Lazio,15.0,2.0,0.0,0.0,4.0,0.0,46.7,12.0,4.0,0.3,0.0,0.0,447.0,493.0,0.9,6.0,20.0,0.3,41.0,29.0,0.7,3.0,7.0,9.0,0.8,9.0,14.0,14.0,Monza,14.0,1.0,0.0,1.0,3.0,3.0,53.3,8.0,0.0,0.0,0.0,0.0,507.0,560.0,0.9,3.0,15.0,0.2,55.0,43.0,0.8,1.0,3.0,15.0,0.2,8.0,13.0,13.0,644752,2022-11-10 19:45:00,2022
Empoli,9.0,1.0,0.0,1.0,4.0,5.0,49.4,13.0,6.0,0.5,0.0,0.0,349.0,437.0,0.8,3.0,10.0,0.3,56.0,20.0,0.4,3.0,13.0,21.0,0.6,9.0,38.0,38.0,Cremonese,14.0,2.0,0.0,1.0,9.0,4.0,50.6,20.0,5.0,0.3,0.0,0.0,334.0,419.0,0.8,10.0,36.0,0.3,42.0,15.0,0.4,9.0,12.0,18.0,0.7,11.0,13.0,13.0,644764,2022-11-11 19:45:00,2022
Napoli,12.0,2.0,0.0,0.0,5.0,2.0,63.2,15.0,5.0,0.3,0.0,0.0,552.0,643.0,0.9,5.0,15.0,0.3,45.0,20.0,0.4,5.0,10.0,22.0,0.5,8.0,17.0,17.0,Udinese,13.0,3.0,0.0,1.0,3.0,2.0,36.8,10.0,4.0,0.4,0.0,0.0,295.0,367.0,0.8,4.0,14.0,0.3,41.0,18.0,0.4,4.0,8.0,14.0,0.6,8.0,19.0,19.0,644760,2022-11-12 14:00:00,2022
Sampdoria,0.0,0.0,0.0,0.0,0.0,0.0,0.0,0.0,0.0,0.0,0.0,0.0,0.0,0.0,0.0,0.0,0.0,0.0,0.0,0.0,0.0,0.0,0.0,0.0,0.0,0.0,0.0,0.0,Lecce,0.0,0.0,0.0,0.0,0.0,0.0,0.0,0.0,0.0,0.0,0.0,0.0,0.0,0.0,0.0,0.0,0.0,0.0,0.0,0.0,0.0,0.0,0.0,0.0,0.0,0.0,0.0,0.0,644757,2022-11-12 17:00:00,2022
Bologna,12.0,1.0,0.0,2.0,4.0,3.0,51.7,8.0,4.0,0.5,0.0,0.0,415.0,495.0,0.8,3.0,12.0,0.3,54.0,25.0,0.5,3.0,12.0,19.0,0.6,11.0,24.0,24.0,Sassuolo,6.0,0.0,0.0,1.0,6.0,1.0,48.3,9.0,3.0,0.3,0.0,0.0,381.0,456.0,0.8,2.0,20.0,0.1,65.0,36.0,0.6,2.0,4.0,8.0,0.5,9.0,12.0,12.0,644765,2022-11-12 19:45:00,2022
Atalanta,10.0,0.0,0.0,1.0,5.0,1.0,46.2,18.0,7.0,0.4,1.0,1.0,310.0,401.0,0.8,7.0,18.0,0.4,62.0,29.0,0.5,5.0,8.0,15.0,0.5,8.0,16.0,16.0,Internazionale,11.0,3.0,0.0,0.0,4.0,5.0,53.8,14.0,3.0,0.2,0.0,0.0,383.0,464.0,0.8,7.0,26.0,0.3,65.0,26.0,0.4,3.0,11.0,18.0,0.6,4.0,18.0,18.0,644761,2022-11-13 11:30:00,2022
Monza,9.0,0.0,0.0,4.0,6.0,0.0,57.2,19.0,7.0,0.4,1.0,1.0,505.0,565.0,0.9,6.0,15.0,0.4,53.0,35.0,0.7,8.0,10.0,12.0,0.8,11.0,17.0,17.0,Salernitana,11.0,0.0,1.0,1.0,1.0,4.0,42.8,5.0,0.0,0.0,0.0,0.0,352.0,416.0,0.8,3.0,16.0,0.2,48.0,31.0,0.6,1.0,9.0,13.0,0.7,6.0,14.0,14.0,644766,2022-11-13 14:00:00,2022
AS Roma,13.0,3.0,0.0,0.0,8.0,1.0,48.0,13.0,4.0,0.3,0.0,1.0,336.0,440.0,0.8,5.0,20.0,0.3,69.0,31.0,0.4,4.0,5.0,14.0,0.4,15.0,12.0,12.0,Torino,10.0,2.0,0.0,1.0,1.0,3.0,52.0,10.0,2.0,0.2,0.0,0.0,395.0,494.0,0.8,3.0,8.0,0.4,59.0,15.0,0.3,4.0,6.0,15.0,0.4,12.0,20.0,20.0,644759,2022-11-13 14:00:00,2022
Hellas Verona,13.0,2.0,0.0,4.0,2.0,7.0,44.0,18.0,5.0,0.3,0.0,0.0,197.0,309.0,0.6,6.0,20.0,0.3,62.0,27.0,0.4,4.0,4.0,7.0,0.6,13.0,25.0,25.0,Spezia,21.0,4.0,0.0,0.0,10.0,4.0,56.0,16.0,9.0,0.6,0.0,0.0,265.0,396.0,0.7,8.0,25.0,0.3,75.0,29.0,0.4,3.0,7.0,10.0,0.7,6.0,19.0,19.0,644758,2022-11-13 14:00:00,2022
AC Milan,13.0,1.0,0.0,3.0,5.0,4.0,49.7,12.0,3.0,0.3,0.0,0.0,315.0,403.0,0.8,3.0,20.0,0.2,71.0,36.0,0.5,6.0,8.0,17.0,0.5,10.0,21.0,21.0,Fiorentina,11.0,4.0,0.0,2.0,7.0,1.0,50.3,11.0,5.0,0.5,0.0,0.0,318.0,408.0,0.8,5.0,22.0,0.2,69.0,36.0,0.5,2.0,13.0,21.0,0.6,6.0,25.0,25.0,644762,2022-11-13 17:00:00,2022
Juventus,10.0,2.0,0.0,1.0,2.0,3.0,40.8,13.0,9.0,0.7,0.0,0.0,382.0,462.0,0.8,4.0,14.0,0.3,85.0,49.0,0.6,3.0,10.0,20.0,0.5,13.0,11.0,11.0,Lazio,8.0,1.0,0.0,1.0,6.0,6.0,59.2,10.0,3.0,0.3,0.0,0.0,603.0,678.0,0.9,2.0,14.0,0.1,38.0,22.0,0.6,4.0,9.0,14.0,0.6,14.0,9.0,9.0,644763,2022-11-13 19:45:00,2022
Sassuolo,16.0,2.0,0.0,1.0,9.0,2.0,67.7,16.0,4.0,0.3,1.0,1.0,466.0,553.0,0.8,3.0,25.0,0.1,51.0,33.0,0.6,6.0,9.0,18.0,0.5,4.0,10.0,10.0,Sampdoria,19.0,3.0,0.0,6.0,1.0,3.0,32.3,9.0,4.0,0.4,0.0,0.0,190.0,267.0,0.7,4.0,10.0,0.4,54.0,25.0,0.5,1.0,11.0,19.0,0.6,14.0,24.0,24.0,644773,2023-01-04 11:30:00,2023
Salernitana,21.0,4.0,0.0,1.0,6.0,9.0,44.3,8.0,1.0,0.1,0.0,0.0,241.0,313.0,0.8,2.0,17.0,0.1,44.0,18.0,0.4,2.0,12.0,22.0,0.5,8.0,18.0,18.0,AC Milan,13.0,1.0,0.0,4.0,2.0,0.0,55.7,16.0,10.0,0.6,0.0,0.0,319.0,400.0,0.8,4.0,12.0,0.3,54.0,31.0,0.6,5.0,12.0,21.0,0.6,10.0,10.0,10.0,644772,2023-01-04 11:30:00,2023
Torino,7.0,1.0,0.0,2.0,6.0,1.0,66.7,9.0,3.0,0.3,0.0,0.0,463.0,582.0,0.8,3.0,20.0,0.2,81.0,32.0,0.4,4.0,5.0,11.0,0.5,4.0,11.0,11.0,Hellas Verona,17.0,1.0,0.0,0.0,3.0,2.0,33.3,10.0,2.0,0.2,0.0,0.0,180.0,290.0,0.6,7.0,13.0,0.5,65.0,30.0,0.5,2.0,8.0,12.0,0.7,6.0,33.0,33.0,644775,2023-01-04 13:30:00,2023
Spezia,11.0,3.0,0.0,1.0,3.0,1.0,34.8,7.0,3.0,0.4,0.0,0.0,210.0,315.0,0.7,4.0,11.0,0.4,64.0,24.0,0.4,1.0,15.0,28.0,0.5,12.0,32.0,32.0,Atalanta,11.0,3.0,0.0,1.0,8.0,1.0,65.2,19.0,3.0,0.2,0.0,0.0,475.0,578.0,0.8,11.0,36.0,0.3,76.0,39.0,0.5,7.0,12.0,23.0,0.5,14.0,16.0,16.0,644774,2023-01-04 13:30:00,2023
AS Roma,10.0,2.0,0.0,1.0,3.0,1.0,38.6,14.0,4.0,0.3,1.0,1.0,300.0,380.0,0.8,1.0,7.0,0.1,47.0,21.0,0.4,6.0,8.0,13.0,0.6,10.0,19.0,19.0,Bologna,10.0,3.0,0.0,1.0,3.0,3.0,61.4,11.0,2.0,0.2,0.0,0.0,506.0,597.0,0.8,3.0,14.0,0.2,61.0,40.0,0.7,6.0,13.0,20.0,0.7,3.0,6.0,6.0,644776,2023-01-04 15:30:00,2023
Lecce,0.0,0.0,0.0,0.0,0.0,0.0,0.0,0.0,0.0,0.0,0.0,0.0,0.0,0.0,0.0,0.0,0.0,0.0,0.0,0.0,0.0,0.0,0.0,0.0,0.0,0.0,0.0,0.0,Lazio,0.0,0.0,0.0,0.0,0.0,0.0,0.0,0.0,0.0,0.0,0.0,0.0,0.0,0.0,0.0,0.0,0.0,0.0,0.0,0.0,0.0,0.0,0.0,0.0,0.0,0.0,0.0,0.0,644767,2023-01-04 15:30:00,2023
Fiorentina,11.0,1.0,0.0,1.0,9.0,2.0,52.7,22.0,6.0,0.3,0.0,0.0,349.0,417.0,0.8,5.0,28.0,0.2,52.0,32.0,0.6,6.0,7.0,15.0,0.5,10.0,5.0,5.0,Monza,13.0,3.0,0.0,4.0,1.0,5.0,47.3,10.0,3.0,0.3,0.0,0.0,297.0,382.0,0.8,4.0,10.0,0.4,58.0,27.0,0.5,2.0,11.0,15.0,0.7,7.0,23.0,23.0,644769,2023-01-04 17:30:00,2023
Cremonese,12.0,5.0,0.0,2.0,3.0,7.0,44.0,13.0,3.0,0.2,0.0,0.0,240.0,332.0,0.7,2.0,17.0,0.1,45.0,16.0,0.4,4.0,9.0,17.0,0.5,10.0,14.0,14.0,Juventus,12.0,3.0,0.0,2.0,8.0,3.0,56.0,19.0,8.0,0.4,0.0,0.0,344.0,425.0,0.8,7.0,19.0,0.4,65.0,38.0,0.6,3.0,16.0,25.0,0.6,3.0,31.0,31.0,644770,2023-01-04 17:30:00,2023
Internazionale,12.0,3.0,0.0,4.0,5.0,2.0,36.3,6.0,1.0,0.2,0.0,0.0,269.0,338.0,0.8,4.0,15.0,0.3,50.0,26.0,0.5,0.0,10.0,21.0,0.5,13.0,15.0,15.0,Napoli,7.0,2.0,0.0,2.0,4.0,0.0,63.7,9.0,2.0,0.2,0.0,0.0,526.0,605.0,0.9,4.0,17.0,0.2,66.0,44.0,0.7,3.0,5.0,9.0,0.6,11.0,12.0,12.0,644768,2023-01-04 19:45:00,2023
Udinese,15.0,2.0,0.0,0.0,8.0,0.0,60.4,21.0,3.0,0.1,0.0,0.0,441.0,498.0,0.9,10.0,38.0,0.3,47.0,34.0,0.7,8.0,14.0,25.0,0.6,5.0,10.0,10.0,Empoli,14.0,1.0,1.0,2.0,1.0,3.0,39.6,6.0,1.0,0.2,0.0,0.0,273.0,344.0,0.8,1.0,4.0,0.3,48.0,22.0,0.5,5.0,16.0,22.0,0.7,3.0,26.0,26.0,644771,2023-01-04 19:45:00,2023
Fiorentina,14.0,4.0,0.0,1.0,6.0,3.0,53.0,15.0,5.0,0.3,1.0,1.0,311.0,411.0,0.8,7.0,18.0,0.4,64.0,31.0,0.5,4.0,10.0,13.0,0.8,5.0,5.0,5.0,Sassuolo,9.0,3.0,0.0,1.0,3.0,2.0,47.0,16.0,4.0,0.3,1.0,1.0,273.0,372.0,0.7,2.0,7.0,0.3,68.0,25.0,0.4,6.0,14.0,23.0,0.6,7.0,18.0,18.0,644779,2023-01-07 14:00:00,2023
Juventus,16.0,1.0,0.0,3.0,6.0,3.0,50.5,14.0,4.0,0.3,0.0,0.0,391.0,462.0,0.8,4.0,22.0,0.2,42.0,19.0,0.5,3.0,8.0,19.0,0.4,4.0,16.0,16.0,Udinese,13.0,2.0,0.0,0.0,4.0,3.0,49.5,11.0,3.0,0.3,0.0,0.0,392.0,454.0,0.9,4.0,21.0,0.2,55.0,36.0,0.7,5.0,9.0,14.0,0.6,6.0,23.0,23.0,644778,2023-01-07 17:00:00,2023
Monza,0.0,0.0,0.0,0.0,0.0,0.0,0.0,0.0,0.0,0.0,0.0,0.0,0.0,0.0,0.0,0.0,0.0,0.0,0.0,0.0,0.0,0.0,0.0,0.0,0.0,0.0,0.0,0.0,Internazionale,0.0,0.0,0.0,0.0,0.0,0.0,0.0,0.0,0.0,0.0,0.0,0.0,0.0,0.0,0.0,0.0,0.0,0.0,0.0,0.0,0.0,0.0,0.0,0.0,0.0,0.0,0.0,0.0,644786,2023-01-07 19:45:00,2023
Salernitana,10.0,2.0,0.0,1.0,6.0,7.0,38.3,11.0,4.0,0.4,0.0,0.0,220.0,315.0,0.7,2.0,17.0,0.1,66.0,19.0,0.3,4.0,8.0,11.0,0.7,8.0,21.0,21.0,Torino,15.0,3.0,0.0,1.0,7.0,3.0,61.7,23.0,8.0,0.3,0.0,0.0,409.0,505.0,0.8,8.0,26.0,0.3,55.0,22.0,0.4,7.0,5.0,7.0,0.7,3.0,13.0,13.0,644785,2023-01-08 11:30:00,2023
Lazio,17.0,4.0,0.0,2.0,10.0,0.0,54.1,18.0,4.0,0.2,0.0,0.0,524.0,589.0,0.9,6.0,22.0,0.3,57.0,44.0,0.8,6.0,8.0,18.0,0.4,2.0,8.0,8.0,Empoli,10.0,1.0,0.0,1.0,3.0,2.0,45.9,5.0,2.0,0.4,0.0,0.0,449.0,506.0,0.9,3.0,13.0,0.2,36.0,26.0,0.7,2.0,6.0,13.0,0.5,6.0,16.0,16.0,644777,2023-01-08 14:00:00,2023
Spezia,0.0,0.0,0.0,0.0,0.0,0.0,0.0,0.0,0.0,0.0,0.0,0.0,0.0,0.0,0.0,0.0,0.0,0.0,0.0,0.0,0.0,0.0,0.0,0.0,0.0,0.0,0.0,0.0,Lecce,0.0,0.0,0.0,0.0,0.0,0.0,0.0,0.0,0.0,0.0,0.0,0.0,0.0,0.0,0.0,0.0,0.0,0.0,0.0,0.0,0.0,0.0,0.0,0.0,0.0,0.0,0.0,0.0,644783,2023-01-08 14:00:00,2023
Sampdoria,15.0,3.0,1.0,0.0,2.0,6.0,33.5,9.0,2.0,0.2,0.0,0.0,248.0,329.0,0.8,2.0,12.0,0.2,50.0,23.0,0.5,3.0,15.0,22.0,0.7,7.0,23.0,23.0,Napoli,12.0,2.0,0.0,4.0,6.0,2.0,66.5,24.0,8.0,0.3,1.0,2.0,608.0,666.0,0.9,5.0,15.0,0.3,53.0,44.0,0.8,6.0,9.0,12.0,0.8,4.0,11.0,11.0,644784,2023-01-08 17:00:00,2023
AC Milan,19.0,4.0,0.0,0.0,3.0,1.0,61.3,12.0,5.0,0.4,0.0,0.0,438.0,507.0,0.9,5.0,15.0,0.3,50.0,33.0,0.7,1.0,21.0,27.0,0.8,10.0,15.0,15.0,AS Roma,13.0,6.0,0.0,1.0,4.0,3.0,38.7,12.0,3.0,0.3,0.0,0.0,255.0,316.0,0.8,3.0,16.0,0.2,41.0,26.0,0.6,5.0,7.0,11.0,0.6,9.0,17.0,17.0,644781,2023-01-08 19:45:00,2023
Hellas Verona,16.0,3.0,0.0,2.0,3.0,5.0,46.7,9.0,4.0,0.4,0.0,0.0,276.0,389.0,0.7,5.0,11.0,0.5,63.0,30.0,0.5,2.0,15.0,17.0,0.9,11.0,27.0,27.0,Cremonese,11.0,4.0,0.0,1.0,5.0,2.0,53.3,14.0,5.0,0.4,0.0,0.0,315.0,436.0,0.7,6.0,18.0,0.3,74.0,27.0,0.4,4.0,10.0,20.0,0.5,6.0,8.0,8.0,644782,2023-01-09 17:30:00,2023
Bologna,16.0,3.0,0.0,1.0,4.0,1.0,50.6,12.0,3.0,0.3,0.0,0.0,422.0,532.0,0.8,5.0,17.0,0.3,57.0,32.0,0.6,2.0,14.0,19.0,0.7,11.0,13.0,13.0,Atalanta,15.0,2.0,0.0,1.0,0.0,2.0,49.4,7.0,3.0,0.4,0.0,0.0,412.0,515.0,0.8,4.0,18.0,0.2,56.0,27.0,0.5,0.0,12.0,16.0,0.8,18.0,20.0,20.0,644780,2023-01-09 19:45:00,2023
Napoli,10.0,0.0,0.0,1.0,2.0,2.0,60.1,14.0,10.0,0.7,0.0,0.0,500.0,566.0,0.9,4.0,13.0,0.3,44.0,28.0,0.6,2.0,13.0,26.0,0.5,8.0,13.0,13.0,Juventus,9.0,1.0,0.0,0.0,5.0,5.0,39.9,11.0,2.0,0.2,0.0,0.0,297.0,364.0,0.8,3.0,17.0,0.2,38.0,26.0,0.7,5.0,18.0,27.0,0.7,9.0,13.0,13.0,644794,2023-01-13 19:45:00,2023
Cremonese,12.0,2.0,0.0,5.0,4.0,0.0,49.8,11.0,7.0,0.6,0.0,0.0,296.0,403.0,0.7,7.0,25.0,0.3,60.0,20.0,0.3,1.0,14.0,25.0,0.6,8.0,13.0,13.0,Monza,12.0,4.0,0.0,2.0,2.0,6.0,50.2,8.0,3.0,0.4,1.0,1.0,315.0,420.0,0.8,3.0,11.0,0.3,78.0,32.0,0.4,1.0,10.0,16.0,0.6,13.0,28.0,28.0,644788,2023-01-14 14:00:00,2023
Lecce,0.0,0.0,0.0,0.0,0.0,0.0,0.0,0.0,0.0,0.0,0.0,0.0,0.0,0.0,0.0,0.0,0.0,0.0,0.0,0.0,0.0,0.0,0.0,0.0,0.0,0.0,0.0,0.0,AC Milan,0.0,0.0,0.0,0.0,0.0,0.0,0.0,0.0,0.0,0.0,0.0,0.0,0.0,0.0,0.0,0.0,0.0,0.0,0.0,0.0,0.0,0.0,0.0,0.0,0.0,0.0,0.0,0.0,644795,2023-01-14 17:00:00,2023
Internazionale,11.0,0.0,0.0,0.0,3.0,1.0,56.7,11.0,3.0,0.3,0.0,0.0,422.0,507.0,0.8,5.0,17.0,0.3,58.0,26.0,0.4,2.0,3.0,20.0,0.2,1.0,25.0,25.0,Hellas Verona,13.0,3.0,0.0,1.0,4.0,2.0,43.3,6.0,1.0,0.2,0.0,0.0,289.0,375.0,0.8,4.0,21.0,0.2,59.0,34.0,0.6,2.0,6.0,12.0,0.5,8.0,15.0,15.0,644790,2023-01-14 19:45:00,2023
Sassuolo,17.0,5.0,0.0,0.0,7.0,1.0,49.6,12.0,2.0,0.2,0.0,0.0,446.0,538.0,0.8,6.0,17.0,0.4,68.0,37.0,0.5,3.0,11.0,19.0,0.6,9.0,11.0,11.0,Lazio,10.0,3.0,0.0,3.0,3.0,2.0,50.4,12.0,3.0,0.3,1.0,1.0,482.0,560.0,0.9,2.0,8.0,0.3,57.0,33.0,0.6,2.0,15.0,24.0,0.6,13.0,16.0,16.0,644792,2023-01-15 11:30:00,2023
Udinese,10.0,1.0,0.0,3.0,6.0,0.0,51.0,20.0,4.0,0.2,0.0,0.0,297.0,379.0,0.8,5.0,21.0,0.2,66.0,34.0,0.5,7.0,6.0,13.0,0.5,7.0,17.0,17.0,Bologna,17.0,3.0,0.0,3.0,4.0,3.0,49.0,15.0,2.0,0.1,0.0,0.0,274.0,366.0,0.7,4.0,14.0,0.3,46.0,23.0,0.5,4.0,18.0,25.0,0.7,4.0,23.0,23.0,644791,2023-01-15 14:00:00,2023
Torino,13.0,3.0,0.0,3.0,7.0,4.0,67.3,11.0,4.0,0.4,0.0,0.0,475.0,588.0,0.8,5.0,27.0,0.2,61.0,17.0,0.3,2.0,7.0,9.0,0.8,4.0,11.0,11.0,Spezia,12.0,3.0,0.0,1.0,2.0,4.0,32.7,13.0,5.0,0.4,1.0,1.0,196.0,288.0,0.7,2.0,11.0,0.2,63.0,20.0,0.3,3.0,10.0,22.0,0.5,8.0,26.0,26.0,644796,2023-01-15 14:00:00,2023
Atalanta,10.0,1.0,0.0,1.0,6.0,0.0,57.6,19.0,13.0,0.7,1.0,2.0,463.0,530.0,0.9,2.0,11.0,0.2,37.0,25.0,0.7,5.0,6.0,13.0,0.5,13.0,1.0,1.0,Salernitana,12.0,0.0,0.0,2.0,2.0,5.0,42.4,7.0,2.0,0.3,0.0,0.0,309.0,393.0,0.8,3.0,8.0,0.4,58.0,26.0,0.4,1.0,13.0,16.0,0.8,10.0,23.0,23.0,644787,2023-01-15 17:00:00,2023
AS Roma,15.0,3.0,0.0,3.0,5.0,2.0,51.5,10.0,4.0,0.4,0.0,0.0,396.0,450.0,0.9,4.0,13.0,0.3,46.0,29.0,0.6,1.0,10.0,18.0,0.6,6.0,15.0,15.0,Fiorentina,12.0,2.0,1.0,1.0,9.0,2.0,48.5,7.0,3.0,0.4,0.0,0.0,358.0,422.0,0.8,4.0,15.0,0.3,51.0,26.0,0.5,2.0,6.0,10.0,0.6,1.0,9.0,9.0,644793,2023-01-15 19:45:00,2023
Empoli,15.0,5.0,0.0,2.0,3.0,7.0,50.1,16.0,5.0,0.3,0.0,0.0,355.0,422.0,0.8,3.0,12.0,0.3,56.0,33.0,0.6,4.0,15.0,20.0,0.8,7.0,20.0,20.0,Sampdoria,16.0,6.0,0.0,0.0,3.0,4.0,49.9,16.0,7.0,0.4,0.0,0.0,330.0,410.0,0.8,6.0,25.0,0.2,57.0,36.0,0.6,4.0,12.0,21.0,0.6,9.0,6.0,6.0,644789,2023-01-16 19:45:00,2023
Hellas Verona,0.0,0.0,0.0,0.0,0.0,0.0,0.0,0.0,0.0,0.0,0.0,0.0,0.0,0.0,0.0,0.0,0.0,0.0,0.0,0.0,0.0,0.0,0.0,0.0,0.0,0.0,0.0,0.0,Lecce,0.0,0.0,0.0,0.0,0.0,0.0,0.0,0.0,0.0,0.0,0.0,0.0,0.0,0.0,0.0,0.0,0.0,0.0,0.0,0.0,0.0,0.0,0.0,0.0,0.0,0.0,0.0,0.0,644806,2023-01-21 14:00:00,2023
Salernitana,14.0,2.0,0.0,4.0,3.0,2.0,25.4,5.0,2.0,0.4,0.0,0.0,184.0,269.0,0.7,3.0,9.0,0.3,56.0,25.0,0.4,1.0,2.0,10.0,0.2,8.0,22.0,22.0,Napoli,15.0,2.0,0.0,3.0,4.0,2.0,74.6,9.0,4.0,0.4,0.0,0.0,713.0,795.0,0.9,4.0,23.0,0.2,40.0,17.0,0.4,1.0,7.0,11.0,0.6,6.0,7.0,7.0,644803,2023-01-21 17:00:00,2023
Fiorentina,9.0,2.0,0.0,2.0,5.0,2.0,62.1,19.0,5.0,0.3,0.0,0.0,469.0,554.0,0.8,12.0,29.0,0.4,65.0,36.0,0.6,6.0,6.0,13.0,0.5,6.0,6.0,6.0,Torino,23.0,2.0,0.0,6.0,4.0,5.0,37.9,9.0,3.0,0.3,0.0,0.0,258.0,347.0,0.7,3.0,9.0,0.3,61.0,17.0,0.3,3.0,12.0,16.0,0.8,11.0,21.0,21.0,644798,2023-01-21 19:45:00,2023
Sampdoria,15.0,3.0,0.0,4.0,6.0,4.0,54.5,9.0,1.0,0.1,0.0,0.0,334.0,404.0,0.8,7.0,24.0,0.3,44.0,17.0,0.4,3.0,12.0,27.0,0.4,4.0,14.0,14.0,Udinese,17.0,1.0,0.0,1.0,7.0,1.0,45.5,14.0,5.0,0.4,0.0,0.0,265.0,344.0,0.8,3.0,15.0,0.2,62.0,26.0,0.4,5.0,8.0,15.0,0.5,5.0,21.0,21.0,644804,2023-01-22 11:30:00,2023
Monza,17.0,2.0,0.0,3.0,10.0,0.0,61.5,14.0,3.0,0.2,0.0,0.0,408.0,497.0,0.8,8.0,32.0,0.3,44.0,20.0,0.5,5.0,6.0,15.0,0.4,9.0,11.0,11.0,Sassuolo,18.0,2.0,0.0,0.0,4.0,2.0,38.5,13.0,1.0,0.1,0.0,0.0,245.0,318.0,0.8,3.0,11.0,0.3,57.0,31.0,0.5,4.0,11.0,17.0,0.6,10.0,33.0,33.0,644802,2023-01-22 14:00:00,2023
Spezia,17.0,3.0,0.0,0.0,4.0,2.0,51.5,8.0,0.0,0.0,0.0,0.0,409.0,509.0,0.8,2.0,13.0,0.2,46.0,16.0,0.3,3.0,13.0,22.0,0.6,7.0,11.0,11.0,AS Roma,11.0,1.0,0.0,1.0,0.0,0.0,48.5,13.0,3.0,0.2,0.0,0.0,384.0,485.0,0.8,1.0,4.0,0.3,59.0,20.0,0.3,3.0,9.0,18.0,0.5,10.0,12.0,12.0,644805,2023-01-22 17:00:00,2023
Juventus,9.0,1.0,0.0,2.0,6.0,1.0,46.8,15.0,8.0,0.5,1.0,1.0,391.0,481.0,0.8,4.0,21.0,0.2,47.0,24.0,0.5,2.0,11.0,17.0,0.6,8.0,16.0,16.0,Atalanta,6.0,2.0,0.0,0.0,4.0,5.0,53.2,14.0,4.0,0.3,0.0,0.0,461.0,554.0,0.8,4.0,13.0,0.3,42.0,14.0,0.3,7.0,8.0,18.0,0.4,13.0,19.0,19.0,644800,2023-01-22 19:45:00,2023
Bologna,11.0,2.0,0.0,3.0,4.0,1.0,68.3,21.0,8.0,0.4,0.0,0.0,525.0,632.0,0.8,6.0,19.0,0.3,55.0,31.0,0.6,3.0,6.0,15.0,0.4,9.0,16.0,16.0,Cremonese,13.0,5.0,0.0,1.0,1.0,8.0,31.7,9.0,2.0,0.2,1.0,1.0,182.0,277.0,0.7,3.0,18.0,0.2,51.0,15.0,0.3,2.0,7.0,13.0,0.5,12.0,23.0,23.0,644797,2023-01-23 17:30:00,2023
Internazionale,13.0,2.0,1.0,0.0,2.0,7.0,49.1,16.0,1.0,0.1,0.0,0.0,385.0,472.0,0.8,8.0,30.0,0.3,63.0,35.0,0.6,7.0,13.0,23.0,0.6,11.0,10.0,10.0,Empoli,16.0,3.0,0.0,0.0,3.0,1.0,50.9,13.0,8.0,0.6,0.0,0.0,439.0,517.0,0.8,4.0,11.0,0.4,51.0,21.0,0.4,2.0,8.0,11.0,0.7,4.0,36.0,36.0,644799,2023-01-23 19:45:00,2023
Lazio,14.0,1.0,0.0,1.0,3.0,3.0,49.9,10.0,5.0,0.5,1.0,1.0,415.0,492.0,0.8,1.0,6.0,0.2,35.0,21.0,0.6,4.0,16.0,26.0,0.6,11.0,6.0,6.0,AC Milan,11.0,2.0,0.0,2.0,4.0,1.0,50.1,10.0,3.0,0.3,0.0,0.0,416.0,496.0,0.8,2.0,9.0,0.2,44.0,18.0,0.4,5.0,8.0,16.0,0.5,14.0,4.0,4.0,644801,2023-01-24 19:45:00,2023
Bologna,8.0,2.0,0.0,4.0,5.0,5.0,57.6,18.0,6.0,0.3,0.0,0.0,450.0,555.0,0.8,4.0,13.0,0.3,62.0,33.0,0.5,5.0,10.0,20.0,0.5,18.0,13.0,13.0,Spezia,16.0,2.0,0.0,2.0,5.0,4.0,42.4,6.0,4.0,0.7,0.0,0.0,293.0,402.0,0.7,4.0,14.0,0.3,54.0,23.0,0.4,2.0,11.0,18.0,0.6,7.0,21.0,21.0,644808,2023-01-27 17:30:00,2023
Lecce,0.0,0.0,0.0,0.0,0.0,0.0,0.0,0.0,0.0,0.0,0.0,0.0,0.0,0.0,0.0,0.0,0.0,0.0,0.0,0.0,0.0,0.0,0.0,0.0,0.0,0.0,0.0,0.0,Salernitana,0.0,0.0,0.0,0.0,0.0,0.0,0.0,0.0,0.0,0.0,0.0,0.0,0.0,0.0,0.0,0.0,0.0,0.0,0.0,0.0,0.0,0.0,0.0,0.0,0.0,0.0,0.0,0.0,644813,2023-01-27 19:45:00,2023
Empoli,12.0,2.0,0.0,1.0,5.0,2.0,46.4,11.0,4.0,0.4,0.0,0.0,302.0,382.0,0.8,5.0,15.0,0.3,63.0,27.0,0.4,4.0,4.0,15.0,0.3,9.0,19.0,19.0,Torino,9.0,0.0,0.0,1.0,5.0,2.0,53.6,16.0,4.0,0.3,0.0,0.0,349.0,447.0,0.8,4.0,14.0,0.3,63.0,28.0,0.4,4.0,5.0,17.0,0.3,9.0,17.0,17.0,644810,2023-01-28 14:00:00,2023
Cremonese,7.0,0.0,0.0,0.0,2.0,8.0,35.2,12.0,4.0,0.3,0.0,0.0,251.0,327.0,0.8,7.0,13.0,0.5,50.0,20.0,0.4,2.0,4.0,7.0,0.6,12.0,36.0,36.0,Internazionale,12.0,2.0,0.0,3.0,14.0,2.0,64.8,30.0,10.0,0.3,0.0,0.0,520.0,594.0,0.9,19.0,37.0,0.5,53.0,34.0,0.6,8.0,12.0,16.0,0.8,9.0,11.0,11.0,644809,2023-01-28 17:00:00,2023
Atalanta,17.0,0.0,0.0,1.0,7.0,5.0,62.3,21.0,5.0,0.2,0.0,0.0,558.0,638.0,0.9,9.0,17.0,0.5,39.0,24.0,0.6,6.0,11.0,15.0,0.7,9.0,20.0,20.0,Sampdoria,11.0,2.0,0.0,1.0,4.0,3.0,37.7,15.0,5.0,0.3,0.0,0.0,284.0,382.0,0.7,5.0,17.0,0.3,57.0,22.0,0.4,3.0,15.0,23.0,0.7,4.0,14.0,14.0,644807,2023-01-28 19:45:00,2023
AC Milan,13.0,7.0,0.0,5.0,2.0,2.0,60.7,9.0,5.0,0.6,0.0,0.0,320.0,415.0,0.8,7.0,23.0,0.3,64.0,29.0,0.5,0.0,11.0,21.0,0.5,6.0,7.0,7.0,Sassuolo,8.0,4.0,0.0,3.0,3.0,3.0,39.3,9.0,7.0,0.8,1.0,1.0,199.0,270.0,0.7,2.0,10.0,0.2,52.0,24.0,0.5,2.0,11.0,18.0,0.6,10.0,24.0,24.0,644814,2023-01-29 11:30:00,2023
Juventus,12.0,0.0,0.0,3.0,12.0,1.0,45.6,22.0,9.0,0.4,0.0,0.0,347.0,416.0,0.8,11.0,37.0,0.3,50.0,36.0,0.7,6.0,9.0,13.0,0.7,7.0,9.0,9.0,Monza,10.0,2.0,0.0,2.0,1.0,8.0,54.4,3.0,3.0,1.0,0.0,0.0,449.0,535.0,0.8,1.0,5.0,0.2,59.0,25.0,0.4,0.0,14.0,22.0,0.6,9.0,29.0,29.0,644816,2023-01-29 14:00:00,2023
Lazio,12.0,2.0,0.0,1.0,3.0,5.0,44.7,13.0,1.0,0.1,0.0,0.0,381.0,475.0,0.8,4.0,12.0,0.3,51.0,26.0,0.5,2.0,9.0,20.0,0.5,13.0,16.0,16.0,Fiorentina,17.0,3.0,0.0,2.0,4.0,0.0,55.3,17.0,6.0,0.4,0.0,0.0,496.0,593.0,0.8,3.0,13.0,0.2,60.0,23.0,0.4,5.0,8.0,11.0,0.7,11.0,13.0,13.0,644812,2023-01-29 17:00:00,2023
Napoli,8.0,1.0,0.0,0.0,3.0,2.0,56.7,11.0,6.0,0.5,0.0,0.0,509.0,600.0,0.8,5.0,11.0,0.5,45.0,24.0,0.5,1.0,12.0,18.0,0.7,2.0,20.0,20.0,AS Roma,14.0,2.0,0.0,0.0,8.0,4.0,43.3,11.0,3.0,0.3,0.0,0.0,347.0,445.0,0.8,7.0,20.0,0.4,63.0,26.0,0.4,4.0,10.0,19.0,0.5,15.0,11.0,11.0,644815,2023-01-29 19:45:00,2023
Udinese,0.0,0.0,0.0,0.0,0.0,0.0,0.0,0.0,0.0,0.0,0.0,0.0,0.0,0.0,0.0,0.0,0.0,0.0,0.0,0.0,0.0,0.0,0.0,0.0,0.0,0.0,0.0,0.0,Hellas Verona,0.0,0.0,0.0,0.0,0.0,0.0,0.0,0.0,0.0,0.0,0.0,0.0,0.0,0.0,0.0,0.0,0.0,0.0,0.0,0.0,0.0,0.0,0.0,0.0,0.0,0.0,0.0,0.0,644811,2023-01-30 19:45:00,2023
Cremonese,0.0,0.0,0.0,0.0,0.0,0.0,0.0,0.0,0.0,0.0,0.0,0.0,0.0,0.0,0.0,0.0,0.0,0.0,0.0,0.0,0.0,0.0,0.0,0.0,0.0,0.0,0.0,0.0,Lecce,0.0,0.0,0.0,0.0,0.0,0.0,0.0,0.0,0.0,0.0,0.0,0.0,0.0,0.0,0.0,0.0,0.0,0.0,0.0,0.0,0.0,0.0,0.0,0.0,0.0,0.0,0.0,0.0,644825,2023-02-04 14:00:00,2023
AS Roma,10.0,2.0,0.0,3.0,7.0,2.0,44.5,12.0,6.0,0.5,0.0,0.0,328.0,405.0,0.8,6.0,16.0,0.4,59.0,33.0,0.6,3.0,13.0,23.0,0.6,15.0,24.0,24.0,Empoli,18.0,1.0,0.0,0.0,7.0,4.0,55.5,11.0,2.0,0.2,0.0,0.0,430.0,507.0,0.8,2.0,21.0,0.1,42.0,19.0,0.5,2.0,5.0,6.0,0.8,4.0,16.0,16.0,644826,2023-02-04 17:00:00,2023
Sassuolo,12.0,5.0,0.0,0.0,2.0,2.0,53.5,18.0,8.0,0.4,0.0,0.0,455.0,527.0,0.9,1.0,14.0,0.1,56.0,36.0,0.6,6.0,12.0,17.0,0.7,3.0,27.0,27.0,Atalanta,13.0,1.0,2.0,2.0,7.0,7.0,46.5,7.0,2.0,0.3,0.0,0.0,363.0,442.0,0.8,5.0,23.0,0.2,53.0,22.0,0.4,1.0,7.0,13.0,0.5,7.0,13.0,13.0,644819,2023-02-04 19:45:00,2023
Spezia,19.0,3.0,0.0,1.0,3.0,2.0,30.9,9.0,3.0,0.3,0.0,0.0,200.0,280.0,0.7,0.0,9.0,0.0,37.0,3.0,0.1,1.0,13.0,21.0,0.6,12.0,24.0,24.0,Napoli,18.0,2.0,0.0,4.0,6.0,3.0,69.1,12.0,5.0,0.4,1.0,1.0,545.0,632.0,0.9,4.0,20.0,0.2,43.0,31.0,0.7,3.0,12.0,22.0,0.5,13.0,10.0,10.0,644818,2023-02-05 11:30:00,2023
Torino,13.0,1.0,0.0,3.0,6.0,3.0,56.0,11.0,4.0,0.4,0.0,0.0,392.0,466.0,0.8,8.0,14.0,0.6,41.0,15.0,0.4,4.0,6.0,10.0,0.6,6.0,24.0,24.0,Udinese,8.0,2.0,0.0,1.0,5.0,3.0,44.0,11.0,3.0,0.3,0.0,0.0,274.0,358.0,0.8,7.0,23.0,0.3,53.0,29.0,0.5,4.0,8.0,21.0,0.4,7.0,13.0,13.0,644817,2023-02-05 14:00:00,2023
Fiorentina,10.0,2.0,0.0,3.0,5.0,4.0,61.6,17.0,6.0,0.4,0.0,0.0,409.0,511.0,0.8,3.0,25.0,0.1,51.0,26.0,0.5,4.0,9.0,12.0,0.8,9.0,6.0,6.0,Bologna,25.0,4.0,0.0,1.0,3.0,5.0,38.4,11.0,7.0,0.6,1.0,1.0,231.0,329.0,0.7,2.0,5.0,0.4,54.0,26.0,0.5,2.0,7.0,19.0,0.4,18.0,35.0,35.0,644824,2023-02-05 17:00:00,2023
Internazionale,13.0,2.0,0.0,2.0,8.0,0.0,64.3,15.0,4.0,0.3,0.0,0.0,479.0,572.0,0.8,5.0,30.0,0.2,55.0,28.0,0.5,5.0,10.0,13.0,0.8,8.0,9.0,9.0,AC Milan,14.0,5.0,0.0,1.0,0.0,3.0,35.7,4.0,0.0,0.0,0.0,0.0,243.0,327.0,0.7,1.0,7.0,0.1,54.0,27.0,0.5,0.0,9.0,10.0,0.9,3.0,26.0,26.0,644823,2023-02-05 19:45:00,2023
Hellas Verona,16.0,4.0,0.0,0.0,6.0,1.0,35.9,15.0,4.0,0.3,0.0,0.0,210.0,316.0,0.7,7.0,17.0,0.4,78.0,32.0,0.4,2.0,9.0,16.0,0.6,7.0,20.0,20.0,Lazio,12.0,1.0,0.0,2.0,5.0,3.0,64.1,9.0,2.0,0.2,0.0,0.0,460.0,574.0,0.8,2.0,18.0,0.1,55.0,29.0,0.5,2.0,10.0,13.0,0.8,6.0,16.0,16.0,644821,2023-02-06 17:30:00,2023
Monza,12.0,2.0,0.0,0.0,9.0,4.0,71.6,17.0,5.0,0.3,1.0,1.0,547.0,635.0,0.9,6.0,34.0,0.2,54.0,36.0,0.7,7.0,10.0,12.0,0.8,4.0,9.0,9.0,Sampdoria,12.0,4.0,0.0,0.0,3.0,3.0,28.4,11.0,6.0,0.5,0.0,0.0,175.0,259.0,0.7,4.0,8.0,0.5,49.0,14.0,0.3,3.0,15.0,21.0,0.7,8.0,35.0,35.0,644822,2023-02-06 19:45:00,2023
Salernitana,9.0,1.0,0.0,0.0,6.0,2.0,53.2,10.0,1.0,0.1,0.0,0.0,470.0,551.0,0.9,7.0,26.0,0.3,54.0,26.0,0.5,3.0,12.0,22.0,0.5,10.0,10.0,10.0,Juventus,12.0,1.0,0.0,3.0,4.0,1.0,46.8,17.0,5.0,0.3,1.0,1.0,427.0,497.0,0.9,4.0,13.0,0.3,55.0,32.0,0.6,4.0,8.0,10.0,0.8,8.0,26.0,26.0,644820,2023-02-07 19:45:00,2023
AC Milan,10.0,1.0,0.0,1.0,3.0,2.0,46.3,9.0,4.0,0.4,0.0,0.0,315.0,408.0,0.8,2.0,11.0,0.2,66.0,35.0,0.5,1.0,19.0,28.0,0.7,10.0,18.0,18.0,Torino,20.0,4.0,0.0,0.0,8.0,3.0,53.7,12.0,2.0,0.2,0.0,0.0,385.0,468.0,0.8,5.0,20.0,0.3,56.0,32.0,0.6,5.0,12.0,19.0,0.6,7.0,11.0,11.0,644830,2023-02-10 19:45:00,2023
Empoli,10.0,1.0,1.0,3.0,7.0,1.0,64.5,25.0,8.0,0.3,0.0,0.0,491.0,562.0,0.9,7.0,25.0,0.3,42.0,21.0,0.5,5.0,12.0,16.0,0.8,6.0,8.0,8.0,Spezia,13.0,3.0,1.0,1.0,3.0,6.0,35.5,9.0,3.0,0.3,1.0,1.0,237.0,311.0,0.8,1.0,9.0,0.1,59.0,29.0,0.5,1.0,7.0,10.0,0.7,9.0,33.0,33.0,644834,2023-02-11 14:00:00,2023
Lecce,0.0,0.0,0.0,0.0,0.0,0.0,0.0,0.0,0.0,0.0,0.0,0.0,0.0,0.0,0.0,0.0,0.0,0.0,0.0,0.0,0.0,0.0,0.0,0.0,0.0,0.0,0.0,0.0,AS Roma,0.0,0.0,0.0,0.0,0.0,0.0,0.0,0.0,0.0,0.0,0.0,0.0,0.0,0.0,0.0,0.0,0.0,0.0,0.0,0.0,0.0,0.0,0.0,0.0,0.0,0.0,0.0,0.0,644831,2023-02-11 17:00:00,2023
Lazio,12.0,1.0,0.0,0.0,5.0,8.0,60.1,13.0,5.0,0.4,0.0,0.0,549.0,663.0,0.8,0.0,13.0,0.0,59.0,39.0,0.7,6.0,12.0,18.0,0.7,10.0,11.0,11.0,Atalanta,14.0,2.0,0.0,0.0,7.0,5.0,39.9,23.0,10.0,0.4,0.0,0.0,332.0,435.0,0.8,4.0,12.0,0.3,53.0,23.0,0.4,7.0,6.0,11.0,0.5,12.0,31.0,31.0,644832,2023-02-11 19:45:00,2023
Udinese,12.0,2.0,0.0,3.0,10.0,0.0,47.3,17.0,8.0,0.5,0.0,0.0,344.0,394.0,0.9,9.0,26.0,0.3,50.0,36.0,0.7,5.0,17.0,23.0,0.7,6.0,15.0,15.0,Sassuolo,8.0,2.0,0.0,0.0,7.0,5.0,52.7,6.0,1.0,0.2,0.0,0.0,393.0,443.0,0.9,4.0,21.0,0.2,57.0,35.0,0.6,0.0,6.0,12.0,0.5,9.0,23.0,23.0,644827,2023-02-12 11:30:00,2023
Bologna,0.0,0.0,0.0,0.0,0.0,0.0,0.0,0.0,0.0,0.0,0.0,0.0,0.0,0.0,0.0,0.0,0.0,0.0,0.0,0.0,0.0,0.0,0.0,0.0,0.0,0.0,0.0,0.0,Monza,0.0,0.0,0.0,0.0,0.0,0.0,0.0,0.0,0.0,0.0,0.0,0.0,0.0,0.0,0.0,0.0,0.0,0.0,0.0,0.0,0.0,0.0,0.0,0.0,0.0,0.0,0.0,0.0,644835,2023-02-12 14:00:00,2023
Juventus,11.0,5.0,0.0,5.0,5.0,2.0,44.4,7.0,3.0,0.4,0.0,0.0,289.0,377.0,0.8,2.0,13.0,0.2,60.0,24.0,0.4,2.0,6.0,10.0,0.6,6.0,18.0,18.0,Fiorentina,17.0,2.0,0.0,2.0,6.0,2.0,55.6,11.0,2.0,0.2,0.0,0.0,385.0,464.0,0.8,5.0,29.0,0.2,59.0,31.0,0.5,3.0,8.0,14.0,0.6,9.0,11.0,11.0,644833,2023-02-12 17:00:00,2023
Napoli,7.0,0.0,0.0,3.0,9.0,1.0,66.3,15.0,10.0,0.7,0.0,0.0,615.0,697.0,0.9,7.0,20.0,0.4,56.0,31.0,0.6,1.0,9.0,11.0,0.8,7.0,14.0,14.0,Cremonese,7.0,2.0,0.0,0.0,7.0,6.0,33.7,6.0,1.0,0.2,0.0,0.0,260.0,344.0,0.8,3.0,18.0,0.2,59.0,24.0,0.4,3.0,7.0,12.0,0.6,11.0,16.0,16.0,644829,2023-02-12 19:45:00,2023
Hellas Verona,14.0,2.0,0.0,5.0,5.0,3.0,36.6,14.0,4.0,0.3,0.0,0.0,183.0,289.0,0.6,2.0,12.0,0.2,47.0,12.0,0.3,5.0,9.0,14.0,0.6,9.0,21.0,21.0,Salernitana,21.0,3.0,0.0,1.0,1.0,3.0,63.4,8.0,3.0,0.4,0.0,0.0,389.0,509.0,0.8,1.0,13.0,0.1,75.0,36.0,0.5,1.0,9.0,18.0,0.5,6.0,16.0,16.0,644836,2023-02-13 17:30:00,2023
Sampdoria,13.0,3.0,0.0,0.0,3.0,5.0,34.7,7.0,2.0,0.3,0.0,0.0,268.0,362.0,0.7,5.0,14.0,0.4,58.0,24.0,0.4,2.0,3.0,9.0,0.3,6.0,29.0,29.0,Internazionale,11.0,1.0,0.0,3.0,7.0,2.0,65.3,25.0,5.0,0.2,0.0,0.0,600.0,669.0,0.9,12.0,38.0,0.3,61.0,42.0,0.7,7.0,7.0,11.0,0.6,12.0,14.0,14.0,644828,2023-02-13 19:45:00,2023
Sassuolo,12.0,2.0,0.0,2.0,1.0,2.0,39.8,11.0,2.0,0.2,0.0,0.0,344.0,419.0,0.8,4.0,13.0,0.3,33.0,14.0,0.4,3.0,5.0,17.0,0.3,11.0,16.0,16.0,Napoli,10.0,2.0,0.0,2.0,3.0,2.0,60.2,15.0,4.0,0.3,0.0,0.0,561.0,640.0,0.9,4.0,15.0,0.3,58.0,32.0,0.6,3.0,13.0,22.0,0.6,7.0,11.0,11.0,644841,2023-02-17 19:45:00,2023
Sampdoria,13.0,3.0,0.0,0.0,1.0,3.0,40.3,9.0,4.0,0.4,1.0,2.0,280.0,371.0,0.8,0.0,6.0,0.0,58.0,28.0,0.5,2.0,11.0,14.0,0.8,10.0,17.0,17.0,Bologna,13.0,1.0,0.0,2.0,8.0,3.0,59.7,12.0,5.0,0.4,0.0,0.0,450.0,540.0,0.8,4.0,21.0,0.2,67.0,36.0,0.5,4.0,11.0,19.0,0.6,5.0,12.0,12.0,644842,2023-02-18 14:00:00,2023
Monza,10.0,4.0,0.0,1.0,10.0,6.0,58.8,11.0,5.0,0.5,0.0,0.0,448.0,535.0,0.8,3.0,31.0,0.1,61.0,30.0,0.5,3.0,13.0,22.0,0.6,14.0,17.0,17.0,AC Milan,18.0,2.0,0.0,2.0,3.0,5.0,41.2,14.0,8.0,0.6,0.0,0.0,296.0,387.0,0.8,3.0,10.0,0.3,44.0,19.0,0.4,1.0,17.0,22.0,0.8,7.0,21.0,21.0,644845,2023-02-18 17:00:00,2023
Internazionale,14.0,2.0,0.0,2.0,3.0,0.0,59.2,19.0,7.0,0.4,1.0,1.0,444.0,521.0,0.9,5.0,27.0,0.2,61.0,38.0,0.6,8.0,13.0,27.0,0.5,9.0,16.0,16.0,Udinese,14.0,2.0,0.0,0.0,8.0,4.0,40.8,9.0,1.0,0.1,0.0,0.0,291.0,359.0,0.8,2.0,14.0,0.1,47.0,23.0,0.5,4.0,4.0,13.0,0.3,9.0,21.0,21.0,644846,2023-02-18 19:45:00,2023
Atalanta,10.0,3.0,0.0,2.0,6.0,0.0,69.6,20.0,10.0,0.5,0.0,0.0,521.0,644.0,0.8,6.0,19.0,0.3,68.0,28.0,0.4,4.0,8.0,13.0,0.6,9.0,5.0,5.0,Lecce,12.0,3.0,0.0,2.0,1.0,9.0,30.4,4.0,2.0,0.5,0.0,0.0,184.0,281.0,0.7,2.0,8.0,0.3,80.0,30.0,0.4,0.0,22.0,36.0,0.6,20.0,30.0,30.0,644837,2023-02-19 11:30:00,2023
Fiorentina,8.0,1.0,0.0,3.0,13.0,2.0,61.4,27.0,4.0,0.1,0.0,0.0,349.0,417.0,0.8,17.0,46.0,0.4,68.0,43.0,0.6,8.0,9.0,12.0,0.8,3.0,6.0,6.0,Empoli,15.0,5.0,0.0,3.0,1.0,2.0,38.6,5.0,3.0,0.6,0.0,0.0,209.0,287.0,0.7,3.0,8.0,0.4,57.0,23.0,0.4,0.0,11.0,18.0,0.6,8.0,39.0,39.0,644838,2023-02-19 14:00:00,2023
Salernitana,10.0,4.0,1.0,1.0,2.0,5.0,35.1,9.0,2.0,0.2,0.0,0.0,319.0,398.0,0.8,3.0,11.0,0.3,57.0,28.0,0.5,2.0,11.0,17.0,0.6,8.0,19.0,19.0,Lazio,7.0,1.0,0.0,2.0,9.0,2.0,64.9,21.0,7.0,0.3,1.0,2.0,665.0,752.0,0.9,2.0,16.0,0.1,58.0,42.0,0.7,7.0,7.0,7.0,1.0,3.0,6.0,6.0,644843,2023-02-19 14:00:00,2023
Spezia,8.0,2.0,0.0,2.0,7.0,1.0,58.7,18.0,7.0,0.4,0.0,0.0,454.0,526.0,0.9,7.0,25.0,0.3,47.0,30.0,0.6,8.0,6.0,17.0,0.4,20.0,9.0,9.0,Juventus,9.0,2.0,0.0,4.0,4.0,7.0,41.3,15.0,3.0,0.2,0.0,0.0,281.0,371.0,0.8,4.0,13.0,0.3,71.0,31.0,0.4,3.0,9.0,19.0,0.5,10.0,24.0,24.0,644840,2023-02-19 17:00:00,2023
AS Roma,15.0,1.0,0.0,0.0,5.0,1.0,46.4,9.0,5.0,0.6,0.0,0.0,286.0,404.0,0.7,6.0,10.0,0.6,59.0,21.0,0.4,4.0,13.0,24.0,0.5,7.0,12.0,12.0,Hellas Verona,19.0,2.0,0.0,0.0,1.0,4.0,53.6,8.0,1.0,0.1,0.0,0.0,357.0,465.0,0.8,1.0,9.0,0.1,73.0,27.0,0.4,4.0,17.0,24.0,0.7,8.0,13.0,13.0,644844,2023-02-19 19:45:00,2023
Torino,9.0,3.0,0.0,0.0,5.0,0.0,63.3,15.0,6.0,0.4,1.0,1.0,446.0,545.0,0.8,3.0,19.0,0.2,60.0,21.0,0.4,3.0,7.0,12.0,0.6,3.0,21.0,21.0,Cremonese,12.0,1.0,0.0,0.0,1.0,4.0,36.7,11.0,2.0,0.2,0.0,0.0,200.0,305.0,0.7,5.0,19.0,0.3,56.0,18.0,0.3,2.0,7.0,14.0,0.5,6.0,22.0,22.0,644839,2023-02-20 19:45:00,2023
Empoli,10.0,2.0,0.0,0.0,4.0,5.0,45.9,9.0,2.0,0.2,0.0,0.0,339.0,408.0,0.8,1.0,12.0,0.1,34.0,14.0,0.4,3.0,13.0,18.0,0.7,3.0,24.0,24.0,Napoli,9.0,1.0,1.0,4.0,13.0,2.0,54.1,19.0,6.0,0.3,0.0,0.0,418.0,474.0,0.9,4.0,25.0,0.2,54.0,38.0,0.7,5.0,8.0,15.0,0.5,7.0,12.0,12.0,644854,2023-02-25 17:00:00,2023
Lecce,0.0,0.0,0.0,0.0,0.0,0.0,0.0,0.0,0.0,0.0,0.0,0.0,0.0,0.0,0.0,0.0,0.0,0.0,0.0,0.0,0.0,0.0,0.0,0.0,0.0,0.0,0.0,0.0,Sassuolo,0.0,0.0,0.0,0.0,0.0,0.0,0.0,0.0,0.0,0.0,0.0,0.0,0.0,0.0,0.0,0.0,0.0,0.0,0.0,0.0,0.0,0.0,0.0,0.0,0.0,0.0,0.0,0.0,644856,2023-02-25 19:45:00,2023
Bologna,7.0,1.0,0.0,4.0,1.0,4.0,47.9,13.0,5.0,0.4,0.0,0.0,398.0,492.0,0.8,4.0,11.0,0.4,67.0,30.0,0.4,3.0,11.0,16.0,0.7,9.0,16.0,16.0,Internazionale,14.0,2.0,0.0,2.0,6.0,4.0,52.1,13.0,4.0,0.3,0.0,0.0,436.0,527.0,0.8,6.0,20.0,0.3,58.0,26.0,0.4,3.0,14.0,18.0,0.8,14.0,7.0,7.0,644847,2023-02-26 11:30:00,2023
Salernitana,12.0,2.0,0.0,1.0,1.0,4.0,38.3,12.0,5.0,0.4,0.0,0.0,287.0,353.0,0.8,3.0,9.0,0.3,51.0,25.0,0.5,3.0,5.0,9.0,0.6,9.0,20.0,20.0,Monza,16.0,2.0,1.0,2.0,3.0,2.0,61.7,15.0,4.0,0.3,0.0,0.0,500.0,570.0,0.9,3.0,15.0,0.2,40.0,23.0,0.6,10.0,5.0,9.0,0.6,6.0,13.0,13.0,644849,2023-02-26 14:00:00,2023
Udinese,11.0,2.0,0.0,0.0,5.0,0.0,48.9,15.0,6.0,0.4,0.0,0.0,336.0,406.0,0.8,5.0,21.0,0.2,66.0,37.0,0.6,4.0,8.0,19.0,0.4,9.0,9.0,9.0,Spezia,16.0,2.0,0.0,1.0,2.0,4.0,51.1,9.0,2.0,0.2,0.0,0.0,354.0,432.0,0.8,1.0,12.0,0.1,41.0,19.0,0.5,4.0,15.0,18.0,0.8,8.0,26.0,26.0,644848,2023-02-26 17:00:00,2023
AC Milan,11.0,3.0,0.0,1.0,4.0,0.0,47.9,13.0,3.0,0.2,0.0,0.0,398.0,486.0,0.8,3.0,13.0,0.2,58.0,31.0,0.5,3.0,19.0,23.0,0.8,7.0,17.0,17.0,Atalanta,11.0,1.0,0.0,1.0,3.0,2.0,52.1,3.0,0.0,0.0,0.0,0.0,428.0,534.0,0.8,3.0,11.0,0.3,44.0,18.0,0.4,2.0,8.0,15.0,0.5,8.0,16.0,16.0,644850,2023-02-26 19:45:00,2023
Hellas Verona,15.0,3.0,0.0,4.0,4.0,4.0,46.5,12.0,3.0,0.3,0.0,0.0,257.0,378.0,0.7,5.0,13.0,0.4,72.0,27.0,0.4,3.0,8.0,13.0,0.6,7.0,23.0,23.0,Fiorentina,11.0,3.0,0.0,0.0,3.0,3.0,53.5,16.0,7.0,0.4,0.0,0.0,315.0,441.0,0.7,4.0,17.0,0.2,79.0,37.0,0.5,5.0,12.0,14.0,0.9,6.0,12.0,12.0,644851,2023-02-27 17:30:00,2023
Lazio,10.0,2.0,0.0,3.0,8.0,2.0,57.1,15.0,4.0,0.3,0.0,0.0,507.0,600.0,0.8,6.0,18.0,0.3,52.0,30.0,0.6,3.0,9.0,13.0,0.7,9.0,12.0,12.0,Sampdoria,13.0,2.0,0.0,1.0,3.0,3.0,42.9,8.0,2.0,0.3,0.0,0.0,359.0,450.0,0.8,1.0,14.0,0.1,55.0,32.0,0.6,3.0,14.0,19.0,0.7,6.0,13.0,13.0,644852,2023-02-27 19:45:00,2023
Cremonese,17.0,3.0,0.0,0.0,3.0,2.0,33.7,6.0,2.0,0.3,1.0,1.0,200.0,297.0,0.7,0.0,12.0,0.0,67.0,24.0,0.4,2.0,10.0,18.0,0.6,14.0,29.0,29.0,AS Roma,11.0,2.0,0.0,5.0,3.0,0.0,66.3,10.0,3.0,0.3,0.0,0.0,479.0,591.0,0.8,5.0,17.0,0.3,79.0,38.0,0.5,3.0,10.0,15.0,0.7,6.0,14.0,14.0,644855,2023-02-28 17:30:00,2023
Juventus,5.0,0.0,0.0,0.0,4.0,1.0,42.0,13.0,6.0,0.5,0.0,0.0,323.0,402.0,0.8,8.0,17.0,0.5,45.0,18.0,0.4,1.0,12.0,18.0,0.7,1.0,13.0,13.0,Torino,13.0,2.0,0.0,1.0,7.0,2.0,58.0,8.0,3.0,0.4,0.0,0.0,491.0,565.0,0.9,6.0,15.0,0.4,51.0,25.0,0.5,0.0,8.0,15.0,0.5,5.0,8.0,8.0,644853,2023-02-28 19:45:00,2023
Napoli,13.0,2.0,0.0,3.0,8.0,0.0,64.8,14.0,2.0,0.1,0.0,0.0,656.0,735.0,0.9,1.0,20.0,0.1,42.0,23.0,0.5,8.0,2.0,7.0,0.3,11.0,5.0,5.0,Lazio,8.0,2.0,0.0,0.0,3.0,2.0,35.2,5.0,2.0,0.4,0.0,0.0,315.0,402.0,0.8,1.0,8.0,0.1,51.0,14.0,0.3,2.0,8.0,13.0,0.6,8.0,22.0,22.0,644866,2023-03-03 19:45:00,2023
Monza,10.0,2.0,0.0,6.0,1.0,2.0,43.0,10.0,3.0,0.3,0.0,0.0,313.0,385.0,0.8,1.0,8.0,0.1,62.0,33.0,0.5,3.0,10.0,20.0,0.5,14.0,25.0,25.0,Empoli,12.0,3.0,0.0,2.0,8.0,1.0,57.0,18.0,3.0,0.2,0.0,0.0,431.0,498.0,0.9,5.0,26.0,0.2,45.0,33.0,0.7,11.0,5.0,10.0,0.5,8.0,7.0,7.0,644857,2023-03-04 14:00:00,2023
Atalanta,12.0,2.0,0.0,3.0,12.0,1.0,67.4,17.0,5.0,0.3,0.0,0.0,527.0,627.0,0.8,6.0,27.0,0.2,47.0,23.0,0.5,4.0,12.0,19.0,0.6,12.0,10.0,10.0,Udinese,12.0,3.0,0.0,2.0,3.0,5.0,32.6,5.0,1.0,0.2,0.0,0.0,215.0,306.0,0.7,1.0,11.0,0.1,45.0,16.0,0.4,1.0,19.0,28.0,0.7,15.0,25.0,25.0,644860,2023-03-04 17:00:00,2023
Fiorentina,12.0,3.0,0.0,0.0,11.0,5.0,47.7,16.0,8.0,0.5,1.0,1.0,281.0,353.0,0.8,8.0,25.0,0.3,57.0,30.0,0.5,2.0,7.0,14.0,0.5,8.0,15.0,15.0,AC Milan,17.0,3.0,0.0,1.0,5.0,5.0,52.3,8.0,6.0,0.8,0.0,0.0,325.0,398.0,0.8,2.0,14.0,0.1,55.0,30.0,0.5,0.0,14.0,19.0,0.7,4.0,23.0,23.0,644859,2023-03-04 19:45:00,2023
Spezia,6.0,2.0,1.0,0.0,9.0,3.0,69.4,20.0,4.0,0.2,0.0,0.0,408.0,491.0,0.8,8.0,23.0,0.3,57.0,30.0,0.5,5.0,8.0,11.0,0.7,3.0,22.0,22.0,Hellas Verona,7.0,1.0,0.0,0.0,5.0,4.0,30.6,11.0,3.0,0.3,0.0,0.0,128.0,211.0,0.6,3.0,17.0,0.2,54.0,17.0,0.3,1.0,17.0,21.0,0.8,6.0,33.0,33.0,644865,2023-03-05 11:30:00,2023
Sampdoria,18.0,3.0,0.0,1.0,2.0,4.0,56.3,9.0,3.0,0.3,0.0,0.0,356.0,456.0,0.8,4.0,15.0,0.3,58.0,23.0,0.4,1.0,7.0,14.0,0.5,8.0,17.0,17.0,Salernitana,13.0,4.0,0.0,1.0,6.0,3.0,43.7,10.0,4.0,0.4,0.0,0.0,256.0,348.0,0.7,3.0,18.0,0.2,41.0,19.0,0.5,2.0,10.0,18.0,0.6,12.0,24.0,24.0,644863,2023-03-05 14:00:00,2023
Internazionale,0.0,0.0,0.0,0.0,0.0,0.0,0.0,0.0,0.0,0.0,0.0,0.0,0.0,0.0,0.0,0.0,0.0,0.0,0.0,0.0,0.0,0.0,0.0,0.0,0.0,0.0,0.0,0.0,Lecce,0.0,0.0,0.0,0.0,0.0,0.0,0.0,0.0,0.0,0.0,0.0,0.0,0.0,0.0,0.0,0.0,0.0,0.0,0.0,0.0,0.0,0.0,0.0,0.0,0.0,0.0,0.0,0.0,644858,2023-03-05 17:00:00,2023
AS Roma,11.0,3.0,0.0,2.0,2.0,5.0,40.5,6.0,2.0,0.3,0.0,0.0,321.0,390.0,0.8,3.0,11.0,0.3,53.0,25.0,0.5,3.0,5.0,13.0,0.4,11.0,23.0,23.0,Juventus,10.0,2.0,1.0,0.0,6.0,1.0,59.5,14.0,5.0,0.4,0.0,0.0,502.0,564.0,0.9,4.0,26.0,0.2,33.0,17.0,0.5,6.0,7.0,10.0,0.7,7.0,12.0,12.0,644862,2023-03-05 19:45:00,2023
Sassuolo,11.0,1.0,0.0,0.0,4.0,3.0,53.9,13.0,7.0,0.5,0.0,0.0,344.0,448.0,0.8,5.0,21.0,0.2,50.0,21.0,0.4,1.0,10.0,13.0,0.8,9.0,28.0,28.0,Cremonese,9.0,4.0,0.0,0.0,3.0,4.0,46.1,13.0,6.0,0.5,0.0,0.0,267.0,373.0,0.7,11.0,24.0,0.5,71.0,36.0,0.5,1.0,13.0,20.0,0.7,9.0,16.0,16.0,644864,2023-03-06 17:30:00,2023
Torino,9.0,2.0,0.0,5.0,3.0,1.0,43.3,12.0,5.0,0.4,0.0,0.0,331.0,409.0,0.8,4.0,12.0,0.3,59.0,23.0,0.4,3.0,4.0,9.0,0.4,7.0,16.0,16.0,Bologna,10.0,2.0,0.0,1.0,3.0,3.0,56.7,11.0,1.0,0.1,0.0,0.0,457.0,530.0,0.9,4.0,18.0,0.2,52.0,26.0,0.5,6.0,4.0,11.0,0.4,7.0,20.0,20.0,644861,2023-03-06 19:45:00,2023
Spezia,11.0,3.0,0.0,0.0,1.0,6.0,31.2,4.0,2.0,0.5,1.0,1.0,190.0,265.0,0.7,1.0,7.0,0.1,64.0,21.0,0.3,2.0,8.0,15.0,0.5,9.0,38.0,38.0,Internazionale,9.0,0.0,0.0,4.0,13.0,0.0,68.8,28.0,8.0,0.3,1.0,2.0,476.0,557.0,0.9,16.0,52.0,0.3,45.0,25.0,0.6,7.0,8.0,19.0,0.4,6.0,8.0,8.0,644873,2023-03-10 19:45:00,2023
Empoli,12.0,2.0,0.0,0.0,11.0,2.0,61.7,17.0,3.0,0.2,0.0,0.0,383.0,448.0,0.9,9.0,37.0,0.2,48.0,34.0,0.7,6.0,8.0,15.0,0.5,8.0,11.0,11.0,Udinese,13.0,4.0,0.0,2.0,5.0,3.0,38.3,14.0,4.0,0.3,0.0,0.0,225.0,285.0,0.8,9.0,15.0,0.6,53.0,28.0,0.5,4.0,11.0,22.0,0.5,12.0,29.0,29.0,644868,2023-03-11 14:00:00,2023
Napoli,12.0,1.0,0.0,1.0,10.0,3.0,60.0,18.0,6.0,0.3,0.0,0.0,515.0,576.0,0.9,6.0,22.0,0.3,39.0,25.0,0.6,5.0,15.0,24.0,0.6,10.0,16.0,16.0,Atalanta,11.0,2.0,0.0,0.0,4.0,4.0,40.0,6.0,3.0,0.5,0.0,0.0,306.0,381.0,0.8,4.0,16.0,0.3,38.0,13.0,0.3,0.0,11.0,18.0,0.6,12.0,20.0,20.0,644875,2023-03-11 17:00:00,2023
Bologna,11.0,2.0,0.0,3.0,5.0,2.0,54.4,16.0,2.0,0.1,0.0,0.0,553.0,630.0,0.9,5.0,18.0,0.3,55.0,35.0,0.6,6.0,3.0,11.0,0.3,7.0,11.0,11.0,Lazio,8.0,3.0,0.0,3.0,2.0,2.0,45.6,5.0,2.0,0.4,0.0,0.0,465.0,534.0,0.9,2.0,11.0,0.2,43.0,22.0,0.5,1.0,8.0,15.0,0.5,7.0,15.0,15.0,644870,2023-03-11 19:45:00,2023
Lecce,0.0,0.0,0.0,0.0,0.0,0.0,0.0,0.0,0.0,0.0,0.0,0.0,0.0,0.0,0.0,0.0,0.0,0.0,0.0,0.0,0.0,0.0,0.0,0.0,0.0,0.0,0.0,0.0,Torino,0.0,0.0,0.0,0.0,0.0,0.0,0.0,0.0,0.0,0.0,0.0,0.0,0.0,0.0,0.0,0.0,0.0,0.0,0.0,0.0,0.0,0.0,0.0,0.0,0.0,0.0,0.0,0.0,644871,2023-03-12 11:30:00,2023
Hellas Verona,17.0,2.0,0.0,1.0,7.0,2.0,39.2,8.0,3.0,0.4,0.0,0.0,290.0,372.0,0.8,2.0,24.0,0.1,55.0,20.0,0.4,2.0,6.0,9.0,0.7,7.0,8.0,8.0,Monza,12.0,0.0,0.0,2.0,3.0,2.0,60.8,9.0,3.0,0.3,0.0,0.0,519.0,598.0,0.9,2.0,9.0,0.2,55.0,30.0,0.5,2.0,7.0,11.0,0.6,5.0,25.0,25.0,644872,2023-03-12 14:00:00,2023
Cremonese,10.0,1.0,0.0,3.0,1.0,1.0,46.8,16.0,5.0,0.3,0.0,0.0,255.0,374.0,0.7,8.0,15.0,0.5,81.0,34.0,0.4,6.0,14.0,21.0,0.7,6.0,17.0,17.0,Fiorentina,17.0,2.0,0.0,3.0,6.0,5.0,53.2,10.0,3.0,0.3,0.0,0.0,315.0,428.0,0.7,4.0,13.0,0.3,80.0,35.0,0.4,3.0,10.0,22.0,0.5,2.0,27.0,27.0,644869,2023-03-12 14:00:00,2023
AS Roma,11.0,4.0,1.0,3.0,7.0,6.0,53.1,17.0,7.0,0.4,0.0,0.0,380.0,462.0,0.8,7.0,18.0,0.4,66.0,37.0,0.6,5.0,7.0,10.0,0.7,9.0,7.0,7.0,Sassuolo,18.0,2.0,0.0,1.0,2.0,4.0,46.9,19.0,10.0,0.5,1.0,1.0,323.0,415.0,0.8,0.0,7.0,0.0,52.0,24.0,0.5,3.0,11.0,16.0,0.7,12.0,13.0,13.0,644874,2023-03-12 17:00:00,2023
Juventus,10.0,1.0,0.0,2.0,11.0,1.0,55.7,24.0,8.0,0.3,0.0,1.0,448.0,509.0,0.9,8.0,28.0,0.3,47.0,28.0,0.6,8.0,5.0,10.0,0.5,4.0,17.0,17.0,Sampdoria,10.0,1.0,0.0,1.0,3.0,4.0,44.3,9.0,3.0,0.3,0.0,0.0,338.0,404.0,0.8,4.0,22.0,0.2,48.0,31.0,0.6,3.0,11.0,18.0,0.6,9.0,24.0,24.0,644867,2023-03-12 19:45:00,2023
AC Milan,15.0,2.0,0.0,0.0,6.0,2.0,63.9,24.0,4.0,0.2,0.0,0.0,487.0,566.0,0.9,10.0,31.0,0.3,35.0,22.0,0.6,8.0,12.0,22.0,0.5,7.0,11.0,11.0,Salernitana,13.0,3.0,0.0,1.0,4.0,2.0,36.1,6.0,3.0,0.5,0.0,0.0,237.0,330.0,0.7,2.0,10.0,0.2,45.0,14.0,0.3,3.0,10.0,14.0,0.7,12.0,29.0,29.0,644876,2023-03-13 19:45:00,2023
Sassuolo,10.0,0.0,0.0,1.0,3.0,1.0,45.0,15.0,6.0,0.4,1.0,1.0,332.0,408.0,0.8,3.0,14.0,0.2,39.0,19.0,0.5,2.0,11.0,15.0,0.7,11.0,11.0,11.0,Spezia,13.0,2.0,0.0,2.0,3.0,5.0,55.0,11.0,1.0,0.1,0.0,0.0,408.0,494.0,0.8,4.0,16.0,0.3,62.0,32.0,0.5,5.0,18.0,22.0,0.8,6.0,14.0,14.0,644882,2023-03-17 17:30:00,2023
Atalanta,11.0,3.0,0.0,2.0,14.0,1.0,69.6,27.0,6.0,0.2,0.0,0.0,556.0,642.0,0.9,16.0,56.0,0.3,63.0,44.0,0.7,6.0,10.0,13.0,0.8,8.0,13.0,13.0,Empoli,10.0,2.0,0.0,1.0,2.0,3.0,30.4,5.0,2.0,0.4,0.0,0.0,200.0,296.0,0.7,3.0,9.0,0.3,50.0,17.0,0.3,1.0,15.0,20.0,0.8,10.0,46.0,46.0,644877,2023-03-17 19:45:00,2023
Monza,12.0,3.0,0.0,3.0,8.0,1.0,65.3,15.0,7.0,0.5,0.0,0.0,559.0,644.0,0.9,7.0,24.0,0.3,60.0,33.0,0.6,3.0,2.0,3.0,0.7,3.0,14.0,14.0,Cremonese,12.0,5.0,0.0,2.0,4.0,6.0,34.7,8.0,2.0,0.3,0.0,0.0,256.0,336.0,0.8,3.0,16.0,0.2,48.0,16.0,0.3,2.0,7.0,9.0,0.8,10.0,17.0,17.0,644885,2023-03-18 14:00:00,2023
Salernitana,8.0,0.0,0.0,0.0,5.0,0.0,42.3,14.0,4.0,0.3,0.0,0.0,327.0,404.0,0.8,5.0,17.0,0.3,47.0,20.0,0.4,5.0,7.0,13.0,0.5,9.0,15.0,15.0,Bologna,16.0,1.0,0.0,0.0,4.0,2.0,57.7,10.0,2.0,0.2,0.0,0.0,484.0,557.0,0.9,3.0,15.0,0.2,50.0,30.0,0.6,5.0,7.0,14.0,0.5,4.0,10.0,10.0,644884,2023-03-18 17:00:00,2023
Udinese,16.0,4.0,0.0,1.0,5.0,5.0,36.1,14.0,5.0,0.4,0.0,0.0,210.0,289.0,0.7,5.0,12.0,0.4,47.0,19.0,0.4,3.0,9.0,18.0,0.5,7.0,31.0,31.0,AC Milan,9.0,2.0,0.0,3.0,6.0,2.0,63.9,10.0,6.0,0.6,1.0,1.0,425.0,503.0,0.8,2.0,26.0,0.1,56.0,36.0,0.6,1.0,10.0,15.0,0.7,5.0,7.0,7.0,644881,2023-03-18 19:45:00,2023
Sampdoria,10.0,3.0,0.0,1.0,5.0,4.0,44.1,11.0,4.0,0.4,0.0,0.0,239.0,340.0,0.7,4.0,15.0,0.3,72.0,24.0,0.3,5.0,13.0,18.0,0.7,10.0,25.0,25.0,Hellas Verona,11.0,2.0,0.0,2.0,8.0,1.0,55.9,16.0,6.0,0.4,0.0,0.0,331.0,429.0,0.8,8.0,19.0,0.4,59.0,23.0,0.4,4.0,12.0,19.0,0.6,5.0,22.0,22.0,644883,2023-03-19 11:30:00,2023
Fiorentina,0.0,0.0,0.0,0.0,0.0,0.0,0.0,0.0,0.0,0.0,0.0,0.0,0.0,0.0,0.0,0.0,0.0,0.0,0.0,0.0,0.0,0.0,0.0,0.0,0.0,0.0,0.0,0.0,Lecce,0.0,0.0,0.0,0.0,0.0,0.0,0.0,0.0,0.0,0.0,0.0,0.0,0.0,0.0,0.0,0.0,0.0,0.0,0.0,0.0,0.0,0.0,0.0,0.0,0.0,0.0,0.0,0.0,644878,2023-03-19 14:00:00,2023
Torino,14.0,1.0,0.0,4.0,5.0,2.0,47.6,12.0,2.0,0.2,0.0,0.0,341.0,413.0,0.8,5.0,16.0,0.3,38.0,19.0,0.5,1.0,9.0,15.0,0.6,7.0,13.0,13.0,Napoli,14.0,1.0,0.0,1.0,4.0,2.0,52.4,12.0,6.0,0.5,1.0,1.0,389.0,460.0,0.8,4.0,13.0,0.3,48.0,24.0,0.5,1.0,7.0,17.0,0.4,11.0,14.0,14.0,644886,2023-03-19 14:00:00,2023
Lazio,18.0,4.0,1.0,1.0,5.0,3.0,69.4,12.0,5.0,0.4,0.0,0.0,637.0,694.0,0.9,2.0,14.0,0.1,54.0,37.0,0.7,4.0,8.0,12.0,0.7,5.0,12.0,12.0,AS Roma,13.0,2.0,2.0,1.0,2.0,4.0,30.6,8.0,3.0,0.4,0.0,0.0,241.0,301.0,0.8,1.0,9.0,0.1,57.0,23.0,0.4,2.0,6.0,9.0,0.7,11.0,20.0,20.0,644880,2023-03-19 17:00:00,2023
Internazionale,6.0,3.0,1.0,0.0,6.0,2.0,69.4,18.0,3.0,0.2,0.0,0.0,549.0,620.0,0.9,6.0,37.0,0.2,49.0,40.0,0.8,8.0,5.0,14.0,0.4,5.0,15.0,15.0,Juventus,18.0,4.0,1.0,1.0,4.0,3.0,30.6,7.0,3.0,0.4,0.0,0.0,203.0,268.0,0.8,2.0,16.0,0.1,48.0,22.0,0.5,2.0,7.0,15.0,0.5,13.0,40.0,40.0,644879,2023-03-19 19:45:00,2023
Cremonese,13.0,3.0,0.0,0.0,0.0,1.0,41.9,15.0,4.0,0.3,1.0,1.0,312.0,412.0,0.8,4.0,12.0,0.3,63.0,26.0,0.4,5.0,15.0,20.0,0.8,6.0,17.0,17.0,Atalanta,10.0,2.0,0.0,3.0,6.0,3.0,58.1,12.0,4.0,0.3,0.0,0.0,474.0,568.0,0.8,7.0,20.0,0.4,66.0,29.0,0.4,3.0,9.0,15.0,0.6,14.0,13.0,13.0,644896,2023-04-01 13:00:00,2023
Internazionale,8.0,2.0,0.0,4.0,10.0,2.0,58.8,16.0,3.0,0.2,0.0,0.0,385.0,464.0,0.8,8.0,34.0,0.2,57.0,31.0,0.5,6.0,14.0,20.0,0.7,9.0,16.0,16.0,Fiorentina,7.0,3.0,0.0,0.0,8.0,3.0,41.2,19.0,3.0,0.2,0.0,0.0,254.0,335.0,0.8,5.0,17.0,0.3,64.0,33.0,0.5,7.0,6.0,11.0,0.5,6.0,34.0,34.0,644887,2023-04-01 16:00:00,2023
Juventus,14.0,1.0,0.0,1.0,3.0,3.0,55.4,10.0,2.0,0.2,0.0,0.0,395.0,476.0,0.8,2.0,11.0,0.2,64.0,40.0,0.6,2.0,5.0,9.0,0.6,6.0,17.0,17.0,Hellas Verona,22.0,2.0,0.0,2.0,5.0,1.0,44.6,10.0,3.0,0.3,0.0,0.0,290.0,372.0,0.8,4.0,19.0,0.2,54.0,26.0,0.5,1.0,19.0,25.0,0.8,11.0,16.0,16.0,644894,2023-04-01 18:45:00,2023
Bologna,17.0,1.0,0.0,2.0,2.0,4.0,52.3,11.0,4.0,0.4,0.0,0.0,418.0,482.0,0.9,1.0,12.0,0.1,49.0,30.0,0.6,2.0,17.0,28.0,0.6,8.0,12.0,12.0,Udinese,10.0,2.0,0.0,1.0,7.0,1.0,47.7,15.0,5.0,0.3,0.0,0.0,367.0,440.0,0.8,5.0,13.0,0.4,46.0,20.0,0.4,2.0,8.0,16.0,0.5,7.0,7.0,7.0,644895,2023-04-02 10:30:00,2023
Spezia,12.0,0.0,0.0,0.0,9.0,1.0,51.3,15.0,4.0,0.3,0.0,0.0,281.0,384.0,0.7,4.0,23.0,0.2,52.0,13.0,0.3,3.0,11.0,16.0,0.7,5.0,30.0,30.0,Salernitana,12.0,1.0,0.0,2.0,5.0,3.0,48.7,12.0,2.0,0.2,0.0,0.0,256.0,367.0,0.7,3.0,18.0,0.2,60.0,29.0,0.5,4.0,12.0,20.0,0.6,9.0,26.0,26.0,644889,2023-04-02 13:00:00,2023
Monza,13.0,5.0,0.0,1.0,8.0,2.0,56.4,11.0,3.0,0.3,0.0,0.0,569.0,630.0,0.9,7.0,18.0,0.4,48.0,33.0,0.7,2.0,3.0,7.0,0.4,6.0,7.0,7.0,Lazio,8.0,2.0,0.0,1.0,3.0,3.0,43.6,8.0,4.0,0.5,0.0,0.0,422.0,485.0,0.9,1.0,9.0,0.1,52.0,35.0,0.7,1.0,9.0,13.0,0.7,7.0,9.0,9.0,644893,2023-04-02 13:00:00,2023
AS Roma,11.0,3.0,0.0,2.0,10.0,3.0,50.5,28.0,11.0,0.4,1.0,1.0,371.0,421.0,0.9,11.0,21.0,0.5,37.0,27.0,0.7,7.0,7.0,10.0,0.7,9.0,16.0,16.0,Sampdoria,13.0,3.0,1.0,1.0,3.0,7.0,49.5,6.0,3.0,0.5,0.0,0.0,362.0,420.0,0.9,3.0,15.0,0.2,51.0,31.0,0.6,1.0,12.0,14.0,0.9,2.0,17.0,17.0,644891,2023-04-02 16:00:00,2023
Napoli,11.0,1.0,0.0,0.0,10.0,4.0,60.6,20.0,4.0,0.2,0.0,0.0,496.0,567.0,0.9,9.0,27.0,0.3,28.0,16.0,0.6,9.0,7.0,13.0,0.5,9.0,7.0,7.0,AC Milan,9.0,2.0,0.0,1.0,4.0,4.0,39.4,14.0,8.0,0.6,0.0,0.0,293.0,376.0,0.8,1.0,6.0,0.2,47.0,22.0,0.5,4.0,11.0,23.0,0.5,9.0,20.0,20.0,644892,2023-04-02 18:45:00,2023
Empoli,10.0,3.0,1.0,0.0,3.0,0.0,52.8,14.0,7.0,0.5,1.0,1.0,288.0,397.0,0.7,2.0,13.0,0.2,61.0,22.0,0.4,5.0,9.0,11.0,0.8,6.0,18.0,18.0,Lecce,0.0,0.0,0.0,0.0,0.0,0.0,0.0,0.0,0.0,0.0,0.0,0.0,0.0,0.0,0.0,0.0,0.0,0.0,0.0,0.0,0.0,0.0,0.0,0.0,0.0,0.0,0.0,0.0,644888,2023-04-03 17:30:00,2023
Sassuolo,12.0,1.0,0.0,1.0,7.0,1.0,47.4,12.0,4.0,0.3,0.0,0.0,355.0,433.0,0.8,3.0,21.0,0.1,57.0,31.0,0.5,4.0,6.0,8.0,0.8,9.0,10.0,10.0,Torino,9.0,1.0,0.0,3.0,7.0,3.0,52.6,16.0,2.0,0.1,0.0,0.0,409.0,483.0,0.8,13.0,24.0,0.5,49.0,23.0,0.5,8.0,5.0,10.0,0.5,5.0,24.0,24.0,644890,2023-04-03 18:45:00,2023
Salernitana,14.0,2.0,0.0,3.0,2.0,10.0,43.6,11.0,3.0,0.3,0.0,0.0,341.0,418.0,0.8,7.0,14.0,0.5,41.0,15.0,0.4,1.0,2.0,4.0,0.5,13.0,15.0,15.0,Internazionale,10.0,2.0,0.0,1.0,8.0,2.0,56.4,25.0,11.0,0.4,0.0,0.0,451.0,539.0,0.8,11.0,19.0,0.6,60.0,30.0,0.5,6.0,4.0,10.0,0.4,18.0,17.0,17.0,644906,2023-04-07 15:00:00,2023
Lecce,0.0,0.0,0.0,0.0,0.0,0.0,0.0,0.0,0.0,0.0,0.0,0.0,0.0,0.0,0.0,0.0,0.0,0.0,0.0,0.0,0.0,0.0,0.0,0.0,0.0,0.0,0.0,0.0,Napoli,0.0,0.0,0.0,0.0,0.0,0.0,0.0,0.0,0.0,0.0,0.0,0.0,0.0,0.0,0.0,0.0,0.0,0.0,0.0,0.0,0.0,0.0,0.0,0.0,0.0,0.0,0.0,0.0,644903,2023-04-07 17:00:00,2023
AC Milan,11.0,2.0,0.0,0.0,9.0,1.0,70.2,23.0,4.0,0.2,0.0,0.0,600.0,677.0,0.9,10.0,42.0,0.2,58.0,44.0,0.8,7.0,12.0,19.0,0.6,6.0,1.0,1.0,Empoli,8.0,2.0,0.0,1.0,0.0,4.0,29.8,2.0,1.0,0.5,0.0,0.0,229.0,299.0,0.8,0.0,5.0,0.0,49.0,28.0,0.6,1.0,8.0,14.0,0.6,10.0,57.0,57.0,644902,2023-04-07 19:00:00,2023
Udinese,12.0,1.0,0.0,1.0,4.0,3.0,40.1,14.0,5.0,0.4,1.0,1.0,323.0,374.0,0.9,4.0,13.0,0.3,40.0,25.0,0.6,3.0,4.0,10.0,0.4,11.0,10.0,10.0,Monza,21.0,3.0,0.0,1.0,2.0,3.0,59.9,12.0,5.0,0.4,0.0,0.0,503.0,569.0,0.9,3.0,13.0,0.2,62.0,32.0,0.5,2.0,13.0,20.0,0.7,11.0,7.0,7.0,644898,2023-04-08 10:30:00,2023
Fiorentina,12.0,0.0,0.0,0.0,8.0,2.0,65.8,19.0,4.0,0.2,0.0,0.0,358.0,444.0,0.8,9.0,41.0,0.2,47.0,16.0,0.3,7.0,7.0,16.0,0.4,7.0,11.0,11.0,Spezia,29.0,7.0,0.0,1.0,4.0,4.0,34.2,4.0,3.0,0.8,0.0,0.0,152.0,238.0,0.6,3.0,11.0,0.3,67.0,22.0,0.3,0.0,8.0,19.0,0.4,8.0,46.0,46.0,644905,2023-04-08 12:30:00,2023
Atalanta,6.0,3.0,0.0,1.0,6.0,4.0,48.8,15.0,6.0,0.4,0.0,0.0,398.0,494.0,0.8,6.0,22.0,0.3,57.0,25.0,0.4,5.0,12.0,16.0,0.8,7.0,8.0,8.0,Bologna,5.0,2.0,0.0,6.0,0.0,6.0,51.2,13.0,6.0,0.5,0.0,0.0,434.0,533.0,0.8,2.0,9.0,0.2,62.0,36.0,0.6,2.0,10.0,23.0,0.4,8.0,23.0,23.0,644897,2023-04-08 14:30:00,2023
Sampdoria,14.0,2.0,0.0,0.0,3.0,1.0,48.9,13.0,9.0,0.7,0.0,0.0,299.0,381.0,0.8,4.0,17.0,0.2,61.0,33.0,0.5,3.0,4.0,6.0,0.7,10.0,15.0,15.0,Cremonese,15.0,3.0,0.0,1.0,3.0,6.0,51.1,17.0,4.0,0.2,0.0,0.0,322.0,402.0,0.8,5.0,14.0,0.4,58.0,27.0,0.5,5.0,8.0,11.0,0.7,11.0,18.0,18.0,644900,2023-04-08 14:30:00,2023
Hellas Verona,12.0,3.0,0.0,1.0,4.0,4.0,39.8,11.0,3.0,0.3,0.0,0.0,225.0,312.0,0.7,4.0,16.0,0.3,62.0,27.0,0.4,3.0,6.0,15.0,0.4,9.0,23.0,23.0,Sassuolo,14.0,4.0,0.0,0.0,10.0,0.0,60.2,17.0,5.0,0.3,0.0,0.0,381.0,476.0,0.8,7.0,22.0,0.3,61.0,32.0,0.5,8.0,7.0,16.0,0.4,4.0,16.0,16.0,644901,2023-04-08 16:30:00,2023
Torino,10.0,3.0,0.0,4.0,7.0,0.0,55.8,7.0,1.0,0.1,0.0,0.0,445.0,541.0,0.8,1.0,17.0,0.1,70.0,35.0,0.5,4.0,5.0,14.0,0.4,10.0,17.0,17.0,AS Roma,6.0,1.0,0.0,1.0,4.0,1.0,44.2,9.0,1.0,0.1,1.0,1.0,343.0,436.0,0.8,1.0,8.0,0.1,74.0,36.0,0.5,4.0,9.0,13.0,0.7,11.0,13.0,13.0,644899,2023-04-08 16:30:00,2023
Lazio,11.0,2.0,0.0,1.0,6.0,3.0,50.3,9.0,4.0,0.4,0.0,0.0,383.0,454.0,0.8,6.0,20.0,0.3,43.0,21.0,0.5,2.0,6.0,9.0,0.7,6.0,20.0,20.0,Juventus,15.0,5.0,0.0,0.0,6.0,2.0,49.7,11.0,4.0,0.4,0.0,0.0,373.0,441.0,0.8,8.0,25.0,0.3,67.0,48.0,0.7,3.0,6.0,14.0,0.4,7.0,18.0,18.0,644904,2023-04-08 18:45:00,2023
Cremonese,11.0,1.0,0.0,4.0,3.0,1.0,31.8,14.0,5.0,0.4,0.0,0.0,198.0,279.0,0.7,3.0,11.0,0.3,56.0,20.0,0.4,2.0,15.0,28.0,0.5,10.0,39.0,39.0,Empoli,9.0,0.0,0.0,2.0,8.0,4.0,68.2,15.0,1.0,0.1,0.0,0.0,500.0,589.0,0.8,8.0,38.0,0.2,72.0,42.0,0.6,6.0,7.0,12.0,0.6,5.0,10.0,10.0,644909,2023-04-14 16:30:00,2023
Spezia,12.0,1.0,1.0,0.0,2.0,4.0,52.5,6.0,2.0,0.3,0.0,0.0,525.0,599.0,0.9,5.0,18.0,0.3,54.0,20.0,0.4,0.0,8.0,15.0,0.5,9.0,10.0,10.0,Lazio,7.0,5.0,0.0,1.0,3.0,2.0,47.5,13.0,7.0,0.5,1.0,1.0,483.0,550.0,0.9,0.0,5.0,0.0,38.0,25.0,0.7,2.0,8.0,13.0,0.6,7.0,17.0,17.0,644913,2023-04-14 18:45:00,2023
Bologna,12.0,3.0,0.0,1.0,2.0,4.0,51.4,6.0,2.0,0.3,0.0,0.0,352.0,432.0,0.8,3.0,8.0,0.4,41.0,17.0,0.4,1.0,15.0,26.0,0.6,6.0,28.0,28.0,AC Milan,17.0,4.0,0.0,2.0,6.0,1.0,48.6,19.0,5.0,0.3,0.0,0.0,328.0,389.0,0.8,6.0,29.0,0.2,44.0,20.0,0.5,5.0,15.0,17.0,0.9,9.0,12.0,12.0,644910,2023-04-15 13:00:00,2023
Napoli,10.0,1.0,0.0,2.0,4.0,2.0,79.8,10.0,1.0,0.1,0.0,0.0,700.0,782.0,0.9,2.0,21.0,0.1,30.0,20.0,0.7,4.0,4.0,7.0,0.6,7.0,7.0,7.0,Hellas Verona,16.0,4.0,0.0,2.0,0.0,1.0,20.2,5.0,2.0,0.4,0.0,0.0,117.0,199.0,0.6,1.0,6.0,0.2,61.0,28.0,0.5,0.0,8.0,15.0,0.5,9.0,27.0,27.0,644916,2023-04-15 16:00:00,2023
Internazionale,13.0,2.0,0.0,1.0,5.0,1.0,56.5,25.0,6.0,0.2,0.0,0.0,452.0,516.0,0.9,9.0,36.0,0.3,42.0,29.0,0.7,8.0,6.0,12.0,0.5,8.0,3.0,3.0,Monza,4.0,2.0,0.0,1.0,2.0,6.0,43.5,7.0,2.0,0.3,0.0,0.0,337.0,419.0,0.8,2.0,3.0,0.7,46.0,16.0,0.3,2.0,10.0,14.0,0.7,10.0,27.0,27.0,644907,2023-04-15 18:45:00,2023
Lecce,0.0,0.0,0.0,0.0,0.0,0.0,0.0,0.0,0.0,0.0,0.0,0.0,0.0,0.0,0.0,0.0,0.0,0.0,0.0,0.0,0.0,0.0,0.0,0.0,0.0,0.0,0.0,0.0,Sampdoria,0.0,0.0,0.0,0.0,0.0,0.0,0.0,0.0,0.0,0.0,0.0,0.0,0.0,0.0,0.0,0.0,0.0,0.0,0.0,0.0,0.0,0.0,0.0,0.0,0.0,0.0,0.0,0.0,644911,2023-04-16 10:30:00,2023
Torino,14.0,0.0,0.0,1.0,4.0,0.0,63.8,16.0,5.0,0.3,0.0,0.0,446.0,554.0,0.8,5.0,17.0,0.3,62.0,23.0,0.4,5.0,8.0,10.0,0.8,4.0,14.0,14.0,Salernitana,14.0,1.0,0.0,1.0,2.0,4.0,36.2,8.0,1.0,0.1,0.0,0.0,206.0,312.0,0.7,4.0,13.0,0.3,68.0,17.0,0.3,2.0,12.0,18.0,0.7,13.0,13.0,13.0,644912,2023-04-16 13:00:00,2023
Sassuolo,10.0,0.0,0.0,1.0,10.0,3.0,40.5,11.0,4.0,0.4,0.0,0.0,299.0,358.0,0.8,5.0,24.0,0.2,39.0,17.0,0.4,1.0,5.0,8.0,0.6,8.0,32.0,32.0,Juventus,5.0,1.0,0.0,5.0,13.0,3.0,59.5,13.0,3.0,0.2,0.0,0.0,459.0,539.0,0.9,7.0,27.0,0.3,63.0,31.0,0.5,4.0,12.0,19.0,0.6,4.0,22.0,22.0,644914,2023-04-16 16:00:00,2023
AS Roma,18.0,1.0,0.0,2.0,6.0,2.0,41.6,12.0,7.0,0.6,0.0,1.0,263.0,340.0,0.8,5.0,18.0,0.3,37.0,12.0,0.3,1.0,11.0,18.0,0.6,7.0,13.0,13.0,Udinese,11.0,4.0,0.0,1.0,2.0,4.0,58.4,10.0,2.0,0.2,0.0,1.0,425.0,491.0,0.9,1.0,9.0,0.1,45.0,27.0,0.6,4.0,6.0,15.0,0.4,10.0,13.0,13.0,644915,2023-04-16 18:45:00,2023
Fiorentina,8.0,1.0,0.0,0.0,5.0,0.0,62.5,18.0,7.0,0.4,1.0,1.0,403.0,492.0,0.8,8.0,26.0,0.3,68.0,36.0,0.5,5.0,11.0,18.0,0.6,6.0,19.0,19.0,Atalanta,20.0,3.0,0.0,1.0,1.0,6.0,37.5,6.0,1.0,0.2,0.0,0.0,200.0,299.0,0.7,5.0,10.0,0.5,67.0,27.0,0.4,0.0,8.0,20.0,0.4,13.0,15.0,15.0,644908,2023-04-17 18:45:00,2023
Hellas Verona,11.0,3.0,0.0,0.0,4.0,6.0,26.6,9.0,5.0,0.6,1.0,1.0,148.0,236.0,0.6,5.0,18.0,0.3,59.0,24.0,0.4,3.0,14.0,22.0,0.6,6.0,21.0,21.0,Bologna,11.0,4.0,0.0,1.0,2.0,3.0,73.4,17.0,7.0,0.4,0.0,0.0,596.0,686.0,0.9,0.0,12.0,0.0,34.0,16.0,0.5,5.0,10.0,17.0,0.6,8.0,8.0,8.0,644919,2023-04-21 18:45:00,2023
Salernitana,11.0,1.0,0.0,4.0,4.0,2.0,47.3,13.0,5.0,0.4,0.0,0.0,326.0,402.0,0.8,5.0,15.0,0.3,46.0,12.0,0.3,3.0,12.0,17.0,0.7,4.0,26.0,26.0,Sassuolo,15.0,2.0,0.0,0.0,8.0,2.0,52.7,11.0,2.0,0.2,0.0,0.0,372.0,437.0,0.9,4.0,25.0,0.2,37.0,22.0,0.6,3.0,5.0,10.0,0.5,7.0,12.0,12.0,644922,2023-04-22 13:00:00,2023
Lazio,13.0,2.0,0.0,1.0,3.0,2.0,53.0,10.0,5.0,0.5,0.0,0.0,493.0,568.0,0.9,5.0,18.0,0.3,46.0,28.0,0.6,2.0,6.0,10.0,0.6,8.0,10.0,10.0,Torino,13.0,4.0,0.0,1.0,4.0,5.0,47.0,7.0,3.0,0.4,0.0,0.0,432.0,506.0,0.9,3.0,13.0,0.2,58.0,33.0,0.6,1.0,10.0,10.0,1.0,9.0,24.0,24.0,644925,2023-04-22 16:00:00,2023
Sampdoria,9.0,1.0,0.0,2.0,9.0,6.0,45.1,13.0,3.0,0.2,0.0,0.0,274.0,352.0,0.8,9.0,21.0,0.4,52.0,26.0,0.5,3.0,3.0,7.0,0.4,9.0,21.0,21.0,Spezia,11.0,1.0,0.0,0.0,9.0,1.0,54.9,19.0,7.0,0.4,0.0,0.0,352.0,430.0,0.8,8.0,26.0,0.3,44.0,15.0,0.3,6.0,12.0,15.0,0.8,10.0,12.0,12.0,644921,2023-04-22 18:45:00,2023
Empoli,6.0,1.0,0.0,0.0,5.0,1.0,39.1,11.0,3.0,0.3,0.0,0.0,324.0,380.0,0.9,4.0,18.0,0.2,50.0,29.0,0.6,4.0,3.0,8.0,0.4,5.0,24.0,24.0,Internazionale,13.0,1.0,0.0,1.0,4.0,3.0,60.9,16.0,4.0,0.3,0.0,0.0,544.0,604.0,0.9,6.0,20.0,0.3,43.0,28.0,0.7,3.0,7.0,13.0,0.5,7.0,21.0,21.0,644918,2023-04-23 10:30:00,2023
Udinese,13.0,2.0,0.0,0.0,3.0,2.0,48.1,17.0,9.0,0.5,0.0,0.0,324.0,390.0,0.8,7.0,11.0,0.6,59.0,35.0,0.6,3.0,12.0,23.0,0.5,5.0,12.0,12.0,Cremonese,11.0,3.0,0.0,2.0,8.0,5.0,51.9,12.0,2.0,0.2,0.0,0.0,351.0,418.0,0.8,4.0,20.0,0.2,40.0,19.0,0.5,5.0,9.0,17.0,0.5,11.0,9.0,9.0,644920,2023-04-23 13:00:00,2023
Monza,18.0,3.0,0.0,0.0,5.0,3.0,44.8,13.0,5.0,0.4,1.0,1.0,262.0,330.0,0.8,6.0,12.0,0.5,59.0,30.0,0.5,3.0,9.0,18.0,0.5,9.0,28.0,28.0,Fiorentina,15.0,3.0,0.0,0.0,3.0,3.0,55.2,10.0,5.0,0.5,0.0,0.0,334.0,403.0,0.8,6.0,19.0,0.3,62.0,46.0,0.7,2.0,12.0,21.0,0.6,7.0,6.0,6.0,644923,2023-04-23 13:00:00,2023
AC Milan,0.0,0.0,0.0,0.0,0.0,0.0,0.0,0.0,0.0,0.0,0.0,0.0,0.0,0.0,0.0,0.0,0.0,0.0,0.0,0.0,0.0,0.0,0.0,0.0,0.0,0.0,0.0,0.0,Lecce,0.0,0.0,0.0,0.0,0.0,0.0,0.0,0.0,0.0,0.0,0.0,0.0,0.0,0.0,0.0,0.0,0.0,0.0,0.0,0.0,0.0,0.0,0.0,0.0,0.0,0.0,0.0,0.0,644924,2023-04-23 16:00:00,2023
Juventus,15.0,4.0,0.0,1.0,3.0,5.0,34.7,7.0,4.0,0.6,0.0,0.0,253.0,323.0,0.8,4.0,16.0,0.3,41.0,19.0,0.5,0.0,12.0,23.0,0.5,6.0,24.0,24.0,Napoli,11.0,1.0,0.0,0.0,6.0,4.0,65.3,17.0,6.0,0.4,0.0,0.0,557.0,627.0,0.9,5.0,22.0,0.2,40.0,27.0,0.7,7.0,11.0,18.0,0.6,14.0,11.0,11.0,644926,2023-04-23 18:45:00,2023
Atalanta,15.0,3.0,0.0,1.0,3.0,0.0,36.7,7.0,4.0,0.6,0.0,0.0,251.0,352.0,0.7,5.0,10.0,0.5,53.0,14.0,0.3,1.0,14.0,20.0,0.7,15.0,31.0,31.0,AS Roma,11.0,1.0,0.0,1.0,4.0,1.0,63.3,14.0,1.0,0.1,0.0,0.0,505.0,609.0,0.8,8.0,25.0,0.3,69.0,31.0,0.4,6.0,7.0,14.0,0.5,7.0,9.0,9.0,644917,2023-04-24 18:45:00,2023
Lecce,0.0,0.0,0.0,0.0,0.0,0.0,0.0,0.0,0.0,0.0,0.0,0.0,0.0,0.0,0.0,0.0,0.0,0.0,0.0,0.0,0.0,0.0,0.0,0.0,0.0,0.0,0.0,0.0,Udinese,0.0,0.0,0.0,0.0,0.0,0.0,0.0,0.0,0.0,0.0,0.0,0.0,0.0,0.0,0.0,0.0,0.0,0.0,0.0,0.0,0.0,0.0,0.0,0.0,0.0,0.0,0.0,0.0,644928,2023-04-28 16:30:00,2023
Spezia,10.0,1.0,0.0,1.0,3.0,3.0,45.2,12.0,4.0,0.3,0.0,0.0,325.0,393.0,0.8,8.0,27.0,0.3,35.0,13.0,0.4,3.0,8.0,13.0,0.6,5.0,10.0,10.0,Monza,16.0,2.0,0.0,0.0,3.0,4.0,54.8,8.0,4.0,0.5,0.0,0.0,423.0,503.0,0.8,2.0,8.0,0.3,59.0,35.0,0.6,2.0,13.0,25.0,0.5,9.0,23.0,23.0,644932,2023-04-28 18:45:00,2023
AS Roma,9.0,3.0,0.0,0.0,1.0,0.0,36.2,11.0,1.0,0.1,0.0,0.0,246.0,330.0,0.7,2.0,13.0,0.2,50.0,22.0,0.4,6.0,13.0,19.0,0.7,7.0,12.0,12.0,AC Milan,6.0,2.0,0.0,0.0,5.0,0.0,63.8,11.0,1.0,0.1,0.0,0.0,504.0,584.0,0.9,6.0,22.0,0.3,34.0,20.0,0.6,3.0,8.0,15.0,0.5,5.0,17.0,17.0,644930,2023-04-29 16:00:00,2023
Torino,6.0,1.0,0.0,2.0,3.0,3.0,62.0,4.0,4.0,1.0,0.0,0.0,534.0,617.0,0.9,1.0,17.0,0.1,68.0,39.0,0.6,0.0,5.0,15.0,0.3,6.0,7.0,7.0,Atalanta,10.0,1.0,0.0,2.0,3.0,3.0,38.0,9.0,5.0,0.6,0.0,0.0,304.0,382.0,0.8,1.0,8.0,0.1,47.0,23.0,0.5,0.0,5.0,15.0,0.3,8.0,20.0,20.0,644931,2023-04-29 18:45:00,2023
Internazionale,13.0,2.0,0.0,2.0,2.0,4.0,61.4,25.0,9.0,0.4,0.0,0.0,542.0,621.0,0.9,9.0,23.0,0.4,51.0,27.0,0.5,5.0,14.0,24.0,0.6,6.0,7.0,7.0,Lazio,14.0,4.0,0.0,2.0,3.0,6.0,38.6,9.0,5.0,0.6,0.0,0.0,318.0,388.0,0.8,3.0,9.0,0.3,52.0,27.0,0.5,3.0,12.0,17.0,0.7,8.0,13.0,13.0,644933,2023-04-30 10:30:00,2023
Sassuolo,12.0,2.0,1.0,4.0,7.0,0.0,57.7,13.0,4.0,0.3,1.0,1.0,430.0,488.0,0.9,5.0,26.0,0.2,55.0,34.0,0.6,3.0,10.0,19.0,0.5,4.0,14.0,14.0,Empoli,10.0,1.0,0.0,4.0,5.0,2.0,42.3,7.0,1.0,0.1,0.0,0.0,284.0,360.0,0.8,4.0,16.0,0.3,52.0,20.0,0.4,1.0,14.0,23.0,0.6,7.0,16.0,16.0,644936,2023-04-30 13:00:00,2023
Cremonese,10.0,0.0,1.0,2.0,3.0,5.0,51.1,12.0,5.0,0.4,0.0,0.0,293.0,391.0,0.7,7.0,15.0,0.5,78.0,28.0,0.4,1.0,8.0,16.0,0.5,11.0,24.0,24.0,Hellas Verona,16.0,0.0,0.0,3.0,5.0,4.0,48.9,14.0,6.0,0.4,0.0,0.0,251.0,355.0,0.7,12.0,32.0,0.4,62.0,34.0,0.5,5.0,4.0,10.0,0.4,7.0,11.0,11.0,644935,2023-04-30 13:00:00,2023
Napoli,13.0,2.0,0.0,1.0,10.0,1.0,73.1,24.0,8.0,0.3,0.0,0.0,609.0,688.0,0.9,11.0,37.0,0.3,51.0,30.0,0.6,6.0,6.0,10.0,0.6,9.0,5.0,5.0,Salernitana,11.0,2.0,0.0,1.0,0.0,7.0,26.9,5.0,2.0,0.4,0.0,0.0,181.0,260.0,0.7,0.0,8.0,0.0,49.0,13.0,0.3,0.0,12.0,21.0,0.6,9.0,41.0,41.0,644929,2023-04-30 13:00:00,2023
Fiorentina,14.0,2.0,0.0,5.0,11.0,1.0,66.7,23.0,10.0,0.4,0.0,0.0,475.0,542.0,0.9,2.0,24.0,0.1,55.0,37.0,0.7,6.0,14.0,17.0,0.8,12.0,8.0,8.0,Sampdoria,9.0,1.0,0.0,0.0,0.0,5.0,33.3,4.0,1.0,0.3,0.0,0.0,208.0,275.0,0.8,1.0,4.0,0.3,44.0,20.0,0.5,1.0,2.0,12.0,0.2,12.0,26.0,26.0,644934,2023-04-30 16:00:00,2023
Bologna,12.0,2.0,0.0,4.0,4.0,4.0,54.4,16.0,6.0,0.4,1.0,1.0,435.0,513.0,0.8,5.0,13.0,0.4,49.0,26.0,0.5,3.0,17.0,27.0,0.6,5.0,25.0,25.0,Juventus,9.0,2.0,0.0,2.0,5.0,5.0,45.6,14.0,5.0,0.4,0.0,1.0,346.0,424.0,0.8,2.0,15.0,0.1,43.0,23.0,0.5,4.0,11.0,15.0,0.7,8.0,8.0,8.0,644927,2023-04-30 18:45:00,2023
Salernitana,18.0,3.0,0.0,2.0,2.0,0.0,46.7,4.0,3.0,0.8,1.0,1.0,252.0,337.0,0.7,1.0,5.0,0.2,45.0,17.0,0.4,0.0,7.0,13.0,0.5,11.0,17.0,17.0,Fiorentina,15.0,5.0,0.0,0.0,3.0,0.0,53.3,12.0,3.0,0.3,0.0,0.0,275.0,374.0,0.7,6.0,17.0,0.4,60.0,20.0,0.3,4.0,11.0,16.0,0.7,3.0,8.0,8.0,644942,2023-05-03 16:00:00,2023
Sampdoria,13.0,1.0,1.0,1.0,2.0,2.0,41.0,7.0,0.0,0.0,0.0,0.0,312.0,411.0,0.8,4.0,13.0,0.3,68.0,28.0,0.4,4.0,8.0,11.0,0.7,6.0,14.0,14.0,Torino,12.0,2.0,0.0,1.0,3.0,0.0,59.0,12.0,4.0,0.3,0.0,0.0,499.0,585.0,0.9,8.0,25.0,0.3,49.0,18.0,0.4,3.0,2.0,5.0,0.4,5.0,11.0,11.0,644941,2023-05-03 16:00:00,2023
Atalanta,8.0,0.0,0.0,3.0,12.0,2.0,56.0,14.0,6.0,0.4,0.0,0.0,416.0,506.0,0.8,6.0,29.0,0.2,54.0,21.0,0.4,3.0,11.0,26.0,0.4,12.0,9.0,9.0,Spezia,10.0,3.0,0.0,0.0,3.0,3.0,44.0,9.0,4.0,0.4,0.0,0.0,324.0,415.0,0.8,5.0,7.0,0.7,47.0,15.0,0.3,1.0,11.0,20.0,0.6,7.0,38.0,38.0,644945,2023-05-03 16:00:00,2023
Juventus,0.0,0.0,0.0,0.0,0.0,0.0,0.0,0.0,0.0,0.0,0.0,0.0,0.0,0.0,0.0,0.0,0.0,0.0,0.0,0.0,0.0,0.0,0.0,0.0,0.0,0.0,0.0,0.0,Lecce,0.0,0.0,0.0,0.0,0.0,0.0,0.0,0.0,0.0,0.0,0.0,0.0,0.0,0.0,0.0,0.0,0.0,0.0,0.0,0.0,0.0,0.0,0.0,0.0,0.0,0.0,0.0,0.0,644938,2023-05-03 16:00:00,2023
Hellas Verona,4.0,0.0,0.0,0.0,2.0,5.0,25.5,7.0,2.0,0.3,0.0,0.0,162.0,239.0,0.7,4.0,12.0,0.3,56.0,30.0,0.5,2.0,5.0,7.0,0.7,7.0,18.0,18.0,Internazionale,11.0,0.0,0.0,1.0,7.0,2.0,74.5,20.0,10.0,0.5,0.0,0.0,654.0,712.0,0.9,6.0,20.0,0.3,46.0,31.0,0.7,3.0,6.0,9.0,0.7,4.0,10.0,10.0,644939,2023-05-03 19:00:00,2023
AC Milan,12.0,0.0,0.0,2.0,10.0,1.0,74.0,18.0,5.0,0.3,0.0,0.0,583.0,680.0,0.9,8.0,24.0,0.3,48.0,22.0,0.5,4.0,12.0,17.0,0.7,9.0,7.0,7.0,Cremonese,12.0,3.0,1.0,4.0,0.0,4.0,26.0,6.0,2.0,0.3,0.0,0.0,158.0,240.0,0.7,2.0,4.0,0.5,66.0,18.0,0.3,0.0,20.0,25.0,0.8,18.0,35.0,35.0,644944,2023-05-03 19:00:00,2023
Monza,13.0,3.0,0.0,0.0,4.0,6.0,58.8,8.0,4.0,0.5,0.0,0.0,410.0,505.0,0.8,3.0,13.0,0.2,76.0,45.0,0.6,1.0,9.0,16.0,0.6,10.0,15.0,15.0,AS Roma,15.0,3.0,1.0,1.0,3.0,3.0,41.2,14.0,8.0,0.6,0.0,0.0,266.0,344.0,0.8,9.0,21.0,0.4,48.0,25.0,0.5,3.0,6.0,13.0,0.5,13.0,11.0,11.0,644943,2023-05-03 19:00:00,2023
Lazio,13.0,3.0,0.0,2.0,1.0,2.0,48.7,13.0,5.0,0.4,0.0,0.0,448.0,515.0,0.9,1.0,4.0,0.3,47.0,26.0,0.6,2.0,8.0,15.0,0.5,13.0,19.0,19.0,Sassuolo,13.0,5.0,0.0,1.0,2.0,3.0,51.3,13.0,2.0,0.2,0.0,0.0,454.0,527.0,0.9,4.0,15.0,0.3,59.0,35.0,0.6,5.0,6.0,10.0,0.6,7.0,2.0,2.0,644937,2023-05-03 19:00:00,2023
Empoli,15.0,3.0,0.0,0.0,2.0,2.0,28.0,13.0,3.0,0.2,0.0,0.0,147.0,221.0,0.7,2.0,10.0,0.2,52.0,13.0,0.3,3.0,6.0,17.0,0.4,10.0,20.0,20.0,Bologna,16.0,0.0,0.0,3.0,5.0,1.0,72.0,18.0,3.0,0.2,1.0,1.0,492.0,571.0,0.9,7.0,23.0,0.3,62.0,42.0,0.7,6.0,6.0,10.0,0.6,4.0,11.0,11.0,644946,2023-05-04 18:45:00,2023
Udinese,15.0,1.0,0.0,1.0,2.0,3.0,35.4,7.0,3.0,0.4,0.0,0.0,248.0,325.0,0.8,3.0,7.0,0.4,54.0,23.0,0.4,1.0,7.0,12.0,0.6,12.0,20.0,20.0,Napoli,13.0,0.0,0.0,1.0,6.0,2.0,64.6,7.0,4.0,0.6,0.0,0.0,515.0,586.0,0.9,3.0,17.0,0.2,41.0,23.0,0.6,1.0,4.0,11.0,0.4,9.0,4.0,4.0,644940,2023-05-04 18:45:00,2023
AC Milan,10.0,2.0,0.0,2.0,6.0,0.0,51.6,10.0,3.0,0.3,0.0,0.0,494.0,561.0,0.9,3.0,15.0,0.2,51.0,23.0,0.5,3.0,10.0,15.0,0.7,12.0,12.0,12.0,Lazio,8.0,4.0,0.0,1.0,4.0,1.0,48.4,8.0,0.0,0.0,0.0,0.0,461.0,530.0,0.9,2.0,9.0,0.2,35.0,17.0,0.5,3.0,11.0,19.0,0.6,6.0,17.0,17.0,644952,2023-05-06 13:00:00,2023
AS Roma,8.0,3.0,0.0,0.0,12.0,2.0,50.4,15.0,3.0,0.2,0.0,0.0,388.0,456.0,0.9,9.0,29.0,0.3,52.0,32.0,0.6,5.0,6.0,13.0,0.5,10.0,9.0,9.0,Internazionale,13.0,2.0,0.0,0.0,5.0,3.0,49.6,10.0,4.0,0.4,0.0,0.0,396.0,461.0,0.9,2.0,11.0,0.2,56.0,31.0,0.6,3.0,10.0,18.0,0.6,6.0,24.0,24.0,644950,2023-05-06 16:00:00,2023
Cremonese,8.0,0.0,0.0,0.0,3.0,8.0,30.0,9.0,4.0,0.4,0.0,0.0,168.0,251.0,0.7,4.0,6.0,0.7,53.0,19.0,0.4,2.0,6.0,13.0,0.5,9.0,35.0,35.0,Spezia,6.0,2.0,0.0,4.0,13.0,2.0,70.0,18.0,8.0,0.4,0.0,0.0,472.0,571.0,0.8,7.0,31.0,0.2,53.0,25.0,0.5,5.0,8.0,12.0,0.7,8.0,4.0,4.0,644955,2023-05-06 18:45:00,2023
Atalanta,13.0,1.0,0.0,0.0,7.0,3.0,59.1,24.0,1.0,0.0,0.0,0.0,507.0,581.0,0.9,8.0,23.0,0.3,46.0,27.0,0.6,10.0,11.0,19.0,0.6,13.0,12.0,12.0,Juventus,16.0,2.0,0.0,2.0,3.0,1.0,40.9,10.0,5.0,0.5,0.0,0.0,337.0,408.0,0.8,2.0,8.0,0.3,54.0,35.0,0.6,3.0,13.0,26.0,0.5,10.0,25.0,25.0,644947,2023-05-07 10:30:00,2023
Torino,16.0,2.0,0.0,0.0,7.0,7.0,53.3,14.0,5.0,0.4,0.0,0.0,372.0,456.0,0.8,4.0,21.0,0.2,46.0,19.0,0.4,7.0,7.0,13.0,0.5,4.0,5.0,5.0,Monza,9.0,1.0,0.0,1.0,4.0,4.0,46.7,10.0,8.0,0.8,0.0,0.0,324.0,405.0,0.8,5.0,12.0,0.4,68.0,31.0,0.5,0.0,7.0,11.0,0.6,7.0,21.0,21.0,644948,2023-05-07 13:00:00,2023
Napoli,12.0,0.0,0.0,1.0,0.0,3.0,46.6,10.0,3.0,0.3,1.0,2.0,356.0,423.0,0.8,2.0,6.0,0.3,58.0,32.0,0.6,1.0,7.0,12.0,0.6,7.0,18.0,18.0,Fiorentina,15.0,0.0,0.0,3.0,5.0,2.0,53.4,15.0,3.0,0.2,0.0,0.0,399.0,467.0,0.9,8.0,25.0,0.3,65.0,40.0,0.6,6.0,14.0,22.0,0.6,5.0,4.0,4.0,644956,2023-05-07 16:00:00,2023
Lecce,0.0,0.0,0.0,0.0,0.0,0.0,0.0,0.0,0.0,0.0,0.0,0.0,0.0,0.0,0.0,0.0,0.0,0.0,0.0,0.0,0.0,0.0,0.0,0.0,0.0,0.0,0.0,0.0,Hellas Verona,0.0,0.0,0.0,0.0,0.0,0.0,0.0,0.0,0.0,0.0,0.0,0.0,0.0,0.0,0.0,0.0,0.0,0.0,0.0,0.0,0.0,0.0,0.0,0.0,0.0,0.0,0.0,0.0,644953,2023-05-07 18:45:00,2023
Udinese,15.0,2.0,0.0,0.0,7.0,3.0,46.0,13.0,6.0,0.5,0.0,0.0,386.0,467.0,0.8,4.0,12.0,0.3,47.0,23.0,0.5,4.0,8.0,11.0,0.7,10.0,12.0,12.0,Sampdoria,12.0,2.0,0.0,1.0,3.0,4.0,54.0,11.0,3.0,0.3,0.0,0.0,474.0,542.0,0.9,3.0,16.0,0.2,37.0,24.0,0.6,0.0,10.0,17.0,0.6,8.0,17.0,17.0,644951,2023-05-08 16:30:00,2023
Empoli,11.0,2.0,0.0,3.0,8.0,1.0,48.6,11.0,4.0,0.4,0.0,0.0,327.0,408.0,0.8,5.0,16.0,0.3,56.0,23.0,0.4,1.0,7.0,12.0,0.6,9.0,19.0,19.0,Salernitana,18.0,2.0,0.0,1.0,7.0,2.0,51.4,13.0,2.0,0.2,0.0,0.0,357.0,427.0,0.8,3.0,22.0,0.1,48.0,27.0,0.6,4.0,9.0,12.0,0.8,10.0,15.0,15.0,644954,2023-05-08 16:30:00,2023
Sassuolo,12.0,1.0,0.0,2.0,4.0,2.0,48.2,6.0,2.0,0.3,0.0,0.0,428.0,490.0,0.9,2.0,15.0,0.1,58.0,34.0,0.6,2.0,3.0,6.0,0.5,4.0,9.0,9.0,Bologna,14.0,1.0,0.0,4.0,4.0,1.0,51.8,12.0,3.0,0.3,0.0,0.0,477.0,535.0,0.9,0.0,10.0,0.0,47.0,24.0,0.5,3.0,4.0,7.0,0.6,7.0,8.0,8.0,644949,2023-05-08 18:45:00,2023
Lazio,0.0,0.0,0.0,0.0,0.0,0.0,0.0,0.0,0.0,0.0,0.0,0.0,0.0,0.0,0.0,0.0,0.0,0.0,0.0,0.0,0.0,0.0,0.0,0.0,0.0,0.0,0.0,0.0,Lecce,0.0,0.0,0.0,0.0,0.0,0.0,0.0,0.0,0.0,0.0,0.0,0.0,0.0,0.0,0.0,0.0,0.0,0.0,0.0,0.0,0.0,0.0,0.0,0.0,0.0,0.0,0.0,0.0,644961,2023-05-12 18:45:00,2023
Salernitana,9.0,2.0,0.0,1.0,5.0,3.0,51.6,10.0,4.0,0.4,0.0,0.0,375.0,469.0,0.8,3.0,18.0,0.2,58.0,24.0,0.4,2.0,8.0,14.0,0.6,6.0,14.0,14.0,Atalanta,18.0,2.0,0.0,2.0,3.0,3.0,48.4,13.0,3.0,0.2,0.0,0.0,360.0,437.0,0.8,5.0,15.0,0.3,46.0,16.0,0.3,2.0,11.0,16.0,0.7,16.0,16.0,16.0,644965,2023-05-13 13:00:00,2023
Spezia,15.0,1.0,0.0,1.0,6.0,3.0,40.7,14.0,4.0,0.3,0.0,0.0,188.0,269.0,0.7,8.0,24.0,0.3,57.0,24.0,0.4,4.0,6.0,13.0,0.5,6.0,38.0,38.0,AC Milan,11.0,1.0,0.0,2.0,9.0,2.0,59.3,14.0,3.0,0.2,0.0,0.0,300.0,393.0,0.8,6.0,31.0,0.2,48.0,16.0,0.3,5.0,10.0,16.0,0.6,3.0,23.0,23.0,644963,2023-05-13 16:00:00,2023
Internazionale,0.0,0.0,0.0,0.0,0.0,0.0,0.0,0.0,0.0,0.0,0.0,0.0,0.0,0.0,0.0,0.0,0.0,0.0,0.0,0.0,0.0,0.0,0.0,0.0,0.0,0.0,0.0,0.0,Sassuolo,0.0,0.0,0.0,0.0,0.0,0.0,0.0,0.0,0.0,0.0,0.0,0.0,0.0,0.0,0.0,0.0,0.0,0.0,0.0,0.0,0.0,0.0,0.0,0.0,0.0,0.0,0.0,0.0,644958,2023-05-13 18:45:00,2023
Hellas Verona,8.0,3.0,0.0,0.0,3.0,6.0,41.5,14.0,4.0,0.3,0.0,0.0,234.0,332.0,0.7,0.0,16.0,0.0,67.0,35.0,0.5,6.0,6.0,15.0,0.4,10.0,9.0,9.0,Torino,17.0,2.0,0.0,0.0,4.0,4.0,58.5,15.0,8.0,0.5,0.0,0.0,379.0,477.0,0.8,5.0,14.0,0.4,67.0,20.0,0.3,2.0,6.0,11.0,0.5,8.0,17.0,17.0,644962,2023-05-14 10:30:00,2023
Fiorentina,15.0,3.0,1.0,2.0,3.0,1.0,45.4,18.0,3.0,0.2,0.0,0.0,294.0,361.0,0.8,4.0,13.0,0.3,58.0,34.0,0.6,5.0,8.0,11.0,0.7,7.0,13.0,13.0,Udinese,15.0,3.0,1.0,1.0,3.0,1.0,54.6,5.0,1.0,0.2,0.0,0.0,364.0,438.0,0.8,0.0,13.0,0.0,49.0,30.0,0.6,1.0,7.0,16.0,0.4,7.0,10.0,10.0,644959,2023-05-14 13:00:00,2023
Monza,11.0,1.0,0.0,2.0,6.0,7.0,44.8,10.0,4.0,0.4,0.0,0.0,330.0,419.0,0.8,3.0,15.0,0.2,50.0,21.0,0.4,2.0,8.0,13.0,0.6,11.0,20.0,20.0,Napoli,13.0,1.0,0.0,1.0,10.0,2.0,55.2,20.0,7.0,0.4,0.0,0.0,452.0,515.0,0.9,6.0,29.0,0.2,37.0,32.0,0.9,4.0,9.0,15.0,0.6,5.0,14.0,14.0,644966,2023-05-14 13:00:00,2023
Bologna,12.0,2.0,0.0,0.0,3.0,2.0,71.8,12.0,3.0,0.3,0.0,0.0,630.0,705.0,0.9,1.0,12.0,0.1,47.0,29.0,0.6,5.0,12.0,17.0,0.7,6.0,12.0,12.0,AS Roma,11.0,1.0,0.0,0.0,6.0,3.0,28.2,7.0,2.0,0.3,0.0,0.0,199.0,263.0,0.8,3.0,19.0,0.2,42.0,16.0,0.4,1.0,6.0,16.0,0.4,9.0,8.0,8.0,644960,2023-05-14 16:00:00,2023
Juventus,15.0,2.0,0.0,2.0,7.0,2.0,69.1,24.0,8.0,0.3,0.0,0.0,590.0,657.0,0.9,4.0,21.0,0.2,42.0,35.0,0.8,7.0,16.0,18.0,0.9,7.0,7.0,7.0,Cremonese,5.0,0.0,0.0,2.0,0.0,4.0,30.9,3.0,2.0,0.7,0.0,0.0,225.0,294.0,0.8,0.0,6.0,0.0,48.0,16.0,0.3,0.0,12.0,20.0,0.6,13.0,28.0,28.0,644957,2023-05-14 18:45:00,2023
Sampdoria,16.0,3.0,0.0,2.0,1.0,3.0,42.3,13.0,3.0,0.2,0.0,0.0,255.0,353.0,0.7,7.0,16.0,0.4,54.0,17.0,0.3,4.0,12.0,20.0,0.6,9.0,18.0,18.0,Empoli,14.0,4.0,0.0,3.0,2.0,2.0,57.7,17.0,4.0,0.2,0.0,0.0,411.0,484.0,0.8,5.0,18.0,0.3,44.0,15.0,0.3,4.0,2.0,4.0,0.5,9.0,20.0,20.0,644964,2023-05-15 18:45:00,2023
Sassuolo,10.0,0.0,1.0,1.0,6.0,4.0,44.6,13.0,4.0,0.3,1.0,1.0,355.0,426.0,0.8,6.0,20.0,0.3,38.0,25.0,0.7,3.0,8.0,11.0,0.7,8.0,18.0,18.0,Monza,17.0,5.0,0.0,4.0,3.0,3.0,55.4,17.0,6.0,0.4,0.0,0.0,474.0,540.0,0.9,7.0,17.0,0.4,55.0,36.0,0.7,6.0,8.0,11.0,0.7,12.0,17.0,17.0,644971,2023-05-19 18:45:00,2023
Cremonese,7.0,1.0,0.0,1.0,3.0,4.0,36.7,13.0,2.0,0.2,0.0,0.0,286.0,352.0,0.8,7.0,19.0,0.4,41.0,19.0,0.5,6.0,7.0,14.0,0.5,11.0,10.0,10.0,Bologna,13.0,0.0,1.0,1.0,9.0,1.0,63.3,19.0,9.0,0.5,0.0,0.0,555.0,623.0,0.9,6.0,11.0,0.5,43.0,24.0,0.6,2.0,3.0,9.0,0.3,6.0,14.0,14.0,644968,2023-05-20 13:00:00,2023
Atalanta,9.0,1.0,0.0,4.0,6.0,1.0,59.3,13.0,5.0,0.4,0.0,0.0,471.0,575.0,0.8,6.0,15.0,0.4,59.0,24.0,0.4,5.0,12.0,19.0,0.6,9.0,13.0,13.0,Hellas Verona,11.0,3.0,0.0,1.0,3.0,2.0,40.7,10.0,2.0,0.2,0.0,0.0,293.0,388.0,0.8,3.0,16.0,0.2,51.0,23.0,0.5,4.0,15.0,21.0,0.7,18.0,16.0,16.0,644967,2023-05-20 16:00:00,2023
AC Milan,9.0,1.0,0.0,2.0,7.0,2.0,62.2,19.0,9.0,0.5,1.0,1.0,569.0,630.0,0.9,10.0,19.0,0.5,37.0,25.0,0.7,5.0,10.0,12.0,0.8,6.0,10.0,10.0,Sampdoria,10.0,3.0,0.0,1.0,2.0,4.0,37.8,6.0,3.0,0.5,0.0,0.0,317.0,378.0,0.8,0.0,9.0,0.0,41.0,22.0,0.5,0.0,8.0,14.0,0.6,9.0,16.0,16.0,644974,2023-05-20 18:45:00,2023
Lecce,0.0,0.0,0.0,0.0,0.0,0.0,0.0,0.0,0.0,0.0,0.0,0.0,0.0,0.0,0.0,0.0,0.0,0.0,0.0,0.0,0.0,0.0,0.0,0.0,0.0,0.0,0.0,0.0,Spezia,0.0,0.0,0.0,0.0,0.0,0.0,0.0,0.0,0.0,0.0,0.0,0.0,0.0,0.0,0.0,0.0,0.0,0.0,0.0,0.0,0.0,0.0,0.0,0.0,0.0,0.0,0.0,0.0,644975,2023-05-21 10:30:00,2023
Torino,9.0,1.0,0.0,5.0,3.0,0.0,56.7,10.0,4.0,0.4,0.0,0.0,427.0,505.0,0.8,6.0,13.0,0.5,61.0,30.0,0.5,1.0,7.0,10.0,0.7,9.0,19.0,19.0,Fiorentina,11.0,2.0,0.0,1.0,3.0,3.0,43.3,8.0,1.0,0.1,0.0,0.0,290.0,376.0,0.8,4.0,19.0,0.2,77.0,29.0,0.4,3.0,8.0,13.0,0.6,5.0,11.0,11.0,644970,2023-05-21 13:00:00,2023
Napoli,10.0,1.0,0.0,1.0,4.0,0.0,70.4,22.0,9.0,0.4,0.0,0.0,781.0,842.0,0.9,3.0,14.0,0.2,34.0,24.0,0.7,5.0,12.0,14.0,0.9,5.0,9.0,9.0,Internazionale,14.0,0.0,1.0,2.0,1.0,6.0,29.6,6.0,2.0,0.3,0.0,0.0,283.0,344.0,0.8,4.0,10.0,0.4,48.0,18.0,0.4,2.0,10.0,20.0,0.5,12.0,13.0,13.0,644973,2023-05-21 16:00:00,2023
Udinese,15.0,3.0,0.0,2.0,3.0,3.0,39.4,12.0,2.0,0.2,0.0,0.0,363.0,422.0,0.9,2.0,12.0,0.2,57.0,30.0,0.5,4.0,10.0,10.0,1.0,12.0,17.0,17.0,Lazio,9.0,1.0,0.0,1.0,8.0,2.0,60.6,14.0,4.0,0.3,1.0,1.0,591.0,653.0,0.9,4.0,20.0,0.2,44.0,30.0,0.7,3.0,6.0,13.0,0.5,10.0,11.0,11.0,644969,2023-05-21 18:45:00,2023
AS Roma,9.0,1.0,0.0,0.0,6.0,1.0,58.8,22.0,5.0,0.2,0.0,0.0,454.0,542.0,0.8,5.0,19.0,0.3,40.0,19.0,0.5,10.0,16.0,24.0,0.7,8.0,9.0,9.0,Salernitana,14.0,4.0,0.0,1.0,4.0,3.0,41.2,8.0,3.0,0.4,0.0,0.0,292.0,388.0,0.8,0.0,7.0,0.0,58.0,21.0,0.4,2.0,10.0,18.0,0.6,3.0,21.0,21.0,644972,2023-05-22 16:30:00,2023
Empoli,20.0,2.0,0.0,3.0,3.0,3.0,39.1,14.0,7.0,0.5,1.0,1.0,224.0,299.0,0.7,5.0,11.0,0.5,53.0,20.0,0.4,1.0,14.0,20.0,0.7,15.0,33.0,33.0,Juventus,19.0,2.0,0.0,0.0,7.0,3.0,60.9,19.0,4.0,0.2,0.0,0.0,372.0,451.0,0.8,9.0,35.0,0.3,52.0,30.0,0.6,4.0,13.0,17.0,0.8,9.0,8.0,8.0,644976,2023-05-22 18:45:00,2023
Sampdoria,14.0,1.0,0.0,3.0,8.0,6.0,47.6,17.0,3.0,0.2,0.0,0.0,317.0,410.0,0.8,5.0,20.0,0.3,58.0,28.0,0.5,5.0,9.0,17.0,0.5,4.0,19.0,19.0,Sassuolo,10.0,2.0,0.0,3.0,4.0,2.0,52.4,22.0,8.0,0.4,0.0,0.0,388.0,465.0,0.8,3.0,14.0,0.2,44.0,24.0,0.5,6.0,3.0,7.0,0.4,11.0,15.0,15.0,644986,2023-05-26 18:45:00,2023
Salernitana,12.0,3.0,0.0,0.0,2.0,2.0,48.3,11.0,3.0,0.3,0.0,0.0,327.0,401.0,0.8,4.0,13.0,0.3,39.0,24.0,0.6,5.0,9.0,14.0,0.6,9.0,7.0,7.0,Udinese,22.0,1.0,1.0,1.0,1.0,0.0,51.7,10.0,4.0,0.4,0.0,0.0,352.0,438.0,0.8,2.0,8.0,0.3,56.0,23.0,0.4,1.0,9.0,21.0,0.4,5.0,17.0,17.0,644980,2023-05-27 13:00:00,2023
Spezia,14.0,2.0,0.0,4.0,5.0,1.0,49.2,9.0,1.0,0.1,0.0,0.0,239.0,323.0,0.7,1.0,22.0,0.0,46.0,14.0,0.3,3.0,4.0,8.0,0.5,3.0,10.0,10.0,Torino,13.0,2.0,0.0,1.0,2.0,1.0,50.8,11.0,4.0,0.4,0.0,0.0,255.0,350.0,0.7,0.0,5.0,0.0,73.0,32.0,0.4,4.0,9.0,18.0,0.5,7.0,24.0,24.0,644982,2023-05-27 13:00:00,2023
Fiorentina,11.0,5.0,0.0,0.0,7.0,2.0,66.0,15.0,6.0,0.4,0.0,0.0,437.0,494.0,0.9,8.0,34.0,0.2,48.0,32.0,0.7,6.0,6.0,8.0,0.8,5.0,5.0,5.0,AS Roma,12.0,3.0,0.0,2.0,4.0,3.0,34.0,8.0,4.0,0.5,0.0,0.0,194.0,264.0,0.7,3.0,8.0,0.4,54.0,24.0,0.4,1.0,10.0,13.0,0.8,8.0,17.0,17.0,644985,2023-05-27 16:00:00,2023
Internazionale,8.0,0.0,0.0,1.0,9.0,2.0,51.5,20.0,11.0,0.6,0.0,0.0,426.0,485.0,0.9,4.0,22.0,0.2,53.0,35.0,0.7,3.0,14.0,17.0,0.8,7.0,11.0,11.0,Atalanta,18.0,1.0,0.0,1.0,7.0,8.0,48.5,12.0,3.0,0.3,0.0,0.0,393.0,459.0,0.9,4.0,14.0,0.3,43.0,22.0,0.5,4.0,7.0,11.0,0.6,8.0,19.0,19.0,644984,2023-05-27 18:45:00,2023
Hellas Verona,14.0,4.0,0.0,3.0,3.0,3.0,38.2,13.0,4.0,0.3,0.0,0.0,206.0,301.0,0.7,5.0,14.0,0.4,60.0,26.0,0.4,2.0,9.0,15.0,0.6,10.0,20.0,20.0,Empoli,10.0,0.0,0.0,1.0,3.0,3.0,61.8,13.0,3.0,0.2,0.0,0.0,376.0,492.0,0.8,7.0,19.0,0.4,86.0,39.0,0.5,2.0,12.0,15.0,0.8,3.0,15.0,15.0,644981,2023-05-28 10:30:00,2023
Bologna,17.0,1.0,0.0,2.0,4.0,6.0,52.7,18.0,6.0,0.3,0.0,0.0,460.0,537.0,0.9,5.0,12.0,0.4,32.0,17.0,0.5,5.0,13.0,23.0,0.6,4.0,8.0,8.0,Napoli,10.0,3.0,0.0,1.0,4.0,4.0,47.3,11.0,8.0,0.7,0.0,0.0,411.0,477.0,0.9,3.0,10.0,0.3,50.0,31.0,0.6,0.0,10.0,12.0,0.8,9.0,10.0,10.0,644977,2023-05-28 13:00:00,2023
Monza,11.0,2.0,1.0,0.0,1.0,0.0,74.0,5.0,1.0,0.2,0.0,1.0,587.0,643.0,0.9,2.0,18.0,0.1,59.0,39.0,0.7,1.0,7.0,11.0,0.6,8.0,6.0,6.0,Lecce,20.0,3.0,0.0,1.0,3.0,1.0,26.0,9.0,1.0,0.1,1.0,1.0,158.0,225.0,0.7,0.0,10.0,0.0,46.0,21.0,0.5,5.0,12.0,15.0,0.8,4.0,13.0,13.0,644979,2023-05-28 13:00:00,2023
Lazio,15.0,2.0,0.0,4.0,4.0,4.0,57.7,12.0,8.0,0.7,0.0,0.0,566.0,625.0,0.9,3.0,12.0,0.3,33.0,25.0,0.8,1.0,9.0,17.0,0.5,12.0,14.0,14.0,Cremonese,8.0,2.0,0.0,0.0,3.0,4.0,42.3,11.0,5.0,0.5,0.0,0.0,382.0,448.0,0.9,4.0,17.0,0.2,53.0,27.0,0.5,1.0,6.0,11.0,0.5,8.0,16.0,16.0,644978,2023-05-28 16:00:00,2023
Juventus,12.0,1.0,0.0,0.0,4.0,2.0,48.3,16.0,3.0,0.2,0.0,0.0,360.0,426.0,0.8,4.0,24.0,0.2,43.0,28.0,0.7,7.0,8.0,15.0,0.5,4.0,15.0,15.0,AC Milan,10.0,2.0,0.0,1.0,6.0,3.0,51.7,9.0,3.0,0.3,0.0,0.0,387.0,467.0,0.8,3.0,12.0,0.3,58.0,31.0,0.5,2.0,11.0,17.0,0.6,5.0,24.0,24.0,644983,2023-05-28 18:45:00,2023
Sassuolo,7.0,2.0,2.0,4.0,2.0,4.0,51.3,5.0,2.0,0.4,1.0,1.0,377.0,440.0,0.9,2.0,6.0,0.3,39.0,17.0,0.4,2.0,2.0,4.0,0.5,3.0,11.0,11.0,Fiorentina,15.0,4.0,0.0,5.0,4.0,1.0,48.7,15.0,7.0,0.5,0.0,0.0,363.0,403.0,0.9,4.0,17.0,0.2,55.0,35.0,0.6,3.0,2.0,8.0,0.3,5.0,11.0,11.0,644994,2023-06-02 18:30:00,2023
Torino,6.0,1.0,0.0,1.0,6.0,4.0,40.6,17.0,5.0,0.3,0.0,0.0,311.0,377.0,0.8,5.0,23.0,0.2,50.0,25.0,0.5,4.0,4.0,5.0,0.8,9.0,11.0,11.0,Internazionale,7.0,2.0,0.0,1.0,4.0,5.0,59.4,14.0,4.0,0.3,0.0,0.0,502.0,576.0,0.9,6.0,14.0,0.4,48.0,26.0,0.5,2.0,6.0,11.0,0.5,8.0,17.0,17.0,644995,2023-06-03 16:30:00,2023
Cremonese,15.0,1.0,0.0,1.0,4.0,1.0,41.5,12.0,4.0,0.3,1.0,1.0,324.0,401.0,0.8,3.0,14.0,0.2,64.0,33.0,0.5,4.0,15.0,20.0,0.8,13.0,10.0,10.0,Salernitana,12.0,2.0,0.0,4.0,6.0,2.0,58.5,11.0,1.0,0.1,0.0,0.0,498.0,577.0,0.9,6.0,13.0,0.5,48.0,25.0,0.5,3.0,9.0,14.0,0.6,7.0,9.0,9.0,644988,2023-06-03 19:00:00,2023
Empoli,7.0,1.0,1.0,1.0,6.0,9.0,46.8,7.0,1.0,0.1,0.0,0.0,422.0,489.0,0.9,1.0,16.0,0.1,64.0,37.0,0.6,4.0,10.0,17.0,0.6,4.0,17.0,17.0,Lazio,10.0,2.0,0.0,2.0,7.0,1.0,53.2,21.0,11.0,0.5,0.0,0.0,497.0,559.0,0.9,6.0,18.0,0.3,31.0,19.0,0.6,7.0,16.0,24.0,0.7,9.0,13.0,13.0,644989,2023-06-03 19:00:00,2023
Napoli,7.0,0.0,0.0,1.0,11.0,4.0,73.1,21.0,9.0,0.4,1.0,1.0,713.0,771.0,0.9,4.0,17.0,0.2,35.0,28.0,0.8,5.0,4.0,10.0,0.4,5.0,5.0,5.0,Sampdoria,7.0,1.0,0.0,0.0,0.0,7.0,26.9,6.0,4.0,0.7,0.0,0.0,221.0,280.0,0.8,4.0,7.0,0.6,50.0,23.0,0.5,0.0,9.0,11.0,0.8,10.0,22.0,22.0,644992,2023-06-04 16:30:00,2023
Lecce,11.0,1.0,0.0,0.0,7.0,4.0,38.7,20.0,7.0,0.4,0.0,0.0,280.0,342.0,0.8,9.0,27.0,0.3,58.0,35.0,0.6,6.0,9.0,14.0,0.6,7.0,18.0,18.0,Bologna,9.0,3.0,0.0,1.0,2.0,5.0,61.3,11.0,7.0,0.6,0.0,0.0,500.0,574.0,0.9,2.0,12.0,0.2,39.0,19.0,0.5,2.0,4.0,8.0,0.5,4.0,13.0,13.0,644990,2023-06-04 19:00:00,2023
AC Milan,5.0,1.0,0.0,2.0,7.0,0.0,78.8,14.0,5.0,0.4,1.0,1.0,591.0,667.0,0.9,2.0,18.0,0.1,40.0,27.0,0.7,4.0,10.0,13.0,0.8,5.0,12.0,12.0,Hellas Verona,18.0,4.0,0.0,3.0,1.0,2.0,21.2,6.0,1.0,0.2,0.0,0.0,103.0,177.0,0.6,0.0,6.0,0.0,46.0,14.0,0.3,1.0,11.0,18.0,0.6,14.0,19.0,19.0,644996,2023-06-04 19:00:00,2023
Atalanta,13.0,1.0,0.0,2.0,5.0,2.0,38.8,20.0,10.0,0.5,0.0,0.0,354.0,415.0,0.9,5.0,13.0,0.4,43.0,23.0,0.5,2.0,5.0,9.0,0.6,8.0,6.0,6.0,Monza,8.0,2.0,1.0,3.0,1.0,5.0,61.2,8.0,4.0,0.5,0.0,0.0,588.0,667.0,0.9,0.0,4.0,0.0,46.0,29.0,0.6,0.0,15.0,20.0,0.8,8.0,13.0,13.0,644987,2023-06-04 19:00:00,2023
Udinese,9.0,2.0,0.0,0.0,6.0,4.0,42.8,13.0,3.0,0.2,0.0,0.0,300.0,352.0,0.9,6.0,23.0,0.3,46.0,31.0,0.7,3.0,7.0,12.0,0.6,8.0,22.0,22.0,Juventus,11.0,2.0,0.0,1.0,14.0,3.0,57.2,20.0,5.0,0.3,0.0,0.0,422.0,477.0,0.9,11.0,30.0,0.4,54.0,37.0,0.7,6.0,11.0,15.0,0.7,7.0,14.0,14.0,644991,2023-06-04 19:00:00,2023
AS Roma,0.0,0.0,0.0,0.0,0.0,0.0,0.0,0.0,0.0,0.0,0.0,0.0,0.0,0.0,0.0,0.0,0.0,0.0,0.0,0.0,0.0,0.0,0.0,0.0,0.0,0.0,0.0,0.0,Spezia,0.0,0.0,0.0,0.0,0.0,0.0,0.0,0.0,0.0,0.0,0.0,0.0,0.0,0.0,0.0,0.0,0.0,0.0,0.0,0.0,0.0,0.0,0.0,0.0,0.0,0.0,0.0,0.0,644993,2023-06-04 19:00:00,2023
Spezia,11.0,2.0,0.0,0.0,9.0,2.0,68.7,17.0,10.0,0.6,0.0,1.0,379.0,463.0,0.8,9.0,39.0,0.2,59.0,29.0,0.5,2.0,6.0,8.0,0.8,5.0,19.0,19.0,Hellas Verona,18.0,5.0,1.0,1.0,5.0,8.0,31.3,9.0,5.0,0.6,0.0,0.0,132.0,221.0,0.6,1.0,10.0,0.1,73.0,31.0,0.4,2.0,16.0,24.0,0.7,6.0,35.0,35.0,670116,2023-06-11 18:45:00,2023
Empoli,17.0,2.0,0.0,2.0,2.0,3.0,47.1,10.0,4.0,0.4,0.0,0.0,200.0,314.0,0.6,0.0,5.0,0.0,68.0,17.0,0.3,1.0,6.0,12.0,0.5,5.0,11.0,11.0,Hellas Verona,18.0,2.0,0.0,3.0,4.0,4.0,52.9,10.0,4.0,0.4,0.0,0.0,249.0,351.0,0.7,3.0,14.0,0.2,72.0,40.0,0.6,1.0,12.0,20.0,0.6,11.0,20.0,20.0,679226,2023-08-19 16:30:00,2023
Frosinone,14.0,3.0,0.0,3.0,5.0,5.0,48.2,4.0,1.0,0.3,1.0,1.0,386.0,440.0,0.9,2.0,7.0,0.3,40.0,15.0,0.4,1.0,6.0,6.0,1.0,2.0,17.0,17.0,Napoli,17.0,3.0,0.0,3.0,6.0,0.0,51.8,19.0,8.0,0.4,0.0,0.0,420.0,473.0,0.9,4.0,18.0,0.2,43.0,24.0,0.6,7.0,11.0,20.0,0.6,3.0,7.0,7.0,679222,2023-08-19 16:30:00,2023
Internazionale,8.0,1.0,0.0,1.0,8.0,2.0,47.5,22.0,3.0,0.1,0.0,0.0,426.0,474.0,0.9,11.0,21.0,0.5,51.0,37.0,0.7,7.0,13.0,17.0,0.8,9.0,12.0,12.0,Monza,13.0,1.0,0.0,1.0,3.0,1.0,52.5,12.0,2.0,0.2,0.0,0.0,477.0,528.0,0.9,7.0,14.0,0.5,40.0,28.0,0.7,4.0,10.0,13.0,0.8,13.0,10.0,10.0,679229,2023-08-19 18:45:00,2023
Genoa,14.0,2.0,0.0,2.0,3.0,1.0,31.6,4.0,2.0,0.5,0.0,0.0,218.0,291.0,0.7,5.0,16.0,0.3,38.0,19.0,0.5,0.0,9.0,14.0,0.6,9.0,13.0,13.0,Fiorentina,13.0,3.0,0.0,1.0,4.0,1.0,68.4,9.0,5.0,0.6,0.0,0.0,575.0,656.0,0.9,1.0,12.0,0.1,78.0,55.0,0.7,2.0,8.0,11.0,0.7,7.0,14.0,14.0,679228,2023-08-19 18:45:00,2023
Sassuolo,9.0,0.0,0.0,0.0,7.0,2.0,49.7,11.0,3.0,0.3,0.0,0.0,427.0,491.0,0.9,3.0,14.0,0.2,41.0,18.0,0.4,4.0,6.0,10.0,0.6,12.0,17.0,17.0,Atalanta,13.0,0.0,0.0,2.0,7.0,3.0,50.3,16.0,6.0,0.4,0.0,0.0,413.0,480.0,0.9,8.0,29.0,0.3,56.0,29.0,0.5,2.0,7.0,13.0,0.5,9.0,9.0,9.0,679227,2023-08-20 16:30:00,2023
AS Roma,12.0,0.0,0.0,1.0,9.0,0.0,59.9,13.0,3.0,0.2,0.0,0.0,389.0,475.0,0.8,10.0,30.0,0.3,53.0,23.0,0.4,3.0,13.0,15.0,0.9,9.0,5.0,5.0,Salernitana,9.0,4.0,0.0,1.0,1.0,1.0,40.1,3.0,2.0,0.7,0.0,0.0,241.0,332.0,0.7,0.0,3.0,0.0,52.0,12.0,0.2,0.0,6.0,9.0,0.7,10.0,18.0,18.0,679220,2023-08-20 16:30:00,2023
Lecce,0.0,0.0,0.0,0.0,0.0,0.0,0.0,0.0,0.0,0.0,0.0,0.0,0.0,0.0,0.0,0.0,0.0,0.0,0.0,0.0,0.0,0.0,0.0,0.0,0.0,0.0,0.0,0.0,Lazio,0.0,0.0,0.0,0.0,0.0,0.0,0.0,0.0,0.0,0.0,0.0,0.0,0.0,0.0,0.0,0.0,0.0,0.0,0.0,0.0,0.0,0.0,0.0,0.0,0.0,0.0,0.0,0.0,679221,2023-08-20 18:45:00,2023
Udinese,12.0,1.0,0.0,3.0,7.0,1.0,48.4,18.0,5.0,0.3,0.0,0.0,378.0,429.0,0.9,6.0,24.0,0.3,38.0,22.0,0.6,7.0,6.0,11.0,0.5,7.0,10.0,10.0,Juventus,10.0,3.0,0.0,4.0,3.0,5.0,51.6,9.0,4.0,0.4,1.0,1.0,392.0,476.0,0.8,5.0,8.0,0.6,45.0,17.0,0.4,2.0,14.0,21.0,0.7,5.0,19.0,19.0,679224,2023-08-20 18:45:00,2023
Torino,8.0,1.0,0.0,1.0,8.0,2.0,57.1,11.0,2.0,0.2,0.0,0.0,354.0,447.0,0.8,3.0,20.0,0.2,68.0,34.0,0.5,3.0,6.0,10.0,0.6,8.0,14.0,14.0,Cagliari,12.0,1.0,0.0,2.0,3.0,2.0,42.9,8.0,2.0,0.3,0.0,0.0,243.0,338.0,0.7,1.0,14.0,0.1,78.0,27.0,0.3,1.0,13.0,18.0,0.7,10.0,14.0,14.0,679223,2023-08-21 16:30:00,2023
Bologna,10.0,2.0,0.0,2.0,3.0,3.0,53.1,17.0,5.0,0.3,0.0,0.0,481.0,543.0,0.9,5.0,16.0,0.3,44.0,33.0,0.8,5.0,8.0,21.0,0.4,4.0,11.0,11.0,AC Milan,4.0,2.0,0.0,2.0,6.0,5.0,46.9,9.0,6.0,0.7,0.0,0.0,409.0,481.0,0.9,4.0,11.0,0.4,33.0,11.0,0.3,2.0,8.0,13.0,0.6,9.0,11.0,11.0,679225,2023-08-21 18:45:00,2023
Monza,14.0,1.0,0.0,2.0,7.0,6.0,53.8,20.0,5.0,0.3,0.0,0.0,413.0,486.0,0.9,12.0,22.0,0.5,57.0,33.0,0.6,6.0,13.0,25.0,0.5,7.0,16.0,16.0,Empoli,7.0,2.0,0.0,1.0,5.0,3.0,46.2,18.0,6.0,0.3,0.0,0.0,343.0,417.0,0.8,4.0,14.0,0.3,46.0,22.0,0.5,4.0,9.0,15.0,0.6,3.0,15.0,15.0,679230,2023-08-26 16:30:00,2023
Frosinone,10.0,1.0,0.0,1.0,3.0,5.0,36.8,13.0,5.0,0.4,0.0,0.0,270.0,372.0,0.7,2.0,8.0,0.3,63.0,19.0,0.3,4.0,6.0,13.0,0.5,15.0,27.0,27.0,Atalanta,10.0,2.0,0.0,1.0,7.0,3.0,63.2,18.0,6.0,0.3,0.0,0.0,522.0,622.0,0.8,5.0,29.0,0.2,41.0,18.0,0.4,4.0,5.0,16.0,0.3,9.0,8.0,8.0,679235,2023-08-26 16:30:00,2023
Hellas Verona,17.0,1.0,1.0,0.0,2.0,6.0,28.4,5.0,3.0,0.6,0.0,0.0,134.0,206.0,0.7,1.0,5.0,0.2,63.0,34.0,0.5,1.0,9.0,12.0,0.8,5.0,36.0,36.0,AS Roma,12.0,3.0,0.0,3.0,12.0,1.0,71.6,23.0,7.0,0.3,0.0,0.0,431.0,497.0,0.9,6.0,31.0,0.2,40.0,20.0,0.5,4.0,9.0,16.0,0.6,2.0,5.0,5.0,679234,2023-08-26 18:45:00,2023
AC Milan,13.0,2.0,0.0,1.0,2.0,0.0,59.4,17.0,7.0,0.4,2.0,2.0,431.0,498.0,0.9,4.0,11.0,0.4,40.0,20.0,0.5,2.0,5.0,10.0,0.5,9.0,5.0,5.0,Torino,16.0,3.0,0.0,2.0,1.0,3.0,40.6,8.0,1.0,0.1,0.0,0.0,272.0,335.0,0.8,4.0,13.0,0.3,47.0,24.0,0.5,1.0,6.0,12.0,0.5,8.0,16.0,16.0,679238,2023-08-26 18:45:00,2023
Fiorentina,0.0,0.0,0.0,0.0,0.0,0.0,0.0,0.0,0.0,0.0,0.0,0.0,0.0,0.0,0.0,0.0,0.0,0.0,0.0,0.0,0.0,0.0,0.0,0.0,0.0,0.0,0.0,0.0,Lecce,0.0,0.0,0.0,0.0,0.0,0.0,0.0,0.0,0.0,0.0,0.0,0.0,0.0,0.0,0.0,0.0,0.0,0.0,0.0,0.0,0.0,0.0,0.0,0.0,0.0,0.0,0.0,0.0,679239,2023-08-27 16:30:00,2023
Juventus,15.0,2.0,0.0,4.0,6.0,3.0,57.7,14.0,3.0,0.2,0.0,0.0,461.0,534.0,0.9,8.0,26.0,0.3,34.0,20.0,0.6,4.0,10.0,13.0,0.8,9.0,10.0,10.0,Bologna,13.0,1.0,0.0,0.0,2.0,2.0,42.3,10.0,4.0,0.4,0.0,0.0,325.0,401.0,0.8,0.0,9.0,0.0,58.0,31.0,0.5,2.0,11.0,18.0,0.6,6.0,28.0,28.0,679236,2023-08-27 16:30:00,2023
Napoli,9.0,0.0,0.0,4.0,12.0,1.0,66.7,25.0,5.0,0.2,1.0,2.0,595.0,656.0,0.9,12.0,25.0,0.5,40.0,29.0,0.7,8.0,10.0,18.0,0.6,3.0,5.0,5.0,Sassuolo,10.0,1.0,1.0,0.0,4.0,3.0,33.3,6.0,1.0,0.2,0.0,0.0,269.0,330.0,0.8,2.0,10.0,0.2,33.0,12.0,0.4,2.0,13.0,17.0,0.8,7.0,24.0,24.0,679232,2023-08-27 18:45:00,2023
Lazio,9.0,4.0,0.0,0.0,15.0,2.0,70.4,16.0,2.0,0.1,0.0,0.0,629.0,724.0,0.9,8.0,50.0,0.2,36.0,20.0,0.6,5.0,6.0,10.0,0.6,4.0,10.0,10.0,Genoa,16.0,2.0,0.0,0.0,1.0,2.0,29.6,5.0,3.0,0.6,0.0,0.0,231.0,314.0,0.7,2.0,10.0,0.2,62.0,24.0,0.4,1.0,7.0,18.0,0.4,15.0,54.0,54.0,679237,2023-08-27 18:45:00,2023
Salernitana,12.0,4.0,0.0,1.0,7.0,7.0,55.9,9.0,4.0,0.4,0.0,0.0,339.0,427.0,0.8,3.0,19.0,0.2,56.0,24.0,0.4,1.0,7.0,9.0,0.8,10.0,18.0,18.0,Udinese,19.0,4.0,0.0,1.0,5.0,3.0,44.1,14.0,6.0,0.4,0.0,0.0,254.0,333.0,0.8,6.0,18.0,0.3,56.0,27.0,0.5,4.0,6.0,12.0,0.5,13.0,14.0,14.0,679231,2023-08-28 16:30:00,2023
Cagliari,9.0,0.0,0.0,1.0,4.0,1.0,33.1,12.0,2.0,0.2,0.0,0.0,254.0,327.0,0.8,4.0,22.0,0.2,52.0,27.0,0.5,6.0,6.0,12.0,0.5,6.0,40.0,40.0,Internazionale,10.0,1.0,0.0,2.0,7.0,2.0,66.9,17.0,3.0,0.2,0.0,0.0,595.0,678.0,0.9,6.0,28.0,0.2,71.0,42.0,0.6,5.0,16.0,25.0,0.6,2.0,17.0,17.0,679233,2023-08-28 18:45:00,2023
Sassuolo,8.0,1.0,0.0,1.0,10.0,2.0,46.6,16.0,7.0,0.4,1.0,1.0,283.0,375.0,0.8,4.0,24.0,0.2,67.0,28.0,0.4,5.0,6.0,11.0,0.5,10.0,6.0,6.0,Hellas Verona,13.0,3.0,0.0,4.0,1.0,4.0,53.4,11.0,3.0,0.3,0.0,0.0,357.0,445.0,0.8,4.0,12.0,0.3,73.0,33.0,0.5,0.0,12.0,15.0,0.8,4.0,29.0,29.0,679247,2023-09-01 16:30:00,2023
AS Roma,14.0,2.0,0.0,1.0,3.0,2.0,42.9,13.0,2.0,0.2,0.0,0.0,336.0,399.0,0.8,3.0,22.0,0.1,49.0,32.0,0.7,4.0,5.0,12.0,0.4,8.0,7.0,7.0,AC Milan,15.0,2.0,1.0,1.0,5.0,1.0,57.1,9.0,4.0,0.4,1.0,1.0,478.0,544.0,0.9,3.0,11.0,0.3,53.0,20.0,0.4,4.0,5.0,6.0,0.8,8.0,16.0,16.0,679246,2023-09-01 18:45:00,2023
Bologna,9.0,1.0,0.0,1.0,5.0,0.0,71.6,16.0,7.0,0.4,0.0,1.0,645.0,725.0,0.9,6.0,17.0,0.4,47.0,27.0,0.6,3.0,9.0,17.0,0.5,6.0,13.0,13.0,Cagliari,13.0,2.0,0.0,1.0,2.0,5.0,28.4,7.0,1.0,0.1,0.0,0.0,211.0,272.0,0.8,3.0,18.0,0.2,43.0,26.0,0.6,1.0,8.0,11.0,0.7,11.0,14.0,14.0,679241,2023-09-02 16:30:00,2023
Udinese,14.0,2.0,0.0,0.0,3.0,1.0,46.5,12.0,6.0,0.5,0.0,0.0,263.0,345.0,0.8,6.0,16.0,0.4,45.0,20.0,0.4,2.0,10.0,16.0,0.6,4.0,18.0,18.0,Frosinone,9.0,2.0,0.0,2.0,5.0,6.0,53.5,12.0,2.0,0.2,0.0,0.0,313.0,396.0,0.8,2.0,16.0,0.1,62.0,23.0,0.4,4.0,16.0,24.0,0.7,7.0,16.0,16.0,679249,2023-09-02 16:30:00,2023
Atalanta,11.0,0.0,0.0,4.0,7.0,2.0,41.4,18.0,8.0,0.4,0.0,0.0,364.0,427.0,0.9,10.0,23.0,0.4,36.0,17.0,0.5,5.0,10.0,14.0,0.7,9.0,12.0,12.0,Monza,9.0,3.0,0.0,1.0,3.0,5.0,58.6,8.0,2.0,0.3,0.0,0.0,538.0,627.0,0.9,4.0,14.0,0.3,65.0,32.0,0.5,1.0,11.0,20.0,0.6,7.0,12.0,12.0,679240,2023-09-02 18:45:00,2023
Napoli,8.0,0.0,0.0,4.0,7.0,0.0,61.2,22.0,4.0,0.2,0.0,0.0,520.0,598.0,0.9,6.0,24.0,0.3,43.0,22.0,0.5,10.0,8.0,13.0,0.6,11.0,7.0,7.0,Lazio,9.0,2.0,0.0,3.0,2.0,3.0,38.8,6.0,2.0,0.3,0.0,0.0,317.0,387.0,0.8,1.0,7.0,0.1,33.0,12.0,0.4,1.0,6.0,11.0,0.5,10.0,38.0,38.0,679245,2023-09-02 18:45:00,2023
Torino,13.0,2.0,0.0,5.0,4.0,2.0,62.9,10.0,3.0,0.3,0.0,0.0,426.0,497.0,0.9,4.0,26.0,0.2,34.0,18.0,0.5,2.0,4.0,7.0,0.6,6.0,6.0,6.0,Genoa,7.0,5.0,0.0,2.0,0.0,2.0,37.1,7.0,2.0,0.3,0.0,0.0,214.0,307.0,0.7,0.0,4.0,0.0,68.0,31.0,0.5,2.0,9.0,16.0,0.6,10.0,22.0,22.0,679248,2023-09-03 16:30:00,2023
Internazionale,13.0,1.0,0.0,0.0,1.0,2.0,39.6,21.0,11.0,0.5,1.0,1.0,285.0,348.0,0.8,5.0,9.0,0.6,39.0,24.0,0.6,2.0,9.0,19.0,0.5,9.0,9.0,9.0,Fiorentina,12.0,1.0,0.0,1.0,1.0,7.0,60.4,6.0,2.0,0.3,0.0,0.0,455.0,527.0,0.9,2.0,15.0,0.1,75.0,58.0,0.8,3.0,1.0,3.0,0.3,7.0,10.0,10.0,679243,2023-09-03 16:30:00,2023
Lecce,0.0,0.0,0.0,0.0,0.0,0.0,0.0,0.0,0.0,0.0,0.0,0.0,0.0,0.0,0.0,0.0,0.0,0.0,0.0,0.0,0.0,0.0,0.0,0.0,0.0,0.0,0.0,0.0,Salernitana,0.0,0.0,0.0,0.0,0.0,0.0,0.0,0.0,0.0,0.0,0.0,0.0,0.0,0.0,0.0,0.0,0.0,0.0,0.0,0.0,0.0,0.0,0.0,0.0,0.0,0.0,0.0,0.0,679244,2023-09-03 18:45:00,2023
Empoli,14.0,3.0,0.0,2.0,3.0,3.0,49.5,7.0,0.0,0.0,0.0,0.0,391.0,449.0,0.9,4.0,27.0,0.1,32.0,16.0,0.5,2.0,4.0,8.0,0.5,4.0,12.0,12.0,Juventus,13.0,3.0,0.0,1.0,7.0,0.0,50.5,18.0,5.0,0.3,0.0,1.0,398.0,469.0,0.8,7.0,19.0,0.4,61.0,37.0,0.6,7.0,14.0,17.0,0.8,12.0,22.0,22.0,679242,2023-09-03 18:45:00,2023
Juventus,13.0,5.0,0.0,1.0,7.0,5.0,36.0,17.0,7.0,0.4,0.0,0.0,285.0,348.0,0.8,3.0,11.0,0.3,45.0,22.0,0.5,1.0,6.0,14.0,0.4,10.0,15.0,15.0,Lazio,13.0,1.0,0.0,0.0,9.0,4.0,64.0,16.0,5.0,0.3,0.0,0.0,564.0,622.0,0.9,4.0,19.0,0.2,31.0,25.0,0.8,6.0,6.0,9.0,0.7,6.0,8.0,8.0,679255,2023-09-16 13:00:00,2023
Internazionale,16.0,2.0,0.0,2.0,5.0,1.0,40.1,14.0,7.0,0.5,1.0,1.0,282.0,340.0,0.8,4.0,12.0,0.3,50.0,28.0,0.6,4.0,7.0,12.0,0.6,5.0,9.0,9.0,AC Milan,13.0,2.0,0.0,2.0,0.0,2.0,59.9,9.0,2.0,0.2,0.0,0.0,475.0,526.0,0.9,3.0,8.0,0.4,26.0,17.0,0.7,3.0,5.0,8.0,0.6,5.0,18.0,18.0,679254,2023-09-16 16:00:00,2023
Genoa,14.0,3.0,0.0,1.0,3.0,2.0,33.8,8.0,3.0,0.4,0.0,0.0,226.0,302.0,0.7,2.0,15.0,0.1,50.0,23.0,0.5,1.0,8.0,15.0,0.5,7.0,18.0,18.0,Napoli,8.0,2.0,0.0,3.0,1.0,1.0,66.2,12.0,4.0,0.3,0.0,0.0,524.0,608.0,0.9,3.0,14.0,0.2,36.0,16.0,0.4,5.0,13.0,19.0,0.7,7.0,13.0,13.0,679253,2023-09-16 18:45:00,2023
Cagliari,12.0,0.0,1.0,3.0,4.0,1.0,44.3,10.0,1.0,0.1,0.0,0.0,276.0,357.0,0.8,8.0,18.0,0.4,58.0,21.0,0.4,2.0,6.0,13.0,0.5,5.0,18.0,18.0,Udinese,11.0,1.0,0.0,1.0,6.0,1.0,55.7,11.0,1.0,0.1,0.0,0.0,380.0,454.0,0.8,7.0,18.0,0.4,46.0,20.0,0.4,1.0,14.0,17.0,0.8,12.0,19.0,19.0,679250,2023-09-17 10:30:00,2023
Frosinone,10.0,4.0,0.0,5.0,5.0,5.0,54.9,16.0,6.0,0.4,1.0,1.0,370.0,441.0,0.8,6.0,14.0,0.4,52.0,27.0,0.5,2.0,8.0,10.0,0.8,6.0,15.0,15.0,Sassuolo,9.0,2.0,0.0,2.0,6.0,2.0,45.1,18.0,7.0,0.4,0.0,0.0,287.0,364.0,0.8,2.0,11.0,0.2,48.0,19.0,0.4,6.0,7.0,14.0,0.5,9.0,20.0,20.0,679252,2023-09-17 13:00:00,2023
Monza,17.0,4.0,1.0,1.0,10.0,2.0,60.7,25.0,6.0,0.2,0.0,0.0,449.0,516.0,0.9,6.0,29.0,0.2,41.0,28.0,0.7,7.0,10.0,19.0,0.5,6.0,9.0,9.0,Lecce,11.0,1.0,1.0,0.0,1.0,4.0,39.3,4.0,3.0,0.8,1.0,1.0,288.0,342.0,0.8,2.0,12.0,0.2,35.0,18.0,0.5,0.0,8.0,14.0,0.6,10.0,29.0,29.0,679256,2023-09-17 13:00:00,2023
Fiorentina,8.0,1.0,0.0,0.0,3.0,2.0,57.4,15.0,8.0,0.5,0.0,0.0,424.0,509.0,0.8,2.0,16.0,0.1,67.0,45.0,0.7,3.0,15.0,19.0,0.8,5.0,11.0,11.0,Atalanta,14.0,2.0,0.0,2.0,4.0,5.0,42.6,11.0,4.0,0.4,0.0,0.0,284.0,383.0,0.7,3.0,6.0,0.5,60.0,23.0,0.4,3.0,17.0,27.0,0.6,16.0,22.0,22.0,679251,2023-09-17 16:00:00,2023
AS Roma,15.0,2.0,0.0,2.0,2.0,2.0,53.1,14.0,9.0,0.6,1.0,1.0,508.0,568.0,0.9,3.0,7.0,0.4,42.0,29.0,0.7,2.0,18.0,25.0,0.7,5.0,14.0,14.0,Empoli,5.0,2.0,0.0,2.0,6.0,3.0,46.9,8.0,2.0,0.3,0.0,0.0,433.0,481.0,0.9,5.0,25.0,0.2,21.0,11.0,0.5,2.0,13.0,19.0,0.7,10.0,8.0,8.0,679257,2023-09-17 18:45:00,2023
Salernitana,12.0,2.0,0.0,2.0,1.0,0.0,55.5,14.0,4.0,0.3,0.0,0.0,406.0,505.0,0.8,4.0,13.0,0.3,31.0,10.0,0.3,2.0,8.0,14.0,0.6,6.0,15.0,15.0,Torino,16.0,2.0,0.0,2.0,2.0,4.0,44.5,11.0,3.0,0.3,0.0,0.0,322.0,401.0,0.8,2.0,12.0,0.2,56.0,26.0,0.5,5.0,9.0,11.0,0.8,11.0,15.0,15.0,679258,2023-09-18 16:30:00,2023
Hellas Verona,18.0,4.0,0.0,5.0,3.0,4.0,39.2,9.0,1.0,0.1,0.0,0.0,281.0,347.0,0.8,5.0,17.0,0.3,56.0,30.0,0.5,3.0,11.0,15.0,0.7,4.0,16.0,16.0,Bologna,10.0,2.0,0.0,1.0,4.0,1.0,60.8,11.0,4.0,0.4,0.0,0.0,481.0,548.0,0.9,6.0,15.0,0.4,49.0,33.0,0.7,2.0,5.0,8.0,0.6,5.0,14.0,14.0,679259,2023-09-18 18:45:00,2023
Salernitana,12.0,2.0,0.0,4.0,8.0,2.0,49.3,19.0,6.0,0.3,0.0,0.0,306.0,382.0,0.8,7.0,22.0,0.3,50.0,22.0,0.4,5.0,4.0,11.0,0.4,9.0,12.0,12.0,Frosinone,12.0,2.0,0.0,3.0,6.0,5.0,50.7,9.0,3.0,0.3,0.0,0.0,309.0,398.0,0.8,3.0,14.0,0.2,66.0,23.0,0.3,2.0,11.0,20.0,0.6,8.0,24.0,24.0,679266,2023-09-22 16:30:00,2023
Lecce,12.0,1.0,0.0,1.0,4.0,1.0,56.0,18.0,3.0,0.2,0.0,0.0,371.0,434.0,0.9,4.0,22.0,0.2,41.0,25.0,0.6,5.0,8.0,11.0,0.7,8.0,13.0,13.0,Genoa,10.0,1.0,1.0,0.0,3.0,2.0,44.0,8.0,1.0,0.1,0.0,0.0,270.0,349.0,0.8,4.0,14.0,0.3,59.0,23.0,0.4,2.0,18.0,32.0,0.6,7.0,16.0,16.0,679264,2023-09-22 18:45:00,2023
AC Milan,12.0,4.0,0.0,1.0,2.0,2.0,54.3,9.0,4.0,0.4,0.0,0.0,370.0,458.0,0.8,2.0,13.0,0.2,48.0,19.0,0.4,3.0,11.0,17.0,0.6,12.0,13.0,13.0,Hellas Verona,11.0,2.0,0.0,1.0,3.0,3.0,45.7,10.0,2.0,0.2,0.0,0.0,280.0,372.0,0.8,5.0,20.0,0.3,60.0,22.0,0.4,3.0,11.0,23.0,0.5,4.0,19.0,19.0,679265,2023-09-23 13:00:00,2023
Sassuolo,13.0,4.0,0.0,0.0,6.0,1.0,42.7,18.0,7.0,0.4,0.0,0.0,278.0,353.0,0.8,4.0,18.0,0.2,54.0,23.0,0.4,4.0,7.0,17.0,0.4,10.0,17.0,17.0,Juventus,8.0,2.0,0.0,2.0,3.0,4.0,57.3,15.0,2.0,0.1,0.0,0.0,400.0,473.0,0.8,10.0,21.0,0.5,50.0,22.0,0.4,3.0,10.0,16.0,0.6,13.0,21.0,21.0,679267,2023-09-23 16:00:00,2023
Lazio,13.0,2.0,0.0,3.0,1.0,3.0,48.6,8.0,1.0,0.1,1.0,1.0,435.0,514.0,0.8,2.0,14.0,0.1,47.0,33.0,0.7,3.0,10.0,13.0,0.8,11.0,3.0,3.0,Monza,7.0,2.0,0.0,2.0,3.0,0.0,51.4,16.0,4.0,0.3,0.0,0.0,461.0,547.0,0.8,4.0,8.0,0.5,65.0,34.0,0.5,2.0,10.0,17.0,0.6,10.0,20.0,20.0,679263,2023-09-23 18:45:00,2023
Empoli,15.0,2.0,0.0,0.0,3.0,4.0,38.9,7.0,1.0,0.1,0.0,0.0,281.0,351.0,0.8,4.0,15.0,0.3,42.0,15.0,0.4,3.0,10.0,14.0,0.7,4.0,21.0,21.0,Internazionale,11.0,2.0,0.0,1.0,6.0,1.0,61.1,23.0,6.0,0.3,0.0,0.0,477.0,552.0,0.9,8.0,31.0,0.3,57.0,37.0,0.6,6.0,8.0,14.0,0.6,11.0,4.0,4.0,679262,2023-09-24 10:30:00,2023
Atalanta,6.0,1.0,0.0,5.0,7.0,0.0,56.7,10.0,6.0,0.6,0.0,0.0,431.0,534.0,0.8,1.0,14.0,0.1,74.0,31.0,0.4,2.0,10.0,15.0,0.7,3.0,19.0,19.0,Cagliari,11.0,2.0,0.0,1.0,7.0,4.0,43.3,10.0,0.0,0.0,0.0,0.0,306.0,402.0,0.8,5.0,18.0,0.3,73.0,33.0,0.5,3.0,9.0,13.0,0.7,8.0,18.0,18.0,679260,2023-09-24 13:00:00,2023
Udinese,13.0,0.0,0.0,1.0,10.0,0.0,49.0,20.0,8.0,0.4,0.0,0.0,280.0,376.0,0.7,6.0,21.0,0.3,46.0,22.0,0.5,7.0,10.0,22.0,0.5,12.0,16.0,16.0,Fiorentina,11.0,1.0,0.0,1.0,3.0,8.0,51.0,6.0,2.0,0.3,0.0,0.0,300.0,404.0,0.7,2.0,12.0,0.2,66.0,27.0,0.4,1.0,11.0,18.0,0.6,3.0,17.0,17.0,679269,2023-09-24 13:00:00,2023
Bologna,16.0,4.0,0.0,2.0,5.0,4.0,49.1,4.0,2.0,0.5,0.0,0.0,398.0,448.0,0.9,3.0,13.0,0.2,42.0,28.0,0.7,1.0,12.0,20.0,0.6,5.0,18.0,18.0,Napoli,12.0,5.0,0.0,2.0,5.0,2.0,50.9,12.0,4.0,0.3,0.0,1.0,400.0,460.0,0.9,2.0,19.0,0.1,36.0,17.0,0.5,2.0,11.0,21.0,0.5,7.0,11.0,11.0,679261,2023-09-24 16:00:00,2023
Torino,5.0,0.0,0.0,0.0,7.0,2.0,41.8,12.0,4.0,0.3,0.0,0.0,294.0,381.0,0.8,7.0,27.0,0.3,46.0,17.0,0.4,2.0,10.0,15.0,0.7,10.0,19.0,19.0,AS Roma,5.0,2.0,0.0,0.0,1.0,3.0,58.2,11.0,3.0,0.3,0.0,0.0,451.0,558.0,0.8,3.0,11.0,0.3,64.0,25.0,0.4,2.0,7.0,15.0,0.5,10.0,16.0,16.0,679268,2023-09-24 18:45:00,2023
Juventus,14.0,2.0,0.0,0.0,5.0,0.0,50.7,15.0,5.0,0.3,0.0,0.0,380.0,452.0,0.8,6.0,18.0,0.3,50.0,23.0,0.5,5.0,10.0,16.0,0.6,10.0,12.0,12.0,Lecce,15.0,3.0,1.0,1.0,1.0,4.0,49.3,2.0,0.0,0.0,0.0,0.0,372.0,444.0,0.8,0.0,12.0,0.0,70.0,42.0,0.6,0.0,6.0,11.0,0.5,7.0,22.0,22.0,679274,2023-09-26 18:45:00,2023
Empoli,18.0,2.0,0.0,5.0,10.0,2.0,40.2,13.0,6.0,0.5,0.0,0.0,208.0,295.0,0.7,6.0,21.0,0.3,53.0,20.0,0.4,2.0,9.0,15.0,0.6,15.0,11.0,11.0,Salernitana,13.0,1.0,0.0,1.0,2.0,5.0,59.8,14.0,2.0,0.1,0.0,0.0,346.0,459.0,0.8,3.0,10.0,0.3,54.0,21.0,0.4,7.0,16.0,25.0,0.6,11.0,16.0,16.0,679271,2023-09-27 16:30:00,2023
Cagliari,13.0,3.0,0.0,0.0,3.0,3.0,33.3,16.0,6.0,0.4,0.0,0.0,253.0,307.0,0.8,5.0,20.0,0.3,44.0,22.0,0.5,6.0,8.0,12.0,0.7,6.0,13.0,13.0,AC Milan,6.0,1.0,0.0,1.0,5.0,5.0,66.7,17.0,6.0,0.4,0.0,0.0,588.0,632.0,0.9,2.0,19.0,0.1,38.0,24.0,0.6,4.0,8.0,12.0,0.7,3.0,15.0,15.0,679270,2023-09-27 16:30:00,2023
Hellas Verona,10.0,2.0,0.0,1.0,4.0,1.0,51.4,11.0,2.0,0.2,0.0,0.0,281.0,417.0,0.7,5.0,20.0,0.3,87.0,35.0,0.4,3.0,7.0,14.0,0.5,7.0,9.0,9.0,Atalanta,25.0,3.0,0.0,3.0,1.0,2.0,48.6,8.0,2.0,0.3,0.0,0.0,264.0,397.0,0.7,4.0,10.0,0.4,64.0,22.0,0.3,1.0,4.0,15.0,0.3,10.0,20.0,20.0,679275,2023-09-27 16:30:00,2023
Lazio,12.0,1.0,0.0,0.0,4.0,2.0,50.4,6.0,3.0,0.5,0.0,0.0,452.0,533.0,0.8,3.0,11.0,0.3,59.0,27.0,0.5,1.0,12.0,17.0,0.7,16.0,7.0,7.0,Torino,13.0,4.0,0.0,1.0,2.0,1.0,49.6,7.0,2.0,0.3,0.0,0.0,443.0,517.0,0.9,3.0,11.0,0.3,60.0,28.0,0.5,2.0,8.0,11.0,0.7,11.0,11.0,11.0,679276,2023-09-27 18:45:00,2023
Internazionale,10.0,0.0,0.0,3.0,8.0,4.0,62.6,13.0,3.0,0.2,0.0,0.0,492.0,573.0,0.9,7.0,32.0,0.2,62.0,34.0,0.5,4.0,8.0,15.0,0.5,13.0,5.0,5.0,Sassuolo,8.0,1.0,0.0,4.0,6.0,2.0,37.4,13.0,6.0,0.5,0.0,0.0,277.0,347.0,0.8,3.0,12.0,0.3,53.0,21.0,0.4,2.0,6.0,8.0,0.8,11.0,31.0,31.0,679279,2023-09-27 18:45:00,2023
Napoli,11.0,1.0,0.0,0.0,8.0,2.0,65.7,23.0,10.0,0.4,1.0,1.0,515.0,576.0,0.9,4.0,16.0,0.3,50.0,30.0,0.6,4.0,9.0,21.0,0.4,10.0,13.0,13.0,Udinese,10.0,1.0,0.0,0.0,4.0,6.0,34.3,13.0,3.0,0.2,0.0,0.0,248.0,288.0,0.9,5.0,18.0,0.3,29.0,20.0,0.7,3.0,8.0,11.0,0.7,3.0,24.0,24.0,679278,2023-09-27 18:45:00,2023
Monza,9.0,5.0,0.0,2.0,7.0,5.0,47.5,10.0,3.0,0.3,0.0,0.0,391.0,462.0,0.8,4.0,24.0,0.2,47.0,23.0,0.5,3.0,6.0,12.0,0.5,7.0,14.0,14.0,Bologna,15.0,1.0,1.0,2.0,5.0,3.0,52.5,8.0,5.0,0.6,0.0,0.0,454.0,525.0,0.9,4.0,17.0,0.2,43.0,28.0,0.7,3.0,5.0,14.0,0.4,9.0,24.0,24.0,679277,2023-09-28 16:30:00,2023
Frosinone,6.0,3.0,0.0,2.0,8.0,5.0,51.8,11.0,3.0,0.3,0.0,0.0,338.0,435.0,0.8,5.0,15.0,0.3,47.0,17.0,0.4,5.0,11.0,15.0,0.7,3.0,27.0,27.0,Fiorentina,11.0,3.0,0.0,5.0,10.0,2.0,48.2,19.0,6.0,0.3,0.0,0.0,320.0,401.0,0.8,4.0,20.0,0.2,63.0,37.0,0.6,7.0,12.0,21.0,0.6,7.0,16.0,16.0,679272,2023-09-28 16:30:00,2023
Genoa,7.0,4.0,0.0,0.0,1.0,2.0,29.3,8.0,4.0,0.5,0.0,0.0,209.0,274.0,0.8,3.0,11.0,0.3,49.0,21.0,0.4,3.0,10.0,16.0,0.6,7.0,34.0,34.0,AS Roma,12.0,3.0,0.0,2.0,7.0,0.0,70.7,13.0,3.0,0.2,0.0,0.0,597.0,666.0,0.9,5.0,23.0,0.2,39.0,22.0,0.6,4.0,9.0,16.0,0.6,6.0,9.0,9.0,679273,2023-09-28 18:45:00,2023
Lecce,0.0,0.0,0.0,0.0,0.0,0.0,0.0,0.0,0.0,0.0,0.0,0.0,0.0,0.0,0.0,0.0,0.0,0.0,0.0,0.0,0.0,0.0,0.0,0.0,0.0,0.0,0.0,0.0,Napoli,0.0,0.0,0.0,0.0,0.0,0.0,0.0,0.0,0.0,0.0,0.0,0.0,0.0,0.0,0.0,0.0,0.0,0.0,0.0,0.0,0.0,0.0,0.0,0.0,0.0,0.0,0.0,0.0,679286,2023-09-30 13:00:00,2023
AC Milan,15.0,3.0,0.0,2.0,8.0,4.0,50.4,14.0,7.0,0.5,0.0,0.0,410.0,477.0,0.9,7.0,18.0,0.4,43.0,21.0,0.5,5.0,7.0,19.0,0.4,9.0,9.0,9.0,Lazio,5.0,2.0,0.0,2.0,1.0,5.0,49.6,13.0,4.0,0.3,0.0,0.0,411.0,484.0,0.8,0.0,6.0,0.0,30.0,16.0,0.5,4.0,14.0,20.0,0.7,9.0,17.0,17.0,679285,2023-09-30 16:00:00,2023
Salernitana,12.0,2.0,0.0,2.0,3.0,2.0,35.7,12.0,3.0,0.3,0.0,0.0,246.0,326.0,0.8,1.0,9.0,0.1,38.0,7.0,0.2,5.0,5.0,11.0,0.5,8.0,19.0,19.0,Internazionale,10.0,1.0,0.0,1.0,3.0,3.0,64.3,16.0,6.0,0.4,1.0,1.0,509.0,584.0,0.9,6.0,21.0,0.3,41.0,26.0,0.6,6.0,6.0,12.0,0.5,8.0,10.0,10.0,679287,2023-09-30 18:45:00,2023
Bologna,11.0,2.0,0.0,2.0,2.0,4.0,57.4,21.0,9.0,0.4,0.0,0.0,438.0,513.0,0.9,3.0,11.0,0.3,44.0,26.0,0.6,2.0,6.0,10.0,0.6,5.0,18.0,18.0,Empoli,16.0,4.0,0.0,1.0,6.0,6.0,42.6,12.0,4.0,0.3,0.0,0.0,284.0,359.0,0.8,8.0,25.0,0.3,42.0,24.0,0.6,4.0,13.0,21.0,0.6,5.0,9.0,9.0,679283,2023-10-01 10:30:00,2023
Udinese,12.0,2.0,1.0,1.0,5.0,2.0,59.3,11.0,2.0,0.2,0.0,0.0,338.0,421.0,0.8,8.0,23.0,0.3,36.0,15.0,0.4,4.0,5.0,15.0,0.3,4.0,8.0,8.0,Genoa,12.0,2.0,0.0,2.0,0.0,1.0,40.7,8.0,4.0,0.5,0.0,0.0,222.0,300.0,0.7,1.0,6.0,0.2,53.0,17.0,0.3,1.0,11.0,18.0,0.6,13.0,19.0,19.0,679280,2023-10-01 13:00:00,2023
Atalanta,13.0,1.0,0.0,0.0,5.0,3.0,51.7,15.0,2.0,0.1,0.0,0.0,472.0,544.0,0.9,3.0,19.0,0.2,27.0,10.0,0.4,4.0,8.0,17.0,0.5,7.0,11.0,11.0,Juventus,7.0,2.0,0.0,1.0,2.0,2.0,48.3,5.0,3.0,0.6,0.0,0.0,449.0,521.0,0.9,1.0,6.0,0.2,51.0,26.0,0.5,2.0,7.0,9.0,0.8,6.0,17.0,17.0,679284,2023-10-01 16:00:00,2023
AS Roma,12.0,1.0,0.0,2.0,7.0,0.0,49.7,11.0,5.0,0.5,0.0,0.0,358.0,448.0,0.8,3.0,13.0,0.2,66.0,28.0,0.4,1.0,17.0,32.0,0.5,12.0,6.0,6.0,Frosinone,11.0,2.0,0.0,2.0,3.0,3.0,50.3,8.0,0.0,0.0,0.0,0.0,379.0,458.0,0.8,2.0,5.0,0.4,29.0,10.0,0.3,2.0,12.0,19.0,0.6,5.0,15.0,15.0,679281,2023-10-01 18:45:00,2023
Torino,6.0,1.0,0.0,1.0,10.0,2.0,54.6,8.0,2.0,0.3,0.0,0.0,308.0,418.0,0.7,3.0,15.0,0.2,56.0,25.0,0.4,1.0,4.0,9.0,0.4,7.0,14.0,14.0,Hellas Verona,11.0,1.0,0.0,1.0,1.0,2.0,45.4,5.0,2.0,0.4,0.0,0.0,258.0,359.0,0.7,1.0,8.0,0.1,74.0,26.0,0.4,2.0,12.0,19.0,0.6,15.0,26.0,26.0,679289,2023-10-02 16:30:00,2023
Sassuolo,8.0,0.0,0.0,1.0,7.0,3.0,43.3,19.0,7.0,0.4,0.0,0.0,326.0,382.0,0.9,5.0,16.0,0.3,36.0,18.0,0.5,6.0,7.0,12.0,0.6,3.0,10.0,10.0,Monza,10.0,0.0,0.0,4.0,4.0,7.0,56.7,13.0,4.0,0.3,0.0,0.0,444.0,503.0,0.9,4.0,14.0,0.3,60.0,42.0,0.7,5.0,7.0,12.0,0.6,7.0,12.0,12.0,679288,2023-10-02 16:30:00,2023
Fiorentina,10.0,1.0,0.0,1.0,4.0,3.0,59.8,14.0,2.0,0.1,0.0,0.0,530.0,595.0,0.9,2.0,13.0,0.2,72.0,45.0,0.6,7.0,14.0,18.0,0.8,7.0,16.0,16.0,Cagliari,10.0,1.0,0.0,2.0,2.0,0.0,40.2,6.0,4.0,0.7,0.0,0.0,314.0,391.0,0.8,3.0,14.0,0.2,48.0,26.0,0.5,0.0,8.0,17.0,0.5,6.0,8.0,8.0,679282,2023-10-02 18:45:00,2023
Empoli,11.0,1.0,0.0,3.0,5.0,1.0,59.1,18.0,3.0,0.2,0.0,0.0,338.0,434.0,0.8,6.0,20.0,0.3,65.0,20.0,0.3,7.0,7.0,15.0,0.5,5.0,22.0,22.0,Udinese,15.0,2.0,0.0,0.0,7.0,3.0,40.9,11.0,1.0,0.1,0.0,0.0,201.0,296.0,0.7,5.0,20.0,0.3,67.0,29.0,0.4,3.0,8.0,15.0,0.5,6.0,18.0,18.0,679293,2023-10-06 16:30:00,2023
Lecce,9.0,2.0,0.0,2.0,5.0,0.0,42.5,13.0,4.0,0.3,0.0,0.0,246.0,331.0,0.7,9.0,23.0,0.4,62.0,27.0,0.4,1.0,17.0,26.0,0.7,12.0,18.0,18.0,Sassuolo,15.0,3.0,0.0,0.0,3.0,3.0,57.5,14.0,1.0,0.1,1.0,1.0,385.0,461.0,0.8,4.0,16.0,0.3,50.0,22.0,0.4,5.0,5.0,10.0,0.5,8.0,11.0,11.0,679297,2023-10-06 18:45:00,2023
Internazionale,11.0,2.0,0.0,2.0,7.0,1.0,62.7,14.0,5.0,0.4,0.0,0.0,522.0,600.0,0.9,7.0,31.0,0.2,33.0,20.0,0.6,5.0,5.0,13.0,0.4,12.0,8.0,8.0,Bologna,9.0,3.0,0.0,1.0,7.0,3.0,37.3,8.0,3.0,0.4,1.0,1.0,279.0,357.0,0.8,3.0,13.0,0.2,42.0,12.0,0.3,2.0,10.0,15.0,0.7,17.0,28.0,28.0,679290,2023-10-07 13:00:00,2023
Juventus,10.0,1.0,0.0,2.0,7.0,1.0,50.0,17.0,6.0,0.4,0.0,0.0,349.0,427.0,0.8,7.0,20.0,0.4,49.0,22.0,0.4,7.0,8.0,11.0,0.7,4.0,21.0,21.0,Torino,8.0,1.0,0.0,0.0,3.0,3.0,50.0,10.0,1.0,0.1,0.0,0.0,352.0,427.0,0.8,7.0,20.0,0.4,41.0,18.0,0.4,2.0,9.0,16.0,0.6,5.0,8.0,8.0,679299,2023-10-07 16:00:00,2023
Genoa,10.0,1.0,1.0,0.0,3.0,2.0,41.1,7.0,1.0,0.1,0.0,0.0,308.0,380.0,0.8,8.0,15.0,0.5,51.0,28.0,0.5,4.0,2.0,7.0,0.3,8.0,19.0,19.0,AC Milan,13.0,5.0,1.0,3.0,2.0,1.0,58.9,12.0,3.0,0.3,0.0,0.0,475.0,551.0,0.9,4.0,14.0,0.3,33.0,13.0,0.4,5.0,6.0,11.0,0.5,6.0,14.0,14.0,679296,2023-10-07 18:45:00,2023
Monza,8.0,1.0,0.0,0.0,7.0,6.0,57.7,16.0,7.0,0.4,1.0,1.0,421.0,488.0,0.9,0.0,9.0,0.0,39.0,13.0,0.3,4.0,11.0,17.0,0.6,9.0,13.0,13.0,Salernitana,16.0,2.0,0.0,2.0,7.0,4.0,42.3,8.0,5.0,0.6,0.0,0.0,286.0,352.0,0.8,3.0,13.0,0.2,20.0,10.0,0.5,1.0,6.0,11.0,0.5,9.0,11.0,11.0,679291,2023-10-08 10:30:00,2023
Lazio,7.0,1.0,0.0,3.0,4.0,2.0,46.1,12.0,4.0,0.3,0.0,0.0,387.0,465.0,0.8,4.0,10.0,0.4,44.0,23.0,0.5,4.0,12.0,17.0,0.7,10.0,14.0,14.0,Atalanta,10.0,1.0,0.0,2.0,6.0,2.0,53.9,12.0,4.0,0.3,0.0,0.0,461.0,535.0,0.9,5.0,19.0,0.3,32.0,18.0,0.6,2.0,9.0,11.0,0.8,8.0,5.0,5.0,679298,2023-10-08 13:00:00,2023
Frosinone,8.0,1.0,0.0,0.0,2.0,3.0,52.9,11.0,2.0,0.2,0.0,0.0,340.0,434.0,0.8,2.0,7.0,0.3,63.0,19.0,0.3,1.0,7.0,14.0,0.5,1.0,30.0,30.0,Hellas Verona,12.0,4.0,0.0,1.0,4.0,0.0,47.1,16.0,4.0,0.3,0.0,0.0,277.0,370.0,0.7,10.0,24.0,0.4,66.0,28.0,0.4,3.0,6.0,11.0,0.5,10.0,7.0,7.0,679292,2023-10-08 13:00:00,2023
Cagliari,15.0,2.0,0.0,1.0,4.0,1.0,57.6,16.0,2.0,0.1,1.0,1.0,392.0,468.0,0.8,9.0,32.0,0.3,62.0,36.0,0.6,4.0,3.0,7.0,0.4,5.0,10.0,10.0,AS Roma,13.0,3.0,0.0,1.0,3.0,1.0,42.4,11.0,5.0,0.5,0.0,0.0,270.0,360.0,0.8,3.0,6.0,0.5,57.0,25.0,0.4,4.0,9.0,12.0,0.8,1.0,21.0,21.0,679294,2023-10-08 16:00:00,2023
Napoli,4.0,2.0,0.0,2.0,6.0,0.0,54.0,16.0,4.0,0.3,1.0,1.0,483.0,551.0,0.9,3.0,15.0,0.2,38.0,23.0,0.6,6.0,8.0,13.0,0.6,7.0,9.0,9.0,Fiorentina,14.0,4.0,0.0,3.0,4.0,3.0,46.0,12.0,3.0,0.3,0.0,0.0,404.0,476.0,0.8,4.0,8.0,0.5,65.0,34.0,0.5,4.0,10.0,23.0,0.4,11.0,16.0,16.0,679295,2023-10-08 18:45:00,2023
Hellas Verona,12.0,3.0,0.0,0.0,5.0,7.0,39.6,15.0,9.0,0.6,0.0,0.0,258.0,323.0,0.8,7.0,26.0,0.3,56.0,24.0,0.4,0.0,6.0,13.0,0.5,7.0,15.0,15.0,Napoli,9.0,2.0,0.0,2.0,8.0,8.0,60.4,22.0,10.0,0.5,0.0,0.0,454.0,520.0,0.9,4.0,13.0,0.3,67.0,36.0,0.5,6.0,10.0,13.0,0.8,3.0,22.0,22.0,679308,2023-10-21 13:00:00,2023
Torino,13.0,1.0,0.0,1.0,2.0,1.0,46.2,7.0,3.0,0.4,0.0,0.0,319.0,382.0,0.8,5.0,24.0,0.2,45.0,18.0,0.4,2.0,9.0,14.0,0.6,5.0,10.0,10.0,Internazionale,8.0,2.0,0.0,0.0,4.0,3.0,53.8,14.0,4.0,0.3,1.0,1.0,383.0,456.0,0.8,5.0,11.0,0.5,43.0,22.0,0.5,4.0,8.0,13.0,0.6,6.0,19.0,19.0,679300,2023-10-21 16:00:00,2023
Sassuolo,6.0,1.0,0.0,0.0,5.0,5.0,50.9,9.0,2.0,0.2,0.0,0.0,433.0,518.0,0.8,1.0,13.0,0.1,60.0,31.0,0.5,3.0,8.0,14.0,0.6,5.0,18.0,18.0,Lazio,10.0,5.0,0.0,4.0,7.0,2.0,49.1,18.0,6.0,0.3,0.0,0.0,420.0,490.0,0.9,5.0,19.0,0.3,54.0,30.0,0.6,2.0,8.0,13.0,0.6,6.0,22.0,22.0,679306,2023-10-21 18:45:00,2023
AS Roma,11.0,2.0,0.0,3.0,8.0,4.0,51.3,21.0,4.0,0.2,0.0,0.0,378.0,442.0,0.9,11.0,28.0,0.4,42.0,28.0,0.7,11.0,5.0,10.0,0.5,5.0,13.0,13.0,Monza,11.0,2.0,1.0,2.0,5.0,3.0,48.7,11.0,4.0,0.4,0.0,0.0,377.0,433.0,0.9,4.0,14.0,0.3,52.0,27.0,0.5,2.0,7.0,16.0,0.4,6.0,27.0,27.0,679303,2023-10-22 10:30:00,2023
Salernitana,11.0,3.0,0.0,1.0,8.0,4.0,48.4,13.0,2.0,0.2,1.0,1.0,249.0,321.0,0.8,2.0,23.0,0.1,55.0,24.0,0.4,2.0,8.0,13.0,0.6,4.0,18.0,18.0,Cagliari,12.0,4.0,0.0,3.0,5.0,0.0,51.6,13.0,6.0,0.5,0.0,0.0,273.0,348.0,0.8,4.0,23.0,0.2,64.0,35.0,0.5,3.0,13.0,16.0,0.8,7.0,20.0,20.0,679302,2023-10-22 13:00:00,2023
Bologna,10.0,2.0,0.0,1.0,4.0,4.0,55.0,12.0,6.0,0.5,0.0,0.0,393.0,473.0,0.8,3.0,14.0,0.2,41.0,14.0,0.3,1.0,14.0,23.0,0.6,5.0,15.0,15.0,Frosinone,14.0,0.0,1.0,1.0,5.0,4.0,45.0,12.0,5.0,0.4,1.0,1.0,312.0,384.0,0.8,3.0,13.0,0.2,37.0,21.0,0.6,1.0,13.0,20.0,0.7,6.0,13.0,13.0,679307,2023-10-22 13:00:00,2023
Atalanta,17.0,4.0,0.0,1.0,8.0,4.0,57.0,13.0,8.0,0.6,0.0,0.0,462.0,552.0,0.8,4.0,15.0,0.3,59.0,22.0,0.4,4.0,8.0,10.0,0.8,11.0,13.0,13.0,Genoa,9.0,2.0,0.0,1.0,4.0,6.0,43.0,15.0,4.0,0.3,0.0,0.0,312.0,412.0,0.8,4.0,17.0,0.2,62.0,29.0,0.5,2.0,12.0,20.0,0.6,6.0,12.0,12.0,679301,2023-10-22 16:00:00,2023
AC Milan,12.0,1.0,1.0,0.0,6.0,3.0,51.8,7.0,1.0,0.1,0.0,0.0,363.0,434.0,0.8,2.0,33.0,0.1,47.0,20.0,0.4,3.0,9.0,20.0,0.5,3.0,26.0,26.0,Juventus,16.0,4.0,0.0,2.0,3.0,1.0,48.2,14.0,4.0,0.3,0.0,0.0,356.0,410.0,0.9,3.0,24.0,0.1,42.0,25.0,0.6,4.0,12.0,16.0,0.8,5.0,33.0,33.0,679304,2023-10-22 18:45:00,2023
Udinese,0.0,0.0,0.0,0.0,0.0,0.0,0.0,0.0,0.0,0.0,0.0,0.0,0.0,0.0,0.0,0.0,0.0,0.0,0.0,0.0,0.0,0.0,0.0,0.0,0.0,0.0,0.0,0.0,Lecce,0.0,0.0,0.0,0.0,0.0,0.0,0.0,0.0,0.0,0.0,0.0,0.0,0.0,0.0,0.0,0.0,0.0,0.0,0.0,0.0,0.0,0.0,0.0,0.0,0.0,0.0,0.0,0.0,679309,2023-10-23 16:30:00,2023
Fiorentina,13.0,1.0,0.0,2.0,14.0,1.0,71.9,19.0,7.0,0.4,0.0,0.0,511.0,588.0,0.9,11.0,44.0,0.3,64.0,42.0,0.7,5.0,10.0,14.0,0.7,5.0,6.0,6.0,Empoli,17.0,3.0,0.0,5.0,3.0,7.0,28.1,7.0,3.0,0.4,0.0,0.0,154.0,237.0,0.7,4.0,8.0,0.5,55.0,14.0,0.3,2.0,14.0,21.0,0.7,5.0,44.0,44.0,679305,2023-10-23 18:45:00,2023
Genoa,11.0,3.0,0.0,2.0,7.0,2.0,51.6,8.0,4.0,0.5,0.0,0.0,321.0,416.0,0.8,4.0,15.0,0.3,61.0,21.0,0.3,1.0,9.0,20.0,0.5,13.0,12.0,12.0,Salernitana,19.0,4.0,0.0,4.0,0.0,3.0,48.4,7.0,2.0,0.3,0.0,0.0,305.0,394.0,0.8,2.0,10.0,0.2,48.0,15.0,0.3,2.0,8.0,14.0,0.6,15.0,11.0,11.0,679313,2023-10-27 18:45:00,2023
Sassuolo,11.0,1.0,0.0,1.0,6.0,3.0,40.7,16.0,5.0,0.3,0.0,0.0,324.0,393.0,0.8,8.0,23.0,0.3,47.0,21.0,0.4,3.0,5.0,14.0,0.4,7.0,7.0,7.0,Bologna,10.0,3.0,0.0,2.0,2.0,5.0,59.3,9.0,5.0,0.6,0.0,0.0,521.0,596.0,0.9,1.0,7.0,0.1,40.0,25.0,0.6,3.0,14.0,25.0,0.6,8.0,17.0,17.0,679310,2023-10-28 13:00:00,2023
Lecce,0.0,0.0,0.0,0.0,0.0,0.0,0.0,0.0,0.0,0.0,0.0,0.0,0.0,0.0,0.0,0.0,0.0,0.0,0.0,0.0,0.0,0.0,0.0,0.0,0.0,0.0,0.0,0.0,Torino,0.0,0.0,0.0,0.0,0.0,0.0,0.0,0.0,0.0,0.0,0.0,0.0,0.0,0.0,0.0,0.0,0.0,0.0,0.0,0.0,0.0,0.0,0.0,0.0,0.0,0.0,0.0,0.0,679316,2023-10-28 16:00:00,2023
Juventus,0.0,0.0,0.0,0.0,0.0,0.0,0.0,0.0,0.0,0.0,0.0,0.0,0.0,0.0,0.0,0.0,0.0,0.0,0.0,0.0,0.0,0.0,0.0,0.0,0.0,0.0,0.0,0.0,Hellas Verona,0.0,0.0,0.0,0.0,0.0,0.0,0.0,0.0,0.0,0.0,0.0,0.0,0.0,0.0,0.0,0.0,0.0,0.0,0.0,0.0,0.0,0.0,0.0,0.0,0.0,0.0,0.0,0.0,679311,2023-10-28 18:45:00,2023
Cagliari,8.0,1.0,0.0,1.0,5.0,2.0,46.8,24.0,6.0,0.3,0.0,1.0,305.0,400.0,0.8,10.0,35.0,0.3,47.0,21.0,0.4,9.0,9.0,13.0,0.7,8.0,16.0,16.0,Frosinone,7.0,4.0,0.0,3.0,7.0,1.0,53.2,10.0,6.0,0.6,0.0,0.0,389.0,481.0,0.8,4.0,12.0,0.3,59.0,24.0,0.4,1.0,6.0,12.0,0.5,6.0,45.0,45.0,679314,2023-10-29 11:30:00,2023
Monza,15.0,2.0,0.0,2.0,10.0,2.0,60.4,10.0,4.0,0.4,0.0,0.0,493.0,560.0,0.9,8.0,29.0,0.3,46.0,24.0,0.5,5.0,9.0,18.0,0.5,6.0,14.0,14.0,Udinese,11.0,2.0,0.0,0.0,3.0,3.0,39.6,10.0,3.0,0.3,0.0,0.0,318.0,371.0,0.9,1.0,12.0,0.1,36.0,18.0,0.5,4.0,11.0,13.0,0.8,7.0,31.0,31.0,679317,2023-10-29 14:00:00,2023
Internazionale,14.0,3.0,0.0,1.0,8.0,1.0,62.8,19.0,3.0,0.2,0.0,0.0,502.0,572.0,0.9,10.0,35.0,0.3,45.0,32.0,0.7,7.0,11.0,17.0,0.6,7.0,7.0,7.0,AS Roma,9.0,4.0,0.0,1.0,0.0,2.0,37.2,3.0,1.0,0.3,0.0,0.0,276.0,351.0,0.8,1.0,7.0,0.1,59.0,26.0,0.4,1.0,7.0,11.0,0.6,5.0,32.0,32.0,679312,2023-10-29 17:00:00,2023
Napoli,14.0,2.0,1.0,0.0,6.0,4.0,47.7,17.0,4.0,0.2,0.0,0.0,365.0,431.0,0.8,5.0,16.0,0.3,55.0,25.0,0.5,5.0,10.0,15.0,0.7,14.0,10.0,10.0,AC Milan,10.0,3.0,0.0,0.0,4.0,2.0,52.3,20.0,6.0,0.3,0.0,0.0,404.0,473.0,0.9,8.0,17.0,0.5,39.0,15.0,0.4,7.0,9.0,19.0,0.5,14.0,13.0,13.0,679318,2023-10-29 19:45:00,2023
Empoli,10.0,4.0,0.0,3.0,3.0,3.0,43.6,9.0,2.0,0.2,0.0,0.0,322.0,419.0,0.8,2.0,16.0,0.1,48.0,12.0,0.3,2.0,14.0,21.0,0.7,11.0,14.0,14.0,Atalanta,13.0,0.0,0.0,1.0,6.0,2.0,56.4,18.0,6.0,0.3,0.0,0.0,449.0,542.0,0.8,11.0,19.0,0.6,64.0,34.0,0.5,4.0,10.0,14.0,0.7,9.0,12.0,12.0,679319,2023-10-30 17:30:00,2023
Lazio,12.0,3.0,0.0,5.0,0.0,5.0,46.8,11.0,4.0,0.4,1.0,1.0,371.0,454.0,0.8,2.0,9.0,0.2,50.0,28.0,0.6,2.0,11.0,17.0,0.6,4.0,12.0,12.0,Fiorentina,17.0,3.0,0.0,0.0,4.0,3.0,53.2,9.0,5.0,0.6,0.0,0.0,437.0,516.0,0.8,2.0,13.0,0.2,65.0,37.0,0.6,0.0,14.0,19.0,0.7,3.0,8.0,8.0,679315,2023-10-30 19:45:00,2023
Bologna,12.0,2.0,0.0,0.0,2.0,1.0,49.9,6.0,2.0,0.3,0.0,0.0,457.0,539.0,0.8,1.0,10.0,0.1,44.0,25.0,0.6,2.0,10.0,15.0,0.7,16.0,18.0,18.0,Lazio,8.0,5.0,0.0,0.0,6.0,1.0,50.1,11.0,1.0,0.1,0.0,0.0,473.0,537.0,0.9,3.0,18.0,0.2,34.0,15.0,0.4,6.0,11.0,16.0,0.7,5.0,16.0,16.0,679322,2023-11-03 19:45:00,2023
Salernitana,15.0,1.0,0.0,3.0,8.0,6.0,41.1,10.0,3.0,0.3,0.0,0.0,281.0,364.0,0.8,3.0,23.0,0.1,41.0,13.0,0.3,5.0,12.0,20.0,0.6,9.0,17.0,17.0,Napoli,10.0,1.0,0.0,5.0,9.0,3.0,58.9,21.0,8.0,0.4,0.0,0.0,461.0,543.0,0.8,3.0,13.0,0.2,37.0,15.0,0.4,6.0,12.0,24.0,0.5,4.0,19.0,19.0,679327,2023-11-04 14:00:00,2023
Atalanta,13.0,2.0,1.0,2.0,6.0,2.0,54.3,14.0,4.0,0.3,0.0,0.0,433.0,517.0,0.8,10.0,27.0,0.4,48.0,27.0,0.6,5.0,5.0,12.0,0.4,14.0,10.0,10.0,Internazionale,9.0,1.0,0.0,2.0,1.0,3.0,45.7,10.0,4.0,0.4,1.0,1.0,359.0,445.0,0.8,2.0,14.0,0.1,57.0,28.0,0.5,2.0,14.0,21.0,0.7,10.0,23.0,23.0,679323,2023-11-04 17:00:00,2023
AC Milan,12.0,1.0,0.0,1.0,11.0,1.0,72.2,14.0,4.0,0.3,0.0,0.0,493.0,549.0,0.9,7.0,36.0,0.2,43.0,31.0,0.7,3.0,10.0,17.0,0.6,6.0,11.0,11.0,Udinese,14.0,2.0,0.0,4.0,5.0,4.0,27.8,12.0,2.0,0.2,1.0,1.0,155.0,211.0,0.7,4.0,12.0,0.3,45.0,23.0,0.5,4.0,11.0,14.0,0.8,7.0,32.0,32.0,679325,2023-11-04 19:45:00,2023
Hellas Verona,6.0,1.0,0.0,0.0,2.0,3.0,46.2,16.0,5.0,0.3,0.0,0.0,362.0,413.0,0.9,4.0,27.0,0.1,48.0,32.0,0.7,5.0,11.0,15.0,0.7,3.0,17.0,17.0,Monza,12.0,2.0,0.0,0.0,6.0,4.0,53.8,12.0,6.0,0.5,0.0,0.0,423.0,493.0,0.9,3.0,14.0,0.2,60.0,37.0,0.6,2.0,6.0,13.0,0.5,5.0,15.0,15.0,679324,2023-11-05 11:30:00,2023
Cagliari,14.0,4.0,0.0,5.0,1.0,1.0,40.4,12.0,4.0,0.3,0.0,0.0,258.0,348.0,0.7,3.0,14.0,0.2,70.0,25.0,0.4,2.0,8.0,13.0,0.6,10.0,28.0,28.0,Genoa,11.0,2.0,0.0,2.0,1.0,2.0,59.6,8.0,2.0,0.3,0.0,0.0,404.0,518.0,0.8,7.0,18.0,0.4,60.0,20.0,0.3,2.0,8.0,13.0,0.6,11.0,8.0,8.0,679321,2023-11-05 14:00:00,2023
AS Roma,0.0,0.0,0.0,0.0,0.0,0.0,0.0,0.0,0.0,0.0,0.0,0.0,0.0,0.0,0.0,0.0,0.0,0.0,0.0,0.0,0.0,0.0,0.0,0.0,0.0,0.0,0.0,0.0,Lecce,0.0,0.0,0.0,0.0,0.0,0.0,0.0,0.0,0.0,0.0,0.0,0.0,0.0,0.0,0.0,0.0,0.0,0.0,0.0,0.0,0.0,0.0,0.0,0.0,0.0,0.0,0.0,0.0,679326,2023-11-05 17:00:00,2023
Fiorentina,12.0,1.0,0.0,1.0,9.0,2.0,68.5,25.0,4.0,0.2,0.0,0.0,446.0,532.0,0.8,5.0,50.0,0.1,58.0,31.0,0.5,10.0,8.0,13.0,0.6,4.0,6.0,6.0,Juventus,21.0,3.0,0.0,4.0,2.0,4.0,31.5,4.0,3.0,0.8,0.0,0.0,176.0,260.0,0.7,2.0,6.0,0.3,65.0,22.0,0.3,1.0,7.0,17.0,0.4,9.0,60.0,60.0,679320,2023-11-05 19:45:00,2023
Frosinone,7.0,3.0,0.0,2.0,9.0,1.0,64.1,17.0,5.0,0.3,0.0,0.0,508.0,581.0,0.9,5.0,28.0,0.2,47.0,25.0,0.5,5.0,5.0,10.0,0.5,6.0,12.0,12.0,Empoli,9.0,2.0,0.0,1.0,2.0,3.0,35.9,10.0,2.0,0.2,0.0,0.0,233.0,326.0,0.7,2.0,9.0,0.2,49.0,18.0,0.4,4.0,15.0,29.0,0.5,12.0,25.0,25.0,679329,2023-11-06 17:30:00,2023
Torino,9.0,1.0,0.0,3.0,9.0,1.0,53.7,21.0,9.0,0.4,0.0,0.0,378.0,459.0,0.8,11.0,29.0,0.4,51.0,22.0,0.4,5.0,11.0,14.0,0.8,12.0,11.0,11.0,Sassuolo,6.0,1.0,0.0,0.0,2.0,7.0,46.3,5.0,2.0,0.4,0.0,0.0,310.0,403.0,0.8,1.0,11.0,0.1,62.0,23.0,0.4,0.0,7.0,14.0,0.5,6.0,19.0,19.0,679328,2023-11-06 19:45:00,2023
Sassuolo,12.0,2.0,0.0,1.0,11.0,0.0,63.4,29.0,9.0,0.3,0.0,0.0,470.0,583.0,0.8,11.0,34.0,0.3,70.0,35.0,0.5,8.0,14.0,21.0,0.7,7.0,8.0,8.0,Salernitana,14.0,1.0,0.0,3.0,0.0,7.0,36.6,9.0,2.0,0.2,0.0,0.0,258.0,351.0,0.7,1.0,7.0,0.1,53.0,16.0,0.3,2.0,13.0,21.0,0.6,11.0,45.0,45.0,679330,2023-11-10 17:30:00,2023
Genoa,9.0,1.0,0.0,2.0,6.0,1.0,49.4,16.0,6.0,0.4,0.0,0.0,279.0,369.0,0.8,4.0,13.0,0.3,62.0,29.0,0.5,4.0,8.0,17.0,0.5,4.0,21.0,21.0,Hellas Verona,16.0,4.0,0.0,1.0,7.0,4.0,50.6,7.0,1.0,0.1,0.0,0.0,287.0,373.0,0.8,5.0,15.0,0.3,65.0,34.0,0.5,3.0,7.0,11.0,0.6,5.0,22.0,22.0,679339,2023-11-10 19:45:00,2023
Lecce,0.0,0.0,0.0,0.0,0.0,0.0,0.0,0.0,0.0,0.0,0.0,0.0,0.0,0.0,0.0,0.0,0.0,0.0,0.0,0.0,0.0,0.0,0.0,0.0,0.0,0.0,0.0,0.0,AC Milan,0.0,0.0,0.0,0.0,0.0,0.0,0.0,0.0,0.0,0.0,0.0,0.0,0.0,0.0,0.0,0.0,0.0,0.0,0.0,0.0,0.0,0.0,0.0,0.0,0.0,0.0,0.0,0.0,679337,2023-11-11 14:00:00,2023
Juventus,14.0,3.0,0.0,2.0,12.0,1.0,49.1,18.0,4.0,0.2,0.0,0.0,311.0,389.0,0.8,8.0,32.0,0.3,50.0,30.0,0.6,3.0,8.0,12.0,0.7,6.0,16.0,16.0,Cagliari,8.0,1.0,0.0,1.0,4.0,3.0,50.9,11.0,2.0,0.2,0.0,0.0,337.0,416.0,0.8,7.0,19.0,0.4,62.0,37.0,0.6,3.0,9.0,13.0,0.7,12.0,23.0,23.0,679336,2023-11-11 17:00:00,2023
Monza,11.0,2.0,0.0,0.0,3.0,4.0,44.2,12.0,5.0,0.4,0.0,0.0,346.0,417.0,0.8,5.0,15.0,0.3,47.0,19.0,0.4,3.0,7.0,11.0,0.6,6.0,11.0,11.0,Torino,11.0,2.0,0.0,1.0,1.0,4.0,55.8,12.0,5.0,0.4,0.0,0.0,470.0,530.0,0.9,6.0,16.0,0.4,30.0,20.0,0.7,2.0,9.0,11.0,0.8,15.0,11.0,11.0,679338,2023-11-11 19:45:00,2023
Napoli,11.0,1.0,0.0,1.0,8.0,2.0,65.5,18.0,7.0,0.4,0.0,0.0,498.0,573.0,0.9,3.0,30.0,0.1,62.0,36.0,0.6,3.0,8.0,18.0,0.4,10.0,9.0,9.0,Empoli,13.0,1.0,0.0,5.0,3.0,7.0,34.5,8.0,3.0,0.4,0.0,0.0,226.0,301.0,0.8,2.0,15.0,0.1,52.0,18.0,0.3,3.0,17.0,23.0,0.7,14.0,26.0,26.0,679334,2023-11-12 11:30:00,2023
Udinese,14.0,2.0,0.0,1.0,7.0,1.0,34.2,13.0,4.0,0.3,0.0,1.0,208.0,287.0,0.7,2.0,14.0,0.1,48.0,21.0,0.4,5.0,23.0,30.0,0.8,7.0,20.0,20.0,Atalanta,13.0,3.0,0.0,2.0,7.0,3.0,65.8,8.0,2.0,0.3,0.0,0.0,476.0,554.0,0.9,6.0,21.0,0.3,64.0,38.0,0.6,2.0,15.0,26.0,0.6,10.0,19.0,19.0,679331,2023-11-12 14:00:00,2023
Fiorentina,18.0,2.0,0.0,1.0,0.0,3.0,39.0,12.0,4.0,0.3,1.0,1.0,244.0,319.0,0.8,0.0,5.0,0.0,57.0,19.0,0.3,6.0,11.0,19.0,0.6,6.0,14.0,14.0,Bologna,16.0,2.0,0.0,2.0,3.0,2.0,61.0,11.0,4.0,0.4,1.0,1.0,402.0,489.0,0.8,3.0,15.0,0.2,49.0,21.0,0.4,3.0,16.0,22.0,0.7,2.0,10.0,10.0,679333,2023-11-12 14:00:00,2023
Lazio,12.0,3.0,0.0,0.0,4.0,1.0,49.3,7.0,2.0,0.3,0.0,0.0,428.0,493.0,0.9,3.0,14.0,0.2,49.0,32.0,0.7,2.0,5.0,9.0,0.6,5.0,18.0,18.0,AS Roma,13.0,4.0,0.0,2.0,1.0,2.0,50.7,8.0,1.0,0.1,0.0,0.0,437.0,507.0,0.9,3.0,14.0,0.2,52.0,28.0,0.5,2.0,9.0,18.0,0.5,3.0,12.0,12.0,679332,2023-11-12 17:00:00,2023
Internazionale,7.0,0.0,0.0,0.0,9.0,3.0,47.1,21.0,6.0,0.3,1.0,1.0,412.0,483.0,0.9,6.0,18.0,0.3,51.0,33.0,0.6,6.0,15.0,20.0,0.8,9.0,18.0,18.0,Frosinone,16.0,1.0,0.0,0.0,4.0,4.0,52.9,12.0,3.0,0.3,0.0,0.0,471.0,543.0,0.9,4.0,13.0,0.3,49.0,28.0,0.6,3.0,6.0,9.0,0.7,7.0,15.0,15.0,679335,2023-11-12 19:45:00,2023
Salernitana,11.0,5.0,0.0,2.0,4.0,1.0,38.0,13.0,6.0,0.5,0.0,0.0,234.0,318.0,0.7,4.0,15.0,0.3,54.0,22.0,0.4,2.0,9.0,14.0,0.6,6.0,24.0,24.0,Lazio,12.0,3.0,0.0,0.0,9.0,4.0,62.0,13.0,2.0,0.2,1.0,1.0,448.0,526.0,0.9,4.0,19.0,0.2,59.0,30.0,0.5,5.0,9.0,21.0,0.4,14.0,11.0,11.0,679349,2023-11-25 14:00:00,2023
Atalanta,15.0,2.0,0.0,4.0,5.0,1.0,43.8,16.0,5.0,0.3,0.0,0.0,303.0,388.0,0.8,11.0,21.0,0.5,45.0,22.0,0.5,7.0,9.0,13.0,0.7,12.0,17.0,17.0,Napoli,9.0,2.0,0.0,3.0,4.0,4.0,56.2,11.0,4.0,0.4,0.0,0.0,419.0,511.0,0.8,2.0,11.0,0.2,62.0,27.0,0.4,5.0,12.0,15.0,0.8,6.0,23.0,23.0,679346,2023-11-25 17:00:00,2023
AC Milan,9.0,1.0,0.0,1.0,3.0,4.0,41.9,9.0,6.0,0.7,1.0,1.0,284.0,370.0,0.8,3.0,7.0,0.4,47.0,22.0,0.5,2.0,10.0,24.0,0.4,5.0,28.0,28.0,Fiorentina,10.0,2.0,0.0,1.0,11.0,5.0,58.1,21.0,4.0,0.2,0.0,0.0,414.0,497.0,0.8,6.0,30.0,0.2,74.0,42.0,0.6,9.0,8.0,15.0,0.5,9.0,23.0,23.0,679340,2023-11-25 19:45:00,2023
Cagliari,10.0,1.0,0.0,1.0,10.0,3.0,38.9,17.0,6.0,0.4,0.0,0.0,243.0,310.0,0.8,12.0,33.0,0.4,53.0,25.0,0.5,4.0,6.0,13.0,0.5,5.0,19.0,19.0,Monza,15.0,2.0,0.0,2.0,11.0,5.0,61.1,12.0,4.0,0.3,0.0,0.0,444.0,521.0,0.9,7.0,23.0,0.3,37.0,17.0,0.5,6.0,10.0,15.0,0.7,3.0,29.0,29.0,679344,2023-11-26 11:30:00,2023
Frosinone,5.0,2.0,0.0,1.0,4.0,2.0,57.5,9.0,5.0,0.6,0.0,0.0,479.0,566.0,0.8,0.0,6.0,0.0,43.0,17.0,0.4,3.0,9.0,17.0,0.5,3.0,12.0,12.0,Genoa,14.0,3.0,0.0,0.0,2.0,3.0,42.5,13.0,3.0,0.2,0.0,0.0,326.0,408.0,0.8,5.0,18.0,0.3,68.0,33.0,0.5,0.0,10.0,18.0,0.6,11.0,10.0,10.0,679348,2023-11-26 14:00:00,2023
Empoli,20.0,4.0,0.0,4.0,6.0,5.0,49.2,11.0,8.0,0.7,1.0,1.0,285.0,365.0,0.8,5.0,20.0,0.3,53.0,20.0,0.4,1.0,8.0,17.0,0.5,6.0,16.0,16.0,Sassuolo,15.0,2.0,0.0,0.0,5.0,5.0,50.8,17.0,9.0,0.5,1.0,1.0,283.0,376.0,0.8,2.0,16.0,0.1,66.0,34.0,0.5,5.0,9.0,14.0,0.6,5.0,16.0,16.0,679343,2023-11-26 14:00:00,2023
AS Roma,8.0,1.0,0.0,3.0,7.0,1.0,64.2,12.0,5.0,0.4,0.0,0.0,494.0,560.0,0.9,7.0,21.0,0.3,50.0,36.0,0.7,1.0,15.0,25.0,0.6,3.0,7.0,7.0,Udinese,15.0,3.0,0.0,1.0,1.0,2.0,35.8,6.0,2.0,0.3,0.0,0.0,261.0,312.0,0.8,1.0,6.0,0.2,32.0,17.0,0.5,0.0,8.0,12.0,0.7,2.0,18.0,18.0,679341,2023-11-26 17:00:00,2023
Juventus,12.0,2.0,0.0,0.0,1.0,3.0,34.5,4.0,1.0,0.3,0.0,0.0,322.0,389.0,0.8,1.0,10.0,0.1,65.0,39.0,0.6,0.0,7.0,11.0,0.6,12.0,9.0,9.0,Internazionale,13.0,1.0,0.0,0.0,0.0,0.0,65.5,8.0,4.0,0.5,0.0,0.0,680.0,751.0,0.9,3.0,9.0,0.3,40.0,27.0,0.7,0.0,7.0,13.0,0.5,11.0,10.0,10.0,679347,2023-11-26 19:45:00,2023
Hellas Verona,0.0,0.0,0.0,0.0,0.0,0.0,0.0,0.0,0.0,0.0,0.0,0.0,0.0,0.0,0.0,0.0,0.0,0.0,0.0,0.0,0.0,0.0,0.0,0.0,0.0,0.0,0.0,0.0,Lecce,0.0,0.0,0.0,0.0,0.0,0.0,0.0,0.0,0.0,0.0,0.0,0.0,0.0,0.0,0.0,0.0,0.0,0.0,0.0,0.0,0.0,0.0,0.0,0.0,0.0,0.0,0.0,0.0,679342,2023-11-27 17:30:00,2023
Bologna,16.0,3.0,0.0,1.0,3.0,3.0,48.5,13.0,2.0,0.2,0.0,0.0,309.0,393.0,0.8,2.0,18.0,0.1,57.0,19.0,0.3,5.0,10.0,12.0,0.8,9.0,12.0,12.0,Torino,15.0,4.0,0.0,2.0,2.0,0.0,51.5,9.0,3.0,0.3,0.0,0.0,338.0,428.0,0.8,2.0,8.0,0.3,48.0,19.0,0.4,3.0,8.0,17.0,0.5,7.0,16.0,16.0,679345,2023-11-27 19:45:00,2023
Monza,12.0,1.0,0.0,0.0,7.0,5.0,65.8,16.0,1.0,0.1,0.0,0.0,601.0,671.0,0.9,5.0,23.0,0.2,56.0,36.0,0.6,8.0,6.0,15.0,0.4,6.0,11.0,11.0,Juventus,8.0,2.0,0.0,2.0,3.0,0.0,34.2,18.0,7.0,0.4,0.0,1.0,294.0,350.0,0.8,6.0,12.0,0.5,55.0,34.0,0.6,5.0,8.0,15.0,0.5,6.0,28.0,28.0,679356,2023-12-01 19:45:00,2023
Genoa,15.0,3.0,0.0,3.0,5.0,0.0,50.1,21.0,1.0,0.0,0.0,0.0,267.0,372.0,0.7,10.0,28.0,0.4,65.0,26.0,0.4,6.0,13.0,17.0,0.8,13.0,16.0,16.0,Empoli,19.0,1.0,0.0,0.0,3.0,0.0,49.9,9.0,1.0,0.1,0.0,0.0,280.0,384.0,0.7,5.0,16.0,0.3,67.0,17.0,0.3,3.0,10.0,14.0,0.7,6.0,31.0,31.0,679359,2023-12-02 14:00:00,2023
Lazio,11.0,0.0,0.0,5.0,4.0,2.0,61.1,10.0,5.0,0.5,0.0,0.0,543.0,618.0,0.9,2.0,16.0,0.1,47.0,30.0,0.6,1.0,11.0,16.0,0.7,14.0,13.0,13.0,Cagliari,12.0,2.0,1.0,1.0,3.0,4.0,38.9,9.0,2.0,0.2,0.0,0.0,292.0,375.0,0.8,4.0,20.0,0.2,61.0,30.0,0.5,2.0,8.0,11.0,0.7,15.0,17.0,17.0,679351,2023-12-02 17:00:00,2023
AC Milan,11.0,1.0,0.0,1.0,6.0,2.0,47.4,10.0,3.0,0.3,0.0,0.0,350.0,408.0,0.9,3.0,20.0,0.2,46.0,27.0,0.6,3.0,14.0,24.0,0.6,10.0,9.0,9.0,Frosinone,6.0,1.0,0.0,0.0,7.0,1.0,52.6,15.0,3.0,0.2,0.0,0.0,393.0,465.0,0.8,3.0,6.0,0.5,37.0,18.0,0.5,6.0,12.0,21.0,0.6,5.0,12.0,12.0,679352,2023-12-02 19:45:00,2023
Lecce,0.0,0.0,0.0,0.0,0.0,0.0,0.0,0.0,0.0,0.0,0.0,0.0,0.0,0.0,0.0,0.0,0.0,0.0,0.0,0.0,0.0,0.0,0.0,0.0,0.0,0.0,0.0,0.0,Bologna,0.0,0.0,0.0,0.0,0.0,0.0,0.0,0.0,0.0,0.0,0.0,0.0,0.0,0.0,0.0,0.0,0.0,0.0,0.0,0.0,0.0,0.0,0.0,0.0,0.0,0.0,0.0,0.0,679350,2023-12-03 11:30:00,2023
Fiorentina,13.0,1.0,0.0,2.0,3.0,1.0,57.7,22.0,9.0,0.4,1.0,1.0,450.0,526.0,0.9,2.0,13.0,0.2,71.0,45.0,0.6,8.0,12.0,31.0,0.4,8.0,9.0,9.0,Salernitana,12.0,0.0,0.0,3.0,2.0,7.0,42.3,11.0,1.0,0.1,0.0,0.0,300.0,379.0,0.8,2.0,9.0,0.2,48.0,23.0,0.5,6.0,8.0,12.0,0.7,7.0,18.0,18.0,679358,2023-12-03 14:00:00,2023
Udinese,16.0,2.0,0.0,3.0,5.0,1.0,39.3,12.0,6.0,0.5,0.0,0.0,181.0,264.0,0.7,6.0,14.0,0.4,58.0,21.0,0.4,1.0,13.0,20.0,0.7,12.0,37.0,37.0,Hellas Verona,13.0,6.0,0.0,1.0,3.0,3.0,60.7,13.0,4.0,0.3,1.0,1.0,298.0,402.0,0.7,5.0,30.0,0.2,58.0,32.0,0.6,4.0,11.0,21.0,0.5,7.0,17.0,17.0,679357,2023-12-03 14:00:00,2023
Sassuolo,10.0,4.0,1.0,0.0,1.0,5.0,33.5,8.0,2.0,0.3,0.0,0.0,248.0,315.0,0.8,2.0,8.0,0.3,48.0,23.0,0.5,2.0,5.0,6.0,0.8,6.0,35.0,35.0,AS Roma,11.0,1.0,0.0,2.0,11.0,1.0,66.5,15.0,7.0,0.5,1.0,1.0,545.0,616.0,0.9,4.0,31.0,0.1,56.0,32.0,0.6,5.0,7.0,10.0,0.7,7.0,11.0,11.0,679354,2023-12-03 17:00:00,2023
Napoli,2.0,2.0,0.0,3.0,6.0,1.0,57.2,15.0,4.0,0.3,0.0,0.0,472.0,540.0,0.9,5.0,18.0,0.3,62.0,36.0,0.6,5.0,7.0,13.0,0.5,8.0,23.0,23.0,Internazionale,13.0,2.0,0.0,4.0,4.0,4.0,42.8,11.0,4.0,0.4,0.0,0.0,327.0,400.0,0.8,6.0,18.0,0.3,41.0,16.0,0.4,2.0,11.0,19.0,0.6,8.0,16.0,16.0,679355,2023-12-03 19:45:00,2023
Torino,12.0,2.0,0.0,2.0,4.0,4.0,54.1,9.0,5.0,0.6,1.0,1.0,390.0,481.0,0.8,3.0,17.0,0.2,52.0,18.0,0.3,0.0,9.0,14.0,0.6,10.0,20.0,20.0,Atalanta,14.0,2.0,0.0,1.0,3.0,2.0,45.9,10.0,4.0,0.4,0.0,0.0,317.0,399.0,0.8,1.0,17.0,0.1,48.0,15.0,0.3,4.0,11.0,16.0,0.7,13.0,17.0,17.0,679353,2023-12-04 19:45:00,2023
Juventus,11.0,2.0,0.0,2.0,3.0,1.0,33.6,11.0,2.0,0.2,0.0,0.0,205.0,290.0,0.7,5.0,14.0,0.4,62.0,26.0,0.4,3.0,16.0,25.0,0.6,5.0,19.0,19.0,Napoli,12.0,4.0,0.0,2.0,6.0,1.0,66.4,13.0,1.0,0.1,0.0,0.0,511.0,580.0,0.9,5.0,29.0,0.2,61.0,37.0,0.6,3.0,8.0,14.0,0.6,4.0,20.0,20.0,679369,2023-12-08 19:45:00,2023
Hellas Verona,16.0,0.0,1.0,2.0,1.0,4.0,28.9,5.0,1.0,0.2,0.0,0.0,156.0,243.0,0.6,3.0,14.0,0.2,68.0,23.0,0.3,1.0,11.0,17.0,0.6,9.0,20.0,20.0,Lazio,11.0,4.0,0.0,2.0,7.0,0.0,71.1,14.0,5.0,0.4,0.0,0.0,516.0,613.0,0.8,5.0,20.0,0.3,57.0,33.0,0.6,4.0,8.0,14.0,0.6,1.0,10.0,10.0,679364,2023-12-09 14:00:00,2023
Atalanta,11.0,1.0,0.0,1.0,6.0,1.0,42.2,19.0,7.0,0.4,0.0,0.0,349.0,414.0,0.8,8.0,18.0,0.4,57.0,34.0,0.6,7.0,9.0,16.0,0.6,9.0,16.0,16.0,AC Milan,11.0,3.0,1.0,1.0,4.0,4.0,57.8,14.0,4.0,0.3,0.0,0.0,501.0,577.0,0.9,6.0,14.0,0.4,53.0,25.0,0.5,4.0,10.0,17.0,0.6,10.0,11.0,11.0,679360,2023-12-09 17:00:00,2023
Internazionale,9.0,0.0,0.0,1.0,6.0,1.0,74.3,17.0,8.0,0.5,1.0,1.0,737.0,789.0,0.9,7.0,32.0,0.2,53.0,46.0,0.9,3.0,11.0,18.0,0.6,6.0,6.0,6.0,Udinese,6.0,1.0,0.0,1.0,1.0,4.0,25.7,11.0,1.0,0.1,0.0,0.0,225.0,276.0,0.8,3.0,5.0,0.6,28.0,15.0,0.5,6.0,8.0,15.0,0.5,11.0,25.0,25.0,679365,2023-12-09 19:45:00,2023
Frosinone,13.0,3.0,0.0,0.0,3.0,3.0,52.4,11.0,5.0,0.5,0.0,0.0,323.0,440.0,0.7,2.0,5.0,0.4,60.0,21.0,0.4,3.0,8.0,14.0,0.6,9.0,23.0,23.0,Torino,17.0,3.0,0.0,3.0,8.0,5.0,47.6,16.0,3.0,0.2,0.0,0.0,274.0,385.0,0.7,5.0,22.0,0.2,66.0,27.0,0.4,5.0,11.0,18.0,0.6,12.0,12.0,12.0,679366,2023-12-10 11:30:00,2023
Monza,11.0,1.0,0.0,2.0,2.0,1.0,51.0,6.0,3.0,0.5,0.0,0.0,374.0,447.0,0.8,0.0,7.0,0.0,50.0,21.0,0.4,2.0,5.0,12.0,0.4,8.0,18.0,18.0,Genoa,13.0,2.0,0.0,0.0,3.0,2.0,49.0,16.0,1.0,0.1,0.0,0.0,331.0,417.0,0.8,7.0,17.0,0.4,40.0,13.0,0.3,5.0,9.0,16.0,0.6,7.0,5.0,5.0,679363,2023-12-10 14:00:00,2023
Salernitana,20.0,7.0,1.0,0.0,5.0,3.0,34.8,9.0,2.0,0.2,0.0,0.0,270.0,340.0,0.8,6.0,26.0,0.2,38.0,15.0,0.4,4.0,7.0,27.0,0.3,6.0,8.0,8.0,Bologna,15.0,3.0,0.0,2.0,1.0,1.0,65.2,10.0,5.0,0.5,0.0,0.0,611.0,685.0,0.9,1.0,6.0,0.2,50.0,28.0,0.6,2.0,5.0,12.0,0.4,5.0,21.0,21.0,679361,2023-12-10 17:00:00,2023
AS Roma,14.0,3.0,2.0,1.0,1.0,7.0,34.1,4.0,1.0,0.3,0.0,0.0,234.0,317.0,0.7,2.0,6.0,0.3,66.0,24.0,0.4,1.0,11.0,18.0,0.6,9.0,30.0,30.0,Fiorentina,14.0,3.0,0.0,0.0,6.0,0.0,65.9,14.0,8.0,0.6,0.0,0.0,530.0,593.0,0.9,9.0,28.0,0.3,58.0,41.0,0.7,1.0,6.0,10.0,0.6,3.0,7.0,7.0,679362,2023-12-10 19:45:00,2023
Empoli,0.0,0.0,0.0,0.0,0.0,0.0,0.0,0.0,0.0,0.0,0.0,0.0,0.0,0.0,0.0,0.0,0.0,0.0,0.0,0.0,0.0,0.0,0.0,0.0,0.0,0.0,0.0,0.0,Lecce,0.0,0.0,0.0,0.0,0.0,0.0,0.0,0.0,0.0,0.0,0.0,0.0,0.0,0.0,0.0,0.0,0.0,0.0,0.0,0.0,0.0,0.0,0.0,0.0,0.0,0.0,0.0,0.0,679367,2023-12-11 17:30:00,2023
Cagliari,15.0,1.0,0.0,2.0,10.0,3.0,59.9,18.0,6.0,0.3,0.0,0.0,303.0,375.0,0.8,19.0,56.0,0.3,48.0,26.0,0.5,2.0,6.0,15.0,0.4,3.0,9.0,9.0,Sassuolo,15.0,5.0,1.0,2.0,4.0,3.0,40.1,8.0,4.0,0.5,0.0,0.0,194.0,274.0,0.7,3.0,13.0,0.2,68.0,19.0,0.3,2.0,8.0,12.0,0.7,5.0,37.0,37.0,679368,2023-12-11 19:45:00,2023
Genoa,14.0,2.0,0.0,0.0,6.0,3.0,43.3,11.0,3.0,0.3,0.0,0.0,242.0,318.0,0.8,6.0,18.0,0.3,45.0,15.0,0.3,1.0,9.0,15.0,0.6,6.0,23.0,23.0,Juventus,12.0,3.0,0.0,3.0,8.0,2.0,56.7,11.0,4.0,0.4,1.0,1.0,345.0,415.0,0.8,6.0,23.0,0.3,65.0,38.0,0.6,3.0,5.0,8.0,0.6,6.0,18.0,18.0,679373,2023-12-15 19:45:00,2023
Lecce,8.0,1.0,0.0,6.0,5.0,4.0,40.0,17.0,6.0,0.4,0.0,0.0,221.0,307.0,0.7,4.0,19.0,0.2,73.0,33.0,0.5,2.0,12.0,22.0,0.5,15.0,14.0,14.0,Frosinone,14.0,4.0,0.0,0.0,4.0,4.0,60.0,11.0,5.0,0.5,1.0,1.0,377.0,474.0,0.8,2.0,11.0,0.2,46.0,20.0,0.4,2.0,11.0,19.0,0.6,9.0,21.0,21.0,679379,2023-12-16 14:00:00,2023
Napoli,9.0,5.0,0.0,5.0,5.0,2.0,66.9,21.0,5.0,0.2,0.0,0.0,472.0,557.0,0.8,10.0,22.0,0.5,66.0,26.0,0.4,5.0,6.0,17.0,0.4,6.0,19.0,19.0,Cagliari,10.0,3.0,0.0,1.0,3.0,3.0,33.1,9.0,3.0,0.3,0.0,0.0,165.0,272.0,0.6,4.0,14.0,0.3,76.0,31.0,0.4,1.0,10.0,22.0,0.5,3.0,30.0,30.0,679377,2023-12-16 17:30:00,2023
Torino,15.0,4.0,0.0,2.0,6.0,2.0,52.5,10.0,3.0,0.3,0.0,0.0,357.0,443.0,0.8,5.0,25.0,0.2,65.0,33.0,0.5,2.0,5.0,12.0,0.4,8.0,12.0,12.0,Empoli,10.0,2.0,0.0,2.0,4.0,2.0,47.5,7.0,2.0,0.3,0.0,0.0,329.0,408.0,0.8,1.0,13.0,0.1,52.0,23.0,0.4,1.0,10.0,15.0,0.7,8.0,23.0,23.0,679376,2023-12-16 19:45:00,2023
AC Milan,8.0,1.0,0.0,3.0,4.0,4.0,44.6,17.0,9.0,0.5,0.0,0.0,364.0,418.0,0.9,4.0,7.0,0.6,41.0,23.0,0.6,3.0,7.0,15.0,0.5,5.0,14.0,14.0,Monza,8.0,2.0,0.0,0.0,5.0,6.0,55.4,21.0,4.0,0.2,0.0,0.0,471.0,513.0,0.9,6.0,20.0,0.3,23.0,15.0,0.7,6.0,9.0,21.0,0.4,9.0,4.0,4.0,679378,2023-12-17 11:30:00,2023
Udinese,13.0,3.0,1.0,1.0,1.0,5.0,33.2,9.0,7.0,0.8,0.0,0.0,173.0,246.0,0.7,3.0,10.0,0.3,58.0,20.0,0.3,1.0,5.0,14.0,0.4,15.0,53.0,53.0,Sassuolo,6.0,1.0,0.0,0.0,13.0,5.0,66.8,21.0,7.0,0.3,2.0,2.0,395.0,477.0,0.8,8.0,48.0,0.2,49.0,26.0,0.5,8.0,5.0,9.0,0.6,5.0,9.0,9.0,679374,2023-12-17 14:00:00,2023
Fiorentina,12.0,3.0,0.0,2.0,1.0,7.0,66.0,5.0,3.0,0.6,0.0,0.0,359.0,468.0,0.8,5.0,16.0,0.3,76.0,32.0,0.4,1.0,11.0,18.0,0.6,4.0,11.0,11.0,Hellas Verona,12.0,1.0,0.0,5.0,6.0,2.0,34.0,19.0,7.0,0.4,0.0,1.0,136.0,234.0,0.6,6.0,13.0,0.5,65.0,28.0,0.4,5.0,11.0,16.0,0.7,14.0,24.0,24.0,679372,2023-12-17 14:00:00,2023
Bologna,16.0,4.0,0.0,4.0,0.0,3.0,55.6,8.0,2.0,0.3,0.0,0.0,487.0,552.0,0.9,0.0,5.0,0.0,40.0,16.0,0.4,4.0,15.0,18.0,0.8,6.0,22.0,22.0,AS Roma,16.0,4.0,0.0,3.0,4.0,1.0,44.4,8.0,3.0,0.4,0.0,0.0,359.0,428.0,0.8,5.0,15.0,0.3,36.0,17.0,0.5,2.0,6.0,18.0,0.3,5.0,9.0,9.0,679371,2023-12-17 17:00:00,2023
Lazio,13.0,1.0,1.0,1.0,8.0,2.0,48.0,13.0,4.0,0.3,0.0,0.0,420.0,483.0,0.9,7.0,34.0,0.2,44.0,25.0,0.6,3.0,8.0,13.0,0.6,7.0,18.0,18.0,Internazionale,15.0,2.0,0.0,0.0,7.0,4.0,52.0,12.0,4.0,0.3,0.0,0.0,474.0,541.0,0.9,2.0,15.0,0.1,47.0,26.0,0.6,3.0,5.0,9.0,0.6,9.0,27.0,27.0,679375,2023-12-17 19:45:00,2023
Atalanta,9.0,1.0,0.0,1.0,10.0,2.0,51.6,20.0,11.0,0.6,0.0,0.0,396.0,482.0,0.8,4.0,26.0,0.2,49.0,30.0,0.6,3.0,7.0,8.0,0.9,6.0,15.0,15.0,Salernitana,11.0,2.0,0.0,3.0,7.0,7.0,48.4,10.0,3.0,0.3,0.0,0.0,355.0,461.0,0.8,3.0,14.0,0.2,66.0,16.0,0.2,4.0,16.0,20.0,0.8,9.0,25.0,25.0,679370,2023-12-18 19:45:00,2023
Empoli,6.0,3.0,0.0,1.0,8.0,5.0,54.1,21.0,7.0,0.3,0.0,0.0,337.0,422.0,0.8,3.0,24.0,0.1,54.0,22.0,0.4,8.0,10.0,15.0,0.7,8.0,18.0,18.0,Lazio,17.0,2.0,0.0,3.0,9.0,7.0,45.9,14.0,7.0,0.5,0.0,0.0,287.0,360.0,0.8,2.0,19.0,0.1,54.0,25.0,0.5,6.0,9.0,28.0,0.3,6.0,31.0,31.0,679389,2023-12-22 17:30:00,2023
Sassuolo,11.0,2.0,0.0,2.0,3.0,3.0,43.3,12.0,3.0,0.3,0.0,0.0,304.0,370.0,0.8,3.0,15.0,0.2,53.0,29.0,0.5,2.0,6.0,13.0,0.5,3.0,24.0,24.0,Genoa,9.0,1.0,0.0,1.0,6.0,2.0,56.7,14.0,5.0,0.4,1.0,1.0,410.0,480.0,0.9,6.0,25.0,0.2,50.0,25.0,0.5,1.0,12.0,20.0,0.6,7.0,17.0,17.0,679384,2023-12-22 17:30:00,2023
Monza,12.0,3.0,0.0,0.0,1.0,3.0,52.8,7.0,2.0,0.3,0.0,0.0,391.0,483.0,0.8,3.0,12.0,0.3,70.0,26.0,0.4,2.0,12.0,15.0,0.8,9.0,13.0,13.0,Fiorentina,16.0,4.0,0.0,0.0,4.0,2.0,47.2,14.0,5.0,0.4,0.0,0.0,353.0,436.0,0.8,1.0,16.0,0.1,72.0,38.0,0.5,4.0,6.0,10.0,0.6,4.0,14.0,14.0,679387,2023-12-22 19:45:00,2023
Salernitana,16.0,3.0,1.0,2.0,6.0,6.0,34.2,19.0,7.0,0.4,0.0,0.0,206.0,268.0,0.8,7.0,15.0,0.5,50.0,21.0,0.4,6.0,8.0,10.0,0.8,3.0,33.0,33.0,AC Milan,11.0,1.0,0.0,2.0,6.0,6.0,65.8,21.0,9.0,0.4,0.0,0.0,449.0,508.0,0.9,7.0,29.0,0.2,32.0,13.0,0.4,6.0,11.0,14.0,0.8,3.0,11.0,11.0,679383,2023-12-22 19:45:00,2023
Frosinone,6.0,0.0,0.0,1.0,8.0,1.0,56.8,10.0,3.0,0.3,0.0,0.0,388.0,460.0,0.8,2.0,18.0,0.1,45.0,19.0,0.4,3.0,5.0,13.0,0.4,6.0,22.0,22.0,Juventus,12.0,2.0,0.0,5.0,8.0,2.0,43.2,13.0,3.0,0.2,0.0,0.0,271.0,343.0,0.8,7.0,24.0,0.3,55.0,28.0,0.5,3.0,18.0,29.0,0.6,3.0,15.0,15.0,679381,2023-12-23 11:30:00,2023
Torino,10.0,2.0,0.0,3.0,8.0,3.0,61.6,14.0,4.0,0.3,0.0,0.0,413.0,481.0,0.9,7.0,31.0,0.2,36.0,16.0,0.4,4.0,6.0,13.0,0.5,6.0,9.0,9.0,Udinese,11.0,2.0,0.0,1.0,2.0,3.0,38.4,10.0,4.0,0.4,0.0,0.0,227.0,313.0,0.7,3.0,11.0,0.3,51.0,16.0,0.3,1.0,15.0,23.0,0.7,11.0,24.0,24.0,679385,2023-12-23 14:00:00,2023
Bologna,10.0,2.0,0.0,0.0,3.0,2.0,60.4,9.0,1.0,0.1,0.0,0.0,506.0,614.0,0.8,1.0,10.0,0.1,68.0,23.0,0.3,1.0,11.0,17.0,0.6,7.0,14.0,14.0,Atalanta,14.0,4.0,0.0,1.0,5.0,0.0,39.6,12.0,2.0,0.2,0.0,0.0,303.0,390.0,0.8,8.0,16.0,0.5,44.0,17.0,0.4,2.0,11.0,18.0,0.6,13.0,16.0,16.0,679388,2023-12-23 14:00:00,2023
Internazionale,0.0,0.0,0.0,0.0,0.0,0.0,0.0,0.0,0.0,0.0,0.0,0.0,0.0,0.0,0.0,0.0,0.0,0.0,0.0,0.0,0.0,0.0,0.0,0.0,0.0,0.0,0.0,0.0,Lecce,0.0,0.0,0.0,0.0,0.0,0.0,0.0,0.0,0.0,0.0,0.0,0.0,0.0,0.0,0.0,0.0,0.0,0.0,0.0,0.0,0.0,0.0,0.0,0.0,0.0,0.0,0.0,0.0,679380,2023-12-23 17:00:00,2023
Hellas Verona,9.0,3.0,0.0,1.0,11.0,3.0,58.7,13.0,5.0,0.4,0.0,0.0,388.0,466.0,0.8,11.0,31.0,0.4,55.0,33.0,0.6,1.0,8.0,15.0,0.5,4.0,20.0,20.0,Cagliari,19.0,2.0,1.0,1.0,7.0,3.0,41.3,12.0,3.0,0.3,0.0,0.0,253.0,329.0,0.8,4.0,19.0,0.2,70.0,39.0,0.6,1.0,9.0,14.0,0.6,1.0,21.0,21.0,679386,2023-12-23 17:00:00,2023
AS Roma,19.0,7.0,0.0,2.0,4.0,2.0,40.8,17.0,4.0,0.2,0.0,0.0,265.0,334.0,0.8,6.0,17.0,0.4,34.0,16.0,0.5,3.0,7.0,11.0,0.6,4.0,14.0,14.0,Napoli,12.0,2.0,2.0,1.0,0.0,2.0,59.2,7.0,2.0,0.3,0.0,0.0,429.0,494.0,0.9,2.0,14.0,0.1,55.0,37.0,0.7,3.0,6.0,10.0,0.6,10.0,25.0,25.0,679382,2023-12-23 19:45:00,2023
Napoli,10.0,4.0,0.0,0.0,10.0,3.0,58.3,25.0,9.0,0.4,0.0,0.0,437.0,496.0,0.9,10.0,26.0,0.4,43.0,35.0,0.8,6.0,7.0,9.0,0.8,7.0,8.0,8.0,Monza,21.0,4.0,1.0,2.0,1.0,9.0,41.7,8.0,3.0,0.4,0.0,1.0,290.0,360.0,0.8,5.0,8.0,0.6,50.0,23.0,0.5,3.0,13.0,20.0,0.7,9.0,26.0,26.0,679392,2023-12-29 17:30:00,2023
Fiorentina,11.0,4.0,0.0,2.0,4.0,3.0,52.0,12.0,3.0,0.3,0.0,0.0,282.0,357.0,0.8,5.0,22.0,0.2,76.0,43.0,0.6,4.0,3.0,6.0,0.5,6.0,19.0,19.0,Torino,15.0,2.0,0.0,2.0,2.0,2.0,48.0,6.0,3.0,0.5,0.0,0.0,246.0,331.0,0.7,7.0,22.0,0.3,60.0,19.0,0.3,0.0,8.0,13.0,0.6,13.0,25.0,25.0,679397,2023-12-29 17:30:00,2023
Genoa,13.0,2.0,0.0,0.0,8.0,5.0,47.7,13.0,4.0,0.3,0.0,0.0,293.0,372.0,0.8,10.0,27.0,0.4,50.0,18.0,0.4,4.0,6.0,10.0,0.6,5.0,13.0,13.0,Internazionale,15.0,2.0,0.0,0.0,2.0,3.0,52.3,16.0,6.0,0.4,0.0,0.0,366.0,426.0,0.9,3.0,16.0,0.2,38.0,16.0,0.4,4.0,5.0,10.0,0.5,3.0,28.0,28.0,679396,2023-12-29 19:45:00,2023
Lazio,18.0,3.0,0.0,2.0,6.0,1.0,54.5,13.0,5.0,0.4,0.0,0.0,372.0,455.0,0.8,6.0,17.0,0.4,61.0,38.0,0.6,3.0,10.0,18.0,0.6,11.0,14.0,14.0,Frosinone,15.0,2.0,0.0,0.0,2.0,2.0,45.5,11.0,2.0,0.2,1.0,1.0,298.0,384.0,0.8,4.0,9.0,0.4,59.0,23.0,0.4,4.0,8.0,18.0,0.4,4.0,23.0,23.0,679399,2023-12-29 19:45:00,2023
Atalanta,0.0,0.0,0.0,0.0,0.0,0.0,0.0,0.0,0.0,0.0,0.0,0.0,0.0,0.0,0.0,0.0,0.0,0.0,0.0,0.0,0.0,0.0,0.0,0.0,0.0,0.0,0.0,0.0,Lecce,0.0,0.0,0.0,0.0,0.0,0.0,0.0,0.0,0.0,0.0,0.0,0.0,0.0,0.0,0.0,0.0,0.0,0.0,0.0,0.0,0.0,0.0,0.0,0.0,0.0,0.0,0.0,0.0,679390,2023-12-30 11:30:00,2023
Cagliari,18.0,1.0,0.0,3.0,8.0,1.0,49.9,14.0,3.0,0.2,0.0,1.0,230.0,329.0,0.7,9.0,38.0,0.2,81.0,42.0,0.5,2.0,8.0,15.0,0.5,9.0,17.0,17.0,Empoli,18.0,3.0,0.0,3.0,6.0,3.0,50.1,5.0,1.0,0.2,0.0,0.0,254.0,354.0,0.7,2.0,16.0,0.1,83.0,36.0,0.4,1.0,10.0,21.0,0.5,7.0,34.0,34.0,679398,2023-12-30 14:00:00,2023
Udinese,15.0,2.0,0.0,1.0,7.0,5.0,26.7,15.0,7.0,0.5,0.0,0.0,145.0,193.0,0.8,4.0,17.0,0.2,31.0,8.0,0.3,2.0,11.0,16.0,0.7,14.0,21.0,21.0,Bologna,14.0,5.0,0.0,0.0,7.0,4.0,73.3,14.0,5.0,0.4,0.0,0.0,491.0,561.0,0.9,2.0,16.0,0.1,42.0,21.0,0.5,2.0,10.0,21.0,0.5,2.0,13.0,13.0,679394,2023-12-30 14:00:00,2023
Hellas Verona,14.0,2.0,0.0,2.0,7.0,2.0,48.4,11.0,0.0,0.0,0.0,0.0,254.0,340.0,0.7,8.0,28.0,0.3,62.0,30.0,0.5,2.0,13.0,23.0,0.6,13.0,24.0,24.0,Salernitana,13.0,2.0,0.0,0.0,6.0,0.0,51.6,9.0,3.0,0.3,0.0,0.0,273.0,374.0,0.7,7.0,20.0,0.4,64.0,25.0,0.4,3.0,7.0,13.0,0.5,2.0,20.0,20.0,679391,2023-12-30 17:00:00,2023
AC Milan,8.0,0.0,0.0,6.0,6.0,6.0,58.7,20.0,2.0,0.1,0.0,0.0,452.0,513.0,0.9,6.0,14.0,0.4,61.0,34.0,0.6,7.0,7.0,12.0,0.6,7.0,16.0,16.0,Sassuolo,7.0,1.0,0.0,0.0,5.0,1.0,41.3,12.0,6.0,0.5,0.0,0.0,286.0,355.0,0.8,3.0,22.0,0.1,47.0,21.0,0.4,3.0,9.0,13.0,0.7,6.0,14.0,14.0,679393,2023-12-30 17:00:00,2023
Juventus,15.0,1.0,0.0,2.0,2.0,2.0,42.6,13.0,4.0,0.3,0.0,0.0,370.0,439.0,0.8,2.0,16.0,0.1,63.0,38.0,0.6,3.0,6.0,7.0,0.9,4.0,21.0,21.0,AS Roma,14.0,1.0,0.0,0.0,2.0,2.0,57.4,11.0,2.0,0.2,0.0,0.0,519.0,594.0,0.9,4.0,19.0,0.2,54.0,23.0,0.4,4.0,5.0,10.0,0.5,6.0,14.0,14.0,679395,2023-12-30 19:45:00,2023
Bologna,8.0,3.0,0.0,2.0,12.0,0.0,71.3,21.0,8.0,0.4,0.0,0.0,584.0,662.0,0.9,8.0,39.0,0.2,35.0,27.0,0.8,9.0,10.0,16.0,0.6,4.0,11.0,11.0,Genoa,10.0,3.0,0.0,0.0,2.0,7.0,28.7,3.0,1.0,0.3,0.0,0.0,203.0,273.0,0.7,0.0,10.0,0.0,52.0,19.0,0.4,0.0,11.0,19.0,0.6,14.0,29.0,29.0,679408,2024-01-05 19:45:00,2024
Internazionale,16.0,0.0,0.0,6.0,7.0,2.0,61.5,15.0,6.0,0.4,0.0,0.0,426.0,511.0,0.8,7.0,23.0,0.3,56.0,32.0,0.6,1.0,9.0,14.0,0.6,6.0,9.0,9.0,Hellas Verona,15.0,2.0,1.0,1.0,0.0,4.0,38.5,8.0,3.0,0.4,0.0,1.0,236.0,317.0,0.7,7.0,19.0,0.4,56.0,27.0,0.5,1.0,10.0,14.0,0.7,5.0,20.0,20.0,679405,2024-01-06 11:30:00,2024
Frosinone,11.0,3.0,1.0,2.0,5.0,0.0,59.5,10.0,5.0,0.5,1.0,1.0,422.0,507.0,0.8,2.0,19.0,0.1,31.0,11.0,0.4,2.0,4.0,8.0,0.5,7.0,6.0,6.0,Monza,16.0,5.0,0.0,0.0,1.0,3.0,40.5,7.0,2.0,0.3,0.0,0.0,249.0,353.0,0.7,1.0,3.0,0.3,83.0,24.0,0.3,2.0,13.0,24.0,0.5,13.0,24.0,24.0,679406,2024-01-06 14:00:00,2024
Lecce,0.0,0.0,0.0,0.0,0.0,0.0,0.0,0.0,0.0,0.0,0.0,0.0,0.0,0.0,0.0,0.0,0.0,0.0,0.0,0.0,0.0,0.0,0.0,0.0,0.0,0.0,0.0,0.0,Cagliari,0.0,0.0,0.0,0.0,0.0,0.0,0.0,0.0,0.0,0.0,0.0,0.0,0.0,0.0,0.0,0.0,0.0,0.0,0.0,0.0,0.0,0.0,0.0,0.0,0.0,0.0,0.0,0.0,679409,2024-01-06 17:00:00,2024
Sassuolo,10.0,3.0,0.0,5.0,1.0,2.0,33.1,7.0,1.0,0.1,0.0,0.0,161.0,234.0,0.7,1.0,5.0,0.2,49.0,20.0,0.4,1.0,5.0,5.0,1.0,6.0,39.0,39.0,Fiorentina,14.0,2.0,0.0,6.0,8.0,0.0,66.9,9.0,3.0,0.3,0.0,1.0,382.0,463.0,0.8,12.0,35.0,0.3,59.0,30.0,0.5,2.0,3.0,9.0,0.3,7.0,13.0,13.0,679401,2024-01-06 19:45:00,2024
Empoli,9.0,1.0,0.0,0.0,6.0,3.0,35.0,17.0,2.0,0.1,0.0,0.0,276.0,322.0,0.9,1.0,19.0,0.1,57.0,37.0,0.6,10.0,13.0,17.0,0.8,9.0,15.0,15.0,AC Milan,13.0,2.0,0.0,0.0,6.0,2.0,65.0,13.0,6.0,0.5,1.0,1.0,560.0,622.0,0.9,7.0,16.0,0.4,51.0,37.0,0.7,3.0,10.0,16.0,0.6,0.0,19.0,19.0,679407,2024-01-07 11:30:00,2024
Udinese,16.0,5.0,0.0,0.0,4.0,0.0,46.5,13.0,2.0,0.2,0.0,0.0,311.0,390.0,0.8,5.0,12.0,0.4,55.0,28.0,0.5,5.0,6.0,10.0,0.6,12.0,19.0,19.0,Lazio,22.0,3.0,0.0,1.0,4.0,1.0,53.5,7.0,2.0,0.3,0.0,0.0,362.0,448.0,0.8,1.0,11.0,0.1,49.0,21.0,0.4,1.0,10.0,13.0,0.8,6.0,15.0,15.0,679404,2024-01-07 14:00:00,2024
Torino,7.0,0.0,0.0,3.0,2.0,3.0,49.5,10.0,6.0,0.6,0.0,0.0,372.0,439.0,0.8,4.0,15.0,0.3,53.0,29.0,0.5,1.0,3.0,4.0,0.8,11.0,8.0,8.0,Napoli,10.0,2.0,1.0,3.0,5.0,3.0,50.5,10.0,3.0,0.3,0.0,0.0,373.0,447.0,0.8,4.0,15.0,0.3,43.0,22.0,0.5,3.0,4.0,10.0,0.4,2.0,11.0,11.0,679400,2024-01-07 14:00:00,2024
Salernitana,0.0,0.0,0.0,0.0,0.0,0.0,0.0,0.0,0.0,0.0,0.0,0.0,0.0,0.0,0.0,0.0,0.0,0.0,0.0,0.0,0.0,0.0,0.0,0.0,0.0,0.0,0.0,0.0,Juventus,0.0,0.0,0.0,0.0,0.0,0.0,0.0,0.0,0.0,0.0,0.0,0.0,0.0,0.0,0.0,0.0,0.0,0.0,0.0,0.0,0.0,0.0,0.0,0.0,0.0,0.0,0.0,0.0,679402,2024-01-07 17:00:00,2024
AS Roma,14.0,1.0,0.0,2.0,6.0,1.0,55.4,16.0,6.0,0.4,1.0,1.0,386.0,475.0,0.8,4.0,23.0,0.2,49.0,29.0,0.6,4.0,12.0,14.0,0.9,10.0,15.0,15.0,Atalanta,14.0,6.0,0.0,1.0,5.0,7.0,44.6,8.0,2.0,0.3,0.0,0.0,294.0,377.0,0.8,4.0,16.0,0.3,50.0,20.0,0.4,2.0,16.0,22.0,0.7,6.0,33.0,33.0,679403,2024-01-07 19:45:00,2024
Genoa,11.0,3.0,0.0,0.0,8.0,0.0,44.0,11.0,6.0,0.5,0.0,0.0,260.0,346.0,0.8,4.0,23.0,0.2,49.0,14.0,0.3,0.0,7.0,14.0,0.5,9.0,17.0,17.0,Torino,11.0,2.0,0.0,2.0,4.0,6.0,56.0,6.0,0.0,0.0,0.0,0.0,365.0,441.0,0.8,6.0,24.0,0.3,49.0,17.0,0.3,1.0,9.0,13.0,0.7,9.0,25.0,25.0,679415,2024-01-13 14:00:00,2024
Napoli,15.0,3.0,0.0,0.0,8.0,1.0,70.4,19.0,7.0,0.4,1.0,1.0,648.0,724.0,0.9,5.0,29.0,0.2,59.0,44.0,0.7,3.0,7.0,16.0,0.4,4.0,14.0,14.0,Salernitana,10.0,2.0,0.0,0.0,3.0,5.0,29.6,6.0,2.0,0.3,0.0,0.0,210.0,304.0,0.7,2.0,13.0,0.2,70.0,30.0,0.4,2.0,11.0,20.0,0.6,8.0,26.0,26.0,679413,2024-01-13 14:00:00,2024
Hellas Verona,20.0,2.0,1.0,0.0,5.0,0.0,39.6,11.0,7.0,0.6,0.0,0.0,212.0,283.0,0.7,6.0,23.0,0.3,73.0,42.0,0.6,2.0,9.0,19.0,0.5,6.0,21.0,21.0,Empoli,17.0,3.0,0.0,0.0,9.0,5.0,60.4,14.0,1.0,0.1,0.0,0.0,366.0,443.0,0.8,2.0,20.0,0.1,40.0,16.0,0.4,5.0,9.0,19.0,0.5,4.0,15.0,15.0,679414,2024-01-13 17:00:00,2024
Monza,6.0,2.0,0.0,3.0,4.0,2.0,57.3,9.0,2.0,0.2,1.0,1.0,477.0,534.0,0.9,3.0,11.0,0.3,45.0,32.0,0.7,0.0,6.0,8.0,0.8,7.0,11.0,11.0,Internazionale,12.0,2.0,0.0,2.0,5.0,1.0,42.7,20.0,7.0,0.4,2.0,2.0,331.0,390.0,0.8,7.0,18.0,0.4,31.0,18.0,0.6,3.0,7.0,10.0,0.7,9.0,10.0,10.0,679412,2024-01-13 19:45:00,2024
Lazio,0.0,0.0,0.0,0.0,0.0,0.0,0.0,0.0,0.0,0.0,0.0,0.0,0.0,0.0,0.0,0.0,0.0,0.0,0.0,0.0,0.0,0.0,0.0,0.0,0.0,0.0,0.0,0.0,Lecce,0.0,0.0,0.0,0.0,0.0,0.0,0.0,0.0,0.0,0.0,0.0,0.0,0.0,0.0,0.0,0.0,0.0,0.0,0.0,0.0,0.0,0.0,0.0,0.0,0.0,0.0,0.0,0.0,679410,2024-01-14 11:30:00,2024
Cagliari,12.0,2.0,0.0,1.0,2.0,3.0,36.3,5.0,2.0,0.4,0.0,0.0,271.0,358.0,0.8,1.0,8.0,0.1,46.0,16.0,0.3,2.0,9.0,16.0,0.6,11.0,28.0,28.0,Bologna,8.0,3.0,0.0,3.0,5.0,1.0,63.7,11.0,4.0,0.4,0.0,0.0,560.0,625.0,0.9,6.0,21.0,0.3,41.0,26.0,0.6,0.0,9.0,14.0,0.6,16.0,9.0,9.0,679417,2024-01-14 14:00:00,2024
Fiorentina,14.0,1.0,0.0,1.0,5.0,4.0,70.0,10.0,3.0,0.3,1.0,1.0,463.0,536.0,0.9,5.0,19.0,0.3,51.0,29.0,0.6,1.0,12.0,20.0,0.6,7.0,14.0,14.0,Udinese,13.0,1.0,0.0,1.0,4.0,1.0,30.0,12.0,6.0,0.5,0.0,0.0,169.0,231.0,0.7,2.0,8.0,0.3,48.0,24.0,0.5,1.0,7.0,12.0,0.6,11.0,28.0,28.0,679416,2024-01-14 17:00:00,2024
AC Milan,12.0,2.0,0.0,1.0,2.0,4.0,48.1,17.0,5.0,0.3,0.0,0.0,418.0,472.0,0.9,4.0,16.0,0.3,45.0,28.0,0.6,4.0,10.0,16.0,0.6,6.0,27.0,27.0,AS Roma,9.0,3.0,0.0,5.0,5.0,2.0,51.9,12.0,5.0,0.4,1.0,1.0,435.0,499.0,0.9,6.0,28.0,0.2,49.0,24.0,0.5,4.0,5.0,12.0,0.4,5.0,13.0,13.0,679411,2024-01-14 19:45:00,2024
Atalanta,11.0,0.0,0.0,0.0,8.0,5.0,48.1,21.0,9.0,0.4,1.0,1.0,396.0,483.0,0.8,5.0,20.0,0.3,44.0,23.0,0.5,6.0,12.0,17.0,0.7,13.0,12.0,12.0,Frosinone,8.0,1.0,0.0,2.0,2.0,4.0,51.9,8.0,5.0,0.6,0.0,0.0,444.0,538.0,0.8,1.0,7.0,0.1,56.0,25.0,0.4,2.0,10.0,16.0,0.6,8.0,25.0,25.0,679418,2024-01-15 19:45:00,2024
Juventus,9.0,0.0,0.0,6.0,5.0,4.0,45.9,12.0,5.0,0.4,0.0,0.0,385.0,458.0,0.8,2.0,13.0,0.2,52.0,29.0,0.6,5.0,9.0,17.0,0.5,11.0,15.0,15.0,Sassuolo,9.0,2.0,0.0,0.0,2.0,2.0,54.1,8.0,4.0,0.5,0.0,0.0,463.0,543.0,0.9,2.0,11.0,0.2,51.0,28.0,0.5,1.0,10.0,20.0,0.5,6.0,14.0,14.0,679419,2024-01-16 19:45:00,2024
AS Roma,14.0,2.0,0.0,5.0,1.0,2.0,61.7,9.0,2.0,0.2,0.0,0.0,507.0,593.0,0.9,1.0,7.0,0.1,66.0,31.0,0.5,5.0,17.0,21.0,0.8,6.0,14.0,14.0,Hellas Verona,12.0,2.0,0.0,1.0,2.0,0.0,38.3,12.0,3.0,0.3,0.0,1.0,291.0,356.0,0.8,5.0,18.0,0.3,48.0,30.0,0.6,5.0,8.0,11.0,0.7,10.0,10.0,10.0,679428,2024-01-20 17:00:00,2024
Udinese,12.0,6.0,0.0,0.0,5.0,4.0,30.0,11.0,6.0,0.5,0.0,0.0,156.0,234.0,0.7,3.0,14.0,0.2,40.0,15.0,0.4,2.0,12.0,16.0,0.8,11.0,28.0,28.0,AC Milan,9.0,1.0,0.0,2.0,7.0,4.0,70.0,15.0,7.0,0.5,0.0,0.0,471.0,550.0,0.9,7.0,22.0,0.3,25.0,12.0,0.5,5.0,14.0,21.0,0.7,8.0,16.0,16.0,679421,2024-01-20 19:45:00,2024
Frosinone,11.0,3.0,0.0,2.0,8.0,3.0,59.8,17.0,7.0,0.4,0.0,0.0,382.0,501.0,0.8,6.0,16.0,0.4,56.0,18.0,0.3,2.0,8.0,9.0,0.9,7.0,22.0,22.0,Cagliari,18.0,5.0,0.0,2.0,4.0,4.0,40.2,9.0,4.0,0.4,0.0,0.0,213.0,324.0,0.7,5.0,21.0,0.2,80.0,29.0,0.4,1.0,10.0,14.0,0.7,4.0,17.0,17.0,679425,2024-01-21 11:30:00,2024
Empoli,15.0,1.0,0.0,0.0,1.0,5.0,28.0,9.0,5.0,0.6,0.0,0.0,186.0,258.0,0.7,1.0,9.0,0.1,48.0,12.0,0.3,2.0,8.0,15.0,0.5,8.0,37.0,37.0,Monza,10.0,3.0,0.0,2.0,7.0,2.0,72.0,15.0,5.0,0.3,0.0,0.0,582.0,658.0,0.9,5.0,28.0,0.2,63.0,40.0,0.6,5.0,7.0,13.0,0.5,5.0,12.0,12.0,679422,2024-01-21 14:00:00,2024
Salernitana,7.0,0.0,0.0,7.0,5.0,3.0,60.1,11.0,2.0,0.2,0.0,0.0,444.0,537.0,0.8,5.0,24.0,0.2,54.0,25.0,0.5,6.0,15.0,18.0,0.8,11.0,11.0,11.0,Genoa,15.0,5.0,0.0,0.0,6.0,1.0,39.9,5.0,5.0,1.0,1.0,1.0,265.0,362.0,0.7,3.0,12.0,0.3,58.0,26.0,0.4,0.0,8.0,11.0,0.7,12.0,30.0,30.0,679429,2024-01-21 17:00:00,2024
Lecce,0.0,0.0,0.0,0.0,0.0,0.0,0.0,0.0,0.0,0.0,0.0,0.0,0.0,0.0,0.0,0.0,0.0,0.0,0.0,0.0,0.0,0.0,0.0,0.0,0.0,0.0,0.0,0.0,Juventus,0.0,0.0,0.0,0.0,0.0,0.0,0.0,0.0,0.0,0.0,0.0,0.0,0.0,0.0,0.0,0.0,0.0,0.0,0.0,0.0,0.0,0.0,0.0,0.0,0.0,0.0,0.0,0.0,679427,2024-01-21 19:45:00,2024
Cagliari,12.0,2.0,0.0,0.0,9.0,5.0,51.1,25.0,10.0,0.4,0.0,0.0,273.0,371.0,0.7,11.0,36.0,0.3,62.0,25.0,0.4,6.0,10.0,16.0,0.6,9.0,25.0,25.0,Torino,12.0,4.0,0.0,6.0,2.0,8.0,48.9,16.0,6.0,0.4,0.0,0.0,284.0,380.0,0.7,4.0,11.0,0.4,73.0,30.0,0.4,3.0,6.0,11.0,0.5,12.0,30.0,30.0,679439,2024-01-26 19:45:00,2024
Atalanta,8.0,2.0,0.0,1.0,4.0,5.0,58.7,14.0,11.0,0.8,0.0,0.0,439.0,530.0,0.8,10.0,23.0,0.4,46.0,18.0,0.4,1.0,19.0,23.0,0.8,7.0,8.0,8.0,Udinese,11.0,1.0,0.0,3.0,4.0,9.0,41.3,13.0,5.0,0.4,0.0,0.0,301.0,379.0,0.8,2.0,10.0,0.2,56.0,30.0,0.5,2.0,13.0,19.0,0.7,13.0,22.0,22.0,679430,2024-01-27 14:00:00,2024
Juventus,11.0,1.0,1.0,0.0,6.0,4.0,39.0,9.0,3.0,0.3,0.0,0.0,333.0,404.0,0.8,4.0,14.0,0.3,35.0,17.0,0.5,4.0,6.0,14.0,0.4,6.0,17.0,17.0,Empoli,6.0,1.0,0.0,2.0,7.0,2.0,61.0,16.0,5.0,0.3,0.0,0.0,567.0,634.0,0.9,5.0,23.0,0.2,50.0,27.0,0.5,5.0,10.0,19.0,0.5,6.0,25.0,25.0,679437,2024-01-27 17:00:00,2024
AC Milan,16.0,5.0,0.0,1.0,4.0,2.0,50.1,14.0,4.0,0.3,0.0,2.0,403.0,449.0,0.9,8.0,23.0,0.3,25.0,15.0,0.6,0.0,7.0,13.0,0.5,4.0,11.0,11.0,Bologna,12.0,3.0,0.0,1.0,1.0,2.0,49.9,15.0,4.0,0.3,1.0,1.0,396.0,465.0,0.9,2.0,7.0,0.3,40.0,17.0,0.4,7.0,10.0,18.0,0.6,7.0,16.0,16.0,679433,2024-01-27 19:45:00,2024
Genoa,0.0,0.0,0.0,0.0,0.0,0.0,0.0,0.0,0.0,0.0,0.0,0.0,0.0,0.0,0.0,0.0,0.0,0.0,0.0,0.0,0.0,0.0,0.0,0.0,0.0,0.0,0.0,0.0,Lecce,0.0,0.0,0.0,0.0,0.0,0.0,0.0,0.0,0.0,0.0,0.0,0.0,0.0,0.0,0.0,0.0,0.0,0.0,0.0,0.0,0.0,0.0,0.0,0.0,0.0,0.0,0.0,0.0,679436,2024-01-28 11:30:00,2024
Hellas Verona,17.0,2.0,0.0,3.0,1.0,5.0,48.7,15.0,5.0,0.3,1.0,2.0,302.0,416.0,0.7,3.0,14.0,0.2,83.0,40.0,0.5,3.0,9.0,15.0,0.6,5.0,13.0,13.0,Frosinone,12.0,2.0,0.0,2.0,9.0,4.0,51.3,11.0,6.0,0.5,0.0,0.0,325.0,437.0,0.7,4.0,15.0,0.3,61.0,12.0,0.2,3.0,9.0,16.0,0.6,6.0,12.0,12.0,679438,2024-01-28 14:00:00,2024
Monza,8.0,1.0,0.0,2.0,4.0,3.0,61.3,12.0,1.0,0.1,0.0,0.0,450.0,535.0,0.8,5.0,13.0,0.4,77.0,41.0,0.5,6.0,12.0,21.0,0.6,7.0,16.0,16.0,Sassuolo,13.0,3.0,0.0,0.0,6.0,0.0,38.7,14.0,3.0,0.2,0.0,0.0,270.0,326.0,0.8,5.0,22.0,0.2,42.0,21.0,0.5,5.0,9.0,11.0,0.8,6.0,13.0,13.0,679432,2024-01-28 14:00:00,2024
Lazio,11.0,3.0,0.0,3.0,4.0,0.0,39.0,10.0,1.0,0.1,0.0,0.0,354.0,410.0,0.9,7.0,20.0,0.4,37.0,19.0,0.5,3.0,12.0,15.0,0.8,3.0,17.0,17.0,Napoli,11.0,2.0,0.0,0.0,3.0,0.0,61.0,5.0,0.0,0.0,0.0,0.0,591.0,659.0,0.9,0.0,16.0,0.0,68.0,44.0,0.6,3.0,9.0,15.0,0.6,3.0,18.0,18.0,679434,2024-01-28 17:00:00,2024
Fiorentina,6.0,2.0,0.0,3.0,7.0,3.0,57.8,14.0,4.0,0.3,0.0,1.0,424.0,518.0,0.8,4.0,24.0,0.2,68.0,35.0,0.5,5.0,11.0,19.0,0.6,7.0,18.0,18.0,Internazionale,12.0,3.0,0.0,4.0,6.0,4.0,42.2,8.0,4.0,0.5,0.0,0.0,299.0,378.0,0.8,4.0,16.0,0.3,45.0,15.0,0.3,2.0,9.0,12.0,0.8,8.0,27.0,27.0,679435,2024-01-28 19:45:00,2024
Salernitana,12.0,2.0,0.0,3.0,5.0,0.0,38.5,15.0,7.0,0.5,0.0,0.0,299.0,363.0,0.8,10.0,30.0,0.3,42.0,21.0,0.5,4.0,9.0,15.0,0.6,8.0,11.0,11.0,AS Roma,12.0,3.0,0.0,4.0,1.0,6.0,61.5,5.0,2.0,0.4,1.0,1.0,542.0,618.0,0.9,3.0,7.0,0.4,42.0,20.0,0.5,2.0,6.0,11.0,0.5,5.0,29.0,29.0,679431,2024-01-29 19:45:00,2024
Lecce,0.0,0.0,0.0,0.0,0.0,0.0,0.0,0.0,0.0,0.0,0.0,0.0,0.0,0.0,0.0,0.0,0.0,0.0,0.0,0.0,0.0,0.0,0.0,0.0,0.0,0.0,0.0,0.0,Fiorentina,0.0,0.0,0.0,0.0,0.0,0.0,0.0,0.0,0.0,0.0,0.0,0.0,0.0,0.0,0.0,0.0,0.0,0.0,0.0,0.0,0.0,0.0,0.0,0.0,0.0,0.0,0.0,0.0,679449,2024-02-02 19:45:00,2024
Udinese,12.0,3.0,0.0,1.0,7.0,1.0,46.6,21.0,6.0,0.3,0.0,0.0,355.0,423.0,0.8,9.0,18.0,0.5,33.0,16.0,0.5,7.0,6.0,7.0,0.9,5.0,17.0,17.0,Monza,13.0,2.0,0.0,0.0,4.0,6.0,53.4,3.0,2.0,0.7,0.0,0.0,407.0,489.0,0.8,3.0,12.0,0.3,48.0,22.0,0.5,0.0,11.0,18.0,0.6,8.0,23.0,23.0,679448,2024-02-03 14:00:00,2024
Empoli,11.0,2.0,0.0,2.0,6.0,1.0,47.9,15.0,4.0,0.3,0.0,0.0,310.0,394.0,0.8,6.0,21.0,0.3,65.0,37.0,0.6,7.0,8.0,13.0,0.6,9.0,22.0,22.0,Genoa,12.0,1.0,1.0,2.0,6.0,4.0,52.1,10.0,2.0,0.2,0.0,0.0,342.0,437.0,0.8,6.0,14.0,0.4,53.0,25.0,0.5,4.0,11.0,20.0,0.6,4.0,27.0,27.0,679441,2024-02-03 14:00:00,2024
Frosinone,10.0,1.0,0.0,0.0,2.0,3.0,42.1,7.0,4.0,0.6,1.0,1.0,294.0,378.0,0.8,1.0,4.0,0.3,46.0,13.0,0.3,1.0,8.0,15.0,0.5,9.0,22.0,22.0,AC Milan,13.0,3.0,0.0,1.0,4.0,2.0,57.9,13.0,5.0,0.4,0.0,0.0,426.0,509.0,0.8,3.0,18.0,0.2,61.0,39.0,0.6,5.0,3.0,7.0,0.4,7.0,6.0,6.0,679447,2024-02-03 17:00:00,2024
Bologna,11.0,1.0,0.0,1.0,7.0,2.0,70.7,19.0,3.0,0.2,0.0,0.0,596.0,693.0,0.9,6.0,19.0,0.3,43.0,24.0,0.6,10.0,9.0,16.0,0.6,8.0,20.0,20.0,Sassuolo,10.0,3.0,0.0,0.0,4.0,0.0,29.3,12.0,4.0,0.3,0.0,0.0,185.0,278.0,0.7,2.0,15.0,0.1,57.0,21.0,0.4,4.0,11.0,17.0,0.6,8.0,19.0,19.0,679440,2024-02-03 19:45:00,2024
Torino,11.0,2.0,0.0,3.0,10.0,1.0,67.3,13.0,1.0,0.1,0.0,0.0,438.0,504.0,0.9,8.0,31.0,0.3,42.0,19.0,0.5,5.0,5.0,8.0,0.6,5.0,10.0,10.0,Salernitana,8.0,1.0,0.0,0.0,1.0,1.0,32.7,3.0,1.0,0.3,0.0,0.0,174.0,255.0,0.7,0.0,5.0,0.0,51.0,13.0,0.3,0.0,8.0,11.0,0.7,8.0,26.0,26.0,679442,2024-02-04 11:30:00,2024
Napoli,11.0,3.0,0.0,2.0,9.0,1.0,68.7,19.0,7.0,0.4,0.0,0.0,514.0,599.0,0.9,2.0,22.0,0.1,68.0,37.0,0.5,2.0,9.0,15.0,0.6,2.0,8.0,8.0,Hellas Verona,14.0,2.0,0.0,2.0,2.0,6.0,31.3,12.0,2.0,0.2,0.0,0.0,188.0,263.0,0.7,6.0,17.0,0.4,59.0,22.0,0.4,1.0,15.0,25.0,0.6,9.0,25.0,25.0,679445,2024-02-04 14:00:00,2024
Atalanta,13.0,2.0,0.0,1.0,6.0,0.0,53.1,19.0,5.0,0.3,1.0,1.0,477.0,552.0,0.9,13.0,26.0,0.5,47.0,23.0,0.5,5.0,13.0,22.0,0.6,3.0,16.0,16.0,Lazio,14.0,3.0,0.0,1.0,1.0,2.0,46.9,7.0,1.0,0.1,1.0,1.0,417.0,497.0,0.8,1.0,11.0,0.1,55.0,23.0,0.4,3.0,4.0,11.0,0.4,7.0,13.0,13.0,679444,2024-02-04 17:00:00,2024
Internazionale,8.0,2.0,0.0,0.0,6.0,1.0,53.7,15.0,3.0,0.2,0.0,0.0,494.0,559.0,0.9,9.0,31.0,0.3,39.0,29.0,0.7,5.0,7.0,15.0,0.5,5.0,20.0,20.0,Juventus,8.0,3.0,0.0,0.0,4.0,3.0,46.3,12.0,1.0,0.1,0.0,0.0,434.0,489.0,0.9,4.0,19.0,0.2,50.0,36.0,0.7,7.0,6.0,8.0,0.8,8.0,30.0,30.0,679443,2024-02-04 19:45:00,2024
AS Roma,8.0,1.0,0.0,5.0,7.0,3.0,52.7,20.0,6.0,0.3,1.0,1.0,419.0,477.0,0.9,8.0,13.0,0.6,49.0,30.0,0.6,7.0,8.0,13.0,0.6,7.0,20.0,20.0,Cagliari,12.0,1.0,0.0,0.0,5.0,2.0,47.3,12.0,3.0,0.3,0.0,0.0,359.0,413.0,0.9,6.0,24.0,0.3,37.0,23.0,0.6,3.0,8.0,8.0,1.0,10.0,6.0,6.0,679446,2024-02-05 19:45:00,2024
Salernitana,10.0,3.0,0.0,2.0,4.0,1.0,61.3,13.0,4.0,0.3,0.0,0.0,500.0,560.0,0.9,7.0,37.0,0.2,41.0,23.0,0.6,4.0,6.0,8.0,0.8,4.0,15.0,15.0,Empoli,17.0,2.0,0.0,1.0,8.0,3.0,38.7,17.0,3.0,0.2,1.0,1.0,288.0,354.0,0.8,9.0,23.0,0.4,45.0,18.0,0.4,6.0,13.0,18.0,0.7,8.0,23.0,23.0,679450,2024-02-09 19:45:00,2024
Cagliari,6.0,1.0,1.0,1.0,7.0,4.0,45.3,13.0,6.0,0.5,0.0,0.0,383.0,476.0,0.8,5.0,24.0,0.2,57.0,23.0,0.4,3.0,5.0,11.0,0.5,7.0,26.0,26.0,Lazio,9.0,3.0,0.0,3.0,8.0,5.0,54.7,12.0,5.0,0.4,0.0,0.0,497.0,587.0,0.8,2.0,17.0,0.1,63.0,40.0,0.6,1.0,5.0,11.0,0.5,8.0,29.0,29.0,679459,2024-02-10 14:00:00,2024
AS Roma,9.0,2.0,0.0,0.0,3.0,3.0,46.7,8.0,3.0,0.4,0.0,0.0,410.0,478.0,0.9,5.0,17.0,0.3,49.0,27.0,0.6,1.0,4.0,9.0,0.4,6.0,20.0,20.0,Internazionale,14.0,0.0,0.0,0.0,8.0,2.0,53.3,10.0,6.0,0.6,0.0,0.0,485.0,544.0,0.9,2.0,20.0,0.1,42.0,28.0,0.7,2.0,7.0,12.0,0.6,7.0,13.0,13.0,679451,2024-02-10 17:00:00,2024
Sassuolo,12.0,1.0,0.0,0.0,5.0,1.0,41.5,11.0,4.0,0.4,0.0,0.0,272.0,355.0,0.8,5.0,19.0,0.3,62.0,29.0,0.5,2.0,9.0,12.0,0.8,9.0,15.0,15.0,Torino,11.0,3.0,0.0,4.0,4.0,3.0,58.5,13.0,2.0,0.2,0.0,0.0,425.0,505.0,0.8,6.0,18.0,0.3,54.0,25.0,0.5,6.0,10.0,16.0,0.6,13.0,14.0,14.0,679454,2024-02-10 19:45:00,2024
Fiorentina,16.0,3.0,0.0,0.0,2.0,2.0,54.2,18.0,7.0,0.4,0.0,0.0,318.0,412.0,0.8,5.0,20.0,0.3,65.0,27.0,0.4,3.0,10.0,19.0,0.5,7.0,21.0,21.0,Frosinone,8.0,1.0,0.0,1.0,5.0,3.0,45.8,11.0,3.0,0.3,0.0,0.0,254.0,349.0,0.7,4.0,14.0,0.3,48.0,10.0,0.2,5.0,7.0,12.0,0.6,7.0,22.0,22.0,679455,2024-02-11 11:30:00,2024
Bologna,10.0,1.0,0.0,0.0,4.0,3.0,65.1,16.0,6.0,0.4,0.0,0.0,540.0,632.0,0.9,1.0,7.0,0.1,59.0,20.0,0.3,1.0,15.0,23.0,0.7,5.0,7.0,7.0,Lecce,13.0,2.0,0.0,0.0,3.0,2.0,34.9,14.0,3.0,0.2,0.0,0.0,254.0,336.0,0.8,4.0,8.0,0.5,53.0,27.0,0.5,3.0,7.0,14.0,0.5,12.0,5.0,5.0,679453,2024-02-11 14:00:00,2024
Monza,19.0,1.0,0.0,1.0,5.0,1.0,55.0,11.0,1.0,0.1,0.0,0.0,359.0,435.0,0.8,5.0,17.0,0.3,68.0,33.0,0.5,3.0,6.0,11.0,0.5,9.0,6.0,6.0,Hellas Verona,15.0,2.0,0.0,3.0,2.0,1.0,45.0,10.0,1.0,0.1,0.0,0.0,281.0,362.0,0.8,4.0,12.0,0.3,61.0,34.0,0.6,2.0,10.0,13.0,0.8,3.0,15.0,15.0,679452,2024-02-11 14:00:00,2024
Genoa,8.0,3.0,0.0,0.0,7.0,5.0,55.2,15.0,6.0,0.4,0.0,0.0,417.0,518.0,0.8,3.0,26.0,0.1,73.0,32.0,0.4,4.0,10.0,17.0,0.6,12.0,15.0,15.0,Atalanta,13.0,4.0,0.0,1.0,4.0,5.0,44.8,14.0,9.0,0.6,0.0,0.0,321.0,420.0,0.8,6.0,18.0,0.3,71.0,30.0,0.4,4.0,5.0,12.0,0.4,7.0,28.0,28.0,679456,2024-02-11 17:00:00,2024
AC Milan,9.0,1.0,0.0,3.0,1.0,2.0,40.4,10.0,6.0,0.6,0.0,0.0,309.0,389.0,0.8,3.0,13.0,0.2,46.0,14.0,0.3,1.0,11.0,21.0,0.5,7.0,16.0,16.0,Napoli,12.0,1.0,0.0,1.0,2.0,5.0,59.6,12.0,2.0,0.2,0.0,0.0,505.0,577.0,0.9,3.0,13.0,0.2,49.0,34.0,0.7,4.0,9.0,17.0,0.5,7.0,10.0,10.0,679458,2024-02-11 19:45:00,2024
Juventus,15.0,3.0,0.0,0.0,8.0,0.0,70.5,14.0,6.0,0.4,0.0,0.0,476.0,548.0,0.9,6.0,29.0,0.2,47.0,31.0,0.7,1.0,12.0,17.0,0.7,4.0,6.0,6.0,Udinese,10.0,3.0,0.0,0.0,4.0,6.0,29.5,8.0,1.0,0.1,0.0,0.0,166.0,233.0,0.7,2.0,7.0,0.3,45.0,18.0,0.4,3.0,18.0,24.0,0.8,9.0,29.0,29.0,679457,2024-02-12 19:45:00,2024
Bologna,11.0,2.0,0.0,3.0,2.0,3.0,57.9,18.0,7.0,0.4,0.0,0.0,462.0,549.0,0.8,4.0,7.0,0.6,45.0,16.0,0.4,3.0,12.0,17.0,0.7,2.0,20.0,20.0,Fiorentina,8.0,3.0,0.0,0.0,3.0,5.0,42.1,12.0,3.0,0.3,0.0,0.0,302.0,386.0,0.8,9.0,17.0,0.5,56.0,29.0,0.5,3.0,8.0,11.0,0.7,8.0,12.0,12.0,679423,2024-02-14 18:00:00,2024
Torino,16.0,1.0,0.0,1.0,5.0,3.0,60.4,12.0,4.0,0.3,0.0,0.0,411.0,503.0,0.8,8.0,25.0,0.3,54.0,28.0,0.5,4.0,12.0,13.0,0.9,7.0,8.0,8.0,Lecce,11.0,2.0,1.0,0.0,5.0,2.0,39.6,8.0,4.0,0.5,0.0,0.0,247.0,336.0,0.7,4.0,14.0,0.3,59.0,18.0,0.3,2.0,9.0,15.0,0.6,7.0,18.0,18.0,679469,2024-02-16 18:00:00,2024
Internazionale,9.0,0.0,0.0,4.0,18.0,0.0,72.8,26.0,10.0,0.4,0.0,0.0,586.0,632.0,0.9,12.0,47.0,0.3,63.0,53.0,0.8,6.0,10.0,14.0,0.7,7.0,2.0,2.0,Salernitana,9.0,1.0,0.0,0.0,0.0,7.0,27.2,1.0,0.0,0.0,0.0,0.0,190.0,250.0,0.8,0.0,1.0,0.0,50.0,17.0,0.3,0.0,0.0,5.0,0.0,5.0,36.0,36.0,679467,2024-02-16 20:00:00,2024
Napoli,9.0,3.0,0.0,0.0,7.0,3.0,74.2,25.0,7.0,0.3,0.0,0.0,619.0,687.0,0.9,8.0,31.0,0.3,63.0,49.0,0.8,5.0,5.0,9.0,0.6,7.0,7.0,7.0,Genoa,13.0,2.0,0.0,4.0,2.0,6.0,25.8,6.0,4.0,0.7,0.0,0.0,169.0,238.0,0.7,4.0,10.0,0.4,48.0,15.0,0.3,1.0,11.0,17.0,0.6,12.0,35.0,35.0,679468,2024-02-17 14:00:00,2024
Hellas Verona,8.0,0.0,0.0,0.0,5.0,2.0,43.8,14.0,9.0,0.6,0.0,0.0,282.0,350.0,0.8,4.0,22.0,0.2,49.0,27.0,0.6,2.0,10.0,17.0,0.6,7.0,23.0,23.0,Juventus,10.0,0.0,0.0,2.0,4.0,7.0,56.2,18.0,4.0,0.2,1.0,1.0,393.0,466.0,0.8,2.0,13.0,0.2,46.0,25.0,0.5,8.0,8.0,15.0,0.5,6.0,14.0,14.0,679460,2024-02-17 17:00:00,2024
Atalanta,10.0,0.0,0.0,1.0,11.0,4.0,56.6,27.0,13.0,0.5,0.0,0.0,453.0,544.0,0.8,10.0,26.0,0.4,54.0,27.0,0.5,5.0,8.0,14.0,0.6,4.0,10.0,10.0,Sassuolo,9.0,0.0,0.0,0.0,5.0,8.0,43.4,12.0,4.0,0.3,0.0,1.0,334.0,420.0,0.8,6.0,17.0,0.4,60.0,28.0,0.5,3.0,12.0,18.0,0.7,5.0,29.0,29.0,679462,2024-02-17 19:45:00,2024
Lazio,5.0,2.0,0.0,2.0,8.0,1.0,44.1,12.0,7.0,0.6,0.0,0.0,396.0,465.0,0.9,3.0,25.0,0.1,43.0,30.0,0.7,4.0,6.0,13.0,0.5,2.0,9.0,9.0,Bologna,11.0,3.0,0.0,0.0,3.0,5.0,55.9,11.0,3.0,0.3,0.0,0.0,537.0,609.0,0.9,4.0,11.0,0.4,54.0,25.0,0.5,3.0,8.0,12.0,0.7,7.0,17.0,17.0,679466,2024-02-18 11:30:00,2024
Empoli,15.0,3.0,0.0,1.0,0.0,2.0,39.4,5.0,4.0,0.8,1.0,1.0,246.0,327.0,0.8,2.0,7.0,0.3,60.0,22.0,0.4,1.0,8.0,15.0,0.5,7.0,20.0,20.0,Fiorentina,14.0,2.0,0.0,1.0,3.0,3.0,60.6,9.0,4.0,0.4,0.0,0.0,420.0,499.0,0.8,5.0,19.0,0.3,64.0,30.0,0.5,2.0,10.0,18.0,0.6,5.0,9.0,9.0,679463,2024-02-18 14:00:00,2024
Udinese,14.0,3.0,0.0,3.0,3.0,1.0,52.2,17.0,3.0,0.2,0.0,0.0,365.0,437.0,0.8,6.0,26.0,0.2,57.0,30.0,0.5,7.0,8.0,11.0,0.7,18.0,26.0,26.0,Cagliari,10.0,2.0,0.0,0.0,4.0,2.0,47.8,5.0,2.0,0.4,0.0,0.0,321.0,401.0,0.8,4.0,26.0,0.2,40.0,14.0,0.4,0.0,8.0,15.0,0.5,7.0,23.0,23.0,679461,2024-02-18 14:00:00,2024
Frosinone,10.0,0.0,0.0,0.0,10.0,2.0,43.1,25.0,7.0,0.3,0.0,0.0,302.0,375.0,0.8,5.0,20.0,0.3,41.0,16.0,0.4,7.0,7.0,16.0,0.4,9.0,12.0,12.0,AS Roma,16.0,3.0,0.0,1.0,2.0,7.0,56.9,13.0,5.0,0.4,1.0,1.0,428.0,509.0,0.8,3.0,9.0,0.3,51.0,26.0,0.5,4.0,6.0,7.0,0.9,7.0,22.0,22.0,679464,2024-02-18 17:00:00,2024
Monza,11.0,4.0,0.0,0.0,7.0,4.0,49.5,12.0,6.0,0.5,1.0,1.0,389.0,457.0,0.9,4.0,13.0,0.3,60.0,30.0,0.5,4.0,10.0,14.0,0.7,8.0,14.0,14.0,AC Milan,10.0,1.0,1.0,0.0,3.0,2.0,50.5,16.0,6.0,0.4,0.0,0.0,398.0,469.0,0.8,5.0,12.0,0.4,24.0,11.0,0.5,6.0,9.0,13.0,0.7,6.0,13.0,13.0,679465,2024-02-18 19:45:00,2024
Torino,11.0,3.0,0.0,1.0,7.0,2.0,55.1,24.0,4.0,0.2,0.0,0.0,436.0,505.0,0.9,13.0,33.0,0.4,54.0,29.0,0.5,8.0,4.0,8.0,0.5,6.0,10.0,10.0,Lazio,7.0,0.0,1.0,0.0,4.0,4.0,44.9,7.0,4.0,0.6,0.0,0.0,346.0,429.0,0.8,1.0,11.0,0.1,57.0,23.0,0.4,2.0,7.0,12.0,0.6,4.0,21.0,21.0,679420,2024-02-22 19:45:00,2024
Bologna,12.0,2.0,0.0,3.0,11.0,3.0,57.9,12.0,3.0,0.3,0.0,0.0,372.0,456.0,0.8,2.0,15.0,0.1,44.0,15.0,0.3,4.0,9.0,16.0,0.6,4.0,21.0,21.0,Hellas Verona,15.0,2.0,0.0,3.0,1.0,1.0,42.1,7.0,3.0,0.4,0.0,0.0,265.0,335.0,0.8,2.0,12.0,0.2,51.0,26.0,0.5,1.0,10.0,12.0,0.8,11.0,23.0,23.0,679479,2024-02-23 19:45:00,2024
Sassuolo,12.0,1.0,0.0,0.0,4.0,3.0,53.8,19.0,5.0,0.3,1.0,1.0,322.0,398.0,0.8,5.0,32.0,0.2,39.0,14.0,0.4,3.0,7.0,14.0,0.5,5.0,6.0,6.0,Empoli,14.0,3.0,0.0,3.0,1.0,3.0,46.2,13.0,6.0,0.5,1.0,1.0,283.0,363.0,0.8,4.0,9.0,0.4,74.0,32.0,0.4,3.0,7.0,12.0,0.6,7.0,34.0,34.0,679475,2024-02-24 14:00:00,2024
Salernitana,6.0,2.0,0.0,0.0,7.0,5.0,40.9,11.0,3.0,0.3,0.0,0.0,314.0,360.0,0.9,3.0,14.0,0.2,29.0,15.0,0.5,4.0,6.0,8.0,0.8,8.0,15.0,15.0,Monza,13.0,2.0,0.0,2.0,12.0,3.0,59.1,17.0,7.0,0.4,0.0,0.0,472.0,515.0,0.9,12.0,29.0,0.4,51.0,32.0,0.6,3.0,9.0,10.0,0.9,6.0,11.0,11.0,679471,2024-02-24 17:00:00,2024
Genoa,9.0,1.0,0.0,1.0,8.0,1.0,65.4,19.0,4.0,0.2,0.0,0.0,535.0,602.0,0.9,6.0,26.0,0.2,40.0,24.0,0.6,7.0,11.0,19.0,0.6,7.0,17.0,17.0,Udinese,17.0,2.0,1.0,2.0,3.0,2.0,34.6,5.0,1.0,0.2,0.0,0.0,244.0,315.0,0.8,4.0,16.0,0.3,47.0,22.0,0.5,4.0,12.0,14.0,0.9,11.0,24.0,24.0,679477,2024-02-24 19:45:00,2024
Juventus,0.0,0.0,0.0,0.0,0.0,0.0,0.0,0.0,0.0,0.0,0.0,0.0,0.0,0.0,0.0,0.0,0.0,0.0,0.0,0.0,0.0,0.0,0.0,0.0,0.0,0.0,0.0,0.0,Frosinone,0.0,0.0,0.0,0.0,0.0,0.0,0.0,0.0,0.0,0.0,0.0,0.0,0.0,0.0,0.0,0.0,0.0,0.0,0.0,0.0,0.0,0.0,0.0,0.0,0.0,0.0,0.0,0.0,679478,2024-02-25 11:30:00,2024
Cagliari,12.0,4.0,0.0,4.0,4.0,3.0,28.9,8.0,3.0,0.4,0.0,0.0,122.0,220.0,0.6,11.0,27.0,0.4,64.0,20.0,0.3,1.0,15.0,19.0,0.8,6.0,16.0,16.0,Napoli,12.0,1.0,0.0,2.0,3.0,2.0,71.1,9.0,4.0,0.4,0.0,0.0,487.0,590.0,0.8,6.0,12.0,0.5,56.0,19.0,0.3,0.0,5.0,10.0,0.5,5.0,22.0,22.0,679474,2024-02-25 14:00:00,2024
Lecce,0.0,0.0,0.0,0.0,0.0,0.0,0.0,0.0,0.0,0.0,0.0,0.0,0.0,0.0,0.0,0.0,0.0,0.0,0.0,0.0,0.0,0.0,0.0,0.0,0.0,0.0,0.0,0.0,Internazionale,0.0,0.0,0.0,0.0,0.0,0.0,0.0,0.0,0.0,0.0,0.0,0.0,0.0,0.0,0.0,0.0,0.0,0.0,0.0,0.0,0.0,0.0,0.0,0.0,0.0,0.0,0.0,0.0,679470,2024-02-25 17:00:00,2024
AC Milan,12.0,1.0,0.0,0.0,5.0,2.0,68.3,20.0,7.0,0.4,0.0,0.0,553.0,628.0,0.9,4.0,31.0,0.1,46.0,20.0,0.4,6.0,6.0,8.0,0.8,5.0,4.0,4.0,Atalanta,16.0,4.0,0.0,1.0,3.0,5.0,31.7,8.0,3.0,0.4,1.0,1.0,215.0,294.0,0.7,5.0,9.0,0.6,44.0,17.0,0.4,2.0,13.0,18.0,0.7,6.0,19.0,19.0,679473,2024-02-25 19:45:00,2024
AS Roma,12.0,2.0,0.0,0.0,0.0,5.0,54.3,6.0,3.0,0.5,1.0,1.0,471.0,547.0,0.9,2.0,3.0,0.7,36.0,16.0,0.4,1.0,3.0,10.0,0.3,9.0,12.0,12.0,Torino,16.0,2.0,0.0,1.0,4.0,0.0,45.7,14.0,6.0,0.4,0.0,0.0,373.0,444.0,0.8,4.0,21.0,0.2,42.0,15.0,0.4,6.0,9.0,13.0,0.7,6.0,2.0,2.0,679472,2024-02-26 17:30:00,2024
Fiorentina,15.0,0.0,0.0,1.0,13.0,0.0,53.9,22.0,7.0,0.3,0.0,1.0,463.0,542.0,0.9,10.0,27.0,0.4,70.0,36.0,0.5,6.0,7.0,12.0,0.6,7.0,10.0,10.0,Lazio,12.0,2.0,0.0,0.0,2.0,4.0,46.1,5.0,1.0,0.2,0.0,0.0,404.0,481.0,0.8,3.0,9.0,0.3,42.0,15.0,0.4,2.0,14.0,17.0,0.8,3.0,25.0,25.0,679476,2024-02-26 19:45:00,2024
Sassuolo,3.0,0.0,0.0,0.0,6.0,3.0,28.0,5.0,2.0,0.4,0.0,0.0,189.0,268.0,0.7,1.0,16.0,0.1,52.0,13.0,0.3,2.0,9.0,14.0,0.6,7.0,21.0,21.0,Napoli,5.0,0.0,0.0,3.0,11.0,1.0,72.0,27.0,9.0,0.3,0.0,0.0,657.0,718.0,0.9,2.0,23.0,0.1,55.0,31.0,0.6,12.0,8.0,13.0,0.6,3.0,13.0,13.0,679424,2024-02-28 17:00:00,2024
Internazionale,10.0,2.0,0.0,2.0,4.0,1.0,58.9,15.0,7.0,0.5,0.0,1.0,529.0,590.0,0.9,1.0,14.0,0.1,52.0,33.0,0.6,4.0,9.0,13.0,0.7,8.0,13.0,13.0,Atalanta,15.0,6.0,0.0,2.0,1.0,3.0,41.1,6.0,1.0,0.2,0.0,0.0,352.0,409.0,0.9,3.0,12.0,0.3,48.0,32.0,0.7,1.0,7.0,12.0,0.6,12.0,14.0,14.0,679426,2024-02-28 19:45:00,2024
Lazio,17.0,3.0,3.0,0.0,2.0,4.0,38.0,11.0,3.0,0.3,0.0,0.0,251.0,313.0,0.8,3.0,12.0,0.3,33.0,15.0,0.5,2.0,7.0,13.0,0.5,11.0,11.0,11.0,AC Milan,19.0,6.0,0.0,3.0,5.0,3.0,62.0,14.0,5.0,0.4,0.0,0.0,453.0,510.0,0.9,4.0,15.0,0.3,36.0,20.0,0.6,3.0,11.0,16.0,0.7,5.0,14.0,14.0,679484,2024-03-01 19:45:00,2024
Udinese,13.0,3.0,1.0,4.0,5.0,0.0,49.8,18.0,5.0,0.3,0.0,0.0,326.0,381.0,0.9,9.0,25.0,0.4,52.0,34.0,0.7,5.0,7.0,11.0,0.6,10.0,12.0,12.0,Salernitana,13.0,1.0,0.0,1.0,6.0,4.0,50.2,17.0,1.0,0.1,0.0,0.0,319.0,391.0,0.8,4.0,13.0,0.3,55.0,27.0,0.5,5.0,12.0,14.0,0.9,5.0,18.0,18.0,679480,2024-03-02 14:00:00,2024
Monza,11.0,1.0,0.0,0.0,6.0,2.0,49.3,16.0,5.0,0.3,0.0,0.0,391.0,432.0,0.9,8.0,15.0,0.5,45.0,30.0,0.7,3.0,6.0,10.0,0.6,8.0,11.0,11.0,AS Roma,18.0,4.0,0.0,1.0,3.0,4.0,50.7,12.0,6.0,0.5,1.0,1.0,397.0,445.0,0.9,5.0,11.0,0.5,27.0,15.0,0.6,3.0,5.0,9.0,0.6,6.0,10.0,10.0,679483,2024-03-02 17:00:00,2024
Torino,13.0,0.0,1.0,1.0,4.0,3.0,34.8,8.0,2.0,0.3,0.0,0.0,182.0,251.0,0.7,2.0,9.0,0.2,56.0,22.0,0.4,1.0,5.0,9.0,0.6,4.0,23.0,23.0,Fiorentina,13.0,4.0,0.0,0.0,5.0,2.0,65.2,14.0,3.0,0.2,0.0,0.0,397.0,470.0,0.8,5.0,18.0,0.3,49.0,16.0,0.3,4.0,5.0,15.0,0.3,3.0,6.0,6.0,679481,2024-03-02 19:45:00,2024
Hellas Verona,23.0,4.0,0.0,1.0,2.0,2.0,49.3,10.0,5.0,0.5,0.0,0.0,230.0,329.0,0.7,1.0,10.0,0.1,76.0,27.0,0.4,2.0,12.0,15.0,0.8,5.0,31.0,31.0,Sassuolo,10.0,2.0,0.0,2.0,11.0,4.0,50.7,13.0,2.0,0.2,0.0,0.0,228.0,328.0,0.7,1.0,23.0,0.0,76.0,33.0,0.4,9.0,5.0,10.0,0.5,2.0,13.0,13.0,679489,2024-03-03 11:30:00,2024
Empoli,11.0,0.0,0.0,3.0,9.0,3.0,55.6,16.0,3.0,0.2,0.0,0.0,362.0,442.0,0.8,9.0,33.0,0.3,60.0,24.0,0.4,8.0,4.0,7.0,0.6,1.0,16.0,16.0,Cagliari,15.0,3.0,0.0,0.0,2.0,3.0,44.4,8.0,4.0,0.5,0.0,0.0,281.0,368.0,0.8,2.0,12.0,0.2,65.0,19.0,0.3,2.0,3.0,10.0,0.3,8.0,36.0,36.0,679487,2024-03-03 14:00:00,2024
Frosinone,0.0,0.0,0.0,0.0,0.0,0.0,0.0,0.0,0.0,0.0,0.0,0.0,0.0,0.0,0.0,0.0,0.0,0.0,0.0,0.0,0.0,0.0,0.0,0.0,0.0,0.0,0.0,0.0,Lecce,0.0,0.0,0.0,0.0,0.0,0.0,0.0,0.0,0.0,0.0,0.0,0.0,0.0,0.0,0.0,0.0,0.0,0.0,0.0,0.0,0.0,0.0,0.0,0.0,0.0,0.0,0.0,0.0,679486,2024-03-03 14:00:00,2024
Atalanta,11.0,3.0,0.0,2.0,6.0,4.0,54.7,11.0,2.0,0.2,0.0,0.0,446.0,543.0,0.8,5.0,30.0,0.2,38.0,17.0,0.4,7.0,10.0,17.0,0.6,8.0,6.0,6.0,Bologna,12.0,2.0,0.0,2.0,2.0,1.0,45.3,11.0,6.0,0.5,1.0,1.0,392.0,471.0,0.8,2.0,5.0,0.4,52.0,26.0,0.5,3.0,10.0,19.0,0.5,9.0,25.0,25.0,679488,2024-03-03 17:00:00,2024
Napoli,0.0,0.0,0.0,0.0,0.0,0.0,0.0,0.0,0.0,0.0,0.0,0.0,0.0,0.0,0.0,0.0,0.0,0.0,0.0,0.0,0.0,0.0,0.0,0.0,0.0,0.0,0.0,0.0,Juventus,0.0,0.0,0.0,0.0,0.0,0.0,0.0,0.0,0.0,0.0,0.0,0.0,0.0,0.0,0.0,0.0,0.0,0.0,0.0,0.0,0.0,0.0,0.0,0.0,0.0,0.0,0.0,0.0,679482,2024-03-03 19:45:00,2024
Internazionale,5.0,2.0,0.0,1.0,4.0,1.0,61.8,15.0,5.0,0.3,1.0,1.0,555.0,618.0,0.9,5.0,17.0,0.3,61.0,42.0,0.7,5.0,4.0,7.0,0.6,5.0,19.0,19.0,Genoa,17.0,3.0,0.0,2.0,5.0,3.0,38.2,10.0,2.0,0.2,0.0,0.0,305.0,371.0,0.8,7.0,21.0,0.3,42.0,16.0,0.4,4.0,8.0,18.0,0.4,4.0,21.0,21.0,679485,2024-03-04 19:45:00,2024
Napoli,9.0,2.0,0.0,3.0,13.0,1.0,62.5,22.0,8.0,0.4,0.0,0.0,449.0,520.0,0.9,11.0,26.0,0.4,43.0,25.0,0.6,5.0,5.0,9.0,0.6,3.0,10.0,10.0,Torino,13.0,2.0,0.0,0.0,7.0,7.0,37.5,11.0,2.0,0.2,0.0,0.0,234.0,313.0,0.7,5.0,13.0,0.4,51.0,21.0,0.4,3.0,6.0,12.0,0.5,7.0,29.0,29.0,679490,2024-03-08 19:45:00,2024
Cagliari,16.0,1.0,0.0,4.0,5.0,3.0,28.5,12.0,7.0,0.6,0.0,0.0,153.0,225.0,0.7,4.0,15.0,0.3,75.0,25.0,0.3,3.0,12.0,17.0,0.7,8.0,21.0,21.0,Salernitana,11.0,2.0,0.0,2.0,4.0,3.0,71.5,12.0,5.0,0.4,0.0,0.0,488.0,569.0,0.9,10.0,33.0,0.3,51.0,27.0,0.5,2.0,7.0,13.0,0.5,3.0,9.0,9.0,679117,2024-03-09 14:00:00,2024
Sassuolo,14.0,3.0,0.0,0.0,1.0,1.0,39.2,10.0,4.0,0.4,0.0,0.0,249.0,340.0,0.7,1.0,10.0,0.1,76.0,26.0,0.3,4.0,11.0,21.0,0.5,13.0,18.0,18.0,Frosinone,9.0,1.0,0.0,2.0,2.0,3.0,60.8,11.0,1.0,0.1,0.0,1.0,432.0,528.0,0.8,1.0,16.0,0.1,43.0,16.0,0.4,3.0,10.0,17.0,0.6,8.0,18.0,18.0,679119,2024-03-09 14:00:00,2024
Bologna,18.0,2.0,0.0,0.0,7.0,3.0,59.8,18.0,3.0,0.2,0.0,0.0,576.0,649.0,0.9,1.0,20.0,0.1,44.0,25.0,0.6,10.0,5.0,11.0,0.5,6.0,13.0,13.0,Internazionale,12.0,1.0,0.0,2.0,2.0,3.0,40.2,5.0,4.0,0.8,0.0,0.0,362.0,442.0,0.8,1.0,9.0,0.1,51.0,24.0,0.5,0.0,10.0,14.0,0.7,12.0,20.0,20.0,679118,2024-03-09 17:00:00,2024
Genoa,11.0,1.0,0.0,1.0,10.0,2.0,62.2,22.0,6.0,0.3,0.0,1.0,417.0,486.0,0.9,8.0,34.0,0.2,35.0,23.0,0.7,7.0,10.0,17.0,0.6,7.0,3.0,3.0,Monza,10.0,1.0,0.0,0.0,1.0,4.0,37.8,9.0,5.0,0.6,0.0,0.0,230.0,308.0,0.7,2.0,3.0,0.7,59.0,26.0,0.4,1.0,11.0,18.0,0.6,9.0,32.0,32.0,679495,2024-03-09 19:45:00,2024
Lecce,0.0,0.0,0.0,0.0,0.0,0.0,0.0,0.0,0.0,0.0,0.0,0.0,0.0,0.0,0.0,0.0,0.0,0.0,0.0,0.0,0.0,0.0,0.0,0.0,0.0,0.0,0.0,0.0,Hellas Verona,0.0,0.0,0.0,0.0,0.0,0.0,0.0,0.0,0.0,0.0,0.0,0.0,0.0,0.0,0.0,0.0,0.0,0.0,0.0,0.0,0.0,0.0,0.0,0.0,0.0,0.0,0.0,0.0,679492,2024-03-10 11:30:00,2024
AC Milan,18.0,1.0,0.0,1.0,11.0,2.0,61.9,15.0,5.0,0.3,0.0,0.0,505.0,554.0,0.9,6.0,25.0,0.2,28.0,14.0,0.5,2.0,12.0,19.0,0.6,3.0,8.0,8.0,Empoli,13.0,4.0,0.0,4.0,4.0,4.0,38.1,5.0,2.0,0.4,0.0,0.0,286.0,342.0,0.8,4.0,13.0,0.3,45.0,23.0,0.5,1.0,12.0,17.0,0.7,3.0,24.0,24.0,679491,2024-03-10 14:00:00,2024
Juventus,12.0,0.0,0.0,2.0,4.0,1.0,50.9,18.0,5.0,0.3,0.0,0.0,431.0,509.0,0.8,5.0,20.0,0.3,50.0,30.0,0.6,6.0,18.0,25.0,0.7,9.0,9.0,9.0,Atalanta,10.0,1.0,0.0,0.0,3.0,3.0,49.1,7.0,3.0,0.4,0.0,0.0,426.0,497.0,0.9,1.0,13.0,0.1,55.0,29.0,0.5,1.0,7.0,15.0,0.5,13.0,20.0,20.0,679494,2024-03-10 17:00:00,2024
Fiorentina,10.0,2.0,0.0,1.0,8.0,3.0,32.8,15.0,5.0,0.3,0.0,1.0,220.0,275.0,0.8,8.0,23.0,0.3,52.0,27.0,0.5,4.0,5.0,9.0,0.6,10.0,24.0,24.0,AS Roma,15.0,5.0,0.0,2.0,2.0,3.0,67.2,10.0,5.0,0.5,0.0,0.0,516.0,587.0,0.9,4.0,15.0,0.3,44.0,27.0,0.6,1.0,8.0,10.0,0.8,5.0,12.0,12.0,679116,2024-03-10 19:45:00,2024
Lazio,9.0,3.0,0.0,0.0,9.0,3.0,69.1,18.0,6.0,0.3,0.0,0.0,479.0,565.0,0.8,9.0,34.0,0.3,30.0,15.0,0.5,2.0,7.0,11.0,0.6,9.0,17.0,17.0,Udinese,15.0,4.0,1.0,1.0,5.0,6.0,30.9,14.0,5.0,0.4,0.0,0.0,186.0,256.0,0.7,3.0,10.0,0.3,41.0,19.0,0.5,3.0,6.0,14.0,0.4,9.0,45.0,45.0,679493,2024-03-11 19:45:00,2024
Empoli,19.0,3.0,0.0,2.0,7.0,8.0,28.6,10.0,1.0,0.1,0.0,0.0,184.0,251.0,0.7,6.0,24.0,0.3,52.0,21.0,0.4,3.0,12.0,16.0,0.8,4.0,16.0,16.0,Bologna,12.0,1.0,0.0,0.0,6.0,1.0,71.4,20.0,9.0,0.5,0.0,0.0,612.0,683.0,0.9,6.0,16.0,0.4,63.0,43.0,0.7,7.0,8.0,9.0,0.9,7.0,23.0,23.0,679121,2024-03-15 19:45:00,2024
Udinese,11.0,3.0,0.0,2.0,3.0,3.0,43.1,12.0,1.0,0.1,0.0,0.0,262.0,342.0,0.8,3.0,16.0,0.2,47.0,19.0,0.4,4.0,9.0,13.0,0.7,9.0,21.0,21.0,Torino,17.0,2.0,0.0,1.0,4.0,1.0,56.9,12.0,5.0,0.4,0.0,0.0,381.0,456.0,0.8,4.0,16.0,0.3,57.0,20.0,0.4,4.0,6.0,12.0,0.5,10.0,18.0,18.0,679123,2024-03-16 14:00:00,2024
Monza,11.0,2.0,0.0,1.0,3.0,0.0,62.0,15.0,3.0,0.2,0.0,0.0,467.0,536.0,0.9,6.0,19.0,0.3,72.0,43.0,0.6,6.0,10.0,16.0,0.6,4.0,18.0,18.0,Cagliari,9.0,1.0,0.0,3.0,7.0,2.0,38.0,10.0,0.0,0.0,0.0,0.0,247.0,317.0,0.8,6.0,22.0,0.3,49.0,24.0,0.5,3.0,8.0,14.0,0.6,4.0,12.0,12.0,679126,2024-03-16 14:00:00,2024
Salernitana,9.0,4.0,0.0,1.0,7.0,4.0,71.3,15.0,6.0,0.4,0.0,0.0,616.0,700.0,0.9,8.0,32.0,0.3,47.0,23.0,0.5,3.0,4.0,8.0,0.5,6.0,11.0,11.0,Lecce,0.0,0.0,0.0,0.0,0.0,0.0,0.0,0.0,0.0,0.0,0.0,0.0,0.0,0.0,0.0,0.0,0.0,0.0,0.0,0.0,0.0,0.0,0.0,0.0,0.0,0.0,0.0,0.0,679124,2024-03-16 17:00:00,2024
Frosinone,10.0,1.0,0.0,2.0,9.0,4.0,42.6,14.0,5.0,0.4,0.0,0.0,308.0,399.0,0.8,6.0,25.0,0.2,55.0,16.0,0.3,2.0,6.0,9.0,0.7,5.0,16.0,16.0,Lazio,16.0,3.0,0.0,4.0,4.0,3.0,57.4,22.0,7.0,0.3,0.0,0.0,454.0,558.0,0.8,8.0,15.0,0.5,53.0,16.0,0.3,8.0,12.0,19.0,0.6,10.0,19.0,19.0,679129,2024-03-16 19:45:00,2024
Juventus,11.0,2.0,1.0,2.0,12.0,2.0,66.2,17.0,2.0,0.1,0.0,0.0,459.0,541.0,0.8,8.0,34.0,0.2,39.0,27.0,0.7,11.0,7.0,18.0,0.4,9.0,9.0,9.0,Genoa,11.0,1.0,0.0,0.0,2.0,2.0,33.8,5.0,2.0,0.4,0.0,0.0,203.0,281.0,0.7,4.0,12.0,0.3,51.0,19.0,0.4,0.0,9.0,18.0,0.5,11.0,29.0,29.0,679127,2024-03-17 11:30:00,2024
Hellas Verona,9.0,1.0,0.0,1.0,3.0,3.0,44.5,15.0,4.0,0.3,0.0,0.0,288.0,355.0,0.8,5.0,26.0,0.2,58.0,39.0,0.7,3.0,20.0,29.0,0.7,6.0,12.0,12.0,AC Milan,8.0,3.0,0.0,2.0,5.0,3.0,55.5,18.0,6.0,0.3,0.0,0.0,395.0,456.0,0.9,3.0,14.0,0.2,35.0,13.0,0.4,3.0,12.0,17.0,0.7,12.0,13.0,13.0,679122,2024-03-17 14:00:00,2024
AS Roma,11.0,2.0,0.0,3.0,4.0,3.0,63.3,10.0,4.0,0.4,0.0,0.0,552.0,611.0,0.9,8.0,21.0,0.4,37.0,18.0,0.5,3.0,10.0,18.0,0.6,4.0,19.0,19.0,Sassuolo,10.0,1.0,0.0,0.0,7.0,3.0,36.7,8.0,2.0,0.3,0.0,0.0,285.0,349.0,0.8,1.0,14.0,0.1,45.0,21.0,0.5,4.0,7.0,15.0,0.5,5.0,20.0,20.0,679125,2024-03-17 17:00:00,2024
Internazionale,19.0,2.0,0.0,3.0,5.0,2.0,49.0,19.0,6.0,0.3,0.0,0.0,372.0,431.0,0.9,6.0,18.0,0.3,59.0,34.0,0.6,7.0,12.0,18.0,0.7,4.0,16.0,16.0,Napoli,6.0,1.0,0.0,0.0,7.0,5.0,51.0,11.0,3.0,0.3,0.0,0.0,384.0,450.0,0.9,3.0,15.0,0.2,40.0,27.0,0.7,2.0,8.0,10.0,0.8,5.0,11.0,11.0,679128,2024-03-17 19:45:00,2024
Napoli,6.0,2.0,0.0,3.0,7.0,3.0,61.3,20.0,6.0,0.3,0.0,0.0,519.0,602.0,0.9,5.0,22.0,0.2,57.0,31.0,0.5,6.0,10.0,17.0,0.6,6.0,8.0,8.0,Atalanta,13.0,2.0,0.0,2.0,5.0,5.0,38.7,12.0,6.0,0.5,0.0,0.0,314.0,382.0,0.8,4.0,9.0,0.4,50.0,22.0,0.4,2.0,11.0,17.0,0.6,3.0,27.0,27.0,679132,2024-03-30 11:30:00,2024
Torino,9.0,0.0,0.0,1.0,7.0,2.0,62.1,15.0,6.0,0.4,1.0,1.0,493.0,554.0,0.9,6.0,23.0,0.3,27.0,15.0,0.6,6.0,3.0,5.0,0.6,5.0,6.0,6.0,Monza,11.0,1.0,1.0,2.0,2.0,5.0,37.9,9.0,2.0,0.2,0.0,0.0,276.0,337.0,0.8,6.0,10.0,0.6,51.0,28.0,0.5,4.0,5.0,9.0,0.6,8.0,20.0,20.0,679134,2024-03-30 14:00:00,2024
Genoa,16.0,2.0,0.0,1.0,3.0,2.0,47.7,9.0,3.0,0.3,1.0,1.0,291.0,394.0,0.7,3.0,14.0,0.2,63.0,17.0,0.3,2.0,15.0,22.0,0.7,10.0,25.0,25.0,Frosinone,11.0,1.0,0.0,0.0,8.0,2.0,52.3,14.0,3.0,0.2,0.0,0.0,325.0,425.0,0.8,4.0,18.0,0.2,50.0,14.0,0.3,4.0,8.0,12.0,0.7,9.0,18.0,18.0,679136,2024-03-30 14:00:00,2024
Lazio,12.0,1.0,0.0,1.0,7.0,3.0,64.8,16.0,4.0,0.3,0.0,0.0,573.0,646.0,0.9,2.0,29.0,0.1,50.0,29.0,0.6,4.0,8.0,15.0,0.5,11.0,5.0,5.0,Juventus,10.0,2.0,0.0,0.0,2.0,3.0,35.2,9.0,3.0,0.3,0.0,0.0,271.0,350.0,0.8,4.0,9.0,0.4,62.0,34.0,0.5,3.0,5.0,9.0,0.6,11.0,23.0,23.0,679139,2024-03-30 17:00:00,2024
Fiorentina,8.0,2.0,0.0,1.0,7.0,8.0,44.5,17.0,7.0,0.4,0.0,0.0,282.0,360.0,0.8,5.0,14.0,0.4,48.0,24.0,0.5,8.0,8.0,10.0,0.8,6.0,8.0,8.0,AC Milan,12.0,3.0,0.0,5.0,5.0,6.0,55.5,14.0,10.0,0.7,0.0,0.0,373.0,453.0,0.8,4.0,9.0,0.4,54.0,22.0,0.4,0.0,10.0,16.0,0.6,5.0,18.0,18.0,679137,2024-03-30 19:45:00,2024
Bologna,11.0,0.0,0.0,3.0,5.0,2.0,70.3,14.0,3.0,0.2,0.0,0.0,704.0,772.0,0.9,1.0,10.0,0.1,31.0,12.0,0.4,6.0,13.0,19.0,0.7,8.0,10.0,10.0,Salernitana,12.0,3.0,0.0,0.0,3.0,0.0,29.7,8.0,2.0,0.3,0.0,0.0,244.0,317.0,0.8,3.0,13.0,0.2,55.0,27.0,0.5,3.0,15.0,19.0,0.8,8.0,11.0,11.0,679130,2024-04-01 10:30:00,2024
Sassuolo,7.0,1.0,0.0,0.0,10.0,1.0,59.6,14.0,5.0,0.4,0.0,0.0,397.0,471.0,0.8,8.0,28.0,0.3,59.0,29.0,0.5,2.0,10.0,14.0,0.7,5.0,10.0,10.0,Udinese,10.0,2.0,0.0,2.0,1.0,4.0,40.4,12.0,3.0,0.3,0.0,0.0,256.0,325.0,0.8,3.0,11.0,0.3,62.0,31.0,0.5,3.0,7.0,11.0,0.6,6.0,31.0,31.0,679131,2024-04-01 13:00:00,2024
Cagliari,11.0,0.0,0.0,2.0,7.0,4.0,51.2,12.0,2.0,0.2,0.0,0.0,251.0,356.0,0.7,6.0,33.0,0.2,70.0,21.0,0.3,7.0,10.0,20.0,0.5,2.0,10.0,10.0,Hellas Verona,16.0,2.0,0.0,3.0,2.0,1.0,48.8,8.0,5.0,0.6,0.0,0.0,244.0,357.0,0.7,3.0,14.0,0.2,86.0,26.0,0.3,1.0,13.0,22.0,0.6,11.0,34.0,34.0,679138,2024-04-01 13:00:00,2024
Lecce,9.0,3.0,0.0,2.0,8.0,4.0,39.8,27.0,6.0,0.2,0.0,0.0,246.0,332.0,0.7,5.0,21.0,0.2,64.0,23.0,0.4,9.0,7.0,9.0,0.8,9.0,23.0,23.0,AS Roma,12.0,2.0,0.0,0.0,4.0,6.0,60.2,10.0,3.0,0.3,0.0,0.0,410.0,515.0,0.8,4.0,19.0,0.2,55.0,21.0,0.4,1.0,8.0,16.0,0.5,11.0,15.0,15.0,679133,2024-04-01 16:00:00,2024
Internazionale,14.0,0.0,0.0,1.0,8.0,3.0,59.2,19.0,7.0,0.4,0.0,0.0,517.0,569.0,0.9,3.0,20.0,0.2,34.0,22.0,0.6,8.0,4.0,8.0,0.5,9.0,18.0,18.0,Empoli,16.0,2.0,0.0,0.0,6.0,5.0,40.8,14.0,3.0,0.2,0.0,0.0,316.0,371.0,0.9,10.0,29.0,0.3,42.0,26.0,0.6,5.0,3.0,11.0,0.3,2.0,18.0,18.0,679135,2024-04-01 18:45:00,2024
Salernitana,10.0,4.0,0.0,1.0,4.0,3.0,54.3,5.0,2.0,0.4,1.0,1.0,397.0,493.0,0.8,2.0,23.0,0.1,68.0,28.0,0.4,1.0,9.0,16.0,0.6,8.0,22.0,22.0,Sassuolo,13.0,3.0,0.0,3.0,9.0,0.0,45.7,16.0,5.0,0.3,0.0,0.0,321.0,415.0,0.8,5.0,18.0,0.3,62.0,22.0,0.4,6.0,1.0,1.0,1.0,10.0,21.0,21.0,679141,2024-04-05 18:45:00,2024
AC Milan,0.0,0.0,0.0,0.0,0.0,0.0,0.0,0.0,0.0,0.0,0.0,0.0,0.0,0.0,0.0,0.0,0.0,0.0,0.0,0.0,0.0,0.0,0.0,0.0,0.0,0.0,0.0,0.0,Lecce,0.0,0.0,0.0,0.0,0.0,0.0,0.0,0.0,0.0,0.0,0.0,0.0,0.0,0.0,0.0,0.0,0.0,0.0,0.0,0.0,0.0,0.0,0.0,0.0,0.0,0.0,0.0,0.0,679149,2024-04-06 13:00:00,2024
AS Roma,14.0,5.0,0.0,1.0,3.0,1.0,46.1,15.0,3.0,0.2,0.0,0.0,320.0,402.0,0.8,8.0,15.0,0.5,51.0,19.0,0.4,5.0,8.0,12.0,0.7,9.0,21.0,21.0,Lazio,15.0,3.0,0.0,1.0,6.0,2.0,53.9,11.0,1.0,0.1,0.0,0.0,386.0,463.0,0.8,3.0,21.0,0.1,52.0,24.0,0.5,4.0,7.0,9.0,0.8,7.0,14.0,14.0,679142,2024-04-06 16:00:00,2024
Empoli,13.0,2.0,0.0,2.0,1.0,3.0,35.9,4.0,3.0,0.8,0.0,0.0,203.0,296.0,0.7,0.0,10.0,0.0,65.0,22.0,0.3,1.0,9.0,14.0,0.6,7.0,27.0,27.0,Torino,13.0,1.0,0.0,1.0,7.0,0.0,64.1,19.0,5.0,0.3,0.0,0.0,448.0,518.0,0.9,10.0,32.0,0.3,58.0,27.0,0.5,5.0,3.0,13.0,0.2,9.0,9.0,9.0,679147,2024-04-06 18:45:00,2024
Frosinone,10.0,1.0,0.0,0.0,5.0,5.0,34.3,12.0,5.0,0.4,0.0,0.0,210.0,305.0,0.7,5.0,9.0,0.6,58.0,12.0,0.2,4.0,7.0,14.0,0.5,4.0,9.0,9.0,Bologna,14.0,3.0,0.0,2.0,2.0,5.0,65.7,13.0,5.0,0.4,0.0,0.0,505.0,590.0,0.9,4.0,9.0,0.4,50.0,25.0,0.5,2.0,13.0,19.0,0.7,6.0,10.0,10.0,679146,2024-04-07 10:30:00,2024
Monza,10.0,3.0,0.0,1.0,1.0,4.0,38.5,7.0,2.0,0.3,0.0,0.0,277.0,344.0,0.8,2.0,8.0,0.3,62.0,35.0,0.6,1.0,8.0,13.0,0.6,9.0,13.0,13.0,Napoli,8.0,1.0,0.0,4.0,6.0,0.0,61.5,19.0,8.0,0.4,0.0,0.0,503.0,556.0,0.9,4.0,16.0,0.3,37.0,25.0,0.7,7.0,8.0,16.0,0.5,6.0,11.0,11.0,679143,2024-04-07 13:00:00,2024
Hellas Verona,14.0,3.0,0.0,2.0,5.0,3.0,61.2,12.0,3.0,0.3,0.0,0.0,381.0,473.0,0.8,4.0,29.0,0.1,69.0,41.0,0.6,4.0,13.0,16.0,0.8,9.0,15.0,15.0,Genoa,15.0,1.0,0.0,3.0,3.0,2.0,38.8,11.0,5.0,0.5,0.0,0.0,222.0,308.0,0.7,4.0,11.0,0.4,51.0,14.0,0.3,2.0,9.0,14.0,0.6,12.0,30.0,30.0,679144,2024-04-07 16:00:00,2024
Cagliari,16.0,3.0,0.0,2.0,4.0,1.0,37.9,11.0,3.0,0.3,0.0,0.0,188.0,297.0,0.6,5.0,18.0,0.3,69.0,16.0,0.2,4.0,13.0,24.0,0.5,10.0,17.0,17.0,Atalanta,19.0,3.0,0.0,1.0,4.0,1.0,62.1,7.0,2.0,0.3,0.0,0.0,376.0,493.0,0.8,4.0,20.0,0.2,59.0,21.0,0.4,2.0,14.0,29.0,0.5,12.0,17.0,17.0,679148,2024-04-07 16:00:00,2024
Juventus,16.0,2.0,0.0,5.0,5.0,2.0,25.1,7.0,2.0,0.3,0.0,0.0,154.0,217.0,0.7,2.0,9.0,0.2,41.0,20.0,0.5,3.0,10.0,14.0,0.7,5.0,29.0,29.0,Fiorentina,8.0,1.0,0.0,1.0,6.0,1.0,74.9,13.0,2.0,0.2,0.0,0.0,591.0,647.0,0.9,8.0,31.0,0.3,60.0,35.0,0.6,5.0,6.0,12.0,0.5,6.0,10.0,10.0,679145,2024-04-07 18:45:00,2024
Udinese,11.0,1.0,0.0,0.0,0.0,4.0,23.1,3.0,1.0,0.3,0.0,0.0,128.0,214.0,0.6,1.0,5.0,0.2,47.0,17.0,0.4,1.0,3.0,11.0,0.3,7.0,37.0,37.0,Internazionale,11.0,2.0,0.0,4.0,8.0,0.0,76.9,23.0,6.0,0.3,1.0,1.0,628.0,708.0,0.9,8.0,37.0,0.2,43.0,29.0,0.7,7.0,8.0,13.0,0.6,7.0,6.0,6.0,679140,2024-04-08 18:45:00,2024
Lazio,15.0,0.0,0.0,3.0,9.0,4.0,65.5,17.0,6.0,0.4,0.0,0.0,571.0,644.0,0.9,4.0,20.0,0.2,49.0,35.0,0.7,5.0,9.0,16.0,0.6,7.0,11.0,11.0,Salernitana,10.0,1.0,0.0,0.0,0.0,2.0,34.5,8.0,5.0,0.6,0.0,0.0,266.0,346.0,0.8,1.0,8.0,0.1,56.0,32.0,0.6,3.0,5.0,7.0,0.7,5.0,21.0,21.0,679154,2024-04-12 18:45:00,2024
Lecce,0.0,0.0,0.0,0.0,0.0,0.0,0.0,0.0,0.0,0.0,0.0,0.0,0.0,0.0,0.0,0.0,0.0,0.0,0.0,0.0,0.0,0.0,0.0,0.0,0.0,0.0,0.0,0.0,Empoli,0.0,0.0,0.0,0.0,0.0,0.0,0.0,0.0,0.0,0.0,0.0,0.0,0.0,0.0,0.0,0.0,0.0,0.0,0.0,0.0,0.0,0.0,0.0,0.0,0.0,0.0,0.0,0.0,679153,2024-04-13 13:00:00,2024
Torino,18.0,3.0,0.0,0.0,6.0,3.0,47.6,13.0,2.0,0.2,0.0,0.0,334.0,392.0,0.9,7.0,35.0,0.2,47.0,25.0,0.5,8.0,5.0,11.0,0.5,6.0,10.0,10.0,Juventus,11.0,2.0,0.0,1.0,2.0,2.0,52.4,8.0,3.0,0.4,0.0,0.0,384.0,454.0,0.8,6.0,16.0,0.4,40.0,14.0,0.4,2.0,5.0,9.0,0.6,4.0,24.0,24.0,679150,2024-04-13 16:00:00,2024
Bologna,13.0,4.0,0.0,1.0,10.0,1.0,61.9,17.0,7.0,0.4,0.0,0.0,473.0,535.0,0.9,3.0,22.0,0.1,38.0,20.0,0.5,4.0,7.0,8.0,0.9,5.0,7.0,7.0,Monza,19.0,4.0,0.0,0.0,0.0,7.0,38.1,4.0,0.0,0.0,0.0,0.0,275.0,334.0,0.8,0.0,5.0,0.0,48.0,24.0,0.5,1.0,7.0,13.0,0.5,10.0,29.0,29.0,679157,2024-04-13 18:45:00,2024
Napoli,11.0,1.0,1.0,2.0,6.0,4.0,66.0,20.0,9.0,0.5,0.0,0.0,474.0,557.0,0.9,6.0,18.0,0.3,56.0,27.0,0.5,6.0,6.0,11.0,0.5,7.0,15.0,15.0,Frosinone,14.0,1.0,0.0,2.0,2.0,6.0,34.0,13.0,6.0,0.5,0.0,1.0,202.0,286.0,0.7,4.0,10.0,0.4,41.0,14.0,0.3,3.0,10.0,15.0,0.7,4.0,29.0,29.0,679152,2024-04-14 10:30:00,2024
Sassuolo,12.0,3.0,0.0,0.0,2.0,4.0,32.5,10.0,5.0,0.5,0.0,0.0,178.0,263.0,0.7,2.0,7.0,0.3,58.0,18.0,0.3,3.0,14.0,21.0,0.7,14.0,25.0,25.0,AC Milan,9.0,1.0,0.0,3.0,6.0,2.0,67.5,23.0,7.0,0.3,0.0,0.0,460.0,536.0,0.9,8.0,17.0,0.5,42.0,24.0,0.6,6.0,9.0,12.0,0.8,8.0,7.0,7.0,679151,2024-04-14 13:00:00,2024
Internazionale,5.0,0.0,0.0,3.0,7.0,4.0,62.9,15.0,7.0,0.5,1.0,1.0,568.0,617.0,0.9,7.0,32.0,0.2,38.0,29.0,0.8,2.0,4.0,12.0,0.3,7.0,13.0,13.0,Cagliari,10.0,2.0,0.0,0.0,0.0,5.0,37.1,10.0,6.0,0.6,0.0,0.0,318.0,370.0,0.9,2.0,14.0,0.1,58.0,34.0,0.6,1.0,3.0,9.0,0.3,6.0,31.0,31.0,679155,2024-04-14 18:45:00,2024
Fiorentina,8.0,1.0,0.0,1.0,6.0,3.0,59.0,20.0,3.0,0.2,0.0,0.0,374.0,435.0,0.9,9.0,28.0,0.3,52.0,28.0,0.5,7.0,4.0,9.0,0.4,12.0,11.0,11.0,Genoa,19.0,2.0,0.0,2.0,2.0,2.0,41.0,7.0,3.0,0.4,1.0,1.0,234.0,308.0,0.8,3.0,11.0,0.3,49.0,21.0,0.4,1.0,8.0,16.0,0.5,5.0,24.0,24.0,679156,2024-04-15 16:30:00,2024
Atalanta,6.0,0.0,0.0,2.0,5.0,3.0,59.3,16.0,9.0,0.6,0.0,0.0,389.0,500.0,0.8,3.0,18.0,0.2,61.0,20.0,0.3,2.0,13.0,22.0,0.6,5.0,18.0,18.0,Hellas Verona,10.0,2.0,0.0,2.0,4.0,7.0,40.7,13.0,5.0,0.4,0.0,0.0,231.0,340.0,0.7,6.0,21.0,0.3,72.0,28.0,0.4,3.0,5.0,11.0,0.5,10.0,33.0,33.0,679158,2024-04-15 18:45:00,2024
Genoa,7.0,1.0,0.0,2.0,2.0,0.0,39.1,8.0,2.0,0.3,0.0,0.0,338.0,409.0,0.8,5.0,11.0,0.5,58.0,24.0,0.4,0.0,7.0,11.0,0.6,8.0,11.0,11.0,Lazio,13.0,2.0,0.0,3.0,9.0,2.0,60.9,13.0,1.0,0.1,0.0,0.0,552.0,646.0,0.9,4.0,14.0,0.3,57.0,33.0,0.6,8.0,13.0,20.0,0.7,8.0,8.0,8.0,679169,2024-04-19 16:30:00,2024
Cagliari,0.0,0.0,0.0,0.0,0.0,0.0,0.0,0.0,0.0,0.0,0.0,0.0,0.0,0.0,0.0,0.0,0.0,0.0,0.0,0.0,0.0,0.0,0.0,0.0,0.0,0.0,0.0,0.0,Juventus,0.0,0.0,0.0,0.0,0.0,0.0,0.0,0.0,0.0,0.0,0.0,0.0,0.0,0.0,0.0,0.0,0.0,0.0,0.0,0.0,0.0,0.0,0.0,0.0,0.0,0.0,0.0,0.0,679160,2024-04-19 18:45:00,2024
Empoli,14.0,2.0,0.0,0.0,2.0,1.0,26.9,7.0,1.0,0.1,0.0,0.0,168.0,237.0,0.7,5.0,12.0,0.4,51.0,15.0,0.3,1.0,14.0,23.0,0.6,13.0,34.0,34.0,Napoli,12.0,2.0,0.0,1.0,8.0,0.0,73.1,9.0,1.0,0.1,0.0,0.0,563.0,656.0,0.9,3.0,27.0,0.1,59.0,31.0,0.5,7.0,5.0,15.0,0.3,6.0,12.0,12.0,679161,2024-04-20 16:00:00,2024
Hellas Verona,18.0,2.0,0.0,0.0,10.0,1.0,53.1,16.0,4.0,0.3,0.0,0.0,228.0,330.0,0.7,10.0,31.0,0.3,85.0,44.0,0.5,4.0,9.0,16.0,0.6,6.0,15.0,15.0,Udinese,12.0,2.0,0.0,5.0,6.0,3.0,46.9,18.0,1.0,0.1,0.0,0.0,223.0,305.0,0.7,6.0,15.0,0.4,47.0,21.0,0.4,9.0,6.0,12.0,0.5,4.0,34.0,34.0,679162,2024-04-20 18:45:00,2024
Sassuolo,0.0,0.0,0.0,0.0,0.0,0.0,0.0,0.0,0.0,0.0,0.0,0.0,0.0,0.0,0.0,0.0,0.0,0.0,0.0,0.0,0.0,0.0,0.0,0.0,0.0,0.0,0.0,0.0,Lecce,0.0,0.0,0.0,0.0,0.0,0.0,0.0,0.0,0.0,0.0,0.0,0.0,0.0,0.0,0.0,0.0,0.0,0.0,0.0,0.0,0.0,0.0,0.0,0.0,0.0,0.0,0.0,0.0,679164,2024-04-21 10:30:00,2024
Torino,10.0,2.0,0.0,2.0,6.0,3.0,53.2,13.0,2.0,0.2,0.0,0.0,329.0,410.0,0.8,3.0,19.0,0.2,61.0,30.0,0.5,2.0,8.0,25.0,0.3,4.0,13.0,13.0,Frosinone,17.0,2.0,0.0,2.0,4.0,2.0,46.8,12.0,3.0,0.3,0.0,0.0,284.0,361.0,0.8,3.0,14.0,0.2,51.0,15.0,0.3,3.0,12.0,20.0,0.6,4.0,20.0,20.0,679163,2024-04-21 13:00:00,2024
Salernitana,13.0,2.0,0.0,3.0,2.0,5.0,27.3,5.0,1.0,0.2,0.0,0.0,126.0,220.0,0.6,3.0,11.0,0.3,67.0,19.0,0.3,2.0,7.0,20.0,0.4,11.0,27.0,27.0,Fiorentina,11.0,4.0,0.0,2.0,5.0,1.0,72.7,12.0,7.0,0.6,0.0,0.0,514.0,608.0,0.8,4.0,14.0,0.3,49.0,17.0,0.3,3.0,7.0,8.0,0.9,3.0,14.0,14.0,679165,2024-04-21 16:00:00,2024
Monza,8.0,3.0,0.0,0.0,2.0,4.0,58.4,17.0,2.0,0.1,0.0,0.0,468.0,547.0,0.9,2.0,11.0,0.2,72.0,43.0,0.6,6.0,9.0,12.0,0.8,10.0,20.0,20.0,Atalanta,13.0,2.0,0.0,1.0,8.0,1.0,41.6,12.0,6.0,0.5,0.0,0.0,300.0,382.0,0.8,5.0,17.0,0.3,52.0,19.0,0.4,1.0,7.0,15.0,0.5,8.0,10.0,10.0,679167,2024-04-21 18:45:00,2024
AS Roma,8.0,5.0,0.0,0.0,8.0,0.0,53.0,14.0,5.0,0.4,0.0,0.0,450.0,514.0,0.9,6.0,28.0,0.2,34.0,16.0,0.5,3.0,11.0,17.0,0.6,9.0,9.0,9.0,Bologna,12.0,2.0,0.0,1.0,2.0,3.0,47.0,11.0,3.0,0.3,0.0,0.0,400.0,471.0,0.8,1.0,5.0,0.2,48.0,23.0,0.5,3.0,11.0,19.0,0.6,8.0,32.0,32.0,679166,2024-04-22 16:30:00,2024
AC Milan,19.0,3.0,2.0,1.0,5.0,1.0,51.9,15.0,6.0,0.4,0.0,0.0,445.0,510.0,0.9,7.0,21.0,0.3,39.0,26.0,0.7,3.0,7.0,12.0,0.6,5.0,7.0,7.0,Internazionale,10.0,2.0,1.0,5.0,3.0,5.0,48.1,11.0,3.0,0.3,0.0,0.0,409.0,480.0,0.9,6.0,12.0,0.5,48.0,17.0,0.4,2.0,9.0,15.0,0.6,5.0,23.0,23.0,679168,2024-04-22 18:45:00,2024
Udinese,0.0,0.0,0.0,0.0,0.0,0.0,0.0,0.0,0.0,0.0,0.0,0.0,0.0,0.0,0.0,0.0,0.0,0.0,0.0,0.0,0.0,0.0,0.0,0.0,0.0,0.0,0.0,0.0,AS Roma,0.0,0.0,0.0,0.0,0.0,0.0,0.0,0.0,0.0,0.0,0.0,0.0,0.0,0.0,0.0,0.0,0.0,0.0,0.0,0.0,0.0,0.0,0.0,0.0,0.0,0.0,0.0,0.0,679159,2024-04-25 18:00:00,2024
Frosinone,13.0,2.0,0.0,1.0,7.0,2.0,42.6,11.0,4.0,0.4,1.0,1.0,254.0,339.0,0.7,5.0,25.0,0.2,48.0,18.0,0.4,3.0,5.0,14.0,0.4,6.0,16.0,16.0,Salernitana,11.0,2.0,0.0,2.0,3.0,1.0,57.4,17.0,2.0,0.1,0.0,0.0,381.0,471.0,0.8,6.0,20.0,0.3,62.0,29.0,0.5,6.0,4.0,7.0,0.6,7.0,24.0,24.0,679176,2024-04-26 18:45:00,2024
Lecce,0.0,0.0,0.0,0.0,0.0,0.0,0.0,0.0,0.0,0.0,0.0,0.0,0.0,0.0,0.0,0.0,0.0,0.0,0.0,0.0,0.0,0.0,0.0,0.0,0.0,0.0,0.0,0.0,Monza,0.0,0.0,0.0,0.0,0.0,0.0,0.0,0.0,0.0,0.0,0.0,0.0,0.0,0.0,0.0,0.0,0.0,0.0,0.0,0.0,0.0,0.0,0.0,0.0,0.0,0.0,0.0,0.0,679171,2024-04-27 13:00:00,2024
Juventus,10.0,0.0,0.0,1.0,9.0,0.0,51.0,18.0,7.0,0.4,0.0,0.0,398.0,455.0,0.9,8.0,31.0,0.3,39.0,21.0,0.5,3.0,19.0,23.0,0.8,7.0,15.0,15.0,AC Milan,4.0,1.0,0.0,0.0,4.0,6.0,49.0,9.0,0.0,0.0,0.0,0.0,393.0,449.0,0.9,6.0,14.0,0.4,53.0,39.0,0.7,4.0,7.0,19.0,0.4,8.0,22.0,22.0,679173,2024-04-27 16:00:00,2024
Lazio,13.0,4.0,0.0,7.0,4.0,1.0,69.3,17.0,5.0,0.3,0.0,0.0,451.0,536.0,0.8,3.0,13.0,0.2,52.0,28.0,0.5,3.0,6.0,13.0,0.5,7.0,21.0,21.0,Hellas Verona,18.0,4.0,0.0,0.0,2.0,4.0,30.7,7.0,1.0,0.1,0.0,0.0,143.0,232.0,0.6,2.0,10.0,0.2,63.0,21.0,0.3,1.0,11.0,19.0,0.6,13.0,16.0,16.0,679172,2024-04-27 18:45:00,2024
Internazionale,6.0,0.0,0.0,2.0,5.0,3.0,62.4,17.0,5.0,0.3,1.0,1.0,616.0,675.0,0.9,3.0,14.0,0.2,25.0,15.0,0.6,3.0,6.0,11.0,0.5,8.0,11.0,11.0,Torino,8.0,0.0,1.0,0.0,4.0,3.0,37.6,11.0,3.0,0.3,0.0,0.0,347.0,395.0,0.9,2.0,17.0,0.1,43.0,25.0,0.6,6.0,5.0,11.0,0.5,13.0,17.0,17.0,679179,2024-04-28 10:30:00,2024
Bologna,11.0,1.0,1.0,1.0,10.0,3.0,65.0,15.0,4.0,0.3,0.0,0.0,546.0,601.0,0.9,3.0,22.0,0.1,43.0,24.0,0.6,7.0,11.0,18.0,0.6,1.0,13.0,13.0,Udinese,21.0,7.0,0.0,1.0,4.0,3.0,35.0,11.0,4.0,0.4,0.0,0.0,270.0,324.0,0.8,4.0,10.0,0.4,39.0,22.0,0.6,3.0,18.0,27.0,0.7,8.0,25.0,25.0,679178,2024-04-28 13:00:00,2024
Napoli,11.0,2.0,0.0,1.0,9.0,2.0,48.4,26.0,9.0,0.3,1.0,1.0,362.0,421.0,0.9,7.0,19.0,0.4,48.0,30.0,0.6,6.0,11.0,17.0,0.6,12.0,7.0,7.0,AS Roma,5.0,0.0,0.0,1.0,2.0,7.0,51.6,10.0,4.0,0.4,1.0,1.0,393.0,460.0,0.9,4.0,8.0,0.5,38.0,22.0,0.6,2.0,8.0,15.0,0.5,6.0,17.0,17.0,679174,2024-04-28 16:00:00,2024
Atalanta,19.0,1.0,0.0,1.0,8.0,2.0,58.9,17.0,5.0,0.3,1.0,1.0,366.0,460.0,0.8,5.0,15.0,0.3,49.0,19.0,0.4,6.0,5.0,12.0,0.4,5.0,14.0,14.0,Empoli,14.0,2.0,0.0,1.0,1.0,3.0,41.1,11.0,2.0,0.2,0.0,0.0,219.0,314.0,0.7,6.0,17.0,0.4,68.0,21.0,0.3,3.0,18.0,30.0,0.6,6.0,24.0,24.0,679170,2024-04-28 16:00:00,2024
Fiorentina,9.0,2.0,0.0,2.0,10.0,1.0,67.2,22.0,10.0,0.5,0.0,0.0,548.0,611.0,0.9,6.0,20.0,0.3,49.0,35.0,0.7,3.0,7.0,12.0,0.6,3.0,8.0,8.0,Sassuolo,9.0,2.0,0.0,0.0,2.0,5.0,32.8,7.0,2.0,0.3,0.0,0.0,217.0,299.0,0.7,4.0,9.0,0.4,57.0,22.0,0.4,2.0,14.0,16.0,0.9,7.0,19.0,19.0,679177,2024-04-28 18:45:00,2024
Genoa,12.0,0.0,0.0,2.0,2.0,1.0,63.3,12.0,5.0,0.4,0.0,0.0,454.0,551.0,0.8,7.0,19.0,0.4,56.0,28.0,0.5,1.0,11.0,17.0,0.6,12.0,18.0,18.0,Cagliari,14.0,2.0,0.0,3.0,4.0,2.0,36.7,12.0,1.0,0.1,0.0,0.0,214.0,308.0,0.7,9.0,21.0,0.4,54.0,14.0,0.3,2.0,3.0,10.0,0.3,8.0,11.0,11.0,679175,2024-04-29 18:45:00,2024
Torino,14.0,2.0,0.0,0.0,2.0,1.0,46.9,8.0,1.0,0.1,0.0,0.0,359.0,431.0,0.8,4.0,15.0,0.3,42.0,21.0,0.5,4.0,8.0,17.0,0.5,15.0,14.0,14.0,Bologna,11.0,2.0,0.0,1.0,4.0,1.0,53.1,5.0,1.0,0.2,0.0,0.0,411.0,500.0,0.8,2.0,11.0,0.2,54.0,21.0,0.4,1.0,9.0,13.0,0.7,7.0,14.0,14.0,679181,2024-05-03 18:45:00,2024
Monza,8.0,1.0,0.0,1.0,5.0,3.0,59.3,17.0,7.0,0.4,0.0,0.0,504.0,561.0,0.9,6.0,23.0,0.3,45.0,31.0,0.7,4.0,4.0,8.0,0.5,2.0,12.0,12.0,Lazio,13.0,7.0,0.0,1.0,4.0,5.0,40.7,9.0,5.0,0.6,0.0,0.0,334.0,395.0,0.8,1.0,9.0,0.1,45.0,13.0,0.3,1.0,9.0,11.0,0.8,7.0,20.0,20.0,679185,2024-05-04 16:00:00,2024
Sassuolo,10.0,1.0,0.0,0.0,2.0,1.0,24.2,6.0,2.0,0.3,0.0,0.0,161.0,230.0,0.7,0.0,9.0,0.0,54.0,22.0,0.4,2.0,4.0,9.0,0.4,6.0,29.0,29.0,Internazionale,10.0,1.0,0.0,7.0,5.0,1.0,75.8,14.0,1.0,0.1,0.0,0.0,657.0,720.0,0.9,5.0,23.0,0.2,52.0,39.0,0.8,7.0,5.0,12.0,0.4,2.0,13.0,13.0,679182,2024-05-04 18:45:00,2024
Cagliari,9.0,4.0,1.0,1.0,3.0,2.0,33.7,9.0,3.0,0.3,0.0,0.0,137.0,219.0,0.6,5.0,20.0,0.3,64.0,23.0,0.4,4.0,7.0,9.0,0.8,4.0,30.0,30.0,Lecce,15.0,4.0,0.0,1.0,10.0,2.0,66.3,16.0,3.0,0.2,0.0,0.0,359.0,432.0,0.8,9.0,37.0,0.2,45.0,23.0,0.5,3.0,7.0,15.0,0.5,2.0,14.0,14.0,679188,2024-05-05 10:30:00,2024
Hellas Verona,12.0,2.0,0.0,3.0,1.0,3.0,38.0,9.0,4.0,0.4,1.0,1.0,176.0,273.0,0.6,2.0,19.0,0.1,67.0,20.0,0.3,2.0,9.0,17.0,0.5,9.0,24.0,24.0,Fiorentina,11.0,1.0,0.0,4.0,2.0,2.0,62.0,13.0,4.0,0.3,0.0,0.0,339.0,463.0,0.7,2.0,12.0,0.2,81.0,29.0,0.4,3.0,8.0,17.0,0.5,6.0,12.0,12.0,679184,2024-05-05 13:00:00,2024
Empoli,15.0,2.0,0.0,5.0,3.0,5.0,46.9,7.0,1.0,0.1,0.0,0.0,174.0,281.0,0.6,1.0,16.0,0.1,68.0,16.0,0.2,4.0,11.0,14.0,0.8,7.0,18.0,18.0,Frosinone,11.0,3.0,0.0,1.0,8.0,1.0,53.1,17.0,5.0,0.3,0.0,0.0,225.0,321.0,0.7,6.0,14.0,0.4,56.0,21.0,0.4,4.0,8.0,11.0,0.7,8.0,24.0,24.0,679187,2024-05-05 13:00:00,2024
AC Milan,8.0,1.0,0.0,2.0,7.0,0.0,59.6,26.0,7.0,0.3,0.0,0.0,464.0,527.0,0.9,8.0,28.0,0.3,31.0,18.0,0.6,7.0,7.0,12.0,0.6,4.0,15.0,15.0,Genoa,10.0,1.0,0.0,1.0,1.0,4.0,40.4,6.0,2.0,0.3,1.0,1.0,287.0,365.0,0.8,3.0,8.0,0.4,62.0,28.0,0.5,2.0,6.0,14.0,0.4,5.0,19.0,19.0,679186,2024-05-05 16:00:00,2024
AS Roma,7.0,1.0,0.0,1.0,9.0,5.0,60.4,19.0,5.0,0.3,0.0,0.0,473.0,528.0,0.9,14.0,36.0,0.4,46.0,28.0,0.6,5.0,7.0,15.0,0.5,1.0,15.0,15.0,Juventus,10.0,2.0,0.0,2.0,6.0,2.0,39.6,16.0,6.0,0.4,0.0,0.0,294.0,346.0,0.9,7.0,19.0,0.4,47.0,31.0,0.7,3.0,10.0,16.0,0.6,1.0,29.0,29.0,679189,2024-05-05 18:45:00,2024
Salernitana,12.0,1.0,0.0,0.0,1.0,2.0,30.9,9.0,2.0,0.2,0.0,0.0,208.0,315.0,0.7,2.0,7.0,0.3,74.0,19.0,0.3,3.0,11.0,17.0,0.6,13.0,20.0,20.0,Atalanta,10.0,0.0,0.0,3.0,7.0,1.0,69.1,17.0,4.0,0.2,0.0,0.0,591.0,691.0,0.9,8.0,23.0,0.3,49.0,22.0,0.4,5.0,6.0,11.0,0.5,7.0,8.0,8.0,679183,2024-05-06 16:00:00,2024
Udinese,13.0,0.0,0.0,5.0,7.0,3.0,31.4,10.0,2.0,0.2,0.0,0.0,204.0,256.0,0.8,1.0,20.0,0.1,40.0,19.0,0.5,2.0,7.0,9.0,0.8,5.0,23.0,23.0,Napoli,10.0,0.0,0.0,1.0,5.0,1.0,68.6,12.0,4.0,0.3,0.0,0.0,519.0,588.0,0.9,3.0,20.0,0.2,52.0,33.0,0.6,7.0,9.0,16.0,0.6,5.0,17.0,17.0,679180,2024-05-06 18:45:00,2024
Frosinone,4.0,0.0,0.0,0.0,8.0,0.0,41.4,17.0,8.0,0.5,0.0,0.0,342.0,400.0,0.9,5.0,17.0,0.3,31.0,16.0,0.5,2.0,2.0,2.0,1.0,6.0,13.0,13.0,Internazionale,8.0,0.0,0.0,1.0,4.0,6.0,58.6,14.0,5.0,0.4,0.0,0.0,513.0,575.0,0.9,3.0,15.0,0.2,41.0,27.0,0.7,3.0,8.0,16.0,0.5,7.0,14.0,14.0,679196,2024-05-10 18:45:00,2024
Napoli,15.0,2.0,0.0,3.0,9.0,2.0,59.3,16.0,6.0,0.4,0.0,1.0,478.0,545.0,0.9,7.0,24.0,0.3,34.0,26.0,0.8,3.0,18.0,26.0,0.7,4.0,5.0,5.0,Bologna,12.0,1.0,0.0,1.0,3.0,6.0,40.7,11.0,4.0,0.4,0.0,0.0,318.0,381.0,0.8,3.0,7.0,0.4,52.0,23.0,0.4,2.0,14.0,25.0,0.6,14.0,24.0,24.0,679190,2024-05-11 16:00:00,2024
AC Milan,0.0,0.0,0.0,0.0,0.0,0.0,0.0,0.0,0.0,0.0,0.0,0.0,0.0,0.0,0.0,0.0,0.0,0.0,0.0,0.0,0.0,0.0,0.0,0.0,0.0,0.0,0.0,0.0,Cagliari,0.0,0.0,0.0,0.0,0.0,0.0,0.0,0.0,0.0,0.0,0.0,0.0,0.0,0.0,0.0,0.0,0.0,0.0,0.0,0.0,0.0,0.0,0.0,0.0,0.0,0.0,0.0,0.0,679191,2024-05-11 18:45:00,2024
Lazio,18.0,3.0,0.0,0.0,7.0,3.0,59.8,11.0,5.0,0.5,0.0,0.0,409.0,482.0,0.8,2.0,17.0,0.1,53.0,24.0,0.5,5.0,12.0,19.0,0.6,8.0,20.0,20.0,Empoli,15.0,1.0,0.0,3.0,8.0,3.0,40.2,16.0,3.0,0.2,0.0,0.0,233.0,302.0,0.8,6.0,26.0,0.2,39.0,15.0,0.4,4.0,8.0,11.0,0.7,6.0,16.0,16.0,679193,2024-05-12 10:30:00,2024
Genoa,13.0,1.0,0.0,3.0,3.0,3.0,57.4,8.0,2.0,0.3,0.0,0.0,414.0,494.0,0.8,5.0,17.0,0.3,46.0,19.0,0.4,3.0,2.0,12.0,0.2,5.0,30.0,30.0,Sassuolo,10.0,2.0,0.0,0.0,7.0,0.0,42.6,12.0,4.0,0.3,1.0,1.0,275.0,354.0,0.8,3.0,26.0,0.1,62.0,30.0,0.5,3.0,10.0,13.0,0.8,6.0,19.0,19.0,679195,2024-05-12 13:00:00,2024
Hellas Verona,19.0,3.0,1.0,1.0,7.0,0.0,42.9,13.0,5.0,0.4,0.0,0.0,230.0,330.0,0.7,7.0,27.0,0.3,62.0,28.0,0.5,4.0,15.0,25.0,0.6,8.0,10.0,10.0,Torino,15.0,2.0,0.0,0.0,4.0,4.0,57.1,6.0,2.0,0.3,0.0,0.0,363.0,455.0,0.8,5.0,12.0,0.4,65.0,26.0,0.4,0.0,7.0,10.0,0.7,6.0,17.0,17.0,679199,2024-05-12 13:00:00,2024
Juventus,0.0,0.0,0.0,0.0,0.0,0.0,0.0,0.0,0.0,0.0,0.0,0.0,0.0,0.0,0.0,0.0,0.0,0.0,0.0,0.0,0.0,0.0,0.0,0.0,0.0,0.0,0.0,0.0,Salernitana,0.0,0.0,0.0,0.0,0.0,0.0,0.0,0.0,0.0,0.0,0.0,0.0,0.0,0.0,0.0,0.0,0.0,0.0,0.0,0.0,0.0,0.0,0.0,0.0,0.0,0.0,0.0,0.0,679194,2024-05-12 16:00:00,2024
Atalanta,11.0,1.0,0.0,2.0,6.0,5.0,57.5,24.0,7.0,0.3,0.0,0.0,467.0,539.0,0.9,6.0,17.0,0.4,51.0,22.0,0.4,3.0,7.0,8.0,0.9,9.0,11.0,11.0,AS Roma,11.0,1.0,0.0,1.0,1.0,6.0,42.5,9.0,6.0,0.7,1.0,1.0,318.0,402.0,0.8,2.0,9.0,0.2,61.0,28.0,0.5,2.0,14.0,20.0,0.7,7.0,17.0,17.0,679198,2024-05-12 18:45:00,2024
Lecce,0.0,0.0,0.0,0.0,0.0,0.0,0.0,0.0,0.0,0.0,0.0,0.0,0.0,0.0,0.0,0.0,0.0,0.0,0.0,0.0,0.0,0.0,0.0,0.0,0.0,0.0,0.0,0.0,Udinese,0.0,0.0,0.0,0.0,0.0,0.0,0.0,0.0,0.0,0.0,0.0,0.0,0.0,0.0,0.0,0.0,0.0,0.0,0.0,0.0,0.0,0.0,0.0,0.0,0.0,0.0,0.0,0.0,679192,2024-05-13 16:30:00,2024
Fiorentina,9.0,1.0,0.0,1.0,6.0,1.0,49.5,16.0,9.0,0.6,0.0,0.0,349.0,402.0,0.9,7.0,20.0,0.4,42.0,22.0,0.5,5.0,9.0,15.0,0.6,5.0,11.0,11.0,Monza,14.0,1.0,0.0,0.0,1.0,7.0,50.5,6.0,2.0,0.3,0.0,0.0,354.0,417.0,0.8,3.0,12.0,0.3,69.0,38.0,0.6,1.0,11.0,14.0,0.8,5.0,25.0,25.0,679197,2024-05-13 18:45:00,2024
Fiorentina,16.0,1.0,0.0,1.0,6.0,1.0,62.9,14.0,5.0,0.4,0.0,0.0,399.0,479.0,0.8,2.0,18.0,0.1,62.0,30.0,0.5,4.0,6.0,9.0,0.7,5.0,10.0,10.0,Napoli,14.0,2.0,0.0,0.0,3.0,3.0,37.1,15.0,3.0,0.2,0.0,0.0,206.0,277.0,0.7,5.0,14.0,0.4,45.0,14.0,0.3,1.0,6.0,13.0,0.5,7.0,22.0,22.0,679201,2024-05-17 18:45:00,2024
Lecce,0.0,0.0,0.0,0.0,0.0,0.0,0.0,0.0,0.0,0.0,0.0,0.0,0.0,0.0,0.0,0.0,0.0,0.0,0.0,0.0,0.0,0.0,0.0,0.0,0.0,0.0,0.0,0.0,Atalanta,0.0,0.0,0.0,0.0,0.0,0.0,0.0,0.0,0.0,0.0,0.0,0.0,0.0,0.0,0.0,0.0,0.0,0.0,0.0,0.0,0.0,0.0,0.0,0.0,0.0,0.0,0.0,0.0,679208,2024-05-18 16:00:00,2024
Torino,15.0,1.0,0.0,2.0,3.0,3.0,39.9,11.0,5.0,0.5,0.0,0.0,229.0,287.0,0.8,4.0,12.0,0.3,49.0,18.0,0.4,1.0,9.0,16.0,0.6,11.0,25.0,25.0,AC Milan,14.0,1.0,0.0,0.0,8.0,2.0,60.1,16.0,4.0,0.3,1.0,1.0,373.0,432.0,0.9,6.0,20.0,0.3,26.0,14.0,0.5,5.0,7.0,10.0,0.7,4.0,9.0,9.0,679203,2024-05-18 18:45:00,2024
Sassuolo,14.0,3.0,1.0,1.0,5.0,1.0,50.1,7.0,0.0,0.0,0.0,0.0,237.0,331.0,0.7,5.0,19.0,0.3,63.0,22.0,0.3,3.0,12.0,21.0,0.6,1.0,32.0,32.0,Cagliari,9.0,2.0,0.0,2.0,7.0,0.0,49.9,13.0,3.0,0.2,1.0,1.0,236.0,320.0,0.7,4.0,31.0,0.1,54.0,24.0,0.4,5.0,4.0,10.0,0.4,7.0,13.0,13.0,679204,2024-05-19 10:30:00,2024
Monza,14.0,1.0,0.0,0.0,3.0,4.0,70.6,14.0,2.0,0.1,0.0,0.0,518.0,599.0,0.9,13.0,23.0,0.6,48.0,24.0,0.5,5.0,9.0,15.0,0.6,4.0,14.0,14.0,Frosinone,13.0,2.0,0.0,0.0,4.0,2.0,29.4,16.0,5.0,0.3,0.0,0.0,178.0,243.0,0.7,3.0,17.0,0.2,42.0,12.0,0.3,5.0,7.0,15.0,0.5,6.0,19.0,19.0,679207,2024-05-19 13:00:00,2024
Udinese,14.0,1.0,0.0,1.0,5.0,0.0,47.0,8.0,2.0,0.3,1.0,1.0,225.0,313.0,0.7,1.0,18.0,0.1,69.0,33.0,0.5,1.0,10.0,21.0,0.5,5.0,17.0,17.0,Empoli,18.0,5.0,1.0,3.0,5.0,1.0,53.0,4.0,1.0,0.3,1.0,1.0,257.0,354.0,0.7,1.0,14.0,0.1,63.0,18.0,0.3,1.0,7.0,16.0,0.4,8.0,23.0,23.0,679202,2024-05-19 13:00:00,2024
Internazionale,10.0,0.0,0.0,0.0,8.0,2.0,58.0,19.0,7.0,0.4,0.0,0.0,518.0,576.0,0.9,10.0,22.0,0.5,52.0,37.0,0.7,4.0,8.0,13.0,0.6,13.0,9.0,9.0,Lazio,15.0,1.0,0.0,3.0,0.0,6.0,42.0,8.0,3.0,0.4,0.0,0.0,351.0,425.0,0.8,2.0,7.0,0.3,59.0,33.0,0.6,1.0,2.0,11.0,0.2,7.0,17.0,17.0,679209,2024-05-19 16:00:00,2024
AS Roma,10.0,2.0,1.0,0.0,6.0,5.0,53.9,21.0,6.0,0.3,0.0,0.0,398.0,458.0,0.9,5.0,20.0,0.3,42.0,22.0,0.5,7.0,6.0,11.0,0.5,6.0,24.0,24.0,Genoa,10.0,0.0,0.0,2.0,3.0,5.0,46.1,12.0,5.0,0.4,0.0,0.0,320.0,385.0,0.8,6.0,21.0,0.3,49.0,29.0,0.6,4.0,6.0,10.0,0.6,8.0,23.0,23.0,679206,2024-05-19 18:45:00,2024
Salernitana,14.0,3.0,0.0,2.0,4.0,3.0,53.2,9.0,1.0,0.1,0.0,0.0,309.0,411.0,0.8,0.0,13.0,0.0,56.0,25.0,0.4,3.0,5.0,10.0,0.5,2.0,22.0,22.0,Hellas Verona,19.0,2.0,0.0,2.0,6.0,0.0,46.8,17.0,5.0,0.3,0.0,0.0,245.0,353.0,0.7,5.0,21.0,0.2,70.0,25.0,0.4,7.0,13.0,16.0,0.8,9.0,16.0,16.0,679205,2024-05-20 16:30:00,2024
Bologna,8.0,1.0,0.0,3.0,3.0,1.0,62.1,10.0,5.0,0.5,0.0,0.0,521.0,582.0,0.9,3.0,11.0,0.3,44.0,24.0,0.5,4.0,9.0,19.0,0.5,6.0,5.0,5.0,Juventus,21.0,5.0,0.0,1.0,2.0,2.0,37.9,11.0,4.0,0.4,0.0,0.0,299.0,348.0,0.9,3.0,12.0,0.3,35.0,14.0,0.4,5.0,9.0,14.0,0.6,6.0,7.0,7.0,679200,2024-05-20 18:45:00,2024
Cagliari,13.0,2.0,0.0,4.0,4.0,2.0,36.7,14.0,6.0,0.4,0.0,0.0,173.0,236.0,0.7,8.0,25.0,0.3,55.0,29.0,0.5,0.0,14.0,22.0,0.6,6.0,20.0,20.0,Fiorentina,14.0,4.0,0.0,1.0,5.0,4.0,63.3,11.0,5.0,0.5,1.0,1.0,364.0,434.0,0.8,4.0,17.0,0.2,57.0,30.0,0.5,3.0,5.0,9.0,0.6,1.0,20.0,20.0,679218,2024-05-23 18:45:00,2024
Genoa,11.0,1.0,0.0,2.0,3.0,1.0,26.7,15.0,4.0,0.3,0.0,0.0,158.0,212.0,0.7,5.0,10.0,0.5,42.0,24.0,0.6,2.0,11.0,19.0,0.6,10.0,13.0,13.0,Bologna,11.0,2.0,0.0,3.0,6.0,2.0,73.3,11.0,1.0,0.1,0.0,0.0,532.0,586.0,0.9,7.0,24.0,0.3,50.0,31.0,0.6,5.0,9.0,12.0,0.8,4.0,12.0,12.0,679215,2024-05-24 18:45:00,2024
Juventus,15.0,1.0,0.0,0.0,3.0,4.0,42.0,12.0,4.0,0.3,0.0,0.0,323.0,377.0,0.9,3.0,7.0,0.4,41.0,24.0,0.6,3.0,10.0,14.0,0.7,11.0,18.0,18.0,Monza,13.0,1.0,1.0,1.0,4.0,2.0,58.0,12.0,4.0,0.3,0.0,0.0,450.0,507.0,0.9,8.0,22.0,0.4,38.0,25.0,0.7,7.0,15.0,19.0,0.8,6.0,5.0,5.0,679219,2024-05-25 16:00:00,2024
AC Milan,6.0,0.0,0.0,1.0,13.0,3.0,66.1,23.0,11.0,0.5,0.0,0.0,467.0,535.0,0.9,13.0,27.0,0.5,38.0,26.0,0.7,5.0,5.0,14.0,0.4,6.0,4.0,4.0,Salernitana,9.0,1.0,0.0,1.0,3.0,8.0,33.9,14.0,6.0,0.4,0.0,0.0,217.0,276.0,0.8,3.0,7.0,0.4,36.0,11.0,0.3,5.0,10.0,20.0,0.5,7.0,22.0,22.0,679212,2024-05-25 18:45:00,2024
Napoli,0.0,0.0,0.0,0.0,0.0,0.0,0.0,0.0,0.0,0.0,0.0,0.0,0.0,0.0,0.0,0.0,0.0,0.0,0.0,0.0,0.0,0.0,0.0,0.0,0.0,0.0,0.0,0.0,Lecce,0.0,0.0,0.0,0.0,0.0,0.0,0.0,0.0,0.0,0.0,0.0,0.0,0.0,0.0,0.0,0.0,0.0,0.0,0.0,0.0,0.0,0.0,0.0,0.0,0.0,0.0,0.0,0.0,679211,2024-05-26 16:00:00,2024
Atalanta,18.0,1.0,0.0,1.0,2.0,1.0,39.6,18.0,7.0,0.4,1.0,1.0,306.0,368.0,0.8,5.0,11.0,0.5,30.0,11.0,0.4,3.0,11.0,18.0,0.6,10.0,21.0,21.0,Torino,10.0,1.0,0.0,3.0,5.0,4.0,60.4,8.0,1.0,0.1,0.0,0.0,498.0,558.0,0.9,3.0,26.0,0.1,44.0,23.0,0.5,2.0,6.0,10.0,0.6,11.0,10.0,10.0,679210,2024-05-26 16:00:00,2024
Empoli,18.0,4.0,0.0,3.0,4.0,3.0,32.8,17.0,7.0,0.4,0.0,0.0,185.0,252.0,0.7,3.0,17.0,0.2,43.0,17.0,0.4,5.0,10.0,13.0,0.8,10.0,15.0,15.0,AS Roma,12.0,1.0,0.0,2.0,5.0,5.0,67.2,15.0,3.0,0.2,0.0,0.0,473.0,550.0,0.9,4.0,17.0,0.2,48.0,19.0,0.4,4.0,9.0,18.0,0.5,11.0,23.0,23.0,679217,2024-05-26 18:45:00,2024
Frosinone,6.0,0.0,0.0,0.0,11.0,4.0,58.3,21.0,5.0,0.2,0.0,0.0,296.0,373.0,0.8,5.0,18.0,0.3,46.0,19.0,0.4,8.0,11.0,18.0,0.6,3.0,16.0,16.0,Udinese,13.0,2.0,0.0,2.0,1.0,5.0,41.7,10.0,5.0,0.5,0.0,0.0,185.0,266.0,0.7,3.0,15.0,0.2,66.0,22.0,0.3,1.0,23.0,32.0,0.7,4.0,20.0,20.0,679216,2024-05-26 18:45:00,2024
Lazio,15.0,3.0,0.0,5.0,5.0,2.0,68.9,8.0,6.0,0.8,0.0,0.0,633.0,714.0,0.9,3.0,13.0,0.2,41.0,21.0,0.5,2.0,16.0,25.0,0.6,13.0,10.0,10.0,Sassuolo,11.0,1.0,0.0,0.0,3.0,5.0,31.1,8.0,3.0,0.4,0.0,0.0,241.0,308.0,0.8,4.0,13.0,0.3,38.0,16.0,0.4,1.0,9.0,14.0,0.6,17.0,14.0,14.0,679213,2024-05-26 18:45:00,2024
Hellas Verona,17.0,1.0,0.0,2.0,9.0,8.0,34.7,18.0,8.0,0.4,0.0,0.0,238.0,300.0,0.8,6.0,21.0,0.3,60.0,25.0,0.4,8.0,6.0,8.0,0.8,12.0,3.0,3.0,Internazionale,8.0,1.0,0.0,5.0,3.0,6.0,65.3,15.0,11.0,0.7,0.0,0.0,514.0,591.0,0.9,4.0,6.0,0.7,60.0,39.0,0.7,3.0,7.0,16.0,0.4,4.0,10.0,10.0,679214,2024-05-26 18:45:00,2024
Atalanta,5.0,0.0,0.0,5.0,4.0,1.0,53.8,12.0,3.0,0.3,0.0,0.0,393.0,480.0,0.8,7.0,21.0,0.3,51.0,31.0,0.6,1.0,11.0,13.0,0.8,7.0,13.0,13.0,Fiorentina,9.0,2.0,0.0,4.0,4.0,1.0,46.2,8.0,4.0,0.5,0.0,0.0,337.0,425.0,0.8,4.0,8.0,0.5,52.0,24.0,0.5,2.0,9.0,21.0,0.4,14.0,14.0,14.0,679120,2024-06-02 16:00:00,2024
Genoa,16.0,1.0,0.0,0.0,1.0,5.0,32.6,13.0,7.0,0.5,0.0,1.0,174.0,233.0,0.7,3.0,12.0,0.3,56.0,22.0,0.4,1.0,4.0,10.0,0.4,12.0,22.0,22.0,Internazionale,16.0,2.0,0.0,6.0,4.0,5.0,67.4,17.0,8.0,0.5,0.0,0.0,429.0,489.0,0.9,6.0,20.0,0.3,29.0,11.0,0.4,3.0,6.0,11.0,0.5,3.0,18.0,18.0,712116,2024-08-17 16:30:00,2024
Parma,15.0,3.0,0.0,1.0,4.0,6.0,39.0,14.0,6.0,0.4,0.0,0.0,199.0,265.0,0.8,1.0,11.0,0.1,47.0,19.0,0.4,4.0,7.0,16.0,0.4,8.0,28.0,28.0,Fiorentina,9.0,0.0,1.0,5.0,9.0,5.0,61.0,15.0,7.0,0.5,0.0,0.0,353.0,416.0,0.8,2.0,20.0,0.1,44.0,21.0,0.5,5.0,5.0,7.0,0.7,5.0,25.0,25.0,712122,2024-08-17 16:30:00,2024
Empoli,16.0,1.0,0.0,4.0,7.0,1.0,38.2,11.0,2.0,0.2,0.0,0.0,180.0,260.0,0.7,3.0,21.0,0.1,40.0,14.0,0.4,6.0,9.0,17.0,0.5,4.0,21.0,21.0,Monza,19.0,1.0,0.0,1.0,3.0,2.0,61.8,6.0,1.0,0.2,0.0,0.0,341.0,442.0,0.8,1.0,13.0,0.1,69.0,25.0,0.4,3.0,10.0,14.0,0.7,8.0,17.0,17.0,712115,2024-08-17 18:45:00,2024
AC Milan,10.0,3.0,0.0,2.0,10.0,2.0,55.7,26.0,6.0,0.2,0.0,0.0,453.0,493.0,0.9,12.0,39.0,0.3,27.0,21.0,0.8,10.0,6.0,8.0,0.8,4.0,8.0,8.0,Torino,7.0,5.0,0.0,1.0,2.0,3.0,44.3,7.0,3.0,0.4,0.0,0.0,358.0,411.0,0.9,2.0,10.0,0.2,57.0,30.0,0.5,1.0,3.0,8.0,0.4,2.0,30.0,30.0,712121,2024-08-17 18:45:00,2024
Hellas Verona,15.0,4.0,0.0,2.0,1.0,4.0,33.3,9.0,4.0,0.4,0.0,0.0,185.0,275.0,0.7,3.0,9.0,0.3,64.0,19.0,0.3,0.0,10.0,18.0,0.6,10.0,23.0,23.0,Napoli,13.0,1.0,0.0,0.0,5.0,1.0,66.7,14.0,4.0,0.3,0.0,0.0,460.0,546.0,0.8,6.0,17.0,0.4,30.0,12.0,0.4,2.0,6.0,8.0,0.8,5.0,7.0,7.0,712117,2024-08-18 16:30:00,2024
Bologna,17.0,0.0,0.0,1.0,9.0,1.0,73.5,22.0,7.0,0.3,1.0,1.0,493.0,562.0,0.9,8.0,31.0,0.3,51.0,37.0,0.7,7.0,9.0,16.0,0.6,3.0,15.0,15.0,Udinese,17.0,4.0,0.0,1.0,5.0,5.0,26.5,4.0,2.0,0.5,0.0,1.0,131.0,200.0,0.7,2.0,14.0,0.1,52.0,18.0,0.3,2.0,10.0,15.0,0.7,10.0,24.0,24.0,712113,2024-08-18 16:30:00,2024
Cagliari,15.0,2.0,0.0,3.0,5.0,3.0,42.8,13.0,2.0,0.2,0.0,0.0,258.0,333.0,0.8,3.0,16.0,0.2,68.0,33.0,0.5,3.0,6.0,13.0,0.5,15.0,26.0,26.0,AS Roma,7.0,0.0,0.0,2.0,3.0,2.0,57.2,15.0,3.0,0.2,0.0,0.0,364.0,446.0,0.8,7.0,22.0,0.3,48.0,25.0,0.5,5.0,3.0,9.0,0.3,8.0,15.0,15.0,712114,2024-08-18 18:45:00,2024
Lazio,14.0,1.0,0.0,0.0,6.0,2.0,67.3,13.0,6.0,0.5,1.0,1.0,542.0,596.0,0.9,7.0,26.0,0.3,56.0,41.0,0.7,2.0,12.0,13.0,0.9,7.0,13.0,13.0,Venezia,11.0,2.0,0.0,1.0,3.0,4.0,32.7,11.0,2.0,0.2,0.0,0.0,232.0,287.0,0.8,3.0,12.0,0.3,27.0,10.0,0.4,3.0,8.0,16.0,0.5,12.0,20.0,20.0,712119,2024-08-18 18:45:00,2024
Lecce,10.0,0.0,0.0,1.0,5.0,2.0,47.1,21.0,4.0,0.2,0.0,0.0,336.0,411.0,0.8,9.0,16.0,0.6,52.0,23.0,0.4,4.0,8.0,19.0,0.4,9.0,7.0,7.0,Atalanta,24.0,2.0,0.0,1.0,3.0,4.0,52.9,11.0,6.0,0.5,1.0,1.0,388.0,465.0,0.8,6.0,15.0,0.4,63.0,31.0,0.5,1.0,6.0,10.0,0.6,12.0,16.0,16.0,712120,2024-08-19 16:30:00,2024
Juventus,11.0,2.0,0.0,4.0,3.0,0.0,57.8,13.0,7.0,0.5,0.0,0.0,484.0,525.0,0.9,5.0,14.0,0.4,52.0,39.0,0.8,0.0,9.0,15.0,0.6,4.0,10.0,10.0,Como,12.0,4.0,0.0,1.0,0.0,3.0,42.2,3.0,0.0,0.0,0.0,0.0,338.0,382.0,0.9,1.0,12.0,0.1,28.0,12.0,0.4,2.0,4.0,7.0,0.6,4.0,9.0,9.0,712118,2024-08-19 18:45:00,2024
Udinese,15.0,2.0,1.0,2.0,4.0,3.0,34.5,8.0,3.0,0.4,0.0,0.0,190.0,260.0,0.7,2.0,12.0,0.2,51.0,26.0,0.5,1.0,11.0,18.0,0.6,9.0,35.0,35.0,Lazio,10.0,1.0,0.0,2.0,13.0,1.0,65.5,17.0,5.0,0.3,0.0,0.0,401.0,469.0,0.9,11.0,45.0,0.2,42.0,23.0,0.5,2.0,6.0,11.0,0.5,6.0,8.0,8.0,712128,2024-08-24 16:30:00,2024
Parma,9.0,0.0,0.0,2.0,4.0,4.0,39.2,9.0,5.0,0.6,0.0,0.0,310.0,371.0,0.8,0.0,2.0,0.0,52.0,23.0,0.4,1.0,11.0,17.0,0.6,8.0,29.0,29.0,AC Milan,13.0,3.0,0.0,0.0,9.0,3.0,60.8,17.0,5.0,0.3,0.0,0.0,487.0,551.0,0.9,5.0,27.0,0.2,26.0,11.0,0.4,3.0,14.0,19.0,0.7,11.0,6.0,6.0,712129,2024-08-24 16:30:00,2024
Monza,6.0,2.0,0.0,1.0,8.0,0.0,70.1,9.0,2.0,0.2,0.0,0.0,563.0,629.0,0.9,8.0,31.0,0.3,64.0,45.0,0.7,2.0,5.0,11.0,0.5,6.0,16.0,16.0,Genoa,17.0,3.0,0.0,1.0,3.0,2.0,29.9,11.0,1.0,0.1,0.0,0.0,213.0,265.0,0.8,3.0,16.0,0.2,46.0,25.0,0.5,3.0,7.0,12.0,0.6,3.0,22.0,22.0,712132,2024-08-24 18:45:00,2024
Internazionale,9.0,0.0,0.0,4.0,10.0,4.0,61.2,11.0,3.0,0.3,1.0,1.0,522.0,582.0,0.9,4.0,22.0,0.2,40.0,24.0,0.6,3.0,12.0,14.0,0.9,6.0,16.0,16.0,Lecce,12.0,2.0,0.0,0.0,6.0,1.0,38.8,10.0,4.0,0.4,0.0,0.0,316.0,366.0,0.9,3.0,18.0,0.2,38.0,15.0,0.4,2.0,8.0,11.0,0.7,3.0,23.0,23.0,712126,2024-08-24 18:45:00,2024
Fiorentina,13.0,1.0,0.0,1.0,7.0,5.0,54.7,14.0,8.0,0.6,0.0,0.0,364.0,437.0,0.8,1.0,17.0,0.1,59.0,22.0,0.4,2.0,11.0,19.0,0.6,6.0,10.0,10.0,Venezia,21.0,2.0,0.0,2.0,3.0,8.0,45.3,8.0,4.0,0.5,0.0,0.0,291.0,360.0,0.8,5.0,13.0,0.4,36.0,11.0,0.3,2.0,8.0,16.0,0.5,3.0,17.0,17.0,712124,2024-08-25 16:30:00,2024
Torino,11.0,3.0,0.0,1.0,4.0,8.0,42.0,13.0,7.0,0.5,0.0,0.0,274.0,342.0,0.8,2.0,9.0,0.2,58.0,32.0,0.6,2.0,10.0,13.0,0.8,11.0,23.0,23.0,Atalanta,14.0,4.0,0.0,0.0,6.0,4.0,58.0,25.0,9.0,0.4,0.0,1.0,398.0,461.0,0.9,10.0,26.0,0.4,38.0,19.0,0.5,4.0,5.0,8.0,0.6,6.0,10.0,10.0,712131,2024-08-25 16:30:00,2024
Napoli,11.0,2.0,0.0,1.0,7.0,2.0,38.9,16.0,5.0,0.3,0.0,0.0,263.0,339.0,0.8,3.0,12.0,0.3,40.0,13.0,0.3,7.0,13.0,22.0,0.6,6.0,19.0,19.0,Bologna,17.0,2.0,0.0,1.0,5.0,2.0,61.1,8.0,2.0,0.3,0.0,0.0,458.0,536.0,0.9,2.0,17.0,0.1,44.0,24.0,0.5,2.0,16.0,19.0,0.8,10.0,7.0,7.0,712127,2024-08-25 18:45:00,2024
AS Roma,10.0,0.0,0.0,0.0,8.0,2.0,72.8,27.0,7.0,0.3,0.0,0.0,547.0,614.0,0.9,13.0,35.0,0.4,27.0,11.0,0.4,10.0,9.0,12.0,0.8,6.0,4.0,4.0,Empoli,11.0,3.0,0.0,0.0,5.0,6.0,27.2,14.0,4.0,0.3,1.0,1.0,171.0,230.0,0.7,5.0,9.0,0.6,45.0,16.0,0.4,4.0,12.0,21.0,0.6,6.0,34.0,34.0,712130,2024-08-25 18:45:00,2024
Cagliari,12.0,2.0,0.0,1.0,5.0,3.0,46.9,11.0,5.0,0.5,0.0,0.0,273.0,362.0,0.8,4.0,22.0,0.2,58.0,26.0,0.4,2.0,5.0,14.0,0.4,3.0,33.0,33.0,Como,10.0,2.0,0.0,3.0,6.0,5.0,53.1,14.0,4.0,0.3,0.0,0.0,333.0,422.0,0.8,4.0,22.0,0.2,71.0,36.0,0.5,6.0,6.0,12.0,0.5,9.0,32.0,32.0,712123,2024-08-26 16:30:00,2024
Hellas Verona,8.0,1.0,0.0,1.0,4.0,2.0,39.6,7.0,1.0,0.1,0.0,0.0,331.0,387.0,0.9,0.0,20.0,0.0,36.0,20.0,0.6,5.0,8.0,14.0,0.6,8.0,9.0,9.0,Juventus,8.0,0.0,0.0,1.0,1.0,1.0,60.4,8.0,5.0,0.6,1.0,1.0,546.0,618.0,0.9,2.0,4.0,0.5,42.0,27.0,0.6,2.0,15.0,22.0,0.7,6.0,16.0,16.0,712125,2024-08-26 18:45:00,2024
Venezia,7.0,2.0,0.0,3.0,3.0,4.0,41.7,13.0,4.0,0.3,0.0,0.0,290.0,366.0,0.8,4.0,13.0,0.3,37.0,15.0,0.4,3.0,9.0,17.0,0.5,12.0,14.0,14.0,Torino,15.0,4.0,0.0,3.0,3.0,4.0,58.3,12.0,6.0,0.5,0.0,0.0,432.0,515.0,0.8,6.0,19.0,0.3,49.0,22.0,0.4,2.0,9.0,17.0,0.5,7.0,18.0,18.0,712142,2024-08-30 16:30:00,2024
Internazionale,6.0,0.0,0.0,5.0,3.0,1.0,54.6,13.0,4.0,0.3,0.0,0.0,461.0,510.0,0.9,6.0,11.0,0.5,35.0,17.0,0.5,4.0,9.0,17.0,0.5,3.0,20.0,20.0,Atalanta,15.0,2.0,0.0,1.0,4.0,1.0,45.4,11.0,1.0,0.1,0.0,0.0,369.0,413.0,0.9,4.0,19.0,0.2,24.0,9.0,0.4,4.0,9.0,13.0,0.7,5.0,10.0,10.0,712136,2024-08-30 18:45:00,2024
Bologna,15.0,0.0,0.0,2.0,6.0,1.0,68.0,14.0,3.0,0.2,0.0,0.0,509.0,601.0,0.8,8.0,27.0,0.3,64.0,42.0,0.7,2.0,7.0,15.0,0.5,5.0,8.0,8.0,Empoli,18.0,3.0,0.0,1.0,3.0,3.0,32.0,3.0,2.0,0.7,0.0,0.0,199.0,282.0,0.7,2.0,11.0,0.2,57.0,20.0,0.4,0.0,15.0,18.0,0.8,12.0,45.0,45.0,712133,2024-08-31 16:30:00,2024
Lecce,10.0,1.0,1.0,2.0,7.0,2.0,34.9,17.0,4.0,0.2,0.0,0.0,180.0,253.0,0.7,6.0,16.0,0.4,57.0,21.0,0.4,5.0,16.0,24.0,0.7,15.0,36.0,36.0,Cagliari,13.0,3.0,0.0,0.0,10.0,2.0,65.1,21.0,2.0,0.1,0.0,0.0,379.0,463.0,0.8,6.0,34.0,0.2,34.0,12.0,0.4,12.0,11.0,15.0,0.7,8.0,19.0,19.0,712139,2024-08-31 16:30:00,2024
Lazio,12.0,4.0,0.0,5.0,5.0,2.0,41.9,7.0,5.0,0.7,0.0,0.0,314.0,357.0,0.9,3.0,24.0,0.1,36.0,18.0,0.5,2.0,8.0,15.0,0.5,9.0,11.0,11.0,AC Milan,9.0,2.0,0.0,0.0,7.0,2.0,58.1,10.0,4.0,0.4,0.0,0.0,458.0,517.0,0.9,3.0,13.0,0.2,31.0,9.0,0.3,3.0,9.0,13.0,0.7,8.0,19.0,19.0,712138,2024-08-31 18:45:00,2024
Napoli,12.0,2.0,0.0,4.0,6.0,1.0,54.3,29.0,7.0,0.2,0.0,0.0,396.0,460.0,0.9,7.0,32.0,0.2,31.0,23.0,0.7,12.0,8.0,14.0,0.6,5.0,10.0,10.0,Parma,6.0,2.0,1.0,0.0,4.0,5.0,45.7,13.0,2.0,0.2,1.0,1.0,334.0,398.0,0.8,2.0,8.0,0.3,53.0,22.0,0.4,5.0,9.0,19.0,0.5,8.0,37.0,37.0,712140,2024-08-31 18:45:00,2024
Fiorentina,11.0,2.0,0.0,1.0,7.0,1.0,68.4,18.0,6.0,0.3,0.0,0.0,511.0,594.0,0.9,9.0,29.0,0.3,66.0,35.0,0.5,7.0,11.0,20.0,0.6,5.0,7.0,7.0,Monza,22.0,4.0,0.0,0.0,0.0,4.0,31.6,4.0,3.0,0.8,0.0,0.0,211.0,282.0,0.7,1.0,3.0,0.3,54.0,19.0,0.4,1.0,9.0,16.0,0.6,8.0,37.0,37.0,712134,2024-09-01 16:30:00,2024
Genoa,8.0,2.0,0.0,1.0,3.0,1.0,58.4,11.0,1.0,0.1,0.0,0.0,370.0,462.0,0.8,6.0,22.0,0.3,52.0,22.0,0.4,3.0,8.0,14.0,0.6,4.0,17.0,17.0,Hellas Verona,16.0,6.0,0.0,1.0,1.0,1.0,41.6,10.0,3.0,0.3,1.0,1.0,244.0,330.0,0.7,2.0,14.0,0.1,56.0,18.0,0.3,2.0,9.0,19.0,0.5,6.0,26.0,26.0,712135,2024-09-01 16:30:00,2024
Udinese,16.0,3.0,0.0,2.0,4.0,4.0,43.8,10.0,3.0,0.3,0.0,0.0,321.0,390.0,0.8,6.0,12.0,0.5,49.0,23.0,0.5,2.0,12.0,22.0,0.5,11.0,21.0,21.0,Como,9.0,0.0,0.0,1.0,6.0,1.0,56.2,21.0,4.0,0.2,0.0,1.0,417.0,491.0,0.8,8.0,25.0,0.3,42.0,20.0,0.5,7.0,19.0,26.0,0.7,11.0,20.0,20.0,712141,2024-09-01 18:45:00,2024
Juventus,11.0,1.0,0.0,3.0,6.0,1.0,49.6,8.0,1.0,0.1,0.0,0.0,426.0,475.0,0.9,4.0,18.0,0.2,29.0,12.0,0.4,3.0,7.0,12.0,0.6,6.0,20.0,20.0,AS Roma,12.0,2.0,0.0,0.0,4.0,1.0,50.4,7.0,1.0,0.1,0.0,0.0,429.0,487.0,0.9,2.0,17.0,0.1,30.0,13.0,0.4,4.0,7.0,14.0,0.5,5.0,20.0,20.0,712137,2024-09-01 18:45:00,2024
Como,17.0,2.0,0.0,2.0,4.0,2.0,44.1,14.0,4.0,0.3,0.0,0.0,305.0,375.0,0.8,4.0,14.0,0.3,47.0,19.0,0.4,4.0,15.0,23.0,0.7,8.0,21.0,21.0,Bologna,12.0,1.0,0.0,4.0,4.0,3.0,55.9,14.0,4.0,0.3,0.0,0.0,398.0,470.0,0.8,5.0,17.0,0.3,52.0,33.0,0.6,5.0,13.0,21.0,0.6,5.0,7.0,7.0,712145,2024-09-14 13:00:00,2024
Empoli,11.0,1.0,0.0,0.0,4.0,3.0,34.1,8.0,3.0,0.4,0.0,0.0,265.0,340.0,0.8,3.0,9.0,0.3,45.0,14.0,0.3,2.0,14.0,24.0,0.6,5.0,21.0,21.0,Juventus,10.0,2.0,0.0,0.0,8.0,3.0,65.9,15.0,3.0,0.2,0.0,0.0,593.0,653.0,0.9,5.0,20.0,0.3,39.0,20.0,0.5,6.0,9.0,16.0,0.6,4.0,5.0,5.0,712146,2024-09-14 16:00:00,2024
AC Milan,12.0,1.0,0.0,0.0,6.0,1.0,62.0,12.0,8.0,0.7,2.0,2.0,523.0,571.0,0.9,3.0,15.0,0.2,38.0,28.0,0.7,2.0,7.0,16.0,0.4,6.0,18.0,18.0,Venezia,12.0,1.0,1.0,2.0,1.0,4.0,38.0,6.0,1.0,0.2,0.0,0.0,285.0,338.0,0.8,2.0,10.0,0.2,39.0,15.0,0.4,1.0,12.0,16.0,0.8,5.0,18.0,18.0,712149,2024-09-14 18:45:00,2024
Genoa,9.0,1.0,0.0,1.0,4.0,4.0,48.7,20.0,8.0,0.4,0.0,0.0,320.0,382.0,0.8,9.0,32.0,0.3,37.0,14.0,0.4,6.0,15.0,25.0,0.6,10.0,13.0,13.0,AS Roma,12.0,3.0,0.0,1.0,5.0,6.0,51.3,16.0,6.0,0.4,0.0,0.0,350.0,421.0,0.8,6.0,13.0,0.5,47.0,24.0,0.5,2.0,11.0,19.0,0.6,10.0,27.0,27.0,712147,2024-09-15 10:30:00,2024
Torino,13.0,1.0,0.0,1.0,2.0,6.0,53.2,5.0,0.0,0.0,0.0,0.0,378.0,453.0,0.8,1.0,21.0,0.0,38.0,18.0,0.5,1.0,2.0,8.0,0.3,10.0,19.0,19.0,Lecce,13.0,3.0,0.0,0.0,7.0,0.0,46.8,20.0,6.0,0.3,0.0,0.0,321.0,397.0,0.8,8.0,22.0,0.4,68.0,31.0,0.5,2.0,3.0,7.0,0.4,8.0,18.0,18.0,712152,2024-09-15 13:00:00,2024
Atalanta,16.0,2.0,0.0,2.0,5.0,4.0,51.3,13.0,7.0,0.5,0.0,0.0,337.0,418.0,0.8,6.0,14.0,0.4,57.0,26.0,0.5,1.0,8.0,14.0,0.6,5.0,15.0,15.0,Fiorentina,15.0,3.0,0.0,4.0,2.0,4.0,48.7,13.0,5.0,0.4,0.0,0.0,308.0,397.0,0.8,3.0,13.0,0.2,61.0,26.0,0.4,3.0,10.0,17.0,0.6,7.0,20.0,20.0,712143,2024-09-15 13:00:00,2024
Cagliari,22.0,1.0,0.0,2.0,7.0,1.0,51.6,19.0,5.0,0.3,0.0,0.0,341.0,423.0,0.8,9.0,32.0,0.3,49.0,21.0,0.4,4.0,10.0,19.0,0.5,5.0,18.0,18.0,Napoli,11.0,2.0,0.0,4.0,4.0,5.0,48.4,13.0,5.0,0.4,0.0,0.0,336.0,415.0,0.8,3.0,13.0,0.2,37.0,12.0,0.3,5.0,15.0,24.0,0.6,10.0,34.0,34.0,712144,2024-09-15 16:00:00,2024
Monza,11.0,1.0,0.0,1.0,1.0,1.0,39.9,5.0,2.0,0.4,0.0,0.0,338.0,402.0,0.8,3.0,13.0,0.2,48.0,25.0,0.5,1.0,7.0,13.0,0.5,12.0,28.0,28.0,Internazionale,19.0,2.0,0.0,2.0,8.0,1.0,60.1,16.0,2.0,0.1,0.0,0.0,531.0,594.0,0.9,8.0,28.0,0.3,24.0,12.0,0.5,4.0,6.0,15.0,0.4,4.0,8.0,8.0,712150,2024-09-15 18:45:00,2024
Cagliari,15.0,1.0,0.0,0.0,10.0,2.0,61.1,21.0,4.0,0.2,0.0,0.0,354.0,454.0,0.8,8.0,32.0,0.3,82.0,43.0,0.5,5.0,10.0,16.0,0.6,8.0,21.0,21.0,Empoli,21.0,2.0,0.0,2.0,4.0,2.0,38.9,9.0,4.0,0.4,0.0,0.0,198.0,293.0,0.7,3.0,14.0,0.2,56.0,16.0,0.3,2.0,6.0,12.0,0.5,8.0,49.0,49.0,712154,2024-09-20 16:30:00,2024
Hellas Verona,10.0,3.0,1.0,0.0,5.0,0.0,29.7,8.0,2.0,0.3,0.0,0.0,228.0,312.0,0.7,1.0,15.0,0.1,57.0,15.0,0.3,2.0,8.0,13.0,0.6,12.0,16.0,16.0,Torino,8.0,0.0,0.0,3.0,6.0,0.0,70.3,16.0,3.0,0.2,0.0,1.0,671.0,751.0,0.9,7.0,21.0,0.3,48.0,31.0,0.6,7.0,5.0,14.0,0.4,8.0,13.0,13.0,712156,2024-09-20 18:45:00,2024
Venezia,9.0,2.0,0.0,0.0,3.0,0.0,48.7,12.0,4.0,0.3,0.0,1.0,290.0,374.0,0.8,3.0,10.0,0.3,54.0,24.0,0.4,3.0,7.0,12.0,0.6,4.0,13.0,13.0,Genoa,12.0,3.0,0.0,7.0,4.0,2.0,51.3,9.0,0.0,0.0,0.0,0.0,323.0,398.0,0.8,6.0,13.0,0.5,45.0,19.0,0.4,6.0,10.0,16.0,0.6,15.0,19.0,19.0,712162,2024-09-21 13:00:00,2024
Juventus,10.0,1.0,0.0,0.0,4.0,2.0,64.6,9.0,1.0,0.1,0.0,0.0,621.0,667.0,0.9,3.0,19.0,0.2,35.0,20.0,0.6,4.0,9.0,14.0,0.6,8.0,4.0,4.0,Napoli,13.0,0.0,0.0,2.0,4.0,1.0,35.4,8.0,1.0,0.1,0.0,0.0,313.0,361.0,0.9,4.0,12.0,0.3,29.0,20.0,0.7,5.0,7.0,17.0,0.4,7.0,16.0,16.0,712158,2024-09-21 16:00:00,2024
Lecce,12.0,4.0,1.0,4.0,2.0,8.0,38.0,14.0,3.0,0.2,0.0,0.0,259.0,323.0,0.8,0.0,12.0,0.0,44.0,21.0,0.5,5.0,12.0,23.0,0.5,11.0,21.0,21.0,Parma,11.0,0.0,1.0,1.0,12.0,1.0,62.0,25.0,10.0,0.4,0.0,0.0,457.0,533.0,0.9,3.0,14.0,0.2,34.0,18.0,0.5,12.0,10.0,18.0,0.6,10.0,7.0,7.0,712159,2024-09-21 18:45:00,2024
Fiorentina,11.0,3.0,0.0,0.0,3.0,5.0,46.2,14.0,5.0,0.4,2.0,2.0,303.0,355.0,0.9,10.0,14.0,0.7,42.0,26.0,0.6,0.0,7.0,11.0,0.6,6.0,29.0,29.0,Lazio,15.0,4.0,0.0,1.0,10.0,3.0,53.8,20.0,6.0,0.3,0.0,0.0,360.0,404.0,0.9,7.0,29.0,0.2,52.0,31.0,0.6,7.0,8.0,12.0,0.7,5.0,12.0,12.0,712155,2024-09-22 10:30:00,2024
Monza,20.0,3.0,0.0,1.0,2.0,6.0,42.2,6.0,3.0,0.5,0.0,0.0,311.0,391.0,0.8,2.0,13.0,0.2,54.0,23.0,0.4,0.0,10.0,20.0,0.5,13.0,10.0,10.0,Bologna,16.0,2.0,0.0,1.0,2.0,2.0,57.8,15.0,8.0,0.5,0.0,0.0,466.0,539.0,0.9,3.0,14.0,0.2,44.0,21.0,0.5,4.0,8.0,17.0,0.5,4.0,14.0,14.0,712160,2024-09-22 13:00:00,2024
AS Roma,15.0,2.0,0.0,4.0,2.0,2.0,62.0,16.0,8.0,0.5,1.0,1.0,495.0,570.0,0.9,5.0,12.0,0.4,43.0,16.0,0.4,4.0,8.0,10.0,0.8,7.0,11.0,11.0,Udinese,11.0,2.0,0.0,1.0,1.0,5.0,38.0,9.0,2.0,0.2,0.0,0.0,277.0,349.0,0.8,2.0,6.0,0.3,46.0,19.0,0.4,3.0,11.0,13.0,0.8,11.0,15.0,15.0,712161,2024-09-22 16:00:00,2024
Internazionale,13.0,4.0,0.0,2.0,6.0,6.0,56.1,13.0,4.0,0.3,0.0,0.0,448.0,504.0,0.9,10.0,24.0,0.4,39.0,20.0,0.5,5.0,7.0,11.0,0.6,7.0,16.0,16.0,AC Milan,4.0,1.0,0.0,0.0,2.0,3.0,43.9,16.0,8.0,0.5,0.0,0.0,338.0,398.0,0.8,5.0,14.0,0.4,42.0,19.0,0.5,3.0,7.0,10.0,0.7,10.0,17.0,17.0,712157,2024-09-22 18:45:00,2024
Atalanta,0.0,0.0,0.0,0.0,0.0,0.0,0.0,0.0,0.0,0.0,0.0,0.0,0.0,0.0,0.0,0.0,0.0,0.0,0.0,0.0,0.0,0.0,0.0,0.0,0.0,0.0,0.0,0.0,Como,0.0,0.0,0.0,0.0,0.0,0.0,0.0,0.0,0.0,0.0,0.0,0.0,0.0,0.0,0.0,0.0,0.0,0.0,0.0,0.0,0.0,0.0,0.0,0.0,0.0,0.0,0.0,0.0,712153,2024-09-24 18:45:00,2024
AC Milan,5.0,1.0,1.0,0.0,4.0,7.0,56.9,15.0,6.0,0.4,0.0,0.0,457.0,498.0,0.9,3.0,17.0,0.2,33.0,24.0,0.7,2.0,8.0,16.0,0.5,3.0,10.0,10.0,Lecce,8.0,1.0,0.0,4.0,8.0,3.0,43.1,16.0,7.0,0.4,0.0,0.0,331.0,372.0,0.9,7.0,18.0,0.4,41.0,25.0,0.6,3.0,8.0,14.0,0.6,2.0,11.0,11.0,712172,2024-09-27 18:45:00,2024
Udinese,13.0,1.0,0.0,0.0,7.0,4.0,39.7,9.0,3.0,0.3,0.0,0.0,327.0,383.0,0.9,7.0,23.0,0.3,50.0,30.0,0.6,5.0,5.0,10.0,0.5,4.0,14.0,14.0,Internazionale,6.0,0.0,0.0,3.0,3.0,1.0,60.3,16.0,7.0,0.4,0.0,0.0,538.0,600.0,0.9,11.0,20.0,0.6,67.0,45.0,0.7,3.0,10.0,15.0,0.7,6.0,24.0,24.0,712168,2024-09-28 13:00:00,2024
Genoa,8.0,2.0,0.0,0.0,5.0,1.0,34.2,7.0,2.0,0.3,0.0,0.0,264.0,326.0,0.8,4.0,13.0,0.3,44.0,23.0,0.5,4.0,5.0,12.0,0.4,13.0,19.0,19.0,Juventus,14.0,1.0,0.0,0.0,3.0,2.0,65.8,12.0,3.0,0.3,1.0,1.0,575.0,633.0,0.9,5.0,18.0,0.3,25.0,14.0,0.6,2.0,6.0,16.0,0.4,3.0,11.0,11.0,712166,2024-09-28 16:00:00,2024
Bologna,16.0,3.0,1.0,3.0,2.0,3.0,35.7,5.0,1.0,0.2,0.0,0.0,224.0,297.0,0.8,1.0,7.0,0.1,61.0,27.0,0.4,3.0,11.0,17.0,0.6,7.0,32.0,32.0,Atalanta,12.0,3.0,0.0,1.0,9.0,0.0,64.3,23.0,5.0,0.2,0.0,0.0,453.0,524.0,0.9,4.0,25.0,0.2,32.0,15.0,0.5,7.0,12.0,18.0,0.7,10.0,14.0,14.0,712163,2024-09-28 18:45:00,2024
Torino,10.0,2.0,0.0,0.0,3.0,4.0,57.9,12.0,7.0,0.6,0.0,0.0,409.0,483.0,0.8,7.0,27.0,0.3,56.0,31.0,0.6,1.0,12.0,21.0,0.6,7.0,20.0,20.0,Lazio,13.0,3.0,0.0,1.0,2.0,5.0,42.1,13.0,7.0,0.5,0.0,0.0,276.0,357.0,0.8,5.0,14.0,0.4,57.0,20.0,0.4,1.0,11.0,15.0,0.7,10.0,22.0,22.0,712171,2024-09-29 10:30:00,2024
AS Roma,8.0,1.0,0.0,2.0,6.0,5.0,69.3,22.0,5.0,0.2,0.0,0.0,496.0,579.0,0.9,12.0,27.0,0.4,43.0,21.0,0.5,7.0,8.0,12.0,0.7,5.0,22.0,22.0,Venezia,13.0,2.0,0.0,1.0,3.0,3.0,30.7,18.0,7.0,0.4,0.0,0.0,186.0,251.0,0.7,2.0,16.0,0.1,47.0,20.0,0.4,6.0,9.0,18.0,0.5,4.0,35.0,35.0,712170,2024-09-29 13:00:00,2024
Como,10.0,2.0,0.0,2.0,9.0,1.0,71.6,24.0,11.0,0.5,0.0,0.0,512.0,577.0,0.9,8.0,22.0,0.4,41.0,20.0,0.5,6.0,12.0,15.0,0.8,7.0,7.0,7.0,Hellas Verona,19.0,3.0,1.0,1.0,1.0,8.0,28.4,6.0,3.0,0.5,1.0,1.0,168.0,233.0,0.7,0.0,4.0,0.0,44.0,8.0,0.2,1.0,8.0,17.0,0.5,10.0,18.0,18.0,712164,2024-09-29 13:00:00,2024
Empoli,15.0,0.0,0.0,1.0,2.0,0.0,37.1,8.0,1.0,0.1,0.0,0.0,235.0,311.0,0.8,1.0,11.0,0.1,45.0,20.0,0.4,3.0,13.0,24.0,0.5,10.0,19.0,19.0,Fiorentina,12.0,1.0,0.0,1.0,4.0,1.0,62.9,13.0,0.0,0.0,0.0,0.0,455.0,534.0,0.9,5.0,17.0,0.3,90.0,52.0,0.6,7.0,11.0,16.0,0.7,10.0,11.0,11.0,712165,2024-09-29 16:00:00,2024
Napoli,16.0,1.0,0.0,0.0,1.0,1.0,48.9,11.0,2.0,0.2,0.0,0.0,477.0,529.0,0.9,2.0,7.0,0.3,32.0,20.0,0.6,3.0,4.0,8.0,0.5,5.0,13.0,13.0,Monza,8.0,2.0,0.0,0.0,4.0,0.0,51.1,5.0,1.0,0.2,0.0,0.0,500.0,548.0,0.9,1.0,12.0,0.1,43.0,25.0,0.6,2.0,11.0,15.0,0.7,11.0,11.0,11.0,712167,2024-09-29 18:45:00,2024
Parma,10.0,3.0,0.0,1.0,5.0,1.0,61.3,18.0,4.0,0.2,1.0,1.0,483.0,566.0,0.9,5.0,15.0,0.3,48.0,19.0,0.4,4.0,5.0,10.0,0.5,4.0,16.0,16.0,Cagliari,16.0,2.0,0.0,4.0,3.0,2.0,38.7,12.0,4.0,0.3,0.0,0.0,266.0,351.0,0.8,4.0,14.0,0.3,51.0,18.0,0.4,1.0,5.0,13.0,0.4,11.0,18.0,18.0,712169,2024-09-30 18:45:00,2024
Napoli,7.0,1.0,0.0,2.0,4.0,1.0,40.4,9.0,6.0,0.7,1.0,1.0,364.0,424.0,0.9,1.0,8.0,0.1,36.0,22.0,0.6,3.0,11.0,12.0,0.9,8.0,11.0,11.0,Como,10.0,1.0,0.0,0.0,1.0,3.0,59.6,11.0,2.0,0.2,0.0,0.0,572.0,632.0,0.9,0.0,7.0,0.0,43.0,32.0,0.7,1.0,10.0,17.0,0.6,10.0,15.0,15.0,712182,2024-10-04 16:30:00,2024
Hellas Verona,10.0,3.0,0.0,1.0,13.0,2.0,50.4,20.0,3.0,0.2,0.0,0.0,280.0,361.0,0.8,11.0,33.0,0.3,59.0,28.0,0.5,7.0,11.0,16.0,0.7,7.0,28.0,28.0,Venezia,5.0,0.0,0.0,0.0,6.0,2.0,49.6,14.0,2.0,0.1,0.0,0.0,289.0,366.0,0.8,5.0,20.0,0.3,38.0,15.0,0.4,4.0,10.0,16.0,0.6,5.0,20.0,20.0,712179,2024-10-04 18:45:00,2024
Atalanta,9.0,0.0,0.0,1.0,4.0,1.0,62.8,23.0,8.0,0.3,1.0,1.0,518.0,579.0,0.9,6.0,18.0,0.3,43.0,26.0,0.6,6.0,7.0,10.0,0.7,15.0,12.0,12.0,Genoa,15.0,0.0,0.0,1.0,2.0,3.0,37.2,7.0,2.0,0.3,0.0,0.0,277.0,342.0,0.8,6.0,10.0,0.6,33.0,16.0,0.5,3.0,14.0,17.0,0.8,8.0,30.0,30.0,712177,2024-10-05 16:00:00,2024
Internazionale,6.0,1.0,0.0,2.0,14.0,3.0,79.9,29.0,8.0,0.3,0.0,0.0,687.0,737.0,0.9,10.0,44.0,0.2,39.0,28.0,0.7,8.0,5.0,15.0,0.3,8.0,9.0,9.0,Torino,9.0,2.0,1.0,1.0,0.0,5.0,20.1,7.0,5.0,0.7,1.0,1.0,127.0,188.0,0.7,1.0,6.0,0.2,40.0,16.0,0.4,1.0,5.0,8.0,0.6,6.0,44.0,44.0,712178,2024-10-05 18:45:00,2024
Juventus,13.0,3.0,1.0,1.0,8.0,1.0,73.4,21.0,9.0,0.4,1.0,1.0,654.0,704.0,0.9,4.0,25.0,0.2,31.0,19.0,0.6,5.0,13.0,18.0,0.7,4.0,8.0,8.0,Cagliari,10.0,2.0,0.0,1.0,3.0,8.0,26.6,9.0,2.0,0.2,1.0,1.0,190.0,240.0,0.8,4.0,22.0,0.2,29.0,13.0,0.4,3.0,6.0,8.0,0.8,8.0,27.0,27.0,712174,2024-10-06 10:30:00,2024
Bologna,15.0,1.0,0.0,3.0,13.0,2.0,70.9,19.0,3.0,0.2,0.0,0.0,493.0,570.0,0.9,9.0,32.0,0.3,44.0,22.0,0.5,7.0,8.0,18.0,0.4,4.0,8.0,8.0,Parma,16.0,0.0,1.0,0.0,6.0,3.0,29.1,13.0,2.0,0.2,0.0,0.0,161.0,235.0,0.7,4.0,10.0,0.4,54.0,13.0,0.2,6.0,8.0,13.0,0.6,10.0,26.0,26.0,712176,2024-10-06 13:00:00,2024
Lazio,10.0,2.0,0.0,1.0,5.0,1.0,59.0,16.0,6.0,0.4,0.0,1.0,360.0,419.0,0.9,8.0,32.0,0.3,38.0,20.0,0.5,2.0,22.0,30.0,0.7,5.0,18.0,18.0,Empoli,17.0,4.0,0.0,1.0,3.0,4.0,41.0,7.0,2.0,0.3,0.0,0.0,220.0,297.0,0.7,6.0,15.0,0.4,45.0,13.0,0.3,2.0,7.0,15.0,0.5,5.0,27.0,27.0,712180,2024-10-06 13:00:00,2024
Monza,16.0,3.0,0.0,1.0,1.0,4.0,34.3,3.0,3.0,1.0,0.0,0.0,234.0,310.0,0.8,3.0,14.0,0.2,55.0,31.0,0.6,0.0,5.0,17.0,0.3,11.0,23.0,23.0,AS Roma,13.0,1.0,0.0,1.0,3.0,2.0,65.7,15.0,4.0,0.3,0.0,0.0,519.0,595.0,0.9,3.0,22.0,0.1,39.0,16.0,0.4,4.0,11.0,21.0,0.5,5.0,18.0,18.0,712181,2024-10-06 16:00:00,2024
Fiorentina,11.0,2.0,0.0,4.0,0.0,7.0,39.9,12.0,3.0,0.3,0.0,1.0,236.0,297.0,0.8,1.0,14.0,0.1,47.0,15.0,0.3,1.0,7.0,16.0,0.4,8.0,28.0,28.0,AC Milan,21.0,3.0,1.0,0.0,7.0,1.0,60.1,16.0,8.0,0.5,0.0,2.0,379.0,440.0,0.9,9.0,26.0,0.3,30.0,18.0,0.6,3.0,9.0,10.0,0.9,10.0,13.0,13.0,712175,2024-10-06 18:45:00,2024
Como,14.0,1.0,0.0,7.0,7.0,2.0,61.1,12.0,3.0,0.3,0.0,0.0,510.0,585.0,0.9,4.0,20.0,0.2,43.0,24.0,0.6,5.0,11.0,18.0,0.6,10.0,17.0,17.0,Parma,10.0,2.0,0.0,2.0,4.0,2.0,38.9,9.0,3.0,0.3,0.0,0.0,300.0,367.0,0.8,0.0,11.0,0.0,52.0,25.0,0.5,0.0,5.0,9.0,0.6,10.0,15.0,15.0,712186,2024-10-19 13:00:00,2024
Genoa,20.0,2.0,0.0,3.0,1.0,5.0,38.0,10.0,4.0,0.4,0.0,0.0,187.0,271.0,0.7,3.0,13.0,0.2,51.0,13.0,0.3,4.0,10.0,17.0,0.6,5.0,20.0,20.0,Bologna,12.0,0.0,0.0,3.0,7.0,2.0,62.0,12.0,7.0,0.6,0.0,0.0,367.0,450.0,0.8,4.0,17.0,0.2,58.0,23.0,0.4,4.0,7.0,11.0,0.6,5.0,14.0,14.0,712189,2024-10-19 13:00:00,2024
AC Milan,3.0,2.0,1.0,3.0,8.0,1.0,44.0,10.0,5.0,0.5,0.0,0.0,278.0,335.0,0.8,3.0,13.0,0.2,48.0,19.0,0.4,4.0,4.0,8.0,0.5,3.0,30.0,30.0,Udinese,14.0,3.0,0.0,3.0,4.0,4.0,56.0,13.0,1.0,0.1,0.0,0.0,362.0,406.0,0.9,11.0,35.0,0.3,39.0,20.0,0.5,1.0,7.0,12.0,0.6,5.0,18.0,18.0,712190,2024-10-19 16:00:00,2024
Juventus,16.0,4.0,0.0,2.0,7.0,1.0,69.4,16.0,3.0,0.2,0.0,0.0,546.0,604.0,0.9,11.0,31.0,0.4,52.0,39.0,0.8,3.0,10.0,16.0,0.6,4.0,9.0,9.0,Lazio,9.0,2.0,1.0,0.0,1.0,3.0,30.6,2.0,1.0,0.5,0.0,0.0,209.0,268.0,0.8,2.0,9.0,0.2,50.0,20.0,0.4,1.0,4.0,7.0,0.6,6.0,25.0,25.0,712192,2024-10-19 18:45:00,2024
Empoli,14.0,2.0,0.0,1.0,7.0,0.0,50.1,11.0,4.0,0.4,0.0,0.0,330.0,393.0,0.8,2.0,19.0,0.1,48.0,23.0,0.5,5.0,13.0,20.0,0.7,10.0,11.0,11.0,Napoli,13.0,2.0,0.0,0.0,7.0,4.0,49.9,9.0,1.0,0.1,1.0,1.0,339.0,400.0,0.8,3.0,11.0,0.3,51.0,25.0,0.5,4.0,12.0,18.0,0.7,6.0,21.0,21.0,712185,2024-10-20 10:30:00,2024
Lecce,8.0,0.0,1.0,0.0,1.0,5.0,38.8,5.0,2.0,0.4,0.0,0.0,279.0,353.0,0.8,4.0,11.0,0.4,60.0,27.0,0.5,1.0,7.0,16.0,0.4,5.0,15.0,15.0,Fiorentina,14.0,5.0,0.0,2.0,3.0,2.0,61.2,19.0,11.0,0.6,0.0,0.0,509.0,567.0,0.9,3.0,13.0,0.2,46.0,24.0,0.5,4.0,7.0,14.0,0.5,5.0,17.0,17.0,712191,2024-10-20 13:00:00,2024
Venezia,12.0,1.0,0.0,2.0,2.0,5.0,42.4,12.0,4.0,0.3,0.0,0.0,291.0,370.0,0.8,1.0,10.0,0.1,40.0,17.0,0.4,1.0,8.0,15.0,0.5,7.0,19.0,19.0,Atalanta,6.0,1.0,0.0,2.0,5.0,4.0,57.6,16.0,7.0,0.4,0.0,0.0,412.0,503.0,0.8,3.0,13.0,0.2,75.0,33.0,0.4,1.0,11.0,12.0,0.9,8.0,17.0,17.0,712188,2024-10-20 13:00:00,2024
Cagliari,9.0,1.0,0.0,0.0,9.0,3.0,41.7,17.0,4.0,0.2,0.0,0.0,284.0,335.0,0.8,9.0,22.0,0.4,52.0,25.0,0.5,6.0,7.0,13.0,0.5,8.0,35.0,35.0,Torino,8.0,3.0,0.0,2.0,12.0,2.0,58.3,17.0,5.0,0.3,0.0,0.0,413.0,471.0,0.9,7.0,27.0,0.3,36.0,18.0,0.5,4.0,6.0,11.0,0.5,2.0,23.0,23.0,712187,2024-10-20 16:00:00,2024
AS Roma,12.0,2.0,0.0,0.0,3.0,5.0,55.4,14.0,3.0,0.2,0.0,0.0,422.0,487.0,0.9,9.0,20.0,0.5,44.0,21.0,0.5,6.0,8.0,14.0,0.6,5.0,10.0,10.0,Internazionale,13.0,3.0,0.0,1.0,3.0,3.0,44.6,11.0,6.0,0.5,0.0,0.0,334.0,400.0,0.8,3.0,10.0,0.3,52.0,31.0,0.6,1.0,10.0,14.0,0.7,8.0,15.0,15.0,712184,2024-10-20 18:45:00,2024
Hellas Verona,8.0,3.0,0.0,1.0,9.0,1.0,58.6,16.0,4.0,0.3,0.0,0.0,398.0,479.0,0.8,7.0,30.0,0.2,41.0,15.0,0.4,4.0,14.0,18.0,0.8,6.0,10.0,10.0,Monza,13.0,2.0,0.0,1.0,6.0,4.0,41.4,10.0,4.0,0.4,0.0,0.0,279.0,348.0,0.8,2.0,14.0,0.1,48.0,29.0,0.6,3.0,4.0,16.0,0.3,7.0,32.0,32.0,712183,2024-10-21 18:45:00,2024
Udinese,14.0,2.0,0.0,2.0,2.0,0.0,64.1,13.0,4.0,0.3,0.0,0.0,484.0,531.0,0.9,5.0,17.0,0.3,45.0,30.0,0.7,2.0,12.0,15.0,0.8,8.0,13.0,13.0,Cagliari,9.0,1.0,1.0,1.0,4.0,2.0,35.9,3.0,0.0,0.0,0.0,0.0,235.0,294.0,0.8,2.0,11.0,0.2,40.0,14.0,0.4,0.0,12.0,15.0,0.8,3.0,21.0,21.0,712201,2024-10-25 16:30:00,2024
Torino,13.0,3.0,0.0,3.0,1.0,6.0,31.4,8.0,2.0,0.3,0.0,0.0,212.0,281.0,0.8,2.0,15.0,0.1,54.0,18.0,0.3,3.0,6.0,16.0,0.4,10.0,24.0,24.0,Como,12.0,3.0,0.0,1.0,3.0,1.0,68.6,20.0,6.0,0.3,0.0,0.0,551.0,626.0,0.9,2.0,19.0,0.1,44.0,26.0,0.6,8.0,10.0,18.0,0.6,6.0,19.0,19.0,712202,2024-10-25 18:45:00,2024
Napoli,13.0,3.0,0.0,1.0,16.0,1.0,64.8,24.0,8.0,0.3,0.0,0.0,425.0,495.0,0.9,8.0,27.0,0.3,27.0,17.0,0.6,9.0,7.0,11.0,0.6,8.0,16.0,16.0,Lecce,7.0,2.0,0.0,0.0,5.0,7.0,35.2,11.0,2.0,0.2,0.0,0.0,198.0,272.0,0.7,2.0,10.0,0.2,46.0,16.0,0.3,5.0,12.0,19.0,0.6,10.0,29.0,29.0,712199,2024-10-26 13:00:00,2024
Atalanta,3.0,0.0,0.0,1.0,4.0,1.0,69.0,19.0,10.0,0.5,0.0,0.0,713.0,784.0,0.9,3.0,11.0,0.3,30.0,13.0,0.4,3.0,10.0,15.0,0.7,6.0,8.0,8.0,Hellas Verona,15.0,1.0,0.0,2.0,2.0,4.0,31.0,4.0,2.0,0.5,0.0,0.0,273.0,351.0,0.8,2.0,7.0,0.3,52.0,20.0,0.4,0.0,15.0,26.0,0.6,10.0,15.0,15.0,712194,2024-10-26 18:45:00,2024
Parma,12.0,4.0,0.0,1.0,9.0,1.0,60.4,17.0,4.0,0.2,0.0,1.0,455.0,528.0,0.9,4.0,19.0,0.2,42.0,22.0,0.5,5.0,9.0,15.0,0.6,8.0,13.0,13.0,Empoli,17.0,5.0,0.0,2.0,3.0,3.0,39.6,5.0,1.0,0.2,0.0,0.0,279.0,350.0,0.8,1.0,12.0,0.1,48.0,19.0,0.4,0.0,10.0,15.0,0.7,8.0,27.0,27.0,712193,2024-10-27 11:30:00,2024
Lazio,12.0,3.0,0.0,1.0,7.0,2.0,61.1,18.0,4.0,0.2,0.0,0.0,487.0,552.0,0.9,9.0,24.0,0.4,44.0,26.0,0.6,4.0,7.0,13.0,0.5,8.0,21.0,21.0,Genoa,6.0,1.0,0.0,0.0,4.0,2.0,38.9,6.0,2.0,0.3,0.0,0.0,277.0,353.0,0.8,3.0,14.0,0.2,46.0,27.0,0.6,0.0,11.0,19.0,0.6,4.0,26.0,26.0,712196,2024-10-27 14:00:00,2024
Monza,17.0,2.0,1.0,0.0,4.0,0.0,46.1,13.0,2.0,0.2,0.0,0.0,273.0,347.0,0.8,9.0,23.0,0.4,55.0,28.0,0.5,3.0,13.0,20.0,0.7,11.0,18.0,18.0,Venezia,16.0,2.0,0.0,1.0,3.0,0.0,53.9,6.0,2.0,0.3,0.0,0.0,335.0,415.0,0.8,5.0,15.0,0.3,48.0,23.0,0.5,2.0,6.0,10.0,0.6,4.0,24.0,24.0,712195,2024-10-27 14:00:00,2024
Internazionale,11.0,2.0,0.0,0.0,13.0,1.0,47.2,18.0,9.0,0.5,2.0,2.0,328.0,384.0,0.9,5.0,21.0,0.2,37.0,18.0,0.5,5.0,4.0,7.0,0.6,6.0,13.0,13.0,Juventus,16.0,2.0,0.0,0.0,5.0,5.0,52.8,10.0,5.0,0.5,0.0,0.0,391.0,444.0,0.9,2.0,12.0,0.2,62.0,47.0,0.8,2.0,4.0,6.0,0.7,5.0,17.0,17.0,712197,2024-10-27 17:00:00,2024
Fiorentina,13.0,2.0,0.0,2.0,6.0,4.0,39.0,21.0,10.0,0.5,1.0,1.0,303.0,344.0,0.9,6.0,14.0,0.4,36.0,22.0,0.6,3.0,9.0,18.0,0.5,4.0,21.0,21.0,AS Roma,11.0,3.0,1.0,2.0,2.0,6.0,61.0,14.0,5.0,0.4,0.0,0.0,503.0,547.0,0.9,2.0,17.0,0.1,33.0,24.0,0.7,8.0,8.0,8.0,1.0,4.0,11.0,11.0,712198,2024-10-27 19:45:00,2024
Cagliari,17.0,2.0,0.0,1.0,7.0,2.0,42.1,14.0,2.0,0.1,0.0,0.0,273.0,365.0,0.7,5.0,16.0,0.3,56.0,20.0,0.4,5.0,9.0,16.0,0.6,8.0,18.0,18.0,Bologna,18.0,2.0,0.0,1.0,2.0,3.0,57.9,11.0,4.0,0.4,0.0,0.0,436.0,513.0,0.9,2.0,13.0,0.2,63.0,34.0,0.5,3.0,7.0,12.0,0.6,5.0,23.0,23.0,712212,2024-10-29 17:30:00,2024
Lecce,14.0,1.0,0.0,2.0,3.0,1.0,57.6,14.0,6.0,0.4,0.0,0.0,383.0,442.0,0.9,5.0,21.0,0.2,55.0,33.0,0.6,4.0,8.0,15.0,0.5,7.0,18.0,18.0,Hellas Verona,21.0,1.0,2.0,0.0,4.0,5.0,42.4,7.0,1.0,0.1,0.0,0.0,253.0,335.0,0.8,0.0,7.0,0.0,55.0,21.0,0.4,2.0,13.0,19.0,0.7,5.0,23.0,23.0,712209,2024-10-29 17:30:00,2024
AC Milan,14.0,0.0,0.0,3.0,5.0,2.0,61.3,13.0,5.0,0.4,0.0,0.0,501.0,560.0,0.9,5.0,19.0,0.3,33.0,24.0,0.7,2.0,17.0,25.0,0.7,6.0,8.0,8.0,Napoli,6.0,1.0,0.0,2.0,1.0,5.0,38.7,9.0,4.0,0.4,0.0,0.0,308.0,359.0,0.9,0.0,6.0,0.0,41.0,24.0,0.6,1.0,13.0,19.0,0.7,10.0,31.0,31.0,712210,2024-10-29 19:45:00,2024
Venezia,9.0,3.0,0.0,3.0,2.0,3.0,57.3,18.0,7.0,0.4,2.0,2.0,384.0,466.0,0.8,2.0,14.0,0.1,29.0,9.0,0.3,6.0,11.0,17.0,0.6,9.0,18.0,18.0,Udinese,13.0,4.0,1.0,0.0,6.0,4.0,42.7,15.0,5.0,0.3,0.0,0.0,263.0,342.0,0.8,5.0,17.0,0.3,57.0,23.0,0.4,2.0,9.0,17.0,0.5,6.0,26.0,26.0,712203,2024-10-30 17:30:00,2024
Empoli,12.0,1.0,1.0,3.0,1.0,3.0,22.1,6.0,1.0,0.2,0.0,0.0,162.0,213.0,0.8,4.0,7.0,0.6,48.0,16.0,0.3,4.0,6.0,10.0,0.6,9.0,33.0,33.0,Internazionale,13.0,1.0,0.0,1.0,4.0,1.0,77.9,15.0,5.0,0.3,0.0,0.0,686.0,758.0,0.9,7.0,26.0,0.3,42.0,29.0,0.7,4.0,11.0,14.0,0.8,3.0,5.0,5.0,712205,2024-10-30 17:30:00,2024
Atalanta,14.0,2.0,0.0,0.0,5.0,3.0,53.7,16.0,6.0,0.4,0.0,0.0,450.0,524.0,0.9,3.0,19.0,0.2,51.0,29.0,0.6,7.0,11.0,17.0,0.6,6.0,14.0,14.0,Monza,11.0,3.0,0.0,1.0,1.0,3.0,46.3,4.0,3.0,0.8,0.0,0.0,379.0,464.0,0.8,0.0,5.0,0.0,61.0,27.0,0.4,0.0,11.0,20.0,0.6,11.0,24.0,24.0,712207,2024-10-30 19:45:00,2024
Juventus,7.0,2.0,0.0,3.0,10.0,3.0,61.4,24.0,6.0,0.3,0.0,0.0,538.0,596.0,0.9,8.0,24.0,0.3,23.0,15.0,0.7,8.0,11.0,17.0,0.6,7.0,11.0,11.0,Parma,5.0,0.0,0.0,2.0,6.0,2.0,38.6,13.0,5.0,0.4,0.0,0.0,317.0,380.0,0.8,4.0,9.0,0.4,51.0,26.0,0.5,5.0,9.0,11.0,0.8,10.0,26.0,26.0,712208,2024-10-30 19:45:00,2024
Genoa,13.0,4.0,0.0,1.0,4.0,3.0,32.0,14.0,4.0,0.3,0.0,0.0,161.0,229.0,0.7,3.0,22.0,0.1,49.0,19.0,0.4,4.0,11.0,20.0,0.6,2.0,18.0,18.0,Fiorentina,10.0,2.0,0.0,2.0,4.0,4.0,68.0,12.0,4.0,0.3,0.0,0.0,455.0,520.0,0.9,5.0,18.0,0.3,47.0,27.0,0.6,6.0,3.0,3.0,1.0,6.0,30.0,30.0,712204,2024-10-31 17:30:00,2024
AS Roma,11.0,2.0,0.0,2.0,3.0,2.0,57.3,9.0,3.0,0.3,0.0,0.0,507.0,578.0,0.9,5.0,17.0,0.3,40.0,16.0,0.4,5.0,8.0,13.0,0.6,10.0,14.0,14.0,Torino,15.0,2.0,0.0,0.0,5.0,2.0,42.7,4.0,2.0,0.5,0.0,0.0,343.0,427.0,0.8,3.0,14.0,0.2,47.0,19.0,0.4,2.0,7.0,9.0,0.8,8.0,17.0,17.0,712211,2024-10-31 19:45:00,2024
Como,14.0,0.0,1.0,1.0,3.0,3.0,50.8,14.0,2.0,0.1,0.0,0.0,352.0,418.0,0.8,5.0,17.0,0.3,37.0,17.0,0.5,5.0,11.0,17.0,0.6,6.0,19.0,19.0,Lazio,18.0,3.0,1.0,2.0,5.0,1.0,49.2,14.0,7.0,0.5,1.0,1.0,341.0,408.0,0.8,6.0,15.0,0.4,59.0,34.0,0.6,3.0,5.0,8.0,0.6,8.0,12.0,12.0,712206,2024-10-31 19:45:00,2024
Bologna,9.0,2.0,0.0,1.0,9.0,0.0,72.2,20.0,4.0,0.2,0.0,0.0,493.0,553.0,0.9,13.0,34.0,0.4,40.0,26.0,0.7,6.0,12.0,17.0,0.7,4.0,11.0,11.0,Lecce,14.0,2.0,0.0,0.0,1.0,4.0,27.8,6.0,0.0,0.0,0.0,0.0,148.0,219.0,0.7,2.0,7.0,0.3,61.0,27.0,0.4,2.0,24.0,34.0,0.7,3.0,33.0,33.0,712216,2024-11-02 14:00:00,2024
Udinese,12.0,2.0,0.0,1.0,10.0,4.0,38.4,11.0,2.0,0.2,0.0,0.0,264.0,318.0,0.8,4.0,22.0,0.2,38.0,24.0,0.6,6.0,4.0,9.0,0.4,5.0,12.0,12.0,Juventus,14.0,2.0,0.0,3.0,3.0,2.0,61.6,11.0,5.0,0.5,0.0,0.0,472.0,537.0,0.9,2.0,13.0,0.2,48.0,21.0,0.4,3.0,14.0,21.0,0.7,9.0,22.0,22.0,712217,2024-11-02 17:00:00,2024
Monza,0.0,0.0,0.0,0.0,0.0,0.0,0.0,0.0,0.0,0.0,0.0,0.0,0.0,0.0,0.0,0.0,0.0,0.0,0.0,0.0,0.0,0.0,0.0,0.0,0.0,0.0,0.0,0.0,AC Milan,0.0,0.0,0.0,0.0,0.0,0.0,0.0,0.0,0.0,0.0,0.0,0.0,0.0,0.0,0.0,0.0,0.0,0.0,0.0,0.0,0.0,0.0,0.0,0.0,0.0,0.0,0.0,0.0,712218,2024-11-02 19:45:00,2024
Napoli,10.0,2.0,0.0,1.0,4.0,0.0,50.2,13.0,3.0,0.2,0.0,0.0,478.0,540.0,0.9,5.0,18.0,0.3,37.0,23.0,0.6,5.0,9.0,17.0,0.5,10.0,9.0,9.0,Atalanta,8.0,2.0,0.0,3.0,3.0,3.0,49.8,12.0,3.0,0.3,0.0,0.0,469.0,545.0,0.9,3.0,7.0,0.4,39.0,18.0,0.5,2.0,11.0,25.0,0.4,8.0,18.0,18.0,712219,2024-11-03 11:30:00,2024
Torino,16.0,2.0,0.0,3.0,1.0,2.0,53.0,9.0,1.0,0.1,0.0,0.0,434.0,497.0,0.9,4.0,12.0,0.3,50.0,25.0,0.5,2.0,5.0,9.0,0.6,7.0,10.0,10.0,Fiorentina,12.0,1.0,0.0,2.0,3.0,1.0,47.0,8.0,3.0,0.4,0.0,0.0,378.0,442.0,0.9,3.0,13.0,0.2,56.0,27.0,0.5,2.0,13.0,17.0,0.8,7.0,17.0,17.0,712221,2024-11-03 14:00:00,2024
Hellas Verona,16.0,2.0,1.0,1.0,2.0,1.0,34.0,7.0,3.0,0.4,0.0,0.0,218.0,314.0,0.7,1.0,4.0,0.3,66.0,23.0,0.3,2.0,10.0,15.0,0.7,11.0,28.0,28.0,AS Roma,11.0,2.0,0.0,7.0,2.0,0.0,66.0,14.0,3.0,0.2,0.0,0.0,504.0,605.0,0.8,3.0,12.0,0.3,46.0,19.0,0.4,5.0,9.0,16.0,0.6,7.0,11.0,11.0,712214,2024-11-03 17:00:00,2024
Internazionale,15.0,2.0,0.0,3.0,9.0,2.0,57.1,19.0,8.0,0.4,0.0,0.0,418.0,489.0,0.9,9.0,25.0,0.4,44.0,25.0,0.6,6.0,3.0,13.0,0.2,7.0,12.0,12.0,Venezia,15.0,1.0,0.0,1.0,3.0,7.0,42.9,7.0,2.0,0.3,0.0,0.0,299.0,370.0,0.8,2.0,15.0,0.1,49.0,22.0,0.4,2.0,5.0,8.0,0.6,7.0,26.0,26.0,712213,2024-11-03 19:45:00,2024
Empoli,17.0,1.0,0.0,1.0,3.0,2.0,40.6,9.0,4.0,0.4,0.0,0.0,244.0,320.0,0.8,3.0,13.0,0.2,63.0,22.0,0.3,1.0,7.0,12.0,0.6,12.0,24.0,24.0,Como,9.0,0.0,0.0,1.0,6.0,3.0,59.4,12.0,2.0,0.2,0.0,0.0,388.0,464.0,0.8,4.0,23.0,0.2,43.0,22.0,0.5,4.0,15.0,19.0,0.8,10.0,16.0,16.0,712215,2024-11-04 17:30:00,2024
Parma,5.0,2.0,0.0,0.0,3.0,6.0,54.9,13.0,0.0,0.0,0.0,0.0,355.0,456.0,0.8,2.0,13.0,0.2,54.0,20.0,0.4,4.0,9.0,21.0,0.4,2.0,22.0,22.0,Genoa,18.0,5.0,0.0,2.0,7.0,0.0,45.1,15.0,7.0,0.5,0.0,0.0,271.0,354.0,0.8,10.0,30.0,0.3,62.0,25.0,0.4,1.0,10.0,17.0,0.6,10.0,20.0,20.0,712220,2024-11-04 17:30:00,2024
Lazio,12.0,3.0,0.0,0.0,2.0,0.0,54.1,20.0,5.0,0.3,1.0,1.0,415.0,466.0,0.9,4.0,19.0,0.2,29.0,14.0,0.5,5.0,13.0,20.0,0.7,2.0,15.0,15.0,Cagliari,17.0,4.0,2.0,1.0,3.0,2.0,45.9,6.0,1.0,0.2,0.0,0.0,330.0,388.0,0.9,2.0,19.0,0.1,42.0,22.0,0.5,4.0,6.0,12.0,0.5,2.0,21.0,21.0,712222,2024-11-04 19:45:00,2024
Genoa,17.0,4.0,0.0,4.0,9.0,7.0,41.5,8.0,4.0,0.5,0.0,0.0,218.0,301.0,0.7,6.0,25.0,0.2,61.0,31.0,0.5,1.0,10.0,17.0,0.6,11.0,25.0,25.0,Como,15.0,3.0,0.0,4.0,5.0,3.0,58.5,18.0,8.0,0.4,0.0,0.0,374.0,448.0,0.8,1.0,13.0,0.1,59.0,29.0,0.5,5.0,4.0,8.0,0.5,10.0,29.0,29.0,712229,2024-11-07 19:45:00,2024
Lecce,7.0,0.0,0.0,1.0,4.0,5.0,58.7,18.0,3.0,0.2,0.0,0.0,365.0,444.0,0.8,9.0,28.0,0.3,55.0,25.0,0.5,2.0,6.0,13.0,0.5,6.0,15.0,15.0,Empoli,24.0,3.0,0.0,1.0,3.0,2.0,41.3,11.0,6.0,0.5,0.0,0.0,231.0,319.0,0.7,2.0,13.0,0.2,55.0,8.0,0.1,3.0,15.0,28.0,0.5,8.0,26.0,26.0,712231,2024-11-08 19:45:00,2024
Venezia,9.0,1.0,0.0,5.0,6.0,1.0,67.1,12.0,6.0,0.5,0.0,0.0,496.0,577.0,0.9,8.0,35.0,0.2,44.0,22.0,0.5,2.0,11.0,17.0,0.6,12.0,13.0,13.0,Parma,10.0,2.0,0.0,1.0,6.0,5.0,32.9,10.0,3.0,0.3,0.0,0.0,207.0,288.0,0.7,1.0,12.0,0.1,56.0,17.0,0.3,3.0,11.0,14.0,0.8,10.0,25.0,25.0,712224,2024-11-09 14:00:00,2024
Cagliari,7.0,0.0,0.0,8.0,6.0,3.0,45.2,16.0,7.0,0.4,0.0,0.0,350.0,400.0,0.9,7.0,24.0,0.3,37.0,21.0,0.6,4.0,1.0,9.0,0.1,7.0,16.0,16.0,AC Milan,11.0,2.0,0.0,3.0,3.0,3.0,54.8,13.0,6.0,0.5,0.0,0.0,454.0,507.0,0.9,4.0,11.0,0.4,39.0,20.0,0.5,2.0,2.0,10.0,0.2,3.0,19.0,19.0,712232,2024-11-09 17:00:00,2024
Juventus,7.0,1.0,0.0,0.0,5.0,1.0,54.7,13.0,4.0,0.3,0.0,0.0,416.0,476.0,0.9,3.0,12.0,0.3,46.0,24.0,0.5,6.0,10.0,16.0,0.6,9.0,15.0,15.0,Torino,14.0,3.0,0.0,1.0,5.0,2.0,45.3,6.0,1.0,0.2,0.0,0.0,320.0,389.0,0.8,3.0,15.0,0.2,47.0,31.0,0.7,3.0,8.0,12.0,0.7,8.0,13.0,13.0,712230,2024-11-09 19:45:00,2024
Atalanta,10.0,1.0,0.0,2.0,4.0,5.0,54.0,10.0,3.0,0.3,0.0,0.0,327.0,425.0,0.8,5.0,21.0,0.2,52.0,22.0,0.4,3.0,11.0,14.0,0.8,7.0,22.0,22.0,Udinese,13.0,1.0,0.0,0.0,5.0,2.0,46.0,11.0,6.0,0.5,0.0,0.0,271.0,365.0,0.7,3.0,17.0,0.2,60.0,23.0,0.4,2.0,7.0,17.0,0.4,12.0,23.0,23.0,712226,2024-11-10 11:30:00,2024
Fiorentina,1.0,1.0,0.0,6.0,8.0,1.0,60.8,11.0,6.0,0.5,0.0,0.0,347.0,415.0,0.8,2.0,21.0,0.1,62.0,33.0,0.5,1.0,7.0,18.0,0.4,3.0,12.0,12.0,Hellas Verona,19.0,2.0,0.0,3.0,3.0,3.0,39.2,8.0,2.0,0.3,0.0,0.0,192.0,268.0,0.7,5.0,12.0,0.4,53.0,14.0,0.3,3.0,11.0,21.0,0.5,8.0,32.0,32.0,712228,2024-11-10 14:00:00,2024
AS Roma,16.0,2.0,0.0,1.0,4.0,1.0,53.8,15.0,5.0,0.3,0.0,0.0,323.0,416.0,0.8,4.0,15.0,0.3,59.0,25.0,0.4,5.0,8.0,16.0,0.5,10.0,8.0,8.0,Bologna,21.0,3.0,0.0,0.0,3.0,3.0,46.2,15.0,4.0,0.3,0.0,0.0,280.0,359.0,0.8,2.0,8.0,0.3,62.0,25.0,0.4,8.0,3.0,5.0,0.6,10.0,16.0,16.0,712223,2024-11-10 14:00:00,2024
Monza,13.0,5.0,0.0,1.0,6.0,4.0,51.3,12.0,2.0,0.2,0.0,0.0,426.0,476.0,0.9,10.0,30.0,0.3,36.0,22.0,0.6,3.0,7.0,10.0,0.7,10.0,16.0,16.0,Lazio,10.0,1.0,0.0,0.0,6.0,2.0,48.7,14.0,6.0,0.4,0.0,0.0,402.0,461.0,0.9,1.0,18.0,0.1,35.0,20.0,0.6,1.0,14.0,18.0,0.8,8.0,20.0,20.0,712227,2024-11-10 17:00:00,2024
Internazionale,15.0,1.0,0.0,3.0,4.0,1.0,53.2,13.0,4.0,0.3,0.0,1.0,420.0,494.0,0.9,3.0,20.0,0.2,52.0,32.0,0.6,5.0,9.0,16.0,0.6,13.0,9.0,9.0,Napoli,12.0,0.0,0.0,1.0,2.0,3.0,46.8,5.0,2.0,0.4,0.0,0.0,353.0,439.0,0.8,3.0,11.0,0.3,58.0,35.0,0.6,1.0,9.0,14.0,0.6,8.0,21.0,21.0,712225,2024-11-10 19:45:00,2024
Hellas Verona,14.0,2.0,0.0,2.0,4.0,2.0,30.5,9.0,2.0,0.2,0.0,0.0,295.0,343.0,0.9,3.0,10.0,0.3,35.0,17.0,0.5,5.0,10.0,13.0,0.8,3.0,22.0,22.0,Internazionale,5.0,1.0,0.0,0.0,2.0,2.0,69.5,12.0,7.0,0.6,0.0,0.0,747.0,795.0,0.9,3.0,15.0,0.2,54.0,40.0,0.7,0.0,6.0,13.0,0.5,3.0,11.0,11.0,712236,2024-11-23 14:00:00,2024
AC Milan,9.0,3.0,0.0,0.0,2.0,2.0,43.8,6.0,1.0,0.2,0.0,0.0,338.0,388.0,0.9,3.0,17.0,0.2,36.0,27.0,0.8,1.0,15.0,24.0,0.6,5.0,6.0,6.0,Juventus,12.0,2.0,0.0,0.0,4.0,1.0,56.2,7.0,2.0,0.3,0.0,0.0,456.0,514.0,0.9,1.0,6.0,0.2,44.0,22.0,0.5,3.0,12.0,22.0,0.5,1.0,11.0,11.0,712240,2024-11-23 17:00:00,2024
Parma,6.0,0.0,0.0,0.0,2.0,3.0,45.2,9.0,3.0,0.3,0.0,0.0,428.0,513.0,0.8,0.0,6.0,0.0,48.0,27.0,0.6,3.0,4.0,9.0,0.4,10.0,16.0,16.0,Atalanta,8.0,2.0,0.0,6.0,5.0,2.0,54.8,15.0,6.0,0.4,0.0,0.0,519.0,609.0,0.9,10.0,25.0,0.4,50.0,22.0,0.4,4.0,7.0,19.0,0.4,10.0,10.0,10.0,712234,2024-11-23 19:45:00,2024
Genoa,11.0,2.0,0.0,2.0,6.0,4.0,52.1,20.0,6.0,0.3,0.0,0.0,365.0,439.0,0.8,6.0,19.0,0.3,45.0,22.0,0.5,6.0,12.0,22.0,0.5,10.0,22.0,22.0,Cagliari,7.0,2.0,0.0,1.0,8.0,4.0,47.9,17.0,6.0,0.4,2.0,2.0,324.0,404.0,0.8,6.0,24.0,0.3,39.0,12.0,0.3,3.0,7.0,10.0,0.7,8.0,26.0,26.0,712237,2024-11-24 11:30:00,2024
Como,11.0,2.0,1.0,0.0,3.0,2.0,57.1,10.0,4.0,0.4,0.0,0.0,433.0,509.0,0.9,5.0,17.0,0.3,34.0,20.0,0.6,1.0,12.0,17.0,0.7,4.0,18.0,18.0,Fiorentina,15.0,1.0,0.0,3.0,4.0,4.0,42.9,8.0,4.0,0.5,0.0,0.0,312.0,382.0,0.8,2.0,13.0,0.2,53.0,32.0,0.6,2.0,12.0,12.0,1.0,9.0,24.0,24.0,712239,2024-11-24 14:00:00,2024
Torino,17.0,1.0,0.0,2.0,7.0,5.0,54.6,12.0,5.0,0.4,0.0,0.0,406.0,484.0,0.8,5.0,23.0,0.2,50.0,22.0,0.4,5.0,9.0,12.0,0.8,5.0,9.0,9.0,Monza,13.0,2.0,0.0,0.0,3.0,3.0,45.4,9.0,6.0,0.7,0.0,0.0,327.0,408.0,0.8,5.0,15.0,0.3,55.0,21.0,0.4,0.0,8.0,14.0,0.6,9.0,24.0,24.0,712242,2024-11-24 14:00:00,2024
Napoli,8.0,0.0,0.0,1.0,8.0,1.0,63.4,14.0,2.0,0.1,0.0,0.0,564.0,626.0,0.9,5.0,25.0,0.2,46.0,34.0,0.7,3.0,5.0,8.0,0.6,9.0,19.0,19.0,AS Roma,9.0,3.0,0.0,2.0,2.0,1.0,36.6,6.0,1.0,0.2,0.0,0.0,290.0,367.0,0.8,2.0,9.0,0.2,50.0,15.0,0.3,1.0,12.0,21.0,0.6,7.0,24.0,24.0,712233,2024-11-24 17:00:00,2024
Lazio,14.0,3.0,0.0,2.0,3.0,1.0,69.9,13.0,4.0,0.3,0.0,0.0,541.0,616.0,0.9,2.0,23.0,0.1,52.0,32.0,0.6,4.0,4.0,9.0,0.4,14.0,7.0,7.0,Bologna,14.0,1.0,1.0,0.0,0.0,1.0,30.1,3.0,1.0,0.3,0.0,0.0,197.0,265.0,0.7,1.0,4.0,0.3,43.0,13.0,0.3,0.0,4.0,7.0,0.6,10.0,34.0,34.0,712241,2024-11-24 19:45:00,2024
Empoli,8.0,3.0,0.0,1.0,1.0,2.0,30.1,4.0,2.0,0.5,0.0,0.0,194.0,280.0,0.7,0.0,8.0,0.0,60.0,20.0,0.3,1.0,13.0,20.0,0.7,9.0,48.0,48.0,Udinese,13.0,2.0,0.0,0.0,8.0,1.0,69.9,16.0,3.0,0.2,0.0,0.0,549.0,640.0,0.9,7.0,38.0,0.2,69.0,42.0,0.6,6.0,8.0,12.0,0.7,5.0,5.0,5.0,712238,2024-11-25 17:30:00,2024
Venezia,12.0,1.0,0.0,2.0,6.0,1.0,61.0,16.0,6.0,0.4,0.0,0.0,438.0,528.0,0.8,4.0,20.0,0.2,49.0,19.0,0.4,3.0,6.0,10.0,0.6,9.0,10.0,10.0,Lecce,16.0,4.0,0.0,1.0,2.0,6.0,39.0,7.0,2.0,0.3,0.0,0.0,265.0,340.0,0.8,3.0,11.0,0.3,68.0,30.0,0.4,1.0,11.0,26.0,0.4,5.0,43.0,43.0,712235,2024-11-25 19:45:00,2024
Cagliari,10.0,1.0,0.0,2.0,7.0,2.0,63.5,19.0,5.0,0.3,0.0,0.0,411.0,497.0,0.8,8.0,23.0,0.3,50.0,24.0,0.5,6.0,10.0,18.0,0.6,3.0,13.0,13.0,Hellas Verona,12.0,2.0,0.0,3.0,1.0,4.0,36.5,11.0,2.0,0.2,0.0,0.0,195.0,287.0,0.7,3.0,13.0,0.2,63.0,15.0,0.2,3.0,20.0,26.0,0.8,4.0,41.0,41.0,712251,2024-11-29 19:45:00,2024
Como,16.0,3.0,0.0,0.0,11.0,2.0,54.3,17.0,3.0,0.2,0.0,0.0,376.0,449.0,0.8,6.0,19.0,0.3,47.0,16.0,0.3,7.0,9.0,19.0,0.5,3.0,15.0,15.0,Monza,11.0,0.0,0.0,0.0,4.0,2.0,45.7,9.0,3.0,0.3,1.0,1.0,301.0,371.0,0.8,5.0,18.0,0.3,52.0,31.0,0.6,0.0,4.0,10.0,0.4,6.0,22.0,22.0,712252,2024-11-30 14:00:00,2024
AC Milan,12.0,2.0,0.0,0.0,7.0,0.0,55.7,20.0,4.0,0.2,0.0,0.0,419.0,470.0,0.9,3.0,17.0,0.2,43.0,27.0,0.6,11.0,14.0,18.0,0.8,4.0,16.0,16.0,Empoli,16.0,2.0,0.0,3.0,3.0,1.0,44.3,9.0,0.0,0.0,0.0,0.0,326.0,371.0,0.9,3.0,14.0,0.2,30.0,13.0,0.4,4.0,11.0,21.0,0.5,12.0,18.0,18.0,712250,2024-11-30 17:00:00,2024
Bologna,14.0,0.0,0.0,2.0,1.0,1.0,61.1,16.0,9.0,0.6,2.0,2.0,423.0,491.0,0.9,4.0,14.0,0.3,58.0,31.0,0.5,2.0,14.0,23.0,0.6,7.0,10.0,10.0,Venezia,15.0,2.0,0.0,0.0,0.0,6.0,38.9,5.0,1.0,0.2,0.0,0.0,247.0,313.0,0.8,3.0,8.0,0.4,43.0,18.0,0.4,2.0,8.0,14.0,0.6,11.0,20.0,20.0,712245,2024-11-30 19:45:00,2024
Udinese,13.0,2.0,1.0,0.0,6.0,2.0,46.4,4.0,2.0,0.5,0.0,0.0,337.0,402.0,0.8,0.0,16.0,0.0,52.0,28.0,0.5,2.0,8.0,16.0,0.5,9.0,17.0,17.0,Genoa,11.0,3.0,0.0,4.0,4.0,2.0,53.6,14.0,4.0,0.3,0.0,0.0,414.0,469.0,0.9,5.0,17.0,0.3,60.0,38.0,0.6,5.0,16.0,27.0,0.6,8.0,21.0,21.0,712246,2024-12-01 11:30:00,2024
Torino,15.0,4.0,0.0,1.0,4.0,5.0,48.0,5.0,1.0,0.2,0.0,0.0,372.0,450.0,0.8,3.0,20.0,0.2,53.0,20.0,0.4,2.0,8.0,16.0,0.5,13.0,14.0,14.0,Napoli,9.0,1.0,0.0,4.0,7.0,1.0,52.0,16.0,6.0,0.4,0.0,0.0,423.0,486.0,0.9,7.0,16.0,0.4,45.0,23.0,0.5,4.0,5.0,8.0,0.6,9.0,23.0,23.0,712247,2024-12-01 14:00:00,2024
Parma,17.0,4.0,0.0,0.0,4.0,5.0,28.1,12.0,4.0,0.3,0.0,0.0,157.0,232.0,0.7,1.0,3.0,0.3,49.0,15.0,0.3,2.0,12.0,20.0,0.6,13.0,41.0,41.0,Lazio,13.0,3.0,0.0,2.0,10.0,1.0,71.9,23.0,8.0,0.3,0.0,0.0,489.0,560.0,0.9,11.0,44.0,0.3,58.0,32.0,0.6,6.0,13.0,18.0,0.7,9.0,3.0,3.0,712249,2024-12-01 14:00:00,2024
Lecce,8.0,1.0,0.0,1.0,2.0,2.0,38.1,10.0,6.0,0.6,0.0,0.0,306.0,357.0,0.9,6.0,18.0,0.3,42.0,31.0,0.7,2.0,7.0,15.0,0.5,7.0,21.0,21.0,Juventus,9.0,4.0,0.0,1.0,7.0,5.0,61.9,14.0,3.0,0.2,0.0,0.0,527.0,588.0,0.9,3.0,15.0,0.2,34.0,18.0,0.5,9.0,9.0,15.0,0.6,4.0,13.0,13.0,712243,2024-12-01 19:45:00,2024
AS Roma,17.0,2.0,0.0,1.0,2.0,5.0,48.4,5.0,1.0,0.2,0.0,0.0,370.0,450.0,0.8,4.0,11.0,0.4,52.0,21.0,0.4,0.0,8.0,15.0,0.5,13.0,19.0,19.0,Atalanta,13.0,3.0,0.0,1.0,4.0,1.0,51.6,18.0,7.0,0.4,0.0,0.0,390.0,469.0,0.8,9.0,23.0,0.4,59.0,33.0,0.6,2.0,6.0,9.0,0.7,4.0,13.0,13.0,712248,2024-12-02 19:45:00,2024
Internazionale,8.0,1.0,0.0,4.0,10.0,1.0,56.7,18.0,5.0,0.3,0.0,0.0,443.0,505.0,0.9,6.0,21.0,0.3,29.0,14.0,0.5,6.0,10.0,18.0,0.6,6.0,5.0,5.0,Parma,3.0,1.0,0.0,2.0,1.0,2.0,43.3,4.0,1.0,0.3,0.0,0.0,334.0,396.0,0.8,1.0,3.0,0.3,45.0,19.0,0.4,0.0,9.0,10.0,0.9,4.0,25.0,25.0,712257,2024-12-06 17:30:00,2024
Atalanta,14.0,2.0,0.0,0.0,7.0,1.0,51.6,17.0,8.0,0.5,0.0,0.0,430.0,486.0,0.9,4.0,23.0,0.2,43.0,21.0,0.5,5.0,6.0,11.0,0.5,11.0,4.0,4.0,AC Milan,13.0,0.0,0.0,2.0,0.0,6.0,48.4,6.0,2.0,0.3,0.0,0.0,419.0,476.0,0.9,0.0,3.0,0.0,35.0,17.0,0.5,1.0,7.0,11.0,0.6,9.0,21.0,21.0,712254,2024-12-06 19:45:00,2024
Genoa,12.0,2.0,0.0,1.0,4.0,3.0,51.6,5.0,1.0,0.2,0.0,0.0,346.0,433.0,0.8,3.0,18.0,0.2,50.0,19.0,0.4,1.0,14.0,20.0,0.7,7.0,38.0,38.0,Torino,15.0,1.0,0.0,0.0,4.0,1.0,48.4,10.0,3.0,0.3,0.0,0.0,299.0,393.0,0.8,5.0,27.0,0.2,54.0,22.0,0.4,3.0,9.0,19.0,0.5,5.0,17.0,17.0,712256,2024-12-07 14:00:00,2024
Juventus,18.0,3.0,0.0,0.0,1.0,2.0,54.2,10.0,3.0,0.3,0.0,0.0,354.0,439.0,0.8,1.0,10.0,0.1,44.0,18.0,0.4,4.0,9.0,21.0,0.4,6.0,12.0,12.0,Bologna,14.0,4.0,0.0,0.0,4.0,1.0,45.8,10.0,4.0,0.4,0.0,0.0,285.0,368.0,0.8,3.0,13.0,0.2,63.0,29.0,0.5,2.0,10.0,19.0,0.5,16.0,18.0,18.0,712259,2024-12-07 17:00:00,2024
AS Roma,5.0,2.0,0.0,3.0,8.0,0.0,59.6,23.0,9.0,0.4,0.0,0.0,468.0,535.0,0.9,6.0,16.0,0.4,54.0,27.0,0.5,9.0,15.0,24.0,0.6,8.0,9.0,9.0,Lecce,14.0,3.0,0.0,0.0,1.0,4.0,40.4,3.0,1.0,0.3,1.0,1.0,294.0,365.0,0.8,1.0,9.0,0.1,49.0,20.0,0.4,0.0,11.0,14.0,0.8,5.0,21.0,21.0,712253,2024-12-07 19:45:00,2024
Fiorentina,9.0,3.0,0.0,1.0,6.0,1.0,49.1,8.0,3.0,0.4,0.0,0.0,339.0,429.0,0.8,4.0,16.0,0.3,58.0,18.0,0.3,2.0,7.0,16.0,0.4,13.0,23.0,23.0,Cagliari,20.0,2.0,0.0,3.0,4.0,2.0,50.9,8.0,1.0,0.1,0.0,0.0,361.0,435.0,0.8,6.0,24.0,0.3,38.0,14.0,0.4,4.0,8.0,15.0,0.5,10.0,24.0,24.0,712255,2024-12-08 11:30:00,2024
Hellas Verona,15.0,2.0,0.0,0.0,5.0,1.0,50.5,12.0,3.0,0.3,0.0,0.0,363.0,442.0,0.8,6.0,25.0,0.2,53.0,24.0,0.5,1.0,7.0,13.0,0.5,7.0,23.0,23.0,Empoli,16.0,2.0,0.0,0.0,8.0,2.0,49.5,15.0,5.0,0.3,0.0,0.0,344.0,442.0,0.8,3.0,20.0,0.2,65.0,24.0,0.4,2.0,7.0,13.0,0.5,8.0,22.0,22.0,712262,2024-12-08 14:00:00,2024
Venezia,12.0,1.0,0.0,2.0,5.0,3.0,33.8,8.0,4.0,0.5,0.0,0.0,142.0,233.0,0.6,2.0,16.0,0.1,53.0,15.0,0.3,3.0,14.0,21.0,0.7,8.0,24.0,24.0,Como,10.0,1.0,0.0,0.0,9.0,2.0,66.2,10.0,4.0,0.4,0.0,0.0,378.0,457.0,0.8,1.0,28.0,0.0,39.0,17.0,0.4,2.0,14.0,25.0,0.6,3.0,29.0,29.0,712258,2024-12-08 17:00:00,2024
Napoli,16.0,2.0,0.0,1.0,6.0,2.0,56.8,12.0,1.0,0.1,0.0,0.0,469.0,518.0,0.9,4.0,29.0,0.1,20.0,11.0,0.6,6.0,12.0,21.0,0.6,9.0,9.0,9.0,Lazio,12.0,3.0,0.0,0.0,2.0,1.0,43.2,7.0,3.0,0.4,0.0,0.0,342.0,408.0,0.8,1.0,5.0,0.2,50.0,25.0,0.5,0.0,4.0,13.0,0.3,8.0,18.0,18.0,712261,2024-12-08 19:45:00,2024
Monza,12.0,1.0,0.0,2.0,10.0,1.0,66.7,27.0,4.0,0.1,0.0,0.0,460.0,537.0,0.9,8.0,46.0,0.2,53.0,28.0,0.5,12.0,11.0,21.0,0.5,6.0,7.0,7.0,Udinese,16.0,2.0,0.0,1.0,1.0,3.0,33.3,10.0,3.0,0.3,0.0,0.0,197.0,281.0,0.7,4.0,7.0,0.6,56.0,17.0,0.3,2.0,15.0,23.0,0.7,9.0,47.0,47.0,712260,2024-12-09 19:45:00,2024
Empoli,7.0,2.0,1.0,1.0,12.0,3.0,58.7,10.0,4.0,0.4,0.0,0.0,349.0,453.0,0.8,0.0,29.0,0.0,78.0,31.0,0.4,3.0,8.0,20.0,0.4,9.0,19.0,19.0,Torino,15.0,3.0,0.0,2.0,3.0,4.0,41.3,14.0,4.0,0.3,0.0,0.0,243.0,322.0,0.8,5.0,13.0,0.4,53.0,22.0,0.4,2.0,5.0,12.0,0.4,12.0,36.0,36.0,712272,2024-12-13 19:45:00,2024
Cagliari,16.0,3.0,0.0,1.0,2.0,1.0,43.8,12.0,8.0,0.7,0.0,0.0,309.0,393.0,0.8,5.0,21.0,0.2,57.0,21.0,0.4,2.0,10.0,19.0,0.5,6.0,15.0,15.0,Atalanta,10.0,3.0,0.0,4.0,5.0,8.0,56.2,12.0,2.0,0.2,0.0,0.0,436.0,511.0,0.9,4.0,17.0,0.2,43.0,19.0,0.4,2.0,12.0,20.0,0.6,11.0,30.0,30.0,712270,2024-12-14 14:00:00,2024
Udinese,14.0,1.0,0.0,0.0,3.0,3.0,29.6,7.0,3.0,0.4,0.0,1.0,169.0,246.0,0.7,3.0,11.0,0.3,49.0,16.0,0.3,2.0,13.0,21.0,0.6,12.0,34.0,34.0,Napoli,8.0,1.0,0.0,2.0,9.0,2.0,70.4,17.0,4.0,0.2,0.0,0.0,512.0,571.0,0.9,7.0,33.0,0.2,29.0,18.0,0.6,3.0,11.0,17.0,0.6,5.0,12.0,12.0,712268,2024-12-14 17:00:00,2024
Juventus,9.0,1.0,0.0,2.0,7.0,0.0,68.9,12.0,4.0,0.3,1.0,1.0,620.0,681.0,0.9,3.0,18.0,0.2,44.0,32.0,0.7,2.0,3.0,6.0,0.5,5.0,12.0,12.0,Venezia,8.0,3.0,0.0,0.0,4.0,3.0,31.1,8.0,2.0,0.3,0.0,0.0,256.0,305.0,0.8,3.0,10.0,0.3,36.0,16.0,0.4,4.0,9.0,12.0,0.8,4.0,21.0,21.0,712267,2024-12-14 19:45:00,2024
Lecce,16.0,1.0,0.0,4.0,2.0,0.0,44.6,11.0,4.0,0.4,0.0,1.0,251.0,327.0,0.8,0.0,7.0,0.0,67.0,33.0,0.5,2.0,10.0,14.0,0.7,5.0,24.0,24.0,Monza,16.0,5.0,0.0,4.0,7.0,2.0,55.4,9.0,0.0,0.0,0.0,0.0,314.0,388.0,0.8,5.0,28.0,0.2,48.0,14.0,0.3,2.0,9.0,12.0,0.8,9.0,15.0,15.0,712264,2024-12-15 11:30:00,2024
Bologna,16.0,2.0,0.0,2.0,1.0,4.0,51.1,16.0,6.0,0.4,0.0,0.0,276.0,358.0,0.8,2.0,9.0,0.2,57.0,21.0,0.4,4.0,10.0,18.0,0.6,10.0,26.0,26.0,Fiorentina,10.0,2.0,0.0,2.0,3.0,5.0,48.9,10.0,4.0,0.4,0.0,0.0,236.0,340.0,0.7,3.0,14.0,0.2,79.0,31.0,0.4,4.0,14.0,24.0,0.6,7.0,9.0,9.0,712269,2024-12-15 14:00:00,2024
Parma,5.0,1.0,0.0,1.0,5.0,3.0,55.2,19.0,8.0,0.4,0.0,0.0,378.0,466.0,0.8,3.0,18.0,0.2,53.0,20.0,0.4,5.0,6.0,14.0,0.4,6.0,11.0,11.0,Hellas Verona,16.0,3.0,0.0,1.0,2.0,5.0,44.8,17.0,6.0,0.4,0.0,0.0,291.0,385.0,0.8,3.0,11.0,0.3,70.0,27.0,0.4,2.0,11.0,19.0,0.6,9.0,23.0,23.0,712266,2024-12-15 14:00:00,2024
Como,18.0,6.0,0.0,2.0,6.0,1.0,38.3,18.0,7.0,0.4,0.0,0.0,259.0,332.0,0.8,2.0,14.0,0.1,43.0,16.0,0.4,2.0,13.0,15.0,0.9,8.0,26.0,26.0,AS Roma,17.0,1.0,0.0,3.0,5.0,5.0,61.7,6.0,1.0,0.2,0.0,0.0,448.0,532.0,0.8,4.0,19.0,0.2,58.0,30.0,0.5,1.0,4.0,10.0,0.4,9.0,19.0,19.0,712271,2024-12-15 17:00:00,2024
AC Milan,11.0,0.0,0.0,3.0,9.0,0.0,56.9,22.0,4.0,0.2,0.0,0.0,480.0,528.0,0.9,8.0,34.0,0.2,29.0,20.0,0.7,10.0,9.0,12.0,0.8,4.0,19.0,19.0,Genoa,12.0,2.0,0.0,2.0,2.0,5.0,43.1,5.0,0.0,0.0,0.0,0.0,341.0,412.0,0.8,2.0,12.0,0.2,37.0,14.0,0.4,2.0,16.0,29.0,0.6,8.0,31.0,31.0,712265,2024-12-15 19:45:00,2024
Lazio,7.0,2.0,0.0,1.0,4.0,1.0,51.6,9.0,2.0,0.2,0.0,0.0,419.0,482.0,0.9,2.0,19.0,0.1,46.0,25.0,0.5,3.0,7.0,10.0,0.7,8.0,4.0,4.0,Internazionale,14.0,4.0,0.0,0.0,2.0,2.0,48.4,12.0,7.0,0.6,1.0,1.0,398.0,459.0,0.9,5.0,10.0,0.5,54.0,32.0,0.6,4.0,4.0,9.0,0.4,8.0,19.0,19.0,712263,2024-12-16 19:45:00,2024
Hellas Verona,21.0,1.0,0.0,0.0,3.0,5.0,35.4,10.0,2.0,0.2,0.0,0.0,224.0,290.0,0.8,4.0,19.0,0.2,48.0,19.0,0.4,1.0,6.0,15.0,0.4,11.0,21.0,21.0,AC Milan,9.0,1.0,0.0,2.0,8.0,2.0,64.6,14.0,6.0,0.4,0.0,0.0,489.0,552.0,0.9,1.0,17.0,0.1,34.0,15.0,0.4,7.0,7.0,11.0,0.6,6.0,22.0,22.0,712276,2024-12-20 19:45:00,2024
Torino,11.0,0.0,0.0,1.0,4.0,3.0,41.9,6.0,0.0,0.0,0.0,0.0,278.0,366.0,0.8,5.0,21.0,0.2,58.0,21.0,0.4,4.0,9.0,15.0,0.6,9.0,17.0,17.0,Bologna,17.0,2.0,0.0,1.0,0.0,0.0,58.1,8.0,5.0,0.6,0.0,1.0,448.0,520.0,0.9,4.0,10.0,0.4,50.0,24.0,0.5,1.0,9.0,13.0,0.7,6.0,23.0,23.0,712281,2024-12-21 14:00:00,2024
Genoa,8.0,2.0,0.0,0.0,5.0,0.0,38.8,11.0,3.0,0.3,0.0,0.0,297.0,369.0,0.8,7.0,20.0,0.4,42.0,12.0,0.3,2.0,15.0,21.0,0.7,15.0,15.0,15.0,Napoli,8.0,1.0,0.0,2.0,6.0,2.0,61.2,12.0,2.0,0.2,0.0,0.0,524.0,594.0,0.9,4.0,17.0,0.2,46.0,27.0,0.6,3.0,7.0,12.0,0.6,8.0,21.0,21.0,712275,2024-12-21 17:00:00,2024
Lecce,13.0,3.0,1.0,1.0,6.0,4.0,40.4,11.0,2.0,0.2,0.0,0.0,273.0,355.0,0.8,3.0,18.0,0.2,49.0,22.0,0.4,5.0,16.0,20.0,0.8,6.0,29.0,29.0,Lazio,12.0,2.0,0.0,1.0,6.0,1.0,59.6,13.0,7.0,0.5,1.0,1.0,458.0,523.0,0.9,3.0,28.0,0.1,35.0,22.0,0.6,3.0,10.0,17.0,0.6,13.0,22.0,22.0,712278,2024-12-21 19:45:00,2024
AS Roma,10.0,1.0,0.0,4.0,5.0,3.0,59.1,19.0,9.0,0.5,2.0,2.0,494.0,552.0,0.9,5.0,15.0,0.3,41.0,25.0,0.6,3.0,9.0,13.0,0.7,9.0,10.0,10.0,Parma,9.0,2.0,0.0,0.0,3.0,4.0,40.9,9.0,3.0,0.3,0.0,0.0,324.0,383.0,0.8,0.0,6.0,0.0,42.0,19.0,0.5,1.0,5.0,8.0,0.6,4.0,20.0,20.0,712280,2024-12-22 11:30:00,2024
Venezia,6.0,1.0,0.0,4.0,4.0,6.0,31.7,12.0,6.0,0.5,0.0,0.0,181.0,263.0,0.7,1.0,10.0,0.1,50.0,16.0,0.3,2.0,8.0,12.0,0.7,9.0,33.0,33.0,Cagliari,11.0,2.0,0.0,3.0,8.0,4.0,68.3,14.0,7.0,0.5,0.0,0.0,454.0,557.0,0.8,6.0,30.0,0.2,49.0,23.0,0.5,1.0,13.0,18.0,0.7,6.0,17.0,17.0,712282,2024-12-22 14:00:00,2024
Atalanta,11.0,1.0,0.0,1.0,6.0,1.0,65.1,16.0,7.0,0.4,0.0,0.0,504.0,572.0,0.9,9.0,30.0,0.3,35.0,17.0,0.5,3.0,7.0,13.0,0.5,6.0,9.0,9.0,Empoli,15.0,1.0,0.0,1.0,3.0,3.0,34.9,7.0,3.0,0.4,1.0,1.0,240.0,318.0,0.8,1.0,6.0,0.2,58.0,21.0,0.4,2.0,8.0,20.0,0.4,4.0,29.0,29.0,712273,2024-12-22 17:00:00,2024
Monza,7.0,1.0,0.0,0.0,3.0,7.0,45.1,17.0,5.0,0.3,0.0,0.0,369.0,436.0,0.8,2.0,19.0,0.1,49.0,22.0,0.4,5.0,12.0,18.0,0.7,5.0,25.0,25.0,Juventus,13.0,1.0,0.0,0.0,7.0,4.0,54.9,16.0,9.0,0.6,0.0,0.0,469.0,531.0,0.9,5.0,20.0,0.3,43.0,30.0,0.7,3.0,2.0,7.0,0.3,6.0,19.0,19.0,712279,2024-12-22 19:45:00,2024
Fiorentina,10.0,2.0,0.0,5.0,10.0,2.0,50.6,15.0,3.0,0.2,1.0,1.0,306.0,376.0,0.8,2.0,29.0,0.1,55.0,21.0,0.4,5.0,6.0,9.0,0.7,8.0,25.0,25.0,Udinese,14.0,5.0,0.0,1.0,2.0,2.0,49.4,11.0,4.0,0.4,0.0,0.0,312.0,391.0,0.8,3.0,10.0,0.3,58.0,28.0,0.5,1.0,10.0,14.0,0.7,2.0,35.0,35.0,712274,2024-12-23 17:30:00,2024
Internazionale,13.0,2.0,0.0,2.0,7.0,4.0,62.5,17.0,5.0,0.3,0.0,0.0,452.0,514.0,0.9,6.0,20.0,0.3,33.0,20.0,0.6,6.0,10.0,19.0,0.5,6.0,11.0,11.0,Como,15.0,2.0,0.0,5.0,1.0,3.0,37.5,8.0,4.0,0.5,0.0,0.0,248.0,308.0,0.8,4.0,11.0,0.4,30.0,10.0,0.3,2.0,11.0,18.0,0.6,8.0,28.0,28.0,712277,2024-12-23 19:45:00,2024
Parma,16.0,3.0,0.0,0.0,4.0,2.0,44.1,9.0,3.0,0.3,1.0,1.0,254.0,329.0,0.8,3.0,8.0,0.4,48.0,19.0,0.4,5.0,3.0,7.0,0.4,7.0,22.0,22.0,Monza,21.0,5.0,1.0,5.0,6.0,1.0,55.9,10.0,4.0,0.4,0.0,0.0,334.0,407.0,0.8,4.0,25.0,0.2,32.0,14.0,0.4,0.0,9.0,15.0,0.6,7.0,14.0,14.0,712291,2024-12-28 14:00:00,2024
Empoli,16.0,1.0,0.0,2.0,7.0,3.0,59.1,12.0,8.0,0.7,0.0,1.0,362.0,451.0,0.8,4.0,28.0,0.1,56.0,34.0,0.6,1.0,16.0,23.0,0.7,10.0,27.0,27.0,Genoa,13.0,2.0,0.0,1.0,4.0,7.0,40.9,14.0,5.0,0.4,0.0,0.0,228.0,316.0,0.7,4.0,14.0,0.3,53.0,30.0,0.6,4.0,8.0,15.0,0.5,13.0,33.0,33.0,712286,2024-12-28 14:00:00,2024
Cagliari,14.0,0.0,0.0,3.0,5.0,2.0,34.5,5.0,1.0,0.2,0.0,0.0,212.0,291.0,0.7,3.0,20.0,0.2,54.0,19.0,0.4,2.0,4.0,9.0,0.4,5.0,21.0,21.0,Internazionale,5.0,0.0,0.0,6.0,7.0,1.0,65.5,20.0,5.0,0.3,1.0,1.0,502.0,574.0,0.9,9.0,20.0,0.5,50.0,29.0,0.6,6.0,5.0,8.0,0.6,7.0,14.0,14.0,712288,2024-12-28 17:00:00,2024
Lazio,6.0,2.0,0.0,0.0,2.0,2.0,40.0,11.0,5.0,0.5,0.0,0.0,293.0,368.0,0.8,2.0,12.0,0.2,62.0,30.0,0.5,1.0,6.0,16.0,0.4,13.0,24.0,24.0,Atalanta,11.0,3.0,0.0,3.0,7.0,4.0,60.0,14.0,4.0,0.3,0.0,0.0,461.0,539.0,0.9,6.0,29.0,0.2,45.0,25.0,0.6,1.0,9.0,14.0,0.6,8.0,12.0,12.0,712287,2024-12-28 19:45:00,2024
Udinese,17.0,1.0,0.0,2.0,4.0,4.0,43.5,10.0,3.0,0.3,0.0,0.0,280.0,347.0,0.8,4.0,16.0,0.3,43.0,15.0,0.3,2.0,10.0,12.0,0.8,9.0,19.0,19.0,Torino,12.0,0.0,0.0,0.0,3.0,1.0,56.5,12.0,6.0,0.5,0.0,0.0,388.0,453.0,0.9,2.0,17.0,0.1,46.0,30.0,0.7,1.0,4.0,5.0,0.8,8.0,18.0,18.0,712284,2024-12-29 11:30:00,2024
Napoli,10.0,0.0,0.0,1.0,14.0,2.0,66.6,25.0,8.0,0.3,0.0,1.0,496.0,562.0,0.9,3.0,35.0,0.1,42.0,23.0,0.5,6.0,9.0,12.0,0.8,15.0,21.0,21.0,Venezia,12.0,3.0,0.0,1.0,4.0,7.0,33.4,4.0,2.0,0.5,0.0,0.0,215.0,290.0,0.7,2.0,9.0,0.2,46.0,18.0,0.4,1.0,11.0,23.0,0.5,12.0,43.0,43.0,712290,2024-12-29 14:00:00,2024
Juventus,14.0,3.0,0.0,0.0,7.0,2.0,61.9,15.0,5.0,0.3,0.0,0.0,435.0,509.0,0.9,5.0,18.0,0.3,43.0,20.0,0.5,3.0,10.0,16.0,0.6,3.0,11.0,11.0,Fiorentina,9.0,1.0,0.0,1.0,2.0,3.0,38.1,11.0,4.0,0.4,0.0,0.0,246.0,316.0,0.8,2.0,7.0,0.3,48.0,22.0,0.5,4.0,10.0,18.0,0.6,10.0,33.0,33.0,712285,2024-12-29 17:00:00,2024
AC Milan,17.0,4.0,0.0,1.0,6.0,4.0,45.4,21.0,7.0,0.3,0.0,0.0,308.0,354.0,0.9,4.0,17.0,0.2,29.0,15.0,0.5,6.0,5.0,10.0,0.5,6.0,21.0,21.0,AS Roma,8.0,4.0,0.0,6.0,5.0,6.0,54.6,12.0,5.0,0.4,0.0,0.0,379.0,426.0,0.9,2.0,16.0,0.1,40.0,28.0,0.7,1.0,9.0,17.0,0.5,5.0,28.0,28.0,712289,2024-12-29 19:45:00,2024
Como,12.0,3.0,0.0,5.0,4.0,1.0,56.6,15.0,8.0,0.5,0.0,1.0,421.0,490.0,0.9,5.0,16.0,0.3,39.0,20.0,0.5,4.0,8.0,11.0,0.7,8.0,21.0,21.0,Lecce,15.0,2.0,0.0,1.0,4.0,5.0,43.4,11.0,1.0,0.1,0.0,0.0,289.0,365.0,0.8,6.0,20.0,0.3,49.0,18.0,0.4,3.0,11.0,18.0,0.6,6.0,25.0,25.0,712292,2024-12-30 17:30:00,2024
Bologna,9.0,2.0,1.0,1.0,11.0,1.0,67.3,23.0,8.0,0.3,0.0,0.0,379.0,448.0,0.8,8.0,30.0,0.3,71.0,41.0,0.6,9.0,12.0,17.0,0.7,4.0,10.0,10.0,Hellas Verona,24.0,5.0,0.0,1.0,5.0,5.0,32.7,7.0,3.0,0.4,0.0,0.0,150.0,224.0,0.7,2.0,8.0,0.3,59.0,29.0,0.5,2.0,13.0,20.0,0.7,4.0,40.0,40.0,712283,2024-12-30 19:45:00,2024
Venezia,15.0,1.0,0.0,2.0,2.0,4.0,50.1,8.0,3.0,0.4,0.0,0.0,318.0,423.0,0.8,1.0,9.0,0.1,64.0,23.0,0.4,3.0,9.0,14.0,0.6,9.0,37.0,37.0,Empoli,14.0,2.0,0.0,1.0,8.0,2.0,49.9,18.0,6.0,0.3,0.0,0.0,300.0,408.0,0.7,5.0,28.0,0.2,76.0,31.0,0.4,7.0,18.0,31.0,0.6,7.0,17.0,17.0,712297,2025-01-04 14:00:00,2025
Fiorentina,17.0,0.0,0.0,3.0,4.0,1.0,48.1,14.0,2.0,0.1,0.0,0.0,335.0,407.0,0.8,6.0,21.0,0.3,47.0,21.0,0.4,6.0,17.0,24.0,0.7,6.0,13.0,13.0,Napoli,15.0,1.0,0.0,2.0,2.0,2.0,51.9,10.0,4.0,0.4,1.0,1.0,370.0,447.0,0.8,3.0,13.0,0.2,38.0,19.0,0.5,0.0,6.0,12.0,0.5,4.0,20.0,20.0,712299,2025-01-04 17:00:00,2025
Hellas Verona,14.0,1.0,1.0,3.0,7.0,6.0,37.1,13.0,3.0,0.2,0.0,0.0,197.0,273.0,0.7,3.0,12.0,0.3,67.0,21.0,0.3,4.0,11.0,23.0,0.5,12.0,19.0,19.0,Udinese,16.0,2.0,0.0,1.0,3.0,3.0,62.9,15.0,6.0,0.4,0.0,0.0,394.0,467.0,0.8,7.0,17.0,0.4,62.0,39.0,0.6,2.0,7.0,14.0,0.5,5.0,19.0,19.0,712298,2025-01-04 19:45:00,2025
Monza,16.0,2.0,1.0,2.0,1.0,2.0,53.2,6.0,2.0,0.3,1.0,1.0,311.0,406.0,0.8,1.0,16.0,0.1,56.0,21.0,0.4,0.0,8.0,17.0,0.5,11.0,16.0,16.0,Cagliari,19.0,2.0,0.0,2.0,3.0,1.0,46.8,13.0,4.0,0.3,0.0,0.0,259.0,358.0,0.7,3.0,17.0,0.2,64.0,33.0,0.5,4.0,8.0,16.0,0.5,4.0,24.0,24.0,712295,2025-01-05 11:30:00,2025
Lecce,11.0,0.0,0.0,1.0,9.0,1.0,62.9,10.0,3.0,0.3,0.0,0.0,442.0,532.0,0.8,7.0,25.0,0.3,48.0,19.0,0.4,3.0,12.0,17.0,0.7,8.0,12.0,12.0,Genoa,15.0,1.0,0.0,1.0,4.0,3.0,37.1,4.0,1.0,0.3,0.0,0.0,235.0,315.0,0.7,1.0,14.0,0.1,50.0,20.0,0.4,1.0,7.0,20.0,0.4,9.0,41.0,41.0,712296,2025-01-05 14:00:00,2025
Torino,9.0,2.0,0.0,4.0,9.0,3.0,61.6,12.0,4.0,0.3,0.0,0.0,474.0,562.0,0.8,3.0,33.0,0.1,49.0,23.0,0.5,5.0,9.0,15.0,0.6,2.0,16.0,16.0,Parma,9.0,1.0,0.0,1.0,7.0,4.0,38.4,10.0,3.0,0.3,0.0,0.0,284.0,358.0,0.8,2.0,12.0,0.2,56.0,18.0,0.3,1.0,5.0,10.0,0.5,9.0,47.0,47.0,712293,2025-01-05 17:00:00,2025
AS Roma,12.0,4.0,0.0,0.0,3.0,6.0,32.9,7.0,5.0,0.7,0.0,0.0,222.0,272.0,0.8,1.0,9.0,0.1,42.0,22.0,0.5,1.0,7.0,10.0,0.7,9.0,34.0,34.0,Lazio,19.0,5.0,1.0,2.0,10.0,3.0,67.1,16.0,6.0,0.4,0.0,0.0,503.0,541.0,0.9,7.0,38.0,0.2,40.0,33.0,0.8,7.0,3.0,7.0,0.4,5.0,6.0,6.0,712294,2025-01-05 19:45:00,2025
Lazio,14.0,2.0,1.0,1.0,7.0,2.0,36.3,12.0,4.0,0.3,0.0,0.0,199.0,268.0,0.7,3.0,14.0,0.2,51.0,19.0,0.4,5.0,11.0,16.0,0.7,18.0,19.0,19.0,Como,15.0,3.0,0.0,0.0,7.0,3.0,63.7,17.0,4.0,0.2,0.0,0.0,407.0,475.0,0.9,9.0,26.0,0.3,29.0,19.0,0.7,1.0,12.0,21.0,0.6,9.0,19.0,19.0,712308,2025-01-10 19:45:00,2025
Empoli,11.0,0.0,0.0,2.0,9.0,3.0,49.6,15.0,5.0,0.3,0.0,0.0,251.0,375.0,0.7,5.0,25.0,0.2,73.0,25.0,0.3,4.0,17.0,26.0,0.7,13.0,16.0,16.0,Lecce,21.0,3.0,0.0,3.0,2.0,4.0,50.4,14.0,6.0,0.4,0.0,0.0,283.0,405.0,0.7,1.0,4.0,0.3,74.0,27.0,0.4,3.0,13.0,25.0,0.5,13.0,49.0,49.0,712310,2025-01-11 14:00:00,2025
Udinese,4.0,1.0,0.0,0.0,5.0,2.0,45.6,12.0,3.0,0.3,0.0,0.0,326.0,418.0,0.8,3.0,18.0,0.2,60.0,15.0,0.3,5.0,15.0,23.0,0.7,11.0,16.0,16.0,Atalanta,16.0,2.0,0.0,2.0,3.0,3.0,54.4,4.0,2.0,0.5,0.0,0.0,406.0,493.0,0.8,4.0,18.0,0.2,46.0,20.0,0.4,1.0,13.0,22.0,0.6,9.0,26.0,26.0,712306,2025-01-11 14:00:00,2025
Torino,18.0,4.0,0.0,1.0,9.0,8.0,41.6,11.0,2.0,0.2,0.0,0.0,310.0,360.0,0.9,6.0,29.0,0.2,34.0,18.0,0.5,3.0,10.0,15.0,0.7,5.0,19.0,19.0,Juventus,9.0,1.0,0.0,2.0,1.0,1.0,58.4,15.0,9.0,0.6,0.0,0.0,489.0,533.0,0.9,3.0,20.0,0.2,43.0,29.0,0.7,4.0,7.0,11.0,0.6,3.0,31.0,31.0,712305,2025-01-11 17:00:00,2025
AC Milan,9.0,1.0,0.0,3.0,9.0,1.0,68.1,24.0,11.0,0.5,0.0,0.0,476.0,535.0,0.9,3.0,35.0,0.1,31.0,21.0,0.7,3.0,11.0,16.0,0.7,4.0,11.0,11.0,Cagliari,11.0,2.0,0.0,5.0,1.0,11.0,31.9,6.0,2.0,0.3,0.0,0.0,183.0,254.0,0.7,1.0,9.0,0.1,62.0,21.0,0.3,2.0,9.0,16.0,0.6,7.0,31.0,31.0,712312,2025-01-11 19:45:00,2025
Genoa,10.0,2.0,0.0,2.0,6.0,3.0,61.2,14.0,4.0,0.3,0.0,0.0,473.0,547.0,0.9,6.0,23.0,0.3,48.0,28.0,0.6,5.0,15.0,19.0,0.8,8.0,20.0,20.0,Parma,10.0,3.0,0.0,3.0,9.0,3.0,38.8,9.0,3.0,0.3,0.0,0.0,274.0,346.0,0.8,3.0,15.0,0.2,38.0,18.0,0.5,3.0,16.0,27.0,0.6,11.0,26.0,26.0,712309,2025-01-12 11:30:00,2025
Venezia,12.0,3.0,0.0,2.0,4.0,5.0,40.9,7.0,2.0,0.3,0.0,0.0,309.0,379.0,0.8,1.0,12.0,0.1,44.0,16.0,0.4,2.0,8.0,12.0,0.7,7.0,20.0,20.0,Internazionale,11.0,1.0,0.0,4.0,5.0,2.0,59.1,17.0,6.0,0.4,0.0,0.0,475.0,550.0,0.9,3.0,17.0,0.2,46.0,29.0,0.6,5.0,6.0,14.0,0.4,7.0,15.0,15.0,712307,2025-01-12 14:00:00,2025
Bologna,18.0,4.0,0.0,2.0,5.0,2.0,53.9,14.0,8.0,0.6,1.0,1.0,393.0,469.0,0.8,4.0,18.0,0.2,44.0,17.0,0.4,4.0,6.0,10.0,0.6,7.0,18.0,18.0,AS Roma,10.0,1.0,0.0,2.0,4.0,6.0,46.1,11.0,4.0,0.4,1.0,1.0,326.0,392.0,0.8,2.0,16.0,0.1,47.0,21.0,0.4,3.0,8.0,16.0,0.5,12.0,23.0,23.0,712311,2025-01-12 17:00:00,2025
Napoli,6.0,0.0,0.0,0.0,8.0,2.0,69.1,14.0,3.0,0.2,0.0,0.0,642.0,703.0,0.9,5.0,27.0,0.2,42.0,31.0,0.7,2.0,8.0,15.0,0.5,9.0,8.0,8.0,Hellas Verona,5.0,0.0,0.0,1.0,1.0,1.0,30.9,6.0,2.0,0.3,0.0,0.0,255.0,318.0,0.8,1.0,7.0,0.1,46.0,20.0,0.4,2.0,13.0,18.0,0.7,14.0,31.0,31.0,712304,2025-01-12 19:45:00,2025
Monza,26.0,4.0,0.0,0.0,2.0,0.0,34.3,10.0,3.0,0.3,0.0,0.0,241.0,310.0,0.8,3.0,8.0,0.4,54.0,26.0,0.5,2.0,10.0,15.0,0.7,4.0,29.0,29.0,Fiorentina,9.0,1.0,0.0,1.0,4.0,1.0,65.7,11.0,2.0,0.2,1.0,1.0,521.0,587.0,0.9,4.0,23.0,0.2,49.0,35.0,0.7,3.0,12.0,16.0,0.8,6.0,13.0,13.0,712303,2025-01-13 19:45:00,2025
Como,11.0,1.0,0.0,3.0,2.0,4.0,51.1,12.0,4.0,0.3,0.0,0.0,322.0,389.0,0.8,6.0,16.0,0.4,53.0,25.0,0.5,2.0,12.0,18.0,0.7,9.0,18.0,18.0,AC Milan,17.0,6.0,0.0,1.0,4.0,3.0,48.9,12.0,6.0,0.5,0.0,0.0,308.0,378.0,0.8,3.0,13.0,0.2,45.0,19.0,0.4,3.0,18.0,29.0,0.6,4.0,17.0,17.0,712300,2025-01-14 17:30:00,2025
Atalanta,10.0,1.0,0.0,2.0,3.0,7.0,60.4,17.0,6.0,0.4,0.0,0.0,586.0,643.0,0.9,4.0,25.0,0.2,39.0,26.0,0.7,4.0,8.0,15.0,0.5,7.0,15.0,15.0,Juventus,7.0,1.0,0.0,2.0,3.0,4.0,39.6,17.0,9.0,0.5,0.0,0.0,365.0,424.0,0.9,2.0,11.0,0.2,27.0,11.0,0.4,4.0,15.0,27.0,0.6,9.0,29.0,29.0,712301,2025-01-14 19:45:00,2025
Internazionale,19.0,0.0,0.0,2.0,3.0,4.0,47.8,12.0,6.0,0.5,0.0,0.0,328.0,398.0,0.8,3.0,13.0,0.2,56.0,31.0,0.6,1.0,6.0,9.0,0.7,5.0,24.0,24.0,Bologna,13.0,0.0,0.0,3.0,3.0,4.0,52.2,14.0,6.0,0.4,0.0,0.0,357.0,427.0,0.8,2.0,24.0,0.1,73.0,44.0,0.6,1.0,8.0,14.0,0.6,4.0,14.0,14.0,712302,2025-01-15 19:45:00,2025
AS Roma,12.0,1.0,0.0,0.0,3.0,2.0,52.7,16.0,7.0,0.4,0.0,0.0,453.0,513.0,0.9,5.0,16.0,0.3,52.0,28.0,0.5,2.0,8.0,14.0,0.6,9.0,10.0,10.0,Genoa,12.0,1.0,0.0,1.0,2.0,5.0,47.3,7.0,3.0,0.4,0.0,0.0,384.0,460.0,0.8,4.0,9.0,0.4,43.0,17.0,0.4,1.0,9.0,14.0,0.6,5.0,18.0,18.0,712314,2025-01-17 19:45:00,2025
Bologna,16.0,1.0,0.0,0.0,4.0,0.0,58.6,18.0,7.0,0.4,0.0,0.0,475.0,568.0,0.8,9.0,19.0,0.5,87.0,47.0,0.5,6.0,11.0,24.0,0.5,0.0,14.0,14.0,Monza,18.0,3.0,0.0,1.0,0.0,4.0,41.4,3.0,1.0,0.3,0.0,0.0,316.0,404.0,0.8,0.0,9.0,0.0,65.0,31.0,0.5,0.0,10.0,17.0,0.6,6.0,19.0,19.0,712315,2025-01-18 14:00:00,2025
Juventus,19.0,0.0,0.0,1.0,5.0,1.0,60.0,15.0,6.0,0.4,0.0,0.0,510.0,558.0,0.9,4.0,18.0,0.2,45.0,28.0,0.6,2.0,7.0,14.0,0.5,11.0,8.0,8.0,AC Milan,11.0,2.0,0.0,1.0,5.0,4.0,40.0,13.0,3.0,0.2,0.0,0.0,312.0,368.0,0.8,5.0,12.0,0.4,38.0,17.0,0.4,5.0,12.0,19.0,0.6,7.0,21.0,21.0,712317,2025-01-18 17:00:00,2025
Atalanta,18.0,4.0,0.0,1.0,3.0,0.0,56.6,15.0,6.0,0.4,0.0,0.0,474.0,545.0,0.9,8.0,22.0,0.4,44.0,22.0,0.5,2.0,12.0,22.0,0.5,7.0,12.0,12.0,Napoli,9.0,2.0,0.0,1.0,1.0,4.0,43.4,6.0,3.0,0.5,0.0,0.0,351.0,428.0,0.8,3.0,9.0,0.3,33.0,19.0,0.6,1.0,11.0,18.0,0.6,7.0,20.0,20.0,712316,2025-01-18 19:45:00,2025
Fiorentina,16.0,3.0,0.0,0.0,9.0,2.0,53.8,20.0,6.0,0.3,0.0,0.0,394.0,447.0,0.9,7.0,27.0,0.3,46.0,30.0,0.7,7.0,9.0,18.0,0.5,6.0,20.0,20.0,Torino,11.0,1.0,1.0,3.0,2.0,6.0,46.2,6.0,3.0,0.5,0.0,0.0,327.0,395.0,0.8,2.0,9.0,0.2,50.0,16.0,0.3,1.0,7.0,13.0,0.5,6.0,26.0,26.0,712320,2025-01-19 11:30:00,2025
Cagliari,11.0,3.0,0.0,2.0,6.0,1.0,49.8,19.0,7.0,0.4,0.0,0.0,333.0,412.0,0.8,10.0,21.0,0.5,44.0,16.0,0.4,5.0,10.0,15.0,0.7,8.0,13.0,13.0,Lecce,10.0,1.0,1.0,2.0,1.0,2.0,50.2,7.0,2.0,0.3,0.0,0.0,344.0,430.0,0.8,3.0,11.0,0.3,58.0,20.0,0.3,1.0,7.0,10.0,0.7,6.0,21.0,21.0,712318,2025-01-19 14:00:00,2025
Parma,13.0,2.0,0.0,0.0,8.0,1.0,59.5,19.0,8.0,0.4,1.0,1.0,414.0,496.0,0.8,4.0,12.0,0.3,48.0,21.0,0.4,3.0,9.0,17.0,0.5,11.0,12.0,12.0,Venezia,16.0,3.0,0.0,1.0,2.0,7.0,40.5,7.0,2.0,0.3,1.0,1.0,254.0,327.0,0.8,6.0,14.0,0.4,56.0,21.0,0.4,3.0,16.0,23.0,0.7,5.0,32.0,32.0,712313,2025-01-19 14:00:00,2025
Hellas Verona,10.0,4.0,1.0,2.0,5.0,2.0,35.0,16.0,3.0,0.2,0.0,0.0,234.0,308.0,0.8,7.0,23.0,0.3,40.0,17.0,0.4,4.0,11.0,14.0,0.8,10.0,15.0,15.0,Lazio,8.0,2.0,0.0,0.0,6.0,3.0,65.0,14.0,5.0,0.4,0.0,0.0,536.0,599.0,0.9,6.0,15.0,0.4,45.0,28.0,0.6,5.0,9.0,15.0,0.6,8.0,22.0,22.0,712321,2025-01-19 17:00:00,2025
Internazionale,10.0,0.0,0.0,2.0,7.0,0.0,68.5,19.0,7.0,0.4,0.0,0.0,584.0,672.0,0.9,6.0,18.0,0.3,53.0,30.0,0.6,5.0,11.0,19.0,0.6,7.0,10.0,10.0,Empoli,9.0,0.0,0.0,0.0,3.0,5.0,31.5,5.0,1.0,0.2,0.0,0.0,227.0,304.0,0.7,1.0,10.0,0.1,55.0,24.0,0.4,0.0,8.0,13.0,0.6,16.0,31.0,31.0,712322,2025-01-19 19:45:00,2025
Como,10.0,0.0,1.0,2.0,3.0,2.0,51.0,11.0,8.0,0.7,0.0,0.0,335.0,403.0,0.8,6.0,11.0,0.5,54.0,31.0,0.6,1.0,6.0,15.0,0.4,5.0,14.0,14.0,Udinese,16.0,2.0,1.0,4.0,2.0,5.0,49.0,6.0,2.0,0.3,0.0,0.0,324.0,379.0,0.9,4.0,22.0,0.2,44.0,22.0,0.5,1.0,13.0,19.0,0.7,13.0,12.0,12.0,712319,2025-01-20 19:45:00,2025
Torino,11.0,0.0,0.0,4.0,6.0,1.0,49.9,19.0,6.0,0.3,0.0,0.0,352.0,422.0,0.8,7.0,23.0,0.3,54.0,22.0,0.4,7.0,3.0,10.0,0.3,9.0,13.0,13.0,Cagliari,10.0,1.0,0.0,1.0,3.0,4.0,50.1,6.0,1.0,0.2,0.0,0.0,342.0,420.0,0.8,6.0,23.0,0.3,53.0,25.0,0.5,1.0,7.0,12.0,0.6,8.0,20.0,20.0,712325,2025-01-24 19:45:00,2025
Como,15.0,2.0,0.0,1.0,4.0,1.0,54.0,15.0,5.0,0.3,0.0,0.0,398.0,480.0,0.8,1.0,14.0,0.1,61.0,27.0,0.4,5.0,13.0,22.0,0.6,7.0,10.0,10.0,Atalanta,10.0,3.0,0.0,3.0,5.0,4.0,46.0,5.0,3.0,0.6,0.0,0.0,327.0,402.0,0.8,2.0,13.0,0.2,50.0,17.0,0.3,1.0,14.0,24.0,0.6,11.0,11.0,11.0,712323,2025-01-25 14:00:00,2025
Napoli,9.0,2.0,0.0,1.0,10.0,1.0,49.3,14.0,3.0,0.2,1.0,1.0,353.0,396.0,0.9,6.0,25.0,0.2,40.0,24.0,0.6,6.0,10.0,14.0,0.7,8.0,17.0,17.0,Juventus,15.0,2.0,0.0,1.0,1.0,1.0,50.7,5.0,2.0,0.4,0.0,0.0,376.0,429.0,0.9,0.0,7.0,0.0,48.0,22.0,0.5,0.0,5.0,16.0,0.3,7.0,20.0,20.0,712326,2025-01-25 17:00:00,2025
Empoli,25.0,3.0,0.0,2.0,2.0,7.0,36.2,5.0,1.0,0.2,0.0,0.0,156.0,245.0,0.6,3.0,12.0,0.3,56.0,20.0,0.4,2.0,11.0,18.0,0.6,6.0,43.0,43.0,Bologna,13.0,0.0,0.0,0.0,4.0,0.0,63.8,9.0,8.0,0.9,0.0,0.0,337.0,432.0,0.8,7.0,19.0,0.4,74.0,36.0,0.5,1.0,7.0,17.0,0.4,4.0,22.0,22.0,712332,2025-01-25 19:45:00,2025
AC Milan,14.0,2.0,0.0,5.0,8.0,3.0,60.6,14.0,5.0,0.4,1.0,1.0,420.0,475.0,0.9,3.0,27.0,0.1,39.0,28.0,0.7,6.0,9.0,11.0,0.8,8.0,14.0,14.0,Parma,7.0,5.0,0.0,0.0,4.0,2.0,39.4,12.0,5.0,0.4,0.0,0.0,251.0,312.0,0.8,3.0,11.0,0.3,40.0,20.0,0.5,4.0,12.0,20.0,0.6,9.0,29.0,29.0,712327,2025-01-26 11:30:00,2025
Udinese,15.0,2.0,0.0,1.0,1.0,7.0,48.7,10.0,3.0,0.3,0.0,0.0,353.0,425.0,0.8,3.0,19.0,0.2,54.0,25.0,0.5,4.0,9.0,18.0,0.5,5.0,35.0,35.0,AS Roma,12.0,2.0,0.0,4.0,5.0,2.0,51.3,16.0,10.0,0.6,2.0,2.0,385.0,449.0,0.9,4.0,16.0,0.3,40.0,20.0,0.5,3.0,5.0,8.0,0.6,7.0,34.0,34.0,712324,2025-01-26 14:00:00,2025
Lecce,13.0,0.0,0.0,1.0,7.0,1.0,49.8,17.0,4.0,0.2,0.0,0.0,377.0,438.0,0.9,8.0,28.0,0.3,38.0,22.0,0.6,5.0,11.0,20.0,0.6,9.0,11.0,11.0,Internazionale,12.0,2.0,0.0,4.0,0.0,4.0,50.2,9.0,5.0,0.6,1.0,1.0,407.0,462.0,0.9,1.0,5.0,0.2,37.0,18.0,0.5,3.0,3.0,10.0,0.3,6.0,20.0,20.0,712330,2025-01-26 17:00:00,2025
Lazio,9.0,1.0,0.0,0.0,14.0,1.0,70.1,22.0,3.0,0.1,0.0,0.0,510.0,571.0,0.9,7.0,38.0,0.2,34.0,17.0,0.5,8.0,9.0,18.0,0.5,4.0,10.0,10.0,Fiorentina,12.0,2.0,1.0,2.0,2.0,2.0,29.9,7.0,3.0,0.4,0.0,0.0,192.0,250.0,0.8,2.0,10.0,0.2,45.0,22.0,0.5,1.0,13.0,20.0,0.7,7.0,45.0,45.0,712329,2025-01-26 19:45:00,2025
Venezia,16.0,1.0,0.0,0.0,7.0,4.0,49.3,9.0,1.0,0.1,0.0,0.0,264.0,338.0,0.8,3.0,19.0,0.2,46.0,19.0,0.4,6.0,6.0,9.0,0.7,4.0,31.0,31.0,Hellas Verona,14.0,1.0,0.0,3.0,9.0,1.0,50.7,21.0,5.0,0.2,0.0,0.0,259.0,338.0,0.8,10.0,33.0,0.3,45.0,21.0,0.5,8.0,15.0,21.0,0.7,8.0,22.0,22.0,712331,2025-01-27 17:30:00,2025
Genoa,13.0,0.0,0.0,4.0,9.0,1.0,49.9,18.0,6.0,0.3,0.0,1.0,227.0,304.0,0.7,9.0,32.0,0.3,47.0,19.0,0.4,8.0,12.0,21.0,0.6,7.0,11.0,11.0,Monza,19.0,4.0,0.0,1.0,6.0,4.0,50.1,5.0,1.0,0.2,0.0,0.0,238.0,327.0,0.7,3.0,13.0,0.2,71.0,25.0,0.4,3.0,6.0,9.0,0.7,8.0,30.0,30.0,712328,2025-01-27 19:45:00,2025
Parma,8.0,1.0,0.0,1.0,3.0,0.0,46.9,19.0,7.0,0.4,1.0,1.0,340.0,407.0,0.8,4.0,21.0,0.2,45.0,20.0,0.4,9.0,6.0,10.0,0.6,11.0,9.0,9.0,Lecce,14.0,2.0,0.0,4.0,2.0,6.0,53.1,6.0,3.0,0.5,0.0,0.0,399.0,472.0,0.8,5.0,11.0,0.5,63.0,30.0,0.5,1.0,10.0,14.0,0.7,6.0,37.0,37.0,712339,2025-01-31 19:45:00,2025
Monza,12.0,2.0,0.0,0.0,7.0,4.0,66.0,9.0,2.0,0.2,0.0,0.0,438.0,521.0,0.8,5.0,27.0,0.2,48.0,23.0,0.5,2.0,5.0,11.0,0.5,6.0,13.0,13.0,Hellas Verona,23.0,3.0,0.0,0.0,3.0,2.0,34.0,12.0,4.0,0.3,0.0,0.0,200.0,276.0,0.7,2.0,8.0,0.3,46.0,13.0,0.3,2.0,23.0,30.0,0.8,12.0,43.0,43.0,712338,2025-02-01 14:00:00,2025
Udinese,20.0,3.0,0.0,3.0,4.0,1.0,52.4,13.0,5.0,0.4,0.0,0.0,271.0,343.0,0.8,3.0,19.0,0.2,51.0,21.0,0.4,1.0,12.0,16.0,0.8,11.0,21.0,21.0,Venezia,9.0,3.0,0.0,1.0,6.0,2.0,47.6,14.0,3.0,0.2,0.0,0.0,229.0,311.0,0.7,7.0,17.0,0.4,51.0,21.0,0.4,4.0,6.0,16.0,0.4,6.0,18.0,18.0,712341,2025-02-01 14:00:00,2025
Atalanta,6.0,0.0,0.0,1.0,9.0,2.0,65.4,22.0,10.0,0.5,0.0,1.0,585.0,661.0,0.9,11.0,32.0,0.3,39.0,24.0,0.6,9.0,7.0,11.0,0.6,10.0,12.0,12.0,Torino,11.0,3.0,0.0,0.0,0.0,9.0,34.6,5.0,3.0,0.6,0.0,0.0,268.0,359.0,0.7,0.0,5.0,0.0,54.0,13.0,0.2,2.0,7.0,16.0,0.4,9.0,21.0,21.0,712337,2025-02-01 17:00:00,2025
Bologna,16.0,3.0,0.0,3.0,5.0,1.0,50.5,15.0,4.0,0.3,0.0,0.0,338.0,393.0,0.9,6.0,19.0,0.3,42.0,23.0,0.5,5.0,18.0,29.0,0.6,17.0,14.0,14.0,Como,18.0,4.0,1.0,3.0,2.0,2.0,49.5,8.0,1.0,0.1,0.0,0.0,320.0,391.0,0.8,1.0,7.0,0.1,30.0,15.0,0.5,2.0,11.0,22.0,0.5,8.0,14.0,14.0,712333,2025-02-01 19:45:00,2025
Juventus,14.0,0.0,0.0,0.0,8.0,2.0,55.9,23.0,8.0,0.3,0.0,0.0,304.0,382.0,0.8,9.0,24.0,0.4,48.0,22.0,0.5,8.0,18.0,22.0,0.8,5.0,18.0,18.0,Empoli,13.0,1.0,1.0,1.0,6.0,4.0,44.1,10.0,3.0,0.3,0.0,0.0,217.0,306.0,0.7,2.0,12.0,0.2,55.0,19.0,0.3,4.0,12.0,21.0,0.6,8.0,24.0,24.0,712336,2025-02-02 11:30:00,2025
Fiorentina,17.0,3.0,0.0,3.0,1.0,2.0,40.4,7.0,6.0,0.9,0.0,0.0,227.0,302.0,0.8,1.0,7.0,0.1,61.0,22.0,0.4,1.0,10.0,17.0,0.6,7.0,37.0,37.0,Genoa,14.0,1.0,0.0,0.0,8.0,3.0,59.6,17.0,3.0,0.2,0.0,0.0,330.0,422.0,0.8,13.0,34.0,0.4,34.0,13.0,0.4,3.0,5.0,10.0,0.5,2.0,6.0,6.0,712340,2025-02-02 14:00:00,2025
AC Milan,5.0,0.0,0.0,2.0,8.0,5.0,37.5,10.0,4.0,0.4,0.0,0.0,305.0,360.0,0.8,3.0,11.0,0.3,41.0,17.0,0.4,5.0,15.0,20.0,0.8,13.0,15.0,15.0,Internazionale,9.0,2.0,0.0,5.0,11.0,3.0,62.5,16.0,6.0,0.4,0.0,0.0,544.0,595.0,0.9,13.0,30.0,0.4,26.0,17.0,0.7,3.0,5.0,8.0,0.6,6.0,15.0,15.0,712342,2025-02-02 17:00:00,2025
AS Roma,9.0,2.0,0.0,1.0,2.0,1.0,51.2,12.0,2.0,0.2,0.0,0.0,415.0,483.0,0.9,3.0,21.0,0.1,37.0,15.0,0.4,5.0,6.0,9.0,0.7,4.0,16.0,16.0,Napoli,13.0,1.0,0.0,2.0,3.0,1.0,48.8,5.0,2.0,0.4,0.0,0.0,402.0,469.0,0.9,3.0,12.0,0.3,54.0,24.0,0.4,1.0,11.0,15.0,0.7,6.0,29.0,29.0,712335,2025-02-02 19:45:00,2025
Cagliari,14.0,0.0,0.0,1.0,7.0,4.0,38.8,15.0,5.0,0.3,0.0,0.0,282.0,336.0,0.8,6.0,25.0,0.2,30.0,10.0,0.3,4.0,7.0,13.0,0.5,2.0,25.0,25.0,Lazio,9.0,0.0,0.0,2.0,7.0,4.0,61.2,11.0,6.0,0.5,0.0,0.0,503.0,557.0,0.9,8.0,19.0,0.4,40.0,26.0,0.7,3.0,7.0,16.0,0.4,5.0,35.0,35.0,712334,2025-02-03 19:45:00,2025
Fiorentina,11.0,1.0,0.0,3.0,1.0,2.0,28.1,10.0,6.0,0.6,0.0,0.0,180.0,248.0,0.7,5.0,7.0,0.7,68.0,31.0,0.5,2.0,2.0,4.0,0.5,6.0,26.0,26.0,Internazionale,10.0,0.0,0.0,2.0,8.0,3.0,71.9,11.0,2.0,0.2,0.0,0.0,542.0,627.0,0.9,6.0,23.0,0.3,44.0,30.0,0.7,4.0,10.0,16.0,0.6,4.0,12.0,12.0,712244,2025-02-06 19:45:00,2025
Como,15.0,3.0,0.0,1.0,9.0,1.0,52.2,16.0,6.0,0.4,0.0,0.0,342.0,409.0,0.8,7.0,24.0,0.3,49.0,25.0,0.5,5.0,12.0,16.0,0.8,8.0,19.0,19.0,Juventus,15.0,1.0,0.0,3.0,1.0,5.0,47.8,8.0,3.0,0.4,1.0,1.0,317.0,386.0,0.8,1.0,12.0,0.1,57.0,24.0,0.4,2.0,9.0,21.0,0.4,10.0,25.0,25.0,712352,2025-02-07 19:45:00,2025
Hellas Verona,10.0,2.0,0.0,3.0,7.0,2.0,38.0,19.0,8.0,0.4,0.0,0.0,305.0,368.0,0.8,5.0,12.0,0.4,41.0,24.0,0.6,3.0,10.0,13.0,0.8,12.0,22.0,22.0,Atalanta,6.0,1.0,0.0,0.0,2.0,7.0,62.0,17.0,7.0,0.4,0.0,0.0,524.0,602.0,0.9,7.0,16.0,0.4,39.0,18.0,0.5,1.0,7.0,12.0,0.6,5.0,13.0,13.0,712349,2025-02-08 14:00:00,2025
Empoli,17.0,2.0,1.0,5.0,2.0,3.0,37.7,8.0,0.0,0.0,0.0,0.0,208.0,284.0,0.7,4.0,12.0,0.3,54.0,23.0,0.4,4.0,12.0,21.0,0.6,13.0,19.0,19.0,AC Milan,10.0,2.0,1.0,2.0,6.0,0.0,62.3,16.0,5.0,0.3,0.0,0.0,410.0,476.0,0.9,2.0,11.0,0.2,49.0,27.0,0.6,4.0,14.0,18.0,0.8,7.0,25.0,25.0,712348,2025-02-08 17:00:00,2025
Torino,11.0,2.0,0.0,2.0,4.0,1.0,56.5,10.0,3.0,0.3,0.0,0.0,391.0,489.0,0.8,3.0,20.0,0.2,59.0,21.0,0.4,3.0,7.0,15.0,0.5,7.0,16.0,16.0,Genoa,10.0,2.0,0.0,1.0,2.0,3.0,43.5,6.0,2.0,0.3,0.0,0.0,297.0,383.0,0.8,0.0,10.0,0.0,54.0,23.0,0.4,2.0,11.0,20.0,0.6,8.0,27.0,27.0,712343,2025-02-08 19:45:00,2025
Venezia,13.0,2.0,0.0,1.0,4.0,3.0,63.3,12.0,3.0,0.3,0.0,0.0,461.0,552.0,0.8,5.0,20.0,0.3,45.0,16.0,0.4,7.0,7.0,11.0,0.6,10.0,23.0,23.0,AS Roma,21.0,3.0,0.0,0.0,6.0,3.0,36.7,13.0,5.0,0.4,1.0,1.0,226.0,315.0,0.7,4.0,14.0,0.3,60.0,19.0,0.3,6.0,13.0,28.0,0.5,9.0,19.0,19.0,712347,2025-02-09 11:30:00,2025
Cagliari,14.0,0.0,0.0,1.0,7.0,0.0,38.5,14.0,3.0,0.2,0.0,0.0,260.0,327.0,0.8,8.0,18.0,0.4,52.0,26.0,0.5,3.0,12.0,18.0,0.7,7.0,21.0,21.0,Parma,12.0,2.0,0.0,1.0,6.0,2.0,61.5,9.0,1.0,0.1,0.0,0.0,452.0,534.0,0.8,3.0,17.0,0.2,38.0,13.0,0.3,3.0,11.0,16.0,0.7,3.0,19.0,19.0,712346,2025-02-09 14:00:00,2025
Lazio,10.0,0.0,0.0,2.0,8.0,0.0,61.0,26.0,10.0,0.4,0.0,0.0,521.0,565.0,0.9,6.0,23.0,0.3,25.0,15.0,0.6,9.0,8.0,10.0,0.8,6.0,8.0,8.0,Monza,12.0,1.0,0.0,1.0,1.0,4.0,39.0,3.0,1.0,0.3,1.0,1.0,313.0,365.0,0.9,1.0,8.0,0.1,38.0,19.0,0.5,0.0,4.0,10.0,0.4,9.0,20.0,20.0,712351,2025-02-09 14:00:00,2025
Lecce,14.0,0.0,0.0,0.0,6.0,2.0,41.0,6.0,1.0,0.2,0.0,0.0,217.0,317.0,0.7,3.0,18.0,0.2,75.0,31.0,0.4,2.0,5.0,9.0,0.6,8.0,24.0,24.0,Bologna,16.0,2.0,0.0,2.0,5.0,1.0,59.0,8.0,2.0,0.3,0.0,0.0,363.0,459.0,0.8,7.0,20.0,0.4,55.0,18.0,0.3,1.0,6.0,12.0,0.5,12.0,26.0,26.0,712345,2025-02-09 17:00:00,2025
Napoli,11.0,0.0,0.0,1.0,6.0,3.0,61.8,18.0,4.0,0.2,0.0,0.0,470.0,539.0,0.9,7.0,19.0,0.4,56.0,33.0,0.6,10.0,3.0,5.0,0.6,4.0,13.0,13.0,Udinese,10.0,1.0,0.0,2.0,6.0,3.0,38.2,8.0,4.0,0.5,0.0,0.0,269.0,333.0,0.8,4.0,16.0,0.3,48.0,18.0,0.4,1.0,6.0,13.0,0.5,6.0,25.0,25.0,712344,2025-02-09 19:45:00,2025
Internazionale,16.0,4.0,0.0,1.0,8.0,1.0,62.3,22.0,8.0,0.4,0.0,0.0,509.0,568.0,0.9,12.0,31.0,0.4,47.0,36.0,0.8,5.0,9.0,17.0,0.5,5.0,15.0,15.0,Fiorentina,15.0,3.0,0.0,1.0,1.0,7.0,37.7,7.0,2.0,0.3,1.0,1.0,288.0,346.0,0.8,2.0,13.0,0.2,39.0,16.0,0.4,2.0,7.0,10.0,0.7,4.0,25.0,25.0,712350,2025-02-10 19:45:00,2025
Bologna,7.0,0.0,0.0,3.0,8.0,3.0,65.7,22.0,6.0,0.3,1.0,1.0,363.0,432.0,0.8,10.0,33.0,0.3,69.0,36.0,0.5,6.0,5.0,8.0,0.6,4.0,28.0,28.0,Torino,17.0,4.0,0.0,1.0,2.0,4.0,34.3,8.0,5.0,0.6,0.0,0.0,154.0,236.0,0.7,4.0,6.0,0.7,62.0,23.0,0.4,1.0,6.0,10.0,0.6,12.0,35.0,35.0,712356,2025-02-14 19:45:00,2025
Atalanta,7.0,1.0,0.0,0.0,8.0,0.0,58.7,9.0,2.0,0.2,0.0,0.0,536.0,606.0,0.9,7.0,29.0,0.2,27.0,13.0,0.5,3.0,17.0,22.0,0.8,8.0,13.0,13.0,Cagliari,11.0,1.0,0.0,0.0,2.0,2.0,41.3,3.0,0.0,0.0,0.0,0.0,355.0,429.0,0.8,3.0,13.0,0.2,48.0,20.0,0.4,2.0,10.0,22.0,0.5,9.0,22.0,22.0,712355,2025-02-15 14:00:00,2025
Lazio,9.0,2.0,0.0,1.0,7.0,1.0,52.7,12.0,5.0,0.4,0.0,0.0,407.0,460.0,0.9,1.0,23.0,0.0,44.0,18.0,0.4,1.0,6.0,7.0,0.9,13.0,10.0,10.0,Napoli,19.0,2.0,0.0,1.0,1.0,3.0,47.3,5.0,2.0,0.4,0.0,0.0,368.0,426.0,0.9,3.0,10.0,0.3,41.0,23.0,0.6,2.0,10.0,18.0,0.6,7.0,26.0,26.0,712358,2025-02-15 17:00:00,2025
AC Milan,11.0,3.0,0.0,3.0,10.0,2.0,73.7,18.0,3.0,0.2,0.0,0.0,467.0,532.0,0.9,3.0,24.0,0.1,29.0,19.0,0.7,7.0,5.0,9.0,0.6,4.0,17.0,17.0,Hellas Verona,18.0,4.0,0.0,2.0,7.0,2.0,26.3,7.0,2.0,0.3,0.0,0.0,120.0,185.0,0.6,1.0,14.0,0.1,53.0,18.0,0.3,2.0,8.0,14.0,0.6,11.0,29.0,29.0,712361,2025-02-15 19:45:00,2025
Fiorentina,14.0,3.0,0.0,1.0,3.0,2.0,50.4,5.0,3.0,0.6,0.0,0.0,356.0,440.0,0.8,1.0,11.0,0.1,46.0,21.0,0.5,1.0,10.0,17.0,0.6,5.0,16.0,16.0,Como,24.0,2.0,0.0,3.0,1.0,3.0,49.6,8.0,4.0,0.5,0.0,0.0,362.0,442.0,0.8,2.0,3.0,0.7,39.0,15.0,0.4,2.0,13.0,21.0,0.6,16.0,21.0,21.0,712357,2025-02-16 11:30:00,2025
Monza,10.0,2.0,0.0,2.0,3.0,5.0,56.3,8.0,3.0,0.4,0.0,0.0,410.0,487.0,0.8,4.0,22.0,0.2,52.0,27.0,0.5,0.0,8.0,10.0,0.8,7.0,29.0,29.0,Lecce,18.0,2.0,0.0,0.0,7.0,3.0,43.7,19.0,5.0,0.3,0.0,0.0,305.0,377.0,0.8,7.0,20.0,0.4,67.0,36.0,0.5,3.0,5.0,12.0,0.4,10.0,32.0,32.0,712362,2025-02-16 14:00:00,2025
Udinese,12.0,0.0,0.0,0.0,9.0,4.0,57.1,17.0,9.0,0.5,0.0,0.0,390.0,466.0,0.8,5.0,22.0,0.2,50.0,24.0,0.5,3.0,8.0,14.0,0.6,9.0,24.0,24.0,Empoli,17.0,0.0,0.0,3.0,5.0,5.0,42.9,16.0,4.0,0.3,0.0,0.0,266.0,344.0,0.8,4.0,19.0,0.2,55.0,25.0,0.5,7.0,14.0,21.0,0.7,6.0,31.0,31.0,712353,2025-02-16 14:00:00,2025
Parma,11.0,2.0,1.0,1.0,1.0,3.0,28.3,5.0,1.0,0.2,0.0,0.0,203.0,278.0,0.7,1.0,7.0,0.1,47.0,14.0,0.3,0.0,6.0,12.0,0.5,10.0,19.0,19.0,AS Roma,5.0,3.0,0.0,3.0,10.0,1.0,71.7,16.0,4.0,0.3,0.0,0.0,658.0,713.0,0.9,3.0,20.0,0.2,31.0,18.0,0.6,7.0,8.0,14.0,0.6,5.0,24.0,24.0,712354,2025-02-16 17:00:00,2025
Juventus,0.0,0.0,0.0,0.0,0.0,0.0,0.0,0.0,0.0,0.0,0.0,0.0,0.0,0.0,0.0,0.0,0.0,0.0,0.0,0.0,0.0,0.0,0.0,0.0,0.0,0.0,0.0,0.0,Internazionale,0.0,0.0,0.0,0.0,0.0,0.0,0.0,0.0,0.0,0.0,0.0,0.0,0.0,0.0,0.0,0.0,0.0,0.0,0.0,0.0,0.0,0.0,0.0,0.0,0.0,0.0,0.0,0.0,712359,2025-02-16 19:45:00,2025
Genoa,14.0,1.0,0.0,3.0,4.0,3.0,50.3,14.0,5.0,0.4,0.0,0.0,260.0,355.0,0.7,5.0,13.0,0.4,55.0,26.0,0.5,5.0,20.0,32.0,0.6,9.0,17.0,17.0,Venezia,15.0,1.0,0.0,1.0,5.0,3.0,49.7,7.0,3.0,0.4,0.0,0.0,251.0,350.0,0.7,3.0,13.0,0.2,49.0,15.0,0.3,1.0,12.0,20.0,0.6,6.0,19.0,19.0,712360,2025-02-17 19:45:00,2025
Lecce,15.0,1.0,0.0,2.0,11.0,4.0,45.4,10.0,1.0,0.1,0.0,0.0,285.0,376.0,0.8,4.0,21.0,0.2,50.0,22.0,0.4,4.0,13.0,20.0,0.7,14.0,38.0,38.0,Udinese,11.0,3.0,0.0,2.0,8.0,1.0,54.6,12.0,5.0,0.4,1.0,1.0,370.0,458.0,0.8,5.0,20.0,0.3,65.0,29.0,0.4,4.0,8.0,12.0,0.7,9.0,32.0,32.0,712363,2025-02-21 19:45:00,2025
Parma,14.0,2.0,0.0,1.0,0.0,1.0,25.6,4.0,3.0,0.8,1.0,1.0,131.0,202.0,0.6,1.0,2.0,0.5,45.0,14.0,0.3,0.0,6.0,10.0,0.6,6.0,45.0,45.0,Bologna,13.0,1.0,0.0,3.0,4.0,1.0,74.4,16.0,1.0,0.1,0.0,0.0,485.0,562.0,0.9,7.0,28.0,0.3,47.0,22.0,0.5,3.0,7.0,13.0,0.5,7.0,9.0,9.0,712366,2025-02-22 14:00:00,2025
Venezia,21.0,4.0,0.0,0.0,6.0,3.0,36.9,9.0,2.0,0.2,0.0,0.0,253.0,319.0,0.8,4.0,16.0,0.3,45.0,16.0,0.4,3.0,14.0,24.0,0.6,8.0,26.0,26.0,Lazio,12.0,2.0,0.0,1.0,6.0,2.0,63.1,9.0,3.0,0.3,0.0,0.0,493.0,560.0,0.9,4.0,16.0,0.3,60.0,39.0,0.7,2.0,8.0,11.0,0.7,4.0,20.0,20.0,712368,2025-02-22 14:00:00,2025
Torino,14.0,1.0,0.0,2.0,4.0,7.0,35.3,9.0,3.0,0.3,0.0,0.0,222.0,279.0,0.8,2.0,12.0,0.2,59.0,26.0,0.4,2.0,3.0,10.0,0.3,10.0,31.0,31.0,AC Milan,5.0,1.0,0.0,2.0,11.0,2.0,64.7,26.0,8.0,0.3,0.0,1.0,442.0,506.0,0.9,10.0,36.0,0.3,38.0,25.0,0.7,7.0,5.0,11.0,0.5,4.0,25.0,25.0,712364,2025-02-22 17:00:00,2025
Internazionale,7.0,0.0,0.0,2.0,6.0,2.0,62.4,18.0,5.0,0.3,0.0,0.0,501.0,595.0,0.8,6.0,25.0,0.2,54.0,31.0,0.6,8.0,7.0,8.0,0.9,7.0,25.0,25.0,Genoa,14.0,2.0,0.0,0.0,7.0,3.0,37.6,11.0,2.0,0.2,0.0,0.0,267.0,349.0,0.8,5.0,24.0,0.2,55.0,14.0,0.3,5.0,5.0,13.0,0.4,8.0,40.0,40.0,712371,2025-02-22 19:45:00,2025
Como,17.0,1.0,0.0,1.0,4.0,3.0,42.9,8.0,3.0,0.4,0.0,0.0,270.0,346.0,0.8,1.0,8.0,0.1,51.0,18.0,0.4,4.0,18.0,26.0,0.7,5.0,36.0,36.0,Napoli,14.0,3.0,0.0,3.0,6.0,2.0,57.1,13.0,4.0,0.3,0.0,0.0,381.0,455.0,0.8,5.0,17.0,0.3,43.0,22.0,0.5,4.0,10.0,18.0,0.6,7.0,16.0,16.0,712367,2025-02-23 11:30:00,2025
Hellas Verona,19.0,2.0,0.0,0.0,4.0,3.0,43.0,7.0,3.0,0.4,0.0,0.0,252.0,335.0,0.8,3.0,15.0,0.2,61.0,23.0,0.4,2.0,12.0,20.0,0.6,12.0,18.0,18.0,Fiorentina,8.0,3.0,0.0,1.0,1.0,2.0,57.0,8.0,3.0,0.4,0.0,0.0,377.0,452.0,0.8,2.0,12.0,0.2,41.0,13.0,0.3,1.0,2.0,8.0,0.3,9.0,21.0,21.0,712370,2025-02-23 14:00:00,2025
Empoli,4.0,0.0,0.0,0.0,3.0,4.0,46.4,10.0,1.0,0.1,0.0,0.0,303.0,395.0,0.8,4.0,15.0,0.3,62.0,25.0,0.4,1.0,9.0,16.0,0.6,6.0,20.0,20.0,Atalanta,17.0,1.0,0.0,1.0,4.0,1.0,53.6,14.0,8.0,0.6,0.0,0.0,370.0,450.0,0.8,6.0,21.0,0.3,57.0,31.0,0.5,1.0,10.0,17.0,0.6,7.0,36.0,36.0,712369,2025-02-23 17:00:00,2025
Cagliari,9.0,0.0,0.0,0.0,3.0,6.0,39.3,8.0,2.0,0.3,0.0,0.0,291.0,367.0,0.8,8.0,35.0,0.2,51.0,23.0,0.5,2.0,7.0,17.0,0.4,4.0,22.0,22.0,Juventus,15.0,1.0,0.0,1.0,4.0,2.0,60.7,14.0,7.0,0.5,0.0,0.0,540.0,606.0,0.9,3.0,18.0,0.2,46.0,22.0,0.5,1.0,7.0,14.0,0.5,3.0,23.0,23.0,712372,2025-02-23 19:45:00,2025
AS Roma,6.0,0.0,0.0,0.0,6.0,2.0,64.6,23.0,6.0,0.3,0.0,0.0,661.0,723.0,0.9,10.0,19.0,0.5,37.0,21.0,0.6,8.0,10.0,18.0,0.6,8.0,5.0,5.0,Monza,7.0,1.0,0.0,0.0,3.0,2.0,35.4,5.0,2.0,0.4,0.0,0.0,336.0,391.0,0.9,1.0,8.0,0.1,32.0,15.0,0.5,1.0,10.0,17.0,0.6,6.0,26.0,26.0,712365,2025-02-24 19:45:00,2025
Bologna,13.0,1.0,0.0,2.0,4.0,3.0,57.1,14.0,4.0,0.3,0.0,0.0,365.0,450.0,0.8,4.0,13.0,0.3,63.0,29.0,0.5,3.0,9.0,11.0,0.8,10.0,30.0,30.0,AC Milan,15.0,2.0,0.0,2.0,5.0,2.0,42.9,8.0,4.0,0.5,0.0,0.0,246.0,335.0,0.7,3.0,10.0,0.3,61.0,26.0,0.4,2.0,13.0,20.0,0.7,13.0,26.0,26.0,712200,2025-02-27 19:45:00,2025
Fiorentina,10.0,3.0,0.0,5.0,5.0,3.0,47.4,10.0,3.0,0.3,0.0,1.0,317.0,411.0,0.8,6.0,24.0,0.3,76.0,31.0,0.4,2.0,4.0,8.0,0.5,8.0,37.0,37.0,Lecce,12.0,2.0,0.0,0.0,2.0,2.0,52.6,8.0,3.0,0.4,0.0,0.0,362.0,454.0,0.8,6.0,23.0,0.3,52.0,19.0,0.4,3.0,4.0,11.0,0.4,11.0,24.0,24.0,712379,2025-02-28 19:45:00,2025
Atalanta,12.0,1.0,0.0,3.0,3.0,2.0,59.3,18.0,3.0,0.2,0.0,0.0,418.0,504.0,0.8,7.0,24.0,0.3,50.0,22.0,0.4,4.0,11.0,19.0,0.6,5.0,30.0,30.0,Venezia,14.0,2.0,0.0,3.0,2.0,4.0,40.7,8.0,2.0,0.3,0.0,0.0,257.0,356.0,0.7,2.0,10.0,0.2,65.0,22.0,0.3,3.0,20.0,32.0,0.6,8.0,29.0,29.0,712381,2025-03-01 14:00:00,2025
Napoli,7.0,1.0,0.0,1.0,12.0,0.0,62.1,19.0,4.0,0.2,0.0,0.0,417.0,483.0,0.9,3.0,34.0,0.1,40.0,19.0,0.5,13.0,11.0,14.0,0.8,2.0,35.0,35.0,Internazionale,15.0,0.0,0.0,0.0,3.0,4.0,37.9,6.0,1.0,0.2,0.0,0.0,244.0,300.0,0.8,4.0,10.0,0.4,61.0,32.0,0.5,3.0,4.0,10.0,0.4,10.0,37.0,37.0,712374,2025-03-01 17:00:00,2025
Udinese,15.0,1.0,0.0,3.0,7.0,3.0,42.9,20.0,6.0,0.3,1.0,1.0,346.0,398.0,0.9,7.0,25.0,0.3,48.0,28.0,0.6,5.0,12.0,15.0,0.8,5.0,20.0,20.0,Parma,7.0,1.0,0.0,1.0,7.0,5.0,57.1,9.0,4.0,0.4,0.0,0.0,475.0,539.0,0.9,4.0,13.0,0.3,45.0,19.0,0.4,2.0,5.0,11.0,0.5,2.0,18.0,18.0,712382,2025-03-01 19:45:00,2025
Monza,10.0,2.0,0.0,3.0,1.0,5.0,52.7,9.0,2.0,0.2,0.0,0.0,416.0,478.0,0.9,8.0,24.0,0.3,50.0,30.0,0.6,3.0,3.0,7.0,0.4,5.0,23.0,23.0,Torino,20.0,2.0,0.0,1.0,4.0,2.0,47.3,13.0,7.0,0.5,0.0,0.0,370.0,434.0,0.9,7.0,18.0,0.4,57.0,40.0,0.7,1.0,4.0,8.0,0.5,12.0,14.0,14.0,712375,2025-03-02 11:30:00,2025
Genoa,12.0,1.0,0.0,0.0,3.0,0.0,60.6,4.0,1.0,0.3,0.0,0.0,307.0,412.0,0.7,5.0,12.0,0.4,69.0,24.0,0.3,0.0,12.0,15.0,0.8,7.0,48.0,48.0,Empoli,18.0,3.0,0.0,3.0,6.0,0.0,39.4,7.0,1.0,0.1,0.0,0.0,151.0,259.0,0.6,4.0,19.0,0.2,51.0,17.0,0.3,2.0,14.0,20.0,0.7,10.0,31.0,31.0,712378,2025-03-02 14:00:00,2025
Bologna,15.0,1.0,0.0,1.0,4.0,0.0,63.2,15.0,5.0,0.3,1.0,1.0,419.0,507.0,0.8,8.0,17.0,0.5,75.0,33.0,0.4,4.0,9.0,15.0,0.6,6.0,12.0,12.0,Cagliari,24.0,2.0,0.0,1.0,1.0,4.0,36.8,2.0,1.0,0.5,0.0,0.0,197.0,296.0,0.7,1.0,6.0,0.2,60.0,19.0,0.3,1.0,12.0,19.0,0.6,6.0,21.0,21.0,712380,2025-03-02 14:00:00,2025
AS Roma,6.0,2.0,0.0,1.0,1.0,2.0,47.8,11.0,4.0,0.4,0.0,0.0,441.0,512.0,0.9,3.0,7.0,0.4,53.0,21.0,0.4,4.0,7.0,18.0,0.4,12.0,14.0,14.0,Como,18.0,5.0,1.0,3.0,2.0,2.0,52.2,10.0,3.0,0.3,0.0,0.0,478.0,553.0,0.9,2.0,10.0,0.2,46.0,16.0,0.3,4.0,10.0,18.0,0.6,8.0,21.0,21.0,712373,2025-03-02 17:00:00,2025
AC Milan,14.0,3.0,1.0,0.0,3.0,6.0,60.5,15.0,4.0,0.3,0.0,0.0,472.0,534.0,0.9,6.0,17.0,0.4,27.0,16.0,0.6,4.0,7.0,16.0,0.4,4.0,15.0,15.0,Lazio,6.0,1.0,0.0,1.0,5.0,3.0,39.5,21.0,8.0,0.4,1.0,1.0,292.0,346.0,0.8,5.0,15.0,0.3,46.0,28.0,0.6,4.0,10.0,15.0,0.7,11.0,33.0,33.0,712376,2025-03-02 19:45:00,2025
Juventus,14.0,1.0,0.0,1.0,6.0,2.0,76.1,27.0,9.0,0.3,0.0,0.0,596.0,672.0,0.9,6.0,30.0,0.2,34.0,21.0,0.6,8.0,5.0,9.0,0.6,1.0,8.0,8.0,Hellas Verona,8.0,0.0,0.0,3.0,0.0,7.0,23.9,5.0,2.0,0.4,0.0,0.0,140.0,213.0,0.7,1.0,7.0,0.1,51.0,16.0,0.3,2.0,13.0,16.0,0.8,12.0,42.0,42.0,712377,2025-03-03 19:45:00,2025
Cagliari,16.0,2.0,0.0,1.0,2.0,1.0,46.6,9.0,1.0,0.1,0.0,0.0,268.0,379.0,0.7,5.0,12.0,0.4,73.0,21.0,0.3,2.0,6.0,10.0,0.6,10.0,22.0,22.0,Genoa,15.0,2.0,0.0,2.0,5.0,0.0,53.4,8.0,2.0,0.3,0.0,0.0,328.0,428.0,0.8,7.0,20.0,0.4,67.0,27.0,0.4,1.0,8.0,14.0,0.6,6.0,26.0,26.0,712391,2025-03-07 19:45:00,2025
Parma,16.0,4.0,0.0,1.0,7.0,0.0,51.8,12.0,4.0,0.3,0.0,0.0,283.0,349.0,0.8,7.0,22.0,0.3,59.0,28.0,0.5,3.0,6.0,14.0,0.4,4.0,23.0,23.0,Torino,15.0,2.0,0.0,0.0,4.0,2.0,48.2,6.0,2.0,0.3,0.0,0.0,268.0,330.0,0.8,4.0,15.0,0.3,45.0,15.0,0.3,2.0,7.0,9.0,0.8,6.0,37.0,37.0,712392,2025-03-08 14:00:00,2025
Como,11.0,2.0,0.0,0.0,3.0,3.0,55.9,12.0,7.0,0.6,0.0,0.0,375.0,448.0,0.8,4.0,12.0,0.3,41.0,21.0,0.5,2.0,17.0,25.0,0.7,4.0,11.0,11.0,Venezia,14.0,3.0,0.0,3.0,5.0,6.0,44.1,10.0,5.0,0.5,1.0,1.0,286.0,350.0,0.8,3.0,11.0,0.3,54.0,22.0,0.4,2.0,14.0,20.0,0.7,9.0,19.0,19.0,712390,2025-03-08 14:00:00,2025
Lecce,13.0,2.0,0.0,2.0,2.0,7.0,29.5,11.0,3.0,0.3,0.0,0.0,164.0,243.0,0.7,2.0,10.0,0.2,56.0,15.0,0.3,2.0,16.0,22.0,0.7,7.0,38.0,38.0,AC Milan,7.0,1.0,0.0,7.0,7.0,1.0,70.5,16.0,9.0,0.6,1.0,1.0,518.0,581.0,0.9,9.0,22.0,0.4,37.0,17.0,0.5,1.0,4.0,6.0,0.7,3.0,14.0,14.0,712384,2025-03-08 17:00:00,2025
Internazionale,0.0,0.0,0.0,0.0,0.0,0.0,0.0,0.0,0.0,0.0,0.0,0.0,0.0,0.0,0.0,0.0,0.0,0.0,0.0,0.0,0.0,0.0,0.0,0.0,0.0,0.0,0.0,0.0,Monza,0.0,0.0,0.0,0.0,0.0,0.0,0.0,0.0,0.0,0.0,0.0,0.0,0.0,0.0,0.0,0.0,0.0,0.0,0.0,0.0,0.0,0.0,0.0,0.0,0.0,0.0,0.0,0.0,712387,2025-03-08 19:45:00,2025
Hellas Verona,23.0,1.0,1.0,1.0,1.0,4.0,32.0,7.0,2.0,0.3,0.0,0.0,177.0,277.0,0.6,2.0,2.0,1.0,62.0,15.0,0.2,2.0,15.0,21.0,0.7,6.0,29.0,29.0,Bologna,11.0,1.0,0.0,2.0,3.0,1.0,68.0,12.0,6.0,0.5,0.0,0.0,481.0,577.0,0.8,2.0,17.0,0.1,55.0,22.0,0.4,2.0,11.0,22.0,0.5,5.0,23.0,23.0,712388,2025-03-09 11:30:00,2025
Napoli,10.0,1.0,0.0,0.0,4.0,1.0,48.8,19.0,11.0,0.6,0.0,0.0,417.0,485.0,0.9,3.0,17.0,0.2,34.0,18.0,0.5,4.0,10.0,16.0,0.6,7.0,23.0,23.0,Fiorentina,5.0,2.0,0.0,1.0,4.0,9.0,51.2,7.0,2.0,0.3,0.0,0.0,430.0,513.0,0.8,3.0,12.0,0.3,65.0,31.0,0.5,1.0,5.0,7.0,0.7,8.0,22.0,22.0,712383,2025-03-09 14:00:00,2025
Empoli,12.0,0.0,0.0,1.0,1.0,5.0,36.2,3.0,1.0,0.3,0.0,0.0,280.0,359.0,0.8,2.0,11.0,0.2,57.0,27.0,0.5,1.0,13.0,22.0,0.6,7.0,29.0,29.0,AS Roma,11.0,0.0,0.0,1.0,9.0,1.0,63.8,15.0,6.0,0.4,0.0,0.0,566.0,643.0,0.9,6.0,18.0,0.3,67.0,36.0,0.5,3.0,6.0,10.0,0.6,10.0,17.0,17.0,712389,2025-03-09 17:00:00,2025
Juventus,12.0,1.0,0.0,0.0,2.0,5.0,63.1,9.0,2.0,0.2,0.0,0.0,530.0,601.0,0.9,2.0,13.0,0.2,30.0,17.0,0.6,4.0,15.0,22.0,0.7,7.0,12.0,12.0,Atalanta,11.0,1.0,0.0,1.0,5.0,2.0,36.9,19.0,9.0,0.5,1.0,1.0,279.0,343.0,0.8,3.0,13.0,0.2,46.0,22.0,0.5,6.0,14.0,21.0,0.7,11.0,21.0,21.0,712386,2025-03-09 19:45:00,2025
Lazio,9.0,2.0,0.0,1.0,4.0,3.0,49.0,10.0,5.0,0.5,0.0,0.0,385.0,441.0,0.9,3.0,16.0,0.2,53.0,35.0,0.7,4.0,5.0,11.0,0.5,3.0,24.0,24.0,Udinese,11.0,4.0,0.0,2.0,9.0,4.0,51.0,15.0,4.0,0.3,0.0,0.0,387.0,453.0,0.9,4.0,20.0,0.2,47.0,23.0,0.5,5.0,7.0,13.0,0.5,6.0,20.0,20.0,712385,2025-03-10 19:45:00,2025
Genoa,12.0,3.0,0.0,1.0,3.0,1.0,43.7,8.0,2.0,0.3,0.0,0.0,250.0,344.0,0.7,3.0,12.0,0.3,44.0,13.0,0.3,2.0,10.0,13.0,0.8,10.0,22.0,22.0,Lecce,10.0,2.0,0.0,0.0,3.0,0.0,56.3,15.0,2.0,0.1,1.0,1.0,344.0,445.0,0.8,1.0,14.0,0.1,62.0,32.0,0.5,8.0,13.0,20.0,0.7,5.0,19.0,19.0,712396,2025-03-14 19:45:00,2025
Monza,14.0,0.0,0.0,2.0,6.0,5.0,44.8,12.0,4.0,0.3,0.0,0.0,329.0,393.0,0.8,11.0,23.0,0.5,46.0,23.0,0.5,2.0,9.0,21.0,0.4,6.0,24.0,24.0,Parma,16.0,3.0,0.0,0.0,3.0,3.0,55.2,14.0,6.0,0.4,0.0,0.0,442.0,505.0,0.9,3.0,16.0,0.2,36.0,19.0,0.5,3.0,8.0,13.0,0.6,4.0,18.0,18.0,712398,2025-03-15 14:00:00,2025
Udinese,21.0,5.0,0.0,3.0,2.0,1.0,63.9,11.0,3.0,0.3,0.0,0.0,446.0,525.0,0.9,5.0,9.0,0.6,59.0,37.0,0.6,1.0,9.0,15.0,0.6,6.0,22.0,22.0,Hellas Verona,16.0,2.0,0.0,3.0,1.0,3.0,36.1,7.0,2.0,0.3,0.0,0.0,197.0,289.0,0.7,6.0,14.0,0.4,72.0,27.0,0.4,3.0,14.0,21.0,0.7,10.0,29.0,29.0,712401,2025-03-15 14:00:00,2025
AC Milan,21.0,3.0,0.0,0.0,0.0,5.0,42.0,9.0,3.0,0.3,0.0,0.0,263.0,321.0,0.8,0.0,3.0,0.0,46.0,19.0,0.4,2.0,18.0,25.0,0.7,4.0,23.0,23.0,Como,7.0,3.0,1.0,2.0,5.0,1.0,58.0,15.0,6.0,0.4,0.0,0.0,385.0,437.0,0.9,1.0,15.0,0.1,42.0,21.0,0.5,6.0,10.0,18.0,0.6,8.0,7.0,7.0,712397,2025-03-15 17:00:00,2025
Torino,9.0,1.0,0.0,4.0,5.0,2.0,50.6,13.0,3.0,0.2,0.0,0.0,253.0,330.0,0.8,6.0,15.0,0.4,45.0,12.0,0.3,3.0,10.0,14.0,0.7,2.0,38.0,38.0,Empoli,12.0,0.0,0.0,2.0,5.0,2.0,49.4,16.0,2.0,0.1,0.0,0.0,234.0,317.0,0.7,9.0,25.0,0.4,72.0,39.0,0.5,7.0,4.0,14.0,0.3,9.0,22.0,22.0,712400,2025-03-15 19:45:00,2025
Venezia,19.0,2.0,0.0,1.0,3.0,7.0,42.4,12.0,4.0,0.3,0.0,0.0,230.0,305.0,0.8,2.0,15.0,0.1,64.0,20.0,0.3,2.0,10.0,15.0,0.7,10.0,31.0,31.0,Napoli,8.0,1.0,0.0,2.0,8.0,3.0,57.6,15.0,7.0,0.5,0.0,0.0,331.0,403.0,0.8,8.0,28.0,0.3,47.0,29.0,0.6,4.0,6.0,14.0,0.4,10.0,33.0,33.0,712402,2025-03-16 11:30:00,2025
Bologna,18.0,2.0,0.0,0.0,7.0,2.0,51.6,13.0,7.0,0.5,0.0,0.0,400.0,468.0,0.9,3.0,16.0,0.2,44.0,18.0,0.4,3.0,9.0,18.0,0.5,8.0,16.0,16.0,Lazio,16.0,3.0,0.0,2.0,1.0,2.0,48.4,7.0,2.0,0.3,0.0,0.0,374.0,445.0,0.8,0.0,6.0,0.0,47.0,23.0,0.5,3.0,4.0,9.0,0.4,4.0,21.0,21.0,712394,2025-03-16 14:00:00,2025
AS Roma,4.0,0.0,0.0,0.0,8.0,5.0,61.0,13.0,1.0,0.1,0.0,0.0,553.0,636.0,0.9,6.0,21.0,0.3,56.0,30.0,0.5,5.0,8.0,8.0,1.0,4.0,13.0,13.0,Cagliari,12.0,2.0,0.0,1.0,3.0,0.0,39.0,11.0,5.0,0.5,0.0,0.0,318.0,404.0,0.8,6.0,15.0,0.4,63.0,18.0,0.3,2.0,7.0,11.0,0.6,7.0,26.0,26.0,712399,2025-03-16 15:00:00,2025
Fiorentina,9.0,2.0,0.0,3.0,1.0,2.0,36.7,9.0,3.0,0.3,0.0,0.0,279.0,348.0,0.8,3.0,8.0,0.4,54.0,23.0,0.4,3.0,7.0,10.0,0.7,10.0,23.0,23.0,Juventus,13.0,3.0,0.0,0.0,6.0,0.0,63.3,11.0,2.0,0.2,0.0,0.0,530.0,596.0,0.9,3.0,18.0,0.2,30.0,18.0,0.6,6.0,7.0,10.0,0.7,2.0,10.0,10.0,712395,2025-03-16 17:00:00,2025
Atalanta,11.0,1.0,1.0,0.0,2.0,2.0,49.3,16.0,3.0,0.2,0.0,0.0,365.0,444.0,0.8,3.0,12.0,0.3,51.0,24.0,0.5,6.0,11.0,19.0,0.6,6.0,21.0,21.0,Internazionale,14.0,1.0,1.0,3.0,6.0,3.0,50.7,14.0,5.0,0.4,0.0,0.0,383.0,461.0,0.8,2.0,15.0,0.1,51.0,27.0,0.5,3.0,10.0,14.0,0.7,4.0,25.0,25.0,712393,2025-03-16 19:45:00,2025
Venezia,14.0,4.0,0.0,0.0,2.0,3.0,39.8,6.0,3.0,0.5,0.0,0.0,233.0,317.0,0.7,3.0,12.0,0.3,68.0,22.0,0.3,1.0,7.0,13.0,0.5,5.0,19.0,19.0,Bologna,21.0,1.0,0.0,0.0,3.0,3.0,60.2,13.0,4.0,0.3,0.0,0.0,398.0,486.0,0.8,5.0,15.0,0.3,67.0,35.0,0.5,5.0,11.0,18.0,0.6,8.0,15.0,15.0,712408,2025-03-29 14:00:00,2025
Como,5.0,2.0,0.0,1.0,4.0,3.0,71.4,16.0,5.0,0.3,0.0,0.0,501.0,581.0,0.9,7.0,24.0,0.3,56.0,31.0,0.6,5.0,3.0,5.0,0.6,2.0,15.0,15.0,Empoli,22.0,5.0,1.0,2.0,1.0,4.0,28.6,14.0,4.0,0.3,0.0,0.0,148.0,227.0,0.7,5.0,10.0,0.5,62.0,15.0,0.2,2.0,8.0,12.0,0.7,7.0,36.0,36.0,712404,2025-03-29 14:00:00,2025
Juventus,13.0,2.0,0.0,3.0,4.0,3.0,49.2,9.0,6.0,0.7,0.0,0.0,336.0,418.0,0.8,2.0,11.0,0.2,52.0,22.0,0.4,0.0,12.0,23.0,0.5,6.0,17.0,17.0,Genoa,11.0,2.0,0.0,2.0,3.0,5.0,50.8,9.0,3.0,0.3,0.0,0.0,347.0,424.0,0.8,6.0,19.0,0.3,55.0,24.0,0.4,1.0,12.0,24.0,0.5,8.0,22.0,22.0,712407,2025-03-29 17:00:00,2025
Lecce,6.0,1.0,0.0,1.0,6.0,5.0,45.0,17.0,4.0,0.2,0.0,0.0,282.0,359.0,0.8,7.0,20.0,0.4,54.0,17.0,0.3,2.0,11.0,20.0,0.6,6.0,23.0,23.0,AS Roma,11.0,2.0,0.0,3.0,6.0,4.0,55.0,16.0,6.0,0.4,0.0,0.0,369.0,451.0,0.8,4.0,16.0,0.3,51.0,19.0,0.4,4.0,10.0,13.0,0.8,4.0,26.0,26.0,712410,2025-03-29 19:45:00,2025
Cagliari,17.0,2.0,0.0,3.0,4.0,3.0,41.3,11.0,4.0,0.4,0.0,0.0,249.0,323.0,0.8,5.0,15.0,0.3,49.0,25.0,0.5,4.0,9.0,16.0,0.6,8.0,29.0,29.0,Monza,11.0,2.0,0.0,3.0,6.0,1.0,58.7,12.0,3.0,0.3,0.0,0.0,399.0,463.0,0.9,3.0,23.0,0.1,46.0,25.0,0.5,5.0,10.0,20.0,0.5,10.0,18.0,18.0,712403,2025-03-30 10:30:00,2025
Fiorentina,7.0,0.0,0.0,2.0,2.0,0.0,45.3,12.0,4.0,0.3,0.0,0.0,309.0,392.0,0.8,0.0,8.0,0.0,61.0,24.0,0.4,1.0,9.0,15.0,0.6,13.0,29.0,29.0,Atalanta,16.0,3.0,0.0,2.0,4.0,3.0,54.7,9.0,0.0,0.0,0.0,0.0,363.0,464.0,0.8,6.0,16.0,0.4,43.0,15.0,0.3,6.0,7.0,11.0,0.6,5.0,19.0,19.0,712405,2025-03-30 13:00:00,2025
Internazionale,8.0,2.0,0.0,2.0,2.0,3.0,59.9,13.0,3.0,0.2,0.0,0.0,473.0,544.0,0.9,2.0,7.0,0.3,41.0,16.0,0.4,4.0,9.0,14.0,0.6,5.0,23.0,23.0,Udinese,14.0,0.0,0.0,0.0,4.0,0.0,40.1,11.0,4.0,0.4,0.0,0.0,299.0,353.0,0.8,5.0,17.0,0.3,39.0,19.0,0.5,5.0,2.0,5.0,0.4,5.0,24.0,24.0,712412,2025-03-30 16:00:00,2025
Napoli,10.0,1.0,0.0,1.0,2.0,3.0,51.5,8.0,3.0,0.4,0.0,0.0,428.0,491.0,0.9,1.0,8.0,0.1,35.0,14.0,0.4,3.0,6.0,17.0,0.4,6.0,21.0,21.0,AC Milan,5.0,1.0,0.0,3.0,6.0,1.0,48.5,17.0,4.0,0.2,0.0,1.0,393.0,452.0,0.9,4.0,15.0,0.3,30.0,14.0,0.5,6.0,7.0,11.0,0.6,5.0,13.0,13.0,712411,2025-03-30 18:45:00,2025
Hellas Verona,11.0,2.0,0.0,2.0,5.0,1.0,41.7,6.0,0.0,0.0,0.0,0.0,256.0,336.0,0.8,3.0,17.0,0.2,60.0,22.0,0.4,2.0,10.0,16.0,0.6,8.0,26.0,26.0,Parma,9.0,1.0,0.0,1.0,5.0,0.0,58.3,10.0,1.0,0.1,0.0,0.0,409.0,475.0,0.9,4.0,15.0,0.3,46.0,23.0,0.5,3.0,4.0,9.0,0.4,4.0,23.0,23.0,712406,2025-03-31 16:30:00,2025
Lazio,9.0,3.0,0.0,0.0,5.0,1.0,59.0,16.0,6.0,0.4,0.0,0.0,408.0,474.0,0.9,4.0,21.0,0.2,57.0,30.0,0.5,3.0,11.0,16.0,0.7,15.0,24.0,24.0,Torino,20.0,4.0,0.0,1.0,3.0,5.0,41.0,7.0,2.0,0.3,0.0,0.0,265.0,329.0,0.8,5.0,13.0,0.4,38.0,15.0,0.4,4.0,8.0,13.0,0.6,10.0,29.0,29.0,712409,2025-03-31 18:45:00,2025
Genoa,16.0,2.0,0.0,3.0,1.0,2.0,53.4,13.0,7.0,0.5,0.0,0.0,361.0,459.0,0.8,4.0,12.0,0.3,45.0,11.0,0.2,2.0,7.0,17.0,0.4,8.0,20.0,20.0,Udinese,14.0,2.0,0.0,1.0,2.0,6.0,46.6,5.0,2.0,0.4,0.0,0.0,313.0,405.0,0.8,3.0,9.0,0.3,75.0,35.0,0.5,1.0,7.0,11.0,0.6,9.0,23.0,23.0,712415,2025-04-04 18:45:00,2025
Monza,19.0,2.0,0.0,4.0,2.0,4.0,41.9,8.0,4.0,0.5,0.0,0.0,363.0,414.0,0.9,2.0,13.0,0.2,38.0,19.0,0.5,3.0,8.0,14.0,0.6,10.0,10.0,10.0,Como,21.0,1.0,0.0,0.0,2.0,3.0,58.1,17.0,7.0,0.4,0.0,0.0,551.0,593.0,0.9,0.0,5.0,0.0,26.0,16.0,0.6,4.0,10.0,14.0,0.7,1.0,16.0,16.0,712418,2025-04-05 13:00:00,2025
Parma,9.0,2.0,0.0,0.0,2.0,2.0,37.4,8.0,4.0,0.5,0.0,0.0,314.0,371.0,0.8,1.0,11.0,0.1,48.0,24.0,0.5,2.0,2.0,6.0,0.3,7.0,27.0,27.0,Internazionale,7.0,3.0,0.0,3.0,4.0,2.0,62.6,20.0,4.0,0.2,0.0,0.0,544.0,610.0,0.9,12.0,24.0,0.5,35.0,20.0,0.6,3.0,4.0,9.0,0.4,7.0,14.0,14.0,712420,2025-04-05 16:00:00,2025
AC Milan,12.0,4.0,0.0,2.0,7.0,7.0,52.3,19.0,6.0,0.3,0.0,0.0,355.0,410.0,0.9,3.0,11.0,0.3,30.0,15.0,0.5,8.0,6.0,14.0,0.4,8.0,15.0,15.0,Fiorentina,12.0,3.0,0.0,5.0,4.0,4.0,47.7,15.0,8.0,0.5,0.0,0.0,326.0,372.0,0.9,6.0,11.0,0.5,52.0,32.0,0.6,2.0,6.0,16.0,0.4,7.0,22.0,22.0,712422,2025-04-05 18:45:00,2025
Lecce,10.0,2.0,0.0,4.0,8.0,3.0,49.9,23.0,4.0,0.2,0.0,0.0,208.0,293.0,0.7,10.0,30.0,0.3,66.0,33.0,0.5,5.0,13.0,23.0,0.6,8.0,21.0,21.0,Venezia,14.0,4.0,0.0,4.0,3.0,3.0,50.1,13.0,3.0,0.2,0.0,0.0,214.0,311.0,0.7,2.0,9.0,0.2,67.0,20.0,0.3,4.0,8.0,13.0,0.6,3.0,32.0,32.0,712416,2025-04-06 10:30:00,2025
Torino,9.0,1.0,1.0,0.0,1.0,0.0,61.4,7.0,3.0,0.4,0.0,1.0,385.0,463.0,0.8,1.0,14.0,0.1,51.0,27.0,0.5,1.0,2.0,6.0,0.3,7.0,26.0,26.0,Hellas Verona,19.0,1.0,0.0,0.0,5.0,2.0,38.6,13.0,1.0,0.1,0.0,0.0,205.0,283.0,0.7,7.0,21.0,0.3,73.0,37.0,0.5,5.0,7.0,17.0,0.4,9.0,21.0,21.0,712419,2025-04-06 13:00:00,2025
Empoli,9.0,0.0,0.0,1.0,2.0,1.0,45.0,7.0,1.0,0.1,0.0,0.0,187.0,287.0,0.7,2.0,15.0,0.1,57.0,19.0,0.3,2.0,8.0,16.0,0.5,12.0,40.0,40.0,Cagliari,15.0,4.0,0.0,0.0,3.0,1.0,55.0,7.0,1.0,0.1,0.0,0.0,234.0,343.0,0.7,3.0,15.0,0.2,73.0,21.0,0.3,2.0,9.0,17.0,0.5,12.0,23.0,23.0,712414,2025-04-06 13:00:00,2025
Atalanta,6.0,1.0,0.0,1.0,11.0,2.0,58.3,10.0,2.0,0.2,0.0,0.0,421.0,499.0,0.8,7.0,34.0,0.2,42.0,24.0,0.6,5.0,11.0,19.0,0.6,7.0,13.0,13.0,Lazio,6.0,2.0,0.0,1.0,4.0,2.0,41.7,8.0,3.0,0.4,0.0,0.0,294.0,377.0,0.8,3.0,8.0,0.4,49.0,16.0,0.3,2.0,13.0,25.0,0.5,12.0,32.0,32.0,712417,2025-04-06 16:00:00,2025
AS Roma,11.0,1.0,0.0,0.0,4.0,6.0,40.7,11.0,4.0,0.4,0.0,0.0,353.0,417.0,0.8,7.0,18.0,0.4,52.0,24.0,0.5,4.0,16.0,19.0,0.8,15.0,25.0,25.0,Juventus,15.0,1.0,0.0,1.0,4.0,3.0,59.3,11.0,7.0,0.6,0.0,0.0,544.0,612.0,0.9,5.0,22.0,0.2,44.0,28.0,0.6,3.0,12.0,21.0,0.6,4.0,22.0,22.0,712421,2025-04-06 18:45:00,2025
Bologna,11.0,1.0,0.0,0.0,8.0,1.0,60.8,12.0,4.0,0.3,0.0,0.0,369.0,448.0,0.8,9.0,39.0,0.2,47.0,22.0,0.5,2.0,10.0,14.0,0.7,6.0,22.0,22.0,Napoli,18.0,3.0,0.0,1.0,3.0,3.0,39.2,6.0,2.0,0.3,0.0,0.0,219.0,305.0,0.7,1.0,5.0,0.2,55.0,21.0,0.4,2.0,13.0,20.0,0.7,9.0,48.0,48.0,712413,2025-04-07 18:45:00,2025
Udinese,10.0,1.0,0.0,1.0,5.0,3.0,53.1,14.0,5.0,0.4,0.0,0.0,393.0,445.0,0.9,2.0,14.0,0.1,26.0,12.0,0.5,4.0,12.0,13.0,0.9,7.0,22.0,22.0,AC Milan,9.0,1.0,0.0,1.0,7.0,5.0,46.9,15.0,7.0,0.5,0.0,0.0,332.0,394.0,0.8,3.0,10.0,0.3,39.0,14.0,0.4,4.0,7.0,11.0,0.6,4.0,9.0,9.0,712431,2025-04-11 18:45:00,2025
Venezia,20.0,3.0,1.0,2.0,3.0,3.0,43.5,8.0,4.0,0.5,0.0,0.0,242.0,310.0,0.8,1.0,7.0,0.1,58.0,30.0,0.5,2.0,11.0,16.0,0.7,11.0,32.0,32.0,Monza,20.0,3.0,0.0,0.0,4.0,3.0,56.5,11.0,3.0,0.3,0.0,0.0,307.0,391.0,0.8,6.0,21.0,0.3,60.0,28.0,0.5,2.0,15.0,21.0,0.7,9.0,18.0,18.0,712429,2025-04-12 13:00:00,2025
Internazionale,6.0,0.0,0.0,0.0,5.0,2.0,61.8,13.0,4.0,0.3,0.0,0.0,571.0,634.0,0.9,6.0,17.0,0.4,42.0,23.0,0.5,4.0,7.0,13.0,0.5,5.0,21.0,21.0,Cagliari,12.0,1.0,0.0,1.0,6.0,1.0,38.2,8.0,4.0,0.5,0.0,0.0,326.0,377.0,0.9,5.0,21.0,0.2,30.0,13.0,0.4,2.0,5.0,11.0,0.5,8.0,18.0,18.0,712425,2025-04-12 16:00:00,2025
Juventus,7.0,0.0,0.0,5.0,9.0,2.0,66.1,22.0,7.0,0.3,0.0,0.0,588.0,670.0,0.9,5.0,18.0,0.3,56.0,32.0,0.6,7.0,8.0,17.0,0.5,2.0,16.0,16.0,Lecce,10.0,1.0,0.0,1.0,4.0,5.0,33.9,14.0,3.0,0.2,0.0,0.0,258.0,336.0,0.8,3.0,12.0,0.3,58.0,22.0,0.4,6.0,9.0,13.0,0.7,8.0,23.0,23.0,712424,2025-04-12 18:45:00,2025
Atalanta,17.0,4.0,0.0,2.0,4.0,5.0,40.4,4.0,2.0,0.5,0.0,0.0,217.0,301.0,0.7,1.0,13.0,0.1,62.0,29.0,0.5,1.0,8.0,16.0,0.5,8.0,27.0,27.0,Bologna,12.0,1.0,0.0,2.0,5.0,0.0,59.6,12.0,5.0,0.4,0.0,0.0,372.0,455.0,0.8,5.0,19.0,0.3,62.0,26.0,0.4,4.0,13.0,22.0,0.6,5.0,29.0,29.0,712430,2025-04-13 10:30:00,2025
Fiorentina,10.0,0.0,0.0,2.0,2.0,3.0,57.4,9.0,3.0,0.3,0.0,0.0,453.0,521.0,0.9,3.0,24.0,0.1,43.0,21.0,0.5,2.0,5.0,8.0,0.6,11.0,24.0,24.0,Parma,19.0,5.0,0.0,1.0,2.0,3.0,42.6,7.0,3.0,0.4,0.0,0.0,307.0,389.0,0.8,2.0,14.0,0.1,58.0,22.0,0.4,2.0,1.0,7.0,0.1,8.0,23.0,23.0,712427,2025-04-13 13:00:00,2025
Hellas Verona,19.0,3.0,0.0,1.0,6.0,1.0,45.9,14.0,2.0,0.1,0.0,0.0,265.0,352.0,0.8,4.0,23.0,0.2,58.0,18.0,0.3,7.0,10.0,16.0,0.6,9.0,23.0,23.0,Genoa,11.0,1.0,0.0,0.0,2.0,3.0,54.1,4.0,1.0,0.3,0.0,0.0,339.0,436.0,0.8,0.0,7.0,0.0,59.0,20.0,0.3,2.0,7.0,12.0,0.6,5.0,33.0,33.0,712426,2025-04-13 13:00:00,2025
Como,9.0,1.0,0.0,1.0,7.0,3.0,58.0,15.0,7.0,0.5,0.0,0.0,408.0,484.0,0.8,4.0,14.0,0.3,62.0,26.0,0.4,5.0,8.0,14.0,0.6,6.0,22.0,22.0,Torino,16.0,3.0,0.0,1.0,4.0,6.0,42.0,10.0,4.0,0.4,0.0,0.0,276.0,344.0,0.8,6.0,15.0,0.4,55.0,26.0,0.5,4.0,11.0,19.0,0.6,6.0,29.0,29.0,712428,2025-04-13 16:00:00,2025
Lazio,12.0,4.0,0.0,1.0,10.0,3.0,47.0,12.0,7.0,0.6,0.0,0.0,283.0,342.0,0.8,5.0,20.0,0.3,45.0,22.0,0.5,2.0,10.0,14.0,0.7,4.0,19.0,19.0,AS Roma,12.0,2.0,0.0,1.0,5.0,7.0,53.0,9.0,4.0,0.4,0.0,0.0,339.0,384.0,0.9,4.0,22.0,0.2,35.0,20.0,0.6,1.0,10.0,19.0,0.5,3.0,31.0,31.0,712423,2025-04-13 18:45:00,2025
Napoli,8.0,1.0,0.0,1.0,5.0,1.0,63.3,17.0,6.0,0.4,0.0,0.0,481.0,543.0,0.9,7.0,18.0,0.4,66.0,44.0,0.7,4.0,9.0,13.0,0.7,5.0,26.0,26.0,Empoli,16.0,1.0,0.0,0.0,5.0,3.0,36.7,12.0,1.0,0.1,0.0,0.0,241.0,307.0,0.8,7.0,20.0,0.4,59.0,26.0,0.4,4.0,4.0,10.0,0.4,12.0,12.0,12.0,712432,2025-04-14 18:45:00,2025
Lecce,18.0,3.0,0.0,2.0,9.0,2.0,44.1,14.0,7.0,0.5,0.0,0.0,204.0,277.0,0.7,6.0,30.0,0.2,45.0,15.0,0.3,4.0,10.0,15.0,0.7,6.0,20.0,20.0,Como,14.0,5.0,0.0,3.0,4.0,7.0,55.9,10.0,5.0,0.5,0.0,0.0,301.0,380.0,0.8,1.0,9.0,0.1,59.0,26.0,0.4,1.0,12.0,22.0,0.5,5.0,38.0,38.0,712438,2025-04-19 13:00:00,2025
Monza,18.0,4.0,0.0,0.0,7.0,4.0,40.5,8.0,0.0,0.0,0.0,0.0,288.0,352.0,0.8,2.0,16.0,0.1,52.0,26.0,0.5,3.0,6.0,13.0,0.5,10.0,26.0,26.0,Napoli,11.0,2.0,0.0,2.0,7.0,0.0,59.5,16.0,5.0,0.3,0.0,0.0,470.0,531.0,0.9,6.0,20.0,0.3,53.0,39.0,0.7,5.0,6.0,7.0,0.9,4.0,24.0,24.0,712436,2025-04-19 16:00:00,2025
AS Roma,5.0,0.0,0.0,0.0,4.0,2.0,54.7,6.0,3.0,0.5,0.0,0.0,422.0,501.0,0.8,3.0,16.0,0.2,52.0,17.0,0.3,0.0,4.0,10.0,0.4,7.0,18.0,18.0,Hellas Verona,17.0,2.0,0.0,3.0,6.0,1.0,45.3,8.0,2.0,0.3,0.0,0.0,322.0,408.0,0.8,2.0,22.0,0.1,46.0,22.0,0.5,2.0,12.0,25.0,0.5,7.0,24.0,24.0,712433,2025-04-19 18:45:00,2025
Empoli,18.0,2.0,0.0,1.0,2.0,5.0,45.6,11.0,4.0,0.4,0.0,0.0,214.0,294.0,0.7,5.0,21.0,0.2,72.0,33.0,0.5,2.0,5.0,13.0,0.4,14.0,27.0,27.0,Venezia,15.0,1.0,0.0,1.0,5.0,2.0,54.4,13.0,7.0,0.5,0.0,0.0,263.0,358.0,0.7,3.0,16.0,0.2,58.0,27.0,0.5,4.0,6.0,12.0,0.5,4.0,21.0,21.0,712440,2025-04-20 13:00:00,2025
Bologna,12.0,3.0,0.0,1.0,5.0,1.0,47.9,12.0,3.0,0.3,0.0,0.0,274.0,340.0,0.8,4.0,22.0,0.2,59.0,30.0,0.5,2.0,4.0,10.0,0.4,9.0,16.0,16.0,Internazionale,21.0,4.0,0.0,3.0,6.0,2.0,52.1,8.0,1.0,0.1,0.0,0.0,301.0,381.0,0.8,6.0,13.0,0.5,53.0,17.0,0.3,0.0,10.0,17.0,0.6,5.0,41.0,41.0,712434,2025-04-20 16:00:00,2025
AC Milan,8.0,0.0,0.0,2.0,7.0,1.0,47.8,12.0,1.0,0.1,0.0,0.0,421.0,488.0,0.9,3.0,16.0,0.2,42.0,22.0,0.5,5.0,9.0,16.0,0.6,5.0,18.0,18.0,Atalanta,7.0,1.0,0.0,1.0,5.0,1.0,52.2,11.0,2.0,0.2,0.0,0.0,467.0,530.0,0.9,5.0,17.0,0.3,51.0,28.0,0.5,4.0,8.0,14.0,0.6,5.0,18.0,18.0,712437,2025-04-20 18:45:00,2025
Cagliari,15.0,2.0,0.0,2.0,4.0,2.0,47.7,8.0,2.0,0.3,0.0,0.0,282.0,356.0,0.8,4.0,30.0,0.1,61.0,31.0,0.5,4.0,5.0,8.0,0.6,7.0,12.0,12.0,Fiorentina,15.0,2.0,0.0,1.0,4.0,1.0,52.3,8.0,4.0,0.5,0.0,0.0,351.0,419.0,0.8,1.0,9.0,0.1,73.0,44.0,0.6,3.0,10.0,14.0,0.7,4.0,52.0,52.0,712441,2025-04-23 16:30:00,2025
Parma,9.0,2.0,0.0,1.0,4.0,2.0,34.1,6.0,3.0,0.5,0.0,0.0,212.0,275.0,0.8,3.0,12.0,0.3,57.0,27.0,0.5,1.0,12.0,21.0,0.6,11.0,38.0,38.0,Juventus,10.0,3.0,0.0,3.0,9.0,2.0,65.9,16.0,2.0,0.1,0.0,0.0,453.0,522.0,0.9,6.0,37.0,0.2,40.0,23.0,0.6,8.0,10.0,13.0,0.8,2.0,20.0,20.0,712435,2025-04-23 16:30:00,2025
Torino,11.0,2.0,0.0,1.0,8.0,6.0,43.9,10.0,4.0,0.4,0.0,0.0,257.0,328.0,0.8,2.0,18.0,0.1,52.0,18.0,0.3,3.0,9.0,18.0,0.5,8.0,27.0,27.0,Udinese,13.0,2.0,0.0,2.0,7.0,2.0,56.1,10.0,6.0,0.6,0.0,0.0,347.0,421.0,0.8,3.0,20.0,0.2,70.0,42.0,0.6,2.0,9.0,15.0,0.6,8.0,22.0,22.0,712442,2025-04-23 16:30:00,2025
Genoa,16.0,3.0,1.0,0.0,6.0,4.0,38.3,8.0,4.0,0.5,0.0,0.0,255.0,315.0,0.8,6.0,25.0,0.2,37.0,20.0,0.5,0.0,6.0,14.0,0.4,3.0,24.0,24.0,Lazio,10.0,1.0,1.0,2.0,8.0,4.0,61.7,15.0,6.0,0.4,0.0,0.0,469.0,525.0,0.9,8.0,22.0,0.4,46.0,25.0,0.5,3.0,8.0,11.0,0.7,6.0,23.0,23.0,712439,2025-04-23 16:30:00,2025
Venezia,14.0,1.0,0.0,2.0,7.0,0.0,50.2,15.0,2.0,0.1,0.0,0.0,345.0,404.0,0.9,7.0,21.0,0.3,26.0,11.0,0.4,5.0,16.0,21.0,0.8,11.0,8.0,8.0,AC Milan,13.0,0.0,0.0,2.0,2.0,2.0,49.8,11.0,2.0,0.2,0.0,0.0,350.0,417.0,0.8,2.0,4.0,0.5,50.0,30.0,0.6,4.0,15.0,24.0,0.6,6.0,33.0,33.0,712451,2025-04-27 10:30:00,2025
Como,19.0,2.0,0.0,1.0,6.0,1.0,52.6,14.0,3.0,0.2,0.0,0.0,383.0,461.0,0.8,3.0,13.0,0.2,42.0,15.0,0.4,3.0,12.0,20.0,0.6,7.0,21.0,21.0,Genoa,15.0,1.0,0.0,1.0,3.0,2.0,47.4,4.0,1.0,0.3,0.0,0.0,337.0,411.0,0.8,2.0,12.0,0.2,56.0,25.0,0.4,0.0,11.0,24.0,0.5,14.0,16.0,16.0,712444,2025-04-27 10:30:00,2025
Internazionale,11.0,1.0,0.0,2.0,4.0,5.0,69.4,17.0,2.0,0.1,0.0,0.0,546.0,610.0,0.9,11.0,33.0,0.3,37.0,27.0,0.7,0.0,9.0,13.0,0.7,6.0,7.0,7.0,AS Roma,9.0,2.0,0.0,0.0,3.0,2.0,30.6,19.0,7.0,0.4,0.0,0.0,214.0,275.0,0.8,7.0,10.0,0.7,48.0,15.0,0.3,4.0,14.0,22.0,0.6,5.0,31.0,31.0,712452,2025-04-27 13:00:00,2025
Fiorentina,16.0,3.0,0.0,3.0,1.0,4.0,53.4,6.0,3.0,0.5,0.0,0.0,315.0,405.0,0.8,3.0,6.0,0.5,64.0,19.0,0.3,1.0,5.0,9.0,0.6,7.0,42.0,42.0,Empoli,18.0,2.0,1.0,1.0,6.0,1.0,46.6,8.0,5.0,0.6,0.0,0.0,246.0,336.0,0.7,5.0,24.0,0.2,65.0,22.0,0.3,1.0,14.0,27.0,0.5,4.0,11.0,11.0,712445,2025-04-27 13:00:00,2025
Juventus,17.0,3.0,1.0,0.0,0.0,3.0,34.5,10.0,5.0,0.5,0.0,0.0,257.0,313.0,0.8,0.0,2.0,0.0,47.0,23.0,0.5,1.0,9.0,16.0,0.6,4.0,43.0,43.0,Monza,5.0,3.0,0.0,1.0,5.0,3.0,65.5,12.0,3.0,0.3,0.0,0.0,497.0,558.0,0.9,3.0,41.0,0.1,50.0,32.0,0.6,5.0,14.0,19.0,0.7,5.0,17.0,17.0,712447,2025-04-27 16:00:00,2025
Atalanta,10.0,1.0,0.0,3.0,12.0,2.0,73.8,21.0,6.0,0.3,1.0,1.0,564.0,660.0,0.9,13.0,40.0,0.3,39.0,24.0,0.6,3.0,3.0,6.0,0.5,8.0,21.0,21.0,Lecce,8.0,1.0,0.0,0.0,3.0,6.0,26.2,10.0,3.0,0.3,1.0,1.0,152.0,238.0,0.6,3.0,13.0,0.2,67.0,20.0,0.3,3.0,11.0,19.0,0.6,12.0,42.0,42.0,712448,2025-04-27 18:45:00,2025
Napoli,5.0,0.0,0.0,1.0,2.0,0.0,57.8,8.0,2.0,0.3,0.0,0.0,489.0,552.0,0.9,5.0,19.0,0.3,45.0,17.0,0.4,2.0,6.0,14.0,0.4,7.0,23.0,23.0,Torino,13.0,3.0,0.0,0.0,5.0,0.0,42.2,9.0,0.0,0.0,0.0,0.0,326.0,396.0,0.8,3.0,18.0,0.2,53.0,22.0,0.4,6.0,5.0,8.0,0.6,7.0,22.0,22.0,712450,2025-04-27 18:45:00,2025
Udinese,22.0,3.0,0.0,0.0,5.0,1.0,34.6,13.0,4.0,0.3,0.0,0.0,154.0,225.0,0.7,4.0,13.0,0.3,50.0,21.0,0.4,4.0,7.0,12.0,0.6,5.0,33.0,33.0,Bologna,10.0,2.0,0.0,2.0,6.0,4.0,65.4,12.0,1.0,0.1,0.0,0.0,362.0,433.0,0.8,6.0,18.0,0.3,63.0,25.0,0.4,3.0,9.0,16.0,0.6,5.0,17.0,17.0,712443,2025-04-28 16:30:00,2025
Lazio,12.0,1.0,0.0,7.0,5.0,3.0,69.6,14.0,7.0,0.5,0.0,0.0,546.0,614.0,0.9,7.0,32.0,0.2,43.0,26.0,0.6,3.0,5.0,10.0,0.5,4.0,13.0,13.0,Parma,11.0,3.0,0.0,1.0,1.0,5.0,30.4,7.0,5.0,0.7,0.0,0.0,203.0,274.0,0.7,3.0,6.0,0.5,70.0,29.0,0.4,1.0,6.0,13.0,0.5,10.0,32.0,32.0,712449,2025-04-28 18:45:00,2025
Hellas Verona,14.0,2.0,1.0,1.0,2.0,2.0,55.2,6.0,2.0,0.3,0.0,0.0,340.0,433.0,0.8,3.0,16.0,0.2,55.0,20.0,0.4,1.0,10.0,12.0,0.8,9.0,23.0,23.0,Cagliari,9.0,2.0,0.0,2.0,3.0,2.0,44.8,6.0,4.0,0.7,0.0,0.0,258.0,348.0,0.7,2.0,17.0,0.1,70.0,34.0,0.5,0.0,5.0,10.0,0.5,12.0,29.0,29.0,712446,2025-04-28 18:45:00,2025
Torino,7.0,1.0,0.0,2.0,5.0,2.0,55.1,19.0,4.0,0.2,1.0,1.0,355.0,434.0,0.8,6.0,24.0,0.3,59.0,30.0,0.5,6.0,13.0,14.0,0.9,8.0,24.0,24.0,Venezia,18.0,0.0,0.0,2.0,1.0,3.0,44.9,7.0,3.0,0.4,0.0,0.0,274.0,366.0,0.7,2.0,7.0,0.3,55.0,18.0,0.3,1.0,11.0,18.0,0.6,5.0,32.0,32.0,712460,2025-05-02 18:45:00,2025
Parma,16.0,1.0,0.0,0.0,5.0,3.0,38.9,13.0,3.0,0.2,0.0,0.0,250.0,311.0,0.8,6.0,13.0,0.5,47.0,26.0,0.6,4.0,15.0,22.0,0.7,6.0,31.0,31.0,Como,14.0,1.0,0.0,2.0,5.0,3.0,61.1,13.0,4.0,0.3,0.0,0.0,424.0,493.0,0.9,2.0,13.0,0.2,40.0,14.0,0.4,4.0,9.0,14.0,0.6,5.0,21.0,21.0,712458,2025-05-03 13:00:00,2025
Cagliari,5.0,1.0,0.0,4.0,5.0,1.0,44.5,8.0,2.0,0.3,0.0,0.0,278.0,365.0,0.8,3.0,11.0,0.3,59.0,22.0,0.4,1.0,9.0,17.0,0.5,7.0,38.0,38.0,Udinese,15.0,2.0,0.0,2.0,4.0,1.0,55.5,11.0,3.0,0.3,0.0,0.0,370.0,452.0,0.8,3.0,19.0,0.2,64.0,23.0,0.4,3.0,10.0,19.0,0.5,11.0,20.0,20.0,712462,2025-05-03 13:00:00,2025
Lecce,11.0,2.0,0.0,2.0,5.0,1.0,45.0,9.0,1.0,0.1,0.0,0.0,332.0,387.0,0.9,4.0,20.0,0.2,54.0,30.0,0.6,2.0,7.0,12.0,0.6,3.0,24.0,24.0,Napoli,4.0,0.0,0.0,2.0,2.0,1.0,55.0,8.0,2.0,0.3,0.0,0.0,440.0,495.0,0.9,1.0,8.0,0.1,57.0,33.0,0.6,3.0,7.0,14.0,0.5,10.0,22.0,22.0,712456,2025-05-03 16:00:00,2025
Internazionale,6.0,1.0,0.0,1.0,4.0,1.0,69.1,9.0,2.0,0.2,1.0,1.0,656.0,718.0,0.9,2.0,11.0,0.2,42.0,26.0,0.6,3.0,2.0,8.0,0.3,4.0,20.0,20.0,Hellas Verona,11.0,3.0,0.0,0.0,3.0,1.0,30.9,6.0,1.0,0.2,0.0,0.0,251.0,311.0,0.8,2.0,14.0,0.1,49.0,22.0,0.4,3.0,6.0,7.0,0.9,4.0,15.0,15.0,712455,2025-05-03 18:45:00,2025
Empoli,17.0,3.0,1.0,2.0,2.0,2.0,37.3,7.0,2.0,0.3,0.0,0.0,246.0,316.0,0.8,4.0,18.0,0.2,45.0,19.0,0.4,3.0,11.0,19.0,0.6,6.0,30.0,30.0,Lazio,8.0,3.0,1.0,1.0,7.0,2.0,62.7,9.0,3.0,0.3,0.0,0.0,469.0,546.0,0.9,3.0,16.0,0.2,60.0,32.0,0.5,1.0,9.0,17.0,0.5,5.0,30.0,30.0,712453,2025-05-04 10:30:00,2025
Monza,9.0,1.0,0.0,2.0,3.0,1.0,51.5,14.0,7.0,0.5,0.0,0.0,409.0,477.0,0.9,3.0,10.0,0.3,40.0,18.0,0.5,0.0,8.0,17.0,0.5,10.0,28.0,28.0,Atalanta,10.0,2.0,0.0,0.0,7.0,7.0,48.5,15.0,5.0,0.3,0.0,0.0,374.0,439.0,0.9,5.0,17.0,0.3,51.0,30.0,0.6,4.0,3.0,8.0,0.4,7.0,17.0,17.0,712457,2025-05-04 13:00:00,2025
AS Roma,9.0,2.0,0.0,0.0,7.0,5.0,41.4,12.0,4.0,0.3,0.0,0.0,366.0,422.0,0.9,3.0,13.0,0.2,49.0,29.0,0.6,5.0,8.0,16.0,0.5,5.0,29.0,29.0,Fiorentina,8.0,2.0,1.0,2.0,4.0,3.0,58.6,13.0,5.0,0.4,0.0,0.0,546.0,605.0,0.9,5.0,18.0,0.3,35.0,19.0,0.5,2.0,10.0,19.0,0.5,6.0,19.0,19.0,712459,2025-05-04 16:00:00,2025
Bologna,6.0,1.0,0.0,4.0,10.0,1.0,64.8,9.0,2.0,0.2,0.0,0.0,360.0,419.0,0.9,4.0,33.0,0.1,61.0,33.0,0.5,5.0,8.0,13.0,0.6,6.0,5.0,5.0,Juventus,19.0,3.0,0.0,3.0,3.0,1.0,35.2,6.0,3.0,0.5,0.0,0.0,171.0,235.0,0.7,1.0,8.0,0.1,39.0,14.0,0.4,1.0,10.0,16.0,0.6,7.0,36.0,36.0,712461,2025-05-04 18:45:00,2025
Genoa,14.0,1.0,0.0,1.0,8.0,4.0,39.8,11.0,4.0,0.4,0.0,0.0,271.0,336.0,0.8,6.0,21.0,0.3,30.0,15.0,0.5,2.0,11.0,25.0,0.4,7.0,16.0,16.0,AC Milan,12.0,5.0,0.0,1.0,7.0,4.0,60.2,10.0,5.0,0.5,0.0,0.0,465.0,530.0,0.9,3.0,8.0,0.4,48.0,31.0,0.6,2.0,5.0,5.0,1.0,6.0,22.0,22.0,712454,2025-05-05 18:45:00,2025
AC Milan,5.0,2.0,0.0,1.0,3.0,3.0,47.2,10.0,5.0,0.5,0.0,0.0,368.0,434.0,0.8,2.0,7.0,0.3,50.0,26.0,0.5,4.0,11.0,15.0,0.7,8.0,19.0,19.0,Bologna,14.0,2.0,0.0,2.0,4.0,2.0,52.8,10.0,4.0,0.4,0.0,0.0,410.0,475.0,0.9,7.0,17.0,0.4,56.0,33.0,0.6,1.0,11.0,14.0,0.8,5.0,14.0,14.0,712467,2025-05-09 18:45:00,2025
Como,9.0,1.0,0.0,1.0,5.0,2.0,61.9,19.0,5.0,0.3,0.0,0.0,495.0,560.0,0.9,6.0,15.0,0.4,39.0,23.0,0.6,5.0,8.0,16.0,0.5,12.0,18.0,18.0,Cagliari,15.0,3.0,0.0,0.0,1.0,2.0,38.1,9.0,3.0,0.3,0.0,0.0,276.0,338.0,0.8,5.0,16.0,0.3,51.0,27.0,0.5,0.0,6.0,8.0,0.8,11.0,12.0,12.0,712463,2025-05-10 13:00:00,2025
Lazio,14.0,5.0,0.0,1.0,3.0,1.0,57.6,19.0,6.0,0.3,0.0,0.0,382.0,440.0,0.9,9.0,39.0,0.2,62.0,35.0,0.6,6.0,9.0,14.0,0.6,9.0,5.0,5.0,Juventus,10.0,4.0,1.0,1.0,3.0,5.0,42.4,8.0,3.0,0.4,0.0,0.0,285.0,343.0,0.8,3.0,10.0,0.3,37.0,15.0,0.4,2.0,7.0,12.0,0.6,9.0,30.0,30.0,712468,2025-05-10 16:00:00,2025
Empoli,21.0,2.0,0.0,3.0,4.0,0.0,46.0,15.0,4.0,0.3,0.0,0.0,213.0,315.0,0.7,4.0,13.0,0.3,71.0,22.0,0.3,7.0,11.0,15.0,0.7,8.0,36.0,36.0,Parma,16.0,0.0,1.0,0.0,0.0,2.0,54.0,3.0,1.0,0.3,0.0,0.0,267.0,379.0,0.7,2.0,9.0,0.2,74.0,28.0,0.4,0.0,9.0,17.0,0.5,4.0,22.0,22.0,712470,2025-05-10 18:45:00,2025
Udinese,21.0,2.0,0.0,2.0,7.0,0.0,59.6,21.0,5.0,0.2,0.0,0.0,429.0,486.0,0.9,8.0,29.0,0.3,44.0,29.0,0.7,6.0,7.0,11.0,0.6,5.0,8.0,8.0,Monza,8.0,3.0,0.0,2.0,0.0,4.0,40.4,5.0,2.0,0.4,0.0,0.0,276.0,341.0,0.8,1.0,3.0,0.3,63.0,16.0,0.3,0.0,10.0,14.0,0.7,9.0,43.0,43.0,712464,2025-05-11 10:30:00,2025
Hellas Verona,0.0,0.0,0.0,0.0,0.0,0.0,0.0,0.0,0.0,0.0,0.0,0.0,0.0,0.0,0.0,0.0,0.0,0.0,0.0,0.0,0.0,0.0,0.0,0.0,0.0,0.0,0.0,0.0,Lecce,0.0,0.0,0.0,0.0,0.0,0.0,0.0,0.0,0.0,0.0,0.0,0.0,0.0,0.0,0.0,0.0,0.0,0.0,0.0,0.0,0.0,0.0,0.0,0.0,0.0,0.0,0.0,0.0,712469,2025-05-11 13:00:00,2025
Torino,14.0,1.0,0.0,1.0,9.0,5.0,42.4,17.0,3.0,0.2,0.0,0.0,308.0,367.0,0.8,12.0,34.0,0.4,34.0,15.0,0.4,8.0,4.0,6.0,0.7,5.0,16.0,16.0,Internazionale,7.0,3.0,0.0,2.0,3.0,3.0,57.6,12.0,7.0,0.6,1.0,1.0,480.0,542.0,0.9,3.0,10.0,0.3,56.0,31.0,0.6,0.0,8.0,13.0,0.6,9.0,32.0,32.0,712465,2025-05-11 16:00:00,2025
Napoli,12.0,1.0,0.0,1.0,8.0,1.0,59.3,22.0,11.0,0.5,0.0,0.0,433.0,518.0,0.8,8.0,18.0,0.4,55.0,24.0,0.4,6.0,4.0,11.0,0.4,8.0,22.0,22.0,Genoa,14.0,2.0,0.0,1.0,0.0,8.0,40.7,8.0,2.0,0.3,0.0,0.0,270.0,351.0,0.8,3.0,14.0,0.2,44.0,20.0,0.5,2.0,7.0,8.0,0.9,9.0,28.0,28.0,712466,2025-05-11 18:45:00,2025
Venezia,21.0,1.0,0.0,1.0,1.0,4.0,34.0,9.0,4.0,0.4,0.0,0.0,221.0,290.0,0.8,3.0,10.0,0.3,64.0,29.0,0.5,0.0,8.0,15.0,0.5,7.0,21.0,21.0,Fiorentina,17.0,4.0,0.0,0.0,5.0,2.0,66.0,16.0,5.0,0.3,0.0,0.0,487.0,560.0,0.9,8.0,24.0,0.3,58.0,32.0,0.6,3.0,8.0,12.0,0.7,11.0,13.0,13.0,712472,2025-05-12 16:30:00,2025
Atalanta,14.0,1.0,0.0,0.0,8.0,2.0,57.3,16.0,3.0,0.2,0.0,0.0,378.0,463.0,0.8,7.0,27.0,0.3,45.0,23.0,0.5,5.0,9.0,10.0,0.9,7.0,30.0,30.0,AS Roma,14.0,0.0,0.0,1.0,8.0,1.0,42.7,10.0,4.0,0.4,0.0,0.0,260.0,351.0,0.7,4.0,18.0,0.2,62.0,17.0,0.3,3.0,11.0,13.0,0.8,10.0,27.0,27.0,712471,2025-05-12 18:45:00,2025
Genoa,10.0,0.0,0.0,0.0,7.0,3.0,55.7,12.0,5.0,0.4,0.0,0.0,375.0,463.0,0.8,9.0,23.0,0.4,59.0,30.0,0.5,4.0,9.0,13.0,0.7,5.0,11.0,11.0,Atalanta,14.0,0.0,0.0,0.0,0.0,3.0,44.3,13.0,6.0,0.5,0.0,0.0,304.0,377.0,0.8,1.0,8.0,0.1,45.0,19.0,0.4,2.0,11.0,13.0,0.8,14.0,22.0,22.0,712474,2025-05-17 18:45:00,2025
Parma,13.0,2.0,0.0,0.0,3.0,2.0,27.9,6.0,4.0,0.7,0.0,0.0,129.0,206.0,0.6,2.0,8.0,0.3,45.0,18.0,0.4,1.0,10.0,16.0,0.6,7.0,35.0,35.0,Napoli,16.0,2.0,0.0,2.0,2.0,4.0,72.1,7.0,2.0,0.3,0.0,0.0,458.0,528.0,0.9,4.0,18.0,0.2,42.0,24.0,0.6,3.0,5.0,8.0,0.6,5.0,22.0,22.0,712477,2025-05-18 18:45:00,2025
Juventus,9.0,0.0,0.0,1.0,12.0,2.0,64.3,24.0,7.0,0.3,0.0,0.0,417.0,474.0,0.9,7.0,24.0,0.3,40.0,20.0,0.5,6.0,9.0,12.0,0.8,13.0,29.0,29.0,Udinese,13.0,3.0,0.0,1.0,3.0,5.0,35.7,7.0,2.0,0.3,0.0,0.0,204.0,262.0,0.8,1.0,13.0,0.1,47.0,13.0,0.3,2.0,8.0,14.0,0.6,6.0,40.0,40.0,712480,2025-05-18 18:45:00,2025
Monza,8.0,0.0,0.0,3.0,2.0,2.0,68.3,12.0,4.0,0.3,0.0,0.0,588.0,653.0,0.9,4.0,14.0,0.3,54.0,31.0,0.6,4.0,7.0,11.0,0.6,5.0,27.0,27.0,Empoli,16.0,1.0,0.0,1.0,6.0,3.0,31.7,9.0,4.0,0.4,0.0,0.0,230.0,294.0,0.8,3.0,17.0,0.2,40.0,14.0,0.4,2.0,8.0,13.0,0.6,7.0,20.0,20.0,712478,2025-05-18 18:45:00,2025
Internazionale,14.0,1.0,0.0,1.0,5.0,2.0,55.8,10.0,3.0,0.3,0.0,0.0,454.0,530.0,0.9,7.0,24.0,0.3,35.0,15.0,0.4,4.0,6.0,15.0,0.4,3.0,8.0,8.0,Lazio,10.0,3.0,0.0,0.0,1.0,1.0,44.2,12.0,4.0,0.3,1.0,1.0,361.0,425.0,0.8,3.0,11.0,0.3,58.0,34.0,0.6,5.0,5.0,10.0,0.5,9.0,26.0,26.0,712481,2025-05-18 18:45:00,2025
Fiorentina,21.0,4.0,0.0,4.0,2.0,1.0,39.6,6.0,5.0,0.8,0.0,0.0,248.0,328.0,0.8,0.0,4.0,0.0,69.0,31.0,0.4,0.0,6.0,9.0,0.7,8.0,20.0,20.0,Bologna,17.0,1.0,1.0,1.0,4.0,3.0,60.4,15.0,3.0,0.2,0.0,0.0,411.0,480.0,0.9,3.0,17.0,0.2,48.0,26.0,0.5,5.0,5.0,10.0,0.5,6.0,10.0,10.0,712476,2025-05-18 18:45:00,2025
AS Roma,12.0,3.0,0.0,0.0,4.0,2.0,53.6,15.0,6.0,0.4,0.0,0.0,507.0,552.0,0.9,4.0,19.0,0.2,46.0,33.0,0.7,3.0,6.0,13.0,0.5,9.0,11.0,11.0,AC Milan,16.0,2.0,1.0,0.0,2.0,3.0,46.4,12.0,3.0,0.3,0.0,0.0,438.0,476.0,0.9,2.0,12.0,0.2,44.0,32.0,0.7,5.0,7.0,14.0,0.5,3.0,22.0,22.0,712475,2025-05-18 18:45:00,2025
Cagliari,7.0,1.0,0.0,2.0,8.0,1.0,42.5,20.0,5.0,0.3,0.0,0.0,270.0,352.0,0.8,8.0,21.0,0.4,65.0,26.0,0.4,9.0,12.0,18.0,0.7,10.0,24.0,24.0,Venezia,9.0,1.0,0.0,1.0,8.0,2.0,57.5,10.0,1.0,0.1,0.0,0.0,402.0,484.0,0.8,5.0,16.0,0.3,47.0,22.0,0.5,2.0,3.0,9.0,0.3,6.0,15.0,15.0,712473,2025-05-18 18:45:00,2025
Lecce,13.0,1.0,0.0,2.0,3.0,4.0,42.1,10.0,4.0,0.4,0.0,0.0,240.0,325.0,0.7,3.0,19.0,0.2,60.0,23.0,0.4,2.0,7.0,9.0,0.8,9.0,24.0,24.0,Torino,8.0,1.0,0.0,1.0,4.0,4.0,57.9,10.0,4.0,0.4,0.0,0.0,353.0,453.0,0.8,8.0,16.0,0.5,73.0,34.0,0.5,2.0,6.0,10.0,0.6,7.0,24.0,24.0,712479,2025-05-18 18:45:00,2025
Hellas Verona,13.0,1.0,0.0,1.0,5.0,4.0,31.6,16.0,3.0,0.2,0.0,0.0,153.0,242.0,0.6,5.0,18.0,0.3,58.0,11.0,0.2,6.0,12.0,20.0,0.6,9.0,18.0,18.0,Como,10.0,3.0,0.0,2.0,5.0,2.0,68.4,12.0,6.0,0.5,0.0,0.0,477.0,550.0,0.9,2.0,12.0,0.2,33.0,12.0,0.4,1.0,6.0,8.0,0.8,13.0,26.0,26.0,712482,2025-05-18 18:45:00,2025
Como,10.0,1.0,1.0,0.0,1.0,4.0,39.5,18.0,4.0,0.2,0.0,0.0,383.0,435.0,0.9,1.0,11.0,0.1,34.0,16.0,0.5,6.0,8.0,14.0,0.6,3.0,11.0,11.0,Internazionale,9.0,2.0,0.0,3.0,4.0,4.0,60.5,11.0,7.0,0.6,0.0,0.0,614.0,677.0,0.9,4.0,11.0,0.4,54.0,32.0,0.6,1.0,9.0,11.0,0.8,4.0,16.0,16.0,712484,2025-05-23 18:45:00,2025
Napoli,14.0,2.0,0.0,1.0,8.0,1.0,66.5,18.0,6.0,0.3,0.0,0.0,532.0,584.0,0.9,5.0,27.0,0.2,36.0,21.0,0.6,8.0,8.0,10.0,0.8,2.0,16.0,16.0,Cagliari,14.0,1.0,0.0,1.0,3.0,4.0,33.5,4.0,1.0,0.3,0.0,0.0,241.0,296.0,0.8,2.0,12.0,0.2,38.0,12.0,0.3,3.0,8.0,12.0,0.7,5.0,27.0,27.0,712488,2025-05-23 18:45:00,2025
Bologna,13.0,5.0,0.0,4.0,13.0,0.0,60.2,16.0,5.0,0.3,0.0,0.0,331.0,408.0,0.8,7.0,36.0,0.2,55.0,26.0,0.5,6.0,9.0,16.0,0.6,9.0,14.0,14.0,Genoa,23.0,2.0,0.0,1.0,1.0,4.0,39.8,5.0,3.0,0.6,0.0,0.0,200.0,283.0,0.7,2.0,5.0,0.4,59.0,19.0,0.3,0.0,5.0,14.0,0.4,12.0,43.0,43.0,712485,2025-05-24 16:00:00,2025
AC Milan,8.0,0.0,0.0,0.0,4.0,2.0,55.1,21.0,6.0,0.3,0.0,0.0,531.0,569.0,0.9,5.0,12.0,0.4,27.0,20.0,0.7,2.0,7.0,14.0,0.5,7.0,15.0,15.0,Monza,9.0,1.0,0.0,6.0,6.0,4.0,44.9,6.0,2.0,0.3,0.0,0.0,408.0,456.0,0.9,2.0,14.0,0.1,24.0,8.0,0.3,2.0,4.0,10.0,0.4,7.0,17.0,17.0,712492,2025-05-24 18:45:00,2025
Venezia,10.0,1.0,0.0,0.0,6.0,2.0,43.2,12.0,5.0,0.4,0.0,0.0,242.0,319.0,0.8,2.0,19.0,0.1,52.0,22.0,0.4,4.0,9.0,22.0,0.4,8.0,18.0,18.0,Juventus,18.0,2.0,0.0,3.0,6.0,3.0,56.8,15.0,5.0,0.3,1.0,1.0,367.0,427.0,0.9,3.0,13.0,0.2,51.0,28.0,0.5,5.0,14.0,22.0,0.6,9.0,30.0,30.0,712491,2025-05-25 18:45:00,2025
Udinese,15.0,1.0,1.0,0.0,2.0,8.0,35.2,12.0,3.0,0.3,0.0,0.0,234.0,302.0,0.8,6.0,13.0,0.5,53.0,23.0,0.4,7.0,6.0,11.0,0.5,6.0,36.0,36.0,Fiorentina,6.0,2.0,0.0,3.0,9.0,1.0,64.8,25.0,11.0,0.4,0.0,0.0,489.0,551.0,0.9,6.0,27.0,0.2,50.0,27.0,0.5,11.0,6.0,15.0,0.4,7.0,16.0,16.0,712490,2025-05-25 18:45:00,2025
Lazio,11.0,3.0,1.0,1.0,14.0,2.0,72.4,26.0,7.0,0.3,0.0,0.0,435.0,494.0,0.9,16.0,63.0,0.3,30.0,18.0,0.6,7.0,6.0,8.0,0.8,6.0,18.0,18.0,Lecce,11.0,1.0,2.0,0.0,4.0,8.0,27.6,9.0,3.0,0.3,0.0,0.0,132.0,204.0,0.6,6.0,9.0,0.7,58.0,24.0,0.4,1.0,3.0,5.0,0.6,5.0,62.0,62.0,712486,2025-05-25 18:45:00,2025
Empoli,10.0,2.0,0.0,1.0,13.0,0.0,69.8,15.0,5.0,0.3,0.0,0.0,340.0,433.0,0.8,6.0,35.0,0.2,68.0,34.0,0.5,4.0,5.0,8.0,0.6,3.0,25.0,25.0,Hellas Verona,29.0,2.0,1.0,1.0,1.0,4.0,30.2,5.0,2.0,0.4,0.0,0.0,115.0,202.0,0.6,1.0,3.0,0.3,60.0,16.0,0.3,2.0,18.0,20.0,0.9,5.0,58.0,58.0,712487,2025-05-25 18:45:00,2025
Atalanta,7.0,1.0,0.0,2.0,5.0,7.0,52.8,11.0,5.0,0.5,0.0,0.0,404.0,473.0,0.9,3.0,17.0,0.2,46.0,15.0,0.3,3.0,8.0,14.0,0.6,5.0,28.0,28.0,Parma,7.0,1.0,0.0,1.0,6.0,2.0,47.2,18.0,10.0,0.6,0.0,0.0,355.0,420.0,0.8,3.0,19.0,0.2,60.0,38.0,0.6,5.0,8.0,13.0,0.6,6.0,22.0,22.0,712483,2025-05-25 18:45:00,2025
Torino,15.0,1.0,0.0,3.0,2.0,3.0,45.9,11.0,4.0,0.4,0.0,0.0,372.0,418.0,0.9,5.0,21.0,0.2,25.0,14.0,0.6,4.0,8.0,14.0,0.6,2.0,12.0,12.0,AS Roma,11.0,1.0,0.0,1.0,1.0,4.0,54.1,15.0,5.0,0.3,1.0,1.0,450.0,501.0,0.9,4.0,12.0,0.3,68.0,43.0,0.6,2.0,8.0,9.0,0.9,2.0,18.0,18.0,712489,2025-05-25 18:45:00,2025
Genoa,16.0,2.0,0.0,0.0,3.0,0.0,58.7,5.0,2.0,0.4,0.0,0.0,327.0,435.0,0.8,0.0,10.0,0.0,54.0,16.0,0.3,1.0,15.0,23.0,0.7,6.0,24.0,24.0,Lecce,13.0,3.0,0.0,2.0,7.0,2.0,41.3,7.0,0.0,0.0,0.0,0.0,207.0,294.0,0.7,3.0,21.0,0.1,55.0,21.0,0.4,4.0,8.0,15.0,0.5,12.0,18.0,18.0,736790,2025-08-23 16:30:00,2025
Sassuolo,17.0,1.0,1.0,0.0,1.0,2.0,37.8,7.0,2.0,0.3,0.0,0.0,311.0,368.0,0.8,0.0,4.0,0.0,39.0,12.0,0.3,1.0,13.0,16.0,0.8,12.0,14.0,14.0,Napoli,17.0,1.0,0.0,0.0,2.0,2.0,62.2,13.0,4.0,0.3,0.0,0.0,545.0,606.0,0.9,2.0,10.0,0.2,32.0,17.0,0.5,5.0,9.0,14.0,0.6,5.0,10.0,10.0,736784,2025-08-23 16:30:00,2025
AC Milan,10.0,1.0,0.0,1.0,9.0,1.0,63.8,24.0,6.0,0.3,0.0,0.0,551.0,608.0,0.9,9.0,22.0,0.4,37.0,25.0,0.7,9.0,5.0,8.0,0.6,4.0,20.0,20.0,Cremonese,14.0,4.0,0.0,1.0,2.0,4.0,36.2,4.0,3.0,0.8,0.0,0.0,278.0,340.0,0.8,4.0,16.0,0.3,50.0,18.0,0.4,0.0,13.0,17.0,0.8,6.0,37.0,37.0,736793,2025-08-23 18:45:00,2025
AS Roma,15.0,1.0,0.0,1.0,2.0,2.0,51.0,14.0,4.0,0.3,0.0,0.0,338.0,414.0,0.8,3.0,8.0,0.4,59.0,26.0,0.4,1.0,7.0,13.0,0.5,9.0,17.0,17.0,Bologna,13.0,1.0,0.0,1.0,4.0,3.0,49.0,10.0,2.0,0.2,0.0,0.0,301.0,388.0,0.8,4.0,14.0,0.3,70.0,36.0,0.5,1.0,9.0,14.0,0.6,5.0,16.0,16.0,736785,2025-08-23 18:45:00,2025
Como,15.0,2.0,0.0,0.0,6.0,1.0,63.4,19.0,6.0,0.3,0.0,0.0,484.0,537.0,0.9,4.0,15.0,0.3,32.0,21.0,0.7,1.0,18.0,25.0,0.7,10.0,8.0,8.0,Lazio,12.0,3.0,0.0,1.0,0.0,4.0,36.6,5.0,1.0,0.2,0.0,0.0,260.0,309.0,0.8,3.0,6.0,0.5,33.0,20.0,0.6,1.0,12.0,24.0,0.5,11.0,19.0,19.0,736789,2025-08-24 16:30:00,2025
Cagliari,18.0,4.0,0.0,1.0,3.0,0.0,45.2,14.0,6.0,0.4,0.0,0.0,293.0,356.0,0.8,5.0,13.0,0.4,43.0,26.0,0.6,1.0,7.0,12.0,0.6,3.0,27.0,27.0,Fiorentina,14.0,2.0,0.0,4.0,2.0,4.0,54.8,4.0,1.0,0.3,0.0,0.0,365.0,439.0,0.8,4.0,9.0,0.4,47.0,15.0,0.3,1.0,12.0,18.0,0.7,6.0,16.0,16.0,736788,2025-08-24 16:30:00,2025
Juventus,9.0,1.0,1.0,0.0,6.0,1.0,64.3,25.0,8.0,0.3,0.0,0.0,457.0,512.0,0.9,7.0,18.0,0.4,28.0,13.0,0.5,5.0,9.0,15.0,0.6,12.0,19.0,19.0,Parma,13.0,2.0,0.0,0.0,6.0,6.0,35.7,8.0,2.0,0.3,0.0,0.0,207.0,275.0,0.8,4.0,17.0,0.2,51.0,23.0,0.5,2.0,7.0,12.0,0.6,6.0,18.0,18.0,736792,2025-08-24 18:45:00,2025
Atalanta,9.0,2.0,0.0,0.0,10.0,2.0,65.8,21.0,6.0,0.3,0.0,0.0,477.0,552.0,0.9,10.0,32.0,0.3,53.0,33.0,0.6,3.0,8.0,12.0,0.7,5.0,23.0,23.0,Pisa,10.0,0.0,0.0,2.0,4.0,5.0,34.2,11.0,2.0,0.2,0.0,0.0,218.0,289.0,0.8,6.0,15.0,0.4,70.0,37.0,0.5,3.0,9.0,17.0,0.5,8.0,32.0,32.0,736787,2025-08-24 18:45:00,2025
Udinese,10.0,3.0,0.0,2.0,5.0,2.0,62.8,14.0,4.0,0.3,0.0,0.0,416.0,478.0,0.9,4.0,21.0,0.2,48.0,33.0,0.7,4.0,9.0,13.0,0.7,3.0,35.0,35.0,Hellas Verona,14.0,2.0,0.0,2.0,1.0,4.0,37.2,9.0,3.0,0.3,0.0,0.0,210.0,286.0,0.7,1.0,8.0,0.1,58.0,24.0,0.4,2.0,12.0,22.0,0.5,10.0,26.0,26.0,736786,2025-08-25 16:30:00,2025
Internazionale,14.0,0.0,0.0,4.0,6.0,4.0,60.0,20.0,9.0,0.5,0.0,0.0,530.0,577.0,0.9,7.0,14.0,0.5,47.0,36.0,0.8,3.0,8.0,14.0,0.6,6.0,16.0,16.0,Torino,6.0,0.0,0.0,1.0,5.0,4.0,40.0,12.0,4.0,0.3,0.0,0.0,328.0,379.0,0.9,5.0,16.0,0.3,41.0,20.0,0.5,5.0,4.0,10.0,0.4,3.0,10.0,10.0,736791,2025-08-25 18:45:00,2025
Cremonese,12.0,2.0,0.0,0.0,5.0,4.0,41.9,11.0,6.0,0.5,1.0,1.0,271.0,359.0,0.8,2.0,16.0,0.1,58.0,21.0,0.4,3.0,12.0,19.0,0.6,5.0,17.0,17.0,Sassuolo,17.0,2.0,0.0,2.0,4.0,3.0,58.1,9.0,6.0,0.7,1.0,1.0,428.0,507.0,0.8,4.0,14.0,0.3,59.0,28.0,0.5,1.0,8.0,11.0,0.7,3.0,27.0,27.0,736802,2025-08-29 16:30:00,2025
Lecce,10.0,1.0,0.0,1.0,4.0,4.0,45.0,7.0,2.0,0.3,0.0,0.0,331.0,388.0,0.9,4.0,19.0,0.2,51.0,31.0,0.6,3.0,9.0,16.0,0.6,1.0,18.0,18.0,AC Milan,8.0,0.0,0.0,4.0,5.0,2.0,55.0,14.0,6.0,0.4,0.0,0.0,416.0,482.0,0.9,7.0,16.0,0.4,51.0,23.0,0.5,3.0,11.0,18.0,0.6,9.0,17.0,17.0,736803,2025-08-29 18:45:00,2025
Bologna,13.0,4.0,0.0,3.0,7.0,2.0,35.8,15.0,2.0,0.1,0.0,0.0,169.0,242.0,0.7,5.0,17.0,0.3,56.0,21.0,0.4,7.0,11.0,16.0,0.7,9.0,26.0,26.0,Como,19.0,4.0,0.0,0.0,4.0,1.0,64.2,13.0,2.0,0.2,0.0,0.0,379.0,459.0,0.8,4.0,11.0,0.4,41.0,18.0,0.4,6.0,10.0,16.0,0.6,7.0,25.0,25.0,736794,2025-08-30 16:30:00,2025
Parma,8.0,2.0,0.0,1.0,1.0,2.0,46.2,7.0,3.0,0.4,0.0,0.0,269.0,345.0,0.8,3.0,23.0,0.1,57.0,23.0,0.4,1.0,6.0,10.0,0.6,8.0,16.0,16.0,Atalanta,15.0,2.0,0.0,4.0,2.0,2.0,53.8,11.0,3.0,0.3,0.0,0.0,334.0,420.0,0.8,2.0,9.0,0.2,66.0,31.0,0.5,4.0,14.0,23.0,0.6,7.0,49.0,49.0,736796,2025-08-30 16:30:00,2025
Napoli,16.0,2.0,0.0,3.0,13.0,1.0,67.3,20.0,6.0,0.3,0.0,0.0,554.0,615.0,0.9,7.0,42.0,0.2,20.0,16.0,0.8,6.0,3.0,4.0,0.8,7.0,6.0,6.0,Cagliari,12.0,1.0,0.0,1.0,0.0,5.0,32.7,10.0,1.0,0.1,0.0,0.0,252.0,310.0,0.8,3.0,6.0,0.5,44.0,16.0,0.4,1.0,8.0,16.0,0.5,4.0,42.0,42.0,736797,2025-08-30 18:45:00,2025
Pisa,14.0,2.0,0.0,2.0,1.0,4.0,31.2,7.0,3.0,0.4,0.0,0.0,176.0,266.0,0.7,2.0,11.0,0.2,54.0,18.0,0.3,0.0,12.0,22.0,0.5,11.0,37.0,37.0,AS Roma,10.0,1.0,0.0,1.0,7.0,3.0,68.8,10.0,5.0,0.5,0.0,0.0,485.0,581.0,0.8,5.0,27.0,0.2,62.0,30.0,0.5,3.0,7.0,16.0,0.4,7.0,23.0,23.0,736795,2025-08-30 18:45:00,2025
Torino,21.0,2.0,0.0,2.0,7.0,3.0,45.2,7.0,4.0,0.6,0.0,0.0,225.0,292.0,0.8,5.0,18.0,0.3,44.0,24.0,0.5,1.0,5.0,7.0,0.7,6.0,21.0,21.0,Fiorentina,13.0,2.0,0.0,1.0,3.0,4.0,54.8,16.0,4.0,0.3,0.0,0.0,307.0,369.0,0.8,4.0,11.0,0.4,36.0,17.0,0.5,4.0,5.0,11.0,0.5,10.0,23.0,23.0,736798,2025-08-31 16:30:00,2025
Genoa,14.0,1.0,0.0,0.0,3.0,2.0,44.1,10.0,1.0,0.1,0.0,0.0,264.0,350.0,0.8,3.0,17.0,0.2,44.0,12.0,0.3,3.0,12.0,21.0,0.6,6.0,20.0,20.0,Juventus,15.0,2.0,0.0,2.0,4.0,1.0,55.9,13.0,3.0,0.2,0.0,0.0,358.0,449.0,0.8,5.0,14.0,0.4,46.0,21.0,0.5,6.0,13.0,26.0,0.5,6.0,21.0,21.0,736801,2025-08-31 16:30:00,2025
Internazionale,17.0,1.0,0.0,2.0,13.0,3.0,67.7,16.0,4.0,0.3,0.0,0.0,426.0,497.0,0.9,8.0,37.0,0.2,62.0,36.0,0.6,2.0,6.0,12.0,0.5,5.0,16.0,16.0,Udinese,5.0,3.0,0.0,0.0,2.0,2.0,32.3,10.0,5.0,0.5,1.0,1.0,179.0,245.0,0.7,1.0,12.0,0.1,59.0,21.0,0.4,1.0,3.0,8.0,0.4,4.0,45.0,45.0,736800,2025-08-31 18:45:00,2025
Lazio,8.0,0.0,0.0,1.0,8.0,4.0,70.0,22.0,6.0,0.3,0.0,0.0,643.0,702.0,0.9,4.0,20.0,0.2,48.0,37.0,0.8,8.0,6.0,9.0,0.7,14.0,5.0,5.0,Hellas Verona,19.0,0.0,0.0,1.0,1.0,2.0,30.0,12.0,4.0,0.3,0.0,0.0,236.0,300.0,0.8,2.0,7.0,0.3,49.0,23.0,0.5,3.0,12.0,20.0,0.6,9.0,24.0,24.0,736799,2025-08-31 18:45:00,2025
Cagliari,15.0,3.0,0.0,3.0,4.0,6.0,51.0,12.0,5.0,0.4,0.0,0.0,319.0,396.0,0.8,2.0,13.0,0.2,53.0,23.0,0.4,4.0,8.0,14.0,0.6,10.0,32.0,32.0,Parma,18.0,1.0,0.0,0.0,5.0,3.0,49.0,17.0,5.0,0.3,0.0,0.0,303.0,375.0,0.8,7.0,20.0,0.4,49.0,18.0,0.4,7.0,13.0,20.0,0.7,5.0,14.0,14.0,736811,2025-09-13 13:00:00,2025
Juventus,14.0,2.0,0.0,1.0,5.0,1.0,41.1,12.0,4.0,0.3,0.0,0.0,296.0,357.0,0.8,3.0,10.0,0.3,37.0,14.0,0.4,5.0,10.0,17.0,0.6,6.0,38.0,38.0,Internazionale,10.0,2.0,0.0,1.0,9.0,0.0,58.9,18.0,4.0,0.2,0.0,0.0,452.0,503.0,0.9,10.0,32.0,0.3,30.0,20.0,0.7,6.0,4.0,9.0,0.4,6.0,19.0,19.0,736807,2025-09-13 16:00:00,2025
Fiorentina,14.0,0.0,0.0,0.0,8.0,5.0,52.6,19.0,3.0,0.2,0.0,0.0,373.0,456.0,0.8,7.0,23.0,0.3,47.0,18.0,0.4,8.0,7.0,13.0,0.5,6.0,15.0,15.0,Napoli,14.0,0.0,0.0,0.0,5.0,2.0,47.4,14.0,9.0,0.6,1.0,1.0,346.0,419.0,0.8,1.0,12.0,0.1,47.0,16.0,0.3,3.0,11.0,14.0,0.8,6.0,32.0,32.0,736809,2025-09-13 18:45:00,2025
AS Roma,11.0,2.0,0.0,1.0,7.0,3.0,72.7,22.0,5.0,0.2,0.0,0.0,530.0,590.0,0.9,7.0,31.0,0.2,40.0,25.0,0.6,7.0,6.0,12.0,0.5,7.0,11.0,11.0,Torino,17.0,3.0,0.0,4.0,4.0,5.0,27.3,8.0,4.0,0.5,0.0,0.0,155.0,223.0,0.7,3.0,7.0,0.4,55.0,16.0,0.3,1.0,15.0,23.0,0.7,5.0,42.0,42.0,736804,2025-09-14 10:30:00,2025
Atalanta,12.0,0.0,0.0,3.0,8.0,2.0,56.5,19.0,8.0,0.4,0.0,0.0,390.0,456.0,0.9,3.0,23.0,0.1,34.0,14.0,0.4,3.0,11.0,14.0,0.8,6.0,20.0,20.0,Lecce,7.0,0.0,0.0,1.0,2.0,4.0,43.5,12.0,3.0,0.3,0.0,0.0,284.0,357.0,0.8,4.0,12.0,0.3,52.0,20.0,0.4,5.0,6.0,13.0,0.5,9.0,30.0,30.0,736812,2025-09-14 13:00:00,2025
Pisa,13.0,1.0,0.0,1.0,8.0,2.0,51.4,12.0,2.0,0.2,0.0,0.0,318.0,382.0,0.8,5.0,29.0,0.2,41.0,21.0,0.5,4.0,9.0,14.0,0.6,4.0,23.0,23.0,Udinese,15.0,2.0,0.0,1.0,6.0,2.0,48.6,13.0,3.0,0.2,0.0,0.0,301.0,375.0,0.8,1.0,17.0,0.1,55.0,21.0,0.4,6.0,7.0,13.0,0.5,5.0,34.0,34.0,736805,2025-09-14 13:00:00,2025
Sassuolo,15.0,6.0,0.0,0.0,3.0,3.0,41.0,10.0,3.0,0.3,0.0,0.0,350.0,415.0,0.8,4.0,10.0,0.4,52.0,25.0,0.5,2.0,12.0,20.0,0.6,12.0,31.0,31.0,Lazio,11.0,3.0,0.0,1.0,8.0,2.0,59.0,13.0,3.0,0.2,0.0,0.0,514.0,590.0,0.9,5.0,24.0,0.2,40.0,15.0,0.4,4.0,7.0,12.0,0.6,9.0,15.0,15.0,736813,2025-09-14 16:00:00,2025
AC Milan,17.0,3.0,0.0,2.0,7.0,0.0,39.2,14.0,3.0,0.2,0.0,0.0,286.0,336.0,0.9,3.0,14.0,0.2,34.0,17.0,0.5,4.0,11.0,14.0,0.8,5.0,24.0,24.0,Bologna,16.0,2.0,0.0,1.0,4.0,2.0,60.8,5.0,0.0,0.0,0.0,0.0,453.0,521.0,0.9,5.0,19.0,0.3,52.0,31.0,0.6,3.0,7.0,13.0,0.5,5.0,19.0,19.0,736806,2025-09-14 18:45:00,2025
Hellas Verona,18.0,2.0,0.0,4.0,10.0,3.0,46.4,20.0,9.0,0.5,0.0,0.0,332.0,412.0,0.8,4.0,24.0,0.2,50.0,20.0,0.4,5.0,7.0,11.0,0.6,9.0,21.0,21.0,Cremonese,3.0,1.0,0.0,1.0,2.0,9.0,53.6,6.0,2.0,0.3,0.0,0.0,401.0,492.0,0.8,3.0,7.0,0.4,58.0,21.0,0.4,2.0,3.0,8.0,0.4,4.0,33.0,33.0,736808,2025-09-15 16:30:00,2025
Como,13.0,2.0,1.0,0.0,1.0,4.0,52.6,13.0,4.0,0.3,0.0,0.0,379.0,452.0,0.8,0.0,7.0,0.0,45.0,25.0,0.6,6.0,6.0,15.0,0.4,6.0,24.0,24.0,Genoa,17.0,2.0,0.0,0.0,8.0,3.0,47.4,12.0,6.0,0.5,0.0,0.0,323.0,396.0,0.8,2.0,18.0,0.1,43.0,24.0,0.6,6.0,20.0,30.0,0.7,10.0,17.0,17.0,736810,2025-09-15 18:45:00,2025
Lecce,10.0,2.0,0.0,0.0,4.0,4.0,51.7,11.0,5.0,0.5,0.0,0.0,319.0,378.0,0.8,7.0,16.0,0.4,45.0,26.0,0.6,0.0,8.0,17.0,0.5,3.0,23.0,23.0,Cagliari,19.0,3.0,0.0,2.0,7.0,4.0,48.3,15.0,6.0,0.4,1.0,1.0,284.0,351.0,0.8,5.0,18.0,0.3,40.0,15.0,0.4,3.0,8.0,20.0,0.4,10.0,17.0,17.0,736820,2025-09-19 18:45:00,2025
Bologna,12.0,1.0,0.0,4.0,8.0,3.0,58.9,14.0,6.0,0.4,1.0,1.0,320.0,406.0,0.8,5.0,19.0,0.3,75.0,36.0,0.5,3.0,9.0,13.0,0.7,9.0,22.0,22.0,Genoa,15.0,5.0,0.0,1.0,2.0,4.0,41.1,7.0,4.0,0.6,0.0,0.0,196.0,290.0,0.7,2.0,9.0,0.2,82.0,33.0,0.4,1.0,13.0,20.0,0.7,8.0,25.0,25.0,736817,2025-09-20 13:00:00,2025
Hellas Verona,18.0,3.0,0.0,1.0,5.0,3.0,27.9,14.0,4.0,0.3,1.0,1.0,146.0,216.0,0.7,3.0,13.0,0.2,45.0,16.0,0.4,2.0,14.0,23.0,0.6,15.0,21.0,21.0,Juventus,10.0,3.0,0.0,1.0,3.0,3.0,72.1,10.0,4.0,0.4,0.0,0.0,495.0,570.0,0.9,4.0,20.0,0.2,49.0,30.0,0.6,2.0,9.0,16.0,0.6,6.0,24.0,24.0,736814,2025-09-20 16:00:00,2025
Udinese,9.0,2.0,0.0,3.0,1.0,4.0,39.6,10.0,4.0,0.4,0.0,0.0,351.0,393.0,0.9,7.0,18.0,0.4,19.0,7.0,0.4,3.0,13.0,13.0,1.0,11.0,21.0,21.0,AC Milan,7.0,0.0,0.0,2.0,4.0,4.0,60.4,13.0,6.0,0.5,0.0,0.0,550.0,607.0,0.9,2.0,17.0,0.1,47.0,33.0,0.7,1.0,10.0,17.0,0.6,4.0,17.0,17.0,736818,2025-09-20 18:45:00,2025
Lazio,14.0,1.0,2.0,0.0,3.0,5.0,48.9,10.0,2.0,0.2,0.0,0.0,315.0,390.0,0.8,3.0,15.0,0.2,43.0,19.0,0.4,0.0,9.0,14.0,0.6,8.0,16.0,16.0,AS Roma,22.0,1.0,0.0,4.0,6.0,2.0,51.1,13.0,6.0,0.5,0.0,0.0,336.0,408.0,0.8,4.0,17.0,0.2,47.0,24.0,0.5,1.0,9.0,17.0,0.5,11.0,20.0,20.0,736819,2025-09-21 10:30:00,2025
Cremonese,16.0,1.0,0.0,6.0,3.0,3.0,52.1,3.0,1.0,0.3,0.0,0.0,343.0,416.0,0.8,3.0,14.0,0.2,58.0,24.0,0.4,1.0,4.0,10.0,0.4,3.0,41.0,41.0,Parma,8.0,0.0,0.0,0.0,3.0,1.0,47.9,15.0,3.0,0.2,0.0,0.0,307.0,377.0,0.8,5.0,19.0,0.3,50.0,20.0,0.4,6.0,11.0,16.0,0.7,7.0,20.0,20.0,736816,2025-09-21 13:00:00,2025
Torino,11.0,0.0,0.0,1.0,1.0,2.0,38.8,11.0,5.0,0.5,0.0,1.0,324.0,386.0,0.8,2.0,13.0,0.2,46.0,24.0,0.5,3.0,9.0,14.0,0.6,12.0,19.0,19.0,Atalanta,9.0,0.0,0.0,0.0,0.0,5.0,61.2,9.0,5.0,0.6,0.0,0.0,541.0,617.0,0.9,3.0,10.0,0.3,66.0,34.0,0.5,1.0,11.0,16.0,0.7,3.0,20.0,20.0,736822,2025-09-21 13:00:00,2025
Fiorentina,16.0,4.0,0.0,2.0,2.0,5.0,38.8,8.0,1.0,0.1,0.0,0.0,241.0,313.0,0.8,3.0,16.0,0.2,52.0,22.0,0.4,3.0,11.0,22.0,0.5,11.0,17.0,17.0,Como,19.0,3.0,0.0,2.0,6.0,0.0,61.2,19.0,7.0,0.4,0.0,0.0,426.0,502.0,0.8,5.0,19.0,0.3,43.0,24.0,0.6,3.0,11.0,18.0,0.6,5.0,33.0,33.0,736815,2025-09-21 16:00:00,2025
Internazionale,15.0,2.0,0.0,2.0,7.0,4.0,61.1,20.0,6.0,0.3,0.0,0.0,433.0,489.0,0.9,10.0,26.0,0.4,39.0,24.0,0.6,6.0,14.0,18.0,0.8,2.0,23.0,23.0,Sassuolo,8.0,1.0,0.0,3.0,3.0,5.0,38.9,9.0,5.0,0.6,0.0,0.0,257.0,316.0,0.8,1.0,8.0,0.1,54.0,28.0,0.5,3.0,6.0,19.0,0.3,5.0,32.0,32.0,736823,2025-09-21 18:45:00,2025
Napoli,10.0,1.0,0.0,1.0,5.0,4.0,63.5,18.0,6.0,0.3,0.0,0.0,533.0,594.0,0.9,2.0,16.0,0.1,29.0,15.0,0.5,8.0,12.0,16.0,0.8,8.0,14.0,14.0,Pisa,18.0,2.0,0.0,0.0,3.0,3.0,36.5,15.0,6.0,0.4,1.0,1.0,267.0,331.0,0.8,3.0,15.0,0.2,44.0,20.0,0.5,6.0,16.0,19.0,0.8,8.0,20.0,20.0,736821,2025-09-22 18:45:00,2025
Como,16.0,3.0,1.0,0.0,4.0,1.0,57.6,14.0,6.0,0.4,0.0,0.0,377.0,451.0,0.8,3.0,9.0,0.3,53.0,25.0,0.5,3.0,11.0,15.0,0.7,4.0,21.0,21.0,Cremonese,17.0,4.0,0.0,4.0,3.0,5.0,42.4,9.0,2.0,0.2,0.0,0.0,241.0,316.0,0.8,5.0,15.0,0.3,55.0,19.0,0.3,0.0,10.0,17.0,0.6,8.0,13.0,13.0,736826,2025-09-27 13:00:00,2025
Juventus,6.0,0.0,0.0,1.0,15.0,1.0,67.0,24.0,10.0,0.4,0.0,0.0,537.0,600.0,0.9,12.0,43.0,0.3,58.0,39.0,0.7,8.0,4.0,13.0,0.3,4.0,9.0,9.0,Atalanta,7.0,1.0,1.0,0.0,5.0,9.0,33.0,12.0,2.0,0.2,0.0,0.0,235.0,299.0,0.8,5.0,14.0,0.4,44.0,16.0,0.4,3.0,5.0,12.0,0.4,9.0,40.0,40.0,736824,2025-09-27 16:00:00,2025
Cagliari,13.0,0.0,0.0,1.0,4.0,3.0,41.7,6.0,0.0,0.0,0.0,0.0,301.0,374.0,0.8,4.0,22.0,0.2,43.0,27.0,0.6,2.0,7.0,12.0,0.6,17.0,17.0,17.0,Internazionale,14.0,2.0,0.0,2.0,4.0,0.0,58.3,20.0,5.0,0.3,0.0,0.0,453.0,537.0,0.8,7.0,20.0,0.4,60.0,30.0,0.5,4.0,8.0,11.0,0.7,8.0,20.0,20.0,736827,2025-09-27 18:45:00,2025
Sassuolo,5.0,0.0,0.0,5.0,1.0,4.0,44.0,11.0,5.0,0.5,0.0,0.0,252.0,321.0,0.8,2.0,8.0,0.3,51.0,16.0,0.3,3.0,6.0,13.0,0.5,6.0,24.0,24.0,Udinese,22.0,3.0,0.0,1.0,5.0,2.0,56.0,12.0,5.0,0.4,0.0,0.0,342.0,404.0,0.8,4.0,18.0,0.2,37.0,21.0,0.6,1.0,3.0,12.0,0.3,8.0,21.0,21.0,736829,2025-09-28 10:30:00,2025
Pisa,15.0,0.0,0.0,1.0,4.0,2.0,38.5,11.0,1.0,0.1,0.0,0.0,162.0,230.0,0.7,4.0,17.0,0.2,46.0,16.0,0.3,3.0,16.0,29.0,0.6,7.0,29.0,29.0,Fiorentina,15.0,1.0,0.0,5.0,6.0,1.0,61.5,14.0,2.0,0.1,0.0,0.0,315.0,385.0,0.8,3.0,13.0,0.2,46.0,25.0,0.5,5.0,9.0,26.0,0.3,5.0,20.0,20.0,736831,2025-09-28 13:00:00,2025
AS Roma,11.0,0.0,0.0,0.0,8.0,3.0,57.3,10.0,5.0,0.5,0.0,0.0,315.0,432.0,0.7,4.0,19.0,0.2,60.0,16.0,0.3,3.0,6.0,16.0,0.4,7.0,25.0,25.0,Hellas Verona,19.0,4.0,0.0,2.0,1.0,3.0,42.7,12.0,3.0,0.3,0.0,0.0,217.0,320.0,0.7,7.0,17.0,0.4,53.0,15.0,0.3,3.0,8.0,18.0,0.4,15.0,27.0,27.0,736830,2025-09-28 13:00:00,2025
Lecce,13.0,4.0,0.0,1.0,3.0,3.0,33.2,12.0,4.0,0.3,0.0,0.0,166.0,252.0,0.7,5.0,13.0,0.4,71.0,26.0,0.4,3.0,17.0,21.0,0.8,5.0,18.0,18.0,Bologna,13.0,2.0,0.0,4.0,9.0,2.0,66.8,14.0,5.0,0.4,1.0,1.0,442.0,517.0,0.9,4.0,19.0,0.2,55.0,23.0,0.4,6.0,9.0,14.0,0.6,5.0,21.0,21.0,736828,2025-09-28 16:00:00,2025
AC Milan,7.0,1.0,1.0,1.0,1.0,6.0,36.5,6.0,3.0,0.5,0.0,0.0,298.0,359.0,0.8,0.0,2.0,0.0,51.0,20.0,0.4,1.0,6.0,11.0,0.5,10.0,24.0,24.0,Napoli,7.0,0.0,0.0,0.0,7.0,1.0,63.5,19.0,7.0,0.4,1.0,1.0,551.0,604.0,0.9,8.0,32.0,0.3,22.0,17.0,0.8,6.0,6.0,12.0,0.5,3.0,7.0,7.0,736833,2025-09-28 18:45:00,2025
Parma,10.0,3.0,0.0,1.0,4.0,3.0,37.4,13.0,2.0,0.2,1.0,1.0,195.0,270.0,0.7,4.0,11.0,0.4,47.0,17.0,0.4,4.0,9.0,15.0,0.6,5.0,31.0,31.0,Torino,12.0,3.0,0.0,1.0,3.0,1.0,62.6,15.0,4.0,0.3,0.0,0.0,363.0,442.0,0.8,8.0,29.0,0.3,67.0,25.0,0.4,8.0,10.0,16.0,0.6,6.0,28.0,28.0,736832,2025-09-29 16:30:00,2025
Genoa,18.0,5.0,0.0,1.0,6.0,2.0,65.1,17.0,5.0,0.3,0.0,0.0,431.0,503.0,0.9,7.0,28.0,0.3,46.0,22.0,0.5,4.0,7.0,12.0,0.6,5.0,10.0,10.0,Lazio,16.0,1.0,0.0,2.0,0.0,5.0,34.9,9.0,6.0,0.7,0.0,0.0,194.0,280.0,0.7,2.0,4.0,0.5,52.0,17.0,0.3,0.0,5.0,16.0,0.3,5.0,36.0,36.0,736825,2025-09-29 18:45:00,2025
Hellas Verona,14.0,2.0,0.0,0.0,4.0,2.0,58.4,17.0,9.0,0.5,0.0,0.0,348.0,438.0,0.8,4.0,19.0,0.2,50.0,23.0,0.5,2.0,12.0,17.0,0.7,6.0,16.0,16.0,Sassuolo,12.0,3.0,0.0,1.0,2.0,9.0,41.6,11.0,3.0,0.3,0.0,1.0,238.0,315.0,0.8,3.0,8.0,0.4,52.0,23.0,0.4,4.0,7.0,15.0,0.5,7.0,36.0,36.0,736837,2025-10-03 18:45:00,2025
Parma,16.0,1.0,0.0,2.0,4.0,2.0,62.9,10.0,2.0,0.2,0.0,0.0,388.0,476.0,0.8,4.0,17.0,0.2,51.0,26.0,0.5,2.0,11.0,14.0,0.8,3.0,20.0,20.0,Lecce,16.0,2.0,0.0,2.0,9.0,2.0,37.1,7.0,3.0,0.4,0.0,0.0,182.0,277.0,0.7,4.0,14.0,0.3,64.0,22.0,0.3,1.0,7.0,15.0,0.5,4.0,31.0,31.0,736843,2025-10-04 13:00:00,2025
Lazio,13.0,3.0,0.0,1.0,3.0,5.0,48.7,9.0,4.0,0.4,1.0,1.0,333.0,411.0,0.8,3.0,13.0,0.2,56.0,25.0,0.4,2.0,14.0,19.0,0.7,13.0,20.0,20.0,Torino,22.0,3.0,0.0,1.0,5.0,1.0,51.3,16.0,8.0,0.5,0.0,0.0,352.0,425.0,0.8,5.0,19.0,0.3,46.0,20.0,0.4,1.0,3.0,12.0,0.3,11.0,24.0,24.0,736840,2025-10-04 13:00:00,2025
Internazionale,9.0,1.0,0.0,4.0,13.0,1.0,65.7,27.0,9.0,0.3,0.0,0.0,525.0,595.0,0.9,14.0,35.0,0.4,43.0,25.0,0.6,6.0,6.0,12.0,0.5,10.0,17.0,17.0,Cremonese,8.0,1.0,0.0,2.0,1.0,5.0,34.3,3.0,2.0,0.7,0.0,0.0,243.0,316.0,0.8,2.0,10.0,0.2,48.0,17.0,0.4,0.0,6.0,10.0,0.6,8.0,36.0,36.0,736842,2025-10-04 16:00:00,2025
Atalanta,10.0,1.0,0.0,2.0,8.0,3.0,50.5,16.0,4.0,0.3,0.0,0.0,391.0,457.0,0.9,2.0,20.0,0.1,44.0,24.0,0.5,7.0,7.0,19.0,0.4,9.0,15.0,15.0,Como,19.0,3.0,0.0,1.0,3.0,2.0,49.5,12.0,4.0,0.3,0.0,0.0,389.0,460.0,0.8,3.0,10.0,0.3,31.0,13.0,0.4,4.0,11.0,18.0,0.6,10.0,38.0,38.0,736834,2025-10-04 18:45:00,2025
Udinese,14.0,1.0,0.0,0.0,7.0,2.0,59.8,23.0,4.0,0.2,0.0,0.0,368.0,441.0,0.8,5.0,18.0,0.3,66.0,39.0,0.6,10.0,9.0,14.0,0.6,10.0,21.0,21.0,Cagliari,16.0,2.0,0.0,0.0,2.0,3.0,40.2,8.0,2.0,0.3,0.0,0.0,216.0,299.0,0.7,3.0,6.0,0.5,52.0,18.0,0.3,2.0,11.0,20.0,0.6,5.0,36.0,36.0,736838,2025-10-05 10:30:00,2025
Bologna,16.0,0.0,0.0,1.0,2.0,0.0,71.4,24.0,7.0,0.3,0.0,0.0,485.0,547.0,0.9,4.0,17.0,0.2,55.0,37.0,0.7,5.0,11.0,17.0,0.6,4.0,15.0,15.0,Pisa,12.0,1.0,1.0,2.0,2.0,3.0,28.6,2.0,0.0,0.0,0.0,0.0,147.0,211.0,0.7,4.0,14.0,0.3,52.0,20.0,0.4,0.0,15.0,19.0,0.8,10.0,13.0,13.0,736835,2025-10-05 13:00:00,2025
Fiorentina,19.0,2.0,0.0,2.0,3.0,2.0,44.8,11.0,3.0,0.3,0.0,0.0,293.0,373.0,0.8,3.0,18.0,0.2,43.0,13.0,0.3,2.0,8.0,12.0,0.7,11.0,13.0,13.0,AS Roma,21.0,3.0,0.0,0.0,4.0,2.0,55.2,8.0,3.0,0.4,0.0,0.0,384.0,467.0,0.8,4.0,13.0,0.3,52.0,21.0,0.4,2.0,7.0,17.0,0.4,7.0,22.0,22.0,736836,2025-10-05 13:00:00,2025
Napoli,16.0,1.0,0.0,2.0,7.0,0.0,69.0,12.0,5.0,0.4,0.0,0.0,462.0,554.0,0.8,8.0,21.0,0.4,56.0,26.0,0.5,3.0,5.0,13.0,0.4,4.0,22.0,22.0,Genoa,15.0,3.0,0.0,2.0,5.0,3.0,31.0,6.0,1.0,0.2,0.0,0.0,168.0,245.0,0.7,3.0,12.0,0.3,50.0,14.0,0.3,2.0,15.0,15.0,1.0,10.0,34.0,34.0,736839,2025-10-05 16:00:00,2025
Juventus,15.0,2.0,0.0,0.0,6.0,4.0,51.2,12.0,3.0,0.3,0.0,0.0,422.0,475.0,0.9,5.0,24.0,0.2,39.0,17.0,0.4,2.0,4.0,5.0,0.8,8.0,12.0,12.0,AC Milan,8.0,2.0,0.0,1.0,0.0,3.0,48.8,13.0,4.0,0.3,0.0,1.0,416.0,466.0,0.9,2.0,9.0,0.2,39.0,26.0,0.7,2.0,3.0,7.0,0.4,6.0,31.0,31.0,736841,2025-10-05 18:45:00,2025
Lecce,16.0,2.0,0.0,1.0,6.0,2.0,51.5,11.0,2.0,0.2,0.0,0.0,339.0,414.0,0.8,4.0,19.0,0.2,57.0,23.0,0.4,3.0,6.0,13.0,0.5,6.0,24.0,24.0,Sassuolo,14.0,2.0,0.0,1.0,4.0,2.0,48.5,9.0,2.0,0.2,0.0,0.0,306.0,394.0,0.8,2.0,12.0,0.2,59.0,20.0,0.3,3.0,7.0,11.0,0.6,8.0,17.0,17.0,736845,2025-10-18 13:00:00,2025
Pisa,8.0,4.0,0.0,0.0,3.0,3.0,60.0,7.0,0.0,0.0,0.0,0.0,377.0,459.0,0.8,3.0,13.0,0.2,73.0,41.0,0.6,2.0,7.0,11.0,0.6,5.0,56.0,56.0,Hellas Verona,14.0,2.0,0.0,2.0,8.0,0.0,40.0,15.0,3.0,0.2,0.0,0.0,197.0,290.0,0.7,7.0,27.0,0.3,59.0,22.0,0.4,4.0,10.0,22.0,0.5,4.0,24.0,24.0,736847,2025-10-18 13:00:00,2025
Torino,9.0,1.0,0.0,2.0,3.0,5.0,31.3,12.0,2.0,0.2,0.0,0.0,214.0,281.0,0.8,2.0,13.0,0.2,65.0,26.0,0.4,2.0,6.0,13.0,0.5,11.0,48.0,48.0,Napoli,9.0,2.0,0.0,2.0,11.0,1.0,68.7,22.0,5.0,0.2,0.0,0.0,545.0,615.0,0.9,9.0,34.0,0.3,40.0,25.0,0.6,4.0,6.0,9.0,0.7,7.0,21.0,21.0,736849,2025-10-18 16:00:00,2025
AS Roma,18.0,4.0,0.0,3.0,4.0,2.0,57.0,15.0,5.0,0.3,0.0,0.0,444.0,509.0,0.9,6.0,24.0,0.3,59.0,35.0,0.6,4.0,4.0,8.0,0.5,9.0,25.0,25.0,Internazionale,29.0,3.0,0.0,0.0,5.0,5.0,43.0,12.0,3.0,0.3,0.0,0.0,302.0,389.0,0.8,1.0,15.0,0.1,55.0,24.0,0.4,2.0,14.0,23.0,0.6,6.0,24.0,24.0,736848,2025-10-18 18:45:00,2025
Como,17.0,3.0,0.0,1.0,4.0,4.0,45.2,12.0,6.0,0.5,0.0,0.0,293.0,361.0,0.8,6.0,13.0,0.5,43.0,22.0,0.5,3.0,11.0,23.0,0.5,5.0,21.0,21.0,Juventus,15.0,1.0,0.0,2.0,1.0,4.0,54.8,15.0,3.0,0.2,0.0,0.0,373.0,447.0,0.8,2.0,8.0,0.3,31.0,14.0,0.5,4.0,4.0,10.0,0.4,9.0,8.0,8.0,736852,2025-10-19 10:30:00,2025
Genoa,15.0,2.0,0.0,2.0,3.0,0.0,68.5,23.0,7.0,0.3,0.0,1.0,477.0,543.0,0.9,7.0,27.0,0.3,36.0,18.0,0.5,7.0,4.0,11.0,0.4,5.0,23.0,23.0,Parma,13.0,3.0,1.0,1.0,0.0,7.0,31.5,1.0,0.0,0.0,0.0,0.0,172.0,257.0,0.7,1.0,4.0,0.3,57.0,17.0,0.3,0.0,8.0,15.0,0.5,7.0,30.0,30.0,736844,2025-10-19 13:00:00,2025
Cagliari,15.0,1.0,0.0,5.0,2.0,5.0,41.8,4.0,3.0,0.8,0.0,0.0,242.0,311.0,0.8,1.0,14.0,0.1,43.0,21.0,0.5,0.0,7.0,12.0,0.6,7.0,26.0,26.0,Bologna,22.0,3.0,0.0,1.0,7.0,3.0,58.2,10.0,7.0,0.7,0.0,0.0,368.0,436.0,0.8,5.0,19.0,0.3,73.0,35.0,0.5,1.0,13.0,16.0,0.8,10.0,26.0,26.0,736851,2025-10-19 13:00:00,2025
Atalanta,10.0,4.0,0.0,3.0,7.0,1.0,58.2,16.0,6.0,0.4,0.0,0.0,553.0,611.0,0.9,10.0,26.0,0.4,54.0,35.0,0.6,3.0,8.0,14.0,0.6,7.0,10.0,10.0,Lazio,5.0,0.0,0.0,0.0,2.0,6.0,41.8,4.0,1.0,0.3,0.0,0.0,389.0,448.0,0.9,2.0,7.0,0.3,53.0,27.0,0.5,1.0,13.0,26.0,0.5,12.0,22.0,22.0,736850,2025-10-19 16:00:00,2025
AC Milan,14.0,3.0,0.0,0.0,1.0,1.0,56.4,14.0,4.0,0.3,1.0,1.0,424.0,485.0,0.9,4.0,13.0,0.3,43.0,26.0,0.6,3.0,15.0,21.0,0.7,4.0,21.0,21.0,Fiorentina,12.0,3.0,0.0,2.0,3.0,2.0,43.6,5.0,1.0,0.2,0.0,0.0,306.0,362.0,0.8,3.0,22.0,0.1,45.0,18.0,0.4,1.0,5.0,7.0,0.7,9.0,16.0,16.0,736846,2025-10-19 18:45:00,2025
Cremonese,15.0,4.0,0.0,1.0,5.0,0.0,51.8,11.0,4.0,0.4,0.0,0.0,283.0,367.0,0.8,3.0,15.0,0.2,69.0,34.0,0.5,2.0,9.0,16.0,0.6,2.0,24.0,24.0,Udinese,14.0,2.0,0.0,2.0,4.0,2.0,48.2,8.0,1.0,0.1,0.0,0.0,275.0,340.0,0.8,5.0,16.0,0.3,60.0,43.0,0.7,2.0,10.0,22.0,0.5,6.0,34.0,34.0,736853,2025-10-20 18:45:00,2025
AC Milan,8.0,1.0,0.0,2.0,6.0,0.0,67.8,20.0,7.0,0.4,0.0,0.0,556.0,620.0,0.9,5.0,21.0,0.2,41.0,28.0,0.7,5.0,11.0,14.0,0.8,5.0,10.0,10.0,Pisa,21.0,3.0,0.0,1.0,2.0,5.0,32.2,8.0,2.0,0.3,1.0,1.0,231.0,291.0,0.8,2.0,11.0,0.2,48.0,18.0,0.4,3.0,9.0,20.0,0.5,11.0,31.0,31.0,736861,2025-10-24 18:45:00,2025
Parma,7.0,0.0,0.0,3.0,3.0,2.0,29.1,10.0,3.0,0.3,0.0,0.0,177.0,234.0,0.8,4.0,12.0,0.3,47.0,22.0,0.5,3.0,11.0,16.0,0.7,9.0,15.0,15.0,Como,14.0,1.0,0.0,3.0,3.0,3.0,70.9,6.0,2.0,0.3,0.0,0.0,525.0,584.0,0.9,6.0,19.0,0.3,25.0,10.0,0.4,1.0,11.0,19.0,0.6,6.0,26.0,26.0,736859,2025-10-25 13:00:00,2025
Udinese,12.0,2.0,0.0,1.0,4.0,1.0,44.1,8.0,4.0,0.5,0.0,0.0,264.0,354.0,0.7,2.0,15.0,0.1,84.0,36.0,0.4,2.0,21.0,30.0,0.7,9.0,27.0,27.0,Lecce,12.0,2.0,0.0,0.0,9.0,1.0,55.9,13.0,3.0,0.2,0.0,0.0,351.0,441.0,0.8,6.0,23.0,0.3,66.0,30.0,0.5,3.0,19.0,26.0,0.7,9.0,14.0,14.0,736856,2025-10-25 13:00:00,2025
Napoli,15.0,2.0,0.0,1.0,1.0,2.0,43.3,7.0,3.0,0.4,1.0,1.0,336.0,419.0,0.8,1.0,6.0,0.2,51.0,23.0,0.5,3.0,8.0,12.0,0.7,12.0,23.0,23.0,Internazionale,10.0,1.0,0.0,1.0,4.0,0.0,56.7,15.0,3.0,0.2,1.0,1.0,461.0,536.0,0.9,11.0,22.0,0.5,49.0,22.0,0.4,3.0,7.0,9.0,0.8,9.0,16.0,16.0,736860,2025-10-25 16:00:00,2025
Cremonese,6.0,3.0,0.0,3.0,2.0,5.0,34.6,9.0,5.0,0.6,0.0,0.0,189.0,277.0,0.7,3.0,14.0,0.2,67.0,20.0,0.3,0.0,12.0,21.0,0.6,4.0,35.0,35.0,Atalanta,8.0,1.0,0.0,2.0,10.0,4.0,65.4,20.0,6.0,0.3,0.0,0.0,441.0,523.0,0.8,6.0,26.0,0.2,50.0,26.0,0.5,8.0,5.0,10.0,0.5,0.0,23.0,23.0,736854,2025-10-25 18:45:00,2025
Torino,14.0,2.0,0.0,1.0,9.0,2.0,59.0,13.0,6.0,0.5,0.0,0.0,392.0,484.0,0.8,8.0,33.0,0.2,56.0,25.0,0.4,4.0,14.0,16.0,0.9,3.0,21.0,21.0,Genoa,9.0,2.0,0.0,0.0,1.0,5.0,41.0,11.0,3.0,0.3,0.0,0.0,269.0,344.0,0.8,4.0,15.0,0.3,54.0,21.0,0.4,3.0,9.0,14.0,0.6,4.0,47.0,47.0,736857,2025-10-26 11:30:00,2025
Sassuolo,18.0,3.0,0.0,1.0,6.0,7.0,41.0,11.0,1.0,0.1,0.0,0.0,255.0,334.0,0.8,4.0,14.0,0.3,50.0,24.0,0.5,3.0,12.0,19.0,0.6,11.0,27.0,27.0,AS Roma,16.0,2.0,0.0,1.0,7.0,1.0,59.0,15.0,8.0,0.5,0.0,0.0,398.0,483.0,0.8,1.0,15.0,0.1,61.0,31.0,0.5,1.0,9.0,14.0,0.6,2.0,23.0,23.0,736858,2025-10-26 14:00:00,2025
Hellas Verona,16.0,3.0,0.0,1.0,3.0,1.0,37.4,10.0,6.0,0.6,0.0,0.0,249.0,355.0,0.7,4.0,12.0,0.3,57.0,12.0,0.2,3.0,11.0,20.0,0.6,11.0,18.0,18.0,Cagliari,12.0,4.0,0.0,3.0,2.0,4.0,62.6,7.0,3.0,0.4,0.0,0.0,505.0,599.0,0.8,1.0,10.0,0.1,41.0,14.0,0.3,2.0,6.0,12.0,0.5,10.0,26.0,26.0,736863,2025-10-26 14:00:00,2025
Fiorentina,13.0,3.0,0.0,5.0,5.0,1.0,50.4,19.0,7.0,0.4,2.0,2.0,256.0,326.0,0.8,5.0,22.0,0.2,52.0,19.0,0.4,5.0,7.0,10.0,0.7,6.0,18.0,18.0,Bologna,20.0,3.0,1.0,3.0,6.0,4.0,49.6,6.0,3.0,0.5,0.0,0.0,252.0,330.0,0.8,3.0,14.0,0.2,53.0,17.0,0.3,1.0,9.0,12.0,0.8,8.0,30.0,30.0,736855,2025-10-26 17:00:00,2025
Lazio,11.0,2.0,0.0,0.0,2.0,5.0,39.8,13.0,3.0,0.2,0.0,0.0,270.0,343.0,0.8,3.0,8.0,0.4,46.0,18.0,0.4,4.0,6.0,9.0,0.7,5.0,33.0,33.0,Juventus,18.0,4.0,0.0,2.0,5.0,2.0,60.2,14.0,5.0,0.4,0.0,0.0,440.0,498.0,0.9,6.0,34.0,0.2,44.0,25.0,0.6,4.0,9.0,12.0,0.8,9.0,15.0,15.0,736862,2025-10-26 19:45:00,2025
Lecce,10.0,2.0,0.0,1.0,3.0,2.0,41.2,7.0,2.0,0.3,0.0,1.0,291.0,363.0,0.8,4.0,13.0,0.3,54.0,19.0,0.4,2.0,14.0,29.0,0.5,9.0,27.0,27.0,Napoli,14.0,1.0,0.0,0.0,5.0,2.0,58.8,14.0,3.0,0.2,0.0,0.0,452.0,522.0,0.9,4.0,14.0,0.3,39.0,18.0,0.5,6.0,18.0,23.0,0.8,11.0,14.0,14.0,736866,2025-10-28 17:30:00,2025
Atalanta,9.0,1.0,0.0,0.0,9.0,0.0,56.0,17.0,3.0,0.2,0.0,0.0,464.0,509.0,0.9,7.0,25.0,0.3,43.0,27.0,0.6,6.0,7.0,10.0,0.7,9.0,14.0,14.0,AC Milan,8.0,3.0,0.0,1.0,4.0,2.0,44.0,6.0,1.0,0.2,0.0,0.0,342.0,407.0,0.8,3.0,12.0,0.3,32.0,10.0,0.3,3.0,9.0,15.0,0.6,5.0,22.0,22.0,736864,2025-10-28 19:45:00,2025
AS Roma,8.0,0.0,0.0,3.0,9.0,4.0,60.3,18.0,6.0,0.3,0.0,0.0,439.0,519.0,0.8,7.0,28.0,0.3,32.0,12.0,0.4,4.0,5.0,11.0,0.5,11.0,15.0,15.0,Parma,9.0,4.0,0.0,2.0,2.0,4.0,39.7,8.0,5.0,0.6,0.0,0.0,261.0,348.0,0.8,1.0,11.0,0.1,54.0,21.0,0.4,1.0,10.0,17.0,0.6,11.0,36.0,36.0,736868,2025-10-29 17:30:00,2025
Juventus,12.0,1.0,0.0,2.0,8.0,1.0,56.6,25.0,11.0,0.4,2.0,2.0,376.0,443.0,0.8,8.0,26.0,0.3,59.0,36.0,0.6,7.0,7.0,14.0,0.5,4.0,23.0,23.0,Udinese,13.0,4.0,0.0,0.0,4.0,9.0,43.4,8.0,2.0,0.3,0.0,0.0,277.0,345.0,0.8,2.0,15.0,0.1,58.0,27.0,0.5,3.0,8.0,14.0,0.6,5.0,31.0,31.0,736867,2025-10-29 17:30:00,2025
Como,11.0,1.0,0.0,1.0,1.0,7.0,71.0,15.0,5.0,0.3,0.0,0.0,517.0,587.0,0.9,4.0,20.0,0.2,39.0,18.0,0.5,4.0,6.0,14.0,0.4,11.0,27.0,27.0,Hellas Verona,21.0,4.0,0.0,1.0,3.0,2.0,29.0,13.0,9.0,0.7,0.0,0.0,150.0,241.0,0.6,4.0,8.0,0.5,63.0,23.0,0.4,2.0,11.0,21.0,0.5,9.0,22.0,22.0,736870,2025-10-29 17:30:00,2025
Bologna,11.0,2.0,0.0,0.0,3.0,2.0,71.2,11.0,2.0,0.2,0.0,0.0,570.0,641.0,0.9,5.0,21.0,0.2,76.0,50.0,0.7,2.0,5.0,18.0,0.3,1.0,16.0,16.0,Torino,20.0,3.0,0.0,2.0,3.0,2.0,28.8,8.0,2.0,0.3,0.0,0.0,178.0,254.0,0.7,2.0,11.0,0.2,57.0,24.0,0.4,2.0,7.0,18.0,0.4,9.0,29.0,29.0,736872,2025-10-29 19:45:00,2025
Genoa,16.0,3.0,0.0,3.0,7.0,2.0,54.2,16.0,1.0,0.1,0.0,0.0,265.0,366.0,0.7,5.0,21.0,0.2,54.0,25.0,0.5,7.0,10.0,18.0,0.6,16.0,21.0,21.0,Cremonese,13.0,1.0,0.0,0.0,3.0,1.0,45.8,11.0,4.0,0.4,0.0,0.0,206.0,318.0,0.6,2.0,10.0,0.2,79.0,22.0,0.3,0.0,12.0,22.0,0.5,10.0,34.0,34.0,736869,2025-10-29 19:45:00,2025
Internazionale,11.0,1.0,0.0,0.0,8.0,2.0,64.0,22.0,8.0,0.4,1.0,1.0,488.0,564.0,0.9,12.0,28.0,0.4,59.0,42.0,0.7,8.0,14.0,20.0,0.7,2.0,15.0,15.0,Fiorentina,16.0,0.0,1.0,1.0,5.0,5.0,36.0,10.0,2.0,0.2,0.0,0.0,258.0,323.0,0.8,4.0,10.0,0.4,49.0,19.0,0.4,5.0,7.0,14.0,0.5,19.0,25.0,25.0,736873,2025-10-29 19:45:00,2025
Cagliari,20.0,4.0,0.0,2.0,3.0,2.0,45.6,8.0,1.0,0.1,0.0,0.0,264.0,337.0,0.8,7.0,20.0,0.4,57.0,26.0,0.5,4.0,11.0,18.0,0.6,7.0,30.0,30.0,Sassuolo,21.0,4.0,0.0,3.0,7.0,0.0,54.4,12.0,4.0,0.3,0.0,0.0,345.0,404.0,0.9,4.0,18.0,0.2,32.0,11.0,0.3,3.0,6.0,6.0,1.0,5.0,20.0,20.0,736871,2025-10-30 17:30:00,2025
Pisa,16.0,2.0,0.0,1.0,3.0,6.0,39.3,10.0,2.0,0.2,0.0,0.0,291.0,367.0,0.8,6.0,15.0,0.4,60.0,22.0,0.4,3.0,7.0,17.0,0.4,9.0,14.0,14.0,Lazio,12.0,2.0,0.0,0.0,1.0,2.0,60.7,11.0,6.0,0.5,0.0,0.0,509.0,579.0,0.9,1.0,7.0,0.1,52.0,25.0,0.5,0.0,2.0,9.0,0.2,6.0,14.0,14.0,736865,2025-10-30 19:45:00,2025
Udinese,14.0,1.0,0.0,0.0,5.0,0.0,39.8,11.0,5.0,0.5,0.0,0.0,286.0,341.0,0.8,2.0,16.0,0.1,45.0,23.0,0.5,2.0,11.0,20.0,0.6,13.0,28.0,28.0,Atalanta,11.0,3.0,0.0,3.0,4.0,4.0,60.2,5.0,0.0,0.0,0.0,0.0,456.0,519.0,0.9,1.0,15.0,0.1,43.0,23.0,0.5,4.0,10.0,14.0,0.7,7.0,16.0,16.0,736881,2025-11-01 14:00:00,2025
Napoli,15.0,3.0,0.0,0.0,4.0,2.0,44.8,13.0,8.0,0.6,0.0,0.0,320.0,392.0,0.8,4.0,12.0,0.3,44.0,15.0,0.3,1.0,11.0,24.0,0.5,6.0,15.0,15.0,Como,16.0,2.0,0.0,0.0,2.0,8.0,55.2,13.0,2.0,0.2,0.0,1.0,414.0,484.0,0.9,3.0,10.0,0.3,40.0,17.0,0.4,6.0,14.0,25.0,0.6,9.0,18.0,18.0,736875,2025-11-01 17:00:00,2025
Cremonese,10.0,1.0,0.0,0.0,2.0,3.0,50.9,9.0,2.0,0.2,0.0,0.0,399.0,470.0,0.8,3.0,21.0,0.1,57.0,27.0,0.5,5.0,10.0,18.0,0.6,9.0,28.0,28.0,Juventus,14.0,0.0,0.0,2.0,3.0,1.0,49.1,15.0,5.0,0.3,0.0,0.0,381.0,458.0,0.8,1.0,15.0,0.1,59.0,33.0,0.6,3.0,10.0,14.0,0.7,5.0,19.0,19.0,736880,2025-11-01 19:45:00,2025
Hellas Verona,16.0,2.0,0.0,1.0,4.0,4.0,27.3,8.0,2.0,0.3,0.0,0.0,177.0,247.0,0.7,3.0,13.0,0.2,51.0,17.0,0.3,2.0,3.0,8.0,0.4,9.0,37.0,37.0,Internazionale,4.0,1.0,0.0,1.0,8.0,1.0,72.7,21.0,6.0,0.3,0.0,0.0,580.0,659.0,0.9,10.0,28.0,0.4,57.0,34.0,0.6,9.0,13.0,17.0,0.8,6.0,15.0,15.0,736883,2025-11-02 11:30:00,2025
Torino,14.0,2.0,0.0,1.0,4.0,1.0,64.4,15.0,3.0,0.2,0.0,0.0,447.0,541.0,0.8,4.0,19.0,0.2,54.0,27.0,0.5,6.0,7.0,8.0,0.9,5.0,16.0,16.0,Pisa,8.0,1.0,0.0,1.0,2.0,1.0,35.6,11.0,3.0,0.3,1.0,1.0,215.0,300.0,0.7,4.0,10.0,0.4,62.0,23.0,0.4,2.0,5.0,12.0,0.4,8.0,39.0,39.0,736882,2025-11-02 14:00:00,2025
Fiorentina,14.0,4.0,0.0,3.0,4.0,3.0,62.7,15.0,4.0,0.3,0.0,0.0,383.0,459.0,0.8,8.0,26.0,0.3,58.0,28.0,0.5,4.0,9.0,11.0,0.8,7.0,21.0,21.0,Lecce,21.0,1.0,0.0,0.0,4.0,4.0,37.3,11.0,4.0,0.4,0.0,0.0,188.0,276.0,0.7,3.0,14.0,0.2,70.0,24.0,0.3,2.0,11.0,21.0,0.5,2.0,43.0,43.0,736879,2025-11-02 14:00:00,2025
Parma,16.0,2.0,1.0,1.0,1.0,3.0,35.0,7.0,1.0,0.1,0.0,0.0,148.0,235.0,0.6,0.0,4.0,0.0,69.0,34.0,0.5,3.0,9.0,14.0,0.6,5.0,28.0,28.0,Bologna,15.0,2.0,0.0,6.0,5.0,0.0,65.0,22.0,6.0,0.3,0.0,0.0,367.0,424.0,0.9,7.0,25.0,0.3,46.0,29.0,0.6,3.0,6.0,11.0,0.5,5.0,30.0,30.0,736874,2025-11-02 17:00:00,2025
AC Milan,12.0,1.0,0.0,2.0,7.0,7.0,36.9,17.0,8.0,0.5,0.0,0.0,259.0,313.0,0.8,5.0,14.0,0.4,41.0,16.0,0.4,2.0,6.0,11.0,0.5,2.0,36.0,36.0,AS Roma,13.0,5.0,0.0,1.0,8.0,6.0,63.1,20.0,6.0,0.3,0.0,1.0,470.0,523.0,0.9,11.0,38.0,0.3,38.0,17.0,0.4,4.0,12.0,22.0,0.5,10.0,22.0,22.0,736876,2025-11-02 19:45:00,2025
Sassuolo,13.0,1.0,0.0,3.0,3.0,2.0,61.1,13.0,4.0,0.3,0.0,0.0,438.0,520.0,0.8,5.0,15.0,0.3,46.0,19.0,0.4,2.0,3.0,14.0,0.2,3.0,18.0,18.0,Genoa,13.0,3.0,0.0,2.0,7.0,3.0,38.9,16.0,5.0,0.3,0.0,0.0,247.0,324.0,0.8,10.0,21.0,0.5,66.0,28.0,0.4,2.0,12.0,18.0,0.7,12.0,15.0,15.0,736878,2025-11-03 17:30:00,2025
Lazio,8.0,0.0,0.0,0.0,7.0,5.0,51.2,8.0,3.0,0.4,0.0,0.0,375.0,443.0,0.8,3.0,18.0,0.2,51.0,30.0,0.6,0.0,7.0,17.0,0.4,5.0,29.0,29.0,Cagliari,18.0,2.0,0.0,0.0,5.0,1.0,48.8,17.0,5.0,0.3,0.0,0.0,359.0,428.0,0.8,4.0,14.0,0.3,37.0,12.0,0.3,5.0,6.0,8.0,0.8,8.0,24.0,24.0,736877,2025-11-03 19:45:00,2025
Pisa,11.0,4.0,0.0,2.0,4.0,3.0,37.9,13.0,6.0,0.5,0.0,0.0,226.0,299.0,0.8,10.0,23.0,0.4,64.0,35.0,0.5,0.0,12.0,19.0,0.6,8.0,28.0,28.0,Cremonese,17.0,2.0,0.0,1.0,5.0,5.0,62.1,13.0,3.0,0.2,0.0,0.0,418.0,500.0,0.8,6.0,26.0,0.2,52.0,23.0,0.4,4.0,10.0,16.0,0.6,6.0,23.0,23.0,736886,2025-11-07 19:45:00,2025
Lecce,10.0,1.0,0.0,2.0,8.0,2.0,59.1,11.0,6.0,0.5,0.0,0.0,281.0,384.0,0.7,5.0,29.0,0.2,60.0,20.0,0.3,4.0,9.0,20.0,0.5,6.0,21.0,21.0,Hellas Verona,18.0,4.0,0.0,2.0,2.0,6.0,40.9,5.0,2.0,0.4,0.0,0.0,174.0,270.0,0.6,5.0,12.0,0.4,61.0,20.0,0.3,1.0,10.0,18.0,0.6,10.0,50.0,50.0,736888,2025-11-08 14:00:00,2025
Como,21.0,3.0,0.0,1.0,10.0,2.0,74.7,10.0,6.0,0.6,0.0,0.0,554.0,635.0,0.9,4.0,23.0,0.2,33.0,16.0,0.5,2.0,10.0,12.0,0.8,9.0,10.0,10.0,Cagliari,15.0,1.0,0.0,2.0,0.0,6.0,25.3,4.0,2.0,0.5,0.0,0.0,141.0,219.0,0.6,1.0,1.0,1.0,47.0,12.0,0.3,0.0,9.0,14.0,0.6,14.0,22.0,22.0,736884,2025-11-08 14:00:00,2025
Juventus,9.0,0.0,0.0,1.0,6.0,3.0,72.4,22.0,6.0,0.3,0.0,0.0,686.0,768.0,0.9,8.0,25.0,0.3,50.0,35.0,0.7,10.0,12.0,16.0,0.8,6.0,18.0,18.0,Torino,4.0,1.0,0.0,2.0,2.0,6.0,27.6,8.0,3.0,0.4,0.0,0.0,222.0,291.0,0.8,5.0,11.0,0.5,56.0,21.0,0.4,2.0,6.0,14.0,0.4,15.0,45.0,45.0,736889,2025-11-08 17:00:00,2025
Parma,14.0,1.0,0.0,2.0,4.0,3.0,43.3,14.0,4.0,0.3,0.0,0.0,355.0,414.0,0.9,5.0,23.0,0.2,31.0,12.0,0.4,4.0,5.0,7.0,0.7,7.0,26.0,26.0,AC Milan,10.0,1.0,0.0,3.0,3.0,3.0,56.7,9.0,5.0,0.6,1.0,1.0,487.0,554.0,0.9,2.0,16.0,0.1,41.0,20.0,0.5,0.0,6.0,9.0,0.7,6.0,22.0,22.0,736887,2025-11-08 19:45:00,2025
Atalanta,9.0,0.0,0.0,2.0,4.0,1.0,67.5,14.0,2.0,0.1,0.0,0.0,582.0,654.0,0.9,3.0,23.0,0.1,50.0,31.0,0.6,5.0,10.0,14.0,0.7,2.0,3.0,3.0,Sassuolo,8.0,2.0,0.0,2.0,1.0,1.0,32.5,8.0,4.0,0.5,1.0,1.0,247.0,323.0,0.8,1.0,4.0,0.3,52.0,19.0,0.4,1.0,11.0,16.0,0.7,8.0,27.0,27.0,736893,2025-11-09 11:30:00,2025
Bologna,14.0,1.0,0.0,0.0,5.0,1.0,40.6,11.0,4.0,0.4,0.0,0.0,297.0,370.0,0.8,5.0,15.0,0.3,56.0,24.0,0.4,3.0,7.0,14.0,0.5,7.0,17.0,17.0,Napoli,15.0,3.0,0.0,0.0,4.0,2.0,59.4,4.0,1.0,0.3,0.0,0.0,467.0,551.0,0.8,1.0,13.0,0.1,53.0,29.0,0.5,2.0,6.0,9.0,0.7,4.0,14.0,14.0,736892,2025-11-09 14:00:00,2025
Genoa,20.0,2.0,0.0,0.0,3.0,1.0,41.3,10.0,6.0,0.6,0.0,1.0,214.0,281.0,0.8,8.0,22.0,0.4,48.0,19.0,0.4,1.0,6.0,9.0,0.7,8.0,28.0,28.0,Fiorentina,15.0,3.0,0.0,0.0,7.0,4.0,58.7,7.0,3.0,0.4,1.0,1.0,343.0,418.0,0.8,2.0,17.0,0.1,53.0,26.0,0.5,2.0,10.0,17.0,0.6,5.0,28.0,28.0,736891,2025-11-09 14:00:00,2025
AS Roma,13.0,2.0,0.0,2.0,3.0,4.0,57.6,13.0,4.0,0.3,1.0,1.0,413.0,488.0,0.8,1.0,16.0,0.1,81.0,43.0,0.5,7.0,5.0,13.0,0.4,5.0,11.0,11.0,Udinese,14.0,1.0,0.0,0.0,4.0,2.0,42.4,10.0,4.0,0.4,0.0,0.0,282.0,361.0,0.8,2.0,8.0,0.3,61.0,30.0,0.5,5.0,11.0,17.0,0.6,7.0,25.0,25.0,736885,2025-11-09 17:00:00,2025
Internazionale,26.0,3.0,0.0,2.0,3.0,5.0,53.8,8.0,3.0,0.4,0.0,0.0,489.0,559.0,0.9,3.0,21.0,0.1,60.0,33.0,0.6,1.0,6.0,14.0,0.4,4.0,11.0,11.0,Lazio,11.0,1.0,0.0,0.0,1.0,1.0,46.2,8.0,5.0,0.6,0.0,0.0,425.0,494.0,0.9,1.0,6.0,0.2,52.0,35.0,0.7,0.0,1.0,5.0,0.2,9.0,20.0,20.0,736890,2025-11-09 19:45:00,2025
Udinese,19.0,0.0,0.0,2.0,8.0,2.0,47.3,12.0,3.0,0.3,0.0,0.0,225.0,303.0,0.7,4.0,24.0,0.2,52.0,27.0,0.5,2.0,13.0,20.0,0.7,10.0,20.0,20.0,Bologna,16.0,1.0,0.0,3.0,2.0,3.0,52.7,10.0,5.0,0.5,0.0,1.0,258.0,346.0,0.7,1.0,11.0,0.1,73.0,35.0,0.5,1.0,12.0,15.0,0.8,8.0,31.0,31.0,736902,2025-11-22 14:00:00,2025
Cagliari,22.0,4.0,0.0,0.0,6.0,4.0,49.8,11.0,5.0,0.5,0.0,0.0,255.0,343.0,0.7,10.0,24.0,0.4,47.0,18.0,0.4,2.0,10.0,22.0,0.5,6.0,9.0,9.0,Genoa,16.0,1.0,1.0,4.0,2.0,2.0,50.2,13.0,8.0,0.6,0.0,0.0,305.0,363.0,0.8,5.0,12.0,0.4,45.0,22.0,0.5,1.0,12.0,15.0,0.8,3.0,39.0,39.0,736903,2025-11-22 14:00:00,2025
Fiorentina,11.0,3.0,0.0,0.0,7.0,3.0,40.9,11.0,2.0,0.2,0.0,0.0,291.0,342.0,0.9,3.0,22.0,0.1,52.0,31.0,0.6,3.0,3.0,6.0,0.5,11.0,23.0,23.0,Juventus,18.0,3.0,0.0,0.0,3.0,1.0,59.1,17.0,4.0,0.2,0.0,0.0,446.0,507.0,0.9,3.0,22.0,0.1,51.0,35.0,0.7,9.0,10.0,17.0,0.6,6.0,27.0,27.0,736896,2025-11-22 17:00:00,2025
Napoli,11.0,1.0,0.0,3.0,5.0,2.0,44.6,11.0,6.0,0.5,0.0,0.0,355.0,436.0,0.8,1.0,9.0,0.1,48.0,19.0,0.4,2.0,6.0,10.0,0.6,9.0,15.0,15.0,Atalanta,12.0,2.0,0.0,1.0,3.0,3.0,55.4,14.0,3.0,0.2,0.0,0.0,452.0,533.0,0.8,5.0,18.0,0.3,61.0,33.0,0.5,2.0,12.0,20.0,0.6,6.0,17.0,17.0,736900,2025-11-22 19:45:00,2025
Hellas Verona,24.0,4.0,0.0,5.0,4.0,5.0,58.8,10.0,2.0,0.2,0.0,0.0,377.0,467.0,0.8,3.0,21.0,0.1,40.0,12.0,0.3,5.0,16.0,24.0,0.7,10.0,23.0,23.0,Parma,6.0,3.0,0.0,1.0,4.0,1.0,41.2,15.0,7.0,0.5,0.0,0.0,243.0,332.0,0.7,4.0,12.0,0.3,64.0,27.0,0.4,5.0,11.0,21.0,0.5,8.0,30.0,30.0,736895,2025-11-23 11:30:00,2025
Cremonese,12.0,2.0,0.0,3.0,3.0,3.0,50.0,9.0,4.0,0.4,0.0,0.0,342.0,430.0,0.8,2.0,15.0,0.1,62.0,23.0,0.4,3.0,5.0,16.0,0.3,9.0,26.0,26.0,AS Roma,16.0,2.0,0.0,2.0,5.0,3.0,50.0,12.0,6.0,0.5,0.0,0.0,348.0,434.0,0.8,1.0,14.0,0.1,42.0,15.0,0.4,3.0,5.0,9.0,0.6,6.0,21.0,21.0,736897,2025-11-23 14:00:00,2025
Lazio,8.0,1.0,0.0,0.0,8.0,2.0,67.3,19.0,9.0,0.5,0.0,0.0,642.0,711.0,0.9,2.0,20.0,0.1,52.0,29.0,0.6,4.0,5.0,8.0,0.6,15.0,15.0,15.0,Lecce,13.0,1.0,0.0,2.0,2.0,7.0,32.7,5.0,1.0,0.2,0.0,0.0,265.0,342.0,0.8,3.0,12.0,0.3,61.0,25.0,0.4,3.0,5.0,15.0,0.3,7.0,27.0,27.0,736901,2025-11-23 17:00:00,2025
Internazionale,7.0,1.0,0.0,2.0,9.0,2.0,63.8,20.0,6.0,0.3,0.0,1.0,563.0,624.0,0.9,9.0,32.0,0.3,34.0,25.0,0.7,6.0,6.0,12.0,0.5,5.0,19.0,19.0,AC Milan,9.0,2.0,0.0,3.0,1.0,6.0,36.2,7.0,3.0,0.4,0.0,0.0,301.0,361.0,0.8,0.0,10.0,0.0,44.0,19.0,0.4,0.0,7.0,13.0,0.5,7.0,44.0,44.0,736894,2025-11-23 19:45:00,2025
Torino,6.0,0.0,0.0,3.0,3.0,1.0,35.2,10.0,2.0,0.2,1.0,1.0,230.0,289.0,0.8,5.0,21.0,0.2,39.0,20.0,0.5,1.0,11.0,15.0,0.7,15.0,21.0,21.0,Como,9.0,1.0,0.0,0.0,4.0,1.0,64.8,15.0,7.0,0.5,0.0,0.0,486.0,555.0,0.9,3.0,16.0,0.2,55.0,33.0,0.6,3.0,11.0,22.0,0.5,9.0,22.0,22.0,736898,2025-11-24 17:30:00,2025
Sassuolo,10.0,2.0,0.0,1.0,5.0,1.0,62.6,22.0,7.0,0.3,0.0,0.0,443.0,510.0,0.9,9.0,25.0,0.4,41.0,24.0,0.6,5.0,9.0,17.0,0.5,3.0,19.0,19.0,Pisa,10.0,1.0,0.0,2.0,2.0,5.0,37.4,10.0,3.0,0.3,1.0,1.0,234.0,307.0,0.8,6.0,14.0,0.4,65.0,32.0,0.5,2.0,4.0,11.0,0.4,7.0,32.0,32.0,736899,2025-11-24 19:45:00,2025
Como,11.0,2.0,0.0,2.0,4.0,5.0,63.1,18.0,13.0,0.7,0.0,0.0,564.0,628.0,0.9,3.0,16.0,0.2,38.0,22.0,0.6,2.0,6.0,11.0,0.5,3.0,16.0,16.0,Sassuolo,7.0,1.0,0.0,3.0,4.0,11.0,36.9,12.0,5.0,0.4,0.0,0.0,307.0,362.0,0.8,6.0,15.0,0.4,32.0,18.0,0.6,4.0,2.0,9.0,0.2,17.0,19.0,19.0,736908,2025-11-28 19:45:00,2025
Genoa,9.0,1.0,0.0,4.0,2.0,4.0,60.2,15.0,4.0,0.3,0.0,0.0,366.0,455.0,0.8,9.0,19.0,0.5,53.0,27.0,0.5,4.0,13.0,19.0,0.7,4.0,37.0,37.0,Hellas Verona,19.0,3.0,0.0,5.0,3.0,2.0,39.8,13.0,5.0,0.4,0.0,0.0,203.0,299.0,0.7,5.0,14.0,0.4,55.0,17.0,0.3,5.0,15.0,22.0,0.7,13.0,15.0,15.0,736907,2025-11-29 14:00:00,2025
Parma,6.0,1.0,1.0,2.0,5.0,3.0,50.5,17.0,2.0,0.1,0.0,0.0,249.0,341.0,0.7,4.0,25.0,0.2,55.0,26.0,0.5,9.0,9.0,21.0,0.4,6.0,26.0,26.0,Udinese,19.0,2.0,0.0,1.0,9.0,2.0,49.5,14.0,5.0,0.4,1.0,1.0,266.0,348.0,0.8,5.0,14.0,0.4,69.0,22.0,0.3,3.0,8.0,16.0,0.5,6.0,45.0,45.0,736911,2025-11-29 14:00:00,2025
Juventus,16.0,1.0,0.0,1.0,1.0,2.0,56.9,14.0,6.0,0.4,0.0,0.0,560.0,610.0,0.9,4.0,12.0,0.3,35.0,24.0,0.7,3.0,7.0,16.0,0.4,7.0,18.0,18.0,Cagliari,16.0,5.0,0.0,0.0,6.0,4.0,43.1,5.0,3.0,0.6,0.0,0.0,390.0,454.0,0.9,3.0,14.0,0.2,36.0,16.0,0.4,1.0,12.0,19.0,0.6,9.0,19.0,19.0,736906,2025-11-29 17:00:00,2025
AC Milan,10.0,3.0,0.0,1.0,1.0,4.0,46.4,16.0,4.0,0.3,0.0,0.0,437.0,493.0,0.9,5.0,13.0,0.4,40.0,21.0,0.5,7.0,9.0,17.0,0.5,10.0,23.0,23.0,Lazio,12.0,4.0,0.0,2.0,4.0,3.0,53.6,9.0,4.0,0.4,0.0,0.0,498.0,569.0,0.9,4.0,16.0,0.3,45.0,25.0,0.6,1.0,9.0,12.0,0.8,10.0,10.0,10.0,736904,2025-11-29 19:45:00,2025
Lecce,16.0,2.0,0.0,1.0,6.0,5.0,47.7,10.0,2.0,0.2,0.0,0.0,251.0,342.0,0.7,4.0,12.0,0.3,71.0,28.0,0.4,5.0,9.0,17.0,0.5,2.0,39.0,39.0,Torino,22.0,3.0,0.0,2.0,6.0,0.0,52.3,15.0,6.0,0.4,0.0,1.0,276.0,358.0,0.8,6.0,29.0,0.2,57.0,26.0,0.5,4.0,11.0,19.0,0.6,5.0,15.0,15.0,736905,2025-11-30 11:30:00,2025
Pisa,13.0,2.0,0.0,3.0,4.0,1.0,40.0,10.0,2.0,0.2,0.0,0.0,256.0,326.0,0.8,4.0,20.0,0.2,69.0,36.0,0.5,3.0,1.0,6.0,0.2,7.0,34.0,34.0,Internazionale,15.0,1.0,0.0,2.0,6.0,2.0,60.0,14.0,3.0,0.2,0.0,0.0,433.0,506.0,0.9,5.0,21.0,0.2,49.0,25.0,0.5,5.0,5.0,10.0,0.5,8.0,27.0,27.0,736912,2025-11-30 14:00:00,2025
Atalanta,15.0,1.0,0.0,2.0,4.0,3.0,48.2,21.0,9.0,0.4,0.0,0.0,365.0,431.0,0.8,8.0,14.0,0.6,51.0,24.0,0.5,6.0,6.0,14.0,0.4,8.0,19.0,19.0,Fiorentina,10.0,3.0,0.0,1.0,5.0,7.0,51.8,15.0,3.0,0.2,0.0,0.0,387.0,466.0,0.8,6.0,15.0,0.4,72.0,34.0,0.5,4.0,6.0,12.0,0.5,8.0,14.0,14.0,736910,2025-11-30 17:00:00,2025
AS Roma,14.0,4.0,0.0,0.0,4.0,5.0,56.0,8.0,2.0,0.3,0.0,0.0,449.0,546.0,0.8,2.0,14.0,0.1,68.0,29.0,0.4,1.0,10.0,14.0,0.7,6.0,15.0,15.0,Napoli,13.0,3.0,0.0,4.0,2.0,2.0,44.0,7.0,5.0,0.7,0.0,0.0,343.0,434.0,0.8,3.0,8.0,0.4,61.0,20.0,0.3,0.0,12.0,21.0,0.6,9.0,29.0,29.0,736913,2025-11-30 19:45:00,2025
Bologna,13.0,0.0,0.0,4.0,13.0,2.0,65.4,29.0,7.0,0.2,1.0,1.0,386.0,468.0,0.8,10.0,44.0,0.2,53.0,37.0,0.7,8.0,8.0,15.0,0.5,9.0,21.0,21.0,Cremonese,12.0,2.0,0.0,3.0,8.0,7.0,34.6,10.0,5.0,0.5,0.0,0.0,150.0,250.0,0.6,4.0,19.0,0.2,68.0,16.0,0.2,3.0,7.0,14.0,0.5,11.0,49.0,49.0,736909,2025-12-01 19:45:00,2025
Sassuolo,15.0,2.0,0.0,1.0,7.0,0.0,40.1,13.0,5.0,0.4,0.0,0.0,260.0,324.0,0.8,6.0,19.0,0.3,56.0,22.0,0.4,4.0,6.0,10.0,0.6,7.0,24.0,24.0,Fiorentina,15.0,3.0,0.0,4.0,1.0,2.0,59.9,9.0,1.0,0.1,1.0,1.0,423.0,498.0,0.8,4.0,23.0,0.2,39.0,11.0,0.3,3.0,9.0,17.0,0.5,7.0,26.0,26.0,736915,2025-12-06 14:00:00,2025
Internazionale,16.0,1.0,0.0,3.0,7.0,3.0,41.8,11.0,7.0,0.6,0.0,0.0,293.0,354.0,0.8,5.0,15.0,0.3,38.0,18.0,0.5,2.0,8.0,10.0,0.8,9.0,20.0,20.0,Como,13.0,2.0,0.0,1.0,4.0,3.0,58.2,15.0,3.0,0.2,0.0,0.0,440.0,500.0,0.9,8.0,18.0,0.4,47.0,23.0,0.5,2.0,3.0,7.0,0.4,6.0,10.0,10.0,736919,2025-12-06 17:00:00,2025
Hellas Verona,14.0,2.0,0.0,3.0,5.0,3.0,36.3,12.0,7.0,0.6,0.0,0.0,195.0,278.0,0.7,2.0,15.0,0.1,59.0,18.0,0.3,4.0,11.0,21.0,0.5,15.0,30.0,30.0,Atalanta,7.0,1.0,0.0,1.0,5.0,4.0,63.7,12.0,5.0,0.4,1.0,1.0,396.0,488.0,0.8,4.0,20.0,0.2,61.0,28.0,0.5,5.0,9.0,15.0,0.6,10.0,16.0,16.0,736920,2025-12-06 19:45:00,2025
Cremonese,15.0,1.0,0.0,0.0,5.0,1.0,48.7,11.0,4.0,0.4,1.0,1.0,250.0,339.0,0.7,3.0,18.0,0.2,62.0,27.0,0.4,4.0,8.0,20.0,0.4,10.0,40.0,40.0,Lecce,12.0,2.0,0.0,0.0,5.0,2.0,51.3,9.0,1.0,0.1,0.0,0.0,264.0,350.0,0.8,7.0,24.0,0.3,67.0,26.0,0.4,2.0,9.0,19.0,0.5,7.0,35.0,35.0,736921,2025-12-07 11:30:00,2025
Cagliari,18.0,2.0,0.0,4.0,4.0,2.0,46.7,15.0,8.0,0.5,0.0,0.0,283.0,361.0,0.8,3.0,14.0,0.2,66.0,32.0,0.5,3.0,14.0,23.0,0.6,9.0,22.0,22.0,AS Roma,16.0,1.0,1.0,0.0,1.0,8.0,53.3,6.0,2.0,0.3,0.0,0.0,328.0,417.0,0.8,3.0,11.0,0.3,63.0,35.0,0.6,4.0,4.0,11.0,0.4,8.0,21.0,21.0,736922,2025-12-07 14:00:00,2025
Lazio,13.0,3.0,1.0,1.0,8.0,4.0,47.3,16.0,9.0,0.6,0.0,0.0,322.0,407.0,0.8,7.0,17.0,0.4,49.0,24.0,0.5,2.0,6.0,11.0,0.5,7.0,7.0,7.0,Bologna,18.0,3.0,0.0,1.0,3.0,8.0,52.7,13.0,6.0,0.5,0.0,0.0,389.0,465.0,0.8,3.0,11.0,0.3,74.0,40.0,0.5,3.0,7.0,15.0,0.5,6.0,22.0,22.0,736923,2025-12-07 17:00:00,2025
Napoli,6.0,2.0,0.0,1.0,9.0,1.0,49.7,9.0,4.0,0.4,0.0,0.0,414.0,497.0,0.8,4.0,22.0,0.2,45.0,16.0,0.4,1.0,6.0,15.0,0.4,10.0,13.0,13.0,Juventus,15.0,1.0,0.0,4.0,0.0,3.0,50.3,5.0,2.0,0.4,0.0,0.0,444.0,511.0,0.9,0.0,8.0,0.0,38.0,14.0,0.4,0.0,11.0,15.0,0.7,12.0,21.0,21.0,736917,2025-12-07 19:45:00,2025
Pisa,15.0,2.0,1.0,0.0,6.0,1.0,60.3,14.0,2.0,0.1,0.0,0.0,337.0,418.0,0.8,18.0,49.0,0.4,58.0,32.0,0.6,3.0,9.0,13.0,0.7,4.0,23.0,23.0,Parma,7.0,2.0,0.0,1.0,0.0,2.0,39.7,9.0,2.0,0.2,1.0,1.0,221.0,295.0,0.7,1.0,11.0,0.1,58.0,21.0,0.4,2.0,11.0,13.0,0.8,5.0,52.0,52.0,736916,2025-12-08 14:00:00,2025
Udinese,16.0,1.0,0.0,3.0,6.0,4.0,58.2,23.0,6.0,0.3,0.0,0.0,337.0,420.0,0.8,10.0,24.0,0.4,44.0,18.0,0.4,8.0,14.0,20.0,0.7,14.0,20.0,20.0,Genoa,12.0,0.0,0.0,3.0,2.0,5.0,41.8,12.0,6.0,0.5,1.0,1.0,241.0,312.0,0.8,2.0,9.0,0.2,48.0,15.0,0.3,1.0,8.0,17.0,0.5,6.0,34.0,34.0,736918,2025-12-08 17:00:00,2025
Torino,16.0,2.0,0.0,1.0,2.0,3.0,35.8,8.0,4.0,0.5,1.0,1.0,242.0,308.0,0.8,1.0,10.0,0.1,66.0,36.0,0.5,2.0,14.0,24.0,0.6,3.0,20.0,20.0,AC Milan,7.0,1.0,0.0,3.0,4.0,2.0,64.2,17.0,6.0,0.4,0.0,0.0,494.0,552.0,0.9,7.0,23.0,0.3,48.0,33.0,0.7,6.0,6.0,11.0,0.5,6.0,15.0,15.0,736914,2025-12-08 19:45:00,2025
Lecce,17.0,2.0,0.0,1.0,12.0,0.0,51.4,21.0,3.0,0.1,0.0,0.0,295.0,375.0,0.8,9.0,22.0,0.4,60.0,23.0,0.4,7.0,11.0,14.0,0.8,4.0,23.0,23.0,Pisa,6.0,1.0,0.0,3.0,1.0,2.0,48.6,5.0,0.0,0.0,0.0,0.0,286.0,368.0,0.8,3.0,9.0,0.3,61.0,23.0,0.4,3.0,12.0,21.0,0.6,6.0,27.0,27.0,736928,2025-12-12 19:45:00,2025
Torino,20.0,1.0,0.0,1.0,6.0,3.0,46.3,18.0,6.0,0.3,0.0,0.0,314.0,398.0,0.8,5.0,22.0,0.2,88.0,47.0,0.5,8.0,11.0,21.0,0.5,5.0,36.0,36.0,Cremonese,13.0,2.0,0.0,1.0,6.0,5.0,53.7,10.0,3.0,0.3,0.0,0.0,361.0,454.0,0.8,7.0,30.0,0.2,67.0,29.0,0.4,3.0,9.0,20.0,0.5,10.0,32.0,32.0,736924,2025-12-13 14:00:00,2025
Parma,14.0,2.0,0.0,2.0,4.0,3.0,47.1,19.0,5.0,0.3,0.0,0.0,316.0,367.0,0.9,9.0,37.0,0.2,37.0,20.0,0.5,5.0,1.0,6.0,0.2,8.0,21.0,21.0,Lazio,8.0,1.0,2.0,0.0,4.0,6.0,52.9,15.0,5.0,0.3,0.0,0.0,368.0,435.0,0.8,7.0,18.0,0.4,46.0,21.0,0.5,4.0,6.0,12.0,0.5,5.0,39.0,39.0,736926,2025-12-13 17:00:00,2025
Atalanta,13.0,1.0,0.0,0.0,5.0,0.0,58.5,17.0,8.0,0.5,0.0,0.0,468.0,547.0,0.9,1.0,12.0,0.1,35.0,16.0,0.5,4.0,7.0,14.0,0.5,8.0,24.0,24.0,Cagliari,15.0,2.0,0.0,4.0,4.0,6.0,41.5,8.0,1.0,0.1,0.0,0.0,307.0,378.0,0.8,4.0,15.0,0.3,47.0,22.0,0.5,2.0,11.0,23.0,0.5,10.0,21.0,21.0,736932,2025-12-13 19:45:00,2025
AC Milan,12.0,1.0,0.0,2.0,7.0,1.0,58.8,13.0,5.0,0.4,0.0,0.0,476.0,537.0,0.9,6.0,31.0,0.2,31.0,17.0,0.5,3.0,10.0,17.0,0.6,4.0,23.0,23.0,Sassuolo,12.0,3.0,0.0,1.0,3.0,2.0,41.2,8.0,3.0,0.4,0.0,0.0,318.0,377.0,0.8,4.0,15.0,0.3,36.0,16.0,0.4,3.0,13.0,16.0,0.8,14.0,30.0,30.0,736927,2025-12-14 11:30:00,2025
Udinese,16.0,1.0,0.0,1.0,1.0,0.0,38.1,18.0,5.0,0.3,0.0,0.0,245.0,322.0,0.8,1.0,8.0,0.1,55.0,19.0,0.3,7.0,6.0,18.0,0.3,11.0,32.0,32.0,Napoli,9.0,0.0,0.0,1.0,3.0,4.0,61.9,7.0,0.0,0.0,0.0,0.0,426.0,518.0,0.8,2.0,15.0,0.1,48.0,20.0,0.4,1.0,6.0,11.0,0.5,7.0,12.0,12.0,736933,2025-12-14 14:00:00,2025
Fiorentina,10.0,1.0,0.0,1.0,9.0,1.0,65.3,20.0,4.0,0.2,0.0,0.0,407.0,475.0,0.9,6.0,37.0,0.2,48.0,26.0,0.5,7.0,7.0,12.0,0.6,5.0,24.0,24.0,Hellas Verona,22.0,5.0,0.0,1.0,4.0,4.0,34.7,13.0,3.0,0.2,0.0,0.0,181.0,259.0,0.7,3.0,9.0,0.3,64.0,20.0,0.3,3.0,16.0,24.0,0.7,12.0,46.0,46.0,736930,2025-12-14 14:00:00,2025
Genoa,10.0,2.0,0.0,0.0,1.0,6.0,35.8,5.0,3.0,0.6,0.0,0.0,217.0,286.0,0.8,2.0,13.0,0.2,52.0,24.0,0.5,0.0,12.0,13.0,0.9,3.0,29.0,29.0,Internazionale,20.0,3.0,0.0,1.0,6.0,2.0,64.2,18.0,8.0,0.4,0.0,0.0,452.0,532.0,0.9,4.0,13.0,0.3,45.0,20.0,0.4,8.0,15.0,18.0,0.8,8.0,19.0,19.0,736929,2025-12-14 17:00:00,2025
Bologna,10.0,3.0,1.0,0.0,3.0,2.0,50.6,11.0,4.0,0.4,0.0,0.0,377.0,455.0,0.8,5.0,19.0,0.3,72.0,35.0,0.5,4.0,8.0,18.0,0.4,16.0,27.0,27.0,Juventus,11.0,1.0,0.0,2.0,4.0,4.0,49.4,13.0,3.0,0.2,0.0,0.0,371.0,449.0,0.8,2.0,10.0,0.2,53.0,25.0,0.5,5.0,7.0,14.0,0.5,2.0,19.0,19.0,736931,2025-12-14 19:45:00,2025
AS Roma,16.0,3.0,0.0,3.0,6.0,1.0,52.6,14.0,4.0,0.3,0.0,0.0,321.0,396.0,0.8,6.0,17.0,0.4,56.0,29.0,0.5,6.0,12.0,21.0,0.6,8.0,23.0,23.0,Como,8.0,3.0,0.0,1.0,3.0,3.0,47.4,13.0,1.0,0.1,0.0,0.0,279.0,358.0,0.8,2.0,10.0,0.2,50.0,17.0,0.3,7.0,8.0,15.0,0.5,11.0,26.0,26.0,736925,2025-12-15 19:45:00,2025
Lazio,13.0,4.0,0.0,0.0,3.0,2.0,57.4,8.0,2.0,0.3,0.0,0.0,478.0,554.0,0.9,4.0,18.0,0.2,34.0,15.0,0.4,1.0,9.0,12.0,0.8,5.0,12.0,12.0,Cremonese,21.0,3.0,1.0,2.0,0.0,2.0,42.6,9.0,2.0,0.2,0.0,0.0,334.0,412.0,0.8,2.0,8.0,0.3,52.0,20.0,0.4,3.0,5.0,8.0,0.6,3.0,18.0,18.0,736938,2025-12-20 17:00:00,2025
Juventus,14.0,2.0,0.0,2.0,2.0,4.0,40.8,13.0,9.0,0.7,0.0,0.0,321.0,398.0,0.8,1.0,7.0,0.1,40.0,12.0,0.3,1.0,16.0,25.0,0.6,5.0,20.0,20.0,AS Roma,13.0,3.0,0.0,0.0,4.0,7.0,59.2,14.0,5.0,0.4,0.0,0.0,505.0,575.0,0.9,2.0,13.0,0.2,37.0,14.0,0.4,4.0,16.0,20.0,0.8,8.0,23.0,23.0,736939,2025-12-20 19:45:00,2025
Cagliari,15.0,3.0,0.0,2.0,2.0,1.0,59.0,14.0,5.0,0.4,0.0,0.0,315.0,401.0,0.8,1.0,13.0,0.1,69.0,32.0,0.5,5.0,6.0,15.0,0.4,5.0,38.0,38.0,Pisa,20.0,2.0,0.0,0.0,6.0,3.0,41.0,15.0,3.0,0.2,2.0,1.0,194.0,264.0,0.7,4.0,21.0,0.2,54.0,26.0,0.5,5.0,9.0,14.0,0.6,11.0,25.0,25.0,736934,2025-12-21 11:30:00,2025
Sassuolo,15.0,3.0,0.0,3.0,2.0,4.0,53.0,7.0,1.0,0.1,0.0,0.0,376.0,462.0,0.8,2.0,10.0,0.2,62.0,27.0,0.4,1.0,4.0,6.0,0.7,9.0,21.0,21.0,Torino,17.0,1.0,0.0,0.0,3.0,1.0,47.0,10.0,5.0,0.5,1.0,1.0,306.0,398.0,0.8,3.0,18.0,0.2,65.0,18.0,0.3,1.0,16.0,22.0,0.7,8.0,37.0,37.0,736936,2025-12-21 14:00:00,2025
Fiorentina,10.0,3.0,0.0,0.0,1.0,3.0,63.1,20.0,7.0,0.4,0.0,0.0,532.0,590.0,0.9,3.0,13.0,0.2,38.0,19.0,0.5,3.0,3.0,11.0,0.3,3.0,23.0,23.0,Udinese,8.0,1.0,1.0,2.0,4.0,1.0,36.9,11.0,4.0,0.4,0.0,0.0,271.0,334.0,0.8,4.0,16.0,0.3,43.0,22.0,0.5,2.0,8.0,10.0,0.8,10.0,16.0,16.0,736943,2025-12-21 17:00:00,2025
Genoa,11.0,1.0,1.0,1.0,6.0,3.0,29.3,6.0,3.0,0.5,0.0,0.0,161.0,220.0,0.7,6.0,18.0,0.3,62.0,31.0,0.5,0.0,10.0,16.0,0.6,7.0,29.0,29.0,Atalanta,19.0,2.0,0.0,0.0,10.0,3.0,70.7,16.0,4.0,0.3,0.0,0.0,486.0,542.0,0.9,9.0,31.0,0.3,35.0,24.0,0.7,3.0,11.0,21.0,0.5,10.0,18.0,18.0,736942,2025-12-21 19:45:00,2025
Parma,10.0,2.0,0.0,0.0,5.0,4.0,41.7,13.0,2.0,0.2,0.0,0.0,261.0,326.0,0.8,5.0,21.0,0.2,64.0,34.0,0.5,3.0,8.0,16.0,0.5,7.0,31.0,31.0,Fiorentina,15.0,2.0,0.0,3.0,6.0,1.0,58.3,23.0,4.0,0.2,0.0,0.0,392.0,452.0,0.9,9.0,35.0,0.3,51.0,25.0,0.5,7.0,15.0,17.0,0.9,9.0,19.0,19.0,736953,2025-12-27 11:30:00,2025
Torino,14.0,3.0,0.0,1.0,6.0,2.0,55.8,19.0,10.0,0.5,0.0,0.0,380.0,467.0,0.8,9.0,29.0,0.3,54.0,27.0,0.5,5.0,6.0,10.0,0.6,10.0,10.0,10.0,Cagliari,13.0,0.0,0.0,0.0,2.0,9.0,44.2,9.0,4.0,0.4,0.0,0.0,299.0,386.0,0.8,2.0,5.0,0.4,53.0,22.0,0.4,2.0,9.0,12.0,0.8,14.0,35.0,35.0,736945,2025-12-27 14:00:00,2025
Lecce,10.0,2.0,0.0,2.0,4.0,3.0,38.4,11.0,5.0,0.5,0.0,0.0,207.0,281.0,0.7,4.0,20.0,0.2,48.0,19.0,0.4,2.0,11.0,20.0,0.6,15.0,27.0,27.0,Como,24.0,4.0,0.0,2.0,6.0,5.0,61.6,12.0,6.0,0.5,0.0,0.0,395.0,462.0,0.9,4.0,18.0,0.2,28.0,13.0,0.5,3.0,6.0,9.0,0.7,9.0,26.0,26.0,736950,2025-12-27 14:00:00,2025
Udinese,19.0,3.0,0.0,0.0,5.0,1.0,46.2,15.0,4.0,0.3,0.0,0.0,300.0,367.0,0.8,5.0,23.0,0.2,38.0,13.0,0.3,4.0,10.0,14.0,0.7,1.0,24.0,24.0,Lazio,14.0,4.0,0.0,3.0,6.0,3.0,53.8,14.0,1.0,0.1,0.0,0.0,379.0,432.0,0.9,2.0,20.0,0.1,48.0,31.0,0.6,8.0,5.0,11.0,0.5,9.0,27.0,27.0,736948,2025-12-27 17:00:00,2025
Pisa,10.0,4.0,0.0,1.0,2.0,5.0,40.6,8.0,0.0,0.0,0.0,0.0,257.0,337.0,0.8,4.0,19.0,0.2,61.0,27.0,0.4,2.0,9.0,12.0,0.8,13.0,35.0,35.0,Juventus,12.0,1.0,0.0,1.0,8.0,0.0,59.4,15.0,7.0,0.5,0.0,0.0,418.0,502.0,0.8,2.0,22.0,0.1,47.0,24.0,0.5,4.0,12.0,17.0,0.7,5.0,27.0,27.0,736947,2025-12-27 19:45:00,2025
AC Milan,5.0,0.0,0.0,1.0,7.0,1.0,52.2,11.0,5.0,0.5,1.0,1.0,359.0,426.0,0.8,4.0,15.0,0.3,37.0,16.0,0.4,1.0,8.0,15.0,0.5,10.0,17.0,17.0,Hellas Verona,15.0,1.0,0.0,1.0,3.0,2.0,47.8,9.0,1.0,0.1,0.0,0.0,329.0,393.0,0.8,5.0,17.0,0.3,42.0,22.0,0.5,4.0,12.0,18.0,0.7,9.0,26.0,26.0,736949,2025-12-28 11:30:00,2025
Cremonese,13.0,2.0,0.0,3.0,1.0,6.0,47.4,6.0,2.0,0.3,0.0,0.0,326.0,409.0,0.8,3.0,19.0,0.2,65.0,27.0,0.4,1.0,10.0,13.0,0.8,11.0,14.0,14.0,Napoli,8.0,2.0,0.0,2.0,10.0,2.0,52.6,22.0,8.0,0.4,0.0,0.0,390.0,463.0,0.8,5.0,17.0,0.3,45.0,22.0,0.5,5.0,4.0,10.0,0.4,6.0,22.0,22.0,736951,2025-12-28 14:00:00,2025
Bologna,18.0,2.0,0.0,2.0,2.0,4.0,58.3,16.0,6.0,0.4,0.0,0.0,384.0,455.0,0.8,7.0,29.0,0.2,60.0,28.0,0.5,2.0,11.0,16.0,0.7,10.0,14.0,14.0,Sassuolo,19.0,3.0,0.0,3.0,3.0,4.0,41.7,8.0,5.0,0.6,0.0,0.0,254.0,336.0,0.8,2.0,7.0,0.3,66.0,24.0,0.4,0.0,12.0,14.0,0.9,9.0,34.0,34.0,736952,2025-12-28 17:00:00,2025
Atalanta,8.0,2.0,0.0,3.0,4.0,3.0,45.2,7.0,0.0,0.0,0.0,0.0,358.0,426.0,0.8,4.0,18.0,0.2,65.0,44.0,0.7,3.0,7.0,12.0,0.6,11.0,26.0,26.0,Internazionale,12.0,1.0,0.0,2.0,7.0,0.0,54.8,15.0,4.0,0.3,0.0,0.0,461.0,528.0,0.9,4.0,14.0,0.3,48.0,24.0,0.5,4.0,9.0,17.0,0.5,6.0,23.0,23.0,736944,2025-12-28 19:45:00,2025
AS Roma,13.0,0.0,0.0,1.0,6.0,1.0,60.5,16.0,8.0,0.5,0.0,0.0,476.0,563.0,0.8,2.0,12.0,0.2,56.0,21.0,0.4,5.0,17.0,21.0,0.8,14.0,21.0,21.0,Genoa,13.0,1.0,0.0,3.0,1.0,5.0,39.5,10.0,2.0,0.2,0.0,0.0,282.0,371.0,0.8,3.0,7.0,0.4,59.0,15.0,0.3,3.0,19.0,22.0,0.9,14.0,19.0,19.0,736946,2025-12-29 19:45:00,2025
Cagliari,10.0,2.0,0.0,0.0,6.0,3.0,45.9,6.0,1.0,0.2,0.0,0.0,389.0,447.0,0.9,2.0,19.0,0.1,46.0,21.0,0.5,1.0,17.0,22.0,0.8,5.0,20.0,20.0,AC Milan,8.0,1.0,0.0,2.0,7.0,1.0,54.1,11.0,4.0,0.4,0.0,0.0,470.0,538.0,0.9,6.0,13.0,0.5,54.0,30.0,0.6,3.0,6.0,14.0,0.4,9.0,26.0,26.0,736955,2026-01-02 19:45:00,2026
Como,12.0,1.0,0.0,0.0,4.0,0.0,61.7,15.0,3.0,0.2,1.0,1.0,474.0,566.0,0.8,2.0,15.0,0.1,51.0,18.0,0.4,5.0,17.0,26.0,0.7,8.0,15.0,15.0,Udinese,15.0,3.0,0.0,3.0,2.0,2.0,38.3,3.0,0.0,0.0,0.0,0.0,263.0,346.0,0.8,3.0,9.0,0.3,55.0,19.0,0.3,0.0,12.0,14.0,0.9,13.0,30.0,30.0,736956,2026-01-03 11:30:00,2026
Sassuolo,12.0,2.0,0.0,2.0,4.0,4.0,52.6,11.0,3.0,0.3,0.0,0.0,446.0,503.0,0.9,5.0,20.0,0.3,38.0,17.0,0.4,3.0,5.0,13.0,0.4,6.0,35.0,35.0,Parma,7.0,1.0,0.0,0.0,7.0,2.0,47.4,16.0,5.0,0.3,0.0,0.0,381.0,448.0,0.9,4.0,22.0,0.2,46.0,22.0,0.5,7.0,12.0,21.0,0.6,11.0,23.0,23.0,736958,2026-01-03 14:00:00,2026
Genoa,9.0,1.0,0.0,4.0,2.0,1.0,62.1,12.0,4.0,0.3,0.0,0.0,356.0,439.0,0.8,7.0,19.0,0.4,52.0,24.0,0.5,3.0,10.0,15.0,0.7,6.0,42.0,42.0,Pisa,17.0,3.0,0.0,1.0,7.0,3.0,37.9,10.0,2.0,0.2,0.0,0.0,177.0,259.0,0.7,5.0,18.0,0.3,73.0,32.0,0.4,4.0,16.0,22.0,0.7,12.0,37.0,37.0,736963,2026-01-03 14:00:00,2026
Juventus,6.0,0.0,0.0,4.0,10.0,0.0,71.7,25.0,5.0,0.2,0.0,1.0,600.0,675.0,0.9,9.0,37.0,0.2,28.0,17.0,0.6,12.0,10.0,20.0,0.5,3.0,4.0,4.0,Lecce,7.0,3.0,0.0,0.0,1.0,4.0,28.3,6.0,1.0,0.2,0.0,0.0,208.0,276.0,0.8,0.0,5.0,0.0,47.0,14.0,0.3,2.0,15.0,30.0,0.5,7.0,60.0,60.0,736961,2026-01-03 17:00:00,2026
Atalanta,16.0,1.0,0.0,2.0,7.0,3.0,45.4,13.0,2.0,0.2,0.0,0.0,296.0,384.0,0.8,1.0,13.0,0.1,52.0,25.0,0.5,8.0,16.0,28.0,0.6,8.0,29.0,29.0,AS Roma,15.0,2.0,0.0,1.0,5.0,1.0,54.6,10.0,4.0,0.4,0.0,0.0,376.0,462.0,0.8,2.0,15.0,0.1,59.0,29.0,0.5,3.0,13.0,20.0,0.7,7.0,26.0,26.0,736954,2026-01-03 19:45:00,2026
Lazio,10.0,2.0,2.0,1.0,2.0,1.0,34.7,5.0,0.0,0.0,0.0,0.0,298.0,347.0,0.9,6.0,11.0,0.5,40.0,27.0,0.7,2.0,14.0,19.0,0.7,6.0,27.0,27.0,Napoli,13.0,1.0,1.0,0.0,6.0,0.0,65.3,14.0,3.0,0.2,0.0,0.0,601.0,650.0,0.9,9.0,23.0,0.4,29.0,16.0,0.6,3.0,5.0,8.0,0.6,1.0,6.0,6.0,736962,2026-01-04 11:30:00,2026
Fiorentina,10.0,1.0,0.0,0.0,7.0,2.0,64.9,22.0,8.0,0.4,0.0,0.0,442.0,518.0,0.9,2.0,36.0,0.1,42.0,19.0,0.5,10.0,3.0,9.0,0.3,8.0,18.0,18.0,Cremonese,19.0,2.0,0.0,1.0,3.0,7.0,35.1,6.0,2.0,0.3,0.0,0.0,201.0,283.0,0.7,3.0,10.0,0.3,51.0,17.0,0.3,1.0,2.0,8.0,0.3,10.0,48.0,48.0,736957,2026-01-04 14:00:00,2026
Hellas Verona,13.0,0.0,0.0,0.0,4.0,2.0,47.6,7.0,3.0,0.4,0.0,0.0,298.0,397.0,0.8,1.0,24.0,0.0,45.0,20.0,0.4,2.0,12.0,15.0,0.8,10.0,37.0,37.0,Torino,7.0,2.0,0.0,2.0,7.0,3.0,52.4,21.0,5.0,0.2,0.0,0.0,343.0,444.0,0.8,2.0,17.0,0.1,61.0,21.0,0.3,9.0,14.0,26.0,0.5,14.0,28.0,28.0,736959,2026-01-04 17:00:00,2026
Internazionale,20.0,3.0,0.0,3.0,7.0,1.0,57.7,19.0,10.0,0.5,0.0,0.0,392.0,460.0,0.9,5.0,20.0,0.3,41.0,20.0,0.5,4.0,10.0,17.0,0.6,6.0,9.0,9.0,Bologna,21.0,3.0,0.0,0.0,1.0,7.0,42.3,6.0,2.0,0.3,0.0,0.0,266.0,340.0,0.8,3.0,9.0,0.3,69.0,29.0,0.4,1.0,9.0,21.0,0.4,9.0,34.0,34.0,736960,2026-01-04 19:45:00,2026
Pisa,9.0,2.0,0.0,2.0,1.0,5.0,27.0,10.0,4.0,0.4,0.0,1.0,147.0,221.0,0.7,1.0,6.0,0.2,56.0,25.0,0.4,3.0,13.0,20.0,0.7,9.0,34.0,34.0,Como,13.0,2.0,0.0,0.0,5.0,4.0,73.0,15.0,7.0,0.5,1.0,1.0,526.0,595.0,0.9,5.0,17.0,0.3,35.0,14.0,0.4,1.0,8.0,17.0,0.5,6.0,27.0,27.0,736971,2026-01-06 14:00:00,2026
Lecce,10.0,3.0,0.0,2.0,2.0,1.0,50.6,6.0,1.0,0.2,0.0,0.0,314.0,415.0,0.8,2.0,16.0,0.1,69.0,22.0,0.3,4.0,8.0,14.0,0.6,12.0,27.0,27.0,AS Roma,20.0,1.0,0.0,2.0,2.0,1.0,49.4,10.0,3.0,0.3,0.0,0.0,307.0,408.0,0.8,0.0,8.0,0.0,65.0,26.0,0.4,2.0,18.0,29.0,0.6,14.0,28.0,28.0,736967,2026-01-06 17:00:00,2026
Sassuolo,3.0,0.0,0.0,1.0,5.0,8.0,43.8,6.0,2.0,0.3,0.0,0.0,397.0,482.0,0.8,2.0,13.0,0.2,54.0,22.0,0.4,0.0,5.0,9.0,0.6,12.0,20.0,20.0,Juventus,12.0,0.0,0.0,0.0,5.0,2.0,56.2,17.0,10.0,0.6,0.0,0.0,554.0,621.0,0.9,2.0,20.0,0.1,38.0,18.0,0.5,1.0,10.0,15.0,0.7,11.0,9.0,9.0,736972,2026-01-06 19:45:00,2026
Bologna,16.0,0.0,0.0,1.0,6.0,3.0,52.6,11.0,2.0,0.2,0.0,0.0,318.0,415.0,0.8,5.0,23.0,0.2,60.0,21.0,0.4,4.0,6.0,11.0,0.5,4.0,35.0,35.0,Atalanta,15.0,0.0,0.0,5.0,6.0,2.0,47.4,11.0,5.0,0.5,0.0,0.0,283.0,385.0,0.7,3.0,11.0,0.3,63.0,22.0,0.3,2.0,10.0,16.0,0.6,8.0,29.0,29.0,736964,2026-01-07 17:30:00,2026
Napoli,7.0,0.0,0.0,2.0,6.0,2.0,69.6,15.0,4.0,0.3,0.0,0.0,597.0,679.0,0.9,6.0,29.0,0.2,24.0,6.0,0.3,5.0,4.0,8.0,0.5,6.0,17.0,17.0,Hellas Verona,15.0,3.0,0.0,1.0,1.0,2.0,30.4,11.0,4.0,0.4,1.0,1.0,227.0,305.0,0.7,1.0,6.0,0.2,54.0,15.0,0.3,2.0,13.0,20.0,0.7,13.0,38.0,38.0,736969,2026-01-07 17:30:00,2026
Torino,16.0,2.0,0.0,1.0,3.0,2.0,53.7,10.0,4.0,0.4,0.0,0.0,354.0,444.0,0.8,6.0,22.0,0.3,72.0,44.0,0.6,1.0,10.0,19.0,0.5,8.0,22.0,22.0,Udinese,8.0,1.0,0.0,0.0,6.0,3.0,46.3,9.0,4.0,0.4,0.0,0.0,298.0,391.0,0.8,3.0,12.0,0.3,49.0,18.0,0.4,2.0,7.0,10.0,0.7,8.0,37.0,37.0,736973,2026-01-07 19:45:00,2026
Parma,4.0,1.0,0.0,1.0,1.0,6.0,37.0,4.0,0.0,0.0,0.0,0.0,298.0,386.0,0.8,3.0,14.0,0.2,47.0,16.0,0.3,1.0,7.0,12.0,0.6,13.0,22.0,22.0,Internazionale,20.0,3.0,0.0,1.0,3.0,0.0,63.0,26.0,8.0,0.3,0.0,0.0,591.0,662.0,0.9,9.0,35.0,0.3,27.0,16.0,0.6,7.0,11.0,18.0,0.6,9.0,18.0,18.0,736970,2026-01-07 19:45:00,2026
Lazio,11.0,3.0,0.0,0.0,8.0,3.0,48.8,17.0,9.0,0.5,1.0,1.0,374.0,438.0,0.9,5.0,21.0,0.2,36.0,18.0,0.5,6.0,9.0,12.0,0.8,7.0,13.0,13.0,Fiorentina,15.0,5.0,0.0,1.0,2.0,6.0,51.2,8.0,5.0,0.6,1.0,1.0,423.0,475.0,0.9,2.0,8.0,0.3,45.0,26.0,0.6,2.0,12.0,16.0,0.8,4.0,33.0,33.0,736966,2026-01-07 19:45:00,2026
Cremonese,16.0,2.0,0.0,0.0,2.0,3.0,43.6,12.0,5.0,0.4,0.0,0.0,326.0,405.0,0.8,3.0,13.0,0.2,60.0,17.0,0.3,2.0,6.0,11.0,0.5,4.0,35.0,35.0,Cagliari,12.0,2.0,0.0,1.0,4.0,3.0,56.4,21.0,5.0,0.2,0.0,0.0,453.0,517.0,0.9,9.0,24.0,0.4,42.0,26.0,0.6,7.0,5.0,11.0,0.5,3.0,28.0,28.0,736965,2026-01-08 17:30:00,2026
AC Milan,12.0,4.0,0.0,1.0,12.0,1.0,61.3,32.0,8.0,0.3,0.0,0.0,499.0,558.0,0.9,14.0,49.0,0.3,33.0,20.0,0.6,15.0,8.0,14.0,0.6,5.0,8.0,8.0,Genoa,8.0,1.0,0.0,1.0,1.0,7.0,38.7,7.0,2.0,0.3,0.0,1.0,299.0,371.0,0.8,4.0,13.0,0.3,53.0,22.0,0.4,2.0,6.0,12.0,0.5,7.0,51.0,51.0,736968,2026-01-08 19:45:00,2026
Udinese,13.0,1.0,0.0,5.0,3.0,5.0,53.7,11.0,2.0,0.2,1.0,1.0,288.0,370.0,0.8,4.0,20.0,0.2,57.0,24.0,0.4,2.0,4.0,5.0,0.8,8.0,32.0,32.0,Pisa,16.0,4.0,0.0,3.0,8.0,0.0,46.3,14.0,7.0,0.5,0.0,0.0,217.0,305.0,0.7,7.0,34.0,0.2,53.0,25.0,0.5,2.0,5.0,11.0,0.5,8.0,33.0,33.0,736978,2026-01-10 14:00:00,2026
Como,14.0,3.0,0.0,2.0,4.0,1.0,58.6,12.0,3.0,0.3,0.0,0.0,365.0,437.0,0.8,5.0,17.0,0.3,55.0,27.0,0.5,0.0,10.0,18.0,0.6,3.0,17.0,17.0,Bologna,3.0,3.0,1.0,4.0,2.0,2.0,41.4,7.0,2.0,0.3,0.0,0.0,223.0,302.0,0.7,5.0,12.0,0.4,79.0,35.0,0.4,3.0,9.0,15.0,0.6,9.0,24.0,24.0,736976,2026-01-10 14:00:00,2026
AS Roma,15.0,2.0,0.0,2.0,5.0,3.0,64.3,26.0,6.0,0.2,0.0,0.0,518.0,588.0,0.9,5.0,23.0,0.2,43.0,24.0,0.6,7.0,15.0,23.0,0.7,7.0,12.0,12.0,Sassuolo,16.0,2.0,0.0,1.0,2.0,4.0,35.7,5.0,3.0,0.6,0.0,0.0,248.0,329.0,0.8,0.0,5.0,0.0,61.0,31.0,0.5,1.0,14.0,20.0,0.7,11.0,28.0,28.0,736982,2026-01-10 17:00:00,2026
Atalanta,14.0,1.0,0.0,4.0,5.0,3.0,56.3,18.0,5.0,0.3,0.0,0.0,418.0,492.0,0.9,6.0,16.0,0.4,50.0,24.0,0.5,9.0,11.0,22.0,0.5,7.0,23.0,23.0,Torino,17.0,2.0,0.0,3.0,4.0,4.0,43.7,10.0,3.0,0.3,0.0,0.0,301.0,382.0,0.8,5.0,14.0,0.4,53.0,24.0,0.5,2.0,12.0,23.0,0.5,11.0,30.0,30.0,736977,2026-01-10 19:45:00,2026
Lecce,16.0,3.0,2.0,0.0,3.0,1.0,41.0,10.0,1.0,0.1,0.0,0.0,213.0,284.0,0.8,5.0,19.0,0.3,50.0,20.0,0.4,3.0,10.0,20.0,0.5,4.0,35.0,35.0,Parma,17.0,1.0,0.0,2.0,4.0,0.0,59.0,12.0,2.0,0.2,0.0,0.0,347.0,412.0,0.8,2.0,22.0,0.1,39.0,20.0,0.5,4.0,14.0,19.0,0.7,7.0,20.0,20.0,736981,2026-01-11 11:30:00,2026
Fiorentina,10.0,2.0,0.0,1.0,8.0,2.0,52.1,20.0,7.0,0.4,0.0,0.0,384.0,429.0,0.9,6.0,33.0,0.2,43.0,22.0,0.5,7.0,7.0,10.0,0.7,6.0,15.0,15.0,AC Milan,14.0,3.0,0.0,0.0,5.0,6.0,47.9,13.0,3.0,0.2,0.0,0.0,345.0,401.0,0.9,9.0,19.0,0.5,35.0,20.0,0.6,3.0,8.0,13.0,0.6,3.0,20.0,20.0,736975,2026-01-11 14:00:00,2026
Hellas Verona,12.0,2.0,0.0,1.0,2.0,2.0,36.1,10.0,2.0,0.2,0.0,0.0,298.0,391.0,0.8,2.0,10.0,0.2,64.0,16.0,0.3,2.0,9.0,15.0,0.6,15.0,16.0,16.0,Lazio,7.0,1.0,0.0,0.0,1.0,2.0,63.9,11.0,2.0,0.2,0.0,0.0,605.0,701.0,0.9,3.0,6.0,0.5,49.0,32.0,0.7,2.0,10.0,13.0,0.8,7.0,23.0,23.0,736983,2026-01-11 17:00:00,2026
Internazionale,12.0,0.0,0.0,2.0,4.0,1.0,50.1,13.0,4.0,0.3,1.0,1.0,420.0,486.0,0.9,1.0,17.0,0.1,55.0,31.0,0.6,5.0,13.0,21.0,0.6,10.0,15.0,15.0,Napoli,11.0,2.0,0.0,1.0,1.0,2.0,49.9,7.0,3.0,0.4,0.0,0.0,406.0,487.0,0.8,3.0,12.0,0.3,51.0,18.0,0.4,1.0,6.0,13.0,0.5,6.0,20.0,20.0,736979,2026-01-11 19:45:00,2026
Genoa,17.0,2.0,0.0,1.0,2.0,3.0,44.3,11.0,7.0,0.6,0.0,0.0,330.0,400.0,0.8,2.0,13.0,0.2,39.0,18.0,0.5,2.0,12.0,17.0,0.7,9.0,25.0,25.0,Cagliari,20.0,5.0,0.0,1.0,3.0,4.0,55.7,15.0,3.0,0.2,0.0,0.0,439.0,504.0,0.9,6.0,23.0,0.3,40.0,23.0,0.6,6.0,10.0,14.0,0.7,9.0,25.0,25.0,736974,2026-01-12 17:30:00,2026
Juventus,16.0,0.0,0.0,3.0,4.0,2.0,58.3,18.0,11.0,0.6,0.0,1.0,528.0,584.0,0.9,3.0,13.0,0.2,28.0,17.0,0.6,4.0,8.0,11.0,0.7,8.0,13.0,13.0,Cremonese,8.0,1.0,0.0,0.0,5.0,6.0,41.7,9.0,2.0,0.2,0.0,0.0,341.0,407.0,0.8,5.0,17.0,0.3,33.0,12.0,0.4,4.0,9.0,13.0,0.7,11.0,25.0,25.0,736980,2026-01-12 19:45:00,2026
Napoli,11.0,1.0,0.0,1.0,7.0,1.0,69.3,16.0,4.0,0.3,0.0,0.0,639.0,712.0,0.9,12.0,43.0,0.3,28.0,11.0,0.4,7.0,8.0,11.0,0.7,6.0,8.0,8.0,Parma,12.0,3.0,0.0,0.0,1.0,4.0,30.7,4.0,1.0,0.3,0.0,0.0,246.0,326.0,0.8,0.0,4.0,0.0,69.0,17.0,0.2,3.0,6.0,10.0,0.6,7.0,44.0,44.0,736937,2026-01-14 17:30:00,2026
Internazionale,11.0,2.0,0.0,3.0,11.0,1.0,67.6,21.0,7.0,0.3,0.0,0.0,439.0,516.0,0.9,11.0,40.0,0.3,38.0,14.0,0.4,5.0,9.0,18.0,0.5,3.0,24.0,24.0,Lecce,14.0,1.0,0.0,1.0,3.0,6.0,32.4,10.0,1.0,0.1,0.0,0.0,162.0,253.0,0.6,1.0,9.0,0.1,62.0,17.0,0.3,7.0,11.0,16.0,0.7,3.0,46.0,46.0,736940,2026-01-14 19:45:00,2026
Hellas Verona,13.0,1.0,0.0,5.0,4.0,2.0,39.2,15.0,5.0,0.3,0.0,0.0,253.0,342.0,0.7,4.0,15.0,0.3,59.0,16.0,0.3,6.0,9.0,18.0,0.5,7.0,32.0,32.0,Bologna,14.0,2.0,0.0,2.0,5.0,3.0,60.8,14.0,5.0,0.4,0.0,0.0,436.0,532.0,0.8,5.0,20.0,0.3,76.0,40.0,0.5,2.0,5.0,10.0,0.5,5.0,16.0,16.0,736941,2026-01-15 17:30:00,2026
Como,7.0,1.0,0.0,0.0,8.0,1.0,67.6,18.0,8.0,0.4,0.0,0.0,617.0,659.0,0.9,7.0,30.0,0.2,24.0,16.0,0.7,3.0,5.0,12.0,0.4,7.0,18.0,18.0,AC Milan,5.0,0.0,0.0,3.0,4.0,8.0,32.4,7.0,4.0,0.6,1.0,1.0,254.0,320.0,0.8,2.0,9.0,0.2,46.0,13.0,0.3,0.0,8.0,20.0,0.4,7.0,34.0,34.0,736935,2026-01-15 19:45:00,2026
Pisa,12.0,1.0,0.0,0.0,10.0,3.0,42.8,14.0,6.0,0.4,0.0,0.0,244.0,327.0,0.7,7.0,26.0,0.3,59.0,24.0,0.4,3.0,10.0,17.0,0.6,6.0,20.0,20.0,Atalanta,11.0,2.0,0.0,1.0,1.0,5.0,57.2,9.0,4.0,0.4,0.0,0.0,373.0,451.0,0.8,5.0,19.0,0.3,46.0,25.0,0.5,2.0,9.0,13.0,0.7,3.0,37.0,37.0,736991,2026-01-16 19:45:00,2026
Udinese,17.0,0.0,0.0,1.0,2.0,4.0,37.5,5.0,1.0,0.2,0.0,0.0,302.0,371.0,0.8,1.0,10.0,0.1,44.0,18.0,0.4,2.0,7.0,12.0,0.6,11.0,22.0,22.0,Internazionale,11.0,1.0,0.0,2.0,5.0,1.0,62.5,14.0,5.0,0.4,0.0,0.0,537.0,616.0,0.9,2.0,17.0,0.1,43.0,15.0,0.3,4.0,11.0,17.0,0.6,7.0,14.0,14.0,736989,2026-01-17 14:00:00,2026
Napoli,10.0,0.0,0.0,0.0,5.0,4.0,52.7,11.0,4.0,0.4,0.0,0.0,416.0,498.0,0.8,4.0,9.0,0.4,45.0,13.0,0.3,1.0,8.0,11.0,0.7,5.0,23.0,23.0,Sassuolo,11.0,2.0,0.0,2.0,4.0,3.0,47.3,21.0,4.0,0.2,0.0,0.0,369.0,439.0,0.8,5.0,15.0,0.3,48.0,21.0,0.4,10.0,8.0,10.0,0.8,9.0,16.0,16.0,736993,2026-01-17 17:00:00,2026
Cagliari,16.0,0.0,0.0,0.0,1.0,5.0,21.9,3.0,1.0,0.3,0.0,0.0,130.0,195.0,0.7,2.0,6.0,0.3,51.0,15.0,0.3,0.0,12.0,21.0,0.6,7.0,45.0,45.0,Juventus,12.0,1.0,0.0,1.0,18.0,0.0,78.1,21.0,5.0,0.2,0.0,0.0,615.0,680.0,0.9,5.0,34.0,0.1,35.0,25.0,0.7,8.0,8.0,11.0,0.7,7.0,7.0,7.0,736986,2026-01-17 19:45:00,2026
Parma,13.0,3.0,0.0,1.0,7.0,3.0,50.9,14.0,2.0,0.1,0.0,0.0,327.0,387.0,0.8,5.0,25.0,0.2,44.0,26.0,0.6,6.0,6.0,15.0,0.4,9.0,18.0,18.0,Genoa,18.0,2.0,0.0,1.0,3.0,2.0,49.1,11.0,3.0,0.3,0.0,0.0,302.0,375.0,0.8,6.0,22.0,0.3,42.0,12.0,0.3,3.0,13.0,20.0,0.7,5.0,32.0,32.0,736992,2026-01-18 11:30:00,2026
Bologna,14.0,3.0,0.0,0.0,7.0,2.0,61.0,18.0,3.0,0.2,0.0,0.0,452.0,512.0,0.9,16.0,42.0,0.4,41.0,23.0,0.6,7.0,12.0,15.0,0.8,1.0,10.0,10.0,Fiorentina,13.0,0.0,0.0,3.0,1.0,2.0,39.0,11.0,4.0,0.4,0.0,0.0,285.0,346.0,0.8,2.0,5.0,0.4,51.0,18.0,0.4,3.0,5.0,10.0,0.5,7.0,31.0,31.0,736987,2026-01-18 14:00:00,2026
Torino,13.0,2.0,0.0,1.0,2.0,3.0,37.1,8.0,4.0,0.5,0.0,0.0,207.0,307.0,0.7,3.0,18.0,0.2,60.0,24.0,0.4,0.0,14.0,21.0,0.7,12.0,23.0,23.0,AS Roma,9.0,1.0,0.0,3.0,1.0,4.0,62.9,14.0,5.0,0.4,0.0,0.0,433.0,532.0,0.8,0.0,12.0,0.0,58.0,22.0,0.4,4.0,11.0,12.0,0.9,10.0,32.0,32.0,736990,2026-01-18 17:00:00,2026
AC Milan,9.0,1.0,0.0,6.0,10.0,0.0,68.8,20.0,6.0,0.3,0.0,0.0,633.0,691.0,0.9,12.0,23.0,0.5,47.0,36.0,0.8,6.0,9.0,17.0,0.5,6.0,13.0,13.0,Lecce,11.0,1.0,0.0,0.0,2.0,5.0,31.2,3.0,0.0,0.0,0.0,0.0,235.0,311.0,0.8,4.0,9.0,0.4,62.0,20.0,0.3,0.0,15.0,20.0,0.8,3.0,29.0,29.0,736988,2026-01-18 19:45:00,2026
Cremonese,13.0,3.0,0.0,3.0,3.0,4.0,56.2,7.0,1.0,0.1,0.0,0.0,339.0,431.0,0.8,2.0,20.0,0.1,65.0,20.0,0.3,3.0,4.0,5.0,0.8,10.0,20.0,20.0,Hellas Verona,13.0,0.0,0.0,4.0,6.0,1.0,43.8,11.0,4.0,0.4,0.0,0.0,251.0,331.0,0.8,5.0,20.0,0.3,50.0,21.0,0.4,3.0,8.0,10.0,0.8,14.0,38.0,38.0,736985,2026-01-19 17:30:00,2026
Lazio,14.0,5.0,0.0,1.0,3.0,3.0,34.0,8.0,4.0,0.5,0.0,0.0,332.0,384.0,0.9,0.0,10.0,0.0,33.0,17.0,0.5,1.0,7.0,14.0,0.5,10.0,6.0,6.0,Como,9.0,3.0,0.0,0.0,2.0,4.0,66.0,11.0,6.0,0.5,0.0,1.0,699.0,754.0,0.9,5.0,8.0,0.6,31.0,19.0,0.6,2.0,10.0,18.0,0.6,5.0,22.0,22.0,736984,2026-01-19 19:45:00,2026
Internazionale,8.0,2.0,0.0,0.0,7.0,1.0,66.4,34.0,14.0,0.4,2.0,1.0,469.0,534.0,0.9,18.0,43.0,0.4,41.0,27.0,0.7,7.0,11.0,16.0,0.7,3.0,22.0,22.0,Pisa,11.0,3.0,0.0,2.0,5.0,5.0,33.6,8.0,3.0,0.4,0.0,0.0,215.0,274.0,0.8,4.0,18.0,0.2,44.0,18.0,0.4,3.0,11.0,23.0,0.5,19.0,39.0,39.0,737001,2026-01-23 19:45:00,2026
Como,9.0,0.0,0.0,1.0,2.0,1.0,58.8,17.0,7.0,0.4,2.0,1.0,472.0,554.0,0.9,2.0,10.0,0.2,34.0,14.0,0.4,4.0,4.0,6.0,0.7,8.0,16.0,16.0,Torino,15.0,1.0,0.0,7.0,1.0,1.0,41.2,7.0,1.0,0.1,0.0,0.0,295.0,372.0,0.8,4.0,13.0,0.3,46.0,20.0,0.4,1.0,1.0,8.0,0.1,1.0,10.0,10.0,736995,2026-01-24 14:00:00,2026
Fiorentina,11.0,2.0,0.0,1.0,8.0,4.0,69.8,15.0,3.0,0.2,0.0,0.0,547.0,613.0,0.9,7.0,39.0,0.2,34.0,19.0,0.6,6.0,4.0,10.0,0.4,7.0,7.0,7.0,Cagliari,17.0,3.0,0.0,1.0,3.0,2.0,30.2,10.0,6.0,0.6,0.0,0.0,204.0,272.0,0.8,3.0,7.0,0.4,54.0,22.0,0.4,3.0,11.0,14.0,0.8,17.0,41.0,41.0,736996,2026-01-24 17:00:00,2026
Lecce,16.0,2.0,0.0,0.0,4.0,1.0,38.9,15.0,2.0,0.1,0.0,0.0,271.0,343.0,0.8,5.0,17.0,0.3,47.0,18.0,0.4,7.0,20.0,24.0,0.8,9.0,22.0,22.0,Lazio,6.0,1.0,0.0,0.0,1.0,2.0,61.1,6.0,1.0,0.2,0.0,0.0,474.0,559.0,0.8,0.0,10.0,0.0,36.0,12.0,0.3,3.0,9.0,12.0,0.8,4.0,17.0,17.0,736999,2026-01-24 19:45:00,2026
Sassuolo,13.0,1.0,0.0,4.0,3.0,4.0,45.3,13.0,7.0,0.5,0.0,0.0,311.0,377.0,0.8,3.0,6.0,0.5,50.0,20.0,0.4,1.0,7.0,12.0,0.6,10.0,30.0,30.0,Cremonese,14.0,2.0,0.0,3.0,5.0,6.0,54.7,10.0,4.0,0.4,0.0,0.0,358.0,444.0,0.8,1.0,25.0,0.0,57.0,21.0,0.4,4.0,12.0,20.0,0.6,6.0,12.0,12.0,736998,2026-01-25 11:30:00,2026
Atalanta,14.0,1.0,0.0,2.0,6.0,2.0,48.3,21.0,9.0,0.4,2.0,1.0,365.0,429.0,0.9,4.0,23.0,0.2,50.0,27.0,0.5,9.0,4.0,10.0,0.4,14.0,30.0,30.0,Parma,8.0,0.0,0.0,0.0,9.0,4.0,51.7,15.0,2.0,0.1,0.0,0.0,375.0,457.0,0.8,7.0,26.0,0.3,48.0,19.0,0.4,5.0,9.0,14.0,0.6,6.0,24.0,24.0,736994,2026-01-25 14:00:00,2026
Genoa,14.0,2.0,0.0,1.0,5.0,2.0,48.6,8.0,6.0,0.8,0.0,0.0,252.0,330.0,0.8,4.0,24.0,0.2,57.0,23.0,0.4,1.0,7.0,9.0,0.8,4.0,21.0,21.0,Bologna,17.0,2.0,1.0,2.0,2.0,3.0,51.4,13.0,3.0,0.2,0.0,0.0,279.0,358.0,0.8,8.0,16.0,0.5,71.0,23.0,0.3,6.0,6.0,12.0,0.5,5.0,34.0,34.0,736997,2026-01-25 14:00:00,2026
Juventus,21.0,1.0,0.0,1.0,2.0,1.0,42.1,12.0,6.0,0.5,0.0,0.0,374.0,446.0,0.8,1.0,12.0,0.1,50.0,22.0,0.4,3.0,17.0,26.0,0.7,9.0,15.0,15.0,Napoli,11.0,2.0,0.0,1.0,2.0,2.0,57.9,9.0,1.0,0.1,0.0,0.0,544.0,612.0,0.9,0.0,12.0,0.0,24.0,9.0,0.4,4.0,7.0,11.0,0.6,9.0,18.0,18.0,737000,2026-01-25 17:00:00,2026
AS Roma,15.0,0.0,0.0,1.0,5.0,1.0,57.9,15.0,7.0,0.5,2.0,1.0,511.0,586.0,0.9,5.0,27.0,0.2,41.0,25.0,0.6,5.0,6.0,12.0,0.5,10.0,12.0,12.0,AC Milan,11.0,4.0,0.0,1.0,3.0,6.0,42.1,5.0,2.0,0.4,0.0,0.0,359.0,434.0,0.8,2.0,11.0,0.2,47.0,19.0,0.4,1.0,9.0,21.0,0.4,9.0,26.0,26.0,737003,2026-01-25 19:45:00,2026
Hellas Verona,8.0,2.0,0.0,1.0,3.0,4.0,52.7,7.0,4.0,0.6,0.0,0.0,340.0,434.0,0.8,2.0,12.0,0.2,62.0,15.0,0.2,2.0,12.0,25.0,0.5,9.0,23.0,23.0,Udinese,11.0,0.0,0.0,2.0,8.0,3.0,47.3,20.0,7.0,0.4,0.0,0.0,322.0,383.0,0.8,3.0,18.0,0.2,36.0,14.0,0.4,7.0,13.0,17.0,0.8,10.0,27.0,27.0,737002,2026-01-26 19:45:00,2026
Lazio,12.0,2.0,0.0,2.0,5.0,2.0,54.9,14.0,4.0,0.3,4.0,2.0,454.0,521.0,0.9,3.0,11.0,0.3,36.0,18.0,0.5,5.0,8.0,9.0,0.9,6.0,18.0,18.0,Genoa,12.0,3.0,0.0,1.0,3.0,2.0,45.1,16.0,4.0,0.3,2.0,1.0,359.0,412.0,0.9,5.0,22.0,0.2,38.0,20.0,0.5,9.0,10.0,13.0,0.8,6.0,20.0,20.0,737013,2026-01-30 19:45:00,2026
Pisa,13.0,3.0,0.0,4.0,2.0,4.0,53.9,15.0,6.0,0.4,0.0,0.0,354.0,443.0,0.8,4.0,18.0,0.2,57.0,31.0,0.5,2.0,7.0,18.0,0.4,9.0,31.0,31.0,Sassuolo,8.0,3.0,0.0,1.0,5.0,4.0,46.1,21.0,5.0,0.2,0.0,0.0,293.0,371.0,0.8,7.0,20.0,0.4,58.0,29.0,0.5,6.0,11.0,16.0,0.7,8.0,33.0,33.0,737005,2026-01-31 14:00:00,2026
Napoli,21.0,1.0,0.0,0.0,4.0,4.0,53.1,19.0,6.0,0.3,0.0,0.0,423.0,482.0,0.9,2.0,10.0,0.2,54.0,28.0,0.5,7.0,4.0,8.0,0.5,3.0,21.0,21.0,Fiorentina,13.0,1.0,0.0,2.0,4.0,4.0,46.9,15.0,5.0,0.3,0.0,0.0,358.0,419.0,0.9,8.0,14.0,0.6,47.0,25.0,0.5,2.0,6.0,8.0,0.8,5.0,25.0,25.0,737007,2026-01-31 17:00:00,2026
Cagliari,9.0,0.0,0.0,3.0,6.0,2.0,62.1,13.0,7.0,0.5,0.0,0.0,536.0,622.0,0.9,4.0,12.0,0.3,57.0,26.0,0.5,4.0,7.0,13.0,0.5,5.0,29.0,29.0,Hellas Verona,14.0,0.0,1.0,0.0,3.0,3.0,37.9,9.0,3.0,0.3,0.0,0.0,298.0,381.0,0.8,1.0,10.0,0.1,42.0,17.0,0.4,3.0,7.0,16.0,0.4,9.0,17.0,17.0,737011,2026-01-31 19:45:00,2026
Torino,14.0,2.0,0.0,4.0,3.0,2.0,42.0,17.0,5.0,0.3,0.0,0.0,240.0,323.0,0.7,4.0,12.0,0.3,59.0,26.0,0.4,5.0,15.0,30.0,0.5,8.0,43.0,43.0,Lecce,12.0,2.0,0.0,1.0,8.0,3.0,58.0,14.0,2.0,0.1,0.0,0.0,343.0,435.0,0.8,5.0,31.0,0.2,64.0,27.0,0.4,7.0,5.0,13.0,0.4,2.0,15.0,15.0,737004,2026-02-01 11:30:00,2026
Como,9.0,4.0,0.0,1.0,7.0,2.0,79.3,28.0,9.0,0.3,0.0,1.0,698.0,765.0,0.9,11.0,28.0,0.4,35.0,22.0,0.6,7.0,5.0,8.0,0.6,6.0,17.0,17.0,Atalanta,11.0,3.0,1.0,2.0,1.0,9.0,20.7,6.0,2.0,0.3,0.0,0.0,121.0,194.0,0.6,2.0,9.0,0.2,55.0,14.0,0.3,2.0,17.0,23.0,0.7,9.0,37.0,37.0,737010,2026-02-01 14:00:00,2026
Cremonese,19.0,3.0,0.0,1.0,1.0,2.0,31.2,9.0,3.0,0.3,0.0,0.0,202.0,283.0,0.7,4.0,13.0,0.3,60.0,29.0,0.5,3.0,6.0,15.0,0.4,4.0,32.0,32.0,Internazionale,14.0,0.0,0.0,1.0,6.0,3.0,68.8,15.0,4.0,0.3,0.0,0.0,561.0,638.0,0.9,8.0,24.0,0.3,44.0,24.0,0.5,6.0,5.0,8.0,0.6,4.0,26.0,26.0,737009,2026-02-01 17:00:00,2026
Parma,10.0,1.0,0.0,1.0,5.0,3.0,39.4,10.0,4.0,0.4,0.0,0.0,303.0,361.0,0.8,2.0,19.0,0.1,27.0,14.0,0.5,3.0,7.0,9.0,0.8,14.0,22.0,22.0,Juventus,13.0,3.0,0.0,2.0,3.0,4.0,60.6,15.0,8.0,0.5,0.0,0.0,489.0,567.0,0.9,5.0,16.0,0.3,42.0,25.0,0.6,3.0,8.0,17.0,0.5,8.0,16.0,16.0,737006,2026-02-01 19:45:00,2026
Udinese,18.0,5.0,0.0,0.0,4.0,3.0,36.1,7.0,4.0,0.6,0.0,0.0,224.0,294.0,0.8,1.0,4.0,0.3,45.0,16.0,0.4,0.0,11.0,24.0,0.5,12.0,34.0,34.0,AS Roma,17.0,4.0,0.0,2.0,7.0,3.0,63.9,10.0,3.0,0.3,0.0,0.0,439.0,507.0,0.9,5.0,23.0,0.2,57.0,32.0,0.6,5.0,12.0,18.0,0.7,16.0,19.0,19.0,737008,2026-02-02 19:45:00,2026
Bologna,14.0,3.0,0.0,0.0,5.0,4.0,54.2,13.0,2.0,0.2,0.0,0.0,430.0,491.0,0.9,10.0,26.0,0.4,64.0,50.0,0.8,2.0,7.0,18.0,0.4,7.0,11.0,11.0,AC Milan,10.0,0.0,0.0,1.0,0.0,2.0,45.8,10.0,7.0,0.7,2.0,1.0,361.0,429.0,0.8,4.0,6.0,0.7,49.0,24.0,0.5,1.0,6.0,14.0,0.4,7.0,28.0,28.0,737012,2026-02-03 19:45:00,2026
Hellas Verona,13.0,1.0,0.0,0.0,8.0,3.0,61.0,3.0,0.0,0.0,0.0,0.0,358.0,464.0,0.8,0.0,18.0,0.0,59.0,17.0,0.3,0.0,4.0,8.0,0.5,5.0,39.0,39.0,Pisa,16.0,2.0,0.0,1.0,4.0,0.0,39.0,11.0,3.0,0.3,0.0,0.0,195.0,294.0,0.7,4.0,16.0,0.3,69.0,24.0,0.3,3.0,4.0,9.0,0.4,9.0,45.0,45.0,737018,2026-02-06 19:45:00,2026
Genoa,16.0,2.0,0.0,1.0,4.0,2.0,40.0,12.0,3.0,0.3,2.0,1.0,250.0,313.0,0.8,5.0,27.0,0.2,47.0,20.0,0.4,1.0,12.0,25.0,0.5,6.0,12.0,12.0,Napoli,12.0,1.0,1.0,1.0,3.0,1.0,60.0,14.0,5.0,0.4,2.0,1.0,421.0,501.0,0.8,2.0,8.0,0.3,59.0,31.0,0.5,2.0,10.0,15.0,0.7,6.0,32.0,32.0,737019,2026-02-07 17:00:00,2026
Fiorentina,6.0,2.0,0.0,3.0,9.0,2.0,54.6,21.0,5.0,0.2,0.0,0.0,437.0,502.0,0.9,7.0,25.0,0.3,42.0,24.0,0.6,6.0,4.0,6.0,0.7,4.0,25.0,25.0,Torino,23.0,5.0,0.0,1.0,4.0,3.0,45.4,12.0,4.0,0.3,0.0,0.0,352.0,418.0,0.8,6.0,17.0,0.4,53.0,32.0,0.6,6.0,7.0,13.0,0.5,5.0,34.0,34.0,737020,2026-02-07 19:45:00,2026
Bologna,10.0,1.0,1.0,3.0,4.0,0.0,51.6,16.0,2.0,0.1,0.0,0.0,321.0,392.0,0.8,10.0,32.0,0.3,66.0,32.0,0.5,5.0,8.0,11.0,0.7,5.0,19.0,19.0,Parma,14.0,1.0,1.0,4.0,5.0,3.0,48.4,5.0,1.0,0.2,0.0,0.0,315.0,376.0,0.8,3.0,19.0,0.2,45.0,26.0,0.6,3.0,6.0,9.0,0.7,7.0,22.0,22.0,737021,2026-02-08 11:30:00,2026
Lecce,9.0,1.0,0.0,3.0,7.0,0.0,53.7,16.0,5.0,0.3,0.0,0.0,268.0,377.0,0.7,8.0,28.0,0.3,73.0,22.0,0.3,6.0,12.0,17.0,0.7,5.0,26.0,26.0,Udinese,21.0,2.0,0.0,2.0,0.0,3.0,46.3,6.0,1.0,0.2,2.0,1.0,236.0,339.0,0.7,0.0,8.0,0.0,66.0,17.0,0.3,1.0,12.0,16.0,0.8,7.0,34.0,34.0,737016,2026-02-08 14:00:00,2026
Sassuolo,6.0,1.0,1.0,3.0,5.0,4.0,37.9,7.0,2.0,0.3,0.0,0.0,265.0,320.0,0.8,2.0,10.0,0.2,44.0,23.0,0.5,3.0,4.0,6.0,0.7,2.0,22.0,22.0,Internazionale,10.0,1.0,0.0,1.0,6.0,1.0,62.1,23.0,11.0,0.5,0.0,0.0,478.0,530.0,0.9,4.0,13.0,0.3,28.0,10.0,0.4,6.0,9.0,13.0,0.7,4.0,16.0,16.0,737023,2026-02-08 17:00:00,2026
Juventus,10.0,0.0,0.0,7.0,8.0,0.0,62.9,34.0,8.0,0.2,0.0,0.0,558.0,630.0,0.9,11.0,37.0,0.3,34.0,16.0,0.5,13.0,14.0,23.0,0.6,7.0,8.0,8.0,Lazio,4.0,2.0,0.0,1.0,1.0,6.0,37.1,9.0,2.0,0.2,0.0,0.0,316.0,389.0,0.8,1.0,2.0,0.5,56.0,21.0,0.4,2.0,20.0,24.0,0.8,8.0,33.0,33.0,737017,2026-02-08 19:45:00,2026
Atalanta,11.0,2.0,0.0,3.0,13.0,1.0,56.3,29.0,9.0,0.3,0.0,0.0,401.0,487.0,0.8,11.0,32.0,0.3,54.0,31.0,0.6,10.0,8.0,10.0,0.8,5.0,25.0,25.0,Cremonese,11.0,0.0,0.0,3.0,2.0,7.0,43.7,12.0,2.0,0.2,0.0,0.0,296.0,388.0,0.8,6.0,17.0,0.4,76.0,33.0,0.4,3.0,4.0,8.0,0.5,11.0,36.0,36.0,737022,2026-02-09 17:30:00,2026
AS Roma,18.0,2.0,0.0,3.0,7.0,1.0,52.5,15.0,5.0,0.3,0.0,0.0,429.0,505.0,0.9,7.0,26.0,0.3,45.0,25.0,0.6,4.0,5.0,10.0,0.5,12.0,7.0,7.0,Cagliari,14.0,4.0,0.0,0.0,1.0,3.0,47.5,3.0,1.0,0.3,0.0,0.0,379.0,475.0,0.8,0.0,5.0,0.0,55.0,13.0,0.2,0.0,9.0,14.0,0.6,15.0,26.0,26.0,737014,2026-02-09 19:45:00,2026
Pisa,14.0,1.0,0.0,1.0,3.0,0.0,33.7,7.0,2.0,0.3,0.0,0.0,267.0,338.0,0.8,2.0,17.0,0.1,46.0,15.0,0.3,2.0,9.0,12.0,0.8,12.0,18.0,18.0,AC Milan,9.0,1.0,1.0,2.0,1.0,1.0,66.3,7.0,2.0,0.3,0.0,1.0,612.0,681.0,0.9,3.0,17.0,0.2,60.0,39.0,0.7,1.0,10.0,15.0,0.7,3.0,20.0,20.0,737028,2026-02-13 19:45:00,2026
Como,14.0,2.0,1.0,3.0,4.0,1.0,67.0,16.0,3.0,0.2,0.0,0.0,506.0,568.0,0.9,7.0,24.0,0.3,17.0,7.0,0.4,3.0,12.0,19.0,0.6,4.0,13.0,13.0,Fiorentina,12.0,2.0,0.0,2.0,2.0,3.0,33.0,7.0,3.0,0.4,2.0,1.0,214.0,280.0,0.8,1.0,8.0,0.1,55.0,11.0,0.2,2.0,5.0,6.0,0.8,10.0,17.0,17.0,737025,2026-02-14 14:00:00,2026
Lazio,10.0,1.0,0.0,3.0,5.0,2.0,49.9,18.0,5.0,0.3,0.0,0.0,414.0,478.0,0.9,8.0,25.0,0.3,44.0,30.0,0.7,6.0,13.0,16.0,0.8,8.0,9.0,9.0,Atalanta,16.0,4.0,0.0,1.0,4.0,6.0,50.1,12.0,5.0,0.4,2.0,1.0,443.0,494.0,0.9,1.0,7.0,0.1,56.0,33.0,0.6,3.0,5.0,10.0,0.5,5.0,22.0,22.0,737031,2026-02-14 17:00:00,2026
Internazionale,15.0,4.0,0.0,1.0,4.0,6.0,59.9,21.0,9.0,0.4,0.0,0.0,541.0,599.0,0.9,8.0,26.0,0.3,34.0,19.0,0.6,5.0,9.0,15.0,0.6,8.0,17.0,17.0,Juventus,7.0,0.0,1.0,1.0,1.0,5.0,40.1,10.0,8.0,0.8,0.0,0.0,333.0,403.0,0.8,5.0,12.0,0.4,42.0,13.0,0.3,0.0,8.0,15.0,0.5,8.0,17.0,17.0,737032,2026-02-14 19:45:00,2026
Udinese,14.0,3.0,0.0,1.0,7.0,1.0,50.6,8.0,2.0,0.3,0.0,0.0,313.0,379.0,0.8,5.0,20.0,0.3,48.0,23.0,0.5,3.0,14.0,22.0,0.6,4.0,15.0,15.0,Sassuolo,14.0,3.0,0.0,4.0,6.0,2.0,49.4,10.0,3.0,0.3,0.0,0.0,317.0,368.0,0.9,5.0,15.0,0.3,41.0,18.0,0.4,3.0,9.0,17.0,0.5,6.0,33.0,33.0,737026,2026-02-15 11:30:00,2026
Parma,7.0,2.0,0.0,2.0,12.0,0.0,75.8,27.0,8.0,0.3,0.0,0.0,535.0,599.0,0.9,7.0,47.0,0.1,44.0,24.0,0.5,9.0,6.0,12.0,0.5,5.0,7.0,7.0,Hellas Verona,14.0,1.0,1.0,0.0,1.0,5.0,24.2,4.0,1.0,0.3,2.0,1.0,131.0,201.0,0.7,2.0,4.0,0.5,53.0,19.0,0.4,1.0,13.0,16.0,0.8,4.0,49.0,49.0,737029,2026-02-15 14:00:00,2026
Cremonese,10.0,2.0,0.0,0.0,6.0,6.0,34.6,19.0,8.0,0.4,0.0,0.0,181.0,259.0,0.7,11.0,26.0,0.4,62.0,35.0,0.6,7.0,6.0,18.0,0.3,5.0,34.0,34.0,Genoa,12.0,0.0,0.0,1.0,11.0,8.0,65.4,19.0,6.0,0.3,0.0,0.0,458.0,516.0,0.9,7.0,25.0,0.3,28.0,11.0,0.4,6.0,13.0,16.0,0.8,3.0,34.0,34.0,737033,2026-02-15 14:00:00,2026
Torino,14.0,3.0,0.0,2.0,4.0,5.0,46.8,7.0,2.0,0.3,0.0,0.0,304.0,385.0,0.8,4.0,13.0,0.3,53.0,21.0,0.4,4.0,7.0,13.0,0.5,9.0,22.0,22.0,Bologna,10.0,1.0,0.0,1.0,2.0,1.0,53.2,15.0,7.0,0.5,0.0,0.0,371.0,448.0,0.8,2.0,6.0,0.3,62.0,30.0,0.5,2.0,5.0,6.0,0.8,6.0,20.0,20.0,737027,2026-02-15 17:00:00,2026
Napoli,14.0,1.0,0.0,1.0,2.0,0.0,61.4,11.0,7.0,0.6,0.0,0.0,503.0,590.0,0.9,2.0,11.0,0.2,42.0,14.0,0.3,3.0,14.0,18.0,0.8,3.0,9.0,9.0,AS Roma,14.0,1.0,0.0,2.0,1.0,5.0,38.6,9.0,2.0,0.2,2.0,1.0,300.0,358.0,0.8,7.0,15.0,0.5,37.0,12.0,0.3,3.0,11.0,14.0,0.8,11.0,35.0,35.0,737030,2026-02-15 19:45:00,2026
Cagliari,16.0,0.0,0.0,0.0,8.0,2.0,59.3,11.0,0.0,0.0,0.0,0.0,346.0,440.0,0.8,5.0,26.0,0.2,44.0,17.0,0.4,3.0,10.0,20.0,0.5,7.0,25.0,25.0,Lecce,14.0,0.0,0.0,0.0,2.0,0.0,40.7,13.0,4.0,0.3,0.0,0.0,217.0,301.0,0.7,4.0,19.0,0.2,58.0,24.0,0.4,6.0,12.0,21.0,0.6,8.0,33.0,33.0,737024,2026-02-16 19:45:00,2026
AC Milan,11.0,2.0,0.0,5.0,4.0,3.0,53.7,6.0,4.0,0.7,0.0,0.0,461.0,509.0,0.9,4.0,17.0,0.2,35.0,21.0,0.6,0.0,12.0,27.0,0.4,8.0,8.0,8.0,Como,12.0,3.0,0.0,1.0,4.0,3.0,46.3,10.0,4.0,0.4,0.0,0.0,401.0,443.0,0.9,5.0,9.0,0.6,25.0,13.0,0.5,3.0,11.0,15.0,0.7,7.0,14.0,14.0,737015,2026-02-18 19:45:00,2026
Sassuolo,12.0,2.0,0.0,1.0,6.0,1.0,47.2,8.0,4.0,0.5,0.0,1.0,368.0,426.0,0.9,5.0,16.0,0.3,38.0,16.0,0.4,1.0,8.0,13.0,0.6,9.0,36.0,36.0,Hellas Verona,14.0,1.0,1.0,2.0,5.0,1.0,52.8,12.0,1.0,0.1,0.0,0.0,407.0,473.0,0.9,3.0,25.0,0.1,52.0,28.0,0.5,6.0,9.0,12.0,0.8,13.0,14.0,14.0,737038,2026-02-20 19:45:00,2026
Juventus,10.0,1.0,0.0,4.0,7.0,0.0,51.8,11.0,3.0,0.3,0.0,0.0,412.0,481.0,0.9,3.0,20.0,0.2,40.0,24.0,0.6,2.0,7.0,16.0,0.4,2.0,11.0,11.0,Como,15.0,0.0,0.0,0.0,2.0,3.0,48.2,11.0,2.0,0.2,0.0,0.0,392.0,456.0,0.9,3.0,7.0,0.4,57.0,25.0,0.4,2.0,5.0,13.0,0.4,6.0,24.0,24.0,737043,2026-02-21 14:00:00,2026
Lecce,10.0,1.0,0.0,3.0,2.0,6.0,32.1,3.0,0.0,0.0,0.0,0.0,211.0,285.0,0.7,1.0,10.0,0.1,64.0,28.0,0.4,0.0,9.0,16.0,0.6,5.0,49.0,49.0,Internazionale,8.0,2.0,0.0,3.0,10.0,0.0,67.9,24.0,9.0,0.4,0.0,0.0,511.0,592.0,0.9,10.0,32.0,0.3,35.0,10.0,0.3,5.0,11.0,23.0,0.5,4.0,14.0,14.0,737037,2026-02-21 17:00:00,2026
Cagliari,12.0,1.0,1.0,2.0,3.0,3.0,41.7,11.0,2.0,0.2,0.0,0.0,396.0,460.0,0.9,5.0,10.0,0.5,35.0,17.0,0.5,1.0,8.0,15.0,0.5,5.0,16.0,16.0,Lazio,15.0,2.0,0.0,0.0,6.0,2.0,58.3,10.0,3.0,0.3,0.0,0.0,587.0,646.0,0.9,4.0,16.0,0.3,34.0,21.0,0.6,3.0,7.0,13.0,0.5,7.0,5.0,5.0,737041,2026-02-21 19:45:00,2026
Genoa,9.0,0.0,0.0,0.0,1.0,2.0,62.0,16.0,5.0,0.3,0.0,0.0,560.0,632.0,0.9,3.0,14.0,0.2,42.0,20.0,0.5,6.0,10.0,18.0,0.6,6.0,22.0,22.0,Torino,14.0,1.0,1.0,1.0,3.0,2.0,38.0,7.0,3.0,0.4,0.0,0.0,303.0,380.0,0.8,1.0,13.0,0.1,53.0,22.0,0.4,1.0,9.0,18.0,0.5,15.0,16.0,16.0,737039,2026-02-22 11:30:00,2026
Atalanta,10.0,1.0,0.0,1.0,6.0,3.0,56.6,10.0,7.0,0.7,0.0,0.0,435.0,521.0,0.8,4.0,22.0,0.2,64.0,26.0,0.4,1.0,15.0,17.0,0.9,12.0,21.0,21.0,Napoli,9.0,1.0,0.0,2.0,1.0,5.0,43.4,10.0,4.0,0.4,0.0,0.0,320.0,405.0,0.8,1.0,11.0,0.1,41.0,12.0,0.3,2.0,12.0,21.0,0.6,11.0,27.0,27.0,737034,2026-02-22 14:00:00,2026
AC Milan,13.0,2.0,0.0,1.0,5.0,2.0,66.7,25.0,6.0,0.2,0.0,0.0,578.0,626.0,0.9,14.0,42.0,0.3,28.0,19.0,0.7,9.0,5.0,10.0,0.5,12.0,11.0,11.0,Parma,10.0,1.0,0.0,1.0,2.0,5.0,33.3,9.0,3.0,0.3,0.0,0.0,252.0,315.0,0.8,3.0,14.0,0.2,54.0,18.0,0.3,3.0,6.0,17.0,0.4,9.0,34.0,34.0,737036,2026-02-22 17:00:00,2026
AS Roma,12.0,1.0,0.0,0.0,9.0,0.0,58.2,23.0,5.0,0.2,0.0,0.0,412.0,487.0,0.8,8.0,30.0,0.3,43.0,18.0,0.4,6.0,6.0,12.0,0.5,6.0,19.0,19.0,Cremonese,11.0,1.0,0.0,3.0,1.0,2.0,41.8,2.0,0.0,0.0,0.0,0.0,267.0,362.0,0.7,1.0,10.0,0.1,66.0,28.0,0.4,0.0,7.0,16.0,0.4,8.0,31.0,31.0,737035,2026-02-22 19:45:00,2026
Fiorentina,8.0,3.0,0.0,0.0,4.0,1.0,56.4,15.0,5.0,0.3,0.0,0.0,484.0,537.0,0.9,1.0,24.0,0.0,34.0,18.0,0.5,4.0,7.0,9.0,0.8,4.0,18.0,18.0,Pisa,19.0,3.0,0.0,2.0,3.0,4.0,43.6,7.0,1.0,0.1,0.0,0.0,350.0,402.0,0.9,3.0,20.0,0.2,37.0,19.0,0.5,1.0,7.0,13.0,0.5,6.0,24.0,24.0,737040,2026-02-23 17:30:00,2026
Bologna,10.0,1.0,0.0,3.0,4.0,3.0,46.0,11.0,6.0,0.5,2.0,1.0,262.0,341.0,0.8,3.0,10.0,0.3,49.0,20.0,0.4,2.0,18.0,34.0,0.5,11.0,33.0,33.0,Udinese,13.0,1.0,0.0,3.0,7.0,4.0,54.0,10.0,3.0,0.3,0.0,0.0,320.0,398.0,0.8,2.0,13.0,0.2,53.0,24.0,0.5,4.0,8.0,14.0,0.6,12.0,19.0,19.0,737042,2026-02-23 19:45:00,2026
Parma,14.0,2.0,0.0,0.0,6.0,4.0,55.7,18.0,4.0,0.2,0.0,0.0,429.0,494.0,0.9,7.0,21.0,0.3,37.0,13.0,0.4,8.0,5.0,9.0,0.6,6.0,14.0,14.0,Cagliari,8.0,4.0,0.0,2.0,3.0,3.0,44.3,11.0,5.0,0.5,0.0,0.0,333.0,397.0,0.8,0.0,11.0,0.0,43.0,20.0,0.5,3.0,10.0,15.0,0.7,10.0,25.0,25.0,737053,2026-02-27 19:45:00,2026
Como,15.0,0.0,0.0,1.0,5.0,1.0,69.0,12.0,7.0,0.6,0.0,0.0,527.0,607.0,0.9,4.0,16.0,0.3,48.0,26.0,0.5,2.0,5.0,12.0,0.4,7.0,20.0,20.0,Lecce,12.0,1.0,0.0,2.0,1.0,3.0,31.0,5.0,2.0,0.4,0.0,0.0,197.0,271.0,0.7,1.0,11.0,0.1,62.0,26.0,0.4,2.0,8.0,12.0,0.7,14.0,25.0,25.0,737052,2026-02-28 14:00:00,2026
Hellas Verona,11.0,3.0,0.0,1.0,2.0,3.0,35.3,8.0,2.0,0.3,0.0,0.0,247.0,322.0,0.8,3.0,11.0,0.3,71.0,31.0,0.4,3.0,11.0,22.0,0.5,8.0,28.0,28.0,Napoli,11.0,4.0,0.0,2.0,5.0,1.0,64.7,8.0,5.0,0.6,0.0,0.0,518.0,596.0,0.9,0.0,16.0,0.0,47.0,28.0,0.6,0.0,5.0,7.0,0.7,3.0,20.0,20.0,737050,2026-02-28 17:00:00,2026
Internazionale,13.0,2.0,0.0,2.0,10.0,3.0,56.0,14.0,6.0,0.4,2.0,1.0,477.0,544.0,0.9,5.0,24.0,0.2,40.0,21.0,0.5,6.0,11.0,23.0,0.5,11.0,14.0,14.0,Genoa,8.0,1.0,0.0,1.0,2.0,4.0,44.0,6.0,2.0,0.3,0.0,0.0,371.0,432.0,0.9,3.0,12.0,0.3,30.0,13.0,0.4,1.0,14.0,21.0,0.7,13.0,21.0,21.0,737049,2026-02-28 19:45:00,2026
Cremonese,14.0,2.0,0.0,2.0,6.0,4.0,46.5,15.0,3.0,0.2,0.0,0.0,300.0,366.0,0.8,7.0,34.0,0.2,54.0,25.0,0.5,5.0,9.0,16.0,0.6,7.0,25.0,25.0,AC Milan,10.0,0.0,0.0,3.0,7.0,3.0,53.5,20.0,6.0,0.3,0.0,0.0,374.0,435.0,0.9,5.0,21.0,0.2,37.0,20.0,0.5,5.0,5.0,14.0,0.4,10.0,32.0,32.0,737051,2026-03-01 11:30:00,2026
Sassuolo,3.0,2.0,1.0,1.0,3.0,6.0,23.9,7.0,5.0,0.7,0.0,0.0,144.0,208.0,0.7,5.0,7.0,0.7,46.0,17.0,0.4,1.0,15.0,18.0,0.8,11.0,41.0,41.0,Atalanta,13.0,2.0,0.0,4.0,9.0,3.0,76.1,26.0,7.0,0.3,0.0,0.0,603.0,656.0,0.9,12.0,42.0,0.3,27.0,22.0,0.8,8.0,9.0,15.0,0.6,8.0,7.0,7.0,737045,2026-03-01 14:00:00,2026
Torino,13.0,4.0,0.0,0.0,6.0,2.0,44.6,13.0,5.0,0.4,0.0,0.0,403.0,468.0,0.9,6.0,20.0,0.3,46.0,23.0,0.5,5.0,8.0,18.0,0.4,10.0,29.0,29.0,Lazio,5.0,1.0,0.0,2.0,9.0,3.0,55.4,12.0,3.0,0.3,0.0,0.0,515.0,588.0,0.9,4.0,20.0,0.2,38.0,23.0,0.6,5.0,7.0,16.0,0.4,7.0,16.0,16.0,737044,2026-03-01 17:00:00,2026
AS Roma,7.0,1.0,0.0,2.0,4.0,2.0,46.5,11.0,5.0,0.5,0.0,0.0,341.0,417.0,0.8,3.0,20.0,0.2,56.0,24.0,0.4,2.0,10.0,24.0,0.4,18.0,26.0,26.0,Juventus,12.0,0.0,0.0,0.0,1.0,2.0,53.5,13.0,5.0,0.4,0.0,0.0,403.0,490.0,0.8,4.0,15.0,0.3,41.0,16.0,0.4,2.0,10.0,16.0,0.6,2.0,15.0,15.0,737046,2026-03-01 19:45:00,2026
Pisa,15.0,0.0,0.0,5.0,7.0,0.0,40.6,6.0,3.0,0.5,0.0,0.0,226.0,327.0,0.7,2.0,19.0,0.1,68.0,35.0,0.5,3.0,14.0,23.0,0.6,7.0,14.0,14.0,Bologna,12.0,2.0,0.0,2.0,4.0,2.0,59.4,8.0,1.0,0.1,0.0,0.0,408.0,491.0,0.8,3.0,16.0,0.2,70.0,47.0,0.7,2.0,2.0,5.0,0.4,9.0,38.0,38.0,737047,2026-03-02 17:30:00,2026
Udinese,16.0,1.0,0.0,0.0,5.0,0.0,35.0,10.0,7.0,0.7,2.0,1.0,238.0,299.0,0.8,4.0,11.0,0.4,44.0,21.0,0.5,2.0,16.0,22.0,0.7,10.0,30.0,30.0,Fiorentina,12.0,4.0,0.0,0.0,2.0,4.0,65.0,10.0,0.0,0.0,0.0,0.0,488.0,556.0,0.9,7.0,18.0,0.4,49.0,26.0,0.5,4.0,9.0,14.0,0.6,9.0,17.0,17.0,737048,2026-03-02 19:45:00,2026
Napoli,9.0,0.0,0.0,1.0,11.0,3.0,64.1,14.0,9.0,0.6,0.0,0.0,542.0,621.0,0.9,6.0,14.0,0.4,43.0,15.0,0.3,2.0,6.0,10.0,0.6,6.0,16.0,16.0,Torino,11.0,3.0,0.0,1.0,2.0,7.0,35.9,7.0,4.0,0.6,0.0,0.0,272.0,346.0,0.8,1.0,9.0,0.1,63.0,27.0,0.4,3.0,10.0,19.0,0.5,13.0,16.0,16.0,737063,2026-03-06 19:45:00,2026
Cagliari,17.0,3.0,0.0,7.0,2.0,0.0,43.1,8.0,3.0,0.4,0.0,0.0,283.0,364.0,0.8,3.0,18.0,0.2,52.0,21.0,0.4,4.0,10.0,17.0,0.6,12.0,24.0,24.0,Como,18.0,1.0,0.0,2.0,3.0,2.0,56.9,8.0,2.0,0.3,0.0,0.0,407.0,493.0,0.8,2.0,12.0,0.2,56.0,25.0,0.4,3.0,16.0,28.0,0.6,11.0,28.0,28.0,737060,2026-03-07 14:00:00,2026
Atalanta,7.0,1.0,0.0,0.0,12.0,0.0,67.8,22.0,4.0,0.2,0.0,0.0,506.0,601.0,0.8,8.0,37.0,0.2,62.0,30.0,0.5,5.0,14.0,20.0,0.7,3.0,9.0,9.0,Udinese,10.0,2.0,0.0,0.0,3.0,2.0,32.2,8.0,2.0,0.3,0.0,0.0,217.0,290.0,0.7,1.0,10.0,0.1,58.0,23.0,0.4,2.0,10.0,12.0,0.8,7.0,56.0,56.0,737062,2026-03-07 17:00:00,2026
Juventus,7.0,1.0,0.0,0.0,4.0,2.0,59.5,25.0,7.0,0.3,0.0,0.0,481.0,550.0,0.9,1.0,11.0,0.1,36.0,20.0,0.6,9.0,11.0,12.0,0.9,11.0,25.0,25.0,Pisa,7.0,3.0,0.0,0.0,4.0,3.0,40.5,7.0,2.0,0.3,0.0,0.0,290.0,364.0,0.8,4.0,19.0,0.2,51.0,25.0,0.5,4.0,8.0,16.0,0.5,13.0,19.0,19.0,737057,2026-03-07 19:45:00,2026
Lecce,19.0,1.0,0.0,3.0,4.0,4.0,41.2,9.0,3.0,0.3,2.0,1.0,177.0,258.0,0.7,3.0,15.0,0.2,59.0,26.0,0.4,3.0,9.0,13.0,0.7,11.0,60.0,60.0,Cremonese,27.0,4.0,1.0,2.0,4.0,1.0,58.8,10.0,5.0,0.5,0.0,0.0,250.0,355.0,0.7,4.0,28.0,0.1,73.0,31.0,0.4,2.0,13.0,20.0,0.7,4.0,21.0,21.0,737055,2026-03-08 11:30:00,2026
Fiorentina,12.0,2.0,0.0,1.0,7.0,0.0,56.1,12.0,1.0,0.1,0.0,0.0,445.0,501.0,0.9,6.0,36.0,0.2,31.0,17.0,0.5,5.0,7.0,13.0,0.5,6.0,19.0,19.0,Parma,14.0,0.0,0.0,0.0,1.0,1.0,43.9,8.0,0.0,0.0,0.0,0.0,328.0,404.0,0.8,3.0,11.0,0.3,59.0,29.0,0.5,2.0,9.0,15.0,0.6,4.0,29.0,29.0,737059,2026-03-08 14:00:00,2026
Bologna,5.0,1.0,0.0,1.0,5.0,2.0,67.4,19.0,2.0,0.1,0.0,0.0,390.0,476.0,0.8,3.0,17.0,0.2,79.0,45.0,0.6,7.0,3.0,8.0,0.4,11.0,23.0,23.0,Hellas Verona,20.0,2.0,0.0,4.0,3.0,1.0,32.6,15.0,5.0,0.3,0.0,0.0,138.0,222.0,0.6,6.0,17.0,0.4,58.0,11.0,0.2,3.0,13.0,28.0,0.5,13.0,34.0,34.0,737061,2026-03-08 14:00:00,2026
Genoa,11.0,1.0,0.0,1.0,3.0,0.0,35.6,11.0,5.0,0.5,2.0,1.0,154.0,254.0,0.6,4.0,14.0,0.3,56.0,17.0,0.3,1.0,10.0,14.0,0.7,16.0,32.0,32.0,AS Roma,17.0,3.0,0.0,5.0,6.0,3.0,64.4,8.0,1.0,0.1,0.0,0.0,347.0,455.0,0.8,8.0,23.0,0.3,66.0,21.0,0.3,5.0,3.0,7.0,0.4,7.0,28.0,28.0,737058,2026-03-08 17:00:00,2026
AC Milan,8.0,2.0,0.0,2.0,1.0,2.0,37.2,9.0,2.0,0.2,0.0,0.0,327.0,382.0,0.9,2.0,6.0,0.3,40.0,19.0,0.5,1.0,8.0,15.0,0.5,7.0,33.0,33.0,Internazionale,12.0,2.0,0.0,1.0,6.0,1.0,62.8,11.0,2.0,0.2,0.0,0.0,569.0,630.0,0.9,5.0,31.0,0.2,44.0,29.0,0.7,4.0,6.0,12.0,0.5,8.0,12.0,12.0,737054,2026-03-08 19:45:00,2026
Lazio,7.0,0.0,0.0,2.0,1.0,3.0,50.2,13.0,5.0,0.4,0.0,0.0,472.0,531.0,0.9,4.0,15.0,0.3,38.0,23.0,0.6,2.0,4.0,5.0,0.8,4.0,30.0,30.0,Sassuolo,8.0,4.0,0.0,3.0,6.0,3.0,49.8,7.0,4.0,0.6,0.0,0.0,457.0,525.0,0.9,3.0,17.0,0.2,50.0,17.0,0.3,2.0,8.0,15.0,0.5,5.0,21.0,21.0,737056,2026-03-09 19:45:00,2026
Torino,17.0,1.0,0.0,4.0,2.0,2.0,49.9,15.0,6.0,0.4,0.0,0.0,325.0,388.0,0.8,3.0,12.0,0.3,50.0,32.0,0.6,2.0,9.0,12.0,0.8,10.0,28.0,28.0,Parma,13.0,3.0,0.0,3.0,7.0,3.0,50.1,6.0,3.0,0.5,0.0,0.0,322.0,389.0,0.8,3.0,14.0,0.2,52.0,29.0,0.6,1.0,3.0,6.0,0.5,6.0,23.0,23.0,737067,2026-03-13 19:45:00,2026
Internazionale,11.0,2.0,0.0,3.0,2.0,2.0,57.5,16.0,3.0,0.2,0.0,0.0,575.0,653.0,0.9,7.0,16.0,0.4,36.0,17.0,0.5,3.0,14.0,19.0,0.7,8.0,27.0,27.0,Atalanta,5.0,2.0,0.0,2.0,3.0,2.0,42.5,8.0,3.0,0.4,0.0,0.0,400.0,470.0,0.9,1.0,22.0,0.0,57.0,29.0,0.5,0.0,9.0,13.0,0.7,10.0,15.0,15.0,737072,2026-03-14 14:00:00,2026
Napoli,11.0,0.0,0.0,0.0,7.0,1.0,69.9,12.0,4.0,0.3,0.0,0.0,528.0,601.0,0.9,3.0,18.0,0.2,31.0,19.0,0.6,2.0,9.0,18.0,0.5,7.0,17.0,17.0,Lecce,7.0,1.0,0.0,0.0,7.0,2.0,30.1,12.0,2.0,0.2,0.0,0.0,185.0,246.0,0.8,6.0,22.0,0.3,45.0,17.0,0.4,4.0,16.0,20.0,0.8,5.0,24.0,24.0,737070,2026-03-14 17:00:00,2026
Udinese,12.0,3.0,0.0,0.0,2.0,7.0,44.6,10.0,2.0,0.2,0.0,0.0,341.0,401.0,0.9,0.0,10.0,0.0,56.0,28.0,0.5,1.0,4.0,7.0,0.6,10.0,28.0,28.0,Juventus,14.0,1.0,0.0,3.0,6.0,2.0,55.4,22.0,8.0,0.4,0.0,0.0,418.0,484.0,0.9,6.0,22.0,0.3,51.0,31.0,0.6,5.0,10.0,17.0,0.6,6.0,10.0,10.0,737066,2026-03-14 19:45:00,2026
Hellas Verona,22.0,2.0,0.0,3.0,4.0,1.0,42.2,8.0,1.0,0.1,0.0,0.0,232.0,302.0,0.8,5.0,18.0,0.3,41.0,18.0,0.4,3.0,9.0,16.0,0.6,8.0,40.0,40.0,Genoa,9.0,1.0,0.0,1.0,2.0,1.0,57.8,11.0,3.0,0.3,0.0,0.0,350.0,430.0,0.8,2.0,13.0,0.2,62.0,28.0,0.5,5.0,10.0,16.0,0.6,6.0,26.0,26.0,737073,2026-03-15 11:30:00,2026
Sassuolo,16.0,1.0,0.0,1.0,7.0,2.0,54.5,9.0,3.0,0.3,0.0,0.0,344.0,422.0,0.8,4.0,16.0,0.3,53.0,19.0,0.4,2.0,4.0,10.0,0.4,3.0,16.0,16.0,Bologna,11.0,2.0,0.0,2.0,4.0,3.0,45.5,16.0,3.0,0.2,0.0,0.0,273.0,355.0,0.8,3.0,13.0,0.2,72.0,29.0,0.4,5.0,9.0,20.0,0.5,6.0,29.0,29.0,737068,2026-03-15 14:00:00,2026
Pisa,14.0,1.0,1.0,1.0,1.0,3.0,28.3,10.0,6.0,0.6,2.0,1.0,156.0,226.0,0.7,4.0,8.0,0.5,58.0,22.0,0.4,2.0,4.0,15.0,0.3,8.0,23.0,23.0,Cagliari,16.0,2.0,1.0,1.0,5.0,3.0,71.7,14.0,4.0,0.3,0.0,0.0,500.0,572.0,0.9,8.0,24.0,0.3,34.0,15.0,0.4,4.0,7.0,10.0,0.7,3.0,11.0,11.0,737069,2026-03-15 14:00:00,2026
Como,16.0,2.0,0.0,0.0,7.0,0.0,66.4,22.0,7.0,0.3,0.0,0.0,477.0,549.0,0.9,4.0,19.0,0.2,51.0,26.0,0.5,8.0,4.0,7.0,0.6,4.0,16.0,16.0,AS Roma,18.0,1.0,1.0,1.0,1.0,5.0,33.6,3.0,1.0,0.3,2.0,1.0,202.0,276.0,0.7,1.0,6.0,0.2,51.0,14.0,0.3,1.0,8.0,20.0,0.4,7.0,41.0,41.0,737064,2026-03-15 17:00:00,2026
Lazio,7.0,4.0,0.0,3.0,1.0,3.0,41.2,7.0,2.0,0.3,0.0,0.0,344.0,406.0,0.8,1.0,11.0,0.1,52.0,25.0,0.5,3.0,13.0,16.0,0.8,11.0,38.0,38.0,AC Milan,19.0,1.0,0.0,4.0,9.0,2.0,58.8,17.0,3.0,0.2,0.0,0.0,501.0,561.0,0.9,9.0,33.0,0.3,38.0,25.0,0.7,6.0,10.0,15.0,0.7,8.0,16.0,16.0,737071,2026-03-15 19:45:00,2026
Cremonese,17.0,1.0,0.0,0.0,4.0,2.0,47.9,13.0,3.0,0.2,0.0,0.0,282.0,350.0,0.8,9.0,36.0,0.3,57.0,29.0,0.5,2.0,9.0,14.0,0.6,3.0,23.0,23.0,Fiorentina,16.0,0.0,0.0,2.0,6.0,2.0,52.1,13.0,6.0,0.5,0.0,0.0,335.0,398.0,0.8,4.0,17.0,0.2,48.0,23.0,0.5,4.0,2.0,4.0,0.5,7.0,39.0,39.0,737065,2026-03-16 19:45:00,2026
Cagliari,12.0,2.0,0.0,0.0,2.0,4.0,32.8,7.0,0.0,0.0,0.0,0.0,256.0,324.0,0.8,1.0,15.0,0.1,61.0,29.0,0.5,0.0,10.0,17.0,0.6,8.0,23.0,23.0,Napoli,16.0,2.0,0.0,2.0,7.0,0.0,67.2,17.0,5.0,0.3,0.0,0.0,613.0,682.0,0.9,2.0,14.0,0.1,39.0,18.0,0.5,8.0,5.0,9.0,0.6,3.0,24.0,24.0,737081,2026-03-20 17:30:00,2026
Genoa,5.0,1.0,0.0,1.0,7.0,2.0,62.4,18.0,2.0,0.1,0.0,0.0,374.0,450.0,0.8,8.0,30.0,0.3,54.0,26.0,0.5,5.0,8.0,18.0,0.4,7.0,7.0,7.0,Udinese,13.0,5.0,0.0,1.0,1.0,2.0,37.6,6.0,4.0,0.7,0.0,0.0,208.0,283.0,0.7,3.0,7.0,0.4,42.0,12.0,0.3,1.0,8.0,13.0,0.6,8.0,49.0,49.0,737083,2026-03-20 19:45:00,2026
Parma,20.0,3.0,0.0,0.0,3.0,2.0,51.6,8.0,1.0,0.1,0.0,0.0,318.0,398.0,0.8,6.0,20.0,0.3,46.0,17.0,0.4,3.0,2.0,7.0,0.3,4.0,15.0,15.0,Cremonese,15.0,3.0,0.0,3.0,1.0,1.0,48.4,7.0,4.0,0.6,0.0,0.0,319.0,387.0,0.8,2.0,9.0,0.2,72.0,29.0,0.4,1.0,13.0,20.0,0.7,4.0,36.0,36.0,737075,2026-03-21 14:00:00,2026
AC Milan,9.0,3.0,0.0,1.0,4.0,5.0,63.0,15.0,6.0,0.4,0.0,0.0,501.0,565.0,0.9,3.0,17.0,0.2,39.0,22.0,0.6,6.0,5.0,8.0,0.6,8.0,21.0,21.0,Torino,10.0,2.0,0.0,2.0,6.0,3.0,37.0,19.0,7.0,0.4,2.0,1.0,265.0,315.0,0.8,10.0,29.0,0.3,34.0,11.0,0.3,3.0,8.0,14.0,0.6,14.0,25.0,25.0,737076,2026-03-21 17:00:00,2026
Juventus,7.0,1.0,0.0,1.0,9.0,0.0,65.6,18.0,8.0,0.4,0.0,1.0,494.0,570.0,0.9,8.0,25.0,0.3,44.0,24.0,0.5,4.0,11.0,17.0,0.6,4.0,9.0,9.0,Sassuolo,7.0,2.0,0.0,0.0,4.0,7.0,34.4,7.0,1.0,0.1,0.0,0.0,239.0,300.0,0.8,4.0,9.0,0.4,42.0,22.0,0.5,4.0,8.0,15.0,0.5,10.0,41.0,41.0,737077,2026-03-21 19:45:00,2026
Como,5.0,0.0,0.0,2.0,7.0,0.0,72.6,14.0,7.0,0.5,0.0,0.0,632.0,679.0,0.9,5.0,20.0,0.3,30.0,20.0,0.7,1.0,14.0,21.0,0.7,7.0,24.0,24.0,Pisa,6.0,2.0,0.0,3.0,1.0,2.0,27.4,7.0,0.0,0.0,0.0,0.0,197.0,248.0,0.8,1.0,14.0,0.1,35.0,17.0,0.5,4.0,15.0,24.0,0.6,8.0,19.0,19.0,737080,2026-03-22 11:30:00,2026
Bologna,13.0,1.0,0.0,3.0,2.0,3.0,53.6,15.0,4.0,0.3,0.0,1.0,528.0,585.0,0.9,5.0,17.0,0.3,49.0,25.0,0.5,2.0,8.0,14.0,0.6,8.0,18.0,18.0,Lazio,8.0,1.0,0.0,1.0,1.0,3.0,46.4,9.0,5.0,0.6,0.0,0.0,435.0,511.0,0.9,0.0,8.0,0.0,63.0,28.0,0.4,3.0,6.0,9.0,0.7,8.0,26.0,26.0,737082,2026-03-22 14:00:00,2026
Atalanta,12.0,1.0,0.0,0.0,2.0,3.0,59.8,11.0,3.0,0.3,0.0,0.0,445.0,533.0,0.8,5.0,12.0,0.4,67.0,35.0,0.5,1.0,10.0,17.0,0.6,10.0,26.0,26.0,Hellas Verona,16.0,3.0,0.0,1.0,4.0,1.0,40.2,12.0,3.0,0.3,0.0,0.0,276.0,353.0,0.8,6.0,15.0,0.4,45.0,15.0,0.3,2.0,12.0,18.0,0.7,9.0,29.0,29.0,737074,2026-03-22 14:00:00,2026
AS Roma,14.0,2.0,0.0,5.0,10.0,2.0,67.1,14.0,2.0,0.1,0.0,0.0,472.0,577.0,0.8,7.0,23.0,0.3,48.0,15.0,0.3,5.0,5.0,8.0,0.6,11.0,16.0,16.0,Lecce,17.0,2.0,0.0,0.0,2.0,1.0,32.9,8.0,3.0,0.4,0.0,0.0,182.0,279.0,0.7,2.0,14.0,0.1,64.0,18.0,0.3,2.0,13.0,28.0,0.5,15.0,39.0,39.0,737078,2026-03-22 17:00:00,2026
Fiorentina,16.0,3.0,0.0,5.0,3.0,3.0,40.0,16.0,6.0,0.4,0.0,0.0,320.0,383.0,0.8,1.0,17.0,0.1,51.0,23.0,0.5,3.0,2.0,4.0,0.5,9.0,31.0,31.0,Internazionale,12.0,3.0,0.0,1.0,5.0,5.0,60.0,12.0,4.0,0.3,0.0,0.0,497.0,577.0,0.9,9.0,22.0,0.4,60.0,29.0,0.5,5.0,8.0,16.0,0.5,5.0,20.0,20.0,737079,2026-03-22 19:45:00,2026
Sassuolo,14.0,2.0,0.0,2.0,2.0,2.0,49.6,9.0,2.0,0.2,0.0,0.0,365.0,434.0,0.8,1.0,8.0,0.1,37.0,13.0,0.4,2.0,6.0,15.0,0.4,5.0,16.0,16.0,Cagliari,11.0,0.0,0.0,1.0,2.0,0.0,50.4,11.0,3.0,0.3,2.0,1.0,364.0,440.0,0.8,3.0,13.0,0.2,37.0,16.0,0.4,3.0,11.0,19.0,0.6,4.0,11.0,11.0,737084,2026-04-04 13:00:00,2026
Hellas Verona,15.0,3.0,1.0,1.0,9.0,0.0,49.4,21.0,8.0,0.4,0.0,0.0,325.0,397.0,0.8,6.0,28.0,0.2,46.0,19.0,0.4,3.0,12.0,16.0,0.8,10.0,16.0,16.0,Fiorentina,7.0,1.0,1.0,0.0,1.0,8.0,50.6,5.0,1.0,0.2,0.0,0.0,351.0,431.0,0.8,0.0,3.0,0.0,52.0,20.0,0.4,2.0,5.0,14.0,0.4,3.0,28.0,28.0,737091,2026-04-04 16:00:00,2026
Lazio,12.0,1.0,0.0,0.0,7.0,3.0,60.9,7.0,3.0,0.4,0.0,0.0,534.0,576.0,0.9,4.0,31.0,0.1,33.0,25.0,0.8,1.0,2.0,9.0,0.2,8.0,8.0,8.0,Parma,8.0,2.0,0.0,1.0,2.0,2.0,39.1,7.0,4.0,0.6,0.0,0.0,324.0,381.0,0.9,3.0,6.0,0.5,41.0,20.0,0.5,2.0,7.0,11.0,0.6,2.0,30.0,30.0,737093,2026-04-04 18:45:00,2026
Cremonese,15.0,2.0,1.0,0.0,2.0,5.0,37.2,9.0,3.0,0.3,2.0,1.0,266.0,339.0,0.8,3.0,14.0,0.2,48.0,22.0,0.5,2.0,9.0,13.0,0.7,5.0,15.0,15.0,Bologna,15.0,1.0,1.0,3.0,4.0,2.0,62.8,14.0,7.0,0.5,0.0,0.0,527.0,588.0,0.9,2.0,9.0,0.2,60.0,34.0,0.6,2.0,5.0,9.0,0.6,7.0,19.0,19.0,737092,2026-04-05 13:00:00,2026
Pisa,12.0,1.0,0.0,0.0,1.0,1.0,49.9,7.0,1.0,0.1,0.0,0.0,328.0,419.0,0.8,4.0,24.0,0.2,52.0,25.0,0.5,1.0,13.0,19.0,0.7,11.0,22.0,22.0,Torino,12.0,0.0,0.0,1.0,2.0,1.0,50.1,13.0,2.0,0.2,0.0,0.0,342.0,428.0,0.8,4.0,14.0,0.3,74.0,30.0,0.4,3.0,4.0,15.0,0.3,6.0,53.0,53.0,737085,2026-04-05 16:00:00,2026
Internazionale,11.0,0.0,0.0,1.0,7.0,1.0,55.6,17.0,9.0,0.5,0.0,0.0,437.0,508.0,0.9,5.0,20.0,0.3,50.0,20.0,0.4,4.0,13.0,22.0,0.6,11.0,17.0,17.0,AS Roma,10.0,1.0,0.0,1.0,4.0,4.0,44.4,9.0,3.0,0.3,0.0,0.0,342.0,405.0,0.8,7.0,16.0,0.4,43.0,20.0,0.5,1.0,7.0,13.0,0.5,9.0,24.0,24.0,737090,2026-04-05 18:45:00,2026
Udinese,10.0,2.0,0.0,3.0,6.0,4.0,48.9,14.0,4.0,0.3,0.0,0.0,366.0,423.0,0.9,3.0,13.0,0.2,38.0,14.0,0.4,9.0,11.0,15.0,0.7,6.0,15.0,15.0,Como,12.0,3.0,0.0,2.0,2.0,4.0,51.1,12.0,4.0,0.3,0.0,0.0,380.0,446.0,0.9,3.0,9.0,0.3,40.0,23.0,0.6,4.0,16.0,32.0,0.5,9.0,16.0,16.0,737088,2026-04-06 10:30:00,2026
Lecce,10.0,0.0,0.0,2.0,2.0,3.0,42.2,11.0,0.0,0.0,0.0,0.0,263.0,324.0,0.8,3.0,20.0,0.2,48.0,26.0,0.5,5.0,9.0,13.0,0.7,9.0,26.0,26.0,Atalanta,18.0,2.0,0.0,5.0,5.0,0.0,57.8,16.0,6.0,0.4,0.0,0.0,374.0,456.0,0.8,4.0,10.0,0.4,49.0,21.0,0.4,4.0,8.0,16.0,0.5,7.0,17.0,17.0,737087,2026-04-06 13:00:00,2026
Juventus,10.0,4.0,0.0,0.0,5.0,3.0,61.7,16.0,5.0,0.3,0.0,0.0,521.0,579.0,0.9,5.0,16.0,0.3,66.0,40.0,0.6,3.0,10.0,13.0,0.8,7.0,19.0,19.0,Genoa,8.0,1.0,0.0,0.0,5.0,3.0,38.3,12.0,3.0,0.3,0.0,1.0,295.0,354.0,0.8,3.0,15.0,0.2,40.0,18.0,0.5,7.0,15.0,22.0,0.7,9.0,20.0,20.0,737089,2026-04-06 16:00:00,2026
Napoli,7.0,2.0,0.0,5.0,4.0,1.0,52.5,10.0,3.0,0.3,0.0,0.0,469.0,522.0,0.9,2.0,13.0,0.2,34.0,17.0,0.5,1.0,2.0,7.0,0.3,8.0,12.0,12.0,AC Milan,6.0,0.0,0.0,2.0,3.0,2.0,47.5,7.0,1.0,0.1,0.0,0.0,396.0,466.0,0.9,7.0,17.0,0.4,41.0,22.0,0.5,0.0,8.0,11.0,0.7,9.0,19.0,19.0,737086,2026-04-06 18:45:00,2026
AS Roma,11.0,1.0,0.0,0.0,1.0,5.0,59.2,8.0,3.0,0.4,0.0,0.0,513.0,591.0,0.9,1.0,14.0,0.1,52.0,31.0,0.6,2.0,9.0,15.0,0.6,10.0,27.0,27.0,Pisa,12.0,1.0,0.0,3.0,3.0,0.0,40.8,9.0,5.0,0.6,0.0,0.0,313.0,412.0,0.8,2.0,11.0,0.2,56.0,16.0,0.3,1.0,11.0,18.0,0.6,10.0,17.0,17.0,737094,2026-04-10 18:45:00,2026
Cagliari,9.0,1.0,0.0,1.0,6.0,2.0,34.7,17.0,5.0,0.3,0.0,0.0,187.0,253.0,0.7,7.0,16.0,0.4,52.0,22.0,0.4,5.0,8.0,16.0,0.5,9.0,13.0,13.0,Cremonese,17.0,1.0,0.0,1.0,5.0,4.0,65.3,5.0,2.0,0.4,0.0,0.0,429.0,504.0,0.9,4.0,17.0,0.2,54.0,28.0,0.5,1.0,7.0,11.0,0.6,5.0,22.0,22.0,737100,2026-04-11 13:00:00,2026
Torino,13.0,1.0,0.0,2.0,3.0,3.0,46.4,11.0,2.0,0.2,0.0,0.0,265.0,358.0,0.7,2.0,8.0,0.3,57.0,27.0,0.5,2.0,8.0,12.0,0.7,7.0,39.0,39.0,Hellas Verona,17.0,4.0,0.0,1.0,6.0,0.0,53.6,18.0,4.0,0.2,0.0,0.0,307.0,396.0,0.8,6.0,27.0,0.2,58.0,16.0,0.3,8.0,11.0,16.0,0.7,10.0,15.0,15.0,737103,2026-04-11 13:00:00,2026
AC Milan,9.0,1.0,0.0,0.0,4.0,4.0,63.3,20.0,3.0,0.2,0.0,0.0,493.0,558.0,0.9,7.0,20.0,0.4,31.0,14.0,0.5,9.0,10.0,22.0,0.5,6.0,21.0,21.0,Udinese,14.0,1.0,0.0,0.0,3.0,3.0,36.7,12.0,6.0,0.5,0.0,0.0,269.0,326.0,0.8,3.0,11.0,0.3,43.0,22.0,0.5,2.0,17.0,21.0,0.8,16.0,23.0,23.0,737096,2026-04-11 16:00:00,2026
Atalanta,7.0,1.0,0.0,3.0,13.0,1.0,55.6,22.0,3.0,0.1,0.0,0.0,441.0,513.0,0.9,8.0,24.0,0.3,40.0,17.0,0.4,8.0,8.0,12.0,0.7,9.0,11.0,11.0,Juventus,11.0,3.0,0.0,1.0,2.0,3.0,44.4,7.0,2.0,0.3,0.0,0.0,342.0,419.0,0.8,0.0,6.0,0.0,58.0,20.0,0.3,2.0,11.0,22.0,0.5,7.0,36.0,36.0,737102,2026-04-11 18:45:00,2026
Genoa,9.0,2.0,1.0,1.0,5.0,5.0,51.7,14.0,7.0,0.5,0.0,0.0,378.0,440.0,0.9,3.0,15.0,0.2,46.0,29.0,0.6,3.0,8.0,15.0,0.5,9.0,12.0,12.0,Sassuolo,14.0,3.0,1.0,1.0,3.0,5.0,48.3,15.0,6.0,0.4,0.0,0.0,349.0,411.0,0.8,6.0,11.0,0.5,39.0,17.0,0.4,2.0,7.0,13.0,0.5,9.0,20.0,20.0,737097,2026-04-12 10:30:00,2026
Parma,4.0,1.0,0.0,2.0,3.0,4.0,25.5,3.0,2.0,0.7,0.0,0.0,178.0,246.0,0.7,1.0,7.0,0.1,53.0,15.0,0.3,1.0,9.0,15.0,0.6,7.0,40.0,40.0,Napoli,8.0,0.0,0.0,2.0,7.0,1.0,74.5,20.0,6.0,0.3,0.0,0.0,657.0,715.0,0.9,11.0,37.0,0.3,29.0,21.0,0.7,8.0,6.0,14.0,0.4,6.0,14.0,14.0,737095,2026-04-12 13:00:00,2026
Bologna,15.0,0.0,0.0,4.0,8.0,1.0,64.4,12.0,4.0,0.3,0.0,0.0,418.0,493.0,0.8,3.0,22.0,0.1,68.0,35.0,0.5,3.0,9.0,12.0,0.8,10.0,27.0,27.0,Lecce,19.0,2.0,0.0,0.0,7.0,2.0,35.6,6.0,1.0,0.2,0.0,0.0,191.0,267.0,0.7,2.0,17.0,0.1,60.0,28.0,0.5,2.0,7.0,11.0,0.6,9.0,33.0,33.0,737101,2026-04-12 16:00:00,2026
Como,12.0,3.0,0.0,2.0,1.0,2.0,60.0,24.0,8.0,0.3,2.0,1.0,421.0,485.0,0.9,5.0,18.0,0.3,46.0,23.0,0.5,7.0,6.0,7.0,0.9,6.0,7.0,7.0,Internazionale,17.0,7.0,0.0,4.0,1.0,5.0,40.0,7.0,5.0,0.7,0.0,0.0,261.0,325.0,0.8,3.0,9.0,0.3,47.0,17.0,0.4,1.0,10.0,17.0,0.6,10.0,23.0,23.0,737099,2026-04-12 18:45:00,2026
Fiorentina,10.0,3.0,0.0,0.0,5.0,6.0,34.4,8.0,2.0,0.3,0.0,0.0,291.0,350.0,0.8,6.0,14.0,0.4,52.0,28.0,0.5,2.0,7.0,13.0,0.5,4.0,25.0,25.0,Lazio,10.0,2.0,0.0,0.0,6.0,1.0,65.6,13.0,6.0,0.5,0.0,0.0,620.0,674.0,0.9,6.0,22.0,0.3,26.0,16.0,0.6,4.0,9.0,11.0,0.8,7.0,17.0,17.0,737098,2026-04-13 18:45:00,2026
Sassuolo,14.0,3.0,0.0,0.0,5.0,2.0,30.1,11.0,4.0,0.4,0.0,0.0,168.0,235.0,0.7,3.0,7.0,0.4,54.0,16.0,0.3,2.0,12.0,22.0,0.5,8.0,23.0,23.0,Como,11.0,3.0,0.0,0.0,8.0,2.0,69.9,12.0,3.0,0.3,0.0,0.0,483.0,528.0,0.9,5.0,43.0,0.1,27.0,20.0,0.7,5.0,10.0,22.0,0.5,6.0,15.0,15.0,737107,2026-04-17 16:30:00,2026
Internazionale,17.0,0.0,0.0,1.0,4.0,1.0,55.3,18.0,5.0,0.3,0.0,0.0,470.0,524.0,0.9,7.0,20.0,0.4,24.0,11.0,0.5,5.0,5.0,11.0,0.5,7.0,21.0,21.0,Cagliari,6.0,2.0,0.0,2.0,9.0,1.0,44.7,10.0,1.0,0.1,0.0,0.0,352.0,421.0,0.8,3.0,15.0,0.2,46.0,18.0,0.4,5.0,9.0,19.0,0.5,8.0,20.0,20.0,737113,2026-04-17 18:45:00,2026
Udinese,11.0,2.0,0.0,2.0,10.0,0.0,56.5,16.0,3.0,0.2,0.0,0.0,386.0,441.0,0.9,4.0,33.0,0.1,27.0,12.0,0.4,4.0,9.0,11.0,0.8,6.0,15.0,15.0,Parma,8.0,0.0,0.0,1.0,5.0,3.0,43.5,10.0,1.0,0.1,0.0,0.0,292.0,349.0,0.8,3.0,14.0,0.2,47.0,23.0,0.5,4.0,10.0,18.0,0.6,9.0,30.0,30.0,737106,2026-04-18 13:00:00,2026
Napoli,11.0,1.0,0.0,2.0,12.0,5.0,67.0,12.0,0.0,0.0,0.0,0.0,599.0,648.0,0.9,4.0,36.0,0.1,43.0,28.0,0.7,4.0,9.0,10.0,0.9,3.0,9.0,9.0,Lazio,9.0,3.0,0.0,0.0,0.0,0.0,33.0,14.0,7.0,0.5,0.0,1.0,274.0,334.0,0.8,0.0,1.0,0.0,40.0,19.0,0.5,1.0,6.0,10.0,0.6,8.0,39.0,39.0,737110,2026-04-18 16:00:00,2026
AS Roma,4.0,1.0,0.0,1.0,7.0,1.0,52.8,19.0,9.0,0.5,0.0,0.0,462.0,538.0,0.9,9.0,22.0,0.4,43.0,18.0,0.4,6.0,8.0,9.0,0.9,11.0,23.0,23.0,Atalanta,14.0,2.0,0.0,3.0,6.0,8.0,47.2,8.0,2.0,0.3,0.0,0.0,394.0,488.0,0.8,3.0,13.0,0.2,65.0,27.0,0.4,3.0,9.0,16.0,0.6,10.0,23.0,23.0,737108,2026-04-18 18:45:00,2026
Cremonese,11.0,0.0,0.0,0.0,6.0,1.0,64.6,14.0,4.0,0.3,0.0,0.0,415.0,493.0,0.8,4.0,29.0,0.1,59.0,25.0,0.4,5.0,7.0,12.0,0.6,7.0,20.0,20.0,Torino,12.0,3.0,0.0,1.0,1.0,4.0,35.4,4.0,1.0,0.3,0.0,0.0,214.0,278.0,0.8,0.0,7.0,0.0,51.0,16.0,0.3,1.0,5.0,8.0,0.6,6.0,43.0,43.0,737104,2026-04-19 10:30:00,2026
Hellas Verona,13.0,2.0,0.0,0.0,6.0,1.0,47.3,13.0,2.0,0.2,0.0,0.0,357.0,421.0,0.8,6.0,24.0,0.3,48.0,23.0,0.5,7.0,6.0,12.0,0.5,12.0,32.0,32.0,AC Milan,6.0,0.0,0.0,1.0,1.0,2.0,52.7,6.0,3.0,0.5,0.0,0.0,408.0,491.0,0.8,0.0,8.0,0.0,57.0,28.0,0.5,2.0,4.0,12.0,0.3,1.0,32.0,32.0,737105,2026-04-19 13:00:00,2026
Pisa,21.0,3.0,0.0,1.0,5.0,3.0,44.3,12.0,4.0,0.3,0.0,0.0,250.0,316.0,0.8,5.0,20.0,0.3,39.0,21.0,0.5,4.0,4.0,10.0,0.4,8.0,24.0,24.0,Genoa,16.0,1.0,0.0,1.0,5.0,3.0,55.7,13.0,5.0,0.4,2.0,1.0,327.0,405.0,0.8,3.0,14.0,0.2,66.0,28.0,0.4,5.0,10.0,20.0,0.5,3.0,28.0,28.0,737109,2026-04-19 16:00:00,2026
Juventus,10.0,1.0,0.0,4.0,6.0,1.0,55.2,14.0,4.0,0.3,0.0,0.0,413.0,487.0,0.8,4.0,15.0,0.3,54.0,23.0,0.4,6.0,11.0,15.0,0.7,8.0,7.0,7.0,Bologna,5.0,0.0,0.0,0.0,1.0,2.0,44.8,7.0,0.0,0.0,0.0,0.0,332.0,398.0,0.8,0.0,6.0,0.0,58.0,30.0,0.5,2.0,6.0,14.0,0.4,7.0,21.0,21.0,737112,2026-04-19 18:45:00,2026
Lecce,8.0,2.0,0.0,2.0,5.0,2.0,54.9,14.0,4.0,0.3,0.0,0.0,293.0,373.0,0.8,10.0,32.0,0.3,43.0,16.0,0.4,3.0,13.0,21.0,0.6,5.0,17.0,17.0,Fiorentina,13.0,3.0,0.0,1.0,2.0,2.0,45.1,5.0,3.0,0.6,0.0,0.0,253.0,327.0,0.8,2.0,5.0,0.4,51.0,15.0,0.3,0.0,10.0,18.0,0.6,6.0,49.0,49.0,737111,2026-04-20 18:45:00,2026
Napoli,7.0,0.0,0.0,2.0,7.0,5.0,56.3,25.0,9.0,0.4,0.0,1.0,509.0,573.0,0.9,5.0,12.0,0.4,41.0,23.0,0.6,6.0,6.0,14.0,0.4,7.0,16.0,16.0,Cremonese,11.0,0.0,0.0,0.0,5.0,6.0,43.7,7.0,4.0,0.6,0.0,0.0,365.0,434.0,0.8,4.0,20.0,0.2,45.0,19.0,0.4,2.0,7.0,12.0,0.6,8.0,22.0,22.0,737116,2026-04-24 18:45:00,2026
Parma,10.0,1.0,0.0,0.0,7.0,3.0,50.8,15.0,5.0,0.3,0.0,0.0,345.0,405.0,0.9,3.0,17.0,0.2,35.0,12.0,0.3,7.0,6.0,10.0,0.6,5.0,24.0,24.0,Pisa,19.0,2.0,0.0,3.0,4.0,4.0,49.2,12.0,3.0,0.3,0.0,0.0,337.0,392.0,0.9,3.0,13.0,0.2,47.0,21.0,0.4,2.0,9.0,13.0,0.7,9.0,13.0,13.0,737115,2026-04-25 13:00:00,2026
Bologna,10.0,0.0,0.0,2.0,7.0,0.0,60.3,10.0,2.0,0.2,0.0,0.0,424.0,522.0,0.8,2.0,20.0,0.1,48.0,11.0,0.2,4.0,10.0,14.0,0.7,7.0,13.0,13.0,AS Roma,16.0,3.0,0.0,3.0,7.0,2.0,39.7,7.0,2.0,0.3,0.0,0.0,250.0,342.0,0.7,4.0,12.0,0.3,53.0,13.0,0.2,3.0,8.0,12.0,0.7,12.0,24.0,24.0,737114,2026-04-25 16:00:00,2026
Hellas Verona,15.0,2.0,0.0,3.0,2.0,2.0,46.2,6.0,3.0,0.5,0.0,0.0,233.0,328.0,0.7,5.0,17.0,0.3,80.0,36.0,0.5,2.0,22.0,32.0,0.7,6.0,40.0,40.0,Lecce,19.0,5.0,0.0,1.0,4.0,3.0,53.8,12.0,2.0,0.2,0.0,0.0,285.0,388.0,0.7,4.0,15.0,0.3,75.0,31.0,0.4,5.0,10.0,20.0,0.5,8.0,25.0,25.0,737119,2026-04-25 18:45:00,2026
Fiorentina,13.0,2.0,0.0,1.0,7.0,2.0,48.7,22.0,5.0,0.2,0.0,0.0,374.0,428.0,0.9,7.0,26.0,0.3,36.0,20.0,0.6,5.0,11.0,16.0,0.7,3.0,14.0,14.0,Sassuolo,12.0,1.0,0.0,1.0,4.0,5.0,51.3,11.0,1.0,0.1,0.0,0.0,408.0,469.0,0.9,4.0,8.0,0.5,39.0,17.0,0.4,5.0,6.0,10.0,0.6,7.0,26.0,26.0,737121,2026-04-26 10:30:00,2026
Genoa,12.0,1.0,0.0,3.0,2.0,0.0,50.1,9.0,1.0,0.1,0.0,0.0,377.0,459.0,0.8,4.0,11.0,0.4,52.0,22.0,0.4,3.0,18.0,25.0,0.7,6.0,15.0,15.0,Como,15.0,3.0,0.0,3.0,3.0,1.0,49.9,8.0,2.0,0.3,0.0,0.0,387.0,455.0,0.9,3.0,9.0,0.3,58.0,31.0,0.5,2.0,15.0,18.0,0.8,9.0,13.0,13.0,737120,2026-04-26 13:00:00,2026
Torino,10.0,1.0,0.0,1.0,5.0,3.0,37.0,14.0,2.0,0.1,2.0,1.0,276.0,343.0,0.8,3.0,16.0,0.2,55.0,28.0,0.5,8.0,6.0,15.0,0.4,8.0,21.0,21.0,Internazionale,8.0,2.0,0.0,1.0,5.0,0.0,63.0,14.0,5.0,0.4,0.0,0.0,538.0,596.0,0.9,5.0,19.0,0.3,36.0,18.0,0.5,5.0,9.0,13.0,0.7,8.0,24.0,24.0,737118,2026-04-26 16:00:00,2026
AC Milan,12.0,2.0,0.0,0.0,1.0,5.0,46.9,8.0,1.0,0.1,0.0,0.0,392.0,454.0,0.9,3.0,4.0,0.8,53.0,29.0,0.5,2.0,11.0,15.0,0.7,10.0,15.0,15.0,Juventus,8.0,3.0,0.0,2.0,3.0,1.0,53.1,10.0,5.0,0.5,0.0,0.0,462.0,503.0,0.9,3.0,15.0,0.2,37.0,25.0,0.7,2.0,8.0,13.0,0.6,5.0,18.0,18.0,737117,2026-04-26 18:45:00,2026
Cagliari,8.0,0.0,0.0,0.0,4.0,5.0,26.5,9.0,4.0,0.4,0.0,0.0,177.0,263.0,0.7,2.0,10.0,0.2,55.0,16.0,0.3,2.0,12.0,16.0,0.8,16.0,38.0,38.0,Atalanta,11.0,0.0,0.0,3.0,6.0,1.0,73.5,12.0,6.0,0.5,0.0,0.0,639.0,737.0,0.9,3.0,18.0,0.2,47.0,23.0,0.5,3.0,8.0,16.0,0.5,18.0,24.0,24.0,737122,2026-04-27 16:30:00,2026
Lazio,17.0,3.0,0.0,1.0,4.0,4.0,47.0,13.0,5.0,0.4,0.0,0.0,402.0,458.0,0.9,5.0,8.0,0.6,41.0,21.0,0.5,2.0,11.0,13.0,0.8,3.0,18.0,18.0,Udinese,14.0,1.0,0.0,3.0,5.0,2.0,53.0,16.0,7.0,0.4,0.0,0.0,468.0,512.0,0.9,6.0,18.0,0.3,51.0,37.0,0.7,3.0,11.0,14.0,0.8,5.0,8.0,8.0,737123,2026-04-27 18:45:00,2026
Pisa,15.0,4.0,0.0,6.0,6.0,3.0,58.2,17.0,7.0,0.4,0.0,0.0,309.0,396.0,0.8,9.0,19.0,0.5,53.0,18.0,0.3,5.0,11.0,19.0,0.6,12.0,16.0,16.0,Lecce,13.0,2.0,0.0,2.0,1.0,6.0,41.8,7.0,4.0,0.6,0.0,0.0,203.0,285.0,0.7,1.0,15.0,0.1,39.0,9.0,0.2,1.0,5.0,13.0,0.4,6.0,31.0,31.0,737126,2026-05-01 18:45:00,2026
Udinese,11.0,1.0,0.0,2.0,5.0,1.0,52.9,19.0,8.0,0.4,0.0,0.0,391.0,455.0,0.9,7.0,10.0,0.7,46.0,25.0,0.5,7.0,14.0,21.0,0.7,6.0,24.0,24.0,Torino,18.0,1.0,0.0,2.0,2.0,6.0,47.1,9.0,1.0,0.1,0.0,0.0,330.0,388.0,0.9,5.0,25.0,0.2,46.0,22.0,0.5,3.0,9.0,16.0,0.6,7.0,11.0,11.0,737128,2026-05-02 13:00:00,2026
Como,11.0,1.0,0.0,1.0,3.0,1.0,57.0,16.0,5.0,0.3,0.0,0.0,466.0,508.0,0.9,5.0,15.0,0.3,38.0,23.0,0.6,3.0,12.0,14.0,0.9,7.0,10.0,10.0,Napoli,10.0,1.0,0.0,1.0,2.0,4.0,43.0,8.0,1.0,0.1,0.0,0.0,327.0,386.0,0.8,4.0,7.0,0.6,51.0,19.0,0.4,3.0,3.0,10.0,0.3,2.0,12.0,12.0,737130,2026-05-02 16:00:00,2026
Atalanta,14.0,2.0,0.0,1.0,6.0,2.0,60.2,21.0,7.0,0.3,0.0,0.0,382.0,474.0,0.8,5.0,21.0,0.2,47.0,21.0,0.4,6.0,9.0,16.0,0.6,14.0,17.0,17.0,Genoa,10.0,1.0,0.0,0.0,2.0,7.0,39.8,7.0,2.0,0.3,0.0,0.0,220.0,321.0,0.7,3.0,7.0,0.4,67.0,22.0,0.3,2.0,14.0,18.0,0.8,15.0,35.0,35.0,737132,2026-05-02 18:45:00,2026
Bologna,13.0,2.0,0.0,3.0,7.0,2.0,64.6,13.0,4.0,0.3,0.0,0.0,412.0,493.0,0.8,5.0,15.0,0.3,48.0,20.0,0.4,4.0,15.0,19.0,0.8,6.0,15.0,15.0,Cagliari,12.0,1.0,0.0,5.0,2.0,4.0,35.4,8.0,2.0,0.3,0.0,0.0,198.0,273.0,0.7,4.0,5.0,0.8,55.0,19.0,0.3,3.0,10.0,18.0,0.6,8.0,27.0,27.0,737131,2026-05-03 10:30:00,2026
Sassuolo,16.0,4.0,0.0,1.0,2.0,1.0,57.7,13.0,4.0,0.3,0.0,0.0,510.0,550.0,0.9,2.0,11.0,0.2,42.0,27.0,0.6,4.0,10.0,18.0,0.6,13.0,20.0,20.0,AC Milan,16.0,2.0,1.0,1.0,3.0,2.0,42.3,7.0,1.0,0.1,0.0,0.0,339.0,392.0,0.9,3.0,17.0,0.2,22.0,15.0,0.7,1.0,9.0,14.0,0.6,1.0,14.0,14.0,737124,2026-05-03 13:00:00,2026
Juventus,9.0,1.0,0.0,0.0,14.0,2.0,75.9,29.0,7.0,0.2,0.0,0.0,565.0,653.0,0.9,10.0,39.0,0.3,48.0,29.0,0.6,13.0,7.0,9.0,0.8,9.0,5.0,5.0,Hellas Verona,19.0,4.0,0.0,0.0,1.0,6.0,24.1,7.0,3.0,0.4,0.0,0.0,148.0,214.0,0.7,2.0,5.0,0.4,53.0,15.0,0.3,1.0,12.0,18.0,0.7,14.0,52.0,52.0,737127,2026-05-03 16:00:00,2026
Internazionale,9.0,1.0,0.0,0.0,8.0,0.0,58.5,12.0,5.0,0.4,0.0,0.0,536.0,584.0,0.9,7.0,32.0,0.2,34.0,21.0,0.6,2.0,5.0,11.0,0.5,1.0,11.0,11.0,Parma,7.0,0.0,0.0,3.0,3.0,3.0,41.5,4.0,0.0,0.0,0.0,0.0,374.0,422.0,0.9,3.0,10.0,0.3,46.0,25.0,0.5,1.0,10.0,14.0,0.7,3.0,25.0,25.0,737133,2026-05-03 18:45:00,2026
Cremonese,16.0,1.0,0.0,1.0,3.0,1.0,41.9,13.0,5.0,0.4,0.0,0.0,375.0,444.0,0.8,5.0,22.0,0.2,47.0,6.0,0.1,4.0,5.0,13.0,0.4,13.0,26.0,26.0,Lazio,13.0,2.0,0.0,4.0,3.0,4.0,58.1,8.0,3.0,0.4,0.0,0.0,568.0,630.0,0.9,9.0,14.0,0.6,41.0,22.0,0.5,1.0,2.0,4.0,0.5,6.0,27.0,27.0,737129,2026-05-04 16:30:00,2026
AS Roma,12.0,2.0,0.0,1.0,4.0,1.0,60.6,14.0,7.0,0.5,0.0,0.0,539.0,595.0,0.9,3.0,6.0,0.5,39.0,19.0,0.5,4.0,10.0,21.0,0.5,13.0,26.0,26.0,Fiorentina,10.0,2.0,0.0,0.0,5.0,3.0,39.4,4.0,1.0,0.3,0.0,0.0,311.0,373.0,0.8,2.0,18.0,0.1,46.0,18.0,0.4,0.0,9.0,14.0,0.6,9.0,12.0,12.0,737125,2026-05-04 18:45:00,2026
Torino,13.0,4.0,0.0,0.0,7.0,5.0,48.3,18.0,4.0,0.2,0.0,0.0,373.0,439.0,0.9,7.0,25.0,0.3,55.0,28.0,0.5,4.0,4.0,13.0,0.3,4.0,25.0,25.0,Sassuolo,9.0,2.0,0.0,0.0,5.0,2.0,51.7,13.0,7.0,0.5,0.0,0.0,420.0,482.0,0.9,1.0,14.0,0.1,50.0,33.0,0.7,3.0,6.0,10.0,0.6,10.0,28.0,28.0,737143,2026-05-08 18:45:00,2026
Cagliari,10.0,1.0,0.0,3.0,8.0,4.0,62.7,22.0,5.0,0.2,0.0,0.0,460.0,537.0,0.9,6.0,26.0,0.2,51.0,18.0,0.4,6.0,6.0,15.0,0.4,8.0,8.0,8.0,Udinese,13.0,1.0,0.0,3.0,4.0,3.0,37.3,9.0,6.0,0.7,0.0,0.0,251.0,329.0,0.8,0.0,7.0,0.0,56.0,29.0,0.5,1.0,10.0,14.0,0.7,4.0,38.0,38.0,737142,2026-05-09 13:00:00,2026
Lazio,10.0,2.0,1.0,0.0,5.0,2.0,41.5,9.0,5.0,0.6,0.0,0.0,404.0,450.0,0.9,3.0,10.0,0.3,35.0,24.0,0.7,1.0,5.0,6.0,0.8,5.0,15.0,15.0,Internazionale,8.0,1.0,0.0,1.0,1.0,4.0,58.5,14.0,5.0,0.4,0.0,0.0,593.0,640.0,0.9,1.0,8.0,0.1,19.0,8.0,0.4,3.0,8.0,14.0,0.6,7.0,10.0,10.0,737138,2026-05-09 16:00:00,2026
Lecce,7.0,1.0,0.0,2.0,1.0,5.0,34.9,8.0,3.0,0.4,0.0,0.0,197.0,270.0,0.7,1.0,8.0,0.1,60.0,25.0,0.4,0.0,13.0,20.0,0.7,11.0,34.0,34.0,Juventus,18.0,1.0,0.0,6.0,8.0,3.0,65.1,15.0,6.0,0.4,0.0,0.0,431.0,500.0,0.9,3.0,19.0,0.2,63.0,35.0,0.6,2.0,23.0,33.0,0.7,2.0,17.0,17.0,737137,2026-05-09 18:45:00,2026
Hellas Verona,17.0,1.0,0.0,3.0,7.0,3.0,36.2,11.0,3.0,0.3,0.0,0.0,202.0,277.0,0.7,6.0,19.0,0.3,55.0,21.0,0.4,3.0,13.0,21.0,0.6,15.0,27.0,27.0,Como,14.0,1.0,0.0,2.0,7.0,3.0,63.8,11.0,4.0,0.4,0.0,0.0,442.0,506.0,0.9,6.0,23.0,0.3,40.0,22.0,0.6,3.0,5.0,13.0,0.4,9.0,17.0,17.0,737139,2026-05-10 10:30:00,2026
Cremonese,10.0,0.0,0.0,1.0,7.0,0.0,76.9,10.0,6.0,0.6,0.0,0.0,685.0,736.0,0.9,3.0,29.0,0.1,37.0,19.0,0.5,0.0,6.0,12.0,0.5,5.0,14.0,14.0,Pisa,12.0,2.0,2.0,2.0,1.0,2.0,23.1,0.0,0.0,0.0,0.0,0.0,162.0,222.0,0.7,0.0,7.0,0.0,46.0,12.0,0.3,0.0,11.0,16.0,0.7,5.0,25.0,25.0,737141,2026-05-10 13:00:00,2026
Fiorentina,13.0,0.0,0.0,1.0,4.0,3.0,57.4,13.0,1.0,0.1,0.0,0.0,350.0,414.0,0.8,8.0,25.0,0.3,40.0,17.0,0.4,5.0,11.0,18.0,0.6,6.0,20.0,20.0,Genoa,14.0,0.0,0.0,1.0,3.0,0.0,42.6,9.0,3.0,0.3,0.0,0.0,253.0,313.0,0.8,3.0,13.0,0.2,41.0,13.0,0.3,1.0,5.0,13.0,0.4,4.0,26.0,26.0,737140,2026-05-10 13:00:00,2026
Parma,14.0,2.0,1.0,4.0,3.0,4.0,33.5,11.0,3.0,0.3,0.0,0.0,227.0,291.0,0.8,5.0,13.0,0.4,56.0,22.0,0.4,3.0,11.0,21.0,0.5,8.0,30.0,30.0,AS Roma,8.0,0.0,0.0,4.0,7.0,1.0,66.5,15.0,7.0,0.5,2.0,1.0,499.0,569.0,0.9,9.0,30.0,0.3,33.0,18.0,0.5,3.0,3.0,9.0,0.3,6.0,20.0,20.0,737134,2026-05-10 16:00:00,2026
AC Milan,8.0,3.0,0.0,2.0,2.0,2.0,57.5,20.0,9.0,0.5,2.0,1.0,478.0,542.0,0.9,3.0,13.0,0.2,34.0,20.0,0.6,3.0,7.0,13.0,0.5,6.0,6.0,6.0,Atalanta,17.0,3.0,0.0,2.0,2.0,8.0,42.5,9.0,5.0,0.6,0.0,0.0,326.0,408.0,0.8,1.0,3.0,0.3,55.0,14.0,0.3,2.0,8.0,16.0,0.5,13.0,17.0,17.0,737136,2026-05-10 18:45:00,2026
Napoli,10.0,1.0,0.0,4.0,7.0,1.0,52.2,14.0,5.0,0.4,0.0,0.0,425.0,484.0,0.9,5.0,22.0,0.2,44.0,26.0,0.6,4.0,4.0,7.0,0.6,7.0,8.0,8.0,Bologna,12.0,4.0,0.0,0.0,1.0,3.0,47.8,10.0,4.0,0.4,2.0,1.0,386.0,458.0,0.8,1.0,5.0,0.2,59.0,22.0,0.4,1.0,8.0,16.0,0.5,9.0,24.0,24.0,737135,2026-05-11 18:45:00,2026
Juventus,15.0,1.0,0.0,1.0,6.0,2.0,57.8,26.0,9.0,0.3,0.0,0.0,387.0,479.0,0.8,15.0,28.0,0.5,46.0,28.0,0.6,7.0,7.0,15.0,0.5,5.0,13.0,13.0,Fiorentina,12.0,3.0,1.0,2.0,2.0,9.0,42.2,10.0,4.0,0.4,0.0,0.0,280.0,362.0,0.8,1.0,9.0,0.1,59.0,20.0,0.3,3.0,6.0,10.0,0.6,7.0,29.0,29.0,737150,2026-05-17 10:00:00,2026
Como,10.0,2.0,0.0,2.0,15.0,2.0,66.5,23.0,7.0,0.3,0.0,0.0,387.0,453.0,0.9,7.0,25.0,0.3,34.0,12.0,0.4,11.0,14.0,22.0,0.6,5.0,14.0,14.0,Parma,14.0,0.0,0.0,4.0,2.0,6.0,33.5,2.0,2.0,1.0,0.0,0.0,166.0,227.0,0.7,1.0,10.0,0.1,45.0,20.0,0.4,0.0,14.0,22.0,0.6,6.0,28.0,28.0,737153,2026-05-17 10:00:00,2026
Pisa,13.0,2.0,0.0,0.0,1.0,2.0,23.9,4.0,2.0,0.5,0.0,0.0,172.0,239.0,0.7,3.0,6.0,0.5,43.0,16.0,0.4,0.0,10.0,14.0,0.7,17.0,10.0,10.0,Napoli,8.0,2.0,0.0,2.0,6.0,2.0,76.1,10.0,5.0,0.5,0.0,0.0,708.0,770.0,0.9,4.0,17.0,0.2,37.0,23.0,0.6,3.0,4.0,7.0,0.6,4.0,17.0,17.0,737149,2026-05-17 10:00:00,2026
Genoa,8.0,2.0,0.0,1.0,4.0,4.0,62.1,11.0,2.0,0.2,0.0,0.0,404.0,477.0,0.8,7.0,21.0,0.3,48.0,26.0,0.5,2.0,14.0,17.0,0.8,4.0,17.0,17.0,AC Milan,19.0,3.0,0.0,1.0,4.0,1.0,37.9,8.0,6.0,0.8,2.0,1.0,227.0,288.0,0.8,5.0,12.0,0.4,46.0,20.0,0.4,1.0,8.0,14.0,0.6,6.0,23.0,23.0,737152,2026-05-17 10:00:00,2026
AS Roma,15.0,2.0,1.0,1.0,9.0,2.0,49.0,16.0,7.0,0.4,0.0,0.0,363.0,420.0,0.9,5.0,14.0,0.4,39.0,20.0,0.5,1.0,9.0,17.0,0.5,17.0,7.0,7.0,Lazio,17.0,3.0,1.0,2.0,3.0,6.0,51.0,6.0,2.0,0.3,0.0,0.0,379.0,440.0,0.9,2.0,11.0,0.2,31.0,18.0,0.6,1.0,9.0,14.0,0.6,11.0,11.0,11.0,737148,2026-05-17 10:00:00,2026
Internazionale,9.0,0.0,0.0,0.0,11.0,4.0,73.8,17.0,6.0,0.4,0.0,0.0,590.0,661.0,0.9,6.0,26.0,0.2,38.0,22.0,0.6,4.0,11.0,18.0,0.6,4.0,12.0,12.0,Hellas Verona,12.0,2.0,0.0,0.0,2.0,5.0,26.2,14.0,5.0,0.4,0.0,0.0,176.0,228.0,0.8,5.0,16.0,0.3,37.0,17.0,0.5,3.0,15.0,26.0,0.6,7.0,35.0,35.0,737151,2026-05-17 13:00:00,2026
Atalanta,17.0,1.0,0.0,3.0,2.0,4.0,45.4,10.0,1.0,0.1,0.0,0.0,335.0,401.0,0.8,5.0,10.0,0.5,44.0,17.0,0.4,4.0,18.0,26.0,0.7,19.0,23.0,23.0,Bologna,6.0,1.0,0.0,1.0,5.0,1.0,54.6,10.0,5.0,0.5,0.0,0.0,396.0,479.0,0.8,5.0,16.0,0.3,47.0,22.0,0.5,2.0,3.0,8.0,0.4,10.0,16.0,16.0,737144,2026-05-17 16:00:00,2026
Cagliari,8.0,1.0,0.0,1.0,5.0,2.0,45.0,13.0,4.0,0.3,0.0,0.0,343.0,413.0,0.8,4.0,19.0,0.2,55.0,21.0,0.4,3.0,8.0,18.0,0.4,9.0,33.0,33.0,Torino,13.0,1.0,0.0,1.0,1.0,1.0,55.0,10.0,3.0,0.3,0.0,0.0,434.0,510.0,0.9,2.0,16.0,0.1,41.0,18.0,0.4,5.0,12.0,20.0,0.6,7.0,24.0,24.0,737145,2026-05-17 18:45:00,2026
Udinese,10.0,1.0,0.0,4.0,5.0,3.0,63.1,10.0,2.0,0.2,0.0,0.0,452.0,525.0,0.9,4.0,27.0,0.1,53.0,33.0,0.6,2.0,4.0,5.0,0.8,6.0,32.0,32.0,Cremonese,9.0,3.0,0.0,5.0,5.0,2.0,36.9,7.0,4.0,0.6,0.0,0.0,216.0,305.0,0.7,1.0,16.0,0.1,62.0,25.0,0.4,1.0,6.0,11.0,0.5,9.0,27.0,27.0,737146,2026-05-17 18:45:00,2026
Sassuolo,7.0,1.0,0.0,2.0,3.0,3.0,73.6,15.0,6.0,0.4,0.0,0.0,547.0,634.0,0.9,2.0,10.0,0.2,44.0,16.0,0.4,3.0,8.0,13.0,0.6,10.0,20.0,20.0,Lecce,13.0,4.0,0.0,2.0,8.0,4.0,26.4,11.0,6.0,0.5,0.0,0.0,143.0,209.0,0.7,4.0,23.0,0.2,49.0,16.0,0.3,1.0,6.0,14.0,0.4,7.0,28.0,28.0,737147,2026-05-17 18:45:00,2026
Fiorentina,11.0,0.0,0.0,4.0,3.0,6.0,40.2,11.0,4.0,0.4,0.0,0.0,350.0,409.0,0.9,5.0,11.0,0.5,49.0,24.0,0.5,3.0,4.0,8.0,0.5,9.0,21.0,21.0,Atalanta,14.0,2.0,0.0,0.0,3.0,3.0,59.8,21.0,6.0,0.3,0.0,0.0,552.0,612.0,0.9,5.0,13.0,0.4,44.0,29.0,0.7,3.0,2.0,8.0,0.3,10.0,14.0,14.0,737161,2026-05-22 18:45:00,2026
Bologna,15.0,0.0,0.0,2.0,1.0,2.0,44.5,11.0,3.0,0.3,0.0,0.0,346.0,385.0,0.9,1.0,9.0,0.1,43.0,17.0,0.4,3.0,7.0,12.0,0.6,10.0,16.0,16.0,Internazionale,14.0,2.0,0.0,0.0,4.0,1.0,55.5,11.0,5.0,0.5,0.0,0.0,423.0,480.0,0.9,2.0,8.0,0.3,51.0,33.0,0.6,1.0,7.0,11.0,0.6,5.0,10.0,10.0,737154,2026-05-23 16:00:00,2026
Lazio,9.0,2.0,0.0,2.0,5.0,1.0,49.0,15.0,9.0,0.6,0.0,0.0,474.0,536.0,0.9,2.0,9.0,0.2,39.0,22.0,0.6,1.0,7.0,10.0,0.7,6.0,11.0,11.0,Pisa,8.0,1.0,0.0,0.0,1.0,7.0,51.0,8.0,2.0,0.3,0.0,0.0,488.0,552.0,0.9,8.0,14.0,0.6,39.0,18.0,0.5,2.0,9.0,15.0,0.6,8.0,11.0,11.0,737159,2026-05-23 18:45:00,2026
Parma,10.0,2.0,0.0,1.0,1.0,1.0,51.8,16.0,3.0,0.2,0.0,0.0,335.0,402.0,0.8,8.0,18.0,0.4,40.0,22.0,0.6,2.0,5.0,11.0,0.5,5.0,11.0,11.0,Sassuolo,14.0,2.0,0.0,2.0,1.0,2.0,48.2,6.0,1.0,0.2,0.0,0.0,320.0,382.0,0.8,1.0,7.0,0.1,52.0,26.0,0.5,1.0,6.0,11.0,0.5,10.0,17.0,17.0,737155,2026-05-24 13:00:00,2026
Napoli,3.0,0.0,0.0,4.0,3.0,2.0,67.2,14.0,6.0,0.4,0.0,0.0,647.0,700.0,0.9,2.0,10.0,0.2,38.0,17.0,0.4,3.0,7.0,8.0,0.9,7.0,12.0,12.0,Udinese,13.0,3.0,1.0,0.0,3.0,5.0,32.8,10.0,3.0,0.3,0.0,0.0,267.0,332.0,0.8,3.0,10.0,0.3,50.0,16.0,0.3,6.0,8.0,14.0,0.6,8.0,11.0,11.0,737156,2026-05-24 16:00:00,2026
Lecce,11.0,2.0,0.0,3.0,1.0,1.0,31.9,9.0,4.0,0.4,0.0,0.0,175.0,240.0,0.7,2.0,10.0,0.2,58.0,29.0,0.5,0.0,3.0,8.0,0.4,4.0,23.0,23.0,Genoa,6.0,0.0,0.0,2.0,6.0,3.0,68.1,8.0,1.0,0.1,0.0,0.0,432.0,510.0,0.8,5.0,20.0,0.3,48.0,19.0,0.4,2.0,12.0,22.0,0.5,3.0,19.0,19.0,737163,2026-05-24 18:45:00,2026
Hellas Verona,12.0,1.0,1.0,0.0,6.0,5.0,32.5,8.0,3.0,0.4,0.0,0.0,205.0,272.0,0.8,5.0,16.0,0.3,57.0,26.0,0.5,3.0,14.0,26.0,0.5,11.0,34.0,34.0,AS Roma,10.0,1.0,0.0,1.0,6.0,3.0,67.5,19.0,7.0,0.4,0.0,1.0,510.0,580.0,0.9,5.0,14.0,0.4,34.0,16.0,0.5,5.0,8.0,14.0,0.6,8.0,35.0,35.0,737160,2026-05-24 18:45:00,2026
Cremonese,14.0,4.0,3.0,3.0,2.0,2.0,29.7,6.0,1.0,0.2,1.0,1.0,143.0,208.0,0.7,1.0,7.0,0.1,51.0,13.0,0.3,1.0,5.0,11.0,0.5,4.0,18.0,18.0,Como,12.0,2.0,0.0,3.0,4.0,0.0,70.3,15.0,6.0,0.4,1.0,1.0,455.0,510.0,0.9,2.0,12.0,0.2,42.0,23.0,0.5,6.0,6.0,12.0,0.5,3.0,13.0,13.0,737162,2026-05-24 18:45:00,2026
AC Milan,8.0,2.0,0.0,3.0,5.0,9.0,48.2,16.0,3.0,0.2,0.0,0.0,392.0,453.0,0.9,12.0,23.0,0.5,48.0,31.0,0.6,2.0,7.0,14.0,0.5,6.0,22.0,22.0,Cagliari,9.0,2.0,0.0,0.0,5.0,2.0,51.8,25.0,10.0,0.4,0.0,0.0,430.0,488.0,0.9,3.0,19.0,0.2,37.0,19.0,0.5,7.0,9.0,15.0,0.6,12.0,28.0,28.0,737157,2026-05-24 18:45:00,2026
Torino,10.0,1.0,0.0,0.0,6.0,2.0,43.3,12.0,5.0,0.4,0.0,0.0,258.0,327.0,0.8,6.0,24.0,0.3,57.0,27.0,0.5,4.0,9.0,15.0,0.6,2.0,24.0,24.0,Juventus,10.0,2.0,0.0,0.0,6.0,3.0,56.7,17.0,4.0,0.2,0.0,0.0,373.0,440.0,0.8,3.0,18.0,0.2,45.0,27.0,0.6,5.0,6.0,12.0,0.5,4.0,22.0,22.0,737158,2026-05-24 19:45:00,2026
Internazionale,5.0,2.0,0.0,0.0,3.0,2.0,70.5,13.0,5.0,0.4,0.0,0.0,628.0,709.0,0.9,3.0,14.0,0.2,41.0,28.0,0.7,3.0,8.0,11.0,0.7,9.0,16.0,16.0,Monza,14.0,2.0,0.0,8.0,3.0,1.0,29.5,7.0,3.0,0.4,0.0,0.0,231.0,291.0,0.8,3.0,8.0,0.4,47.0,17.0,0.4,1.0,5.0,10.0,0.5,23.0,12.0,12.0,401874931,2026-08-22 16:30:00,2026
Udinese,13.0,3.0,0.0,1.0,1.0,5.0,41.1,17.0,3.0,0.2,0.0,0.0,317.0,401.0,0.8,5.0,12.0,0.4,54.0,21.0,0.4,2.0,12.0,20.0,0.6,10.0,22.0,22.0,Como,11.0,0.0,0.0,0.0,10.0,2.0,58.9,20.0,6.0,0.3,0.0,0.0,512.0,582.0,0.9,4.0,18.0,0.2,36.0,14.0,0.4,7.0,8.0,18.0,0.4,9.0,17.0,17.0,401874745,2026-08-22 16:30:00,2026
Genoa,10.0,2.0,0.0,1.0,5.0,2.0,45.9,11.0,2.0,0.2,0.0,0.0,377.0,430.0,0.9,2.0,18.0,0.1,44.0,17.0,0.4,5.0,12.0,15.0,0.8,5.0,25.0,25.0,Napoli,8.0,1.0,0.0,2.0,5.0,2.0,54.1,13.0,4.0,0.3,0.0,0.0,453.0,506.0,0.9,2.0,23.0,0.1,44.0,27.0,0.6,5.0,15.0,22.0,0.7,8.0,21.0,21.0,401874929,2026-08-22 18:45:00,2026
Parma,6.0,0.0,0.0,1.0,3.0,4.0,47.4,13.0,2.0,0.2,0.0,0.0,373.0,444.0,0.8,4.0,15.0,0.3,39.0,15.0,0.4,1.0,14.0,23.0,0.6,6.0,13.0,13.0,Cagliari,20.0,2.0,0.0,0.0,2.0,2.0,52.6,14.0,5.0,0.4,0.0,0.0,445.0,496.0,0.9,5.0,16.0,0.3,27.0,12.0,0.4,3.0,8.0,12.0,0.7,14.0,24.0,24.0,401874747,2026-08-22 18:45:00,2026
Frosinone,15.0,2.0,0.0,4.0,3.0,4.0,36.7,11.0,2.0,0.2,0.0,0.0,187.0,273.0,0.7,4.0,10.0,0.4,47.0,11.0,0.2,2.0,14.0,20.0,0.7,6.0,23.0,23.0,Juventus,18.0,2.0,0.0,1.0,12.0,2.0,63.3,20.0,5.0,0.3,0.0,0.0,405.0,480.0,0.8,6.0,15.0,0.4,49.0,21.0,0.4,6.0,5.0,8.0,0.6,13.0,24.0,24.0,401874930,2026-08-23 16:30:00,2026
Venezia,8.0,1.0,0.0,2.0,5.0,2.0,71.1,19.0,7.0,0.4,0.0,0.0,548.0,631.0,0.9,5.0,28.0,0.2,49.0,30.0,0.6,2.0,6.0,14.0,0.4,5.0,14.0,14.0,Lecce,12.0,3.0,0.0,2.0,3.0,6.0,28.9,12.0,5.0,0.4,0.0,0.0,187.0,258.0,0.7,2.0,12.0,0.2,48.0,13.0,0.3,1.0,14.0,19.0,0.7,12.0,38.0,38.0,401874946,2026-08-23 16:30:00,2026
Atalanta,9.0,0.0,0.0,0.0,4.0,7.0,55.8,14.0,7.0,0.5,0.0,0.0,544.0,596.0,0.9,2.0,10.0,0.2,42.0,19.0,0.5,3.0,10.0,15.0,0.7,7.0,14.0,14.0,Sassuolo,10.0,0.0,0.0,1.0,4.0,5.0,44.2,22.0,8.0,0.4,0.0,0.0,418.0,463.0,0.9,4.0,16.0,0.3,25.0,17.0,0.7,5.0,7.0,13.0,0.5,7.0,15.0,15.0,401874748,2026-08-23 18:45:00,2026
Torino,10.0,0.0,0.0,2.0,2.0,2.0,41.1,8.0,1.0,0.1,0.0,0.0,315.0,383.0,0.8,2.0,14.0,0.1,40.0,12.0,0.3,2.0,11.0,13.0,0.8,6.0,20.0,20.0,AC Milan,9.0,1.0,0.0,0.0,4.0,0.0,58.9,19.0,4.0,0.2,0.0,0.0,486.0,555.0,0.9,11.0,20.0,0.6,53.0,30.0,0.6,6.0,12.0,15.0,0.8,6.0,17.0,17.0,401874932,2026-08-23 18:45:00,2026
Bologna,18.0,4.0,0.0,2.0,8.0,2.0,58.6,14.0,5.0,0.4,0.0,0.0,402.0,445.0,0.9,8.0,21.0,0.4,35.0,22.0,0.6,3.0,9.0,14.0,0.6,3.0,16.0,16.0,Lazio,19.0,4.0,0.0,3.0,6.0,3.0,41.4,10.0,3.0,0.3,0.0,0.0,265.0,315.0,0.8,3.0,14.0,0.2,36.0,16.0,0.4,2.0,8.0,15.0,0.5,7.0,18.0,18.0,401874927,2026-08-24 16:30:00,2026
AS Roma,15.0,2.0,0.0,1.0,2.0,4.0,61.1,17.0,8.0,0.5,0.0,0.0,478.0,538.0,0.9,4.0,15.0,0.3,38.0,19.0,0.5,3.0,15.0,22.0,0.7,9.0,16.0,16.0,Fiorentina,11.0,2.0,0.0,1.0,3.0,4.0,38.9,9.0,4.0,0.4,0.0,0.0,285.0,343.0,0.8,2.0,11.0,0.2,46.0,17.0,0.4,0.0,8.0,10.0,0.8,5.0,23.0,23.0,401874928,2026-08-24 18:45:00,2026
AC Milan,8.0,1.0,0.0,1.0,2.0,2.0,57.7,16.0,5.0,0.3,0.0,0.0,448.0,509.0,0.9,6.0,15.0,0.4,45.0,22.0,0.5,2.0,12.0,20.0,0.6,5.0,19.0,19.0,Venezia,11.0,3.0,0.0,4.0,3.0,4.0,42.3,9.0,2.0,0.2,0.0,0.0,304.0,367.0,0.8,4.0,16.0,0.3,38.0,18.0,0.5,4.0,12.0,24.0,0.5,9.0,19.0,19.0,401874758,2026-08-28 18:45:00,2026
Monza,10.0,1.0,0.0,4.0,3.0,2.0,51.0,15.0,5.0,0.3,0.0,0.0,345.0,421.0,0.8,7.0,27.0,0.3,55.0,18.0,0.3,4.0,5.0,12.0,0.4,11.0,23.0,23.0,Udinese,12.0,0.0,0.0,1.0,3.0,3.0,49.0,12.0,5.0,0.4,0.0,0.0,336.0,420.0,0.8,1.0,11.0,0.1,65.0,28.0,0.4,4.0,7.0,10.0,0.7,6.0,36.0,36.0,401874749,2026-08-29 16:30:00,2026
Fiorentina,14.0,3.0,0.0,1.0,8.0,3.0,59.6,25.0,4.0,0.2,0.0,0.0,348.0,416.0,0.8,3.0,16.0,0.2,48.0,19.0,0.4,8.0,10.0,15.0,0.7,8.0,27.0,27.0,Frosinone,21.0,3.0,0.0,1.0,5.0,4.0,40.4,12.0,6.0,0.5,0.0,0.0,197.0,274.0,0.7,5.0,16.0,0.3,59.0,22.0,0.4,3.0,18.0,29.0,0.6,12.0,35.0,35.0,401874942,2026-08-29 16:30:00,2026
Sassuolo,12.0,3.0,0.0,5.0,4.0,3.0,45.6,19.0,7.0,0.4,0.0,0.0,385.0,436.0,0.9,6.0,20.0,0.3,42.0,25.0,0.6,6.0,5.0,9.0,0.6,3.0,17.0,17.0,Torino,9.0,1.0,0.0,0.0,3.0,5.0,54.4,10.0,4.0,0.4,0.0,0.0,477.0,530.0,0.9,4.0,14.0,0.3,42.0,26.0,0.6,3.0,12.0,18.0,0.7,2.0,23.0,23.0,401874743,2026-08-29 16:30:00,2026
Juventus,23.0,2.0,0.0,1.0,10.0,3.0,57.7,21.0,6.0,0.3,0.0,0.0,482.0,536.0,0.9,7.0,27.0,0.3,29.0,13.0,0.4,3.0,12.0,16.0,0.8,11.0,13.0,13.0,Parma,12.0,3.0,0.0,1.0,2.0,4.0,42.3,4.0,3.0,0.8,0.0,0.0,339.0,402.0,0.8,2.0,8.0,0.3,42.0,20.0,0.5,0.0,6.0,10.0,0.6,10.0,26.0,26.0,401874746,2026-08-29 18:45:00,2026
Napoli,9.0,1.0,0.0,9.0,2.0,4.0,42.3,13.0,2.0,0.2,0.0,0.0,385.0,442.0,0.9,5.0,16.0,0.3,35.0,19.0,0.5,4.0,6.0,12.0,0.5,5.0,13.0,13.0,Como,5.0,0.0,0.0,0.0,7.0,1.0,57.7,21.0,6.0,0.3,0.0,0.0,555.0,609.0,0.9,6.0,19.0,0.3,44.0,20.0,0.5,5.0,9.0,16.0,0.6,15.0,26.0,26.0,401874755,2026-08-30 16:30:00,2026
Cagliari,6.0,2.0,0.0,4.0,8.0,5.0,35.1,10.0,0.0,0.0,0.0,0.0,304.0,362.0,0.8,3.0,19.0,0.2,43.0,22.0,0.5,2.0,8.0,13.0,0.6,3.0,18.0,18.0,Internazionale,5.0,1.0,0.0,1.0,6.0,0.0,64.9,31.0,7.0,0.2,0.0,0.0,625.0,686.0,0.9,11.0,17.0,0.6,53.0,39.0,0.7,7.0,10.0,19.0,0.5,8.0,18.0,18.0,401874938,2026-08-30 18:45:00,2026
Lazio,18.0,1.0,0.0,0.0,4.0,1.0,46.4,15.0,2.0,0.1,0.0,0.0,417.0,487.0,0.9,1.0,8.0,0.1,50.0,31.0,0.6,5.0,9.0,13.0,0.7,11.0,15.0,15.0,Genoa,6.0,2.0,0.0,2.0,2.0,1.0,53.6,8.0,1.0,0.1,0.0,0.0,488.0,565.0,0.9,4.0,10.0,0.4,45.0,19.0,0.4,3.0,6.0,17.0,0.4,9.0,18.0,18.0,401874742,2026-08-30 18:45:00,2026
Lecce,9.0,1.0,0.0,0.0,2.0,4.0,35.8,7.0,3.0,0.4,0.0,0.0,293.0,375.0,0.8,2.0,6.0,0.3,44.0,7.0,0.2,0.0,8.0,16.0,0.5,8.0,20.0,20.0,AS Roma,8.0,1.0,0.0,9.0,1.0,2.0,64.2,15.0,8.0,0.5,0.0,0.0,596.0,680.0,0.9,0.0,4.0,0.0,38.0,19.0,0.5,0.0,18.0,33.0,0.5,14.0,7.0,7.0,401874945,2026-08-31 16:30:00,2026
Atalanta,10.0,1.0,0.0,0.0,1.0,3.0,41.5,6.0,2.0,0.3,0.0,0.0,409.0,478.0,0.9,2.0,5.0,0.4,39.0,20.0,0.5,2.0,6.0,8.0,0.8,12.0,13.0,13.0,Bologna,13.0,0.0,0.0,4.0,2.0,1.0,58.5,16.0,3.0,0.2,0.0,0.0,620.0,683.0,0.9,0.0,6.0,0.0,44.0,25.0,0.6,3.0,8.0,19.0,0.4,10.0,17.0,17.0,401874970,2026-08-31 18:45:00,2026
Genoa,8.0,2.0,0.0,6.0,5.0,5.0,37.6,11.0,2.0,0.2,0.0,0.0,307.0,360.0,0.9,6.0,16.0,0.4,27.0,9.0,0.3,4.0,10.0,16.0,0.6,9.0,21.0,21.0,Como,7.0,1.0,0.0,2.0,4.0,1.0,62.4,20.0,9.0,0.5,0.0,0.0,568.0,618.0,0.9,4.0,16.0,0.3,37.0,24.0,0.6,5.0,8.0,16.0,0.5,3.0,18.0,18.0,401874744,2026-09-04 18:45:00,2026
Fiorentina,13.0,0.0,0.0,1.0,3.0,2.0,39.4,14.0,6.0,0.4,0.0,0.0,290.0,350.0,0.8,5.0,19.0,0.3,46.0,23.0,0.5,2.0,10.0,19.0,0.5,13.0,24.0,24.0,Torino,9.0,0.0,0.0,0.0,5.0,4.0,60.6,7.0,4.0,0.6,0.0,0.0,489.0,551.0,0.9,2.0,18.0,0.1,49.0,18.0,0.4,2.0,7.0,13.0,0.5,5.0,28.0,28.0,401874939,2026-09-05 13:00:00,2026
Internazionale,7.0,1.0,0.0,1.0,10.0,6.0,62.8,29.0,8.0,0.3,0.0,0.0,486.0,544.0,0.9,13.0,38.0,0.3,40.0,21.0,0.5,7.0,15.0,27.0,0.6,5.0,24.0,24.0,Napoli,7.0,2.0,0.0,2.0,5.0,5.0,37.2,16.0,7.0,0.4,0.0,0.0,265.0,341.0,0.8,2.0,8.0,0.3,52.0,18.0,0.3,5.0,9.0,14.0,0.6,7.0,39.0,39.0,401874937,2026-09-05 16:00:00,2026
AS Roma,9.0,0.0,0.0,4.0,14.0,1.0,66.5,39.0,10.0,0.3,0.0,0.0,550.0,615.0,0.9,18.0,42.0,0.4,39.0,25.0,0.6,9.0,9.0,15.0,0.6,15.0,5.0,5.0,Atalanta,10.0,1.0,1.0,4.0,1.0,9.0,33.5,6.0,2.0,0.3,0.0,0.0,254.0,323.0,0.8,2.0,4.0,0.5,62.0,32.0,0.5,1.0,9.0,13.0,0.7,6.0,33.0,33.0,401874781,2026-09-05 18:45:00,2026
Parma,16.0,2.0,0.0,0.0,6.0,4.0,46.2,7.0,3.0,0.4,0.0,0.0,271.0,347.0,0.8,4.0,23.0,0.2,59.0,25.0,0.4,2.0,6.0,11.0,0.5,9.0,16.0,16.0,Monza,16.0,2.0,0.0,4.0,3.0,2.0,53.8,16.0,5.0,0.3,0.0,0.0,346.0,410.0,0.8,7.0,19.0,0.4,50.0,26.0,0.5,2.0,5.0,9.0,0.6,5.0,24.0,24.0,401874987,2026-09-06 13:00:00,2026
Frosinone,18.0,2.0,0.0,6.0,5.0,2.0,39.2,13.0,8.0,0.6,0.0,0.0,156.0,245.0,0.6,4.0,10.0,0.4,58.0,14.0,0.2,3.0,14.0,22.0,0.6,12.0,26.0,26.0,Venezia,14.0,4.0,0.0,1.0,2.0,5.0,60.8,15.0,4.0,0.3,0.0,0.0,302.0,386.0,0.8,5.0,9.0,0.6,57.0,28.0,0.5,5.0,13.0,17.0,0.8,5.0,20.0,20.0,401874768,2026-09-06 13:00:00,2026
Bologna,14.0,3.0,0.0,0.0,10.0,4.0,61.4,21.0,5.0,0.2,0.0,0.0,519.0,555.0,0.9,8.0,39.0,0.2,22.0,13.0,0.6,9.0,9.0,16.0,0.6,6.0,17.0,17.0,Sassuolo,8.0,1.0,0.0,2.0,7.0,3.0,38.6,15.0,6.0,0.4,0.0,0.0,306.0,358.0,0.9,5.0,12.0,0.4,38.0,20.0,0.5,8.0,11.0,17.0,0.6,9.0,30.0,30.0,401874751,2026-09-06 16:00:00,2026
Juventus,10.0,1.0,0.0,5.0,7.0,0.0,49.2,14.0,5.0,0.4,0.0,0.0,380.0,453.0,0.8,2.0,21.0,0.1,41.0,21.0,0.5,3.0,11.0,15.0,0.7,6.0,19.0,19.0,AC Milan,11.0,3.0,0.0,1.0,1.0,4.0,50.8,3.0,1.0,0.3,0.0,0.0,412.0,479.0,0.9,0.0,9.0,0.0,41.0,22.0,0.5,1.0,10.0,16.0,0.6,10.0,30.0,30.0,401874954,2026-09-06 18:45:00,2026
Cagliari,9.0,1.0,0.0,5.0,7.0,3.0,42.3,20.0,9.0,0.5,0.0,0.0,304.0,372.0,0.8,6.0,21.0,0.3,40.0,15.0,0.4,4.0,11.0,12.0,0.9,13.0,37.0,37.0,Lecce,13.0,3.0,0.0,1.0,5.0,8.0,57.7,10.0,3.0,0.3,0.0,0.0,425.0,517.0,0.8,1.0,16.0,0.1,46.0,19.0,0.4,3.0,13.0,21.0,0.6,3.0,24.0,24.0,401874943,2026-09-07 16:30:00,2026
Udinese,13.0,5.0,0.0,1.0,2.0,4.0,40.0,10.0,6.0,0.6,0.0,0.0,292.0,359.0,0.8,5.0,15.0,0.3,61.0,35.0,0.6,3.0,18.0,22.0,0.8,9.0,23.0,23.0,Lazio,9.0,1.0,0.0,1.0,8.0,5.0,60.0,19.0,6.0,0.3,0.0,0.0,478.0,540.0,0.9,4.0,23.0,0.2,28.0,12.0,0.4,6.0,8.0,14.0,0.6,9.0,20.0,20.0,401874962,2026-09-07 18:45:00,2026
