event_id,fecha,temporada,local_id,visita_id,local,visita,goles_local,goles_visita,estado
583011,2021-01-03 12:30:00,2021,110,3173,Inter,Crotone,6.0,2.0,post
583016,2021-01-03 15:00:00,2021,104,2734,AS Roma,Sampdoria,1.0,0.0,post
583017,2021-01-03 15:00:00,2021,105,3997,Atalanta,Sassuolo,5.0,1.0,post
583015,2021-01-03 15:00:00,2021,2925,114,Cagliari,Napoli,1.0,4.0,post
583010,2021-01-03 15:00:00,2021,109,107,Fiorentina,Bologna,0.0,0.0,post
583013,2021-01-03 15:00:00,2021,3263,112,Genoa,Lazio,1.0,1.0,post
583018,2021-01-03 15:00:00,2021,115,239,Parma,Torino,0.0,3.0,post
583012,2021-01-03 15:00:00,2021,4056,119,Spezia,Verona,0.0,1.0,post
583014,2021-01-03 18:00:00,2021,4059,103,Benevento,AC Milan,0.0,2.0,post
583019,2021-01-03 20:45:00,2021,111,118,Juventus,Udinese,4.0,1.0,post
583000,2021-01-06 12:30:00,2021,2925,4059,Cagliari,Benevento,1.0,2.0,post
583002,2021-01-06 15:00:00,2021,3997,3263,Sassuolo,Genoa,2.0,1.0,post
583004,2021-01-06 15:00:00,2021,2734,110,Sampdoria,Inter,2.0,1.0,post
583001,2021-01-06 15:00:00,2021,112,109,Lazio,Fiorentina,2.0,1.0,post
583003,2021-01-06 15:00:00,2021,239,119,Torino,Verona,1.0,1.0,post
583009,2021-01-06 15:00:00,2021,107,118,Bologna,Udinese,2.0,2.0,post
583006,2021-01-06 15:00:00,2021,105,115,Atalanta,Parma,3.0,0.0,post
583007,2021-01-06 15:00:00,2021,3173,104,Crotone,AS Roma,1.0,3.0,post
583008,2021-01-06 18:00:00,2021,114,4056,Napoli,Spezia,1.0,2.0,post
583005,2021-01-06 20:45:00,2021,103,111,AC Milan,Juventus,1.0,3.0,post
582990,2021-01-09 15:00:00,2021,4059,105,Benevento,Atalanta,1.0,4.0,post
582991,2021-01-09 18:00:00,2021,3263,107,Genoa,Bologna,2.0,0.0,post
582999,2021-01-09 20:45:00,2021,103,239,AC Milan,Torino,2.0,0.0,post
582994,2021-01-10 12:30:00,2021,104,110,AS Roma,Inter,2.0,2.0,post
582996,2021-01-10 15:00:00,2021,118,114,Udinese,Napoli,1.0,2.0,post
582995,2021-01-10 15:00:00,2021,115,112,Parma,Lazio,0.0,2.0,post
582993,2021-01-10 15:00:00,2021,119,3173,Verona,Crotone,2.0,1.0,post
582992,2021-01-10 18:00:00,2021,109,2925,Fiorentina,Cagliari,1.0,0.0,post
582998,2021-01-10 20:45:00,2021,111,3997,Juventus,Sassuolo,3.0,1.0,post
582997,2021-01-11 20:45:00,2021,4056,2734,Spezia,Sampdoria,2.0,1.0,post
582987,2021-01-15 20:45:00,2021,112,104,Lazio,AS Roma,3.0,0.0,post
582983,2021-01-16 15:00:00,2021,107,119,Bologna,Verona,1.0,0.0,post
582988,2021-01-16 18:00:00,2021,239,4056,Torino,Spezia,0.0,0.0,post
582989,2021-01-16 20:45:00,2021,2734,118,Sampdoria,Udinese,2.0,1.0,post
582981,2021-01-17 12:30:00,2021,114,109,Napoli,Fiorentina,6.0,0.0,post
582986,2021-01-17 15:00:00,2021,3997,115,Sassuolo,Parma,1.0,1.0,post
582980,2021-01-17 15:00:00,2021,3173,4059,Crotone,Benevento,4.0,1.0,post
582982,2021-01-17 18:00:00,2021,105,3263,Atalanta,Genoa,0.0,0.0,post
582984,2021-01-17 20:45:00,2021,110,111,Inter,Juventus,2.0,0.0,post
582985,2021-01-18 20:45:00,2021,2925,103,Cagliari,AC Milan,0.0,2.0,post
583060,2021-01-20 15:00:00,2021,118,105,Udinese,Atalanta,1.0,1.0,post
582979,2021-01-22 20:45:00,2021,4059,239,Benevento,Torino,2.0,2.0,post
582978,2021-01-23 15:00:00,2021,104,4056,AS Roma,Spezia,4.0,3.0,post
582970,2021-01-23 18:00:00,2021,103,105,AC Milan,Atalanta,0.0,3.0,post
582974,2021-01-23 18:00:00,2021,118,110,Udinese,Inter,0.0,0.0,post
582973,2021-01-23 20:45:00,2021,109,3173,Fiorentina,Crotone,2.0,1.0,post
582971,2021-01-24 12:30:00,2021,111,107,Juventus,Bologna,2.0,0.0,post
582972,2021-01-24 15:00:00,2021,3263,2925,Genoa,Cagliari,1.0,0.0,post
582975,2021-01-24 15:00:00,2021,119,114,Verona,Napoli,3.0,1.0,post
582977,2021-01-24 18:00:00,2021,112,3997,Lazio,Sassuolo,2.0,1.0,post
582976,2021-01-24 20:45:00,2021,115,2734,Parma,Sampdoria,0.0,2.0,post
582961,2021-01-29 20:45:00,2021,239,109,Torino,Fiorentina,1.0,1.0,post
582966,2021-01-30 15:00:00,2021,107,103,Bologna,AC Milan,1.0,2.0,post
582964,2021-01-30 18:00:00,2021,2734,111,Sampdoria,Juventus,0.0,2.0,post
582960,2021-01-30 20:45:00,2021,110,4059,Inter,Benevento,4.0,0.0,post
582969,2021-01-31 12:30:00,2021,4056,118,Spezia,Udinese,0.0,1.0,post
582965,2021-01-31 15:00:00,2021,105,112,Atalanta,Lazio,1.0,3.0,post
582968,2021-01-31 15:00:00,2021,2925,3997,Cagliari,Sassuolo,1.0,1.0,post
582962,2021-01-31 15:00:00,2021,3173,3263,Crotone,Genoa,0.0,3.0,post
582967,2021-01-31 18:00:00,2021,114,115,Napoli,Parma,2.0,0.0,post
582963,2021-01-31 20:45:00,2021,104,119,AS Roma,Verona,3.0,1.0,post
582954,2021-02-05 20:45:00,2021,109,110,Fiorentina,Inter,0.0,2.0,post
582958,2021-02-06 15:00:00,2021,3997,4056,Sassuolo,Spezia,1.0,2.0,post
582959,2021-02-06 15:00:00,2021,105,239,Atalanta,Torino,3.0,3.0,post
582956,2021-02-06 18:00:00,2021,111,104,Juventus,AS Roma,2.0,0.0,post
582955,2021-02-06 20:45:00,2021,3263,114,Genoa,Napoli,2.0,1.0,post
582957,2021-02-07 12:30:00,2021,4059,2734,Benevento,Sampdoria,1.0,1.0,post
582952,2021-02-07 15:00:00,2021,103,3173,AC Milan,Crotone,4.0,0.0,post
582953,2021-02-07 15:00:00,2021,118,119,Udinese,Verona,2.0,0.0,post
582950,2021-02-07 18:00:00,2021,115,107,Parma,Bologna,0.0,3.0,post
582951,2021-02-07 20:45:00,2021,112,2925,Lazio,Cagliari,1.0,0.0,post
582941,2021-02-12 20:45:00,2021,107,4059,Bologna,Benevento,1.0,1.0,post
582943,2021-02-13 15:00:00,2021,239,3263,Torino,Genoa,0.0,0.0,post
582944,2021-02-13 18:00:00,2021,114,111,Napoli,Juventus,1.0,0.0,post
582946,2021-02-13 20:45:00,2021,4056,103,Spezia,AC Milan,2.0,0.0,post
582949,2021-02-14 12:30:00,2021,104,118,AS Roma,Udinese,3.0,0.0,post
582940,2021-02-14 15:00:00,2021,2925,105,Cagliari,Atalanta,0.0,1.0,post
582942,2021-02-14 15:00:00,2021,2734,109,Sampdoria,Fiorentina,2.0,1.0,post
582948,2021-02-14 18:00:00,2021,3173,3997,Crotone,Sassuolo,1.0,2.0,post
582945,2021-02-14 20:45:00,2021,110,112,Inter,Lazio,3.0,1.0,post
582947,2021-02-15 20:45:00,2021,119,115,Verona,Parma,2.0,1.0,post
582937,2021-02-19 18:30:00,2021,109,4056,Fiorentina,Spezia,3.0,0.0,post
582938,2021-02-19 20:45:00,2021,2925,239,Cagliari,Torino,0.0,1.0,post
582936,2021-02-20 15:00:00,2021,112,2734,Lazio,Sampdoria,1.0,0.0,post
582932,2021-02-20 18:00:00,2021,3263,119,Genoa,Verona,2.0,2.0,post
582930,2021-02-20 20:45:00,2021,3997,107,Sassuolo,Bologna,1.0,1.0,post
582939,2021-02-21 12:30:00,2021,115,118,Parma,Udinese,2.0,2.0,post
582933,2021-02-21 15:00:00,2021,103,110,AC Milan,Inter,0.0,3.0,post
582934,2021-02-21 18:00:00,2021,105,114,Atalanta,Napoli,4.0,2.0,post
582935,2021-02-21 20:45:00,2021,4059,104,Benevento,AS Roma,0.0,0.0,post
582931,2021-02-22 20:45:00,2021,111,3173,Juventus,Crotone,3.0,0.0,post
582928,2021-02-27 15:00:00,2021,4056,115,Spezia,Parma,2.0,2.0,post
582926,2021-02-27 18:00:00,2021,107,112,Bologna,Lazio,2.0,0.0,post
582925,2021-02-27 20:45:00,2021,119,111,Verona,Juventus,1.0,1.0,post
582920,2021-02-28 12:30:00,2021,2734,105,Sampdoria,Atalanta,0.0,2.0,post
582922,2021-02-28 15:00:00,2021,3173,2925,Crotone,Cagliari,0.0,2.0,post
582924,2021-02-28 15:00:00,2021,110,3263,Inter,Genoa,3.0,0.0,post
582923,2021-02-28 15:00:00,2021,118,109,Udinese,Fiorentina,1.0,0.0,post
582921,2021-02-28 18:00:00,2021,114,4059,Napoli,Benevento,2.0,0.0,post
582927,2021-02-28 20:45:00,2021,104,103,AS Roma,AC Milan,1.0,2.0,post
582917,2021-03-02 20:45:00,2021,111,4056,Juventus,Spezia,3.0,0.0,post
582914,2021-03-03 18:30:00,2021,3997,114,Sassuolo,Napoli,3.0,3.0,post
582915,2021-03-03 20:45:00,2021,109,104,Fiorentina,AS Roma,1.0,2.0,post
582910,2021-03-03 20:45:00,2021,2925,107,Cagliari,Bologna,1.0,0.0,post
582916,2021-03-03 20:45:00,2021,3263,2734,Genoa,Sampdoria,1.0,1.0,post
582911,2021-03-03 20:45:00,2021,105,3173,Atalanta,Crotone,5.0,1.0,post
582919,2021-03-03 20:45:00,2021,103,118,AC Milan,Udinese,1.0,1.0,post
582912,2021-03-03 20:45:00,2021,4059,119,Benevento,Verona,0.0,3.0,post
582913,2021-03-04 20:45:00,2021,115,110,Parma,Inter,1.0,2.0,post
582901,2021-03-06 15:00:00,2021,4056,4059,Spezia,Benevento,1.0,1.0,post
582908,2021-03-06 18:00:00,2021,118,3997,Udinese,Sassuolo,2.0,0.0,post
582905,2021-03-06 20:45:00,2021,111,112,Juventus,Lazio,3.0,1.0,post
582904,2021-03-07 12:30:00,2021,104,3263,AS Roma,Genoa,1.0,0.0,post
582906,2021-03-07 15:00:00,2021,119,103,Verona,AC Milan,0.0,2.0,post
582909,2021-03-07 15:00:00,2021,3173,239,Crotone,Torino,4.0,2.0,post
582907,2021-03-07 15:00:00,2021,109,115,Fiorentina,Parma,3.0,3.0,post
582903,2021-03-07 18:00:00,2021,2734,2925,Sampdoria,Cagliari,2.0,2.0,post
582902,2021-03-07 20:45:00,2021,114,107,Napoli,Bologna,3.0,1.0,post
582900,2021-03-08 20:45:00,2021,110,105,Inter,Atalanta,1.0,0.0,post
582890,2021-03-12 15:00:00,2021,112,3173,Lazio,Crotone,3.0,2.0,post
582898,2021-03-12 20:45:00,2021,105,4056,Atalanta,Spezia,3.0,1.0,post
582892,2021-03-13 15:00:00,2021,3997,119,Sassuolo,Verona,3.0,2.0,post
582891,2021-03-13 18:00:00,2021,4059,109,Benevento,Fiorentina,1.0,4.0,post
582899,2021-03-13 20:45:00,2021,3263,118,Genoa,Udinese,1.0,1.0,post
582897,2021-03-14 12:30:00,2021,107,2734,Bologna,Sampdoria,3.0,1.0,post
582896,2021-03-14 15:00:00,2021,115,104,Parma,AS Roma,2.0,0.0,post
582893,2021-03-14 15:00:00,2021,239,110,Torino,Inter,1.0,2.0,post
582894,2021-03-14 18:00:00,2021,2925,111,Cagliari,Juventus,1.0,3.0,post
582895,2021-03-14 20:45:00,2021,103,114,AC Milan,Napoli,0.0,1.0,post
582929,2021-03-17 15:00:00,2021,239,3997,Torino,Sassuolo,3.0,2.0,post
582884,2021-03-19 20:45:00,2021,115,3263,Parma,Genoa,1.0,2.0,post
582882,2021-03-20 15:00:00,2021,3173,107,Crotone,Bologna,2.0,3.0,post
582883,2021-03-20 18:00:00,2021,4056,2925,Spezia,Cagliari,2.0,1.0,post
582880,2021-03-21 12:30:00,2021,119,105,Verona,Atalanta,0.0,2.0,post
582881,2021-03-21 15:00:00,2021,111,4059,Juventus,Benevento,0.0,1.0,post
582889,2021-03-21 15:00:00,2021,2734,239,Sampdoria,Torino,1.0,0.0,post
582885,2021-03-21 15:00:00,2021,118,112,Udinese,Lazio,0.0,1.0,post
582886,2021-03-21 18:00:00,2021,109,103,Fiorentina,AC Milan,2.0,3.0,post
582887,2021-03-21 20:45:00,2021,104,114,AS Roma,Napoli,0.0,2.0,post
582877,2021-04-03 12:30:00,2021,103,2734,AC Milan,Sampdoria,1.0,1.0,post
582876,2021-04-03 15:00:00,2021,3997,104,Sassuolo,AS Roma,2.0,2.0,post
582870,2021-04-03 15:00:00,2021,114,3173,Napoli,Crotone,4.0,3.0,post
582878,2021-04-03 15:00:00,2021,112,4056,Lazio,Spezia,2.0,1.0,post
582871,2021-04-03 15:00:00,2021,3263,109,Genoa,Fiorentina,1.0,1.0,post
582872,2021-04-03 15:00:00,2021,2925,119,Cagliari,Verona,0.0,2.0,post
582875,2021-04-03 15:00:00,2021,4059,115,Benevento,Parma,2.0,2.0,post
582879,2021-04-03 15:00:00,2021,105,118,Atalanta,Udinese,3.0,2.0,post
582874,2021-04-03 18:00:00,2021,239,111,Torino,Juventus,2.0,2.0,post
582873,2021-04-03 20:45:00,2021,107,110,Bologna,Inter,0.0,1.0,post
582888,2021-04-07 18:45:00,2021,110,3997,Inter,Sassuolo,2.0,1.0,post
583135,2021-04-07 18:45:00,2021,111,114,Juventus,Napoli,2.0,1.0,post
582863,2021-04-10 15:00:00,2021,4056,3173,Spezia,Crotone,3.0,2.0,post
582866,2021-04-10 18:00:00,2021,115,103,Parma,AC Milan,1.0,3.0,post
582869,2021-04-10 20:45:00,2021,118,239,Udinese,Torino,0.0,1.0,post
582862,2021-04-11 12:30:00,2021,110,2925,Inter,Cagliari,1.0,0.0,post
582865,2021-04-11 15:00:00,2021,119,112,Verona,Lazio,0.0,1.0,post
582864,2021-04-11 15:00:00,2021,111,3263,Juventus,Genoa,3.0,1.0,post
582867,2021-04-11 15:00:00,2021,2734,114,Sampdoria,Napoli,0.0,2.0,post
582861,2021-04-11 18:00:00,2021,104,107,AS Roma,Bologna,1.0,0.0,post
582860,2021-04-11 20:45:00,2021,109,105,Fiorentina,Atalanta,2.0,3.0,post
582868,2021-04-12 20:45:00,2021,4059,3997,Benevento,Sassuolo,0.0,1.0,post
582853,2021-04-17 15:00:00,2021,2734,119,Sampdoria,Verona,3.0,1.0,post
582859,2021-04-17 15:00:00,2021,3173,118,Crotone,Udinese,1.0,2.0,post
582851,2021-04-17 18:00:00,2021,3997,109,Sassuolo,Fiorentina,3.0,1.0,post
582856,2021-04-17 20:45:00,2021,2925,115,Cagliari,Parma,4.0,3.0,post
582852,2021-04-18 12:30:00,2021,103,3263,AC Milan,Genoa,2.0,1.0,post
582855,2021-04-18 15:00:00,2021,105,111,Atalanta,Juventus,1.0,0.0,post
582858,2021-04-18 15:00:00,2021,107,4056,Bologna,Spezia,4.0,1.0,post
582850,2021-04-18 15:00:00,2021,112,4059,Lazio,Benevento,5.0,3.0,post
582857,2021-04-18 18:00:00,2021,239,104,Torino,AS Roma,3.0,1.0,post
582854,2021-04-18 20:45:00,2021,114,110,Napoli,Inter,1.0,1.0,post
582843,2021-04-20 20:45:00,2021,119,109,Verona,Fiorentina,1.0,2.0,post
582848,2021-04-21 18:30:00,2021,103,3997,AC Milan,Sassuolo,1.0,2.0,post
582849,2021-04-21 20:45:00,2021,107,239,Bologna,Torino,1.0,1.0,post
582847,2021-04-21 20:45:00,2021,3173,2734,Crotone,Sampdoria,0.0,1.0,post
582841,2021-04-21 20:45:00,2021,3263,4059,Genoa,Benevento,2.0,2.0,post
582846,2021-04-21 20:45:00,2021,111,115,Juventus,Parma,3.0,1.0,post
582844,2021-04-21 20:45:00,2021,4056,110,Spezia,Inter,1.0,1.0,post
582842,2021-04-21 20:45:00,2021,118,2925,Udinese,Cagliari,0.0,1.0,post
582840,2021-04-22 18:30:00,2021,104,105,AS Roma,Atalanta,1.0,1.0,post
582845,2021-04-22 20:45:00,2021,114,112,Napoli,Lazio,5.0,2.0,post
582838,2021-04-24 15:00:00,2021,3263,4056,Genoa,Spezia,2.0,0.0,post
582831,2021-04-24 18:00:00,2021,115,3173,Parma,Crotone,3.0,4.0,post
582837,2021-04-24 20:45:00,2021,3997,2734,Sassuolo,Sampdoria,1.0,0.0,post
582839,2021-04-25 12:30:00,2021,4059,118,Benevento,Udinese,2.0,4.0,post
582833,2021-04-25 15:00:00,2021,109,111,Fiorentina,Juventus,1.0,1.0,post
582832,2021-04-25 15:00:00,2021,110,119,Inter,Verona,1.0,0.0,post
582836,2021-04-25 18:00:00,2021,2925,104,Cagliari,AS Roma,3.0,2.0,post
582830,2021-04-25 20:45:00,2021,105,107,Atalanta,Bologna,5.0,0.0,post
582835,2021-04-26 18:30:00,2021,239,114,Torino,Napoli,0.0,2.0,post
582834,2021-04-26 20:45:00,2021,112,103,Lazio,AC Milan,3.0,0.0,post
582829,2021-05-01 15:00:00,2021,119,4056,Verona,Spezia,1.0,1.0,post
582825,2021-05-01 18:00:00,2021,3173,110,Crotone,Inter,0.0,2.0,post
582821,2021-05-01 20:45:00,2021,103,4059,AC Milan,Benevento,2.0,0.0,post
582824,2021-05-02 12:30:00,2021,112,3263,Lazio,Genoa,4.0,3.0,post
582822,2021-05-02 15:00:00,2021,114,2925,Napoli,Cagliari,1.0,1.0,post
582820,2021-05-02 15:00:00,2021,3997,105,Sassuolo,Atalanta,1.0,1.0,post
582823,2021-05-02 15:00:00,2021,107,109,Bologna,Fiorentina,3.0,3.0,post
582826,2021-05-02 18:00:00,2021,118,111,Udinese,Juventus,1.0,2.0,post
582828,2021-05-02 20:45:00,2021,2734,104,Sampdoria,AS Roma,2.0,0.0,post
582827,2021-05-03 20:45:00,2021,239,115,Torino,Parma,1.0,0.0,post
582816,2021-05-08 15:00:00,2021,4056,114,Spezia,Napoli,1.0,4.0,post
582811,2021-05-08 15:00:00,2021,118,107,Udinese,Bologna,1.0,1.0,post
582817,2021-05-08 18:00:00,2021,110,2734,Inter,Sampdoria,5.0,1.0,post
582814,2021-05-08 20:45:00,2021,109,112,Fiorentina,Lazio,2.0,0.0,post
582818,2021-05-09 12:30:00,2021,3263,3997,Genoa,Sassuolo,1.0,2.0,post
582812,2021-05-09 15:00:00,2021,4059,2925,Benevento,Cagliari,1.0,3.0,post
582819,2021-05-09 15:00:00,2021,119,239,Verona,Torino,1.0,1.0,post
582810,2021-05-09 15:00:00,2021,115,105,Parma,Atalanta,2.0,5.0,post
582813,2021-05-09 18:00:00,2021,104,3173,AS Roma,Crotone,5.0,0.0,post
582815,2021-05-09 20:45:00,2021,111,103,Juventus,AC Milan,0.0,3.0,post
582809,2021-05-11 20:45:00,2021,114,118,Napoli,Udinese,5.0,1.0,post
582801,2021-05-12 18:30:00,2021,2925,109,Cagliari,Fiorentina,0.0,0.0,post
582804,2021-05-12 20:45:00,2021,3997,111,Sassuolo,Juventus,1.0,3.0,post
582805,2021-05-12 20:45:00,2021,239,103,Torino,AC Milan,0.0,7.0,post
582808,2021-05-12 20:45:00,2021,2734,4056,Sampdoria,Spezia,2.0,2.0,post
582807,2021-05-12 20:45:00,2021,110,104,Inter,AS Roma,3.0,1.0,post
582802,2021-05-12 20:45:00,2021,107,3263,Bologna,Genoa,0.0,2.0,post
582800,2021-05-12 20:45:00,2021,105,4059,Atalanta,Benevento,2.0,0.0,post
582806,2021-05-12 20:45:00,2021,112,115,Lazio,Parma,1.0,0.0,post
582803,2021-05-13 20:45:00,2021,3173,119,Crotone,Verona,2.0,1.0,post
582790,2021-05-15 15:00:00,2021,3263,105,Genoa,Atalanta,3.0,4.0,post
582799,2021-05-15 15:00:00,2021,4056,239,Spezia,Torino,4.0,1.0,post
582794,2021-05-15 18:00:00,2021,111,110,Juventus,Inter,3.0,2.0,post
582795,2021-05-15 20:45:00,2021,104,112,AS Roma,Lazio,2.0,0.0,post
582796,2021-05-16 12:30:00,2021,109,114,Fiorentina,Napoli,0.0,2.0,post
582793,2021-05-16 15:00:00,2021,4059,3173,Benevento,Crotone,1.0,1.0,post
582797,2021-05-16 15:00:00,2021,118,2734,Udinese,Sampdoria,0.0,1.0,post
582798,2021-05-16 18:00:00,2021,115,3997,Parma,Sassuolo,1.0,3.0,post
582792,2021-05-16 20:45:00,2021,103,2925,AC Milan,Cagliari,0.0,0.0,post
582791,2021-05-17 20:45:00,2021,119,107,Verona,Bologna,2.0,2.0,post
582918,2021-05-18 20:30:00,2021,112,239,Lazio,Torino,0.0,0.0,post
582787,2021-05-22 20:45:00,2021,2734,115,Sampdoria,Parma,3.0,0.0,post
582781,2021-05-22 20:45:00,2021,3173,109,Crotone,Fiorentina,0.0,0.0,post
582782,2021-05-22 20:45:00,2021,2925,3263,Cagliari,Genoa,0.0,1.0,post
582789,2021-05-23 15:00:00,2021,110,118,Inter,Udinese,5.0,1.0,post
582786,2021-05-23 20:45:00,2021,105,103,Atalanta,AC Milan,0.0,2.0,post
582784,2021-05-23 20:45:00,2021,107,111,Bologna,Juventus,1.0,4.0,post
582783,2021-05-23 20:45:00,2021,114,119,Napoli,Verona,1.0,1.0,post
582785,2021-05-23 20:45:00,2021,3997,112,Sassuolo,Lazio,2.0,0.0,post
582788,2021-05-23 20:45:00,2021,4056,104,Spezia,AS Roma,2.0,2.0,post
582780,2021-05-23 20:45:00,2021,239,4059,Torino,Benevento,1.0,1.0,post
614923,2021-08-21 18:30:00,2021,119,3997,Verona,Sassuolo,2.0,3.0,post
614918,2021-08-21 18:30:00,2021,110,3263,Inter,Genoa,4.0,0.0,post
614920,2021-08-21 20:45:00,2021,2574,112,Empoli,Lazio,1.0,3.0,post
614916,2021-08-21 20:45:00,2021,239,105,Torino,Atalanta,1.0,2.0,post
614922,2021-08-22 18:30:00,2021,107,3240,Bologna,Salernitana,3.0,2.0,post
614919,2021-08-22 18:30:00,2021,118,111,Udinese,Juventus,2.0,2.0,post
614917,2021-08-22 20:45:00,2021,104,109,AS Roma,Fiorentina,3.0,1.0,post
614925,2021-08-22 20:45:00,2021,114,17530,Napoli,Venezia,2.0,0.0,post
614924,2021-08-23 18:30:00,2021,2925,4056,Cagliari,Spezia,2.0,2.0,post
614921,2021-08-23 20:45:00,2021,2734,103,Sampdoria,AC Milan,0.0,1.0,post
614915,2021-08-27 18:30:00,2021,118,17530,Udinese,Venezia,3.0,0.0,post
614909,2021-08-27 20:45:00,2021,119,110,Verona,Inter,1.0,3.0,post
614906,2021-08-28 18:30:00,2021,105,107,Atalanta,Bologna,0.0,0.0,post
614913,2021-08-28 18:30:00,2021,112,4056,Lazio,Spezia,6.0,1.0,post
614914,2021-08-28 20:45:00,2021,109,239,Fiorentina,Torino,2.0,1.0,post
614908,2021-08-28 20:45:00,2021,111,2574,Juventus,Empoli,0.0,1.0,post
614910,2021-08-29 18:30:00,2021,3263,114,Genoa,Napoli,1.0,2.0,post
614912,2021-08-29 18:30:00,2021,3997,2734,Sassuolo,Sampdoria,0.0,0.0,post
614907,2021-08-29 20:45:00,2021,103,2925,AC Milan,Cagliari,4.0,1.0,post
614911,2021-08-29 20:45:00,2021,3240,104,Salernitana,AS Roma,0.0,4.0,post
614905,2021-09-11 15:00:00,2021,2574,17530,Empoli,Venezia,1.0,2.0,post
614900,2021-09-11 18:00:00,2021,114,111,Napoli,Juventus,2.0,1.0,post
614896,2021-09-11 20:45:00,2021,105,109,Atalanta,Fiorentina,1.0,2.0,post
614899,2021-09-12 12:30:00,2021,2734,110,Sampdoria,Inter,2.0,2.0,post
614904,2021-09-12 15:00:00,2021,4056,118,Spezia,Udinese,0.0,1.0,post
614902,2021-09-12 15:00:00,2021,239,3240,Torino,Salernitana,4.0,0.0,post
614897,2021-09-12 15:00:00,2021,2925,3263,Cagliari,Genoa,2.0,3.0,post
614901,2021-09-12 18:00:00,2021,103,112,AC Milan,Lazio,2.0,0.0,post
614903,2021-09-12 20:45:00,2021,104,3997,AS Roma,Sassuolo,2.0,1.0,post
614898,2021-09-13 20:45:00,2021,107,119,Bologna,Verona,1.0,0.0,post
614895,2021-09-17 20:45:00,2021,3997,239,Sassuolo,Torino,0.0,1.0,post
614889,2021-09-18 15:00:00,2021,3263,109,Genoa,Fiorentina,1.0,2.0,post
614887,2021-09-18 18:00:00,2021,110,107,Inter,Bologna,6.0,1.0,post
614886,2021-09-18 20:45:00,2021,3240,105,Salernitana,Atalanta,0.0,1.0,post
614893,2021-09-19 12:30:00,2021,2574,2734,Empoli,Sampdoria,0.0,3.0,post
614894,2021-09-19 15:00:00,2021,17530,4056,Venezia,Spezia,1.0,2.0,post
614892,2021-09-19 18:00:00,2021,119,104,Verona,AS Roma,3.0,2.0,post
614888,2021-09-19 18:00:00,2021,112,2925,Lazio,Cagliari,2.0,2.0,post
614890,2021-09-19 20:45:00,2021,111,103,Juventus,AC Milan,1.0,1.0,post
614891,2021-09-20 20:45:00,2021,118,114,Udinese,Napoli,0.0,4.0,post
614877,2021-09-21 18:30:00,2021,107,3263,Bologna,Genoa,2.0,2.0,post
614883,2021-09-21 20:45:00,2021,105,3997,Atalanta,Sassuolo,2.0,1.0,post
614879,2021-09-21 20:45:00,2021,109,110,Fiorentina,Inter,1.0,3.0,post
614880,2021-09-22 18:30:00,2021,4056,111,Spezia,Juventus,2.0,3.0,post
614878,2021-09-22 18:30:00,2021,3240,119,Salernitana,Verona,2.0,2.0,post
614876,2021-09-22 20:45:00,2021,2925,2574,Cagliari,Empoli,0.0,2.0,post
614885,2021-09-22 20:45:00,2021,103,17530,AC Milan,Venezia,2.0,0.0,post
614882,2021-09-23 18:30:00,2021,2734,114,Sampdoria,Napoli,0.0,4.0,post
614881,2021-09-23 18:30:00,2021,239,112,Torino,Lazio,1.0,1.0,post
614884,2021-09-23 20:45:00,2021,104,118,AS Roma,Udinese,1.0,0.0,post
614871,2021-09-25 15:00:00,2021,4056,103,Spezia,AC Milan,1.0,2.0,post
614866,2021-09-25 18:00:00,2021,110,105,Inter,Atalanta,2.0,2.0,post
614870,2021-09-25 20:45:00,2021,3263,119,Genoa,Verona,3.0,3.0,post
614874,2021-09-26 12:30:00,2021,111,2734,Juventus,Sampdoria,3.0,2.0,post
614869,2021-09-26 15:00:00,2021,118,109,Udinese,Fiorentina,0.0,1.0,post
614873,2021-09-26 15:00:00,2021,3997,3240,Sassuolo,Salernitana,1.0,0.0,post
614867,2021-09-26 15:00:00,2021,2574,107,Empoli,Bologna,4.0,2.0,post
614872,2021-09-26 18:00:00,2021,112,104,Lazio,AS Roma,3.0,2.0,post
614868,2021-09-26 20:45:00,2021,114,2925,Napoli,Cagliari,2.0,0.0,post
614875,2021-09-27 20:45:00,2021,17530,239,Venezia,Torino,1.0,1.0,post
614865,2021-10-01 20:45:00,2021,2925,17530,Cagliari,Venezia,1.0,1.0,post
614857,2021-10-02 15:00:00,2021,3240,3263,Salernitana,Genoa,1.0,0.0,post
614859,2021-10-02 18:00:00,2021,239,111,Torino,Juventus,0.0,1.0,post
614858,2021-10-02 20:45:00,2021,3997,110,Sassuolo,Inter,1.0,2.0,post
614860,2021-10-03 12:30:00,2021,107,112,Bologna,Lazio,3.0,0.0,post
614863,2021-10-03 15:00:00,2021,119,4056,Verona,Spezia,4.0,0.0,post
614864,2021-10-03 15:00:00,2021,2734,118,Sampdoria,Udinese,3.0,3.0,post
614856,2021-10-03 18:00:00,2021,104,2574,AS Roma,Empoli,2.0,0.0,post
614862,2021-10-03 18:00:00,2021,109,114,Fiorentina,Napoli,1.0,2.0,post
614861,2021-10-03 20:45:00,2021,105,103,Atalanta,AC Milan,2.0,3.0,post
614852,2021-10-16 15:00:00,2021,4056,3240,Spezia,Salernitana,2.0,1.0,post
614850,2021-10-16 18:00:00,2021,112,110,Lazio,Inter,3.0,1.0,post
614849,2021-10-16 20:45:00,2021,103,119,AC Milan,Verona,3.0,2.0,post
614853,2021-10-17 12:30:00,2021,2925,2734,Cagliari,Sampdoria,3.0,1.0,post
614846,2021-10-17 15:00:00,2021,2574,105,Empoli,Atalanta,1.0,4.0,post
614854,2021-10-17 15:00:00,2021,3263,3997,Genoa,Sassuolo,2.0,2.0,post
614847,2021-10-17 15:00:00,2021,118,107,Udinese,Bologna,1.0,1.0,post
614855,2021-10-17 18:00:00,2021,114,239,Napoli,Torino,1.0,0.0,post
614851,2021-10-17 20:45:00,2021,111,104,Juventus,AS Roma,1.0,0.0,post
614848,2021-10-18 20:45:00,2021,17530,109,Venezia,Fiorentina,1.0,0.0,post
614838,2021-10-22 18:30:00,2021,239,3263,Torino,Genoa,3.0,2.0,post
614843,2021-10-22 20:45:00,2021,2734,4056,Sampdoria,Spezia,2.0,1.0,post
614837,2021-10-23 15:00:00,2021,3240,2574,Salernitana,Empoli,2.0,4.0,post
614845,2021-10-23 18:00:00,2021,3997,17530,Sassuolo,Venezia,3.0,1.0,post
614841,2021-10-23 20:45:00,2021,107,103,Bologna,AC Milan,2.0,4.0,post
614844,2021-10-24 12:30:00,2021,105,118,Atalanta,Udinese,1.0,1.0,post
614836,2021-10-24 15:00:00,2021,109,2925,Fiorentina,Cagliari,3.0,0.0,post
614840,2021-10-24 15:00:00,2021,119,112,Verona,Lazio,4.0,1.0,post
614842,2021-10-24 18:00:00,2021,104,114,AS Roma,Napoli,0.0,0.0,post
614839,2021-10-24 20:45:00,2021,110,111,Inter,Juventus,1.0,1.0,post
614833,2021-10-26 18:30:00,2021,17530,3240,Venezia,Salernitana,1.0,2.0,post
614829,2021-10-26 18:30:00,2021,4056,3263,Spezia,Genoa,1.0,1.0,post
614835,2021-10-26 20:45:00,2021,103,239,AC Milan,Torino,1.0,0.0,post
614834,2021-10-27 18:30:00,2021,111,3997,Juventus,Sassuolo,1.0,2.0,post
614826,2021-10-27 18:30:00,2021,2734,105,Sampdoria,Atalanta,1.0,3.0,post
614830,2021-10-27 18:30:00,2021,118,119,Udinese,Verona,1.0,1.0,post
614828,2021-10-27 20:45:00,2021,112,109,Lazio,Fiorentina,1.0,0.0,post
614832,2021-10-27 20:45:00,2021,2925,104,Cagliari,AS Roma,1.0,2.0,post
614831,2021-10-27 20:45:00,2021,2574,110,Empoli,Inter,0.0,2.0,post
614827,2021-10-28 20:45:00,2021,114,107,Napoli,Bologna,3.0,0.0,post
614819,2021-10-30 15:00:00,2021,105,112,Atalanta,Lazio,2.0,2.0,post
614818,2021-10-30 18:00:00,2021,119,111,Verona,Juventus,2.0,1.0,post
614822,2021-10-30 20:45:00,2021,239,2734,Torino,Sampdoria,3.0,0.0,post
614824,2021-10-31 12:30:00,2021,110,118,Inter,Udinese,2.0,0.0,post
614823,2021-10-31 15:00:00,2021,109,4056,Fiorentina,Spezia,3.0,0.0,post
614825,2021-10-31 15:00:00,2021,3263,17530,Genoa,Venezia,0.0,0.0,post
614817,2021-10-31 15:00:00,2021,3997,2574,Sassuolo,Empoli,1.0,2.0,post
614821,2021-10-31 18:00:00,2021,3240,114,Salernitana,Napoli,0.0,1.0,post
614820,2021-10-31 20:45:00,2021,104,103,AS Roma,AC Milan,1.0,2.0,post
614816,2021-11-01 20:45:00,2021,107,2925,Bologna,Cagliari,2.0,0.0,post
614809,2021-11-05 20:45:00,2021,2574,3263,Empoli,Genoa,2.0,2.0,post
614815,2021-11-06 15:00:00,2021,4056,239,Spezia,Torino,1.0,0.0,post
614808,2021-11-06 18:00:00,2021,111,109,Juventus,Fiorentina,1.0,0.0,post
614806,2021-11-06 20:45:00,2021,2925,105,Cagliari,Atalanta,1.0,2.0,post
614812,2021-11-07 12:30:00,2021,17530,104,Venezia,AS Roma,3.0,2.0,post
614807,2021-11-07 15:00:00,2021,2734,107,Sampdoria,Bologna,1.0,2.0,post
614814,2021-11-07 15:00:00,2021,118,3997,Udinese,Sassuolo,3.0,2.0,post
614810,2021-11-07 18:00:00,2021,114,119,Napoli,Verona,1.0,1.0,post
614813,2021-11-07 18:00:00,2021,112,3240,Lazio,Salernitana,3.0,0.0,post
614811,2021-11-07 20:45:00,2021,103,110,AC Milan,Inter,1.0,1.0,post
614803,2021-11-20 15:00:00,2021,105,4056,Atalanta,Spezia,5.0,2.0,post
614798,2021-11-20 18:00:00,2021,112,111,Lazio,Juventus,0.0,2.0,post
614799,2021-11-20 20:45:00,2021,109,103,Fiorentina,AC Milan,4.0,3.0,post
614796,2021-11-21 12:30:00,2021,3997,2925,Sassuolo,Cagliari,2.0,2.0,post
614805,2021-11-21 15:00:00,2021,107,17530,Bologna,Venezia,0.0,1.0,post
614802,2021-11-21 15:00:00,2021,3240,2734,Salernitana,Sampdoria,0.0,2.0,post
614800,2021-11-21 18:00:00,2021,110,114,Inter,Napoli,3.0,2.0,post
614801,2021-11-21 20:45:00,2021,3263,104,Genoa,AS Roma,0.0,2.0,post
614797,2021-11-22 18:30:00,2021,119,2574,Verona,Empoli,2.0,1.0,post
614804,2021-11-22 20:45:00,2021,239,118,Torino,Udinese,2.0,1.0,post
614793,2021-11-26 20:45:00,2021,2925,3240,Cagliari,Salernitana,1.0,1.0,post
614788,2021-11-27 15:00:00,2021,2574,109,Empoli,Fiorentina,2.0,1.0,post
614790,2021-11-27 15:00:00,2021,2734,119,Sampdoria,Verona,3.0,1.0,post
614786,2021-11-27 18:00:00,2021,111,105,Juventus,Atalanta,0.0,1.0,post
614791,2021-11-27 20:45:00,2021,17530,110,Venezia,Inter,0.0,2.0,post
614789,2021-11-28 12:30:00,2021,118,3263,Udinese,Genoa,0.0,0.0,post
614794,2021-11-28 15:00:00,2021,103,3997,AC Milan,Sassuolo,1.0,3.0,post
614787,2021-11-28 15:00:00,2021,4056,107,Spezia,Bologna,0.0,1.0,post
614795,2021-11-28 18:00:00,2021,104,239,AS Roma,Torino,1.0,0.0,post
614792,2021-11-28 20:45:00,2021,114,112,Napoli,Lazio,4.0,0.0,post
614785,2021-11-30 18:30:00,2021,105,17530,Atalanta,Venezia,4.0,0.0,post
614782,2021-11-30 18:30:00,2021,109,2734,Fiorentina,Sampdoria,3.0,1.0,post
614776,2021-11-30 20:45:00,2021,119,2925,Verona,Cagliari,0.0,0.0,post
614778,2021-11-30 20:45:00,2021,3240,111,Salernitana,Juventus,0.0,2.0,post
614783,2021-12-01 18:30:00,2021,110,4056,Inter,Spezia,2.0,0.0,post
614781,2021-12-01 18:30:00,2021,107,104,Bologna,AS Roma,1.0,0.0,post
614779,2021-12-01 20:45:00,2021,3263,103,Genoa,AC Milan,0.0,3.0,post
614780,2021-12-01 20:45:00,2021,3997,114,Sassuolo,Napoli,2.0,2.0,post
614777,2021-12-02 18:30:00,2021,239,2574,Torino,Empoli,2.0,2.0,post
614784,2021-12-02 20:45:00,2021,112,118,Lazio,Udinese,4.0,4.0,post
614772,2021-12-04 15:00:00,2021,103,3240,AC Milan,Salernitana,2.0,0.0,post
614770,2021-12-04 18:00:00,2021,104,110,AS Roma,Inter,0.0,3.0,post
614766,2021-12-04 20:45:00,2021,114,105,Napoli,Atalanta,2.0,3.0,post
614767,2021-12-05 12:30:00,2021,107,109,Bologna,Fiorentina,2.0,3.0,post
614773,2021-12-05 15:00:00,2021,4056,3997,Spezia,Sassuolo,2.0,2.0,post
614769,2021-12-05 15:00:00,2021,17530,119,Venezia,Verona,3.0,4.0,post
614771,2021-12-05 18:00:00,2021,2734,112,Sampdoria,Lazio,1.0,3.0,post
614768,2021-12-05 20:45:00,2021,111,3263,Juventus,Genoa,2.0,0.0,post
614775,2021-12-06 18:30:00,2021,2574,118,Empoli,Udinese,3.0,1.0,post
614774,2021-12-06 20:45:00,2021,2925,239,Cagliari,Torino,1.0,1.0,post
614764,2021-12-10 20:45:00,2021,3263,2734,Genoa,Sampdoria,1.0,3.0,post
614763,2021-12-11 15:00:00,2021,109,3240,Fiorentina,Salernitana,4.0,0.0,post
614760,2021-12-11 18:00:00,2021,17530,111,Venezia,Juventus,1.0,1.0,post
614762,2021-12-11 20:45:00,2021,118,103,Udinese,AC Milan,1.0,1.0,post
614757,2021-12-12 12:30:00,2021,239,107,Torino,Bologna,2.0,1.0,post
614756,2021-12-12 15:00:00,2021,119,105,Verona,Atalanta,1.0,2.0,post
614759,2021-12-12 18:00:00,2021,114,2574,Napoli,Empoli,0.0,1.0,post
614761,2021-12-12 18:00:00,2021,3997,112,Sassuolo,Lazio,2.0,1.0,post
614758,2021-12-12 20:45:00,2021,110,2925,Inter,Cagliari,4.0,0.0,post
614765,2021-12-13 20:45:00,2021,104,4056,AS Roma,Spezia,2.0,0.0,post
614747,2021-12-17 18:30:00,2021,112,3263,Lazio,Genoa,3.0,1.0,post
614749,2021-12-17 20:45:00,2021,3240,110,Salernitana,Inter,0.0,5.0,post
614752,2021-12-18 15:00:00,2021,105,104,Atalanta,AS Roma,1.0,4.0,post
614750,2021-12-18 18:00:00,2021,107,111,Bologna,Juventus,0.0,2.0,post
614754,2021-12-18 20:45:00,2021,2925,118,Cagliari,Udinese,0.0,4.0,post
614753,2021-12-19 12:30:00,2021,109,3997,Fiorentina,Sassuolo,2.0,2.0,post
614746,2021-12-19 15:00:00,2021,4056,2574,Spezia,Empoli,1.0,1.0,post
614755,2021-12-19 18:00:00,2021,2734,17530,Sampdoria,Venezia,1.0,1.0,post
614748,2021-12-19 18:00:00,2021,239,119,Torino,Verona,1.0,0.0,post
614751,2021-12-19 20:45:00,2021,103,114,AC Milan,Napoli,0.0,1.0,post
614738,2021-12-21 20:45:00,2021,111,2925,Juventus,Cagliari,2.0,0.0,post
614736,2021-12-21 20:45:00,2021,3263,105,Genoa,Atalanta,0.0,0.0,post
614737,2021-12-22 16:30:00,2021,3997,107,Sassuolo,Bologna,0.0,3.0,post
614740,2021-12-22 16:30:00,2021,17530,112,Venezia,Lazio,1.0,3.0,post
614743,2021-12-22 18:30:00,2021,104,2734,AS Roma,Sampdoria,1.0,1.0,post
614739,2021-12-22 18:30:00,2021,119,109,Verona,Fiorentina,1.0,1.0,post
614745,2021-12-22 18:30:00,2021,110,239,Inter,Torino,1.0,0.0,post
614741,2021-12-22 20:45:00,2021,2574,103,Empoli,AC Milan,2.0,4.0,post
614744,2021-12-22 20:45:00,2021,114,4056,Napoli,Spezia,0.0,1.0,post
614726,2022-01-06 12:30:00,2022,2734,2925,Sampdoria,Cagliari,1.0,2.0,post
614727,2022-01-06 14:30:00,2022,112,2574,Lazio,Empoli,3.0,3.0,post
614729,2022-01-06 14:30:00,2022,4056,119,Spezia,Verona,1.0,2.0,post
614728,2022-01-06 16:30:00,2022,3997,3263,Sassuolo,Genoa,1.0,1.0,post
614732,2022-01-06 18:30:00,2022,103,104,AC Milan,AS Roma,3.0,1.0,post
614731,2022-01-06 20:45:00,2022,111,114,Juventus,Napoli,1.0,1.0,post
614721,2022-01-09 12:30:00,2022,17530,103,Venezia,AC Milan,0.0,3.0,post
614724,2022-01-09 14:30:00,2022,2574,3997,Empoli,Sassuolo,1.0,5.0,post
614716,2022-01-09 16:30:00,2022,118,105,Udinese,Atalanta,2.0,6.0,post
614723,2022-01-09 16:30:00,2022,114,2734,Napoli,Sampdoria,1.0,0.0,post
614719,2022-01-09 18:30:00,2022,104,111,AS Roma,Juventus,3.0,4.0,post
614725,2022-01-09 18:30:00,2022,3263,4056,Genoa,Spezia,0.0,1.0,post
614722,2022-01-09 20:45:00,2022,119,3240,Verona,Salernitana,1.0,2.0,post
614720,2022-01-09 20:45:00,2022,110,112,Inter,Lazio,2.0,1.0,post
614718,2022-01-10 17:00:00,2022,239,109,Torino,Fiorentina,4.0,0.0,post
614717,2022-01-11 20:45:00,2022,2925,107,Cagliari,Bologna,2.0,1.0,post
614714,2022-01-15 15:00:00,2022,2734,239,Sampdoria,Torino,1.0,2.0,post
614711,2022-01-15 18:00:00,2022,3240,112,Salernitana,Lazio,0.0,3.0,post
614715,2022-01-15 20:45:00,2022,111,118,Juventus,Udinese,2.0,0.0,post
614709,2022-01-16 12:30:00,2022,3997,119,Sassuolo,Verona,2.0,4.0,post
614707,2022-01-16 15:00:00,2022,17530,2574,Venezia,Empoli,1.0,1.0,post
614706,2022-01-16 18:00:00,2022,104,2925,AS Roma,Cagliari,1.0,0.0,post
614710,2022-01-16 20:45:00,2022,105,110,Atalanta,Inter,0.0,0.0,post
614713,2022-01-17 18:30:00,2022,103,4056,AC Milan,Spezia,1.0,2.0,post
614712,2022-01-17 18:30:00,2022,107,114,Bologna,Napoli,0.0,2.0,post
614708,2022-01-17 20:45:00,2022,109,3263,Fiorentina,Genoa,6.0,0.0,post
614697,2022-01-21 20:45:00,2022,119,107,Verona,Bologna,2.0,1.0,post
614704,2022-01-22 15:00:00,2022,3263,118,Genoa,Udinese,0.0,0.0,post
614705,2022-01-22 18:00:00,2022,110,17530,Inter,Venezia,2.0,1.0,post
614696,2022-01-22 20:45:00,2022,112,105,Lazio,Atalanta,0.0,0.0,post
614698,2022-01-23 12:30:00,2022,2925,109,Cagliari,Fiorentina,1.0,1.0,post
614701,2022-01-23 15:00:00,2022,114,3240,Napoli,Salernitana,4.0,1.0,post
614702,2022-01-23 15:00:00,2022,4056,2734,Spezia,Sampdoria,1.0,0.0,post
614703,2022-01-23 15:00:00,2022,239,3997,Torino,Sassuolo,1.0,1.0,post
614700,2022-01-23 18:00:00,2022,2574,104,Empoli,AS Roma,2.0,4.0,post
614699,2022-01-23 20:45:00,2022,103,111,AC Milan,Juventus,0.0,0.0,post
614688,2022-02-05 15:00:00,2022,104,3263,AS Roma,Genoa,0.0,0.0,post
614691,2022-02-05 18:00:00,2022,110,103,Inter,AC Milan,1.0,2.0,post
614690,2022-02-05 20:45:00,2022,109,112,Fiorentina,Lazio,0.0,3.0,post
614686,2022-02-06 12:30:00,2022,105,2925,Atalanta,Cagliari,1.0,2.0,post
614687,2022-02-06 15:00:00,2022,107,2574,Bologna,Empoli,0.0,0.0,post
614693,2022-02-06 15:00:00,2022,2734,3997,Sampdoria,Sassuolo,4.0,0.0,post
614692,2022-02-06 15:00:00,2022,17530,114,Venezia,Napoli,0.0,2.0,post
614695,2022-02-06 18:00:00,2022,118,239,Udinese,Torino,2.0,0.0,post
614689,2022-02-06 20:45:00,2022,111,119,Juventus,Verona,2.0,0.0,post
614694,2022-02-07 20:45:00,2022,3240,4056,Salernitana,Spezia,2.0,2.0,post
614676,2022-02-12 15:00:00,2022,112,107,Lazio,Bologna,3.0,0.0,post
614679,2022-02-12 18:00:00,2022,114,110,Napoli,Inter,1.0,1.0,post
614685,2022-02-12 20:45:00,2022,239,17530,Torino,Venezia,1.0,2.0,post
614683,2022-02-13 12:30:00,2022,103,2734,AC Milan,Sampdoria,1.0,0.0,post
614677,2022-02-13 15:00:00,2022,2574,2925,Empoli,Cagliari,1.0,1.0,post
614682,2022-02-13 15:00:00,2022,3263,3240,Genoa,Salernitana,1.0,1.0,post
614684,2022-02-13 15:00:00,2022,119,118,Verona,Udinese,4.0,0.0,post
614681,2022-02-13 18:00:00,2022,3997,104,Sassuolo,AS Roma,2.0,2.0,post
614680,2022-02-13 20:45:00,2022,105,111,Atalanta,Juventus,1.0,1.0,post
614678,2022-02-14 20:45:00,2022,4056,109,Spezia,Fiorentina,1.0,2.0,post
614675,2022-02-18 20:45:00,2022,111,239,Juventus,Torino,1.0,1.0,post
614667,2022-02-19 15:00:00,2022,2734,2574,Sampdoria,Empoli,2.0,0.0,post
614669,2022-02-19 18:00:00,2022,104,119,AS Roma,Verona,2.0,2.0,post
614671,2022-02-19 20:45:00,2022,3240,103,Salernitana,AC Milan,2.0,2.0,post
614666,2022-02-20 12:30:00,2022,109,105,Fiorentina,Atalanta,1.0,0.0,post
614668,2022-02-20 15:00:00,2022,17530,3263,Venezia,Genoa,1.0,1.0,post
614673,2022-02-20 18:00:00,2022,110,3997,Inter,Sassuolo,0.0,2.0,post
614670,2022-02-20 20:45:00,2022,118,112,Udinese,Lazio,1.0,1.0,post
614672,2022-02-21 19:00:00,2022,2925,114,Cagliari,Napoli,1.0,1.0,post
614674,2022-02-21 21:00:00,2022,107,4056,Bologna,Spezia,2.0,1.0,post
614664,2022-02-25 18:50:00,2022,103,118,AC Milan,Udinese,1.0,1.0,post
614659,2022-02-25 21:05:00,2022,3263,110,Genoa,Inter,0.0,0.0,post
614656,2022-02-26 15:05:00,2022,3240,107,Salernitana,Bologna,1.0,1.0,post
614660,2022-02-26 18:05:00,2022,2574,111,Empoli,Juventus,2.0,3.0,post
614658,2022-02-26 20:50:00,2022,3997,109,Sassuolo,Fiorentina,2.0,1.0,post
614657,2022-02-27 12:35:00,2022,239,2925,Torino,Cagliari,1.0,2.0,post
614665,2022-02-27 15:05:00,2022,119,17530,Verona,Venezia,3.0,1.0,post
614662,2022-02-27 18:05:00,2022,4056,104,Spezia,AS Roma,0.0,1.0,post
614661,2022-02-27 20:50:00,2022,112,114,Lazio,Napoli,1.0,2.0,post
614663,2022-02-28 20:50:00,2022,105,2734,Atalanta,Sampdoria,4.0,0.0,post
614651,2022-03-04 20:45:00,2022,110,3240,Inter,Salernitana,5.0,0.0,post
614652,2022-03-05 15:00:00,2022,118,2734,Udinese,Sampdoria,2.0,1.0,post
614646,2022-03-05 18:00:00,2022,104,105,AS Roma,Atalanta,1.0,0.0,post
614649,2022-03-05 20:45:00,2022,2925,112,Cagliari,Lazio,0.0,3.0,post
614647,2022-03-06 12:30:00,2022,3263,2574,Genoa,Empoli,0.0,0.0,post
614653,2022-03-06 15:00:00,2022,17530,3997,Venezia,Sassuolo,1.0,4.0,post
614655,2022-03-06 15:00:00,2022,107,239,Bologna,Torino,0.0,0.0,post
614648,2022-03-06 15:00:00,2022,109,119,Fiorentina,Verona,1.0,1.0,post
614654,2022-03-06 18:00:00,2022,111,4056,Juventus,Spezia,1.0,0.0,post
614650,2022-03-06 20:45:00,2022,114,103,Napoli,AC Milan,0.0,1.0,post
614644,2022-03-12 15:00:00,2022,3240,3997,Salernitana,Sassuolo,2.0,2.0,post
614637,2022-03-12 15:00:00,2022,4056,2925,Spezia,Cagliari,2.0,0.0,post
614641,2022-03-12 18:00:00,2022,2734,111,Sampdoria,Juventus,1.0,3.0,post
614638,2022-03-12 20:45:00,2022,103,2574,AC Milan,Empoli,1.0,0.0,post
614636,2022-03-13 12:30:00,2022,109,107,Fiorentina,Bologna,1.0,0.0,post
614642,2022-03-13 15:00:00,2022,119,114,Verona,Napoli,1.0,2.0,post
614639,2022-03-13 18:00:00,2022,105,3263,Atalanta,Genoa,0.0,0.0,post
614643,2022-03-13 18:00:00,2022,118,104,Udinese,AS Roma,1.0,1.0,post
614640,2022-03-13 20:45:00,2022,239,110,Torino,Inter,1.0,1.0,post
614645,2022-03-14 20:45:00,2022,112,17530,Lazio,Venezia,1.0,0.0,post
614633,2022-03-18 18:45:00,2022,3997,4056,Sassuolo,Spezia,4.0,1.0,post
614634,2022-03-18 21:00:00,2022,3263,239,Genoa,Torino,1.0,0.0,post
614635,2022-03-19 15:00:00,2022,114,118,Napoli,Udinese,2.0,1.0,post
614627,2022-03-19 18:00:00,2022,110,109,Inter,Fiorentina,1.0,1.0,post
614630,2022-03-19 20:45:00,2022,2925,103,Cagliari,AC Milan,0.0,1.0,post
614632,2022-03-20 12:30:00,2022,17530,2734,Venezia,Sampdoria,0.0,2.0,post
614628,2022-03-20 15:00:00,2022,2574,119,Empoli,Verona,1.0,1.0,post
614631,2022-03-20 15:00:00,2022,111,3240,Juventus,Salernitana,2.0,0.0,post
614629,2022-03-20 18:00:00,2022,104,112,AS Roma,Lazio,3.0,0.0,post
614626,2022-03-20 20:45:00,2022,107,105,Bologna,Atalanta,0.0,1.0,post
614625,2022-04-02 15:00:00,2022,4056,17530,Spezia,Venezia,1.0,0.0,post
614623,2022-04-02 18:00:00,2022,112,3997,Lazio,Sassuolo,2.0,1.0,post
614624,2022-04-02 20:45:00,2022,3240,239,Salernitana,Torino,0.0,1.0,post
614618,2022-04-03 12:30:00,2022,109,2574,Fiorentina,Empoli,1.0,0.0,post
614621,2022-04-03 15:00:00,2022,105,114,Atalanta,Napoli,1.0,3.0,post
614617,2022-04-03 15:00:00,2022,118,2925,Udinese,Cagliari,5.0,1.0,post
614622,2022-04-03 18:00:00,2022,2734,104,Sampdoria,AS Roma,0.0,1.0,post
614620,2022-04-03 20:45:00,2022,111,110,Juventus,Inter,0.0,1.0,post
614619,2022-04-04 18:30:00,2022,119,3263,Verona,Genoa,1.0,0.0,post
614616,2022-04-04 20:45:00,2022,103,107,AC Milan,Bologna,0.0,0.0,post
614614,2022-04-09 15:00:00,2022,2574,4056,Empoli,Spezia,0.0,0.0,post
614608,2022-04-09 18:00:00,2022,110,119,Inter,Verona,2.0,0.0,post
614609,2022-04-09 20:45:00,2022,2925,111,Cagliari,Juventus,1.0,2.0,post
614610,2022-04-10 12:30:00,2022,3263,112,Genoa,Lazio,1.0,4.0,post
614607,2022-04-10 15:00:00,2022,114,109,Napoli,Fiorentina,2.0,3.0,post
614606,2022-04-10 15:00:00,2022,3997,105,Sassuolo,Atalanta,2.0,1.0,post
614615,2022-04-10 15:00:00,2022,17530,118,Venezia,Udinese,1.0,2.0,post
614612,2022-04-10 18:00:00,2022,104,3240,AS Roma,Salernitana,2.0,1.0,post
614611,2022-04-10 20:45:00,2022,239,103,Torino,AC Milan,0.0,0.0,post
614613,2022-04-11 20:45:00,2022,107,2734,Bologna,Sampdoria,2.0,0.0,post
614600,2022-04-15 19:00:00,2022,4056,110,Spezia,Inter,1.0,3.0,post
614598,2022-04-15 21:00:00,2022,103,3263,AC Milan,Genoa,2.0,0.0,post
614603,2022-04-16 12:30:00,2022,2925,3997,Cagliari,Sassuolo,1.0,0.0,post
614602,2022-04-16 14:30:00,2022,2734,3240,Sampdoria,Salernitana,1.0,2.0,post
614597,2022-04-16 14:30:00,2022,118,2574,Udinese,Empoli,4.0,1.0,post
614605,2022-04-16 16:30:00,2022,109,17530,Fiorentina,Venezia,1.0,0.0,post
614596,2022-04-16 18:30:00,2022,111,107,Juventus,Bologna,1.0,1.0,post
614604,2022-04-16 20:45:00,2022,112,239,Lazio,Torino,1.0,1.0,post
614601,2022-04-18 19:00:00,2022,114,104,Napoli,AS Roma,1.0,1.0,post
614599,2022-04-18 21:00:00,2022,105,119,Atalanta,Verona,1.0,2.0,post
614742,2022-04-20 18:45:00,2022,118,3240,Udinese,Salernitana,0.0,1.0,post
614594,2022-04-23 15:00:00,2022,239,4056,Torino,Spezia,2.0,1.0,post
614586,2022-04-23 15:00:00,2022,17530,105,Venezia,Atalanta,1.0,3.0,post
614592,2022-04-23 18:00:00,2022,110,104,Inter,AS Roma,3.0,1.0,post
614593,2022-04-23 20:45:00,2022,119,2734,Verona,Sampdoria,1.0,1.0,post
614588,2022-04-24 12:30:00,2022,3240,109,Salernitana,Fiorentina,2.0,1.0,post
614595,2022-04-24 15:00:00,2022,107,118,Bologna,Udinese,2.0,2.0,post
614591,2022-04-24 15:00:00,2022,2574,114,Empoli,Napoli,3.0,2.0,post
614587,2022-04-24 18:00:00,2022,3263,2925,Genoa,Cagliari,1.0,0.0,post
614590,2022-04-24 20:45:00,2022,112,103,Lazio,AC Milan,1.0,2.0,post
614589,2022-04-25 20:45:00,2022,3997,111,Sassuolo,Juventus,1.0,2.0,post
614734,2022-04-27 18:00:00,2022,109,118,Fiorentina,Udinese,0.0,4.0,post
614733,2022-04-27 20:15:00,2022,105,239,Atalanta,Torino,4.0,4.0,post
614730,2022-04-27 20:15:00,2022,107,110,Bologna,Inter,2.0,1.0,post
614579,2022-04-30 15:00:00,2022,2925,119,Cagliari,Verona,1.0,2.0,post
614583,2022-04-30 15:00:00,2022,114,3997,Napoli,Sassuolo,6.0,1.0,post
614578,2022-04-30 18:00:00,2022,2734,3263,Sampdoria,Genoa,1.0,0.0,post
614581,2022-04-30 20:45:00,2022,4056,112,Spezia,Lazio,3.0,4.0,post
614585,2022-05-01 12:30:00,2022,111,17530,Juventus,Venezia,2.0,1.0,post
614577,2022-05-01 15:00:00,2022,103,109,AC Milan,Fiorentina,1.0,0.0,post
614584,2022-05-01 15:00:00,2022,2574,239,Empoli,Torino,1.0,3.0,post
614580,2022-05-01 18:00:00,2022,118,110,Udinese,Inter,1.0,2.0,post
614576,2022-05-01 20:45:00,2022,104,107,AS Roma,Bologna,0.0,0.0,post
614582,2022-05-02 20:45:00,2022,105,3240,Atalanta,Salernitana,1.0,1.0,post
614735,2022-05-05 18:00:00,2022,3240,17530,Salernitana,Venezia,2.0,1.0,post
614569,2022-05-06 18:45:00,2022,110,2574,Inter,Empoli,4.0,2.0,post
614570,2022-05-06 21:00:00,2022,3263,111,Genoa,Juventus,2.0,1.0,post
614572,2022-05-07 15:00:00,2022,239,114,Torino,Napoli,0.0,1.0,post
614575,2022-05-07 18:00:00,2022,3997,118,Sassuolo,Udinese,1.0,1.0,post
614574,2022-05-07 20:45:00,2022,112,2734,Lazio,Sampdoria,2.0,0.0,post
614566,2022-05-08 12:30:00,2022,4056,105,Spezia,Atalanta,1.0,3.0,post
614567,2022-05-08 15:00:00,2022,17530,107,Venezia,Bologna,4.0,3.0,post
614568,2022-05-08 18:00:00,2022,3240,2925,Salernitana,Cagliari,1.0,1.0,post
614571,2022-05-08 20:45:00,2022,119,103,Verona,AC Milan,1.0,3.0,post
614573,2022-05-09 20:45:00,2022,109,104,Fiorentina,AS Roma,2.0,0.0,post
614561,2022-05-14 15:00:00,2022,2574,3240,Empoli,Salernitana,1.0,1.0,post
614564,2022-05-14 18:00:00,2022,119,239,Verona,Torino,0.0,1.0,post
614563,2022-05-14 18:00:00,2022,118,4056,Udinese,Spezia,2.0,3.0,post
614565,2022-05-14 20:45:00,2022,104,17530,AS Roma,Venezia,1.0,1.0,post
614562,2022-05-15 12:30:00,2022,107,3997,Bologna,Sassuolo,1.0,3.0,post
614558,2022-05-15 15:00:00,2022,114,3263,Napoli,Genoa,3.0,0.0,post
614556,2022-05-15 18:00:00,2022,103,105,AC Milan,Atalanta,2.0,0.0,post
614559,2022-05-15 20:45:00,2022,2925,110,Cagliari,Inter,1.0,3.0,post
614557,2022-05-16 18:30:00,2022,2734,109,Sampdoria,Fiorentina,4.0,1.0,post
614560,2022-05-16 20:45:00,2022,111,112,Juventus,Lazio,2.0,2.0,post
614553,2022-05-20 20:45:00,2022,239,104,Torino,AS Roma,0.0,3.0,post
614546,2022-05-21 17:15:00,2022,3263,107,Genoa,Bologna,0.0,1.0,post
614548,2022-05-21 20:45:00,2022,105,2574,Atalanta,Empoli,0.0,1.0,post
614550,2022-05-21 20:45:00,2022,109,111,Fiorentina,Juventus,2.0,0.0,post
614549,2022-05-21 20:45:00,2022,112,119,Lazio,Verona,3.0,3.0,post
614552,2022-05-22 12:30:00,2022,4056,114,Spezia,Napoli,0.0,3.0,post
614551,2022-05-22 18:00:00,2022,3997,103,Sassuolo,AC Milan,0.0,3.0,post
614554,2022-05-22 18:00:00,2022,110,2734,Inter,Sampdoria,3.0,0.0,post
614555,2022-05-22 21:00:00,2022,3240,118,Salernitana,Udinese,0.0,4.0,post
614547,2022-05-22 21:00:00,2022,17530,2925,Venezia,Cagliari,0.0,0.0,post
644626,2022-08-13 18:30:00,2022,103,118,AC Milan,Udinese,4.0,2.0,post
644618,2022-08-13 18:30:00,2022,2734,105,Sampdoria,Atalanta,0.0,2.0,post
644622,2022-08-13 20:45:00,2022,113,110,Lecce,Inter,1.0,2.0,post
644620,2022-08-13 20:45:00,2022,4007,239,Monza,Torino,1.0,2.0,post
644623,2022-08-14 18:30:00,2022,112,107,Lazio,Bologna,2.0,1.0,post
644625,2022-08-14 18:30:00,2022,109,4050,Fiorentina,Cremonese,3.0,2.0,post
644617,2022-08-14 20:45:00,2022,4056,2574,Spezia,Empoli,1.0,0.0,post
644619,2022-08-14 20:45:00,2022,3240,104,Salernitana,AS Roma,0.0,1.0,post
644621,2022-08-15 18:30:00,2022,119,114,Verona,Napoli,2.0,5.0,post
644624,2022-08-15 20:45:00,2022,111,3997,Juventus,Sassuolo,3.0,0.0,post
644627,2022-08-20 18:30:00,2022,239,112,Torino,Lazio,0.0,0.0,post
644636,2022-08-20 18:30:00,2022,118,3240,Udinese,Salernitana,0.0,0.0,post
644632,2022-08-20 20:45:00,2022,110,4056,Inter,Spezia,3.0,0.0,post
644628,2022-08-20 20:45:00,2022,3997,113,Sassuolo,Lecce,1.0,0.0,post
644633,2022-08-21 18:30:00,2022,2574,109,Empoli,Fiorentina,0.0,0.0,post
644631,2022-08-21 18:30:00,2022,114,4007,Napoli,Monza,4.0,0.0,post
644635,2022-08-21 20:45:00,2022,105,103,Atalanta,AC Milan,1.0,1.0,post
644634,2022-08-21 20:45:00,2022,107,119,Bologna,Verona,1.0,1.0,post
644630,2022-08-22 18:30:00,2022,104,4050,AS Roma,Cremonese,1.0,0.0,post
644629,2022-08-22 20:45:00,2022,2734,111,Sampdoria,Juventus,0.0,0.0,post
644642,2022-08-26 18:30:00,2022,4007,118,Monza,Udinese,1.0,2.0,post
644645,2022-08-26 20:45:00,2022,112,110,Lazio,Inter,3.0,1.0,post
644637,2022-08-27 18:30:00,2022,4050,239,Cremonese,Torino,1.0,2.0,post
644646,2022-08-27 18:30:00,2022,111,104,Juventus,AS Roma,1.0,1.0,post
644640,2022-08-27 20:45:00,2022,4056,3997,Spezia,Sassuolo,2.0,2.0,post
644643,2022-08-27 20:45:00,2022,103,107,AC Milan,Bologna,2.0,0.0,post
644639,2022-08-28 18:30:00,2022,119,105,Verona,Atalanta,0.0,1.0,post
644641,2022-08-28 18:30:00,2022,3240,2734,Salernitana,Sampdoria,4.0,0.0,post
644638,2022-08-28 20:45:00,2022,109,114,Fiorentina,Napoli,0.0,0.0,post
644644,2022-08-28 20:45:00,2022,113,2574,Lecce,Empoli,1.0,1.0,post
644648,2022-08-30 18:30:00,2022,3997,103,Sassuolo,AC Milan,0.0,0.0,post
644650,2022-08-30 20:45:00,2022,104,4007,AS Roma,Monza,3.0,0.0,post
644653,2022-08-30 20:45:00,2022,110,4050,Inter,Cremonese,3.0,1.0,post
644651,2022-08-31 18:30:00,2022,118,109,Udinese,Fiorentina,1.0,0.0,post
644654,2022-08-31 18:30:00,2022,2574,119,Empoli,Verona,1.0,1.0,post
644649,2022-08-31 18:30:00,2022,2734,112,Sampdoria,Lazio,1.0,1.0,post
644652,2022-08-31 20:45:00,2022,111,4056,Juventus,Spezia,2.0,0.0,post
644656,2022-08-31 20:45:00,2022,114,113,Napoli,Lecce,1.0,1.0,post
644647,2022-09-01 20:45:00,2022,105,239,Atalanta,Torino,3.0,1.0,post
644655,2022-09-01 20:45:00,2022,107,3240,Bologna,Salernitana,1.0,1.0,post
644658,2022-09-03 15:00:00,2022,109,111,Fiorentina,Juventus,1.0,1.0,post
644665,2022-09-03 18:00:00,2022,103,110,AC Milan,Inter,3.0,2.0,post
644657,2022-09-03 20:45:00,2022,112,114,Lazio,Napoli,1.0,2.0,post
644666,2022-09-04 12:30:00,2022,4050,3997,Cremonese,Sassuolo,0.0,0.0,post
644662,2022-09-04 15:00:00,2022,4056,107,Spezia,Bologna,2.0,2.0,post
644659,2022-09-04 18:00:00,2022,119,2734,Verona,Sampdoria,2.0,1.0,post
644660,2022-09-04 20:45:00,2022,118,104,Udinese,AS Roma,4.0,0.0,post
644664,2022-09-05 18:30:00,2022,4007,105,Monza,Atalanta,0.0,2.0,post
644663,2022-09-05 18:30:00,2022,3240,2574,Salernitana,Empoli,2.0,2.0,post
644661,2022-09-05 20:45:00,2022,239,113,Torino,Lecce,1.0,0.0,post
644672,2022-09-10 15:00:00,2022,114,4056,Napoli,Spezia,1.0,0.0,post
644671,2022-09-10 18:00:00,2022,110,239,Inter,Torino,1.0,0.0,post
644673,2022-09-10 20:45:00,2022,2734,103,Sampdoria,AC Milan,1.0,2.0,post
644667,2022-09-11 12:30:00,2022,105,4050,Atalanta,Cremonese,1.0,1.0,post
644675,2022-09-11 15:00:00,2022,107,109,Bologna,Fiorentina,2.0,1.0,post
644676,2022-09-11 15:00:00,2022,113,4007,Lecce,Monza,1.0,1.0,post
644674,2022-09-11 15:00:00,2022,3997,118,Sassuolo,Udinese,1.0,3.0,post
644670,2022-09-11 18:00:00,2022,112,119,Lazio,Verona,2.0,0.0,post
644669,2022-09-11 20:45:00,2022,111,3240,Juventus,Salernitana,2.0,2.0,post
644668,2022-09-12 20:45:00,2022,2574,104,Empoli,AS Roma,1.0,2.0,post
644683,2022-09-16 20:45:00,2022,3240,113,Salernitana,Lecce,1.0,2.0,post
644679,2022-09-17 15:00:00,2022,107,2574,Bologna,Empoli,0.0,1.0,post
644682,2022-09-17 18:00:00,2022,4056,2734,Spezia,Sampdoria,2.0,1.0,post
644681,2022-09-17 20:45:00,2022,239,3997,Torino,Sassuolo,0.0,1.0,post
644680,2022-09-18 12:30:00,2022,118,110,Udinese,Inter,3.0,1.0,post
644678,2022-09-18 15:00:00,2022,4050,112,Cremonese,Lazio,0.0,4.0,post
644677,2022-09-18 15:00:00,2022,109,119,Fiorentina,Verona,2.0,0.0,post
644685,2022-09-18 15:00:00,2022,4007,111,Monza,Juventus,1.0,0.0,post
644686,2022-09-18 18:00:00,2022,104,105,AS Roma,Atalanta,0.0,1.0,post
644684,2022-09-18 20:45:00,2022,103,114,AC Milan,Napoli,1.0,2.0,post
644693,2022-10-01 15:00:00,2022,114,239,Napoli,Torino,3.0,1.0,post
644689,2022-10-01 18:00:00,2022,110,104,Inter,AS Roma,1.0,2.0,post
644688,2022-10-01 20:45:00,2022,2574,103,Empoli,AC Milan,1.0,3.0,post
644691,2022-10-02 12:30:00,2022,112,4056,Lazio,Spezia,4.0,0.0,post
644692,2022-10-02 15:00:00,2022,113,4050,Lecce,Cremonese,1.0,1.0,post
644694,2022-10-02 15:00:00,2022,2734,4007,Sampdoria,Monza,0.0,3.0,post
644695,2022-10-02 15:00:00,2022,3997,3240,Sassuolo,Salernitana,5.0,0.0,post
644687,2022-10-02 18:00:00,2022,105,109,Atalanta,Fiorentina,1.0,0.0,post
644690,2022-10-02 20:45:00,2022,111,107,Juventus,Bologna,3.0,0.0,post
644696,2022-10-03 20:45:00,2022,119,118,Verona,Udinese,1.0,2.0,post
644698,2022-10-08 15:00:00,2022,3997,110,Sassuolo,Inter,1.0,2.0,post
644702,2022-10-08 18:00:00,2022,103,111,AC Milan,Juventus,2.0,0.0,post
644705,2022-10-08 20:45:00,2022,107,2734,Bologna,Sampdoria,1.0,1.0,post
644697,2022-10-09 12:30:00,2022,239,2574,Torino,Empoli,1.0,1.0,post
644706,2022-10-09 15:00:00,2022,4007,4056,Monza,Spezia,2.0,0.0,post
644699,2022-10-09 15:00:00,2022,3240,119,Salernitana,Verona,2.0,1.0,post
644701,2022-10-09 15:00:00,2022,118,105,Udinese,Atalanta,2.0,2.0,post
644704,2022-10-09 18:00:00,2022,4050,114,Cremonese,Napoli,1.0,4.0,post
644700,2022-10-09 20:45:00,2022,104,113,AS Roma,Lecce,2.0,1.0,post
644703,2022-10-10 20:45:00,2022,109,112,Fiorentina,Lazio,0.0,4.0,post
644714,2022-10-15 15:00:00,2022,2574,4007,Empoli,Monza,1.0,0.0,post
644707,2022-10-15 18:00:00,2022,239,111,Torino,Juventus,0.0,1.0,post
644715,2022-10-15 20:45:00,2022,105,3997,Atalanta,Sassuolo,2.0,1.0,post
644713,2022-10-16 12:30:00,2022,110,3240,Inter,Salernitana,2.0,0.0,post
644708,2022-10-16 15:00:00,2022,4056,4050,Spezia,Cremonese,2.0,2.0,post
644712,2022-10-16 15:00:00,2022,112,118,Lazio,Udinese,0.0,0.0,post
644710,2022-10-16 18:00:00,2022,114,107,Napoli,Bologna,3.0,2.0,post
644716,2022-10-16 20:45:00,2022,119,103,Verona,AC Milan,1.0,2.0,post
644709,2022-10-17 18:30:00,2022,2734,104,Sampdoria,AS Roma,0.0,1.0,post
644711,2022-10-17 20:45:00,2022,113,109,Lecce,Fiorentina,1.0,1.0,post
644724,2022-10-21 20:45:00,2022,111,2574,Juventus,Empoli,4.0,0.0,post
644721,2022-10-22 15:00:00,2022,3240,4056,Salernitana,Spezia,1.0,0.0,post
644723,2022-10-22 18:00:00,2022,103,4007,AC Milan,Monza,4.0,1.0,post
644725,2022-10-22 20:45:00,2022,109,110,Fiorentina,Inter,3.0,4.0,post
644719,2022-10-23 12:30:00,2022,118,239,Udinese,Torino,1.0,2.0,post
644718,2022-10-23 15:00:00,2022,107,113,Bologna,Lecce,2.0,0.0,post
644717,2022-10-23 18:00:00,2022,105,112,Atalanta,Lazio,0.0,2.0,post
644722,2022-10-23 20:45:00,2022,104,114,AS Roma,Napoli,0.0,1.0,post
644726,2022-10-24 18:30:00,2022,4050,2734,Cremonese,Sampdoria,0.0,1.0,post
644720,2022-10-24 20:45:00,2022,3997,119,Sassuolo,Verona,2.0,1.0,post
644730,2022-10-29 15:00:00,2022,114,3997,Napoli,Sassuolo,4.0,0.0,post
644732,2022-10-29 18:00:00,2022,113,111,Lecce,Juventus,0.0,1.0,post
644734,2022-10-29 20:45:00,2022,110,2734,Inter,Sampdoria,3.0,0.0,post
644735,2022-10-30 12:30:00,2022,2574,105,Empoli,Atalanta,0.0,2.0,post
644729,2022-10-30 15:00:00,2022,4056,109,Spezia,Fiorentina,1.0,2.0,post
644727,2022-10-30 15:00:00,2022,4050,118,Cremonese,Udinese,0.0,0.0,post
644733,2022-10-30 18:00:00,2022,112,3240,Lazio,Salernitana,1.0,3.0,post
644728,2022-10-30 20:45:00,2022,239,103,Torino,AC Milan,2.0,1.0,post
644731,2022-10-31 18:30:00,2022,119,104,Verona,AS Roma,1.0,3.0,post
644736,2022-10-31 20:45:00,2022,4007,107,Monza,Bologna,1.0,2.0,post
644739,2022-11-04 20:45:00,2022,118,113,Udinese,Lecce,1.0,1.0,post
644744,2022-11-05 15:00:00,2022,2574,3997,Empoli,Sassuolo,1.0,0.0,post
644738,2022-11-05 15:00:00,2022,3240,4050,Salernitana,Cremonese,2.0,2.0,post
644746,2022-11-05 18:00:00,2022,105,114,Atalanta,Napoli,1.0,2.0,post
644742,2022-11-05 20:45:00,2022,103,4056,AC Milan,Spezia,2.0,1.0,post
644745,2022-11-06 12:30:00,2022,107,239,Bologna,Torino,2.0,1.0,post
644741,2022-11-06 15:00:00,2022,4007,119,Monza,Verona,2.0,0.0,post
644737,2022-11-06 15:00:00,2022,2734,109,Sampdoria,Fiorentina,0.0,2.0,post
644740,2022-11-06 18:00:00,2022,104,112,AS Roma,Lazio,0.0,1.0,post
644743,2022-11-06 20:45:00,2022,111,110,Juventus,Inter,2.0,0.0,post
644754,2022-11-08 18:30:00,2022,114,2574,Napoli,Empoli,2.0,0.0,post
644756,2022-11-08 18:30:00,2022,4056,118,Spezia,Udinese,1.0,1.0,post
644748,2022-11-08 20:45:00,2022,4050,103,Cremonese,AC Milan,0.0,0.0,post
644755,2022-11-09 18:30:00,2022,3997,104,Sassuolo,AS Roma,1.0,1.0,post
644753,2022-11-09 18:30:00,2022,113,105,Lecce,Atalanta,2.0,1.0,post
644750,2022-11-09 20:45:00,2022,109,3240,Fiorentina,Salernitana,2.0,1.0,post
644751,2022-11-09 20:45:00,2022,110,107,Inter,Bologna,6.0,1.0,post
644747,2022-11-09 20:45:00,2022,239,2734,Torino,Sampdoria,2.0,0.0,post
644749,2022-11-10 18:30:00,2022,119,111,Verona,Juventus,0.0,1.0,post
644752,2022-11-10 20:45:00,2022,112,4007,Lazio,Monza,1.0,0.0,post
644764,2022-11-11 20:45:00,2022,2574,4050,Empoli,Cremonese,2.0,0.0,post
644760,2022-11-12 15:00:00,2022,114,118,Napoli,Udinese,3.0,2.0,post
644757,2022-11-12 18:00:00,2022,2734,113,Sampdoria,Lecce,0.0,2.0,post
644765,2022-11-12 20:45:00,2022,107,3997,Bologna,Sassuolo,3.0,0.0,post
644761,2022-11-13 12:30:00,2022,105,110,Atalanta,Inter,2.0,3.0,post
644759,2022-11-13 15:00:00,2022,104,239,AS Roma,Torino,1.0,1.0,post
644758,2022-11-13 15:00:00,2022,119,4056,Verona,Spezia,1.0,2.0,post
644766,2022-11-13 15:00:00,2022,4007,3240,Monza,Salernitana,3.0,0.0,post
644762,2022-11-13 18:00:00,2022,103,109,AC Milan,Fiorentina,2.0,1.0,post
644763,2022-11-13 20:45:00,2022,111,112,Juventus,Lazio,3.0,0.0,post
644773,2023-01-04 12:30:00,2023,3997,2734,Sassuolo,Sampdoria,1.0,2.0,post
644772,2023-01-04 12:30:00,2023,3240,103,Salernitana,AC Milan,1.0,2.0,post
644774,2023-01-04 14:30:00,2023,4056,105,Spezia,Atalanta,2.0,2.0,post
644775,2023-01-04 14:30:00,2023,239,119,Torino,Verona,1.0,1.0,post
644776,2023-01-04 16:30:00,2023,104,107,AS Roma,Bologna,1.0,0.0,post
644767,2023-01-04 16:30:00,2023,113,112,Lecce,Lazio,2.0,1.0,post
644770,2023-01-04 18:30:00,2023,4050,111,Cremonese,Juventus,0.0,1.0,post
644769,2023-01-04 18:30:00,2023,109,4007,Fiorentina,Monza,1.0,1.0,post
644771,2023-01-04 20:45:00,2023,118,2574,Udinese,Empoli,1.0,1.0,post
644768,2023-01-04 20:45:00,2023,110,114,Inter,Napoli,1.0,0.0,post
644779,2023-01-07 15:00:00,2023,109,3997,Fiorentina,Sassuolo,2.0,1.0,post
644778,2023-01-07 18:00:00,2023,111,118,Juventus,Udinese,1.0,0.0,post
644786,2023-01-07 20:45:00,2023,4007,110,Monza,Inter,2.0,2.0,post
644785,2023-01-08 12:30:00,2023,3240,239,Salernitana,Torino,1.0,1.0,post
644777,2023-01-08 15:00:00,2023,112,2574,Lazio,Empoli,2.0,2.0,post
644783,2023-01-08 15:00:00,2023,4056,113,Spezia,Lecce,0.0,0.0,post
644784,2023-01-08 18:00:00,2023,2734,114,Sampdoria,Napoli,0.0,2.0,post
644781,2023-01-08 20:45:00,2023,103,104,AC Milan,AS Roma,2.0,2.0,post
644782,2023-01-09 18:30:00,2023,119,4050,Verona,Cremonese,2.0,0.0,post
644780,2023-01-09 20:45:00,2023,107,105,Bologna,Atalanta,1.0,2.0,post
644794,2023-01-13 20:45:00,2023,114,111,Napoli,Juventus,5.0,1.0,post
644788,2023-01-14 15:00:00,2023,4050,4007,Cremonese,Monza,2.0,3.0,post
644795,2023-01-14 18:00:00,2023,113,103,Lecce,AC Milan,2.0,2.0,post
644790,2023-01-14 20:45:00,2023,110,119,Inter,Verona,1.0,0.0,post
644792,2023-01-15 12:30:00,2023,3997,112,Sassuolo,Lazio,0.0,2.0,post
644796,2023-01-15 15:00:00,2023,239,4056,Torino,Spezia,0.0,1.0,post
644791,2023-01-15 15:00:00,2023,118,107,Udinese,Bologna,1.0,2.0,post
644787,2023-01-15 18:00:00,2023,105,3240,Atalanta,Salernitana,8.0,2.0,post
644793,2023-01-15 20:45:00,2023,104,109,AS Roma,Fiorentina,2.0,0.0,post
644789,2023-01-16 20:45:00,2023,2574,2734,Empoli,Sampdoria,1.0,0.0,post
644806,2023-01-21 15:00:00,2023,119,113,Verona,Lecce,2.0,0.0,post
644803,2023-01-21 18:00:00,2023,3240,114,Salernitana,Napoli,0.0,2.0,post
644798,2023-01-21 20:45:00,2023,109,239,Fiorentina,Torino,0.0,1.0,post
644804,2023-01-22 12:30:00,2023,2734,118,Sampdoria,Udinese,0.0,1.0,post
644802,2023-01-22 15:00:00,2023,4007,3997,Monza,Sassuolo,1.0,1.0,post
644805,2023-01-22 18:00:00,2023,4056,104,Spezia,AS Roma,0.0,2.0,post
644800,2023-01-22 20:45:00,2023,111,105,Juventus,Atalanta,3.0,3.0,post
644797,2023-01-23 18:30:00,2023,107,4050,Bologna,Cremonese,1.0,1.0,post
644799,2023-01-23 20:45:00,2023,110,2574,Inter,Empoli,0.0,1.0,post
644801,2023-01-24 20:45:00,2023,112,103,Lazio,AC Milan,4.0,0.0,post
644808,2023-01-27 18:30:00,2023,107,4056,Bologna,Spezia,2.0,0.0,post
644813,2023-01-27 20:45:00,2023,113,3240,Lecce,Salernitana,1.0,2.0,post
644810,2023-01-28 15:00:00,2023,2574,239,Empoli,Torino,2.0,2.0,post
644809,2023-01-28 18:00:00,2023,4050,110,Cremonese,Inter,1.0,2.0,post
644807,2023-01-28 20:45:00,2023,105,2734,Atalanta,Sampdoria,2.0,0.0,post
644814,2023-01-29 12:30:00,2023,103,3997,AC Milan,Sassuolo,2.0,5.0,post
644816,2023-01-29 15:00:00,2023,111,4007,Juventus,Monza,0.0,2.0,post
644812,2023-01-29 18:00:00,2023,112,109,Lazio,Fiorentina,1.0,1.0,post
644815,2023-01-29 20:45:00,2023,114,104,Napoli,AS Roma,2.0,1.0,post
644811,2023-01-30 20:45:00,2023,118,119,Udinese,Verona,1.0,1.0,post
644825,2023-02-04 15:00:00,2023,4050,113,Cremonese,Lecce,0.0,2.0,post
644826,2023-02-04 18:00:00,2023,104,2574,AS Roma,Empoli,2.0,0.0,post
644819,2023-02-04 20:45:00,2023,3997,105,Sassuolo,Atalanta,1.0,0.0,post
644818,2023-02-05 12:30:00,2023,4056,114,Spezia,Napoli,0.0,3.0,post
644817,2023-02-05 15:00:00,2023,239,118,Torino,Udinese,1.0,0.0,post
644824,2023-02-05 18:00:00,2023,109,107,Fiorentina,Bologna,1.0,2.0,post
644823,2023-02-05 20:45:00,2023,110,103,Inter,AC Milan,1.0,0.0,post
644821,2023-02-06 18:30:00,2023,119,112,Verona,Lazio,1.0,1.0,post
644822,2023-02-06 20:45:00,2023,4007,2734,Monza,Sampdoria,2.0,2.0,post
644820,2023-02-07 20:45:00,2023,3240,111,Salernitana,Juventus,0.0,3.0,post
644830,2023-02-10 20:45:00,2023,103,239,AC Milan,Torino,1.0,0.0,post
644834,2023-02-11 15:00:00,2023,2574,4056,Empoli,Spezia,2.0,2.0,post
644831,2023-02-11 18:00:00,2023,113,104,Lecce,AS Roma,1.0,1.0,post
644832,2023-02-11 20:45:00,2023,112,105,Lazio,Atalanta,0.0,2.0,post
644827,2023-02-12 12:30:00,2023,118,3997,Udinese,Sassuolo,2.0,2.0,post
644835,2023-02-12 15:00:00,2023,107,4007,Bologna,Monza,0.0,1.0,post
644833,2023-02-12 18:00:00,2023,111,109,Juventus,Fiorentina,1.0,0.0,post
644829,2023-02-12 20:45:00,2023,114,4050,Napoli,Cremonese,3.0,0.0,post
644836,2023-02-13 18:30:00,2023,119,3240,Verona,Salernitana,1.0,0.0,post
644828,2023-02-13 20:45:00,2023,2734,110,Sampdoria,Inter,0.0,0.0,post
644841,2023-02-17 20:45:00,2023,3997,114,Sassuolo,Napoli,0.0,2.0,post
644842,2023-02-18 15:00:00,2023,2734,107,Sampdoria,Bologna,1.0,2.0,post
644845,2023-02-18 18:00:00,2023,4007,103,Monza,AC Milan,0.0,1.0,post
644846,2023-02-18 20:45:00,2023,110,118,Inter,Udinese,3.0,1.0,post
644837,2023-02-19 12:30:00,2023,105,113,Atalanta,Lecce,1.0,2.0,post
644838,2023-02-19 15:00:00,2023,109,2574,Fiorentina,Empoli,1.0,1.0,post
644843,2023-02-19 15:00:00,2023,3240,112,Salernitana,Lazio,0.0,2.0,post
644840,2023-02-19 18:00:00,2023,4056,111,Spezia,Juventus,0.0,2.0,post
644844,2023-02-19 20:45:00,2023,104,119,AS Roma,Verona,1.0,0.0,post
644839,2023-02-20 20:45:00,2023,239,4050,Torino,Cremonese,2.0,2.0,post
644854,2023-02-25 18:00:00,2023,2574,114,Empoli,Napoli,0.0,2.0,post
644856,2023-02-25 20:45:00,2023,113,3997,Lecce,Sassuolo,0.0,1.0,post
644847,2023-02-26 12:30:00,2023,107,110,Bologna,Inter,1.0,0.0,post
644849,2023-02-26 15:00:00,2023,3240,4007,Salernitana,Monza,3.0,0.0,post
644848,2023-02-26 18:00:00,2023,118,4056,Udinese,Spezia,2.0,2.0,post
644850,2023-02-26 20:45:00,2023,103,105,AC Milan,Atalanta,2.0,0.0,post
644851,2023-02-27 18:30:00,2023,119,109,Verona,Fiorentina,0.0,3.0,post
644852,2023-02-27 20:45:00,2023,112,2734,Lazio,Sampdoria,1.0,0.0,post
644855,2023-02-28 18:30:00,2023,4050,104,Cremonese,AS Roma,2.0,1.0,post
644853,2023-02-28 20:45:00,2023,111,239,Juventus,Torino,4.0,2.0,post
644866,2023-03-03 20:45:00,2023,114,112,Napoli,Lazio,0.0,1.0,post
644857,2023-03-04 15:00:00,2023,4007,2574,Monza,Empoli,2.0,1.0,post
644860,2023-03-04 18:00:00,2023,105,118,Atalanta,Udinese,0.0,0.0,post
644859,2023-03-04 20:45:00,2023,109,103,Fiorentina,AC Milan,2.0,1.0,post
644865,2023-03-05 12:30:00,2023,4056,119,Spezia,Verona,0.0,0.0,post
644863,2023-03-05 15:00:00,2023,2734,3240,Sampdoria,Salernitana,0.0,0.0,post
644858,2023-03-05 18:00:00,2023,110,113,Inter,Lecce,2.0,0.0,post
644862,2023-03-05 20:45:00,2023,104,111,AS Roma,Juventus,1.0,0.0,post
644864,2023-03-06 18:30:00,2023,3997,4050,Sassuolo,Cremonese,3.0,2.0,post
644861,2023-03-06 20:45:00,2023,239,107,Torino,Bologna,1.0,0.0,post
644873,2023-03-10 20:45:00,2023,4056,110,Spezia,Inter,2.0,1.0,post
644868,2023-03-11 15:00:00,2023,2574,118,Empoli,Udinese,0.0,1.0,post
644875,2023-03-11 18:00:00,2023,114,105,Napoli,Atalanta,2.0,0.0,post
644870,2023-03-11 20:45:00,2023,107,112,Bologna,Lazio,0.0,0.0,post
644871,2023-03-12 12:30:00,2023,113,239,Lecce,Torino,0.0,2.0,post
644869,2023-03-12 15:00:00,2023,4050,109,Cremonese,Fiorentina,0.0,2.0,post
644872,2023-03-12 15:00:00,2023,119,4007,Verona,Monza,1.0,1.0,post
644874,2023-03-12 18:00:00,2023,104,3997,AS Roma,Sassuolo,3.0,4.0,post
644867,2023-03-12 20:45:00,2023,111,2734,Juventus,Sampdoria,4.0,2.0,post
644876,2023-03-13 20:45:00,2023,103,3240,AC Milan,Salernitana,1.0,1.0,post
644882,2023-03-17 18:30:00,2023,3997,4056,Sassuolo,Spezia,1.0,0.0,post
644877,2023-03-17 20:45:00,2023,105,2574,Atalanta,Empoli,2.0,1.0,post
644885,2023-03-18 15:00:00,2023,4007,4050,Monza,Cremonese,1.0,1.0,post
644884,2023-03-18 18:00:00,2023,3240,107,Salernitana,Bologna,2.0,2.0,post
644881,2023-03-18 20:45:00,2023,118,103,Udinese,AC Milan,3.0,1.0,post
644883,2023-03-19 12:30:00,2023,2734,119,Sampdoria,Verona,3.0,1.0,post
644878,2023-03-19 15:00:00,2023,109,113,Fiorentina,Lecce,1.0,0.0,post
644886,2023-03-19 15:00:00,2023,239,114,Torino,Napoli,0.0,4.0,post
644880,2023-03-19 18:00:00,2023,112,104,Lazio,AS Roma,1.0,0.0,post
644879,2023-03-19 20:45:00,2023,110,111,Inter,Juventus,0.0,1.0,post
644896,2023-04-01 15:00:00,2023,4050,105,Cremonese,Atalanta,1.0,3.0,post
644887,2023-04-01 18:00:00,2023,110,109,Inter,Fiorentina,0.0,1.0,post
644894,2023-04-01 20:45:00,2023,111,119,Juventus,Verona,1.0,0.0,post
644895,2023-04-02 12:30:00,2023,107,118,Bologna,Udinese,3.0,0.0,post
644893,2023-04-02 15:00:00,2023,4007,112,Monza,Lazio,0.0,2.0,post
644889,2023-04-02 15:00:00,2023,4056,3240,Spezia,Salernitana,1.0,1.0,post
644891,2023-04-02 18:00:00,2023,104,2734,AS Roma,Sampdoria,3.0,0.0,post
644892,2023-04-02 20:45:00,2023,114,103,Napoli,AC Milan,0.0,4.0,post
644888,2023-04-03 19:30:00,2023,2574,113,Empoli,Lecce,1.0,0.0,post
644890,2023-04-03 20:45:00,2023,3997,239,Sassuolo,Torino,1.0,1.0,post
644906,2023-04-07 17:00:00,2023,3240,110,Salernitana,Inter,1.0,1.0,post
644903,2023-04-07 19:00:00,2023,113,114,Lecce,Napoli,1.0,2.0,post
644902,2023-04-07 21:00:00,2023,103,2574,AC Milan,Empoli,0.0,0.0,post
644898,2023-04-08 12:30:00,2023,118,4007,Udinese,Monza,2.0,2.0,post
644905,2023-04-08 14:30:00,2023,109,4056,Fiorentina,Spezia,1.0,1.0,post
644900,2023-04-08 16:30:00,2023,2734,4050,Sampdoria,Cremonese,2.0,3.0,post
644897,2023-04-08 16:30:00,2023,105,107,Atalanta,Bologna,0.0,2.0,post
644901,2023-04-08 18:30:00,2023,119,3997,Verona,Sassuolo,2.0,1.0,post
644899,2023-04-08 18:30:00,2023,239,104,Torino,AS Roma,0.0,1.0,post
644904,2023-04-08 20:45:00,2023,112,111,Lazio,Juventus,2.0,1.0,post
644909,2023-04-14 18:30:00,2023,4050,2574,Cremonese,Empoli,1.0,0.0,post
644913,2023-04-14 20:45:00,2023,4056,112,Spezia,Lazio,0.0,3.0,post
644910,2023-04-15 15:00:00,2023,107,103,Bologna,AC Milan,1.0,1.0,post
644916,2023-04-15 18:00:00,2023,114,119,Napoli,Verona,0.0,0.0,post
644907,2023-04-15 20:45:00,2023,110,4007,Inter,Monza,0.0,1.0,post
644911,2023-04-16 12:30:00,2023,113,2734,Lecce,Sampdoria,1.0,1.0,post
644912,2023-04-16 15:00:00,2023,239,3240,Torino,Salernitana,1.0,1.0,post
644914,2023-04-16 18:00:00,2023,3997,111,Sassuolo,Juventus,1.0,0.0,post
644915,2023-04-16 20:45:00,2023,104,118,AS Roma,Udinese,3.0,0.0,post
644908,2023-04-17 20:45:00,2023,109,105,Fiorentina,Atalanta,1.0,1.0,post
644919,2023-04-21 20:45:00,2023,119,107,Verona,Bologna,2.0,1.0,post
644922,2023-04-22 15:00:00,2023,3240,3997,Salernitana,Sassuolo,3.0,0.0,post
644925,2023-04-22 18:00:00,2023,112,239,Lazio,Torino,0.0,1.0,post
644921,2023-04-22 20:45:00,2023,2734,4056,Sampdoria,Spezia,1.0,1.0,post
644918,2023-04-23 12:30:00,2023,2574,110,Empoli,Inter,0.0,3.0,post
644923,2023-04-23 15:00:00,2023,4007,109,Monza,Fiorentina,3.0,2.0,post
644920,2023-04-23 15:00:00,2023,118,4050,Udinese,Cremonese,3.0,0.0,post
644924,2023-04-23 18:00:00,2023,103,113,AC Milan,Lecce,2.0,0.0,post
644926,2023-04-23 20:45:00,2023,111,114,Juventus,Napoli,0.0,1.0,post
644917,2023-04-24 20:45:00,2023,105,104,Atalanta,AS Roma,3.0,1.0,post
644928,2023-04-28 18:30:00,2023,113,118,Lecce,Udinese,1.0,0.0,post
644932,2023-04-28 20:45:00,2023,4056,4007,Spezia,Monza,0.0,2.0,post
644930,2023-04-29 18:00:00,2023,104,103,AS Roma,AC Milan,1.0,1.0,post
644931,2023-04-29 20:45:00,2023,239,105,Torino,Atalanta,1.0,2.0,post
644933,2023-04-30 12:30:00,2023,110,112,Inter,Lazio,3.0,1.0,post
644935,2023-04-30 15:00:00,2023,4050,119,Cremonese,Verona,1.0,1.0,post
644929,2023-04-30 15:00:00,2023,114,3240,Napoli,Salernitana,1.0,1.0,post
644936,2023-04-30 15:00:00,2023,3997,2574,Sassuolo,Empoli,2.0,1.0,post
644934,2023-04-30 18:00:00,2023,109,2734,Fiorentina,Sampdoria,5.0,0.0,post
644927,2023-04-30 20:45:00,2023,107,111,Bologna,Juventus,1.0,1.0,post
644941,2023-05-03 18:00:00,2023,2734,239,Sampdoria,Torino,0.0,2.0,post
644942,2023-05-03 18:00:00,2023,3240,109,Salernitana,Fiorentina,3.0,3.0,post
644945,2023-05-03 18:00:00,2023,105,4056,Atalanta,Spezia,3.0,2.0,post
644938,2023-05-03 18:00:00,2023,111,113,Juventus,Lecce,2.0,1.0,post
644944,2023-05-03 21:00:00,2023,103,4050,AC Milan,Cremonese,1.0,1.0,post
644939,2023-05-03 21:00:00,2023,119,110,Verona,Inter,0.0,6.0,post
644937,2023-05-03 21:00:00,2023,112,3997,Lazio,Sassuolo,2.0,0.0,post
644943,2023-05-03 21:00:00,2023,4007,104,Monza,AS Roma,1.0,1.0,post
644940,2023-05-04 20:45:00,2023,118,114,Udinese,Napoli,1.0,1.0,post
644946,2023-05-04 20:45:00,2023,2574,107,Empoli,Bologna,3.0,1.0,post
644952,2023-05-06 15:00:00,2023,103,112,AC Milan,Lazio,2.0,0.0,post
644950,2023-05-06 18:00:00,2023,104,110,AS Roma,Inter,0.0,2.0,post
644955,2023-05-06 20:45:00,2023,4050,4056,Cremonese,Spezia,2.0,0.0,post
644947,2023-05-07 12:30:00,2023,105,111,Atalanta,Juventus,0.0,2.0,post
644948,2023-05-07 15:00:00,2023,239,4007,Torino,Monza,1.0,1.0,post
644956,2023-05-07 18:00:00,2023,114,109,Napoli,Fiorentina,1.0,0.0,post
644953,2023-05-07 20:45:00,2023,113,119,Lecce,Verona,0.0,1.0,post
644954,2023-05-08 18:30:00,2023,2574,3240,Empoli,Salernitana,2.0,1.0,post
644951,2023-05-08 18:30:00,2023,118,2734,Udinese,Sampdoria,2.0,0.0,post
644949,2023-05-08 20:45:00,2023,3997,107,Sassuolo,Bologna,1.0,1.0,post
644961,2023-05-12 20:45:00,2023,112,113,Lazio,Lecce,2.0,2.0,post
644965,2023-05-13 15:00:00,2023,3240,105,Salernitana,Atalanta,1.0,0.0,post
644963,2023-05-13 18:00:00,2023,4056,103,Spezia,AC Milan,2.0,0.0,post
644958,2023-05-13 20:45:00,2023,110,3997,Inter,Sassuolo,4.0,2.0,post
644962,2023-05-14 12:30:00,2023,119,239,Verona,Torino,0.0,1.0,post
644959,2023-05-14 15:00:00,2023,109,118,Fiorentina,Udinese,2.0,0.0,post
644966,2023-05-14 15:00:00,2023,4007,114,Monza,Napoli,2.0,0.0,post
644960,2023-05-14 18:00:00,2023,107,104,Bologna,AS Roma,0.0,0.0,post
644957,2023-05-14 20:45:00,2023,111,4050,Juventus,Cremonese,2.0,0.0,post
644964,2023-05-15 20:45:00,2023,2734,2574,Sampdoria,Empoli,1.0,1.0,post
644971,2023-05-19 20:45:00,2023,3997,4007,Sassuolo,Monza,1.0,2.0,post
644968,2023-05-20 15:00:00,2023,4050,107,Cremonese,Bologna,1.0,5.0,post
644967,2023-05-20 18:00:00,2023,105,119,Atalanta,Verona,3.0,1.0,post
644974,2023-05-20 20:45:00,2023,103,2734,AC Milan,Sampdoria,5.0,1.0,post
644975,2023-05-21 12:30:00,2023,113,4056,Lecce,Spezia,0.0,0.0,post
644970,2023-05-21 15:00:00,2023,239,109,Torino,Fiorentina,1.0,1.0,post
644973,2023-05-21 18:00:00,2023,114,110,Napoli,Inter,3.0,1.0,post
644969,2023-05-21 20:45:00,2023,118,112,Udinese,Lazio,0.0,1.0,post
644972,2023-05-22 18:30:00,2023,104,3240,AS Roma,Salernitana,2.0,2.0,post
644976,2023-05-22 20:45:00,2023,2574,111,Empoli,Juventus,4.0,1.0,post
644986,2023-05-26 20:45:00,2023,2734,3997,Sampdoria,Sassuolo,2.0,2.0,post
644980,2023-05-27 15:00:00,2023,3240,118,Salernitana,Udinese,3.0,2.0,post
644982,2023-05-27 15:00:00,2023,4056,239,Spezia,Torino,0.0,4.0,post
644985,2023-05-27 18:00:00,2023,109,104,Fiorentina,AS Roma,2.0,1.0,post
644984,2023-05-27 20:45:00,2023,110,105,Inter,Atalanta,3.0,2.0,post
644981,2023-05-28 12:30:00,2023,119,2574,Verona,Empoli,1.0,1.0,post
644979,2023-05-28 15:00:00,2023,4007,113,Monza,Lecce,0.0,1.0,post
644977,2023-05-28 15:00:00,2023,107,114,Bologna,Napoli,2.0,2.0,post
644978,2023-05-28 18:00:00,2023,112,4050,Lazio,Cremonese,3.0,2.0,post
644983,2023-05-28 20:45:00,2023,111,103,Juventus,AC Milan,0.0,1.0,post
644994,2023-06-02 20:30:00,2023,3997,109,Sassuolo,Fiorentina,1.0,3.0,post
644995,2023-06-03 18:30:00,2023,239,110,Torino,Inter,0.0,1.0,post
644988,2023-06-03 21:00:00,2023,4050,3240,Cremonese,Salernitana,2.0,0.0,post
644989,2023-06-03 21:00:00,2023,2574,112,Empoli,Lazio,0.0,2.0,post
644992,2023-06-04 18:30:00,2023,114,2734,Napoli,Sampdoria,2.0,0.0,post
644993,2023-06-04 21:00:00,2023,104,4056,AS Roma,Spezia,2.0,1.0,post
644996,2023-06-04 21:00:00,2023,103,119,AC Milan,Verona,3.0,1.0,post
644987,2023-06-04 21:00:00,2023,105,4007,Atalanta,Monza,5.0,2.0,post
644990,2023-06-04 21:00:00,2023,113,107,Lecce,Bologna,2.0,3.0,post
644991,2023-06-04 21:00:00,2023,118,111,Udinese,Juventus,0.0,1.0,post
670116,2023-06-11 20:45:00,2023,4056,119,Spezia,Verona,1.0,3.0,post
679226,2023-08-19 18:30:00,2023,2574,119,Empoli,Verona,0.0,1.0,post
679222,2023-08-19 18:30:00,2023,4057,114,Frosinone,Napoli,1.0,3.0,post
679229,2023-08-19 20:45:00,2023,110,4007,Inter,Monza,2.0,0.0,post
679228,2023-08-19 20:45:00,2023,3263,109,Genoa,Fiorentina,1.0,4.0,post
679227,2023-08-20 18:30:00,2023,3997,105,Sassuolo,Atalanta,0.0,2.0,post
679220,2023-08-20 18:30:00,2023,104,3240,AS Roma,Salernitana,2.0,2.0,post
679221,2023-08-20 20:45:00,2023,113,112,Lecce,Lazio,2.0,1.0,post
679224,2023-08-20 20:45:00,2023,118,111,Udinese,Juventus,0.0,3.0,post
679223,2023-08-21 18:30:00,2023,239,2925,Torino,Cagliari,0.0,0.0,post
679225,2023-08-21 20:45:00,2023,107,103,Bologna,AC Milan,0.0,2.0,post
679235,2023-08-26 18:30:00,2023,4057,105,Frosinone,Atalanta,2.0,1.0,post
679230,2023-08-26 18:30:00,2023,4007,2574,Monza,Empoli,2.0,0.0,post
679238,2023-08-26 20:45:00,2023,103,239,AC Milan,Torino,4.0,1.0,post
679234,2023-08-26 20:45:00,2023,119,104,Verona,AS Roma,2.0,1.0,post
679239,2023-08-27 18:30:00,2023,109,113,Fiorentina,Lecce,2.0,2.0,post
679236,2023-08-27 18:30:00,2023,111,107,Juventus,Bologna,1.0,1.0,post
679237,2023-08-27 20:45:00,2023,112,3263,Lazio,Genoa,0.0,1.0,post
679232,2023-08-27 20:45:00,2023,114,3997,Napoli,Sassuolo,2.0,0.0,post
679231,2023-08-28 18:30:00,2023,3240,118,Salernitana,Udinese,1.0,1.0,post
679233,2023-08-28 20:45:00,2023,2925,110,Cagliari,Inter,0.0,2.0,post
679247,2023-09-01 18:30:00,2023,3997,119,Sassuolo,Verona,3.0,1.0,post
679246,2023-09-01 20:45:00,2023,104,103,AS Roma,AC Milan,1.0,2.0,post
679249,2023-09-02 18:30:00,2023,118,4057,Udinese,Frosinone,0.0,0.0,post
679241,2023-09-02 18:30:00,2023,107,2925,Bologna,Cagliari,2.0,1.0,post
679240,2023-09-02 20:45:00,2023,105,4007,Atalanta,Monza,3.0,0.0,post
679245,2023-09-02 20:45:00,2023,114,112,Napoli,Lazio,1.0,2.0,post
679243,2023-09-03 18:30:00,2023,110,109,Inter,Fiorentina,4.0,0.0,post
679248,2023-09-03 18:30:00,2023,239,3263,Torino,Genoa,1.0,0.0,post
679242,2023-09-03 20:45:00,2023,2574,111,Empoli,Juventus,0.0,2.0,post
679244,2023-09-03 20:45:00,2023,113,3240,Lecce,Salernitana,2.0,0.0,post
679255,2023-09-16 15:00:00,2023,111,112,Juventus,Lazio,3.0,1.0,post
679254,2023-09-16 18:00:00,2023,110,103,Inter,AC Milan,5.0,1.0,post
679253,2023-09-16 20:45:00,2023,3263,114,Genoa,Napoli,2.0,2.0,post
679250,2023-09-17 12:30:00,2023,2925,118,Cagliari,Udinese,0.0,0.0,post
679252,2023-09-17 15:00:00,2023,4057,3997,Frosinone,Sassuolo,4.0,2.0,post
679256,2023-09-17 15:00:00,2023,4007,113,Monza,Lecce,1.0,1.0,post
679251,2023-09-17 18:00:00,2023,109,105,Fiorentina,Atalanta,3.0,2.0,post
679257,2023-09-17 20:45:00,2023,104,2574,AS Roma,Empoli,7.0,0.0,post
679258,2023-09-18 18:30:00,2023,3240,239,Salernitana,Torino,0.0,3.0,post
679259,2023-09-18 20:45:00,2023,119,107,Verona,Bologna,0.0,0.0,post
679266,2023-09-22 18:30:00,2023,3240,4057,Salernitana,Frosinone,1.0,1.0,post
679264,2023-09-22 20:45:00,2023,113,3263,Lecce,Genoa,1.0,0.0,post
679265,2023-09-23 15:00:00,2023,103,119,AC Milan,Verona,1.0,0.0,post
679267,2023-09-23 18:00:00,2023,3997,111,Sassuolo,Juventus,4.0,2.0,post
679263,2023-09-23 20:45:00,2023,112,4007,Lazio,Monza,1.0,1.0,post
679262,2023-09-24 12:30:00,2023,2574,110,Empoli,Inter,0.0,1.0,post
679260,2023-09-24 15:00:00,2023,105,2925,Atalanta,Cagliari,2.0,0.0,post
679269,2023-09-24 15:00:00,2023,118,109,Udinese,Fiorentina,0.0,2.0,post
679261,2023-09-24 18:00:00,2023,107,114,Bologna,Napoli,0.0,0.0,post
679268,2023-09-24 20:45:00,2023,239,104,Torino,AS Roma,1.0,1.0,post
679274,2023-09-26 20:45:00,2023,111,113,Juventus,Lecce,1.0,0.0,post
679270,2023-09-27 18:30:00,2023,2925,103,Cagliari,AC Milan,1.0,3.0,post
679271,2023-09-27 18:30:00,2023,2574,3240,Empoli,Salernitana,1.0,0.0,post
679275,2023-09-27 18:30:00,2023,119,105,Verona,Atalanta,0.0,1.0,post
679279,2023-09-27 20:45:00,2023,110,3997,Inter,Sassuolo,1.0,2.0,post
679276,2023-09-27 20:45:00,2023,112,239,Lazio,Torino,2.0,0.0,post
679278,2023-09-27 20:45:00,2023,114,118,Napoli,Udinese,4.0,1.0,post
679272,2023-09-28 18:30:00,2023,4057,109,Frosinone,Fiorentina,1.0,1.0,post
679277,2023-09-28 18:30:00,2023,4007,107,Monza,Bologna,0.0,0.0,post
679273,2023-09-28 20:45:00,2023,3263,104,Genoa,AS Roma,4.0,1.0,post
679286,2023-09-30 15:00:00,2023,113,114,Lecce,Napoli,0.0,4.0,post
679285,2023-09-30 18:00:00,2023,103,112,AC Milan,Lazio,2.0,0.0,post
679287,2023-09-30 20:45:00,2023,3240,110,Salernitana,Inter,0.0,4.0,post
679283,2023-10-01 12:30:00,2023,107,2574,Bologna,Empoli,3.0,0.0,post
679280,2023-10-01 15:00:00,2023,118,3263,Udinese,Genoa,2.0,2.0,post
679284,2023-10-01 18:00:00,2023,105,111,Atalanta,Juventus,0.0,0.0,post
679281,2023-10-01 20:45:00,2023,104,4057,AS Roma,Frosinone,2.0,0.0,post
679289,2023-10-02 18:30:00,2023,239,119,Torino,Verona,0.0,0.0,post
679288,2023-10-02 18:30:00,2023,3997,4007,Sassuolo,Monza,0.0,1.0,post
679282,2023-10-02 20:45:00,2023,109,2925,Fiorentina,Cagliari,3.0,0.0,post
679293,2023-10-06 18:30:00,2023,2574,118,Empoli,Udinese,0.0,0.0,post
679297,2023-10-06 20:45:00,2023,113,3997,Lecce,Sassuolo,1.0,1.0,post
679290,2023-10-07 15:00:00,2023,110,107,Inter,Bologna,2.0,2.0,post
679299,2023-10-07 18:00:00,2023,111,239,Juventus,Torino,2.0,0.0,post
679296,2023-10-07 20:45:00,2023,3263,103,Genoa,AC Milan,0.0,1.0,post
679291,2023-10-08 12:30:00,2023,4007,3240,Monza,Salernitana,3.0,0.0,post
679298,2023-10-08 15:00:00,2023,112,105,Lazio,Atalanta,3.0,2.0,post
679292,2023-10-08 15:00:00,2023,4057,119,Frosinone,Verona,2.0,1.0,post
679294,2023-10-08 18:00:00,2023,2925,104,Cagliari,AS Roma,1.0,4.0,post
679295,2023-10-08 20:45:00,2023,114,109,Napoli,Fiorentina,1.0,3.0,post
679308,2023-10-21 15:00:00,2023,119,114,Verona,Napoli,1.0,3.0,post
679300,2023-10-21 18:00:00,2023,239,110,Torino,Inter,0.0,3.0,post
679306,2023-10-21 20:45:00,2023,3997,112,Sassuolo,Lazio,0.0,2.0,post
679303,2023-10-22 12:30:00,2023,104,4007,AS Roma,Monza,1.0,0.0,post
679307,2023-10-22 15:00:00,2023,107,4057,Bologna,Frosinone,2.0,1.0,post
679302,2023-10-22 15:00:00,2023,3240,2925,Salernitana,Cagliari,2.0,2.0,post
679301,2023-10-22 18:00:00,2023,105,3263,Atalanta,Genoa,2.0,0.0,post
679304,2023-10-22 20:45:00,2023,103,111,AC Milan,Juventus,0.0,1.0,post
679309,2023-10-23 18:30:00,2023,118,113,Udinese,Lecce,1.0,1.0,post
679305,2023-10-23 20:45:00,2023,109,2574,Fiorentina,Empoli,0.0,2.0,post
679313,2023-10-27 20:45:00,2023,3263,3240,Genoa,Salernitana,1.0,0.0,post
679310,2023-10-28 15:00:00,2023,3997,107,Sassuolo,Bologna,1.0,1.0,post
679316,2023-10-28 18:00:00,2023,113,239,Lecce,Torino,0.0,1.0,post
679311,2023-10-28 20:45:00,2023,111,119,Juventus,Verona,1.0,0.0,post
679314,2023-10-29 12:30:00,2023,2925,4057,Cagliari,Frosinone,4.0,3.0,post
679317,2023-10-29 15:00:00,2023,4007,118,Monza,Udinese,1.0,1.0,post
679312,2023-10-29 18:00:00,2023,110,104,Inter,AS Roma,1.0,0.0,post
679318,2023-10-29 20:45:00,2023,114,103,Napoli,AC Milan,2.0,2.0,post
679319,2023-10-30 18:30:00,2023,2574,105,Empoli,Atalanta,0.0,3.0,post
679315,2023-10-30 20:45:00,2023,112,109,Lazio,Fiorentina,1.0,0.0,post
679322,2023-11-03 20:45:00,2023,107,112,Bologna,Lazio,1.0,0.0,post
679327,2023-11-04 15:00:00,2023,3240,114,Salernitana,Napoli,0.0,2.0,post
679323,2023-11-04 18:00:00,2023,105,110,Atalanta,Inter,1.0,2.0,post
679325,2023-11-04 20:45:00,2023,103,118,AC Milan,Udinese,0.0,1.0,post
679324,2023-11-05 12:30:00,2023,119,4007,Verona,Monza,1.0,3.0,post
679321,2023-11-05 15:00:00,2023,2925,3263,Cagliari,Genoa,2.0,1.0,post
679326,2023-11-05 18:00:00,2023,104,113,AS Roma,Lecce,2.0,1.0,post
679320,2023-11-05 20:45:00,2023,109,111,Fiorentina,Juventus,0.0,1.0,post
679329,2023-11-06 18:30:00,2023,4057,2574,Frosinone,Empoli,2.0,1.0,post
679328,2023-11-06 20:45:00,2023,239,3997,Torino,Sassuolo,2.0,1.0,post
679330,2023-11-10 18:30:00,2023,3997,3240,Sassuolo,Salernitana,2.0,2.0,post
679339,2023-11-10 20:45:00,2023,3263,119,Genoa,Verona,1.0,0.0,post
679337,2023-11-11 15:00:00,2023,113,103,Lecce,AC Milan,2.0,2.0,post
679336,2023-11-11 18:00:00,2023,111,2925,Juventus,Cagliari,2.0,1.0,post
679338,2023-11-11 20:45:00,2023,4007,239,Monza,Torino,1.0,1.0,post
679334,2023-11-12 12:30:00,2023,114,2574,Napoli,Empoli,0.0,1.0,post
679333,2023-11-12 15:00:00,2023,109,107,Fiorentina,Bologna,2.0,1.0,post
679331,2023-11-12 15:00:00,2023,118,105,Udinese,Atalanta,1.0,1.0,post
679332,2023-11-12 18:00:00,2023,112,104,Lazio,AS Roma,0.0,0.0,post
679335,2023-11-12 20:45:00,2023,110,4057,Inter,Frosinone,2.0,0.0,post
679349,2023-11-25 15:00:00,2023,3240,112,Salernitana,Lazio,2.0,1.0,post
679346,2023-11-25 18:00:00,2023,105,114,Atalanta,Napoli,1.0,2.0,post
679340,2023-11-25 20:45:00,2023,103,109,AC Milan,Fiorentina,1.0,0.0,post
679344,2023-11-26 12:30:00,2023,2925,4007,Cagliari,Monza,1.0,1.0,post
679343,2023-11-26 15:00:00,2023,2574,3997,Empoli,Sassuolo,3.0,4.0,post
679348,2023-11-26 15:00:00,2023,4057,3263,Frosinone,Genoa,2.0,1.0,post
679341,2023-11-26 18:00:00,2023,104,118,AS Roma,Udinese,3.0,1.0,post
679347,2023-11-26 20:45:00,2023,111,110,Juventus,Inter,1.0,1.0,post
679342,2023-11-27 18:30:00,2023,119,113,Verona,Lecce,2.0,2.0,post
679345,2023-11-27 20:45:00,2023,107,239,Bologna,Torino,2.0,0.0,post
679356,2023-12-01 20:45:00,2023,4007,111,Monza,Juventus,1.0,2.0,post
679359,2023-12-02 15:00:00,2023,3263,2574,Genoa,Empoli,1.0,1.0,post
679351,2023-12-02 18:00:00,2023,112,2925,Lazio,Cagliari,1.0,0.0,post
679352,2023-12-02 20:45:00,2023,103,4057,AC Milan,Frosinone,3.0,1.0,post
679350,2023-12-03 12:30:00,2023,113,107,Lecce,Bologna,1.0,1.0,post
679358,2023-12-03 15:00:00,2023,109,3240,Fiorentina,Salernitana,3.0,0.0,post
679357,2023-12-03 15:00:00,2023,118,119,Udinese,Verona,3.0,3.0,post
679354,2023-12-03 18:00:00,2023,3997,104,Sassuolo,AS Roma,1.0,2.0,post
679355,2023-12-03 20:45:00,2023,114,110,Napoli,Inter,0.0,3.0,post
679353,2023-12-04 20:45:00,2023,239,105,Torino,Atalanta,3.0,0.0,post
679369,2023-12-08 20:45:00,2023,111,114,Juventus,Napoli,1.0,0.0,post
679364,2023-12-09 15:00:00,2023,119,112,Verona,Lazio,1.0,1.0,post
679360,2023-12-09 18:00:00,2023,105,103,Atalanta,AC Milan,3.0,2.0,post
679365,2023-12-09 20:45:00,2023,110,118,Inter,Udinese,4.0,0.0,post
679366,2023-12-10 12:30:00,2023,4057,239,Frosinone,Torino,0.0,0.0,post
679363,2023-12-10 15:00:00,2023,4007,3263,Monza,Genoa,1.0,0.0,post
679361,2023-12-10 18:00:00,2023,3240,107,Salernitana,Bologna,1.0,2.0,post
679362,2023-12-10 20:45:00,2023,104,109,AS Roma,Fiorentina,1.0,1.0,post
679367,2023-12-11 18:30:00,2023,2574,113,Empoli,Lecce,1.0,1.0,post
679368,2023-12-11 20:45:00,2023,2925,3997,Cagliari,Sassuolo,2.0,1.0,post
679373,2023-12-15 20:45:00,2023,3263,111,Genoa,Juventus,1.0,1.0,post
679379,2023-12-16 15:00:00,2023,113,4057,Lecce,Frosinone,2.0,1.0,post
679377,2023-12-16 18:30:00,2023,114,2925,Napoli,Cagliari,2.0,1.0,post
679376,2023-12-16 20:45:00,2023,239,2574,Torino,Empoli,1.0,0.0,post
679378,2023-12-17 12:30:00,2023,103,4007,AC Milan,Monza,3.0,0.0,post
679372,2023-12-17 15:00:00,2023,109,119,Fiorentina,Verona,1.0,0.0,post
679374,2023-12-17 15:00:00,2023,118,3997,Udinese,Sassuolo,2.0,2.0,post
679371,2023-12-17 18:00:00,2023,107,104,Bologna,AS Roma,2.0,0.0,post
679375,2023-12-17 20:45:00,2023,112,110,Lazio,Inter,0.0,2.0,post
679370,2023-12-18 20:45:00,2023,105,3240,Atalanta,Salernitana,4.0,1.0,post
679389,2023-12-22 18:30:00,2023,2574,112,Empoli,Lazio,0.0,2.0,post
679384,2023-12-22 18:30:00,2023,3997,3263,Sassuolo,Genoa,1.0,2.0,post
679387,2023-12-22 20:45:00,2023,4007,109,Monza,Fiorentina,0.0,1.0,post
679383,2023-12-22 20:45:00,2023,3240,103,Salernitana,AC Milan,2.0,2.0,post
679381,2023-12-23 12:30:00,2023,4057,111,Frosinone,Juventus,1.0,2.0,post
679385,2023-12-23 15:00:00,2023,239,118,Torino,Udinese,1.0,1.0,post
679388,2023-12-23 15:00:00,2023,107,105,Bologna,Atalanta,1.0,0.0,post
679386,2023-12-23 18:00:00,2023,119,2925,Verona,Cagliari,2.0,0.0,post
679380,2023-12-23 18:00:00,2023,110,113,Inter,Lecce,2.0,0.0,post
679382,2023-12-23 20:45:00,2023,104,114,AS Roma,Napoli,2.0,0.0,post
679397,2023-12-29 18:30:00,2023,109,239,Fiorentina,Torino,1.0,0.0,post
679392,2023-12-29 18:30:00,2023,114,4007,Napoli,Monza,0.0,0.0,post
679396,2023-12-29 20:45:00,2023,3263,110,Genoa,Inter,1.0,1.0,post
679399,2023-12-29 20:45:00,2023,112,4057,Lazio,Frosinone,3.0,1.0,post
679390,2023-12-30 12:30:00,2023,105,113,Atalanta,Lecce,1.0,0.0,post
679398,2023-12-30 15:00:00,2023,2925,2574,Cagliari,Empoli,0.0,0.0,post
679394,2023-12-30 15:00:00,2023,118,107,Udinese,Bologna,3.0,0.0,post
679393,2023-12-30 18:00:00,2023,103,3997,AC Milan,Sassuolo,1.0,0.0,post
679391,2023-12-30 18:00:00,2023,119,3240,Verona,Salernitana,0.0,1.0,post
679395,2023-12-30 20:45:00,2023,111,104,Juventus,AS Roma,1.0,0.0,post
679408,2024-01-05 20:45:00,2024,107,3263,Bologna,Genoa,1.0,1.0,post
679405,2024-01-06 12:30:00,2024,110,119,Inter,Verona,2.0,1.0,post
679406,2024-01-06 15:00:00,2024,4057,4007,Frosinone,Monza,2.0,3.0,post
679409,2024-01-06 18:00:00,2024,113,2925,Lecce,Cagliari,1.0,1.0,post
679401,2024-01-06 20:45:00,2024,3997,109,Sassuolo,Fiorentina,1.0,0.0,post
679407,2024-01-07 12:30:00,2024,2574,103,Empoli,AC Milan,0.0,3.0,post
679400,2024-01-07 15:00:00,2024,239,114,Torino,Napoli,3.0,0.0,post
679404,2024-01-07 15:00:00,2024,118,112,Udinese,Lazio,1.0,2.0,post
679402,2024-01-07 18:00:00,2024,3240,111,Salernitana,Juventus,1.0,2.0,post
679403,2024-01-07 20:45:00,2024,104,105,AS Roma,Atalanta,1.0,1.0,post
679415,2024-01-13 15:00:00,2024,3263,239,Genoa,Torino,0.0,0.0,post
679413,2024-01-13 15:00:00,2024,114,3240,Napoli,Salernitana,2.0,1.0,post
679414,2024-01-13 18:00:00,2024,119,2574,Verona,Empoli,2.0,1.0,post
679412,2024-01-13 20:45:00,2024,4007,110,Monza,Inter,1.0,5.0,post
679410,2024-01-14 12:30:00,2024,112,113,Lazio,Lecce,1.0,0.0,post
679417,2024-01-14 15:00:00,2024,2925,107,Cagliari,Bologna,2.0,1.0,post
679416,2024-01-14 18:00:00,2024,109,118,Fiorentina,Udinese,2.0,2.0,post
679411,2024-01-14 20:45:00,2024,103,104,AC Milan,AS Roma,3.0,1.0,post
679418,2024-01-15 20:45:00,2024,105,4057,Atalanta,Frosinone,5.0,0.0,post
679419,2024-01-16 20:45:00,2024,111,3997,Juventus,Sassuolo,3.0,0.0,post
679428,2024-01-20 18:00:00,2024,104,119,AS Roma,Verona,2.0,1.0,post
679421,2024-01-20 20:45:00,2024,118,103,Udinese,AC Milan,2.0,3.0,post
679425,2024-01-21 12:30:00,2024,4057,2925,Frosinone,Cagliari,3.0,1.0,post
679422,2024-01-21 15:00:00,2024,2574,4007,Empoli,Monza,3.0,0.0,post
679429,2024-01-21 18:00:00,2024,3240,3263,Salernitana,Genoa,1.0,2.0,post
679427,2024-01-21 20:45:00,2024,113,111,Lecce,Juventus,0.0,3.0,post
679439,2024-01-26 20:45:00,2024,2925,239,Cagliari,Torino,1.0,2.0,post
679430,2024-01-27 15:00:00,2024,105,118,Atalanta,Udinese,2.0,0.0,post
679437,2024-01-27 18:00:00,2024,111,2574,Juventus,Empoli,1.0,1.0,post
679433,2024-01-27 20:45:00,2024,103,107,AC Milan,Bologna,2.0,2.0,post
679436,2024-01-28 12:30:00,2024,3263,113,Genoa,Lecce,2.0,1.0,post
679438,2024-01-28 15:00:00,2024,119,4057,Verona,Frosinone,1.0,1.0,post
679432,2024-01-28 15:00:00,2024,4007,3997,Monza,Sassuolo,1.0,0.0,post
679434,2024-01-28 18:00:00,2024,112,114,Lazio,Napoli,0.0,0.0,post
679435,2024-01-28 20:45:00,2024,109,110,Fiorentina,Inter,0.0,1.0,post
679431,2024-01-29 20:45:00,2024,3240,104,Salernitana,AS Roma,1.0,2.0,post
679449,2024-02-02 20:45:00,2024,113,109,Lecce,Fiorentina,3.0,2.0,post
679441,2024-02-03 15:00:00,2024,2574,3263,Empoli,Genoa,0.0,0.0,post
679448,2024-02-03 15:00:00,2024,118,4007,Udinese,Monza,0.0,0.0,post
679447,2024-02-03 18:00:00,2024,4057,103,Frosinone,AC Milan,2.0,3.0,post
679440,2024-02-03 20:45:00,2024,107,3997,Bologna,Sassuolo,4.0,2.0,post
679442,2024-02-04 12:30:00,2024,239,3240,Torino,Salernitana,0.0,0.0,post
679445,2024-02-04 15:00:00,2024,114,119,Napoli,Verona,2.0,1.0,post
679444,2024-02-04 18:00:00,2024,105,112,Atalanta,Lazio,3.0,1.0,post
679443,2024-02-04 20:45:00,2024,110,111,Inter,Juventus,1.0,0.0,post
679446,2024-02-05 20:45:00,2024,104,2925,AS Roma,Cagliari,4.0,0.0,post
679450,2024-02-09 20:45:00,2024,3240,2574,Salernitana,Empoli,1.0,3.0,post
679459,2024-02-10 15:00:00,2024,2925,112,Cagliari,Lazio,1.0,3.0,post
679451,2024-02-10 18:00:00,2024,104,110,AS Roma,Inter,2.0,4.0,post
679454,2024-02-10 20:45:00,2024,3997,239,Sassuolo,Torino,1.0,1.0,post
679455,2024-02-11 12:30:00,2024,109,4057,Fiorentina,Frosinone,5.0,1.0,post
679453,2024-02-11 15:00:00,2024,107,113,Bologna,Lecce,4.0,0.0,post
679452,2024-02-11 15:00:00,2024,4007,119,Monza,Verona,0.0,0.0,post
679456,2024-02-11 18:00:00,2024,3263,105,Genoa,Atalanta,1.0,4.0,post
679458,2024-02-11 20:45:00,2024,103,114,AC Milan,Napoli,1.0,0.0,post
679457,2024-02-12 20:45:00,2024,111,118,Juventus,Udinese,0.0,1.0,post
679423,2024-02-14 19:00:00,2024,107,109,Bologna,Fiorentina,2.0,0.0,post
679469,2024-02-16 19:00:00,2024,239,113,Torino,Lecce,2.0,0.0,post
679467,2024-02-16 21:00:00,2024,110,3240,Inter,Salernitana,4.0,0.0,post
679468,2024-02-17 15:00:00,2024,114,3263,Napoli,Genoa,1.0,1.0,post
679460,2024-02-17 18:00:00,2024,119,111,Verona,Juventus,2.0,2.0,post
679462,2024-02-17 20:45:00,2024,105,3997,Atalanta,Sassuolo,3.0,0.0,post
679466,2024-02-18 12:30:00,2024,112,107,Lazio,Bologna,1.0,2.0,post
679463,2024-02-18 15:00:00,2024,2574,109,Empoli,Fiorentina,1.0,1.0,post
679461,2024-02-18 15:00:00,2024,118,2925,Udinese,Cagliari,1.0,1.0,post
679464,2024-02-18 18:00:00,2024,4057,104,Frosinone,AS Roma,0.0,3.0,post
679465,2024-02-18 20:45:00,2024,4007,103,Monza,AC Milan,4.0,2.0,post
679420,2024-02-22 20:45:00,2024,239,112,Torino,Lazio,0.0,2.0,post
679479,2024-02-23 20:45:00,2024,107,119,Bologna,Verona,2.0,0.0,post
679475,2024-02-24 15:00:00,2024,3997,2574,Sassuolo,Empoli,2.0,3.0,post
679471,2024-02-24 18:00:00,2024,3240,4007,Salernitana,Monza,0.0,2.0,post
679477,2024-02-24 20:45:00,2024,3263,118,Genoa,Udinese,2.0,0.0,post
679478,2024-02-25 12:30:00,2024,111,4057,Juventus,Frosinone,3.0,2.0,post
679474,2024-02-25 15:00:00,2024,2925,114,Cagliari,Napoli,1.0,1.0,post
679470,2024-02-25 18:00:00,2024,113,110,Lecce,Inter,0.0,4.0,post
679473,2024-02-25 20:45:00,2024,103,105,AC Milan,Atalanta,1.0,1.0,post
679472,2024-02-26 18:30:00,2024,104,239,AS Roma,Torino,3.0,2.0,post
679476,2024-02-26 20:45:00,2024,109,112,Fiorentina,Lazio,2.0,1.0,post
679424,2024-02-28 18:00:00,2024,3997,114,Sassuolo,Napoli,1.0,6.0,post
679426,2024-02-28 20:45:00,2024,110,105,Inter,Atalanta,4.0,0.0,post
679484,2024-03-01 20:45:00,2024,112,103,Lazio,AC Milan,0.0,1.0,post
679480,2024-03-02 15:00:00,2024,118,3240,Udinese,Salernitana,1.0,1.0,post
679483,2024-03-02 18:00:00,2024,4007,104,Monza,AS Roma,1.0,4.0,post
679481,2024-03-02 20:45:00,2024,239,109,Torino,Fiorentina,0.0,0.0,post
679489,2024-03-03 12:30:00,2024,119,3997,Verona,Sassuolo,1.0,0.0,post
679487,2024-03-03 15:00:00,2024,2574,2925,Empoli,Cagliari,0.0,1.0,post
679486,2024-03-03 15:00:00,2024,4057,113,Frosinone,Lecce,1.0,1.0,post
679488,2024-03-03 18:00:00,2024,105,107,Atalanta,Bologna,1.0,2.0,post
679482,2024-03-03 20:45:00,2024,114,111,Napoli,Juventus,2.0,1.0,post
679485,2024-03-04 20:45:00,2024,110,3263,Inter,Genoa,2.0,1.0,post
679490,2024-03-08 20:45:00,2024,114,239,Napoli,Torino,1.0,1.0,post
679119,2024-03-09 15:00:00,2024,3997,4057,Sassuolo,Frosinone,1.0,0.0,post
679117,2024-03-09 15:00:00,2024,2925,3240,Cagliari,Salernitana,4.0,2.0,post
679118,2024-03-09 18:00:00,2024,107,110,Bologna,Inter,0.0,1.0,post
679495,2024-03-09 20:45:00,2024,3263,4007,Genoa,Monza,2.0,3.0,post
679492,2024-03-10 12:30:00,2024,113,119,Lecce,Verona,0.0,1.0,post
679491,2024-03-10 15:00:00,2024,103,2574,AC Milan,Empoli,1.0,0.0,post
679494,2024-03-10 18:00:00,2024,111,105,Juventus,Atalanta,2.0,2.0,post
679116,2024-03-10 20:45:00,2024,109,104,Fiorentina,AS Roma,2.0,2.0,post
679493,2024-03-11 20:45:00,2024,112,118,Lazio,Udinese,1.0,2.0,post
679121,2024-03-15 20:45:00,2024,2574,107,Empoli,Bologna,0.0,1.0,post
679126,2024-03-16 15:00:00,2024,4007,2925,Monza,Cagliari,1.0,0.0,post
679123,2024-03-16 15:00:00,2024,118,239,Udinese,Torino,0.0,2.0,post
679124,2024-03-16 18:00:00,2024,3240,113,Salernitana,Lecce,0.0,1.0,post
679129,2024-03-16 20:45:00,2024,4057,112,Frosinone,Lazio,2.0,3.0,post
679127,2024-03-17 12:30:00,2024,111,3263,Juventus,Genoa,0.0,0.0,post
679122,2024-03-17 15:00:00,2024,119,103,Verona,AC Milan,1.0,3.0,post
679125,2024-03-17 18:00:00,2024,104,3997,AS Roma,Sassuolo,1.0,0.0,post
679128,2024-03-17 20:45:00,2024,110,114,Inter,Napoli,1.0,1.0,post
679132,2024-03-30 12:30:00,2024,114,105,Napoli,Atalanta,0.0,3.0,post
679134,2024-03-30 15:00:00,2024,239,4007,Torino,Monza,1.0,0.0,post
679136,2024-03-30 15:00:00,2024,3263,4057,Genoa,Frosinone,1.0,1.0,post
679139,2024-03-30 18:00:00,2024,112,111,Lazio,Juventus,1.0,0.0,post
679137,2024-03-30 20:45:00,2024,109,103,Fiorentina,AC Milan,1.0,2.0,post
679130,2024-04-01 12:30:00,2024,107,3240,Bologna,Salernitana,3.0,0.0,post
679138,2024-04-01 15:00:00,2024,2925,119,Cagliari,Verona,1.0,1.0,post
679131,2024-04-01 15:00:00,2024,3997,118,Sassuolo,Udinese,1.0,1.0,post
679133,2024-04-01 18:00:00,2024,113,104,Lecce,AS Roma,0.0,0.0,post
679135,2024-04-01 20:45:00,2024,110,2574,Inter,Empoli,2.0,0.0,post
679141,2024-04-05 20:45:00,2024,3240,3997,Salernitana,Sassuolo,2.0,2.0,post
679149,2024-04-06 15:00:00,2024,103,113,AC Milan,Lecce,3.0,0.0,post
679142,2024-04-06 18:00:00,2024,104,112,AS Roma,Lazio,1.0,0.0,post
679147,2024-04-06 20:45:00,2024,2574,239,Empoli,Torino,3.0,2.0,post
679146,2024-04-07 12:30:00,2024,4057,107,Frosinone,Bologna,0.0,0.0,post
679143,2024-04-07 15:00:00,2024,4007,114,Monza,Napoli,2.0,4.0,post
679148,2024-04-07 18:00:00,2024,2925,105,Cagliari,Atalanta,2.0,1.0,post
679144,2024-04-07 18:00:00,2024,119,3263,Verona,Genoa,1.0,2.0,post
679145,2024-04-07 20:45:00,2024,111,109,Juventus,Fiorentina,1.0,0.0,post
679140,2024-04-08 20:45:00,2024,118,110,Udinese,Inter,1.0,2.0,post
679154,2024-04-12 20:45:00,2024,112,3240,Lazio,Salernitana,4.0,1.0,post
679153,2024-04-13 15:00:00,2024,113,2574,Lecce,Empoli,1.0,0.0,post
679150,2024-04-13 18:00:00,2024,239,111,Torino,Juventus,0.0,0.0,post
679157,2024-04-13 20:45:00,2024,107,4007,Bologna,Monza,0.0,0.0,post
679152,2024-04-14 12:30:00,2024,114,4057,Napoli,Frosinone,2.0,2.0,post
679151,2024-04-14 15:00:00,2024,3997,103,Sassuolo,AC Milan,3.0,3.0,post
679155,2024-04-14 20:45:00,2024,110,2925,Inter,Cagliari,2.0,2.0,post
679156,2024-04-15 18:30:00,2024,109,3263,Fiorentina,Genoa,1.0,1.0,post
679158,2024-04-15 20:45:00,2024,105,119,Atalanta,Verona,2.0,2.0,post
679169,2024-04-19 18:30:00,2024,3263,112,Genoa,Lazio,0.0,1.0,post
679160,2024-04-19 20:45:00,2024,2925,111,Cagliari,Juventus,2.0,2.0,post
679161,2024-04-20 18:00:00,2024,2574,114,Empoli,Napoli,1.0,0.0,post
679162,2024-04-20 20:45:00,2024,119,118,Verona,Udinese,1.0,0.0,post
679164,2024-04-21 12:30:00,2024,3997,113,Sassuolo,Lecce,0.0,3.0,post
679163,2024-04-21 15:00:00,2024,239,4057,Torino,Frosinone,0.0,0.0,post
679165,2024-04-21 18:00:00,2024,3240,109,Salernitana,Fiorentina,0.0,2.0,post
679167,2024-04-21 20:45:00,2024,4007,105,Monza,Atalanta,1.0,2.0,post
679166,2024-04-22 18:30:00,2024,104,107,AS Roma,Bologna,1.0,3.0,post
679168,2024-04-22 20:45:00,2024,103,110,AC Milan,Inter,1.0,2.0,post
679159,2024-04-25 20:00:00,2024,118,104,Udinese,AS Roma,1.0,2.0,post
679176,2024-04-26 20:45:00,2024,4057,3240,Frosinone,Salernitana,3.0,0.0,post
679171,2024-04-27 15:00:00,2024,113,4007,Lecce,Monza,1.0,1.0,post
679173,2024-04-27 18:00:00,2024,111,103,Juventus,AC Milan,0.0,0.0,post
679172,2024-04-27 20:45:00,2024,112,119,Lazio,Verona,1.0,0.0,post
679179,2024-04-28 12:30:00,2024,110,239,Inter,Torino,2.0,0.0,post
679178,2024-04-28 15:00:00,2024,107,118,Bologna,Udinese,1.0,1.0,post
679170,2024-04-28 18:00:00,2024,105,2574,Atalanta,Empoli,2.0,0.0,post
679174,2024-04-28 18:00:00,2024,114,104,Napoli,AS Roma,2.0,2.0,post
679177,2024-04-28 20:45:00,2024,109,3997,Fiorentina,Sassuolo,5.0,1.0,post
679175,2024-04-29 20:45:00,2024,3263,2925,Genoa,Cagliari,3.0,0.0,post
679181,2024-05-03 20:45:00,2024,239,107,Torino,Bologna,0.0,0.0,post
679185,2024-05-04 18:00:00,2024,4007,112,Monza,Lazio,2.0,2.0,post
679182,2024-05-04 20:45:00,2024,3997,110,Sassuolo,Inter,1.0,0.0,post
679188,2024-05-05 12:30:00,2024,2925,113,Cagliari,Lecce,1.0,1.0,post
679184,2024-05-05 15:00:00,2024,119,109,Verona,Fiorentina,2.0,1.0,post
679187,2024-05-05 15:00:00,2024,2574,4057,Empoli,Frosinone,0.0,0.0,post
679186,2024-05-05 18:00:00,2024,103,3263,AC Milan,Genoa,3.0,3.0,post
679189,2024-05-05 20:45:00,2024,104,111,AS Roma,Juventus,1.0,1.0,post
679183,2024-05-06 18:00:00,2024,3240,105,Salernitana,Atalanta,1.0,2.0,post
679180,2024-05-06 20:45:00,2024,118,114,Udinese,Napoli,1.0,1.0,post
679196,2024-05-10 20:45:00,2024,4057,110,Frosinone,Inter,0.0,5.0,post
679190,2024-05-11 18:00:00,2024,114,107,Napoli,Bologna,0.0,2.0,post
679191,2024-05-11 20:45:00,2024,103,2925,AC Milan,Cagliari,5.0,1.0,post
679193,2024-05-12 12:30:00,2024,112,2574,Lazio,Empoli,2.0,0.0,post
679195,2024-05-12 15:00:00,2024,3263,3997,Genoa,Sassuolo,2.0,1.0,post
679199,2024-05-12 15:00:00,2024,119,239,Verona,Torino,1.0,2.0,post
679194,2024-05-12 18:00:00,2024,111,3240,Juventus,Salernitana,1.0,1.0,post
679198,2024-05-12 20:45:00,2024,105,104,Atalanta,AS Roma,2.0,1.0,post
679192,2024-05-13 18:30:00,2024,113,118,Lecce,Udinese,0.0,2.0,post
679197,2024-05-13 20:45:00,2024,109,4007,Fiorentina,Monza,2.0,1.0,post
679201,2024-05-17 20:45:00,2024,109,114,Fiorentina,Napoli,2.0,2.0,post
679208,2024-05-18 18:00:00,2024,113,105,Lecce,Atalanta,0.0,2.0,post
679203,2024-05-18 20:45:00,2024,239,103,Torino,AC Milan,3.0,1.0,post
679204,2024-05-19 12:30:00,2024,3997,2925,Sassuolo,Cagliari,0.0,2.0,post
679207,2024-05-19 15:00:00,2024,4007,4057,Monza,Frosinone,0.0,1.0,post
679202,2024-05-19 15:00:00,2024,118,2574,Udinese,Empoli,1.0,1.0,post
679209,2024-05-19 18:00:00,2024,110,112,Inter,Lazio,1.0,1.0,post
679206,2024-05-19 20:45:00,2024,104,3263,AS Roma,Genoa,1.0,0.0,post
679205,2024-05-20 18:30:00,2024,3240,119,Salernitana,Verona,1.0,2.0,post
679200,2024-05-20 20:45:00,2024,107,111,Bologna,Juventus,3.0,3.0,post
679218,2024-05-23 20:45:00,2024,2925,109,Cagliari,Fiorentina,2.0,3.0,post
679215,2024-05-24 20:45:00,2024,3263,107,Genoa,Bologna,2.0,0.0,post
679219,2024-05-25 18:00:00,2024,111,4007,Juventus,Monza,2.0,0.0,post
679212,2024-05-25 20:45:00,2024,103,3240,AC Milan,Salernitana,3.0,3.0,post
679210,2024-05-26 18:00:00,2024,105,239,Atalanta,Torino,3.0,0.0,post
679211,2024-05-26 18:00:00,2024,114,113,Napoli,Lecce,0.0,0.0,post
679217,2024-05-26 20:45:00,2024,2574,104,Empoli,AS Roma,2.0,1.0,post
679216,2024-05-26 20:45:00,2024,4057,118,Frosinone,Udinese,0.0,1.0,post
679214,2024-05-26 20:45:00,2024,119,110,Verona,Inter,2.0,2.0,post
679213,2024-05-26 20:45:00,2024,112,3997,Lazio,Sassuolo,1.0,1.0,post
679120,2024-06-02 18:00:00,2024,105,109,Atalanta,Fiorentina,2.0,3.0,post
712116,2024-08-17 18:30:00,2024,3263,110,Genoa,Inter,2.0,2.0,post
712122,2024-08-17 18:30:00,2024,115,109,Parma,Fiorentina,1.0,1.0,post
712121,2024-08-17 20:45:00,2024,103,239,AC Milan,Torino,2.0,2.0,post
712115,2024-08-17 20:45:00,2024,2574,4007,Empoli,Monza,0.0,0.0,post
712113,2024-08-18 18:30:00,2024,107,118,Bologna,Udinese,1.0,1.0,post
712117,2024-08-18 18:30:00,2024,119,114,Verona,Napoli,3.0,0.0,post
712114,2024-08-18 20:45:00,2024,2925,104,Cagliari,AS Roma,0.0,0.0,post
712119,2024-08-18 20:45:00,2024,112,17530,Lazio,Venezia,3.0,1.0,post
712120,2024-08-19 18:30:00,2024,113,105,Lecce,Atalanta,0.0,4.0,post
712118,2024-08-19 20:45:00,2024,111,2572,Juventus,Como,3.0,0.0,post
712129,2024-08-24 18:30:00,2024,115,103,Parma,AC Milan,2.0,1.0,post
712128,2024-08-24 18:30:00,2024,118,112,Udinese,Lazio,2.0,1.0,post
712126,2024-08-24 20:45:00,2024,110,113,Inter,Lecce,2.0,0.0,post
712132,2024-08-24 20:45:00,2024,4007,3263,Monza,Genoa,0.0,1.0,post
712124,2024-08-25 18:30:00,2024,109,17530,Fiorentina,Venezia,0.0,0.0,post
712131,2024-08-25 18:30:00,2024,239,105,Torino,Atalanta,2.0,1.0,post
712127,2024-08-25 20:45:00,2024,114,107,Napoli,Bologna,3.0,0.0,post
712130,2024-08-25 20:45:00,2024,104,2574,AS Roma,Empoli,1.0,2.0,post
712123,2024-08-26 18:30:00,2024,2925,2572,Cagliari,Como,1.0,1.0,post
712125,2024-08-26 20:45:00,2024,119,111,Verona,Juventus,0.0,3.0,post
712142,2024-08-30 18:30:00,2024,17530,239,Venezia,Torino,0.0,1.0,post
712136,2024-08-30 20:45:00,2024,110,105,Inter,Atalanta,4.0,0.0,post
712133,2024-08-31 18:30:00,2024,107,2574,Bologna,Empoli,1.0,1.0,post
712139,2024-08-31 18:30:00,2024,113,2925,Lecce,Cagliari,1.0,0.0,post
712140,2024-08-31 20:45:00,2024,114,115,Napoli,Parma,2.0,1.0,post
712138,2024-08-31 20:45:00,2024,112,103,Lazio,AC Milan,2.0,2.0,post
712134,2024-09-01 18:30:00,2024,109,4007,Fiorentina,Monza,2.0,2.0,post
712135,2024-09-01 18:30:00,2024,3263,119,Genoa,Verona,0.0,2.0,post
712137,2024-09-01 20:45:00,2024,111,104,Juventus,AS Roma,0.0,0.0,post
712141,2024-09-01 20:45:00,2024,118,2572,Udinese,Como,1.0,0.0,post
712145,2024-09-14 15:00:00,2024,2572,107,Como,Bologna,2.0,2.0,post
712146,2024-09-14 18:00:00,2024,2574,111,Empoli,Juventus,0.0,0.0,post
712149,2024-09-14 20:45:00,2024,103,17530,AC Milan,Venezia,4.0,0.0,post
712147,2024-09-15 12:30:00,2024,3263,104,Genoa,AS Roma,1.0,1.0,post
712152,2024-09-15 15:00:00,2024,239,113,Torino,Lecce,0.0,0.0,post
712143,2024-09-15 15:00:00,2024,105,109,Atalanta,Fiorentina,3.0,2.0,post
712144,2024-09-15 18:00:00,2024,2925,114,Cagliari,Napoli,0.0,4.0,post
712150,2024-09-15 20:45:00,2024,4007,110,Monza,Inter,1.0,1.0,post
712151,2024-09-16 18:30:00,2024,115,118,Parma,Udinese,2.0,3.0,post
712148,2024-09-16 20:45:00,2024,112,119,Lazio,Verona,2.0,1.0,post
712154,2024-09-20 18:30:00,2024,2925,2574,Cagliari,Empoli,0.0,2.0,post
712156,2024-09-20 20:45:00,2024,119,239,Verona,Torino,2.0,3.0,post
712162,2024-09-21 15:00:00,2024,17530,3263,Venezia,Genoa,2.0,0.0,post
712158,2024-09-21 18:00:00,2024,111,114,Juventus,Napoli,0.0,0.0,post
712159,2024-09-21 20:45:00,2024,113,115,Lecce,Parma,2.0,2.0,post
712155,2024-09-22 12:30:00,2024,109,112,Fiorentina,Lazio,2.0,1.0,post
712160,2024-09-22 15:00:00,2024,4007,107,Monza,Bologna,1.0,2.0,post
712161,2024-09-22 18:00:00,2024,104,118,AS Roma,Udinese,3.0,0.0,post
712157,2024-09-22 20:45:00,2024,110,103,Inter,AC Milan,1.0,2.0,post
712153,2024-09-24 20:45:00,2024,105,2572,Atalanta,Como,2.0,3.0,post
712172,2024-09-27 20:45:00,2024,103,113,AC Milan,Lecce,3.0,0.0,post
712168,2024-09-28 15:00:00,2024,118,110,Udinese,Inter,2.0,3.0,post
712166,2024-09-28 18:00:00,2024,3263,111,Genoa,Juventus,0.0,3.0,post
712163,2024-09-28 20:45:00,2024,107,105,Bologna,Atalanta,1.0,1.0,post
712171,2024-09-29 12:30:00,2024,239,112,Torino,Lazio,2.0,3.0,post
712164,2024-09-29 15:00:00,2024,2572,119,Como,Verona,3.0,2.0,post
712170,2024-09-29 15:00:00,2024,104,17530,AS Roma,Venezia,2.0,1.0,post
712165,2024-09-29 18:00:00,2024,2574,109,Empoli,Fiorentina,0.0,0.0,post
712167,2024-09-29 20:45:00,2024,114,4007,Napoli,Monza,2.0,0.0,post
712169,2024-09-30 20:45:00,2024,115,2925,Parma,Cagliari,2.0,3.0,post
712182,2024-10-04 18:30:00,2024,114,2572,Napoli,Como,3.0,1.0,post
712179,2024-10-04 20:45:00,2024,119,17530,Verona,Venezia,2.0,1.0,post
712173,2024-10-05 15:00:00,2024,118,113,Udinese,Lecce,1.0,0.0,post
712177,2024-10-05 18:00:00,2024,105,3263,Atalanta,Genoa,5.0,1.0,post
712178,2024-10-05 20:45:00,2024,110,239,Inter,Torino,3.0,2.0,post
712174,2024-10-06 12:30:00,2024,111,2925,Juventus,Cagliari,1.0,1.0,post
712176,2024-10-06 15:00:00,2024,107,115,Bologna,Parma,0.0,0.0,post
712180,2024-10-06 15:00:00,2024,112,2574,Lazio,Empoli,2.0,1.0,post
712181,2024-10-06 18:00:00,2024,4007,104,Monza,AS Roma,1.0,1.0,post
712175,2024-10-06 20:45:00,2024,109,103,Fiorentina,AC Milan,2.0,1.0,post
712186,2024-10-19 15:00:00,2024,2572,115,Como,Parma,1.0,1.0,post
712189,2024-10-19 15:00:00,2024,3263,107,Genoa,Bologna,2.0,2.0,post
712190,2024-10-19 18:00:00,2024,103,118,AC Milan,Udinese,1.0,0.0,post
712192,2024-10-19 20:45:00,2024,111,112,Juventus,Lazio,1.0,0.0,post
712185,2024-10-20 12:30:00,2024,2574,114,Empoli,Napoli,0.0,1.0,post
712191,2024-10-20 15:00:00,2024,113,109,Lecce,Fiorentina,0.0,6.0,post
712188,2024-10-20 15:00:00,2024,17530,105,Venezia,Atalanta,0.0,2.0,post
712187,2024-10-20 18:00:00,2024,2925,239,Cagliari,Torino,3.0,2.0,post
712184,2024-10-20 20:45:00,2024,104,110,AS Roma,Inter,0.0,1.0,post
712183,2024-10-21 20:45:00,2024,119,4007,Verona,Monza,0.0,3.0,post
712201,2024-10-25 18:30:00,2024,118,2925,Udinese,Cagliari,2.0,0.0,post
712202,2024-10-25 20:45:00,2024,239,2572,Torino,Como,1.0,0.0,post
712199,2024-10-26 15:00:00,2024,114,113,Napoli,Lecce,1.0,0.0,post
712194,2024-10-26 20:45:00,2024,105,119,Atalanta,Verona,6.0,1.0,post
712193,2024-10-27 12:30:00,2024,115,2574,Parma,Empoli,1.0,1.0,post
712196,2024-10-27 15:00:00,2024,112,3263,Lazio,Genoa,3.0,0.0,post
712195,2024-10-27 15:00:00,2024,4007,17530,Monza,Venezia,2.0,2.0,post
712197,2024-10-27 18:00:00,2024,110,111,Inter,Juventus,4.0,4.0,post
712198,2024-10-27 20:45:00,2024,109,104,Fiorentina,AS Roma,5.0,1.0,post
712212,2024-10-29 18:30:00,2024,2925,107,Cagliari,Bologna,0.0,2.0,post
712209,2024-10-29 18:30:00,2024,113,119,Lecce,Verona,1.0,0.0,post
712210,2024-10-29 20:45:00,2024,103,114,AC Milan,Napoli,0.0,2.0,post
712205,2024-10-30 18:30:00,2024,2574,110,Empoli,Inter,0.0,3.0,post
712203,2024-10-30 18:30:00,2024,17530,118,Venezia,Udinese,3.0,2.0,post
712207,2024-10-30 20:45:00,2024,105,4007,Atalanta,Monza,2.0,0.0,post
712208,2024-10-30 20:45:00,2024,111,115,Juventus,Parma,2.0,2.0,post
712204,2024-10-31 18:30:00,2024,3263,109,Genoa,Fiorentina,0.0,1.0,post
712211,2024-10-31 20:45:00,2024,104,239,AS Roma,Torino,1.0,0.0,post
712206,2024-10-31 20:45:00,2024,2572,112,Como,Lazio,1.0,5.0,post
712216,2024-11-02 15:00:00,2024,107,113,Bologna,Lecce,1.0,0.0,post
712217,2024-11-02 18:00:00,2024,118,111,Udinese,Juventus,0.0,2.0,post
712218,2024-11-02 20:45:00,2024,4007,103,Monza,AC Milan,0.0,1.0,post
712219,2024-11-03 12:30:00,2024,114,105,Napoli,Atalanta,0.0,3.0,post
712221,2024-11-03 15:00:00,2024,239,109,Torino,Fiorentina,0.0,1.0,post
712214,2024-11-03 18:00:00,2024,119,104,Verona,AS Roma,3.0,2.0,post
712213,2024-11-03 20:45:00,2024,110,17530,Inter,Venezia,1.0,0.0,post
712215,2024-11-04 18:30:00,2024,2574,2572,Empoli,Como,1.0,0.0,post
712220,2024-11-04 18:30:00,2024,115,3263,Parma,Genoa,0.0,1.0,post
712222,2024-11-04 20:45:00,2024,112,2925,Lazio,Cagliari,2.0,1.0,post
712229,2024-11-07 20:45:00,2024,3263,2572,Genoa,Como,1.0,1.0,post
712231,2024-11-08 20:45:00,2024,113,2574,Lecce,Empoli,1.0,1.0,post
712224,2024-11-09 15:00:00,2024,17530,115,Venezia,Parma,1.0,2.0,post
712232,2024-11-09 18:00:00,2024,2925,103,Cagliari,AC Milan,3.0,3.0,post
712230,2024-11-09 20:45:00,2024,111,239,Juventus,Torino,2.0,0.0,post
712226,2024-11-10 12:30:00,2024,105,118,Atalanta,Udinese,2.0,1.0,post
712223,2024-11-10 15:00:00,2024,104,107,AS Roma,Bologna,2.0,3.0,post
712228,2024-11-10 15:00:00,2024,109,119,Fiorentina,Verona,3.0,1.0,post
712227,2024-11-10 18:00:00,2024,4007,112,Monza,Lazio,0.0,1.0,post
712225,2024-11-10 20:45:00,2024,110,114,Inter,Napoli,1.0,1.0,post
712236,2024-11-23 15:00:00,2024,119,110,Verona,Inter,0.0,5.0,post
712240,2024-11-23 18:00:00,2024,103,111,AC Milan,Juventus,0.0,0.0,post
712234,2024-11-23 20:45:00,2024,115,105,Parma,Atalanta,1.0,3.0,post
712237,2024-11-24 12:30:00,2024,3263,2925,Genoa,Cagliari,2.0,2.0,post
712239,2024-11-24 15:00:00,2024,2572,109,Como,Fiorentina,0.0,2.0,post
712242,2024-11-24 15:00:00,2024,239,4007,Torino,Monza,1.0,1.0,post
712233,2024-11-24 18:00:00,2024,114,104,Napoli,AS Roma,1.0,0.0,post
712241,2024-11-24 20:45:00,2024,112,107,Lazio,Bologna,3.0,0.0,post
712238,2024-11-25 18:30:00,2024,2574,118,Empoli,Udinese,1.0,1.0,post
712235,2024-11-25 20:45:00,2024,17530,113,Venezia,Lecce,0.0,1.0,post
712251,2024-11-29 20:45:00,2024,2925,119,Cagliari,Verona,1.0,0.0,post
712252,2024-11-30 15:00:00,2024,2572,4007,Como,Monza,1.0,1.0,post
712250,2024-11-30 18:00:00,2024,103,2574,AC Milan,Empoli,3.0,0.0,post
712245,2024-11-30 20:45:00,2024,107,17530,Bologna,Venezia,3.0,0.0,post
712246,2024-12-01 12:30:00,2024,118,3263,Udinese,Genoa,0.0,2.0,post
712249,2024-12-01 15:00:00,2024,115,112,Parma,Lazio,3.0,1.0,post
712247,2024-12-01 15:00:00,2024,239,114,Torino,Napoli,0.0,1.0,post
712243,2024-12-01 20:45:00,2024,113,111,Lecce,Juventus,1.0,1.0,post
712248,2024-12-02 20:45:00,2024,104,105,AS Roma,Atalanta,0.0,2.0,post
712257,2024-12-06 18:30:00,2024,110,115,Inter,Parma,3.0,1.0,post
712254,2024-12-06 20:45:00,2024,105,103,Atalanta,AC Milan,2.0,1.0,post
712256,2024-12-07 15:00:00,2024,3263,239,Genoa,Torino,0.0,0.0,post
712259,2024-12-07 18:00:00,2024,111,107,Juventus,Bologna,2.0,2.0,post
712253,2024-12-07 20:45:00,2024,104,113,AS Roma,Lecce,4.0,1.0,post
712255,2024-12-08 12:30:00,2024,109,2925,Fiorentina,Cagliari,1.0,0.0,post
712262,2024-12-08 15:00:00,2024,119,2574,Verona,Empoli,1.0,4.0,post
712258,2024-12-08 18:00:00,2024,17530,2572,Venezia,Como,2.0,2.0,post
712261,2024-12-08 20:45:00,2024,114,112,Napoli,Lazio,0.0,1.0,post
712260,2024-12-09 20:45:00,2024,4007,118,Monza,Udinese,1.0,2.0,post
712272,2024-12-13 20:45:00,2024,2574,239,Empoli,Torino,0.0,1.0,post
712270,2024-12-14 15:00:00,2024,2925,105,Cagliari,Atalanta,0.0,1.0,post
712268,2024-12-14 18:00:00,2024,118,114,Udinese,Napoli,1.0,3.0,post
712267,2024-12-14 20:45:00,2024,111,17530,Juventus,Venezia,2.0,2.0,post
712264,2024-12-15 12:30:00,2024,113,4007,Lecce,Monza,2.0,1.0,post
712266,2024-12-15 15:00:00,2024,115,119,Parma,Verona,2.0,3.0,post
712269,2024-12-15 15:00:00,2024,107,109,Bologna,Fiorentina,1.0,0.0,post
712271,2024-12-15 18:00:00,2024,2572,104,Como,AS Roma,2.0,0.0,post
712265,2024-12-15 20:45:00,2024,103,3263,AC Milan,Genoa,0.0,0.0,post
712263,2024-12-16 20:45:00,2024,112,110,Lazio,Inter,0.0,6.0,post
712276,2024-12-20 20:45:00,2024,119,103,Verona,AC Milan,0.0,1.0,post
712281,2024-12-21 15:00:00,2024,239,107,Torino,Bologna,0.0,2.0,post
712275,2024-12-21 18:00:00,2024,3263,114,Genoa,Napoli,1.0,2.0,post
712278,2024-12-21 20:45:00,2024,113,112,Lecce,Lazio,1.0,2.0,post
712280,2024-12-22 12:30:00,2024,104,115,AS Roma,Parma,5.0,0.0,post
712282,2024-12-22 15:00:00,2024,17530,2925,Venezia,Cagliari,2.0,1.0,post
712273,2024-12-22 18:00:00,2024,105,2574,Atalanta,Empoli,3.0,2.0,post
712279,2024-12-22 20:45:00,2024,4007,111,Monza,Juventus,1.0,2.0,post
712274,2024-12-23 18:30:00,2024,109,118,Fiorentina,Udinese,1.0,2.0,post
712277,2024-12-23 20:45:00,2024,110,2572,Inter,Como,2.0,0.0,post
712286,2024-12-28 15:00:00,2024,2574,3263,Empoli,Genoa,1.0,2.0,post
712291,2024-12-28 15:00:00,2024,115,4007,Parma,Monza,2.0,1.0,post
712288,2024-12-28 18:00:00,2024,2925,110,Cagliari,Inter,0.0,3.0,post
712287,2024-12-28 20:45:00,2024,112,105,Lazio,Atalanta,1.0,1.0,post
712284,2024-12-29 12:30:00,2024,118,239,Udinese,Torino,2.0,2.0,post
712290,2024-12-29 15:00:00,2024,114,17530,Napoli,Venezia,1.0,0.0,post
712285,2024-12-29 18:00:00,2024,111,109,Juventus,Fiorentina,2.0,2.0,post
712289,2024-12-29 20:45:00,2024,103,104,AC Milan,AS Roma,1.0,1.0,post
712292,2024-12-30 18:30:00,2024,2572,113,Como,Lecce,2.0,0.0,post
712283,2024-12-30 20:45:00,2024,107,119,Bologna,Verona,2.0,3.0,post
712297,2025-01-04 15:00:00,2025,17530,2574,Venezia,Empoli,1.0,1.0,post
712299,2025-01-04 18:00:00,2025,109,114,Fiorentina,Napoli,0.0,3.0,post
712298,2025-01-04 20:45:00,2025,119,118,Verona,Udinese,0.0,0.0,post
712295,2025-01-05 12:30:00,2025,4007,2925,Monza,Cagliari,1.0,2.0,post
712296,2025-01-05 15:00:00,2025,113,3263,Lecce,Genoa,0.0,0.0,post
712293,2025-01-05 18:00:00,2025,239,115,Torino,Parma,0.0,0.0,post
712294,2025-01-05 20:45:00,2025,104,112,AS Roma,Lazio,2.0,0.0,post
712308,2025-01-10 20:45:00,2025,112,2572,Lazio,Como,1.0,1.0,post
712310,2025-01-11 15:00:00,2025,2574,113,Empoli,Lecce,1.0,3.0,post
712306,2025-01-11 15:00:00,2025,118,105,Udinese,Atalanta,0.0,0.0,post
712305,2025-01-11 18:00:00,2025,239,111,Torino,Juventus,1.0,1.0,post
712312,2025-01-11 20:45:00,2025,103,2925,AC Milan,Cagliari,1.0,1.0,post
712309,2025-01-12 12:30:00,2025,3263,115,Genoa,Parma,1.0,0.0,post
712307,2025-01-12 15:00:00,2025,17530,110,Venezia,Inter,0.0,1.0,post
712311,2025-01-12 18:00:00,2025,107,104,Bologna,AS Roma,2.0,2.0,post
712304,2025-01-12 20:45:00,2025,114,119,Napoli,Verona,2.0,0.0,post
712303,2025-01-13 20:45:00,2025,4007,109,Monza,Fiorentina,2.0,1.0,post
712300,2025-01-14 18:30:00,2025,2572,103,Como,AC Milan,1.0,2.0,post
712301,2025-01-14 20:45:00,2025,105,111,Atalanta,Juventus,1.0,1.0,post
712302,2025-01-15 20:45:00,2025,110,107,Inter,Bologna,2.0,2.0,post
712314,2025-01-17 20:45:00,2025,104,3263,AS Roma,Genoa,3.0,1.0,post
712315,2025-01-18 15:00:00,2025,107,4007,Bologna,Monza,3.0,1.0,post
712317,2025-01-18 18:00:00,2025,111,103,Juventus,AC Milan,2.0,0.0,post
712316,2025-01-18 20:45:00,2025,105,114,Atalanta,Napoli,2.0,3.0,post
712320,2025-01-19 12:30:00,2025,109,239,Fiorentina,Torino,1.0,1.0,post
712318,2025-01-19 15:00:00,2025,2925,113,Cagliari,Lecce,4.0,1.0,post
712313,2025-01-19 15:00:00,2025,115,17530,Parma,Venezia,1.0,1.0,post
712321,2025-01-19 18:00:00,2025,119,112,Verona,Lazio,0.0,3.0,post
712322,2025-01-19 20:45:00,2025,110,2574,Inter,Empoli,3.0,1.0,post
712319,2025-01-20 20:45:00,2025,2572,118,Como,Udinese,4.0,1.0,post
712325,2025-01-24 20:45:00,2025,239,2925,Torino,Cagliari,2.0,0.0,post
712323,2025-01-25 15:00:00,2025,2572,105,Como,Atalanta,1.0,2.0,post
712326,2025-01-25 18:00:00,2025,114,111,Napoli,Juventus,2.0,1.0,post
712332,2025-01-25 20:45:00,2025,2574,107,Empoli,Bologna,1.0,1.0,post
712327,2025-01-26 12:30:00,2025,103,115,AC Milan,Parma,3.0,2.0,post
712324,2025-01-26 15:00:00,2025,118,104,Udinese,AS Roma,1.0,2.0,post
712330,2025-01-26 18:00:00,2025,113,110,Lecce,Inter,0.0,4.0,post
712329,2025-01-26 20:45:00,2025,112,109,Lazio,Fiorentina,1.0,2.0,post
712331,2025-01-27 18:30:00,2025,17530,119,Venezia,Verona,1.0,1.0,post
712328,2025-01-27 20:45:00,2025,3263,4007,Genoa,Monza,2.0,0.0,post
712339,2025-01-31 20:45:00,2025,115,113,Parma,Lecce,1.0,3.0,post
712338,2025-02-01 15:00:00,2025,4007,119,Monza,Verona,0.0,1.0,post
712341,2025-02-01 15:00:00,2025,118,17530,Udinese,Venezia,3.0,2.0,post
712337,2025-02-01 18:00:00,2025,105,239,Atalanta,Torino,1.0,1.0,post
712333,2025-02-01 20:45:00,2025,107,2572,Bologna,Como,2.0,0.0,post
712336,2025-02-02 12:30:00,2025,111,2574,Juventus,Empoli,4.0,1.0,post
712340,2025-02-02 15:00:00,2025,109,3263,Fiorentina,Genoa,2.0,1.0,post
712342,2025-02-02 18:00:00,2025,103,110,AC Milan,Inter,1.0,1.0,post
712335,2025-02-02 20:45:00,2025,104,114,AS Roma,Napoli,1.0,1.0,post
712334,2025-02-03 20:45:00,2025,2925,112,Cagliari,Lazio,1.0,2.0,post
712244,2025-02-06 20:45:00,2025,109,110,Fiorentina,Inter,3.0,0.0,post
712352,2025-02-07 20:45:00,2025,2572,111,Como,Juventus,1.0,2.0,post
712349,2025-02-08 15:00:00,2025,119,105,Verona,Atalanta,0.0,5.0,post
712348,2025-02-08 18:00:00,2025,2574,103,Empoli,AC Milan,0.0,2.0,post
712343,2025-02-08 20:45:00,2025,239,3263,Torino,Genoa,1.0,1.0,post
712347,2025-02-09 12:30:00,2025,17530,104,Venezia,AS Roma,0.0,1.0,post
712351,2025-02-09 15:00:00,2025,112,4007,Lazio,Monza,5.0,1.0,post
712346,2025-02-09 15:00:00,2025,2925,115,Cagliari,Parma,2.0,1.0,post
712345,2025-02-09 18:00:00,2025,113,107,Lecce,Bologna,0.0,0.0,post
712344,2025-02-09 20:45:00,2025,114,118,Napoli,Udinese,1.0,1.0,post
712350,2025-02-10 20:45:00,2025,110,109,Inter,Fiorentina,2.0,1.0,post
712356,2025-02-14 20:45:00,2025,107,239,Bologna,Torino,3.0,2.0,post
712355,2025-02-15 15:00:00,2025,105,2925,Atalanta,Cagliari,0.0,0.0,post
712358,2025-02-15 18:00:00,2025,112,114,Lazio,Napoli,2.0,2.0,post
712361,2025-02-15 20:45:00,2025,103,119,AC Milan,Verona,1.0,0.0,post
712357,2025-02-16 12:30:00,2025,109,2572,Fiorentina,Como,0.0,2.0,post
712362,2025-02-16 15:00:00,2025,4007,113,Monza,Lecce,0.0,0.0,post
712353,2025-02-16 15:00:00,2025,118,2574,Udinese,Empoli,3.0,0.0,post
712354,2025-02-16 18:00:00,2025,115,104,Parma,AS Roma,0.0,1.0,post
712359,2025-02-16 20:45:00,2025,111,110,Juventus,Inter,1.0,0.0,post
712360,2025-02-17 20:45:00,2025,3263,17530,Genoa,Venezia,2.0,0.0,post
712363,2025-02-21 20:45:00,2025,113,118,Lecce,Udinese,0.0,1.0,post
712366,2025-02-22 15:00:00,2025,115,107,Parma,Bologna,2.0,0.0,post
712368,2025-02-22 15:00:00,2025,17530,112,Venezia,Lazio,0.0,0.0,post
712364,2025-02-22 18:00:00,2025,239,103,Torino,AC Milan,2.0,1.0,post
712371,2025-02-22 20:45:00,2025,110,3263,Inter,Genoa,1.0,0.0,post
712367,2025-02-23 12:30:00,2025,2572,114,Como,Napoli,2.0,1.0,post
712370,2025-02-23 15:00:00,2025,119,109,Verona,Fiorentina,1.0,0.0,post
712369,2025-02-23 18:00:00,2025,2574,105,Empoli,Atalanta,0.0,5.0,post
712372,2025-02-23 20:45:00,2025,2925,111,Cagliari,Juventus,0.0,1.0,post
712365,2025-02-24 20:45:00,2025,104,4007,AS Roma,Monza,4.0,0.0,post
712200,2025-02-27 20:45:00,2025,107,103,Bologna,AC Milan,2.0,1.0,post
712379,2025-02-28 20:45:00,2025,109,113,Fiorentina,Lecce,1.0,0.0,post
712381,2025-03-01 15:00:00,2025,105,17530,Atalanta,Venezia,0.0,0.0,post
712374,2025-03-01 18:00:00,2025,114,110,Napoli,Inter,1.0,1.0,post
712382,2025-03-01 20:45:00,2025,118,115,Udinese,Parma,1.0,0.0,post
712375,2025-03-02 12:30:00,2025,4007,239,Monza,Torino,0.0,2.0,post
712380,2025-03-02 15:00:00,2025,107,2925,Bologna,Cagliari,2.0,1.0,post
712378,2025-03-02 15:00:00,2025,3263,2574,Genoa,Empoli,1.0,1.0,post
712373,2025-03-02 18:00:00,2025,104,2572,AS Roma,Como,2.0,1.0,post
712376,2025-03-02 20:45:00,2025,103,112,AC Milan,Lazio,1.0,2.0,post
712377,2025-03-03 20:45:00,2025,111,119,Juventus,Verona,2.0,0.0,post
712391,2025-03-07 20:45:00,2025,2925,3263,Cagliari,Genoa,1.0,1.0,post
712390,2025-03-08 15:00:00,2025,2572,17530,Como,Venezia,1.0,1.0,post
712392,2025-03-08 15:00:00,2025,115,239,Parma,Torino,2.0,2.0,post
712384,2025-03-08 18:00:00,2025,113,103,Lecce,AC Milan,2.0,3.0,post
712387,2025-03-08 20:45:00,2025,110,4007,Inter,Monza,3.0,2.0,post
712388,2025-03-09 12:30:00,2025,119,107,Verona,Bologna,1.0,2.0,post
712383,2025-03-09 15:00:00,2025,114,109,Napoli,Fiorentina,2.0,1.0,post
712389,2025-03-09 18:00:00,2025,2574,104,Empoli,AS Roma,0.0,1.0,post
712386,2025-03-09 20:45:00,2025,111,105,Juventus,Atalanta,0.0,4.0,post
712385,2025-03-10 20:45:00,2025,112,118,Lazio,Udinese,1.0,1.0,post
712396,2025-03-14 20:45:00,2025,3263,113,Genoa,Lecce,2.0,1.0,post
712398,2025-03-15 15:00:00,2025,4007,115,Monza,Parma,1.0,1.0,post
712401,2025-03-15 15:00:00,2025,118,119,Udinese,Verona,0.0,1.0,post
712397,2025-03-15 18:00:00,2025,103,2572,AC Milan,Como,2.0,1.0,post
712400,2025-03-15 20:45:00,2025,239,2574,Torino,Empoli,1.0,0.0,post
712402,2025-03-16 12:30:00,2025,17530,114,Venezia,Napoli,0.0,0.0,post
712394,2025-03-16 15:00:00,2025,107,112,Bologna,Lazio,5.0,0.0,post
712399,2025-03-16 16:00:00,2025,104,2925,AS Roma,Cagliari,1.0,0.0,post
712395,2025-03-16 18:00:00,2025,109,111,Fiorentina,Juventus,3.0,0.0,post
712393,2025-03-16 20:45:00,2025,105,110,Atalanta,Inter,0.0,2.0,post
712404,2025-03-29 15:00:00,2025,2572,2574,Como,Empoli,1.0,1.0,post
712408,2025-03-29 15:00:00,2025,17530,107,Venezia,Bologna,0.0,1.0,post
712407,2025-03-29 18:00:00,2025,111,3263,Juventus,Genoa,1.0,0.0,post
712410,2025-03-29 20:45:00,2025,113,104,Lecce,AS Roma,0.0,1.0,post
712403,2025-03-30 12:30:00,2025,2925,4007,Cagliari,Monza,3.0,0.0,post
712405,2025-03-30 15:00:00,2025,109,105,Fiorentina,Atalanta,1.0,0.0,post
712412,2025-03-30 18:00:00,2025,110,118,Inter,Udinese,2.0,1.0,post
712411,2025-03-30 20:45:00,2025,114,103,Napoli,AC Milan,2.0,1.0,post
712406,2025-03-31 18:30:00,2025,119,115,Verona,Parma,0.0,0.0,post
712409,2025-03-31 20:45:00,2025,112,239,Lazio,Torino,1.0,1.0,post
712415,2025-04-04 20:45:00,2025,3263,118,Genoa,Udinese,1.0,0.0,post
712418,2025-04-05 15:00:00,2025,4007,2572,Monza,Como,1.0,3.0,post
712420,2025-04-05 18:00:00,2025,115,110,Parma,Inter,2.0,2.0,post
712422,2025-04-05 20:45:00,2025,103,109,AC Milan,Fiorentina,2.0,2.0,post
712416,2025-04-06 12:30:00,2025,113,17530,Lecce,Venezia,1.0,1.0,post
712419,2025-04-06 15:00:00,2025,239,119,Torino,Verona,1.0,1.0,post
712414,2025-04-06 15:00:00,2025,2574,2925,Empoli,Cagliari,0.0,0.0,post
712417,2025-04-06 18:00:00,2025,105,112,Atalanta,Lazio,0.0,1.0,post
712421,2025-04-06 20:45:00,2025,104,111,AS Roma,Juventus,1.0,1.0,post
712413,2025-04-07 20:45:00,2025,107,114,Bologna,Napoli,1.0,1.0,post
712431,2025-04-11 20:45:00,2025,118,103,Udinese,AC Milan,0.0,4.0,post
712429,2025-04-12 15:00:00,2025,17530,4007,Venezia,Monza,1.0,0.0,post
712425,2025-04-12 18:00:00,2025,110,2925,Inter,Cagliari,3.0,1.0,post
712424,2025-04-12 20:45:00,2025,111,113,Juventus,Lecce,2.0,1.0,post
712430,2025-04-13 12:30:00,2025,105,107,Atalanta,Bologna,2.0,0.0,post
712427,2025-04-13 15:00:00,2025,109,115,Fiorentina,Parma,0.0,0.0,post
712426,2025-04-13 15:00:00,2025,119,3263,Verona,Genoa,0.0,0.0,post
712428,2025-04-13 18:00:00,2025,2572,239,Como,Torino,1.0,0.0,post
712423,2025-04-13 20:45:00,2025,112,104,Lazio,AS Roma,1.0,1.0,post
712432,2025-04-14 20:45:00,2025,114,2574,Napoli,Empoli,3.0,0.0,post
712438,2025-04-19 15:00:00,2025,113,2572,Lecce,Como,0.0,3.0,post
712436,2025-04-19 18:00:00,2025,4007,114,Monza,Napoli,0.0,1.0,post
712433,2025-04-19 20:45:00,2025,104,119,AS Roma,Verona,1.0,0.0,post
712440,2025-04-20 15:00:00,2025,2574,17530,Empoli,Venezia,2.0,2.0,post
712434,2025-04-20 18:00:00,2025,107,110,Bologna,Inter,1.0,0.0,post
712437,2025-04-20 20:45:00,2025,103,105,AC Milan,Atalanta,0.0,1.0,post
712441,2025-04-23 18:30:00,2025,2925,109,Cagliari,Fiorentina,1.0,2.0,post
712439,2025-04-23 18:30:00,2025,3263,112,Genoa,Lazio,0.0,2.0,post
712435,2025-04-23 18:30:00,2025,115,111,Parma,Juventus,1.0,0.0,post
712442,2025-04-23 18:30:00,2025,239,118,Torino,Udinese,2.0,0.0,post
712444,2025-04-27 12:30:00,2025,2572,3263,Como,Genoa,1.0,0.0,post
712451,2025-04-27 12:30:00,2025,17530,103,Venezia,AC Milan,0.0,2.0,post
712452,2025-04-27 15:00:00,2025,110,104,Inter,AS Roma,0.0,1.0,post
712445,2025-04-27 15:00:00,2025,109,2574,Fiorentina,Empoli,2.0,1.0,post
712447,2025-04-27 18:00:00,2025,111,4007,Juventus,Monza,2.0,0.0,post
712448,2025-04-27 20:45:00,2025,105,113,Atalanta,Lecce,1.0,1.0,post
712450,2025-04-27 20:45:00,2025,114,239,Napoli,Torino,2.0,0.0,post
712443,2025-04-28 18:30:00,2025,118,107,Udinese,Bologna,0.0,0.0,post
712446,2025-04-28 20:45:00,2025,119,2925,Verona,Cagliari,0.0,2.0,post
712449,2025-04-28 20:45:00,2025,112,115,Lazio,Parma,2.0,2.0,post
712460,2025-05-02 20:45:00,2025,239,17530,Torino,Venezia,1.0,1.0,post
712458,2025-05-03 15:00:00,2025,115,2572,Parma,Como,0.0,1.0,post
712462,2025-05-03 15:00:00,2025,2925,118,Cagliari,Udinese,1.0,2.0,post
712456,2025-05-03 18:00:00,2025,113,114,Lecce,Napoli,0.0,1.0,post
712455,2025-05-03 20:45:00,2025,110,119,Inter,Verona,1.0,0.0,post
712453,2025-05-04 12:30:00,2025,2574,112,Empoli,Lazio,0.0,1.0,post
712457,2025-05-04 15:00:00,2025,4007,105,Monza,Atalanta,0.0,4.0,post
712459,2025-05-04 18:00:00,2025,104,109,AS Roma,Fiorentina,1.0,0.0,post
712461,2025-05-04 20:45:00,2025,107,111,Bologna,Juventus,1.0,1.0,post
712454,2025-05-05 20:45:00,2025,3263,103,Genoa,AC Milan,1.0,2.0,post
712467,2025-05-09 20:45:00,2025,103,107,AC Milan,Bologna,3.0,1.0,post
712463,2025-05-10 15:00:00,2025,2572,2925,Como,Cagliari,3.0,1.0,post
712468,2025-05-10 18:00:00,2025,112,111,Lazio,Juventus,1.0,1.0,post
712470,2025-05-10 20:45:00,2025,2574,115,Empoli,Parma,2.0,1.0,post
712464,2025-05-11 12:30:00,2025,118,4007,Udinese,Monza,1.0,2.0,post
712469,2025-05-11 15:00:00,2025,119,113,Verona,Lecce,1.0,1.0,post
712465,2025-05-11 18:00:00,2025,239,110,Torino,Inter,0.0,2.0,post
712466,2025-05-11 20:45:00,2025,114,3263,Napoli,Genoa,2.0,2.0,post
712472,2025-05-12 18:30:00,2025,17530,109,Venezia,Fiorentina,2.0,1.0,post
712471,2025-05-12 20:45:00,2025,105,104,Atalanta,AS Roma,2.0,1.0,post
712474,2025-05-17 20:45:00,2025,3263,105,Genoa,Atalanta,2.0,3.0,post
712475,2025-05-18 20:45:00,2025,104,103,AS Roma,AC Milan,3.0,1.0,post
712473,2025-05-18 20:45:00,2025,2925,17530,Cagliari,Venezia,3.0,0.0,post
712476,2025-05-18 20:45:00,2025,109,107,Fiorentina,Bologna,3.0,2.0,post
712482,2025-05-18 20:45:00,2025,119,2572,Verona,Como,1.0,1.0,post
712481,2025-05-18 20:45:00,2025,110,112,Inter,Lazio,2.0,2.0,post
712480,2025-05-18 20:45:00,2025,111,118,Juventus,Udinese,2.0,0.0,post
712479,2025-05-18 20:45:00,2025,113,239,Lecce,Torino,1.0,0.0,post
712478,2025-05-18 20:45:00,2025,4007,2574,Monza,Empoli,1.0,3.0,post
712477,2025-05-18 20:45:00,2025,115,114,Parma,Napoli,0.0,0.0,post
712484,2025-05-23 20:45:00,2025,2572,110,Como,Inter,0.0,2.0,post
712488,2025-05-23 20:45:00,2025,114,2925,Napoli,Cagliari,2.0,0.0,post
712485,2025-05-24 18:00:00,2025,107,3263,Bologna,Genoa,1.0,3.0,post
712492,2025-05-24 20:45:00,2025,103,4007,AC Milan,Monza,2.0,0.0,post
712490,2025-05-25 20:45:00,2025,118,109,Udinese,Fiorentina,2.0,3.0,post
712489,2025-05-25 20:45:00,2025,239,104,Torino,AS Roma,0.0,2.0,post
712491,2025-05-25 20:45:00,2025,17530,111,Venezia,Juventus,2.0,3.0,post
712487,2025-05-25 20:45:00,2025,2574,119,Empoli,Verona,1.0,2.0,post
712483,2025-05-25 20:45:00,2025,105,115,Atalanta,Parma,2.0,3.0,post
712486,2025-05-25 20:45:00,2025,112,113,Lazio,Lecce,0.0,1.0,post
736790,2025-08-23 18:30:00,2025,3263,113,Genoa,Lecce,0.0,0.0,post
736784,2025-08-23 18:30:00,2025,3997,114,Sassuolo,Napoli,0.0,2.0,post
736793,2025-08-23 20:45:00,2025,103,4050,AC Milan,Cremonese,1.0,2.0,post
736785,2025-08-23 20:45:00,2025,104,107,AS Roma,Bologna,1.0,0.0,post
736789,2025-08-24 18:30:00,2025,2572,112,Como,Lazio,2.0,0.0,post
736788,2025-08-24 18:30:00,2025,2925,109,Cagliari,Fiorentina,1.0,1.0,post
736787,2025-08-24 20:45:00,2025,105,3956,Atalanta,Pisa,1.0,1.0,post
736792,2025-08-24 20:45:00,2025,111,115,Juventus,Parma,2.0,0.0,post
736786,2025-08-25 18:30:00,2025,118,119,Udinese,Verona,1.0,1.0,post
736791,2025-08-25 20:45:00,2025,110,239,Inter,Torino,5.0,0.0,post
736802,2025-08-29 18:30:00,2025,4050,3997,Cremonese,Sassuolo,3.0,2.0,post
736803,2025-08-29 20:45:00,2025,113,103,Lecce,AC Milan,0.0,2.0,post
736794,2025-08-30 18:30:00,2025,107,2572,Bologna,Como,1.0,0.0,post
736796,2025-08-30 18:30:00,2025,115,105,Parma,Atalanta,1.0,1.0,post
736795,2025-08-30 20:45:00,2025,3956,104,Pisa,AS Roma,0.0,1.0,post
736797,2025-08-30 20:45:00,2025,114,2925,Napoli,Cagliari,1.0,0.0,post
736801,2025-08-31 18:30:00,2025,3263,111,Genoa,Juventus,0.0,1.0,post
736798,2025-08-31 18:30:00,2025,239,109,Torino,Fiorentina,0.0,0.0,post
736800,2025-08-31 20:45:00,2025,110,118,Inter,Udinese,1.0,2.0,post
736799,2025-08-31 20:45:00,2025,112,119,Lazio,Verona,4.0,0.0,post
736811,2025-09-13 15:00:00,2025,2925,115,Cagliari,Parma,2.0,0.0,post
736807,2025-09-13 18:00:00,2025,111,110,Juventus,Inter,4.0,3.0,post
736809,2025-09-13 20:45:00,2025,109,114,Fiorentina,Napoli,1.0,3.0,post
736804,2025-09-14 12:30:00,2025,104,239,AS Roma,Torino,0.0,1.0,post
736805,2025-09-14 15:00:00,2025,3956,118,Pisa,Udinese,0.0,1.0,post
736812,2025-09-14 15:00:00,2025,105,113,Atalanta,Lecce,4.0,1.0,post
736813,2025-09-14 18:00:00,2025,3997,112,Sassuolo,Lazio,1.0,0.0,post
736806,2025-09-14 20:45:00,2025,103,107,AC Milan,Bologna,1.0,0.0,post
736808,2025-09-15 18:30:00,2025,119,4050,Verona,Cremonese,0.0,0.0,post
736810,2025-09-15 20:45:00,2025,2572,3263,Como,Genoa,1.0,1.0,post
736820,2025-09-19 20:45:00,2025,113,2925,Lecce,Cagliari,1.0,2.0,post
736817,2025-09-20 15:00:00,2025,107,3263,Bologna,Genoa,2.0,1.0,post
736814,2025-09-20 18:00:00,2025,119,111,Verona,Juventus,1.0,1.0,post
736818,2025-09-20 20:45:00,2025,118,103,Udinese,AC Milan,0.0,3.0,post
736819,2025-09-21 12:30:00,2025,112,104,Lazio,AS Roma,0.0,1.0,post
736822,2025-09-21 15:00:00,2025,239,105,Torino,Atalanta,0.0,3.0,post
736816,2025-09-21 15:00:00,2025,4050,115,Cremonese,Parma,0.0,0.0,post
736815,2025-09-21 18:00:00,2025,109,2572,Fiorentina,Como,1.0,2.0,post
736823,2025-09-21 20:45:00,2025,110,3997,Inter,Sassuolo,2.0,1.0,post
736821,2025-09-22 20:45:00,2025,114,3956,Napoli,Pisa,3.0,2.0,post
736826,2025-09-27 15:00:00,2025,2572,4050,Como,Cremonese,1.0,1.0,post
736824,2025-09-27 18:00:00,2025,111,105,Juventus,Atalanta,1.0,1.0,post
736827,2025-09-27 20:45:00,2025,2925,110,Cagliari,Inter,0.0,2.0,post
736829,2025-09-28 12:30:00,2025,3997,118,Sassuolo,Udinese,3.0,1.0,post
736831,2025-09-28 15:00:00,2025,3956,109,Pisa,Fiorentina,0.0,0.0,post
736830,2025-09-28 15:00:00,2025,104,119,AS Roma,Verona,2.0,0.0,post
736828,2025-09-28 18:00:00,2025,113,107,Lecce,Bologna,2.0,2.0,post
736833,2025-09-28 20:45:00,2025,103,114,AC Milan,Napoli,2.0,1.0,post
736832,2025-09-29 18:30:00,2025,115,239,Parma,Torino,2.0,1.0,post
736825,2025-09-29 20:45:00,2025,3263,112,Genoa,Lazio,0.0,3.0,post
736837,2025-10-03 20:45:00,2025,119,3997,Verona,Sassuolo,0.0,1.0,post
736840,2025-10-04 15:00:00,2025,112,239,Lazio,Torino,3.0,3.0,post
736843,2025-10-04 15:00:00,2025,115,113,Parma,Lecce,0.0,1.0,post
736842,2025-10-04 18:00:00,2025,110,4050,Inter,Cremonese,4.0,1.0,post
736834,2025-10-04 20:45:00,2025,105,2572,Atalanta,Como,1.0,1.0,post
736838,2025-10-05 12:30:00,2025,118,2925,Udinese,Cagliari,1.0,1.0,post
736835,2025-10-05 15:00:00,2025,107,3956,Bologna,Pisa,4.0,0.0,post
736836,2025-10-05 15:00:00,2025,109,104,Fiorentina,AS Roma,1.0,2.0,post
736839,2025-10-05 18:00:00,2025,114,3263,Napoli,Genoa,2.0,1.0,post
736841,2025-10-05 20:45:00,2025,111,103,Juventus,AC Milan,0.0,0.0,post
736845,2025-10-18 15:00:00,2025,113,3997,Lecce,Sassuolo,0.0,0.0,post
736847,2025-10-18 15:00:00,2025,3956,119,Pisa,Verona,0.0,0.0,post
736849,2025-10-18 18:00:00,2025,239,114,Torino,Napoli,1.0,0.0,post
736848,2025-10-18 20:45:00,2025,104,110,AS Roma,Inter,0.0,1.0,post
736852,2025-10-19 12:30:00,2025,2572,111,Como,Juventus,2.0,0.0,post
736851,2025-10-19 15:00:00,2025,2925,107,Cagliari,Bologna,0.0,2.0,post
736844,2025-10-19 15:00:00,2025,3263,115,Genoa,Parma,0.0,0.0,post
736850,2025-10-19 18:00:00,2025,105,112,Atalanta,Lazio,0.0,0.0,post
736846,2025-10-19 20:45:00,2025,103,109,AC Milan,Fiorentina,2.0,1.0,post
736853,2025-10-20 20:45:00,2025,4050,118,Cremonese,Udinese,1.0,1.0,post
736861,2025-10-24 20:45:00,2025,103,3956,AC Milan,Pisa,2.0,2.0,post
736856,2025-10-25 15:00:00,2025,118,113,Udinese,Lecce,3.0,2.0,post
736859,2025-10-25 15:00:00,2025,115,2572,Parma,Como,0.0,0.0,post
736860,2025-10-25 18:00:00,2025,114,110,Napoli,Inter,3.0,1.0,post
736854,2025-10-25 20:45:00,2025,4050,105,Cremonese,Atalanta,1.0,1.0,post
736857,2025-10-26 12:30:00,2025,239,3263,Torino,Genoa,2.0,1.0,post
736863,2025-10-26 15:00:00,2025,119,2925,Verona,Cagliari,2.0,2.0,post
736858,2025-10-26 15:00:00,2025,3997,104,Sassuolo,AS Roma,0.0,1.0,post
736855,2025-10-26 18:00:00,2025,109,107,Fiorentina,Bologna,2.0,2.0,post
736862,2025-10-26 20:45:00,2025,112,111,Lazio,Juventus,1.0,0.0,post
736866,2025-10-28 18:30:00,2025,113,114,Lecce,Napoli,0.0,1.0,post
736864,2025-10-28 20:45:00,2025,105,103,Atalanta,AC Milan,1.0,1.0,post
736868,2025-10-29 18:30:00,2025,104,115,AS Roma,Parma,2.0,1.0,post
736870,2025-10-29 18:30:00,2025,2572,119,Como,Verona,3.0,1.0,post
736867,2025-10-29 18:30:00,2025,111,118,Juventus,Udinese,3.0,1.0,post
736872,2025-10-29 20:45:00,2025,107,239,Bologna,Torino,0.0,0.0,post
736869,2025-10-29 20:45:00,2025,3263,4050,Genoa,Cremonese,0.0,2.0,post
736873,2025-10-29 20:45:00,2025,110,109,Inter,Fiorentina,3.0,0.0,post
736871,2025-10-30 18:30:00,2025,2925,3997,Cagliari,Sassuolo,1.0,2.0,post
736865,2025-10-30 20:45:00,2025,3956,112,Pisa,Lazio,0.0,0.0,post
736881,2025-11-01 15:00:00,2025,118,105,Udinese,Atalanta,1.0,0.0,post
736875,2025-11-01 18:00:00,2025,114,2572,Napoli,Como,0.0,0.0,post
736880,2025-11-01 20:45:00,2025,4050,111,Cremonese,Juventus,1.0,2.0,post
736883,2025-11-02 12:30:00,2025,119,110,Verona,Inter,1.0,2.0,post
736879,2025-11-02 15:00:00,2025,109,113,Fiorentina,Lecce,0.0,1.0,post
736882,2025-11-02 15:00:00,2025,239,3956,Torino,Pisa,2.0,2.0,post
736874,2025-11-02 18:00:00,2025,115,107,Parma,Bologna,1.0,3.0,post
736876,2025-11-02 20:45:00,2025,103,104,AC Milan,AS Roma,1.0,0.0,post
736878,2025-11-03 18:30:00,2025,3997,3263,Sassuolo,Genoa,1.0,2.0,post
736877,2025-11-03 20:45:00,2025,112,2925,Lazio,Cagliari,2.0,0.0,post
736886,2025-11-07 20:45:00,2025,3956,4050,Pisa,Cremonese,1.0,0.0,post
736884,2025-11-08 15:00:00,2025,2572,2925,Como,Cagliari,0.0,0.0,post
736888,2025-11-08 15:00:00,2025,113,119,Lecce,Verona,0.0,0.0,post
736889,2025-11-08 18:00:00,2025,111,239,Juventus,Torino,0.0,0.0,post
736887,2025-11-08 20:45:00,2025,115,103,Parma,AC Milan,2.0,2.0,post
736893,2025-11-09 12:30:00,2025,105,3997,Atalanta,Sassuolo,0.0,3.0,post
736892,2025-11-09 15:00:00,2025,107,114,Bologna,Napoli,2.0,0.0,post
736891,2025-11-09 15:00:00,2025,3263,109,Genoa,Fiorentina,2.0,2.0,post
736885,2025-11-09 18:00:00,2025,104,118,AS Roma,Udinese,2.0,0.0,post
736890,2025-11-09 20:45:00,2025,110,112,Inter,Lazio,2.0,0.0,post
736903,2025-11-22 15:00:00,2025,2925,3263,Cagliari,Genoa,3.0,3.0,post
736902,2025-11-22 15:00:00,2025,118,107,Udinese,Bologna,0.0,3.0,post
736896,2025-11-22 18:00:00,2025,109,111,Fiorentina,Juventus,1.0,1.0,post
736900,2025-11-22 20:45:00,2025,114,105,Napoli,Atalanta,3.0,1.0,post
736895,2025-11-23 12:30:00,2025,119,115,Verona,Parma,1.0,2.0,post
736897,2025-11-23 15:00:00,2025,4050,104,Cremonese,AS Roma,1.0,3.0,post
736901,2025-11-23 18:00:00,2025,112,113,Lazio,Lecce,2.0,0.0,post
736894,2025-11-23 20:45:00,2025,110,103,Inter,AC Milan,0.0,1.0,post
736898,2025-11-24 18:30:00,2025,239,2572,Torino,Como,1.0,5.0,post
736899,2025-11-24 20:45:00,2025,3997,3956,Sassuolo,Pisa,2.0,2.0,post
736908,2025-11-28 20:45:00,2025,2572,3997,Como,Sassuolo,2.0,0.0,post
736907,2025-11-29 15:00:00,2025,3263,119,Genoa,Verona,2.0,1.0,post
736911,2025-11-29 15:00:00,2025,115,118,Parma,Udinese,0.0,2.0,post
736906,2025-11-29 18:00:00,2025,111,2925,Juventus,Cagliari,2.0,1.0,post
736904,2025-11-29 20:45:00,2025,103,112,AC Milan,Lazio,1.0,0.0,post
736905,2025-11-30 12:30:00,2025,113,239,Lecce,Torino,2.0,1.0,post
736912,2025-11-30 15:00:00,2025,3956,110,Pisa,Inter,0.0,2.0,post
736910,2025-11-30 18:00:00,2025,105,109,Atalanta,Fiorentina,2.0,0.0,post
736913,2025-11-30 20:45:00,2025,104,114,AS Roma,Napoli,0.0,1.0,post
736909,2025-12-01 20:45:00,2025,107,4050,Bologna,Cremonese,1.0,3.0,post
736915,2025-12-06 15:00:00,2025,3997,109,Sassuolo,Fiorentina,3.0,1.0,post
736919,2025-12-06 18:00:00,2025,110,2572,Inter,Como,4.0,0.0,post
736920,2025-12-06 20:45:00,2025,119,105,Verona,Atalanta,3.0,1.0,post
736921,2025-12-07 12:30:00,2025,4050,113,Cremonese,Lecce,2.0,0.0,post
736922,2025-12-07 15:00:00,2025,2925,104,Cagliari,AS Roma,1.0,0.0,post
736923,2025-12-07 18:00:00,2025,112,107,Lazio,Bologna,1.0,1.0,post
736917,2025-12-07 20:45:00,2025,114,111,Napoli,Juventus,2.0,1.0,post
736916,2025-12-08 15:00:00,2025,3956,115,Pisa,Parma,0.0,1.0,post
736918,2025-12-08 18:00:00,2025,118,3263,Udinese,Genoa,1.0,2.0,post
736914,2025-12-08 20:45:00,2025,239,103,Torino,AC Milan,2.0,3.0,post
736928,2025-12-12 20:45:00,2025,113,3956,Lecce,Pisa,1.0,0.0,post
736924,2025-12-13 15:00:00,2025,239,4050,Torino,Cremonese,1.0,0.0,post
736926,2025-12-13 18:00:00,2025,115,112,Parma,Lazio,0.0,1.0,post
736932,2025-12-13 20:45:00,2025,105,2925,Atalanta,Cagliari,2.0,1.0,post
736927,2025-12-14 12:30:00,2025,103,3997,AC Milan,Sassuolo,2.0,2.0,post
736930,2025-12-14 15:00:00,2025,109,119,Fiorentina,Verona,1.0,2.0,post
736933,2025-12-14 15:00:00,2025,118,114,Udinese,Napoli,1.0,0.0,post
736929,2025-12-14 18:00:00,2025,3263,110,Genoa,Inter,1.0,2.0,post
736931,2025-12-14 20:45:00,2025,107,111,Bologna,Juventus,0.0,1.0,post
736925,2025-12-15 20:45:00,2025,104,2572,AS Roma,Como,1.0,0.0,post
736938,2025-12-20 18:00:00,2025,112,4050,Lazio,Cremonese,0.0,0.0,post
736939,2025-12-20 20:45:00,2025,111,104,Juventus,AS Roma,2.0,1.0,post
736934,2025-12-21 12:30:00,2025,2925,3956,Cagliari,Pisa,2.0,2.0,post
736936,2025-12-21 15:00:00,2025,3997,239,Sassuolo,Torino,0.0,1.0,post
736943,2025-12-21 18:00:00,2025,109,118,Fiorentina,Udinese,5.0,1.0,post
736942,2025-12-21 20:45:00,2025,3263,105,Genoa,Atalanta,0.0,1.0,post
736953,2025-12-27 12:30:00,2025,115,109,Parma,Fiorentina,1.0,0.0,post
736950,2025-12-27 15:00:00,2025,113,2572,Lecce,Como,0.0,3.0,post
736945,2025-12-27 15:00:00,2025,239,2925,Torino,Cagliari,1.0,2.0,post
736948,2025-12-27 18:00:00,2025,118,112,Udinese,Lazio,1.0,1.0,post
736947,2025-12-27 20:45:00,2025,3956,111,Pisa,Juventus,0.0,2.0,post
736949,2025-12-28 12:30:00,2025,103,119,AC Milan,Verona,3.0,0.0,post
736951,2025-12-28 15:00:00,2025,4050,114,Cremonese,Napoli,0.0,2.0,post
736952,2025-12-28 18:00:00,2025,107,3997,Bologna,Sassuolo,1.0,1.0,post
736944,2025-12-28 20:45:00,2025,105,110,Atalanta,Inter,0.0,1.0,post
736946,2025-12-29 20:45:00,2025,104,3263,AS Roma,Genoa,3.0,1.0,post
736955,2026-01-02 20:45:00,2026,2925,103,Cagliari,AC Milan,0.0,1.0,post
736956,2026-01-03 12:30:00,2026,2572,118,Como,Udinese,1.0,0.0,post
736963,2026-01-03 15:00:00,2026,3263,3956,Genoa,Pisa,1.0,1.0,post
736958,2026-01-03 15:00:00,2026,3997,115,Sassuolo,Parma,1.0,1.0,post
736961,2026-01-03 18:00:00,2026,111,113,Juventus,Lecce,1.0,1.0,post
736954,2026-01-03 20:45:00,2026,105,104,Atalanta,AS Roma,1.0,0.0,post
736962,2026-01-04 12:30:00,2026,112,114,Lazio,Napoli,0.0,2.0,post
736957,2026-01-04 15:00:00,2026,109,4050,Fiorentina,Cremonese,1.0,0.0,post
736959,2026-01-04 18:00:00,2026,119,239,Verona,Torino,0.0,3.0,post
736960,2026-01-04 20:45:00,2026,110,107,Inter,Bologna,3.0,1.0,post
736971,2026-01-06 15:00:00,2026,3956,2572,Pisa,Como,0.0,3.0,post
736967,2026-01-06 18:00:00,2026,113,104,Lecce,AS Roma,0.0,2.0,post
736972,2026-01-06 20:45:00,2026,3997,111,Sassuolo,Juventus,0.0,3.0,post
736969,2026-01-07 18:30:00,2026,114,119,Napoli,Verona,2.0,2.0,post
736964,2026-01-07 18:30:00,2026,107,105,Bologna,Atalanta,0.0,2.0,post
736966,2026-01-07 20:45:00,2026,112,109,Lazio,Fiorentina,2.0,2.0,post
736970,2026-01-07 20:45:00,2026,115,110,Parma,Inter,0.0,2.0,post
736973,2026-01-07 20:45:00,2026,239,118,Torino,Udinese,1.0,2.0,post
736965,2026-01-08 18:30:00,2026,4050,2925,Cremonese,Cagliari,2.0,2.0,post
736968,2026-01-08 20:45:00,2026,103,3263,AC Milan,Genoa,1.0,1.0,post
736976,2026-01-10 15:00:00,2026,2572,107,Como,Bologna,1.0,1.0,post
736978,2026-01-10 15:00:00,2026,118,3956,Udinese,Pisa,2.0,2.0,post
736982,2026-01-10 18:00:00,2026,104,3997,AS Roma,Sassuolo,2.0,0.0,post
736977,2026-01-10 20:45:00,2026,105,239,Atalanta,Torino,2.0,0.0,post
736981,2026-01-11 12:30:00,2026,113,115,Lecce,Parma,1.0,2.0,post
736975,2026-01-11 15:00:00,2026,109,103,Fiorentina,AC Milan,1.0,1.0,post
736983,2026-01-11 18:00:00,2026,119,112,Verona,Lazio,0.0,1.0,post
736979,2026-01-11 20:45:00,2026,110,114,Inter,Napoli,2.0,2.0,post
736974,2026-01-12 18:30:00,2026,3263,2925,Genoa,Cagliari,3.0,0.0,post
736980,2026-01-12 20:45:00,2026,111,4050,Juventus,Cremonese,5.0,0.0,post
736937,2026-01-14 18:30:00,2026,114,115,Napoli,Parma,0.0,0.0,post
736940,2026-01-14 20:45:00,2026,110,113,Inter,Lecce,1.0,0.0,post
736941,2026-01-15 18:30:00,2026,119,107,Verona,Bologna,2.0,3.0,post
736935,2026-01-15 20:45:00,2026,2572,103,Como,AC Milan,1.0,3.0,post
736991,2026-01-16 20:45:00,2026,3956,105,Pisa,Atalanta,1.0,1.0,post
736989,2026-01-17 15:00:00,2026,118,110,Udinese,Inter,0.0,1.0,post
736993,2026-01-17 18:00:00,2026,114,3997,Napoli,Sassuolo,1.0,0.0,post
736986,2026-01-17 20:45:00,2026,2925,111,Cagliari,Juventus,1.0,0.0,post
736992,2026-01-18 12:30:00,2026,115,3263,Parma,Genoa,0.0,0.0,post
736987,2026-01-18 15:00:00,2026,107,109,Bologna,Fiorentina,1.0,2.0,post
736990,2026-01-18 18:00:00,2026,239,104,Torino,AS Roma,0.0,2.0,post
736988,2026-01-18 20:45:00,2026,103,113,AC Milan,Lecce,1.0,0.0,post
736985,2026-01-19 18:30:00,2026,4050,119,Cremonese,Verona,0.0,0.0,post
736984,2026-01-19 20:45:00,2026,112,2572,Lazio,Como,0.0,3.0,post
737001,2026-01-23 20:45:00,2026,110,3956,Inter,Pisa,6.0,2.0,post
736995,2026-01-24 15:00:00,2026,2572,239,Como,Torino,6.0,0.0,post
736996,2026-01-24 18:00:00,2026,109,2925,Fiorentina,Cagliari,1.0,2.0,post
736999,2026-01-24 20:45:00,2026,113,112,Lecce,Lazio,0.0,0.0,post
736998,2026-01-25 12:30:00,2026,3997,4050,Sassuolo,Cremonese,1.0,0.0,post
736997,2026-01-25 15:00:00,2026,3263,107,Genoa,Bologna,3.0,2.0,post
736994,2026-01-25 15:00:00,2026,105,115,Atalanta,Parma,4.0,0.0,post
737000,2026-01-25 18:00:00,2026,111,114,Juventus,Napoli,3.0,0.0,post
737003,2026-01-25 20:45:00,2026,104,103,AS Roma,AC Milan,1.0,1.0,post
737002,2026-01-26 20:45:00,2026,119,118,Verona,Udinese,1.0,3.0,post
737013,2026-01-30 20:45:00,2026,112,3263,Lazio,Genoa,3.0,2.0,post
737005,2026-01-31 15:00:00,2026,3956,3997,Pisa,Sassuolo,1.0,3.0,post
737007,2026-01-31 18:00:00,2026,114,109,Napoli,Fiorentina,2.0,1.0,post
737011,2026-01-31 20:45:00,2026,2925,119,Cagliari,Verona,4.0,0.0,post
737004,2026-02-01 12:30:00,2026,239,113,Torino,Lecce,1.0,0.0,post
737010,2026-02-01 15:00:00,2026,2572,105,Como,Atalanta,0.0,0.0,post
737009,2026-02-01 18:00:00,2026,4050,110,Cremonese,Inter,0.0,2.0,post
737006,2026-02-01 20:45:00,2026,115,111,Parma,Juventus,1.0,4.0,post
737008,2026-02-02 20:45:00,2026,118,104,Udinese,AS Roma,1.0,0.0,post
737012,2026-02-03 20:45:00,2026,107,103,Bologna,AC Milan,0.0,3.0,post
737018,2026-02-06 20:45:00,2026,119,3956,Verona,Pisa,0.0,0.0,post
737019,2026-02-07 18:00:00,2026,3263,114,Genoa,Napoli,2.0,3.0,post
737020,2026-02-07 20:45:00,2026,109,239,Fiorentina,Torino,2.0,2.0,post
737021,2026-02-08 12:30:00,2026,107,115,Bologna,Parma,0.0,1.0,post
737016,2026-02-08 15:00:00,2026,113,118,Lecce,Udinese,2.0,1.0,post
737023,2026-02-08 18:00:00,2026,3997,110,Sassuolo,Inter,0.0,5.0,post
737017,2026-02-08 20:45:00,2026,111,112,Juventus,Lazio,2.0,2.0,post
737022,2026-02-09 18:30:00,2026,105,4050,Atalanta,Cremonese,2.0,1.0,post
737014,2026-02-09 20:45:00,2026,104,2925,AS Roma,Cagliari,2.0,0.0,post
737028,2026-02-13 20:45:00,2026,3956,103,Pisa,AC Milan,1.0,2.0,post
737025,2026-02-14 15:00:00,2026,2572,109,Como,Fiorentina,1.0,2.0,post
737031,2026-02-14 18:00:00,2026,112,105,Lazio,Atalanta,0.0,2.0,post
737032,2026-02-14 20:45:00,2026,110,111,Inter,Juventus,3.0,2.0,post
737026,2026-02-15 12:30:00,2026,118,3997,Udinese,Sassuolo,1.0,2.0,post
737033,2026-02-15 15:00:00,2026,4050,3263,Cremonese,Genoa,0.0,0.0,post
737029,2026-02-15 15:00:00,2026,115,119,Parma,Verona,2.0,1.0,post
737027,2026-02-15 18:00:00,2026,239,107,Torino,Bologna,1.0,2.0,post
737030,2026-02-15 20:45:00,2026,114,104,Napoli,AS Roma,2.0,2.0,post
737024,2026-02-16 20:45:00,2026,2925,113,Cagliari,Lecce,0.0,2.0,post
737015,2026-02-18 20:45:00,2026,103,2572,AC Milan,Como,1.0,1.0,post
737038,2026-02-20 20:45:00,2026,3997,119,Sassuolo,Verona,3.0,0.0,post
737043,2026-02-21 15:00:00,2026,111,2572,Juventus,Como,0.0,2.0,post
737037,2026-02-21 18:00:00,2026,113,110,Lecce,Inter,0.0,2.0,post
737041,2026-02-21 20:45:00,2026,2925,112,Cagliari,Lazio,0.0,0.0,post
737039,2026-02-22 12:30:00,2026,3263,239,Genoa,Torino,3.0,0.0,post
737034,2026-02-22 15:00:00,2026,105,114,Atalanta,Napoli,2.0,1.0,post
737036,2026-02-22 18:00:00,2026,103,115,AC Milan,Parma,0.0,1.0,post
737035,2026-02-22 20:45:00,2026,104,4050,AS Roma,Cremonese,3.0,0.0,post
737040,2026-02-23 18:30:00,2026,109,3956,Fiorentina,Pisa,1.0,0.0,post
737042,2026-02-23 20:45:00,2026,107,118,Bologna,Udinese,1.0,0.0,post
737053,2026-02-27 20:45:00,2026,115,2925,Parma,Cagliari,1.0,1.0,post
737052,2026-02-28 15:00:00,2026,2572,113,Como,Lecce,3.0,1.0,post
737050,2026-02-28 18:00:00,2026,119,114,Verona,Napoli,1.0,2.0,post
737049,2026-02-28 20:45:00,2026,110,3263,Inter,Genoa,2.0,0.0,post
737051,2026-03-01 12:30:00,2026,4050,103,Cremonese,AC Milan,0.0,2.0,post
737045,2026-03-01 15:00:00,2026,3997,105,Sassuolo,Atalanta,2.0,1.0,post
737044,2026-03-01 18:00:00,2026,239,112,Torino,Lazio,2.0,0.0,post
737046,2026-03-01 20:45:00,2026,104,111,AS Roma,Juventus,3.0,3.0,post
737047,2026-03-02 18:30:00,2026,3956,107,Pisa,Bologna,0.0,1.0,post
737048,2026-03-02 20:45:00,2026,118,109,Udinese,Fiorentina,3.0,0.0,post
737063,2026-03-06 20:45:00,2026,114,239,Napoli,Torino,2.0,1.0,post
737060,2026-03-07 15:00:00,2026,2925,2572,Cagliari,Como,1.0,2.0,post
737062,2026-03-07 18:00:00,2026,105,118,Atalanta,Udinese,2.0,2.0,post
737057,2026-03-07 20:45:00,2026,111,3956,Juventus,Pisa,4.0,0.0,post
737055,2026-03-08 12:30:00,2026,113,4050,Lecce,Cremonese,2.0,1.0,post
737061,2026-03-08 15:00:00,2026,107,119,Bologna,Verona,1.0,2.0,post
737059,2026-03-08 15:00:00,2026,109,115,Fiorentina,Parma,0.0,0.0,post
737058,2026-03-08 18:00:00,2026,3263,104,Genoa,AS Roma,2.0,1.0,post
737054,2026-03-08 20:45:00,2026,103,110,AC Milan,Inter,1.0,0.0,post
737056,2026-03-09 20:45:00,2026,112,3997,Lazio,Sassuolo,2.0,1.0,post
737067,2026-03-13 20:45:00,2026,239,115,Torino,Parma,4.0,1.0,post
737072,2026-03-14 15:00:00,2026,110,105,Inter,Atalanta,1.0,1.0,post
737070,2026-03-14 18:00:00,2026,114,113,Napoli,Lecce,2.0,1.0,post
737066,2026-03-14 20:45:00,2026,118,111,Udinese,Juventus,0.0,1.0,post
737073,2026-03-15 12:30:00,2026,119,3263,Verona,Genoa,0.0,2.0,post
737069,2026-03-15 15:00:00,2026,3956,2925,Pisa,Cagliari,3.0,1.0,post
737068,2026-03-15 15:00:00,2026,3997,107,Sassuolo,Bologna,0.0,1.0,post
737064,2026-03-15 18:00:00,2026,2572,104,Como,AS Roma,2.0,1.0,post
737071,2026-03-15 20:45:00,2026,112,103,Lazio,AC Milan,1.0,0.0,post
737065,2026-03-16 20:45:00,2026,4050,109,Cremonese,Fiorentina,1.0,4.0,post
737081,2026-03-20 18:30:00,2026,2925,114,Cagliari,Napoli,0.0,1.0,post
737083,2026-03-20 20:45:00,2026,3263,118,Genoa,Udinese,0.0,2.0,post
737075,2026-03-21 15:00:00,2026,115,4050,Parma,Cremonese,0.0,2.0,post
737076,2026-03-21 18:00:00,2026,103,239,AC Milan,Torino,3.0,2.0,post
737077,2026-03-21 20:45:00,2026,111,3997,Juventus,Sassuolo,1.0,1.0,post
737080,2026-03-22 12:30:00,2026,2572,3956,Como,Pisa,5.0,0.0,post
737082,2026-03-22 15:00:00,2026,107,112,Bologna,Lazio,0.0,2.0,post
737074,2026-03-22 15:00:00,2026,105,119,Atalanta,Verona,1.0,0.0,post
737078,2026-03-22 18:00:00,2026,104,113,AS Roma,Lecce,1.0,0.0,post
737079,2026-03-22 20:45:00,2026,109,110,Fiorentina,Inter,1.0,1.0,post
737084,2026-04-04 15:00:00,2026,3997,2925,Sassuolo,Cagliari,2.0,1.0,post
737091,2026-04-04 18:00:00,2026,119,109,Verona,Fiorentina,0.0,1.0,post
737093,2026-04-04 20:45:00,2026,112,115,Lazio,Parma,1.0,1.0,post
737092,2026-04-05 15:00:00,2026,4050,107,Cremonese,Bologna,1.0,2.0,post
737085,2026-04-05 18:00:00,2026,3956,239,Pisa,Torino,0.0,1.0,post
737090,2026-04-05 20:45:00,2026,110,104,Inter,AS Roma,5.0,2.0,post
737088,2026-04-06 12:30:00,2026,118,2572,Udinese,Como,0.0,0.0,post
737087,2026-04-06 15:00:00,2026,113,105,Lecce,Atalanta,0.0,3.0,post
737089,2026-04-06 18:00:00,2026,111,3263,Juventus,Genoa,2.0,0.0,post
737086,2026-04-06 20:45:00,2026,114,103,Napoli,AC Milan,1.0,0.0,post
737094,2026-04-10 20:45:00,2026,104,3956,AS Roma,Pisa,3.0,0.0,post
737100,2026-04-11 15:00:00,2026,2925,4050,Cagliari,Cremonese,1.0,0.0,post
737103,2026-04-11 15:00:00,2026,239,119,Torino,Verona,2.0,1.0,post
737096,2026-04-11 18:00:00,2026,103,118,AC Milan,Udinese,0.0,3.0,post
737102,2026-04-11 20:45:00,2026,105,111,Atalanta,Juventus,0.0,1.0,post
737097,2026-04-12 12:30:00,2026,3263,3997,Genoa,Sassuolo,2.0,1.0,post
737095,2026-04-12 15:00:00,2026,115,114,Parma,Napoli,1.0,1.0,post
737101,2026-04-12 18:00:00,2026,107,113,Bologna,Lecce,2.0,0.0,post
737099,2026-04-12 20:45:00,2026,2572,110,Como,Inter,3.0,4.0,post
737098,2026-04-13 20:45:00,2026,109,112,Fiorentina,Lazio,1.0,0.0,post
737107,2026-04-17 18:30:00,2026,3997,2572,Sassuolo,Como,2.0,1.0,post
737113,2026-04-17 20:45:00,2026,110,2925,Inter,Cagliari,3.0,0.0,post
737106,2026-04-18 15:00:00,2026,118,115,Udinese,Parma,0.0,1.0,post
737110,2026-04-18 18:00:00,2026,114,112,Napoli,Lazio,0.0,2.0,post
737108,2026-04-18 20:45:00,2026,104,105,AS Roma,Atalanta,1.0,1.0,post
737104,2026-04-19 12:30:00,2026,4050,239,Cremonese,Torino,0.0,0.0,post
737105,2026-04-19 15:00:00,2026,119,103,Verona,AC Milan,0.0,1.0,post
737109,2026-04-19 18:00:00,2026,3956,3263,Pisa,Genoa,1.0,2.0,post
737112,2026-04-19 20:45:00,2026,111,107,Juventus,Bologna,2.0,0.0,post
737111,2026-04-20 20:45:00,2026,113,109,Lecce,Fiorentina,1.0,1.0,post
737116,2026-04-24 20:45:00,2026,114,4050,Napoli,Cremonese,4.0,0.0,post
737115,2026-04-25 15:00:00,2026,115,3956,Parma,Pisa,1.0,0.0,post
737114,2026-04-25 18:00:00,2026,107,104,Bologna,AS Roma,0.0,2.0,post
737119,2026-04-25 20:45:00,2026,119,113,Verona,Lecce,0.0,0.0,post
737121,2026-04-26 12:30:00,2026,109,3997,Fiorentina,Sassuolo,0.0,0.0,post
737120,2026-04-26 15:00:00,2026,3263,2572,Genoa,Como,0.0,2.0,post
737118,2026-04-26 18:00:00,2026,239,110,Torino,Inter,2.0,2.0,post
737117,2026-04-26 20:45:00,2026,103,111,AC Milan,Juventus,0.0,0.0,post
737122,2026-04-27 18:30:00,2026,2925,105,Cagliari,Atalanta,3.0,2.0,post
737123,2026-04-27 20:45:00,2026,112,118,Lazio,Udinese,3.0,3.0,post
737126,2026-05-01 20:45:00,2026,3956,113,Pisa,Lecce,1.0,2.0,post
737128,2026-05-02 15:00:00,2026,118,239,Udinese,Torino,2.0,0.0,post
737130,2026-05-02 18:00:00,2026,2572,114,Como,Napoli,0.0,0.0,post
737132,2026-05-02 20:45:00,2026,105,3263,Atalanta,Genoa,0.0,0.0,post
737131,2026-05-03 12:30:00,2026,107,2925,Bologna,Cagliari,0.0,0.0,post
737124,2026-05-03 15:00:00,2026,3997,103,Sassuolo,AC Milan,2.0,0.0,post
737127,2026-05-03 18:00:00,2026,111,119,Juventus,Verona,1.0,1.0,post
737133,2026-05-03 20:45:00,2026,110,115,Inter,Parma,2.0,0.0,post
737129,2026-05-04 18:30:00,2026,4050,112,Cremonese,Lazio,1.0,2.0,post
737125,2026-05-04 20:45:00,2026,104,109,AS Roma,Fiorentina,4.0,0.0,post
737143,2026-05-08 20:45:00,2026,239,3997,Torino,Sassuolo,2.0,1.0,post
737142,2026-05-09 15:00:00,2026,2925,118,Cagliari,Udinese,0.0,2.0,post
737138,2026-05-09 18:00:00,2026,112,110,Lazio,Inter,0.0,3.0,post
737137,2026-05-09 20:45:00,2026,113,111,Lecce,Juventus,0.0,1.0,post
737139,2026-05-10 12:30:00,2026,119,2572,Verona,Como,0.0,1.0,post
737141,2026-05-10 15:00:00,2026,4050,3956,Cremonese,Pisa,3.0,0.0,post
737140,2026-05-10 15:00:00,2026,109,3263,Fiorentina,Genoa,0.0,0.0,post
737134,2026-05-10 18:00:00,2026,115,104,Parma,AS Roma,2.0,3.0,post
737136,2026-05-10 20:45:00,2026,103,105,AC Milan,Atalanta,2.0,3.0,post
737135,2026-05-11 20:45:00,2026,114,107,Napoli,Bologna,2.0,3.0,post
737149,2026-05-17 12:00:00,2026,3956,114,Pisa,Napoli,0.0,3.0,post
737150,2026-05-17 12:00:00,2026,111,109,Juventus,Fiorentina,0.0,2.0,post
737148,2026-05-17 12:00:00,2026,104,112,AS Roma,Lazio,2.0,0.0,post
737153,2026-05-17 12:00:00,2026,2572,115,Como,Parma,1.0,0.0,post
737152,2026-05-17 12:00:00,2026,3263,103,Genoa,AC Milan,1.0,2.0,post
737151,2026-05-17 15:00:00,2026,110,119,Inter,Verona,1.0,1.0,post
737144,2026-05-17 18:00:00,2026,105,107,Atalanta,Bologna,0.0,1.0,post
737145,2026-05-17 20:45:00,2026,2925,239,Cagliari,Torino,2.0,1.0,post
737147,2026-05-17 20:45:00,2026,3997,113,Sassuolo,Lecce,2.0,3.0,post
737146,2026-05-17 20:45:00,2026,118,4050,Udinese,Cremonese,0.0,1.0,post
737161,2026-05-22 20:45:00,2026,109,105,Fiorentina,Atalanta,1.0,1.0,post
737154,2026-05-23 18:00:00,2026,107,110,Bologna,Inter,3.0,3.0,post
737159,2026-05-23 20:45:00,2026,112,3956,Lazio,Pisa,2.0,1.0,post
737155,2026-05-24 15:00:00,2026,115,3997,Parma,Sassuolo,1.0,0.0,post
737156,2026-05-24 18:00:00,2026,114,118,Napoli,Udinese,1.0,0.0,post
737157,2026-05-24 20:45:00,2026,103,2925,AC Milan,Cagliari,1.0,2.0,post
737162,2026-05-24 20:45:00,2026,4050,2572,Cremonese,Como,1.0,4.0,post
737160,2026-05-24 20:45:00,2026,119,104,Verona,AS Roma,0.0,2.0,post
737163,2026-05-24 20:45:00,2026,113,3263,Lecce,Genoa,1.0,0.0,post
737158,2026-05-24 21:45:00,2026,239,111,Torino,Juventus,2.0,2.0,post
401874931,2026-08-22 18:30:00,2026,110,4007,Inter,Monza,4.0,1.0,post
401874745,2026-08-22 18:30:00,2026,118,2572,Udinese,Como,1.0,1.0,post
401874929,2026-08-22 20:45:00,2026,3263,114,Genoa,Napoli,0.0,2.0,post
401874747,2026-08-22 20:45:00,2026,115,2925,Parma,Cagliari,0.0,1.0,post
401874930,2026-08-23 18:30:00,2026,4057,111,Frosinone,Juventus,0.0,1.0,post
401874946,2026-08-23 18:30:00,2026,17530,113,Venezia,Lecce,0.0,2.0,post
401874748,2026-08-23 20:45:00,2026,105,3997,Atalanta,Sassuolo,2.0,1.0,post
401874932,2026-08-23 20:45:00,2026,239,103,Torino,AC Milan,1.0,2.0,post
401874927,2026-08-24 18:30:00,2026,107,112,Bologna,Lazio,0.0,1.0,post
401874928,2026-08-24 20:45:00,2026,104,109,AS Roma,Fiorentina,4.0,0.0,post
401874758,2026-08-28 20:45:00,2026,103,17530,AC Milan,Venezia,2.0,0.0,post
401874942,2026-08-29 18:30:00,2026,109,4057,Fiorentina,Frosinone,0.0,3.0,post
401874749,2026-08-29 18:30:00,2026,4007,118,Monza,Udinese,2.0,3.0,post
401874743,2026-08-29 18:30:00,2026,3997,239,Sassuolo,Torino,2.0,1.0,post
401874746,2026-08-29 20:45:00,2026,111,115,Juventus,Parma,2.0,0.0,post
401874755,2026-08-30 18:30:00,2026,114,2572,Napoli,Como,1.0,2.0,post
401874742,2026-08-30 20:45:00,2026,112,3263,Lazio,Genoa,1.0,0.0,post
401874938,2026-08-30 20:45:00,2026,2925,110,Cagliari,Inter,0.0,1.0,post
401874945,2026-08-31 18:30:00,2026,113,104,Lecce,AS Roma,0.0,4.0,post
401874970,2026-08-31 20:45:00,2026,105,107,Atalanta,Bologna,1.0,0.0,post
401874744,2026-09-04 20:45:00,2026,3263,2572,Genoa,Como,1.0,4.0,post
401874939,2026-09-05 15:00:00,2026,109,239,Fiorentina,Torino,1.0,2.0,post
401874937,2026-09-05 18:00:00,2026,110,114,Inter,Napoli,3.0,2.0,post
401874781,2026-09-05 20:45:00,2026,104,105,AS Roma,Atalanta,2.0,1.0,post
401874768,2026-09-06 15:00:00,2026,4057,17530,Frosinone,Venezia,3.0,2.0,post
401874987,2026-09-06 15:00:00,2026,115,4007,Parma,Monza,1.0,1.0,post
401874751,2026-09-06 18:00:00,2026,107,3997,Bologna,Sassuolo,2.0,2.0,post
401874954,2026-09-06 20:45:00,2026,111,103,Juventus,AC Milan,1.0,1.0,post
401874943,2026-09-07 18:30:00,2026,2925,113,Cagliari,Lecce,1.0,0.0,post
401874962,2026-09-07 20:45:00,2026,118,112,Udinese,Lazio,1.0,2.0,post
401874759,2026-09-11 20:45:00,2026,17530,109,Venezia,Fiorentina,2.0,4.0,post
401874991,2026-09-12 15:00:00,2026,3263,4057,Genoa,Frosinone,1.0,1.0,post
401874941,2026-09-12 18:00:00,2026,112,103,Lazio,AC Milan,2.0,2.0,post
401874979,2026-09-12 20:45:00,2026,105,2925,Atalanta,Cagliari,1.0,2.0,post
