local_equipo,local_foulsCommitted,local_yellowCards,local_redCards,local_offsides,local_wonCorners,local_saves,local_possessionPct,local_totalShots,local_shotsOnTarget,local_shotPct,local_penaltyKickGoals,local_penaltyKickShots,local_accuratePasses,local_totalPasses,local_passPct,local_accurateCrosses,local_totalCrosses,local_crossPct,local_totalLongBalls,local_accurateLongBalls,local_longballPct,local_blockedShots,local_effectiveTackles,local_totalTackles,local_tacklePct,local_interceptions,local_effectiveClearance,local_totalClearance,visita_equipo,visita_foulsCommitted,visita_yellowCards,visita_redCards,visita_offsides,visita_wonCorners,visita_saves,visita_possessionPct,visita_totalShots,visita_shotsOnTarget,visita_shotPct,visita_penaltyKickGoals,visita_penaltyKickShots,visita_accuratePasses,visita_totalPasses,visita_passPct,visita_accurateCrosses,visita_totalCrosses,visita_crossPct,visita_totalLongBalls,visita_accurateLongBalls,visita_longballPct,visita_blockedShots,visita_effectiveTackles,visita_totalTackles,visita_tacklePct,visita_interceptions,visita_effectiveClearance,visita_totalClearance,event_id,fecha,temporada
Stabaek,,,,,,,,,,,,,,,,,,,,,,,,,,,,,Odds BK,,,,,,,,,,,,,,,,,,,,,,,,,,,,,593173,2021-04-05 13:00:00,2021
Bodo/Glimt,,,,,,,,,,,,,,,,,,,,,,,,,,,,,SK Brann,,,,,,,,,,,,,,,,,,,,,,,,,,,,,593168,2021-04-05 16:00:00,2021
Haugesund,,,,,,,,,,,,,,,,,,,,,,,,,,,,,Tromso,,,,,,,,,,,,,,,,,,,,,,,,,,,,,593171,2021-04-05 16:00:00,2021
Kristiansund BK,,,,,,,,,,,,,,,,,,,,,,,,,,,,,Lillestrom,,,,,,,,,,,,,,,,,,,,,,,,,,,,,593167,2021-04-05 16:00:00,2021
Mjondalen IF,,,,,,,,,,,,,,,,,,,,,,,,,,,,,Sandefjord,,,,,,,,,,,,,,,,,,,,,,,,,,,,,593169,2021-04-05 16:00:00,2021
Sarpsborg FK,,,,,,,,,,,,,,,,,,,,,,,,,,,,,Viking FK,,,,,,,,,,,,,,,,,,,,,,,,,,,,,593172,2021-04-05 16:00:00,2021
Rosenborg,,,,,,,,,,,,,,,,,,,,,,,,,,,,,Stromsgodset,,,,,,,,,,,,,,,,,,,,,,,,,,,,,593170,2021-04-05 16:00:00,2021
Vålerenga,,,,,,,,,,,,,,,,,,,,,,,,,,,,,Molde,,,,,,,,,,,,,,,,,,,,,,,,,,,,,593166,2021-04-05 18:00:00,2021
Stromsgodset,,,,,,,,,,,,,,,,,,,,,,,,,,,,,Bodo/Glimt,,,,,,,,,,,,,,,,,,,,,,,,,,,,,593165,2021-04-10 14:00:00,2021
Odds BK,,,,,,,,,,,,,,,,,,,,,,,,,,,,,Vålerenga,,,,,,,,,,,,,,,,,,,,,,,,,,,,,593164,2021-04-10 16:00:00,2021
Tromso,,,,,,,,,,,,,,,,,,,,,,,,,,,,,Mjondalen IF,,,,,,,,,,,,,,,,,,,,,,,,,,,,,593161,2021-04-11 16:00:00,2021
Viking FK,,,,,,,,,,,,,,,,,,,,,,,,,,,,,Kristiansund BK,,,,,,,,,,,,,,,,,,,,,,,,,,,,,593160,2021-04-11 16:00:00,2021
Lillestrom,,,,,,,,,,,,,,,,,,,,,,,,,,,,,Stabaek,,,,,,,,,,,,,,,,,,,,,,,,,,,,,593163,2021-04-11 16:00:00,2021
Sandefjord,,,,,,,,,,,,,,,,,,,,,,,,,,,,,Haugesund,,,,,,,,,,,,,,,,,,,,,,,,,,,,,593159,2021-04-11 16:00:00,2021
Molde,,,,,,,,,,,,,,,,,,,,,,,,,,,,,Sarpsborg FK,,,,,,,,,,,,,,,,,,,,,,,,,,,,,593162,2021-04-11 16:00:00,2021
SK Brann,,,,,,,,,,,,,,,,,,,,,,,,,,,,,Rosenborg,,,,,,,,,,,,,,,,,,,,,,,,,,,,,593158,2021-04-11 18:00:00,2021
Vålerenga,,,,,,,,,,,,,,,,,,,,,,,,,,,,,Viking FK,,,,,,,,,,,,,,,,,,,,,,,,,,,,,593157,2021-04-14 16:00:00,2021
Kristiansund BK,,,,,,,,,,,,,,,,,,,,,,,,,,,,,Sandefjord,,,,,,,,,,,,,,,,,,,,,,,,,,,,,593154,2021-04-14 16:00:00,2021
Haugesund,,,,,,,,,,,,,,,,,,,,,,,,,,,,,Stromsgodset,,,,,,,,,,,,,,,,,,,,,,,,,,,,,593155,2021-04-14 16:00:00,2021
Stabaek,,,,,,,,,,,,,,,,,,,,,,,,,,,,,Tromso,,,,,,,,,,,,,,,,,,,,,,,,,,,,,593156,2021-04-14 16:00:00,2021
Mjondalen IF,,,,,,,,,,,,,,,,,,,,,,,,,,,,,Lillestrom,,,,,,,,,,,,,,,,,,,,,,,,,,,,,593151,2021-04-14 16:00:00,2021
Sarpsborg FK,,,,,,,,,,,,,,,,,,,,,,,,,,,,,SK Brann,,,,,,,,,,,,,,,,,,,,,,,,,,,,,593153,2021-04-14 16:00:00,2021
Bodo/Glimt,,,,,,,,,,,,,,,,,,,,,,,,,,,,,Molde,,,,,,,,,,,,,,,,,,,,,,,,,,,,,593152,2021-04-14 16:00:00,2021
Rosenborg,,,,,,,,,,,,,,,,,,,,,,,,,,,,,Odds BK,,,,,,,,,,,,,,,,,,,,,,,,,,,,,593150,2021-04-15 16:00:00,2021
Lillestrom,,,,,,,,,,,,,,,,,,,,,,,,,,,,,Tromso,,,,,,,,,,,,,,,,,,,,,,,,,,,,,593149,2021-04-17 14:00:00,2021
Stromsgodset,,,,,,,,,,,,,,,,,,,,,,,,,,,,,Vålerenga,,,,,,,,,,,,,,,,,,,,,,,,,,,,,593148,2021-04-17 16:00:00,2021
Odds BK,,,,,,,,,,,,,,,,,,,,,,,,,,,,,Kristiansund BK,,,,,,,,,,,,,,,,,,,,,,,,,,,,,593143,2021-04-18 16:00:00,2021
Viking FK,,,,,,,,,,,,,,,,,,,,,,,,,,,,,Stabaek,,,,,,,,,,,,,,,,,,,,,,,,,,,,,593147,2021-04-18 16:00:00,2021
Sandefjord,,,,,,,,,,,,,,,,,,,,,,,,,,,,,Sarpsborg FK,,,,,,,,,,,,,,,,,,,,,,,,,,,,,593146,2021-04-18 16:00:00,2021
Molde,,,,,,,,,,,,,,,,,,,,,,,,,,,,,Haugesund,,,,,,,,,,,,,,,,,,,,,,,,,,,,,593142,2021-04-18 16:00:00,2021
SK Brann,,,,,,,,,,,,,,,,,,,,,,,,,,,,,Mjondalen IF,,,,,,,,,,,,,,,,,,,,,,,,,,,,,593144,2021-04-18 16:00:00,2021
Bodo/Glimt,,,,,,,,,,,,,,,,,,,,,,,,,,,,,Rosenborg,,,,,,,,,,,,,,,,,,,,,,,,,,,,,593145,2021-04-18 18:00:00,2021
Sarpsborg FK,,,,,,,,,,,,,,,,,,,,,,,,,,,,,Lillestrom,,,,,,,,,,,,,,,,,,,,,,,,,,,,,593140,2021-04-24 14:00:00,2021
Stabaek,,,,,,,,,,,,,,,,,,,,,,,,,,,,,SK Brann,,,,,,,,,,,,,,,,,,,,,,,,,,,,,593141,2021-04-24 16:00:00,2021
Kristiansund BK,,,,,,,,,,,,,,,,,,,,,,,,,,,,,Stromsgodset,,,,,,,,,,,,,,,,,,,,,,,,,,,,,593138,2021-04-25 16:00:00,2021
Mjondalen IF,,,,,,,,,,,,,,,,,,,,,,,,,,,,,Viking FK,,,,,,,,,,,,,,,,,,,,,,,,,,,,,593139,2021-04-25 16:00:00,2021
Vålerenga,,,,,,,,,,,,,,,,,,,,,,,,,,,,,Bodo/Glimt,,,,,,,,,,,,,,,,,,,,,,,,,,,,,593134,2021-04-25 16:00:00,2021
Tromso,,,,,,,,,,,,,,,,,,,,,,,,,,,,,Sandefjord,,,,,,,,,,,,,,,,,,,,,,,,,,,,,593137,2021-04-25 16:00:00,2021
Haugesund,,,,,,,,,,,,,,,,,,,,,,,,,,,,,Odds BK,,,,,,,,,,,,,,,,,,,,,,,,,,,,,593136,2021-04-25 16:00:00,2021
Rosenborg,,,,,,,,,,,,,,,,,,,,,,,,,,,,,Molde,,,,,,,,,,,,,,,,,,,,,,,,,,,,,593135,2021-04-25 18:00:00,2021
Stromsgodset,,,,,,,,,,,,,,,,,,,,,,,,,,,,,Mjondalen IF,,,,,,,,,,,,,,,,,,,,,,,,,,,,,593132,2021-05-01 14:00:00,2021
Rosenborg,,,,,,,,,,,,,,,,,,,,,,,,,,,,,Vålerenga,,,,,,,,,,,,,,,,,,,,,,,,,,,,,593133,2021-05-01 16:00:00,2021
Bodo/Glimt,,,,,,,,,,,,,,,,,,,,,,,,,,,,,Haugesund,,,,,,,,,,,,,,,,,,,,,,,,,,,,,593126,2021-05-02 16:00:00,2021
Viking FK,,,,,,,,,,,,,,,,,,,,,,,,,,,,,Tromso,,,,,,,,,,,,,,,,,,,,,,,,,,,,,593131,2021-05-02 16:00:00,2021
Molde,,,,,,,,,,,,,,,,,,,,,,,,,,,,,Stabaek,,,,,,,,,,,,,,,,,,,,,,,,,,,,,593130,2021-05-02 16:00:00,2021
Odds BK,,,,,,,,,,,,,,,,,,,,,,,,,,,,,Sarpsborg FK,,,,,,,,,,,,,,,,,,,,,,,,,,,,,593129,2021-05-02 16:00:00,2021
Sandefjord,,,,,,,,,,,,,,,,,,,,,,,,,,,,,Lillestrom,,,,,,,,,,,,,,,,,,,,,,,,,,,,,593128,2021-05-02 16:00:00,2021
SK Brann,,,,,,,,,,,,,,,,,,,,,,,,,,,,,Kristiansund BK,,,,,,,,,,,,,,,,,,,,,,,,,,,,,593127,2021-05-02 18:00:00,2021
Viking FK,,,,,,,,,,,,,,,,,,,,,,,,,,,,,SK Brann,,,,,,,,,,,,,,,,,,,,,,,,,,,,,600070,2021-05-09 16:00:00,2021
Molde,,,,,,,,,,,,,,,,,,,,,,,,,,,,,Kristiansund BK,,,,,,,,,,,,,,,,,,,,,,,,,,,,,600066,2021-05-09 16:00:00,2021
Bodo/Glimt,,,,,,,,,,,,,,,,,,,,,,,,,,,,,Tromso,,,,,,,,,,,,,,,,,,,,,,,,,,,,,600065,2021-05-09 16:00:00,2021
Vålerenga,,,,,,,,,,,,,,,,,,,,,,,,,,,,,Rosenborg,,,,,,,,,,,,,,,,,,,,,,,,,,,,,600071,2021-05-09 18:00:00,2021
Kristiansund BK,,,,,,,,,,,,,,,,,,,,,,,,,,,,,Bodo/Glimt,,,,,,,,,,,,,,,,,,,,,,,,,,,,,602366,2021-05-12 16:00:00,2021
SK Brann,,,,,,,,,,,,,,,,,,,,,,,,,,,,,Vålerenga,,,,,,,,,,,,,,,,,,,,,,,,,,,,,602367,2021-05-12 18:00:00,2021
Tromso,,,,,,,,,,,,,,,,,,,,,,,,,,,,,Molde,,,,,,,,,,,,,,,,,,,,,,,,,,,,,602368,2021-05-13 16:00:00,2021
Rosenborg,,,,,,,,,,,,,,,,,,,,,,,,,,,,,Viking FK,,,,,,,,,,,,,,,,,,,,,,,,,,,,,602369,2021-05-13 18:00:00,2021
Vålerenga,,,,,,,,,,,,,,,,,,,,,,,,,,,,,Kristiansund BK,,,,,,,,,,,,,,,,,,,,,,,,,,,,,602370,2021-05-16 13:00:00,2021
Viking FK,,,,,,,,,,,,,,,,,,,,,,,,,,,,,Tromso,,,,,,,,,,,,,,,,,,,,,,,,,,,,,602371,2021-05-16 13:00:00,2021
Sarpsborg FK,,,,,,,,,,,,,,,,,,,,,,,,,,,,,Haugesund,,,,,,,,,,,,,,,,,,,,,,,,,,,,,602372,2021-05-16 13:00:00,2021
Stromsgodset,,,,,,,,,,,,,,,,,,,,,,,,,,,,,Lillestrom,,,,,,,,,,,,,,,,,,,,,,,,,,,,,602373,2021-05-16 16:00:00,2021
Bodo/Glimt,,,,,,,,,,,,,,,,,,,,,,,,,,,,,Rosenborg,,,,,,,,,,,,,,,,,,,,,,,,,,,,,602376,2021-05-16 16:00:00,2021
Sandefjord,,,,,,,,,,,,,,,,,,,,,,,,,,,,,Mjondalen IF,,,,,,,,,,,,,,,,,,,,,,,,,,,,,602375,2021-05-16 16:00:00,2021
Molde,,,,,,,,,,,,,,,,,,,,,,,,,,,,,SK Brann,,,,,,,,,,,,,,,,,,,,,,,,,,,,,602377,2021-05-16 18:00:00,2021
Stabaek,,,,,,,,,,,,,,,,,,,,,,,,,,,,,Odds BK,,,,,,,,,,,,,,,,,,,,,,,,,,,,,602374,2021-05-19 18:00:00,2021
Rosenborg,,,,,,,,,,,,,,,,,,,,,,,,,,,,,SK Brann,,,,,,,,,,,,,,,,,,,,,,,,,,,,,602378,2021-05-20 18:30:00,2021
Odds BK,,,,,,,,,,,,,,,,,,,,,,,,,,,,,Sarpsborg FK,,,,,,,,,,,,,,,,,,,,,,,,,,,,,602379,2021-05-24 13:00:00,2021
Mjondalen IF,,,,,,,,,,,,,,,,,,,,,,,,,,,,,Vålerenga,,,,,,,,,,,,,,,,,,,,,,,,,,,,,602380,2021-05-24 16:00:00,2021
Tromso,,,,,,,,,,,,,,,,,,,,,,,,,,,,,Sandefjord,,,,,,,,,,,,,,,,,,,,,,,,,,,,,602385,2021-05-24 16:00:00,2021
SK Brann,,,,,,,,,,,,,,,,,,,,,,,,,,,,,Bodo/Glimt,,,,,,,,,,,,,,,,,,,,,,,,,,,,,602383,2021-05-24 16:00:00,2021
Kristiansund BK,,,,,,,,,,,,,,,,,,,,,,,,,,,,,Stromsgodset,,,,,,,,,,,,,,,,,,,,,,,,,,,,,602384,2021-05-24 16:00:00,2021
Haugesund,,,,,,,,,,,,,,,,,,,,,,,,,,,,,Stabaek,,,,,,,,,,,,,,,,,,,,,,,,,,,,,602382,2021-05-24 16:00:00,2021
Lillestrom,,,,,,,,,,,,,,,,,,,,,,,,,,,,,Viking FK,,,,,,,,,,,,,,,,,,,,,,,,,,,,,602381,2021-05-24 16:00:00,2021
Rosenborg,,,,,,,,,,,,,,,,,,,,,,,,,,,,,Molde,,,,,,,,,,,,,,,,,,,,,,,,,,,,,602386,2021-05-24 18:00:00,2021
Viking FK,,,,,,,,,,,,,,,,,,,,,,,,,,,,,Mjondalen IF,,,,,,,,,,,,,,,,,,,,,,,,,,,,,602388,2021-05-27 16:00:00,2021
Sandefjord,,,,,,,,,,,,,,,,,,,,,,,,,,,,,Rosenborg,,,,,,,,,,,,,,,,,,,,,,,,,,,,,602392,2021-05-27 16:00:00,2021
Stabaek,,,,,,,,,,,,,,,,,,,,,,,,,,,,,SK Brann,,,,,,,,,,,,,,,,,,,,,,,,,,,,,602390,2021-05-27 16:00:00,2021
Bodo/Glimt,,,,,,,,,,,,,,,,,,,,,,,,,,,,,Haugesund,,,,,,,,,,,,,,,,,,,,,,,,,,,,,602387,2021-05-27 16:00:00,2021
Sarpsborg FK,,,,,,,,,,,,,,,,,,,,,,,,,,,,,Kristiansund BK,,,,,,,,,,,,,,,,,,,,,,,,,,,,,602391,2021-05-27 16:00:00,2021
Lillestrom,,,,,,,,,,,,,,,,,,,,,,,,,,,,,Odds BK,,,,,,,,,,,,,,,,,,,,,,,,,,,,,602393,2021-05-27 16:00:00,2021
Stromsgodset,,,,,,,,,,,,,,,,,,,,,,,,,,,,,Tromso,,,,,,,,,,,,,,,,,,,,,,,,,,,,,602389,2021-05-27 16:00:00,2021
Molde,,,,,,,,,,,,,,,,,,,,,,,,,,,,,Vålerenga,,,,,,,,,,,,,,,,,,,,,,,,,,,,,602394,2021-05-27 18:00:00,2021
Mjondalen IF,,,,,,,,,,,,,,,,,,,,,,,,,,,,,Molde,,,,,,,,,,,,,,,,,,,,,,,,,,,,,602395,2021-05-30 13:00:00,2021
SK Brann,,,,,,,,,,,,,,,,,,,,,,,,,,,,,Stromsgodset,,,,,,,,,,,,,,,,,,,,,,,,,,,,,602401,2021-05-30 16:00:00,2021
Tromso,,,,,,,,,,,,,,,,,,,,,,,,,,,,,Sarpsborg FK,,,,,,,,,,,,,,,,,,,,,,,,,,,,,602400,2021-05-30 16:00:00,2021
Odds BK,,,,,,,,,,,,,,,,,,,,,,,,,,,,,Bodo/Glimt,,,,,,,,,,,,,,,,,,,,,,,,,,,,,602397,2021-05-30 16:00:00,2021
Rosenborg,,,,,,,,,,,,,,,,,,,,,,,,,,,,,Stabaek,,,,,,,,,,,,,,,,,,,,,,,,,,,,,602396,2021-05-30 16:00:00,2021
Kristiansund BK,,,,,,,,,,,,,,,,,,,,,,,,,,,,,Lillestrom,,,,,,,,,,,,,,,,,,,,,,,,,,,,,602399,2021-05-30 16:00:00,2021
Vålerenga,,,,,,,,,,,,,,,,,,,,,,,,,,,,,Sandefjord,,,,,,,,,,,,,,,,,,,,,,,,,,,,,602398,2021-05-30 16:00:00,2021
Haugesund,,,,,,,,,,,,,,,,,,,,,,,,,,,,,Viking FK,,,,,,,,,,,,,,,,,,,,,,,,,,,,,602402,2021-05-30 18:00:00,2021
Kristiansund BK,,,,,,,,,,,,,,,,,,,,,,,,,,,,,Odds BK,,,,,,,,,,,,,,,,,,,,,,,,,,,,,602403,2021-06-12 13:00:00,2021
Sandefjord,,,,,,,,,,,,,,,,,,,,,,,,,,,,,Molde,,,,,,,,,,,,,,,,,,,,,,,,,,,,,602404,2021-06-12 13:00:00,2021
Lillestrom,,,,,,,,,,,,,,,,,,,,,,,,,,,,,Haugesund,,,,,,,,,,,,,,,,,,,,,,,,,,,,,602406,2021-06-13 16:00:00,2021
Bodo/Glimt,,,,,,,,,,,,,,,,,,,,,,,,,,,,,Mjondalen IF,,,,,,,,,,,,,,,,,,,,,,,,,,,,,602405,2021-06-13 16:00:00,2021
Sarpsborg FK,,,,,,,,,,,,,,,,,,,,,,,,,,,,,SK Brann,,,,,,,,,,,,,,,,,,,,,,,,,,,,,602407,2021-06-13 16:00:00,2021
Stromsgodset,,,,,,,,,,,,,,,,,,,,,,,,,,,,,Rosenborg,,,,,,,,,,,,,,,,,,,,,,,,,,,,,602408,2021-06-13 16:00:00,2021
Viking FK,,,,,,,,,,,,,,,,,,,,,,,,,,,,,Vålerenga,,,,,,,,,,,,,,,,,,,,,,,,,,,,,602409,2021-06-13 18:00:00,2021
Stabaek,,,,,,,,,,,,,,,,,,,,,,,,,,,,,Tromso,,,,,,,,,,,,,,,,,,,,,,,,,,,,,602410,2021-06-14 17:00:00,2021
Bodo/Glimt,,,,,,,,,,,,,,,,,,,,,,,,,,,,,Stromsgodset,,,,,,,,,,,,,,,,,,,,,,,,,,,,,602411,2021-06-16 16:00:00,2021
Molde,,,,,,,,,,,,,,,,,,,,,,,,,,,,,Sarpsborg FK,,,,,,,,,,,,,,,,,,,,,,,,,,,,,602412,2021-06-16 16:00:00,2021
Vålerenga,,,,,,,,,,,,,,,,,,,,,,,,,,,,,Odds BK,,,,,,,,,,,,,,,,,,,,,,,,,,,,,602413,2021-06-16 18:00:00,2021
Sandefjord,,,,,,,,,,,,,,,,,,,,,,,,,,,,,Viking FK,,,,,,,,,,,,,,,,,,,,,,,,,,,,,602414,2021-06-19 13:00:00,2021
Mjondalen IF,,,,,,,,,,,,,,,,,,,,,,,,,,,,,Stromsgodset,,,,,,,,,,,,,,,,,,,,,,,,,,,,,602415,2021-06-20 13:00:00,2021
Haugesund,,,,,,,,,,,,,,,,,,,,,,,,,,,,,Kristiansund BK,,,,,,,,,,,,,,,,,,,,,,,,,,,,,602417,2021-06-20 16:00:00,2021
Tromso,,,,,,,,,,,,,,,,,,,,,,,,,,,,,Lillestrom,,,,,,,,,,,,,,,,,,,,,,,,,,,,,602420,2021-06-20 16:00:00,2021
Rosenborg,,,,,,,,,,,,,,,,,,,,,,,,,,,,,Sarpsborg FK,,,,,,,,,,,,,,,,,,,,,,,,,,,,,602419,2021-06-20 16:00:00,2021
SK Brann,,,,,,,,,,,,,,,,,,,,,,,,,,,,,Odds BK,,,,,,,,,,,,,,,,,,,,,,,,,,,,,602418,2021-06-20 16:00:00,2021
Molde,,,,,,,,,,,,,,,,,,,,,,,,,,,,,Stabaek,,,,,,,,,,,,,,,,,,,,,,,,,,,,,602416,2021-06-20 16:00:00,2021
Vålerenga,,,,,,,,,,,,,,,,,,,,,,,,,,,,,Bodo/Glimt,,,,,,,,,,,,,,,,,,,,,,,,,,,,,602421,2021-06-20 18:00:00,2021
Odds BK,,,,,,,,,,,,,,,,,,,,,,,,,,,,,Tromso,,,,,,,,,,,,,,,,,,,,,,,,,,,,,602425,2021-06-24 16:00:00,2021
Stromsgodset,,,,,,,,,,,,,,,,,,,,,,,,,,,,,Sandefjord,,,,,,,,,,,,,,,,,,,,,,,,,,,,,602426,2021-06-24 16:00:00,2021
Kristiansund BK,,,,,,,,,,,,,,,,,,,,,,,,,,,,,Mjondalen IF,,,,,,,,,,,,,,,,,,,,,,,,,,,,,602424,2021-06-24 16:00:00,2021
Bodo/Glimt,,,,,,,,,,,,,,,,,,,,,,,,,,,,,Molde,,,,,,,,,,,,,,,,,,,,,,,,,,,,,602422,2021-06-24 16:00:00,2021
Haugesund,,,,,,,,,,,,,,,,,,,,,,,,,,,,,SK Brann,,,,,,,,,,,,,,,,,,,,,,,,,,,,,602423,2021-06-24 16:00:00,2021
Stabaek,,,,,,,,,,,,,,,,,,,,,,,,,,,,,Vålerenga,,,,,,,,,,,,,,,,,,,,,,,,,,,,,602427,2021-06-24 18:00:00,2021
Sarpsborg FK,,,,,,,,,,,,,,,,,,,,,,,,,,,,,Viking FK,,,,,,,,,,,,,,,,,,,,,,,,,,,,,602428,2021-06-25 16:00:00,2021
Lillestrom,,,,,,,,,,,,,,,,,,,,,,,,,,,,,Rosenborg,,,,,,,,,,,,,,,,,,,,,,,,,,,,,602429,2021-06-25 18:00:00,2021
Bodo/Glimt,,,,,,,,,,,,,,,,,,,,,,,,,,,,,Stabaek,,,,,,,,,,,,,,,,,,,,,,,,,,,,,602430,2021-06-27 16:00:00,2021
Tromso,,,,,,,,,,,,,,,,,,,,,,,,,,,,,Kristiansund BK,,,,,,,,,,,,,,,,,,,,,,,,,,,,,602435,2021-06-30 16:00:00,2021
Rosenborg,,,,,,,,,,,,,,,,,,,,,,,,,,,,,Haugesund,,,,,,,,,,,,,,,,,,,,,,,,,,,,,602433,2021-06-30 16:00:00,2021
Molde,,,,,,,,,,,,,,,,,,,,,,,,,,,,,Stromsgodset,,,,,,,,,,,,,,,,,,,,,,,,,,,,,602432,2021-06-30 16:00:00,2021
Sandefjord,,,,,,,,,,,,,,,,,,,,,,,,,,,,,Bodo/Glimt,,,,,,,,,,,,,,,,,,,,,,,,,,,,,602434,2021-06-30 16:00:00,2021
Viking FK,,,,,,,,,,,,,,,,,,,,,,,,,,,,,Stabaek,,,,,,,,,,,,,,,,,,,,,,,,,,,,,602437,2021-06-30 16:00:00,2021
SK Brann,,,,,,,,,,,,,,,,,,,,,,,,,,,,,Lillestrom,,,,,,,,,,,,,,,,,,,,,,,,,,,,,602436,2021-06-30 18:00:00,2021
Mjondalen IF,,,,,,,,,,,,,,,,,,,,,,,,,,,,,Odds BK,,,,,,,,,,,,,,,,,,,,,,,,,,,,,602431,2021-07-01 16:00:00,2021
Vålerenga,,,,,,,,,,,,,,,,,,,,,,,,,,,,,Sarpsborg FK,,,,,,,,,,,,,,,,,,,,,,,,,,,,,602438,2021-07-01 18:00:00,2021
Bodo/Glimt,,,,,,,,,,,,,,,,,,,,,,,,,,,,,Viking FK,,,,,,,,,,,,,,,,,,,,,,,,,,,,,602439,2021-07-03 13:00:00,2021
Stabaek,,,,,,,,,,,,,,,,,,,,,,,,,,,,,Sandefjord,,,,,,,,,,,,,,,,,,,,,,,,,,,,,602444,2021-07-04 13:00:00,2021
Lillestrom,,,,,,,,,,,,,,,,,,,,,,,,,,,,,Mjondalen IF,,,,,,,,,,,,,,,,,,,,,,,,,,,,,602446,2021-07-04 16:00:00,2021
Odds BK,,,,,,,,,,,,,,,,,,,,,,,,,,,,,Rosenborg,,,,,,,,,,,,,,,,,,,,,,,,,,,,,602442,2021-07-04 16:00:00,2021
Haugesund,,,,,,,,,,,,,,,,,,,,,,,,,,,,,Tromso,,,,,,,,,,,,,,,,,,,,,,,,,,,,,602445,2021-07-04 16:00:00,2021
Sarpsborg FK,,,,,,,,,,,,,,,,,,,,,,,,,,,,,Molde,,,,,,,,,,,,,,,,,,,,,,,,,,,,,602443,2021-07-04 16:00:00,2021
Stromsgodset,,,,,,,,,,,,,,,,,,,,,,,,,,,,,Vålerenga,,,,,,,,,,,,,,,,,,,,,,,,,,,,,602440,2021-07-04 18:00:00,2021
Kristiansund BK,,,,,,,,,,,,,,,,,,,,,,,,,,,,,SK Brann,,,,,,,,,,,,,,,,,,,,,,,,,,,,,602441,2021-07-05 17:00:00,2021
Rosenborg,,,,,,,,,,,,,,,,,,,,,,,,,,,,,Kristiansund BK,,,,,,,,,,,,,,,,,,,,,,,,,,,,,602448,2021-07-10 16:00:00,2021
Mjondalen IF,,,,,,,,,,,,,,,,,,,,,,,,,,,,,Haugesund,,,,,,,,,,,,,,,,,,,,,,,,,,,,,602450,2021-07-10 16:00:00,2021
Sandefjord,,,,,,,,,,,,,,,,,,,,,,,,,,,,,Sarpsborg FK,,,,,,,,,,,,,,,,,,,,,,,,,,,,,602447,2021-07-10 16:00:00,2021
Viking FK,,,,,,,,,,,,,,,,,,,,,,,,,,,,,Stromsgodset,,,,,,,,,,,,,,,,,,,,,,,,,,,,,602452,2021-07-10 16:00:00,2021
SK Brann,,,,,,,,,,,,,,,,,,,,,,,,,,,,,Tromso,,,,,,,,,,,,,,,,,,,,,,,,,,,,,602451,2021-07-10 18:00:00,2021
Vålerenga,,,,,,,,,,,,,,,,,,,,,,,,,,,,,Lillestrom,,,,,,,,,,,,,,,,,,,,,,,,,,,,,602453,2021-07-11 13:30:00,2021
Molde,,,,,,,,,,,,,,,,,,,,,,,,,,,,,Odds BK,,,,,,,,,,,,,,,,,,,,,,,,,,,,,602449,2021-07-11 16:00:00,2021
Odds BK,,,,,,,,,,,,,,,,,,,,,,,,,,,,,Viking FK,,,,,,,,,,,,,,,,,,,,,,,,,,,,,602459,2021-07-17 16:00:00,2021
Sarpsborg FK,,,,,,,,,,,,,,,,,,,,,,,,,,,,,Bodo/Glimt,,,,,,,,,,,,,,,,,,,,,,,,,,,,,602458,2021-07-17 18:00:00,2021
Haugesund,,,,,,,,,,,,,,,,,,,,,,,,,,,,,Vålerenga,,,,,,,,,,,,,,,,,,,,,,,,,,,,,602455,2021-07-18 16:00:00,2021
Lillestrom,,,,,,,,,,,,,,,,,,,,,,,,,,,,,Molde,,,,,,,,,,,,,,,,,,,,,,,,,,,,,602460,2021-07-18 16:00:00,2021
Kristiansund BK,,,,,,,,,,,,,,,,,,,,,,,,,,,,,Sandefjord,,,,,,,,,,,,,,,,,,,,,,,,,,,,,602461,2021-07-18 16:00:00,2021
Tromso,,,,,,,,,,,,,,,,,,,,,,,,,,,,,Rosenborg,,,,,,,,,,,,,,,,,,,,,,,,,,,,,602456,2021-07-18 16:00:00,2021
SK Brann,,,,,,,,,,,,,,,,,,,,,,,,,,,,,Mjondalen IF,,,,,,,,,,,,,,,,,,,,,,,,,,,,,602454,2021-07-18 16:00:00,2021
Stromsgodset,,,,,,,,,,,,,,,,,,,,,,,,,,,,,Stabaek,,,,,,,,,,,,,,,,,,,,,,,,,,,,,602457,2021-07-18 18:00:00,2021
Stromsgodset,,,,,,,,,,,,,,,,,,,,,,,,,,,,,Odds BK,,,,,,,,,,,,,,,,,,,,,,,,,,,,,602462,2021-07-21 17:00:00,2021
Sandefjord,,,,,,,,,,,,,,,,,,,,,,,,,,,,,Haugesund,,,,,,,,,,,,,,,,,,,,,,,,,,,,,602465,2021-07-21 17:00:00,2021
Stabaek,,,,,,,,,,,,,,,,,,,,,,,,,,,,,Lillestrom,,,,,,,,,,,,,,,,,,,,,,,,,,,,,602463,2021-07-21 17:00:00,2021
Sarpsborg FK,,,,,,,,,,,,,,,,,,,,,,,,,,,,,Mjondalen IF,,,,,,,,,,,,,,,,,,,,,,,,,,,,,602464,2021-07-21 17:00:00,2021
Odds BK,,,,,,,,,,,,,,,,,,,,,,,,,,,,,Sandefjord,,,,,,,,,,,,,,,,,,,,,,,,,,,,,600074,2021-07-28 17:00:00,2021
Mjondalen IF,,,,,,,,,,,,,,,,,,,,,,,,,,,,,Stabaek,,,,,,,,,,,,,,,,,,,,,,,,,,,,,602468,2021-07-28 17:00:00,2021
Haugesund,,,,,,,,,,,,,,,,,,,,,,,,,,,,,Stromsgodset,,,,,,,,,,,,,,,,,,,,,,,,,,,,,602467,2021-07-28 17:00:00,2021
Lillestrom,,,,,,,,,,,,,,,,,,,,,,,,,,,,,Sarpsborg FK,,,,,,,,,,,,,,,,,,,,,,,,,,,,,602466,2021-07-28 17:00:00,2021
Molde,,,,,,,,,,,,,,,,,,,,,,,,,,,,,Haugesund,,,,,,,,,,,,,,,,,,,,,,,,,,,,,602470,2021-08-08 16:00:00,2021
Sandefjord,,,,,,,,,,,,,,,,,,,,,,,,,,,,,Lillestrom,,,,,,,,,,,,,,,,,,,,,,,,,,,,,602473,2021-08-08 16:00:00,2021
Viking FK,,,,,,,,,,,,,,,,,,,,,,,,,,,,,Kristiansund BK,,,,,,,,,,,,,,,,,,,,,,,,,,,,,602471,2021-08-08 16:00:00,2021
Mjondalen IF,,,,,,,,,,,,,,,,,,,,,,,,,,,,,Tromso,,,,,,,,,,,,,,,,,,,,,,,,,,,,,602469,2021-08-08 16:00:00,2021
Stabaek,,,,,,,,,,,,,,,,,,,,,,,,,,,,,Sarpsborg FK,,,,,,,,,,,,,,,,,,,,,,,,,,,,,602472,2021-08-08 18:00:00,2021
Kristiansund BK,,,,,,,,,,,,,,,,,,,,,,,,,,,,,Stabaek,,,,,,,,,,,,,,,,,,,,,,,,,,,,,602475,2021-08-14 16:00:00,2021
Sarpsborg FK,,,,,,,,,,,,,,,,,,,,,,,,,,,,,Stromsgodset,,,,,,,,,,,,,,,,,,,,,,,,,,,,,602479,2021-08-14 18:00:00,2021
Mjondalen IF,,,,,,,,,,,,,,,,,,,,,,,,,,,,,Rosenborg,,,,,,,,,,,,,,,,,,,,,,,,,,,,,602477,2021-08-15 16:00:00,2021
Odds BK,,,,,,,,,,,,,,,,,,,,,,,,,,,,,Haugesund,,,,,,,,,,,,,,,,,,,,,,,,,,,,,602478,2021-08-15 16:00:00,2021
Viking FK,,,,,,,,,,,,,,,,,,,,,,,,,,,,,Molde,,,,,,,,,,,,,,,,,,,,,,,,,,,,,602481,2021-08-15 16:00:00,2021
Lillestrom,,,,,,,,,,,,,,,,,,,,,,,,,,,,,Bodo/Glimt,,,,,,,,,,,,,,,,,,,,,,,,,,,,,602476,2021-08-15 16:00:00,2021
Tromso,,,,,,,,,,,,,,,,,,,,,,,,,,,,,Vålerenga,,,,,,,,,,,,,,,,,,,,,,,,,,,,,602480,2021-08-15 16:00:00,2021
SK Brann,,,,,,,,,,,,,,,,,,,,,,,,,,,,,Sandefjord,,,,,,,,,,,,,,,,,,,,,,,,,,,,,602474,2021-08-15 18:00:00,2021
Stabaek,,,,,,,,,,,,,,,,,,,,,,,,,,,,,Mjondalen IF,,,,,,,,,,,,,,,,,,,,,,,,,,,,,602484,2021-08-21 16:00:00,2021
Stromsgodset,,,,,,,,,,,,,,,,,,,,,,,,,,,,,SK Brann,,,,,,,,,,,,,,,,,,,,,,,,,,,,,602483,2021-08-21 18:00:00,2021
Haugesund,,,,,,,,,,,,,,,,,,,,,,,,,,,,,Lillestrom,,,,,,,,,,,,,,,,,,,,,,,,,,,,,602487,2021-08-22 16:00:00,2021
Bodo/Glimt,,,,,,,,,,,,,,,,,,,,,,,,,,,,,Kristiansund BK,,,,,,,,,,,,,,,,,,,,,,,,,,,,,602488,2021-08-22 16:00:00,2021
Sandefjord,,,,,,,,,,,,,,,,,,,,,,,,,,,,,Tromso,,,,,,,,,,,,,,,,,,,,,,,,,,,,,602485,2021-08-22 16:00:00,2021
Vålerenga,,,,,,,,,,,,,,,,,,,,,,,,,,,,,Viking FK,,,,,,,,,,,,,,,,,,,,,,,,,,,,,602482,2021-08-22 16:00:00,2021
Rosenborg,,,,,,,,,,,,,,,,,,,,,,,,,,,,,Odds BK,,,,,,,,,,,,,,,,,,,,,,,,,,,,,602486,2021-08-22 18:00:00,2021
Mjondalen IF,,,,,,,,,,,,,,,,,,,,,,,,,,,,,Lillestrom,,,,,,,,,,,,,,,,,,,,,,,,,,,,,602493,2021-08-28 16:00:00,2021
SK Brann,,,,,,,,,,,,,,,,,,,,,,,,,,,,,Haugesund,,,,,,,,,,,,,,,,,,,,,,,,,,,,,602496,2021-08-28 18:00:00,2021
Odds BK,,,,,,,,,,,,,,,,,,,,,,,,,,,,,Stromsgodset,,,,,,,,,,,,,,,,,,,,,,,,,,,,,602492,2021-08-29 16:00:00,2021
Tromso,,,,,,,,,,,,,,,,,,,,,,,,,,,,,Bodo/Glimt,,,,,,,,,,,,,,,,,,,,,,,,,,,,,602490,2021-08-29 16:00:00,2021
Sarpsborg FK,,,,,,,,,,,,,,,,,,,,,,,,,,,,,Sandefjord,,,,,,,,,,,,,,,,,,,,,,,,,,,,,602491,2021-08-29 16:00:00,2021
Viking FK,,,,,,,,,,,,,,,,,,,,,,,,,,,,,Rosenborg,,,,,,,,,,,,,,,,,,,,,,,,,,,,,602489,2021-08-29 16:00:00,2021
Kristiansund BK,,,,,,,,,,,,,,,,,,,,,,,,,,,,,Molde,,,,,,,,,,,,,,,,,,,,,,,,,,,,,602494,2021-08-29 16:00:00,2021
Vålerenga,,,,,,,,,,,,,,,,,,,,,,,,,,,,,Stabaek,,,,,,,,,,,,,,,,,,,,,,,,,,,,,602495,2021-08-29 18:00:00,2021
Stabaek,,,,,,,,,,,,,,,,,,,,,,,,,,,,,Viking FK,,,,,,,,,,,,,,,,,,,,,,,,,,,,,602503,2021-09-11 16:00:00,2021
Lillestrom,,,,,,,,,,,,,,,,,,,,,,,,,,,,,SK Brann,,,,,,,,,,,,,,,,,,,,,,,,,,,,,602497,2021-09-11 16:00:00,2021
Haugesund,,,,,,,,,,,,,,,,,,,,,,,,,,,,,Sarpsborg FK,,,,,,,,,,,,,,,,,,,,,,,,,,,,,602498,2021-09-12 16:00:00,2021
Bodo/Glimt,,,,,,,,,,,,,,,,,,,,,,,,,,,,,Odds BK,,,,,,,,,,,,,,,,,,,,,,,,,,,,,602499,2021-09-12 16:00:00,2021
Stromsgodset,,,,,,,,,,,,,,,,,,,,,,,,,,,,,Kristiansund BK,,,,,,,,,,,,,,,,,,,,,,,,,,,,,602504,2021-09-12 16:00:00,2021
Sandefjord,,,,,,,,,,,,,,,,,,,,,,,,,,,,,Vålerenga,,,,,,,,,,,,,,,,,,,,,,,,,,,,,602502,2021-09-12 16:00:00,2021
Molde,,,,,,,,,,,,,,,,,,,,,,,,,,,,,Mjondalen IF,,,,,,,,,,,,,,,,,,,,,,,,,,,,,602500,2021-09-12 16:00:00,2021
Rosenborg,,,,,,,,,,,,,,,,,,,,,,,,,,,,,Tromso,,,,,,,,,,,,,,,,,,,,,,,,,,,,,602501,2021-09-12 18:00:00,2021
Odds BK,,,,,,,,,,,,,,,,,,,,,,,,,,,,,Lillestrom,,,,,,,,,,,,,,,,,,,,,,,,,,,,,602505,2021-09-18 16:00:00,2021
Kristiansund BK,,,,,,,,,,,,,,,,,,,,,,,,,,,,,Haugesund,,,,,,,,,,,,,,,,,,,,,,,,,,,,,602507,2021-09-18 16:00:00,2021
Vålerenga,,,,,,,,,,,,,,,,,,,,,,,,,,,,,Molde,,,,,,,,,,,,,,,,,,,,,,,,,,,,,602509,2021-09-19 16:00:00,2021
Viking FK,,,,,,,,,,,,,,,,,,,,,,,,,,,,,Bodo/Glimt,,,,,,,,,,,,,,,,,,,,,,,,,,,,,602510,2021-09-19 16:00:00,2021
Sarpsborg FK,,,,,,,,,,,,,,,,,,,,,,,,,,,,,Rosenborg,,,,,,,,,,,,,,,,,,,,,,,,,,,,,602508,2021-09-19 16:00:00,2021
Mjondalen IF,,,,,,,,,,,,,,,,,,,,,,,,,,,,,Sandefjord,,,,,,,,,,,,,,,,,,,,,,,,,,,,,602506,2021-09-19 16:00:00,2021
Tromso,,,,,,,,,,,,,,,,,,,,,,,,,,,,,SK Brann,,,,,,,,,,,,,,,,,,,,,,,,,,,,,602511,2021-09-19 18:00:00,2021
Lillestrom,,,,,,,,,,,,,,,,,,,,,,,,,,,,,Tromso,,,,,,,,,,,,,,,,,,,,,,,,,,,,,602519,2021-09-25 16:00:00,2021
Stromsgodset,,,,,,,,,,,,,,,,,,,,,,,,,,,,,Sarpsborg FK,,,,,,,,,,,,,,,,,,,,,,,,,,,,,602520,2021-09-25 16:00:00,2021
Molde,,,,,,,,,,,,,,,,,,,,,,,,,,,,,Viking FK,,,,,,,,,,,,,,,,,,,,,,,,,,,,,602518,2021-09-26 16:00:00,2021
Sandefjord,,,,,,,,,,,,,,,,,,,,,,,,,,,,,Stabaek,,,,,,,,,,,,,,,,,,,,,,,,,,,,,602516,2021-09-26 16:00:00,2021
Haugesund,,,,,,,,,,,,,,,,,,,,,,,,,,,,,Odds BK,,,,,,,,,,,,,,,,,,,,,,,,,,,,,602515,2021-09-26 16:00:00,2021
SK Brann,,,,,,,,,,,,,,,,,,,,,,,,,,,,,Kristiansund BK,,,,,,,,,,,,,,,,,,,,,,,,,,,,,602514,2021-09-26 16:00:00,2021
Rosenborg,,,,,,,,,,,,,,,,,,,,,,,,,,,,,Mjondalen IF,,,,,,,,,,,,,,,,,,,,,,,,,,,,,602517,2021-09-26 16:00:00,2021
Bodo/Glimt,,,,,,,,,,,,,,,,,,,,,,,,,,,,,Vålerenga,,,,,,,,,,,,,,,,,,,,,,,,,,,,,602513,2021-09-26 18:00:00,2021
Stabaek,,,,,,,,,,,,,,,,,,,,,,,,,,,,,Stromsgodset,,,,,,,,,,,,,,,,,,,,,,,,,,,,,602512,2021-09-29 17:00:00,2021
Sarpsborg FK,,,,,,,,,,,,,,,,,,,,,,,,,,,,,Lillestrom,,,,,,,,,,,,,,,,,,,,,,,,,,,,,602527,2021-10-02 16:00:00,2021
Viking FK,,,,,,,,,,,,,,,,,,,,,,,,,,,,,Sandefjord,,,,,,,,,,,,,,,,,,,,,,,,,,,,,602524,2021-10-02 16:00:00,2021
Vålerenga,,,,,,,,,,,,,,,,,,,,,,,,,,,,,Stromsgodset,,,,,,,,,,,,,,,,,,,,,,,,,,,,,602523,2021-10-03 16:00:00,2021
Tromso,,,,,,,,,,,,,,,,,,,,,,,,,,,,,Haugesund,,,,,,,,,,,,,,,,,,,,,,,,,,,,,602525,2021-10-03 16:00:00,2021
Odds BK,,,,,,,,,,,,,,,,,,,,,,,,,,,,,Molde,,,,,,,,,,,,,,,,,,,,,,,,,,,,,602521,2021-10-03 16:00:00,2021
Stabaek,,,,,,,,,,,,,,,,,,,,,,,,,,,,,Bodo/Glimt,,,,,,,,,,,,,,,,,,,,,,,,,,,,,602526,2021-10-03 16:00:00,2021
Mjondalen IF,,,,,,,,,,,,,,,,,,,,,,,,,,,,,SK Brann,,,,,,,,,,,,,,,,,,,,,,,,,,,,,602522,2021-10-03 16:00:00,2021
Kristiansund BK,,,,,,,,,,,,,,,,,,,,,,,,,,,,,Rosenborg,,,,,,,,,,,,,,,,,,,,,,,,,,,,,602528,2021-10-03 18:00:00,2021
Lillestrom,,,,,,,,,,,,,,,,,,,,,,,,,,,,,Kristiansund BK,,,,,,,,,,,,,,,,,,,,,,,,,,,,,602533,2021-10-16 16:00:00,2021
Molde,,,,,,,,,,,,,,,,,,,,,,,,,,,,,Tromso,,,,,,,,,,,,,,,,,,,,,,,,,,,,,602532,2021-10-16 16:00:00,2021
Bodo/Glimt,,,,,,,,,,,,,,,,,,,,,,,,,,,,,Sarpsborg FK,,,,,,,,,,,,,,,,,,,,,,,,,,,,,602529,2021-10-17 15:00:00,2021
Haugesund,,,,,,,,,,,,,,,,,,,,,,,,,,,,,Mjondalen IF,,,,,,,,,,,,,,,,,,,,,,,,,,,,,602534,2021-10-17 15:00:00,2021
Sandefjord,,,,,,,,,,,,,,,,,,,,,,,,,,,,,Odds BK,,,,,,,,,,,,,,,,,,,,,,,,,,,,,602530,2021-10-17 15:00:00,2021
Stromsgodset,,,,,,,,,,,,,,,,,,,,,,,,,,,,,Viking FK,,,,,,,,,,,,,,,,,,,,,,,,,,,,,602536,2021-10-17 15:00:00,2021
SK Brann,,,,,,,,,,,,,,,,,,,,,,,,,,,,,Stabaek,,,,,,,,,,,,,,,,,,,,,,,,,,,,,602535,2021-10-17 15:00:00,2021
Rosenborg,,,,,,,,,,,,,,,,,,,,,,,,,,,,,Vålerenga,,,,,,,,,,,,,,,,,,,,,,,,,,,,,602531,2021-10-17 17:00:00,2021
Viking FK,,,,,,,,,,,,,,,,,,,,,,,,,,,,,Lillestrom,,,,,,,,,,,,,,,,,,,,,,,,,,,,,602542,2021-10-23 14:00:00,2021
Stabaek,,,,,,,,,,,,,,,,,,,,,,,,,,,,,Molde,,,,,,,,,,,,,,,,,,,,,,,,,,,,,602540,2021-10-23 16:00:00,2021
Rosenborg,,,,,,,,,,,,,,,,,,,,,,,,,,,,,Sandefjord,,,,,,,,,,,,,,,,,,,,,,,,,,,,,602537,2021-10-24 15:00:00,2021
Vålerenga,,,,,,,,,,,,,,,,,,,,,,,,,,,,,Haugesund,,,,,,,,,,,,,,,,,,,,,,,,,,,,,602541,2021-10-24 15:00:00,2021
Kristiansund BK,,,,,,,,,,,,,,,,,,,,,,,,,,,,,Sarpsborg FK,,,,,,,,,,,,,,,,,,,,,,,,,,,,,602539,2021-10-24 15:00:00,2021
Stromsgodset,,,,,,,,,,,,,,,,,,,,,,,,,,,,,Bodo/Glimt,,,,,,,,,,,,,,,,,,,,,,,,,,,,,602544,2021-10-24 15:00:00,2021
Tromso,,,,,,,,,,,,,,,,,,,,,,,,,,,,,Mjondalen IF,,,,,,,,,,,,,,,,,,,,,,,,,,,,,602543,2021-10-24 15:00:00,2021
Odds BK,,,,,,,,,,,,,,,,,,,,,,,,,,,,,SK Brann,,,,,,,,,,,,,,,,,,,,,,,,,,,,,602538,2021-10-24 17:00:00,2021
Lillestrom,,,,,,,,,,,,,,,,,,,,,,,,,,,,,Stabaek,,,,,,,,,,,,,,,,,,,,,,,,,,,,,602552,2021-10-27 16:00:00,2021
Haugesund,,,,,,,,,,,,,,,,,,,,,,,,,,,,,Rosenborg,,,,,,,,,,,,,,,,,,,,,,,,,,,,,602546,2021-10-27 16:00:00,2021
Sandefjord,,,,,,,,,,,,,,,,,,,,,,,,,,,,,Stromsgodset,,,,,,,,,,,,,,,,,,,,,,,,,,,,,602549,2021-10-27 16:00:00,2021
Mjondalen IF,,,,,,,,,,,,,,,,,,,,,,,,,,,,,Kristiansund BK,,,,,,,,,,,,,,,,,,,,,,,,,,,,,602551,2021-10-27 16:00:00,2021
Tromso,,,,,,,,,,,,,,,,,,,,,,,,,,,,,Odds BK,,,,,,,,,,,,,,,,,,,,,,,,,,,,,602547,2021-10-27 16:00:00,2021
Molde,,,,,,,,,,,,,,,,,,,,,,,,,,,,,Bodo/Glimt,,,,,,,,,,,,,,,,,,,,,,,,,,,,,602550,2021-10-27 18:00:00,2021
SK Brann,,,,,,,,,,,,,,,,,,,,,,,,,,,,,Viking FK,,,,,,,,,,,,,,,,,,,,,,,,,,,,,602545,2021-10-28 16:00:00,2021
Sarpsborg FK,,,,,,,,,,,,,,,,,,,,,,,,,,,,,Vålerenga,,,,,,,,,,,,,,,,,,,,,,,,,,,,,602548,2021-10-28 18:00:00,2021
Kristiansund BK,,,,,,,,,,,,,,,,,,,,,,,,,,,,,Tromso,,,,,,,,,,,,,,,,,,,,,,,,,,,,,602559,2021-10-30 14:00:00,2021
Rosenborg,,,,,,,,,,,,,,,,,,,,,,,,,,,,,Lillestrom,,,,,,,,,,,,,,,,,,,,,,,,,,,,,602554,2021-10-30 16:00:00,2021
Stabaek,,,,,,,,,,,,,,,,,,,,,,,,,,,,,Haugesund,,,,,,,,,,,,,,,,,,,,,,,,,,,,,602555,2021-10-31 17:00:00,2021
Viking FK,,,,,,,,,,,,,,,,,,,,,,,,,,,,,Sarpsborg FK,,,,,,,,,,,,,,,,,,,,,,,,,,,,,602557,2021-10-31 17:00:00,2021
Bodo/Glimt,,,,,,,,,,,,,,,,,,,,,,,,,,,,,Sandefjord,,,,,,,,,,,,,,,,,,,,,,,,,,,,,602553,2021-10-31 17:00:00,2021
Odds BK,,,,,,,,,,,,,,,,,,,,,,,,,,,,,Mjondalen IF,,,,,,,,,,,,,,,,,,,,,,,,,,,,,602558,2021-10-31 17:00:00,2021
Stromsgodset,,,,,,,,,,,,,,,,,,,,,,,,,,,,,Molde,,,,,,,,,,,,,,,,,,,,,,,,,,,,,602556,2021-10-31 17:00:00,2021
Vålerenga,,,,,,,,,,,,,,,,,,,,,,,,,,,,,SK Brann,,,,,,,,,,,,,,,,,,,,,,,,,,,,,602560,2021-10-31 19:00:00,2021
SK Brann,,,,,,,,,,,,,,,,,,,,,,,,,,,,,Rosenborg,,,,,,,,,,,,,,,,,,,,,,,,,,,,,602564,2021-11-06 17:00:00,2021
Sarpsborg FK,,,,,,,,,,,,,,,,,,,,,,,,,,,,,Stabaek,,,,,,,,,,,,,,,,,,,,,,,,,,,,,602567,2021-11-06 17:00:00,2021
Tromso,,,,,,,,,,,,,,,,,,,,,,,,,,,,,Stromsgodset,,,,,,,,,,,,,,,,,,,,,,,,,,,,,602568,2021-11-07 16:00:00,2021
Odds BK,,,,,,,,,,,,,,,,,,,,,,,,,,,,,Kristiansund BK,,,,,,,,,,,,,,,,,,,,,,,,,,,,,602566,2021-11-07 16:00:00,2021
Haugesund,,,,,,,,,,,,,,,,,,,,,,,,,,,,,Bodo/Glimt,,,,,,,,,,,,,,,,,,,,,,,,,,,,,602565,2021-11-07 16:00:00,2021
Mjondalen IF,,,,,,,,,,,,,,,,,,,,,,,,,,,,,Viking FK,,,,,,,,,,,,,,,,,,,,,,,,,,,,,602562,2021-11-07 16:00:00,2021
Molde,,,,,,,,,,,,,,,,,,,,,,,,,,,,,Sandefjord,,,,,,,,,,,,,,,,,,,,,,,,,,,,,602561,2021-11-07 16:00:00,2021
Lillestrom,,,,,,,,,,,,,,,,,,,,,,,,,,,,,Vålerenga,,,,,,,,,,,,,,,,,,,,,,,,,,,,,602563,2021-11-07 18:00:00,2021
Stromsgodset,,,,,,,,,,,,,,,,,,,,,,,,,,,,,Mjondalen IF,,,,,,,,,,,,,,,,,,,,,,,,,,,,,602572,2021-11-20 17:00:00,2021
Viking FK,,,,,,,,,,,,,,,,,,,,,,,,,,,,,Haugesund,,,,,,,,,,,,,,,,,,,,,,,,,,,,,602571,2021-11-20 17:00:00,2021
Vålerenga,,,,,,,,,,,,,,,,,,,,,,,,,,,,,Tromso,,,,,,,,,,,,,,,,,,,,,,,,,,,,,602569,2021-11-21 16:00:00,2021
Stabaek,,,,,,,,,,,,,,,,,,,,,,,,,,,,,Kristiansund BK,,,,,,,,,,,,,,,,,,,,,,,,,,,,,602570,2021-11-21 16:00:00,2021
Sarpsborg FK,,,,,,,,,,,,,,,,,,,,,,,,,,,,,Odds BK,,,,,,,,,,,,,,,,,,,,,,,,,,,,,602576,2021-11-21 16:00:00,2021
Bodo/Glimt,,,,,,,,,,,,,,,,,,,,,,,,,,,,,Lillestrom,,,,,,,,,,,,,,,,,,,,,,,,,,,,,602575,2021-11-21 16:00:00,2021
Sandefjord,,,,,,,,,,,,,,,,,,,,,,,,,,,,,SK Brann,,,,,,,,,,,,,,,,,,,,,,,,,,,,,602573,2021-11-21 16:00:00,2021
Molde,,,,,,,,,,,,,,,,,,,,,,,,,,,,,Rosenborg,,,,,,,,,,,,,,,,,,,,,,,,,,,,,602574,2021-11-21 18:00:00,2021
Lillestrom,,,,,,,,,,,,,,,,,,,,,,,,,,,,,Stromsgodset,,,,,,,,,,,,,,,,,,,,,,,,,,,,,602580,2021-11-27 17:00:00,2021
Odds BK,,,,,,,,,,,,,,,,,,,,,,,,,,,,,Vålerenga,,,,,,,,,,,,,,,,,,,,,,,,,,,,,602582,2021-11-27 17:00:00,2021
Tromso,,,,,,,,,,,,,,,,,,,,,,,,,,,,,Stabaek,,,,,,,,,,,,,,,,,,,,,,,,,,,,,602584,2021-11-28 16:00:00,2021
Mjondalen IF,,,,,,,,,,,,,,,,,,,,,,,,,,,,,Sarpsborg FK,,,,,,,,,,,,,,,,,,,,,,,,,,,,,602581,2021-11-28 16:00:00,2021
Kristiansund BK,,,,,,,,,,,,,,,,,,,,,,,,,,,,,Viking FK,,,,,,,,,,,,,,,,,,,,,,,,,,,,,602579,2021-11-28 16:00:00,2021
Rosenborg,,,,,,,,,,,,,,,,,,,,,,,,,,,,,Bodo/Glimt,,,,,,,,,,,,,,,,,,,,,,,,,,,,,602583,2021-11-28 16:00:00,2021
Haugesund,,,,,,,,,,,,,,,,,,,,,,,,,,,,,Sandefjord,,,,,,,,,,,,,,,,,,,,,,,,,,,,,602578,2021-11-28 16:00:00,2021
SK Brann,,,,,,,,,,,,,,,,,,,,,,,,,,,,,Molde,,,,,,,,,,,,,,,,,,,,,,,,,,,,,602577,2021-11-28 18:00:00,2021
Viking FK,,,,,,,,,,,,,,,,,,,,,,,,,,,,,Odds BK,,,,,,,,,,,,,,,,,,,,,,,,,,,,,602589,2021-12-05 16:00:00,2021
Vålerenga,,,,,,,,,,,,,,,,,,,,,,,,,,,,,Mjondalen IF,,,,,,,,,,,,,,,,,,,,,,,,,,,,,602586,2021-12-05 16:00:00,2021
Stabaek,,,,,,,,,,,,,,,,,,,,,,,,,,,,,Rosenborg,,,,,,,,,,,,,,,,,,,,,,,,,,,,,602585,2021-12-05 16:00:00,2021
Molde,,,,,,,,,,,,,,,,,,,,,,,,,,,,,Lillestrom,,,,,,,,,,,,,,,,,,,,,,,,,,,,,602592,2021-12-05 16:00:00,2021
Bodo/Glimt,,,,,,,,,,,,,,,,,,,,,,,,,,,,,SK Brann,,,,,,,,,,,,,,,,,,,,,,,,,,,,,602591,2021-12-05 16:00:00,2021
Stromsgodset,,,,,,,,,,,,,,,,,,,,,,,,,,,,,Haugesund,,,,,,,,,,,,,,,,,,,,,,,,,,,,,602588,2021-12-05 16:00:00,2021
Sandefjord,,,,,,,,,,,,,,,,,,,,,,,,,,,,,Kristiansund BK,,,,,,,,,,,,,,,,,,,,,,,,,,,,,602590,2021-12-05 16:00:00,2021
Sarpsborg FK,,,,,,,,,,,,,,,,,,,,,,,,,,,,,Tromso,,,,,,,,,,,,,,,,,,,,,,,,,,,,,602587,2021-12-05 16:00:00,2021
Rosenborg,,,,,,,,,,,,,,,,,,,,,,,,,,,,,Stromsgodset,,,,,,,,,,,,,,,,,,,,,,,,,,,,,602599,2021-12-12 16:00:00,2021
Kristiansund BK,,,,,,,,,,,,,,,,,,,,,,,,,,,,,Vålerenga,,,,,,,,,,,,,,,,,,,,,,,,,,,,,602595,2021-12-12 16:00:00,2021
Lillestrom,,,,,,,,,,,,,,,,,,,,,,,,,,,,,Sandefjord,,,,,,,,,,,,,,,,,,,,,,,,,,,,,602596,2021-12-12 16:00:00,2021
Tromso,,,,,,,,,,,,,,,,,,,,,,,,,,,,,Viking FK,,,,,,,,,,,,,,,,,,,,,,,,,,,,,602600,2021-12-12 16:00:00,2021
SK Brann,,,,,,,,,,,,,,,,,,,,,,,,,,,,,Sarpsborg FK,,,,,,,,,,,,,,,,,,,,,,,,,,,,,602593,2021-12-12 16:00:00,2021
Odds BK,,,,,,,,,,,,,,,,,,,,,,,,,,,,,Stabaek,,,,,,,,,,,,,,,,,,,,,,,,,,,,,602598,2021-12-12 16:00:00,2021
Haugesund,,,,,,,,,,,,,,,,,,,,,,,,,,,,,Molde,,,,,,,,,,,,,,,,,,,,,,,,,,,,,602594,2021-12-12 16:00:00,2021
Mjondalen IF,,,,,,,,,,,,,,,,,,,,,,,,,,,,,Bodo/Glimt,,,,,,,,,,,,,,,,,,,,,,,,,,,,,602597,2021-12-12 16:00:00,2021
Hamarkameratene,,,,,,,,,,,,,,,,,,,,,,,,,,,,,Lillestrom,,,,,,,,,,,,,,,,,,,,,,,,,,,,,628224,2022-04-02 14:00:00,2022
Molde,,,,,,,,,,,,,,,,,,,,,,,,,,,,,Vålerenga,,,,,,,,,,,,,,,,,,,,,,,,,,,,,628223,2022-04-02 16:00:00,2022
Sarpsborg FK,,,,,,,,,,,,,,,,,,,,,,,,,,,,,Viking FK,,,,,,,,,,,,,,,,,,,,,,,,,,,,,628222,2022-04-03 16:00:00,2022
Odds BK,,,,,,,,,,,,,,,,,,,,,,,,,,,,,Tromso,,,,,,,,,,,,,,,,,,,,,,,,,,,,,628221,2022-04-03 16:00:00,2022
Haugesund,,,,,,,,,,,,,,,,,,,,,,,,,,,,,Sandefjord,,,,,,,,,,,,,,,,,,,,,,,,,,,,,628219,2022-04-03 16:00:00,2022
FK Jerv,,,,,,,,,,,,,,,,,,,,,,,,,,,,,Stromsgodset,,,,,,,,,,,,,,,,,,,,,,,,,,,,,628220,2022-04-03 16:00:00,2022
Aalesund,,,,,,,,,,,,,,,,,,,,,,,,,,,,,Kristiansund BK,,,,,,,,,,,,,,,,,,,,,,,,,,,,,628218,2022-04-03 16:00:00,2022
Bodo/Glimt,,,,,,,,,,,,,,,,,,,,,,,,,,,,,Rosenborg,,,,,,,,,,,,,,,,,,,,,,,,,,,,,628217,2022-04-03 18:00:00,2022
Lillestrom,,,,,,,,,,,,,,,,,,,,,,,,,,,,,FK Jerv,,,,,,,,,,,,,,,,,,,,,,,,,,,,,628216,2022-04-09 14:00:00,2022
Kristiansund BK,,,,,,,,,,,,,,,,,,,,,,,,,,,,,Sarpsborg FK,,,,,,,,,,,,,,,,,,,,,,,,,,,,,628214,2022-04-10 16:00:00,2022
Rosenborg,,,,,,,,,,,,,,,,,,,,,,,,,,,,,Odds BK,,,,,,,,,,,,,,,,,,,,,,,,,,,,,628213,2022-04-10 16:00:00,2022
Stromsgodset,,,,,,,,,,,,,,,,,,,,,,,,,,,,,Molde,,,,,,,,,,,,,,,,,,,,,,,,,,,,,628212,2022-04-10 16:00:00,2022
Sandefjord,,,,,,,,,,,,,,,,,,,,,,,,,,,,,Bodo/Glimt,,,,,,,,,,,,,,,,,,,,,,,,,,,,,628215,2022-04-10 16:00:00,2022
Tromso,,,,,,,,,,,,,,,,,,,,,,,,,,,,,Hamarkameratene,,,,,,,,,,,,,,,,,,,,,,,,,,,,,628210,2022-04-10 16:00:00,2022
Vålerenga,,,,,,,,,,,,,,,,,,,,,,,,,,,,,Haugesund,,,,,,,,,,,,,,,,,,,,,,,,,,,,,628211,2022-04-10 16:00:00,2022
Viking FK,,,,,,,,,,,,,,,,,,,,,,,,,,,,,Aalesund,,,,,,,,,,,,,,,,,,,,,,,,,,,,,628209,2022-04-10 18:00:00,2022
Odds BK,,,,,,,,,,,,,,,,,,,,,,,,,,,,,Viking FK,,,,,,,,,,,,,,,,,,,,,,,,,,,,,628208,2022-04-18 16:00:00,2022
Hamarkameratene,,,,,,,,,,,,,,,,,,,,,,,,,,,,,Sandefjord,,,,,,,,,,,,,,,,,,,,,,,,,,,,,628205,2022-04-18 16:00:00,2022
FK Jerv,,,,,,,,,,,,,,,,,,,,,,,,,,,,,Kristiansund BK,,,,,,,,,,,,,,,,,,,,,,,,,,,,,628202,2022-04-18 16:00:00,2022
Sarpsborg FK,,,,,,,,,,,,,,,,,,,,,,,,,,,,,Rosenborg,,,,,,,,,,,,,,,,,,,,,,,,,,,,,628204,2022-04-18 16:00:00,2022
Aalesund,,,,,,,,,,,,,,,,,,,,,,,,,,,,,Tromso,,,,,,,,,,,,,,,,,,,,,,,,,,,,,628207,2022-04-18 16:00:00,2022
Molde,,,,,,,,,,,,,,,,,,,,,,,,,,,,,Lillestrom,,,,,,,,,,,,,,,,,,,,,,,,,,,,,628203,2022-04-18 16:00:00,2022
Haugesund,,,,,,,,,,,,,,,,,,,,,,,,,,,,,Stromsgodset,,,,,,,,,,,,,,,,,,,,,,,,,,,,,628206,2022-04-18 16:00:00,2022
Bodo/Glimt,,,,,,,,,,,,,,,,,,,,,,,,,,,,,Vålerenga,,,,,,,,,,,,,,,,,,,,,,,,,,,,,628201,2022-04-18 18:00:00,2022
Odds BK,,,,,,,,,,,,,,,,,,,,,,,,,,,,,Aalesund,,,,,,,,,,,,,,,,,,,,,,,,,,,,,628200,2022-04-23 14:00:00,2022
Stromsgodset,,,,,,,,,,,,,,,,,,,,,,,,,,,,,Sandefjord,,,,,,,,,,,,,,,,,,,,,,,,,,,,,628199,2022-04-23 16:00:00,2022
Vålerenga,,,,,,,,,,,,,,,,,,,,,,,,,,,,,FK Jerv,,,,,,,,,,,,,,,,,,,,,,,,,,,,,628195,2022-04-24 16:00:00,2022
Lillestrom,,,,,,,,,,,,,,,,,,,,,,,,,,,,,Haugesund,,,,,,,,,,,,,,,,,,,,,,,,,,,,,628197,2022-04-24 16:00:00,2022
Viking FK,,,,,,,,,,,,,,,,,,,,,,,,,,,,,Bodo/Glimt,,,,,,,,,,,,,,,,,,,,,,,,,,,,,628194,2022-04-24 16:00:00,2022
Kristiansund BK,,,,,,,,,,,,,,,,,,,,,,,,,,,,,Hamarkameratene,,,,,,,,,,,,,,,,,,,,,,,,,,,,,628196,2022-04-24 16:00:00,2022
Tromso,,,,,,,,,,,,,,,,,,,,,,,,,,,,,Sarpsborg FK,,,,,,,,,,,,,,,,,,,,,,,,,,,,,628198,2022-04-24 16:00:00,2022
Rosenborg,,,,,,,,,,,,,,,,,,,,,,,,,,,,,Molde,,,,,,,,,,,,,,,,,,,,,,,,,,,,,628193,2022-04-24 18:00:00,2022
Lillestrom,,,,,,,,,,,,,,,,,,,,,,,,,,,,,Aalesund,,,,,,,,,,,,,,,,,,,,,,,,,,,,,628105,2022-04-28 18:00:00,2022
Viking FK,,,,,,,,,,,,,,,,,,,,,,,,,,,,,Haugesund,,,,,,,,,,,,,,,,,,,,,,,,,,,,,628097,2022-04-30 16:00:00,2022
Sarpsborg FK,,,,,,,,,,,,,,,,,,,,,,,,,,,,,Odds BK,,,,,,,,,,,,,,,,,,,,,,,,,,,,,628192,2022-05-07 14:00:00,2022
Molde,,,,,,,,,,,,,,,,,,,,,,,,,,,,,Viking FK,,,,,,,,,,,,,,,,,,,,,,,,,,,,,628191,2022-05-07 16:00:00,2022
FK Jerv,,,,,,,,,,,,,,,,,,,,,,,,,,,,,Tromso,,,,,,,,,,,,,,,,,,,,,,,,,,,,,628189,2022-05-08 16:00:00,2022
Sandefjord,,,,,,,,,,,,,,,,,,,,,,,,,,,,,Vålerenga,,,,,,,,,,,,,,,,,,,,,,,,,,,,,628190,2022-05-08 16:00:00,2022
Haugesund,,,,,,,,,,,,,,,,,,,,,,,,,,,,,Kristiansund BK,,,,,,,,,,,,,,,,,,,,,,,,,,,,,628186,2022-05-08 16:00:00,2022
Stromsgodset,,,,,,,,,,,,,,,,,,,,,,,,,,,,,Rosenborg,,,,,,,,,,,,,,,,,,,,,,,,,,,,,628188,2022-05-08 16:00:00,2022
Bodo/Glimt,,,,,,,,,,,,,,,,,,,,,,,,,,,,,Lillestrom,,,,,,,,,,,,,,,,,,,,,,,,,,,,,628187,2022-05-08 16:00:00,2022
Hamarkameratene,,,,,,,,,,,,,,,,,,,,,,,,,,,,,Aalesund,,,,,,,,,,,,,,,,,,,,,,,,,,,,,628185,2022-05-08 18:00:00,2022
Molde,,,,,,,,,,,,,,,,,,,,,,,,,,,,,Odds BK,,,,,,,,,,,,,,,,,,,,,,,,,,,,,628085,2022-05-11 17:00:00,2022
Viking FK,,,,,,,,,,,,,,,,,,,,,,,,,,,,,Stromsgodset,,,,,,,,,,,,,,,,,,,,,,,,,,,,,628087,2022-05-12 17:00:00,2022
Tromso,,,,,,,,,,,,,,,,,,,,,,,,,,,,,Vålerenga,,,,,,,,,,,,,,,,,,,,,,,,,,,,,628134,2022-05-12 17:00:00,2022
Lillestrom,,,,,,,,,,,,,,,,,,,,,,,,,,,,,Sarpsborg FK,,,,,,,,,,,,,,,,,,,,,,,,,,,,,628182,2022-05-16 16:00:00,2022
Viking FK,,,,,,,,,,,,,,,,,,,,,,,,,,,,,FK Jerv,,,,,,,,,,,,,,,,,,,,,,,,,,,,,628178,2022-05-16 16:00:00,2022
Rosenborg,,,,,,,,,,,,,,,,,,,,,,,,,,,,,Sandefjord,,,,,,,,,,,,,,,,,,,,,,,,,,,,,628181,2022-05-16 16:00:00,2022
Kristiansund BK,,,,,,,,,,,,,,,,,,,,,,,,,,,,,Stromsgodset,,,,,,,,,,,,,,,,,,,,,,,,,,,,,628183,2022-05-16 16:00:00,2022
Odds BK,,,,,,,,,,,,,,,,,,,,,,,,,,,,,Haugesund,,,,,,,,,,,,,,,,,,,,,,,,,,,,,628179,2022-05-16 16:00:00,2022
Bodo/Glimt,,,,,,,,,,,,,,,,,,,,,,,,,,,,,Tromso,,,,,,,,,,,,,,,,,,,,,,,,,,,,,628184,2022-05-16 16:00:00,2022
Aalesund,,,,,,,,,,,,,,,,,,,,,,,,,,,,,Molde,,,,,,,,,,,,,,,,,,,,,,,,,,,,,628180,2022-05-16 16:00:00,2022
Vålerenga,,,,,,,,,,,,,,,,,,,,,,,,,,,,,Hamarkameratene,,,,,,,,,,,,,,,,,,,,,,,,,,,,,628177,2022-05-16 18:00:00,2022
Sandefjord,,,,,,,,,,,,,,,,,,,,,,,,,,,,,Lillestrom,,,,,,,,,,,,,,,,,,,,,,,,,,,,,628176,2022-05-21 14:00:00,2022
Molde,,,,,,,,,,,,,,,,,,,,,,,,,,,,,Kristiansund BK,,,,,,,,,,,,,,,,,,,,,,,,,,,,,628175,2022-05-21 16:00:00,2022
Sarpsborg FK,,,,,,,,,,,,,,,,,,,,,,,,,,,,,Aalesund,,,,,,,,,,,,,,,,,,,,,,,,,,,,,628170,2022-05-22 16:00:00,2022
Stromsgodset,,,,,,,,,,,,,,,,,,,,,,,,,,,,,Vålerenga,,,,,,,,,,,,,,,,,,,,,,,,,,,,,628174,2022-05-22 16:00:00,2022
Tromso,,,,,,,,,,,,,,,,,,,,,,,,,,,,,Viking FK,,,,,,,,,,,,,,,,,,,,,,,,,,,,,628173,2022-05-22 16:00:00,2022
Haugesund,,,,,,,,,,,,,,,,,,,,,,,,,,,,,Bodo/Glimt,,,,,,,,,,,,,,,,,,,,,,,,,,,,,628171,2022-05-22 16:00:00,2022
FK Jerv,,,,,,,,,,,,,,,,,,,,,,,,,,,,,Odds BK,,,,,,,,,,,,,,,,,,,,,,,,,,,,,628172,2022-05-22 16:00:00,2022
Hamarkameratene,,,,,,,,,,,,,,,,,,,,,,,,,,,,,Rosenborg,,,,,,,,,,,,,,,,,,,,,,,,,,,,,628169,2022-05-22 18:00:00,2022
Odds BK,,,,,,,,,,,,,,,,,,,,,,,,,,,,,Sandefjord,,,,,,,,,,,,,,,,,,,,,,,,,,,,,628166,2022-05-25 16:00:00,2022
Bodo/Glimt,,,,,,,,,,,,,,,,,,,,,,,,,,,,,Stromsgodset,,,,,,,,,,,,,,,,,,,,,,,,,,,,,628167,2022-05-25 16:00:00,2022
Viking FK,,,,,,,,,,,,,,,,,,,,,,,,,,,,,Hamarkameratene,,,,,,,,,,,,,,,,,,,,,,,,,,,,,628165,2022-05-25 16:00:00,2022
Aalesund,,,,,,,,,,,,,,,,,,,,,,,,,,,,,FK Jerv,,,,,,,,,,,,,,,,,,,,,,,,,,,,,628164,2022-05-25 16:00:00,2022
Lillestrom,,,,,,,,,,,,,,,,,,,,,,,,,,,,,Vålerenga,,,,,,,,,,,,,,,,,,,,,,,,,,,,,628163,2022-05-25 18:00:00,2022
Rosenborg,,,,,,,,,,,,,,,,,,,,,,,,,,,,,Haugesund,,,,,,,,,,,,,,,,,,,,,,,,,,,,,628162,2022-05-26 16:00:00,2022
Sarpsborg FK,,,,,,,,,,,,,,,,,,,,,,,,,,,,,Molde,,,,,,,,,,,,,,,,,,,,,,,,,,,,,628161,2022-05-26 18:00:00,2022
Hamarkameratene,,,,,,,,,,,,,,,,,,,,,,,,,,,,,Odds BK,,,,,,,,,,,,,,,,,,,,,,,,,,,,,628160,2022-05-28 14:00:00,2022
Stromsgodset,,,,,,,,,,,,,,,,,,,,,,,,,,,,,Viking FK,,,,,,,,,,,,,,,,,,,,,,,,,,,,,628159,2022-05-28 16:00:00,2022
Molde,,,,,,,,,,,,,,,,,,,,,,,,,,,,,Bodo/Glimt,,,,,,,,,,,,,,,,,,,,,,,,,,,,,628155,2022-05-29 16:00:00,2022
Tromso,,,,,,,,,,,,,,,,,,,,,,,,,,,,,Lillestrom,,,,,,,,,,,,,,,,,,,,,,,,,,,,,628157,2022-05-29 16:00:00,2022
Haugesund,,,,,,,,,,,,,,,,,,,,,,,,,,,,,Aalesund,,,,,,,,,,,,,,,,,,,,,,,,,,,,,628154,2022-05-29 16:00:00,2022
FK Jerv,,,,,,,,,,,,,,,,,,,,,,,,,,,,,Sarpsborg FK,,,,,,,,,,,,,,,,,,,,,,,,,,,,,628158,2022-05-29 16:00:00,2022
Vålerenga,,,,,,,,,,,,,,,,,,,,,,,,,,,,,Rosenborg,,,,,,,,,,,,,,,,,,,,,,,,,,,,,628153,2022-05-29 18:00:00,2022
Sarpsborg FK,,,,,,,,,,,,,,,,,,,,,,,,,,,,,Stromsgodset,,,,,,,,,,,,,,,,,,,,,,,,,,,,,628152,2022-06-18 14:00:00,2022
Kristiansund BK,,,,,,,,,,,,,,,,,,,,,,,,,,,,,Bodo/Glimt,,,,,,,,,,,,,,,,,,,,,,,,,,,,,628151,2022-06-18 16:00:00,2022
Viking FK,,,,,,,,,,,,,,,,,,,,,,,,,,,,,Sandefjord,,,,,,,,,,,,,,,,,,,,,,,,,,,,,628150,2022-06-19 16:00:00,2022
Odds BK,,,,,,,,,,,,,,,,,,,,,,,,,,,,,Molde,,,,,,,,,,,,,,,,,,,,,,,,,,,,,628148,2022-06-19 16:00:00,2022
FK Jerv,,,,,,,,,,,,,,,,,,,,,,,,,,,,,Hamarkameratene,,,,,,,,,,,,,,,,,,,,,,,,,,,,,628146,2022-06-19 16:00:00,2022
Lillestrom,,,,,,,,,,,,,,,,,,,,,,,,,,,,,Rosenborg,,,,,,,,,,,,,,,,,,,,,,,,,,,,,628149,2022-06-19 16:00:00,2022
Tromso,,,,,,,,,,,,,,,,,,,,,,,,,,,,,Haugesund,,,,,,,,,,,,,,,,,,,,,,,,,,,,,628147,2022-06-19 16:00:00,2022
Aalesund,,,,,,,,,,,,,,,,,,,,,,,,,,,,,Vålerenga,,,,,,,,,,,,,,,,,,,,,,,,,,,,,628145,2022-06-19 18:00:00,2022
Haugesund,,,,,,,,,,,,,,,,,,,,,,,,,,,,,Viking FK,,,,,,,,,,,,,,,,,,,,,,,,,,,,,628144,2022-06-25 14:00:00,2022
Rosenborg,,,,,,,,,,,,,,,,,,,,,,,,,,,,,Kristiansund BK,,,,,,,,,,,,,,,,,,,,,,,,,,,,,628143,2022-06-25 16:00:00,2022
Stromsgodset,,,,,,,,,,,,,,,,,,,,,,,,,,,,,Lillestrom,,,,,,,,,,,,,,,,,,,,,,,,,,,,,628140,2022-06-26 16:00:00,2022
Hamarkameratene,,,,,,,,,,,,,,,,,,,,,,,,,,,,,Sarpsborg FK,,,,,,,,,,,,,,,,,,,,,,,,,,,,,628141,2022-06-26 16:00:00,2022
Sandefjord,,,,,,,,,,,,,,,,,,,,,,,,,,,,,Tromso,,,,,,,,,,,,,,,,,,,,,,,,,,,,,628142,2022-06-26 16:00:00,2022
Bodo/Glimt,,,,,,,,,,,,,,,,,,,,,,,,,,,,,Aalesund,,,,,,,,,,,,,,,,,,,,,,,,,,,,,628138,2022-06-26 16:00:00,2022
Vålerenga,,,,,,,,,,,,,,,,,,,,,,,,,,,,,Odds BK,,,,,,,,,,,,,,,,,,,,,,,,,,,,,628137,2022-06-26 18:00:00,2022
FK Jerv,,,,,,,,,,,,,,,,,,,,,,,,,,,,,Haugesund,,,,,,,,,,,,,,,,,,,,,,,,,,,,,628136,2022-07-02 14:00:00,2022
Odds BK,,,,,,,,,,,,,,,,,,,,,,,,,,,,,Bodo/Glimt,,,,,,,,,,,,,,,,,,,,,,,,,,,,,628135,2022-07-02 16:00:00,2022
Kristiansund BK,,,,,,,,,,,,,,,,,,,,,,,,,,,,,Lillestrom,,,,,,,,,,,,,,,,,,,,,,,,,,,,,628130,2022-07-03 16:00:00,2022
Hamarkameratene,,,,,,,,,,,,,,,,,,,,,,,,,,,,,Molde,,,,,,,,,,,,,,,,,,,,,,,,,,,,,628131,2022-07-03 16:00:00,2022
Aalesund,,,,,,,,,,,,,,,,,,,,,,,,,,,,,Stromsgodset,,,,,,,,,,,,,,,,,,,,,,,,,,,,,628133,2022-07-03 16:00:00,2022
Sarpsborg FK,,,,,,,,,,,,,,,,,,,,,,,,,,,,,Sandefjord,,,,,,,,,,,,,,,,,,,,,,,,,,,,,628132,2022-07-03 16:00:00,2022
Viking FK,,,,,,,,,,,,,,,,,,,,,,,,,,,,,Rosenborg,,,,,,,,,,,,,,,,,,,,,,,,,,,,,628129,2022-07-03 18:00:00,2022
Molde,,,,,,,,,,,,,,,,,,,,,,,,,,,,,FK Jerv,,,,,,,,,,,,,,,,,,,,,,,,,,,,,628139,2022-07-06 17:00:00,2022
Bodo/Glimt,,,,,,,,,,,,,,,,,,,,,,,,,,,,,Sarpsborg FK,,,,,,,,,,,,,,,,,,,,,,,,,,,,,628128,2022-07-09 14:00:00,2022
Stromsgodset,,,,,,,,,,,,,,,,,,,,,,,,,,,,,Odds BK,,,,,,,,,,,,,,,,,,,,,,,,,,,,,628125,2022-07-09 16:00:00,2022
Lillestrom,,,,,,,,,,,,,,,,,,,,,,,,,,,,,Viking FK,,,,,,,,,,,,,,,,,,,,,,,,,,,,,628127,2022-07-10 16:00:00,2022
Rosenborg,,,,,,,,,,,,,,,,,,,,,,,,,,,,,FK Jerv,,,,,,,,,,,,,,,,,,,,,,,,,,,,,628123,2022-07-10 16:00:00,2022
Molde,,,,,,,,,,,,,,,,,,,,,,,,,,,,,Tromso,,,,,,,,,,,,,,,,,,,,,,,,,,,,,628126,2022-07-10 16:00:00,2022
Vålerenga,,,,,,,,,,,,,,,,,,,,,,,,,,,,,Kristiansund BK,,,,,,,,,,,,,,,,,,,,,,,,,,,,,628124,2022-07-10 16:00:00,2022
Haugesund,,,,,,,,,,,,,,,,,,,,,,,,,,,,,Hamarkameratene,,,,,,,,,,,,,,,,,,,,,,,,,,,,,628121,2022-07-10 18:00:00,2022
Sandefjord,,,,,,,,,,,,,,,,,,,,,,,,,,,,,Aalesund,,,,,,,,,,,,,,,,,,,,,,,,,,,,,628122,2022-07-12 18:00:00,2022
FK Jerv,,,,,,,,,,,,,,,,,,,,,,,,,,,,,Sandefjord,,,,,,,,,,,,,,,,,,,,,,,,,,,,,628120,2022-07-16 14:00:00,2022
Hamarkameratene,,,,,,,,,,,,,,,,,,,,,,,,,,,,,Bodo/Glimt,,,,,,,,,,,,,,,,,,,,,,,,,,,,,628119,2022-07-16 16:00:00,2022
Odds BK,,,,,,,,,,,,,,,,,,,,,,,,,,,,,Lillestrom,,,,,,,,,,,,,,,,,,,,,,,,,,,,,628116,2022-07-17 16:00:00,2022
Sarpsborg FK,,,,,,,,,,,,,,,,,,,,,,,,,,,,,Vålerenga,,,,,,,,,,,,,,,,,,,,,,,,,,,,,628118,2022-07-17 16:00:00,2022
Molde,,,,,,,,,,,,,,,,,,,,,,,,,,,,,Haugesund,,,,,,,,,,,,,,,,,,,,,,,,,,,,,628114,2022-07-17 16:00:00,2022
Viking FK,,,,,,,,,,,,,,,,,,,,,,,,,,,,,Kristiansund BK,,,,,,,,,,,,,,,,,,,,,,,,,,,,,628115,2022-07-17 16:00:00,2022
Aalesund,,,,,,,,,,,,,,,,,,,,,,,,,,,,,Rosenborg,,,,,,,,,,,,,,,,,,,,,,,,,,,,,628113,2022-07-17 18:00:00,2022
Bodo/Glimt,,,,,,,,,,,,,,,,,,,,,,,,,,,,,FK Jerv,,,,,,,,,,,,,,,,,,,,,,,,,,,,,628112,2022-07-23 14:00:00,2022
Rosenborg,,,,,,,,,,,,,,,,,,,,,,,,,,,,,Tromso,,,,,,,,,,,,,,,,,,,,,,,,,,,,,628110,2022-07-23 16:00:00,2022
Kristiansund BK,,,,,,,,,,,,,,,,,,,,,,,,,,,,,Odds BK,,,,,,,,,,,,,,,,,,,,,,,,,,,,,628108,2022-07-24 16:00:00,2022
Sandefjord,,,,,,,,,,,,,,,,,,,,,,,,,,,,,Molde,,,,,,,,,,,,,,,,,,,,,,,,,,,,,628107,2022-07-24 16:00:00,2022
Haugesund,,,,,,,,,,,,,,,,,,,,,,,,,,,,,Sarpsborg FK,,,,,,,,,,,,,,,,,,,,,,,,,,,,,628109,2022-07-24 16:00:00,2022
Vålerenga,,,,,,,,,,,,,,,,,,,,,,,,,,,,,Viking FK,,,,,,,,,,,,,,,,,,,,,,,,,,,,,628111,2022-07-24 16:00:00,2022
Stromsgodset,,,,,,,,,,,,,,,,,,,,,,,,,,,,,Hamarkameratene,,,,,,,,,,,,,,,,,,,,,,,,,,,,,628106,2022-07-24 18:00:00,2022
Sandefjord,,,,,,,,,,,,,,,,,,,,,,,,,,,,,Kristiansund BK,,,,,,,,,,,,,,,,,,,,,,,,,,,,,628156,2022-07-27 17:00:00,2022
Aalesund,,,,,,,,,,,,,,,,,,,,,,,,,,,,,Bodo/Glimt,,,,,,,,,,,,,,,,,,,,,,,,,,,,,628104,2022-07-30 14:00:00,2022
Tromso,,,,,,,,,,,,,,,,,,,,,,,,,,,,,Sandefjord,,,,,,,,,,,,,,,,,,,,,,,,,,,,,628101,2022-07-30 16:00:00,2022
Hamarkameratene,,,,,,,,,,,,,,,,,,,,,,,,,,,,,Kristiansund BK,,,,,,,,,,,,,,,,,,,,,,,,,,,,,628098,2022-07-30 16:00:00,2022
Odds BK,,,,,,,,,,,,,,,,,,,,,,,,,,,,,Rosenborg,,,,,,,,,,,,,,,,,,,,,,,,,,,,,628100,2022-07-30 16:00:00,2022
FK Jerv,,,,,,,,,,,,,,,,,,,,,,,,,,,,,Vålerenga,,,,,,,,,,,,,,,,,,,,,,,,,,,,,628103,2022-07-30 18:00:00,2022
Molde,,,,,,,,,,,,,,,,,,,,,,,,,,,,,Stromsgodset,,,,,,,,,,,,,,,,,,,,,,,,,,,,,628102,2022-07-31 13:30:00,2022
Sarpsborg FK,,,,,,,,,,,,,,,,,,,,,,,,,,,,,Lillestrom,,,,,,,,,,,,,,,,,,,,,,,,,,,,,628099,2022-07-31 13:30:00,2022
Kristiansund BK,,,,,,,,,,,,,,,,,,,,,,,,,,,,,Tromso,,,,,,,,,,,,,,,,,,,,,,,,,,,,,628168,2022-08-03 16:00:00,2022
Bodo/Glimt,,,,,,,,,,,,,,,,,,,,,,,,,,,,,Odds BK,,,,,,,,,,,,,,,,,,,,,,,,,,,,,628096,2022-08-06 14:00:00,2022
Rosenborg,,,,,,,,,,,,,,,,,,,,,,,,,,,,,Hamarkameratene,,,,,,,,,,,,,,,,,,,,,,,,,,,,,628091,2022-08-06 16:00:00,2022
Kristiansund BK,,,,,,,,,,,,,,,,,,,,,,,,,,,,,Molde,,,,,,,,,,,,,,,,,,,,,,,,,,,,,628092,2022-08-07 16:00:00,2022
Lillestrom,,,,,,,,,,,,,,,,,,,,,,,,,,,,,Tromso,,,,,,,,,,,,,,,,,,,,,,,,,,,,,628094,2022-08-07 16:00:00,2022
Stromsgodset,,,,,,,,,,,,,,,,,,,,,,,,,,,,,Sarpsborg FK,,,,,,,,,,,,,,,,,,,,,,,,,,,,,628093,2022-08-07 16:00:00,2022
Sandefjord,,,,,,,,,,,,,,,,,,,,,,,,,,,,,Viking FK,,,,,,,,,,,,,,,,,,,,,,,,,,,,,628095,2022-08-07 16:00:00,2022
Haugesund,,,,,,,,,,,,,,,,,,,,,,,,,,,,,FK Jerv,,,,,,,,,,,,,,,,,,,,,,,,,,,,,628090,2022-08-07 16:00:00,2022
Vålerenga,,,,,,,,,,,,,,,,,,,,,,,,,,,,,Aalesund,,,,,,,,,,,,,,,,,,,,,,,,,,,,,628089,2022-08-07 18:00:00,2022
Sarpsborg FK,,,,,,,,,,,,,,,,,,,,,,,,,,,,,Bodo/Glimt,,,,,,,,,,,,,,,,,,,,,,,,,,,,,628081,2022-08-12 17:00:00,2022
Sandefjord,,,,,,,,,,,,,,,,,,,,,,,,,,,,,Rosenborg,,,,,,,,,,,,,,,,,,,,,,,,,,,,,628086,2022-08-12 17:00:00,2022
Aalesund,,,,,,,,,,,,,,,,,,,,,,,,,,,,,Haugesund,,,,,,,,,,,,,,,,,,,,,,,,,,,,,628082,2022-08-13 14:00:00,2022
Tromso,,,,,,,,,,,,,,,,,,,,,,,,,,,,,Kristiansund BK,,,,,,,,,,,,,,,,,,,,,,,,,,,,,628083,2022-08-14 16:00:00,2022
FK Jerv,,,,,,,,,,,,,,,,,,,,,,,,,,,,,Lillestrom,,,,,,,,,,,,,,,,,,,,,,,,,,,,,628084,2022-08-14 16:00:00,2022
Hamarkameratene,,,,,,,,,,,,,,,,,,,,,,,,,,,,,Vålerenga,,,,,,,,,,,,,,,,,,,,,,,,,,,,,628088,2022-08-14 18:00:00,2022
Odds BK,,,,,,,,,,,,,,,,,,,,,,,,,,,,,Sarpsborg FK,,,,,,,,,,,,,,,,,,,,,,,,,,,,,628078,2022-08-20 16:00:00,2022
Bodo/Glimt,,,,,,,,,,,,,,,,,,,,,,,,,,,,,Hamarkameratene,,,,,,,,,,,,,,,,,,,,,,,,,,,,,628075,2022-08-20 16:00:00,2022
Vålerenga,,,,,,,,,,,,,,,,,,,,,,,,,,,,,Tromso,,,,,,,,,,,,,,,,,,,,,,,,,,,,,628079,2022-08-21 16:00:00,2022
Haugesund,,,,,,,,,,,,,,,,,,,,,,,,,,,,,Molde,,,,,,,,,,,,,,,,,,,,,,,,,,,,,628076,2022-08-21 16:00:00,2022
Lillestrom,,,,,,,,,,,,,,,,,,,,,,,,,,,,,Sandefjord,,,,,,,,,,,,,,,,,,,,,,,,,,,,,628077,2022-08-21 16:00:00,2022
Stromsgodset,,,,,,,,,,,,,,,,,,,,,,,,,,,,,FK Jerv,,,,,,,,,,,,,,,,,,,,,,,,,,,,,628074,2022-08-21 16:00:00,2022
Rosenborg,,,,,,,,,,,,,,,,,,,,,,,,,,,,,Aalesund,,,,,,,,,,,,,,,,,,,,,,,,,,,,,628073,2022-08-21 18:00:00,2022
Sandefjord,,,,,,,,,,,,,,,,,,,,,,,,,,,,,Stromsgodset,,,,,,,,,,,,,,,,,,,,,,,,,,,,,628071,2022-08-27 16:00:00,2022
FK Jerv,,,,,,,,,,,,,,,,,,,,,,,,,,,,,Bodo/Glimt,,,,,,,,,,,,,,,,,,,,,,,,,,,,,628065,2022-08-27 16:00:00,2022
Hamarkameratene,,,,,,,,,,,,,,,,,,,,,,,,,,,,,Haugesund,,,,,,,,,,,,,,,,,,,,,,,,,,,,,628066,2022-08-28 16:00:00,2022
Lillestrom,,,,,,,,,,,,,,,,,,,,,,,,,,,,,Kristiansund BK,,,,,,,,,,,,,,,,,,,,,,,,,,,,,628067,2022-08-28 16:00:00,2022
Molde,,,,,,,,,,,,,,,,,,,,,,,,,,,,,Sarpsborg FK,,,,,,,,,,,,,,,,,,,,,,,,,,,,,628070,2022-08-28 16:00:00,2022
Viking FK,,,,,,,,,,,,,,,,,,,,,,,,,,,,,Vålerenga,,,,,,,,,,,,,,,,,,,,,,,,,,,,,628072,2022-08-28 16:00:00,2022
Aalesund,,,,,,,,,,,,,,,,,,,,,,,,,,,,,Odds BK,,,,,,,,,,,,,,,,,,,,,,,,,,,,,628068,2022-08-28 16:00:00,2022
Tromso,,,,,,,,,,,,,,,,,,,,,,,,,,,,,Rosenborg,,,,,,,,,,,,,,,,,,,,,,,,,,,,,628069,2022-08-28 18:00:00,2022
Tromso,,,,,,,,,,,,,,,,,,,,,,,,,,,,,Stromsgodset,,,,,,,,,,,,,,,,,,,,,,,,,,,,,628117,2022-08-31 17:00:00,2022
Kristiansund BK,,,,,,,,,,,,,,,,,,,,,,,,,,,,,Viking FK,,,,,,,,,,,,,,,,,,,,,,,,,,,,,628080,2022-08-31 17:00:00,2022
Bodo/Glimt,,,,,,,,,,,,,,,,,,,,,,,,,,,,,Molde,,,,,,,,,,,,,,,,,,,,,,,,,,,,,628061,2022-09-03 16:00:00,2022
Haugesund,,,,,,,,,,,,,,,,,,,,,,,,,,,,,Tromso,,,,,,,,,,,,,,,,,,,,,,,,,,,,,628063,2022-09-04 16:00:00,2022
Odds BK,,,,,,,,,,,,,,,,,,,,,,,,,,,,,FK Jerv,,,,,,,,,,,,,,,,,,,,,,,,,,,,,628058,2022-09-04 16:00:00,2022
Sarpsborg FK,,,,,,,,,,,,,,,,,,,,,,,,,,,,,Hamarkameratene,,,,,,,,,,,,,,,,,,,,,,,,,,,,,628059,2022-09-04 16:00:00,2022
Stromsgodset,,,,,,,,,,,,,,,,,,,,,,,,,,,,,Aalesund,,,,,,,,,,,,,,,,,,,,,,,,,,,,,628057,2022-09-04 16:00:00,2022
Rosenborg,,,,,,,,,,,,,,,,,,,,,,,,,,,,,Viking FK,,,,,,,,,,,,,,,,,,,,,,,,,,,,,628064,2022-09-04 16:00:00,2022
Kristiansund BK,,,,,,,,,,,,,,,,,,,,,,,,,,,,,Sandefjord,,,,,,,,,,,,,,,,,,,,,,,,,,,,,628062,2022-09-04 16:00:00,2022
Vålerenga,,,,,,,,,,,,,,,,,,,,,,,,,,,,,Lillestrom,,,,,,,,,,,,,,,,,,,,,,,,,,,,,628060,2022-09-04 18:00:00,2022
Sandefjord,,,,,,,,,,,,,,,,,,,,,,,,,,,,,Odds BK,,,,,,,,,,,,,,,,,,,,,,,,,,,,,628051,2022-09-10 14:00:00,2022
Lillestrom,,,,,,,,,,,,,,,,,,,,,,,,,,,,,Stromsgodset,,,,,,,,,,,,,,,,,,,,,,,,,,,,,628054,2022-09-10 16:00:00,2022
Kristiansund BK,,,,,,,,,,,,,,,,,,,,,,,,,,,,,Vålerenga,,,,,,,,,,,,,,,,,,,,,,,,,,,,,628056,2022-09-11 16:00:00,2022
Tromso,,,,,,,,,,,,,,,,,,,,,,,,,,,,,Bodo/Glimt,,,,,,,,,,,,,,,,,,,,,,,,,,,,,628049,2022-09-11 16:00:00,2022
Hamarkameratene,,,,,,,,,,,,,,,,,,,,,,,,,,,,,Viking FK,,,,,,,,,,,,,,,,,,,,,,,,,,,,,628055,2022-09-11 16:00:00,2022
FK Jerv,,,,,,,,,,,,,,,,,,,,,,,,,,,,,Molde,,,,,,,,,,,,,,,,,,,,,,,,,,,,,628050,2022-09-11 16:00:00,2022
Aalesund,,,,,,,,,,,,,,,,,,,,,,,,,,,,,Sarpsborg FK,,,,,,,,,,,,,,,,,,,,,,,,,,,,,628053,2022-09-11 16:00:00,2022
Haugesund,,,,,,,,,,,,,,,,,,,,,,,,,,,,,Rosenborg,,,,,,,,,,,,,,,,,,,,,,,,,,,,,628052,2022-09-11 18:00:00,2022
Odds BK,,,,,,,,,,,,,,,,,,,,,,,,,,,,,Hamarkameratene,,,,,,,,,,,,,,,,,,,,,,,,,,,,,628043,2022-09-17 16:00:00,2022
Rosenborg,,,,,,,,,,,,,,,,,,,,,,,,,,,,,Lillestrom,,,,,,,,,,,,,,,,,,,,,,,,,,,,,628046,2022-09-18 16:00:00,2022
Stromsgodset,,,,,,,,,,,,,,,,,,,,,,,,,,,,,Kristiansund BK,,,,,,,,,,,,,,,,,,,,,,,,,,,,,628045,2022-09-18 16:00:00,2022
Vålerenga,,,,,,,,,,,,,,,,,,,,,,,,,,,,,Sandefjord,,,,,,,,,,,,,,,,,,,,,,,,,,,,,628047,2022-09-18 16:00:00,2022
Sarpsborg FK,,,,,,,,,,,,,,,,,,,,,,,,,,,,,FK Jerv,,,,,,,,,,,,,,,,,,,,,,,,,,,,,628042,2022-09-18 16:00:00,2022
Bodo/Glimt,,,,,,,,,,,,,,,,,,,,,,,,,,,,,Haugesund,,,,,,,,,,,,,,,,,,,,,,,,,,,,,628044,2022-09-18 16:00:00,2022
Viking FK,,,,,,,,,,,,,,,,,,,,,,,,,,,,,Tromso,,,,,,,,,,,,,,,,,,,,,,,,,,,,,628048,2022-09-18 16:00:00,2022
Molde,,,,,,,,,,,,,,,,,,,,,,,,,,,,,Aalesund,,,,,,,,,,,,,,,,,,,,,,,,,,,,,628041,2022-09-18 18:00:00,2022
Tromso,,,,,,,,,,,,,,,,,,,,,,,,,,,,,Molde,,,,,,,,,,,,,,,,,,,,,,,,,,,,,628035,2022-10-01 14:00:00,2022
Vålerenga,,,,,,,,,,,,,,,,,,,,,,,,,,,,,Stromsgodset,,,,,,,,,,,,,,,,,,,,,,,,,,,,,628039,2022-10-01 16:00:00,2022
Lillestrom,,,,,,,,,,,,,,,,,,,,,,,,,,,,,Bodo/Glimt,,,,,,,,,,,,,,,,,,,,,,,,,,,,,628033,2022-10-01 16:00:00,2022
Hamarkameratene,,,,,,,,,,,,,,,,,,,,,,,,,,,,,FK Jerv,,,,,,,,,,,,,,,,,,,,,,,,,,,,,628034,2022-10-02 15:00:00,2022
Haugesund,,,,,,,,,,,,,,,,,,,,,,,,,,,,,Odds BK,,,,,,,,,,,,,,,,,,,,,,,,,,,,,628036,2022-10-02 15:00:00,2022
Sandefjord,,,,,,,,,,,,,,,,,,,,,,,,,,,,,Sarpsborg FK,,,,,,,,,,,,,,,,,,,,,,,,,,,,,628038,2022-10-02 15:00:00,2022
Aalesund,,,,,,,,,,,,,,,,,,,,,,,,,,,,,Viking FK,,,,,,,,,,,,,,,,,,,,,,,,,,,,,628040,2022-10-02 15:00:00,2022
Kristiansund BK,,,,,,,,,,,,,,,,,,,,,,,,,,,,,Rosenborg,,,,,,,,,,,,,,,,,,,,,,,,,,,,,628037,2022-10-02 17:00:00,2022
Sarpsborg FK,,,,,,,,,,,,,,,,,,,,,,,,,,,,,Haugesund,,,,,,,,,,,,,,,,,,,,,,,,,,,,,628027,2022-10-08 16:00:00,2022
Molde,,,,,,,,,,,,,,,,,,,,,,,,,,,,,Hamarkameratene,,,,,,,,,,,,,,,,,,,,,,,,,,,,,628026,2022-10-09 15:00:00,2022
Odds BK,,,,,,,,,,,,,,,,,,,,,,,,,,,,,Kristiansund BK,,,,,,,,,,,,,,,,,,,,,,,,,,,,,628028,2022-10-09 15:00:00,2022
Viking FK,,,,,,,,,,,,,,,,,,,,,,,,,,,,,Lillestrom,,,,,,,,,,,,,,,,,,,,,,,,,,,,,628029,2022-10-09 15:00:00,2022
Bodo/Glimt,,,,,,,,,,,,,,,,,,,,,,,,,,,,,Sandefjord,,,,,,,,,,,,,,,,,,,,,,,,,,,,,628030,2022-10-09 15:00:00,2022
Stromsgodset,,,,,,,,,,,,,,,,,,,,,,,,,,,,,Tromso,,,,,,,,,,,,,,,,,,,,,,,,,,,,,628031,2022-10-09 15:00:00,2022
Rosenborg,,,,,,,,,,,,,,,,,,,,,,,,,,,,,Vålerenga,,,,,,,,,,,,,,,,,,,,,,,,,,,,,628032,2022-10-09 17:00:00,2022
Tromso,,,,,,,,,,,,,,,,,,,,,,,,,,,,,Odds BK,,,,,,,,,,,,,,,,,,,,,,,,,,,,,628022,2022-10-15 14:00:00,2022
Rosenborg,,,,,,,,,,,,,,,,,,,,,,,,,,,,,Stromsgodset,,,,,,,,,,,,,,,,,,,,,,,,,,,,,628024,2022-10-15 16:00:00,2022
Vålerenga,,,,,,,,,,,,,,,,,,,,,,,,,,,,,Bodo/Glimt,,,,,,,,,,,,,,,,,,,,,,,,,,,,,628017,2022-10-16 15:00:00,2022
Aalesund,,,,,,,,,,,,,,,,,,,,,,,,,,,,,Hamarkameratene,,,,,,,,,,,,,,,,,,,,,,,,,,,,,628019,2022-10-16 15:00:00,2022
Sandefjord,,,,,,,,,,,,,,,,,,,,,,,,,,,,,FK Jerv,,,,,,,,,,,,,,,,,,,,,,,,,,,,,628018,2022-10-16 15:00:00,2022
Viking FK,,,,,,,,,,,,,,,,,,,,,,,,,,,,,Sarpsborg FK,,,,,,,,,,,,,,,,,,,,,,,,,,,,,628023,2022-10-16 15:00:00,2022
Kristiansund BK,,,,,,,,,,,,,,,,,,,,,,,,,,,,,Haugesund,,,,,,,,,,,,,,,,,,,,,,,,,,,,,628020,2022-10-16 15:00:00,2022
Lillestrom,,,,,,,,,,,,,,,,,,,,,,,,,,,,,Molde,,,,,,,,,,,,,,,,,,,,,,,,,,,,,628021,2022-10-16 17:00:00,2022
FK Jerv,,,,,,,,,,,,,,,,,,,,,,,,,,,,,Aalesund,,,,,,,,,,,,,,,,,,,,,,,,,,,,,628025,2022-10-19 16:00:00,2022
Hamarkameratene,,,,,,,,,,,,,,,,,,,,,,,,,,,,,Stromsgodset,,,,,,,,,,,,,,,,,,,,,,,,,,,,,628013,2022-10-22 16:00:00,2022
Odds BK,,,,,,,,,,,,,,,,,,,,,,,,,,,,,Vålerenga,,,,,,,,,,,,,,,,,,,,,,,,,,,,,628016,2022-10-22 16:00:00,2022
Haugesund,,,,,,,,,,,,,,,,,,,,,,,,,,,,,Lillestrom,,,,,,,,,,,,,,,,,,,,,,,,,,,,,628010,2022-10-23 15:00:00,2022
Aalesund,,,,,,,,,,,,,,,,,,,,,,,,,,,,,Sandefjord,,,,,,,,,,,,,,,,,,,,,,,,,,,,,628012,2022-10-23 15:00:00,2022
Sarpsborg FK,,,,,,,,,,,,,,,,,,,,,,,,,,,,,Tromso,,,,,,,,,,,,,,,,,,,,,,,,,,,,,628014,2022-10-23 15:00:00,2022
FK Jerv,,,,,,,,,,,,,,,,,,,,,,,,,,,,,Viking FK,,,,,,,,,,,,,,,,,,,,,,,,,,,,,628015,2022-10-23 15:00:00,2022
Bodo/Glimt,,,,,,,,,,,,,,,,,,,,,,,,,,,,,Kristiansund BK,,,,,,,,,,,,,,,,,,,,,,,,,,,,,628009,2022-10-23 15:00:00,2022
Molde,,,,,,,,,,,,,,,,,,,,,,,,,,,,,Rosenborg,,,,,,,,,,,,,,,,,,,,,,,,,,,,,628011,2022-10-23 17:00:00,2022
Stromsgodset,,,,,,,,,,,,,,,,,,,,,,,,,,,,,Haugesund,,,,,,,,,,,,,,,,,,,,,,,,,,,,,628005,2022-10-29 16:00:00,2022
Vålerenga,,,,,,,,,,,,,,,,,,,,,,,,,,,,,Sarpsborg FK,,,,,,,,,,,,,,,,,,,,,,,,,,,,,628008,2022-10-29 16:00:00,2022
Sandefjord,,,,,,,,,,,,,,,,,,,,,,,,,,,,,Hamarkameratene,,,,,,,,,,,,,,,,,,,,,,,,,,,,,628004,2022-10-30 16:00:00,2022
Tromso,,,,,,,,,,,,,,,,,,,,,,,,,,,,,FK Jerv,,,,,,,,,,,,,,,,,,,,,,,,,,,,,628003,2022-10-30 16:00:00,2022
Lillestrom,,,,,,,,,,,,,,,,,,,,,,,,,,,,,Odds BK,,,,,,,,,,,,,,,,,,,,,,,,,,,,,628007,2022-10-30 16:00:00,2022
Kristiansund BK,,,,,,,,,,,,,,,,,,,,,,,,,,,,,Aalesund,,,,,,,,,,,,,,,,,,,,,,,,,,,,,628001,2022-10-30 16:00:00,2022
Rosenborg,,,,,,,,,,,,,,,,,,,,,,,,,,,,,Bodo/Glimt,,,,,,,,,,,,,,,,,,,,,,,,,,,,,628002,2022-10-30 16:00:00,2022
Viking FK,,,,,,,,,,,,,,,,,,,,,,,,,,,,,Molde,,,,,,,,,,,,,,,,,,,,,,,,,,,,,628006,2022-10-30 18:00:00,2022
Aalesund,,,,,,,,,,,,,,,,,,,,,,,,,,,,,Lillestrom,,,,,,,,,,,,,,,,,,,,,,,,,,,,,627994,2022-11-06 16:00:00,2022
Sarpsborg FK,,,,,,,,,,,,,,,,,,,,,,,,,,,,,Kristiansund BK,,,,,,,,,,,,,,,,,,,,,,,,,,,,,627993,2022-11-06 16:00:00,2022
Odds BK,,,,,,,,,,,,,,,,,,,,,,,,,,,,,Stromsgodset,,,,,,,,,,,,,,,,,,,,,,,,,,,,,627997,2022-11-06 16:00:00,2022
Bodo/Glimt,,,,,,,,,,,,,,,,,,,,,,,,,,,,,Viking FK,,,,,,,,,,,,,,,,,,,,,,,,,,,,,627999,2022-11-06 16:00:00,2022
Haugesund,,,,,,,,,,,,,,,,,,,,,,,,,,,,,Vålerenga,,,,,,,,,,,,,,,,,,,,,,,,,,,,,628000,2022-11-06 16:00:00,2022
Hamarkameratene,,,,,,,,,,,,,,,,,,,,,,,,,,,,,Tromso,,,,,,,,,,,,,,,,,,,,,,,,,,,,,627998,2022-11-06 16:00:00,2022
FK Jerv,,,,,,,,,,,,,,,,,,,,,,,,,,,,,Rosenborg,,,,,,,,,,,,,,,,,,,,,,,,,,,,,627995,2022-11-06 16:00:00,2022
Molde,,,,,,,,,,,,,,,,,,,,,,,,,,,,,Sandefjord,,,,,,,,,,,,,,,,,,,,,,,,,,,,,627996,2022-11-06 16:00:00,2022
Lillestrom,,,,,,,,,,,,,,,,,,,,,,,,,,,,,Hamarkameratene,,,,,,,,,,,,,,,,,,,,,,,,,,,,,627988,2022-11-13 16:00:00,2022
Rosenborg,,,,,,,,,,,,,,,,,,,,,,,,,,,,,Sarpsborg FK,,,,,,,,,,,,,,,,,,,,,,,,,,,,,627992,2022-11-13 16:00:00,2022
Vålerenga,,,,,,,,,,,,,,,,,,,,,,,,,,,,,Molde,,,,,,,,,,,,,,,,,,,,,,,,,,,,,627990,2022-11-13 16:00:00,2022
Tromso,,,,,,,,,,,,,,,,,,,,,,,,,,,,,Aalesund,,,,,,,,,,,,,,,,,,,,,,,,,,,,,627985,2022-11-13 16:00:00,2022
Sandefjord,,,,,,,,,,,,,,,,,,,,,,,,,,,,,Haugesund,,,,,,,,,,,,,,,,,,,,,,,,,,,,,627989,2022-11-13 16:00:00,2022
Stromsgodset,,,,,,,,,,,,,,,,,,,,,,,,,,,,,Bodo/Glimt,,,,,,,,,,,,,,,,,,,,,,,,,,,,,627986,2022-11-13 16:00:00,2022
Kristiansund BK,,,,,,,,,,,,,,,,,,,,,,,,,,,,,FK Jerv,,,,,,,,,,,,,,,,,,,,,,,,,,,,,627987,2022-11-13 16:00:00,2022
Viking FK,,,,,,,,,,,,,,,,,,,,,,,,,,,,,Odds BK,,,,,,,,,,,,,,,,,,,,,,,,,,,,,627991,2022-11-13 16:00:00,2022
Rosenborg,,,,,,,,,,,,,,,,,,,,,,,,,,,,,Viking FK,,,,,,,,,,,,,,,,,,,,,,,,,,,,,658840,2023-04-10 12:30:00,2023
Aalesund,,,,,,,,,,,,,,,,,,,,,,,,,,,,,Vålerenga,,,,,,,,,,,,,,,,,,,,,,,,,,,,,658841,2023-04-10 15:00:00,2023
Hamarkameratene,,,,,,,,,,,,,,,,,,,,,,,,,,,,,Sandefjord,,,,,,,,,,,,,,,,,,,,,,,,,,,,,658843,2023-04-10 15:00:00,2023
Sarpsborg FK,,,,,,,,,,,,,,,,,,,,,,,,,,,,,Bodo/Glimt,,,,,,,,,,,,,,,,,,,,,,,,,,,,,658845,2023-04-10 15:00:00,2023
Tromso,,,,,,,,,,,,,,,,,,,,,,,,,,,,,Molde,,,,,,,,,,,,,,,,,,,,,,,,,,,,,658842,2023-04-10 15:00:00,2023
Stabaek,,,,,,,,,,,,,,,,,,,,,,,,,,,,,Odds BK,,,,,,,,,,,,,,,,,,,,,,,,,,,,,658846,2023-04-10 15:00:00,2023
SK Brann,,,,,,,,,,,,,,,,,,,,,,,,,,,,,Haugesund,,,,,,,,,,,,,,,,,,,,,,,,,,,,,658847,2023-04-10 17:15:00,2023
Viking FK,,,,,,,,,,,,,,,,,,,,,,,,,,,,,Lillestrom,,,,,,,,,,,,,,,,,,,,,,,,,,,,,658848,2023-04-15 16:00:00,2023
Odds BK,,,,,,,,,,,,,,,,,,,,,,,,,,,,,SK Brann,,,,,,,,,,,,,,,,,,,,,,,,,,,,,658852,2023-04-16 15:00:00,2023
Stromsgodset,,,,,,,,,,,,,,,,,,,,,,,,,,,,,Aalesund,,,,,,,,,,,,,,,,,,,,,,,,,,,,,658854,2023-04-16 15:00:00,2023
Molde,,,,,,,,,,,,,,,,,,,,,,,,,,,,,Rosenborg,,,,,,,,,,,,,,,,,,,,,,,,,,,,,658851,2023-04-16 15:00:00,2023
Bodo/Glimt,,,,,,,,,,,,,,,,,,,,,,,,,,,,,Stabaek,,,,,,,,,,,,,,,,,,,,,,,,,,,,,658849,2023-04-16 15:00:00,2023
Haugesund,,,,,,,,,,,,,,,,,,,,,,,,,,,,,Hamarkameratene,,,,,,,,,,,,,,,,,,,,,,,,,,,,,658850,2023-04-16 15:00:00,2023
Sandefjord,,,,,,,,,,,,,,,,,,,,,,,,,,,,,Tromso,,,,,,,,,,,,,,,,,,,,,,,,,,,,,658853,2023-04-16 15:00:00,2023
Vålerenga,,,,,,,,,,,,,,,,,,,,,,,,,,,,,Sarpsborg FK,,,,,,,,,,,,,,,,,,,,,,,,,,,,,658855,2023-04-16 17:15:00,2023
Lillestrom,,,,,,,,,,,,,,,,,,,,,,,,,,,,,Stromsgodset,,,,,,,,,,,,,,,,,,,,,,,,,,,,,658844,2023-04-19 16:30:00,2023
SK Brann,,,,,,,,,,,,,,,,,,,,,,,,,,,,,Vålerenga,,,,,,,,,,,,,,,,,,,,,,,,,,,,,658856,2023-04-22 16:00:00,2023
Hamarkameratene,,,,,,,,,,,,,,,,,,,,,,,,,,,,,Stromsgodset,,,,,,,,,,,,,,,,,,,,,,,,,,,,,658862,2023-04-23 15:00:00,2023
Rosenborg,,,,,,,,,,,,,,,,,,,,,,,,,,,,,Sandefjord,,,,,,,,,,,,,,,,,,,,,,,,,,,,,658861,2023-04-23 15:00:00,2023
Stabaek,,,,,,,,,,,,,,,,,,,,,,,,,,,,,Haugesund,,,,,,,,,,,,,,,,,,,,,,,,,,,,,658859,2023-04-23 15:00:00,2023
Aalesund,,,,,,,,,,,,,,,,,,,,,,,,,,,,,Bodo/Glimt,,,,,,,,,,,,,,,,,,,,,,,,,,,,,658857,2023-04-23 15:00:00,2023
Tromso,,,,,,,,,,,,,,,,,,,,,,,,,,,,,Viking FK,,,,,,,,,,,,,,,,,,,,,,,,,,,,,658858,2023-04-23 15:00:00,2023
Sarpsborg FK,,,,,,,,,,,,,,,,,,,,,,,,,,,,,Odds BK,,,,,,,,,,,,,,,,,,,,,,,,,,,,,658860,2023-04-23 15:00:00,2023
Lillestrom,,,,,,,,,,,,,,,,,,,,,,,,,,,,,Molde,,,,,,,,,,,,,,,,,,,,,,,,,,,,,658863,2023-04-23 17:15:00,2023
Bodo/Glimt,,,,,,,,,,,,,,,,,,,,,,,,,,,,,SK Brann,,,,,,,,,,,,,,,,,,,,,,,,,,,,,658864,2023-04-29 16:00:00,2023
Sandefjord,,,,,,,,,,,,,,,,,,,,,,,,,,,,,Aalesund,,,,,,,,,,,,,,,,,,,,,,,,,,,,,658866,2023-04-30 15:00:00,2023
Molde,,,,,,,,,,,,,,,,,,,,,,,,,,,,,Stabaek,,,,,,,,,,,,,,,,,,,,,,,,,,,,,658867,2023-04-30 15:00:00,2023
Viking FK,,,,,,,,,,,,,,,,,,,,,,,,,,,,,Hamarkameratene,,,,,,,,,,,,,,,,,,,,,,,,,,,,,658869,2023-04-30 15:00:00,2023
Stromsgodset,,,,,,,,,,,,,,,,,,,,,,,,,,,,,Tromso,,,,,,,,,,,,,,,,,,,,,,,,,,,,,658865,2023-04-30 15:00:00,2023
Haugesund,,,,,,,,,,,,,,,,,,,,,,,,,,,,,Sarpsborg FK,,,,,,,,,,,,,,,,,,,,,,,,,,,,,658868,2023-04-30 15:00:00,2023
Odds BK,,,,,,,,,,,,,,,,,,,,,,,,,,,,,Rosenborg,,,,,,,,,,,,,,,,,,,,,,,,,,,,,658870,2023-04-30 17:15:00,2023
Vålerenga,,,,,,,,,,,,,,,,,,,,,,,,,,,,,Lillestrom,,,,,,,,,,,,,,,,,,,,,,,,,,,,,658871,2023-05-01 16:00:00,2023
Molde,,,,,,,,,,,,,,,,,,,,,,,,,,,,,Aalesund,,,,,,,,,,,,,,,,,,,,,,,,,,,,,658970,2023-05-03 16:00:00,2023
Bodo/Glimt,,,,,,,,,,,,,,,,,,,,,,,,,,,,,Odds BK,,,,,,,,,,,,,,,,,,,,,,,,,,,,,658977,2023-05-03 16:00:00,2023
Rosenborg,,,,,,,,,,,,,,,,,,,,,,,,,,,,,SK Brann,,,,,,,,,,,,,,,,,,,,,,,,,,,,,658979,2023-05-03 16:00:00,2023
Rosenborg,,,,,,,,,,,,,,,,,,,,,,,,,,,,,Vålerenga,,,,,,,,,,,,,,,,,,,,,,,,,,,,,658872,2023-05-06 16:00:00,2023
Hamarkameratene,,,,,,,,,,,,,,,,,,,,,,,,,,,,,Molde,,,,,,,,,,,,,,,,,,,,,,,,,,,,,658874,2023-05-07 15:00:00,2023
Stabaek,,,,,,,,,,,,,,,,,,,,,,,,,,,,,Sarpsborg FK,,,,,,,,,,,,,,,,,,,,,,,,,,,,,658876,2023-05-07 15:00:00,2023
Tromso,,,,,,,,,,,,,,,,,,,,,,,,,,,,,Odds BK,,,,,,,,,,,,,,,,,,,,,,,,,,,,,658877,2023-05-07 15:00:00,2023
Aalesund,,,,,,,,,,,,,,,,,,,,,,,,,,,,,Haugesund,,,,,,,,,,,,,,,,,,,,,,,,,,,,,658873,2023-05-07 15:00:00,2023
Viking FK,,,,,,,,,,,,,,,,,,,,,,,,,,,,,Stromsgodset,,,,,,,,,,,,,,,,,,,,,,,,,,,,,658875,2023-05-07 15:00:00,2023
Lillestrom,,,,,,,,,,,,,,,,,,,,,,,,,,,,,Bodo/Glimt,,,,,,,,,,,,,,,,,,,,,,,,,,,,,658878,2023-05-07 17:15:00,2023
SK Brann,,,,,,,,,,,,,,,,,,,,,,,,,,,,,Sandefjord,,,,,,,,,,,,,,,,,,,,,,,,,,,,,658879,2023-05-08 17:00:00,2023
Odds BK,,,,,,,,,,,,,,,,,,,,,,,,,,,,,Lillestrom,,,,,,,,,,,,,,,,,,,,,,,,,,,,,658880,2023-05-12 17:00:00,2023
Stabaek,,,,,,,,,,,,,,,,,,,,,,,,,,,,,Aalesund,,,,,,,,,,,,,,,,,,,,,,,,,,,,,658882,2023-05-13 15:00:00,2023
Sarpsborg FK,,,,,,,,,,,,,,,,,,,,,,,,,,,,,SK Brann,,,,,,,,,,,,,,,,,,,,,,,,,,,,,658883,2023-05-13 15:00:00,2023
Sandefjord,,,,,,,,,,,,,,,,,,,,,,,,,,,,,Viking FK,,,,,,,,,,,,,,,,,,,,,,,,,,,,,658884,2023-05-13 15:00:00,2023
Bodo/Glimt,,,,,,,,,,,,,,,,,,,,,,,,,,,,,Rosenborg,,,,,,,,,,,,,,,,,,,,,,,,,,,,,658881,2023-05-13 15:00:00,2023
Molde,,,,,,,,,,,,,,,,,,,,,,,,,,,,,Stromsgodset,,,,,,,,,,,,,,,,,,,,,,,,,,,,,658885,2023-05-13 15:00:00,2023
Hamarkameratene,,,,,,,,,,,,,,,,,,,,,,,,,,,,,Tromso,,,,,,,,,,,,,,,,,,,,,,,,,,,,,658886,2023-05-13 15:00:00,2023
Haugesund,,,,,,,,,,,,,,,,,,,,,,,,,,,,,Vålerenga,,,,,,,,,,,,,,,,,,,,,,,,,,,,,658887,2023-05-13 17:15:00,2023
Vålerenga,,,,,,,,,,,,,,,,,,,,,,,,,,,,,Hamarkameratene,,,,,,,,,,,,,,,,,,,,,,,,,,,,,658889,2023-05-16 16:00:00,2023
Viking FK,,,,,,,,,,,,,,,,,,,,,,,,,,,,,Odds BK,,,,,,,,,,,,,,,,,,,,,,,,,,,,,658895,2023-05-16 16:00:00,2023
Rosenborg,,,,,,,,,,,,,,,,,,,,,,,,,,,,,Haugesund,,,,,,,,,,,,,,,,,,,,,,,,,,,,,658892,2023-05-16 16:00:00,2023
SK Brann,,,,,,,,,,,,,,,,,,,,,,,,,,,,,Stabaek,,,,,,,,,,,,,,,,,,,,,,,,,,,,,658890,2023-05-16 16:00:00,2023
Tromso,,,,,,,,,,,,,,,,,,,,,,,,,,,,,Bodo/Glimt,,,,,,,,,,,,,,,,,,,,,,,,,,,,,658894,2023-05-16 16:00:00,2023
Lillestrom,,,,,,,,,,,,,,,,,,,,,,,,,,,,,Sarpsborg FK,,,,,,,,,,,,,,,,,,,,,,,,,,,,,658891,2023-05-16 16:00:00,2023
Aalesund,,,,,,,,,,,,,,,,,,,,,,,,,,,,,Molde,,,,,,,,,,,,,,,,,,,,,,,,,,,,,658888,2023-05-16 16:00:00,2023
Stromsgodset,,,,,,,,,,,,,,,,,,,,,,,,,,,,,Sandefjord,,,,,,,,,,,,,,,,,,,,,,,,,,,,,658893,2023-05-16 16:00:00,2023
SK Brann,,,,,,,,,,,,,,,,,,,,,,,,,,,,,Rosenborg,,,,,,,,,,,,,,,,,,,,,,,,,,,,,658899,2023-05-29 15:00:00,2023
Sarpsborg FK,,,,,,,,,,,,,,,,,,,,,,,,,,,,,Aalesund,,,,,,,,,,,,,,,,,,,,,,,,,,,,,658901,2023-05-29 15:00:00,2023
Haugesund,,,,,,,,,,,,,,,,,,,,,,,,,,,,,Tromso,,,,,,,,,,,,,,,,,,,,,,,,,,,,,658900,2023-05-29 15:00:00,2023
Molde,,,,,,,,,,,,,,,,,,,,,,,,,,,,,Sandefjord,,,,,,,,,,,,,,,,,,,,,,,,,,,,,658896,2023-05-29 15:00:00,2023
Stabaek,,,,,,,,,,,,,,,,,,,,,,,,,,,,,Vålerenga,,,,,,,,,,,,,,,,,,,,,,,,,,,,,658897,2023-05-29 15:00:00,2023
Bodo/Glimt,,,,,,,,,,,,,,,,,,,,,,,,,,,,,Viking FK,,,,,,,,,,,,,,,,,,,,,,,,,,,,,658898,2023-05-29 15:00:00,2023
Odds BK,,,,,,,,,,,,,,,,,,,,,,,,,,,,,Stromsgodset,,,,,,,,,,,,,,,,,,,,,,,,,,,,,658902,2023-05-29 15:00:00,2023
Hamarkameratene,,,,,,,,,,,,,,,,,,,,,,,,,,,,,Lillestrom,,,,,,,,,,,,,,,,,,,,,,,,,,,,,658903,2023-05-29 17:15:00,2023
Rosenborg,,,,,,,,,,,,,,,,,,,,,,,,,,,,,Hamarkameratene,,,,,,,,,,,,,,,,,,,,,,,,,,,,,658904,2023-06-04 15:00:00,2023
Sandefjord,,,,,,,,,,,,,,,,,,,,,,,,,,,,,Odds BK,,,,,,,,,,,,,,,,,,,,,,,,,,,,,658907,2023-06-04 15:00:00,2023
Vålerenga,,,,,,,,,,,,,,,,,,,,,,,,,,,,,Bodo/Glimt,,,,,,,,,,,,,,,,,,,,,,,,,,,,,658910,2023-06-04 15:00:00,2023
Aalesund,,,,,,,,,,,,,,,,,,,,,,,,,,,,,SK Brann,,,,,,,,,,,,,,,,,,,,,,,,,,,,,658905,2023-06-04 15:00:00,2023
Stromsgodset,,,,,,,,,,,,,,,,,,,,,,,,,,,,,Haugesund,,,,,,,,,,,,,,,,,,,,,,,,,,,,,658908,2023-06-04 15:00:00,2023
Lillestrom,,,,,,,,,,,,,,,,,,,,,,,,,,,,,Stabaek,,,,,,,,,,,,,,,,,,,,,,,,,,,,,658906,2023-06-04 15:00:00,2023
Tromso,,,,,,,,,,,,,,,,,,,,,,,,,,,,,Sarpsborg FK,,,,,,,,,,,,,,,,,,,,,,,,,,,,,658909,2023-06-04 15:00:00,2023
Viking FK,,,,,,,,,,,,,,,,,,,,,,,,,,,,,Molde,,,,,,,,,,,,,,,,,,,,,,,,,,,,,658911,2023-06-04 17:15:00,2023
Aalesund,,,,,,,,,,,,,,,,,,,,,,,,,,,,,Tromso,,,,,,,,,,,,,,,,,,,,,,,,,,,,,658913,2023-06-11 15:00:00,2023
Haugesund,,,,,,,,,,,,,,,,,,,,,,,,,,,,,Sandefjord,,,,,,,,,,,,,,,,,,,,,,,,,,,,,658912,2023-06-11 15:00:00,2023
Sarpsborg FK,,,,,,,,,,,,,,,,,,,,,,,,,,,,,Viking FK,,,,,,,,,,,,,,,,,,,,,,,,,,,,,658917,2023-06-11 15:00:00,2023
Stabaek,,,,,,,,,,,,,,,,,,,,,,,,,,,,,Rosenborg,,,,,,,,,,,,,,,,,,,,,,,,,,,,,658918,2023-06-11 15:00:00,2023
Vålerenga,,,,,,,,,,,,,,,,,,,,,,,,,,,,,Stromsgodset,,,,,,,,,,,,,,,,,,,,,,,,,,,,,658915,2023-06-11 15:00:00,2023
Odds BK,,,,,,,,,,,,,,,,,,,,,,,,,,,,,Molde,,,,,,,,,,,,,,,,,,,,,,,,,,,,,658916,2023-06-11 15:00:00,2023
Bodo/Glimt,,,,,,,,,,,,,,,,,,,,,,,,,,,,,Hamarkameratene,,,,,,,,,,,,,,,,,,,,,,,,,,,,,658914,2023-06-11 15:00:00,2023
SK Brann,,,,,,,,,,,,,,,,,,,,,,,,,,,,,Lillestrom,,,,,,,,,,,,,,,,,,,,,,,,,,,,,658919,2023-06-11 17:15:00,2023
Viking FK,,,,,,,,,,,,,,,,,,,,,,,,,,,,,SK Brann,,,,,,,,,,,,,,,,,,,,,,,,,,,,,658920,2023-06-24 16:00:00,2023
Molde,,,,,,,,,,,,,,,,,,,,,,,,,,,,,Haugesund,,,,,,,,,,,,,,,,,,,,,,,,,,,,,658925,2023-06-25 15:00:00,2023
Rosenborg,,,,,,,,,,,,,,,,,,,,,,,,,,,,,Sarpsborg FK,,,,,,,,,,,,,,,,,,,,,,,,,,,,,658926,2023-06-25 15:00:00,2023
Tromso,,,,,,,,,,,,,,,,,,,,,,,,,,,,,Stabaek,,,,,,,,,,,,,,,,,,,,,,,,,,,,,658924,2023-06-25 15:00:00,2023
Hamarkameratene,,,,,,,,,,,,,,,,,,,,,,,,,,,,,Odds BK,,,,,,,,,,,,,,,,,,,,,,,,,,,,,658921,2023-06-25 15:00:00,2023
Stromsgodset,,,,,,,,,,,,,,,,,,,,,,,,,,,,,Bodo/Glimt,,,,,,,,,,,,,,,,,,,,,,,,,,,,,658927,2023-06-25 17:15:00,2023
Vålerenga,,,,,,,,,,,,,,,,,,,,,,,,,,,,,Viking FK,,,,,,,,,,,,,,,,,,,,,,,,,,,,,658928,2023-07-01 16:00:00,2023
Haugesund,,,,,,,,,,,,,,,,,,,,,,,,,,,,,Odds BK,,,,,,,,,,,,,,,,,,,,,,,,,,,,,658930,2023-07-02 15:00:00,2023
Lillestrom,,,,,,,,,,,,,,,,,,,,,,,,,,,,,Tromso,,,,,,,,,,,,,,,,,,,,,,,,,,,,,658932,2023-07-02 15:00:00,2023
Sarpsborg FK,,,,,,,,,,,,,,,,,,,,,,,,,,,,,Sandefjord,,,,,,,,,,,,,,,,,,,,,,,,,,,,,658931,2023-07-02 15:00:00,2023
Aalesund,,,,,,,,,,,,,,,,,,,,,,,,,,,,,Rosenborg,,,,,,,,,,,,,,,,,,,,,,,,,,,,,658929,2023-07-02 15:00:00,2023
SK Brann,,,,,,,,,,,,,,,,,,,,,,,,,,,,,Hamarkameratene,,,,,,,,,,,,,,,,,,,,,,,,,,,,,658933,2023-07-02 15:00:00,2023
Bodo/Glimt,,,,,,,,,,,,,,,,,,,,,,,,,,,,,Molde,,,,,,,,,,,,,,,,,,,,,,,,,,,,,658934,2023-07-02 17:15:00,2023
Stabaek,,,,,,,,,,,,,,,,,,,,,,,,,,,,,Stromsgodset,,,,,,,,,,,,,,,,,,,,,,,,,,,,,658935,2023-07-03 17:00:00,2023
Hamarkameratene,,,,,,,,,,,,,,,,,,,,,,,,,,,,,Aalesund,,,,,,,,,,,,,,,,,,,,,,,,,,,,,658936,2023-07-07 17:00:00,2023
Viking FK,,,,,,,,,,,,,,,,,,,,,,,,,,,,,Haugesund,,,,,,,,,,,,,,,,,,,,,,,,,,,,,658937,2023-07-08 16:00:00,2023
Sandefjord,,,,,,,,,,,,,,,,,,,,,,,,,,,,,Stabaek,,,,,,,,,,,,,,,,,,,,,,,,,,,,,658940,2023-07-09 15:00:00,2023
Odds BK,,,,,,,,,,,,,,,,,,,,,,,,,,,,,Bodo/Glimt,,,,,,,,,,,,,,,,,,,,,,,,,,,,,658942,2023-07-09 15:00:00,2023
Stromsgodset,,,,,,,,,,,,,,,,,,,,,,,,,,,,,Sarpsborg FK,,,,,,,,,,,,,,,,,,,,,,,,,,,,,658939,2023-07-09 15:00:00,2023
Tromso,,,,,,,,,,,,,,,,,,,,,,,,,,,,,Vålerenga,,,,,,,,,,,,,,,,,,,,,,,,,,,,,658938,2023-07-09 15:00:00,2023
Rosenborg,,,,,,,,,,,,,,,,,,,,,,,,,,,,,Lillestrom,,,,,,,,,,,,,,,,,,,,,,,,,,,,,658941,2023-07-09 15:00:00,2023
Molde,,,,,,,,,,,,,,,,,,,,,,,,,,,,,SK Brann,,,,,,,,,,,,,,,,,,,,,,,,,,,,,658943,2023-07-09 17:15:00,2023
Vålerenga,,,,,,,,,,,,,,,,,,,,,,,,,,,,,Molde,,,,,,,,,,,,,,,,,,,,,,,,,,,,,658944,2023-07-15 16:00:00,2023
Lillestrom,,,,,,,,,,,,,,,,,,,,,,,,,,,,,Sandefjord,,,,,,,,,,,,,,,,,,,,,,,,,,,,,658950,2023-07-16 15:00:00,2023
Bodo/Glimt,,,,,,,,,,,,,,,,,,,,,,,,,,,,,Haugesund,,,,,,,,,,,,,,,,,,,,,,,,,,,,,658945,2023-07-16 15:00:00,2023
Aalesund,,,,,,,,,,,,,,,,,,,,,,,,,,,,,Odds BK,,,,,,,,,,,,,,,,,,,,,,,,,,,,,658946,2023-07-16 15:00:00,2023
Rosenborg,,,,,,,,,,,,,,,,,,,,,,,,,,,,,Tromso,,,,,,,,,,,,,,,,,,,,,,,,,,,,,658949,2023-07-16 15:00:00,2023
Stabaek,,,,,,,,,,,,,,,,,,,,,,,,,,,,,Viking FK,,,,,,,,,,,,,,,,,,,,,,,,,,,,,658947,2023-07-16 15:00:00,2023
Sarpsborg FK,,,,,,,,,,,,,,,,,,,,,,,,,,,,,Hamarkameratene,,,,,,,,,,,,,,,,,,,,,,,,,,,,,658948,2023-07-16 15:00:00,2023
SK Brann,,,,,,,,,,,,,,,,,,,,,,,,,,,,,Stromsgodset,,,,,,,,,,,,,,,,,,,,,,,,,,,,,658951,2023-07-16 17:15:00,2023
Lillestrom,,,,,,,,,,,,,,,,,,,,,,,,,,,,,Aalesund,,,,,,,,,,,,,,,,,,,,,,,,,,,,,658922,2023-07-19 16:00:00,2023
Molde,,,,,,,,,,,,,,,,,,,,,,,,,,,,,Sarpsborg FK,,,,,,,,,,,,,,,,,,,,,,,,,,,,,658952,2023-07-22 16:00:00,2023
Haugesund,,,,,,,,,,,,,,,,,,,,,,,,,,,,,Lillestrom,,,,,,,,,,,,,,,,,,,,,,,,,,,,,658954,2023-07-23 15:00:00,2023
Hamarkameratene,,,,,,,,,,,,,,,,,,,,,,,,,,,,,Stabaek,,,,,,,,,,,,,,,,,,,,,,,,,,,,,658953,2023-07-23 15:00:00,2023
Tromso,,,,,,,,,,,,,,,,,,,,,,,,,,,,,SK Brann,,,,,,,,,,,,,,,,,,,,,,,,,,,,,658955,2023-07-23 15:00:00,2023
Odds BK,,,,,,,,,,,,,,,,,,,,,,,,,,,,,Vålerenga,,,,,,,,,,,,,,,,,,,,,,,,,,,,,658957,2023-07-23 15:00:00,2023
Sandefjord,,,,,,,,,,,,,,,,,,,,,,,,,,,,,Bodo/Glimt,,,,,,,,,,,,,,,,,,,,,,,,,,,,,658956,2023-07-23 15:00:00,2023
Stromsgodset,,,,,,,,,,,,,,,,,,,,,,,,,,,,,Rosenborg,,,,,,,,,,,,,,,,,,,,,,,,,,,,,658958,2023-07-23 17:15:00,2023
Viking FK,,,,,,,,,,,,,,,,,,,,,,,,,,,,,Aalesund,,,,,,,,,,,,,,,,,,,,,,,,,,,,,658959,2023-07-24 17:00:00,2023
Vålerenga,,,,,,,,,,,,,,,,,,,,,,,,,,,,,Sandefjord,,,,,,,,,,,,,,,,,,,,,,,,,,,,,658967,2023-07-29 13:30:00,2023
Stabaek,,,,,,,,,,,,,,,,,,,,,,,,,,,,,Molde,,,,,,,,,,,,,,,,,,,,,,,,,,,,,658966,2023-07-29 16:00:00,2023
Sarpsborg FK,,,,,,,,,,,,,,,,,,,,,,,,,,,,,Haugesund,,,,,,,,,,,,,,,,,,,,,,,,,,,,,658965,2023-07-30 15:00:00,2023
Rosenborg,,,,,,,,,,,,,,,,,,,,,,,,,,,,,Odds BK,,,,,,,,,,,,,,,,,,,,,,,,,,,,,658964,2023-07-30 15:00:00,2023
Aalesund,,,,,,,,,,,,,,,,,,,,,,,,,,,,,Stromsgodset,,,,,,,,,,,,,,,,,,,,,,,,,,,,,658960,2023-07-30 15:00:00,2023
Lillestrom,,,,,,,,,,,,,,,,,,,,,,,,,,,,,Hamarkameratene,,,,,,,,,,,,,,,,,,,,,,,,,,,,,658963,2023-07-30 15:00:00,2023
SK Brann,,,,,,,,,,,,,,,,,,,,,,,,,,,,,Viking FK,,,,,,,,,,,,,,,,,,,,,,,,,,,,,658962,2023-07-30 15:00:00,2023
Bodo/Glimt,,,,,,,,,,,,,,,,,,,,,,,,,,,,,Tromso,,,,,,,,,,,,,,,,,,,,,,,,,,,,,658961,2023-07-30 17:15:00,2023
Stromsgodset,,,,,,,,,,,,,,,,,,,,,,,,,,,,,Vålerenga,,,,,,,,,,,,,,,,,,,,,,,,,,,,,658973,2023-08-05 16:00:00,2023
Tromso,,,,,,,,,,,,,,,,,,,,,,,,,,,,,Lillestrom,,,,,,,,,,,,,,,,,,,,,,,,,,,,,658974,2023-08-06 15:00:00,2023
Hamarkameratene,,,,,,,,,,,,,,,,,,,,,,,,,,,,,SK Brann,,,,,,,,,,,,,,,,,,,,,,,,,,,,,658969,2023-08-06 15:00:00,2023
Haugesund,,,,,,,,,,,,,,,,,,,,,,,,,,,,,Rosenborg,,,,,,,,,,,,,,,,,,,,,,,,,,,,,658968,2023-08-06 15:00:00,2023
Sandefjord,,,,,,,,,,,,,,,,,,,,,,,,,,,,,Sarpsborg FK,,,,,,,,,,,,,,,,,,,,,,,,,,,,,658972,2023-08-06 15:00:00,2023
Odds BK,,,,,,,,,,,,,,,,,,,,,,,,,,,,,Stabaek,,,,,,,,,,,,,,,,,,,,,,,,,,,,,658971,2023-08-06 15:00:00,2023
Viking FK,,,,,,,,,,,,,,,,,,,,,,,,,,,,,Bodo/Glimt,,,,,,,,,,,,,,,,,,,,,,,,,,,,,658975,2023-08-06 17:15:00,2023
Sandefjord,,,,,,,,,,,,,,,,,,,,,,,,,,,,,Molde,,,,,,,,,,,,,,,,,,,,,,,,,,,,,658980,2023-08-12 14:00:00,2023
Sarpsborg FK,,,,,,,,,,,,,,,,,,,,,,,,,,,,,Stromsgodset,,,,,,,,,,,,,,,,,,,,,,,,,,,,,658981,2023-08-12 16:00:00,2023
Aalesund,,,,,,,,,,,,,,,,,,,,,,,,,,,,,Hamarkameratene,,,,,,,,,,,,,,,,,,,,,,,,,,,,,658976,2023-08-13 15:00:00,2023
Lillestrom,,,,,,,,,,,,,,,,,,,,,,,,,,,,,Viking FK,,,,,,,,,,,,,,,,,,,,,,,,,,,,,658978,2023-08-13 15:00:00,2023
Vålerenga,,,,,,,,,,,,,,,,,,,,,,,,,,,,,Haugesund,,,,,,,,,,,,,,,,,,,,,,,,,,,,,658983,2023-08-13 17:15:00,2023
Odds BK,,,,,,,,,,,,,,,,,,,,,,,,,,,,,Sarpsborg FK,,,,,,,,,,,,,,,,,,,,,,,,,,,,,658988,2023-08-19 16:00:00,2023
Molde,,,,,,,,,,,,,,,,,,,,,,,,,,,,,Vålerenga,,,,,,,,,,,,,,,,,,,,,,,,,,,,,658987,2023-08-19 16:00:00,2023
SK Brann,,,,,,,,,,,,,,,,,,,,,,,,,,,,,Aalesund,,,,,,,,,,,,,,,,,,,,,,,,,,,,,658984,2023-08-20 15:00:00,2023
Viking FK,,,,,,,,,,,,,,,,,,,,,,,,,,,,,Stabaek,,,,,,,,,,,,,,,,,,,,,,,,,,,,,658991,2023-08-20 15:00:00,2023
Tromso,,,,,,,,,,,,,,,,,,,,,,,,,,,,,Sandefjord,,,,,,,,,,,,,,,,,,,,,,,,,,,,,658990,2023-08-20 15:00:00,2023
Hamarkameratene,,,,,,,,,,,,,,,,,,,,,,,,,,,,,Rosenborg,,,,,,,,,,,,,,,,,,,,,,,,,,,,,658986,2023-08-20 15:00:00,2023
Haugesund,,,,,,,,,,,,,,,,,,,,,,,,,,,,,Bodo/Glimt,,,,,,,,,,,,,,,,,,,,,,,,,,,,,658985,2023-08-20 15:00:00,2023
Stromsgodset,,,,,,,,,,,,,,,,,,,,,,,,,,,,,Lillestrom,,,,,,,,,,,,,,,,,,,,,,,,,,,,,658989,2023-08-20 17:15:00,2023
Sarpsborg FK,,,,,,,,,,,,,,,,,,,,,,,,,,,,,Tromso,,,,,,,,,,,,,,,,,,,,,,,,,,,,,658997,2023-08-26 16:00:00,2023
Vålerenga,,,,,,,,,,,,,,,,,,,,,,,,,,,,,Odds BK,,,,,,,,,,,,,,,,,,,,,,,,,,,,,658999,2023-08-27 15:00:00,2023
Sandefjord,,,,,,,,,,,,,,,,,,,,,,,,,,,,,Haugesund,,,,,,,,,,,,,,,,,,,,,,,,,,,,,658996,2023-08-27 15:00:00,2023
Rosenborg,,,,,,,,,,,,,,,,,,,,,,,,,,,,,Aalesund,,,,,,,,,,,,,,,,,,,,,,,,,,,,,658995,2023-08-27 17:15:00,2023
Viking FK,,,,,,,,,,,,,,,,,,,,,,,,,,,,,Vålerenga,,,,,,,,,,,,,,,,,,,,,,,,,,,,,659007,2023-09-02 16:00:00,2023
SK Brann,,,,,,,,,,,,,,,,,,,,,,,,,,,,,Sarpsborg FK,,,,,,,,,,,,,,,,,,,,,,,,,,,,,659001,2023-09-03 15:00:00,2023
Stromsgodset,,,,,,,,,,,,,,,,,,,,,,,,,,,,,Stabaek,,,,,,,,,,,,,,,,,,,,,,,,,,,,,659005,2023-09-03 15:00:00,2023
Aalesund,,,,,,,,,,,,,,,,,,,,,,,,,,,,,Lillestrom,,,,,,,,,,,,,,,,,,,,,,,,,,,,,659000,2023-09-03 15:00:00,2023
Haugesund,,,,,,,,,,,,,,,,,,,,,,,,,,,,,Molde,,,,,,,,,,,,,,,,,,,,,,,,,,,,,659002,2023-09-03 15:00:00,2023
Tromso,,,,,,,,,,,,,,,,,,,,,,,,,,,,,Rosenborg,,,,,,,,,,,,,,,,,,,,,,,,,,,,,659006,2023-09-03 15:00:00,2023
Odds BK,,,,,,,,,,,,,,,,,,,,,,,,,,,,,Sandefjord,,,,,,,,,,,,,,,,,,,,,,,,,,,,,659004,2023-09-03 15:00:00,2023
Hamarkameratene,,,,,,,,,,,,,,,,,,,,,,,,,,,,,Bodo/Glimt,,,,,,,,,,,,,,,,,,,,,,,,,,,,,659003,2023-09-03 17:15:00,2023
Haugesund,,,,,,,,,,,,,,,,,,,,,,,,,,,,,Viking FK,,,,,,,,,,,,,,,,,,,,,,,,,,,,,659008,2023-09-16 16:00:00,2023
Molde,,,,,,,,,,,,,,,,,,,,,,,,,,,,,Odds BK,,,,,,,,,,,,,,,,,,,,,,,,,,,,,659009,2023-09-16 16:00:00,2023
Sandefjord,,,,,,,,,,,,,,,,,,,,,,,,,,,,,Stromsgodset,,,,,,,,,,,,,,,,,,,,,,,,,,,,,659011,2023-09-16 16:00:00,2023
Stabaek,,,,,,,,,,,,,,,,,,,,,,,,,,,,,SK Brann,,,,,,,,,,,,,,,,,,,,,,,,,,,,,659013,2023-09-17 15:00:00,2023
Tromso,,,,,,,,,,,,,,,,,,,,,,,,,,,,,Hamarkameratene,,,,,,,,,,,,,,,,,,,,,,,,,,,,,659014,2023-09-17 15:00:00,2023
Sarpsborg FK,,,,,,,,,,,,,,,,,,,,,,,,,,,,,Lillestrom,,,,,,,,,,,,,,,,,,,,,,,,,,,,,659012,2023-09-17 15:00:00,2023
Rosenborg,,,,,,,,,,,,,,,,,,,,,,,,,,,,,Bodo/Glimt,,,,,,,,,,,,,,,,,,,,,,,,,,,,,659010,2023-09-17 15:00:00,2023
Vålerenga,,,,,,,,,,,,,,,,,,,,,,,,,,,,,Aalesund,,,,,,,,,,,,,,,,,,,,,,,,,,,,,659015,2023-09-17 17:15:00,2023
Aalesund,,,,,,,,,,,,,,,,,,,,,,,,,,,,,Stabaek,,,,,,,,,,,,,,,,,,,,,,,,,,,,,659016,2023-09-23 16:00:00,2023
Viking FK,,,,,,,,,,,,,,,,,,,,,,,,,,,,,Sandefjord,,,,,,,,,,,,,,,,,,,,,,,,,,,,,659023,2023-09-24 15:00:00,2023
Lillestrom,,,,,,,,,,,,,,,,,,,,,,,,,,,,,Rosenborg,,,,,,,,,,,,,,,,,,,,,,,,,,,,,659020,2023-09-24 15:00:00,2023
Odds BK,,,,,,,,,,,,,,,,,,,,,,,,,,,,,Haugesund,,,,,,,,,,,,,,,,,,,,,,,,,,,,,659021,2023-09-24 15:00:00,2023
Stromsgodset,,,,,,,,,,,,,,,,,,,,,,,,,,,,,Molde,,,,,,,,,,,,,,,,,,,,,,,,,,,,,659022,2023-09-24 15:00:00,2023
Hamarkameratene,,,,,,,,,,,,,,,,,,,,,,,,,,,,,Sarpsborg FK,,,,,,,,,,,,,,,,,,,,,,,,,,,,,659019,2023-09-24 15:00:00,2023
Bodo/Glimt,,,,,,,,,,,,,,,,,,,,,,,,,,,,,Vålerenga,,,,,,,,,,,,,,,,,,,,,,,,,,,,,659017,2023-09-24 15:00:00,2023
SK Brann,,,,,,,,,,,,,,,,,,,,,,,,,,,,,Tromso,,,,,,,,,,,,,,,,,,,,,,,,,,,,,659018,2023-09-24 17:15:00,2023
Stabaek,,,,,,,,,,,,,,,,,,,,,,,,,,,,,Tromso,,,,,,,,,,,,,,,,,,,,,,,,,,,,,658982,2023-09-30 13:00:00,2023
Lillestrom,,,,,,,,,,,,,,,,,,,,,,,,,,,,,SK Brann,,,,,,,,,,,,,,,,,,,,,,,,,,,,,658993,2023-10-01 13:00:00,2023
Molde,,,,,,,,,,,,,,,,,,,,,,,,,,,,,Viking FK,,,,,,,,,,,,,,,,,,,,,,,,,,,,,658994,2023-10-01 15:00:00,2023
Sandefjord,,,,,,,,,,,,,,,,,,,,,,,,,,,,,Vålerenga,,,,,,,,,,,,,,,,,,,,,,,,,,,,,658923,2023-10-01 15:00:00,2023
Bodo/Glimt,,,,,,,,,,,,,,,,,,,,,,,,,,,,,Stromsgodset,,,,,,,,,,,,,,,,,,,,,,,,,,,,,658992,2023-10-01 17:15:00,2023
Stabaek,,,,,,,,,,,,,,,,,,,,,,,,,,,,,Hamarkameratene,,,,,,,,,,,,,,,,,,,,,,,,,,,,,658998,2023-10-04 17:00:00,2023
Odds BK,,,,,,,,,,,,,,,,,,,,,,,,,,,,,Viking FK,,,,,,,,,,,,,,,,,,,,,,,,,,,,,659026,2023-10-07 16:00:00,2023
Stabaek,,,,,,,,,,,,,,,,,,,,,,,,,,,,,Lillestrom,,,,,,,,,,,,,,,,,,,,,,,,,,,,,659029,2023-10-08 15:00:00,2023
Sandefjord,,,,,,,,,,,,,,,,,,,,,,,,,,,,,Hamarkameratene,,,,,,,,,,,,,,,,,,,,,,,,,,,,,659027,2023-10-08 15:00:00,2023
Sarpsborg FK,,,,,,,,,,,,,,,,,,,,,,,,,,,,,Rosenborg,,,,,,,,,,,,,,,,,,,,,,,,,,,,,659028,2023-10-08 15:00:00,2023
Haugesund,,,,,,,,,,,,,,,,,,,,,,,,,,,,,Stromsgodset,,,,,,,,,,,,,,,,,,,,,,,,,,,,,659024,2023-10-08 15:00:00,2023
Molde,,,,,,,,,,,,,,,,,,,,,,,,,,,,,Bodo/Glimt,,,,,,,,,,,,,,,,,,,,,,,,,,,,,659025,2023-10-08 15:00:00,2023
Tromso,,,,,,,,,,,,,,,,,,,,,,,,,,,,,Aalesund,,,,,,,,,,,,,,,,,,,,,,,,,,,,,659030,2023-10-08 15:00:00,2023
Vålerenga,,,,,,,,,,,,,,,,,,,,,,,,,,,,,SK Brann,,,,,,,,,,,,,,,,,,,,,,,,,,,,,659031,2023-10-08 17:15:00,2023
Bodo/Glimt,,,,,,,,,,,,,,,,,,,,,,,,,,,,,Sandefjord,,,,,,,,,,,,,,,,,,,,,,,,,,,,,659033,2023-10-21 13:00:00,2023
SK Brann,,,,,,,,,,,,,,,,,,,,,,,,,,,,,Molde,,,,,,,,,,,,,,,,,,,,,,,,,,,,,659034,2023-10-21 16:00:00,2023
Lillestrom,,,,,,,,,,,,,,,,,,,,,,,,,,,,,Vålerenga,,,,,,,,,,,,,,,,,,,,,,,,,,,,,659036,2023-10-22 12:30:00,2023
Rosenborg,,,,,,,,,,,,,,,,,,,,,,,,,,,,,Stabaek,,,,,,,,,,,,,,,,,,,,,,,,,,,,,659037,2023-10-22 15:00:00,2023
Stromsgodset,,,,,,,,,,,,,,,,,,,,,,,,,,,,,Odds BK,,,,,,,,,,,,,,,,,,,,,,,,,,,,,659038,2023-10-22 15:00:00,2023
Aalesund,,,,,,,,,,,,,,,,,,,,,,,,,,,,,Sarpsborg FK,,,,,,,,,,,,,,,,,,,,,,,,,,,,,659032,2023-10-22 15:00:00,2023
Hamarkameratene,,,,,,,,,,,,,,,,,,,,,,,,,,,,,Haugesund,,,,,,,,,,,,,,,,,,,,,,,,,,,,,659035,2023-10-22 15:00:00,2023
Viking FK,,,,,,,,,,,,,,,,,,,,,,,,,,,,,Tromso,,,,,,,,,,,,,,,,,,,,,,,,,,,,,659039,2023-10-22 17:15:00,2023
Haugesund,,,,,,,,,,,,,,,,,,,,,,,,,,,,,Aalesund,,,,,,,,,,,,,,,,,,,,,,,,,,,,,659041,2023-10-28 16:00:00,2023
Stromsgodset,,,,,,,,,,,,,,,,,,,,,,,,,,,,,Viking FK,,,,,,,,,,,,,,,,,,,,,,,,,,,,,659046,2023-10-29 16:00:00,2023
Sarpsborg FK,,,,,,,,,,,,,,,,,,,,,,,,,,,,,Stabaek,,,,,,,,,,,,,,,,,,,,,,,,,,,,,659045,2023-10-29 16:00:00,2023
Sandefjord,,,,,,,,,,,,,,,,,,,,,,,,,,,,,SK Brann,,,,,,,,,,,,,,,,,,,,,,,,,,,,,659044,2023-10-29 16:00:00,2023
Odds BK,,,,,,,,,,,,,,,,,,,,,,,,,,,,,Hamarkameratene,,,,,,,,,,,,,,,,,,,,,,,,,,,,,659043,2023-10-29 16:00:00,2023
Vålerenga,,,,,,,,,,,,,,,,,,,,,,,,,,,,,Rosenborg,,,,,,,,,,,,,,,,,,,,,,,,,,,,,659047,2023-10-29 18:13:00,2023
Bodo/Glimt,,,,,,,,,,,,,,,,,,,,,,,,,,,,,Lillestrom,,,,,,,,,,,,,,,,,,,,,,,,,,,,,659040,2023-10-30 17:30:00,2023
Molde,,,,,,,,,,,,,,,,,,,,,,,,,,,,,Tromso,,,,,,,,,,,,,,,,,,,,,,,,,,,,,659042,2023-10-30 20:00:00,2023
Hamarkameratene,,,,,,,,,,,,,,,,,,,,,,,,,,,,,Viking FK,,,,,,,,,,,,,,,,,,,,,,,,,,,,,659055,2023-11-04 17:00:00,2023
Rosenborg,,,,,,,,,,,,,,,,,,,,,,,,,,,,,Molde,,,,,,,,,,,,,,,,,,,,,,,,,,,,,659053,2023-11-05 16:00:00,2023
SK Brann,,,,,,,,,,,,,,,,,,,,,,,,,,,,,Odds BK,,,,,,,,,,,,,,,,,,,,,,,,,,,,,659050,2023-11-05 16:00:00,2023
Stabaek,,,,,,,,,,,,,,,,,,,,,,,,,,,,,Bodo/Glimt,,,,,,,,,,,,,,,,,,,,,,,,,,,,,659051,2023-11-05 16:00:00,2023
Lillestrom,,,,,,,,,,,,,,,,,,,,,,,,,,,,,Haugesund,,,,,,,,,,,,,,,,,,,,,,,,,,,,,659054,2023-11-05 16:00:00,2023
Sarpsborg FK,,,,,,,,,,,,,,,,,,,,,,,,,,,,,Vålerenga,,,,,,,,,,,,,,,,,,,,,,,,,,,,,659052,2023-11-05 16:00:00,2023
Tromso,,,,,,,,,,,,,,,,,,,,,,,,,,,,,Stromsgodset,,,,,,,,,,,,,,,,,,,,,,,,,,,,,659048,2023-11-05 18:15:00,2023
Aalesund,,,,,,,,,,,,,,,,,,,,,,,,,,,,,Sandefjord,,,,,,,,,,,,,,,,,,,,,,,,,,,,,659049,2023-11-06 18:00:00,2023
Haugesund,,,,,,,,,,,,,,,,,,,,,,,,,,,,,SK Brann,,,,,,,,,,,,,,,,,,,,,,,,,,,,,659058,2023-11-11 17:00:00,2023
Bodo/Glimt,,,,,,,,,,,,,,,,,,,,,,,,,,,,,Aalesund,,,,,,,,,,,,,,,,,,,,,,,,,,,,,659057,2023-11-12 16:00:00,2023
Vålerenga,,,,,,,,,,,,,,,,,,,,,,,,,,,,,Stabaek,,,,,,,,,,,,,,,,,,,,,,,,,,,,,659061,2023-11-12 16:00:00,2023
Stromsgodset,,,,,,,,,,,,,,,,,,,,,,,,,,,,,Hamarkameratene,,,,,,,,,,,,,,,,,,,,,,,,,,,,,659063,2023-11-12 16:00:00,2023
Viking FK,,,,,,,,,,,,,,,,,,,,,,,,,,,,,Sarpsborg FK,,,,,,,,,,,,,,,,,,,,,,,,,,,,,659062,2023-11-12 16:00:00,2023
Sandefjord,,,,,,,,,,,,,,,,,,,,,,,,,,,,,Rosenborg,,,,,,,,,,,,,,,,,,,,,,,,,,,,,659059,2023-11-12 16:00:00,2023
Odds BK,,,,,,,,,,,,,,,,,,,,,,,,,,,,,Tromso,,,,,,,,,,,,,,,,,,,,,,,,,,,,,659056,2023-11-12 16:00:00,2023
Molde,,,,,,,,,,,,,,,,,,,,,,,,,,,,,Lillestrom,,,,,,,,,,,,,,,,,,,,,,,,,,,,,659060,2023-11-12 18:15:00,2023
Tromso,,,,,,,,,,,,,,,,,,,,,,,,,,,,,Haugesund,,,,,,,,,,,,,,,,,,,,,,,,,,,,,659066,2023-11-26 16:00:00,2023
Sarpsborg FK,,,,,,,,,,,,,,,,,,,,,,,,,,,,,Molde,,,,,,,,,,,,,,,,,,,,,,,,,,,,,659069,2023-11-26 16:00:00,2023
Rosenborg,,,,,,,,,,,,,,,,,,,,,,,,,,,,,Stromsgodset,,,,,,,,,,,,,,,,,,,,,,,,,,,,,659071,2023-11-26 16:00:00,2023
Hamarkameratene,,,,,,,,,,,,,,,,,,,,,,,,,,,,,Vålerenga,,,,,,,,,,,,,,,,,,,,,,,,,,,,,659068,2023-11-26 16:00:00,2023
Lillestrom,,,,,,,,,,,,,,,,,,,,,,,,,,,,,Odds BK,,,,,,,,,,,,,,,,,,,,,,,,,,,,,659067,2023-11-26 16:00:00,2023
SK Brann,,,,,,,,,,,,,,,,,,,,,,,,,,,,,Bodo/Glimt,,,,,,,,,,,,,,,,,,,,,,,,,,,,,659064,2023-11-26 16:00:00,2023
Stabaek,,,,,,,,,,,,,,,,,,,,,,,,,,,,,Sandefjord,,,,,,,,,,,,,,,,,,,,,,,,,,,,,659070,2023-11-26 16:00:00,2023
Aalesund,,,,,,,,,,,,,,,,,,,,,,,,,,,,,Viking FK,,,,,,,,,,,,,,,,,,,,,,,,,,,,,659065,2023-11-26 16:00:00,2023
Sandefjord,,,,,,,,,,,,,,,,,,,,,,,,,,,,,Lillestrom,,,,,,,,,,,,,,,,,,,,,,,,,,,,,659076,2023-12-03 16:00:00,2023
Molde,,,,,,,,,,,,,,,,,,,,,,,,,,,,,Hamarkameratene,,,,,,,,,,,,,,,,,,,,,,,,,,,,,659074,2023-12-03 16:00:00,2023
Bodo/Glimt,,,,,,,,,,,,,,,,,,,,,,,,,,,,,Sarpsborg FK,,,,,,,,,,,,,,,,,,,,,,,,,,,,,659072,2023-12-03 16:00:00,2023
Viking FK,,,,,,,,,,,,,,,,,,,,,,,,,,,,,Rosenborg,,,,,,,,,,,,,,,,,,,,,,,,,,,,,659078,2023-12-03 16:00:00,2023
Odds BK,,,,,,,,,,,,,,,,,,,,,,,,,,,,,Aalesund,,,,,,,,,,,,,,,,,,,,,,,,,,,,,659075,2023-12-03 16:00:00,2023
Stromsgodset,,,,,,,,,,,,,,,,,,,,,,,,,,,,,SK Brann,,,,,,,,,,,,,,,,,,,,,,,,,,,,,659077,2023-12-03 16:00:00,2023
Vålerenga,,,,,,,,,,,,,,,,,,,,,,,,,,,,,Tromso,,,,,,,,,,,,,,,,,,,,,,,,,,,,,659079,2023-12-03 16:00:00,2023
Haugesund,,,,,,,,,,,,,,,,,,,,,,,,,,,,,Stabaek,,,,,,,,,,,,,,,,,,,,,,,,,,,,,659073,2023-12-03 16:00:00,2023
Odds BK,,,,,,,,,,,,,,,,,,,,,,,,,,,,,Haugesund,,,,,,,,,,,,,,,,,,,,,,,,,,,,,693097,2024-03-31 16:00:00,2024
Fredrikstad,,,,,,,,,,,,,,,,,,,,,,,,,,,,,Bodo/Glimt,,,,,,,,,,,,,,,,,,,,,,,,,,,,,693098,2024-04-01 12:30:00,2024
Rosenborg,,,,,,,,,,,,,,,,,,,,,,,,,,,,,Sandefjord,,,,,,,,,,,,,,,,,,,,,,,,,,,,,693100,2024-04-01 15:00:00,2024
Molde,,,,,,,,,,,,,,,,,,,,,,,,,,,,,Stromsgodset,,,,,,,,,,,,,,,,,,,,,,,,,,,,,693102,2024-04-01 15:00:00,2024
Tromso,,,,,,,,,,,,,,,,,,,,,,,,,,,,,SK Brann,,,,,,,,,,,,,,,,,,,,,,,,,,,,,693099,2024-04-01 15:00:00,2024
Lillestrom,,,,,,,,,,,,,,,,,,,,,,,,,,,,,Kristiansund BK,,,,,,,,,,,,,,,,,,,,,,,,,,,,,693101,2024-04-01 15:00:00,2024
Viking FK,,,,,,,,,,,,,,,,,,,,,,,,,,,,,Sarpsborg FK,,,,,,,,,,,,,,,,,,,,,,,,,,,,,693103,2024-04-01 17:15:00,2024
KFUM Oslo,,,,,,,,,,,,,,,,,,,,,,,,,,,,,Hamarkameratene,,,,,,,,,,,,,,,,,,,,,,,,,,,,,693104,2024-04-02 17:00:00,2024
Bodo/Glimt,,,,,,,,,,,,,,,,,,,,,,,,,,,,,Viking FK,,,,,,,,,,,,,,,,,,,,,,,,,,,,,693105,2024-04-06 16:00:00,2024
Kristiansund BK,,,,,,,,,,,,,,,,,,,,,,,,,,,,,KFUM Oslo,,,,,,,,,,,,,,,,,,,,,,,,,,,,,693106,2024-04-07 12:30:00,2024
Haugesund,,,,,,,,,,,,,,,,,,,,,,,,,,,,,Lillestrom,,,,,,,,,,,,,,,,,,,,,,,,,,,,,693110,2024-04-07 15:00:00,2024
Sarpsborg FK,,,,,,,,,,,,,,,,,,,,,,,,,,,,,Odds BK,,,,,,,,,,,,,,,,,,,,,,,,,,,,,693111,2024-04-07 15:00:00,2024
Hamarkameratene,,,,,,,,,,,,,,,,,,,,,,,,,,,,,Molde,,,,,,,,,,,,,,,,,,,,,,,,,,,,,693109,2024-04-07 15:00:00,2024
Stromsgodset,,,,,,,,,,,,,,,,,,,,,,,,,,,,,Rosenborg,,,,,,,,,,,,,,,,,,,,,,,,,,,,,693108,2024-04-07 15:00:00,2024
SK Brann,,,,,,,,,,,,,,,,,,,,,,,,,,,,,Fredrikstad,,,,,,,,,,,,,,,,,,,,,,,,,,,,,693112,2024-04-07 17:15:00,2024
Fredrikstad,,,,,,,,,,,,,,,,,,,,,,,,,,,,,Sarpsborg FK,,,,,,,,,,,,,,,,,,,,,,,,,,,,,693113,2024-04-13 16:00:00,2024
Viking FK,12.0,2.0,0.0,0.0,3.0,3.0,42.3,7.0,3.0,0.4,0.0,0.0,0.0,0.0,0.0,0.0,0.0,0.0,0.0,0.0,0.0,2.0,0.0,0.0,0.0,0.0,0.0,0.0,SK Brann,14.0,1.0,0.0,0.0,11.0,2.0,57.7,22.0,4.0,0.2,0.0,0.0,0.0,0.0,0.0,0.0,0.0,0.0,0.0,0.0,0.0,7.0,0.0,0.0,0.0,0.0,0.0,0.0,693114,2024-04-14 12:30:00,2024
Tromso,,,,,,,,,,,,,,,,,,,,,,,,,,,,,Haugesund,,,,,,,,,,,,,,,,,,,,,,,,,,,,,693118,2024-04-14 15:00:00,2024
Odds BK,,,,,,,,,,,,,,,,,,,,,,,,,,,,,Sandefjord,,,,,,,,,,,,,,,,,,,,,,,,,,,,,693115,2024-04-14 15:00:00,2024
Rosenborg,,,,,,,,,,,,,,,,,,,,,,,,,,,,,Hamarkameratene,,,,,,,,,,,,,,,,,,,,,,,,,,,,,693117,2024-04-14 15:00:00,2024
Molde,,,,,,,,,,,,,,,,,,,,,,,,,,,,,Kristiansund BK,,,,,,,,,,,,,,,,,,,,,,,,,,,,,693116,2024-04-14 15:00:00,2024
Lillestrom,,,,,,,,,,,,,,,,,,,,,,,,,,,,,Bodo/Glimt,,,,,,,,,,,,,,,,,,,,,,,,,,,,,693119,2024-04-14 17:15:00,2024
KFUM Oslo,8.0,0.0,0.0,0.0,13.0,4.0,61.2,19.0,6.0,0.3,0.0,0.0,0.0,0.0,0.0,0.0,0.0,0.0,0.0,0.0,0.0,6.0,0.0,0.0,0.0,0.0,0.0,0.0,Stromsgodset,7.0,1.0,0.0,0.0,3.0,5.0,38.8,14.0,7.0,0.5,0.0,0.0,0.0,0.0,0.0,0.0,0.0,0.0,0.0,0.0,0.0,4.0,0.0,0.0,0.0,0.0,0.0,0.0,693120,2024-04-16 17:00:00,2024
SK Brann,,,,,,,,,,,,,,,,,,,,,,,,,,,,,Hamarkameratene,,,,,,,,,,,,,,,,,,,,,,,,,,,,,693223,2024-04-17 16:00:00,2024
Molde,,,,,,,,,,,,,,,,,,,,,,,,,,,,,Odds BK,,,,,,,,,,,,,,,,,,,,,,,,,,,,,693229,2024-04-17 16:00:00,2024
Hamarkameratene,,,,,,,,,,,,,,,,,,,,,,,,,,,,,Stromsgodset,,,,,,,,,,,,,,,,,,,,,,,,,,,,,693121,2024-04-21 12:30:00,2024
Sarpsborg FK,,,,,,,,,,,,,,,,,,,,,,,,,,,,,KFUM Oslo,,,,,,,,,,,,,,,,,,,,,,,,,,,,,693122,2024-04-21 15:00:00,2024
Kristiansund BK,,,,,,,,,,,,,,,,,,,,,,,,,,,,,Tromso,,,,,,,,,,,,,,,,,,,,,,,,,,,,,693125,2024-04-21 15:00:00,2024
SK Brann,,,,,,,,,,,,,,,,,,,,,,,,,,,,,Odds BK,,,,,,,,,,,,,,,,,,,,,,,,,,,,,693127,2024-04-21 15:00:00,2024
Viking FK,,,,,,,,,,,,,,,,,,,,,,,,,,,,,Fredrikstad,,,,,,,,,,,,,,,,,,,,,,,,,,,,,693123,2024-04-21 15:00:00,2024
Haugesund,,,,,,,,,,,,,,,,,,,,,,,,,,,,,Rosenborg,,,,,,,,,,,,,,,,,,,,,,,,,,,,,693124,2024-04-21 15:00:00,2024
Sandefjord,,,,,,,,,,,,,,,,,,,,,,,,,,,,,Lillestrom,,,,,,,,,,,,,,,,,,,,,,,,,,,,,693126,2024-04-21 15:00:00,2024
Bodo/Glimt,,,,,,,,,,,,,,,,,,,,,,,,,,,,,Molde,,,,,,,,,,,,,,,,,,,,,,,,,,,,,693128,2024-04-21 17:15:00,2024
Rosenborg,,,,,,,,,,,,,,,,,,,,,,,,,,,,,Bodo/Glimt,,,,,,,,,,,,,,,,,,,,,,,,,,,,,693129,2024-04-27 16:00:00,2024
Tromso,,,,,,,,,,,,,,,,,,,,,,,,,,,,,Sarpsborg FK,,,,,,,,,,,,,,,,,,,,,,,,,,,,,693133,2024-04-28 15:00:00,2024
Stromsgodset,,,,,,,,,,,,,,,,,,,,,,,,,,,,,Kristiansund BK,,,,,,,,,,,,,,,,,,,,,,,,,,,,,693135,2024-04-28 15:00:00,2024
Molde,,,,,,,,,,,,,,,,,,,,,,,,,,,,,Haugesund,,,,,,,,,,,,,,,,,,,,,,,,,,,,,693132,2024-04-28 15:00:00,2024
Fredrikstad,,,,,,,,,,,,,,,,,,,,,,,,,,,,,Sandefjord,,,,,,,,,,,,,,,,,,,,,,,,,,,,,693130,2024-04-28 15:00:00,2024
KFUM Oslo,,,,,,,,,,,,,,,,,,,,,,,,,,,,,SK Brann,,,,,,,,,,,,,,,,,,,,,,,,,,,,,693134,2024-04-28 15:00:00,2024
Lillestrom,,,,,,,,,,,,,,,,,,,,,,,,,,,,,Hamarkameratene,,,,,,,,,,,,,,,,,,,,,,,,,,,,,693131,2024-04-28 15:00:00,2024
Odds BK,,,,,,,,,,,,,,,,,,,,,,,,,,,,,Viking FK,,,,,,,,,,,,,,,,,,,,,,,,,,,,,693136,2024-04-28 17:15:00,2024
SK Brann,,,,,,,,,,,,,,,,,,,,,,,,,,,,,Rosenborg,,,,,,,,,,,,,,,,,,,,,,,,,,,,,693137,2024-05-04 16:00:00,2024
Kristiansund BK,,,,,,,,,,,,,,,,,,,,,,,,,,,,,Hamarkameratene,,,,,,,,,,,,,,,,,,,,,,,,,,,,,693141,2024-05-05 15:00:00,2024
Sandefjord,,,,,,,,,,,,,,,,,,,,,,,,,,,,,Molde,,,,,,,,,,,,,,,,,,,,,,,,,,,,,693142,2024-05-05 15:00:00,2024
Odds BK,,,,,,,,,,,,,,,,,,,,,,,,,,,,,Fredrikstad,,,,,,,,,,,,,,,,,,,,,,,,,,,,,693140,2024-05-05 15:00:00,2024
Haugesund,,,,,,,,,,,,,,,,,,,,,,,,,,,,,KFUM Oslo,,,,,,,,,,,,,,,,,,,,,,,,,,,,,693138,2024-05-05 15:00:00,2024
Bodo/Glimt,,,,,,,,,,,,,,,,,,,,,,,,,,,,,Stromsgodset,,,,,,,,,,,,,,,,,,,,,,,,,,,,,693143,2024-05-05 15:00:00,2024
Sarpsborg FK,,,,,,,,,,,,,,,,,,,,,,,,,,,,,Lillestrom,,,,,,,,,,,,,,,,,,,,,,,,,,,,,693139,2024-05-05 15:00:00,2024
Viking FK,,,,,,,,,,,,,,,,,,,,,,,,,,,,,Tromso,,,,,,,,,,,,,,,,,,,,,,,,,,,,,693144,2024-05-05 17:15:00,2024
Molde,,,,,,,,,,,,,,,,,,,,,,,,,,,,,Rosenborg,,,,,,,,,,,,,,,,,,,,,,,,,,,,,693145,2024-05-11 16:00:00,2024
Kristiansund BK,,,,,,,,,,,,,,,,,,,,,,,,,,,,,Bodo/Glimt,,,,,,,,,,,,,,,,,,,,,,,,,,,,,693146,2024-05-12 12:30:00,2024
Hamarkameratene,,,,,,,,,,,,,,,,,,,,,,,,,,,,,Haugesund,,,,,,,,,,,,,,,,,,,,,,,,,,,,,693151,2024-05-12 15:00:00,2024
Sandefjord,,,,,,,,,,,,,,,,,,,,,,,,,,,,,Sarpsborg FK,,,,,,,,,,,,,,,,,,,,,,,,,,,,,693150,2024-05-12 15:00:00,2024
Stromsgodset,,,,,,,,,,,,,,,,,,,,,,,,,,,,,Viking FK,,,,,,,,,,,,,,,,,,,,,,,,,,,,,693149,2024-05-12 15:00:00,2024
Tromso,,,,,,,,,,,,,,,,,,,,,,,,,,,,,Odds BK,,,,,,,,,,,,,,,,,,,,,,,,,,,,,693148,2024-05-12 15:00:00,2024
KFUM Oslo,,,,,,,,,,,,,,,,,,,,,,,,,,,,,Fredrikstad,,,,,,,,,,,,,,,,,,,,,,,,,,,,,693147,2024-05-12 15:00:00,2024
Lillestrom,,,,,,,,,,,,,,,,,,,,,,,,,,,,,SK Brann,,,,,,,,,,,,,,,,,,,,,,,,,,,,,693152,2024-05-12 17:15:00,2024
Rosenborg,,,,,,,,,,,,,,,,,,,,,,,,,,,,,KFUM Oslo,,,,,,,,,,,,,,,,,,,,,,,,,,,,,693153,2024-05-16 16:00:00,2024
Viking FK,,,,,,,,,,,,,,,,,,,,,,,,,,,,,Lillestrom,,,,,,,,,,,,,,,,,,,,,,,,,,,,,693155,2024-05-16 16:00:00,2024
Haugesund,,,,,,,,,,,,,,,,,,,,,,,,,,,,,Kristiansund BK,,,,,,,,,,,,,,,,,,,,,,,,,,,,,693158,2024-05-16 16:00:00,2024
Sarpsborg FK,,,,,,,,,,,,,,,,,,,,,,,,,,,,,Hamarkameratene,,,,,,,,,,,,,,,,,,,,,,,,,,,,,693159,2024-05-16 16:00:00,2024
SK Brann,,,,,,,,,,,,,,,,,,,,,,,,,,,,,Sandefjord,,,,,,,,,,,,,,,,,,,,,,,,,,,,,693156,2024-05-16 16:00:00,2024
Bodo/Glimt,,,,,,,,,,,,,,,,,,,,,,,,,,,,,Tromso,,,,,,,,,,,,,,,,,,,,,,,,,,,,,693157,2024-05-16 16:00:00,2024
Odds BK,,,,,,,,,,,,,,,,,,,,,,,,,,,,,Molde,,,,,,,,,,,,,,,,,,,,,,,,,,,,,693154,2024-05-16 16:00:00,2024
Fredrikstad,,,,,,,,,,,,,,,,,,,,,,,,,,,,,Stromsgodset,,,,,,,,,,,,,,,,,,,,,,,,,,,,,693160,2024-05-16 16:00:00,2024
Lillestrom,,,,,,,,,,,,,,,,,,,,,,,,,,,,,Fredrikstad,,,,,,,,,,,,,,,,,,,,,,,,,,,,,693167,2024-05-20 15:00:00,2024
Hamarkameratene,,,,,,,,,,,,,,,,,,,,,,,,,,,,,Bodo/Glimt,,,,,,,,,,,,,,,,,,,,,,,,,,,,,693165,2024-05-20 15:00:00,2024
Kristiansund BK,,,,,,,,,,,,,,,,,,,,,,,,,,,,,SK Brann,,,,,,,,,,,,,,,,,,,,,,,,,,,,,693166,2024-05-20 15:00:00,2024
KFUM Oslo,,,,,,,,,,,,,,,,,,,,,,,,,,,,,Odds BK,,,,,,,,,,,,,,,,,,,,,,,,,,,,,693163,2024-05-20 15:00:00,2024
Molde,,,,,,,,,,,,,,,,,,,,,,,,,,,,,Sarpsborg FK,,,,,,,,,,,,,,,,,,,,,,,,,,,,,693164,2024-05-20 15:00:00,2024
Stromsgodset,,,,,,,,,,,,,,,,,,,,,,,,,,,,,Haugesund,,,,,,,,,,,,,,,,,,,,,,,,,,,,,693162,2024-05-20 15:00:00,2024
Sandefjord,,,,,,,,,,,,,,,,,,,,,,,,,,,,,Viking FK,,,,,,,,,,,,,,,,,,,,,,,,,,,,,693161,2024-05-20 15:00:00,2024
Tromso,,,,,,,,,,,,,,,,,,,,,,,,,,,,,Rosenborg,,,,,,,,,,,,,,,,,,,,,,,,,,,,,693168,2024-05-20 17:15:00,2024
Bodo/Glimt,,,,,,,,,,,,,,,,,,,,,,,,,,,,,KFUM Oslo,,,,,,,,,,,,,,,,,,,,,,,,,,,,,693169,2024-05-24 17:00:00,2024
Fredrikstad,,,,,,,,,,,,,,,,,,,,,,,,,,,,,Tromso,,,,,,,,,,,,,,,,,,,,,,,,,,,,,693170,2024-05-25 16:00:00,2024
Rosenborg,,,,,,,,,,,,,,,,,,,,,,,,,,,,,Kristiansund BK,,,,,,,,,,,,,,,,,,,,,,,,,,,,,693174,2024-05-26 15:00:00,2024
Sarpsborg FK,,,,,,,,,,,,,,,,,,,,,,,,,,,,,Stromsgodset,,,,,,,,,,,,,,,,,,,,,,,,,,,,,693173,2024-05-26 15:00:00,2024
Odds BK,,,,,,,,,,,,,,,,,,,,,,,,,,,,,Lillestrom,,,,,,,,,,,,,,,,,,,,,,,,,,,,,693175,2024-05-26 15:00:00,2024
Viking FK,,,,,,,,,,,,,,,,,,,,,,,,,,,,,Hamarkameratene,,,,,,,,,,,,,,,,,,,,,,,,,,,,,693172,2024-05-26 15:00:00,2024
Haugesund,,,,,,,,,,,,,,,,,,,,,,,,,,,,,Sandefjord,,,,,,,,,,,,,,,,,,,,,,,,,,,,,693171,2024-05-26 15:00:00,2024
SK Brann,,,,,,,,,,,,,,,,,,,,,,,,,,,,,Molde,,,,,,,,,,,,,,,,,,,,,,,,,,,,,693176,2024-05-26 17:15:00,2024
Tromso,,,,,,,,,,,,,,,,,,,,,,,,,,,,,Fredrikstad,,,,,,,,,,,,,,,,,,,,,,,,,,,,,693238,2024-05-29 17:00:00,2024
Bodo/Glimt,,,,,,,,,,,,,,,,,,,,,,,,,,,,,Sandefjord,,,,,,,,,,,,,,,,,,,,,,,,,,,,,693247,2024-05-29 17:00:00,2024
SK Brann,,,,,,,,,,,,,,,,,,,,,,,,,,,,,Kristiansund BK,,,,,,,,,,,,,,,,,,,,,,,,,,,,,693234,2024-05-29 17:00:00,2024
Hamarkameratene,,,,,,,,,,,,,,,,,,,,,,,,,,,,,SK Brann,,,,,,,,,,,,,,,,,,,,,,,,,,,,,693177,2024-06-01 16:00:00,2024
Molde,,,,,,,,,,,,,,,,,,,,,,,,,,,,,Viking FK,,,,,,,,,,,,,,,,,,,,,,,,,,,,,693178,2024-06-02 12:30:00,2024
KFUM Oslo,,,,,,,,,,,,,,,,,,,,,,,,,,,,,Sandefjord,,,,,,,,,,,,,,,,,,,,,,,,,,,,,693183,2024-06-02 15:00:00,2024
Tromso,,,,,,,,,,,,,,,,,,,,,,,,,,,,,Lillestrom,,,,,,,,,,,,,,,,,,,,,,,,,,,,,693179,2024-06-02 15:00:00,2024
Stromsgodset,,,,,,,,,,,,,,,,,,,,,,,,,,,,,Odds BK,,,,,,,,,,,,,,,,,,,,,,,,,,,,,693180,2024-06-02 15:00:00,2024
Kristiansund BK,,,,,,,,,,,,,,,,,,,,,,,,,,,,,Sarpsborg FK,,,,,,,,,,,,,,,,,,,,,,,,,,,,,693182,2024-06-02 15:00:00,2024
Haugesund,,,,,,,,,,,,,,,,,,,,,,,,,,,,,Bodo/Glimt,,,,,,,,,,,,,,,,,,,,,,,,,,,,,693181,2024-06-02 15:00:00,2024
Rosenborg,,,,,,,,,,,,,,,,,,,,,,,,,,,,,Fredrikstad,,,,,,,,,,,,,,,,,,,,,,,,,,,,,693184,2024-06-02 17:15:00,2024
Sandefjord,,,,,,,,,,,,,,,,,,,,,,,,,,,,,Hamarkameratene,,,,,,,,,,,,,,,,,,,,,,,,,,,,,693185,2024-06-27 17:00:00,2024
Lillestrom,,,,,,,,,,,,,,,,,,,,,,,,,,,,,KFUM Oslo,,,,,,,,,,,,,,,,,,,,,,,,,,,,,693186,2024-06-27 19:15:00,2024
Sarpsborg FK,,,,,,,,,,,,,,,,,,,,,,,,,,,,,Bodo/Glimt,,,,,,,,,,,,,,,,,,,,,,,,,,,,,693190,2024-06-28 17:00:00,2024
SK Brann,,,,,,,,,,,,,,,,,,,,,,,,,,,,,Stromsgodset,,,,,,,,,,,,,,,,,,,,,,,,,,,,,693188,2024-06-28 17:00:00,2024
Odds BK,,,,,,,,,,,,,,,,,,,,,,,,,,,,,Kristiansund BK,,,,,,,,,,,,,,,,,,,,,,,,,,,,,693189,2024-06-28 17:00:00,2024
Tromso,,,,,,,,,,,,,,,,,,,,,,,,,,,,,Molde,,,,,,,,,,,,,,,,,,,,,,,,,,,,,693191,2024-06-28 19:15:00,2024
Viking FK,,,,,,,,,,,,,,,,,,,,,,,,,,,,,Rosenborg,,,,,,,,,,,,,,,,,,,,,,,,,,,,,693192,2024-06-30 13:00:00,2024
Sandefjord,,,,,,,,,,,,,,,,,,,,,,,,,,,,,Tromso,,,,,,,,,,,,,,,,,,,,,,,,,,,,,693107,2024-07-03 17:00:00,2024
Bodo/Glimt,7.0,1.0,0.0,0.0,13.0,2.0,65.9,22.0,9.0,0.4,0.0,0.0,0.0,0.0,0.0,0.0,0.0,0.0,0.0,0.0,0.0,6.0,0.0,0.0,0.0,0.0,0.0,0.0,SK Brann,6.0,0.0,1.0,0.0,4.0,2.0,34.1,9.0,3.0,0.3,0.0,0.0,0.0,0.0,0.0,0.0,0.0,0.0,0.0,0.0,0.0,3.0,0.0,0.0,0.0,0.0,0.0,0.0,693193,2024-07-07 12:30:00,2024
KFUM Oslo,,,,,,,,,,,,,,,,,,,,,,,,,,,,,Viking FK,,,,,,,,,,,,,,,,,,,,,,,,,,,,,693196,2024-07-07 15:00:00,2024
Haugesund,,,,,,,,,,,,,,,,,,,,,,,,,,,,,Sarpsborg FK,,,,,,,,,,,,,,,,,,,,,,,,,,,,,693195,2024-07-07 15:00:00,2024
Molde,,,,,,,,,,,,,,,,,,,,,,,,,,,,,Lillestrom,,,,,,,,,,,,,,,,,,,,,,,,,,,,,693198,2024-07-07 15:00:00,2024
Hamarkameratene,,,,,,,,,,,,,,,,,,,,,,,,,,,,,Tromso,,,,,,,,,,,,,,,,,,,,,,,,,,,,,693194,2024-07-07 15:00:00,2024
Rosenborg,,,,,,,,,,,,,,,,,,,,,,,,,,,,,Odds BK,,,,,,,,,,,,,,,,,,,,,,,,,,,,,693199,2024-07-07 17:15:00,2024
Stromsgodset,,,,,,,,,,,,,,,,,,,,,,,,,,,,,Sandefjord,,,,,,,,,,,,,,,,,,,,,,,,,,,,,693200,2024-07-08 17:00:00,2024
Kristiansund BK,,,,,,,,,,,,,,,,,,,,,,,,,,,,,Fredrikstad,,,,,,,,,,,,,,,,,,,,,,,,,,,,,693197,2024-07-08 17:00:00,2024
Sarpsborg FK,13.0,1.0,0.0,0.0,0.0,7.0,41.5,9.0,5.0,0.6,0.0,0.0,0.0,0.0,0.0,0.0,0.0,0.0,0.0,0.0,0.0,0.0,0.0,0.0,0.0,0.0,0.0,0.0,Rosenborg,10.0,2.0,0.0,0.0,10.0,1.0,58.5,24.0,9.0,0.4,0.0,0.0,0.0,0.0,0.0,0.0,0.0,0.0,0.0,0.0,0.0,11.0,0.0,0.0,0.0,0.0,0.0,0.0,693201,2024-07-12 17:00:00,2024
Odds BK,16.0,1.0,0.0,0.0,6.0,3.0,49.9,9.0,5.0,0.6,0.0,0.0,0.0,0.0,0.0,0.0,0.0,0.0,0.0,0.0,0.0,1.0,0.0,0.0,0.0,0.0,0.0,0.0,Hamarkameratene,10.0,1.0,0.0,0.0,7.0,3.0,50.1,13.0,5.0,0.4,0.0,0.0,0.0,0.0,0.0,0.0,0.0,0.0,0.0,0.0,0.0,4.0,0.0,0.0,0.0,0.0,0.0,0.0,693203,2024-07-13 15:00:00,2024
Fredrikstad,5.0,1.0,0.0,0.0,9.0,3.0,33.0,13.0,6.0,0.5,0.0,0.0,0.0,0.0,0.0,0.0,0.0,0.0,0.0,0.0,0.0,4.0,0.0,0.0,0.0,0.0,0.0,0.0,Molde,12.0,2.0,0.0,0.0,4.0,6.0,67.0,10.0,3.0,0.3,0.0,0.0,0.0,0.0,0.0,0.0,0.0,0.0,0.0,0.0,0.0,2.0,0.0,0.0,0.0,0.0,0.0,0.0,693202,2024-07-13 15:00:00,2024
Viking FK,12.0,2.0,0.0,0.0,6.0,1.0,60.6,16.0,9.0,0.6,0.0,0.0,0.0,0.0,0.0,0.0,0.0,0.0,0.0,0.0,0.0,2.0,0.0,0.0,0.0,0.0,0.0,0.0,Kristiansund BK,11.0,0.0,0.0,0.0,5.0,7.0,39.4,9.0,1.0,0.1,0.0,0.0,0.0,0.0,0.0,0.0,0.0,0.0,0.0,0.0,0.0,3.0,0.0,0.0,0.0,0.0,0.0,0.0,693205,2024-07-13 15:00:00,2024
Sandefjord,11.0,2.0,0.0,0.0,2.0,5.0,24.7,8.0,4.0,0.5,0.0,0.0,0.0,0.0,0.0,0.0,0.0,0.0,0.0,0.0,0.0,2.0,0.0,0.0,0.0,0.0,0.0,0.0,Bodo/Glimt,7.0,0.0,0.0,0.0,16.0,2.0,75.3,21.0,6.0,0.3,0.0,0.0,0.0,0.0,0.0,0.0,0.0,0.0,0.0,0.0,0.0,7.0,0.0,0.0,0.0,0.0,0.0,0.0,693204,2024-07-13 15:00:00,2024
Lillestrom,7.0,2.0,0.0,0.0,10.0,1.0,55.0,21.0,10.0,0.5,1.0,1.0,0.0,0.0,0.0,0.0,0.0,0.0,0.0,0.0,0.0,5.0,0.0,0.0,0.0,0.0,0.0,0.0,Stromsgodset,13.0,2.0,0.0,0.0,2.0,7.0,45.0,9.0,2.0,0.2,0.0,0.0,0.0,0.0,0.0,0.0,0.0,0.0,0.0,0.0,0.0,3.0,0.0,0.0,0.0,0.0,0.0,0.0,693206,2024-07-13 15:00:00,2024
SK Brann,9.0,1.0,0.0,0.0,11.0,3.0,66.0,17.0,7.0,0.4,0.0,0.0,0.0,0.0,0.0,0.0,0.0,0.0,0.0,0.0,0.0,4.0,0.0,0.0,0.0,0.0,0.0,0.0,Haugesund,15.0,4.0,0.0,0.0,3.0,6.0,34.0,8.0,3.0,0.4,0.0,0.0,0.0,0.0,0.0,0.0,0.0,0.0,0.0,0.0,0.0,2.0,0.0,0.0,0.0,0.0,0.0,0.0,693207,2024-07-13 17:15:00,2024
Tromso,12.0,2.0,0.0,0.0,3.0,0.0,55.0,12.0,5.0,0.4,0.0,0.0,0.0,0.0,0.0,0.0,0.0,0.0,0.0,0.0,0.0,2.0,0.0,0.0,0.0,0.0,0.0,0.0,KFUM Oslo,12.0,1.0,0.0,0.0,9.0,4.0,45.0,11.0,2.0,0.2,0.0,0.0,0.0,0.0,0.0,0.0,0.0,0.0,0.0,0.0,0.0,8.0,0.0,0.0,0.0,0.0,0.0,0.0,693208,2024-07-13 20:00:00,2024
Bodo/Glimt,6.0,2.0,0.0,0.0,6.0,1.0,76.3,18.0,8.0,0.4,0.0,0.0,0.0,0.0,0.0,0.0,0.0,0.0,0.0,0.0,0.0,4.0,0.0,0.0,0.0,0.0,0.0,0.0,Odds BK,10.0,2.0,0.0,0.0,1.0,5.0,23.7,8.0,2.0,0.3,0.0,0.0,0.0,0.0,0.0,0.0,0.0,0.0,0.0,0.0,0.0,2.0,0.0,0.0,0.0,0.0,0.0,0.0,693209,2024-07-19 17:00:00,2024
Sarpsborg FK,15.0,3.0,0.0,0.0,7.0,0.0,43.9,19.0,7.0,0.4,0.0,0.0,0.0,0.0,0.0,0.0,0.0,0.0,0.0,0.0,0.0,3.0,0.0,0.0,0.0,0.0,0.0,0.0,SK Brann,13.0,3.0,0.0,0.0,7.0,6.0,56.1,7.0,1.0,0.1,0.0,0.0,0.0,0.0,0.0,0.0,0.0,0.0,0.0,0.0,0.0,2.0,0.0,0.0,0.0,0.0,0.0,0.0,693210,2024-07-20 16:00:00,2024
Molde,8.0,3.0,0.0,0.0,4.0,2.0,59.8,14.0,7.0,0.5,0.0,0.0,0.0,0.0,0.0,0.0,0.0,0.0,0.0,0.0,0.0,4.0,0.0,0.0,0.0,0.0,0.0,0.0,KFUM Oslo,9.0,1.0,0.0,0.0,5.0,3.0,40.2,16.0,6.0,0.4,0.0,0.0,0.0,0.0,0.0,0.0,0.0,0.0,0.0,0.0,0.0,5.0,0.0,0.0,0.0,0.0,0.0,0.0,693212,2024-07-20 18:15:00,2024
Stromsgodset,9.0,1.0,0.0,0.0,7.0,7.0,61.7,19.0,6.0,0.3,0.0,0.0,0.0,0.0,0.0,0.0,0.0,0.0,0.0,0.0,0.0,5.0,0.0,0.0,0.0,0.0,0.0,0.0,Tromso,13.0,3.0,0.0,0.0,5.0,6.0,38.3,17.0,8.0,0.5,0.0,0.0,0.0,0.0,0.0,0.0,0.0,0.0,0.0,0.0,0.0,3.0,0.0,0.0,0.0,0.0,0.0,0.0,693211,2024-07-21 12:30:00,2024
Haugesund,7.0,2.0,0.0,0.0,5.0,3.0,31.0,10.0,2.0,0.2,0.0,0.0,0.0,0.0,0.0,0.0,0.0,0.0,0.0,0.0,0.0,3.0,0.0,0.0,0.0,0.0,0.0,0.0,Viking FK,14.0,2.0,0.0,0.0,12.0,1.0,69.0,14.0,3.0,0.2,0.0,0.0,0.0,0.0,0.0,0.0,0.0,0.0,0.0,0.0,0.0,8.0,0.0,0.0,0.0,0.0,0.0,0.0,693214,2024-07-21 15:00:00,2024
Hamarkameratene,6.0,1.0,0.0,0.0,5.0,3.0,48.0,10.0,3.0,0.3,0.0,0.0,0.0,0.0,0.0,0.0,0.0,0.0,0.0,0.0,0.0,2.0,0.0,0.0,0.0,0.0,0.0,0.0,Fredrikstad,6.0,0.0,0.0,0.0,7.0,2.0,52.0,11.0,4.0,0.4,0.0,0.0,0.0,0.0,0.0,0.0,0.0,0.0,0.0,0.0,0.0,2.0,0.0,0.0,0.0,0.0,0.0,0.0,693215,2024-07-21 15:00:00,2024
KFUM Oslo,12.0,1.0,0.0,0.0,8.0,2.0,23.8,10.0,3.0,0.3,0.0,0.0,0.0,0.0,0.0,0.0,0.0,0.0,0.0,0.0,0.0,5.0,0.0,0.0,0.0,0.0,0.0,0.0,Bodo/Glimt,5.0,0.0,0.0,0.0,1.0,2.0,76.2,5.0,3.0,0.6,0.0,0.0,0.0,0.0,0.0,0.0,0.0,0.0,0.0,0.0,0.0,0.0,0.0,0.0,0.0,0.0,0.0,0.0,693217,2024-07-27 14:00:00,2024
Fredrikstad,8.0,3.0,0.0,0.0,4.0,3.0,40.3,15.0,4.0,0.3,0.0,0.0,0.0,0.0,0.0,0.0,0.0,0.0,0.0,0.0,0.0,6.0,0.0,0.0,0.0,0.0,0.0,0.0,Rosenborg,9.0,1.0,0.0,0.0,6.0,2.0,59.7,13.0,5.0,0.4,0.0,0.0,0.0,0.0,0.0,0.0,0.0,0.0,0.0,0.0,0.0,3.0,0.0,0.0,0.0,0.0,0.0,0.0,693222,2024-07-27 16:00:00,2024
Tromso,13.0,1.0,0.0,0.0,10.0,3.0,54.9,20.0,4.0,0.2,0.0,1.0,0.0,0.0,0.0,0.0,0.0,0.0,0.0,0.0,0.0,4.0,0.0,0.0,0.0,0.0,0.0,0.0,Kristiansund BK,10.0,2.0,0.0,0.0,5.0,4.0,45.1,13.0,3.0,0.2,0.0,0.0,0.0,0.0,0.0,0.0,0.0,0.0,0.0,0.0,0.0,5.0,0.0,0.0,0.0,0.0,0.0,0.0,693219,2024-07-28 15:00:00,2024
Odds BK,12.0,2.0,0.0,0.0,3.0,4.0,47.8,11.0,4.0,0.4,0.0,0.0,0.0,0.0,0.0,0.0,0.0,0.0,0.0,0.0,0.0,3.0,0.0,0.0,0.0,0.0,0.0,0.0,Stromsgodset,17.0,3.0,0.0,0.0,6.0,2.0,52.2,18.0,4.0,0.2,0.0,0.0,0.0,0.0,0.0,0.0,0.0,0.0,0.0,0.0,0.0,4.0,0.0,0.0,0.0,0.0,0.0,0.0,693224,2024-07-28 15:00:00,2024
Lillestrom,6.0,2.0,0.0,0.0,9.0,0.0,69.9,16.0,5.0,0.3,0.0,0.0,0.0,0.0,0.0,0.0,0.0,0.0,0.0,0.0,0.0,6.0,0.0,0.0,0.0,0.0,0.0,0.0,Sarpsborg FK,15.0,4.0,0.0,0.0,1.0,3.0,30.1,4.0,2.0,0.5,0.0,0.0,0.0,0.0,0.0,0.0,0.0,0.0,0.0,0.0,0.0,0.0,0.0,0.0,0.0,0.0,0.0,0.0,693221,2024-07-28 15:00:00,2024
Sandefjord,14.0,0.0,0.0,0.0,7.0,6.0,47.3,23.0,6.0,0.3,1.0,1.0,0.0,0.0,0.0,0.0,0.0,0.0,0.0,0.0,0.0,6.0,0.0,0.0,0.0,0.0,0.0,0.0,Haugesund,11.0,3.0,0.0,0.0,3.0,2.0,52.7,19.0,9.0,0.5,0.0,0.0,0.0,0.0,0.0,0.0,0.0,0.0,0.0,0.0,0.0,3.0,0.0,0.0,0.0,0.0,0.0,0.0,693220,2024-07-28 15:00:00,2024
Viking FK,15.0,3.0,0.0,0.0,3.0,5.0,45.1,10.0,4.0,0.4,0.0,0.0,0.0,0.0,0.0,0.0,0.0,0.0,0.0,0.0,0.0,1.0,0.0,0.0,0.0,0.0,0.0,0.0,Molde,13.0,1.0,0.0,0.0,8.0,3.0,54.9,14.0,5.0,0.4,0.0,0.0,0.0,0.0,0.0,0.0,0.0,0.0,0.0,0.0,0.0,2.0,0.0,0.0,0.0,0.0,0.0,0.0,693218,2024-07-28 17:15:00,2024
Bodo/Glimt,9.0,0.0,0.0,0.0,11.0,4.0,65.8,24.0,10.0,0.4,0.0,0.0,0.0,0.0,0.0,0.0,0.0,0.0,0.0,0.0,0.0,7.0,0.0,0.0,0.0,0.0,0.0,0.0,Haugesund,7.0,1.0,0.0,0.0,2.0,6.0,34.2,13.0,6.0,0.5,0.0,0.0,0.0,0.0,0.0,0.0,0.0,0.0,0.0,0.0,0.0,2.0,0.0,0.0,0.0,0.0,0.0,0.0,693226,2024-08-03 16:00:00,2024
Stromsgodset,11.0,2.0,0.0,0.0,3.0,6.0,31.9,14.0,5.0,0.4,0.0,0.0,0.0,0.0,0.0,0.0,0.0,0.0,0.0,0.0,0.0,2.0,0.0,0.0,0.0,0.0,0.0,0.0,SK Brann,12.0,0.0,0.0,0.0,6.0,3.0,68.1,18.0,8.0,0.4,0.0,0.0,0.0,0.0,0.0,0.0,0.0,0.0,0.0,0.0,0.0,6.0,0.0,0.0,0.0,0.0,0.0,0.0,693231,2024-08-04 15:00:00,2024
Sarpsborg FK,18.0,1.0,0.0,0.0,3.0,3.0,48.2,17.0,5.0,0.3,1.0,1.0,0.0,0.0,0.0,0.0,0.0,0.0,0.0,0.0,0.0,7.0,0.0,0.0,0.0,0.0,0.0,0.0,Sandefjord,7.0,0.0,0.0,0.0,3.0,3.0,51.8,14.0,5.0,0.4,0.0,0.0,0.0,0.0,0.0,0.0,0.0,0.0,0.0,0.0,0.0,7.0,0.0,0.0,0.0,0.0,0.0,0.0,693227,2024-08-04 15:00:00,2024
Hamarkameratene,9.0,2.0,0.0,0.0,9.0,4.0,41.4,10.0,3.0,0.3,0.0,0.0,0.0,0.0,0.0,0.0,0.0,0.0,0.0,0.0,0.0,2.0,0.0,0.0,0.0,0.0,0.0,0.0,Viking FK,8.0,2.0,0.0,0.0,5.0,2.0,58.6,15.0,7.0,0.5,1.0,1.0,0.0,0.0,0.0,0.0,0.0,0.0,0.0,0.0,0.0,3.0,0.0,0.0,0.0,0.0,0.0,0.0,693225,2024-08-04 15:00:00,2024
Kristiansund BK,9.0,1.0,0.0,0.0,1.0,3.0,35.7,9.0,6.0,0.7,0.0,0.0,0.0,0.0,0.0,0.0,0.0,0.0,0.0,0.0,0.0,1.0,0.0,0.0,0.0,0.0,0.0,0.0,Lillestrom,17.0,2.0,0.0,0.0,8.0,4.0,64.3,11.0,4.0,0.4,0.0,0.0,0.0,0.0,0.0,0.0,0.0,0.0,0.0,0.0,0.0,3.0,0.0,0.0,0.0,0.0,0.0,0.0,693230,2024-08-04 15:00:00,2024
Fredrikstad,9.0,0.0,0.0,0.0,4.0,0.0,48.7,10.0,1.0,0.1,0.0,0.0,0.0,0.0,0.0,0.0,0.0,0.0,0.0,0.0,0.0,3.0,0.0,0.0,0.0,0.0,0.0,0.0,KFUM Oslo,6.0,1.0,0.0,0.0,1.0,1.0,51.3,3.0,0.0,0.0,0.0,0.0,0.0,0.0,0.0,0.0,0.0,0.0,0.0,0.0,0.0,0.0,0.0,0.0,0.0,0.0,0.0,0.0,693232,2024-08-04 15:00:00,2024
Rosenborg,12.0,2.0,0.0,0.0,8.0,2.0,55.6,25.0,9.0,0.4,0.0,0.0,0.0,0.0,0.0,0.0,0.0,0.0,0.0,0.0,0.0,7.0,0.0,0.0,0.0,0.0,0.0,0.0,Tromso,10.0,4.0,0.0,0.0,2.0,8.0,44.4,6.0,2.0,0.3,0.0,0.0,0.0,0.0,0.0,0.0,0.0,0.0,0.0,0.0,0.0,2.0,0.0,0.0,0.0,0.0,0.0,0.0,693228,2024-08-04 17:15:00,2024
Sandefjord,14.0,1.0,0.0,0.0,7.0,2.0,57.0,18.0,7.0,0.4,0.0,0.0,0.0,0.0,0.0,0.0,0.0,0.0,0.0,0.0,0.0,6.0,0.0,0.0,0.0,0.0,0.0,0.0,Stromsgodset,8.0,2.0,0.0,0.0,6.0,6.0,43.0,11.0,4.0,0.4,0.0,0.0,0.0,0.0,0.0,0.0,0.0,0.0,0.0,0.0,0.0,3.0,0.0,0.0,0.0,0.0,0.0,0.0,693239,2024-08-09 17:00:00,2024
Haugesund,12.0,2.0,0.0,0.0,9.0,4.0,70.1,20.0,6.0,0.3,0.0,0.0,0.0,0.0,0.0,0.0,0.0,0.0,0.0,0.0,0.0,7.0,0.0,0.0,0.0,0.0,0.0,0.0,Hamarkameratene,10.0,3.0,0.0,0.0,2.0,5.0,29.9,10.0,5.0,0.5,0.0,0.0,0.0,0.0,0.0,0.0,0.0,0.0,0.0,0.0,0.0,0.0,0.0,0.0,0.0,0.0,0.0,0.0,693235,2024-08-10 14:00:00,2024
Viking FK,13.0,1.0,0.0,0.0,10.0,2.0,45.0,14.0,5.0,0.4,0.0,1.0,0.0,0.0,0.0,0.0,0.0,0.0,0.0,0.0,0.0,3.0,0.0,0.0,0.0,0.0,0.0,0.0,Bodo/Glimt,8.0,1.0,0.0,0.0,1.0,4.0,55.0,10.0,3.0,0.3,0.0,0.0,0.0,0.0,0.0,0.0,0.0,0.0,0.0,0.0,0.0,3.0,0.0,0.0,0.0,0.0,0.0,0.0,693233,2024-08-10 16:00:00,2024
KFUM Oslo,16.0,2.0,1.0,0.0,2.0,2.0,36.1,6.0,3.0,0.5,0.0,1.0,0.0,0.0,0.0,0.0,0.0,0.0,0.0,0.0,0.0,2.0,0.0,0.0,0.0,0.0,0.0,0.0,Rosenborg,10.0,3.0,0.0,0.0,1.0,2.0,63.9,12.0,2.0,0.2,0.0,0.0,0.0,0.0,0.0,0.0,0.0,0.0,0.0,0.0,0.0,5.0,0.0,0.0,0.0,0.0,0.0,0.0,693240,2024-08-11 15:00:00,2024
Odds BK,14.0,2.0,0.0,0.0,5.0,4.0,32.0,4.0,3.0,0.8,1.0,1.0,0.0,0.0,0.0,0.0,0.0,0.0,0.0,0.0,0.0,1.0,0.0,0.0,0.0,0.0,0.0,0.0,Sarpsborg FK,16.0,1.0,0.0,0.0,10.0,2.0,68.0,22.0,5.0,0.2,0.0,0.0,0.0,0.0,0.0,0.0,0.0,0.0,0.0,0.0,0.0,8.0,0.0,0.0,0.0,0.0,0.0,0.0,693237,2024-08-11 15:00:00,2024
Lillestrom,14.0,4.0,0.0,0.0,2.0,1.0,58.6,7.0,3.0,0.4,0.0,0.0,0.0,0.0,0.0,0.0,0.0,0.0,0.0,0.0,0.0,2.0,0.0,0.0,0.0,0.0,0.0,0.0,Molde,10.0,1.0,0.0,0.0,3.0,2.0,41.4,9.0,3.0,0.3,0.0,0.0,0.0,0.0,0.0,0.0,0.0,0.0,0.0,0.0,0.0,2.0,0.0,0.0,0.0,0.0,0.0,0.0,693236,2024-08-11 17:15:00,2024
Fredrikstad,11.0,0.0,0.0,0.0,6.0,3.0,51.2,14.0,8.0,0.6,0.0,0.0,0.0,0.0,0.0,0.0,0.0,0.0,0.0,0.0,0.0,4.0,0.0,0.0,0.0,0.0,0.0,0.0,Haugesund,7.0,1.0,0.0,0.0,1.0,6.0,48.8,13.0,3.0,0.2,0.0,0.0,0.0,0.0,0.0,0.0,0.0,0.0,0.0,0.0,0.0,3.0,0.0,0.0,0.0,0.0,0.0,0.0,693187,2024-08-14 17:00:00,2024
Stromsgodset,9.0,2.0,0.0,0.0,11.0,3.0,44.9,25.0,12.0,0.5,0.0,0.0,0.0,0.0,0.0,0.0,0.0,0.0,0.0,0.0,0.0,3.0,0.0,0.0,0.0,0.0,0.0,0.0,Lillestrom,10.0,3.0,0.0,0.0,7.0,9.0,55.1,16.0,5.0,0.3,1.0,1.0,0.0,0.0,0.0,0.0,0.0,0.0,0.0,0.0,0.0,5.0,0.0,0.0,0.0,0.0,0.0,0.0,693245,2024-08-17 16:00:00,2024
Fredrikstad,11.0,3.0,0.0,0.0,7.0,3.0,32.9,12.0,2.0,0.2,0.0,0.0,0.0,0.0,0.0,0.0,0.0,0.0,0.0,0.0,0.0,6.0,0.0,0.0,0.0,0.0,0.0,0.0,SK Brann,9.0,1.0,0.0,0.0,2.0,2.0,67.1,16.0,7.0,0.4,0.0,0.0,0.0,0.0,0.0,0.0,0.0,0.0,0.0,0.0,0.0,4.0,0.0,0.0,0.0,0.0,0.0,0.0,693246,2024-08-18 12:30:00,2024
Sarpsborg FK,12.0,2.0,0.0,0.0,10.0,3.0,49.4,15.0,6.0,0.4,0.0,0.0,0.0,0.0,0.0,0.0,0.0,0.0,0.0,0.0,0.0,5.0,0.0,0.0,0.0,0.0,0.0,0.0,Haugesund,7.0,2.0,0.0,0.0,4.0,4.0,50.6,16.0,5.0,0.3,1.0,1.0,0.0,0.0,0.0,0.0,0.0,0.0,0.0,0.0,0.0,5.0,0.0,0.0,0.0,0.0,0.0,0.0,693244,2024-08-18 15:00:00,2024
KFUM Oslo,9.0,0.0,0.0,0.0,7.0,0.0,57.1,11.0,3.0,0.3,0.0,0.0,0.0,0.0,0.0,0.0,0.0,0.0,0.0,0.0,0.0,2.0,0.0,0.0,0.0,0.0,0.0,0.0,Tromso,6.0,3.0,0.0,0.0,2.0,3.0,42.9,4.0,1.0,0.3,0.0,0.0,0.0,0.0,0.0,0.0,0.0,0.0,0.0,0.0,0.0,1.0,0.0,0.0,0.0,0.0,0.0,0.0,693248,2024-08-18 15:00:00,2024
Hamarkameratene,11.0,2.0,1.0,0.0,4.0,1.0,38.2,18.0,5.0,0.3,0.0,0.0,0.0,0.0,0.0,0.0,0.0,0.0,0.0,0.0,0.0,5.0,0.0,0.0,0.0,0.0,0.0,0.0,Odds BK,6.0,0.0,0.0,0.0,11.0,4.0,61.8,17.0,1.0,0.1,0.0,0.0,0.0,0.0,0.0,0.0,0.0,0.0,0.0,0.0,0.0,7.0,0.0,0.0,0.0,0.0,0.0,0.0,693241,2024-08-18 15:00:00,2024
Rosenborg,15.0,4.0,0.0,0.0,4.0,3.0,42.4,11.0,3.0,0.3,0.0,0.0,0.0,0.0,0.0,0.0,0.0,0.0,0.0,0.0,0.0,4.0,0.0,0.0,0.0,0.0,0.0,0.0,Viking FK,16.0,2.0,0.0,0.0,5.0,0.0,57.6,12.0,4.0,0.3,0.0,0.0,0.0,0.0,0.0,0.0,0.0,0.0,0.0,0.0,0.0,2.0,0.0,0.0,0.0,0.0,0.0,0.0,693243,2024-08-18 17:15:00,2024
Rosenborg,12.0,1.0,0.0,0.0,5.0,3.0,58.5,14.0,5.0,0.4,1.0,1.0,0.0,0.0,0.0,0.0,0.0,0.0,0.0,0.0,0.0,3.0,0.0,0.0,0.0,0.0,0.0,0.0,Lillestrom,12.0,1.0,0.0,0.0,2.0,1.0,41.5,5.0,3.0,0.6,0.0,0.0,0.0,0.0,0.0,0.0,0.0,0.0,0.0,0.0,0.0,0.0,0.0,0.0,0.0,0.0,0.0,0.0,693216,2024-08-21 17:00:00,2024
Bodo/Glimt,9.0,1.0,0.0,0.0,3.0,5.0,56.7,12.0,8.0,0.7,0.0,0.0,0.0,0.0,0.0,0.0,0.0,0.0,0.0,0.0,0.0,3.0,0.0,0.0,0.0,0.0,0.0,0.0,Sarpsborg FK,8.0,1.0,0.0,0.0,9.0,2.0,43.3,12.0,5.0,0.4,0.0,0.0,0.0,0.0,0.0,0.0,0.0,0.0,0.0,0.0,0.0,3.0,0.0,0.0,0.0,0.0,0.0,0.0,693253,2024-08-24 14:00:00,2024
Lillestrom,7.0,3.0,0.0,0.0,12.0,1.0,70.9,18.0,2.0,0.1,0.0,0.0,0.0,0.0,0.0,0.0,0.0,0.0,0.0,0.0,0.0,7.0,0.0,0.0,0.0,0.0,0.0,0.0,Tromso,13.0,3.0,0.0,0.0,0.0,2.0,29.1,5.0,2.0,0.4,0.0,0.0,0.0,0.0,0.0,0.0,0.0,0.0,0.0,0.0,0.0,1.0,0.0,0.0,0.0,0.0,0.0,0.0,693250,2024-08-25 12:30:00,2024
Haugesund,7.0,0.0,0.0,0.0,5.0,2.0,61.7,14.0,3.0,0.2,0.0,0.0,0.0,0.0,0.0,0.0,0.0,0.0,0.0,0.0,0.0,4.0,0.0,0.0,0.0,0.0,0.0,0.0,Fredrikstad,5.0,0.0,0.0,0.0,3.0,2.0,38.3,10.0,2.0,0.2,0.0,0.0,0.0,0.0,0.0,0.0,0.0,0.0,0.0,0.0,0.0,5.0,0.0,0.0,0.0,0.0,0.0,0.0,693251,2024-08-25 15:00:00,2024
Molde,15.0,2.0,0.0,0.0,3.0,4.0,63.7,18.0,8.0,0.4,0.0,0.0,0.0,0.0,0.0,0.0,0.0,0.0,0.0,0.0,0.0,5.0,0.0,0.0,0.0,0.0,0.0,0.0,Hamarkameratene,9.0,0.0,0.0,0.0,6.0,4.0,36.2,11.0,4.0,0.4,0.0,0.0,0.0,0.0,0.0,0.0,0.0,0.0,0.0,0.0,0.0,3.0,0.0,0.0,0.0,0.0,0.0,0.0,693249,2024-08-25 15:00:00,2024
Viking FK,10.0,1.0,0.0,0.0,9.0,1.0,60.0,29.0,11.0,0.4,1.0,1.0,0.0,0.0,0.0,0.0,0.0,0.0,0.0,0.0,0.0,7.0,0.0,0.0,0.0,0.0,0.0,0.0,Stromsgodset,11.0,5.0,0.0,0.0,1.0,6.0,40.0,8.0,3.0,0.4,0.0,0.0,0.0,0.0,0.0,0.0,0.0,0.0,0.0,0.0,0.0,1.0,0.0,0.0,0.0,0.0,0.0,0.0,693252,2024-08-25 15:00:00,2024
Sandefjord,12.0,1.0,0.0,0.0,9.0,0.0,58.6,20.0,4.0,0.2,0.0,0.0,0.0,0.0,0.0,0.0,0.0,0.0,0.0,0.0,0.0,5.0,0.0,0.0,0.0,0.0,0.0,0.0,Kristiansund BK,11.0,0.0,0.0,0.0,4.0,4.0,41.4,7.0,0.0,0.0,0.0,0.0,0.0,0.0,0.0,0.0,0.0,0.0,0.0,0.0,0.0,1.0,0.0,0.0,0.0,0.0,0.0,0.0,693256,2024-08-25 15:00:00,2024
Odds BK,11.0,1.0,0.0,0.0,0.0,6.0,48.1,9.0,1.0,0.1,0.0,0.0,0.0,0.0,0.0,0.0,0.0,0.0,0.0,0.0,0.0,3.0,0.0,0.0,0.0,0.0,0.0,0.0,Rosenborg,17.0,2.0,0.0,0.0,8.0,0.0,51.9,19.0,9.0,0.5,0.0,0.0,0.0,0.0,0.0,0.0,0.0,0.0,0.0,0.0,0.0,3.0,0.0,0.0,0.0,0.0,0.0,0.0,693255,2024-08-25 17:15:00,2024
KFUM Oslo,9.0,1.0,0.0,0.0,2.0,1.0,53.5,11.0,4.0,0.4,1.0,1.0,0.0,0.0,0.0,0.0,0.0,0.0,0.0,0.0,0.0,3.0,0.0,0.0,0.0,0.0,0.0,0.0,Lillestrom,14.0,2.0,1.0,0.0,2.0,2.0,46.5,6.0,1.0,0.2,0.0,0.0,0.0,0.0,0.0,0.0,0.0,0.0,0.0,0.0,0.0,0.0,0.0,0.0,0.0,0.0,0.0,0.0,693264,2024-08-30 17:00:00,2024
Fredrikstad,14.0,1.0,0.0,0.0,6.0,1.0,52.3,12.0,6.0,0.5,1.0,1.0,0.0,0.0,0.0,0.0,0.0,0.0,0.0,0.0,0.0,0.0,0.0,0.0,0.0,0.0,0.0,0.0,Odds BK,10.0,2.0,0.0,0.0,3.0,4.0,47.7,8.0,1.0,0.1,0.0,0.0,0.0,0.0,0.0,0.0,0.0,0.0,0.0,0.0,0.0,4.0,0.0,0.0,0.0,0.0,0.0,0.0,693262,2024-08-31 16:00:00,2024
Rosenborg,11.0,3.0,0.0,0.0,6.0,0.0,71.3,16.0,6.0,0.4,0.0,0.0,0.0,0.0,0.0,0.0,0.0,0.0,0.0,0.0,0.0,6.0,0.0,0.0,0.0,0.0,0.0,0.0,Molde,10.0,2.0,0.0,0.0,2.0,4.0,28.7,6.0,1.0,0.2,0.0,0.0,0.0,0.0,0.0,0.0,0.0,0.0,0.0,0.0,0.0,2.0,0.0,0.0,0.0,0.0,0.0,0.0,693260,2024-09-01 15:00:00,2024
Stromsgodset,5.0,1.0,0.0,0.0,6.0,2.0,37.8,19.0,7.0,0.4,0.0,1.0,0.0,0.0,0.0,0.0,0.0,0.0,0.0,0.0,0.0,2.0,0.0,0.0,0.0,0.0,0.0,0.0,Bodo/Glimt,7.0,1.0,0.0,0.0,1.0,7.0,62.2,9.0,3.0,0.3,0.0,0.0,0.0,0.0,0.0,0.0,0.0,0.0,0.0,0.0,0.0,2.0,0.0,0.0,0.0,0.0,0.0,0.0,693259,2024-09-01 15:00:00,2024
Hamarkameratene,11.0,1.0,0.0,0.0,7.0,3.0,37.0,11.0,1.0,0.1,0.0,0.0,0.0,0.0,0.0,0.0,0.0,0.0,0.0,0.0,0.0,2.0,0.0,0.0,0.0,0.0,0.0,0.0,Sandefjord,11.0,2.0,0.0,0.0,6.0,0.0,63.0,15.0,4.0,0.3,0.0,0.0,0.0,0.0,0.0,0.0,0.0,0.0,0.0,0.0,0.0,4.0,0.0,0.0,0.0,0.0,0.0,0.0,693257,2024-09-01 15:00:00,2024
Kristiansund BK,15.0,2.0,0.0,0.0,2.0,1.0,43.7,12.0,4.0,0.3,0.0,0.0,0.0,0.0,0.0,0.0,0.0,0.0,0.0,0.0,0.0,1.0,0.0,0.0,0.0,0.0,0.0,0.0,Haugesund,13.0,3.0,0.0,0.0,3.0,2.0,56.3,14.0,3.0,0.2,0.0,0.0,0.0,0.0,0.0,0.0,0.0,0.0,0.0,0.0,0.0,3.0,0.0,0.0,0.0,0.0,0.0,0.0,693261,2024-09-01 15:00:00,2024
Tromso,5.0,1.0,0.0,0.0,2.0,4.0,36.0,11.0,4.0,0.4,0.0,0.0,0.0,0.0,0.0,0.0,0.0,0.0,0.0,0.0,0.0,3.0,0.0,0.0,0.0,0.0,0.0,0.0,Viking FK,9.0,2.0,0.0,0.0,12.0,2.0,64.0,23.0,6.0,0.3,0.0,0.0,0.0,0.0,0.0,0.0,0.0,0.0,0.0,0.0,0.0,12.0,0.0,0.0,0.0,0.0,0.0,0.0,693263,2024-09-01 15:00:00,2024
SK Brann,9.0,1.0,0.0,0.0,10.0,2.0,70.9,14.0,4.0,0.3,1.0,1.0,0.0,0.0,0.0,0.0,0.0,0.0,0.0,0.0,0.0,3.0,0.0,0.0,0.0,0.0,0.0,0.0,Sarpsborg FK,15.0,2.0,0.0,0.0,1.0,3.0,29.1,10.0,5.0,0.5,1.0,1.0,0.0,0.0,0.0,0.0,0.0,0.0,0.0,0.0,0.0,3.0,0.0,0.0,0.0,0.0,0.0,0.0,693258,2024-09-01 17:15:00,2024
Bodo/Glimt,7.0,0.0,0.0,0.0,8.0,2.0,70.0,13.0,6.0,0.5,0.0,0.0,0.0,0.0,0.0,0.0,0.0,0.0,0.0,0.0,0.0,2.0,0.0,0.0,0.0,0.0,0.0,0.0,Hamarkameratene,8.0,1.0,0.0,0.0,6.0,3.0,30.0,9.0,2.0,0.2,0.0,0.0,0.0,0.0,0.0,0.0,0.0,0.0,0.0,0.0,0.0,3.0,0.0,0.0,0.0,0.0,0.0,0.0,693265,2024-09-13 17:00:00,2024
Viking FK,14.0,4.0,0.0,0.0,3.0,1.0,55.2,14.0,3.0,0.2,0.0,0.0,0.0,0.0,0.0,0.0,0.0,0.0,0.0,0.0,0.0,5.0,0.0,0.0,0.0,0.0,0.0,0.0,KFUM Oslo,14.0,6.0,0.0,0.0,2.0,3.0,44.8,5.0,1.0,0.2,0.0,0.0,0.0,0.0,0.0,0.0,0.0,0.0,0.0,0.0,0.0,1.0,0.0,0.0,0.0,0.0,0.0,0.0,693272,2024-09-14 14:00:00,2024
Molde,5.0,0.0,0.0,0.0,12.0,2.0,62.5,18.0,11.0,0.6,0.0,0.0,0.0,0.0,0.0,0.0,0.0,0.0,0.0,0.0,0.0,2.0,0.0,0.0,0.0,0.0,0.0,0.0,Fredrikstad,6.0,1.0,0.0,0.0,5.0,5.0,37.5,11.0,3.0,0.3,0.0,0.0,0.0,0.0,0.0,0.0,0.0,0.0,0.0,0.0,0.0,4.0,0.0,0.0,0.0,0.0,0.0,0.0,693268,2024-09-14 16:00:00,2024
Odds BK,7.0,1.0,0.0,0.0,4.0,3.0,47.5,7.0,5.0,0.7,0.0,0.0,0.0,0.0,0.0,0.0,0.0,0.0,0.0,0.0,0.0,0.0,0.0,0.0,0.0,0.0,0.0,0.0,Tromso,13.0,2.0,0.0,0.0,4.0,4.0,52.5,17.0,3.0,0.2,0.0,0.0,0.0,0.0,0.0,0.0,0.0,0.0,0.0,0.0,0.0,6.0,0.0,0.0,0.0,0.0,0.0,0.0,693269,2024-09-15 12:30:00,2024
Haugesund,11.0,3.0,0.0,0.0,11.0,3.0,62.6,27.0,5.0,0.2,0.0,0.0,0.0,0.0,0.0,0.0,0.0,0.0,0.0,0.0,0.0,11.0,0.0,0.0,0.0,0.0,0.0,0.0,Stromsgodset,7.0,1.0,0.0,0.0,0.0,5.0,37.4,8.0,2.0,0.3,0.0,0.0,0.0,0.0,0.0,0.0,0.0,0.0,0.0,0.0,0.0,1.0,0.0,0.0,0.0,0.0,0.0,0.0,693266,2024-09-15 15:00:00,2024
Sarpsborg FK,10.0,2.0,0.0,0.0,7.0,3.0,66.4,14.0,3.0,0.2,0.0,0.0,0.0,0.0,0.0,0.0,0.0,0.0,0.0,0.0,0.0,4.0,0.0,0.0,0.0,0.0,0.0,0.0,Kristiansund BK,14.0,4.0,0.0,0.0,1.0,3.0,33.6,10.0,5.0,0.5,0.0,0.0,0.0,0.0,0.0,0.0,0.0,0.0,0.0,0.0,0.0,0.0,0.0,0.0,0.0,0.0,0.0,0.0,693270,2024-09-15 15:00:00,2024
Sandefjord,16.0,2.0,0.0,0.0,3.0,3.0,37.6,7.0,2.0,0.3,0.0,0.0,0.0,0.0,0.0,0.0,0.0,0.0,0.0,0.0,0.0,3.0,0.0,0.0,0.0,0.0,0.0,0.0,SK Brann,11.0,0.0,0.0,0.0,2.0,0.0,62.4,10.0,5.0,0.5,0.0,0.0,0.0,0.0,0.0,0.0,0.0,0.0,0.0,0.0,0.0,3.0,0.0,0.0,0.0,0.0,0.0,0.0,693271,2024-09-15 15:00:00,2024
Lillestrom,15.0,2.0,0.0,0.0,5.0,1.0,39.0,8.0,1.0,0.1,0.0,0.0,0.0,0.0,0.0,0.0,0.0,0.0,0.0,0.0,0.0,4.0,0.0,0.0,0.0,0.0,0.0,0.0,Rosenborg,10.0,1.0,0.0,0.0,5.0,0.0,61.0,12.0,2.0,0.2,0.0,0.0,0.0,0.0,0.0,0.0,0.0,0.0,0.0,0.0,0.0,4.0,0.0,0.0,0.0,0.0,0.0,0.0,693267,2024-09-15 17:15:00,2024
Kristiansund BK,12.0,4.0,0.0,0.0,2.0,3.0,42.9,10.0,4.0,0.4,0.0,0.0,0.0,0.0,0.0,0.0,0.0,0.0,0.0,0.0,0.0,1.0,0.0,0.0,0.0,0.0,0.0,0.0,Molde,8.0,1.0,0.0,0.0,6.0,4.0,57.1,17.0,7.0,0.4,0.0,0.0,0.0,0.0,0.0,0.0,0.0,0.0,0.0,0.0,0.0,4.0,0.0,0.0,0.0,0.0,0.0,0.0,693242,2024-09-18 16:00:00,2024
SK Brann,8.0,0.0,0.0,0.0,5.0,1.0,59.2,13.0,5.0,0.4,1.0,1.0,0.0,0.0,0.0,0.0,0.0,0.0,0.0,0.0,0.0,3.0,0.0,0.0,0.0,0.0,0.0,0.0,KFUM Oslo,12.0,1.0,1.0,0.0,4.0,3.0,40.8,9.0,1.0,0.1,0.0,0.0,0.0,0.0,0.0,0.0,0.0,0.0,0.0,0.0,0.0,4.0,0.0,0.0,0.0,0.0,0.0,0.0,693254,2024-09-18 17:00:00,2024
Stromsgodset,15.0,3.0,0.0,0.0,4.0,4.0,31.5,16.0,6.0,0.4,1.0,1.0,0.0,0.0,0.0,0.0,0.0,0.0,0.0,0.0,0.0,6.0,0.0,0.0,0.0,0.0,0.0,0.0,Sarpsborg FK,13.0,3.0,0.0,0.0,7.0,4.0,68.5,16.0,6.0,0.4,0.0,0.0,0.0,0.0,0.0,0.0,0.0,0.0,0.0,0.0,0.0,5.0,0.0,0.0,0.0,0.0,0.0,0.0,693276,2024-09-21 14:00:00,2024
Hamarkameratene,8.0,1.0,0.0,0.0,5.0,3.0,40.0,25.0,9.0,0.4,0.0,0.0,0.0,0.0,0.0,0.0,0.0,0.0,0.0,0.0,0.0,5.0,0.0,0.0,0.0,0.0,0.0,0.0,Lillestrom,10.0,2.0,0.0,0.0,7.0,4.0,60.0,19.0,3.0,0.2,0.0,0.0,0.0,0.0,0.0,0.0,0.0,0.0,0.0,0.0,0.0,4.0,0.0,0.0,0.0,0.0,0.0,0.0,693273,2024-09-21 16:00:00,2024
SK Brann,14.0,2.0,0.0,0.0,5.0,4.0,56.3,15.0,8.0,0.5,1.0,1.0,0.0,0.0,0.0,0.0,0.0,0.0,0.0,0.0,0.0,4.0,0.0,0.0,0.0,0.0,0.0,0.0,Bodo/Glimt,10.0,2.0,0.0,0.0,9.0,4.0,43.7,17.0,6.0,0.4,0.0,0.0,0.0,0.0,0.0,0.0,0.0,0.0,0.0,0.0,0.0,4.0,0.0,0.0,0.0,0.0,0.0,0.0,693279,2024-09-22 12:30:00,2024
Kristiansund BK,12.0,0.0,0.0,0.0,3.0,1.0,52.5,14.0,3.0,0.2,0.0,0.0,0.0,0.0,0.0,0.0,0.0,0.0,0.0,0.0,0.0,5.0,0.0,0.0,0.0,0.0,0.0,0.0,Odds BK,12.0,3.0,0.0,0.0,5.0,3.0,47.5,6.0,1.0,0.2,0.0,0.0,0.0,0.0,0.0,0.0,0.0,0.0,0.0,0.0,0.0,1.0,0.0,0.0,0.0,0.0,0.0,0.0,693274,2024-09-22 15:00:00,2024
Tromso,5.0,0.0,0.0,0.0,8.0,5.0,39.0,15.0,7.0,0.5,0.0,0.0,0.0,0.0,0.0,0.0,0.0,0.0,0.0,0.0,0.0,2.0,0.0,0.0,0.0,0.0,0.0,0.0,Sandefjord,5.0,0.0,0.0,0.0,9.0,4.0,61.0,13.0,5.0,0.4,0.0,0.0,0.0,0.0,0.0,0.0,0.0,0.0,0.0,0.0,0.0,3.0,0.0,0.0,0.0,0.0,0.0,0.0,693277,2024-09-22 15:00:00,2024
Rosenborg,13.0,0.0,0.0,0.0,13.0,2.0,55.3,28.0,8.0,0.3,0.0,0.0,0.0,0.0,0.0,0.0,0.0,0.0,0.0,0.0,0.0,10.0,0.0,0.0,0.0,0.0,0.0,0.0,Haugesund,7.0,1.0,0.0,0.0,1.0,5.0,44.7,8.0,2.0,0.3,0.0,0.0,0.0,0.0,0.0,0.0,0.0,0.0,0.0,0.0,0.0,4.0,0.0,0.0,0.0,0.0,0.0,0.0,693275,2024-09-22 15:00:00,2024
Fredrikstad,12.0,2.0,0.0,0.0,7.0,9.0,38.4,14.0,5.0,0.4,0.0,0.0,0.0,0.0,0.0,0.0,0.0,0.0,0.0,0.0,0.0,2.0,0.0,0.0,0.0,0.0,0.0,0.0,Viking FK,8.0,2.0,0.0,0.0,6.0,2.0,61.6,23.0,11.0,0.5,0.0,0.0,0.0,0.0,0.0,0.0,0.0,0.0,0.0,0.0,0.0,4.0,0.0,0.0,0.0,0.0,0.0,0.0,693278,2024-09-22 17:15:00,2024
KFUM Oslo,9.0,0.0,0.0,0.0,1.0,1.0,35.5,6.0,2.0,0.3,0.0,0.0,0.0,0.0,0.0,0.0,0.0,0.0,0.0,0.0,0.0,1.0,0.0,0.0,0.0,0.0,0.0,0.0,Molde,15.0,0.0,0.0,0.0,6.0,1.0,64.5,7.0,2.0,0.3,0.0,0.0,0.0,0.0,0.0,0.0,0.0,0.0,0.0,0.0,0.0,3.0,0.0,0.0,0.0,0.0,0.0,0.0,693280,2024-09-23 17:00:00,2024
Molde,5.0,0.0,0.0,0.0,4.0,2.0,55.3,22.0,10.0,0.5,1.0,1.0,0.0,0.0,0.0,0.0,0.0,0.0,0.0,0.0,0.0,4.0,0.0,0.0,0.0,0.0,0.0,0.0,Tromso,11.0,0.0,0.0,0.0,0.0,4.0,44.7,8.0,5.0,0.6,0.0,0.0,0.0,0.0,0.0,0.0,0.0,0.0,0.0,0.0,0.0,1.0,0.0,0.0,0.0,0.0,0.0,0.0,693282,2024-09-28 12:00:00,2024
Haugesund,14.0,3.0,0.0,0.0,1.0,2.0,36.0,18.0,5.0,0.3,0.0,0.0,0.0,0.0,0.0,0.0,0.0,0.0,0.0,0.0,0.0,6.0,0.0,0.0,0.0,0.0,0.0,0.0,SK Brann,14.0,1.0,0.0,0.0,2.0,5.0,64.0,10.0,3.0,0.3,0.0,0.0,0.0,0.0,0.0,0.0,0.0,0.0,0.0,0.0,0.0,4.0,0.0,0.0,0.0,0.0,0.0,0.0,693288,2024-09-28 16:00:00,2024
Sarpsborg FK,16.0,3.0,0.0,0.0,1.0,2.0,69.4,12.0,2.0,0.2,0.0,0.0,0.0,0.0,0.0,0.0,0.0,0.0,0.0,0.0,0.0,2.0,0.0,0.0,0.0,0.0,0.0,0.0,Fredrikstad,10.0,2.0,0.0,0.0,2.0,2.0,30.6,6.0,2.0,0.3,0.0,0.0,0.0,0.0,0.0,0.0,0.0,0.0,0.0,0.0,0.0,1.0,0.0,0.0,0.0,0.0,0.0,0.0,693287,2024-09-28 18:00:00,2024
Stromsgodset,7.0,1.0,0.0,0.0,9.0,2.0,42.6,12.0,2.0,0.2,0.0,0.0,0.0,0.0,0.0,0.0,0.0,0.0,0.0,0.0,0.0,3.0,0.0,0.0,0.0,0.0,0.0,0.0,Hamarkameratene,4.0,1.0,0.0,0.0,14.0,1.0,57.4,21.0,2.0,0.1,0.0,0.0,0.0,0.0,0.0,0.0,0.0,0.0,0.0,0.0,0.0,9.0,0.0,0.0,0.0,0.0,0.0,0.0,693284,2024-09-29 12:30:00,2024
Odds BK,9.0,1.0,0.0,0.0,5.0,2.0,39.9,5.0,2.0,0.4,0.0,0.0,0.0,0.0,0.0,0.0,0.0,0.0,0.0,0.0,0.0,3.0,0.0,0.0,0.0,0.0,0.0,0.0,KFUM Oslo,9.0,1.0,0.0,0.0,3.0,1.0,60.1,9.0,5.0,0.6,1.0,1.0,0.0,0.0,0.0,0.0,0.0,0.0,0.0,0.0,0.0,1.0,0.0,0.0,0.0,0.0,0.0,0.0,693286,2024-09-29 15:00:00,2024
Bodo/Glimt,6.0,0.0,0.0,0.0,10.0,5.0,71.7,14.0,4.0,0.3,1.0,1.0,0.0,0.0,0.0,0.0,0.0,0.0,0.0,0.0,0.0,4.0,0.0,0.0,0.0,0.0,0.0,0.0,Kristiansund BK,14.0,0.0,0.0,0.0,6.0,1.0,28.3,10.0,5.0,0.5,0.0,0.0,0.0,0.0,0.0,0.0,0.0,0.0,0.0,0.0,0.0,1.0,0.0,0.0,0.0,0.0,0.0,0.0,693285,2024-09-29 15:00:00,2024
Lillestrom,12.0,2.0,0.0,0.0,3.0,2.0,50.8,6.0,2.0,0.3,0.0,0.0,0.0,0.0,0.0,0.0,0.0,0.0,0.0,0.0,0.0,0.0,0.0,0.0,0.0,0.0,0.0,0.0,Viking FK,9.0,2.0,0.0,0.0,4.0,1.0,49.2,12.0,6.0,0.5,0.0,0.0,0.0,0.0,0.0,0.0,0.0,0.0,0.0,0.0,0.0,3.0,0.0,0.0,0.0,0.0,0.0,0.0,693283,2024-09-29 15:00:00,2024
Sandefjord,9.0,2.0,0.0,0.0,7.0,2.0,47.5,21.0,9.0,0.4,0.0,0.0,0.0,0.0,0.0,0.0,0.0,0.0,0.0,0.0,0.0,7.0,0.0,0.0,0.0,0.0,0.0,0.0,Rosenborg,12.0,1.0,0.0,0.0,1.0,9.0,52.5,14.0,3.0,0.2,0.0,0.0,0.0,0.0,0.0,0.0,0.0,0.0,0.0,0.0,0.0,6.0,0.0,0.0,0.0,0.0,0.0,0.0,693281,2024-09-29 17:15:00,2024
Kristiansund BK,20.0,4.0,0.0,0.0,1.0,5.0,38.2,18.0,6.0,0.3,0.0,0.0,0.0,0.0,0.0,0.0,0.0,0.0,0.0,0.0,0.0,4.0,0.0,0.0,0.0,0.0,0.0,0.0,Sandefjord,16.0,1.0,1.0,0.0,1.0,4.0,61.8,13.0,6.0,0.5,0.0,0.0,0.0,0.0,0.0,0.0,0.0,0.0,0.0,0.0,0.0,0.0,0.0,0.0,0.0,0.0,0.0,0.0,693213,2024-10-05 13:00:00,2024
Molde,10.0,0.0,0.0,0.0,11.0,2.0,57.2,17.0,3.0,0.2,0.0,0.0,0.0,0.0,0.0,0.0,0.0,0.0,0.0,0.0,0.0,7.0,0.0,0.0,0.0,0.0,0.0,0.0,Sandefjord,8.0,1.0,0.0,0.0,2.0,3.0,42.8,5.0,3.0,0.6,0.0,0.0,0.0,0.0,0.0,0.0,0.0,0.0,0.0,0.0,0.0,1.0,0.0,0.0,0.0,0.0,0.0,0.0,693296,2024-10-19 14:00:00,2024
Tromso,5.0,0.0,0.0,0.0,0.0,1.0,32.3,10.0,4.0,0.4,0.0,0.0,0.0,0.0,0.0,0.0,0.0,0.0,0.0,0.0,0.0,4.0,0.0,0.0,0.0,0.0,0.0,0.0,Bodo/Glimt,9.0,1.0,0.0,0.0,6.0,4.0,67.7,8.0,2.0,0.3,0.0,0.0,0.0,0.0,0.0,0.0,0.0,0.0,0.0,0.0,0.0,3.0,0.0,0.0,0.0,0.0,0.0,0.0,693294,2024-10-19 16:00:00,2024
Rosenborg,16.0,1.0,0.0,0.0,4.0,4.0,55.9,12.0,2.0,0.2,0.0,0.0,0.0,0.0,0.0,0.0,0.0,0.0,0.0,0.0,0.0,4.0,0.0,0.0,0.0,0.0,0.0,0.0,SK Brann,8.0,3.0,0.0,0.0,8.0,1.0,44.1,11.0,6.0,0.5,0.0,1.0,0.0,0.0,0.0,0.0,0.0,0.0,0.0,0.0,0.0,2.0,0.0,0.0,0.0,0.0,0.0,0.0,693295,2024-10-20 12:30:00,2024
Hamarkameratene,8.0,1.0,0.0,0.0,11.0,2.0,60.7,13.0,2.0,0.2,0.0,0.0,0.0,0.0,0.0,0.0,0.0,0.0,0.0,0.0,0.0,8.0,0.0,0.0,0.0,0.0,0.0,0.0,Sarpsborg FK,10.0,2.0,0.0,0.0,5.0,2.0,39.3,11.0,4.0,0.4,0.0,0.0,0.0,0.0,0.0,0.0,0.0,0.0,0.0,0.0,0.0,1.0,0.0,0.0,0.0,0.0,0.0,0.0,693289,2024-10-20 15:00:00,2024
Kristiansund BK,12.0,1.0,0.0,0.0,7.0,3.0,42.4,21.0,1.0,0.0,0.0,0.0,0.0,0.0,0.0,0.0,0.0,0.0,0.0,0.0,0.0,10.0,0.0,0.0,0.0,0.0,0.0,0.0,Stromsgodset,10.0,1.0,0.0,0.0,8.0,1.0,57.6,9.0,3.0,0.3,0.0,0.0,0.0,0.0,0.0,0.0,0.0,0.0,0.0,0.0,0.0,2.0,0.0,0.0,0.0,0.0,0.0,0.0,693290,2024-10-20 15:00:00,2024
Viking FK,15.0,2.0,0.0,0.0,8.0,1.0,65.5,26.0,9.0,0.3,0.0,0.0,0.0,0.0,0.0,0.0,0.0,0.0,0.0,0.0,0.0,7.0,0.0,0.0,0.0,0.0,0.0,0.0,Odds BK,12.0,5.0,0.0,0.0,2.0,6.0,34.5,7.0,3.0,0.4,0.0,0.0,0.0,0.0,0.0,0.0,0.0,0.0,0.0,0.0,0.0,1.0,0.0,0.0,0.0,0.0,0.0,0.0,693292,2024-10-20 15:00:00,2024
KFUM Oslo,9.0,1.0,0.0,0.0,7.0,2.0,51.1,11.0,4.0,0.4,0.0,0.0,0.0,0.0,0.0,0.0,0.0,0.0,0.0,0.0,0.0,3.0,0.0,0.0,0.0,0.0,0.0,0.0,Haugesund,6.0,0.0,0.0,0.0,3.0,4.0,48.9,9.0,2.0,0.2,0.0,0.0,0.0,0.0,0.0,0.0,0.0,0.0,0.0,0.0,0.0,3.0,0.0,0.0,0.0,0.0,0.0,0.0,693291,2024-10-20 15:00:00,2024
Fredrikstad,10.0,4.0,0.0,0.0,5.0,2.0,46.5,16.0,7.0,0.4,1.0,1.0,0.0,0.0,0.0,0.0,0.0,0.0,0.0,0.0,0.0,5.0,0.0,0.0,0.0,0.0,0.0,0.0,Lillestrom,12.0,3.0,0.0,0.0,5.0,5.0,53.5,9.0,3.0,0.3,0.0,0.0,0.0,0.0,0.0,0.0,0.0,0.0,0.0,0.0,0.0,2.0,0.0,0.0,0.0,0.0,0.0,0.0,693293,2024-10-20 17:15:00,2024
Stromsgodset,6.0,3.0,0.0,0.0,4.0,4.0,45.6,17.0,5.0,0.3,0.0,0.0,0.0,0.0,0.0,0.0,0.0,0.0,0.0,0.0,0.0,9.0,0.0,0.0,0.0,0.0,0.0,0.0,Fredrikstad,6.0,0.0,0.0,0.0,4.0,3.0,54.4,14.0,4.0,0.3,0.0,0.0,0.0,0.0,0.0,0.0,0.0,0.0,0.0,0.0,0.0,2.0,0.0,0.0,0.0,0.0,0.0,0.0,693299,2024-10-26 16:00:00,2024
Sandefjord,10.0,0.0,0.0,0.0,5.0,2.0,60.8,10.0,4.0,0.4,0.0,0.0,0.0,0.0,0.0,0.0,0.0,0.0,0.0,0.0,0.0,3.0,0.0,0.0,0.0,0.0,0.0,0.0,KFUM Oslo,10.0,2.0,0.0,0.0,2.0,2.0,39.2,8.0,3.0,0.4,0.0,0.0,0.0,0.0,0.0,0.0,0.0,0.0,0.0,0.0,0.0,4.0,0.0,0.0,0.0,0.0,0.0,0.0,693304,2024-10-27 16:00:00,2024
Haugesund,9.0,4.0,0.0,0.0,7.0,2.0,58.4,16.0,7.0,0.4,0.0,0.0,0.0,0.0,0.0,0.0,0.0,0.0,0.0,0.0,0.0,6.0,0.0,0.0,0.0,0.0,0.0,0.0,Molde,12.0,2.0,0.0,0.0,11.0,7.0,41.6,20.0,5.0,0.3,1.0,1.0,0.0,0.0,0.0,0.0,0.0,0.0,0.0,0.0,0.0,7.0,0.0,0.0,0.0,0.0,0.0,0.0,693302,2024-10-27 16:00:00,2024
Lillestrom,8.0,2.0,0.0,0.0,6.0,4.0,51.5,17.0,9.0,0.5,0.0,0.0,0.0,0.0,0.0,0.0,0.0,0.0,0.0,0.0,0.0,3.0,0.0,0.0,0.0,0.0,0.0,0.0,Odds BK,3.0,1.0,0.0,0.0,1.0,6.0,48.5,8.0,4.0,0.5,0.0,0.0,0.0,0.0,0.0,0.0,0.0,0.0,0.0,0.0,0.0,2.0,0.0,0.0,0.0,0.0,0.0,0.0,693301,2024-10-27 16:00:00,2024
Hamarkameratene,9.0,3.0,0.0,0.0,7.0,4.0,49.0,7.0,1.0,0.1,1.0,1.0,0.0,0.0,0.0,0.0,0.0,0.0,0.0,0.0,0.0,1.0,0.0,0.0,0.0,0.0,0.0,0.0,Kristiansund BK,7.0,2.0,0.0,0.0,4.0,0.0,51.0,10.0,4.0,0.4,0.0,0.0,0.0,0.0,0.0,0.0,0.0,0.0,0.0,0.0,0.0,1.0,0.0,0.0,0.0,0.0,0.0,0.0,693297,2024-10-27 16:00:00,2024
Sarpsborg FK,14.0,3.0,0.0,0.0,0.0,4.0,52.3,11.0,3.0,0.3,0.0,0.0,0.0,0.0,0.0,0.0,0.0,0.0,0.0,0.0,0.0,2.0,0.0,0.0,0.0,0.0,0.0,0.0,Viking FK,12.0,1.0,0.0,0.0,8.0,2.0,47.7,16.0,5.0,0.3,0.0,0.0,0.0,0.0,0.0,0.0,0.0,0.0,0.0,0.0,0.0,3.0,0.0,0.0,0.0,0.0,0.0,0.0,693300,2024-10-27 16:00:00,2024
SK Brann,7.0,1.0,0.0,0.0,3.0,3.0,63.1,15.0,6.0,0.4,1.0,1.0,0.0,0.0,0.0,0.0,0.0,0.0,0.0,0.0,0.0,3.0,0.0,0.0,0.0,0.0,0.0,0.0,Tromso,12.0,2.0,0.0,0.0,3.0,3.0,36.9,12.0,3.0,0.3,0.0,0.0,0.0,0.0,0.0,0.0,0.0,0.0,0.0,0.0,0.0,4.0,0.0,0.0,0.0,0.0,0.0,0.0,693303,2024-10-27 18:15:00,2024
Bodo/Glimt,6.0,0.0,0.0,0.0,14.0,1.0,52.1,21.0,7.0,0.3,0.0,0.0,0.0,0.0,0.0,0.0,0.0,0.0,0.0,0.0,0.0,10.0,0.0,0.0,0.0,0.0,0.0,0.0,Rosenborg,8.0,4.0,0.0,0.0,6.0,5.0,47.9,11.0,4.0,0.4,0.0,0.0,0.0,0.0,0.0,0.0,0.0,0.0,0.0,0.0,0.0,5.0,0.0,0.0,0.0,0.0,0.0,0.0,693298,2024-10-28 18:00:00,2024
Viking FK,9.0,1.0,0.0,0.0,8.0,1.0,49.0,14.0,6.0,0.4,0.0,0.0,0.0,0.0,0.0,0.0,0.0,0.0,0.0,0.0,0.0,2.0,0.0,0.0,0.0,0.0,0.0,0.0,Sandefjord,12.0,2.0,0.0,0.0,2.0,3.0,51.0,11.0,3.0,0.3,0.0,0.0,0.0,0.0,0.0,0.0,0.0,0.0,0.0,0.0,0.0,7.0,0.0,0.0,0.0,0.0,0.0,0.0,693311,2024-11-02 17:00:00,2024
Odds BK,16.0,0.0,0.0,0.0,1.0,3.0,35.7,8.0,0.0,0.0,0.0,0.0,0.0,0.0,0.0,0.0,0.0,0.0,0.0,0.0,0.0,3.0,0.0,0.0,0.0,0.0,0.0,0.0,SK Brann,14.0,1.0,0.0,0.0,5.0,0.0,64.3,10.0,6.0,0.6,0.0,0.0,0.0,0.0,0.0,0.0,0.0,0.0,0.0,0.0,0.0,4.0,0.0,0.0,0.0,0.0,0.0,0.0,693308,2024-11-03 16:00:00,2024
KFUM Oslo,14.0,2.0,0.0,0.0,6.0,3.0,53.9,7.0,2.0,0.3,0.0,0.0,0.0,0.0,0.0,0.0,0.0,0.0,0.0,0.0,0.0,2.0,0.0,0.0,0.0,0.0,0.0,0.0,Sarpsborg FK,16.0,1.0,0.0,0.0,2.0,2.0,46.1,7.0,5.0,0.7,1.0,1.0,0.0,0.0,0.0,0.0,0.0,0.0,0.0,0.0,0.0,0.0,0.0,0.0,0.0,0.0,0.0,0.0,693305,2024-11-03 16:00:00,2024
Molde,10.0,1.0,0.0,0.0,6.0,1.0,46.0,15.0,5.0,0.3,0.0,1.0,0.0,0.0,0.0,0.0,0.0,0.0,0.0,0.0,0.0,4.0,0.0,0.0,0.0,0.0,0.0,0.0,Bodo/Glimt,9.0,1.0,0.0,0.0,2.0,3.0,54.0,12.0,3.0,0.3,0.0,0.0,0.0,0.0,0.0,0.0,0.0,0.0,0.0,0.0,0.0,6.0,0.0,0.0,0.0,0.0,0.0,0.0,693309,2024-11-03 16:00:00,2024
Lillestrom,12.0,2.0,0.0,0.0,9.0,1.0,62.9,14.0,4.0,0.3,0.0,0.0,0.0,0.0,0.0,0.0,0.0,0.0,0.0,0.0,0.0,5.0,0.0,0.0,0.0,0.0,0.0,0.0,Haugesund,10.0,5.0,0.0,0.0,8.0,4.0,37.1,10.0,2.0,0.2,0.0,0.0,0.0,0.0,0.0,0.0,0.0,0.0,0.0,0.0,0.0,4.0,0.0,0.0,0.0,0.0,0.0,0.0,693312,2024-11-03 16:00:00,2024
Tromso,6.0,2.0,0.0,0.0,11.0,3.0,63.8,14.0,4.0,0.3,2.0,2.0,0.0,0.0,0.0,0.0,0.0,0.0,0.0,0.0,0.0,9.0,0.0,0.0,0.0,0.0,0.0,0.0,Hamarkameratene,9.0,1.0,0.0,0.0,4.0,1.0,36.2,15.0,6.0,0.4,0.0,0.0,0.0,0.0,0.0,0.0,0.0,0.0,0.0,0.0,0.0,4.0,0.0,0.0,0.0,0.0,0.0,0.0,693306,2024-11-03 16:00:00,2024
Fredrikstad,11.0,0.0,0.0,0.0,4.0,1.0,58.0,11.0,4.0,0.4,0.0,0.0,0.0,0.0,0.0,0.0,0.0,0.0,0.0,0.0,0.0,3.0,0.0,0.0,0.0,0.0,0.0,0.0,Kristiansund BK,11.0,1.0,0.0,0.0,3.0,2.0,42.0,5.0,2.0,0.4,1.0,1.0,0.0,0.0,0.0,0.0,0.0,0.0,0.0,0.0,0.0,1.0,0.0,0.0,0.0,0.0,0.0,0.0,693310,2024-11-03 16:00:00,2024
Rosenborg,10.0,3.0,0.0,0.0,7.0,2.0,61.6,18.0,5.0,0.3,0.0,0.0,0.0,0.0,0.0,0.0,0.0,0.0,0.0,0.0,0.0,5.0,0.0,0.0,0.0,0.0,0.0,0.0,Stromsgodset,7.0,1.0,0.0,0.0,5.0,4.0,38.4,11.0,2.0,0.2,0.0,0.0,0.0,0.0,0.0,0.0,0.0,0.0,0.0,0.0,0.0,5.0,0.0,0.0,0.0,0.0,0.0,0.0,693307,2024-11-03 18:15:00,2024
SK Brann,6.0,0.0,0.0,0.0,4.0,2.0,61.3,18.0,4.0,0.2,1.0,1.0,0.0,0.0,0.0,0.0,0.0,0.0,0.0,0.0,0.0,8.0,0.0,0.0,0.0,0.0,0.0,0.0,Lillestrom,20.0,3.0,0.0,0.0,2.0,2.0,38.7,5.0,3.0,0.6,0.0,0.0,0.0,0.0,0.0,0.0,0.0,0.0,0.0,0.0,0.0,0.0,0.0,0.0,0.0,0.0,0.0,0.0,693317,2024-11-09 17:00:00,2024
Haugesund,8.0,1.0,0.0,0.0,9.0,2.0,39.7,16.0,4.0,0.3,0.0,0.0,0.0,0.0,0.0,0.0,0.0,0.0,0.0,0.0,0.0,6.0,0.0,0.0,0.0,0.0,0.0,0.0,Tromso,6.0,0.0,0.0,0.0,7.0,2.0,60.3,10.0,2.0,0.2,0.0,0.0,0.0,0.0,0.0,0.0,0.0,0.0,0.0,0.0,0.0,3.0,0.0,0.0,0.0,0.0,0.0,0.0,693315,2024-11-10 16:00:00,2024
Kristiansund BK,13.0,2.0,0.0,0.0,10.0,0.0,54.6,14.0,3.0,0.2,0.0,0.0,0.0,0.0,0.0,0.0,0.0,0.0,0.0,0.0,0.0,2.0,0.0,0.0,0.0,0.0,0.0,0.0,Viking FK,13.0,0.0,0.0,0.0,2.0,3.0,45.4,11.0,1.0,0.1,0.0,0.0,0.0,0.0,0.0,0.0,0.0,0.0,0.0,0.0,0.0,2.0,0.0,0.0,0.0,0.0,0.0,0.0,693313,2024-11-10 16:00:00,2024
Hamarkameratene,10.0,0.0,0.0,0.0,1.0,6.0,48.4,12.0,0.0,0.0,0.0,0.0,0.0,0.0,0.0,0.0,0.0,0.0,0.0,0.0,0.0,4.0,0.0,0.0,0.0,0.0,0.0,0.0,Rosenborg,12.0,1.0,0.0,0.0,6.0,0.0,51.6,20.0,8.0,0.4,1.0,1.0,0.0,0.0,0.0,0.0,0.0,0.0,0.0,0.0,0.0,5.0,0.0,0.0,0.0,0.0,0.0,0.0,693318,2024-11-10 16:00:00,2024
Sarpsborg FK,6.0,1.0,0.0,0.0,5.0,2.0,51.8,9.0,5.0,0.6,1.0,1.0,0.0,0.0,0.0,0.0,0.0,0.0,0.0,0.0,0.0,2.0,0.0,0.0,0.0,0.0,0.0,0.0,Molde,12.0,4.0,0.0,0.0,10.0,3.0,48.2,15.0,4.0,0.3,0.0,0.0,0.0,0.0,0.0,0.0,0.0,0.0,0.0,0.0,0.0,6.0,0.0,0.0,0.0,0.0,0.0,0.0,693319,2024-11-10 16:00:00,2024
Sandefjord,15.0,2.0,0.0,0.0,4.0,2.0,49.2,11.0,3.0,0.3,0.0,0.0,0.0,0.0,0.0,0.0,0.0,0.0,0.0,0.0,0.0,5.0,0.0,0.0,0.0,0.0,0.0,0.0,Odds BK,11.0,0.0,1.0,0.0,6.0,2.0,50.8,6.0,2.0,0.3,0.0,0.0,0.0,0.0,0.0,0.0,0.0,0.0,0.0,0.0,0.0,1.0,0.0,0.0,0.0,0.0,0.0,0.0,693314,2024-11-10 16:00:00,2024
Stromsgodset,9.0,1.0,0.0,0.0,6.0,2.0,49.6,9.0,3.0,0.3,0.0,0.0,0.0,0.0,0.0,0.0,0.0,0.0,0.0,0.0,0.0,2.0,0.0,0.0,0.0,0.0,0.0,0.0,KFUM Oslo,10.0,1.0,0.0,0.0,2.0,2.0,50.4,8.0,2.0,0.3,0.0,0.0,0.0,0.0,0.0,0.0,0.0,0.0,0.0,0.0,0.0,1.0,0.0,0.0,0.0,0.0,0.0,0.0,693320,2024-11-10 16:00:00,2024
Bodo/Glimt,5.0,1.0,1.0,0.0,8.0,0.0,67.8,16.0,3.0,0.2,0.0,0.0,0.0,0.0,0.0,0.0,0.0,0.0,0.0,0.0,0.0,3.0,0.0,0.0,0.0,0.0,0.0,0.0,Fredrikstad,13.0,4.0,0.0,0.0,0.0,1.0,32.2,5.0,2.0,0.4,0.0,0.0,0.0,0.0,0.0,0.0,0.0,0.0,0.0,0.0,0.0,0.0,0.0,0.0,0.0,0.0,0.0,0.0,693316,2024-11-10 18:15:00,2024
Lillestrom,8.0,2.0,0.0,0.0,4.0,4.0,51.9,15.0,4.0,0.3,0.0,0.0,0.0,0.0,0.0,0.0,0.0,0.0,0.0,0.0,0.0,4.0,0.0,0.0,0.0,0.0,0.0,0.0,Sandefjord,12.0,1.0,0.0,0.0,2.0,4.0,48.1,13.0,7.0,0.5,0.0,0.0,0.0,0.0,0.0,0.0,0.0,0.0,0.0,0.0,0.0,3.0,0.0,0.0,0.0,0.0,0.0,0.0,693327,2024-11-23 16:00:00,2024
Molde,18.0,2.0,0.0,0.0,4.0,1.0,32.4,11.0,4.0,0.4,0.0,0.0,0.0,0.0,0.0,0.0,0.0,0.0,0.0,0.0,0.0,1.0,0.0,0.0,0.0,0.0,0.0,0.0,SK Brann,10.0,1.0,0.0,0.0,3.0,2.0,67.6,13.0,2.0,0.2,0.0,0.0,0.0,0.0,0.0,0.0,0.0,0.0,0.0,0.0,0.0,2.0,0.0,0.0,0.0,0.0,0.0,0.0,693324,2024-11-23 16:00:00,2024
Fredrikstad,8.0,1.0,0.0,0.0,3.0,5.0,53.8,15.0,2.0,0.1,0.0,0.0,0.0,0.0,0.0,0.0,0.0,0.0,0.0,0.0,0.0,6.0,0.0,0.0,0.0,0.0,0.0,0.0,Hamarkameratene,7.0,2.0,0.0,0.0,2.0,1.0,46.2,8.0,5.0,0.6,0.0,0.0,0.0,0.0,0.0,0.0,0.0,0.0,0.0,0.0,0.0,1.0,0.0,0.0,0.0,0.0,0.0,0.0,693328,2024-11-23 16:00:00,2024
Viking FK,14.0,1.0,0.0,0.0,8.0,4.0,64.2,32.0,13.0,0.4,0.0,0.0,0.0,0.0,0.0,0.0,0.0,0.0,0.0,0.0,0.0,5.0,0.0,0.0,0.0,0.0,0.0,0.0,Haugesund,10.0,2.0,1.0,0.0,6.0,8.0,35.8,11.0,4.0,0.4,0.0,0.0,0.0,0.0,0.0,0.0,0.0,0.0,0.0,0.0,0.0,4.0,0.0,0.0,0.0,0.0,0.0,0.0,693325,2024-11-23 16:00:00,2024
Tromso,12.0,0.0,0.0,0.0,5.0,4.0,39.6,16.0,7.0,0.4,0.0,0.0,0.0,0.0,0.0,0.0,0.0,0.0,0.0,0.0,0.0,3.0,0.0,0.0,0.0,0.0,0.0,0.0,Stromsgodset,8.0,2.0,0.0,0.0,4.0,5.0,60.4,13.0,3.0,0.2,0.0,0.0,0.0,0.0,0.0,0.0,0.0,0.0,0.0,0.0,0.0,5.0,0.0,0.0,0.0,0.0,0.0,0.0,693321,2024-11-23 16:00:00,2024
Rosenborg,11.0,2.0,0.0,0.0,9.0,3.0,60.2,21.0,4.0,0.2,0.0,0.0,0.0,0.0,0.0,0.0,0.0,0.0,0.0,0.0,0.0,5.0,0.0,0.0,0.0,0.0,0.0,0.0,Sarpsborg FK,10.0,4.0,0.0,0.0,3.0,4.0,39.8,10.0,4.0,0.4,0.0,0.0,0.0,0.0,0.0,0.0,0.0,0.0,0.0,0.0,0.0,3.0,0.0,0.0,0.0,0.0,0.0,0.0,693322,2024-11-23 16:00:00,2024
KFUM Oslo,5.0,0.0,0.0,0.0,3.0,4.0,72.4,7.0,3.0,0.4,0.0,0.0,0.0,0.0,0.0,0.0,0.0,0.0,0.0,0.0,0.0,0.0,0.0,0.0,0.0,0.0,0.0,0.0,Kristiansund BK,13.0,1.0,0.0,0.0,4.0,2.0,27.6,9.0,7.0,0.8,0.0,0.0,0.0,0.0,0.0,0.0,0.0,0.0,0.0,0.0,0.0,1.0,0.0,0.0,0.0,0.0,0.0,0.0,693326,2024-11-23 16:00:00,2024
Odds BK,11.0,2.0,0.0,0.0,0.0,6.0,31.8,5.0,2.0,0.4,0.0,0.0,0.0,0.0,0.0,0.0,0.0,0.0,0.0,0.0,0.0,3.0,0.0,0.0,0.0,0.0,0.0,0.0,Bodo/Glimt,5.0,0.0,0.0,0.0,5.0,2.0,68.2,13.0,8.0,0.6,0.0,0.0,0.0,0.0,0.0,0.0,0.0,0.0,0.0,0.0,0.0,3.0,0.0,0.0,0.0,0.0,0.0,0.0,693323,2024-11-23 16:00:00,2024
Sandefjord,7.0,0.0,0.0,0.0,5.0,0.0,54.2,14.0,2.0,0.1,0.0,0.0,0.0,0.0,0.0,0.0,0.0,0.0,0.0,0.0,0.0,7.0,0.0,0.0,0.0,0.0,0.0,0.0,Fredrikstad,8.0,1.0,0.0,0.0,2.0,2.0,45.8,7.0,1.0,0.1,0.0,0.0,0.0,0.0,0.0,0.0,0.0,0.0,0.0,0.0,0.0,4.0,0.0,0.0,0.0,0.0,0.0,0.0,693333,2024-12-01 16:00:00,2024
SK Brann,10.0,2.0,0.0,0.0,5.0,2.0,68.8,11.0,4.0,0.4,1.0,1.0,0.0,0.0,0.0,0.0,0.0,0.0,0.0,0.0,0.0,4.0,0.0,0.0,0.0,0.0,0.0,0.0,Viking FK,20.0,5.0,1.0,0.0,4.0,3.0,31.2,7.0,3.0,0.4,0.0,0.0,0.0,0.0,0.0,0.0,0.0,0.0,0.0,0.0,0.0,3.0,0.0,0.0,0.0,0.0,0.0,0.0,693330,2024-12-01 16:00:00,2024
Hamarkameratene,14.0,4.0,1.0,0.0,4.0,7.0,56.7,13.0,2.0,0.2,0.0,0.0,0.0,0.0,0.0,0.0,0.0,0.0,0.0,0.0,0.0,6.0,0.0,0.0,0.0,0.0,0.0,0.0,KFUM Oslo,11.0,0.0,0.0,0.0,6.0,2.0,43.3,19.0,9.0,0.5,0.0,0.0,0.0,0.0,0.0,0.0,0.0,0.0,0.0,0.0,0.0,4.0,0.0,0.0,0.0,0.0,0.0,0.0,693332,2024-12-01 16:00:00,2024
Sarpsborg FK,8.0,0.0,0.0,0.0,7.0,0.0,60.6,14.0,5.0,0.4,1.0,1.0,0.0,0.0,0.0,0.0,0.0,0.0,0.0,0.0,0.0,6.0,0.0,0.0,0.0,0.0,0.0,0.0,Tromso,11.0,1.0,0.0,0.0,2.0,3.0,39.4,4.0,1.0,0.3,0.0,0.0,0.0,0.0,0.0,0.0,0.0,0.0,0.0,0.0,0.0,0.0,0.0,0.0,0.0,0.0,0.0,0.0,693334,2024-12-01 16:00:00,2024
Kristiansund BK,11.0,1.0,0.0,0.0,3.0,2.0,29.2,6.0,1.0,0.2,0.0,0.0,0.0,0.0,0.0,0.0,0.0,0.0,0.0,0.0,0.0,2.0,0.0,0.0,0.0,0.0,0.0,0.0,Rosenborg,10.0,1.0,0.0,0.0,6.0,1.0,70.8,14.0,5.0,0.4,0.0,0.0,0.0,0.0,0.0,0.0,0.0,0.0,0.0,0.0,0.0,2.0,0.0,0.0,0.0,0.0,0.0,0.0,693336,2024-12-01 16:00:00,2024
Haugesund,10.0,0.0,0.0,0.0,5.0,6.0,57.8,11.0,5.0,0.5,1.0,1.0,0.0,0.0,0.0,0.0,0.0,0.0,0.0,0.0,0.0,3.0,0.0,0.0,0.0,0.0,0.0,0.0,Odds BK,15.0,2.0,0.0,0.0,6.0,3.0,42.2,16.0,7.0,0.4,0.0,0.0,0.0,0.0,0.0,0.0,0.0,0.0,0.0,0.0,0.0,3.0,0.0,0.0,0.0,0.0,0.0,0.0,693335,2024-12-01 16:00:00,2024
Bodo/Glimt,8.0,0.0,0.0,0.0,8.0,0.0,73.8,18.0,11.0,0.6,0.0,0.0,0.0,0.0,0.0,0.0,0.0,0.0,0.0,0.0,0.0,6.0,0.0,0.0,0.0,0.0,0.0,0.0,Lillestrom,12.0,1.0,0.0,0.0,0.0,6.0,26.2,6.0,2.0,0.3,0.0,0.0,0.0,0.0,0.0,0.0,0.0,0.0,0.0,0.0,0.0,2.0,0.0,0.0,0.0,0.0,0.0,0.0,693329,2024-12-01 16:00:00,2024
Stromsgodset,11.0,3.0,0.0,0.0,2.0,4.0,45.3,13.0,4.0,0.3,0.0,0.0,0.0,0.0,0.0,0.0,0.0,0.0,0.0,0.0,0.0,1.0,0.0,0.0,0.0,0.0,0.0,0.0,Molde,12.0,0.0,0.0,0.0,3.0,3.0,54.7,13.0,4.0,0.3,0.0,0.0,0.0,0.0,0.0,0.0,0.0,0.0,0.0,0.0,0.0,4.0,0.0,0.0,0.0,0.0,0.0,0.0,693331,2024-12-01 16:00:00,2024
Stromsgodset,12.0,5.0,0.0,0.0,2.0,4.0,51.9,12.0,4.0,0.3,0.0,0.0,0.0,0.0,0.0,0.0,0.0,0.0,0.0,0.0,0.0,1.0,0.0,0.0,0.0,0.0,0.0,0.0,Rosenborg,10.0,6.0,0.0,0.0,6.0,3.0,48.1,17.0,6.0,0.4,0.0,0.0,0.0,0.0,0.0,0.0,0.0,0.0,0.0,0.0,0.0,3.0,0.0,0.0,0.0,0.0,0.0,0.0,727630,2025-03-29 15:00:00,2025
Fredrikstad,8.0,0.0,0.0,0.0,3.0,4.0,27.2,12.0,5.0,0.4,0.0,0.0,0.0,0.0,0.0,0.0,0.0,0.0,0.0,0.0,0.0,5.0,0.0,0.0,0.0,0.0,0.0,0.0,SK Brann,12.0,1.0,0.0,0.0,7.0,3.0,72.8,9.0,4.0,0.4,0.0,0.0,0.0,0.0,0.0,0.0,0.0,0.0,0.0,0.0,0.0,3.0,0.0,0.0,0.0,0.0,0.0,0.0,727631,2025-03-29 17:00:00,2025
Vålerenga,12.0,3.0,0.0,0.0,8.0,5.0,52.8,16.0,4.0,0.3,0.0,0.0,0.0,0.0,0.0,0.0,0.0,0.0,0.0,0.0,0.0,5.0,0.0,0.0,0.0,0.0,0.0,0.0,Viking FK,11.0,2.0,1.0,0.0,7.0,1.0,47.2,15.0,6.0,0.4,0.0,0.0,0.0,0.0,0.0,0.0,0.0,0.0,0.0,0.0,0.0,4.0,0.0,0.0,0.0,0.0,0.0,0.0,727632,2025-03-30 12:30:00,2025
KFUM Oslo,16.0,1.0,0.0,0.0,4.0,2.0,44.0,13.0,4.0,0.3,0.0,0.0,0.0,0.0,0.0,0.0,0.0,0.0,0.0,0.0,0.0,4.0,0.0,0.0,0.0,0.0,0.0,0.0,Sandefjord,10.0,2.0,0.0,0.0,5.0,2.0,56.0,8.0,3.0,0.4,0.0,0.0,0.0,0.0,0.0,0.0,0.0,0.0,0.0,0.0,0.0,1.0,0.0,0.0,0.0,0.0,0.0,0.0,727635,2025-03-30 15:00:00,2025
Hamarkameratene,16.0,3.0,0.0,0.0,1.0,4.0,38.0,11.0,5.0,0.5,0.0,0.0,0.0,0.0,0.0,0.0,0.0,0.0,0.0,0.0,0.0,2.0,0.0,0.0,0.0,0.0,0.0,0.0,Kristiansund BK,13.0,1.0,0.0,0.0,6.0,3.0,62.0,14.0,5.0,0.4,0.0,0.0,0.0,0.0,0.0,0.0,0.0,0.0,0.0,0.0,0.0,2.0,0.0,0.0,0.0,0.0,0.0,0.0,727634,2025-03-30 15:00:00,2025
Molde,10.0,3.0,0.0,0.0,8.0,3.0,58.1,7.0,3.0,0.4,0.0,0.0,0.0,0.0,0.0,0.0,0.0,0.0,0.0,0.0,0.0,1.0,0.0,0.0,0.0,0.0,0.0,0.0,Sarpsborg FK,12.0,2.0,0.0,0.0,1.0,3.0,41.9,9.0,6.0,0.7,1.0,1.0,0.0,0.0,0.0,0.0,0.0,0.0,0.0,0.0,0.0,0.0,0.0,0.0,0.0,0.0,0.0,0.0,727636,2025-03-30 15:00:00,2025
Tromso,13.0,1.0,0.0,0.0,9.0,3.0,52.3,17.0,9.0,0.5,1.0,1.0,0.0,0.0,0.0,0.0,0.0,0.0,0.0,0.0,0.0,4.0,0.0,0.0,0.0,0.0,0.0,0.0,Haugesund,13.0,1.0,0.0,0.0,2.0,8.0,47.7,4.0,3.0,0.8,0.0,0.0,0.0,0.0,0.0,0.0,0.0,0.0,0.0,0.0,0.0,1.0,0.0,0.0,0.0,0.0,0.0,0.0,727633,2025-03-30 15:00:00,2025
Bryne,11.0,1.0,0.0,0.0,4.0,3.0,42.1,10.0,2.0,0.2,0.0,0.0,0.0,0.0,0.0,0.0,0.0,0.0,0.0,0.0,0.0,3.0,0.0,0.0,0.0,0.0,0.0,0.0,Bodo/Glimt,6.0,0.0,0.0,0.0,8.0,2.0,57.9,10.0,4.0,0.4,0.0,1.0,0.0,0.0,0.0,0.0,0.0,0.0,0.0,0.0,0.0,2.0,0.0,0.0,0.0,0.0,0.0,0.0,727637,2025-03-30 17:15:00,2025
Bodo/Glimt,7.0,0.0,0.0,0.0,6.0,2.0,77.1,23.0,8.0,0.3,0.0,0.0,0.0,0.0,0.0,0.0,0.0,0.0,0.0,0.0,0.0,8.0,0.0,0.0,0.0,0.0,0.0,0.0,Hamarkameratene,6.0,1.0,0.0,0.0,4.0,4.0,22.9,8.0,2.0,0.3,0.0,0.0,0.0,0.0,0.0,0.0,0.0,0.0,0.0,0.0,0.0,3.0,0.0,0.0,0.0,0.0,0.0,0.0,727643,2025-04-05 14:00:00,2025
Rosenborg,14.0,1.0,0.0,0.0,8.0,3.0,58.1,17.0,6.0,0.4,0.0,0.0,0.0,0.0,0.0,0.0,0.0,0.0,0.0,0.0,0.0,4.0,0.0,0.0,0.0,0.0,0.0,0.0,Fredrikstad,10.0,1.0,0.0,0.0,6.0,5.0,41.9,6.0,3.0,0.5,0.0,1.0,0.0,0.0,0.0,0.0,0.0,0.0,0.0,0.0,0.0,2.0,0.0,0.0,0.0,0.0,0.0,0.0,727638,2025-04-05 16:00:00,2025
SK Brann,6.0,0.0,0.0,0.0,5.0,1.0,76.9,12.0,5.0,0.4,1.0,1.0,0.0,0.0,0.0,0.0,0.0,0.0,0.0,0.0,0.0,4.0,0.0,0.0,0.0,0.0,0.0,0.0,Tromso,9.0,2.0,0.0,0.0,0.0,2.0,23.1,3.0,2.0,0.7,0.0,0.0,0.0,0.0,0.0,0.0,0.0,0.0,0.0,0.0,0.0,1.0,0.0,0.0,0.0,0.0,0.0,0.0,727639,2025-04-06 12:30:00,2025
Sandefjord,15.0,3.0,0.0,0.0,1.0,3.0,50.7,13.0,7.0,0.5,0.0,0.0,0.0,0.0,0.0,0.0,0.0,0.0,0.0,0.0,0.0,3.0,0.0,0.0,0.0,0.0,0.0,0.0,Molde,16.0,3.0,0.0,0.0,9.0,2.0,49.3,11.0,3.0,0.3,0.0,0.0,0.0,0.0,0.0,0.0,0.0,0.0,0.0,0.0,0.0,2.0,0.0,0.0,0.0,0.0,0.0,0.0,727644,2025-04-06 15:00:00,2025
Sarpsborg FK,18.0,2.0,0.0,0.0,9.0,2.0,59.3,13.0,3.0,0.2,0.0,0.0,0.0,0.0,0.0,0.0,0.0,0.0,0.0,0.0,0.0,4.0,0.0,0.0,0.0,0.0,0.0,0.0,Vålerenga,13.0,1.0,0.0,0.0,3.0,1.0,40.7,8.0,4.0,0.5,0.0,0.0,0.0,0.0,0.0,0.0,0.0,0.0,0.0,0.0,0.0,1.0,0.0,0.0,0.0,0.0,0.0,0.0,727642,2025-04-06 15:00:00,2025
Haugesund,8.0,1.0,0.0,0.0,4.0,4.0,52.6,12.0,3.0,0.3,0.0,0.0,0.0,0.0,0.0,0.0,0.0,0.0,0.0,0.0,0.0,1.0,0.0,0.0,0.0,0.0,0.0,0.0,Stromsgodset,13.0,2.0,0.0,0.0,10.0,3.0,47.4,22.0,9.0,0.4,1.0,1.0,0.0,0.0,0.0,0.0,0.0,0.0,0.0,0.0,0.0,8.0,0.0,0.0,0.0,0.0,0.0,0.0,727641,2025-04-06 15:00:00,2025
Kristiansund BK,7.0,3.0,0.0,0.0,8.0,2.0,57.3,13.0,5.0,0.4,1.0,1.0,0.0,0.0,0.0,0.0,0.0,0.0,0.0,0.0,0.0,8.0,0.0,0.0,0.0,0.0,0.0,0.0,Bryne,11.0,2.0,0.0,0.0,1.0,3.0,42.7,10.0,3.0,0.3,0.0,0.0,0.0,0.0,0.0,0.0,0.0,0.0,0.0,0.0,0.0,1.0,0.0,0.0,0.0,0.0,0.0,0.0,727640,2025-04-06 15:00:00,2025
Viking FK,13.0,2.0,0.0,0.0,5.0,1.0,58.6,18.0,2.0,0.1,1.0,1.0,0.0,0.0,0.0,0.0,0.0,0.0,0.0,0.0,0.0,6.0,0.0,0.0,0.0,0.0,0.0,0.0,KFUM Oslo,13.0,2.0,0.0,0.0,1.0,1.0,41.4,6.0,2.0,0.3,0.0,0.0,0.0,0.0,0.0,0.0,0.0,0.0,0.0,0.0,0.0,3.0,0.0,0.0,0.0,0.0,0.0,0.0,727645,2025-04-06 17:15:00,2025
Fredrikstad,18.0,2.0,0.0,0.0,6.0,2.0,45.6,12.0,3.0,0.3,1.0,1.0,0.0,0.0,0.0,0.0,0.0,0.0,0.0,0.0,0.0,2.0,0.0,0.0,0.0,0.0,0.0,0.0,Vålerenga,15.0,3.0,0.0,0.0,5.0,1.0,54.4,7.0,3.0,0.4,0.0,0.0,0.0,0.0,0.0,0.0,0.0,0.0,0.0,0.0,0.0,0.0,0.0,0.0,0.0,0.0,0.0,0.0,727646,2025-04-09 17:00:00,2025
SK Brann,17.0,2.0,0.0,0.0,9.0,3.0,56.7,19.0,3.0,0.2,1.0,1.0,0.0,0.0,0.0,0.0,0.0,0.0,0.0,0.0,0.0,6.0,0.0,0.0,0.0,0.0,0.0,0.0,Stromsgodset,15.0,1.0,0.0,0.0,10.0,1.0,43.3,10.0,4.0,0.4,0.0,0.0,0.0,0.0,0.0,0.0,0.0,0.0,0.0,0.0,0.0,3.0,0.0,0.0,0.0,0.0,0.0,0.0,727647,2025-04-10 17:00:00,2025
Viking FK,9.0,1.0,0.0,0.0,11.0,3.0,56.2,16.0,8.0,0.5,0.0,0.0,0.0,0.0,0.0,0.0,0.0,0.0,0.0,0.0,0.0,2.0,0.0,0.0,0.0,0.0,0.0,0.0,Kristiansund BK,13.0,1.0,0.0,0.0,9.0,5.0,43.8,12.0,4.0,0.3,1.0,1.0,0.0,0.0,0.0,0.0,0.0,0.0,0.0,0.0,0.0,3.0,0.0,0.0,0.0,0.0,0.0,0.0,727648,2025-04-10 17:00:00,2025
Tromso,13.0,2.0,0.0,0.0,9.0,2.0,60.0,18.0,6.0,0.3,0.0,0.0,0.0,0.0,0.0,0.0,0.0,0.0,0.0,0.0,0.0,5.0,0.0,0.0,0.0,0.0,0.0,0.0,Kristiansund BK,8.0,3.0,0.0,0.0,4.0,4.0,40.0,10.0,5.0,0.5,0.0,1.0,0.0,0.0,0.0,0.0,0.0,0.0,0.0,0.0,0.0,2.0,0.0,0.0,0.0,0.0,0.0,0.0,727649,2025-04-20 12:30:00,2025
Vålerenga,15.0,1.0,0.0,0.0,5.0,2.0,50.7,18.0,9.0,0.5,0.0,0.0,0.0,0.0,0.0,0.0,0.0,0.0,0.0,0.0,0.0,3.0,0.0,0.0,0.0,0.0,0.0,0.0,Rosenborg,12.0,2.0,0.0,0.0,5.0,9.0,49.3,12.0,4.0,0.3,0.0,0.0,0.0,0.0,0.0,0.0,0.0,0.0,0.0,0.0,0.0,3.0,0.0,0.0,0.0,0.0,0.0,0.0,727650,2025-04-21 12:30:00,2025
Fredrikstad,14.0,1.0,0.0,0.0,1.0,2.0,36.5,9.0,3.0,0.3,1.0,1.0,0.0,0.0,0.0,0.0,0.0,0.0,0.0,0.0,0.0,3.0,0.0,0.0,0.0,0.0,0.0,0.0,Sandefjord,14.0,2.0,0.0,0.0,8.0,0.0,63.5,18.0,3.0,0.2,0.0,0.0,0.0,0.0,0.0,0.0,0.0,0.0,0.0,0.0,0.0,7.0,0.0,0.0,0.0,0.0,0.0,0.0,727653,2025-04-21 15:00:00,2025
Bryne,15.0,2.0,0.0,0.0,0.0,3.0,41.9,14.0,5.0,0.4,1.0,1.0,0.0,0.0,0.0,0.0,0.0,0.0,0.0,0.0,0.0,5.0,0.0,0.0,0.0,0.0,0.0,0.0,Haugesund,15.0,1.0,0.0,0.0,4.0,2.0,58.1,11.0,4.0,0.4,0.0,0.0,0.0,0.0,0.0,0.0,0.0,0.0,0.0,0.0,0.0,5.0,0.0,0.0,0.0,0.0,0.0,0.0,727651,2025-04-21 15:00:00,2025
Hamarkameratene,8.0,1.0,0.0,0.0,4.0,7.0,37.1,7.0,2.0,0.3,1.0,1.0,0.0,0.0,0.0,0.0,0.0,0.0,0.0,0.0,0.0,3.0,0.0,0.0,0.0,0.0,0.0,0.0,Viking FK,10.0,0.0,0.0,0.0,12.0,1.0,62.9,24.0,12.0,0.5,1.0,1.0,0.0,0.0,0.0,0.0,0.0,0.0,0.0,0.0,0.0,4.0,0.0,0.0,0.0,0.0,0.0,0.0,727654,2025-04-21 15:00:00,2025
Stromsgodset,7.0,2.0,0.0,0.0,10.0,9.0,42.4,19.0,4.0,0.2,0.0,0.0,0.0,0.0,0.0,0.0,0.0,0.0,0.0,0.0,0.0,8.0,0.0,0.0,0.0,0.0,0.0,0.0,SK Brann,3.0,1.0,0.0,0.0,9.0,3.0,57.6,27.0,11.0,0.4,0.0,0.0,0.0,0.0,0.0,0.0,0.0,0.0,0.0,0.0,0.0,8.0,0.0,0.0,0.0,0.0,0.0,0.0,727652,2025-04-21 15:00:00,2025
KFUM Oslo,11.0,1.0,1.0,0.0,2.0,3.0,36.4,5.0,1.0,0.2,0.0,0.0,0.0,0.0,0.0,0.0,0.0,0.0,0.0,0.0,0.0,3.0,0.0,0.0,0.0,0.0,0.0,0.0,Sarpsborg FK,7.0,0.0,0.0,0.0,4.0,0.0,63.6,14.0,6.0,0.4,0.0,0.0,0.0,0.0,0.0,0.0,0.0,0.0,0.0,0.0,0.0,2.0,0.0,0.0,0.0,0.0,0.0,0.0,727655,2025-04-21 15:00:00,2025
Molde,11.0,3.0,0.0,0.0,4.0,5.0,48.6,13.0,4.0,0.3,1.0,1.0,0.0,0.0,0.0,0.0,0.0,0.0,0.0,0.0,0.0,5.0,0.0,0.0,0.0,0.0,0.0,0.0,Bodo/Glimt,7.0,1.0,0.0,0.0,3.0,3.0,51.4,12.0,6.0,0.5,0.0,0.0,0.0,0.0,0.0,0.0,0.0,0.0,0.0,0.0,0.0,5.0,0.0,0.0,0.0,0.0,0.0,0.0,727656,2025-04-21 17:15:00,2025
Rosenborg,11.0,1.0,0.0,0.0,4.0,0.0,58.1,12.0,3.0,0.3,0.0,0.0,0.0,0.0,0.0,0.0,0.0,0.0,0.0,0.0,0.0,4.0,0.0,0.0,0.0,0.0,0.0,0.0,Molde,15.0,2.0,0.0,0.0,4.0,3.0,41.9,3.0,0.0,0.0,0.0,0.0,0.0,0.0,0.0,0.0,0.0,0.0,0.0,0.0,0.0,1.0,0.0,0.0,0.0,0.0,0.0,0.0,727657,2025-04-27 12:30:00,2025
Kristiansund BK,13.0,1.0,0.0,0.0,6.0,0.0,47.2,13.0,2.0,0.2,0.0,0.0,0.0,0.0,0.0,0.0,0.0,0.0,0.0,0.0,0.0,6.0,0.0,0.0,0.0,0.0,0.0,0.0,Vålerenga,17.0,3.0,0.0,0.0,2.0,2.0,52.8,10.0,2.0,0.2,0.0,0.0,0.0,0.0,0.0,0.0,0.0,0.0,0.0,0.0,0.0,2.0,0.0,0.0,0.0,0.0,0.0,0.0,727659,2025-04-27 15:00:00,2025
Bodo/Glimt,5.0,1.0,0.0,0.0,11.0,2.0,72.2,11.0,5.0,0.5,1.0,1.0,0.0,0.0,0.0,0.0,0.0,0.0,0.0,0.0,0.0,4.0,0.0,0.0,0.0,0.0,0.0,0.0,KFUM Oslo,9.0,1.0,0.0,0.0,6.0,2.0,27.8,5.0,2.0,0.4,0.0,0.0,0.0,0.0,0.0,0.0,0.0,0.0,0.0,0.0,0.0,0.0,0.0,0.0,0.0,0.0,0.0,0.0,727658,2025-04-27 15:00:00,2025
Sandefjord,13.0,0.0,0.0,0.0,5.0,3.0,63.9,16.0,6.0,0.4,0.0,0.0,0.0,0.0,0.0,0.0,0.0,0.0,0.0,0.0,0.0,7.0,0.0,0.0,0.0,0.0,0.0,0.0,Hamarkameratene,15.0,1.0,0.0,0.0,5.0,4.0,36.1,13.0,3.0,0.2,0.0,0.0,0.0,0.0,0.0,0.0,0.0,0.0,0.0,0.0,0.0,4.0,0.0,0.0,0.0,0.0,0.0,0.0,727662,2025-04-27 15:00:00,2025
SK Brann,17.0,2.0,0.0,0.0,12.0,5.0,76.8,15.0,6.0,0.4,2.0,1.0,0.0,0.0,0.0,0.0,0.0,0.0,0.0,0.0,0.0,7.0,0.0,0.0,0.0,0.0,0.0,0.0,Bryne,14.0,4.0,0.0,0.0,0.0,4.0,23.2,10.0,6.0,0.6,0.0,0.0,0.0,0.0,0.0,0.0,0.0,0.0,0.0,0.0,0.0,0.0,0.0,0.0,0.0,0.0,0.0,0.0,727661,2025-04-27 15:00:00,2025
Sarpsborg FK,10.0,0.0,0.0,0.0,7.0,2.0,51.5,18.0,5.0,0.3,0.0,0.0,0.0,0.0,0.0,0.0,0.0,0.0,0.0,0.0,0.0,6.0,0.0,0.0,0.0,0.0,0.0,0.0,Stromsgodset,11.0,0.0,0.0,0.0,3.0,3.0,48.5,11.0,5.0,0.5,0.0,0.0,0.0,0.0,0.0,0.0,0.0,0.0,0.0,0.0,0.0,1.0,0.0,0.0,0.0,0.0,0.0,0.0,727663,2025-04-27 15:00:00,2025
Haugesund,9.0,2.0,0.0,0.0,2.0,4.0,41.9,9.0,1.0,0.1,0.0,0.0,0.0,0.0,0.0,0.0,0.0,0.0,0.0,0.0,0.0,2.0,0.0,0.0,0.0,0.0,0.0,0.0,Fredrikstad,9.0,2.0,0.0,0.0,10.0,1.0,58.1,14.0,4.0,0.3,0.0,0.0,0.0,0.0,0.0,0.0,0.0,0.0,0.0,0.0,0.0,5.0,0.0,0.0,0.0,0.0,0.0,0.0,727660,2025-04-27 15:00:00,2025
Viking FK,4.0,2.0,0.0,0.0,11.0,2.0,60.7,22.0,8.0,0.4,0.0,0.0,0.0,0.0,0.0,0.0,0.0,0.0,0.0,0.0,0.0,4.0,0.0,0.0,0.0,0.0,0.0,0.0,Tromso,11.0,4.0,0.0,0.0,2.0,4.0,39.3,10.0,6.0,0.6,0.0,0.0,0.0,0.0,0.0,0.0,0.0,0.0,0.0,0.0,0.0,1.0,0.0,0.0,0.0,0.0,0.0,0.0,727664,2025-04-27 17:15:00,2025
Viking FK,10.0,1.0,0.0,0.0,14.0,0.0,71.9,35.0,9.0,0.3,2.0,2.0,0.0,0.0,0.0,0.0,0.0,0.0,0.0,0.0,0.0,14.0,0.0,0.0,0.0,0.0,0.0,0.0,Haugesund,6.0,1.0,1.0,0.0,3.0,4.0,28.1,6.0,1.0,0.2,1.0,1.0,0.0,0.0,0.0,0.0,0.0,0.0,0.0,0.0,0.0,1.0,0.0,0.0,0.0,0.0,0.0,0.0,727665,2025-04-30 16:00:00,2025
Rosenborg,9.0,0.0,0.0,0.0,15.0,0.0,73.2,26.0,4.0,0.2,0.0,0.0,0.0,0.0,0.0,0.0,0.0,0.0,0.0,0.0,0.0,6.0,0.0,0.0,0.0,0.0,0.0,0.0,Kristiansund BK,9.0,2.0,1.0,0.0,2.0,3.0,26.8,2.0,1.0,0.5,1.0,1.0,0.0,0.0,0.0,0.0,0.0,0.0,0.0,0.0,0.0,1.0,0.0,0.0,0.0,0.0,0.0,0.0,727666,2025-05-01 16:00:00,2025
Hamarkameratene,10.0,2.0,0.0,0.0,0.0,2.0,35.1,11.0,4.0,0.4,0.0,0.0,0.0,0.0,0.0,0.0,0.0,0.0,0.0,0.0,0.0,2.0,0.0,0.0,0.0,0.0,0.0,0.0,KFUM Oslo,9.0,2.0,0.0,0.0,7.0,4.0,64.9,14.0,2.0,0.1,0.0,0.0,0.0,0.0,0.0,0.0,0.0,0.0,0.0,0.0,0.0,5.0,0.0,0.0,0.0,0.0,0.0,0.0,727668,2025-05-02 17:00:00,2025
Vålerenga,14.0,2.0,0.0,0.0,4.0,0.0,45.3,21.0,5.0,0.2,0.0,0.0,0.0,0.0,0.0,0.0,0.0,0.0,0.0,0.0,0.0,7.0,0.0,0.0,0.0,0.0,0.0,0.0,SK Brann,12.0,3.0,0.0,0.0,6.0,3.0,54.7,11.0,4.0,0.4,1.0,1.0,0.0,0.0,0.0,0.0,0.0,0.0,0.0,0.0,0.0,4.0,0.0,0.0,0.0,0.0,0.0,0.0,727669,2025-05-03 16:00:00,2025
Stromsgodset,13.0,3.0,0.0,0.0,9.0,4.0,62.8,15.0,6.0,0.4,0.0,0.0,0.0,0.0,0.0,0.0,0.0,0.0,0.0,0.0,0.0,4.0,0.0,0.0,0.0,0.0,0.0,0.0,Kristiansund BK,11.0,3.0,0.0,0.0,4.0,4.0,37.2,13.0,6.0,0.5,1.0,1.0,0.0,0.0,0.0,0.0,0.0,0.0,0.0,0.0,0.0,3.0,0.0,0.0,0.0,0.0,0.0,0.0,727670,2025-05-04 15:00:00,2025
Molde,16.0,2.0,0.0,0.0,5.0,2.0,56.1,14.0,7.0,0.5,0.0,0.0,0.0,0.0,0.0,0.0,0.0,0.0,0.0,0.0,0.0,1.0,0.0,0.0,0.0,0.0,0.0,0.0,Haugesund,12.0,4.0,0.0,0.0,3.0,4.0,43.9,7.0,3.0,0.4,0.0,0.0,0.0,0.0,0.0,0.0,0.0,0.0,0.0,0.0,0.0,0.0,0.0,0.0,0.0,0.0,0.0,0.0,727673,2025-05-04 15:00:00,2025
Viking FK,11.0,2.0,0.0,0.0,12.0,3.0,59.0,18.0,5.0,0.3,0.0,0.0,0.0,0.0,0.0,0.0,0.0,0.0,0.0,0.0,0.0,6.0,0.0,0.0,0.0,0.0,0.0,0.0,Sarpsborg FK,12.0,0.0,0.0,0.0,4.0,5.0,41.0,9.0,3.0,0.3,0.0,0.0,0.0,0.0,0.0,0.0,0.0,0.0,0.0,0.0,0.0,3.0,0.0,0.0,0.0,0.0,0.0,0.0,727671,2025-05-04 15:00:00,2025
Tromso,15.0,2.0,0.0,0.0,3.0,4.0,51.5,9.0,0.0,0.0,0.0,0.0,0.0,0.0,0.0,0.0,0.0,0.0,0.0,0.0,0.0,3.0,0.0,0.0,0.0,0.0,0.0,0.0,Sandefjord,9.0,1.0,1.0,0.0,3.0,0.0,48.5,22.0,5.0,0.2,0.0,0.0,0.0,0.0,0.0,0.0,0.0,0.0,0.0,0.0,0.0,11.0,0.0,0.0,0.0,0.0,0.0,0.0,727672,2025-05-04 15:00:00,2025
Rosenborg,8.0,2.0,0.0,0.0,5.0,0.0,72.3,19.0,5.0,0.3,0.0,0.0,0.0,0.0,0.0,0.0,0.0,0.0,0.0,0.0,0.0,5.0,0.0,0.0,0.0,0.0,0.0,0.0,Bryne,10.0,0.0,0.0,0.0,6.0,2.0,27.7,7.0,0.0,0.0,0.0,0.0,0.0,0.0,0.0,0.0,0.0,0.0,0.0,0.0,0.0,1.0,0.0,0.0,0.0,0.0,0.0,0.0,727674,2025-05-04 17:15:00,2025
SK Brann,16.0,2.0,0.0,0.0,8.0,2.0,68.6,14.0,3.0,0.2,0.0,0.0,0.0,0.0,0.0,0.0,0.0,0.0,0.0,0.0,0.0,2.0,0.0,0.0,0.0,0.0,0.0,0.0,Rosenborg,12.0,2.0,0.0,0.0,6.0,2.0,31.4,6.0,3.0,0.5,0.0,0.0,0.0,0.0,0.0,0.0,0.0,0.0,0.0,0.0,0.0,0.0,0.0,0.0,0.0,0.0,0.0,0.0,727676,2025-05-11 12:30:00,2025
Sarpsborg FK,11.0,0.0,0.0,0.0,3.0,4.0,51.0,16.0,6.0,0.4,0.0,0.0,0.0,0.0,0.0,0.0,0.0,0.0,0.0,0.0,0.0,3.0,0.0,0.0,0.0,0.0,0.0,0.0,Hamarkameratene,9.0,2.0,0.0,0.0,3.0,3.0,49.0,7.0,4.0,0.6,0.0,0.0,0.0,0.0,0.0,0.0,0.0,0.0,0.0,0.0,0.0,2.0,0.0,0.0,0.0,0.0,0.0,0.0,727677,2025-05-11 15:00:00,2025
Kristiansund BK,10.0,2.0,0.0,0.0,2.0,2.0,60.4,8.0,1.0,0.1,0.0,0.0,0.0,0.0,0.0,0.0,0.0,0.0,0.0,0.0,0.0,4.0,0.0,0.0,0.0,0.0,0.0,0.0,Fredrikstad,15.0,3.0,0.0,0.0,3.0,1.0,39.6,10.0,3.0,0.3,0.0,0.0,0.0,0.0,0.0,0.0,0.0,0.0,0.0,0.0,0.0,2.0,0.0,0.0,0.0,0.0,0.0,0.0,727679,2025-05-11 15:00:00,2025
KFUM Oslo,14.0,1.0,0.0,0.0,2.0,2.0,50.3,6.0,2.0,0.3,0.0,0.0,0.0,0.0,0.0,0.0,0.0,0.0,0.0,0.0,0.0,1.0,0.0,0.0,0.0,0.0,0.0,0.0,Tromso,8.0,1.0,0.0,0.0,5.0,1.0,49.7,11.0,5.0,0.5,0.0,0.0,0.0,0.0,0.0,0.0,0.0,0.0,0.0,0.0,0.0,2.0,0.0,0.0,0.0,0.0,0.0,0.0,727680,2025-05-11 15:00:00,2025
Sandefjord,10.0,1.0,0.0,0.0,4.0,1.0,59.4,11.0,4.0,0.4,0.0,0.0,0.0,0.0,0.0,0.0,0.0,0.0,0.0,0.0,0.0,2.0,0.0,0.0,0.0,0.0,0.0,0.0,Vålerenga,15.0,1.0,1.0,0.0,8.0,2.0,40.6,9.0,2.0,0.2,0.0,0.0,0.0,0.0,0.0,0.0,0.0,0.0,0.0,0.0,0.0,4.0,0.0,0.0,0.0,0.0,0.0,0.0,727678,2025-05-11 15:00:00,2025
Bryne,9.0,2.0,0.0,0.0,4.0,2.0,46.8,9.0,1.0,0.1,0.0,0.0,0.0,0.0,0.0,0.0,0.0,0.0,0.0,0.0,0.0,5.0,0.0,0.0,0.0,0.0,0.0,0.0,Molde,8.0,1.0,0.0,0.0,3.0,0.0,53.2,13.0,5.0,0.4,0.0,0.0,0.0,0.0,0.0,0.0,0.0,0.0,0.0,0.0,0.0,3.0,0.0,0.0,0.0,0.0,0.0,0.0,727681,2025-05-11 15:00:00,2025
Haugesund,12.0,1.0,1.0,0.0,3.0,2.0,35.9,6.0,3.0,0.5,0.0,0.0,0.0,0.0,0.0,0.0,0.0,0.0,0.0,0.0,0.0,2.0,0.0,0.0,0.0,0.0,0.0,0.0,Viking FK,15.0,0.0,0.0,0.0,7.0,2.0,64.1,13.0,6.0,0.5,1.0,1.0,0.0,0.0,0.0,0.0,0.0,0.0,0.0,0.0,0.0,5.0,0.0,0.0,0.0,0.0,0.0,0.0,727682,2025-05-11 17:15:00,2025
Rosenborg,9.0,2.0,0.0,0.0,6.0,1.0,65.5,21.0,8.0,0.4,0.0,0.0,0.0,0.0,0.0,0.0,0.0,0.0,0.0,0.0,0.0,4.0,0.0,0.0,0.0,0.0,0.0,0.0,Haugesund,16.0,2.0,0.0,0.0,3.0,7.0,34.5,7.0,1.0,0.1,0.0,0.0,0.0,0.0,0.0,0.0,0.0,0.0,0.0,0.0,0.0,3.0,0.0,0.0,0.0,0.0,0.0,0.0,727689,2025-05-16 16:00:00,2025
Fredrikstad,10.0,1.0,0.0,0.0,4.0,2.0,38.2,6.0,1.0,0.2,0.0,0.0,0.0,0.0,0.0,0.0,0.0,0.0,0.0,0.0,0.0,1.0,0.0,0.0,0.0,0.0,0.0,0.0,KFUM Oslo,8.0,2.0,0.0,0.0,6.0,0.0,61.8,8.0,2.0,0.3,0.0,0.0,0.0,0.0,0.0,0.0,0.0,0.0,0.0,0.0,0.0,2.0,0.0,0.0,0.0,0.0,0.0,0.0,727687,2025-05-16 16:00:00,2025
Molde,4.0,1.0,0.0,0.0,7.0,1.0,64.8,22.0,7.0,0.3,0.0,1.0,0.0,0.0,0.0,0.0,0.0,0.0,0.0,0.0,0.0,3.0,0.0,0.0,0.0,0.0,0.0,0.0,Kristiansund BK,7.0,1.0,0.0,0.0,0.0,6.0,35.2,6.0,2.0,0.3,0.0,0.0,0.0,0.0,0.0,0.0,0.0,0.0,0.0,0.0,0.0,1.0,0.0,0.0,0.0,0.0,0.0,0.0,727685,2025-05-16 16:00:00,2025
Viking FK,19.0,1.0,0.0,0.0,13.0,3.0,54.8,23.0,6.0,0.3,2.0,2.0,0.0,0.0,0.0,0.0,0.0,0.0,0.0,0.0,0.0,10.0,0.0,0.0,0.0,0.0,0.0,0.0,Sandefjord,17.0,3.0,1.0,0.0,2.0,3.0,45.2,10.0,4.0,0.4,0.0,0.0,0.0,0.0,0.0,0.0,0.0,0.0,0.0,0.0,0.0,3.0,0.0,0.0,0.0,0.0,0.0,0.0,727684,2025-05-16 16:00:00,2025
Stromsgodset,11.0,0.0,0.0,0.0,14.0,1.0,62.3,20.0,5.0,0.3,0.0,0.0,0.0,0.0,0.0,0.0,0.0,0.0,0.0,0.0,0.0,6.0,0.0,0.0,0.0,0.0,0.0,0.0,Bryne,14.0,2.0,0.0,0.0,7.0,5.0,37.7,10.0,2.0,0.2,0.0,0.0,0.0,0.0,0.0,0.0,0.0,0.0,0.0,0.0,0.0,5.0,0.0,0.0,0.0,0.0,0.0,0.0,727683,2025-05-16 16:00:00,2025
Tromso,13.0,4.0,0.0,0.0,4.0,3.0,35.5,13.0,5.0,0.4,0.0,0.0,0.0,0.0,0.0,0.0,0.0,0.0,0.0,0.0,0.0,6.0,0.0,0.0,0.0,0.0,0.0,0.0,Bodo/Glimt,6.0,2.0,0.0,0.0,6.0,3.0,64.5,11.0,4.0,0.4,0.0,0.0,0.0,0.0,0.0,0.0,0.0,0.0,0.0,0.0,0.0,3.0,0.0,0.0,0.0,0.0,0.0,0.0,727688,2025-05-16 16:00:00,2025
SK Brann,19.0,0.0,0.0,0.0,10.0,4.0,61.6,15.0,6.0,0.4,0.0,0.0,0.0,0.0,0.0,0.0,0.0,0.0,0.0,0.0,0.0,3.0,0.0,0.0,0.0,0.0,0.0,0.0,Sarpsborg FK,16.0,1.0,0.0,0.0,2.0,4.0,38.4,14.0,6.0,0.4,0.0,0.0,0.0,0.0,0.0,0.0,0.0,0.0,0.0,0.0,0.0,1.0,0.0,0.0,0.0,0.0,0.0,0.0,727686,2025-05-16 16:00:00,2025
Vålerenga,15.0,3.0,0.0,0.0,3.0,2.0,59.9,23.0,7.0,0.3,0.0,0.0,0.0,0.0,0.0,0.0,0.0,0.0,0.0,0.0,0.0,6.0,0.0,0.0,0.0,0.0,0.0,0.0,Hamarkameratene,13.0,3.0,0.0,0.0,0.0,6.0,40.1,8.0,3.0,0.4,0.0,0.0,0.0,0.0,0.0,0.0,0.0,0.0,0.0,0.0,0.0,1.0,0.0,0.0,0.0,0.0,0.0,0.0,727690,2025-05-16 18:00:00,2025
Bryne,11.0,1.0,0.0,0.0,7.0,0.0,55.8,19.0,8.0,0.4,0.0,0.0,0.0,0.0,0.0,0.0,0.0,0.0,0.0,0.0,0.0,5.0,0.0,0.0,0.0,0.0,0.0,0.0,Fredrikstad,5.0,0.0,0.0,0.0,3.0,5.0,44.2,11.0,3.0,0.3,0.0,0.0,0.0,0.0,0.0,0.0,0.0,0.0,0.0,0.0,0.0,2.0,0.0,0.0,0.0,0.0,0.0,0.0,727691,2025-05-24 14:00:00,2025
Bodo/Glimt,11.0,2.0,0.0,0.0,5.0,3.0,49.8,18.0,8.0,0.4,0.0,0.0,0.0,0.0,0.0,0.0,0.0,0.0,0.0,0.0,0.0,6.0,0.0,0.0,0.0,0.0,0.0,0.0,Rosenborg,9.0,1.0,0.0,0.0,3.0,4.0,50.2,9.0,3.0,0.3,0.0,0.0,0.0,0.0,0.0,0.0,0.0,0.0,0.0,0.0,0.0,4.0,0.0,0.0,0.0,0.0,0.0,0.0,727692,2025-05-24 16:00:00,2025
Hamarkameratene,5.0,1.0,0.0,0.0,6.0,3.0,26.6,14.0,5.0,0.4,0.0,0.0,0.0,0.0,0.0,0.0,0.0,0.0,0.0,0.0,0.0,7.0,0.0,0.0,0.0,0.0,0.0,0.0,Molde,8.0,1.0,0.0,0.0,6.0,3.0,73.4,18.0,4.0,0.2,0.0,0.0,0.0,0.0,0.0,0.0,0.0,0.0,0.0,0.0,0.0,6.0,0.0,0.0,0.0,0.0,0.0,0.0,727693,2025-05-25 12:30:00,2025
Kristiansund BK,4.0,0.0,0.0,0.0,5.0,3.0,57.0,11.0,4.0,0.4,0.0,0.0,0.0,0.0,0.0,0.0,0.0,0.0,0.0,0.0,0.0,2.0,0.0,0.0,0.0,0.0,0.0,0.0,Viking FK,9.0,2.0,0.0,0.0,6.0,4.0,43.0,8.0,4.0,0.5,0.0,0.0,0.0,0.0,0.0,0.0,0.0,0.0,0.0,0.0,0.0,1.0,0.0,0.0,0.0,0.0,0.0,0.0,727696,2025-05-25 15:00:00,2025
Sandefjord,15.0,2.0,0.0,0.0,4.0,3.0,45.9,23.0,7.0,0.3,0.0,0.0,0.0,0.0,0.0,0.0,0.0,0.0,0.0,0.0,0.0,8.0,0.0,0.0,0.0,0.0,0.0,0.0,Stromsgodset,9.0,0.0,0.0,0.0,10.0,4.0,54.1,12.0,5.0,0.4,0.0,0.0,0.0,0.0,0.0,0.0,0.0,0.0,0.0,0.0,0.0,0.0,0.0,0.0,0.0,0.0,0.0,0.0,727694,2025-05-25 15:00:00,2025
Sarpsborg FK,8.0,3.0,0.0,0.0,2.0,1.0,49.5,15.0,4.0,0.3,0.0,0.0,0.0,0.0,0.0,0.0,0.0,0.0,0.0,0.0,0.0,4.0,0.0,0.0,0.0,0.0,0.0,0.0,Tromso,17.0,1.0,0.0,0.0,2.0,4.0,50.5,7.0,2.0,0.3,0.0,0.0,0.0,0.0,0.0,0.0,0.0,0.0,0.0,0.0,0.0,1.0,0.0,0.0,0.0,0.0,0.0,0.0,727695,2025-05-25 15:00:00,2025
Haugesund,12.0,2.0,0.0,0.0,6.0,4.0,39.3,9.0,2.0,0.2,0.0,0.0,0.0,0.0,0.0,0.0,0.0,0.0,0.0,0.0,0.0,2.0,0.0,0.0,0.0,0.0,0.0,0.0,SK Brann,15.0,2.0,0.0,0.0,4.0,2.0,60.7,15.0,7.0,0.5,0.0,0.0,0.0,0.0,0.0,0.0,0.0,0.0,0.0,0.0,0.0,4.0,0.0,0.0,0.0,0.0,0.0,0.0,727697,2025-05-25 17:15:00,2025
KFUM Oslo,13.0,3.0,1.0,0.0,5.0,1.0,48.3,14.0,1.0,0.1,0.0,0.0,0.0,0.0,0.0,0.0,0.0,0.0,0.0,0.0,0.0,6.0,0.0,0.0,0.0,0.0,0.0,0.0,Vålerenga,15.0,2.0,0.0,0.0,10.0,1.0,51.7,12.0,2.0,0.2,0.0,0.0,0.0,0.0,0.0,0.0,0.0,0.0,0.0,0.0,0.0,5.0,0.0,0.0,0.0,0.0,0.0,0.0,727698,2025-05-26 17:00:00,2025
Fredrikstad,9.0,0.0,0.0,0.0,5.0,4.0,41.5,9.0,2.0,0.2,0.0,0.0,0.0,0.0,0.0,0.0,0.0,0.0,0.0,0.0,0.0,3.0,0.0,0.0,0.0,0.0,0.0,0.0,Rosenborg,12.0,2.0,0.0,0.0,6.0,2.0,58.5,11.0,6.0,0.5,0.0,0.0,0.0,0.0,0.0,0.0,0.0,0.0,0.0,0.0,0.0,0.0,0.0,0.0,0.0,0.0,0.0,0.0,727699,2025-05-28 17:00:00,2025
Bodo/Glimt,9.0,0.0,1.0,0.0,4.0,4.0,60.6,11.0,7.0,0.6,0.0,0.0,0.0,0.0,0.0,0.0,0.0,0.0,0.0,0.0,0.0,1.0,0.0,0.0,0.0,0.0,0.0,0.0,Viking FK,11.0,3.0,0.0,0.0,3.0,5.0,39.4,17.0,8.0,0.5,0.0,0.0,0.0,0.0,0.0,0.0,0.0,0.0,0.0,0.0,0.0,4.0,0.0,0.0,0.0,0.0,0.0,0.0,727700,2025-05-28 19:00:00,2025
SK Brann,9.0,4.0,0.0,0.0,9.0,0.0,71.7,19.0,7.0,0.4,0.0,0.0,0.0,0.0,0.0,0.0,0.0,0.0,0.0,0.0,0.0,8.0,0.0,0.0,0.0,0.0,0.0,0.0,Molde,22.0,6.0,2.0,0.0,0.0,5.0,28.3,4.0,3.0,0.8,0.0,0.0,0.0,0.0,0.0,0.0,0.0,0.0,0.0,0.0,0.0,1.0,0.0,0.0,0.0,0.0,0.0,0.0,727701,2025-05-29 16:00:00,2025
Stromsgodset,9.0,1.0,0.0,0.0,5.0,4.0,57.6,17.0,6.0,0.4,0.0,0.0,0.0,0.0,0.0,0.0,0.0,0.0,0.0,0.0,0.0,5.0,0.0,0.0,0.0,0.0,0.0,0.0,Hamarkameratene,12.0,3.0,0.0,0.0,4.0,6.0,42.4,16.0,7.0,0.4,0.0,0.0,0.0,0.0,0.0,0.0,0.0,0.0,0.0,0.0,0.0,5.0,0.0,0.0,0.0,0.0,0.0,0.0,727702,2025-05-31 14:00:00,2025
Tromso,18.0,3.0,0.0,0.0,5.0,3.0,57.9,15.0,3.0,0.2,0.0,0.0,0.0,0.0,0.0,0.0,0.0,0.0,0.0,0.0,0.0,3.0,0.0,0.0,0.0,0.0,0.0,0.0,Vålerenga,11.0,2.0,0.0,0.0,7.0,1.0,42.1,10.0,4.0,0.4,0.0,0.0,0.0,0.0,0.0,0.0,0.0,0.0,0.0,0.0,0.0,3.0,0.0,0.0,0.0,0.0,0.0,0.0,727703,2025-05-31 16:45:00,2025
Fredrikstad,12.0,3.0,0.0,0.0,6.0,6.0,50.6,14.0,8.0,0.6,0.0,0.0,0.0,0.0,0.0,0.0,0.0,0.0,0.0,0.0,0.0,2.0,0.0,0.0,0.0,0.0,0.0,0.0,Sarpsborg FK,6.0,2.0,0.0,0.0,9.0,6.0,49.4,18.0,8.0,0.4,0.0,0.0,0.0,0.0,0.0,0.0,0.0,0.0,0.0,0.0,0.0,6.0,0.0,0.0,0.0,0.0,0.0,0.0,727704,2025-06-01 12:30:00,2025
Haugesund,14.0,2.0,0.0,0.0,3.0,2.0,37.0,13.0,4.0,0.3,0.0,0.0,0.0,0.0,0.0,0.0,0.0,0.0,0.0,0.0,0.0,2.0,0.0,0.0,0.0,0.0,0.0,0.0,Bodo/Glimt,14.0,1.0,0.0,0.0,9.0,4.0,63.0,16.0,6.0,0.4,0.0,0.0,0.0,0.0,0.0,0.0,0.0,0.0,0.0,0.0,0.0,4.0,0.0,0.0,0.0,0.0,0.0,0.0,727707,2025-06-01 15:00:00,2025
Bryne,18.0,2.0,0.0,0.0,5.0,1.0,34.5,13.0,6.0,0.5,1.0,1.0,0.0,0.0,0.0,0.0,0.0,0.0,0.0,0.0,0.0,3.0,0.0,0.0,0.0,0.0,0.0,0.0,Sandefjord,12.0,0.0,0.0,0.0,2.0,3.0,65.5,16.0,3.0,0.2,0.0,0.0,0.0,0.0,0.0,0.0,0.0,0.0,0.0,0.0,0.0,4.0,0.0,0.0,0.0,0.0,0.0,0.0,727705,2025-06-01 15:00:00,2025
Rosenborg,10.0,2.0,0.0,0.0,6.0,5.0,52.7,5.0,1.0,0.2,1.0,1.0,0.0,0.0,0.0,0.0,0.0,0.0,0.0,0.0,0.0,2.0,0.0,0.0,0.0,0.0,0.0,0.0,KFUM Oslo,19.0,2.0,0.0,0.0,4.0,0.0,47.3,14.0,8.0,0.6,0.0,0.0,0.0,0.0,0.0,0.0,0.0,0.0,0.0,0.0,0.0,2.0,0.0,0.0,0.0,0.0,0.0,0.0,727706,2025-06-01 15:00:00,2025
SK Brann,13.0,2.0,0.0,0.0,3.0,2.0,46.0,13.0,8.0,0.6,1.0,1.0,0.0,0.0,0.0,0.0,0.0,0.0,0.0,0.0,0.0,3.0,0.0,0.0,0.0,0.0,0.0,0.0,Kristiansund BK,10.0,1.0,0.0,0.0,9.0,4.0,54.0,9.0,4.0,0.4,0.0,0.0,0.0,0.0,0.0,0.0,0.0,0.0,0.0,0.0,0.0,2.0,0.0,0.0,0.0,0.0,0.0,0.0,727708,2025-06-01 15:00:00,2025
Molde,14.0,2.0,0.0,0.0,7.0,2.0,68.6,9.0,0.0,0.0,0.0,0.0,0.0,0.0,0.0,0.0,0.0,0.0,0.0,0.0,0.0,4.0,0.0,0.0,0.0,0.0,0.0,0.0,Viking FK,14.0,2.0,0.0,0.0,4.0,0.0,31.4,15.0,3.0,0.2,0.0,1.0,0.0,0.0,0.0,0.0,0.0,0.0,0.0,0.0,0.0,6.0,0.0,0.0,0.0,0.0,0.0,0.0,727709,2025-06-01 17:15:00,2025
Bodo/Glimt,9.0,1.0,0.0,0.0,9.0,3.0,46.7,13.0,5.0,0.4,0.0,0.0,0.0,0.0,0.0,0.0,0.0,0.0,0.0,0.0,0.0,4.0,0.0,0.0,0.0,0.0,0.0,0.0,SK Brann,12.0,0.0,0.0,0.0,2.0,1.0,53.3,8.0,3.0,0.4,0.0,0.0,0.0,0.0,0.0,0.0,0.0,0.0,0.0,0.0,0.0,4.0,0.0,0.0,0.0,0.0,0.0,0.0,727714,2025-06-21 16:00:00,2025
Vålerenga,13.0,1.0,0.0,0.0,5.0,4.0,41.9,11.0,7.0,0.6,0.0,0.0,0.0,0.0,0.0,0.0,0.0,0.0,0.0,0.0,0.0,3.0,0.0,0.0,0.0,0.0,0.0,0.0,Molde,9.0,3.0,0.0,0.0,7.0,5.0,58.1,21.0,9.0,0.4,0.0,0.0,0.0,0.0,0.0,0.0,0.0,0.0,0.0,0.0,0.0,3.0,0.0,0.0,0.0,0.0,0.0,0.0,727712,2025-06-22 12:30:00,2025
Sarpsborg FK,10.0,1.0,0.0,0.0,3.0,2.0,51.1,6.0,3.0,0.5,0.0,0.0,0.0,0.0,0.0,0.0,0.0,0.0,0.0,0.0,0.0,2.0,0.0,0.0,0.0,0.0,0.0,0.0,Bryne,14.0,0.0,0.0,0.0,2.0,2.0,48.9,10.0,4.0,0.4,0.0,0.0,0.0,0.0,0.0,0.0,0.0,0.0,0.0,0.0,0.0,2.0,0.0,0.0,0.0,0.0,0.0,0.0,727710,2025-06-22 15:00:00,2025
Sandefjord,16.0,1.0,0.0,0.0,3.0,6.0,48.4,11.0,8.0,0.7,0.0,0.0,0.0,0.0,0.0,0.0,0.0,0.0,0.0,0.0,0.0,1.0,0.0,0.0,0.0,0.0,0.0,0.0,Haugesund,9.0,0.0,0.0,0.0,8.0,5.0,51.6,17.0,6.0,0.4,0.0,0.0,0.0,0.0,0.0,0.0,0.0,0.0,0.0,0.0,0.0,3.0,0.0,0.0,0.0,0.0,0.0,0.0,727713,2025-06-22 15:00:00,2025
KFUM Oslo,6.0,2.0,0.0,0.0,6.0,2.0,59.2,15.0,7.0,0.5,0.0,0.0,0.0,0.0,0.0,0.0,0.0,0.0,0.0,0.0,0.0,4.0,0.0,0.0,0.0,0.0,0.0,0.0,Stromsgodset,11.0,3.0,0.0,0.0,2.0,1.0,40.8,10.0,2.0,0.2,0.0,0.0,0.0,0.0,0.0,0.0,0.0,0.0,0.0,0.0,0.0,1.0,0.0,0.0,0.0,0.0,0.0,0.0,727716,2025-06-22 15:00:00,2025
Kristiansund BK,9.0,3.0,0.0,0.0,3.0,4.0,48.4,15.0,9.0,0.6,0.0,0.0,0.0,0.0,0.0,0.0,0.0,0.0,0.0,0.0,0.0,4.0,0.0,0.0,0.0,0.0,0.0,0.0,Rosenborg,9.0,2.0,0.0,0.0,9.0,5.0,51.6,12.0,5.0,0.4,0.0,0.0,0.0,0.0,0.0,0.0,0.0,0.0,0.0,0.0,0.0,3.0,0.0,0.0,0.0,0.0,0.0,0.0,727717,2025-06-22 15:00:00,2025
Hamarkameratene,11.0,0.0,0.0,0.0,6.0,1.0,53.9,11.0,4.0,0.4,0.0,0.0,0.0,0.0,0.0,0.0,0.0,0.0,0.0,0.0,0.0,4.0,0.0,0.0,0.0,0.0,0.0,0.0,Tromso,15.0,2.0,0.0,0.0,2.0,3.0,46.1,6.0,4.0,0.7,0.0,0.0,0.0,0.0,0.0,0.0,0.0,0.0,0.0,0.0,0.0,2.0,0.0,0.0,0.0,0.0,0.0,0.0,727715,2025-06-22 15:00:00,2025
Viking FK,12.0,2.0,0.0,0.0,6.0,2.0,42.7,12.0,4.0,0.3,0.0,0.0,0.0,0.0,0.0,0.0,0.0,0.0,0.0,0.0,0.0,2.0,0.0,0.0,0.0,0.0,0.0,0.0,Fredrikstad,7.0,1.0,0.0,0.0,6.0,1.0,57.3,13.0,2.0,0.2,0.0,0.0,0.0,0.0,0.0,0.0,0.0,0.0,0.0,0.0,0.0,7.0,0.0,0.0,0.0,0.0,0.0,0.0,727711,2025-06-22 17:15:00,2025
Rosenborg,7.0,2.0,0.0,0.0,9.0,3.0,54.7,10.0,4.0,0.4,0.0,0.0,0.0,0.0,0.0,0.0,0.0,0.0,0.0,0.0,0.0,4.0,0.0,0.0,0.0,0.0,0.0,0.0,Viking FK,11.0,3.0,0.0,0.0,5.0,2.0,45.3,10.0,4.0,0.4,0.0,0.0,0.0,0.0,0.0,0.0,0.0,0.0,0.0,0.0,0.0,1.0,0.0,0.0,0.0,0.0,0.0,0.0,727719,2025-06-28 16:00:00,2025
Haugesund,4.0,0.0,0.0,0.0,5.0,2.0,54.6,9.0,3.0,0.3,0.0,0.0,0.0,0.0,0.0,0.0,0.0,0.0,0.0,0.0,0.0,1.0,0.0,0.0,0.0,0.0,0.0,0.0,Kristiansund BK,9.0,2.0,0.0,0.0,4.0,3.0,45.4,8.0,1.0,0.1,0.0,0.0,0.0,0.0,0.0,0.0,0.0,0.0,0.0,0.0,0.0,4.0,0.0,0.0,0.0,0.0,0.0,0.0,727723,2025-06-29 12:30:00,2025
Fredrikstad,9.0,1.0,0.0,0.0,8.0,3.0,56.8,11.0,4.0,0.4,0.0,0.0,0.0,0.0,0.0,0.0,0.0,0.0,0.0,0.0,0.0,4.0,0.0,0.0,0.0,0.0,0.0,0.0,Tromso,6.0,1.0,0.0,0.0,3.0,4.0,43.2,7.0,4.0,0.6,0.0,0.0,0.0,0.0,0.0,0.0,0.0,0.0,0.0,0.0,0.0,2.0,0.0,0.0,0.0,0.0,0.0,0.0,727720,2025-06-29 15:00:00,2025
Bodo/Glimt,5.0,0.0,0.0,0.0,10.0,3.0,65.0,29.0,5.0,0.2,0.0,0.0,0.0,0.0,0.0,0.0,0.0,0.0,0.0,0.0,0.0,11.0,0.0,0.0,0.0,0.0,0.0,0.0,Sarpsborg FK,10.0,1.0,0.0,0.0,2.0,4.0,35.0,11.0,6.0,0.5,0.0,0.0,0.0,0.0,0.0,0.0,0.0,0.0,0.0,0.0,0.0,3.0,0.0,0.0,0.0,0.0,0.0,0.0,727722,2025-06-29 15:00:00,2025
Bryne,14.0,3.0,0.0,0.0,10.0,3.0,64.0,15.0,7.0,0.5,0.0,0.0,0.0,0.0,0.0,0.0,0.0,0.0,0.0,0.0,0.0,3.0,0.0,0.0,0.0,0.0,0.0,0.0,Hamarkameratene,12.0,2.0,0.0,0.0,5.0,6.0,36.0,14.0,4.0,0.3,0.0,0.0,0.0,0.0,0.0,0.0,0.0,0.0,0.0,0.0,0.0,2.0,0.0,0.0,0.0,0.0,0.0,0.0,727725,2025-06-29 15:00:00,2025
Molde,16.0,2.0,0.0,0.0,4.0,1.0,63.2,11.0,3.0,0.3,1.0,1.0,0.0,0.0,0.0,0.0,0.0,0.0,0.0,0.0,0.0,3.0,0.0,0.0,0.0,0.0,0.0,0.0,KFUM Oslo,16.0,1.0,0.0,0.0,0.0,1.0,36.8,6.0,4.0,0.7,1.0,2.0,0.0,0.0,0.0,0.0,0.0,0.0,0.0,0.0,0.0,0.0,0.0,0.0,0.0,0.0,0.0,0.0,727718,2025-06-29 15:00:00,2025
Stromsgodset,13.0,0.0,0.0,0.0,4.0,1.0,34.8,4.0,1.0,0.3,0.0,0.0,0.0,0.0,0.0,0.0,0.0,0.0,0.0,0.0,0.0,1.0,0.0,0.0,0.0,0.0,0.0,0.0,Vålerenga,8.0,0.0,0.0,0.0,3.0,1.0,65.2,16.0,3.0,0.2,0.0,0.0,0.0,0.0,0.0,0.0,0.0,0.0,0.0,0.0,0.0,6.0,0.0,0.0,0.0,0.0,0.0,0.0,727724,2025-06-29 17:15:00,2025
SK Brann,8.0,1.0,0.0,0.0,9.0,2.0,60.1,25.0,9.0,0.4,0.0,0.0,0.0,0.0,0.0,0.0,0.0,0.0,0.0,0.0,0.0,9.0,0.0,0.0,0.0,0.0,0.0,0.0,Sandefjord,12.0,2.0,0.0,0.0,3.0,8.0,39.9,7.0,2.0,0.3,0.0,0.0,0.0,0.0,0.0,0.0,0.0,0.0,0.0,0.0,0.0,2.0,0.0,0.0,0.0,0.0,0.0,0.0,727721,2025-06-30 17:00:00,2025
Hamarkameratene,13.0,0.0,0.0,0.0,1.0,4.0,35.6,9.0,4.0,0.4,0.0,1.0,0.0,0.0,0.0,0.0,0.0,0.0,0.0,0.0,0.0,3.0,0.0,0.0,0.0,0.0,0.0,0.0,SK Brann,11.0,0.0,0.0,0.0,8.0,3.0,64.4,14.0,5.0,0.4,0.0,1.0,0.0,0.0,0.0,0.0,0.0,0.0,0.0,0.0,0.0,4.0,0.0,0.0,0.0,0.0,0.0,0.0,727728,2025-07-05 12:00:00,2025
Viking FK,11.0,0.0,0.0,0.0,16.0,1.0,66.0,20.0,5.0,0.3,0.0,0.0,0.0,0.0,0.0,0.0,0.0,0.0,0.0,0.0,0.0,4.0,0.0,0.0,0.0,0.0,0.0,0.0,Stromsgodset,8.0,0.0,0.0,0.0,2.0,3.0,34.0,2.0,1.0,0.5,0.0,0.0,0.0,0.0,0.0,0.0,0.0,0.0,0.0,0.0,0.0,1.0,0.0,0.0,0.0,0.0,0.0,0.0,727732,2025-07-05 14:00:00,2025
Vålerenga,6.0,0.0,0.0,0.0,5.0,6.0,56.2,16.0,5.0,0.3,0.0,0.0,0.0,0.0,0.0,0.0,0.0,0.0,0.0,0.0,0.0,6.0,0.0,0.0,0.0,0.0,0.0,0.0,Fredrikstad,15.0,3.0,0.0,0.0,5.0,4.0,43.8,16.0,7.0,0.4,0.0,0.0,0.0,0.0,0.0,0.0,0.0,0.0,0.0,0.0,0.0,2.0,0.0,0.0,0.0,0.0,0.0,0.0,727733,2025-07-05 16:00:00,2025
Kristiansund BK,8.0,1.0,0.0,0.0,4.0,4.0,41.1,8.0,2.0,0.3,0.0,0.0,0.0,0.0,0.0,0.0,0.0,0.0,0.0,0.0,0.0,1.0,0.0,0.0,0.0,0.0,0.0,0.0,Bodo/Glimt,12.0,1.0,1.0,0.0,7.0,1.0,58.9,20.0,6.0,0.3,0.0,0.0,0.0,0.0,0.0,0.0,0.0,0.0,0.0,0.0,0.0,10.0,0.0,0.0,0.0,0.0,0.0,0.0,727727,2025-07-05 18:00:00,2025
Tromso,15.0,3.0,0.0,0.0,2.0,0.0,56.4,16.0,3.0,0.2,0.0,0.0,0.0,0.0,0.0,0.0,0.0,0.0,0.0,0.0,0.0,4.0,0.0,0.0,0.0,0.0,0.0,0.0,Molde,10.0,0.0,1.0,0.0,2.0,2.0,43.6,2.0,0.0,0.0,0.0,0.0,0.0,0.0,0.0,0.0,0.0,0.0,0.0,0.0,0.0,0.0,0.0,0.0,0.0,0.0,0.0,0.0,727731,2025-07-05 20:00:00,2025
KFUM Oslo,12.0,2.0,0.0,0.0,7.0,2.0,68.9,14.0,3.0,0.2,0.0,0.0,0.0,0.0,0.0,0.0,0.0,0.0,0.0,0.0,0.0,4.0,0.0,0.0,0.0,0.0,0.0,0.0,Bryne,4.0,0.0,1.0,0.0,2.0,3.0,31.1,7.0,3.0,0.4,1.0,1.0,0.0,0.0,0.0,0.0,0.0,0.0,0.0,0.0,0.0,1.0,0.0,0.0,0.0,0.0,0.0,0.0,727726,2025-07-06 12:30:00,2025
Sandefjord,11.0,2.0,0.0,0.0,2.0,3.0,54.9,14.0,6.0,0.4,0.0,0.0,0.0,0.0,0.0,0.0,0.0,0.0,0.0,0.0,0.0,0.0,0.0,0.0,0.0,0.0,0.0,0.0,Rosenborg,13.0,3.0,0.0,0.0,3.0,4.0,45.1,12.0,3.0,0.3,0.0,0.0,0.0,0.0,0.0,0.0,0.0,0.0,0.0,0.0,0.0,7.0,0.0,0.0,0.0,0.0,0.0,0.0,727729,2025-07-06 12:30:00,2025
Sarpsborg FK,11.0,1.0,0.0,0.0,19.0,4.0,61.3,19.0,6.0,0.3,1.0,1.0,0.0,0.0,0.0,0.0,0.0,0.0,0.0,0.0,0.0,8.0,0.0,0.0,0.0,0.0,0.0,0.0,Haugesund,19.0,1.0,0.0,0.0,1.0,3.0,38.7,12.0,6.0,0.5,0.0,0.0,0.0,0.0,0.0,0.0,0.0,0.0,0.0,0.0,0.0,1.0,0.0,0.0,0.0,0.0,0.0,0.0,727730,2025-07-06 12:30:00,2025
Bodo/Glimt,6.0,0.0,0.0,0.0,4.0,1.0,61.7,24.0,5.0,0.2,1.0,1.0,0.0,0.0,0.0,0.0,0.0,0.0,0.0,0.0,0.0,11.0,0.0,0.0,0.0,0.0,0.0,0.0,Sandefjord,14.0,4.0,0.0,0.0,1.0,2.0,38.3,4.0,1.0,0.3,0.0,0.0,0.0,0.0,0.0,0.0,0.0,0.0,0.0,0.0,0.0,2.0,0.0,0.0,0.0,0.0,0.0,0.0,727738,2025-07-12 14:00:00,2025
Fredrikstad,5.0,1.0,0.0,0.0,7.0,5.0,42.7,13.0,6.0,0.5,0.0,0.0,0.0,0.0,0.0,0.0,0.0,0.0,0.0,0.0,0.0,5.0,0.0,0.0,0.0,0.0,0.0,0.0,Molde,8.0,3.0,0.0,0.0,4.0,3.0,57.3,11.0,6.0,0.5,0.0,0.0,0.0,0.0,0.0,0.0,0.0,0.0,0.0,0.0,0.0,2.0,0.0,0.0,0.0,0.0,0.0,0.0,727739,2025-07-12 16:00:00,2025
Bryne,11.0,2.0,0.0,0.0,6.0,4.0,50.4,15.0,6.0,0.4,0.0,0.0,0.0,0.0,0.0,0.0,0.0,0.0,0.0,0.0,0.0,4.0,0.0,0.0,0.0,0.0,0.0,0.0,Vålerenga,10.0,1.0,0.0,0.0,2.0,5.0,49.6,12.0,4.0,0.3,0.0,0.0,0.0,0.0,0.0,0.0,0.0,0.0,0.0,0.0,0.0,3.0,0.0,0.0,0.0,0.0,0.0,0.0,727734,2025-07-13 12:30:00,2025
Stromsgodset,12.0,1.0,0.0,0.0,4.0,6.0,41.6,9.0,3.0,0.3,0.0,0.0,0.0,0.0,0.0,0.0,0.0,0.0,0.0,0.0,0.0,3.0,0.0,0.0,0.0,0.0,0.0,0.0,Tromso,8.0,0.0,0.0,0.0,4.0,1.0,58.4,21.0,9.0,0.4,0.0,0.0,0.0,0.0,0.0,0.0,0.0,0.0,0.0,0.0,0.0,4.0,0.0,0.0,0.0,0.0,0.0,0.0,727740,2025-07-13 15:00:00,2025
Kristiansund BK,3.0,1.0,1.0,0.0,4.0,9.0,31.2,6.0,3.0,0.5,0.0,0.0,0.0,0.0,0.0,0.0,0.0,0.0,0.0,0.0,0.0,2.0,0.0,0.0,0.0,0.0,0.0,0.0,Sarpsborg FK,6.0,3.0,0.0,0.0,12.0,2.0,68.8,32.0,9.0,0.3,0.0,0.0,0.0,0.0,0.0,0.0,0.0,0.0,0.0,0.0,0.0,9.0,0.0,0.0,0.0,0.0,0.0,0.0,727736,2025-07-13 15:00:00,2025
Haugesund,11.0,0.0,0.0,0.0,3.0,2.0,53.8,9.0,4.0,0.4,0.0,0.0,0.0,0.0,0.0,0.0,0.0,0.0,0.0,0.0,0.0,4.0,0.0,0.0,0.0,0.0,0.0,0.0,KFUM Oslo,5.0,1.0,0.0,0.0,11.0,4.0,46.2,16.0,4.0,0.3,0.0,0.0,0.0,0.0,0.0,0.0,0.0,0.0,0.0,0.0,0.0,6.0,0.0,0.0,0.0,0.0,0.0,0.0,727735,2025-07-13 15:00:00,2025
Rosenborg,6.0,0.0,0.0,0.0,9.0,0.0,53.4,10.0,5.0,0.5,1.0,1.0,0.0,0.0,0.0,0.0,0.0,0.0,0.0,0.0,0.0,4.0,0.0,0.0,0.0,0.0,0.0,0.0,Hamarkameratene,12.0,2.0,0.0,0.0,6.0,3.0,46.6,11.0,0.0,0.0,0.0,0.0,0.0,0.0,0.0,0.0,0.0,0.0,0.0,0.0,0.0,3.0,0.0,0.0,0.0,0.0,0.0,0.0,727741,2025-07-13 15:00:00,2025
SK Brann,12.0,2.0,1.0,0.0,5.0,2.0,44.4,17.0,4.0,0.2,0.0,0.0,0.0,0.0,0.0,0.0,0.0,0.0,0.0,0.0,0.0,8.0,0.0,0.0,0.0,0.0,0.0,0.0,Viking FK,14.0,4.0,0.0,0.0,2.0,1.0,55.6,7.0,3.0,0.4,0.0,0.0,0.0,0.0,0.0,0.0,0.0,0.0,0.0,0.0,0.0,1.0,0.0,0.0,0.0,0.0,0.0,0.0,727737,2025-07-13 17:15:00,2025
Fredrikstad,11.0,0.0,0.0,0.0,3.0,5.0,26.1,9.0,3.0,0.3,0.0,0.0,0.0,0.0,0.0,0.0,0.0,0.0,0.0,0.0,0.0,1.0,0.0,0.0,0.0,0.0,0.0,0.0,Bodo/Glimt,9.0,1.0,0.0,0.0,8.0,4.0,73.9,25.0,6.0,0.2,0.0,0.0,0.0,0.0,0.0,0.0,0.0,0.0,0.0,0.0,0.0,9.0,0.0,0.0,0.0,0.0,0.0,0.0,727667,2025-07-16 16:00:00,2025
Sarpsborg FK,15.0,2.0,0.0,0.0,4.0,1.0,52.6,16.0,7.0,0.4,1.0,1.0,0.0,0.0,0.0,0.0,0.0,0.0,0.0,0.0,0.0,7.0,0.0,0.0,0.0,0.0,0.0,0.0,Rosenborg,15.0,5.0,0.0,0.0,1.0,4.0,47.4,13.0,4.0,0.3,0.0,0.0,0.0,0.0,0.0,0.0,0.0,0.0,0.0,0.0,0.0,4.0,0.0,0.0,0.0,0.0,0.0,0.0,727745,2025-07-18 16:00:00,2025
KFUM Oslo,9.0,0.0,1.0,0.0,4.0,0.0,44.7,10.0,3.0,0.3,0.0,0.0,0.0,0.0,0.0,0.0,0.0,0.0,0.0,0.0,0.0,2.0,0.0,0.0,0.0,0.0,0.0,0.0,SK Brann,14.0,3.0,1.0,0.0,11.0,1.0,55.3,14.0,0.0,0.0,0.0,0.0,0.0,0.0,0.0,0.0,0.0,0.0,0.0,0.0,0.0,7.0,0.0,0.0,0.0,0.0,0.0,0.0,727748,2025-07-19 12:00:00,2025
Molde,9.0,2.0,0.0,0.0,6.0,1.0,62.3,13.0,4.0,0.3,0.0,0.0,0.0,0.0,0.0,0.0,0.0,0.0,0.0,0.0,0.0,3.0,0.0,0.0,0.0,0.0,0.0,0.0,Stromsgodset,5.0,0.0,0.0,0.0,5.0,0.0,37.7,5.0,2.0,0.4,0.0,0.0,0.0,0.0,0.0,0.0,0.0,0.0,0.0,0.0,0.0,1.0,0.0,0.0,0.0,0.0,0.0,0.0,727747,2025-07-19 14:00:00,2025
Viking FK,14.0,0.0,0.0,0.0,4.0,5.0,35.6,13.0,5.0,0.4,1.0,1.0,0.0,0.0,0.0,0.0,0.0,0.0,0.0,0.0,0.0,3.0,0.0,0.0,0.0,0.0,0.0,0.0,Bodo/Glimt,15.0,3.0,0.0,0.0,4.0,3.0,64.4,16.0,8.0,0.5,0.0,0.0,0.0,0.0,0.0,0.0,0.0,0.0,0.0,0.0,0.0,3.0,0.0,0.0,0.0,0.0,0.0,0.0,727746,2025-07-19 16:00:00,2025
Vålerenga,11.0,1.0,0.0,0.0,10.0,4.0,49.1,30.0,13.0,0.4,0.0,0.0,0.0,0.0,0.0,0.0,0.0,0.0,0.0,0.0,0.0,10.0,0.0,0.0,0.0,0.0,0.0,0.0,Haugesund,13.0,3.0,0.0,0.0,7.0,9.0,50.9,8.0,4.0,0.5,0.0,0.0,0.0,0.0,0.0,0.0,0.0,0.0,0.0,0.0,0.0,3.0,0.0,0.0,0.0,0.0,0.0,0.0,727743,2025-07-20 12:30:00,2025
Tromso,9.0,1.0,0.0,0.0,5.0,5.0,52.1,12.0,6.0,0.5,1.0,1.0,0.0,0.0,0.0,0.0,0.0,0.0,0.0,0.0,0.0,2.0,0.0,0.0,0.0,0.0,0.0,0.0,Bryne,7.0,3.0,0.0,0.0,3.0,3.0,47.9,10.0,6.0,0.6,0.0,0.0,0.0,0.0,0.0,0.0,0.0,0.0,0.0,0.0,0.0,2.0,0.0,0.0,0.0,0.0,0.0,0.0,727742,2025-07-20 15:00:00,2025
Sandefjord,9.0,1.0,0.0,0.0,6.0,2.0,69.6,15.0,6.0,0.4,0.0,0.0,0.0,0.0,0.0,0.0,0.0,0.0,0.0,0.0,0.0,4.0,0.0,0.0,0.0,0.0,0.0,0.0,Kristiansund BK,5.0,0.0,0.0,0.0,7.0,1.0,30.4,10.0,3.0,0.3,0.0,0.0,0.0,0.0,0.0,0.0,0.0,0.0,0.0,0.0,0.0,4.0,0.0,0.0,0.0,0.0,0.0,0.0,727744,2025-07-20 15:00:00,2025
Hamarkameratene,13.0,0.0,0.0,0.0,9.0,5.0,43.7,12.0,2.0,0.2,0.0,0.0,0.0,0.0,0.0,0.0,0.0,0.0,0.0,0.0,0.0,4.0,0.0,0.0,0.0,0.0,0.0,0.0,Fredrikstad,11.0,1.0,0.0,0.0,4.0,1.0,56.3,12.0,6.0,0.5,0.0,0.0,0.0,0.0,0.0,0.0,0.0,0.0,0.0,0.0,0.0,2.0,0.0,0.0,0.0,0.0,0.0,0.0,727749,2025-07-20 17:15:00,2025
Fredrikstad,12.0,1.0,0.0,0.0,7.0,2.0,54.8,21.0,5.0,0.2,0.0,0.0,0.0,0.0,0.0,0.0,0.0,0.0,0.0,0.0,0.0,6.0,0.0,0.0,0.0,0.0,0.0,0.0,Stromsgodset,9.0,1.0,0.0,0.0,1.0,3.0,45.2,10.0,4.0,0.4,0.0,0.0,0.0,0.0,0.0,0.0,0.0,0.0,0.0,0.0,0.0,3.0,0.0,0.0,0.0,0.0,0.0,0.0,727751,2025-07-25 17:00:00,2025
Sandefjord,11.0,4.0,0.0,0.0,4.0,5.0,56.1,23.0,10.0,0.4,0.0,0.0,0.0,0.0,0.0,0.0,0.0,0.0,0.0,0.0,0.0,6.0,0.0,0.0,0.0,0.0,0.0,0.0,Sarpsborg FK,10.0,4.0,0.0,0.0,5.0,7.0,43.9,14.0,7.0,0.5,2.0,2.0,0.0,0.0,0.0,0.0,0.0,0.0,0.0,0.0,0.0,4.0,0.0,0.0,0.0,0.0,0.0,0.0,727755,2025-07-26 14:00:00,2025
Haugesund,10.0,0.0,0.0,0.0,5.0,1.0,48.5,11.0,4.0,0.4,0.0,0.0,0.0,0.0,0.0,0.0,0.0,0.0,0.0,0.0,0.0,3.0,0.0,0.0,0.0,0.0,0.0,0.0,Hamarkameratene,9.0,0.0,0.0,0.0,8.0,4.0,51.5,10.0,4.0,0.4,0.0,0.0,0.0,0.0,0.0,0.0,0.0,0.0,0.0,0.0,0.0,5.0,0.0,0.0,0.0,0.0,0.0,0.0,727750,2025-07-26 14:00:00,2025
Kristiansund BK,15.0,3.0,0.0,0.0,3.0,2.0,55.3,6.0,1.0,0.2,0.0,0.0,0.0,0.0,0.0,0.0,0.0,0.0,0.0,0.0,0.0,4.0,0.0,0.0,0.0,0.0,0.0,0.0,KFUM Oslo,12.0,1.0,0.0,0.0,3.0,1.0,44.7,14.0,7.0,0.5,0.0,0.0,0.0,0.0,0.0,0.0,0.0,0.0,0.0,0.0,0.0,5.0,0.0,0.0,0.0,0.0,0.0,0.0,727754,2025-07-26 14:00:00,2025
Bodo/Glimt,13.0,0.0,0.0,0.0,6.0,0.0,64.3,23.0,13.0,0.6,0.0,0.0,0.0,0.0,0.0,0.0,0.0,0.0,0.0,0.0,0.0,3.0,0.0,0.0,0.0,0.0,0.0,0.0,Vålerenga,9.0,0.0,0.0,0.0,1.0,6.0,35.7,5.0,2.0,0.4,0.0,0.0,0.0,0.0,0.0,0.0,0.0,0.0,0.0,0.0,0.0,0.0,0.0,0.0,0.0,0.0,0.0,0.0,727752,2025-07-26 16:00:00,2025
Bryne,15.0,3.0,0.0,0.0,2.0,2.0,47.8,13.0,5.0,0.4,0.0,0.0,0.0,0.0,0.0,0.0,0.0,0.0,0.0,0.0,0.0,3.0,0.0,0.0,0.0,0.0,0.0,0.0,Viking FK,16.0,3.0,0.0,0.0,5.0,4.0,52.2,9.0,5.0,0.6,0.0,0.0,0.0,0.0,0.0,0.0,0.0,0.0,0.0,0.0,0.0,1.0,0.0,0.0,0.0,0.0,0.0,0.0,727756,2025-07-27 12:30:00,2025
Rosenborg,12.0,2.0,0.0,0.0,4.0,1.0,47.9,11.0,5.0,0.5,1.0,1.0,0.0,0.0,0.0,0.0,0.0,0.0,0.0,0.0,0.0,3.0,0.0,0.0,0.0,0.0,0.0,0.0,Tromso,20.0,3.0,1.0,0.0,7.0,1.0,52.1,8.0,2.0,0.3,0.0,0.0,0.0,0.0,0.0,0.0,0.0,0.0,0.0,0.0,0.0,2.0,0.0,0.0,0.0,0.0,0.0,0.0,727753,2025-07-27 12:30:00,2025
Bodo/Glimt,4.0,0.0,0.0,0.0,8.0,2.0,70.4,18.0,5.0,0.3,0.0,0.0,0.0,0.0,0.0,0.0,0.0,0.0,0.0,0.0,0.0,5.0,0.0,0.0,0.0,0.0,0.0,0.0,Stromsgodset,10.0,1.0,0.0,0.0,1.0,3.0,29.6,8.0,2.0,0.3,0.0,0.0,0.0,0.0,0.0,0.0,0.0,0.0,0.0,0.0,0.0,2.0,0.0,0.0,0.0,0.0,0.0,0.0,727675,2025-07-30 17:00:00,2025
Tromso,14.0,0.0,0.0,0.0,1.0,3.0,55.0,12.0,5.0,0.4,0.0,0.0,0.0,0.0,0.0,0.0,0.0,0.0,0.0,0.0,0.0,1.0,0.0,0.0,0.0,0.0,0.0,0.0,Fredrikstad,15.0,4.0,0.0,0.0,5.0,5.0,45.0,12.0,3.0,0.3,0.0,0.0,0.0,0.0,0.0,0.0,0.0,0.0,0.0,0.0,0.0,5.0,0.0,0.0,0.0,0.0,0.0,0.0,727759,2025-08-02 14:00:00,2025
Sarpsborg FK,9.0,1.0,0.0,0.0,3.0,7.0,34.3,13.0,4.0,0.3,0.0,0.0,0.0,0.0,0.0,0.0,0.0,0.0,0.0,0.0,0.0,5.0,0.0,0.0,0.0,0.0,0.0,0.0,SK Brann,12.0,0.0,0.0,0.0,15.0,3.0,65.7,31.0,11.0,0.4,0.0,0.0,0.0,0.0,0.0,0.0,0.0,0.0,0.0,0.0,0.0,10.0,0.0,0.0,0.0,0.0,0.0,0.0,727757,2025-08-02 16:00:00,2025
Hamarkameratene,11.0,2.0,0.0,0.0,5.0,2.0,35.5,9.0,4.0,0.4,0.0,0.0,0.0,0.0,0.0,0.0,0.0,0.0,0.0,0.0,0.0,1.0,0.0,0.0,0.0,0.0,0.0,0.0,Bodo/Glimt,7.0,0.0,0.0,0.0,9.0,2.0,64.5,14.0,5.0,0.4,0.0,0.0,0.0,0.0,0.0,0.0,0.0,0.0,0.0,0.0,0.0,3.0,0.0,0.0,0.0,0.0,0.0,0.0,727761,2025-08-03 12:30:00,2025
Molde,9.0,2.0,0.0,0.0,14.0,2.0,67.0,17.0,6.0,0.4,0.0,0.0,0.0,0.0,0.0,0.0,0.0,0.0,0.0,0.0,0.0,6.0,0.0,0.0,0.0,0.0,0.0,0.0,Bryne,12.0,0.0,0.0,0.0,2.0,4.0,33.0,8.0,2.0,0.3,0.0,0.0,0.0,0.0,0.0,0.0,0.0,0.0,0.0,0.0,0.0,2.0,0.0,0.0,0.0,0.0,0.0,0.0,727762,2025-08-03 15:00:00,2025
Stromsgodset,10.0,1.0,0.0,0.0,5.0,3.0,56.8,22.0,11.0,0.5,0.0,0.0,0.0,0.0,0.0,0.0,0.0,0.0,0.0,0.0,0.0,1.0,0.0,0.0,0.0,0.0,0.0,0.0,Haugesund,12.0,0.0,0.0,0.0,4.0,8.0,43.2,6.0,3.0,0.5,0.0,0.0,0.0,0.0,0.0,0.0,0.0,0.0,0.0,0.0,0.0,1.0,0.0,0.0,0.0,0.0,0.0,0.0,727760,2025-08-03 15:00:00,2025
KFUM Oslo,15.0,2.0,0.0,0.0,3.0,1.0,57.7,12.0,5.0,0.4,0.0,0.0,0.0,0.0,0.0,0.0,0.0,0.0,0.0,0.0,0.0,3.0,0.0,0.0,0.0,0.0,0.0,0.0,Rosenborg,10.0,1.0,0.0,0.0,3.0,1.0,42.3,4.0,2.0,0.5,1.0,1.0,0.0,0.0,0.0,0.0,0.0,0.0,0.0,0.0,0.0,0.0,0.0,0.0,0.0,0.0,0.0,0.0,727763,2025-08-03 15:00:00,2025
Vålerenga,16.0,0.0,0.0,0.0,7.0,5.0,38.5,16.0,5.0,0.3,0.0,0.0,0.0,0.0,0.0,0.0,0.0,0.0,0.0,0.0,0.0,3.0,0.0,0.0,0.0,0.0,0.0,0.0,Sandefjord,15.0,2.0,0.0,0.0,11.0,3.0,61.5,18.0,6.0,0.3,1.0,1.0,0.0,0.0,0.0,0.0,0.0,0.0,0.0,0.0,0.0,6.0,0.0,0.0,0.0,0.0,0.0,0.0,727758,2025-08-03 15:00:00,2025
Molde,10.0,0.0,0.0,0.0,10.0,3.0,53.7,23.0,7.0,0.3,0.0,0.0,0.0,0.0,0.0,0.0,0.0,0.0,0.0,0.0,0.0,5.0,0.0,0.0,0.0,0.0,0.0,0.0,Hamarkameratene,13.0,0.0,0.0,0.0,2.0,6.0,46.3,8.0,3.0,0.4,0.0,0.0,0.0,0.0,0.0,0.0,0.0,0.0,0.0,0.0,0.0,1.0,0.0,0.0,0.0,0.0,0.0,0.0,727764,2025-08-09 14:00:00,2025
Bodo/Glimt,8.0,0.0,0.0,0.0,12.0,2.0,62.1,11.0,2.0,0.2,1.0,1.0,0.0,0.0,0.0,0.0,0.0,0.0,0.0,0.0,0.0,5.0,0.0,0.0,0.0,0.0,0.0,0.0,Tromso,7.0,1.0,0.0,0.0,3.0,1.0,37.9,5.0,3.0,0.6,0.0,0.0,0.0,0.0,0.0,0.0,0.0,0.0,0.0,0.0,0.0,2.0,0.0,0.0,0.0,0.0,0.0,0.0,727766,2025-08-09 17:15:00,2025
Haugesund,16.0,3.0,0.0,0.0,2.0,4.0,38.5,7.0,5.0,0.7,1.0,1.0,0.0,0.0,0.0,0.0,0.0,0.0,0.0,0.0,0.0,1.0,0.0,0.0,0.0,0.0,0.0,0.0,Sarpsborg FK,11.0,1.0,1.0,0.0,11.0,2.0,61.5,29.0,6.0,0.2,0.0,0.0,0.0,0.0,0.0,0.0,0.0,0.0,0.0,0.0,0.0,14.0,0.0,0.0,0.0,0.0,0.0,0.0,727768,2025-08-10 15:00:00,2025
Bryne,14.0,1.0,0.0,0.0,2.0,2.0,45.0,5.0,2.0,0.4,0.0,0.0,0.0,0.0,0.0,0.0,0.0,0.0,0.0,0.0,0.0,1.0,0.0,0.0,0.0,0.0,0.0,0.0,KFUM Oslo,9.0,2.0,0.0,0.0,2.0,2.0,55.0,5.0,2.0,0.4,0.0,0.0,0.0,0.0,0.0,0.0,0.0,0.0,0.0,0.0,0.0,2.0,0.0,0.0,0.0,0.0,0.0,0.0,727767,2025-08-10 15:00:00,2025
Sandefjord,14.0,2.0,0.0,0.0,0.0,3.0,52.5,8.0,2.0,0.3,0.0,0.0,0.0,0.0,0.0,0.0,0.0,0.0,0.0,0.0,0.0,2.0,0.0,0.0,0.0,0.0,0.0,0.0,Viking FK,23.0,3.0,0.0,0.0,5.0,1.0,47.5,10.0,4.0,0.4,1.0,1.0,0.0,0.0,0.0,0.0,0.0,0.0,0.0,0.0,0.0,4.0,0.0,0.0,0.0,0.0,0.0,0.0,727765,2025-08-10 17:15:00,2025
Stromsgodset,5.0,1.0,1.0,0.0,1.0,7.0,23.9,1.0,1.0,1.0,0.0,0.0,0.0,0.0,0.0,0.0,0.0,0.0,0.0,0.0,0.0,0.0,0.0,0.0,0.0,0.0,0.0,0.0,Bodo/Glimt,5.0,0.0,0.0,0.0,16.0,1.0,76.1,30.0,12.0,0.4,0.0,0.0,0.0,0.0,0.0,0.0,0.0,0.0,0.0,0.0,0.0,8.0,0.0,0.0,0.0,0.0,0.0,0.0,727774,2025-08-15 17:00:00,2025
Tromso,15.0,2.0,0.0,0.0,4.0,0.0,45.6,12.0,4.0,0.3,0.0,0.0,0.0,0.0,0.0,0.0,0.0,0.0,0.0,0.0,0.0,4.0,0.0,0.0,0.0,0.0,0.0,0.0,SK Brann,10.0,3.0,0.0,0.0,4.0,3.0,54.4,10.0,2.0,0.2,0.0,0.0,0.0,0.0,0.0,0.0,0.0,0.0,0.0,0.0,0.0,6.0,0.0,0.0,0.0,0.0,0.0,0.0,727772,2025-08-17 12:30:00,2025
Hamarkameratene,13.0,2.0,0.0,0.0,5.0,3.0,48.9,11.0,5.0,0.5,1.0,1.0,0.0,0.0,0.0,0.0,0.0,0.0,0.0,0.0,0.0,1.0,0.0,0.0,0.0,0.0,0.0,0.0,Bryne,22.0,3.0,0.0,0.0,2.0,4.0,51.1,5.0,3.0,0.6,0.0,0.0,0.0,0.0,0.0,0.0,0.0,0.0,0.0,0.0,0.0,1.0,0.0,0.0,0.0,0.0,0.0,0.0,727769,2025-08-17 15:00:00,2025
KFUM Oslo,16.0,3.0,0.0,0.0,8.0,0.0,42.9,17.0,5.0,0.3,0.0,0.0,0.0,0.0,0.0,0.0,0.0,0.0,0.0,0.0,0.0,3.0,0.0,0.0,0.0,0.0,0.0,0.0,Molde,9.0,2.0,0.0,0.0,2.0,5.0,57.1,3.0,0.0,0.0,0.0,0.0,0.0,0.0,0.0,0.0,0.0,0.0,0.0,0.0,0.0,2.0,0.0,0.0,0.0,0.0,0.0,0.0,727773,2025-08-17 15:00:00,2025
Kristiansund BK,13.0,3.0,0.0,0.0,8.0,6.0,34.3,16.0,7.0,0.4,0.0,0.0,0.0,0.0,0.0,0.0,0.0,0.0,0.0,0.0,0.0,2.0,0.0,0.0,0.0,0.0,0.0,0.0,Sandefjord,8.0,3.0,0.0,0.0,7.0,5.0,65.7,19.0,8.0,0.4,0.0,0.0,0.0,0.0,0.0,0.0,0.0,0.0,0.0,0.0,0.0,7.0,0.0,0.0,0.0,0.0,0.0,0.0,727770,2025-08-17 15:00:00,2025
Vålerenga,9.0,1.0,0.0,0.0,5.0,2.0,49.0,18.0,8.0,0.4,0.0,0.0,0.0,0.0,0.0,0.0,0.0,0.0,0.0,0.0,0.0,3.0,0.0,0.0,0.0,0.0,0.0,0.0,Sarpsborg FK,11.0,2.0,0.0,0.0,6.0,4.0,51.0,11.0,2.0,0.2,0.0,0.0,0.0,0.0,0.0,0.0,0.0,0.0,0.0,0.0,0.0,6.0,0.0,0.0,0.0,0.0,0.0,0.0,727771,2025-08-17 17:15:00,2025
KFUM Oslo,8.0,1.0,0.0,0.0,2.0,2.0,58.8,12.0,4.0,0.3,0.0,0.0,0.0,0.0,0.0,0.0,0.0,0.0,0.0,0.0,0.0,2.0,0.0,0.0,0.0,0.0,0.0,0.0,Hamarkameratene,10.0,2.0,0.0,0.0,1.0,2.0,41.2,5.0,4.0,0.8,0.0,0.0,0.0,0.0,0.0,0.0,0.0,0.0,0.0,0.0,0.0,0.0,0.0,0.0,0.0,0.0,0.0,0.0,727778,2025-08-22 17:00:00,2025
Haugesund,10.0,3.0,0.0,0.0,3.0,4.0,48.6,9.0,6.0,0.7,0.0,0.0,0.0,0.0,0.0,0.0,0.0,0.0,0.0,0.0,0.0,2.0,0.0,0.0,0.0,0.0,0.0,0.0,Vålerenga,14.0,2.0,0.0,0.0,1.0,4.0,51.4,13.0,7.0,0.5,1.0,1.0,0.0,0.0,0.0,0.0,0.0,0.0,0.0,0.0,0.0,2.0,0.0,0.0,0.0,0.0,0.0,0.0,727777,2025-08-24 12:30:00,2025
Bryne,15.0,2.0,0.0,0.0,11.0,3.0,58.7,21.0,8.0,0.4,0.0,0.0,0.0,0.0,0.0,0.0,0.0,0.0,0.0,0.0,0.0,4.0,0.0,0.0,0.0,0.0,0.0,0.0,Stromsgodset,10.0,1.0,0.0,0.0,9.0,6.0,41.3,12.0,6.0,0.5,0.0,0.0,0.0,0.0,0.0,0.0,0.0,0.0,0.0,0.0,0.0,2.0,0.0,0.0,0.0,0.0,0.0,0.0,727776,2025-08-24 15:00:00,2025
Molde,12.0,2.0,0.0,0.0,4.0,2.0,43.6,6.0,3.0,0.5,2.0,2.0,0.0,0.0,0.0,0.0,0.0,0.0,0.0,0.0,0.0,1.0,0.0,0.0,0.0,0.0,0.0,0.0,Tromso,19.0,2.0,0.0,0.0,9.0,1.0,56.4,11.0,2.0,0.2,0.0,0.0,0.0,0.0,0.0,0.0,0.0,0.0,0.0,0.0,0.0,4.0,0.0,0.0,0.0,0.0,0.0,0.0,727779,2025-08-24 17:15:00,2025
Sarpsborg FK,19.0,2.0,0.0,0.0,10.0,3.0,56.3,9.0,2.0,0.2,0.0,0.0,0.0,0.0,0.0,0.0,0.0,0.0,0.0,0.0,0.0,4.0,0.0,0.0,0.0,0.0,0.0,0.0,Kristiansund BK,10.0,2.0,0.0,0.0,3.0,2.0,43.7,12.0,4.0,0.3,0.0,0.0,0.0,0.0,0.0,0.0,0.0,0.0,0.0,0.0,0.0,4.0,0.0,0.0,0.0,0.0,0.0,0.0,727781,2025-08-25 17:00:00,2025
Vålerenga,10.0,2.0,0.0,0.0,10.0,3.0,55.2,18.0,3.0,0.2,1.0,1.0,0.0,0.0,0.0,0.0,0.0,0.0,0.0,0.0,0.0,6.0,0.0,0.0,0.0,0.0,0.0,0.0,Bryne,13.0,2.0,0.0,0.0,1.0,0.0,44.8,15.0,5.0,0.3,0.0,1.0,0.0,0.0,0.0,0.0,0.0,0.0,0.0,0.0,0.0,6.0,0.0,0.0,0.0,0.0,0.0,0.0,727782,2025-08-30 16:00:00,2025
Kristiansund BK,13.0,4.0,0.0,0.0,2.0,4.0,31.7,8.0,3.0,0.4,0.0,0.0,0.0,0.0,0.0,0.0,0.0,0.0,0.0,0.0,0.0,3.0,0.0,0.0,0.0,0.0,0.0,0.0,SK Brann,11.0,2.0,0.0,0.0,8.0,0.0,68.3,17.0,6.0,0.4,1.0,1.0,0.0,0.0,0.0,0.0,0.0,0.0,0.0,0.0,0.0,4.0,0.0,0.0,0.0,0.0,0.0,0.0,727789,2025-08-31 12:30:00,2025
Viking FK,18.0,3.0,0.0,0.0,8.0,1.0,46.5,11.0,3.0,0.3,1.0,1.0,0.0,0.0,0.0,0.0,0.0,0.0,0.0,0.0,0.0,5.0,0.0,0.0,0.0,0.0,0.0,0.0,Rosenborg,18.0,4.0,0.0,0.0,7.0,1.0,53.5,14.0,2.0,0.1,0.0,0.0,0.0,0.0,0.0,0.0,0.0,0.0,0.0,0.0,0.0,7.0,0.0,0.0,0.0,0.0,0.0,0.0,727787,2025-08-31 15:00:00,2025
Sandefjord,8.0,5.0,0.0,0.0,4.0,2.0,48.0,8.0,2.0,0.3,0.0,0.0,0.0,0.0,0.0,0.0,0.0,0.0,0.0,0.0,0.0,1.0,0.0,0.0,0.0,0.0,0.0,0.0,Bodo/Glimt,8.0,2.0,0.0,0.0,8.0,0.0,52.0,14.0,2.0,0.1,0.0,0.0,0.0,0.0,0.0,0.0,0.0,0.0,0.0,0.0,0.0,5.0,0.0,0.0,0.0,0.0,0.0,0.0,727785,2025-08-31 15:00:00,2025
Fredrikstad,10.0,2.0,0.0,0.0,5.0,2.0,56.1,20.0,3.0,0.2,0.0,1.0,0.0,0.0,0.0,0.0,0.0,0.0,0.0,0.0,0.0,7.0,0.0,0.0,0.0,0.0,0.0,0.0,Haugesund,8.0,1.0,0.0,0.0,0.0,1.0,43.9,11.0,3.0,0.3,0.0,0.0,0.0,0.0,0.0,0.0,0.0,0.0,0.0,0.0,0.0,4.0,0.0,0.0,0.0,0.0,0.0,0.0,727784,2025-08-31 15:00:00,2025
Hamarkameratene,8.0,0.0,1.0,0.0,6.0,4.0,42.4,8.0,6.0,0.8,0.0,0.0,0.0,0.0,0.0,0.0,0.0,0.0,0.0,0.0,0.0,0.0,0.0,0.0,0.0,0.0,0.0,0.0,Sarpsborg FK,11.0,0.0,0.0,0.0,13.0,5.0,57.6,19.0,7.0,0.4,0.0,0.0,0.0,0.0,0.0,0.0,0.0,0.0,0.0,0.0,0.0,6.0,0.0,0.0,0.0,0.0,0.0,0.0,727788,2025-08-31 15:00:00,2025
Tromso,13.0,2.0,1.0,0.0,3.0,3.0,40.6,5.0,2.0,0.4,0.0,0.0,0.0,0.0,0.0,0.0,0.0,0.0,0.0,0.0,0.0,2.0,0.0,0.0,0.0,0.0,0.0,0.0,KFUM Oslo,7.0,0.0,0.0,0.0,5.0,0.0,59.4,11.0,3.0,0.3,0.0,0.0,0.0,0.0,0.0,0.0,0.0,0.0,0.0,0.0,0.0,2.0,0.0,0.0,0.0,0.0,0.0,0.0,727786,2025-08-31 15:00:00,2025
Stromsgodset,16.0,1.0,0.0,0.0,2.0,2.0,33.9,17.0,8.0,0.5,0.0,0.0,0.0,0.0,0.0,0.0,0.0,0.0,0.0,0.0,0.0,1.0,0.0,0.0,0.0,0.0,0.0,0.0,Molde,8.0,4.0,0.0,0.0,6.0,5.0,66.1,14.0,3.0,0.2,0.0,0.0,0.0,0.0,0.0,0.0,0.0,0.0,0.0,0.0,0.0,6.0,0.0,0.0,0.0,0.0,0.0,0.0,727783,2025-08-31 17:15:00,2025
Bodo/Glimt,10.0,0.0,0.0,0.0,3.0,3.0,66.3,18.0,8.0,0.4,1.0,2.0,0.0,0.0,0.0,0.0,0.0,0.0,0.0,0.0,0.0,6.0,0.0,0.0,0.0,0.0,0.0,0.0,Kristiansund BK,10.0,1.0,0.0,0.0,1.0,1.0,33.7,9.0,4.0,0.4,0.0,0.0,0.0,0.0,0.0,0.0,0.0,0.0,0.0,0.0,0.0,0.0,0.0,0.0,0.0,0.0,0.0,0.0,727794,2025-09-12 17:00:00,2025
Molde,13.0,3.0,0.0,0.0,14.0,3.0,67.1,31.0,6.0,0.2,0.0,0.0,0.0,0.0,0.0,0.0,0.0,0.0,0.0,0.0,0.0,13.0,0.0,0.0,0.0,0.0,0.0,0.0,Fredrikstad,9.0,2.0,0.0,0.0,2.0,5.0,32.9,11.0,5.0,0.5,0.0,1.0,0.0,0.0,0.0,0.0,0.0,0.0,0.0,0.0,0.0,4.0,0.0,0.0,0.0,0.0,0.0,0.0,727792,2025-09-13 14:00:00,2025
SK Brann,14.0,4.0,0.0,0.0,11.0,2.0,63.1,17.0,11.0,0.6,0.0,0.0,0.0,0.0,0.0,0.0,0.0,0.0,0.0,0.0,0.0,2.0,0.0,0.0,0.0,0.0,0.0,0.0,Vålerenga,9.0,2.0,1.0,0.0,4.0,8.0,36.9,9.0,4.0,0.4,0.0,0.0,0.0,0.0,0.0,0.0,0.0,0.0,0.0,0.0,0.0,1.0,0.0,0.0,0.0,0.0,0.0,0.0,727793,2025-09-13 16:00:00,2025
Bryne,8.0,1.0,0.0,0.0,2.0,2.0,52.1,5.0,3.0,0.6,0.0,0.0,0.0,0.0,0.0,0.0,0.0,0.0,0.0,0.0,0.0,2.0,0.0,0.0,0.0,0.0,0.0,0.0,Tromso,10.0,0.0,0.0,0.0,5.0,3.0,47.9,7.0,4.0,0.6,0.0,0.0,0.0,0.0,0.0,0.0,0.0,0.0,0.0,0.0,0.0,0.0,0.0,0.0,0.0,0.0,0.0,0.0,727790,2025-09-14 12:30:00,2025
Hamarkameratene,13.0,1.0,0.0,0.0,6.0,2.0,47.8,11.0,5.0,0.5,0.0,0.0,0.0,0.0,0.0,0.0,0.0,0.0,0.0,0.0,0.0,2.0,0.0,0.0,0.0,0.0,0.0,0.0,Stromsgodset,9.0,1.0,0.0,0.0,8.0,4.0,52.2,18.0,4.0,0.2,0.0,0.0,0.0,0.0,0.0,0.0,0.0,0.0,0.0,0.0,0.0,10.0,0.0,0.0,0.0,0.0,0.0,0.0,727795,2025-09-14 15:00:00,2025
Sarpsborg FK,13.0,3.0,0.0,0.0,3.0,7.0,34.7,9.0,5.0,0.6,1.0,1.0,0.0,0.0,0.0,0.0,0.0,0.0,0.0,0.0,0.0,0.0,0.0,0.0,0.0,0.0,0.0,0.0,Sandefjord,16.0,1.0,0.0,0.0,6.0,3.0,65.3,24.0,8.0,0.3,0.0,0.0,0.0,0.0,0.0,0.0,0.0,0.0,0.0,0.0,0.0,6.0,0.0,0.0,0.0,0.0,0.0,0.0,727791,2025-09-14 15:00:00,2025
KFUM Oslo,15.0,3.0,0.0,0.0,4.0,2.0,46.5,10.0,4.0,0.4,0.0,0.0,0.0,0.0,0.0,0.0,0.0,0.0,0.0,0.0,0.0,4.0,0.0,0.0,0.0,0.0,0.0,0.0,Viking FK,11.0,1.0,0.0,0.0,6.0,2.0,53.5,6.0,3.0,0.5,0.0,0.0,0.0,0.0,0.0,0.0,0.0,0.0,0.0,0.0,0.0,0.0,0.0,0.0,0.0,0.0,0.0,0.0,727797,2025-09-14 15:00:00,2025
Haugesund,10.0,1.0,0.0,0.0,2.0,4.0,43.0,5.0,1.0,0.2,0.0,0.0,0.0,0.0,0.0,0.0,0.0,0.0,0.0,0.0,0.0,1.0,0.0,0.0,0.0,0.0,0.0,0.0,Rosenborg,13.0,2.0,0.0,0.0,5.0,1.0,57.0,14.0,6.0,0.4,0.0,0.0,0.0,0.0,0.0,0.0,0.0,0.0,0.0,0.0,0.0,3.0,0.0,0.0,0.0,0.0,0.0,0.0,727796,2025-09-14 17:15:00,2025
Fredrikstad,14.0,0.0,0.0,0.0,4.0,2.0,51.2,10.0,4.0,0.4,1.0,1.0,0.0,0.0,0.0,0.0,0.0,0.0,0.0,0.0,0.0,3.0,0.0,0.0,0.0,0.0,0.0,0.0,Bryne,12.0,3.0,0.0,0.0,4.0,3.0,48.8,10.0,3.0,0.3,0.0,0.0,0.0,0.0,0.0,0.0,0.0,0.0,0.0,0.0,0.0,2.0,0.0,0.0,0.0,0.0,0.0,0.0,727798,2025-09-20 12:00:00,2025
Sandefjord,14.0,0.0,1.0,0.0,4.0,3.0,42.6,11.0,6.0,0.5,0.0,0.0,0.0,0.0,0.0,0.0,0.0,0.0,0.0,0.0,0.0,2.0,0.0,0.0,0.0,0.0,0.0,0.0,SK Brann,15.0,2.0,0.0,0.0,6.0,6.0,57.4,14.0,5.0,0.4,1.0,1.0,0.0,0.0,0.0,0.0,0.0,0.0,0.0,0.0,0.0,3.0,0.0,0.0,0.0,0.0,0.0,0.0,727803,2025-09-20 14:00:00,2025
Vålerenga,11.0,2.0,0.0,0.0,1.0,1.0,48.0,7.0,1.0,0.1,0.0,0.0,0.0,0.0,0.0,0.0,0.0,0.0,0.0,0.0,0.0,2.0,0.0,0.0,0.0,0.0,0.0,0.0,KFUM Oslo,20.0,4.0,0.0,0.0,4.0,1.0,52.0,9.0,2.0,0.2,1.0,1.0,0.0,0.0,0.0,0.0,0.0,0.0,0.0,0.0,0.0,2.0,0.0,0.0,0.0,0.0,0.0,0.0,727802,2025-09-20 16:00:00,2025
Rosenborg,17.0,3.0,0.0,0.0,8.0,2.0,51.2,16.0,2.0,0.1,0.0,0.0,0.0,0.0,0.0,0.0,0.0,0.0,0.0,0.0,0.0,10.0,0.0,0.0,0.0,0.0,0.0,0.0,Bodo/Glimt,5.0,1.0,0.0,0.0,3.0,2.0,48.8,12.0,3.0,0.3,0.0,0.0,0.0,0.0,0.0,0.0,0.0,0.0,0.0,0.0,0.0,5.0,0.0,0.0,0.0,0.0,0.0,0.0,727805,2025-09-21 12:30:00,2025
Kristiansund BK,10.0,2.0,0.0,0.0,3.0,3.0,51.3,22.0,7.0,0.3,0.0,0.0,0.0,0.0,0.0,0.0,0.0,0.0,0.0,0.0,0.0,7.0,0.0,0.0,0.0,0.0,0.0,0.0,Haugesund,12.0,1.0,0.0,0.0,1.0,5.0,48.7,5.0,3.0,0.6,0.0,0.0,0.0,0.0,0.0,0.0,0.0,0.0,0.0,0.0,0.0,2.0,0.0,0.0,0.0,0.0,0.0,0.0,727804,2025-09-21 15:00:00,2025
Stromsgodset,11.0,1.0,0.0,0.0,8.0,3.0,42.4,12.0,4.0,0.3,0.0,0.0,0.0,0.0,0.0,0.0,0.0,0.0,0.0,0.0,0.0,5.0,0.0,0.0,0.0,0.0,0.0,0.0,Sarpsborg FK,14.0,2.0,0.0,0.0,7.0,2.0,57.6,13.0,3.0,0.2,0.0,0.0,0.0,0.0,0.0,0.0,0.0,0.0,0.0,0.0,0.0,5.0,0.0,0.0,0.0,0.0,0.0,0.0,727799,2025-09-21 15:00:00,2025
Tromso,12.0,2.0,0.0,0.0,3.0,2.0,56.1,14.0,2.0,0.1,0.0,0.0,0.0,0.0,0.0,0.0,0.0,0.0,0.0,0.0,0.0,4.0,0.0,0.0,0.0,0.0,0.0,0.0,Hamarkameratene,12.0,1.0,0.0,0.0,4.0,1.0,43.9,13.0,2.0,0.2,0.0,0.0,0.0,0.0,0.0,0.0,0.0,0.0,0.0,0.0,0.0,4.0,0.0,0.0,0.0,0.0,0.0,0.0,727800,2025-09-21 15:00:00,2025
Viking FK,9.0,1.0,0.0,0.0,16.0,4.0,51.1,29.0,7.0,0.2,0.0,0.0,0.0,0.0,0.0,0.0,0.0,0.0,0.0,0.0,0.0,8.0,0.0,0.0,0.0,0.0,0.0,0.0,Molde,4.0,1.0,0.0,0.0,5.0,4.0,48.9,20.0,4.0,0.2,0.0,0.0,0.0,0.0,0.0,0.0,0.0,0.0,0.0,0.0,0.0,3.0,0.0,0.0,0.0,0.0,0.0,0.0,727801,2025-09-21 17:15:00,2025
Sarpsborg FK,17.0,1.0,0.0,0.0,5.0,3.0,52.2,10.0,4.0,0.4,0.0,0.0,0.0,0.0,0.0,0.0,0.0,0.0,0.0,0.0,0.0,1.0,0.0,0.0,0.0,0.0,0.0,0.0,Viking FK,14.0,0.0,0.0,0.0,12.0,1.0,47.8,21.0,6.0,0.3,0.0,0.0,0.0,0.0,0.0,0.0,0.0,0.0,0.0,0.0,0.0,9.0,0.0,0.0,0.0,0.0,0.0,0.0,727808,2025-09-27 16:00:00,2025
SK Brann,10.0,0.0,0.0,0.0,7.0,1.0,67.0,19.0,6.0,0.3,0.0,0.0,0.0,0.0,0.0,0.0,0.0,0.0,0.0,0.0,0.0,9.0,0.0,0.0,0.0,0.0,0.0,0.0,Fredrikstad,10.0,1.0,0.0,0.0,5.0,5.0,33.0,7.0,1.0,0.1,0.0,0.0,0.0,0.0,0.0,0.0,0.0,0.0,0.0,0.0,0.0,2.0,0.0,0.0,0.0,0.0,0.0,0.0,727775,2025-09-28 12:30:00,2025
Hamarkameratene,16.0,1.0,0.0,0.0,7.0,3.0,66.8,29.0,16.0,0.6,0.0,0.0,0.0,0.0,0.0,0.0,0.0,0.0,0.0,0.0,0.0,5.0,0.0,0.0,0.0,0.0,0.0,0.0,Rosenborg,7.0,0.0,1.0,0.0,1.0,12.0,33.2,7.0,3.0,0.4,0.0,0.0,0.0,0.0,0.0,0.0,0.0,0.0,0.0,0.0,0.0,0.0,0.0,0.0,0.0,0.0,0.0,0.0,727809,2025-09-28 15:00:00,2025
Tromso,13.0,3.0,0.0,0.0,5.0,1.0,52.8,12.0,9.0,0.8,0.0,0.0,0.0,0.0,0.0,0.0,0.0,0.0,0.0,0.0,0.0,0.0,0.0,0.0,0.0,0.0,0.0,0.0,Stromsgodset,5.0,1.0,0.0,0.0,6.0,6.0,47.2,7.0,2.0,0.3,0.0,0.0,0.0,0.0,0.0,0.0,0.0,0.0,0.0,0.0,0.0,0.0,0.0,0.0,0.0,0.0,0.0,0.0,727812,2025-09-28 15:00:00,2025
Bryne,14.0,5.0,0.0,0.0,5.0,2.0,57.5,13.0,6.0,0.5,0.0,0.0,0.0,0.0,0.0,0.0,0.0,0.0,0.0,0.0,0.0,2.0,0.0,0.0,0.0,0.0,0.0,0.0,Kristiansund BK,10.0,1.0,0.0,0.0,5.0,3.0,42.5,12.0,3.0,0.3,0.0,0.0,0.0,0.0,0.0,0.0,0.0,0.0,0.0,0.0,0.0,4.0,0.0,0.0,0.0,0.0,0.0,0.0,727813,2025-09-28 15:00:00,2025
Molde,14.0,1.0,0.0,0.0,5.0,1.0,46.8,21.0,8.0,0.4,1.0,1.0,0.0,0.0,0.0,0.0,0.0,0.0,0.0,0.0,0.0,6.0,0.0,0.0,0.0,0.0,0.0,0.0,Vålerenga,10.0,1.0,0.0,0.0,6.0,4.0,53.2,16.0,2.0,0.1,0.0,0.0,0.0,0.0,0.0,0.0,0.0,0.0,0.0,0.0,0.0,7.0,0.0,0.0,0.0,0.0,0.0,0.0,727807,2025-09-28 17:15:00,2025
Haugesund,13.0,2.0,0.0,0.0,1.0,3.0,45.5,9.0,6.0,0.7,1.0,1.0,0.0,0.0,0.0,0.0,0.0,0.0,0.0,0.0,0.0,0.0,0.0,0.0,0.0,0.0,0.0,0.0,Sandefjord,18.0,3.0,0.0,0.0,6.0,4.0,54.5,17.0,6.0,0.4,0.0,0.0,0.0,0.0,0.0,0.0,0.0,0.0,0.0,0.0,0.0,5.0,0.0,0.0,0.0,0.0,0.0,0.0,727811,2025-09-29 17:00:00,2025
KFUM Oslo,12.0,2.0,0.0,0.0,2.0,3.0,42.6,8.0,3.0,0.4,0.0,0.0,0.0,0.0,0.0,0.0,0.0,0.0,0.0,0.0,0.0,2.0,0.0,0.0,0.0,0.0,0.0,0.0,Fredrikstad,13.0,1.0,0.0,0.0,3.0,1.0,57.4,7.0,4.0,0.6,0.0,0.0,0.0,0.0,0.0,0.0,0.0,0.0,0.0,0.0,0.0,2.0,0.0,0.0,0.0,0.0,0.0,0.0,727806,2025-10-01 17:00:00,2025
Vålerenga,17.0,5.0,0.0,0.0,7.0,4.0,39.6,11.0,5.0,0.5,0.0,0.0,0.0,0.0,0.0,0.0,0.0,0.0,0.0,0.0,0.0,3.0,0.0,0.0,0.0,0.0,0.0,0.0,Tromso,14.0,1.0,0.0,0.0,5.0,4.0,60.4,13.0,5.0,0.4,0.0,0.0,0.0,0.0,0.0,0.0,0.0,0.0,0.0,0.0,0.0,2.0,0.0,0.0,0.0,0.0,0.0,0.0,727815,2025-10-04 12:00:00,2025
Sandefjord,16.0,0.0,0.0,0.0,4.0,1.0,55.1,13.0,3.0,0.2,0.0,0.0,0.0,0.0,0.0,0.0,0.0,0.0,0.0,0.0,0.0,2.0,0.0,0.0,0.0,0.0,0.0,0.0,Bryne,16.0,1.0,0.0,0.0,3.0,2.0,44.9,8.0,1.0,0.1,0.0,0.0,0.0,0.0,0.0,0.0,0.0,0.0,0.0,0.0,0.0,2.0,0.0,0.0,0.0,0.0,0.0,0.0,727814,2025-10-04 14:00:00,2025
Kristiansund BK,8.0,1.0,0.0,0.0,5.0,6.0,37.0,13.0,5.0,0.4,0.0,0.0,0.0,0.0,0.0,0.0,0.0,0.0,0.0,0.0,0.0,3.0,0.0,0.0,0.0,0.0,0.0,0.0,Molde,10.0,2.0,0.0,0.0,7.0,3.0,63.0,16.0,7.0,0.4,0.0,0.0,0.0,0.0,0.0,0.0,0.0,0.0,0.0,0.0,0.0,4.0,0.0,0.0,0.0,0.0,0.0,0.0,727817,2025-10-04 16:00:00,2025
Viking FK,10.0,1.0,0.0,0.0,6.0,2.0,31.5,13.0,7.0,0.5,0.0,0.0,0.0,0.0,0.0,0.0,0.0,0.0,0.0,0.0,0.0,3.0,0.0,0.0,0.0,0.0,0.0,0.0,SK Brann,14.0,3.0,0.0,0.0,4.0,4.0,68.5,5.0,2.0,0.4,0.0,0.0,0.0,0.0,0.0,0.0,0.0,0.0,0.0,0.0,0.0,2.0,0.0,0.0,0.0,0.0,0.0,0.0,727816,2025-10-05 12:30:00,2025
Fredrikstad,8.0,0.0,0.0,0.0,7.0,4.0,59.1,15.0,9.0,0.6,0.0,0.0,0.0,0.0,0.0,0.0,0.0,0.0,0.0,0.0,0.0,2.0,0.0,0.0,0.0,0.0,0.0,0.0,Hamarkameratene,12.0,1.0,0.0,0.0,8.0,8.0,40.9,21.0,5.0,0.2,0.0,0.0,0.0,0.0,0.0,0.0,0.0,0.0,0.0,0.0,0.0,11.0,0.0,0.0,0.0,0.0,0.0,0.0,727818,2025-10-05 15:00:00,2025
Stromsgodset,14.0,1.0,0.0,0.0,3.0,5.0,46.9,11.0,4.0,0.4,0.0,0.0,0.0,0.0,0.0,0.0,0.0,0.0,0.0,0.0,0.0,1.0,0.0,0.0,0.0,0.0,0.0,0.0,KFUM Oslo,8.0,3.0,0.0,0.0,7.0,3.0,53.1,13.0,5.0,0.4,0.0,0.0,0.0,0.0,0.0,0.0,0.0,0.0,0.0,0.0,0.0,2.0,0.0,0.0,0.0,0.0,0.0,0.0,727821,2025-10-05 15:00:00,2025
Bodo/Glimt,9.0,0.0,0.0,0.0,19.0,1.0,68.7,36.0,13.0,0.4,0.0,0.0,0.0,0.0,0.0,0.0,0.0,0.0,0.0,0.0,0.0,13.0,0.0,0.0,0.0,0.0,0.0,0.0,Haugesund,7.0,0.0,0.0,0.0,0.0,10.0,31.3,3.0,1.0,0.3,0.0,0.0,0.0,0.0,0.0,0.0,0.0,0.0,0.0,0.0,0.0,0.0,0.0,0.0,0.0,0.0,0.0,0.0,727819,2025-10-05 15:00:00,2025
Rosenborg,10.0,0.0,1.0,0.0,11.0,3.0,61.8,19.0,8.0,0.4,1.0,1.0,0.0,0.0,0.0,0.0,0.0,0.0,0.0,0.0,0.0,6.0,0.0,0.0,0.0,0.0,0.0,0.0,Sarpsborg FK,24.0,3.0,0.0,0.0,2.0,7.0,38.2,13.0,6.0,0.5,0.0,0.0,0.0,0.0,0.0,0.0,0.0,0.0,0.0,0.0,0.0,2.0,0.0,0.0,0.0,0.0,0.0,0.0,727820,2025-10-05 17:15:00,2025
Sarpsborg FK,4.0,0.0,0.0,0.0,7.0,4.0,30.7,22.0,5.0,0.2,0.0,0.0,0.0,0.0,0.0,0.0,0.0,0.0,0.0,0.0,0.0,6.0,0.0,0.0,0.0,0.0,0.0,0.0,Bodo/Glimt,7.0,0.0,0.0,0.0,12.0,3.0,69.3,23.0,10.0,0.4,0.0,0.0,0.0,0.0,0.0,0.0,0.0,0.0,0.0,0.0,0.0,8.0,0.0,0.0,0.0,0.0,0.0,0.0,727824,2025-10-18 12:00:00,2025
Bryne,15.0,1.0,0.0,0.0,7.0,3.0,52.2,17.0,8.0,0.5,0.0,0.0,0.0,0.0,0.0,0.0,0.0,0.0,0.0,0.0,0.0,5.0,0.0,0.0,0.0,0.0,0.0,0.0,Rosenborg,12.0,3.0,0.0,0.0,6.0,7.0,47.8,13.0,5.0,0.4,0.0,0.0,0.0,0.0,0.0,0.0,0.0,0.0,0.0,0.0,0.0,2.0,0.0,0.0,0.0,0.0,0.0,0.0,727822,2025-10-18 14:00:00,2025
SK Brann,9.0,1.0,0.0,0.0,8.0,4.0,61.2,20.0,9.0,0.5,0.0,0.0,0.0,0.0,0.0,0.0,0.0,0.0,0.0,0.0,0.0,4.0,0.0,0.0,0.0,0.0,0.0,0.0,Haugesund,16.0,3.0,0.0,0.0,5.0,5.0,38.8,11.0,5.0,0.5,0.0,0.0,0.0,0.0,0.0,0.0,0.0,0.0,0.0,0.0,0.0,2.0,0.0,0.0,0.0,0.0,0.0,0.0,727828,2025-10-18 16:00:00,2025
Tromso,19.0,1.0,0.0,0.0,1.0,1.0,63.0,12.0,4.0,0.3,0.0,0.0,0.0,0.0,0.0,0.0,0.0,0.0,0.0,0.0,0.0,3.0,0.0,0.0,0.0,0.0,0.0,0.0,Viking FK,17.0,1.0,0.0,0.0,3.0,3.0,37.0,9.0,4.0,0.4,2.0,2.0,0.0,0.0,0.0,0.0,0.0,0.0,0.0,0.0,0.0,2.0,0.0,0.0,0.0,0.0,0.0,0.0,727826,2025-10-19 12:30:00,2025
Hamarkameratene,13.0,3.0,0.0,0.0,6.0,5.0,39.4,16.0,7.0,0.4,0.0,0.0,0.0,0.0,0.0,0.0,0.0,0.0,0.0,0.0,0.0,4.0,0.0,0.0,0.0,0.0,0.0,0.0,Vålerenga,12.0,1.0,0.0,0.0,8.0,5.0,60.6,20.0,6.0,0.3,0.0,0.0,0.0,0.0,0.0,0.0,0.0,0.0,0.0,0.0,0.0,8.0,0.0,0.0,0.0,0.0,0.0,0.0,727829,2025-10-19 15:00:00,2025
Molde,8.0,2.0,0.0,0.0,10.0,4.0,59.7,22.0,4.0,0.2,0.0,0.0,0.0,0.0,0.0,0.0,0.0,0.0,0.0,0.0,0.0,6.0,0.0,0.0,0.0,0.0,0.0,0.0,Sandefjord,13.0,3.0,0.0,0.0,4.0,3.0,40.3,11.0,7.0,0.6,0.0,0.0,0.0,0.0,0.0,0.0,0.0,0.0,0.0,0.0,0.0,2.0,0.0,0.0,0.0,0.0,0.0,0.0,727823,2025-10-19 15:00:00,2025
KFUM Oslo,8.0,1.0,0.0,0.0,4.0,1.0,65.4,20.0,5.0,0.3,0.0,0.0,0.0,0.0,0.0,0.0,0.0,0.0,0.0,0.0,0.0,6.0,0.0,0.0,0.0,0.0,0.0,0.0,Kristiansund BK,5.0,0.0,0.0,0.0,2.0,4.0,34.6,4.0,2.0,0.5,0.0,0.0,0.0,0.0,0.0,0.0,0.0,0.0,0.0,0.0,0.0,1.0,0.0,0.0,0.0,0.0,0.0,0.0,727827,2025-10-19 15:00:00,2025
Stromsgodset,6.0,0.0,0.0,0.0,6.0,6.0,49.9,25.0,4.0,0.2,0.0,0.0,0.0,0.0,0.0,0.0,0.0,0.0,0.0,0.0,0.0,12.0,0.0,0.0,0.0,0.0,0.0,0.0,Fredrikstad,8.0,1.0,0.0,0.0,4.0,4.0,50.1,16.0,9.0,0.6,0.0,0.0,0.0,0.0,0.0,0.0,0.0,0.0,0.0,0.0,0.0,2.0,0.0,0.0,0.0,0.0,0.0,0.0,727825,2025-10-19 17:15:00,2025
Viking FK,8.0,1.0,0.0,0.0,5.0,2.0,50.7,13.0,9.0,0.7,0.0,0.0,0.0,0.0,0.0,0.0,0.0,0.0,0.0,0.0,0.0,1.0,0.0,0.0,0.0,0.0,0.0,0.0,Bryne,13.0,1.0,0.0,0.0,4.0,4.0,49.3,9.0,3.0,0.3,0.0,0.0,0.0,0.0,0.0,0.0,0.0,0.0,0.0,0.0,0.0,1.0,0.0,0.0,0.0,0.0,0.0,0.0,727837,2025-10-25 14:00:00,2025
Sarpsborg FK,11.0,1.0,0.0,0.0,2.0,5.0,37.0,7.0,5.0,0.7,1.0,1.0,0.0,0.0,0.0,0.0,0.0,0.0,0.0,0.0,0.0,1.0,0.0,0.0,0.0,0.0,0.0,0.0,KFUM Oslo,10.0,3.0,0.0,0.0,6.0,3.0,63.0,12.0,7.0,0.6,0.0,0.0,0.0,0.0,0.0,0.0,0.0,0.0,0.0,0.0,0.0,2.0,0.0,0.0,0.0,0.0,0.0,0.0,727831,2025-10-25 16:00:00,2025
Rosenborg,16.0,2.0,0.0,0.0,7.0,3.0,42.2,14.0,4.0,0.3,0.0,0.0,0.0,0.0,0.0,0.0,0.0,0.0,0.0,0.0,0.0,3.0,0.0,0.0,0.0,0.0,0.0,0.0,SK Brann,13.0,4.0,0.0,0.0,8.0,2.0,57.8,14.0,6.0,0.4,0.0,0.0,0.0,0.0,0.0,0.0,0.0,0.0,0.0,0.0,0.0,3.0,0.0,0.0,0.0,0.0,0.0,0.0,727835,2025-10-26 13:30:00,2025
Sandefjord,11.0,0.0,0.0,0.0,5.0,5.0,45.5,12.0,4.0,0.3,0.0,0.0,0.0,0.0,0.0,0.0,0.0,0.0,0.0,0.0,0.0,3.0,0.0,0.0,0.0,0.0,0.0,0.0,Fredrikstad,6.0,0.0,0.0,0.0,3.0,3.0,54.5,8.0,5.0,0.6,0.0,0.0,0.0,0.0,0.0,0.0,0.0,0.0,0.0,0.0,0.0,1.0,0.0,0.0,0.0,0.0,0.0,0.0,727830,2025-10-26 16:00:00,2025
Kristiansund BK,11.0,2.0,0.0,0.0,5.0,3.0,55.4,17.0,5.0,0.3,0.0,0.0,0.0,0.0,0.0,0.0,0.0,0.0,0.0,0.0,0.0,5.0,0.0,0.0,0.0,0.0,0.0,0.0,Hamarkameratene,10.0,1.0,0.0,0.0,7.0,4.0,44.6,17.0,6.0,0.4,1.0,1.0,0.0,0.0,0.0,0.0,0.0,0.0,0.0,0.0,0.0,5.0,0.0,0.0,0.0,0.0,0.0,0.0,727832,2025-10-26 16:00:00,2025
Bodo/Glimt,11.0,1.0,0.0,0.0,2.0,1.0,64.3,15.0,6.0,0.4,1.0,1.0,0.0,0.0,0.0,0.0,0.0,0.0,0.0,0.0,0.0,4.0,0.0,0.0,0.0,0.0,0.0,0.0,Molde,16.0,2.0,0.0,0.0,1.0,2.0,35.7,6.0,2.0,0.3,0.0,0.0,0.0,0.0,0.0,0.0,0.0,0.0,0.0,0.0,0.0,0.0,0.0,0.0,0.0,0.0,0.0,0.0,727834,2025-10-26 16:00:00,2025
Haugesund,17.0,3.0,0.0,0.0,3.0,2.0,49.6,8.0,3.0,0.4,0.0,0.0,0.0,0.0,0.0,0.0,0.0,0.0,0.0,0.0,0.0,0.0,0.0,0.0,0.0,0.0,0.0,0.0,Tromso,20.0,2.0,0.0,0.0,5.0,1.0,50.4,18.0,5.0,0.3,1.0,1.0,0.0,0.0,0.0,0.0,0.0,0.0,0.0,0.0,0.0,5.0,0.0,0.0,0.0,0.0,0.0,0.0,727833,2025-10-26 16:00:00,2025
Vålerenga,9.0,0.0,0.0,0.0,16.0,2.0,67.6,23.0,7.0,0.3,0.0,0.0,0.0,0.0,0.0,0.0,0.0,0.0,0.0,0.0,0.0,7.0,0.0,0.0,0.0,0.0,0.0,0.0,Stromsgodset,15.0,3.0,0.0,0.0,3.0,5.0,32.4,6.0,3.0,0.5,0.0,0.0,0.0,0.0,0.0,0.0,0.0,0.0,0.0,0.0,0.0,2.0,0.0,0.0,0.0,0.0,0.0,0.0,727836,2025-10-26 18:15:00,2025
SK Brann,17.0,4.0,0.0,0.0,2.0,0.0,53.7,13.0,4.0,0.3,0.0,0.0,0.0,0.0,0.0,0.0,0.0,0.0,0.0,0.0,0.0,4.0,0.0,0.0,0.0,0.0,0.0,0.0,Bodo/Glimt,10.0,2.0,0.0,0.0,1.0,3.0,46.3,4.0,2.0,0.5,0.0,0.0,0.0,0.0,0.0,0.0,0.0,0.0,0.0,0.0,0.0,1.0,0.0,0.0,0.0,0.0,0.0,0.0,727810,2025-10-29 18:00:00,2025
Rosenborg,12.0,1.0,0.0,0.0,4.0,3.0,39.6,5.0,2.0,0.4,0.0,0.0,0.0,0.0,0.0,0.0,0.0,0.0,0.0,0.0,0.0,0.0,0.0,0.0,0.0,0.0,0.0,0.0,Sandefjord,15.0,2.0,0.0,0.0,6.0,1.0,60.4,15.0,4.0,0.3,0.0,0.0,0.0,0.0,0.0,0.0,0.0,0.0,0.0,0.0,0.0,7.0,0.0,0.0,0.0,0.0,0.0,0.0,727780,2025-10-29 20:00:00,2025
Vålerenga,14.0,0.0,0.0,0.0,2.0,6.0,28.8,12.0,4.0,0.3,0.0,0.0,0.0,0.0,0.0,0.0,0.0,0.0,0.0,0.0,0.0,4.0,0.0,0.0,0.0,0.0,0.0,0.0,Bodo/Glimt,10.0,1.0,0.0,0.0,12.0,1.0,71.2,24.0,7.0,0.3,0.0,0.0,0.0,0.0,0.0,0.0,0.0,0.0,0.0,0.0,0.0,7.0,0.0,0.0,0.0,0.0,0.0,0.0,727839,2025-11-01 15:00:00,2025
Molde,13.0,4.0,0.0,0.0,3.0,3.0,44.6,21.0,14.0,0.7,0.0,0.0,0.0,0.0,0.0,0.0,0.0,0.0,0.0,0.0,0.0,4.0,0.0,0.0,0.0,0.0,0.0,0.0,Rosenborg,11.0,3.0,0.0,0.0,8.0,10.0,55.4,10.0,4.0,0.4,0.0,0.0,0.0,0.0,0.0,0.0,0.0,0.0,0.0,0.0,0.0,4.0,0.0,0.0,0.0,0.0,0.0,0.0,727844,2025-11-01 17:00:00,2025
Stromsgodset,11.0,2.0,0.0,0.0,7.0,7.0,44.1,14.0,6.0,0.4,0.0,0.0,0.0,0.0,0.0,0.0,0.0,0.0,0.0,0.0,0.0,5.0,0.0,0.0,0.0,0.0,0.0,0.0,Viking FK,7.0,1.0,0.0,0.0,13.0,5.0,55.9,17.0,8.0,0.5,0.0,0.0,0.0,0.0,0.0,0.0,0.0,0.0,0.0,0.0,0.0,1.0,0.0,0.0,0.0,0.0,0.0,0.0,727843,2025-11-02 13:30:00,2025
KFUM Oslo,9.0,1.0,0.0,0.0,16.0,3.0,60.3,27.0,8.0,0.3,0.0,0.0,0.0,0.0,0.0,0.0,0.0,0.0,0.0,0.0,0.0,11.0,0.0,0.0,0.0,0.0,0.0,0.0,Haugesund,7.0,3.0,0.0,0.0,2.0,7.0,39.7,11.0,8.0,0.7,0.0,0.0,0.0,0.0,0.0,0.0,0.0,0.0,0.0,0.0,0.0,0.0,0.0,0.0,0.0,0.0,0.0,0.0,727845,2025-11-02 16:00:00,2025
Hamarkameratene,17.0,1.0,0.0,0.0,8.0,6.0,35.4,15.0,6.0,0.4,0.0,0.0,0.0,0.0,0.0,0.0,0.0,0.0,0.0,0.0,0.0,3.0,0.0,0.0,0.0,0.0,0.0,0.0,Sandefjord,13.0,2.0,0.0,0.0,10.0,3.0,64.6,18.0,7.0,0.4,0.0,0.0,0.0,0.0,0.0,0.0,0.0,0.0,0.0,0.0,0.0,7.0,0.0,0.0,0.0,0.0,0.0,0.0,727841,2025-11-02 16:00:00,2025
Fredrikstad,8.0,1.0,0.0,0.0,2.0,2.0,65.6,14.0,5.0,0.4,1.0,1.0,0.0,0.0,0.0,0.0,0.0,0.0,0.0,0.0,0.0,4.0,0.0,0.0,0.0,0.0,0.0,0.0,Kristiansund BK,12.0,2.0,0.0,0.0,1.0,2.0,34.4,18.0,3.0,0.2,0.0,0.0,0.0,0.0,0.0,0.0,0.0,0.0,0.0,0.0,0.0,5.0,0.0,0.0,0.0,0.0,0.0,0.0,727840,2025-11-02 16:00:00,2025
Bryne,17.0,2.0,0.0,0.0,2.0,4.0,30.6,9.0,4.0,0.4,0.0,0.0,0.0,0.0,0.0,0.0,0.0,0.0,0.0,0.0,0.0,2.0,0.0,0.0,0.0,0.0,0.0,0.0,SK Brann,15.0,0.0,1.0,0.0,5.0,2.0,69.4,13.0,5.0,0.4,1.0,1.0,0.0,0.0,0.0,0.0,0.0,0.0,0.0,0.0,0.0,4.0,0.0,0.0,0.0,0.0,0.0,0.0,727838,2025-11-02 16:00:00,2025
Tromso,10.0,0.0,0.0,0.0,5.0,2.0,53.0,11.0,7.0,0.6,1.0,1.0,0.0,0.0,0.0,0.0,0.0,0.0,0.0,0.0,0.0,3.0,0.0,0.0,0.0,0.0,0.0,0.0,Sarpsborg FK,12.0,2.0,0.0,0.0,4.0,2.0,47.0,11.0,2.0,0.2,0.0,0.0,0.0,0.0,0.0,0.0,0.0,0.0,0.0,0.0,0.0,3.0,0.0,0.0,0.0,0.0,0.0,0.0,727842,2025-11-02 18:15:00,2025
Sarpsborg FK,13.0,2.0,0.0,0.0,7.0,3.0,56.3,12.0,3.0,0.3,0.0,0.0,0.0,0.0,0.0,0.0,0.0,0.0,0.0,0.0,0.0,3.0,0.0,0.0,0.0,0.0,0.0,0.0,Fredrikstad,9.0,3.0,0.0,0.0,6.0,4.0,43.7,8.0,5.0,0.6,0.0,0.0,0.0,0.0,0.0,0.0,0.0,0.0,0.0,0.0,0.0,0.0,0.0,0.0,0.0,0.0,0.0,0.0,727853,2025-11-08 13:00:00,2025
Viking FK,14.0,0.0,0.0,0.0,4.0,3.0,52.8,19.0,5.0,0.3,0.0,0.0,0.0,0.0,0.0,0.0,0.0,0.0,0.0,0.0,0.0,7.0,0.0,0.0,0.0,0.0,0.0,0.0,Hamarkameratene,15.0,4.0,0.0,0.0,4.0,2.0,47.2,12.0,3.0,0.3,0.0,0.0,0.0,0.0,0.0,0.0,0.0,0.0,0.0,0.0,0.0,6.0,0.0,0.0,0.0,0.0,0.0,0.0,727847,2025-11-08 17:00:00,2025
Rosenborg,10.0,2.0,0.0,0.0,11.0,2.0,74.5,21.0,5.0,0.2,0.0,0.0,0.0,0.0,0.0,0.0,0.0,0.0,0.0,0.0,0.0,7.0,0.0,0.0,0.0,0.0,0.0,0.0,Vålerenga,10.0,3.0,1.0,0.0,4.0,4.0,25.5,5.0,2.0,0.4,0.0,0.0,0.0,0.0,0.0,0.0,0.0,0.0,0.0,0.0,0.0,1.0,0.0,0.0,0.0,0.0,0.0,0.0,727851,2025-11-09 13:30:00,2025
SK Brann,8.0,1.0,0.0,0.0,7.0,3.0,61.7,10.0,3.0,0.3,0.0,0.0,0.0,0.0,0.0,0.0,0.0,0.0,0.0,0.0,0.0,2.0,0.0,0.0,0.0,0.0,0.0,0.0,KFUM Oslo,9.0,2.0,0.0,0.0,3.0,2.0,38.3,5.0,4.0,0.8,0.0,0.0,0.0,0.0,0.0,0.0,0.0,0.0,0.0,0.0,0.0,1.0,0.0,0.0,0.0,0.0,0.0,0.0,727848,2025-11-09 16:00:00,2025
Kristiansund BK,14.0,2.0,0.0,0.0,3.0,0.0,35.9,8.0,4.0,0.5,1.0,1.0,0.0,0.0,0.0,0.0,0.0,0.0,0.0,0.0,0.0,1.0,0.0,0.0,0.0,0.0,0.0,0.0,Stromsgodset,6.0,2.0,0.0,0.0,8.0,3.0,64.1,16.0,1.0,0.1,0.0,0.0,0.0,0.0,0.0,0.0,0.0,0.0,0.0,0.0,0.0,4.0,0.0,0.0,0.0,0.0,0.0,0.0,727850,2025-11-09 16:00:00,2025
Sandefjord,16.0,2.0,0.0,0.0,2.0,3.0,44.2,6.0,1.0,0.2,0.0,0.0,0.0,0.0,0.0,0.0,0.0,0.0,0.0,0.0,0.0,1.0,0.0,0.0,0.0,0.0,0.0,0.0,Tromso,10.0,2.0,0.0,0.0,4.0,0.0,55.8,25.0,3.0,0.1,0.0,0.0,0.0,0.0,0.0,0.0,0.0,0.0,0.0,0.0,0.0,11.0,0.0,0.0,0.0,0.0,0.0,0.0,727852,2025-11-09 16:00:00,2025
Bodo/Glimt,9.0,0.0,0.0,0.0,14.0,0.0,80.0,27.0,7.0,0.3,0.0,0.0,0.0,0.0,0.0,0.0,0.0,0.0,0.0,0.0,0.0,12.0,0.0,0.0,0.0,0.0,0.0,0.0,Bryne,5.0,1.0,0.0,0.0,2.0,2.0,20.0,7.0,0.0,0.0,0.0,0.0,0.0,0.0,0.0,0.0,0.0,0.0,0.0,0.0,0.0,3.0,0.0,0.0,0.0,0.0,0.0,0.0,727846,2025-11-09 16:00:00,2025
Haugesund,11.0,0.0,0.0,0.0,5.0,1.0,41.3,10.0,2.0,0.2,0.0,0.0,0.0,0.0,0.0,0.0,0.0,0.0,0.0,0.0,0.0,2.0,0.0,0.0,0.0,0.0,0.0,0.0,Molde,9.0,2.0,0.0,0.0,4.0,2.0,58.7,13.0,3.0,0.2,0.0,0.0,0.0,0.0,0.0,0.0,0.0,0.0,0.0,0.0,0.0,1.0,0.0,0.0,0.0,0.0,0.0,0.0,727849,2025-11-09 18:15:00,2025
KFUM Oslo,16.0,5.0,0.0,0.0,4.0,4.0,32.8,8.0,3.0,0.4,0.0,0.0,0.0,0.0,0.0,0.0,0.0,0.0,0.0,0.0,0.0,1.0,0.0,0.0,0.0,0.0,0.0,0.0,Bodo/Glimt,8.0,0.0,0.0,0.0,6.0,2.0,67.2,19.0,6.0,0.3,0.0,0.0,0.0,0.0,0.0,0.0,0.0,0.0,0.0,0.0,0.0,6.0,0.0,0.0,0.0,0.0,0.0,0.0,727854,2025-11-21 18:00:00,2025
Tromso,15.0,3.0,0.0,0.0,5.0,0.0,41.8,15.0,5.0,0.3,0.0,0.0,0.0,0.0,0.0,0.0,0.0,0.0,0.0,0.0,0.0,3.0,0.0,0.0,0.0,0.0,0.0,0.0,Rosenborg,10.0,2.0,0.0,0.0,2.0,4.0,58.2,5.0,0.0,0.0,0.0,0.0,0.0,0.0,0.0,0.0,0.0,0.0,0.0,0.0,0.0,1.0,0.0,0.0,0.0,0.0,0.0,0.0,727859,2025-11-22 13:00:00,2025
Vålerenga,13.0,2.0,1.0,0.0,5.0,4.0,58.3,13.0,5.0,0.4,0.0,0.0,0.0,0.0,0.0,0.0,0.0,0.0,0.0,0.0,0.0,2.0,0.0,0.0,0.0,0.0,0.0,0.0,Kristiansund BK,12.0,0.0,0.0,0.0,6.0,2.0,41.7,16.0,7.0,0.4,0.0,0.0,0.0,0.0,0.0,0.0,0.0,0.0,0.0,0.0,0.0,3.0,0.0,0.0,0.0,0.0,0.0,0.0,727860,2025-11-22 15:00:00,2025
Stromsgodset,12.0,3.0,0.0,0.0,10.0,9.0,53.7,19.0,6.0,0.3,0.0,1.0,0.0,0.0,0.0,0.0,0.0,0.0,0.0,0.0,0.0,6.0,0.0,0.0,0.0,0.0,0.0,0.0,Sandefjord,18.0,0.0,0.0,0.0,7.0,4.0,46.3,24.0,15.0,0.6,0.0,0.0,0.0,0.0,0.0,0.0,0.0,0.0,0.0,0.0,0.0,2.0,0.0,0.0,0.0,0.0,0.0,0.0,727858,2025-11-22 17:00:00,2025
Molde,11.0,4.0,0.0,0.0,1.0,3.0,41.6,9.0,5.0,0.6,0.0,0.0,0.0,0.0,0.0,0.0,0.0,0.0,0.0,0.0,0.0,1.0,0.0,0.0,0.0,0.0,0.0,0.0,SK Brann,10.0,0.0,0.0,0.0,4.0,2.0,58.4,10.0,2.0,0.2,0.0,0.0,0.0,0.0,0.0,0.0,0.0,0.0,0.0,0.0,0.0,5.0,0.0,0.0,0.0,0.0,0.0,0.0,727857,2025-11-22 17:00:00,2025
Hamarkameratene,14.0,1.0,0.0,0.0,11.0,2.0,55.3,23.0,11.0,0.5,0.0,0.0,0.0,0.0,0.0,0.0,0.0,0.0,0.0,0.0,0.0,5.0,0.0,0.0,0.0,0.0,0.0,0.0,Haugesund,7.0,0.0,0.0,0.0,5.0,6.0,44.7,10.0,2.0,0.2,0.0,0.0,0.0,0.0,0.0,0.0,0.0,0.0,0.0,0.0,0.0,2.0,0.0,0.0,0.0,0.0,0.0,0.0,727856,2025-11-23 13:30:00,2025
Bryne,11.0,3.0,0.0,0.0,5.0,5.0,57.4,18.0,4.0,0.2,0.0,0.0,0.0,0.0,0.0,0.0,0.0,0.0,0.0,0.0,0.0,8.0,0.0,0.0,0.0,0.0,0.0,0.0,Sarpsborg FK,8.0,1.0,0.0,0.0,2.0,4.0,42.6,16.0,9.0,0.6,0.0,0.0,0.0,0.0,0.0,0.0,0.0,0.0,0.0,0.0,0.0,4.0,0.0,0.0,0.0,0.0,0.0,0.0,727855,2025-11-23 13:30:00,2025
Fredrikstad,10.0,6.0,0.0,0.0,3.0,7.0,43.4,12.0,4.0,0.3,0.0,0.0,0.0,0.0,0.0,0.0,0.0,0.0,0.0,0.0,0.0,2.0,0.0,0.0,0.0,0.0,0.0,0.0,Viking FK,13.0,3.0,0.0,0.0,6.0,4.0,56.6,16.0,8.0,0.5,0.0,0.0,0.0,0.0,0.0,0.0,0.0,0.0,0.0,0.0,0.0,3.0,0.0,0.0,0.0,0.0,0.0,0.0,727861,2025-11-23 18:15:00,2025
Rosenborg,8.0,0.0,0.0,0.0,5.0,2.0,57.3,24.0,11.0,0.5,0.0,0.0,0.0,0.0,0.0,0.0,0.0,0.0,0.0,0.0,0.0,7.0,0.0,0.0,0.0,0.0,0.0,0.0,Stromsgodset,10.0,2.0,0.0,0.0,3.0,4.0,42.7,13.0,2.0,0.2,0.0,0.0,0.0,0.0,0.0,0.0,0.0,0.0,0.0,0.0,0.0,5.0,0.0,0.0,0.0,0.0,0.0,0.0,727867,2025-11-30 16:00:00,2025
Haugesund,6.0,0.0,0.0,0.0,2.0,3.0,50.1,7.0,2.0,0.3,0.0,0.0,0.0,0.0,0.0,0.0,0.0,0.0,0.0,0.0,0.0,4.0,0.0,0.0,0.0,0.0,0.0,0.0,Bryne,8.0,0.0,0.0,0.0,8.0,1.0,49.9,14.0,7.0,0.5,0.0,0.0,0.0,0.0,0.0,0.0,0.0,0.0,0.0,0.0,0.0,3.0,0.0,0.0,0.0,0.0,0.0,0.0,727862,2025-11-30 16:00:00,2025
Kristiansund BK,13.0,1.0,0.0,0.0,0.0,4.0,41.5,4.0,2.0,0.5,0.0,0.0,0.0,0.0,0.0,0.0,0.0,0.0,0.0,0.0,0.0,1.0,0.0,0.0,0.0,0.0,0.0,0.0,Tromso,14.0,2.0,0.0,0.0,4.0,1.0,58.5,14.0,7.0,0.5,0.0,0.0,0.0,0.0,0.0,0.0,0.0,0.0,0.0,0.0,0.0,2.0,0.0,0.0,0.0,0.0,0.0,0.0,727869,2025-11-30 16:00:00,2025
Bodo/Glimt,8.0,0.0,0.0,0.0,7.0,1.0,60.4,22.0,9.0,0.4,0.0,0.0,0.0,0.0,0.0,0.0,0.0,0.0,0.0,0.0,0.0,6.0,0.0,0.0,0.0,0.0,0.0,0.0,Fredrikstad,5.0,2.0,0.0,0.0,5.0,4.0,39.6,3.0,1.0,0.3,0.0,0.0,0.0,0.0,0.0,0.0,0.0,0.0,0.0,0.0,0.0,0.0,0.0,0.0,0.0,0.0,0.0,0.0,727864,2025-11-30 16:00:00,2025
Sarpsborg FK,5.0,0.0,0.0,0.0,4.0,9.0,22.0,8.0,4.0,0.5,0.0,0.0,0.0,0.0,0.0,0.0,0.0,0.0,0.0,0.0,0.0,2.0,0.0,0.0,0.0,0.0,0.0,0.0,Molde,11.0,1.0,0.0,0.0,11.0,3.0,78.0,26.0,9.0,0.3,0.0,0.0,0.0,0.0,0.0,0.0,0.0,0.0,0.0,0.0,0.0,11.0,0.0,0.0,0.0,0.0,0.0,0.0,727865,2025-11-30 16:00:00,2025
Sandefjord,15.0,2.0,0.0,0.0,3.0,6.0,39.3,12.0,3.0,0.3,0.0,0.0,0.0,0.0,0.0,0.0,0.0,0.0,0.0,0.0,0.0,5.0,0.0,0.0,0.0,0.0,0.0,0.0,KFUM Oslo,11.0,2.0,0.0,0.0,12.0,1.0,60.7,12.0,6.0,0.5,0.0,0.0,0.0,0.0,0.0,0.0,0.0,0.0,0.0,0.0,0.0,3.0,0.0,0.0,0.0,0.0,0.0,0.0,727866,2025-11-30 16:00:00,2025
SK Brann,11.0,1.0,0.0,0.0,8.0,2.0,72.6,19.0,8.0,0.4,1.0,1.0,0.0,0.0,0.0,0.0,0.0,0.0,0.0,0.0,0.0,5.0,0.0,0.0,0.0,0.0,0.0,0.0,Hamarkameratene,8.0,4.0,1.0,0.0,3.0,5.0,27.4,3.0,3.0,1.0,0.0,0.0,0.0,0.0,0.0,0.0,0.0,0.0,0.0,0.0,0.0,0.0,0.0,0.0,0.0,0.0,0.0,0.0,727868,2025-11-30 16:00:00,2025
Viking FK,18.0,1.0,0.0,0.0,6.0,3.0,47.5,15.0,5.0,0.3,1.0,1.0,0.0,0.0,0.0,0.0,0.0,0.0,0.0,0.0,0.0,5.0,0.0,0.0,0.0,0.0,0.0,0.0,Vålerenga,13.0,3.0,0.0,0.0,3.0,0.0,52.5,10.0,4.0,0.4,0.0,0.0,0.0,0.0,0.0,0.0,0.0,0.0,0.0,0.0,0.0,1.0,0.0,0.0,0.0,0.0,0.0,0.0,727863,2025-11-30 16:00:00,2025
Hamarkameratene,14.0,3.0,0.0,0.0,6.0,3.0,39.0,11.0,4.0,0.4,0.0,0.0,0.0,0.0,0.0,0.0,0.0,0.0,0.0,0.0,0.0,3.0,0.0,0.0,0.0,0.0,0.0,0.0,Viking FK,14.0,2.0,0.0,0.0,12.0,2.0,61.0,18.0,4.0,0.2,0.0,0.0,0.0,0.0,0.0,0.0,0.0,0.0,0.0,0.0,0.0,5.0,0.0,0.0,0.0,0.0,0.0,0.0,401843275,2026-03-14 15:00:00,2026
Molde,14.0,1.0,0.0,0.0,5.0,1.0,62.3,13.0,4.0,0.3,0.0,0.0,0.0,0.0,0.0,0.0,0.0,0.0,0.0,0.0,0.0,1.0,0.0,0.0,0.0,0.0,0.0,0.0,Rosenborg,13.0,4.0,0.0,0.0,4.0,2.0,37.7,9.0,2.0,0.2,0.0,0.0,0.0,0.0,0.0,0.0,0.0,0.0,0.0,0.0,0.0,6.0,0.0,0.0,0.0,0.0,0.0,0.0,401843276,2026-03-14 17:00:00,2026
Kristiansund BK,12.0,4.0,0.0,0.0,6.0,4.0,37.0,18.0,4.0,0.2,2.0,1.0,0.0,0.0,0.0,0.0,0.0,0.0,0.0,0.0,0.0,8.0,0.0,0.0,0.0,0.0,0.0,0.0,SK Brann,13.0,2.0,0.0,0.0,11.0,1.0,63.0,15.0,6.0,0.4,2.0,1.0,0.0,0.0,0.0,0.0,0.0,0.0,0.0,0.0,0.0,5.0,0.0,0.0,0.0,0.0,0.0,0.0,401843277,2026-03-15 13:30:00,2026
Aalesund,12.0,1.0,0.0,0.0,3.0,4.0,41.5,14.0,7.0,0.5,0.0,0.0,0.0,0.0,0.0,0.0,0.0,0.0,0.0,0.0,0.0,4.0,0.0,0.0,0.0,0.0,0.0,0.0,Lillestrom,9.0,1.0,0.0,0.0,7.0,6.0,58.5,18.0,7.0,0.4,0.0,1.0,0.0,0.0,0.0,0.0,0.0,0.0,0.0,0.0,0.0,7.0,0.0,0.0,0.0,0.0,0.0,0.0,401843280,2026-03-15 16:00:00,2026
KFUM Oslo,13.0,1.0,0.0,0.0,4.0,2.0,60.2,16.0,6.0,0.4,0.0,0.0,0.0,0.0,0.0,0.0,0.0,0.0,0.0,0.0,0.0,3.0,0.0,0.0,0.0,0.0,0.0,0.0,IK Start,13.0,2.0,0.0,0.0,2.0,4.0,39.8,5.0,2.0,0.4,0.0,0.0,0.0,0.0,0.0,0.0,0.0,0.0,0.0,0.0,0.0,1.0,0.0,0.0,0.0,0.0,0.0,0.0,401843279,2026-03-15 16:00:00,2026
Vålerenga,11.0,0.0,0.0,0.0,7.0,5.0,42.6,12.0,5.0,0.4,0.0,0.0,0.0,0.0,0.0,0.0,0.0,0.0,0.0,0.0,0.0,3.0,0.0,0.0,0.0,0.0,0.0,0.0,Sandefjord,7.0,1.0,0.0,0.0,7.0,4.0,57.4,17.0,5.0,0.3,0.0,1.0,0.0,0.0,0.0,0.0,0.0,0.0,0.0,0.0,0.0,7.0,0.0,0.0,0.0,0.0,0.0,0.0,401843281,2026-03-15 16:00:00,2026
Tromso,12.0,0.0,0.0,0.0,6.0,1.0,43.2,16.0,9.0,0.6,0.0,0.0,0.0,0.0,0.0,0.0,0.0,0.0,0.0,0.0,0.0,3.0,0.0,0.0,0.0,0.0,0.0,0.0,Fredrikstad,4.0,1.0,0.0,0.0,2.0,5.0,56.8,6.0,1.0,0.2,0.0,0.0,0.0,0.0,0.0,0.0,0.0,0.0,0.0,0.0,0.0,3.0,0.0,0.0,0.0,0.0,0.0,0.0,401843282,2026-03-15 18:15:00,2026
IK Start,14.0,1.0,0.0,0.0,11.0,2.0,57.7,16.0,4.0,0.3,0.0,1.0,0.0,0.0,0.0,0.0,0.0,0.0,0.0,0.0,0.0,4.0,0.0,0.0,0.0,0.0,0.0,0.0,Aalesund,13.0,2.0,0.0,0.0,2.0,3.0,42.3,10.0,3.0,0.3,0.0,0.0,0.0,0.0,0.0,0.0,0.0,0.0,0.0,0.0,0.0,4.0,0.0,0.0,0.0,0.0,0.0,0.0,401843283,2026-03-21 15:00:00,2026
Viking FK,20.0,3.0,0.0,0.0,3.0,5.0,33.5,12.0,6.0,0.5,0.0,0.0,0.0,0.0,0.0,0.0,0.0,0.0,0.0,0.0,0.0,3.0,0.0,0.0,0.0,0.0,0.0,0.0,Molde,15.0,0.0,1.0,0.0,9.0,2.0,66.5,12.0,5.0,0.4,0.0,0.0,0.0,0.0,0.0,0.0,0.0,0.0,0.0,0.0,0.0,0.0,0.0,0.0,0.0,0.0,0.0,0.0,401843284,2026-03-21 17:00:00,2026
Rosenborg,9.0,1.0,0.0,0.0,16.0,4.0,60.6,12.0,0.0,0.0,0.0,0.0,0.0,0.0,0.0,0.0,0.0,0.0,0.0,0.0,0.0,7.0,0.0,0.0,0.0,0.0,0.0,0.0,Vålerenga,19.0,2.0,0.0,0.0,6.0,0.0,39.4,10.0,6.0,0.6,0.0,0.0,0.0,0.0,0.0,0.0,0.0,0.0,0.0,0.0,0.0,0.0,0.0,0.0,0.0,0.0,0.0,0.0,401843285,2026-03-22 13:30:00,2026
SK Brann,12.0,1.0,0.0,0.0,6.0,3.0,61.2,10.0,3.0,0.3,0.0,0.0,0.0,0.0,0.0,0.0,0.0,0.0,0.0,0.0,0.0,4.0,0.0,0.0,0.0,0.0,0.0,0.0,Tromso,12.0,3.0,0.0,0.0,9.0,2.0,38.8,13.0,6.0,0.5,0.0,0.0,0.0,0.0,0.0,0.0,0.0,0.0,0.0,0.0,0.0,3.0,0.0,0.0,0.0,0.0,0.0,0.0,401843289,2026-03-22 16:00:00,2026
Fredrikstad,7.0,0.0,0.0,0.0,5.0,6.0,35.0,15.0,8.0,0.5,0.0,0.0,0.0,0.0,0.0,0.0,0.0,0.0,0.0,0.0,0.0,3.0,0.0,0.0,0.0,0.0,0.0,0.0,KFUM Oslo,11.0,2.0,0.0,0.0,5.0,5.0,65.0,13.0,8.0,0.6,0.0,0.0,0.0,0.0,0.0,0.0,0.0,0.0,0.0,0.0,0.0,3.0,0.0,0.0,0.0,0.0,0.0,0.0,401843287,2026-03-22 16:00:00,2026
Sandefjord,18.0,2.0,0.0,0.0,10.0,3.0,63.9,16.0,6.0,0.4,0.0,0.0,0.0,0.0,0.0,0.0,0.0,0.0,0.0,0.0,0.0,6.0,0.0,0.0,0.0,0.0,0.0,0.0,Sarpsborg FK,7.0,1.0,0.0,0.0,6.0,6.0,36.1,8.0,6.0,0.8,2.0,1.0,0.0,0.0,0.0,0.0,0.0,0.0,0.0,0.0,0.0,1.0,0.0,0.0,0.0,0.0,0.0,0.0,401843288,2026-03-22 16:00:00,2026
Vålerenga,7.0,2.0,1.0,0.0,10.0,5.0,50.9,16.0,2.0,0.1,0.0,0.0,0.0,0.0,0.0,0.0,0.0,0.0,0.0,0.0,0.0,5.0,0.0,0.0,0.0,0.0,0.0,0.0,Viking FK,14.0,4.0,0.0,0.0,6.0,2.0,49.1,18.0,6.0,0.3,0.0,0.0,0.0,0.0,0.0,0.0,0.0,0.0,0.0,0.0,0.0,7.0,0.0,0.0,0.0,0.0,0.0,0.0,401843291,2026-04-06 12:30:00,2026
Molde,22.0,1.0,0.0,0.0,6.0,2.0,60.3,12.0,3.0,0.3,0.0,0.0,0.0,0.0,0.0,0.0,0.0,0.0,0.0,0.0,0.0,2.0,0.0,0.0,0.0,0.0,0.0,0.0,Lillestrom,14.0,2.0,0.0,0.0,4.0,3.0,39.7,16.0,4.0,0.3,0.0,0.0,0.0,0.0,0.0,0.0,0.0,0.0,0.0,0.0,0.0,3.0,0.0,0.0,0.0,0.0,0.0,0.0,401843294,2026-04-06 15:00:00,2026
Sarpsborg FK,8.0,0.0,0.0,0.0,7.0,0.0,57.9,17.0,5.0,0.3,0.0,0.0,0.0,0.0,0.0,0.0,0.0,0.0,0.0,0.0,0.0,7.0,0.0,0.0,0.0,0.0,0.0,0.0,IK Start,15.0,3.0,0.0,0.0,2.0,4.0,42.1,6.0,1.0,0.2,0.0,0.0,0.0,0.0,0.0,0.0,0.0,0.0,0.0,0.0,0.0,2.0,0.0,0.0,0.0,0.0,0.0,0.0,401843295,2026-04-06 15:00:00,2026
Kristiansund BK,9.0,2.0,0.0,0.0,0.0,6.0,26.9,6.0,3.0,0.5,0.0,0.0,0.0,0.0,0.0,0.0,0.0,0.0,0.0,0.0,0.0,1.0,0.0,0.0,0.0,0.0,0.0,0.0,Bodo/Glimt,6.0,1.0,0.0,0.0,6.0,2.0,73.1,15.0,9.0,0.6,0.0,0.0,0.0,0.0,0.0,0.0,0.0,0.0,0.0,0.0,0.0,1.0,0.0,0.0,0.0,0.0,0.0,0.0,401843293,2026-04-06 15:00:00,2026
Hamarkameratene,11.0,1.0,0.0,0.0,7.0,4.0,45.2,15.0,5.0,0.3,0.0,0.0,0.0,0.0,0.0,0.0,0.0,0.0,0.0,0.0,0.0,4.0,0.0,0.0,0.0,0.0,0.0,0.0,SK Brann,10.0,0.0,0.0,0.0,6.0,4.0,54.8,20.0,9.0,0.5,0.0,0.0,0.0,0.0,0.0,0.0,0.0,0.0,0.0,0.0,0.0,2.0,0.0,0.0,0.0,0.0,0.0,0.0,401843292,2026-04-06 15:00:00,2026
Tromso,8.0,0.0,0.0,0.0,7.0,0.0,53.2,19.0,6.0,0.3,0.0,0.0,0.0,0.0,0.0,0.0,0.0,0.0,0.0,0.0,0.0,6.0,0.0,0.0,0.0,0.0,0.0,0.0,Rosenborg,8.0,3.0,0.0,0.0,0.0,4.0,46.8,2.0,0.0,0.0,0.0,0.0,0.0,0.0,0.0,0.0,0.0,0.0,0.0,0.0,0.0,0.0,0.0,0.0,0.0,0.0,0.0,0.0,401843296,2026-04-06 17:15:00,2026
Aalesund,18.0,4.0,0.0,0.0,3.0,3.0,48.4,15.0,6.0,0.4,0.0,0.0,0.0,0.0,0.0,0.0,0.0,0.0,0.0,0.0,0.0,4.0,0.0,0.0,0.0,0.0,0.0,0.0,Fredrikstad,14.0,2.0,0.0,0.0,5.0,4.0,51.6,9.0,5.0,0.6,0.0,0.0,0.0,0.0,0.0,0.0,0.0,0.0,0.0,0.0,0.0,4.0,0.0,0.0,0.0,0.0,0.0,0.0,401843297,2026-04-07 17:00:00,2026
KFUM Oslo,7.0,1.0,0.0,0.0,9.0,4.0,54.0,8.0,1.0,0.1,0.0,0.0,0.0,0.0,0.0,0.0,0.0,0.0,0.0,0.0,0.0,4.0,0.0,0.0,0.0,0.0,0.0,0.0,Sandefjord,14.0,3.0,0.0,0.0,5.0,0.0,46.0,14.0,6.0,0.4,2.0,1.0,0.0,0.0,0.0,0.0,0.0,0.0,0.0,0.0,0.0,4.0,0.0,0.0,0.0,0.0,0.0,0.0,401843298,2026-04-07 17:00:00,2026
Lillestrom,8.0,2.0,0.0,0.0,3.0,4.0,59.6,12.0,5.0,0.4,0.0,0.0,0.0,0.0,0.0,0.0,0.0,0.0,0.0,0.0,0.0,2.0,0.0,0.0,0.0,0.0,0.0,0.0,IK Start,17.0,4.0,0.0,0.0,5.0,2.0,40.4,11.0,5.0,0.5,0.0,0.0,0.0,0.0,0.0,0.0,0.0,0.0,0.0,0.0,0.0,2.0,0.0,0.0,0.0,0.0,0.0,0.0,401843299,2026-04-11 12:00:00,2026
Tromso,9.0,0.0,0.0,0.0,9.0,2.0,62.4,16.0,5.0,0.3,0.0,0.0,0.0,0.0,0.0,0.0,0.0,0.0,0.0,0.0,0.0,4.0,0.0,0.0,0.0,0.0,0.0,0.0,Kristiansund BK,12.0,2.0,0.0,0.0,0.0,3.0,37.6,7.0,2.0,0.3,0.0,0.0,0.0,0.0,0.0,0.0,0.0,0.0,0.0,0.0,0.0,0.0,0.0,0.0,0.0,0.0,0.0,0.0,401843300,2026-04-11 14:00:00,2026
Viking FK,10.0,2.0,0.0,0.0,3.0,2.0,29.0,17.0,10.0,0.6,0.0,0.0,0.0,0.0,0.0,0.0,0.0,0.0,0.0,0.0,0.0,4.0,0.0,0.0,0.0,0.0,0.0,0.0,Bodo/Glimt,9.0,1.0,0.0,0.0,7.0,5.0,71.0,6.0,1.0,0.2,0.0,0.0,0.0,0.0,0.0,0.0,0.0,0.0,0.0,0.0,0.0,5.0,0.0,0.0,0.0,0.0,0.0,0.0,401843301,2026-04-11 16:00:00,2026
Rosenborg,10.0,3.0,0.0,0.0,7.0,3.0,56.8,16.0,6.0,0.4,0.0,0.0,0.0,0.0,0.0,0.0,0.0,0.0,0.0,0.0,0.0,3.0,0.0,0.0,0.0,0.0,0.0,0.0,Sarpsborg FK,8.0,1.0,0.0,0.0,4.0,4.0,43.2,13.0,4.0,0.3,0.0,0.0,0.0,0.0,0.0,0.0,0.0,0.0,0.0,0.0,0.0,5.0,0.0,0.0,0.0,0.0,0.0,0.0,401843302,2026-04-12 12:30:00,2026
Fredrikstad,13.0,2.0,0.0,0.0,7.0,4.0,50.9,18.0,3.0,0.2,0.0,0.0,0.0,0.0,0.0,0.0,0.0,0.0,0.0,0.0,0.0,7.0,0.0,0.0,0.0,0.0,0.0,0.0,Vålerenga,11.0,3.0,0.0,0.0,2.0,2.0,49.1,18.0,5.0,0.3,0.0,0.0,0.0,0.0,0.0,0.0,0.0,0.0,0.0,0.0,0.0,8.0,0.0,0.0,0.0,0.0,0.0,0.0,401843304,2026-04-12 15:00:00,2026
Molde,11.0,3.0,1.0,0.0,2.0,2.0,59.6,14.0,6.0,0.4,0.0,0.0,0.0,0.0,0.0,0.0,0.0,0.0,0.0,0.0,0.0,1.0,0.0,0.0,0.0,0.0,0.0,0.0,Hamarkameratene,15.0,2.0,0.0,0.0,6.0,3.0,40.4,8.0,3.0,0.4,0.0,0.0,0.0,0.0,0.0,0.0,0.0,0.0,0.0,0.0,0.0,4.0,0.0,0.0,0.0,0.0,0.0,0.0,401843305,2026-04-12 15:00:00,2026
Aalesund,13.0,2.0,0.0,0.0,8.0,5.0,52.8,14.0,4.0,0.3,0.0,0.0,0.0,0.0,0.0,0.0,0.0,0.0,0.0,0.0,0.0,7.0,0.0,0.0,0.0,0.0,0.0,0.0,KFUM Oslo,10.0,2.0,0.0,0.0,3.0,2.0,47.2,17.0,7.0,0.4,0.0,0.0,0.0,0.0,0.0,0.0,0.0,0.0,0.0,0.0,0.0,1.0,0.0,0.0,0.0,0.0,0.0,0.0,401843303,2026-04-12 15:00:00,2026
SK Brann,6.0,1.0,0.0,0.0,11.0,1.0,63.2,22.0,4.0,0.2,0.0,0.0,0.0,0.0,0.0,0.0,0.0,0.0,0.0,0.0,0.0,9.0,0.0,0.0,0.0,0.0,0.0,0.0,Sandefjord,14.0,2.0,0.0,0.0,2.0,4.0,36.8,14.0,3.0,0.2,0.0,0.0,0.0,0.0,0.0,0.0,0.0,0.0,0.0,0.0,0.0,4.0,0.0,0.0,0.0,0.0,0.0,0.0,401843306,2026-04-12 17:15:00,2026
Sarpsborg FK,7.0,1.0,0.0,0.0,4.0,3.0,28.2,15.0,8.0,0.5,0.0,0.0,0.0,0.0,0.0,0.0,0.0,0.0,0.0,0.0,0.0,2.0,0.0,0.0,0.0,0.0,0.0,0.0,Bodo/Glimt,7.0,2.0,0.0,0.0,7.0,7.0,71.8,16.0,4.0,0.3,2.0,1.0,0.0,0.0,0.0,0.0,0.0,0.0,0.0,0.0,0.0,7.0,0.0,0.0,0.0,0.0,0.0,0.0,401843278,2026-04-15 17:00:00,2026
Tromso,19.0,1.0,0.0,0.0,6.0,6.0,60.2,12.0,6.0,0.5,0.0,0.0,0.0,0.0,0.0,0.0,0.0,0.0,0.0,0.0,0.0,2.0,0.0,0.0,0.0,0.0,0.0,0.0,Lillestrom,8.0,2.0,0.0,0.0,5.0,6.0,39.8,10.0,6.0,0.6,0.0,0.0,0.0,0.0,0.0,0.0,0.0,0.0,0.0,0.0,0.0,3.0,0.0,0.0,0.0,0.0,0.0,0.0,401843307,2026-04-15 17:00:00,2026
Bodo/Glimt,9.0,0.0,0.0,0.0,11.0,4.0,63.3,22.0,9.0,0.4,0.0,0.0,0.0,0.0,0.0,0.0,0.0,0.0,0.0,0.0,0.0,6.0,0.0,0.0,0.0,0.0,0.0,0.0,Aalesund,6.0,1.0,0.0,0.0,1.0,4.0,36.7,10.0,4.0,0.4,0.0,0.0,0.0,0.0,0.0,0.0,0.0,0.0,0.0,0.0,0.0,2.0,0.0,0.0,0.0,0.0,0.0,0.0,401843308,2026-04-18 12:00:00,2026
Sandefjord,17.0,3.0,0.0,0.0,7.0,6.0,52.1,18.0,7.0,0.4,0.0,0.0,0.0,0.0,0.0,0.0,0.0,0.0,0.0,0.0,0.0,5.0,0.0,0.0,0.0,0.0,0.0,0.0,Rosenborg,12.0,1.0,0.0,0.0,11.0,7.0,47.9,16.0,7.0,0.4,0.0,0.0,0.0,0.0,0.0,0.0,0.0,0.0,0.0,0.0,0.0,6.0,0.0,0.0,0.0,0.0,0.0,0.0,401843309,2026-04-18 14:00:00,2026
Viking FK,12.0,1.0,0.0,0.0,6.0,2.0,55.2,18.0,6.0,0.3,0.0,0.0,0.0,0.0,0.0,0.0,0.0,0.0,0.0,0.0,0.0,3.0,0.0,0.0,0.0,0.0,0.0,0.0,SK Brann,16.0,4.0,0.0,0.0,7.0,3.0,44.8,8.0,4.0,0.5,0.0,1.0,0.0,0.0,0.0,0.0,0.0,0.0,0.0,0.0,0.0,2.0,0.0,0.0,0.0,0.0,0.0,0.0,401843310,2026-04-18 16:00:00,2026
Vålerenga,10.0,3.0,0.0,0.0,13.0,4.0,40.3,18.0,3.0,0.2,0.0,0.0,0.0,0.0,0.0,0.0,0.0,0.0,0.0,0.0,0.0,5.0,0.0,0.0,0.0,0.0,0.0,0.0,Lillestrom,7.0,5.0,0.0,0.0,6.0,3.0,59.7,15.0,6.0,0.4,0.0,0.0,0.0,0.0,0.0,0.0,0.0,0.0,0.0,0.0,0.0,3.0,0.0,0.0,0.0,0.0,0.0,0.0,401843311,2026-04-19 12:30:00,2026
Hamarkameratene,15.0,1.0,0.0,0.0,0.0,2.0,52.1,13.0,6.0,0.5,4.0,2.0,0.0,0.0,0.0,0.0,0.0,0.0,0.0,0.0,0.0,1.0,0.0,0.0,0.0,0.0,0.0,0.0,KFUM Oslo,12.0,0.0,1.0,0.0,3.0,2.0,47.9,12.0,2.0,0.2,0.0,0.0,0.0,0.0,0.0,0.0,0.0,0.0,0.0,0.0,0.0,6.0,0.0,0.0,0.0,0.0,0.0,0.0,401843312,2026-04-19 15:00:00,2026
Kristiansund BK,11.0,2.0,0.0,0.0,4.0,4.0,43.8,17.0,7.0,0.4,0.0,0.0,0.0,0.0,0.0,0.0,0.0,0.0,0.0,0.0,0.0,4.0,0.0,0.0,0.0,0.0,0.0,0.0,Fredrikstad,13.0,1.0,0.0,0.0,8.0,5.0,56.2,17.0,5.0,0.3,0.0,0.0,0.0,0.0,0.0,0.0,0.0,0.0,0.0,0.0,0.0,3.0,0.0,0.0,0.0,0.0,0.0,0.0,401843313,2026-04-19 15:00:00,2026
Sarpsborg FK,14.0,0.0,0.0,0.0,10.0,5.0,49.8,11.0,3.0,0.3,0.0,0.0,0.0,0.0,0.0,0.0,0.0,0.0,0.0,0.0,0.0,4.0,0.0,0.0,0.0,0.0,0.0,0.0,Tromso,9.0,1.0,0.0,0.0,3.0,3.0,50.2,12.0,6.0,0.5,0.0,0.0,0.0,0.0,0.0,0.0,0.0,0.0,0.0,0.0,0.0,3.0,0.0,0.0,0.0,0.0,0.0,0.0,401843314,2026-04-19 15:00:00,2026
IK Start,18.0,1.0,0.0,0.0,2.0,3.0,42.0,12.0,6.0,0.5,0.0,0.0,0.0,0.0,0.0,0.0,0.0,0.0,0.0,0.0,0.0,2.0,0.0,0.0,0.0,0.0,0.0,0.0,Molde,15.0,2.0,0.0,0.0,6.0,5.0,58.0,11.0,4.0,0.4,0.0,0.0,0.0,0.0,0.0,0.0,0.0,0.0,0.0,0.0,0.0,1.0,0.0,0.0,0.0,0.0,0.0,0.0,401843315,2026-04-19 17:15:00,2026
Fredrikstad,10.0,0.0,0.0,0.0,3.0,3.0,42.1,12.0,3.0,0.3,0.0,0.0,0.0,0.0,0.0,0.0,0.0,0.0,0.0,0.0,0.0,2.0,0.0,0.0,0.0,0.0,0.0,0.0,Viking FK,11.0,2.0,0.0,0.0,6.0,2.0,57.9,15.0,5.0,0.3,0.0,0.0,0.0,0.0,0.0,0.0,0.0,0.0,0.0,0.0,0.0,4.0,0.0,0.0,0.0,0.0,0.0,0.0,401843316,2026-04-25 14:00:00,2026
Rosenborg,11.0,1.0,0.0,0.0,7.0,3.0,40.8,9.0,2.0,0.2,0.0,0.0,0.0,0.0,0.0,0.0,0.0,0.0,0.0,0.0,0.0,3.0,0.0,0.0,0.0,0.0,0.0,0.0,SK Brann,17.0,3.0,0.0,0.0,11.0,1.0,59.2,12.0,5.0,0.4,0.0,0.0,0.0,0.0,0.0,0.0,0.0,0.0,0.0,0.0,0.0,4.0,0.0,0.0,0.0,0.0,0.0,0.0,401843317,2026-04-25 16:00:00,2026
Molde,6.0,1.0,0.0,0.0,2.0,6.0,57.5,18.0,7.0,0.4,0.0,0.0,0.0,0.0,0.0,0.0,0.0,0.0,0.0,0.0,0.0,2.0,0.0,0.0,0.0,0.0,0.0,0.0,Vålerenga,7.0,1.0,0.0,0.0,5.0,2.0,42.5,10.0,7.0,0.7,0.0,0.0,0.0,0.0,0.0,0.0,0.0,0.0,0.0,0.0,0.0,2.0,0.0,0.0,0.0,0.0,0.0,0.0,401843318,2026-04-26 12:30:00,2026
Aalesund,14.0,2.0,0.0,0.0,10.0,3.0,55.7,20.0,7.0,0.4,0.0,0.0,0.0,0.0,0.0,0.0,0.0,0.0,0.0,0.0,0.0,5.0,0.0,0.0,0.0,0.0,0.0,0.0,Kristiansund BK,10.0,3.0,0.0,0.0,8.0,6.0,44.3,11.0,6.0,0.5,0.0,0.0,0.0,0.0,0.0,0.0,0.0,0.0,0.0,0.0,0.0,0.0,0.0,0.0,0.0,0.0,0.0,0.0,401843319,2026-04-26 15:00:00,2026
Hamarkameratene,11.0,1.0,0.0,0.0,5.0,1.0,54.6,12.0,4.0,0.3,0.0,0.0,0.0,0.0,0.0,0.0,0.0,0.0,0.0,0.0,0.0,5.0,0.0,0.0,0.0,0.0,0.0,0.0,IK Start,14.0,1.0,0.0,0.0,1.0,1.0,45.4,12.0,2.0,0.2,0.0,0.0,0.0,0.0,0.0,0.0,0.0,0.0,0.0,0.0,0.0,5.0,0.0,0.0,0.0,0.0,0.0,0.0,401843320,2026-04-26 15:00:00,2026
KFUM Oslo,19.0,2.0,0.0,0.0,1.0,2.0,39.8,10.0,4.0,0.4,0.0,0.0,0.0,0.0,0.0,0.0,0.0,0.0,0.0,0.0,0.0,3.0,0.0,0.0,0.0,0.0,0.0,0.0,Sarpsborg FK,9.0,2.0,1.0,0.0,2.0,3.0,60.2,7.0,2.0,0.3,0.0,1.0,0.0,0.0,0.0,0.0,0.0,0.0,0.0,0.0,0.0,2.0,0.0,0.0,0.0,0.0,0.0,0.0,401843321,2026-04-26 15:00:00,2026
Tromso,9.0,0.0,0.0,0.0,10.0,2.0,43.7,13.0,5.0,0.4,0.0,0.0,0.0,0.0,0.0,0.0,0.0,0.0,0.0,0.0,0.0,5.0,0.0,0.0,0.0,0.0,0.0,0.0,Sandefjord,13.0,0.0,0.0,0.0,6.0,2.0,56.3,12.0,3.0,0.3,0.0,0.0,0.0,0.0,0.0,0.0,0.0,0.0,0.0,0.0,0.0,5.0,0.0,0.0,0.0,0.0,0.0,0.0,401843322,2026-04-26 15:00:00,2026
Lillestrom,8.0,0.0,0.0,0.0,5.0,2.0,50.5,10.0,2.0,0.2,0.0,0.0,0.0,0.0,0.0,0.0,0.0,0.0,0.0,0.0,0.0,4.0,0.0,0.0,0.0,0.0,0.0,0.0,Bodo/Glimt,10.0,0.0,0.0,0.0,4.0,2.0,49.5,10.0,4.0,0.4,0.0,0.0,0.0,0.0,0.0,0.0,0.0,0.0,0.0,0.0,0.0,2.0,0.0,0.0,0.0,0.0,0.0,0.0,401843323,2026-04-26 17:15:00,2026
Tromso,17.0,3.0,0.0,0.0,6.0,2.0,52.7,19.0,4.0,0.2,0.0,0.0,0.0,0.0,0.0,0.0,0.0,0.0,0.0,0.0,0.0,11.0,0.0,0.0,0.0,0.0,0.0,0.0,SK Brann,12.0,1.0,0.0,0.0,2.0,4.0,47.3,13.0,8.0,0.6,0.0,0.0,0.0,0.0,0.0,0.0,0.0,0.0,0.0,0.0,0.0,3.0,0.0,0.0,0.0,0.0,0.0,0.0,401843324,2026-04-29 17:00:00,2026
Bodo/Glimt,6.0,1.0,0.0,0.0,13.0,6.0,70.7,30.0,12.0,0.4,0.0,1.0,0.0,0.0,0.0,0.0,0.0,0.0,0.0,0.0,0.0,10.0,0.0,0.0,0.0,0.0,0.0,0.0,IK Start,10.0,3.0,0.0,0.0,4.0,7.0,29.3,14.0,7.0,0.5,0.0,0.0,0.0,0.0,0.0,0.0,0.0,0.0,0.0,0.0,0.0,4.0,0.0,0.0,0.0,0.0,0.0,0.0,401843325,2026-04-30 17:00:00,2026
Viking FK,13.0,2.0,0.0,0.0,7.0,3.0,48.3,19.0,6.0,0.3,0.0,0.0,0.0,0.0,0.0,0.0,0.0,0.0,0.0,0.0,0.0,3.0,0.0,0.0,0.0,0.0,0.0,0.0,Rosenborg,15.0,3.0,0.0,0.0,3.0,2.0,51.7,10.0,3.0,0.3,0.0,0.0,0.0,0.0,0.0,0.0,0.0,0.0,0.0,0.0,0.0,4.0,0.0,0.0,0.0,0.0,0.0,0.0,401843326,2026-05-01 16:00:00,2026
SK Brann,13.0,1.0,0.0,0.0,3.0,2.0,60.4,18.0,4.0,0.2,2.0,1.0,0.0,0.0,0.0,0.0,0.0,0.0,0.0,0.0,0.0,7.0,0.0,0.0,0.0,0.0,0.0,0.0,Fredrikstad,11.0,1.0,0.0,0.0,2.0,1.0,39.6,8.0,3.0,0.4,0.0,0.0,0.0,0.0,0.0,0.0,0.0,0.0,0.0,0.0,0.0,0.0,0.0,0.0,0.0,0.0,0.0,0.0,401843327,2026-05-02 16:00:00,2026
Lillestrom,12.0,1.0,0.0,0.0,3.0,1.0,49.1,11.0,4.0,0.4,4.0,2.0,0.0,0.0,0.0,0.0,0.0,0.0,0.0,0.0,0.0,3.0,0.0,0.0,0.0,0.0,0.0,0.0,Sarpsborg FK,12.0,2.0,0.0,0.0,3.0,0.0,50.9,10.0,1.0,0.1,0.0,0.0,0.0,0.0,0.0,0.0,0.0,0.0,0.0,0.0,0.0,1.0,0.0,0.0,0.0,0.0,0.0,0.0,401843328,2026-05-03 12:30:00,2026
Sandefjord,9.0,1.0,0.0,0.0,8.0,3.0,62.8,27.0,7.0,0.3,0.0,0.0,0.0,0.0,0.0,0.0,0.0,0.0,0.0,0.0,0.0,8.0,0.0,0.0,0.0,0.0,0.0,0.0,Aalesund,15.0,3.0,0.0,0.0,2.0,6.0,37.2,14.0,3.0,0.2,0.0,0.0,0.0,0.0,0.0,0.0,0.0,0.0,0.0,0.0,0.0,6.0,0.0,0.0,0.0,0.0,0.0,0.0,401843330,2026-05-03 15:00:00,2026
IK Start,13.0,3.0,0.0,0.0,3.0,1.0,53.7,14.0,3.0,0.2,0.0,0.0,0.0,0.0,0.0,0.0,0.0,0.0,0.0,0.0,0.0,3.0,0.0,0.0,0.0,0.0,0.0,0.0,Tromso,14.0,2.0,0.0,0.0,2.0,2.0,46.3,6.0,2.0,0.3,0.0,0.0,0.0,0.0,0.0,0.0,0.0,0.0,0.0,0.0,0.0,1.0,0.0,0.0,0.0,0.0,0.0,0.0,401843331,2026-05-03 15:00:00,2026
Kristiansund BK,6.0,2.0,0.0,0.0,4.0,0.0,58.8,10.0,5.0,0.5,0.0,0.0,0.0,0.0,0.0,0.0,0.0,0.0,0.0,0.0,0.0,2.0,0.0,0.0,0.0,0.0,0.0,0.0,Hamarkameratene,14.0,2.0,0.0,0.0,3.0,4.0,41.2,7.0,1.0,0.1,0.0,0.0,0.0,0.0,0.0,0.0,0.0,0.0,0.0,0.0,0.0,2.0,0.0,0.0,0.0,0.0,0.0,0.0,401843329,2026-05-03 15:00:00,2026
Vålerenga,11.0,6.0,0.0,0.0,11.0,4.0,49.0,17.0,6.0,0.4,0.0,0.0,0.0,0.0,0.0,0.0,0.0,0.0,0.0,0.0,0.0,6.0,0.0,0.0,0.0,0.0,0.0,0.0,KFUM Oslo,7.0,1.0,0.0,0.0,3.0,4.0,51.0,14.0,6.0,0.4,0.0,0.0,0.0,0.0,0.0,0.0,0.0,0.0,0.0,0.0,0.0,4.0,0.0,0.0,0.0,0.0,0.0,0.0,401843332,2026-05-03 17:15:00,2026
Bodo/Glimt,10.0,0.0,0.0,0.0,11.0,2.0,60.6,26.0,8.0,0.3,0.0,0.0,0.0,0.0,0.0,0.0,0.0,0.0,0.0,0.0,0.0,9.0,0.0,0.0,0.0,0.0,0.0,0.0,Molde,12.0,3.0,0.0,0.0,1.0,8.0,39.4,4.0,3.0,0.8,0.0,0.0,0.0,0.0,0.0,0.0,0.0,0.0,0.0,0.0,0.0,0.0,0.0,0.0,0.0,0.0,0.0,0.0,401843333,2026-05-04 17:00:00,2026
Hamarkameratene,10.0,0.0,0.0,0.0,1.0,2.0,35.3,6.0,3.0,0.5,0.0,0.0,0.0,0.0,0.0,0.0,0.0,0.0,0.0,0.0,0.0,0.0,0.0,0.0,0.0,0.0,0.0,0.0,Vålerenga,12.0,4.0,0.0,0.0,6.0,2.0,64.7,18.0,3.0,0.2,0.0,0.0,0.0,0.0,0.0,0.0,0.0,0.0,0.0,0.0,0.0,6.0,0.0,0.0,0.0,0.0,0.0,0.0,401843334,2026-05-08 17:00:00,2026
Sarpsborg FK,15.0,4.0,0.0,0.0,11.0,1.0,60.0,12.0,3.0,0.3,0.0,0.0,0.0,0.0,0.0,0.0,0.0,0.0,0.0,0.0,0.0,5.0,0.0,0.0,0.0,0.0,0.0,0.0,Fredrikstad,20.0,4.0,0.0,0.0,3.0,1.0,40.0,6.0,2.0,0.3,0.0,0.0,0.0,0.0,0.0,0.0,0.0,0.0,0.0,0.0,0.0,3.0,0.0,0.0,0.0,0.0,0.0,0.0,401843335,2026-05-09 12:00:00,2026
Rosenborg,9.0,2.0,0.0,0.0,1.0,3.0,50.6,18.0,4.0,0.2,2.0,1.0,0.0,0.0,0.0,0.0,0.0,0.0,0.0,0.0,0.0,7.0,0.0,0.0,0.0,0.0,0.0,0.0,Lillestrom,15.0,2.0,0.0,0.0,4.0,2.0,49.4,10.0,3.0,0.3,0.0,0.0,0.0,0.0,0.0,0.0,0.0,0.0,0.0,0.0,0.0,4.0,0.0,0.0,0.0,0.0,0.0,0.0,401843336,2026-05-10 12:30:00,2026
KFUM Oslo,13.0,1.0,1.0,0.0,4.0,2.0,34.2,1.0,0.0,0.0,0.0,0.0,0.0,0.0,0.0,0.0,0.0,0.0,0.0,0.0,0.0,0.0,0.0,0.0,0.0,0.0,0.0,0.0,Viking FK,2.0,0.0,0.0,0.0,6.0,0.0,65.8,12.0,4.0,0.3,0.0,0.0,0.0,0.0,0.0,0.0,0.0,0.0,0.0,0.0,0.0,3.0,0.0,0.0,0.0,0.0,0.0,0.0,401843337,2026-05-10 15:00:00,2026
Sandefjord,17.0,1.0,0.0,0.0,6.0,1.0,55.6,6.0,5.0,0.8,0.0,0.0,0.0,0.0,0.0,0.0,0.0,0.0,0.0,0.0,0.0,0.0,0.0,0.0,0.0,0.0,0.0,0.0,Kristiansund BK,10.0,2.0,0.0,0.0,4.0,3.0,44.4,11.0,1.0,0.1,0.0,0.0,0.0,0.0,0.0,0.0,0.0,0.0,0.0,0.0,0.0,4.0,0.0,0.0,0.0,0.0,0.0,0.0,401843338,2026-05-10 15:00:00,2026
Tromso,11.0,2.0,0.0,0.0,5.0,4.0,44.1,18.0,6.0,0.3,0.0,0.0,0.0,0.0,0.0,0.0,0.0,0.0,0.0,0.0,0.0,5.0,0.0,0.0,0.0,0.0,0.0,0.0,Molde,8.0,2.0,0.0,0.0,4.0,3.0,55.9,13.0,3.0,0.2,0.0,0.0,0.0,0.0,0.0,0.0,0.0,0.0,0.0,0.0,0.0,5.0,0.0,0.0,0.0,0.0,0.0,0.0,401843340,2026-05-10 15:00:00,2026
SK Brann,5.0,1.0,0.0,0.0,6.0,2.0,74.8,13.0,8.0,0.6,0.0,0.0,0.0,0.0,0.0,0.0,0.0,0.0,0.0,0.0,0.0,3.0,0.0,0.0,0.0,0.0,0.0,0.0,KFUM Oslo,15.0,3.0,1.0,0.0,0.0,6.0,25.2,6.0,3.0,0.5,0.0,0.0,0.0,0.0,0.0,0.0,0.0,0.0,0.0,0.0,0.0,0.0,0.0,0.0,0.0,0.0,0.0,0.0,401843342,2026-05-16 12:00:00,2026
Lillestrom,13.0,2.0,0.0,0.0,6.0,5.0,52.0,14.0,6.0,0.4,0.0,0.0,0.0,0.0,0.0,0.0,0.0,0.0,0.0,0.0,0.0,3.0,0.0,0.0,0.0,0.0,0.0,0.0,Sandefjord,12.0,1.0,1.0,0.0,3.0,3.0,48.0,13.0,6.0,0.5,0.0,0.0,0.0,0.0,0.0,0.0,0.0,0.0,0.0,0.0,0.0,3.0,0.0,0.0,0.0,0.0,0.0,0.0,401843343,2026-05-16 14:00:00,2026
Fredrikstad,14.0,3.0,0.0,0.0,5.0,6.0,41.1,10.0,4.0,0.4,0.0,0.0,0.0,0.0,0.0,0.0,0.0,0.0,0.0,0.0,0.0,1.0,0.0,0.0,0.0,0.0,0.0,0.0,Hamarkameratene,10.0,0.0,0.0,0.0,7.0,3.0,58.9,17.0,7.0,0.4,0.0,0.0,0.0,0.0,0.0,0.0,0.0,0.0,0.0,0.0,0.0,7.0,0.0,0.0,0.0,0.0,0.0,0.0,401843347,2026-05-16 14:00:00,2026
Rosenborg,7.0,2.0,0.0,0.0,11.0,1.0,66.7,13.0,4.0,0.3,0.0,0.0,0.0,0.0,0.0,0.0,0.0,0.0,0.0,0.0,0.0,6.0,0.0,0.0,0.0,0.0,0.0,0.0,Aalesund,15.0,6.0,0.0,0.0,0.0,2.0,33.3,9.0,4.0,0.4,0.0,0.0,0.0,0.0,0.0,0.0,0.0,0.0,0.0,0.0,0.0,3.0,0.0,0.0,0.0,0.0,0.0,0.0,401843345,2026-05-16 14:00:00,2026
Molde,6.0,1.0,0.0,0.0,3.0,2.0,62.6,10.0,4.0,0.4,0.0,0.0,0.0,0.0,0.0,0.0,0.0,0.0,0.0,0.0,0.0,2.0,0.0,0.0,0.0,0.0,0.0,0.0,Kristiansund BK,14.0,2.0,0.0,0.0,6.0,3.0,37.4,11.0,2.0,0.2,0.0,0.0,0.0,0.0,0.0,0.0,0.0,0.0,0.0,0.0,0.0,4.0,0.0,0.0,0.0,0.0,0.0,0.0,401843346,2026-05-16 14:00:00,2026
Viking FK,12.0,2.0,0.0,0.0,12.0,2.0,61.6,16.0,8.0,0.5,0.0,0.0,0.0,0.0,0.0,0.0,0.0,0.0,0.0,0.0,0.0,2.0,0.0,0.0,0.0,0.0,0.0,0.0,IK Start,13.0,3.0,0.0,0.0,2.0,2.0,38.4,9.0,5.0,0.6,0.0,0.0,0.0,0.0,0.0,0.0,0.0,0.0,0.0,0.0,0.0,1.0,0.0,0.0,0.0,0.0,0.0,0.0,401843344,2026-05-16 14:00:00,2026
Bodo/Glimt,12.0,0.0,0.0,0.0,4.0,2.0,69.8,20.0,10.0,0.5,2.0,1.0,0.0,0.0,0.0,0.0,0.0,0.0,0.0,0.0,0.0,6.0,0.0,0.0,0.0,0.0,0.0,0.0,Tromso,10.0,1.0,1.0,0.0,1.0,6.0,30.2,2.0,2.0,1.0,0.0,0.0,0.0,0.0,0.0,0.0,0.0,0.0,0.0,0.0,0.0,0.0,0.0,0.0,0.0,0.0,0.0,0.0,401843348,2026-05-16 16:00:00,2026
Vålerenga,13.0,1.0,0.0,0.0,7.0,7.0,54.5,14.0,7.0,0.5,0.0,1.0,0.0,0.0,0.0,0.0,0.0,0.0,0.0,0.0,0.0,3.0,0.0,0.0,0.0,0.0,0.0,0.0,Sarpsborg FK,11.0,0.0,0.0,0.0,0.0,4.0,45.5,18.0,9.0,0.5,0.0,0.0,0.0,0.0,0.0,0.0,0.0,0.0,0.0,0.0,0.0,5.0,0.0,0.0,0.0,0.0,0.0,0.0,401843349,2026-05-16 18:00:00,2026
IK Start,7.0,0.0,1.0,0.0,1.0,3.0,22.4,9.0,2.0,0.2,1.0,1.0,0.0,0.0,0.0,0.0,0.0,0.0,0.0,0.0,0.0,3.0,0.0,0.0,0.0,0.0,0.0,0.0,Bodo/Glimt,9.0,0.0,0.0,0.0,5.0,1.0,77.6,21.0,8.0,0.4,0.0,0.0,0.0,0.0,0.0,0.0,0.0,0.0,0.0,0.0,0.0,3.0,0.0,0.0,0.0,0.0,0.0,0.0,401843339,2026-05-20 16:00:00,2026
Lillestrom,9.0,1.0,2.0,0.0,8.0,4.0,66.8,15.0,5.0,0.3,0.0,0.0,0.0,0.0,0.0,0.0,0.0,0.0,0.0,0.0,0.0,2.0,0.0,0.0,0.0,0.0,0.0,0.0,Kristiansund BK,17.0,5.0,0.0,0.0,3.0,4.0,33.2,16.0,6.0,0.4,0.0,0.0,0.0,0.0,0.0,0.0,0.0,0.0,0.0,0.0,0.0,2.0,0.0,0.0,0.0,0.0,0.0,0.0,401843286,2026-05-20 17:00:00,2026
Aalesund,17.0,1.0,0.0,0.0,4.0,3.0,42.2,25.0,5.0,0.2,0.0,0.0,0.0,0.0,0.0,0.0,0.0,0.0,0.0,0.0,0.0,10.0,0.0,0.0,0.0,0.0,0.0,0.0,SK Brann,15.0,3.0,0.0,0.0,7.0,3.0,57.8,13.0,4.0,0.3,0.0,0.0,0.0,0.0,0.0,0.0,0.0,0.0,0.0,0.0,0.0,5.0,0.0,0.0,0.0,0.0,0.0,0.0,401843341,2026-05-20 18:00:00,2026
Bodo/Glimt,9.0,0.0,0.0,0.0,6.0,0.0,62.7,14.0,8.0,0.6,1.0,1.0,0.0,0.0,0.0,0.0,0.0,0.0,0.0,0.0,0.0,0.0,0.0,0.0,0.0,0.0,0.0,0.0,SK Brann,8.0,1.0,0.0,0.0,3.0,5.0,37.3,4.0,0.0,0.0,0.0,0.0,0.0,0.0,0.0,0.0,0.0,0.0,0.0,0.0,0.0,2.0,0.0,0.0,0.0,0.0,0.0,0.0,401843355,2026-05-24 14:00:00,2026
Kristiansund BK,11.0,3.0,0.0,0.0,4.0,1.0,54.3,16.0,1.0,0.1,0.0,0.0,0.0,0.0,0.0,0.0,0.0,0.0,0.0,0.0,0.0,9.0,0.0,0.0,0.0,0.0,0.0,0.0,Viking FK,15.0,4.0,0.0,0.0,4.0,1.0,45.7,10.0,3.0,0.3,0.0,0.0,0.0,0.0,0.0,0.0,0.0,0.0,0.0,0.0,0.0,2.0,0.0,0.0,0.0,0.0,0.0,0.0,401843351,2026-05-24 16:00:00,2026
IK Start,6.0,1.0,0.0,0.0,5.0,1.0,31.2,14.0,2.0,0.1,0.0,0.0,0.0,0.0,0.0,0.0,0.0,0.0,0.0,0.0,0.0,3.0,0.0,0.0,0.0,0.0,0.0,0.0,Vålerenga,12.0,0.0,0.0,0.0,7.0,0.0,68.8,15.0,1.0,0.1,0.0,0.0,0.0,0.0,0.0,0.0,0.0,0.0,0.0,0.0,0.0,6.0,0.0,0.0,0.0,0.0,0.0,0.0,401843356,2026-05-25 12:30:00,2026
Sarpsborg FK,13.0,1.0,0.0,0.0,2.0,5.0,23.6,6.0,2.0,0.3,1.0,1.0,0.0,0.0,0.0,0.0,0.0,0.0,0.0,0.0,0.0,2.0,0.0,0.0,0.0,0.0,0.0,0.0,Molde,6.0,1.0,0.0,0.0,8.0,0.0,76.4,17.0,6.0,0.4,0.0,0.0,0.0,0.0,0.0,0.0,0.0,0.0,0.0,0.0,0.0,4.0,0.0,0.0,0.0,0.0,0.0,0.0,401843353,2026-05-25 15:00:00,2026
Tromso,9.0,1.0,0.0,0.0,6.0,2.0,62.5,16.0,6.0,0.4,0.0,0.0,0.0,0.0,0.0,0.0,0.0,0.0,0.0,0.0,0.0,5.0,0.0,0.0,0.0,0.0,0.0,0.0,Aalesund,10.0,2.0,0.0,0.0,9.0,5.0,37.5,15.0,3.0,0.2,0.0,0.0,0.0,0.0,0.0,0.0,0.0,0.0,0.0,0.0,0.0,8.0,0.0,0.0,0.0,0.0,0.0,0.0,401843357,2026-05-25 15:00:00,2026
Hamarkameratene,12.0,2.0,0.0,0.0,4.0,4.0,40.1,12.0,9.0,0.8,0.0,0.0,0.0,0.0,0.0,0.0,0.0,0.0,0.0,0.0,0.0,0.0,0.0,0.0,0.0,0.0,0.0,0.0,Lillestrom,9.0,0.0,0.0,0.0,9.0,7.0,59.9,18.0,4.0,0.2,0.0,0.0,0.0,0.0,0.0,0.0,0.0,0.0,0.0,0.0,0.0,9.0,0.0,0.0,0.0,0.0,0.0,0.0,401843354,2026-05-25 15:00:00,2026
KFUM Oslo,16.0,2.0,0.0,0.0,9.0,2.0,44.2,18.0,11.0,0.6,0.0,0.0,0.0,0.0,0.0,0.0,0.0,0.0,0.0,0.0,0.0,2.0,0.0,0.0,0.0,0.0,0.0,0.0,Rosenborg,4.0,0.0,0.0,0.0,2.0,8.0,55.8,13.0,2.0,0.2,0.0,0.0,0.0,0.0,0.0,0.0,0.0,0.0,0.0,0.0,0.0,5.0,0.0,0.0,0.0,0.0,0.0,0.0,401843350,2026-05-25 15:00:00,2026
Sandefjord,12.0,2.0,0.0,0.0,6.0,6.0,41.9,9.0,3.0,0.3,0.0,0.0,0.0,0.0,0.0,0.0,0.0,0.0,0.0,0.0,0.0,5.0,0.0,0.0,0.0,0.0,0.0,0.0,Fredrikstad,12.0,3.0,0.0,0.0,5.0,1.0,58.1,19.0,7.0,0.4,0.0,0.0,0.0,0.0,0.0,0.0,0.0,0.0,0.0,0.0,0.0,6.0,0.0,0.0,0.0,0.0,0.0,0.0,401843352,2026-05-25 17:15:00,2026
Vålerenga,12.0,1.0,0.0,0.0,5.0,3.0,52.3,20.0,9.0,0.5,0.0,0.0,415.0,495.0,0.8,0.0,0.0,0.0,0.0,0.0,0.0,3.0,20.0,28.0,0.7,0.0,0.0,32.0,Kristiansund BK,7.0,1.0,0.0,0.0,6.0,6.0,47.7,11.0,4.0,0.4,0.0,0.0,367.0,448.0,0.8,0.0,0.0,0.0,0.0,0.0,0.0,4.0,4.0,8.0,0.5,0.0,0.0,21.0,401843363,2026-05-29 17:00:00,2026
Rosenborg,16.0,2.0,0.0,2.0,0.0,1.0,40.9,9.0,3.0,0.3,0.0,0.0,305.0,382.0,0.8,0.0,0.0,0.0,0.0,0.0,0.0,3.0,7.0,11.0,0.6,0.0,0.0,35.0,Bodo/Glimt,13.0,1.0,0.0,1.0,6.0,1.0,59.1,14.0,3.0,0.2,0.0,0.0,463.0,542.0,0.9,0.0,0.0,0.0,0.0,0.0,0.0,3.0,17.0,24.0,0.7,0.0,0.0,15.0,401843365,2026-05-29 17:00:00,2026
Fredrikstad,15.0,1.0,0.0,2.0,2.0,3.0,62.2,15.0,5.0,0.3,0.0,0.0,484.0,591.0,0.8,0.0,0.0,0.0,0.0,0.0,0.0,4.0,8.0,11.0,0.7,0.0,0.0,23.0,IK Start,10.0,1.0,1.0,0.0,1.0,3.0,37.8,11.0,4.0,0.4,0.0,0.0,260.0,363.0,0.7,0.0,0.0,0.0,0.0,0.0,0.0,1.0,12.0,18.0,0.7,0.0,0.0,34.0,401843360,2026-05-29 17:00:00,2026
Aalesund,9.0,2.0,0.0,0.0,8.0,4.0,42.9,17.0,7.0,0.4,0.0,0.0,299.0,359.0,0.8,0.0,0.0,0.0,0.0,0.0,0.0,7.0,8.0,11.0,0.7,0.0,0.0,33.0,Hamarkameratene,10.0,0.0,0.0,1.0,4.0,6.0,57.1,15.0,6.0,0.4,0.0,0.0,403.0,486.0,0.8,0.0,0.0,0.0,0.0,0.0,0.0,6.0,11.0,14.0,0.8,0.0,0.0,18.0,401843358,2026-05-29 17:00:00,2026
KFUM Oslo,15.0,1.0,0.0,0.0,3.0,3.0,40.3,5.0,1.0,0.2,0.0,0.0,314.0,401.0,0.8,0.0,0.0,0.0,0.0,0.0,0.0,2.0,11.0,12.0,0.9,0.0,0.0,34.0,Tromso,9.0,1.0,0.0,0.0,5.0,1.0,59.7,13.0,3.0,0.2,0.0,0.0,510.0,594.0,0.9,0.0,0.0,0.0,0.0,0.0,0.0,3.0,5.0,13.0,0.4,0.0,0.0,11.0,401843364,2026-05-29 17:00:00,2026
SK Brann,6.0,2.0,0.0,2.0,8.0,2.0,69.0,10.0,4.0,0.4,0.0,0.0,487.0,589.0,0.8,0.0,0.0,0.0,0.0,0.0,0.0,5.0,14.0,18.0,0.8,0.0,0.0,30.0,Sarpsborg FK,8.0,2.0,0.0,3.0,5.0,3.0,31.0,11.0,4.0,0.4,0.0,0.0,163.0,258.0,0.6,0.0,0.0,0.0,0.0,0.0,0.0,3.0,20.0,29.0,0.7,0.0,0.0,31.0,401843359,2026-05-29 17:00:00,2026
Molde,13.0,1.0,0.0,1.0,6.0,3.0,50.7,14.0,5.0,0.4,0.0,0.0,385.0,477.0,0.8,0.0,0.0,0.0,0.0,0.0,0.0,5.0,10.0,17.0,0.6,0.0,0.0,23.0,Sandefjord,11.0,3.0,0.0,2.0,10.0,3.0,49.3,16.0,4.0,0.3,0.0,0.0,378.0,450.0,0.8,0.0,0.0,0.0,0.0,0.0,0.0,5.0,10.0,13.0,0.8,0.0,0.0,27.0,401843361,2026-05-30 14:00:00,2026
Fredrikstad,7.0,3.0,0.0,4.0,8.0,2.0,61.2,14.0,1.0,0.1,0.0,0.0,540.0,622.0,0.9,0.0,0.0,0.0,0.0,0.0,0.0,7.0,9.0,14.0,0.6,0.0,0.0,13.0,Lillestrom,10.0,1.0,0.0,1.0,3.0,1.0,38.8,10.0,4.0,0.4,0.0,0.0,324.0,401.0,0.8,0.0,0.0,0.0,0.0,0.0,0.0,3.0,12.0,22.0,0.5,0.0,0.0,43.0,401873906,2026-07-11 12:00:00,2026
Aalesund,18.0,1.0,0.0,4.0,2.0,7.0,46.1,9.0,4.0,0.4,0.0,0.0,330.0,405.0,0.8,0.0,0.0,0.0,0.0,0.0,0.0,4.0,10.0,18.0,0.6,0.0,0.0,23.0,Molde,11.0,3.0,0.0,0.0,7.0,2.0,53.9,20.0,8.0,0.4,0.0,0.0,393.0,472.0,0.8,0.0,0.0,0.0,0.0,0.0,0.0,5.0,10.0,12.0,0.8,0.0,0.0,25.0,401873915,2026-07-11 14:00:00,2026
Tromso,10.0,1.0,0.0,1.0,4.0,3.0,38.2,13.0,8.0,0.6,0.0,0.0,329.0,407.0,0.8,0.0,0.0,0.0,0.0,0.0,0.0,1.0,11.0,18.0,0.6,0.0,0.0,36.0,Vålerenga,10.0,1.0,0.0,2.0,7.0,4.0,61.8,17.0,3.0,0.2,0.0,0.0,556.0,639.0,0.9,0.0,0.0,0.0,0.0,0.0,0.0,8.0,13.0,16.0,0.8,0.0,0.0,14.0,401873909,2026-07-11 16:00:00,2026
KFUM Oslo,10.0,1.0,0.0,1.0,6.0,3.0,48.2,11.0,2.0,0.2,0.0,0.0,345.0,422.0,0.8,0.0,0.0,0.0,0.0,0.0,0.0,5.0,12.0,16.0,0.8,0.0,0.0,24.0,Bodo/Glimt,9.0,0.0,0.0,2.0,4.0,2.0,51.8,14.0,6.0,0.4,0.0,0.0,387.0,469.0,0.8,0.0,0.0,0.0,0.0,0.0,0.0,1.0,4.0,10.0,0.4,0.0,0.0,26.0,401843377,2026-07-12 12:30:00,2026
Sandefjord,16.0,1.0,1.0,0.0,4.0,1.0,46.3,13.0,3.0,0.2,0.0,0.0,358.0,421.0,0.9,0.0,0.0,0.0,0.0,0.0,0.0,7.0,9.0,11.0,0.8,0.0,0.0,34.0,Hamarkameratene,17.0,2.0,0.0,0.0,7.0,1.0,53.7,13.0,3.0,0.2,0.0,0.0,409.0,472.0,0.9,0.0,0.0,0.0,0.0,0.0,0.0,6.0,4.0,9.0,0.4,0.0,0.0,23.0,401843375,2026-07-12 15:00:00,2026
SK Brann,9.0,1.0,0.0,1.0,4.0,2.0,64.3,15.0,4.0,0.3,0.0,0.0,488.0,591.0,0.8,0.0,0.0,0.0,0.0,0.0,0.0,4.0,15.0,20.0,0.8,0.0,0.0,19.0,IK Start,13.0,1.0,0.0,1.0,3.0,2.0,35.7,17.0,3.0,0.2,0.0,0.0,220.0,334.0,0.7,0.0,0.0,0.0,0.0,0.0,0.0,5.0,20.0,31.0,0.6,0.0,0.0,23.0,401843379,2026-07-12 15:00:00,2026
Rosenborg,14.0,0.0,0.0,0.0,8.0,2.0,69.0,17.0,9.0,0.5,0.0,0.0,544.0,623.0,0.9,0.0,0.0,0.0,0.0,0.0,0.0,3.0,11.0,17.0,0.6,0.0,0.0,29.0,Kristiansund BK,22.0,1.0,0.0,4.0,7.0,6.0,31.0,13.0,2.0,0.2,0.0,0.0,200.0,268.0,0.7,0.0,0.0,0.0,0.0,0.0,0.0,7.0,11.0,18.0,0.6,0.0,0.0,27.0,401843376,2026-07-12 15:00:00,2026
Sarpsborg FK,6.0,0.0,0.0,1.0,3.0,2.0,40.4,18.0,6.0,0.3,0.0,0.0,320.0,410.0,0.8,0.0,0.0,0.0,0.0,0.0,0.0,7.0,10.0,17.0,0.6,0.0,0.0,45.0,Viking FK,9.0,2.0,0.0,2.0,5.0,4.0,59.6,12.0,3.0,0.3,0.0,0.0,496.0,580.0,0.9,0.0,0.0,0.0,0.0,0.0,0.0,6.0,12.0,14.0,0.9,0.0,0.0,20.0,401843374,2026-07-12 17:15:00,2026
Vålerenga,7.0,0.0,0.0,1.0,8.0,5.0,46.4,22.0,10.0,0.5,0.0,0.0,330.0,406.0,0.8,0.0,0.0,0.0,0.0,0.0,0.0,3.0,15.0,25.0,0.6,0.0,0.0,25.0,Aalesund,5.0,0.0,0.0,0.0,7.0,4.0,53.6,18.0,6.0,0.3,0.0,0.0,375.0,468.0,0.8,0.0,0.0,0.0,0.0,0.0,0.0,3.0,11.0,13.0,0.8,0.0,0.0,24.0,401873893,2026-07-16 17:00:00,2026
Bodo/Glimt,7.0,1.0,0.0,1.0,12.0,0.0,65.9,19.0,5.0,0.3,0.0,0.0,682.0,762.0,0.9,0.0,0.0,0.0,0.0,0.0,0.0,11.0,8.0,18.0,0.4,0.0,0.0,2.0,Fredrikstad,14.0,4.0,0.0,0.0,0.0,4.0,34.1,2.0,0.0,0.0,0.0,0.0,328.0,396.0,0.8,0.0,0.0,0.0,0.0,0.0,0.0,0.0,10.0,16.0,0.6,0.0,0.0,45.0,401873917,2026-07-17 17:15:00,2026
Hamarkameratene,11.0,0.0,0.0,3.0,1.0,3.0,37.3,6.0,2.0,0.3,0.0,0.0,306.0,387.0,0.8,0.0,0.0,0.0,0.0,0.0,0.0,1.0,8.0,12.0,0.7,0.0,0.0,27.0,Tromso,13.0,0.0,0.0,2.0,5.0,1.0,62.7,23.0,7.0,0.3,0.0,0.0,562.0,656.0,0.9,0.0,0.0,0.0,0.0,0.0,0.0,8.0,12.0,20.0,0.6,0.0,0.0,10.0,401843383,2026-07-18 12:00:00,2026
Lillestrom,9.0,0.0,0.0,1.0,5.0,3.0,54.1,6.0,4.0,0.7,0.0,0.0,448.0,555.0,0.8,0.0,0.0,0.0,0.0,0.0,0.0,1.0,12.0,17.0,0.7,0.0,0.0,37.0,KFUM Oslo,13.0,4.0,0.0,1.0,4.0,2.0,45.9,8.0,3.0,0.4,0.0,0.0,340.0,454.0,0.7,0.0,0.0,0.0,0.0,0.0,0.0,1.0,18.0,22.0,0.8,0.0,0.0,25.0,401843388,2026-07-18 14:00:00,2026
IK Start,15.0,2.0,0.0,1.0,5.0,3.0,45.2,14.0,3.0,0.2,0.0,0.0,220.0,309.0,0.7,0.0,0.0,0.0,0.0,0.0,0.0,1.0,14.0,19.0,0.7,0.0,0.0,20.0,Rosenborg,15.0,2.0,0.0,2.0,3.0,3.0,54.8,9.0,6.0,0.7,0.0,0.0,313.0,398.0,0.8,0.0,0.0,0.0,0.0,0.0,0.0,0.0,12.0,16.0,0.8,0.0,0.0,31.0,401843386,2026-07-18 14:00:00,2026
Kristiansund BK,15.0,2.0,0.0,5.0,4.0,2.0,44.0,11.0,2.0,0.2,0.0,0.0,324.0,387.0,0.8,0.0,0.0,0.0,0.0,0.0,0.0,4.0,11.0,15.0,0.7,0.0,0.0,25.0,Sarpsborg FK,17.0,2.0,0.0,1.0,8.0,2.0,56.0,10.0,2.0,0.2,0.0,0.0,402.0,491.0,0.8,0.0,0.0,0.0,0.0,0.0,0.0,5.0,11.0,17.0,0.6,0.0,0.0,20.0,401843389,2026-07-18 14:00:00,2026
Molde,13.0,4.0,0.0,0.0,6.0,0.0,47.0,15.0,2.0,0.1,0.0,0.0,420.0,502.0,0.8,0.0,0.0,0.0,0.0,0.0,0.0,4.0,11.0,21.0,0.5,0.0,0.0,9.0,SK Brann,15.0,1.0,0.0,3.0,4.0,2.0,53.0,9.0,2.0,0.2,0.0,0.0,487.0,578.0,0.8,0.0,0.0,0.0,0.0,0.0,0.0,4.0,18.0,28.0,0.6,0.0,0.0,30.0,401843387,2026-07-18 16:00:00,2026
Viking FK,22.0,3.0,0.0,3.0,6.0,1.0,45.2,18.0,6.0,0.3,0.0,0.0,306.0,395.0,0.8,0.0,0.0,0.0,0.0,0.0,0.0,5.0,10.0,16.0,0.6,0.0,0.0,24.0,Sandefjord,10.0,3.0,0.0,0.0,5.0,4.0,54.8,9.0,2.0,0.2,0.0,0.0,391.0,488.0,0.8,0.0,0.0,0.0,0.0,0.0,0.0,4.0,7.0,10.0,0.7,0.0,0.0,20.0,401843385,2026-07-18 16:00:00,2026
Bodo/Glimt,7.0,0.0,0.0,3.0,10.0,1.0,70.5,21.0,9.0,0.4,0.0,0.0,733.0,805.0,0.9,0.0,0.0,0.0,0.0,0.0,0.0,5.0,9.0,12.0,0.8,0.0,0.0,11.0,Hamarkameratene,12.0,1.0,0.0,0.0,1.0,6.0,29.5,1.0,1.0,1.0,0.0,0.0,263.0,339.0,0.8,0.0,0.0,0.0,0.0,0.0,0.0,0.0,11.0,13.0,0.8,0.0,0.0,29.0,401873902,2026-07-22 17:00:00,2026
Lillestrom,17.0,2.0,0.0,0.0,3.0,4.0,53.3,11.0,1.0,0.1,0.0,0.0,396.0,508.0,0.8,0.0,0.0,0.0,0.0,0.0,0.0,5.0,10.0,14.0,0.7,0.0,0.0,30.0,Viking FK,20.0,4.0,0.0,1.0,9.0,0.0,46.7,11.0,6.0,0.5,0.0,0.0,333.0,433.0,0.8,0.0,0.0,0.0,0.0,0.0,0.0,1.0,12.0,17.0,0.7,0.0,0.0,18.0,401843362,2026-07-22 17:00:00,2026
Kristiansund BK,11.0,3.0,1.0,0.0,3.0,3.0,43.4,7.0,2.0,0.3,0.0,0.0,256.0,333.0,0.8,0.0,0.0,0.0,0.0,0.0,0.0,2.0,4.0,12.0,0.3,0.0,0.0,39.0,IK Start,14.0,2.0,0.0,1.0,6.0,1.0,56.6,21.0,5.0,0.2,0.0,0.0,343.0,422.0,0.8,0.0,0.0,0.0,0.0,0.0,0.0,2.0,8.0,14.0,0.6,0.0,0.0,20.0,401873924,2026-07-25 14:00:00,2026
SK Brann,10.0,0.0,0.0,3.0,10.0,9.0,71.2,16.0,7.0,0.4,0.0,0.0,533.0,640.0,0.8,0.0,0.0,0.0,0.0,0.0,0.0,6.0,9.0,15.0,0.6,0.0,0.0,9.0,Vålerenga,24.0,4.0,1.0,4.0,6.0,5.0,28.8,18.0,12.0,0.7,0.0,0.0,171.0,259.0,0.7,0.0,0.0,0.0,0.0,0.0,0.0,3.0,11.0,20.0,0.6,0.0,0.0,49.0,401843394,2026-07-26 12:30:00,2026
Sarpsborg FK,19.0,3.0,0.0,1.0,4.0,3.0,38.1,13.0,4.0,0.3,0.0,0.0,247.0,322.0,0.8,0.0,0.0,0.0,0.0,0.0,0.0,3.0,11.0,18.0,0.6,0.0,0.0,39.0,Hamarkameratene,9.0,3.0,0.0,0.0,3.0,3.0,61.9,14.0,3.0,0.2,0.0,0.0,448.0,519.0,0.9,0.0,0.0,0.0,0.0,0.0,0.0,2.0,2.0,6.0,0.3,0.0,0.0,11.0,401843396,2026-07-26 15:00:00,2026
Sandefjord,11.0,3.0,0.0,2.0,2.0,5.0,34.3,7.0,1.0,0.0,0.0,0.0,298.0,358.0,0.8,0.0,0.0,0.0,0.0,0.0,0.0,2.0,8.0,11.0,0.7,0.0,0.0,26.0,Bodo/Glimt,12.0,1.0,0.0,2.0,6.0,1.0,65.7,15.0,8.0,0.5,0.0,0.0,623.0,692.0,0.9,0.0,0.0,0.0,0.0,0.0,0.0,1.0,13.0,14.0,0.9,0.0,0.0,14.0,401843390,2026-07-26 15:00:00,2026
KFUM Oslo,8.0,3.0,0.0,2.0,3.0,5.0,34.4,8.0,4.0,0.5,0.0,0.0,185.0,279.0,0.7,0.0,0.0,0.0,0.0,0.0,0.0,2.0,11.0,21.0,0.5,0.0,0.0,27.0,Molde,10.0,3.0,0.0,4.0,9.0,2.0,65.6,19.0,9.0,0.5,0.0,0.0,451.0,544.0,0.8,0.0,0.0,0.0,0.0,0.0,0.0,2.0,15.0,18.0,0.8,0.0,0.0,14.0,401843393,2026-07-26 15:00:00,2026
Aalesund,18.0,3.0,0.0,3.0,4.0,6.0,39.2,18.0,7.0,0.4,0.0,0.0,256.0,341.0,0.8,0.0,0.0,0.0,0.0,0.0,0.0,4.0,9.0,16.0,0.6,0.0,0.0,40.0,Viking FK,8.0,4.0,0.0,1.0,10.0,6.0,60.8,21.0,7.0,0.3,0.0,0.0,430.0,523.0,0.8,0.0,0.0,0.0,0.0,0.0,0.0,5.0,9.0,13.0,0.7,0.0,0.0,17.0,401843395,2026-07-26 17:15:00,2026
Rosenborg,15.0,1.0,0.0,2.0,10.0,4.0,54.8,23.0,10.0,0.4,0.0,0.0,506.0,584.0,0.9,0.0,0.0,0.0,0.0,0.0,0.0,5.0,10.0,18.0,0.6,0.0,0.0,14.0,Fredrikstad,9.0,0.0,0.0,0.0,3.0,6.0,45.2,7.0,4.0,0.6,0.0,0.0,398.0,492.0,0.8,0.0,0.0,0.0,0.0,0.0,0.0,1.0,15.0,26.0,0.6,0.0,0.0,22.0,401873927,2026-07-27 17:00:00,2026
Vålerenga,18.0,3.0,1.0,1.0,3.0,3.0,37.6,14.0,5.0,0.4,0.0,0.0,244.0,328.0,0.7,0.0,0.0,0.0,0.0,0.0,0.0,2.0,13.0,20.0,0.7,0.0,0.0,16.0,Hamarkameratene,23.0,1.0,0.0,3.0,3.0,5.0,62.4,14.0,7.0,0.5,0.0,0.0,469.0,547.0,0.9,0.0,0.0,0.0,0.0,0.0,0.0,2.0,5.0,7.0,0.7,0.0,0.0,14.0,401873908,2026-07-31 17:00:00,2026
Bodo/Glimt,11.0,0.0,0.0,1.0,10.0,2.0,58.0,12.0,7.0,0.6,0.0,0.0,546.0,613.0,0.9,0.0,0.0,0.0,0.0,0.0,0.0,1.0,8.0,11.0,0.7,0.0,0.0,16.0,Lillestrom,16.0,2.0,0.0,3.0,2.0,4.0,42.0,6.0,1.0,0.2,0.0,0.0,378.0,452.0,0.8,0.0,0.0,0.0,0.0,0.0,0.0,1.0,9.0,12.0,0.8,0.0,0.0,35.0,401873907,2026-07-31 19:00:00,2026
Fredrikstad,13.0,1.0,0.0,2.0,6.0,2.0,38.5,15.0,5.0,0.3,0.0,0.0,312.0,383.0,0.8,0.0,0.0,0.0,0.0,0.0,0.0,3.0,8.0,13.0,0.6,0.0,0.0,16.0,Sandefjord,7.0,0.0,0.0,3.0,5.0,4.0,61.5,15.0,2.0,0.1,0.0,0.0,546.0,619.0,0.9,0.0,0.0,0.0,0.0,0.0,0.0,7.0,11.0,13.0,0.8,0.0,0.0,20.0,401873925,2026-08-01 14:00:00,2026
IK Start,12.0,2.0,0.0,1.0,6.0,2.0,47.8,26.0,5.0,0.2,0.0,0.0,327.0,408.0,0.8,0.0,0.0,0.0,0.0,0.0,0.0,8.0,5.0,8.0,0.6,0.0,0.0,23.0,Viking FK,11.0,3.0,0.0,2.0,5.0,5.0,52.2,12.0,7.0,0.6,0.0,0.0,364.0,452.0,0.8,0.0,0.0,0.0,0.0,0.0,0.0,2.0,10.0,14.0,0.7,0.0,0.0,47.0,401873931,2026-08-01 16:00:00,2026
KFUM Oslo,9.0,0.0,0.0,1.0,3.0,4.0,41.8,14.0,6.0,0.4,0.0,0.0,297.0,390.0,0.8,0.0,0.0,0.0,0.0,0.0,0.0,3.0,17.0,24.0,0.7,0.0,0.0,26.0,Kristiansund BK,11.0,1.0,0.0,3.0,3.0,4.0,58.2,16.0,5.0,0.3,0.0,0.0,456.0,538.0,0.8,0.0,0.0,0.0,0.0,0.0,0.0,5.0,10.0,13.0,0.8,0.0,0.0,28.0,401843398,2026-08-02 15:00:00,2026
Molde,14.0,1.0,0.0,2.0,5.0,2.0,63.4,19.0,9.0,0.5,0.0,0.0,607.0,702.0,0.9,0.0,0.0,0.0,0.0,0.0,0.0,5.0,20.0,28.0,0.7,0.0,0.0,22.0,Sarpsborg FK,6.0,1.0,0.0,0.0,4.0,6.0,36.6,14.0,4.0,0.3,0.0,0.0,307.0,396.0,0.8,0.0,0.0,0.0,0.0,0.0,0.0,3.0,12.0,19.0,0.6,0.0,0.0,19.0,401843397,2026-08-02 15:00:00,2026
Aalesund,14.0,0.0,0.0,1.0,9.0,2.0,53.3,24.0,3.0,0.1,0.0,0.0,414.0,488.0,0.8,0.0,0.0,0.0,0.0,0.0,0.0,9.0,8.0,10.0,0.8,0.0,0.0,10.0,Tromso,14.0,1.0,0.0,1.0,4.0,2.0,46.7,12.0,7.0,0.6,0.0,0.0,364.0,452.0,0.8,0.0,0.0,0.0,0.0,0.0,0.0,2.0,10.0,16.0,0.6,0.0,0.0,24.0,401843402,2026-08-02 15:00:00,2026
SK Brann,10.0,2.0,0.0,0.0,5.0,4.0,51.7,12.0,5.0,0.4,0.0,0.0,333.0,434.0,0.8,0.0,0.0,0.0,0.0,0.0,0.0,3.0,22.0,27.0,0.8,0.0,0.0,45.0,Rosenborg,9.0,3.0,0.0,0.0,12.0,2.0,48.3,14.0,7.0,0.5,0.0,0.0,286.0,393.0,0.7,0.0,0.0,0.0,0.0,0.0,0.0,3.0,16.0,24.0,0.7,0.0,0.0,15.0,401843400,2026-08-02 17:15:00,2026
Sandefjord,11.0,2.0,1.0,1.0,5.0,6.0,50.4,19.0,4.0,0.2,0.0,0.0,367.0,456.0,0.8,0.0,0.0,0.0,0.0,0.0,0.0,7.0,11.0,16.0,0.7,0.0,0.0,14.0,KFUM Oslo,19.0,3.0,0.0,2.0,6.0,4.0,49.6,16.0,7.0,0.4,0.0,0.0,378.0,454.0,0.8,0.0,0.0,0.0,0.0,0.0,0.0,6.0,12.0,14.0,0.9,0.0,0.0,29.0,401873918,2026-08-07 17:00:00,2026
Vålerenga,12.0,1.0,0.0,3.0,8.0,2.0,38.8,15.0,3.0,0.2,0.0,0.0,296.0,365.0,0.8,0.0,0.0,0.0,0.0,0.0,0.0,4.0,21.0,29.0,0.7,0.0,0.0,29.0,Bodo/Glimt,9.0,0.0,0.0,0.0,8.0,2.0,61.2,14.0,4.0,0.3,0.0,0.0,530.0,596.0,0.9,0.0,0.0,0.0,0.0,0.0,0.0,1.0,6.0,15.0,0.4,0.0,0.0,34.0,401873916,2026-08-08 12:00:00,2026
Viking FK,9.0,2.0,0.0,2.0,11.0,2.0,50.1,17.0,8.0,0.5,0.0,0.0,342.0,413.0,0.8,0.0,0.0,0.0,0.0,0.0,0.0,7.0,8.0,11.0,0.7,0.0,0.0,25.0,Sarpsborg FK,11.0,3.0,0.0,1.0,8.0,6.0,49.9,25.0,3.0,0.1,0.0,0.0,346.0,419.0,0.8,0.0,0.0,0.0,0.0,0.0,0.0,6.0,3.0,9.0,0.3,0.0,0.0,37.0,401873929,2026-08-08 14:00:00,2026
IK Start,8.0,0.0,0.0,2.0,6.0,2.0,48.9,13.0,2.0,0.2,0.0,0.0,364.0,468.0,0.8,0.0,0.0,0.0,0.0,0.0,0.0,3.0,20.0,26.0,0.8,0.0,0.0,18.0,Fredrikstad,5.0,0.0,0.0,1.0,4.0,2.0,51.1,14.0,4.0,0.3,0.0,0.0,411.0,518.0,0.8,0.0,0.0,0.0,0.0,0.0,0.0,4.0,14.0,15.0,0.9,0.0,0.0,37.0,401843406,2026-08-08 16:00:00,2026
Lillestrom,16.0,1.0,0.0,1.0,8.0,6.0,55.2,18.0,4.0,0.2,0.0,0.0,345.0,450.0,0.8,0.0,0.0,0.0,0.0,0.0,0.0,10.0,11.0,25.0,0.4,0.0,0.0,17.0,Rosenborg,26.0,6.0,0.0,1.0,6.0,4.0,44.8,16.0,8.0,0.5,0.0,0.0,276.0,367.0,0.8,0.0,0.0,0.0,0.0,0.0,0.0,1.0,18.0,25.0,0.7,0.0,0.0,21.0,401873928,2026-08-09 12:30:00,2026
Hamarkameratene,10.0,2.0,0.0,1.0,8.0,1.0,59.2,13.0,6.0,0.5,0.0,0.0,414.0,496.0,0.8,0.0,0.0,0.0,0.0,0.0,0.0,2.0,11.0,15.0,0.7,0.0,0.0,25.0,Aalesund,11.0,1.0,0.0,2.0,4.0,6.0,40.8,10.0,2.0,0.2,0.0,0.0,244.0,341.0,0.7,0.0,0.0,0.0,0.0,0.0,0.0,4.0,10.0,16.0,0.6,0.0,0.0,43.0,401843410,2026-08-09 15:00:00,2026
Kristiansund BK,11.0,2.0,0.0,2.0,1.0,9.0,31.5,10.0,2.0,0.2,0.0,0.0,201.0,278.0,0.7,0.0,0.0,0.0,0.0,0.0,0.0,1.0,7.0,15.0,0.5,0.0,0.0,41.0,Molde,10.0,3.0,0.0,2.0,12.0,0.0,68.5,30.0,10.0,0.3,0.0,0.0,516.0,593.0,0.9,0.0,0.0,0.0,0.0,0.0,0.0,5.0,13.0,19.0,0.7,0.0,0.0,8.0,401843409,2026-08-09 17:15:00,2026
Rosenborg,17.0,0.0,0.0,1.0,9.0,1.0,54.8,18.0,7.0,0.4,0.0,0.0,400.0,487.0,0.8,0.0,0.0,0.0,0.0,0.0,0.0,6.0,10.0,12.0,0.8,0.0,0.0,11.0,Viking FK,10.0,0.0,0.0,2.0,6.0,5.0,45.2,6.0,1.0,0.2,0.0,0.0,313.0,398.0,0.8,0.0,0.0,0.0,0.0,0.0,0.0,0.0,12.0,16.0,0.8,0.0,0.0,41.0,401873930,2026-08-14 17:00:00,2026
KFUM Oslo,12.0,1.0,0.0,0.0,3.0,3.0,33.2,9.0,3.0,0.3,0.0,0.0,242.0,332.0,0.7,0.0,0.0,0.0,0.0,0.0,0.0,4.0,17.0,23.0,0.7,0.0,0.0,35.0,Lillestrom,13.0,3.0,0.0,3.0,7.0,2.0,66.8,15.0,4.0,0.3,0.0,0.0,573.0,673.0,0.9,0.0,0.0,0.0,0.0,0.0,0.0,5.0,12.0,15.0,0.8,0.0,0.0,12.0,401873910,2026-08-15 14:00:00,2026
Aalesund,11.0,0.0,0.0,1.0,10.0,5.0,31.5,24.0,8.0,0.3,0.0,0.0,193.0,284.0,0.7,0.0,0.0,0.0,0.0,0.0,0.0,7.0,19.0,23.0,0.8,0.0,0.0,31.0,Vålerenga,10.0,1.0,0.0,3.0,5.0,2.0,68.5,22.0,10.0,0.5,0.0,0.0,530.0,628.0,0.8,0.0,0.0,0.0,0.0,0.0,0.0,5.0,18.0,25.0,0.7,0.0,0.0,27.0,401843418,2026-08-16 12:30:00,2026
Sarpsborg FK,12.0,1.0,0.0,3.0,4.0,8.0,54.8,20.0,6.0,0.3,0.0,0.0,380.0,474.0,0.8,0.0,0.0,0.0,0.0,0.0,0.0,7.0,15.0,17.0,0.9,0.0,0.0,23.0,Sandefjord,12.0,4.0,0.0,1.0,6.0,5.0,45.2,18.0,9.0,0.5,0.0,0.0,319.0,395.0,0.8,0.0,0.0,0.0,0.0,0.0,0.0,2.0,15.0,23.0,0.7,0.0,0.0,37.0,401843412,2026-08-16 15:00:00,2026
Molde,16.0,4.0,0.0,3.0,3.0,1.0,54.8,13.0,4.0,0.3,0.0,0.0,522.0,614.0,0.9,0.0,0.0,0.0,0.0,0.0,0.0,4.0,12.0,19.0,0.6,0.0,0.0,2.0,Tromso,12.0,1.0,0.0,1.0,2.0,1.0,45.2,7.0,3.0,0.4,0.0,0.0,413.0,508.0,0.8,0.0,0.0,0.0,0.0,0.0,0.0,1.0,16.0,19.0,0.8,0.0,0.0,22.0,401843414,2026-08-16 15:00:00,2026
SK Brann,10.0,1.0,0.0,2.0,10.0,0.0,70.1,31.0,13.0,0.4,0.0,0.0,555.0,647.0,0.9,0.0,0.0,0.0,0.0,0.0,0.0,9.0,8.0,15.0,0.5,0.0,0.0,9.0,Hamarkameratene,12.0,1.0,1.0,0.0,1.0,10.0,29.9,4.0,0.0,0.0,0.0,0.0,202.0,281.0,0.7,0.0,0.0,0.0,0.0,0.0,0.0,2.0,14.0,18.0,0.8,0.0,0.0,48.0,401843417,2026-08-16 15:00:00,2026
Fredrikstad,7.0,1.0,0.0,1.0,2.0,2.0,46.2,10.0,4.0,0.4,0.0,0.0,398.0,477.0,0.8,0.0,0.0,0.0,0.0,0.0,0.0,0.0,10.0,12.0,0.8,0.0,0.0,35.0,Kristiansund BK,15.0,3.0,0.0,2.0,10.0,3.0,53.8,18.0,3.0,0.2,0.0,0.0,467.0,542.0,0.9,0.0,0.0,0.0,0.0,0.0,0.0,9.0,7.0,13.0,0.5,0.0,0.0,14.0,401843416,2026-08-16 17:15:00,2026
Bodo/Glimt,4.0,1.0,0.0,1.0,12.0,1.0,53.8,26.0,7.0,0.3,0.0,0.0,520.0,579.0,0.9,0.0,0.0,0.0,0.0,0.0,0.0,7.0,8.0,14.0,0.6,0.0,0.0,11.0,Rosenborg,13.0,1.0,0.0,1.0,2.0,3.0,46.2,11.0,3.0,0.3,0.0,0.0,440.0,517.0,0.9,0.0,0.0,0.0,0.0,0.0,0.0,2.0,10.0,12.0,0.8,0.0,0.0,29.0,401843426,2026-08-30 12:30:00,2026
Sandefjord,19.0,2.0,0.0,1.0,5.0,4.0,47.6,20.0,5.0,0.3,0.0,0.0,361.0,439.0,0.8,0.0,0.0,0.0,0.0,0.0,0.0,6.0,8.0,11.0,0.7,0.0,0.0,16.0,SK Brann,20.0,3.0,0.0,1.0,3.0,5.0,52.4,13.0,4.0,0.3,0.0,0.0,395.0,486.0,0.8,0.0,0.0,0.0,0.0,0.0,0.0,3.0,13.0,17.0,0.8,0.0,0.0,17.0,401843422,2026-08-30 15:00:00,2026
Vålerenga,10.0,3.0,0.0,1.0,5.0,5.0,49.4,21.0,5.0,0.2,0.0,0.0,390.0,488.0,0.8,0.0,0.0,0.0,0.0,0.0,0.0,9.0,16.0,21.0,0.8,0.0,0.0,27.0,Molde,9.0,2.0,0.0,2.0,2.0,2.0,50.6,14.0,9.0,0.6,0.0,0.0,418.0,506.0,0.8,0.0,0.0,0.0,0.0,0.0,0.0,1.0,6.0,9.0,0.7,0.0,0.0,41.0,401873904,2026-08-30 15:00:00,2026
Viking FK,5.0,1.0,0.0,4.0,14.0,2.0,55.5,22.0,6.0,0.3,0.0,0.0,347.0,443.0,0.8,0.0,0.0,0.0,0.0,0.0,0.0,4.0,12.0,17.0,0.7,0.0,0.0,16.0,Aalesund,14.0,4.0,0.0,2.0,3.0,4.0,44.5,9.0,4.0,0.4,0.0,0.0,286.0,374.0,0.8,0.0,0.0,0.0,0.0,0.0,0.0,0.0,8.0,11.0,0.7,0.0,0.0,50.0,401873919,2026-08-30 15:00:00,2026
Hamarkameratene,17.0,2.0,0.0,3.0,9.0,3.0,58.4,12.0,5.0,0.4,0.0,0.0,388.0,475.0,0.8,0.0,0.0,0.0,0.0,0.0,0.0,1.0,7.0,11.0,0.6,0.0,0.0,21.0,Kristiansund BK,13.0,1.0,0.0,0.0,4.0,3.0,41.6,19.0,5.0,0.3,0.0,0.0,268.0,349.0,0.8,0.0,0.0,0.0,0.0,0.0,0.0,6.0,8.0,10.0,0.8,0.0,0.0,42.0,401843424,2026-08-30 15:00:00,2026
IK Start,11.0,4.0,0.0,1.0,6.0,0.0,44.4,19.0,7.0,0.4,0.0,0.0,321.0,409.0,0.8,0.0,0.0,0.0,0.0,0.0,0.0,4.0,18.0,23.0,0.8,0.0,0.0,31.0,KFUM Oslo,12.0,2.0,1.0,0.0,7.0,3.0,55.6,9.0,1.0,0.1,0.0,0.0,402.0,503.0,0.8,0.0,0.0,0.0,0.0,0.0,0.0,3.0,7.0,13.0,0.5,0.0,0.0,16.0,401843421,2026-08-30 15:00:00,2026
Tromso,11.0,2.0,0.0,2.0,5.0,2.0,50.7,15.0,7.0,0.5,0.0,0.0,453.0,540.0,0.8,0.0,0.0,0.0,0.0,0.0,0.0,2.0,11.0,16.0,0.7,0.0,0.0,20.0,Sarpsborg FK,6.0,1.0,0.0,0.0,3.0,7.0,49.3,5.0,2.0,0.4,0.0,0.0,442.0,535.0,0.8,0.0,0.0,0.0,0.0,0.0,0.0,2.0,8.0,15.0,0.5,0.0,0.0,35.0,401843420,2026-08-30 15:00:00,2026
Lillestrom,10.0,2.0,0.0,5.0,10.0,5.0,54.0,18.0,5.0,0.3,0.0,0.0,423.0,523.0,0.8,0.0,0.0,0.0,0.0,0.0,0.0,5.0,12.0,17.0,0.7,0.0,0.0,11.0,Fredrikstad,8.0,1.0,0.0,1.0,3.0,4.0,46.0,13.0,9.0,0.7,0.0,0.0,362.0,458.0,0.8,0.0,0.0,0.0,0.0,0.0,0.0,1.0,18.0,24.0,0.8,0.0,0.0,24.0,401843423,2026-08-30 17:15:00,2026
Aalesund,9.0,2.0,0.0,0.0,7.0,5.0,46.0,24.0,12.0,0.5,0.0,0.0,341.0,449.0,0.8,0.0,0.0,0.0,0.0,0.0,0.0,2.0,14.0,18.0,0.8,0.0,0.0,21.0,IK Start,9.0,1.0,0.0,3.0,6.0,10.0,54.0,24.0,6.0,0.3,0.0,0.0,419.0,522.0,0.8,0.0,0.0,0.0,0.0,0.0,0.0,9.0,15.0,23.0,0.7,0.0,0.0,22.0,401843427,2026-09-04 17:00:00,2026
Fredrikstad,8.0,3.0,0.0,2.0,3.0,1.0,41.8,9.0,4.0,0.4,0.0,0.0,420.0,481.0,0.9,0.0,0.0,0.0,0.0,0.0,0.0,1.0,8.0,14.0,0.6,0.0,0.0,24.0,Bodo/Glimt,5.0,1.0,0.0,1.0,5.0,3.0,58.2,17.0,3.0,0.2,0.0,0.0,614.0,667.0,0.9,0.0,0.0,0.0,0.0,0.0,0.0,7.0,11.0,16.0,0.7,0.0,0.0,17.0,401873921,2026-09-04 17:00:00,2026
Sandefjord,18.0,5.0,0.0,1.0,7.0,2.0,54.1,12.0,1.0,0.1,0.0,0.0,385.0,450.0,0.9,0.0,0.0,0.0,0.0,0.0,0.0,6.0,4.0,7.0,0.6,0.0,0.0,37.0,Viking FK,17.0,1.0,1.0,2.0,5.0,0.0,45.9,18.0,4.0,0.2,0.0,0.0,290.0,371.0,0.8,0.0,0.0,0.0,0.0,0.0,0.0,4.0,9.0,10.0,0.9,0.0,0.0,17.0,401873920,2026-09-04 19:00:00,2026
Rosenborg,10.0,0.0,0.0,4.0,6.0,2.0,65.5,16.0,9.0,0.6,0.0,0.0,538.0,629.0,0.9,0.0,0.0,0.0,0.0,0.0,0.0,2.0,14.0,18.0,0.8,0.0,0.0,26.0,Hamarkameratene,12.0,2.0,0.0,5.0,3.0,4.0,34.5,5.0,2.0,0.4,0.0,0.0,240.0,327.0,0.7,0.0,0.0,0.0,0.0,0.0,0.0,0.0,14.0,19.0,0.7,0.0,0.0,29.0,401873923,2026-09-05 14:00:00,2026
SK Brann,11.0,1.0,0.0,2.0,12.0,2.0,73.1,24.0,3.0,0.1,0.0,0.0,577.0,679.0,0.9,0.0,0.0,0.0,0.0,0.0,0.0,10.0,10.0,11.0,0.9,0.0,0.0,1.0,Lillestrom,8.0,1.0,0.0,1.0,0.0,2.0,26.9,8.0,4.0,0.5,0.0,0.0,171.0,267.0,0.6,0.0,0.0,0.0,0.0,0.0,0.0,1.0,11.0,24.0,0.5,0.0,0.0,59.0,401873914,2026-09-05 16:00:00,2026
Sarpsborg FK,9.0,1.0,0.0,0.0,7.0,4.0,40.2,19.0,8.0,0.4,0.0,0.0,340.0,417.0,0.8,0.0,0.0,0.0,0.0,0.0,0.0,3.0,13.0,18.0,0.7,0.0,0.0,30.0,Vålerenga,14.0,1.0,0.0,2.0,8.0,6.0,59.8,12.0,5.0,0.4,0.0,0.0,532.0,614.0,0.9,0.0,0.0,0.0,0.0,0.0,0.0,2.0,10.0,12.0,0.8,0.0,0.0,27.0,401873911,2026-09-06 15:00:00,2026
Molde,7.0,0.0,0.0,3.0,9.0,1.0,71.6,24.0,6.0,0.3,0.0,0.0,584.0,656.0,0.9,0.0,0.0,0.0,0.0,0.0,0.0,7.0,13.0,18.0,0.7,0.0,0.0,12.0,KFUM Oslo,10.0,0.0,1.0,3.0,2.0,4.0,28.4,5.0,1.0,0.2,0.0,0.0,190.0,261.0,0.7,0.0,0.0,0.0,0.0,0.0,0.0,3.0,11.0,15.0,0.7,0.0,0.0,33.0,401843431,2026-09-06 15:00:00,2026
Kristiansund BK,13.0,1.0,0.0,0.0,4.0,3.0,42.0,9.0,2.0,0.2,0.0,0.0,281.0,382.0,0.7,0.0,0.0,0.0,0.0,0.0,0.0,3.0,13.0,18.0,0.7,0.0,0.0,26.0,Tromso,23.0,3.0,0.0,1.0,7.0,0.0,58.0,8.0,3.0,0.4,0.0,0.0,429.0,527.0,0.8,0.0,0.0,0.0,0.0,0.0,0.0,3.0,12.0,16.0,0.8,0.0,0.0,24.0,401843430,2026-09-06 17:15:00,2026
