event_id,fecha,temporada,local_id,visita_id,local,visita,goles_local,goles_visita,estado
576392,2021-01-06 20:45:00,2021,4689,938,Eupen,Genk,1.0,4.0,post
576504,2021-01-09 16:15:00,2021,4691,12514,Zulte-Waregem,Mouscron,1.0,0.0,post
576498,2021-01-09 18:30:00,2021,3610,4689,Cercle Brugge,Eupen,1.0,2.0,post
576500,2021-01-09 18:30:00,2021,5786,938,KV Kortrijk,Genk,2.0,1.0,post
576501,2021-01-09 20:45:00,2021,3612,3616,KV Oostende,Charleroi,3.0,2.0,post
576502,2021-01-10 13:30:00,2021,7879,17544,KV Mechelen,Antwerp,3.0,0.0,post
576499,2021-01-10 16:00:00,2021,991,3611,Beerschot,Gent,1.0,1.0,post
576503,2021-01-10 18:15:00,2021,5579,441,OH Leuven,Anderlecht,1.0,0.0,post
576505,2021-01-10 20:45:00,2021,936,570,Sint-Truiden,Club Brugge,1.0,2.0,post
576506,2021-01-11 20:45:00,2021,559,13450,Standard Liège,Waasland-Beveren,3.0,1.0,post
576384,2021-01-12 20:45:00,2021,3612,4689,KV Oostende,Eupen,1.0,1.0,post
576382,2021-01-13 18:30:00,2021,991,3610,Beerschot,Cercle Brugge,1.0,1.0,post
576413,2021-01-15 20:45:00,2021,4689,441,Eupen,Anderlecht,2.0,0.0,post
576411,2021-01-16 16:15:00,2021,3612,5786,KV Oostende,KV Kortrijk,2.0,1.0,post
576410,2021-01-16 18:30:00,2021,12514,938,Mouscron,Genk,2.0,0.0,post
576412,2021-01-16 18:30:00,2021,13450,4691,Waasland-Beveren,Zulte-Waregem,1.0,5.0,post
576408,2021-01-16 20:45:00,2021,3616,7879,Charleroi,KV Mechelen,0.0,1.0,post
576414,2021-01-17 13:30:00,2021,3611,17544,Gent,Antwerp,0.0,1.0,post
576415,2021-01-17 16:00:00,2021,3610,559,Cercle Brugge,Standard Liège,0.0,1.0,post
576416,2021-01-17 18:15:00,2021,991,570,Beerschot,Club Brugge,0.0,3.0,post
576409,2021-01-17 20:45:00,2021,936,5579,Sint-Truiden,OH Leuven,3.0,1.0,post
576461,2021-01-19 18:45:00,2021,12514,13450,Mouscron,Waasland-Beveren,1.0,1.0,post
576458,2021-01-19 21:00:00,2021,441,3616,Anderlecht,Charleroi,3.0,0.0,post
576456,2021-01-20 16:30:00,2021,5786,936,KV Kortrijk,Sint-Truiden,0.0,2.0,post
576454,2021-01-20 18:45:00,2021,4689,991,Eupen,Beerschot,3.0,1.0,post
576457,2021-01-20 18:45:00,2021,7879,559,KV Mechelen,Standard Liège,0.0,4.0,post
576459,2021-01-20 21:00:00,2021,17544,3610,Antwerp,Cercle Brugge,1.0,0.0,post
576453,2021-01-20 21:00:00,2021,570,3612,Club Brugge,KV Oostende,2.0,1.0,post
576460,2021-01-21 18:45:00,2021,4691,5579,Zulte-Waregem,OH Leuven,2.0,3.0,post
576455,2021-01-21 21:00:00,2021,938,3611,Genk,Gent,1.0,1.0,post
576420,2021-01-22 20:45:00,2021,441,13450,Anderlecht,Waasland-Beveren,0.0,0.0,post
576422,2021-01-23 16:15:00,2021,7879,4689,KV Mechelen,Eupen,3.0,0.0,post
576423,2021-01-23 18:30:00,2021,5786,3610,KV Kortrijk,Cercle Brugge,1.0,2.0,post
576417,2021-01-23 18:30:00,2021,936,12514,Sint-Truiden,Mouscron,0.0,2.0,post
576419,2021-01-23 20:45:00,2021,17544,3612,Antwerp,KV Oostende,1.0,2.0,post
576424,2021-01-24 13:30:00,2021,570,938,Club Brugge,Genk,3.0,2.0,post
576418,2021-01-24 16:00:00,2021,4691,991,Zulte-Waregem,Beerschot,0.0,3.0,post
576425,2021-01-24 18:15:00,2021,559,3616,Standard Liège,Charleroi,3.0,2.0,post
576421,2021-01-24 20:45:00,2021,5579,3611,OH Leuven,Gent,0.0,3.0,post
576434,2021-01-26 18:45:00,2021,4689,17544,Eupen,Antwerp,0.0,2.0,post
576428,2021-01-26 18:45:00,2021,13450,7879,Waasland-Beveren,KV Mechelen,2.0,3.0,post
576430,2021-01-26 21:00:00,2021,12514,441,Mouscron,Anderlecht,1.0,1.0,post
576432,2021-01-27 18:45:00,2021,938,4691,Genk,Zulte-Waregem,3.0,2.0,post
576433,2021-01-27 18:45:00,2021,991,5786,Beerschot,KV Kortrijk,0.0,0.0,post
576427,2021-01-27 21:00:00,2021,3611,936,Gent,Sint-Truiden,1.0,1.0,post
576429,2021-01-27 21:00:00,2021,3616,5579,Charleroi,OH Leuven,1.0,1.0,post
576426,2021-01-28 18:45:00,2021,3610,570,Cercle Brugge,Club Brugge,1.0,2.0,post
576431,2021-01-28 21:00:00,2021,3612,559,KV Oostende,Standard Liège,2.0,2.0,post
576437,2021-01-29 20:45:00,2021,17544,13450,Antwerp,Waasland-Beveren,3.0,2.0,post
576440,2021-01-30 16:15:00,2021,7879,938,KV Mechelen,Genk,0.0,0.0,post
576442,2021-01-30 18:30:00,2021,4689,12514,Eupen,Mouscron,1.0,1.0,post
576443,2021-01-30 18:30:00,2021,5579,991,OH Leuven,Beerschot,0.0,1.0,post
576441,2021-01-30 20:45:00,2021,5786,3616,KV Kortrijk,Charleroi,1.0,3.0,post
576435,2021-01-31 13:30:00,2021,570,559,Club Brugge,Standard Liège,3.0,1.0,post
576436,2021-01-31 16:00:00,2021,4691,3612,Zulte-Waregem,KV Oostende,2.0,1.0,post
576438,2021-01-31 18:15:00,2021,441,3611,Anderlecht,Gent,0.0,0.0,post
576439,2021-01-31 20:45:00,2021,936,3610,Sint-Truiden,Cercle Brugge,3.0,0.0,post
576452,2021-02-05 20:45:00,2021,12514,5786,Mouscron,KV Kortrijk,0.0,3.0,post
576447,2021-02-06 16:15:00,2021,3612,936,KV Oostende,Sint-Truiden,3.0,1.0,post
576448,2021-02-06 18:30:00,2021,3610,7879,Cercle Brugge,KV Mechelen,0.0,1.0,post
576451,2021-02-06 18:30:00,2021,13450,570,Waasland-Beveren,Club Brugge,0.0,2.0,post
576450,2021-02-06 20:45:00,2021,559,5579,Standard Liège,OH Leuven,1.0,1.0,post
576445,2021-02-07 13:30:00,2021,991,17544,Beerschot,Antwerp,1.0,2.0,post
576449,2021-02-07 16:00:00,2021,3616,4691,Charleroi,Zulte-Waregem,1.0,1.0,post
576446,2021-02-07 18:15:00,2021,938,441,Genk,Anderlecht,1.0,2.0,post
576444,2021-02-07 20:45:00,2021,3611,4689,Gent,Eupen,2.0,2.0,post
576466,2021-02-12 20:45:00,2021,5579,5786,OH Leuven,KV Kortrijk,3.0,1.0,post
576465,2021-02-13 18:30:00,2021,936,4691,Sint-Truiden,Zulte-Waregem,1.0,2.0,post
576463,2021-02-14 13:30:00,2021,559,17544,Standard Liège,Antwerp,1.0,1.0,post
576468,2021-02-14 16:00:00,2021,991,7879,Beerschot,KV Mechelen,1.0,2.0,post
576470,2021-02-14 20:45:00,2021,3610,441,Cercle Brugge,Anderlecht,0.0,0.0,post
576469,2021-02-15 20:45:00,2021,3611,12514,Gent,Mouscron,4.0,0.0,post
576462,2021-02-17 17:00:00,2021,13450,4689,Waasland-Beveren,Eupen,1.0,0.0,post
576467,2021-02-17 19:00:00,2021,3612,938,KV Oostende,Genk,3.0,1.0,post
576476,2021-02-19 20:45:00,2021,7879,3611,KV Mechelen,Gent,1.0,1.0,post
576474,2021-02-20 16:15:00,2021,4689,3612,Eupen,KV Oostende,1.0,1.0,post
576479,2021-02-20 18:30:00,2021,12514,3610,Mouscron,Cercle Brugge,1.0,2.0,post
576471,2021-02-20 20:45:00,2021,13450,3616,Waasland-Beveren,Charleroi,1.0,1.0,post
576477,2021-02-21 13:30:00,2021,441,5786,Anderlecht,KV Kortrijk,0.0,2.0,post
576472,2021-02-21 16:00:00,2021,4691,559,Zulte-Waregem,Standard Liège,3.0,2.0,post
576475,2021-02-21 18:15:00,2021,938,991,Genk,Beerschot,1.0,2.0,post
576478,2021-02-21 20:45:00,2021,17544,936,Antwerp,Sint-Truiden,0.0,0.0,post
576473,2021-02-22 20:45:00,2021,570,5579,Club Brugge,OH Leuven,3.0,0.0,post
576481,2021-02-26 20:45:00,2021,3616,938,Charleroi,Genk,1.0,2.0,post
576480,2021-02-27 16:15:00,2021,3610,13450,Cercle Brugge,Waasland-Beveren,2.0,0.0,post
576488,2021-02-27 18:30:00,2021,3612,7879,KV Oostende,KV Mechelen,2.0,0.0,post
576485,2021-02-27 20:45:00,2021,5786,4691,KV Kortrijk,Zulte-Waregem,1.0,2.0,post
576484,2021-02-28 13:30:00,2021,559,441,Standard Liège,Anderlecht,1.0,3.0,post
576486,2021-02-28 16:00:00,2021,991,12514,Beerschot,Mouscron,2.0,2.0,post
576482,2021-02-28 20:45:00,2021,936,4689,Sint-Truiden,Eupen,0.0,2.0,post
576483,2021-03-01 20:45:00,2021,5579,17544,OH Leuven,Antwerp,2.0,0.0,post
576496,2021-03-05 20:45:00,2021,3616,936,Charleroi,Sint-Truiden,0.0,0.0,post
576491,2021-03-06 16:15:00,2021,4689,5579,Eupen,OH Leuven,3.0,3.0,post
576493,2021-03-06 18:30:00,2021,13450,991,Waasland-Beveren,Beerschot,1.0,2.0,post
576494,2021-03-06 20:45:00,2021,17544,5786,Antwerp,KV Kortrijk,4.0,2.0,post
576495,2021-03-07 13:30:00,2021,12514,559,Mouscron,Standard Liège,1.0,0.0,post
576489,2021-03-07 16:00:00,2021,570,4691,Club Brugge,Zulte-Waregem,3.0,0.0,post
576497,2021-03-07 18:15:00,2021,441,7879,Anderlecht,KV Mechelen,1.0,1.0,post
576492,2021-03-07 20:45:00,2021,938,3610,Genk,Cercle Brugge,2.0,0.0,post
576490,2021-03-08 20:45:00,2021,3611,3612,Gent,KV Oostende,1.0,0.0,post
576464,2021-03-12 20:45:00,2021,3616,570,Charleroi,Club Brugge,1.0,1.0,post
576487,2021-03-15 20:45:00,2021,3611,570,Gent,Club Brugge,0.0,4.0,post
576512,2021-03-19 20:45:00,2021,938,559,Genk,Standard Liège,2.0,2.0,post
576509,2021-03-20 18:30:00,2021,12514,3612,Mouscron,KV Oostende,0.0,1.0,post
576514,2021-03-20 20:45:00,2021,4689,5786,Eupen,KV Kortrijk,2.0,0.0,post
576507,2021-03-21 13:30:00,2021,570,17544,Club Brugge,Antwerp,0.0,2.0,post
576515,2021-03-21 16:00:00,2021,7879,5579,KV Mechelen,OH Leuven,2.0,2.0,post
576510,2021-03-21 18:15:00,2021,441,4691,Anderlecht,Zulte-Waregem,4.0,1.0,post
576511,2021-03-21 20:45:00,2021,3611,3610,Gent,Cercle Brugge,1.0,0.0,post
576517,2021-04-03 16:15:00,2021,3612,13450,KV Oostende,Waasland-Beveren,0.0,2.0,post
576521,2021-04-03 18:30:00,2021,936,7879,Sint-Truiden,KV Mechelen,2.0,1.0,post
576523,2021-04-03 20:45:00,2021,5786,570,KV Kortrijk,Club Brugge,1.0,2.0,post
576516,2021-04-04 13:30:00,2021,3610,991,Cercle Brugge,Beerschot,2.0,1.0,post
576524,2021-04-04 18:15:00,2021,559,3611,Standard Liège,Gent,2.0,1.0,post
576522,2021-04-04 20:45:00,2021,3616,12514,Charleroi,Mouscron,1.0,1.0,post
576518,2021-04-05 13:30:00,2021,5579,938,OH Leuven,Genk,2.0,3.0,post
576520,2021-04-05 16:00:00,2021,4691,4689,Zulte-Waregem,Eupen,2.0,1.0,post
576519,2021-04-05 18:15:00,2021,17544,441,Antwerp,Anderlecht,1.0,4.0,post
576508,2021-04-06 19:00:00,2021,13450,936,Waasland-Beveren,Sint-Truiden,2.0,4.0,post
576513,2021-04-07 19:00:00,2021,991,3616,Beerschot,Charleroi,2.0,1.0,post
576526,2021-04-09 20:45:00,2021,4689,559,Eupen,Standard Liège,0.0,4.0,post
576525,2021-04-10 16:15:00,2021,3610,5579,Cercle Brugge,OH Leuven,3.0,0.0,post
576529,2021-04-10 18:30:00,2021,7879,4691,KV Mechelen,Zulte-Waregem,4.0,2.0,post
576532,2021-04-10 20:45:00,2021,3611,3616,Gent,Charleroi,4.0,0.0,post
576528,2021-04-11 13:30:00,2021,938,936,Genk,Sint-Truiden,4.0,0.0,post
576533,2021-04-11 16:00:00,2021,13450,5786,Waasland-Beveren,KV Kortrijk,3.0,4.0,post
576530,2021-04-11 18:15:00,2021,441,570,Anderlecht,Club Brugge,2.0,1.0,post
576527,2021-04-11 20:45:00,2021,991,3612,Beerschot,KV Oostende,1.0,2.0,post
576531,2021-04-12 20:45:00,2021,12514,17544,Mouscron,Antwerp,2.0,3.0,post
576536,2021-04-17 18:30:00,2021,3616,4689,Charleroi,Eupen,2.0,3.0,post
576539,2021-04-17 20:45:00,2021,17544,938,Antwerp,Genk,3.0,2.0,post
576538,2021-04-18 18:00:00,2021,4691,3611,Zulte-Waregem,Gent,2.0,7.0,post
576535,2021-04-18 18:00:00,2021,559,991,Standard Liège,Beerschot,3.0,0.0,post
576537,2021-04-18 18:00:00,2021,936,441,Sint-Truiden,Anderlecht,0.0,1.0,post
576540,2021-04-18 18:00:00,2021,5786,7879,KV Kortrijk,KV Mechelen,1.0,4.0,post
576541,2021-04-18 18:00:00,2021,3612,3610,KV Oostende,Cercle Brugge,1.0,1.0,post
576534,2021-04-18 18:00:00,2021,570,12514,Club Brugge,Mouscron,4.0,2.0,post
576542,2021-04-18 18:00:00,2021,5579,13450,OH Leuven,Waasland-Beveren,1.0,2.0,post
601465,2021-04-30 20:45:00,2021,17544,938,Antwerp,Genk,2.0,3.0,post
601466,2021-05-01 20:45:00,2021,3612,559,KV Oostende,Standard Liège,6.0,2.0,post
601467,2021-05-02 16:00:00,2021,3611,7879,Gent,KV Mechelen,2.0,2.0,post
601468,2021-05-02 18:30:00,2021,570,441,Club Brugge,Anderlecht,2.0,2.0,post
601469,2021-05-07 20:45:00,2021,938,570,Genk,Club Brugge,3.0,0.0,post
601470,2021-05-08 18:30:00,2021,559,3611,Standard Liège,Gent,2.0,1.0,post
601472,2021-05-08 20:45:00,2021,441,17544,Anderlecht,Antwerp,2.0,2.0,post
601471,2021-05-09 16:00:00,2021,7879,3612,KV Mechelen,KV Oostende,5.0,3.0,post
601473,2021-05-12 20:45:00,2021,938,441,Genk,Anderlecht,1.0,1.0,post
601474,2021-05-13 13:30:00,2021,3611,3612,Gent,KV Oostende,2.0,1.0,post
601475,2021-05-13 16:00:00,2021,559,7879,Standard Liège,KV Mechelen,1.0,2.0,post
601476,2021-05-13 18:30:00,2021,17544,570,Antwerp,Club Brugge,0.0,0.0,post
601477,2021-05-15 20:45:00,2021,441,938,Anderlecht,Genk,1.0,2.0,post
601478,2021-05-16 13:30:00,2021,3612,3611,KV Oostende,Gent,0.0,4.0,post
601479,2021-05-16 16:00:00,2021,7879,559,KV Mechelen,Standard Liège,3.0,1.0,post
601480,2021-05-16 18:30:00,2021,570,17544,Club Brugge,Antwerp,2.0,1.0,post
601481,2021-05-19 18:30:00,2021,3612,7879,KV Oostende,KV Mechelen,2.0,2.0,post
601482,2021-05-19 21:00:00,2021,3611,559,Gent,Standard Liège,2.0,0.0,post
601483,2021-05-20 18:30:00,2021,938,17544,Genk,Antwerp,4.0,0.0,post
601484,2021-05-20 21:00:00,2021,441,570,Anderlecht,Club Brugge,3.0,3.0,post
601485,2021-05-22 20:00:00,2021,7879,3611,KV Mechelen,Gent,1.0,2.0,post
601486,2021-05-22 20:00:00,2021,559,3612,Standard Liège,KV Oostende,1.0,3.0,post
601488,2021-05-23 18:30:00,2021,17544,441,Antwerp,Anderlecht,1.0,0.0,post
601487,2021-05-23 18:30:00,2021,570,938,Club Brugge,Genk,1.0,2.0,post
603207,2021-07-23 20:45:00,2021,559,938,Standard Liège,Genk,1.0,1.0,post
603208,2021-07-24 16:15:00,2021,5579,4691,OH Leuven,Zulte-Waregem,1.0,1.0,post
603210,2021-07-24 18:30:00,2021,5786,20946,KV Kortrijk,Seraing,2.0,0.0,post
603211,2021-07-24 20:45:00,2021,3612,3616,KV Oostende,Charleroi,0.0,3.0,post
603212,2021-07-25 13:30:00,2021,7879,17544,KV Mechelen,Antwerp,3.0,2.0,post
603213,2021-07-25 16:00:00,2021,570,4689,Club Brugge,Eupen,2.0,2.0,post
603214,2021-07-25 18:30:00,2021,441,5807,Anderlecht,Union Saint-Gilloise,1.0,3.0,post
603215,2021-07-25 21:00:00,2021,936,3611,Sint-Truiden,Gent,2.0,1.0,post
603209,2021-07-27 20:00:00,2021,991,3610,Beerschot,Cercle Brugge,0.0,1.0,post
603216,2021-07-30 20:45:00,2021,938,3612,Genk,KV Oostende,3.0,4.0,post
603217,2021-07-31 16:15:00,2021,3616,936,Charleroi,Sint-Truiden,0.0,0.0,post
603218,2021-07-31 18:30:00,2021,3610,5579,Cercle Brugge,OH Leuven,1.0,1.0,post
603219,2021-07-31 18:30:00,2021,20946,7879,Seraing,KV Mechelen,1.0,0.0,post
603220,2021-07-31 20:45:00,2021,4689,441,Eupen,Anderlecht,1.0,1.0,post
603221,2021-08-01 13:30:00,2021,5807,570,Union Saint-Gilloise,Club Brugge,0.0,1.0,post
603222,2021-08-01 16:00:00,2021,4691,559,Zulte-Waregem,Standard Liège,1.0,2.0,post
603223,2021-08-01 18:30:00,2021,3611,991,Gent,Beerschot,2.0,2.0,post
603224,2021-08-01 21:00:00,2021,17544,5786,Antwerp,KV Kortrijk,0.0,1.0,post
603225,2021-08-06 20:45:00,2021,570,3610,Club Brugge,Cercle Brugge,1.0,1.0,post
603226,2021-08-07 16:15:00,2021,991,5807,Beerschot,Union Saint-Gilloise,0.0,3.0,post
603227,2021-08-07 18:30:00,2021,7879,4689,KV Mechelen,Eupen,1.0,3.0,post
603228,2021-08-07 18:30:00,2021,936,4691,Sint-Truiden,Zulte-Waregem,1.0,3.0,post
603229,2021-08-07 20:45:00,2021,5786,938,KV Kortrijk,Genk,1.0,2.0,post
603230,2021-08-08 13:30:00,2021,559,17544,Standard Liège,Antwerp,2.0,5.0,post
603231,2021-08-08 16:00:00,2021,5579,3616,OH Leuven,Charleroi,1.0,1.0,post
603232,2021-08-08 18:30:00,2021,441,20946,Anderlecht,Seraing,3.0,0.0,post
603233,2021-08-08 21:00:00,2021,3612,3611,KV Oostende,Gent,1.0,0.0,post
603234,2021-08-13 20:45:00,2021,3616,17544,Charleroi,Antwerp,1.0,1.0,post
603235,2021-08-14 16:15:00,2021,5807,5786,Union Saint-Gilloise,KV Kortrijk,2.0,0.0,post
603237,2021-08-14 18:30:00,2021,20946,3612,Seraing,KV Oostende,2.0,3.0,post
603236,2021-08-14 18:30:00,2021,4689,936,Eupen,Sint-Truiden,2.0,1.0,post
603238,2021-08-14 20:45:00,2021,938,5579,Genk,OH Leuven,4.0,0.0,post
603239,2021-08-15 13:30:00,2021,991,559,Beerschot,Standard Liège,0.0,1.0,post
603240,2021-08-15 16:00:00,2021,3611,7879,Gent,KV Mechelen,2.0,0.0,post
603241,2021-08-15 18:30:00,2021,3610,441,Cercle Brugge,Anderlecht,1.0,2.0,post
603242,2021-08-15 21:00:00,2021,4691,570,Zulte-Waregem,Club Brugge,0.0,4.0,post
603244,2021-08-20 20:45:00,2021,559,3612,Standard Liège,KV Oostende,1.0,0.0,post
603245,2021-08-21 16:15:00,2021,20946,3610,Seraing,Cercle Brugge,2.0,1.0,post
603246,2021-08-21 18:30:00,2021,5579,4689,OH Leuven,Eupen,1.0,4.0,post
603247,2021-08-21 20:45:00,2021,936,5786,Sint-Truiden,KV Kortrijk,0.0,2.0,post
603249,2021-08-22 16:00:00,2021,4691,3616,Zulte-Waregem,Charleroi,2.0,2.0,post
603250,2021-08-22 18:30:00,2021,570,991,Club Brugge,Beerschot,3.0,2.0,post
603251,2021-08-22 21:00:00,2021,7879,5807,KV Mechelen,Union Saint-Gilloise,3.0,1.0,post
603252,2021-08-27 20:45:00,2021,5786,7879,KV Kortrijk,KV Mechelen,2.0,2.0,post
603253,2021-08-28 16:15:00,2021,3616,991,Charleroi,Beerschot,5.0,2.0,post
603254,2021-08-28 18:30:00,2021,4689,20946,Eupen,Seraing,1.0,2.0,post
603255,2021-08-28 18:30:00,2021,3610,936,Cercle Brugge,Sint-Truiden,0.0,1.0,post
603256,2021-08-28 20:45:00,2021,5807,559,Union Saint-Gilloise,Standard Liège,4.0,0.0,post
603257,2021-08-29 13:30:00,2021,3611,570,Gent,Club Brugge,6.0,1.0,post
603258,2021-08-29 16:00:00,2021,17544,5579,Antwerp,OH Leuven,2.0,2.0,post
603259,2021-08-29 18:30:00,2021,938,441,Genk,Anderlecht,1.0,0.0,post
603260,2021-08-29 21:00:00,2021,3612,4691,KV Oostende,Zulte-Waregem,0.0,2.0,post
603263,2021-09-10 20:45:00,2021,570,3612,Club Brugge,KV Oostende,3.0,0.0,post
603261,2021-09-11 16:15:00,2021,4689,17544,Eupen,Antwerp,0.0,1.0,post
603265,2021-09-11 18:30:00,2021,4691,3610,Zulte-Waregem,Cercle Brugge,2.0,4.0,post
603268,2021-09-12 13:30:00,2021,441,7879,Anderlecht,KV Mechelen,7.0,2.0,post
603262,2021-09-12 16:00:00,2021,3611,3616,Gent,Charleroi,2.0,3.0,post
603267,2021-09-12 18:30:00,2021,20946,559,Seraing,Standard Liège,0.0,1.0,post
603266,2021-09-12 21:00:00,2021,5579,5786,OH Leuven,KV Kortrijk,2.0,1.0,post
603269,2021-09-12 21:00:00,2021,938,5807,Genk,Union Saint-Gilloise,1.0,1.0,post
603264,2021-09-13 20:00:00,2021,991,936,Beerschot,Sint-Truiden,0.0,1.0,post
603273,2021-09-17 20:45:00,2021,3610,4689,Cercle Brugge,Eupen,1.0,2.0,post
603271,2021-09-18 16:15:00,2021,3612,991,KV Oostende,Beerschot,3.0,1.0,post
603270,2021-09-18 18:30:00,2021,7879,5579,KV Mechelen,OH Leuven,2.0,0.0,post
603275,2021-09-18 18:30:00,2021,5807,4691,Union Saint-Gilloise,Zulte-Waregem,2.0,1.0,post
603277,2021-09-18 20:45:00,2021,3616,570,Charleroi,Club Brugge,0.0,1.0,post
603278,2021-09-19 13:30:00,2021,936,938,Sint-Truiden,Genk,1.0,2.0,post
603274,2021-09-19 16:00:00,2021,17544,20946,Antwerp,Seraing,2.0,1.0,post
603276,2021-09-19 18:30:00,2021,559,441,Standard Liège,Anderlecht,0.0,1.0,post
603272,2021-09-19 21:00:00,2021,5786,3611,KV Kortrijk,Gent,1.0,0.0,post
603243,2021-09-22 20:45:00,2021,17544,938,Antwerp,Genk,4.0,2.0,post
603248,2021-09-23 20:45:00,2021,441,3611,Anderlecht,Gent,1.0,1.0,post
603280,2021-09-24 20:45:00,2021,570,5579,Club Brugge,OH Leuven,1.0,1.0,post
603279,2021-09-25 16:15:00,2021,991,4689,Beerschot,Eupen,0.0,3.0,post
603285,2021-09-25 18:30:00,2021,4691,5786,Zulte-Waregem,KV Kortrijk,2.0,2.0,post
603287,2021-09-25 20:45:00,2021,559,936,Standard Liège,Sint-Truiden,1.0,2.0,post
603283,2021-09-26 13:30:00,2021,5807,17544,Union Saint-Gilloise,Antwerp,1.0,2.0,post
603281,2021-09-26 16:00:00,2021,3611,3610,Gent,Cercle Brugge,2.0,1.0,post
603286,2021-09-26 18:30:00,2021,3612,441,KV Oostende,Anderlecht,2.0,2.0,post
603282,2021-09-26 21:00:00,2021,938,20946,Genk,Seraing,3.0,0.0,post
603284,2021-09-26 21:00:00,2021,3616,7879,Charleroi,KV Mechelen,0.0,2.0,post
603296,2021-10-01 20:45:00,2021,7879,559,KV Mechelen,Standard Liège,3.0,1.0,post
603293,2021-10-02 16:15:00,2021,5786,3616,KV Kortrijk,Charleroi,2.0,2.0,post
603295,2021-10-02 18:30:00,2021,3610,5807,Cercle Brugge,Union Saint-Gilloise,0.0,3.0,post
603292,2021-10-02 18:30:00,2021,936,3612,Sint-Truiden,KV Oostende,1.0,1.0,post
603291,2021-10-02 20:45:00,2021,5579,991,OH Leuven,Beerschot,0.0,0.0,post
603289,2021-10-03 13:30:00,2021,441,570,Anderlecht,Club Brugge,1.0,1.0,post
603290,2021-10-03 16:00:00,2021,20946,4691,Seraing,Zulte-Waregem,5.0,1.0,post
603288,2021-10-03 18:30:00,2021,17544,3611,Antwerp,Gent,1.0,0.0,post
603294,2021-10-03 21:00:00,2021,4689,938,Eupen,Genk,3.0,2.0,post
603303,2021-10-15 20:45:00,2021,570,5786,Club Brugge,KV Kortrijk,2.0,0.0,post
603305,2021-10-16 16:15:00,2021,5807,20946,Union Saint-Gilloise,Seraing,4.0,2.0,post
603301,2021-10-16 18:30:00,2021,3612,3610,KV Oostende,Cercle Brugge,2.0,1.0,post
603300,2021-10-16 18:30:00,2021,4691,17544,Zulte-Waregem,Antwerp,2.0,1.0,post
603297,2021-10-16 20:45:00,2021,559,5579,Standard Liège,OH Leuven,2.0,2.0,post
603299,2021-10-17 13:30:00,2021,936,441,Sint-Truiden,Anderlecht,2.0,2.0,post
603304,2021-10-17 16:00:00,2021,991,7879,Beerschot,KV Mechelen,0.0,1.0,post
603298,2021-10-17 18:30:00,2021,3616,938,Charleroi,Genk,2.0,0.0,post
603302,2021-10-17 21:00:00,2021,3611,4689,Gent,Eupen,2.0,0.0,post
603310,2021-10-22 20:45:00,2021,20946,3616,Seraing,Charleroi,1.0,3.0,post
603306,2021-10-23 16:15:00,2021,3610,559,Cercle Brugge,Standard Liège,1.0,1.0,post
603313,2021-10-23 18:30:00,2021,5786,3612,KV Kortrijk,KV Oostende,1.0,0.0,post
603312,2021-10-23 18:30:00,2021,7879,4691,KV Mechelen,Zulte-Waregem,2.0,2.0,post
603307,2021-10-23 20:45:00,2021,4689,5807,Eupen,Union Saint-Gilloise,2.0,3.0,post
603308,2021-10-24 13:30:00,2021,17544,570,Antwerp,Club Brugge,1.0,1.0,post
603309,2021-10-24 16:00:00,2021,441,991,Anderlecht,Beerschot,4.0,2.0,post
603314,2021-10-24 18:30:00,2021,938,3611,Genk,Gent,0.0,3.0,post
603311,2021-10-24 21:00:00,2021,5579,936,OH Leuven,Sint-Truiden,4.0,1.0,post
603320,2021-10-29 20:45:00,2021,3612,7879,KV Oostende,KV Mechelen,2.0,4.0,post
603316,2021-10-30 16:15:00,2021,3616,4689,Charleroi,Eupen,3.0,0.0,post
603315,2021-10-30 18:30:00,2021,991,20946,Beerschot,Seraing,3.0,0.0,post
603319,2021-10-30 18:30:00,2021,559,5786,Standard Liège,KV Kortrijk,1.0,1.0,post
603317,2021-10-30 20:45:00,2021,936,570,Sint-Truiden,Club Brugge,1.0,2.0,post
603318,2021-10-31 13:30:00,2021,4691,938,Zulte-Waregem,Genk,2.0,6.0,post
603322,2021-10-31 16:00:00,2021,3610,17544,Cercle Brugge,Antwerp,0.0,1.0,post
603323,2021-10-31 18:30:00,2021,441,5579,Anderlecht,OH Leuven,2.0,2.0,post
603321,2021-10-31 21:00:00,2021,3611,5807,Gent,Union Saint-Gilloise,0.0,2.0,post
603329,2021-11-05 20:45:00,2021,5579,3612,OH Leuven,KV Oostende,1.0,0.0,post
603326,2021-11-06 16:15:00,2021,4689,4691,Eupen,Zulte-Waregem,1.0,1.0,post
603332,2021-11-06 18:30:00,2021,7879,936,KV Mechelen,Sint-Truiden,0.0,1.0,post
603324,2021-11-06 18:30:00,2021,5786,991,KV Kortrijk,Beerschot,1.0,1.0,post
603328,2021-11-06 20:45:00,2021,5807,3616,Union Saint-Gilloise,Charleroi,4.0,0.0,post
603327,2021-11-07 13:30:00,2021,570,559,Club Brugge,Standard Liège,2.0,2.0,post
603330,2021-11-07 16:00:00,2021,20946,3611,Seraing,Gent,0.0,0.0,post
603331,2021-11-07 18:30:00,2021,17544,441,Antwerp,Anderlecht,2.0,0.0,post
603325,2021-11-07 21:00:00,2021,938,3610,Genk,Cercle Brugge,1.0,1.0,post
603333,2021-11-19 20:45:00,2021,7879,570,KV Mechelen,Club Brugge,2.0,1.0,post
603335,2021-11-20 16:15:00,2021,3610,3616,Cercle Brugge,Charleroi,1.0,2.0,post
603337,2021-11-20 18:30:00,2021,5579,20946,OH Leuven,Seraing,1.0,3.0,post
603340,2021-11-20 18:30:00,2021,4691,3611,Zulte-Waregem,Gent,1.0,2.0,post
603338,2021-11-20 20:45:00,2021,559,4689,Standard Liège,Eupen,1.0,0.0,post
603341,2021-11-21 13:30:00,2021,441,5786,Anderlecht,KV Kortrijk,1.0,1.0,post
603339,2021-11-21 16:00:00,2021,936,17544,Sint-Truiden,Antwerp,2.0,1.0,post
603334,2021-11-21 18:30:00,2021,3612,5807,KV Oostende,Union Saint-Gilloise,1.0,7.0,post
603336,2021-11-21 21:00:00,2021,991,938,Beerschot,Genk,2.0,0.0,post
603346,2021-11-26 20:45:00,2021,5807,5579,Union Saint-Gilloise,OH Leuven,1.0,3.0,post
603349,2021-11-27 16:15:00,2021,20946,936,Seraing,Sint-Truiden,2.0,0.0,post
603342,2021-11-27 18:30:00,2021,3610,7879,Cercle Brugge,KV Mechelen,3.0,1.0,post
603344,2021-11-27 18:30:00,2021,4689,5786,Eupen,KV Kortrijk,2.0,2.0,post
603350,2021-11-27 20:45:00,2021,3616,441,Charleroi,Anderlecht,1.0,3.0,post
603345,2021-11-28 13:30:00,2021,938,570,Genk,Club Brugge,2.0,3.0,post
603347,2021-11-28 16:00:00,2021,4691,991,Zulte-Waregem,Beerschot,2.0,0.0,post
603343,2021-11-28 18:30:00,2021,3611,559,Gent,Standard Liège,3.0,1.0,post
603348,2021-11-28 21:00:00,2021,17544,3612,Antwerp,KV Oostende,3.0,0.0,post
603358,2021-12-03 20:45:00,2021,936,5807,Sint-Truiden,Union Saint-Gilloise,1.0,2.0,post
603356,2021-12-04 16:15:00,2021,5579,3611,OH Leuven,Gent,0.0,1.0,post
603353,2021-12-04 18:30:00,2021,5786,3610,KV Kortrijk,Cercle Brugge,0.0,2.0,post
603354,2021-12-04 18:30:00,2021,3612,4689,KV Oostende,Eupen,2.0,1.0,post
603352,2021-12-04 20:45:00,2021,570,20946,Club Brugge,Seraing,3.0,2.0,post
603351,2021-12-05 13:30:00,2021,991,17544,Beerschot,Antwerp,0.0,1.0,post
603357,2021-12-05 16:00:00,2021,441,4691,Anderlecht,Zulte-Waregem,3.0,2.0,post
603355,2021-12-05 18:30:00,2021,559,3616,Standard Liège,Charleroi,0.0,3.0,post
603359,2021-12-05 21:00:00,2021,7879,938,KV Mechelen,Genk,1.0,1.0,post
603367,2021-12-10 20:45:00,2021,3616,3612,Charleroi,KV Oostende,1.0,0.0,post
603363,2021-12-11 16:15:00,2021,5786,5579,KV Kortrijk,OH Leuven,2.0,1.0,post
603362,2021-12-11 18:30:00,2021,4689,991,Eupen,Beerschot,1.0,0.0,post
603366,2021-12-11 18:30:00,2021,936,3610,Sint-Truiden,Cercle Brugge,1.0,2.0,post
603364,2021-12-11 20:45:00,2021,20946,441,Seraing,Anderlecht,0.0,5.0,post
603365,2021-12-12 13:30:00,2021,17544,559,Antwerp,Standard Liège,2.0,3.0,post
603368,2021-12-12 16:00:00,2021,5807,7879,Union Saint-Gilloise,KV Mechelen,2.0,0.0,post
603361,2021-12-12 18:30:00,2021,3611,938,Gent,Genk,1.0,0.0,post
603360,2021-12-12 21:00:00,2021,570,4691,Club Brugge,Zulte-Waregem,3.0,0.0,post
603372,2021-12-14 18:45:00,2021,3610,20946,Cercle Brugge,Seraing,2.0,0.0,post
603370,2021-12-14 21:00:00,2021,3612,5786,KV Oostende,KV Kortrijk,0.0,2.0,post
603374,2021-12-14 21:00:00,2021,441,936,Anderlecht,Sint-Truiden,2.0,0.0,post
603369,2021-12-15 18:45:00,2021,7879,3611,KV Mechelen,Gent,4.0,3.0,post
603376,2021-12-15 18:45:00,2021,4691,5807,Zulte-Waregem,Union Saint-Gilloise,0.0,2.0,post
603377,2021-12-15 21:00:00,2021,5579,570,OH Leuven,Club Brugge,1.0,4.0,post
603375,2021-12-16 18:45:00,2021,17544,4689,Antwerp,Eupen,4.0,2.0,post
603371,2021-12-16 21:00:00,2021,938,3616,Genk,Charleroi,4.0,2.0,post
603385,2021-12-17 20:45:00,2021,20946,5786,Seraing,KV Kortrijk,0.0,2.0,post
603381,2021-12-18 16:15:00,2021,991,3612,Beerschot,KV Oostende,0.0,2.0,post
603383,2021-12-18 18:30:00,2021,5807,3610,Union Saint-Gilloise,Cercle Brugge,3.0,2.0,post
603384,2021-12-18 18:30:00,2021,4691,7879,Zulte-Waregem,KV Mechelen,3.0,2.0,post
603379,2021-12-18 20:45:00,2021,3611,936,Gent,Sint-Truiden,2.0,1.0,post
603380,2021-12-19 13:30:00,2021,570,441,Club Brugge,Anderlecht,2.0,2.0,post
603378,2021-12-19 16:00:00,2021,4689,3616,Eupen,Charleroi,0.0,4.0,post
603382,2021-12-19 18:30:00,2021,938,17544,Genk,Antwerp,1.0,1.0,post
603386,2021-12-19 21:00:00,2021,5579,559,OH Leuven,Standard Liège,2.0,1.0,post
603388,2021-12-26 13:30:00,2021,3610,570,Cercle Brugge,Club Brugge,2.0,0.0,post
603395,2021-12-26 16:00:00,2021,559,4691,Standard Liège,Zulte-Waregem,0.0,1.0,post
603391,2021-12-26 18:30:00,2021,5807,3611,Union Saint-Gilloise,Gent,0.0,0.0,post
603390,2021-12-26 21:00:00,2021,3612,938,KV Oostende,Genk,0.0,4.0,post
603394,2021-12-27 18:45:00,2021,7879,20946,KV Mechelen,Seraing,2.0,0.0,post
603392,2021-12-27 18:45:00,2021,3616,5579,Charleroi,OH Leuven,0.0,3.0,post
603387,2021-12-27 21:00:00,2021,991,441,Beerschot,Anderlecht,0.0,7.0,post
603393,2021-12-27 21:00:00,2021,936,4689,Sint-Truiden,Eupen,2.0,0.0,post
603397,2022-01-14 20:45:00,2022,3611,5786,Gent,KV Kortrijk,2.0,2.0,post
603404,2022-01-15 16:15:00,2022,5579,7879,OH Leuven,KV Mechelen,0.0,0.0,post
603396,2022-01-15 20:45:00,2022,570,936,Club Brugge,Sint-Truiden,2.0,0.0,post
603403,2022-01-16 13:30:00,2022,17544,3616,Antwerp,Charleroi,3.0,0.0,post
603398,2022-01-16 16:00:00,2022,4689,3610,Eupen,Cercle Brugge,0.0,2.0,post
603402,2022-01-16 18:30:00,2022,441,559,Anderlecht,Standard Liège,1.0,1.0,post
603399,2022-01-16 21:00:00,2022,938,991,Genk,Beerschot,4.0,1.0,post
603401,2022-01-18 20:00:00,2022,20946,5807,Seraing,Union Saint-Gilloise,0.0,4.0,post
603405,2022-01-21 20:45:00,2022,3612,17544,KV Oostende,Antwerp,1.0,2.0,post
603406,2022-01-22 16:15:00,2022,5786,4689,KV Kortrijk,Eupen,1.0,1.0,post
603408,2022-01-22 18:30:00,2022,991,5579,Beerschot,OH Leuven,3.0,1.0,post
603413,2022-01-22 18:30:00,2022,936,20946,Sint-Truiden,Seraing,3.0,1.0,post
603412,2022-01-22 20:45:00,2022,3616,3611,Charleroi,Gent,0.0,0.0,post
603411,2022-01-23 13:30:00,2022,559,570,Standard Liège,Club Brugge,2.0,2.0,post
603410,2022-01-23 16:00:00,2022,5807,938,Union Saint-Gilloise,Genk,2.0,1.0,post
603409,2022-01-23 18:30:00,2022,7879,441,KV Mechelen,Anderlecht,0.0,1.0,post
603407,2022-01-23 21:00:00,2022,3610,4691,Cercle Brugge,Zulte-Waregem,3.0,1.0,post
603419,2022-01-25 18:45:00,2022,17544,936,Antwerp,Sint-Truiden,1.0,1.0,post
603415,2022-01-25 21:00:00,2022,3611,3612,Gent,KV Oostende,1.0,1.0,post
603418,2022-01-25 21:00:00,2022,3616,5786,Charleroi,KV Kortrijk,1.0,1.0,post
603422,2022-01-26 18:45:00,2022,4691,5579,Zulte-Waregem,OH Leuven,1.0,1.0,post
603416,2022-01-26 18:45:00,2022,4689,559,Eupen,Standard Liège,0.0,2.0,post
603420,2022-01-26 21:00:00,2022,441,3610,Anderlecht,Cercle Brugge,0.0,2.0,post
603421,2022-01-26 21:00:00,2022,20946,991,Seraing,Beerschot,2.0,1.0,post
603414,2022-01-27 20:45:00,2022,570,5807,Club Brugge,Union Saint-Gilloise,0.0,0.0,post
603430,2022-01-28 20:45:00,2022,936,3616,Sint-Truiden,Charleroi,0.0,1.0,post
603426,2022-01-29 16:15:00,2022,991,4691,Beerschot,Zulte-Waregem,3.0,3.0,post
603431,2022-01-29 18:30:00,2022,20946,4689,Seraing,Eupen,0.0,0.0,post
603425,2022-01-29 20:45:00,2022,3610,3612,Cercle Brugge,KV Oostende,0.0,1.0,post
603428,2022-01-30 13:30:00,2022,5807,441,Union Saint-Gilloise,Anderlecht,1.0,0.0,post
603424,2022-01-30 16:00:00,2022,3611,17544,Gent,Antwerp,0.0,1.0,post
603429,2022-01-30 18:30:00,2022,559,7879,Standard Liège,KV Mechelen,1.0,2.0,post
603423,2022-01-30 21:00:00,2022,5786,570,KV Kortrijk,Club Brugge,0.0,1.0,post
603389,2022-02-02 18:45:00,2022,5786,17544,KV Kortrijk,Antwerp,0.0,2.0,post
603439,2022-02-04 20:45:00,2022,3616,20946,Charleroi,Seraing,2.0,0.0,post
603433,2022-02-05 16:15:00,2022,5786,936,KV Kortrijk,Sint-Truiden,1.0,3.0,post
603436,2022-02-05 18:30:00,2022,559,3610,Standard Liège,Cercle Brugge,1.0,1.0,post
603432,2022-02-05 18:30:00,2022,3612,5579,KV Oostende,OH Leuven,1.0,3.0,post
603438,2022-02-05 20:45:00,2022,17544,5807,Antwerp,Union Saint-Gilloise,0.0,2.0,post
603435,2022-02-06 13:30:00,2022,570,3611,Club Brugge,Gent,1.0,2.0,post
603440,2022-02-06 16:00:00,2022,7879,991,KV Mechelen,Beerschot,3.0,2.0,post
603437,2022-02-06 18:30:00,2022,441,4689,Anderlecht,Eupen,4.0,1.0,post
603434,2022-02-06 21:00:00,2022,938,4691,Genk,Zulte-Waregem,2.0,0.0,post
603400,2022-02-09 18:45:00,2022,4691,3612,Zulte-Waregem,KV Oostende,0.0,0.0,post
603427,2022-02-09 21:00:00,2022,5579,938,OH Leuven,Genk,2.0,1.0,post
603448,2022-02-11 20:45:00,2022,20946,17544,Seraing,Antwerp,0.0,1.0,post
603442,2022-02-12 16:15:00,2022,4689,3611,Eupen,Gent,0.0,1.0,post
603445,2022-02-12 18:30:00,2022,7879,3612,KV Mechelen,KV Oostende,3.0,0.0,post
603449,2022-02-12 18:30:00,2022,5579,3610,OH Leuven,Cercle Brugge,3.0,2.0,post
603447,2022-02-12 20:45:00,2022,4691,441,Zulte-Waregem,Anderlecht,1.0,2.0,post
603441,2022-02-13 13:30:00,2022,938,559,Genk,Standard Liège,2.0,0.0,post
603446,2022-02-13 16:00:00,2022,5807,936,Union Saint-Gilloise,Sint-Truiden,0.0,1.0,post
603443,2022-02-13 18:30:00,2022,570,3616,Club Brugge,Charleroi,2.0,0.0,post
603444,2022-02-13 21:00:00,2022,991,5786,Beerschot,KV Kortrijk,2.0,1.0,post
603417,2022-02-16 18:45:00,2022,938,7879,Genk,KV Mechelen,4.0,1.0,post
603450,2022-02-19 16:15:00,2022,3610,991,Cercle Brugge,Beerschot,2.0,0.0,post
603453,2022-02-19 18:30:00,2022,5786,4691,KV Kortrijk,Zulte-Waregem,5.0,0.0,post
603458,2022-02-19 18:30:00,2022,3612,559,KV Oostende,Standard Liège,1.0,0.0,post
603454,2022-02-19 20:45:00,2022,3616,5807,Charleroi,Union Saint-Gilloise,0.0,3.0,post
603456,2022-02-20 13:30:00,2022,17544,7879,Antwerp,KV Mechelen,1.0,2.0,post
603452,2022-02-20 16:00:00,2022,4689,570,Eupen,Club Brugge,1.0,3.0,post
603455,2022-02-20 18:30:00,2022,441,938,Anderlecht,Genk,2.0,0.0,post
603457,2022-02-20 21:00:00,2022,936,5579,Sint-Truiden,OH Leuven,2.0,0.0,post
603451,2022-02-23 18:45:00,2022,3611,20946,Gent,Seraing,4.0,0.0,post
603467,2022-02-25 20:45:00,2022,991,3616,Beerschot,Charleroi,2.0,3.0,post
603466,2022-02-26 16:15:00,2022,5807,4689,Union Saint-Gilloise,Eupen,0.0,0.0,post
603461,2022-02-26 18:30:00,2022,3612,936,KV Oostende,Sint-Truiden,0.0,0.0,post
603462,2022-02-26 18:30:00,2022,7879,3610,KV Mechelen,Cercle Brugge,2.0,2.0,post
603463,2022-02-26 20:45:00,2022,5579,441,OH Leuven,Anderlecht,0.0,0.0,post
603459,2022-02-27 13:30:00,2022,570,17544,Club Brugge,Antwerp,4.0,1.0,post
603460,2022-02-27 16:00:00,2022,938,5786,Genk,KV Kortrijk,2.0,0.0,post
603465,2022-02-27 18:30:00,2022,559,3611,Standard Liège,Gent,0.0,1.0,post
603464,2022-02-27 21:00:00,2022,4691,20946,Zulte-Waregem,Seraing,1.0,0.0,post
603373,2022-03-02 18:45:00,2022,559,991,Standard Liège,Beerschot,1.0,0.0,post
603471,2022-03-04 20:45:00,2022,936,7879,Sint-Truiden,KV Mechelen,1.0,1.0,post
603475,2022-03-05 16:15:00,2022,3610,938,Cercle Brugge,Genk,2.0,2.0,post
603468,2022-03-05 18:30:00,2022,5786,5807,KV Kortrijk,Union Saint-Gilloise,2.0,3.0,post
603474,2022-03-05 20:45:00,2022,20946,570,Seraing,Club Brugge,0.0,5.0,post
603472,2022-03-06 13:30:00,2022,17544,991,Antwerp,Beerschot,2.0,1.0,post
603473,2022-03-06 16:00:00,2022,441,3612,Anderlecht,KV Oostende,3.0,0.0,post
603470,2022-03-06 18:30:00,2022,3616,559,Charleroi,Standard Liège,0.0,0.0,post
603476,2022-03-06 21:00:00,2022,3611,4691,Gent,Zulte-Waregem,2.0,1.0,post
603469,2022-03-06 21:00:00,2022,4689,5579,Eupen,OH Leuven,3.0,1.0,post
603480,2022-03-11 20:45:00,2022,5579,5807,OH Leuven,Union Saint-Gilloise,1.0,4.0,post
603485,2022-03-12 16:15:00,2022,7879,3616,KV Mechelen,Charleroi,2.0,2.0,post
603484,2022-03-12 18:30:00,2022,3610,5786,Cercle Brugge,KV Kortrijk,2.0,0.0,post
603478,2022-03-12 18:30:00,2022,4691,4689,Zulte-Waregem,Eupen,3.0,0.0,post
603482,2022-03-12 20:45:00,2022,3612,570,KV Oostende,Club Brugge,1.0,3.0,post
603479,2022-03-13 13:30:00,2022,441,17544,Anderlecht,Antwerp,2.0,1.0,post
603483,2022-03-13 16:00:00,2022,938,936,Genk,Sint-Truiden,0.0,1.0,post
603477,2022-03-13 18:30:00,2022,991,3611,Beerschot,Gent,0.0,2.0,post
603481,2022-03-13 21:00:00,2022,559,20946,Standard Liège,Seraing,0.0,1.0,post
603491,2022-03-18 20:45:00,2022,5807,3612,Union Saint-Gilloise,KV Oostende,1.0,1.0,post
603487,2022-03-19 16:15:00,2022,4689,7879,Eupen,KV Mechelen,1.0,1.0,post
603490,2022-03-19 18:30:00,2022,20946,5579,Seraing,OH Leuven,1.0,1.0,post
603492,2022-03-19 18:30:00,2022,3616,3610,Charleroi,Cercle Brugge,5.0,0.0,post
603494,2022-03-19 20:45:00,2022,17544,4691,Antwerp,Zulte-Waregem,1.0,0.0,post
603489,2022-03-20 13:30:00,2022,570,938,Club Brugge,Genk,3.0,1.0,post
603486,2022-03-20 16:00:00,2022,5786,559,KV Kortrijk,Standard Liège,0.0,1.0,post
603488,2022-03-20 18:30:00,2022,3611,441,Gent,Anderlecht,1.0,0.0,post
603493,2022-03-20 21:00:00,2022,936,991,Sint-Truiden,Beerschot,3.0,2.0,post
603495,2022-04-01 20:45:00,2022,991,570,Beerschot,Club Brugge,1.0,3.0,post
603498,2022-04-02 16:15:00,2022,4691,936,Zulte-Waregem,Sint-Truiden,0.0,2.0,post
603501,2022-04-02 18:30:00,2022,7879,5786,KV Mechelen,KV Kortrijk,3.0,2.0,post
603502,2022-04-02 18:30:00,2022,3612,20946,KV Oostende,Seraing,2.0,2.0,post
603500,2022-04-02 20:45:00,2022,5579,17544,OH Leuven,Antwerp,0.0,1.0,post
603497,2022-04-03 13:30:00,2022,559,5807,Standard Liège,Union Saint-Gilloise,1.0,3.0,post
603496,2022-04-03 16:00:00,2022,3610,3611,Cercle Brugge,Gent,2.0,2.0,post
603499,2022-04-03 18:30:00,2022,441,3616,Anderlecht,Charleroi,4.0,0.0,post
603503,2022-04-03 21:00:00,2022,938,4689,Genk,Eupen,5.0,0.0,post
603510,2022-04-09 18:30:00,2022,4689,3612,Eupen,KV Oostende,0.0,2.0,post
603506,2022-04-09 20:45:00,2022,17544,3610,Antwerp,Cercle Brugge,1.0,1.0,post
603504,2022-04-10 18:30:00,2022,570,7879,Club Brugge,KV Mechelen,2.0,0.0,post
603511,2022-04-10 18:30:00,2022,3611,5579,Gent,OH Leuven,5.0,0.0,post
603509,2022-04-10 18:30:00,2022,5786,441,KV Kortrijk,Anderlecht,2.0,3.0,post
603505,2022-04-10 18:30:00,2022,20946,938,Seraing,Genk,0.0,2.0,post
603512,2022-04-10 18:30:00,2022,3616,4691,Charleroi,Zulte-Waregem,3.0,0.0,post
603507,2022-04-10 18:30:00,2022,936,559,Sint-Truiden,Standard Liège,3.0,0.0,post
603508,2022-04-10 18:30:00,2022,5807,991,Union Saint-Gilloise,Beerschot,5.0,0.0,post
634210,2022-04-23 20:45:00,2022,7879,3616,KV Mechelen,Charleroi,1.0,0.0,post
634211,2022-04-24 13:30:00,2022,570,17544,Club Brugge,Antwerp,1.0,0.0,post
634212,2022-04-24 16:00:00,2022,3611,938,Gent,Genk,0.0,1.0,post
634213,2022-04-24 18:30:00,2022,5807,441,Union Saint-Gilloise,Anderlecht,3.0,1.0,post
634214,2022-04-29 20:45:00,2022,938,7879,Genk,KV Mechelen,4.0,2.0,post
634215,2022-04-30 18:30:00,2022,3616,3611,Charleroi,Gent,1.0,3.0,post
634216,2022-05-01 13:30:00,2022,17544,5807,Antwerp,Union Saint-Gilloise,0.0,0.0,post
634217,2022-05-01 18:30:00,2022,441,570,Anderlecht,Club Brugge,0.0,0.0,post
634218,2022-05-06 20:45:00,2022,3616,938,Charleroi,Genk,2.0,2.0,post
634219,2022-05-07 20:45:00,2022,3611,7879,Gent,KV Mechelen,1.0,0.0,post
634220,2022-05-08 13:30:00,2022,5807,570,Union Saint-Gilloise,Club Brugge,0.0,2.0,post
634221,2022-05-08 18:30:00,2022,17544,441,Antwerp,Anderlecht,0.0,4.0,post
634222,2022-05-10 18:45:00,2022,7879,3611,KV Mechelen,Gent,1.0,2.0,post
634223,2022-05-10 21:00:00,2022,938,3616,Genk,Charleroi,3.0,2.0,post
634224,2022-05-11 20:30:00,2022,570,5807,Club Brugge,Union Saint-Gilloise,1.0,0.0,post
634225,2022-05-12 20:30:00,2022,441,17544,Anderlecht,Antwerp,2.0,1.0,post
634226,2022-05-14 20:45:00,2022,3616,7879,Charleroi,KV Mechelen,3.0,2.0,post
634227,2022-05-15 13:30:00,2022,17544,570,Antwerp,Club Brugge,1.0,3.0,post
634228,2022-05-15 16:00:00,2022,938,3611,Genk,Gent,0.0,2.0,post
634229,2022-05-15 18:30:00,2022,441,5807,Anderlecht,Union Saint-Gilloise,0.0,2.0,post
634231,2022-05-21 20:45:00,2022,7879,938,KV Mechelen,Genk,0.0,0.0,post
634230,2022-05-21 20:45:00,2022,3611,3616,Gent,Charleroi,1.0,2.0,post
634232,2022-05-22 16:00:00,2022,5807,17544,Union Saint-Gilloise,Antwerp,0.0,1.0,post
634233,2022-05-22 18:30:00,2022,570,441,Club Brugge,Anderlecht,1.0,1.0,post
641345,2022-07-22 20:45:00,2022,559,3611,Standard Liège,Gent,2.0,2.0,post
641346,2022-07-23 16:00:00,2022,3616,4689,Charleroi,Eupen,3.0,1.0,post
641348,2022-07-23 18:15:00,2022,5786,5579,KV Kortrijk,OH Leuven,0.0,2.0,post
641347,2022-07-23 18:15:00,2022,4691,20946,Zulte-Waregem,Seraing,2.0,0.0,post
641349,2022-07-23 20:45:00,2022,936,5807,Sint-Truiden,Union Saint-Gilloise,1.0,1.0,post
641350,2022-07-24 13:30:00,2022,570,938,Club Brugge,Genk,3.0,2.0,post
641351,2022-07-24 16:00:00,2022,7879,17544,KV Mechelen,Antwerp,0.0,2.0,post
641352,2022-07-24 18:30:00,2022,441,3612,Anderlecht,KV Oostende,2.0,0.0,post
641353,2022-07-24 21:00:00,2022,606,3610,KVC Westerlo,Cercle Brugge,2.0,0.0,post
641354,2022-07-29 20:45:00,2022,5807,3616,Union Saint-Gilloise,Charleroi,1.0,0.0,post
641355,2022-07-30 16:00:00,2022,3610,441,Cercle Brugge,Anderlecht,1.0,0.0,post
641357,2022-07-30 18:15:00,2022,5579,606,OH Leuven,KVC Westerlo,2.0,0.0,post
641356,2022-07-30 18:15:00,2022,3612,7879,KV Oostende,KV Mechelen,2.0,1.0,post
641358,2022-07-30 20:45:00,2022,3611,936,Gent,Sint-Truiden,1.0,1.0,post
641359,2022-07-31 13:30:00,2022,938,559,Genk,Standard Liège,3.0,1.0,post
641360,2022-07-31 16:00:00,2022,4689,570,Eupen,Club Brugge,2.0,1.0,post
641361,2022-07-31 18:30:00,2022,20946,5786,Seraing,KV Kortrijk,0.0,1.0,post
641362,2022-07-31 21:00:00,2022,17544,4691,Antwerp,Zulte-Waregem,1.0,0.0,post
641363,2022-08-05 20:45:00,2022,570,4691,Club Brugge,Zulte-Waregem,1.0,1.0,post
641364,2022-08-06 16:00:00,2022,938,4689,Genk,Eupen,4.0,2.0,post
641365,2022-08-06 18:15:00,2022,5786,936,KV Kortrijk,Sint-Truiden,0.0,0.0,post
641366,2022-08-06 18:15:00,2022,3616,3612,Charleroi,KV Oostende,1.0,3.0,post
641367,2022-08-06 20:45:00,2022,7879,5807,KV Mechelen,Union Saint-Gilloise,3.0,0.0,post
641368,2022-08-07 13:30:00,2022,559,3610,Standard Liège,Cercle Brugge,2.0,0.0,post
641369,2022-08-07 16:00:00,2022,3611,606,Gent,KVC Westerlo,2.0,1.0,post
641370,2022-08-07 18:30:00,2022,441,20946,Anderlecht,Seraing,3.0,1.0,post
641371,2022-08-07 21:00:00,2022,17544,5579,Antwerp,OH Leuven,4.0,2.0,post
641372,2022-08-12 20:45:00,2022,3612,3611,KV Oostende,Gent,1.0,3.0,post
641373,2022-08-13 16:00:00,2022,606,559,KVC Westerlo,Standard Liège,4.0,2.0,post
641375,2022-08-13 18:15:00,2022,3610,7879,Cercle Brugge,KV Mechelen,0.0,0.0,post
641374,2022-08-13 18:15:00,2022,20946,3616,Seraing,Charleroi,0.0,1.0,post
641376,2022-08-13 20:45:00,2022,5807,5786,Union Saint-Gilloise,KV Kortrijk,2.0,1.0,post
641377,2022-08-14 13:30:00,2022,936,441,Sint-Truiden,Anderlecht,0.0,3.0,post
641378,2022-08-14 16:00:00,2022,4689,17544,Eupen,Antwerp,0.0,1.0,post
641379,2022-08-14 18:30:00,2022,5579,570,OH Leuven,Club Brugge,0.0,3.0,post
641380,2022-08-14 21:00:00,2022,4691,938,Zulte-Waregem,Genk,1.0,4.0,post
641381,2022-08-19 20:45:00,2022,4689,20946,Eupen,Seraing,1.0,3.0,post
641383,2022-08-20 16:00:00,2022,3612,936,KV Oostende,Sint-Truiden,0.0,1.0,post
641384,2022-08-20 18:15:00,2022,938,3610,Genk,Cercle Brugge,2.0,1.0,post
641386,2022-08-21 13:30:00,2022,570,5786,Club Brugge,KV Kortrijk,2.0,1.0,post
641387,2022-08-21 16:00:00,2022,4691,3616,Zulte-Waregem,Charleroi,1.0,3.0,post
641388,2022-08-21 18:30:00,2022,559,5579,Standard Liège,OH Leuven,1.0,3.0,post
641389,2022-08-21 21:00:00,2022,7879,606,KV Mechelen,KVC Westerlo,5.0,4.0,post
641390,2022-08-26 20:45:00,2022,3616,570,Charleroi,Club Brugge,1.0,3.0,post
641391,2022-08-27 16:00:00,2022,20946,938,Seraing,Genk,0.0,4.0,post
641393,2022-08-27 18:15:00,2022,3610,4691,Cercle Brugge,Zulte-Waregem,1.0,1.0,post
641392,2022-08-27 18:15:00,2022,5579,3612,OH Leuven,KV Oostende,2.0,1.0,post
641394,2022-08-27 20:45:00,2022,936,7879,Sint-Truiden,KV Mechelen,3.0,1.0,post
641395,2022-08-28 13:30:00,2022,3611,17544,Gent,Antwerp,1.0,2.0,post
641396,2022-08-28 16:00:00,2022,5786,559,KV Kortrijk,Standard Liège,0.0,1.0,post
641397,2022-08-28 18:30:00,2022,5807,441,Union Saint-Gilloise,Anderlecht,2.0,1.0,post
641398,2022-08-28 21:00:00,2022,606,4689,KVC Westerlo,Eupen,0.0,1.0,post
641385,2022-08-31 20:30:00,2022,17544,5807,Antwerp,Union Saint-Gilloise,4.0,2.0,post
641382,2022-09-01 20:30:00,2022,441,3611,Anderlecht,Gent,0.0,1.0,post
641399,2022-09-02 20:45:00,2022,570,3610,Club Brugge,Cercle Brugge,4.0,0.0,post
641401,2022-09-03 16:00:00,2022,938,936,Genk,Sint-Truiden,0.0,0.0,post
641403,2022-09-03 18:15:00,2022,7879,20946,KV Mechelen,Seraing,2.0,3.0,post
641400,2022-09-03 18:15:00,2022,4689,5786,Eupen,KV Kortrijk,0.0,1.0,post
641402,2022-09-03 20:45:00,2022,559,3612,Standard Liège,KV Oostende,1.0,0.0,post
641407,2022-09-04 13:30:00,2022,441,5579,Anderlecht,OH Leuven,2.0,2.0,post
641404,2022-09-04 16:00:00,2022,17544,606,Antwerp,KVC Westerlo,3.0,0.0,post
641406,2022-09-04 18:30:00,2022,3616,3611,Charleroi,Gent,2.0,1.0,post
641405,2022-09-04 21:00:00,2022,4691,5807,Zulte-Waregem,Union Saint-Gilloise,1.0,3.0,post
641415,2022-09-09 20:45:00,2022,936,559,Sint-Truiden,Standard Liège,1.0,2.0,post
641410,2022-09-10 16:00:00,2022,5786,7879,KV Kortrijk,KV Mechelen,1.0,4.0,post
641411,2022-09-10 18:15:00,2022,3612,4689,KV Oostende,Eupen,1.0,0.0,post
641414,2022-09-10 18:15:00,2022,20946,570,Seraing,Club Brugge,0.0,2.0,post
641413,2022-09-10 20:45:00,2022,5579,3616,OH Leuven,Charleroi,3.0,2.0,post
641412,2022-09-11 13:30:00,2022,606,441,KVC Westerlo,Anderlecht,2.0,1.0,post
641408,2022-09-11 16:00:00,2022,3610,17544,Cercle Brugge,Antwerp,0.0,2.0,post
641416,2022-09-11 18:30:00,2022,5807,938,Union Saint-Gilloise,Genk,1.0,2.0,post
641409,2022-09-11 21:00:00,2022,3611,4691,Gent,Zulte-Waregem,2.0,0.0,post
641422,2022-09-16 20:45:00,2022,17544,20946,Antwerp,Seraing,2.0,1.0,post
641420,2022-09-17 16:00:00,2022,7879,5579,KV Mechelen,OH Leuven,0.0,0.0,post
641417,2022-09-17 18:15:00,2022,3610,3612,Cercle Brugge,KV Oostende,2.0,2.0,post
641423,2022-09-17 18:15:00,2022,4691,936,Zulte-Waregem,Sint-Truiden,0.0,3.0,post
641424,2022-09-17 20:45:00,2022,3616,606,Charleroi,KVC Westerlo,2.0,3.0,post
641419,2022-09-18 13:30:00,2022,938,3611,Genk,Gent,1.0,0.0,post
641418,2022-09-18 16:00:00,2022,4689,5807,Eupen,Union Saint-Gilloise,1.0,2.0,post
641425,2022-09-18 18:30:00,2022,559,570,Standard Liège,Club Brugge,3.0,0.0,post
641421,2022-09-18 21:00:00,2022,441,5786,Anderlecht,KV Kortrijk,4.0,1.0,post
641434,2022-09-30 20:45:00,2022,559,20946,Standard Liège,Seraing,0.0,2.0,post
641431,2022-10-01 16:00:00,2022,5579,5807,OH Leuven,Union Saint-Gilloise,0.0,3.0,post
641429,2022-10-01 18:15:00,2022,3612,938,KV Oostende,Genk,1.0,2.0,post
641430,2022-10-01 18:15:00,2022,606,4691,KVC Westerlo,Zulte-Waregem,2.0,0.0,post
641426,2022-10-01 20:45:00,2022,570,7879,Club Brugge,KV Mechelen,3.0,0.0,post
641432,2022-10-02 13:30:00,2022,441,3616,Anderlecht,Charleroi,0.0,1.0,post
641427,2022-10-02 16:00:00,2022,3611,3610,Gent,Cercle Brugge,3.0,4.0,post
641428,2022-10-02 18:30:00,2022,5786,17544,KV Kortrijk,Antwerp,2.0,1.0,post
641433,2022-10-02 21:00:00,2022,936,4689,Sint-Truiden,Eupen,0.0,1.0,post
641440,2022-10-07 20:45:00,2022,17544,936,Antwerp,Sint-Truiden,2.0,0.0,post
641436,2022-10-08 16:00:00,2022,938,5786,Genk,KV Kortrijk,2.0,1.0,post
641443,2022-10-08 18:15:00,2022,20946,3612,Seraing,KV Oostende,1.0,1.0,post
641441,2022-10-08 18:15:00,2022,4691,5579,Zulte-Waregem,OH Leuven,2.0,5.0,post
641438,2022-10-08 20:45:00,2022,570,606,Club Brugge,KVC Westerlo,0.0,2.0,post
641435,2022-10-09 13:30:00,2022,7879,441,KV Mechelen,Anderlecht,1.0,3.0,post
641437,2022-10-09 16:00:00,2022,4689,3611,Eupen,Gent,0.0,4.0,post
641442,2022-10-09 18:30:00,2022,3616,559,Charleroi,Standard Liège,0.0,1.0,post
641439,2022-10-09 21:00:00,2022,5807,3610,Union Saint-Gilloise,Cercle Brugge,2.0,1.0,post
641446,2022-10-14 20:45:00,2022,606,20946,KVC Westerlo,Seraing,2.0,2.0,post
641444,2022-10-15 16:00:00,2022,5786,4691,KV Kortrijk,Zulte-Waregem,1.0,3.0,post
641451,2022-10-15 18:15:00,2022,936,3616,Sint-Truiden,Charleroi,2.0,1.0,post
641452,2022-10-15 18:15:00,2022,3610,4689,Cercle Brugge,Eupen,5.0,1.0,post
641449,2022-10-15 20:45:00,2022,5579,938,OH Leuven,Genk,0.0,1.0,post
641448,2022-10-16 13:30:00,2022,559,17544,Standard Liège,Antwerp,3.0,0.0,post
641445,2022-10-16 16:00:00,2022,3611,7879,Gent,KV Mechelen,3.0,0.0,post
641450,2022-10-16 18:30:00,2022,441,570,Anderlecht,Club Brugge,0.0,1.0,post
641447,2022-10-16 21:00:00,2022,3612,5807,KV Oostende,Union Saint-Gilloise,1.0,6.0,post
641461,2022-10-18 18:30:00,2022,4689,5579,Eupen,OH Leuven,4.0,2.0,post
641457,2022-10-18 18:30:00,2022,3616,5786,Charleroi,KV Kortrijk,2.0,2.0,post
641456,2022-10-18 20:45:00,2022,938,606,Genk,KVC Westerlo,6.0,1.0,post
641459,2022-10-18 20:45:00,2022,20946,3610,Seraing,Cercle Brugge,0.0,1.0,post
641460,2022-10-19 18:30:00,2022,5807,3611,Union Saint-Gilloise,Gent,2.0,0.0,post
641458,2022-10-19 20:45:00,2022,570,936,Club Brugge,Sint-Truiden,3.0,0.0,post
641455,2022-10-19 20:45:00,2022,7879,559,KV Mechelen,Standard Liège,2.0,0.0,post
641453,2022-10-20 18:30:00,2022,17544,3612,Antwerp,KV Oostende,3.0,0.0,post
641454,2022-10-20 20:45:00,2022,4691,441,Zulte-Waregem,Anderlecht,3.0,2.0,post
641462,2022-10-21 20:45:00,2022,3610,3616,Cercle Brugge,Charleroi,4.0,1.0,post
641464,2022-10-22 16:00:00,2022,5786,606,KV Kortrijk,KVC Westerlo,0.0,2.0,post
641470,2022-10-22 18:15:00,2022,7879,4689,KV Mechelen,Eupen,2.0,1.0,post
641468,2022-10-22 18:15:00,2022,936,5579,Sint-Truiden,OH Leuven,0.0,0.0,post
641466,2022-10-22 20:45:00,2022,5807,570,Union Saint-Gilloise,Club Brugge,2.0,2.0,post
641469,2022-10-23 13:30:00,2022,17544,938,Antwerp,Genk,1.0,3.0,post
641465,2022-10-23 16:00:00,2022,3611,20946,Gent,Seraing,2.0,1.0,post
641463,2022-10-23 21:00:00,2022,3612,4691,KV Oostende,Zulte-Waregem,2.0,1.0,post
641478,2022-10-28 20:45:00,2022,938,7879,Genk,KV Mechelen,3.0,1.0,post
641475,2022-10-29 16:00:00,2022,4691,559,Zulte-Waregem,Standard Liège,0.0,3.0,post
641477,2022-10-29 18:15:00,2022,5786,3610,KV Kortrijk,Cercle Brugge,1.0,1.0,post
641476,2022-10-29 18:15:00,2022,606,936,KVC Westerlo,Sint-Truiden,2.0,3.0,post
641472,2022-10-29 20:45:00,2022,570,3612,Club Brugge,KV Oostende,4.0,2.0,post
641474,2022-10-30 13:30:00,2022,441,4689,Anderlecht,Eupen,4.0,2.0,post
641473,2022-10-30 16:00:00,2022,20946,5807,Seraing,Union Saint-Gilloise,1.0,2.0,post
641471,2022-10-30 18:30:00,2022,5579,3611,OH Leuven,Gent,1.0,1.0,post
641479,2022-10-30 21:00:00,2022,3616,17544,Charleroi,Antwerp,1.0,0.0,post
641483,2022-11-04 20:45:00,2022,938,3616,Genk,Charleroi,4.0,1.0,post
641485,2022-11-05 16:00:00,2022,7879,4691,KV Mechelen,Zulte-Waregem,2.0,2.0,post
641480,2022-11-05 18:15:00,2022,3610,5579,Cercle Brugge,OH Leuven,2.0,1.0,post
641486,2022-11-05 18:15:00,2022,20946,936,Seraing,Sint-Truiden,1.0,2.0,post
641482,2022-11-05 20:45:00,2022,4689,559,Eupen,Standard Liège,2.0,0.0,post
641481,2022-11-06 13:30:00,2022,3611,570,Gent,Club Brugge,2.0,0.0,post
641488,2022-11-06 16:00:00,2022,5807,606,Union Saint-Gilloise,KVC Westerlo,1.0,1.0,post
641487,2022-11-06 18:30:00,2022,17544,441,Antwerp,Anderlecht,0.0,0.0,post
641484,2022-11-06 21:00:00,2022,3612,5786,KV Oostende,KV Kortrijk,3.0,1.0,post
641492,2022-11-11 20:45:00,2022,5579,20946,OH Leuven,Seraing,5.0,0.0,post
641491,2022-11-12 16:00:00,2022,606,3612,KVC Westerlo,KV Oostende,6.0,0.0,post
641494,2022-11-12 18:15:00,2022,4691,4689,Zulte-Waregem,Eupen,5.0,5.0,post
641495,2022-11-12 18:15:00,2022,936,3610,Sint-Truiden,Cercle Brugge,0.0,1.0,post
641496,2022-11-12 20:45:00,2022,3616,7879,Charleroi,KV Mechelen,1.0,0.0,post
641489,2022-11-13 13:30:00,2022,570,17544,Club Brugge,Antwerp,2.0,2.0,post
641497,2022-11-13 16:00:00,2022,559,5807,Standard Liège,Union Saint-Gilloise,2.0,3.0,post
641493,2022-11-13 18:30:00,2022,441,938,Anderlecht,Genk,0.0,2.0,post
641490,2022-11-13 21:00:00,2022,5786,3611,KV Kortrijk,Gent,0.0,4.0,post
641503,2022-12-23 18:30:00,2022,20946,4689,Seraing,Eupen,0.0,1.0,post
641499,2022-12-23 20:30:00,2022,3611,559,Gent,Standard Liège,0.0,0.0,post
641506,2022-12-23 20:30:00,2022,7879,3610,KV Mechelen,Cercle Brugge,1.0,1.0,post
641498,2022-12-26 13:30:00,2022,570,5579,Club Brugge,OH Leuven,1.0,1.0,post
641502,2022-12-26 16:00:00,2022,5807,3612,Union Saint-Gilloise,KV Oostende,3.0,0.0,post
641500,2022-12-26 18:15:00,2022,5786,938,KV Kortrijk,Genk,1.0,0.0,post
641505,2022-12-26 20:45:00,2022,3616,441,Charleroi,Anderlecht,0.0,1.0,post
641504,2022-12-27 20:00:00,2022,936,4691,Sint-Truiden,Zulte-Waregem,2.0,0.0,post
641501,2022-12-27 20:00:00,2022,606,17544,KVC Westerlo,Antwerp,3.0,3.0,post
641509,2023-01-06 20:45:00,2023,559,936,Standard Liège,Sint-Truiden,1.0,1.0,post
641515,2023-01-07 16:00:00,2023,4689,3616,Eupen,Charleroi,1.0,2.0,post
641514,2023-01-07 18:15:00,2023,3610,606,Cercle Brugge,KVC Westerlo,0.0,1.0,post
641507,2023-01-07 18:15:00,2023,3612,20946,KV Oostende,Seraing,1.0,2.0,post
641511,2023-01-07 20:45:00,2023,17544,3611,Antwerp,Gent,2.0,0.0,post
641508,2023-01-08 13:30:00,2023,938,570,Genk,Club Brugge,3.0,1.0,post
641510,2023-01-08 16:00:00,2023,4691,7879,Zulte-Waregem,KV Mechelen,2.0,0.0,post
641512,2023-01-08 18:30:00,2023,441,5807,Anderlecht,Union Saint-Gilloise,1.0,3.0,post
641513,2023-01-08 21:00:00,2023,5579,5786,OH Leuven,KV Kortrijk,2.0,3.0,post
641520,2023-01-13 20:45:00,2023,606,5579,KVC Westerlo,OH Leuven,1.0,2.0,post
641518,2023-01-14 16:00:00,2023,20946,559,Seraing,Standard Liège,1.0,1.0,post
641522,2023-01-14 18:15:00,2023,4689,936,Eupen,Sint-Truiden,0.0,2.0,post
641519,2023-01-14 18:15:00,2023,7879,3612,KV Mechelen,KV Oostende,2.0,1.0,post
641521,2023-01-14 20:45:00,2023,938,4691,Genk,Zulte-Waregem,1.0,0.0,post
641516,2023-01-15 13:30:00,2023,570,441,Club Brugge,Anderlecht,1.0,1.0,post
641523,2023-01-15 16:00:00,2023,3611,5786,Gent,KV Kortrijk,2.0,1.0,post
641524,2023-01-15 18:30:00,2023,5807,17544,Union Saint-Gilloise,Antwerp,2.0,0.0,post
641517,2023-01-15 21:00:00,2023,3616,3610,Charleroi,Cercle Brugge,2.0,1.0,post
641525,2023-01-17 18:30:00,2023,5579,4689,OH Leuven,Eupen,1.0,1.0,post
641529,2023-01-17 20:45:00,2023,606,938,KVC Westerlo,Genk,2.0,3.0,post
641528,2023-01-17 20:45:00,2023,559,7879,Standard Liège,KV Mechelen,2.0,0.0,post
641530,2023-01-18 18:30:00,2023,3610,5807,Cercle Brugge,Union Saint-Gilloise,1.0,1.0,post
641531,2023-01-18 18:30:00,2023,3612,17544,KV Oostende,Antwerp,0.0,3.0,post
641526,2023-01-18 20:45:00,2023,441,4691,Anderlecht,Zulte-Waregem,2.0,3.0,post
641532,2023-01-18 20:45:00,2023,5786,20946,KV Kortrijk,Seraing,3.0,2.0,post
641533,2023-01-19 18:30:00,2023,3611,3616,Gent,Charleroi,0.0,0.0,post
641527,2023-01-19 20:45:00,2023,936,570,Sint-Truiden,Club Brugge,1.0,1.0,post
641539,2023-01-21 16:00:00,2023,4691,606,Zulte-Waregem,KVC Westerlo,1.0,1.0,post
641534,2023-01-21 18:15:00,2023,3612,3610,KV Oostende,Cercle Brugge,1.0,2.0,post
641542,2023-01-21 18:15:00,2023,7879,5786,KV Mechelen,KV Kortrijk,3.0,2.0,post
641537,2023-01-21 20:45:00,2023,5807,5579,Union Saint-Gilloise,OH Leuven,1.0,0.0,post
641540,2023-01-22 13:30:00,2023,17544,559,Antwerp,Standard Liège,4.0,1.0,post
641541,2023-01-22 16:00:00,2023,20946,441,Seraing,Anderlecht,0.0,1.0,post
641535,2023-01-22 18:30:00,2023,570,3616,Club Brugge,Charleroi,2.0,2.0,post
641538,2023-01-22 21:00:00,2023,936,3611,Sint-Truiden,Gent,0.0,3.0,post
641548,2023-01-27 20:45:00,2023,559,4689,Standard Liège,Eupen,3.0,1.0,post
641551,2023-01-28 16:00:00,2023,606,7879,KVC Westerlo,KV Mechelen,2.0,0.0,post
641546,2023-01-28 18:15:00,2023,5786,3612,KV Kortrijk,KV Oostende,2.0,2.0,post
641547,2023-01-28 18:15:00,2023,5579,936,OH Leuven,Sint-Truiden,1.0,1.0,post
641544,2023-01-28 20:45:00,2023,3616,5807,Charleroi,Union Saint-Gilloise,0.0,1.0,post
641550,2023-01-29 13:30:00,2023,441,17544,Anderlecht,Antwerp,0.0,0.0,post
641543,2023-01-29 16:00:00,2023,3610,3611,Cercle Brugge,Gent,3.0,2.0,post
641549,2023-01-29 18:30:00,2023,4691,570,Zulte-Waregem,Club Brugge,1.0,2.0,post
641545,2023-01-29 21:00:00,2023,938,20946,Genk,Seraing,4.0,0.0,post
641536,2023-02-01 18:45:00,2023,4689,938,Eupen,Genk,1.0,1.0,post
641554,2023-02-03 20:45:00,2023,3612,441,KV Oostende,Anderlecht,0.0,2.0,post
641555,2023-02-04 16:00:00,2023,3610,559,Cercle Brugge,Standard Liège,1.0,1.0,post
641553,2023-02-04 18:15:00,2023,4689,606,Eupen,KVC Westerlo,1.0,1.0,post
641560,2023-02-04 18:15:00,2023,20946,5579,Seraing,OH Leuven,2.0,1.0,post
641558,2023-02-04 20:45:00,2023,936,5786,Sint-Truiden,KV Kortrijk,1.0,0.0,post
641557,2023-02-05 13:30:00,2023,17544,570,Antwerp,Club Brugge,0.0,0.0,post
641556,2023-02-05 16:00:00,2023,7879,3616,KV Mechelen,Charleroi,2.0,2.0,post
641552,2023-02-05 18:30:00,2023,3611,938,Gent,Genk,2.0,3.0,post
641559,2023-02-05 19:15:00,2023,5807,4691,Union Saint-Gilloise,Zulte-Waregem,4.0,0.0,post
641564,2023-02-10 20:00:00,2023,5579,3610,OH Leuven,Cercle Brugge,0.0,0.0,post
641569,2023-02-10 20:45:00,2023,570,5807,Club Brugge,Union Saint-Gilloise,1.0,1.0,post
641561,2023-02-10 20:45:00,2023,4689,7879,Eupen,KV Mechelen,2.0,1.0,post
641563,2023-02-11 16:00:00,2023,606,3611,KVC Westerlo,Gent,3.0,3.0,post
641567,2023-02-11 18:15:00,2023,3616,20946,Charleroi,Seraing,3.0,0.0,post
641562,2023-02-12 13:30:00,2023,938,17544,Genk,Antwerp,0.0,1.0,post
641565,2023-02-12 16:00:00,2023,441,936,Anderlecht,Sint-Truiden,3.0,1.0,post
641568,2023-02-12 18:30:00,2023,559,5786,Standard Liège,KV Kortrijk,0.0,2.0,post
641566,2023-02-12 19:15:00,2023,4691,3612,Zulte-Waregem,KV Oostende,1.0,1.0,post
641574,2023-02-17 20:45:00,2023,7879,938,KV Mechelen,Genk,2.0,2.0,post
641572,2023-02-18 16:00:00,2023,17544,4689,Antwerp,Eupen,2.0,0.0,post
641575,2023-02-18 18:15:00,2023,3612,3616,KV Oostende,Charleroi,0.0,0.0,post
641573,2023-02-18 18:15:00,2023,20946,4691,Seraing,Zulte-Waregem,1.0,1.0,post
641570,2023-02-18 20:45:00,2023,5807,559,Union Saint-Gilloise,Standard Liège,2.0,4.0,post
641578,2023-02-19 13:30:00,2023,3610,570,Cercle Brugge,Club Brugge,2.0,2.0,post
641577,2023-02-19 16:00:00,2023,3611,5579,Gent,OH Leuven,2.0,0.0,post
641576,2023-02-19 18:30:00,2023,5786,441,KV Kortrijk,Anderlecht,2.0,2.0,post
641571,2023-02-19 19:15:00,2023,936,606,Sint-Truiden,KVC Westerlo,0.0,1.0,post
641581,2023-02-24 20:45:00,2023,4691,5786,Zulte-Waregem,KV Kortrijk,3.0,3.0,post
641583,2023-02-25 16:00:00,2023,20946,7879,Seraing,KV Mechelen,0.0,2.0,post
641586,2023-02-25 18:15:00,2023,938,3612,Genk,KV Oostende,3.0,0.0,post
641587,2023-02-25 18:15:00,2023,4689,3610,Eupen,Cercle Brugge,2.0,2.0,post
641585,2023-02-25 20:45:00,2023,606,5807,KVC Westerlo,Union Saint-Gilloise,4.0,2.0,post
641579,2023-02-26 13:30:00,2023,570,3611,Club Brugge,Gent,2.0,0.0,post
641584,2023-02-26 16:00:00,2023,5579,17544,OH Leuven,Antwerp,1.0,1.0,post
641582,2023-02-26 18:30:00,2023,441,559,Anderlecht,Standard Liège,2.0,2.0,post
641580,2023-02-26 19:15:00,2023,3616,936,Charleroi,Sint-Truiden,1.0,0.0,post
641596,2023-03-03 20:45:00,2023,3612,570,KV Oostende,Club Brugge,3.0,0.0,post
641593,2023-03-04 16:00:00,2023,5786,3616,KV Kortrijk,Charleroi,0.0,1.0,post
641595,2023-03-04 18:15:00,2023,3610,20946,Cercle Brugge,Seraing,3.0,1.0,post
641591,2023-03-04 18:15:00,2023,5579,4691,OH Leuven,Zulte-Waregem,4.0,2.0,post
641588,2023-03-04 20:45:00,2023,559,606,Standard Liège,KVC Westerlo,2.0,0.0,post
641589,2023-03-05 13:30:00,2023,936,938,Sint-Truiden,Genk,2.0,2.0,post
641590,2023-03-05 16:00:00,2023,17544,7879,Antwerp,KV Mechelen,5.0,0.0,post
641594,2023-03-05 18:30:00,2023,3611,441,Gent,Anderlecht,1.0,0.0,post
641592,2023-03-05 19:15:00,2023,5807,4689,Union Saint-Gilloise,Eupen,2.0,1.0,post
641604,2023-03-10 20:45:00,2023,3616,5579,Charleroi,OH Leuven,0.0,1.0,post
641600,2023-03-11 16:00:00,2023,7879,936,KV Mechelen,Sint-Truiden,1.0,0.0,post
641603,2023-03-11 18:15:00,2023,4689,3612,Eupen,KV Oostende,4.0,4.0,post
641599,2023-03-11 18:15:00,2023,606,5786,KVC Westerlo,KV Kortrijk,3.0,1.0,post
641601,2023-03-11 20:45:00,2023,20946,17544,Seraing,Antwerp,0.0,2.0,post
641605,2023-03-12 13:30:00,2023,570,559,Club Brugge,Standard Liège,2.0,0.0,post
641597,2023-03-12 16:00:00,2023,4691,3611,Zulte-Waregem,Gent,2.0,6.0,post
641598,2023-03-12 18:30:00,2023,938,5807,Genk,Union Saint-Gilloise,1.0,2.0,post
641602,2023-03-12 19:15:00,2023,441,3610,Anderlecht,Cercle Brugge,2.0,0.0,post
641610,2023-03-17 20:45:00,2023,3610,938,Cercle Brugge,Genk,1.0,1.0,post
641608,2023-03-18 16:00:00,2023,5786,570,KV Kortrijk,Club Brugge,1.0,0.0,post
641613,2023-03-18 18:15:00,2023,3612,606,KV Oostende,KVC Westerlo,1.0,2.0,post
641606,2023-03-18 18:15:00,2023,936,20946,Sint-Truiden,Seraing,2.0,1.0,post
641609,2023-03-18 20:45:00,2023,559,4691,Standard Liège,Zulte-Waregem,2.0,2.0,post
641607,2023-03-19 13:30:00,2023,17544,3616,Antwerp,Charleroi,0.0,1.0,post
641614,2023-03-19 16:00:00,2023,5579,441,OH Leuven,Anderlecht,0.0,2.0,post
641612,2023-03-19 18:30:00,2023,5807,7879,Union Saint-Gilloise,KV Mechelen,2.0,1.0,post
641611,2023-03-19 19:15:00,2023,3611,4689,Gent,Eupen,3.0,0.0,post
641616,2023-03-31 20:45:00,2023,4691,17544,Zulte-Waregem,Antwerp,0.0,2.0,post
641619,2023-04-01 16:00:00,2023,3610,5786,Cercle Brugge,KV Kortrijk,2.0,0.0,post
641621,2023-04-01 18:15:00,2023,606,3616,KVC Westerlo,Charleroi,2.0,3.0,post
641623,2023-04-01 18:15:00,2023,20946,3611,Seraing,Gent,0.0,5.0,post
641622,2023-04-01 20:45:00,2023,3612,559,KV Oostende,Standard Liège,1.0,3.0,post
641615,2023-04-02 13:30:00,2023,938,5579,Genk,OH Leuven,2.0,1.0,post
641618,2023-04-02 16:00:00,2023,4689,441,Eupen,Anderlecht,0.0,1.0,post
641620,2023-04-02 18:30:00,2023,7879,570,KV Mechelen,Club Brugge,0.0,3.0,post
641617,2023-04-02 19:15:00,2023,5807,936,Union Saint-Gilloise,Sint-Truiden,2.0,1.0,post
641630,2023-04-07 20:45:00,2023,570,20946,Club Brugge,Seraing,2.0,0.0,post
641632,2023-04-08 16:00:00,2023,5579,7879,OH Leuven,KV Mechelen,4.0,1.0,post
641631,2023-04-08 16:00:00,2023,5786,4689,KV Kortrijk,Eupen,0.0,0.0,post
641629,2023-04-08 18:15:00,2023,3616,4691,Charleroi,Zulte-Waregem,3.0,2.0,post
641627,2023-04-08 20:45:00,2023,3611,5807,Gent,Union Saint-Gilloise,1.0,1.0,post
641625,2023-04-09 13:30:00,2023,441,606,Anderlecht,KVC Westerlo,0.0,0.0,post
641624,2023-04-09 16:00:00,2023,17544,3610,Antwerp,Cercle Brugge,2.0,1.0,post
641628,2023-04-09 18:30:00,2023,559,938,Standard Liège,Genk,2.0,0.0,post
641626,2023-04-09 19:15:00,2023,936,3612,Sint-Truiden,KV Oostende,5.0,0.0,post
641640,2023-04-14 20:45:00,2023,559,3616,Standard Liège,Charleroi,3.0,1.0,post
641635,2023-04-15 16:00:00,2023,4689,4691,Eupen,Zulte-Waregem,1.0,5.0,post
641638,2023-04-15 18:15:00,2023,3610,936,Cercle Brugge,Sint-Truiden,3.0,1.0,post
641641,2023-04-15 18:15:00,2023,3612,5579,KV Oostende,OH Leuven,0.0,4.0,post
641637,2023-04-15 20:45:00,2023,606,570,KVC Westerlo,Club Brugge,0.0,0.0,post
641636,2023-04-16 13:30:00,2023,938,441,Genk,Anderlecht,5.0,2.0,post
641634,2023-04-16 16:00:00,2023,7879,3611,KV Mechelen,Gent,1.0,1.0,post
641639,2023-04-16 18:30:00,2023,17544,5786,Antwerp,KV Kortrijk,1.0,0.0,post
641633,2023-04-16 19:15:00,2023,5807,20946,Union Saint-Gilloise,Seraing,2.0,1.0,post
641643,2023-04-22 18:15:00,2023,20946,606,Seraing,KVC Westerlo,1.0,1.0,post
641647,2023-04-23 13:30:00,2023,936,17544,Sint-Truiden,Antwerp,0.0,1.0,post
641644,2023-04-23 18:30:00,2023,441,7879,Anderlecht,KV Mechelen,2.0,3.0,post
641650,2023-04-23 18:30:00,2023,570,4689,Club Brugge,Eupen,7.0,0.0,post
641649,2023-04-23 18:30:00,2023,3611,3612,Gent,KV Oostende,1.0,2.0,post
641646,2023-04-23 18:30:00,2023,5786,5807,KV Kortrijk,Union Saint-Gilloise,2.0,4.0,post
641642,2023-04-23 18:30:00,2023,5579,559,OH Leuven,Standard Liège,3.0,2.0,post
641648,2023-04-23 18:30:00,2023,3616,938,Charleroi,Genk,2.0,2.0,post
641645,2023-04-23 18:30:00,2023,4691,3610,Zulte-Waregem,Cercle Brugge,2.0,3.0,post
668584,2023-04-28 20:45:00,2023,3611,606,Gent,KVC Westerlo,3.0,1.0,post
668585,2023-04-29 18:15:00,2023,3610,559,Cercle Brugge,Standard Liège,0.0,0.0,post
668586,2023-04-30 18:30:00,2023,938,570,Genk,Club Brugge,3.0,1.0,post
668587,2023-05-03 20:30:00,2023,5807,17544,Union Saint-Gilloise,Antwerp,0.0,2.0,post
668588,2023-05-06 18:15:00,2023,570,5807,Club Brugge,Union Saint-Gilloise,1.0,2.0,post
668589,2023-05-06 20:45:00,2023,559,3611,Standard Liège,Gent,1.0,2.0,post
668590,2023-05-07 13:30:00,2023,606,3610,KVC Westerlo,Cercle Brugge,3.0,5.0,post
668591,2023-05-07 18:30:00,2023,17544,938,Antwerp,Genk,2.0,1.0,post
668592,2023-05-13 18:15:00,2023,3610,3611,Cercle Brugge,Gent,0.0,4.0,post
668593,2023-05-13 20:45:00,2023,559,606,Standard Liège,KVC Westerlo,2.0,2.0,post
668594,2023-05-14 13:30:00,2023,17544,570,Antwerp,Club Brugge,3.0,2.0,post
668595,2023-05-14 18:30:00,2023,5807,938,Union Saint-Gilloise,Genk,3.0,0.0,post
668596,2023-05-20 18:15:00,2023,606,559,KVC Westerlo,Standard Liège,3.0,0.0,post
668597,2023-05-20 20:45:00,2023,3611,3610,Gent,Cercle Brugge,2.0,2.0,post
668598,2023-05-21 13:30:00,2023,570,17544,Club Brugge,Antwerp,2.0,0.0,post
668599,2023-05-21 18:30:00,2023,938,5807,Genk,Union Saint-Gilloise,1.0,1.0,post
668600,2023-05-27 18:15:00,2023,606,3611,KVC Westerlo,Gent,1.0,3.0,post
668601,2023-05-27 20:45:00,2023,559,3610,Standard Liège,Cercle Brugge,0.0,4.0,post
668602,2023-05-28 13:30:00,2023,17544,5807,Antwerp,Union Saint-Gilloise,1.0,1.0,post
668603,2023-05-28 18:30:00,2023,570,938,Club Brugge,Genk,1.0,3.0,post
668604,2023-06-03 20:30:00,2023,3610,606,Cercle Brugge,KVC Westerlo,2.0,0.0,post
668605,2023-06-03 20:30:00,2023,3611,559,Gent,Standard Liège,3.0,1.0,post
668606,2023-06-04 18:30:00,2023,938,17544,Genk,Antwerp,2.0,2.0,post
668607,2023-06-04 18:30:00,2023,5807,570,Union Saint-Gilloise,Club Brugge,1.0,3.0,post
674392,2023-07-28 20:45:00,2023,5807,441,Union Saint-Gilloise,Anderlecht,2.0,0.0,post
674393,2023-07-29 16:00:00,2023,4689,606,Eupen,KVC Westerlo,2.0,2.0,post
674394,2023-07-29 18:15:00,2023,3616,5579,Charleroi,OH Leuven,1.0,1.0,post
674395,2023-07-29 20:45:00,2023,20981,938,RWDM,Genk,0.0,4.0,post
674396,2023-07-30 13:30:00,2023,17544,3610,Antwerp,Cercle Brugge,1.0,0.0,post
674397,2023-07-30 16:00:00,2023,3611,5786,Gent,KV Kortrijk,3.0,2.0,post
674398,2023-07-30 18:30:00,2023,570,7879,Club Brugge,KV Mechelen,1.0,1.0,post
674399,2023-07-30 19:15:00,2023,936,559,Sint-Truiden,Standard Liège,1.0,0.0,post
674400,2023-08-04 20:45:00,2023,559,5807,Standard Liège,Union Saint-Gilloise,0.0,1.0,post
674401,2023-08-05 16:00:00,2023,938,4689,Genk,Eupen,0.0,1.0,post
674402,2023-08-05 18:15:00,2023,3610,3616,Cercle Brugge,Charleroi,2.0,0.0,post
674403,2023-08-05 20:45:00,2023,5579,20981,OH Leuven,RWDM,1.0,2.0,post
674404,2023-08-06 13:30:00,2023,441,17544,Anderlecht,Antwerp,1.0,0.0,post
674405,2023-08-06 16:00:00,2023,7879,3611,KV Mechelen,Gent,0.0,1.0,post
674406,2023-08-06 18:30:00,2023,606,570,KVC Westerlo,Club Brugge,0.0,1.0,post
674407,2023-08-06 19:15:00,2023,5786,936,KV Kortrijk,Sint-Truiden,0.0,1.0,post
674408,2023-08-11 20:45:00,2023,17544,5786,Antwerp,KV Kortrijk,6.0,0.0,post
674409,2023-08-12 16:00:00,2023,20981,7879,RWDM,KV Mechelen,1.0,0.0,post
674410,2023-08-12 18:15:00,2023,5807,5579,Union Saint-Gilloise,OH Leuven,5.0,1.0,post
674412,2023-08-13 13:30:00,2023,936,441,Sint-Truiden,Anderlecht,0.0,1.0,post
674411,2023-08-13 16:00:00,2023,3610,938,Cercle Brugge,Genk,0.0,1.0,post
674413,2023-08-13 16:00:00,2023,4689,570,Eupen,Club Brugge,0.0,5.0,post
674414,2023-08-13 18:30:00,2023,3616,559,Charleroi,Standard Liège,1.0,1.0,post
674415,2023-08-13 19:15:00,2023,606,3611,KVC Westerlo,Gent,1.0,3.0,post
674416,2023-08-18 20:45:00,2023,5579,17544,OH Leuven,Antwerp,1.0,1.0,post
674417,2023-08-19 16:00:00,2023,559,3610,Standard Liège,Cercle Brugge,0.0,1.0,post
674419,2023-08-19 20:45:00,2023,7879,5807,KV Mechelen,Union Saint-Gilloise,4.0,0.0,post
674420,2023-08-20 13:30:00,2023,441,606,Anderlecht,KVC Westerlo,2.0,1.0,post
674421,2023-08-20 16:00:00,2023,3611,936,Gent,Sint-Truiden,2.0,2.0,post
674418,2023-08-20 16:00:00,2023,938,3616,Genk,Charleroi,0.0,0.0,post
674422,2023-08-20 18:30:00,2023,570,20981,Club Brugge,RWDM,7.0,1.0,post
674423,2023-08-20 19:15:00,2023,5786,4689,KV Kortrijk,Eupen,1.0,3.0,post
674430,2023-08-26 16:00:00,2023,606,7879,KVC Westerlo,KV Mechelen,2.0,3.0,post
674426,2023-08-26 18:15:00,2023,4689,5579,Eupen,OH Leuven,3.0,1.0,post
674427,2023-08-26 20:45:00,2023,5786,559,KV Kortrijk,Standard Liège,1.0,1.0,post
674425,2023-08-27 16:00:00,2023,936,3610,Sint-Truiden,Cercle Brugge,0.0,2.0,post
674431,2023-08-27 18:30:00,2023,441,3616,Anderlecht,Charleroi,2.0,1.0,post
674432,2023-09-01 20:45:00,2023,5579,5786,OH Leuven,KV Kortrijk,3.0,0.0,post
674433,2023-09-02 16:00:00,2023,3610,606,Cercle Brugge,KVC Westerlo,2.0,1.0,post
674434,2023-09-02 18:15:00,2023,7879,4689,KV Mechelen,Eupen,1.0,0.0,post
674435,2023-09-02 20:45:00,2023,559,20981,Standard Liège,RWDM,1.0,1.0,post
674436,2023-09-03 13:30:00,2023,3611,570,Gent,Club Brugge,2.0,1.0,post
674437,2023-09-03 16:00:00,2023,5807,17544,Union Saint-Gilloise,Antwerp,2.0,2.0,post
674438,2023-09-03 18:30:00,2023,938,441,Genk,Anderlecht,1.0,1.0,post
674439,2023-09-03 19:15:00,2023,3616,936,Charleroi,Sint-Truiden,1.0,1.0,post
674440,2023-09-15 20:45:00,2023,606,17544,KVC Westerlo,Antwerp,0.0,3.0,post
674441,2023-09-16 16:00:00,2023,20981,3610,RWDM,Cercle Brugge,2.0,1.0,post
674442,2023-09-16 18:15:00,2023,5807,938,Union Saint-Gilloise,Genk,0.0,2.0,post
674443,2023-09-16 20:45:00,2023,570,3616,Club Brugge,Charleroi,4.0,2.0,post
674444,2023-09-17 13:30:00,2023,4689,559,Eupen,Standard Liège,1.0,3.0,post
674445,2023-09-17 16:00:00,2023,5786,441,KV Kortrijk,Anderlecht,2.0,2.0,post
674446,2023-09-17 18:30:00,2023,5579,3611,OH Leuven,Gent,1.0,1.0,post
674447,2023-09-17 19:15:00,2023,936,7879,Sint-Truiden,KV Mechelen,2.0,0.0,post
674451,2023-09-22 20:45:00,2023,559,606,Standard Liège,KVC Westerlo,0.0,0.0,post
674452,2023-09-23 16:00:00,2023,3616,5786,Charleroi,KV Kortrijk,1.0,0.0,post
674455,2023-09-23 18:15:00,2023,7879,5579,KV Mechelen,OH Leuven,1.0,2.0,post
674453,2023-09-23 20:45:00,2023,17544,20981,Antwerp,RWDM,0.0,0.0,post
674454,2023-09-24 13:30:00,2023,938,936,Genk,Sint-Truiden,3.0,3.0,post
674449,2023-09-24 16:00:00,2023,3610,5807,Cercle Brugge,Union Saint-Gilloise,0.0,2.0,post
674448,2023-09-24 18:30:00,2023,441,570,Anderlecht,Club Brugge,1.0,1.0,post
674450,2023-09-24 19:15:00,2023,3611,4689,Gent,Eupen,2.0,1.0,post
674424,2023-09-27 20:45:00,2023,17544,3611,Antwerp,Gent,0.0,0.0,post
674428,2023-09-28 18:30:00,2023,20981,5807,RWDM,Union Saint-Gilloise,2.0,3.0,post
674429,2023-09-28 20:45:00,2023,570,938,Club Brugge,Genk,1.0,1.0,post
674462,2023-09-29 20:45:00,2023,5786,3610,KV Kortrijk,Cercle Brugge,2.0,1.0,post
674460,2023-09-30 16:00:00,2023,4689,441,Eupen,Anderlecht,1.0,3.0,post
674457,2023-09-30 18:15:00,2023,5579,559,OH Leuven,Standard Liège,1.0,2.0,post
674463,2023-09-30 20:45:00,2023,7879,17544,KV Mechelen,Antwerp,0.0,0.0,post
674459,2023-10-01 13:30:00,2023,5807,3616,Union Saint-Gilloise,Charleroi,3.0,1.0,post
674461,2023-10-01 16:00:00,2023,938,606,Genk,KVC Westerlo,3.0,3.0,post
674458,2023-10-01 18:30:00,2023,570,936,Club Brugge,Sint-Truiden,1.0,1.0,post
674456,2023-10-01 19:15:00,2023,20981,3611,RWDM,Gent,1.0,1.0,post
674470,2023-10-06 20:45:00,2023,3616,20981,Charleroi,RWDM,2.0,1.0,post
674464,2023-10-07 16:00:00,2023,3610,5579,Cercle Brugge,OH Leuven,3.0,2.0,post
674466,2023-10-07 18:15:00,2023,606,5786,KVC Westerlo,KV Kortrijk,1.0,0.0,post
674467,2023-10-07 20:45:00,2023,441,7879,Anderlecht,KV Mechelen,3.0,1.0,post
674471,2023-10-08 13:30:00,2023,559,570,Standard Liège,Club Brugge,2.0,1.0,post
674468,2023-10-08 16:00:00,2023,17544,4689,Antwerp,Eupen,4.0,1.0,post
674465,2023-10-08 18:30:00,2023,3611,938,Gent,Genk,1.0,1.0,post
674469,2023-10-08 19:15:00,2023,936,5807,Sint-Truiden,Union Saint-Gilloise,0.0,4.0,post
674479,2023-10-20 20:45:00,2023,5807,4689,Union Saint-Gilloise,Eupen,4.0,1.0,post
674474,2023-10-21 16:00:00,2023,5786,570,KV Kortrijk,Club Brugge,1.0,0.0,post
674476,2023-10-21 18:15:00,2023,20981,606,RWDM,KVC Westerlo,1.0,1.0,post
674477,2023-10-21 20:45:00,2023,3616,17544,Charleroi,Antwerp,3.0,2.0,post
674473,2023-10-22 13:30:00,2023,938,7879,Genk,KV Mechelen,4.0,0.0,post
674472,2023-10-22 16:00:00,2023,3610,3611,Cercle Brugge,Gent,2.0,0.0,post
674478,2023-10-22 18:30:00,2023,559,441,Standard Liège,Anderlecht,3.0,2.0,post
674475,2023-10-22 19:15:00,2023,5579,936,OH Leuven,Sint-Truiden,4.0,0.0,post
674487,2023-10-27 20:45:00,2023,936,20981,Sint-Truiden,RWDM,2.0,1.0,post
674485,2023-10-28 16:00:00,2023,7879,3610,KV Mechelen,Cercle Brugge,0.0,2.0,post
674482,2023-10-28 18:15:00,2023,4689,3616,Eupen,Charleroi,2.0,0.0,post
674486,2023-10-28 20:45:00,2023,441,5579,Anderlecht,OH Leuven,5.0,1.0,post
674480,2023-10-29 13:30:00,2023,570,17544,Club Brugge,Antwerp,2.0,1.0,post
674484,2023-10-29 16:00:00,2023,606,5807,KVC Westerlo,Union Saint-Gilloise,1.0,3.0,post
674481,2023-10-29 18:30:00,2023,3611,559,Gent,Standard Liège,3.0,1.0,post
674483,2023-10-29 19:15:00,2023,5786,938,KV Kortrijk,Genk,0.0,3.0,post
674492,2023-11-03 20:45:00,2023,936,4689,Sint-Truiden,Eupen,1.0,1.0,post
674488,2023-11-04 16:00:00,2023,20981,5786,RWDM,KV Kortrijk,1.0,1.0,post
674489,2023-11-04 18:15:00,2023,5579,606,OH Leuven,KVC Westerlo,0.0,2.0,post
674495,2023-11-04 20:45:00,2023,17544,938,Antwerp,Genk,3.0,2.0,post
674490,2023-11-05 13:30:00,2023,3610,441,Cercle Brugge,Anderlecht,0.0,3.0,post
674494,2023-11-05 16:00:00,2023,559,7879,Standard Liège,KV Mechelen,1.0,1.0,post
674491,2023-11-05 18:30:00,2023,5807,570,Union Saint-Gilloise,Club Brugge,2.0,1.0,post
674493,2023-11-05 19:15:00,2023,3616,3611,Charleroi,Gent,1.0,3.0,post
674503,2023-11-10 20:45:00,2023,606,936,KVC Westerlo,Sint-Truiden,3.0,3.0,post
674501,2023-11-11 16:00:00,2023,17544,559,Antwerp,Standard Liège,6.0,0.0,post
674496,2023-11-11 18:15:00,2023,4689,20981,Eupen,RWDM,1.0,3.0,post
674502,2023-11-11 20:45:00,2023,7879,3616,KV Mechelen,Charleroi,1.0,0.0,post
674498,2023-11-12 13:30:00,2023,570,3610,Club Brugge,Cercle Brugge,0.0,0.0,post
674499,2023-11-12 16:00:00,2023,938,5579,Genk,OH Leuven,3.0,1.0,post
674497,2023-11-12 18:30:00,2023,3611,441,Gent,Anderlecht,1.0,1.0,post
674500,2023-11-12 19:15:00,2023,5807,5786,Union Saint-Gilloise,KV Kortrijk,3.0,0.0,post
674511,2023-11-24 20:45:00,2023,936,17544,Sint-Truiden,Antwerp,1.0,1.0,post
674507,2023-11-25 16:00:00,2023,3610,4689,Cercle Brugge,Eupen,2.0,0.0,post
674510,2023-11-25 18:15:00,2023,3616,606,Charleroi,KVC Westerlo,3.0,2.0,post
674506,2023-11-25 20:45:00,2023,559,938,Standard Liège,Genk,1.0,0.0,post
674508,2023-11-26 13:30:00,2023,3611,5807,Gent,Union Saint-Gilloise,1.0,1.0,post
674504,2023-11-26 16:00:00,2023,5579,570,OH Leuven,Club Brugge,0.0,1.0,post
674505,2023-11-26 18:30:00,2023,441,20981,Anderlecht,RWDM,2.0,1.0,post
674509,2023-11-26 19:15:00,2023,5786,7879,KV Kortrijk,KV Mechelen,0.0,3.0,post
674516,2023-12-01 20:45:00,2023,606,441,KVC Westerlo,Anderlecht,1.0,3.0,post
674514,2023-12-02 16:00:00,2023,20981,3616,RWDM,Charleroi,0.0,0.0,post
674518,2023-12-02 18:15:00,2023,4689,5786,Eupen,KV Kortrijk,1.0,1.0,post
674513,2023-12-02 20:45:00,2023,17544,5579,Antwerp,OH Leuven,1.0,0.0,post
674517,2023-12-03 13:30:00,2023,938,3611,Genk,Gent,2.0,2.0,post
674515,2023-12-03 16:00:00,2023,7879,936,KV Mechelen,Sint-Truiden,0.0,2.0,post
674512,2023-12-03 18:30:00,2023,570,559,Club Brugge,Standard Liège,2.0,0.0,post
674519,2023-12-03 19:15:00,2023,5807,3610,Union Saint-Gilloise,Cercle Brugge,2.0,1.0,post
674523,2023-12-08 20:45:00,2023,5786,606,KV Kortrijk,KVC Westerlo,1.0,2.0,post
674520,2023-12-09 16:00:00,2023,3610,17544,Cercle Brugge,Antwerp,1.0,3.0,post
674526,2023-12-09 18:15:00,2023,936,5579,Sint-Truiden,OH Leuven,1.0,1.0,post
674521,2023-12-09 20:45:00,2023,3611,20981,Gent,RWDM,4.0,0.0,post
674524,2023-12-10 13:30:00,2023,7879,570,KV Mechelen,Club Brugge,0.0,0.0,post
674522,2023-12-10 16:00:00,2023,4689,938,Eupen,Genk,1.0,3.0,post
674525,2023-12-10 18:30:00,2023,441,559,Anderlecht,Standard Liège,2.0,2.0,post
674527,2023-12-10 19:15:00,2023,3616,5807,Charleroi,Union Saint-Gilloise,1.0,3.0,post
674532,2023-12-15 20:45:00,2023,606,4689,KVC Westerlo,Eupen,2.0,0.0,post
674531,2023-12-16 16:00:00,2023,5579,3610,OH Leuven,Cercle Brugge,1.0,2.0,post
674528,2023-12-16 18:15:00,2023,20981,936,RWDM,Sint-Truiden,3.0,0.0,post
674530,2023-12-16 20:45:00,2023,559,3616,Standard Liège,Charleroi,0.0,0.0,post
674534,2023-12-17 13:30:00,2023,570,3611,Club Brugge,Gent,2.0,0.0,post
674535,2023-12-17 16:00:00,2023,5807,7879,Union Saint-Gilloise,KV Mechelen,1.0,0.0,post
674529,2023-12-17 18:30:00,2023,17544,441,Antwerp,Anderlecht,1.0,1.0,post
674533,2023-12-17 19:15:00,2023,938,5786,Genk,KV Kortrijk,4.0,0.0,post
674538,2023-12-20 18:30:00,2023,3610,5786,Cercle Brugge,KV Kortrijk,3.0,0.0,post
674541,2023-12-20 20:45:00,2023,7879,559,KV Mechelen,Standard Liège,3.0,0.0,post
674537,2023-12-21 20:45:00,2023,3611,5579,Gent,OH Leuven,4.0,0.0,post
674543,2023-12-22 20:45:00,2023,20981,570,RWDM,Club Brugge,1.0,6.0,post
674540,2023-12-23 16:00:00,2023,4689,5807,Eupen,Union Saint-Gilloise,1.0,2.0,post
674539,2023-12-23 18:15:00,2023,17544,606,Antwerp,KVC Westerlo,2.0,2.0,post
674536,2023-12-23 18:15:00,2023,936,3616,Sint-Truiden,Charleroi,1.0,0.0,post
674542,2023-12-23 20:45:00,2023,441,938,Anderlecht,Genk,2.0,1.0,post
674547,2023-12-26 13:30:00,2023,938,17544,Genk,Antwerp,3.0,0.0,post
674548,2023-12-26 16:00:00,2023,5786,3611,KV Kortrijk,Gent,0.0,2.0,post
674550,2023-12-26 16:00:00,2023,5579,4689,OH Leuven,Eupen,3.0,0.0,post
674549,2023-12-26 18:30:00,2023,606,20981,KVC Westerlo,RWDM,3.0,0.0,post
674544,2023-12-26 20:45:00,2023,570,5807,Club Brugge,Union Saint-Gilloise,1.0,1.0,post
674551,2023-12-27 18:30:00,2023,559,936,Standard Liège,Sint-Truiden,1.0,1.0,post
674545,2023-12-27 20:45:00,2023,3616,7879,Charleroi,KV Mechelen,3.0,1.0,post
674546,2023-12-27 20:45:00,2023,441,3610,Anderlecht,Cercle Brugge,2.0,0.0,post
674553,2024-01-19 20:45:00,2024,3611,7879,Gent,KV Mechelen,1.0,2.0,post
674554,2024-01-20 16:00:00,2024,938,3610,Genk,Cercle Brugge,1.0,1.0,post
674558,2024-01-20 18:15:00,2024,559,5786,Standard Liège,KV Kortrijk,0.0,1.0,post
674552,2024-01-20 20:45:00,2024,570,606,Club Brugge,KVC Westerlo,3.0,0.0,post
674557,2024-01-21 13:30:00,2024,17544,3616,Antwerp,Charleroi,4.0,1.0,post
674559,2024-01-21 16:00:00,2024,5807,936,Union Saint-Gilloise,Sint-Truiden,2.0,1.0,post
674555,2024-01-21 18:30:00,2024,5579,441,OH Leuven,Anderlecht,1.0,1.0,post
674556,2024-01-24 15:00:00,2024,20981,4689,RWDM,Eupen,0.0,1.0,post
674560,2024-01-26 20:45:00,2024,3610,559,Cercle Brugge,Standard Liège,1.0,1.0,post
674563,2024-01-27 16:00:00,2024,5786,5579,KV Kortrijk,OH Leuven,0.0,0.0,post
674561,2024-01-27 20:45:00,2024,3611,606,Gent,KVC Westerlo,2.0,2.0,post
674567,2024-01-27 20:45:00,2024,3616,570,Charleroi,Club Brugge,1.0,4.0,post
674566,2024-01-28 14:00:00,2024,936,938,Sint-Truiden,Genk,1.0,1.0,post
674562,2024-01-28 16:00:00,2024,4689,17544,Eupen,Antwerp,1.0,0.0,post
674565,2024-01-28 18:30:00,2024,441,5807,Anderlecht,Union Saint-Gilloise,2.0,2.0,post
674564,2024-01-28 19:15:00,2024,7879,20981,KV Mechelen,RWDM,3.0,1.0,post
674568,2024-01-30 20:30:00,2024,570,5786,Club Brugge,KV Kortrijk,3.0,3.0,post
674569,2024-01-30 20:30:00,2024,606,3610,KVC Westerlo,Cercle Brugge,4.0,2.0,post
674571,2024-01-31 18:45:00,2024,5579,938,OH Leuven,Genk,2.0,1.0,post
674573,2024-01-31 18:45:00,2024,3616,4689,Charleroi,Eupen,1.0,0.0,post
674574,2024-01-31 21:00:00,2024,559,17544,Standard Liège,Antwerp,0.0,1.0,post
674575,2024-01-31 21:00:00,2024,5807,20981,Union Saint-Gilloise,RWDM,3.0,2.0,post
674570,2024-02-01 20:30:00,2024,7879,441,KV Mechelen,Anderlecht,2.0,2.0,post
674572,2024-02-01 20:30:00,2024,936,3611,Sint-Truiden,Gent,4.0,1.0,post
674582,2024-02-03 16:00:00,2024,20981,559,RWDM,Standard Liège,2.0,2.0,post
674579,2024-02-03 18:15:00,2024,5786,3616,KV Kortrijk,Charleroi,1.0,0.0,post
674580,2024-02-03 18:15:00,2024,606,5579,KVC Westerlo,OH Leuven,0.0,3.0,post
674578,2024-02-03 20:45:00,2024,938,5807,Genk,Union Saint-Gilloise,0.0,1.0,post
674583,2024-02-04 13:30:00,2024,17544,570,Antwerp,Club Brugge,2.0,1.0,post
674577,2024-02-04 16:00:00,2024,4689,7879,Eupen,KV Mechelen,0.0,1.0,post
674581,2024-02-04 18:30:00,2024,441,3611,Anderlecht,Gent,1.0,0.0,post
674576,2024-02-04 19:15:00,2024,3610,936,Cercle Brugge,Sint-Truiden,4.0,1.0,post
674588,2024-02-09 20:45:00,2024,936,5786,Sint-Truiden,KV Kortrijk,1.0,0.0,post
674590,2024-02-10 16:00:00,2024,559,5579,Standard Liège,OH Leuven,1.0,0.0,post
674591,2024-02-10 18:15:00,2024,5807,606,Union Saint-Gilloise,KVC Westerlo,2.0,2.0,post
674584,2024-02-10 20:45:00,2024,570,4689,Club Brugge,Eupen,4.0,0.0,post
674587,2024-02-11 13:30:00,2024,20981,17544,RWDM,Antwerp,0.0,4.0,post
674586,2024-02-11 16:00:00,2024,7879,938,KV Mechelen,Genk,1.0,1.0,post
674589,2024-02-11 18:30:00,2024,3616,441,Charleroi,Anderlecht,1.0,3.0,post
674585,2024-02-11 19:15:00,2024,3611,3610,Gent,Cercle Brugge,1.0,2.0,post
674596,2024-02-16 20:45:00,2024,606,559,KVC Westerlo,Standard Liège,2.0,1.0,post
674594,2024-02-17 16:00:00,2024,938,20981,Genk,RWDM,3.0,1.0,post
674597,2024-02-17 18:15:00,2024,5579,3616,OH Leuven,Charleroi,0.0,0.0,post
674599,2024-02-17 20:45:00,2024,17544,7879,Antwerp,KV Mechelen,0.0,1.0,post
674592,2024-02-18 13:30:00,2024,3610,570,Cercle Brugge,Club Brugge,1.0,1.0,post
674595,2024-02-18 16:00:00,2024,5786,5807,KV Kortrijk,Union Saint-Gilloise,1.0,3.0,post
674598,2024-02-18 18:30:00,2024,441,936,Anderlecht,Sint-Truiden,4.0,1.0,post
674593,2024-02-18 19:15:00,2024,4689,3611,Eupen,Gent,0.0,2.0,post
674606,2024-02-23 20:45:00,2024,3616,938,Charleroi,Genk,0.0,1.0,post
674604,2024-02-24 16:00:00,2024,20981,5579,RWDM,OH Leuven,1.0,1.0,post
674605,2024-02-24 18:15:00,2024,936,606,Sint-Truiden,KVC Westerlo,1.0,0.0,post
674603,2024-02-24 20:45:00,2024,7879,5786,KV Mechelen,KV Kortrijk,3.0,0.0,post
674600,2024-02-25 13:30:00,2024,570,441,Club Brugge,Anderlecht,1.0,2.0,post
674601,2024-02-25 16:00:00,2024,3611,17544,Gent,Antwerp,2.0,2.0,post
674607,2024-02-25 18:30:00,2024,5807,559,Union Saint-Gilloise,Standard Liège,2.0,1.0,post
674602,2024-02-25 19:15:00,2024,4689,3610,Eupen,Cercle Brugge,0.0,2.0,post
674611,2024-03-01 20:45:00,2024,606,3616,KVC Westerlo,Charleroi,0.0,1.0,post
674608,2024-03-02 16:00:00,2024,3610,7879,Cercle Brugge,KV Mechelen,2.0,3.0,post
674612,2024-03-02 18:15:00,2024,5579,5807,OH Leuven,Union Saint-Gilloise,0.0,2.0,post
674615,2024-03-02 20:45:00,2024,559,3611,Standard Liège,Gent,4.0,2.0,post
674609,2024-03-03 13:30:00,2024,938,570,Genk,Club Brugge,0.0,3.0,post
674614,2024-03-03 16:00:00,2024,17544,936,Antwerp,Sint-Truiden,3.0,0.0,post
674613,2024-03-03 18:30:00,2024,441,4689,Anderlecht,Eupen,1.0,0.0,post
674610,2024-03-03 19:15:00,2024,5786,20981,KV Kortrijk,RWDM,3.0,2.0,post
674620,2024-03-08 20:45:00,2024,7879,606,KV Mechelen,KVC Westerlo,3.0,1.0,post
674619,2024-03-09 16:00:00,2024,5786,17544,KV Kortrijk,Antwerp,0.0,1.0,post
674622,2024-03-09 18:15:00,2024,3616,3610,Charleroi,Cercle Brugge,0.0,0.0,post
674621,2024-03-09 20:45:00,2024,20981,441,RWDM,Anderlecht,0.0,3.0,post
674618,2024-03-10 13:30:00,2024,938,559,Genk,Standard Liège,1.0,0.0,post
674616,2024-03-10 16:00:00,2024,570,5579,Club Brugge,OH Leuven,3.0,1.0,post
674623,2024-03-10 18:30:00,2024,5807,3611,Union Saint-Gilloise,Gent,1.0,1.0,post
674617,2024-03-10 19:15:00,2024,4689,936,Eupen,Sint-Truiden,1.0,0.0,post
674631,2024-03-16 18:15:00,2024,559,4689,Standard Liège,Eupen,4.0,0.0,post
674628,2024-03-16 20:45:00,2024,441,5786,Anderlecht,KV Kortrijk,0.0,1.0,post
674630,2024-03-17 13:30:00,2024,936,570,Sint-Truiden,Club Brugge,2.0,1.0,post
674629,2024-03-17 16:00:00,2024,17544,5807,Antwerp,Union Saint-Gilloise,1.0,1.0,post
674624,2024-03-17 18:30:00,2024,3610,20981,Cercle Brugge,RWDM,4.0,0.0,post
674625,2024-03-17 18:30:00,2024,3611,3616,Gent,Charleroi,5.0,0.0,post
674626,2024-03-17 18:30:00,2024,606,938,KVC Westerlo,Genk,1.0,1.0,post
674627,2024-03-17 18:30:00,2024,5579,7879,OH Leuven,KV Mechelen,1.0,0.0,post
700863,2024-03-29 20:45:00,2024,3611,559,Gent,Standard Liège,5.0,1.0,post
700864,2024-03-30 18:15:00,2024,5579,7879,OH Leuven,KV Mechelen,2.0,3.0,post
700845,2024-03-30 20:45:00,2024,441,17544,Anderlecht,Antwerp,1.0,0.0,post
700865,2024-03-31 18:30:00,2024,936,606,Sint-Truiden,KVC Westerlo,2.0,0.0,post
700866,2024-04-01 13:30:00,2024,3610,570,Cercle Brugge,Club Brugge,1.0,1.0,post
700867,2024-04-01 18:30:00,2024,938,5807,Genk,Union Saint-Gilloise,1.0,0.0,post
700868,2024-04-05 20:45:00,2024,7879,936,KV Mechelen,Sint-Truiden,2.0,3.0,post
700869,2024-04-06 16:00:00,2024,3616,20981,Charleroi,RWDM,0.0,0.0,post
700870,2024-04-06 18:15:00,2024,559,5579,Standard Liège,OH Leuven,0.0,0.0,post
700855,2024-04-06 20:45:00,2024,17544,938,Antwerp,Genk,0.0,1.0,post
700871,2024-04-07 13:30:00,2024,5807,3610,Union Saint-Gilloise,Cercle Brugge,2.0,3.0,post
700872,2024-04-07 16:00:00,2024,4689,5786,Eupen,KV Kortrijk,1.0,1.0,post
700846,2024-04-07 18:30:00,2024,570,441,Club Brugge,Anderlecht,3.0,1.0,post
700873,2024-04-07 19:15:00,2024,606,3611,KVC Westerlo,Gent,0.0,3.0,post
700874,2024-04-12 20:45:00,2024,936,559,Sint-Truiden,Standard Liège,3.0,3.0,post
700875,2024-04-13 16:00:00,2024,20981,4689,RWDM,Eupen,3.0,1.0,post
700876,2024-04-13 18:15:00,2024,7879,606,KV Mechelen,KVC Westerlo,3.0,2.0,post
700877,2024-04-13 20:45:00,2024,938,3610,Genk,Cercle Brugge,1.0,1.0,post
700856,2024-04-14 13:30:00,2024,570,17544,Club Brugge,Antwerp,3.0,0.0,post
700878,2024-04-14 16:00:00,2024,5786,3616,KV Kortrijk,Charleroi,1.0,2.0,post
700847,2024-04-14 18:30:00,2024,441,5807,Anderlecht,Union Saint-Gilloise,2.0,1.0,post
700879,2024-04-14 19:15:00,2024,5579,3611,OH Leuven,Gent,2.0,1.0,post
700880,2024-04-20 16:00:00,2024,5579,936,OH Leuven,Sint-Truiden,1.0,0.0,post
700881,2024-04-20 18:15:00,2024,606,559,KVC Westerlo,Standard Liège,3.0,3.0,post
700882,2024-04-20 20:00:00,2024,3611,7879,Gent,KV Mechelen,3.0,1.0,post
700848,2024-04-20 20:45:00,2024,938,441,Genk,Anderlecht,2.0,1.0,post
700857,2024-04-21 13:30:00,2024,3610,17544,Cercle Brugge,Antwerp,0.0,1.0,post
700883,2024-04-21 16:00:00,2024,5786,20981,KV Kortrijk,RWDM,2.0,4.0,post
700884,2024-04-21 18:30:00,2024,5807,570,Union Saint-Gilloise,Club Brugge,1.0,2.0,post
700885,2024-04-21 19:15:00,2024,3616,4689,Charleroi,Eupen,1.0,0.0,post
700888,2024-04-23 20:30:00,2024,606,5579,KVC Westerlo,OH Leuven,1.0,1.0,post
700887,2024-04-23 20:30:00,2024,936,3611,Sint-Truiden,Gent,0.0,2.0,post
700886,2024-04-23 20:30:00,2024,559,7879,Standard Liège,KV Mechelen,0.0,0.0,post
700849,2024-04-24 20:30:00,2024,441,3610,Anderlecht,Cercle Brugge,3.0,0.0,post
700889,2024-04-24 20:30:00,2024,570,938,Club Brugge,Genk,4.0,0.0,post
700858,2024-04-25 20:30:00,2024,17544,5807,Antwerp,Union Saint-Gilloise,0.0,3.0,post
700890,2024-04-26 20:45:00,2024,4689,3616,Eupen,Charleroi,1.0,2.0,post
700891,2024-04-27 16:00:00,2024,7879,5579,KV Mechelen,OH Leuven,3.0,0.0,post
700892,2024-04-27 18:15:00,2024,559,936,Standard Liège,Sint-Truiden,1.0,1.0,post
700893,2024-04-27 20:45:00,2024,3611,606,Gent,KVC Westerlo,3.0,2.0,post
700894,2024-04-28 13:30:00,2024,938,570,Genk,Club Brugge,0.0,3.0,post
700850,2024-04-28 16:00:00,2024,3610,441,Cercle Brugge,Anderlecht,1.0,1.0,post
700859,2024-04-28 18:30:00,2024,5807,17544,Union Saint-Gilloise,Antwerp,4.0,1.0,post
700895,2024-04-28 19:15:00,2024,20981,5786,RWDM,KV Kortrijk,0.0,1.0,post
700896,2024-05-03 20:45:00,2024,606,936,KVC Westerlo,Sint-Truiden,2.0,2.0,post
700897,2024-05-04 16:00:00,2024,20981,3616,RWDM,Charleroi,1.0,3.0,post
700898,2024-05-04 18:15:00,2024,7879,3611,KV Mechelen,Gent,2.0,4.0,post
700899,2024-05-04 20:45:00,2024,3610,938,Cercle Brugge,Genk,4.0,1.0,post
700860,2024-05-05 13:30:00,2024,17544,570,Antwerp,Club Brugge,1.0,2.0,post
700900,2024-05-05 16:00:00,2024,5579,559,OH Leuven,Standard Liège,3.0,1.0,post
700851,2024-05-05 18:30:00,2024,5807,441,Union Saint-Gilloise,Anderlecht,0.0,0.0,post
700901,2024-05-05 19:15:00,2024,5786,4689,KV Kortrijk,Eupen,1.0,0.0,post
700902,2024-05-10 20:45:00,2024,559,606,Standard Liège,KVC Westerlo,0.0,5.0,post
700904,2024-05-11 18:15:00,2024,4689,20981,Eupen,RWDM,2.0,0.0,post
700903,2024-05-11 18:15:00,2024,3616,5786,Charleroi,KV Kortrijk,3.0,1.0,post
700852,2024-05-11 20:45:00,2024,441,938,Anderlecht,Genk,2.0,1.0,post
700905,2024-05-12 13:30:00,2024,3611,5579,Gent,OH Leuven,0.0,1.0,post
700906,2024-05-12 16:00:00,2024,936,7879,Sint-Truiden,KV Mechelen,2.0,1.0,post
700861,2024-05-12 18:30:00,2024,17544,3610,Antwerp,Cercle Brugge,1.0,2.0,post
700907,2024-05-13 20:30:00,2024,570,5807,Club Brugge,Union Saint-Gilloise,2.0,2.0,post
700908,2024-05-17 20:45:00,2024,936,5579,Sint-Truiden,OH Leuven,1.0,1.0,post
700909,2024-05-18 18:15:00,2024,606,7879,KVC Westerlo,KV Mechelen,0.0,2.0,post
700910,2024-05-18 20:45:00,2024,559,3611,Standard Liège,Gent,1.0,4.0,post
700911,2024-05-19 13:30:00,2024,3610,5807,Cercle Brugge,Union Saint-Gilloise,1.0,2.0,post
700853,2024-05-19 18:30:00,2024,441,570,Anderlecht,Club Brugge,0.0,1.0,post
700862,2024-05-20 18:30:00,2024,938,17544,Genk,Antwerp,1.0,0.0,post
700914,2024-05-25 20:30:00,2024,7879,559,KV Mechelen,Standard Liège,3.0,2.0,post
700913,2024-05-25 20:30:00,2024,5579,606,OH Leuven,KVC Westerlo,1.0,2.0,post
700912,2024-05-25 20:30:00,2024,3611,936,Gent,Sint-Truiden,2.0,0.0,post
700854,2024-05-26 18:30:00,2024,17544,441,Antwerp,Anderlecht,3.0,1.0,post
700915,2024-05-26 18:30:00,2024,570,3610,Club Brugge,Cercle Brugge,0.0,0.0,post
700916,2024-05-26 18:30:00,2024,5807,938,Union Saint-Gilloise,Genk,2.0,0.0,post
702933,2024-06-02 13:30:00,2024,938,3611,Genk,Gent,0.0,1.0,post
703674,2024-07-26 20:45:00,2024,570,7879,Club Brugge,KV Mechelen,1.0,1.0,post
703675,2024-07-27 16:00:00,2024,7878,5807,Dender,Union Saint-Gilloise,0.0,0.0,post
703676,2024-07-27 18:15:00,2024,991,5579,Beerschot,OH Leuven,0.0,0.0,post
703677,2024-07-27 20:45:00,2024,441,936,Anderlecht,Sint-Truiden,1.0,0.0,post
703678,2024-07-28 13:30:00,2024,938,559,Genk,Standard Liège,0.0,0.0,post
703679,2024-07-28 16:00:00,2024,5786,3611,KV Kortrijk,Gent,0.0,1.0,post
703680,2024-07-28 18:30:00,2024,3616,17544,Charleroi,Antwerp,0.0,1.0,post
703681,2024-07-28 19:15:00,2024,606,3610,KVC Westerlo,Cercle Brugge,3.0,0.0,post
703682,2024-08-02 20:45:00,2024,5807,991,Union Saint-Gilloise,Beerschot,3.0,1.0,post
703683,2024-08-03 16:00:00,2024,7879,606,KV Mechelen,KVC Westerlo,2.0,4.0,post
703684,2024-08-03 18:15:00,2024,5579,938,OH Leuven,Genk,3.0,1.0,post
703685,2024-08-03 20:45:00,2024,936,3616,Sint-Truiden,Charleroi,1.0,4.0,post
703686,2024-08-04 13:30:00,2024,17544,441,Antwerp,Anderlecht,1.0,2.0,post
703687,2024-08-04 16:00:00,2024,3610,5786,Cercle Brugge,KV Kortrijk,1.0,2.0,post
703688,2024-08-04 18:30:00,2024,559,570,Standard Liège,Club Brugge,1.0,0.0,post
703689,2024-08-04 19:15:00,2024,3611,7878,Gent,Dender,1.0,2.0,post
703690,2024-08-09 20:45:00,2024,559,7879,Standard Liège,KV Mechelen,0.0,0.0,post
703691,2024-08-10 16:00:00,2024,7878,5786,Dender,KV Kortrijk,4.0,1.0,post
703692,2024-08-10 18:15:00,2024,606,5807,KVC Westerlo,Union Saint-Gilloise,4.0,3.0,post
703693,2024-08-10 20:45:00,2024,441,5579,Anderlecht,OH Leuven,1.0,1.0,post
703694,2024-08-11 13:30:00,2024,938,570,Genk,Club Brugge,3.0,2.0,post
703695,2024-08-11 16:00:00,2024,17544,936,Antwerp,Sint-Truiden,6.0,1.0,post
703696,2024-08-11 18:30:00,2024,3616,3611,Charleroi,Gent,1.0,0.0,post
703697,2024-08-11 19:15:00,2024,3610,991,Cercle Brugge,Beerschot,4.0,1.0,post
703698,2024-08-16 20:45:00,2024,5807,3616,Union Saint-Gilloise,Charleroi,1.0,0.0,post
703699,2024-08-17 16:00:00,2024,991,938,Beerschot,Genk,3.0,4.0,post
703700,2024-08-17 18:15:00,2024,936,7878,Sint-Truiden,Dender,3.0,3.0,post
703701,2024-08-17 20:45:00,2024,7879,441,KV Mechelen,Anderlecht,1.0,3.0,post
703702,2024-08-18 13:30:00,2024,570,17544,Club Brugge,Antwerp,1.0,0.0,post
703703,2024-08-18 16:00:00,2024,5579,3610,OH Leuven,Cercle Brugge,1.0,1.0,post
703704,2024-08-18 18:30:00,2024,5786,559,KV Kortrijk,Standard Liège,1.0,0.0,post
703705,2024-08-18 19:15:00,2024,3611,606,Gent,KVC Westerlo,4.0,1.0,post
703708,2024-08-24 18:15:00,2024,606,5579,KVC Westerlo,OH Leuven,1.0,1.0,post
703709,2024-08-24 20:45:00,2024,17544,7879,Antwerp,KV Mechelen,0.0,1.0,post
703710,2024-08-25 13:30:00,2024,7878,570,Dender,Club Brugge,1.0,2.0,post
703711,2024-08-25 16:00:00,2024,936,5807,Sint-Truiden,Union Saint-Gilloise,0.0,0.0,post
703712,2024-08-25 18:30:00,2024,559,991,Standard Liège,Beerschot,1.0,0.0,post
703713,2024-08-25 19:15:00,2024,3616,5786,Charleroi,KV Kortrijk,1.0,0.0,post
703714,2024-08-30 20:45:00,2024,938,606,Genk,KVC Westerlo,1.0,0.0,post
703721,2024-08-31 16:00:00,2024,7879,3616,KV Mechelen,Charleroi,5.0,2.0,post
703716,2024-08-31 18:15:00,2024,991,7878,Beerschot,Dender,1.0,2.0,post
703717,2024-08-31 20:45:00,2024,5579,559,OH Leuven,Standard Liège,2.0,0.0,post
703718,2024-09-01 13:30:00,2024,570,3610,Club Brugge,Cercle Brugge,3.0,0.0,post
703719,2024-09-01 16:00:00,2024,3611,17544,Gent,Antwerp,1.0,1.0,post
703720,2024-09-01 18:30:00,2024,5807,441,Union Saint-Gilloise,Anderlecht,0.0,0.0,post
703715,2024-09-01 19:15:00,2024,5786,936,KV Kortrijk,Sint-Truiden,1.0,1.0,post
703722,2024-09-13 20:45:00,2024,7878,559,Dender,Standard Liège,0.0,2.0,post
703723,2024-09-14 16:00:00,2024,3610,938,Cercle Brugge,Genk,2.0,3.0,post
703724,2024-09-14 18:15:00,2024,5786,570,KV Kortrijk,Club Brugge,0.0,3.0,post
703726,2024-09-14 20:45:00,2024,441,606,Anderlecht,KVC Westerlo,2.0,2.0,post
703725,2024-09-15 13:30:00,2024,17544,5807,Antwerp,Union Saint-Gilloise,2.0,0.0,post
703727,2024-09-15 16:00:00,2024,936,5579,Sint-Truiden,OH Leuven,2.0,1.0,post
703728,2024-09-15 18:30:00,2024,3616,991,Charleroi,Beerschot,3.0,0.0,post
703729,2024-09-15 19:15:00,2024,3611,7879,Gent,KV Mechelen,2.0,0.0,post
703706,2024-09-17 20:00:00,2024,441,938,Anderlecht,Genk,0.0,2.0,post
703735,2024-09-20 20:45:00,2024,559,5807,Standard Liège,Union Saint-Gilloise,0.0,0.0,post
703737,2024-09-21 16:00:00,2024,991,936,Beerschot,Sint-Truiden,0.0,3.0,post
703731,2024-09-21 18:15:00,2024,606,17544,KVC Westerlo,Antwerp,1.0,2.0,post
703734,2024-09-21 20:45:00,2024,441,3616,Anderlecht,Charleroi,0.0,0.0,post
703736,2024-09-22 13:30:00,2024,570,3611,Club Brugge,Gent,2.0,4.0,post
703732,2024-09-22 16:00:00,2024,7879,3610,KV Mechelen,Cercle Brugge,2.0,0.0,post
703730,2024-09-22 18:30:00,2024,938,7878,Genk,Dender,4.0,0.0,post
703733,2024-09-22 19:15:00,2024,5579,5786,OH Leuven,KV Kortrijk,1.0,1.0,post
703707,2024-09-26 20:45:00,2024,3610,3611,Cercle Brugge,Gent,2.0,1.0,post
703740,2024-09-27 20:45:00,2024,3616,570,Charleroi,Club Brugge,1.0,1.0,post
703738,2024-09-28 16:00:00,2024,938,7879,Genk,KV Mechelen,2.0,1.0,post
703741,2024-09-28 18:15:00,2024,559,606,Standard Liège,KVC Westerlo,1.0,2.0,post
703745,2024-09-28 20:45:00,2024,7878,441,Dender,Anderlecht,1.0,1.0,post
703739,2024-09-29 13:30:00,2024,17544,991,Antwerp,Beerschot,5.0,0.0,post
703744,2024-09-29 16:00:00,2024,5807,5786,Union Saint-Gilloise,KV Kortrijk,3.0,0.0,post
703743,2024-09-29 18:30:00,2024,3611,5579,Gent,OH Leuven,3.0,0.0,post
703742,2024-09-29 19:15:00,2024,3610,936,Cercle Brugge,Sint-Truiden,1.0,1.0,post
703751,2024-10-04 20:45:00,2024,606,991,KVC Westerlo,Beerschot,2.0,2.0,post
703752,2024-10-05 16:00:00,2024,7879,5579,KV Mechelen,OH Leuven,5.0,0.0,post
703749,2024-10-05 18:15:00,2024,5786,938,KV Kortrijk,Genk,2.0,1.0,post
703746,2024-10-05 20:45:00,2024,7878,3616,Dender,Charleroi,1.0,0.0,post
703753,2024-10-06 13:30:00,2024,441,559,Anderlecht,Standard Liège,3.0,0.0,post
703748,2024-10-06 16:00:00,2024,17544,3610,Antwerp,Cercle Brugge,3.0,0.0,post
703750,2024-10-06 18:30:00,2024,570,5807,Club Brugge,Union Saint-Gilloise,1.0,1.0,post
703747,2024-10-06 19:15:00,2024,936,3611,Sint-Truiden,Gent,1.0,1.0,post
703760,2024-10-18 20:45:00,2024,991,441,Beerschot,Anderlecht,2.0,1.0,post
703759,2024-10-19 16:00:00,2024,606,570,KVC Westerlo,Club Brugge,1.0,2.0,post
703754,2024-10-19 18:15:00,2024,3610,7878,Cercle Brugge,Dender,0.0,0.0,post
703758,2024-10-19 20:45:00,2024,5807,3611,Union Saint-Gilloise,Gent,0.0,0.0,post
703761,2024-10-20 13:30:00,2024,938,936,Genk,Sint-Truiden,3.0,2.0,post
703756,2024-10-20 16:00:00,2024,5579,17544,OH Leuven,Antwerp,1.0,1.0,post
703757,2024-10-20 18:30:00,2024,559,3616,Standard Liège,Charleroi,2.0,1.0,post
703755,2024-10-20 19:15:00,2024,7879,5786,KV Mechelen,KV Kortrijk,3.0,0.0,post
703767,2024-10-25 20:45:00,2024,5786,991,KV Kortrijk,Beerschot,1.0,0.0,post
703764,2024-10-26 16:00:00,2024,3616,5579,Charleroi,OH Leuven,0.0,2.0,post
703769,2024-10-26 18:15:00,2024,7878,7879,Dender,KV Mechelen,2.0,5.0,post
703763,2024-10-26 20:45:00,2024,936,606,Sint-Truiden,KVC Westerlo,2.0,0.0,post
703766,2024-10-27 13:30:00,2024,570,441,Club Brugge,Anderlecht,2.0,1.0,post
703762,2024-10-27 16:00:00,2024,17544,559,Antwerp,Standard Liège,3.0,0.0,post
703765,2024-10-27 18:30:00,2024,3611,938,Gent,Genk,0.0,2.0,post
703768,2024-10-27 19:15:00,2024,5807,3610,Union Saint-Gilloise,Cercle Brugge,1.0,3.0,post
703770,2024-11-01 20:45:00,2024,606,7878,KVC Westerlo,Dender,2.0,0.0,post
703777,2024-11-02 16:00:00,2024,559,936,Standard Liège,Sint-Truiden,2.0,1.0,post
703775,2024-11-02 18:15:00,2024,5579,570,OH Leuven,Club Brugge,0.0,1.0,post
703774,2024-11-02 20:45:00,2024,7879,5807,KV Mechelen,Union Saint-Gilloise,1.0,1.0,post
703771,2024-11-03 13:30:00,2024,938,17544,Genk,Antwerp,2.0,0.0,post
703772,2024-11-03 16:00:00,2024,3610,3616,Cercle Brugge,Charleroi,2.0,0.0,post
703776,2024-11-03 18:30:00,2024,441,5786,Anderlecht,KV Kortrijk,4.0,0.0,post
703773,2024-11-03 19:15:00,2024,991,3611,Beerschot,Gent,0.0,0.0,post
703780,2024-11-08 20:45:00,2024,936,7879,Sint-Truiden,KV Mechelen,2.0,1.0,post
703779,2024-11-09 16:00:00,2024,5786,17544,KV Kortrijk,Antwerp,1.0,2.0,post
703778,2024-11-09 18:15:00,2024,7878,5579,Dender,OH Leuven,1.0,1.0,post
703781,2024-11-09 20:45:00,2024,3616,606,Charleroi,KVC Westerlo,1.0,0.0,post
703785,2024-11-10 13:30:00,2024,3610,441,Cercle Brugge,Anderlecht,0.0,5.0,post
703783,2024-11-10 16:00:00,2024,3611,559,Gent,Standard Liège,5.0,0.0,post
703782,2024-11-10 18:30:00,2024,5807,938,Union Saint-Gilloise,Genk,4.0,0.0,post
703784,2024-11-10 19:15:00,2024,991,570,Beerschot,Club Brugge,2.0,2.0,post
703793,2024-11-22 20:45:00,2024,17544,7878,Antwerp,Dender,1.0,1.0,post
703786,2024-11-23 16:00:00,2024,570,936,Club Brugge,Sint-Truiden,7.0,0.0,post
703790,2024-11-23 18:15:00,2024,559,3610,Standard Liège,Cercle Brugge,1.0,0.0,post
703791,2024-11-23 20:45:00,2024,938,3616,Genk,Charleroi,3.0,0.0,post
703789,2024-11-24 13:30:00,2024,7879,991,KV Mechelen,Beerschot,3.0,0.0,post
703788,2024-11-24 16:00:00,2024,5579,5807,OH Leuven,Union Saint-Gilloise,1.0,1.0,post
703787,2024-11-24 18:30:00,2024,441,3611,Anderlecht,Gent,6.0,0.0,post
703792,2024-11-24 19:15:00,2024,606,5786,KVC Westerlo,KV Kortrijk,4.0,0.0,post
703800,2024-11-29 20:45:00,2024,5786,7879,KV Kortrijk,KV Mechelen,3.0,1.0,post
703794,2024-11-30 18:15:00,2024,570,7878,Club Brugge,Dender,4.0,1.0,post
703796,2024-11-30 20:45:00,2024,3616,559,Charleroi,Standard Liège,1.0,1.0,post
703797,2024-12-01 13:30:00,2024,936,938,Sint-Truiden,Genk,2.0,2.0,post
703801,2024-12-01 16:00:00,2024,991,3610,Beerschot,Cercle Brugge,3.0,2.0,post
703798,2024-12-01 16:00:00,2024,5579,441,OH Leuven,Anderlecht,0.0,0.0,post
703795,2024-12-01 18:30:00,2024,5807,17544,Union Saint-Gilloise,Antwerp,2.0,1.0,post
703799,2024-12-01 19:15:00,2024,606,3611,KVC Westerlo,Gent,2.0,2.0,post
703806,2024-12-07 16:00:00,2024,938,5786,Genk,KV Kortrijk,3.0,2.0,post
703803,2024-12-07 18:15:00,2024,559,5579,Standard Liège,OH Leuven,1.0,1.0,post
703807,2024-12-07 18:15:00,2024,7879,570,KV Mechelen,Club Brugge,1.0,2.0,post
703805,2024-12-07 20:45:00,2024,3611,936,Gent,Sint-Truiden,2.0,0.0,post
703809,2024-12-08 13:30:00,2024,17544,3616,Antwerp,Charleroi,1.0,3.0,post
703804,2024-12-08 16:00:00,2024,3610,5807,Cercle Brugge,Union Saint-Gilloise,0.0,0.0,post
703808,2024-12-08 18:30:00,2024,441,991,Anderlecht,Beerschot,2.0,1.0,post
703802,2024-12-08 19:15:00,2024,7878,606,Dender,KVC Westerlo,1.0,0.0,post
703812,2024-12-13 20:45:00,2024,7879,17544,KV Mechelen,Antwerp,1.0,1.0,post
703814,2024-12-14 16:00:00,2024,991,559,Beerschot,Standard Liège,0.0,0.0,post
703813,2024-12-14 18:15:00,2024,5579,3616,OH Leuven,Charleroi,1.0,0.0,post
703817,2024-12-14 20:45:00,2024,5786,7878,KV Kortrijk,Dender,0.0,3.0,post
703816,2024-12-15 13:30:00,2024,570,938,Club Brugge,Genk,2.0,0.0,post
703815,2024-12-15 16:00:00,2024,5807,606,Union Saint-Gilloise,KVC Westerlo,3.0,1.0,post
703810,2024-12-15 18:30:00,2024,936,441,Sint-Truiden,Anderlecht,0.0,2.0,post
703811,2024-12-15 19:15:00,2024,3611,3610,Gent,Cercle Brugge,1.0,1.0,post
703820,2024-12-20 20:45:00,2024,606,7879,KVC Westerlo,KV Mechelen,1.0,1.0,post
703821,2024-12-21 16:00:00,2024,3616,936,Charleroi,Sint-Truiden,2.0,1.0,post
703818,2024-12-21 18:15:00,2024,7878,17544,Dender,Antwerp,1.0,3.0,post
703825,2024-12-21 20:45:00,2024,991,5786,Beerschot,KV Kortrijk,2.0,2.0,post
703819,2024-12-22 13:30:00,2024,938,441,Genk,Anderlecht,2.0,0.0,post
703822,2024-12-22 16:00:00,2024,559,3611,Standard Liège,Gent,0.0,1.0,post
703823,2024-12-22 18:30:00,2024,5807,570,Union Saint-Gilloise,Club Brugge,2.0,2.0,post
703824,2024-12-22 19:15:00,2024,3610,5579,Cercle Brugge,OH Leuven,1.0,0.0,post
703829,2024-12-26 13:30:00,2024,17544,938,Antwerp,Genk,2.0,2.0,post
703828,2024-12-26 16:00:00,2024,570,606,Club Brugge,KVC Westerlo,4.0,3.0,post
703827,2024-12-26 16:00:00,2024,5786,3616,KV Kortrijk,Charleroi,0.0,1.0,post
703826,2024-12-26 18:30:00,2024,7879,559,KV Mechelen,Standard Liège,0.0,0.0,post
703832,2024-12-26 20:45:00,2024,3611,5807,Gent,Union Saint-Gilloise,1.0,3.0,post
703830,2024-12-27 18:30:00,2024,5579,991,OH Leuven,Beerschot,2.0,0.0,post
703833,2024-12-27 20:45:00,2024,936,3610,Sint-Truiden,Cercle Brugge,1.0,1.0,post
703831,2024-12-27 20:45:00,2024,441,7878,Anderlecht,Dender,2.0,3.0,post
703835,2025-01-10 20:45:00,2025,559,5786,Standard Liège,KV Kortrijk,1.0,0.0,post
703838,2025-01-11 16:00:00,2025,606,936,KVC Westerlo,Sint-Truiden,1.0,2.0,post
703839,2025-01-11 18:15:00,2025,938,5579,Genk,OH Leuven,2.0,0.0,post
703836,2025-01-11 20:45:00,2025,3616,5807,Charleroi,Union Saint-Gilloise,1.0,2.0,post
703841,2025-01-12 13:30:00,2025,991,17544,Beerschot,Antwerp,1.0,1.0,post
703834,2025-01-12 16:00:00,2025,7878,3611,Dender,Gent,0.0,0.0,post
703837,2025-01-12 18:30:00,2025,441,570,Anderlecht,Club Brugge,0.0,3.0,post
703840,2025-01-12 19:15:00,2025,3610,7879,Cercle Brugge,KV Mechelen,1.0,0.0,post
703842,2025-01-17 20:45:00,2025,3611,3616,Gent,Charleroi,1.0,1.0,post
703849,2025-01-18 16:00:00,2025,7878,3610,Dender,Cercle Brugge,0.0,1.0,post
703846,2025-01-18 18:15:00,2025,7879,938,KV Mechelen,Genk,1.0,2.0,post
703847,2025-01-18 20:45:00,2025,570,991,Club Brugge,Beerschot,4.0,2.0,post
703848,2025-01-19 13:30:00,2025,5786,441,KV Kortrijk,Anderlecht,0.0,2.0,post
703843,2025-01-19 16:00:00,2025,5807,5579,Union Saint-Gilloise,OH Leuven,1.0,0.0,post
703844,2025-01-19 18:30:00,2025,936,559,Sint-Truiden,Standard Liège,1.0,2.0,post
703845,2025-01-19 19:15:00,2025,17544,606,Antwerp,KVC Westerlo,3.0,2.0,post
703853,2025-01-24 20:45:00,2025,936,17544,Sint-Truiden,Antwerp,1.0,1.0,post
703855,2025-01-25 16:00:00,2025,606,938,KVC Westerlo,Genk,1.0,2.0,post
703854,2025-01-25 18:15:00,2025,3616,3610,Charleroi,Cercle Brugge,1.0,1.0,post
703856,2025-01-25 20:45:00,2025,570,5786,Club Brugge,KV Kortrijk,1.0,1.0,post
703850,2025-01-26 13:30:00,2025,559,7878,Standard Liège,Dender,1.0,0.0,post
703857,2025-01-26 16:00:00,2025,991,5807,Beerschot,Union Saint-Gilloise,0.0,4.0,post
703852,2025-01-26 18:30:00,2025,441,7879,Anderlecht,KV Mechelen,4.0,1.0,post
703851,2025-01-26 19:15:00,2025,5579,3611,OH Leuven,Gent,0.0,0.0,post
703859,2025-01-31 20:45:00,2025,5579,7879,OH Leuven,KV Mechelen,1.0,0.0,post
703858,2025-02-01 16:00:00,2025,3616,7878,Charleroi,Dender,5.0,0.0,post
703863,2025-02-01 18:15:00,2025,3610,559,Cercle Brugge,Standard Liège,1.0,1.0,post
703865,2025-02-01 20:45:00,2025,938,991,Genk,Beerschot,1.0,0.0,post
703860,2025-02-02 13:30:00,2025,17544,570,Antwerp,Club Brugge,2.0,1.0,post
703861,2025-02-02 16:00:00,2025,5807,936,Union Saint-Gilloise,Sint-Truiden,2.0,1.0,post
703864,2025-02-02 18:30:00,2025,3611,441,Gent,Anderlecht,1.0,0.0,post
703862,2025-02-02 19:15:00,2025,5786,606,KV Kortrijk,KVC Westerlo,1.0,2.0,post
703870,2025-02-07 20:45:00,2025,7879,3611,KV Mechelen,Gent,3.0,3.0,post
703866,2025-02-08 16:00:00,2025,570,5579,Club Brugge,OH Leuven,1.0,0.0,post
703873,2025-02-08 18:15:00,2025,7878,936,Dender,Sint-Truiden,2.0,1.0,post
703868,2025-02-08 20:45:00,2025,938,3610,Genk,Cercle Brugge,2.0,1.0,post
703871,2025-02-09 13:30:00,2025,441,17544,Anderlecht,Antwerp,2.0,0.0,post
703867,2025-02-09 16:00:00,2025,5786,5807,KV Kortrijk,Union Saint-Gilloise,1.0,2.0,post
703872,2025-02-09 18:30:00,2025,606,559,KVC Westerlo,Standard Liège,4.0,2.0,post
703869,2025-02-09 19:15:00,2025,991,3616,Beerschot,Charleroi,1.0,1.0,post
703877,2025-02-14 20:45:00,2025,559,938,Standard Liège,Genk,1.0,2.0,post
703874,2025-02-15 16:00:00,2025,5579,7878,OH Leuven,Dender,3.0,2.0,post
703879,2025-02-15 18:15:00,2025,17544,5786,Antwerp,KV Kortrijk,2.0,1.0,post
703875,2025-02-15 20:45:00,2025,936,570,Sint-Truiden,Club Brugge,2.0,2.0,post
703881,2025-02-16 13:30:00,2025,3611,991,Gent,Beerschot,3.0,2.0,post
703878,2025-02-16 16:00:00,2025,5807,7879,Union Saint-Gilloise,KV Mechelen,0.0,1.0,post
703876,2025-02-16 18:30:00,2025,3616,441,Charleroi,Anderlecht,0.0,1.0,post
703880,2025-02-16 19:15:00,2025,3610,606,Cercle Brugge,KVC Westerlo,1.0,1.0,post
703883,2025-02-21 20:45:00,2025,7879,936,KV Mechelen,Sint-Truiden,1.0,1.0,post
703887,2025-02-22 16:00:00,2025,7878,991,Dender,Beerschot,0.0,0.0,post
703882,2025-02-22 18:15:00,2025,606,3616,KVC Westerlo,Charleroi,1.0,3.0,post
703889,2025-02-22 20:45:00,2025,17544,5579,Antwerp,OH Leuven,2.0,2.0,post
703884,2025-02-23 13:30:00,2025,570,559,Club Brugge,Standard Liège,1.0,2.0,post
703885,2025-02-23 16:00:00,2025,938,3611,Genk,Gent,0.0,0.0,post
703888,2025-02-23 18:30:00,2025,441,5807,Anderlecht,Union Saint-Gilloise,0.0,2.0,post
703886,2025-02-23 19:15:00,2025,5786,3610,KV Kortrijk,Cercle Brugge,1.0,1.0,post
703890,2025-02-28 20:45:00,2025,3616,938,Charleroi,Genk,1.0,1.0,post
703894,2025-03-01 16:00:00,2025,3610,17544,Cercle Brugge,Antwerp,0.0,0.0,post
703895,2025-03-01 16:00:00,2025,3611,570,Gent,Club Brugge,1.0,1.0,post
703897,2025-03-01 18:15:00,2025,936,5786,Sint-Truiden,KV Kortrijk,4.0,2.0,post
703892,2025-03-01 20:45:00,2025,5807,7878,Union Saint-Gilloise,Dender,4.0,1.0,post
703893,2025-03-02 16:00:00,2025,991,7879,Beerschot,KV Mechelen,1.0,0.0,post
703891,2025-03-02 18:30:00,2025,559,441,Standard Liège,Anderlecht,0.0,2.0,post
703896,2025-03-02 19:15:00,2025,5579,606,OH Leuven,KVC Westerlo,0.0,0.0,post
703904,2025-03-07 20:45:00,2025,936,991,Sint-Truiden,Beerschot,2.0,0.0,post
703901,2025-03-08 16:00:00,2025,5786,5579,KV Kortrijk,OH Leuven,2.0,0.0,post
703905,2025-03-08 18:15:00,2025,3616,7879,Charleroi,KV Mechelen,0.0,1.0,post
703900,2025-03-08 20:45:00,2025,7878,938,Dender,Genk,0.0,1.0,post
703898,2025-03-09 13:30:00,2025,3610,570,Cercle Brugge,Club Brugge,1.0,3.0,post
703902,2025-03-09 16:00:00,2025,606,441,KVC Westerlo,Anderlecht,2.0,0.0,post
703903,2025-03-09 18:30:00,2025,17544,3611,Antwerp,Gent,0.0,1.0,post
703899,2025-03-09 19:15:00,2025,5807,559,Union Saint-Gilloise,Standard Liège,3.0,0.0,post
703911,2025-03-15 20:45:00,2025,938,5807,Genk,Union Saint-Gilloise,2.0,1.0,post
703908,2025-03-16 13:30:00,2025,559,17544,Standard Liège,Antwerp,0.0,0.0,post
703912,2025-03-16 18:30:00,2025,5579,936,OH Leuven,Sint-Truiden,3.0,2.0,post
703913,2025-03-16 18:30:00,2025,7879,7878,KV Mechelen,Dender,2.0,1.0,post
703910,2025-03-16 18:30:00,2025,3611,5786,Gent,KV Kortrijk,1.0,2.0,post
703906,2025-03-16 18:30:00,2025,441,3610,Anderlecht,Cercle Brugge,3.0,0.0,post
703907,2025-03-16 18:30:00,2025,991,606,Beerschot,KVC Westerlo,1.0,2.0,post
703909,2025-03-16 18:30:00,2025,570,3616,Club Brugge,Charleroi,4.0,2.0,post
734595,2025-03-28 20:45:00,2025,5579,3616,OH Leuven,Charleroi,0.0,0.0,post
734607,2025-03-29 16:00:00,2025,991,936,Beerschot,Sint-Truiden,0.0,1.0,post
734571,2025-03-29 18:15:00,2025,559,7879,Standard Liège,KV Mechelen,2.0,2.0,post
734559,2025-03-29 20:45:00,2025,5807,17544,Union Saint-Gilloise,Antwerp,5.0,1.0,post
734551,2025-03-30 13:30:00,2025,570,441,Club Brugge,Anderlecht,2.0,0.0,post
734601,2025-03-30 16:00:00,2025,5786,3610,KV Kortrijk,Cercle Brugge,2.0,2.0,post
734541,2025-03-30 18:30:00,2025,938,3611,Genk,Gent,4.0,0.0,post
734589,2025-03-30 19:15:00,2025,7878,606,Dender,KVC Westerlo,1.0,0.0,post
734581,2025-04-04 20:45:00,2025,7879,7878,KV Mechelen,Dender,5.0,2.0,post
734602,2025-04-05 16:00:00,2025,3610,991,Cercle Brugge,Beerschot,2.0,1.0,post
734590,2025-04-05 18:15:00,2025,606,5579,KVC Westerlo,OH Leuven,2.0,2.0,post
734560,2025-04-05 20:45:00,2025,3611,5807,Gent,Union Saint-Gilloise,0.0,3.0,post
734552,2025-04-06 13:30:00,2025,17544,570,Antwerp,Club Brugge,2.0,3.0,post
734608,2025-04-06 16:00:00,2025,936,5786,Sint-Truiden,KV Kortrijk,0.0,3.0,post
734542,2025-04-06 18:30:00,2025,441,938,Anderlecht,Genk,1.0,2.0,post
734572,2025-04-06 19:15:00,2025,3616,559,Charleroi,Standard Liège,1.0,0.0,post
734591,2025-04-11 20:45:00,2025,606,3616,KVC Westerlo,Charleroi,2.0,2.0,post
734611,2025-04-12 16:00:00,2025,5786,991,KV Kortrijk,Beerschot,3.0,2.0,post
734603,2025-04-12 18:15:00,2025,936,3610,Sint-Truiden,Cercle Brugge,3.0,1.0,post
734561,2025-04-12 20:45:00,2025,5807,441,Union Saint-Gilloise,Anderlecht,2.0,0.0,post
734569,2025-04-13 13:30:00,2025,17544,3611,Antwerp,Gent,0.0,1.0,post
734582,2025-04-13 16:00:00,2025,7879,5579,KV Mechelen,OH Leuven,1.0,1.0,post
734543,2025-04-13 18:30:00,2025,570,938,Club Brugge,Genk,1.0,0.0,post
734573,2025-04-13 19:15:00,2025,7878,559,Dender,Standard Liège,1.0,1.0,post
734599,2025-04-19 16:00:00,2025,5579,7878,OH Leuven,Dender,4.0,4.0,post
734583,2025-04-19 18:15:00,2025,3616,7879,Charleroi,KV Mechelen,3.0,0.0,post
734574,2025-04-19 20:45:00,2025,559,606,Standard Liège,KVC Westerlo,1.0,1.0,post
734565,2025-04-20 13:30:00,2025,441,17544,Anderlecht,Antwerp,0.0,0.0,post
734544,2025-04-20 16:00:00,2025,938,5807,Genk,Union Saint-Gilloise,1.0,2.0,post
734553,2025-04-20 18:30:00,2025,3611,570,Gent,Club Brugge,0.0,5.0,post
734596,2025-04-22 20:30:00,2025,7878,3616,Dender,Charleroi,2.0,1.0,post
734584,2025-04-22 20:30:00,2025,7879,606,KV Mechelen,KVC Westerlo,2.0,3.0,post
734575,2025-04-22 20:30:00,2025,559,5579,Standard Liège,OH Leuven,0.0,1.0,post
734566,2025-04-23 20:30:00,2025,441,3611,Anderlecht,Gent,5.0,0.0,post
734545,2025-04-23 20:30:00,2025,17544,938,Antwerp,Genk,1.0,1.0,post
734554,2025-04-24 20:30:00,2025,570,5807,Club Brugge,Union Saint-Gilloise,0.0,1.0,post
734612,2025-04-25 21:00:00,2025,991,5786,Beerschot,KV Kortrijk,2.0,0.0,post
734576,2025-04-26 16:00:00,2025,5579,559,OH Leuven,Standard Liège,1.0,1.0,post
734585,2025-04-26 18:15:00,2025,606,7879,KVC Westerlo,KV Mechelen,2.0,2.0,post
734597,2025-04-26 20:45:00,2025,3616,7878,Charleroi,Dender,4.0,1.0,post
734604,2025-04-26 20:45:00,2025,3610,936,Cercle Brugge,Sint-Truiden,3.0,1.0,post
734567,2025-04-27 13:30:00,2025,3611,441,Gent,Anderlecht,0.0,1.0,post
734546,2025-04-27 16:00:00,2025,938,17544,Genk,Antwerp,0.0,1.0,post
734555,2025-04-27 18:30:00,2025,5807,570,Union Saint-Gilloise,Club Brugge,0.0,0.0,post
734568,2025-05-01 13:30:00,2025,17544,441,Antwerp,Anderlecht,1.0,3.0,post
734556,2025-05-01 16:15:00,2025,570,3611,Club Brugge,Gent,4.0,1.0,post
734592,2025-05-02 20:45:00,2025,606,7878,KVC Westerlo,Dender,4.0,2.0,post
734605,2025-05-03 16:00:00,2025,3610,5786,Cercle Brugge,KV Kortrijk,0.0,2.0,post
734586,2025-05-03 18:15:00,2025,5579,7879,OH Leuven,KV Mechelen,1.0,2.0,post
734547,2025-05-03 20:45:00,2025,5807,938,Union Saint-Gilloise,Genk,1.0,0.0,post
734577,2025-05-04 13:30:00,2025,559,3616,Standard Liège,Charleroi,0.0,1.0,post
734609,2025-05-04 16:00:00,2025,936,991,Sint-Truiden,Beerschot,2.0,1.0,post
734593,2025-05-09 20:45:00,2025,3616,606,Charleroi,KVC Westerlo,4.0,3.0,post
734610,2025-05-10 16:00:00,2025,5786,936,KV Kortrijk,Sint-Truiden,2.0,2.0,post
734606,2025-05-10 16:00:00,2025,991,3610,Beerschot,Cercle Brugge,4.0,2.0,post
734578,2025-05-10 18:15:00,2025,7879,559,KV Mechelen,Standard Liège,0.0,0.0,post
734562,2025-05-10 20:45:00,2025,441,5807,Anderlecht,Union Saint-Gilloise,0.0,1.0,post
734570,2025-05-11 13:30:00,2025,3611,17544,Gent,Antwerp,0.0,3.0,post
734548,2025-05-11 18:30:00,2025,938,570,Genk,Club Brugge,0.0,2.0,post
734600,2025-05-11 19:15:00,2025,7878,5579,Dender,OH Leuven,5.0,0.0,post
734594,2025-05-16 20:45:00,2025,5579,606,OH Leuven,KVC Westerlo,0.0,2.0,post
734579,2025-05-17 18:15:00,2025,559,7878,Standard Liège,Dender,0.0,0.0,post
734563,2025-05-17 20:45:00,2025,17544,5807,Antwerp,Union Saint-Gilloise,0.0,4.0,post
734557,2025-05-18 13:30:00,2025,441,570,Anderlecht,Club Brugge,1.0,3.0,post
734587,2025-05-18 16:00:00,2025,7879,3616,KV Mechelen,Charleroi,1.0,1.0,post
734549,2025-05-18 18:30:00,2025,3611,938,Gent,Genk,1.0,4.0,post
734580,2025-05-24 20:00:00,2025,606,559,KVC Westerlo,Standard Liège,0.0,0.0,post
734598,2025-05-24 20:00:00,2025,3616,5579,Charleroi,OH Leuven,2.0,1.0,post
734588,2025-05-24 20:00:00,2025,7878,7879,Dender,KV Mechelen,2.0,2.0,post
734558,2025-05-25 18:30:00,2025,570,17544,Club Brugge,Antwerp,1.0,1.0,post
734550,2025-05-25 18:30:00,2025,938,441,Genk,Anderlecht,2.0,1.0,post
734564,2025-05-25 18:30:00,2025,5807,3611,Union Saint-Gilloise,Gent,3.0,1.0,post
735931,2025-05-29 18:30:00,2025,17544,3616,Antwerp,Charleroi,1.0,2.0,post
742534,2025-07-25 20:45:00,2025,17544,5807,Antwerp,Union Saint-Gilloise,1.0,1.0,post
742535,2025-07-26 16:00:00,2025,7878,3610,Dender,Cercle Brugge,0.0,0.0,post
742536,2025-07-26 18:15:00,2025,4691,7879,Zulte-Waregem,KV Mechelen,1.0,1.0,post
742537,2025-07-26 20:45:00,2025,131235,559,RAAL La Louvière,Standard Liège,0.0,2.0,post
742538,2025-07-27 13:30:00,2025,441,606,Anderlecht,KVC Westerlo,5.0,2.0,post
742539,2025-07-27 16:00:00,2025,5579,3616,OH Leuven,Charleroi,2.0,2.0,post
742540,2025-07-27 18:30:00,2025,570,938,Club Brugge,Genk,2.0,1.0,post
742541,2025-07-27 19:15:00,2025,936,3611,Sint-Truiden,Gent,3.0,1.0,post
742542,2025-08-01 20:45:00,2025,7879,570,KV Mechelen,Club Brugge,2.0,1.0,post
742543,2025-08-02 16:00:00,2025,606,4691,KVC Westerlo,Zulte-Waregem,3.0,1.0,post
742544,2025-08-02 18:15:00,2025,559,7878,Standard Liège,Dender,1.0,1.0,post
742545,2025-08-02 20:45:00,2025,3611,131235,Gent,RAAL La Louvière,1.0,0.0,post
742546,2025-08-03 13:30:00,2025,938,17544,Genk,Antwerp,1.0,1.0,post
742547,2025-08-03 16:00:00,2025,3610,441,Cercle Brugge,Anderlecht,0.0,2.0,post
742548,2025-08-03 18:30:00,2025,5807,5579,Union Saint-Gilloise,OH Leuven,5.0,0.0,post
742549,2025-08-03 19:15:00,2025,3616,936,Charleroi,Sint-Truiden,1.0,1.0,post
742550,2025-08-08 20:45:00,2025,936,7878,Sint-Truiden,Dender,2.0,0.0,post
742551,2025-08-09 16:00:00,2025,570,3610,Club Brugge,Cercle Brugge,2.0,0.0,post
742552,2025-08-09 18:15:00,2025,606,7879,KVC Westerlo,KV Mechelen,0.0,1.0,post
742553,2025-08-09 20:45:00,2025,3611,5807,Gent,Union Saint-Gilloise,2.0,3.0,post
742554,2025-08-10 13:30:00,2025,131235,3616,RAAL La Louvière,Charleroi,1.0,0.0,post
742555,2025-08-10 16:00:00,2025,441,4691,Anderlecht,Zulte-Waregem,2.0,3.0,post
742556,2025-08-10 18:30:00,2025,559,938,Standard Liège,Genk,2.0,1.0,post
742557,2025-08-10 19:15:00,2025,17544,5579,Antwerp,OH Leuven,3.0,1.0,post
742558,2025-08-15 20:45:00,2025,5579,938,OH Leuven,Genk,1.0,2.0,post
742559,2025-08-16 16:00:00,2025,4691,570,Zulte-Waregem,Club Brugge,0.0,1.0,post
742560,2025-08-16 18:15:00,2025,7879,3611,KV Mechelen,Gent,1.0,1.0,post
742561,2025-08-16 20:45:00,2025,5807,559,Union Saint-Gilloise,Standard Liège,3.0,0.0,post
742562,2025-08-17 13:30:00,2025,7878,441,Dender,Anderlecht,0.0,2.0,post
742563,2025-08-17 16:00:00,2025,936,131235,Sint-Truiden,RAAL La Louvière,2.0,1.0,post
742564,2025-08-17 18:30:00,2025,3616,17544,Charleroi,Antwerp,1.0,1.0,post
742565,2025-08-17 19:15:00,2025,3610,606,Cercle Brugge,KVC Westerlo,4.0,1.0,post
742567,2025-08-23 18:15:00,2025,559,3610,Standard Liège,Cercle Brugge,0.0,3.0,post
742568,2025-08-23 20:45:00,2025,4691,936,Zulte-Waregem,Sint-Truiden,0.0,2.0,post
742570,2025-08-24 13:30:00,2025,17544,7879,Antwerp,KV Mechelen,2.0,1.0,post
742572,2025-08-24 18:30:00,2025,131235,5807,RAAL La Louvière,Union Saint-Gilloise,0.0,0.0,post
742573,2025-08-24 19:15:00,2025,7878,5579,Dender,OH Leuven,0.0,1.0,post
742574,2025-08-29 20:45:00,2025,3610,936,Cercle Brugge,Sint-Truiden,1.0,1.0,post
742575,2025-08-30 16:00:00,2025,7879,131235,KV Mechelen,RAAL La Louvière,3.0,2.0,post
742576,2025-08-30 18:15:00,2025,606,17544,KVC Westerlo,Antwerp,2.0,0.0,post
742579,2025-08-30 20:45:00,2025,3616,7878,Charleroi,Dender,3.0,1.0,post
742578,2025-08-31 13:30:00,2025,3611,570,Gent,Club Brugge,1.0,1.0,post
742577,2025-08-31 16:00:00,2025,5579,559,OH Leuven,Standard Liège,1.0,0.0,post
742580,2025-08-31 18:30:00,2025,5807,441,Union Saint-Gilloise,Anderlecht,2.0,0.0,post
742581,2025-08-31 19:15:00,2025,938,4691,Genk,Zulte-Waregem,3.0,2.0,post
742582,2025-09-12 20:45:00,2025,559,7879,Standard Liège,KV Mechelen,1.0,1.0,post
742583,2025-09-13 16:00:00,2025,4691,5579,Zulte-Waregem,OH Leuven,2.0,0.0,post
742584,2025-09-13 18:15:00,2025,7878,5807,Dender,Union Saint-Gilloise,0.0,1.0,post
742585,2025-09-13 20:45:00,2025,131235,570,RAAL La Louvière,Club Brugge,1.0,0.0,post
742586,2025-09-14 13:30:00,2025,17544,3611,Antwerp,Gent,1.0,2.0,post
742587,2025-09-14 16:00:00,2025,3610,3616,Cercle Brugge,Charleroi,2.0,3.0,post
742588,2025-09-14 18:30:00,2025,441,938,Anderlecht,Genk,1.0,1.0,post
742589,2025-09-14 19:15:00,2025,936,606,Sint-Truiden,KVC Westerlo,0.0,3.0,post
742569,2025-09-17 20:30:00,2025,938,3616,Genk,Charleroi,0.0,1.0,post
742593,2025-09-19 20:45:00,2025,3611,7878,Gent,Dender,3.0,0.0,post
742596,2025-09-20 16:00:00,2025,5579,131235,OH Leuven,RAAL La Louvière,1.0,2.0,post
742595,2025-09-20 18:15:00,2025,3616,4691,Charleroi,Zulte-Waregem,1.0,2.0,post
742592,2025-09-20 20:45:00,2025,441,17544,Anderlecht,Antwerp,0.0,0.0,post
742590,2025-09-21 13:30:00,2025,938,5807,Genk,Union Saint-Gilloise,1.0,2.0,post
742594,2025-09-21 16:00:00,2025,606,559,KVC Westerlo,Standard Liège,0.0,2.0,post
742591,2025-09-21 18:30:00,2025,570,936,Club Brugge,Sint-Truiden,2.0,0.0,post
742597,2025-09-21 19:15:00,2025,7879,3610,KV Mechelen,Cercle Brugge,0.0,0.0,post
742571,2025-09-23 20:30:00,2025,441,3611,Anderlecht,Gent,1.0,0.0,post
742566,2025-09-24 20:30:00,2025,570,606,Club Brugge,KVC Westerlo,5.0,5.0,post
742600,2025-09-26 20:45:00,2025,5579,441,OH Leuven,Anderlecht,1.0,1.0,post
742605,2025-09-27 16:00:00,2025,4691,17544,Zulte-Waregem,Antwerp,2.0,0.0,post
742602,2025-09-27 18:15:00,2025,559,570,Standard Liège,Club Brugge,1.0,2.0,post
742601,2025-09-27 20:45:00,2025,5807,606,Union Saint-Gilloise,KVC Westerlo,2.0,0.0,post
742604,2025-09-28 13:30:00,2025,936,938,Sint-Truiden,Genk,1.0,2.0,post
742598,2025-09-28 16:00:00,2025,3610,3611,Cercle Brugge,Gent,2.0,4.0,post
742603,2025-09-28 18:30:00,2025,3616,7879,Charleroi,KV Mechelen,0.0,2.0,post
742599,2025-09-28 19:15:00,2025,7878,131235,Dender,RAAL La Louvière,0.0,0.0,post
742610,2025-10-03 20:45:00,2025,3611,3616,Gent,Charleroi,2.0,1.0,post
742611,2025-10-04 16:00:00,2025,7879,936,KV Mechelen,Sint-Truiden,1.0,3.0,post
742612,2025-10-04 18:15:00,2025,131235,4691,RAAL La Louvière,Zulte-Waregem,0.0,0.0,post
742607,2025-10-04 20:45:00,2025,17544,3610,Antwerp,Cercle Brugge,1.0,1.0,post
742608,2025-10-05 13:30:00,2025,441,559,Anderlecht,Standard Liège,1.0,0.0,post
742609,2025-10-05 16:00:00,2025,938,7878,Genk,Dender,2.0,1.0,post
742606,2025-10-05 18:30:00,2025,570,5807,Club Brugge,Union Saint-Gilloise,1.0,0.0,post
742613,2025-10-05 19:15:00,2025,606,5579,KVC Westerlo,OH Leuven,2.0,0.0,post
742617,2025-10-18 16:00:00,2025,131235,606,RAAL La Louvière,KVC Westerlo,0.0,0.0,post
742614,2025-10-18 18:15:00,2025,5579,570,OH Leuven,Club Brugge,0.0,1.0,post
742619,2025-10-18 20:45:00,2025,5807,3616,Union Saint-Gilloise,Charleroi,3.0,1.0,post
742616,2025-10-19 13:30:00,2025,3610,938,Cercle Brugge,Genk,2.0,2.0,post
742615,2025-10-19 16:00:00,2025,7878,7879,Dender,KV Mechelen,1.0,3.0,post
742621,2025-10-19 18:30:00,2025,936,441,Sint-Truiden,Anderlecht,2.0,2.0,post
742618,2025-10-19 19:15:00,2025,4691,3611,Zulte-Waregem,Gent,4.0,1.0,post
742620,2025-10-20 15:00:00,2025,559,17544,Standard Liège,Antwerp,1.0,0.0,post
742626,2025-10-24 20:45:00,2025,3616,441,Charleroi,Anderlecht,1.0,0.0,post
742629,2025-10-25 16:00:00,2025,606,7878,KVC Westerlo,Dender,1.0,1.0,post
742627,2025-10-25 18:15:00,2025,7879,5579,KV Mechelen,OH Leuven,1.0,1.0,post
742628,2025-10-25 20:45:00,2025,3611,559,Gent,Standard Liège,4.0,0.0,post
742622,2025-10-26 13:30:00,2025,17544,570,Antwerp,Club Brugge,0.0,1.0,post
742623,2025-10-26 16:00:00,2025,3610,4691,Cercle Brugge,Zulte-Waregem,1.0,1.0,post
742624,2025-10-26 18:30:00,2025,938,131235,Genk,RAAL La Louvière,1.0,1.0,post
742625,2025-10-26 19:15:00,2025,5807,936,Union Saint-Gilloise,Sint-Truiden,2.0,0.0,post
742635,2025-10-31 20:45:00,2025,559,3616,Standard Liège,Charleroi,3.0,1.0,post
742637,2025-11-01 16:00:00,2025,4691,5807,Zulte-Waregem,Union Saint-Gilloise,1.0,4.0,post
742631,2025-11-01 18:15:00,2025,570,7878,Club Brugge,Dender,2.0,1.0,post
742632,2025-11-01 20:45:00,2025,441,7879,Anderlecht,KV Mechelen,3.0,1.0,post
742636,2025-11-02 13:30:00,2025,606,938,KVC Westerlo,Genk,0.0,1.0,post
742630,2025-11-02 16:00:00,2025,5579,3611,OH Leuven,Gent,4.0,0.0,post
742634,2025-11-02 18:30:00,2025,936,17544,Sint-Truiden,Antwerp,1.0,0.0,post
742633,2025-11-02 19:15:00,2025,131235,3610,RAAL La Louvière,Cercle Brugge,2.0,1.0,post
742641,2025-11-07 21:00:00,2025,7878,4691,Dender,Zulte-Waregem,2.0,2.0,post
742638,2025-11-08 16:00:00,2025,3610,5579,Cercle Brugge,OH Leuven,1.0,2.0,post
742642,2025-11-08 18:15:00,2025,3616,606,Charleroi,KVC Westerlo,2.0,0.0,post
742639,2025-11-08 20:45:00,2025,17544,131235,Antwerp,RAAL La Louvière,3.0,1.0,post
742640,2025-11-09 13:30:00,2025,441,570,Anderlecht,Club Brugge,1.0,0.0,post
742643,2025-11-09 16:00:00,2025,936,559,Sint-Truiden,Standard Liège,1.0,0.0,post
742645,2025-11-09 18:30:00,2025,3611,938,Gent,Genk,1.0,1.0,post
742644,2025-11-09 19:15:00,2025,7879,5807,KV Mechelen,Union Saint-Gilloise,1.0,1.0,post
742650,2025-11-21 20:45:00,2025,559,4691,Standard Liège,Zulte-Waregem,0.0,0.0,post
742649,2025-11-22 16:00:00,2025,5807,3610,Union Saint-Gilloise,Cercle Brugge,2.0,0.0,post
742653,2025-11-22 18:15:00,2025,606,3611,KVC Westerlo,Gent,0.0,0.0,post
742647,2025-11-22 20:45:00,2025,570,3616,Club Brugge,Charleroi,1.0,0.0,post
742648,2025-11-23 13:30:00,2025,938,7879,Genk,KV Mechelen,0.0,1.0,post
742646,2025-11-23 16:00:00,2025,17544,7878,Antwerp,Dender,1.0,2.0,post
742651,2025-11-23 18:30:00,2025,131235,441,RAAL La Louvière,Anderlecht,0.0,1.0,post
742652,2025-11-23 19:15:00,2025,5579,936,OH Leuven,Sint-Truiden,1.0,2.0,post
742659,2025-11-28 20:45:00,2025,7879,559,KV Mechelen,Standard Liège,0.0,1.0,post
742656,2025-11-29 16:00:00,2025,7878,606,Dender,KVC Westerlo,2.0,2.0,post
742661,2025-11-29 18:15:00,2025,4691,3610,Zulte-Waregem,Cercle Brugge,1.0,1.0,post
742660,2025-11-29 20:45:00,2025,3616,131235,Charleroi,RAAL La Louvière,0.0,0.0,post
742655,2025-11-30 13:30:00,2025,570,17544,Club Brugge,Antwerp,0.0,1.0,post
742657,2025-11-30 16:00:00,2025,938,5579,Genk,OH Leuven,2.0,1.0,post
742654,2025-11-30 18:30:00,2025,441,5807,Anderlecht,Union Saint-Gilloise,1.0,0.0,post
742658,2025-11-30 19:15:00,2025,3611,936,Gent,Sint-Truiden,1.0,2.0,post
742664,2025-12-05 20:45:00,2025,131235,7878,RAAL La Louvière,Dender,1.0,2.0,post
742667,2025-12-06 16:00:00,2025,3610,559,Cercle Brugge,Standard Liège,1.0,2.0,post
742662,2025-12-06 18:15:00,2025,5807,3611,Union Saint-Gilloise,Gent,1.0,1.0,post
742663,2025-12-06 20:45:00,2025,936,570,Sint-Truiden,Club Brugge,3.0,2.0,post
742666,2025-12-07 13:30:00,2025,7879,3616,KV Mechelen,Charleroi,1.0,0.0,post
742669,2025-12-07 16:00:00,2025,606,441,KVC Westerlo,Anderlecht,4.0,0.0,post
742668,2025-12-07 18:30:00,2025,17544,938,Antwerp,Genk,3.0,0.0,post
742665,2025-12-07 19:15:00,2025,5579,4691,OH Leuven,Zulte-Waregem,1.0,1.0,post
742670,2025-12-12 20:45:00,2025,559,5579,Standard Liège,OH Leuven,0.0,1.0,post
742675,2025-12-13 16:00:00,2025,3610,7879,Cercle Brugge,KV Mechelen,2.0,3.0,post
742677,2025-12-13 18:15:00,2025,4691,131235,Zulte-Waregem,RAAL La Louvière,2.0,2.0,post
742676,2025-12-13 20:45:00,2025,441,936,Anderlecht,Sint-Truiden,2.0,1.0,post
742672,2025-12-14 13:30:00,2025,3611,17544,Gent,Antwerp,0.0,2.0,post
742674,2025-12-14 16:00:00,2025,7878,570,Dender,Club Brugge,1.0,5.0,post
742671,2025-12-14 18:30:00,2025,3616,5807,Charleroi,Union Saint-Gilloise,1.0,1.0,post
742673,2025-12-14 19:15:00,2025,938,606,Genk,KVC Westerlo,1.0,1.0,post
742682,2025-12-19 20:45:00,2025,3616,938,Charleroi,Genk,2.0,2.0,post
742685,2025-12-20 16:00:00,2025,7878,559,Dender,Standard Liège,0.0,1.0,post
742680,2025-12-20 18:15:00,2025,606,131235,KVC Westerlo,RAAL La Louvière,2.0,1.0,post
742681,2025-12-20 20:45:00,2025,5807,4691,Union Saint-Gilloise,Zulte-Waregem,2.0,0.0,post
742679,2025-12-21 13:30:00,2025,570,3611,Club Brugge,Gent,2.0,1.0,post
742683,2025-12-21 16:00:00,2025,936,7879,Sint-Truiden,KV Mechelen,1.0,0.0,post
742678,2025-12-21 18:30:00,2025,17544,441,Antwerp,Anderlecht,2.0,2.0,post
742684,2025-12-21 19:15:00,2025,5579,3610,OH Leuven,Cercle Brugge,0.0,2.0,post
742690,2025-12-26 13:30:00,2025,938,570,Genk,Club Brugge,3.0,5.0,post
742691,2025-12-26 16:00:00,2025,3610,5807,Cercle Brugge,Union Saint-Gilloise,1.0,1.0,post
742693,2025-12-26 18:30:00,2025,559,936,Standard Liège,Sint-Truiden,1.0,2.0,post
742686,2025-12-26 20:45:00,2025,441,3616,Anderlecht,Charleroi,1.0,2.0,post
742692,2025-12-27 13:30:00,2025,17544,4691,Antwerp,Zulte-Waregem,2.0,1.0,post
742687,2025-12-27 16:00:00,2025,131235,5579,RAAL La Louvière,OH Leuven,0.0,0.0,post
742688,2025-12-27 18:15:00,2025,7879,7878,KV Mechelen,Dender,1.0,1.0,post
742689,2025-12-27 20:45:00,2025,3611,606,Gent,KVC Westerlo,2.0,0.0,post
742694,2026-01-16 20:45:00,2026,570,131235,Club Brugge,RAAL La Louvière,2.0,3.0,post
742701,2026-01-17 16:00:00,2026,4691,938,Zulte-Waregem,Genk,2.0,1.0,post
742700,2026-01-17 18:15:00,2026,606,3610,KVC Westerlo,Cercle Brugge,0.0,2.0,post
742699,2026-01-17 20:45:00,2026,5807,7879,Union Saint-Gilloise,KV Mechelen,1.0,0.0,post
742696,2026-01-18 13:30:00,2026,3611,441,Gent,Anderlecht,4.0,2.0,post
742695,2026-01-18 16:00:00,2026,7878,17544,Dender,Antwerp,1.0,0.0,post
742698,2026-01-18 18:30:00,2026,3616,559,Charleroi,Standard Liège,2.0,0.0,post
742697,2026-01-18 19:15:00,2026,936,5579,Sint-Truiden,OH Leuven,1.0,0.0,post
742706,2026-01-23 20:45:00,2026,559,3611,Standard Liège,Gent,0.0,4.0,post
742707,2026-01-24 16:00:00,2026,131235,936,RAAL La Louvière,Sint-Truiden,1.0,2.0,post
742702,2026-01-24 18:15:00,2026,570,4691,Club Brugge,Zulte-Waregem,4.0,3.0,post
742708,2026-01-24 20:45:00,2026,5579,5807,OH Leuven,Union Saint-Gilloise,0.0,0.0,post
742703,2026-01-25 13:30:00,2026,17544,3616,Antwerp,Charleroi,0.0,2.0,post
742705,2026-01-25 16:00:00,2026,938,3610,Genk,Cercle Brugge,1.0,1.0,post
742704,2026-01-25 18:30:00,2026,441,7878,Anderlecht,Dender,0.0,0.0,post
742709,2026-01-25 19:15:00,2026,7879,606,KV Mechelen,KVC Westerlo,1.0,1.0,post
742716,2026-01-30 20:45:00,2026,131235,3611,RAAL La Louvière,Gent,1.0,1.0,post
742710,2026-01-31 16:00:00,2026,3610,17544,Cercle Brugge,Antwerp,0.0,4.0,post
742717,2026-01-31 18:15:00,2026,4691,606,Zulte-Waregem,KVC Westerlo,0.0,1.0,post
742715,2026-01-31 20:45:00,2026,936,3616,Sint-Truiden,Charleroi,0.0,2.0,post
742714,2026-02-01 13:30:00,2026,559,441,Standard Liège,Anderlecht,2.0,0.0,post
742711,2026-02-01 16:00:00,2026,7878,938,Dender,Genk,1.0,2.0,post
742713,2026-02-01 18:30:00,2026,5807,570,Union Saint-Gilloise,Club Brugge,1.0,0.0,post
742712,2026-02-01 19:15:00,2026,5579,7879,OH Leuven,KV Mechelen,2.0,2.0,post
742723,2026-02-06 20:45:00,2026,606,936,KVC Westerlo,Sint-Truiden,0.0,4.0,post
742722,2026-02-07 16:00:00,2026,4691,7878,Zulte-Waregem,Dender,1.0,0.0,post
742725,2026-02-07 18:15:00,2026,3616,3610,Charleroi,Cercle Brugge,3.0,4.0,post
742718,2026-02-07 20:45:00,2026,3611,5579,Gent,OH Leuven,1.0,3.0,post
742719,2026-02-08 13:30:00,2026,938,441,Genk,Anderlecht,2.0,0.0,post
742724,2026-02-08 16:00:00,2026,5807,131235,Union Saint-Gilloise,RAAL La Louvière,2.0,1.0,post
742720,2026-02-08 18:30:00,2026,570,559,Club Brugge,Standard Liège,3.0,0.0,post
742721,2026-02-08 19:15:00,2026,7879,17544,KV Mechelen,Antwerp,2.0,0.0,post
742729,2026-02-13 20:45:00,2026,7879,938,KV Mechelen,Genk,2.0,3.0,post
742730,2026-02-14 16:00:00,2026,5579,7878,OH Leuven,Dender,3.0,2.0,post
742732,2026-02-14 18:15:00,2026,3616,3611,Charleroi,Gent,2.0,3.0,post
742733,2026-02-14 20:45:00,2026,559,5807,Standard Liège,Union Saint-Gilloise,1.0,1.0,post
742726,2026-02-15 13:30:00,2026,3610,570,Cercle Brugge,Club Brugge,1.0,2.0,post
742727,2026-02-15 16:00:00,2026,17544,606,Antwerp,KVC Westerlo,0.0,2.0,post
742728,2026-02-15 18:45:00,2026,441,131235,Anderlecht,RAAL La Louvière,0.0,0.0,post
742731,2026-02-15 19:30:00,2026,936,4691,Sint-Truiden,Zulte-Waregem,3.0,2.0,post
742737,2026-02-20 20:45:00,2026,3611,3610,Gent,Cercle Brugge,0.0,1.0,post
742735,2026-02-21 16:00:00,2026,7878,936,Dender,Sint-Truiden,1.0,4.0,post
742736,2026-02-21 18:15:00,2026,570,5579,Club Brugge,OH Leuven,2.0,1.0,post
742740,2026-02-21 20:45:00,2026,5807,17544,Union Saint-Gilloise,Antwerp,2.0,1.0,post
742734,2026-02-22 13:30:00,2026,938,559,Genk,Standard Liège,0.0,3.0,post
742741,2026-02-22 16:00:00,2026,131235,7879,RAAL La Louvière,KV Mechelen,0.0,2.0,post
742738,2026-02-22 18:30:00,2026,4691,441,Zulte-Waregem,Anderlecht,2.0,4.0,post
742739,2026-02-22 19:15:00,2026,606,3616,KVC Westerlo,Charleroi,2.0,1.0,post
742748,2026-02-27 20:45:00,2026,559,131235,Standard Liège,RAAL La Louvière,1.0,1.0,post
742746,2026-02-28 16:00:00,2026,7879,4691,KV Mechelen,Zulte-Waregem,2.0,1.0,post
742743,2026-02-28 18:15:00,2026,17544,936,Antwerp,Sint-Truiden,1.0,0.0,post
742742,2026-02-28 20:45:00,2026,441,5579,Anderlecht,OH Leuven,5.0,1.0,post
742745,2026-03-01 13:30:00,2026,938,3611,Genk,Gent,3.0,0.0,post
742749,2026-03-01 16:00:00,2026,606,5807,KVC Westerlo,Union Saint-Gilloise,0.0,0.0,post
742747,2026-03-01 18:30:00,2026,3616,570,Charleroi,Club Brugge,1.0,2.0,post
742744,2026-03-01 19:15:00,2026,3610,7878,Cercle Brugge,Dender,0.0,0.0,post
742754,2026-03-06 20:45:00,2026,131235,17544,RAAL La Louvière,Antwerp,0.0,0.0,post
742753,2026-03-07 16:00:00,2026,5579,606,OH Leuven,KVC Westerlo,0.0,1.0,post
742751,2026-03-07 18:15:00,2026,7878,3616,Dender,Charleroi,2.0,2.0,post
742756,2026-03-07 20:45:00,2026,5807,938,Union Saint-Gilloise,Genk,2.0,1.0,post
742750,2026-03-08 13:30:00,2026,570,441,Club Brugge,Anderlecht,2.0,2.0,post
742752,2026-03-08 16:00:00,2026,3611,7879,Gent,KV Mechelen,3.0,1.0,post
742757,2026-03-08 18:30:00,2026,4691,559,Zulte-Waregem,Standard Liège,0.0,1.0,post
742755,2026-03-08 19:15:00,2026,936,3610,Sint-Truiden,Cercle Brugge,2.0,1.0,post
742764,2026-03-13 20:45:00,2026,3611,4691,Gent,Zulte-Waregem,2.0,0.0,post
742762,2026-03-14 16:00:00,2026,3616,5579,Charleroi,OH Leuven,0.0,2.0,post
742761,2026-03-14 18:15:00,2026,5807,7878,Union Saint-Gilloise,Dender,2.0,0.0,post
742760,2026-03-14 20:45:00,2026,606,570,KVC Westerlo,Club Brugge,1.0,2.0,post
742765,2026-03-15 13:30:00,2026,938,936,Genk,Sint-Truiden,1.0,0.0,post
742758,2026-03-15 16:00:00,2026,17544,559,Antwerp,Standard Liège,1.0,1.0,post
742763,2026-03-15 18:30:00,2026,7879,441,KV Mechelen,Anderlecht,1.0,0.0,post
742759,2026-03-15 19:15:00,2026,3610,131235,Cercle Brugge,RAAL La Louvière,1.0,3.0,post
742773,2026-03-22 18:30:00,2026,4691,3616,Zulte-Waregem,Charleroi,1.0,0.0,post
742767,2026-03-22 18:30:00,2026,559,606,Standard Liège,KVC Westerlo,0.0,0.0,post
742768,2026-03-22 18:30:00,2026,936,5807,Sint-Truiden,Union Saint-Gilloise,1.0,3.0,post
742769,2026-03-22 18:30:00,2026,131235,938,RAAL La Louvière,Genk,5.0,5.0,post
742772,2026-03-22 18:30:00,2026,570,7879,Club Brugge,KV Mechelen,4.0,1.0,post
742771,2026-03-22 18:30:00,2026,7878,3611,Dender,Gent,1.0,3.0,post
742766,2026-03-22 18:30:00,2026,441,3610,Anderlecht,Cercle Brugge,2.0,3.0,post
742770,2026-03-22 18:30:00,2026,5579,17544,OH Leuven,Antwerp,1.0,0.0,post
401866261,2026-04-03 20:45:00,2026,17544,938,Antwerp,Genk,1.0,2.0,post
401866262,2026-04-04 16:00:00,2026,4691,3610,Zulte-Waregem,Cercle Brugge,2.0,2.0,post
401866263,2026-04-04 18:15:00,2026,5579,559,OH Leuven,Standard Liège,1.0,3.0,post
401866264,2026-04-04 20:45:00,2026,5807,936,Union Saint-Gilloise,Sint-Truiden,1.0,0.0,post
401866265,2026-04-05 18:30:00,2026,606,3616,KVC Westerlo,Charleroi,2.0,0.0,post
401866266,2026-04-06 13:30:00,2026,570,441,Club Brugge,Anderlecht,4.0,2.0,post
401866267,2026-04-06 16:00:00,2026,131235,7878,RAAL La Louvière,Dender,0.0,1.0,post
401866268,2026-04-06 18:30:00,2026,3611,7879,Gent,KV Mechelen,1.0,1.0,post
401866269,2026-04-10 20:45:00,2026,3616,17544,Charleroi,Antwerp,2.0,1.0,post
401866270,2026-04-11 16:00:00,2026,3610,131235,Cercle Brugge,RAAL La Louvière,3.0,0.0,post
401866271,2026-04-11 18:15:00,2026,559,606,Standard Liège,KVC Westerlo,1.0,2.0,post
401866272,2026-04-11 20:45:00,2026,936,570,Sint-Truiden,Club Brugge,1.0,2.0,post
401866273,2026-04-12 13:30:00,2026,7879,5807,KV Mechelen,Union Saint-Gilloise,0.0,1.0,post
401866274,2026-04-12 16:00:00,2026,938,5579,Genk,OH Leuven,0.0,0.0,post
401866275,2026-04-12 18:30:00,2026,441,3611,Anderlecht,Gent,3.0,1.0,post
401866276,2026-04-12 19:15:00,2026,7878,4691,Dender,Zulte-Waregem,1.0,2.0,post
401866277,2026-04-18 16:00:00,2026,17544,5579,Antwerp,OH Leuven,2.0,0.0,post
401866279,2026-04-18 18:15:00,2026,606,938,KVC Westerlo,Genk,1.0,2.0,post
401866278,2026-04-18 18:15:00,2026,3616,559,Charleroi,Standard Liège,1.0,2.0,post
401866280,2026-04-18 20:45:00,2026,7879,441,KV Mechelen,Anderlecht,1.0,2.0,post
401866281,2026-04-19 13:30:00,2026,3611,936,Gent,Sint-Truiden,0.0,0.0,post
401866282,2026-04-19 16:00:00,2026,7878,3610,Dender,Cercle Brugge,1.0,4.0,post
401866283,2026-04-19 18:30:00,2026,5807,570,Union Saint-Gilloise,Club Brugge,2.0,1.0,post
401866284,2026-04-19 19:15:00,2026,131235,4691,RAAL La Louvière,Zulte-Waregem,0.0,2.0,post
401866286,2026-04-21 20:30:00,2026,5579,606,OH Leuven,KVC Westerlo,0.0,2.0,post
401866285,2026-04-21 20:30:00,2026,938,3616,Genk,Charleroi,1.0,1.0,post
401866287,2026-04-21 20:30:00,2026,559,17544,Standard Liège,Antwerp,1.0,2.0,post
401866288,2026-04-22 20:30:00,2026,570,7879,Club Brugge,KV Mechelen,6.0,1.0,post
401866289,2026-04-22 20:30:00,2026,5807,3611,Union Saint-Gilloise,Gent,0.0,0.0,post
401866290,2026-04-23 20:45:00,2026,936,441,Sint-Truiden,Anderlecht,2.0,0.0,post
401866291,2026-04-24 20:45:00,2026,3610,7878,Cercle Brugge,Dender,2.0,1.0,post
401866292,2026-04-25 16:00:00,2026,5579,3616,OH Leuven,Charleroi,0.0,2.0,post
401866293,2026-04-25 18:15:00,2026,938,559,Genk,Standard Liège,1.0,1.0,post
401866294,2026-04-25 20:45:00,2026,606,17544,KVC Westerlo,Antwerp,2.0,4.0,post
401866295,2026-04-26 13:30:00,2026,3611,570,Gent,Club Brugge,0.0,2.0,post
401866296,2026-04-26 16:00:00,2026,7879,936,KV Mechelen,Sint-Truiden,1.0,4.0,post
401866297,2026-04-26 18:30:00,2026,441,5807,Anderlecht,Union Saint-Gilloise,1.0,3.0,post
401866298,2026-04-26 19:15:00,2026,4691,131235,Zulte-Waregem,RAAL La Louvière,4.0,0.0,post
401866299,2026-05-01 20:45:00,2026,3610,4691,Cercle Brugge,Zulte-Waregem,2.0,3.0,post
401866300,2026-05-02 16:00:00,2026,606,5579,KVC Westerlo,OH Leuven,3.0,3.0,post
401866301,2026-05-02 18:15:00,2026,3616,938,Charleroi,Genk,2.0,0.0,post
401866302,2026-05-02 20:45:00,2026,936,5807,Sint-Truiden,Union Saint-Gilloise,2.0,1.0,post
401866303,2026-05-03 13:30:00,2026,7879,3611,KV Mechelen,Gent,1.0,0.0,post
401866304,2026-05-03 16:00:00,2026,17544,559,Antwerp,Standard Liège,0.0,5.0,post
401866305,2026-05-03 18:30:00,2026,441,570,Anderlecht,Club Brugge,1.0,3.0,post
401866306,2026-05-03 19:15:00,2026,7878,131235,Dender,RAAL La Louvière,2.0,1.0,post
401866307,2026-05-08 20:45:00,2026,559,5579,Standard Liège,OH Leuven,2.0,1.0,post
401866308,2026-05-09 16:00:00,2026,131235,3610,RAAL La Louvière,Cercle Brugge,4.0,1.0,post
401866309,2026-05-09 16:00:00,2026,4691,7878,Zulte-Waregem,Dender,2.0,1.0,post
401866310,2026-05-09 20:45:00,2026,570,936,Club Brugge,Sint-Truiden,2.0,0.0,post
401866311,2026-05-10 13:30:00,2026,3611,441,Gent,Anderlecht,1.0,1.0,post
401866312,2026-05-10 16:00:00,2026,17544,3616,Antwerp,Charleroi,0.0,1.0,post
401866313,2026-05-10 18:30:00,2026,5807,7879,Union Saint-Gilloise,KV Mechelen,3.0,0.0,post
401866314,2026-05-10 19:15:00,2026,938,606,Genk,KVC Westerlo,3.0,0.0,post
401866315,2026-05-15 20:45:00,2026,5579,17544,OH Leuven,Antwerp,3.0,0.0,post
401866316,2026-05-16 16:00:00,2026,3616,606,Charleroi,KVC Westerlo,0.0,1.0,post
401866317,2026-05-16 18:15:00,2026,559,938,Standard Liège,Genk,0.0,0.0,post
401866318,2026-05-16 20:45:00,2026,936,3611,Sint-Truiden,Gent,1.0,1.0,post
401866319,2026-05-17 13:30:00,2026,441,7879,Anderlecht,KV Mechelen,2.0,2.0,post
401866320,2026-05-17 18:30:00,2026,570,5807,Club Brugge,Union Saint-Gilloise,5.0,0.0,post
401866321,2026-05-19 20:30:00,2026,606,559,KVC Westerlo,Standard Liège,1.0,2.0,post
401866323,2026-05-19 20:30:00,2026,938,17544,Genk,Antwerp,0.0,0.0,post
401866322,2026-05-19 20:30:00,2026,3616,5579,Charleroi,OH Leuven,1.0,1.0,post
401866326,2026-05-21 20:30:00,2026,441,936,Anderlecht,Sint-Truiden,3.0,1.0,post
401866325,2026-05-21 20:30:00,2026,3611,5807,Gent,Union Saint-Gilloise,0.0,0.0,post
401866324,2026-05-21 20:30:00,2026,7879,570,KV Mechelen,Club Brugge,2.0,2.0,post
401866327,2026-05-23 20:45:00,2026,5579,938,OH Leuven,Genk,0.0,2.0,post
401866328,2026-05-23 20:45:00,2026,559,3616,Standard Liège,Charleroi,0.0,2.0,post
401866329,2026-05-23 20:45:00,2026,17544,606,Antwerp,KVC Westerlo,2.0,0.0,post
401866330,2026-05-24 18:30:00,2026,570,3611,Club Brugge,Gent,5.0,0.0,post
401866331,2026-05-24 18:30:00,2026,936,7879,Sint-Truiden,KV Mechelen,3.0,0.0,post
401866332,2026-05-24 18:30:00,2026,5807,441,Union Saint-Gilloise,Anderlecht,5.0,1.0,post
401873711,2026-05-31 18:30:00,2026,3611,938,Gent,Genk,1.0,1.0,post
401879041,2026-08-07 20:45:00,2026,570,5786,Club Brugge,KV Kortrijk,3.0,0.0,post
401879039,2026-08-08 18:15:00,2026,559,3610,Standard Liège,Cercle Brugge,2.0,2.0,post
401879037,2026-08-08 20:45:00,2026,606,5807,KVC Westerlo,Union Saint-Gilloise,1.0,5.0,post
401879038,2026-08-08 20:45:00,2026,936,22269,Sint-Truiden,Lommel SK,1.0,1.0,post
401879036,2026-08-09 13:30:00,2026,3611,7879,Gent,KV Mechelen,2.0,0.0,post
401879040,2026-08-09 16:00:00,2026,3616,5579,Charleroi,OH Leuven,3.0,1.0,post
401879035,2026-08-09 16:00:00,2026,4691,938,Zulte-Waregem,Genk,2.0,1.0,post
401879034,2026-08-09 18:30:00,2026,441,131235,Anderlecht,RAAL La Louvière,2.0,1.0,post
401879033,2026-08-09 19:15:00,2026,17544,13450,Antwerp,Waasland-Beveren,2.0,1.0,post
401879032,2026-08-14 20:45:00,2026,3610,936,Cercle Brugge,Sint-Truiden,3.0,3.0,post
401879031,2026-08-15 16:00:00,2026,5807,4691,Union Saint-Gilloise,Zulte-Waregem,0.0,0.0,post
401879030,2026-08-15 18:15:00,2026,5786,17544,KV Kortrijk,Antwerp,0.0,3.0,post
401879029,2026-08-15 20:45:00,2026,5579,570,OH Leuven,Club Brugge,0.0,3.0,post
401879028,2026-08-15 20:45:00,2026,938,606,Genk,KVC Westerlo,3.0,2.0,post
401879027,2026-08-16 13:30:00,2026,13450,441,Waasland-Beveren,Anderlecht,1.0,0.0,post
401879026,2026-08-16 16:00:00,2026,131235,3611,RAAL La Louvière,Gent,1.0,2.0,post
401879025,2026-08-16 18:30:00,2026,7879,559,KV Mechelen,Standard Liège,3.0,3.0,post
401879024,2026-08-16 19:15:00,2026,22269,3616,Lommel SK,Charleroi,0.0,1.0,post
401879023,2026-08-21 20:45:00,2026,559,131235,Standard Liège,RAAL La Louvière,2.0,0.0,post
401879022,2026-08-22 16:00:00,2026,4691,13450,Zulte-Waregem,Waasland-Beveren,4.0,0.0,post
401879021,2026-08-22 18:15:00,2026,3616,7879,Charleroi,KV Mechelen,2.0,0.0,post
401879019,2026-08-22 20:45:00,2026,17544,938,Antwerp,Genk,4.0,4.0,post
401879017,2026-08-23 16:00:00,2026,22269,606,Lommel SK,KVC Westerlo,4.0,0.0,post
401879016,2026-08-23 18:30:00,2026,570,3610,Club Brugge,Cercle Brugge,1.0,0.0,post
401879015,2026-08-28 20:45:00,2026,938,13450,Genk,Waasland-Beveren,4.0,0.0,post
401879014,2026-08-29 16:00:00,2026,131235,7879,RAAL La Louvière,KV Mechelen,2.0,2.0,post
401879013,2026-08-29 18:15:00,2026,5786,3616,KV Kortrijk,Charleroi,1.0,3.0,post
401879012,2026-08-29 20:45:00,2026,3610,22269,Cercle Brugge,Lommel SK,0.0,1.0,post
401879011,2026-08-29 20:45:00,2026,5579,559,OH Leuven,Standard Liège,1.0,2.0,post
401879010,2026-08-30 13:30:00,2026,3611,570,Gent,Club Brugge,2.0,1.0,post
401879009,2026-08-30 16:00:00,2026,17544,936,Antwerp,Sint-Truiden,1.0,4.0,post
401879008,2026-08-30 18:30:00,2026,5807,441,Union Saint-Gilloise,Anderlecht,3.0,0.0,post
401879007,2026-08-30 19:15:00,2026,606,4691,KVC Westerlo,Zulte-Waregem,2.0,2.0,post
401879006,2026-09-02 20:30:00,2026,936,5807,Sint-Truiden,Union Saint-Gilloise,0.0,3.0,post
401879018,2026-09-03 20:30:00,2026,441,5786,Anderlecht,KV Kortrijk,1.0,0.0,post
401879020,2026-09-03 20:30:00,2026,3611,5579,Gent,OH Leuven,1.0,0.0,post
401879005,2026-09-04 20:45:00,2026,22269,570,Lommel SK,Club Brugge,0.0,1.0,post
401879004,2026-09-05 16:00:00,2026,3616,5807,Charleroi,Union Saint-Gilloise,2.0,3.0,post
401879003,2026-09-05 18:15:00,2026,7879,606,KV Mechelen,KVC Westerlo,0.0,4.0,post
401879002,2026-09-05 20:45:00,2026,559,17544,Standard Liège,Antwerp,1.0,0.0,post
401879001,2026-09-05 20:45:00,2026,936,131235,Sint-Truiden,RAAL La Louvière,4.0,0.0,post
401879000,2026-09-06 13:30:00,2026,3610,3611,Cercle Brugge,Gent,0.0,3.0,post
401878999,2026-09-06 16:00:00,2026,5786,4691,KV Kortrijk,Zulte-Waregem,0.0,2.0,post
401878998,2026-09-06 18:30:00,2026,441,938,Anderlecht,Genk,0.0,0.0,post
401878997,2026-09-06 19:15:00,2026,13450,5579,Waasland-Beveren,OH Leuven,3.0,0.0,post
401878996,2026-09-11 20:45:00,2026,7879,441,KV Mechelen,Anderlecht,0.0,1.0,post
401878995,2026-09-12 16:00:00,2026,13450,936,Waasland-Beveren,Sint-Truiden,2.0,0.0,post
401878994,2026-09-12 18:15:00,2026,606,559,KVC Westerlo,Standard Liège,4.0,2.0,post
401878993,2026-09-12 20:45:00,2026,5579,3610,OH Leuven,Cercle Brugge,1.0,1.0,post
401878992,2026-09-12 20:45:00,2026,5807,22269,Union Saint-Gilloise,Lommel SK,5.0,0.0,post
