local_equipo,local_foulsCommitted,local_yellowCards,local_redCards,local_offsides,local_wonCorners,local_saves,local_possessionPct,local_totalShots,local_shotsOnTarget,local_shotPct,local_penaltyKickGoals,local_penaltyKickShots,local_accuratePasses,local_totalPasses,local_passPct,local_accurateCrosses,local_totalCrosses,local_crossPct,local_totalLongBalls,local_accurateLongBalls,local_longballPct,local_blockedShots,local_effectiveTackles,local_totalTackles,local_tacklePct,local_interceptions,local_effectiveClearance,local_totalClearance,visita_equipo,visita_foulsCommitted,visita_yellowCards,visita_redCards,visita_offsides,visita_wonCorners,visita_saves,visita_possessionPct,visita_totalShots,visita_shotsOnTarget,visita_shotPct,visita_penaltyKickGoals,visita_penaltyKickShots,visita_accuratePasses,visita_totalPasses,visita_passPct,visita_accurateCrosses,visita_totalCrosses,visita_crossPct,visita_totalLongBalls,visita_accurateLongBalls,visita_longballPct,visita_blockedShots,visita_effectiveTackles,visita_totalTackles,visita_tacklePct,visita_interceptions,visita_effectiveClearance,visita_totalClearance,event_id,fecha,temporada
Wolfsberger,,,,,,,,,,,,,,,,,,,,,,,,,,,,,SK Sturm Graz,,,,,,,,,,,,,,,,,,,,,,,,,,,,,578164,2021-01-17 16:00:00,2021
Rapid Vienna,,,,,,,,,,,,,,,,,,,,,,,,,,,,,SK Sturm Graz,,,,,,,,,,,,,,,,,,,,,,,,,,,,,578128,2021-01-22 18:00:00,2021
Wolfsberger,,,,,,,,,,,,,,,,,,,,,,,,,,,,,TSV Hartberg,,,,,,,,,,,,,,,,,,,,,,,,,,,,,578129,2021-01-23 16:00:00,2021
SV Josko Ried,,,,,,,,,,,,,,,,,,,,,,,,,,,,,Austria Vienna,,,,,,,,,,,,,,,,,,,,,,,,,,,,,578126,2021-01-23 16:00:00,2021
St. Pölten,,,,,,,,,,,,,,,,,,,,,,,,,,,,,FC Admira Wacker Modling,,,,,,,,,,,,,,,,,,,,,,,,,,,,,578125,2021-01-23 16:00:00,2021
SC Rheindorf Altach,,,,,,,,,,,,,,,,,,,,,,,,,,,,,RB Salzburg,,,,,,,,,,,,,,,,,,,,,,,,,,,,,578127,2021-01-24 13:30:00,2021
LASK Linz,,,,,,,,,,,,,,,,,,,,,,,,,,,,,WSG Swarovski Tirol,,,,,,,,,,,,,,,,,,,,,,,,,,,,,578130,2021-01-24 16:00:00,2021
FC Admira Wacker Modling,,,,,,,,,,,,,,,,,,,,,,,,,,,,,Austria Vienna,,,,,,,,,,,,,,,,,,,,,,,,,,,,,578119,2021-01-26 17:30:00,2021
SK Sturm Graz,,,,,,,,,,,,,,,,,,,,,,,,,,,,,TSV Hartberg,,,,,,,,,,,,,,,,,,,,,,,,,,,,,578124,2021-01-26 17:30:00,2021
RB Salzburg,,,,,,,,,,,,,,,,,,,,,,,,,,,,,SV Josko Ried,,,,,,,,,,,,,,,,,,,,,,,,,,,,,578122,2021-01-27 17:30:00,2021
Rapid Vienna,,,,,,,,,,,,,,,,,,,,,,,,,,,,,St. Pölten,,,,,,,,,,,,,,,,,,,,,,,,,,,,,578123,2021-01-27 17:30:00,2021
WSG Swarovski Tirol,,,,,,,,,,,,,,,,,,,,,,,,,,,,,SC Rheindorf Altach,,,,,,,,,,,,,,,,,,,,,,,,,,,,,578121,2021-01-27 17:30:00,2021
Wolfsberger,,,,,,,,,,,,,,,,,,,,,,,,,,,,,LASK Linz,,,,,,,,,,,,,,,,,,,,,,,,,,,,,578120,2021-01-27 19:30:00,2021
SV Josko Ried,,,,,,,,,,,,,,,,,,,,,,,,,,,,,FC Admira Wacker Modling,,,,,,,,,,,,,,,,,,,,,,,,,,,,,578113,2021-01-30 16:00:00,2021
TSV Hartberg,,,,,,,,,,,,,,,,,,,,,,,,,,,,,RB Salzburg,,,,,,,,,,,,,,,,,,,,,,,,,,,,,578115,2021-01-30 16:00:00,2021
SC Rheindorf Altach,,,,,,,,,,,,,,,,,,,,,,,,,,,,,SK Sturm Graz,,,,,,,,,,,,,,,,,,,,,,,,,,,,,578116,2021-01-30 16:00:00,2021
Austria Vienna,,,,,,,,,,,,,,,,,,,,,,,,,,,,,WSG Swarovski Tirol,,,,,,,,,,,,,,,,,,,,,,,,,,,,,578117,2021-01-31 13:30:00,2021
St. Pölten,,,,,,,,,,,,,,,,,,,,,,,,,,,,,Wolfsberger,,,,,,,,,,,,,,,,,,,,,,,,,,,,,578118,2021-01-31 13:30:00,2021
LASK Linz,,,,,,,,,,,,,,,,,,,,,,,,,,,,,Rapid Vienna,,,,,,,,,,,,,,,,,,,,,,,,,,,,,578114,2021-01-31 16:00:00,2021
SK Sturm Graz,,,,,,,,,,,,,,,,,,,,,,,,,,,,,SV Josko Ried,,,,,,,,,,,,,,,,,,,,,,,,,,,,,578110,2021-02-09 17:30:00,2021
Rapid Vienna,,,,,,,,,,,,,,,,,,,,,,,,,,,,,Wolfsberger,,,,,,,,,,,,,,,,,,,,,,,,,,,,,578112,2021-02-09 19:30:00,2021
FC Admira Wacker Modling,,,,,,,,,,,,,,,,,,,,,,,,,,,,,SC Rheindorf Altach,,,,,,,,,,,,,,,,,,,,,,,,,,,,,578109,2021-02-10 17:30:00,2021
St. Pölten,,,,,,,,,,,,,,,,,,,,,,,,,,,,,LASK Linz,,,,,,,,,,,,,,,,,,,,,,,,,,,,,578108,2021-02-10 17:30:00,2021
RB Salzburg,,,,,,,,,,,,,,,,,,,,,,,,,,,,,Austria Vienna,,,,,,,,,,,,,,,,,,,,,,,,,,,,,578107,2021-02-10 19:30:00,2021
SC Rheindorf Altach,,,,,,,,,,,,,,,,,,,,,,,,,,,,,Rapid Vienna,,,,,,,,,,,,,,,,,,,,,,,,,,,,,578102,2021-02-13 16:00:00,2021
WSG Swarovski Tirol,,,,,,,,,,,,,,,,,,,,,,,,,,,,,RB Salzburg,,,,,,,,,,,,,,,,,,,,,,,,,,,,,578103,2021-02-13 16:00:00,2021
Wolfsberger,,,,,,,,,,,,,,,,,,,,,,,,,,,,,FC Admira Wacker Modling,,,,,,,,,,,,,,,,,,,,,,,,,,,,,578101,2021-02-13 16:00:00,2021
Austria Vienna,,,,,,,,,,,,,,,,,,,,,,,,,,,,,TSV Hartberg,,,,,,,,,,,,,,,,,,,,,,,,,,,,,578106,2021-02-14 13:30:00,2021
SV Josko Ried,,,,,,,,,,,,,,,,,,,,,,,,,,,,,St. Pölten,,,,,,,,,,,,,,,,,,,,,,,,,,,,,578105,2021-02-14 13:30:00,2021
LASK Linz,,,,,,,,,,,,,,,,,,,,,,,,,,,,,SK Sturm Graz,,,,,,,,,,,,,,,,,,,,,,,,,,,,,578104,2021-02-14 16:00:00,2021
TSV Hartberg,,,,,,,,,,,,,,,,,,,,,,,,,,,,,SV Josko Ried,,,,,,,,,,,,,,,,,,,,,,,,,,,,,578098,2021-02-20 16:00:00,2021
WSG Swarovski Tirol,,,,,,,,,,,,,,,,,,,,,,,,,,,,,St. Pölten,,,,,,,,,,,,,,,,,,,,,,,,,,,,,578099,2021-02-20 16:00:00,2021
Austria Vienna,,,,,,,,,,,,,,,,,,,,,,,,,,,,,SC Rheindorf Altach,,,,,,,,,,,,,,,,,,,,,,,,,,,,,578097,2021-02-20 16:00:00,2021
SK Sturm Graz,,,,,,,,,,,,,,,,,,,,,,,,,,,,,Wolfsberger,,,,,,,,,,,,,,,,,,,,,,,,,,,,,578100,2021-02-21 13:30:00,2021
FC Admira Wacker Modling,,,,,,,,,,,,,,,,,,,,,,,,,,,,,LASK Linz,,,,,,,,,,,,,,,,,,,,,,,,,,,,,578095,2021-02-21 13:30:00,2021
RB Salzburg,,,,,,,,,,,,,,,,,,,,,,,,,,,,,Rapid Vienna,,,,,,,,,,,,,,,,,,,,,,,,,,,,,578096,2021-02-21 16:00:00,2021
TSV Hartberg,,,,,,,,,,,,,,,,,,,,,,,,,,,,,WSG Swarovski Tirol,,,,,,,,,,,,,,,,,,,,,,,,,,,,,578111,2021-02-23 17:30:00,2021
FC Admira Wacker Modling,,,,,,,,,,,,,,,,,,,,,,,,,,,,,WSG Swarovski Tirol,,,,,,,,,,,,,,,,,,,,,,,,,,,,,578094,2021-02-27 16:00:00,2021
LASK Linz,,,,,,,,,,,,,,,,,,,,,,,,,,,,,TSV Hartberg,,,,,,,,,,,,,,,,,,,,,,,,,,,,,578093,2021-02-27 16:00:00,2021
Rapid Vienna,,,,,,,,,,,,,,,,,,,,,,,,,,,,,SV Josko Ried,,,,,,,,,,,,,,,,,,,,,,,,,,,,,578092,2021-02-27 16:00:00,2021
St. Pölten,,,,,,,,,,,,,,,,,,,,,,,,,,,,,Austria Vienna,,,,,,,,,,,,,,,,,,,,,,,,,,,,,578089,2021-02-28 13:30:00,2021
Wolfsberger,,,,,,,,,,,,,,,,,,,,,,,,,,,,,SC Rheindorf Altach,,,,,,,,,,,,,,,,,,,,,,,,,,,,,578091,2021-02-28 13:30:00,2021
SK Sturm Graz,,,,,,,,,,,,,,,,,,,,,,,,,,,,,RB Salzburg,,,,,,,,,,,,,,,,,,,,,,,,,,,,,578090,2021-02-28 16:00:00,2021
WSG Swarovski Tirol,,,,,,,,,,,,,,,,,,,,,,,,,,,,,SK Sturm Graz,,,,,,,,,,,,,,,,,,,,,,,,,,,,,578086,2021-03-06 16:00:00,2021
SC Rheindorf Altach,,,,,,,,,,,,,,,,,,,,,,,,,,,,,LASK Linz,,,,,,,,,,,,,,,,,,,,,,,,,,,,,578084,2021-03-06 16:00:00,2021
TSV Hartberg,,,,,,,,,,,,,,,,,,,,,,,,,,,,,FC Admira Wacker Modling,,,,,,,,,,,,,,,,,,,,,,,,,,,,,578083,2021-03-06 16:00:00,2021
SV Josko Ried,,,,,,,,,,,,,,,,,,,,,,,,,,,,,Wolfsberger,,,,,,,,,,,,,,,,,,,,,,,,,,,,,578088,2021-03-07 13:30:00,2021
RB Salzburg,,,,,,,,,,,,,,,,,,,,,,,,,,,,,St. Pölten,,,,,,,,,,,,,,,,,,,,,,,,,,,,,578087,2021-03-07 13:30:00,2021
Austria Vienna,,,,,,,,,,,,,,,,,,,,,,,,,,,,,Rapid Vienna,,,,,,,,,,,,,,,,,,,,,,,,,,,,,578085,2021-03-07 16:00:00,2021
RB Salzburg,,,,,,,,,,,,,,,,,,,,,,,,,,,,,FC Admira Wacker Modling,,,,,,,,,,,,,,,,,,,,,,,,,,,,,578077,2021-03-13 16:00:00,2021
Wolfsberger,,,,,,,,,,,,,,,,,,,,,,,,,,,,,WSG Swarovski Tirol,,,,,,,,,,,,,,,,,,,,,,,,,,,,,578082,2021-03-14 16:00:00,2021
Rapid Vienna,,,,,,,,,,,,,,,,,,,,,,,,,,,,,TSV Hartberg,,,,,,,,,,,,,,,,,,,,,,,,,,,,,578081,2021-03-14 16:00:00,2021
SV Josko Ried,,,,,,,,,,,,,,,,,,,,,,,,,,,,,LASK Linz,,,,,,,,,,,,,,,,,,,,,,,,,,,,,578079,2021-03-14 16:00:00,2021
St. Pölten,,,,,,,,,,,,,,,,,,,,,,,,,,,,,SC Rheindorf Altach,,,,,,,,,,,,,,,,,,,,,,,,,,,,,578080,2021-03-14 16:00:00,2021
SK Sturm Graz,,,,,,,,,,,,,,,,,,,,,,,,,,,,,Austria Vienna,,,,,,,,,,,,,,,,,,,,,,,,,,,,,578078,2021-03-14 16:00:00,2021
LASK Linz,,,,,,,,,,,,,,,,,,,,,,,,,,,,,RB Salzburg,,,,,,,,,,,,,,,,,,,,,,,,,,,,,578072,2021-03-20 16:00:00,2021
WSG Swarovski Tirol,,,,,,,,,,,,,,,,,,,,,,,,,,,,,Rapid Vienna,,,,,,,,,,,,,,,,,,,,,,,,,,,,,578071,2021-03-21 16:00:00,2021
FC Admira Wacker Modling,,,,,,,,,,,,,,,,,,,,,,,,,,,,,SK Sturm Graz,,,,,,,,,,,,,,,,,,,,,,,,,,,,,578073,2021-03-21 16:00:00,2021
TSV Hartberg,,,,,,,,,,,,,,,,,,,,,,,,,,,,,St. Pölten,,,,,,,,,,,,,,,,,,,,,,,,,,,,,578075,2021-03-21 16:00:00,2021
Austria Vienna,,,,,,,,,,,,,,,,,,,,,,,,,,,,,Wolfsberger,,,,,,,,,,,,,,,,,,,,,,,,,,,,,578076,2021-03-21 16:00:00,2021
SC Rheindorf Altach,,,,,,,,,,,,,,,,,,,,,,,,,,,,,SV Josko Ried,,,,,,,,,,,,,,,,,,,,,,,,,,,,,578074,2021-03-21 16:00:00,2021
Austria Vienna,,,,,,,,,,,,,,,,,,,,,,,,,,,,,SC Rheindorf Altach,,,,,,,,,,,,,,,,,,,,,,,,,,,,,600203,2021-04-03 15:00:00,2021
St. Pölten,,,,,,,,,,,,,,,,,,,,,,,,,,,,,FC Admira Wacker Modling,,,,,,,,,,,,,,,,,,,,,,,,,,,,,600202,2021-04-03 15:00:00,2021
SV Josko Ried,,,,,,,,,,,,,,,,,,,,,,,,,,,,,TSV Hartberg,,,,,,,,,,,,,,,,,,,,,,,,,,,,,600204,2021-04-03 15:00:00,2021
Wolfsberger,,,,,,,,,,,,,,,,,,,,,,,,,,,,,Rapid Vienna,,,,,,,,,,,,,,,,,,,,,,,,,,,,,600201,2021-04-04 12:30:00,2021
WSG Swarovski Tirol,,,,,,,,,,,,,,,,,,,,,,,,,,,,,LASK Linz,,,,,,,,,,,,,,,,,,,,,,,,,,,,,600200,2021-04-04 12:30:00,2021
RB Salzburg,,,,,,,,,,,,,,,,,,,,,,,,,,,,,SK Sturm Graz,,,,,,,,,,,,,,,,,,,,,,,,,,,,,600199,2021-04-04 15:00:00,2021
SC Rheindorf Altach,,,,,,,,,,,,,,,,,,,,,,,,,,,,,St. Pölten,,,,,,,,,,,,,,,,,,,,,,,,,,,,,600198,2021-04-10 15:00:00,2021
FC Admira Wacker Modling,,,,,,,,,,,,,,,,,,,,,,,,,,,,,SV Josko Ried,,,,,,,,,,,,,,,,,,,,,,,,,,,,,600197,2021-04-10 15:00:00,2021
TSV Hartberg,,,,,,,,,,,,,,,,,,,,,,,,,,,,,Austria Vienna,,,,,,,,,,,,,,,,,,,,,,,,,,,,,600196,2021-04-10 15:00:00,2021
LASK Linz,,,,,,,,,,,,,,,,,,,,,,,,,,,,,Wolfsberger,,,,,,,,,,,,,,,,,,,,,,,,,,,,,600195,2021-04-11 12:30:00,2021
SK Sturm Graz,,,,,,,,,,,,,,,,,,,,,,,,,,,,,WSG Swarovski Tirol,,,,,,,,,,,,,,,,,,,,,,,,,,,,,600194,2021-04-11 12:30:00,2021
Rapid Vienna,,,,,,,,,,,,,,,,,,,,,,,,,,,,,RB Salzburg,,,,,,,,,,,,,,,,,,,,,,,,,,,,,600193,2021-04-11 15:00:00,2021
St. Pölten,,,,,,,,,,,,,,,,,,,,,,,,,,,,,Austria Vienna,,,,,,,,,,,,,,,,,,,,,,,,,,,,,600190,2021-04-17 15:00:00,2021
SV Josko Ried,,,,,,,,,,,,,,,,,,,,,,,,,,,,,SC Rheindorf Altach,,,,,,,,,,,,,,,,,,,,,,,,,,,,,600191,2021-04-17 15:00:00,2021
FC Admira Wacker Modling,,,,,,,,,,,,,,,,,,,,,,,,,,,,,TSV Hartberg,,,,,,,,,,,,,,,,,,,,,,,,,,,,,600192,2021-04-17 15:00:00,2021
RB Salzburg,,,,,,,,,,,,,,,,,,,,,,,,,,,,,LASK Linz,,,,,,,,,,,,,,,,,,,,,,,,,,,,,600188,2021-04-18 12:30:00,2021
Wolfsberger,,,,,,,,,,,,,,,,,,,,,,,,,,,,,WSG Swarovski Tirol,,,,,,,,,,,,,,,,,,,,,,,,,,,,,600189,2021-04-18 12:30:00,2021
Rapid Vienna,,,,,,,,,,,,,,,,,,,,,,,,,,,,,SK Sturm Graz,,,,,,,,,,,,,,,,,,,,,,,,,,,,,600187,2021-04-18 15:00:00,2021
SC Rheindorf Altach,,,,,,,,,,,,,,,,,,,,,,,,,,,,,FC Admira Wacker Modling,,,,,,,,,,,,,,,,,,,,,,,,,,,,,600185,2021-04-20 16:30:00,2021
TSV Hartberg,,,,,,,,,,,,,,,,,,,,,,,,,,,,,St. Pölten,,,,,,,,,,,,,,,,,,,,,,,,,,,,,600186,2021-04-20 16:30:00,2021
Austria Vienna,,,,,,,,,,,,,,,,,,,,,,,,,,,,,SV Josko Ried,,,,,,,,,,,,,,,,,,,,,,,,,,,,,600184,2021-04-20 18:30:00,2021
WSG Swarovski Tirol,,,,,,,,,,,,,,,,,,,,,,,,,,,,,RB Salzburg,,,,,,,,,,,,,,,,,,,,,,,,,,,,,600182,2021-04-21 16:30:00,2021
SK Sturm Graz,,,,,,,,,,,,,,,,,,,,,,,,,,,,,Wolfsberger,,,,,,,,,,,,,,,,,,,,,,,,,,,,,600183,2021-04-21 16:30:00,2021
LASK Linz,,,,,,,,,,,,,,,,,,,,,,,,,,,,,Rapid Vienna,,,,,,,,,,,,,,,,,,,,,,,,,,,,,600181,2021-04-21 18:30:00,2021
FC Admira Wacker Modling,,,,,,,,,,,,,,,,,,,,,,,,,,,,,Austria Vienna,,,,,,,,,,,,,,,,,,,,,,,,,,,,,600178,2021-04-24 15:00:00,2021
SC Rheindorf Altach,,,,,,,,,,,,,,,,,,,,,,,,,,,,,TSV Hartberg,,,,,,,,,,,,,,,,,,,,,,,,,,,,,600180,2021-04-24 15:00:00,2021
SV Josko Ried,,,,,,,,,,,,,,,,,,,,,,,,,,,,,St. Pölten,,,,,,,,,,,,,,,,,,,,,,,,,,,,,600179,2021-04-24 15:00:00,2021
Rapid Vienna,,,,,,,,,,,,,,,,,,,,,,,,,,,,,WSG Swarovski Tirol,,,,,,,,,,,,,,,,,,,,,,,,,,,,,600177,2021-04-25 12:30:00,2021
Wolfsberger,,,,,,,,,,,,,,,,,,,,,,,,,,,,,RB Salzburg,,,,,,,,,,,,,,,,,,,,,,,,,,,,,600176,2021-04-25 12:30:00,2021
SK Sturm Graz,,,,,,,,,,,,,,,,,,,,,,,,,,,,,LASK Linz,,,,,,,,,,,,,,,,,,,,,,,,,,,,,600175,2021-04-25 15:00:00,2021
Austria Vienna,,,,,,,,,,,,,,,,,,,,,,,,,,,,,FC Admira Wacker Modling,,,,,,,,,,,,,,,,,,,,,,,,,,,,,600172,2021-04-27 16:30:00,2021
TSV Hartberg,,,,,,,,,,,,,,,,,,,,,,,,,,,,,SC Rheindorf Altach,,,,,,,,,,,,,,,,,,,,,,,,,,,,,600173,2021-04-27 16:30:00,2021
St. Pölten,,,,,,,,,,,,,,,,,,,,,,,,,,,,,SV Josko Ried,,,,,,,,,,,,,,,,,,,,,,,,,,,,,600174,2021-04-27 16:30:00,2021
WSG Swarovski Tirol,,,,,,,,,,,,,,,,,,,,,,,,,,,,,Rapid Vienna,,,,,,,,,,,,,,,,,,,,,,,,,,,,,600169,2021-04-28 16:30:00,2021
RB Salzburg,,,,,,,,,,,,,,,,,,,,,,,,,,,,,Wolfsberger,,,,,,,,,,,,,,,,,,,,,,,,,,,,,600171,2021-04-28 16:30:00,2021
LASK Linz,,,,,,,,,,,,,,,,,,,,,,,,,,,,,SK Sturm Graz,,,,,,,,,,,,,,,,,,,,,,,,,,,,,600170,2021-04-28 16:30:00,2021
FC Admira Wacker Modling,,,,,,,,,,,,,,,,,,,,,,,,,,,,,St. Pölten,,,,,,,,,,,,,,,,,,,,,,,,,,,,,600168,2021-05-08 15:00:00,2021
SC Rheindorf Altach,,,,,,,,,,,,,,,,,,,,,,,,,,,,,Austria Vienna,,,,,,,,,,,,,,,,,,,,,,,,,,,,,600166,2021-05-08 15:00:00,2021
TSV Hartberg,,,,,,,,,,,,,,,,,,,,,,,,,,,,,SV Josko Ried,,,,,,,,,,,,,,,,,,,,,,,,,,,,,600167,2021-05-08 15:00:00,2021
SK Sturm Graz,,,,,,,,,,,,,,,,,,,,,,,,,,,,,RB Salzburg,,,,,,,,,,,,,,,,,,,,,,,,,,,,,600164,2021-05-09 12:30:00,2021
LASK Linz,,,,,,,,,,,,,,,,,,,,,,,,,,,,,WSG Swarovski Tirol,,,,,,,,,,,,,,,,,,,,,,,,,,,,,600165,2021-05-09 12:30:00,2021
Rapid Vienna,,,,,,,,,,,,,,,,,,,,,,,,,,,,,Wolfsberger,,,,,,,,,,,,,,,,,,,,,,,,,,,,,600163,2021-05-09 15:00:00,2021
St. Pölten,,,,,,,,,,,,,,,,,,,,,,,,,,,,,SC Rheindorf Altach,,,,,,,,,,,,,,,,,,,,,,,,,,,,,600162,2021-05-11 16:30:00,2021
SV Josko Ried,,,,,,,,,,,,,,,,,,,,,,,,,,,,,FC Admira Wacker Modling,,,,,,,,,,,,,,,,,,,,,,,,,,,,,600161,2021-05-11 16:30:00,2021
Austria Vienna,,,,,,,,,,,,,,,,,,,,,,,,,,,,,TSV Hartberg,,,,,,,,,,,,,,,,,,,,,,,,,,,,,600160,2021-05-11 18:30:00,2021
WSG Swarovski Tirol,,,,,,,,,,,,,,,,,,,,,,,,,,,,,SK Sturm Graz,,,,,,,,,,,,,,,,,,,,,,,,,,,,,600159,2021-05-12 16:30:00,2021
Wolfsberger,,,,,,,,,,,,,,,,,,,,,,,,,,,,,LASK Linz,,,,,,,,,,,,,,,,,,,,,,,,,,,,,600158,2021-05-12 16:30:00,2021
RB Salzburg,,,,,,,,,,,,,,,,,,,,,,,,,,,,,Rapid Vienna,,,,,,,,,,,,,,,,,,,,,,,,,,,,,600157,2021-05-12 18:30:00,2021
Austria Vienna,,,,,,,,,,,,,,,,,,,,,,,,,,,,,St. Pölten,,,,,,,,,,,,,,,,,,,,,,,,,,,,,600156,2021-05-15 15:00:00,2021
SC Rheindorf Altach,,,,,,,,,,,,,,,,,,,,,,,,,,,,,SV Josko Ried,,,,,,,,,,,,,,,,,,,,,,,,,,,,,600155,2021-05-15 15:00:00,2021
TSV Hartberg,,,,,,,,,,,,,,,,,,,,,,,,,,,,,FC Admira Wacker Modling,,,,,,,,,,,,,,,,,,,,,,,,,,,,,600154,2021-05-15 15:00:00,2021
WSG Swarovski Tirol,,,,,,,,,,,,,,,,,,,,,,,,,,,,,Wolfsberger,,,,,,,,,,,,,,,,,,,,,,,,,,,,,600153,2021-05-16 15:00:00,2021
SK Sturm Graz,,,,,,,,,,,,,,,,,,,,,,,,,,,,,Rapid Vienna,,,,,,,,,,,,,,,,,,,,,,,,,,,,,600151,2021-05-16 15:00:00,2021
LASK Linz,,,,,,,,,,,,,,,,,,,,,,,,,,,,,RB Salzburg,,,,,,,,,,,,,,,,,,,,,,,,,,,,,600152,2021-05-16 15:00:00,2021
SV Josko Ried,,,,,,,,,,,,,,,,,,,,,,,,,,,,,Austria Vienna,,,,,,,,,,,,,,,,,,,,,,,,,,,,,600148,2021-05-21 17:00:00,2021
St. Pölten,,,,,,,,,,,,,,,,,,,,,,,,,,,,,TSV Hartberg,,,,,,,,,,,,,,,,,,,,,,,,,,,,,600150,2021-05-21 17:00:00,2021
FC Admira Wacker Modling,,,,,,,,,,,,,,,,,,,,,,,,,,,,,SC Rheindorf Altach,,,,,,,,,,,,,,,,,,,,,,,,,,,,,600149,2021-05-21 17:00:00,2021
Rapid Vienna,,,,,,,,,,,,,,,,,,,,,,,,,,,,,LASK Linz,,,,,,,,,,,,,,,,,,,,,,,,,,,,,600145,2021-05-22 15:00:00,2021
RB Salzburg,,,,,,,,,,,,,,,,,,,,,,,,,,,,,WSG Swarovski Tirol,,,,,,,,,,,,,,,,,,,,,,,,,,,,,600147,2021-05-22 15:00:00,2021
Wolfsberger,,,,,,,,,,,,,,,,,,,,,,,,,,,,,SK Sturm Graz,,,,,,,,,,,,,,,,,,,,,,,,,,,,,600146,2021-05-22 15:00:00,2021
TSV Hartberg,,,,,,,,,,,,,,,,,,,,,,,,,,,,,Austria Vienna,,,,,,,,,,,,,,,,,,,,,,,,,,,,,602833,2021-05-24 15:00:00,2021
Austria Vienna,,,,,,,,,,,,,,,,,,,,,,,,,,,,,Wolfsberger,,,,,,,,,,,,,,,,,,,,,,,,,,,,,602846,2021-05-27 17:00:00,2021
Wolfsberger,,,,,,,,,,,,,,,,,,,,,,,,,,,,,Austria Vienna,,,,,,,,,,,,,,,,,,,,,,,,,,,,,602845,2021-05-30 15:00:00,2021
SK Sturm Graz,,,,,,,,,,,,,,,,,,,,,,,,,,,,,RB Salzburg,,,,,,,,,,,,,,,,,,,,,,,,,,,,,606637,2021-07-23 18:30:00,2021
WSG Swarovski Tirol,,,,,,,,,,,,,,,,,,,,,,,,,,,,,FC Admira Wacker Modling,,,,,,,,,,,,,,,,,,,,,,,,,,,,,606634,2021-07-24 15:00:00,2021
Rapid Vienna,,,,,,,,,,,,,,,,,,,,,,,,,,,,,TSV Hartberg,,,,,,,,,,,,,,,,,,,,,,,,,,,,,606636,2021-07-24 15:00:00,2021
SC Rheindorf Altach,,,,,,,,,,,,,,,,,,,,,,,,,,,,,LASK Linz,,,,,,,,,,,,,,,,,,,,,,,,,,,,,606635,2021-07-24 15:00:00,2021
SK Austria Klagenfurt,,,,,,,,,,,,,,,,,,,,,,,,,,,,,Wolfsberger,,,,,,,,,,,,,,,,,,,,,,,,,,,,,606633,2021-07-25 15:00:00,2021
SV Josko Ried,,,,,,,,,,,,,,,,,,,,,,,,,,,,,Austria Vienna,,,,,,,,,,,,,,,,,,,,,,,,,,,,,606632,2021-07-25 15:00:00,2021
LASK Linz,,,,,,,,,,,,,,,,,,,,,,,,,,,,,Rapid Vienna,,,,,,,,,,,,,,,,,,,,,,,,,,,,,606629,2021-07-31 15:00:00,2021
TSV Hartberg,,,,,,,,,,,,,,,,,,,,,,,,,,,,,SC Rheindorf Altach,,,,,,,,,,,,,,,,,,,,,,,,,,,,,606630,2021-07-31 15:00:00,2021
FC Admira Wacker Modling,,,,,,,,,,,,,,,,,,,,,,,,,,,,,SK Austria Klagenfurt,,,,,,,,,,,,,,,,,,,,,,,,,,,,,606631,2021-07-31 15:00:00,2021
Austria Vienna,,,,,,,,,,,,,,,,,,,,,,,,,,,,,WSG Swarovski Tirol,,,,,,,,,,,,,,,,,,,,,,,,,,,,,606628,2021-08-01 15:00:00,2021
RB Salzburg,,,,,,,,,,,,,,,,,,,,,,,,,,,,,SV Josko Ried,,,,,,,,,,,,,,,,,,,,,,,,,,,,,606627,2021-08-01 15:00:00,2021
Wolfsberger,,,,,,,,,,,,,,,,,,,,,,,,,,,,,SK Sturm Graz,,,,,,,,,,,,,,,,,,,,,,,,,,,,,606626,2021-08-01 15:00:00,2021
SK Austria Klagenfurt,,,,,,,,,,,,,,,,,,,,,,,,,,,,,TSV Hartberg,,,,,,,,,,,,,,,,,,,,,,,,,,,,,606624,2021-08-07 15:00:00,2021
SV Josko Ried,,,,,,,,,,,,,,,,,,,,,,,,,,,,,FC Admira Wacker Modling,,,,,,,,,,,,,,,,,,,,,,,,,,,,,606620,2021-08-07 15:00:00,2021
SK Sturm Graz,,,,,,,,,,,,,,,,,,,,,,,,,,,,,SC Rheindorf Altach,,,,,,,,,,,,,,,,,,,,,,,,,,,,,606623,2021-08-07 15:00:00,2021
Rapid Vienna,,,,,,,,,,,,,,,,,,,,,,,,,,,,,Wolfsberger,,,,,,,,,,,,,,,,,,,,,,,,,,,,,606625,2021-08-08 15:00:00,2021
RB Salzburg,,,,,,,,,,,,,,,,,,,,,,,,,,,,,Austria Vienna,,,,,,,,,,,,,,,,,,,,,,,,,,,,,606621,2021-08-08 15:00:00,2021
WSG Swarovski Tirol,,,,,,,,,,,,,,,,,,,,,,,,,,,,,LASK Linz,,,,,,,,,,,,,,,,,,,,,,,,,,,,,606622,2021-08-08 15:00:00,2021
FC Admira Wacker Modling,,,,,,,,,,,,,,,,,,,,,,,,,,,,,RB Salzburg,,,,,,,,,,,,,,,,,,,,,,,,,,,,,606618,2021-08-14 15:00:00,2021
TSV Hartberg,,,,,,,,,,,,,,,,,,,,,,,,,,,,,SV Josko Ried,,,,,,,,,,,,,,,,,,,,,,,,,,,,,606619,2021-08-14 15:00:00,2021
Wolfsberger,,,,,,,,,,,,,,,,,,,,,,,,,,,,,WSG Swarovski Tirol,,,,,,,,,,,,,,,,,,,,,,,,,,,,,606616,2021-08-14 15:00:00,2021
SC Rheindorf Altach,,,,,,,,,,,,,,,,,,,,,,,,,,,,,Rapid Vienna,,,,,,,,,,,,,,,,,,,,,,,,,,,,,606617,2021-08-15 15:00:00,2021
LASK Linz,,,,,,,,,,,,,,,,,,,,,,,,,,,,,SK Sturm Graz,,,,,,,,,,,,,,,,,,,,,,,,,,,,,606615,2021-08-15 15:00:00,2021
Austria Vienna,,,,,,,,,,,,,,,,,,,,,,,,,,,,,SK Austria Klagenfurt,,,,,,,,,,,,,,,,,,,,,,,,,,,,,606614,2021-08-15 15:00:00,2021
RB Salzburg,,,,,,,,,,,,,,,,,,,,,,,,,,,,,SK Austria Klagenfurt,,,,,,,,,,,,,,,,,,,,,,,,,,,,,606612,2021-08-21 15:00:00,2021
WSG Swarovski Tirol,,,,,,,,,,,,,,,,,,,,,,,,,,,,,SC Rheindorf Altach,,,,,,,,,,,,,,,,,,,,,,,,,,,,,606609,2021-08-21 15:00:00,2021
Wolfsberger,,,,,,,,,,,,,,,,,,,,,,,,,,,,,FC Admira Wacker Modling,,,,,,,,,,,,,,,,,,,,,,,,,,,,,606611,2021-08-21 15:00:00,2021
LASK Linz,,,,,,,,,,,,,,,,,,,,,,,,,,,,,TSV Hartberg,,,,,,,,,,,,,,,,,,,,,,,,,,,,,606610,2021-08-22 15:00:00,2021
Rapid Vienna,,,,,,,,,,,,,,,,,,,,,,,,,,,,,SV Josko Ried,,,,,,,,,,,,,,,,,,,,,,,,,,,,,606613,2021-08-22 15:00:00,2021
SK Sturm Graz,,,,,,,,,,,,,,,,,,,,,,,,,,,,,Austria Vienna,,,,,,,,,,,,,,,,,,,,,,,,,,,,,606608,2021-08-22 15:00:00,2021
SK Austria Klagenfurt,8.0,1.0,1.0,0.0,2.0,5.0,27.7,6.0,2.0,0.3,1.0,1.0,0.0,0.0,0.0,0.0,0.0,0.0,0.0,0.0,0.0,2.0,0.0,0.0,0.0,0.0,0.0,0.0,WSG Swarovski Tirol,9.0,2.0,0.0,0.0,10.0,0.0,72.3,17.0,6.0,0.4,0.0,0.0,0.0,0.0,0.0,0.0,0.0,0.0,0.0,0.0,0.0,4.0,0.0,0.0,0.0,0.0,0.0,0.0,606606,2021-08-28 15:00:00,2021
SC Rheindorf Altach,,,,,,,,,,,,,,,,,,,,,,,,,,,,,Wolfsberger,,,,,,,,,,,,,,,,,,,,,,,,,,,,,606607,2021-08-28 15:00:00,2021
TSV Hartberg,,,,,,,,,,,,,,,,,,,,,,,,,,,,,RB Salzburg,,,,,,,,,,,,,,,,,,,,,,,,,,,,,606605,2021-08-28 15:00:00,2021
SV Josko Ried,,,,,,,,,,,,,,,,,,,,,,,,,,,,,LASK Linz,,,,,,,,,,,,,,,,,,,,,,,,,,,,,606602,2021-08-29 15:00:00,2021
FC Admira Wacker Modling,,,,,,,,,,,,,,,,,,,,,,,,,,,,,SK Sturm Graz,,,,,,,,,,,,,,,,,,,,,,,,,,,,,606604,2021-08-29 15:00:00,2021
Austria Vienna,,,,,,,,,,,,,,,,,,,,,,,,,,,,,Rapid Vienna,,,,,,,,,,,,,,,,,,,,,,,,,,,,,606603,2021-08-29 15:00:00,2021
WSG Swarovski Tirol,,,,,,,,,,,,,,,,,,,,,,,,,,,,,RB Salzburg,,,,,,,,,,,,,,,,,,,,,,,,,,,,,606598,2021-09-11 15:00:00,2021
Wolfsberger,,,,,,,,,,,,,,,,,,,,,,,,,,,,,TSV Hartberg,,,,,,,,,,,,,,,,,,,,,,,,,,,,,606601,2021-09-11 15:00:00,2021
Rapid Vienna,,,,,,,,,,,,,,,,,,,,,,,,,,,,,FC Admira Wacker Modling,,,,,,,,,,,,,,,,,,,,,,,,,,,,,606596,2021-09-11 15:00:00,2021
LASK Linz,,,,,,,,,,,,,,,,,,,,,,,,,,,,,Austria Vienna,,,,,,,,,,,,,,,,,,,,,,,,,,,,,606597,2021-09-12 12:30:00,2021
SC Rheindorf Altach,,,,,,,,,,,,,,,,,,,,,,,,,,,,,SV Josko Ried,,,,,,,,,,,,,,,,,,,,,,,,,,,,,606600,2021-09-12 12:30:00,2021
SK Sturm Graz,,,,,,,,,,,,,,,,,,,,,,,,,,,,,SK Austria Klagenfurt,,,,,,,,,,,,,,,,,,,,,,,,,,,,,606599,2021-09-12 15:00:00,2021
SV Josko Ried,,,,,,,,,,,,,,,,,,,,,,,,,,,,,Wolfsberger,,,,,,,,,,,,,,,,,,,,,,,,,,,,,606595,2021-09-18 15:00:00,2021
Austria Vienna,,,,,,,,,,,,,,,,,,,,,,,,,,,,,SC Rheindorf Altach,,,,,,,,,,,,,,,,,,,,,,,,,,,,,606592,2021-09-18 15:00:00,2021
FC Admira Wacker Modling,,,,,,,,,,,,,,,,,,,,,,,,,,,,,TSV Hartberg,,,,,,,,,,,,,,,,,,,,,,,,,,,,,606593,2021-09-18 15:00:00,2021
SK Sturm Graz,,,,,,,,,,,,,,,,,,,,,,,,,,,,,WSG Swarovski Tirol,,,,,,,,,,,,,,,,,,,,,,,,,,,,,606594,2021-09-19 12:30:00,2021
SK Austria Klagenfurt,,,,,,,,,,,,,,,,,,,,,,,,,,,,,LASK Linz,,,,,,,,,,,,,,,,,,,,,,,,,,,,,606590,2021-09-19 12:30:00,2021
RB Salzburg,,,,,,,,,,,,,,,,,,,,,,,,,,,,,Rapid Vienna,,,,,,,,,,,,,,,,,,,,,,,,,,,,,606591,2021-09-19 15:00:00,2021
WSG Swarovski Tirol,,,,,,,,,,,,,,,,,,,,,,,,,,,,,SV Josko Ried,,,,,,,,,,,,,,,,,,,,,,,,,,,,,606589,2021-09-25 15:00:00,2021
Wolfsberger,,,,,,,,,,,,,,,,,,,,,,,,,,,,,RB Salzburg,,,,,,,,,,,,,,,,,,,,,,,,,,,,,606586,2021-09-25 15:00:00,2021
SC Rheindorf Altach,,,,,,,,,,,,,,,,,,,,,,,,,,,,,SK Austria Klagenfurt,,,,,,,,,,,,,,,,,,,,,,,,,,,,,606587,2021-09-25 15:00:00,2021
TSV Hartberg,,,,,,,,,,,,,,,,,,,,,,,,,,,,,Austria Vienna,,,,,,,,,,,,,,,,,,,,,,,,,,,,,606585,2021-09-26 12:30:00,2021
LASK Linz,,,,,,,,,,,,,,,,,,,,,,,,,,,,,FC Admira Wacker Modling,,,,,,,,,,,,,,,,,,,,,,,,,,,,,606584,2021-09-26 12:30:00,2021
Rapid Vienna,,,,,,,,,,,,,,,,,,,,,,,,,,,,,SK Sturm Graz,,,,,,,,,,,,,,,,,,,,,,,,,,,,,606588,2021-09-26 15:00:00,2021
FC Admira Wacker Modling,,,,,,,,,,,,,,,,,,,,,,,,,,,,,SC Rheindorf Altach,,,,,,,,,,,,,,,,,,,,,,,,,,,,,606580,2021-10-02 15:00:00,2021
SV Josko Ried,,,,,,,,,,,,,,,,,,,,,,,,,,,,,SK Austria Klagenfurt,,,,,,,,,,,,,,,,,,,,,,,,,,,,,606581,2021-10-02 15:00:00,2021
Wolfsberger,,,,,,,,,,,,,,,,,,,,,,,,,,,,,Austria Vienna,,,,,,,,,,,,,,,,,,,,,,,,,,,,,606578,2021-10-02 15:00:00,2021
Rapid Vienna,,,,,,,,,,,,,,,,,,,,,,,,,,,,,WSG Swarovski Tirol,,,,,,,,,,,,,,,,,,,,,,,,,,,,,606583,2021-10-03 12:30:00,2021
TSV Hartberg,,,,,,,,,,,,,,,,,,,,,,,,,,,,,SK Sturm Graz,,,,,,,,,,,,,,,,,,,,,,,,,,,,,606582,2021-10-03 12:30:00,2021
RB Salzburg,,,,,,,,,,,,,,,,,,,,,,,,,,,,,LASK Linz,,,,,,,,,,,,,,,,,,,,,,,,,,,,,606579,2021-10-03 15:00:00,2021
SK Austria Klagenfurt,,,,,,,,,,,,,,,,,,,,,,,,,,,,,Rapid Vienna,,,,,,,,,,,,,,,,,,,,,,,,,,,,,606573,2021-10-16 15:00:00,2021
SC Rheindorf Altach,,,,,,,,,,,,,,,,,,,,,,,,,,,,,RB Salzburg,,,,,,,,,,,,,,,,,,,,,,,,,,,,,606574,2021-10-16 15:00:00,2021
Austria Vienna,,,,,,,,,,,,,,,,,,,,,,,,,,,,,FC Admira Wacker Modling,,,,,,,,,,,,,,,,,,,,,,,,,,,,,606572,2021-10-16 15:00:00,2021
WSG Swarovski Tirol,,,,,,,,,,,,,,,,,,,,,,,,,,,,,TSV Hartberg,,,,,,,,,,,,,,,,,,,,,,,,,,,,,606576,2021-10-17 12:30:00,2021
LASK Linz,,,,,,,,,,,,,,,,,,,,,,,,,,,,,Wolfsberger,,,,,,,,,,,,,,,,,,,,,,,,,,,,,606577,2021-10-17 12:30:00,2021
SK Sturm Graz,,,,,,,,,,,,,,,,,,,,,,,,,,,,,SV Josko Ried,,,,,,,,,,,,,,,,,,,,,,,,,,,,,606575,2021-10-17 15:00:00,2021
FC Admira Wacker Modling,,,,,,,,,,,,,,,,,,,,,,,,,,,,,WSG Swarovski Tirol,,,,,,,,,,,,,,,,,,,,,,,,,,,,,606571,2021-10-23 15:00:00,2021
Austria Vienna,,,,,,,,,,,,,,,,,,,,,,,,,,,,,SV Josko Ried,,,,,,,,,,,,,,,,,,,,,,,,,,,,,606570,2021-10-23 15:00:00,2021
Wolfsberger,,,,,,,,,,,,,,,,,,,,,,,,,,,,,SK Austria Klagenfurt,,,,,,,,,,,,,,,,,,,,,,,,,,,,,606568,2021-10-23 15:00:00,2021
TSV Hartberg,,,,,,,,,,,,,,,,,,,,,,,,,,,,,Rapid Vienna,,,,,,,,,,,,,,,,,,,,,,,,,,,,,606566,2021-10-24 12:30:00,2021
LASK Linz,,,,,,,,,,,,,,,,,,,,,,,,,,,,,SC Rheindorf Altach,,,,,,,,,,,,,,,,,,,,,,,,,,,,,606567,2021-10-24 12:30:00,2021
RB Salzburg,,,,,,,,,,,,,,,,,,,,,,,,,,,,,SK Sturm Graz,,,,,,,,,,,,,,,,,,,,,,,,,,,,,606569,2021-10-24 15:00:00,2021
SC Rheindorf Altach,,,,,,,,,,,,,,,,,,,,,,,,,,,,,TSV Hartberg,,,,,,,,,,,,,,,,,,,,,,,,,,,,,606564,2021-10-30 15:00:00,2021
SK Austria Klagenfurt,,,,,,,,,,,,,,,,,,,,,,,,,,,,,FC Admira Wacker Modling,,,,,,,,,,,,,,,,,,,,,,,,,,,,,606560,2021-10-30 15:00:00,2021
SV Josko Ried,,,,,,,,,,,,,,,,,,,,,,,,,,,,,RB Salzburg,,,,,,,,,,,,,,,,,,,,,,,,,,,,,606563,2021-10-30 15:00:00,2021
WSG Swarovski Tirol,,,,,,,,,,,,,,,,,,,,,,,,,,,,,Austria Vienna,,,,,,,,,,,,,,,,,,,,,,,,,,,,,606561,2021-10-31 13:30:00,2021
SK Sturm Graz,,,,,,,,,,,,,,,,,,,,,,,,,,,,,Wolfsberger,,,,,,,,,,,,,,,,,,,,,,,,,,,,,606565,2021-10-31 13:30:00,2021
Rapid Vienna,,,,,,,,,,,,,,,,,,,,,,,,,,,,,LASK Linz,,,,,,,,,,,,,,,,,,,,,,,,,,,,,606562,2021-10-31 16:00:00,2021
Austria Vienna,,,,,,,,,,,,,,,,,,,,,,,,,,,,,RB Salzburg,,,,,,,,,,,,,,,,,,,,,,,,,,,,,606555,2021-11-06 16:00:00,2021
TSV Hartberg,,,,,,,,,,,,,,,,,,,,,,,,,,,,,SK Austria Klagenfurt,,,,,,,,,,,,,,,,,,,,,,,,,,,,,606556,2021-11-06 16:00:00,2021
FC Admira Wacker Modling,,,,,,,,,,,,,,,,,,,,,,,,,,,,,SV Josko Ried,,,,,,,,,,,,,,,,,,,,,,,,,,,,,606558,2021-11-06 16:00:00,2021
LASK Linz,,,,,,,,,,,,,,,,,,,,,,,,,,,,,WSG Swarovski Tirol,,,,,,,,,,,,,,,,,,,,,,,,,,,,,606559,2021-11-07 13:30:00,2021
Wolfsberger,,,,,,,,,,,,,,,,,,,,,,,,,,,,,Rapid Vienna,,,,,,,,,,,,,,,,,,,,,,,,,,,,,606554,2021-11-07 16:00:00,2021
RB Salzburg,,,,,,,,,,,,,,,,,,,,,,,,,,,,,FC Admira Wacker Modling,,,,,,,,,,,,,,,,,,,,,,,,,,,,,606548,2021-11-20 16:00:00,2021
Rapid Vienna,,,,,,,,,,,,,,,,,,,,,,,,,,,,,SC Rheindorf Altach,,,,,,,,,,,,,,,,,,,,,,,,,,,,,606551,2021-11-20 16:00:00,2021
SV Josko Ried,,,,,,,,,,,,,,,,,,,,,,,,,,,,,TSV Hartberg,,,,,,,,,,,,,,,,,,,,,,,,,,,,,606552,2021-11-20 16:00:00,2021
SK Austria Klagenfurt,,,,,,,,,,,,,,,,,,,,,,,,,,,,,Austria Vienna,,,,,,,,,,,,,,,,,,,,,,,,,,,,,606549,2021-11-21 13:30:00,2021
WSG Swarovski Tirol,,,,,,,,,,,,,,,,,,,,,,,,,,,,,Wolfsberger,,,,,,,,,,,,,,,,,,,,,,,,,,,,,606553,2021-11-21 13:30:00,2021
SK Sturm Graz,,,,,,,,,,,,,,,,,,,,,,,,,,,,,LASK Linz,,,,,,,,,,,,,,,,,,,,,,,,,,,,,606550,2021-11-21 16:00:00,2021
SK Austria Klagenfurt,,,,,,,,,,,,,,,,,,,,,,,,,,,,,RB Salzburg,,,,,,,,,,,,,,,,,,,,,,,,,,,,,606544,2021-11-27 16:00:00,2021
FC Admira Wacker Modling,,,,,,,,,,,,,,,,,,,,,,,,,,,,,Wolfsberger,,,,,,,,,,,,,,,,,,,,,,,,,,,,,606547,2021-11-27 16:00:00,2021
SC Rheindorf Altach,,,,,,,,,,,,,,,,,,,,,,,,,,,,,WSG Swarovski Tirol,,,,,,,,,,,,,,,,,,,,,,,,,,,,,606546,2021-11-27 16:00:00,2021
TSV Hartberg,,,,,,,,,,,,,,,,,,,,,,,,,,,,,LASK Linz,,,,,,,,,,,,,,,,,,,,,,,,,,,,,606542,2021-11-28 13:30:00,2021
Austria Vienna,,,,,,,,,,,,,,,,,,,,,,,,,,,,,SK Sturm Graz,,,,,,,,,,,,,,,,,,,,,,,,,,,,,606545,2021-11-28 13:30:00,2021
SV Josko Ried,,,,,,,,,,,,,,,,,,,,,,,,,,,,,Rapid Vienna,,,,,,,,,,,,,,,,,,,,,,,,,,,,,606543,2021-11-28 16:00:00,2021
SC Rheindorf Altach,,,,,,,,,,,,,,,,,,,,,,,,,,,,,SK Sturm Graz,,,,,,,,,,,,,,,,,,,,,,,,,,,,,606557,2021-12-01 18:00:00,2021
WSG Swarovski Tirol,,,,,,,,,,,,,,,,,,,,,,,,,,,,,SK Austria Klagenfurt,,,,,,,,,,,,,,,,,,,,,,,,,,,,,606539,2021-12-04 16:00:00,2021
SK Sturm Graz,,,,,,,,,,,,,,,,,,,,,,,,,,,,,FC Admira Wacker Modling,,,,,,,,,,,,,,,,,,,,,,,,,,,,,606536,2021-12-04 16:00:00,2021
RB Salzburg,,,,,,,,,,,,,,,,,,,,,,,,,,,,,TSV Hartberg,,,,,,,,,,,,,,,,,,,,,,,,,,,,,606541,2021-12-04 16:00:00,2021
LASK Linz,,,,,,,,,,,,,,,,,,,,,,,,,,,,,SV Josko Ried,,,,,,,,,,,,,,,,,,,,,,,,,,,,,606540,2021-12-05 13:30:00,2021
Rapid Vienna,,,,,,,,,,,,,,,,,,,,,,,,,,,,,Austria Vienna,,,,,,,,,,,,,,,,,,,,,,,,,,,,,606537,2021-12-05 16:00:00,2021
Wolfsberger,,,,,,,,,,,,,,,,,,,,,,,,,,,,,SC Rheindorf Altach,,,,,,,,,,,,,,,,,,,,,,,,,,,,,606538,2021-12-05 16:00:00,2021
TSV Hartberg,,,,,,,,,,,,,,,,,,,,,,,,,,,,,Wolfsberger,,,,,,,,,,,,,,,,,,,,,,,,,,,,,606535,2021-12-11 16:00:00,2021
SV Josko Ried,,,,,,,,,,,,,,,,,,,,,,,,,,,,,SC Rheindorf Altach,,,,,,,,,,,,,,,,,,,,,,,,,,,,,606532,2021-12-11 16:00:00,2021
RB Salzburg,,,,,,,,,,,,,,,,,,,,,,,,,,,,,WSG Swarovski Tirol,,,,,,,,,,,,,,,,,,,,,,,,,,,,,606534,2021-12-11 16:00:00,2021
FC Admira Wacker Modling,,,,,,,,,,,,,,,,,,,,,,,,,,,,,Rapid Vienna,,,,,,,,,,,,,,,,,,,,,,,,,,,,,606531,2021-12-12 13:30:00,2021
SK Austria Klagenfurt,,,,,,,,,,,,,,,,,,,,,,,,,,,,,SK Sturm Graz,,,,,,,,,,,,,,,,,,,,,,,,,,,,,606533,2021-12-12 13:30:00,2021
Austria Vienna,,,,,,,,,,,,,,,,,,,,,,,,,,,,,LASK Linz,,,,,,,,,,,,,,,,,,,,,,,,,,,,,606530,2021-12-12 16:00:00,2021
Rapid Vienna,,,,,,,,,,,,,,,,,,,,,,,,,,,,,RB Salzburg,,,,,,,,,,,,,,,,,,,,,,,,,,,,,606526,2022-02-11 18:30:00,2022
SC Rheindorf Altach,,,,,,,,,,,,,,,,,,,,,,,,,,,,,Austria Vienna,,,,,,,,,,,,,,,,,,,,,,,,,,,,,606525,2022-02-12 16:00:00,2022
Wolfsberger,,,,,,,,,,,,,,,,,,,,,,,,,,,,,SV Josko Ried,,,,,,,,,,,,,,,,,,,,,,,,,,,,,606529,2022-02-12 16:00:00,2022
WSG Swarovski Tirol,,,,,,,,,,,,,,,,,,,,,,,,,,,,,SK Sturm Graz,,,,,,,,,,,,,,,,,,,,,,,,,,,,,606528,2022-02-12 16:00:00,2022
TSV Hartberg,,,,,,,,,,,,,,,,,,,,,,,,,,,,,FC Admira Wacker Modling,,,,,,,,,,,,,,,,,,,,,,,,,,,,,606524,2022-02-13 13:30:00,2022
LASK Linz,,,,,,,,,,,,,,,,,,,,,,,,,,,,,SK Austria Klagenfurt,,,,,,,,,,,,,,,,,,,,,,,,,,,,,606527,2022-02-13 16:00:00,2022
Austria Vienna,,,,,,,,,,,,,,,,,,,,,,,,,,,,,TSV Hartberg,,,,,,,,,,,,,,,,,,,,,,,,,,,,,606521,2022-02-19 16:00:00,2022
SV Josko Ried,,,,,,,,,,,,,,,,,,,,,,,,,,,,,WSG Swarovski Tirol,,,,,,,,,,,,,,,,,,,,,,,,,,,,,606522,2022-02-19 16:00:00,2022
FC Admira Wacker Modling,,,,,,,,,,,,,,,,,,,,,,,,,,,,,LASK Linz,,,,,,,,,,,,,,,,,,,,,,,,,,,,,606518,2022-02-19 16:00:00,2022
RB Salzburg,,,,,,,,,,,,,,,,,,,,,,,,,,,,,Wolfsberger,,,,,,,,,,,,,,,,,,,,,,,,,,,,,606523,2022-02-20 13:30:00,2022
SK Austria Klagenfurt,,,,,,,,,,,,,,,,,,,,,,,,,,,,,SC Rheindorf Altach,,,,,,,,,,,,,,,,,,,,,,,,,,,,,606520,2022-02-20 13:30:00,2022
SK Sturm Graz,,,,,,,,,,,,,,,,,,,,,,,,,,,,,Rapid Vienna,,,,,,,,,,,,,,,,,,,,,,,,,,,,,606519,2022-02-20 16:00:00,2022
SC Rheindorf Altach,,,,,,,,,,,,,,,,,,,,,,,,,,,,,FC Admira Wacker Modling,,,,,,,,,,,,,,,,,,,,,,,,,,,,,606512,2022-02-26 16:00:00,2022
Austria Vienna,,,,,,,,,,,,,,,,,,,,,,,,,,,,,Wolfsberger,,,,,,,,,,,,,,,,,,,,,,,,,,,,,606517,2022-02-27 16:00:00,2022
WSG Swarovski Tirol,,,,,,,,,,,,,,,,,,,,,,,,,,,,,Rapid Vienna,,,,,,,,,,,,,,,,,,,,,,,,,,,,,606513,2022-02-27 16:00:00,2022
SK Austria Klagenfurt,,,,,,,,,,,,,,,,,,,,,,,,,,,,,SV Josko Ried,,,,,,,,,,,,,,,,,,,,,,,,,,,,,606515,2022-02-27 16:00:00,2022
SK Sturm Graz,,,,,,,,,,,,,,,,,,,,,,,,,,,,,TSV Hartberg,,,,,,,,,,,,,,,,,,,,,,,,,,,,,606516,2022-02-27 16:00:00,2022
LASK Linz,,,,,,,,,,,,,,,,,,,,,,,,,,,,,RB Salzburg,,,,,,,,,,,,,,,,,,,,,,,,,,,,,606514,2022-03-02 19:30:00,2022
RB Salzburg,,,,,,,,,,,,,,,,,,,,,,,,,,,,,SC Rheindorf Altach,,,,,,,,,,,,,,,,,,,,,,,,,,,,,606508,2022-03-05 16:00:00,2022
SV Josko Ried,,,,,,,,,,,,,,,,,,,,,,,,,,,,,SK Sturm Graz,,,,,,,,,,,,,,,,,,,,,,,,,,,,,606510,2022-03-06 16:00:00,2022
TSV Hartberg,,,,,,,,,,,,,,,,,,,,,,,,,,,,,WSG Swarovski Tirol,,,,,,,,,,,,,,,,,,,,,,,,,,,,,606511,2022-03-06 16:00:00,2022
Wolfsberger,,,,,,,,,,,,,,,,,,,,,,,,,,,,,LASK Linz,,,,,,,,,,,,,,,,,,,,,,,,,,,,,606507,2022-03-06 16:00:00,2022
Rapid Vienna,,,,,,,,,,,,,,,,,,,,,,,,,,,,,SK Austria Klagenfurt,,,,,,,,,,,,,,,,,,,,,,,,,,,,,606509,2022-03-06 16:00:00,2022
FC Admira Wacker Modling,,,,,,,,,,,,,,,,,,,,,,,,,,,,,Austria Vienna,,,,,,,,,,,,,,,,,,,,,,,,,,,,,606506,2022-03-06 16:00:00,2022
FC Admira Wacker Modling,,,,,,,,,,,,,,,,,,,,,,,,,,,,,SV Josko Ried,,,,,,,,,,,,,,,,,,,,,,,,,,,,,632788,2022-03-12 16:00:00,2022
SC Rheindorf Altach,,,,,,,,,,,,,,,,,,,,,,,,,,,,,TSV Hartberg,,,,,,,,,,,,,,,,,,,,,,,,,,,,,632787,2022-03-12 16:00:00,2022
SK Austria Klagenfurt,,,,,,,,,,,,,,,,,,,,,,,,,,,,,Rapid Vienna,,,,,,,,,,,,,,,,,,,,,,,,,,,,,632768,2022-03-13 13:30:00,2022
LASK Linz,,,,,,,,,,,,,,,,,,,,,,,,,,,,,WSG Swarovski Tirol,,,,,,,,,,,,,,,,,,,,,,,,,,,,,632789,2022-03-13 13:30:00,2022
Austria Vienna,,,,,,,,,,,,,,,,,,,,,,,,,,,,,Wolfsberger,,,,,,,,,,,,,,,,,,,,,,,,,,,,,632767,2022-03-13 13:30:00,2022
RB Salzburg,,,,,,,,,,,,,,,,,,,,,,,,,,,,,SK Sturm Graz,,,,,,,,,,,,,,,,,,,,,,,,,,,,,632769,2022-03-13 16:00:00,2022
WSG Swarovski Tirol,,,,,,,,,,,,,,,,,,,,,,,,,,,,,FC Admira Wacker Modling,,,,,,,,,,,,,,,,,,,,,,,,,,,,,632791,2022-03-19 16:00:00,2022
SV Josko Ried,,,,,,,,,,,,,,,,,,,,,,,,,,,,,SC Rheindorf Altach,,,,,,,,,,,,,,,,,,,,,,,,,,,,,632790,2022-03-19 16:00:00,2022
Wolfsberger,,,,,,,,,,,,,,,,,,,,,,,,,,,,,RB Salzburg,,,,,,,,,,,,,,,,,,,,,,,,,,,,,632770,2022-03-20 13:30:00,2022
TSV Hartberg,,,,,,,,,,,,,,,,,,,,,,,,,,,,,LASK Linz,,,,,,,,,,,,,,,,,,,,,,,,,,,,,632792,2022-03-20 13:30:00,2022
SK Sturm Graz,,,,,,,,,,,,,,,,,,,,,,,,,,,,,SK Austria Klagenfurt,,,,,,,,,,,,,,,,,,,,,,,,,,,,,632771,2022-03-20 13:30:00,2022
Rapid Vienna,,,,,,,,,,,,,,,,,,,,,,,,,,,,,Austria Vienna,,,,,,,,,,,,,,,,,,,,,,,,,,,,,632772,2022-03-20 16:00:00,2022
LASK Linz,,,,,,,,,,,,,,,,,,,,,,,,,,,,,SV Josko Ried,,,,,,,,,,,,,,,,,,,,,,,,,,,,,632793,2022-04-02 15:00:00,2022
TSV Hartberg,,,,,,,,,,,,,,,,,,,,,,,,,,,,,WSG Swarovski Tirol,,,,,,,,,,,,,,,,,,,,,,,,,,,,,632795,2022-04-02 15:00:00,2022
SC Rheindorf Altach,,,,,,,,,,,,,,,,,,,,,,,,,,,,,FC Admira Wacker Modling,,,,,,,,,,,,,,,,,,,,,,,,,,,,,632794,2022-04-02 15:00:00,2022
Austria Vienna,,,,,,,,,,,,,,,,,,,,,,,,,,,,,SK Austria Klagenfurt,,,,,,,,,,,,,,,,,,,,,,,,,,,,,632773,2022-04-03 12:30:00,2022
Wolfsberger,,,,,,,,,,,,,,,,,,,,,,,,,,,,,SK Sturm Graz,,,,,,,,,,,,,,,,,,,,,,,,,,,,,632774,2022-04-03 12:30:00,2022
RB Salzburg,,,,,,,,,,,,,,,,,,,,,,,,,,,,,Rapid Vienna,,,,,,,,,,,,,,,,,,,,,,,,,,,,,632775,2022-04-03 15:00:00,2022
SV Josko Ried,,,,,,,,,,,,,,,,,,,,,,,,,,,,,TSV Hartberg,,,,,,,,,,,,,,,,,,,,,,,,,,,,,632797,2022-04-09 15:00:00,2022
FC Admira Wacker Modling,,,,,,,,,,,,,,,,,,,,,,,,,,,,,LASK Linz,,,,,,,,,,,,,,,,,,,,,,,,,,,,,632796,2022-04-09 15:00:00,2022
WSG Swarovski Tirol,,,,,,,,,,,,,,,,,,,,,,,,,,,,,SC Rheindorf Altach,,,,,,,,,,,,,,,,,,,,,,,,,,,,,632798,2022-04-09 15:00:00,2022
SK Austria Klagenfurt,,,,,,,,,,,,,,,,,,,,,,,,,,,,,RB Salzburg,,,,,,,,,,,,,,,,,,,,,,,,,,,,,632776,2022-04-10 12:30:00,2022
Rapid Vienna,,,,,,,,,,,,,,,,,,,,,,,,,,,,,Wolfsberger,,,,,,,,,,,,,,,,,,,,,,,,,,,,,632777,2022-04-10 12:30:00,2022
SK Sturm Graz,,,,,,,,,,,,,,,,,,,,,,,,,,,,,Austria Vienna,,,,,,,,,,,,,,,,,,,,,,,,,,,,,632778,2022-04-10 15:00:00,2022
SC Rheindorf Altach,,,,,,,,,,,,,,,,,,,,,,,,,,,,,LASK Linz,,,,,,,,,,,,,,,,,,,,,,,,,,,,,632799,2022-04-16 15:00:00,2022
TSV Hartberg,,,,,,,,,,,,,,,,,,,,,,,,,,,,,FC Admira Wacker Modling,,,,,,,,,,,,,,,,,,,,,,,,,,,,,632801,2022-04-16 15:00:00,2022
SV Josko Ried,,,,,,,,,,,,,,,,,,,,,,,,,,,,,WSG Swarovski Tirol,,,,,,,,,,,,,,,,,,,,,,,,,,,,,632800,2022-04-16 15:00:00,2022
Austria Vienna,,,,,,,,,,,,,,,,,,,,,,,,,,,,,RB Salzburg,,,,,,,,,,,,,,,,,,,,,,,,,,,,,632779,2022-04-17 12:30:00,2022
SK Sturm Graz,,,,,,,,,,,,,,,,,,,,,,,,,,,,,Rapid Vienna,,,,,,,,,,,,,,,,,,,,,,,,,,,,,632780,2022-04-17 12:30:00,2022
Wolfsberger,,,,,,,,,,,,,,,,,,,,,,,,,,,,,SK Austria Klagenfurt,,,,,,,,,,,,,,,,,,,,,,,,,,,,,632781,2022-04-17 15:00:00,2022
LASK Linz,,,,,,,,,,,,,,,,,,,,,,,,,,,,,SC Rheindorf Altach,,,,,,,,,,,,,,,,,,,,,,,,,,,,,632804,2022-04-23 15:00:00,2022
WSG Swarovski Tirol,,,,,,,,,,,,,,,,,,,,,,,,,,,,,SV Josko Ried,,,,,,,,,,,,,,,,,,,,,,,,,,,,,632803,2022-04-23 15:00:00,2022
FC Admira Wacker Modling,,,,,,,,,,,,,,,,,,,,,,,,,,,,,TSV Hartberg,,,,,,,,,,,,,,,,,,,,,,,,,,,,,632802,2022-04-23 15:00:00,2022
SK Austria Klagenfurt,,,,,,,,,,,,,,,,,,,,,,,,,,,,,Wolfsberger,,,,,,,,,,,,,,,,,,,,,,,,,,,,,632782,2022-04-24 12:30:00,2022
RB Salzburg,,,,,,,,,,,,,,,,,,,,,,,,,,,,,Austria Vienna,,,,,,,,,,,,,,,,,,,,,,,,,,,,,632805,2022-04-24 12:30:00,2022
Rapid Vienna,,,,,,,,,,,,,,,,,,,,,,,,,,,,,SK Sturm Graz,,,,,,,,,,,,,,,,,,,,,,,,,,,,,632806,2022-04-24 15:00:00,2022
SV Josko Ried,,,,,,,,,,,,,,,,,,,,,,,,,,,,,FC Admira Wacker Modling,,,,,,,,,,,,,,,,,,,,,,,,,,,,,632808,2022-04-26 16:30:00,2022
TSV Hartberg,,,,,,,,,,,,,,,,,,,,,,,,,,,,,SC Rheindorf Altach,,,,,,,,,,,,,,,,,,,,,,,,,,,,,632807,2022-04-26 16:30:00,2022
WSG Swarovski Tirol,,,,,,,,,,,,,,,,,,,,,,,,,,,,,LASK Linz,,,,,,,,,,,,,,,,,,,,,,,,,,,,,632809,2022-04-26 16:30:00,2022
SK Sturm Graz,,,,,,,,,,,,,,,,,,,,,,,,,,,,,RB Salzburg,,,,,,,,,,,,,,,,,,,,,,,,,,,,,632810,2022-04-27 16:30:00,2022
Wolfsberger,,,,,,,,,,,,,,,,,,,,,,,,,,,,,Austria Vienna,,,,,,,,,,,,,,,,,,,,,,,,,,,,,632812,2022-04-27 16:30:00,2022
Rapid Vienna,,,,,,,,,,,,,,,,,,,,,,,,,,,,,SK Austria Klagenfurt,,,,,,,,,,,,,,,,,,,,,,,,,,,,,632811,2022-04-27 16:30:00,2022
FC Admira Wacker Modling,,,,,,,,,,,,,,,,,,,,,,,,,,,,,WSG Swarovski Tirol,,,,,,,,,,,,,,,,,,,,,,,,,,,,,632813,2022-05-07 15:00:00,2022
SC Rheindorf Altach,,,,,,,,,,,,,,,,,,,,,,,,,,,,,SV Josko Ried,,,,,,,,,,,,,,,,,,,,,,,,,,,,,632814,2022-05-07 15:00:00,2022
LASK Linz,,,,,,,,,,,,,,,,,,,,,,,,,,,,,TSV Hartberg,,,,,,,,,,,,,,,,,,,,,,,,,,,,,632815,2022-05-07 15:00:00,2022
SK Austria Klagenfurt,,,,,,,,,,,,,,,,,,,,,,,,,,,,,SK Sturm Graz,,,,,,,,,,,,,,,,,,,,,,,,,,,,,632817,2022-05-08 12:30:00,2022
RB Salzburg,,,,,,,,,,,,,,,,,,,,,,,,,,,,,Wolfsberger,,,,,,,,,,,,,,,,,,,,,,,,,,,,,632816,2022-05-08 12:30:00,2022
Austria Vienna,,,,,,,,,,,,,,,,,,,,,,,,,,,,,Rapid Vienna,,,,,,,,,,,,,,,,,,,,,,,,,,,,,632818,2022-05-08 15:00:00,2022
FC Admira Wacker Modling,,,,,,,,,,,,,,,,,,,,,,,,,,,,,SC Rheindorf Altach,,,,,,,,,,,,,,,,,,,,,,,,,,,,,632820,2022-05-14 15:00:00,2022
WSG Swarovski Tirol,,,,,,,,,,,,,,,,,,,,,,,,,,,,,TSV Hartberg,,,,,,,,,,,,,,,,,,,,,,,,,,,,,632821,2022-05-14 15:00:00,2022
SV Josko Ried,,,,,,,,,,,,,,,,,,,,,,,,,,,,,LASK Linz,,,,,,,,,,,,,,,,,,,,,,,,,,,,,632819,2022-05-14 15:00:00,2022
SK Sturm Graz,,,,,,,,,,,,,,,,,,,,,,,,,,,,,Wolfsberger,,,,,,,,,,,,,,,,,,,,,,,,,,,,,632823,2022-05-15 15:00:00,2022
SK Austria Klagenfurt,,,,,,,,,,,,,,,,,,,,,,,,,,,,,Austria Vienna,,,,,,,,,,,,,,,,,,,,,,,,,,,,,632822,2022-05-15 15:00:00,2022
Rapid Vienna,,,,,,,,,,,,,,,,,,,,,,,,,,,,,RB Salzburg,,,,,,,,,,,,,,,,,,,,,,,,,,,,,632824,2022-05-15 15:00:00,2022
LASK Linz,,,,,,,,,,,,,,,,,,,,,,,,,,,,,FC Admira Wacker Modling,,,,,,,,,,,,,,,,,,,,,,,,,,,,,632826,2022-05-20 17:00:00,2022
SC Rheindorf Altach,,,,,,,,,,,,,,,,,,,,,,,,,,,,,WSG Swarovski Tirol,,,,,,,,,,,,,,,,,,,,,,,,,,,,,632825,2022-05-20 17:00:00,2022
TSV Hartberg,,,,,,,,,,,,,,,,,,,,,,,,,,,,,SV Josko Ried,,,,,,,,,,,,,,,,,,,,,,,,,,,,,632827,2022-05-20 17:00:00,2022
RB Salzburg,,,,,,,,,,,,,,,,,,,,,,,,,,,,,SK Austria Klagenfurt,,,,,,,,,,,,,,,,,,,,,,,,,,,,,632828,2022-05-21 15:00:00,2022
Austria Vienna,,,,,,,,,,,,,,,,,,,,,,,,,,,,,SK Sturm Graz,,,,,,,,,,,,,,,,,,,,,,,,,,,,,632829,2022-05-21 15:00:00,2022
Wolfsberger,,,,,,,,,,,,,,,,,,,,,,,,,,,,,Rapid Vienna,,,,,,,,,,,,,,,,,,,,,,,,,,,,,632830,2022-05-21 15:00:00,2022
WSG Swarovski Tirol,,,,,,,,,,,,,,,,,,,,,,,,,,,,,LASK Linz,,,,,,,,,,,,,,,,,,,,,,,,,,,,,635204,2022-05-23 17:00:00,2022
WSG Swarovski Tirol,,,,,,,,,,,,,,,,,,,,,,,,,,,,,Rapid Vienna,,,,,,,,,,,,,,,,,,,,,,,,,,,,,635254,2022-05-26 15:00:00,2022
Rapid Vienna,,,,,,,,,,,,,,,,,,,,,,,,,,,,,WSG Swarovski Tirol,,,,,,,,,,,,,,,,,,,,,,,,,,,,,635255,2022-05-29 15:00:00,2022
RB Salzburg,,,,,,,,,,,,,,,,,,,,,,,,,,,,,Austria Vienna,,,,,,,,,,,,,,,,,,,,,,,,,,,,,641758,2022-07-22 18:30:00,2022
LASK Linz,,,,,,,,,,,,,,,,,,,,,,,,,,,,,SK Austria Klagenfurt,,,,,,,,,,,,,,,,,,,,,,,,,,,,,641759,2022-07-23 15:00:00,2022
Wolfsberger,,,,,,,,,,,,,,,,,,,,,,,,,,,,,SK Sturm Graz,,,,,,,,,,,,,,,,,,,,,,,,,,,,,641760,2022-07-23 17:30:00,2022
Austria Lustenau,,,,,,,,,,,,,,,,,,,,,,,,,,,,,WSG Swarovski Tirol,,,,,,,,,,,,,,,,,,,,,,,,,,,,,641761,2022-07-24 15:00:00,2022
Rapid Vienna,,,,,,,,,,,,,,,,,,,,,,,,,,,,,SV Josko Ried,,,,,,,,,,,,,,,,,,,,,,,,,,,,,641762,2022-07-24 15:00:00,2022
TSV Hartberg,,,,,,,,,,,,,,,,,,,,,,,,,,,,,SC Rheindorf Altach,,,,,,,,,,,,,,,,,,,,,,,,,,,,,641763,2022-07-24 15:00:00,2022
SV Josko Ried,,,,,,,,,,,,,,,,,,,,,,,,,,,,,Austria Lustenau,,,,,,,,,,,,,,,,,,,,,,,,,,,,,641765,2022-07-30 15:00:00,2022
SC Rheindorf Altach,,,,,,,,,,,,,,,,,,,,,,,,,,,,,Wolfsberger,,,,,,,,,,,,,,,,,,,,,,,,,,,,,641766,2022-07-30 15:00:00,2022
SK Sturm Graz,,,,,,,,,,,,,,,,,,,,,,,,,,,,,RB Salzburg,,,,,,,,,,,,,,,,,,,,,,,,,,,,,641764,2022-07-30 17:30:00,2022
Austria Vienna,,,,,,,,,,,,,,,,,,,,,,,,,,,,,LASK Linz,,,,,,,,,,,,,,,,,,,,,,,,,,,,,641768,2022-07-31 15:00:00,2022
SK Austria Klagenfurt,,,,,,,,,,,,,,,,,,,,,,,,,,,,,Rapid Vienna,,,,,,,,,,,,,,,,,,,,,,,,,,,,,641769,2022-07-31 15:00:00,2022
WSG Swarovski Tirol,,,,,,,,,,,,,,,,,,,,,,,,,,,,,TSV Hartberg,,,,,,,,,,,,,,,,,,,,,,,,,,,,,641767,2022-07-31 15:00:00,2022
Wolfsberger,,,,,,,,,,,,,,,,,,,,,,,,,,,,,LASK Linz,,,,,,,,,,,,,,,,,,,,,,,,,,,,,641774,2022-08-06 15:00:00,2022
SV Josko Ried,,,,,,,,,,,,,,,,,,,,,,,,,,,,,SK Sturm Graz,,,,,,,,,,,,,,,,,,,,,,,,,,,,,641772,2022-08-06 15:00:00,2022
TSV Hartberg,,,,,,,,,,,,,,,,,,,,,,,,,,,,,RB Salzburg,,,,,,,,,,,,,,,,,,,,,,,,,,,,,641771,2022-08-06 17:30:00,2022
Rapid Vienna,,,,,,,,,,,,,,,,,,,,,,,,,,,,,Austria Lustenau,,,,,,,,,,,,,,,,,,,,,,,,,,,,,641773,2022-08-07 15:00:00,2022
SC Rheindorf Altach,,,,,,,,,,,,,,,,,,,,,,,,,,,,,Austria Vienna,,,,,,,,,,,,,,,,,,,,,,,,,,,,,641770,2022-08-07 15:00:00,2022
WSG Swarovski Tirol,,,,,,,,,,,,,,,,,,,,,,,,,,,,,SK Austria Klagenfurt,,,,,,,,,,,,,,,,,,,,,,,,,,,,,641775,2022-08-07 15:00:00,2022
Austria Vienna,,,,,,,,,,,,,,,,,,,,,,,,,,,,,WSG Swarovski Tirol,,,,,,,,,,,,,,,,,,,,,,,,,,,,,641778,2022-08-13 15:00:00,2022
SK Austria Klagenfurt,,,,,,,,,,,,,,,,,,,,,,,,,,,,,SV Josko Ried,,,,,,,,,,,,,,,,,,,,,,,,,,,,,641777,2022-08-13 15:00:00,2022
SK Sturm Graz,,,,,,,,,,,,,,,,,,,,,,,,,,,,,SC Rheindorf Altach,,,,,,,,,,,,,,,,,,,,,,,,,,,,,641776,2022-08-13 17:30:00,2022
Austria Lustenau,,,,,,,,,,,,,,,,,,,,,,,,,,,,,TSV Hartberg,,,,,,,,,,,,,,,,,,,,,,,,,,,,,641780,2022-08-14 15:00:00,2022
RB Salzburg,,,,,,,,,,,,,,,,,,,,,,,,,,,,,Wolfsberger,,,,,,,,,,,,,,,,,,,,,,,,,,,,,641779,2022-08-14 15:00:00,2022
LASK Linz,,,,,,,,,,,,,,,,,,,,,,,,,,,,,Rapid Vienna,,,,,,,,,,,,,,,,,,,,,,,,,,,,,641781,2022-08-14 15:00:00,2022
RB Salzburg,,,,,,,,,,,,,,,,,,,,,,,,,,,,,SK Austria Klagenfurt,,,,,,,,,,,,,,,,,,,,,,,,,,,,,641782,2022-08-20 15:00:00,2022
SC Rheindorf Altach,,,,,,,,,,,,,,,,,,,,,,,,,,,,,Austria Lustenau,,,,,,,,,,,,,,,,,,,,,,,,,,,,,641784,2022-08-20 15:00:00,2022
SK Sturm Graz,,,,,,,,,,,,,,,,,,,,,,,,,,,,,LASK Linz,,,,,,,,,,,,,,,,,,,,,,,,,,,,,641783,2022-08-20 17:30:00,2022
Wolfsberger,,,,,,,,,,,,,,,,,,,,,,,,,,,,,Austria Vienna,,,,,,,,,,,,,,,,,,,,,,,,,,,,,641786,2022-08-21 15:00:00,2022
SV Josko Ried,,,,,,,,,,,,,,,,,,,,,,,,,,,,,WSG Swarovski Tirol,,,,,,,,,,,,,,,,,,,,,,,,,,,,,641785,2022-08-21 15:00:00,2022
Austria Lustenau,,,,,,,,,,,,,,,,,,,,,,,,,,,,,RB Salzburg,,,,,,,,,,,,,,,,,,,,,,,,,,,,,641788,2022-08-27 15:00:00,2022
TSV Hartberg,,,,,,,,,,,,,,,,,,,,,,,,,,,,,SV Josko Ried,,,,,,,,,,,,,,,,,,,,,,,,,,,,,641790,2022-08-27 15:00:00,2022
LASK Linz,,,,,,,,,,,,,,,,,,,,,,,,,,,,,SC Rheindorf Altach,,,,,,,,,,,,,,,,,,,,,,,,,,,,,641789,2022-08-27 17:30:00,2022
WSG Swarovski Tirol,,,,,,,,,,,,,,,,,,,,,,,,,,,,,Wolfsberger,,,,,,,,,,,,,,,,,,,,,,,,,,,,,641793,2022-08-28 15:00:00,2022
SK Austria Klagenfurt,,,,,,,,,,,,,,,,,,,,,,,,,,,,,Austria Vienna,,,,,,,,,,,,,,,,,,,,,,,,,,,,,641792,2022-08-28 15:00:00,2022
Rapid Vienna,,,,,,,,,,,,,,,,,,,,,,,,,,,,,SK Sturm Graz,,,,,,,,,,,,,,,,,,,,,,,,,,,,,641791,2022-08-28 15:00:00,2022
SK Sturm Graz,,,,,,,,,,,,,,,,,,,,,,,,,,,,,TSV Hartberg,,,,,,,,,,,,,,,,,,,,,,,,,,,,,641795,2022-09-03 15:00:00,2022
Austria Vienna,,,,,,,,,,,,,,,,,,,,,,,,,,,,,Austria Lustenau,,,,,,,,,,,,,,,,,,,,,,,,,,,,,641796,2022-09-03 15:00:00,2022
RB Salzburg,,,,,,,,,,,,,,,,,,,,,,,,,,,,,WSG Swarovski Tirol,,,,,,,,,,,,,,,,,,,,,,,,,,,,,641794,2022-09-03 15:00:00,2022
Wolfsberger,,,,,,,,,,,,,,,,,,,,,,,,,,,,,SK Austria Klagenfurt,,,,,,,,,,,,,,,,,,,,,,,,,,,,,641798,2022-09-04 12:30:00,2022
SC Rheindorf Altach,,,,,,,,,,,,,,,,,,,,,,,,,,,,,Rapid Vienna,,,,,,,,,,,,,,,,,,,,,,,,,,,,,641797,2022-09-04 12:30:00,2022
LASK Linz,,,,,,,,,,,,,,,,,,,,,,,,,,,,,SV Josko Ried,,,,,,,,,,,,,,,,,,,,,,,,,,,,,641799,2022-09-04 15:00:00,2022
WSG Swarovski Tirol,,,,,,,,,,,,,,,,,,,,,,,,,,,,,SC Rheindorf Altach,,,,,,,,,,,,,,,,,,,,,,,,,,,,,641802,2022-09-10 15:00:00,2022
Rapid Vienna,,,,,,,,,,,,,,,,,,,,,,,,,,,,,Wolfsberger,,,,,,,,,,,,,,,,,,,,,,,,,,,,,641803,2022-09-10 15:00:00,2022
SV Josko Ried,,,,,,,,,,,,,,,,,,,,,,,,,,,,,RB Salzburg,,,,,,,,,,,,,,,,,,,,,,,,,,,,,641800,2022-09-10 15:00:00,2022
Austria Lustenau,,,,,,,,,,,,,,,,,,,,,,,,,,,,,LASK Linz,,,,,,,,,,,,,,,,,,,,,,,,,,,,,641804,2022-09-11 12:30:00,2022
TSV Hartberg,,,,,,,,,,,,,,,,,,,,,,,,,,,,,Austria Vienna,,,,,,,,,,,,,,,,,,,,,,,,,,,,,641801,2022-09-11 12:30:00,2022
SK Austria Klagenfurt,,,,,,,,,,,,,,,,,,,,,,,,,,,,,SK Sturm Graz,,,,,,,,,,,,,,,,,,,,,,,,,,,,,641805,2022-09-11 15:00:00,2022
LASK Linz,,,,,,,,,,,,,,,,,,,,,,,,,,,,,WSG Swarovski Tirol,,,,,,,,,,,,,,,,,,,,,,,,,,,,,641807,2022-09-17 15:00:00,2022
SC Rheindorf Altach,,,,,,,,,,,,,,,,,,,,,,,,,,,,,SK Austria Klagenfurt,,,,,,,,,,,,,,,,,,,,,,,,,,,,,641809,2022-09-17 15:00:00,2022
Wolfsberger,,,,,,,,,,,,,,,,,,,,,,,,,,,,,TSV Hartberg,,,,,,,,,,,,,,,,,,,,,,,,,,,,,641808,2022-09-17 15:00:00,2022
Austria Vienna,,,,,,,,,,,,,,,,,,,,,,,,,,,,,SV Josko Ried,,,,,,,,,,,,,,,,,,,,,,,,,,,,,641806,2022-09-18 12:30:00,2022
SK Sturm Graz,,,,,,,,,,,,,,,,,,,,,,,,,,,,,Austria Lustenau,,,,,,,,,,,,,,,,,,,,,,,,,,,,,641811,2022-09-18 12:30:00,2022
RB Salzburg,,,,,,,,,,,,,,,,,,,,,,,,,,,,,Rapid Vienna,,,,,,,,,,,,,,,,,,,,,,,,,,,,,641810,2022-09-18 15:00:00,2022
WSG Swarovski Tirol,,,,,,,,,,,,,,,,,,,,,,,,,,,,,Rapid Vienna,,,,,,,,,,,,,,,,,,,,,,,,,,,,,641813,2022-10-01 15:00:00,2022
Austria Lustenau,,,,,,,,,,,,,,,,,,,,,,,,,,,,,Wolfsberger,,,,,,,,,,,,,,,,,,,,,,,,,,,,,641815,2022-10-01 15:00:00,2022
RB Salzburg,,,,,,,,,,,,,,,,,,,,,,,,,,,,,LASK Linz,,,,,,,,,,,,,,,,,,,,,,,,,,,,,641814,2022-10-01 15:00:00,2022
SV Josko Ried,,,,,,,,,,,,,,,,,,,,,,,,,,,,,SC Rheindorf Altach,,,,,,,,,,,,,,,,,,,,,,,,,,,,,641816,2022-10-02 12:30:00,2022
TSV Hartberg,,,,,,,,,,,,,,,,,,,,,,,,,,,,,SK Austria Klagenfurt,,,,,,,,,,,,,,,,,,,,,,,,,,,,,641812,2022-10-02 12:30:00,2022
Austria Vienna,,,,,,,,,,,,,,,,,,,,,,,,,,,,,SK Sturm Graz,,,,,,,,,,,,,,,,,,,,,,,,,,,,,641817,2022-10-02 15:00:00,2022
SK Austria Klagenfurt,,,,,,,,,,,,,,,,,,,,,,,,,,,,,Austria Lustenau,,,,,,,,,,,,,,,,,,,,,,,,,,,,,641819,2022-10-08 15:00:00,2022
SC Rheindorf Altach,,,,,,,,,,,,,,,,,,,,,,,,,,,,,RB Salzburg,,,,,,,,,,,,,,,,,,,,,,,,,,,,,641823,2022-10-08 15:00:00,2022
LASK Linz,,,,,,,,,,,,,,,,,,,,,,,,,,,,,TSV Hartberg,,,,,,,,,,,,,,,,,,,,,,,,,,,,,641821,2022-10-08 15:00:00,2022
Wolfsberger,,,,,,,,,,,,,,,,,,,,,,,,,,,,,SV Josko Ried,,,,,,,,,,,,,,,,,,,,,,,,,,,,,641820,2022-10-09 12:30:00,2022
SK Sturm Graz,,,,,,,,,,,,,,,,,,,,,,,,,,,,,WSG Swarovski Tirol,,,,,,,,,,,,,,,,,,,,,,,,,,,,,641818,2022-10-09 12:30:00,2022
Rapid Vienna,,,,,,,,,,,,,,,,,,,,,,,,,,,,,Austria Vienna,,,,,,,,,,,,,,,,,,,,,,,,,,,,,641822,2022-10-09 15:00:00,2022
SK Austria Klagenfurt,,,,,,,,,,,,,,,,,,,,,,,,,,,,,LASK Linz,,,,,,,,,,,,,,,,,,,,,,,,,,,,,641825,2022-10-15 15:00:00,2022
SV Josko Ried,,,,,,,,,,,,,,,,,,,,,,,,,,,,,Rapid Vienna,,,,,,,,,,,,,,,,,,,,,,,,,,,,,641824,2022-10-15 15:00:00,2022
WSG Swarovski Tirol,,,,,,,,,,,,,,,,,,,,,,,,,,,,,Austria Lustenau,,,,,,,,,,,,,,,,,,,,,,,,,,,,,641829,2022-10-15 15:00:00,2022
SC Rheindorf Altach,,,,,,,,,,,,,,,,,,,,,,,,,,,,,TSV Hartberg,,,,,,,,,,,,,,,,,,,,,,,,,,,,,641827,2022-10-16 12:30:00,2022
SK Sturm Graz,,,,,,,,,,,,,,,,,,,,,,,,,,,,,Wolfsberger,,,,,,,,,,,,,,,,,,,,,,,,,,,,,641828,2022-10-16 12:30:00,2022
Austria Vienna,,,,,,,,,,,,,,,,,,,,,,,,,,,,,RB Salzburg,,,,,,,,,,,,,,,,,,,,,,,,,,,,,641826,2022-10-16 15:00:00,2022
Rapid Vienna,,,,,,,,,,,,,,,,,,,,,,,,,,,,,SK Austria Klagenfurt,,,,,,,,,,,,,,,,,,,,,,,,,,,,,641831,2022-10-22 15:00:00,2022
TSV Hartberg,,,,,,,,,,,,,,,,,,,,,,,,,,,,,WSG Swarovski Tirol,,,,,,,,,,,,,,,,,,,,,,,,,,,,,641832,2022-10-22 15:00:00,2022
RB Salzburg,,,,,,,,,,,,,,,,,,,,,,,,,,,,,SK Sturm Graz,,,,,,,,,,,,,,,,,,,,,,,,,,,,,641835,2022-10-22 15:00:00,2022
Austria Lustenau,,,,,,,,,,,,,,,,,,,,,,,,,,,,,SV Josko Ried,,,,,,,,,,,,,,,,,,,,,,,,,,,,,641833,2022-10-23 12:30:00,2022
Wolfsberger,,,,,,,,,,,,,,,,,,,,,,,,,,,,,SC Rheindorf Altach,,,,,,,,,,,,,,,,,,,,,,,,,,,,,641830,2022-10-23 12:30:00,2022
LASK Linz,,,,,,,,,,,,,,,,,,,,,,,,,,,,,Austria Vienna,,,,,,,,,,,,,,,,,,,,,,,,,,,,,641834,2022-10-23 15:00:00,2022
Rapid Vienna,,,,,,,,,,,,,,,,,,,,,,,,,,,,,TSV Hartberg,,,,,,,,,,,,,,,,,,,,,,,,,,,,,641787,2022-10-26 14:00:00,2022
SK Austria Klagenfurt,,,,,,,,,,,,,,,,,,,,,,,,,,,,,WSG Swarovski Tirol,,,,,,,,,,,,,,,,,,,,,,,,,,,,,641836,2022-10-29 15:00:00,2022
Austria Lustenau,,,,,,,,,,,,,,,,,,,,,,,,,,,,,Rapid Vienna,,,,,,,,,,,,,,,,,,,,,,,,,,,,,641841,2022-10-29 15:00:00,2022
RB Salzburg,,,,,,,,,,,,,,,,,,,,,,,,,,,,,TSV Hartberg,,,,,,,,,,,,,,,,,,,,,,,,,,,,,641839,2022-10-29 15:00:00,2022
LASK Linz,,,,,,,,,,,,,,,,,,,,,,,,,,,,,Wolfsberger,,,,,,,,,,,,,,,,,,,,,,,,,,,,,641837,2022-10-30 13:30:00,2022
Austria Vienna,,,,,,,,,,,,,,,,,,,,,,,,,,,,,SC Rheindorf Altach,,,,,,,,,,,,,,,,,,,,,,,,,,,,,641838,2022-10-30 13:30:00,2022
SK Sturm Graz,,,,,,,,,,,,,,,,,,,,,,,,,,,,,SV Josko Ried,,,,,,,,,,,,,,,,,,,,,,,,,,,,,641840,2022-10-30 16:00:00,2022
SV Josko Ried,,,,,,,,,,,,,,,,,,,,,,,,,,,,,SK Austria Klagenfurt,,,,,,,,,,,,,,,,,,,,,,,,,,,,,641844,2022-11-05 16:00:00,2022
Wolfsberger,,,,,,,,,,,,,,,,,,,,,,,,,,,,,RB Salzburg,,,,,,,,,,,,,,,,,,,,,,,,,,,,,641845,2022-11-05 16:00:00,2022
TSV Hartberg,,,,,,,,,,,,,,,,,,,,,,,,,,,,,Austria Lustenau,,,,,,,,,,,,,,,,,,,,,,,,,,,,,641847,2022-11-05 16:00:00,2022
WSG Swarovski Tirol,,,,,,,,,,,,,,,,,,,,,,,,,,,,,Austria Vienna,,,,,,,,,,,,,,,,,,,,,,,,,,,,,641843,2022-11-06 13:30:00,2022
SC Rheindorf Altach,,,,,,,,,,,,,,,,,,,,,,,,,,,,,SK Sturm Graz,,,,,,,,,,,,,,,,,,,,,,,,,,,,,641842,2022-11-06 13:30:00,2022
Rapid Vienna,,,,,,,,,,,,,,,,,,,,,,,,,,,,,LASK Linz,,,,,,,,,,,,,,,,,,,,,,,,,,,,,641846,2022-11-06 16:00:00,2022
Austria Lustenau,,,,,,,,,,,,,,,,,,,,,,,,,,,,,SC Rheindorf Altach,,,,,,,,,,,,,,,,,,,,,,,,,,,,,641853,2022-11-12 16:00:00,2022
TSV Hartberg,,,,,,,,,,,,,,,,,,,,,,,,,,,,,Rapid Vienna,,,,,,,,,,,,,,,,,,,,,,,,,,,,,641849,2022-11-12 16:00:00,2022
WSG Swarovski Tirol,,,,,,,,,,,,,,,,,,,,,,,,,,,,,SV Josko Ried,,,,,,,,,,,,,,,,,,,,,,,,,,,,,641848,2022-11-12 16:00:00,2022
SK Austria Klagenfurt,,,,,,,,,,,,,,,,,,,,,,,,,,,,,RB Salzburg,,,,,,,,,,,,,,,,,,,,,,,,,,,,,641850,2022-11-13 13:30:00,2022
Austria Vienna,,,,,,,,,,,,,,,,,,,,,,,,,,,,,Wolfsberger,,,,,,,,,,,,,,,,,,,,,,,,,,,,,641852,2022-11-13 13:30:00,2022
LASK Linz,,,,,,,,,,,,,,,,,,,,,,,,,,,,,SK Sturm Graz,,,,,,,,,,,,,,,,,,,,,,,,,,,,,641851,2022-11-13 16:00:00,2022
SK Sturm Graz,,,,,,,,,,,,,,,,,,,,,,,,,,,,,Rapid Vienna,,,,,,,,,,,,,,,,,,,,,,,,,,,,,641856,2023-02-10 19:30:00,2023
RB Salzburg,,,,,,,,,,,,,,,,,,,,,,,,,,,,,Austria Lustenau,,,,,,,,,,,,,,,,,,,,,,,,,,,,,641855,2023-02-11 16:00:00,2023
Wolfsberger,,,,,,,,,,,,,,,,,,,,,,,,,,,,,WSG Swarovski Tirol,,,,,,,,,,,,,,,,,,,,,,,,,,,,,641859,2023-02-11 16:00:00,2023
SV Josko Ried,,,,,,,,,,,,,,,,,,,,,,,,,,,,,TSV Hartberg,,,,,,,,,,,,,,,,,,,,,,,,,,,,,641858,2023-02-12 13:30:00,2023
SC Rheindorf Altach,,,,,,,,,,,,,,,,,,,,,,,,,,,,,LASK Linz,,,,,,,,,,,,,,,,,,,,,,,,,,,,,641854,2023-02-12 13:30:00,2023
Austria Vienna,,,,,,,,,,,,,,,,,,,,,,,,,,,,,SK Austria Klagenfurt,,,,,,,,,,,,,,,,,,,,,,,,,,,,,641857,2023-02-12 16:00:00,2023
TSV Hartberg,,,,,,,,,,,,,,,,,,,,,,,,,,,,,SK Sturm Graz,,,,,,,,,,,,,,,,,,,,,,,,,,,,,641862,2023-02-18 16:00:00,2023
SV Josko Ried,,,,,,,,,,,,,,,,,,,,,,,,,,,,,LASK Linz,,,,,,,,,,,,,,,,,,,,,,,,,,,,,641865,2023-02-18 16:00:00,2023
SK Austria Klagenfurt,,,,,,,,,,,,,,,,,,,,,,,,,,,,,Wolfsberger,,,,,,,,,,,,,,,,,,,,,,,,,,,,,641864,2023-02-18 16:00:00,2023
Austria Lustenau,,,,,,,,,,,,,,,,,,,,,,,,,,,,,Austria Vienna,,,,,,,,,,,,,,,,,,,,,,,,,,,,,641860,2023-02-19 13:30:00,2023
WSG Swarovski Tirol,,,,,,,,,,,,,,,,,,,,,,,,,,,,,RB Salzburg,,,,,,,,,,,,,,,,,,,,,,,,,,,,,641861,2023-02-19 13:30:00,2023
Rapid Vienna,,,,,,,,,,,,,,,,,,,,,,,,,,,,,SC Rheindorf Altach,,,,,,,,,,,,,,,,,,,,,,,,,,,,,641863,2023-02-19 16:00:00,2023
LASK Linz,,,,,,,,,,,,,,,,,,,,,,,,,,,,,Austria Lustenau,,,,,,,,,,,,,,,,,,,,,,,,,,,,,641871,2023-02-24 19:30:00,2023
SK Sturm Graz,,,,,,,,,,,,,,,,,,,,,,,,,,,,,SK Austria Klagenfurt,,,,,,,,,,,,,,,,,,,,,,,,,,,,,641866,2023-02-25 16:00:00,2023
Austria Vienna,,,,,,,,,,,,,,,,,,,,,,,,,,,,,TSV Hartberg,,,,,,,,,,,,,,,,,,,,,,,,,,,,,641867,2023-02-25 16:00:00,2023
Wolfsberger,,,,,,,,,,,,,,,,,,,,,,,,,,,,,Rapid Vienna,,,,,,,,,,,,,,,,,,,,,,,,,,,,,641870,2023-02-26 13:30:00,2023
SC Rheindorf Altach,,,,,,,,,,,,,,,,,,,,,,,,,,,,,WSG Swarovski Tirol,,,,,,,,,,,,,,,,,,,,,,,,,,,,,641869,2023-02-26 13:30:00,2023
RB Salzburg,,,,,,,,,,,,,,,,,,,,,,,,,,,,,SV Josko Ried,,,,,,,,,,,,,,,,,,,,,,,,,,,,,641868,2023-02-26 16:00:00,2023
TSV Hartberg,,,,,,,,,,,,,,,,,,,,,,,,,,,,,Wolfsberger,,,,,,,,,,,,,,,,,,,,,,,,,,,,,641876,2023-03-04 16:00:00,2023
Austria Lustenau,,,,,,,,,,,,,,,,,,,,,,,,,,,,,SK Sturm Graz,,,,,,,,,,,,,,,,,,,,,,,,,,,,,641875,2023-03-04 16:00:00,2023
SV Josko Ried,,,,,,,,,,,,,,,,,,,,,,,,,,,,,Austria Vienna,,,,,,,,,,,,,,,,,,,,,,,,,,,,,641877,2023-03-04 16:00:00,2023
SK Austria Klagenfurt,,,,,,,,,,,,,,,,,,,,,,,,,,,,,SC Rheindorf Altach,,,,,,,,,,,,,,,,,,,,,,,,,,,,,641874,2023-03-05 13:30:00,2023
WSG Swarovski Tirol,,,,,,,,,,,,,,,,,,,,,,,,,,,,,LASK Linz,,,,,,,,,,,,,,,,,,,,,,,,,,,,,641872,2023-03-05 13:30:00,2023
Rapid Vienna,,,,,,,,,,,,,,,,,,,,,,,,,,,,,RB Salzburg,,,,,,,,,,,,,,,,,,,,,,,,,,,,,641873,2023-03-05 16:00:00,2023
SK Austria Klagenfurt,,,,,,,,,,,,,,,,,,,,,,,,,,,,,TSV Hartberg,,,,,,,,,,,,,,,,,,,,,,,,,,,,,641880,2023-03-12 16:00:00,2023
SK Sturm Graz,,,,,,,,,,,,,,,,,,,,,,,,,,,,,Austria Vienna,,,,,,,,,,,,,,,,,,,,,,,,,,,,,641879,2023-03-12 16:00:00,2023
Wolfsberger,,,,,,,,,,,,,,,,,,,,,,,,,,,,,Austria Lustenau,,,,,,,,,,,,,,,,,,,,,,,,,,,,,641883,2023-03-12 16:00:00,2023
LASK Linz,,,,,,,,,,,,,,,,,,,,,,,,,,,,,RB Salzburg,,,,,,,,,,,,,,,,,,,,,,,,,,,,,641882,2023-03-12 16:00:00,2023
SC Rheindorf Altach,,,,,,,,,,,,,,,,,,,,,,,,,,,,,SV Josko Ried,,,,,,,,,,,,,,,,,,,,,,,,,,,,,641881,2023-03-12 16:00:00,2023
Rapid Vienna,,,,,,,,,,,,,,,,,,,,,,,,,,,,,WSG Swarovski Tirol,,,,,,,,,,,,,,,,,,,,,,,,,,,,,641878,2023-03-12 16:00:00,2023
Austria Vienna,,,,,,,,,,,,,,,,,,,,,,,,,,,,,Rapid Vienna,,,,,,,,,,,,,,,,,,,,,,,,,,,,,641887,2023-03-19 16:00:00,2023
Austria Lustenau,,,,,,,,,,,,,,,,,,,,,,,,,,,,,SK Austria Klagenfurt,,,,,,,,,,,,,,,,,,,,,,,,,,,,,641885,2023-03-19 16:00:00,2023
WSG Swarovski Tirol,,,,,,,,,,,,,,,,,,,,,,,,,,,,,SK Sturm Graz,,,,,,,,,,,,,,,,,,,,,,,,,,,,,641889,2023-03-19 16:00:00,2023
TSV Hartberg,,,,,,,,,,,,,,,,,,,,,,,,,,,,,LASK Linz,,,,,,,,,,,,,,,,,,,,,,,,,,,,,641884,2023-03-19 16:00:00,2023
SV Josko Ried,,,,,,,,,,,,,,,,,,,,,,,,,,,,,Wolfsberger,,,,,,,,,,,,,,,,,,,,,,,,,,,,,641888,2023-03-19 16:00:00,2023
RB Salzburg,,,,,,,,,,,,,,,,,,,,,,,,,,,,,SC Rheindorf Altach,,,,,,,,,,,,,,,,,,,,,,,,,,,,,641886,2023-03-19 16:00:00,2023
TSV Hartberg,,,,,,,,,,,,,,,,,,,,,,,,,,,,,Austria Lustenau,,,,,,,,,,,,,,,,,,,,,,,,,,,,,667539,2023-03-31 17:30:00,2023
Wolfsberger,,,,,,,,,,,,,,,,,,,,,,,,,,,,,SV Josko Ried,,,,,,,,,,,,,,,,,,,,,,,,,,,,,667541,2023-04-01 15:00:00,2023
SC Rheindorf Altach,,,,,,,,,,,,,,,,,,,,,,,,,,,,,WSG Swarovski Tirol,,,,,,,,,,,,,,,,,,,,,,,,,,,,,667540,2023-04-01 15:00:00,2023
SK Austria Klagenfurt,,,,,,,,,,,,,,,,,,,,,,,,,,,,,RB Salzburg,,,,,,,,,,,,,,,,,,,,,,,,,,,,,667543,2023-04-02 12:30:00,2023
Austria Vienna,,,,,,,,,,,,,,,,,,,,,,,,,,,,,LASK Linz,,,,,,,,,,,,,,,,,,,,,,,,,,,,,667542,2023-04-02 12:30:00,2023
SK Sturm Graz,,,,,,,,,,,,,,,,,,,,,,,,,,,,,Rapid Vienna,,,,,,,,,,,,,,,,,,,,,,,,,,,,,667544,2023-04-02 15:00:00,2023
WSG Swarovski Tirol,,,,,,,,,,,,,,,,,,,,,,,,,,,,,Wolfsberger,,,,,,,,,,,,,,,,,,,,,,,,,,,,,667545,2023-04-07 17:30:00,2023
SV Josko Ried,,,,,,,,,,,,,,,,,,,,,,,,,,,,,TSV Hartberg,,,,,,,,,,,,,,,,,,,,,,,,,,,,,667547,2023-04-08 15:00:00,2023
Austria Lustenau,,,,,,,,,,,,,,,,,,,,,,,,,,,,,SC Rheindorf Altach,,,,,,,,,,,,,,,,,,,,,,,,,,,,,667546,2023-04-08 15:00:00,2023
Rapid Vienna,,,,,,,,,,,,,,,,,,,,,,,,,,,,,SK Austria Klagenfurt,,,,,,,,,,,,,,,,,,,,,,,,,,,,,667549,2023-04-09 12:30:00,2023
RB Salzburg,,,,,,,,,,,,,,,,,,,,,,,,,,,,,Austria Vienna,,,,,,,,,,,,,,,,,,,,,,,,,,,,,667548,2023-04-09 12:30:00,2023
LASK Linz,,,,,,,,,,,,,,,,,,,,,,,,,,,,,SK Sturm Graz,,,,,,,,,,,,,,,,,,,,,,,,,,,,,667550,2023-04-09 15:00:00,2023
SV Josko Ried,,,,,,,,,,,,,,,,,,,,,,,,,,,,,WSG Swarovski Tirol,,,,,,,,,,,,,,,,,,,,,,,,,,,,,667551,2023-04-14 17:30:00,2023
TSV Hartberg,,,,,,,,,,,,,,,,,,,,,,,,,,,,,SC Rheindorf Altach,,,,,,,,,,,,,,,,,,,,,,,,,,,,,667553,2023-04-15 15:00:00,2023
Austria Lustenau,,,,,,,,,,,,,,,,,,,,,,,,,,,,,Wolfsberger,,,,,,,,,,,,,,,,,,,,,,,,,,,,,667552,2023-04-15 15:00:00,2023
SK Austria Klagenfurt,,,,,,,,,,,,,,,,,,,,,,,,,,,,,SK Sturm Graz,,,,,,,,,,,,,,,,,,,,,,,,,,,,,667555,2023-04-16 12:30:00,2023
RB Salzburg,,,,,,,,,,,,,,,,,,,,,,,,,,,,,LASK Linz,,,,,,,,,,,,,,,,,,,,,,,,,,,,,667554,2023-04-16 12:30:00,2023
Rapid Vienna,,,,,,,,,,,,,,,,,,,,,,,,,,,,,Austria Vienna,,,,,,,,,,,,,,,,,,,,,,,,,,,,,667556,2023-04-16 15:00:00,2023
Wolfsberger,,,,,,,,,,,,,,,,,,,,,,,,,,,,,TSV Hartberg,,,,,,,,,,,,,,,,,,,,,,,,,,,,,667557,2023-04-21 17:30:00,2023
SC Rheindorf Altach,,,,,,,,,,,,,,,,,,,,,,,,,,,,,SV Josko Ried,,,,,,,,,,,,,,,,,,,,,,,,,,,,,667558,2023-04-22 15:00:00,2023
WSG Swarovski Tirol,,,,,,,,,,,,,,,,,,,,,,,,,,,,,Austria Lustenau,,,,,,,,,,,,,,,,,,,,,,,,,,,,,667559,2023-04-22 15:00:00,2023
Austria Vienna,,,,,,,,,,,,,,,,,,,,,,,,,,,,,SK Austria Klagenfurt,,,,,,,,,,,,,,,,,,,,,,,,,,,,,667560,2023-04-23 12:30:00,2023
LASK Linz,,,,,,,,,,,,,,,,,,,,,,,,,,,,,Rapid Vienna,,,,,,,,,,,,,,,,,,,,,,,,,,,,,667561,2023-04-23 12:30:00,2023
SK Sturm Graz,,,,,,,,,,,,,,,,,,,,,,,,,,,,,RB Salzburg,,,,,,,,,,,,,,,,,,,,,,,,,,,,,667562,2023-04-23 15:00:00,2023
SK Sturm Graz,,,,,,,,,,,,,,,,,,,,,,,,,,,,,Austria Vienna,,,,,,,,,,,,,,,,,,,,,,,,,,,,,667567,2023-04-26 16:30:00,2023
Rapid Vienna,,,,,,,,,,,,,,,,,,,,,,,,,,,,,RB Salzburg,,,,,,,,,,,,,,,,,,,,,,,,,,,,,667568,2023-04-26 18:30:00,2023
SC Rheindorf Altach,,,,,,,,,,,,,,,,,,,,,,,,,,,,,Wolfsberger,,,,,,,,,,,,,,,,,,,,,,,,,,,,,667563,2023-04-28 17:30:00,2023
WSG Swarovski Tirol,,,,,,,,,,,,,,,,,,,,,,,,,,,,,TSV Hartberg,,,,,,,,,,,,,,,,,,,,,,,,,,,,,667565,2023-04-29 15:00:00,2023
SV Josko Ried,,,,,,,,,,,,,,,,,,,,,,,,,,,,,Austria Lustenau,,,,,,,,,,,,,,,,,,,,,,,,,,,,,667564,2023-04-29 15:00:00,2023
LASK Linz,,,,,,,,,,,,,,,,,,,,,,,,,,,,,SK Austria Klagenfurt,,,,,,,,,,,,,,,,,,,,,,,,,,,,,667566,2023-04-30 15:00:00,2023
Wolfsberger,,,,,,,,,,,,,,,,,,,,,,,,,,,,,SC Rheindorf Altach,,,,,,,,,,,,,,,,,,,,,,,,,,,,,667569,2023-05-05 17:30:00,2023
Austria Lustenau,,,,,,,,,,,,,,,,,,,,,,,,,,,,,SV Josko Ried,,,,,,,,,,,,,,,,,,,,,,,,,,,,,667570,2023-05-06 15:00:00,2023
TSV Hartberg,,,,,,,,,,,,,,,,,,,,,,,,,,,,,WSG Swarovski Tirol,,,,,,,,,,,,,,,,,,,,,,,,,,,,,667571,2023-05-06 15:00:00,2023
SK Austria Klagenfurt,,,,,,,,,,,,,,,,,,,,,,,,,,,,,LASK Linz,,,,,,,,,,,,,,,,,,,,,,,,,,,,,667573,2023-05-07 12:30:00,2023
Austria Vienna,,,,,,,,,,,,,,,,,,,,,,,,,,,,,SK Sturm Graz,,,,,,,,,,,,,,,,,,,,,,,,,,,,,667572,2023-05-07 12:30:00,2023
RB Salzburg,,,,,,,,,,,,,,,,,,,,,,,,,,,,,Rapid Vienna,,,,,,,,,,,,,,,,,,,,,,,,,,,,,667574,2023-05-07 15:00:00,2023
WSG Swarovski Tirol,,,,,,,,,,,,,,,,,,,,,,,,,,,,,SV Josko Ried,,,,,,,,,,,,,,,,,,,,,,,,,,,,,667575,2023-05-12 17:30:00,2023
SC Rheindorf Altach,,,,,,,,,,,,,,,,,,,,,,,,,,,,,TSV Hartberg,,,,,,,,,,,,,,,,,,,,,,,,,,,,,667576,2023-05-13 15:00:00,2023
Wolfsberger,,,,,,,,,,,,,,,,,,,,,,,,,,,,,Austria Lustenau,,,,,,,,,,,,,,,,,,,,,,,,,,,,,667577,2023-05-13 15:00:00,2023
LASK Linz,,,,,,,,,,,,,,,,,,,,,,,,,,,,,RB Salzburg,,,,,,,,,,,,,,,,,,,,,,,,,,,,,667579,2023-05-14 12:30:00,2023
SK Sturm Graz,,,,,,,,,,,,,,,,,,,,,,,,,,,,,SK Austria Klagenfurt,,,,,,,,,,,,,,,,,,,,,,,,,,,,,667578,2023-05-14 12:30:00,2023
Austria Vienna,,,,,,,,,,,,,,,,,,,,,,,,,,,,,Rapid Vienna,,,,,,,,,,,,,,,,,,,,,,,,,,,,,667580,2023-05-14 15:00:00,2023
SV Josko Ried,,,,,,,,,,,,,,,,,,,,,,,,,,,,,SC Rheindorf Altach,,,,,,,,,,,,,,,,,,,,,,,,,,,,,667581,2023-05-19 17:30:00,2023
Austria Lustenau,,,,,,,,,,,,,,,,,,,,,,,,,,,,,WSG Swarovski Tirol,,,,,,,,,,,,,,,,,,,,,,,,,,,,,667582,2023-05-20 15:00:00,2023
TSV Hartberg,,,,,,,,,,,,,,,,,,,,,,,,,,,,,Wolfsberger,,,,,,,,,,,,,,,,,,,,,,,,,,,,,667583,2023-05-20 15:00:00,2023
SK Austria Klagenfurt,,,,,,,,,,,,,,,,,,,,,,,,,,,,,Austria Vienna,,,,,,,,,,,,,,,,,,,,,,,,,,,,,667585,2023-05-21 12:30:00,2023
Rapid Vienna,,,,,,,,,,,,,,,,,,,,,,,,,,,,,LASK Linz,,,,,,,,,,,,,,,,,,,,,,,,,,,,,667584,2023-05-21 12:30:00,2023
RB Salzburg,,,,,,,,,,,,,,,,,,,,,,,,,,,,,SK Sturm Graz,,,,,,,,,,,,,,,,,,,,,,,,,,,,,667586,2023-05-21 15:00:00,2023
TSV Hartberg,,,,,,,,,,,,,,,,,,,,,,,,,,,,,SV Josko Ried,,,,,,,,,,,,,,,,,,,,,,,,,,,,,667589,2023-05-27 15:00:00,2023
Wolfsberger,,,,,,,,,,,,,,,,,,,,,,,,,,,,,WSG Swarovski Tirol,,,,,,,,,,,,,,,,,,,,,,,,,,,,,667588,2023-05-27 15:00:00,2023
SC Rheindorf Altach,,,,,,,,,,,,,,,,,,,,,,,,,,,,,Austria Lustenau,,,,,,,,,,,,,,,,,,,,,,,,,,,,,667587,2023-05-27 15:00:00,2023
RB Salzburg,,,,,,,,,,,,,,,,,,,,,,,,,,,,,SK Austria Klagenfurt,,,,,,,,,,,,,,,,,,,,,,,,,,,,,667591,2023-05-28 15:00:00,2023
Rapid Vienna,,,,,,,,,,,,,,,,,,,,,,,,,,,,,SK Sturm Graz,,,,,,,,,,,,,,,,,,,,,,,,,,,,,667590,2023-05-28 15:00:00,2023
LASK Linz,,,,,,,,,,,,,,,,,,,,,,,,,,,,,Austria Vienna,,,,,,,,,,,,,,,,,,,,,,,,,,,,,667592,2023-05-28 15:00:00,2023
Austria Lustenau,,,,,,,,,,,,,,,,,,,,,,,,,,,,,TSV Hartberg,,,,,,,,,,,,,,,,,,,,,,,,,,,,,667593,2023-06-02 17:30:00,2023
SV Josko Ried,,,,,,,,,,,,,,,,,,,,,,,,,,,,,Wolfsberger,,,,,,,,,,,,,,,,,,,,,,,,,,,,,667594,2023-06-02 17:30:00,2023
WSG Swarovski Tirol,,,,,,,,,,,,,,,,,,,,,,,,,,,,,SC Rheindorf Altach,,,,,,,,,,,,,,,,,,,,,,,,,,,,,667595,2023-06-02 17:30:00,2023
SK Sturm Graz,,,,,,,,,,,,,,,,,,,,,,,,,,,,,LASK Linz,,,,,,,,,,,,,,,,,,,,,,,,,,,,,667598,2023-06-03 15:00:00,2023
Austria Vienna,,,,,,,,,,,,,,,,,,,,,,,,,,,,,RB Salzburg,,,,,,,,,,,,,,,,,,,,,,,,,,,,,667596,2023-06-03 15:00:00,2023
SK Austria Klagenfurt,,,,,,,,,,,,,,,,,,,,,,,,,,,,,Rapid Vienna,,,,,,,,,,,,,,,,,,,,,,,,,,,,,667597,2023-06-03 15:00:00,2023
Wolfsberger,,,,,,,,,,,,,,,,,,,,,,,,,,,,,Austria Lustenau,,,,,,,,,,,,,,,,,,,,,,,,,,,,,670085,2023-06-05 17:00:00,2023
Austria Lustenau,,,,,,,,,,,,,,,,,,,,,,,,,,,,,Austria Vienna,,,,,,,,,,,,,,,,,,,,,,,,,,,,,670103,2023-06-08 15:00:00,2023
Austria Vienna,,,,,,,,,,,,,,,,,,,,,,,,,,,,,Austria Lustenau,,,,,,,,,,,,,,,,,,,,,,,,,,,,,670104,2023-06-11 15:00:00,2023
LASK Linz,,,,,,,,,,,,,,,,,,,,,,,,,,,,,Rapid Vienna,,,,,,,,,,,,,,,,,,,,,,,,,,,,,675157,2023-07-28 18:30:00,2023
Wolfsberger,,,,,,,,,,,,,,,,,,,,,,,,,,,,,FC Blau-Weiß Linz,,,,,,,,,,,,,,,,,,,,,,,,,,,,,675158,2023-07-29 15:00:00,2023
TSV Hartberg,,,,,,,,,,,,,,,,,,,,,,,,,,,,,Austria Lustenau,,,,,,,,,,,,,,,,,,,,,,,,,,,,,675160,2023-07-29 15:00:00,2023
WSG Swarovski Tirol,,,,,,,,,,,,,,,,,,,,,,,,,,,,,SK Austria Klagenfurt,,,,,,,,,,,,,,,,,,,,,,,,,,,,,675159,2023-07-29 15:00:00,2023
SC Rheindorf Altach,,,,,,,,,,,,,,,,,,,,,,,,,,,,,RB Salzburg,,,,,,,,,,,,,,,,,,,,,,,,,,,,,675161,2023-07-29 17:30:00,2023
Austria Vienna,,,,,,,,,,,,,,,,,,,,,,,,,,,,,SK Sturm Graz,,,,,,,,,,,,,,,,,,,,,,,,,,,,,675162,2023-07-30 15:00:00,2023
Rapid Vienna,,,,,,,,,,,,,,,,,,,,,,,,,,,,,SC Rheindorf Altach,,,,,,,,,,,,,,,,,,,,,,,,,,,,,675163,2023-08-05 15:00:00,2023
SK Sturm Graz,,,,,,,,,,,,,,,,,,,,,,,,,,,,,LASK Linz,,,,,,,,,,,,,,,,,,,,,,,,,,,,,675165,2023-08-05 17:30:00,2023
FC Blau-Weiß Linz,,,,,,,,,,,,,,,,,,,,,,,,,,,,,TSV Hartberg,,,,,,,,,,,,,,,,,,,,,,,,,,,,,675166,2023-08-06 15:00:00,2023
Austria Lustenau,,,,,,,,,,,,,,,,,,,,,,,,,,,,,Austria Vienna,,,,,,,,,,,,,,,,,,,,,,,,,,,,,675168,2023-08-06 15:00:00,2023
RB Salzburg,,,,,,,,,,,,,,,,,,,,,,,,,,,,,WSG Swarovski Tirol,,,,,,,,,,,,,,,,,,,,,,,,,,,,,675167,2023-08-06 15:00:00,2023
SK Austria Klagenfurt,,,,,,,,,,,,,,,,,,,,,,,,,,,,,Wolfsberger,,,,,,,,,,,,,,,,,,,,,,,,,,,,,675164,2023-08-09 18:30:00,2023
SK Sturm Graz,,,,,,,,,,,,,,,,,,,,,,,,,,,,,SK Austria Klagenfurt,,,,,,,,,,,,,,,,,,,,,,,,,,,,,675170,2023-08-12 15:00:00,2023
Wolfsberger,,,,,,,,,,,,,,,,,,,,,,,,,,,,,Austria Lustenau,,,,,,,,,,,,,,,,,,,,,,,,,,,,,675169,2023-08-12 15:00:00,2023
LASK Linz,,,,,,,,,,,,,,,,,,,,,,,,,,,,,FC Blau-Weiß Linz,,,,,,,,,,,,,,,,,,,,,,,,,,,,,675171,2023-08-12 17:30:00,2023
SC Rheindorf Altach,,,,,,,,,,,,,,,,,,,,,,,,,,,,,WSG Swarovski Tirol,,,,,,,,,,,,,,,,,,,,,,,,,,,,,675172,2023-08-13 15:00:00,2023
RB Salzburg,,,,,,,,,,,,,,,,,,,,,,,,,,,,,Austria Vienna,,,,,,,,,,,,,,,,,,,,,,,,,,,,,675173,2023-08-13 15:00:00,2023
Rapid Vienna,,,,,,,,,,,,,,,,,,,,,,,,,,,,,TSV Hartberg,,,,,,,,,,,,,,,,,,,,,,,,,,,,,675174,2023-08-13 15:00:00,2023
Austria Lustenau,,,,,,,,,,,,,,,,,,,,,,,,,,,,,SK Sturm Graz,,,,,,,,,,,,,,,,,,,,,,,,,,,,,675177,2023-08-19 15:00:00,2023
WSG Swarovski Tirol,,,,,,,,,,,,,,,,,,,,,,,,,,,,,LASK Linz,,,,,,,,,,,,,,,,,,,,,,,,,,,,,675175,2023-08-19 15:00:00,2023
SK Austria Klagenfurt,,,,,,,,,,,,,,,,,,,,,,,,,,,,,SC Rheindorf Altach,,,,,,,,,,,,,,,,,,,,,,,,,,,,,675176,2023-08-19 17:30:00,2023
Austria Vienna,,,,,,,,,,,,,,,,,,,,,,,,,,,,,Wolfsberger,,,,,,,,,,,,,,,,,,,,,,,,,,,,,675179,2023-08-20 15:00:00,2023
TSV Hartberg,,,,,,,,,,,,,,,,,,,,,,,,,,,,,RB Salzburg,,,,,,,,,,,,,,,,,,,,,,,,,,,,,675180,2023-08-20 15:00:00,2023
FC Blau-Weiß Linz,,,,,,,,,,,,,,,,,,,,,,,,,,,,,Rapid Vienna,,,,,,,,,,,,,,,,,,,,,,,,,,,,,675178,2023-08-20 15:00:00,2023
Wolfsberger,,,,,,,,,,,,,,,,,,,,,,,,,,,,,RB Salzburg,,,,,,,,,,,,,,,,,,,,,,,,,,,,,675181,2023-08-26 15:00:00,2023
SK Sturm Graz,,,,,,,,,,,,,,,,,,,,,,,,,,,,,FC Blau-Weiß Linz,,,,,,,,,,,,,,,,,,,,,,,,,,,,,675182,2023-08-26 15:00:00,2023
Austria Lustenau,,,,,,,,,,,,,,,,,,,,,,,,,,,,,SC Rheindorf Altach,,,,,,,,,,,,,,,,,,,,,,,,,,,,,675183,2023-08-26 17:30:00,2023
LASK Linz,,,,,,,,,,,,,,,,,,,,,,,,,,,,,Austria Vienna,,,,,,,,,,,,,,,,,,,,,,,,,,,,,675184,2023-08-27 15:00:00,2023
TSV Hartberg,,,,,,,,,,,,,,,,,,,,,,,,,,,,,SK Austria Klagenfurt,,,,,,,,,,,,,,,,,,,,,,,,,,,,,675186,2023-08-27 15:00:00,2023
Rapid Vienna,,,,,,,,,,,,,,,,,,,,,,,,,,,,,WSG Swarovski Tirol,,,,,,,,,,,,,,,,,,,,,,,,,,,,,675185,2023-08-27 15:00:00,2023
WSG Swarovski Tirol,,,,,,,,,,,,,,,,,,,,,,,,,,,,,FC Blau-Weiß Linz,,,,,,,,,,,,,,,,,,,,,,,,,,,,,675188,2023-09-02 15:00:00,2023
Wolfsberger,,,,,,,,,,,,,,,,,,,,,,,,,,,,,TSV Hartberg,,,,,,,,,,,,,,,,,,,,,,,,,,,,,675187,2023-09-02 15:00:00,2023
SC Rheindorf Altach,,,,,,,,,,,,,,,,,,,,,,,,,,,,,SK Sturm Graz,,,,,,,,,,,,,,,,,,,,,,,,,,,,,675189,2023-09-02 17:30:00,2023
Austria Vienna,,,,,,,,,,,,,,,,,,,,,,,,,,,,,SK Austria Klagenfurt,,,,,,,,,,,,,,,,,,,,,,,,,,,,,675191,2023-09-03 15:00:00,2023
LASK Linz,,,,,,,,,,,,,,,,,,,,,,,,,,,,,Austria Lustenau,,,,,,,,,,,,,,,,,,,,,,,,,,,,,675192,2023-09-03 15:00:00,2023
RB Salzburg,,,,,,,,,,,,,,,,,,,,,,,,,,,,,Rapid Vienna,,,,,,,,,,,,,,,,,,,,,,,,,,,,,675190,2023-09-03 15:00:00,2023
SK Austria Klagenfurt,,,,,,,,,,,,,,,,,,,,,,,,,,,,,LASK Linz,,,,,,,,,,,,,,,,,,,,,,,,,,,,,675195,2023-09-16 15:00:00,2023
FC Blau-Weiß Linz,,,,,,,,,,,,,,,,,,,,,,,,,,,,,SC Rheindorf Altach,,,,,,,,,,,,,,,,,,,,,,,,,,,,,675193,2023-09-16 15:00:00,2023
SK Sturm Graz,,,,,,,,,,,,,,,,,,,,,,,,,,,,,RB Salzburg,,,,,,,,,,,,,,,,,,,,,,,,,,,,,675196,2023-09-16 17:30:00,2023
TSV Hartberg,,,,,,,,,,,,,,,,,,,,,,,,,,,,,Austria Vienna,,,,,,,,,,,,,,,,,,,,,,,,,,,,,675198,2023-09-17 12:30:00,2023
Austria Lustenau,,,,,,,,,,,,,,,,,,,,,,,,,,,,,WSG Swarovski Tirol,,,,,,,,,,,,,,,,,,,,,,,,,,,,,675194,2023-09-17 12:30:00,2023
Rapid Vienna,,,,,,,,,,,,,,,,,,,,,,,,,,,,,Wolfsberger,,,,,,,,,,,,,,,,,,,,,,,,,,,,,675197,2023-09-17 15:00:00,2023
SK Austria Klagenfurt,,,,,,,,,,,,,,,,,,,,,,,,,,,,,Austria Lustenau,,,,,,,,,,,,,,,,,,,,,,,,,,,,,675202,2023-09-23 15:00:00,2023
RB Salzburg,,,,,,,,,,,,,,,,,,,,,,,,,,,,,FC Blau-Weiß Linz,,,,,,,,,,,,,,,,,,,,,,,,,,,,,675200,2023-09-23 15:00:00,2023
WSG Swarovski Tirol,,,,,,,,,,,,,,,,,,,,,,,,,,,,,Wolfsberger,,,,,,,,,,,,,,,,,,,,,,,,,,,,,675204,2023-09-23 15:00:00,2023
SC Rheindorf Altach,,,,,,,,,,,,,,,,,,,,,,,,,,,,,Austria Vienna,,,,,,,,,,,,,,,,,,,,,,,,,,,,,675199,2023-09-24 12:30:00,2023
LASK Linz,,,,,,,,,,,,,,,,,,,,,,,,,,,,,TSV Hartberg,,,,,,,,,,,,,,,,,,,,,,,,,,,,,675201,2023-09-24 12:30:00,2023
Rapid Vienna,,,,,,,,,,,,,,,,,,,,,,,,,,,,,SK Sturm Graz,,,,,,,,,,,,,,,,,,,,,,,,,,,,,675203,2023-09-24 15:00:00,2023
Wolfsberger,,,,,,,,,,,,,,,,,,,,,,,,,,,,,LASK Linz,,,,,,,,,,,,,,,,,,,,,,,,,,,,,675207,2023-09-30 15:00:00,2023
FC Blau-Weiß Linz,,,,,,,,,,,,,,,,,,,,,,,,,,,,,SK Austria Klagenfurt,,,,,,,,,,,,,,,,,,,,,,,,,,,,,675205,2023-09-30 15:00:00,2023
Austria Lustenau,,,,,,,,,,,,,,,,,,,,,,,,,,,,,RB Salzburg,,,,,,,,,,,,,,,,,,,,,,,,,,,,,675208,2023-09-30 15:00:00,2023
SK Sturm Graz,,,,,,,,,,,,,,,,,,,,,,,,,,,,,WSG Swarovski Tirol,,,,,,,,,,,,,,,,,,,,,,,,,,,,,675209,2023-10-01 12:30:00,2023
TSV Hartberg,,,,,,,,,,,,,,,,,,,,,,,,,,,,,SC Rheindorf Altach,,,,,,,,,,,,,,,,,,,,,,,,,,,,,675210,2023-10-01 12:30:00,2023
Austria Vienna,,,,,,,,,,,,,,,,,,,,,,,,,,,,,Rapid Vienna,,,,,,,,,,,,,,,,,,,,,,,,,,,,,675206,2023-10-01 15:00:00,2023
Austria Lustenau,,,,,,,,,,,,,,,,,,,,,,,,,,,,,Rapid Vienna,,,,,,,,,,,,,,,,,,,,,,,,,,,,,675214,2023-10-07 15:00:00,2023
TSV Hartberg,,,,,,,,,,,,,,,,,,,,,,,,,,,,,WSG Swarovski Tirol,,,,,,,,,,,,,,,,,,,,,,,,,,,,,675216,2023-10-07 15:00:00,2023
Austria Vienna,,,,,,,,,,,,,,,,,,,,,,,,,,,,,FC Blau-Weiß Linz,,,,,,,,,,,,,,,,,,,,,,,,,,,,,675212,2023-10-07 15:00:00,2023
LASK Linz,,,,,,,,,,,,,,,,,,,,,,,,,,,,,SC Rheindorf Altach,,,,,,,,,,,,,,,,,,,,,,,,,,,,,675211,2023-10-08 12:30:00,2023
Wolfsberger,,,,,,,,,,,,,,,,,,,,,,,,,,,,,SK Sturm Graz,,,,,,,,,,,,,,,,,,,,,,,,,,,,,675213,2023-10-08 12:30:00,2023
SK Austria Klagenfurt,,,,,,,,,,,,,,,,,,,,,,,,,,,,,RB Salzburg,,,,,,,,,,,,,,,,,,,,,,,,,,,,,675215,2023-10-08 15:00:00,2023
RB Salzburg,,,,,,,,,,,,,,,,,,,,,,,,,,,,,LASK Linz,,,,,,,,,,,,,,,,,,,,,,,,,,,,,675219,2023-10-21 15:00:00,2023
FC Blau-Weiß Linz,,,,,,,,,,,,,,,,,,,,,,,,,,,,,Austria Lustenau,,,,,,,,,,,,,,,,,,,,,,,,,,,,,675217,2023-10-21 15:00:00,2023
SK Sturm Graz,,,,,,,,,,,,,,,,,,,,,,,,,,,,,TSV Hartberg,,,,,,,,,,,,,,,,,,,,,,,,,,,,,675222,2023-10-21 15:00:00,2023
WSG Swarovski Tirol,,,,,,,,,,,,,,,,,,,,,,,,,,,,,Austria Vienna,,,,,,,,,,,,,,,,,,,,,,,,,,,,,675220,2023-10-22 12:30:00,2023
SC Rheindorf Altach,,,,,,,,,,,,,,,,,,,,,,,,,,,,,Wolfsberger,,,,,,,,,,,,,,,,,,,,,,,,,,,,,675218,2023-10-22 12:30:00,2023
Rapid Vienna,,,,,,,,,,,,,,,,,,,,,,,,,,,,,SK Austria Klagenfurt,,,,,,,,,,,,,,,,,,,,,,,,,,,,,675221,2023-10-22 15:00:00,2023
FC Blau-Weiß Linz,,,,,,,,,,,,,,,,,,,,,,,,,,,,,Wolfsberger,,,,,,,,,,,,,,,,,,,,,,,,,,,,,675223,2023-10-28 15:00:00,2023
RB Salzburg,,,,,,,,,,,,,,,,,,,,,,,,,,,,,SC Rheindorf Altach,,,,,,,,,,,,,,,,,,,,,,,,,,,,,675224,2023-10-28 15:00:00,2023
SK Austria Klagenfurt,,,,,,,,,,,,,,,,,,,,,,,,,,,,,WSG Swarovski Tirol,,,,,,,,,,,,,,,,,,,,,,,,,,,,,675226,2023-10-28 15:00:00,2023
Austria Lustenau,,,,,,,,,,,,,,,,,,,,,,,,,,,,,TSV Hartberg,,,,,,,,,,,,,,,,,,,,,,,,,,,,,675227,2023-10-29 13:30:00,2023
SK Sturm Graz,,,,,,,,,,,,,,,,,,,,,,,,,,,,,Austria Vienna,,,,,,,,,,,,,,,,,,,,,,,,,,,,,675225,2023-10-29 13:30:00,2023
Rapid Vienna,,,,,,,,,,,,,,,,,,,,,,,,,,,,,LASK Linz,,,,,,,,,,,,,,,,,,,,,,,,,,,,,675228,2023-10-29 16:00:00,2023
Austria Vienna,,,,,,,,,,,,,,,,,,,,,,,,,,,,,Austria Lustenau,,,,,,,,,,,,,,,,,,,,,,,,,,,,,675230,2023-11-04 16:00:00,2023
WSG Swarovski Tirol,,,,,,,,,,,,,,,,,,,,,,,,,,,,,RB Salzburg,,,,,,,,,,,,,,,,,,,,,,,,,,,,,675234,2023-11-04 16:00:00,2023
Wolfsberger,,,,,,,,,,,,,,,,,,,,,,,,,,,,,SK Austria Klagenfurt,,,,,,,,,,,,,,,,,,,,,,,,,,,,,675232,2023-11-04 16:00:00,2023
SC Rheindorf Altach,,,,,,,,,,,,,,,,,,,,,,,,,,,,,Rapid Vienna,,,,,,,,,,,,,,,,,,,,,,,,,,,,,675229,2023-11-05 13:30:00,2023
TSV Hartberg,,,,,,,,,,,,,,,,,,,,,,,,,,,,,FC Blau-Weiß Linz,,,,,,,,,,,,,,,,,,,,,,,,,,,,,675233,2023-11-05 13:30:00,2023
LASK Linz,,,,,,,,,,,,,,,,,,,,,,,,,,,,,SK Sturm Graz,,,,,,,,,,,,,,,,,,,,,,,,,,,,,675231,2023-11-05 16:00:00,2023
Austria Lustenau,,,,,,,,,,,,,,,,,,,,,,,,,,,,,Wolfsberger,,,,,,,,,,,,,,,,,,,,,,,,,,,,,675237,2023-11-11 16:00:00,2023
TSV Hartberg,,,,,,,,,,,,,,,,,,,,,,,,,,,,,Rapid Vienna,,,,,,,,,,,,,,,,,,,,,,,,,,,,,675235,2023-11-11 16:00:00,2023
WSG Swarovski Tirol,,,,,,,,,,,,,,,,,,,,,,,,,,,,,SC Rheindorf Altach,,,,,,,,,,,,,,,,,,,,,,,,,,,,,675240,2023-11-11 16:00:00,2023
FC Blau-Weiß Linz,,,,,,,,,,,,,,,,,,,,,,,,,,,,,LASK Linz,,,,,,,,,,,,,,,,,,,,,,,,,,,,,675239,2023-11-12 13:30:00,2023
SK Austria Klagenfurt,,,,,,,,,,,,,,,,,,,,,,,,,,,,,SK Sturm Graz,,,,,,,,,,,,,,,,,,,,,,,,,,,,,675236,2023-11-12 13:30:00,2023
Austria Vienna,,,,,,,,,,,,,,,,,,,,,,,,,,,,,RB Salzburg,,,,,,,,,,,,,,,,,,,,,,,,,,,,,675238,2023-11-12 16:00:00,2023
RB Salzburg,,,,,,,,,,,,,,,,,,,,,,,,,,,,,TSV Hartberg,,,,,,,,,,,,,,,,,,,,,,,,,,,,,675242,2023-11-25 16:00:00,2023
LASK Linz,,,,,,,,,,,,,,,,,,,,,,,,,,,,,WSG Swarovski Tirol,,,,,,,,,,,,,,,,,,,,,,,,,,,,,675243,2023-11-25 16:00:00,2023
SK Sturm Graz,,,,,,,,,,,,,,,,,,,,,,,,,,,,,Austria Lustenau,,,,,,,,,,,,,,,,,,,,,,,,,,,,,675245,2023-11-25 16:00:00,2023
SC Rheindorf Altach,,,,,,,,,,,,,,,,,,,,,,,,,,,,,SK Austria Klagenfurt,,,,,,,,,,,,,,,,,,,,,,,,,,,,,675241,2023-11-26 13:30:00,2023
Wolfsberger,,,,,,,,,,,,,,,,,,,,,,,,,,,,,Austria Vienna,,,,,,,,,,,,,,,,,,,,,,,,,,,,,675244,2023-11-26 13:30:00,2023
Rapid Vienna,,,,,,,,,,,,,,,,,,,,,,,,,,,,,FC Blau-Weiß Linz,,,,,,,,,,,,,,,,,,,,,,,,,,,,,675246,2023-11-26 16:00:00,2023
FC Blau-Weiß Linz,,,,,,,,,,,,,,,,,,,,,,,,,,,,,SK Sturm Graz,,,,,,,,,,,,,,,,,,,,,,,,,,,,,675248,2023-12-03 13:30:00,2023
RB Salzburg,,,,,,,,,,,,,,,,,,,,,,,,,,,,,Wolfsberger,,,,,,,,,,,,,,,,,,,,,,,,,,,,,675249,2023-12-03 13:30:00,2023
Austria Vienna,,,,,,,,,,,,,,,,,,,,,,,,,,,,,LASK Linz,,,,,,,,,,,,,,,,,,,,,,,,,,,,,675250,2023-12-03 16:00:00,2023
SK Austria Klagenfurt,,,,,,,,,,,,,,,,,,,,,,,,,,,,,TSV Hartberg,,,,,,,,,,,,,,,,,,,,,,,,,,,,,675252,2023-12-04 18:00:00,2023
SC Rheindorf Altach,,,,,,,,,,,,,,,,,,,,,,,,,,,,,Austria Lustenau,,,,,,,,,,,,,,,,,,,,,,,,,,,,,675247,2023-12-05 18:00:00,2023
WSG Swarovski Tirol,,,,,,,,,,,,,,,,,,,,,,,,,,,,,Rapid Vienna,,,,,,,,,,,,,,,,,,,,,,,,,,,,,675251,2023-12-05 18:00:00,2023
Rapid Vienna,,,,,,,,,,,,,,,,,,,,,,,,,,,,,RB Salzburg,,,,,,,,,,,,,,,,,,,,,,,,,,,,,675258,2023-12-09 13:30:00,2023
SK Austria Klagenfurt,,,,,,,,,,,,,,,,,,,,,,,,,,,,,Austria Vienna,,,,,,,,,,,,,,,,,,,,,,,,,,,,,675253,2023-12-09 16:00:00,2023
Austria Lustenau,,,,,,,,,,,,,,,,,,,,,,,,,,,,,LASK Linz,,,,,,,,,,,,,,,,,,,,,,,,,,,,,675254,2023-12-09 16:00:00,2023
FC Blau-Weiß Linz,,,,,,,,,,,,,,,,,,,,,,,,,,,,,WSG Swarovski Tirol,,,,,,,,,,,,,,,,,,,,,,,,,,,,,675257,2023-12-10 13:30:00,2023
TSV Hartberg,,,,,,,,,,,,,,,,,,,,,,,,,,,,,Wolfsberger,,,,,,,,,,,,,,,,,,,,,,,,,,,,,675256,2023-12-10 13:30:00,2023
SK Sturm Graz,,,,,,,,,,,,,,,,,,,,,,,,,,,,,SC Rheindorf Altach,,,,,,,,,,,,,,,,,,,,,,,,,,,,,675255,2023-12-10 16:00:00,2023
RB Salzburg,,,,,,,,,,,,,,,,,,,,,,,,,,,,,SK Sturm Graz,,,,,,,,,,,,,,,,,,,,,,,,,,,,,675264,2024-02-09 19:30:00,2024
SC Rheindorf Altach,,,,,,,,,,,,,,,,,,,,,,,,,,,,,FC Blau-Weiß Linz,,,,,,,,,,,,,,,,,,,,,,,,,,,,,675263,2024-02-10 16:00:00,2024
Austria Vienna,,,,,,,,,,,,,,,,,,,,,,,,,,,,,TSV Hartberg,,,,,,,,,,,,,,,,,,,,,,,,,,,,,675259,2024-02-10 16:00:00,2024
WSG Swarovski Tirol,,,,,,,,,,,,,,,,,,,,,,,,,,,,,Austria Lustenau,,,,,,,,,,,,,,,,,,,,,,,,,,,,,675262,2024-02-11 13:30:00,2024
Wolfsberger,,,,,,,,,,,,,,,,,,,,,,,,,,,,,Rapid Vienna,,,,,,,,,,,,,,,,,,,,,,,,,,,,,675261,2024-02-11 13:30:00,2024
LASK Linz,,,,,,,,,,,,,,,,,,,,,,,,,,,,,SK Austria Klagenfurt,,,,,,,,,,,,,,,,,,,,,,,,,,,,,675260,2024-02-11 16:00:00,2024
Wolfsberger,,,,,,,,,,,,,,,,,,,,,,,,,,,,,WSG Swarovski Tirol,,,,,,,,,,,,,,,,,,,,,,,,,,,,,675265,2024-02-17 16:00:00,2024
Austria Vienna,,,,,,,,,,,,,,,,,,,,,,,,,,,,,SC Rheindorf Altach,,,,,,,,,,,,,,,,,,,,,,,,,,,,,675267,2024-02-17 16:00:00,2024
FC Blau-Weiß Linz,,,,,,,,,,,,,,,,,,,,,,,,,,,,,RB Salzburg,,,,,,,,,,,,,,,,,,,,,,,,,,,,,675270,2024-02-17 16:00:00,2024
Austria Lustenau,,,,,,,,,,,,,,,,,,,,,,,,,,,,,SK Austria Klagenfurt,,,,,,,,,,,,,,,,,,,,,,,,,,,,,675266,2024-02-18 13:30:00,2024
TSV Hartberg,,,,,,,,,,,,,,,,,,,,,,,,,,,,,LASK Linz,,,,,,,,,,,,,,,,,,,,,,,,,,,,,675268,2024-02-18 13:30:00,2024
SK Sturm Graz,,,,,,,,,,,,,,,,,,,,,,,,,,,,,Rapid Vienna,,,,,,,,,,,,,,,,,,,,,,,,,,,,,675269,2024-02-18 16:00:00,2024
RB Salzburg,,,,,,,,,,,,,,,,,,,,,,,,,,,,,Austria Lustenau,,,,,,,,,,,,,,,,,,,,,,,,,,,,,675276,2024-02-24 16:00:00,2024
SC Rheindorf Altach,,,,,,,,,,,,,,,,,,,,,,,,,,,,,TSV Hartberg,,,,,,,,,,,,,,,,,,,,,,,,,,,,,675275,2024-02-24 16:00:00,2024
LASK Linz,,,,,,,,,,,,,,,,,,,,,,,,,,,,,Wolfsberger,,,,,,,,,,,,,,,,,,,,,,,,,,,,,675271,2024-02-24 16:00:00,2024
SK Austria Klagenfurt,,,,,,,,,,,,,,,,,,,,,,,,,,,,,FC Blau-Weiß Linz,,,,,,,,,,,,,,,,,,,,,,,,,,,,,675274,2024-02-25 13:30:00,2024
WSG Swarovski Tirol,,,,,,,,,,,,,,,,,,,,,,,,,,,,,SK Sturm Graz,,,,,,,,,,,,,,,,,,,,,,,,,,,,,675272,2024-02-25 13:30:00,2024
Rapid Vienna,,,,,,,,,,,,,,,,,,,,,,,,,,,,,Austria Vienna,,,,,,,,,,,,,,,,,,,,,,,,,,,,,675273,2024-02-25 16:00:00,2024
Rapid Vienna,,,,,,,,,,,,,,,,,,,,,,,,,,,,,Austria Lustenau,,,,,,,,,,,,,,,,,,,,,,,,,,,,,675278,2024-03-03 16:00:00,2024
RB Salzburg,,,,,,,,,,,,,,,,,,,,,,,,,,,,,SK Austria Klagenfurt,,,,,,,,,,,,,,,,,,,,,,,,,,,,,675280,2024-03-03 16:00:00,2024
SC Rheindorf Altach,,,,,,,,,,,,,,,,,,,,,,,,,,,,,LASK Linz,,,,,,,,,,,,,,,,,,,,,,,,,,,,,675282,2024-03-03 16:00:00,2024
SK Sturm Graz,,,,,,,,,,,,,,,,,,,,,,,,,,,,,Wolfsberger,,,,,,,,,,,,,,,,,,,,,,,,,,,,,675281,2024-03-03 16:00:00,2024
FC Blau-Weiß Linz,,,,,,,,,,,,,,,,,,,,,,,,,,,,,Austria Vienna,,,,,,,,,,,,,,,,,,,,,,,,,,,,,675279,2024-03-03 16:00:00,2024
WSG Swarovski Tirol,,,,,,,,,,,,,,,,,,,,,,,,,,,,,TSV Hartberg,,,,,,,,,,,,,,,,,,,,,,,,,,,,,675277,2024-03-03 16:00:00,2024
LASK Linz,,,,,,,,,,,,,,,,,,,,,,,,,,,,,RB Salzburg,,,,,,,,,,,,,,,,,,,,,,,,,,,,,675285,2024-03-09 16:00:00,2024
Austria Vienna,,,,,,,,,,,,,,,,,,,,,,,,,,,,,WSG Swarovski Tirol,,,,,,,,,,,,,,,,,,,,,,,,,,,,,675286,2024-03-10 16:00:00,2024
TSV Hartberg,,,,,,,,,,,,,,,,,,,,,,,,,,,,,SK Sturm Graz,,,,,,,,,,,,,,,,,,,,,,,,,,,,,675288,2024-03-10 16:00:00,2024
Wolfsberger,,,,,,,,,,,,,,,,,,,,,,,,,,,,,SC Rheindorf Altach,,,,,,,,,,,,,,,,,,,,,,,,,,,,,675287,2024-03-10 16:00:00,2024
SK Austria Klagenfurt,,,,,,,,,,,,,,,,,,,,,,,,,,,,,Rapid Vienna,,,,,,,,,,,,,,,,,,,,,,,,,,,,,675284,2024-03-10 16:00:00,2024
Austria Lustenau,,,,,,,,,,,,,,,,,,,,,,,,,,,,,FC Blau-Weiß Linz,,,,,,,,,,,,,,,,,,,,,,,,,,,,,675283,2024-03-10 16:00:00,2024
Rapid Vienna,,,,,,,,,,,,,,,,,,,,,,,,,,,,,LASK Linz,,,,,,,,,,,,,,,,,,,,,,,,,,,,,700521,2024-03-15 18:30:00,2024
SC Rheindorf Altach,,,,,,,,,,,,,,,,,,,,,,,,,,,,,Austria Vienna,,,,,,,,,,,,,,,,,,,,,,,,,,,,,700522,2024-03-16 16:00:00,2024
FC Blau-Weiß Linz,,,,,,,,,,,,,,,,,,,,,,,,,,,,,Austria Lustenau,,,,,,,,,,,,,,,,,,,,,,,,,,,,,700524,2024-03-16 16:00:00,2024
WSG Swarovski Tirol,,,,,,,,,,,,,,,,,,,,,,,,,,,,,Wolfsberger,,,,,,,,,,,,,,,,,,,,,,,,,,,,,700523,2024-03-16 16:00:00,2024
SK Austria Klagenfurt,,,,,,,,,,,,,,,,,,,,,,,,,,,,,SK Sturm Graz,,,,,,,,,,,,,,,,,,,,,,,,,,,,,700525,2024-03-17 13:30:00,2024
RB Salzburg,,,,,,,,,,,,,,,,,,,,,,,,,,,,,TSV Hartberg,,,,,,,,,,,,,,,,,,,,,,,,,,,,,700526,2024-03-17 16:00:00,2024
Austria Vienna,,,,,,,,,,,,,,,,,,,,,,,,,,,,,FC Blau-Weiß Linz,,,,,,,,,,,,,,,,,,,,,,,,,,,,,700527,2024-03-29 18:30:00,2024
Austria Lustenau,,,,,,,,,,,,,,,,,,,,,,,,,,,,,WSG Swarovski Tirol,,,,,,,,,,,,,,,,,,,,,,,,,,,,,700529,2024-03-30 16:00:00,2024
Wolfsberger,,,,,,,,,,,,,,,,,,,,,,,,,,,,,SC Rheindorf Altach,,,,,,,,,,,,,,,,,,,,,,,,,,,,,700528,2024-03-30 16:00:00,2024
LASK Linz,,,,,,,,,,,,,,,,,,,,,,,,,,,,,SK Austria Klagenfurt,,,,,,,,,,,,,,,,,,,,,,,,,,,,,700530,2024-03-31 12:30:00,2024
TSV Hartberg,,,,,,,,,,,,,,,,,,,,,,,,,,,,,Rapid Vienna,,,,,,,,,,,,,,,,,,,,,,,,,,,,,700531,2024-03-31 12:30:00,2024
SK Sturm Graz,,,,,,,,,,,,,,,,,,,,,,,,,,,,,RB Salzburg,,,,,,,,,,,,,,,,,,,,,,,,,,,,,700532,2024-03-31 15:00:00,2024
SC Rheindorf Altach,,,,,,,,,,,,,,,,,,,,,,,,,,,,,WSG Swarovski Tirol,,,,,,,,,,,,,,,,,,,,,,,,,,,,,700533,2024-04-05 17:30:00,2024
Austria Vienna,,,,,,,,,,,,,,,,,,,,,,,,,,,,,Austria Lustenau,,,,,,,,,,,,,,,,,,,,,,,,,,,,,700534,2024-04-06 15:00:00,2024
FC Blau-Weiß Linz,,,,,,,,,,,,,,,,,,,,,,,,,,,,,Wolfsberger,,,,,,,,,,,,,,,,,,,,,,,,,,,,,700535,2024-04-06 17:30:00,2024
SK Sturm Graz,,,,,,,,,,,,,,,,,,,,,,,,,,,,,LASK Linz,,,,,,,,,,,,,,,,,,,,,,,,,,,,,700537,2024-04-07 12:30:00,2024
SK Austria Klagenfurt,,,,,,,,,,,,,,,,,,,,,,,,,,,,,TSV Hartberg,,,,,,,,,,,,,,,,,,,,,,,,,,,,,700536,2024-04-07 12:30:00,2024
RB Salzburg,,,,,,,,,,,,,,,,,,,,,,,,,,,,,Rapid Vienna,,,,,,,,,,,,,,,,,,,,,,,,,,,,,700538,2024-04-07 15:00:00,2024
LASK Linz,,,,,,,,,,,,,,,,,,,,,,,,,,,,,RB Salzburg,,,,,,,,,,,,,,,,,,,,,,,,,,,,,700539,2024-04-12 17:30:00,2024
Wolfsberger,,,,,,,,,,,,,,,,,,,,,,,,,,,,,Austria Vienna,,,,,,,,,,,,,,,,,,,,,,,,,,,,,700540,2024-04-13 15:00:00,2024
WSG Swarovski Tirol,,,,,,,,,,,,,,,,,,,,,,,,,,,,,FC Blau-Weiß Linz,,,,,,,,,,,,,,,,,,,,,,,,,,,,,700542,2024-04-13 15:00:00,2024
Austria Lustenau,,,,,,,,,,,,,,,,,,,,,,,,,,,,,SC Rheindorf Altach,,,,,,,,,,,,,,,,,,,,,,,,,,,,,700541,2024-04-13 15:00:00,2024
TSV Hartberg,,,,,,,,,,,,,,,,,,,,,,,,,,,,,SK Sturm Graz,,,,,,,,,,,,,,,,,,,,,,,,,,,,,700543,2024-04-14 12:30:00,2024
Rapid Vienna,,,,,,,,,,,,,,,,,,,,,,,,,,,,,SK Austria Klagenfurt,,,,,,,,,,,,,,,,,,,,,,,,,,,,,700544,2024-04-14 15:00:00,2024
SK Sturm Graz,,,,,,,,,,,,,,,,,,,,,,,,,,,,,Rapid Vienna,,,,,,,,,,,,,,,,,,,,,,,,,,,,,700545,2024-04-19 17:30:00,2024
Wolfsberger,,,,,,,,,,,,,,,,,,,,,,,,,,,,,Austria Lustenau,,,,,,,,,,,,,,,,,,,,,,,,,,,,,700547,2024-04-20 15:00:00,2024
Austria Vienna,,,,,,,,,,,,,,,,,,,,,,,,,,,,,WSG Swarovski Tirol,,,,,,,,,,,,,,,,,,,,,,,,,,,,,700548,2024-04-20 15:00:00,2024
SC Rheindorf Altach,,,,,,,,,,,,,,,,,,,,,,,,,,,,,FC Blau-Weiß Linz,,,,,,,,,,,,,,,,,,,,,,,,,,,,,700546,2024-04-20 15:00:00,2024
LASK Linz,,,,,,,,,,,,,,,,,,,,,,,,,,,,,TSV Hartberg,,,,,,,,,,,,,,,,,,,,,,,,,,,,,700549,2024-04-21 12:30:00,2024
RB Salzburg,,,,,,,,,,,,,,,,,,,,,,,,,,,,,SK Austria Klagenfurt,,,,,,,,,,,,,,,,,,,,,,,,,,,,,700550,2024-04-21 15:00:00,2024
WSG Swarovski Tirol,,,,,,,,,,,,,,,,,,,,,,,,,,,,,Austria Vienna,,,,,,,,,,,,,,,,,,,,,,,,,,,,,700552,2024-04-23 16:30:00,2024
Austria Lustenau,,,,,,,,,,,,,,,,,,,,,,,,,,,,,Wolfsberger,,,,,,,,,,,,,,,,,,,,,,,,,,,,,700551,2024-04-23 16:30:00,2024
FC Blau-Weiß Linz,,,,,,,,,,,,,,,,,,,,,,,,,,,,,SC Rheindorf Altach,,,,,,,,,,,,,,,,,,,,,,,,,,,,,700553,2024-04-23 18:30:00,2024
TSV Hartberg,,,,,,,,,,,,,,,,,,,,,,,,,,,,,LASK Linz,,,,,,,,,,,,,,,,,,,,,,,,,,,,,700554,2024-04-24 16:30:00,2024
SK Austria Klagenfurt,,,,,,,,,,,,,,,,,,,,,,,,,,,,,RB Salzburg,,,,,,,,,,,,,,,,,,,,,,,,,,,,,700555,2024-04-24 16:30:00,2024
Rapid Vienna,,,,,,,,,,,,,,,,,,,,,,,,,,,,,SK Sturm Graz,,,,,,,,,,,,,,,,,,,,,,,,,,,,,700556,2024-04-24 18:30:00,2024
Austria Vienna,,,,,,,,,,,,,,,,,,,,,,,,,,,,,SC Rheindorf Altach,,,,,,,,,,,,,,,,,,,,,,,,,,,,,700557,2024-04-26 17:30:00,2024
Wolfsberger,,,,,,,,,,,,,,,,,,,,,,,,,,,,,FC Blau-Weiß Linz,,,,,,,,,,,,,,,,,,,,,,,,,,,,,700558,2024-04-27 15:00:00,2024
WSG Swarovski Tirol,,,,,,,,,,,,,,,,,,,,,,,,,,,,,Austria Lustenau,,,,,,,,,,,,,,,,,,,,,,,,,,,,,700559,2024-04-27 15:00:00,2024
TSV Hartberg,,,,,,,,,,,,,,,,,,,,,,,,,,,,,SK Austria Klagenfurt,,,,,,,,,,,,,,,,,,,,,,,,,,,,,700561,2024-04-28 12:30:00,2024
LASK Linz,,,,,,,,,,,,,,,,,,,,,,,,,,,,,Rapid Vienna,,,,,,,,,,,,,,,,,,,,,,,,,,,,,700560,2024-04-28 12:30:00,2024
RB Salzburg,,,,,,,,,,,,,,,,,,,,,,,,,,,,,SK Sturm Graz,,,,,,,,,,,,,,,,,,,,,,,,,,,,,700562,2024-04-28 15:00:00,2024
Austria Lustenau,,,,,,,,,,,,,,,,,,,,,,,,,,,,,Austria Vienna,,,,,,,,,,,,,,,,,,,,,,,,,,,,,700563,2024-05-03 17:30:00,2024
FC Blau-Weiß Linz,,,,,,,,,,,,,,,,,,,,,,,,,,,,,WSG Swarovski Tirol,,,,,,,,,,,,,,,,,,,,,,,,,,,,,700565,2024-05-04 15:00:00,2024
SC Rheindorf Altach,,,,,,,,,,,,,,,,,,,,,,,,,,,,,Wolfsberger,,,,,,,,,,,,,,,,,,,,,,,,,,,,,700564,2024-05-04 15:00:00,2024
SK Austria Klagenfurt,,,,,,,,,,,,,,,,,,,,,,,,,,,,,LASK Linz,,,,,,,,,,,,,,,,,,,,,,,,,,,,,700566,2024-05-05 12:30:00,2024
SK Sturm Graz,,,,,,,,,,,,,,,,,,,,,,,,,,,,,TSV Hartberg,,,,,,,,,,,,,,,,,,,,,,,,,,,,,700567,2024-05-05 12:30:00,2024
Rapid Vienna,,,,,,,,,,,,,,,,,,,,,,,,,,,,,RB Salzburg,,,,,,,,,,,,,,,,,,,,,,,,,,,,,700568,2024-05-05 15:00:00,2024
WSG Swarovski Tirol,,,,,,,,,,,,,,,,,,,,,,,,,,,,,SC Rheindorf Altach,,,,,,,,,,,,,,,,,,,,,,,,,,,,,700571,2024-05-11 15:00:00,2024
Austria Vienna,,,,,,,,,,,,,,,,,,,,,,,,,,,,,Wolfsberger,,,,,,,,,,,,,,,,,,,,,,,,,,,,,700570,2024-05-11 15:00:00,2024
Austria Lustenau,,,,,,,,,,,,,,,,,,,,,,,,,,,,,FC Blau-Weiß Linz,,,,,,,,,,,,,,,,,,,,,,,,,,,,,700569,2024-05-11 15:00:00,2024
LASK Linz,,,,,,,,,,,,,,,,,,,,,,,,,,,,,SK Sturm Graz,,,,,,,,,,,,,,,,,,,,,,,,,,,,,700573,2024-05-12 15:00:00,2024
TSV Hartberg,,,,,,,,,,,,,,,,,,,,,,,,,,,,,RB Salzburg,,,,,,,,,,,,,,,,,,,,,,,,,,,,,700574,2024-05-12 15:00:00,2024
SK Austria Klagenfurt,,,,,,,,,,,,,,,,,,,,,,,,,,,,,Rapid Vienna,,,,,,,,,,,,,,,,,,,,,,,,,,,,,700572,2024-05-12 15:00:00,2024
Wolfsberger,,,,,,,,,,,,,,,,,,,,,,,,,,,,,WSG Swarovski Tirol,,,,,,,,,,,,,,,,,,,,,,,,,,,,,700577,2024-05-18 15:00:00,2024
SC Rheindorf Altach,,,,,,,,,,,,,,,,,,,,,,,,,,,,,Austria Lustenau,,,,,,,,,,,,,,,,,,,,,,,,,,,,,700575,2024-05-18 15:00:00,2024
FC Blau-Weiß Linz,,,,,,,,,,,,,,,,,,,,,,,,,,,,,Austria Vienna,,,,,,,,,,,,,,,,,,,,,,,,,,,,,700576,2024-05-18 15:00:00,2024
RB Salzburg,,,,,,,,,,,,,,,,,,,,,,,,,,,,,LASK Linz,,,,,,,,,,,,,,,,,,,,,,,,,,,,,700578,2024-05-19 15:00:00,2024
SK Sturm Graz,,,,,,,,,,,,,,,,,,,,,,,,,,,,,SK Austria Klagenfurt,,,,,,,,,,,,,,,,,,,,,,,,,,,,,700579,2024-05-19 15:00:00,2024
Rapid Vienna,,,,,,,,,,,,,,,,,,,,,,,,,,,,,TSV Hartberg,,,,,,,,,,,,,,,,,,,,,,,,,,,,,700580,2024-05-19 15:00:00,2024
Wolfsberger,,,,,,,,,,,,,,,,,,,,,,,,,,,,,Austria Vienna,,,,,,,,,,,,,,,,,,,,,,,,,,,,,702628,2024-05-21 17:00:00,2024
Austria Vienna,,,,,,,,,,,,,,,,,,,,,,,,,,,,,TSV Hartberg,,,,,,,,,,,,,,,,,,,,,,,,,,,,,702648,2024-05-24 17:30:00,2024
TSV Hartberg,,,,,,,,,,,,,,,,,,,,,,,,,,,,,Austria Vienna,,,,,,,,,,,,,,,,,,,,,,,,,,,,,702647,2024-05-28 17:00:00,2024
Grazer AK,9.0,2.0,0.0,0.0,3.0,3.0,29.5,9.0,5.0,0.6,0.0,0.0,0.0,0.0,0.0,0.0,0.0,0.0,0.0,0.0,0.0,1.0,0.0,0.0,0.0,0.0,0.0,0.0,RB Salzburg,8.0,1.0,0.0,0.0,5.0,3.0,70.5,21.0,6.0,0.3,1.0,1.0,0.0,0.0,0.0,0.0,0.0,0.0,0.0,0.0,0.0,4.0,0.0,0.0,0.0,0.0,0.0,0.0,710523,2024-08-02 18:30:00,2024
SC Rheindorf Altach,12.0,2.0,0.0,0.0,6.0,1.0,50.9,15.0,2.0,0.1,0.0,0.0,0.0,0.0,0.0,0.0,0.0,0.0,0.0,0.0,0.0,5.0,0.0,0.0,0.0,0.0,0.0,0.0,WSG Swarovski Tirol,16.0,3.0,1.0,0.0,3.0,1.0,49.1,13.0,3.0,0.2,0.0,0.0,0.0,0.0,0.0,0.0,0.0,0.0,0.0,0.0,0.0,6.0,0.0,0.0,0.0,0.0,0.0,0.0,710524,2024-08-03 15:00:00,2024
TSV Hartberg,17.0,2.0,0.0,0.0,9.0,4.0,40.5,9.0,3.0,0.3,0.0,0.0,0.0,0.0,0.0,0.0,0.0,0.0,0.0,0.0,0.0,3.0,0.0,0.0,0.0,0.0,0.0,0.0,LASK Linz,8.0,1.0,0.0,0.0,4.0,2.0,59.5,11.0,7.0,0.6,0.0,0.0,0.0,0.0,0.0,0.0,0.0,0.0,0.0,0.0,0.0,0.0,0.0,0.0,0.0,0.0,0.0,0.0,710525,2024-08-03 15:00:00,2024
Wolfsberger,16.0,2.0,0.0,0.0,7.0,2.0,45.3,14.0,8.0,0.6,1.0,1.0,0.0,0.0,0.0,0.0,0.0,0.0,0.0,0.0,0.0,2.0,0.0,0.0,0.0,0.0,0.0,0.0,SK Austria Klagenfurt,10.0,2.0,0.0,0.0,3.0,4.0,54.7,8.0,3.0,0.4,0.0,0.0,0.0,0.0,0.0,0.0,0.0,0.0,0.0,0.0,0.0,1.0,0.0,0.0,0.0,0.0,0.0,0.0,710526,2024-08-03 17:30:00,2024
Rapid Vienna,13.0,3.0,0.0,0.0,7.0,2.0,56.6,17.0,5.0,0.3,0.0,0.0,0.0,0.0,0.0,0.0,0.0,0.0,0.0,0.0,0.0,6.0,0.0,0.0,0.0,0.0,0.0,0.0,SK Sturm Graz,17.0,3.0,0.0,0.0,4.0,3.0,43.4,7.0,3.0,0.4,0.0,0.0,0.0,0.0,0.0,0.0,0.0,0.0,0.0,0.0,0.0,3.0,0.0,0.0,0.0,0.0,0.0,0.0,710528,2024-08-04 15:00:00,2024
FC Blau-Weiß Linz,9.0,3.0,0.0,0.0,7.0,3.0,39.1,7.0,2.0,0.3,0.0,0.0,0.0,0.0,0.0,0.0,0.0,0.0,0.0,0.0,0.0,1.0,0.0,0.0,0.0,0.0,0.0,0.0,Austria Vienna,19.0,5.0,0.0,0.0,7.0,0.0,60.9,17.0,4.0,0.2,0.0,0.0,0.0,0.0,0.0,0.0,0.0,0.0,0.0,0.0,0.0,5.0,0.0,0.0,0.0,0.0,0.0,0.0,710527,2024-08-04 15:00:00,2024
LASK Linz,5.0,1.0,0.0,0.0,6.0,1.0,79.7,16.0,4.0,0.3,0.0,0.0,0.0,0.0,0.0,0.0,0.0,0.0,0.0,0.0,0.0,7.0,0.0,0.0,0.0,0.0,0.0,0.0,SC Rheindorf Altach,15.0,4.0,0.0,0.0,1.0,2.0,20.3,8.0,3.0,0.4,0.0,0.0,0.0,0.0,0.0,0.0,0.0,0.0,0.0,0.0,0.0,3.0,0.0,0.0,0.0,0.0,0.0,0.0,710530,2024-08-10 15:00:00,2024
WSG Swarovski Tirol,8.0,4.0,0.0,0.0,6.0,1.0,58.9,9.0,2.0,0.2,0.0,0.0,0.0,0.0,0.0,0.0,0.0,0.0,0.0,0.0,0.0,6.0,0.0,0.0,0.0,0.0,0.0,0.0,Grazer AK,19.0,4.0,0.0,0.0,1.0,2.0,41.1,12.0,1.0,0.1,0.0,0.0,0.0,0.0,0.0,0.0,0.0,0.0,0.0,0.0,0.0,4.0,0.0,0.0,0.0,0.0,0.0,0.0,710529,2024-08-10 15:00:00,2024
RB Salzburg,4.0,1.0,0.0,0.0,5.0,0.0,78.8,30.0,9.0,0.3,0.0,0.0,0.0,0.0,0.0,0.0,0.0,0.0,0.0,0.0,0.0,11.0,0.0,0.0,0.0,0.0,0.0,0.0,FC Blau-Weiß Linz,8.0,2.0,0.0,0.0,1.0,4.0,21.2,3.0,1.0,0.3,0.0,0.0,0.0,0.0,0.0,0.0,0.0,0.0,0.0,0.0,0.0,1.0,0.0,0.0,0.0,0.0,0.0,0.0,710531,2024-08-10 17:30:00,2024
SK Austria Klagenfurt,11.0,4.0,1.0,0.0,0.0,2.0,26.1,6.0,1.0,0.2,0.0,0.0,0.0,0.0,0.0,0.0,0.0,0.0,0.0,0.0,0.0,3.0,0.0,0.0,0.0,0.0,0.0,0.0,Rapid Vienna,10.0,4.0,0.0,0.0,10.0,0.0,73.9,21.0,3.0,0.1,0.0,0.0,0.0,0.0,0.0,0.0,0.0,0.0,0.0,0.0,0.0,7.0,0.0,0.0,0.0,0.0,0.0,0.0,710533,2024-08-11 15:00:00,2024
Austria Vienna,14.0,4.0,0.0,0.0,12.0,2.0,66.5,17.0,7.0,0.4,0.0,0.0,0.0,0.0,0.0,0.0,0.0,0.0,0.0,0.0,0.0,8.0,0.0,0.0,0.0,0.0,0.0,0.0,Wolfsberger,8.0,1.0,1.0,0.0,3.0,3.0,33.5,10.0,3.0,0.3,0.0,0.0,0.0,0.0,0.0,0.0,0.0,0.0,0.0,0.0,0.0,3.0,0.0,0.0,0.0,0.0,0.0,0.0,710532,2024-08-11 15:00:00,2024
SK Sturm Graz,16.0,2.0,0.0,0.0,5.0,2.0,53.2,19.0,7.0,0.4,0.0,0.0,0.0,0.0,0.0,0.0,0.0,0.0,0.0,0.0,0.0,2.0,0.0,0.0,0.0,0.0,0.0,0.0,TSV Hartberg,14.0,2.0,0.0,0.0,3.0,5.0,46.8,7.0,3.0,0.4,0.0,0.0,0.0,0.0,0.0,0.0,0.0,0.0,0.0,0.0,0.0,2.0,0.0,0.0,0.0,0.0,0.0,0.0,710534,2024-08-11 15:00:00,2024
SK Austria Klagenfurt,15.0,2.0,0.0,0.0,3.0,1.0,43.6,13.0,4.0,0.3,0.0,1.0,0.0,0.0,0.0,0.0,0.0,0.0,0.0,0.0,0.0,4.0,0.0,0.0,0.0,0.0,0.0,0.0,SK Sturm Graz,14.0,3.0,0.0,0.0,3.0,4.0,56.4,9.0,3.0,0.3,1.0,1.0,0.0,0.0,0.0,0.0,0.0,0.0,0.0,0.0,0.0,2.0,0.0,0.0,0.0,0.0,0.0,0.0,710536,2024-08-17 15:00:00,2024
Grazer AK,12.0,3.0,0.0,0.0,7.0,5.0,62.1,14.0,4.0,0.3,0.0,0.0,0.0,0.0,0.0,0.0,0.0,0.0,0.0,0.0,0.0,5.0,0.0,0.0,0.0,0.0,0.0,0.0,FC Blau-Weiß Linz,13.0,1.0,0.0,0.0,5.0,2.0,37.9,15.0,7.0,0.5,0.0,0.0,0.0,0.0,0.0,0.0,0.0,0.0,0.0,0.0,0.0,4.0,0.0,0.0,0.0,0.0,0.0,0.0,710535,2024-08-17 15:00:00,2024
LASK Linz,11.0,3.0,0.0,0.0,4.0,3.0,53.5,13.0,3.0,0.2,0.0,0.0,0.0,0.0,0.0,0.0,0.0,0.0,0.0,0.0,0.0,6.0,0.0,0.0,0.0,0.0,0.0,0.0,RB Salzburg,13.0,1.0,0.0,0.0,4.0,3.0,46.5,16.0,4.0,0.3,0.0,0.0,0.0,0.0,0.0,0.0,0.0,0.0,0.0,0.0,0.0,2.0,0.0,0.0,0.0,0.0,0.0,0.0,710537,2024-08-17 17:30:00,2024
SC Rheindorf Altach,12.0,3.0,0.0,0.0,1.0,2.0,36.1,6.0,4.0,0.7,0.0,0.0,0.0,0.0,0.0,0.0,0.0,0.0,0.0,0.0,0.0,0.0,0.0,0.0,0.0,0.0,0.0,0.0,Wolfsberger,7.0,2.0,0.0,0.0,8.0,2.0,63.9,10.0,2.0,0.2,0.0,0.0,0.0,0.0,0.0,0.0,0.0,0.0,0.0,0.0,0.0,4.0,0.0,0.0,0.0,0.0,0.0,0.0,710538,2024-08-18 15:00:00,2024
TSV Hartberg,9.0,2.0,0.0,0.0,6.0,2.0,52.6,11.0,7.0,0.6,0.0,0.0,0.0,0.0,0.0,0.0,0.0,0.0,0.0,0.0,0.0,1.0,0.0,0.0,0.0,0.0,0.0,0.0,Austria Vienna,11.0,5.0,0.0,0.0,3.0,6.0,47.4,13.0,3.0,0.2,0.0,0.0,0.0,0.0,0.0,0.0,0.0,0.0,0.0,0.0,0.0,4.0,0.0,0.0,0.0,0.0,0.0,0.0,710540,2024-08-18 15:00:00,2024
Rapid Vienna,9.0,2.0,0.0,0.0,11.0,0.0,62.0,19.0,7.0,0.4,0.0,0.0,0.0,0.0,0.0,0.0,0.0,0.0,0.0,0.0,0.0,5.0,0.0,0.0,0.0,0.0,0.0,0.0,WSG Swarovski Tirol,9.0,4.0,0.0,0.0,5.0,4.0,38.0,8.0,0.0,0.0,0.0,0.0,0.0,0.0,0.0,0.0,0.0,0.0,0.0,0.0,0.0,1.0,0.0,0.0,0.0,0.0,0.0,0.0,710539,2024-08-18 15:00:00,2024
WSG Swarovski Tirol,8.0,1.0,0.0,0.0,6.0,4.0,53.7,13.0,2.0,0.2,0.0,0.0,0.0,0.0,0.0,0.0,0.0,0.0,0.0,0.0,0.0,5.0,0.0,0.0,0.0,0.0,0.0,0.0,SK Austria Klagenfurt,8.0,4.0,0.0,0.0,7.0,3.0,46.3,14.0,5.0,0.4,0.0,0.0,0.0,0.0,0.0,0.0,0.0,0.0,0.0,0.0,0.0,2.0,0.0,0.0,0.0,0.0,0.0,0.0,710542,2024-08-24 15:00:00,2024
SK Sturm Graz,10.0,0.0,0.0,0.0,6.0,3.0,62.1,16.0,6.0,0.4,0.0,0.0,0.0,0.0,0.0,0.0,0.0,0.0,0.0,0.0,0.0,1.0,0.0,0.0,0.0,0.0,0.0,0.0,SC Rheindorf Altach,8.0,1.0,0.0,0.0,5.0,4.0,37.9,11.0,4.0,0.4,0.0,0.0,0.0,0.0,0.0,0.0,0.0,0.0,0.0,0.0,0.0,3.0,0.0,0.0,0.0,0.0,0.0,0.0,710543,2024-08-24 17:30:00,2024
FC Blau-Weiß Linz,18.0,3.0,0.0,0.0,4.0,4.0,27.0,9.0,5.0,0.6,0.0,0.0,0.0,0.0,0.0,0.0,0.0,0.0,0.0,0.0,0.0,1.0,0.0,0.0,0.0,0.0,0.0,0.0,Rapid Vienna,4.0,3.0,0.0,0.0,7.0,2.0,73.0,16.0,4.0,0.3,0.0,0.0,0.0,0.0,0.0,0.0,0.0,0.0,0.0,0.0,0.0,4.0,0.0,0.0,0.0,0.0,0.0,0.0,710544,2024-08-25 15:00:00,2024
Austria Vienna,7.0,1.0,0.0,0.0,8.0,2.0,45.9,17.0,5.0,0.3,0.0,0.0,0.0,0.0,0.0,0.0,0.0,0.0,0.0,0.0,0.0,2.0,0.0,0.0,0.0,0.0,0.0,0.0,LASK Linz,4.0,1.0,0.0,0.0,3.0,3.0,54.1,9.0,3.0,0.3,0.0,0.0,0.0,0.0,0.0,0.0,0.0,0.0,0.0,0.0,0.0,3.0,0.0,0.0,0.0,0.0,0.0,0.0,710545,2024-08-25 15:00:00,2024
Wolfsberger,16.0,5.0,0.0,0.0,5.0,2.0,41.6,12.0,8.0,0.7,0.0,0.0,0.0,0.0,0.0,0.0,0.0,0.0,0.0,0.0,0.0,0.0,0.0,0.0,0.0,0.0,0.0,0.0,Grazer AK,10.0,1.0,0.0,0.0,4.0,5.0,58.4,12.0,4.0,0.3,0.0,0.0,0.0,0.0,0.0,0.0,0.0,0.0,0.0,0.0,0.0,2.0,0.0,0.0,0.0,0.0,0.0,0.0,710546,2024-08-25 15:00:00,2024
TSV Hartberg,10.0,1.0,0.0,0.0,8.0,1.0,64.3,14.0,2.0,0.1,0.0,0.0,0.0,0.0,0.0,0.0,0.0,0.0,0.0,0.0,0.0,7.0,0.0,0.0,0.0,0.0,0.0,0.0,Grazer AK,14.0,3.0,0.0,0.0,2.0,2.0,35.7,5.0,2.0,0.4,0.0,0.0,0.0,0.0,0.0,0.0,0.0,0.0,0.0,0.0,0.0,1.0,0.0,0.0,0.0,0.0,0.0,0.0,710547,2024-08-31 15:00:00,2024
SK Austria Klagenfurt,9.0,3.0,0.0,0.0,3.0,1.0,57.4,16.0,8.0,0.5,0.0,0.0,0.0,0.0,0.0,0.0,0.0,0.0,0.0,0.0,0.0,1.0,0.0,0.0,0.0,0.0,0.0,0.0,FC Blau-Weiß Linz,11.0,4.0,1.0,0.0,3.0,5.0,42.6,3.0,2.0,0.7,0.0,0.0,0.0,0.0,0.0,0.0,0.0,0.0,0.0,0.0,0.0,0.0,0.0,0.0,0.0,0.0,0.0,0.0,710548,2024-08-31 15:00:00,2024
SK Sturm Graz,11.0,0.0,0.0,0.0,5.0,2.0,53.3,17.0,6.0,0.4,0.0,0.0,0.0,0.0,0.0,0.0,0.0,0.0,0.0,0.0,0.0,1.0,0.0,0.0,0.0,0.0,0.0,0.0,WSG Swarovski Tirol,9.0,0.0,0.0,0.0,3.0,2.0,46.7,13.0,4.0,0.3,0.0,0.0,0.0,0.0,0.0,0.0,0.0,0.0,0.0,0.0,0.0,4.0,0.0,0.0,0.0,0.0,0.0,0.0,710549,2024-08-31 17:30:00,2024
LASK Linz,9.0,1.0,1.0,0.0,10.0,3.0,62.0,7.0,2.0,0.3,1.0,1.0,0.0,0.0,0.0,0.0,0.0,0.0,0.0,0.0,0.0,1.0,0.0,0.0,0.0,0.0,0.0,0.0,Wolfsberger,18.0,3.0,0.0,0.0,2.0,1.0,38.0,19.0,8.0,0.4,0.0,0.0,0.0,0.0,0.0,0.0,0.0,0.0,0.0,0.0,0.0,3.0,0.0,0.0,0.0,0.0,0.0,0.0,710551,2024-09-01 15:00:00,2024
Rapid Vienna,10.0,1.0,0.0,0.0,4.0,2.0,33.2,14.0,6.0,0.4,0.0,0.0,0.0,0.0,0.0,0.0,0.0,0.0,0.0,0.0,0.0,2.0,0.0,0.0,0.0,0.0,0.0,0.0,RB Salzburg,10.0,4.0,0.0,0.0,6.0,3.0,66.8,12.0,4.0,0.3,0.0,0.0,0.0,0.0,0.0,0.0,0.0,0.0,0.0,0.0,0.0,2.0,0.0,0.0,0.0,0.0,0.0,0.0,710552,2024-09-01 15:00:00,2024
SC Rheindorf Altach,10.0,2.0,0.0,0.0,3.0,3.0,36.7,14.0,5.0,0.4,0.0,0.0,0.0,0.0,0.0,0.0,0.0,0.0,0.0,0.0,0.0,3.0,0.0,0.0,0.0,0.0,0.0,0.0,Austria Vienna,17.0,5.0,0.0,0.0,3.0,3.0,63.3,16.0,4.0,0.3,0.0,0.0,0.0,0.0,0.0,0.0,0.0,0.0,0.0,0.0,0.0,2.0,0.0,0.0,0.0,0.0,0.0,0.0,710550,2024-09-01 15:00:00,2024
Wolfsberger,7.0,1.0,0.0,0.0,4.0,1.0,44.0,18.0,6.0,0.3,0.0,0.0,0.0,0.0,0.0,0.0,0.0,0.0,0.0,0.0,0.0,3.0,0.0,0.0,0.0,0.0,0.0,0.0,Rapid Vienna,14.0,2.0,0.0,0.0,2.0,5.0,56.0,11.0,2.0,0.2,0.0,0.0,0.0,0.0,0.0,0.0,0.0,0.0,0.0,0.0,0.0,4.0,0.0,0.0,0.0,0.0,0.0,0.0,710558,2024-09-14 15:00:00,2024
FC Blau-Weiß Linz,17.0,2.0,1.0,0.0,3.0,3.0,28.1,14.0,8.0,0.6,0.0,0.0,0.0,0.0,0.0,0.0,0.0,0.0,0.0,0.0,0.0,1.0,0.0,0.0,0.0,0.0,0.0,0.0,LASK Linz,7.0,2.0,0.0,0.0,5.0,7.0,71.9,8.0,3.0,0.4,0.0,0.0,0.0,0.0,0.0,0.0,0.0,0.0,0.0,0.0,0.0,1.0,0.0,0.0,0.0,0.0,0.0,0.0,710554,2024-09-14 17:30:00,2024
Grazer AK,11.0,3.0,0.0,0.0,6.0,2.0,58.5,18.0,7.0,0.4,0.0,0.0,0.0,0.0,0.0,0.0,0.0,0.0,0.0,0.0,0.0,1.0,0.0,0.0,0.0,0.0,0.0,0.0,SC Rheindorf Altach,16.0,3.0,0.0,0.0,4.0,6.0,41.5,9.0,3.0,0.3,0.0,0.0,0.0,0.0,0.0,0.0,0.0,0.0,0.0,0.0,0.0,2.0,0.0,0.0,0.0,0.0,0.0,0.0,710557,2024-09-15 12:30:00,2024
SK Austria Klagenfurt,10.0,1.0,1.0,0.0,10.0,2.0,51.1,21.0,8.0,0.4,1.0,1.0,0.0,0.0,0.0,0.0,0.0,0.0,0.0,0.0,0.0,4.0,0.0,0.0,0.0,0.0,0.0,0.0,TSV Hartberg,15.0,7.0,0.0,0.0,5.0,5.0,48.9,12.0,4.0,0.3,1.0,1.0,0.0,0.0,0.0,0.0,0.0,0.0,0.0,0.0,0.0,2.0,0.0,0.0,0.0,0.0,0.0,0.0,710561,2024-09-21 15:00:00,2024
LASK Linz,22.0,4.0,0.0,0.0,3.0,2.0,54.1,13.0,7.0,0.5,1.0,1.0,0.0,0.0,0.0,0.0,0.0,0.0,0.0,0.0,0.0,1.0,0.0,0.0,0.0,0.0,0.0,0.0,Grazer AK,8.0,1.0,0.0,0.0,3.0,3.0,45.9,12.0,4.0,0.3,0.0,0.0,0.0,0.0,0.0,0.0,0.0,0.0,0.0,0.0,0.0,4.0,0.0,0.0,0.0,0.0,0.0,0.0,710560,2024-09-21 15:00:00,2024
SC Rheindorf Altach,19.0,5.0,0.0,0.0,4.0,3.0,54.3,10.0,2.0,0.2,0.0,0.0,0.0,0.0,0.0,0.0,0.0,0.0,0.0,0.0,0.0,3.0,0.0,0.0,0.0,0.0,0.0,0.0,FC Blau-Weiß Linz,12.0,2.0,0.0,0.0,4.0,3.0,45.7,13.0,4.0,0.3,0.0,0.0,0.0,0.0,0.0,0.0,0.0,0.0,0.0,0.0,0.0,3.0,0.0,0.0,0.0,0.0,0.0,0.0,710559,2024-09-21 15:00:00,2024
SK Sturm Graz,15.0,3.0,0.0,0.0,7.0,0.0,60.5,11.0,4.0,0.4,0.0,0.0,0.0,0.0,0.0,0.0,0.0,0.0,0.0,0.0,0.0,2.0,0.0,0.0,0.0,0.0,0.0,0.0,Wolfsberger,13.0,1.0,0.0,0.0,8.0,4.0,39.5,4.0,3.0,0.8,0.0,0.0,0.0,0.0,0.0,0.0,0.0,0.0,0.0,0.0,0.0,0.0,0.0,0.0,0.0,0.0,0.0,0.0,710562,2024-09-22 12:30:00,2024
WSG Swarovski Tirol,14.0,1.0,0.0,0.0,3.0,3.0,26.7,12.0,2.0,0.2,0.0,0.0,0.0,0.0,0.0,0.0,0.0,0.0,0.0,0.0,0.0,6.0,0.0,0.0,0.0,0.0,0.0,0.0,RB Salzburg,15.0,1.0,0.0,0.0,2.0,2.0,73.3,8.0,3.0,0.4,0.0,0.0,0.0,0.0,0.0,0.0,0.0,0.0,0.0,0.0,0.0,0.0,0.0,0.0,0.0,0.0,0.0,0.0,710564,2024-09-22 12:30:00,2024
Rapid Vienna,12.0,2.0,0.0,0.0,4.0,2.0,56.3,22.0,10.0,0.5,0.0,0.0,0.0,0.0,0.0,0.0,0.0,0.0,0.0,0.0,0.0,8.0,0.0,0.0,0.0,0.0,0.0,0.0,Austria Vienna,12.0,4.0,0.0,0.0,5.0,9.0,43.7,11.0,3.0,0.3,0.0,0.0,0.0,0.0,0.0,0.0,0.0,0.0,0.0,0.0,0.0,2.0,0.0,0.0,0.0,0.0,0.0,0.0,710563,2024-09-22 15:00:00,2024
Austria Vienna,8.0,4.0,0.0,0.0,5.0,2.0,64.8,15.0,5.0,0.3,0.0,0.0,0.0,0.0,0.0,0.0,0.0,0.0,0.0,0.0,0.0,2.0,0.0,0.0,0.0,0.0,0.0,0.0,SK Sturm Graz,16.0,2.0,2.0,0.0,6.0,3.0,35.2,13.0,4.0,0.3,0.0,0.0,0.0,0.0,0.0,0.0,0.0,0.0,0.0,0.0,0.0,2.0,0.0,0.0,0.0,0.0,0.0,0.0,710555,2024-09-25 16:30:00,2024
TSV Hartberg,17.0,2.0,0.0,0.0,5.0,3.0,52.7,9.0,1.0,0.1,0.0,0.0,0.0,0.0,0.0,0.0,0.0,0.0,0.0,0.0,0.0,1.0,0.0,0.0,0.0,0.0,0.0,0.0,WSG Swarovski Tirol,9.0,2.0,0.0,0.0,4.0,1.0,47.3,9.0,3.0,0.3,0.0,0.0,0.0,0.0,0.0,0.0,0.0,0.0,0.0,0.0,0.0,4.0,0.0,0.0,0.0,0.0,0.0,0.0,710553,2024-09-26 16:30:00,2024
FC Blau-Weiß Linz,13.0,2.0,0.0,0.0,4.0,2.0,46.2,13.0,5.0,0.4,0.0,0.0,0.0,0.0,0.0,0.0,0.0,0.0,0.0,0.0,0.0,5.0,0.0,0.0,0.0,0.0,0.0,0.0,SK Sturm Graz,15.0,3.0,0.0,0.0,9.0,4.0,53.8,17.0,4.0,0.2,1.0,1.0,0.0,0.0,0.0,0.0,0.0,0.0,0.0,0.0,0.0,7.0,0.0,0.0,0.0,0.0,0.0,0.0,710565,2024-09-28 15:00:00,2024
RB Salzburg,7.0,0.0,0.0,0.0,7.0,2.0,67.8,18.0,8.0,0.4,1.0,1.0,0.0,0.0,0.0,0.0,0.0,0.0,0.0,0.0,0.0,4.0,0.0,0.0,0.0,0.0,0.0,0.0,Austria Vienna,12.0,3.0,0.0,0.0,1.0,6.0,32.2,5.0,2.0,0.4,0.0,0.0,0.0,0.0,0.0,0.0,0.0,0.0,0.0,0.0,0.0,1.0,0.0,0.0,0.0,0.0,0.0,0.0,710566,2024-09-28 15:00:00,2024
Rapid Vienna,5.0,1.0,0.0,0.0,7.0,2.0,57.8,9.0,1.0,0.1,0.0,0.0,0.0,0.0,0.0,0.0,0.0,0.0,0.0,0.0,0.0,1.0,0.0,0.0,0.0,0.0,0.0,0.0,LASK Linz,7.0,2.0,0.0,0.0,1.0,0.0,42.2,5.0,3.0,0.6,0.0,0.0,0.0,0.0,0.0,0.0,0.0,0.0,0.0,0.0,0.0,0.0,0.0,0.0,0.0,0.0,0.0,0.0,710569,2024-09-28 15:00:00,2024
Wolfsberger,8.0,1.0,0.0,0.0,2.0,3.0,63.8,12.0,6.0,0.5,0.0,0.0,0.0,0.0,0.0,0.0,0.0,0.0,0.0,0.0,0.0,1.0,0.0,0.0,0.0,0.0,0.0,0.0,WSG Swarovski Tirol,13.0,5.0,0.0,0.0,5.0,5.0,36.2,8.0,6.0,0.8,0.0,0.0,0.0,0.0,0.0,0.0,0.0,0.0,0.0,0.0,0.0,2.0,0.0,0.0,0.0,0.0,0.0,0.0,710568,2024-09-29 12:30:00,2024
TSV Hartberg,11.0,2.0,0.0,0.0,3.0,2.0,66.7,9.0,2.0,0.2,0.0,0.0,0.0,0.0,0.0,0.0,0.0,0.0,0.0,0.0,0.0,4.0,0.0,0.0,0.0,0.0,0.0,0.0,SC Rheindorf Altach,18.0,4.0,1.0,0.0,8.0,0.0,33.3,10.0,2.0,0.2,0.0,0.0,0.0,0.0,0.0,0.0,0.0,0.0,0.0,0.0,0.0,2.0,0.0,0.0,0.0,0.0,0.0,0.0,710570,2024-09-29 12:30:00,2024
Grazer AK,10.0,3.0,0.0,0.0,11.0,3.0,53.9,20.0,4.0,0.2,0.0,0.0,0.0,0.0,0.0,0.0,0.0,0.0,0.0,0.0,0.0,8.0,0.0,0.0,0.0,0.0,0.0,0.0,SK Austria Klagenfurt,13.0,3.0,0.0,0.0,5.0,4.0,46.1,14.0,4.0,0.3,0.0,0.0,0.0,0.0,0.0,0.0,0.0,0.0,0.0,0.0,0.0,4.0,0.0,0.0,0.0,0.0,0.0,0.0,710567,2024-09-29 15:00:00,2024
WSG Swarovski Tirol,7.0,2.0,0.0,0.0,1.0,1.0,59.3,12.0,2.0,0.2,0.0,0.0,0.0,0.0,0.0,0.0,0.0,0.0,0.0,0.0,0.0,5.0,0.0,0.0,0.0,0.0,0.0,0.0,FC Blau-Weiß Linz,14.0,1.0,0.0,0.0,9.0,1.0,40.7,14.0,2.0,0.1,0.0,0.0,0.0,0.0,0.0,0.0,0.0,0.0,0.0,0.0,0.0,4.0,0.0,0.0,0.0,0.0,0.0,0.0,710576,2024-10-05 15:00:00,2024
Wolfsberger,10.0,2.0,0.0,0.0,3.0,6.0,50.5,14.0,2.0,0.1,0.0,0.0,0.0,0.0,0.0,0.0,0.0,0.0,0.0,0.0,0.0,3.0,0.0,0.0,0.0,0.0,0.0,0.0,TSV Hartberg,11.0,2.0,0.0,0.0,5.0,0.0,49.5,17.0,9.0,0.5,0.0,0.0,0.0,0.0,0.0,0.0,0.0,0.0,0.0,0.0,0.0,4.0,0.0,0.0,0.0,0.0,0.0,0.0,710574,2024-10-05 15:00:00,2024
Austria Vienna,7.0,3.0,0.0,0.0,4.0,2.0,62.9,12.0,2.0,0.2,1.0,1.0,0.0,0.0,0.0,0.0,0.0,0.0,0.0,0.0,0.0,3.0,0.0,0.0,0.0,0.0,0.0,0.0,Grazer AK,17.0,5.0,1.0,0.0,6.0,1.0,37.1,11.0,2.0,0.2,0.0,0.0,0.0,0.0,0.0,0.0,0.0,0.0,0.0,0.0,0.0,4.0,0.0,0.0,0.0,0.0,0.0,0.0,710572,2024-10-05 15:00:00,2024
SC Rheindorf Altach,14.0,2.0,0.0,0.0,6.0,6.0,45.6,14.0,3.0,0.2,0.0,0.0,0.0,0.0,0.0,0.0,0.0,0.0,0.0,0.0,0.0,3.0,0.0,0.0,0.0,0.0,0.0,0.0,Rapid Vienna,9.0,3.0,0.0,0.0,4.0,3.0,54.4,15.0,7.0,0.5,0.0,0.0,0.0,0.0,0.0,0.0,0.0,0.0,0.0,0.0,0.0,5.0,0.0,0.0,0.0,0.0,0.0,0.0,710571,2024-10-06 12:30:00,2024
LASK Linz,8.0,2.0,0.0,0.0,2.0,0.0,61.3,9.0,6.0,0.7,0.0,0.0,0.0,0.0,0.0,0.0,0.0,0.0,0.0,0.0,0.0,1.0,0.0,0.0,0.0,0.0,0.0,0.0,SK Austria Klagenfurt,10.0,0.0,0.0,0.0,3.0,3.0,38.7,5.0,0.0,0.0,0.0,0.0,0.0,0.0,0.0,0.0,0.0,0.0,0.0,0.0,0.0,2.0,0.0,0.0,0.0,0.0,0.0,0.0,710573,2024-10-06 12:30:00,2024
SK Sturm Graz,8.0,1.0,0.0,0.0,4.0,1.0,46.2,18.0,7.0,0.4,0.0,0.0,0.0,0.0,0.0,0.0,0.0,0.0,0.0,0.0,0.0,2.0,0.0,0.0,0.0,0.0,0.0,0.0,RB Salzburg,9.0,2.0,0.0,0.0,3.0,2.0,53.8,3.0,1.0,0.3,0.0,0.0,0.0,0.0,0.0,0.0,0.0,0.0,0.0,0.0,0.0,0.0,0.0,0.0,0.0,0.0,0.0,0.0,710575,2024-10-06 15:00:00,2024
SK Sturm Graz,9.0,3.0,0.0,0.0,3.0,4.0,62.8,30.0,10.0,0.3,0.0,0.0,0.0,0.0,0.0,0.0,0.0,0.0,0.0,0.0,0.0,11.0,0.0,0.0,0.0,0.0,0.0,0.0,Grazer AK,12.0,6.0,0.0,0.0,3.0,5.0,37.2,13.0,6.0,0.5,0.0,0.0,0.0,0.0,0.0,0.0,0.0,0.0,0.0,0.0,0.0,3.0,0.0,0.0,0.0,0.0,0.0,0.0,710580,2024-10-19 15:00:00,2024
FC Blau-Weiß Linz,9.0,2.0,0.0,0.0,6.0,8.0,62.2,15.0,3.0,0.2,0.0,0.0,0.0,0.0,0.0,0.0,0.0,0.0,0.0,0.0,0.0,4.0,0.0,0.0,0.0,0.0,0.0,0.0,Wolfsberger,9.0,4.0,0.0,0.0,6.0,3.0,37.8,15.0,9.0,0.6,0.0,0.0,0.0,0.0,0.0,0.0,0.0,0.0,0.0,0.0,0.0,2.0,0.0,0.0,0.0,0.0,0.0,0.0,710577,2024-10-19 15:00:00,2024
RB Salzburg,12.0,2.0,0.0,0.0,8.0,1.0,68.0,18.0,10.0,0.6,0.0,0.0,0.0,0.0,0.0,0.0,0.0,0.0,0.0,0.0,0.0,4.0,0.0,0.0,0.0,0.0,0.0,0.0,SC Rheindorf Altach,8.0,2.0,0.0,0.0,3.0,8.0,32.0,3.0,2.0,0.7,0.0,0.0,0.0,0.0,0.0,0.0,0.0,0.0,0.0,0.0,0.0,0.0,0.0,0.0,0.0,0.0,0.0,0.0,710578,2024-10-19 15:00:00,2024
SK Austria Klagenfurt,11.0,3.0,0.0,0.0,5.0,5.0,53.3,13.0,2.0,0.2,0.0,0.0,0.0,0.0,0.0,0.0,0.0,0.0,0.0,0.0,0.0,3.0,0.0,0.0,0.0,0.0,0.0,0.0,Austria Vienna,18.0,4.0,0.0,0.0,7.0,2.0,46.7,17.0,7.0,0.4,0.0,0.0,0.0,0.0,0.0,0.0,0.0,0.0,0.0,0.0,0.0,6.0,0.0,0.0,0.0,0.0,0.0,0.0,710579,2024-10-20 12:30:00,2024
WSG Swarovski Tirol,13.0,3.0,0.0,0.0,5.0,4.0,49.4,6.0,2.0,0.3,0.0,0.0,0.0,0.0,0.0,0.0,0.0,0.0,0.0,0.0,0.0,1.0,0.0,0.0,0.0,0.0,0.0,0.0,LASK Linz,10.0,0.0,0.0,0.0,7.0,1.0,50.6,16.0,6.0,0.4,0.0,0.0,0.0,0.0,0.0,0.0,0.0,0.0,0.0,0.0,0.0,3.0,0.0,0.0,0.0,0.0,0.0,0.0,710582,2024-10-20 12:30:00,2024
Rapid Vienna,11.0,3.0,0.0,0.0,7.0,3.0,60.3,20.0,5.0,0.3,0.0,0.0,0.0,0.0,0.0,0.0,0.0,0.0,0.0,0.0,0.0,6.0,0.0,0.0,0.0,0.0,0.0,0.0,TSV Hartberg,11.0,5.0,0.0,0.0,1.0,3.0,39.7,14.0,4.0,0.3,0.0,0.0,0.0,0.0,0.0,0.0,0.0,0.0,0.0,0.0,0.0,4.0,0.0,0.0,0.0,0.0,0.0,0.0,710581,2024-10-20 15:00:00,2024
SC Rheindorf Altach,13.0,3.0,0.0,0.0,6.0,0.0,52.9,16.0,7.0,0.4,1.0,1.0,0.0,0.0,0.0,0.0,0.0,0.0,0.0,0.0,0.0,4.0,0.0,0.0,0.0,0.0,0.0,0.0,SK Austria Klagenfurt,14.0,4.0,0.0,0.0,3.0,5.0,47.1,9.0,2.0,0.2,0.0,0.0,0.0,0.0,0.0,0.0,0.0,0.0,0.0,0.0,0.0,2.0,0.0,0.0,0.0,0.0,0.0,0.0,710583,2024-10-26 15:00:00,2024
Austria Vienna,11.0,1.0,0.0,0.0,4.0,3.0,41.5,19.0,8.0,0.4,0.0,0.0,0.0,0.0,0.0,0.0,0.0,0.0,0.0,0.0,0.0,5.0,0.0,0.0,0.0,0.0,0.0,0.0,WSG Swarovski Tirol,13.0,2.0,0.0,0.0,5.0,5.0,58.5,8.0,3.0,0.4,0.0,0.0,0.0,0.0,0.0,0.0,0.0,0.0,0.0,0.0,0.0,2.0,0.0,0.0,0.0,0.0,0.0,0.0,710584,2024-10-26 15:00:00,2024
TSV Hartberg,5.0,0.0,0.0,0.0,8.0,8.0,47.0,13.0,4.0,0.3,0.0,0.0,0.0,0.0,0.0,0.0,0.0,0.0,0.0,0.0,0.0,6.0,0.0,0.0,0.0,0.0,0.0,0.0,FC Blau-Weiß Linz,7.0,2.0,0.0,0.0,9.0,3.0,53.0,17.0,9.0,0.5,0.0,0.0,0.0,0.0,0.0,0.0,0.0,0.0,0.0,0.0,0.0,3.0,0.0,0.0,0.0,0.0,0.0,0.0,710588,2024-10-26 15:00:00,2024
Grazer AK,20.0,5.0,0.0,0.0,7.0,3.0,26.4,10.0,2.0,0.2,0.0,0.0,0.0,0.0,0.0,0.0,0.0,0.0,0.0,0.0,0.0,3.0,0.0,0.0,0.0,0.0,0.0,0.0,Rapid Vienna,10.0,1.0,0.0,0.0,6.0,1.0,73.6,11.0,4.0,0.4,1.0,1.0,0.0,0.0,0.0,0.0,0.0,0.0,0.0,0.0,0.0,5.0,0.0,0.0,0.0,0.0,0.0,0.0,710585,2024-10-27 13:30:00,2024
Wolfsberger,9.0,0.0,1.0,0.0,4.0,4.0,27.1,11.0,1.0,0.1,0.0,0.0,0.0,0.0,0.0,0.0,0.0,0.0,0.0,0.0,0.0,3.0,0.0,0.0,0.0,0.0,0.0,0.0,RB Salzburg,10.0,3.0,0.0,0.0,9.0,1.0,72.9,17.0,4.0,0.2,0.0,0.0,0.0,0.0,0.0,0.0,0.0,0.0,0.0,0.0,0.0,7.0,0.0,0.0,0.0,0.0,0.0,0.0,710587,2024-10-27 13:30:00,2024
LASK Linz,11.0,3.0,0.0,0.0,8.0,2.0,46.5,12.0,4.0,0.3,0.0,0.0,0.0,0.0,0.0,0.0,0.0,0.0,0.0,0.0,0.0,4.0,0.0,0.0,0.0,0.0,0.0,0.0,SK Sturm Graz,16.0,3.0,0.0,0.0,4.0,2.0,53.5,8.0,4.0,0.5,0.0,0.0,0.0,0.0,0.0,0.0,0.0,0.0,0.0,0.0,0.0,2.0,0.0,0.0,0.0,0.0,0.0,0.0,710586,2024-10-27 16:00:00,2024
LASK Linz,16.0,2.0,0.0,0.0,6.0,2.0,57.7,13.0,4.0,0.3,0.0,0.0,0.0,0.0,0.0,0.0,0.0,0.0,0.0,0.0,0.0,3.0,0.0,0.0,0.0,0.0,0.0,0.0,TSV Hartberg,17.0,3.0,0.0,0.0,1.0,2.0,42.3,5.0,3.0,0.6,0.0,0.0,0.0,0.0,0.0,0.0,0.0,0.0,0.0,0.0,0.0,0.0,0.0,0.0,0.0,0.0,0.0,0.0,710591,2024-11-02 16:00:00,2024
SK Sturm Graz,15.0,3.0,0.0,0.0,7.0,0.0,58.5,16.0,2.0,0.1,0.0,0.0,0.0,0.0,0.0,0.0,0.0,0.0,0.0,0.0,0.0,8.0,0.0,0.0,0.0,0.0,0.0,0.0,Rapid Vienna,11.0,1.0,1.0,0.0,1.0,1.0,41.5,7.0,1.0,0.1,1.0,1.0,0.0,0.0,0.0,0.0,0.0,0.0,0.0,0.0,0.0,5.0,0.0,0.0,0.0,0.0,0.0,0.0,710593,2024-11-02 16:00:00,2024
RB Salzburg,9.0,3.0,1.0,0.0,5.0,3.0,68.6,16.0,3.0,0.2,0.0,0.0,0.0,0.0,0.0,0.0,0.0,0.0,0.0,0.0,0.0,3.0,0.0,0.0,0.0,0.0,0.0,0.0,Grazer AK,21.0,3.0,0.0,0.0,5.0,3.0,31.4,13.0,5.0,0.4,0.0,0.0,0.0,0.0,0.0,0.0,0.0,0.0,0.0,0.0,0.0,1.0,0.0,0.0,0.0,0.0,0.0,0.0,710589,2024-11-02 16:00:00,2024
WSG Swarovski Tirol,9.0,0.0,0.0,0.0,5.0,0.0,46.2,12.0,4.0,0.3,0.0,0.0,0.0,0.0,0.0,0.0,0.0,0.0,0.0,0.0,0.0,3.0,0.0,0.0,0.0,0.0,0.0,0.0,SC Rheindorf Altach,12.0,3.0,0.0,0.0,2.0,3.0,53.8,11.0,2.0,0.2,0.0,0.0,0.0,0.0,0.0,0.0,0.0,0.0,0.0,0.0,0.0,3.0,0.0,0.0,0.0,0.0,0.0,0.0,710594,2024-11-03 13:30:00,2024
SK Austria Klagenfurt,13.0,2.0,0.0,0.0,4.0,3.0,39.6,7.0,3.0,0.4,2.0,2.0,0.0,0.0,0.0,0.0,0.0,0.0,0.0,0.0,0.0,1.0,0.0,0.0,0.0,0.0,0.0,0.0,Wolfsberger,12.0,5.0,0.0,0.0,7.0,1.0,60.4,14.0,4.0,0.3,0.0,0.0,0.0,0.0,0.0,0.0,0.0,0.0,0.0,0.0,0.0,4.0,0.0,0.0,0.0,0.0,0.0,0.0,710592,2024-11-03 13:30:00,2024
Austria Vienna,6.0,3.0,0.0,0.0,7.0,4.0,57.7,16.0,8.0,0.5,0.0,0.0,0.0,0.0,0.0,0.0,0.0,0.0,0.0,0.0,0.0,3.0,0.0,0.0,0.0,0.0,0.0,0.0,FC Blau-Weiß Linz,14.0,1.0,0.0,0.0,3.0,5.0,42.3,9.0,5.0,0.6,0.0,0.0,0.0,0.0,0.0,0.0,0.0,0.0,0.0,0.0,0.0,1.0,0.0,0.0,0.0,0.0,0.0,0.0,710590,2024-11-03 16:00:00,2024
Grazer AK,19.0,2.0,0.0,0.0,2.0,2.0,31.8,15.0,4.0,0.3,0.0,0.0,0.0,0.0,0.0,0.0,0.0,0.0,0.0,0.0,0.0,1.0,0.0,0.0,0.0,0.0,0.0,0.0,WSG Swarovski Tirol,12.0,3.0,1.0,0.0,2.0,2.0,68.2,11.0,3.0,0.3,0.0,0.0,0.0,0.0,0.0,0.0,0.0,0.0,0.0,0.0,0.0,4.0,0.0,0.0,0.0,0.0,0.0,0.0,710597,2024-11-09 16:00:00,2024
TSV Hartberg,11.0,4.0,0.0,0.0,2.0,4.0,43.1,14.0,4.0,0.3,0.0,0.0,0.0,0.0,0.0,0.0,0.0,0.0,0.0,0.0,0.0,4.0,0.0,0.0,0.0,0.0,0.0,0.0,SK Sturm Graz,15.0,4.0,0.0,0.0,9.0,3.0,56.9,10.0,7.0,0.7,0.0,0.0,0.0,0.0,0.0,0.0,0.0,0.0,0.0,0.0,0.0,0.0,0.0,0.0,0.0,0.0,0.0,0.0,710600,2024-11-09 16:00:00,2024
Wolfsberger,12.0,0.0,0.0,0.0,9.0,2.0,59.4,15.0,6.0,0.4,0.0,0.0,0.0,0.0,0.0,0.0,0.0,0.0,0.0,0.0,0.0,3.0,0.0,0.0,0.0,0.0,0.0,0.0,Austria Vienna,19.0,3.0,0.0,0.0,1.0,6.0,40.6,3.0,3.0,1.0,0.0,0.0,0.0,0.0,0.0,0.0,0.0,0.0,0.0,0.0,0.0,0.0,0.0,0.0,0.0,0.0,0.0,0.0,710598,2024-11-09 16:00:00,2024
FC Blau-Weiß Linz,10.0,2.0,0.0,0.0,5.0,0.0,23.7,14.0,4.0,0.3,0.0,0.0,0.0,0.0,0.0,0.0,0.0,0.0,0.0,0.0,0.0,4.0,0.0,0.0,0.0,0.0,0.0,0.0,RB Salzburg,7.0,1.0,0.0,0.0,3.0,2.0,76.3,5.0,0.0,0.0,0.0,0.0,0.0,0.0,0.0,0.0,0.0,0.0,0.0,0.0,0.0,3.0,0.0,0.0,0.0,0.0,0.0,0.0,710596,2024-11-10 13:30:00,2024
SC Rheindorf Altach,13.0,1.0,0.0,0.0,5.0,4.0,43.6,7.0,2.0,0.3,0.0,0.0,0.0,0.0,0.0,0.0,0.0,0.0,0.0,0.0,0.0,2.0,0.0,0.0,0.0,0.0,0.0,0.0,LASK Linz,13.0,4.0,0.0,0.0,5.0,1.0,56.4,17.0,6.0,0.4,0.0,0.0,0.0,0.0,0.0,0.0,0.0,0.0,0.0,0.0,0.0,4.0,0.0,0.0,0.0,0.0,0.0,0.0,710595,2024-11-10 13:30:00,2024
Rapid Vienna,13.0,3.0,0.0,0.0,4.0,4.0,59.0,15.0,6.0,0.4,0.0,0.0,0.0,0.0,0.0,0.0,0.0,0.0,0.0,0.0,0.0,3.0,0.0,0.0,0.0,0.0,0.0,0.0,SK Austria Klagenfurt,17.0,3.0,0.0,0.0,2.0,3.0,41.0,9.0,4.0,0.4,0.0,0.0,0.0,0.0,0.0,0.0,0.0,0.0,0.0,0.0,0.0,0.0,0.0,0.0,0.0,0.0,0.0,0.0,710599,2024-11-10 16:00:00,2024
RB Salzburg,8.0,1.0,0.0,0.0,9.0,0.0,66.6,22.0,3.0,0.1,0.0,0.0,0.0,0.0,0.0,0.0,0.0,0.0,0.0,0.0,0.0,6.0,0.0,0.0,0.0,0.0,0.0,0.0,LASK Linz,13.0,0.0,0.0,0.0,2.0,2.0,33.4,9.0,1.0,0.1,0.0,0.0,0.0,0.0,0.0,0.0,0.0,0.0,0.0,0.0,0.0,3.0,0.0,0.0,0.0,0.0,0.0,0.0,710602,2024-11-23 16:00:00,2024
SK Sturm Graz,10.0,3.0,0.0,0.0,3.0,2.0,50.2,18.0,12.0,0.7,0.0,0.0,0.0,0.0,0.0,0.0,0.0,0.0,0.0,0.0,0.0,2.0,0.0,0.0,0.0,0.0,0.0,0.0,SK Austria Klagenfurt,12.0,2.0,0.0,0.0,1.0,5.0,49.8,9.0,3.0,0.3,0.0,0.0,0.0,0.0,0.0,0.0,0.0,0.0,0.0,0.0,0.0,4.0,0.0,0.0,0.0,0.0,0.0,0.0,710605,2024-11-23 16:00:00,2024
WSG Swarovski Tirol,11.0,1.0,0.0,0.0,2.0,2.0,26.9,3.0,1.0,0.3,0.0,0.0,0.0,0.0,0.0,0.0,0.0,0.0,0.0,0.0,0.0,1.0,0.0,0.0,0.0,0.0,0.0,0.0,Rapid Vienna,11.0,1.0,0.0,0.0,7.0,1.0,73.1,11.0,4.0,0.4,0.0,0.0,0.0,0.0,0.0,0.0,0.0,0.0,0.0,0.0,0.0,3.0,0.0,0.0,0.0,0.0,0.0,0.0,710606,2024-11-23 16:00:00,2024
FC Blau-Weiß Linz,10.0,3.0,0.0,0.0,8.0,5.0,63.9,14.0,2.0,0.1,0.0,0.0,0.0,0.0,0.0,0.0,0.0,0.0,0.0,0.0,0.0,5.0,0.0,0.0,0.0,0.0,0.0,0.0,Grazer AK,16.0,2.0,1.0,0.0,2.0,1.0,36.1,11.0,7.0,0.6,0.0,0.0,0.0,0.0,0.0,0.0,0.0,0.0,0.0,0.0,0.0,0.0,0.0,0.0,0.0,0.0,0.0,0.0,710601,2024-11-24 13:30:00,2024
Wolfsberger,10.0,3.0,0.0,0.0,2.0,3.0,52.7,12.0,5.0,0.4,0.0,0.0,0.0,0.0,0.0,0.0,0.0,0.0,0.0,0.0,0.0,2.0,0.0,0.0,0.0,0.0,0.0,0.0,SC Rheindorf Altach,20.0,5.0,0.0,0.0,4.0,3.0,47.3,4.0,3.0,0.8,0.0,0.0,0.0,0.0,0.0,0.0,0.0,0.0,0.0,0.0,0.0,1.0,0.0,0.0,0.0,0.0,0.0,0.0,710604,2024-11-24 13:30:00,2024
Austria Vienna,14.0,2.0,0.0,0.0,6.0,2.0,56.6,10.0,5.0,0.5,0.0,0.0,0.0,0.0,0.0,0.0,0.0,0.0,0.0,0.0,0.0,2.0,0.0,0.0,0.0,0.0,0.0,0.0,TSV Hartberg,13.0,4.0,0.0,0.0,2.0,4.0,43.4,6.0,3.0,0.5,0.0,0.0,0.0,0.0,0.0,0.0,0.0,0.0,0.0,0.0,0.0,0.0,0.0,0.0,0.0,0.0,0.0,0.0,710603,2024-11-24 16:00:00,2024
SC Rheindorf Altach,14.0,2.0,0.0,0.0,2.0,4.0,39.0,6.0,2.0,0.3,0.0,0.0,0.0,0.0,0.0,0.0,0.0,0.0,0.0,0.0,0.0,1.0,0.0,0.0,0.0,0.0,0.0,0.0,SK Sturm Graz,15.0,1.0,0.0,0.0,7.0,1.0,61.0,17.0,6.0,0.4,0.0,0.0,0.0,0.0,0.0,0.0,0.0,0.0,0.0,0.0,0.0,4.0,0.0,0.0,0.0,0.0,0.0,0.0,710607,2024-11-30 16:00:00,2024
Grazer AK,16.0,4.0,2.0,0.0,2.0,4.0,23.9,10.0,6.0,0.6,0.0,0.0,0.0,0.0,0.0,0.0,0.0,0.0,0.0,0.0,0.0,1.0,0.0,0.0,0.0,0.0,0.0,0.0,Wolfsberger,6.0,2.0,0.0,0.0,11.0,2.0,76.1,25.0,7.0,0.3,1.0,1.0,0.0,0.0,0.0,0.0,0.0,0.0,0.0,0.0,0.0,9.0,0.0,0.0,0.0,0.0,0.0,0.0,710608,2024-11-30 16:00:00,2024
TSV Hartberg,11.0,1.0,0.0,0.0,1.0,5.0,42.5,2.0,1.0,0.5,0.0,0.0,0.0,0.0,0.0,0.0,0.0,0.0,0.0,0.0,0.0,0.0,0.0,0.0,0.0,0.0,0.0,0.0,RB Salzburg,11.0,2.0,0.0,0.0,9.0,0.0,57.5,24.0,6.0,0.3,0.0,0.0,0.0,0.0,0.0,0.0,0.0,0.0,0.0,0.0,0.0,8.0,0.0,0.0,0.0,0.0,0.0,0.0,710612,2024-11-30 16:00:00,2024
SK Austria Klagenfurt,8.0,3.0,0.0,0.0,6.0,4.0,69.6,13.0,7.0,0.5,0.0,0.0,0.0,0.0,0.0,0.0,0.0,0.0,0.0,0.0,0.0,1.0,0.0,0.0,0.0,0.0,0.0,0.0,WSG Swarovski Tirol,11.0,3.0,0.0,0.0,3.0,7.0,30.4,13.0,7.0,0.5,1.0,1.0,0.0,0.0,0.0,0.0,0.0,0.0,0.0,0.0,0.0,2.0,0.0,0.0,0.0,0.0,0.0,0.0,710610,2024-12-01 13:30:00,2024
Rapid Vienna,14.0,3.0,0.0,0.0,11.0,1.0,68.6,14.0,5.0,0.4,0.0,0.0,0.0,0.0,0.0,0.0,0.0,0.0,0.0,0.0,0.0,1.0,0.0,0.0,0.0,0.0,0.0,0.0,FC Blau-Weiß Linz,15.0,5.0,0.0,0.0,5.0,5.0,31.4,10.0,2.0,0.2,0.0,0.0,0.0,0.0,0.0,0.0,0.0,0.0,0.0,0.0,0.0,3.0,0.0,0.0,0.0,0.0,0.0,0.0,710611,2024-12-01 13:30:00,2024
LASK Linz,15.0,2.0,1.0,0.0,4.0,2.0,62.2,6.0,2.0,0.3,0.0,0.0,0.0,0.0,0.0,0.0,0.0,0.0,0.0,0.0,0.0,1.0,0.0,0.0,0.0,0.0,0.0,0.0,Austria Vienna,12.0,2.0,0.0,0.0,2.0,1.0,37.8,10.0,6.0,0.6,0.0,0.0,0.0,0.0,0.0,0.0,0.0,0.0,0.0,0.0,0.0,2.0,0.0,0.0,0.0,0.0,0.0,0.0,710609,2024-12-01 16:00:00,2024
RB Salzburg,15.0,2.0,0.0,0.0,4.0,1.0,51.3,20.0,10.0,0.5,0.0,1.0,0.0,0.0,0.0,0.0,0.0,0.0,0.0,0.0,0.0,3.0,0.0,0.0,0.0,0.0,0.0,0.0,TSV Hartberg,17.0,5.0,0.0,0.0,6.0,6.0,48.7,11.0,1.0,0.1,0.0,0.0,0.0,0.0,0.0,0.0,0.0,0.0,0.0,0.0,0.0,4.0,0.0,0.0,0.0,0.0,0.0,0.0,710541,2024-12-04 19:30:00,2024
WSG Swarovski Tirol,13.0,2.0,1.0,0.0,4.0,2.0,58.6,7.0,1.0,0.1,0.0,0.0,0.0,0.0,0.0,0.0,0.0,0.0,0.0,0.0,0.0,1.0,0.0,0.0,0.0,0.0,0.0,0.0,SK Sturm Graz,11.0,2.0,1.0,0.0,2.0,1.0,41.4,10.0,5.0,0.5,0.0,0.0,0.0,0.0,0.0,0.0,0.0,0.0,0.0,0.0,0.0,1.0,0.0,0.0,0.0,0.0,0.0,0.0,710618,2024-12-07 16:00:00,2024
Wolfsberger,4.0,0.0,0.0,0.0,4.0,1.0,35.9,10.0,2.0,0.2,0.0,0.0,0.0,0.0,0.0,0.0,0.0,0.0,0.0,0.0,0.0,1.0,0.0,0.0,0.0,0.0,0.0,0.0,LASK Linz,9.0,0.0,0.0,0.0,4.0,1.0,64.1,4.0,2.0,0.5,0.0,0.0,0.0,0.0,0.0,0.0,0.0,0.0,0.0,0.0,0.0,1.0,0.0,0.0,0.0,0.0,0.0,0.0,710617,2024-12-07 16:00:00,2024
RB Salzburg,9.0,1.0,0.0,0.0,5.0,9.0,47.6,20.0,7.0,0.4,0.0,1.0,0.0,0.0,0.0,0.0,0.0,0.0,0.0,0.0,0.0,4.0,0.0,0.0,0.0,0.0,0.0,0.0,Rapid Vienna,4.0,0.0,0.0,0.0,11.0,5.0,52.4,17.0,12.0,0.7,0.0,0.0,0.0,0.0,0.0,0.0,0.0,0.0,0.0,0.0,0.0,3.0,0.0,0.0,0.0,0.0,0.0,0.0,710614,2024-12-07 16:00:00,2024
Grazer AK,12.0,4.0,1.0,0.0,1.0,4.0,31.9,6.0,1.0,0.2,0.0,0.0,0.0,0.0,0.0,0.0,0.0,0.0,0.0,0.0,0.0,2.0,0.0,0.0,0.0,0.0,0.0,0.0,TSV Hartberg,11.0,2.0,1.0,0.0,7.0,1.0,68.1,18.0,7.0,0.4,1.0,1.0,0.0,0.0,0.0,0.0,0.0,0.0,0.0,0.0,0.0,4.0,0.0,0.0,0.0,0.0,0.0,0.0,710616,2024-12-08 13:30:00,2024
FC Blau-Weiß Linz,13.0,2.0,0.0,0.0,4.0,1.0,47.6,11.0,4.0,0.4,1.0,1.0,0.0,0.0,0.0,0.0,0.0,0.0,0.0,0.0,0.0,1.0,0.0,0.0,0.0,0.0,0.0,0.0,SK Austria Klagenfurt,10.0,3.0,0.0,0.0,2.0,2.0,52.4,5.0,2.0,0.4,1.0,1.0,0.0,0.0,0.0,0.0,0.0,0.0,0.0,0.0,0.0,2.0,0.0,0.0,0.0,0.0,0.0,0.0,710613,2024-12-08 13:30:00,2024
Austria Vienna,8.0,2.0,0.0,0.0,2.0,2.0,55.2,13.0,3.0,0.2,1.0,1.0,0.0,0.0,0.0,0.0,0.0,0.0,0.0,0.0,0.0,4.0,0.0,0.0,0.0,0.0,0.0,0.0,SC Rheindorf Altach,22.0,5.0,0.0,0.0,1.0,0.0,44.8,5.0,2.0,0.4,0.0,0.0,0.0,0.0,0.0,0.0,0.0,0.0,0.0,0.0,0.0,0.0,0.0,0.0,0.0,0.0,0.0,0.0,710615,2024-12-08 16:00:00,2024
RB Salzburg,4.0,0.0,0.0,0.0,10.0,1.0,74.8,18.0,5.0,0.3,0.0,0.0,0.0,0.0,0.0,0.0,0.0,0.0,0.0,0.0,0.0,4.0,0.0,0.0,0.0,0.0,0.0,0.0,SK Austria Klagenfurt,5.0,2.0,0.0,0.0,2.0,2.0,25.2,3.0,1.0,0.3,0.0,0.0,0.0,0.0,0.0,0.0,0.0,0.0,0.0,0.0,0.0,1.0,0.0,0.0,0.0,0.0,0.0,0.0,710556,2024-12-14 16:00:00,2024
SK Sturm Graz,9.0,1.0,0.0,0.0,3.0,1.0,52.5,14.0,6.0,0.4,0.0,0.0,0.0,0.0,0.0,0.0,0.0,0.0,0.0,0.0,0.0,1.0,0.0,0.0,0.0,0.0,0.0,0.0,Austria Vienna,15.0,2.0,0.0,0.0,4.0,4.0,47.5,8.0,3.0,0.4,1.0,1.0,0.0,0.0,0.0,0.0,0.0,0.0,0.0,0.0,0.0,1.0,0.0,0.0,0.0,0.0,0.0,0.0,710622,2025-02-07 19:30:00,2025
SC Rheindorf Altach,11.0,2.0,1.0,0.0,4.0,0.0,67.9,11.0,5.0,0.5,0.0,0.0,0.0,0.0,0.0,0.0,0.0,0.0,0.0,0.0,0.0,2.0,0.0,0.0,0.0,0.0,0.0,0.0,Grazer AK,13.0,2.0,0.0,0.0,3.0,4.0,32.1,10.0,2.0,0.2,0.0,0.0,0.0,0.0,0.0,0.0,0.0,0.0,0.0,0.0,0.0,2.0,0.0,0.0,0.0,0.0,0.0,0.0,710619,2025-02-08 16:00:00,2025
Rapid Vienna,10.0,1.0,0.0,0.0,3.0,1.0,66.1,11.0,2.0,0.2,0.0,0.0,0.0,0.0,0.0,0.0,0.0,0.0,0.0,0.0,0.0,2.0,0.0,0.0,0.0,0.0,0.0,0.0,Wolfsberger,16.0,3.0,0.0,0.0,7.0,1.0,33.9,9.0,4.0,0.4,0.0,0.0,0.0,0.0,0.0,0.0,0.0,0.0,0.0,0.0,0.0,5.0,0.0,0.0,0.0,0.0,0.0,0.0,710623,2025-02-08 16:00:00,2025
WSG Swarovski Tirol,9.0,1.0,0.0,0.0,4.0,1.0,40.1,19.0,5.0,0.3,0.0,0.0,0.0,0.0,0.0,0.0,0.0,0.0,0.0,0.0,0.0,5.0,0.0,0.0,0.0,0.0,0.0,0.0,TSV Hartberg,9.0,2.0,0.0,0.0,3.0,5.0,59.9,3.0,1.0,0.3,0.0,0.0,0.0,0.0,0.0,0.0,0.0,0.0,0.0,0.0,0.0,1.0,0.0,0.0,0.0,0.0,0.0,0.0,710624,2025-02-09 13:30:00,2025
SK Austria Klagenfurt,8.0,2.0,0.0,0.0,5.0,4.0,29.0,7.0,3.0,0.4,0.0,0.0,0.0,0.0,0.0,0.0,0.0,0.0,0.0,0.0,0.0,3.0,0.0,0.0,0.0,0.0,0.0,0.0,RB Salzburg,16.0,2.0,0.0,0.0,10.0,3.0,71.0,15.0,4.0,0.3,0.0,0.0,0.0,0.0,0.0,0.0,0.0,0.0,0.0,0.0,0.0,4.0,0.0,0.0,0.0,0.0,0.0,0.0,710621,2025-02-09 13:30:00,2025
LASK Linz,11.0,2.0,0.0,0.0,4.0,5.0,69.0,17.0,4.0,0.2,0.0,0.0,0.0,0.0,0.0,0.0,0.0,0.0,0.0,0.0,0.0,5.0,0.0,0.0,0.0,0.0,0.0,0.0,FC Blau-Weiß Linz,8.0,1.0,1.0,0.0,4.0,4.0,31.0,10.0,5.0,0.5,0.0,0.0,0.0,0.0,0.0,0.0,0.0,0.0,0.0,0.0,0.0,2.0,0.0,0.0,0.0,0.0,0.0,0.0,710620,2025-02-09 16:00:00,2025
RB Salzburg,7.0,2.0,0.0,0.0,9.0,3.0,69.2,27.0,6.0,0.2,0.0,0.0,0.0,0.0,0.0,0.0,0.0,0.0,0.0,0.0,0.0,12.0,0.0,0.0,0.0,0.0,0.0,0.0,WSG Swarovski Tirol,11.0,2.0,0.0,0.0,2.0,4.0,30.8,7.0,4.0,0.6,0.0,0.0,0.0,0.0,0.0,0.0,0.0,0.0,0.0,0.0,0.0,2.0,0.0,0.0,0.0,0.0,0.0,0.0,710626,2025-02-15 16:00:00,2025
Wolfsberger,12.0,3.0,0.0,0.0,3.0,0.0,39.4,15.0,6.0,0.4,0.0,0.0,0.0,0.0,0.0,0.0,0.0,0.0,0.0,0.0,0.0,2.0,0.0,0.0,0.0,0.0,0.0,0.0,SK Sturm Graz,11.0,2.0,0.0,0.0,6.0,3.0,60.6,9.0,0.0,0.0,0.0,0.0,0.0,0.0,0.0,0.0,0.0,0.0,0.0,0.0,0.0,2.0,0.0,0.0,0.0,0.0,0.0,0.0,710629,2025-02-15 16:00:00,2025
FC Blau-Weiß Linz,15.0,5.0,0.0,0.0,2.0,1.0,47.0,6.0,2.0,0.3,0.0,0.0,0.0,0.0,0.0,0.0,0.0,0.0,0.0,0.0,0.0,0.0,0.0,0.0,0.0,0.0,0.0,0.0,SC Rheindorf Altach,15.0,3.0,0.0,0.0,1.0,1.0,53.0,9.0,3.0,0.3,0.0,0.0,0.0,0.0,0.0,0.0,0.0,0.0,0.0,0.0,0.0,3.0,0.0,0.0,0.0,0.0,0.0,0.0,710625,2025-02-15 16:00:00,2025
Grazer AK,11.0,3.0,0.0,0.0,4.0,3.0,37.8,11.0,3.0,0.3,0.0,0.0,0.0,0.0,0.0,0.0,0.0,0.0,0.0,0.0,0.0,2.0,0.0,0.0,0.0,0.0,0.0,0.0,LASK Linz,11.0,4.0,0.0,0.0,4.0,3.0,62.2,8.0,3.0,0.4,0.0,0.0,0.0,0.0,0.0,0.0,0.0,0.0,0.0,0.0,0.0,1.0,0.0,0.0,0.0,0.0,0.0,0.0,710628,2025-02-16 13:30:00,2025
TSV Hartberg,8.0,1.0,0.0,0.0,2.0,5.0,69.5,19.0,6.0,0.3,0.0,0.0,0.0,0.0,0.0,0.0,0.0,0.0,0.0,0.0,0.0,7.0,0.0,0.0,0.0,0.0,0.0,0.0,SK Austria Klagenfurt,14.0,3.0,0.0,0.0,3.0,5.0,30.5,12.0,6.0,0.5,0.0,0.0,0.0,0.0,0.0,0.0,0.0,0.0,0.0,0.0,0.0,1.0,0.0,0.0,0.0,0.0,0.0,0.0,710630,2025-02-16 13:30:00,2025
Austria Vienna,6.0,2.0,0.0,0.0,2.0,3.0,49.9,9.0,3.0,0.3,1.0,1.0,0.0,0.0,0.0,0.0,0.0,0.0,0.0,0.0,0.0,2.0,0.0,0.0,0.0,0.0,0.0,0.0,Rapid Vienna,18.0,6.0,0.0,0.0,6.0,1.0,50.1,15.0,4.0,0.3,0.0,0.0,0.0,0.0,0.0,0.0,0.0,0.0,0.0,0.0,0.0,7.0,0.0,0.0,0.0,0.0,0.0,0.0,710627,2025-02-16 16:00:00,2025
Austria Vienna,7.0,1.0,0.0,0.0,6.0,6.0,62.7,9.0,3.0,0.3,0.0,0.0,0.0,0.0,0.0,0.0,0.0,0.0,0.0,0.0,0.0,3.0,0.0,0.0,0.0,0.0,0.0,0.0,RB Salzburg,13.0,3.0,0.0,0.0,5.0,2.0,37.3,18.0,7.0,0.4,0.0,0.0,0.0,0.0,0.0,0.0,0.0,0.0,0.0,0.0,0.0,4.0,0.0,0.0,0.0,0.0,0.0,0.0,710632,2025-02-22 16:00:00,2025
WSG Swarovski Tirol,11.0,3.0,0.0,0.0,3.0,4.0,55.6,9.0,6.0,0.7,0.0,0.0,0.0,0.0,0.0,0.0,0.0,0.0,0.0,0.0,0.0,3.0,0.0,0.0,0.0,0.0,0.0,0.0,Wolfsberger,11.0,0.0,0.0,0.0,4.0,2.0,44.4,12.0,7.0,0.6,1.0,1.0,0.0,0.0,0.0,0.0,0.0,0.0,0.0,0.0,0.0,2.0,0.0,0.0,0.0,0.0,0.0,0.0,710636,2025-02-22 16:00:00,2025
SK Austria Klagenfurt,9.0,2.0,0.0,0.0,5.0,1.0,60.9,16.0,10.0,0.6,1.0,2.0,0.0,0.0,0.0,0.0,0.0,0.0,0.0,0.0,0.0,2.0,0.0,0.0,0.0,0.0,0.0,0.0,Grazer AK,14.0,3.0,1.0,0.0,7.0,6.0,39.1,11.0,3.0,0.3,0.0,0.0,0.0,0.0,0.0,0.0,0.0,0.0,0.0,0.0,0.0,4.0,0.0,0.0,0.0,0.0,0.0,0.0,710634,2025-02-22 16:00:00,2025
SC Rheindorf Altach,14.0,3.0,0.0,0.0,6.0,1.0,64.7,16.0,4.0,0.3,0.0,0.0,0.0,0.0,0.0,0.0,0.0,0.0,0.0,0.0,0.0,4.0,0.0,0.0,0.0,0.0,0.0,0.0,TSV Hartberg,13.0,4.0,1.0,0.0,7.0,4.0,35.3,7.0,1.0,0.1,0.0,0.0,0.0,0.0,0.0,0.0,0.0,0.0,0.0,0.0,0.0,1.0,0.0,0.0,0.0,0.0,0.0,0.0,710631,2025-02-23 13:30:00,2025
SK Sturm Graz,11.0,1.0,0.0,0.0,2.0,2.0,55.2,19.0,3.0,0.2,1.0,1.0,0.0,0.0,0.0,0.0,0.0,0.0,0.0,0.0,0.0,8.0,0.0,0.0,0.0,0.0,0.0,0.0,FC Blau-Weiß Linz,10.0,1.0,0.0,0.0,2.0,1.0,44.8,10.0,3.0,0.3,0.0,0.0,0.0,0.0,0.0,0.0,0.0,0.0,0.0,0.0,0.0,3.0,0.0,0.0,0.0,0.0,0.0,0.0,710635,2025-02-23 13:30:00,2025
LASK Linz,12.0,3.0,0.0,0.0,4.0,7.0,35.6,16.0,7.0,0.4,0.0,0.0,0.0,0.0,0.0,0.0,0.0,0.0,0.0,0.0,0.0,3.0,0.0,0.0,0.0,0.0,0.0,0.0,Rapid Vienna,6.0,0.0,0.0,0.0,8.0,5.0,64.4,20.0,8.0,0.4,0.0,0.0,0.0,0.0,0.0,0.0,0.0,0.0,0.0,0.0,0.0,4.0,0.0,0.0,0.0,0.0,0.0,0.0,710633,2025-02-23 16:00:00,2025
Rapid Vienna,7.0,1.0,1.0,0.0,5.0,2.0,50.3,17.0,12.0,0.7,0.0,1.0,0.0,0.0,0.0,0.0,0.0,0.0,0.0,0.0,0.0,1.0,0.0,0.0,0.0,0.0,0.0,0.0,SC Rheindorf Altach,21.0,1.0,1.0,0.0,2.0,7.0,49.7,8.0,2.0,0.3,0.0,0.0,0.0,0.0,0.0,0.0,0.0,0.0,0.0,0.0,0.0,4.0,0.0,0.0,0.0,0.0,0.0,0.0,710641,2025-03-01 16:00:00,2025
TSV Hartberg,14.0,0.0,0.0,0.0,3.0,4.0,55.8,10.0,2.0,0.2,0.0,0.0,0.0,0.0,0.0,0.0,0.0,0.0,0.0,0.0,0.0,2.0,0.0,0.0,0.0,0.0,0.0,0.0,Wolfsberger,12.0,5.0,0.0,0.0,4.0,2.0,44.2,14.0,7.0,0.5,1.0,1.0,0.0,0.0,0.0,0.0,0.0,0.0,0.0,0.0,0.0,5.0,0.0,0.0,0.0,0.0,0.0,0.0,710642,2025-03-01 16:00:00,2025
Grazer AK,21.0,5.0,0.0,0.0,4.0,2.0,35.6,10.0,3.0,0.3,0.0,0.0,0.0,0.0,0.0,0.0,0.0,0.0,0.0,0.0,0.0,3.0,0.0,0.0,0.0,0.0,0.0,0.0,Austria Vienna,9.0,1.0,0.0,0.0,3.0,2.0,64.4,9.0,4.0,0.4,1.0,1.0,0.0,0.0,0.0,0.0,0.0,0.0,0.0,0.0,0.0,2.0,0.0,0.0,0.0,0.0,0.0,0.0,710639,2025-03-01 16:00:00,2025
SK Austria Klagenfurt,10.0,2.0,0.0,0.0,2.0,2.0,40.7,8.0,2.0,0.3,0.0,0.0,0.0,0.0,0.0,0.0,0.0,0.0,0.0,0.0,0.0,1.0,0.0,0.0,0.0,0.0,0.0,0.0,LASK Linz,10.0,4.0,0.0,0.0,4.0,1.0,59.3,15.0,4.0,0.3,0.0,0.0,0.0,0.0,0.0,0.0,0.0,0.0,0.0,0.0,0.0,3.0,0.0,0.0,0.0,0.0,0.0,0.0,710640,2025-03-02 13:30:00,2025
FC Blau-Weiß Linz,9.0,2.0,0.0,0.0,4.0,3.0,56.5,24.0,6.0,0.3,0.0,0.0,0.0,0.0,0.0,0.0,0.0,0.0,0.0,0.0,0.0,10.0,0.0,0.0,0.0,0.0,0.0,0.0,WSG Swarovski Tirol,11.0,1.0,0.0,0.0,3.0,4.0,43.5,9.0,4.0,0.4,0.0,0.0,0.0,0.0,0.0,0.0,0.0,0.0,0.0,0.0,0.0,3.0,0.0,0.0,0.0,0.0,0.0,0.0,710637,2025-03-02 13:30:00,2025
RB Salzburg,5.0,0.0,0.0,0.0,3.0,4.0,57.6,27.0,7.0,0.3,0.0,0.0,0.0,0.0,0.0,0.0,0.0,0.0,0.0,0.0,0.0,10.0,0.0,0.0,0.0,0.0,0.0,0.0,SK Sturm Graz,15.0,3.0,0.0,0.0,5.0,4.0,42.4,15.0,5.0,0.3,0.0,0.0,0.0,0.0,0.0,0.0,0.0,0.0,0.0,0.0,0.0,5.0,0.0,0.0,0.0,0.0,0.0,0.0,710638,2025-03-02 16:00:00,2025
Austria Vienna,12.0,4.0,0.0,0.0,12.0,2.0,63.7,25.0,12.0,0.5,0.0,0.0,0.0,0.0,0.0,0.0,0.0,0.0,0.0,0.0,0.0,4.0,0.0,0.0,0.0,0.0,0.0,0.0,SK Austria Klagenfurt,16.0,2.0,0.0,0.0,1.0,9.0,36.3,4.0,2.0,0.5,0.0,0.0,0.0,0.0,0.0,0.0,0.0,0.0,0.0,0.0,0.0,2.0,0.0,0.0,0.0,0.0,0.0,0.0,710644,2025-03-09 16:00:00,2025
Wolfsberger,9.0,4.0,0.0,0.0,5.0,3.0,69.1,17.0,6.0,0.4,0.0,0.0,0.0,0.0,0.0,0.0,0.0,0.0,0.0,0.0,0.0,4.0,0.0,0.0,0.0,0.0,0.0,0.0,FC Blau-Weiß Linz,11.0,2.0,0.0,0.0,2.0,4.0,30.9,10.0,5.0,0.5,0.0,0.0,0.0,0.0,0.0,0.0,0.0,0.0,0.0,0.0,0.0,2.0,0.0,0.0,0.0,0.0,0.0,0.0,710647,2025-03-09 16:00:00,2025
Grazer AK,16.0,4.0,1.0,0.0,3.0,3.0,30.7,11.0,3.0,0.3,0.0,0.0,0.0,0.0,0.0,0.0,0.0,0.0,0.0,0.0,0.0,2.0,0.0,0.0,0.0,0.0,0.0,0.0,SK Sturm Graz,8.0,2.0,0.0,0.0,6.0,2.0,69.3,10.0,5.0,0.5,0.0,0.0,0.0,0.0,0.0,0.0,0.0,0.0,0.0,0.0,0.0,2.0,0.0,0.0,0.0,0.0,0.0,0.0,710645,2025-03-09 16:00:00,2025
SC Rheindorf Altach,12.0,3.0,1.0,0.0,0.0,4.0,39.1,8.0,2.0,0.3,0.0,1.0,0.0,0.0,0.0,0.0,0.0,0.0,0.0,0.0,0.0,2.0,0.0,0.0,0.0,0.0,0.0,0.0,RB Salzburg,9.0,2.0,0.0,0.0,6.0,1.0,60.9,17.0,5.0,0.3,0.0,0.0,0.0,0.0,0.0,0.0,0.0,0.0,0.0,0.0,0.0,5.0,0.0,0.0,0.0,0.0,0.0,0.0,710643,2025-03-09 16:00:00,2025
LASK Linz,15.0,4.0,0.0,0.0,12.0,1.0,60.8,25.0,8.0,0.3,0.0,0.0,0.0,0.0,0.0,0.0,0.0,0.0,0.0,0.0,0.0,6.0,0.0,0.0,0.0,0.0,0.0,0.0,WSG Swarovski Tirol,4.0,3.0,0.0,0.0,0.0,7.0,39.2,3.0,2.0,0.7,0.0,0.0,0.0,0.0,0.0,0.0,0.0,0.0,0.0,0.0,0.0,0.0,0.0,0.0,0.0,0.0,0.0,0.0,710646,2025-03-09 16:00:00,2025
TSV Hartberg,11.0,4.0,0.0,0.0,6.0,1.0,38.9,14.0,6.0,0.4,0.0,0.0,0.0,0.0,0.0,0.0,0.0,0.0,0.0,0.0,0.0,3.0,0.0,0.0,0.0,0.0,0.0,0.0,Rapid Vienna,10.0,4.0,0.0,0.0,3.0,4.0,61.1,8.0,2.0,0.3,0.0,0.0,0.0,0.0,0.0,0.0,0.0,0.0,0.0,0.0,0.0,4.0,0.0,0.0,0.0,0.0,0.0,0.0,710648,2025-03-09 16:45:00,2025
FC Blau-Weiß Linz,14.0,1.0,0.0,0.0,7.0,2.0,41.0,22.0,11.0,0.5,0.0,0.0,0.0,0.0,0.0,0.0,0.0,0.0,0.0,0.0,0.0,4.0,0.0,0.0,0.0,0.0,0.0,0.0,TSV Hartberg,8.0,3.0,0.0,0.0,2.0,7.0,59.0,4.0,3.0,0.8,0.0,0.0,0.0,0.0,0.0,0.0,0.0,0.0,0.0,0.0,0.0,1.0,0.0,0.0,0.0,0.0,0.0,0.0,710649,2025-03-16 16:00:00,2025
WSG Swarovski Tirol,9.0,2.0,0.0,0.0,3.0,1.0,37.3,11.0,1.0,0.1,0.0,0.0,0.0,0.0,0.0,0.0,0.0,0.0,0.0,0.0,0.0,5.0,0.0,0.0,0.0,0.0,0.0,0.0,Austria Vienna,19.0,3.0,0.0,0.0,11.0,1.0,62.7,13.0,3.0,0.2,1.0,1.0,0.0,0.0,0.0,0.0,0.0,0.0,0.0,0.0,0.0,5.0,0.0,0.0,0.0,0.0,0.0,0.0,710654,2025-03-16 16:00:00,2025
SK Sturm Graz,9.0,0.0,1.0,0.0,9.0,4.0,53.7,21.0,9.0,0.4,2.0,2.0,0.0,0.0,0.0,0.0,0.0,0.0,0.0,0.0,0.0,4.0,0.0,0.0,0.0,0.0,0.0,0.0,LASK Linz,11.0,2.0,0.0,0.0,4.0,4.0,46.3,10.0,6.0,0.6,0.0,0.0,0.0,0.0,0.0,0.0,0.0,0.0,0.0,0.0,0.0,2.0,0.0,0.0,0.0,0.0,0.0,0.0,710652,2025-03-16 16:00:00,2025
RB Salzburg,5.0,2.0,0.0,0.0,4.0,6.0,57.6,14.0,6.0,0.4,0.0,0.0,0.0,0.0,0.0,0.0,0.0,0.0,0.0,0.0,0.0,2.0,0.0,0.0,0.0,0.0,0.0,0.0,Wolfsberger,8.0,2.0,0.0,0.0,5.0,5.0,42.4,10.0,6.0,0.6,0.0,0.0,0.0,0.0,0.0,0.0,0.0,0.0,0.0,0.0,0.0,4.0,0.0,0.0,0.0,0.0,0.0,0.0,710650,2025-03-16 16:00:00,2025
SK Austria Klagenfurt,7.0,1.0,0.0,0.0,6.0,2.0,60.5,14.0,6.0,0.4,0.0,0.0,0.0,0.0,0.0,0.0,0.0,0.0,0.0,0.0,0.0,5.0,0.0,0.0,0.0,0.0,0.0,0.0,SC Rheindorf Altach,14.0,2.0,1.0,0.0,6.0,4.0,39.5,8.0,3.0,0.4,0.0,0.0,0.0,0.0,0.0,0.0,0.0,0.0,0.0,0.0,0.0,2.0,0.0,0.0,0.0,0.0,0.0,0.0,710651,2025-03-16 16:00:00,2025
Rapid Vienna,7.0,1.0,0.0,0.0,13.0,2.0,72.1,20.0,6.0,0.3,1.0,1.0,0.0,0.0,0.0,0.0,0.0,0.0,0.0,0.0,0.0,7.0,0.0,0.0,0.0,0.0,0.0,0.0,Grazer AK,12.0,3.0,0.0,0.0,4.0,2.0,27.9,4.0,2.0,0.5,0.0,0.0,0.0,0.0,0.0,0.0,0.0,0.0,0.0,0.0,0.0,1.0,0.0,0.0,0.0,0.0,0.0,0.0,710653,2025-03-16 16:00:00,2025
SC Rheindorf Altach,,,,,,,,,,,,,,,,,,,,,,,,,,,,,LASK Linz,,,,,,,,,,,,,,,,,,,,,,,,,,,,,734613,2025-03-28 18:30:00,2025
TSV Hartberg,,,,,,,,,,,,,,,,,,,,,,,,,,,,,SK Austria Klagenfurt,,,,,,,,,,,,,,,,,,,,,,,,,,,,,734615,2025-03-29 16:00:00,2025
Grazer AK,,,,,,,,,,,,,,,,,,,,,,,,,,,,,WSG Swarovski Tirol,,,,,,,,,,,,,,,,,,,,,,,,,,,,,734614,2025-03-29 16:00:00,2025
FC Blau-Weiß Linz,,,,,,,,,,,,,,,,,,,,,,,,,,,,,Austria Vienna,,,,,,,,,,,,,,,,,,,,,,,,,,,,,734616,2025-03-30 12:30:00,2025
Wolfsberger,,,,,,,,,,,,,,,,,,,,,,,,,,,,,SK Sturm Graz,,,,,,,,,,,,,,,,,,,,,,,,,,,,,734617,2025-03-30 12:30:00,2025
Rapid Vienna,,,,,,,,,,,,,,,,,,,,,,,,,,,,,RB Salzburg,,,,,,,,,,,,,,,,,,,,,,,,,,,,,734618,2025-03-30 15:00:00,2025
SK Sturm Graz,,,,,,,,,,,,,,,,,,,,,,,,,,,,,Rapid Vienna,,,,,,,,,,,,,,,,,,,,,,,,,,,,,734619,2025-04-04 17:30:00,2025
SK Austria Klagenfurt,,,,,,,,,,,,,,,,,,,,,,,,,,,,,SC Rheindorf Altach,,,,,,,,,,,,,,,,,,,,,,,,,,,,,734621,2025-04-05 15:00:00,2025
WSG Swarovski Tirol,,,,,,,,,,,,,,,,,,,,,,,,,,,,,TSV Hartberg,,,,,,,,,,,,,,,,,,,,,,,,,,,,,734622,2025-04-05 15:00:00,2025
LASK Linz,,,,,,,,,,,,,,,,,,,,,,,,,,,,,Grazer AK,,,,,,,,,,,,,,,,,,,,,,,,,,,,,734620,2025-04-05 15:00:00,2025
RB Salzburg,,,,,,,,,,,,,,,,,,,,,,,,,,,,,FC Blau-Weiß Linz,,,,,,,,,,,,,,,,,,,,,,,,,,,,,734623,2025-04-06 12:30:00,2025
Austria Vienna,,,,,,,,,,,,,,,,,,,,,,,,,,,,,Wolfsberger,,,,,,,,,,,,,,,,,,,,,,,,,,,,,734624,2025-04-06 15:00:00,2025
FC Blau-Weiß Linz,,,,,,,,,,,,,,,,,,,,,,,,,,,,,Wolfsberger,,,,,,,,,,,,,,,,,,,,,,,,,,,,,734625,2025-04-11 17:30:00,2025
WSG Swarovski Tirol,,,,,,,,,,,,,,,,,,,,,,,,,,,,,SK Austria Klagenfurt,,,,,,,,,,,,,,,,,,,,,,,,,,,,,734628,2025-04-12 15:00:00,2025
Grazer AK,,,,,,,,,,,,,,,,,,,,,,,,,,,,,SC Rheindorf Altach,,,,,,,,,,,,,,,,,,,,,,,,,,,,,734626,2025-04-12 15:00:00,2025
TSV Hartberg,,,,,,,,,,,,,,,,,,,,,,,,,,,,,LASK Linz,,,,,,,,,,,,,,,,,,,,,,,,,,,,,734627,2025-04-12 15:00:00,2025
RB Salzburg,,,,,,,,,,,,,,,,,,,,,,,,,,,,,SK Sturm Graz,,,,,,,,,,,,,,,,,,,,,,,,,,,,,734629,2025-04-13 12:30:00,2025
Rapid Vienna,,,,,,,,,,,,,,,,,,,,,,,,,,,,,Austria Vienna,,,,,,,,,,,,,,,,,,,,,,,,,,,,,734630,2025-04-13 15:00:00,2025
LASK Linz,,,,,,,,,,,,,,,,,,,,,,,,,,,,,WSG Swarovski Tirol,,,,,,,,,,,,,,,,,,,,,,,,,,,,,734631,2025-04-18 17:30:00,2025
SC Rheindorf Altach,,,,,,,,,,,,,,,,,,,,,,,,,,,,,TSV Hartberg,,,,,,,,,,,,,,,,,,,,,,,,,,,,,734632,2025-04-19 15:00:00,2025
SK Austria Klagenfurt,,,,,,,,,,,,,,,,,,,,,,,,,,,,,Grazer AK,,,,,,,,,,,,,,,,,,,,,,,,,,,,,734633,2025-04-19 15:00:00,2025
SK Sturm Graz,,,,,,,,,,,,,,,,,,,,,,,,,,,,,FC Blau-Weiß Linz,,,,,,,,,,,,,,,,,,,,,,,,,,,,,734635,2025-04-20 12:30:00,2025
Wolfsberger,,,,,,,,,,,,,,,,,,,,,,,,,,,,,Rapid Vienna,,,,,,,,,,,,,,,,,,,,,,,,,,,,,734634,2025-04-20 12:30:00,2025
Austria Vienna,,,,,,,,,,,,,,,,,,,,,,,,,,,,,RB Salzburg,,,,,,,,,,,,,,,,,,,,,,,,,,,,,734636,2025-04-20 15:00:00,2025
Grazer AK,,,,,,,,,,,,,,,,,,,,,,,,,,,,,TSV Hartberg,,,,,,,,,,,,,,,,,,,,,,,,,,,,,734637,2025-04-22 16:30:00,2025
WSG Swarovski Tirol,,,,,,,,,,,,,,,,,,,,,,,,,,,,,SC Rheindorf Altach,,,,,,,,,,,,,,,,,,,,,,,,,,,,,734638,2025-04-22 16:30:00,2025
SK Austria Klagenfurt,,,,,,,,,,,,,,,,,,,,,,,,,,,,,LASK Linz,,,,,,,,,,,,,,,,,,,,,,,,,,,,,734639,2025-04-22 18:30:00,2025
FC Blau-Weiß Linz,,,,,,,,,,,,,,,,,,,,,,,,,,,,,Rapid Vienna,,,,,,,,,,,,,,,,,,,,,,,,,,,,,734640,2025-04-23 16:30:00,2025
RB Salzburg,,,,,,,,,,,,,,,,,,,,,,,,,,,,,Wolfsberger,,,,,,,,,,,,,,,,,,,,,,,,,,,,,734641,2025-04-23 16:30:00,2025
Austria Vienna,,,,,,,,,,,,,,,,,,,,,,,,,,,,,SK Sturm Graz,,,,,,,,,,,,,,,,,,,,,,,,,,,,,734642,2025-04-23 18:30:00,2025
TSV Hartberg,,,,,,,,,,,,,,,,,,,,,,,,,,,,,Grazer AK,,,,,,,,,,,,,,,,,,,,,,,,,,,,,734643,2025-04-25 17:30:00,2025
LASK Linz,,,,,,,,,,,,,,,,,,,,,,,,,,,,,SK Austria Klagenfurt,,,,,,,,,,,,,,,,,,,,,,,,,,,,,734645,2025-04-26 15:00:00,2025
SC Rheindorf Altach,,,,,,,,,,,,,,,,,,,,,,,,,,,,,WSG Swarovski Tirol,,,,,,,,,,,,,,,,,,,,,,,,,,,,,734644,2025-04-26 15:00:00,2025
Rapid Vienna,,,,,,,,,,,,,,,,,,,,,,,,,,,,,FC Blau-Weiß Linz,,,,,,,,,,,,,,,,,,,,,,,,,,,,,734647,2025-04-27 12:30:00,2025
Wolfsberger,,,,,,,,,,,,,,,,,,,,,,,,,,,,,RB Salzburg,,,,,,,,,,,,,,,,,,,,,,,,,,,,,734646,2025-04-27 12:30:00,2025
SK Sturm Graz,,,,,,,,,,,,,,,,,,,,,,,,,,,,,Austria Vienna,,,,,,,,,,,,,,,,,,,,,,,,,,,,,734648,2025-04-27 15:00:00,2025
Grazer AK,,,,,,,,,,,,,,,,,,,,,,,,,,,,,SK Austria Klagenfurt,,,,,,,,,,,,,,,,,,,,,,,,,,,,,734649,2025-05-02 17:30:00,2025
WSG Swarovski Tirol,,,,,,,,,,,,,,,,,,,,,,,,,,,,,LASK Linz,,,,,,,,,,,,,,,,,,,,,,,,,,,,,734651,2025-05-03 15:00:00,2025
TSV Hartberg,,,,,,,,,,,,,,,,,,,,,,,,,,,,,SC Rheindorf Altach,,,,,,,,,,,,,,,,,,,,,,,,,,,,,734650,2025-05-04 12:30:00,2025
FC Blau-Weiß Linz,,,,,,,,,,,,,,,,,,,,,,,,,,,,,SK Sturm Graz,,,,,,,,,,,,,,,,,,,,,,,,,,,,,734652,2025-05-04 12:30:00,2025
Rapid Vienna,,,,,,,,,,,,,,,,,,,,,,,,,,,,,Wolfsberger,,,,,,,,,,,,,,,,,,,,,,,,,,,,,734653,2025-05-04 12:30:00,2025
RB Salzburg,,,,,,,,,,,,,,,,,,,,,,,,,,,,,Austria Vienna,,,,,,,,,,,,,,,,,,,,,,,,,,,,,734654,2025-05-04 15:00:00,2025
SK Sturm Graz,,,,,,,,,,,,,,,,,,,,,,,,,,,,,RB Salzburg,,,,,,,,,,,,,,,,,,,,,,,,,,,,,734655,2025-05-09 17:30:00,2025
SC Rheindorf Altach,,,,,,,,,,,,,,,,,,,,,,,,,,,,,Grazer AK,,,,,,,,,,,,,,,,,,,,,,,,,,,,,734656,2025-05-10 15:00:00,2025
LASK Linz,,,,,,,,,,,,,,,,,,,,,,,,,,,,,TSV Hartberg,,,,,,,,,,,,,,,,,,,,,,,,,,,,,734657,2025-05-10 15:00:00,2025
SK Austria Klagenfurt,,,,,,,,,,,,,,,,,,,,,,,,,,,,,WSG Swarovski Tirol,,,,,,,,,,,,,,,,,,,,,,,,,,,,,734658,2025-05-10 15:00:00,2025
Wolfsberger,,,,,,,,,,,,,,,,,,,,,,,,,,,,,FC Blau-Weiß Linz,,,,,,,,,,,,,,,,,,,,,,,,,,,,,734659,2025-05-11 12:30:00,2025
Austria Vienna,,,,,,,,,,,,,,,,,,,,,,,,,,,,,Rapid Vienna,,,,,,,,,,,,,,,,,,,,,,,,,,,,,734660,2025-05-11 15:00:00,2025
TSV Hartberg,,,,,,,,,,,,,,,,,,,,,,,,,,,,,WSG Swarovski Tirol,,,,,,,,,,,,,,,,,,,,,,,,,,,,,734663,2025-05-17 15:00:00,2025
Grazer AK,,,,,,,,,,,,,,,,,,,,,,,,,,,,,LASK Linz,,,,,,,,,,,,,,,,,,,,,,,,,,,,,734662,2025-05-17 15:00:00,2025
SC Rheindorf Altach,,,,,,,,,,,,,,,,,,,,,,,,,,,,,SK Austria Klagenfurt,,,,,,,,,,,,,,,,,,,,,,,,,,,,,734661,2025-05-17 15:00:00,2025
FC Blau-Weiß Linz,,,,,,,,,,,,,,,,,,,,,,,,,,,,,RB Salzburg,,,,,,,,,,,,,,,,,,,,,,,,,,,,,734665,2025-05-18 15:00:00,2025
Rapid Vienna,,,,,,,,,,,,,,,,,,,,,,,,,,,,,SK Sturm Graz,,,,,,,,,,,,,,,,,,,,,,,,,,,,,734666,2025-05-18 15:00:00,2025
Wolfsberger,,,,,,,,,,,,,,,,,,,,,,,,,,,,,Austria Vienna,,,,,,,,,,,,,,,,,,,,,,,,,,,,,734664,2025-05-18 15:00:00,2025
WSG Swarovski Tirol,,,,,,,,,,,,,,,,,,,,,,,,,,,,,Grazer AK,,,,,,,,,,,,,,,,,,,,,,,,,,,,,734669,2025-05-23 17:30:00,2025
SK Austria Klagenfurt,,,,,,,,,,,,,,,,,,,,,,,,,,,,,TSV Hartberg,,,,,,,,,,,,,,,,,,,,,,,,,,,,,734668,2025-05-23 17:30:00,2025
LASK Linz,,,,,,,,,,,,,,,,,,,,,,,,,,,,,SC Rheindorf Altach,,,,,,,,,,,,,,,,,,,,,,,,,,,,,734667,2025-05-23 17:30:00,2025
SK Sturm Graz,,,,,,,,,,,,,,,,,,,,,,,,,,,,,Wolfsberger,,,,,,,,,,,,,,,,,,,,,,,,,,,,,734672,2025-05-24 15:00:00,2025
RB Salzburg,,,,,,,,,,,,,,,,,,,,,,,,,,,,,Rapid Vienna,,,,,,,,,,,,,,,,,,,,,,,,,,,,,734670,2025-05-24 15:00:00,2025
Austria Vienna,,,,,,,,,,,,,,,,,,,,,,,,,,,,,FC Blau-Weiß Linz,,,,,,,,,,,,,,,,,,,,,,,,,,,,,734671,2025-05-24 15:00:00,2025
LASK Linz,,,,,,,,,,,,,,,,,,,,,,,,,,,,,TSV Hartberg,,,,,,,,,,,,,,,,,,,,,,,,,,,,,735691,2025-05-26 17:00:00,2025
LASK Linz,13.0,3.0,0.0,0.0,3.0,2.0,57.5,13.0,6.0,0.5,0.0,0.0,0.0,0.0,0.0,0.0,0.0,0.0,0.0,0.0,0.0,4.0,0.0,0.0,0.0,0.0,0.0,0.0,Rapid Vienna,8.0,1.0,0.0,0.0,8.0,3.0,42.5,6.0,3.0,0.5,1.0,1.0,0.0,0.0,0.0,0.0,0.0,0.0,0.0,0.0,0.0,3.0,0.0,0.0,0.0,0.0,0.0,0.0,735832,2025-05-29 15:00:00,2025
Rapid Vienna,14.0,4.0,0.0,0.0,7.0,2.0,47.8,16.0,6.0,0.4,1.0,1.0,0.0,0.0,0.0,0.0,0.0,0.0,0.0,0.0,0.0,5.0,0.0,0.0,0.0,0.0,0.0,0.0,LASK Linz,12.0,4.0,0.0,0.0,4.0,2.0,52.2,9.0,2.0,0.2,0.0,0.0,0.0,0.0,0.0,0.0,0.0,0.0,0.0,0.0,0.0,1.0,0.0,0.0,0.0,0.0,0.0,0.0,735833,2025-06-01 15:00:00,2025
LASK Linz,11.0,4.0,0.0,0.0,10.0,5.0,60.0,10.0,1.0,0.1,0.0,0.0,0.0,0.0,0.0,0.0,0.0,0.0,0.0,0.0,0.0,4.0,0.0,0.0,0.0,0.0,0.0,0.0,SK Sturm Graz,13.0,2.0,0.0,0.0,3.0,1.0,40.0,18.0,7.0,0.4,1.0,1.0,0.0,0.0,0.0,0.0,0.0,0.0,0.0,0.0,0.0,6.0,0.0,0.0,0.0,0.0,0.0,0.0,747330,2025-08-01 18:30:00,2025
WSG Swarovski Tirol,12.0,0.0,0.0,0.0,7.0,1.0,56.5,14.0,6.0,0.4,1.0,1.0,0.0,0.0,0.0,0.0,0.0,0.0,0.0,0.0,0.0,6.0,0.0,0.0,0.0,0.0,0.0,0.0,TSV Hartberg,11.0,2.0,0.0,0.0,4.0,2.0,43.5,3.0,2.0,0.7,0.0,0.0,0.0,0.0,0.0,0.0,0.0,0.0,0.0,0.0,0.0,1.0,0.0,0.0,0.0,0.0,0.0,0.0,747332,2025-08-02 15:00:00,2025
Wolfsberger,10.0,3.0,0.0,0.0,6.0,2.0,54.4,12.0,1.0,0.1,0.0,0.0,0.0,0.0,0.0,0.0,0.0,0.0,0.0,0.0,0.0,5.0,0.0,0.0,0.0,0.0,0.0,0.0,SC Rheindorf Altach,11.0,2.0,0.0,0.0,3.0,1.0,45.6,9.0,4.0,0.4,0.0,0.0,0.0,0.0,0.0,0.0,0.0,0.0,0.0,0.0,0.0,3.0,0.0,0.0,0.0,0.0,0.0,0.0,747331,2025-08-02 15:00:00,2025
SV Josko Ried,12.0,3.0,0.0,0.0,2.0,10.0,32.7,9.0,4.0,0.4,0.0,0.0,0.0,0.0,0.0,0.0,0.0,0.0,0.0,0.0,0.0,1.0,0.0,0.0,0.0,0.0,0.0,0.0,RB Salzburg,4.0,0.0,1.0,0.0,14.0,2.0,67.3,28.0,13.0,0.5,0.0,0.0,0.0,0.0,0.0,0.0,0.0,0.0,0.0,0.0,0.0,4.0,0.0,0.0,0.0,0.0,0.0,0.0,747333,2025-08-02 17:30:00,2025
Grazer AK,8.0,0.0,0.0,0.0,2.0,1.0,36.9,6.0,2.0,0.3,0.0,0.0,0.0,0.0,0.0,0.0,0.0,0.0,0.0,0.0,0.0,2.0,0.0,0.0,0.0,0.0,0.0,0.0,Austria Vienna,12.0,0.0,0.0,0.0,7.0,0.0,63.1,15.0,3.0,0.2,0.0,0.0,0.0,0.0,0.0,0.0,0.0,0.0,0.0,0.0,0.0,3.0,0.0,0.0,0.0,0.0,0.0,0.0,747334,2025-08-03 15:00:00,2025
Rapid Vienna,8.0,1.0,0.0,0.0,9.0,1.0,50.0,16.0,5.0,0.3,0.0,0.0,0.0,0.0,0.0,0.0,0.0,0.0,0.0,0.0,0.0,2.0,0.0,0.0,0.0,0.0,0.0,0.0,FC Blau-Weiß Linz,17.0,2.0,0.0,0.0,0.0,4.0,50.0,4.0,1.0,0.3,0.0,0.0,0.0,0.0,0.0,0.0,0.0,0.0,0.0,0.0,0.0,0.0,0.0,0.0,0.0,0.0,0.0,0.0,747335,2025-08-03 15:00:00,2025
SC Rheindorf Altach,14.0,3.0,0.0,0.0,5.0,2.0,55.9,13.0,5.0,0.4,0.0,0.0,0.0,0.0,0.0,0.0,0.0,0.0,0.0,0.0,0.0,1.0,0.0,0.0,0.0,0.0,0.0,0.0,SV Josko Ried,14.0,1.0,0.0,0.0,4.0,4.0,44.1,6.0,2.0,0.3,0.0,0.0,0.0,0.0,0.0,0.0,0.0,0.0,0.0,0.0,0.0,1.0,0.0,0.0,0.0,0.0,0.0,0.0,747336,2025-08-09 15:00:00,2025
FC Blau-Weiß Linz,12.0,2.0,0.0,0.0,2.0,3.0,63.5,4.0,1.0,0.3,0.0,0.0,0.0,0.0,0.0,0.0,0.0,0.0,0.0,0.0,0.0,2.0,0.0,0.0,0.0,0.0,0.0,0.0,TSV Hartberg,5.0,0.0,0.0,0.0,3.0,1.0,36.5,14.0,4.0,0.3,0.0,0.0,0.0,0.0,0.0,0.0,0.0,0.0,0.0,0.0,0.0,3.0,0.0,0.0,0.0,0.0,0.0,0.0,747337,2025-08-09 15:00:00,2025
RB Salzburg,5.0,1.0,0.0,0.0,5.0,1.0,75.4,26.0,6.0,0.2,1.0,1.0,0.0,0.0,0.0,0.0,0.0,0.0,0.0,0.0,0.0,8.0,0.0,0.0,0.0,0.0,0.0,0.0,Grazer AK,12.0,1.0,1.0,0.0,1.0,1.0,24.6,2.0,1.0,0.5,0.0,0.0,0.0,0.0,0.0,0.0,0.0,0.0,0.0,0.0,0.0,0.0,0.0,0.0,0.0,0.0,0.0,0.0,747338,2025-08-09 17:30:00,2025
Austria Vienna,12.0,2.0,0.0,0.0,5.0,1.0,56.5,12.0,3.0,0.3,0.0,0.0,0.0,0.0,0.0,0.0,0.0,0.0,0.0,0.0,0.0,5.0,0.0,0.0,0.0,0.0,0.0,0.0,Wolfsberger,13.0,2.0,0.0,0.0,2.0,3.0,43.5,7.0,3.0,0.4,0.0,0.0,0.0,0.0,0.0,0.0,0.0,0.0,0.0,0.0,0.0,1.0,0.0,0.0,0.0,0.0,0.0,0.0,747339,2025-08-10 15:00:00,2025
SK Sturm Graz,10.0,2.0,0.0,0.0,6.0,5.0,60.0,20.0,7.0,0.4,0.0,0.0,0.0,0.0,0.0,0.0,0.0,0.0,0.0,0.0,0.0,4.0,0.0,0.0,0.0,0.0,0.0,0.0,Rapid Vienna,17.0,4.0,0.0,0.0,4.0,6.0,40.0,16.0,7.0,0.4,0.0,0.0,0.0,0.0,0.0,0.0,0.0,0.0,0.0,0.0,0.0,3.0,0.0,0.0,0.0,0.0,0.0,0.0,747340,2025-08-10 15:00:00,2025
WSG Swarovski Tirol,9.0,2.0,0.0,0.0,10.0,2.0,36.6,19.0,5.0,0.3,1.0,2.0,0.0,0.0,0.0,0.0,0.0,0.0,0.0,0.0,0.0,6.0,0.0,0.0,0.0,0.0,0.0,0.0,LASK Linz,14.0,2.0,0.0,0.0,8.0,2.0,63.4,9.0,3.0,0.3,0.0,0.0,0.0,0.0,0.0,0.0,0.0,0.0,0.0,0.0,0.0,1.0,0.0,0.0,0.0,0.0,0.0,0.0,747341,2025-08-10 15:00:00,2025
Grazer AK,9.0,1.0,0.0,0.0,4.0,1.0,49.9,14.0,4.0,0.3,0.0,0.0,0.0,0.0,0.0,0.0,0.0,0.0,0.0,0.0,0.0,2.0,0.0,0.0,0.0,0.0,0.0,0.0,WSG Swarovski Tirol,11.0,4.0,0.0,0.0,5.0,3.0,50.1,7.0,2.0,0.3,0.0,0.0,0.0,0.0,0.0,0.0,0.0,0.0,0.0,0.0,0.0,0.0,0.0,0.0,0.0,0.0,0.0,0.0,747342,2025-08-16 15:00:00,2025
TSV Hartberg,11.0,3.0,0.0,0.0,2.0,3.0,32.1,15.0,5.0,0.3,0.0,0.0,0.0,0.0,0.0,0.0,0.0,0.0,0.0,0.0,0.0,1.0,0.0,0.0,0.0,0.0,0.0,0.0,RB Salzburg,8.0,2.0,0.0,0.0,3.0,4.0,67.9,10.0,5.0,0.5,0.0,0.0,0.0,0.0,0.0,0.0,0.0,0.0,0.0,0.0,0.0,0.0,0.0,0.0,0.0,0.0,0.0,0.0,747343,2025-08-16 15:00:00,2025
SV Josko Ried,15.0,4.0,0.0,0.0,4.0,2.0,46.3,17.0,5.0,0.3,0.0,0.0,0.0,0.0,0.0,0.0,0.0,0.0,0.0,0.0,0.0,4.0,0.0,0.0,0.0,0.0,0.0,0.0,SK Sturm Graz,8.0,1.0,0.0,0.0,5.0,5.0,53.7,16.0,6.0,0.4,0.0,0.0,0.0,0.0,0.0,0.0,0.0,0.0,0.0,0.0,0.0,7.0,0.0,0.0,0.0,0.0,0.0,0.0,747344,2025-08-16 17:30:00,2025
Wolfsberger,7.0,1.0,1.0,0.0,3.0,4.0,56.8,16.0,8.0,0.5,1.0,1.0,0.0,0.0,0.0,0.0,0.0,0.0,0.0,0.0,0.0,3.0,0.0,0.0,0.0,0.0,0.0,0.0,FC Blau-Weiß Linz,14.0,2.0,1.0,0.0,2.0,5.0,43.2,8.0,4.0,0.5,0.0,0.0,0.0,0.0,0.0,0.0,0.0,0.0,0.0,0.0,0.0,3.0,0.0,0.0,0.0,0.0,0.0,0.0,747346,2025-08-17 15:00:00,2025
LASK Linz,8.0,2.0,0.0,0.0,4.0,5.0,41.6,13.0,5.0,0.4,1.0,1.0,0.0,0.0,0.0,0.0,0.0,0.0,0.0,0.0,0.0,4.0,0.0,0.0,0.0,0.0,0.0,0.0,Austria Vienna,9.0,6.0,0.0,0.0,9.0,3.0,58.4,18.0,5.0,0.3,0.0,0.0,0.0,0.0,0.0,0.0,0.0,0.0,0.0,0.0,0.0,4.0,0.0,0.0,0.0,0.0,0.0,0.0,747345,2025-08-17 15:00:00,2025
Rapid Vienna,10.0,0.0,0.0,0.0,6.0,4.0,54.4,12.0,2.0,0.2,0.0,1.0,0.0,0.0,0.0,0.0,0.0,0.0,0.0,0.0,0.0,6.0,0.0,0.0,0.0,0.0,0.0,0.0,SC Rheindorf Altach,16.0,3.0,0.0,0.0,4.0,2.0,45.6,11.0,4.0,0.4,0.0,0.0,0.0,0.0,0.0,0.0,0.0,0.0,0.0,0.0,0.0,4.0,0.0,0.0,0.0,0.0,0.0,0.0,747347,2025-08-17 15:00:00,2025
FC Blau-Weiß Linz,15.0,6.0,0.0,0.0,6.0,2.0,56.0,13.0,1.0,0.1,0.0,0.0,0.0,0.0,0.0,0.0,0.0,0.0,0.0,0.0,0.0,6.0,0.0,0.0,0.0,0.0,0.0,0.0,SV Josko Ried,7.0,1.0,0.0,0.0,1.0,1.0,44.0,11.0,4.0,0.4,0.0,0.0,0.0,0.0,0.0,0.0,0.0,0.0,0.0,0.0,0.0,3.0,0.0,0.0,0.0,0.0,0.0,0.0,747348,2025-08-23 15:00:00,2025
RB Salzburg,7.0,0.0,0.0,0.0,7.0,0.0,59.3,19.0,6.0,0.3,0.0,0.0,0.0,0.0,0.0,0.0,0.0,0.0,0.0,0.0,0.0,8.0,0.0,0.0,0.0,0.0,0.0,0.0,LASK Linz,5.0,1.0,1.0,0.0,4.0,2.0,40.7,8.0,0.0,0.0,0.0,0.0,0.0,0.0,0.0,0.0,0.0,0.0,0.0,0.0,0.0,4.0,0.0,0.0,0.0,0.0,0.0,0.0,747349,2025-08-23 15:00:00,2025
SC Rheindorf Altach,21.0,1.0,0.0,0.0,2.0,3.0,54.8,10.0,4.0,0.4,0.0,0.0,0.0,0.0,0.0,0.0,0.0,0.0,0.0,0.0,0.0,3.0,0.0,0.0,0.0,0.0,0.0,0.0,Grazer AK,17.0,2.0,0.0,0.0,1.0,3.0,45.2,11.0,4.0,0.4,0.0,0.0,0.0,0.0,0.0,0.0,0.0,0.0,0.0,0.0,0.0,2.0,0.0,0.0,0.0,0.0,0.0,0.0,747351,2025-08-24 15:00:00,2025
Wolfsberger,13.0,3.0,0.0,0.0,4.0,2.0,66.8,9.0,2.0,0.2,1.0,1.0,0.0,0.0,0.0,0.0,0.0,0.0,0.0,0.0,0.0,3.0,0.0,0.0,0.0,0.0,0.0,0.0,Rapid Vienna,15.0,2.0,0.0,0.0,2.0,1.0,33.2,9.0,4.0,0.4,0.0,0.0,0.0,0.0,0.0,0.0,0.0,0.0,0.0,0.0,0.0,3.0,0.0,0.0,0.0,0.0,0.0,0.0,747352,2025-08-24 15:00:00,2025
Austria Vienna,11.0,2.0,0.0,0.0,17.0,1.0,72.8,13.0,2.0,0.2,0.0,0.0,0.0,0.0,0.0,0.0,0.0,0.0,0.0,0.0,0.0,6.0,0.0,0.0,0.0,0.0,0.0,0.0,TSV Hartberg,8.0,1.0,0.0,0.0,3.0,2.0,27.2,6.0,4.0,0.7,0.0,0.0,0.0,0.0,0.0,0.0,0.0,0.0,0.0,0.0,0.0,0.0,0.0,0.0,0.0,0.0,0.0,0.0,747353,2025-08-24 15:00:00,2025
RB Salzburg,4.0,1.0,0.0,0.0,5.0,1.0,73.8,21.0,9.0,0.4,1.0,1.0,0.0,0.0,0.0,0.0,0.0,0.0,0.0,0.0,0.0,6.0,0.0,0.0,0.0,0.0,0.0,0.0,FC Blau-Weiß Linz,15.0,2.0,0.0,0.0,2.0,7.0,26.2,9.0,4.0,0.4,0.0,0.0,0.0,0.0,0.0,0.0,0.0,0.0,0.0,0.0,0.0,2.0,0.0,0.0,0.0,0.0,0.0,0.0,747354,2025-08-30 15:00:00,2025
LASK Linz,13.0,6.0,0.0,0.0,4.0,3.0,57.3,21.0,4.0,0.2,0.0,0.0,0.0,0.0,0.0,0.0,0.0,0.0,0.0,0.0,0.0,7.0,0.0,0.0,0.0,0.0,0.0,0.0,SV Josko Ried,11.0,2.0,0.0,0.0,4.0,3.0,42.7,13.0,6.0,0.5,1.0,1.0,0.0,0.0,0.0,0.0,0.0,0.0,0.0,0.0,0.0,3.0,0.0,0.0,0.0,0.0,0.0,0.0,747355,2025-08-30 15:00:00,2025
Grazer AK,7.0,1.0,1.0,0.0,5.0,4.0,48.4,11.0,2.0,0.2,0.0,0.0,0.0,0.0,0.0,0.0,0.0,0.0,0.0,0.0,0.0,3.0,0.0,0.0,0.0,0.0,0.0,0.0,SK Sturm Graz,10.0,4.0,0.0,0.0,5.0,2.0,51.6,15.0,7.0,0.5,0.0,0.0,0.0,0.0,0.0,0.0,0.0,0.0,0.0,0.0,0.0,3.0,0.0,0.0,0.0,0.0,0.0,0.0,747356,2025-08-30 17:30:00,2025
Austria Vienna,8.0,0.0,0.0,0.0,6.0,2.0,39.0,10.0,5.0,0.5,0.0,0.0,0.0,0.0,0.0,0.0,0.0,0.0,0.0,0.0,0.0,1.0,0.0,0.0,0.0,0.0,0.0,0.0,SC Rheindorf Altach,17.0,2.0,0.0,0.0,3.0,4.0,61.0,6.0,2.0,0.3,0.0,0.0,0.0,0.0,0.0,0.0,0.0,0.0,0.0,0.0,0.0,1.0,0.0,0.0,0.0,0.0,0.0,0.0,747358,2025-08-31 15:00:00,2025
WSG Swarovski Tirol,13.0,2.0,0.0,0.0,6.0,1.0,47.3,9.0,4.0,0.4,0.0,0.0,0.0,0.0,0.0,0.0,0.0,0.0,0.0,0.0,0.0,3.0,0.0,0.0,0.0,0.0,0.0,0.0,Wolfsberger,11.0,1.0,0.0,0.0,6.0,3.0,52.7,11.0,2.0,0.2,0.0,0.0,0.0,0.0,0.0,0.0,0.0,0.0,0.0,0.0,0.0,4.0,0.0,0.0,0.0,0.0,0.0,0.0,747359,2025-08-31 15:00:00,2025
TSV Hartberg,11.0,3.0,0.0,0.0,0.0,3.0,32.5,6.0,2.0,0.3,0.0,0.0,0.0,0.0,0.0,0.0,0.0,0.0,0.0,0.0,0.0,1.0,0.0,0.0,0.0,0.0,0.0,0.0,Rapid Vienna,13.0,4.0,0.0,0.0,5.0,2.0,67.5,16.0,5.0,0.3,0.0,0.0,0.0,0.0,0.0,0.0,0.0,0.0,0.0,0.0,0.0,5.0,0.0,0.0,0.0,0.0,0.0,0.0,747357,2025-08-31 15:00:00,2025
SC Rheindorf Altach,9.0,0.0,0.0,0.0,9.0,3.0,43.9,15.0,4.0,0.3,1.0,1.0,0.0,0.0,0.0,0.0,0.0,0.0,0.0,0.0,0.0,4.0,0.0,0.0,0.0,0.0,0.0,0.0,LASK Linz,9.0,2.0,0.0,0.0,6.0,3.0,56.1,13.0,3.0,0.2,0.0,0.0,0.0,0.0,0.0,0.0,0.0,0.0,0.0,0.0,0.0,6.0,0.0,0.0,0.0,0.0,0.0,0.0,747360,2025-09-13 15:00:00,2025
Wolfsberger,13.0,0.0,0.0,0.0,5.0,1.0,35.4,14.0,4.0,0.3,0.0,0.0,0.0,0.0,0.0,0.0,0.0,0.0,0.0,0.0,0.0,6.0,0.0,0.0,0.0,0.0,0.0,0.0,RB Salzburg,13.0,0.0,0.0,0.0,2.0,1.0,64.6,13.0,2.0,0.2,0.0,0.0,0.0,0.0,0.0,0.0,0.0,0.0,0.0,0.0,0.0,7.0,0.0,0.0,0.0,0.0,0.0,0.0,747362,2025-09-13 15:00:00,2025
FC Blau-Weiß Linz,14.0,4.0,0.0,0.0,4.0,4.0,49.7,12.0,4.0,0.3,0.0,0.0,0.0,0.0,0.0,0.0,0.0,0.0,0.0,0.0,0.0,4.0,0.0,0.0,0.0,0.0,0.0,0.0,Grazer AK,8.0,2.0,0.0,0.0,4.0,1.0,50.3,10.0,4.0,0.4,0.0,1.0,0.0,0.0,0.0,0.0,0.0,0.0,0.0,0.0,0.0,1.0,0.0,0.0,0.0,0.0,0.0,0.0,747361,2025-09-13 15:00:00,2025
Rapid Vienna,8.0,1.0,0.0,0.0,8.0,1.0,59.2,15.0,5.0,0.3,0.0,0.0,0.0,0.0,0.0,0.0,0.0,0.0,0.0,0.0,0.0,2.0,0.0,0.0,0.0,0.0,0.0,0.0,WSG Swarovski Tirol,5.0,2.0,0.0,0.0,6.0,1.0,40.8,4.0,2.0,0.5,0.0,0.0,0.0,0.0,0.0,0.0,0.0,0.0,0.0,0.0,0.0,1.0,0.0,0.0,0.0,0.0,0.0,0.0,747364,2025-09-14 12:30:00,2025
SV Josko Ried,12.0,1.0,0.0,0.0,3.0,2.0,58.7,11.0,0.0,0.0,0.0,0.0,0.0,0.0,0.0,0.0,0.0,0.0,0.0,0.0,0.0,2.0,0.0,0.0,0.0,0.0,0.0,0.0,TSV Hartberg,12.0,3.0,0.0,0.0,3.0,0.0,41.3,8.0,4.0,0.5,0.0,0.0,0.0,0.0,0.0,0.0,0.0,0.0,0.0,0.0,0.0,2.0,0.0,0.0,0.0,0.0,0.0,0.0,747365,2025-09-14 12:30:00,2025
SK Sturm Graz,19.0,2.0,0.0,0.0,7.0,2.0,69.2,11.0,2.0,0.2,0.0,0.0,0.0,0.0,0.0,0.0,0.0,0.0,0.0,0.0,0.0,3.0,0.0,0.0,0.0,0.0,0.0,0.0,Austria Vienna,15.0,3.0,0.0,0.0,0.0,2.0,30.8,9.0,3.0,0.3,0.0,0.0,0.0,0.0,0.0,0.0,0.0,0.0,0.0,0.0,0.0,3.0,0.0,0.0,0.0,0.0,0.0,0.0,747363,2025-09-14 15:00:00,2025
RB Salzburg,8.0,1.0,1.0,0.0,4.0,8.0,51.3,16.0,5.0,0.3,0.0,0.0,0.0,0.0,0.0,0.0,0.0,0.0,0.0,0.0,0.0,4.0,0.0,0.0,0.0,0.0,0.0,0.0,SK Sturm Graz,15.0,2.0,0.0,0.0,10.0,5.0,48.7,29.0,9.0,0.3,0.0,0.0,0.0,0.0,0.0,0.0,0.0,0.0,0.0,0.0,0.0,9.0,0.0,0.0,0.0,0.0,0.0,0.0,747367,2025-09-20 15:00:00,2025
TSV Hartberg,8.0,1.0,0.0,0.0,3.0,1.0,44.1,13.0,5.0,0.4,1.0,1.0,0.0,0.0,0.0,0.0,0.0,0.0,0.0,0.0,0.0,5.0,0.0,0.0,0.0,0.0,0.0,0.0,Wolfsberger,9.0,3.0,0.0,0.0,2.0,3.0,55.9,10.0,4.0,0.4,0.0,0.0,0.0,0.0,0.0,0.0,0.0,0.0,0.0,0.0,0.0,2.0,0.0,0.0,0.0,0.0,0.0,0.0,747371,2025-09-20 15:00:00,2025
Austria Vienna,9.0,2.0,0.0,0.0,3.0,2.0,59.5,18.0,11.0,0.6,1.0,1.0,0.0,0.0,0.0,0.0,0.0,0.0,0.0,0.0,0.0,5.0,0.0,0.0,0.0,0.0,0.0,0.0,SV Josko Ried,14.0,4.0,0.0,0.0,3.0,7.0,40.5,10.0,5.0,0.5,0.0,0.0,0.0,0.0,0.0,0.0,0.0,0.0,0.0,0.0,0.0,1.0,0.0,0.0,0.0,0.0,0.0,0.0,747368,2025-09-20 15:00:00,2025
LASK Linz,10.0,3.0,0.0,0.0,10.0,0.0,73.7,12.0,4.0,0.3,0.0,0.0,0.0,0.0,0.0,0.0,0.0,0.0,0.0,0.0,0.0,4.0,0.0,0.0,0.0,0.0,0.0,0.0,FC Blau-Weiß Linz,10.0,2.0,0.0,0.0,3.0,2.0,26.3,4.0,0.0,0.0,0.0,0.0,0.0,0.0,0.0,0.0,0.0,0.0,0.0,0.0,0.0,2.0,0.0,0.0,0.0,0.0,0.0,0.0,747370,2025-09-21 12:30:00,2025
SC Rheindorf Altach,16.0,2.0,0.0,0.0,9.0,1.0,65.6,17.0,5.0,0.3,0.0,1.0,0.0,0.0,0.0,0.0,0.0,0.0,0.0,0.0,0.0,4.0,0.0,0.0,0.0,0.0,0.0,0.0,WSG Swarovski Tirol,18.0,6.0,0.0,0.0,0.0,4.0,34.4,4.0,2.0,0.5,0.0,0.0,0.0,0.0,0.0,0.0,0.0,0.0,0.0,0.0,0.0,2.0,0.0,0.0,0.0,0.0,0.0,0.0,747366,2025-09-21 12:30:00,2025
Grazer AK,16.0,3.0,0.0,0.0,5.0,1.0,33.5,10.0,3.0,0.3,1.0,1.0,0.0,0.0,0.0,0.0,0.0,0.0,0.0,0.0,0.0,4.0,0.0,0.0,0.0,0.0,0.0,0.0,Rapid Vienna,10.0,3.0,0.0,0.0,7.0,2.0,66.5,12.0,2.0,0.2,0.0,0.0,0.0,0.0,0.0,0.0,0.0,0.0,0.0,0.0,0.0,6.0,0.0,0.0,0.0,0.0,0.0,0.0,747369,2025-09-21 15:00:00,2025
SV Josko Ried,13.0,1.0,0.0,0.0,4.0,0.0,57.9,12.0,1.0,0.1,0.0,0.0,0.0,0.0,0.0,0.0,0.0,0.0,0.0,0.0,0.0,3.0,0.0,0.0,0.0,0.0,0.0,0.0,Grazer AK,14.0,2.0,0.0,0.0,2.0,1.0,42.1,2.0,0.0,0.0,0.0,0.0,0.0,0.0,0.0,0.0,0.0,0.0,0.0,0.0,0.0,0.0,0.0,0.0,0.0,0.0,0.0,0.0,747376,2025-09-27 15:00:00,2025
Wolfsberger,11.0,1.0,0.0,0.0,4.0,3.0,48.6,13.0,3.0,0.2,0.0,0.0,0.0,0.0,0.0,0.0,0.0,0.0,0.0,0.0,0.0,5.0,0.0,0.0,0.0,0.0,0.0,0.0,LASK Linz,13.0,1.0,0.0,0.0,3.0,2.0,51.4,9.0,3.0,0.3,0.0,0.0,0.0,0.0,0.0,0.0,0.0,0.0,0.0,0.0,0.0,0.0,0.0,0.0,0.0,0.0,0.0,0.0,747373,2025-09-27 15:00:00,2025
FC Blau-Weiß Linz,11.0,3.0,0.0,0.0,2.0,1.0,39.0,11.0,2.0,0.2,0.0,0.0,0.0,0.0,0.0,0.0,0.0,0.0,0.0,0.0,0.0,3.0,0.0,0.0,0.0,0.0,0.0,0.0,SC Rheindorf Altach,14.0,2.0,1.0,0.0,3.0,1.0,61.0,8.0,1.0,0.1,0.0,0.0,0.0,0.0,0.0,0.0,0.0,0.0,0.0,0.0,0.0,4.0,0.0,0.0,0.0,0.0,0.0,0.0,747372,2025-09-27 15:00:00,2025
WSG Swarovski Tirol,8.0,1.0,0.0,0.0,6.0,3.0,47.7,10.0,4.0,0.4,0.0,0.0,0.0,0.0,0.0,0.0,0.0,0.0,0.0,0.0,0.0,2.0,0.0,0.0,0.0,0.0,0.0,0.0,RB Salzburg,7.0,1.0,0.0,0.0,7.0,2.0,52.3,13.0,5.0,0.4,0.0,0.0,0.0,0.0,0.0,0.0,0.0,0.0,0.0,0.0,0.0,4.0,0.0,0.0,0.0,0.0,0.0,0.0,747377,2025-09-28 12:30:00,2025
SK Sturm Graz,7.0,2.0,0.0,0.0,5.0,3.0,66.5,15.0,4.0,0.3,0.0,0.0,0.0,0.0,0.0,0.0,0.0,0.0,0.0,0.0,0.0,4.0,0.0,0.0,0.0,0.0,0.0,0.0,TSV Hartberg,16.0,1.0,0.0,0.0,5.0,4.0,33.5,12.0,3.0,0.3,0.0,0.0,0.0,0.0,0.0,0.0,0.0,0.0,0.0,0.0,0.0,5.0,0.0,0.0,0.0,0.0,0.0,0.0,747374,2025-09-28 12:30:00,2025
Rapid Vienna,8.0,1.0,0.0,0.0,5.0,2.0,58.8,20.0,9.0,0.5,1.0,1.0,0.0,0.0,0.0,0.0,0.0,0.0,0.0,0.0,0.0,1.0,0.0,0.0,0.0,0.0,0.0,0.0,Austria Vienna,13.0,1.0,1.0,0.0,6.0,8.0,41.2,11.0,5.0,0.5,0.0,0.0,0.0,0.0,0.0,0.0,0.0,0.0,0.0,0.0,0.0,4.0,0.0,0.0,0.0,0.0,0.0,0.0,747375,2025-09-28 15:00:00,2025
SV Josko Ried,13.0,2.0,0.0,0.0,9.0,0.0,51.6,20.0,5.0,0.3,1.0,1.0,0.0,0.0,0.0,0.0,0.0,0.0,0.0,0.0,0.0,4.0,0.0,0.0,0.0,0.0,0.0,0.0,WSG Swarovski Tirol,16.0,4.0,0.0,0.0,1.0,3.0,48.4,4.0,0.0,0.0,0.0,0.0,0.0,0.0,0.0,0.0,0.0,0.0,0.0,0.0,0.0,0.0,0.0,0.0,0.0,0.0,0.0,0.0,747383,2025-10-04 15:00:00,2025
Grazer AK,15.0,2.0,0.0,0.0,4.0,1.0,49.2,11.0,3.0,0.3,0.0,0.0,0.0,0.0,0.0,0.0,0.0,0.0,0.0,0.0,0.0,5.0,0.0,0.0,0.0,0.0,0.0,0.0,Wolfsberger,11.0,3.0,0.0,0.0,3.0,2.0,50.8,11.0,4.0,0.4,0.0,0.0,0.0,0.0,0.0,0.0,0.0,0.0,0.0,0.0,0.0,1.0,0.0,0.0,0.0,0.0,0.0,0.0,747381,2025-10-04 15:00:00,2025
Austria Vienna,7.0,0.0,0.0,0.0,9.0,1.0,50.5,14.0,6.0,0.4,0.0,0.0,0.0,0.0,0.0,0.0,0.0,0.0,0.0,0.0,0.0,3.0,0.0,0.0,0.0,0.0,0.0,0.0,FC Blau-Weiß Linz,8.0,3.0,0.0,0.0,4.0,7.0,49.5,8.0,2.0,0.3,1.0,1.0,0.0,0.0,0.0,0.0,0.0,0.0,0.0,0.0,0.0,2.0,0.0,0.0,0.0,0.0,0.0,0.0,747380,2025-10-04 15:00:00,2025
SC Rheindorf Altach,8.0,3.0,0.0,0.0,3.0,2.0,43.4,7.0,2.0,0.3,0.0,0.0,0.0,0.0,0.0,0.0,0.0,0.0,0.0,0.0,0.0,3.0,0.0,0.0,0.0,0.0,0.0,0.0,SK Sturm Graz,12.0,5.0,0.0,0.0,4.0,2.0,56.6,12.0,4.0,0.3,1.0,1.0,0.0,0.0,0.0,0.0,0.0,0.0,0.0,0.0,0.0,4.0,0.0,0.0,0.0,0.0,0.0,0.0,747378,2025-10-05 12:30:00,2025
LASK Linz,9.0,3.0,0.0,0.0,6.0,1.0,64.1,20.0,8.0,0.4,0.0,0.0,0.0,0.0,0.0,0.0,0.0,0.0,0.0,0.0,0.0,4.0,0.0,0.0,0.0,0.0,0.0,0.0,TSV Hartberg,7.0,0.0,0.0,0.0,4.0,4.0,35.9,12.0,4.0,0.3,0.0,0.0,0.0,0.0,0.0,0.0,0.0,0.0,0.0,0.0,0.0,4.0,0.0,0.0,0.0,0.0,0.0,0.0,747382,2025-10-05 12:30:00,2025
RB Salzburg,16.0,5.0,0.0,0.0,2.0,12.0,47.3,13.0,6.0,0.5,0.0,0.0,0.0,0.0,0.0,0.0,0.0,0.0,0.0,0.0,0.0,3.0,0.0,0.0,0.0,0.0,0.0,0.0,Rapid Vienna,16.0,3.0,0.0,0.0,9.0,4.0,52.7,25.0,13.0,0.5,0.0,1.0,0.0,0.0,0.0,0.0,0.0,0.0,0.0,0.0,0.0,3.0,0.0,0.0,0.0,0.0,0.0,0.0,747379,2025-10-05 15:00:00,2025
Grazer AK,11.0,2.0,0.0,0.0,7.0,5.0,56.4,14.0,4.0,0.3,0.0,0.0,0.0,0.0,0.0,0.0,0.0,0.0,0.0,0.0,0.0,3.0,0.0,0.0,0.0,0.0,0.0,0.0,TSV Hartberg,11.0,2.0,0.0,0.0,2.0,4.0,43.6,11.0,5.0,0.5,0.0,0.0,0.0,0.0,0.0,0.0,0.0,0.0,0.0,0.0,0.0,2.0,0.0,0.0,0.0,0.0,0.0,0.0,747386,2025-10-18 15:00:00,2025
WSG Swarovski Tirol,8.0,2.0,1.0,0.0,6.0,0.0,52.9,12.0,5.0,0.4,0.0,0.0,0.0,0.0,0.0,0.0,0.0,0.0,0.0,0.0,0.0,5.0,0.0,0.0,0.0,0.0,0.0,0.0,Austria Vienna,11.0,3.0,0.0,0.0,6.0,3.0,47.1,10.0,3.0,0.3,0.0,0.0,0.0,0.0,0.0,0.0,0.0,0.0,0.0,0.0,0.0,2.0,0.0,0.0,0.0,0.0,0.0,0.0,747389,2025-10-18 15:00:00,2025
Wolfsberger,9.0,2.0,1.0,0.0,1.0,3.0,50.7,7.0,3.0,0.4,0.0,0.0,0.0,0.0,0.0,0.0,0.0,0.0,0.0,0.0,0.0,0.0,0.0,0.0,0.0,0.0,0.0,0.0,SV Josko Ried,19.0,2.0,0.0,0.0,4.0,2.0,49.3,16.0,5.0,0.3,1.0,1.0,0.0,0.0,0.0,0.0,0.0,0.0,0.0,0.0,0.0,3.0,0.0,0.0,0.0,0.0,0.0,0.0,747387,2025-10-18 15:00:00,2025
RB Salzburg,13.0,6.0,1.0,0.0,2.0,2.0,44.1,10.0,4.0,0.4,0.0,0.0,0.0,0.0,0.0,0.0,0.0,0.0,0.0,0.0,0.0,2.0,0.0,0.0,0.0,0.0,0.0,0.0,SC Rheindorf Altach,15.0,2.0,0.0,0.0,6.0,2.0,55.9,13.0,4.0,0.3,1.0,1.0,0.0,0.0,0.0,0.0,0.0,0.0,0.0,0.0,0.0,6.0,0.0,0.0,0.0,0.0,0.0,0.0,747385,2025-10-19 12:30:00,2025
FC Blau-Weiß Linz,11.0,2.0,0.0,0.0,8.0,0.0,57.3,21.0,6.0,0.3,0.0,0.0,0.0,0.0,0.0,0.0,0.0,0.0,0.0,0.0,0.0,4.0,0.0,0.0,0.0,0.0,0.0,0.0,SK Sturm Graz,11.0,3.0,0.0,0.0,2.0,2.0,42.7,12.0,4.0,0.3,0.0,0.0,0.0,0.0,0.0,0.0,0.0,0.0,0.0,0.0,0.0,5.0,0.0,0.0,0.0,0.0,0.0,0.0,747384,2025-10-19 12:30:00,2025
Rapid Vienna,10.0,1.0,0.0,0.0,4.0,2.0,66.6,11.0,3.0,0.3,0.0,1.0,0.0,0.0,0.0,0.0,0.0,0.0,0.0,0.0,0.0,4.0,0.0,0.0,0.0,0.0,0.0,0.0,LASK Linz,15.0,2.0,0.0,0.0,5.0,3.0,33.4,14.0,4.0,0.3,0.0,0.0,0.0,0.0,0.0,0.0,0.0,0.0,0.0,0.0,0.0,5.0,0.0,0.0,0.0,0.0,0.0,0.0,747388,2025-10-19 15:00:00,2025
SC Rheindorf Altach,5.0,2.0,1.0,0.0,10.0,6.0,75.2,12.0,3.0,0.3,0.0,0.0,0.0,0.0,0.0,0.0,0.0,0.0,0.0,0.0,0.0,4.0,0.0,0.0,0.0,0.0,0.0,0.0,TSV Hartberg,13.0,2.0,0.0,0.0,1.0,1.0,24.8,10.0,8.0,0.8,0.0,0.0,0.0,0.0,0.0,0.0,0.0,0.0,0.0,0.0,0.0,1.0,0.0,0.0,0.0,0.0,0.0,0.0,747390,2025-10-25 15:00:00,2025
WSG Swarovski Tirol,7.0,2.0,0.0,0.0,4.0,3.0,32.1,12.0,3.0,0.3,1.0,1.0,0.0,0.0,0.0,0.0,0.0,0.0,0.0,0.0,0.0,3.0,0.0,0.0,0.0,0.0,0.0,0.0,FC Blau-Weiß Linz,12.0,1.0,0.0,0.0,3.0,1.0,67.9,8.0,2.0,0.3,0.0,0.0,0.0,0.0,0.0,0.0,0.0,0.0,0.0,0.0,0.0,1.0,0.0,0.0,0.0,0.0,0.0,0.0,747395,2025-10-25 15:00:00,2025
LASK Linz,9.0,0.0,0.0,0.0,7.0,2.0,60.7,11.0,1.0,0.1,0.0,0.0,0.0,0.0,0.0,0.0,0.0,0.0,0.0,0.0,0.0,4.0,0.0,0.0,0.0,0.0,0.0,0.0,Grazer AK,12.0,2.0,0.0,0.0,4.0,0.0,39.3,8.0,2.0,0.3,0.0,0.0,0.0,0.0,0.0,0.0,0.0,0.0,0.0,0.0,0.0,1.0,0.0,0.0,0.0,0.0,0.0,0.0,747392,2025-10-25 15:00:00,2025
SV Josko Ried,12.0,2.0,0.0,0.0,6.0,1.0,54.4,12.0,4.0,0.3,0.0,0.0,0.0,0.0,0.0,0.0,0.0,0.0,0.0,0.0,0.0,3.0,0.0,0.0,0.0,0.0,0.0,0.0,Rapid Vienna,15.0,3.0,0.0,0.0,6.0,4.0,45.6,11.0,3.0,0.3,0.0,0.0,0.0,0.0,0.0,0.0,0.0,0.0,0.0,0.0,0.0,4.0,0.0,0.0,0.0,0.0,0.0,0.0,747394,2025-10-26 13:30:00,2025
SK Sturm Graz,9.0,2.0,0.0,0.0,11.0,2.0,65.3,15.0,3.0,0.2,0.0,0.0,0.0,0.0,0.0,0.0,0.0,0.0,0.0,0.0,0.0,4.0,0.0,0.0,0.0,0.0,0.0,0.0,Wolfsberger,15.0,3.0,1.0,0.0,2.0,2.0,34.7,12.0,5.0,0.4,0.0,0.0,0.0,0.0,0.0,0.0,0.0,0.0,0.0,0.0,0.0,1.0,0.0,0.0,0.0,0.0,0.0,0.0,747393,2025-10-26 13:30:00,2025
Austria Vienna,7.0,1.0,0.0,0.0,12.0,0.0,57.3,19.0,2.0,0.1,0.0,0.0,0.0,0.0,0.0,0.0,0.0,0.0,0.0,0.0,0.0,7.0,0.0,0.0,0.0,0.0,0.0,0.0,RB Salzburg,10.0,1.0,0.0,0.0,1.0,2.0,42.7,7.0,3.0,0.4,0.0,0.0,0.0,0.0,0.0,0.0,0.0,0.0,0.0,0.0,0.0,3.0,0.0,0.0,0.0,0.0,0.0,0.0,747391,2025-10-26 16:00:00,2025
Grazer AK,15.0,2.0,0.0,0.0,3.0,0.0,42.6,15.0,3.0,0.2,0.0,0.0,0.0,0.0,0.0,0.0,0.0,0.0,0.0,0.0,0.0,2.0,0.0,0.0,0.0,0.0,0.0,0.0,SC Rheindorf Altach,16.0,3.0,0.0,0.0,3.0,1.0,57.4,4.0,1.0,0.3,0.0,0.0,0.0,0.0,0.0,0.0,0.0,0.0,0.0,0.0,0.0,1.0,0.0,0.0,0.0,0.0,0.0,0.0,747398,2025-11-01 16:00:00,2025
TSV Hartberg,13.0,1.0,0.0,0.0,3.0,4.0,35.0,7.0,5.0,0.7,0.0,0.0,0.0,0.0,0.0,0.0,0.0,0.0,0.0,0.0,0.0,1.0,0.0,0.0,0.0,0.0,0.0,0.0,Austria Vienna,16.0,3.0,0.0,0.0,6.0,3.0,65.0,17.0,5.0,0.3,0.0,0.0,0.0,0.0,0.0,0.0,0.0,0.0,0.0,0.0,0.0,4.0,0.0,0.0,0.0,0.0,0.0,0.0,747401,2025-11-01 16:00:00,2025
FC Blau-Weiß Linz,13.0,1.0,0.0,0.0,2.0,4.0,54.0,10.0,2.0,0.2,0.0,0.0,0.0,0.0,0.0,0.0,0.0,0.0,0.0,0.0,0.0,2.0,0.0,0.0,0.0,0.0,0.0,0.0,LASK Linz,7.0,0.0,0.0,0.0,3.0,2.0,46.0,10.0,5.0,0.5,0.0,0.0,0.0,0.0,0.0,0.0,0.0,0.0,0.0,0.0,0.0,3.0,0.0,0.0,0.0,0.0,0.0,0.0,747396,2025-11-01 16:00:00,2025
RB Salzburg,12.0,0.0,0.0,0.0,4.0,3.0,59.6,22.0,11.0,0.5,0.0,0.0,0.0,0.0,0.0,0.0,0.0,0.0,0.0,0.0,0.0,7.0,0.0,0.0,0.0,0.0,0.0,0.0,SV Josko Ried,5.0,0.0,1.0,0.0,1.0,7.0,40.4,10.0,4.0,0.4,0.0,0.0,0.0,0.0,0.0,0.0,0.0,0.0,0.0,0.0,0.0,2.0,0.0,0.0,0.0,0.0,0.0,0.0,747397,2025-11-02 13:30:00,2025
Wolfsberger,10.0,2.0,0.0,0.0,5.0,2.0,60.8,8.0,2.0,0.3,0.0,0.0,0.0,0.0,0.0,0.0,0.0,0.0,0.0,0.0,0.0,3.0,0.0,0.0,0.0,0.0,0.0,0.0,WSG Swarovski Tirol,16.0,0.0,0.0,0.0,3.0,2.0,39.2,16.0,3.0,0.2,0.0,0.0,0.0,0.0,0.0,0.0,0.0,0.0,0.0,0.0,0.0,4.0,0.0,0.0,0.0,0.0,0.0,0.0,747399,2025-11-02 13:30:00,2025
Rapid Vienna,9.0,4.0,0.0,0.0,4.0,2.0,37.0,12.0,1.0,0.1,0.0,0.0,0.0,0.0,0.0,0.0,0.0,0.0,0.0,0.0,0.0,4.0,0.0,0.0,0.0,0.0,0.0,0.0,SK Sturm Graz,15.0,1.0,0.0,0.0,8.0,0.0,63.0,17.0,5.0,0.3,0.0,0.0,0.0,0.0,0.0,0.0,0.0,0.0,0.0,0.0,0.0,6.0,0.0,0.0,0.0,0.0,0.0,0.0,747400,2025-11-02 16:00:00,2025
Wolfsberger,11.0,1.0,1.0,0.0,8.0,1.0,78.7,24.0,4.0,0.2,0.0,0.0,0.0,0.0,0.0,0.0,0.0,0.0,0.0,0.0,0.0,10.0,0.0,0.0,0.0,0.0,0.0,0.0,TSV Hartberg,9.0,1.0,1.0,0.0,0.0,4.0,21.3,6.0,3.0,0.5,0.0,0.0,0.0,0.0,0.0,0.0,0.0,0.0,0.0,0.0,0.0,2.0,0.0,0.0,0.0,0.0,0.0,0.0,747404,2025-11-08 16:00:00,2025
Austria Vienna,14.0,3.0,0.0,0.0,10.0,1.0,49.1,19.0,4.0,0.2,0.0,0.0,0.0,0.0,0.0,0.0,0.0,0.0,0.0,0.0,0.0,7.0,0.0,0.0,0.0,0.0,0.0,0.0,Grazer AK,18.0,4.0,0.0,0.0,0.0,2.0,50.9,7.0,2.0,0.3,0.0,0.0,0.0,0.0,0.0,0.0,0.0,0.0,0.0,0.0,0.0,3.0,0.0,0.0,0.0,0.0,0.0,0.0,747402,2025-11-08 16:00:00,2025
SV Josko Ried,7.0,1.0,0.0,0.0,3.0,0.0,48.2,11.0,3.0,0.3,0.0,0.0,0.0,0.0,0.0,0.0,0.0,0.0,0.0,0.0,0.0,2.0,0.0,0.0,0.0,0.0,0.0,0.0,FC Blau-Weiß Linz,11.0,3.0,0.0,0.0,3.0,1.0,51.8,16.0,1.0,0.1,0.0,0.0,0.0,0.0,0.0,0.0,0.0,0.0,0.0,0.0,0.0,4.0,0.0,0.0,0.0,0.0,0.0,0.0,747406,2025-11-08 16:00:00,2025
LASK Linz,9.0,0.0,0.0,0.0,4.0,3.0,36.2,17.0,7.0,0.4,0.0,0.0,0.0,0.0,0.0,0.0,0.0,0.0,0.0,0.0,0.0,3.0,0.0,0.0,0.0,0.0,0.0,0.0,SC Rheindorf Altach,8.0,1.0,0.0,0.0,7.0,7.0,63.8,16.0,3.0,0.2,0.0,0.0,0.0,0.0,0.0,0.0,0.0,0.0,0.0,0.0,0.0,5.0,0.0,0.0,0.0,0.0,0.0,0.0,747403,2025-11-09 13:30:00,2025
WSG Swarovski Tirol,9.0,3.0,0.0,0.0,6.0,2.0,34.3,13.0,6.0,0.5,0.0,0.0,0.0,0.0,0.0,0.0,0.0,0.0,0.0,0.0,0.0,4.0,0.0,0.0,0.0,0.0,0.0,0.0,Rapid Vienna,5.0,1.0,0.0,0.0,8.0,5.0,65.7,15.0,4.0,0.3,0.0,0.0,0.0,0.0,0.0,0.0,0.0,0.0,0.0,0.0,0.0,5.0,0.0,0.0,0.0,0.0,0.0,0.0,747407,2025-11-09 13:30:00,2025
SK Sturm Graz,12.0,1.0,0.0,0.0,3.0,2.0,45.2,18.0,5.0,0.3,0.0,0.0,0.0,0.0,0.0,0.0,0.0,0.0,0.0,0.0,0.0,1.0,0.0,0.0,0.0,0.0,0.0,0.0,RB Salzburg,11.0,3.0,0.0,0.0,3.0,4.0,54.8,11.0,3.0,0.3,0.0,0.0,0.0,0.0,0.0,0.0,0.0,0.0,0.0,0.0,0.0,4.0,0.0,0.0,0.0,0.0,0.0,0.0,747405,2025-11-09 16:00:00,2025
TSV Hartberg,10.0,2.0,0.0,0.0,3.0,4.0,40.4,9.0,4.0,0.4,1.0,1.0,0.0,0.0,0.0,0.0,0.0,0.0,0.0,0.0,0.0,1.0,0.0,0.0,0.0,0.0,0.0,0.0,SV Josko Ried,14.0,4.0,0.0,0.0,3.0,2.0,59.6,15.0,4.0,0.3,0.0,0.0,0.0,0.0,0.0,0.0,0.0,0.0,0.0,0.0,0.0,5.0,0.0,0.0,0.0,0.0,0.0,0.0,747413,2025-11-22 16:00:00,2025
SC Rheindorf Altach,21.0,1.0,0.0,0.0,1.0,3.0,37.8,13.0,5.0,0.4,1.0,1.0,0.0,0.0,0.0,0.0,0.0,0.0,0.0,0.0,0.0,1.0,0.0,0.0,0.0,0.0,0.0,0.0,Wolfsberger,13.0,3.0,0.0,0.0,1.0,1.0,62.2,12.0,4.0,0.3,0.0,0.0,0.0,0.0,0.0,0.0,0.0,0.0,0.0,0.0,0.0,3.0,0.0,0.0,0.0,0.0,0.0,0.0,747408,2025-11-22 16:00:00,2025
FC Blau-Weiß Linz,7.0,1.0,0.0,0.0,5.0,1.0,44.5,14.0,7.0,0.5,0.0,0.0,0.0,0.0,0.0,0.0,0.0,0.0,0.0,0.0,0.0,3.0,0.0,0.0,0.0,0.0,0.0,0.0,Austria Vienna,8.0,1.0,0.0,0.0,9.0,5.0,55.5,9.0,4.0,0.4,1.0,1.0,0.0,0.0,0.0,0.0,0.0,0.0,0.0,0.0,0.0,2.0,0.0,0.0,0.0,0.0,0.0,0.0,747409,2025-11-22 16:00:00,2025
SK Sturm Graz,4.0,0.0,0.0,0.0,8.0,3.0,72.2,22.0,6.0,0.3,0.0,0.0,0.0,0.0,0.0,0.0,0.0,0.0,0.0,0.0,0.0,8.0,0.0,0.0,0.0,0.0,0.0,0.0,LASK Linz,16.0,3.0,0.0,0.0,4.0,5.0,27.8,12.0,6.0,0.5,0.0,0.0,0.0,0.0,0.0,0.0,0.0,0.0,0.0,0.0,0.0,3.0,0.0,0.0,0.0,0.0,0.0,0.0,747411,2025-11-23 13:30:00,2025
RB Salzburg,9.0,3.0,0.0,0.0,8.0,2.0,70.7,15.0,6.0,0.4,0.0,0.0,0.0,0.0,0.0,0.0,0.0,0.0,0.0,0.0,0.0,3.0,0.0,0.0,0.0,0.0,0.0,0.0,WSG Swarovski Tirol,11.0,3.0,1.0,0.0,3.0,4.0,29.3,18.0,5.0,0.3,1.0,1.0,0.0,0.0,0.0,0.0,0.0,0.0,0.0,0.0,0.0,5.0,0.0,0.0,0.0,0.0,0.0,0.0,747410,2025-11-23 13:30:00,2025
Rapid Vienna,14.0,2.0,0.0,0.0,7.0,1.0,55.9,10.0,3.0,0.3,0.0,0.0,0.0,0.0,0.0,0.0,0.0,0.0,0.0,0.0,0.0,2.0,0.0,0.0,0.0,0.0,0.0,0.0,Grazer AK,14.0,3.0,0.0,0.0,3.0,2.0,44.1,6.0,3.0,0.5,1.0,1.0,0.0,0.0,0.0,0.0,0.0,0.0,0.0,0.0,0.0,2.0,0.0,0.0,0.0,0.0,0.0,0.0,747412,2025-11-23 16:00:00,2025
SV Josko Ried,8.0,0.0,0.0,0.0,12.0,3.0,47.9,19.0,7.0,0.4,0.0,0.0,0.0,0.0,0.0,0.0,0.0,0.0,0.0,0.0,0.0,7.0,0.0,0.0,0.0,0.0,0.0,0.0,Wolfsberger,10.0,3.0,0.0,0.0,5.0,6.0,52.1,6.0,3.0,0.5,0.0,0.0,0.0,0.0,0.0,0.0,0.0,0.0,0.0,0.0,0.0,2.0,0.0,0.0,0.0,0.0,0.0,0.0,747418,2025-11-29 16:00:00,2025
Austria Vienna,12.0,2.0,0.0,0.0,4.0,4.0,49.5,7.0,1.0,0.1,0.0,0.0,0.0,0.0,0.0,0.0,0.0,0.0,0.0,0.0,0.0,0.0,0.0,0.0,0.0,0.0,0.0,0.0,WSG Swarovski Tirol,16.0,2.0,0.0,0.0,5.0,1.0,50.5,14.0,4.0,0.3,0.0,0.0,0.0,0.0,0.0,0.0,0.0,0.0,0.0,0.0,0.0,5.0,0.0,0.0,0.0,0.0,0.0,0.0,747415,2025-11-29 16:00:00,2025
Grazer AK,18.0,3.0,0.0,0.0,3.0,3.0,43.6,10.0,4.0,0.4,1.0,1.0,0.0,0.0,0.0,0.0,0.0,0.0,0.0,0.0,0.0,0.0,0.0,0.0,0.0,0.0,0.0,0.0,FC Blau-Weiß Linz,15.0,3.0,0.0,0.0,3.0,1.0,56.4,14.0,4.0,0.3,0.0,0.0,0.0,0.0,0.0,0.0,0.0,0.0,0.0,0.0,0.0,5.0,0.0,0.0,0.0,0.0,0.0,0.0,747416,2025-11-29 16:00:00,2025
TSV Hartberg,6.0,5.0,0.0,0.0,4.0,1.0,42.0,9.0,2.0,0.2,0.0,0.0,0.0,0.0,0.0,0.0,0.0,0.0,0.0,0.0,0.0,4.0,0.0,0.0,0.0,0.0,0.0,0.0,SK Sturm Graz,20.0,4.0,0.0,0.0,6.0,2.0,58.0,8.0,2.0,0.3,1.0,1.0,0.0,0.0,0.0,0.0,0.0,0.0,0.0,0.0,0.0,2.0,0.0,0.0,0.0,0.0,0.0,0.0,747419,2025-11-30 13:30:00,2025
SC Rheindorf Altach,17.0,1.0,0.0,0.0,5.0,3.0,41.1,12.0,5.0,0.4,0.0,0.0,0.0,0.0,0.0,0.0,0.0,0.0,0.0,0.0,0.0,5.0,0.0,0.0,0.0,0.0,0.0,0.0,RB Salzburg,14.0,2.0,0.0,0.0,4.0,4.0,58.9,13.0,4.0,0.3,0.0,0.0,0.0,0.0,0.0,0.0,0.0,0.0,0.0,0.0,0.0,2.0,0.0,0.0,0.0,0.0,0.0,0.0,747414,2025-11-30 13:30:00,2025
LASK Linz,10.0,1.0,0.0,0.0,8.0,4.0,38.0,18.0,7.0,0.4,0.0,0.0,0.0,0.0,0.0,0.0,0.0,0.0,0.0,0.0,0.0,3.0,0.0,0.0,0.0,0.0,0.0,0.0,Rapid Vienna,8.0,1.0,0.0,0.0,11.0,3.0,62.0,13.0,4.0,0.3,0.0,0.0,0.0,0.0,0.0,0.0,0.0,0.0,0.0,0.0,0.0,3.0,0.0,0.0,0.0,0.0,0.0,0.0,747417,2025-11-30 16:00:00,2025
SK Sturm Graz,13.0,1.0,1.0,0.0,5.0,6.0,51.7,7.0,3.0,0.4,0.0,0.0,0.0,0.0,0.0,0.0,0.0,0.0,0.0,0.0,0.0,2.0,0.0,0.0,0.0,0.0,0.0,0.0,WSG Swarovski Tirol,15.0,4.0,0.0,0.0,4.0,2.0,48.3,23.0,9.0,0.4,0.0,0.0,0.0,0.0,0.0,0.0,0.0,0.0,0.0,0.0,0.0,5.0,0.0,0.0,0.0,0.0,0.0,0.0,747350,2025-12-03 19:30:00,2025
FC Blau-Weiß Linz,15.0,2.0,0.0,0.0,7.0,6.0,41.5,14.0,2.0,0.1,0.0,0.0,0.0,0.0,0.0,0.0,0.0,0.0,0.0,0.0,0.0,6.0,0.0,0.0,0.0,0.0,0.0,0.0,RB Salzburg,8.0,1.0,0.0,0.0,2.0,2.0,58.5,11.0,8.0,0.7,0.0,0.0,0.0,0.0,0.0,0.0,0.0,0.0,0.0,0.0,0.0,3.0,0.0,0.0,0.0,0.0,0.0,0.0,747420,2025-12-06 16:00:00,2025
TSV Hartberg,10.0,4.0,1.0,0.0,4.0,4.0,31.4,11.0,4.0,0.4,0.0,0.0,0.0,0.0,0.0,0.0,0.0,0.0,0.0,0.0,0.0,3.0,0.0,0.0,0.0,0.0,0.0,0.0,LASK Linz,13.0,2.0,1.0,0.0,6.0,2.0,68.6,29.0,6.0,0.2,0.0,1.0,0.0,0.0,0.0,0.0,0.0,0.0,0.0,0.0,0.0,13.0,0.0,0.0,0.0,0.0,0.0,0.0,747424,2025-12-06 16:00:00,2025
Rapid Vienna,13.0,3.0,0.0,0.0,8.0,4.0,65.6,16.0,3.0,0.2,0.0,0.0,0.0,0.0,0.0,0.0,0.0,0.0,0.0,0.0,0.0,4.0,0.0,0.0,0.0,0.0,0.0,0.0,SV Josko Ried,16.0,3.0,0.0,0.0,1.0,2.0,34.4,11.0,6.0,0.5,1.0,1.0,0.0,0.0,0.0,0.0,0.0,0.0,0.0,0.0,0.0,1.0,0.0,0.0,0.0,0.0,0.0,0.0,747423,2025-12-06 16:00:00,2025
WSG Swarovski Tirol,4.0,3.0,0.0,0.0,5.0,1.0,53.3,12.0,4.0,0.3,0.0,0.0,0.0,0.0,0.0,0.0,0.0,0.0,0.0,0.0,0.0,5.0,0.0,0.0,0.0,0.0,0.0,0.0,SC Rheindorf Altach,7.0,1.0,0.0,0.0,2.0,4.0,46.7,13.0,4.0,0.3,0.0,0.0,0.0,0.0,0.0,0.0,0.0,0.0,0.0,0.0,0.0,3.0,0.0,0.0,0.0,0.0,0.0,0.0,747425,2025-12-07 13:30:00,2025
Wolfsberger,11.0,1.0,1.0,0.0,5.0,5.0,45.8,6.0,4.0,0.7,0.0,0.0,0.0,0.0,0.0,0.0,0.0,0.0,0.0,0.0,0.0,1.0,0.0,0.0,0.0,0.0,0.0,0.0,Austria Vienna,9.0,2.0,0.0,0.0,6.0,2.0,54.2,11.0,6.0,0.5,0.0,0.0,0.0,0.0,0.0,0.0,0.0,0.0,0.0,0.0,0.0,0.0,0.0,0.0,0.0,0.0,0.0,0.0,747421,2025-12-07 13:30:00,2025
SK Sturm Graz,17.0,2.0,0.0,0.0,8.0,1.0,46.4,15.0,6.0,0.4,0.0,0.0,0.0,0.0,0.0,0.0,0.0,0.0,0.0,0.0,0.0,3.0,0.0,0.0,0.0,0.0,0.0,0.0,Grazer AK,12.0,1.0,0.0,0.0,5.0,4.0,53.6,8.0,2.0,0.3,0.0,0.0,0.0,0.0,0.0,0.0,0.0,0.0,0.0,0.0,0.0,1.0,0.0,0.0,0.0,0.0,0.0,0.0,747422,2025-12-07 16:00:00,2025
TSV Hartberg,14.0,2.0,0.0,0.0,8.0,1.0,60.2,12.0,4.0,0.3,1.0,1.0,0.0,0.0,0.0,0.0,0.0,0.0,0.0,0.0,0.0,3.0,0.0,0.0,0.0,0.0,0.0,0.0,WSG Swarovski Tirol,11.0,2.0,1.0,0.0,1.0,2.0,39.8,9.0,2.0,0.2,0.0,0.0,0.0,0.0,0.0,0.0,0.0,0.0,0.0,0.0,0.0,4.0,0.0,0.0,0.0,0.0,0.0,0.0,747431,2025-12-13 16:00:00,2025
Grazer AK,10.0,1.0,0.0,0.0,8.0,5.0,48.5,13.0,3.0,0.2,0.0,0.0,0.0,0.0,0.0,0.0,0.0,0.0,0.0,0.0,0.0,5.0,0.0,0.0,0.0,0.0,0.0,0.0,LASK Linz,15.0,0.0,0.0,0.0,7.0,2.0,51.5,16.0,7.0,0.4,0.0,0.0,0.0,0.0,0.0,0.0,0.0,0.0,0.0,0.0,0.0,4.0,0.0,0.0,0.0,0.0,0.0,0.0,747429,2025-12-13 16:00:00,2025
SV Josko Ried,9.0,2.0,0.0,0.0,6.0,0.0,46.6,14.0,5.0,0.4,0.0,0.0,0.0,0.0,0.0,0.0,0.0,0.0,0.0,0.0,0.0,3.0,0.0,0.0,0.0,0.0,0.0,0.0,SC Rheindorf Altach,7.0,6.0,1.0,0.0,5.0,2.0,53.4,1.0,0.0,0.0,0.0,0.0,0.0,0.0,0.0,0.0,0.0,0.0,0.0,0.0,0.0,0.0,0.0,0.0,0.0,0.0,0.0,0.0,747430,2025-12-13 16:00:00,2025
RB Salzburg,12.0,2.0,1.0,0.0,7.0,2.0,58.8,17.0,4.0,0.2,0.0,1.0,0.0,0.0,0.0,0.0,0.0,0.0,0.0,0.0,0.0,6.0,0.0,0.0,0.0,0.0,0.0,0.0,Wolfsberger,8.0,1.0,0.0,0.0,3.0,2.0,41.2,6.0,3.0,0.5,1.0,1.0,0.0,0.0,0.0,0.0,0.0,0.0,0.0,0.0,0.0,0.0,0.0,0.0,0.0,0.0,0.0,0.0,747427,2025-12-14 13:30:00,2025
FC Blau-Weiß Linz,16.0,0.0,0.0,0.0,2.0,5.0,43.1,10.0,2.0,0.2,0.0,0.0,0.0,0.0,0.0,0.0,0.0,0.0,0.0,0.0,0.0,4.0,0.0,0.0,0.0,0.0,0.0,0.0,Rapid Vienna,15.0,6.0,0.0,0.0,10.0,1.0,56.9,11.0,6.0,0.5,0.0,0.0,0.0,0.0,0.0,0.0,0.0,0.0,0.0,0.0,0.0,1.0,0.0,0.0,0.0,0.0,0.0,0.0,747426,2025-12-14 13:30:00,2025
Austria Vienna,7.0,2.0,0.0,0.0,1.0,2.0,45.9,4.0,3.0,0.8,1.0,1.0,0.0,0.0,0.0,0.0,0.0,0.0,0.0,0.0,0.0,1.0,0.0,0.0,0.0,0.0,0.0,0.0,SK Sturm Graz,13.0,2.0,0.0,0.0,8.0,0.0,54.1,14.0,3.0,0.2,0.0,0.0,0.0,0.0,0.0,0.0,0.0,0.0,0.0,0.0,0.0,6.0,0.0,0.0,0.0,0.0,0.0,0.0,747428,2025-12-14 16:00:00,2025
RB Salzburg,5.0,0.0,0.0,0.0,6.0,1.0,72.2,16.0,3.0,0.2,0.0,0.0,0.0,0.0,0.0,0.0,0.0,0.0,0.0,0.0,0.0,7.0,0.0,0.0,0.0,0.0,0.0,0.0,Austria Vienna,9.0,1.0,0.0,0.0,2.0,4.0,27.8,7.0,3.0,0.4,0.0,0.0,0.0,0.0,0.0,0.0,0.0,0.0,0.0,0.0,0.0,2.0,0.0,0.0,0.0,0.0,0.0,0.0,747433,2026-02-06 19:30:00,2026
LASK Linz,14.0,0.0,0.0,0.0,6.0,3.0,52.9,11.0,4.0,0.4,0.0,0.0,0.0,0.0,0.0,0.0,0.0,0.0,0.0,0.0,0.0,3.0,0.0,0.0,0.0,0.0,0.0,0.0,WSG Swarovski Tirol,14.0,2.0,0.0,0.0,2.0,3.0,47.1,11.0,3.0,0.3,0.0,0.0,0.0,0.0,0.0,0.0,0.0,0.0,0.0,0.0,0.0,4.0,0.0,0.0,0.0,0.0,0.0,0.0,747434,2026-02-07 16:00:00,2026
Rapid Vienna,11.0,2.0,0.0,0.0,9.0,1.0,75.0,18.0,4.0,0.2,0.0,0.0,0.0,0.0,0.0,0.0,0.0,0.0,0.0,0.0,0.0,6.0,0.0,0.0,0.0,0.0,0.0,0.0,TSV Hartberg,21.0,1.0,0.0,0.0,2.0,3.0,25.0,6.0,2.0,0.3,0.0,0.0,0.0,0.0,0.0,0.0,0.0,0.0,0.0,0.0,0.0,1.0,0.0,0.0,0.0,0.0,0.0,0.0,747437,2026-02-07 16:00:00,2026
SC Rheindorf Altach,9.0,1.0,1.0,0.0,4.0,3.0,42.9,11.0,2.0,0.2,0.0,0.0,0.0,0.0,0.0,0.0,0.0,0.0,0.0,0.0,0.0,5.0,0.0,0.0,0.0,0.0,0.0,0.0,FC Blau-Weiß Linz,11.0,3.0,0.0,0.0,5.0,1.0,57.1,15.0,3.0,0.2,0.0,0.0,0.0,0.0,0.0,0.0,0.0,0.0,0.0,0.0,0.0,5.0,0.0,0.0,0.0,0.0,0.0,0.0,747432,2026-02-08 13:30:00,2026
Wolfsberger,5.0,2.0,1.0,0.0,4.0,8.0,39.6,8.0,3.0,0.4,0.0,0.0,0.0,0.0,0.0,0.0,0.0,0.0,0.0,0.0,0.0,2.0,0.0,0.0,0.0,0.0,0.0,0.0,Grazer AK,17.0,2.0,0.0,0.0,6.0,1.0,60.4,16.0,10.0,0.6,0.0,0.0,0.0,0.0,0.0,0.0,0.0,0.0,0.0,0.0,0.0,3.0,0.0,0.0,0.0,0.0,0.0,0.0,747435,2026-02-08 13:30:00,2026
SK Sturm Graz,6.0,0.0,0.0,0.0,1.0,1.0,54.0,7.0,4.0,0.6,0.0,0.0,0.0,0.0,0.0,0.0,0.0,0.0,0.0,0.0,0.0,0.0,0.0,0.0,0.0,0.0,0.0,0.0,SV Josko Ried,10.0,1.0,0.0,0.0,5.0,3.0,46.0,9.0,1.0,0.1,0.0,0.0,0.0,0.0,0.0,0.0,0.0,0.0,0.0,0.0,0.0,2.0,0.0,0.0,0.0,0.0,0.0,0.0,747436,2026-02-08 16:00:00,2026
SV Josko Ried,17.0,4.0,0.0,0.0,2.0,6.0,40.3,7.0,4.0,0.6,0.0,0.0,0.0,0.0,0.0,0.0,0.0,0.0,0.0,0.0,0.0,1.0,0.0,0.0,0.0,0.0,0.0,0.0,LASK Linz,9.0,3.0,0.0,0.0,7.0,3.0,59.7,24.0,7.0,0.3,2.0,1.0,0.0,0.0,0.0,0.0,0.0,0.0,0.0,0.0,0.0,8.0,0.0,0.0,0.0,0.0,0.0,0.0,747441,2026-02-14 16:00:00,2026
TSV Hartberg,9.0,1.0,0.0,0.0,4.0,0.0,51.2,9.0,5.0,0.6,0.0,0.0,0.0,0.0,0.0,0.0,0.0,0.0,0.0,0.0,0.0,1.0,0.0,0.0,0.0,0.0,0.0,0.0,SC Rheindorf Altach,13.0,3.0,0.0,0.0,5.0,5.0,48.8,11.0,0.0,0.0,0.0,0.0,0.0,0.0,0.0,0.0,0.0,0.0,0.0,0.0,0.0,2.0,0.0,0.0,0.0,0.0,0.0,0.0,747442,2026-02-14 16:00:00,2026
WSG Swarovski Tirol,6.0,0.0,0.0,0.0,7.0,2.0,45.7,13.0,4.0,0.3,0.0,0.0,0.0,0.0,0.0,0.0,0.0,0.0,0.0,0.0,0.0,1.0,0.0,0.0,0.0,0.0,0.0,0.0,SK Sturm Graz,8.0,1.0,0.0,0.0,1.0,3.0,54.3,7.0,2.0,0.3,0.0,0.0,0.0,0.0,0.0,0.0,0.0,0.0,0.0,0.0,0.0,0.0,0.0,0.0,0.0,0.0,0.0,0.0,747443,2026-02-14 16:00:00,2026
FC Blau-Weiß Linz,13.0,5.0,0.0,0.0,2.0,4.0,34.7,14.0,5.0,0.4,2.0,1.0,0.0,0.0,0.0,0.0,0.0,0.0,0.0,0.0,0.0,7.0,0.0,0.0,0.0,0.0,0.0,0.0,Wolfsberger,11.0,3.0,0.0,0.0,4.0,3.0,65.3,15.0,5.0,0.3,0.0,0.0,0.0,0.0,0.0,0.0,0.0,0.0,0.0,0.0,0.0,4.0,0.0,0.0,0.0,0.0,0.0,0.0,747438,2026-02-15 13:30:00,2026
Grazer AK,9.0,3.0,0.0,0.0,1.0,5.0,33.9,11.0,2.0,0.2,0.0,0.0,0.0,0.0,0.0,0.0,0.0,0.0,0.0,0.0,0.0,2.0,0.0,0.0,0.0,0.0,0.0,0.0,RB Salzburg,8.0,0.0,0.0,0.0,10.0,0.0,66.1,14.0,6.0,0.4,0.0,0.0,0.0,0.0,0.0,0.0,0.0,0.0,0.0,0.0,0.0,3.0,0.0,0.0,0.0,0.0,0.0,0.0,747440,2026-02-15 13:30:00,2026
Austria Vienna,20.0,1.0,0.0,0.0,4.0,1.0,40.4,8.0,4.0,0.5,0.0,0.0,0.0,0.0,0.0,0.0,0.0,0.0,0.0,0.0,0.0,1.0,0.0,0.0,0.0,0.0,0.0,0.0,Rapid Vienna,10.0,3.0,0.0,0.0,3.0,2.0,59.6,3.0,1.0,0.3,0.0,0.0,0.0,0.0,0.0,0.0,0.0,0.0,0.0,0.0,0.0,1.0,0.0,0.0,0.0,0.0,0.0,0.0,747439,2026-02-15 16:00:00,2026
SC Rheindorf Altach,7.0,1.0,0.0,0.0,3.0,3.0,47.4,7.0,3.0,0.4,0.0,0.0,0.0,0.0,0.0,0.0,0.0,0.0,0.0,0.0,0.0,1.0,0.0,0.0,0.0,0.0,0.0,0.0,Austria Vienna,19.0,4.0,0.0,0.0,4.0,1.0,52.6,8.0,4.0,0.5,0.0,0.0,0.0,0.0,0.0,0.0,0.0,0.0,0.0,0.0,0.0,1.0,0.0,0.0,0.0,0.0,0.0,0.0,747444,2026-02-21 16:00:00,2026
TSV Hartberg,14.0,2.0,0.0,0.0,5.0,2.0,43.4,11.0,5.0,0.5,0.0,0.0,0.0,0.0,0.0,0.0,0.0,0.0,0.0,0.0,0.0,3.0,0.0,0.0,0.0,0.0,0.0,0.0,Grazer AK,12.0,1.0,0.0,0.0,5.0,4.0,56.6,8.0,2.0,0.3,0.0,0.0,0.0,0.0,0.0,0.0,0.0,0.0,0.0,0.0,0.0,5.0,0.0,0.0,0.0,0.0,0.0,0.0,747448,2026-02-21 16:00:00,2026
Rapid Vienna,13.0,5.0,0.0,0.0,2.0,5.0,48.6,7.0,3.0,0.4,0.0,0.0,0.0,0.0,0.0,0.0,0.0,0.0,0.0,0.0,0.0,0.0,0.0,0.0,0.0,0.0,0.0,0.0,Wolfsberger,14.0,2.0,0.0,0.0,2.0,1.0,51.4,14.0,5.0,0.4,0.0,0.0,0.0,0.0,0.0,0.0,0.0,0.0,0.0,0.0,0.0,4.0,0.0,0.0,0.0,0.0,0.0,0.0,747447,2026-02-21 16:00:00,2026
WSG Swarovski Tirol,15.0,3.0,0.0,0.0,6.0,2.0,48.2,15.0,5.0,0.3,0.0,0.0,0.0,0.0,0.0,0.0,0.0,0.0,0.0,0.0,0.0,7.0,0.0,0.0,0.0,0.0,0.0,0.0,SV Josko Ried,12.0,4.0,0.0,0.0,8.0,4.0,51.8,19.0,4.0,0.2,0.0,0.0,0.0,0.0,0.0,0.0,0.0,0.0,0.0,0.0,0.0,8.0,0.0,0.0,0.0,0.0,0.0,0.0,747449,2026-02-22 13:30:00,2026
SK Sturm Graz,16.0,5.0,1.0,0.0,3.0,4.0,40.2,14.0,5.0,0.4,2.0,1.0,0.0,0.0,0.0,0.0,0.0,0.0,0.0,0.0,0.0,3.0,0.0,0.0,0.0,0.0,0.0,0.0,FC Blau-Weiß Linz,9.0,3.0,0.0,0.0,10.0,4.0,59.8,17.0,4.0,0.2,0.0,0.0,0.0,0.0,0.0,0.0,0.0,0.0,0.0,0.0,0.0,7.0,0.0,0.0,0.0,0.0,0.0,0.0,747446,2026-02-22 13:30:00,2026
LASK Linz,9.0,0.0,0.0,0.0,4.0,7.0,34.6,13.0,4.0,0.3,0.0,0.0,0.0,0.0,0.0,0.0,0.0,0.0,0.0,0.0,0.0,2.0,0.0,0.0,0.0,0.0,0.0,0.0,RB Salzburg,9.0,1.0,0.0,0.0,8.0,3.0,65.4,17.0,12.0,0.7,0.0,0.0,0.0,0.0,0.0,0.0,0.0,0.0,0.0,0.0,0.0,3.0,0.0,0.0,0.0,0.0,0.0,0.0,747445,2026-02-22 16:00:00,2026
SC Rheindorf Altach,11.0,2.0,0.0,0.0,3.0,2.0,51.5,11.0,3.0,0.3,0.0,0.0,0.0,0.0,0.0,0.0,0.0,0.0,0.0,0.0,0.0,2.0,0.0,0.0,0.0,0.0,0.0,0.0,Rapid Vienna,8.0,2.0,1.0,0.0,3.0,2.0,48.5,9.0,3.0,0.3,0.0,0.0,0.0,0.0,0.0,0.0,0.0,0.0,0.0,0.0,0.0,3.0,0.0,0.0,0.0,0.0,0.0,0.0,747450,2026-03-01 16:00:00,2026
FC Blau-Weiß Linz,17.0,2.0,0.0,0.0,2.0,0.0,58.7,10.0,4.0,0.4,0.0,0.0,0.0,0.0,0.0,0.0,0.0,0.0,0.0,0.0,0.0,2.0,0.0,0.0,0.0,0.0,0.0,0.0,WSG Swarovski Tirol,15.0,3.0,0.0,0.0,5.0,2.0,41.3,17.0,3.0,0.2,0.0,0.0,0.0,0.0,0.0,0.0,0.0,0.0,0.0,0.0,0.0,10.0,0.0,0.0,0.0,0.0,0.0,0.0,747451,2026-03-01 16:00:00,2026
Wolfsberger,10.0,2.0,1.0,0.0,1.0,4.0,45.6,11.0,3.0,0.3,0.0,0.0,0.0,0.0,0.0,0.0,0.0,0.0,0.0,0.0,0.0,4.0,0.0,0.0,0.0,0.0,0.0,0.0,SK Sturm Graz,10.0,5.0,0.0,0.0,6.0,1.0,54.4,20.0,6.0,0.3,2.0,2.0,0.0,0.0,0.0,0.0,0.0,0.0,0.0,0.0,0.0,10.0,0.0,0.0,0.0,0.0,0.0,0.0,747455,2026-03-01 16:00:00,2026
Grazer AK,13.0,5.0,1.0,0.0,3.0,1.0,43.2,9.0,4.0,0.4,0.0,0.0,0.0,0.0,0.0,0.0,0.0,0.0,0.0,0.0,0.0,2.0,0.0,0.0,0.0,0.0,0.0,0.0,SV Josko Ried,13.0,3.0,0.0,0.0,2.0,2.0,56.8,11.0,2.0,0.2,0.0,0.0,0.0,0.0,0.0,0.0,0.0,0.0,0.0,0.0,0.0,5.0,0.0,0.0,0.0,0.0,0.0,0.0,747454,2026-03-01 16:00:00,2026
RB Salzburg,9.0,2.0,0.0,0.0,11.0,2.0,78.3,32.0,4.0,0.1,0.0,0.0,0.0,0.0,0.0,0.0,0.0,0.0,0.0,0.0,0.0,16.0,0.0,0.0,0.0,0.0,0.0,0.0,TSV Hartberg,9.0,1.0,0.0,0.0,2.0,4.0,21.7,7.0,2.0,0.3,0.0,0.0,0.0,0.0,0.0,0.0,0.0,0.0,0.0,0.0,0.0,2.0,0.0,0.0,0.0,0.0,0.0,0.0,747452,2026-03-01 16:00:00,2026
Austria Vienna,9.0,3.0,0.0,0.0,4.0,3.0,56.3,15.0,8.0,0.5,2.0,1.0,0.0,0.0,0.0,0.0,0.0,0.0,0.0,0.0,0.0,3.0,0.0,0.0,0.0,0.0,0.0,0.0,LASK Linz,12.0,0.0,0.0,0.0,3.0,5.0,43.7,11.0,5.0,0.5,0.0,0.0,0.0,0.0,0.0,0.0,0.0,0.0,0.0,0.0,0.0,2.0,0.0,0.0,0.0,0.0,0.0,0.0,747453,2026-03-01 16:00:00,2026
SV Josko Ried,6.0,1.0,0.0,0.0,4.0,3.0,52.2,12.0,2.0,0.2,0.0,0.0,0.0,0.0,0.0,0.0,0.0,0.0,0.0,0.0,0.0,5.0,0.0,0.0,0.0,0.0,0.0,0.0,Austria Vienna,16.0,3.0,0.0,0.0,7.0,2.0,47.8,11.0,4.0,0.4,0.0,0.0,0.0,0.0,0.0,0.0,0.0,0.0,0.0,0.0,0.0,3.0,0.0,0.0,0.0,0.0,0.0,0.0,747459,2026-03-08 16:00:00,2026
TSV Hartberg,10.0,0.0,0.0,0.0,3.0,3.0,51.4,9.0,1.0,0.1,0.0,0.0,0.0,0.0,0.0,0.0,0.0,0.0,0.0,0.0,0.0,1.0,0.0,0.0,0.0,0.0,0.0,0.0,FC Blau-Weiß Linz,11.0,0.0,0.0,0.0,5.0,1.0,48.6,14.0,4.0,0.3,0.0,0.0,0.0,0.0,0.0,0.0,0.0,0.0,0.0,0.0,0.0,2.0,0.0,0.0,0.0,0.0,0.0,0.0,747460,2026-03-08 16:00:00,2026
Rapid Vienna,9.0,1.0,0.0,0.0,0.0,5.0,31.7,3.0,1.0,0.3,0.0,0.0,0.0,0.0,0.0,0.0,0.0,0.0,0.0,0.0,0.0,1.0,0.0,0.0,0.0,0.0,0.0,0.0,RB Salzburg,12.0,3.0,0.0,0.0,5.0,0.0,68.3,15.0,5.0,0.3,0.0,0.0,0.0,0.0,0.0,0.0,0.0,0.0,0.0,0.0,0.0,4.0,0.0,0.0,0.0,0.0,0.0,0.0,747458,2026-03-08 16:00:00,2026
WSG Swarovski Tirol,10.0,3.0,0.0,0.0,8.0,3.0,49.7,17.0,3.0,0.2,0.0,0.0,0.0,0.0,0.0,0.0,0.0,0.0,0.0,0.0,0.0,5.0,0.0,0.0,0.0,0.0,0.0,0.0,Grazer AK,11.0,1.0,1.0,0.0,4.0,1.0,50.3,6.0,3.0,0.5,0.0,0.0,0.0,0.0,0.0,0.0,0.0,0.0,0.0,0.0,0.0,1.0,0.0,0.0,0.0,0.0,0.0,0.0,747461,2026-03-08 16:00:00,2026
SK Sturm Graz,12.0,1.0,0.0,0.0,6.0,3.0,48.1,14.0,4.0,0.3,0.0,0.0,0.0,0.0,0.0,0.0,0.0,0.0,0.0,0.0,0.0,4.0,0.0,0.0,0.0,0.0,0.0,0.0,SC Rheindorf Altach,13.0,1.0,1.0,0.0,3.0,1.0,51.9,10.0,4.0,0.4,0.0,0.0,0.0,0.0,0.0,0.0,0.0,0.0,0.0,0.0,0.0,3.0,0.0,0.0,0.0,0.0,0.0,0.0,747457,2026-03-08 16:00:00,2026
LASK Linz,8.0,0.0,0.0,0.0,2.0,5.0,45.2,22.0,8.0,0.4,0.0,0.0,0.0,0.0,0.0,0.0,0.0,0.0,0.0,0.0,0.0,5.0,0.0,0.0,0.0,0.0,0.0,0.0,Wolfsberger,6.0,3.0,0.0,0.0,6.0,5.0,54.8,12.0,6.0,0.5,0.0,0.0,0.0,0.0,0.0,0.0,0.0,0.0,0.0,0.0,0.0,2.0,0.0,0.0,0.0,0.0,0.0,0.0,747456,2026-03-08 16:00:00,2026
LASK Linz,16.0,1.0,0.0,0.0,12.0,0.0,51.7,29.0,4.0,0.1,0.0,0.0,0.0,0.0,0.0,0.0,0.0,0.0,0.0,0.0,0.0,9.0,0.0,0.0,0.0,0.0,0.0,0.0,TSV Hartberg,12.0,4.0,1.0,0.0,2.0,4.0,48.3,6.0,0.0,0.0,0.0,0.0,0.0,0.0,0.0,0.0,0.0,0.0,0.0,0.0,0.0,2.0,0.0,0.0,0.0,0.0,0.0,0.0,401863955,2026-03-13 18:30:00,2026
SC Rheindorf Altach,16.0,2.0,0.0,0.0,4.0,5.0,50.2,9.0,4.0,0.4,0.0,0.0,0.0,0.0,0.0,0.0,0.0,0.0,0.0,0.0,0.0,2.0,0.0,0.0,0.0,0.0,0.0,0.0,FC Blau-Weiß Linz,11.0,4.0,0.0,0.0,5.0,2.0,49.8,16.0,7.0,0.4,0.0,0.0,0.0,0.0,0.0,0.0,0.0,0.0,0.0,0.0,0.0,3.0,0.0,0.0,0.0,0.0,0.0,0.0,401863958,2026-03-14 16:00:00,2026
SV Josko Ried,18.0,2.0,0.0,0.0,5.0,2.0,50.5,12.0,3.0,0.3,4.0,2.0,0.0,0.0,0.0,0.0,0.0,0.0,0.0,0.0,0.0,1.0,0.0,0.0,0.0,0.0,0.0,0.0,WSG Swarovski Tirol,10.0,1.0,0.0,0.0,5.0,1.0,49.5,7.0,3.0,0.4,0.0,0.0,0.0,0.0,0.0,0.0,0.0,0.0,0.0,0.0,0.0,1.0,0.0,0.0,0.0,0.0,0.0,0.0,401863957,2026-03-14 16:00:00,2026
Grazer AK,14.0,0.0,0.0,0.0,5.0,4.0,43.7,11.0,3.0,0.3,0.0,0.0,0.0,0.0,0.0,0.0,0.0,0.0,0.0,0.0,0.0,0.0,0.0,0.0,0.0,0.0,0.0,0.0,Wolfsberger,13.0,4.0,0.0,0.0,2.0,1.0,56.3,15.0,5.0,0.3,0.0,0.0,0.0,0.0,0.0,0.0,0.0,0.0,0.0,0.0,0.0,2.0,0.0,0.0,0.0,0.0,0.0,0.0,401863956,2026-03-14 16:00:00,2026
RB Salzburg,16.0,1.0,1.0,0.0,3.0,2.0,50.5,19.0,4.0,0.2,0.0,0.0,0.0,0.0,0.0,0.0,0.0,0.0,0.0,0.0,0.0,7.0,0.0,0.0,0.0,0.0,0.0,0.0,Rapid Vienna,12.0,4.0,0.0,0.0,3.0,2.0,49.5,11.0,3.0,0.3,0.0,0.0,0.0,0.0,0.0,0.0,0.0,0.0,0.0,0.0,0.0,4.0,0.0,0.0,0.0,0.0,0.0,0.0,401863959,2026-03-15 13:30:00,2026
Austria Vienna,15.0,4.0,1.0,0.0,7.0,5.0,48.4,20.0,8.0,0.4,0.0,0.0,0.0,0.0,0.0,0.0,0.0,0.0,0.0,0.0,0.0,7.0,0.0,0.0,0.0,0.0,0.0,0.0,SK Sturm Graz,7.0,1.0,1.0,0.0,3.0,5.0,51.6,18.0,9.0,0.5,2.0,1.0,0.0,0.0,0.0,0.0,0.0,0.0,0.0,0.0,0.0,5.0,0.0,0.0,0.0,0.0,0.0,0.0,401863960,2026-03-15 16:00:00,2026
SK Sturm Graz,13.0,3.0,0.0,0.0,4.0,0.0,47.3,14.0,3.0,0.2,0.0,0.0,0.0,0.0,0.0,0.0,0.0,0.0,0.0,0.0,0.0,5.0,0.0,0.0,0.0,0.0,0.0,0.0,RB Salzburg,12.0,3.0,1.0,0.0,1.0,2.0,52.7,15.0,1.0,0.1,0.0,0.0,0.0,0.0,0.0,0.0,0.0,0.0,0.0,0.0,0.0,5.0,0.0,0.0,0.0,0.0,0.0,0.0,401863961,2026-03-20 18:30:00,2026
WSG Swarovski Tirol,13.0,2.0,0.0,0.0,0.0,4.0,41.5,5.0,2.0,0.4,0.0,0.0,0.0,0.0,0.0,0.0,0.0,0.0,0.0,0.0,0.0,0.0,0.0,0.0,0.0,0.0,0.0,0.0,Grazer AK,7.0,3.0,0.0,0.0,4.0,0.0,58.5,17.0,9.0,0.5,4.0,2.0,0.0,0.0,0.0,0.0,0.0,0.0,0.0,0.0,0.0,3.0,0.0,0.0,0.0,0.0,0.0,0.0,401863964,2026-03-21 16:00:00,2026
FC Blau-Weiß Linz,7.0,1.0,0.0,0.0,12.0,0.0,61.0,33.0,9.0,0.3,2.0,1.0,0.0,0.0,0.0,0.0,0.0,0.0,0.0,0.0,0.0,9.0,0.0,0.0,0.0,0.0,0.0,0.0,SV Josko Ried,14.0,3.0,1.0,0.0,0.0,5.0,39.0,4.0,2.0,0.5,2.0,1.0,0.0,0.0,0.0,0.0,0.0,0.0,0.0,0.0,0.0,0.0,0.0,0.0,0.0,0.0,0.0,0.0,401863962,2026-03-21 16:00:00,2026
Wolfsberger,6.0,2.0,0.0,0.0,12.0,0.0,48.7,16.0,6.0,0.4,0.0,0.0,0.0,0.0,0.0,0.0,0.0,0.0,0.0,0.0,0.0,5.0,0.0,0.0,0.0,0.0,0.0,0.0,SC Rheindorf Altach,12.0,1.0,0.0,0.0,2.0,5.0,51.3,11.0,1.0,0.1,0.0,0.0,0.0,0.0,0.0,0.0,0.0,0.0,0.0,0.0,0.0,2.0,0.0,0.0,0.0,0.0,0.0,0.0,401863963,2026-03-21 16:00:00,2026
TSV Hartberg,13.0,0.0,1.0,0.0,1.0,1.0,40.4,2.0,1.0,0.5,0.0,0.0,0.0,0.0,0.0,0.0,0.0,0.0,0.0,0.0,0.0,1.0,0.0,0.0,0.0,0.0,0.0,0.0,Austria Vienna,11.0,5.0,0.0,0.0,3.0,1.0,59.6,12.0,3.0,0.3,0.0,0.0,0.0,0.0,0.0,0.0,0.0,0.0,0.0,0.0,0.0,4.0,0.0,0.0,0.0,0.0,0.0,0.0,401863965,2026-03-22 13:30:00,2026
Rapid Vienna,11.0,2.0,0.0,0.0,6.0,3.0,51.9,9.0,6.0,0.7,2.0,1.0,0.0,0.0,0.0,0.0,0.0,0.0,0.0,0.0,0.0,2.0,0.0,0.0,0.0,0.0,0.0,0.0,LASK Linz,6.0,0.0,0.0,0.0,1.0,2.0,48.1,13.0,5.0,0.4,0.0,0.0,0.0,0.0,0.0,0.0,0.0,0.0,0.0,0.0,0.0,4.0,0.0,0.0,0.0,0.0,0.0,0.0,401863966,2026-03-22 16:00:00,2026
SV Josko Ried,9.0,3.0,0.0,0.0,5.0,1.0,54.6,12.0,5.0,0.4,2.0,1.0,0.0,0.0,0.0,0.0,0.0,0.0,0.0,0.0,0.0,4.0,0.0,0.0,0.0,0.0,0.0,0.0,SC Rheindorf Altach,11.0,1.0,1.0,0.0,1.0,2.0,45.4,6.0,3.0,0.5,0.0,0.0,0.0,0.0,0.0,0.0,0.0,0.0,0.0,0.0,0.0,1.0,0.0,0.0,0.0,0.0,0.0,0.0,401863967,2026-04-03 17:30:00,2026
WSG Swarovski Tirol,8.0,0.0,0.0,0.0,5.0,2.0,46.4,20.0,6.0,0.3,2.0,1.0,0.0,0.0,0.0,0.0,0.0,0.0,0.0,0.0,0.0,7.0,0.0,0.0,0.0,0.0,0.0,0.0,Wolfsberger,15.0,0.0,0.0,0.0,7.0,3.0,53.6,8.0,3.0,0.4,0.0,0.0,0.0,0.0,0.0,0.0,0.0,0.0,0.0,0.0,0.0,3.0,0.0,0.0,0.0,0.0,0.0,0.0,401863969,2026-04-04 15:00:00,2026
Grazer AK,9.0,2.0,0.0,0.0,4.0,3.0,59.3,10.0,2.0,0.2,2.0,1.0,0.0,0.0,0.0,0.0,0.0,0.0,0.0,0.0,0.0,3.0,0.0,0.0,0.0,0.0,0.0,0.0,FC Blau-Weiß Linz,13.0,2.0,0.0,0.0,0.0,0.0,40.7,8.0,4.0,0.5,0.0,0.0,0.0,0.0,0.0,0.0,0.0,0.0,0.0,0.0,0.0,2.0,0.0,0.0,0.0,0.0,0.0,0.0,401863968,2026-04-04 15:00:00,2026
LASK Linz,13.0,0.0,0.0,0.0,9.0,0.0,73.3,23.0,9.0,0.4,0.0,0.0,0.0,0.0,0.0,0.0,0.0,0.0,0.0,0.0,0.0,4.0,0.0,0.0,0.0,0.0,0.0,0.0,Austria Vienna,7.0,0.0,1.0,0.0,3.0,4.0,26.7,3.0,1.0,0.3,0.0,0.0,0.0,0.0,0.0,0.0,0.0,0.0,0.0,0.0,0.0,0.0,0.0,0.0,0.0,0.0,0.0,0.0,401863970,2026-04-05 12:30:00,2026
TSV Hartberg,7.0,2.0,1.0,0.0,2.0,6.0,38.2,14.0,3.0,0.2,0.0,0.0,0.0,0.0,0.0,0.0,0.0,0.0,0.0,0.0,0.0,2.0,0.0,0.0,0.0,0.0,0.0,0.0,RB Salzburg,8.0,3.0,0.0,0.0,7.0,2.0,61.8,21.0,8.0,0.4,0.0,0.0,0.0,0.0,0.0,0.0,0.0,0.0,0.0,0.0,0.0,7.0,0.0,0.0,0.0,0.0,0.0,0.0,401864011,2026-04-05 12:30:00,2026
Rapid Vienna,10.0,4.0,0.0,0.0,5.0,5.0,65.8,5.0,0.0,0.0,0.0,0.0,0.0,0.0,0.0,0.0,0.0,0.0,0.0,0.0,0.0,1.0,0.0,0.0,0.0,0.0,0.0,0.0,SK Sturm Graz,14.0,4.0,0.0,0.0,8.0,0.0,34.2,16.0,7.0,0.4,0.0,0.0,0.0,0.0,0.0,0.0,0.0,0.0,0.0,0.0,0.0,6.0,0.0,0.0,0.0,0.0,0.0,0.0,401864012,2026-04-05 15:00:00,2026
RB Salzburg,8.0,0.0,0.0,0.0,4.0,2.0,66.1,11.0,4.0,0.4,0.0,0.0,0.0,0.0,0.0,0.0,0.0,0.0,0.0,0.0,0.0,2.0,0.0,0.0,0.0,0.0,0.0,0.0,LASK Linz,12.0,2.0,0.0,0.0,2.0,2.0,33.9,18.0,5.0,0.3,0.0,0.0,0.0,0.0,0.0,0.0,0.0,0.0,0.0,0.0,0.0,4.0,0.0,0.0,0.0,0.0,0.0,0.0,401864013,2026-04-10 17:30:00,2026
Wolfsberger,9.0,0.0,0.0,0.0,7.0,4.0,38.7,11.0,2.0,0.2,0.0,0.0,0.0,0.0,0.0,0.0,0.0,0.0,0.0,0.0,0.0,4.0,0.0,0.0,0.0,0.0,0.0,0.0,SV Josko Ried,13.0,2.0,0.0,0.0,5.0,2.0,61.3,8.0,4.0,0.5,0.0,0.0,0.0,0.0,0.0,0.0,0.0,0.0,0.0,0.0,0.0,2.0,0.0,0.0,0.0,0.0,0.0,0.0,401864014,2026-04-11 15:00:00,2026
SC Rheindorf Altach,14.0,1.0,0.0,0.0,0.0,5.0,44.2,8.0,2.0,0.3,0.0,0.0,0.0,0.0,0.0,0.0,0.0,0.0,0.0,0.0,0.0,0.0,0.0,0.0,0.0,0.0,0.0,0.0,Grazer AK,8.0,0.0,0.0,0.0,3.0,1.0,55.8,8.0,5.0,0.6,0.0,0.0,0.0,0.0,0.0,0.0,0.0,0.0,0.0,0.0,0.0,0.0,0.0,0.0,0.0,0.0,0.0,0.0,401864015,2026-04-11 15:00:00,2026
FC Blau-Weiß Linz,5.0,1.0,0.0,0.0,6.0,0.0,52.3,15.0,6.0,0.4,4.0,2.0,0.0,0.0,0.0,0.0,0.0,0.0,0.0,0.0,0.0,7.0,0.0,0.0,0.0,0.0,0.0,0.0,WSG Swarovski Tirol,9.0,3.0,0.0,0.0,1.0,1.0,47.7,3.0,0.0,0.0,0.0,0.0,0.0,0.0,0.0,0.0,0.0,0.0,0.0,0.0,0.0,2.0,0.0,0.0,0.0,0.0,0.0,0.0,401864016,2026-04-11 17:30:00,2026
SK Sturm Graz,10.0,2.0,0.0,0.0,5.0,0.0,61.1,24.0,1.0,0.0,0.0,0.0,0.0,0.0,0.0,0.0,0.0,0.0,0.0,0.0,0.0,11.0,0.0,0.0,0.0,0.0,0.0,0.0,TSV Hartberg,10.0,2.0,0.0,0.0,8.0,1.0,38.9,17.0,0.0,0.0,0.0,0.0,0.0,0.0,0.0,0.0,0.0,0.0,0.0,0.0,0.0,10.0,0.0,0.0,0.0,0.0,0.0,0.0,401864017,2026-04-12 12:30:00,2026
Austria Vienna,16.0,2.0,0.0,0.0,6.0,2.0,33.4,6.0,1.0,0.2,0.0,0.0,0.0,0.0,0.0,0.0,0.0,0.0,0.0,0.0,0.0,1.0,0.0,0.0,0.0,0.0,0.0,0.0,Rapid Vienna,9.0,2.0,0.0,0.0,6.0,0.0,66.6,8.0,3.0,0.4,0.0,0.0,0.0,0.0,0.0,0.0,0.0,0.0,0.0,0.0,0.0,3.0,0.0,0.0,0.0,0.0,0.0,0.0,401864018,2026-04-12 15:00:00,2026
Grazer AK,10.0,2.0,0.0,0.0,4.0,3.0,45.8,13.0,2.0,0.2,0.0,0.0,0.0,0.0,0.0,0.0,0.0,0.0,0.0,0.0,0.0,1.0,0.0,0.0,0.0,0.0,0.0,0.0,SV Josko Ried,14.0,2.0,0.0,0.0,8.0,1.0,54.2,18.0,4.0,0.2,0.0,0.0,0.0,0.0,0.0,0.0,0.0,0.0,0.0,0.0,0.0,3.0,0.0,0.0,0.0,0.0,0.0,0.0,401864019,2026-04-17 17:30:00,2026
WSG Swarovski Tirol,8.0,1.0,0.0,0.0,6.0,6.0,51.3,17.0,8.0,0.5,0.0,0.0,0.0,0.0,0.0,0.0,0.0,0.0,0.0,0.0,0.0,3.0,0.0,0.0,0.0,0.0,0.0,0.0,SC Rheindorf Altach,12.0,0.0,1.0,0.0,2.0,6.0,48.7,12.0,8.0,0.7,0.0,0.0,0.0,0.0,0.0,0.0,0.0,0.0,0.0,0.0,0.0,2.0,0.0,0.0,0.0,0.0,0.0,0.0,401864021,2026-04-18 15:00:00,2026
Wolfsberger,15.0,2.0,0.0,0.0,5.0,6.0,49.4,8.0,1.0,0.1,0.0,0.0,0.0,0.0,0.0,0.0,0.0,0.0,0.0,0.0,0.0,1.0,0.0,0.0,0.0,0.0,0.0,0.0,FC Blau-Weiß Linz,15.0,2.0,0.0,0.0,11.0,1.0,50.6,15.0,6.0,0.4,0.0,0.0,0.0,0.0,0.0,0.0,0.0,0.0,0.0,0.0,0.0,4.0,0.0,0.0,0.0,0.0,0.0,0.0,401864020,2026-04-18 15:00:00,2026
TSV Hartberg,14.0,2.0,0.0,0.0,4.0,2.0,32.2,10.0,4.0,0.4,0.0,0.0,0.0,0.0,0.0,0.0,0.0,0.0,0.0,0.0,0.0,5.0,0.0,0.0,0.0,0.0,0.0,0.0,Rapid Vienna,10.0,2.0,0.0,0.0,4.0,2.0,67.8,19.0,4.0,0.2,0.0,0.0,0.0,0.0,0.0,0.0,0.0,0.0,0.0,0.0,0.0,9.0,0.0,0.0,0.0,0.0,0.0,0.0,401864023,2026-04-19 12:30:00,2026
Austria Vienna,15.0,2.0,0.0,0.0,6.0,1.0,55.3,6.0,4.0,0.7,0.0,0.0,0.0,0.0,0.0,0.0,0.0,0.0,0.0,0.0,0.0,0.0,0.0,0.0,0.0,0.0,0.0,0.0,RB Salzburg,17.0,4.0,0.0,0.0,1.0,3.0,44.7,6.0,4.0,0.7,0.0,0.0,0.0,0.0,0.0,0.0,0.0,0.0,0.0,0.0,0.0,1.0,0.0,0.0,0.0,0.0,0.0,0.0,401864022,2026-04-19 12:30:00,2026
LASK Linz,7.0,0.0,0.0,0.0,7.0,1.0,63.0,29.0,5.0,0.2,0.0,0.0,0.0,0.0,0.0,0.0,0.0,0.0,0.0,0.0,0.0,5.0,0.0,0.0,0.0,0.0,0.0,0.0,SK Sturm Graz,19.0,3.0,0.0,0.0,2.0,4.0,37.0,4.0,2.0,0.5,2.0,1.0,0.0,0.0,0.0,0.0,0.0,0.0,0.0,0.0,0.0,1.0,0.0,0.0,0.0,0.0,0.0,0.0,401864024,2026-04-19 15:00:00,2026
FC Blau-Weiß Linz,15.0,2.0,0.0,0.0,5.0,1.0,40.0,11.0,4.0,0.4,0.0,0.0,0.0,0.0,0.0,0.0,0.0,0.0,0.0,0.0,0.0,1.0,0.0,0.0,0.0,0.0,0.0,0.0,Wolfsberger,13.0,3.0,0.0,0.0,3.0,1.0,60.0,13.0,1.0,0.1,0.0,0.0,0.0,0.0,0.0,0.0,0.0,0.0,0.0,0.0,0.0,3.0,0.0,0.0,0.0,0.0,0.0,0.0,401864026,2026-04-21 16:30:00,2026
SC Rheindorf Altach,12.0,1.0,0.0,0.0,5.0,6.0,56.8,6.0,3.0,0.5,0.0,0.0,0.0,0.0,0.0,0.0,0.0,0.0,0.0,0.0,0.0,1.0,0.0,0.0,0.0,0.0,0.0,0.0,WSG Swarovski Tirol,14.0,3.0,0.0,0.0,5.0,3.0,43.2,11.0,6.0,0.5,0.0,0.0,0.0,0.0,0.0,0.0,0.0,0.0,0.0,0.0,0.0,1.0,0.0,0.0,0.0,0.0,0.0,0.0,401864025,2026-04-21 16:30:00,2026
SV Josko Ried,8.0,2.0,0.0,0.0,5.0,1.0,49.6,17.0,6.0,0.4,0.0,0.0,0.0,0.0,0.0,0.0,0.0,0.0,0.0,0.0,0.0,4.0,0.0,0.0,0.0,0.0,0.0,0.0,Grazer AK,13.0,4.0,0.0,0.0,4.0,4.0,50.4,5.0,2.0,0.4,0.0,0.0,0.0,0.0,0.0,0.0,0.0,0.0,0.0,0.0,0.0,1.0,0.0,0.0,0.0,0.0,0.0,0.0,401864027,2026-04-21 18:30:00,2026
Rapid Vienna,11.0,4.0,0.0,0.0,11.0,0.0,62.1,14.0,3.0,0.2,0.0,1.0,0.0,0.0,0.0,0.0,0.0,0.0,0.0,0.0,0.0,4.0,0.0,0.0,0.0,0.0,0.0,0.0,TSV Hartberg,20.0,0.0,0.0,0.0,1.0,2.0,37.9,4.0,2.0,0.5,0.0,0.0,0.0,0.0,0.0,0.0,0.0,0.0,0.0,0.0,0.0,0.0,0.0,0.0,0.0,0.0,0.0,0.0,401864028,2026-04-22 16:30:00,2026
RB Salzburg,4.0,2.0,0.0,0.0,5.0,1.0,52.6,12.0,4.0,0.3,0.0,0.0,0.0,0.0,0.0,0.0,0.0,0.0,0.0,0.0,0.0,5.0,0.0,0.0,0.0,0.0,0.0,0.0,Austria Vienna,11.0,3.0,0.0,0.0,0.0,2.0,47.4,7.0,2.0,0.3,0.0,0.0,0.0,0.0,0.0,0.0,0.0,0.0,0.0,0.0,0.0,1.0,0.0,0.0,0.0,0.0,0.0,0.0,401864029,2026-04-22 16:30:00,2026
SK Sturm Graz,6.0,3.0,0.0,0.0,7.0,4.0,72.2,21.0,4.0,0.2,2.0,1.0,0.0,0.0,0.0,0.0,0.0,0.0,0.0,0.0,0.0,7.0,0.0,0.0,0.0,0.0,0.0,0.0,LASK Linz,12.0,1.0,2.0,0.0,5.0,3.0,27.8,9.0,5.0,0.6,0.0,0.0,0.0,0.0,0.0,0.0,0.0,0.0,0.0,0.0,0.0,1.0,0.0,0.0,0.0,0.0,0.0,0.0,401864030,2026-04-22 18:30:00,2026
FC Blau-Weiß Linz,5.0,0.0,0.0,0.0,5.0,1.0,44.2,17.0,7.0,0.4,0.0,0.0,0.0,0.0,0.0,0.0,0.0,0.0,0.0,0.0,0.0,7.0,0.0,0.0,0.0,0.0,0.0,0.0,SC Rheindorf Altach,4.0,0.0,0.0,0.0,4.0,3.0,55.8,10.0,1.0,0.1,0.0,0.0,0.0,0.0,0.0,0.0,0.0,0.0,0.0,0.0,0.0,3.0,0.0,0.0,0.0,0.0,0.0,0.0,401864031,2026-04-24 17:30:00,2026
WSG Swarovski Tirol,20.0,2.0,0.0,0.0,6.0,2.0,47.0,16.0,3.0,0.2,0.0,0.0,0.0,0.0,0.0,0.0,0.0,0.0,0.0,0.0,0.0,5.0,0.0,0.0,0.0,0.0,0.0,0.0,SV Josko Ried,16.0,1.0,0.0,0.0,3.0,2.0,53.0,7.0,2.0,0.3,0.0,0.0,0.0,0.0,0.0,0.0,0.0,0.0,0.0,0.0,0.0,0.0,0.0,0.0,0.0,0.0,0.0,0.0,401864033,2026-04-25 15:00:00,2026
Wolfsberger,13.0,1.0,0.0,0.0,5.0,2.0,44.2,8.0,4.0,0.5,0.0,0.0,0.0,0.0,0.0,0.0,0.0,0.0,0.0,0.0,0.0,3.0,0.0,0.0,0.0,0.0,0.0,0.0,Grazer AK,10.0,2.0,0.0,0.0,8.0,2.0,55.8,12.0,2.0,0.2,0.0,0.0,0.0,0.0,0.0,0.0,0.0,0.0,0.0,0.0,0.0,7.0,0.0,0.0,0.0,0.0,0.0,0.0,401864032,2026-04-25 15:00:00,2026
Rapid Vienna,6.0,2.0,0.0,0.0,5.0,0.0,57.1,5.0,2.0,0.4,0.0,0.0,0.0,0.0,0.0,0.0,0.0,0.0,0.0,0.0,0.0,1.0,0.0,0.0,0.0,0.0,0.0,0.0,RB Salzburg,15.0,1.0,0.0,0.0,6.0,1.0,42.9,11.0,1.0,0.1,0.0,0.0,0.0,0.0,0.0,0.0,0.0,0.0,0.0,0.0,0.0,3.0,0.0,0.0,0.0,0.0,0.0,0.0,401864034,2026-04-26 12:30:00,2026
TSV Hartberg,11.0,2.0,0.0,0.0,6.0,4.0,53.7,6.0,2.0,0.3,0.0,0.0,0.0,0.0,0.0,0.0,0.0,0.0,0.0,0.0,0.0,1.0,0.0,0.0,0.0,0.0,0.0,0.0,LASK Linz,11.0,2.0,0.0,0.0,2.0,1.0,46.3,17.0,9.0,0.5,0.0,0.0,0.0,0.0,0.0,0.0,0.0,0.0,0.0,0.0,0.0,3.0,0.0,0.0,0.0,0.0,0.0,0.0,401864035,2026-04-26 12:30:00,2026
SK Sturm Graz,12.0,2.0,0.0,0.0,4.0,2.0,61.4,16.0,5.0,0.3,0.0,0.0,0.0,0.0,0.0,0.0,0.0,0.0,0.0,0.0,0.0,7.0,0.0,0.0,0.0,0.0,0.0,0.0,Austria Vienna,17.0,2.0,0.0,0.0,3.0,4.0,38.6,7.0,3.0,0.4,0.0,0.0,0.0,0.0,0.0,0.0,0.0,0.0,0.0,0.0,0.0,1.0,0.0,0.0,0.0,0.0,0.0,0.0,401864036,2026-04-26 15:00:00,2026
SV Josko Ried,8.0,3.0,0.0,0.0,5.0,5.0,48.8,11.0,4.0,0.4,2.0,1.0,0.0,0.0,0.0,0.0,0.0,0.0,0.0,0.0,0.0,1.0,0.0,0.0,0.0,0.0,0.0,0.0,FC Blau-Weiß Linz,12.0,2.0,0.0,0.0,10.0,2.0,51.2,14.0,5.0,0.4,0.0,0.0,0.0,0.0,0.0,0.0,0.0,0.0,0.0,0.0,0.0,5.0,0.0,0.0,0.0,0.0,0.0,0.0,401864038,2026-05-02 15:00:00,2026
Grazer AK,11.0,1.0,0.0,0.0,4.0,3.0,54.9,9.0,6.0,0.7,0.0,0.0,0.0,0.0,0.0,0.0,0.0,0.0,0.0,0.0,0.0,0.0,0.0,0.0,0.0,0.0,0.0,0.0,WSG Swarovski Tirol,17.0,2.0,0.0,0.0,5.0,2.0,45.1,9.0,3.0,0.3,0.0,0.0,0.0,0.0,0.0,0.0,0.0,0.0,0.0,0.0,0.0,2.0,0.0,0.0,0.0,0.0,0.0,0.0,401864037,2026-05-02 15:00:00,2026
Austria Vienna,11.0,1.0,0.0,0.0,6.0,1.0,47.3,11.0,4.0,0.4,0.0,0.0,0.0,0.0,0.0,0.0,0.0,0.0,0.0,0.0,0.0,3.0,0.0,0.0,0.0,0.0,0.0,0.0,TSV Hartberg,10.0,0.0,0.0,0.0,2.0,3.0,52.7,6.0,1.0,0.2,0.0,0.0,0.0,0.0,0.0,0.0,0.0,0.0,0.0,0.0,0.0,2.0,0.0,0.0,0.0,0.0,0.0,0.0,401864039,2026-05-03 12:30:00,2026
RB Salzburg,5.0,0.0,0.0,0.0,4.0,2.0,45.2,16.0,8.0,0.5,0.0,0.0,0.0,0.0,0.0,0.0,0.0,0.0,0.0,0.0,0.0,2.0,0.0,0.0,0.0,0.0,0.0,0.0,SK Sturm Graz,8.0,2.0,0.0,0.0,9.0,7.0,54.8,15.0,3.0,0.2,0.0,0.0,0.0,0.0,0.0,0.0,0.0,0.0,0.0,0.0,0.0,4.0,0.0,0.0,0.0,0.0,0.0,0.0,401864041,2026-05-03 15:00:00,2026
SC Rheindorf Altach,8.0,1.0,0.0,0.0,7.0,3.0,56.8,11.0,1.0,0.1,0.0,0.0,0.0,0.0,0.0,0.0,0.0,0.0,0.0,0.0,0.0,5.0,0.0,0.0,0.0,0.0,0.0,0.0,Wolfsberger,10.0,4.0,0.0,0.0,4.0,0.0,43.2,9.0,7.0,0.8,0.0,0.0,0.0,0.0,0.0,0.0,0.0,0.0,0.0,0.0,0.0,0.0,0.0,0.0,0.0,0.0,0.0,0.0,401864042,2026-05-04 16:30:00,2026
LASK Linz,14.0,2.0,0.0,0.0,4.0,0.0,42.4,17.0,4.0,0.2,2.0,1.0,0.0,0.0,0.0,0.0,0.0,0.0,0.0,0.0,0.0,6.0,0.0,0.0,0.0,0.0,0.0,0.0,Rapid Vienna,11.0,1.0,1.0,0.0,0.0,1.0,57.6,6.0,1.0,0.2,0.0,0.0,0.0,0.0,0.0,0.0,0.0,0.0,0.0,0.0,0.0,2.0,0.0,0.0,0.0,0.0,0.0,0.0,401864040,2026-05-04 18:30:00,2026
WSG Swarovski Tirol,17.0,3.0,0.0,0.0,2.0,0.0,35.6,8.0,3.0,0.4,0.0,0.0,0.0,0.0,0.0,0.0,0.0,0.0,0.0,0.0,0.0,1.0,0.0,0.0,0.0,0.0,0.0,0.0,FC Blau-Weiß Linz,13.0,1.0,0.0,0.0,3.0,2.0,64.4,7.0,1.0,0.1,0.0,0.0,0.0,0.0,0.0,0.0,0.0,0.0,0.0,0.0,0.0,2.0,0.0,0.0,0.0,0.0,0.0,0.0,401864045,2026-05-09 15:00:00,2026
Grazer AK,8.0,5.0,0.0,0.0,6.0,2.0,60.9,14.0,6.0,0.4,0.0,0.0,0.0,0.0,0.0,0.0,0.0,0.0,0.0,0.0,0.0,4.0,0.0,0.0,0.0,0.0,0.0,0.0,SC Rheindorf Altach,16.0,1.0,0.0,0.0,2.0,4.0,39.1,9.0,4.0,0.4,0.0,0.0,0.0,0.0,0.0,0.0,0.0,0.0,0.0,0.0,0.0,3.0,0.0,0.0,0.0,0.0,0.0,0.0,401864044,2026-05-09 15:00:00,2026
SV Josko Ried,17.0,2.0,0.0,0.0,7.0,5.0,65.9,8.0,2.0,0.3,0.0,0.0,0.0,0.0,0.0,0.0,0.0,0.0,0.0,0.0,0.0,5.0,0.0,0.0,0.0,0.0,0.0,0.0,Wolfsberger,17.0,2.0,0.0,0.0,5.0,2.0,34.1,12.0,6.0,0.5,2.0,1.0,0.0,0.0,0.0,0.0,0.0,0.0,0.0,0.0,0.0,5.0,0.0,0.0,0.0,0.0,0.0,0.0,401864043,2026-05-09 15:00:00,2026
Rapid Vienna,7.0,0.0,0.0,0.0,4.0,3.0,70.3,11.0,1.0,0.1,0.0,0.0,0.0,0.0,0.0,0.0,0.0,0.0,0.0,0.0,0.0,2.0,0.0,0.0,0.0,0.0,0.0,0.0,Austria Vienna,15.0,2.0,0.0,0.0,5.0,1.0,29.7,7.0,4.0,0.6,0.0,0.0,0.0,0.0,0.0,0.0,0.0,0.0,0.0,0.0,0.0,2.0,0.0,0.0,0.0,0.0,0.0,0.0,401864046,2026-05-10 15:00:00,2026
LASK Linz,9.0,2.0,0.0,0.0,4.0,0.0,31.0,11.0,6.0,0.5,0.0,0.0,0.0,0.0,0.0,0.0,0.0,0.0,0.0,0.0,0.0,3.0,0.0,0.0,0.0,0.0,0.0,0.0,RB Salzburg,10.0,0.0,0.0,0.0,5.0,4.0,69.0,10.0,1.0,0.1,0.0,0.0,0.0,0.0,0.0,0.0,0.0,0.0,0.0,0.0,0.0,2.0,0.0,0.0,0.0,0.0,0.0,0.0,401864047,2026-05-10 15:00:00,2026
TSV Hartberg,8.0,2.0,0.0,0.0,2.0,5.0,54.5,13.0,6.0,0.5,2.0,1.0,0.0,0.0,0.0,0.0,0.0,0.0,0.0,0.0,0.0,1.0,0.0,0.0,0.0,0.0,0.0,0.0,SK Sturm Graz,9.0,4.0,0.0,0.0,7.0,4.0,45.5,26.0,8.0,0.3,0.0,0.0,0.0,0.0,0.0,0.0,0.0,0.0,0.0,0.0,0.0,7.0,0.0,0.0,0.0,0.0,0.0,0.0,401864048,2026-05-10 15:00:00,2026
Wolfsberger,11.0,0.0,0.0,0.0,4.0,3.0,58.5,11.0,3.0,0.3,0.0,0.0,0.0,0.0,0.0,0.0,0.0,0.0,0.0,0.0,0.0,2.0,0.0,0.0,0.0,0.0,0.0,0.0,WSG Swarovski Tirol,11.0,3.0,0.0,0.0,4.0,2.0,41.5,7.0,3.0,0.4,0.0,0.0,0.0,0.0,0.0,0.0,0.0,0.0,0.0,0.0,0.0,1.0,0.0,0.0,0.0,0.0,0.0,0.0,401864050,2026-05-16 15:00:00,2026
SC Rheindorf Altach,12.0,1.0,0.0,0.0,4.0,1.0,51.4,13.0,7.0,0.5,4.0,2.0,0.0,0.0,0.0,0.0,0.0,0.0,0.0,0.0,0.0,3.0,0.0,0.0,0.0,0.0,0.0,0.0,SV Josko Ried,14.0,2.0,1.0,0.0,4.0,4.0,48.6,5.0,1.0,0.2,0.0,0.0,0.0,0.0,0.0,0.0,0.0,0.0,0.0,0.0,0.0,1.0,0.0,0.0,0.0,0.0,0.0,0.0,401864051,2026-05-16 15:00:00,2026
FC Blau-Weiß Linz,13.0,1.0,0.0,0.0,3.0,4.0,62.6,12.0,6.0,0.5,0.0,0.0,0.0,0.0,0.0,0.0,0.0,0.0,0.0,0.0,0.0,2.0,0.0,0.0,0.0,0.0,0.0,0.0,Grazer AK,12.0,2.0,0.0,0.0,4.0,5.0,37.4,15.0,7.0,0.5,0.0,0.0,0.0,0.0,0.0,0.0,0.0,0.0,0.0,0.0,0.0,2.0,0.0,0.0,0.0,0.0,0.0,0.0,401864049,2026-05-16 15:00:00,2026
RB Salzburg,11.0,1.0,0.0,0.0,13.0,3.0,65.7,22.0,7.0,0.3,0.0,0.0,0.0,0.0,0.0,0.0,0.0,0.0,0.0,0.0,0.0,3.0,0.0,0.0,0.0,0.0,0.0,0.0,TSV Hartberg,7.0,1.0,0.0,0.0,2.0,6.0,34.3,9.0,6.0,0.7,0.0,0.0,0.0,0.0,0.0,0.0,0.0,0.0,0.0,0.0,0.0,1.0,0.0,0.0,0.0,0.0,0.0,0.0,401864052,2026-05-17 12:30:00,2026
Austria Vienna,7.0,2.0,0.0,0.0,8.0,2.0,56.2,12.0,1.0,0.1,0.0,0.0,0.0,0.0,0.0,0.0,0.0,0.0,0.0,0.0,0.0,5.0,0.0,0.0,0.0,0.0,0.0,0.0,LASK Linz,8.0,1.0,0.0,0.0,5.0,1.0,43.8,10.0,5.0,0.5,2.0,1.0,0.0,0.0,0.0,0.0,0.0,0.0,0.0,0.0,0.0,3.0,0.0,0.0,0.0,0.0,0.0,0.0,401864053,2026-05-17 12:30:00,2026
SK Sturm Graz,12.0,0.0,0.0,0.0,9.0,1.0,66.6,22.0,8.0,0.4,0.0,0.0,0.0,0.0,0.0,0.0,0.0,0.0,0.0,0.0,0.0,2.0,0.0,0.0,0.0,0.0,0.0,0.0,Rapid Vienna,5.0,0.0,1.0,0.0,3.0,6.0,33.4,4.0,1.0,0.3,0.0,0.0,0.0,0.0,0.0,0.0,0.0,0.0,0.0,0.0,0.0,1.0,0.0,0.0,0.0,0.0,0.0,0.0,401864054,2026-05-17 12:30:00,2026
SV Josko Ried,5.0,1.0,0.0,0.0,3.0,1.0,62.5,17.0,5.0,0.3,0.0,0.0,0.0,0.0,0.0,0.0,0.0,0.0,0.0,0.0,0.0,3.0,0.0,0.0,0.0,0.0,0.0,0.0,Wolfsberger,13.0,3.0,0.0,0.0,3.0,3.0,37.5,7.0,2.0,0.3,0.0,0.0,0.0,0.0,0.0,0.0,0.0,0.0,0.0,0.0,0.0,3.0,0.0,0.0,0.0,0.0,0.0,0.0,401873390,2026-05-19 16:30:00,2026
SV Josko Ried,8.0,1.0,0.0,0.0,4.0,4.0,46.1,19.0,3.0,0.2,0.0,0.0,0.0,0.0,0.0,0.0,0.0,0.0,0.0,0.0,0.0,9.0,0.0,0.0,0.0,0.0,0.0,0.0,Rapid Vienna,8.0,1.0,0.0,0.0,5.0,1.0,53.9,8.0,5.0,0.6,0.0,0.0,0.0,0.0,0.0,0.0,0.0,0.0,0.0,0.0,0.0,1.0,0.0,0.0,0.0,0.0,0.0,0.0,401873416,2026-05-22 17:30:00,2026
Rapid Vienna,5.0,1.0,0.0,0.0,7.0,1.0,56.3,19.0,8.0,0.4,0.0,0.0,0.0,0.0,0.0,0.0,0.0,0.0,0.0,0.0,0.0,5.0,0.0,0.0,0.0,0.0,0.0,0.0,SV Josko Ried,9.0,0.0,0.0,0.0,4.0,4.0,43.7,4.0,1.0,0.3,0.0,0.0,0.0,0.0,0.0,0.0,0.0,0.0,0.0,0.0,0.0,1.0,0.0,0.0,0.0,0.0,0.0,0.0,401873417,2026-05-25 15:00:00,2026
LASK Linz,12.0,0.0,0.0,4.0,6.0,1.0,58.8,23.0,10.0,0.4,0.0,0.0,482.0,551.0,0.9,0.0,0.0,0.0,0.0,0.0,0.0,3.0,9.0,12.0,0.8,0.0,0.0,12.0,Grazer AK,13.0,2.0,0.0,2.0,2.0,7.0,41.2,4.0,1.0,0.3,0.0,0.0,305.0,387.0,0.8,0.0,0.0,0.0,0.0,0.0,0.0,0.0,7.0,12.0,0.6,0.0,0.0,19.0,401881821,2026-07-31 17:30:00,2026
WSG Swarovski Tirol,11.0,1.0,0.0,1.0,1.0,5.0,42.3,8.0,1.0,0.1,0.0,0.0,210.0,308.0,0.7,0.0,0.0,0.0,0.0,0.0,0.0,3.0,11.0,21.0,0.5,0.0,0.0,52.0,SK Sturm Graz,14.0,4.0,0.0,9.0,6.0,0.0,57.7,15.0,6.0,0.4,0.0,0.0,298.0,410.0,0.7,0.0,0.0,0.0,0.0,0.0,0.0,3.0,8.0,14.0,0.6,0.0,0.0,21.0,401881820,2026-08-01 15:00:00,2026
RB Salzburg,3.0,0.0,0.0,0.0,19.0,1.0,73.2,36.0,7.0,0.2,0.0,0.0,586.0,654.0,0.9,0.0,0.0,0.0,0.0,0.0,0.0,12.0,9.0,13.0,0.7,0.0,0.0,14.0,TSV Hartberg,9.0,0.0,0.0,0.0,2.0,6.0,26.8,5.0,1.0,0.2,0.0,0.0,180.0,253.0,0.7,0.0,0.0,0.0,0.0,0.0,0.0,1.0,16.0,25.0,0.6,0.0,0.0,59.0,401881819,2026-08-01 17:30:00,2026
Austria Lustenau,8.0,2.0,0.0,2.0,4.0,5.0,40.4,14.0,4.0,0.3,0.0,0.0,228.0,296.0,0.8,0.0,0.0,0.0,0.0,0.0,0.0,6.0,9.0,12.0,0.8,0.0,0.0,34.0,SV Josko Ried,14.0,2.0,0.0,2.0,9.0,3.0,59.6,23.0,7.0,0.3,0.0,0.0,371.0,429.0,0.9,0.0,0.0,0.0,0.0,0.0,0.0,5.0,3.0,12.0,0.3,0.0,0.0,23.0,401881817,2026-08-02 15:00:00,2026
Wolfsberger,10.0,2.0,0.0,3.0,5.0,1.0,47.3,8.0,5.0,0.6,0.0,0.0,288.0,391.0,0.7,0.0,0.0,0.0,0.0,0.0,0.0,0.0,6.0,8.0,0.8,0.0,0.0,17.0,Austria Vienna,10.0,1.0,0.0,3.0,3.0,2.0,52.7,6.0,1.0,0.0,0.0,0.0,326.0,427.0,0.8,0.0,0.0,0.0,0.0,0.0,0.0,2.0,7.0,10.0,0.7,0.0,0.0,37.0,401881818,2026-08-02 15:00:00,2026
Rapid Vienna,9.0,0.0,0.0,2.0,6.0,2.0,55.7,18.0,4.0,0.2,0.0,0.0,515.0,578.0,0.9,0.0,0.0,0.0,0.0,0.0,0.0,4.0,7.0,13.0,0.5,0.0,0.0,22.0,SC Rheindorf Altach,13.0,2.0,0.0,0.0,5.0,3.0,44.3,6.0,2.0,0.3,0.0,0.0,387.0,460.0,0.8,0.0,0.0,0.0,0.0,0.0,0.0,1.0,11.0,17.0,0.6,0.0,0.0,25.0,401881816,2026-08-02 17:00:00,2026
SC Rheindorf Altach,14.0,1.0,0.0,4.0,3.0,1.0,54.5,13.0,5.0,0.4,0.0,0.0,375.0,449.0,0.8,0.0,0.0,0.0,0.0,0.0,0.0,2.0,8.0,19.0,0.4,0.0,0.0,19.0,WSG Swarovski Tirol,9.0,1.0,0.0,1.0,5.0,3.0,45.5,9.0,2.0,0.2,0.0,0.0,293.0,377.0,0.8,0.0,0.0,0.0,0.0,0.0,0.0,2.0,8.0,11.0,0.7,0.0,0.0,24.0,401881815,2026-08-07 17:30:00,2026
Grazer AK,12.0,1.0,0.0,1.0,5.0,2.0,56.3,13.0,6.0,0.5,0.0,0.0,358.0,454.0,0.8,0.0,0.0,0.0,0.0,0.0,0.0,2.0,7.0,12.0,0.6,0.0,0.0,36.0,Austria Lustenau,5.0,2.0,0.0,1.0,6.0,4.0,43.7,16.0,3.0,0.2,0.0,0.0,257.0,346.0,0.7,0.0,0.0,0.0,0.0,0.0,0.0,9.0,6.0,10.0,0.6,0.0,0.0,16.0,401881814,2026-08-08 15:00:00,2026
TSV Hartberg,15.0,1.0,1.0,2.0,3.0,4.0,46.3,6.0,2.0,0.3,0.0,0.0,246.0,334.0,0.7,0.0,0.0,0.0,0.0,0.0,0.0,2.0,10.0,20.0,0.5,0.0,0.0,33.0,SK Sturm Graz,10.0,1.0,0.0,2.0,9.0,2.0,53.7,20.0,5.0,0.3,0.0,0.0,301.0,378.0,0.8,0.0,0.0,0.0,0.0,0.0,0.0,6.0,10.0,14.0,0.7,0.0,0.0,22.0,401881813,2026-08-08 17:30:00,2026
SV Josko Ried,11.0,1.0,0.0,3.0,3.0,1.0,46.1,18.0,9.0,0.5,0.0,0.0,365.0,431.0,0.8,0.0,0.0,0.0,0.0,0.0,0.0,3.0,12.0,19.0,0.6,0.0,0.0,31.0,Rapid Vienna,5.0,1.0,0.0,1.0,4.0,8.0,53.9,12.0,3.0,0.3,0.0,0.0,433.0,507.0,0.9,0.0,0.0,0.0,0.0,0.0,0.0,4.0,9.0,18.0,0.5,0.0,0.0,26.0,401881812,2026-08-09 15:00:00,2026
Wolfsberger,19.0,5.0,0.0,2.0,4.0,9.0,32.4,11.0,1.0,0.1,0.0,0.0,180.0,245.0,0.7,0.0,0.0,0.0,0.0,0.0,0.0,3.0,11.0,17.0,0.6,0.0,0.0,29.0,RB Salzburg,2.0,1.0,0.0,4.0,8.0,0.0,67.6,18.0,10.0,0.6,0.0,0.0,463.0,525.0,0.9,0.0,0.0,0.0,0.0,0.0,0.0,0.0,8.0,11.0,0.7,0.0,0.0,18.0,401881811,2026-08-09 15:00:00,2026
Austria Vienna,13.0,2.0,1.0,3.0,1.0,5.0,42.7,6.0,1.0,0.2,0.0,0.0,268.0,358.0,0.7,0.0,0.0,0.0,0.0,0.0,0.0,1.0,19.0,27.0,0.7,0.0,0.0,29.0,LASK Linz,10.0,2.0,0.0,3.0,11.0,1.0,57.3,22.0,6.0,0.3,0.0,0.0,406.0,478.0,0.8,0.0,0.0,0.0,0.0,0.0,0.0,5.0,12.0,18.0,0.7,0.0,0.0,25.0,401881810,2026-08-09 17:00:00,2026
LASK Linz,6.0,0.0,1.0,1.0,6.0,1.0,50.2,15.0,8.0,0.5,0.0,0.0,330.0,399.0,0.8,0.0,0.0,0.0,0.0,0.0,0.0,2.0,11.0,14.0,0.8,0.0,0.0,27.0,SV Josko Ried,14.0,3.0,0.0,0.0,1.0,4.0,49.8,6.0,2.0,0.3,0.0,0.0,322.0,395.0,0.8,0.0,0.0,0.0,0.0,0.0,0.0,0.0,10.0,20.0,0.5,0.0,0.0,22.0,401881809,2026-08-14 17:30:00,2026
Austria Lustenau,11.0,2.0,0.0,0.0,6.0,3.0,37.0,19.0,6.0,0.3,0.0,0.0,219.0,299.0,0.7,0.0,0.0,0.0,0.0,0.0,0.0,4.0,13.0,22.0,0.6,0.0,0.0,26.0,Wolfsberger,11.0,1.0,0.0,4.0,4.0,4.0,63.0,14.0,4.0,0.3,0.0,0.0,418.0,504.0,0.8,0.0,0.0,0.0,0.0,0.0,0.0,6.0,10.0,18.0,0.6,0.0,0.0,15.0,401881808,2026-08-15 15:00:00,2026
SK Sturm Graz,6.0,0.0,0.0,2.0,12.0,4.0,53.2,17.0,2.0,0.1,0.0,0.0,266.0,349.0,0.8,0.0,0.0,0.0,0.0,0.0,0.0,8.0,10.0,17.0,0.6,0.0,0.0,19.0,SC Rheindorf Altach,8.0,2.0,0.0,0.0,7.0,1.0,46.8,9.0,4.0,0.4,0.0,0.0,229.0,320.0,0.7,0.0,0.0,0.0,0.0,0.0,0.0,2.0,16.0,26.0,0.6,0.0,0.0,41.0,401881807,2026-08-15 17:30:00,2026
WSG Swarovski Tirol,9.0,3.0,0.0,1.0,2.0,9.0,38.8,14.0,5.0,0.4,0.0,0.0,313.0,391.0,0.8,0.0,0.0,0.0,0.0,0.0,0.0,7.0,9.0,13.0,0.7,0.0,0.0,20.0,RB Salzburg,8.0,0.0,0.0,2.0,7.0,4.0,61.2,22.0,12.0,0.5,0.0,0.0,558.0,625.0,0.9,0.0,0.0,0.0,0.0,0.0,0.0,3.0,7.0,12.0,0.6,0.0,0.0,14.0,401881805,2026-08-16 15:00:00,2026
TSV Hartberg,12.0,2.0,0.0,0.0,8.0,2.0,55.3,12.0,3.0,0.3,0.0,0.0,401.0,484.0,0.8,0.0,0.0,0.0,0.0,0.0,0.0,6.0,11.0,17.0,0.6,0.0,0.0,15.0,Austria Vienna,9.0,1.0,0.0,1.0,4.0,3.0,44.7,13.0,4.0,0.3,0.0,0.0,318.0,390.0,0.8,0.0,0.0,0.0,0.0,0.0,0.0,3.0,13.0,18.0,0.7,0.0,0.0,38.0,401881806,2026-08-16 15:00:00,2026
Rapid Vienna,5.0,0.0,0.0,1.0,8.0,2.0,72.4,27.0,17.0,0.6,0.0,0.0,721.0,778.0,0.9,0.0,0.0,0.0,0.0,0.0,0.0,5.0,7.0,10.0,0.7,0.0,0.0,7.0,Grazer AK,19.0,4.0,0.0,0.0,1.0,8.0,27.6,9.0,2.0,0.2,0.0,0.0,235.0,291.0,0.8,0.0,0.0,0.0,0.0,0.0,0.0,1.0,4.0,8.0,0.5,0.0,0.0,32.0,401881804,2026-08-16 17:00:00,2026
SV Josko Ried,15.0,3.0,0.0,3.0,7.0,3.0,45.9,16.0,3.0,0.2,0.0,0.0,297.0,390.0,0.8,0.0,0.0,0.0,0.0,0.0,0.0,7.0,9.0,12.0,0.8,0.0,0.0,19.0,Grazer AK,10.0,4.0,0.0,2.0,4.0,2.0,54.1,15.0,3.0,0.2,0.0,0.0,374.0,461.0,0.8,0.0,0.0,0.0,0.0,0.0,0.0,3.0,6.0,11.0,0.5,0.0,0.0,32.0,401881803,2026-08-21 17:30:00,2026
SC Rheindorf Altach,5.0,0.0,0.0,1.0,11.0,3.0,58.8,18.0,5.0,0.3,0.0,0.0,429.0,517.0,0.8,0.0,0.0,0.0,0.0,0.0,0.0,6.0,10.0,14.0,0.7,0.0,0.0,14.0,TSV Hartberg,11.0,3.0,0.0,0.0,2.0,4.0,41.2,11.0,5.0,0.5,0.0,0.0,302.0,375.0,0.8,0.0,0.0,0.0,0.0,0.0,0.0,1.0,12.0,19.0,0.6,0.0,0.0,27.0,401881801,2026-08-22 15:00:00,2026
SK Sturm Graz,10.0,3.0,0.0,3.0,10.0,5.0,63.7,12.0,4.0,0.3,0.0,0.0,373.0,458.0,0.8,0.0,0.0,0.0,0.0,0.0,0.0,2.0,12.0,16.0,0.8,0.0,0.0,23.0,Austria Lustenau,10.0,3.0,1.0,2.0,8.0,2.0,36.3,17.0,6.0,0.4,0.0,0.0,182.0,256.0,0.7,0.0,0.0,0.0,0.0,0.0,0.0,4.0,17.0,27.0,0.6,0.0,0.0,47.0,401881802,2026-08-22 17:30:00,2026
Austria Lustenau,12.0,2.0,0.0,1.0,8.0,2.0,51.5,8.0,2.0,0.3,0.0,0.0,333.0,406.0,0.8,0.0,0.0,0.0,0.0,0.0,0.0,1.0,12.0,19.0,0.6,0.0,0.0,22.0,WSG Swarovski Tirol,9.0,1.0,0.0,1.0,12.0,2.0,48.5,14.0,6.0,0.4,0.0,0.0,328.0,390.0,0.8,0.0,0.0,0.0,0.0,0.0,0.0,1.0,13.0,17.0,0.8,0.0,0.0,32.0,401881797,2026-08-28 17:30:00,2026
Grazer AK,14.0,3.0,0.0,2.0,11.0,1.0,69.7,26.0,7.0,0.3,0.0,0.0,396.0,487.0,0.8,0.0,0.0,0.0,0.0,0.0,0.0,6.0,8.0,13.0,0.6,0.0,0.0,32.0,Wolfsberger,12.0,3.0,1.0,0.0,4.0,6.0,30.3,5.0,1.0,0.2,0.0,0.0,108.0,220.0,0.5,0.0,0.0,0.0,0.0,0.0,0.0,2.0,6.0,13.0,0.5,0.0,0.0,45.0,401881796,2026-08-29 15:00:00,2026
LASK Linz,9.0,2.0,0.0,0.0,4.0,2.0,58.0,22.0,11.0,0.5,0.0,0.0,457.0,527.0,0.9,0.0,0.0,0.0,0.0,0.0,0.0,5.0,11.0,19.0,0.6,0.0,0.0,12.0,SC Rheindorf Altach,15.0,4.0,0.0,0.0,0.0,8.0,42.0,7.0,2.0,0.3,0.0,0.0,300.0,385.0,0.8,0.0,0.0,0.0,0.0,0.0,0.0,0.0,9.0,15.0,0.6,0.0,0.0,12.0,401881795,2026-08-29 17:30:00,2026
Rapid Vienna,5.0,2.0,0.0,1.0,6.0,4.0,55.7,16.0,6.0,0.4,0.0,0.0,362.0,445.0,0.8,0.0,0.0,0.0,0.0,0.0,0.0,3.0,8.0,15.0,0.5,0.0,0.0,34.0,SK Sturm Graz,11.0,3.0,1.0,1.0,4.0,3.0,44.3,19.0,5.0,0.3,0.0,0.0,274.0,357.0,0.8,0.0,0.0,0.0,0.0,0.0,0.0,5.0,8.0,13.0,0.6,0.0,0.0,27.0,401881794,2026-08-30 15:00:00,2026
TSV Hartberg,12.0,1.0,0.0,3.0,4.0,3.0,41.3,14.0,5.0,0.4,0.0,0.0,255.0,339.0,0.8,0.0,0.0,0.0,0.0,0.0,0.0,3.0,10.0,18.0,0.6,0.0,0.0,36.0,SV Josko Ried,7.0,2.0,0.0,0.0,4.0,2.0,58.7,17.0,5.0,0.3,0.0,0.0,397.0,474.0,0.8,0.0,0.0,0.0,0.0,0.0,0.0,4.0,6.0,8.0,0.8,0.0,0.0,22.0,401881793,2026-08-30 15:00:00,2026
RB Salzburg,3.0,1.0,0.0,0.0,7.0,2.0,70.3,12.0,5.0,0.4,0.0,0.0,739.0,803.0,0.9,0.0,0.0,0.0,0.0,0.0,0.0,4.0,11.0,19.0,0.6,0.0,0.0,15.0,Austria Vienna,7.0,1.0,0.0,1.0,4.0,2.0,29.7,7.0,3.0,0.4,0.0,0.0,268.0,330.0,0.8,0.0,0.0,0.0,0.0,0.0,0.0,1.0,12.0,20.0,0.6,0.0,0.0,25.0,401881792,2026-08-30 17:00:00,2026
Wolfsberger,5.0,1.0,1.0,1.0,1.0,3.0,25.6,7.0,2.0,0.3,0.0,0.0,130.0,214.0,0.6,0.0,0.0,0.0,0.0,0.0,0.0,3.0,15.0,24.0,0.6,0.0,0.0,53.0,LASK Linz,12.0,3.0,0.0,3.0,14.0,1.0,74.4,25.0,6.0,0.2,0.0,0.0,526.0,598.0,0.9,0.0,0.0,0.0,0.0,0.0,0.0,12.0,7.0,10.0,0.7,0.0,0.0,16.0,401881800,2026-09-01 17:30:00,2026
Austria Vienna,10.0,3.0,0.0,2.0,8.0,1.0,49.3,6.0,3.0,0.5,0.0,0.0,387.0,469.0,0.8,0.0,0.0,0.0,0.0,0.0,0.0,1.0,14.0,21.0,0.7,0.0,0.0,20.0,WSG Swarovski Tirol,6.0,2.0,0.0,2.0,2.0,3.0,50.7,11.0,3.0,0.3,0.0,0.0,437.0,510.0,0.9,0.0,0.0,0.0,0.0,0.0,0.0,2.0,9.0,14.0,0.6,0.0,0.0,37.0,401881799,2026-09-02 16:30:00,2026
RB Salzburg,8.0,0.0,0.0,2.0,2.0,3.0,49.7,16.0,9.0,0.6,0.0,0.0,510.0,559.0,0.9,0.0,0.0,0.0,0.0,0.0,0.0,1.0,13.0,23.0,0.6,0.0,0.0,20.0,Rapid Vienna,8.0,1.0,0.0,1.0,7.0,4.0,50.3,17.0,4.0,0.2,0.0,0.0,508.0,558.0,0.9,0.0,0.0,0.0,0.0,0.0,0.0,8.0,13.0,22.0,0.6,0.0,0.0,16.0,401881798,2026-09-02 18:30:00,2026
