event_id,fecha,temporada,local_id,visita_id,local,visita,goles_local,goles_visita,estado
581658,2021-01-02 18:00:00,2021,2250,2994,Sporting CP,Braga,2.0,0.0,post
581660,2021-01-03 13:00:00,2021,12706,12698,Tondela,Famalicao,1.0,0.0,post
581657,2021-01-03 15:00:00,2021,552,2256,Maritimo,Boavista,0.0,0.0,post
581656,2021-01-03 17:00:00,2021,12215,1929,Santa Clara,Benfica,1.0,1.0,post
581662,2021-01-03 19:00:00,2021,3713,3822,Paços de Ferreira,Rio Ave,2.0,0.0,post
581661,2021-01-03 21:00:00,2021,437,3696,Porto,Moreirense,3.0,0.0,post
581655,2021-01-04 19:00:00,2021,3699,3519,Gil Vicente,Belenenses,0.0,0.0,post
581663,2021-01-04 21:15:00,2021,3719,20740,Portimonense,SC Farense,2.0,0.0,post
581649,2021-01-07 21:00:00,2021,2994,552,Braga,Maritimo,2.0,1.0,post
581653,2021-01-08 18:00:00,2021,3472,2250,Nacional,Sporting CP,0.0,2.0,post
581654,2021-01-08 19:00:00,2021,1929,12706,Benfica,Tondela,2.0,0.0,post
581651,2021-01-08 19:00:00,2021,3822,3719,Rio Ave,Portimonense,3.0,0.0,post
581646,2021-01-08 21:00:00,2021,12698,437,Famalicao,Porto,1.0,4.0,post
581648,2021-01-09 17:00:00,2021,3696,5309,Moreirense,Vitoria de Guimaraes,2.0,2.0,post
581652,2021-01-09 20:30:00,2021,2256,12215,Boavista,Santa Clara,1.0,1.0,post
581647,2021-01-10 15:00:00,2021,20740,3699,SC Farense,Gil Vicente,3.0,1.0,post
581650,2021-01-10 20:00:00,2021,3519,3713,Belenenses,Paços de Ferreira,0.0,2.0,post
581644,2021-01-15 18:30:00,2021,2250,3822,Sporting CP,Rio Ave,1.0,1.0,post
581638,2021-01-15 21:00:00,2021,437,1929,Porto,Benfica,1.0,1.0,post
581640,2021-01-16 15:30:00,2021,3713,2994,Paços de Ferreira,Braga,2.0,0.0,post
581639,2021-01-16 20:30:00,2021,12706,2256,Tondela,Boavista,3.0,1.0,post
581643,2021-01-17 15:00:00,2021,3472,3696,Nacional,Moreirense,0.0,1.0,post
581641,2021-01-17 17:30:00,2021,12215,12698,Santa Clara,Famalicao,1.0,2.0,post
581642,2021-01-17 20:00:00,2021,3699,552,Gil Vicente,Maritimo,0.0,1.0,post
581637,2021-01-18 20:15:00,2021,3719,3519,Portimonense,Belenenses,1.0,0.0,post
581659,2021-01-21 20:15:00,2021,5309,3472,Vitoria de Guimaraes,Nacional,3.0,1.0,post
581632,2021-01-24 15:00:00,2021,552,3713,Maritimo,Paços de Ferreira,0.0,3.0,post
581633,2021-01-24 17:30:00,2021,3696,3719,Moreirense,Portimonense,2.0,2.0,post
581631,2021-01-24 20:15:00,2021,12698,5309,Famalicao,Vitoria de Guimaraes,0.0,1.0,post
581636,2021-01-25 14:30:00,2021,3519,12706,Belenenses,Tondela,2.0,0.0,post
581634,2021-01-25 16:30:00,2021,3822,12215,Rio Ave,Santa Clara,1.0,2.0,post
581628,2021-01-25 17:00:00,2021,1929,3472,Benfica,Nacional,1.0,1.0,post
581629,2021-01-25 20:15:00,2021,20740,437,SC Farense,Porto,0.0,1.0,post
581630,2021-01-26 19:45:00,2021,2994,3699,Braga,Gil Vicente,1.0,0.0,post
581635,2021-01-26 21:15:00,2021,2256,2250,Boavista,Sporting CP,0.0,2.0,post
581623,2021-01-30 15:30:00,2021,3472,12698,Nacional,Famalicao,2.0,1.0,post
581627,2021-01-30 18:00:00,2021,12706,20740,Tondela,SC Farense,2.0,0.0,post
581621,2021-01-30 20:30:00,2021,3719,2256,Portimonense,Boavista,1.0,2.0,post
581624,2021-01-31 15:00:00,2021,5309,552,Vitoria de Guimaraes,Maritimo,1.0,0.0,post
581619,2021-02-01 17:00:00,2021,12215,3519,Santa Clara,Belenenses,2.0,0.0,post
581626,2021-02-01 19:00:00,2021,437,3822,Porto,Rio Ave,2.0,0.0,post
581622,2021-02-01 19:45:00,2021,3696,2994,Moreirense,Braga,0.0,4.0,post
581620,2021-02-01 21:30:00,2021,2250,1929,Sporting CP,Benfica,1.0,0.0,post
581625,2021-02-02 20:15:00,2021,3699,3713,Gil Vicente,Paços de Ferreira,1.0,2.0,post
581616,2021-02-04 15:00:00,2021,20740,12215,SC Farense,Santa Clara,1.0,1.0,post
581611,2021-02-04 19:00:00,2021,3519,437,Belenenses,Porto,0.0,0.0,post
581615,2021-02-04 21:00:00,2021,2994,3719,Braga,Portimonense,2.0,1.0,post
581614,2021-02-04 21:30:00,2021,12698,3696,Famalicao,Moreirense,0.0,2.0,post
581610,2021-02-05 17:00:00,2021,3822,3472,Rio Ave,Nacional,0.0,0.0,post
581613,2021-02-05 19:00:00,2021,1929,5309,Benfica,Vitoria de Guimaraes,0.0,0.0,post
581617,2021-02-05 19:00:00,2021,552,2250,Maritimo,Sporting CP,0.0,2.0,post
581612,2021-02-05 21:00:00,2021,2256,3699,Boavista,Gil Vicente,1.0,2.0,post
581618,2021-02-05 21:00:00,2021,3713,12706,Paços de Ferreira,Tondela,2.0,1.0,post
581602,2021-02-07 20:45:00,2021,2994,437,Braga,Porto,2.0,2.0,post
581605,2021-02-08 17:00:00,2021,20740,3696,SC Farense,Moreirense,1.0,2.0,post
581603,2021-02-08 19:00:00,2021,1929,12698,Benfica,Famalicao,2.0,0.0,post
581607,2021-02-08 19:00:00,2021,552,12215,Maritimo,Santa Clara,1.0,2.0,post
581604,2021-02-08 21:00:00,2021,3519,5309,Belenenses,Vitoria de Guimaraes,1.0,1.0,post
581606,2021-02-09 15:00:00,2021,3713,3719,Paços de Ferreira,Portimonense,0.0,0.0,post
581609,2021-02-09 17:00:00,2021,3822,12706,Rio Ave,Tondela,2.0,1.0,post
581601,2021-02-09 19:00:00,2021,2256,3472,Boavista,Nacional,0.0,1.0,post
581608,2021-02-09 21:00:00,2021,3699,2250,Gil Vicente,Sporting CP,1.0,2.0,post
581592,2021-02-12 20:30:00,2021,12698,3519,Famalicao,Belenenses,0.0,0.0,post
581600,2021-02-13 15:30:00,2021,3472,20740,Nacional,SC Farense,2.0,3.0,post
581599,2021-02-13 18:00:00,2021,5309,3822,Vitoria de Guimaraes,Rio Ave,1.0,3.0,post
581594,2021-02-13 20:30:00,2021,437,2256,Porto,Boavista,2.0,2.0,post
581596,2021-02-14 15:00:00,2021,3719,3699,Portimonense,Gil Vicente,4.0,1.0,post
581595,2021-02-14 17:30:00,2021,12215,2994,Santa Clara,Braga,0.0,1.0,post
581593,2021-02-14 20:15:00,2021,3696,1929,Moreirense,Benfica,1.0,1.0,post
581598,2021-02-15 20:15:00,2021,2250,3713,Sporting CP,Paços de Ferreira,2.0,0.0,post
581597,2021-02-16 17:45:00,2021,12706,552,Tondela,Maritimo,2.0,1.0,post
581645,2021-02-17 21:45:00,2021,5309,20740,Vitoria de Guimaraes,SC Farense,2.0,2.0,post
581588,2021-02-19 20:30:00,2021,2256,3696,Boavista,Moreirense,1.0,0.0,post
581584,2021-02-20 15:30:00,2021,3519,3472,Belenenses,Nacional,2.0,1.0,post
581590,2021-02-20 17:30:00,2021,3699,12215,Gil Vicente,Santa Clara,1.0,0.0,post
581589,2021-02-20 20:30:00,2021,2250,3719,Sporting CP,Portimonense,2.0,0.0,post
581587,2021-02-21 15:00:00,2021,3713,5309,Paços de Ferreira,Vitoria de Guimaraes,2.0,1.0,post
581586,2021-02-21 15:00:00,2021,3822,12698,Rio Ave,Famalicao,0.0,1.0,post
581591,2021-02-21 18:00:00,2021,2994,12706,Braga,Tondela,4.0,2.0,post
581583,2021-02-21 20:15:00,2021,20740,1929,SC Farense,Benfica,0.0,0.0,post
581585,2021-02-22 19:00:00,2021,552,437,Maritimo,Porto,1.0,2.0,post
581575,2021-02-26 20:30:00,2021,5309,2256,Vitoria de Guimaraes,Boavista,2.0,1.0,post
581581,2021-02-27 15:30:00,2021,12698,20740,Famalicao,SC Farense,0.0,0.0,post
581579,2021-02-27 18:00:00,2021,12215,3713,Santa Clara,Paços de Ferreira,3.0,0.0,post
581582,2021-02-27 20:30:00,2021,437,2250,Porto,Sporting CP,0.0,0.0,post
581578,2021-02-28 15:00:00,2021,3719,552,Portimonense,Maritimo,0.0,0.0,post
581577,2021-02-28 17:30:00,2021,12706,3699,Tondela,Gil Vicente,1.0,0.0,post
581576,2021-02-28 20:00:00,2021,3472,2994,Nacional,Braga,1.0,2.0,post
581580,2021-03-01 19:00:00,2021,1929,3822,Benfica,Rio Ave,2.0,0.0,post
581574,2021-03-01 20:15:00,2021,3696,3519,Moreirense,Belenenses,2.0,2.0,post
581566,2021-03-05 18:30:00,2021,3713,3472,Paços de Ferreira,Nacional,2.0,1.0,post
581572,2021-03-05 20:45:00,2021,2250,12215,Sporting CP,Santa Clara,2.0,1.0,post
581573,2021-03-06 15:30:00,2021,3719,12706,Portimonense,Tondela,3.0,0.0,post
581567,2021-03-06 18:00:00,2021,3699,437,Gil Vicente,Porto,0.0,2.0,post
581568,2021-03-06 20:30:00,2021,2256,12698,Boavista,Famalicao,3.0,0.0,post
581570,2021-03-07 17:30:00,2021,552,3696,Maritimo,Moreirense,0.0,2.0,post
581571,2021-03-07 20:00:00,2021,3822,20740,Rio Ave,SC Farense,2.0,0.0,post
581565,2021-03-08 20:15:00,2021,3519,1929,Belenenses,Benfica,0.0,3.0,post
581569,2021-03-09 21:45:00,2021,2994,5309,Braga,Vitoria de Guimaraes,3.0,0.0,post
581560,2021-03-12 20:30:00,2021,3472,552,Nacional,Maritimo,1.0,2.0,post
581556,2021-03-13 15:30:00,2021,20740,3519,SC Farense,Belenenses,0.0,1.0,post
581562,2021-03-13 18:00:00,2021,12215,3719,Santa Clara,Portimonense,2.0,0.0,post
581557,2021-03-13 18:00:00,2021,1929,2256,Benfica,Boavista,2.0,0.0,post
581564,2021-03-13 20:30:00,2021,12706,2250,Tondela,Sporting CP,0.0,1.0,post
581563,2021-03-14 15:00:00,2021,3696,3822,Moreirense,Rio Ave,1.0,1.0,post
581559,2021-03-14 17:30:00,2021,5309,3699,Vitoria de Guimaraes,Gil Vicente,2.0,4.0,post
581561,2021-03-14 20:00:00,2021,437,3713,Porto,Paços de Ferreira,2.0,0.0,post
581558,2021-03-15 20:15:00,2021,12698,2994,Famalicao,Braga,2.0,2.0,post
581549,2021-03-19 20:30:00,2021,3699,3472,Gil Vicente,Nacional,2.0,0.0,post
581553,2021-03-20 15:30:00,2021,3713,3696,Paços de Ferreira,Moreirense,3.0,0.0,post
581555,2021-03-20 15:30:00,2021,12215,12706,Santa Clara,Tondela,1.0,1.0,post
581550,2021-03-20 18:00:00,2021,3719,437,Portimonense,Porto,1.0,2.0,post
581552,2021-03-20 20:30:00,2021,2250,5309,Sporting CP,Vitoria de Guimaraes,1.0,0.0,post
581547,2021-03-21 15:00:00,2021,3822,3519,Rio Ave,Belenenses,0.0,0.0,post
581554,2021-03-21 17:30:00,2021,2256,20740,Boavista,SC Farense,0.0,1.0,post
581551,2021-03-21 17:30:00,2021,552,12698,Maritimo,Famalicao,0.0,4.0,post
581548,2021-03-21 20:00:00,2021,2994,1929,Braga,Benfica,0.0,2.0,post
581543,2021-04-02 20:30:00,2021,3472,3719,Nacional,Portimonense,1.0,5.0,post
581540,2021-04-03 18:00:00,2021,3822,3699,Rio Ave,Gil Vicente,0.0,2.0,post
581544,2021-04-03 20:30:00,2021,437,12215,Porto,Santa Clara,2.0,1.0,post
581538,2021-04-04 15:00:00,2021,3519,2256,Belenenses,Boavista,0.0,2.0,post
581546,2021-04-04 17:30:00,2021,5309,12706,Vitoria de Guimaraes,Tondela,1.0,2.0,post
581542,2021-04-04 20:00:00,2021,12698,3713,Famalicao,Paços de Ferreira,2.0,0.0,post
581539,2021-04-05 18:45:00,2021,20740,2994,SC Farense,Braga,1.0,2.0,post
581541,2021-04-05 19:00:00,2021,1929,552,Benfica,Maritimo,1.0,0.0,post
581545,2021-04-05 21:00:00,2021,3696,2250,Moreirense,Sporting CP,1.0,1.0,post
581534,2021-04-09 20:00:00,2021,3719,5309,Portimonense,Vitoria de Guimaraes,3.0,0.0,post
581537,2021-04-10 15:00:00,2021,552,20740,Maritimo,SC Farense,1.0,0.0,post
581536,2021-04-10 15:30:00,2021,2256,3822,Boavista,Rio Ave,3.0,3.0,post
581532,2021-04-10 18:00:00,2021,12706,437,Tondela,Porto,0.0,2.0,post
581530,2021-04-10 20:30:00,2021,3713,1929,Paços de Ferreira,Benfica,0.0,5.0,post
581535,2021-04-11 15:00:00,2021,3699,3696,Gil Vicente,Moreirense,1.0,2.0,post
581531,2021-04-11 15:30:00,2021,12215,3472,Santa Clara,Nacional,5.0,1.0,post
581529,2021-04-11 17:30:00,2021,2994,3519,Braga,Belenenses,1.0,1.0,post
581533,2021-04-11 20:00:00,2021,2250,12698,Sporting CP,Famalicao,1.0,1.0,post
581524,2021-04-16 18:45:00,2021,2256,3713,Boavista,Paços de Ferreira,2.0,0.0,post
581527,2021-04-16 21:00:00,2021,20740,2250,SC Farense,Sporting CP,0.0,1.0,post
581528,2021-04-17 15:30:00,2021,3696,12706,Moreirense,Tondela,2.0,3.0,post
581526,2021-04-17 15:30:00,2021,5309,12215,Vitoria de Guimaraes,Santa Clara,1.0,0.0,post
581523,2021-04-17 18:00:00,2021,3519,552,Belenenses,Maritimo,2.0,0.0,post
581522,2021-04-17 18:00:00,2021,1929,3699,Benfica,Gil Vicente,1.0,2.0,post
581520,2021-04-17 20:30:00,2021,3822,2994,Rio Ave,Braga,0.0,0.0,post
581525,2021-04-18 15:00:00,2021,12698,3719,Famalicao,Portimonense,0.0,1.0,post
581521,2021-04-18 17:30:00,2021,3472,437,Nacional,Porto,0.0,1.0,post
581519,2021-04-20 20:00:00,2021,3713,20740,Paços de Ferreira,SC Farense,0.0,2.0,post
581517,2021-04-21 15:30:00,2021,12215,3696,Santa Clara,Moreirense,0.0,0.0,post
581518,2021-04-21 17:00:00,2021,552,3822,Maritimo,Rio Ave,1.0,0.0,post
581513,2021-04-21 19:00:00,2021,2994,2256,Braga,Boavista,2.0,1.0,post
581511,2021-04-21 21:15:00,2021,2250,3519,Sporting CP,Belenenses,2.0,2.0,post
581514,2021-04-22 15:00:00,2021,12706,3472,Tondela,Nacional,2.0,1.0,post
581515,2021-04-22 17:00:00,2021,3699,12698,Gil Vicente,Famalicao,0.0,3.0,post
581512,2021-04-22 19:00:00,2021,3719,1929,Portimonense,Benfica,1.0,5.0,post
581516,2021-04-22 21:00:00,2021,437,5309,Porto,Vitoria de Guimaraes,1.0,0.0,post
581505,2021-04-25 15:00:00,2021,2256,552,Boavista,Maritimo,0.0,1.0,post
581506,2021-04-25 17:30:00,2021,3822,3713,Rio Ave,Paços de Ferreira,1.0,1.0,post
581509,2021-04-25 20:00:00,2021,2994,2250,Braga,Sporting CP,0.0,1.0,post
581503,2021-04-26 17:00:00,2021,3519,3699,Belenenses,Gil Vicente,2.0,1.0,post
581508,2021-04-26 19:00:00,2021,1929,12215,Benfica,Santa Clara,2.0,1.0,post
581504,2021-04-26 19:00:00,2021,3472,5309,Nacional,Vitoria de Guimaraes,1.0,0.0,post
581510,2021-04-26 19:00:00,2021,12698,12706,Famalicao,Tondela,2.0,2.0,post
581502,2021-04-26 21:15:00,2021,3696,437,Moreirense,Porto,1.0,1.0,post
581507,2021-04-27 21:45:00,2021,20740,3719,SC Farense,Portimonense,1.0,1.0,post
581496,2021-04-29 20:30:00,2021,552,2994,Maritimo,Braga,1.0,0.0,post
581493,2021-04-30 15:00:00,2021,3713,3519,Paços de Ferreira,Belenenses,1.0,0.0,post
581499,2021-04-30 17:00:00,2021,5309,3696,Vitoria de Guimaraes,Moreirense,2.0,0.0,post
581494,2021-04-30 19:00:00,2021,12706,1929,Tondela,Benfica,0.0,2.0,post
581498,2021-04-30 21:15:00,2021,437,12698,Porto,Famalicao,3.0,2.0,post
581501,2021-05-01 15:30:00,2021,3699,20740,Gil Vicente,SC Farense,0.0,0.0,post
581500,2021-05-01 18:00:00,2021,3719,3822,Portimonense,Rio Ave,0.0,0.0,post
581495,2021-05-01 18:00:00,2021,12215,2256,Santa Clara,Boavista,3.0,3.0,post
581497,2021-05-01 20:30:00,2021,2250,3472,Sporting CP,Nacional,2.0,0.0,post
581488,2021-05-05 19:00:00,2021,2994,3713,Braga,Paços de Ferreira,1.0,1.0,post
581486,2021-05-05 19:00:00,2021,552,3699,Maritimo,Gil Vicente,0.0,1.0,post
581491,2021-05-05 21:15:00,2021,3822,2250,Rio Ave,Sporting CP,0.0,2.0,post
581484,2021-05-06 15:00:00,2021,3696,3472,Moreirense,Nacional,2.0,2.0,post
581489,2021-05-06 17:00:00,2021,3519,3719,Belenenses,Portimonense,1.0,0.0,post
581485,2021-05-06 18:30:00,2021,1929,437,Benfica,Porto,1.0,1.0,post
581487,2021-05-06 20:30:00,2021,20740,5309,SC Farense,Vitoria de Guimaraes,2.0,2.0,post
581490,2021-05-07 19:00:00,2021,12698,12215,Famalicao,Santa Clara,1.0,0.0,post
581492,2021-05-07 21:15:00,2021,2256,12706,Boavista,Tondela,1.0,1.0,post
581480,2021-05-09 15:00:00,2021,3713,552,Paços de Ferreira,Maritimo,1.0,1.0,post
581478,2021-05-09 20:00:00,2021,3699,2994,Gil Vicente,Braga,1.0,1.0,post
581481,2021-05-10 18:00:00,2021,3719,3696,Portimonense,Moreirense,1.0,2.0,post
581483,2021-05-10 20:15:00,2021,437,20740,Porto,SC Farense,5.0,1.0,post
581482,2021-05-11 16:00:00,2021,12215,3822,Santa Clara,Rio Ave,1.0,0.0,post
581475,2021-05-11 16:00:00,2021,12706,3519,Tondela,Belenenses,1.0,3.0,post
581476,2021-05-11 18:00:00,2021,3472,1929,Nacional,Benfica,1.0,3.0,post
581477,2021-05-11 20:30:00,2021,2250,2256,Sporting CP,Boavista,1.0,0.0,post
581479,2021-05-12 20:15:00,2021,5309,12698,Vitoria de Guimaraes,Famalicao,1.0,2.0,post
581468,2021-05-14 19:00:00,2021,3713,3699,Paços de Ferreira,Gil Vicente,0.0,2.0,post
581470,2021-05-14 21:15:00,2021,2994,3696,Braga,Moreirense,2.0,1.0,post
581471,2021-05-15 15:30:00,2021,2256,3719,Boavista,Portimonense,1.0,0.0,post
581474,2021-05-15 15:30:00,2021,20740,12706,SC Farense,Tondela,1.0,0.0,post
581473,2021-05-15 18:00:00,2021,1929,2250,Benfica,Sporting CP,4.0,3.0,post
581467,2021-05-15 20:30:00,2021,3822,437,Rio Ave,Porto,0.0,3.0,post
581466,2021-05-16 15:00:00,2021,12698,3472,Famalicao,Nacional,3.0,0.0,post
581472,2021-05-16 17:00:00,2021,3519,12215,Belenenses,Santa Clara,0.0,2.0,post
581469,2021-05-16 20:00:00,2021,552,5309,Maritimo,Vitoria de Guimaraes,0.0,0.0,post
581463,2021-05-18 20:15:00,2021,12706,3713,Tondela,Paços de Ferreira,2.0,3.0,post
581457,2021-05-19 18:00:00,2021,437,3519,Porto,Belenenses,4.0,0.0,post
581458,2021-05-19 20:00:00,2021,5309,1929,Vitoria de Guimaraes,Benfica,1.0,3.0,post
581460,2021-05-19 20:00:00,2021,3719,2994,Portimonense,Braga,0.0,0.0,post
581465,2021-05-19 20:00:00,2021,12215,20740,Santa Clara,SC Farense,4.0,0.0,post
581459,2021-05-19 20:00:00,2021,3699,2256,Gil Vicente,Boavista,1.0,2.0,post
581461,2021-05-19 20:00:00,2021,3696,12698,Moreirense,Famalicao,3.0,0.0,post
581464,2021-05-19 20:00:00,2021,3472,3822,Nacional,Rio Ave,1.0,2.0,post
581462,2021-05-19 21:45:00,2021,2250,552,Sporting CP,Maritimo,5.0,1.0,post
613400,2021-08-06 20:15:00,2021,2250,20995,Sporting CP,Vizela,3.0,0.0,post
613406,2021-08-07 12:45:00,2021,15784,12216,Arouca,Estoril,0.0,2.0,post
613402,2021-08-07 18:00:00,2021,3696,1929,Moreirense,Benfica,1.0,2.0,post
613407,2021-08-07 20:30:00,2021,552,2994,Maritimo,Braga,0.0,2.0,post
613399,2021-08-08 15:30:00,2021,12706,12215,Tondela,Santa Clara,3.0,0.0,post
613403,2021-08-08 15:30:00,2021,5309,3719,Vitoria de Guimaraes,Portimonense,0.0,1.0,post
613405,2021-08-08 18:00:00,2021,437,3519,Porto,Belenenses,2.0,0.0,post
613401,2021-08-08 20:30:00,2021,3713,12698,Paços de Ferreira,Famalicao,2.0,0.0,post
613404,2021-08-09 20:15:00,2021,3699,2256,Gil Vicente,Boavista,3.0,0.0,post
613412,2021-08-13 20:15:00,2021,12216,5309,Estoril,Vitoria de Guimaraes,0.0,0.0,post
613416,2021-08-14 15:30:00,2021,20995,12706,Vizela,Tondela,2.0,1.0,post
613414,2021-08-14 18:00:00,2021,1929,15784,Benfica,Arouca,2.0,0.0,post
613408,2021-08-14 20:30:00,2021,2994,2250,Braga,Sporting CP,1.0,2.0,post
613410,2021-08-15 15:30:00,2021,3719,3699,Portimonense,Gil Vicente,0.0,1.0,post
613411,2021-08-15 18:00:00,2021,12698,437,Famalicao,Porto,1.0,2.0,post
613409,2021-08-15 20:30:00,2021,12215,3696,Santa Clara,Moreirense,2.0,2.0,post
613413,2021-08-16 19:00:00,2021,2256,3713,Boavista,Paços de Ferreira,3.0,0.0,post
613415,2021-08-16 21:15:00,2021,3519,552,Belenenses,Maritimo,1.0,2.0,post
613417,2021-08-20 19:00:00,2021,15784,12698,Arouca,Famalicao,2.0,1.0,post
613423,2021-08-20 21:15:00,2021,3696,2994,Moreirense,Braga,2.0,3.0,post
613425,2021-08-21 18:00:00,2021,3699,1929,Gil Vicente,Benfica,0.0,2.0,post
613421,2021-08-21 20:30:00,2021,2250,3519,Sporting CP,Belenenses,2.0,0.0,post
613420,2021-08-22 15:30:00,2021,12706,3719,Tondela,Portimonense,0.0,3.0,post
613424,2021-08-22 18:00:00,2021,552,437,Maritimo,Porto,1.0,1.0,post
613419,2021-08-22 20:30:00,2021,5309,20995,Vitoria de Guimaraes,Vizela,4.0,0.0,post
613422,2021-08-23 19:00:00,2021,3713,12216,Paços de Ferreira,Estoril,1.0,3.0,post
613418,2021-08-23 21:15:00,2021,2256,12215,Boavista,Santa Clara,2.0,0.0,post
613426,2021-08-27 19:00:00,2021,3519,3696,Belenenses,Moreirense,1.0,1.0,post
613432,2021-08-27 21:15:00,2021,12216,552,Estoril,Maritimo,2.0,1.0,post
613430,2021-08-28 15:30:00,2021,20995,2256,Vizela,Boavista,1.0,1.0,post
613434,2021-08-28 18:00:00,2021,437,15784,Porto,Arouca,3.0,0.0,post
613431,2021-08-28 20:30:00,2021,12698,2250,Famalicao,Sporting CP,1.0,1.0,post
613433,2021-08-29 18:00:00,2021,1929,12706,Benfica,Tondela,2.0,1.0,post
613427,2021-08-29 18:00:00,2021,2994,5309,Braga,Vitoria de Guimaraes,0.0,0.0,post
613429,2021-08-29 20:30:00,2021,3719,3713,Portimonense,Paços de Ferreira,0.0,1.0,post
613428,2021-08-29 20:30:00,2021,12215,3699,Santa Clara,Gil Vicente,1.0,0.0,post
613443,2021-09-11 15:30:00,2021,3713,2994,Paços de Ferreira,Braga,0.0,0.0,post
613440,2021-09-11 18:00:00,2021,12215,1929,Santa Clara,Benfica,0.0,5.0,post
613441,2021-09-11 20:30:00,2021,2250,437,Sporting CP,Porto,1.0,1.0,post
613435,2021-09-12 15:30:00,2021,3696,12698,Moreirense,Famalicao,2.0,2.0,post
613437,2021-09-12 18:00:00,2021,3699,20995,Gil Vicente,Vizela,2.0,2.0,post
613438,2021-09-12 18:00:00,2021,2256,3719,Boavista,Portimonense,1.0,1.0,post
613439,2021-09-12 20:30:00,2021,5309,3519,Vitoria de Guimaraes,Belenenses,0.0,0.0,post
613436,2021-09-13 19:00:00,2021,552,15784,Maritimo,Arouca,2.0,2.0,post
613442,2021-09-13 21:15:00,2021,12706,12216,Tondela,Estoril,1.0,2.0,post
613451,2021-09-17 20:15:00,2021,3719,12215,Portimonense,Santa Clara,2.0,1.0,post
613448,2021-09-18 15:30:00,2021,12698,552,Famalicao,Maritimo,0.0,0.0,post
613446,2021-09-18 18:00:00,2021,3519,3699,Belenenses,Gil Vicente,1.0,1.0,post
613447,2021-09-18 20:30:00,2021,15784,5309,Arouca,Vitoria de Guimaraes,2.0,2.0,post
613449,2021-09-19 15:30:00,2021,20995,3713,Vizela,Paços de Ferreira,1.0,1.0,post
613452,2021-09-19 18:00:00,2021,437,3696,Porto,Moreirense,5.0,0.0,post
613444,2021-09-19 20:30:00,2021,12216,2250,Estoril,Sporting CP,0.0,1.0,post
613445,2021-09-20 19:00:00,2021,1929,2256,Benfica,Boavista,3.0,1.0,post
613450,2021-09-20 21:15:00,2021,2994,12706,Braga,Tondela,3.0,1.0,post
613458,2021-09-24 19:00:00,2021,2250,552,Sporting CP,Maritimo,1.0,0.0,post
613454,2021-09-24 21:15:00,2021,3699,437,Gil Vicente,Porto,1.0,2.0,post
613455,2021-09-25 15:30:00,2021,3696,15784,Moreirense,Arouca,2.0,1.0,post
613457,2021-09-25 18:00:00,2021,5309,1929,Vitoria de Guimaraes,Benfica,1.0,3.0,post
613461,2021-09-25 20:30:00,2021,12706,12698,Tondela,Famalicao,3.0,2.0,post
613459,2021-09-26 18:00:00,2021,12215,2994,Santa Clara,Braga,1.0,1.0,post
613460,2021-09-26 20:30:00,2021,3719,20995,Portimonense,Vizela,0.0,0.0,post
613456,2021-09-27 19:00:00,2021,3713,3519,Paços de Ferreira,Belenenses,2.0,2.0,post
613453,2021-09-27 21:15:00,2021,2256,12216,Boavista,Estoril,1.0,1.0,post
613464,2021-10-01 19:00:00,2021,552,3696,Maritimo,Moreirense,0.0,0.0,post
613470,2021-10-01 21:15:00,2021,12698,5309,Famalicao,Vitoria de Guimaraes,1.0,2.0,post
613462,2021-10-02 15:30:00,2021,20995,12215,Vizela,Santa Clara,1.0,1.0,post
613465,2021-10-02 18:00:00,2021,437,3713,Porto,Paços de Ferreira,2.0,1.0,post
613466,2021-10-02 20:30:00,2021,15784,2250,Arouca,Sporting CP,1.0,2.0,post
613469,2021-10-03 15:30:00,2021,3519,12706,Belenenses,Tondela,0.0,2.0,post
613467,2021-10-03 18:00:00,2021,12216,3699,Estoril,Gil Vicente,2.0,2.0,post
613468,2021-10-03 18:00:00,2021,1929,3719,Benfica,Portimonense,0.0,1.0,post
613463,2021-10-03 20:30:00,2021,2994,2256,Braga,Boavista,2.0,2.0,post
613472,2021-10-22 20:15:00,2021,5309,552,Vitoria de Guimaraes,Maritimo,2.0,1.0,post
613475,2021-10-23 15:30:00,2021,12215,12698,Santa Clara,Famalicao,0.0,2.0,post
613473,2021-10-23 18:00:00,2021,12706,437,Tondela,Porto,1.0,3.0,post
613474,2021-10-23 20:30:00,2021,2250,3696,Sporting CP,Moreirense,1.0,0.0,post
613477,2021-10-24 15:30:00,2021,3713,15784,Paços de Ferreira,Arouca,0.0,0.0,post
613471,2021-10-24 18:00:00,2021,20995,1929,Vizela,Benfica,0.0,1.0,post
613476,2021-10-24 20:30:00,2021,3719,12216,Portimonense,Estoril,0.0,2.0,post
613478,2021-10-25 19:00:00,2021,3699,2994,Gil Vicente,Braga,0.0,1.0,post
613479,2021-10-25 21:15:00,2021,2256,3519,Boavista,Belenenses,0.0,0.0,post
613480,2021-10-29 20:15:00,2021,15784,12706,Arouca,Tondela,2.0,0.0,post
613484,2021-10-30 17:00:00,2021,437,2256,Porto,Boavista,4.0,1.0,post
613482,2021-10-30 19:00:00,2021,12216,1929,Estoril,Benfica,1.0,1.0,post
613488,2021-10-30 21:15:00,2021,2250,5309,Sporting CP,Vitoria de Guimaraes,1.0,0.0,post
613485,2021-10-31 15:30:00,2021,552,3699,Maritimo,Gil Vicente,1.0,2.0,post
613481,2021-10-31 18:00:00,2021,3519,12215,Belenenses,Santa Clara,2.0,1.0,post
613483,2021-10-31 20:30:00,2021,12698,20995,Famalicao,Vizela,1.0,1.0,post
613487,2021-11-01 19:00:00,2021,2994,3719,Braga,Portimonense,3.0,0.0,post
613486,2021-11-01 21:15:00,2021,3696,3713,Moreirense,Paços de Ferreira,1.0,1.0,post
613495,2021-11-05 19:00:00,2021,3699,15784,Gil Vicente,Arouca,1.0,1.0,post
613490,2021-11-05 21:15:00,2021,2256,12698,Boavista,Famalicao,2.0,5.0,post
613489,2021-11-06 15:30:00,2021,20995,12216,Vizela,Estoril,1.0,1.0,post
613493,2021-11-06 18:00:00,2021,3719,3519,Portimonense,Belenenses,2.0,0.0,post
613496,2021-11-06 20:30:00,2021,5309,3696,Vitoria de Guimaraes,Moreirense,2.0,1.0,post
613491,2021-11-07 14:00:00,2021,12706,552,Tondela,Maritimo,4.0,2.0,post
613492,2021-11-07 17:00:00,2021,12215,437,Santa Clara,Porto,0.0,3.0,post
613494,2021-11-07 19:00:00,2021,3713,2250,Paços de Ferreira,Sporting CP,0.0,2.0,post
613497,2021-11-07 21:15:00,2021,1929,2994,Benfica,Braga,6.0,1.0,post
613498,2021-11-26 20:15:00,2021,3696,3699,Moreirense,Gil Vicente,2.0,2.0,post
613501,2021-11-27 15:30:00,2021,12698,3719,Famalicao,Portimonense,0.0,3.0,post
613504,2021-11-27 18:00:00,2021,15784,2256,Arouca,Boavista,2.0,1.0,post
613499,2021-11-28 15:30:00,2021,552,3713,Maritimo,Paços de Ferreira,2.0,0.0,post
613502,2021-11-28 18:00:00,2021,2250,12706,Sporting CP,Tondela,2.0,0.0,post
613500,2021-11-28 20:30:00,2021,437,5309,Porto,Vitoria de Guimaraes,2.0,1.0,post
613506,2021-11-29 20:15:00,2021,12216,12215,Estoril,Santa Clara,2.0,2.0,post
613505,2021-11-30 20:15:00,2021,2994,20995,Braga,Vizela,4.0,1.0,post
613509,2021-12-03 19:00:00,2021,3719,437,Portimonense,Porto,0.0,3.0,post
613515,2021-12-03 21:15:00,2021,1929,2250,Benfica,Sporting CP,1.0,3.0,post
613512,2021-12-04 18:00:00,2021,2256,552,Boavista,Maritimo,1.0,1.0,post
613508,2021-12-04 20:30:00,2021,3713,5309,Paços de Ferreira,Vitoria de Guimaraes,1.0,2.0,post
613510,2021-12-05 15:30:00,2021,12215,15784,Santa Clara,Arouca,2.0,1.0,post
613507,2021-12-05 18:00:00,2021,3699,12698,Gil Vicente,Famalicao,4.0,0.0,post
613511,2021-12-05 20:30:00,2021,2994,12216,Braga,Estoril,2.0,0.0,post
613524,2021-12-10 20:15:00,2021,3713,3699,Paços de Ferreira,Gil Vicente,0.0,1.0,post
613518,2021-12-11 15:30:00,2021,552,12215,Maritimo,Santa Clara,4.0,1.0,post
613522,2021-12-11 18:00:00,2021,5309,12706,Vitoria de Guimaraes,Tondela,5.0,2.0,post
613521,2021-12-11 20:30:00,2021,2250,2256,Sporting CP,Boavista,2.0,0.0,post
613523,2021-12-12 15:30:00,2021,3519,12216,Belenenses,Estoril,0.0,1.0,post
613519,2021-12-12 15:30:00,2021,3696,3719,Moreirense,Portimonense,0.0,1.0,post
613516,2021-12-12 18:00:00,2021,12698,1929,Famalicao,Benfica,1.0,4.0,post
613517,2021-12-12 20:30:00,2021,437,2994,Porto,Braga,1.0,0.0,post
613520,2021-12-13 20:15:00,2021,15784,20995,Arouca,Vizela,1.0,4.0,post
613528,2021-12-17 19:00:00,2021,12215,5309,Santa Clara,Vitoria de Guimaraes,1.0,0.0,post
613531,2021-12-17 21:15:00,2021,12216,12698,Estoril,Famalicao,2.0,2.0,post
613529,2021-12-18 15:30:00,2021,3719,15784,Portimonense,Arouca,1.0,1.0,post
613526,2021-12-18 15:30:00,2021,12706,3713,Tondela,Paços de Ferreira,0.0,1.0,post
613532,2021-12-18 20:30:00,2021,3699,2250,Gil Vicente,Sporting CP,0.0,3.0,post
613530,2021-12-19 17:00:00,2021,2256,3696,Boavista,Moreirense,1.0,0.0,post
613533,2021-12-19 17:00:00,2021,1929,552,Benfica,Maritimo,7.0,1.0,post
613525,2021-12-19 19:00:00,2021,20995,437,Vizela,Porto,0.0,4.0,post
613527,2021-12-19 21:00:00,2021,2994,3519,Braga,Belenenses,1.0,0.0,post
613541,2021-12-28 17:00:00,2021,12706,3699,Tondela,Gil Vicente,0.0,3.0,post
613537,2021-12-28 19:00:00,2021,552,20995,Maritimo,Vizela,2.0,0.0,post
613536,2021-12-28 21:00:00,2021,3696,12216,Moreirense,Estoril,1.0,0.0,post
613538,2021-12-29 19:00:00,2021,5309,2256,Vitoria de Guimaraes,Boavista,1.0,1.0,post
613534,2021-12-29 21:00:00,2021,2250,3719,Sporting CP,Portimonense,3.0,2.0,post
613535,2021-12-30 17:00:00,2021,3713,12215,Paços de Ferreira,Santa Clara,2.0,1.0,post
613540,2021-12-30 19:00:00,2021,15784,2994,Arouca,Braga,0.0,6.0,post
613542,2021-12-30 21:00:00,2021,437,1929,Porto,Benfica,3.0,1.0,post
613513,2022-01-02 18:30:00,2022,20995,3519,Vizela,Belenenses,2.0,0.0,post
613514,2022-01-03 20:15:00,2022,12706,3696,Tondela,Moreirense,2.0,1.0,post
613549,2022-01-07 18:30:00,2022,12215,2250,Santa Clara,Sporting CP,3.0,2.0,post
613547,2022-01-08 15:30:00,2022,20995,3696,Vizela,Moreirense,0.0,1.0,post
613546,2022-01-08 18:00:00,2022,12216,437,Estoril,Porto,2.0,3.0,post
613545,2022-01-08 20:30:00,2022,2256,12706,Boavista,Tondela,1.0,1.0,post
613548,2022-01-09 15:30:00,2022,3719,552,Portimonense,Maritimo,1.0,2.0,post
613544,2022-01-09 18:00:00,2022,1929,3713,Benfica,Paços de Ferreira,2.0,0.0,post
613550,2022-01-09 18:00:00,2022,2994,12698,Braga,Famalicao,2.0,2.0,post
613543,2022-01-09 20:30:00,2022,3519,15784,Belenenses,Arouca,2.0,1.0,post
613551,2022-01-10 20:15:00,2022,3699,5309,Gil Vicente,Vitoria de Guimaraes,3.0,2.0,post
613539,2022-01-13 18:00:00,2022,12698,3519,Famalicao,Belenenses,1.0,0.0,post
613554,2022-01-15 15:30:00,2022,2256,3699,Boavista,Gil Vicente,1.0,1.0,post
613553,2022-01-15 18:00:00,2022,1929,3696,Benfica,Moreirense,1.0,1.0,post
613559,2022-01-15 18:00:00,2022,2994,552,Braga,Maritimo,0.0,1.0,post
613558,2022-01-16 15:30:00,2022,12215,12706,Santa Clara,Tondela,2.0,2.0,post
613560,2022-01-16 18:00:00,2022,20995,2250,Vizela,Sporting CP,0.0,2.0,post
613556,2022-01-16 18:30:00,2022,12698,3713,Famalicao,Paços de Ferreira,0.0,0.0,post
613552,2022-01-16 20:30:00,2022,3519,437,Belenenses,Porto,1.0,4.0,post
613557,2022-01-17 20:15:00,2022,3719,5309,Portimonense,Vitoria de Guimaraes,1.0,1.0,post
613561,2022-01-21 19:00:00,2022,15784,1929,Arouca,Benfica,0.0,2.0,post
613566,2022-01-21 21:15:00,2022,3713,2256,Paços de Ferreira,Boavista,1.0,1.0,post
613567,2022-01-22 15:30:00,2022,3696,12215,Moreirense,Santa Clara,0.0,2.0,post
613564,2022-01-22 18:00:00,2022,12706,20995,Tondela,Vizela,2.0,3.0,post
613565,2022-01-22 20:30:00,2022,2250,2994,Sporting CP,Braga,1.0,2.0,post
613568,2022-01-23 15:30:00,2022,552,3519,Maritimo,Belenenses,1.0,1.0,post
613563,2022-01-23 15:30:00,2022,5309,12216,Vitoria de Guimaraes,Estoril,3.0,1.0,post
613569,2022-01-23 18:00:00,2022,3699,3719,Gil Vicente,Portimonense,1.0,0.0,post
613562,2022-01-23 20:30:00,2022,437,12698,Porto,Famalicao,3.0,1.0,post
613555,2022-01-27 20:15:00,2022,12216,15784,Estoril,Arouca,1.0,2.0,post
613573,2022-01-30 15:30:00,2022,3719,12706,Portimonense,Tondela,1.0,2.0,post
613574,2022-01-30 15:30:00,2022,20995,5309,Vizela,Vitoria de Guimaraes,3.0,2.0,post
613571,2022-01-30 18:00:00,2022,2994,3696,Braga,Moreirense,2.0,0.0,post
613578,2022-01-30 20:30:00,2022,437,552,Porto,Maritimo,2.0,1.0,post
613576,2022-01-31 19:00:00,2022,12216,3713,Estoril,Paços de Ferreira,0.0,0.0,post
613575,2022-01-31 21:15:00,2022,12698,15784,Famalicao,Arouca,0.0,0.0,post
613572,2022-02-01 20:15:00,2022,12215,2256,Santa Clara,Boavista,2.0,1.0,post
613577,2022-02-02 19:00:00,2022,1929,3699,Benfica,Gil Vicente,1.0,2.0,post
613570,2022-02-02 20:45:00,2022,3519,2250,Belenenses,Sporting CP,1.0,4.0,post
613587,2022-02-05 15:30:00,2022,552,12216,Maritimo,Estoril,0.0,0.0,post
613581,2022-02-05 18:00:00,2022,3713,3719,Paços de Ferreira,Portimonense,1.0,1.0,post
613583,2022-02-05 20:30:00,2022,5309,2994,Vitoria de Guimaraes,Braga,2.0,1.0,post
613585,2022-02-06 15:30:00,2022,2256,20995,Boavista,Vizela,2.0,2.0,post
613584,2022-02-06 15:30:00,2022,3699,12215,Gil Vicente,Santa Clara,2.0,2.0,post
613586,2022-02-06 18:00:00,2022,15784,437,Arouca,Porto,0.0,2.0,post
613580,2022-02-06 20:30:00,2022,2250,12698,Sporting CP,Famalicao,2.0,0.0,post
613579,2022-02-07 19:00:00,2022,12706,1929,Tondela,Benfica,1.0,3.0,post
613582,2022-02-07 21:15:00,2022,3696,3519,Moreirense,Belenenses,4.0,1.0,post
613590,2022-02-11 20:15:00,2022,437,2250,Porto,Sporting CP,2.0,2.0,post
613588,2022-02-12 15:30:00,2022,2994,3713,Braga,Paços de Ferreira,2.0,1.0,post
613593,2022-02-12 18:00:00,2022,1929,12215,Benfica,Santa Clara,2.0,1.0,post
613589,2022-02-12 18:00:00,2022,3719,2256,Portimonense,Boavista,1.0,1.0,post
613592,2022-02-12 20:30:00,2022,12216,12706,Estoril,Tondela,1.0,0.0,post
613591,2022-02-13 15:30:00,2022,12698,3696,Famalicao,Moreirense,5.0,0.0,post
613594,2022-02-13 18:00:00,2022,3519,5309,Belenenses,Vitoria de Guimaraes,1.0,0.0,post
613596,2022-02-13 20:30:00,2022,20995,3699,Vizela,Gil Vicente,0.0,1.0,post
613595,2022-02-14 20:15:00,2022,15784,552,Arouca,Maritimo,0.0,3.0,post
613597,2022-02-18 20:15:00,2022,2256,1929,Boavista,Benfica,2.0,2.0,post
613598,2022-02-19 15:30:00,2022,3699,3519,Gil Vicente,Belenenses,2.0,0.0,post
613603,2022-02-19 18:00:00,2022,3713,20995,Paços de Ferreira,Vizela,2.0,1.0,post
613599,2022-02-19 20:30:00,2022,5309,15784,Vitoria de Guimaraes,Arouca,1.0,3.0,post
613605,2022-02-20 15:30:00,2022,552,12698,Maritimo,Famalicao,0.0,1.0,post
613601,2022-02-20 18:00:00,2022,2250,12216,Sporting CP,Estoril,3.0,0.0,post
613604,2022-02-20 20:00:00,2022,3696,437,Moreirense,Porto,0.0,1.0,post
613600,2022-02-20 20:45:00,2022,12706,2994,Tondela,Braga,0.0,1.0,post
613602,2022-02-21 20:15:00,2022,12215,3719,Santa Clara,Portimonense,1.0,1.0,post
613613,2022-02-25 20:15:00,2022,3519,3713,Belenenses,Paços de Ferreira,0.0,2.0,post
613614,2022-02-26 15:30:00,2022,12698,12706,Famalicao,Tondela,2.0,1.0,post
613608,2022-02-26 18:00:00,2022,552,2250,Maritimo,Sporting CP,1.0,1.0,post
613606,2022-02-26 20:30:00,2022,15784,3696,Arouca,Moreirense,1.0,1.0,post
613610,2022-02-27 15:30:00,2022,20995,3719,Vizela,Portimonense,1.0,1.0,post
613612,2022-02-27 18:00:00,2022,1929,5309,Benfica,Vitoria de Guimaraes,3.0,0.0,post
613611,2022-02-27 18:00:00,2022,12216,2256,Estoril,Boavista,2.0,3.0,post
613609,2022-02-27 20:30:00,2022,437,3699,Porto,Gil Vicente,1.0,1.0,post
613607,2022-02-28 20:15:00,2022,2994,12215,Braga,Santa Clara,0.0,0.0,post
613617,2022-03-04 20:15:00,2022,3699,12216,Gil Vicente,Estoril,0.0,0.0,post
613618,2022-03-05 15:30:00,2022,2256,2994,Boavista,Braga,1.0,1.0,post
613623,2022-03-05 18:00:00,2022,3719,1929,Portimonense,Benfica,1.0,2.0,post
613621,2022-03-05 20:30:00,2022,2250,15784,Sporting CP,Arouca,2.0,0.0,post
613616,2022-03-06 15:30:00,2022,3696,552,Moreirense,Maritimo,0.0,1.0,post
613615,2022-03-06 18:00:00,2022,3713,437,Paços de Ferreira,Porto,2.0,4.0,post
613620,2022-03-06 20:30:00,2022,12215,20995,Santa Clara,Vizela,3.0,1.0,post
613619,2022-03-06 20:30:00,2022,5309,12698,Vitoria de Guimaraes,Famalicao,2.0,1.0,post
613622,2022-03-07 20:15:00,2022,12706,3519,Tondela,Belenenses,1.0,1.0,post
613625,2022-03-11 20:15:00,2022,1929,20995,Benfica,Vizela,1.0,1.0,post
613624,2022-03-12 15:30:00,2022,12216,3719,Estoril,Portimonense,2.0,0.0,post
613628,2022-03-12 15:30:00,2022,12698,12215,Famalicao,Santa Clara,0.0,0.0,post
613627,2022-03-12 18:00:00,2022,15784,3713,Arouca,Paços de Ferreira,0.0,1.0,post
613626,2022-03-12 20:30:00,2022,3519,2256,Belenenses,Boavista,0.0,0.0,post
613631,2022-03-13 15:30:00,2022,552,5309,Maritimo,Vitoria de Guimaraes,0.0,1.0,post
613632,2022-03-13 18:00:00,2022,437,12706,Porto,Tondela,4.0,0.0,post
613629,2022-03-13 20:30:00,2022,2994,3699,Braga,Gil Vicente,0.0,1.0,post
613630,2022-03-14 20:15:00,2022,3696,2250,Moreirense,Sporting CP,0.0,2.0,post
613637,2022-03-18 20:15:00,2022,20995,12698,Vizela,Famalicao,1.0,1.0,post
613638,2022-03-19 15:30:00,2022,12706,15784,Tondela,Arouca,2.0,2.0,post
613639,2022-03-19 18:00:00,2022,12215,3519,Santa Clara,Belenenses,0.0,0.0,post
613641,2022-03-19 20:30:00,2022,5309,2250,Vitoria de Guimaraes,Sporting CP,1.0,3.0,post
613635,2022-03-20 15:30:00,2022,3699,552,Gil Vicente,Maritimo,1.0,1.0,post
613636,2022-03-20 15:30:00,2022,3713,3696,Paços de Ferreira,Moreirense,2.0,1.0,post
613633,2022-03-20 18:00:00,2022,1929,12216,Benfica,Estoril,2.0,1.0,post
613640,2022-03-20 20:00:00,2022,3719,2994,Portimonense,Braga,1.0,2.0,post
613634,2022-03-20 20:45:00,2022,2256,437,Boavista,Porto,0.0,1.0,post
613645,2022-04-01 20:15:00,2022,2994,1929,Braga,Benfica,3.0,2.0,post
613650,2022-04-02 15:30:00,2022,3519,3719,Belenenses,Portimonense,2.0,0.0,post
613649,2022-04-02 18:00:00,2022,15784,3699,Arouca,Gil Vicente,2.0,1.0,post
613643,2022-04-02 18:00:00,2022,12216,20995,Estoril,Vizela,1.0,2.0,post
613642,2022-04-02 20:30:00,2022,12698,2256,Famalicao,Boavista,1.0,2.0,post
613647,2022-04-03 15:30:00,2022,552,12706,Maritimo,Tondela,1.0,3.0,post
613646,2022-04-03 18:00:00,2022,3696,5309,Moreirense,Vitoria de Guimaraes,0.0,1.0,post
613644,2022-04-03 20:30:00,2022,2250,3713,Sporting CP,Paços de Ferreira,2.0,0.0,post
613648,2022-04-04 20:15:00,2022,437,12215,Porto,Santa Clara,3.0,0.0,post
613657,2022-04-08 20:15:00,2022,3699,3696,Gil Vicente,Moreirense,1.0,2.0,post
613656,2022-04-09 15:30:00,2022,3713,552,Paços de Ferreira,Maritimo,2.0,0.0,post
613651,2022-04-09 18:00:00,2022,1929,3519,Benfica,Belenenses,3.0,1.0,post
613658,2022-04-09 18:00:00,2022,2256,15784,Boavista,Arouca,1.0,0.0,post
613653,2022-04-09 20:30:00,2022,12706,2250,Tondela,Sporting CP,1.0,3.0,post
613659,2022-04-10 15:30:00,2022,3719,12698,Portimonense,Famalicao,1.0,0.0,post
613654,2022-04-10 15:30:00,2022,12215,12216,Santa Clara,Estoril,2.0,0.0,post
613652,2022-04-10 18:00:00,2022,5309,437,Vitoria de Guimaraes,Porto,0.0,1.0,post
613655,2022-04-10 20:30:00,2022,20995,2994,Vizela,Braga,0.0,1.0,post
613663,2022-04-15 15:30:00,2022,15784,12215,Arouca,Santa Clara,1.0,1.0,post
613660,2022-04-15 18:00:00,2022,12698,3699,Famalicao,Gil Vicente,2.0,2.0,post
613665,2022-04-15 20:30:00,2022,5309,3713,Vitoria de Guimaraes,Paços de Ferreira,4.0,0.0,post
613667,2022-04-16 15:30:00,2022,3696,12706,Moreirense,Tondela,2.0,0.0,post
613662,2022-04-16 18:00:00,2022,3519,20995,Belenenses,Vizela,1.0,0.0,post
613668,2022-04-16 18:00:00,2022,552,2256,Maritimo,Boavista,4.0,0.0,post
613664,2022-04-16 20:30:00,2022,437,3719,Porto,Portimonense,7.0,0.0,post
613666,2022-04-17 20:30:00,2022,2250,1929,Sporting CP,Benfica,0.0,2.0,post
613661,2022-04-18 20:30:00,2022,12216,2994,Estoril,Braga,0.0,0.0,post
613671,2022-04-22 20:15:00,2022,20995,15784,Vizela,Arouca,2.0,1.0,post
613675,2022-04-23 15:30:00,2022,3719,3696,Portimonense,Moreirense,1.0,0.0,post
613669,2022-04-23 18:00:00,2022,1929,12698,Benfica,Famalicao,0.0,0.0,post
613674,2022-04-23 18:00:00,2022,12215,552,Santa Clara,Maritimo,2.0,2.0,post
613676,2022-04-23 20:30:00,2022,3699,3713,Gil Vicente,Paços de Ferreira,1.0,1.0,post
613677,2022-04-24 18:00:00,2022,12216,3519,Estoril,Belenenses,2.0,2.0,post
613672,2022-04-24 20:30:00,2022,12706,5309,Tondela,Vitoria de Guimaraes,1.0,1.0,post
613673,2022-04-25 18:00:00,2022,2994,437,Braga,Porto,1.0,0.0,post
613670,2022-04-25 20:30:00,2022,2256,2250,Boavista,Sporting CP,0.0,3.0,post
613684,2022-04-29 20:15:00,2022,12698,12216,Famalicao,Estoril,3.0,1.0,post
613678,2022-04-30 15:00:00,2022,15784,3719,Arouca,Portimonense,1.0,0.0,post
613679,2022-04-30 17:00:00,2022,552,1929,Maritimo,Benfica,0.0,1.0,post
613683,2022-04-30 19:00:00,2022,437,20995,Porto,Vizela,4.0,2.0,post
613685,2022-04-30 21:00:00,2022,3519,2994,Belenenses,Braga,0.0,1.0,post
613682,2022-05-01 15:30:00,2022,5309,12215,Vitoria de Guimaraes,Santa Clara,1.0,1.0,post
613680,2022-05-01 18:00:00,2022,3696,2256,Moreirense,Boavista,1.0,2.0,post
613686,2022-05-01 20:30:00,2022,2250,3699,Sporting CP,Gil Vicente,4.0,1.0,post
613681,2022-05-02 20:15:00,2022,3713,12706,Paços de Ferreira,Tondela,1.0,1.0,post
613695,2022-05-06 20:15:00,2022,2256,5309,Boavista,Vitoria de Guimaraes,1.0,1.0,post
613694,2022-05-07 15:30:00,2022,12216,3696,Estoril,Moreirense,1.0,0.0,post
613688,2022-05-07 18:00:00,2022,1929,437,Benfica,Porto,0.0,1.0,post
613692,2022-05-07 20:30:00,2022,3719,2250,Portimonense,Sporting CP,2.0,3.0,post
613693,2022-05-08 15:30:00,2022,3699,12706,Gil Vicente,Tondela,3.0,0.0,post
613689,2022-05-08 15:30:00,2022,20995,552,Vizela,Maritimo,1.0,1.0,post
613690,2022-05-08 18:00:00,2022,2994,15784,Braga,Arouca,1.0,0.0,post
613691,2022-05-08 20:30:00,2022,12215,3713,Santa Clara,Paços de Ferreira,2.0,0.0,post
613687,2022-05-09 20:15:00,2022,3519,12698,Belenenses,Famalicao,2.0,3.0,post
613699,2022-05-13 20:15:00,2022,3713,1929,Paços de Ferreira,Benfica,0.0,2.0,post
613696,2022-05-14 15:30:00,2022,15784,3519,Arouca,Belenenses,0.0,0.0,post
613704,2022-05-14 15:30:00,2022,3696,20995,Moreirense,Vizela,4.0,1.0,post
613697,2022-05-14 15:30:00,2022,12706,2256,Tondela,Boavista,2.0,2.0,post
613702,2022-05-14 18:00:00,2022,437,12216,Porto,Estoril,2.0,0.0,post
613701,2022-05-14 18:00:00,2022,552,3719,Maritimo,Portimonense,0.0,1.0,post
613698,2022-05-14 20:30:00,2022,2250,12215,Sporting CP,Santa Clara,4.0,0.0,post
613703,2022-05-15 18:00:00,2022,12698,2994,Famalicao,Braga,3.0,2.0,post
613700,2022-05-15 20:30:00,2022,5309,3699,Vitoria de Guimaraes,Gil Vicente,5.0,0.0,post
646670,2022-08-05 20:15:00,2022,1929,15784,Benfica,Arouca,4.0,0.0,post
646676,2022-08-06 15:30:00,2022,3822,20995,Rio Ave,Vizela,0.0,1.0,post
646672,2022-08-06 18:00:00,2022,12216,12698,Estoril,Famalicao,2.0,0.0,post
646673,2022-08-06 20:30:00,2022,437,552,Porto,Maritimo,5.0,1.0,post
646677,2022-08-07 15:30:00,2022,12215,21581,Santa Clara,Casa Pia,0.0,0.0,post
646674,2022-08-07 18:00:00,2022,2994,2250,Braga,Sporting CP,3.0,3.0,post
646671,2022-08-07 20:30:00,2022,12705,5309,GD Chaves,Vitoria de Guimaraes,0.0,1.0,post
646675,2022-08-07 20:30:00,2022,3719,2256,Portimonense,Boavista,0.0,1.0,post
646678,2022-08-08 20:15:00,2022,3699,3713,Gil Vicente,Paços de Ferreira,1.0,0.0,post
646679,2022-08-12 20:15:00,2022,12698,2994,Famalicao,Braga,0.0,3.0,post
646680,2022-08-13 18:00:00,2022,21581,1929,Casa Pia,Benfica,0.0,1.0,post
646686,2022-08-13 20:30:00,2022,2250,3822,Sporting CP,Rio Ave,3.0,0.0,post
646681,2022-08-14 15:30:00,2022,2256,12215,Boavista,Santa Clara,2.0,1.0,post
646684,2022-08-14 18:00:00,2022,20995,437,Vizela,Porto,0.0,1.0,post
646685,2022-08-14 20:30:00,2022,5309,12216,Vitoria de Guimaraes,Estoril,1.0,0.0,post
646683,2022-08-15 15:30:00,2022,552,12705,Maritimo,GD Chaves,1.0,2.0,post
646682,2022-08-15 18:00:00,2022,15784,3699,Arouca,Gil Vicente,1.0,0.0,post
646687,2022-08-15 20:30:00,2022,3713,3719,Paços de Ferreira,Portimonense,0.0,3.0,post
646691,2022-08-19 20:15:00,2022,12216,3822,Estoril,Rio Ave,2.0,2.0,post
646696,2022-08-20 15:30:00,2022,12215,15784,Santa Clara,Arouca,1.0,2.0,post
646690,2022-08-20 18:00:00,2022,12705,20995,GD Chaves,Vizela,1.0,1.0,post
646695,2022-08-20 20:30:00,2022,437,2250,Porto,Sporting CP,3.0,0.0,post
646689,2022-08-21 15:30:00,2022,21581,2256,Casa Pia,Boavista,2.0,0.0,post
646692,2022-08-21 18:00:00,2022,2994,552,Braga,Maritimo,5.0,0.0,post
646693,2022-08-21 20:30:00,2022,3719,5309,Portimonense,Vitoria de Guimaraes,2.0,1.0,post
646694,2022-08-22 20:15:00,2022,3699,12698,Gil Vicente,Famalicao,0.0,0.0,post
646701,2022-08-26 20:15:00,2022,3713,12216,Paços de Ferreira,Estoril,0.0,3.0,post
646697,2022-08-27 15:30:00,2022,552,3719,Maritimo,Portimonense,0.0,1.0,post
646699,2022-08-27 18:00:00,2022,2256,1929,Boavista,Benfica,0.0,3.0,post
646704,2022-08-27 20:30:00,2022,2250,12705,Sporting CP,GD Chaves,0.0,2.0,post
646698,2022-08-28 15:30:00,2022,12698,12215,Famalicao,Santa Clara,1.0,0.0,post
646700,2022-08-28 18:00:00,2022,15784,2994,Arouca,Braga,0.0,6.0,post
646705,2022-08-28 20:30:00,2022,3822,437,Rio Ave,Porto,3.0,1.0,post
646703,2022-08-29 19:00:00,2022,5309,21581,Vitoria de Guimaraes,Casa Pia,0.0,1.0,post
646702,2022-08-29 21:15:00,2022,20995,3699,Vizela,Gil Vicente,2.0,2.0,post
646688,2022-08-30 20:15:00,2022,1929,3713,Benfica,Paços de Ferreira,3.0,2.0,post
646709,2022-09-02 19:00:00,2022,1929,20995,Benfica,Vizela,2.0,1.0,post
646714,2022-09-02 21:15:00,2022,12216,2250,Estoril,Sporting CP,0.0,2.0,post
646710,2022-09-03 15:30:00,2022,2994,5309,Braga,Vitoria de Guimaraes,1.0,0.0,post
646711,2022-09-03 20:30:00,2022,3699,437,Gil Vicente,Porto,0.0,2.0,post
646707,2022-09-04 15:30:00,2022,21581,15784,Casa Pia,Arouca,0.0,0.0,post
646713,2022-09-04 18:00:00,2022,12215,552,Santa Clara,Maritimo,2.0,1.0,post
646712,2022-09-04 20:30:00,2022,3719,12698,Portimonense,Famalicao,1.0,0.0,post
646708,2022-09-05 19:00:00,2022,2256,3713,Boavista,Paços de Ferreira,1.0,0.0,post
646706,2022-09-05 21:15:00,2022,12705,3822,GD Chaves,Rio Ave,1.0,1.0,post
646721,2022-09-09 20:15:00,2022,5309,12215,Vitoria de Guimaraes,Santa Clara,1.0,0.0,post
646717,2022-09-10 15:30:00,2022,12698,1929,Famalicao,Benfica,0.0,1.0,post
646722,2022-09-10 18:00:00,2022,2250,3719,Sporting CP,Portimonense,4.0,0.0,post
646716,2022-09-10 20:30:00,2022,437,12705,Porto,GD Chaves,3.0,0.0,post
646719,2022-09-11 15:30:00,2022,3713,21581,Paços de Ferreira,Casa Pia,2.0,3.0,post
646718,2022-09-11 18:00:00,2022,15784,2256,Arouca,Boavista,1.0,2.0,post
646715,2022-09-11 18:00:00,2022,552,3699,Maritimo,Gil Vicente,1.0,2.0,post
646723,2022-09-11 20:30:00,2022,3822,2994,Rio Ave,Braga,2.0,3.0,post
646720,2022-09-12 20:15:00,2022,20995,12216,Vizela,Estoril,0.0,1.0,post
646730,2022-09-16 20:15:00,2022,3719,12705,Portimonense,GD Chaves,1.0,0.0,post
646729,2022-09-17 15:30:00,2022,3699,3822,Gil Vicente,Rio Ave,2.0,2.0,post
646731,2022-09-17 15:30:00,2022,12215,3713,Santa Clara,Paços de Ferreira,1.0,1.0,post
646732,2022-09-17 18:00:00,2022,12216,437,Estoril,Porto,1.0,1.0,post
646726,2022-09-17 20:30:00,2022,2256,2250,Boavista,Sporting CP,2.0,1.0,post
646724,2022-09-18 15:30:00,2022,15784,5309,Arouca,Vitoria de Guimaraes,2.0,2.0,post
646725,2022-09-18 18:00:00,2022,1929,552,Benfica,Maritimo,5.0,0.0,post
646727,2022-09-18 18:00:00,2022,21581,12698,Casa Pia,Famalicao,1.0,0.0,post
646728,2022-09-18 20:30:00,2022,2994,20995,Braga,Vizela,2.0,0.0,post
646738,2022-09-30 19:00:00,2022,2250,3699,Sporting CP,Gil Vicente,3.0,1.0,post
646734,2022-09-30 21:15:00,2022,437,2994,Porto,Braga,4.0,1.0,post
646740,2022-10-01 15:30:00,2022,20995,3719,Vizela,Portimonense,1.0,0.0,post
646741,2022-10-01 18:00:00,2022,12705,12216,GD Chaves,Estoril,1.0,1.0,post
646739,2022-10-01 20:30:00,2022,5309,1929,Vitoria de Guimaraes,Benfica,0.0,0.0,post
646737,2022-10-02 15:30:00,2022,3822,12215,Rio Ave,Santa Clara,1.0,0.0,post
646736,2022-10-02 18:00:00,2022,3713,15784,Paços de Ferreira,Arouca,1.0,1.0,post
646733,2022-10-02 20:30:00,2022,12698,2256,Famalicao,Boavista,4.0,0.0,post
646735,2022-10-03 20:15:00,2022,552,21581,Maritimo,Casa Pia,1.0,2.0,post
646749,2022-10-07 20:15:00,2022,3699,12216,Gil Vicente,Estoril,0.0,1.0,post
646742,2022-10-08 15:30:00,2022,12215,2250,Santa Clara,Sporting CP,1.0,2.0,post
646746,2022-10-08 18:00:00,2022,1929,3822,Benfica,Rio Ave,4.0,2.0,post
646743,2022-10-08 18:00:00,2022,3719,437,Portimonense,Porto,0.0,2.0,post
646750,2022-10-08 20:30:00,2022,3713,5309,Paços de Ferreira,Vitoria de Guimaraes,0.0,1.0,post
646747,2022-10-09 15:30:00,2022,2256,552,Boavista,Maritimo,1.0,1.0,post
646748,2022-10-09 18:00:00,2022,21581,20995,Casa Pia,Vizela,0.0,1.0,post
646744,2022-10-09 20:30:00,2022,2994,12705,Braga,GD Chaves,0.0,1.0,post
646745,2022-10-10 20:15:00,2022,15784,12698,Arouca,Famalicao,4.0,1.0,post
646756,2022-10-21 20:15:00,2022,437,1929,Porto,Benfica,0.0,1.0,post
646757,2022-10-22 15:30:00,2022,12698,3713,Famalicao,Paços de Ferreira,2.0,1.0,post
646758,2022-10-22 18:00:00,2022,12216,2994,Estoril,Braga,0.0,2.0,post
646753,2022-10-22 20:30:00,2022,2250,21581,Sporting CP,Casa Pia,3.0,1.0,post
646759,2022-10-23 15:30:00,2022,552,15784,Maritimo,Arouca,1.0,1.0,post
646755,2022-10-23 15:30:00,2022,20995,12215,Vizela,Santa Clara,0.0,1.0,post
646751,2022-10-23 18:00:00,2022,12705,3699,GD Chaves,Gil Vicente,3.0,1.0,post
646752,2022-10-23 20:30:00,2022,5309,2256,Vitoria de Guimaraes,Boavista,3.0,2.0,post
646754,2022-10-24 20:15:00,2022,3822,3719,Rio Ave,Portimonense,1.0,0.0,post
646762,2022-10-28 20:15:00,2022,3713,552,Paços de Ferreira,Maritimo,0.0,1.0,post
646760,2022-10-29 15:30:00,2022,12215,437,Santa Clara,Porto,1.0,1.0,post
646766,2022-10-29 18:00:00,2022,1929,12705,Benfica,GD Chaves,5.0,0.0,post
646767,2022-10-29 20:30:00,2022,15784,2250,Arouca,Sporting CP,1.0,0.0,post
646765,2022-10-30 15:30:00,2022,2256,20995,Boavista,Vizela,2.0,2.0,post
646761,2022-10-30 15:30:00,2022,3719,12216,Portimonense,Estoril,1.0,1.0,post
646764,2022-10-30 18:00:00,2022,21581,3822,Casa Pia,Rio Ave,1.0,0.0,post
646763,2022-10-30 20:30:00,2022,3699,2994,Gil Vicente,Braga,0.0,1.0,post
646768,2022-10-31 20:15:00,2022,5309,12698,Vitoria de Guimaraes,Famalicao,3.0,2.0,post
646769,2022-11-04 20:15:00,2022,3699,3719,Gil Vicente,Portimonense,1.0,2.0,post
646773,2022-11-05 15:30:00,2022,20995,15784,Vizela,Arouca,0.0,1.0,post
646770,2022-11-05 18:00:00,2022,437,3713,Porto,Paços de Ferreira,4.0,0.0,post
646776,2022-11-05 20:30:00,2022,2250,5309,Sporting CP,Vitoria de Guimaraes,3.0,0.0,post
646774,2022-11-06 15:30:00,2022,3822,2256,Rio Ave,Boavista,1.0,0.0,post
646775,2022-11-06 18:00:00,2022,2994,21581,Braga,Casa Pia,0.0,1.0,post
646777,2022-11-06 18:00:00,2022,552,12698,Maritimo,Famalicao,0.0,0.0,post
646771,2022-11-06 20:30:00,2022,12216,1929,Estoril,Benfica,1.0,5.0,post
646772,2022-11-07 20:15:00,2022,12705,12215,GD Chaves,Santa Clara,0.0,0.0,post
646781,2022-11-12 18:00:00,2022,15784,3822,Arouca,Rio Ave,0.0,1.0,post
646779,2022-11-12 20:30:00,2022,2256,437,Boavista,Porto,1.0,4.0,post
646786,2022-11-13 15:30:00,2022,3713,20995,Paços de Ferreira,Vizela,0.0,2.0,post
646783,2022-11-13 15:30:00,2022,5309,552,Vitoria de Guimaraes,Maritimo,1.0,0.0,post
646780,2022-11-13 18:00:00,2022,1929,3699,Benfica,Gil Vicente,3.0,1.0,post
646778,2022-11-13 18:00:00,2022,21581,12705,Casa Pia,GD Chaves,1.0,2.0,post
646785,2022-11-13 18:00:00,2022,3719,2994,Portimonense,Braga,1.0,2.0,post
646782,2022-11-13 20:30:00,2022,12698,2250,Famalicao,Sporting CP,1.0,2.0,post
646784,2022-11-14 20:15:00,2022,12215,12216,Santa Clara,Estoril,3.0,1.0,post
646793,2022-12-23 20:15:00,2022,3822,552,Rio Ave,Maritimo,1.0,1.0,post
646794,2022-12-28 19:00:00,2022,3719,21581,Portimonense,Casa Pia,1.0,2.0,post
646789,2022-12-28 21:15:00,2022,437,15784,Porto,Arouca,5.0,1.0,post
646790,2022-12-29 17:00:00,2022,3699,12215,Gil Vicente,Santa Clara,1.0,0.0,post
646795,2022-12-29 21:15:00,2022,2250,3713,Sporting CP,Paços de Ferreira,3.0,0.0,post
646787,2022-12-30 17:00:00,2022,12705,12698,GD Chaves,Famalicao,0.0,2.0,post
646791,2022-12-30 19:00:00,2022,20995,5309,Vizela,Vitoria de Guimaraes,3.0,0.0,post
646792,2022-12-30 21:15:00,2022,2994,1929,Braga,Benfica,3.0,0.0,post
646803,2023-01-05 20:15:00,2023,12215,2994,Santa Clara,Braga,0.0,4.0,post
646798,2023-01-06 19:00:00,2023,1929,3719,Benfica,Portimonense,1.0,0.0,post
646804,2023-01-06 21:15:00,2023,12698,20995,Famalicao,Vizela,2.0,1.0,post
646799,2023-01-07 15:30:00,2023,15784,12216,Arouca,Estoril,2.0,0.0,post
646800,2023-01-07 18:00:00,2023,5309,3822,Vitoria de Guimaraes,Rio Ave,0.0,0.0,post
646796,2023-01-07 20:30:00,2023,21581,437,Casa Pia,Porto,0.0,0.0,post
646802,2023-01-08 15:30:00,2023,3713,12705,Paços de Ferreira,GD Chaves,1.0,1.0,post
646801,2023-01-08 18:00:00,2023,552,2250,Maritimo,Sporting CP,1.0,0.0,post
646797,2023-01-08 20:30:00,2023,2256,3699,Boavista,Gil Vicente,1.0,0.0,post
646813,2023-01-13 20:15:00,2023,3719,12215,Portimonense,Santa Clara,0.0,0.0,post
646810,2023-01-14 15:30:00,2023,20995,552,Vizela,Maritimo,3.0,0.0,post
646812,2023-01-14 18:00:00,2023,3822,3713,Rio Ave,Paços de Ferreira,0.0,1.0,post
646811,2023-01-14 20:30:00,2023,2994,2256,Braga,Boavista,1.0,0.0,post
646807,2023-01-15 15:30:00,2023,12705,15784,GD Chaves,Arouca,1.0,1.0,post
646808,2023-01-15 18:00:00,2023,1929,2250,Benfica,Sporting CP,2.0,2.0,post
646805,2023-01-15 20:30:00,2023,437,12698,Porto,Famalicao,4.0,1.0,post
646806,2023-01-16 19:00:00,2023,12216,21581,Estoril,Casa Pia,2.0,0.0,post
646809,2023-01-16 21:15:00,2023,3699,5309,Gil Vicente,Vitoria de Guimaraes,2.0,1.0,post
646814,2023-01-20 19:00:00,2023,15784,3719,Arouca,Portimonense,4.0,0.0,post
646822,2023-01-20 21:15:00,2023,2250,20995,Sporting CP,Vizela,2.0,1.0,post
646820,2023-01-21 15:30:00,2023,3713,2994,Paços de Ferreira,Braga,1.0,2.0,post
646819,2023-01-21 18:00:00,2023,12215,1929,Santa Clara,Benfica,0.0,3.0,post
646818,2023-01-21 20:30:00,2023,5309,437,Vitoria de Guimaraes,Porto,0.0,1.0,post
646821,2023-01-22 15:30:00,2023,552,12216,Maritimo,Estoril,1.0,0.0,post
646816,2023-01-22 18:00:00,2023,21581,3699,Casa Pia,Gil Vicente,1.0,3.0,post
646817,2023-01-22 20:30:00,2023,12698,3822,Famalicao,Rio Ave,0.0,0.0,post
646815,2023-01-23 20:15:00,2023,2256,12705,Boavista,GD Chaves,1.0,1.0,post
646844,2023-01-26 20:15:00,2023,3713,1929,Paços de Ferreira,Benfica,0.0,2.0,post
646825,2023-01-29 15:30:00,2023,21581,12215,Casa Pia,Santa Clara,2.0,1.0,post
646831,2023-01-29 15:30:00,2023,20995,3822,Vizela,Rio Ave,3.0,1.0,post
646824,2023-01-29 18:00:00,2023,2256,3719,Boavista,Portimonense,4.0,2.0,post
646826,2023-01-29 20:30:00,2023,12698,12216,Famalicao,Estoril,1.0,0.0,post
646830,2023-01-30 20:15:00,2023,5309,12705,Vitoria de Guimaraes,GD Chaves,2.0,1.0,post
646828,2023-01-31 19:00:00,2023,3713,3699,Paços de Ferreira,Gil Vicente,2.0,1.0,post
646823,2023-01-31 21:15:00,2023,15784,1929,Arouca,Benfica,0.0,3.0,post
646827,2023-02-01 19:00:00,2023,552,437,Maritimo,Porto,0.0,2.0,post
646829,2023-02-01 21:15:00,2023,2250,2994,Sporting CP,Braga,5.0,0.0,post
646832,2023-02-04 15:30:00,2023,12215,2256,Santa Clara,Boavista,2.0,2.0,post
646839,2023-02-04 18:00:00,2023,1929,21581,Benfica,Casa Pia,3.0,0.0,post
646837,2023-02-04 20:30:00,2023,12216,5309,Estoril,Vitoria de Guimaraes,0.0,1.0,post
646836,2023-02-05 15:30:00,2023,2994,12698,Braga,Famalicao,4.0,1.0,post
646838,2023-02-05 15:30:00,2023,12705,552,GD Chaves,Maritimo,2.0,1.0,post
646840,2023-02-05 18:00:00,2023,437,20995,Porto,Vizela,2.0,0.0,post
646835,2023-02-05 20:30:00,2023,3699,15784,Gil Vicente,Arouca,1.0,1.0,post
646834,2023-02-06 19:00:00,2023,3719,3713,Portimonense,Paços de Ferreira,1.0,0.0,post
646833,2023-02-06 21:15:00,2023,3822,2250,Rio Ave,Sporting CP,0.0,1.0,post
646788,2023-02-09 18:00:00,2023,12216,2256,Estoril,Boavista,2.0,1.0,post
646849,2023-02-10 20:15:00,2023,20995,12705,Vizela,GD Chaves,0.0,0.0,post
646843,2023-02-13 19:00:00,2023,3822,12216,Rio Ave,Estoril,2.0,0.0,post
646847,2023-02-13 21:15:00,2023,2256,21581,Boavista,Casa Pia,0.0,0.0,post
646855,2023-02-17 20:15:00,2023,3699,20995,Gil Vicente,Vizela,1.0,1.0,post
646857,2023-02-18 18:00:00,2023,12216,3713,Estoril,Paços de Ferreira,1.0,3.0,post
646854,2023-02-18 18:00:00,2023,3719,552,Portimonense,Maritimo,2.0,1.0,post
646856,2023-02-18 20:30:00,2023,437,3822,Porto,Rio Ave,1.0,0.0,post
646853,2023-02-19 15:30:00,2023,12215,12698,Santa Clara,Famalicao,1.0,3.0,post
646852,2023-02-19 18:00:00,2023,2994,15784,Braga,Arouca,2.0,0.0,post
646851,2023-02-19 20:30:00,2023,21581,5309,Casa Pia,Vitoria de Guimaraes,0.0,0.0,post
646858,2023-02-20 19:00:00,2023,12705,2250,GD Chaves,Sporting CP,2.0,3.0,post
646850,2023-02-20 21:15:00,2023,1929,2256,Benfica,Boavista,3.0,1.0,post
646866,2023-02-24 20:15:00,2023,12698,3719,Famalicao,Portimonense,1.0,0.0,post
646859,2023-02-25 15:30:00,2023,15784,21581,Arouca,Casa Pia,2.0,0.0,post
646864,2023-02-25 18:00:00,2023,552,12215,Maritimo,Santa Clara,3.0,1.0,post
646863,2023-02-25 20:30:00,2023,20995,1929,Vizela,Benfica,0.0,2.0,post
646862,2023-02-26 15:30:00,2023,3822,12705,Rio Ave,GD Chaves,1.0,0.0,post
646867,2023-02-26 18:00:00,2023,3713,2256,Paços de Ferreira,Boavista,1.0,3.0,post
646865,2023-02-26 20:30:00,2023,437,3699,Porto,Gil Vicente,1.0,2.0,post
646861,2023-02-27 19:00:00,2023,2250,12216,Sporting CP,Estoril,2.0,0.0,post
646860,2023-02-27 21:15:00,2023,5309,2994,Vitoria de Guimaraes,Braga,2.0,1.0,post
646870,2023-03-03 19:00:00,2023,2256,15784,Boavista,Arouca,0.0,0.0,post
646871,2023-03-03 21:15:00,2023,1929,12698,Benfica,Famalicao,2.0,0.0,post
646876,2023-03-04 15:30:00,2023,12216,20995,Estoril,Vizela,0.0,3.0,post
646874,2023-03-04 18:00:00,2023,3719,2250,Portimonense,Sporting CP,0.0,1.0,post
646868,2023-03-04 20:30:00,2023,12705,437,GD Chaves,Porto,1.0,3.0,post
646873,2023-03-05 15:30:00,2023,3699,552,Gil Vicente,Maritimo,2.0,0.0,post
646875,2023-03-05 18:00:00,2023,12215,5309,Santa Clara,Vitoria de Guimaraes,1.0,3.0,post
646872,2023-03-05 20:30:00,2023,2994,3822,Braga,Rio Ave,2.0,0.0,post
646869,2023-03-06 20:15:00,2023,21581,3713,Casa Pia,Paços de Ferreira,2.0,1.0,post
646878,2023-03-10 20:15:00,2023,437,12216,Porto,Estoril,3.0,2.0,post
646880,2023-03-11 15:30:00,2023,12705,3719,GD Chaves,Portimonense,2.0,0.0,post
646881,2023-03-11 15:30:00,2023,3713,12215,Paços de Ferreira,Santa Clara,1.0,0.0,post
646883,2023-03-11 18:00:00,2023,5309,15784,Vitoria de Guimaraes,Arouca,0.0,2.0,post
646882,2023-03-11 20:30:00,2023,20995,2994,Vizela,Braga,0.0,4.0,post
646885,2023-03-12 15:30:00,2023,3822,3699,Rio Ave,Gil Vicente,2.0,1.0,post
646877,2023-03-12 18:00:00,2023,552,1929,Maritimo,Benfica,0.0,3.0,post
646884,2023-03-12 20:30:00,2023,2250,2256,Sporting CP,Boavista,3.0,0.0,post
646879,2023-03-13 20:15:00,2023,12698,21581,Famalicao,Casa Pia,1.0,0.0,post
646894,2023-03-17 20:15:00,2023,12215,3822,Santa Clara,Rio Ave,0.0,2.0,post
646891,2023-03-18 15:30:00,2023,3719,20995,Portimonense,Vizela,0.0,1.0,post
646886,2023-03-18 18:00:00,2023,15784,3713,Arouca,Paços de Ferreira,1.0,1.0,post
646887,2023-03-18 18:00:00,2023,1929,5309,Benfica,Vitoria de Guimaraes,5.0,1.0,post
646893,2023-03-18 20:30:00,2023,12216,12705,Estoril,GD Chaves,0.0,2.0,post
646889,2023-03-19 15:30:00,2023,21581,552,Casa Pia,Maritimo,2.0,0.0,post
646890,2023-03-19 18:00:00,2023,2994,437,Braga,Porto,0.0,0.0,post
646888,2023-03-19 20:30:00,2023,2256,12698,Boavista,Famalicao,1.0,2.0,post
646903,2023-03-31 20:15:00,2023,12216,3699,Estoril,Gil Vicente,1.0,0.0,post
646897,2023-04-01 15:30:00,2023,20995,21581,Vizela,Casa Pia,3.0,1.0,post
646898,2023-04-01 18:00:00,2023,5309,3713,Vitoria de Guimaraes,Paços de Ferreira,0.0,0.0,post
646899,2023-04-01 20:30:00,2023,2250,12215,Sporting CP,Santa Clara,3.0,0.0,post
646902,2023-04-02 15:30:00,2023,12705,2994,GD Chaves,Braga,1.0,2.0,post
646901,2023-04-02 15:30:00,2023,552,2256,Maritimo,Boavista,4.0,2.0,post
646900,2023-04-02 18:00:00,2023,3822,1929,Rio Ave,Benfica,0.0,1.0,post
646895,2023-04-02 20:30:00,2023,437,3719,Porto,Portimonense,1.0,0.0,post
646896,2023-04-03 20:15:00,2023,12698,15784,Famalicao,Arouca,0.0,1.0,post
646892,2023-04-05 20:15:00,2023,3699,2250,Gil Vicente,Sporting CP,0.0,0.0,post
646905,2023-04-07 15:30:00,2023,12215,20995,Santa Clara,Vizela,0.0,1.0,post
646911,2023-04-07 18:00:00,2023,1929,437,Benfica,Porto,1.0,2.0,post
646910,2023-04-07 20:30:00,2023,2256,5309,Boavista,Vitoria de Guimaraes,2.0,1.0,post
646904,2023-04-08 15:30:00,2023,15784,552,Arouca,Maritimo,1.0,0.0,post
646907,2023-04-08 18:00:00,2023,3713,12698,Paços de Ferreira,Famalicao,1.0,3.0,post
646906,2023-04-08 18:00:00,2023,3719,3822,Portimonense,Rio Ave,2.0,2.0,post
646908,2023-04-08 20:30:00,2023,2994,12216,Braga,Estoril,4.0,1.0,post
646909,2023-04-09 18:00:00,2023,21581,2250,Casa Pia,Sporting CP,3.0,4.0,post
646912,2023-04-10 20:15:00,2023,3699,12705,Gil Vicente,GD Chaves,0.0,0.0,post
646914,2023-04-14 20:15:00,2023,12698,5309,Famalicao,Vitoria de Guimaraes,2.0,1.0,post
646915,2023-04-15 15:30:00,2023,12216,3719,Estoril,Portimonense,0.0,1.0,post
646917,2023-04-15 15:30:00,2023,552,3713,Maritimo,Paços de Ferreira,3.0,1.0,post
646916,2023-04-15 18:00:00,2023,12705,1929,GD Chaves,Benfica,1.0,0.0,post
646913,2023-04-15 20:30:00,2023,437,12215,Porto,Santa Clara,2.0,1.0,post
646921,2023-04-16 15:30:00,2023,3822,21581,Rio Ave,Casa Pia,1.0,1.0,post
646920,2023-04-16 18:00:00,2023,2994,3699,Braga,Gil Vicente,1.0,0.0,post
646919,2023-04-16 20:30:00,2023,2250,15784,Sporting CP,Arouca,1.0,1.0,post
646918,2023-04-17 20:15:00,2023,20995,2256,Vizela,Boavista,1.0,1.0,post
646929,2023-04-21 20:15:00,2023,21581,2994,Casa Pia,Braga,0.0,1.0,post
646928,2023-04-22 15:30:00,2023,12698,552,Famalicao,Maritimo,3.0,2.0,post
646930,2023-04-22 18:00:00,2023,2256,3822,Boavista,Rio Ave,3.0,2.0,post
646927,2023-04-22 20:30:00,2023,3713,437,Paços de Ferreira,Porto,0.0,2.0,post
646926,2023-04-23 15:30:00,2023,3719,3699,Portimonense,Gil Vicente,1.0,0.0,post
646923,2023-04-23 18:00:00,2023,1929,12216,Benfica,Estoril,1.0,0.0,post
646925,2023-04-23 18:00:00,2023,12215,12705,Santa Clara,GD Chaves,1.0,1.0,post
646922,2023-04-23 20:30:00,2023,15784,20995,Arouca,Vizela,1.0,0.0,post
646924,2023-04-24 20:15:00,2023,5309,2250,Vitoria de Guimaraes,Sporting CP,0.0,2.0,post
646933,2023-04-28 20:15:00,2023,3822,15784,Rio Ave,Arouca,1.0,0.0,post
646932,2023-04-29 15:30:00,2023,552,5309,Maritimo,Vitoria de Guimaraes,1.0,2.0,post
646934,2023-04-29 15:30:00,2023,2994,3719,Braga,Portimonense,4.0,1.0,post
646931,2023-04-29 18:00:00,2023,12705,21581,GD Chaves,Casa Pia,1.0,0.0,post
646935,2023-04-29 18:00:00,2023,20995,3713,Vizela,Paços de Ferreira,1.0,2.0,post
646936,2023-04-29 20:30:00,2023,3699,1929,Gil Vicente,Benfica,0.0,2.0,post
646938,2023-04-30 15:30:00,2023,12216,12215,Estoril,Santa Clara,3.0,0.0,post
646937,2023-04-30 18:00:00,2023,437,2256,Porto,Boavista,1.0,0.0,post
646939,2023-04-30 20:30:00,2023,2250,12698,Sporting CP,Famalicao,2.0,1.0,post
646948,2023-05-05 20:15:00,2023,21581,3719,Casa Pia,Portimonense,1.0,1.0,post
646940,2023-05-06 15:30:00,2023,12215,3699,Santa Clara,Gil Vicente,3.0,2.0,post
646945,2023-05-06 18:00:00,2023,2256,12216,Boavista,Estoril,1.0,0.0,post
646946,2023-05-06 20:30:00,2023,1929,2994,Benfica,Braga,1.0,0.0,post
646942,2023-05-07 15:30:00,2023,552,3822,Maritimo,Rio Ave,2.0,2.0,post
646944,2023-05-07 18:00:00,2023,5309,20995,Vitoria de Guimaraes,Vizela,3.0,0.0,post
646941,2023-05-07 20:30:00,2023,3713,2250,Paços de Ferreira,Sporting CP,0.0,4.0,post
646943,2023-05-08 19:00:00,2023,12698,12705,Famalicao,GD Chaves,1.0,2.0,post
646947,2023-05-08 21:15:00,2023,15784,437,Arouca,Porto,0.0,1.0,post
646953,2023-05-12 20:15:00,2023,3699,2256,Gil Vicente,Boavista,3.0,1.0,post
646956,2023-05-13 15:30:00,2023,12705,3713,GD Chaves,Paços de Ferreira,2.0,0.0,post
646957,2023-05-13 15:30:00,2023,20995,12698,Vizela,Famalicao,0.0,0.0,post
646952,2023-05-13 18:00:00,2023,3719,1929,Portimonense,Benfica,1.0,5.0,post
646949,2023-05-13 20:30:00,2023,2250,552,Sporting CP,Maritimo,2.0,1.0,post
646951,2023-05-14 15:30:00,2023,3822,5309,Rio Ave,Vitoria de Guimaraes,0.0,1.0,post
646950,2023-05-14 18:00:00,2023,2994,12215,Braga,Santa Clara,5.0,3.0,post
646954,2023-05-14 20:30:00,2023,437,21581,Porto,Casa Pia,2.0,1.0,post
646955,2023-05-15 20:15:00,2023,12216,15784,Estoril,Arouca,2.0,0.0,post
646964,2023-05-19 20:15:00,2023,552,20995,Maritimo,Vizela,1.0,0.0,post
646958,2023-05-20 15:30:00,2023,15784,12705,Arouca,GD Chaves,1.0,0.0,post
646962,2023-05-20 15:30:00,2023,12215,3719,Santa Clara,Portimonense,1.0,0.0,post
646959,2023-05-20 18:00:00,2023,2256,2994,Boavista,Braga,1.0,1.0,post
646965,2023-05-20 20:30:00,2023,12698,437,Famalicao,Porto,2.0,4.0,post
646960,2023-05-21 15:30:00,2023,5309,3699,Vitoria de Guimaraes,Gil Vicente,1.0,0.0,post
646966,2023-05-21 18:00:00,2023,21581,12216,Casa Pia,Estoril,2.0,2.0,post
646963,2023-05-21 18:00:00,2023,3713,3822,Paços de Ferreira,Rio Ave,3.0,1.0,post
646961,2023-05-21 20:30:00,2023,2250,1929,Sporting CP,Benfica,2.0,2.0,post
646969,2023-05-26 19:00:00,2023,3822,12698,Rio Ave,Famalicao,2.0,2.0,post
646971,2023-05-26 21:15:00,2023,20995,2250,Vizela,Sporting CP,1.0,2.0,post
646975,2023-05-27 12:45:00,2023,3699,21581,Gil Vicente,Casa Pia,1.0,0.0,post
646973,2023-05-27 15:30:00,2023,12216,552,Estoril,Maritimo,3.0,1.0,post
646974,2023-05-27 15:30:00,2023,12705,2256,GD Chaves,Boavista,1.0,4.0,post
646967,2023-05-27 18:00:00,2023,1929,12215,Benfica,Santa Clara,3.0,0.0,post
646972,2023-05-27 18:00:00,2023,437,5309,Porto,Vitoria de Guimaraes,3.0,0.0,post
646970,2023-05-27 18:00:00,2023,3719,15784,Portimonense,Arouca,0.0,2.0,post
646968,2023-05-27 20:30:00,2023,2994,3713,Braga,Paços de Ferreira,3.0,0.0,post
680073,2023-08-11 20:15:00,2023,2994,12698,Braga,Famalicao,1.0,2.0,post
680069,2023-08-12 15:30:00,2023,3699,3719,Gil Vicente,Portimonense,5.0,0.0,post
680072,2023-08-12 18:00:00,2023,20740,21581,SC Farense,Casa Pia,0.0,3.0,post
680074,2023-08-12 20:30:00,2023,2250,20995,Sporting CP,Vizela,3.0,2.0,post
680071,2023-08-13 15:30:00,2023,3822,12705,Rio Ave,GD Chaves,2.0,0.0,post
680068,2023-08-13 18:00:00,2023,21610,5309,Estrela,Vitoria de Guimaraes,0.0,1.0,post
680066,2023-08-13 20:30:00,2023,15784,12216,Arouca,Estoril,4.0,3.0,post
680070,2023-08-14 18:45:00,2023,3696,437,Moreirense,Porto,1.0,2.0,post
680067,2023-08-14 20:45:00,2023,2256,1929,Boavista,Benfica,3.0,2.0,post
680076,2023-08-18 20:15:00,2023,21581,2250,Casa Pia,Sporting CP,1.0,2.0,post
680082,2023-08-19 15:30:00,2023,5309,3699,Vitoria de Guimaraes,Gil Vicente,2.0,1.0,post
680077,2023-08-19 18:00:00,2023,12705,2994,GD Chaves,Braga,2.0,4.0,post
680075,2023-08-19 20:30:00,2023,1929,21610,Benfica,Estrela,2.0,0.0,post
680081,2023-08-19 20:30:00,2023,3719,2256,Portimonense,Boavista,1.0,4.0,post
680078,2023-08-20 15:30:00,2023,12216,3822,Estoril,Rio Ave,2.0,0.0,post
680080,2023-08-20 18:00:00,2023,437,20740,Porto,SC Farense,2.0,1.0,post
680083,2023-08-20 20:30:00,2023,20995,15784,Vizela,Arouca,2.0,2.0,post
680079,2023-08-21 20:15:00,2023,12698,3696,Famalicao,Moreirense,0.0,0.0,post
680086,2023-08-25 20:15:00,2023,21610,12216,Estrela,Estoril,2.0,1.0,post
680084,2023-08-26 15:30:00,2023,15784,3719,Arouca,Portimonense,1.0,1.0,post
680090,2023-08-26 18:00:00,2023,20740,12705,SC Farense,GD Chaves,5.0,0.0,post
680087,2023-08-26 20:30:00,2023,3699,1929,Gil Vicente,Benfica,2.0,3.0,post
680085,2023-08-27 15:30:00,2023,2256,21581,Boavista,Casa Pia,1.0,1.0,post
680091,2023-08-27 18:00:00,2023,5309,20995,Vitoria de Guimaraes,Vizela,2.0,0.0,post
680088,2023-08-27 20:30:00,2023,2250,12698,Sporting CP,Famalicao,1.0,0.0,post
680089,2023-08-28 20:15:00,2023,3822,437,Rio Ave,Porto,1.0,2.0,post
680101,2023-09-01 20:15:00,2023,20995,3699,Vizela,Gil Vicente,1.0,0.0,post
680094,2023-09-02 15:30:00,2023,21581,3822,Casa Pia,Rio Ave,1.0,1.0,post
680097,2023-09-02 18:00:00,2023,12698,20740,Famalicao,SC Farense,1.0,0.0,post
680099,2023-09-02 18:00:00,2023,3719,21610,Portimonense,Estrela,1.0,1.0,post
680093,2023-09-02 20:30:00,2023,1929,5309,Benfica,Vitoria de Guimaraes,4.0,0.0,post
680095,2023-09-03 15:30:00,2023,12705,3696,GD Chaves,Moreirense,1.0,2.0,post
680096,2023-09-03 15:30:00,2023,12216,2256,Estoril,Boavista,1.0,2.0,post
680098,2023-09-03 18:00:00,2023,437,15784,Porto,Arouca,1.0,1.0,post
680100,2023-09-03 20:30:00,2023,2994,2250,Braga,Sporting CP,1.0,1.0,post
680092,2023-09-09 18:00:00,2023,3696,2994,Moreirense,Braga,2.0,3.0,post
680104,2023-09-15 19:15:00,2023,21610,437,Estrela,Porto,0.0,1.0,post
680106,2023-09-16 15:30:00,2023,3822,12698,Rio Ave,Famalicao,1.0,1.0,post
680107,2023-09-16 18:00:00,2023,20740,2994,SC Farense,Braga,3.0,1.0,post
680110,2023-09-16 20:30:00,2023,20995,1929,Vizela,Benfica,1.0,2.0,post
680102,2023-09-17 15:30:00,2023,15784,21581,Arouca,Casa Pia,0.0,1.0,post
680105,2023-09-17 15:30:00,2023,3699,12216,Gil Vicente,Estoril,5.0,3.0,post
680109,2023-09-17 18:00:00,2023,5309,3719,Vitoria de Guimaraes,Portimonense,1.0,2.0,post
680108,2023-09-17 20:30:00,2023,2250,3696,Sporting CP,Moreirense,3.0,0.0,post
680103,2023-09-18 20:15:00,2023,2256,12705,Boavista,GD Chaves,4.0,1.0,post
680114,2023-09-22 20:15:00,2023,12698,15784,Famalicao,Arouca,1.0,0.0,post
680116,2023-09-23 15:30:00,2023,3696,20740,Moreirense,SC Farense,1.0,0.0,post
680113,2023-09-23 15:30:00,2023,12216,20995,Estoril,Vizela,2.0,2.0,post
680111,2023-09-23 18:00:00,2023,21581,5309,Casa Pia,Vitoria de Guimaraes,0.0,0.0,post
680119,2023-09-23 20:30:00,2023,437,3699,Porto,Gil Vicente,2.0,1.0,post
680112,2023-09-24 15:30:00,2023,12705,21610,GD Chaves,Estrela,2.0,2.0,post
680117,2023-09-24 18:00:00,2023,3719,1929,Portimonense,Benfica,1.0,3.0,post
680115,2023-09-24 20:30:00,2023,2994,2256,Braga,Boavista,4.0,1.0,post
680118,2023-09-25 20:15:00,2023,2250,3822,Sporting CP,Rio Ave,2.0,0.0,post
680120,2023-09-28 20:15:00,2023,21610,2994,Estrela,Braga,2.0,4.0,post
680122,2023-09-29 20:15:00,2023,1929,437,Benfica,Porto,1.0,0.0,post
680128,2023-09-30 15:30:00,2023,20995,3719,Vizela,Portimonense,2.0,3.0,post
680121,2023-09-30 18:00:00,2023,2256,12698,Boavista,Famalicao,2.0,2.0,post
680126,2023-09-30 20:30:00,2023,20740,2250,SC Farense,Sporting CP,2.0,3.0,post
680123,2023-10-01 15:30:00,2023,15784,12705,Arouca,GD Chaves,0.0,2.0,post
680127,2023-10-01 18:00:00,2023,5309,12216,Vitoria de Guimaraes,Estoril,3.0,2.0,post
680125,2023-10-01 20:30:00,2023,3822,3696,Rio Ave,Moreirense,0.0,4.0,post
680124,2023-10-02 20:15:00,2023,3699,21581,Gil Vicente,Casa Pia,2.0,0.0,post
680129,2023-10-06 20:15:00,2023,3696,2256,Moreirense,Boavista,1.0,1.0,post
680135,2023-10-07 15:30:00,2023,12705,3699,GD Chaves,Gil Vicente,4.0,2.0,post
680130,2023-10-07 15:30:00,2023,20740,20995,SC Farense,Vizela,0.0,0.0,post
680131,2023-10-07 18:00:00,2023,2994,3822,Braga,Rio Ave,2.0,1.0,post
680134,2023-10-07 20:30:00,2023,12216,1929,Estoril,Benfica,0.0,1.0,post
680136,2023-10-08 15:30:00,2023,21581,21610,Casa Pia,Estrela,0.0,1.0,post
680137,2023-10-08 15:30:00,2023,12698,5309,Famalicao,Vitoria de Guimaraes,1.0,3.0,post
680133,2023-10-08 18:00:00,2023,437,3719,Porto,Portimonense,1.0,0.0,post
680132,2023-10-08 20:30:00,2023,2250,15784,Sporting CP,Arouca,2.0,1.0,post
680146,2023-10-27 20:15:00,2023,15784,3696,Arouca,Moreirense,0.0,1.0,post
680140,2023-10-28 15:30:00,2023,3719,12216,Portimonense,Estoril,1.0,0.0,post
680138,2023-10-28 18:00:00,2023,5309,12705,Vitoria de Guimaraes,GD Chaves,5.0,0.0,post
680143,2023-10-28 18:00:00,2023,1929,21581,Benfica,Casa Pia,1.0,1.0,post
680141,2023-10-28 20:30:00,2023,3699,2994,Gil Vicente,Braga,3.0,3.0,post
680139,2023-10-29 15:30:00,2023,3822,20740,Rio Ave,SC Farense,3.0,4.0,post
680142,2023-10-29 18:00:00,2023,21610,12698,Estrela,Famalicao,1.0,0.0,post
680145,2023-10-29 20:30:00,2023,20995,437,Vizela,Porto,0.0,2.0,post
680144,2023-10-30 20:15:00,2023,2256,2250,Boavista,Sporting CP,0.0,2.0,post
680154,2023-11-03 20:15:00,2023,437,12216,Porto,Estoril,0.0,1.0,post
680148,2023-11-04 15:30:00,2023,12705,1929,GD Chaves,Benfica,0.0,2.0,post
680155,2023-11-04 18:00:00,2023,12698,3699,Famalicao,Gil Vicente,3.0,1.0,post
680150,2023-11-04 20:30:00,2023,2994,3719,Braga,Portimonense,6.0,1.0,post
680147,2023-11-05 15:30:00,2023,21581,20995,Casa Pia,Vizela,0.0,1.0,post
680149,2023-11-05 15:30:00,2023,3696,5309,Moreirense,Vitoria de Guimaraes,1.0,0.0,post
680152,2023-11-05 18:00:00,2023,3822,2256,Rio Ave,Boavista,2.0,0.0,post
680153,2023-11-05 20:30:00,2023,2250,21610,Sporting CP,Estrela,3.0,2.0,post
680151,2023-11-06 20:15:00,2023,20740,15784,SC Farense,Arouca,2.0,0.0,post
680161,2023-11-10 20:15:00,2023,12216,21581,Estoril,Casa Pia,4.0,0.0,post
680158,2023-11-11 15:30:00,2023,3719,12705,Portimonense,GD Chaves,2.0,1.0,post
680164,2023-11-11 18:00:00,2023,21610,3696,Estrela,Moreirense,0.0,1.0,post
680160,2023-11-11 18:00:00,2023,20995,12698,Vizela,Famalicao,0.0,0.0,post
680157,2023-11-11 20:30:00,2023,5309,437,Vitoria de Guimaraes,Porto,1.0,2.0,post
680162,2023-11-12 15:30:00,2023,2256,20740,Boavista,SC Farense,1.0,3.0,post
680159,2023-11-12 15:30:00,2023,3699,3822,Gil Vicente,Rio Ave,1.0,1.0,post
680156,2023-11-12 18:00:00,2023,15784,2994,Arouca,Braga,0.0,1.0,post
680163,2023-11-12 20:30:00,2023,1929,2250,Benfica,Sporting CP,2.0,1.0,post
680165,2023-12-01 20:30:00,2023,12705,20995,GD Chaves,Vizela,2.0,1.0,post
680166,2023-12-02 15:30:00,2023,3822,21610,Rio Ave,Estrela,1.0,1.0,post
680170,2023-12-02 15:30:00,2023,20740,5309,SC Farense,Vitoria de Guimaraes,1.0,2.0,post
680173,2023-12-02 18:00:00,2023,12698,437,Famalicao,Porto,0.0,3.0,post
680171,2023-12-02 20:30:00,2023,21581,3719,Casa Pia,Portimonense,1.0,0.0,post
680169,2023-12-03 15:30:00,2023,2994,12216,Braga,Estoril,3.0,1.0,post
680172,2023-12-03 18:00:00,2023,3696,1929,Moreirense,Benfica,0.0,0.0,post
680167,2023-12-03 20:30:00,2023,2256,15784,Boavista,Arouca,0.0,4.0,post
680168,2023-12-04 20:15:00,2023,2250,3699,Sporting CP,Gil Vicente,3.0,1.0,post
680178,2023-12-08 15:30:00,2023,20995,2994,Vizela,Braga,1.0,3.0,post
680181,2023-12-08 18:00:00,2023,1929,20740,Benfica,SC Farense,1.0,1.0,post
680179,2023-12-09 15:30:00,2023,3719,12698,Portimonense,Famalicao,1.0,1.0,post
680180,2023-12-09 18:00:00,2023,5309,2250,Vitoria de Guimaraes,Sporting CP,3.0,2.0,post
680174,2023-12-09 20:30:00,2023,437,21581,Porto,Casa Pia,3.0,1.0,post
680175,2023-12-10 15:30:00,2023,21610,2256,Estrela,Boavista,3.0,1.0,post
680177,2023-12-10 18:00:00,2023,15784,3822,Arouca,Rio Ave,2.0,2.0,post
680176,2023-12-10 20:30:00,2023,12216,12705,Estoril,GD Chaves,4.0,0.0,post
680182,2023-12-11 20:15:00,2023,3699,3696,Gil Vicente,Moreirense,1.0,1.0,post
680191,2023-12-15 20:15:00,2023,20740,21610,SC Farense,Estrela,0.0,0.0,post
680187,2023-12-16 15:30:00,2023,3822,20995,Rio Ave,Vizela,1.0,1.0,post
680186,2023-12-16 18:00:00,2023,15784,3699,Arouca,Gil Vicente,3.0,0.0,post
680189,2023-12-16 20:30:00,2023,2256,5309,Boavista,Vitoria de Guimaraes,1.0,1.0,post
680185,2023-12-17 15:30:00,2023,12705,21581,GD Chaves,Casa Pia,1.0,3.0,post
680183,2023-12-17 15:30:00,2023,3696,3719,Moreirense,Portimonense,5.0,2.0,post
680184,2023-12-17 18:00:00,2023,12698,12216,Famalicao,Estoril,1.0,1.0,post
680190,2023-12-17 20:30:00,2023,2994,1929,Braga,Benfica,0.0,1.0,post
680188,2023-12-18 20:15:00,2023,2250,437,Sporting CP,Porto,2.0,0.0,post
680194,2023-12-23 15:30:00,2023,5309,3822,Vitoria de Guimaraes,Rio Ave,1.0,0.0,post
680193,2023-12-23 15:30:00,2023,20995,3696,Vizela,Moreirense,0.0,0.0,post
680196,2023-12-28 20:15:00,2023,21610,15784,Estrela,Arouca,1.0,4.0,post
680192,2023-12-29 18:45:00,2023,1929,12698,Benfica,Famalicao,3.0,0.0,post
680198,2023-12-29 20:45:00,2023,437,12705,Porto,GD Chaves,1.0,0.0,post
680200,2023-12-30 15:30:00,2023,12216,20740,Estoril,SC Farense,4.0,0.0,post
680199,2023-12-30 15:30:00,2023,3699,2256,Gil Vicente,Boavista,1.0,0.0,post
680197,2023-12-30 18:00:00,2023,21581,2994,Casa Pia,Braga,1.0,3.0,post
680195,2023-12-30 20:30:00,2023,3719,2250,Portimonense,Sporting CP,1.0,2.0,post
680206,2024-01-05 18:45:00,2024,2250,12216,Sporting CP,Estoril,5.0,1.0,post
680207,2024-01-05 20:45:00,2024,2256,437,Boavista,Porto,1.0,1.0,post
680205,2024-01-06 15:30:00,2024,21610,20995,Estrela,Vizela,1.0,1.0,post
680204,2024-01-06 15:30:00,2024,20740,3699,SC Farense,Gil Vicente,1.0,0.0,post
680208,2024-01-06 18:00:00,2024,15784,1929,Arouca,Benfica,0.0,3.0,post
680209,2024-01-06 20:30:00,2024,2994,5309,Braga,Vitoria de Guimaraes,1.0,1.0,post
680203,2024-01-07 18:00:00,2024,3822,3719,Rio Ave,Portimonense,2.0,0.0,post
680201,2024-01-07 20:30:00,2024,12698,12705,Famalicao,GD Chaves,2.0,2.0,post
680202,2024-01-08 20:15:00,2024,3696,21581,Moreirense,Casa Pia,1.0,4.0,post
680215,2024-01-12 20:15:00,2024,3719,20740,Portimonense,SC Farense,1.0,0.0,post
680210,2024-01-13 15:30:00,2024,21581,12698,Casa Pia,Famalicao,0.0,2.0,post
680211,2024-01-13 18:00:00,2024,12705,2250,GD Chaves,Sporting CP,0.0,3.0,post
680212,2024-01-13 20:30:00,2024,12216,3696,Estoril,Moreirense,1.0,3.0,post
680214,2024-01-14 15:30:00,2024,3699,21610,Gil Vicente,Estrela,1.0,1.0,post
680213,2024-01-14 18:00:00,2024,20995,2256,Vizela,Boavista,1.0,4.0,post
680217,2024-01-14 18:00:00,2024,1929,3822,Benfica,Rio Ave,4.0,1.0,post
680218,2024-01-14 20:30:00,2024,437,2994,Porto,Braga,2.0,0.0,post
680216,2024-01-15 20:15:00,2024,5309,15784,Vitoria de Guimaraes,Arouca,2.0,1.0,post
680225,2024-01-18 18:45:00,2024,12698,2994,Famalicao,Braga,1.0,2.0,post
680221,2024-01-18 20:45:00,2024,20995,2250,Vizela,Sporting CP,2.0,5.0,post
680219,2024-01-19 20:15:00,2024,1929,2256,Benfica,Boavista,2.0,0.0,post
680226,2024-01-20 15:30:00,2024,12216,15784,Estoril,Arouca,1.0,2.0,post
680220,2024-01-20 18:00:00,2024,21581,20740,Casa Pia,SC Farense,1.0,3.0,post
680224,2024-01-20 20:30:00,2024,437,3696,Porto,Moreirense,5.0,0.0,post
680223,2024-01-21 15:30:00,2024,3719,3699,Portimonense,Gil Vicente,0.0,2.0,post
680227,2024-01-21 18:00:00,2024,12705,3822,GD Chaves,Rio Ave,0.0,0.0,post
680222,2024-01-21 20:30:00,2024,5309,21610,Vitoria de Guimaraes,Estrela,3.0,0.0,post
680235,2024-01-28 15:30:00,2024,2256,3719,Boavista,Portimonense,1.0,4.0,post
680232,2024-01-28 15:30:00,2024,3696,12698,Moreirense,Famalicao,1.0,0.0,post
680230,2024-01-28 18:00:00,2024,20740,437,SC Farense,Porto,1.0,3.0,post
680228,2024-01-28 20:30:00,2024,15784,20995,Arouca,Vizela,5.0,0.0,post
680233,2024-01-28 20:30:00,2024,3699,5309,Gil Vicente,Vitoria de Guimaraes,1.0,0.0,post
680234,2024-01-29 18:45:00,2024,21610,1929,Estrela,Benfica,1.0,4.0,post
680236,2024-01-29 20:45:00,2024,2250,21581,Sporting CP,Casa Pia,8.0,0.0,post
680231,2024-01-31 18:45:00,2024,3822,12216,Rio Ave,Estoril,1.0,1.0,post
680229,2024-01-31 20:45:00,2024,2994,12705,Braga,GD Chaves,1.0,1.0,post
680245,2024-02-03 15:30:00,2024,3719,15784,Portimonense,Arouca,1.0,2.0,post
680244,2024-02-03 20:30:00,2024,437,3822,Porto,Rio Ave,0.0,0.0,post
680241,2024-02-04 15:30:00,2024,12705,20740,GD Chaves,SC Farense,1.0,1.0,post
680242,2024-02-04 15:30:00,2024,20995,5309,Vizela,Vitoria de Guimaraes,0.0,1.0,post
680239,2024-02-04 18:00:00,2024,1929,3699,Benfica,Gil Vicente,3.0,0.0,post
680238,2024-02-04 18:00:00,2024,12216,21610,Estoril,Estrela,1.0,0.0,post
680237,2024-02-04 20:30:00,2024,2994,3696,Braga,Moreirense,1.0,0.0,post
680240,2024-02-05 20:15:00,2024,21581,2256,Casa Pia,Boavista,0.0,0.0,post
680251,2024-02-09 20:15:00,2024,21610,3719,Estrela,Portimonense,3.0,0.0,post
680247,2024-02-10 15:30:00,2024,20740,12698,SC Farense,Famalicao,1.0,1.0,post
680249,2024-02-10 18:00:00,2024,3696,12705,Moreirense,GD Chaves,1.0,0.0,post
680252,2024-02-10 20:30:00,2024,2256,12216,Boavista,Estoril,2.0,1.0,post
680248,2024-02-11 15:30:00,2024,3822,21581,Rio Ave,Casa Pia,1.0,0.0,post
680246,2024-02-11 18:00:00,2024,2250,2994,Sporting CP,Braga,5.0,0.0,post
680250,2024-02-11 20:30:00,2024,5309,1929,Vitoria de Guimaraes,Benfica,2.0,2.0,post
680253,2024-02-12 20:15:00,2024,15784,437,Arouca,Porto,3.0,2.0,post
680254,2024-02-13 15:30:00,2024,3699,20995,Gil Vicente,Vizela,0.0,1.0,post
680257,2024-02-16 20:15:00,2024,12698,3822,Famalicao,Rio Ave,2.0,1.0,post
680255,2024-02-17 15:30:00,2024,12705,2256,GD Chaves,Boavista,2.0,1.0,post
680260,2024-02-17 18:00:00,2024,3719,5309,Portimonense,Vitoria de Guimaraes,1.0,1.0,post
680258,2024-02-17 20:30:00,2024,437,21610,Porto,Estrela,2.0,0.0,post
680262,2024-02-18 15:30:00,2024,21581,15784,Casa Pia,Arouca,1.0,0.0,post
680263,2024-02-18 18:00:00,2024,1929,20995,Benfica,Vizela,6.0,1.0,post
680256,2024-02-18 18:00:00,2024,12216,3699,Estoril,Gil Vicente,1.0,3.0,post
680261,2024-02-18 20:30:00,2024,2994,20740,Braga,SC Farense,2.0,1.0,post
680259,2024-02-19 20:15:00,2024,3696,2250,Moreirense,Sporting CP,0.0,2.0,post
680264,2024-02-23 20:15:00,2024,15784,12698,Arouca,Famalicao,3.0,2.0,post
680266,2024-02-24 15:30:00,2024,20740,3696,SC Farense,Moreirense,0.0,1.0,post
680269,2024-02-24 18:00:00,2024,21610,12705,Estrela,GD Chaves,1.0,1.0,post
680265,2024-02-24 20:30:00,2024,5309,21581,Vitoria de Guimaraes,Casa Pia,0.0,2.0,post
680272,2024-02-25 15:30:00,2024,20995,12216,Vizela,Estoril,3.0,3.0,post
680271,2024-02-25 18:00:00,2024,1929,3719,Benfica,Portimonense,4.0,0.0,post
680268,2024-02-25 18:00:00,2024,3699,437,Gil Vicente,Porto,1.0,1.0,post
680267,2024-02-25 20:30:00,2024,3822,2250,Rio Ave,Sporting CP,3.0,3.0,post
680270,2024-02-26 20:15:00,2024,2256,2994,Boavista,Braga,0.0,4.0,post
680279,2024-03-01 20:15:00,2024,12705,15784,GD Chaves,Arouca,1.0,5.0,post
680274,2024-03-02 15:30:00,2024,3696,3822,Moreirense,Rio Ave,0.0,0.0,post
680278,2024-03-02 18:00:00,2024,12216,5309,Estoril,Vitoria de Guimaraes,1.0,3.0,post
680276,2024-03-02 20:30:00,2024,2994,21610,Braga,Estrela,3.0,0.0,post
680280,2024-03-03 15:30:00,2024,21581,3699,Casa Pia,Gil Vicente,0.0,0.0,post
680275,2024-03-03 15:30:00,2024,3719,20995,Portimonense,Vizela,0.0,0.0,post
680281,2024-03-03 18:00:00,2024,2250,20740,Sporting CP,SC Farense,3.0,2.0,post
680273,2024-03-03 20:30:00,2024,437,1929,Porto,Benfica,5.0,0.0,post
680277,2024-03-04 20:15:00,2024,12698,2256,Famalicao,Boavista,1.0,1.0,post
680283,2024-03-08 18:45:00,2024,3719,437,Portimonense,Porto,0.0,3.0,post
680286,2024-03-08 20:45:00,2024,21610,21581,Estrela,Casa Pia,3.0,1.0,post
680287,2024-03-09 15:30:00,2024,20995,20740,Vizela,SC Farense,2.0,1.0,post
680290,2024-03-09 18:00:00,2024,2256,3696,Boavista,Moreirense,1.0,0.0,post
680284,2024-03-09 18:00:00,2024,3822,2994,Rio Ave,Braga,0.0,0.0,post
680285,2024-03-09 20:30:00,2024,5309,12698,Vitoria de Guimaraes,Famalicao,1.0,0.0,post
680288,2024-03-10 18:00:00,2024,15784,2250,Arouca,Sporting CP,0.0,3.0,post
680289,2024-03-10 20:30:00,2024,1929,12216,Benfica,Estoril,3.0,1.0,post
680282,2024-03-11 20:15:00,2024,3699,12705,Gil Vicente,GD Chaves,0.0,0.0,post
680295,2024-03-15 20:15:00,2024,12216,3719,Estoril,Portimonense,1.0,0.0,post
680299,2024-03-16 15:30:00,2024,12698,21610,Famalicao,Estrela,0.0,0.0,post
680294,2024-03-16 18:00:00,2024,2994,3699,Braga,Gil Vicente,2.0,1.0,post
680298,2024-03-16 18:00:00,2024,20740,3822,SC Farense,Rio Ave,1.0,1.0,post
680296,2024-03-16 20:30:00,2024,437,20995,Porto,Vizela,4.0,1.0,post
680292,2024-03-17 15:30:00,2024,12705,5309,GD Chaves,Vitoria de Guimaraes,1.0,2.0,post
680297,2024-03-17 15:30:00,2024,3696,15784,Moreirense,Arouca,1.0,0.0,post
680291,2024-03-17 18:00:00,2024,21581,1929,Casa Pia,Benfica,0.0,1.0,post
680293,2024-03-17 20:30:00,2024,2250,2256,Sporting CP,Boavista,6.0,1.0,post
680303,2024-03-29 15:30:00,2024,3699,12698,Gil Vicente,Famalicao,1.0,2.0,post
680307,2024-03-29 18:00:00,2024,1929,12705,Benfica,GD Chaves,1.0,0.0,post
680308,2024-03-29 20:30:00,2024,21610,2250,Estrela,Sporting CP,1.0,2.0,post
680301,2024-03-30 15:30:00,2024,5309,3696,Vitoria de Guimaraes,Moreirense,1.0,0.0,post
680300,2024-03-30 15:30:00,2024,15784,20740,Arouca,SC Farense,2.0,1.0,post
680306,2024-03-30 18:00:00,2024,2256,3822,Boavista,Rio Ave,0.0,0.0,post
680305,2024-03-30 20:30:00,2024,12216,437,Estoril,Porto,1.0,0.0,post
680304,2024-03-31 18:00:00,2024,20995,21581,Vizela,Casa Pia,0.0,4.0,post
680302,2024-04-01 20:15:00,2024,3719,2994,Portimonense,Braga,3.0,5.0,post
680316,2024-04-05 20:15:00,2024,20740,2256,SC Farense,Boavista,2.0,0.0,post
680314,2024-04-06 15:30:00,2024,12698,20995,Famalicao,Vizela,3.0,2.0,post
680311,2024-04-06 15:30:00,2024,3822,3699,Rio Ave,Gil Vicente,3.0,0.0,post
680309,2024-04-06 18:00:00,2024,2994,15784,Braga,Arouca,0.0,3.0,post
680313,2024-04-06 20:30:00,2024,2250,1929,Sporting CP,Benfica,2.0,1.0,post
680315,2024-04-07 15:30:00,2024,12705,3719,GD Chaves,Portimonense,2.0,3.0,post
680312,2024-04-07 18:00:00,2024,3696,21610,Moreirense,Estrela,2.0,2.0,post
680317,2024-04-07 20:30:00,2024,437,5309,Porto,Vitoria de Guimaraes,1.0,2.0,post
680310,2024-04-08 20:15:00,2024,21581,12216,Casa Pia,Estoril,0.0,0.0,post
680326,2024-04-12 20:15:00,2024,3699,2250,Gil Vicente,Sporting CP,0.0,4.0,post
680324,2024-04-13 15:30:00,2024,5309,20740,Vitoria de Guimaraes,SC Farense,1.0,1.0,post
680321,2024-04-13 18:00:00,2024,437,12698,Porto,Famalicao,2.0,2.0,post
680319,2024-04-13 20:30:00,2024,12216,2994,Estoril,Braga,0.0,1.0,post
680320,2024-04-14 15:30:00,2024,21610,3822,Estrela,Rio Ave,2.0,2.0,post
680325,2024-04-14 18:00:00,2024,15784,2256,Arouca,Boavista,2.0,1.0,post
680323,2024-04-14 18:00:00,2024,3719,21581,Portimonense,Casa Pia,2.0,2.0,post
680318,2024-04-14 20:30:00,2024,1929,3696,Benfica,Moreirense,3.0,0.0,post
680322,2024-04-15 20:15:00,2024,20995,12705,Vizela,GD Chaves,0.0,1.0,post
680243,2024-04-16 20:15:00,2024,12698,2250,Famalicao,Sporting CP,0.0,1.0,post
680330,2024-04-19 20:15:00,2024,3822,15784,Rio Ave,Arouca,1.0,1.0,post
680329,2024-04-20 15:30:00,2024,3696,3699,Moreirense,Gil Vicente,0.0,1.0,post
680335,2024-04-20 18:00:00,2024,2256,21610,Boavista,Estrela,1.0,1.0,post
680334,2024-04-20 20:30:00,2024,2994,20995,Braga,Vizela,2.0,1.0,post
680327,2024-04-21 15:30:00,2024,12705,12216,GD Chaves,Estoril,2.0,2.0,post
680328,2024-04-21 15:30:00,2024,12698,3719,Famalicao,Portimonense,2.0,2.0,post
680332,2024-04-21 18:00:00,2024,21581,437,Casa Pia,Porto,1.0,2.0,post
680333,2024-04-21 20:30:00,2024,2250,5309,Sporting CP,Vitoria de Guimaraes,3.0,0.0,post
680331,2024-04-22 20:15:00,2024,20740,1929,SC Farense,Benfica,1.0,3.0,post
680342,2024-04-26 20:15:00,2024,3699,15784,Gil Vicente,Arouca,2.0,2.0,post
680338,2024-04-27 15:30:00,2024,21581,12705,Casa Pia,GD Chaves,3.0,1.0,post
680341,2024-04-27 15:30:00,2024,20995,3822,Vizela,Rio Ave,1.0,1.0,post
680336,2024-04-27 18:00:00,2024,1929,2994,Benfica,Braga,3.0,1.0,post
680340,2024-04-27 20:30:00,2024,5309,2256,Vitoria de Guimaraes,Boavista,1.0,0.0,post
680343,2024-04-28 15:30:00,2024,3719,3696,Portimonense,Moreirense,0.0,2.0,post
680339,2024-04-28 18:00:00,2024,12216,12698,Estoril,Famalicao,1.0,0.0,post
680337,2024-04-28 20:30:00,2024,437,2250,Porto,Sporting CP,2.0,2.0,post
680344,2024-04-29 20:15:00,2024,21610,20740,Estrela,SC Farense,0.0,3.0,post
680345,2024-05-03 20:15:00,2024,3696,20995,Moreirense,Vizela,1.0,0.0,post
680347,2024-05-04 15:30:00,2024,3822,5309,Rio Ave,Vitoria de Guimaraes,2.0,1.0,post
680350,2024-05-04 15:30:00,2024,2256,3699,Boavista,Gil Vicente,1.0,1.0,post
680348,2024-05-04 18:00:00,2024,2250,3719,Sporting CP,Portimonense,3.0,0.0,post
680353,2024-05-04 20:30:00,2024,12705,437,GD Chaves,Porto,0.0,3.0,post
680346,2024-05-05 15:30:00,2024,20740,12216,SC Farense,Estoril,3.0,2.0,post
680349,2024-05-05 18:00:00,2024,15784,21610,Arouca,Estrela,0.0,0.0,post
680351,2024-05-05 18:00:00,2024,2994,21581,Braga,Casa Pia,4.0,3.0,post
680352,2024-05-05 20:30:00,2024,12698,1929,Famalicao,Benfica,2.0,0.0,post
680362,2024-05-10 20:15:00,2024,12705,12698,GD Chaves,Famalicao,0.0,1.0,post
680355,2024-05-11 15:30:00,2024,3719,3822,Portimonense,Rio Ave,2.0,2.0,post
680357,2024-05-11 15:30:00,2024,20995,21610,Vizela,Estrela,4.0,0.0,post
680359,2024-05-11 18:00:00,2024,12216,2250,Estoril,Sporting CP,0.0,1.0,post
680356,2024-05-11 20:30:00,2024,5309,2994,Vitoria de Guimaraes,Braga,2.0,3.0,post
680354,2024-05-12 15:30:00,2024,3699,20740,Gil Vicente,SC Farense,2.0,0.0,post
680360,2024-05-12 18:00:00,2024,21581,3696,Casa Pia,Moreirense,0.0,1.0,post
680361,2024-05-12 18:00:00,2024,1929,15784,Benfica,Arouca,5.0,0.0,post
680358,2024-05-12 20:30:00,2024,437,2256,Porto,Boavista,2.0,1.0,post
680366,2024-05-17 18:45:00,2024,12698,21581,Famalicao,Casa Pia,1.0,2.0,post
680363,2024-05-17 20:45:00,2024,3822,1929,Rio Ave,Benfica,1.0,1.0,post
680369,2024-05-18 15:30:00,2024,15784,5309,Arouca,Vitoria de Guimaraes,1.0,3.0,post
680368,2024-05-18 15:30:00,2024,2256,20995,Boavista,Vizela,2.0,2.0,post
680371,2024-05-18 15:30:00,2024,21610,3699,Estrela,Gil Vicente,1.0,0.0,post
680364,2024-05-18 15:30:00,2024,20740,3719,SC Farense,Portimonense,1.0,3.0,post
680370,2024-05-18 18:00:00,2024,3696,12216,Moreirense,Estoril,2.0,1.0,post
680365,2024-05-18 18:00:00,2024,2250,12705,Sporting CP,GD Chaves,3.0,0.0,post
680367,2024-05-18 20:30:00,2024,2994,437,Braga,Porto,0.0,1.0,post
712616,2024-08-09 20:15:00,2024,2250,3822,Sporting CP,Rio Ave,3.0,1.0,post
712608,2024-08-10 15:30:00,2024,22064,3472,AVS,Nacional,1.0,1.0,post
712610,2024-08-10 18:00:00,2024,21581,2256,Casa Pia,Boavista,0.0,1.0,post
712612,2024-08-10 20:30:00,2024,437,3699,Porto,Gil Vicente,3.0,0.0,post
712611,2024-08-11 15:30:00,2024,12216,12215,Estoril,Santa Clara,1.0,4.0,post
712613,2024-08-11 18:00:00,2024,12698,1929,Famalicao,Benfica,2.0,0.0,post
712614,2024-08-11 18:00:00,2024,20740,3696,SC Farense,Moreirense,1.0,2.0,post
712615,2024-08-11 20:30:00,2024,2994,21610,Braga,Estrela,1.0,1.0,post
712609,2024-08-12 20:15:00,2024,15784,5309,Arouca,Vitoria de Guimaraes,0.0,1.0,post
712624,2024-08-16 17:00:00,2024,12215,437,Santa Clara,Porto,0.0,2.0,post
712621,2024-08-16 20:15:00,2024,3699,22064,Gil Vicente,AVS,4.0,2.0,post
712623,2024-08-17 15:30:00,2024,3822,20740,Rio Ave,SC Farense,1.0,0.0,post
712619,2024-08-17 18:00:00,2024,3472,2250,Nacional,Sporting CP,1.0,6.0,post
712617,2024-08-17 20:30:00,2024,1929,21581,Benfica,Casa Pia,3.0,0.0,post
712622,2024-08-18 15:30:00,2024,3696,15784,Moreirense,Arouca,3.0,1.0,post
712625,2024-08-18 18:00:00,2024,5309,12216,Vitoria de Guimaraes,Estoril,1.0,0.0,post
712618,2024-08-18 20:30:00,2024,2256,2994,Boavista,Braga,0.0,1.0,post
712620,2024-08-19 20:15:00,2024,21610,12698,Estrela,Famalicao,0.0,3.0,post
712630,2024-08-23 20:15:00,2024,20740,2250,SC Farense,Sporting CP,0.0,5.0,post
712629,2024-08-24 15:30:00,2024,21581,12215,Casa Pia,Santa Clara,0.0,2.0,post
712631,2024-08-24 18:00:00,2024,437,3822,Porto,Rio Ave,2.0,0.0,post
712628,2024-08-24 20:30:00,2024,1929,21610,Benfica,Estrela,1.0,0.0,post
712632,2024-08-24 20:30:00,2024,12698,2256,Famalicao,Boavista,1.0,0.0,post
712627,2024-08-25 15:30:00,2024,15784,3472,Arouca,Nacional,1.0,0.0,post
712634,2024-08-25 18:00:00,2024,12216,3699,Estoril,Gil Vicente,0.0,0.0,post
712626,2024-08-25 20:30:00,2024,22064,5309,AVS,Vitoria de Guimaraes,1.0,0.0,post
712633,2024-08-25 20:30:00,2024,2994,3696,Braga,Moreirense,3.0,1.0,post
712643,2024-08-30 20:15:00,2024,3696,1929,Moreirense,Benfica,1.0,1.0,post
712641,2024-08-31 15:30:00,2024,12215,22064,Santa Clara,AVS,2.0,1.0,post
712635,2024-08-31 18:00:00,2024,2256,12216,Boavista,Estoril,0.0,0.0,post
712637,2024-08-31 18:00:00,2024,21610,21581,Estrela,Casa Pia,0.0,1.0,post
712642,2024-08-31 20:30:00,2024,2250,437,Sporting CP,Porto,2.0,0.0,post
712636,2024-09-01 15:30:00,2024,3472,20740,Nacional,SC Farense,2.0,0.0,post
712640,2024-09-01 18:00:00,2024,3822,15784,Rio Ave,Arouca,1.0,0.0,post
712639,2024-09-01 20:30:00,2024,3699,2994,Gil Vicente,Braga,0.0,0.0,post
712638,2024-09-01 20:30:00,2024,5309,12698,Vitoria de Guimaraes,Famalicao,2.0,1.0,post
712645,2024-09-13 20:15:00,2024,15784,2250,Arouca,Sporting CP,0.0,3.0,post
712647,2024-09-14 15:30:00,2024,21581,3696,Casa Pia,Moreirense,3.0,1.0,post
712644,2024-09-14 18:00:00,2024,22064,3822,AVS,Rio Ave,1.0,0.0,post
712646,2024-09-14 20:30:00,2024,1929,12215,Benfica,Santa Clara,4.0,1.0,post
712651,2024-09-14 20:30:00,2024,12698,3699,Famalicao,Gil Vicente,1.0,1.0,post
712650,2024-09-15 15:30:00,2024,437,20740,Porto,SC Farense,2.0,1.0,post
712648,2024-09-15 18:00:00,2024,12216,3472,Estoril,Nacional,1.0,0.0,post
712652,2024-09-15 20:30:00,2024,2994,5309,Braga,Vitoria de Guimaraes,0.0,2.0,post
712649,2024-09-16 20:15:00,2024,21610,2256,Estrela,Boavista,2.0,2.0,post
712654,2024-09-20 20:15:00,2024,3472,2994,Nacional,Braga,0.0,3.0,post
712659,2024-09-21 15:30:00,2024,12215,21610,Santa Clara,Estrela,1.0,0.0,post
712658,2024-09-21 15:30:00,2024,3822,12216,Rio Ave,Estoril,2.0,2.0,post
712661,2024-09-21 18:00:00,2024,5309,437,Vitoria de Guimaraes,Porto,0.0,3.0,post
712657,2024-09-21 20:30:00,2024,3696,12698,Moreirense,Famalicao,0.0,0.0,post
712656,2024-09-22 15:30:00,2024,3699,21581,Gil Vicente,Casa Pia,1.0,1.0,post
712655,2024-09-22 18:00:00,2024,20740,15784,SC Farense,Arouca,0.0,1.0,post
712660,2024-09-22 20:30:00,2024,2250,22064,Sporting CP,AVS,3.0,0.0,post
712653,2024-09-23 20:15:00,2024,2256,1929,Boavista,Benfica,0.0,3.0,post
712665,2024-09-27 20:15:00,2024,12216,2250,Estoril,Sporting CP,0.0,3.0,post
712666,2024-09-28 15:30:00,2024,21610,3696,Estrela,Moreirense,2.0,1.0,post
712664,2024-09-28 18:00:00,2024,21581,5309,Casa Pia,Vitoria de Guimaraes,1.0,1.0,post
712663,2024-09-28 20:30:00,2024,1929,3699,Benfica,Gil Vicente,5.0,1.0,post
712668,2024-09-29 15:30:00,2024,12698,3472,Famalicao,Nacional,0.0,0.0,post
712667,2024-09-29 18:00:00,2024,437,15784,Porto,Arouca,4.0,0.0,post
712670,2024-09-29 20:30:00,2024,2994,3822,Braga,Rio Ave,4.0,0.0,post
712669,2024-09-29 20:30:00,2024,12215,2256,Santa Clara,Boavista,1.0,0.0,post
712662,2024-09-30 20:15:00,2024,22064,20740,AVS,SC Farense,0.0,0.0,post
712677,2024-10-04 20:15:00,2024,3822,12698,Rio Ave,Famalicao,1.0,1.0,post
712671,2024-10-05 15:30:00,2024,3699,21610,Gil Vicente,Estrela,3.0,0.0,post
712676,2024-10-05 15:30:00,2024,3696,12215,Moreirense,Santa Clara,1.0,0.0,post
712679,2024-10-05 18:00:00,2024,15784,22064,Arouca,AVS,1.0,1.0,post
712678,2024-10-05 20:30:00,2024,2250,21581,Sporting CP,Casa Pia,2.0,0.0,post
712674,2024-10-06 15:30:00,2024,20740,12216,SC Farense,Estoril,1.0,0.0,post
712675,2024-10-06 15:30:00,2024,5309,2256,Vitoria de Guimaraes,Boavista,2.0,2.0,post
712673,2024-10-06 20:30:00,2024,437,2994,Porto,Braga,2.0,1.0,post
712683,2024-10-25 18:45:00,2024,21581,3472,Casa Pia,Nacional,1.0,0.0,post
712687,2024-10-25 20:45:00,2024,12215,3699,Santa Clara,Gil Vicente,2.0,1.0,post
712684,2024-10-26 15:30:00,2024,12216,15784,Estoril,Arouca,4.0,1.0,post
712682,2024-10-26 18:00:00,2024,2256,3696,Boavista,Moreirense,0.0,2.0,post
712686,2024-10-26 20:30:00,2024,12698,2250,Famalicao,Sporting CP,0.0,3.0,post
712688,2024-10-27 15:30:00,2024,2994,20740,Braga,SC Farense,2.0,0.0,post
712681,2024-10-27 18:00:00,2024,1929,3822,Benfica,Rio Ave,5.0,0.0,post
712685,2024-10-27 20:30:00,2024,21610,5309,Estrela,Vitoria de Guimaraes,2.0,2.0,post
712680,2024-10-28 20:15:00,2024,22064,437,AVS,Porto,0.0,5.0,post
712696,2024-11-01 20:15:00,2024,2250,21610,Sporting CP,Estrela,5.0,1.0,post
712695,2024-11-02 15:30:00,2024,3822,21581,Rio Ave,Casa Pia,2.0,2.0,post
712693,2024-11-02 18:00:00,2024,20740,1929,SC Farense,Benfica,1.0,2.0,post
712694,2024-11-02 20:30:00,2024,3699,2256,Gil Vicente,Boavista,1.0,2.0,post
712689,2024-11-03 15:30:00,2024,22064,12698,AVS,Famalicao,2.0,3.0,post
712690,2024-11-03 18:00:00,2024,15784,2994,Arouca,Braga,1.0,2.0,post
712697,2024-11-03 18:00:00,2024,5309,3696,Vitoria de Guimaraes,Moreirense,1.0,0.0,post
712692,2024-11-03 20:30:00,2024,437,12216,Porto,Estoril,4.0,0.0,post
712691,2024-11-04 20:15:00,2024,3472,12215,Nacional,Santa Clara,2.0,0.0,post
712704,2024-11-08 20:15:00,2024,3696,3699,Moreirense,Gil Vicente,3.0,2.0,post
712700,2024-11-09 15:30:00,2024,21581,20740,Casa Pia,SC Farense,1.0,1.0,post
712701,2024-11-09 15:30:00,2024,12216,22064,Estoril,AVS,0.0,0.0,post
712703,2024-11-09 18:00:00,2024,12698,15784,Famalicao,Arouca,0.0,0.0,post
712699,2024-11-09 20:30:00,2024,2256,3822,Boavista,Rio Ave,0.0,2.0,post
712702,2024-11-10 15:30:00,2024,21610,3472,Estrela,Nacional,2.0,0.0,post
712705,2024-11-10 16:30:00,2024,12215,5309,Santa Clara,Vitoria de Guimaraes,1.0,0.0,post
712706,2024-11-10 18:45:00,2024,2994,2250,Braga,Sporting CP,2.0,4.0,post
712698,2024-11-10 20:45:00,2024,1929,437,Benfica,Porto,4.0,1.0,post
712712,2024-11-29 20:15:00,2024,20740,21610,SC Farense,Estrela,1.0,0.0,post
712713,2024-11-30 15:30:00,2024,3822,3696,Rio Ave,Moreirense,3.0,2.0,post
712711,2024-11-30 18:00:00,2024,3472,2256,Nacional,Boavista,0.0,0.0,post
712714,2024-11-30 20:30:00,2024,2250,12215,Sporting CP,Santa Clara,0.0,1.0,post
712710,2024-12-01 15:30:00,2024,12216,12698,Estoril,Famalicao,2.0,1.0,post
712708,2024-12-01 18:00:00,2024,15784,1929,Arouca,Benfica,0.0,2.0,post
712707,2024-12-01 20:30:00,2024,22064,2994,AVS,Braga,0.0,1.0,post
712709,2024-12-02 18:45:00,2024,5309,3699,Vitoria de Guimaraes,Gil Vicente,4.0,0.0,post
712715,2024-12-02 20:45:00,2024,437,21581,Porto,Casa Pia,2.0,0.0,post
712718,2024-12-05 20:15:00,2024,3696,2250,Moreirense,Sporting CP,2.0,1.0,post
712720,2024-12-06 20:15:00,2024,2994,12216,Braga,Estoril,2.0,2.0,post
712717,2024-12-07 15:30:00,2024,3699,3472,Gil Vicente,Nacional,2.0,1.0,post
712722,2024-12-07 18:00:00,2024,1929,5309,Benfica,Vitoria de Guimaraes,1.0,0.0,post
712723,2024-12-07 18:00:00,2024,12215,3822,Santa Clara,Rio Ave,1.0,0.0,post
712716,2024-12-07 20:30:00,2024,12698,437,Famalicao,Porto,1.0,1.0,post
712719,2024-12-08 15:30:00,2024,2256,20740,Boavista,SC Farense,1.0,1.0,post
712724,2024-12-08 18:00:00,2024,21581,22064,Casa Pia,AVS,1.0,1.0,post
712721,2024-12-09 20:15:00,2024,21610,15784,Estrela,Arouca,2.0,1.0,post
712726,2024-12-14 15:30:00,2024,20740,3699,SC Farense,Gil Vicente,0.0,1.0,post
712729,2024-12-14 18:00:00,2024,3472,3696,Nacional,Moreirense,1.0,0.0,post
712733,2024-12-14 20:30:00,2024,2250,2256,Sporting CP,Boavista,3.0,2.0,post
712730,2024-12-15 15:30:00,2024,15784,12215,Arouca,Santa Clara,1.0,0.0,post
712727,2024-12-15 18:00:00,2024,22064,1929,AVS,Benfica,1.0,1.0,post
712732,2024-12-15 20:30:00,2024,12216,21581,Estoril,Casa Pia,0.0,2.0,post
712728,2024-12-16 18:45:00,2024,2994,12698,Braga,Famalicao,3.0,3.0,post
712725,2024-12-16 20:15:00,2024,437,21610,Porto,Estrela,2.0,0.0,post
712731,2024-12-16 20:45:00,2024,3822,5309,Rio Ave,Vitoria de Guimaraes,2.0,2.0,post
712672,2024-12-19 17:00:00,2024,3472,1929,Nacional,Benfica,0.0,2.0,post
712736,2024-12-20 20:15:00,2024,21581,15784,Casa Pia,Arouca,3.0,1.0,post
712738,2024-12-21 15:30:00,2024,12698,20740,Famalicao,SC Farense,1.0,2.0,post
712737,2024-12-21 18:00:00,2024,2256,22064,Boavista,AVS,0.0,0.0,post
712740,2024-12-21 20:30:00,2024,3696,437,Moreirense,Porto,0.0,3.0,post
712739,2024-12-22 17:00:00,2024,12215,2994,Santa Clara,Braga,0.0,2.0,post
712741,2024-12-22 20:30:00,2024,3699,2250,Gil Vicente,Sporting CP,0.0,0.0,post
712734,2024-12-23 18:45:00,2024,1929,12216,Benfica,Estoril,3.0,0.0,post
712742,2024-12-23 18:45:00,2024,5309,3472,Vitoria de Guimaraes,Nacional,2.0,2.0,post
712735,2024-12-23 20:45:00,2024,21610,3822,Estrela,Rio Ave,1.0,0.0,post
712744,2024-12-27 20:15:00,2024,15784,3699,Arouca,Gil Vicente,1.0,1.0,post
712743,2024-12-28 15:30:00,2024,22064,21610,AVS,Estrela,1.0,1.0,post
712747,2024-12-28 18:00:00,2024,12216,3696,Estoril,Moreirense,2.0,2.0,post
712746,2024-12-28 20:30:00,2024,437,2256,Porto,Boavista,4.0,0.0,post
712749,2024-12-29 15:30:00,2024,3822,3472,Rio Ave,Nacional,2.0,1.0,post
712748,2024-12-29 15:30:00,2024,20740,5309,SC Farense,Vitoria de Guimaraes,2.0,2.0,post
712750,2024-12-29 18:00:00,2024,2994,21581,Braga,Casa Pia,1.0,2.0,post
712745,2024-12-29 20:30:00,2024,2250,1929,Sporting CP,Benfica,1.0,0.0,post
712751,2024-12-30 20:15:00,2024,12698,12215,Famalicao,Santa Clara,1.0,2.0,post
712758,2025-01-03 20:15:00,2025,5309,2250,Vitoria de Guimaraes,Sporting CP,4.0,4.0,post
712756,2025-01-04 15:30:00,2025,3696,22064,Moreirense,AVS,1.0,1.0,post
712759,2025-01-04 18:00:00,2025,1929,2994,Benfica,Braga,1.0,2.0,post
712760,2025-01-04 20:30:00,2025,2256,15784,Boavista,Arouca,1.0,3.0,post
712755,2025-01-05 15:30:00,2025,12215,20740,Santa Clara,SC Farense,0.0,0.0,post
712752,2025-01-05 18:00:00,2025,21581,12698,Casa Pia,Famalicao,1.0,1.0,post
712754,2025-01-05 20:30:00,2025,21610,12216,Estrela,Estoril,2.0,4.0,post
712757,2025-01-06 20:15:00,2025,3699,3822,Gil Vicente,Rio Ave,1.0,1.0,post
712753,2025-01-12 15:30:00,2025,3472,437,Nacional,Porto,2.0,0.0,post
712761,2025-01-17 20:15:00,2025,1929,12698,Benfica,Famalicao,4.0,0.0,post
712762,2025-01-18 15:30:00,2025,12215,12216,Santa Clara,Estoril,2.0,3.0,post
712763,2025-01-18 18:00:00,2025,3822,2250,Rio Ave,Sporting CP,0.0,3.0,post
712765,2025-01-18 20:30:00,2025,5309,15784,Vitoria de Guimaraes,Arouca,2.0,2.0,post
712767,2025-01-19 15:30:00,2025,3472,22064,Nacional,AVS,3.0,1.0,post
712764,2025-01-19 15:30:00,2025,3696,20740,Moreirense,SC Farense,0.0,0.0,post
712766,2025-01-19 18:00:00,2025,21610,2994,Estrela,Braga,0.0,1.0,post
712769,2025-01-19 20:30:00,2025,3699,437,Gil Vicente,Porto,3.0,1.0,post
712768,2025-01-20 20:15:00,2025,2256,21581,Boavista,Casa Pia,2.0,3.0,post
712772,2025-01-24 20:15:00,2025,15784,3696,Arouca,Moreirense,1.0,0.0,post
712778,2025-01-25 15:30:00,2025,12698,21610,Famalicao,Estrela,0.0,0.0,post
712777,2025-01-25 15:30:00,2025,20740,3822,SC Farense,Rio Ave,1.0,2.0,post
712771,2025-01-25 18:00:00,2025,21581,1929,Casa Pia,Benfica,3.0,1.0,post
712774,2025-01-25 20:30:00,2025,2250,3472,Sporting CP,Nacional,2.0,0.0,post
712770,2025-01-26 15:30:00,2025,12216,5309,Estoril,Vitoria de Guimaraes,1.0,0.0,post
712775,2025-01-26 18:00:00,2025,437,12215,Porto,Santa Clara,1.0,1.0,post
712776,2025-01-26 20:30:00,2025,2994,2256,Braga,Boavista,3.0,0.0,post
712773,2025-01-27 20:15:00,2025,22064,3699,AVS,Gil Vicente,1.0,0.0,post
712782,2025-01-31 20:15:00,2025,2256,12698,Boavista,Famalicao,0.0,2.0,post
712783,2025-02-01 15:30:00,2025,3472,15784,Nacional,Arouca,1.0,2.0,post
712780,2025-02-01 15:30:00,2025,12215,21581,Santa Clara,Casa Pia,2.0,1.0,post
712781,2025-02-01 18:00:00,2025,3699,12216,Gil Vicente,Estoril,1.0,2.0,post
712785,2025-02-01 20:30:00,2025,5309,22064,Vitoria de Guimaraes,AVS,2.0,0.0,post
712779,2025-02-02 18:00:00,2025,2250,20740,Sporting CP,SC Farense,3.0,1.0,post
712784,2025-02-02 20:30:00,2025,21610,1929,Estrela,Benfica,2.0,3.0,post
712786,2025-02-03 18:45:00,2025,3696,2994,Moreirense,Braga,1.0,2.0,post
712787,2025-02-03 20:45:00,2025,3822,437,Rio Ave,Porto,2.0,2.0,post
712794,2025-02-07 20:15:00,2025,437,2250,Porto,Sporting CP,1.0,1.0,post
712796,2025-02-08 15:30:00,2025,22064,12215,AVS,Santa Clara,1.0,2.0,post
712790,2025-02-08 18:00:00,2025,1929,3696,Benfica,Moreirense,3.0,2.0,post
712795,2025-02-08 20:30:00,2025,12698,5309,Famalicao,Vitoria de Guimaraes,0.0,0.0,post
712793,2025-02-09 15:30:00,2025,12216,2256,Estoril,Boavista,2.0,1.0,post
712788,2025-02-09 15:30:00,2025,20740,3472,SC Farense,Nacional,0.0,2.0,post
712792,2025-02-09 18:00:00,2025,2994,3699,Braga,Gil Vicente,2.0,0.0,post
712789,2025-02-09 20:30:00,2025,21581,21610,Casa Pia,Estrela,1.0,0.0,post
712791,2025-02-10 20:15:00,2025,15784,3822,Arouca,Rio Ave,1.0,1.0,post
712797,2025-02-14 20:15:00,2025,2256,21610,Boavista,Estrela,0.0,1.0,post
712803,2025-02-15 15:30:00,2025,3696,21581,Moreirense,Casa Pia,3.0,2.0,post
712798,2025-02-15 17:00:00,2025,3472,12216,Nacional,Estoril,2.0,2.0,post
712801,2025-02-15 18:00:00,2025,12215,1929,Santa Clara,Benfica,0.0,1.0,post
712800,2025-02-15 20:30:00,2025,2250,15784,Sporting CP,Arouca,2.0,2.0,post
712802,2025-02-16 15:30:00,2025,3822,22064,Rio Ave,AVS,1.0,1.0,post
712805,2025-02-16 18:00:00,2025,20740,437,SC Farense,Porto,0.0,1.0,post
712799,2025-02-16 20:30:00,2025,5309,2994,Vitoria de Guimaraes,Braga,0.0,0.0,post
712804,2025-02-17 20:15:00,2025,3699,12698,Gil Vicente,Famalicao,0.0,2.0,post
712814,2025-02-21 20:15:00,2025,2994,3472,Braga,Nacional,1.0,0.0,post
712811,2025-02-22 15:30:00,2025,21581,3699,Casa Pia,Gil Vicente,1.0,0.0,post
712812,2025-02-22 18:00:00,2025,1929,2256,Benfica,Boavista,3.0,0.0,post
712810,2025-02-22 20:30:00,2025,12216,3822,Estoril,Rio Ave,2.0,1.0,post
712813,2025-02-23 15:30:00,2025,15784,20740,Arouca,SC Farense,2.0,2.0,post
712809,2025-02-23 15:30:00,2025,21610,12215,Estrela,Santa Clara,0.0,0.0,post
712806,2025-02-23 18:00:00,2025,22064,2250,AVS,Sporting CP,2.0,2.0,post
712807,2025-02-23 20:30:00,2025,12698,3696,Famalicao,Moreirense,2.0,0.0,post
712808,2025-02-24 20:15:00,2025,437,5309,Porto,Vitoria de Guimaraes,1.0,1.0,post
712817,2025-03-01 15:30:00,2025,3472,12698,Nacional,Famalicao,2.0,1.0,post
712815,2025-03-01 18:00:00,2025,15784,437,Arouca,Porto,0.0,2.0,post
712818,2025-03-01 20:30:00,2025,5309,21581,Vitoria de Guimaraes,Casa Pia,1.0,0.0,post
712816,2025-03-02 15:30:00,2025,2256,12215,Boavista,Santa Clara,1.0,0.0,post
712820,2025-03-02 15:30:00,2025,3696,21610,Moreirense,Estrela,1.0,1.0,post
712819,2025-03-02 18:00:00,2025,20740,22064,SC Farense,AVS,0.0,1.0,post
712821,2025-03-02 20:30:00,2025,3822,2994,Rio Ave,Braga,2.0,1.0,post
712822,2025-03-03 20:15:00,2025,2250,12216,Sporting CP,Estoril,3.0,1.0,post
712829,2025-03-07 20:15:00,2025,21610,3699,Estrela,Gil Vicente,1.0,1.0,post
712824,2025-03-08 15:30:00,2025,22064,15784,AVS,Arouca,0.0,1.0,post
712825,2025-03-08 18:00:00,2025,1929,3472,Benfica,Nacional,3.0,0.0,post
712828,2025-03-08 18:00:00,2025,12216,20740,Estoril,SC Farense,2.0,2.0,post
712832,2025-03-08 20:30:00,2025,2994,437,Braga,Porto,1.0,0.0,post
712831,2025-03-09 15:30:00,2025,12215,3696,Santa Clara,Moreirense,1.0,1.0,post
712827,2025-03-09 18:00:00,2025,21581,2250,Casa Pia,Sporting CP,1.0,3.0,post
712826,2025-03-09 20:30:00,2025,2256,5309,Boavista,Vitoria de Guimaraes,1.0,2.0,post
712830,2025-03-10 20:15:00,2025,12698,3822,Famalicao,Rio Ave,1.0,0.0,post
712836,2025-03-15 15:30:00,2025,20740,2994,SC Farense,Braga,0.0,1.0,post
712837,2025-03-15 15:30:00,2025,3699,12215,Gil Vicente,Santa Clara,0.0,1.0,post
712835,2025-03-15 18:00:00,2025,437,22064,Porto,AVS,2.0,0.0,post
712840,2025-03-15 20:30:00,2025,2250,12698,Sporting CP,Famalicao,3.0,1.0,post
712833,2025-03-16 15:30:00,2025,15784,12216,Arouca,Estoril,1.0,1.0,post
712834,2025-03-16 15:30:00,2025,3472,21581,Nacional,Casa Pia,3.0,1.0,post
712839,2025-03-16 18:00:00,2025,3822,1929,Rio Ave,Benfica,2.0,3.0,post
712838,2025-03-16 20:30:00,2025,3696,2256,Moreirense,Boavista,1.0,0.0,post
712841,2025-03-16 20:30:00,2025,5309,21610,Vitoria de Guimaraes,Estrela,2.0,0.0,post
712823,2025-03-28 20:15:00,2025,3699,1929,Gil Vicente,Benfica,0.0,3.0,post
712844,2025-03-29 15:30:00,2025,21581,3822,Casa Pia,Rio Ave,2.0,1.0,post
712846,2025-03-29 18:00:00,2025,21610,2250,Estrela,Sporting CP,0.0,3.0,post
712850,2025-03-29 20:30:00,2025,2994,15784,Braga,Arouca,2.0,1.0,post
712847,2025-03-30 15:30:00,2025,12698,22064,Famalicao,AVS,4.0,1.0,post
712849,2025-03-30 15:30:00,2025,12215,3472,Santa Clara,Nacional,1.0,0.0,post
712845,2025-03-30 18:00:00,2025,12216,437,Estoril,Porto,1.0,2.0,post
712848,2025-03-30 20:30:00,2025,3696,5309,Moreirense,Vitoria de Guimaraes,2.0,2.0,post
712843,2025-04-01 20:15:00,2025,2256,3699,Boavista,Gil Vicente,1.0,3.0,post
712842,2025-04-02 20:15:00,2025,1929,20740,Benfica,SC Farense,3.0,2.0,post
712851,2025-04-04 20:15:00,2025,22064,12216,AVS,Estoril,0.0,3.0,post
712852,2025-04-05 18:00:00,2025,15784,12698,Arouca,Famalicao,1.0,2.0,post
712854,2025-04-05 20:30:00,2025,5309,12215,Vitoria de Guimaraes,Santa Clara,2.0,0.0,post
712856,2025-04-06 15:30:00,2025,3699,3696,Gil Vicente,Moreirense,0.0,1.0,post
712853,2025-04-06 18:00:00,2025,3472,21610,Nacional,Estrela,0.0,1.0,post
712855,2025-04-06 20:30:00,2025,437,1929,Porto,Benfica,1.0,4.0,post
712859,2025-04-07 18:45:00,2025,20740,21581,SC Farense,Casa Pia,0.0,0.0,post
712857,2025-04-07 20:15:00,2025,3822,2256,Rio Ave,Boavista,0.0,2.0,post
712858,2025-04-07 20:45:00,2025,2250,2994,Sporting CP,Braga,1.0,1.0,post
712865,2025-04-11 20:15:00,2025,3699,5309,Gil Vicente,Vitoria de Guimaraes,0.0,1.0,post
712864,2025-04-12 15:30:00,2025,12698,12216,Famalicao,Estoril,3.0,0.0,post
712861,2025-04-12 15:30:00,2025,2256,3472,Boavista,Nacional,0.0,1.0,post
712867,2025-04-12 18:00:00,2025,12215,2250,Santa Clara,Sporting CP,0.0,1.0,post
712862,2025-04-12 20:30:00,2025,21581,437,Casa Pia,Porto,0.0,1.0,post
712863,2025-04-13 15:30:00,2025,21610,20740,Estrela,SC Farense,0.0,1.0,post
712860,2025-04-13 18:00:00,2025,1929,15784,Benfica,Arouca,2.0,2.0,post
712868,2025-04-13 18:00:00,2025,2994,22064,Braga,AVS,4.0,1.0,post
712866,2025-04-13 20:30:00,2025,3696,3822,Moreirense,Rio Ave,0.0,2.0,post
712875,2025-04-18 15:30:00,2025,3822,12215,Rio Ave,Santa Clara,1.0,1.0,post
712874,2025-04-18 15:30:00,2025,20740,2256,SC Farense,Boavista,0.0,1.0,post
712873,2025-04-18 18:00:00,2025,437,12698,Porto,Famalicao,2.0,1.0,post
712876,2025-04-18 20:30:00,2025,2250,3696,Sporting CP,Moreirense,3.0,1.0,post
712869,2025-04-19 15:30:00,2025,22064,21581,AVS,Casa Pia,1.0,1.0,post
712871,2025-04-19 15:30:00,2025,3472,3699,Nacional,Gil Vicente,0.0,3.0,post
712872,2025-04-19 18:00:00,2025,12216,2994,Estoril,Braga,0.0,2.0,post
712870,2025-04-19 18:00:00,2025,15784,21610,Arouca,Estrela,1.0,0.0,post
712877,2025-04-19 20:30:00,2025,5309,1929,Vitoria de Guimaraes,Benfica,0.0,3.0,post
712882,2025-04-25 20:30:00,2025,12698,2994,Famalicao,Braga,1.0,1.0,post
712885,2025-04-26 15:30:00,2025,12215,15784,Santa Clara,Arouca,2.0,0.0,post
712883,2025-04-26 18:00:00,2025,3699,20740,Gil Vicente,SC Farense,1.0,0.0,post
712881,2025-04-26 20:30:00,2025,21610,437,Estrela,Porto,2.0,0.0,post
712884,2025-04-27 15:30:00,2025,3696,3472,Moreirense,Nacional,1.0,1.0,post
712878,2025-04-27 18:00:00,2025,1929,22064,Benfica,AVS,6.0,0.0,post
712886,2025-04-27 18:00:00,2025,5309,3822,Vitoria de Guimaraes,Rio Ave,3.0,0.0,post
712879,2025-04-27 20:30:00,2025,2256,2250,Boavista,Sporting CP,0.0,5.0,post
712880,2025-04-29 20:30:00,2025,21581,12216,Casa Pia,Estoril,1.0,3.0,post
712895,2025-05-02 20:15:00,2025,437,3696,Porto,Moreirense,3.0,1.0,post
712888,2025-05-03 15:30:00,2025,3472,5309,Nacional,Vitoria de Guimaraes,1.0,2.0,post
712894,2025-05-03 15:30:00,2025,20740,12698,SC Farense,Famalicao,2.0,1.0,post
712892,2025-05-03 18:00:00,2025,2994,12215,Braga,Santa Clara,1.0,1.0,post
712887,2025-05-03 20:30:00,2025,12216,1929,Estoril,Benfica,1.0,2.0,post
712889,2025-05-04 18:00:00,2025,15784,21581,Arouca,Casa Pia,0.0,0.0,post
712891,2025-05-04 20:30:00,2025,2250,3699,Sporting CP,Gil Vicente,2.0,1.0,post
712893,2025-05-05 19:30:00,2025,3822,21610,Rio Ave,Estrela,2.0,0.0,post
712890,2025-05-05 20:15:00,2025,22064,2256,AVS,Boavista,1.0,2.0,post
712903,2025-05-10 15:30:00,2025,3472,3822,Nacional,Rio Ave,3.0,3.0,post
712900,2025-05-10 15:30:00,2025,12215,12698,Santa Clara,Famalicao,2.0,1.0,post
712901,2025-05-10 18:00:00,2025,1929,2250,Benfica,Sporting CP,1.0,1.0,post
712904,2025-05-10 20:30:00,2025,21581,2994,Casa Pia,Braga,2.0,1.0,post
712896,2025-05-10 20:30:00,2025,3699,15784,Gil Vicente,Arouca,1.0,1.0,post
712898,2025-05-11 15:30:00,2025,21610,22064,Estrela,AVS,0.0,1.0,post
712897,2025-05-11 18:00:00,2025,3696,12216,Moreirense,Estoril,2.0,2.0,post
712899,2025-05-11 18:00:00,2025,5309,20740,Vitoria de Guimaraes,SC Farense,1.0,2.0,post
712902,2025-05-11 20:30:00,2025,2256,437,Boavista,Porto,1.0,2.0,post
712910,2025-05-16 19:00:00,2025,3822,3699,Rio Ave,Gil Vicente,1.0,1.0,post
712912,2025-05-16 19:00:00,2025,12698,21581,Famalicao,Casa Pia,2.0,1.0,post
712907,2025-05-17 18:00:00,2025,15784,2256,Arouca,Boavista,4.0,1.0,post
712908,2025-05-17 18:00:00,2025,22064,3696,AVS,Moreirense,0.0,3.0,post
712909,2025-05-17 18:00:00,2025,2994,1929,Braga,Benfica,1.0,1.0,post
712906,2025-05-17 18:00:00,2025,12216,21610,Estoril,Estrela,4.0,0.0,post
712905,2025-05-17 18:00:00,2025,437,3472,Porto,Nacional,3.0,0.0,post
712911,2025-05-17 18:00:00,2025,20740,12215,SC Farense,Santa Clara,1.0,2.0,post
712913,2025-05-17 18:00:00,2025,2250,5309,Sporting CP,Vitoria de Guimaraes,2.0,0.0,post
750246,2025-08-08 20:15:00,2025,21581,2250,Casa Pia,Sporting CP,0.0,2.0,post
750249,2025-08-09 15:30:00,2025,3472,3699,Nacional,Gil Vicente,0.0,2.0,post
750250,2025-08-09 20:30:00,2025,15784,22064,Arouca,AVS,3.0,1.0,post
750253,2025-08-10 17:00:00,2025,12698,12215,Famalicao,Santa Clara,3.0,0.0,post
750247,2025-08-10 20:30:00,2025,2994,12706,Braga,Tondela,3.0,0.0,post
750254,2025-08-10 20:30:00,2025,3696,21613,Moreirense,Alverca,2.0,1.0,post
750251,2025-08-11 18:45:00,2025,12216,21610,Estoril,Estrela,1.0,1.0,post
750252,2025-08-11 20:45:00,2025,437,5309,Porto,Vitoria de Guimaraes,3.0,0.0,post
750262,2025-08-15 15:45:00,2025,22064,21581,AVS,Casa Pia,0.0,2.0,post
750258,2025-08-16 15:30:00,2025,12706,12698,Tondela,Famalicao,0.0,1.0,post
750259,2025-08-16 18:00:00,2025,5309,12216,Vitoria de Guimaraes,Estoril,3.0,2.0,post
750260,2025-08-16 20:30:00,2025,21610,1929,Estrela,Benfica,0.0,1.0,post
750255,2025-08-17 15:30:00,2025,3822,3472,Rio Ave,Nacional,1.0,1.0,post
750261,2025-08-17 18:00:00,2025,21613,2994,Alverca,Braga,0.0,3.0,post
750256,2025-08-17 18:00:00,2025,12215,3696,Santa Clara,Moreirense,0.0,1.0,post
750257,2025-08-17 20:30:00,2025,2250,15784,Sporting CP,Arouca,6.0,0.0,post
750263,2025-08-18 20:15:00,2025,3699,437,Gil Vicente,Porto,0.0,2.0,post
750269,2025-08-23 16:00:00,2025,3696,5309,Moreirense,Vitoria de Guimaraes,2.0,0.0,post
750267,2025-08-23 18:00:00,2025,3472,2250,Nacional,Sporting CP,1.0,4.0,post
750271,2025-08-23 20:30:00,2025,1929,12706,Benfica,Tondela,3.0,0.0,post
750272,2025-08-23 20:30:00,2025,15784,3822,Arouca,Rio Ave,3.0,3.0,post
750266,2025-08-24 15:30:00,2025,12698,3699,Famalicao,Gil Vicente,0.0,0.0,post
750264,2025-08-24 18:00:00,2025,437,21581,Porto,Casa Pia,4.0,0.0,post
750270,2025-08-24 20:30:00,2025,2994,22064,Braga,AVS,2.0,2.0,post
750265,2025-08-25 20:15:00,2025,21610,21613,Estrela,Alverca,2.0,2.0,post
750273,2025-08-29 20:15:00,2025,3699,3696,Gil Vicente,Moreirense,2.0,0.0,post
750274,2025-08-30 15:30:00,2025,21581,3472,Casa Pia,Nacional,0.0,2.0,post
750277,2025-08-30 18:00:00,2025,22064,12698,AVS,Famalicao,0.0,1.0,post
750281,2025-08-30 18:00:00,2025,5309,15784,Vitoria de Guimaraes,Arouca,1.0,1.0,post
750279,2025-08-30 20:30:00,2025,2250,437,Sporting CP,Porto,1.0,2.0,post
750280,2025-08-31 15:30:00,2025,12706,12216,Tondela,Estoril,2.0,2.0,post
750275,2025-08-31 18:00:00,2025,21613,1929,Alverca,Benfica,1.0,2.0,post
750278,2025-08-31 20:30:00,2025,12215,21610,Santa Clara,Estrela,0.0,0.0,post
750276,2025-08-31 20:30:00,2025,3822,2994,Rio Ave,Braga,2.0,2.0,post
750268,2025-09-06 20:30:00,2025,12216,12215,Estoril,Santa Clara,0.0,1.0,post
750289,2025-09-12 20:15:00,2025,1929,12215,Benfica,Santa Clara,1.0,1.0,post
750287,2025-09-12 20:15:00,2025,21613,12706,Alverca,Tondela,1.0,0.0,post
750290,2025-09-13 15:30:00,2025,12216,22064,Estoril,AVS,3.0,1.0,post
750283,2025-09-13 15:30:00,2025,3696,3822,Moreirense,Rio Ave,3.0,1.0,post
750285,2025-09-13 18:00:00,2025,437,3472,Porto,Nacional,1.0,0.0,post
750286,2025-09-13 20:30:00,2025,12698,2250,Famalicao,Sporting CP,1.0,2.0,post
750282,2025-09-14 15:30:00,2025,21610,5309,Estrela,Vitoria de Guimaraes,0.0,2.0,post
750288,2025-09-14 18:00:00,2025,15784,21581,Arouca,Casa Pia,0.0,2.0,post
750284,2025-09-14 20:30:00,2025,2994,3699,Braga,Gil Vicente,0.0,1.0,post
750299,2025-09-19 20:15:00,2025,3822,437,Rio Ave,Porto,0.0,3.0,post
750292,2025-09-20 15:30:00,2025,3472,15784,Nacional,Arouca,1.0,2.0,post
750295,2025-09-20 15:30:00,2025,12215,21613,Santa Clara,Alverca,2.0,1.0,post
750291,2025-09-20 18:00:00,2025,22064,1929,AVS,Benfica,0.0,3.0,post
750296,2025-09-20 20:30:00,2025,5309,2994,Vitoria de Guimaraes,Braga,1.0,1.0,post
750297,2025-09-21 15:30:00,2025,12706,21610,Tondela,Estrela,0.0,0.0,post
750294,2025-09-21 18:00:00,2025,3699,12216,Gil Vicente,Estoril,2.0,0.0,post
750293,2025-09-21 20:30:00,2025,21581,12698,Casa Pia,Famalicao,1.0,1.0,post
750298,2025-09-22 20:15:00,2025,2250,3696,Sporting CP,Moreirense,3.0,0.0,post
750248,2025-09-23 20:15:00,2025,1929,3822,Benfica,Rio Ave,1.0,1.0,post
750302,2025-09-26 20:15:00,2025,1929,3699,Benfica,Gil Vicente,2.0,1.0,post
750305,2025-09-27 15:30:00,2025,3696,21581,Moreirense,Casa Pia,2.0,1.0,post
750308,2025-09-27 16:30:00,2025,12215,12706,Santa Clara,Tondela,1.0,2.0,post
750307,2025-09-27 18:00:00,2025,21610,22064,Estrela,AVS,3.0,0.0,post
750303,2025-09-27 20:30:00,2025,12216,2250,Estoril,Sporting CP,0.0,1.0,post
750300,2025-09-28 15:30:00,2025,21613,5309,Alverca,Vitoria de Guimaraes,2.0,0.0,post
750304,2025-09-28 18:00:00,2025,2994,3472,Braga,Nacional,0.0,1.0,post
750306,2025-09-28 20:30:00,2025,12698,3822,Famalicao,Rio Ave,0.0,0.0,post
750301,2025-09-29 20:00:00,2025,15784,437,Arouca,Porto,0.0,4.0,post
750312,2025-10-03 20:15:00,2025,21581,12216,Casa Pia,Estoril,2.0,2.0,post
750314,2025-10-04 15:30:00,2025,3699,21610,Gil Vicente,Estrela,2.0,0.0,post
750311,2025-10-04 15:30:00,2025,3472,3696,Nacional,Moreirense,3.0,2.0,post
750309,2025-10-04 18:00:00,2025,22064,21613,AVS,Alverca,1.0,3.0,post
750317,2025-10-04 20:30:00,2025,5309,12215,Vitoria de Guimaraes,Santa Clara,2.0,1.0,post
750310,2025-10-05 15:30:00,2025,15784,12698,Arouca,Famalicao,1.0,1.0,post
750315,2025-10-05 17:30:00,2025,3822,12706,Rio Ave,Tondela,3.0,0.0,post
750316,2025-10-05 19:15:00,2025,2250,2994,Sporting CP,Braga,1.0,1.0,post
750313,2025-10-05 21:15:00,2025,437,1929,Porto,Benfica,0.0,0.0,post
750318,2025-10-24 20:15:00,2025,21613,3699,Alverca,Gil Vicente,0.0,4.0,post
750324,2025-10-25 18:00:00,2025,12215,22064,Santa Clara,AVS,2.0,0.0,post
750319,2025-10-25 20:30:00,2025,1929,15784,Benfica,Arouca,5.0,0.0,post
750321,2025-10-25 20:30:00,2025,21610,3822,Estrela,Rio Ave,1.0,2.0,post
750320,2025-10-26 15:30:00,2025,12216,3472,Estoril,Nacional,1.0,1.0,post
750322,2025-10-26 15:30:00,2025,12698,5309,Famalicao,Vitoria de Guimaraes,2.0,0.0,post
750326,2025-10-26 18:00:00,2025,12706,2250,Tondela,Sporting CP,0.0,3.0,post
750325,2025-10-26 20:30:00,2025,2994,21581,Braga,Casa Pia,4.0,0.0,post
750323,2025-10-27 20:15:00,2025,3696,437,Moreirense,Porto,1.0,2.0,post
750327,2025-10-31 20:15:00,2025,2250,21613,Sporting CP,Alverca,2.0,0.0,post
750333,2025-11-01 15:30:00,2025,3472,12698,Nacional,Famalicao,0.0,1.0,post
750334,2025-11-01 18:00:00,2025,21581,21610,Casa Pia,Estrela,3.0,5.0,post
750328,2025-11-01 18:00:00,2025,3822,12216,Rio Ave,Estoril,0.0,4.0,post
750330,2025-11-01 20:30:00,2025,5309,1929,Vitoria de Guimaraes,Benfica,0.0,3.0,post
750331,2025-11-02 15:30:00,2025,22064,12706,AVS,Tondela,2.0,2.0,post
750332,2025-11-02 18:00:00,2025,15784,3696,Arouca,Moreirense,0.0,2.0,post
750329,2025-11-02 20:30:00,2025,437,2994,Porto,Braga,2.0,1.0,post
750335,2025-11-03 20:45:00,2025,3699,12215,Gil Vicente,Santa Clara,1.0,0.0,post
750337,2025-11-07 20:15:00,2025,12216,15784,Estoril,Arouca,4.0,3.0,post
750340,2025-11-08 15:30:00,2025,21613,3822,Alverca,Rio Ave,1.0,1.0,post
750343,2025-11-08 18:00:00,2025,12706,5309,Tondela,Vitoria de Guimaraes,0.0,1.0,post
750336,2025-11-08 20:30:00,2025,12215,2250,Santa Clara,Sporting CP,1.0,2.0,post
750342,2025-11-09 15:30:00,2025,21610,3472,Estrela,Nacional,1.0,1.0,post
750341,2025-11-09 15:30:00,2025,22064,3699,AVS,Gil Vicente,1.0,1.0,post
750338,2025-11-09 18:00:00,2025,12698,437,Famalicao,Porto,0.0,1.0,post
750339,2025-11-09 20:30:00,2025,1929,21581,Benfica,Casa Pia,2.0,2.0,post
750344,2025-11-09 20:30:00,2025,2994,3696,Braga,Moreirense,2.0,1.0,post
750353,2025-11-28 20:15:00,2025,5309,22064,Vitoria de Guimaraes,AVS,4.0,0.0,post
750351,2025-11-29 15:30:00,2025,21581,21613,Casa Pia,Alverca,0.0,2.0,post
750347,2025-11-29 15:30:00,2025,3696,12698,Moreirense,Famalicao,2.0,2.0,post
750352,2025-11-29 18:00:00,2025,3472,1929,Nacional,Benfica,1.0,2.0,post
750345,2025-11-29 20:30:00,2025,3699,12706,Gil Vicente,Tondela,0.0,1.0,post
750348,2025-11-30 15:30:00,2025,3822,12215,Rio Ave,Santa Clara,1.0,1.0,post
750346,2025-11-30 18:00:00,2025,2250,21610,Sporting CP,Estrela,4.0,0.0,post
750350,2025-11-30 20:30:00,2025,437,12216,Porto,Estoril,1.0,0.0,post
750349,2025-12-01 20:15:00,2025,15784,2994,Arouca,Braga,0.0,4.0,post
750355,2025-12-05 20:15:00,2025,1929,2250,Benfica,Sporting CP,1.0,1.0,post
750360,2025-12-06 15:30:00,2025,12215,21581,Santa Clara,Casa Pia,1.0,0.0,post
750357,2025-12-06 18:00:00,2025,22064,3822,AVS,Rio Ave,1.0,2.0,post
750359,2025-12-06 20:30:00,2025,12698,2994,Famalicao,Braga,1.0,2.0,post
750354,2025-12-07 15:30:00,2025,12216,3696,Estoril,Moreirense,3.0,3.0,post
750356,2025-12-07 18:00:00,2025,21613,3472,Alverca,Nacional,1.0,0.0,post
750358,2025-12-07 18:00:00,2025,21610,15784,Estrela,Arouca,3.0,1.0,post
750361,2025-12-07 20:30:00,2025,12706,437,Tondela,Porto,0.0,2.0,post
750362,2025-12-08 20:30:00,2025,5309,3699,Vitoria de Guimaraes,Gil Vicente,0.0,0.0,post
750370,2025-12-13 15:30:00,2025,21581,3699,Casa Pia,Gil Vicente,1.0,1.0,post
750364,2025-12-13 18:00:00,2025,3822,5309,Rio Ave,Vitoria de Guimaraes,0.0,1.0,post
750366,2025-12-13 20:30:00,2025,2250,22064,Sporting CP,AVS,6.0,0.0,post
750367,2025-12-14 15:30:00,2025,12698,12216,Famalicao,Estoril,4.0,0.0,post
750363,2025-12-14 18:00:00,2025,3696,1929,Moreirense,Benfica,0.0,4.0,post
750368,2025-12-14 20:30:00,2025,15784,21613,Arouca,Alverca,1.0,0.0,post
750369,2025-12-15 17:30:00,2025,3472,12706,Nacional,Tondela,3.0,1.0,post
750365,2025-12-15 18:45:00,2025,2994,12215,Braga,Santa Clara,1.0,0.0,post
750371,2025-12-15 20:45:00,2025,437,21610,Porto,Estrela,3.0,1.0,post
750377,2025-12-19 20:15:00,2025,12216,2994,Estoril,Braga,1.0,0.0,post
750380,2025-12-20 18:00:00,2025,3699,3822,Gil Vicente,Rio Ave,2.0,2.0,post
750379,2025-12-20 20:30:00,2025,21610,3696,Estrela,Moreirense,0.0,0.0,post
750376,2025-12-21 15:30:00,2025,22064,3472,AVS,Nacional,2.0,2.0,post
750378,2025-12-21 18:00:00,2025,12706,21581,Tondela,Casa Pia,1.0,2.0,post
750373,2025-12-21 20:30:00,2025,12215,15784,Santa Clara,Arouca,0.0,0.0,post
750375,2025-12-22 18:45:00,2025,21613,437,Alverca,Porto,0.0,3.0,post
750374,2025-12-22 20:45:00,2025,1929,12698,Benfica,Famalicao,1.0,0.0,post
750372,2025-12-23 20:45:00,2025,5309,2250,Vitoria de Guimaraes,Sporting CP,1.0,4.0,post
750388,2025-12-27 18:00:00,2025,12698,21610,Famalicao,Estrela,2.0,3.0,post
750384,2025-12-27 20:30:00,2025,12216,21613,Estoril,Alverca,4.0,1.0,post
750383,2025-12-28 15:30:00,2025,21581,5309,Casa Pia,Vitoria de Guimaraes,0.0,0.0,post
750381,2025-12-28 15:30:00,2025,15784,3699,Arouca,Gil Vicente,2.0,2.0,post
750386,2025-12-28 18:00:00,2025,2994,1929,Braga,Benfica,2.0,2.0,post
750385,2025-12-28 20:30:00,2025,2250,3822,Sporting CP,Rio Ave,4.0,0.0,post
750389,2025-12-29 20:15:00,2025,437,22064,Porto,AVS,2.0,0.0,post
750393,2026-01-02 18:45:00,2026,3699,2250,Gil Vicente,Sporting CP,1.0,1.0,post
750390,2026-01-02 20:45:00,2026,5309,3472,Vitoria de Guimaraes,Nacional,2.0,1.0,post
750392,2026-01-03 15:30:00,2026,12706,15784,Tondela,Arouca,3.0,1.0,post
750391,2026-01-03 18:00:00,2026,1929,12216,Benfica,Estoril,3.0,1.0,post
750396,2026-01-03 18:00:00,2026,21610,2994,Estrela,Braga,3.0,3.0,post
750397,2026-01-03 20:30:00,2026,22064,3696,AVS,Moreirense,0.0,2.0,post
750394,2026-01-04 15:30:00,2026,3822,21581,Rio Ave,Casa Pia,3.0,1.0,post
750395,2026-01-04 18:00:00,2026,12215,437,Santa Clara,Porto,0.0,1.0,post
750398,2026-01-04 20:30:00,2026,21613,12698,Alverca,Famalicao,1.0,0.0,post
750382,2026-01-11 15:30:00,2026,3472,12215,Nacional,Santa Clara,3.0,3.0,post
750387,2026-01-11 18:00:00,2026,3696,12706,Moreirense,Tondela,1.0,0.0,post
750405,2026-01-16 20:15:00,2026,2250,21581,Sporting CP,Casa Pia,3.0,0.0,post
750402,2026-01-17 15:30:00,2026,3699,3472,Gil Vicente,Nacional,2.0,1.0,post
750400,2026-01-17 18:00:00,2026,21613,3696,Alverca,Moreirense,2.0,1.0,post
750403,2026-01-17 18:00:00,2026,22064,15784,AVS,Arouca,0.0,1.0,post
750407,2026-01-17 20:30:00,2026,3822,1929,Rio Ave,Benfica,0.0,2.0,post
750406,2026-01-18 15:30:00,2026,12215,12698,Santa Clara,Famalicao,0.0,1.0,post
750404,2026-01-18 18:00:00,2026,12706,2994,Tondela,Braga,0.0,1.0,post
750399,2026-01-18 20:30:00,2026,5309,437,Vitoria de Guimaraes,Porto,0.0,1.0,post
750401,2026-01-19 20:15:00,2026,21610,12216,Estrela,Estoril,0.0,5.0,post
750408,2026-01-23 20:15:00,2026,21581,22064,Casa Pia,AVS,3.0,3.0,post
750414,2026-01-24 15:30:00,2026,3696,12215,Moreirense,Santa Clara,1.0,0.0,post
750409,2026-01-24 18:00:00,2026,15784,2250,Arouca,Sporting CP,1.0,2.0,post
750413,2026-01-24 20:30:00,2026,12216,5309,Estoril,Vitoria de Guimaraes,4.0,2.0,post
750411,2026-01-25 15:30:00,2026,3472,3822,Nacional,Rio Ave,4.0,0.0,post
750415,2026-01-25 18:00:00,2026,12698,12706,Famalicao,Tondela,3.0,0.0,post
750410,2026-01-25 18:00:00,2026,1929,21610,Benfica,Estrela,4.0,0.0,post
750412,2026-01-25 20:30:00,2026,2994,21613,Braga,Alverca,5.0,0.0,post
750416,2026-01-26 20:15:00,2026,437,3699,Porto,Gil Vicente,3.0,0.0,post
750423,2026-01-30 20:45:00,2026,5309,3696,Vitoria de Guimaraes,Moreirense,1.0,0.0,post
750425,2026-01-31 15:30:00,2026,12215,12216,Santa Clara,Estoril,2.0,4.0,post
750424,2026-01-31 18:00:00,2026,3822,15784,Rio Ave,Arouca,0.0,3.0,post
750421,2026-01-31 20:30:00,2026,21613,21610,Alverca,Estrela,1.0,1.0,post
750419,2026-02-01 15:30:00,2026,3699,12698,Gil Vicente,Famalicao,5.0,0.0,post
750418,2026-02-01 18:00:00,2026,2250,3472,Sporting CP,Nacional,2.0,1.0,post
750417,2026-02-01 20:30:00,2026,12706,1929,Tondela,Benfica,0.0,0.0,post
750420,2026-02-02 18:45:00,2026,22064,2994,AVS,Braga,0.0,4.0,post
750422,2026-02-02 20:45:00,2026,21581,437,Casa Pia,Porto,2.0,1.0,post
750431,2026-02-07 15:30:00,2026,21610,12215,Estrela,Santa Clara,1.0,0.0,post
750426,2026-02-07 15:30:00,2026,3696,3699,Moreirense,Gil Vicente,1.0,2.0,post
750427,2026-02-07 18:00:00,2026,12216,12706,Estoril,Tondela,2.0,2.0,post
750434,2026-02-07 20:30:00,2026,15784,5309,Arouca,Vitoria de Guimaraes,3.0,2.0,post
750428,2026-02-08 15:30:00,2026,3472,21581,Nacional,Casa Pia,0.0,0.0,post
750430,2026-02-08 18:00:00,2026,2994,3822,Braga,Rio Ave,3.0,0.0,post
750429,2026-02-08 20:30:00,2026,1929,21613,Benfica,Alverca,2.0,1.0,post
750433,2026-02-09 18:45:00,2026,12698,22064,Famalicao,AVS,3.0,1.0,post
750432,2026-02-09 20:45:00,2026,437,2250,Porto,Sporting CP,1.0,1.0,post
750440,2026-02-13 18:30:00,2026,12215,1929,Santa Clara,Benfica,1.0,2.0,post
750438,2026-02-13 20:45:00,2026,12706,21613,Tondela,Alverca,1.0,1.0,post
750443,2026-02-14 15:30:00,2026,21581,15784,Casa Pia,Arouca,3.0,2.0,post
750437,2026-02-14 18:00:00,2026,5309,21610,Vitoria de Guimaraes,Estrela,2.0,1.0,post
750442,2026-02-14 20:30:00,2026,3699,2994,Gil Vicente,Braga,2.0,1.0,post
750436,2026-02-15 15:30:00,2026,3472,437,Nacional,Porto,0.0,1.0,post
750435,2026-02-15 18:00:00,2026,22064,12216,AVS,Estoril,3.0,0.0,post
750439,2026-02-15 20:30:00,2026,2250,12698,Sporting CP,Famalicao,1.0,0.0,post
750441,2026-02-16 20:15:00,2026,3822,3696,Rio Ave,Moreirense,1.0,2.0,post
750448,2026-02-20 20:45:00,2026,21610,12706,Estrela,Tondela,0.0,2.0,post
750444,2026-02-21 15:30:00,2026,21613,12215,Alverca,Santa Clara,1.0,1.0,post
750451,2026-02-21 15:30:00,2026,15784,3472,Arouca,Nacional,3.0,0.0,post
750450,2026-02-21 18:00:00,2026,1929,22064,Benfica,AVS,3.0,0.0,post
750445,2026-02-21 18:00:00,2026,3696,2250,Moreirense,Sporting CP,0.0,3.0,post
750452,2026-02-21 20:30:00,2026,2994,5309,Braga,Vitoria de Guimaraes,3.0,2.0,post
750449,2026-02-22 18:00:00,2026,12216,3699,Estoril,Gil Vicente,3.0,1.0,post
750447,2026-02-22 20:30:00,2026,437,3822,Porto,Rio Ave,1.0,0.0,post
750446,2026-02-23 20:15:00,2026,12698,21581,Famalicao,Casa Pia,2.0,0.0,post
750457,2026-02-27 18:45:00,2026,437,15784,Porto,Arouca,3.0,1.0,post
750459,2026-02-27 20:45:00,2026,2250,12216,Sporting CP,Estoril,3.0,0.0,post
750453,2026-02-28 15:30:00,2026,22064,21610,AVS,Estrela,0.0,0.0,post
750454,2026-02-28 18:00:00,2026,3472,2994,Nacional,Braga,1.0,2.0,post
750456,2026-02-28 20:30:00,2026,5309,21613,Vitoria de Guimaraes,Alverca,1.0,1.0,post
750460,2026-03-01 15:30:00,2026,12706,12215,Tondela,Santa Clara,2.0,2.0,post
750455,2026-03-01 18:00:00,2026,21581,3696,Casa Pia,Moreirense,1.0,1.0,post
750458,2026-03-01 20:30:00,2026,3822,12698,Rio Ave,Famalicao,0.0,0.0,post
750461,2026-03-02 20:15:00,2026,3699,1929,Gil Vicente,Benfica,1.0,2.0,post
750466,2026-03-06 20:15:00,2026,12698,15784,Famalicao,Arouca,1.0,0.0,post
750462,2026-03-07 15:30:00,2026,21613,22064,Alverca,AVS,0.0,0.0,post
750467,2026-03-07 15:30:00,2026,3696,3472,Moreirense,Nacional,1.0,1.0,post
750469,2026-03-07 18:00:00,2026,2994,2250,Braga,Sporting CP,2.0,2.0,post
750464,2026-03-07 20:30:00,2026,12216,21581,Estoril,Casa Pia,0.0,0.0,post
750465,2026-03-08 15:30:00,2026,21610,3699,Estrela,Gil Vicente,2.0,2.0,post
750463,2026-03-08 18:00:00,2026,1929,437,Benfica,Porto,2.0,2.0,post
750468,2026-03-08 20:30:00,2026,12215,5309,Santa Clara,Vitoria de Guimaraes,2.0,0.0,post
750470,2026-03-09 20:15:00,2026,12706,3822,Tondela,Rio Ave,0.0,1.0,post
750479,2026-03-14 15:30:00,2026,5309,12698,Vitoria de Guimaraes,Famalicao,1.0,2.0,post
750476,2026-03-14 18:00:00,2026,3699,21613,Gil Vicente,Alverca,2.0,2.0,post
750472,2026-03-14 20:30:00,2026,15784,1929,Arouca,Benfica,1.0,2.0,post
750471,2026-03-15 15:30:00,2026,22064,12215,AVS,Santa Clara,0.0,1.0,post
750473,2026-03-15 15:30:00,2026,3472,12216,Nacional,Estoril,0.0,1.0,post
750477,2026-03-15 18:00:00,2026,3822,21610,Rio Ave,Estrela,2.0,1.0,post
750475,2026-03-15 20:30:00,2026,437,3696,Porto,Moreirense,3.0,0.0,post
750483,2026-03-20 20:15:00,2026,21610,21581,Estrela,Casa Pia,4.0,0.0,post
750484,2026-03-21 15:30:00,2026,12698,3472,Famalicao,Nacional,1.0,0.0,post
750485,2026-03-21 15:30:00,2026,3696,15784,Moreirense,Arouca,0.0,1.0,post
750481,2026-03-21 18:00:00,2026,1929,5309,Benfica,Vitoria de Guimaraes,3.0,0.0,post
750486,2026-03-21 18:00:00,2026,12215,3699,Santa Clara,Gil Vicente,1.0,0.0,post
750488,2026-03-21 20:30:00,2026,12706,22064,Tondela,AVS,0.0,0.0,post
750482,2026-03-22 15:30:00,2026,12216,3822,Estoril,Rio Ave,1.0,2.0,post
750480,2026-03-22 18:00:00,2026,21613,2250,Alverca,Sporting CP,1.0,4.0,post
750487,2026-03-22 20:30:00,2026,2994,437,Braga,Porto,1.0,2.0,post
750494,2026-04-03 15:30:00,2026,3699,22064,Gil Vicente,AVS,3.0,0.0,post
750497,2026-04-03 18:00:00,2026,5309,12706,Vitoria de Guimaraes,Tondela,5.0,0.0,post
750495,2026-04-03 20:30:00,2026,2250,12215,Sporting CP,Santa Clara,4.0,2.0,post
750490,2026-04-04 15:30:00,2026,3472,21610,Nacional,Estrela,2.0,0.0,post
750493,2026-04-04 18:00:00,2026,3696,2994,Moreirense,Braga,0.0,1.0,post
750496,2026-04-04 18:00:00,2026,3822,21613,Rio Ave,Alverca,1.0,2.0,post
750492,2026-04-04 20:30:00,2026,437,12698,Porto,Famalicao,2.0,2.0,post
750489,2026-04-06 18:45:00,2026,15784,12216,Arouca,Estoril,3.0,2.0,post
750491,2026-04-06 20:45:00,2026,21581,1929,Casa Pia,Benfica,1.0,1.0,post
750506,2026-04-10 20:45:00,2026,12698,3696,Famalicao,Moreirense,1.0,1.0,post
750502,2026-04-11 15:30:00,2026,22064,5309,AVS,Vitoria de Guimaraes,1.0,1.0,post
750505,2026-04-11 18:00:00,2026,12215,3822,Santa Clara,Rio Ave,0.0,2.0,post
750498,2026-04-11 20:30:00,2026,21610,2250,Estrela,Sporting CP,0.0,1.0,post
750503,2026-04-12 15:30:00,2026,21613,21581,Alverca,Casa Pia,3.0,1.0,post
750500,2026-04-12 18:00:00,2026,1929,3472,Benfica,Nacional,2.0,0.0,post
750504,2026-04-12 18:00:00,2026,2994,15784,Braga,Arouca,1.0,0.0,post
750499,2026-04-12 20:30:00,2026,12216,437,Estoril,Porto,1.0,3.0,post
750501,2026-04-13 20:15:00,2026,12706,3699,Tondela,Gil Vicente,2.0,2.0,post
750514,2026-04-17 20:45:00,2026,3822,22064,Rio Ave,AVS,2.0,2.0,post
750509,2026-04-18 15:30:00,2026,3472,21613,Nacional,Alverca,1.0,0.0,post
750515,2026-04-18 18:00:00,2026,21581,12215,Casa Pia,Santa Clara,0.0,0.0,post
750507,2026-04-18 20:30:00,2026,3699,5309,Gil Vicente,Vitoria de Guimaraes,0.0,1.0,post
750508,2026-04-19 15:30:00,2026,15784,21610,Arouca,Estrela,1.0,0.0,post
750512,2026-04-19 18:15:00,2026,2250,1929,Sporting CP,Benfica,1.0,2.0,post
750513,2026-04-19 20:30:00,2026,2994,12698,Braga,Famalicao,2.0,2.0,post
750510,2026-04-19 20:30:00,2026,437,12706,Porto,Tondela,2.0,0.0,post
750511,2026-04-20 20:15:00,2026,3696,12216,Moreirense,Estoril,1.0,0.0,post
750474,2026-04-23 19:00:00,2026,21581,2994,Casa Pia,Braga,0.0,1.0,post
750520,2026-04-24 20:15:00,2026,21613,15784,Alverca,Arouca,2.0,1.0,post
750516,2026-04-25 15:30:00,2026,12706,3472,Tondela,Nacional,0.0,2.0,post
750521,2026-04-25 18:00:00,2026,1929,3696,Benfica,Moreirense,4.0,1.0,post
750523,2026-04-25 20:30:00,2026,5309,3822,Vitoria de Guimaraes,Rio Ave,2.0,0.0,post
750524,2026-04-26 15:30:00,2026,12216,12698,Estoril,Famalicao,0.0,1.0,post
750519,2026-04-26 18:00:00,2026,21610,437,Estrela,Porto,1.0,2.0,post
750517,2026-04-26 18:00:00,2026,12215,2994,Santa Clara,Braga,2.0,1.0,post
750522,2026-04-26 20:30:00,2026,22064,2250,AVS,Sporting CP,1.0,1.0,post
750518,2026-04-27 20:15:00,2026,3699,21581,Gil Vicente,Casa Pia,2.0,1.0,post
750478,2026-04-29 20:15:00,2026,2250,12706,Sporting CP,Tondela,2.0,2.0,post
750525,2026-05-02 15:30:00,2026,15784,12215,Arouca,Santa Clara,2.0,2.0,post
750526,2026-05-02 15:30:00,2026,3472,22064,Nacional,AVS,1.0,2.0,post
750529,2026-05-02 15:30:00,2026,3696,21610,Moreirense,Estrela,3.0,2.0,post
750533,2026-05-02 18:00:00,2026,12698,1929,Famalicao,Benfica,2.0,2.0,post
750528,2026-05-02 20:30:00,2026,437,21613,Porto,Alverca,1.0,0.0,post
750527,2026-05-03 15:30:00,2026,21581,12706,Casa Pia,Tondela,0.0,1.0,post
750531,2026-05-03 18:00:00,2026,2994,12216,Braga,Estoril,1.0,1.0,post
750532,2026-05-03 20:30:00,2026,3822,3699,Rio Ave,Gil Vicente,0.0,0.0,post
750530,2026-05-04 20:15:00,2026,2250,5309,Sporting CP,Vitoria de Guimaraes,5.0,1.0,post
750537,2026-05-10 18:00:00,2026,22064,437,AVS,Porto,3.0,1.0,post
750536,2026-05-10 20:30:00,2026,21613,12216,Alverca,Estoril,1.0,1.0,post
750539,2026-05-11 20:15:00,2026,1929,2994,Benfica,Braga,2.0,2.0,post
750540,2026-05-11 20:15:00,2026,21610,12698,Estrela,Famalicao,0.0,0.0,post
750541,2026-05-11 20:15:00,2026,3699,15784,Gil Vicente,Arouca,1.0,3.0,post
750542,2026-05-11 20:15:00,2026,3822,2250,Rio Ave,Sporting CP,1.0,4.0,post
750538,2026-05-11 20:15:00,2026,12215,3472,Santa Clara,Nacional,2.0,0.0,post
750534,2026-05-11 20:15:00,2026,12706,3696,Tondela,Moreirense,2.0,0.0,post
750535,2026-05-11 20:15:00,2026,5309,21581,Vitoria de Guimaraes,Casa Pia,0.0,1.0,post
750544,2026-05-16 15:30:00,2026,437,12215,Porto,Santa Clara,1.0,0.0,post
750546,2026-05-16 15:30:00,2026,3696,22064,Moreirense,AVS,0.0,0.0,post
750551,2026-05-16 18:00:00,2026,3472,5309,Nacional,Vitoria de Guimaraes,2.0,0.0,post
750548,2026-05-16 18:00:00,2026,21581,3822,Casa Pia,Rio Ave,1.0,1.0,post
750543,2026-05-16 18:00:00,2026,15784,12706,Arouca,Tondela,3.0,1.0,post
750547,2026-05-16 18:00:00,2026,2994,21610,Braga,Estrela,2.0,2.0,post
750549,2026-05-16 20:30:00,2026,12216,1929,Estoril,Benfica,1.0,3.0,post
750545,2026-05-16 20:30:00,2026,12698,21613,Famalicao,Alverca,1.0,0.0,post
750550,2026-05-16 20:30:00,2026,2250,3699,Sporting CP,Gil Vicente,3.0,0.0,post
401885491,2026-08-07 20:15:00,2026,12216,12698,Estoril,Famalicao,1.0,1.0,post
401885489,2026-08-08 15:30:00,2026,552,21581,Maritimo,Casa Pia,1.0,0.0,post
401885484,2026-08-08 18:00:00,2026,5309,15784,Vitoria de Guimaraes,Arouca,0.0,1.0,post
401885492,2026-08-08 20:30:00,2026,21610,2250,Estrela,Sporting CP,2.0,2.0,post
401885487,2026-08-09 18:00:00,2026,437,21613,Porto,Alverca,2.0,0.0,post
401885485,2026-08-09 20:30:00,2026,1929,21607,Benfica,Académico de Viseu,2.0,2.0,post
401885490,2026-08-09 20:30:00,2026,3699,3822,Gil Vicente,Rio Ave,1.0,0.0,post
401885488,2026-08-09 20:30:00,2026,3696,2994,Moreirense,Braga,2.0,2.0,post
401885486,2026-08-10 20:15:00,2026,12215,3472,Santa Clara,Nacional,2.0,2.0,post
401885475,2026-08-14 20:15:00,2026,2250,5309,Sporting CP,Vitoria de Guimaraes,3.0,2.0,post
401885482,2026-08-15 15:30:00,2026,21613,21610,Alverca,Estrela,2.0,2.0,post
401885483,2026-08-15 18:00:00,2026,21607,12215,Académico de Viseu,Santa Clara,0.0,1.0,post
401885476,2026-08-15 20:30:00,2026,3822,437,Rio Ave,Porto,0.0,2.0,post
401885477,2026-08-16 15:30:00,2026,3472,12216,Nacional,Estoril,2.0,0.0,post
401885481,2026-08-16 18:00:00,2026,15784,3696,Arouca,Moreirense,4.0,0.0,post
401885478,2026-08-16 20:30:00,2026,12698,552,Famalicao,Maritimo,1.0,2.0,post
401885479,2026-08-17 20:15:00,2026,21581,1929,Casa Pia,Benfica,0.0,7.0,post
401885471,2026-08-22 15:30:00,2026,552,21607,Maritimo,Académico de Viseu,2.0,2.0,post
401885473,2026-08-22 18:00:00,2026,12216,3822,Estoril,Rio Ave,0.0,2.0,post
401885467,2026-08-22 20:30:00,2026,2250,21613,Sporting CP,Alverca,3.0,1.0,post
401885466,2026-08-23 15:30:00,2026,5309,3472,Vitoria de Guimaraes,Nacional,1.0,0.0,post
401885468,2026-08-23 18:00:00,2026,12215,12698,Santa Clara,Famalicao,1.0,0.0,post
401885469,2026-08-23 20:30:00,2026,437,15784,Porto,Arouca,2.0,0.0,post
401885472,2026-08-24 20:15:00,2026,3699,21581,Gil Vicente,Casa Pia,2.0,0.0,post
401885458,2026-08-28 20:15:00,2026,3822,2250,Rio Ave,Sporting CP,0.0,4.0,post
401885463,2026-08-29 15:30:00,2026,15784,552,Arouca,Maritimo,2.0,1.0,post
401885464,2026-08-29 15:30:00,2026,21613,12215,Alverca,Santa Clara,1.0,1.0,post
401885465,2026-08-29 18:00:00,2026,21607,437,Académico de Viseu,Porto,0.0,3.0,post
401885459,2026-08-30 15:30:00,2026,3472,21610,Nacional,Estrela,2.0,3.0,post
401885461,2026-08-30 18:00:00,2026,21581,3696,Casa Pia,Moreirense,0.0,1.0,post
401885460,2026-08-30 20:30:00,2026,12698,3699,Famalicao,Gil Vicente,0.0,0.0,post
401885457,2026-08-31 20:15:00,2026,1929,12216,Benfica,Estoril,2.0,1.0,post
401885462,2026-08-31 20:15:00,2026,2994,5309,Braga,Vitoria de Guimaraes,1.0,0.0,post
401885451,2026-09-04 20:15:00,2026,437,3696,Porto,Moreirense,2.0,1.0,post
401885455,2026-09-05 15:30:00,2026,21610,12698,Estrela,Famalicao,2.0,2.0,post
401885456,2026-09-05 18:00:00,2026,21613,2994,Alverca,Braga,1.0,2.0,post
401885452,2026-09-05 18:00:00,2026,552,1929,Maritimo,Benfica,0.0,3.0,post
401885449,2026-09-05 20:30:00,2026,2250,3472,Sporting CP,Nacional,2.0,0.0,post
401885450,2026-09-06 15:30:00,2026,12215,3822,Santa Clara,Rio Ave,4.0,0.0,post
401885448,2026-09-06 18:00:00,2026,5309,21581,Vitoria de Guimaraes,Casa Pia,0.0,0.0,post
401885453,2026-09-06 20:30:00,2026,3699,21607,Gil Vicente,Académico de Viseu,0.0,1.0,post
401885454,2026-09-07 20:15:00,2026,12216,15784,Estoril,Arouca,0.0,0.0,post
