local_equipo,local_foulsCommitted,local_yellowCards,local_redCards,local_offsides,local_wonCorners,local_saves,local_possessionPct,local_totalShots,local_shotsOnTarget,local_shotPct,local_penaltyKickGoals,local_penaltyKickShots,local_accuratePasses,local_totalPasses,local_passPct,local_accurateCrosses,local_totalCrosses,local_crossPct,local_totalLongBalls,local_accurateLongBalls,local_longballPct,local_blockedShots,local_effectiveTackles,local_totalTackles,local_tacklePct,local_interceptions,local_effectiveClearance,local_totalClearance,visita_equipo,visita_foulsCommitted,visita_yellowCards,visita_redCards,visita_offsides,visita_wonCorners,visita_saves,visita_possessionPct,visita_totalShots,visita_shotsOnTarget,visita_shotPct,visita_penaltyKickGoals,visita_penaltyKickShots,visita_accuratePasses,visita_totalPasses,visita_passPct,visita_accurateCrosses,visita_totalCrosses,visita_crossPct,visita_totalLongBalls,visita_accurateLongBalls,visita_longballPct,visita_blockedShots,visita_effectiveTackles,visita_totalTackles,visita_tacklePct,visita_interceptions,visita_effectiveClearance,visita_totalClearance,event_id,fecha,temporada
RKC Waalwijk,19.0,1.0,0.0,2.0,2.0,4.0,61.8,18.0,5.0,0.3,0.0,0.0,409.0,497.0,0.8,6.0,17.0,0.4,57.0,38.0,0.7,6.0,5.0,13.0,0.4,10.0,16.0,16.0,ADO Den Haag,14.0,2.0,0.0,4.0,5.0,5.0,38.2,11.0,5.0,0.5,0.0,0.0,209.0,300.0,0.7,6.0,18.0,0.3,70.0,27.0,0.4,3.0,15.0,25.0,0.6,21.0,18.0,18.0,574547,2021-01-09 15:30:00,2021
FC Emmen,13.0,0.0,0.0,2.0,2.0,2.0,52.4,8.0,1.0,0.1,0.0,0.0,420.0,554.0,0.8,2.0,16.0,0.1,100.0,46.0,0.5,2.0,11.0,17.0,0.6,15.0,12.0,12.0,FC Twente,12.0,1.0,0.0,0.0,2.0,0.0,47.6,10.0,6.0,0.6,0.0,0.0,385.0,504.0,0.8,2.0,10.0,0.2,73.0,26.0,0.4,0.0,4.0,14.0,0.3,13.0,19.0,19.0,574558,2021-01-09 17:45:00,2021
Heracles Almelo,7.0,3.0,0.0,1.0,3.0,2.0,44.1,12.0,5.0,0.4,0.0,0.0,309.0,385.0,0.8,5.0,19.0,0.3,56.0,34.0,0.6,0.0,12.0,20.0,0.6,17.0,17.0,17.0,Vitesse,13.0,1.0,0.0,2.0,7.0,5.0,55.9,12.0,4.0,0.3,0.0,0.0,410.0,497.0,0.8,3.0,18.0,0.2,59.0,34.0,0.6,3.0,13.0,23.0,0.6,14.0,12.0,12.0,574555,2021-01-09 19:00:00,2021
PEC Zwolle,8.0,1.0,0.0,2.0,3.0,3.0,38.4,5.0,2.0,0.4,0.0,0.0,265.0,345.0,0.8,3.0,15.0,0.2,78.0,37.0,0.5,0.0,12.0,19.0,0.6,16.0,32.0,32.0,AZ Alkmaar,10.0,0.0,0.0,1.0,11.0,1.0,61.6,15.0,4.0,0.3,0.0,0.0,474.0,554.0,0.9,8.0,26.0,0.3,53.0,30.0,0.6,8.0,7.0,9.0,0.8,13.0,9.0,9.0,574553,2021-01-09 19:00:00,2021
FC Utrecht,11.0,2.0,0.0,2.0,9.0,0.0,65.2,19.0,6.0,0.3,0.0,0.0,526.0,618.0,0.9,5.0,34.0,0.1,73.0,44.0,0.6,9.0,8.0,11.0,0.7,12.0,9.0,9.0,FC Groningen,6.0,1.0,0.0,0.0,2.0,4.0,34.8,7.0,2.0,0.3,0.0,0.0,245.0,335.0,0.7,2.0,12.0,0.2,73.0,23.0,0.3,2.0,10.0,21.0,0.5,20.0,34.0,34.0,574551,2021-01-09 20:00:00,2021
Sparta Rotterdam,10.0,2.0,0.0,2.0,6.0,1.0,47.5,10.0,0.0,0.0,0.0,0.0,362.0,446.0,0.8,4.0,31.0,0.1,57.0,34.0,0.6,4.0,4.0,9.0,0.4,14.0,13.0,13.0,Feyenoord Rotterdam,10.0,0.0,0.0,0.0,4.0,0.0,52.5,14.0,3.0,0.2,0.0,0.0,419.0,519.0,0.8,4.0,13.0,0.3,82.0,41.0,0.5,2.0,8.0,14.0,0.6,6.0,23.0,23.0,574549,2021-01-10 11:15:00,2021
VVV-Venlo,18.0,1.0,0.0,1.0,5.0,4.0,60.0,12.0,4.0,0.3,1.0,1.0,403.0,512.0,0.8,4.0,25.0,0.2,51.0,20.0,0.4,4.0,12.0,29.0,0.4,12.0,13.0,13.0,Willem II,10.0,2.0,0.0,4.0,2.0,2.0,40.0,17.0,5.0,0.3,0.0,0.0,235.0,348.0,0.7,3.0,8.0,0.4,73.0,36.0,0.5,4.0,11.0,18.0,0.6,11.0,17.0,17.0,574545,2021-01-10 13:30:00,2021
Heerenveen,16.0,0.0,0.0,1.0,5.0,1.0,62.8,10.0,2.0,0.2,0.0,0.0,505.0,609.0,0.8,7.0,29.0,0.2,55.0,28.0,0.5,2.0,7.0,13.0,0.5,8.0,9.0,9.0,Fortuna Sittard,12.0,0.0,0.0,0.0,4.0,1.0,37.2,9.0,4.0,0.4,0.0,0.0,262.0,367.0,0.7,3.0,14.0,0.2,85.0,36.0,0.4,1.0,7.0,10.0,0.7,10.0,20.0,20.0,574543,2021-01-10 13:30:00,2021
Ajax Amsterdam,8.0,1.0,0.0,1.0,6.0,5.0,67.1,11.0,4.0,0.4,0.0,0.0,557.0,647.0,0.9,9.0,30.0,0.3,39.0,26.0,0.7,5.0,8.0,9.0,0.9,12.0,9.0,9.0,PSV Eindhoven,8.0,1.0,0.0,3.0,6.0,2.0,32.9,7.0,7.0,1.0,0.0,0.0,220.0,319.0,0.7,1.0,10.0,0.1,59.0,22.0,0.4,0.0,16.0,29.0,0.6,14.0,26.0,26.0,574541,2021-01-10 15:45:00,2021
Vitesse,12.0,1.0,0.0,1.0,8.0,5.0,52.8,16.0,4.0,0.3,0.0,0.0,330.0,433.0,0.8,7.0,22.0,0.3,81.0,33.0,0.4,6.0,11.0,22.0,0.5,15.0,13.0,13.0,FC Utrecht,21.0,1.0,0.0,2.0,7.0,3.0,47.2,7.0,5.0,0.7,0.0,0.0,294.0,395.0,0.7,4.0,16.0,0.3,60.0,25.0,0.4,0.0,9.0,13.0,0.7,12.0,21.0,21.0,574539,2021-01-12 17:45:00,2021
Heracles Almelo,8.0,0.0,0.0,1.0,12.0,1.0,50.6,20.0,11.0,0.6,0.0,0.0,412.0,491.0,0.8,3.0,20.0,0.2,54.0,28.0,0.5,6.0,7.0,8.0,0.9,12.0,10.0,10.0,FC Emmen,13.0,2.0,0.0,2.0,4.0,7.0,49.4,8.0,1.0,0.1,0.0,0.0,385.0,485.0,0.8,2.0,11.0,0.2,63.0,32.0,0.5,2.0,13.0,19.0,0.7,10.0,26.0,26.0,574537,2021-01-12 20:00:00,2021
PSV Eindhoven,12.0,3.0,0.0,1.0,7.0,1.0,60.3,14.0,3.0,0.2,0.0,0.0,506.0,590.0,0.9,3.0,24.0,0.1,41.0,26.0,0.6,6.0,9.0,19.0,0.5,7.0,11.0,11.0,AZ Alkmaar,12.0,3.0,0.0,1.0,3.0,2.0,39.7,6.0,4.0,0.7,1.0,1.0,306.0,392.0,0.8,1.0,9.0,0.1,49.0,16.0,0.3,1.0,8.0,13.0,0.6,13.0,23.0,23.0,574534,2021-01-13 17:45:00,2021
ADO Den Haag,12.0,3.0,0.0,2.0,6.0,4.0,62.9,14.0,4.0,0.3,0.0,0.0,391.0,478.0,0.8,4.0,31.0,0.1,66.0,35.0,0.5,7.0,14.0,18.0,0.8,11.0,12.0,12.0,VVV-Venlo,12.0,3.0,0.0,1.0,1.0,3.0,37.1,15.0,8.0,0.5,2.0,2.0,213.0,291.0,0.7,3.0,11.0,0.3,51.0,23.0,0.5,3.0,10.0,16.0,0.6,16.0,39.0,39.0,574532,2021-01-13 19:00:00,2021
Fortuna Sittard,14.0,3.0,0.0,2.0,4.0,4.0,45.8,9.0,4.0,0.4,0.0,0.0,191.0,361.0,0.5,2.0,10.0,0.2,112.0,27.0,0.2,3.0,6.0,13.0,0.5,9.0,20.0,20.0,Sparta Rotterdam,12.0,0.0,0.0,1.0,5.0,4.0,54.2,20.0,5.0,0.3,0.0,0.0,263.0,417.0,0.6,8.0,20.0,0.4,103.0,50.0,0.5,7.0,8.0,12.0,0.7,11.0,27.0,27.0,574530,2021-01-13 19:00:00,2021
Feyenoord Rotterdam,6.0,0.0,0.0,1.0,10.0,2.0,58.3,21.0,4.0,0.2,0.0,0.0,502.0,579.0,0.9,7.0,33.0,0.2,69.0,45.0,0.7,6.0,16.0,21.0,0.8,15.0,16.0,16.0,PEC Zwolle,5.0,0.0,0.0,1.0,5.0,3.0,41.7,9.0,2.0,0.2,0.0,0.0,340.0,415.0,0.8,2.0,22.0,0.1,67.0,31.0,0.5,4.0,13.0,20.0,0.7,10.0,28.0,28.0,574528,2021-01-13 20:00:00,2021
Heerenveen,8.0,1.0,0.0,1.0,3.0,3.0,41.2,10.0,6.0,0.6,0.0,0.0,334.0,440.0,0.8,2.0,12.0,0.2,59.0,23.0,0.4,1.0,13.0,20.0,0.7,25.0,27.0,27.0,RKC Waalwijk,6.0,1.0,0.0,1.0,9.0,5.0,58.8,15.0,4.0,0.3,0.0,0.0,504.0,619.0,0.8,9.0,31.0,0.3,70.0,36.0,0.5,5.0,10.0,18.0,0.6,16.0,14.0,14.0,574526,2021-01-14 17:45:00,2021
FC Twente,8.0,1.0,0.0,1.0,5.0,9.0,38.4,13.0,6.0,0.5,0.0,0.0,229.0,332.0,0.7,5.0,14.0,0.4,80.0,39.0,0.5,3.0,8.0,14.0,0.6,9.0,27.0,27.0,Ajax Amsterdam,11.0,0.0,0.0,1.0,6.0,5.0,61.6,22.0,12.0,0.5,0.0,0.0,447.0,541.0,0.8,7.0,26.0,0.3,53.0,33.0,0.6,5.0,10.0,17.0,0.6,11.0,15.0,15.0,574524,2021-01-14 19:00:00,2021
Willem II,5.0,0.0,0.0,5.0,5.0,1.0,42.5,16.0,5.0,0.3,0.0,0.0,296.0,384.0,0.8,3.0,15.0,0.2,57.0,23.0,0.4,5.0,8.0,17.0,0.5,9.0,16.0,16.0,FC Groningen,10.0,1.0,0.0,1.0,5.0,4.0,57.5,11.0,4.0,0.4,0.0,0.0,436.0,522.0,0.8,5.0,22.0,0.2,78.0,45.0,0.6,1.0,11.0,21.0,0.5,13.0,24.0,24.0,574522,2021-01-14 20:00:00,2021
FC Emmen,14.0,3.0,0.0,2.0,0.0,6.0,46.8,6.0,4.0,0.7,0.0,0.0,375.0,478.0,0.8,1.0,18.0,0.1,82.0,43.0,0.5,1.0,11.0,14.0,0.8,12.0,9.0,9.0,Vitesse,12.0,3.0,0.0,0.0,1.0,3.0,53.2,15.0,10.0,0.7,0.0,0.0,450.0,553.0,0.8,3.0,11.0,0.3,71.0,33.0,0.5,3.0,8.0,11.0,0.7,7.0,13.0,13.0,574519,2021-01-16 15:30:00,2021
Sparta Rotterdam,12.0,1.0,0.0,0.0,5.0,1.0,42.2,12.0,5.0,0.4,1.0,1.0,276.0,418.0,0.7,2.0,16.0,0.1,74.0,33.0,0.4,4.0,7.0,15.0,0.5,12.0,15.0,15.0,PSV Eindhoven,7.0,0.0,0.0,2.0,3.0,2.0,57.8,11.0,7.0,0.6,0.0,0.0,460.0,581.0,0.8,1.0,10.0,0.1,68.0,34.0,0.5,2.0,8.0,12.0,0.7,10.0,17.0,17.0,574509,2021-01-16 17:45:00,2021
PEC Zwolle,12.0,0.0,0.0,3.0,5.0,5.0,57.3,9.0,2.0,0.2,0.0,0.0,384.0,495.0,0.8,3.0,17.0,0.2,77.0,38.0,0.5,4.0,10.0,11.0,0.9,15.0,22.0,22.0,Fortuna Sittard,13.0,0.0,0.0,0.0,7.0,2.0,42.7,13.0,7.0,0.5,0.0,0.0,262.0,371.0,0.7,2.0,13.0,0.2,72.0,33.0,0.5,0.0,15.0,24.0,0.6,17.0,18.0,18.0,574513,2021-01-16 19:00:00,2021
FC Utrecht,13.0,2.0,0.0,0.0,8.0,0.0,52.8,16.0,8.0,0.5,0.0,0.0,379.0,461.0,0.8,6.0,21.0,0.3,50.0,37.0,0.7,4.0,7.0,13.0,0.5,12.0,6.0,6.0,Heracles Almelo,12.0,1.0,0.0,1.0,1.0,6.0,47.2,3.0,0.0,0.0,0.0,0.0,325.0,420.0,0.8,1.0,8.0,0.1,58.0,29.0,0.5,0.0,6.0,14.0,0.4,15.0,20.0,20.0,574517,2021-01-16 19:00:00,2021
AZ Alkmaar,5.0,0.0,0.0,1.0,17.0,1.0,67.7,19.0,5.0,0.3,0.0,0.0,537.0,613.0,0.9,11.0,36.0,0.3,44.0,20.0,0.5,5.0,9.0,14.0,0.6,15.0,3.0,3.0,ADO Den Haag,6.0,0.0,0.0,2.0,0.0,3.0,32.3,3.0,2.0,0.7,0.0,0.0,204.0,300.0,0.7,1.0,5.0,0.2,82.0,33.0,0.4,0.0,7.0,12.0,0.6,9.0,41.0,41.0,574515,2021-01-16 20:00:00,2021
RKC Waalwijk,12.0,1.0,0.0,4.0,2.0,5.0,57.1,17.0,7.0,0.4,1.0,1.0,370.0,491.0,0.8,5.0,21.0,0.2,87.0,37.0,0.4,3.0,10.0,16.0,0.6,12.0,11.0,11.0,Willem II,21.0,2.0,0.0,4.0,1.0,6.0,42.9,13.0,6.0,0.5,0.0,0.0,245.0,374.0,0.7,3.0,9.0,0.3,69.0,26.0,0.4,4.0,18.0,25.0,0.7,19.0,16.0,16.0,574511,2021-01-17 11:15:00,2021
VVV-Venlo,9.0,2.0,0.0,3.0,1.0,6.0,39.1,8.0,2.0,0.3,0.0,0.0,249.0,331.0,0.8,5.0,15.0,0.3,54.0,30.0,0.6,1.0,7.0,16.0,0.4,13.0,40.0,40.0,Heerenveen,8.0,1.0,0.0,1.0,8.0,1.0,60.9,19.0,7.0,0.4,0.0,0.0,437.0,513.0,0.9,3.0,30.0,0.1,51.0,27.0,0.5,5.0,12.0,19.0,0.6,12.0,15.0,15.0,574505,2021-01-17 13:30:00,2021
FC Groningen,8.0,1.0,0.0,2.0,6.0,3.0,61.4,17.0,6.0,0.4,0.0,0.0,411.0,522.0,0.8,3.0,28.0,0.1,96.0,50.0,0.5,3.0,13.0,19.0,0.7,20.0,10.0,10.0,FC Twente,9.0,2.0,0.0,2.0,6.0,4.0,38.6,10.0,5.0,0.5,0.0,0.0,223.0,335.0,0.7,2.0,8.0,0.3,71.0,22.0,0.3,2.0,10.0,16.0,0.6,7.0,31.0,31.0,574507,2021-01-17 13:30:00,2021
Ajax Amsterdam,17.0,0.0,0.0,6.0,6.0,4.0,56.4,12.0,2.0,0.2,0.0,0.0,445.0,524.0,0.8,5.0,30.0,0.2,56.0,27.0,0.5,7.0,5.0,8.0,0.6,22.0,17.0,17.0,Feyenoord Rotterdam,13.0,0.0,0.0,4.0,3.0,1.0,43.6,9.0,4.0,0.4,0.0,0.0,334.0,415.0,0.8,2.0,12.0,0.2,58.0,34.0,0.6,1.0,4.0,11.0,0.4,13.0,29.0,29.0,574503,2021-01-17 15:45:00,2021
Willem II,11.0,1.0,1.0,2.0,5.0,3.0,40.6,9.0,4.0,0.4,0.0,0.0,255.0,360.0,0.7,5.0,12.0,0.4,73.0,31.0,0.4,3.0,12.0,22.0,0.5,14.0,19.0,19.0,PEC Zwolle,12.0,1.0,0.0,1.0,4.0,4.0,59.4,21.0,6.0,0.3,1.0,1.0,429.0,528.0,0.8,6.0,20.0,0.3,62.0,31.0,0.5,3.0,10.0,24.0,0.4,12.0,9.0,9.0,574498,2021-01-22 19:00:00,2021
ADO Den Haag,4.0,2.0,0.0,0.0,7.0,4.0,40.3,13.0,4.0,0.3,0.0,0.0,287.0,376.0,0.8,0.0,23.0,0.0,73.0,34.0,0.5,5.0,13.0,18.0,0.7,13.0,27.0,27.0,FC Emmen,6.0,0.0,0.0,1.0,4.0,4.0,59.7,13.0,4.0,0.3,0.0,0.0,483.0,575.0,0.8,4.0,23.0,0.2,76.0,41.0,0.5,6.0,8.0,11.0,0.7,13.0,28.0,28.0,574500,2021-01-23 15:30:00,2021
Vitesse,17.0,2.0,0.0,6.0,6.0,1.0,53.1,15.0,4.0,0.3,0.0,0.0,290.0,388.0,0.7,3.0,15.0,0.2,64.0,25.0,0.4,4.0,6.0,14.0,0.4,10.0,14.0,14.0,FC Groningen,19.0,2.0,0.0,1.0,3.0,3.0,46.9,4.0,1.0,0.3,0.0,0.0,246.0,337.0,0.7,6.0,19.0,0.3,74.0,34.0,0.5,1.0,6.0,11.0,0.5,13.0,16.0,16.0,574496,2021-01-23 17:45:00,2021
PSV Eindhoven,13.0,1.0,0.0,2.0,3.0,2.0,53.1,12.0,5.0,0.4,0.0,0.0,416.0,502.0,0.8,4.0,14.0,0.3,63.0,37.0,0.6,1.0,20.0,30.0,0.7,20.0,11.0,11.0,RKC Waalwijk,4.0,1.0,0.0,0.0,4.0,4.0,46.9,7.0,3.0,0.4,0.0,0.0,335.0,443.0,0.8,2.0,11.0,0.2,83.0,36.0,0.4,0.0,12.0,18.0,0.7,17.0,8.0,8.0,574494,2021-01-23 19:00:00,2021
Heracles Almelo,9.0,1.0,0.0,3.0,6.0,2.0,47.6,9.0,3.0,0.3,0.0,0.0,382.0,475.0,0.8,1.0,21.0,0.0,66.0,31.0,0.5,1.0,9.0,14.0,0.6,9.0,18.0,18.0,Heerenveen,11.0,1.0,0.0,5.0,4.0,2.0,52.4,6.0,2.0,0.3,0.0,0.0,439.0,535.0,0.8,2.0,11.0,0.2,57.0,30.0,0.5,2.0,13.0,24.0,0.5,9.0,29.0,29.0,574492,2021-01-23 20:00:00,2021
Fortuna Sittard,10.0,1.0,1.0,3.0,4.0,7.0,41.8,8.0,5.0,0.6,0.0,0.0,267.0,374.0,0.7,2.0,11.0,0.2,88.0,41.0,0.5,1.0,11.0,24.0,0.5,17.0,30.0,30.0,Ajax Amsterdam,17.0,2.0,0.0,0.0,10.0,4.0,58.2,19.0,8.0,0.4,0.0,0.0,415.0,505.0,0.8,13.0,41.0,0.3,58.0,37.0,0.6,5.0,5.0,15.0,0.3,10.0,7.0,7.0,574490,2021-01-24 11:15:00,2021
FC Utrecht,10.0,1.0,0.0,5.0,6.0,1.0,59.8,11.0,2.0,0.2,0.0,0.0,391.0,497.0,0.8,5.0,20.0,0.3,89.0,46.0,0.5,5.0,15.0,21.0,0.7,16.0,21.0,21.0,Sparta Rotterdam,8.0,1.0,0.0,1.0,5.0,1.0,40.2,11.0,1.0,0.1,0.0,0.0,219.0,331.0,0.7,3.0,15.0,0.2,84.0,30.0,0.4,4.0,11.0,21.0,0.5,14.0,22.0,22.0,574486,2021-01-24 13:30:00,2021
FC Twente,15.0,2.0,0.0,2.0,8.0,5.0,61.4,21.0,5.0,0.2,0.0,0.0,372.0,493.0,0.8,6.0,27.0,0.2,81.0,30.0,0.4,6.0,12.0,16.0,0.8,16.0,4.0,4.0,VVV-Venlo,14.0,1.0,0.0,4.0,1.0,5.0,38.6,7.0,6.0,0.9,0.0,0.0,201.0,323.0,0.6,1.0,7.0,0.1,77.0,32.0,0.4,0.0,16.0,25.0,0.6,14.0,26.0,26.0,574488,2021-01-24 13:30:00,2021
Feyenoord Rotterdam,17.0,1.0,0.0,1.0,4.0,6.0,51.5,12.0,6.0,0.5,0.0,0.0,447.0,527.0,0.8,3.0,22.0,0.1,62.0,37.0,0.6,0.0,9.0,15.0,0.6,14.0,5.0,5.0,AZ Alkmaar,8.0,0.0,0.0,2.0,4.0,4.0,48.5,13.0,8.0,0.6,0.0,1.0,426.0,514.0,0.8,1.0,7.0,0.1,58.0,22.0,0.4,1.0,9.0,15.0,0.6,12.0,17.0,17.0,574484,2021-01-24 15:45:00,2021
PEC Zwolle,13.0,1.0,0.0,4.0,6.0,3.0,64.5,10.0,4.0,0.4,0.0,0.0,484.0,583.0,0.8,4.0,15.0,0.3,60.0,25.0,0.4,2.0,10.0,17.0,0.6,9.0,11.0,11.0,Heracles Almelo,3.0,2.0,0.0,2.0,2.0,2.0,35.5,7.0,4.0,0.6,0.0,0.0,228.0,318.0,0.7,1.0,13.0,0.1,61.0,24.0,0.4,0.0,14.0,20.0,0.7,19.0,17.0,17.0,574481,2021-01-26 17:45:00,2021
FC Emmen,9.0,0.0,0.0,0.0,4.0,7.0,40.5,5.0,2.0,0.4,0.0,0.0,275.0,384.0,0.7,0.0,11.0,0.0,103.0,42.0,0.4,1.0,8.0,12.0,0.7,24.0,31.0,31.0,PSV Eindhoven,5.0,0.0,0.0,1.0,11.0,2.0,59.5,21.0,9.0,0.4,0.0,0.0,440.0,558.0,0.8,9.0,20.0,0.5,69.0,41.0,0.6,6.0,10.0,15.0,0.7,10.0,14.0,14.0,574479,2021-01-26 19:00:00,2021
FC Groningen,13.0,0.0,0.0,0.0,4.0,1.0,56.0,14.0,6.0,0.4,0.0,0.0,394.0,471.0,0.8,2.0,16.0,0.1,71.0,37.0,0.5,2.0,11.0,15.0,0.7,15.0,19.0,19.0,ADO Den Haag,14.0,2.0,0.0,2.0,5.0,3.0,44.0,7.0,1.0,0.1,0.0,0.0,286.0,367.0,0.8,3.0,18.0,0.2,56.0,24.0,0.4,3.0,10.0,20.0,0.5,12.0,18.0,18.0,574477,2021-01-26 20:00:00,2021
AZ Alkmaar,12.0,1.0,0.0,0.0,5.0,4.0,67.1,11.0,3.0,0.3,0.0,0.0,581.0,675.0,0.9,3.0,16.0,0.2,50.0,23.0,0.5,2.0,10.0,16.0,0.6,17.0,6.0,6.0,FC Utrecht,14.0,2.0,0.0,0.0,2.0,3.0,32.9,12.0,5.0,0.4,0.0,0.0,231.0,329.0,0.7,2.0,8.0,0.3,54.0,23.0,0.4,1.0,19.0,26.0,0.7,22.0,18.0,18.0,574475,2021-01-27 17:45:00,2021
RKC Waalwijk,13.0,1.0,0.0,2.0,8.0,7.0,61.6,14.0,7.0,0.5,0.0,0.0,440.0,559.0,0.8,7.0,30.0,0.2,90.0,43.0,0.5,3.0,8.0,9.0,0.9,7.0,12.0,12.0,Fortuna Sittard,8.0,1.0,0.0,1.0,5.0,5.0,38.4,15.0,9.0,0.6,0.0,0.0,247.0,357.0,0.7,3.0,11.0,0.3,77.0,30.0,0.4,2.0,8.0,13.0,0.6,12.0,27.0,27.0,574471,2021-01-27 19:00:00,2021
VVV-Venlo,15.0,1.0,0.0,1.0,5.0,4.0,34.7,11.0,6.0,0.5,0.0,0.0,153.0,239.0,0.6,6.0,14.0,0.4,70.0,23.0,0.3,2.0,8.0,11.0,0.7,12.0,39.0,39.0,Vitesse,14.0,1.0,0.0,0.0,4.0,2.0,65.3,24.0,5.0,0.2,0.0,0.0,360.0,445.0,0.8,6.0,27.0,0.2,70.0,40.0,0.6,7.0,8.0,16.0,0.5,8.0,10.0,10.0,574473,2021-01-27 19:00:00,2021
Heerenveen,11.0,1.0,0.0,5.0,6.0,2.0,46.1,15.0,6.0,0.4,0.0,0.0,392.0,476.0,0.8,5.0,13.0,0.4,46.0,26.0,0.6,6.0,15.0,25.0,0.6,11.0,26.0,26.0,Feyenoord Rotterdam,5.0,1.0,0.0,0.0,9.0,3.0,53.9,15.0,1.0,0.1,0.0,0.0,456.0,540.0,0.8,8.0,34.0,0.2,76.0,50.0,0.7,5.0,13.0,16.0,0.8,12.0,6.0,6.0,574469,2021-01-27 20:00:00,2021
Sparta Rotterdam,4.0,1.0,0.0,4.0,1.0,2.0,43.7,12.0,5.0,0.4,0.0,0.0,314.0,430.0,0.7,4.0,16.0,0.3,72.0,35.0,0.5,1.0,12.0,16.0,0.8,12.0,22.0,22.0,FC Twente,7.0,0.0,0.0,0.0,5.0,5.0,56.3,6.0,2.0,0.3,0.0,0.0,429.0,544.0,0.8,4.0,24.0,0.2,83.0,48.0,0.6,3.0,7.0,12.0,0.6,15.0,13.0,13.0,574467,2021-01-28 17:45:00,2021
Ajax Amsterdam,14.0,2.0,0.0,0.0,7.0,3.0,68.7,27.0,9.0,0.3,0.0,0.0,549.0,646.0,0.9,10.0,23.0,0.4,46.0,26.0,0.6,6.0,12.0,17.0,0.7,10.0,6.0,6.0,Willem II,6.0,0.0,0.0,0.0,2.0,6.0,31.3,7.0,4.0,0.6,0.0,0.0,194.0,299.0,0.6,0.0,3.0,0.0,76.0,26.0,0.3,1.0,8.0,16.0,0.5,15.0,26.0,26.0,574464,2021-01-28 20:00:00,2021
Heracles Almelo,14.0,0.0,0.0,3.0,5.0,3.0,42.1,8.0,3.0,0.4,0.0,0.0,241.0,352.0,0.7,4.0,13.0,0.3,76.0,25.0,0.3,1.0,11.0,21.0,0.5,13.0,29.0,29.0,FC Groningen,15.0,1.0,0.0,2.0,4.0,2.0,57.9,13.0,3.0,0.2,0.0,0.0,381.0,475.0,0.8,6.0,24.0,0.3,79.0,40.0,0.5,5.0,16.0,22.0,0.7,13.0,18.0,18.0,574462,2021-01-30 15:30:00,2021
FC Utrecht,13.0,1.0,0.0,3.0,17.0,1.0,61.5,19.0,8.0,0.4,1.0,1.0,373.0,482.0,0.8,13.0,35.0,0.4,50.0,23.0,0.5,4.0,10.0,14.0,0.7,2.0,11.0,11.0,PEC Zwolle,13.0,1.0,1.0,0.0,3.0,5.0,38.5,10.0,4.0,0.4,1.0,1.0,215.0,315.0,0.7,1.0,7.0,0.1,69.0,28.0,0.4,4.0,9.0,17.0,0.5,16.0,49.0,49.0,574460,2021-01-30 17:45:00,2021
Fortuna Sittard,16.0,2.0,0.0,0.0,2.0,1.0,41.0,9.0,7.0,0.8,1.0,1.0,250.0,352.0,0.7,4.0,10.0,0.4,90.0,35.0,0.4,0.0,12.0,16.0,0.8,11.0,13.0,13.0,VVV-Venlo,10.0,3.0,0.0,2.0,4.0,3.0,59.0,12.0,3.0,0.3,0.0,0.0,388.0,500.0,0.8,5.0,16.0,0.3,86.0,53.0,0.6,3.0,8.0,14.0,0.6,11.0,3.0,3.0,574458,2021-01-30 19:00:00,2021
Vitesse,11.0,1.0,0.0,2.0,11.0,4.0,58.5,11.0,6.0,0.5,0.0,0.0,386.0,495.0,0.8,3.0,23.0,0.1,71.0,33.0,0.5,3.0,5.0,15.0,0.3,14.0,25.0,25.0,RKC Waalwijk,11.0,2.0,0.0,2.0,5.0,5.0,41.5,11.0,5.0,0.5,0.0,0.0,242.0,352.0,0.7,4.0,20.0,0.2,80.0,36.0,0.5,1.0,9.0,15.0,0.6,14.0,28.0,28.0,574456,2021-01-30 20:00:00,2021
FC Twente,10.0,2.0,0.0,2.0,8.0,1.0,53.4,19.0,4.0,0.2,0.0,0.0,404.0,499.0,0.8,7.0,28.0,0.3,69.0,39.0,0.6,4.0,9.0,13.0,0.7,7.0,13.0,13.0,Heerenveen,7.0,1.0,0.0,1.0,5.0,4.0,46.6,4.0,1.0,0.3,0.0,0.0,336.0,441.0,0.8,1.0,15.0,0.1,52.0,23.0,0.4,3.0,9.0,17.0,0.5,13.0,29.0,29.0,574454,2021-01-31 11:15:00,2021
Feyenoord Rotterdam,12.0,1.0,0.0,1.0,0.0,5.0,39.4,6.0,5.0,0.8,0.0,0.0,294.0,381.0,0.8,0.0,4.0,0.0,51.0,20.0,0.4,1.0,14.0,22.0,0.6,21.0,33.0,33.0,PSV Eindhoven,10.0,2.0,0.0,3.0,13.0,2.0,60.6,17.0,6.0,0.4,0.0,0.0,476.0,566.0,0.8,7.0,32.0,0.2,50.0,33.0,0.7,6.0,15.0,24.0,0.6,13.0,7.0,7.0,574452,2021-01-31 13:30:00,2021
Willem II,14.0,0.0,0.0,0.0,1.0,2.0,36.2,12.0,4.0,0.3,0.0,0.0,193.0,311.0,0.6,1.0,12.0,0.1,81.0,30.0,0.4,2.0,11.0,21.0,0.5,13.0,37.0,37.0,FC Emmen,11.0,1.0,0.0,0.0,5.0,2.0,63.8,18.0,2.0,0.1,0.0,0.0,399.0,544.0,0.7,5.0,28.0,0.2,114.0,53.0,0.5,7.0,11.0,15.0,0.7,11.0,18.0,18.0,574450,2021-01-31 13:30:00,2021
AZ Alkmaar,7.0,0.0,0.0,0.0,2.0,4.0,50.3,8.0,3.0,0.4,0.0,0.0,380.0,472.0,0.8,0.0,9.0,0.0,62.0,36.0,0.6,0.0,5.0,11.0,0.5,18.0,11.0,11.0,Ajax Amsterdam,13.0,0.0,0.0,3.0,3.0,3.0,49.7,13.0,7.0,0.5,0.0,0.0,363.0,463.0,0.8,4.0,15.0,0.3,65.0,33.0,0.5,1.0,9.0,17.0,0.5,8.0,21.0,21.0,574445,2021-01-31 15:45:00,2021
ADO Den Haag,11.0,4.0,0.0,3.0,4.0,3.0,47.5,8.0,5.0,0.6,0.0,0.0,258.0,363.0,0.7,3.0,15.0,0.2,88.0,37.0,0.4,1.0,5.0,10.0,0.5,18.0,26.0,26.0,Sparta Rotterdam,17.0,1.0,0.0,2.0,3.0,4.0,52.5,12.0,4.0,0.3,0.0,0.0,289.0,405.0,0.7,3.0,13.0,0.2,77.0,29.0,0.4,2.0,6.0,9.0,0.7,7.0,21.0,21.0,574448,2021-01-31 15:45:00,2021
Fortuna Sittard,9.0,2.0,0.0,0.0,7.0,4.0,57.2,15.0,3.0,0.2,0.0,0.0,354.0,476.0,0.7,4.0,17.0,0.2,84.0,29.0,0.3,3.0,13.0,25.0,0.5,6.0,21.0,21.0,Heracles Almelo,12.0,2.0,0.0,2.0,6.0,3.0,42.8,10.0,5.0,0.5,0.0,0.0,251.0,348.0,0.7,2.0,20.0,0.1,58.0,25.0,0.4,4.0,9.0,17.0,0.5,6.0,29.0,29.0,574443,2021-02-05 19:00:00,2021
PEC Zwolle,7.0,0.0,0.0,2.0,6.0,2.0,67.1,19.0,8.0,0.4,0.0,0.0,576.0,672.0,0.9,8.0,26.0,0.3,66.0,33.0,0.5,5.0,10.0,13.0,0.8,12.0,16.0,16.0,RKC Waalwijk,11.0,0.0,0.0,2.0,1.0,7.0,32.9,7.0,3.0,0.4,0.0,0.0,224.0,327.0,0.7,0.0,15.0,0.0,66.0,21.0,0.3,1.0,13.0,25.0,0.5,12.0,25.0,25.0,574439,2021-02-06 13:00:00,2021
FC Emmen,10.0,0.0,0.0,3.0,2.0,4.0,39.8,6.0,1.0,0.2,0.0,0.0,311.0,424.0,0.7,1.0,18.0,0.1,82.0,38.0,0.5,4.0,9.0,20.0,0.5,8.0,25.0,25.0,AZ Alkmaar,8.0,1.0,0.0,1.0,8.0,1.0,60.2,16.0,5.0,0.3,0.0,0.0,533.0,646.0,0.8,6.0,23.0,0.3,63.0,30.0,0.5,5.0,4.0,12.0,0.3,11.0,19.0,19.0,574437,2021-02-06 13:00:00,2021
PSV Eindhoven,6.0,0.0,0.0,0.0,7.0,1.0,53.7,25.0,8.0,0.3,0.0,0.0,432.0,531.0,0.8,3.0,13.0,0.2,59.0,35.0,0.6,12.0,9.0,19.0,0.5,12.0,14.0,14.0,FC Twente,7.0,0.0,1.0,0.0,4.0,5.0,46.3,5.0,1.0,0.2,0.0,0.0,366.0,459.0,0.8,2.0,11.0,0.2,63.0,21.0,0.3,1.0,5.0,13.0,0.4,26.0,13.0,13.0,574441,2021-02-06 15:30:00,2021
Heerenveen,9.0,0.0,0.0,0.0,3.0,3.0,47.8,11.0,3.0,0.3,0.0,1.0,359.0,458.0,0.8,2.0,11.0,0.2,64.0,38.0,0.6,5.0,7.0,15.0,0.5,14.0,24.0,24.0,Vitesse,8.0,1.0,0.0,1.0,4.0,2.0,52.2,11.0,3.0,0.3,0.0,0.0,379.0,496.0,0.8,4.0,15.0,0.3,78.0,42.0,0.5,4.0,13.0,22.0,0.6,13.0,8.0,8.0,574435,2021-02-06 15:30:00,2021
RKC Waalwijk,9.0,0.0,0.0,2.0,8.0,2.0,47.2,20.0,6.0,0.3,0.0,0.0,317.0,444.0,0.7,5.0,24.0,0.2,81.0,32.0,0.4,5.0,5.0,16.0,0.3,10.0,14.0,14.0,FC Emmen,8.0,0.0,0.0,6.0,2.0,5.0,52.8,5.0,2.0,0.4,0.0,0.0,380.0,515.0,0.7,2.0,8.0,0.3,99.0,44.0,0.4,0.0,10.0,20.0,0.5,15.0,27.0,27.0,574410,2021-02-12 17:45:00,2021
FC Groningen,11.0,1.0,0.0,1.0,6.0,4.0,57.7,14.0,7.0,0.5,0.0,0.0,362.0,456.0,0.8,7.0,30.0,0.2,90.0,46.0,0.5,3.0,8.0,17.0,0.5,9.0,20.0,20.0,PEC Zwolle,15.0,1.0,1.0,2.0,3.0,6.0,42.3,12.0,4.0,0.3,0.0,0.0,241.0,345.0,0.7,1.0,13.0,0.1,70.0,22.0,0.3,2.0,12.0,19.0,0.6,16.0,24.0,24.0,574418,2021-02-13 11:00:00,2021
Sparta Rotterdam,9.0,2.0,0.0,4.0,3.0,1.0,47.8,16.0,6.0,0.4,0.0,0.0,228.0,374.0,0.6,2.0,9.0,0.2,90.0,28.0,0.3,2.0,5.0,10.0,0.5,17.0,15.0,15.0,Fortuna Sittard,13.0,2.0,0.0,3.0,4.0,4.0,52.2,8.0,3.0,0.4,0.0,0.0,274.0,412.0,0.7,1.0,12.0,0.1,101.0,41.0,0.4,0.0,7.0,17.0,0.4,11.0,22.0,22.0,574414,2021-02-13 13:15:00,2021
ADO Den Haag,5.0,0.0,0.0,0.0,1.0,12.0,28.2,5.0,2.0,0.4,0.0,0.0,155.0,261.0,0.6,1.0,5.0,0.2,75.0,29.0,0.4,0.0,7.0,9.0,0.8,19.0,48.0,48.0,PSV Eindhoven,11.0,1.0,0.0,2.0,17.0,0.0,71.8,35.0,15.0,0.4,0.0,1.0,547.0,657.0,0.8,8.0,37.0,0.2,75.0,40.0,0.5,9.0,14.0,21.0,0.7,6.0,10.0,10.0,574420,2021-02-13 15:30:00,2021
Heracles Almelo,11.0,1.0,0.0,0.0,5.0,1.0,45.4,14.0,2.0,0.1,0.0,0.0,329.0,434.0,0.8,5.0,23.0,0.2,89.0,47.0,0.5,5.0,12.0,22.0,0.5,16.0,13.0,13.0,Ajax Amsterdam,13.0,1.0,0.0,1.0,2.0,2.0,54.6,7.0,3.0,0.4,0.0,0.0,425.0,540.0,0.8,3.0,11.0,0.3,71.0,34.0,0.5,1.0,15.0,31.0,0.5,14.0,17.0,17.0,574407,2021-02-13 17:45:00,2021
AZ Alkmaar,10.0,1.0,0.0,2.0,8.0,3.0,48.2,15.0,9.0,0.6,1.0,1.0,337.0,446.0,0.8,6.0,22.0,0.3,63.0,27.0,0.4,1.0,14.0,23.0,0.6,13.0,13.0,13.0,Heerenveen,8.0,2.0,0.0,5.0,2.0,5.0,51.8,5.0,4.0,0.8,0.0,0.0,401.0,486.0,0.8,3.0,17.0,0.2,48.0,30.0,0.6,0.0,14.0,24.0,0.6,18.0,22.0,22.0,574416,2021-02-14 11:15:00,2021
Feyenoord Rotterdam,12.0,1.0,0.0,3.0,9.0,3.0,61.6,23.0,12.0,0.5,1.0,1.0,527.0,605.0,0.9,6.0,20.0,0.3,37.0,22.0,0.6,4.0,12.0,23.0,0.5,14.0,10.0,10.0,Willem II,8.0,1.0,0.0,2.0,4.0,7.0,38.4,6.0,3.0,0.5,0.0,0.0,292.0,373.0,0.8,3.0,12.0,0.3,70.0,38.0,0.5,2.0,8.0,15.0,0.5,20.0,23.0,23.0,574424,2021-02-14 13:30:00,2021
FC Utrecht,16.0,0.0,0.0,0.0,6.0,2.0,50.2,24.0,11.0,0.5,0.0,1.0,299.0,404.0,0.7,5.0,23.0,0.2,70.0,33.0,0.5,5.0,10.0,18.0,0.6,7.0,14.0,14.0,VVV-Venlo,7.0,0.0,0.0,3.0,3.0,8.0,49.8,10.0,3.0,0.3,1.0,1.0,297.0,408.0,0.7,0.0,13.0,0.0,73.0,27.0,0.4,2.0,9.0,20.0,0.5,25.0,22.0,22.0,574422,2021-02-14 13:30:00,2021
Vitesse,10.0,1.0,0.0,6.0,4.0,0.0,62.8,10.0,1.0,0.1,0.0,0.0,382.0,508.0,0.8,5.0,27.0,0.2,76.0,30.0,0.4,1.0,8.0,14.0,0.6,6.0,9.0,9.0,FC Twente,11.0,1.0,0.0,2.0,2.0,1.0,37.2,6.0,3.0,0.5,0.0,0.0,174.0,305.0,0.6,1.0,9.0,0.1,89.0,29.0,0.3,3.0,9.0,19.0,0.5,9.0,29.0,29.0,574412,2021-02-14 15:45:00,2021
Willem II,6.0,1.0,0.0,0.0,3.0,2.0,49.9,7.0,1.0,0.1,0.0,0.0,422.0,525.0,0.8,2.0,11.0,0.2,71.0,33.0,0.5,3.0,10.0,15.0,0.7,16.0,9.0,9.0,FC Utrecht,8.0,0.0,0.0,3.0,1.0,1.0,50.1,20.0,8.0,0.4,0.0,0.0,450.0,534.0,0.8,1.0,12.0,0.1,47.0,17.0,0.4,4.0,12.0,18.0,0.7,15.0,11.0,11.0,574395,2021-02-19 19:00:00,2021
FC Emmen,18.0,2.0,0.0,3.0,7.0,0.0,52.1,14.0,5.0,0.4,0.0,0.0,369.0,469.0,0.8,5.0,21.0,0.2,69.0,28.0,0.4,5.0,10.0,18.0,0.6,10.0,18.0,18.0,PEC Zwolle,8.0,1.0,0.0,2.0,3.0,2.0,47.9,10.0,2.0,0.2,0.0,0.0,329.0,431.0,0.8,6.0,16.0,0.4,53.0,25.0,0.5,2.0,8.0,18.0,0.4,14.0,18.0,18.0,574401,2021-02-20 17:45:00,2021
VVV-Venlo,13.0,0.0,1.0,0.0,2.0,6.0,34.6,5.0,1.0,0.2,0.0,0.0,211.0,286.0,0.7,4.0,12.0,0.3,55.0,26.0,0.5,1.0,8.0,9.0,0.9,13.0,24.0,24.0,AZ Alkmaar,9.0,1.0,0.0,2.0,12.0,0.0,65.4,20.0,10.0,0.5,0.0,0.0,453.0,531.0,0.9,6.0,26.0,0.2,44.0,22.0,0.5,4.0,8.0,15.0,0.5,10.0,13.0,13.0,574391,2021-02-20 19:00:00,2021
Fortuna Sittard,6.0,0.0,0.0,2.0,5.0,1.0,48.5,13.0,5.0,0.4,0.0,0.0,283.0,394.0,0.7,4.0,11.0,0.4,75.0,32.0,0.4,4.0,4.0,14.0,0.3,8.0,20.0,20.0,ADO Den Haag,6.0,1.0,0.0,6.0,3.0,3.0,51.5,4.0,1.0,0.3,0.0,0.0,319.0,413.0,0.8,3.0,14.0,0.2,74.0,35.0,0.5,1.0,9.0,17.0,0.5,9.0,19.0,19.0,574388,2021-02-20 20:00:00,2021
FC Twente,9.0,1.0,0.0,1.0,4.0,0.0,36.9,9.0,6.0,0.7,1.0,1.0,208.0,313.0,0.7,2.0,15.0,0.1,64.0,18.0,0.3,2.0,13.0,21.0,0.6,7.0,22.0,22.0,Feyenoord Rotterdam,9.0,2.0,0.0,3.0,3.0,3.0,63.1,10.0,2.0,0.2,1.0,1.0,460.0,538.0,0.9,4.0,18.0,0.2,46.0,31.0,0.7,1.0,9.0,18.0,0.5,13.0,16.0,16.0,574397,2021-02-21 11:15:00,2021
RKC Waalwijk,7.0,1.0,0.0,1.0,5.0,0.0,43.3,8.0,5.0,0.6,0.0,0.0,256.0,384.0,0.7,1.0,8.0,0.1,93.0,36.0,0.4,2.0,18.0,22.0,0.8,20.0,11.0,11.0,Heracles Almelo,8.0,2.0,0.0,0.0,3.0,1.0,56.7,7.0,0.0,0.0,0.0,0.0,386.0,502.0,0.8,1.0,15.0,0.1,71.0,30.0,0.4,1.0,19.0,24.0,0.8,14.0,5.0,5.0,574399,2021-02-21 13:30:00,2021
Heerenveen,11.0,0.0,0.0,2.0,6.0,1.0,55.5,8.0,2.0,0.3,0.0,0.0,341.0,450.0,0.8,4.0,13.0,0.3,85.0,39.0,0.5,3.0,6.0,13.0,0.5,5.0,21.0,21.0,FC Groningen,8.0,0.0,0.0,0.0,4.0,1.0,44.5,16.0,2.0,0.1,0.0,0.0,268.0,350.0,0.8,3.0,16.0,0.2,70.0,33.0,0.5,5.0,10.0,19.0,0.5,16.0,15.0,15.0,574393,2021-02-21 13:30:00,2021
PSV Eindhoven,19.0,2.0,0.0,1.0,1.0,2.0,57.5,22.0,15.0,0.7,0.0,0.0,509.0,616.0,0.8,1.0,7.0,0.1,66.0,27.0,0.4,4.0,5.0,12.0,0.4,20.0,6.0,6.0,Vitesse,8.0,0.0,0.0,0.0,1.0,12.0,42.5,10.0,3.0,0.3,0.0,0.0,324.0,450.0,0.7,1.0,5.0,0.2,74.0,30.0,0.4,0.0,9.0,16.0,0.6,15.0,10.0,10.0,574405,2021-02-21 15:45:00,2021
Ajax Amsterdam,4.0,0.0,0.0,6.0,3.0,2.0,65.5,16.0,7.0,0.4,0.0,0.0,653.0,745.0,0.9,5.0,16.0,0.3,43.0,31.0,0.7,2.0,9.0,13.0,0.7,13.0,7.0,7.0,Sparta Rotterdam,9.0,1.0,0.0,1.0,3.0,3.0,34.5,12.0,4.0,0.3,0.0,0.0,290.0,393.0,0.7,4.0,11.0,0.4,79.0,38.0,0.5,3.0,12.0,27.0,0.4,10.0,19.0,19.0,574403,2021-02-21 19:00:00,2021
Willem II,10.0,1.0,1.0,0.0,9.0,2.0,54.4,13.0,3.0,0.2,1.0,1.0,318.0,407.0,0.8,7.0,31.0,0.2,54.0,24.0,0.4,5.0,6.0,10.0,0.6,5.0,9.0,9.0,ADO Den Haag,7.0,0.0,1.0,0.0,1.0,2.0,45.6,8.0,3.0,0.4,1.0,1.0,259.0,357.0,0.7,3.0,9.0,0.3,65.0,23.0,0.4,2.0,8.0,12.0,0.7,4.0,20.0,20.0,574428,2021-02-24 15:30:00,2021
FC Groningen,13.0,0.0,0.0,1.0,3.0,3.0,31.1,8.0,3.0,0.4,0.0,0.0,176.0,274.0,0.6,3.0,13.0,0.2,89.0,34.0,0.4,2.0,14.0,19.0,0.7,14.0,19.0,19.0,Feyenoord Rotterdam,9.0,0.0,0.0,3.0,7.0,3.0,68.9,19.0,4.0,0.2,0.0,0.0,529.0,620.0,0.9,2.0,17.0,0.1,60.0,31.0,0.5,4.0,5.0,9.0,0.6,8.0,18.0,18.0,574433,2021-02-24 17:45:00,2021
PEC Zwolle,9.0,1.0,0.0,1.0,4.0,3.0,47.4,20.0,10.0,0.5,0.0,0.0,333.0,428.0,0.8,5.0,18.0,0.3,67.0,41.0,0.6,4.0,18.0,24.0,0.8,10.0,10.0,10.0,Heerenveen,18.0,2.0,0.0,2.0,4.0,6.0,52.6,10.0,4.0,0.4,0.0,0.0,389.0,478.0,0.8,5.0,15.0,0.3,77.0,43.0,0.6,2.0,9.0,18.0,0.5,10.0,20.0,20.0,574380,2021-02-26 19:00:00,2021
FC Utrecht,16.0,5.0,0.0,1.0,8.0,2.0,43.9,12.0,5.0,0.4,0.0,0.0,267.0,386.0,0.7,6.0,29.0,0.2,61.0,27.0,0.4,2.0,8.0,18.0,0.4,16.0,13.0,13.0,FC Emmen,14.0,4.0,0.0,0.0,4.0,5.0,56.1,13.0,4.0,0.3,0.0,0.0,401.0,516.0,0.8,4.0,16.0,0.3,73.0,27.0,0.4,7.0,13.0,22.0,0.6,11.0,47.0,47.0,574372,2021-02-27 15:30:00,2021
ADO Den Haag,11.0,2.0,0.0,0.0,6.0,0.0,54.1,10.0,2.0,0.2,0.0,0.0,408.0,493.0,0.8,6.0,25.0,0.2,72.0,38.0,0.5,2.0,10.0,13.0,0.8,8.0,8.0,8.0,RKC Waalwijk,13.0,1.0,0.0,1.0,3.0,2.0,45.9,4.0,0.0,0.0,0.0,0.0,333.0,425.0,0.8,3.0,14.0,0.2,65.0,27.0,0.4,1.0,10.0,13.0,0.8,16.0,15.0,15.0,574382,2021-02-27 17:45:00,2021
Vitesse,12.0,0.0,0.0,0.0,3.0,1.0,55.3,23.0,8.0,0.3,0.0,0.0,390.0,475.0,0.8,6.0,18.0,0.3,49.0,33.0,0.7,2.0,20.0,29.0,0.7,14.0,11.0,11.0,VVV-Venlo,14.0,0.0,0.0,3.0,2.0,4.0,44.7,5.0,2.0,0.4,1.0,1.0,309.0,396.0,0.8,0.0,4.0,0.0,58.0,24.0,0.4,1.0,3.0,8.0,0.4,9.0,22.0,22.0,574384,2021-02-27 19:00:00,2021
Heracles Almelo,9.0,0.0,0.0,2.0,3.0,1.0,41.8,9.0,6.0,0.7,0.0,0.0,261.0,374.0,0.7,1.0,10.0,0.1,81.0,32.0,0.4,0.0,12.0,21.0,0.6,30.0,10.0,10.0,FC Twente,13.0,0.0,0.0,1.0,1.0,4.0,58.2,7.0,3.0,0.4,0.0,0.0,418.0,521.0,0.8,3.0,11.0,0.3,76.0,29.0,0.4,2.0,11.0,29.0,0.4,19.0,7.0,7.0,574374,2021-02-27 20:00:00,2021
Sparta Rotterdam,12.0,1.0,1.0,0.0,3.0,2.0,56.4,13.0,2.0,0.2,0.0,0.0,363.0,482.0,0.8,7.0,23.0,0.3,66.0,29.0,0.4,5.0,10.0,15.0,0.7,14.0,15.0,15.0,Willem II,11.0,0.0,0.0,1.0,1.0,2.0,43.6,13.0,4.0,0.3,1.0,1.0,267.0,383.0,0.7,1.0,8.0,0.1,94.0,34.0,0.4,4.0,13.0,16.0,0.8,14.0,18.0,18.0,574386,2021-02-28 11:15:00,2021
PSV Eindhoven,18.0,5.0,0.0,4.0,5.0,2.0,40.7,9.0,5.0,0.6,0.0,0.0,206.0,312.0,0.7,3.0,15.0,0.2,58.0,23.0,0.4,2.0,14.0,22.0,0.6,8.0,17.0,17.0,Ajax Amsterdam,10.0,1.0,0.0,1.0,2.0,4.0,59.3,17.0,3.0,0.2,1.0,1.0,356.0,470.0,0.8,5.0,12.0,0.4,52.0,20.0,0.4,7.0,11.0,19.0,0.6,18.0,13.0,13.0,574369,2021-02-28 13:30:00,2021
FC Groningen,11.0,3.0,0.0,6.0,4.0,1.0,56.1,4.0,1.0,0.3,0.0,0.0,298.0,405.0,0.7,3.0,15.0,0.2,76.0,34.0,0.4,1.0,7.0,10.0,0.7,12.0,19.0,19.0,Fortuna Sittard,12.0,0.0,0.0,1.0,6.0,0.0,43.9,5.0,1.0,0.2,0.0,0.0,195.0,308.0,0.6,3.0,19.0,0.2,87.0,25.0,0.3,1.0,10.0,13.0,0.8,13.0,13.0,13.0,574378,2021-02-28 13:30:00,2021
AZ Alkmaar,16.0,1.0,0.0,0.0,4.0,3.0,48.1,9.0,7.0,0.8,1.0,1.0,379.0,448.0,0.8,3.0,11.0,0.3,38.0,19.0,0.5,0.0,2.0,6.0,0.3,9.0,23.0,23.0,Feyenoord Rotterdam,10.0,4.0,0.0,3.0,4.0,3.0,51.9,9.0,5.0,0.6,0.0,0.0,404.0,476.0,0.8,6.0,19.0,0.3,54.0,31.0,0.6,2.0,5.0,12.0,0.4,15.0,13.0,13.0,574376,2021-02-28 15:45:00,2021
FC Emmen,7.0,2.0,0.0,4.0,7.0,4.0,70.5,15.0,5.0,0.3,1.0,1.0,612.0,707.0,0.9,5.0,33.0,0.2,75.0,44.0,0.6,2.0,9.0,19.0,0.5,9.0,3.0,3.0,Sparta Rotterdam,15.0,1.0,0.0,1.0,2.0,4.0,29.5,14.0,5.0,0.4,0.0,0.0,202.0,302.0,0.7,4.0,9.0,0.4,74.0,38.0,0.5,4.0,11.0,17.0,0.6,10.0,31.0,31.0,574363,2021-03-05 19:00:00,2021
Feyenoord Rotterdam,9.0,0.0,0.0,1.0,11.0,0.0,66.6,21.0,10.0,0.5,0.0,0.0,615.0,691.0,0.9,8.0,25.0,0.3,43.0,28.0,0.7,4.0,6.0,13.0,0.5,17.0,6.0,6.0,VVV-Venlo,3.0,0.0,0.0,1.0,1.0,4.0,33.4,5.0,0.0,0.0,0.0,0.0,272.0,347.0,0.8,3.0,11.0,0.3,50.0,22.0,0.4,1.0,8.0,13.0,0.6,26.0,24.0,24.0,574365,2021-03-06 15:30:00,2021
FC Twente,6.0,2.0,0.0,1.0,3.0,1.0,65.8,12.0,5.0,0.4,0.0,0.0,474.0,592.0,0.8,6.0,18.0,0.3,73.0,24.0,0.3,1.0,9.0,15.0,0.6,15.0,16.0,16.0,Willem II,3.0,0.0,0.0,6.0,1.0,3.0,34.2,9.0,2.0,0.2,0.0,0.0,181.0,298.0,0.6,5.0,16.0,0.3,71.0,31.0,0.4,4.0,11.0,18.0,0.6,17.0,14.0,14.0,574367,2021-03-06 17:45:00,2021
Heerenveen,12.0,2.0,0.0,1.0,5.0,3.0,52.6,18.0,7.0,0.4,0.0,0.0,389.0,458.0,0.8,6.0,19.0,0.3,52.0,32.0,0.6,4.0,9.0,17.0,0.5,9.0,23.0,23.0,ADO Den Haag,7.0,1.0,0.0,1.0,2.0,4.0,47.4,12.0,3.0,0.3,0.0,0.0,321.0,408.0,0.8,5.0,22.0,0.2,68.0,33.0,0.5,1.0,10.0,17.0,0.6,13.0,15.0,15.0,574350,2021-03-06 19:00:00,2021
RKC Waalwijk,0.0,0.0,0.0,0.0,0.0,0.0,0.0,0.0,0.0,0.0,0.0,0.0,0.0,0.0,0.0,0.0,0.0,0.0,0.0,0.0,0.0,0.0,0.0,0.0,0.0,0.0,0.0,0.0,FC Utrecht,0.0,0.0,0.0,0.0,0.0,0.0,0.0,0.0,0.0,0.0,0.0,0.0,0.0,0.0,0.0,0.0,0.0,0.0,0.0,0.0,0.0,0.0,0.0,0.0,0.0,0.0,0.0,0.0,574357,2021-03-06 20:00:00,2021
Ajax Amsterdam,10.0,2.0,0.0,0.0,5.0,3.0,57.3,21.0,8.0,0.4,1.0,1.0,463.0,554.0,0.8,5.0,12.0,0.4,56.0,25.0,0.4,8.0,10.0,20.0,0.5,8.0,6.0,6.0,FC Groningen,8.0,1.0,0.0,0.0,3.0,4.0,42.7,9.0,4.0,0.4,0.0,0.0,325.0,407.0,0.8,4.0,10.0,0.4,70.0,27.0,0.4,3.0,14.0,25.0,0.6,14.0,15.0,15.0,574355,2021-03-07 11:15:00,2021
Heracles Almelo,5.0,0.0,0.0,4.0,7.0,1.0,56.2,18.0,8.0,0.4,0.0,0.0,481.0,562.0,0.9,6.0,28.0,0.2,52.0,33.0,0.6,6.0,18.0,26.0,0.7,9.0,12.0,12.0,PEC Zwolle,7.0,0.0,0.0,0.0,6.0,6.0,43.8,8.0,3.0,0.4,0.0,0.0,364.0,446.0,0.8,5.0,13.0,0.4,63.0,35.0,0.6,2.0,17.0,27.0,0.6,21.0,17.0,17.0,574359,2021-03-07 13:30:00,2021
Fortuna Sittard,12.0,0.0,0.0,0.0,9.0,3.0,53.2,11.0,4.0,0.4,0.0,0.0,335.0,444.0,0.8,4.0,28.0,0.1,78.0,37.0,0.5,5.0,5.0,15.0,0.3,20.0,9.0,9.0,PSV Eindhoven,10.0,2.0,0.0,1.0,1.0,3.0,46.8,12.0,6.0,0.5,0.0,0.0,292.0,409.0,0.7,3.0,6.0,0.5,65.0,29.0,0.4,1.0,9.0,17.0,0.5,19.0,25.0,25.0,574361,2021-03-07 13:30:00,2021
Vitesse,14.0,3.0,1.0,1.0,4.0,1.0,39.9,11.0,4.0,0.4,0.0,0.0,285.0,362.0,0.8,4.0,15.0,0.3,57.0,28.0,0.5,3.0,8.0,19.0,0.4,9.0,19.0,19.0,AZ Alkmaar,14.0,1.0,0.0,1.0,6.0,2.0,60.1,13.0,4.0,0.3,0.0,0.0,457.0,544.0,0.8,8.0,23.0,0.3,63.0,32.0,0.5,4.0,5.0,15.0,0.3,8.0,9.0,9.0,574353,2021-03-07 15:45:00,2021
VVV-Venlo,13.0,0.0,0.0,1.0,3.0,5.0,48.1,8.0,3.0,0.4,0.0,0.0,249.0,371.0,0.7,7.0,27.0,0.3,81.0,39.0,0.5,1.0,8.0,11.0,0.7,13.0,19.0,19.0,Sparta Rotterdam,16.0,1.0,0.0,0.0,9.0,4.0,51.9,12.0,5.0,0.4,0.0,0.0,299.0,411.0,0.7,4.0,17.0,0.2,71.0,23.0,0.3,4.0,11.0,18.0,0.6,12.0,27.0,27.0,574426,2021-03-09 17:45:00,2021
Willem II,5.0,0.0,0.0,2.0,5.0,2.0,29.7,17.0,8.0,0.5,0.0,0.0,183.0,293.0,0.6,8.0,21.0,0.4,72.0,21.0,0.3,3.0,16.0,26.0,0.6,14.0,27.0,27.0,Heerenveen,3.0,1.0,0.0,2.0,6.0,5.0,70.3,13.0,4.0,0.3,0.0,0.0,609.0,718.0,0.8,8.0,26.0,0.3,60.0,27.0,0.5,4.0,6.0,12.0,0.5,7.0,15.0,15.0,574342,2021-03-13 15:30:00,2021
ADO Den Haag,17.0,6.0,0.0,3.0,5.0,2.0,52.5,9.0,2.0,0.2,0.0,0.0,265.0,370.0,0.7,5.0,21.0,0.2,55.0,27.0,0.5,2.0,11.0,22.0,0.5,6.0,20.0,20.0,Heracles Almelo,11.0,1.0,0.0,5.0,4.0,1.0,47.5,10.0,4.0,0.4,0.0,0.0,244.0,346.0,0.7,1.0,12.0,0.1,52.0,13.0,0.3,5.0,21.0,34.0,0.6,16.0,26.0,26.0,574344,2021-03-13 17:45:00,2021
AZ Alkmaar,8.0,1.0,0.0,3.0,2.0,4.0,61.5,10.0,3.0,0.3,0.0,0.0,547.0,625.0,0.9,4.0,13.0,0.3,47.0,27.0,0.6,3.0,3.0,4.0,0.8,8.0,10.0,10.0,FC Twente,11.0,2.0,0.0,1.0,3.0,1.0,38.5,11.0,4.0,0.4,0.0,0.0,296.0,386.0,0.8,4.0,13.0,0.3,61.0,21.0,0.3,3.0,8.0,14.0,0.6,13.0,8.0,8.0,574336,2021-03-13 19:00:00,2021
FC Groningen,12.0,1.0,0.0,1.0,3.0,3.0,47.2,8.0,3.0,0.4,0.0,0.0,309.0,404.0,0.8,2.0,19.0,0.1,76.0,28.0,0.4,1.0,7.0,11.0,0.6,12.0,21.0,21.0,FC Emmen,10.0,1.0,0.0,2.0,4.0,2.0,52.8,15.0,4.0,0.3,0.0,0.0,334.0,454.0,0.7,4.0,13.0,0.3,84.0,33.0,0.4,4.0,10.0,15.0,0.7,7.0,18.0,18.0,574334,2021-03-13 19:00:00,2021
Sparta Rotterdam,12.0,0.0,0.0,4.0,5.0,0.0,44.4,16.0,3.0,0.2,0.0,0.0,326.0,427.0,0.8,10.0,22.0,0.5,61.0,27.0,0.4,7.0,12.0,25.0,0.5,18.0,12.0,12.0,RKC Waalwijk,8.0,0.0,0.0,2.0,1.0,1.0,55.6,4.0,0.0,0.0,0.0,0.0,439.0,551.0,0.8,0.0,9.0,0.0,80.0,34.0,0.4,1.0,5.0,10.0,0.5,11.0,13.0,13.0,574346,2021-03-13 20:00:00,2021
VVV-Venlo,13.0,3.0,0.0,4.0,0.0,2.0,54.1,8.0,3.0,0.4,0.0,0.0,316.0,460.0,0.7,4.0,14.0,0.3,78.0,34.0,0.4,1.0,9.0,14.0,0.6,15.0,7.0,7.0,Fortuna Sittard,12.0,1.0,0.0,2.0,0.0,2.0,45.9,10.0,5.0,0.5,0.0,0.0,261.0,391.0,0.7,0.0,11.0,0.0,90.0,31.0,0.3,1.0,11.0,20.0,0.6,12.0,13.0,13.0,574340,2021-03-14 11:15:00,2021
PSV Eindhoven,6.0,1.0,0.0,4.0,5.0,2.0,62.1,12.0,7.0,0.6,0.0,0.0,606.0,688.0,0.9,2.0,12.0,0.2,41.0,22.0,0.5,3.0,3.0,5.0,0.6,18.0,12.0,12.0,Feyenoord Rotterdam,13.0,3.0,0.0,1.0,2.0,5.0,37.9,10.0,3.0,0.3,0.0,0.0,329.0,411.0,0.8,3.0,10.0,0.3,58.0,27.0,0.5,2.0,7.0,16.0,0.4,12.0,18.0,18.0,574338,2021-03-14 13:30:00,2021
FC Utrecht,15.0,4.0,0.0,1.0,9.0,1.0,44.6,15.0,3.0,0.2,0.0,0.0,220.0,329.0,0.7,4.0,29.0,0.1,66.0,35.0,0.5,4.0,14.0,17.0,0.8,15.0,10.0,10.0,Vitesse,11.0,4.0,1.0,1.0,2.0,2.0,55.4,10.0,5.0,0.5,1.0,1.0,325.0,437.0,0.7,6.0,11.0,0.5,74.0,32.0,0.4,2.0,13.0,19.0,0.7,11.0,29.0,29.0,574348,2021-03-14 13:30:00,2021
PEC Zwolle,9.0,1.0,0.0,0.0,2.0,4.0,31.7,1.0,1.0,1.0,0.0,0.0,205.0,304.0,0.7,0.0,13.0,0.0,65.0,14.0,0.2,0.0,10.0,20.0,0.5,17.0,22.0,22.0,Ajax Amsterdam,12.0,1.0,0.0,1.0,7.0,1.0,68.3,21.0,6.0,0.3,0.0,0.0,581.0,671.0,0.9,6.0,24.0,0.3,43.0,27.0,0.6,8.0,11.0,22.0,0.5,15.0,12.0,12.0,574331,2021-03-14 15:45:00,2021
Heerenveen,2.0,1.0,0.0,3.0,1.0,0.0,50.1,11.0,4.0,0.4,0.0,0.0,453.0,551.0,0.8,3.0,15.0,0.2,63.0,38.0,0.6,3.0,9.0,14.0,0.6,8.0,15.0,15.0,FC Twente,9.0,1.0,0.0,1.0,3.0,4.0,49.9,13.0,1.0,0.1,0.0,0.0,440.0,537.0,0.8,9.0,22.0,0.4,68.0,34.0,0.5,2.0,6.0,12.0,0.5,19.0,11.0,11.0,574319,2021-03-19 19:00:00,2021
Fortuna Sittard,11.0,0.0,0.0,2.0,5.0,4.0,54.7,9.0,1.0,0.1,0.0,0.0,406.0,533.0,0.8,4.0,9.0,0.4,70.0,23.0,0.3,5.0,6.0,11.0,0.5,14.0,32.0,32.0,FC Utrecht,7.0,0.0,0.0,4.0,5.0,1.0,45.3,16.0,8.0,0.5,0.0,0.0,313.0,432.0,0.7,5.0,20.0,0.3,64.0,21.0,0.3,5.0,3.0,9.0,0.3,16.0,16.0,16.0,574321,2021-03-20 15:30:00,2021
Feyenoord Rotterdam,8.0,1.0,0.0,0.0,6.0,4.0,53.7,19.0,6.0,0.3,0.0,0.0,535.0,602.0,0.9,4.0,19.0,0.2,55.0,37.0,0.7,5.0,6.0,13.0,0.5,12.0,10.0,10.0,FC Emmen,10.0,1.0,0.0,0.0,3.0,4.0,46.3,10.0,5.0,0.5,1.0,1.0,440.0,523.0,0.8,2.0,11.0,0.2,60.0,25.0,0.4,1.0,11.0,20.0,0.6,12.0,16.0,16.0,574314,2021-03-20 19:00:00,2021
RKC Waalwijk,10.0,1.0,0.0,3.0,3.0,5.0,36.6,17.0,10.0,0.6,0.0,0.0,186.0,273.0,0.7,6.0,15.0,0.4,76.0,25.0,0.3,1.0,9.0,20.0,0.5,15.0,27.0,27.0,FC Groningen,15.0,2.0,0.0,3.0,5.0,7.0,63.4,19.0,6.0,0.3,0.0,0.0,379.0,471.0,0.8,4.0,24.0,0.2,62.0,35.0,0.6,5.0,8.0,10.0,0.8,10.0,15.0,15.0,574317,2021-03-20 20:00:00,2021
PEC Zwolle,14.0,1.0,0.0,1.0,11.0,3.0,61.4,19.0,5.0,0.3,1.0,1.0,392.0,467.0,0.8,4.0,28.0,0.1,61.0,34.0,0.6,8.0,6.0,16.0,0.4,10.0,14.0,14.0,VVV-Venlo,10.0,1.0,0.0,2.0,5.0,3.0,38.6,12.0,4.0,0.3,0.0,0.0,209.0,299.0,0.7,3.0,12.0,0.3,75.0,43.0,0.6,4.0,12.0,17.0,0.7,11.0,24.0,24.0,574327,2021-03-21 11:15:00,2021
AZ Alkmaar,14.0,0.0,0.0,0.0,2.0,4.0,48.4,9.0,5.0,0.6,0.0,0.0,421.0,526.0,0.8,1.0,5.0,0.2,64.0,22.0,0.3,4.0,12.0,25.0,0.5,19.0,19.0,19.0,PSV Eindhoven,11.0,1.0,0.0,3.0,10.0,3.0,51.6,15.0,4.0,0.3,0.0,0.0,453.0,552.0,0.8,5.0,24.0,0.2,47.0,18.0,0.4,5.0,12.0,22.0,0.5,12.0,10.0,10.0,574323,2021-03-21 13:30:00,2021
Vitesse,16.0,2.0,0.0,1.0,5.0,4.0,69.5,12.0,4.0,0.3,0.0,0.0,529.0,642.0,0.8,5.0,24.0,0.2,51.0,31.0,0.6,4.0,10.0,22.0,0.5,11.0,8.0,8.0,Willem II,11.0,1.0,0.0,1.0,2.0,4.0,30.5,10.0,4.0,0.4,0.0,0.0,171.0,274.0,0.6,3.0,18.0,0.2,68.0,30.0,0.4,2.0,11.0,15.0,0.7,19.0,24.0,24.0,574329,2021-03-21 13:30:00,2021
Heracles Almelo,13.0,1.0,0.0,2.0,2.0,3.0,54.3,7.0,1.0,0.1,0.0,0.0,415.0,502.0,0.8,2.0,15.0,0.1,49.0,28.0,0.6,2.0,16.0,23.0,0.7,10.0,17.0,17.0,Sparta Rotterdam,10.0,1.0,0.0,0.0,6.0,0.0,45.7,13.0,4.0,0.3,0.0,0.0,318.0,420.0,0.8,2.0,14.0,0.1,74.0,39.0,0.5,5.0,21.0,36.0,0.6,6.0,20.0,20.0,574325,2021-03-21 15:45:00,2021
Ajax Amsterdam,11.0,0.0,0.0,0.0,6.0,0.0,73.8,18.0,10.0,0.6,0.0,0.0,734.0,821.0,0.9,5.0,16.0,0.3,34.0,23.0,0.7,4.0,6.0,14.0,0.4,11.0,4.0,4.0,ADO Den Haag,7.0,0.0,0.0,1.0,3.0,4.0,26.2,2.0,0.0,0.0,0.0,0.0,201.0,288.0,0.7,0.0,6.0,0.0,50.0,19.0,0.4,2.0,5.0,20.0,0.3,19.0,21.0,21.0,574312,2021-03-21 19:00:00,2021
VVV-Venlo,11.0,0.0,0.0,3.0,3.0,2.0,67.1,9.0,2.0,0.2,0.0,0.0,436.0,533.0,0.8,4.0,21.0,0.2,63.0,33.0,0.5,3.0,12.0,17.0,0.7,9.0,16.0,16.0,FC Groningen,10.0,1.0,1.0,1.0,0.0,2.0,32.9,8.0,3.0,0.4,0.0,0.0,171.0,262.0,0.7,0.0,11.0,0.0,84.0,32.0,0.4,1.0,7.0,18.0,0.4,12.0,17.0,17.0,574298,2021-04-03 16:45:00,2021
FC Twente,26.0,2.0,0.0,1.0,1.0,4.0,33.0,2.0,1.0,0.5,1.0,1.0,186.0,301.0,0.6,1.0,8.0,0.1,70.0,16.0,0.2,0.0,8.0,16.0,0.5,11.0,24.0,24.0,Vitesse,12.0,1.0,0.0,3.0,5.0,0.0,67.0,20.0,6.0,0.3,2.0,2.0,515.0,614.0,0.8,3.0,16.0,0.2,87.0,57.0,0.7,4.0,3.0,5.0,0.6,17.0,8.0,8.0,574310,2021-04-03 18:00:00,2021
Willem II,11.0,2.0,0.0,4.0,6.0,1.0,43.6,12.0,2.0,0.2,0.0,0.0,292.0,374.0,0.8,5.0,27.0,0.2,63.0,26.0,0.4,4.0,6.0,17.0,0.4,8.0,12.0,12.0,AZ Alkmaar,6.0,1.0,1.0,1.0,2.0,2.0,56.4,5.0,2.0,0.4,0.0,0.0,420.0,502.0,0.8,1.0,10.0,0.1,55.0,27.0,0.5,2.0,7.0,13.0,0.5,8.0,28.0,28.0,574293,2021-04-03 18:00:00,2021
Sparta Rotterdam,12.0,1.0,0.0,0.0,4.0,4.0,43.4,18.0,5.0,0.3,1.0,1.0,326.0,409.0,0.8,6.0,13.0,0.5,69.0,28.0,0.4,6.0,12.0,21.0,0.6,13.0,10.0,10.0,PEC Zwolle,12.0,1.0,0.0,1.0,11.0,2.0,56.6,18.0,6.0,0.3,0.0,0.0,456.0,535.0,0.9,15.0,25.0,0.6,66.0,38.0,0.6,2.0,6.0,10.0,0.6,7.0,11.0,11.0,574306,2021-04-03 19:00:00,2021
Feyenoord Rotterdam,10.0,0.0,0.0,1.0,4.0,3.0,55.6,18.0,7.0,0.4,0.0,0.0,495.0,576.0,0.9,5.0,17.0,0.3,57.0,27.0,0.5,5.0,9.0,15.0,0.6,19.0,8.0,8.0,Fortuna Sittard,9.0,0.0,0.0,1.0,2.0,5.0,44.4,8.0,3.0,0.4,0.0,0.0,374.0,457.0,0.8,3.0,13.0,0.2,60.0,29.0,0.5,1.0,10.0,17.0,0.6,15.0,21.0,21.0,574302,2021-04-04 10:15:00,2021
PSV Eindhoven,6.0,1.0,0.0,1.0,3.0,2.0,59.3,14.0,7.0,0.5,0.0,0.0,563.0,642.0,0.9,4.0,12.0,0.3,63.0,38.0,0.6,3.0,13.0,21.0,0.6,11.0,7.0,7.0,Heracles Almelo,16.0,2.0,0.0,0.0,3.0,4.0,40.7,5.0,2.0,0.4,0.0,0.0,351.0,438.0,0.8,2.0,7.0,0.3,54.0,30.0,0.6,0.0,12.0,19.0,0.6,11.0,10.0,10.0,574304,2021-04-04 12:30:00,2021
ADO Den Haag,14.0,2.0,0.0,0.0,4.0,4.0,44.9,8.0,1.0,0.1,0.0,0.0,297.0,389.0,0.8,4.0,19.0,0.2,70.0,35.0,0.5,2.0,9.0,15.0,0.6,16.0,13.0,13.0,FC Utrecht,14.0,0.0,0.0,1.0,2.0,0.0,55.1,22.0,8.0,0.4,0.0,0.0,405.0,489.0,0.8,6.0,18.0,0.3,47.0,27.0,0.6,4.0,10.0,16.0,0.6,16.0,10.0,10.0,574300,2021-04-04 12:30:00,2021
FC Emmen,11.0,1.0,0.0,2.0,3.0,1.0,54.1,18.0,11.0,0.6,0.0,1.0,411.0,493.0,0.8,6.0,16.0,0.4,54.0,22.0,0.4,3.0,9.0,14.0,0.6,11.0,16.0,16.0,RKC Waalwijk,18.0,2.0,0.0,1.0,6.0,8.0,45.9,6.0,2.0,0.3,0.0,0.0,340.0,409.0,0.8,4.0,19.0,0.2,50.0,28.0,0.6,0.0,7.0,11.0,0.6,16.0,13.0,13.0,574308,2021-04-04 14:45:00,2021
Heerenveen,13.0,0.0,0.0,1.0,2.0,4.0,38.9,8.0,1.0,0.1,0.0,0.0,262.0,357.0,0.7,4.0,12.0,0.3,76.0,42.0,0.6,1.0,5.0,10.0,0.5,11.0,24.0,24.0,Ajax Amsterdam,14.0,1.0,0.0,2.0,9.0,0.0,61.1,18.0,6.0,0.3,1.0,1.0,451.0,567.0,0.8,6.0,19.0,0.3,55.0,19.0,0.3,6.0,9.0,13.0,0.7,6.0,13.0,13.0,574295,2021-04-04 14:45:00,2021
Vitesse,12.0,2.0,0.0,0.0,16.0,2.0,72.5,21.0,4.0,0.2,0.0,0.0,466.0,562.0,0.8,6.0,33.0,0.2,75.0,48.0,0.6,11.0,12.0,16.0,0.8,11.0,11.0,11.0,ADO Den Haag,22.0,6.0,0.0,0.0,2.0,4.0,27.5,6.0,2.0,0.3,0.0,0.0,134.0,215.0,0.6,1.0,10.0,0.1,51.0,18.0,0.4,1.0,7.0,14.0,0.5,13.0,48.0,48.0,574275,2021-04-09 18:00:00,2021
Heracles Almelo,8.0,0.0,0.0,1.0,3.0,1.0,57.0,10.0,5.0,0.5,0.0,0.0,547.0,617.0,0.9,3.0,9.0,0.3,49.0,29.0,0.6,2.0,25.0,36.0,0.7,9.0,14.0,14.0,Willem II,5.0,1.0,0.0,1.0,4.0,1.0,43.0,9.0,1.0,0.1,0.0,0.0,395.0,457.0,0.9,4.0,16.0,0.3,54.0,35.0,0.6,3.0,10.0,22.0,0.5,15.0,6.0,6.0,574291,2021-04-10 16:45:00,2021
AZ Alkmaar,6.0,0.0,0.0,4.0,9.0,3.0,60.1,20.0,11.0,0.6,0.0,0.0,546.0,638.0,0.9,0.0,9.0,0.0,58.0,26.0,0.4,4.0,6.0,12.0,0.5,4.0,11.0,11.0,Sparta Rotterdam,6.0,1.0,0.0,1.0,2.0,8.0,39.9,5.0,3.0,0.6,0.0,0.0,316.0,414.0,0.8,2.0,12.0,0.2,76.0,33.0,0.4,0.0,9.0,15.0,0.6,8.0,12.0,12.0,574289,2021-04-10 18:00:00,2021
Fortuna Sittard,18.0,2.0,1.0,1.0,0.0,6.0,41.1,6.0,4.0,0.7,0.0,0.0,239.0,344.0,0.7,1.0,9.0,0.1,81.0,37.0,0.5,1.0,11.0,15.0,0.7,18.0,14.0,14.0,FC Emmen,15.0,0.0,0.0,3.0,6.0,2.0,58.9,18.0,9.0,0.5,2.0,2.0,382.0,481.0,0.8,4.0,20.0,0.2,79.0,43.0,0.5,4.0,5.0,12.0,0.4,13.0,13.0,13.0,574279,2021-04-10 18:00:00,2021
PEC Zwolle,10.0,0.0,0.0,2.0,2.0,4.0,34.1,7.0,5.0,0.7,0.0,0.0,215.0,318.0,0.7,2.0,9.0,0.2,69.0,24.0,0.3,0.0,5.0,12.0,0.4,12.0,31.0,31.0,FC Twente,9.0,0.0,0.0,4.0,10.0,4.0,65.9,19.0,4.0,0.2,0.0,0.0,492.0,606.0,0.8,7.0,33.0,0.2,94.0,59.0,0.6,7.0,13.0,22.0,0.6,5.0,14.0,14.0,574281,2021-04-10 19:00:00,2021
FC Utrecht,9.0,0.0,0.0,3.0,7.0,1.0,46.8,12.0,7.0,0.6,0.0,0.0,361.0,442.0,0.8,6.0,26.0,0.2,49.0,22.0,0.4,1.0,10.0,13.0,0.8,12.0,4.0,4.0,Feyenoord Rotterdam,11.0,1.0,0.0,0.0,2.0,7.0,53.2,7.0,2.0,0.3,0.0,0.0,437.0,524.0,0.8,1.0,6.0,0.2,68.0,40.0,0.6,3.0,7.0,15.0,0.5,12.0,29.0,29.0,574283,2021-04-11 10:15:00,2021
VVV-Venlo,8.0,1.0,0.0,3.0,5.0,3.0,29.3,4.0,1.0,0.3,0.0,0.0,206.0,309.0,0.7,3.0,15.0,0.2,64.0,23.0,0.4,2.0,6.0,16.0,0.4,17.0,13.0,13.0,PSV Eindhoven,8.0,0.0,0.0,1.0,4.0,1.0,70.7,14.0,5.0,0.4,0.0,0.0,672.0,764.0,0.9,4.0,18.0,0.2,49.0,24.0,0.5,4.0,12.0,17.0,0.7,14.0,10.0,10.0,574287,2021-04-11 12:30:00,2021
FC Groningen,12.0,1.0,0.0,2.0,5.0,8.0,51.2,11.0,3.0,0.3,0.0,0.0,331.0,428.0,0.8,3.0,22.0,0.1,78.0,32.0,0.4,2.0,10.0,15.0,0.7,21.0,22.0,22.0,Heerenveen,8.0,0.0,0.0,2.0,3.0,3.0,48.8,15.0,10.0,0.7,1.0,1.0,306.0,410.0,0.7,4.0,17.0,0.2,70.0,26.0,0.4,2.0,10.0,13.0,0.8,17.0,28.0,28.0,574285,2021-04-11 12:30:00,2021
RKC Waalwijk,8.0,0.0,0.0,3.0,4.0,3.0,36.8,3.0,0.0,0.0,0.0,0.0,234.0,345.0,0.7,4.0,15.0,0.3,85.0,43.0,0.5,1.0,9.0,16.0,0.6,16.0,17.0,17.0,Ajax Amsterdam,10.0,2.0,0.0,6.0,7.0,0.0,63.2,13.0,4.0,0.3,0.0,0.0,498.0,597.0,0.8,7.0,25.0,0.3,48.0,32.0,0.7,3.0,5.0,10.0,0.5,13.0,12.0,12.0,574277,2021-04-11 14:45:00,2021
Ajax Amsterdam,12.0,2.0,0.0,3.0,9.0,0.0,71.2,22.0,8.0,0.4,0.0,0.0,526.0,613.0,0.9,11.0,41.0,0.3,40.0,23.0,0.6,9.0,13.0,21.0,0.6,17.0,8.0,8.0,FC Utrecht,11.0,0.0,0.0,1.0,2.0,7.0,28.8,6.0,1.0,0.2,1.0,1.0,142.0,246.0,0.6,2.0,9.0,0.2,73.0,22.0,0.3,1.0,15.0,27.0,0.6,16.0,33.0,33.0,574431,2021-04-22 16:45:00,2021
Willem II,10.0,1.0,0.0,4.0,6.0,3.0,51.5,20.0,9.0,0.5,0.0,0.0,334.0,425.0,0.8,10.0,31.0,0.3,72.0,45.0,0.6,4.0,9.0,18.0,0.5,18.0,25.0,25.0,RKC Waalwijk,12.0,1.0,0.0,1.0,5.0,8.0,48.5,6.0,3.0,0.5,0.0,0.0,300.0,410.0,0.7,3.0,20.0,0.2,59.0,20.0,0.3,2.0,8.0,22.0,0.4,13.0,23.0,23.0,574268,2021-04-23 16:45:00,2021
Heerenveen,14.0,1.0,0.0,2.0,5.0,1.0,54.2,11.0,3.0,0.3,0.0,0.0,415.0,499.0,0.8,3.0,23.0,0.1,49.0,26.0,0.5,3.0,12.0,21.0,0.6,13.0,7.0,7.0,PEC Zwolle,11.0,2.0,0.0,3.0,1.0,3.0,45.8,4.0,3.0,0.8,0.0,0.0,326.0,432.0,0.8,1.0,6.0,0.2,83.0,29.0,0.3,1.0,15.0,22.0,0.7,9.0,16.0,16.0,574266,2021-04-24 14:30:00,2021
Sparta Rotterdam,11.0,2.0,0.0,0.0,5.0,3.0,53.1,19.0,7.0,0.4,0.0,0.0,414.0,489.0,0.8,7.0,16.0,0.4,65.0,41.0,0.6,3.0,9.0,16.0,0.6,12.0,15.0,15.0,VVV-Venlo,9.0,4.0,0.0,1.0,3.0,5.0,46.9,10.0,3.0,0.3,0.0,0.0,354.0,434.0,0.8,4.0,16.0,0.3,66.0,33.0,0.5,2.0,7.0,14.0,0.5,6.0,9.0,9.0,574270,2021-04-24 16:45:00,2021
PSV Eindhoven,15.0,1.0,0.0,3.0,4.0,1.0,60.7,13.0,5.0,0.4,1.0,1.0,395.0,505.0,0.8,2.0,10.0,0.2,62.0,25.0,0.4,2.0,8.0,14.0,0.6,8.0,20.0,20.0,FC Groningen,12.0,3.0,0.0,0.0,4.0,4.0,39.3,8.0,1.0,0.1,0.0,0.0,195.0,316.0,0.6,7.0,21.0,0.3,99.0,34.0,0.3,2.0,16.0,21.0,0.8,10.0,21.0,21.0,574257,2021-04-24 16:45:00,2021
FC Emmen,9.0,1.0,0.0,1.0,7.0,3.0,57.0,15.0,5.0,0.3,1.0,1.0,425.0,514.0,0.8,2.0,18.0,0.1,54.0,27.0,0.5,6.0,7.0,21.0,0.3,10.0,11.0,11.0,Heracles Almelo,7.0,1.0,0.0,0.0,5.0,2.0,43.0,8.0,4.0,0.5,1.0,1.0,302.0,394.0,0.8,2.0,12.0,0.2,47.0,16.0,0.3,2.0,10.0,18.0,0.6,12.0,21.0,21.0,574264,2021-04-25 10:15:00,2021
ADO Den Haag,6.0,1.0,0.0,1.0,8.0,2.0,52.8,17.0,2.0,0.1,0.0,0.0,309.0,403.0,0.8,11.0,31.0,0.4,68.0,39.0,0.6,7.0,1.0,7.0,0.1,10.0,12.0,12.0,Fortuna Sittard,6.0,1.0,0.0,0.0,4.0,2.0,47.2,19.0,6.0,0.3,0.0,0.0,286.0,376.0,0.8,4.0,12.0,0.3,69.0,31.0,0.4,7.0,4.0,13.0,0.3,14.0,37.0,37.0,574262,2021-04-25 12:30:00,2021
Ajax Amsterdam,10.0,0.0,0.0,1.0,9.0,2.0,61.2,21.0,10.0,0.5,0.0,0.0,498.0,594.0,0.8,8.0,26.0,0.3,52.0,27.0,0.5,4.0,18.0,28.0,0.6,13.0,13.0,13.0,AZ Alkmaar,8.0,1.0,0.0,1.0,3.0,8.0,38.8,7.0,2.0,0.3,0.0,0.0,288.0,379.0,0.8,0.0,8.0,0.0,61.0,25.0,0.4,1.0,10.0,16.0,0.6,17.0,24.0,24.0,574255,2021-04-25 12:30:00,2021
Feyenoord Rotterdam,21.0,2.0,1.0,4.0,6.0,7.0,53.0,14.0,2.0,0.1,0.0,0.0,329.0,417.0,0.8,6.0,19.0,0.3,56.0,29.0,0.5,7.0,18.0,31.0,0.6,13.0,14.0,14.0,Vitesse,14.0,4.0,0.0,0.0,3.0,2.0,47.0,19.0,7.0,0.4,0.0,0.0,310.0,378.0,0.8,1.0,15.0,0.1,53.0,28.0,0.5,6.0,18.0,28.0,0.6,11.0,18.0,18.0,574272,2021-04-25 14:45:00,2021
FC Twente,12.0,3.0,0.0,3.0,5.0,3.0,49.9,9.0,4.0,0.4,0.0,0.0,345.0,463.0,0.7,7.0,21.0,0.3,76.0,25.0,0.3,2.0,15.0,32.0,0.5,8.0,12.0,12.0,FC Utrecht,8.0,3.0,0.0,2.0,5.0,3.0,50.1,12.0,5.0,0.4,0.0,1.0,371.0,476.0,0.8,1.0,10.0,0.1,56.0,29.0,0.5,2.0,12.0,18.0,0.7,19.0,14.0,14.0,574260,2021-04-25 14:45:00,2021
Heracles Almelo,10.0,1.0,0.0,5.0,10.0,5.0,58.4,17.0,10.0,0.6,1.0,1.0,446.0,517.0,0.9,2.0,19.0,0.1,42.0,25.0,0.6,5.0,7.0,8.0,0.9,4.0,12.0,12.0,VVV-Venlo,6.0,1.0,0.0,1.0,5.0,6.0,41.6,16.0,5.0,0.3,0.0,0.0,297.0,370.0,0.8,3.0,13.0,0.2,67.0,36.0,0.5,4.0,12.0,18.0,0.7,4.0,12.0,12.0,574251,2021-05-01 14:30:00,2021
Fortuna Sittard,15.0,0.0,0.0,3.0,10.0,1.0,41.1,21.0,10.0,0.5,1.0,1.0,241.0,357.0,0.7,5.0,18.0,0.3,71.0,28.0,0.4,6.0,11.0,13.0,0.8,8.0,13.0,13.0,FC Twente,9.0,2.0,0.0,3.0,0.0,6.0,58.9,4.0,1.0,0.3,0.0,0.0,412.0,523.0,0.8,5.0,12.0,0.4,73.0,34.0,0.5,0.0,12.0,16.0,0.8,10.0,16.0,16.0,574240,2021-05-01 16:45:00,2021
RKC Waalwijk,10.0,0.0,1.0,2.0,1.0,4.0,40.6,5.0,2.0,0.4,0.0,0.0,330.0,418.0,0.8,0.0,8.0,0.0,67.0,28.0,0.4,0.0,6.0,9.0,0.7,12.0,4.0,4.0,AZ Alkmaar,11.0,2.0,0.0,0.0,8.0,1.0,59.4,20.0,7.0,0.4,0.0,0.0,529.0,607.0,0.9,4.0,17.0,0.2,58.0,34.0,0.6,6.0,6.0,9.0,0.7,14.0,7.0,7.0,574236,2021-05-01 18:00:00,2021
Vitesse,12.0,3.0,0.0,1.0,6.0,4.0,54.9,20.0,5.0,0.3,0.0,0.0,376.0,471.0,0.8,9.0,29.0,0.3,57.0,29.0,0.5,4.0,13.0,17.0,0.8,12.0,10.0,10.0,PEC Zwolle,8.0,0.0,0.0,4.0,7.0,3.0,45.1,13.0,6.0,0.5,0.0,0.0,304.0,393.0,0.8,4.0,13.0,0.3,76.0,37.0,0.5,4.0,12.0,18.0,0.7,10.0,26.0,26.0,574247,2021-05-01 18:00:00,2021
FC Utrecht,7.0,2.0,0.0,1.0,2.0,2.0,57.9,10.0,2.0,0.2,0.0,0.0,389.0,499.0,0.8,0.0,3.0,0.0,74.0,23.0,0.3,2.0,15.0,26.0,0.6,11.0,26.0,26.0,Willem II,10.0,2.0,0.0,0.0,3.0,0.0,42.1,8.0,4.0,0.5,0.0,0.0,222.0,336.0,0.7,4.0,29.0,0.1,60.0,19.0,0.3,1.0,15.0,27.0,0.6,19.0,3.0,3.0,574253,2021-05-01 19:00:00,2021
ADO Den Haag,17.0,3.0,0.0,1.0,5.0,2.0,39.6,9.0,5.0,0.6,1.0,1.0,289.0,366.0,0.8,4.0,14.0,0.3,70.0,27.0,0.4,3.0,9.0,17.0,0.5,18.0,27.0,27.0,Feyenoord Rotterdam,12.0,3.0,1.0,0.0,4.0,2.0,60.4,14.0,4.0,0.3,0.0,0.0,456.0,547.0,0.8,8.0,28.0,0.3,49.0,25.0,0.5,4.0,8.0,16.0,0.5,5.0,8.0,8.0,574243,2021-05-02 10:15:00,2021
FC Groningen,9.0,1.0,0.0,1.0,2.0,2.0,59.4,11.0,3.0,0.3,0.0,0.0,407.0,499.0,0.8,1.0,9.0,0.1,84.0,57.0,0.7,3.0,10.0,15.0,0.7,17.0,19.0,19.0,Sparta Rotterdam,8.0,1.0,0.0,2.0,5.0,2.0,40.6,11.0,4.0,0.4,0.0,0.0,228.0,329.0,0.7,2.0,16.0,0.1,62.0,19.0,0.3,2.0,11.0,16.0,0.7,9.0,21.0,21.0,574249,2021-05-02 12:30:00,2021
Ajax Amsterdam,15.0,2.0,0.0,1.0,9.0,0.0,58.4,15.0,6.0,0.4,0.0,0.0,523.0,606.0,0.9,7.0,24.0,0.3,32.0,24.0,0.8,3.0,10.0,16.0,0.6,12.0,6.0,6.0,FC Emmen,8.0,2.0,0.0,0.0,3.0,2.0,41.6,4.0,0.0,0.0,0.0,0.0,339.0,437.0,0.8,1.0,9.0,0.1,71.0,30.0,0.4,1.0,7.0,17.0,0.4,21.0,21.0,21.0,574238,2021-05-02 12:30:00,2021
PSV Eindhoven,11.0,2.0,0.0,0.0,9.0,3.0,64.0,16.0,7.0,0.4,0.0,0.0,613.0,713.0,0.9,6.0,24.0,0.3,47.0,28.0,0.6,0.0,2.0,8.0,0.3,13.0,13.0,13.0,Heerenveen,8.0,3.0,0.0,1.0,3.0,4.0,36.0,9.0,5.0,0.6,0.0,0.0,298.0,396.0,0.8,5.0,14.0,0.4,52.0,18.0,0.3,2.0,12.0,18.0,0.7,12.0,38.0,38.0,574245,2021-05-02 14:45:00,2021
Sparta Rotterdam,12.0,0.0,0.0,2.0,3.0,1.0,39.2,13.0,6.0,0.5,0.0,0.0,238.0,340.0,0.7,5.0,13.0,0.4,79.0,38.0,0.5,0.0,10.0,22.0,0.5,8.0,29.0,29.0,Vitesse,5.0,0.0,0.0,1.0,8.0,2.0,60.8,13.0,1.0,0.1,0.0,0.0,422.0,521.0,0.8,4.0,28.0,0.1,54.0,26.0,0.5,5.0,6.0,9.0,0.7,15.0,2.0,2.0,574234,2021-05-07 18:00:00,2021
FC Twente,13.0,2.0,0.0,0.0,3.0,1.0,56.3,9.0,5.0,0.6,0.0,0.0,407.0,499.0,0.8,4.0,14.0,0.3,54.0,23.0,0.4,4.0,9.0,16.0,0.6,11.0,11.0,11.0,Heracles Almelo,8.0,1.0,0.0,0.0,2.0,3.0,43.7,6.0,2.0,0.3,0.0,0.0,291.0,381.0,0.8,2.0,10.0,0.2,62.0,24.0,0.4,2.0,8.0,12.0,0.7,14.0,11.0,11.0,574228,2021-05-08 14:30:00,2021
Heerenveen,11.0,1.0,0.0,2.0,6.0,2.0,49.2,9.0,2.0,0.2,0.0,0.0,438.0,535.0,0.8,8.0,18.0,0.4,66.0,35.0,0.5,0.0,11.0,18.0,0.6,22.0,19.0,19.0,FC Utrecht,10.0,0.0,0.0,1.0,3.0,2.0,50.8,10.0,2.0,0.2,0.0,0.0,458.0,556.0,0.8,3.0,19.0,0.2,52.0,30.0,0.6,2.0,8.0,14.0,0.6,16.0,12.0,12.0,574223,2021-05-08 16:45:00,2021
AZ Alkmaar,8.0,3.0,1.0,0.0,6.0,5.0,47.1,8.0,5.0,0.6,1.0,1.0,389.0,468.0,0.8,1.0,10.0,0.1,64.0,24.0,0.4,0.0,2.0,5.0,0.4,9.0,19.0,19.0,Fortuna Sittard,14.0,1.0,0.0,3.0,4.0,3.0,52.9,9.0,5.0,0.6,0.0,0.0,422.0,516.0,0.8,4.0,22.0,0.2,74.0,38.0,0.5,2.0,12.0,16.0,0.8,15.0,8.0,8.0,574225,2021-05-08 18:00:00,2021
VVV-Venlo,17.0,2.0,0.0,4.0,6.0,2.0,50.2,13.0,5.0,0.4,0.0,0.0,279.0,406.0,0.7,5.0,22.0,0.2,84.0,34.0,0.4,5.0,13.0,20.0,0.7,5.0,18.0,18.0,RKC Waalwijk,11.0,1.0,0.0,1.0,4.0,2.0,49.8,14.0,5.0,0.4,1.0,1.0,297.0,403.0,0.7,9.0,17.0,0.5,75.0,34.0,0.5,3.0,6.0,11.0,0.5,19.0,13.0,13.0,574232,2021-05-08 19:00:00,2021
FC Emmen,18.0,2.0,0.0,0.0,5.0,2.0,54.0,5.0,2.0,0.4,0.0,0.0,382.0,446.0,0.9,4.0,18.0,0.2,50.0,19.0,0.4,2.0,11.0,21.0,0.5,9.0,17.0,17.0,FC Groningen,17.0,2.0,0.0,1.0,6.0,2.0,46.0,15.0,6.0,0.4,0.0,0.0,306.0,377.0,0.8,3.0,15.0,0.2,50.0,21.0,0.4,2.0,9.0,11.0,0.8,6.0,12.0,12.0,574221,2021-05-09 10:15:00,2021
PEC Zwolle,8.0,2.0,0.0,2.0,7.0,3.0,67.2,11.0,3.0,0.3,0.0,0.0,564.0,625.0,0.9,5.0,31.0,0.2,61.0,42.0,0.7,2.0,5.0,12.0,0.4,17.0,6.0,6.0,ADO Den Haag,14.0,2.0,0.0,1.0,4.0,3.0,32.8,7.0,4.0,0.6,0.0,0.0,237.0,305.0,0.8,2.0,11.0,0.2,53.0,29.0,0.5,0.0,9.0,15.0,0.6,5.0,20.0,20.0,574219,2021-05-09 12:30:00,2021
Feyenoord Rotterdam,15.0,1.0,1.0,1.0,3.0,3.0,46.7,15.0,4.0,0.3,0.0,1.0,333.0,395.0,0.8,5.0,17.0,0.3,53.0,29.0,0.5,5.0,7.0,19.0,0.4,15.0,18.0,18.0,Ajax Amsterdam,17.0,2.0,1.0,1.0,3.0,4.0,53.3,7.0,4.0,0.6,0.0,0.0,401.0,465.0,0.9,0.0,10.0,0.0,32.0,13.0,0.4,1.0,9.0,21.0,0.4,14.0,19.0,19.0,574220,2021-05-09 12:30:00,2021
Willem II,11.0,0.0,0.0,0.0,0.0,4.0,30.6,0.0,0.0,0.0,0.0,0.0,213.0,309.0,0.7,0.0,7.0,0.0,62.0,25.0,0.4,0.0,16.0,22.0,0.7,14.0,10.0,10.0,PSV Eindhoven,13.0,1.0,0.0,1.0,5.0,0.0,69.4,11.0,5.0,0.5,0.0,0.0,625.0,710.0,0.9,4.0,14.0,0.3,48.0,23.0,0.5,2.0,12.0,13.0,0.9,9.0,7.0,7.0,574230,2021-05-09 14:45:00,2021
FC Groningen,13.0,3.0,0.0,2.0,2.0,2.0,34.8,8.0,1.0,0.1,0.0,0.0,241.0,310.0,0.8,1.0,9.0,0.1,58.0,25.0,0.4,2.0,10.0,18.0,0.6,4.0,25.0,25.0,AZ Alkmaar,12.0,1.0,0.0,1.0,4.0,0.0,65.2,11.0,2.0,0.2,0.0,0.0,494.0,578.0,0.9,4.0,17.0,0.2,49.0,24.0,0.5,3.0,6.0,11.0,0.5,7.0,15.0,15.0,574210,2021-05-13 12:30:00,2021
Fortuna Sittard,20.0,1.0,0.0,2.0,1.0,6.0,44.1,10.0,4.0,0.4,0.0,0.0,214.0,317.0,0.7,1.0,5.0,0.2,85.0,36.0,0.4,3.0,6.0,9.0,0.7,10.0,25.0,25.0,Vitesse,7.0,1.0,0.0,3.0,11.0,1.0,55.9,20.0,9.0,0.5,0.0,0.0,287.0,381.0,0.8,12.0,31.0,0.4,68.0,31.0,0.5,4.0,12.0,17.0,0.7,7.0,5.0,5.0,574217,2021-05-13 12:30:00,2021
Heracles Almelo,8.0,2.0,0.0,2.0,3.0,2.0,41.3,8.0,5.0,0.6,1.0,1.0,347.0,408.0,0.9,1.0,15.0,0.1,46.0,20.0,0.4,2.0,11.0,19.0,0.6,13.0,9.0,9.0,Feyenoord Rotterdam,9.0,1.0,0.0,0.0,6.0,4.0,58.7,11.0,3.0,0.3,0.0,0.0,521.0,584.0,0.9,7.0,20.0,0.4,62.0,40.0,0.6,3.0,20.0,27.0,0.7,7.0,10.0,10.0,574213,2021-05-13 12:30:00,2021
ADO Den Haag,13.0,2.0,0.0,0.0,6.0,5.0,60.9,14.0,7.0,0.5,0.0,1.0,407.0,530.0,0.8,6.0,24.0,0.3,63.0,33.0,0.5,3.0,13.0,17.0,0.8,12.0,14.0,14.0,Willem II,11.0,2.0,0.0,1.0,2.0,6.0,39.1,16.0,9.0,0.6,0.0,0.0,241.0,339.0,0.7,3.0,18.0,0.2,76.0,29.0,0.4,2.0,10.0,17.0,0.6,28.0,24.0,24.0,574218,2021-05-13 12:30:00,2021
Sparta Rotterdam,12.0,3.0,0.0,0.0,3.0,6.0,37.6,11.0,2.0,0.2,0.0,0.0,244.0,337.0,0.7,4.0,10.0,0.4,83.0,39.0,0.5,2.0,12.0,21.0,0.6,17.0,24.0,24.0,FC Utrecht,9.0,2.0,0.0,1.0,8.0,2.0,62.4,17.0,6.0,0.4,0.0,0.0,463.0,554.0,0.8,6.0,23.0,0.3,65.0,32.0,0.5,4.0,11.0,18.0,0.6,8.0,6.0,6.0,574212,2021-05-13 12:30:00,2021
RKC Waalwijk,11.0,2.0,0.0,2.0,5.0,2.0,41.8,10.0,2.0,0.2,0.0,0.0,237.0,346.0,0.7,2.0,11.0,0.2,79.0,30.0,0.4,4.0,14.0,21.0,0.7,17.0,27.0,27.0,FC Twente,12.0,1.0,1.0,1.0,0.0,0.0,58.2,5.0,2.0,0.4,0.0,0.0,360.0,479.0,0.8,3.0,18.0,0.2,67.0,31.0,0.5,2.0,12.0,23.0,0.5,10.0,15.0,15.0,574211,2021-05-13 12:30:00,2021
Ajax Amsterdam,9.0,1.0,1.0,1.0,8.0,7.0,68.2,18.0,10.0,0.6,0.0,0.0,550.0,615.0,0.9,3.0,12.0,0.3,36.0,22.0,0.6,4.0,12.0,19.0,0.6,10.0,11.0,11.0,VVV-Venlo,10.0,1.0,0.0,2.0,6.0,7.0,31.8,13.0,8.0,0.6,0.0,0.0,200.0,274.0,0.7,4.0,22.0,0.2,52.0,29.0,0.6,2.0,13.0,28.0,0.5,8.0,20.0,20.0,574216,2021-05-13 12:30:00,2021
PSV Eindhoven,7.0,0.0,0.0,0.0,6.0,2.0,53.7,18.0,10.0,0.6,0.0,0.0,487.0,558.0,0.9,2.0,15.0,0.1,37.0,29.0,0.8,4.0,11.0,18.0,0.6,12.0,14.0,14.0,PEC Zwolle,11.0,3.0,0.0,1.0,5.0,7.0,46.3,9.0,4.0,0.4,0.0,0.0,402.0,480.0,0.8,4.0,12.0,0.3,62.0,35.0,0.6,2.0,5.0,13.0,0.4,24.0,17.0,17.0,574215,2021-05-13 12:30:00,2021
FC Emmen,6.0,0.0,0.0,2.0,9.0,3.0,66.5,26.0,7.0,0.3,2.0,2.0,513.0,596.0,0.9,4.0,20.0,0.2,64.0,38.0,0.6,11.0,7.0,9.0,0.8,7.0,8.0,8.0,Heerenveen,10.0,2.0,2.0,0.0,1.0,4.0,33.5,5.0,4.0,0.8,0.0,0.0,223.0,300.0,0.7,2.0,9.0,0.2,63.0,24.0,0.4,0.0,7.0,9.0,0.8,6.0,24.0,24.0,574214,2021-05-13 12:30:00,2021
Feyenoord Rotterdam,7.0,0.0,0.0,2.0,6.0,1.0,73.7,14.0,6.0,0.4,0.0,0.0,754.0,821.0,0.9,1.0,19.0,0.1,64.0,51.0,0.8,4.0,5.0,8.0,0.6,12.0,5.0,5.0,RKC Waalwijk,5.0,0.0,0.0,3.0,0.0,3.0,26.3,3.0,1.0,0.3,0.0,0.0,227.0,290.0,0.8,1.0,9.0,0.1,48.0,13.0,0.3,1.0,5.0,9.0,0.6,15.0,16.0,16.0,574208,2021-05-16 12:30:00,2021
PEC Zwolle,14.0,0.0,0.0,2.0,4.0,1.0,53.4,13.0,4.0,0.3,0.0,0.0,454.0,516.0,0.9,1.0,14.0,0.1,42.0,27.0,0.6,3.0,9.0,15.0,0.6,15.0,9.0,9.0,FC Groningen,11.0,0.0,0.0,0.0,0.0,4.0,46.6,11.0,1.0,0.1,0.0,0.0,393.0,455.0,0.9,1.0,7.0,0.1,47.0,28.0,0.6,4.0,12.0,18.0,0.7,8.0,24.0,24.0,574204,2021-05-16 12:30:00,2021
Willem II,8.0,2.0,0.0,3.0,6.0,1.0,37.3,18.0,7.0,0.4,0.0,0.0,213.0,296.0,0.7,7.0,23.0,0.3,64.0,29.0,0.5,1.0,8.0,18.0,0.4,8.0,14.0,14.0,Fortuna Sittard,12.0,1.0,0.0,0.0,5.0,5.0,62.7,10.0,2.0,0.2,0.0,0.0,435.0,516.0,0.8,4.0,20.0,0.2,58.0,31.0,0.5,5.0,12.0,15.0,0.8,5.0,16.0,16.0,574205,2021-05-16 12:30:00,2021
Vitesse,9.0,1.0,0.0,3.0,4.0,5.0,39.6,11.0,2.0,0.2,0.0,0.0,249.0,324.0,0.8,4.0,18.0,0.2,65.0,26.0,0.4,3.0,7.0,13.0,0.5,12.0,14.0,14.0,Ajax Amsterdam,10.0,2.0,0.0,2.0,10.0,1.0,60.4,18.0,8.0,0.4,0.0,0.0,441.0,516.0,0.9,8.0,20.0,0.4,35.0,18.0,0.5,3.0,3.0,5.0,0.6,15.0,11.0,11.0,574202,2021-05-16 12:30:00,2021
FC Utrecht,4.0,0.0,0.0,1.0,3.0,2.0,30.1,8.0,5.0,0.6,0.0,0.0,275.0,360.0,0.8,3.0,9.0,0.3,65.0,31.0,0.5,0.0,12.0,21.0,0.6,13.0,12.0,12.0,PSV Eindhoven,6.0,0.0,0.0,1.0,2.0,4.0,69.9,10.0,3.0,0.3,0.0,0.0,761.0,848.0,0.9,1.0,11.0,0.1,47.0,35.0,0.7,4.0,9.0,19.0,0.5,12.0,7.0,7.0,574207,2021-05-16 12:30:00,2021
AZ Alkmaar,7.0,2.0,0.0,0.0,9.0,2.0,60.4,26.0,9.0,0.3,0.0,1.0,527.0,594.0,0.9,1.0,13.0,0.1,41.0,30.0,0.7,7.0,12.0,21.0,0.6,12.0,10.0,10.0,Heracles Almelo,13.0,2.0,0.0,1.0,3.0,4.0,39.6,4.0,2.0,0.5,0.0,0.0,316.0,388.0,0.8,4.0,11.0,0.4,45.0,25.0,0.6,0.0,18.0,24.0,0.8,13.0,17.0,17.0,574206,2021-05-16 12:30:00,2021
FC Twente,17.0,2.0,0.0,0.0,9.0,3.0,51.6,22.0,9.0,0.4,1.0,1.0,359.0,445.0,0.8,5.0,26.0,0.2,68.0,36.0,0.5,8.0,10.0,17.0,0.6,9.0,9.0,9.0,ADO Den Haag,6.0,1.0,0.0,0.0,6.0,6.0,48.4,10.0,5.0,0.5,0.0,0.0,340.0,425.0,0.8,2.0,12.0,0.2,61.0,27.0,0.4,1.0,9.0,10.0,0.9,9.0,17.0,17.0,574201,2021-05-16 12:30:00,2021
VVV-Venlo,11.0,2.0,0.0,0.0,4.0,4.0,43.8,12.0,2.0,0.2,0.0,0.0,305.0,375.0,0.8,6.0,18.0,0.3,51.0,27.0,0.5,4.0,8.0,14.0,0.6,13.0,13.0,13.0,FC Emmen,12.0,2.0,0.0,0.0,4.0,1.0,56.2,16.0,8.0,0.5,1.0,1.0,415.0,489.0,0.8,3.0,14.0,0.2,65.0,38.0,0.6,1.0,11.0,15.0,0.7,7.0,17.0,17.0,574203,2021-05-16 12:30:00,2021
Heerenveen,7.0,1.0,0.0,0.0,3.0,2.0,59.7,16.0,4.0,0.3,0.0,0.0,468.0,573.0,0.8,4.0,18.0,0.2,55.0,27.0,0.5,2.0,15.0,25.0,0.6,12.0,7.0,7.0,Sparta Rotterdam,6.0,1.0,0.0,1.0,6.0,3.0,40.3,13.0,4.0,0.3,0.0,0.0,271.0,389.0,0.7,3.0,7.0,0.4,86.0,34.0,0.4,6.0,7.0,16.0,0.4,13.0,12.0,12.0,574209,2021-05-16 12:30:00,2021
FC Utrecht,20.0,2.0,0.0,2.0,7.0,0.0,45.2,13.0,4.0,0.3,0.0,0.0,288.0,365.0,0.8,2.0,17.0,0.1,54.0,34.0,0.6,5.0,9.0,15.0,0.6,17.0,17.0,17.0,FC Groningen,9.0,4.0,0.0,0.0,7.0,3.0,54.8,9.0,0.0,0.0,0.0,0.0,354.0,444.0,0.8,4.0,16.0,0.3,64.0,24.0,0.4,2.0,6.0,12.0,0.5,12.0,19.0,19.0,602769,2021-05-19 16:45:00,2021
Feyenoord Rotterdam,9.0,1.0,0.0,0.0,6.0,3.0,63.9,13.0,7.0,0.5,1.0,1.0,631.0,717.0,0.9,2.0,14.0,0.1,66.0,36.0,0.5,2.0,5.0,9.0,0.6,9.0,5.0,5.0,Sparta Rotterdam,12.0,2.0,0.0,0.0,1.0,6.0,36.1,6.0,3.0,0.5,0.0,0.0,327.0,408.0,0.8,1.0,5.0,0.2,52.0,23.0,0.4,1.0,9.0,11.0,0.8,12.0,20.0,20.0,602768,2021-05-19 19:00:00,2021
Feyenoord Rotterdam,13.0,4.0,0.0,1.0,4.0,4.0,52.9,16.0,5.0,0.3,0.0,0.0,378.0,473.0,0.8,4.0,15.0,0.3,71.0,38.0,0.5,3.0,13.0,15.0,0.9,16.0,19.0,19.0,FC Utrecht,15.0,2.0,0.0,0.0,8.0,3.0,47.1,15.0,4.0,0.3,0.0,0.0,320.0,413.0,0.8,5.0,28.0,0.2,68.0,28.0,0.4,5.0,12.0,18.0,0.7,11.0,10.0,10.0,602812,2021-05-23 10:15:00,2021
Go Ahead Eagles,9.0,0.0,0.0,2.0,3.0,4.0,47.5,11.0,3.0,0.3,0.0,0.0,344.0,443.0,0.8,4.0,14.0,0.3,62.0,31.0,0.5,3.0,9.0,18.0,0.5,13.0,24.0,24.0,Heerenveen,9.0,0.0,0.0,0.0,11.0,3.0,52.5,18.0,5.0,0.3,0.0,0.0,383.0,477.0,0.8,8.0,29.0,0.3,87.0,44.0,0.5,6.0,14.0,20.0,0.7,21.0,21.0,21.0,603828,2021-08-13 18:00:00,2021
RKC Waalwijk,12.0,0.0,0.0,2.0,4.0,5.0,28.0,7.0,2.0,0.3,0.0,0.0,159.0,244.0,0.7,3.0,8.0,0.4,66.0,30.0,0.5,3.0,9.0,14.0,0.6,11.0,26.0,26.0,AZ Alkmaar,7.0,2.0,0.0,4.0,6.0,0.0,72.0,19.0,5.0,0.3,0.0,0.0,545.0,628.0,0.9,12.0,34.0,0.4,57.0,36.0,0.6,6.0,13.0,22.0,0.6,12.0,9.0,9.0,603827,2021-08-14 14:30:00,2021
Heracles Almelo,12.0,2.0,0.0,2.0,2.0,4.0,36.6,6.0,2.0,0.3,0.0,0.0,259.0,354.0,0.7,1.0,8.0,0.1,73.0,33.0,0.5,2.0,22.0,30.0,0.7,16.0,14.0,14.0,PSV Eindhoven,10.0,2.0,0.0,1.0,11.0,2.0,63.4,19.0,6.0,0.3,0.0,0.0,517.0,617.0,0.8,3.0,13.0,0.2,52.0,33.0,0.6,7.0,9.0,17.0,0.5,4.0,12.0,12.0,603826,2021-08-14 16:45:00,2021
Fortuna Sittard,10.0,2.0,0.0,1.0,8.0,0.0,48.9,6.0,4.0,0.7,0.0,0.0,286.0,392.0,0.7,2.0,22.0,0.1,91.0,37.0,0.4,1.0,3.0,11.0,0.3,8.0,18.0,18.0,FC Twente,10.0,2.0,0.0,0.0,5.0,2.0,51.1,13.0,1.0,0.1,0.0,0.0,308.0,419.0,0.7,4.0,12.0,0.3,71.0,28.0,0.4,4.0,8.0,16.0,0.5,8.0,28.0,28.0,603825,2021-08-14 18:00:00,2021
Ajax Amsterdam,6.0,0.0,0.0,0.0,10.0,1.0,72.4,25.0,9.0,0.4,0.0,0.0,683.0,770.0,0.9,9.0,24.0,0.4,48.0,34.0,0.7,7.0,17.0,26.0,0.7,17.0,7.0,7.0,NEC Nijmegen,6.0,0.0,0.0,0.0,0.0,5.0,27.6,7.0,1.0,0.1,0.0,0.0,215.0,293.0,0.7,1.0,4.0,0.3,41.0,13.0,0.3,2.0,10.0,20.0,0.5,17.0,18.0,18.0,603824,2021-08-14 19:00:00,2021
SC Cambuur,12.0,0.0,0.0,2.0,2.0,5.0,53.5,6.0,3.0,0.5,0.0,0.0,313.0,402.0,0.8,4.0,16.0,0.3,70.0,33.0,0.5,2.0,8.0,16.0,0.5,4.0,26.0,26.0,FC Groningen,11.0,0.0,0.0,3.0,8.0,2.0,46.5,11.0,7.0,0.6,0.0,0.0,253.0,335.0,0.8,6.0,28.0,0.2,76.0,34.0,0.4,1.0,15.0,19.0,0.8,12.0,19.0,19.0,603823,2021-08-15 10:15:00,2021
FC Utrecht,8.0,1.0,0.0,1.0,4.0,1.0,47.0,22.0,8.0,0.4,1.0,1.0,323.0,390.0,0.8,5.0,20.0,0.3,46.0,23.0,0.5,5.0,4.0,13.0,0.3,17.0,9.0,9.0,Sparta Rotterdam,9.0,3.0,0.0,2.0,2.0,4.0,53.0,7.0,1.0,0.1,0.0,0.0,362.0,446.0,0.8,4.0,12.0,0.3,63.0,36.0,0.6,4.0,17.0,27.0,0.6,8.0,17.0,17.0,603821,2021-08-15 12:30:00,2021
PEC Zwolle,8.0,0.0,0.0,2.0,6.0,5.0,55.1,15.0,5.0,0.3,0.0,0.0,309.0,407.0,0.8,7.0,23.0,0.3,70.0,38.0,0.5,3.0,14.0,22.0,0.6,15.0,11.0,11.0,Vitesse,17.0,2.0,0.0,1.0,3.0,5.0,44.9,14.0,6.0,0.4,0.0,0.0,239.0,336.0,0.7,4.0,11.0,0.4,62.0,25.0,0.4,4.0,13.0,27.0,0.5,12.0,25.0,25.0,603822,2021-08-15 12:30:00,2021
Willem II,5.0,1.0,1.0,2.0,5.0,5.0,30.6,6.0,3.0,0.5,0.0,0.0,214.0,288.0,0.7,3.0,16.0,0.2,72.0,33.0,0.5,1.0,4.0,9.0,0.4,14.0,18.0,18.0,Feyenoord Rotterdam,11.0,0.0,0.0,1.0,4.0,3.0,69.4,21.0,9.0,0.4,0.0,0.0,602.0,677.0,0.9,4.0,17.0,0.2,47.0,32.0,0.7,6.0,9.0,16.0,0.6,6.0,11.0,11.0,603820,2021-08-15 14:45:00,2021
NEC Nijmegen,15.0,4.0,0.0,4.0,2.0,1.0,37.8,8.0,3.0,0.4,0.0,0.0,239.0,320.0,0.7,3.0,8.0,0.4,52.0,21.0,0.4,3.0,15.0,27.0,0.6,11.0,26.0,26.0,PEC Zwolle,15.0,3.0,1.0,2.0,5.0,1.0,62.2,17.0,1.0,0.1,0.0,0.0,439.0,521.0,0.8,4.0,25.0,0.2,59.0,29.0,0.5,6.0,13.0,26.0,0.5,11.0,9.0,9.0,603819,2021-08-20 18:00:00,2021
Heerenveen,7.0,1.0,0.0,1.0,2.0,1.0,59.8,11.0,4.0,0.4,1.0,1.0,470.0,545.0,0.9,3.0,8.0,0.4,64.0,42.0,0.7,1.0,20.0,32.0,0.6,7.0,22.0,22.0,RKC Waalwijk,11.0,3.0,0.0,2.0,7.0,1.0,40.2,16.0,3.0,0.2,0.0,0.0,269.0,347.0,0.8,7.0,22.0,0.3,45.0,18.0,0.4,6.0,13.0,21.0,0.6,6.0,7.0,7.0,603818,2021-08-21 16:45:00,2021
Sparta Rotterdam,6.0,1.0,0.0,0.0,4.0,3.0,38.0,11.0,4.0,0.4,0.0,0.0,249.0,334.0,0.7,0.0,9.0,0.0,60.0,33.0,0.6,3.0,8.0,21.0,0.4,9.0,26.0,26.0,Heracles Almelo,6.0,2.0,0.0,4.0,9.0,3.0,62.0,12.0,4.0,0.3,0.0,0.0,441.0,531.0,0.8,5.0,31.0,0.2,59.0,33.0,0.6,3.0,7.0,13.0,0.5,2.0,13.0,13.0,603816,2021-08-21 18:00:00,2021
PSV Eindhoven,6.0,0.0,0.0,0.0,11.0,4.0,52.5,25.0,8.0,0.3,0.0,0.0,377.0,448.0,0.8,5.0,18.0,0.3,37.0,25.0,0.7,8.0,12.0,21.0,0.6,10.0,5.0,5.0,SC Cambuur,9.0,1.0,0.0,0.0,3.0,4.0,47.5,8.0,4.0,0.5,0.0,0.0,336.0,415.0,0.8,0.0,8.0,0.0,56.0,35.0,0.6,0.0,12.0,22.0,0.5,16.0,18.0,18.0,603817,2021-08-21 18:00:00,2021
FC Groningen,12.0,3.0,0.0,0.0,5.0,0.0,53.5,14.0,3.0,0.2,0.0,0.0,326.0,400.0,0.8,2.0,20.0,0.1,67.0,31.0,0.5,3.0,20.0,31.0,0.6,7.0,14.0,14.0,FC Utrecht,15.0,4.0,0.0,2.0,4.0,3.0,46.5,5.0,0.0,0.0,0.0,0.0,269.0,345.0,0.8,2.0,16.0,0.1,52.0,25.0,0.5,4.0,13.0,23.0,0.6,8.0,22.0,22.0,603815,2021-08-21 19:00:00,2021
FC Twente,11.0,1.0,0.0,1.0,1.0,3.0,38.4,13.0,3.0,0.2,0.0,0.0,202.0,317.0,0.6,5.0,9.0,0.6,79.0,28.0,0.4,4.0,12.0,20.0,0.6,20.0,24.0,24.0,Ajax Amsterdam,12.0,2.0,0.0,2.0,7.0,2.0,61.6,9.0,3.0,0.3,0.0,0.0,376.0,499.0,0.8,9.0,25.0,0.4,63.0,28.0,0.4,2.0,14.0,18.0,0.8,9.0,14.0,14.0,603814,2021-08-22 10:15:00,2021
Feyenoord Rotterdam,10.0,1.0,0.0,1.0,10.0,2.0,67.8,29.0,9.0,0.3,0.0,0.0,507.0,607.0,0.8,8.0,28.0,0.3,67.0,39.0,0.6,7.0,12.0,16.0,0.8,8.0,6.0,6.0,Go Ahead Eagles,11.0,1.0,0.0,0.0,3.0,7.0,32.2,9.0,3.0,0.3,0.0,0.0,188.0,288.0,0.7,6.0,12.0,0.5,67.0,20.0,0.3,3.0,10.0,23.0,0.4,16.0,31.0,31.0,603812,2021-08-22 12:30:00,2021
Vitesse,11.0,4.0,0.0,5.0,6.0,0.0,60.0,17.0,6.0,0.4,0.0,0.0,354.0,464.0,0.8,5.0,15.0,0.3,78.0,34.0,0.4,3.0,12.0,17.0,0.7,10.0,18.0,18.0,Willem II,11.0,2.0,0.0,2.0,3.0,6.0,40.0,13.0,4.0,0.3,0.0,0.0,177.0,298.0,0.6,3.0,18.0,0.2,65.0,23.0,0.4,3.0,13.0,18.0,0.7,12.0,16.0,16.0,603813,2021-08-22 14:45:00,2021
Fortuna Sittard,10.0,1.0,0.0,2.0,5.0,3.0,49.9,11.0,2.0,0.2,0.0,0.0,323.0,406.0,0.8,6.0,20.0,0.3,63.0,30.0,0.5,1.0,5.0,10.0,0.5,11.0,36.0,36.0,RKC Waalwijk,10.0,1.0,0.0,1.0,6.0,0.0,50.1,15.0,5.0,0.3,0.0,0.0,314.0,401.0,0.8,6.0,27.0,0.2,70.0,35.0,0.5,5.0,6.0,7.0,0.9,6.0,23.0,23.0,603810,2021-08-27 18:00:00,2021
SC Cambuur,5.0,1.0,0.0,1.0,8.0,2.0,61.7,24.0,6.0,0.3,0.0,0.0,400.0,491.0,0.8,4.0,16.0,0.3,78.0,45.0,0.6,7.0,8.0,15.0,0.5,14.0,18.0,18.0,FC Twente,19.0,2.0,1.0,1.0,5.0,4.0,38.3,10.0,2.0,0.2,0.0,0.0,196.0,288.0,0.7,4.0,17.0,0.2,60.0,21.0,0.4,3.0,7.0,12.0,0.6,10.0,19.0,19.0,603809,2021-08-28 16:45:00,2021
PSV Eindhoven,10.0,1.0,0.0,1.0,7.0,2.0,61.2,16.0,8.0,0.5,0.0,0.0,481.0,568.0,0.8,4.0,14.0,0.3,44.0,17.0,0.4,3.0,10.0,17.0,0.6,11.0,22.0,22.0,FC Groningen,13.0,0.0,0.0,0.0,7.0,4.0,38.8,14.0,4.0,0.3,0.0,0.0,267.0,338.0,0.8,2.0,23.0,0.1,71.0,36.0,0.5,6.0,14.0,23.0,0.6,15.0,15.0,15.0,603807,2021-08-28 18:00:00,2021
Go Ahead Eagles,7.0,1.0,0.0,2.0,7.0,1.0,52.3,19.0,7.0,0.4,1.0,1.0,392.0,482.0,0.8,5.0,20.0,0.3,68.0,39.0,0.6,3.0,6.0,8.0,0.8,9.0,24.0,24.0,Sparta Rotterdam,8.0,3.0,1.0,0.0,3.0,5.0,47.7,13.0,1.0,0.1,0.0,0.0,351.0,438.0,0.8,5.0,20.0,0.3,80.0,47.0,0.6,4.0,9.0,15.0,0.6,10.0,23.0,23.0,603808,2021-08-28 18:00:00,2021
Willem II,10.0,0.0,0.0,1.0,6.0,4.0,44.6,16.0,3.0,0.2,0.0,0.0,297.0,388.0,0.8,8.0,28.0,0.3,70.0,34.0,0.5,5.0,9.0,14.0,0.6,10.0,18.0,18.0,PEC Zwolle,9.0,0.0,0.0,2.0,0.0,2.0,55.4,11.0,4.0,0.4,0.0,0.0,398.0,511.0,0.8,4.0,8.0,0.5,69.0,38.0,0.6,5.0,9.0,15.0,0.6,8.0,19.0,19.0,603806,2021-08-28 19:00:00,2021
FC Utrecht,8.0,1.0,0.0,0.0,8.0,1.0,44.5,19.0,7.0,0.4,1.0,1.0,277.0,356.0,0.8,5.0,19.0,0.3,58.0,35.0,0.6,4.0,15.0,21.0,0.7,13.0,11.0,11.0,Feyenoord Rotterdam,15.0,4.0,0.0,3.0,6.0,4.0,55.5,12.0,2.0,0.2,0.0,0.0,382.0,459.0,0.8,4.0,10.0,0.4,45.0,24.0,0.5,4.0,13.0,17.0,0.8,9.0,25.0,25.0,603805,2021-08-29 10:15:00,2021
Ajax Amsterdam,13.0,0.0,0.0,2.0,6.0,1.0,71.7,29.0,11.0,0.4,0.0,0.0,587.0,668.0,0.9,6.0,20.0,0.3,52.0,33.0,0.6,8.0,14.0,18.0,0.8,9.0,8.0,8.0,Vitesse,13.0,2.0,0.0,0.0,1.0,6.0,28.3,7.0,1.0,0.1,0.0,0.0,164.0,255.0,0.6,3.0,9.0,0.3,61.0,21.0,0.3,2.0,5.0,13.0,0.4,12.0,20.0,20.0,603804,2021-08-29 12:30:00,2021
Heracles Almelo,16.0,4.0,1.0,1.0,7.0,3.0,49.0,14.0,4.0,0.3,0.0,0.0,418.0,485.0,0.9,4.0,25.0,0.2,46.0,24.0,0.5,3.0,9.0,14.0,0.6,8.0,10.0,10.0,NEC Nijmegen,12.0,2.0,0.0,2.0,1.0,4.0,51.0,6.0,4.0,0.7,0.0,1.0,460.0,520.0,0.9,2.0,6.0,0.3,41.0,23.0,0.6,0.0,7.0,16.0,0.4,7.0,27.0,27.0,603803,2021-08-29 12:30:00,2021
Heerenveen,3.0,0.0,0.0,4.0,3.0,2.0,48.5,7.0,3.0,0.4,0.0,0.0,336.0,468.0,0.7,4.0,11.0,0.4,99.0,37.0,0.4,1.0,18.0,25.0,0.7,11.0,7.0,7.0,AZ Alkmaar,6.0,1.0,0.0,2.0,7.0,2.0,51.5,15.0,5.0,0.3,0.0,0.0,394.0,497.0,0.8,6.0,12.0,0.5,76.0,37.0,0.5,2.0,10.0,17.0,0.6,17.0,14.0,14.0,603802,2021-08-29 14:45:00,2021
FC Twente,14.0,4.0,0.0,4.0,3.0,1.0,51.5,10.0,6.0,0.6,0.0,0.0,305.0,416.0,0.7,6.0,13.0,0.5,62.0,24.0,0.4,0.0,12.0,16.0,0.8,7.0,26.0,26.0,FC Utrecht,18.0,4.0,0.0,2.0,5.0,4.0,48.5,11.0,1.0,0.1,0.0,0.0,276.0,378.0,0.7,7.0,27.0,0.3,80.0,38.0,0.5,3.0,9.0,10.0,0.9,19.0,10.0,10.0,603801,2021-09-11 14:30:00,2021
SC Cambuur,17.0,3.0,0.0,1.0,1.0,5.0,47.2,15.0,9.0,0.6,0.0,0.0,275.0,380.0,0.7,3.0,11.0,0.3,69.0,28.0,0.4,3.0,10.0,22.0,0.5,4.0,16.0,16.0,Go Ahead Eagles,8.0,1.0,0.0,1.0,5.0,4.0,52.8,13.0,7.0,0.5,0.0,0.0,329.0,429.0,0.8,4.0,15.0,0.3,80.0,37.0,0.5,0.0,4.0,5.0,0.8,4.0,11.0,11.0,603800,2021-09-11 16:45:00,2021
PEC Zwolle,8.0,1.0,0.0,1.0,5.0,6.0,36.3,9.0,2.0,0.2,0.0,0.0,237.0,317.0,0.7,2.0,17.0,0.1,59.0,27.0,0.5,3.0,8.0,13.0,0.6,18.0,31.0,31.0,Ajax Amsterdam,7.0,3.0,0.0,1.0,7.0,2.0,63.7,17.0,8.0,0.5,0.0,0.0,496.0,571.0,0.9,2.0,21.0,0.1,44.0,27.0,0.6,4.0,11.0,15.0,0.7,9.0,10.0,10.0,603799,2021-09-11 16:45:00,2021
AZ Alkmaar,10.0,2.0,0.0,6.0,6.0,1.0,59.7,7.0,3.0,0.4,0.0,0.0,523.0,607.0,0.9,2.0,15.0,0.1,45.0,25.0,0.6,0.0,7.0,13.0,0.5,13.0,5.0,5.0,PSV Eindhoven,14.0,2.0,0.0,1.0,2.0,3.0,40.3,10.0,4.0,0.4,0.0,0.0,321.0,414.0,0.8,2.0,7.0,0.3,53.0,17.0,0.3,1.0,17.0,21.0,0.8,17.0,25.0,25.0,603798,2021-09-11 19:00:00,2021
NEC Nijmegen,10.0,1.0,0.0,0.0,10.0,2.0,75.2,22.0,8.0,0.4,0.0,0.0,584.0,671.0,0.9,13.0,46.0,0.3,52.0,31.0,0.6,5.0,7.0,12.0,0.6,3.0,8.0,8.0,Willem II,13.0,2.0,1.0,0.0,1.0,8.0,24.8,8.0,2.0,0.3,0.0,0.0,149.0,228.0,0.7,1.0,7.0,0.1,57.0,17.0,0.3,0.0,11.0,20.0,0.6,12.0,52.0,52.0,603796,2021-09-12 10:15:00,2021
FC Groningen,13.0,1.0,1.0,1.0,9.0,2.0,53.3,15.0,3.0,0.2,0.0,0.0,301.0,387.0,0.8,5.0,22.0,0.2,72.0,43.0,0.6,3.0,7.0,11.0,0.6,11.0,5.0,5.0,Heerenveen,16.0,4.0,0.0,3.0,0.0,2.0,46.7,9.0,3.0,0.3,0.0,0.0,279.0,360.0,0.8,1.0,3.0,0.3,56.0,29.0,0.5,0.0,12.0,23.0,0.5,7.0,32.0,32.0,603793,2021-09-12 12:30:00,2021
Sparta Rotterdam,13.0,2.0,0.0,0.0,3.0,1.0,43.2,18.0,8.0,0.4,0.0,0.0,290.0,400.0,0.7,7.0,14.0,0.5,80.0,35.0,0.4,4.0,10.0,15.0,0.7,11.0,18.0,18.0,Fortuna Sittard,15.0,1.0,0.0,1.0,4.0,5.0,56.8,4.0,2.0,0.5,0.0,0.0,418.0,528.0,0.8,1.0,15.0,0.1,86.0,41.0,0.5,0.0,5.0,10.0,0.5,12.0,14.0,14.0,603797,2021-09-12 12:30:00,2021
RKC Waalwijk,17.0,4.0,0.0,1.0,8.0,2.0,48.6,13.0,6.0,0.5,0.0,0.0,282.0,383.0,0.7,5.0,30.0,0.2,82.0,41.0,0.5,2.0,11.0,15.0,0.7,17.0,7.0,7.0,Vitesse,18.0,1.0,0.0,3.0,2.0,5.0,51.4,10.0,4.0,0.4,0.0,0.0,328.0,427.0,0.8,3.0,10.0,0.3,68.0,31.0,0.5,2.0,14.0,19.0,0.7,11.0,29.0,29.0,603795,2021-09-12 14:45:00,2021
Sparta Rotterdam,9.0,2.0,0.0,0.0,4.0,3.0,45.9,15.0,4.0,0.3,0.0,0.0,314.0,415.0,0.8,3.0,25.0,0.1,62.0,29.0,0.5,5.0,8.0,21.0,0.4,8.0,21.0,21.0,NEC Nijmegen,11.0,3.0,0.0,3.0,6.0,3.0,54.1,11.0,4.0,0.4,0.0,0.0,401.0,499.0,0.8,3.0,19.0,0.2,64.0,28.0,0.4,4.0,3.0,12.0,0.3,13.0,22.0,22.0,603792,2021-09-17 18:00:00,2021
Heerenveen,7.0,1.0,0.0,1.0,7.0,4.0,47.7,17.0,7.0,0.4,0.0,0.0,328.0,438.0,0.7,3.0,14.0,0.2,61.0,19.0,0.3,3.0,8.0,12.0,0.7,3.0,18.0,18.0,Fortuna Sittard,10.0,4.0,0.0,3.0,2.0,6.0,52.3,13.0,4.0,0.3,0.0,0.0,379.0,479.0,0.8,3.0,16.0,0.2,73.0,38.0,0.5,5.0,9.0,17.0,0.5,15.0,25.0,25.0,603791,2021-09-18 14:30:00,2021
Willem II,8.0,3.0,0.0,2.0,5.0,4.0,47.7,7.0,3.0,0.4,0.0,0.0,310.0,400.0,0.8,2.0,10.0,0.2,68.0,25.0,0.4,0.0,6.0,10.0,0.6,8.0,22.0,22.0,FC Groningen,9.0,2.0,1.0,1.0,4.0,1.0,52.3,14.0,5.0,0.4,0.0,0.0,334.0,425.0,0.8,5.0,17.0,0.3,65.0,25.0,0.4,4.0,11.0,18.0,0.6,12.0,8.0,8.0,603790,2021-09-18 16:45:00,2021
Ajax Amsterdam,7.0,0.0,0.0,5.0,6.0,2.0,68.6,21.0,11.0,0.5,0.0,0.0,543.0,623.0,0.9,7.0,22.0,0.3,33.0,19.0,0.6,4.0,5.0,13.0,0.4,9.0,1.0,1.0,SC Cambuur,9.0,0.0,0.0,1.0,1.0,2.0,31.4,11.0,2.0,0.2,0.0,0.0,217.0,293.0,0.7,1.0,3.0,0.3,59.0,29.0,0.5,3.0,5.0,12.0,0.4,14.0,25.0,25.0,603789,2021-09-18 18:00:00,2021
FC Utrecht,0.0,0.0,0.0,0.0,0.0,0.0,0.0,0.0,0.0,0.0,0.0,0.0,0.0,0.0,0.0,0.0,0.0,0.0,0.0,0.0,0.0,0.0,0.0,0.0,0.0,0.0,0.0,0.0,RKC Waalwijk,0.0,0.0,0.0,0.0,0.0,0.0,0.0,0.0,0.0,0.0,0.0,0.0,0.0,0.0,0.0,0.0,0.0,0.0,0.0,0.0,0.0,0.0,0.0,0.0,0.0,0.0,0.0,0.0,603788,2021-09-18 19:00:00,2021
Go Ahead Eagles,9.0,1.0,0.0,4.0,4.0,3.0,51.6,18.0,7.0,0.4,0.0,0.0,261.0,368.0,0.7,6.0,17.0,0.4,73.0,29.0,0.4,5.0,11.0,16.0,0.7,8.0,29.0,29.0,PEC Zwolle,11.0,2.0,0.0,1.0,4.0,6.0,48.4,9.0,3.0,0.3,0.0,0.0,224.0,342.0,0.7,5.0,20.0,0.3,78.0,27.0,0.3,4.0,12.0,31.0,0.4,9.0,20.0,20.0,603787,2021-09-19 10:15:00,2021
PSV Eindhoven,9.0,2.0,0.0,0.0,7.0,0.0,58.6,15.0,3.0,0.2,0.0,0.0,444.0,552.0,0.8,3.0,23.0,0.1,78.0,38.0,0.5,6.0,15.0,23.0,0.7,15.0,12.0,12.0,Feyenoord Rotterdam,10.0,2.0,0.0,1.0,5.0,3.0,41.4,10.0,4.0,0.4,0.0,0.0,287.0,398.0,0.7,3.0,10.0,0.3,72.0,34.0,0.5,3.0,11.0,22.0,0.5,10.0,18.0,18.0,603786,2021-09-19 12:30:00,2021
Vitesse,18.0,2.0,1.0,1.0,6.0,3.0,59.9,17.0,6.0,0.4,0.0,0.0,377.0,472.0,0.8,6.0,26.0,0.2,66.0,35.0,0.5,6.0,10.0,18.0,0.6,13.0,11.0,11.0,FC Twente,17.0,3.0,0.0,0.0,4.0,5.0,40.1,12.0,7.0,0.6,1.0,1.0,226.0,322.0,0.7,3.0,10.0,0.3,63.0,20.0,0.3,3.0,12.0,26.0,0.5,5.0,21.0,21.0,603785,2021-09-19 14:45:00,2021
Heracles Almelo,7.0,3.0,0.0,1.0,1.0,2.0,50.6,14.0,7.0,0.5,0.0,0.0,429.0,515.0,0.8,3.0,14.0,0.2,49.0,26.0,0.5,3.0,10.0,17.0,0.6,11.0,17.0,17.0,AZ Alkmaar,14.0,1.0,1.0,0.0,7.0,4.0,49.4,10.0,4.0,0.4,0.0,0.0,407.0,497.0,0.8,3.0,18.0,0.2,58.0,27.0,0.5,4.0,12.0,18.0,0.7,10.0,9.0,9.0,603784,2021-09-19 14:45:00,2021
Fortuna Sittard,16.0,1.0,0.0,1.0,3.0,3.0,40.0,6.0,1.0,0.2,0.0,0.0,272.0,374.0,0.7,4.0,10.0,0.4,68.0,24.0,0.4,0.0,10.0,18.0,0.6,9.0,33.0,33.0,Ajax Amsterdam,5.0,0.0,0.0,1.0,8.0,1.0,60.0,25.0,9.0,0.4,0.0,0.0,454.0,559.0,0.8,4.0,18.0,0.2,62.0,30.0,0.5,8.0,12.0,15.0,0.8,9.0,8.0,8.0,603783,2021-09-21 16:45:00,2021
RKC Waalwijk,14.0,2.0,0.0,1.0,4.0,3.0,49.2,11.0,4.0,0.4,0.0,0.0,316.0,427.0,0.7,6.0,21.0,0.3,62.0,31.0,0.5,3.0,6.0,13.0,0.5,10.0,12.0,12.0,Willem II,6.0,0.0,0.0,2.0,5.0,3.0,50.8,14.0,5.0,0.4,0.0,0.0,347.0,453.0,0.8,3.0,16.0,0.2,74.0,28.0,0.4,5.0,12.0,17.0,0.7,5.0,19.0,19.0,603782,2021-09-21 19:00:00,2021
NEC Nijmegen,5.0,0.0,0.0,3.0,2.0,1.0,58.1,12.0,3.0,0.3,0.0,0.0,450.0,538.0,0.8,4.0,16.0,0.3,62.0,31.0,0.5,4.0,8.0,15.0,0.5,16.0,11.0,11.0,FC Utrecht,12.0,1.0,0.0,0.0,7.0,3.0,41.9,11.0,4.0,0.4,0.0,0.0,292.0,383.0,0.8,2.0,19.0,0.1,60.0,29.0,0.5,3.0,20.0,34.0,0.6,17.0,19.0,19.0,603779,2021-09-22 16:45:00,2021
Go Ahead Eagles,4.0,0.0,0.0,1.0,1.0,5.0,50.0,12.0,5.0,0.4,0.0,0.0,325.0,445.0,0.7,0.0,4.0,0.0,71.0,28.0,0.4,3.0,13.0,20.0,0.7,4.0,26.0,26.0,PSV Eindhoven,5.0,2.0,0.0,1.0,8.0,4.0,50.0,19.0,8.0,0.4,0.0,0.0,314.0,426.0,0.7,6.0,21.0,0.3,64.0,18.0,0.3,3.0,13.0,20.0,0.7,15.0,13.0,13.0,603781,2021-09-22 16:45:00,2021
FC Groningen,7.0,0.0,2.0,0.0,0.0,2.0,38.2,9.0,2.0,0.2,0.0,0.0,175.0,252.0,0.7,1.0,6.0,0.2,77.0,38.0,0.5,3.0,8.0,12.0,0.7,9.0,23.0,23.0,Vitesse,13.0,3.0,0.0,3.0,8.0,2.0,61.8,13.0,3.0,0.2,0.0,0.0,315.0,399.0,0.8,4.0,17.0,0.2,49.0,18.0,0.4,7.0,4.0,9.0,0.4,6.0,13.0,13.0,603778,2021-09-22 18:00:00,2021
PEC Zwolle,12.0,1.0,0.0,2.0,4.0,3.0,58.1,16.0,4.0,0.3,0.0,0.0,334.0,417.0,0.8,9.0,29.0,0.3,66.0,33.0,0.5,4.0,8.0,13.0,0.6,8.0,25.0,25.0,Sparta Rotterdam,14.0,2.0,0.0,3.0,7.0,3.0,41.9,8.0,4.0,0.5,0.0,0.0,188.0,305.0,0.6,4.0,17.0,0.2,68.0,20.0,0.3,2.0,13.0,26.0,0.5,6.0,23.0,23.0,603776,2021-09-22 19:00:00,2021
Feyenoord Rotterdam,6.0,1.0,0.0,2.0,8.0,0.0,62.6,21.0,9.0,0.4,0.0,0.0,530.0,615.0,0.9,6.0,20.0,0.3,62.0,37.0,0.6,7.0,5.0,12.0,0.4,11.0,9.0,9.0,Heerenveen,7.0,2.0,0.0,1.0,5.0,6.0,37.4,5.0,1.0,0.2,0.0,0.0,280.0,362.0,0.8,2.0,9.0,0.2,54.0,22.0,0.4,1.0,7.0,12.0,0.6,9.0,20.0,20.0,603777,2021-09-22 19:00:00,2021
SC Cambuur,15.0,0.0,0.0,1.0,3.0,4.0,50.1,10.0,4.0,0.4,0.0,0.0,303.0,392.0,0.8,2.0,6.0,0.3,81.0,40.0,0.5,4.0,7.0,13.0,0.5,10.0,27.0,27.0,Heracles Almelo,14.0,0.0,0.0,2.0,10.0,2.0,49.9,17.0,4.0,0.2,0.0,0.0,276.0,367.0,0.8,13.0,32.0,0.4,58.0,25.0,0.4,5.0,14.0,18.0,0.8,10.0,10.0,10.0,603780,2021-09-23 16:45:00,2021
FC Twente,9.0,1.0,0.0,0.0,3.0,4.0,42.0,11.0,7.0,0.6,0.0,0.0,284.0,384.0,0.7,2.0,9.0,0.2,73.0,32.0,0.4,2.0,12.0,17.0,0.7,10.0,11.0,11.0,AZ Alkmaar,14.0,4.0,0.0,2.0,4.0,4.0,58.0,11.0,5.0,0.5,0.0,0.0,434.0,529.0,0.8,3.0,16.0,0.2,65.0,36.0,0.6,4.0,7.0,12.0,0.6,11.0,6.0,6.0,603775,2021-09-23 19:00:00,2021
Willem II,11.0,1.0,0.0,1.0,1.0,8.0,34.6,3.0,1.0,0.3,0.0,0.0,189.0,305.0,0.6,0.0,9.0,0.0,75.0,30.0,0.4,1.0,14.0,27.0,0.5,18.0,21.0,21.0,PSV Eindhoven,10.0,2.0,0.0,0.0,6.0,0.0,65.4,25.0,9.0,0.4,0.0,0.0,461.0,574.0,0.8,11.0,24.0,0.5,54.0,28.0,0.5,9.0,9.0,15.0,0.6,5.0,12.0,12.0,603773,2021-09-25 14:30:00,2021
Vitesse,11.0,2.0,0.0,2.0,6.0,0.0,69.6,22.0,9.0,0.4,0.0,0.0,447.0,546.0,0.8,10.0,32.0,0.3,68.0,21.0,0.3,5.0,4.0,18.0,0.2,7.0,5.0,5.0,Fortuna Sittard,21.0,3.0,0.0,3.0,2.0,8.0,30.4,2.0,1.0,0.5,0.0,0.0,140.0,244.0,0.6,0.0,8.0,0.0,77.0,24.0,0.3,1.0,7.0,15.0,0.5,13.0,32.0,32.0,603772,2021-09-25 16:45:00,2021
Ajax Amsterdam,7.0,0.0,0.0,4.0,4.0,2.0,73.3,23.0,9.0,0.4,0.0,0.0,495.0,579.0,0.9,5.0,18.0,0.3,51.0,29.0,0.6,6.0,11.0,17.0,0.6,4.0,12.0,12.0,FC Groningen,9.0,1.0,0.0,0.0,2.0,6.0,26.7,5.0,2.0,0.4,0.0,0.0,122.0,212.0,0.6,1.0,8.0,0.1,77.0,24.0,0.3,2.0,14.0,20.0,0.7,7.0,18.0,18.0,603774,2021-09-25 16:45:00,2021
Feyenoord Rotterdam,12.0,2.0,0.0,0.0,7.0,0.0,72.5,19.0,7.0,0.4,1.0,1.0,604.0,678.0,0.9,5.0,25.0,0.2,54.0,35.0,0.6,4.0,11.0,17.0,0.6,6.0,10.0,10.0,NEC Nijmegen,12.0,2.0,0.0,1.0,1.0,2.0,27.5,8.0,3.0,0.4,0.0,0.0,184.0,257.0,0.7,3.0,8.0,0.4,51.0,18.0,0.4,3.0,15.0,22.0,0.7,13.0,41.0,41.0,603770,2021-09-25 19:00:00,2021
FC Utrecht,11.0,0.0,0.0,2.0,8.0,2.0,44.0,22.0,11.0,0.5,2.0,2.0,275.0,360.0,0.8,10.0,26.0,0.4,49.0,28.0,0.6,2.0,9.0,17.0,0.5,11.0,8.0,8.0,PEC Zwolle,10.0,1.0,0.0,0.0,1.0,6.0,56.0,8.0,3.0,0.4,0.0,0.0,381.0,475.0,0.8,3.0,15.0,0.2,77.0,45.0,0.6,2.0,9.0,26.0,0.3,10.0,13.0,13.0,603766,2021-09-25 19:00:00,2021
Sparta Rotterdam,6.0,1.0,1.0,1.0,5.0,1.0,51.8,9.0,1.0,0.1,0.0,0.0,322.0,425.0,0.8,7.0,25.0,0.3,61.0,27.0,0.4,3.0,6.0,8.0,0.8,6.0,7.0,7.0,SC Cambuur,13.0,3.0,0.0,1.0,2.0,1.0,48.2,9.0,5.0,0.6,0.0,0.0,325.0,415.0,0.8,1.0,7.0,0.1,89.0,47.0,0.5,0.0,13.0,24.0,0.5,17.0,22.0,22.0,603769,2021-09-26 10:15:00,2021
Heerenveen,13.0,3.0,0.0,1.0,5.0,3.0,48.1,12.0,3.0,0.3,0.0,0.0,273.0,400.0,0.7,4.0,20.0,0.2,86.0,34.0,0.4,3.0,10.0,19.0,0.5,12.0,15.0,15.0,FC Twente,7.0,0.0,0.0,3.0,4.0,2.0,51.9,13.0,5.0,0.4,1.0,1.0,320.0,444.0,0.7,3.0,11.0,0.3,77.0,26.0,0.3,3.0,12.0,16.0,0.8,9.0,28.0,28.0,603767,2021-09-26 12:30:00,2021
AZ Alkmaar,11.0,2.0,0.0,2.0,5.0,1.0,42.8,17.0,13.0,0.8,1.0,1.0,335.0,416.0,0.8,7.0,16.0,0.4,57.0,25.0,0.4,1.0,13.0,24.0,0.5,9.0,9.0,9.0,Go Ahead Eagles,10.0,3.0,0.0,4.0,2.0,8.0,57.2,6.0,1.0,0.2,0.0,0.0,481.0,574.0,0.8,3.0,8.0,0.4,59.0,31.0,0.5,1.0,12.0,24.0,0.5,11.0,13.0,13.0,603768,2021-09-26 12:30:00,2021
Heracles Almelo,5.0,0.0,0.0,3.0,6.0,0.0,54.8,21.0,8.0,0.4,0.0,0.0,441.0,542.0,0.8,7.0,17.0,0.4,72.0,40.0,0.6,5.0,10.0,20.0,0.5,20.0,14.0,14.0,RKC Waalwijk,5.0,1.0,0.0,0.0,1.0,7.0,45.2,5.0,0.0,0.0,0.0,0.0,343.0,443.0,0.8,3.0,11.0,0.3,64.0,32.0,0.5,3.0,12.0,18.0,0.7,13.0,14.0,14.0,603771,2021-09-26 14:45:00,2021
FC Groningen,10.0,3.0,0.0,1.0,4.0,2.0,40.5,8.0,4.0,0.5,0.0,0.0,190.0,288.0,0.7,6.0,20.0,0.3,82.0,36.0,0.4,1.0,20.0,31.0,0.6,10.0,34.0,34.0,FC Twente,11.0,4.0,0.0,3.0,7.0,3.0,59.5,11.0,3.0,0.3,0.0,0.0,323.0,427.0,0.8,6.0,22.0,0.3,62.0,28.0,0.5,1.0,4.0,11.0,0.4,3.0,20.0,20.0,603765,2021-10-01 18:00:00,2021
RKC Waalwijk,14.0,2.0,0.0,2.0,5.0,2.0,54.4,16.0,3.0,0.2,1.0,1.0,337.0,445.0,0.8,6.0,23.0,0.3,74.0,32.0,0.4,7.0,12.0,20.0,0.6,17.0,21.0,21.0,Go Ahead Eagles,14.0,4.0,0.0,2.0,4.0,2.0,45.6,13.0,3.0,0.2,0.0,0.0,286.0,376.0,0.8,2.0,18.0,0.1,66.0,28.0,0.4,5.0,9.0,17.0,0.5,17.0,27.0,27.0,603764,2021-10-02 16:45:00,2021
PEC Zwolle,11.0,2.0,0.0,1.0,5.0,2.0,48.0,16.0,3.0,0.2,0.0,0.0,300.0,401.0,0.7,7.0,18.0,0.4,72.0,34.0,0.5,5.0,7.0,10.0,0.7,11.0,20.0,20.0,Heerenveen,12.0,1.0,0.0,5.0,7.0,3.0,52.0,9.0,2.0,0.2,0.0,0.0,325.0,430.0,0.8,2.0,21.0,0.1,70.0,32.0,0.5,2.0,14.0,27.0,0.5,7.0,8.0,8.0,603762,2021-10-02 18:00:00,2021
Heracles Almelo,10.0,0.0,0.0,0.0,6.0,3.0,51.5,17.0,7.0,0.4,1.0,1.0,338.0,434.0,0.8,8.0,19.0,0.4,64.0,32.0,0.5,4.0,23.0,33.0,0.7,15.0,13.0,13.0,Willem II,6.0,2.0,0.0,0.0,4.0,4.0,48.5,13.0,5.0,0.4,0.0,0.0,319.0,413.0,0.8,3.0,13.0,0.2,72.0,34.0,0.5,3.0,10.0,22.0,0.5,14.0,18.0,18.0,603763,2021-10-02 18:00:00,2021
Fortuna Sittard,14.0,2.0,0.0,0.0,3.0,1.0,59.5,11.0,3.0,0.3,1.0,1.0,455.0,541.0,0.8,2.0,15.0,0.1,73.0,43.0,0.6,4.0,8.0,11.0,0.7,3.0,10.0,10.0,NEC Nijmegen,9.0,2.0,0.0,3.0,1.0,2.0,40.5,10.0,4.0,0.4,0.0,0.0,286.0,369.0,0.8,2.0,6.0,0.3,52.0,17.0,0.3,1.0,9.0,13.0,0.7,5.0,20.0,20.0,603761,2021-10-02 19:00:00,2021
SC Cambuur,12.0,2.0,1.0,3.0,3.0,2.0,52.3,14.0,4.0,0.3,0.0,0.0,386.0,474.0,0.8,5.0,12.0,0.4,81.0,50.0,0.6,3.0,11.0,17.0,0.6,7.0,15.0,15.0,AZ Alkmaar,15.0,3.0,0.0,4.0,1.0,3.0,47.7,10.0,5.0,0.5,0.0,0.0,351.0,426.0,0.8,1.0,12.0,0.1,56.0,35.0,0.6,3.0,9.0,15.0,0.6,4.0,9.0,9.0,603758,2021-10-03 12:30:00,2021
Ajax Amsterdam,8.0,1.0,0.0,3.0,12.0,3.0,68.7,20.0,6.0,0.3,0.0,0.0,494.0,593.0,0.8,10.0,40.0,0.3,43.0,21.0,0.5,6.0,10.0,19.0,0.5,10.0,11.0,11.0,FC Utrecht,9.0,4.0,0.0,1.0,3.0,6.0,31.3,8.0,4.0,0.5,0.0,0.0,171.0,274.0,0.6,3.0,7.0,0.4,65.0,25.0,0.4,2.0,9.0,18.0,0.5,13.0,37.0,37.0,603760,2021-10-03 12:30:00,2021
Vitesse,9.0,2.0,2.0,0.0,9.0,3.0,47.5,14.0,6.0,0.4,0.0,0.0,221.0,334.0,0.7,8.0,28.0,0.3,77.0,30.0,0.4,4.0,7.0,12.0,0.6,20.0,19.0,19.0,Feyenoord Rotterdam,13.0,3.0,0.0,0.0,6.0,4.0,52.5,19.0,3.0,0.2,0.0,0.0,269.0,376.0,0.7,7.0,22.0,0.3,65.0,22.0,0.3,7.0,16.0,26.0,0.6,11.0,17.0,17.0,603759,2021-10-03 14:45:00,2021
PSV Eindhoven,4.0,1.0,0.0,3.0,10.0,1.0,76.3,26.0,12.0,0.5,0.0,0.0,680.0,773.0,0.9,5.0,23.0,0.2,47.0,27.0,0.6,7.0,12.0,18.0,0.7,14.0,5.0,5.0,Sparta Rotterdam,12.0,2.0,0.0,0.0,0.0,9.0,23.7,5.0,2.0,0.4,0.0,0.0,150.0,246.0,0.6,2.0,2.0,1.0,73.0,28.0,0.4,0.0,9.0,15.0,0.6,11.0,38.0,38.0,603757,2021-10-03 18:00:00,2021
Feyenoord Rotterdam,5.0,2.0,0.0,2.0,10.0,1.0,59.7,27.0,9.0,0.3,0.0,0.0,491.0,583.0,0.8,8.0,37.0,0.2,67.0,34.0,0.5,10.0,11.0,20.0,0.6,13.0,6.0,6.0,RKC Waalwijk,7.0,2.0,0.0,1.0,2.0,7.0,40.3,5.0,3.0,0.6,0.0,0.0,294.0,406.0,0.7,2.0,7.0,0.3,64.0,30.0,0.5,1.0,15.0,30.0,0.5,15.0,38.0,38.0,603756,2021-10-16 14:30:00,2021
Heerenveen,8.0,4.0,0.0,2.0,7.0,1.0,36.1,14.0,5.0,0.4,0.0,0.0,246.0,340.0,0.7,5.0,16.0,0.3,59.0,28.0,0.5,4.0,10.0,16.0,0.6,8.0,21.0,21.0,Ajax Amsterdam,8.0,0.0,0.0,4.0,7.0,5.0,63.9,15.0,3.0,0.2,0.0,0.0,540.0,621.0,0.9,3.0,14.0,0.2,46.0,31.0,0.7,6.0,7.0,16.0,0.4,6.0,15.0,15.0,603754,2021-10-16 16:45:00,2021
Go Ahead Eagles,9.0,1.0,2.0,0.0,6.0,4.0,44.3,12.0,4.0,0.3,0.0,0.0,217.0,305.0,0.7,4.0,13.0,0.3,55.0,22.0,0.4,3.0,10.0,16.0,0.6,10.0,22.0,22.0,Heracles Almelo,14.0,3.0,0.0,2.0,6.0,1.0,55.7,22.0,6.0,0.3,0.0,0.0,307.0,378.0,0.8,10.0,28.0,0.4,45.0,26.0,0.6,8.0,13.0,19.0,0.7,9.0,17.0,17.0,603755,2021-10-16 16:45:00,2021
PSV Eindhoven,8.0,1.0,0.0,4.0,7.0,0.0,69.3,28.0,10.0,0.4,0.0,0.0,575.0,673.0,0.9,7.0,20.0,0.4,47.0,26.0,0.6,5.0,9.0,20.0,0.5,18.0,7.0,7.0,PEC Zwolle,16.0,3.0,0.0,1.0,2.0,7.0,30.7,6.0,1.0,0.2,0.0,0.0,178.0,297.0,0.6,4.0,10.0,0.4,88.0,39.0,0.4,2.0,15.0,24.0,0.6,22.0,26.0,26.0,603752,2021-10-16 19:00:00,2021
Fortuna Sittard,11.0,3.0,0.0,1.0,6.0,3.0,46.2,9.0,6.0,0.7,0.0,0.0,223.0,338.0,0.7,6.0,19.0,0.3,77.0,27.0,0.4,1.0,7.0,11.0,0.6,4.0,11.0,11.0,SC Cambuur,9.0,1.0,0.0,5.0,3.0,5.0,53.8,8.0,3.0,0.4,0.0,0.0,311.0,407.0,0.8,3.0,7.0,0.4,69.0,36.0,0.5,1.0,10.0,13.0,0.8,9.0,14.0,14.0,603753,2021-10-16 19:00:00,2021
AZ Alkmaar,10.0,0.0,0.0,4.0,2.0,2.0,50.9,10.0,7.0,0.7,1.0,1.0,450.0,518.0,0.9,2.0,10.0,0.2,49.0,26.0,0.5,2.0,4.0,14.0,0.3,2.0,23.0,23.0,FC Utrecht,7.0,0.0,0.0,0.0,3.0,2.0,49.1,8.0,3.0,0.4,0.0,0.0,404.0,498.0,0.8,0.0,17.0,0.0,53.0,27.0,0.5,2.0,8.0,14.0,0.6,11.0,8.0,8.0,603751,2021-10-17 10:15:00,2021
NEC Nijmegen,17.0,3.0,0.0,0.0,4.0,4.0,55.2,9.0,3.0,0.3,0.0,0.0,340.0,450.0,0.8,4.0,16.0,0.3,58.0,20.0,0.3,2.0,11.0,19.0,0.6,9.0,15.0,15.0,Vitesse,18.0,4.0,0.0,1.0,4.0,3.0,44.8,15.0,6.0,0.4,0.0,0.0,257.0,360.0,0.7,6.0,20.0,0.3,67.0,26.0,0.4,1.0,17.0,24.0,0.7,12.0,12.0,12.0,603750,2021-10-17 12:30:00,2021
Sparta Rotterdam,8.0,4.0,0.0,3.0,5.0,2.0,48.7,17.0,5.0,0.3,0.0,0.0,240.0,356.0,0.7,5.0,20.0,0.3,81.0,27.0,0.3,5.0,9.0,12.0,0.8,11.0,13.0,13.0,FC Groningen,12.0,2.0,0.0,6.0,5.0,3.0,51.3,7.0,3.0,0.4,0.0,0.0,275.0,380.0,0.7,2.0,16.0,0.1,94.0,44.0,0.5,1.0,10.0,14.0,0.7,12.0,19.0,19.0,603749,2021-10-17 12:30:00,2021
FC Twente,15.0,1.0,1.0,2.0,3.0,2.0,55.8,6.0,2.0,0.3,0.0,0.0,392.0,494.0,0.8,4.0,20.0,0.2,57.0,22.0,0.4,1.0,11.0,17.0,0.6,14.0,14.0,14.0,Willem II,12.0,1.0,1.0,1.0,3.0,1.0,44.2,7.0,3.0,0.4,0.0,0.0,287.0,393.0,0.7,2.0,13.0,0.2,69.0,31.0,0.4,4.0,12.0,15.0,0.8,7.0,23.0,23.0,603748,2021-10-17 14:45:00,2021
Willem II,8.0,1.0,0.0,1.0,8.0,6.0,60.5,21.0,7.0,0.3,0.0,0.0,426.0,507.0,0.8,9.0,27.0,0.3,77.0,42.0,0.5,6.0,5.0,10.0,0.5,3.0,21.0,21.0,Fortuna Sittard,12.0,2.0,0.0,0.0,5.0,6.0,39.5,11.0,7.0,0.6,0.0,0.0,233.0,336.0,0.7,3.0,14.0,0.2,80.0,33.0,0.4,2.0,10.0,19.0,0.5,10.0,27.0,27.0,603747,2021-10-22 18:00:00,2021
FC Utrecht,13.0,1.0,0.0,2.0,6.0,6.0,43.3,16.0,6.0,0.4,0.0,0.0,322.0,405.0,0.8,9.0,24.0,0.4,57.0,27.0,0.5,6.0,10.0,21.0,0.5,16.0,18.0,18.0,Heerenveen,12.0,1.0,0.0,2.0,3.0,2.0,56.7,12.0,6.0,0.5,0.0,0.0,472.0,552.0,0.9,3.0,13.0,0.2,62.0,35.0,0.6,1.0,4.0,13.0,0.3,7.0,29.0,29.0,603744,2021-10-23 16:45:00,2021
PEC Zwolle,12.0,0.0,0.0,0.0,3.0,3.0,50.8,10.0,2.0,0.2,1.0,1.0,334.0,424.0,0.8,2.0,17.0,0.1,52.0,34.0,0.7,4.0,10.0,19.0,0.5,8.0,7.0,7.0,Heracles Almelo,15.0,1.0,0.0,3.0,3.0,1.0,49.2,10.0,3.0,0.3,0.0,1.0,343.0,422.0,0.8,3.0,11.0,0.3,57.0,23.0,0.4,3.0,12.0,17.0,0.7,9.0,21.0,21.0,603746,2021-10-23 18:00:00,2021
RKC Waalwijk,10.0,0.0,0.0,5.0,3.0,2.0,51.1,10.0,4.0,0.4,0.0,0.0,380.0,484.0,0.8,7.0,20.0,0.4,71.0,33.0,0.5,3.0,7.0,12.0,0.6,14.0,25.0,25.0,Sparta Rotterdam,9.0,1.0,0.0,2.0,3.0,3.0,48.9,9.0,2.0,0.2,0.0,0.0,344.0,462.0,0.7,5.0,17.0,0.3,80.0,29.0,0.4,3.0,11.0,12.0,0.9,12.0,14.0,14.0,603743,2021-10-23 19:00:00,2021
FC Twente,13.0,2.0,0.0,0.0,5.0,2.0,58.3,20.0,6.0,0.3,0.0,0.0,426.0,528.0,0.8,5.0,18.0,0.3,53.0,27.0,0.5,7.0,19.0,27.0,0.7,7.0,12.0,12.0,NEC Nijmegen,13.0,4.0,0.0,2.0,4.0,5.0,41.7,6.0,4.0,0.7,0.0,0.0,292.0,376.0,0.8,2.0,11.0,0.2,59.0,25.0,0.4,2.0,14.0,20.0,0.7,17.0,23.0,23.0,603745,2021-10-24 10:15:00,2021
SC Cambuur,5.0,1.0,0.0,2.0,4.0,2.0,39.3,8.0,4.0,0.5,0.0,0.0,222.0,336.0,0.7,0.0,6.0,0.0,94.0,40.0,0.4,1.0,16.0,25.0,0.6,9.0,29.0,29.0,Feyenoord Rotterdam,6.0,1.0,0.0,6.0,6.0,2.0,60.7,20.0,5.0,0.3,0.0,0.0,409.0,515.0,0.8,6.0,19.0,0.3,69.0,34.0,0.5,8.0,9.0,13.0,0.7,9.0,14.0,14.0,603742,2021-10-24 12:30:00,2021
Vitesse,17.0,4.0,0.0,1.0,4.0,3.0,53.4,11.0,3.0,0.3,1.0,1.0,319.0,421.0,0.8,10.0,28.0,0.4,57.0,21.0,0.4,1.0,8.0,17.0,0.5,9.0,14.0,14.0,Go Ahead Eagles,8.0,1.0,0.0,0.0,4.0,3.0,46.6,10.0,6.0,0.6,1.0,1.0,272.0,386.0,0.7,2.0,11.0,0.2,79.0,30.0,0.4,1.0,5.0,10.0,0.5,14.0,25.0,25.0,603741,2021-10-24 12:30:00,2021
Ajax Amsterdam,12.0,2.0,0.0,0.0,6.0,5.0,57.9,16.0,7.0,0.4,0.0,0.0,475.0,577.0,0.8,5.0,17.0,0.3,49.0,26.0,0.5,5.0,12.0,26.0,0.5,9.0,21.0,21.0,PSV Eindhoven,12.0,2.0,0.0,0.0,1.0,1.0,42.1,10.0,5.0,0.5,0.0,0.0,305.0,413.0,0.7,4.0,16.0,0.3,50.0,22.0,0.4,3.0,14.0,19.0,0.7,11.0,17.0,17.0,603739,2021-10-24 14:45:00,2021
FC Groningen,12.0,1.0,0.0,1.0,3.0,7.0,35.4,8.0,4.0,0.5,0.0,0.0,242.0,336.0,0.7,1.0,14.0,0.1,75.0,28.0,0.4,1.0,11.0,14.0,0.8,15.0,25.0,25.0,AZ Alkmaar,7.0,3.0,0.0,2.0,12.0,2.0,64.6,21.0,9.0,0.4,0.0,0.0,530.0,625.0,0.8,6.0,26.0,0.2,51.0,28.0,0.5,6.0,7.0,17.0,0.4,14.0,9.0,9.0,603740,2021-10-24 18:00:00,2021
PSV Eindhoven,9.0,0.0,0.0,1.0,4.0,2.0,53.4,19.0,11.0,0.6,0.0,0.0,395.0,498.0,0.8,7.0,18.0,0.4,57.0,25.0,0.4,1.0,9.0,18.0,0.5,22.0,11.0,11.0,FC Twente,6.0,1.0,0.0,0.0,2.0,5.0,46.6,7.0,4.0,0.6,0.0,0.0,332.0,446.0,0.7,1.0,6.0,0.2,60.0,25.0,0.4,1.0,13.0,21.0,0.6,19.0,16.0,16.0,603734,2021-10-30 14:30:00,2021
Heracles Almelo,13.0,4.0,0.0,2.0,2.0,7.0,29.8,7.0,5.0,0.7,0.0,0.0,172.0,271.0,0.6,2.0,13.0,0.2,64.0,21.0,0.3,1.0,9.0,16.0,0.6,8.0,30.0,30.0,Ajax Amsterdam,7.0,1.0,0.0,2.0,6.0,5.0,70.2,18.0,7.0,0.4,0.0,0.0,552.0,656.0,0.8,4.0,22.0,0.2,44.0,21.0,0.5,7.0,13.0,20.0,0.7,15.0,13.0,13.0,603737,2021-10-30 16:45:00,2021
Heerenveen,3.0,0.0,1.0,3.0,2.0,7.0,32.3,6.0,1.0,0.2,0.0,0.0,178.0,274.0,0.7,1.0,9.0,0.1,67.0,24.0,0.4,1.0,9.0,14.0,0.6,6.0,40.0,40.0,Vitesse,12.0,2.0,0.0,2.0,11.0,0.0,67.7,26.0,9.0,0.3,0.0,0.0,460.0,554.0,0.8,7.0,38.0,0.2,52.0,27.0,0.5,8.0,9.0,19.0,0.5,1.0,14.0,14.0,603736,2021-10-30 18:00:00,2021
AZ Alkmaar,8.0,2.0,0.0,4.0,3.0,1.0,56.9,17.0,6.0,0.4,0.0,0.0,456.0,545.0,0.8,6.0,16.0,0.4,69.0,39.0,0.6,5.0,6.0,14.0,0.4,9.0,8.0,8.0,PEC Zwolle,15.0,3.0,0.0,0.0,1.0,3.0,43.1,7.0,3.0,0.4,0.0,0.0,317.0,409.0,0.8,4.0,16.0,0.3,54.0,17.0,0.3,2.0,7.0,15.0,0.5,11.0,16.0,16.0,603738,2021-10-30 19:00:00,2021
Sparta Rotterdam,10.0,2.0,0.0,0.0,7.0,5.0,33.6,6.0,2.0,0.3,0.0,0.0,164.0,280.0,0.6,3.0,15.0,0.2,68.0,26.0,0.4,2.0,7.0,10.0,0.7,14.0,29.0,29.0,Feyenoord Rotterdam,6.0,1.0,0.0,1.0,8.0,3.0,66.4,15.0,6.0,0.4,0.0,0.0,461.0,565.0,0.8,2.0,13.0,0.2,61.0,24.0,0.4,4.0,11.0,15.0,0.7,8.0,25.0,25.0,603733,2021-10-31 11:15:00,2021
NEC Nijmegen,14.0,0.0,0.0,2.0,6.0,1.0,53.8,18.0,10.0,0.6,0.0,0.0,372.0,445.0,0.8,6.0,13.0,0.5,52.0,29.0,0.6,4.0,8.0,13.0,0.6,3.0,15.0,15.0,FC Groningen,15.0,2.0,0.0,0.0,6.0,7.0,46.2,11.0,1.0,0.1,0.0,0.0,297.0,367.0,0.8,5.0,23.0,0.2,49.0,21.0,0.4,3.0,21.0,25.0,0.8,7.0,17.0,17.0,603731,2021-10-31 13:30:00,2021
RKC Waalwijk,8.0,2.0,0.0,1.0,8.0,4.0,50.9,20.0,3.0,0.2,0.0,0.0,306.0,400.0,0.8,8.0,30.0,0.3,70.0,37.0,0.5,5.0,8.0,14.0,0.6,2.0,13.0,13.0,SC Cambuur,9.0,1.0,0.0,1.0,3.0,2.0,49.1,14.0,5.0,0.4,0.0,1.0,308.0,410.0,0.8,3.0,13.0,0.2,89.0,37.0,0.4,3.0,14.0,22.0,0.6,18.0,23.0,23.0,603730,2021-10-31 15:45:00,2021
FC Utrecht,9.0,2.0,0.0,1.0,4.0,2.0,54.7,19.0,7.0,0.4,0.0,0.0,383.0,485.0,0.8,8.0,14.0,0.6,58.0,27.0,0.5,5.0,11.0,21.0,0.5,7.0,10.0,10.0,Willem II,16.0,3.0,0.0,1.0,5.0,2.0,45.3,9.0,3.0,0.3,0.0,0.0,305.0,399.0,0.8,3.0,19.0,0.2,68.0,27.0,0.4,1.0,11.0,23.0,0.5,9.0,16.0,16.0,603732,2021-10-31 15:45:00,2021
Go Ahead Eagles,8.0,2.0,0.0,3.0,5.0,1.0,66.5,23.0,5.0,0.2,0.0,0.0,493.0,581.0,0.8,12.0,37.0,0.3,59.0,24.0,0.4,8.0,11.0,14.0,0.8,6.0,10.0,10.0,Fortuna Sittard,8.0,0.0,0.0,0.0,3.0,1.0,33.5,11.0,5.0,0.5,0.0,0.0,202.0,300.0,0.7,4.0,13.0,0.3,68.0,19.0,0.3,3.0,9.0,13.0,0.7,6.0,30.0,30.0,603735,2021-10-31 19:00:00,2021
FC Twente,14.0,3.0,0.0,1.0,4.0,2.0,45.4,15.0,5.0,0.3,0.0,0.0,233.0,334.0,0.7,3.0,16.0,0.2,55.0,22.0,0.4,5.0,9.0,17.0,0.5,7.0,14.0,14.0,Heracles Almelo,18.0,3.0,0.0,3.0,2.0,4.0,54.6,10.0,2.0,0.2,0.0,0.0,314.0,410.0,0.8,3.0,10.0,0.3,41.0,15.0,0.4,3.0,15.0,21.0,0.7,13.0,28.0,28.0,603729,2021-11-05 19:00:00,2021
NEC Nijmegen,3.0,0.0,0.0,0.0,11.0,5.0,49.4,17.0,7.0,0.4,0.0,0.0,396.0,475.0,0.8,5.0,26.0,0.2,44.0,19.0,0.4,4.0,8.0,15.0,0.5,18.0,26.0,26.0,Heerenveen,8.0,0.0,0.0,0.0,7.0,7.0,50.6,19.0,6.0,0.3,0.0,0.0,407.0,490.0,0.8,6.0,20.0,0.3,59.0,38.0,0.6,7.0,9.0,17.0,0.5,17.0,18.0,18.0,603725,2021-11-06 17:45:00,2021
Willem II,7.0,1.0,0.0,0.0,5.0,2.0,56.0,8.0,0.0,0.0,0.0,0.0,375.0,507.0,0.7,0.0,18.0,0.0,66.0,21.0,0.3,1.0,10.0,13.0,0.8,5.0,29.0,29.0,Sparta Rotterdam,10.0,3.0,0.0,2.0,7.0,0.0,44.0,10.0,5.0,0.5,0.0,0.0,255.0,397.0,0.6,3.0,17.0,0.2,83.0,34.0,0.4,4.0,12.0,26.0,0.5,16.0,18.0,18.0,603727,2021-11-06 19:00:00,2021
PEC Zwolle,15.0,6.0,0.0,2.0,8.0,2.0,50.6,14.0,4.0,0.3,0.0,0.0,278.0,368.0,0.8,8.0,24.0,0.3,66.0,36.0,0.5,3.0,10.0,17.0,0.6,12.0,14.0,14.0,SC Cambuur,10.0,3.0,0.0,0.0,3.0,3.0,49.4,13.0,4.0,0.3,0.0,0.0,265.0,371.0,0.7,4.0,10.0,0.4,81.0,43.0,0.5,3.0,9.0,18.0,0.5,12.0,36.0,36.0,603728,2021-11-06 20:00:00,2021
FC Groningen,9.0,1.0,0.0,3.0,5.0,0.0,64.1,15.0,6.0,0.4,0.0,0.0,419.0,512.0,0.8,3.0,32.0,0.1,100.0,57.0,0.6,3.0,14.0,19.0,0.7,18.0,8.0,8.0,RKC Waalwijk,23.0,1.0,0.0,2.0,3.0,5.0,35.9,6.0,1.0,0.2,0.0,0.0,182.0,291.0,0.6,2.0,10.0,0.2,67.0,27.0,0.4,2.0,8.0,14.0,0.6,13.0,25.0,25.0,603723,2021-11-07 11:15:00,2021
Fortuna Sittard,7.0,0.0,0.0,2.0,1.0,4.0,43.2,8.0,1.0,0.1,0.0,0.0,346.0,443.0,0.8,1.0,14.0,0.1,72.0,40.0,0.6,3.0,11.0,18.0,0.6,14.0,18.0,18.0,PSV Eindhoven,7.0,1.0,0.0,1.0,5.0,1.0,56.8,21.0,9.0,0.4,0.0,0.0,501.0,593.0,0.8,6.0,13.0,0.5,73.0,30.0,0.4,7.0,13.0,16.0,0.8,9.0,12.0,12.0,603722,2021-11-07 13:30:00,2021
Vitesse,12.0,0.0,0.0,3.0,9.0,1.0,49.2,19.0,8.0,0.4,0.0,0.0,346.0,446.0,0.8,3.0,19.0,0.2,71.0,30.0,0.4,7.0,7.0,11.0,0.6,15.0,10.0,10.0,FC Utrecht,14.0,3.0,0.0,2.0,2.0,6.0,50.8,6.0,2.0,0.3,0.0,0.0,366.0,467.0,0.8,1.0,9.0,0.1,54.0,26.0,0.5,2.0,9.0,19.0,0.5,11.0,16.0,16.0,603724,2021-11-07 15:45:00,2021
Feyenoord Rotterdam,10.0,0.0,0.0,2.0,5.0,3.0,51.7,21.0,9.0,0.4,0.0,0.0,350.0,451.0,0.8,1.0,16.0,0.1,62.0,28.0,0.5,4.0,10.0,13.0,0.8,6.0,9.0,9.0,AZ Alkmaar,12.0,2.0,0.0,3.0,4.0,7.0,48.3,9.0,4.0,0.4,0.0,0.0,325.0,422.0,0.8,2.0,14.0,0.1,67.0,23.0,0.3,1.0,9.0,13.0,0.7,9.0,31.0,31.0,603721,2021-11-07 15:45:00,2021
Ajax Amsterdam,7.0,2.0,0.0,1.0,7.0,2.0,76.3,29.0,5.0,0.2,0.0,0.0,708.0,806.0,0.9,15.0,48.0,0.3,43.0,33.0,0.8,11.0,3.0,10.0,0.3,10.0,6.0,6.0,Go Ahead Eagles,3.0,1.0,0.0,2.0,3.0,4.0,23.7,2.0,2.0,1.0,0.0,0.0,140.0,256.0,0.5,0.0,7.0,0.0,81.0,18.0,0.2,0.0,8.0,25.0,0.3,16.0,53.0,53.0,603726,2021-11-07 19:00:00,2021
PSV Eindhoven,8.0,0.0,0.0,4.0,0.0,5.0,54.9,8.0,5.0,0.6,0.0,0.0,499.0,608.0,0.8,1.0,5.0,0.2,65.0,25.0,0.4,2.0,15.0,21.0,0.7,16.0,18.0,18.0,Vitesse,9.0,2.0,0.0,1.0,5.0,3.0,45.1,14.0,5.0,0.4,0.0,0.0,366.0,484.0,0.8,6.0,14.0,0.4,75.0,34.0,0.5,6.0,18.0,24.0,0.8,14.0,8.0,8.0,603720,2021-11-20 15:30:00,2021
Sparta Rotterdam,9.0,1.0,0.0,2.0,4.0,3.0,35.7,11.0,4.0,0.4,0.0,0.0,216.0,323.0,0.7,5.0,18.0,0.3,76.0,28.0,0.4,2.0,6.0,8.0,0.8,14.0,20.0,20.0,FC Twente,6.0,1.0,0.0,2.0,3.0,4.0,64.3,6.0,4.0,0.7,1.0,1.0,476.0,594.0,0.8,3.0,18.0,0.2,87.0,34.0,0.4,0.0,5.0,14.0,0.4,7.0,19.0,19.0,603718,2021-11-20 17:45:00,2021
AZ Alkmaar,6.0,1.0,0.0,0.0,15.0,1.0,70.5,22.0,7.0,0.3,0.0,0.0,638.0,732.0,0.9,12.0,46.0,0.3,59.0,33.0,0.6,6.0,12.0,20.0,0.6,11.0,6.0,6.0,NEC Nijmegen,7.0,0.0,0.0,3.0,1.0,6.0,29.5,7.0,2.0,0.3,0.0,0.0,237.0,313.0,0.8,0.0,7.0,0.0,64.0,31.0,0.5,0.0,6.0,9.0,0.7,11.0,36.0,36.0,603719,2021-11-20 19:00:00,2021
Heracles Almelo,11.0,1.0,0.0,2.0,5.0,2.0,51.1,19.0,8.0,0.4,0.0,0.0,336.0,433.0,0.8,6.0,13.0,0.5,56.0,18.0,0.3,8.0,7.0,9.0,0.8,14.0,14.0,14.0,Fortuna Sittard,19.0,4.0,0.0,1.0,4.0,4.0,48.9,14.0,4.0,0.3,0.0,0.0,321.0,414.0,0.8,6.0,15.0,0.4,67.0,32.0,0.5,0.0,14.0,22.0,0.6,13.0,21.0,21.0,603717,2021-11-20 20:00:00,2021
Go Ahead Eagles,17.0,2.0,2.0,1.0,5.0,8.0,37.5,6.0,4.0,0.7,0.0,0.0,212.0,290.0,0.7,2.0,8.0,0.3,52.0,17.0,0.3,1.0,8.0,10.0,0.8,14.0,18.0,18.0,FC Groningen,7.0,1.0,0.0,1.0,6.0,2.0,62.5,19.0,9.0,0.5,0.0,0.0,378.0,463.0,0.8,10.0,32.0,0.3,82.0,41.0,0.5,5.0,4.0,10.0,0.4,2.0,8.0,8.0,603715,2021-11-21 11:15:00,2021
Feyenoord Rotterdam,12.0,0.0,0.0,3.0,6.0,4.0,64.4,18.0,9.0,0.5,0.0,0.0,587.0,692.0,0.8,6.0,16.0,0.4,56.0,30.0,0.5,2.0,3.0,11.0,0.3,9.0,7.0,7.0,PEC Zwolle,7.0,0.0,0.0,3.0,2.0,5.0,35.6,5.0,4.0,0.8,0.0,0.0,281.0,387.0,0.7,1.0,8.0,0.1,73.0,21.0,0.3,0.0,12.0,18.0,0.7,13.0,17.0,17.0,603713,2021-11-21 13:30:00,2021
Heerenveen,0.0,0.0,0.0,0.0,0.0,0.0,0.0,0.0,0.0,0.0,0.0,0.0,0.0,0.0,0.0,0.0,0.0,0.0,0.0,0.0,0.0,0.0,0.0,0.0,0.0,0.0,0.0,0.0,Willem II,0.0,0.0,0.0,0.0,0.0,0.0,0.0,0.0,0.0,0.0,0.0,0.0,0.0,0.0,0.0,0.0,0.0,0.0,0.0,0.0,0.0,0.0,0.0,0.0,0.0,0.0,0.0,0.0,603714,2021-11-21 13:30:00,2021
RKC Waalwijk,6.0,1.0,0.0,1.0,5.0,5.0,31.6,9.0,2.0,0.2,0.0,0.0,219.0,306.0,0.7,6.0,12.0,0.5,50.0,20.0,0.4,1.0,11.0,15.0,0.7,17.0,31.0,31.0,Ajax Amsterdam,11.0,0.0,0.0,3.0,9.0,2.0,68.4,22.0,10.0,0.5,0.0,0.0,585.0,664.0,0.9,9.0,34.0,0.3,53.0,40.0,0.8,5.0,9.0,16.0,0.6,12.0,10.0,10.0,603716,2021-11-21 15:45:00,2021
SC Cambuur,13.0,0.0,0.0,1.0,6.0,4.0,52.6,10.0,4.0,0.4,0.0,0.0,349.0,458.0,0.8,2.0,18.0,0.1,82.0,41.0,0.5,3.0,15.0,23.0,0.7,14.0,27.0,27.0,FC Utrecht,12.0,2.0,0.0,3.0,11.0,2.0,47.4,15.0,5.0,0.3,0.0,0.0,312.0,403.0,0.8,8.0,26.0,0.3,50.0,24.0,0.5,7.0,9.0,16.0,0.6,12.0,17.0,17.0,603712,2021-11-21 19:00:00,2021
NEC Nijmegen,9.0,3.0,0.0,1.0,10.0,5.0,51.7,20.0,9.0,0.5,0.0,0.0,375.0,456.0,0.8,8.0,28.0,0.3,59.0,29.0,0.5,8.0,10.0,14.0,0.7,12.0,6.0,6.0,SC Cambuur,12.0,1.0,0.0,0.0,3.0,7.0,48.3,15.0,8.0,0.5,0.0,0.0,361.0,451.0,0.8,3.0,7.0,0.4,60.0,25.0,0.4,3.0,8.0,16.0,0.5,9.0,28.0,28.0,603711,2021-11-26 19:00:00,2021
Fortuna Sittard,9.0,0.0,1.0,6.0,1.0,4.0,39.9,11.0,7.0,0.6,0.0,0.0,215.0,296.0,0.7,0.0,4.0,0.0,70.0,28.0,0.4,1.0,8.0,14.0,0.6,7.0,15.0,15.0,FC Groningen,10.0,1.0,0.0,2.0,2.0,6.0,60.1,14.0,7.0,0.5,0.0,0.0,353.0,431.0,0.8,3.0,13.0,0.2,64.0,27.0,0.4,1.0,13.0,16.0,0.8,4.0,9.0,9.0,603709,2021-11-27 17:45:00,2021
PEC Zwolle,11.0,1.0,0.0,2.0,4.0,3.0,52.8,9.0,1.0,0.1,0.0,1.0,383.0,488.0,0.8,0.0,18.0,0.0,73.0,31.0,0.4,3.0,14.0,19.0,0.7,11.0,25.0,25.0,RKC Waalwijk,16.0,2.0,0.0,2.0,5.0,1.0,47.2,5.0,3.0,0.6,0.0,0.0,326.0,430.0,0.8,1.0,21.0,0.0,53.0,29.0,0.5,0.0,3.0,11.0,0.3,10.0,29.0,29.0,603710,2021-11-27 19:00:00,2021
Willem II,7.0,1.0,0.0,1.0,9.0,1.0,60.7,18.0,5.0,0.3,0.0,0.0,466.0,543.0,0.9,8.0,36.0,0.2,63.0,40.0,0.6,3.0,6.0,14.0,0.4,4.0,14.0,14.0,Go Ahead Eagles,6.0,1.0,0.0,2.0,4.0,5.0,39.3,6.0,3.0,0.5,0.0,0.0,277.0,368.0,0.8,3.0,9.0,0.3,66.0,32.0,0.5,0.0,11.0,13.0,0.8,10.0,39.0,39.0,603708,2021-11-27 20:00:00,2021
Sparta Rotterdam,11.0,2.0,0.0,0.0,1.0,7.0,28.0,1.0,0.0,0.0,0.0,0.0,154.0,281.0,0.5,0.0,8.0,0.0,89.0,27.0,0.3,0.0,11.0,19.0,0.6,20.0,22.0,22.0,Ajax Amsterdam,5.0,1.0,0.0,2.0,11.0,0.0,72.0,15.0,8.0,0.5,0.0,0.0,571.0,721.0,0.8,3.0,23.0,0.1,67.0,19.0,0.3,5.0,7.0,11.0,0.6,4.0,11.0,11.0,603707,2021-11-28 11:15:00,2021
FC Twente,9.0,1.0,0.0,1.0,2.0,5.0,46.8,3.0,1.0,0.3,0.0,0.0,344.0,449.0,0.8,4.0,9.0,0.4,89.0,48.0,0.5,0.0,7.0,11.0,0.6,12.0,26.0,26.0,Feyenoord Rotterdam,9.0,1.0,0.0,3.0,13.0,1.0,53.2,19.0,5.0,0.3,0.0,0.0,384.0,501.0,0.8,9.0,28.0,0.3,61.0,24.0,0.4,6.0,16.0,19.0,0.8,7.0,7.0,7.0,603705,2021-11-28 13:30:00,2021
FC Utrecht,10.0,1.0,0.0,0.0,9.0,0.0,51.6,22.0,7.0,0.3,0.0,1.0,368.0,471.0,0.8,6.0,25.0,0.2,51.0,27.0,0.5,8.0,10.0,19.0,0.5,18.0,9.0,9.0,Heracles Almelo,12.0,1.0,0.0,2.0,3.0,7.0,48.4,8.0,0.0,0.0,0.0,0.0,339.0,448.0,0.8,1.0,13.0,0.1,68.0,35.0,0.5,4.0,14.0,24.0,0.6,23.0,24.0,24.0,603706,2021-11-28 13:30:00,2021
Heerenveen,3.0,1.0,0.0,1.0,3.0,2.0,38.4,8.0,1.0,0.1,0.0,0.0,356.0,443.0,0.8,4.0,11.0,0.4,46.0,22.0,0.5,4.0,7.0,15.0,0.5,12.0,30.0,30.0,PSV Eindhoven,3.0,1.0,0.0,0.0,8.0,0.0,61.6,13.0,2.0,0.2,0.0,0.0,627.0,720.0,0.9,4.0,17.0,0.2,48.0,24.0,0.5,3.0,6.0,12.0,0.5,10.0,9.0,9.0,603704,2021-11-28 15:45:00,2021
Vitesse,0.0,0.0,0.0,0.0,0.0,0.0,0.0,0.0,0.0,0.0,0.0,0.0,0.0,0.0,0.0,0.0,0.0,0.0,0.0,0.0,0.0,0.0,0.0,0.0,0.0,0.0,0.0,0.0,AZ Alkmaar,0.0,0.0,0.0,0.0,0.0,0.0,0.0,0.0,0.0,0.0,0.0,0.0,0.0,0.0,0.0,0.0,0.0,0.0,0.0,0.0,0.0,0.0,0.0,0.0,0.0,0.0,0.0,0.0,603703,2021-11-28 19:00:00,2021
Feyenoord Rotterdam,8.0,1.0,0.0,2.0,1.0,1.0,60.2,22.0,12.0,0.5,0.0,0.0,540.0,648.0,0.8,3.0,18.0,0.2,63.0,37.0,0.6,4.0,11.0,18.0,0.6,9.0,12.0,12.0,Heracles Almelo,11.0,3.0,0.0,0.0,1.0,10.0,39.8,4.0,2.0,0.5,0.0,0.0,310.0,421.0,0.7,4.0,13.0,0.3,72.0,27.0,0.4,1.0,10.0,14.0,0.7,25.0,19.0,19.0,603794,2021-12-01 19:00:00,2021
AZ Alkmaar,12.0,1.0,0.0,1.0,2.0,1.0,56.8,19.0,7.0,0.4,0.0,0.0,469.0,574.0,0.8,7.0,15.0,0.5,68.0,35.0,0.5,5.0,12.0,17.0,0.7,14.0,7.0,7.0,Fortuna Sittard,9.0,2.0,0.0,2.0,3.0,5.0,43.2,7.0,2.0,0.3,0.0,0.0,323.0,436.0,0.7,4.0,13.0,0.3,76.0,31.0,0.4,0.0,13.0,21.0,0.6,7.0,14.0,14.0,603811,2021-12-02 17:45:00,2021
Ajax Amsterdam,2.0,0.0,0.0,4.0,8.0,0.0,74.2,21.0,9.0,0.4,0.0,0.0,667.0,759.0,0.9,7.0,24.0,0.3,43.0,29.0,0.7,3.0,10.0,15.0,0.7,9.0,6.0,6.0,Willem II,8.0,2.0,0.0,1.0,1.0,3.0,25.8,3.0,0.0,0.0,0.0,0.0,184.0,263.0,0.7,0.0,5.0,0.0,79.0,32.0,0.4,1.0,6.0,12.0,0.5,10.0,41.0,41.0,603699,2021-12-02 20:00:00,2021
FC Groningen,11.0,1.0,0.0,5.0,6.0,3.0,53.9,8.0,1.0,0.1,0.0,0.0,299.0,424.0,0.7,1.0,18.0,0.1,102.0,41.0,0.4,3.0,11.0,18.0,0.6,15.0,16.0,16.0,PEC Zwolle,25.0,3.0,0.0,2.0,4.0,1.0,46.1,12.0,4.0,0.3,0.0,0.0,230.0,361.0,0.6,8.0,19.0,0.4,70.0,27.0,0.4,2.0,12.0,22.0,0.5,12.0,27.0,27.0,603698,2021-12-03 19:00:00,2021
PSV Eindhoven,12.0,0.0,0.0,2.0,3.0,0.0,54.2,11.0,6.0,0.5,0.0,0.0,506.0,601.0,0.8,0.0,8.0,0.0,52.0,22.0,0.4,3.0,7.0,13.0,0.5,14.0,13.0,13.0,FC Utrecht,8.0,1.0,0.0,1.0,2.0,2.0,45.8,10.0,1.0,0.1,0.0,0.0,392.0,501.0,0.8,6.0,14.0,0.4,52.0,26.0,0.5,3.0,9.0,16.0,0.6,14.0,20.0,20.0,603700,2021-12-04 15:30:00,2021
SC Cambuur,11.0,0.0,0.0,2.0,3.0,3.0,47.6,7.0,1.0,0.1,0.0,0.0,361.0,449.0,0.8,3.0,12.0,0.3,70.0,40.0,0.6,3.0,12.0,16.0,0.8,6.0,20.0,20.0,Vitesse,6.0,0.0,0.0,1.0,8.0,0.0,52.4,23.0,9.0,0.4,0.0,0.0,416.0,494.0,0.8,6.0,17.0,0.4,62.0,39.0,0.6,4.0,3.0,5.0,0.6,5.0,11.0,11.0,603701,2021-12-04 17:45:00,2021
Heracles Almelo,8.0,3.0,0.0,1.0,5.0,1.0,46.8,12.0,2.0,0.2,0.0,0.0,390.0,468.0,0.8,5.0,22.0,0.2,52.0,36.0,0.7,7.0,7.0,12.0,0.6,12.0,8.0,8.0,Heerenveen,5.0,1.0,0.0,0.0,1.0,2.0,53.2,10.0,2.0,0.2,0.0,0.0,464.0,552.0,0.8,4.0,9.0,0.4,63.0,34.0,0.5,4.0,13.0,21.0,0.6,7.0,16.0,16.0,603702,2021-12-04 20:00:00,2021
RKC Waalwijk,16.0,3.0,0.0,2.0,3.0,3.0,57.1,15.0,6.0,0.4,0.0,0.0,410.0,513.0,0.8,3.0,24.0,0.1,65.0,30.0,0.5,6.0,5.0,9.0,0.6,12.0,12.0,12.0,NEC Nijmegen,19.0,3.0,0.0,3.0,5.0,4.0,42.9,11.0,4.0,0.4,0.0,0.0,294.0,395.0,0.7,1.0,8.0,0.1,52.0,23.0,0.4,5.0,11.0,20.0,0.6,14.0,22.0,22.0,603695,2021-12-05 11:15:00,2021
Go Ahead Eagles,9.0,0.0,0.0,1.0,7.0,0.0,37.9,12.0,5.0,0.4,0.0,0.0,294.0,388.0,0.8,3.0,18.0,0.2,68.0,29.0,0.4,6.0,9.0,11.0,0.8,12.0,22.0,22.0,FC Twente,6.0,1.0,0.0,0.0,3.0,4.0,62.1,11.0,2.0,0.2,0.0,0.0,544.0,645.0,0.8,6.0,19.0,0.3,98.0,55.0,0.6,2.0,10.0,17.0,0.6,7.0,11.0,11.0,603694,2021-12-05 13:30:00,2021
AZ Alkmaar,6.0,1.0,0.0,4.0,8.0,3.0,59.4,10.0,5.0,0.5,1.0,1.0,571.0,677.0,0.8,3.0,14.0,0.2,52.0,23.0,0.4,1.0,5.0,7.0,0.7,11.0,6.0,6.0,Sparta Rotterdam,6.0,0.0,0.0,3.0,0.0,2.0,40.6,8.0,4.0,0.5,0.0,0.0,372.0,469.0,0.8,1.0,4.0,0.3,75.0,34.0,0.5,0.0,7.0,10.0,0.7,15.0,14.0,14.0,603696,2021-12-05 13:30:00,2021
Feyenoord Rotterdam,9.0,1.0,0.0,2.0,9.0,5.0,55.2,24.0,10.0,0.4,0.0,0.0,385.0,470.0,0.8,6.0,23.0,0.3,56.0,24.0,0.4,6.0,9.0,16.0,0.6,10.0,12.0,12.0,Fortuna Sittard,10.0,2.0,0.0,2.0,2.0,5.0,44.8,8.0,5.0,0.6,0.0,0.0,300.0,388.0,0.8,2.0,14.0,0.1,62.0,37.0,0.6,1.0,4.0,9.0,0.4,9.0,28.0,28.0,603697,2021-12-05 15:45:00,2021
Willem II,8.0,1.0,0.0,1.0,4.0,5.0,42.8,13.0,4.0,0.3,0.0,0.0,286.0,360.0,0.8,2.0,13.0,0.2,71.0,41.0,0.6,2.0,12.0,15.0,0.8,13.0,24.0,24.0,SC Cambuur,8.0,1.0,0.0,0.0,7.0,3.0,57.2,14.0,8.0,0.6,1.0,1.0,401.0,491.0,0.8,1.0,14.0,0.1,80.0,41.0,0.5,1.0,7.0,10.0,0.7,13.0,18.0,18.0,603693,2021-12-10 19:00:00,2021
FC Utrecht,13.0,1.0,0.0,1.0,5.0,1.0,57.8,21.0,8.0,0.4,0.0,0.0,456.0,562.0,0.8,9.0,32.0,0.3,81.0,48.0,0.6,6.0,6.0,9.0,0.7,5.0,8.0,8.0,Go Ahead Eagles,12.0,1.0,0.0,0.0,3.0,8.0,42.2,7.0,1.0,0.1,0.0,0.0,318.0,416.0,0.8,3.0,14.0,0.2,74.0,35.0,0.5,3.0,5.0,20.0,0.3,17.0,30.0,30.0,603690,2021-12-11 17:45:00,2021
Heerenveen,7.0,2.0,0.0,3.0,6.0,3.0,58.3,11.0,4.0,0.4,0.0,0.0,460.0,564.0,0.8,2.0,18.0,0.1,73.0,30.0,0.4,4.0,6.0,13.0,0.5,4.0,10.0,10.0,Sparta Rotterdam,10.0,0.0,0.0,3.0,2.0,4.0,41.7,10.0,3.0,0.3,0.0,0.0,313.0,405.0,0.8,4.0,14.0,0.3,61.0,32.0,0.5,2.0,8.0,17.0,0.5,10.0,19.0,19.0,603691,2021-12-11 19:00:00,2021
PEC Zwolle,14.0,2.0,0.0,2.0,9.0,7.0,69.0,12.0,1.0,0.1,0.0,0.0,427.0,538.0,0.8,6.0,33.0,0.2,77.0,35.0,0.5,7.0,4.0,9.0,0.4,2.0,15.0,15.0,Fortuna Sittard,9.0,2.0,0.0,2.0,5.0,1.0,31.0,13.0,8.0,0.6,0.0,0.0,135.0,241.0,0.6,7.0,15.0,0.5,79.0,28.0,0.4,2.0,5.0,14.0,0.4,13.0,44.0,44.0,603689,2021-12-11 20:00:00,2021
FC Twente,9.0,0.0,0.0,0.0,5.0,2.0,46.3,19.0,10.0,0.5,0.0,0.0,309.0,441.0,0.7,1.0,13.0,0.1,77.0,27.0,0.4,3.0,10.0,20.0,0.5,14.0,13.0,13.0,RKC Waalwijk,9.0,1.0,1.0,0.0,3.0,7.0,53.7,12.0,3.0,0.3,0.0,0.0,382.0,503.0,0.8,3.0,15.0,0.2,82.0,41.0,0.5,6.0,8.0,15.0,0.5,22.0,21.0,21.0,603692,2021-12-12 11:15:00,2021
FC Groningen,12.0,4.0,0.0,0.0,0.0,5.0,34.2,5.0,3.0,0.6,0.0,0.0,190.0,299.0,0.6,2.0,6.0,0.3,100.0,33.0,0.3,0.0,6.0,9.0,0.7,16.0,32.0,32.0,Feyenoord Rotterdam,9.0,1.0,0.0,3.0,13.0,2.0,65.8,27.0,7.0,0.3,0.0,0.0,446.0,559.0,0.8,7.0,26.0,0.3,75.0,39.0,0.5,5.0,10.0,15.0,0.7,12.0,13.0,13.0,603688,2021-12-12 13:30:00,2021
Vitesse,11.0,2.0,0.0,1.0,3.0,2.0,51.9,10.0,5.0,0.5,1.0,1.0,349.0,455.0,0.8,2.0,8.0,0.3,61.0,32.0,0.5,1.0,9.0,12.0,0.8,7.0,25.0,25.0,Heracles Almelo,12.0,2.0,0.0,1.0,5.0,3.0,48.1,9.0,4.0,0.4,0.0,0.0,305.0,412.0,0.7,5.0,23.0,0.2,58.0,25.0,0.4,3.0,11.0,13.0,0.8,16.0,14.0,14.0,603687,2021-12-12 13:30:00,2021
Ajax Amsterdam,7.0,2.0,0.0,5.0,10.0,1.0,66.0,23.0,8.0,0.3,0.0,0.0,576.0,673.0,0.9,7.0,31.0,0.2,50.0,22.0,0.4,6.0,6.0,15.0,0.4,7.0,5.0,5.0,AZ Alkmaar,8.0,1.0,0.0,1.0,1.0,7.0,34.0,5.0,3.0,0.6,0.0,0.0,243.0,351.0,0.7,2.0,5.0,0.4,84.0,28.0,0.3,0.0,6.0,8.0,0.8,3.0,33.0,33.0,603686,2021-12-12 15:45:00,2021
NEC Nijmegen,17.0,2.0,0.0,4.0,1.0,9.0,30.1,6.0,6.0,1.0,0.0,0.0,215.0,301.0,0.7,0.0,4.0,0.0,50.0,13.0,0.3,0.0,10.0,24.0,0.4,15.0,42.0,42.0,PSV Eindhoven,13.0,1.0,0.0,3.0,14.0,5.0,69.9,29.0,11.0,0.4,0.0,0.0,594.0,689.0,0.9,13.0,39.0,0.3,56.0,33.0,0.6,10.0,6.0,11.0,0.5,9.0,3.0,3.0,603685,2021-12-12 19:00:00,2021
Fortuna Sittard,9.0,1.0,0.0,0.0,1.0,4.0,49.0,8.0,3.0,0.4,0.0,0.0,326.0,424.0,0.8,4.0,20.0,0.2,88.0,44.0,0.5,2.0,6.0,16.0,0.4,11.0,28.0,28.0,FC Utrecht,13.0,3.0,0.0,1.0,7.0,1.0,51.0,16.0,6.0,0.4,0.0,0.0,336.0,435.0,0.8,9.0,28.0,0.3,59.0,34.0,0.6,4.0,5.0,13.0,0.4,7.0,15.0,15.0,603684,2021-12-18 15:30:00,2021
Sparta Rotterdam,4.0,0.0,0.0,2.0,5.0,1.0,58.5,15.0,7.0,0.5,0.0,0.0,464.0,593.0,0.8,5.0,21.0,0.2,62.0,31.0,0.5,5.0,11.0,18.0,0.6,12.0,9.0,9.0,Vitesse,8.0,0.0,0.0,3.0,3.0,5.0,41.5,5.0,3.0,0.6,0.0,0.0,296.0,429.0,0.7,2.0,7.0,0.3,77.0,22.0,0.3,2.0,15.0,25.0,0.6,11.0,26.0,26.0,603683,2021-12-18 17:45:00,2021
AZ Alkmaar,11.0,2.0,0.0,1.0,5.0,4.0,72.3,13.0,3.0,0.2,0.0,1.0,646.0,718.0,0.9,6.0,25.0,0.2,62.0,44.0,0.7,3.0,7.0,9.0,0.8,4.0,8.0,8.0,Willem II,6.0,1.0,1.0,0.0,2.0,0.0,27.7,10.0,5.0,0.5,0.0,0.0,195.0,277.0,0.7,3.0,7.0,0.4,72.0,31.0,0.4,0.0,8.0,13.0,0.6,12.0,19.0,19.0,603682,2021-12-18 19:00:00,2021
Heracles Almelo,9.0,2.0,0.0,2.0,9.0,1.0,53.9,13.0,10.0,0.8,0.0,0.0,411.0,494.0,0.8,7.0,23.0,0.3,65.0,35.0,0.5,1.0,9.0,14.0,0.6,9.0,13.0,13.0,FC Groningen,7.0,1.0,0.0,0.0,0.0,7.0,46.1,4.0,3.0,0.8,0.0,0.0,339.0,429.0,0.8,4.0,9.0,0.4,71.0,28.0,0.4,0.0,12.0,17.0,0.7,8.0,15.0,15.0,603681,2021-12-18 19:00:00,2021
PEC Zwolle,16.0,0.0,0.0,1.0,8.0,1.0,57.3,13.0,2.0,0.2,0.0,0.0,389.0,490.0,0.8,8.0,26.0,0.3,65.0,38.0,0.6,5.0,8.0,15.0,0.5,10.0,8.0,8.0,FC Twente,8.0,0.0,0.0,1.0,3.0,1.0,42.7,7.0,4.0,0.6,0.0,0.0,260.0,378.0,0.7,1.0,6.0,0.2,71.0,23.0,0.3,2.0,6.0,10.0,0.6,9.0,18.0,18.0,603680,2021-12-18 20:00:00,2021
SC Cambuur,10.0,1.0,1.0,0.0,3.0,4.0,38.9,7.0,4.0,0.6,0.0,0.0,221.0,323.0,0.7,2.0,14.0,0.1,86.0,44.0,0.5,2.0,9.0,14.0,0.6,16.0,20.0,20.0,Heerenveen,13.0,1.0,0.0,3.0,7.0,3.0,61.1,22.0,6.0,0.3,1.0,1.0,420.0,504.0,0.8,5.0,20.0,0.3,49.0,31.0,0.6,4.0,6.0,8.0,0.8,9.0,15.0,15.0,603679,2021-12-19 11:15:00,2021
Go Ahead Eagles,13.0,1.0,0.0,1.0,7.0,3.0,62.0,14.0,2.0,0.1,0.0,0.0,523.0,625.0,0.8,7.0,23.0,0.3,58.0,31.0,0.5,1.0,8.0,12.0,0.7,8.0,8.0,8.0,NEC Nijmegen,10.0,1.0,0.0,0.0,3.0,2.0,38.0,10.0,5.0,0.5,1.0,1.0,292.0,382.0,0.8,4.0,11.0,0.4,49.0,19.0,0.4,3.0,9.0,17.0,0.5,16.0,20.0,20.0,603678,2021-12-19 13:30:00,2021
Feyenoord Rotterdam,14.0,4.0,0.0,3.0,4.0,0.0,44.6,11.0,1.0,0.1,0.0,0.0,303.0,414.0,0.7,4.0,12.0,0.3,52.0,17.0,0.3,6.0,15.0,19.0,0.8,15.0,7.0,7.0,Ajax Amsterdam,12.0,3.0,0.0,1.0,4.0,1.0,55.4,8.0,1.0,0.1,1.0,1.0,420.0,515.0,0.8,0.0,8.0,0.0,68.0,35.0,0.5,2.0,8.0,13.0,0.6,23.0,10.0,10.0,603677,2021-12-19 13:30:00,2021
RKC Waalwijk,4.0,1.0,0.0,2.0,2.0,9.0,37.4,7.0,4.0,0.6,0.0,0.0,310.0,409.0,0.8,1.0,10.0,0.1,66.0,35.0,0.5,1.0,6.0,16.0,0.4,22.0,14.0,14.0,PSV Eindhoven,4.0,0.0,0.0,6.0,2.0,3.0,62.6,25.0,12.0,0.5,1.0,1.0,596.0,702.0,0.8,4.0,10.0,0.4,64.0,33.0,0.5,7.0,9.0,18.0,0.5,13.0,7.0,7.0,603676,2021-12-19 15:45:00,2021
Vitesse,15.0,3.0,0.0,3.0,2.0,7.0,48.9,13.0,5.0,0.4,0.0,0.0,294.0,422.0,0.7,2.0,10.0,0.2,84.0,32.0,0.4,2.0,18.0,23.0,0.8,11.0,22.0,22.0,PEC Zwolle,15.0,3.0,0.0,5.0,7.0,3.0,51.1,15.0,7.0,0.5,0.0,0.0,294.0,436.0,0.7,6.0,20.0,0.3,79.0,31.0,0.4,3.0,12.0,17.0,0.7,14.0,14.0,14.0,603675,2021-12-21 17:45:00,2021
AZ Alkmaar,8.0,0.0,0.0,1.0,4.0,3.0,83.0,15.0,6.0,0.4,0.0,0.0,785.0,862.0,0.9,7.0,33.0,0.2,58.0,38.0,0.7,4.0,7.0,10.0,0.7,5.0,18.0,18.0,FC Groningen,7.0,3.0,1.0,3.0,3.0,5.0,17.0,12.0,3.0,0.3,0.0,0.0,96.0,176.0,0.5,1.0,7.0,0.1,80.0,27.0,0.3,4.0,4.0,11.0,0.4,12.0,26.0,26.0,603674,2021-12-21 20:00:00,2021
Heerenveen,4.0,0.0,0.0,1.0,3.0,7.0,47.4,7.0,1.0,0.1,0.0,0.0,354.0,443.0,0.8,3.0,10.0,0.3,59.0,30.0,0.5,0.0,8.0,15.0,0.5,11.0,27.0,27.0,Feyenoord Rotterdam,5.0,0.0,0.0,2.0,9.0,1.0,52.6,23.0,10.0,0.4,0.0,0.0,407.0,490.0,0.8,5.0,18.0,0.3,55.0,30.0,0.5,3.0,10.0,23.0,0.4,6.0,8.0,8.0,603671,2021-12-22 17:45:00,2021
Willem II,6.0,0.0,1.0,2.0,4.0,4.0,56.3,13.0,1.0,0.1,0.0,0.0,517.0,610.0,0.8,2.0,31.0,0.1,77.0,45.0,0.6,7.0,16.0,21.0,0.8,12.0,7.0,7.0,NEC Nijmegen,8.0,0.0,0.0,1.0,2.0,1.0,43.7,13.0,5.0,0.4,0.0,0.0,397.0,488.0,0.8,1.0,6.0,0.2,60.0,25.0,0.4,7.0,9.0,14.0,0.6,7.0,34.0,34.0,603670,2021-12-22 17:45:00,2021
Heracles Almelo,15.0,2.0,0.0,3.0,5.0,2.0,48.7,23.0,7.0,0.3,0.0,0.0,337.0,421.0,0.8,7.0,33.0,0.2,48.0,28.0,0.6,7.0,13.0,20.0,0.7,10.0,10.0,10.0,SC Cambuur,6.0,1.0,0.0,0.0,4.0,6.0,51.3,8.0,4.0,0.5,0.0,0.0,367.0,467.0,0.8,3.0,12.0,0.3,81.0,37.0,0.5,3.0,9.0,20.0,0.5,13.0,23.0,23.0,603673,2021-12-22 19:00:00,2021
Ajax Amsterdam,10.0,0.0,0.0,2.0,14.0,0.0,65.8,27.0,14.0,0.5,1.0,1.0,550.0,639.0,0.9,8.0,25.0,0.3,56.0,35.0,0.6,6.0,7.0,12.0,0.6,12.0,9.0,9.0,Fortuna Sittard,6.0,1.0,0.0,0.0,2.0,7.0,34.2,6.0,0.0,0.0,0.0,0.0,242.0,337.0,0.7,1.0,9.0,0.1,68.0,30.0,0.4,3.0,14.0,19.0,0.7,12.0,31.0,31.0,603667,2021-12-22 20:00:00,2021
FC Utrecht,12.0,3.0,0.0,1.0,7.0,1.0,63.0,14.0,5.0,0.4,0.0,0.0,423.0,534.0,0.8,6.0,36.0,0.2,69.0,25.0,0.4,6.0,10.0,15.0,0.7,9.0,8.0,8.0,FC Twente,15.0,2.0,1.0,0.0,2.0,4.0,37.0,4.0,2.0,0.5,0.0,0.0,209.0,325.0,0.6,2.0,7.0,0.3,75.0,27.0,0.4,1.0,11.0,22.0,0.5,12.0,32.0,32.0,603669,2021-12-22 20:00:00,2021
PSV Eindhoven,11.0,1.0,0.0,3.0,9.0,1.0,59.5,21.0,7.0,0.3,0.0,0.0,490.0,589.0,0.8,4.0,18.0,0.2,84.0,48.0,0.6,6.0,13.0,16.0,0.8,15.0,7.0,7.0,Go Ahead Eagles,7.0,0.0,1.0,1.0,1.0,5.0,40.5,3.0,1.0,0.3,0.0,0.0,311.0,408.0,0.8,1.0,3.0,0.3,59.0,23.0,0.4,1.0,11.0,18.0,0.6,20.0,22.0,22.0,603668,2021-12-23 17:45:00,2021
Sparta Rotterdam,10.0,2.0,0.0,1.0,7.0,2.0,53.9,18.0,7.0,0.4,0.0,0.0,381.0,496.0,0.8,4.0,24.0,0.2,85.0,38.0,0.4,4.0,7.0,14.0,0.5,11.0,16.0,16.0,RKC Waalwijk,7.0,2.0,0.0,3.0,0.0,6.0,46.1,5.0,3.0,0.6,0.0,0.0,322.0,429.0,0.8,0.0,7.0,0.0,80.0,42.0,0.5,1.0,8.0,15.0,0.5,18.0,24.0,24.0,603672,2021-12-23 20:00:00,2021
PEC Zwolle,16.0,2.0,0.0,2.0,5.0,0.0,48.0,15.0,4.0,0.3,0.0,0.0,261.0,389.0,0.7,5.0,22.0,0.2,69.0,30.0,0.4,4.0,11.0,24.0,0.5,8.0,25.0,25.0,Willem II,7.0,1.0,0.0,5.0,6.0,2.0,52.0,7.0,0.0,0.0,0.0,0.0,282.0,424.0,0.7,2.0,18.0,0.1,82.0,30.0,0.4,2.0,11.0,24.0,0.5,9.0,18.0,18.0,603666,2022-01-14 19:00:00,2022
NEC Nijmegen,7.0,1.0,0.0,1.0,3.0,2.0,47.8,13.0,1.0,0.1,0.0,0.0,355.0,447.0,0.8,3.0,7.0,0.4,35.0,12.0,0.3,5.0,15.0,23.0,0.7,12.0,26.0,26.0,Heracles Almelo,12.0,2.0,0.0,2.0,10.0,1.0,52.2,12.0,2.0,0.2,0.0,0.0,359.0,467.0,0.8,4.0,35.0,0.1,57.0,18.0,0.3,4.0,7.0,18.0,0.4,7.0,7.0,7.0,603664,2022-01-15 17:45:00,2022
Feyenoord Rotterdam,9.0,2.0,0.0,2.0,5.0,4.0,58.0,18.0,3.0,0.2,0.0,0.0,490.0,581.0,0.8,6.0,23.0,0.3,48.0,24.0,0.5,5.0,10.0,15.0,0.7,11.0,16.0,16.0,Vitesse,7.0,1.0,0.0,0.0,4.0,3.0,42.0,15.0,5.0,0.3,0.0,0.0,315.0,413.0,0.8,9.0,21.0,0.4,63.0,28.0,0.4,6.0,11.0,21.0,0.5,14.0,28.0,28.0,603665,2022-01-15 19:00:00,2022
FC Twente,12.0,0.0,0.0,0.0,4.0,3.0,56.8,16.0,6.0,0.4,1.0,1.0,363.0,452.0,0.8,4.0,14.0,0.3,54.0,23.0,0.4,4.0,8.0,15.0,0.5,12.0,14.0,14.0,Heerenveen,12.0,0.0,0.0,0.0,5.0,3.0,43.2,8.0,3.0,0.4,0.0,0.0,245.0,339.0,0.7,2.0,14.0,0.1,57.0,19.0,0.3,3.0,7.0,9.0,0.8,11.0,14.0,14.0,603659,2022-01-15 19:00:00,2022
Go Ahead Eagles,6.0,2.0,0.0,4.0,4.0,1.0,59.4,9.0,4.0,0.4,0.0,0.0,402.0,522.0,0.8,4.0,20.0,0.2,61.0,16.0,0.3,1.0,12.0,23.0,0.5,9.0,11.0,11.0,RKC Waalwijk,12.0,2.0,0.0,2.0,6.0,4.0,40.6,10.0,3.0,0.3,0.0,0.0,235.0,357.0,0.7,5.0,14.0,0.4,79.0,29.0,0.4,4.0,8.0,15.0,0.5,11.0,19.0,19.0,603663,2022-01-15 20:00:00,2022
FC Utrecht,15.0,2.0,0.0,4.0,3.0,0.0,31.8,10.0,1.0,0.1,0.0,0.0,201.0,307.0,0.7,3.0,15.0,0.2,45.0,19.0,0.4,3.0,15.0,24.0,0.6,14.0,17.0,17.0,Ajax Amsterdam,13.0,1.0,0.0,4.0,0.0,1.0,68.2,8.0,3.0,0.4,0.0,0.0,597.0,686.0,0.9,3.0,8.0,0.4,60.0,34.0,0.6,0.0,11.0,20.0,0.6,10.0,19.0,19.0,603661,2022-01-16 11:15:00,2022
SC Cambuur,11.0,1.0,0.0,0.0,2.0,6.0,53.7,12.0,3.0,0.3,0.0,0.0,397.0,498.0,0.8,1.0,12.0,0.1,85.0,44.0,0.5,3.0,7.0,12.0,0.6,9.0,21.0,21.0,Sparta Rotterdam,11.0,1.0,0.0,3.0,4.0,4.0,46.3,12.0,7.0,0.6,0.0,0.0,327.0,419.0,0.8,7.0,24.0,0.3,69.0,38.0,0.6,1.0,11.0,14.0,0.8,11.0,12.0,12.0,603660,2022-01-16 13:30:00,2022
FC Groningen,13.0,0.0,0.0,2.0,2.0,1.0,47.2,6.0,0.0,0.0,0.0,0.0,337.0,463.0,0.7,4.0,12.0,0.3,98.0,44.0,0.4,2.0,13.0,20.0,0.7,15.0,19.0,19.0,PSV Eindhoven,4.0,1.0,0.0,3.0,5.0,0.0,52.8,10.0,2.0,0.2,0.0,0.0,397.0,519.0,0.8,1.0,11.0,0.1,66.0,25.0,0.4,4.0,9.0,13.0,0.7,1.0,19.0,19.0,603662,2022-01-16 13:30:00,2022
Fortuna Sittard,8.0,0.0,0.0,0.0,8.0,2.0,39.7,15.0,5.0,0.3,0.0,0.0,277.0,375.0,0.7,4.0,23.0,0.2,61.0,21.0,0.3,2.0,12.0,16.0,0.8,22.0,26.0,26.0,AZ Alkmaar,5.0,0.0,0.0,0.0,6.0,4.0,60.3,10.0,5.0,0.5,0.0,0.0,485.0,590.0,0.8,5.0,21.0,0.2,74.0,34.0,0.5,1.0,11.0,22.0,0.5,7.0,13.0,13.0,603658,2022-01-16 15:45:00,2022
Vitesse,12.0,2.0,1.0,0.0,3.0,5.0,44.9,7.0,2.0,0.3,0.0,0.0,258.0,385.0,0.7,3.0,14.0,0.2,70.0,22.0,0.3,0.0,9.0,13.0,0.7,10.0,10.0,10.0,FC Groningen,15.0,4.0,0.0,2.0,2.0,1.0,55.1,12.0,8.0,0.7,0.0,0.0,368.0,476.0,0.8,4.0,17.0,0.2,91.0,37.0,0.4,2.0,8.0,13.0,0.6,19.0,19.0,19.0,603656,2022-01-22 17:45:00,2022
Heerenveen,9.0,0.0,0.0,3.0,3.0,5.0,53.3,14.0,4.0,0.3,0.0,0.0,355.0,476.0,0.7,2.0,15.0,0.1,71.0,30.0,0.4,2.0,12.0,18.0,0.7,10.0,18.0,18.0,PEC Zwolle,13.0,2.0,0.0,6.0,6.0,4.0,46.7,10.0,6.0,0.6,1.0,1.0,301.0,411.0,0.7,5.0,18.0,0.3,60.0,27.0,0.5,1.0,13.0,19.0,0.7,12.0,24.0,24.0,603654,2022-01-22 19:00:00,2022
AZ Alkmaar,6.0,0.0,0.0,4.0,18.0,2.0,64.0,18.0,5.0,0.3,0.0,0.0,499.0,588.0,0.8,10.0,47.0,0.2,60.0,35.0,0.6,6.0,10.0,17.0,0.6,8.0,12.0,12.0,SC Cambuur,7.0,2.0,0.0,0.0,0.0,5.0,36.0,5.0,2.0,0.4,0.0,0.0,259.0,347.0,0.7,2.0,7.0,0.3,70.0,39.0,0.6,2.0,7.0,10.0,0.7,11.0,47.0,47.0,603655,2022-01-22 19:00:00,2022
Willem II,7.0,1.0,0.0,3.0,4.0,1.0,41.9,6.0,1.0,0.2,0.0,0.0,312.0,426.0,0.7,3.0,26.0,0.1,80.0,27.0,0.3,1.0,8.0,17.0,0.5,10.0,17.0,17.0,FC Twente,4.0,1.0,0.0,3.0,4.0,1.0,58.1,7.0,2.0,0.3,0.0,0.0,492.0,613.0,0.8,3.0,12.0,0.3,74.0,23.0,0.3,2.0,10.0,13.0,0.8,12.0,25.0,25.0,603653,2022-01-22 20:00:00,2022
NEC Nijmegen,6.0,0.0,1.0,1.0,2.0,8.0,41.0,6.0,4.0,0.7,0.0,0.0,318.0,401.0,0.8,0.0,5.0,0.0,49.0,23.0,0.5,2.0,10.0,12.0,0.8,16.0,24.0,24.0,Feyenoord Rotterdam,13.0,0.0,0.0,1.0,9.0,3.0,59.0,28.0,11.0,0.4,1.0,1.0,496.0,567.0,0.9,9.0,28.0,0.3,43.0,20.0,0.5,8.0,8.0,17.0,0.5,11.0,7.0,7.0,603652,2022-01-23 11:15:00,2022
Heracles Almelo,11.0,2.0,0.0,1.0,8.0,1.0,43.2,20.0,4.0,0.2,0.0,0.0,269.0,368.0,0.7,4.0,22.0,0.2,61.0,32.0,0.5,11.0,10.0,16.0,0.6,19.0,15.0,15.0,Go Ahead Eagles,7.0,1.0,0.0,0.0,4.0,3.0,56.8,11.0,2.0,0.2,0.0,0.0,387.0,500.0,0.8,3.0,14.0,0.2,66.0,33.0,0.5,3.0,9.0,13.0,0.7,9.0,26.0,26.0,603651,2022-01-23 13:30:00,2022
PSV Eindhoven,15.0,3.0,0.0,0.0,6.0,4.0,42.9,10.0,4.0,0.4,0.0,0.0,278.0,402.0,0.7,5.0,10.0,0.5,68.0,28.0,0.4,3.0,11.0,20.0,0.6,19.0,31.0,31.0,Ajax Amsterdam,17.0,1.0,0.0,0.0,5.0,3.0,57.1,15.0,6.0,0.4,0.0,0.0,414.0,531.0,0.8,5.0,14.0,0.4,70.0,39.0,0.6,4.0,8.0,12.0,0.7,20.0,18.0,18.0,603650,2022-01-23 13:30:00,2022
Sparta Rotterdam,0.0,0.0,0.0,0.0,0.0,0.0,0.0,0.0,0.0,0.0,0.0,0.0,0.0,0.0,0.0,0.0,0.0,0.0,0.0,0.0,0.0,0.0,0.0,0.0,0.0,0.0,0.0,0.0,FC Utrecht,0.0,0.0,0.0,0.0,0.0,0.0,0.0,0.0,0.0,0.0,0.0,0.0,0.0,0.0,0.0,0.0,0.0,0.0,0.0,0.0,0.0,0.0,0.0,0.0,0.0,0.0,0.0,0.0,603649,2022-01-23 15:45:00,2022
RKC Waalwijk,12.0,2.0,0.0,4.0,4.0,5.0,34.3,14.0,6.0,0.4,0.0,0.0,201.0,284.0,0.7,3.0,6.0,0.5,49.0,16.0,0.3,4.0,10.0,17.0,0.6,5.0,23.0,23.0,Fortuna Sittard,11.0,4.0,0.0,2.0,5.0,4.0,65.7,13.0,6.0,0.5,1.0,1.0,466.0,554.0,0.8,2.0,17.0,0.1,72.0,47.0,0.7,4.0,11.0,16.0,0.7,11.0,4.0,4.0,603657,2022-01-23 19:00:00,2022
FC Utrecht,12.0,2.0,0.0,1.0,10.0,3.0,51.0,13.0,6.0,0.5,0.0,0.0,277.0,397.0,0.7,11.0,34.0,0.3,53.0,25.0,0.5,2.0,13.0,19.0,0.7,6.0,22.0,22.0,SC Cambuur,11.0,2.0,0.0,1.0,5.0,2.0,49.0,9.0,5.0,0.6,0.0,0.0,275.0,395.0,0.7,5.0,16.0,0.3,94.0,37.0,0.4,1.0,9.0,16.0,0.6,6.0,30.0,30.0,603648,2022-02-05 15:30:00,2022
Fortuna Sittard,10.0,2.0,0.0,0.0,7.0,5.0,37.3,6.0,3.0,0.5,0.0,0.0,174.0,288.0,0.6,5.0,17.0,0.3,77.0,23.0,0.3,1.0,14.0,22.0,0.6,19.0,31.0,31.0,Heerenveen,14.0,1.0,0.0,2.0,5.0,1.0,62.7,15.0,4.0,0.3,0.0,0.0,391.0,489.0,0.8,4.0,21.0,0.2,53.0,24.0,0.5,4.0,13.0,19.0,0.7,5.0,21.0,21.0,603647,2022-02-05 17:45:00,2022
PEC Zwolle,12.0,2.0,1.0,0.0,5.0,3.0,42.8,13.0,5.0,0.4,0.0,0.0,250.0,347.0,0.7,3.0,20.0,0.2,56.0,24.0,0.4,1.0,7.0,14.0,0.5,17.0,16.0,16.0,NEC Nijmegen,9.0,2.0,0.0,0.0,4.0,4.0,57.2,12.0,4.0,0.3,0.0,0.0,362.0,461.0,0.8,5.0,20.0,0.3,66.0,29.0,0.4,3.0,5.0,15.0,0.3,9.0,28.0,28.0,603646,2022-02-05 19:00:00,2022
PSV Eindhoven,10.0,3.0,0.0,0.0,8.0,1.0,52.5,15.0,4.0,0.3,0.0,0.0,402.0,531.0,0.8,4.0,16.0,0.3,47.0,18.0,0.4,5.0,14.0,16.0,0.9,19.0,6.0,6.0,AZ Alkmaar,10.0,4.0,0.0,1.0,5.0,3.0,47.5,12.0,3.0,0.3,0.0,0.0,353.0,485.0,0.7,2.0,7.0,0.3,81.0,29.0,0.4,2.0,20.0,32.0,0.6,20.0,22.0,22.0,603645,2022-02-05 19:00:00,2022
FC Twente,12.0,0.0,0.0,2.0,6.0,2.0,61.5,17.0,6.0,0.4,1.0,1.0,473.0,581.0,0.8,3.0,14.0,0.2,62.0,27.0,0.4,5.0,10.0,20.0,0.5,14.0,5.0,5.0,Vitesse,9.0,1.0,1.0,2.0,0.0,2.0,38.5,8.0,2.0,0.3,0.0,0.0,251.0,361.0,0.7,1.0,7.0,0.1,52.0,18.0,0.3,1.0,12.0,17.0,0.7,21.0,18.0,18.0,603644,2022-02-05 20:00:00,2022
Feyenoord Rotterdam,9.0,1.0,0.0,3.0,5.0,0.0,69.3,16.0,6.0,0.4,0.0,0.0,589.0,674.0,0.9,5.0,15.0,0.3,50.0,29.0,0.6,3.0,10.0,15.0,0.7,12.0,6.0,6.0,Sparta Rotterdam,11.0,1.0,0.0,0.0,0.0,2.0,30.7,5.0,0.0,0.0,0.0,0.0,192.0,290.0,0.7,2.0,5.0,0.4,70.0,28.0,0.4,0.0,14.0,32.0,0.4,7.0,16.0,16.0,603643,2022-02-06 11:15:00,2022
FC Groningen,6.0,1.0,0.0,0.0,2.0,4.0,48.9,17.0,5.0,0.3,0.0,0.0,320.0,432.0,0.7,7.0,17.0,0.4,79.0,32.0,0.4,2.0,13.0,19.0,0.7,9.0,16.0,16.0,Go Ahead Eagles,12.0,1.0,0.0,2.0,5.0,3.0,51.1,13.0,5.0,0.4,0.0,0.0,331.0,443.0,0.7,7.0,22.0,0.3,69.0,35.0,0.5,4.0,7.0,12.0,0.6,12.0,21.0,21.0,603641,2022-02-06 13:30:00,2022
Willem II,7.0,0.0,0.0,0.0,1.0,4.0,49.6,6.0,4.0,0.7,0.0,0.0,240.0,387.0,0.6,1.0,17.0,0.1,87.0,31.0,0.4,0.0,15.0,27.0,0.6,9.0,23.0,23.0,RKC Waalwijk,8.0,2.0,0.0,3.0,7.0,1.0,50.4,13.0,6.0,0.5,0.0,0.0,248.0,387.0,0.6,5.0,18.0,0.3,77.0,29.0,0.4,3.0,8.0,19.0,0.4,15.0,16.0,16.0,603642,2022-02-06 13:30:00,2022
Ajax Amsterdam,10.0,2.0,0.0,0.0,7.0,0.0,71.0,25.0,12.0,0.5,0.0,1.0,615.0,695.0,0.9,7.0,18.0,0.4,40.0,26.0,0.7,4.0,8.0,12.0,0.7,11.0,16.0,16.0,Heracles Almelo,13.0,2.0,0.0,0.0,0.0,9.0,29.0,5.0,0.0,0.0,0.0,0.0,198.0,275.0,0.7,2.0,10.0,0.2,53.0,20.0,0.4,1.0,9.0,23.0,0.4,16.0,21.0,21.0,603640,2022-02-06 15:45:00,2022
Heracles Almelo,7.0,2.0,0.0,4.0,7.0,5.0,51.6,14.0,5.0,0.4,0.0,0.0,324.0,432.0,0.8,4.0,22.0,0.2,65.0,28.0,0.4,4.0,11.0,17.0,0.6,18.0,24.0,24.0,FC Utrecht,7.0,1.0,0.0,0.0,4.0,4.0,48.4,17.0,5.0,0.3,0.0,0.0,294.0,409.0,0.7,6.0,17.0,0.4,74.0,32.0,0.4,6.0,14.0,22.0,0.6,13.0,20.0,20.0,603633,2022-02-11 19:00:00,2022
SC Cambuur,11.0,0.0,0.0,3.0,6.0,5.0,58.2,10.0,5.0,0.5,1.0,1.0,334.0,453.0,0.7,4.0,19.0,0.2,77.0,30.0,0.4,3.0,7.0,18.0,0.4,8.0,15.0,15.0,PEC Zwolle,15.0,0.0,0.0,3.0,2.0,2.0,41.8,12.0,9.0,0.8,0.0,0.0,209.0,328.0,0.6,6.0,12.0,0.5,69.0,32.0,0.5,2.0,9.0,23.0,0.4,6.0,25.0,25.0,603637,2022-02-12 17:45:00,2022
FC Groningen,6.0,2.0,0.0,2.0,7.0,4.0,62.9,18.0,7.0,0.4,0.0,0.0,394.0,475.0,0.8,8.0,35.0,0.2,72.0,40.0,0.6,5.0,5.0,8.0,0.6,8.0,8.0,8.0,Fortuna Sittard,10.0,1.0,0.0,2.0,5.0,8.0,37.1,8.0,5.0,0.6,0.0,0.0,198.0,294.0,0.7,0.0,8.0,0.0,71.0,33.0,0.5,1.0,8.0,13.0,0.6,11.0,34.0,34.0,603635,2022-02-12 17:45:00,2022
Vitesse,8.0,2.0,0.0,4.0,6.0,8.0,53.9,18.0,2.0,0.1,0.0,0.0,364.0,472.0,0.8,10.0,27.0,0.4,53.0,21.0,0.4,8.0,11.0,17.0,0.6,13.0,14.0,14.0,PSV Eindhoven,12.0,0.0,0.0,3.0,3.0,2.0,46.1,18.0,13.0,0.7,0.0,0.0,322.0,424.0,0.8,1.0,6.0,0.2,58.0,16.0,0.3,1.0,7.0,16.0,0.4,13.0,28.0,28.0,603638,2022-02-12 19:00:00,2022
Sparta Rotterdam,15.0,1.0,0.0,3.0,2.0,0.0,48.2,14.0,6.0,0.4,0.0,0.0,288.0,410.0,0.7,2.0,10.0,0.2,90.0,28.0,0.3,5.0,10.0,18.0,0.6,8.0,15.0,15.0,Willem II,13.0,2.0,0.0,6.0,1.0,4.0,51.8,5.0,0.0,0.0,0.0,0.0,305.0,425.0,0.7,3.0,19.0,0.2,61.0,23.0,0.4,0.0,11.0,16.0,0.7,8.0,13.0,13.0,603639,2022-02-13 11:15:00,2022
Go Ahead Eagles,5.0,0.0,0.0,1.0,4.0,5.0,49.5,9.0,4.0,0.4,0.0,0.0,328.0,464.0,0.7,2.0,18.0,0.1,69.0,25.0,0.4,0.0,10.0,17.0,0.6,15.0,13.0,13.0,AZ Alkmaar,10.0,1.0,0.0,1.0,7.0,3.0,50.5,16.0,9.0,0.6,0.0,0.0,336.0,477.0,0.7,5.0,13.0,0.4,83.0,30.0,0.4,1.0,20.0,29.0,0.7,18.0,28.0,28.0,603631,2022-02-13 11:15:00,2022
Heerenveen,11.0,3.0,0.0,0.0,6.0,1.0,51.8,14.0,4.0,0.3,0.0,0.0,342.0,438.0,0.8,6.0,29.0,0.2,70.0,38.0,0.5,3.0,13.0,22.0,0.6,8.0,9.0,9.0,NEC Nijmegen,7.0,3.0,0.0,2.0,3.0,4.0,48.2,6.0,2.0,0.3,0.0,0.0,315.0,425.0,0.7,2.0,11.0,0.2,46.0,12.0,0.3,1.0,6.0,11.0,0.5,6.0,32.0,32.0,603636,2022-02-13 13:30:00,2022
RKC Waalwijk,7.0,0.0,0.0,2.0,9.0,2.0,37.7,11.0,4.0,0.4,0.0,0.0,251.0,370.0,0.7,4.0,17.0,0.2,75.0,34.0,0.5,4.0,5.0,17.0,0.3,18.0,21.0,21.0,Feyenoord Rotterdam,8.0,0.0,0.0,3.0,8.0,4.0,62.3,16.0,4.0,0.3,0.0,0.0,519.0,619.0,0.8,5.0,23.0,0.2,54.0,26.0,0.5,4.0,7.0,15.0,0.5,12.0,26.0,26.0,603634,2022-02-13 13:30:00,2022
Ajax Amsterdam,6.0,1.0,0.0,0.0,11.0,1.0,67.2,23.0,11.0,0.5,0.0,1.0,604.0,701.0,0.9,7.0,26.0,0.3,59.0,36.0,0.6,6.0,7.0,11.0,0.6,17.0,8.0,8.0,FC Twente,9.0,1.0,0.0,2.0,0.0,7.0,32.8,3.0,1.0,0.3,0.0,0.0,250.0,349.0,0.7,1.0,5.0,0.2,76.0,26.0,0.3,1.0,8.0,13.0,0.6,13.0,30.0,30.0,603632,2022-02-13 15:45:00,2022
NEC Nijmegen,7.0,2.0,0.0,3.0,8.0,2.0,72.6,24.0,6.0,0.3,0.0,0.0,668.0,765.0,0.9,8.0,24.0,0.3,58.0,42.0,0.7,11.0,7.0,12.0,0.6,9.0,7.0,7.0,RKC Waalwijk,16.0,3.0,0.0,1.0,3.0,4.0,27.4,12.0,3.0,0.3,0.0,0.0,184.0,291.0,0.6,4.0,9.0,0.4,63.0,17.0,0.3,4.0,9.0,20.0,0.5,24.0,16.0,16.0,603627,2022-02-19 15:30:00,2022
Willem II,8.0,1.0,0.0,1.0,2.0,3.0,27.5,6.0,1.0,0.2,0.0,0.0,141.0,258.0,0.5,3.0,9.0,0.3,84.0,32.0,0.4,1.0,11.0,16.0,0.7,11.0,43.0,43.0,Ajax Amsterdam,4.0,0.0,0.0,1.0,12.0,1.0,72.5,31.0,5.0,0.2,0.0,0.0,561.0,675.0,0.8,10.0,39.0,0.3,57.0,34.0,0.6,12.0,2.0,7.0,0.3,4.0,8.0,8.0,603622,2022-02-19 17:45:00,2022
AZ Alkmaar,12.0,0.0,0.0,1.0,3.0,0.0,64.4,13.0,5.0,0.4,0.0,0.0,559.0,666.0,0.8,7.0,15.0,0.5,68.0,30.0,0.4,3.0,13.0,18.0,0.7,9.0,9.0,9.0,Heracles Almelo,11.0,1.0,0.0,1.0,3.0,3.0,35.6,3.0,1.0,0.3,0.0,0.0,250.0,364.0,0.7,2.0,8.0,0.3,54.0,17.0,0.3,1.0,14.0,25.0,0.6,9.0,13.0,13.0,603626,2022-02-19 20:00:00,2022
PEC Zwolle,15.0,3.0,0.0,3.0,6.0,2.0,55.1,11.0,4.0,0.4,0.0,0.0,257.0,386.0,0.7,2.0,13.0,0.2,70.0,26.0,0.4,4.0,10.0,12.0,0.8,16.0,9.0,9.0,FC Groningen,15.0,5.0,0.0,2.0,1.0,3.0,44.9,11.0,3.0,0.3,0.0,0.0,198.0,317.0,0.6,1.0,9.0,0.1,90.0,23.0,0.3,2.0,11.0,23.0,0.5,12.0,19.0,19.0,603623,2022-02-20 11:15:00,2022
Feyenoord Rotterdam,8.0,2.0,0.0,3.0,4.0,2.0,57.8,19.0,11.0,0.6,0.0,0.0,448.0,519.0,0.9,5.0,15.0,0.3,38.0,19.0,0.5,3.0,13.0,17.0,0.8,12.0,7.0,7.0,SC Cambuur,12.0,3.0,0.0,3.0,1.0,8.0,42.2,6.0,2.0,0.3,0.0,0.0,307.0,375.0,0.8,1.0,8.0,0.1,43.0,25.0,0.6,0.0,7.0,15.0,0.5,6.0,20.0,20.0,603628,2022-02-20 13:30:00,2022
FC Twente,10.0,3.0,0.0,0.0,6.0,4.0,68.0,25.0,5.0,0.2,0.0,0.0,480.0,592.0,0.8,14.0,41.0,0.3,70.0,35.0,0.5,7.0,11.0,17.0,0.6,7.0,9.0,9.0,Go Ahead Eagles,11.0,3.0,0.0,1.0,4.0,4.0,32.0,9.0,6.0,0.7,0.0,0.0,176.0,288.0,0.6,2.0,9.0,0.2,71.0,26.0,0.4,0.0,8.0,13.0,0.6,10.0,36.0,36.0,603624,2022-02-20 13:30:00,2022
FC Utrecht,0.0,0.0,0.0,0.0,0.0,0.0,0.0,0.0,0.0,0.0,0.0,0.0,0.0,0.0,0.0,0.0,0.0,0.0,0.0,0.0,0.0,0.0,0.0,0.0,0.0,0.0,0.0,0.0,Vitesse,11.0,2.0,1.0,1.0,2.0,1.0,56.0,19.0,2.0,0.1,0.0,0.0,260.0,441.0,0.6,3.0,24.0,0.1,120.0,43.0,0.4,5.0,10.0,20.0,0.5,6.0,20.0,20.0,603630,2022-02-20 15:45:00,2022
PSV Eindhoven,7.0,0.0,0.0,0.0,11.0,2.0,60.3,13.0,4.0,0.3,0.0,0.0,571.0,650.0,0.9,5.0,20.0,0.3,45.0,24.0,0.5,2.0,18.0,26.0,0.7,12.0,16.0,16.0,Heerenveen,7.0,0.0,0.0,0.0,5.0,1.0,39.7,9.0,4.0,0.4,0.0,0.0,360.0,427.0,0.8,2.0,10.0,0.2,41.0,18.0,0.4,2.0,5.0,13.0,0.4,18.0,21.0,21.0,603625,2022-02-20 15:45:00,2022
RKC Waalwijk,13.0,2.0,0.0,3.0,6.0,2.0,47.4,15.0,6.0,0.4,0.0,0.0,265.0,378.0,0.7,3.0,20.0,0.2,72.0,40.0,0.6,2.0,17.0,26.0,0.7,21.0,12.0,12.0,FC Twente,16.0,2.0,0.0,1.0,7.0,5.0,52.6,18.0,4.0,0.2,0.0,0.0,318.0,430.0,0.7,4.0,16.0,0.3,72.0,30.0,0.4,4.0,13.0,18.0,0.7,12.0,19.0,19.0,603614,2022-02-25 19:00:00,2022
Heracles Almelo,10.0,0.0,0.0,1.0,8.0,2.0,42.6,22.0,8.0,0.4,0.0,0.0,252.0,353.0,0.7,5.0,19.0,0.3,63.0,30.0,0.5,3.0,10.0,16.0,0.6,14.0,15.0,15.0,PEC Zwolle,14.0,0.0,0.0,0.0,5.0,6.0,57.4,12.0,2.0,0.2,0.0,0.0,376.0,485.0,0.8,6.0,14.0,0.4,58.0,25.0,0.4,2.0,8.0,18.0,0.4,9.0,15.0,15.0,603619,2022-02-26 15:30:00,2022
FC Groningen,7.0,1.0,0.0,1.0,5.0,0.0,57.6,17.0,5.0,0.3,0.0,0.0,425.0,523.0,0.8,2.0,24.0,0.1,91.0,57.0,0.6,5.0,8.0,17.0,0.5,12.0,23.0,23.0,Willem II,7.0,0.0,0.0,2.0,5.0,4.0,42.4,9.0,0.0,0.0,0.0,0.0,273.0,382.0,0.7,5.0,19.0,0.3,77.0,33.0,0.4,2.0,9.0,12.0,0.8,6.0,30.0,30.0,603621,2022-02-26 17:45:00,2022
SC Cambuur,6.0,0.0,0.0,2.0,6.0,2.0,60.6,16.0,9.0,0.6,0.0,0.0,419.0,485.0,0.9,3.0,20.0,0.2,55.0,29.0,0.5,5.0,7.0,13.0,0.5,6.0,21.0,21.0,Fortuna Sittard,15.0,3.0,0.0,3.0,5.0,7.0,39.4,9.0,4.0,0.4,0.0,0.0,234.0,308.0,0.8,5.0,22.0,0.2,58.0,27.0,0.5,1.0,0.0,5.0,0.0,9.0,20.0,20.0,603617,2022-02-26 20:00:00,2022
AZ Alkmaar,22.0,5.0,0.0,4.0,5.0,5.0,35.1,9.0,3.0,0.3,2.0,2.0,227.0,315.0,0.7,2.0,9.0,0.2,58.0,24.0,0.4,0.0,7.0,19.0,0.4,14.0,35.0,35.0,Feyenoord Rotterdam,8.0,3.0,0.0,2.0,7.0,1.0,64.9,13.0,6.0,0.5,0.0,0.0,466.0,573.0,0.8,7.0,24.0,0.3,75.0,39.0,0.5,1.0,8.0,20.0,0.4,7.0,10.0,10.0,603616,2022-02-27 11:15:00,2022
Vitesse,14.0,2.0,0.0,0.0,6.0,2.0,61.6,20.0,9.0,0.5,0.0,0.0,378.0,504.0,0.8,10.0,29.0,0.3,62.0,20.0,0.3,1.0,19.0,25.0,0.8,12.0,9.0,9.0,NEC Nijmegen,7.0,0.0,0.0,0.0,1.0,4.0,38.4,7.0,3.0,0.4,0.0,0.0,192.0,317.0,0.6,3.0,10.0,0.3,70.0,18.0,0.3,2.0,14.0,27.0,0.5,10.0,25.0,25.0,603618,2022-02-27 11:15:00,2022
Sparta Rotterdam,13.0,5.0,1.0,1.0,4.0,7.0,34.6,12.0,4.0,0.3,0.0,0.0,170.0,282.0,0.6,3.0,8.0,0.4,87.0,36.0,0.4,4.0,15.0,20.0,0.8,12.0,33.0,33.0,PSV Eindhoven,9.0,3.0,0.0,2.0,11.0,3.0,65.4,21.0,10.0,0.5,0.0,0.0,422.0,520.0,0.8,8.0,27.0,0.3,51.0,24.0,0.5,6.0,9.0,10.0,0.9,10.0,19.0,19.0,603620,2022-02-27 13:30:00,2022
Go Ahead Eagles,8.0,1.0,0.0,2.0,2.0,3.0,28.9,7.0,4.0,0.6,0.0,0.0,153.0,259.0,0.6,3.0,17.0,0.2,76.0,26.0,0.3,1.0,12.0,16.0,0.8,13.0,46.0,46.0,Ajax Amsterdam,11.0,0.0,0.0,4.0,8.0,2.0,71.1,20.0,4.0,0.2,0.0,0.0,540.0,641.0,0.8,10.0,42.0,0.2,56.0,28.0,0.5,5.0,10.0,16.0,0.6,5.0,11.0,11.0,603613,2022-02-27 15:45:00,2022
Heerenveen,8.0,0.0,0.0,5.0,6.0,6.0,52.0,10.0,6.0,0.6,1.0,1.0,290.0,424.0,0.7,4.0,23.0,0.2,67.0,31.0,0.5,2.0,8.0,20.0,0.4,4.0,22.0,22.0,FC Utrecht,13.0,2.0,0.0,1.0,6.0,5.0,48.0,11.0,8.0,0.7,0.0,0.0,263.0,397.0,0.7,6.0,16.0,0.4,65.0,21.0,0.3,2.0,9.0,17.0,0.5,9.0,34.0,34.0,603615,2022-02-27 19:00:00,2022
Willem II,5.0,2.0,0.0,2.0,11.0,2.0,66.0,15.0,5.0,0.3,0.0,0.0,499.0,593.0,0.8,4.0,36.0,0.1,58.0,27.0,0.5,3.0,12.0,16.0,0.8,9.0,8.0,8.0,Heerenveen,10.0,0.0,0.0,0.0,2.0,5.0,34.0,10.0,3.0,0.3,0.0,0.0,207.0,314.0,0.7,3.0,10.0,0.3,69.0,28.0,0.4,3.0,16.0,24.0,0.7,16.0,37.0,37.0,603607,2022-03-05 15:30:00,2022
Go Ahead Eagles,8.0,1.0,0.0,4.0,7.0,6.0,46.2,9.0,3.0,0.3,0.0,0.0,303.0,426.0,0.7,4.0,20.0,0.2,76.0,30.0,0.4,2.0,7.0,16.0,0.4,12.0,20.0,20.0,FC Utrecht,9.0,1.0,0.0,1.0,3.0,2.0,53.8,19.0,7.0,0.4,0.0,0.0,388.0,504.0,0.8,6.0,18.0,0.3,83.0,43.0,0.5,7.0,4.0,8.0,0.5,10.0,23.0,23.0,603606,2022-03-05 17:45:00,2022
Feyenoord Rotterdam,7.0,0.0,0.0,2.0,8.0,2.0,63.0,23.0,6.0,0.3,0.0,0.0,505.0,596.0,0.8,10.0,36.0,0.3,57.0,35.0,0.6,7.0,4.0,12.0,0.3,5.0,10.0,10.0,FC Groningen,12.0,0.0,0.0,1.0,1.0,4.0,37.0,6.0,3.0,0.5,0.0,0.0,267.0,360.0,0.7,1.0,10.0,0.1,85.0,37.0,0.4,1.0,8.0,15.0,0.5,10.0,41.0,41.0,603605,2022-03-05 20:00:00,2022
PSV Eindhoven,6.0,1.0,0.0,0.0,8.0,0.0,68.6,24.0,14.0,0.6,0.0,0.0,648.0,712.0,0.9,6.0,23.0,0.3,53.0,37.0,0.7,4.0,8.0,18.0,0.4,17.0,7.0,7.0,Heracles Almelo,8.0,1.0,0.0,1.0,2.0,11.0,31.4,5.0,1.0,0.2,0.0,0.0,233.0,314.0,0.7,3.0,10.0,0.3,48.0,22.0,0.5,1.0,14.0,21.0,0.7,16.0,21.0,21.0,603608,2022-03-06 11:15:00,2022
FC Twente,15.0,1.0,0.0,0.0,9.0,0.0,51.8,21.0,4.0,0.2,0.0,1.0,337.0,427.0,0.8,9.0,26.0,0.3,60.0,30.0,0.5,4.0,10.0,15.0,0.7,14.0,13.0,13.0,SC Cambuur,14.0,5.0,0.0,2.0,5.0,3.0,48.2,5.0,0.0,0.0,0.0,0.0,295.0,406.0,0.7,3.0,13.0,0.2,72.0,32.0,0.4,2.0,10.0,18.0,0.6,7.0,23.0,23.0,603611,2022-03-06 13:30:00,2022
Ajax Amsterdam,6.0,3.0,0.0,4.0,9.0,1.0,73.0,39.0,14.0,0.4,1.0,1.0,582.0,672.0,0.9,14.0,40.0,0.4,54.0,40.0,0.7,11.0,10.0,12.0,0.8,10.0,7.0,7.0,RKC Waalwijk,16.0,1.0,0.0,1.0,3.0,11.0,27.0,6.0,3.0,0.5,0.0,0.0,139.0,253.0,0.5,1.0,10.0,0.1,78.0,26.0,0.3,1.0,10.0,17.0,0.6,17.0,34.0,34.0,603610,2022-03-06 15:45:00,2022
NEC Nijmegen,3.0,0.0,0.0,3.0,4.0,4.0,49.7,13.0,7.0,0.5,0.0,0.0,442.0,561.0,0.8,5.0,19.0,0.3,42.0,16.0,0.4,3.0,12.0,17.0,0.7,2.0,22.0,22.0,AZ Alkmaar,8.0,1.0,0.0,0.0,6.0,4.0,50.3,10.0,7.0,0.7,0.0,0.0,459.0,570.0,0.8,0.0,19.0,0.0,76.0,42.0,0.6,0.0,15.0,23.0,0.7,10.0,13.0,13.0,603604,2022-03-06 15:45:00,2022
Fortuna Sittard,6.0,1.0,0.0,2.0,3.0,3.0,47.1,17.0,3.0,0.2,0.0,0.0,273.0,410.0,0.7,9.0,25.0,0.4,81.0,28.0,0.3,9.0,3.0,10.0,0.3,11.0,20.0,20.0,PEC Zwolle,12.0,2.0,0.0,1.0,4.0,3.0,52.9,20.0,4.0,0.2,0.0,0.0,320.0,472.0,0.7,2.0,13.0,0.2,86.0,23.0,0.3,11.0,5.0,9.0,0.6,10.0,21.0,21.0,603609,2022-03-06 19:00:00,2022
SC Cambuur,8.0,2.0,0.0,1.0,5.0,7.0,28.8,6.0,3.0,0.5,0.0,0.0,188.0,276.0,0.7,2.0,11.0,0.2,76.0,29.0,0.4,0.0,9.0,13.0,0.7,10.0,21.0,21.0,Ajax Amsterdam,9.0,1.0,0.0,0.0,5.0,1.0,71.2,25.0,10.0,0.4,0.0,0.0,615.0,693.0,0.9,4.0,17.0,0.2,37.0,19.0,0.5,6.0,8.0,10.0,0.8,3.0,13.0,13.0,603595,2022-03-11 19:00:00,2022
Sparta Rotterdam,10.0,0.0,0.0,3.0,1.0,2.0,51.5,12.0,5.0,0.4,0.0,0.0,373.0,480.0,0.8,1.0,14.0,0.1,72.0,36.0,0.5,3.0,17.0,22.0,0.8,14.0,17.0,17.0,Go Ahead Eagles,12.0,1.0,0.0,2.0,4.0,4.0,48.5,8.0,2.0,0.3,0.0,0.0,329.0,436.0,0.8,6.0,24.0,0.3,73.0,27.0,0.4,1.0,7.0,15.0,0.5,13.0,14.0,14.0,603598,2022-03-12 15:30:00,2022
FC Groningen,8.0,4.0,0.0,3.0,8.0,4.0,58.8,20.0,7.0,0.4,0.0,0.0,358.0,436.0,0.8,8.0,30.0,0.3,57.0,33.0,0.6,5.0,9.0,18.0,0.5,6.0,10.0,10.0,NEC Nijmegen,6.0,0.0,1.0,2.0,10.0,2.0,41.2,18.0,7.0,0.4,0.0,0.0,236.0,315.0,0.7,4.0,16.0,0.3,57.0,23.0,0.4,6.0,7.0,11.0,0.6,7.0,27.0,27.0,603600,2022-03-12 17:45:00,2022
RKC Waalwijk,14.0,3.0,0.0,1.0,7.0,2.0,52.1,6.0,0.0,0.0,0.0,0.0,343.0,426.0,0.8,4.0,13.0,0.3,47.0,22.0,0.5,0.0,4.0,9.0,0.4,4.0,32.0,32.0,Heerenveen,10.0,2.0,0.0,1.0,7.0,0.0,47.9,17.0,2.0,0.1,0.0,0.0,292.0,378.0,0.8,7.0,30.0,0.2,68.0,29.0,0.4,6.0,12.0,22.0,0.5,8.0,17.0,17.0,603599,2022-03-12 20:00:00,2022
Fortuna Sittard,9.0,5.0,0.0,1.0,1.0,1.0,45.6,15.0,2.0,0.1,0.0,0.0,262.0,362.0,0.7,6.0,12.0,0.5,57.0,14.0,0.2,2.0,13.0,21.0,0.6,11.0,43.0,43.0,Willem II,10.0,1.0,0.0,0.0,9.0,1.0,54.4,12.0,1.0,0.1,0.0,0.0,288.0,408.0,0.7,8.0,37.0,0.2,78.0,14.0,0.2,6.0,10.0,18.0,0.6,5.0,9.0,9.0,603603,2022-03-13 11:15:00,2022
FC Utrecht,6.0,2.0,0.0,0.0,6.0,3.0,41.3,6.0,3.0,0.5,0.0,0.0,249.0,365.0,0.7,6.0,15.0,0.4,69.0,29.0,0.4,0.0,17.0,33.0,0.5,7.0,17.0,17.0,PSV Eindhoven,4.0,3.0,0.0,2.0,15.0,3.0,58.7,20.0,4.0,0.2,0.0,0.0,401.0,521.0,0.8,4.0,23.0,0.2,68.0,31.0,0.5,14.0,16.0,23.0,0.7,15.0,18.0,18.0,603601,2022-03-13 13:30:00,2022
Heracles Almelo,15.0,2.0,0.0,1.0,8.0,3.0,49.7,11.0,1.0,0.1,0.0,0.0,245.0,334.0,0.7,3.0,25.0,0.1,62.0,30.0,0.5,5.0,11.0,18.0,0.6,6.0,19.0,19.0,Vitesse,20.0,3.0,0.0,1.0,5.0,1.0,50.3,10.0,3.0,0.3,0.0,0.0,246.0,346.0,0.7,3.0,13.0,0.2,53.0,27.0,0.5,2.0,12.0,15.0,0.8,12.0,20.0,20.0,603602,2022-03-13 13:30:00,2022
PEC Zwolle,14.0,3.0,0.0,2.0,3.0,4.0,44.4,7.0,3.0,0.4,0.0,0.0,281.0,390.0,0.7,7.0,21.0,0.3,69.0,31.0,0.4,3.0,8.0,18.0,0.4,18.0,22.0,22.0,Feyenoord Rotterdam,10.0,1.0,0.0,4.0,6.0,2.0,55.6,16.0,6.0,0.4,0.0,0.0,401.0,502.0,0.8,3.0,20.0,0.2,60.0,23.0,0.4,4.0,9.0,13.0,0.7,12.0,23.0,23.0,603597,2022-03-13 15:45:00,2022
AZ Alkmaar,14.0,2.0,0.0,3.0,2.0,2.0,56.2,7.0,0.0,0.0,0.0,0.0,435.0,546.0,0.8,9.0,19.0,0.5,74.0,38.0,0.5,3.0,10.0,21.0,0.5,10.0,5.0,5.0,FC Twente,10.0,2.0,0.0,4.0,3.0,0.0,43.8,7.0,3.0,0.4,0.0,0.0,318.0,432.0,0.7,6.0,12.0,0.5,76.0,31.0,0.4,1.0,5.0,10.0,0.5,5.0,17.0,17.0,603596,2022-03-13 19:00:00,2022
Heerenveen,6.0,0.0,0.0,0.0,9.0,2.0,48.5,14.0,8.0,0.6,0.0,0.0,274.0,390.0,0.7,6.0,22.0,0.3,80.0,30.0,0.4,3.0,11.0,20.0,0.6,5.0,8.0,8.0,Heracles Almelo,8.0,1.0,0.0,2.0,1.0,5.0,51.5,7.0,2.0,0.3,0.0,0.0,324.0,418.0,0.8,3.0,13.0,0.2,68.0,39.0,0.6,2.0,15.0,21.0,0.7,9.0,28.0,28.0,603590,2022-03-18 19:00:00,2022
Go Ahead Eagles,0.0,0.0,0.0,0.0,0.0,0.0,0.0,0.0,0.0,0.0,0.0,0.0,0.0,0.0,0.0,0.0,0.0,0.0,0.0,0.0,0.0,0.0,0.0,0.0,0.0,0.0,0.0,0.0,SC Cambuur,0.0,0.0,0.0,0.0,0.0,0.0,0.0,0.0,0.0,0.0,0.0,0.0,0.0,0.0,0.0,0.0,0.0,0.0,0.0,0.0,0.0,0.0,0.0,0.0,0.0,0.0,0.0,0.0,603593,2022-03-19 17:45:00,2022
FC Twente,9.0,0.0,0.0,1.0,4.0,4.0,49.6,18.0,7.0,0.4,0.0,0.0,304.0,429.0,0.7,3.0,13.0,0.2,83.0,38.0,0.5,2.0,10.0,21.0,0.5,19.0,20.0,20.0,PEC Zwolle,8.0,2.0,0.0,4.0,5.0,5.0,50.4,9.0,4.0,0.4,0.0,0.0,292.0,429.0,0.7,5.0,16.0,0.3,76.0,34.0,0.4,0.0,5.0,12.0,0.4,17.0,25.0,25.0,603591,2022-03-19 19:00:00,2022
NEC Nijmegen,7.0,1.0,0.0,2.0,8.0,0.0,69.7,18.0,6.0,0.3,0.0,0.0,518.0,622.0,0.8,6.0,33.0,0.2,60.0,23.0,0.4,8.0,9.0,18.0,0.5,7.0,12.0,12.0,Sparta Rotterdam,13.0,1.0,0.0,0.0,3.0,5.0,30.3,3.0,0.0,0.0,0.0,0.0,167.0,276.0,0.6,1.0,10.0,0.1,73.0,28.0,0.4,0.0,14.0,21.0,0.7,15.0,37.0,37.0,603594,2022-03-19 20:00:00,2022
FC Utrecht,13.0,1.0,0.0,2.0,4.0,4.0,59.2,19.0,6.0,0.3,0.0,0.0,366.0,485.0,0.8,11.0,25.0,0.4,64.0,33.0,0.5,7.0,7.0,13.0,0.5,15.0,13.0,13.0,FC Groningen,17.0,3.0,0.0,1.0,3.0,5.0,40.8,8.0,5.0,0.6,1.0,1.0,220.0,332.0,0.7,4.0,12.0,0.3,90.0,37.0,0.4,0.0,16.0,26.0,0.6,19.0,29.0,29.0,603587,2022-03-20 11:15:00,2022
Ajax Amsterdam,13.0,1.0,1.0,0.0,4.0,2.0,66.4,17.0,8.0,0.5,0.0,0.0,453.0,556.0,0.8,6.0,24.0,0.3,54.0,29.0,0.5,2.0,11.0,17.0,0.6,5.0,20.0,20.0,Feyenoord Rotterdam,14.0,0.0,0.0,0.0,4.0,5.0,33.6,14.0,4.0,0.3,0.0,0.0,183.0,280.0,0.7,3.0,14.0,0.2,72.0,24.0,0.3,7.0,15.0,20.0,0.8,9.0,16.0,16.0,603588,2022-03-20 13:30:00,2022
PSV Eindhoven,5.0,0.0,0.0,0.0,11.0,0.0,66.0,24.0,15.0,0.6,0.0,0.0,636.0,722.0,0.9,10.0,34.0,0.3,48.0,28.0,0.6,3.0,14.0,20.0,0.7,13.0,5.0,5.0,Fortuna Sittard,3.0,0.0,0.0,0.0,3.0,10.0,34.0,6.0,0.0,0.0,0.0,0.0,303.0,377.0,0.8,2.0,8.0,0.3,49.0,24.0,0.5,2.0,6.0,10.0,0.6,14.0,38.0,38.0,603589,2022-03-20 15:45:00,2022
Vitesse,10.0,1.0,0.0,3.0,10.0,2.0,62.2,25.0,3.0,0.1,0.0,0.0,463.0,571.0,0.8,8.0,25.0,0.3,77.0,49.0,0.6,6.0,16.0,26.0,0.6,7.0,10.0,10.0,RKC Waalwijk,10.0,1.0,0.0,0.0,1.0,2.0,37.8,9.0,4.0,0.4,0.0,0.0,246.0,353.0,0.7,1.0,9.0,0.1,66.0,23.0,0.3,1.0,6.0,16.0,0.4,11.0,27.0,27.0,603592,2022-03-20 15:45:00,2022
Willem II,5.0,0.0,0.0,3.0,1.0,3.0,25.3,5.0,2.0,0.4,0.0,0.0,153.0,234.0,0.7,2.0,11.0,0.2,61.0,22.0,0.4,2.0,7.0,12.0,0.6,6.0,28.0,28.0,AZ Alkmaar,11.0,3.0,0.0,0.0,8.0,0.0,74.7,22.0,5.0,0.2,0.0,0.0,610.0,695.0,0.9,12.0,33.0,0.4,69.0,47.0,0.7,6.0,5.0,8.0,0.6,7.0,5.0,5.0,603586,2022-03-20 19:00:00,2022
FC Groningen,12.0,0.0,0.0,1.0,1.0,4.0,45.2,8.0,3.0,0.4,0.0,0.0,277.0,388.0,0.7,5.0,17.0,0.3,83.0,37.0,0.4,1.0,10.0,13.0,0.8,11.0,14.0,14.0,Ajax Amsterdam,9.0,0.0,0.0,2.0,2.0,2.0,54.8,16.0,7.0,0.4,1.0,1.0,370.0,490.0,0.8,1.0,11.0,0.1,73.0,33.0,0.5,7.0,8.0,17.0,0.5,2.0,24.0,24.0,603577,2022-04-02 14:30:00,2022
FC Twente,13.0,3.0,0.0,0.0,1.0,4.0,33.8,13.0,5.0,0.4,0.0,0.0,219.0,340.0,0.6,3.0,9.0,0.3,72.0,24.0,0.3,5.0,26.0,34.0,0.8,19.0,28.0,28.0,PSV Eindhoven,8.0,3.0,0.0,3.0,4.0,2.0,66.2,16.0,8.0,0.5,0.0,0.0,534.0,660.0,0.8,7.0,23.0,0.3,74.0,32.0,0.4,3.0,10.0,19.0,0.5,13.0,8.0,8.0,603583,2022-04-02 16:45:00,2022
RKC Waalwijk,10.0,0.0,0.0,1.0,2.0,4.0,47.7,5.0,2.0,0.4,0.0,0.0,360.0,454.0,0.8,3.0,22.0,0.1,72.0,38.0,0.5,3.0,6.0,12.0,0.5,10.0,18.0,18.0,FC Utrecht,8.0,0.0,0.0,4.0,3.0,1.0,52.3,11.0,5.0,0.5,0.0,0.0,403.0,509.0,0.8,9.0,17.0,0.5,66.0,30.0,0.5,2.0,14.0,18.0,0.8,13.0,17.0,17.0,603578,2022-04-02 18:00:00,2022
AZ Alkmaar,8.0,1.0,0.0,2.0,2.0,3.0,46.3,9.0,2.0,0.2,1.0,1.0,299.0,392.0,0.8,3.0,13.0,0.2,63.0,23.0,0.4,3.0,6.0,12.0,0.5,6.0,38.0,38.0,Vitesse,11.0,2.0,0.0,3.0,9.0,0.0,53.7,15.0,5.0,0.3,0.0,0.0,336.0,446.0,0.8,9.0,23.0,0.4,76.0,37.0,0.5,0.0,4.0,10.0,0.4,11.0,11.0,11.0,603584,2022-04-02 18:00:00,2022
Feyenoord Rotterdam,7.0,0.0,0.0,2.0,9.0,0.0,69.1,30.0,9.0,0.3,0.0,0.0,560.0,657.0,0.9,6.0,29.0,0.2,44.0,29.0,0.7,6.0,19.0,27.0,0.7,9.0,15.0,15.0,Willem II,11.0,2.0,0.0,3.0,2.0,7.0,30.9,3.0,0.0,0.0,0.0,0.0,184.0,282.0,0.7,3.0,17.0,0.2,59.0,17.0,0.3,3.0,13.0,23.0,0.6,9.0,30.0,30.0,603585,2022-04-02 19:00:00,2022
PEC Zwolle,10.0,0.0,0.0,3.0,4.0,3.0,56.6,13.0,1.0,0.1,0.0,0.0,319.0,458.0,0.7,6.0,23.0,0.3,84.0,34.0,0.4,5.0,13.0,29.0,0.4,5.0,19.0,19.0,Go Ahead Eagles,5.0,0.0,0.0,2.0,4.0,1.0,43.4,14.0,4.0,0.3,0.0,0.0,229.0,355.0,0.6,2.0,16.0,0.1,75.0,26.0,0.3,5.0,14.0,19.0,0.7,15.0,13.0,13.0,603579,2022-04-03 10:15:00,2022
Sparta Rotterdam,13.0,0.0,0.0,4.0,5.0,2.0,50.3,7.0,3.0,0.4,1.0,2.0,320.0,424.0,0.8,1.0,20.0,0.1,78.0,38.0,0.5,3.0,9.0,12.0,0.8,13.0,22.0,22.0,Heerenveen,11.0,0.0,0.0,4.0,3.0,2.0,49.7,7.0,3.0,0.4,0.0,0.0,319.0,417.0,0.8,5.0,18.0,0.3,75.0,31.0,0.4,0.0,15.0,20.0,0.8,10.0,21.0,21.0,603580,2022-04-03 12:30:00,2022
Fortuna Sittard,11.0,1.0,0.0,3.0,6.0,2.0,52.6,10.0,5.0,0.5,0.0,0.0,356.0,437.0,0.8,4.0,16.0,0.3,71.0,34.0,0.5,2.0,15.0,24.0,0.6,7.0,17.0,17.0,Heracles Almelo,7.0,0.0,0.0,3.0,1.0,6.0,47.4,11.0,4.0,0.4,0.0,0.0,309.0,393.0,0.8,2.0,14.0,0.1,72.0,27.0,0.4,3.0,7.0,13.0,0.5,3.0,16.0,16.0,603581,2022-04-03 12:30:00,2022
SC Cambuur,12.0,1.0,0.0,0.0,6.0,5.0,52.4,15.0,4.0,0.3,0.0,0.0,300.0,413.0,0.7,8.0,23.0,0.3,72.0,39.0,0.5,4.0,8.0,23.0,0.3,10.0,11.0,11.0,NEC Nijmegen,12.0,2.0,0.0,2.0,3.0,3.0,47.6,9.0,6.0,0.7,0.0,0.0,269.0,384.0,0.7,1.0,12.0,0.1,59.0,22.0,0.4,0.0,14.0,19.0,0.7,4.0,24.0,24.0,603582,2022-04-03 14:45:00,2022
Go Ahead Eagles,3.0,0.0,0.0,0.0,4.0,6.0,54.8,18.0,10.0,0.6,0.0,0.0,398.0,499.0,0.8,2.0,13.0,0.2,74.0,43.0,0.6,6.0,7.0,14.0,0.5,8.0,23.0,23.0,Willem II,5.0,0.0,0.0,0.0,9.0,4.0,45.2,10.0,5.0,0.5,0.0,0.0,309.0,393.0,0.8,8.0,36.0,0.2,57.0,25.0,0.4,2.0,10.0,16.0,0.6,3.0,12.0,12.0,603576,2022-04-08 18:00:00,2022
FC Utrecht,11.0,0.0,0.0,1.0,10.0,8.0,50.1,18.0,5.0,0.3,0.0,0.0,329.0,428.0,0.8,6.0,25.0,0.2,48.0,25.0,0.5,5.0,13.0,18.0,0.7,5.0,23.0,23.0,Fortuna Sittard,9.0,2.0,0.0,1.0,6.0,4.0,49.9,16.0,10.0,0.6,0.0,0.0,336.0,430.0,0.8,4.0,22.0,0.2,60.0,30.0,0.5,3.0,12.0,20.0,0.6,15.0,30.0,30.0,603572,2022-04-09 16:45:00,2022
Ajax Amsterdam,4.0,0.0,0.0,7.0,12.0,0.0,69.9,18.0,6.0,0.3,1.0,1.0,578.0,682.0,0.8,9.0,36.0,0.3,44.0,27.0,0.6,5.0,5.0,12.0,0.4,11.0,10.0,10.0,Sparta Rotterdam,12.0,3.0,0.0,0.0,5.0,4.0,30.1,11.0,1.0,0.1,0.0,0.0,180.0,291.0,0.6,3.0,19.0,0.2,68.0,21.0,0.3,6.0,11.0,17.0,0.6,15.0,40.0,40.0,603575,2022-04-09 18:00:00,2022
NEC Nijmegen,16.0,1.0,1.0,0.0,2.0,1.0,45.2,8.0,3.0,0.4,0.0,0.0,294.0,391.0,0.8,1.0,5.0,0.2,55.0,16.0,0.3,1.0,13.0,24.0,0.5,11.0,22.0,22.0,FC Twente,10.0,0.0,0.0,0.0,6.0,3.0,54.8,12.0,4.0,0.3,0.0,0.0,365.0,462.0,0.8,5.0,22.0,0.2,55.0,20.0,0.4,4.0,13.0,30.0,0.4,10.0,5.0,5.0,603570,2022-04-09 19:00:00,2022
Heerenveen,9.0,2.0,0.0,2.0,9.0,2.0,40.4,11.0,7.0,0.6,0.0,0.0,217.0,300.0,0.7,3.0,17.0,0.2,59.0,21.0,0.4,1.0,12.0,14.0,0.9,7.0,25.0,25.0,FC Groningen,10.0,1.0,0.0,0.0,6.0,3.0,59.6,10.0,4.0,0.4,0.0,0.0,368.0,436.0,0.8,6.0,24.0,0.3,58.0,39.0,0.7,4.0,12.0,17.0,0.7,11.0,26.0,26.0,603569,2022-04-10 10:15:00,2022
Vitesse,7.0,1.0,0.0,1.0,8.0,0.0,60.1,31.0,14.0,0.5,0.0,0.0,443.0,531.0,0.8,14.0,33.0,0.4,54.0,30.0,0.6,6.0,11.0,20.0,0.6,16.0,12.0,12.0,SC Cambuur,8.0,1.0,0.0,2.0,3.0,13.0,39.9,4.0,0.0,0.0,0.0,0.0,265.0,355.0,0.7,5.0,13.0,0.4,73.0,36.0,0.5,1.0,9.0,14.0,0.6,6.0,24.0,24.0,603574,2022-04-10 12:30:00,2022
PSV Eindhoven,9.0,3.0,0.0,0.0,7.0,2.0,62.1,18.0,8.0,0.4,0.0,0.0,505.0,589.0,0.9,4.0,15.0,0.3,56.0,31.0,0.6,3.0,5.0,14.0,0.4,11.0,13.0,13.0,RKC Waalwijk,12.0,3.0,0.0,3.0,5.0,6.0,37.9,10.0,2.0,0.2,0.0,0.0,265.0,354.0,0.7,1.0,10.0,0.1,57.0,29.0,0.5,3.0,9.0,15.0,0.6,11.0,19.0,19.0,603573,2022-04-10 12:30:00,2022
Heracles Almelo,6.0,1.0,0.0,1.0,9.0,4.0,35.9,19.0,8.0,0.4,0.0,0.0,267.0,343.0,0.8,7.0,23.0,0.3,63.0,27.0,0.4,5.0,10.0,18.0,0.6,8.0,12.0,12.0,Feyenoord Rotterdam,8.0,0.0,0.0,1.0,7.0,6.0,64.1,23.0,8.0,0.3,0.0,0.0,573.0,640.0,0.9,8.0,17.0,0.5,38.0,22.0,0.6,6.0,11.0,22.0,0.5,8.0,18.0,18.0,603571,2022-04-10 14:45:00,2022
PEC Zwolle,9.0,0.0,0.0,5.0,4.0,4.0,40.9,13.0,7.0,0.5,0.0,0.0,232.0,348.0,0.7,4.0,16.0,0.3,91.0,41.0,0.5,0.0,13.0,23.0,0.6,8.0,22.0,22.0,AZ Alkmaar,10.0,1.0,0.0,3.0,3.0,5.0,59.1,14.0,5.0,0.4,0.0,0.0,389.0,509.0,0.8,3.0,19.0,0.2,77.0,35.0,0.5,4.0,7.0,11.0,0.6,6.0,15.0,15.0,603568,2022-04-10 18:00:00,2022
Fortuna Sittard,16.0,1.0,0.0,3.0,14.0,1.0,44.8,12.0,4.0,0.3,0.0,0.0,168.0,260.0,0.6,8.0,28.0,0.3,65.0,25.0,0.4,4.0,8.0,13.0,0.6,13.0,19.0,19.0,Sparta Rotterdam,11.0,3.0,0.0,1.0,4.0,1.0,55.2,7.0,1.0,0.1,0.0,0.0,241.0,339.0,0.7,8.0,16.0,0.5,67.0,30.0,0.4,2.0,15.0,24.0,0.6,10.0,34.0,34.0,603629,2022-04-16 16:45:00,2022
Vitesse,12.0,3.0,0.0,2.0,5.0,2.0,72.3,16.0,8.0,0.5,0.0,1.0,451.0,580.0,0.8,10.0,38.0,0.3,61.0,18.0,0.3,0.0,8.0,14.0,0.6,10.0,15.0,15.0,Sparta Rotterdam,0.0,0.0,0.0,0.0,0.0,0.0,0.0,0.0,0.0,0.0,0.0,0.0,0.0,0.0,0.0,0.0,0.0,0.0,0.0,0.0,0.0,0.0,0.0,0.0,0.0,0.0,0.0,0.0,603612,2022-04-19 16:45:00,2022
FC Twente,3.0,0.0,0.0,3.0,10.0,1.0,66.5,19.0,7.0,0.4,0.0,0.0,399.0,515.0,0.8,4.0,24.0,0.2,74.0,30.0,0.4,3.0,11.0,14.0,0.8,10.0,17.0,17.0,Sparta Rotterdam,15.0,3.0,0.0,1.0,3.0,5.0,33.5,5.0,0.0,0.0,0.0,0.0,162.0,264.0,0.6,3.0,11.0,0.3,63.0,27.0,0.4,0.0,7.0,14.0,0.5,15.0,37.0,37.0,603566,2022-04-22 18:00:00,2022
NEC Nijmegen,14.0,2.0,0.0,1.0,4.0,4.0,33.2,8.0,2.0,0.3,0.0,0.0,163.0,267.0,0.6,4.0,13.0,0.3,66.0,18.0,0.3,2.0,18.0,27.0,0.7,12.0,21.0,21.0,Ajax Amsterdam,9.0,1.0,0.0,0.0,8.0,2.0,66.8,17.0,6.0,0.4,0.0,1.0,428.0,536.0,0.8,10.0,24.0,0.4,54.0,25.0,0.5,3.0,14.0,22.0,0.6,10.0,11.0,11.0,603559,2022-04-23 14:30:00,2022
AZ Alkmaar,5.0,1.0,0.0,0.0,3.0,3.0,58.1,24.0,8.0,0.3,0.0,0.0,455.0,547.0,0.8,8.0,21.0,0.4,50.0,24.0,0.5,3.0,9.0,15.0,0.6,10.0,12.0,12.0,Heerenveen,6.0,2.0,0.0,0.0,2.0,6.0,41.9,12.0,4.0,0.3,0.0,0.0,314.0,401.0,0.8,2.0,12.0,0.2,88.0,35.0,0.4,4.0,12.0,24.0,0.5,13.0,22.0,22.0,603562,2022-04-23 16:45:00,2022
RKC Waalwijk,13.0,2.0,0.0,1.0,4.0,2.0,51.0,13.0,5.0,0.4,0.0,0.0,287.0,414.0,0.7,6.0,15.0,0.4,90.0,45.0,0.5,2.0,7.0,19.0,0.4,13.0,11.0,11.0,PEC Zwolle,14.0,1.0,0.0,1.0,2.0,5.0,49.0,10.0,4.0,0.4,1.0,1.0,281.0,401.0,0.7,0.0,9.0,0.0,97.0,51.0,0.5,1.0,8.0,14.0,0.6,10.0,10.0,10.0,603564,2022-04-23 18:00:00,2022
SC Cambuur,10.0,2.0,1.0,1.0,1.0,5.0,40.5,6.0,3.0,0.5,0.0,0.0,283.0,373.0,0.8,2.0,7.0,0.3,59.0,27.0,0.5,1.0,7.0,11.0,0.6,12.0,32.0,32.0,PSV Eindhoven,13.0,0.0,0.0,2.0,18.0,2.0,59.5,24.0,7.0,0.3,0.0,0.0,454.0,538.0,0.8,6.0,29.0,0.2,55.0,26.0,0.5,10.0,9.0,14.0,0.6,5.0,8.0,8.0,603565,2022-04-23 19:00:00,2022
Willem II,12.0,0.0,0.0,3.0,4.0,2.0,36.6,8.0,2.0,0.3,0.0,0.0,179.0,290.0,0.6,1.0,15.0,0.1,74.0,28.0,0.4,3.0,12.0,21.0,0.6,6.0,36.0,36.0,Vitesse,11.0,4.0,0.0,2.0,2.0,1.0,63.4,12.0,2.0,0.2,0.0,0.0,386.0,503.0,0.8,9.0,23.0,0.4,82.0,37.0,0.5,8.0,8.0,12.0,0.7,10.0,20.0,20.0,603567,2022-04-24 10:15:00,2022
FC Groningen,12.0,0.0,0.0,0.0,1.0,4.0,64.2,7.0,2.0,0.3,0.0,0.0,426.0,522.0,0.8,2.0,22.0,0.1,91.0,44.0,0.5,4.0,9.0,19.0,0.5,11.0,4.0,4.0,Heracles Almelo,11.0,1.0,0.0,2.0,2.0,2.0,35.8,9.0,5.0,0.6,0.0,0.0,202.0,291.0,0.7,2.0,8.0,0.3,56.0,19.0,0.3,0.0,11.0,18.0,0.6,7.0,35.0,35.0,603563,2022-04-24 12:30:00,2022
Feyenoord Rotterdam,8.0,1.0,0.0,1.0,11.0,0.0,66.4,16.0,7.0,0.4,0.0,0.0,522.0,605.0,0.9,5.0,34.0,0.1,61.0,33.0,0.5,7.0,9.0,15.0,0.6,9.0,11.0,11.0,FC Utrecht,6.0,2.0,0.0,0.0,4.0,6.0,33.6,4.0,1.0,0.3,0.0,0.0,211.0,312.0,0.7,3.0,10.0,0.3,75.0,28.0,0.4,0.0,11.0,18.0,0.6,12.0,28.0,28.0,603560,2022-04-24 12:30:00,2022
Fortuna Sittard,11.0,0.0,0.0,1.0,4.0,1.0,38.8,14.0,4.0,0.3,0.0,0.0,209.0,316.0,0.7,7.0,17.0,0.4,83.0,35.0,0.4,1.0,8.0,18.0,0.4,10.0,24.0,24.0,Go Ahead Eagles,10.0,0.0,0.0,3.0,2.0,3.0,61.2,5.0,1.0,0.2,0.0,0.0,381.0,500.0,0.8,4.0,17.0,0.2,80.0,42.0,0.5,1.0,7.0,14.0,0.5,7.0,14.0,14.0,603561,2022-04-24 14:45:00,2022
FC Utrecht,13.0,0.0,0.0,0.0,10.0,4.0,46.9,21.0,8.0,0.4,0.0,0.0,333.0,433.0,0.8,10.0,30.0,0.3,54.0,21.0,0.4,6.0,10.0,16.0,0.6,13.0,15.0,15.0,NEC Nijmegen,13.0,3.0,0.0,1.0,2.0,7.0,53.1,11.0,4.0,0.4,0.0,0.0,406.0,511.0,0.8,5.0,11.0,0.5,53.0,21.0,0.4,2.0,11.0,19.0,0.6,7.0,32.0,32.0,603554,2022-04-29 18:00:00,2022
Ajax Amsterdam,6.0,0.0,0.0,2.0,1.0,1.0,63.1,20.0,9.0,0.5,0.0,0.0,548.0,644.0,0.9,1.0,11.0,0.1,68.0,34.0,0.5,6.0,14.0,20.0,0.7,7.0,1.0,1.0,PEC Zwolle,15.0,0.0,0.0,2.0,1.0,7.0,36.9,10.0,1.0,0.1,0.0,0.0,275.0,375.0,0.7,2.0,6.0,0.3,61.0,21.0,0.3,3.0,18.0,24.0,0.8,14.0,13.0,13.0,603555,2022-04-30 16:45:00,2022
Heracles Almelo,8.0,2.0,1.0,3.0,2.0,5.0,33.8,7.0,2.0,0.3,0.0,0.0,200.0,293.0,0.7,1.0,8.0,0.1,71.0,28.0,0.4,0.0,7.0,14.0,0.5,8.0,13.0,13.0,FC Twente,12.0,3.0,0.0,2.0,2.0,1.0,66.2,17.0,6.0,0.4,0.0,0.0,487.0,570.0,0.9,7.0,30.0,0.2,36.0,16.0,0.4,3.0,11.0,20.0,0.6,8.0,10.0,10.0,603552,2022-04-30 18:00:00,2022
Sparta Rotterdam,8.0,0.0,0.0,1.0,2.0,4.0,44.9,13.0,5.0,0.4,0.0,0.0,315.0,423.0,0.7,4.0,19.0,0.2,73.0,40.0,0.5,2.0,11.0,19.0,0.6,11.0,16.0,16.0,AZ Alkmaar,9.0,0.0,0.0,3.0,8.0,3.0,55.1,18.0,5.0,0.3,0.0,0.0,426.0,522.0,0.8,3.0,17.0,0.2,55.0,22.0,0.4,6.0,4.0,10.0,0.4,8.0,22.0,22.0,603550,2022-04-30 19:00:00,2022
Heerenveen,8.0,2.0,0.0,2.0,5.0,0.0,44.4,22.0,7.0,0.3,0.0,0.0,306.0,368.0,0.8,6.0,20.0,0.3,49.0,30.0,0.6,3.0,10.0,16.0,0.6,8.0,16.0,16.0,SC Cambuur,3.0,1.0,0.0,0.0,4.0,4.0,55.6,8.0,3.0,0.4,1.0,1.0,395.0,468.0,0.8,4.0,16.0,0.3,61.0,32.0,0.5,2.0,11.0,16.0,0.7,5.0,25.0,25.0,603556,2022-05-01 10:15:00,2022
Go Ahead Eagles,5.0,0.0,0.0,3.0,5.0,3.0,50.2,14.0,7.0,0.5,0.0,0.0,316.0,419.0,0.8,7.0,22.0,0.3,61.0,23.0,0.4,2.0,4.0,13.0,0.3,12.0,21.0,21.0,Vitesse,12.0,3.0,0.0,0.0,3.0,6.0,49.8,12.0,5.0,0.4,0.0,0.0,300.0,416.0,0.7,4.0,17.0,0.2,67.0,24.0,0.4,1.0,6.0,12.0,0.5,11.0,23.0,23.0,603557,2022-05-01 12:30:00,2022
PSV Eindhoven,7.0,0.0,0.0,3.0,7.0,1.0,56.2,12.0,6.0,0.5,0.0,0.0,435.0,545.0,0.8,3.0,17.0,0.2,72.0,33.0,0.5,2.0,18.0,29.0,0.6,16.0,11.0,11.0,Willem II,13.0,1.0,0.0,1.0,4.0,3.0,43.8,8.0,3.0,0.4,0.0,0.0,319.0,424.0,0.8,4.0,14.0,0.3,62.0,21.0,0.3,3.0,14.0,22.0,0.6,17.0,20.0,20.0,603558,2022-05-01 12:30:00,2022
Fortuna Sittard,11.0,0.0,0.0,1.0,4.0,6.0,40.8,15.0,3.0,0.2,0.0,0.0,219.0,309.0,0.7,8.0,21.0,0.4,62.0,26.0,0.4,5.0,13.0,20.0,0.7,11.0,17.0,17.0,Feyenoord Rotterdam,13.0,0.0,0.0,1.0,6.0,1.0,59.2,21.0,9.0,0.4,0.0,1.0,388.0,478.0,0.8,2.0,7.0,0.3,72.0,33.0,0.5,3.0,12.0,21.0,0.6,5.0,15.0,15.0,603553,2022-05-01 14:45:00,2022
RKC Waalwijk,9.0,0.0,0.0,2.0,2.0,3.0,39.7,11.0,3.0,0.3,0.0,0.0,236.0,326.0,0.7,5.0,15.0,0.3,69.0,35.0,0.5,2.0,6.0,12.0,0.5,8.0,21.0,21.0,FC Groningen,13.0,1.0,0.0,5.0,4.0,0.0,60.3,12.0,4.0,0.3,0.0,0.0,401.0,492.0,0.8,3.0,19.0,0.2,79.0,37.0,0.5,2.0,4.0,6.0,0.7,4.0,12.0,12.0,603551,2022-05-01 18:00:00,2022
SC Cambuur,6.0,1.0,0.0,7.0,3.0,4.0,51.9,14.0,4.0,0.3,0.0,0.0,347.0,443.0,0.8,5.0,15.0,0.3,63.0,32.0,0.5,3.0,4.0,13.0,0.3,5.0,17.0,17.0,RKC Waalwijk,11.0,1.0,0.0,2.0,5.0,3.0,48.1,20.0,4.0,0.2,0.0,0.0,306.0,400.0,0.8,7.0,23.0,0.3,70.0,38.0,0.5,7.0,9.0,12.0,0.8,6.0,14.0,14.0,603548,2022-05-06 18:00:00,2022
FC Twente,15.0,3.0,0.0,0.0,5.0,3.0,71.8,22.0,4.0,0.2,0.0,0.0,433.0,549.0,0.8,10.0,34.0,0.3,54.0,21.0,0.4,6.0,8.0,13.0,0.6,5.0,13.0,13.0,Fortuna Sittard,14.0,6.0,0.0,1.0,0.0,3.0,28.2,9.0,5.0,0.6,0.0,0.0,124.0,224.0,0.6,0.0,6.0,0.0,70.0,25.0,0.4,2.0,4.0,11.0,0.4,7.0,46.0,46.0,603543,2022-05-07 16:45:00,2022
Willem II,8.0,0.0,0.0,1.0,9.0,2.0,50.9,21.0,11.0,0.5,0.0,0.0,341.0,428.0,0.8,8.0,21.0,0.4,72.0,33.0,0.5,1.0,5.0,16.0,0.3,12.0,8.0,8.0,Heracles Almelo,12.0,0.0,1.0,2.0,0.0,9.0,49.1,3.0,2.0,0.7,0.0,0.0,322.0,424.0,0.8,1.0,3.0,0.3,73.0,31.0,0.4,1.0,7.0,14.0,0.5,11.0,13.0,13.0,603546,2022-05-07 18:00:00,2022
PEC Zwolle,7.0,0.0,0.0,1.0,7.0,4.0,61.1,18.0,7.0,0.4,0.0,0.0,384.0,498.0,0.8,9.0,37.0,0.2,70.0,42.0,0.6,5.0,14.0,20.0,0.7,10.0,16.0,16.0,FC Utrecht,5.0,0.0,0.0,1.0,9.0,6.0,38.9,15.0,5.0,0.3,0.0,0.0,206.0,319.0,0.6,6.0,19.0,0.3,76.0,26.0,0.3,6.0,13.0,21.0,0.6,16.0,35.0,35.0,603542,2022-05-07 18:00:00,2022
FC Groningen,8.0,1.0,0.0,1.0,8.0,1.0,64.6,17.0,5.0,0.3,0.0,0.0,437.0,528.0,0.8,9.0,39.0,0.2,90.0,56.0,0.6,5.0,6.0,16.0,0.4,14.0,10.0,10.0,Sparta Rotterdam,9.0,2.0,0.0,0.0,2.0,4.0,35.4,9.0,3.0,0.3,0.0,0.0,197.0,307.0,0.6,0.0,6.0,0.0,81.0,32.0,0.4,3.0,8.0,15.0,0.5,7.0,41.0,41.0,603549,2022-05-07 19:00:00,2022
NEC Nijmegen,9.0,2.0,0.0,0.0,5.0,3.0,53.3,17.0,7.0,0.4,0.0,0.0,302.0,407.0,0.7,6.0,17.0,0.4,55.0,27.0,0.5,6.0,13.0,19.0,0.7,11.0,11.0,11.0,Go Ahead Eagles,17.0,2.0,0.0,0.0,2.0,6.0,46.7,8.0,2.0,0.3,0.0,0.0,270.0,358.0,0.8,4.0,9.0,0.4,63.0,28.0,0.4,1.0,10.0,19.0,0.5,16.0,14.0,14.0,603544,2022-05-08 10:15:00,2022
AZ Alkmaar,15.0,3.0,0.0,1.0,0.0,1.0,40.0,12.0,4.0,0.3,0.0,0.0,293.0,374.0,0.8,5.0,13.0,0.4,60.0,25.0,0.4,2.0,8.0,24.0,0.3,10.0,40.0,40.0,Ajax Amsterdam,11.0,1.0,0.0,3.0,10.0,2.0,60.0,13.0,4.0,0.3,0.0,0.0,459.0,550.0,0.8,7.0,32.0,0.2,59.0,37.0,0.6,2.0,18.0,24.0,0.8,10.0,4.0,4.0,603541,2022-05-08 12:30:00,2022
Vitesse,10.0,1.0,0.0,2.0,4.0,2.0,45.2,12.0,6.0,0.5,1.0,1.0,265.0,370.0,0.7,3.0,13.0,0.2,51.0,16.0,0.3,0.0,14.0,23.0,0.6,13.0,14.0,14.0,Heerenveen,7.0,1.0,0.0,2.0,8.0,4.0,54.8,14.0,4.0,0.3,0.0,0.0,351.0,448.0,0.8,6.0,22.0,0.3,79.0,38.0,0.5,3.0,11.0,20.0,0.6,15.0,18.0,18.0,603545,2022-05-08 12:30:00,2022
Feyenoord Rotterdam,13.0,3.0,0.0,3.0,6.0,3.0,51.2,20.0,7.0,0.4,1.0,1.0,394.0,471.0,0.8,8.0,24.0,0.3,40.0,16.0,0.4,6.0,13.0,18.0,0.7,12.0,14.0,14.0,PSV Eindhoven,14.0,3.0,0.0,2.0,6.0,5.0,48.8,16.0,5.0,0.3,0.0,0.0,373.0,460.0,0.8,0.0,15.0,0.0,60.0,30.0,0.5,8.0,11.0,18.0,0.6,13.0,27.0,27.0,603547,2022-05-08 14:45:00,2022
Sparta Rotterdam,8.0,2.0,0.0,2.0,4.0,3.0,32.3,6.0,2.0,0.3,0.0,0.0,152.0,260.0,0.6,3.0,17.0,0.2,79.0,29.0,0.4,1.0,13.0,26.0,0.5,16.0,38.0,38.0,PEC Zwolle,10.0,1.0,0.0,0.0,13.0,0.0,67.7,22.0,3.0,0.1,0.0,0.0,415.0,525.0,0.8,13.0,46.0,0.3,49.0,24.0,0.5,7.0,4.0,9.0,0.4,13.0,12.0,12.0,603538,2022-05-11 18:00:00,2022
SC Cambuur,10.0,1.0,0.0,2.0,1.0,2.0,45.9,6.0,2.0,0.3,0.0,0.0,311.0,416.0,0.7,1.0,7.0,0.1,73.0,30.0,0.4,2.0,10.0,20.0,0.5,5.0,30.0,30.0,Willem II,15.0,3.0,0.0,2.0,11.0,1.0,54.1,13.0,3.0,0.2,0.0,0.0,371.0,469.0,0.8,5.0,31.0,0.2,59.0,23.0,0.4,4.0,5.0,13.0,0.4,7.0,5.0,5.0,603540,2022-05-11 18:00:00,2022
FC Twente,11.0,0.0,0.0,2.0,5.0,4.0,51.9,20.0,9.0,0.5,0.0,0.0,276.0,373.0,0.7,3.0,12.0,0.3,77.0,28.0,0.4,8.0,13.0,20.0,0.7,8.0,18.0,18.0,FC Groningen,10.0,1.0,0.0,1.0,3.0,6.0,48.1,9.0,4.0,0.4,0.0,0.0,236.0,342.0,0.7,1.0,14.0,0.1,79.0,31.0,0.4,3.0,12.0,19.0,0.6,8.0,14.0,14.0,603533,2022-05-11 18:00:00,2022
Ajax Amsterdam,8.0,0.0,0.0,1.0,6.0,1.0,57.6,18.0,7.0,0.4,1.0,1.0,470.0,550.0,0.9,5.0,20.0,0.3,49.0,30.0,0.6,4.0,12.0,22.0,0.5,13.0,12.0,12.0,Heerenveen,5.0,0.0,0.0,1.0,5.0,2.0,42.4,5.0,1.0,0.2,0.0,0.0,321.0,402.0,0.8,2.0,14.0,0.1,58.0,31.0,0.5,0.0,7.0,17.0,0.4,12.0,15.0,15.0,603535,2022-05-11 18:00:00,2022
Go Ahead Eagles,6.0,0.0,0.0,1.0,0.0,3.0,51.4,12.0,2.0,0.2,0.0,0.0,340.0,450.0,0.8,3.0,10.0,0.3,80.0,36.0,0.5,2.0,5.0,11.0,0.5,13.0,12.0,12.0,Feyenoord Rotterdam,14.0,0.0,0.0,2.0,2.0,2.0,48.6,11.0,4.0,0.4,0.0,0.0,313.0,418.0,0.7,1.0,17.0,0.1,80.0,37.0,0.5,3.0,15.0,21.0,0.7,3.0,15.0,15.0,603534,2022-05-11 18:00:00,2022
Fortuna Sittard,11.0,1.0,0.0,0.0,4.0,4.0,44.9,9.0,4.0,0.4,1.0,1.0,212.0,319.0,0.7,7.0,22.0,0.3,77.0,37.0,0.5,2.0,10.0,21.0,0.5,12.0,18.0,18.0,Vitesse,7.0,1.0,0.0,4.0,4.0,3.0,55.1,15.0,5.0,0.3,0.0,0.0,277.0,400.0,0.7,5.0,15.0,0.3,83.0,35.0,0.4,2.0,10.0,21.0,0.5,11.0,18.0,18.0,603539,2022-05-11 18:00:00,2022
FC Utrecht,11.0,1.0,0.0,2.0,7.0,2.0,56.2,13.0,4.0,0.3,0.0,0.0,379.0,497.0,0.8,10.0,39.0,0.3,67.0,36.0,0.5,5.0,12.0,18.0,0.7,17.0,15.0,15.0,AZ Alkmaar,10.0,1.0,0.0,2.0,6.0,2.0,43.8,9.0,4.0,0.4,0.0,0.0,279.0,394.0,0.7,7.0,21.0,0.3,81.0,30.0,0.4,4.0,7.0,13.0,0.5,18.0,25.0,25.0,603532,2022-05-11 18:00:00,2022
RKC Waalwijk,8.0,2.0,0.0,1.0,9.0,0.0,49.9,15.0,5.0,0.3,0.0,0.0,332.0,413.0,0.8,8.0,27.0,0.3,60.0,33.0,0.6,7.0,15.0,23.0,0.7,4.0,24.0,24.0,Heracles Almelo,10.0,0.0,0.0,3.0,4.0,3.0,50.1,9.0,1.0,0.1,0.0,0.0,333.0,413.0,0.8,6.0,21.0,0.3,53.0,29.0,0.5,4.0,8.0,19.0,0.4,4.0,24.0,24.0,603536,2022-05-11 18:00:00,2022
PSV Eindhoven,5.0,0.0,0.0,0.0,3.0,4.0,63.0,14.0,6.0,0.4,0.0,0.0,664.0,735.0,0.9,2.0,12.0,0.2,40.0,29.0,0.7,4.0,16.0,23.0,0.7,12.0,14.0,14.0,NEC Nijmegen,9.0,0.0,0.0,0.0,2.0,3.0,37.0,12.0,7.0,0.6,1.0,1.0,365.0,427.0,0.9,3.0,7.0,0.4,29.0,14.0,0.5,0.0,13.0,20.0,0.7,16.0,15.0,15.0,603537,2022-05-11 18:00:00,2022
Willem II,8.0,1.0,0.0,3.0,2.0,2.0,44.1,18.0,6.0,0.3,0.0,0.0,260.0,348.0,0.7,4.0,19.0,0.2,66.0,22.0,0.3,4.0,10.0,16.0,0.6,11.0,15.0,15.0,FC Utrecht,8.0,1.0,0.0,1.0,5.0,4.0,55.9,8.0,3.0,0.4,0.0,0.0,355.0,447.0,0.8,6.0,18.0,0.3,70.0,35.0,0.5,2.0,12.0,22.0,0.5,6.0,18.0,18.0,603525,2022-05-15 12:30:00,2022
Heracles Almelo,8.0,0.0,0.0,0.0,4.0,1.0,67.4,28.0,5.0,0.2,0.0,0.0,449.0,510.0,0.9,14.0,54.0,0.3,48.0,31.0,0.6,13.0,7.0,13.0,0.5,14.0,2.0,2.0,Sparta Rotterdam,8.0,0.0,0.0,1.0,2.0,4.0,32.6,7.0,4.0,0.6,0.0,0.0,173.0,264.0,0.7,3.0,9.0,0.3,63.0,24.0,0.4,1.0,14.0,23.0,0.6,3.0,45.0,45.0,603531,2022-05-15 12:30:00,2022
PEC Zwolle,6.0,1.0,0.0,1.0,9.0,9.0,54.7,21.0,12.0,0.6,0.0,0.0,435.0,521.0,0.8,9.0,23.0,0.4,67.0,38.0,0.6,5.0,13.0,23.0,0.6,17.0,15.0,15.0,PSV Eindhoven,2.0,0.0,0.0,3.0,4.0,11.0,45.3,21.0,11.0,0.5,0.0,0.0,346.0,442.0,0.8,1.0,12.0,0.1,54.0,21.0,0.4,7.0,15.0,25.0,0.6,8.0,18.0,18.0,603528,2022-05-15 12:30:00,2022
NEC Nijmegen,10.0,1.0,0.0,2.0,11.0,2.0,68.8,30.0,7.0,0.2,0.0,0.0,439.0,542.0,0.8,9.0,36.0,0.3,57.0,24.0,0.4,10.0,9.0,20.0,0.5,6.0,6.0,6.0,Fortuna Sittard,20.0,4.0,0.0,0.0,0.0,6.0,31.2,8.0,3.0,0.4,0.0,0.0,153.0,254.0,0.6,0.0,7.0,0.0,74.0,35.0,0.5,2.0,15.0,26.0,0.6,15.0,37.0,37.0,603526,2022-05-15 12:30:00,2022
Feyenoord Rotterdam,10.0,3.0,0.0,2.0,7.0,2.0,56.3,11.0,3.0,0.3,0.0,0.0,380.0,475.0,0.8,2.0,20.0,0.1,67.0,31.0,0.5,4.0,12.0,18.0,0.7,11.0,5.0,5.0,FC Twente,13.0,2.0,0.0,0.0,0.0,2.0,43.7,9.0,4.0,0.4,0.0,0.0,273.0,379.0,0.7,1.0,8.0,0.1,72.0,25.0,0.3,2.0,14.0,21.0,0.7,16.0,25.0,25.0,603524,2022-05-15 12:30:00,2022
Vitesse,6.0,0.0,0.0,0.0,5.0,2.0,38.4,12.0,6.0,0.5,0.0,0.0,245.0,335.0,0.7,2.0,10.0,0.2,62.0,18.0,0.3,3.0,16.0,23.0,0.7,11.0,13.0,13.0,Ajax Amsterdam,6.0,3.0,0.0,1.0,6.0,4.0,61.6,14.0,4.0,0.3,0.0,0.0,461.0,536.0,0.9,6.0,17.0,0.4,43.0,25.0,0.6,2.0,14.0,22.0,0.6,7.0,14.0,14.0,603523,2022-05-15 12:30:00,2022
Heerenveen,8.0,2.0,0.0,0.0,5.0,1.0,53.7,13.0,7.0,0.5,0.0,0.0,366.0,455.0,0.8,5.0,21.0,0.2,79.0,40.0,0.5,3.0,5.0,11.0,0.5,11.0,9.0,9.0,Go Ahead Eagles,8.0,1.0,0.0,2.0,2.0,4.0,46.3,4.0,2.0,0.5,0.0,0.0,311.0,392.0,0.8,2.0,14.0,0.1,52.0,27.0,0.5,2.0,4.0,11.0,0.4,9.0,17.0,17.0,603527,2022-05-15 12:30:00,2022
FC Groningen,8.0,2.0,0.0,2.0,10.0,1.0,51.9,20.0,4.0,0.2,0.0,0.0,269.0,368.0,0.7,5.0,24.0,0.2,72.0,41.0,0.6,5.0,12.0,15.0,0.8,12.0,5.0,5.0,SC Cambuur,10.0,3.0,0.0,1.0,4.0,2.0,48.1,13.0,4.0,0.3,1.0,1.0,259.0,356.0,0.7,1.0,8.0,0.1,61.0,22.0,0.4,4.0,16.0,24.0,0.7,9.0,30.0,30.0,603530,2022-05-15 12:30:00,2022
AZ Alkmaar,10.0,0.0,0.0,3.0,8.0,2.0,65.7,14.0,6.0,0.4,0.0,0.0,517.0,606.0,0.9,10.0,28.0,0.4,57.0,36.0,0.6,4.0,10.0,17.0,0.6,7.0,5.0,5.0,RKC Waalwijk,13.0,0.0,0.0,0.0,2.0,5.0,34.3,9.0,5.0,0.6,0.0,0.0,229.0,323.0,0.7,2.0,7.0,0.3,73.0,27.0,0.4,2.0,10.0,18.0,0.6,12.0,14.0,14.0,603529,2022-05-15 12:30:00,2022
Heerenveen,6.0,3.0,0.0,0.0,5.0,2.0,45.8,12.0,4.0,0.3,0.0,0.0,404.0,481.0,0.8,2.0,15.0,0.1,57.0,33.0,0.6,3.0,6.0,13.0,0.5,6.0,15.0,15.0,AZ Alkmaar,7.0,1.0,0.0,1.0,4.0,1.0,54.2,12.0,4.0,0.3,0.0,0.0,507.0,581.0,0.9,3.0,12.0,0.3,38.0,20.0,0.5,2.0,9.0,12.0,0.8,4.0,17.0,17.0,635175,2022-05-19 16:45:00,2022
FC Utrecht,13.0,2.0,0.0,1.0,10.0,0.0,34.2,11.0,6.0,0.5,1.0,1.0,147.0,238.0,0.6,7.0,26.0,0.3,59.0,27.0,0.5,3.0,14.0,28.0,0.5,14.0,22.0,22.0,Vitesse,15.0,4.0,0.0,1.0,5.0,4.0,65.8,12.0,1.0,0.1,0.0,0.0,378.0,495.0,0.8,1.0,13.0,0.1,62.0,24.0,0.4,6.0,10.0,19.0,0.5,11.0,20.0,20.0,635176,2022-05-19 19:00:00,2022
AZ Alkmaar,12.0,4.0,0.0,1.0,5.0,1.0,64.2,14.0,3.0,0.2,0.0,0.0,553.0,624.0,0.9,3.0,17.0,0.2,60.0,44.0,0.7,6.0,13.0,17.0,0.8,8.0,25.0,25.0,Heerenveen,5.0,0.0,0.0,3.0,3.0,1.0,35.8,10.0,1.0,0.1,0.0,0.0,259.0,335.0,0.8,4.0,17.0,0.2,59.0,29.0,0.5,5.0,10.0,15.0,0.7,7.0,12.0,12.0,635177,2022-05-22 12:30:00,2022
Vitesse,15.0,3.0,1.0,3.0,8.0,6.0,58.9,17.0,8.0,0.5,0.0,0.0,541.0,685.0,0.8,7.0,28.0,0.3,95.0,37.0,0.4,4.0,15.0,21.0,0.7,16.0,23.0,23.0,FC Utrecht,12.0,1.0,0.0,0.0,6.0,5.0,41.1,17.0,6.0,0.4,0.0,0.0,327.0,483.0,0.7,11.0,24.0,0.5,90.0,40.0,0.4,7.0,21.0,33.0,0.6,12.0,35.0,35.0,635178,2022-05-22 16:00:00,2022
Vitesse,12.0,1.0,0.0,0.0,2.0,3.0,36.9,6.0,3.0,0.5,0.0,0.0,249.0,341.0,0.7,2.0,10.0,0.2,64.0,23.0,0.4,1.0,4.0,13.0,0.3,9.0,29.0,29.0,AZ Alkmaar,6.0,0.0,0.0,1.0,5.0,1.0,63.1,12.0,4.0,0.3,0.0,0.0,499.0,584.0,0.9,3.0,19.0,0.2,65.0,43.0,0.7,3.0,14.0,22.0,0.6,6.0,15.0,15.0,635244,2022-05-26 18:00:00,2022
AZ Alkmaar,8.0,1.0,0.0,2.0,7.0,4.0,52.9,21.0,14.0,0.7,0.0,0.0,320.0,397.0,0.8,3.0,17.0,0.2,60.0,30.0,0.5,3.0,9.0,15.0,0.6,10.0,27.0,27.0,Vitesse,12.0,3.0,0.0,0.0,6.0,8.0,47.1,14.0,6.0,0.4,0.0,0.0,239.0,345.0,0.7,5.0,20.0,0.3,59.0,24.0,0.4,1.0,10.0,18.0,0.6,6.0,13.0,13.0,635245,2022-05-29 12:30:00,2022
Heerenveen,5.0,1.0,0.0,0.0,3.0,1.0,49.5,11.0,2.0,0.2,0.0,0.0,423.0,522.0,0.8,2.0,19.0,0.1,63.0,28.0,0.4,5.0,6.0,11.0,0.5,12.0,26.0,26.0,Sparta Rotterdam,8.0,1.0,0.0,2.0,6.0,2.0,50.5,13.0,1.0,0.1,0.0,0.0,431.0,524.0,0.8,5.0,25.0,0.2,91.0,54.0,0.6,5.0,6.0,14.0,0.4,11.0,15.0,15.0,637195,2022-08-05 18:00:00,2022
Fortuna Sittard,15.0,3.0,0.0,3.0,3.0,1.0,28.5,13.0,2.0,0.2,0.0,0.0,139.0,214.0,0.7,4.0,15.0,0.3,59.0,21.0,0.4,3.0,6.0,11.0,0.5,20.0,33.0,33.0,Ajax Amsterdam,12.0,0.0,0.0,2.0,10.0,0.0,71.5,15.0,4.0,0.3,0.0,0.0,464.0,555.0,0.8,3.0,20.0,0.2,45.0,21.0,0.5,7.0,7.0,12.0,0.6,4.0,11.0,11.0,637196,2022-08-06 14:30:00,2022
SC Cambuur,9.0,1.0,0.0,2.0,10.0,2.0,71.6,27.0,8.0,0.3,0.0,0.0,524.0,626.0,0.8,15.0,44.0,0.3,64.0,37.0,0.6,7.0,14.0,20.0,0.7,12.0,9.0,9.0,Excelsior,5.0,2.0,0.0,1.0,3.0,8.0,28.4,7.0,4.0,0.6,0.0,0.0,157.0,257.0,0.6,0.0,8.0,0.0,69.0,23.0,0.3,2.0,11.0,18.0,0.6,12.0,44.0,44.0,637197,2022-08-06 16:45:00,2022
PSV Eindhoven,6.0,0.0,0.0,1.0,3.0,1.0,61.7,11.0,6.0,0.5,0.0,0.0,615.0,693.0,0.9,3.0,12.0,0.3,68.0,49.0,0.7,3.0,12.0,17.0,0.7,8.0,12.0,12.0,FC Emmen,12.0,1.0,0.0,0.0,6.0,4.0,38.3,6.0,2.0,0.3,0.0,0.0,334.0,422.0,0.8,1.0,15.0,0.1,65.0,27.0,0.4,0.0,12.0,20.0,0.6,15.0,18.0,18.0,637198,2022-08-06 18:00:00,2022
RKC Waalwijk,8.0,1.0,0.0,1.0,3.0,1.0,37.7,11.0,3.0,0.3,0.0,0.0,254.0,354.0,0.7,5.0,12.0,0.4,70.0,31.0,0.4,5.0,11.0,19.0,0.6,11.0,23.0,23.0,FC Utrecht,10.0,0.0,0.0,0.0,7.0,1.0,62.3,11.0,3.0,0.3,0.0,0.0,467.0,571.0,0.8,8.0,32.0,0.3,72.0,44.0,0.6,1.0,8.0,14.0,0.6,4.0,8.0,8.0,637199,2022-08-06 19:00:00,2022
FC Groningen,7.0,0.0,0.0,4.0,7.0,1.0,58.5,18.0,6.0,0.3,0.0,0.0,342.0,424.0,0.8,7.0,29.0,0.2,77.0,43.0,0.6,2.0,8.0,21.0,0.4,7.0,9.0,9.0,FC Volendam,11.0,1.0,0.0,2.0,4.0,4.0,41.5,11.0,3.0,0.3,0.0,0.0,223.0,314.0,0.7,2.0,8.0,0.3,56.0,24.0,0.4,4.0,10.0,17.0,0.6,9.0,30.0,30.0,637200,2022-08-07 10:15:00,2022
Vitesse,9.0,2.0,0.0,4.0,5.0,3.0,48.5,9.0,3.0,0.3,0.0,0.0,321.0,438.0,0.7,2.0,11.0,0.2,60.0,18.0,0.3,3.0,15.0,20.0,0.8,6.0,12.0,12.0,Feyenoord Rotterdam,12.0,1.0,0.0,3.0,6.0,1.0,51.5,16.0,8.0,0.5,0.0,0.0,370.0,467.0,0.8,3.0,13.0,0.2,64.0,26.0,0.4,4.0,14.0,17.0,0.8,11.0,10.0,10.0,637201,2022-08-07 12:30:00,2022
NEC Nijmegen,9.0,1.0,0.0,2.0,6.0,1.0,40.8,11.0,4.0,0.4,0.0,0.0,230.0,323.0,0.7,4.0,15.0,0.3,67.0,27.0,0.4,2.0,7.0,14.0,0.5,14.0,28.0,28.0,FC Twente,9.0,1.0,0.0,0.0,9.0,4.0,59.2,13.0,2.0,0.2,0.0,0.0,354.0,471.0,0.8,4.0,26.0,0.2,74.0,30.0,0.4,5.0,15.0,20.0,0.8,10.0,13.0,13.0,637202,2022-08-07 12:30:00,2022
AZ Alkmaar,8.0,1.0,0.0,5.0,7.0,2.0,64.6,19.0,8.0,0.4,0.0,0.0,483.0,574.0,0.8,8.0,20.0,0.4,60.0,32.0,0.5,6.0,3.0,5.0,0.6,7.0,10.0,10.0,Go Ahead Eagles,11.0,1.0,0.0,1.0,3.0,6.0,35.4,8.0,2.0,0.3,0.0,0.0,233.0,315.0,0.7,3.0,9.0,0.3,58.0,27.0,0.5,3.0,10.0,14.0,0.7,17.0,24.0,24.0,637203,2022-08-07 14:45:00,2022
Excelsior,10.0,0.0,0.0,3.0,1.0,5.0,39.6,11.0,6.0,0.5,0.0,0.0,217.0,302.0,0.7,3.0,12.0,0.3,74.0,39.0,0.5,1.0,9.0,18.0,0.5,18.0,32.0,32.0,Vitesse,18.0,0.0,1.0,1.0,8.0,3.0,60.4,22.0,6.0,0.3,0.0,0.0,361.0,453.0,0.8,8.0,30.0,0.3,53.0,26.0,0.5,5.0,9.0,15.0,0.6,11.0,9.0,9.0,637204,2022-08-12 18:00:00,2022
Go Ahead Eagles,13.0,1.0,1.0,3.0,6.0,6.0,30.2,11.0,4.0,0.4,0.0,0.0,194.0,272.0,0.7,6.0,17.0,0.4,61.0,27.0,0.4,2.0,10.0,19.0,0.5,12.0,24.0,24.0,PSV Eindhoven,8.0,0.0,0.0,2.0,6.0,2.0,69.8,23.0,11.0,0.5,0.0,0.0,574.0,647.0,0.9,7.0,18.0,0.4,66.0,38.0,0.6,7.0,9.0,17.0,0.5,6.0,11.0,11.0,637205,2022-08-13 16:45:00,2022
FC Emmen,15.0,3.0,0.0,2.0,3.0,1.0,53.3,11.0,5.0,0.5,0.0,0.0,380.0,466.0,0.8,6.0,20.0,0.3,74.0,40.0,0.5,2.0,8.0,17.0,0.5,8.0,14.0,14.0,RKC Waalwijk,15.0,1.0,0.0,3.0,4.0,4.0,46.7,12.0,2.0,0.2,0.0,0.0,312.0,400.0,0.8,2.0,23.0,0.1,53.0,23.0,0.4,5.0,7.0,15.0,0.5,7.0,15.0,15.0,637206,2022-08-13 18:00:00,2022
FC Utrecht,11.0,3.0,0.0,0.0,7.0,10.0,46.5,15.0,6.0,0.4,0.0,0.0,251.0,358.0,0.7,6.0,21.0,0.3,69.0,37.0,0.5,3.0,7.0,13.0,0.5,11.0,26.0,26.0,SC Cambuur,14.0,1.0,0.0,1.0,4.0,6.0,53.5,21.0,10.0,0.5,0.0,0.0,324.0,416.0,0.8,7.0,25.0,0.3,65.0,42.0,0.6,3.0,13.0,24.0,0.5,8.0,20.0,20.0,637207,2022-08-13 18:00:00,2022
Feyenoord Rotterdam,8.0,1.0,0.0,1.0,7.0,3.0,68.1,19.0,11.0,0.6,0.0,0.0,620.0,695.0,0.9,7.0,25.0,0.3,46.0,31.0,0.7,2.0,5.0,9.0,0.6,4.0,10.0,10.0,Heerenveen,6.0,2.0,0.0,1.0,2.0,11.0,31.9,8.0,3.0,0.4,0.0,0.0,248.0,327.0,0.8,2.0,6.0,0.3,67.0,20.0,0.3,2.0,9.0,18.0,0.5,14.0,26.0,26.0,637208,2022-08-13 19:00:00,2022
FC Volendam,15.0,2.0,0.0,2.0,7.0,4.0,50.4,16.0,6.0,0.4,0.0,0.0,314.0,392.0,0.8,6.0,21.0,0.3,56.0,29.0,0.5,5.0,16.0,22.0,0.7,9.0,16.0,16.0,NEC Nijmegen,13.0,0.0,0.0,0.0,6.0,5.0,49.6,13.0,8.0,0.6,0.0,0.0,314.0,392.0,0.8,5.0,18.0,0.3,65.0,28.0,0.4,1.0,14.0,19.0,0.7,7.0,21.0,21.0,637209,2022-08-14 10:15:00,2022
FC Twente,13.0,1.0,0.0,0.0,10.0,1.0,55.6,19.0,8.0,0.4,0.0,0.0,282.0,372.0,0.8,3.0,28.0,0.1,60.0,27.0,0.5,2.0,2.0,10.0,0.2,9.0,15.0,15.0,Fortuna Sittard,12.0,3.0,0.0,2.0,1.0,4.0,44.4,5.0,1.0,0.2,0.0,0.0,205.0,307.0,0.7,2.0,11.0,0.2,77.0,31.0,0.4,2.0,7.0,16.0,0.4,18.0,30.0,30.0,637211,2022-08-14 12:30:00,2022
Ajax Amsterdam,4.0,1.0,0.0,4.0,7.0,1.0,68.9,24.0,11.0,0.5,1.0,1.0,516.0,581.0,0.9,6.0,15.0,0.4,49.0,34.0,0.7,5.0,13.0,23.0,0.6,7.0,4.0,4.0,FC Groningen,6.0,0.0,0.0,2.0,3.0,5.0,31.1,4.0,2.0,0.5,0.0,0.0,206.0,260.0,0.8,1.0,9.0,0.1,56.0,32.0,0.6,1.0,13.0,20.0,0.7,12.0,24.0,24.0,637210,2022-08-14 12:30:00,2022
Sparta Rotterdam,12.0,2.0,0.0,0.0,2.0,3.0,37.7,8.0,3.0,0.4,0.0,0.0,258.0,340.0,0.8,3.0,18.0,0.2,52.0,26.0,0.5,2.0,10.0,16.0,0.6,17.0,23.0,23.0,AZ Alkmaar,7.0,2.0,0.0,0.0,6.0,1.0,62.3,25.0,7.0,0.3,1.0,1.0,497.0,578.0,0.9,8.0,20.0,0.4,64.0,36.0,0.6,11.0,10.0,13.0,0.8,8.0,15.0,15.0,637212,2022-08-14 14:45:00,2022
Vitesse,11.0,3.0,0.0,0.0,3.0,0.0,52.1,4.0,2.0,0.5,0.0,0.0,330.0,432.0,0.8,1.0,11.0,0.1,67.0,24.0,0.4,1.0,13.0,25.0,0.5,10.0,16.0,16.0,Heerenveen,8.0,2.0,0.0,1.0,4.0,2.0,47.9,13.0,4.0,0.3,0.0,0.0,296.0,390.0,0.8,5.0,14.0,0.4,89.0,40.0,0.4,3.0,12.0,19.0,0.6,14.0,17.0,17.0,637213,2022-08-20 14:30:00,2022
Fortuna Sittard,11.0,3.0,0.0,1.0,6.0,4.0,43.4,19.0,6.0,0.3,0.0,0.0,232.0,318.0,0.7,9.0,16.0,0.6,59.0,32.0,0.5,6.0,7.0,15.0,0.5,14.0,15.0,15.0,SC Cambuur,4.0,1.0,0.0,3.0,5.0,5.0,56.6,16.0,8.0,0.5,0.0,0.0,338.0,415.0,0.8,2.0,20.0,0.1,68.0,37.0,0.5,4.0,11.0,16.0,0.7,11.0,16.0,16.0,637217,2022-08-20 16:45:00,2022
FC Emmen,8.0,0.0,0.0,1.0,6.0,2.0,56.0,13.0,7.0,0.5,0.0,0.0,441.0,552.0,0.8,3.0,12.0,0.3,77.0,33.0,0.4,2.0,11.0,17.0,0.6,7.0,24.0,24.0,FC Utrecht,6.0,0.0,0.0,1.0,6.0,4.0,44.0,9.0,4.0,0.4,0.0,0.0,314.0,410.0,0.8,7.0,27.0,0.3,62.0,22.0,0.4,3.0,10.0,16.0,0.6,11.0,19.0,19.0,637216,2022-08-20 19:00:00,2022
FC Groningen,11.0,2.0,0.0,1.0,5.0,3.0,51.7,9.0,2.0,0.2,0.0,0.0,330.0,404.0,0.8,6.0,22.0,0.3,89.0,57.0,0.6,1.0,10.0,18.0,0.6,11.0,15.0,15.0,Go Ahead Eagles,15.0,2.0,0.0,2.0,4.0,2.0,48.3,8.0,3.0,0.4,0.0,0.0,286.0,380.0,0.8,4.0,16.0,0.3,48.0,23.0,0.5,3.0,8.0,11.0,0.7,8.0,14.0,14.0,637214,2022-08-21 10:15:00,2022
Sparta Rotterdam,10.0,1.0,0.0,1.0,2.0,2.0,34.1,9.0,5.0,0.6,0.0,0.0,250.0,329.0,0.8,4.0,13.0,0.3,64.0,31.0,0.5,1.0,9.0,15.0,0.6,6.0,14.0,14.0,Ajax Amsterdam,9.0,1.0,0.0,2.0,7.0,5.0,65.9,14.0,3.0,0.2,0.0,0.0,548.0,640.0,0.9,6.0,19.0,0.3,56.0,35.0,0.6,5.0,11.0,19.0,0.6,6.0,16.0,16.0,637219,2022-08-21 12:30:00,2022
RKC Waalwijk,13.0,2.0,0.0,2.0,6.0,7.0,39.7,10.0,4.0,0.4,0.0,0.0,265.0,349.0,0.8,10.0,21.0,0.5,67.0,32.0,0.5,3.0,13.0,21.0,0.6,11.0,19.0,19.0,Feyenoord Rotterdam,5.0,0.0,0.0,3.0,8.0,4.0,60.3,18.0,8.0,0.4,1.0,1.0,471.0,547.0,0.9,2.0,16.0,0.1,34.0,17.0,0.5,4.0,12.0,25.0,0.5,8.0,21.0,21.0,637220,2022-08-21 14:45:00,2022
NEC Nijmegen,11.0,2.0,0.0,1.0,7.0,5.0,56.0,16.0,7.0,0.4,0.0,0.0,381.0,440.0,0.9,4.0,14.0,0.3,45.0,32.0,0.7,5.0,11.0,18.0,0.6,10.0,11.0,11.0,FC Groningen,9.0,2.0,0.0,1.0,6.0,6.0,44.0,15.0,6.0,0.4,0.0,0.0,278.0,339.0,0.8,5.0,15.0,0.3,49.0,31.0,0.6,2.0,12.0,15.0,0.8,13.0,16.0,16.0,637221,2022-08-26 18:00:00,2022
Go Ahead Eagles,13.0,1.0,1.0,0.0,5.0,4.0,45.2,11.0,6.0,0.5,0.0,0.0,324.0,409.0,0.8,2.0,21.0,0.1,62.0,32.0,0.5,3.0,13.0,20.0,0.7,5.0,16.0,16.0,Sparta Rotterdam,3.0,2.0,0.0,1.0,7.0,6.0,54.8,16.0,7.0,0.4,0.0,0.0,396.0,496.0,0.8,8.0,19.0,0.4,89.0,50.0,0.6,2.0,6.0,16.0,0.4,14.0,22.0,22.0,637222,2022-08-27 14:30:00,2022
Vitesse,12.0,1.0,0.0,0.0,10.0,3.0,58.0,25.0,8.0,0.3,1.0,1.0,323.0,422.0,0.8,9.0,23.0,0.4,61.0,28.0,0.5,8.0,15.0,22.0,0.7,10.0,14.0,14.0,RKC Waalwijk,6.0,1.0,0.0,2.0,4.0,6.0,42.0,10.0,5.0,0.5,0.0,0.0,207.0,311.0,0.7,2.0,9.0,0.2,58.0,19.0,0.3,1.0,10.0,20.0,0.5,18.0,33.0,33.0,637223,2022-08-27 16:45:00,2022
Feyenoord Rotterdam,7.0,0.0,0.0,1.0,11.0,1.0,61.0,22.0,7.0,0.3,0.0,0.0,511.0,586.0,0.9,8.0,26.0,0.3,35.0,15.0,0.4,5.0,9.0,14.0,0.6,9.0,6.0,6.0,FC Emmen,9.0,0.0,0.0,1.0,2.0,3.0,39.0,7.0,1.0,0.1,0.0,0.0,297.0,386.0,0.8,0.0,4.0,0.0,52.0,23.0,0.4,3.0,15.0,27.0,0.6,14.0,20.0,20.0,637224,2022-08-27 18:00:00,2022
Heerenveen,8.0,1.0,0.0,2.0,8.0,2.0,57.8,23.0,9.0,0.4,0.0,0.0,468.0,541.0,0.9,2.0,24.0,0.1,47.0,30.0,0.6,8.0,7.0,13.0,0.5,5.0,13.0,13.0,Fortuna Sittard,9.0,1.0,0.0,1.0,6.0,7.0,42.2,8.0,3.0,0.4,1.0,1.0,317.0,397.0,0.8,3.0,16.0,0.2,71.0,38.0,0.5,1.0,6.0,10.0,0.6,10.0,31.0,31.0,637225,2022-08-27 19:00:00,2022
FC Utrecht,9.0,2.0,0.0,0.0,3.0,2.0,43.7,5.0,1.0,0.2,0.0,0.0,330.0,434.0,0.8,7.0,23.0,0.3,54.0,26.0,0.5,1.0,9.0,13.0,0.7,17.0,23.0,23.0,Ajax Amsterdam,10.0,3.0,0.0,0.0,4.0,1.0,56.3,10.0,4.0,0.4,0.0,0.0,478.0,573.0,0.8,4.0,17.0,0.2,59.0,31.0,0.5,3.0,11.0,19.0,0.6,7.0,19.0,19.0,637226,2022-08-28 10:15:00,2022
FC Volendam,12.0,2.0,0.0,3.0,4.0,5.0,36.1,11.0,5.0,0.5,0.0,0.0,177.0,276.0,0.6,4.0,12.0,0.3,68.0,29.0,0.4,2.0,11.0,19.0,0.6,7.0,37.0,37.0,FC Twente,9.0,0.0,0.0,1.0,10.0,4.0,63.9,20.0,6.0,0.3,0.0,0.0,387.0,488.0,0.8,8.0,29.0,0.3,63.0,34.0,0.5,7.0,10.0,15.0,0.7,5.0,14.0,14.0,637228,2022-08-28 12:30:00,2022
Excelsior,7.0,0.0,0.0,0.0,3.0,7.0,44.4,9.0,4.0,0.4,0.0,0.0,379.0,456.0,0.8,4.0,12.0,0.3,52.0,27.0,0.5,2.0,6.0,12.0,0.5,14.0,20.0,20.0,PSV Eindhoven,7.0,1.0,0.0,0.0,9.0,3.0,55.6,27.0,13.0,0.5,0.0,0.0,502.0,573.0,0.9,4.0,16.0,0.3,51.0,29.0,0.6,4.0,16.0,20.0,0.8,13.0,12.0,12.0,637227,2022-08-28 12:30:00,2022
SC Cambuur,7.0,1.0,1.0,1.0,5.0,2.0,34.9,9.0,4.0,0.4,0.0,0.0,215.0,298.0,0.7,3.0,12.0,0.3,71.0,31.0,0.4,3.0,17.0,23.0,0.7,8.0,27.0,27.0,AZ Alkmaar,11.0,1.0,0.0,0.0,5.0,3.0,65.1,16.0,3.0,0.2,0.0,0.0,482.0,558.0,0.9,6.0,20.0,0.3,54.0,32.0,0.6,7.0,7.0,10.0,0.7,11.0,22.0,22.0,637229,2022-08-28 14:45:00,2022
PSV Eindhoven,0.0,0.0,0.0,0.0,0.0,0.0,0.0,0.0,0.0,0.0,0.0,0.0,0.0,0.0,0.0,0.0,0.0,0.0,0.0,0.0,0.0,0.0,0.0,0.0,0.0,0.0,0.0,0.0,FC Volendam,0.0,0.0,0.0,0.0,0.0,0.0,0.0,0.0,0.0,0.0,0.0,0.0,0.0,0.0,0.0,0.0,0.0,0.0,0.0,0.0,0.0,0.0,0.0,0.0,0.0,0.0,0.0,0.0,637215,2022-08-31 16:45:00,2022
FC Twente,7.0,0.0,0.0,0.0,1.0,2.0,53.8,11.0,6.0,0.5,0.0,0.0,362.0,468.0,0.8,4.0,13.0,0.3,71.0,27.0,0.4,1.0,9.0,13.0,0.7,21.0,11.0,11.0,Excelsior,8.0,0.0,0.0,4.0,4.0,2.0,46.2,9.0,2.0,0.2,0.0,0.0,288.0,400.0,0.7,4.0,10.0,0.4,77.0,34.0,0.4,4.0,10.0,18.0,0.6,17.0,14.0,14.0,637230,2022-08-31 19:00:00,2022
AZ Alkmaar,7.0,1.0,0.0,1.0,8.0,1.0,63.2,30.0,13.0,0.4,0.0,0.0,534.0,600.0,0.9,6.0,18.0,0.3,49.0,29.0,0.6,9.0,12.0,17.0,0.7,10.0,6.0,6.0,NEC Nijmegen,10.0,2.0,0.0,0.0,3.0,11.0,36.8,4.0,2.0,0.5,0.0,0.0,266.0,349.0,0.8,3.0,9.0,0.3,58.0,23.0,0.4,0.0,6.0,14.0,0.4,10.0,22.0,22.0,637218,2022-09-01 18:00:00,2022
Fortuna Sittard,8.0,1.0,0.0,2.0,6.0,5.0,44.2,16.0,8.0,0.5,1.0,1.0,276.0,372.0,0.7,6.0,23.0,0.3,73.0,33.0,0.5,3.0,8.0,12.0,0.7,9.0,17.0,17.0,FC Utrecht,6.0,2.0,0.0,1.0,8.0,5.0,55.8,26.0,11.0,0.4,1.0,1.0,377.0,465.0,0.8,6.0,32.0,0.2,54.0,33.0,0.6,6.0,5.0,12.0,0.4,2.0,14.0,14.0,637231,2022-09-02 18:00:00,2022
Ajax Amsterdam,7.0,1.0,0.0,1.0,9.0,2.0,74.2,22.0,8.0,0.4,0.0,0.0,604.0,672.0,0.9,7.0,26.0,0.3,42.0,29.0,0.7,5.0,14.0,22.0,0.6,3.0,6.0,6.0,SC Cambuur,7.0,2.0,0.0,0.0,1.0,4.0,25.8,4.0,2.0,0.5,0.0,0.0,159.0,232.0,0.7,1.0,10.0,0.1,60.0,29.0,0.5,1.0,14.0,22.0,0.6,8.0,33.0,33.0,637232,2022-09-03 14:30:00,2022
FC Twente,8.0,1.0,0.0,0.0,4.0,5.0,43.5,18.0,5.0,0.3,0.0,0.0,271.0,393.0,0.7,3.0,11.0,0.3,78.0,25.0,0.3,5.0,9.0,13.0,0.7,16.0,12.0,12.0,PSV Eindhoven,17.0,2.0,0.0,0.0,6.0,3.0,56.5,13.0,6.0,0.5,0.0,0.0,402.0,509.0,0.8,4.0,13.0,0.3,54.0,20.0,0.4,5.0,12.0,16.0,0.8,11.0,19.0,19.0,637233,2022-09-03 16:45:00,2022
Sparta Rotterdam,5.0,0.0,0.0,2.0,5.0,6.0,54.6,15.0,9.0,0.6,0.0,0.0,411.0,494.0,0.8,1.0,15.0,0.1,83.0,48.0,0.6,4.0,7.0,15.0,0.5,12.0,21.0,21.0,FC Volendam,0.0,0.0,0.0,1.0,11.0,5.0,45.4,18.0,6.0,0.3,0.0,0.0,305.0,382.0,0.8,4.0,36.0,0.1,58.0,24.0,0.4,3.0,12.0,24.0,0.5,9.0,18.0,18.0,637234,2022-09-03 18:00:00,2022
Go Ahead Eagles,11.0,0.0,0.0,0.0,6.0,7.0,36.3,10.0,4.0,0.4,0.0,0.0,192.0,298.0,0.6,4.0,11.0,0.4,85.0,35.0,0.4,2.0,7.0,12.0,0.6,13.0,19.0,19.0,Feyenoord Rotterdam,9.0,0.0,0.0,0.0,12.0,2.0,63.7,23.0,11.0,0.5,0.0,0.0,418.0,522.0,0.8,11.0,28.0,0.4,63.0,25.0,0.4,2.0,11.0,18.0,0.6,4.0,11.0,11.0,637235,2022-09-03 19:00:00,2022
RKC Waalwijk,14.0,1.0,0.0,0.0,8.0,2.0,60.3,22.0,9.0,0.4,0.0,0.0,416.0,495.0,0.8,9.0,27.0,0.3,56.0,36.0,0.6,7.0,6.0,10.0,0.6,6.0,9.0,9.0,Excelsior,6.0,1.0,0.0,0.0,3.0,4.0,39.7,10.0,4.0,0.4,0.0,0.0,247.0,328.0,0.8,6.0,11.0,0.5,60.0,23.0,0.4,0.0,11.0,24.0,0.5,13.0,19.0,19.0,637236,2022-09-04 10:15:00,2022
Heerenveen,8.0,1.0,1.0,3.0,1.0,2.0,40.1,11.0,2.0,0.2,0.0,0.0,282.0,363.0,0.8,4.0,15.0,0.3,70.0,31.0,0.4,4.0,10.0,16.0,0.6,15.0,15.0,15.0,NEC Nijmegen,18.0,1.0,0.0,1.0,5.0,2.0,59.9,12.0,2.0,0.2,0.0,0.0,460.0,544.0,0.8,6.0,21.0,0.3,59.0,29.0,0.5,3.0,4.0,10.0,0.4,7.0,16.0,16.0,637238,2022-09-04 12:30:00,2022
FC Emmen,5.0,0.0,0.0,1.0,7.0,4.0,53.4,11.0,2.0,0.2,0.0,0.0,461.0,532.0,0.9,7.0,21.0,0.3,53.0,36.0,0.7,5.0,8.0,13.0,0.6,8.0,4.0,4.0,AZ Alkmaar,10.0,2.0,0.0,1.0,1.0,2.0,46.6,15.0,7.0,0.5,0.0,0.0,410.0,474.0,0.9,4.0,7.0,0.6,57.0,26.0,0.5,1.0,8.0,13.0,0.6,13.0,16.0,16.0,637237,2022-09-04 12:30:00,2022
FC Groningen,7.0,1.0,0.0,0.0,3.0,3.0,44.1,7.0,0.0,0.0,0.0,0.0,268.0,343.0,0.8,1.0,15.0,0.1,58.0,30.0,0.5,0.0,13.0,24.0,0.5,6.0,25.0,25.0,Vitesse,10.0,2.0,0.0,4.0,8.0,0.0,55.9,19.0,5.0,0.3,0.0,0.0,349.0,442.0,0.8,6.0,21.0,0.3,66.0,28.0,0.4,4.0,9.0,13.0,0.7,9.0,13.0,13.0,637239,2022-09-04 14:45:00,2022
FC Volendam,10.0,3.0,0.0,0.0,8.0,1.0,50.7,18.0,6.0,0.3,0.0,0.0,260.0,366.0,0.7,4.0,23.0,0.2,66.0,26.0,0.4,7.0,12.0,17.0,0.7,7.0,16.0,16.0,Go Ahead Eagles,16.0,3.0,0.0,2.0,10.0,4.0,49.3,11.0,4.0,0.4,0.0,0.0,252.0,358.0,0.7,3.0,16.0,0.2,69.0,29.0,0.4,2.0,6.0,10.0,0.6,2.0,26.0,26.0,637240,2022-09-09 18:00:00,2022
NEC Nijmegen,14.0,0.0,0.0,1.0,13.0,2.0,62.3,22.0,6.0,0.3,0.0,0.0,384.0,458.0,0.8,9.0,31.0,0.3,45.0,27.0,0.6,7.0,6.0,10.0,0.6,4.0,9.0,9.0,Fortuna Sittard,23.0,4.0,1.0,1.0,4.0,5.0,37.7,8.0,3.0,0.4,0.0,0.0,193.0,281.0,0.7,4.0,14.0,0.3,71.0,30.0,0.4,1.0,19.0,28.0,0.7,6.0,30.0,30.0,637241,2022-09-10 14:30:00,2022
Ajax Amsterdam,3.0,1.0,0.0,3.0,17.0,1.0,71.2,20.0,7.0,0.4,0.0,0.0,687.0,750.0,0.9,7.0,29.0,0.2,50.0,36.0,0.7,7.0,14.0,18.0,0.8,14.0,10.0,10.0,Heerenveen,4.0,2.0,0.0,3.0,4.0,1.0,28.8,5.0,1.0,0.2,0.0,0.0,235.0,297.0,0.8,2.0,14.0,0.1,44.0,21.0,0.5,1.0,8.0,14.0,0.6,13.0,27.0,27.0,637242,2022-09-10 16:45:00,2022
Excelsior,10.0,1.0,0.0,1.0,6.0,3.0,48.2,13.0,4.0,0.3,0.0,0.0,357.0,456.0,0.8,5.0,26.0,0.2,75.0,37.0,0.5,5.0,13.0,18.0,0.7,8.0,24.0,24.0,FC Emmen,8.0,2.0,0.0,0.0,8.0,2.0,51.8,11.0,4.0,0.4,0.0,0.0,398.0,505.0,0.8,4.0,17.0,0.2,71.0,27.0,0.4,4.0,8.0,14.0,0.6,7.0,25.0,25.0,637243,2022-09-10 19:00:00,2022
FC Utrecht,6.0,0.0,0.0,0.0,10.0,5.0,52.1,12.0,5.0,0.4,0.0,0.0,365.0,451.0,0.8,8.0,33.0,0.2,65.0,36.0,0.6,5.0,6.0,14.0,0.4,9.0,28.0,28.0,Vitesse,3.0,1.0,0.0,1.0,10.0,4.0,47.9,12.0,5.0,0.4,0.0,0.0,340.0,418.0,0.8,4.0,23.0,0.2,66.0,33.0,0.5,1.0,3.0,7.0,0.4,15.0,16.0,16.0,637245,2022-09-11 10:15:00,2022
SC Cambuur,9.0,2.0,0.0,2.0,6.0,2.0,65.9,14.0,2.0,0.1,0.0,0.0,406.0,496.0,0.8,9.0,25.0,0.4,77.0,52.0,0.7,3.0,4.0,18.0,0.2,9.0,10.0,10.0,FC Groningen,15.0,4.0,0.0,2.0,4.0,2.0,34.1,11.0,3.0,0.3,0.0,0.0,185.0,260.0,0.7,0.0,10.0,0.0,54.0,27.0,0.5,2.0,15.0,25.0,0.6,9.0,39.0,39.0,637246,2022-09-11 12:30:00,2022
PSV Eindhoven,5.0,1.0,0.0,2.0,12.0,3.0,70.6,31.0,5.0,0.2,1.0,1.0,562.0,662.0,0.8,10.0,32.0,0.3,66.0,47.0,0.7,9.0,9.0,16.0,0.6,12.0,10.0,10.0,RKC Waalwijk,14.0,5.0,0.0,3.0,3.0,4.0,29.4,9.0,3.0,0.3,0.0,0.0,184.0,275.0,0.7,2.0,11.0,0.2,67.0,20.0,0.3,3.0,7.0,14.0,0.5,16.0,29.0,29.0,637244,2022-09-11 12:30:00,2022
AZ Alkmaar,9.0,1.0,0.0,1.0,6.0,1.0,43.7,12.0,3.0,0.3,0.0,0.0,318.0,419.0,0.8,3.0,9.0,0.3,78.0,36.0,0.5,4.0,11.0,23.0,0.5,19.0,26.0,26.0,FC Twente,8.0,2.0,0.0,0.0,5.0,2.0,56.3,10.0,2.0,0.2,0.0,0.0,408.0,533.0,0.8,6.0,22.0,0.3,85.0,27.0,0.3,3.0,13.0,17.0,0.8,16.0,4.0,4.0,637247,2022-09-11 14:45:00,2022
Feyenoord Rotterdam,13.0,0.0,0.0,0.0,8.0,1.0,65.2,23.0,9.0,0.4,0.0,0.0,578.0,642.0,0.9,3.0,19.0,0.2,47.0,35.0,0.7,5.0,6.0,10.0,0.6,6.0,11.0,11.0,Sparta Rotterdam,4.0,0.0,0.0,1.0,3.0,6.0,34.8,8.0,2.0,0.3,0.0,0.0,253.0,342.0,0.7,2.0,8.0,0.3,71.0,30.0,0.4,0.0,10.0,15.0,0.7,7.0,21.0,21.0,637248,2022-09-11 18:00:00,2022
FC Utrecht,8.0,3.0,0.0,1.0,6.0,3.0,50.8,17.0,7.0,0.4,0.0,0.0,372.0,479.0,0.8,9.0,29.0,0.3,49.0,27.0,0.6,3.0,15.0,26.0,0.6,13.0,19.0,19.0,NEC Nijmegen,9.0,1.0,0.0,1.0,5.0,7.0,49.2,12.0,3.0,0.3,0.0,0.0,355.0,471.0,0.8,5.0,19.0,0.3,58.0,17.0,0.3,1.0,12.0,23.0,0.5,12.0,22.0,22.0,637249,2022-09-16 18:00:00,2022
Sparta Rotterdam,11.0,0.0,0.0,4.0,5.0,1.0,51.8,9.0,4.0,0.4,1.0,1.0,340.0,432.0,0.8,4.0,20.0,0.2,70.0,47.0,0.7,1.0,9.0,16.0,0.6,7.0,12.0,12.0,FC Groningen,10.0,3.0,0.0,0.0,1.0,2.0,48.2,4.0,2.0,0.5,0.0,0.0,326.0,414.0,0.8,1.0,6.0,0.2,75.0,39.0,0.5,1.0,10.0,13.0,0.8,15.0,17.0,17.0,637250,2022-09-17 14:30:00,2022
Vitesse,12.0,2.0,0.0,3.0,11.0,5.0,62.5,17.0,9.0,0.5,0.0,0.0,430.0,531.0,0.8,4.0,28.0,0.1,69.0,34.0,0.5,5.0,7.0,9.0,0.8,5.0,7.0,7.0,FC Volendam,10.0,1.0,0.0,0.0,3.0,8.0,37.5,11.0,6.0,0.5,0.0,0.0,206.0,319.0,0.6,2.0,13.0,0.2,58.0,18.0,0.3,2.0,14.0,23.0,0.6,8.0,32.0,32.0,637251,2022-09-17 16:45:00,2022
RKC Waalwijk,5.0,2.0,0.0,2.0,16.0,1.0,79.4,33.0,13.0,0.4,1.0,1.0,466.0,530.0,0.9,8.0,40.0,0.2,50.0,41.0,0.8,5.0,0.0,3.0,0.0,6.0,4.0,4.0,SC Cambuur,11.0,2.0,2.0,2.0,0.0,10.0,20.6,4.0,2.0,0.5,0.0,0.0,76.0,144.0,0.5,0.0,4.0,0.0,58.0,18.0,0.3,0.0,6.0,10.0,0.6,7.0,52.0,52.0,637252,2022-09-17 18:00:00,2022
Fortuna Sittard,10.0,2.0,1.0,3.0,1.0,2.0,40.6,13.0,4.0,0.3,0.0,0.0,241.0,338.0,0.7,4.0,12.0,0.3,71.0,27.0,0.4,4.0,9.0,14.0,0.6,11.0,21.0,21.0,Excelsior,9.0,3.0,0.0,1.0,5.0,3.0,59.4,14.0,2.0,0.1,0.0,0.0,392.0,488.0,0.8,5.0,27.0,0.2,52.0,23.0,0.4,4.0,7.0,10.0,0.7,9.0,6.0,6.0,637253,2022-09-17 19:00:00,2022
Go Ahead Eagles,15.0,2.0,0.0,0.0,3.0,6.0,42.9,16.0,7.0,0.4,0.0,0.0,278.0,362.0,0.8,6.0,17.0,0.4,58.0,25.0,0.4,3.0,13.0,20.0,0.7,15.0,17.0,17.0,FC Emmen,12.0,2.0,0.0,1.0,5.0,5.0,57.1,13.0,6.0,0.5,0.0,0.0,385.0,486.0,0.8,2.0,18.0,0.1,68.0,26.0,0.4,5.0,13.0,19.0,0.7,14.0,17.0,17.0,637254,2022-09-18 10:15:00,2022
PSV Eindhoven,10.0,2.0,0.0,4.0,13.0,3.0,48.5,27.0,10.0,0.4,0.0,0.0,303.0,389.0,0.8,14.0,28.0,0.5,53.0,27.0,0.5,8.0,12.0,20.0,0.6,13.0,8.0,8.0,Feyenoord Rotterdam,10.0,1.0,0.0,0.0,1.0,5.0,51.5,13.0,6.0,0.5,0.0,0.0,347.0,438.0,0.8,2.0,6.0,0.3,46.0,18.0,0.4,3.0,12.0,24.0,0.5,21.0,18.0,18.0,637256,2022-09-18 12:30:00,2022
Heerenveen,0.0,0.0,0.0,0.0,0.0,0.0,0.0,0.0,0.0,0.0,0.0,0.0,0.0,0.0,0.0,0.0,0.0,0.0,0.0,0.0,0.0,0.0,0.0,0.0,0.0,0.0,0.0,0.0,FC Twente,0.0,0.0,0.0,0.0,0.0,0.0,0.0,0.0,0.0,0.0,0.0,0.0,0.0,0.0,0.0,0.0,0.0,0.0,0.0,0.0,0.0,0.0,0.0,0.0,0.0,0.0,0.0,0.0,637255,2022-09-18 12:30:00,2022
AZ Alkmaar,5.0,3.0,0.0,1.0,3.0,4.0,41.5,12.0,8.0,0.7,0.0,0.0,302.0,407.0,0.7,5.0,16.0,0.3,77.0,36.0,0.5,1.0,12.0,20.0,0.6,12.0,21.0,21.0,Ajax Amsterdam,8.0,2.0,0.0,3.0,5.0,6.0,58.5,16.0,7.0,0.4,0.0,0.0,475.0,579.0,0.8,7.0,19.0,0.4,75.0,41.0,0.5,4.0,9.0,13.0,0.7,9.0,19.0,19.0,637257,2022-09-18 14:45:00,2022
SC Cambuur,7.0,0.0,0.0,2.0,7.0,5.0,44.9,11.0,4.0,0.4,0.0,0.0,298.0,374.0,0.8,4.0,20.0,0.2,54.0,29.0,0.5,2.0,14.0,22.0,0.6,8.0,19.0,19.0,PSV Eindhoven,11.0,1.0,0.0,1.0,4.0,1.0,55.1,12.0,5.0,0.4,0.0,0.0,387.0,477.0,0.8,5.0,11.0,0.5,45.0,27.0,0.6,2.0,10.0,21.0,0.5,4.0,22.0,22.0,637258,2022-10-01 14:30:00,2022
FC Groningen,7.0,1.0,0.0,1.0,1.0,3.0,56.1,14.0,2.0,0.1,0.0,0.0,397.0,477.0,0.8,4.0,16.0,0.3,71.0,40.0,0.6,5.0,11.0,20.0,0.6,2.0,7.0,7.0,AZ Alkmaar,11.0,1.0,0.0,2.0,1.0,1.0,43.9,13.0,7.0,0.5,0.0,0.0,289.0,380.0,0.8,2.0,7.0,0.3,63.0,31.0,0.5,3.0,11.0,21.0,0.5,8.0,17.0,17.0,637262,2022-10-01 16:45:00,2022
Ajax Amsterdam,6.0,1.0,0.0,2.0,7.0,0.0,75.0,23.0,7.0,0.3,0.0,0.0,665.0,771.0,0.9,10.0,43.0,0.2,44.0,26.0,0.6,6.0,8.0,14.0,0.6,6.0,4.0,4.0,Go Ahead Eagles,14.0,1.0,0.0,1.0,0.0,6.0,25.0,3.0,1.0,0.3,0.0,0.0,165.0,265.0,0.6,2.0,6.0,0.3,67.0,26.0,0.4,2.0,6.0,15.0,0.4,13.0,62.0,62.0,637261,2022-10-01 18:00:00,2022
FC Twente,15.0,1.0,0.0,0.0,5.0,1.0,56.0,18.0,6.0,0.3,0.0,0.0,467.0,554.0,0.8,5.0,23.0,0.2,49.0,30.0,0.6,7.0,19.0,30.0,0.6,13.0,12.0,12.0,Vitesse,7.0,1.0,0.0,3.0,2.0,3.0,44.0,8.0,1.0,0.1,0.0,0.0,344.0,435.0,0.8,4.0,13.0,0.3,49.0,22.0,0.4,3.0,6.0,10.0,0.6,9.0,25.0,25.0,637260,2022-10-01 19:00:00,2022
Fortuna Sittard,8.0,1.0,0.0,2.0,8.0,4.0,57.1,20.0,6.0,0.3,0.0,0.0,387.0,474.0,0.8,7.0,27.0,0.3,60.0,35.0,0.6,5.0,9.0,18.0,0.5,8.0,12.0,12.0,FC Volendam,9.0,0.0,1.0,6.0,4.0,5.0,42.9,7.0,4.0,0.6,0.0,0.0,270.0,367.0,0.7,1.0,11.0,0.1,57.0,20.0,0.4,3.0,12.0,18.0,0.7,11.0,21.0,21.0,637265,2022-10-02 10:15:00,2022
Excelsior,12.0,2.0,0.0,2.0,8.0,6.0,50.8,15.0,3.0,0.2,0.0,0.0,290.0,381.0,0.8,9.0,34.0,0.3,61.0,34.0,0.6,4.0,4.0,13.0,0.3,10.0,20.0,20.0,FC Utrecht,12.0,1.0,0.0,1.0,10.0,2.0,49.2,20.0,7.0,0.4,0.0,0.0,295.0,387.0,0.8,6.0,22.0,0.3,59.0,28.0,0.5,8.0,13.0,18.0,0.7,14.0,34.0,34.0,637259,2022-10-02 12:30:00,2022
NEC Nijmegen,10.0,1.0,0.0,0.0,4.0,7.0,41.6,8.0,2.0,0.3,0.0,0.0,316.0,389.0,0.8,3.0,16.0,0.2,64.0,30.0,0.5,2.0,11.0,19.0,0.6,9.0,18.0,18.0,Feyenoord Rotterdam,20.0,6.0,0.0,0.0,10.0,1.0,58.4,19.0,8.0,0.4,0.0,0.0,475.0,553.0,0.9,6.0,23.0,0.3,44.0,28.0,0.6,7.0,10.0,18.0,0.6,9.0,12.0,12.0,637264,2022-10-02 12:30:00,2022
RKC Waalwijk,8.0,2.0,0.0,0.0,6.0,4.0,51.1,13.0,5.0,0.4,0.0,0.0,396.0,477.0,0.8,3.0,22.0,0.1,38.0,23.0,0.6,4.0,4.0,7.0,0.6,9.0,15.0,15.0,Sparta Rotterdam,10.0,0.0,1.0,0.0,5.0,3.0,48.9,15.0,6.0,0.4,0.0,0.0,384.0,466.0,0.8,2.0,14.0,0.1,55.0,28.0,0.5,5.0,7.0,13.0,0.5,6.0,23.0,23.0,637266,2022-10-02 14:45:00,2022
FC Emmen,6.0,1.0,0.0,0.0,2.0,1.0,41.5,12.0,3.0,0.3,0.0,0.0,345.0,451.0,0.8,5.0,13.0,0.4,74.0,34.0,0.5,4.0,14.0,21.0,0.7,7.0,15.0,15.0,Heerenveen,8.0,0.0,0.0,2.0,4.0,3.0,58.5,8.0,1.0,0.1,0.0,0.0,541.0,641.0,0.8,1.0,14.0,0.1,67.0,40.0,0.6,2.0,9.0,13.0,0.7,9.0,16.0,16.0,637263,2022-10-02 18:00:00,2022
FC Groningen,5.0,1.0,1.0,1.0,8.0,2.0,40.6,15.0,8.0,0.5,1.0,1.0,204.0,303.0,0.7,2.0,13.0,0.2,62.0,24.0,0.4,3.0,13.0,25.0,0.5,6.0,25.0,25.0,RKC Waalwijk,10.0,2.0,0.0,2.0,9.0,6.0,59.4,13.0,5.0,0.4,1.0,1.0,346.0,441.0,0.8,3.0,13.0,0.2,64.0,36.0,0.6,4.0,8.0,13.0,0.6,12.0,20.0,20.0,637267,2022-10-07 18:00:00,2022
FC Volendam,12.0,2.0,0.0,3.0,3.0,4.0,28.1,13.0,6.0,0.5,0.0,0.0,176.0,259.0,0.7,6.0,10.0,0.6,68.0,32.0,0.5,2.0,11.0,19.0,0.6,5.0,23.0,23.0,Ajax Amsterdam,12.0,3.0,0.0,3.0,6.0,4.0,71.9,19.0,9.0,0.5,1.0,1.0,578.0,661.0,0.9,6.0,20.0,0.3,53.0,32.0,0.6,3.0,5.0,13.0,0.4,3.0,11.0,11.0,637268,2022-10-08 14:30:00,2022
Sparta Rotterdam,14.0,4.0,0.0,5.0,4.0,2.0,44.6,15.0,4.0,0.3,0.0,0.0,316.0,395.0,0.8,7.0,20.0,0.4,80.0,49.0,0.6,6.0,5.0,11.0,0.5,8.0,11.0,11.0,FC Emmen,7.0,1.0,1.0,3.0,2.0,1.0,55.4,11.0,2.0,0.2,0.0,0.0,420.0,505.0,0.8,0.0,14.0,0.0,61.0,24.0,0.4,6.0,7.0,13.0,0.5,11.0,13.0,13.0,637270,2022-10-08 16:45:00,2022
NEC Nijmegen,10.0,2.0,0.0,5.0,8.0,3.0,58.9,16.0,7.0,0.4,0.0,0.0,359.0,443.0,0.8,6.0,27.0,0.2,48.0,26.0,0.5,3.0,9.0,11.0,0.8,9.0,14.0,14.0,Excelsior,15.0,3.0,0.0,1.0,4.0,6.0,41.1,9.0,4.0,0.4,0.0,0.0,212.0,312.0,0.7,2.0,12.0,0.2,61.0,28.0,0.5,3.0,11.0,21.0,0.5,8.0,33.0,33.0,637269,2022-10-08 19:00:00,2022
Go Ahead Eagles,10.0,2.0,0.0,2.0,12.0,3.0,53.0,20.0,6.0,0.3,0.0,0.0,331.0,411.0,0.8,14.0,37.0,0.4,57.0,23.0,0.4,5.0,7.0,14.0,0.5,11.0,13.0,13.0,SC Cambuur,8.0,0.0,0.0,0.0,5.0,5.0,47.0,7.0,3.0,0.4,0.0,0.0,293.0,380.0,0.8,1.0,15.0,0.1,54.0,20.0,0.4,2.0,8.0,17.0,0.5,6.0,25.0,25.0,637272,2022-10-09 10:15:00,2022
FC Utrecht,13.0,2.0,0.0,0.0,6.0,4.0,44.4,11.0,4.0,0.4,0.0,0.0,314.0,401.0,0.8,3.0,16.0,0.2,56.0,26.0,0.5,4.0,11.0,23.0,0.5,9.0,24.0,24.0,AZ Alkmaar,10.0,0.0,0.0,1.0,7.0,3.0,55.6,14.0,6.0,0.4,0.0,0.0,412.0,502.0,0.8,3.0,21.0,0.1,67.0,39.0,0.6,5.0,13.0,18.0,0.7,9.0,12.0,12.0,637275,2022-10-09 12:30:00,2022
Feyenoord Rotterdam,8.0,2.0,0.0,0.0,10.0,2.0,59.8,20.0,7.0,0.4,0.0,0.0,417.0,508.0,0.8,4.0,24.0,0.2,53.0,22.0,0.4,5.0,6.0,8.0,0.8,5.0,17.0,17.0,FC Twente,11.0,1.0,1.0,4.0,3.0,4.0,40.2,5.0,2.0,0.4,0.0,0.0,234.0,342.0,0.7,0.0,11.0,0.0,71.0,22.0,0.3,2.0,13.0,22.0,0.6,8.0,27.0,27.0,637273,2022-10-09 12:30:00,2022
Heerenveen,11.0,2.0,0.0,0.0,2.0,6.0,49.8,9.0,1.0,0.1,0.0,0.0,399.0,493.0,0.8,4.0,18.0,0.2,63.0,29.0,0.5,3.0,7.0,12.0,0.6,6.0,25.0,25.0,PSV Eindhoven,7.0,0.0,0.0,2.0,7.0,1.0,50.2,16.0,7.0,0.4,0.0,0.0,405.0,503.0,0.8,0.0,15.0,0.0,51.0,21.0,0.4,4.0,13.0,23.0,0.6,7.0,13.0,13.0,637271,2022-10-09 14:45:00,2022
Vitesse,17.0,4.0,0.0,1.0,7.0,2.0,57.9,10.0,2.0,0.2,0.0,0.0,379.0,470.0,0.8,2.0,18.0,0.1,49.0,21.0,0.4,5.0,11.0,19.0,0.6,1.0,16.0,16.0,Fortuna Sittard,8.0,1.0,0.0,5.0,3.0,1.0,42.1,9.0,4.0,0.4,0.0,0.0,258.0,343.0,0.8,1.0,16.0,0.1,67.0,31.0,0.5,2.0,14.0,19.0,0.7,5.0,31.0,31.0,637274,2022-10-09 18:00:00,2022
FC Emmen,10.0,0.0,0.0,1.0,7.0,3.0,53.0,18.0,4.0,0.2,0.0,0.0,333.0,446.0,0.7,6.0,26.0,0.2,71.0,34.0,0.5,4.0,12.0,20.0,0.6,5.0,24.0,24.0,FC Volendam,10.0,1.0,0.0,0.0,5.0,3.0,47.0,12.0,4.0,0.3,0.0,0.0,281.0,404.0,0.7,3.0,15.0,0.2,71.0,27.0,0.4,3.0,12.0,21.0,0.6,9.0,27.0,27.0,637276,2022-10-14 18:00:00,2022
Fortuna Sittard,9.0,3.0,0.0,2.0,8.0,3.0,54.8,9.0,3.0,0.3,0.0,0.0,397.0,468.0,0.8,5.0,27.0,0.2,78.0,46.0,0.6,4.0,10.0,18.0,0.6,6.0,19.0,19.0,RKC Waalwijk,10.0,2.0,0.0,3.0,5.0,3.0,45.2,11.0,3.0,0.3,0.0,0.0,320.0,389.0,0.8,4.0,20.0,0.2,48.0,21.0,0.4,2.0,13.0,17.0,0.8,2.0,25.0,25.0,637278,2022-10-15 16:45:00,2022
Go Ahead Eagles,6.0,2.0,0.0,1.0,2.0,2.0,54.8,13.0,3.0,0.2,0.0,0.0,381.0,478.0,0.8,6.0,28.0,0.2,67.0,33.0,0.5,3.0,8.0,14.0,0.6,5.0,13.0,13.0,Heerenveen,11.0,1.0,0.0,2.0,3.0,2.0,45.2,16.0,3.0,0.2,0.0,0.0,303.0,400.0,0.8,7.0,12.0,0.6,70.0,28.0,0.4,3.0,10.0,23.0,0.4,9.0,31.0,31.0,637277,2022-10-15 18:00:00,2022
SC Cambuur,11.0,0.0,0.0,1.0,4.0,3.0,54.4,10.0,2.0,0.2,0.0,0.0,345.0,449.0,0.8,1.0,16.0,0.1,71.0,28.0,0.4,4.0,12.0,21.0,0.6,5.0,16.0,16.0,Vitesse,9.0,1.0,0.0,0.0,8.0,2.0,45.6,19.0,6.0,0.3,0.0,0.0,283.0,369.0,0.8,9.0,22.0,0.4,59.0,26.0,0.4,5.0,7.0,9.0,0.8,10.0,14.0,14.0,637280,2022-10-15 19:00:00,2022
Sparta Rotterdam,13.0,2.0,0.0,1.0,4.0,4.0,39.9,14.0,4.0,0.3,0.0,0.0,204.0,289.0,0.7,7.0,14.0,0.5,72.0,35.0,0.5,5.0,11.0,26.0,0.4,5.0,28.0,28.0,NEC Nijmegen,10.0,3.0,0.0,0.0,3.0,2.0,60.1,15.0,4.0,0.3,0.0,0.0,372.0,435.0,0.9,3.0,22.0,0.1,40.0,27.0,0.7,4.0,5.0,11.0,0.5,6.0,17.0,17.0,637281,2022-10-16 10:15:00,2022
FC Twente,3.0,1.0,0.0,2.0,9.0,2.0,64.2,24.0,7.0,0.3,0.0,0.0,363.0,461.0,0.8,7.0,28.0,0.3,70.0,35.0,0.5,7.0,14.0,25.0,0.6,10.0,4.0,4.0,FC Groningen,10.0,2.0,0.0,3.0,2.0,5.0,35.8,5.0,2.0,0.4,0.0,0.0,180.0,268.0,0.7,2.0,7.0,0.3,65.0,22.0,0.3,0.0,8.0,14.0,0.6,17.0,30.0,30.0,637282,2022-10-16 12:30:00,2022
PSV Eindhoven,8.0,0.0,0.0,0.0,5.0,1.0,53.4,12.0,9.0,0.8,0.0,0.0,421.0,494.0,0.9,3.0,21.0,0.1,50.0,27.0,0.5,0.0,14.0,19.0,0.7,14.0,13.0,13.0,FC Utrecht,11.0,3.0,0.0,0.0,3.0,3.0,46.6,8.0,2.0,0.3,0.0,0.0,347.0,432.0,0.8,4.0,14.0,0.3,69.0,36.0,0.5,2.0,7.0,14.0,0.5,13.0,14.0,14.0,637283,2022-10-16 12:30:00,2022
AZ Alkmaar,10.0,2.0,0.0,2.0,1.0,2.0,55.3,5.0,2.0,0.4,0.0,0.0,458.0,541.0,0.8,3.0,21.0,0.1,56.0,28.0,0.5,0.0,8.0,15.0,0.5,6.0,14.0,14.0,Feyenoord Rotterdam,5.0,1.0,0.0,1.0,2.0,1.0,44.7,13.0,5.0,0.4,1.0,1.0,372.0,446.0,0.8,2.0,8.0,0.3,48.0,19.0,0.4,1.0,7.0,17.0,0.4,6.0,25.0,25.0,637284,2022-10-16 14:45:00,2022
Ajax Amsterdam,5.0,0.0,0.0,2.0,13.0,1.0,73.5,29.0,20.0,0.7,0.0,0.0,622.0,709.0,0.9,6.0,33.0,0.2,43.0,28.0,0.7,8.0,2.0,10.0,0.2,6.0,6.0,6.0,Excelsior,8.0,0.0,0.0,0.0,2.0,12.0,26.5,7.0,2.0,0.3,0.0,0.0,184.0,255.0,0.7,2.0,7.0,0.3,54.0,25.0,0.5,0.0,14.0,29.0,0.5,12.0,45.0,45.0,637279,2022-10-16 18:00:00,2022
Feyenoord Rotterdam,10.0,0.0,0.0,1.0,12.0,0.0,59.7,33.0,11.0,0.3,0.0,0.0,415.0,507.0,0.8,8.0,35.0,0.2,39.0,22.0,0.6,9.0,14.0,30.0,0.5,8.0,7.0,7.0,Fortuna Sittard,8.0,1.0,0.0,4.0,2.0,10.0,40.3,4.0,1.0,0.3,0.0,0.0,257.0,357.0,0.7,0.0,7.0,0.0,75.0,26.0,0.3,1.0,11.0,20.0,0.6,11.0,34.0,34.0,637285,2022-10-22 14:30:00,2022
RKC Waalwijk,7.0,3.0,0.0,2.0,5.0,4.0,37.4,14.0,4.0,0.3,0.0,0.0,270.0,332.0,0.8,1.0,17.0,0.1,47.0,17.0,0.4,4.0,10.0,19.0,0.5,13.0,30.0,30.0,Ajax Amsterdam,9.0,2.0,0.0,5.0,7.0,3.0,62.6,17.0,8.0,0.5,0.0,0.0,503.0,566.0,0.9,5.0,27.0,0.2,42.0,27.0,0.6,5.0,10.0,25.0,0.4,7.0,19.0,19.0,637286,2022-10-22 16:45:00,2022
Vitesse,9.0,1.0,0.0,3.0,4.0,0.0,43.2,16.0,4.0,0.3,0.0,0.0,245.0,355.0,0.7,3.0,15.0,0.2,66.0,21.0,0.3,4.0,11.0,15.0,0.7,12.0,11.0,11.0,FC Emmen,14.0,2.0,0.0,1.0,3.0,2.0,56.8,4.0,2.0,0.5,0.0,0.0,350.0,467.0,0.7,4.0,18.0,0.2,54.0,23.0,0.4,1.0,11.0,21.0,0.5,9.0,20.0,20.0,637288,2022-10-22 19:00:00,2022
Excelsior,9.0,2.0,0.0,1.0,3.0,7.0,32.1,7.0,2.0,0.3,0.0,0.0,184.0,284.0,0.6,1.0,10.0,0.1,67.0,28.0,0.4,0.0,8.0,12.0,0.7,14.0,29.0,29.0,AZ Alkmaar,11.0,1.0,0.0,0.0,9.0,0.0,67.9,22.0,8.0,0.4,0.0,0.0,506.0,604.0,0.8,8.0,29.0,0.3,51.0,28.0,0.5,2.0,11.0,16.0,0.7,12.0,14.0,14.0,637290,2022-10-23 10:15:00,2022
FC Groningen,9.0,0.0,0.0,0.0,2.0,7.0,35.9,17.0,7.0,0.4,0.0,0.0,212.0,296.0,0.7,1.0,4.0,0.3,67.0,24.0,0.4,4.0,12.0,18.0,0.7,13.0,30.0,30.0,PSV Eindhoven,5.0,0.0,0.0,1.0,13.0,3.0,64.1,27.0,10.0,0.4,0.0,0.0,416.0,494.0,0.8,17.0,41.0,0.4,48.0,29.0,0.6,10.0,17.0,26.0,0.7,5.0,11.0,11.0,637289,2022-10-23 12:30:00,2022
NEC Nijmegen,9.0,3.0,0.0,0.0,3.0,1.0,59.9,19.0,5.0,0.3,0.0,0.0,465.0,556.0,0.8,8.0,21.0,0.4,50.0,27.0,0.5,4.0,5.0,9.0,0.6,11.0,11.0,11.0,Go Ahead Eagles,11.0,1.0,0.0,0.0,3.0,1.0,40.1,7.0,5.0,0.7,0.0,0.0,280.0,365.0,0.8,4.0,14.0,0.3,72.0,33.0,0.5,1.0,13.0,22.0,0.6,11.0,23.0,23.0,637292,2022-10-23 12:30:00,2022
SC Cambuur,11.0,3.0,0.0,1.0,7.0,3.0,44.6,8.0,3.0,0.4,0.0,0.0,262.0,358.0,0.7,3.0,15.0,0.2,81.0,42.0,0.5,3.0,12.0,19.0,0.6,11.0,17.0,17.0,FC Twente,17.0,2.0,0.0,0.0,5.0,3.0,55.4,15.0,4.0,0.3,1.0,1.0,357.0,454.0,0.8,2.0,18.0,0.1,62.0,27.0,0.4,6.0,9.0,14.0,0.6,6.0,17.0,17.0,637287,2022-10-23 12:30:00,2022
FC Utrecht,7.0,0.0,0.0,0.0,8.0,2.0,50.7,15.0,9.0,0.6,0.0,0.0,337.0,431.0,0.8,7.0,17.0,0.4,79.0,42.0,0.5,2.0,8.0,21.0,0.4,4.0,27.0,27.0,Sparta Rotterdam,11.0,2.0,0.0,1.0,5.0,6.0,49.3,21.0,3.0,0.1,0.0,0.0,325.0,405.0,0.8,7.0,26.0,0.3,71.0,46.0,0.6,7.0,11.0,20.0,0.6,3.0,16.0,16.0,637293,2022-10-23 14:45:00,2022
FC Volendam,7.0,2.0,0.0,2.0,8.0,2.0,48.3,13.0,5.0,0.4,0.0,0.0,368.0,451.0,0.8,4.0,21.0,0.2,56.0,31.0,0.6,3.0,10.0,15.0,0.7,14.0,21.0,21.0,Heerenveen,8.0,3.0,0.0,4.0,5.0,3.0,51.7,10.0,5.0,0.5,0.0,0.0,394.0,484.0,0.8,1.0,19.0,0.1,63.0,38.0,0.6,2.0,9.0,18.0,0.5,9.0,25.0,25.0,637291,2022-10-23 18:00:00,2022
Heerenveen,8.0,2.0,0.0,0.0,4.0,0.0,60.7,17.0,8.0,0.5,0.0,0.0,473.0,558.0,0.8,12.0,30.0,0.4,58.0,34.0,0.6,3.0,7.0,14.0,0.5,5.0,10.0,10.0,FC Utrecht,10.0,4.0,0.0,3.0,3.0,7.0,39.3,5.0,2.0,0.4,0.0,0.0,284.0,365.0,0.8,1.0,12.0,0.1,67.0,36.0,0.5,1.0,8.0,17.0,0.5,12.0,18.0,18.0,637301,2022-10-29 14:30:00,2022
Sparta Rotterdam,10.0,1.0,0.0,2.0,6.0,2.0,50.2,14.0,5.0,0.4,1.0,1.0,339.0,396.0,0.9,9.0,37.0,0.2,61.0,38.0,0.6,4.0,4.0,9.0,0.4,5.0,20.0,20.0,Fortuna Sittard,9.0,2.0,0.0,0.0,6.0,2.0,49.8,13.0,3.0,0.2,0.0,0.0,341.0,399.0,0.9,5.0,25.0,0.2,51.0,27.0,0.5,4.0,10.0,12.0,0.8,4.0,24.0,24.0,637300,2022-10-29 16:45:00,2022
Go Ahead Eagles,12.0,0.0,0.0,0.0,6.0,3.0,55.8,15.0,8.0,0.5,0.0,0.0,366.0,455.0,0.8,5.0,21.0,0.2,65.0,37.0,0.6,1.0,4.0,6.0,0.7,10.0,13.0,13.0,Excelsior,10.0,4.0,0.0,0.0,3.0,5.0,44.2,9.0,4.0,0.4,0.0,0.0,264.0,365.0,0.7,1.0,13.0,0.1,73.0,33.0,0.5,0.0,10.0,15.0,0.7,11.0,26.0,26.0,637299,2022-10-29 19:00:00,2022
FC Emmen,8.0,1.0,0.0,1.0,9.0,1.0,50.3,15.0,4.0,0.3,0.0,0.0,311.0,402.0,0.8,6.0,27.0,0.2,67.0,29.0,0.4,7.0,15.0,20.0,0.8,10.0,11.0,11.0,FC Groningen,6.0,1.0,0.0,0.0,5.0,4.0,49.7,13.0,1.0,0.1,0.0,0.0,304.0,405.0,0.8,3.0,15.0,0.2,71.0,34.0,0.5,6.0,14.0,24.0,0.6,9.0,29.0,29.0,637297,2022-10-30 11:15:00,2022
PSV Eindhoven,10.0,0.0,0.0,3.0,5.0,2.0,53.1,13.0,7.0,0.5,1.0,1.0,429.0,507.0,0.8,5.0,22.0,0.2,36.0,16.0,0.4,1.0,14.0,25.0,0.6,12.0,10.0,10.0,NEC Nijmegen,5.0,2.0,0.0,1.0,4.0,4.0,46.9,12.0,2.0,0.2,0.0,0.0,369.0,452.0,0.8,4.0,12.0,0.3,41.0,23.0,0.6,2.0,11.0,21.0,0.5,7.0,18.0,18.0,637302,2022-10-30 13:30:00,2022
FC Twente,10.0,1.0,0.0,1.0,6.0,0.0,62.4,19.0,6.0,0.3,0.0,0.0,433.0,523.0,0.8,4.0,16.0,0.3,51.0,22.0,0.4,3.0,11.0,16.0,0.7,8.0,12.0,12.0,RKC Waalwijk,9.0,2.0,0.0,1.0,4.0,3.0,37.6,9.0,0.0,0.0,0.0,0.0,230.0,312.0,0.7,2.0,8.0,0.3,37.0,13.0,0.4,4.0,6.0,11.0,0.5,14.0,18.0,18.0,637296,2022-10-30 13:30:00,2022
AZ Alkmaar,7.0,2.0,1.0,3.0,5.0,5.0,32.3,12.0,5.0,0.4,0.0,0.0,168.0,258.0,0.7,3.0,9.0,0.3,66.0,25.0,0.4,2.0,15.0,24.0,0.6,9.0,40.0,40.0,FC Volendam,9.0,2.0,0.0,5.0,9.0,2.0,67.7,18.0,6.0,0.3,0.0,0.0,443.0,524.0,0.8,11.0,36.0,0.3,52.0,25.0,0.5,7.0,7.0,17.0,0.4,11.0,5.0,5.0,637298,2022-10-30 15:45:00,2022
SC Cambuur,12.0,1.0,0.0,2.0,5.0,10.0,56.0,16.0,6.0,0.4,0.0,0.0,405.0,471.0,0.9,7.0,35.0,0.2,55.0,33.0,0.6,5.0,6.0,9.0,0.7,8.0,17.0,17.0,NEC Nijmegen,9.0,0.0,0.0,2.0,6.0,6.0,44.0,23.0,11.0,0.5,0.0,0.0,314.0,388.0,0.8,7.0,14.0,0.5,45.0,23.0,0.5,4.0,7.0,12.0,0.6,9.0,26.0,26.0,637303,2022-11-04 19:00:00,2022
Vitesse,6.0,1.0,0.0,0.0,5.0,2.0,50.5,14.0,5.0,0.4,0.0,0.0,340.0,443.0,0.8,3.0,21.0,0.1,51.0,21.0,0.4,4.0,8.0,13.0,0.6,8.0,16.0,16.0,Sparta Rotterdam,15.0,0.0,0.0,1.0,3.0,4.0,49.5,11.0,6.0,0.5,0.0,0.0,334.0,440.0,0.8,3.0,12.0,0.3,68.0,39.0,0.6,2.0,8.0,17.0,0.5,7.0,23.0,23.0,637304,2022-11-05 15:30:00,2022
Fortuna Sittard,10.0,2.0,0.0,2.0,8.0,5.0,55.6,14.0,1.0,0.1,0.0,0.0,354.0,453.0,0.8,7.0,33.0,0.2,63.0,36.0,0.6,4.0,8.0,16.0,0.5,13.0,12.0,12.0,FC Emmen,8.0,1.0,0.0,1.0,3.0,1.0,44.4,15.0,6.0,0.4,0.0,0.0,285.0,377.0,0.8,0.0,14.0,0.0,76.0,30.0,0.4,4.0,17.0,20.0,0.9,7.0,37.0,37.0,637306,2022-11-05 17:45:00,2022
Excelsior,10.0,0.0,0.0,1.0,7.0,3.0,47.8,11.0,1.0,0.1,0.0,0.0,330.0,422.0,0.8,10.0,26.0,0.4,66.0,33.0,0.5,5.0,8.0,11.0,0.7,13.0,13.0,13.0,Heerenveen,9.0,1.0,0.0,1.0,2.0,1.0,52.2,8.0,4.0,0.5,0.0,0.0,387.0,475.0,0.8,0.0,11.0,0.0,56.0,27.0,0.5,2.0,8.0,12.0,0.7,14.0,22.0,22.0,637308,2022-11-05 20:00:00,2022
FC Utrecht,6.0,3.0,0.0,1.0,6.0,0.0,50.5,20.0,6.0,0.3,0.0,0.0,347.0,452.0,0.8,9.0,22.0,0.4,69.0,29.0,0.4,5.0,16.0,25.0,0.6,10.0,23.0,23.0,FC Groningen,11.0,1.0,0.0,1.0,5.0,4.0,49.5,6.0,1.0,0.2,0.0,0.0,337.0,441.0,0.8,2.0,24.0,0.1,66.0,27.0,0.4,1.0,11.0,16.0,0.7,8.0,22.0,22.0,637310,2022-11-06 11:15:00,2022
FC Volendam,9.0,2.0,0.0,2.0,6.0,9.0,39.6,7.0,2.0,0.3,0.0,0.0,188.0,290.0,0.6,1.0,20.0,0.1,72.0,28.0,0.4,2.0,7.0,18.0,0.4,14.0,24.0,24.0,Feyenoord Rotterdam,7.0,2.0,0.0,3.0,8.0,2.0,60.4,23.0,12.0,0.5,0.0,0.0,353.0,455.0,0.8,3.0,15.0,0.2,57.0,25.0,0.4,3.0,10.0,21.0,0.5,6.0,30.0,30.0,637311,2022-11-06 13:30:00,2022
FC Twente,12.0,4.0,0.0,2.0,6.0,1.0,59.6,27.0,6.0,0.2,1.0,1.0,378.0,479.0,0.8,5.0,17.0,0.3,79.0,40.0,0.5,13.0,7.0,21.0,0.3,3.0,18.0,18.0,Go Ahead Eagles,10.0,2.0,0.0,1.0,5.0,5.0,40.4,13.0,2.0,0.2,1.0,1.0,220.0,320.0,0.7,3.0,14.0,0.2,61.0,23.0,0.4,4.0,5.0,15.0,0.3,15.0,25.0,25.0,637309,2022-11-06 13:30:00,2022
RKC Waalwijk,7.0,1.0,0.0,2.0,8.0,5.0,45.7,17.0,7.0,0.4,0.0,0.0,342.0,434.0,0.8,4.0,20.0,0.2,51.0,16.0,0.3,3.0,12.0,25.0,0.5,5.0,11.0,11.0,AZ Alkmaar,8.0,3.0,0.0,2.0,5.0,4.0,54.3,12.0,6.0,0.5,0.0,0.0,449.0,535.0,0.8,2.0,15.0,0.1,72.0,33.0,0.5,5.0,6.0,19.0,0.3,14.0,26.0,26.0,637305,2022-11-06 15:45:00,2022
Ajax Amsterdam,11.0,2.0,0.0,2.0,9.0,0.0,63.2,14.0,5.0,0.4,0.0,0.0,445.0,528.0,0.8,12.0,35.0,0.3,51.0,27.0,0.5,3.0,9.0,14.0,0.6,13.0,7.0,7.0,PSV Eindhoven,14.0,3.0,0.0,1.0,1.0,4.0,36.8,5.0,2.0,0.4,0.0,0.0,240.0,321.0,0.7,2.0,5.0,0.4,66.0,35.0,0.5,1.0,13.0,22.0,0.6,11.0,34.0,34.0,637307,2022-11-06 15:45:00,2022
Ajax Amsterdam,10.0,1.0,0.0,1.0,8.0,6.0,70.9,34.0,8.0,0.2,0.0,0.0,588.0,675.0,0.9,17.0,47.0,0.4,36.0,18.0,0.5,7.0,11.0,16.0,0.7,8.0,11.0,11.0,Vitesse,13.0,1.0,0.0,2.0,7.0,6.0,29.1,10.0,8.0,0.8,0.0,0.0,194.0,283.0,0.7,3.0,13.0,0.2,62.0,22.0,0.4,0.0,9.0,16.0,0.6,11.0,48.0,48.0,637294,2022-11-09 19:00:00,2022
Feyenoord Rotterdam,9.0,3.0,0.0,1.0,8.0,4.0,55.4,21.0,7.0,0.3,0.0,0.0,399.0,481.0,0.8,6.0,26.0,0.2,52.0,26.0,0.5,9.0,10.0,20.0,0.5,8.0,11.0,11.0,SC Cambuur,9.0,1.0,0.0,0.0,4.0,6.0,44.6,7.0,4.0,0.6,0.0,0.0,281.0,388.0,0.7,4.0,19.0,0.2,70.0,28.0,0.4,0.0,11.0,18.0,0.6,7.0,24.0,24.0,637295,2022-11-10 19:00:00,2022
Sparta Rotterdam,11.0,2.0,0.0,0.0,3.0,4.0,37.1,11.0,2.0,0.2,0.0,0.0,209.0,322.0,0.6,4.0,8.0,0.5,85.0,41.0,0.5,5.0,12.0,24.0,0.5,18.0,17.0,17.0,FC Twente,10.0,0.0,0.0,1.0,7.0,1.0,62.9,17.0,5.0,0.3,0.0,0.0,445.0,540.0,0.8,6.0,19.0,0.3,51.0,26.0,0.5,8.0,4.0,7.0,0.6,12.0,18.0,18.0,637315,2022-11-11 19:00:00,2022
FC Volendam,9.0,1.0,0.0,2.0,5.0,4.0,37.6,12.0,2.0,0.2,0.0,0.0,257.0,333.0,0.8,3.0,15.0,0.2,62.0,32.0,0.5,5.0,5.0,10.0,0.5,11.0,13.0,13.0,FC Utrecht,8.0,1.0,0.0,2.0,5.0,2.0,62.4,13.0,8.0,0.6,0.0,0.0,479.0,566.0,0.8,5.0,16.0,0.3,68.0,46.0,0.7,2.0,11.0,23.0,0.5,6.0,14.0,14.0,637313,2022-11-12 15:30:00,2022
FC Emmen,11.0,2.0,0.0,1.0,5.0,2.0,42.0,15.0,5.0,0.3,0.0,0.0,337.0,418.0,0.8,4.0,16.0,0.3,62.0,31.0,0.5,3.0,7.0,12.0,0.6,4.0,18.0,18.0,Ajax Amsterdam,9.0,1.0,0.0,1.0,1.0,2.0,58.0,10.0,5.0,0.5,0.0,0.0,508.0,586.0,0.9,2.0,10.0,0.2,64.0,27.0,0.4,0.0,9.0,16.0,0.6,8.0,12.0,12.0,637317,2022-11-12 17:45:00,2022
PSV Eindhoven,8.0,0.0,0.0,3.0,4.0,2.0,58.1,10.0,2.0,0.2,0.0,0.0,457.0,572.0,0.8,7.0,27.0,0.3,66.0,32.0,0.5,2.0,13.0,21.0,0.6,6.0,8.0,8.0,AZ Alkmaar,12.0,2.0,0.0,0.0,2.0,1.0,41.9,10.0,3.0,0.3,0.0,0.0,302.0,423.0,0.7,1.0,8.0,0.1,77.0,25.0,0.3,3.0,13.0,22.0,0.6,11.0,33.0,33.0,637320,2022-11-12 20:00:00,2022
NEC Nijmegen,7.0,1.0,0.0,1.0,7.0,2.0,66.3,26.0,12.0,0.5,1.0,1.0,527.0,581.0,0.9,7.0,31.0,0.2,25.0,18.0,0.7,5.0,8.0,17.0,0.5,8.0,4.0,4.0,RKC Waalwijk,14.0,2.0,1.0,1.0,3.0,6.0,33.7,6.0,3.0,0.5,1.0,1.0,228.0,299.0,0.8,1.0,5.0,0.2,54.0,18.0,0.3,1.0,8.0,16.0,0.5,4.0,20.0,20.0,637316,2022-11-13 11:15:00,2022
Heerenveen,7.0,3.0,0.0,2.0,7.0,1.0,59.1,15.0,4.0,0.3,0.0,0.0,416.0,520.0,0.8,8.0,30.0,0.3,56.0,25.0,0.4,4.0,8.0,13.0,0.6,9.0,14.0,14.0,SC Cambuur,9.0,2.0,0.0,1.0,2.0,2.0,40.9,7.0,2.0,0.3,0.0,0.0,259.0,362.0,0.7,1.0,19.0,0.1,63.0,31.0,0.5,1.0,14.0,27.0,0.5,12.0,36.0,36.0,637314,2022-11-13 13:30:00,2022
FC Groningen,6.0,2.0,0.0,0.0,4.0,3.0,55.4,12.0,3.0,0.3,0.0,0.0,328.0,402.0,0.8,5.0,25.0,0.2,50.0,22.0,0.4,4.0,16.0,23.0,0.7,6.0,14.0,14.0,Fortuna Sittard,6.0,3.0,0.0,6.0,5.0,1.0,44.6,15.0,7.0,0.5,0.0,0.0,256.0,325.0,0.8,11.0,20.0,0.6,47.0,23.0,0.5,3.0,5.0,17.0,0.3,8.0,27.0,27.0,637312,2022-11-13 13:30:00,2022
Feyenoord Rotterdam,12.0,2.0,0.0,0.0,5.0,2.0,56.1,22.0,12.0,0.5,0.0,0.0,418.0,490.0,0.9,2.0,11.0,0.2,47.0,29.0,0.6,4.0,11.0,16.0,0.7,10.0,10.0,10.0,Excelsior,11.0,3.0,0.0,4.0,2.0,7.0,43.9,5.0,3.0,0.6,0.0,0.0,287.0,382.0,0.8,5.0,10.0,0.5,79.0,36.0,0.5,1.0,11.0,18.0,0.6,10.0,20.0,20.0,637319,2022-11-13 15:45:00,2022
Go Ahead Eagles,7.0,1.0,0.0,0.0,3.0,5.0,45.3,10.0,3.0,0.3,0.0,0.0,322.0,415.0,0.8,3.0,15.0,0.2,66.0,29.0,0.4,3.0,8.0,17.0,0.5,12.0,38.0,38.0,Vitesse,10.0,6.0,0.0,1.0,11.0,1.0,54.7,24.0,7.0,0.3,0.0,0.0,380.0,480.0,0.8,13.0,43.0,0.3,82.0,45.0,0.5,12.0,10.0,18.0,0.6,10.0,13.0,13.0,637318,2022-11-13 19:00:00,2022
FC Twente,9.0,1.0,0.0,1.0,11.0,1.0,62.6,20.0,3.0,0.2,0.0,0.0,452.0,548.0,0.8,5.0,41.0,0.1,41.0,24.0,0.6,6.0,11.0,17.0,0.6,15.0,9.0,9.0,FC Emmen,10.0,2.0,0.0,1.0,3.0,1.0,37.4,5.0,1.0,0.2,0.0,0.0,237.0,344.0,0.7,0.0,6.0,0.0,56.0,15.0,0.3,0.0,8.0,18.0,0.4,7.0,30.0,30.0,637321,2023-01-06 19:00:00,2023
RKC Waalwijk,10.0,1.0,0.0,0.0,3.0,9.0,39.6,6.0,2.0,0.3,0.0,0.0,289.0,368.0,0.8,5.0,13.0,0.4,61.0,30.0,0.5,1.0,10.0,16.0,0.6,13.0,18.0,18.0,Heerenveen,9.0,1.0,0.0,0.0,7.0,2.0,60.4,18.0,9.0,0.5,0.0,0.0,479.0,558.0,0.9,7.0,25.0,0.3,66.0,39.0,0.6,4.0,10.0,19.0,0.5,7.0,14.0,14.0,637322,2023-01-07 15:30:00,2023
AZ Alkmaar,11.0,2.0,0.0,1.0,7.0,2.0,61.7,15.0,5.0,0.3,0.0,0.0,476.0,571.0,0.8,3.0,22.0,0.1,49.0,30.0,0.6,2.0,11.0,19.0,0.6,6.0,16.0,16.0,Vitesse,14.0,1.0,0.0,0.0,4.0,4.0,38.3,13.0,3.0,0.2,0.0,0.0,256.0,345.0,0.7,7.0,21.0,0.3,64.0,29.0,0.5,2.0,14.0,19.0,0.7,8.0,23.0,23.0,637323,2023-01-07 17:45:00,2023
Fortuna Sittard,14.0,4.0,0.0,5.0,4.0,3.0,53.4,9.0,2.0,0.2,0.0,0.0,310.0,407.0,0.8,3.0,19.0,0.2,72.0,30.0,0.4,4.0,10.0,17.0,0.6,7.0,19.0,19.0,Go Ahead Eagles,10.0,2.0,0.0,1.0,10.0,2.0,46.6,20.0,6.0,0.3,0.0,0.0,273.0,361.0,0.8,5.0,16.0,0.3,54.0,20.0,0.4,5.0,13.0,23.0,0.6,7.0,23.0,23.0,637324,2023-01-07 19:00:00,2023
PSV Eindhoven,7.0,1.0,0.0,0.0,5.0,4.0,60.2,17.0,4.0,0.2,0.0,0.0,452.0,534.0,0.8,5.0,24.0,0.2,58.0,34.0,0.6,3.0,4.0,8.0,0.5,13.0,12.0,12.0,Sparta Rotterdam,16.0,3.0,0.0,0.0,4.0,4.0,39.8,12.0,4.0,0.3,0.0,0.0,252.0,355.0,0.7,2.0,13.0,0.2,61.0,23.0,0.4,5.0,15.0,23.0,0.7,8.0,23.0,23.0,637325,2023-01-07 20:00:00,2023
FC Utrecht,9.0,2.0,0.0,2.0,5.0,3.0,39.6,8.0,4.0,0.5,0.0,0.0,254.0,379.0,0.7,2.0,17.0,0.1,87.0,36.0,0.4,1.0,13.0,20.0,0.7,12.0,25.0,25.0,Feyenoord Rotterdam,4.0,1.0,0.0,2.0,2.0,3.0,60.4,10.0,4.0,0.4,0.0,0.0,464.0,581.0,0.8,2.0,17.0,0.1,62.0,31.0,0.5,1.0,11.0,19.0,0.6,10.0,16.0,16.0,637326,2023-01-08 11:15:00,2023
NEC Nijmegen,9.0,1.0,0.0,0.0,1.0,6.0,33.3,6.0,1.0,0.2,0.0,0.0,201.0,277.0,0.7,1.0,8.0,0.1,52.0,18.0,0.3,3.0,9.0,22.0,0.4,2.0,32.0,32.0,Ajax Amsterdam,14.0,3.0,0.0,2.0,9.0,0.0,66.7,21.0,7.0,0.3,0.0,0.0,470.0,550.0,0.9,10.0,22.0,0.5,45.0,27.0,0.6,7.0,9.0,21.0,0.4,7.0,7.0,7.0,637328,2023-01-08 13:30:00,2023
SC Cambuur,13.0,3.0,0.0,3.0,7.0,2.0,67.2,9.0,4.0,0.4,0.0,0.0,462.0,585.0,0.8,4.0,22.0,0.2,110.0,58.0,0.5,4.0,9.0,20.0,0.5,6.0,13.0,13.0,FC Volendam,9.0,1.0,0.0,0.0,4.0,4.0,32.8,9.0,5.0,0.6,0.0,0.0,175.0,288.0,0.6,1.0,11.0,0.1,78.0,28.0,0.4,2.0,8.0,15.0,0.5,11.0,28.0,28.0,637327,2023-01-08 13:30:00,2023
Excelsior,11.0,2.0,0.0,1.0,4.0,4.0,46.9,14.0,3.0,0.2,0.0,0.0,293.0,372.0,0.8,5.0,14.0,0.4,57.0,31.0,0.5,4.0,10.0,23.0,0.4,7.0,26.0,26.0,FC Groningen,11.0,3.0,0.0,2.0,6.0,2.0,53.1,11.0,4.0,0.4,0.0,0.0,339.0,424.0,0.8,4.0,21.0,0.2,75.0,38.0,0.5,0.0,14.0,22.0,0.6,9.0,15.0,15.0,637329,2023-01-08 15:45:00,2023
FC Volendam,13.0,1.0,0.0,0.0,9.0,3.0,45.7,15.0,5.0,0.3,0.0,0.0,263.0,365.0,0.7,5.0,19.0,0.3,52.0,23.0,0.4,3.0,11.0,21.0,0.5,4.0,17.0,17.0,RKC Waalwijk,9.0,0.0,0.0,1.0,4.0,2.0,54.3,8.0,4.0,0.5,0.0,0.0,330.0,445.0,0.7,5.0,14.0,0.4,57.0,25.0,0.4,2.0,13.0,24.0,0.5,9.0,13.0,13.0,637334,2023-01-14 17:45:00,2023
Heerenveen,12.0,0.0,0.0,2.0,3.0,4.0,53.2,21.0,2.0,0.1,0.0,1.0,340.0,427.0,0.8,7.0,23.0,0.3,68.0,35.0,0.5,9.0,6.0,10.0,0.6,5.0,14.0,14.0,AZ Alkmaar,12.0,3.0,0.0,2.0,1.0,2.0,46.8,13.0,6.0,0.5,0.0,0.0,288.0,383.0,0.8,3.0,12.0,0.3,58.0,22.0,0.4,2.0,2.0,7.0,0.3,9.0,25.0,25.0,637330,2023-01-14 17:45:00,2023
Ajax Amsterdam,9.0,1.0,1.0,3.0,3.0,7.0,40.6,6.0,5.0,0.8,0.0,0.0,310.0,383.0,0.8,4.0,16.0,0.3,52.0,29.0,0.6,0.0,10.0,19.0,0.5,10.0,23.0,23.0,FC Twente,15.0,4.0,0.0,2.0,5.0,5.0,59.4,24.0,7.0,0.3,0.0,0.0,500.0,568.0,0.9,6.0,25.0,0.2,38.0,23.0,0.6,10.0,8.0,17.0,0.5,8.0,8.0,8.0,637333,2023-01-14 20:00:00,2023
Sparta Rotterdam,9.0,1.0,0.0,1.0,6.0,4.0,56.6,14.0,4.0,0.3,0.0,0.0,378.0,481.0,0.8,9.0,31.0,0.3,56.0,34.0,0.6,2.0,10.0,16.0,0.6,9.0,16.0,16.0,Excelsior,9.0,1.0,0.0,0.0,3.0,3.0,43.4,11.0,4.0,0.4,0.0,0.0,270.0,377.0,0.7,3.0,20.0,0.2,83.0,28.0,0.3,3.0,14.0,24.0,0.6,11.0,31.0,31.0,637332,2023-01-14 20:00:00,2023
Vitesse,19.0,1.0,0.0,1.0,11.0,3.0,58.5,24.0,6.0,0.3,0.0,0.0,333.0,404.0,0.8,9.0,42.0,0.2,38.0,17.0,0.4,9.0,11.0,15.0,0.7,7.0,17.0,17.0,NEC Nijmegen,14.0,4.0,1.0,0.0,4.0,7.0,41.5,6.0,3.0,0.5,0.0,0.0,213.0,299.0,0.7,1.0,17.0,0.1,56.0,25.0,0.4,2.0,8.0,18.0,0.4,2.0,31.0,31.0,637335,2023-01-15 11:15:00,2023
Fortuna Sittard,9.0,0.0,1.0,2.0,1.0,10.0,32.9,6.0,3.0,0.5,1.0,1.0,166.0,279.0,0.6,1.0,11.0,0.1,74.0,24.0,0.3,2.0,15.0,26.0,0.6,8.0,37.0,37.0,PSV Eindhoven,7.0,2.0,0.0,1.0,10.0,1.0,67.1,32.0,12.0,0.4,0.0,0.0,474.0,565.0,0.8,14.0,33.0,0.4,53.0,28.0,0.5,8.0,9.0,13.0,0.7,3.0,14.0,14.0,637336,2023-01-15 13:30:00,2023
Go Ahead Eagles,10.0,3.0,0.0,3.0,5.0,5.0,47.9,13.0,4.0,0.3,0.0,0.0,383.0,460.0,0.8,8.0,29.0,0.3,53.0,32.0,0.6,4.0,8.0,11.0,0.7,11.0,23.0,23.0,FC Utrecht,8.0,1.0,0.0,2.0,7.0,2.0,52.1,11.0,6.0,0.5,0.0,0.0,429.0,507.0,0.8,3.0,23.0,0.1,51.0,25.0,0.5,2.0,11.0,14.0,0.8,15.0,29.0,29.0,637337,2023-01-15 13:30:00,2023
FC Emmen,7.0,0.0,0.0,0.0,6.0,2.0,65.1,15.0,7.0,0.5,0.0,0.0,506.0,572.0,0.9,5.0,33.0,0.2,57.0,34.0,0.6,3.0,5.0,10.0,0.5,7.0,22.0,22.0,SC Cambuur,17.0,1.0,0.0,3.0,7.0,7.0,34.9,9.0,2.0,0.2,0.0,0.0,220.0,299.0,0.7,7.0,25.0,0.3,67.0,29.0,0.4,2.0,11.0,15.0,0.7,6.0,27.0,27.0,637338,2023-01-15 15:45:00,2023
FC Groningen,8.0,1.0,0.0,3.0,2.0,7.0,41.5,5.0,2.0,0.4,0.0,0.0,278.0,384.0,0.7,0.0,4.0,0.0,77.0,35.0,0.5,2.0,12.0,26.0,0.5,12.0,25.0,25.0,Feyenoord Rotterdam,4.0,0.0,0.0,0.0,13.0,2.0,58.5,28.0,10.0,0.4,0.0,0.0,414.0,513.0,0.8,16.0,30.0,0.5,78.0,41.0,0.5,7.0,10.0,14.0,0.7,14.0,11.0,11.0,637331,2023-01-15 15:45:00,2023
Excelsior,7.0,1.0,0.0,3.0,7.0,0.0,47.6,17.0,4.0,0.2,0.0,0.0,305.0,413.0,0.7,8.0,20.0,0.4,78.0,43.0,0.6,4.0,17.0,21.0,0.8,11.0,35.0,35.0,FC Volendam,9.0,1.0,0.0,2.0,4.0,3.0,52.4,9.0,0.0,0.0,0.0,0.0,334.0,454.0,0.7,4.0,24.0,0.2,77.0,33.0,0.4,1.0,13.0,19.0,0.7,9.0,15.0,15.0,637339,2023-01-20 19:00:00,2023
NEC Nijmegen,11.0,0.0,0.0,0.0,9.0,3.0,45.8,20.0,5.0,0.3,1.0,1.0,278.0,349.0,0.8,2.0,22.0,0.1,42.0,21.0,0.5,7.0,14.0,23.0,0.6,9.0,24.0,24.0,FC Emmen,21.0,1.0,0.0,1.0,5.0,2.0,54.2,10.0,4.0,0.4,0.0,0.0,340.0,420.0,0.8,2.0,25.0,0.1,40.0,16.0,0.4,4.0,10.0,20.0,0.5,9.0,22.0,22.0,637340,2023-01-21 17:45:00,2023
PSV Eindhoven,5.0,0.0,0.0,2.0,3.0,4.0,56.0,15.0,5.0,0.3,0.0,1.0,431.0,526.0,0.8,0.0,23.0,0.0,73.0,36.0,0.5,5.0,15.0,30.0,0.5,7.0,14.0,14.0,Vitesse,9.0,1.0,1.0,0.0,4.0,4.0,44.0,12.0,4.0,0.3,0.0,0.0,303.0,409.0,0.7,6.0,18.0,0.3,64.0,16.0,0.3,6.0,10.0,17.0,0.6,8.0,20.0,20.0,637342,2023-01-21 19:00:00,2023
SC Cambuur,12.0,1.0,0.0,2.0,6.0,3.0,49.8,14.0,3.0,0.2,0.0,0.0,356.0,454.0,0.8,3.0,27.0,0.1,61.0,30.0,0.5,6.0,6.0,10.0,0.6,2.0,20.0,20.0,Sparta Rotterdam,6.0,0.0,0.0,2.0,2.0,3.0,50.2,12.0,6.0,0.5,1.0,1.0,386.0,474.0,0.8,4.0,15.0,0.3,75.0,41.0,0.5,3.0,5.0,13.0,0.4,13.0,32.0,32.0,637341,2023-01-21 19:00:00,2023
Heerenveen,6.0,0.0,0.0,4.0,7.0,2.0,55.5,18.0,9.0,0.5,0.0,0.0,370.0,460.0,0.8,9.0,21.0,0.4,56.0,29.0,0.5,2.0,12.0,18.0,0.7,13.0,17.0,17.0,FC Groningen,15.0,3.0,0.0,2.0,5.0,6.0,44.5,10.0,3.0,0.3,0.0,0.0,278.0,373.0,0.7,0.0,14.0,0.0,59.0,24.0,0.4,2.0,13.0,26.0,0.5,10.0,19.0,19.0,637344,2023-01-22 11:15:00,2023
Feyenoord Rotterdam,19.0,4.0,0.0,4.0,7.0,2.0,43.4,11.0,4.0,0.4,0.0,0.0,224.0,327.0,0.7,3.0,22.0,0.1,58.0,22.0,0.4,2.0,12.0,23.0,0.5,14.0,21.0,21.0,Ajax Amsterdam,14.0,4.0,0.0,2.0,6.0,4.0,56.6,11.0,3.0,0.3,0.0,0.0,331.0,436.0,0.8,4.0,15.0,0.3,53.0,19.0,0.4,1.0,19.0,25.0,0.8,5.0,21.0,21.0,637346,2023-01-22 13:30:00,2023
FC Twente,9.0,1.0,0.0,0.0,4.0,1.0,58.2,15.0,6.0,0.4,0.0,0.0,501.0,595.0,0.8,3.0,22.0,0.1,66.0,42.0,0.6,5.0,13.0,23.0,0.6,11.0,16.0,16.0,FC Utrecht,7.0,1.0,0.0,1.0,4.0,4.0,41.8,7.0,1.0,0.1,0.0,0.0,318.0,423.0,0.8,3.0,18.0,0.2,58.0,26.0,0.4,4.0,11.0,15.0,0.7,14.0,26.0,26.0,637345,2023-01-22 13:30:00,2023
AZ Alkmaar,0.0,0.0,0.0,0.0,0.0,0.0,0.0,0.0,0.0,0.0,0.0,0.0,0.0,0.0,0.0,0.0,0.0,0.0,0.0,0.0,0.0,0.0,0.0,0.0,0.0,0.0,0.0,0.0,Fortuna Sittard,0.0,0.0,0.0,0.0,0.0,0.0,0.0,0.0,0.0,0.0,0.0,0.0,0.0,0.0,0.0,0.0,0.0,0.0,0.0,0.0,0.0,0.0,0.0,0.0,0.0,0.0,0.0,0.0,637347,2023-01-22 15:45:00,2023
FC Emmen,9.0,3.0,0.0,0.0,5.0,4.0,51.2,11.0,2.0,0.2,0.0,0.0,441.0,525.0,0.8,5.0,17.0,0.3,58.0,31.0,0.5,4.0,16.0,22.0,0.7,7.0,22.0,22.0,PSV Eindhoven,16.0,4.0,1.0,3.0,6.0,1.0,48.8,12.0,4.0,0.3,0.0,0.0,409.0,497.0,0.8,5.0,21.0,0.2,50.0,31.0,0.6,0.0,9.0,16.0,0.6,9.0,20.0,20.0,637348,2023-01-24 17:45:00,2023
Sparta Rotterdam,7.0,0.0,0.0,1.0,3.0,3.0,62.2,9.0,4.0,0.4,0.0,0.0,550.0,637.0,0.9,2.0,22.0,0.1,84.0,62.0,0.7,1.0,8.0,16.0,0.5,5.0,15.0,15.0,RKC Waalwijk,12.0,0.0,0.0,1.0,3.0,4.0,37.8,12.0,3.0,0.3,0.0,0.0,295.0,378.0,0.8,3.0,12.0,0.3,59.0,24.0,0.4,5.0,14.0,20.0,0.7,11.0,27.0,27.0,637349,2023-01-24 20:00:00,2023
Vitesse,14.0,2.0,0.0,1.0,6.0,2.0,35.2,17.0,6.0,0.4,0.0,0.0,194.0,287.0,0.7,5.0,12.0,0.4,48.0,19.0,0.4,2.0,10.0,18.0,0.6,8.0,25.0,25.0,FC Twente,7.0,0.0,0.0,3.0,8.0,4.0,64.8,10.0,4.0,0.4,1.0,1.0,426.0,523.0,0.8,6.0,28.0,0.2,86.0,48.0,0.6,2.0,16.0,26.0,0.6,12.0,10.0,10.0,637351,2023-01-25 17:45:00,2023
Go Ahead Eagles,9.0,1.0,0.0,0.0,6.0,5.0,45.4,13.0,1.0,0.1,1.0,1.0,294.0,376.0,0.8,2.0,22.0,0.1,54.0,29.0,0.5,7.0,11.0,14.0,0.8,8.0,21.0,21.0,AZ Alkmaar,18.0,1.0,0.0,2.0,7.0,0.0,54.6,16.0,9.0,0.6,0.0,0.0,362.0,456.0,0.8,7.0,21.0,0.3,57.0,22.0,0.4,4.0,11.0,20.0,0.6,4.0,24.0,24.0,637350,2023-01-25 17:45:00,2023
Fortuna Sittard,8.0,1.0,0.0,0.0,7.0,4.0,41.7,16.0,6.0,0.4,1.0,1.0,296.0,373.0,0.8,7.0,26.0,0.3,63.0,31.0,0.5,3.0,11.0,18.0,0.6,8.0,32.0,32.0,Heerenveen,12.0,1.0,0.0,0.0,8.0,4.0,58.3,15.0,4.0,0.3,0.0,0.0,445.0,523.0,0.9,7.0,34.0,0.2,54.0,28.0,0.5,2.0,7.0,12.0,0.6,11.0,18.0,18.0,637352,2023-01-25 19:00:00,2023
FC Utrecht,8.0,1.0,0.0,0.0,7.0,0.0,60.5,17.0,9.0,0.5,0.0,0.0,450.0,550.0,0.8,9.0,20.0,0.5,72.0,31.0,0.4,3.0,7.0,10.0,0.7,13.0,14.0,14.0,Excelsior,17.0,2.0,0.0,0.0,3.0,8.0,39.5,3.0,0.0,0.0,0.0,0.0,241.0,351.0,0.7,3.0,15.0,0.2,66.0,27.0,0.4,2.0,16.0,23.0,0.7,13.0,23.0,23.0,637353,2023-01-25 20:00:00,2023
Feyenoord Rotterdam,6.0,1.0,0.0,1.0,12.0,5.0,65.4,22.0,9.0,0.4,1.0,1.0,635.0,708.0,0.9,4.0,25.0,0.2,39.0,23.0,0.6,6.0,9.0,16.0,0.6,6.0,8.0,8.0,NEC Nijmegen,5.0,2.0,1.0,0.0,4.0,7.0,34.6,8.0,5.0,0.6,0.0,0.0,289.0,374.0,0.8,6.0,12.0,0.5,53.0,21.0,0.4,2.0,10.0,21.0,0.5,7.0,21.0,21.0,637354,2023-01-25 20:00:00,2023
FC Groningen,11.0,3.0,0.0,1.0,9.0,3.0,60.2,15.0,2.0,0.1,0.0,0.0,368.0,476.0,0.8,8.0,24.0,0.3,62.0,27.0,0.4,5.0,7.0,12.0,0.6,6.0,22.0,22.0,SC Cambuur,5.0,0.0,0.0,0.0,1.0,2.0,39.8,10.0,4.0,0.4,0.0,0.0,205.0,316.0,0.6,2.0,13.0,0.2,80.0,28.0,0.4,0.0,6.0,13.0,0.5,3.0,32.0,32.0,637355,2023-01-26 17:45:00,2023
Ajax Amsterdam,6.0,0.0,0.0,1.0,14.0,0.0,83.1,31.0,7.0,0.2,0.0,0.0,798.0,904.0,0.9,15.0,49.0,0.3,52.0,36.0,0.7,14.0,10.0,17.0,0.6,5.0,8.0,8.0,FC Volendam,13.0,1.0,0.0,0.0,0.0,6.0,16.9,2.0,1.0,0.5,0.0,0.0,87.0,187.0,0.5,1.0,5.0,0.2,74.0,14.0,0.2,1.0,8.0,19.0,0.4,13.0,53.0,53.0,637356,2023-01-26 20:00:00,2023
PSV Eindhoven,6.0,2.0,0.0,2.0,9.0,1.0,51.6,19.0,3.0,0.2,0.0,0.0,401.0,482.0,0.8,9.0,26.0,0.3,52.0,34.0,0.7,5.0,8.0,14.0,0.6,9.0,19.0,19.0,Go Ahead Eagles,10.0,2.0,0.0,1.0,2.0,1.0,48.4,6.0,1.0,0.2,0.0,0.0,382.0,464.0,0.8,1.0,14.0,0.1,53.0,21.0,0.4,3.0,7.0,13.0,0.5,9.0,21.0,21.0,637358,2023-01-28 15:30:00,2023
RKC Waalwijk,16.0,5.0,1.0,1.0,3.0,3.0,33.6,6.0,4.0,0.7,0.0,0.0,202.0,299.0,0.7,4.0,11.0,0.4,63.0,22.0,0.3,1.0,8.0,12.0,0.7,7.0,29.0,29.0,FC Emmen,7.0,1.0,0.0,1.0,6.0,2.0,66.4,17.0,3.0,0.2,0.0,0.0,507.0,589.0,0.9,6.0,29.0,0.2,42.0,23.0,0.5,8.0,11.0,18.0,0.6,6.0,14.0,14.0,637357,2023-01-28 17:45:00,2023
NEC Nijmegen,9.0,1.0,0.0,1.0,11.0,3.0,66.7,26.0,4.0,0.2,0.0,0.0,513.0,585.0,0.9,10.0,44.0,0.2,39.0,27.0,0.7,9.0,4.0,8.0,0.5,8.0,8.0,8.0,Sparta Rotterdam,18.0,2.0,0.0,0.0,3.0,4.0,33.3,9.0,4.0,0.4,0.0,0.0,220.0,305.0,0.7,5.0,10.0,0.5,59.0,22.0,0.4,1.0,9.0,15.0,0.6,11.0,44.0,44.0,637359,2023-01-28 19:00:00,2023
Heerenveen,10.0,1.0,0.0,1.0,6.0,5.0,56.6,10.0,2.0,0.2,0.0,0.0,401.0,500.0,0.8,2.0,20.0,0.1,65.0,33.0,0.5,5.0,12.0,19.0,0.6,23.0,10.0,10.0,Vitesse,9.0,0.0,0.0,1.0,6.0,1.0,43.4,22.0,8.0,0.4,0.0,0.0,293.0,383.0,0.8,6.0,14.0,0.4,62.0,31.0,0.5,2.0,4.0,10.0,0.4,21.0,31.0,31.0,637360,2023-01-28 19:00:00,2023
AZ Alkmaar,5.0,0.0,0.0,2.0,3.0,4.0,51.7,15.0,9.0,0.6,0.0,0.0,352.0,460.0,0.8,1.0,8.0,0.1,54.0,28.0,0.5,1.0,11.0,18.0,0.6,7.0,18.0,18.0,FC Utrecht,5.0,1.0,0.0,1.0,7.0,4.0,48.3,24.0,9.0,0.4,0.0,0.0,324.0,415.0,0.8,5.0,24.0,0.2,55.0,24.0,0.4,5.0,5.0,10.0,0.5,9.0,11.0,11.0,637361,2023-01-28 20:00:00,2023
FC Twente,13.0,2.0,0.0,1.0,2.0,5.0,56.0,14.0,6.0,0.4,0.0,0.0,375.0,478.0,0.8,2.0,19.0,0.1,75.0,38.0,0.5,5.0,15.0,21.0,0.7,7.0,14.0,14.0,Feyenoord Rotterdam,8.0,2.0,0.0,1.0,6.0,5.0,44.0,17.0,6.0,0.4,0.0,0.0,275.0,364.0,0.8,7.0,23.0,0.3,54.0,24.0,0.4,6.0,10.0,17.0,0.6,7.0,20.0,20.0,637362,2023-01-29 11:15:00,2023
Excelsior,9.0,1.0,0.0,1.0,6.0,5.0,20.6,12.0,4.0,0.3,0.0,0.0,137.0,214.0,0.6,2.0,15.0,0.1,63.0,21.0,0.3,4.0,11.0,17.0,0.6,15.0,13.0,13.0,Ajax Amsterdam,5.0,1.0,0.0,1.0,7.0,3.0,79.4,19.0,9.0,0.5,1.0,1.0,789.0,879.0,0.9,5.0,13.0,0.4,45.0,29.0,0.6,3.0,11.0,16.0,0.7,7.0,11.0,11.0,637363,2023-01-29 13:30:00,2023
FC Volendam,10.0,0.0,0.0,3.0,5.0,1.0,42.6,12.0,5.0,0.4,0.0,0.0,275.0,382.0,0.7,6.0,21.0,0.3,61.0,21.0,0.3,3.0,10.0,18.0,0.6,11.0,21.0,21.0,FC Groningen,7.0,1.0,0.0,1.0,3.0,1.0,57.4,13.0,3.0,0.2,0.0,0.0,418.0,532.0,0.8,6.0,10.0,0.6,78.0,35.0,0.4,4.0,12.0,19.0,0.6,8.0,21.0,21.0,637364,2023-01-29 13:30:00,2023
SC Cambuur,13.0,2.0,0.0,0.0,6.0,4.0,46.1,9.0,1.0,0.1,0.0,0.0,243.0,346.0,0.7,4.0,22.0,0.2,79.0,32.0,0.4,4.0,12.0,18.0,0.7,6.0,19.0,19.0,Fortuna Sittard,8.0,4.0,0.0,6.0,4.0,0.0,53.9,17.0,6.0,0.4,1.0,1.0,327.0,406.0,0.8,4.0,27.0,0.1,42.0,23.0,0.5,3.0,9.0,12.0,0.8,8.0,23.0,23.0,637365,2023-01-29 15:45:00,2023
RKC Waalwijk,14.0,2.0,0.0,0.0,1.0,1.0,42.2,6.0,4.0,0.7,0.0,0.0,280.0,372.0,0.8,2.0,6.0,0.3,67.0,31.0,0.5,1.0,13.0,17.0,0.8,12.0,17.0,17.0,Go Ahead Eagles,9.0,2.0,0.0,0.0,4.0,1.0,57.8,11.0,2.0,0.2,0.0,0.0,428.0,512.0,0.8,2.0,18.0,0.1,44.0,22.0,0.5,4.0,9.0,19.0,0.5,4.0,5.0,5.0,637343,2023-02-01 19:00:00,2023
Fortuna Sittard,6.0,0.0,0.0,0.0,3.0,2.0,43.0,14.0,6.0,0.4,0.0,0.0,330.0,426.0,0.8,6.0,28.0,0.2,67.0,30.0,0.4,1.0,10.0,14.0,0.7,15.0,11.0,11.0,Sparta Rotterdam,7.0,0.0,0.0,1.0,3.0,6.0,57.0,8.0,2.0,0.3,0.0,0.0,489.0,581.0,0.8,4.0,19.0,0.2,61.0,25.0,0.4,1.0,9.0,16.0,0.6,12.0,26.0,26.0,637366,2023-02-03 19:00:00,2023
FC Volendam,12.0,1.0,1.0,0.0,2.0,2.0,33.9,9.0,2.0,0.2,0.0,0.0,222.0,325.0,0.7,3.0,7.0,0.4,75.0,27.0,0.4,4.0,6.0,17.0,0.4,9.0,29.0,29.0,AZ Alkmaar,10.0,3.0,0.0,1.0,6.0,1.0,66.1,13.0,3.0,0.2,0.0,0.0,530.0,628.0,0.8,4.0,21.0,0.2,85.0,51.0,0.6,3.0,8.0,12.0,0.7,3.0,11.0,11.0,637367,2023-02-04 17:45:00,2023
FC Emmen,7.0,1.0,0.0,0.0,6.0,5.0,59.3,6.0,3.0,0.5,0.0,0.0,463.0,577.0,0.8,2.0,24.0,0.1,48.0,23.0,0.5,0.0,14.0,23.0,0.6,13.0,14.0,14.0,Vitesse,9.0,4.0,0.0,0.0,4.0,2.0,40.7,13.0,7.0,0.5,0.0,0.0,303.0,399.0,0.8,5.0,14.0,0.4,67.0,31.0,0.5,1.0,6.0,10.0,0.6,16.0,37.0,37.0,637369,2023-02-04 19:00:00,2023
FC Utrecht,10.0,1.0,0.0,2.0,4.0,5.0,46.4,12.0,7.0,0.6,1.0,1.0,320.0,409.0,0.8,5.0,18.0,0.3,64.0,26.0,0.4,3.0,10.0,14.0,0.7,7.0,15.0,15.0,Heerenveen,10.0,2.0,0.0,1.0,3.0,6.0,53.6,9.0,5.0,0.6,0.0,0.0,376.0,474.0,0.8,4.0,15.0,0.3,71.0,29.0,0.4,2.0,11.0,16.0,0.7,11.0,20.0,20.0,637368,2023-02-04 19:00:00,2023
Excelsior,0.0,0.0,0.0,0.0,0.0,0.0,0.0,0.0,0.0,0.0,0.0,0.0,0.0,0.0,0.0,0.0,0.0,0.0,0.0,0.0,0.0,0.0,0.0,0.0,0.0,0.0,0.0,0.0,RKC Waalwijk,0.0,0.0,0.0,0.0,0.0,0.0,0.0,0.0,0.0,0.0,0.0,0.0,0.0,0.0,0.0,0.0,0.0,0.0,0.0,0.0,0.0,0.0,0.0,0.0,0.0,0.0,0.0,0.0,637370,2023-02-04 20:00:00,2023
SC Cambuur,18.0,3.0,0.0,0.0,3.0,4.0,25.4,4.0,1.0,0.3,0.0,0.0,191.0,262.0,0.7,2.0,9.0,0.2,51.0,22.0,0.4,1.0,7.0,15.0,0.5,11.0,26.0,26.0,Ajax Amsterdam,6.0,1.0,0.0,2.0,6.0,1.0,74.6,24.0,9.0,0.4,0.0,0.0,710.0,790.0,0.9,2.0,10.0,0.2,41.0,25.0,0.6,8.0,8.0,15.0,0.5,9.0,3.0,3.0,637371,2023-02-05 11:15:00,2023
Go Ahead Eagles,13.0,0.0,0.0,2.0,2.0,0.0,46.9,11.0,2.0,0.2,0.0,0.0,351.0,445.0,0.8,4.0,12.0,0.3,79.0,37.0,0.5,2.0,19.0,24.0,0.8,13.0,29.0,29.0,NEC Nijmegen,16.0,4.0,0.0,1.0,6.0,1.0,53.1,7.0,0.0,0.0,0.0,0.0,397.0,501.0,0.8,4.0,16.0,0.3,53.0,28.0,0.5,5.0,8.0,14.0,0.6,2.0,14.0,14.0,637372,2023-02-05 13:30:00,2023
Feyenoord Rotterdam,7.0,2.0,0.0,0.0,12.0,2.0,67.4,35.0,7.0,0.2,0.0,0.0,463.0,540.0,0.9,8.0,44.0,0.2,51.0,26.0,0.5,14.0,13.0,24.0,0.5,10.0,6.0,6.0,PSV Eindhoven,14.0,7.0,1.0,1.0,1.0,5.0,32.6,7.0,4.0,0.6,0.0,0.0,184.0,275.0,0.7,0.0,5.0,0.0,52.0,16.0,0.3,1.0,16.0,26.0,0.6,13.0,45.0,45.0,637373,2023-02-05 13:30:00,2023
FC Groningen,8.0,0.0,0.0,5.0,5.0,0.0,42.5,19.0,7.0,0.4,0.0,0.0,214.0,328.0,0.7,3.0,15.0,0.2,78.0,30.0,0.4,8.0,10.0,16.0,0.6,11.0,13.0,13.0,FC Twente,14.0,1.0,0.0,1.0,5.0,6.0,57.5,9.0,1.0,0.1,0.0,0.0,333.0,448.0,0.7,4.0,14.0,0.3,72.0,33.0,0.5,2.0,9.0,22.0,0.4,5.0,29.0,29.0,637374,2023-02-05 15:45:00,2023
AZ Alkmaar,9.0,0.0,0.0,5.0,10.0,1.0,63.3,21.0,11.0,0.5,0.0,0.0,568.0,646.0,0.9,4.0,16.0,0.3,39.0,25.0,0.6,1.0,6.0,10.0,0.6,2.0,5.0,5.0,Excelsior,9.0,1.0,0.0,2.0,0.0,6.0,36.7,3.0,1.0,0.3,0.0,0.0,292.0,375.0,0.8,4.0,10.0,0.4,69.0,32.0,0.5,1.0,15.0,21.0,0.7,5.0,33.0,33.0,637376,2023-02-10 19:00:00,2023
NEC Nijmegen,14.0,2.0,0.0,3.0,14.0,4.0,57.1,16.0,6.0,0.4,0.0,0.0,365.0,443.0,0.8,10.0,35.0,0.3,60.0,37.0,0.6,7.0,5.0,13.0,0.4,5.0,16.0,16.0,SC Cambuur,15.0,4.0,0.0,1.0,4.0,6.0,42.9,13.0,4.0,0.3,0.0,0.0,268.0,343.0,0.8,4.0,18.0,0.2,63.0,28.0,0.4,3.0,8.0,19.0,0.4,9.0,38.0,38.0,637380,2023-02-11 17:45:00,2023
PSV Eindhoven,7.0,0.0,0.0,3.0,18.0,1.0,67.2,34.0,13.0,0.4,0.0,0.0,565.0,633.0,0.9,13.0,41.0,0.3,47.0,30.0,0.6,13.0,11.0,25.0,0.4,5.0,7.0,7.0,FC Groningen,6.0,0.0,0.0,0.0,1.0,7.0,32.8,3.0,1.0,0.3,0.0,0.0,258.0,320.0,0.8,1.0,7.0,0.1,52.0,26.0,0.5,1.0,7.0,13.0,0.5,14.0,28.0,28.0,637381,2023-02-11 19:00:00,2023
FC Emmen,7.0,1.0,0.0,3.0,3.0,3.0,56.7,10.0,2.0,0.2,0.0,0.0,414.0,508.0,0.8,5.0,18.0,0.3,64.0,33.0,0.5,3.0,5.0,14.0,0.4,15.0,16.0,16.0,Fortuna Sittard,7.0,1.0,0.0,2.0,6.0,2.0,43.3,14.0,4.0,0.3,0.0,0.0,299.0,381.0,0.8,6.0,22.0,0.3,76.0,36.0,0.5,4.0,12.0,15.0,0.8,12.0,18.0,18.0,637378,2023-02-11 20:00:00,2023
Sparta Rotterdam,12.0,1.0,0.0,0.0,7.0,3.0,44.6,19.0,6.0,0.3,0.0,0.0,301.0,387.0,0.8,4.0,24.0,0.2,54.0,27.0,0.5,1.0,12.0,14.0,0.9,8.0,17.0,17.0,Go Ahead Eagles,13.0,3.0,0.0,0.0,4.0,4.0,55.4,18.0,4.0,0.2,0.0,0.0,398.0,486.0,0.8,11.0,28.0,0.4,57.0,35.0,0.6,7.0,11.0,16.0,0.7,7.0,21.0,21.0,637382,2023-02-12 11:15:00,2023
Vitesse,10.0,1.0,1.0,0.0,3.0,3.0,40.0,13.0,4.0,0.3,0.0,0.0,265.0,351.0,0.8,5.0,14.0,0.4,63.0,29.0,0.5,1.0,1.0,9.0,0.1,6.0,29.0,29.0,FC Utrecht,11.0,2.0,0.0,1.0,8.0,2.0,60.0,11.0,4.0,0.4,0.0,0.0,437.0,514.0,0.9,6.0,34.0,0.2,42.0,19.0,0.5,5.0,18.0,26.0,0.7,13.0,9.0,9.0,637383,2023-02-12 13:30:00,2023
Heerenveen,9.0,1.0,0.0,3.0,5.0,1.0,50.7,13.0,4.0,0.3,0.0,0.0,437.0,514.0,0.9,9.0,21.0,0.4,57.0,37.0,0.6,2.0,16.0,19.0,0.8,13.0,15.0,15.0,Feyenoord Rotterdam,12.0,1.0,0.0,2.0,7.0,3.0,49.3,13.0,3.0,0.2,0.0,0.0,427.0,499.0,0.9,7.0,18.0,0.4,37.0,15.0,0.4,3.0,11.0,20.0,0.6,12.0,18.0,18.0,637375,2023-02-12 13:30:00,2023
FC Twente,11.0,1.0,0.0,4.0,9.0,2.0,65.1,18.0,10.0,0.6,0.0,0.0,512.0,605.0,0.8,5.0,21.0,0.2,78.0,49.0,0.6,2.0,11.0,14.0,0.8,4.0,14.0,14.0,FC Volendam,7.0,0.0,0.0,2.0,2.0,7.0,34.9,9.0,2.0,0.2,0.0,0.0,227.0,323.0,0.7,1.0,11.0,0.1,52.0,17.0,0.3,2.0,20.0,31.0,0.6,14.0,24.0,24.0,637379,2023-02-12 15:45:00,2023
Ajax Amsterdam,11.0,2.0,0.0,3.0,10.0,1.0,73.4,17.0,5.0,0.3,0.0,0.0,656.0,725.0,0.9,2.0,26.0,0.1,24.0,15.0,0.6,5.0,16.0,21.0,0.8,9.0,5.0,5.0,RKC Waalwijk,11.0,2.0,0.0,2.0,2.0,2.0,26.6,6.0,3.0,0.5,0.0,0.0,190.0,260.0,0.7,1.0,5.0,0.2,42.0,17.0,0.4,1.0,13.0,27.0,0.5,13.0,34.0,34.0,637377,2023-02-12 15:45:00,2023
RKC Waalwijk,12.0,1.0,0.0,0.0,5.0,4.0,51.6,18.0,9.0,0.5,0.0,0.0,411.0,489.0,0.8,5.0,16.0,0.3,28.0,11.0,0.4,3.0,13.0,24.0,0.5,7.0,14.0,14.0,Fortuna Sittard,6.0,3.0,0.0,2.0,4.0,6.0,48.4,10.0,5.0,0.5,0.0,0.0,386.0,464.0,0.8,3.0,16.0,0.2,80.0,51.0,0.6,2.0,13.0,15.0,0.9,18.0,11.0,11.0,637389,2023-02-17 19:00:00,2023
FC Volendam,13.0,1.0,0.0,1.0,5.0,1.0,30.1,9.0,3.0,0.3,0.0,0.0,149.0,247.0,0.6,3.0,9.0,0.3,62.0,21.0,0.3,2.0,15.0,21.0,0.7,13.0,36.0,36.0,Vitesse,5.0,0.0,0.0,1.0,8.0,1.0,69.9,15.0,1.0,0.1,0.0,0.0,470.0,578.0,0.8,4.0,22.0,0.2,76.0,35.0,0.5,5.0,11.0,13.0,0.8,6.0,10.0,10.0,637392,2023-02-18 15:30:00,2023
FC Groningen,13.0,1.0,0.0,2.0,9.0,2.0,64.4,19.0,3.0,0.2,0.0,0.0,382.0,492.0,0.8,7.0,30.0,0.2,58.0,27.0,0.5,10.0,9.0,14.0,0.6,5.0,9.0,9.0,FC Emmen,18.0,2.0,1.0,1.0,2.0,2.0,35.6,7.0,3.0,0.4,0.0,0.0,173.0,278.0,0.6,1.0,10.0,0.1,59.0,14.0,0.2,2.0,10.0,25.0,0.4,10.0,34.0,34.0,637384,2023-02-18 17:45:00,2023
Feyenoord Rotterdam,12.0,3.0,0.0,2.0,2.0,0.0,59.2,18.0,3.0,0.2,0.0,0.0,435.0,524.0,0.8,10.0,26.0,0.4,52.0,23.0,0.4,5.0,10.0,21.0,0.5,8.0,16.0,16.0,AZ Alkmaar,16.0,3.0,0.0,0.0,5.0,1.0,40.8,2.0,0.0,0.0,0.0,0.0,271.0,366.0,0.7,1.0,14.0,0.1,62.0,28.0,0.5,2.0,10.0,16.0,0.6,11.0,15.0,15.0,637391,2023-02-18 20:00:00,2023
SC Cambuur,11.0,3.0,0.0,1.0,2.0,2.0,52.8,11.0,3.0,0.3,0.0,0.0,330.0,446.0,0.7,5.0,18.0,0.3,76.0,33.0,0.4,4.0,16.0,22.0,0.7,13.0,11.0,11.0,Heerenveen,16.0,0.0,0.0,1.0,5.0,2.0,47.2,12.0,4.0,0.3,0.0,0.0,285.0,398.0,0.7,5.0,17.0,0.3,69.0,32.0,0.5,2.0,7.0,14.0,0.5,7.0,22.0,22.0,637388,2023-02-19 11:15:00,2023
Go Ahead Eagles,8.0,0.0,0.0,2.0,1.0,2.0,35.7,11.0,5.0,0.5,0.0,0.0,222.0,320.0,0.7,6.0,11.0,0.5,63.0,25.0,0.4,0.0,7.0,15.0,0.5,21.0,36.0,36.0,FC Twente,13.0,1.0,0.0,0.0,4.0,3.0,64.3,19.0,2.0,0.1,0.0,0.0,456.0,557.0,0.8,6.0,31.0,0.2,51.0,23.0,0.5,8.0,7.0,13.0,0.5,7.0,6.0,6.0,637390,2023-02-19 13:30:00,2023
FC Utrecht,14.0,0.0,0.0,0.0,2.0,5.0,38.9,8.0,4.0,0.5,0.0,0.0,270.0,368.0,0.7,2.0,11.0,0.2,59.0,24.0,0.4,3.0,12.0,22.0,0.5,14.0,28.0,28.0,PSV Eindhoven,7.0,1.0,0.0,1.0,5.0,2.0,61.1,16.0,8.0,0.5,0.0,0.0,474.0,576.0,0.8,4.0,23.0,0.2,58.0,34.0,0.6,2.0,9.0,13.0,0.7,9.0,14.0,14.0,637385,2023-02-19 13:30:00,2023
Ajax Amsterdam,6.0,0.0,0.0,3.0,5.0,2.0,74.9,23.0,12.0,0.5,1.0,1.0,660.0,712.0,0.9,5.0,11.0,0.5,29.0,19.0,0.7,5.0,8.0,10.0,0.8,3.0,7.0,7.0,Sparta Rotterdam,12.0,1.0,0.0,1.0,2.0,8.0,25.1,7.0,2.0,0.3,0.0,0.0,167.0,239.0,0.7,2.0,4.0,0.5,51.0,28.0,0.5,2.0,12.0,17.0,0.7,9.0,13.0,13.0,637386,2023-02-19 15:45:00,2023
Excelsior,9.0,2.0,1.0,0.0,8.0,3.0,34.6,10.0,4.0,0.4,0.0,0.0,220.0,302.0,0.7,6.0,26.0,0.2,68.0,34.0,0.5,2.0,15.0,19.0,0.8,10.0,14.0,14.0,NEC Nijmegen,6.0,2.0,0.0,1.0,2.0,4.0,65.4,17.0,6.0,0.4,0.0,0.0,530.0,611.0,0.9,4.0,15.0,0.3,57.0,33.0,0.6,4.0,8.0,13.0,0.6,4.0,27.0,27.0,637387,2023-02-19 19:00:00,2023
Sparta Rotterdam,11.0,3.0,1.0,1.0,0.0,2.0,43.0,14.0,1.0,0.1,0.0,0.0,292.0,374.0,0.8,7.0,22.0,0.3,56.0,30.0,0.5,6.0,7.0,16.0,0.4,4.0,17.0,17.0,FC Utrecht,10.0,3.0,0.0,1.0,6.0,1.0,57.0,14.0,5.0,0.4,0.0,0.0,431.0,503.0,0.9,1.0,18.0,0.1,51.0,24.0,0.5,4.0,8.0,13.0,0.6,5.0,22.0,22.0,637394,2023-02-24 19:00:00,2023
FC Groningen,13.0,0.0,0.0,2.0,3.0,0.0,58.7,17.0,8.0,0.5,0.0,0.0,374.0,465.0,0.8,6.0,17.0,0.4,42.0,17.0,0.4,3.0,11.0,12.0,0.9,6.0,12.0,12.0,Excelsior,11.0,0.0,0.0,0.0,1.0,5.0,41.3,4.0,0.0,0.0,0.0,0.0,234.0,327.0,0.7,2.0,13.0,0.2,71.0,36.0,0.5,0.0,13.0,22.0,0.6,11.0,23.0,23.0,637398,2023-02-25 15:30:00,2023
Heerenveen,8.0,2.0,0.0,1.0,5.0,0.0,61.2,26.0,8.0,0.3,0.0,0.0,480.0,569.0,0.8,5.0,24.0,0.2,50.0,29.0,0.6,9.0,11.0,16.0,0.7,5.0,3.0,3.0,RKC Waalwijk,14.0,2.0,0.0,0.0,0.0,7.0,38.8,8.0,4.0,0.5,0.0,0.0,282.0,366.0,0.8,0.0,3.0,0.0,59.0,24.0,0.4,1.0,5.0,10.0,0.5,9.0,27.0,27.0,637396,2023-02-25 17:45:00,2023
AZ Alkmaar,10.0,3.0,0.0,2.0,5.0,2.0,46.4,14.0,7.0,0.5,0.0,0.0,318.0,416.0,0.8,4.0,18.0,0.2,69.0,31.0,0.4,3.0,11.0,15.0,0.7,9.0,8.0,8.0,SC Cambuur,12.0,0.0,1.0,4.0,1.0,4.0,53.6,9.0,3.0,0.3,1.0,1.0,398.0,490.0,0.8,1.0,16.0,0.1,79.0,42.0,0.5,1.0,8.0,14.0,0.6,17.0,22.0,22.0,637393,2023-02-25 19:00:00,2023
NEC Nijmegen,7.0,0.0,0.0,1.0,6.0,6.0,65.8,21.0,7.0,0.3,0.0,0.0,498.0,602.0,0.8,7.0,19.0,0.4,66.0,36.0,0.5,5.0,14.0,22.0,0.6,5.0,13.0,13.0,FC Volendam,15.0,3.0,0.0,3.0,1.0,3.0,34.2,11.0,6.0,0.5,0.0,0.0,213.0,316.0,0.7,2.0,8.0,0.3,69.0,22.0,0.3,3.0,17.0,20.0,0.9,9.0,27.0,27.0,637400,2023-02-25 20:00:00,2023
Fortuna Sittard,7.0,0.0,0.0,3.0,7.0,3.0,36.6,12.0,5.0,0.4,0.0,0.0,260.0,351.0,0.7,4.0,19.0,0.2,79.0,42.0,0.5,1.0,11.0,24.0,0.5,12.0,15.0,15.0,Feyenoord Rotterdam,9.0,0.0,0.0,1.0,5.0,3.0,63.4,18.0,7.0,0.4,0.0,0.0,538.0,630.0,0.9,8.0,17.0,0.5,48.0,18.0,0.4,5.0,9.0,19.0,0.5,11.0,18.0,18.0,637401,2023-02-26 11:15:00,2023
Vitesse,13.0,0.0,0.0,1.0,6.0,1.0,31.6,10.0,5.0,0.5,0.0,0.0,163.0,253.0,0.6,4.0,16.0,0.3,62.0,19.0,0.3,2.0,15.0,24.0,0.6,12.0,20.0,20.0,Ajax Amsterdam,12.0,2.0,0.0,4.0,4.0,4.0,68.4,10.0,3.0,0.3,0.0,0.0,474.0,573.0,0.8,2.0,11.0,0.2,62.0,31.0,0.5,2.0,17.0,19.0,0.9,3.0,15.0,15.0,637397,2023-02-26 13:30:00,2023
FC Emmen,12.0,3.0,0.0,2.0,3.0,2.0,59.5,8.0,3.0,0.4,1.0,1.0,427.0,529.0,0.8,2.0,25.0,0.1,64.0,32.0,0.5,0.0,13.0,17.0,0.8,17.0,18.0,18.0,Go Ahead Eagles,15.0,3.0,0.0,1.0,4.0,1.0,40.5,8.0,4.0,0.5,0.0,0.0,251.0,363.0,0.7,5.0,14.0,0.4,67.0,27.0,0.4,1.0,8.0,15.0,0.5,14.0,21.0,21.0,637399,2023-02-26 13:30:00,2023
PSV Eindhoven,11.0,1.0,0.0,2.0,6.0,7.0,43.3,14.0,9.0,0.6,0.0,0.0,295.0,384.0,0.8,7.0,17.0,0.4,51.0,26.0,0.5,0.0,5.0,19.0,0.3,4.0,17.0,17.0,FC Twente,8.0,1.0,0.0,3.0,5.0,6.0,56.7,14.0,8.0,0.6,0.0,0.0,425.0,508.0,0.8,3.0,17.0,0.2,53.0,18.0,0.3,4.0,9.0,14.0,0.6,8.0,17.0,17.0,637395,2023-02-26 15:45:00,2023
FC Utrecht,3.0,2.0,0.0,1.0,3.0,3.0,53.9,13.0,5.0,0.4,0.0,0.0,371.0,480.0,0.8,7.0,28.0,0.3,59.0,31.0,0.5,2.0,11.0,17.0,0.6,5.0,7.0,7.0,Fortuna Sittard,10.0,1.0,0.0,3.0,1.0,4.0,46.1,9.0,5.0,0.6,0.0,0.0,326.0,429.0,0.8,1.0,6.0,0.2,72.0,27.0,0.4,1.0,16.0,27.0,0.6,18.0,30.0,30.0,637406,2023-03-03 19:00:00,2023
Vitesse,7.0,0.0,0.0,3.0,4.0,5.0,57.6,12.0,1.0,0.1,0.0,0.0,398.0,484.0,0.8,3.0,25.0,0.1,64.0,30.0,0.5,5.0,7.0,12.0,0.6,4.0,11.0,11.0,AZ Alkmaar,13.0,1.0,0.0,3.0,6.0,1.0,42.4,16.0,6.0,0.4,0.0,0.0,276.0,359.0,0.8,2.0,16.0,0.1,53.0,26.0,0.5,3.0,8.0,17.0,0.5,15.0,27.0,27.0,637405,2023-03-03 19:00:00,2023
FC Volendam,7.0,0.0,0.0,3.0,9.0,8.0,46.2,22.0,10.0,0.5,0.0,0.0,327.0,439.0,0.7,9.0,28.0,0.3,75.0,35.0,0.5,7.0,7.0,9.0,0.8,8.0,15.0,15.0,FC Emmen,4.0,1.0,0.0,1.0,3.0,6.0,53.8,21.0,7.0,0.3,0.0,0.0,426.0,536.0,0.8,5.0,11.0,0.5,71.0,29.0,0.4,6.0,6.0,13.0,0.5,11.0,25.0,25.0,637410,2023-03-04 17:45:00,2023
Feyenoord Rotterdam,10.0,1.0,0.0,3.0,14.0,0.0,70.9,23.0,6.0,0.3,0.0,0.0,465.0,552.0,0.8,11.0,35.0,0.3,43.0,30.0,0.7,9.0,9.0,13.0,0.7,4.0,15.0,15.0,FC Groningen,10.0,2.0,1.0,2.0,3.0,5.0,29.1,6.0,0.0,0.0,0.0,0.0,127.0,228.0,0.6,1.0,11.0,0.1,71.0,18.0,0.3,3.0,13.0,19.0,0.7,5.0,31.0,31.0,637407,2023-03-04 19:00:00,2023
FC Twente,0.0,0.0,0.0,0.0,0.0,0.0,0.0,0.0,0.0,0.0,0.0,0.0,0.0,0.0,0.0,0.0,0.0,0.0,0.0,0.0,0.0,0.0,0.0,0.0,0.0,0.0,0.0,0.0,Heerenveen,0.0,0.0,0.0,0.0,0.0,0.0,0.0,0.0,0.0,0.0,0.0,0.0,0.0,0.0,0.0,0.0,0.0,0.0,0.0,0.0,0.0,0.0,0.0,0.0,0.0,0.0,0.0,0.0,637404,2023-03-04 20:00:00,2023
Excelsior,7.0,0.0,0.0,0.0,5.0,4.0,51.2,17.0,5.0,0.3,0.0,0.0,411.0,489.0,0.8,7.0,22.0,0.3,59.0,39.0,0.7,4.0,6.0,14.0,0.4,3.0,18.0,18.0,Sparta Rotterdam,4.0,0.0,0.0,0.0,4.0,4.0,48.8,14.0,7.0,0.5,0.0,0.0,396.0,471.0,0.8,3.0,19.0,0.2,59.0,34.0,0.6,4.0,6.0,17.0,0.4,12.0,15.0,15.0,637403,2023-03-05 11:15:00,2023
RKC Waalwijk,9.0,2.0,0.0,2.0,2.0,6.0,48.8,10.0,3.0,0.3,0.0,0.0,409.0,503.0,0.8,4.0,15.0,0.3,63.0,25.0,0.4,1.0,13.0,20.0,0.7,10.0,15.0,15.0,PSV Eindhoven,8.0,4.0,0.0,0.0,4.0,3.0,51.2,23.0,7.0,0.3,0.0,0.0,448.0,539.0,0.8,2.0,14.0,0.1,69.0,37.0,0.5,5.0,6.0,21.0,0.3,12.0,5.0,5.0,637408,2023-03-05 13:30:00,2023
Ajax Amsterdam,17.0,1.0,0.0,1.0,10.0,2.0,66.6,19.0,7.0,0.4,0.0,0.0,540.0,621.0,0.9,10.0,24.0,0.4,38.0,20.0,0.5,6.0,14.0,23.0,0.6,8.0,7.0,7.0,NEC Nijmegen,17.0,3.0,0.0,1.0,2.0,4.0,33.4,5.0,2.0,0.4,0.0,0.0,234.0,317.0,0.7,0.0,4.0,0.0,56.0,23.0,0.4,2.0,12.0,20.0,0.6,6.0,30.0,30.0,637402,2023-03-05 15:45:00,2023
SC Cambuur,10.0,1.0,0.0,1.0,4.0,2.0,44.7,15.0,7.0,0.5,0.0,0.0,292.0,379.0,0.8,3.0,14.0,0.2,73.0,39.0,0.5,1.0,7.0,9.0,0.8,4.0,25.0,25.0,Go Ahead Eagles,13.0,1.0,0.0,0.0,6.0,3.0,55.3,18.0,3.0,0.2,0.0,0.0,361.0,456.0,0.8,5.0,26.0,0.2,49.0,23.0,0.5,4.0,6.0,8.0,0.8,4.0,14.0,14.0,637409,2023-03-05 19:00:00,2023
FC Emmen,10.0,1.0,0.0,2.0,2.0,4.0,53.0,9.0,4.0,0.4,0.0,0.0,393.0,495.0,0.8,2.0,16.0,0.1,73.0,40.0,0.5,0.0,14.0,17.0,0.8,7.0,18.0,18.0,Excelsior,14.0,3.0,0.0,1.0,6.0,2.0,47.0,11.0,4.0,0.4,0.0,0.0,341.0,433.0,0.8,4.0,23.0,0.2,55.0,27.0,0.5,4.0,10.0,17.0,0.6,6.0,19.0,19.0,637412,2023-03-11 15:30:00,2023
Fortuna Sittard,15.0,3.0,0.0,2.0,0.0,2.0,32.6,11.0,3.0,0.3,0.0,0.0,189.0,279.0,0.7,4.0,16.0,0.3,64.0,22.0,0.3,5.0,14.0,17.0,0.8,9.0,23.0,23.0,FC Twente,8.0,2.0,0.0,0.0,4.0,3.0,67.4,17.0,5.0,0.3,0.0,0.0,497.0,583.0,0.9,9.0,27.0,0.3,54.0,30.0,0.6,4.0,10.0,18.0,0.6,10.0,11.0,11.0,637414,2023-03-11 17:45:00,2023
AZ Alkmaar,7.0,0.0,0.0,1.0,5.0,2.0,52.1,10.0,3.0,0.3,0.0,0.0,479.0,576.0,0.8,2.0,15.0,0.1,54.0,25.0,0.5,5.0,15.0,26.0,0.6,9.0,21.0,21.0,FC Groningen,8.0,1.0,0.0,0.0,2.0,2.0,47.9,11.0,2.0,0.2,0.0,0.0,431.0,529.0,0.8,2.0,13.0,0.2,73.0,33.0,0.5,4.0,12.0,21.0,0.6,11.0,15.0,15.0,637411,2023-03-11 19:00:00,2023
Sparta Rotterdam,12.0,0.0,0.0,1.0,7.0,1.0,60.9,19.0,10.0,0.5,0.0,0.0,439.0,537.0,0.8,9.0,32.0,0.3,61.0,32.0,0.5,4.0,12.0,19.0,0.6,11.0,9.0,9.0,Vitesse,13.0,1.0,1.0,1.0,3.0,7.0,39.1,9.0,2.0,0.2,0.0,0.0,255.0,350.0,0.7,1.0,9.0,0.1,51.0,24.0,0.5,2.0,5.0,10.0,0.5,9.0,22.0,22.0,637418,2023-03-11 20:00:00,2023
NEC Nijmegen,11.0,1.0,0.0,1.0,3.0,4.0,55.4,11.0,6.0,0.5,0.0,0.0,385.0,473.0,0.8,1.0,18.0,0.1,61.0,29.0,0.5,2.0,6.0,8.0,0.8,8.0,18.0,18.0,FC Utrecht,19.0,3.0,0.0,1.0,7.0,4.0,44.6,12.0,6.0,0.5,0.0,0.0,283.0,380.0,0.7,3.0,14.0,0.2,59.0,22.0,0.4,4.0,13.0,20.0,0.7,8.0,24.0,24.0,637416,2023-03-12 11:15:00,2023
Heerenveen,13.0,2.0,0.0,0.0,5.0,2.0,42.9,6.0,4.0,0.7,0.0,0.0,287.0,385.0,0.7,5.0,19.0,0.3,59.0,23.0,0.4,1.0,11.0,23.0,0.5,11.0,13.0,13.0,Ajax Amsterdam,11.0,2.0,0.0,1.0,8.0,2.0,57.1,13.0,6.0,0.5,0.0,0.0,426.0,523.0,0.8,4.0,11.0,0.4,52.0,22.0,0.4,2.0,8.0,11.0,0.7,8.0,12.0,12.0,637419,2023-03-12 13:30:00,2023
PSV Eindhoven,13.0,1.0,0.0,2.0,6.0,3.0,52.7,25.0,16.0,0.6,1.0,1.0,384.0,458.0,0.8,8.0,24.0,0.3,49.0,24.0,0.5,6.0,6.0,11.0,0.5,6.0,16.0,16.0,SC Cambuur,8.0,1.0,0.0,0.0,5.0,11.0,47.3,12.0,4.0,0.3,0.0,0.0,315.0,408.0,0.8,2.0,13.0,0.2,59.0,25.0,0.4,4.0,11.0,19.0,0.6,9.0,14.0,14.0,637417,2023-03-12 15:45:00,2023
Feyenoord Rotterdam,6.0,1.0,0.0,1.0,9.0,1.0,76.7,25.0,8.0,0.3,0.0,0.0,576.0,662.0,0.9,12.0,38.0,0.3,54.0,32.0,0.6,7.0,2.0,4.0,0.5,11.0,9.0,9.0,FC Volendam,6.0,1.0,1.0,1.0,2.0,7.0,23.3,9.0,2.0,0.2,0.0,0.0,96.0,201.0,0.5,2.0,11.0,0.2,75.0,18.0,0.2,1.0,14.0,21.0,0.7,8.0,38.0,38.0,637413,2023-03-12 19:00:00,2023
FC Volendam,8.0,3.0,0.0,2.0,1.0,3.0,42.5,9.0,2.0,0.2,0.0,0.0,234.0,363.0,0.6,4.0,12.0,0.3,78.0,18.0,0.2,4.0,15.0,25.0,0.6,11.0,34.0,34.0,Fortuna Sittard,11.0,1.0,0.0,3.0,14.0,0.0,57.5,13.0,4.0,0.3,0.0,0.0,337.0,467.0,0.7,10.0,37.0,0.3,83.0,49.0,0.6,3.0,12.0,17.0,0.7,12.0,6.0,6.0,637426,2023-03-17 19:00:00,2023
FC Utrecht,13.0,2.0,0.0,2.0,6.0,4.0,54.9,11.0,6.0,0.5,0.0,0.0,300.0,413.0,0.7,5.0,20.0,0.3,73.0,33.0,0.5,1.0,13.0,20.0,0.7,7.0,16.0,16.0,Go Ahead Eagles,11.0,2.0,0.0,1.0,3.0,5.0,45.1,18.0,6.0,0.3,0.0,0.0,241.0,340.0,0.7,5.0,15.0,0.3,68.0,30.0,0.4,4.0,13.0,18.0,0.7,16.0,24.0,24.0,637425,2023-03-18 15:30:00,2023
FC Emmen,8.0,0.0,0.0,0.0,1.0,6.0,48.2,12.0,6.0,0.5,0.0,0.0,347.0,428.0,0.8,3.0,26.0,0.1,54.0,19.0,0.4,1.0,5.0,6.0,0.8,11.0,30.0,30.0,Sparta Rotterdam,11.0,2.0,0.0,2.0,8.0,6.0,51.8,15.0,8.0,0.5,0.0,0.0,361.0,472.0,0.8,6.0,23.0,0.3,69.0,26.0,0.4,4.0,9.0,13.0,0.7,8.0,25.0,25.0,637422,2023-03-18 17:45:00,2023
RKC Waalwijk,14.0,2.0,0.0,2.0,2.0,4.0,59.2,15.0,4.0,0.3,0.0,0.0,439.0,520.0,0.8,7.0,15.0,0.5,44.0,21.0,0.5,4.0,15.0,21.0,0.7,0.0,20.0,20.0,NEC Nijmegen,9.0,1.0,0.0,1.0,4.0,3.0,40.8,12.0,7.0,0.6,0.0,1.0,285.0,354.0,0.8,4.0,13.0,0.3,59.0,22.0,0.4,0.0,5.0,13.0,0.4,6.0,16.0,16.0,637427,2023-03-18 20:00:00,2023
FC Groningen,11.0,0.0,0.0,3.0,5.0,3.0,49.7,11.0,1.0,0.1,0.0,0.0,268.0,386.0,0.7,2.0,21.0,0.1,94.0,41.0,0.4,4.0,17.0,26.0,0.7,8.0,17.0,17.0,Heerenveen,13.0,1.0,0.0,1.0,2.0,1.0,50.3,13.0,5.0,0.4,0.0,0.0,279.0,398.0,0.7,3.0,15.0,0.2,70.0,28.0,0.4,4.0,9.0,15.0,0.6,8.0,39.0,39.0,637423,2023-03-19 11:15:00,2023
Ajax Amsterdam,15.0,2.0,0.0,3.0,8.0,2.0,51.0,12.0,5.0,0.4,0.0,0.0,366.0,450.0,0.8,4.0,16.0,0.3,48.0,28.0,0.6,3.0,14.0,19.0,0.7,14.0,10.0,10.0,Feyenoord Rotterdam,14.0,5.0,0.0,0.0,4.0,3.0,49.0,17.0,5.0,0.3,0.0,0.0,341.0,427.0,0.8,7.0,19.0,0.4,42.0,20.0,0.5,5.0,12.0,20.0,0.6,6.0,17.0,17.0,637420,2023-03-19 13:30:00,2023
Excelsior,14.0,1.0,0.0,3.0,4.0,8.0,36.4,6.0,3.0,0.5,0.0,1.0,161.0,280.0,0.6,3.0,10.0,0.3,86.0,34.0,0.4,1.0,12.0,16.0,0.8,10.0,37.0,37.0,SC Cambuur,12.0,0.0,0.0,3.0,8.0,0.0,63.6,20.0,9.0,0.5,0.0,0.0,359.0,463.0,0.8,10.0,36.0,0.3,83.0,43.0,0.5,5.0,11.0,13.0,0.8,16.0,14.0,14.0,637421,2023-03-19 13:30:00,2023
Vitesse,11.0,1.0,0.0,2.0,5.0,2.0,44.0,10.0,2.0,0.2,0.0,0.0,305.0,417.0,0.7,1.0,11.0,0.1,62.0,24.0,0.4,3.0,5.0,16.0,0.3,15.0,20.0,20.0,PSV Eindhoven,11.0,0.0,0.0,4.0,5.0,2.0,56.0,13.0,3.0,0.2,0.0,0.0,425.0,529.0,0.8,7.0,21.0,0.3,59.0,29.0,0.5,2.0,10.0,17.0,0.6,7.0,18.0,18.0,637428,2023-03-19 15:45:00,2023
FC Twente,10.0,2.0,0.0,2.0,6.0,2.0,50.6,18.0,4.0,0.2,0.0,0.0,375.0,473.0,0.8,5.0,21.0,0.2,80.0,43.0,0.5,6.0,13.0,20.0,0.7,12.0,17.0,17.0,AZ Alkmaar,10.0,1.0,0.0,2.0,2.0,2.0,49.4,12.0,3.0,0.3,0.0,0.0,371.0,470.0,0.8,2.0,12.0,0.2,65.0,27.0,0.4,2.0,7.0,10.0,0.7,7.0,23.0,23.0,637424,2023-03-19 19:00:00,2023
AZ Alkmaar,9.0,5.0,0.0,1.0,9.0,0.0,66.0,21.0,7.0,0.3,0.0,1.0,525.0,613.0,0.9,8.0,35.0,0.2,49.0,22.0,0.4,3.0,7.0,17.0,0.4,8.0,6.0,6.0,Heerenveen,11.0,2.0,0.0,1.0,2.0,8.0,34.0,9.0,2.0,0.2,0.0,0.0,230.0,320.0,0.7,6.0,9.0,0.7,49.0,22.0,0.4,1.0,9.0,12.0,0.8,14.0,24.0,24.0,637429,2023-04-01 14:30:00,2023
Excelsior,12.0,3.0,0.0,0.0,7.0,8.0,33.3,6.0,1.0,0.2,0.0,0.0,181.0,281.0,0.6,5.0,20.0,0.3,62.0,27.0,0.4,2.0,9.0,18.0,0.5,10.0,26.0,26.0,FC Twente,8.0,1.0,0.0,1.0,10.0,1.0,66.7,26.0,8.0,0.3,0.0,0.0,487.0,576.0,0.8,11.0,27.0,0.4,74.0,48.0,0.6,7.0,11.0,16.0,0.7,5.0,23.0,23.0,637430,2023-04-01 16:45:00,2023
NEC Nijmegen,7.0,2.0,0.0,1.0,3.0,6.0,47.5,12.0,6.0,0.5,0.0,0.0,365.0,441.0,0.8,4.0,8.0,0.5,49.0,23.0,0.5,2.0,6.0,8.0,0.8,10.0,16.0,16.0,PSV Eindhoven,14.0,2.0,0.0,2.0,7.0,4.0,52.5,25.0,11.0,0.4,0.0,0.0,415.0,478.0,0.9,7.0,19.0,0.4,53.0,28.0,0.5,7.0,8.0,12.0,0.7,12.0,12.0,12.0,637434,2023-04-01 18:00:00,2023
SC Cambuur,17.0,3.0,0.0,2.0,3.0,3.0,46.8,10.0,2.0,0.2,0.0,0.0,235.0,335.0,0.7,8.0,21.0,0.4,69.0,34.0,0.5,2.0,13.0,25.0,0.5,7.0,25.0,25.0,FC Emmen,12.0,2.0,0.0,4.0,5.0,1.0,53.2,13.0,5.0,0.4,0.0,0.0,284.0,380.0,0.7,10.0,26.0,0.4,72.0,24.0,0.3,2.0,3.0,7.0,0.4,9.0,23.0,23.0,637436,2023-04-01 18:00:00,2023
RKC Waalwijk,9.0,1.0,0.0,6.0,1.0,6.0,42.9,10.0,4.0,0.4,0.0,0.0,298.0,389.0,0.8,2.0,11.0,0.2,51.0,17.0,0.3,1.0,10.0,21.0,0.5,11.0,13.0,13.0,Vitesse,13.0,2.0,0.0,1.0,2.0,3.0,57.1,16.0,7.0,0.4,0.0,0.0,434.0,520.0,0.8,6.0,15.0,0.4,52.0,27.0,0.5,2.0,8.0,9.0,0.9,12.0,14.0,14.0,637435,2023-04-01 19:00:00,2023
Go Ahead Eagles,8.0,2.0,0.0,1.0,2.0,4.0,30.8,5.0,2.0,0.4,0.0,0.0,212.0,287.0,0.7,2.0,11.0,0.2,60.0,29.0,0.5,1.0,12.0,25.0,0.5,6.0,35.0,35.0,Ajax Amsterdam,12.0,1.0,0.0,2.0,6.0,2.0,69.2,9.0,4.0,0.4,0.0,0.0,560.0,639.0,0.9,4.0,26.0,0.2,40.0,19.0,0.5,4.0,7.0,15.0,0.5,6.0,17.0,17.0,637433,2023-04-02 10:15:00,2023
FC Utrecht,11.0,2.0,0.0,2.0,11.0,2.0,67.7,18.0,5.0,0.3,0.0,0.0,407.0,536.0,0.8,7.0,32.0,0.2,64.0,25.0,0.4,6.0,13.0,19.0,0.7,5.0,9.0,9.0,FC Volendam,14.0,1.0,0.0,6.0,7.0,5.0,32.3,8.0,2.0,0.3,0.0,0.0,148.0,257.0,0.6,2.0,14.0,0.1,67.0,18.0,0.3,1.0,7.0,14.0,0.5,10.0,34.0,34.0,637431,2023-04-02 12:30:00,2023
Sparta Rotterdam,9.0,1.0,0.0,2.0,4.0,3.0,44.4,7.0,5.0,0.7,0.0,1.0,282.0,383.0,0.7,0.0,14.0,0.0,74.0,37.0,0.5,1.0,14.0,21.0,0.7,13.0,22.0,22.0,Feyenoord Rotterdam,7.0,1.0,0.0,2.0,8.0,4.0,55.6,22.0,5.0,0.2,0.0,0.0,380.0,472.0,0.8,4.0,24.0,0.2,35.0,15.0,0.4,9.0,7.0,12.0,0.6,6.0,12.0,12.0,637437,2023-04-02 12:30:00,2023
Fortuna Sittard,11.0,1.0,0.0,3.0,3.0,3.0,35.0,8.0,5.0,0.6,0.0,0.0,232.0,315.0,0.7,5.0,19.0,0.3,71.0,33.0,0.5,1.0,9.0,11.0,0.8,15.0,31.0,31.0,FC Groningen,7.0,0.0,0.0,2.0,9.0,2.0,65.0,19.0,4.0,0.2,0.0,0.0,500.0,590.0,0.8,6.0,33.0,0.2,45.0,24.0,0.5,8.0,8.0,15.0,0.5,8.0,18.0,18.0,637432,2023-04-02 14:45:00,2023
FC Groningen,12.0,4.0,0.0,0.0,2.0,2.0,53.8,6.0,1.0,0.2,0.0,0.0,390.0,519.0,0.8,1.0,13.0,0.1,76.0,27.0,0.4,3.0,4.0,8.0,0.5,8.0,21.0,21.0,FC Utrecht,9.0,1.0,0.0,1.0,7.0,0.0,46.2,16.0,4.0,0.3,0.0,0.0,304.0,441.0,0.7,7.0,17.0,0.4,72.0,24.0,0.3,5.0,15.0,19.0,0.8,8.0,16.0,16.0,637445,2023-04-07 18:00:00,2023
Vitesse,10.0,0.0,0.0,6.0,6.0,1.0,43.8,19.0,9.0,0.5,0.0,0.0,300.0,397.0,0.8,4.0,13.0,0.3,70.0,36.0,0.5,5.0,8.0,19.0,0.4,7.0,25.0,25.0,Go Ahead Eagles,8.0,2.0,0.0,1.0,2.0,7.0,56.2,9.0,1.0,0.1,0.0,0.0,392.0,498.0,0.8,4.0,24.0,0.2,62.0,25.0,0.4,4.0,9.0,19.0,0.5,10.0,15.0,15.0,637446,2023-04-08 16:45:00,2023
AZ Alkmaar,16.0,2.0,0.0,0.0,4.0,2.0,60.6,16.0,3.0,0.2,0.0,0.0,487.0,562.0,0.9,3.0,22.0,0.1,47.0,31.0,0.7,3.0,8.0,15.0,0.5,8.0,14.0,14.0,Sparta Rotterdam,5.0,2.0,0.0,1.0,4.0,3.0,39.4,11.0,3.0,0.3,0.0,0.0,281.0,369.0,0.8,3.0,11.0,0.3,71.0,31.0,0.4,3.0,9.0,14.0,0.6,10.0,37.0,37.0,637438,2023-04-08 18:00:00,2023
PSV Eindhoven,6.0,0.0,0.0,0.0,7.0,2.0,65.7,21.0,9.0,0.4,0.0,0.0,568.0,661.0,0.9,5.0,20.0,0.3,71.0,43.0,0.6,7.0,11.0,18.0,0.6,7.0,4.0,4.0,Excelsior,9.0,4.0,0.0,0.0,1.0,5.0,34.3,5.0,2.0,0.4,0.0,0.0,265.0,345.0,0.8,1.0,6.0,0.2,46.0,17.0,0.4,1.0,9.0,11.0,0.8,15.0,19.0,19.0,637441,2023-04-08 18:00:00,2023
Heerenveen,8.0,1.0,0.0,4.0,4.0,4.0,58.7,15.0,9.0,0.6,0.0,0.0,439.0,540.0,0.8,8.0,21.0,0.4,72.0,36.0,0.5,2.0,10.0,22.0,0.5,13.0,10.0,10.0,FC Volendam,13.0,0.0,0.0,3.0,2.0,7.0,41.3,9.0,5.0,0.6,0.0,0.0,265.0,378.0,0.7,2.0,12.0,0.2,62.0,21.0,0.3,1.0,17.0,22.0,0.8,8.0,17.0,17.0,637443,2023-04-08 19:00:00,2023
FC Twente,15.0,1.0,0.0,4.0,7.0,3.0,57.3,30.0,10.0,0.3,0.0,0.0,403.0,490.0,0.8,6.0,27.0,0.2,55.0,36.0,0.7,9.0,5.0,10.0,0.5,8.0,13.0,13.0,SC Cambuur,10.0,2.0,0.0,2.0,2.0,6.0,42.7,8.0,3.0,0.4,0.0,0.0,281.0,376.0,0.7,2.0,10.0,0.2,70.0,38.0,0.5,2.0,12.0,20.0,0.6,13.0,32.0,32.0,637439,2023-04-09 10:15:00,2023
FC Emmen,18.0,1.0,0.0,2.0,2.0,3.0,33.0,14.0,4.0,0.3,0.0,0.0,187.0,254.0,0.7,4.0,15.0,0.3,56.0,28.0,0.5,4.0,15.0,22.0,0.7,7.0,42.0,42.0,NEC Nijmegen,15.0,1.0,0.0,2.0,5.0,4.0,67.0,22.0,3.0,0.1,0.0,0.0,439.0,519.0,0.8,7.0,25.0,0.3,55.0,21.0,0.4,8.0,11.0,18.0,0.6,4.0,16.0,16.0,637444,2023-04-09 12:30:00,2023
Ajax Amsterdam,10.0,0.0,0.0,3.0,17.0,1.0,70.2,31.0,8.0,0.3,0.0,0.0,622.0,705.0,0.9,7.0,29.0,0.2,36.0,27.0,0.8,13.0,10.0,14.0,0.7,10.0,17.0,17.0,Fortuna Sittard,4.0,1.0,0.0,2.0,4.0,3.0,29.8,9.0,1.0,0.1,0.0,0.0,220.0,300.0,0.7,3.0,12.0,0.3,58.0,23.0,0.4,1.0,14.0,20.0,0.7,16.0,34.0,34.0,637442,2023-04-09 14:45:00,2023
Feyenoord Rotterdam,7.0,1.0,0.0,1.0,7.0,0.0,57.4,22.0,10.0,0.5,0.0,0.0,522.0,580.0,0.9,6.0,25.0,0.2,35.0,21.0,0.6,6.0,12.0,16.0,0.8,8.0,10.0,10.0,RKC Waalwijk,9.0,1.0,0.0,1.0,4.0,6.0,42.6,6.0,2.0,0.3,0.0,0.0,366.0,433.0,0.8,2.0,14.0,0.1,46.0,23.0,0.5,1.0,9.0,11.0,0.8,8.0,16.0,16.0,637440,2023-04-09 18:00:00,2023
Excelsior,7.0,0.0,0.0,2.0,5.0,6.0,40.0,14.0,3.0,0.2,0.0,0.0,259.0,362.0,0.7,3.0,20.0,0.2,65.0,25.0,0.4,6.0,13.0,18.0,0.7,20.0,27.0,27.0,Go Ahead Eagles,10.0,3.0,0.0,1.0,12.0,1.0,60.0,17.0,7.0,0.4,0.0,0.0,435.0,548.0,0.8,8.0,23.0,0.3,67.0,34.0,0.5,6.0,7.0,12.0,0.6,12.0,12.0,12.0,637454,2023-04-14 18:00:00,2023
RKC Waalwijk,4.0,0.0,0.0,2.0,3.0,3.0,60.7,12.0,3.0,0.3,1.0,1.0,475.0,581.0,0.8,5.0,8.0,0.6,55.0,29.0,0.5,3.0,2.0,12.0,0.2,11.0,12.0,12.0,FC Groningen,12.0,1.0,0.0,0.0,2.0,1.0,39.3,15.0,4.0,0.3,0.0,0.0,272.0,366.0,0.7,4.0,15.0,0.3,69.0,30.0,0.4,3.0,13.0,21.0,0.6,11.0,16.0,16.0,637449,2023-04-15 16:45:00,2023
Sparta Rotterdam,7.0,1.0,0.0,0.0,7.0,4.0,49.2,11.0,4.0,0.4,0.0,0.0,362.0,437.0,0.8,4.0,17.0,0.2,57.0,30.0,0.5,3.0,8.0,12.0,0.7,10.0,19.0,19.0,Heerenveen,10.0,2.0,0.0,0.0,4.0,0.0,50.8,12.0,5.0,0.4,0.0,0.0,381.0,450.0,0.8,5.0,18.0,0.3,52.0,31.0,0.6,2.0,3.0,6.0,0.5,10.0,11.0,11.0,637451,2023-04-15 19:00:00,2023
NEC Nijmegen,11.0,3.0,0.0,2.0,7.0,1.0,58.3,13.0,3.0,0.2,0.0,0.0,311.0,405.0,0.8,3.0,20.0,0.2,51.0,18.0,0.4,5.0,8.0,11.0,0.7,9.0,8.0,8.0,Vitesse,20.0,3.0,0.0,4.0,6.0,2.0,41.7,14.0,4.0,0.3,0.0,0.0,203.0,294.0,0.7,6.0,10.0,0.6,55.0,21.0,0.4,5.0,12.0,19.0,0.6,9.0,24.0,24.0,637450,2023-04-16 10:15:00,2023
FC Volendam,8.0,1.0,0.0,2.0,3.0,2.0,46.4,10.0,3.0,0.3,0.0,0.0,330.0,442.0,0.7,5.0,16.0,0.3,60.0,30.0,0.5,1.0,15.0,21.0,0.7,18.0,3.0,3.0,PSV Eindhoven,9.0,3.0,0.0,3.0,2.0,1.0,53.6,8.0,5.0,0.6,0.0,0.0,419.0,525.0,0.8,3.0,6.0,0.5,68.0,37.0,0.5,0.0,11.0,16.0,0.7,13.0,22.0,22.0,637452,2023-04-16 12:30:00,2023
FC Utrecht,13.0,0.0,0.0,3.0,4.0,4.0,35.4,10.0,3.0,0.3,0.0,0.0,198.0,294.0,0.7,4.0,12.0,0.3,60.0,19.0,0.3,2.0,9.0,12.0,0.8,11.0,32.0,32.0,FC Twente,13.0,2.0,0.0,5.0,8.0,2.0,64.6,19.0,5.0,0.3,0.0,0.0,422.0,529.0,0.8,9.0,34.0,0.3,59.0,24.0,0.4,7.0,7.0,17.0,0.4,9.0,8.0,8.0,637453,2023-04-16 12:30:00,2023
SC Cambuur,7.0,2.0,0.0,2.0,2.0,6.0,43.8,11.0,1.0,0.1,0.0,0.0,318.0,411.0,0.8,3.0,10.0,0.3,68.0,33.0,0.5,5.0,11.0,16.0,0.7,10.0,19.0,19.0,Feyenoord Rotterdam,8.0,2.0,0.0,1.0,9.0,1.0,56.2,25.0,9.0,0.4,0.0,0.0,422.0,515.0,0.8,13.0,27.0,0.5,51.0,30.0,0.6,8.0,10.0,19.0,0.5,6.0,16.0,16.0,637448,2023-04-16 14:45:00,2023
Fortuna Sittard,10.0,0.0,0.0,0.0,1.0,3.0,40.5,11.0,3.0,0.3,0.0,0.0,345.0,421.0,0.8,1.0,12.0,0.1,57.0,27.0,0.5,6.0,11.0,19.0,0.6,9.0,11.0,11.0,AZ Alkmaar,14.0,0.0,0.0,0.0,12.0,3.0,59.5,14.0,6.0,0.4,0.0,0.0,551.0,619.0,0.9,7.0,24.0,0.3,47.0,27.0,0.6,6.0,6.0,12.0,0.5,11.0,10.0,10.0,637455,2023-04-16 18:00:00,2023
Ajax Amsterdam,10.0,2.0,0.0,2.0,13.0,3.0,67.8,26.0,10.0,0.4,0.0,0.0,604.0,696.0,0.9,9.0,22.0,0.4,40.0,24.0,0.6,6.0,9.0,16.0,0.6,9.0,10.0,10.0,FC Emmen,3.0,1.0,0.0,2.0,5.0,7.0,32.2,8.0,4.0,0.5,0.0,0.0,228.0,324.0,0.7,2.0,13.0,0.2,70.0,23.0,0.3,2.0,10.0,20.0,0.5,13.0,22.0,22.0,637447,2023-04-16 18:00:00,2023
Go Ahead Eagles,7.0,0.0,0.0,2.0,10.0,1.0,63.5,25.0,12.0,0.5,0.0,1.0,424.0,505.0,0.8,7.0,41.0,0.2,60.0,37.0,0.6,5.0,14.0,16.0,0.9,11.0,5.0,5.0,RKC Waalwijk,14.0,1.0,0.0,1.0,1.0,8.0,36.5,5.0,3.0,0.6,0.0,0.0,225.0,304.0,0.7,0.0,5.0,0.0,59.0,24.0,0.4,2.0,10.0,19.0,0.5,9.0,39.0,39.0,637415,2023-04-19 16:45:00,2023
FC Volendam,10.0,0.0,0.0,5.0,9.0,2.0,48.2,15.0,7.0,0.5,0.0,0.0,281.0,371.0,0.8,5.0,19.0,0.3,64.0,31.0,0.5,4.0,7.0,16.0,0.4,2.0,17.0,17.0,SC Cambuur,9.0,2.0,0.0,1.0,5.0,5.0,51.8,9.0,2.0,0.2,0.0,0.0,323.0,395.0,0.8,5.0,25.0,0.2,72.0,39.0,0.5,2.0,11.0,14.0,0.8,4.0,17.0,17.0,637463,2023-04-21 18:00:00,2023
Heerenveen,7.0,0.0,0.0,1.0,10.0,2.0,54.9,15.0,4.0,0.3,1.0,1.0,377.0,470.0,0.8,6.0,27.0,0.2,62.0,22.0,0.4,5.0,15.0,20.0,0.8,10.0,14.0,14.0,FC Emmen,11.0,1.0,0.0,2.0,5.0,3.0,45.1,14.0,5.0,0.4,0.0,0.0,312.0,396.0,0.8,2.0,12.0,0.2,52.0,24.0,0.5,7.0,15.0,21.0,0.7,3.0,18.0,18.0,637459,2023-04-22 16:45:00,2023
Vitesse,6.0,2.0,0.0,3.0,17.0,0.0,64.0,27.0,7.0,0.3,0.0,0.0,390.0,501.0,0.8,10.0,39.0,0.3,51.0,32.0,0.6,11.0,8.0,13.0,0.6,4.0,10.0,10.0,Excelsior,11.0,1.0,0.0,0.0,3.0,7.0,36.0,6.0,0.0,0.0,0.0,0.0,196.0,290.0,0.7,1.0,10.0,0.1,60.0,17.0,0.3,4.0,16.0,22.0,0.7,14.0,45.0,45.0,637458,2023-04-22 19:00:00,2023
FC Twente,7.0,1.0,0.0,1.0,17.0,4.0,60.1,21.0,7.0,0.3,0.0,0.0,324.0,423.0,0.8,8.0,41.0,0.2,56.0,16.0,0.3,8.0,7.0,17.0,0.4,8.0,11.0,11.0,Sparta Rotterdam,13.0,2.0,1.0,3.0,6.0,4.0,39.9,17.0,7.0,0.4,0.0,0.0,200.0,294.0,0.7,7.0,15.0,0.5,68.0,25.0,0.4,5.0,6.0,15.0,0.4,12.0,37.0,37.0,637464,2023-04-23 10:15:00,2023
Go Ahead Eagles,9.0,2.0,0.0,0.0,6.0,3.0,45.9,15.0,6.0,0.4,0.0,0.0,301.0,393.0,0.8,2.0,14.0,0.1,56.0,24.0,0.4,2.0,16.0,20.0,0.8,6.0,30.0,30.0,Fortuna Sittard,2.0,0.0,0.0,0.0,9.0,4.0,54.1,14.0,3.0,0.2,0.0,0.0,358.0,459.0,0.8,6.0,24.0,0.3,70.0,36.0,0.5,1.0,8.0,9.0,0.9,7.0,14.0,14.0,637456,2023-04-23 12:30:00,2023
PSV Eindhoven,17.0,1.0,0.0,0.0,5.0,2.0,35.7,11.0,4.0,0.4,1.0,1.0,252.0,343.0,0.7,5.0,14.0,0.4,66.0,30.0,0.5,4.0,7.0,15.0,0.5,15.0,12.0,12.0,Ajax Amsterdam,11.0,3.0,0.0,2.0,5.0,1.0,64.3,8.0,2.0,0.3,0.0,0.0,524.0,629.0,0.8,2.0,10.0,0.2,49.0,24.0,0.5,1.0,6.0,12.0,0.5,8.0,6.0,6.0,637457,2023-04-23 12:30:00,2023
Feyenoord Rotterdam,0.0,0.0,0.0,1.0,4.0,0.0,59.7,15.0,9.0,0.6,0.0,0.0,547.0,631.0,0.9,5.0,21.0,0.2,46.0,24.0,0.5,2.0,9.0,13.0,0.7,6.0,3.0,3.0,FC Utrecht,7.0,2.0,0.0,1.0,0.0,6.0,40.3,6.0,1.0,0.2,0.0,0.0,352.0,434.0,0.8,3.0,7.0,0.4,62.0,27.0,0.4,1.0,5.0,13.0,0.4,19.0,17.0,17.0,637460,2023-04-23 14:45:00,2023
AZ Alkmaar,9.0,0.0,0.0,4.0,8.0,1.0,59.3,16.0,8.0,0.5,0.0,0.0,551.0,619.0,0.9,3.0,15.0,0.2,60.0,36.0,0.6,6.0,12.0,15.0,0.8,14.0,5.0,5.0,RKC Waalwijk,6.0,1.0,0.0,1.0,0.0,6.0,40.7,7.0,1.0,0.1,0.0,0.0,349.0,423.0,0.8,1.0,5.0,0.2,42.0,18.0,0.4,2.0,7.0,13.0,0.5,9.0,22.0,22.0,637461,2023-04-23 18:00:00,2023
FC Groningen,14.0,1.0,1.0,1.0,4.0,2.0,49.9,14.0,2.0,0.1,0.0,0.0,306.0,408.0,0.8,5.0,16.0,0.3,80.0,25.0,0.3,4.0,18.0,27.0,0.7,13.0,15.0,15.0,NEC Nijmegen,8.0,0.0,0.0,2.0,7.0,2.0,50.1,9.0,3.0,0.3,1.0,1.0,311.0,409.0,0.8,3.0,15.0,0.2,65.0,30.0,0.5,1.0,9.0,13.0,0.7,13.0,20.0,20.0,637462,2023-04-25 13:00:00,2023
RKC Waalwijk,7.0,1.0,0.0,4.0,4.0,3.0,45.9,11.0,4.0,0.4,0.0,0.0,310.0,393.0,0.8,1.0,9.0,0.1,61.0,30.0,0.5,1.0,14.0,22.0,0.6,12.0,27.0,27.0,FC Volendam,8.0,1.0,0.0,1.0,8.0,0.0,54.1,15.0,4.0,0.3,0.0,0.0,364.0,451.0,0.8,6.0,29.0,0.2,55.0,29.0,0.5,3.0,13.0,21.0,0.6,10.0,13.0,13.0,637470,2023-05-05 18:00:00,2023
Sparta Rotterdam,7.0,1.0,0.0,2.0,2.0,3.0,47.5,6.0,0.0,0.0,0.0,0.0,282.0,409.0,0.7,3.0,11.0,0.3,73.0,24.0,0.3,1.0,9.0,13.0,0.7,14.0,17.0,17.0,PSV Eindhoven,15.0,1.0,0.0,2.0,4.0,0.0,52.5,22.0,4.0,0.2,0.0,0.0,342.0,446.0,0.8,5.0,17.0,0.3,63.0,30.0,0.5,3.0,8.0,12.0,0.7,12.0,16.0,16.0,637468,2023-05-06 16:45:00,2023
SC Cambuur,8.0,0.0,0.0,0.0,4.0,1.0,48.7,5.0,0.0,0.0,0.0,0.0,433.0,519.0,0.8,6.0,18.0,0.3,65.0,38.0,0.6,1.0,8.0,13.0,0.6,10.0,6.0,6.0,FC Utrecht,6.0,1.0,0.0,3.0,0.0,0.0,51.3,13.0,5.0,0.4,1.0,1.0,478.0,551.0,0.9,4.0,10.0,0.4,46.0,27.0,0.6,0.0,5.0,8.0,0.6,6.0,11.0,11.0,637469,2023-05-06 18:00:00,2023
NEC Nijmegen,16.0,0.0,0.0,1.0,4.0,3.0,45.0,13.0,5.0,0.4,0.0,0.0,332.0,400.0,0.8,6.0,15.0,0.4,45.0,24.0,0.5,3.0,11.0,17.0,0.6,9.0,14.0,14.0,Heerenveen,22.0,2.0,0.0,0.0,3.0,3.0,55.0,12.0,6.0,0.5,0.0,0.0,434.0,493.0,0.9,2.0,15.0,0.1,50.0,30.0,0.6,1.0,10.0,14.0,0.7,13.0,15.0,15.0,637471,2023-05-06 18:00:00,2023
Ajax Amsterdam,11.0,1.0,0.0,1.0,7.0,4.0,63.9,19.0,3.0,0.2,0.0,0.0,531.0,585.0,0.9,8.0,21.0,0.4,52.0,33.0,0.6,5.0,8.0,13.0,0.6,7.0,11.0,11.0,AZ Alkmaar,11.0,2.0,0.0,3.0,2.0,3.0,36.1,11.0,4.0,0.4,0.0,0.0,272.0,330.0,0.8,2.0,9.0,0.2,45.0,25.0,0.6,5.0,9.0,17.0,0.5,6.0,21.0,21.0,637466,2023-05-06 19:00:00,2023
FC Emmen,8.0,0.0,0.0,5.0,2.0,4.0,46.9,10.0,4.0,0.4,0.0,0.0,313.0,408.0,0.8,4.0,10.0,0.4,66.0,30.0,0.5,0.0,9.0,14.0,0.6,12.0,20.0,20.0,FC Twente,15.0,2.0,0.0,2.0,2.0,4.0,53.1,18.0,7.0,0.4,0.0,0.0,374.0,467.0,0.8,1.0,11.0,0.1,55.0,17.0,0.3,8.0,14.0,18.0,0.8,10.0,19.0,19.0,637465,2023-05-07 10:15:00,2023
Excelsior,9.0,0.0,0.0,2.0,4.0,3.0,40.5,8.0,5.0,0.6,0.0,0.0,323.0,411.0,0.8,5.0,14.0,0.4,60.0,22.0,0.4,2.0,13.0,20.0,0.7,9.0,20.0,20.0,Feyenoord Rotterdam,11.0,0.0,0.0,1.0,2.0,4.0,59.5,10.0,5.0,0.5,0.0,0.0,537.0,608.0,0.9,4.0,17.0,0.2,54.0,39.0,0.7,2.0,7.0,17.0,0.4,7.0,17.0,17.0,637467,2023-05-07 12:30:00,2023
Go Ahead Eagles,10.0,1.0,0.0,5.0,6.0,2.0,54.3,14.0,6.0,0.4,0.0,0.0,328.0,427.0,0.8,3.0,19.0,0.2,52.0,27.0,0.5,6.0,7.0,14.0,0.5,7.0,15.0,15.0,FC Groningen,14.0,4.0,0.0,1.0,5.0,5.0,45.7,8.0,3.0,0.4,0.0,0.0,260.0,360.0,0.7,1.0,17.0,0.1,74.0,32.0,0.4,3.0,12.0,17.0,0.7,8.0,21.0,21.0,637472,2023-05-07 12:30:00,2023
Fortuna Sittard,12.0,2.0,0.0,1.0,6.0,2.0,37.0,8.0,3.0,0.4,0.0,0.0,152.0,251.0,0.6,5.0,18.0,0.3,61.0,26.0,0.4,1.0,15.0,22.0,0.7,14.0,36.0,36.0,Vitesse,11.0,1.0,0.0,1.0,8.0,1.0,63.0,14.0,2.0,0.1,0.0,0.0,332.0,436.0,0.8,5.0,23.0,0.2,58.0,19.0,0.3,6.0,10.0,14.0,0.7,10.0,20.0,20.0,637473,2023-05-07 14:45:00,2023
FC Twente,17.0,2.0,0.0,1.0,7.0,2.0,61.9,30.0,13.0,0.4,0.0,0.0,460.0,534.0,0.9,8.0,21.0,0.4,38.0,20.0,0.5,7.0,13.0,20.0,0.7,5.0,9.0,9.0,NEC Nijmegen,8.0,1.0,0.0,2.0,3.0,9.0,38.1,7.0,2.0,0.3,0.0,0.0,245.0,323.0,0.8,2.0,12.0,0.2,46.0,15.0,0.3,1.0,6.0,17.0,0.4,7.0,18.0,18.0,637481,2023-05-12 18:00:00,2023
FC Volendam,13.0,2.0,0.0,0.0,6.0,2.0,33.6,13.0,7.0,0.5,0.0,0.0,208.0,296.0,0.7,6.0,16.0,0.4,62.0,20.0,0.3,1.0,6.0,10.0,0.6,11.0,19.0,19.0,Sparta Rotterdam,7.0,2.0,0.0,3.0,5.0,5.0,66.4,7.0,3.0,0.4,0.0,0.0,509.0,598.0,0.9,3.0,22.0,0.1,57.0,28.0,0.5,1.0,10.0,15.0,0.7,7.0,17.0,17.0,637476,2023-05-13 16:45:00,2023
Heerenveen,10.0,3.0,0.0,1.0,5.0,4.0,60.5,10.0,1.0,0.1,0.0,0.0,476.0,571.0,0.8,3.0,20.0,0.2,46.0,22.0,0.5,2.0,10.0,17.0,0.6,6.0,27.0,27.0,Excelsior,12.0,2.0,0.0,1.0,6.0,1.0,39.5,14.0,4.0,0.3,0.0,0.0,282.0,370.0,0.8,4.0,16.0,0.3,53.0,19.0,0.4,5.0,12.0,18.0,0.7,9.0,21.0,21.0,637479,2023-05-13 18:00:00,2023
FC Utrecht,8.0,1.0,0.0,0.0,4.0,2.0,47.1,14.0,5.0,0.4,0.0,1.0,373.0,448.0,0.8,6.0,17.0,0.4,43.0,19.0,0.4,4.0,12.0,18.0,0.7,9.0,19.0,19.0,RKC Waalwijk,10.0,2.0,0.0,0.0,4.0,3.0,52.9,10.0,2.0,0.2,0.0,0.0,420.0,503.0,0.8,4.0,21.0,0.2,51.0,29.0,0.6,5.0,12.0,16.0,0.8,8.0,8.0,8.0,637480,2023-05-13 19:00:00,2023
Vitesse,14.0,0.0,1.0,2.0,4.0,1.0,41.0,17.0,6.0,0.4,0.0,0.0,245.0,326.0,0.8,6.0,17.0,0.4,53.0,24.0,0.5,5.0,19.0,23.0,0.8,6.0,21.0,21.0,SC Cambuur,14.0,0.0,0.0,0.0,4.0,4.0,59.0,10.0,1.0,0.1,0.0,0.0,386.0,464.0,0.8,3.0,22.0,0.1,49.0,27.0,0.6,4.0,7.0,14.0,0.5,8.0,17.0,17.0,637474,2023-05-14 10:15:00,2023
Feyenoord Rotterdam,12.0,1.0,0.0,0.0,1.0,2.0,58.5,15.0,6.0,0.4,0.0,0.0,453.0,525.0,0.9,4.0,12.0,0.3,56.0,28.0,0.5,5.0,12.0,22.0,0.5,11.0,15.0,15.0,Go Ahead Eagles,9.0,1.0,0.0,1.0,2.0,3.0,41.5,7.0,1.0,0.1,0.0,0.0,287.0,359.0,0.8,5.0,15.0,0.3,58.0,25.0,0.4,2.0,10.0,17.0,0.6,4.0,11.0,11.0,637477,2023-05-14 14:45:00,2023
AZ Alkmaar,9.0,0.0,0.0,2.0,13.0,2.0,64.1,29.0,9.0,0.3,0.0,0.0,569.0,632.0,0.9,10.0,22.0,0.5,54.0,37.0,0.7,10.0,8.0,13.0,0.6,10.0,13.0,13.0,FC Emmen,4.0,0.0,0.0,1.0,3.0,4.0,35.9,8.0,3.0,0.4,0.0,0.0,275.0,360.0,0.8,0.0,6.0,0.0,55.0,17.0,0.3,4.0,10.0,18.0,0.6,5.0,22.0,22.0,637475,2023-05-14 18:00:00,2023
PSV Eindhoven,9.0,1.0,0.0,1.0,14.0,0.0,72.0,24.0,10.0,0.4,0.0,0.0,554.0,650.0,0.9,12.0,42.0,0.3,45.0,32.0,0.7,3.0,13.0,18.0,0.7,6.0,9.0,9.0,Fortuna Sittard,9.0,4.0,0.0,0.0,1.0,8.0,28.0,5.0,1.0,0.2,0.0,0.0,167.0,256.0,0.7,3.0,10.0,0.3,64.0,26.0,0.4,1.0,8.0,11.0,0.7,15.0,40.0,40.0,637482,2023-05-14 18:00:00,2023
FC Groningen,0.0,0.0,0.0,0.0,0.0,0.0,0.0,0.0,0.0,0.0,0.0,0.0,0.0,0.0,0.0,0.0,0.0,0.0,0.0,0.0,0.0,0.0,0.0,0.0,0.0,0.0,0.0,0.0,Ajax Amsterdam,0.0,0.0,0.0,0.0,0.0,0.0,0.0,0.0,0.0,0.0,0.0,0.0,0.0,0.0,0.0,0.0,0.0,0.0,0.0,0.0,0.0,0.0,0.0,0.0,0.0,0.0,0.0,0.0,637478,2023-05-16 13:00:00,2023
NEC Nijmegen,10.0,2.0,1.0,0.0,3.0,3.0,40.6,11.0,2.0,0.2,0.0,0.0,310.0,376.0,0.8,6.0,17.0,0.4,50.0,25.0,0.5,4.0,10.0,14.0,0.7,10.0,11.0,11.0,AZ Alkmaar,7.0,0.0,0.0,6.0,4.0,2.0,59.4,14.0,6.0,0.4,0.0,0.0,501.0,562.0,0.9,3.0,13.0,0.2,55.0,33.0,0.6,3.0,10.0,16.0,0.6,5.0,11.0,11.0,637487,2023-05-21 12:30:00,2023
RKC Waalwijk,11.0,3.0,0.0,4.0,5.0,7.0,39.0,4.0,2.0,0.5,0.0,0.0,229.0,317.0,0.7,3.0,13.0,0.2,44.0,18.0,0.4,1.0,13.0,22.0,0.6,5.0,14.0,14.0,FC Twente,7.0,1.0,0.0,1.0,5.0,2.0,61.0,20.0,12.0,0.6,0.0,0.0,435.0,504.0,0.9,4.0,13.0,0.3,66.0,34.0,0.5,4.0,9.0,14.0,0.6,11.0,16.0,16.0,637489,2023-05-21 12:30:00,2023
Excelsior,12.0,1.0,0.0,2.0,6.0,3.0,44.9,14.0,6.0,0.4,0.0,0.0,232.0,310.0,0.7,8.0,27.0,0.3,50.0,21.0,0.4,2.0,13.0,15.0,0.9,5.0,17.0,17.0,Fortuna Sittard,4.0,2.0,0.0,0.0,2.0,3.0,55.1,13.0,3.0,0.2,0.0,0.0,317.0,394.0,0.8,3.0,21.0,0.1,52.0,25.0,0.5,3.0,11.0,21.0,0.5,8.0,21.0,21.0,637484,2023-05-21 12:30:00,2023
Go Ahead Eagles,8.0,0.0,0.0,0.0,8.0,3.0,63.2,20.0,6.0,0.3,0.0,1.0,401.0,486.0,0.8,6.0,18.0,0.3,56.0,24.0,0.4,7.0,9.0,16.0,0.6,4.0,8.0,8.0,FC Volendam,10.0,2.0,0.0,2.0,3.0,3.0,36.8,16.0,3.0,0.2,0.0,0.0,195.0,278.0,0.7,8.0,13.0,0.6,56.0,22.0,0.4,2.0,14.0,27.0,0.5,13.0,20.0,20.0,637486,2023-05-21 12:30:00,2023
Sparta Rotterdam,7.0,1.0,0.0,1.0,4.0,3.0,52.8,11.0,5.0,0.5,0.0,0.0,334.0,393.0,0.9,6.0,24.0,0.3,45.0,24.0,0.5,0.0,1.0,7.0,0.1,8.0,4.0,4.0,SC Cambuur,9.0,1.0,0.0,0.0,4.0,1.0,47.2,15.0,4.0,0.3,0.0,1.0,288.0,362.0,0.8,2.0,12.0,0.2,56.0,27.0,0.5,1.0,6.0,15.0,0.4,8.0,19.0,19.0,637490,2023-05-21 12:30:00,2023
PSV Eindhoven,10.0,3.0,0.0,0.0,9.0,3.0,61.0,22.0,5.0,0.2,1.0,1.0,441.0,526.0,0.8,10.0,34.0,0.3,49.0,33.0,0.7,5.0,9.0,12.0,0.8,1.0,14.0,14.0,Heerenveen,11.0,2.0,0.0,0.0,7.0,2.0,39.0,13.0,6.0,0.5,0.0,0.0,266.0,349.0,0.8,2.0,11.0,0.2,51.0,18.0,0.4,2.0,8.0,13.0,0.6,16.0,33.0,33.0,637488,2023-05-21 12:30:00,2023
FC Emmen,7.0,1.0,0.0,1.0,3.0,5.0,31.3,5.0,2.0,0.4,0.0,0.0,194.0,268.0,0.7,3.0,17.0,0.2,62.0,25.0,0.4,1.0,16.0,23.0,0.7,9.0,25.0,25.0,Feyenoord Rotterdam,9.0,2.0,0.0,1.0,8.0,1.0,68.7,22.0,8.0,0.4,0.0,0.0,528.0,604.0,0.9,10.0,26.0,0.4,46.0,26.0,0.6,6.0,10.0,13.0,0.8,7.0,12.0,12.0,637485,2023-05-21 12:30:00,2023
Ajax Amsterdam,5.0,0.0,0.0,1.0,8.0,0.0,68.5,27.0,9.0,0.3,0.0,0.0,586.0,662.0,0.9,9.0,27.0,0.3,35.0,21.0,0.6,6.0,14.0,18.0,0.8,5.0,11.0,11.0,FC Utrecht,4.0,1.0,0.0,1.0,1.0,6.0,31.5,5.0,1.0,0.2,0.0,0.0,219.0,304.0,0.7,2.0,11.0,0.2,51.0,19.0,0.4,2.0,14.0,28.0,0.5,14.0,27.0,27.0,637483,2023-05-21 12:30:00,2023
Vitesse,5.0,1.0,0.0,2.0,2.0,1.0,58.5,30.0,13.0,0.4,0.0,0.0,447.0,515.0,0.9,2.0,14.0,0.1,49.0,35.0,0.7,4.0,11.0,18.0,0.6,6.0,16.0,16.0,FC Groningen,5.0,0.0,1.0,1.0,2.0,6.0,41.5,8.0,1.0,0.1,0.0,0.0,279.0,357.0,0.8,2.0,14.0,0.1,58.0,25.0,0.4,2.0,10.0,16.0,0.6,7.0,20.0,20.0,637491,2023-05-21 12:30:00,2023
FC Twente,12.0,2.0,0.0,1.0,0.0,5.0,45.1,11.0,6.0,0.5,0.0,0.0,248.0,355.0,0.7,1.0,7.0,0.1,69.0,25.0,0.4,0.0,17.0,32.0,0.5,9.0,19.0,19.0,Ajax Amsterdam,8.0,1.0,0.0,2.0,7.0,3.0,54.9,19.0,6.0,0.3,0.0,0.0,332.0,426.0,0.8,5.0,13.0,0.4,65.0,27.0,0.4,7.0,11.0,19.0,0.6,12.0,9.0,9.0,637494,2023-05-28 12:30:00,2023
Feyenoord Rotterdam,1.0,0.0,0.0,2.0,11.0,6.0,62.3,27.0,10.0,0.4,0.0,0.0,482.0,554.0,0.9,11.0,30.0,0.4,33.0,20.0,0.6,5.0,18.0,28.0,0.6,10.0,14.0,14.0,Vitesse,12.0,2.0,0.0,2.0,5.0,8.0,37.7,13.0,7.0,0.5,0.0,0.0,252.0,337.0,0.7,6.0,15.0,0.4,66.0,31.0,0.5,3.0,13.0,25.0,0.5,14.0,25.0,25.0,637497,2023-05-28 12:30:00,2023
SC Cambuur,12.0,2.0,0.0,3.0,11.0,4.0,48.8,21.0,9.0,0.4,0.0,0.0,250.0,328.0,0.8,7.0,27.0,0.3,59.0,24.0,0.4,3.0,17.0,29.0,0.6,11.0,11.0,11.0,RKC Waalwijk,4.0,1.0,0.0,3.0,5.0,5.0,51.2,10.0,4.0,0.4,0.0,0.0,283.0,361.0,0.8,3.0,13.0,0.2,44.0,24.0,0.5,4.0,14.0,20.0,0.7,11.0,17.0,17.0,637499,2023-05-28 12:30:00,2023
FC Utrecht,14.0,0.0,1.0,1.0,13.0,3.0,54.1,20.0,7.0,0.4,0.0,0.0,365.0,436.0,0.8,9.0,27.0,0.3,48.0,24.0,0.5,4.0,11.0,16.0,0.7,11.0,22.0,22.0,FC Emmen,7.0,1.0,0.0,1.0,4.0,5.0,45.9,10.0,5.0,0.5,0.0,0.0,306.0,376.0,0.8,2.0,15.0,0.1,48.0,24.0,0.5,2.0,9.0,13.0,0.7,7.0,22.0,22.0,637495,2023-05-28 12:30:00,2023
Heerenveen,9.0,1.0,0.0,0.0,4.0,3.0,51.4,16.0,7.0,0.4,0.0,0.0,353.0,451.0,0.8,3.0,14.0,0.2,59.0,32.0,0.5,2.0,4.0,9.0,0.4,12.0,12.0,12.0,Go Ahead Eagles,14.0,3.0,0.0,2.0,1.0,5.0,48.6,15.0,3.0,0.2,0.0,0.0,323.0,431.0,0.7,4.0,8.0,0.5,59.0,19.0,0.3,4.0,17.0,25.0,0.7,9.0,13.0,13.0,637500,2023-05-28 12:30:00,2023
Fortuna Sittard,16.0,1.0,0.0,2.0,4.0,5.0,47.6,16.0,4.0,0.3,1.0,1.0,300.0,357.0,0.8,4.0,14.0,0.3,61.0,36.0,0.6,8.0,9.0,19.0,0.5,8.0,14.0,14.0,NEC Nijmegen,11.0,0.0,0.0,1.0,6.0,2.0,52.4,15.0,7.0,0.5,1.0,1.0,329.0,394.0,0.8,2.0,18.0,0.1,42.0,22.0,0.5,3.0,10.0,16.0,0.6,7.0,12.0,12.0,637498,2023-05-28 12:30:00,2023
FC Volendam,11.0,0.0,0.0,0.0,15.0,5.0,49.6,28.0,9.0,0.3,0.0,0.0,260.0,330.0,0.8,4.0,21.0,0.2,49.0,26.0,0.5,8.0,7.0,18.0,0.4,7.0,20.0,20.0,Excelsior,10.0,0.0,0.0,0.0,5.0,7.0,50.4,19.0,8.0,0.4,0.0,1.0,274.0,344.0,0.8,5.0,12.0,0.4,62.0,37.0,0.6,2.0,9.0,13.0,0.7,4.0,29.0,29.0,637496,2023-05-28 12:30:00,2023
AZ Alkmaar,10.0,2.0,0.0,1.0,2.0,0.0,52.3,10.0,6.0,0.6,1.0,1.0,378.0,465.0,0.8,0.0,14.0,0.0,49.0,19.0,0.4,0.0,8.0,14.0,0.6,13.0,15.0,15.0,PSV Eindhoven,17.0,3.0,1.0,2.0,4.0,5.0,47.7,7.0,2.0,0.3,0.0,0.0,333.0,418.0,0.8,4.0,15.0,0.3,61.0,28.0,0.5,1.0,7.0,9.0,0.8,10.0,16.0,16.0,637492,2023-05-28 12:30:00,2023
FC Groningen,9.0,1.0,1.0,2.0,2.0,7.0,29.7,7.0,1.0,0.1,0.0,0.0,174.0,244.0,0.7,4.0,10.0,0.4,50.0,19.0,0.4,4.0,9.0,15.0,0.6,4.0,28.0,28.0,Sparta Rotterdam,7.0,1.0,0.0,1.0,5.0,1.0,70.3,27.0,12.0,0.4,1.0,1.0,527.0,582.0,0.9,6.0,27.0,0.2,49.0,34.0,0.7,6.0,4.0,7.0,0.6,5.0,8.0,8.0,637493,2023-05-28 12:30:00,2023
Heerenveen,14.0,3.0,0.0,3.0,5.0,6.0,42.4,7.0,2.0,0.3,0.0,0.0,279.0,384.0,0.7,2.0,6.0,0.3,59.0,20.0,0.3,3.0,13.0,16.0,0.8,8.0,15.0,15.0,FC Twente,11.0,2.0,0.0,1.0,4.0,1.0,57.6,20.0,9.0,0.5,0.0,0.0,425.0,523.0,0.8,4.0,15.0,0.3,61.0,33.0,0.5,7.0,13.0,19.0,0.7,11.0,13.0,13.0,669442,2023-06-01 16:45:00,2023
FC Utrecht,9.0,2.0,0.0,0.0,11.0,1.0,61.2,27.0,9.0,0.3,0.0,0.0,402.0,505.0,0.8,10.0,38.0,0.3,56.0,20.0,0.4,5.0,7.0,12.0,0.6,7.0,7.0,7.0,Sparta Rotterdam,11.0,2.0,0.0,1.0,3.0,8.0,38.8,9.0,3.0,0.3,1.0,1.0,229.0,334.0,0.7,1.0,12.0,0.1,63.0,26.0,0.4,2.0,7.0,9.0,0.8,6.0,38.0,38.0,669308,2023-06-01 19:00:00,2023
FC Twente,7.0,2.0,0.0,0.0,8.0,4.0,60.9,19.0,10.0,0.5,0.0,0.0,427.0,497.0,0.9,5.0,19.0,0.3,46.0,31.0,0.7,4.0,12.0,23.0,0.5,8.0,9.0,9.0,Heerenveen,13.0,1.0,0.0,1.0,5.0,6.0,39.1,9.0,4.0,0.4,0.0,0.0,245.0,312.0,0.8,6.0,13.0,0.5,54.0,24.0,0.4,2.0,8.0,18.0,0.4,11.0,16.0,16.0,669443,2023-06-04 12:30:00,2023
Sparta Rotterdam,11.0,1.0,0.0,0.0,10.0,4.0,55.5,22.0,7.0,0.3,0.0,0.0,478.0,602.0,0.8,9.0,34.0,0.3,75.0,33.0,0.4,4.0,10.0,17.0,0.6,8.0,18.0,18.0,FC Utrecht,17.0,2.0,0.0,1.0,4.0,7.0,44.5,10.0,5.0,0.5,0.0,0.0,328.0,484.0,0.7,7.0,21.0,0.3,99.0,37.0,0.4,1.0,17.0,24.0,0.7,7.0,30.0,30.0,669309,2023-06-04 16:00:00,2023
Sparta Rotterdam,8.0,2.0,0.0,3.0,2.0,2.0,36.2,9.0,2.0,0.2,1.0,1.0,214.0,308.0,0.7,3.0,11.0,0.3,66.0,30.0,0.5,3.0,6.0,13.0,0.5,6.0,17.0,17.0,FC Twente,11.0,5.0,0.0,2.0,6.0,1.0,63.8,19.0,3.0,0.2,0.0,0.0,439.0,529.0,0.8,9.0,28.0,0.3,64.0,25.0,0.4,7.0,7.0,9.0,0.8,8.0,7.0,7.0,670112,2023-06-08 18:00:00,2023
FC Twente,15.0,2.0,0.0,0.0,3.0,3.0,60.2,25.0,9.0,0.4,0.0,0.0,417.0,507.0,0.8,6.0,25.0,0.2,57.0,26.0,0.5,11.0,6.0,8.0,0.8,5.0,16.0,16.0,Sparta Rotterdam,13.0,2.0,0.0,2.0,6.0,9.0,39.8,9.0,3.0,0.3,0.0,0.0,248.0,335.0,0.7,3.0,15.0,0.2,60.0,28.0,0.5,2.0,16.0,27.0,0.6,2.0,27.0,27.0,670113,2023-06-11 12:30:00,2023
FC Volendam,12.0,3.0,1.0,2.0,3.0,7.0,28.3,4.0,4.0,1.0,0.0,0.0,147.0,233.0,0.6,2.0,14.0,0.1,52.0,11.0,0.2,0.0,12.0,24.0,0.5,15.0,25.0,25.0,Vitesse,11.0,1.0,0.0,0.0,7.0,3.0,71.7,13.0,9.0,0.7,0.0,0.0,536.0,618.0,0.9,4.0,21.0,0.2,74.0,52.0,0.7,0.0,5.0,7.0,0.7,6.0,12.0,12.0,675322,2023-08-11 18:00:00,2023
PSV Eindhoven,15.0,2.0,0.0,4.0,4.0,1.0,67.5,23.0,8.0,0.3,0.0,0.0,567.0,658.0,0.9,3.0,15.0,0.2,60.0,30.0,0.5,6.0,10.0,14.0,0.7,8.0,13.0,13.0,FC Utrecht,14.0,1.0,0.0,1.0,2.0,6.0,32.5,7.0,1.0,0.1,0.0,0.0,214.0,309.0,0.7,3.0,11.0,0.3,58.0,19.0,0.3,1.0,17.0,20.0,0.9,12.0,21.0,21.0,675323,2023-08-12 14:30:00,2023
Heerenveen,9.0,0.0,0.0,1.0,7.0,3.0,46.5,19.0,9.0,0.5,0.0,0.0,348.0,404.0,0.9,3.0,16.0,0.2,49.0,21.0,0.4,2.0,6.0,9.0,0.7,5.0,8.0,8.0,RKC Waalwijk,8.0,1.0,0.0,1.0,2.0,6.0,53.5,13.0,5.0,0.4,1.0,1.0,407.0,468.0,0.9,4.0,13.0,0.3,57.0,28.0,0.5,1.0,13.0,23.0,0.6,9.0,14.0,14.0,675324,2023-08-12 16:45:00,2023
Ajax Amsterdam,11.0,2.0,0.0,0.0,13.0,1.0,70.3,31.0,13.0,0.4,1.0,1.0,455.0,515.0,0.9,12.0,31.0,0.4,40.0,24.0,0.6,8.0,8.0,9.0,0.9,2.0,15.0,15.0,Heracles Almelo,14.0,5.0,0.0,2.0,4.0,9.0,29.7,7.0,2.0,0.3,0.0,0.0,152.0,217.0,0.7,1.0,10.0,0.1,56.0,26.0,0.5,4.0,12.0,18.0,0.7,9.0,29.0,29.0,675325,2023-08-12 18:00:00,2023
PEC Zwolle,8.0,2.0,0.0,2.0,7.0,3.0,52.9,20.0,7.0,0.4,0.0,0.0,344.0,429.0,0.8,9.0,35.0,0.3,64.0,38.0,0.6,2.0,7.0,9.0,0.8,13.0,14.0,14.0,Sparta Rotterdam,15.0,4.0,0.0,1.0,1.0,5.0,47.1,8.0,4.0,0.5,0.0,0.0,300.0,402.0,0.7,5.0,13.0,0.4,69.0,35.0,0.5,2.0,8.0,11.0,0.7,7.0,26.0,26.0,675326,2023-08-12 19:00:00,2023
NEC Nijmegen,4.0,1.0,0.0,0.0,2.0,2.0,49.4,8.0,6.0,0.8,0.0,0.0,371.0,469.0,0.8,2.0,10.0,0.2,53.0,23.0,0.4,0.0,10.0,23.0,0.4,3.0,14.0,14.0,Excelsior,10.0,2.0,0.0,1.0,7.0,3.0,50.6,6.0,6.0,1.0,0.0,0.0,386.0,468.0,0.8,2.0,22.0,0.1,79.0,43.0,0.5,0.0,11.0,16.0,0.7,7.0,12.0,12.0,675327,2023-08-13 10:15:00,2023
AZ Alkmaar,8.0,2.0,0.0,1.0,5.0,3.0,52.7,13.0,8.0,0.6,1.0,1.0,384.0,454.0,0.8,8.0,20.0,0.4,49.0,21.0,0.4,2.0,4.0,14.0,0.3,11.0,21.0,21.0,Go Ahead Eagles,13.0,3.0,0.0,0.0,4.0,3.0,47.3,9.0,4.0,0.4,0.0,0.0,317.0,410.0,0.8,5.0,19.0,0.3,46.0,15.0,0.3,3.0,7.0,15.0,0.5,3.0,17.0,17.0,675328,2023-08-13 12:30:00,2023
Feyenoord Rotterdam,4.0,0.0,1.0,3.0,8.0,4.0,61.3,22.0,6.0,0.3,0.0,0.0,444.0,522.0,0.9,3.0,20.0,0.2,47.0,20.0,0.4,7.0,7.0,20.0,0.4,3.0,14.0,14.0,Fortuna Sittard,21.0,6.0,0.0,2.0,3.0,6.0,38.7,14.0,5.0,0.4,0.0,0.0,243.0,327.0,0.7,1.0,12.0,0.1,60.0,27.0,0.5,3.0,13.0,23.0,0.6,7.0,25.0,25.0,675329,2023-08-13 12:30:00,2023
Almere City,15.0,2.0,1.0,0.0,2.0,3.0,34.2,12.0,4.0,0.3,0.0,0.0,199.0,282.0,0.7,3.0,9.0,0.3,71.0,33.0,0.5,1.0,9.0,13.0,0.7,11.0,20.0,20.0,FC Twente,10.0,0.0,0.0,6.0,11.0,3.0,65.8,20.0,8.0,0.4,0.0,0.0,449.0,540.0,0.8,5.0,20.0,0.3,75.0,37.0,0.5,4.0,11.0,19.0,0.6,4.0,9.0,9.0,675330,2023-08-13 14:45:00,2023
Heracles Almelo,10.0,2.0,0.0,0.0,5.0,3.0,46.0,16.0,7.0,0.4,0.0,0.0,324.0,398.0,0.8,4.0,20.0,0.2,74.0,41.0,0.6,3.0,10.0,20.0,0.5,10.0,19.0,19.0,NEC Nijmegen,10.0,2.0,0.0,2.0,9.0,5.0,54.0,17.0,4.0,0.2,0.0,0.0,391.0,473.0,0.8,4.0,18.0,0.2,45.0,20.0,0.4,5.0,19.0,24.0,0.8,5.0,19.0,19.0,675331,2023-08-18 18:00:00,2023
Excelsior,7.0,0.0,0.0,0.0,4.0,5.0,31.6,12.0,2.0,0.2,0.0,0.0,180.0,280.0,0.6,7.0,21.0,0.3,72.0,26.0,0.4,5.0,15.0,25.0,0.6,18.0,23.0,23.0,Ajax Amsterdam,7.0,0.0,0.0,5.0,10.0,0.0,68.4,15.0,8.0,0.5,0.0,0.0,532.0,628.0,0.8,4.0,23.0,0.2,52.0,25.0,0.5,2.0,14.0,19.0,0.7,9.0,15.0,15.0,675335,2023-08-19 14:30:00,2023
Vitesse,7.0,0.0,0.0,3.0,4.0,4.0,34.7,12.0,2.0,0.2,0.0,0.0,240.0,328.0,0.7,4.0,15.0,0.3,58.0,25.0,0.4,3.0,3.0,6.0,0.5,15.0,25.0,25.0,PSV Eindhoven,2.0,1.0,0.0,1.0,7.0,0.0,65.3,19.0,7.0,0.4,1.0,1.0,531.0,624.0,0.9,8.0,25.0,0.3,61.0,29.0,0.5,3.0,9.0,12.0,0.8,8.0,15.0,15.0,675333,2023-08-19 16:45:00,2023
Fortuna Sittard,8.0,3.0,0.0,4.0,5.0,4.0,47.9,21.0,7.0,0.3,0.0,0.0,310.0,385.0,0.8,7.0,19.0,0.4,61.0,27.0,0.4,1.0,9.0,14.0,0.6,9.0,14.0,14.0,Almere City,13.0,2.0,0.0,0.0,6.0,6.0,52.1,8.0,5.0,0.6,0.0,0.0,342.0,422.0,0.8,3.0,17.0,0.2,60.0,26.0,0.4,0.0,9.0,16.0,0.6,8.0,12.0,12.0,675334,2023-08-19 18:00:00,2023
Go Ahead Eagles,3.0,1.0,1.0,0.0,4.0,4.0,42.8,9.0,6.0,0.7,0.0,0.0,237.0,331.0,0.7,1.0,15.0,0.1,72.0,24.0,0.3,3.0,9.0,18.0,0.5,11.0,28.0,28.0,FC Volendam,8.0,3.0,0.0,2.0,12.0,2.0,57.2,19.0,5.0,0.3,0.0,0.0,332.0,418.0,0.8,10.0,43.0,0.2,51.0,25.0,0.5,7.0,8.0,15.0,0.5,4.0,20.0,20.0,675336,2023-08-19 19:00:00,2023
FC Utrecht,11.0,0.0,0.0,0.0,9.0,4.0,56.7,12.0,6.0,0.5,0.0,0.0,415.0,490.0,0.8,9.0,40.0,0.2,41.0,17.0,0.4,3.0,7.0,16.0,0.4,10.0,14.0,14.0,Heerenveen,10.0,1.0,0.0,2.0,2.0,5.0,43.3,12.0,6.0,0.5,0.0,0.0,309.0,379.0,0.8,1.0,15.0,0.1,57.0,25.0,0.4,2.0,2.0,7.0,0.3,7.0,30.0,30.0,675332,2023-08-20 10:15:00,2023
FC Twente,6.0,2.0,0.0,0.0,7.0,2.0,67.2,19.0,3.0,0.2,0.0,0.0,490.0,587.0,0.8,8.0,20.0,0.4,74.0,33.0,0.4,6.0,6.0,7.0,0.9,13.0,13.0,13.0,PEC Zwolle,15.0,5.0,0.0,3.0,3.0,1.0,32.8,9.0,3.0,0.3,1.0,1.0,194.0,292.0,0.7,3.0,9.0,0.3,62.0,29.0,0.5,1.0,9.0,14.0,0.6,10.0,20.0,20.0,675337,2023-08-20 12:30:00,2023
Sparta Rotterdam,9.0,2.0,0.0,2.0,3.0,6.0,28.6,10.0,5.0,0.5,0.0,0.0,169.0,253.0,0.7,5.0,9.0,0.6,72.0,32.0,0.4,2.0,10.0,21.0,0.5,7.0,35.0,35.0,Feyenoord Rotterdam,5.0,0.0,0.0,1.0,12.0,3.0,71.4,24.0,8.0,0.3,0.0,0.0,541.0,613.0,0.9,12.0,39.0,0.3,36.0,25.0,0.7,6.0,7.0,11.0,0.6,4.0,12.0,12.0,675338,2023-08-20 12:30:00,2023
RKC Waalwijk,9.0,2.0,0.0,1.0,1.0,4.0,44.6,7.0,5.0,0.7,1.0,1.0,309.0,384.0,0.8,2.0,5.0,0.4,54.0,23.0,0.4,1.0,10.0,16.0,0.6,7.0,24.0,24.0,AZ Alkmaar,12.0,1.0,0.0,0.0,10.0,4.0,55.4,15.0,7.0,0.5,0.0,0.0,399.0,459.0,0.9,5.0,25.0,0.2,54.0,30.0,0.6,4.0,13.0,19.0,0.7,10.0,4.0,4.0,675339,2023-08-20 14:45:00,2023
NEC Nijmegen,9.0,1.0,0.0,0.0,2.0,1.0,41.1,13.0,10.0,0.8,0.0,0.0,293.0,376.0,0.8,2.0,17.0,0.1,53.0,19.0,0.4,0.0,14.0,18.0,0.8,14.0,24.0,24.0,RKC Waalwijk,10.0,2.0,0.0,0.0,4.0,6.0,58.9,10.0,1.0,0.1,0.0,0.0,451.0,532.0,0.8,9.0,29.0,0.3,67.0,40.0,0.6,4.0,7.0,13.0,0.5,10.0,9.0,9.0,675340,2023-08-26 16:45:00,2023
Excelsior,5.0,1.0,0.0,0.0,0.0,3.0,44.8,9.0,6.0,0.7,0.0,0.0,266.0,373.0,0.7,1.0,14.0,0.1,96.0,41.0,0.4,1.0,16.0,28.0,0.6,13.0,18.0,18.0,Fortuna Sittard,9.0,2.0,0.0,1.0,6.0,3.0,55.2,13.0,5.0,0.4,0.0,0.0,347.0,451.0,0.8,6.0,25.0,0.2,52.0,29.0,0.6,1.0,10.0,18.0,0.6,10.0,22.0,22.0,675342,2023-08-26 19:00:00,2023
PEC Zwolle,13.0,2.0,0.0,1.0,2.0,1.0,46.9,9.0,2.0,0.2,1.0,1.0,292.0,399.0,0.7,2.0,12.0,0.2,81.0,35.0,0.4,3.0,6.0,10.0,0.6,10.0,19.0,19.0,FC Utrecht,8.0,3.0,0.0,2.0,8.0,1.0,53.1,10.0,1.0,0.1,0.0,0.0,328.0,438.0,0.7,7.0,21.0,0.3,73.0,31.0,0.4,2.0,8.0,8.0,1.0,8.0,15.0,15.0,675343,2023-08-27 10:15:00,2023
Feyenoord Rotterdam,8.0,0.0,0.0,1.0,8.0,0.0,62.8,31.0,18.0,0.6,1.0,1.0,511.0,605.0,0.8,6.0,12.0,0.5,24.0,12.0,0.5,6.0,12.0,21.0,0.6,7.0,5.0,5.0,Almere City,16.0,1.0,0.0,1.0,2.0,12.0,37.2,6.0,1.0,0.2,0.0,0.0,269.0,353.0,0.8,3.0,9.0,0.3,61.0,23.0,0.4,2.0,13.0,22.0,0.6,11.0,19.0,19.0,675344,2023-08-27 12:30:00,2023
Heerenveen,4.0,0.0,1.0,1.0,7.0,4.0,54.9,19.0,6.0,0.3,0.0,0.0,423.0,502.0,0.8,5.0,25.0,0.2,54.0,28.0,0.5,4.0,4.0,9.0,0.4,4.0,18.0,18.0,Sparta Rotterdam,8.0,0.0,0.0,0.0,7.0,4.0,45.1,16.0,7.0,0.4,0.0,0.0,327.0,427.0,0.8,0.0,11.0,0.0,67.0,27.0,0.4,5.0,12.0,19.0,0.6,7.0,29.0,29.0,675345,2023-08-27 14:45:00,2023
Sparta Rotterdam,10.0,1.0,0.0,2.0,10.0,5.0,58.9,15.0,6.0,0.4,1.0,1.0,400.0,482.0,0.8,7.0,37.0,0.2,44.0,19.0,0.4,2.0,10.0,16.0,0.6,3.0,11.0,11.0,NEC Nijmegen,11.0,5.0,0.0,1.0,1.0,4.0,41.1,13.0,6.0,0.5,0.0,0.0,268.0,356.0,0.8,1.0,7.0,0.1,56.0,20.0,0.4,1.0,10.0,20.0,0.5,7.0,29.0,29.0,675346,2023-09-01 18:00:00,2023
Almere City,12.0,3.0,0.0,1.0,7.0,4.0,45.5,10.0,3.0,0.3,0.0,0.0,242.0,366.0,0.7,5.0,31.0,0.2,76.0,32.0,0.4,2.0,9.0,13.0,0.7,9.0,12.0,12.0,PEC Zwolle,13.0,2.0,1.0,2.0,4.0,2.0,54.5,13.0,6.0,0.5,0.0,0.0,351.0,461.0,0.8,4.0,14.0,0.3,86.0,38.0,0.4,3.0,12.0,15.0,0.8,12.0,45.0,45.0,675347,2023-09-02 14:30:00,2023
Go Ahead Eagles,9.0,3.0,0.0,3.0,9.0,1.0,48.5,21.0,7.0,0.3,1.0,1.0,339.0,405.0,0.8,8.0,25.0,0.3,60.0,34.0,0.6,4.0,8.0,17.0,0.5,12.0,18.0,18.0,Heerenveen,11.0,0.0,1.0,1.0,8.0,3.0,51.5,13.0,3.0,0.2,0.0,0.0,356.0,434.0,0.8,7.0,19.0,0.4,69.0,33.0,0.5,6.0,6.0,14.0,0.4,7.0,25.0,25.0,675348,2023-09-02 16:45:00,2023
RKC Waalwijk,1.0,0.0,0.0,0.0,4.0,5.0,40.1,10.0,3.0,0.3,0.0,0.0,283.0,377.0,0.8,0.0,9.0,0.0,72.0,32.0,0.4,5.0,12.0,19.0,0.6,15.0,14.0,14.0,PSV Eindhoven,13.0,0.0,0.0,2.0,9.0,3.0,59.9,22.0,9.0,0.4,0.0,0.0,497.0,565.0,0.9,7.0,18.0,0.4,47.0,34.0,0.7,3.0,7.0,19.0,0.4,5.0,8.0,8.0,675349,2023-09-02 18:00:00,2023
Heracles Almelo,6.0,1.0,0.0,3.0,8.0,2.0,63.0,15.0,5.0,0.3,0.0,0.0,457.0,537.0,0.9,11.0,32.0,0.3,61.0,37.0,0.6,4.0,10.0,16.0,0.6,5.0,11.0,11.0,Excelsior,12.0,2.0,1.0,0.0,1.0,2.0,37.0,9.0,3.0,0.3,0.0,0.0,241.0,323.0,0.7,3.0,8.0,0.4,65.0,33.0,0.5,3.0,12.0,17.0,0.7,6.0,25.0,25.0,675350,2023-09-02 19:00:00,2023
FC Utrecht,13.0,1.0,0.0,1.0,5.0,6.0,45.1,5.0,1.0,0.2,0.0,0.0,331.0,417.0,0.8,2.0,18.0,0.1,49.0,21.0,0.4,3.0,17.0,29.0,0.6,8.0,20.0,20.0,Feyenoord Rotterdam,13.0,0.0,0.0,2.0,8.0,0.0,54.9,21.0,11.0,0.5,0.0,0.0,446.0,519.0,0.9,2.0,15.0,0.1,40.0,18.0,0.5,4.0,8.0,13.0,0.6,10.0,13.0,13.0,675351,2023-09-03 10:15:00,2023
Fortuna Sittard,21.0,3.0,0.0,2.0,3.0,4.0,34.1,11.0,3.0,0.3,0.0,1.0,225.0,305.0,0.7,3.0,10.0,0.3,64.0,30.0,0.5,4.0,13.0,22.0,0.6,7.0,23.0,23.0,Ajax Amsterdam,8.0,2.0,0.0,1.0,7.0,3.0,65.9,12.0,4.0,0.3,0.0,0.0,496.0,584.0,0.8,4.0,24.0,0.2,45.0,18.0,0.4,4.0,8.0,11.0,0.7,3.0,14.0,14.0,675353,2023-09-03 12:30:00,2023
FC Volendam,11.0,2.0,0.0,1.0,2.0,2.0,35.2,7.0,2.0,0.3,0.0,0.0,228.0,319.0,0.7,3.0,8.0,0.4,73.0,31.0,0.4,1.0,9.0,20.0,0.5,9.0,17.0,17.0,FC Twente,8.0,2.0,0.0,1.0,5.0,2.0,64.8,12.0,4.0,0.3,0.0,0.0,502.0,606.0,0.8,3.0,16.0,0.2,70.0,30.0,0.4,2.0,15.0,24.0,0.6,11.0,11.0,11.0,675352,2023-09-03 12:30:00,2023
Vitesse,12.0,3.0,0.0,1.0,0.0,5.0,50.2,4.0,2.0,0.5,0.0,0.0,350.0,425.0,0.8,1.0,11.0,0.1,46.0,19.0,0.4,2.0,10.0,15.0,0.7,8.0,18.0,18.0,AZ Alkmaar,10.0,0.0,0.0,4.0,9.0,2.0,49.8,16.0,7.0,0.4,0.0,0.0,350.0,408.0,0.9,4.0,17.0,0.2,40.0,17.0,0.4,4.0,9.0,19.0,0.5,13.0,4.0,4.0,675354,2023-09-03 14:45:00,2023
Feyenoord Rotterdam,9.0,1.0,0.0,1.0,6.0,0.0,61.7,21.0,9.0,0.4,0.0,0.0,548.0,614.0,0.9,7.0,14.0,0.5,32.0,22.0,0.7,4.0,13.0,17.0,0.8,4.0,11.0,11.0,Heerenveen,9.0,0.0,0.0,1.0,3.0,3.0,38.3,7.0,2.0,0.3,0.0,0.0,292.0,370.0,0.8,1.0,12.0,0.1,63.0,28.0,0.4,2.0,9.0,17.0,0.5,16.0,9.0,9.0,675355,2023-09-16 14:30:00,2023
Vitesse,10.0,1.0,1.0,0.0,8.0,7.0,57.3,16.0,2.0,0.1,0.0,0.0,414.0,487.0,0.9,8.0,23.0,0.3,49.0,18.0,0.4,2.0,10.0,15.0,0.7,9.0,12.0,12.0,RKC Waalwijk,9.0,5.0,0.0,3.0,6.0,2.0,42.7,18.0,9.0,0.5,0.0,0.0,293.0,365.0,0.8,4.0,16.0,0.3,53.0,21.0,0.4,3.0,7.0,13.0,0.5,9.0,21.0,21.0,675356,2023-09-16 16:45:00,2023
PSV Eindhoven,11.0,1.0,0.0,0.0,8.0,0.0,60.4,28.0,11.0,0.4,2.0,2.0,446.0,518.0,0.9,11.0,25.0,0.4,49.0,29.0,0.6,9.0,9.0,16.0,0.6,13.0,10.0,10.0,NEC Nijmegen,11.0,3.0,0.0,2.0,3.0,7.0,39.6,3.0,0.0,0.0,0.0,0.0,260.0,347.0,0.7,2.0,8.0,0.3,73.0,35.0,0.5,2.0,18.0,27.0,0.7,7.0,14.0,14.0,675358,2023-09-16 18:00:00,2023
Fortuna Sittard,9.0,1.0,0.0,1.0,15.0,1.0,57.0,27.0,11.0,0.4,0.0,0.0,321.0,415.0,0.8,9.0,28.0,0.3,52.0,22.0,0.4,4.0,7.0,10.0,0.7,5.0,12.0,12.0,FC Volendam,5.0,0.0,0.0,0.0,3.0,7.0,43.0,7.0,2.0,0.3,0.0,0.0,228.0,321.0,0.7,2.0,8.0,0.3,49.0,17.0,0.3,3.0,8.0,16.0,0.5,10.0,25.0,25.0,675357,2023-09-16 18:00:00,2023
Heracles Almelo,13.0,3.0,0.0,4.0,4.0,5.0,57.1,11.0,1.0,0.1,0.0,0.0,373.0,458.0,0.8,7.0,28.0,0.3,74.0,41.0,0.6,3.0,6.0,8.0,0.8,10.0,7.0,7.0,FC Utrecht,13.0,3.0,0.0,1.0,4.0,0.0,42.9,11.0,7.0,0.6,0.0,0.0,267.0,349.0,0.8,3.0,13.0,0.2,75.0,33.0,0.4,0.0,9.0,16.0,0.6,5.0,34.0,34.0,675359,2023-09-16 19:00:00,2023
PEC Zwolle,8.0,1.0,0.0,2.0,11.0,1.0,62.3,27.0,11.0,0.4,0.0,0.0,421.0,495.0,0.9,12.0,43.0,0.3,52.0,29.0,0.6,9.0,10.0,14.0,0.7,7.0,17.0,17.0,Go Ahead Eagles,6.0,2.0,1.0,3.0,4.0,10.0,37.7,9.0,2.0,0.2,0.0,0.0,239.0,313.0,0.8,3.0,13.0,0.2,56.0,23.0,0.4,2.0,4.0,8.0,0.5,5.0,36.0,36.0,675360,2023-09-17 10:15:00,2023
FC Twente,13.0,1.0,0.0,2.0,5.0,2.0,46.6,24.0,9.0,0.4,0.0,0.0,380.0,474.0,0.8,4.0,13.0,0.3,61.0,25.0,0.4,11.0,9.0,20.0,0.5,8.0,25.0,25.0,Ajax Amsterdam,11.0,2.0,0.0,2.0,9.0,6.0,53.4,10.0,2.0,0.2,0.0,0.0,452.0,533.0,0.8,1.0,23.0,0.0,62.0,35.0,0.6,4.0,7.0,12.0,0.6,11.0,16.0,16.0,675362,2023-09-17 12:30:00,2023
Excelsior,7.0,2.0,0.0,1.0,4.0,3.0,49.3,14.0,2.0,0.1,0.0,0.0,280.0,430.0,0.7,5.0,10.0,0.5,96.0,41.0,0.4,6.0,11.0,21.0,0.5,14.0,31.0,31.0,Almere City,13.0,3.0,0.0,3.0,5.0,3.0,50.7,15.0,3.0,0.2,0.0,0.0,286.0,431.0,0.7,7.0,23.0,0.3,69.0,23.0,0.3,2.0,14.0,20.0,0.7,12.0,13.0,13.0,675361,2023-09-17 12:30:00,2023
AZ Alkmaar,8.0,0.0,0.0,1.0,9.0,3.0,52.5,18.0,7.0,0.4,0.0,0.0,417.0,498.0,0.8,8.0,24.0,0.3,71.0,40.0,0.6,3.0,8.0,13.0,0.6,6.0,17.0,17.0,Sparta Rotterdam,6.0,3.0,0.0,0.0,4.0,5.0,47.5,10.0,3.0,0.3,0.0,0.0,375.0,457.0,0.8,6.0,15.0,0.4,73.0,44.0,0.6,2.0,11.0,14.0,0.8,16.0,19.0,19.0,675363,2023-09-17 14:45:00,2023
Go Ahead Eagles,3.0,0.0,0.0,0.0,2.0,2.0,48.7,20.0,9.0,0.5,0.0,0.0,302.0,402.0,0.8,1.0,11.0,0.1,63.0,27.0,0.4,6.0,6.0,17.0,0.4,8.0,22.0,22.0,Fortuna Sittard,14.0,4.0,0.0,0.0,5.0,6.0,51.3,21.0,2.0,0.1,0.0,0.0,312.0,403.0,0.8,10.0,32.0,0.3,76.0,37.0,0.5,7.0,9.0,21.0,0.4,17.0,20.0,20.0,675364,2023-09-22 18:00:00,2023
FC Volendam,15.0,1.0,0.0,5.0,5.0,3.0,50.1,16.0,6.0,0.4,0.0,0.0,301.0,376.0,0.8,4.0,17.0,0.2,44.0,21.0,0.5,4.0,6.0,12.0,0.5,6.0,16.0,16.0,Heracles Almelo,14.0,1.0,0.0,2.0,7.0,4.0,49.9,15.0,5.0,0.3,0.0,0.0,291.0,376.0,0.8,6.0,15.0,0.4,63.0,26.0,0.4,5.0,12.0,20.0,0.6,7.0,15.0,15.0,675365,2023-09-23 14:30:00,2023
NEC Nijmegen,8.0,1.0,0.0,4.0,4.0,3.0,42.0,9.0,5.0,0.6,1.0,1.0,306.0,385.0,0.8,6.0,18.0,0.3,52.0,30.0,0.6,2.0,11.0,18.0,0.6,5.0,15.0,15.0,FC Utrecht,11.0,2.0,0.0,1.0,4.0,2.0,58.0,17.0,3.0,0.2,0.0,0.0,462.0,531.0,0.9,8.0,26.0,0.3,60.0,38.0,0.6,7.0,9.0,21.0,0.4,6.0,16.0,16.0,675366,2023-09-23 16:45:00,2023
Almere City,15.0,1.0,0.0,0.0,5.0,5.0,39.8,9.0,2.0,0.2,0.0,0.0,192.0,295.0,0.7,3.0,27.0,0.1,75.0,27.0,0.4,3.0,9.0,14.0,0.6,9.0,18.0,18.0,PSV Eindhoven,6.0,1.0,0.0,2.0,8.0,2.0,60.2,20.0,9.0,0.5,0.0,0.0,352.0,470.0,0.7,6.0,15.0,0.4,79.0,34.0,0.4,2.0,10.0,16.0,0.6,10.0,29.0,29.0,675367,2023-09-23 18:00:00,2023
Heerenveen,12.0,4.0,0.0,2.0,3.0,0.0,58.9,9.0,2.0,0.2,0.0,0.0,442.0,513.0,0.9,4.0,21.0,0.2,39.0,22.0,0.6,2.0,7.0,14.0,0.5,7.0,5.0,5.0,Excelsior,11.0,2.0,0.0,2.0,2.0,2.0,41.1,7.0,4.0,0.6,0.0,0.0,286.0,368.0,0.8,1.0,8.0,0.1,63.0,41.0,0.7,1.0,18.0,25.0,0.7,17.0,21.0,21.0,675368,2023-09-23 19:00:00,2023
Sparta Rotterdam,13.0,1.0,0.0,2.0,5.0,0.0,49.2,17.0,5.0,0.3,0.0,0.0,249.0,341.0,0.7,9.0,18.0,0.5,54.0,25.0,0.5,7.0,13.0,21.0,0.6,5.0,20.0,20.0,Vitesse,19.0,2.0,0.0,0.0,3.0,4.0,50.8,6.0,0.0,0.0,0.0,0.0,252.0,354.0,0.7,4.0,15.0,0.3,62.0,27.0,0.4,2.0,13.0,21.0,0.6,6.0,16.0,16.0,675369,2023-09-24 10:15:00,2023
PEC Zwolle,14.0,3.0,0.0,0.0,2.0,2.0,46.5,7.0,3.0,0.4,0.0,0.0,364.0,435.0,0.8,2.0,14.0,0.1,45.0,25.0,0.6,2.0,9.0,24.0,0.4,13.0,18.0,18.0,AZ Alkmaar,8.0,2.0,0.0,4.0,6.0,3.0,53.5,15.0,5.0,0.3,0.0,0.0,425.0,501.0,0.8,2.0,14.0,0.1,60.0,36.0,0.6,3.0,8.0,11.0,0.7,7.0,13.0,13.0,675372,2023-09-24 14:45:00,2023
RKC Waalwijk,12.0,1.0,0.0,1.0,1.0,2.0,47.4,9.0,3.0,0.3,0.0,0.0,302.0,397.0,0.8,2.0,9.0,0.2,62.0,19.0,0.3,1.0,6.0,19.0,0.3,6.0,23.0,23.0,FC Twente,13.0,1.0,0.0,0.0,6.0,2.0,52.6,7.0,2.0,0.3,0.0,0.0,337.0,427.0,0.8,3.0,22.0,0.1,58.0,30.0,0.5,3.0,10.0,17.0,0.6,7.0,12.0,12.0,675371,2023-09-24 14:45:00,2023
Ajax Amsterdam,0.0,0.0,0.0,0.0,0.0,0.0,0.0,0.0,0.0,0.0,0.0,0.0,0.0,0.0,0.0,0.0,0.0,0.0,0.0,0.0,0.0,0.0,0.0,0.0,0.0,0.0,0.0,0.0,Feyenoord Rotterdam,0.0,0.0,0.0,0.0,0.0,0.0,0.0,0.0,0.0,0.0,0.0,0.0,0.0,0.0,0.0,0.0,0.0,0.0,0.0,0.0,0.0,0.0,0.0,0.0,0.0,0.0,0.0,0.0,675370,2023-09-27 12:00:00,2023
PSV Eindhoven,11.0,0.0,0.0,3.0,9.0,2.0,65.3,23.0,11.0,0.5,0.0,0.0,517.0,609.0,0.8,8.0,25.0,0.3,61.0,46.0,0.8,7.0,13.0,18.0,0.7,13.0,12.0,12.0,Go Ahead Eagles,7.0,2.0,0.0,0.0,2.0,8.0,34.7,9.0,2.0,0.2,0.0,0.0,229.0,318.0,0.7,3.0,13.0,0.2,57.0,20.0,0.4,2.0,3.0,12.0,0.3,10.0,24.0,24.0,675341,2023-09-27 16:45:00,2023
FC Twente,12.0,1.0,0.0,2.0,5.0,3.0,66.0,18.0,5.0,0.3,0.0,0.0,417.0,507.0,0.8,5.0,19.0,0.3,71.0,35.0,0.5,5.0,6.0,8.0,0.8,7.0,7.0,7.0,Vitesse,15.0,4.0,0.0,5.0,1.0,4.0,34.0,10.0,3.0,0.3,0.0,0.0,172.0,263.0,0.7,5.0,10.0,0.5,72.0,35.0,0.5,0.0,9.0,21.0,0.4,13.0,19.0,19.0,675373,2023-09-27 18:00:00,2023
AZ Alkmaar,9.0,1.0,0.0,3.0,16.0,1.0,61.0,21.0,7.0,0.3,0.0,0.0,523.0,599.0,0.9,8.0,30.0,0.3,37.0,25.0,0.7,7.0,13.0,21.0,0.6,9.0,8.0,8.0,Heracles Almelo,9.0,3.0,0.0,0.0,0.0,5.0,39.0,4.0,2.0,0.5,0.0,0.0,318.0,395.0,0.8,1.0,5.0,0.2,65.0,27.0,0.4,0.0,10.0,17.0,0.6,12.0,40.0,40.0,675375,2023-09-28 18:00:00,2023
Feyenoord Rotterdam,11.0,1.0,0.0,3.0,11.0,3.0,62.4,29.0,9.0,0.3,0.0,0.0,524.0,595.0,0.9,8.0,21.0,0.4,41.0,22.0,0.5,8.0,4.0,12.0,0.3,11.0,7.0,7.0,Go Ahead Eagles,11.0,2.0,0.0,2.0,0.0,6.0,37.6,7.0,3.0,0.4,0.0,0.0,281.0,357.0,0.8,1.0,10.0,0.1,59.0,22.0,0.4,1.0,10.0,16.0,0.6,8.0,30.0,30.0,675376,2023-09-30 14:30:00,2023
FC Utrecht,15.0,2.0,1.0,0.0,4.0,3.0,52.3,11.0,2.0,0.2,0.0,0.0,296.0,418.0,0.7,3.0,12.0,0.3,70.0,29.0,0.4,2.0,9.0,16.0,0.6,5.0,29.0,29.0,Almere City,19.0,4.0,0.0,2.0,6.0,2.0,47.7,17.0,5.0,0.3,0.0,0.0,269.0,371.0,0.7,6.0,23.0,0.3,89.0,45.0,0.5,6.0,9.0,13.0,0.7,9.0,17.0,17.0,675377,2023-09-30 16:45:00,2023
PSV Eindhoven,12.0,1.0,0.0,5.0,7.0,0.0,75.5,38.0,17.0,0.4,0.0,0.0,545.0,640.0,0.9,10.0,24.0,0.4,53.0,34.0,0.6,8.0,9.0,19.0,0.5,9.0,7.0,7.0,FC Volendam,9.0,0.0,1.0,3.0,0.0,13.0,24.5,2.0,1.0,0.5,1.0,1.0,111.0,205.0,0.5,2.0,4.0,0.5,56.0,17.0,0.3,0.0,15.0,25.0,0.6,14.0,27.0,27.0,675378,2023-09-30 16:45:00,2023
FC Twente,10.0,3.0,0.0,2.0,8.0,1.0,65.8,11.0,3.0,0.3,0.0,0.0,479.0,576.0,0.8,5.0,29.0,0.2,71.0,36.0,0.5,3.0,13.0,23.0,0.6,9.0,20.0,20.0,Heerenveen,12.0,1.0,0.0,1.0,1.0,2.0,34.2,5.0,1.0,0.2,0.0,0.0,201.0,294.0,0.7,2.0,19.0,0.1,65.0,28.0,0.4,0.0,9.0,12.0,0.8,8.0,33.0,33.0,675379,2023-09-30 19:00:00,2023
NEC Nijmegen,11.0,2.0,0.0,4.0,6.0,2.0,63.9,9.0,5.0,0.6,0.0,0.0,383.0,479.0,0.8,3.0,19.0,0.2,63.0,28.0,0.4,1.0,11.0,24.0,0.5,6.0,12.0,12.0,Vitesse,19.0,5.0,0.0,2.0,5.0,4.0,36.1,11.0,5.0,0.5,0.0,0.0,188.0,262.0,0.7,6.0,19.0,0.3,46.0,16.0,0.3,3.0,6.0,14.0,0.4,9.0,32.0,32.0,675381,2023-10-01 10:15:00,2023
Excelsior,9.0,4.0,0.0,0.0,2.0,4.0,55.4,15.0,7.0,0.5,0.0,0.0,375.0,457.0,0.8,4.0,23.0,0.2,75.0,36.0,0.5,4.0,8.0,13.0,0.6,4.0,27.0,27.0,Sparta Rotterdam,14.0,1.0,0.0,3.0,7.0,5.0,44.6,9.0,5.0,0.6,0.0,0.0,267.0,365.0,0.7,7.0,28.0,0.3,57.0,23.0,0.4,2.0,9.0,15.0,0.6,6.0,14.0,14.0,675383,2023-10-01 12:30:00,2023
Heracles Almelo,9.0,1.0,0.0,4.0,2.0,4.0,43.1,13.0,6.0,0.5,1.0,1.0,296.0,381.0,0.8,4.0,15.0,0.3,77.0,34.0,0.4,1.0,13.0,16.0,0.8,6.0,20.0,20.0,PEC Zwolle,12.0,3.0,0.0,2.0,2.0,4.0,56.9,13.0,5.0,0.4,0.0,0.0,419.0,498.0,0.8,7.0,21.0,0.3,46.0,26.0,0.6,2.0,10.0,21.0,0.5,5.0,14.0,14.0,675382,2023-10-01 12:30:00,2023
AZ Alkmaar,14.0,1.0,0.0,0.0,1.0,1.0,55.9,12.0,7.0,0.6,0.0,0.0,509.0,580.0,0.9,1.0,7.0,0.1,49.0,25.0,0.5,3.0,6.0,9.0,0.7,11.0,17.0,17.0,Fortuna Sittard,12.0,3.0,0.0,2.0,3.0,4.0,44.1,8.0,1.0,0.1,0.0,0.0,366.0,444.0,0.8,5.0,17.0,0.3,58.0,28.0,0.5,2.0,16.0,20.0,0.8,9.0,6.0,6.0,675384,2023-10-01 14:45:00,2023
FC Volendam,21.0,3.0,0.0,1.0,6.0,3.0,66.8,15.0,5.0,0.3,0.0,0.0,401.0,485.0,0.8,9.0,27.0,0.3,57.0,28.0,0.5,1.0,9.0,12.0,0.8,5.0,15.0,15.0,FC Utrecht,11.0,2.0,1.0,1.0,0.0,4.0,33.2,7.0,3.0,0.4,0.0,0.0,150.0,248.0,0.6,3.0,9.0,0.3,77.0,21.0,0.3,1.0,9.0,14.0,0.6,7.0,22.0,22.0,675385,2023-10-06 18:00:00,2023
Heerenveen,5.0,1.0,0.0,2.0,7.0,2.0,48.9,18.0,7.0,0.4,0.0,0.0,348.0,438.0,0.8,7.0,30.0,0.2,58.0,25.0,0.4,5.0,14.0,18.0,0.8,7.0,12.0,12.0,NEC Nijmegen,12.0,0.0,0.0,1.0,1.0,6.0,51.1,9.0,3.0,0.3,0.0,0.0,379.0,472.0,0.8,7.0,16.0,0.4,77.0,48.0,0.6,4.0,11.0,23.0,0.5,7.0,34.0,34.0,675386,2023-10-07 14:30:00,2023
Almere City,12.0,1.0,0.0,1.0,4.0,4.0,42.8,18.0,6.0,0.3,0.0,0.0,237.0,352.0,0.7,5.0,11.0,0.5,66.0,20.0,0.3,8.0,10.0,20.0,0.5,11.0,15.0,15.0,RKC Waalwijk,10.0,1.0,0.0,0.0,3.0,5.0,57.2,13.0,4.0,0.3,0.0,0.0,337.0,468.0,0.7,2.0,15.0,0.1,77.0,30.0,0.4,3.0,17.0,31.0,0.5,8.0,16.0,16.0,675387,2023-10-07 16:45:00,2023
Go Ahead Eagles,10.0,0.0,0.0,1.0,9.0,8.0,38.2,22.0,13.0,0.6,0.0,0.0,241.0,319.0,0.8,6.0,20.0,0.3,47.0,17.0,0.4,4.0,9.0,14.0,0.6,12.0,20.0,20.0,Heracles Almelo,11.0,2.0,0.0,2.0,5.0,9.0,61.8,17.0,8.0,0.5,0.0,0.0,444.0,514.0,0.9,5.0,30.0,0.2,58.0,30.0,0.5,3.0,11.0,15.0,0.7,13.0,21.0,21.0,675388,2023-10-07 18:00:00,2023
Vitesse,9.0,2.0,0.0,0.0,11.0,5.0,41.9,21.0,7.0,0.3,0.0,0.0,246.0,341.0,0.7,3.0,19.0,0.2,66.0,30.0,0.5,5.0,8.0,17.0,0.5,14.0,17.0,17.0,Excelsior,11.0,0.0,0.0,2.0,5.0,7.0,58.1,11.0,5.0,0.5,0.0,0.0,386.0,482.0,0.8,4.0,20.0,0.2,91.0,46.0,0.5,4.0,14.0,24.0,0.6,10.0,22.0,22.0,675389,2023-10-07 19:00:00,2023
PEC Zwolle,11.0,1.0,0.0,0.0,3.0,3.0,41.9,4.0,1.0,0.3,0.0,0.0,281.0,380.0,0.7,0.0,7.0,0.0,65.0,25.0,0.4,2.0,21.0,28.0,0.8,16.0,19.0,19.0,Feyenoord Rotterdam,6.0,0.0,0.0,7.0,4.0,1.0,58.1,13.0,5.0,0.4,0.0,0.0,426.0,526.0,0.8,4.0,13.0,0.3,59.0,27.0,0.5,4.0,11.0,22.0,0.5,6.0,8.0,8.0,675390,2023-10-08 10:15:00,2023
Fortuna Sittard,13.0,2.0,1.0,1.0,3.0,3.0,41.8,3.0,1.0,0.3,0.0,0.0,274.0,355.0,0.8,3.0,15.0,0.2,55.0,21.0,0.4,0.0,10.0,16.0,0.6,12.0,17.0,17.0,FC Twente,16.0,2.0,0.0,1.0,7.0,1.0,58.2,15.0,6.0,0.4,0.0,0.0,395.0,494.0,0.8,2.0,18.0,0.1,45.0,19.0,0.4,2.0,4.0,9.0,0.4,8.0,13.0,13.0,675392,2023-10-08 12:30:00,2023
Ajax Amsterdam,7.0,2.0,0.0,0.0,6.0,2.0,53.1,6.0,1.0,0.2,0.0,0.0,454.0,549.0,0.8,4.0,14.0,0.3,56.0,24.0,0.4,3.0,11.0,22.0,0.5,9.0,9.0,9.0,AZ Alkmaar,12.0,1.0,0.0,0.0,4.0,0.0,46.9,12.0,4.0,0.3,0.0,0.0,412.0,490.0,0.8,2.0,8.0,0.3,52.0,32.0,0.6,4.0,14.0,20.0,0.7,10.0,24.0,24.0,675391,2023-10-08 12:30:00,2023
Sparta Rotterdam,12.0,3.0,0.0,2.0,1.0,7.0,31.9,8.0,3.0,0.4,0.0,0.0,185.0,262.0,0.7,4.0,13.0,0.3,66.0,28.0,0.4,3.0,9.0,14.0,0.6,8.0,25.0,25.0,PSV Eindhoven,14.0,1.0,0.0,0.0,8.0,3.0,68.1,30.0,11.0,0.4,0.0,1.0,484.0,560.0,0.9,9.0,24.0,0.4,58.0,36.0,0.6,7.0,4.0,10.0,0.4,7.0,12.0,12.0,675393,2023-10-08 14:45:00,2023
PSV Eindhoven,7.0,0.0,0.0,1.0,10.0,0.0,72.9,18.0,6.0,0.3,0.0,0.0,588.0,687.0,0.9,6.0,25.0,0.2,58.0,38.0,0.7,7.0,5.0,9.0,0.6,8.0,15.0,15.0,Fortuna Sittard,8.0,1.0,0.0,1.0,1.0,3.0,27.1,2.0,1.0,0.5,1.0,1.0,153.0,255.0,0.6,1.0,11.0,0.1,72.0,25.0,0.3,0.0,7.0,17.0,0.4,12.0,24.0,24.0,675395,2023-10-21 16:45:00,2023
RKC Waalwijk,10.0,3.0,0.0,2.0,3.0,2.0,46.9,10.0,4.0,0.4,0.0,0.0,276.0,365.0,0.8,4.0,16.0,0.3,70.0,28.0,0.4,2.0,16.0,23.0,0.7,8.0,29.0,29.0,FC Volendam,6.0,2.0,0.0,0.0,4.0,2.0,53.1,11.0,3.0,0.3,0.0,0.0,331.0,409.0,0.8,6.0,25.0,0.2,58.0,22.0,0.4,0.0,3.0,11.0,0.3,14.0,17.0,17.0,675396,2023-10-21 16:45:00,2023
NEC Nijmegen,11.0,0.0,1.0,1.0,6.0,1.0,55.5,12.0,4.0,0.3,0.0,0.0,325.0,457.0,0.7,5.0,27.0,0.2,85.0,40.0,0.5,4.0,11.0,16.0,0.7,6.0,13.0,13.0,Almere City,19.0,2.0,0.0,0.0,5.0,3.0,44.5,14.0,2.0,0.1,0.0,0.0,239.0,367.0,0.7,8.0,19.0,0.4,68.0,21.0,0.3,6.0,8.0,15.0,0.5,14.0,32.0,32.0,675397,2023-10-21 18:00:00,2023
Feyenoord Rotterdam,7.0,0.0,0.0,3.0,9.0,1.0,56.8,23.0,8.0,0.3,0.0,0.0,435.0,504.0,0.9,3.0,19.0,0.2,44.0,25.0,0.6,6.0,14.0,21.0,0.7,7.0,7.0,7.0,Vitesse,9.0,1.0,0.0,0.0,2.0,4.0,43.2,4.0,1.0,0.3,0.0,0.0,305.0,390.0,0.8,1.0,6.0,0.2,53.0,19.0,0.4,1.0,14.0,21.0,0.7,9.0,18.0,18.0,675394,2023-10-21 19:00:00,2023
AZ Alkmaar,3.0,1.0,0.0,1.0,6.0,3.0,59.2,11.0,3.0,0.3,0.0,0.0,530.0,600.0,0.9,5.0,15.0,0.3,58.0,37.0,0.6,4.0,10.0,18.0,0.6,6.0,6.0,6.0,Heerenveen,10.0,1.0,0.0,0.0,3.0,0.0,40.8,9.0,3.0,0.3,0.0,0.0,362.0,412.0,0.9,3.0,12.0,0.3,37.0,23.0,0.6,2.0,11.0,23.0,0.5,8.0,17.0,17.0,675398,2023-10-21 19:00:00,2023
FC Utrecht,11.0,1.0,0.0,0.0,6.0,3.0,41.0,14.0,8.0,0.6,0.0,0.0,249.0,337.0,0.7,3.0,19.0,0.2,69.0,30.0,0.4,5.0,15.0,19.0,0.8,7.0,25.0,25.0,Ajax Amsterdam,9.0,2.0,0.0,2.0,5.0,4.0,59.0,11.0,6.0,0.5,1.0,1.0,397.0,492.0,0.8,6.0,22.0,0.3,54.0,22.0,0.4,1.0,8.0,17.0,0.5,13.0,18.0,18.0,675399,2023-10-22 10:15:00,2023
Excelsior,8.0,0.0,0.0,0.0,2.0,2.0,54.2,18.0,5.0,0.3,0.0,0.0,401.0,498.0,0.8,8.0,17.0,0.5,72.0,31.0,0.4,4.0,5.0,9.0,0.6,9.0,13.0,13.0,PEC Zwolle,10.0,2.0,0.0,4.0,4.0,4.0,45.8,11.0,6.0,0.5,0.0,0.0,331.0,424.0,0.8,1.0,11.0,0.1,59.0,30.0,0.5,2.0,11.0,18.0,0.6,7.0,16.0,16.0,675401,2023-10-22 12:30:00,2023
Heracles Almelo,22.0,2.0,0.0,2.0,6.0,3.0,45.4,16.0,3.0,0.2,0.0,0.0,261.0,345.0,0.8,6.0,20.0,0.3,75.0,36.0,0.5,7.0,15.0,22.0,0.7,12.0,16.0,16.0,FC Twente,14.0,5.0,0.0,0.0,6.0,1.0,54.6,17.0,5.0,0.3,0.0,0.0,327.0,415.0,0.8,6.0,24.0,0.3,65.0,32.0,0.5,7.0,10.0,22.0,0.5,7.0,15.0,15.0,675400,2023-10-22 12:30:00,2023
Go Ahead Eagles,4.0,0.0,0.0,0.0,3.0,6.0,43.9,16.0,6.0,0.4,0.0,0.0,307.0,398.0,0.8,2.0,18.0,0.1,53.0,20.0,0.4,3.0,6.0,14.0,0.4,6.0,23.0,23.0,Sparta Rotterdam,10.0,0.0,0.0,1.0,6.0,6.0,56.1,15.0,6.0,0.4,0.0,0.0,418.0,508.0,0.8,5.0,25.0,0.2,71.0,36.0,0.5,7.0,13.0,18.0,0.7,9.0,15.0,15.0,675402,2023-10-22 14:45:00,2023
Vitesse,7.0,0.0,0.0,0.0,18.0,1.0,63.8,30.0,12.0,0.4,0.0,0.0,437.0,516.0,0.8,12.0,37.0,0.3,60.0,35.0,0.6,7.0,8.0,13.0,0.6,6.0,7.0,7.0,PEC Zwolle,12.0,1.0,0.0,2.0,2.0,10.0,36.2,5.0,2.0,0.4,0.0,0.0,218.0,308.0,0.7,1.0,7.0,0.1,58.0,19.0,0.3,2.0,13.0,22.0,0.6,13.0,34.0,34.0,675403,2023-10-27 18:00:00,2023
Heerenveen,11.0,2.0,0.0,0.0,10.0,3.0,48.5,18.0,9.0,0.5,0.0,0.0,317.0,414.0,0.8,5.0,18.0,0.3,58.0,29.0,0.5,1.0,9.0,15.0,0.6,9.0,13.0,13.0,Heracles Almelo,9.0,2.0,0.0,0.0,4.0,6.0,51.5,9.0,3.0,0.3,0.0,0.0,357.0,445.0,0.8,4.0,18.0,0.2,68.0,36.0,0.5,2.0,11.0,16.0,0.7,9.0,14.0,14.0,675405,2023-10-28 16:45:00,2023
Almere City,20.0,1.0,0.0,3.0,6.0,3.0,51.1,11.0,1.0,0.1,0.0,0.0,268.0,381.0,0.7,8.0,27.0,0.3,71.0,24.0,0.3,4.0,10.0,12.0,0.8,9.0,29.0,29.0,Go Ahead Eagles,7.0,0.0,0.0,0.0,5.0,1.0,48.9,9.0,3.0,0.3,0.0,0.0,254.0,378.0,0.7,3.0,13.0,0.2,79.0,34.0,0.4,3.0,11.0,19.0,0.6,12.0,23.0,23.0,675404,2023-10-28 18:00:00,2023
Sparta Rotterdam,8.0,2.0,1.0,0.0,8.0,3.0,52.3,15.0,4.0,0.3,1.0,1.0,369.0,446.0,0.8,10.0,21.0,0.5,68.0,37.0,0.5,4.0,7.0,15.0,0.5,7.0,12.0,12.0,RKC Waalwijk,9.0,1.0,0.0,0.0,4.0,2.0,47.7,11.0,3.0,0.3,0.0,0.0,329.0,398.0,0.8,2.0,27.0,0.1,60.0,36.0,0.6,3.0,4.0,7.0,0.6,5.0,16.0,16.0,675406,2023-10-28 18:00:00,2023
Fortuna Sittard,8.0,1.0,0.0,0.0,5.0,2.0,51.8,11.0,5.0,0.5,0.0,1.0,325.0,431.0,0.8,4.0,16.0,0.3,79.0,30.0,0.4,1.0,10.0,20.0,0.5,10.0,18.0,18.0,FC Utrecht,6.0,1.0,0.0,1.0,5.0,6.0,48.2,12.0,3.0,0.3,0.0,0.0,282.0,390.0,0.7,5.0,28.0,0.2,49.0,16.0,0.3,1.0,14.0,19.0,0.7,9.0,36.0,36.0,675407,2023-10-28 19:00:00,2023
FC Twente,13.0,5.0,0.0,0.0,2.0,4.0,40.2,12.0,5.0,0.4,0.0,0.0,260.0,360.0,0.7,2.0,9.0,0.2,74.0,33.0,0.4,2.0,10.0,12.0,0.8,16.0,23.0,23.0,Feyenoord Rotterdam,16.0,1.0,0.0,3.0,5.0,3.0,59.8,11.0,6.0,0.5,0.0,0.0,418.0,528.0,0.8,8.0,19.0,0.4,70.0,35.0,0.5,2.0,13.0,20.0,0.7,11.0,17.0,17.0,675408,2023-10-29 11:15:00,2023
FC Volendam,5.0,1.0,0.0,0.0,8.0,1.0,50.5,20.0,12.0,0.6,0.0,0.0,314.0,390.0,0.8,7.0,26.0,0.3,52.0,27.0,0.5,1.0,5.0,13.0,0.4,6.0,27.0,27.0,Excelsior,13.0,2.0,0.0,1.0,6.0,8.0,49.5,10.0,2.0,0.2,0.0,0.0,296.0,389.0,0.8,2.0,16.0,0.1,75.0,33.0,0.4,4.0,16.0,17.0,0.9,6.0,20.0,20.0,675410,2023-10-29 13:30:00,2023
PSV Eindhoven,10.0,1.0,0.0,1.0,5.0,5.0,53.6,26.0,9.0,0.3,0.0,0.0,380.0,460.0,0.8,4.0,12.0,0.3,51.0,27.0,0.5,6.0,10.0,17.0,0.6,10.0,9.0,9.0,Ajax Amsterdam,8.0,2.0,0.0,1.0,5.0,4.0,46.4,16.0,7.0,0.4,0.0,0.0,316.0,392.0,0.8,2.0,12.0,0.2,63.0,31.0,0.5,6.0,8.0,15.0,0.5,5.0,13.0,13.0,675409,2023-10-29 13:30:00,2023
Ajax Amsterdam,6.0,0.0,0.0,1.0,9.0,3.0,67.2,30.0,10.0,0.3,0.0,0.0,523.0,603.0,0.9,10.0,37.0,0.3,50.0,33.0,0.7,3.0,7.0,13.0,0.5,2.0,22.0,22.0,FC Volendam,7.0,1.0,0.0,1.0,4.0,8.0,32.8,7.0,3.0,0.4,0.0,0.0,198.0,290.0,0.7,2.0,19.0,0.1,57.0,15.0,0.3,1.0,12.0,19.0,0.6,11.0,33.0,33.0,675374,2023-11-02 19:00:00,2023
Heracles Almelo,9.0,1.0,1.0,0.0,1.0,5.0,35.9,7.0,1.0,0.1,0.0,0.0,208.0,294.0,0.7,2.0,7.0,0.3,54.0,13.0,0.2,4.0,9.0,21.0,0.4,9.0,18.0,18.0,PSV Eindhoven,7.0,0.0,0.0,3.0,7.0,1.0,64.1,34.0,11.0,0.3,1.0,1.0,456.0,521.0,0.9,10.0,24.0,0.4,59.0,43.0,0.7,8.0,10.0,11.0,0.9,12.0,8.0,8.0,675416,2023-11-04 15:30:00,2023
Excelsior,11.0,2.0,0.0,1.0,3.0,3.0,49.2,15.0,5.0,0.3,0.0,0.0,348.0,431.0,0.8,6.0,19.0,0.3,97.0,55.0,0.6,4.0,9.0,14.0,0.6,17.0,21.0,21.0,AZ Alkmaar,9.0,3.0,0.0,1.0,7.0,4.0,50.8,11.0,4.0,0.4,0.0,0.0,350.0,446.0,0.8,3.0,18.0,0.2,49.0,27.0,0.6,3.0,10.0,19.0,0.5,6.0,18.0,18.0,675413,2023-11-04 17:45:00,2023
RKC Waalwijk,7.0,0.0,1.0,1.0,2.0,10.0,24.9,5.0,1.0,0.2,0.0,0.0,152.0,228.0,0.7,2.0,8.0,0.3,55.0,19.0,0.3,2.0,11.0,20.0,0.6,8.0,23.0,23.0,Feyenoord Rotterdam,5.0,2.0,0.0,2.0,10.0,0.0,75.1,27.0,12.0,0.4,0.0,1.0,623.0,700.0,0.9,6.0,20.0,0.3,35.0,21.0,0.6,4.0,6.0,13.0,0.5,4.0,3.0,3.0,675414,2023-11-04 17:45:00,2023
Go Ahead Eagles,6.0,0.0,0.0,2.0,4.0,2.0,40.4,22.0,14.0,0.6,0.0,0.0,311.0,392.0,0.8,2.0,9.0,0.2,49.0,17.0,0.3,3.0,9.0,12.0,0.8,12.0,21.0,21.0,Vitesse,13.0,4.0,0.0,1.0,6.0,9.0,59.6,13.0,3.0,0.2,0.0,0.0,473.0,564.0,0.8,6.0,26.0,0.2,54.0,19.0,0.4,4.0,8.0,8.0,1.0,17.0,10.0,10.0,675415,2023-11-04 20:00:00,2023
FC Utrecht,8.0,3.0,0.0,2.0,5.0,0.0,46.0,14.0,6.0,0.4,0.0,0.0,320.0,403.0,0.8,6.0,23.0,0.3,55.0,26.0,0.5,3.0,15.0,18.0,0.8,10.0,11.0,11.0,FC Twente,10.0,2.0,1.0,1.0,3.0,5.0,54.0,10.0,1.0,0.1,1.0,1.0,402.0,489.0,0.8,2.0,14.0,0.1,67.0,29.0,0.4,5.0,8.0,13.0,0.6,5.0,19.0,19.0,675417,2023-11-05 11:15:00,2023
NEC Nijmegen,6.0,2.0,1.0,2.0,8.0,4.0,39.2,13.0,7.0,0.5,1.0,1.0,233.0,320.0,0.7,9.0,21.0,0.4,67.0,26.0,0.4,4.0,12.0,19.0,0.6,1.0,30.0,30.0,FC Volendam,11.0,2.0,0.0,3.0,4.0,3.0,60.8,15.0,7.0,0.5,0.0,0.0,427.0,502.0,0.9,7.0,28.0,0.3,51.0,20.0,0.4,2.0,11.0,18.0,0.6,5.0,17.0,17.0,675418,2023-11-05 13:30:00,2023
PEC Zwolle,11.0,3.0,0.0,1.0,2.0,2.0,57.2,15.0,6.0,0.4,0.0,0.0,429.0,520.0,0.8,5.0,21.0,0.2,43.0,23.0,0.5,4.0,11.0,16.0,0.7,9.0,25.0,25.0,Fortuna Sittard,11.0,1.0,0.0,2.0,2.0,4.0,42.8,8.0,2.0,0.3,0.0,0.0,300.0,391.0,0.8,1.0,14.0,0.1,63.0,30.0,0.5,3.0,5.0,14.0,0.4,14.0,18.0,18.0,675419,2023-11-05 13:30:00,2023
Sparta Rotterdam,2.0,0.0,0.0,1.0,10.0,2.0,62.1,24.0,7.0,0.3,0.0,0.0,375.0,498.0,0.8,9.0,39.0,0.2,82.0,29.0,0.4,9.0,8.0,10.0,0.8,6.0,13.0,13.0,Almere City,13.0,0.0,0.0,2.0,3.0,6.0,37.9,11.0,4.0,0.4,0.0,0.0,199.0,318.0,0.6,4.0,13.0,0.3,82.0,26.0,0.3,4.0,11.0,17.0,0.6,13.0,45.0,45.0,675420,2023-11-05 15:45:00,2023
Ajax Amsterdam,10.0,1.0,0.0,1.0,5.0,2.0,57.3,14.0,8.0,0.6,0.0,0.0,509.0,566.0,0.9,6.0,20.0,0.3,50.0,35.0,0.7,4.0,5.0,15.0,0.3,7.0,22.0,22.0,Heerenveen,8.0,2.0,0.0,0.0,8.0,4.0,42.7,12.0,3.0,0.3,0.0,0.0,345.0,413.0,0.8,6.0,20.0,0.3,51.0,27.0,0.5,5.0,10.0,18.0,0.6,7.0,19.0,19.0,675412,2023-11-05 15:45:00,2023
Fortuna Sittard,11.0,0.0,0.0,1.0,9.0,2.0,41.9,15.0,8.0,0.5,0.0,0.0,235.0,314.0,0.7,5.0,18.0,0.3,58.0,23.0,0.4,5.0,13.0,19.0,0.7,7.0,14.0,14.0,Heracles Almelo,10.0,4.0,0.0,2.0,7.0,4.0,58.1,7.0,3.0,0.4,0.0,0.0,364.0,445.0,0.8,2.0,15.0,0.1,68.0,30.0,0.4,1.0,10.0,19.0,0.5,4.0,18.0,18.0,675421,2023-11-10 19:00:00,2023
RKC Waalwijk,8.0,1.0,0.0,2.0,7.0,1.0,65.2,19.0,5.0,0.3,0.0,0.0,496.0,594.0,0.8,12.0,36.0,0.3,83.0,47.0,0.6,3.0,10.0,15.0,0.7,4.0,7.0,7.0,Go Ahead Eagles,5.0,0.0,0.0,2.0,0.0,5.0,34.8,9.0,2.0,0.2,0.0,0.0,227.0,332.0,0.7,2.0,6.0,0.3,74.0,25.0,0.3,5.0,6.0,15.0,0.4,6.0,28.0,28.0,675424,2023-11-11 17:45:00,2023
FC Twente,9.0,1.0,0.0,0.0,13.0,5.0,67.9,35.0,7.0,0.2,0.0,0.0,536.0,638.0,0.8,13.0,38.0,0.3,44.0,20.0,0.5,18.0,6.0,11.0,0.5,10.0,12.0,12.0,NEC Nijmegen,16.0,3.0,0.0,1.0,3.0,4.0,32.1,14.0,8.0,0.6,0.0,0.0,227.0,309.0,0.7,2.0,11.0,0.2,59.0,21.0,0.4,1.0,11.0,22.0,0.5,14.0,47.0,47.0,675426,2023-11-11 19:00:00,2023
Vitesse,10.0,2.0,1.0,0.0,4.0,4.0,40.3,9.0,5.0,0.6,0.0,0.0,254.0,359.0,0.7,5.0,12.0,0.4,78.0,30.0,0.4,2.0,11.0,22.0,0.5,11.0,24.0,24.0,Heerenveen,3.0,1.0,0.0,5.0,8.0,4.0,59.7,19.0,7.0,0.4,1.0,1.0,433.0,521.0,0.8,8.0,29.0,0.3,58.0,34.0,0.6,5.0,14.0,18.0,0.8,11.0,17.0,17.0,675422,2023-11-11 20:00:00,2023
PSV Eindhoven,10.0,0.0,0.0,2.0,12.0,2.0,65.7,21.0,6.0,0.3,0.0,0.0,497.0,575.0,0.9,11.0,35.0,0.3,38.0,22.0,0.6,3.0,6.0,11.0,0.5,5.0,8.0,8.0,PEC Zwolle,8.0,2.0,0.0,0.0,0.0,2.0,34.3,3.0,2.0,0.7,0.0,0.0,222.0,307.0,0.7,2.0,9.0,0.2,66.0,38.0,0.6,0.0,10.0,18.0,0.6,11.0,26.0,26.0,675423,2023-11-12 11:15:00,2023
Almere City,12.0,5.0,0.0,5.0,4.0,11.0,36.5,13.0,5.0,0.4,1.0,1.0,168.0,282.0,0.6,3.0,27.0,0.1,62.0,15.0,0.2,2.0,9.0,15.0,0.6,7.0,12.0,12.0,Ajax Amsterdam,10.0,2.0,0.0,2.0,6.0,3.0,63.5,22.0,13.0,0.6,0.0,0.0,414.0,524.0,0.8,5.0,16.0,0.3,93.0,48.0,0.5,2.0,8.0,13.0,0.6,10.0,20.0,20.0,675427,2023-11-12 13:30:00,2023
FC Volendam,4.0,0.0,0.0,1.0,3.0,3.0,61.4,17.0,1.0,0.1,0.0,0.0,470.0,544.0,0.9,4.0,30.0,0.1,58.0,38.0,0.7,6.0,8.0,14.0,0.6,7.0,23.0,23.0,Sparta Rotterdam,10.0,1.0,0.0,0.0,5.0,0.0,38.6,16.0,7.0,0.4,0.0,0.0,258.0,350.0,0.7,7.0,13.0,0.5,76.0,40.0,0.5,3.0,14.0,18.0,0.8,7.0,28.0,28.0,675425,2023-11-12 13:30:00,2023
Feyenoord Rotterdam,9.0,2.0,0.0,0.0,2.0,1.0,54.4,10.0,5.0,0.5,0.0,0.0,488.0,562.0,0.9,2.0,10.0,0.2,57.0,28.0,0.5,2.0,10.0,18.0,0.6,10.0,7.0,7.0,AZ Alkmaar,14.0,1.0,0.0,1.0,0.0,4.0,45.6,7.0,1.0,0.1,0.0,0.0,387.0,469.0,0.8,1.0,8.0,0.1,55.0,27.0,0.5,3.0,11.0,22.0,0.5,9.0,12.0,12.0,675428,2023-11-12 15:45:00,2023
FC Utrecht,6.0,1.0,0.0,2.0,13.0,4.0,58.9,14.0,6.0,0.4,0.0,0.0,382.0,465.0,0.8,7.0,37.0,0.2,36.0,15.0,0.4,3.0,5.0,13.0,0.4,7.0,14.0,14.0,Excelsior,11.0,1.0,0.0,1.0,2.0,4.0,41.1,12.0,6.0,0.5,0.0,0.0,253.0,342.0,0.7,3.0,10.0,0.3,74.0,21.0,0.3,3.0,16.0,20.0,0.8,12.0,37.0,37.0,675429,2023-11-12 19:00:00,2023
Excelsior,9.0,1.0,0.0,1.0,2.0,5.0,38.4,13.0,3.0,0.2,0.0,0.0,261.0,346.0,0.8,4.0,11.0,0.4,79.0,34.0,0.4,2.0,11.0,14.0,0.8,13.0,10.0,10.0,Feyenoord Rotterdam,7.0,1.0,0.0,3.0,5.0,2.0,61.6,20.0,9.0,0.5,0.0,0.0,488.0,567.0,0.9,3.0,13.0,0.2,52.0,34.0,0.7,7.0,11.0,14.0,0.8,7.0,13.0,13.0,675430,2023-11-25 15:30:00,2023
FC Twente,8.0,1.0,1.0,0.0,3.0,4.0,35.8,12.0,1.0,0.1,0.0,0.0,243.0,335.0,0.7,2.0,13.0,0.2,62.0,22.0,0.4,7.0,10.0,21.0,0.5,8.0,14.0,14.0,PSV Eindhoven,12.0,2.0,0.0,2.0,4.0,1.0,64.2,17.0,7.0,0.4,0.0,0.0,538.0,616.0,0.9,3.0,14.0,0.2,59.0,45.0,0.8,2.0,9.0,15.0,0.6,11.0,17.0,17.0,675432,2023-11-25 17:45:00,2023
Heerenveen,6.0,1.0,0.0,3.0,3.0,4.0,56.1,16.0,5.0,0.3,2.0,2.0,422.0,518.0,0.8,4.0,15.0,0.3,62.0,19.0,0.3,6.0,11.0,15.0,0.7,5.0,27.0,27.0,Fortuna Sittard,10.0,2.0,0.0,0.0,7.0,2.0,43.9,10.0,4.0,0.4,0.0,0.0,279.0,384.0,0.7,5.0,29.0,0.2,57.0,23.0,0.4,0.0,15.0,21.0,0.7,6.0,13.0,13.0,675431,2023-11-25 17:45:00,2023
PEC Zwolle,12.0,1.0,0.0,1.0,5.0,2.0,53.3,17.0,6.0,0.4,0.0,0.0,334.0,436.0,0.8,8.0,19.0,0.4,60.0,27.0,0.5,4.0,11.0,15.0,0.7,12.0,38.0,38.0,RKC Waalwijk,7.0,2.0,0.0,0.0,8.0,5.0,46.7,13.0,4.0,0.3,0.0,0.0,261.0,371.0,0.7,4.0,28.0,0.1,75.0,28.0,0.4,6.0,9.0,14.0,0.6,11.0,27.0,27.0,675434,2023-11-25 20:00:00,2023
Ajax Amsterdam,6.0,1.0,0.0,2.0,7.0,4.0,63.8,19.0,12.0,0.6,0.0,0.0,548.0,618.0,0.9,3.0,10.0,0.3,44.0,27.0,0.6,4.0,11.0,18.0,0.6,15.0,14.0,14.0,Vitesse,10.0,2.0,0.0,2.0,4.0,9.0,36.2,9.0,4.0,0.4,0.0,0.0,264.0,342.0,0.8,5.0,14.0,0.4,53.0,27.0,0.5,1.0,16.0,21.0,0.8,8.0,18.0,18.0,675433,2023-11-25 20:00:00,2023
Almere City,6.0,0.0,0.0,2.0,6.0,1.0,62.7,17.0,3.0,0.2,0.0,0.0,335.0,486.0,0.7,6.0,20.0,0.3,75.0,28.0,0.4,7.0,13.0,17.0,0.8,7.0,15.0,15.0,Heracles Almelo,16.0,3.0,0.0,3.0,4.0,3.0,37.3,17.0,6.0,0.4,0.0,0.0,166.0,292.0,0.6,3.0,10.0,0.3,99.0,28.0,0.3,4.0,10.0,23.0,0.4,12.0,29.0,29.0,675435,2023-11-26 11:15:00,2023
AZ Alkmaar,8.0,0.0,0.0,4.0,5.0,1.0,61.2,19.0,8.0,0.4,0.0,0.0,473.0,545.0,0.9,9.0,20.0,0.5,52.0,36.0,0.7,3.0,14.0,17.0,0.8,4.0,12.0,12.0,FC Volendam,6.0,0.0,0.0,1.0,4.0,5.0,38.8,7.0,1.0,0.1,0.0,0.0,272.0,348.0,0.8,2.0,10.0,0.2,65.0,27.0,0.4,4.0,14.0,17.0,0.8,8.0,29.0,29.0,675436,2023-11-26 13:30:00,2023
NEC Nijmegen,10.0,0.0,0.0,2.0,4.0,3.0,57.7,15.0,5.0,0.3,0.0,0.0,465.0,537.0,0.9,6.0,20.0,0.3,46.0,22.0,0.5,6.0,12.0,19.0,0.6,9.0,21.0,21.0,Go Ahead Eagles,11.0,3.0,0.0,1.0,10.0,4.0,42.3,12.0,4.0,0.3,0.0,0.0,304.0,378.0,0.8,5.0,28.0,0.2,45.0,16.0,0.4,6.0,12.0,13.0,0.9,6.0,22.0,22.0,675437,2023-11-26 13:30:00,2023
Sparta Rotterdam,6.0,0.0,0.0,1.0,5.0,1.0,60.5,19.0,6.0,0.3,0.0,0.0,495.0,578.0,0.9,9.0,33.0,0.3,60.0,33.0,0.6,4.0,8.0,9.0,0.9,2.0,11.0,11.0,FC Utrecht,10.0,3.0,0.0,0.0,4.0,5.0,39.5,7.0,2.0,0.3,0.0,0.0,295.0,384.0,0.8,0.0,12.0,0.0,74.0,31.0,0.4,3.0,12.0,17.0,0.7,5.0,39.0,39.0,675438,2023-11-26 15:45:00,2023
Heerenveen,6.0,1.0,0.0,1.0,7.0,2.0,52.6,15.0,8.0,0.5,0.0,0.0,322.0,430.0,0.7,3.0,17.0,0.2,56.0,23.0,0.4,1.0,17.0,22.0,0.8,13.0,26.0,26.0,Almere City,13.0,2.0,0.0,0.0,8.0,4.0,47.4,13.0,2.0,0.2,0.0,0.0,272.0,381.0,0.7,8.0,24.0,0.3,59.0,23.0,0.4,4.0,17.0,29.0,0.6,11.0,19.0,19.0,675439,2023-12-01 19:00:00,2023
FC Volendam,5.0,2.0,0.0,4.0,6.0,5.0,40.0,9.0,3.0,0.3,0.0,0.0,233.0,322.0,0.7,3.0,14.0,0.2,68.0,29.0,0.4,1.0,10.0,16.0,0.6,9.0,18.0,18.0,PEC Zwolle,4.0,0.0,0.0,5.0,5.0,3.0,60.0,20.0,10.0,0.5,0.0,0.0,405.0,486.0,0.8,5.0,19.0,0.3,64.0,37.0,0.6,4.0,9.0,13.0,0.7,6.0,12.0,12.0,675441,2023-12-02 17:45:00,2023
Fortuna Sittard,17.0,1.0,0.0,0.0,5.0,2.0,47.5,15.0,11.0,0.7,0.0,1.0,341.0,431.0,0.8,6.0,12.0,0.5,60.0,31.0,0.5,1.0,12.0,21.0,0.6,6.0,23.0,23.0,Vitesse,14.0,1.0,1.0,1.0,4.0,8.0,52.5,8.0,4.0,0.5,0.0,0.0,384.0,474.0,0.8,4.0,14.0,0.3,61.0,25.0,0.4,2.0,5.0,10.0,0.5,15.0,13.0,13.0,675442,2023-12-02 19:00:00,2023
RKC Waalwijk,5.0,0.0,0.0,0.0,2.0,5.0,51.5,17.0,8.0,0.5,0.0,0.0,405.0,500.0,0.8,5.0,17.0,0.3,66.0,26.0,0.4,7.0,7.0,16.0,0.4,10.0,14.0,14.0,Excelsior,4.0,0.0,0.0,1.0,2.0,6.0,48.5,13.0,6.0,0.5,0.0,0.0,382.0,472.0,0.8,4.0,12.0,0.3,66.0,27.0,0.4,3.0,11.0,18.0,0.6,12.0,13.0,13.0,675443,2023-12-02 19:00:00,2023
Heracles Almelo,13.0,1.0,0.0,0.0,6.0,3.0,52.9,13.0,3.0,0.2,0.0,0.0,378.0,470.0,0.8,5.0,29.0,0.2,71.0,32.0,0.5,5.0,12.0,15.0,0.8,7.0,17.0,17.0,Sparta Rotterdam,7.0,0.0,0.0,1.0,3.0,3.0,47.1,10.0,4.0,0.4,0.0,0.0,329.0,432.0,0.8,1.0,18.0,0.1,82.0,40.0,0.5,5.0,11.0,16.0,0.7,8.0,26.0,26.0,675440,2023-12-02 20:00:00,2023
Feyenoord Rotterdam,10.0,1.0,0.0,3.0,10.0,5.0,59.7,14.0,3.0,0.2,0.0,0.0,446.0,541.0,0.8,5.0,19.0,0.3,41.0,14.0,0.3,3.0,11.0,22.0,0.5,7.0,10.0,10.0,PSV Eindhoven,13.0,3.0,0.0,0.0,5.0,2.0,40.3,15.0,7.0,0.5,0.0,0.0,267.0,363.0,0.7,2.0,16.0,0.1,58.0,19.0,0.3,3.0,19.0,35.0,0.5,9.0,28.0,28.0,675444,2023-12-03 11:15:00,2023
Go Ahead Eagles,8.0,1.0,0.0,0.0,4.0,2.0,60.2,15.0,9.0,0.6,0.0,0.0,458.0,553.0,0.8,5.0,29.0,0.2,46.0,21.0,0.5,2.0,10.0,14.0,0.7,9.0,15.0,15.0,FC Twente,17.0,0.0,0.0,1.0,4.0,8.0,39.8,13.0,5.0,0.4,0.0,0.0,265.0,368.0,0.7,6.0,16.0,0.4,77.0,23.0,0.3,4.0,5.0,12.0,0.4,6.0,32.0,32.0,675446,2023-12-03 13:30:00,2023
NEC Nijmegen,4.0,0.0,0.0,1.0,2.0,7.0,43.8,7.0,3.0,0.4,0.0,0.0,350.0,436.0,0.8,4.0,20.0,0.2,57.0,31.0,0.5,2.0,10.0,17.0,0.6,16.0,19.0,19.0,Ajax Amsterdam,8.0,0.0,0.0,0.0,6.0,2.0,56.2,22.0,10.0,0.5,0.0,0.0,481.0,567.0,0.8,4.0,17.0,0.2,55.0,22.0,0.4,4.0,17.0,24.0,0.7,20.0,27.0,27.0,675445,2023-12-03 13:30:00,2023
FC Utrecht,10.0,0.0,0.0,0.0,7.0,8.0,46.9,15.0,4.0,0.3,0.0,0.0,349.0,437.0,0.8,5.0,21.0,0.2,53.0,17.0,0.3,4.0,7.0,17.0,0.4,6.0,20.0,20.0,AZ Alkmaar,13.0,1.0,0.0,1.0,5.0,3.0,53.1,20.0,9.0,0.5,0.0,0.0,422.0,501.0,0.8,5.0,11.0,0.5,66.0,40.0,0.6,2.0,5.0,7.0,0.7,6.0,12.0,12.0,675447,2023-12-03 15:45:00,2023
AZ Alkmaar,6.0,0.0,0.0,0.0,13.0,0.0,73.9,27.0,4.0,0.1,0.0,0.0,614.0,707.0,0.9,13.0,42.0,0.3,43.0,22.0,0.5,9.0,9.0,12.0,0.8,3.0,10.0,10.0,NEC Nijmegen,6.0,1.0,0.0,0.0,1.0,3.0,26.1,4.0,2.0,0.5,0.0,0.0,164.0,255.0,0.6,2.0,11.0,0.2,69.0,23.0,0.3,1.0,14.0,25.0,0.6,6.0,46.0,46.0,675411,2023-12-06 18:00:00,2023
RKC Waalwijk,13.0,2.0,0.0,0.0,8.0,3.0,39.4,10.0,2.0,0.2,0.0,0.0,248.0,328.0,0.8,6.0,31.0,0.2,54.0,26.0,0.5,3.0,15.0,30.0,0.5,8.0,23.0,23.0,Ajax Amsterdam,9.0,0.0,0.0,0.0,10.0,0.0,60.6,16.0,6.0,0.4,1.0,1.0,458.0,538.0,0.9,1.0,18.0,0.1,65.0,31.0,0.5,7.0,17.0,19.0,0.9,7.0,28.0,28.0,675380,2023-12-06 19:00:00,2023
PSV Eindhoven,5.0,2.0,0.0,0.0,11.0,1.0,60.6,30.0,8.0,0.3,0.0,0.0,501.0,582.0,0.9,11.0,26.0,0.4,49.0,34.0,0.7,6.0,15.0,21.0,0.7,12.0,15.0,15.0,Heerenveen,10.0,1.0,0.0,1.0,2.0,6.0,39.4,12.0,1.0,0.1,0.0,0.0,299.0,380.0,0.8,2.0,14.0,0.1,48.0,22.0,0.5,6.0,12.0,17.0,0.7,17.0,20.0,20.0,675450,2023-12-07 17:45:00,2023
Feyenoord Rotterdam,5.0,1.0,0.0,2.0,12.0,1.0,83.5,30.0,10.0,0.3,0.0,0.0,641.0,724.0,0.9,10.0,44.0,0.2,32.0,18.0,0.6,7.0,10.0,12.0,0.8,1.0,6.0,6.0,FC Volendam,5.0,1.0,0.0,0.0,3.0,7.0,16.5,2.0,2.0,1.0,0.0,0.0,57.0,145.0,0.4,1.0,7.0,0.1,65.0,15.0,0.2,0.0,18.0,27.0,0.7,18.0,57.0,57.0,675448,2023-12-07 20:00:00,2023
FC Twente,5.0,2.0,0.0,1.0,10.0,2.0,81.3,31.0,9.0,0.3,1.0,1.0,599.0,693.0,0.9,10.0,38.0,0.3,52.0,32.0,0.6,11.0,8.0,11.0,0.7,3.0,5.0,5.0,Excelsior,9.0,4.0,1.0,0.0,2.0,4.0,18.7,5.0,4.0,0.8,0.0,0.0,75.0,166.0,0.5,1.0,3.0,0.3,68.0,19.0,0.3,0.0,7.0,12.0,0.6,5.0,46.0,46.0,675449,2023-12-08 19:00:00,2023
Ajax Amsterdam,6.0,0.0,0.0,0.0,7.0,2.0,56.0,23.0,7.0,0.3,1.0,1.0,491.0,556.0,0.9,4.0,18.0,0.2,58.0,36.0,0.6,9.0,11.0,15.0,0.7,8.0,22.0,22.0,Sparta Rotterdam,7.0,1.0,0.0,1.0,7.0,4.0,44.0,10.0,2.0,0.2,0.0,0.0,335.0,426.0,0.8,4.0,21.0,0.2,56.0,24.0,0.4,2.0,7.0,11.0,0.6,8.0,19.0,19.0,675455,2023-12-09 17:45:00,2023
PEC Zwolle,12.0,1.0,0.0,0.0,1.0,6.0,54.4,16.0,3.0,0.2,0.0,0.0,394.0,471.0,0.8,6.0,19.0,0.3,51.0,31.0,0.6,5.0,14.0,19.0,0.7,9.0,20.0,20.0,NEC Nijmegen,5.0,0.0,0.0,2.0,6.0,2.0,45.6,17.0,9.0,0.5,0.0,0.0,324.0,397.0,0.8,1.0,14.0,0.1,57.0,25.0,0.4,4.0,10.0,17.0,0.6,8.0,22.0,22.0,675451,2023-12-09 19:00:00,2023
AZ Alkmaar,9.0,2.0,0.0,0.0,6.0,5.0,61.7,13.0,7.0,0.5,0.0,0.0,350.0,442.0,0.8,6.0,17.0,0.4,76.0,38.0,0.5,3.0,11.0,20.0,0.6,10.0,19.0,19.0,Almere City,17.0,5.0,0.0,1.0,5.0,3.0,38.3,12.0,6.0,0.5,0.0,0.0,167.0,275.0,0.6,4.0,11.0,0.4,62.0,18.0,0.3,3.0,11.0,23.0,0.5,10.0,18.0,18.0,675452,2023-12-09 20:00:00,2023
Go Ahead Eagles,8.0,0.0,0.0,0.0,11.0,1.0,60.6,22.0,7.0,0.3,0.0,0.0,433.0,514.0,0.8,5.0,40.0,0.1,45.0,24.0,0.5,8.0,10.0,19.0,0.5,6.0,11.0,11.0,FC Utrecht,7.0,0.0,0.0,2.0,1.0,7.0,39.4,12.0,3.0,0.3,0.0,0.0,260.0,348.0,0.7,2.0,12.0,0.2,62.0,17.0,0.3,5.0,13.0,24.0,0.5,6.0,50.0,50.0,675453,2023-12-10 11:15:00,2023
Fortuna Sittard,9.0,2.0,0.0,1.0,9.0,2.0,46.7,11.0,3.0,0.3,0.0,0.0,247.0,322.0,0.8,5.0,30.0,0.2,53.0,26.0,0.5,1.0,11.0,17.0,0.6,6.0,23.0,23.0,RKC Waalwijk,11.0,2.0,0.0,2.0,6.0,2.0,53.3,13.0,2.0,0.2,0.0,0.0,284.0,377.0,0.8,7.0,25.0,0.3,67.0,35.0,0.5,4.0,13.0,21.0,0.6,5.0,24.0,24.0,675454,2023-12-10 13:30:00,2023
Vitesse,12.0,2.0,0.0,1.0,3.0,3.0,49.4,12.0,2.0,0.2,0.0,0.0,288.0,376.0,0.8,2.0,10.0,0.2,68.0,31.0,0.5,3.0,13.0,20.0,0.7,2.0,24.0,24.0,Heracles Almelo,7.0,1.0,0.0,2.0,5.0,0.0,50.6,12.0,3.0,0.3,0.0,1.0,287.0,377.0,0.8,6.0,18.0,0.3,69.0,30.0,0.4,4.0,10.0,13.0,0.8,11.0,15.0,15.0,675456,2023-12-10 15:45:00,2023
NEC Nijmegen,12.0,3.0,1.0,0.0,5.0,3.0,57.7,16.0,7.0,0.4,0.0,0.0,409.0,484.0,0.8,3.0,16.0,0.2,63.0,37.0,0.6,7.0,14.0,24.0,0.6,3.0,24.0,24.0,Fortuna Sittard,12.0,2.0,1.0,1.0,7.0,3.0,42.3,11.0,4.0,0.4,0.0,0.0,266.0,351.0,0.8,4.0,15.0,0.3,52.0,21.0,0.4,2.0,18.0,24.0,0.8,12.0,19.0,19.0,675457,2023-12-15 19:00:00,2023
FC Utrecht,15.0,0.0,0.0,4.0,10.0,3.0,56.6,17.0,6.0,0.4,0.0,0.0,360.0,431.0,0.8,7.0,35.0,0.2,44.0,20.0,0.5,2.0,6.0,11.0,0.5,6.0,17.0,17.0,RKC Waalwijk,14.0,4.0,0.0,1.0,4.0,5.0,43.4,12.0,4.0,0.3,1.0,1.0,267.0,344.0,0.8,1.0,12.0,0.1,60.0,30.0,0.5,2.0,9.0,10.0,0.9,4.0,35.0,35.0,675458,2023-12-16 15:30:00,2023
Excelsior,7.0,0.0,0.0,0.0,1.0,4.0,47.3,11.0,3.0,0.3,0.0,0.0,346.0,461.0,0.8,5.0,23.0,0.2,96.0,39.0,0.4,3.0,13.0,24.0,0.5,20.0,20.0,20.0,Go Ahead Eagles,7.0,2.0,0.0,6.0,4.0,2.0,52.7,11.0,5.0,0.5,0.0,0.0,409.0,531.0,0.8,3.0,14.0,0.2,60.0,23.0,0.4,0.0,5.0,9.0,0.6,6.0,17.0,17.0,675460,2023-12-16 17:45:00,2023
Heerenveen,7.0,1.0,0.0,2.0,19.0,0.0,76.5,20.0,7.0,0.4,0.0,0.0,636.0,716.0,0.9,4.0,37.0,0.1,48.0,36.0,0.8,9.0,4.0,6.0,0.7,4.0,6.0,6.0,FC Volendam,10.0,2.0,0.0,0.0,2.0,6.0,23.5,3.0,2.0,0.7,0.0,0.0,138.0,228.0,0.6,0.0,4.0,0.0,64.0,18.0,0.3,0.0,15.0,19.0,0.8,10.0,54.0,54.0,675459,2023-12-16 20:00:00,2023
Almere City,17.0,0.0,0.0,1.0,6.0,4.0,44.4,12.0,7.0,0.6,1.0,1.0,182.0,303.0,0.6,6.0,25.0,0.2,72.0,28.0,0.4,2.0,12.0,21.0,0.6,12.0,29.0,29.0,Vitesse,16.0,0.0,0.0,3.0,2.0,2.0,55.6,7.0,4.0,0.6,0.0,0.0,261.0,397.0,0.7,1.0,9.0,0.1,73.0,25.0,0.3,0.0,13.0,21.0,0.6,7.0,32.0,32.0,675461,2023-12-17 11:15:00,2023
Heracles Almelo,12.0,3.0,0.0,2.0,3.0,8.0,33.0,2.0,0.0,0.0,0.0,0.0,240.0,312.0,0.8,2.0,9.0,0.2,59.0,19.0,0.3,2.0,18.0,23.0,0.8,8.0,24.0,24.0,Feyenoord Rotterdam,10.0,0.0,0.0,0.0,10.0,0.0,67.0,26.0,12.0,0.5,0.0,0.0,597.0,647.0,0.9,9.0,30.0,0.3,32.0,22.0,0.7,3.0,12.0,20.0,0.6,10.0,11.0,11.0,675463,2023-12-17 13:30:00,2023
Sparta Rotterdam,11.0,2.0,1.0,1.0,3.0,7.0,37.3,12.0,8.0,0.7,2.0,2.0,237.0,326.0,0.7,4.0,10.0,0.4,75.0,27.0,0.4,1.0,6.0,9.0,0.7,5.0,39.0,39.0,FC Twente,7.0,1.0,0.0,1.0,14.0,6.0,62.7,39.0,9.0,0.2,0.0,0.0,443.0,511.0,0.9,15.0,50.0,0.3,45.0,29.0,0.6,16.0,6.0,9.0,0.7,4.0,10.0,10.0,675462,2023-12-17 13:30:00,2023
Ajax Amsterdam,6.0,1.0,0.0,4.0,5.0,1.0,64.5,16.0,5.0,0.3,0.0,0.0,611.0,695.0,0.9,5.0,23.0,0.2,64.0,36.0,0.6,6.0,7.0,13.0,0.5,12.0,3.0,3.0,PEC Zwolle,11.0,3.0,0.0,2.0,0.0,3.0,35.5,11.0,4.0,0.4,0.0,0.0,303.0,378.0,0.8,3.0,8.0,0.4,35.0,18.0,0.5,0.0,7.0,13.0,0.5,10.0,24.0,24.0,675464,2023-12-17 15:45:00,2023
AZ Alkmaar,11.0,2.0,0.0,0.0,1.0,4.0,35.8,1.0,0.0,0.0,0.0,0.0,271.0,351.0,0.8,3.0,6.0,0.5,59.0,32.0,0.5,0.0,12.0,18.0,0.7,13.0,17.0,17.0,PSV Eindhoven,12.0,0.0,0.0,1.0,6.0,0.0,64.2,23.0,8.0,0.3,1.0,1.0,550.0,623.0,0.9,6.0,19.0,0.3,49.0,27.0,0.6,8.0,9.0,17.0,0.5,5.0,9.0,9.0,675465,2023-12-17 19:00:00,2023
RKC Waalwijk,10.0,1.0,0.0,1.0,7.0,0.0,54.8,18.0,8.0,0.4,1.0,1.0,396.0,485.0,0.8,8.0,30.0,0.3,73.0,39.0,0.5,6.0,17.0,26.0,0.7,5.0,10.0,10.0,Heracles Almelo,15.0,1.0,0.0,1.0,4.0,7.0,45.2,9.0,2.0,0.2,1.0,1.0,318.0,407.0,0.8,4.0,12.0,0.3,58.0,22.0,0.4,2.0,9.0,13.0,0.7,2.0,28.0,28.0,675466,2024-01-12 19:00:00,2024
Fortuna Sittard,8.0,3.0,0.0,0.0,7.0,4.0,48.2,25.0,6.0,0.2,0.0,1.0,312.0,387.0,0.8,11.0,43.0,0.3,65.0,40.0,0.6,4.0,14.0,25.0,0.6,15.0,6.0,6.0,Sparta Rotterdam,9.0,1.0,0.0,0.0,2.0,6.0,51.8,10.0,7.0,0.7,0.0,0.0,352.0,454.0,0.8,1.0,7.0,0.1,68.0,20.0,0.3,0.0,15.0,21.0,0.7,9.0,31.0,31.0,675467,2024-01-13 15:30:00,2024
FC Twente,10.0,3.0,0.0,2.0,5.0,1.0,61.1,19.0,8.0,0.4,0.0,0.0,450.0,543.0,0.8,4.0,22.0,0.2,67.0,32.0,0.5,7.0,10.0,16.0,0.6,5.0,7.0,7.0,AZ Alkmaar,13.0,2.0,0.0,3.0,3.0,6.0,38.9,5.0,2.0,0.4,0.0,0.0,261.0,350.0,0.7,2.0,7.0,0.3,58.0,28.0,0.5,1.0,9.0,17.0,0.5,15.0,31.0,31.0,675468,2024-01-13 17:45:00,2024
PEC Zwolle,10.0,1.0,0.0,3.0,4.0,8.0,55.1,13.0,5.0,0.4,0.0,0.0,421.0,517.0,0.8,3.0,16.0,0.2,64.0,37.0,0.6,4.0,9.0,12.0,0.8,8.0,19.0,19.0,Heerenveen,13.0,2.0,0.0,2.0,6.0,3.0,44.9,20.0,10.0,0.5,1.0,1.0,329.0,411.0,0.8,5.0,18.0,0.3,63.0,30.0,0.5,3.0,5.0,12.0,0.4,7.0,16.0,16.0,675469,2024-01-13 19:00:00,2024
PSV Eindhoven,3.0,0.0,0.0,2.0,12.0,2.0,68.5,27.0,15.0,0.6,0.0,0.0,637.0,716.0,0.9,7.0,30.0,0.2,31.0,22.0,0.7,7.0,9.0,17.0,0.5,6.0,12.0,12.0,Excelsior,3.0,0.0,0.0,1.0,2.0,12.0,31.5,8.0,3.0,0.4,0.0,0.0,244.0,327.0,0.7,1.0,10.0,0.1,68.0,30.0,0.4,3.0,7.0,14.0,0.5,9.0,33.0,33.0,675470,2024-01-13 20:00:00,2024
FC Volendam,11.0,1.0,0.0,1.0,5.0,1.0,62.4,5.0,2.0,0.4,0.0,0.0,444.0,556.0,0.8,4.0,12.0,0.3,59.0,25.0,0.4,3.0,14.0,20.0,0.7,7.0,9.0,9.0,Almere City,13.0,1.0,0.0,0.0,4.0,2.0,37.6,10.0,2.0,0.2,0.0,0.0,230.0,326.0,0.7,6.0,15.0,0.4,57.0,25.0,0.4,4.0,18.0,23.0,0.8,14.0,12.0,12.0,675471,2024-01-14 11:15:00,2024
Go Ahead Eagles,7.0,0.0,0.0,1.0,6.0,3.0,39.1,24.0,12.0,0.5,0.0,0.0,275.0,343.0,0.8,7.0,23.0,0.3,52.0,24.0,0.5,4.0,12.0,18.0,0.7,5.0,17.0,17.0,Ajax Amsterdam,10.0,2.0,0.0,1.0,5.0,10.0,60.9,17.0,6.0,0.4,0.0,0.0,471.0,546.0,0.9,7.0,21.0,0.3,59.0,25.0,0.4,7.0,8.0,13.0,0.6,5.0,22.0,22.0,675473,2024-01-14 13:30:00,2024
Vitesse,12.0,1.0,0.0,3.0,1.0,4.0,40.6,12.0,6.0,0.5,0.0,0.0,231.0,331.0,0.7,1.0,9.0,0.1,69.0,33.0,0.5,2.0,8.0,14.0,0.6,6.0,31.0,31.0,FC Utrecht,13.0,1.0,0.0,4.0,14.0,6.0,59.4,20.0,4.0,0.2,0.0,0.0,365.0,472.0,0.8,9.0,28.0,0.3,55.0,27.0,0.5,8.0,10.0,15.0,0.7,4.0,14.0,14.0,675472,2024-01-14 13:30:00,2024
Feyenoord Rotterdam,8.0,2.0,0.0,2.0,9.0,0.0,68.9,25.0,5.0,0.2,0.0,0.0,630.0,716.0,0.9,2.0,30.0,0.1,37.0,20.0,0.5,10.0,19.0,29.0,0.7,11.0,2.0,2.0,NEC Nijmegen,13.0,2.0,0.0,2.0,0.0,3.0,31.1,2.0,2.0,1.0,0.0,0.0,254.0,331.0,0.8,0.0,3.0,0.0,51.0,19.0,0.4,0.0,9.0,24.0,0.4,24.0,35.0,35.0,675474,2024-01-14 15:45:00,2024
Excelsior,12.0,2.0,0.0,1.0,6.0,1.0,41.4,14.0,7.0,0.5,0.0,0.0,315.0,390.0,0.8,3.0,21.0,0.1,69.0,39.0,0.6,0.0,14.0,21.0,0.7,8.0,27.0,27.0,Heerenveen,7.0,1.0,0.0,0.0,5.0,4.0,58.6,9.0,1.0,0.1,0.0,0.0,475.0,563.0,0.8,3.0,19.0,0.2,65.0,33.0,0.5,2.0,12.0,17.0,0.7,3.0,17.0,17.0,675475,2024-01-19 19:00:00,2024
NEC Nijmegen,7.0,0.0,0.0,0.0,6.0,2.0,48.6,22.0,8.0,0.4,0.0,0.0,398.0,474.0,0.8,4.0,19.0,0.2,50.0,27.0,0.5,6.0,9.0,14.0,0.6,12.0,20.0,20.0,FC Twente,11.0,1.0,1.0,2.0,5.0,8.0,51.4,11.0,2.0,0.2,0.0,0.0,411.0,504.0,0.8,3.0,22.0,0.1,59.0,25.0,0.4,5.0,13.0,20.0,0.7,11.0,21.0,21.0,675476,2024-01-20 15:30:00,2024
Heracles Almelo,8.0,1.0,0.0,1.0,9.0,1.0,65.4,16.0,8.0,0.5,0.0,0.0,590.0,661.0,0.9,5.0,31.0,0.2,45.0,25.0,0.6,3.0,13.0,19.0,0.7,6.0,9.0,9.0,FC Volendam,9.0,0.0,0.0,0.0,3.0,7.0,34.6,10.0,2.0,0.2,0.0,0.0,289.0,355.0,0.8,2.0,10.0,0.2,62.0,33.0,0.5,2.0,19.0,25.0,0.8,6.0,39.0,39.0,675477,2024-01-20 17:45:00,2024
AZ Alkmaar,10.0,2.0,0.0,3.0,11.0,3.0,63.0,19.0,8.0,0.4,1.0,1.0,499.0,600.0,0.8,5.0,31.0,0.2,57.0,38.0,0.7,3.0,8.0,14.0,0.6,6.0,10.0,10.0,PEC Zwolle,7.0,0.0,0.0,1.0,3.0,6.0,37.0,8.0,5.0,0.6,0.0,0.0,257.0,357.0,0.7,0.0,5.0,0.0,75.0,30.0,0.4,2.0,11.0,17.0,0.6,15.0,38.0,38.0,675478,2024-01-20 19:00:00,2024
FC Utrecht,18.0,2.0,0.0,2.0,7.0,4.0,43.2,17.0,4.0,0.2,0.0,0.0,221.0,328.0,0.7,9.0,33.0,0.3,69.0,30.0,0.4,3.0,10.0,14.0,0.7,10.0,18.0,18.0,PSV Eindhoven,5.0,1.0,0.0,4.0,3.0,3.0,56.8,13.0,5.0,0.4,0.0,0.0,358.0,454.0,0.8,5.0,19.0,0.3,67.0,23.0,0.3,4.0,4.0,9.0,0.4,12.0,32.0,32.0,675480,2024-01-21 11:15:00,2024
Sparta Rotterdam,11.0,0.0,0.0,1.0,5.0,1.0,58.8,20.0,4.0,0.2,0.0,0.0,395.0,510.0,0.8,10.0,30.0,0.3,77.0,23.0,0.3,7.0,11.0,19.0,0.6,3.0,11.0,11.0,Go Ahead Eagles,16.0,3.0,0.0,1.0,1.0,4.0,41.2,7.0,3.0,0.4,1.0,1.0,269.0,368.0,0.7,3.0,11.0,0.3,74.0,41.0,0.6,1.0,9.0,12.0,0.8,6.0,28.0,28.0,675481,2024-01-21 13:30:00,2024
Vitesse,18.0,3.0,0.0,3.0,1.0,3.0,38.8,5.0,1.0,0.2,0.0,0.0,200.0,328.0,0.6,2.0,10.0,0.2,81.0,23.0,0.3,2.0,4.0,10.0,0.4,14.0,19.0,19.0,Feyenoord Rotterdam,11.0,3.0,0.0,0.0,4.0,1.0,61.2,16.0,5.0,0.3,0.0,0.0,400.0,524.0,0.8,5.0,16.0,0.3,60.0,19.0,0.3,2.0,9.0,13.0,0.7,12.0,21.0,21.0,675482,2024-01-21 13:30:00,2024
Ajax Amsterdam,8.0,1.0,0.0,0.0,6.0,4.0,68.1,14.0,7.0,0.5,0.0,1.0,664.0,735.0,0.9,3.0,23.0,0.1,48.0,26.0,0.5,4.0,6.0,9.0,0.7,15.0,9.0,9.0,RKC Waalwijk,11.0,0.0,0.0,1.0,0.0,3.0,31.9,8.0,5.0,0.6,0.0,0.0,264.0,340.0,0.8,1.0,11.0,0.1,50.0,25.0,0.5,1.0,10.0,18.0,0.6,14.0,22.0,22.0,675483,2024-01-21 15:45:00,2024
Almere City,10.0,2.0,0.0,1.0,3.0,2.0,47.3,4.0,1.0,0.3,0.0,0.0,196.0,338.0,0.6,2.0,15.0,0.1,92.0,28.0,0.3,0.0,8.0,18.0,0.4,7.0,34.0,34.0,Fortuna Sittard,13.0,1.0,0.0,5.0,2.0,1.0,52.7,11.0,2.0,0.2,0.0,0.0,224.0,378.0,0.6,1.0,15.0,0.1,87.0,26.0,0.3,3.0,7.0,21.0,0.3,8.0,22.0,22.0,675479,2024-01-24 17:45:00,2024
PEC Zwolle,13.0,3.0,0.0,2.0,5.0,2.0,43.6,16.0,9.0,0.6,0.0,0.0,288.0,386.0,0.7,1.0,13.0,0.1,62.0,24.0,0.4,4.0,11.0,21.0,0.5,13.0,32.0,32.0,Vitesse,10.0,2.0,0.0,4.0,4.0,7.0,56.4,8.0,2.0,0.3,0.0,0.0,388.0,489.0,0.8,7.0,22.0,0.3,67.0,29.0,0.4,2.0,5.0,9.0,0.6,9.0,15.0,15.0,675484,2024-01-26 19:00:00,2024
RKC Waalwijk,21.0,5.0,1.0,0.0,3.0,5.0,46.3,10.0,2.0,0.2,0.0,0.0,340.0,422.0,0.8,2.0,17.0,0.1,50.0,20.0,0.4,4.0,9.0,15.0,0.6,5.0,30.0,30.0,Sparta Rotterdam,6.0,2.0,0.0,0.0,3.0,2.0,53.7,15.0,7.0,0.5,1.0,1.0,407.0,486.0,0.8,2.0,19.0,0.1,55.0,20.0,0.4,3.0,4.0,12.0,0.3,6.0,17.0,17.0,675485,2024-01-27 17:45:00,2024
PSV Eindhoven,7.0,0.0,0.0,3.0,4.0,2.0,70.4,17.0,8.0,0.5,1.0,1.0,581.0,675.0,0.9,5.0,14.0,0.4,48.0,25.0,0.5,5.0,10.0,15.0,0.7,6.0,11.0,11.0,Almere City,16.0,2.0,0.0,2.0,1.0,6.0,29.6,4.0,2.0,0.5,0.0,0.0,189.0,285.0,0.7,2.0,4.0,0.5,57.0,21.0,0.4,1.0,15.0,25.0,0.6,8.0,31.0,31.0,675486,2024-01-27 17:45:00,2024
Excelsior,3.0,0.0,0.0,2.0,5.0,2.0,51.3,9.0,5.0,0.6,0.0,0.0,349.0,461.0,0.8,3.0,16.0,0.2,80.0,34.0,0.4,1.0,11.0,18.0,0.6,4.0,22.0,22.0,FC Utrecht,5.0,0.0,0.0,1.0,8.0,4.0,48.7,16.0,3.0,0.2,0.0,0.0,319.0,411.0,0.8,12.0,40.0,0.3,52.0,21.0,0.4,3.0,10.0,15.0,0.7,11.0,14.0,14.0,675488,2024-01-27 20:00:00,2024
Heracles Almelo,9.0,2.0,0.0,1.0,3.0,7.0,26.9,13.0,7.0,0.5,0.0,0.0,207.0,275.0,0.8,6.0,13.0,0.5,48.0,24.0,0.5,2.0,13.0,18.0,0.7,10.0,28.0,28.0,Ajax Amsterdam,5.0,1.0,0.0,3.0,11.0,5.0,73.1,31.0,12.0,0.4,0.0,0.0,699.0,765.0,0.9,5.0,23.0,0.2,56.0,36.0,0.6,12.0,13.0,18.0,0.7,6.0,8.0,8.0,675487,2024-01-27 20:00:00,2024
Heerenveen,12.0,2.0,0.0,0.0,5.0,1.0,50.7,16.0,2.0,0.1,0.0,0.0,346.0,433.0,0.8,4.0,24.0,0.2,67.0,30.0,0.4,8.0,12.0,23.0,0.5,8.0,19.0,19.0,AZ Alkmaar,11.0,2.0,1.0,2.0,5.0,1.0,49.3,12.0,2.0,0.2,0.0,0.0,354.0,437.0,0.8,4.0,12.0,0.3,57.0,27.0,0.5,5.0,4.0,13.0,0.3,7.0,19.0,19.0,675489,2024-01-28 11:15:00,2024
Go Ahead Eagles,11.0,2.0,0.0,2.0,9.0,3.0,46.6,17.0,5.0,0.3,1.0,1.0,276.0,374.0,0.7,9.0,26.0,0.3,65.0,24.0,0.4,5.0,8.0,12.0,0.7,7.0,23.0,23.0,NEC Nijmegen,14.0,4.0,0.0,0.0,5.0,3.0,53.4,16.0,5.0,0.3,1.0,1.0,349.0,443.0,0.8,4.0,16.0,0.3,66.0,26.0,0.4,4.0,10.0,15.0,0.7,5.0,24.0,24.0,675491,2024-01-28 13:30:00,2024
Feyenoord Rotterdam,8.0,0.0,0.0,2.0,9.0,0.0,62.3,23.0,6.0,0.3,0.0,1.0,491.0,594.0,0.8,9.0,30.0,0.3,49.0,20.0,0.4,6.0,15.0,21.0,0.7,12.0,6.0,6.0,FC Twente,6.0,1.0,0.0,2.0,0.0,6.0,37.7,2.0,0.0,0.0,0.0,0.0,251.0,366.0,0.7,1.0,4.0,0.3,67.0,15.0,0.2,0.0,16.0,18.0,0.9,16.0,29.0,29.0,675490,2024-01-28 13:30:00,2024
FC Volendam,8.0,2.0,0.0,0.0,7.0,0.0,60.5,8.0,2.0,0.3,0.0,0.0,452.0,521.0,0.9,1.0,21.0,0.0,81.0,55.0,0.7,1.0,4.0,7.0,0.6,4.0,8.0,8.0,Fortuna Sittard,11.0,1.0,0.0,0.0,2.0,2.0,39.5,12.0,1.0,0.1,0.0,0.0,274.0,338.0,0.8,4.0,18.0,0.2,52.0,28.0,0.5,3.0,17.0,24.0,0.7,10.0,23.0,23.0,675492,2024-01-28 15:45:00,2024
Almere City,10.0,1.0,0.0,3.0,7.0,2.0,49.8,11.0,2.0,0.2,0.0,0.0,220.0,342.0,0.6,2.0,15.0,0.1,92.0,33.0,0.4,4.0,12.0,22.0,0.5,15.0,22.0,22.0,Excelsior,16.0,3.0,0.0,1.0,3.0,1.0,50.2,7.0,3.0,0.4,0.0,0.0,209.0,351.0,0.6,5.0,13.0,0.4,112.0,45.0,0.4,1.0,14.0,28.0,0.5,10.0,29.0,29.0,675493,2024-02-02 19:00:00,2024
FC Twente,6.0,0.0,0.0,5.0,9.0,5.0,57.6,16.0,10.0,0.6,0.0,0.0,433.0,527.0,0.8,6.0,23.0,0.3,63.0,34.0,0.5,1.0,13.0,27.0,0.5,8.0,15.0,15.0,RKC Waalwijk,12.0,1.0,0.0,0.0,3.0,6.0,42.4,14.0,5.0,0.4,0.0,0.0,296.0,393.0,0.8,4.0,9.0,0.4,73.0,23.0,0.3,7.0,17.0,25.0,0.7,5.0,27.0,27.0,675494,2024-02-03 15:30:00,2024
Fortuna Sittard,12.0,1.0,0.0,1.0,6.0,3.0,41.8,13.0,3.0,0.2,1.0,1.0,236.0,334.0,0.7,4.0,26.0,0.2,69.0,26.0,0.4,4.0,6.0,10.0,0.6,12.0,11.0,11.0,Heerenveen,13.0,2.0,0.0,0.0,0.0,0.0,58.2,10.0,6.0,0.6,0.0,0.0,387.0,489.0,0.8,2.0,9.0,0.2,64.0,20.0,0.3,1.0,9.0,10.0,0.9,17.0,33.0,33.0,675495,2024-02-03 17:45:00,2024
Ajax Amsterdam,8.0,1.0,0.0,3.0,3.0,4.0,48.5,13.0,4.0,0.3,0.0,0.0,363.0,435.0,0.8,7.0,11.0,0.6,66.0,36.0,0.5,2.0,10.0,24.0,0.4,12.0,14.0,14.0,PSV Eindhoven,14.0,3.0,0.0,3.0,5.0,3.0,51.5,18.0,5.0,0.3,0.0,0.0,393.0,454.0,0.9,6.0,20.0,0.3,44.0,25.0,0.6,6.0,6.0,9.0,0.7,3.0,8.0,8.0,675496,2024-02-03 19:00:00,2024
NEC Nijmegen,1.0,1.0,0.0,1.0,7.0,0.0,63.0,26.0,12.0,0.5,1.0,1.0,510.0,566.0,0.9,12.0,35.0,0.3,56.0,41.0,0.7,4.0,11.0,14.0,0.8,6.0,12.0,12.0,Heracles Almelo,7.0,1.0,0.0,1.0,6.0,9.0,37.0,7.0,1.0,0.1,0.0,0.0,262.0,335.0,0.8,4.0,15.0,0.3,63.0,26.0,0.4,3.0,10.0,20.0,0.5,8.0,30.0,30.0,675497,2024-02-03 20:00:00,2024
Vitesse,16.0,1.0,0.0,3.0,5.0,5.0,58.0,15.0,5.0,0.3,0.0,0.0,382.0,487.0,0.8,5.0,23.0,0.2,71.0,34.0,0.5,5.0,10.0,18.0,0.6,9.0,19.0,19.0,Go Ahead Eagles,14.0,1.0,1.0,1.0,5.0,5.0,42.0,16.0,7.0,0.4,0.0,0.0,259.0,352.0,0.7,5.0,22.0,0.2,73.0,32.0,0.4,3.0,8.0,14.0,0.6,2.0,33.0,33.0,675498,2024-02-04 11:15:00,2024
FC Utrecht,10.0,2.0,0.0,3.0,9.0,1.0,68.3,24.0,10.0,0.4,0.0,0.0,488.0,568.0,0.9,8.0,33.0,0.2,44.0,25.0,0.6,9.0,5.0,12.0,0.4,5.0,9.0,9.0,FC Volendam,9.0,1.0,0.0,1.0,2.0,6.0,31.7,5.0,3.0,0.6,0.0,0.0,175.0,260.0,0.7,4.0,11.0,0.4,73.0,26.0,0.4,0.0,8.0,16.0,0.5,16.0,23.0,23.0,675501,2024-02-04 13:30:00,2024
AZ Alkmaar,13.0,2.0,0.0,4.0,5.0,1.0,56.9,14.0,4.0,0.3,0.0,0.0,396.0,494.0,0.8,3.0,17.0,0.2,74.0,41.0,0.6,5.0,13.0,20.0,0.7,12.0,9.0,9.0,Feyenoord Rotterdam,11.0,1.0,0.0,1.0,2.0,4.0,43.1,6.0,2.0,0.3,0.0,0.0,283.0,381.0,0.7,2.0,5.0,0.4,65.0,22.0,0.3,2.0,10.0,17.0,0.6,10.0,34.0,34.0,675499,2024-02-04 13:30:00,2024
Sparta Rotterdam,7.0,1.0,0.0,2.0,13.0,2.0,57.3,21.0,11.0,0.5,0.0,0.0,448.0,532.0,0.8,9.0,33.0,0.3,66.0,34.0,0.5,5.0,9.0,16.0,0.6,2.0,5.0,5.0,PEC Zwolle,10.0,3.0,0.0,1.0,3.0,10.0,42.7,12.0,4.0,0.3,0.0,0.0,318.0,404.0,0.8,2.0,9.0,0.2,54.0,23.0,0.4,3.0,5.0,10.0,0.5,7.0,34.0,34.0,675500,2024-02-04 15:45:00,2024
RKC Waalwijk,11.0,2.0,0.0,0.0,4.0,5.0,40.4,11.0,4.0,0.4,1.0,1.0,245.0,345.0,0.7,4.0,12.0,0.3,69.0,23.0,0.3,2.0,12.0,18.0,0.7,4.0,39.0,39.0,NEC Nijmegen,9.0,3.0,0.0,0.0,10.0,2.0,59.6,17.0,6.0,0.4,0.0,0.0,411.0,494.0,0.8,4.0,32.0,0.1,54.0,23.0,0.4,5.0,13.0,23.0,0.6,7.0,9.0,9.0,675506,2024-02-09 19:00:00,2024
Excelsior,5.0,1.0,0.0,1.0,1.0,0.0,48.0,12.0,3.0,0.3,0.0,0.0,346.0,421.0,0.8,2.0,15.0,0.1,83.0,49.0,0.6,3.0,11.0,22.0,0.5,8.0,20.0,20.0,FC Twente,11.0,1.0,0.0,3.0,4.0,3.0,52.0,14.0,3.0,0.2,0.0,0.0,378.0,463.0,0.8,3.0,8.0,0.4,53.0,31.0,0.6,5.0,13.0,24.0,0.5,3.0,12.0,12.0,675504,2024-02-10 17:45:00,2024
Almere City,20.0,2.0,0.0,0.0,5.0,3.0,34.8,11.0,1.0,0.1,0.0,0.0,158.0,278.0,0.6,3.0,14.0,0.2,73.0,25.0,0.3,7.0,5.0,19.0,0.3,11.0,19.0,19.0,AZ Alkmaar,11.0,1.0,0.0,1.0,6.0,1.0,65.2,10.0,3.0,0.3,0.0,0.0,405.0,524.0,0.8,2.0,16.0,0.1,83.0,41.0,0.5,0.0,7.0,14.0,0.5,3.0,27.0,27.0,675505,2024-02-10 19:00:00,2024
Heracles Almelo,6.0,1.0,0.0,2.0,8.0,2.0,53.6,19.0,8.0,0.4,0.0,0.0,381.0,476.0,0.8,3.0,18.0,0.2,60.0,29.0,0.5,4.0,15.0,21.0,0.7,4.0,18.0,18.0,Vitesse,6.0,0.0,1.0,2.0,6.0,5.0,46.4,12.0,4.0,0.3,0.0,0.0,323.0,409.0,0.8,4.0,20.0,0.2,83.0,39.0,0.5,4.0,12.0,19.0,0.6,8.0,22.0,22.0,675510,2024-02-10 20:00:00,2024
Go Ahead Eagles,9.0,2.0,0.0,4.0,8.0,3.0,46.0,16.0,4.0,0.3,1.0,2.0,259.0,351.0,0.7,5.0,18.0,0.3,57.0,25.0,0.4,7.0,9.0,15.0,0.6,8.0,14.0,14.0,PEC Zwolle,13.0,2.0,0.0,2.0,4.0,3.0,54.0,15.0,4.0,0.3,0.0,0.0,330.0,413.0,0.8,8.0,22.0,0.4,74.0,36.0,0.5,3.0,18.0,26.0,0.7,7.0,33.0,33.0,675508,2024-02-11 11:15:00,2024
FC Utrecht,12.0,0.0,0.0,2.0,3.0,1.0,49.0,16.0,8.0,0.5,0.0,0.0,330.0,421.0,0.8,6.0,22.0,0.3,67.0,31.0,0.5,1.0,13.0,17.0,0.8,7.0,17.0,17.0,Fortuna Sittard,12.0,0.0,0.0,2.0,6.0,4.0,51.0,9.0,1.0,0.1,0.0,0.0,353.0,445.0,0.8,6.0,18.0,0.3,70.0,26.0,0.4,5.0,14.0,19.0,0.7,6.0,12.0,12.0,675507,2024-02-11 13:30:00,2024
Heerenveen,13.0,4.0,0.0,2.0,7.0,5.0,34.0,17.0,5.0,0.3,0.0,0.0,221.0,282.0,0.8,4.0,14.0,0.3,47.0,24.0,0.5,5.0,5.0,8.0,0.6,8.0,32.0,32.0,Ajax Amsterdam,8.0,0.0,0.0,0.0,5.0,2.0,66.0,12.0,6.0,0.5,0.0,0.0,482.0,557.0,0.9,7.0,19.0,0.4,64.0,37.0,0.6,4.0,11.0,22.0,0.5,3.0,12.0,12.0,675503,2024-02-11 13:30:00,2024
FC Volendam,10.0,2.0,0.0,0.0,4.0,8.0,28.0,8.0,2.0,0.3,0.0,0.0,147.0,230.0,0.6,3.0,16.0,0.2,56.0,17.0,0.3,2.0,9.0,13.0,0.7,8.0,30.0,30.0,PSV Eindhoven,3.0,1.0,0.0,6.0,7.0,2.0,72.0,33.0,13.0,0.4,0.0,0.0,567.0,630.0,0.9,6.0,26.0,0.2,44.0,30.0,0.7,3.0,12.0,18.0,0.7,8.0,15.0,15.0,675502,2024-02-11 15:45:00,2024
Feyenoord Rotterdam,9.0,0.0,0.0,2.0,8.0,0.0,68.8,23.0,4.0,0.2,1.0,1.0,624.0,689.0,0.9,6.0,25.0,0.2,31.0,22.0,0.7,10.0,8.0,11.0,0.7,2.0,12.0,12.0,Sparta Rotterdam,4.0,2.0,0.0,1.0,4.0,2.0,31.2,5.0,1.0,0.2,0.0,0.0,230.0,306.0,0.8,2.0,13.0,0.2,54.0,23.0,0.4,4.0,16.0,22.0,0.7,13.0,32.0,32.0,675509,2024-02-11 19:00:00,2024
PSV Eindhoven,6.0,0.0,0.0,5.0,15.0,0.0,79.3,39.0,14.0,0.4,0.0,0.0,711.0,769.0,0.9,18.0,52.0,0.3,41.0,36.0,0.9,8.0,7.0,12.0,0.6,3.0,6.0,6.0,Heracles Almelo,8.0,3.0,1.0,0.0,0.0,11.0,20.7,3.0,0.0,0.0,0.0,0.0,125.0,210.0,0.6,2.0,5.0,0.4,61.0,12.0,0.2,0.0,11.0,17.0,0.6,6.0,40.0,40.0,675516,2024-02-16 19:00:00,2024
Fortuna Sittard,9.0,1.0,0.0,0.0,3.0,3.0,29.4,14.0,5.0,0.4,0.0,0.0,193.0,283.0,0.7,6.0,10.0,0.6,74.0,28.0,0.4,5.0,8.0,16.0,0.5,11.0,28.0,28.0,AZ Alkmaar,9.0,1.0,0.0,2.0,10.0,3.0,70.6,19.0,5.0,0.3,0.0,0.0,595.0,678.0,0.9,5.0,25.0,0.2,53.0,31.0,0.6,5.0,7.0,14.0,0.5,3.0,11.0,11.0,675514,2024-02-17 17:45:00,2024
Sparta Rotterdam,12.0,4.0,0.0,3.0,4.0,2.0,48.8,12.0,9.0,0.8,0.0,0.0,358.0,440.0,0.8,2.0,19.0,0.1,62.0,29.0,0.5,1.0,10.0,16.0,0.6,10.0,29.0,29.0,Excelsior,9.0,2.0,0.0,1.0,4.0,4.0,51.2,11.0,4.0,0.4,0.0,0.0,361.0,451.0,0.8,5.0,24.0,0.2,69.0,30.0,0.4,5.0,14.0,18.0,0.8,7.0,28.0,28.0,675517,2024-02-17 17:45:00,2024
Heerenveen,9.0,0.0,0.0,3.0,3.0,5.0,68.8,21.0,3.0,0.1,0.0,0.0,555.0,628.0,0.9,7.0,28.0,0.3,46.0,26.0,0.6,7.0,3.0,11.0,0.3,11.0,17.0,17.0,Go Ahead Eagles,15.0,2.0,0.0,2.0,5.0,3.0,31.2,14.0,7.0,0.5,0.0,0.0,217.0,285.0,0.8,2.0,12.0,0.2,51.0,19.0,0.4,4.0,8.0,15.0,0.5,10.0,30.0,30.0,675519,2024-02-17 20:00:00,2024
PEC Zwolle,10.0,0.0,0.0,2.0,4.0,1.0,63.1,17.0,2.0,0.1,0.0,0.0,416.0,540.0,0.8,6.0,23.0,0.3,78.0,25.0,0.3,9.0,13.0,20.0,0.7,5.0,23.0,23.0,Almere City,16.0,4.0,0.0,4.0,2.0,2.0,36.9,5.0,2.0,0.4,0.0,0.0,210.0,323.0,0.7,3.0,11.0,0.3,78.0,29.0,0.4,0.0,6.0,12.0,0.5,9.0,27.0,27.0,675515,2024-02-17 20:00:00,2024
FC Twente,5.0,0.0,0.0,1.0,11.0,1.0,64.0,13.0,2.0,0.2,0.0,0.0,497.0,626.0,0.8,7.0,31.0,0.2,66.0,23.0,0.3,5.0,10.0,18.0,0.6,10.0,7.0,7.0,FC Utrecht,16.0,1.0,0.0,3.0,0.0,2.0,36.0,4.0,2.0,0.5,0.0,0.0,238.0,363.0,0.7,2.0,7.0,0.3,85.0,28.0,0.3,1.0,10.0,14.0,0.7,11.0,28.0,28.0,675512,2024-02-18 11:15:00,2024
Ajax Amsterdam,6.0,2.0,0.0,2.0,2.0,8.0,52.8,8.0,4.0,0.5,0.0,0.0,490.0,565.0,0.9,0.0,9.0,0.0,57.0,28.0,0.5,3.0,13.0,28.0,0.5,12.0,16.0,16.0,NEC Nijmegen,12.0,0.0,0.0,1.0,5.0,2.0,47.2,16.0,9.0,0.6,0.0,0.0,419.0,493.0,0.9,8.0,18.0,0.4,49.0,25.0,0.5,2.0,8.0,16.0,0.5,5.0,20.0,20.0,675511,2024-02-18 13:30:00,2024
Vitesse,4.0,1.0,0.0,4.0,12.0,3.0,72.6,30.0,8.0,0.3,0.0,0.0,499.0,580.0,0.9,8.0,30.0,0.3,52.0,30.0,0.6,13.0,10.0,14.0,0.7,5.0,12.0,12.0,FC Volendam,7.0,3.0,0.0,4.0,3.0,7.0,27.4,8.0,4.0,0.5,0.0,0.0,130.0,222.0,0.6,4.0,8.0,0.5,65.0,15.0,0.2,2.0,12.0,21.0,0.6,5.0,40.0,40.0,675518,2024-02-18 13:30:00,2024
Feyenoord Rotterdam,6.0,0.0,0.0,0.0,19.0,1.0,76.6,32.0,14.0,0.4,0.0,0.0,702.0,781.0,0.9,9.0,31.0,0.3,36.0,20.0,0.6,7.0,9.0,15.0,0.6,10.0,4.0,4.0,RKC Waalwijk,10.0,2.0,1.0,0.0,2.0,11.0,23.4,5.0,1.0,0.2,0.0,0.0,163.0,239.0,0.7,0.0,7.0,0.0,60.0,20.0,0.3,1.0,12.0,20.0,0.6,12.0,43.0,43.0,675513,2024-02-18 15:45:00,2024
FC Utrecht,14.0,3.0,0.0,3.0,9.0,0.0,54.3,11.0,3.0,0.3,0.0,0.0,387.0,456.0,0.8,9.0,35.0,0.3,42.0,28.0,0.7,3.0,11.0,18.0,0.6,7.0,8.0,8.0,Heracles Almelo,10.0,2.0,0.0,1.0,3.0,2.0,45.7,4.0,0.0,0.0,0.0,0.0,315.0,402.0,0.8,2.0,12.0,0.2,63.0,23.0,0.4,1.0,10.0,19.0,0.5,8.0,34.0,34.0,675528,2024-02-23 19:00:00,2024
RKC Waalwijk,13.0,0.0,0.0,2.0,1.0,5.0,55.5,6.0,0.0,0.0,0.0,0.0,336.0,445.0,0.8,2.0,14.0,0.1,70.0,31.0,0.4,2.0,14.0,22.0,0.6,7.0,29.0,29.0,Fortuna Sittard,15.0,0.0,0.0,0.0,2.0,0.0,44.5,14.0,6.0,0.4,0.0,0.0,242.0,362.0,0.7,6.0,14.0,0.4,95.0,37.0,0.4,1.0,12.0,26.0,0.5,8.0,14.0,14.0,675525,2024-02-24 17:45:00,2024
PEC Zwolle,8.0,2.0,0.0,2.0,3.0,6.0,40.6,8.0,1.0,0.1,0.0,0.0,268.0,347.0,0.8,0.0,10.0,0.0,46.0,17.0,0.4,6.0,14.0,22.0,0.6,5.0,16.0,16.0,PSV Eindhoven,7.0,0.0,0.0,3.0,7.0,0.0,59.4,25.0,12.0,0.5,0.0,0.0,440.0,505.0,0.9,9.0,22.0,0.4,67.0,42.0,0.6,4.0,13.0,17.0,0.8,8.0,9.0,9.0,675527,2024-02-24 19:00:00,2024
NEC Nijmegen,12.0,1.0,0.0,0.0,2.0,6.0,43.9,22.0,5.0,0.2,0.0,0.0,313.0,376.0,0.8,7.0,19.0,0.4,44.0,23.0,0.5,3.0,12.0,14.0,0.9,7.0,35.0,35.0,Sparta Rotterdam,16.0,4.0,0.0,0.0,9.0,3.0,56.1,13.0,6.0,0.5,0.0,0.0,393.0,474.0,0.8,7.0,33.0,0.2,58.0,37.0,0.6,0.0,10.0,11.0,0.9,6.0,21.0,21.0,675526,2024-02-24 20:00:00,2024
Excelsior,7.0,0.0,0.0,3.0,10.0,3.0,45.7,12.0,6.0,0.5,0.0,0.0,286.0,377.0,0.8,6.0,18.0,0.3,74.0,33.0,0.4,3.0,11.0,16.0,0.7,10.0,26.0,26.0,Vitesse,9.0,1.0,0.0,1.0,11.0,5.0,54.3,14.0,5.0,0.4,0.0,0.0,372.0,448.0,0.8,4.0,28.0,0.1,64.0,35.0,0.5,5.0,10.0,13.0,0.8,10.0,19.0,19.0,675522,2024-02-25 11:15:00,2024
FC Twente,9.0,0.0,0.0,1.0,6.0,2.0,60.3,21.0,6.0,0.3,0.0,0.0,506.0,594.0,0.9,4.0,16.0,0.3,60.0,31.0,0.5,7.0,13.0,21.0,0.6,10.0,9.0,9.0,Go Ahead Eagles,11.0,2.0,0.0,3.0,4.0,3.0,39.7,10.0,2.0,0.2,0.0,0.0,304.0,388.0,0.8,4.0,11.0,0.4,64.0,29.0,0.5,3.0,11.0,15.0,0.7,12.0,18.0,18.0,675523,2024-02-25 13:30:00,2024
Almere City,13.0,3.0,0.0,1.0,5.0,0.0,39.9,12.0,6.0,0.5,0.0,0.0,179.0,304.0,0.6,1.0,15.0,0.1,83.0,19.0,0.2,3.0,12.0,23.0,0.5,10.0,18.0,18.0,Feyenoord Rotterdam,8.0,1.0,0.0,5.0,5.0,7.0,60.1,8.0,2.0,0.3,0.0,0.0,340.0,474.0,0.7,4.0,7.0,0.6,82.0,35.0,0.4,3.0,7.0,14.0,0.5,4.0,26.0,26.0,675521,2024-02-25 13:30:00,2024
AZ Alkmaar,15.0,2.0,0.0,1.0,2.0,3.0,42.5,8.0,3.0,0.4,0.0,0.0,367.0,446.0,0.8,1.0,10.0,0.1,55.0,21.0,0.4,0.0,14.0,18.0,0.8,11.0,19.0,19.0,Ajax Amsterdam,7.0,0.0,0.0,1.0,1.0,1.0,57.5,9.0,3.0,0.3,0.0,0.0,522.0,600.0,0.9,2.0,17.0,0.1,48.0,20.0,0.4,2.0,7.0,12.0,0.6,9.0,9.0,9.0,675520,2024-02-25 15:45:00,2024
FC Volendam,10.0,0.0,0.0,2.0,4.0,7.0,50.0,10.0,4.0,0.4,0.0,0.0,392.0,489.0,0.8,5.0,12.0,0.4,68.0,25.0,0.4,1.0,15.0,21.0,0.7,7.0,17.0,17.0,Heerenveen,6.0,0.0,1.0,2.0,10.0,4.0,50.0,22.0,12.0,0.5,0.0,0.0,399.0,490.0,0.8,3.0,11.0,0.3,66.0,32.0,0.5,5.0,7.0,12.0,0.6,9.0,10.0,10.0,675524,2024-02-25 19:00:00,2024
FC Volendam,10.0,2.0,0.0,1.0,7.0,6.0,32.3,14.0,6.0,0.4,0.0,0.0,219.0,281.0,0.8,7.0,19.0,0.4,56.0,22.0,0.4,1.0,7.0,11.0,0.6,4.0,19.0,19.0,NEC Nijmegen,6.0,2.0,0.0,0.0,5.0,4.0,67.7,20.0,11.0,0.6,0.0,0.0,579.0,634.0,0.9,4.0,11.0,0.4,68.0,52.0,0.8,6.0,11.0,11.0,1.0,4.0,20.0,20.0,675537,2024-03-01 19:00:00,2024
Go Ahead Eagles,9.0,0.0,0.0,1.0,9.0,6.0,54.2,22.0,8.0,0.4,0.0,0.0,345.0,428.0,0.8,3.0,28.0,0.1,67.0,33.0,0.5,7.0,15.0,20.0,0.8,12.0,32.0,32.0,RKC Waalwijk,15.0,1.0,0.0,0.0,7.0,7.0,45.8,19.0,6.0,0.3,0.0,0.0,260.0,355.0,0.7,7.0,30.0,0.2,77.0,34.0,0.4,4.0,8.0,15.0,0.5,6.0,28.0,28.0,675530,2024-03-02 17:45:00,2024
Vitesse,11.0,0.0,0.0,1.0,2.0,3.0,54.1,6.0,3.0,0.5,0.0,0.0,369.0,474.0,0.8,2.0,10.0,0.2,77.0,31.0,0.4,0.0,8.0,12.0,0.7,6.0,12.0,12.0,FC Twente,13.0,2.0,0.0,5.0,8.0,3.0,45.9,15.0,5.0,0.3,0.0,0.0,299.0,396.0,0.8,7.0,18.0,0.4,67.0,35.0,0.5,7.0,11.0,14.0,0.8,10.0,15.0,15.0,675534,2024-03-02 19:00:00,2024
Sparta Rotterdam,5.0,0.0,0.0,2.0,5.0,3.0,44.7,14.0,6.0,0.4,0.0,0.0,299.0,371.0,0.8,7.0,22.0,0.3,58.0,30.0,0.5,2.0,3.0,10.0,0.3,3.0,18.0,18.0,AZ Alkmaar,18.0,2.0,0.0,1.0,6.0,5.0,55.3,15.0,4.0,0.3,0.0,0.0,391.0,461.0,0.8,6.0,22.0,0.3,63.0,34.0,0.5,8.0,9.0,17.0,0.5,8.0,27.0,27.0,675533,2024-03-02 20:00:00,2024
Ajax Amsterdam,12.0,1.0,1.0,3.0,1.0,2.0,59.9,14.0,8.0,0.6,0.0,0.0,570.0,657.0,0.9,3.0,12.0,0.3,66.0,38.0,0.6,2.0,10.0,15.0,0.7,6.0,13.0,13.0,FC Utrecht,11.0,2.0,0.0,1.0,3.0,6.0,40.1,6.0,2.0,0.3,0.0,0.0,350.0,431.0,0.8,5.0,17.0,0.3,51.0,24.0,0.5,1.0,8.0,16.0,0.5,7.0,14.0,14.0,675536,2024-03-03 11:15:00,2024
PSV Eindhoven,10.0,4.0,0.0,3.0,9.0,4.0,64.4,17.0,8.0,0.5,0.0,0.0,387.0,455.0,0.9,8.0,29.0,0.3,62.0,41.0,0.7,6.0,12.0,20.0,0.6,7.0,21.0,21.0,Feyenoord Rotterdam,10.0,3.0,0.0,1.0,2.0,6.0,35.6,9.0,6.0,0.7,0.0,0.0,180.0,254.0,0.7,1.0,9.0,0.1,47.0,15.0,0.3,3.0,14.0,25.0,0.6,11.0,24.0,24.0,675532,2024-03-03 13:30:00,2024
Heerenveen,9.0,3.0,0.0,0.0,4.0,3.0,46.9,15.0,6.0,0.4,1.0,1.0,322.0,403.0,0.8,5.0,14.0,0.4,75.0,39.0,0.5,1.0,10.0,18.0,0.6,5.0,15.0,15.0,PEC Zwolle,18.0,2.0,0.0,0.0,6.0,4.0,53.1,11.0,3.0,0.3,0.0,0.0,364.0,450.0,0.8,9.0,20.0,0.5,81.0,42.0,0.5,4.0,13.0,17.0,0.8,7.0,11.0,11.0,675535,2024-03-03 13:30:00,2024
Fortuna Sittard,6.0,2.0,0.0,0.0,6.0,0.0,47.5,17.0,8.0,0.5,0.0,0.0,341.0,412.0,0.8,11.0,23.0,0.5,58.0,31.0,0.5,4.0,10.0,13.0,0.8,5.0,13.0,13.0,Excelsior,9.0,3.0,0.0,1.0,1.0,3.0,52.5,5.0,2.0,0.4,0.0,0.0,392.0,469.0,0.8,3.0,9.0,0.3,76.0,46.0,0.6,1.0,8.0,13.0,0.6,7.0,16.0,16.0,675529,2024-03-03 15:45:00,2024
Heracles Almelo,12.0,2.0,0.0,3.0,5.0,4.0,62.5,16.0,5.0,0.3,1.0,1.0,355.0,468.0,0.8,5.0,34.0,0.1,75.0,30.0,0.4,1.0,14.0,22.0,0.6,6.0,18.0,18.0,Almere City,17.0,3.0,1.0,4.0,1.0,3.0,37.5,14.0,6.0,0.4,1.0,1.0,180.0,292.0,0.6,2.0,10.0,0.2,74.0,24.0,0.3,5.0,10.0,18.0,0.6,6.0,34.0,34.0,675531,2024-03-03 19:00:00,2024
Go Ahead Eagles,5.0,0.0,0.0,2.0,4.0,10.0,40.0,12.0,6.0,0.5,0.0,0.0,283.0,380.0,0.7,1.0,16.0,0.1,76.0,31.0,0.4,2.0,13.0,24.0,0.5,16.0,31.0,31.0,PSV Eindhoven,9.0,0.0,1.0,0.0,9.0,5.0,60.0,21.0,11.0,0.5,0.0,0.0,472.0,559.0,0.8,4.0,37.0,0.1,64.0,34.0,0.5,2.0,14.0,23.0,0.6,9.0,18.0,18.0,675543,2024-03-08 19:00:00,2024
FC Twente,11.0,1.0,0.0,1.0,7.0,1.0,55.7,18.0,5.0,0.3,0.0,0.0,435.0,529.0,0.8,7.0,28.0,0.3,46.0,19.0,0.4,5.0,5.0,7.0,0.7,4.0,16.0,16.0,Sparta Rotterdam,7.0,1.0,0.0,0.0,3.0,3.0,44.3,5.0,2.0,0.4,0.0,0.0,322.0,421.0,0.8,2.0,20.0,0.1,67.0,28.0,0.4,3.0,11.0,15.0,0.7,14.0,20.0,20.0,675541,2024-03-09 17:45:00,2024
Almere City,15.0,1.0,0.0,1.0,6.0,3.0,48.2,9.0,2.0,0.2,0.0,0.0,207.0,344.0,0.6,6.0,17.0,0.4,88.0,37.0,0.4,2.0,3.0,8.0,0.4,8.0,19.0,19.0,FC Utrecht,15.0,2.0,0.0,1.0,7.0,1.0,51.8,12.0,4.0,0.3,0.0,0.0,217.0,364.0,0.6,2.0,21.0,0.1,98.0,36.0,0.4,3.0,9.0,18.0,0.5,7.0,23.0,23.0,675540,2024-03-09 19:00:00,2024
RKC Waalwijk,9.0,2.0,0.0,1.0,4.0,4.0,42.3,17.0,6.0,0.4,0.0,0.0,267.0,363.0,0.7,3.0,16.0,0.2,71.0,33.0,0.5,8.0,9.0,26.0,0.3,11.0,32.0,32.0,Vitesse,11.0,0.0,0.0,0.0,5.0,3.0,57.7,19.0,5.0,0.3,0.0,0.0,394.0,491.0,0.8,7.0,23.0,0.3,71.0,36.0,0.5,8.0,10.0,15.0,0.7,10.0,21.0,21.0,675546,2024-03-09 20:00:00,2024
AZ Alkmaar,9.0,0.0,0.0,5.0,3.0,0.0,57.7,16.0,10.0,0.6,0.0,0.0,484.0,576.0,0.8,6.0,14.0,0.4,59.0,27.0,0.5,2.0,11.0,21.0,0.5,6.0,9.0,9.0,Excelsior,5.0,1.0,0.0,0.0,0.0,6.0,42.3,4.0,0.0,0.0,0.0,0.0,330.0,418.0,0.8,1.0,8.0,0.1,75.0,42.0,0.6,1.0,6.0,10.0,0.6,8.0,18.0,18.0,675538,2024-03-10 11:15:00,2024
Ajax Amsterdam,12.0,1.0,0.0,2.0,10.0,2.0,72.0,17.0,8.0,0.5,0.0,0.0,554.0,644.0,0.9,6.0,30.0,0.2,54.0,29.0,0.5,3.0,8.0,12.0,0.7,7.0,15.0,15.0,Fortuna Sittard,8.0,0.0,0.0,2.0,3.0,4.0,28.0,9.0,4.0,0.4,0.0,0.0,165.0,255.0,0.6,2.0,8.0,0.3,53.0,14.0,0.3,1.0,8.0,18.0,0.4,16.0,32.0,32.0,675539,2024-03-10 13:30:00,2024
PEC Zwolle,2.0,0.0,0.0,5.0,8.0,3.0,66.0,24.0,11.0,0.5,0.0,0.0,497.0,584.0,0.9,8.0,24.0,0.3,71.0,45.0,0.6,3.0,14.0,23.0,0.6,5.0,8.0,8.0,FC Volendam,11.0,2.0,0.0,2.0,3.0,9.0,34.0,10.0,4.0,0.4,0.0,0.0,202.0,296.0,0.7,2.0,15.0,0.1,68.0,23.0,0.3,1.0,10.0,19.0,0.5,8.0,22.0,22.0,675545,2024-03-10 13:30:00,2024
NEC Nijmegen,8.0,0.0,0.0,0.0,8.0,0.0,48.8,12.0,5.0,0.4,0.0,0.0,400.0,477.0,0.8,6.0,19.0,0.3,49.0,29.0,0.6,1.0,6.0,12.0,0.5,11.0,21.0,21.0,Heerenveen,12.0,0.0,0.0,1.0,6.0,3.0,51.2,12.0,0.0,0.0,0.0,0.0,427.0,505.0,0.8,6.0,16.0,0.4,53.0,28.0,0.5,6.0,13.0,19.0,0.7,7.0,16.0,16.0,675544,2024-03-10 15:45:00,2024
Feyenoord Rotterdam,5.0,0.0,0.0,4.0,9.0,2.0,58.1,20.0,5.0,0.3,0.0,0.0,493.0,561.0,0.9,7.0,16.0,0.4,37.0,20.0,0.5,6.0,13.0,20.0,0.7,4.0,11.0,11.0,Heracles Almelo,5.0,2.0,0.0,0.0,5.0,2.0,41.9,3.0,2.0,0.7,0.0,0.0,328.0,402.0,0.8,2.0,14.0,0.1,63.0,36.0,0.6,0.0,15.0,26.0,0.6,4.0,25.0,25.0,675542,2024-03-10 19:00:00,2024
Heracles Almelo,13.0,2.0,0.0,0.0,2.0,4.0,45.2,11.0,3.0,0.3,0.0,0.0,301.0,392.0,0.8,2.0,12.0,0.2,70.0,23.0,0.3,1.0,9.0,15.0,0.6,13.0,21.0,21.0,Go Ahead Eagles,8.0,2.0,0.0,1.0,8.0,1.0,54.8,18.0,4.0,0.2,0.0,0.0,376.0,464.0,0.8,9.0,28.0,0.3,62.0,28.0,0.5,7.0,8.0,13.0,0.6,2.0,14.0,14.0,675551,2024-03-15 19:00:00,2024
Fortuna Sittard,9.0,1.0,0.0,3.0,7.0,2.0,43.0,22.0,12.0,0.5,0.0,0.0,260.0,331.0,0.8,14.0,32.0,0.4,63.0,32.0,0.5,2.0,14.0,14.0,1.0,10.0,18.0,18.0,PEC Zwolle,11.0,3.0,0.0,1.0,5.0,7.0,57.0,5.0,3.0,0.6,0.0,0.0,374.0,467.0,0.8,1.0,13.0,0.1,63.0,30.0,0.5,0.0,9.0,16.0,0.6,3.0,31.0,31.0,675550,2024-03-16 17:45:00,2024
Excelsior,6.0,1.0,0.0,2.0,7.0,4.0,43.0,18.0,5.0,0.3,0.0,0.0,255.0,360.0,0.7,7.0,22.0,0.3,76.0,32.0,0.4,8.0,9.0,15.0,0.6,16.0,27.0,27.0,RKC Waalwijk,11.0,2.0,0.0,0.0,4.0,3.0,57.0,16.0,5.0,0.3,0.0,0.0,375.0,478.0,0.8,7.0,29.0,0.2,69.0,37.0,0.5,4.0,7.0,13.0,0.5,7.0,19.0,19.0,675547,2024-03-16 19:00:00,2024
Vitesse,13.0,3.0,0.0,2.0,8.0,3.0,65.1,22.0,7.0,0.3,0.0,0.0,375.0,510.0,0.7,7.0,24.0,0.3,87.0,37.0,0.4,5.0,11.0,20.0,0.6,5.0,21.0,21.0,Almere City,19.0,3.0,0.0,2.0,2.0,6.0,34.9,8.0,4.0,0.5,0.0,0.0,134.0,271.0,0.5,4.0,11.0,0.4,81.0,16.0,0.2,0.0,11.0,20.0,0.6,12.0,40.0,40.0,675554,2024-03-16 20:00:00,2024
FC Volendam,7.0,0.0,0.0,0.0,3.0,5.0,38.8,6.0,2.0,0.3,0.0,0.0,259.0,344.0,0.8,3.0,15.0,0.2,66.0,28.0,0.4,0.0,12.0,22.0,0.5,12.0,15.0,15.0,AZ Alkmaar,8.0,2.0,0.0,3.0,4.0,2.0,61.2,20.0,8.0,0.4,0.0,0.0,472.0,560.0,0.8,4.0,13.0,0.3,58.0,33.0,0.6,5.0,8.0,11.0,0.7,4.0,4.0,4.0,675549,2024-03-17 11:15:00,2024
FC Utrecht,14.0,2.0,0.0,1.0,5.0,5.0,46.2,14.0,4.0,0.3,0.0,0.0,336.0,428.0,0.8,5.0,14.0,0.4,57.0,34.0,0.6,5.0,11.0,14.0,0.8,6.0,24.0,24.0,NEC Nijmegen,9.0,1.0,0.0,2.0,4.0,3.0,53.8,10.0,5.0,0.5,0.0,0.0,394.0,496.0,0.8,2.0,16.0,0.1,76.0,32.0,0.4,1.0,7.0,10.0,0.7,7.0,13.0,13.0,675548,2024-03-17 13:30:00,2024
Heerenveen,13.0,1.0,0.0,2.0,3.0,1.0,29.5,8.0,3.0,0.4,0.0,0.0,178.0,268.0,0.7,3.0,9.0,0.3,61.0,25.0,0.4,2.0,7.0,12.0,0.6,11.0,28.0,28.0,Feyenoord Rotterdam,8.0,1.0,0.0,3.0,8.0,1.0,70.5,22.0,5.0,0.2,0.0,0.0,558.0,640.0,0.9,8.0,28.0,0.3,55.0,34.0,0.6,10.0,13.0,18.0,0.7,8.0,12.0,12.0,675555,2024-03-17 13:30:00,2024
Sparta Rotterdam,5.0,0.0,0.0,1.0,2.0,5.0,29.8,11.0,5.0,0.5,0.0,0.0,215.0,292.0,0.7,3.0,13.0,0.2,67.0,29.0,0.4,4.0,10.0,14.0,0.7,6.0,43.0,43.0,Ajax Amsterdam,9.0,1.0,1.0,0.0,7.0,3.0,70.2,13.0,7.0,0.5,0.0,0.0,609.0,693.0,0.9,3.0,32.0,0.1,49.0,26.0,0.5,2.0,11.0,14.0,0.8,5.0,16.0,16.0,675553,2024-03-17 15:45:00,2024
PSV Eindhoven,6.0,2.0,0.0,2.0,4.0,2.0,62.8,17.0,5.0,0.3,0.0,0.0,492.0,576.0,0.9,5.0,26.0,0.2,44.0,24.0,0.5,2.0,16.0,26.0,0.6,18.0,16.0,16.0,FC Twente,13.0,4.0,0.0,4.0,7.0,4.0,37.2,11.0,2.0,0.2,0.0,0.0,244.0,332.0,0.7,5.0,19.0,0.3,61.0,24.0,0.4,5.0,13.0,19.0,0.7,10.0,20.0,20.0,675552,2024-03-17 19:00:00,2024
NEC Nijmegen,5.0,0.0,0.0,1.0,1.0,5.0,33.5,8.0,4.0,0.5,1.0,1.0,210.0,306.0,0.7,0.0,5.0,0.0,62.0,20.0,0.3,2.0,14.0,19.0,0.7,8.0,30.0,30.0,PSV Eindhoven,7.0,2.0,0.0,1.0,7.0,1.0,66.5,27.0,6.0,0.2,0.0,1.0,499.0,584.0,0.9,13.0,42.0,0.3,74.0,49.0,0.7,6.0,12.0,21.0,0.6,10.0,12.0,12.0,675561,2024-03-30 15:30:00,2024
Sparta Rotterdam,5.0,0.0,0.0,2.0,9.0,3.0,54.5,17.0,9.0,0.5,0.0,0.0,350.0,464.0,0.8,5.0,18.0,0.3,73.0,32.0,0.4,5.0,10.0,22.0,0.5,10.0,26.0,26.0,Fortuna Sittard,9.0,0.0,0.0,0.0,4.0,3.0,45.5,14.0,3.0,0.2,0.0,0.0,277.0,389.0,0.7,3.0,15.0,0.2,61.0,18.0,0.3,4.0,8.0,13.0,0.6,18.0,17.0,17.0,675563,2024-03-30 17:45:00,2024
Go Ahead Eagles,10.0,1.0,0.0,1.0,4.0,0.0,45.1,18.0,6.0,0.3,0.0,0.0,305.0,399.0,0.8,6.0,16.0,0.4,52.0,25.0,0.5,7.0,13.0,15.0,0.9,10.0,20.0,20.0,Excelsior,10.0,2.0,0.0,3.0,5.0,3.0,54.9,10.0,0.0,0.0,0.0,0.0,386.0,482.0,0.8,4.0,22.0,0.2,86.0,42.0,0.5,7.0,11.0,17.0,0.6,6.0,22.0,22.0,675564,2024-03-30 19:00:00,2024
RKC Waalwijk,12.0,1.0,0.0,0.0,4.0,4.0,38.6,9.0,3.0,0.3,0.0,0.0,259.0,348.0,0.7,1.0,13.0,0.1,52.0,23.0,0.4,3.0,15.0,20.0,0.8,14.0,21.0,21.0,Heerenveen,10.0,1.0,0.0,2.0,6.0,2.0,61.4,11.0,7.0,0.6,0.0,0.0,464.0,555.0,0.8,1.0,21.0,0.0,59.0,26.0,0.4,1.0,11.0,19.0,0.6,8.0,13.0,13.0,675560,2024-03-30 19:00:00,2024
AZ Alkmaar,11.0,0.0,0.0,2.0,9.0,2.0,60.8,17.0,5.0,0.3,0.0,0.0,511.0,584.0,0.9,3.0,18.0,0.2,48.0,30.0,0.6,6.0,12.0,16.0,0.8,7.0,22.0,22.0,Vitesse,5.0,0.0,0.0,0.0,6.0,3.0,39.2,8.0,2.0,0.3,0.0,0.0,295.0,372.0,0.8,2.0,16.0,0.1,61.0,26.0,0.4,3.0,5.0,9.0,0.6,8.0,23.0,23.0,675556,2024-03-30 20:00:00,2024
PEC Zwolle,13.0,4.0,0.0,4.0,2.0,1.0,53.1,13.0,4.0,0.3,0.0,0.0,476.0,551.0,0.9,4.0,19.0,0.2,61.0,30.0,0.5,4.0,6.0,12.0,0.5,3.0,12.0,12.0,Ajax Amsterdam,6.0,2.0,0.0,2.0,1.0,3.0,46.9,9.0,5.0,0.6,0.0,0.0,420.0,498.0,0.8,0.0,5.0,0.0,60.0,25.0,0.4,3.0,5.0,12.0,0.4,7.0,17.0,17.0,675562,2024-03-31 10:15:00,2024
FC Twente,11.0,1.0,0.0,0.0,9.0,1.0,60.5,11.0,3.0,0.3,0.0,0.0,362.0,462.0,0.8,6.0,34.0,0.2,70.0,27.0,0.4,2.0,5.0,12.0,0.4,7.0,14.0,14.0,Heracles Almelo,22.0,4.0,0.0,2.0,3.0,2.0,39.5,5.0,1.0,0.2,0.0,0.0,218.0,306.0,0.7,2.0,13.0,0.2,73.0,32.0,0.4,0.0,6.0,11.0,0.5,7.0,39.0,39.0,675558,2024-03-31 12:30:00,2024
Feyenoord Rotterdam,10.0,3.0,0.0,1.0,10.0,1.0,66.7,27.0,10.0,0.4,0.0,0.0,505.0,592.0,0.9,10.0,31.0,0.3,43.0,17.0,0.4,7.0,11.0,23.0,0.5,12.0,9.0,9.0,FC Utrecht,8.0,2.0,0.0,1.0,1.0,7.0,33.3,3.0,3.0,1.0,1.0,1.0,222.0,298.0,0.7,0.0,7.0,0.0,51.0,21.0,0.4,0.0,17.0,26.0,0.7,9.0,29.0,29.0,675559,2024-03-31 12:30:00,2024
Almere City,9.0,2.0,0.0,3.0,4.0,4.0,50.7,14.0,7.0,0.5,0.0,0.0,240.0,362.0,0.7,4.0,22.0,0.2,66.0,25.0,0.4,3.0,12.0,14.0,0.9,7.0,22.0,22.0,FC Volendam,11.0,3.0,0.0,1.0,7.0,6.0,49.3,18.0,7.0,0.4,0.0,0.0,223.0,357.0,0.6,3.0,15.0,0.2,103.0,47.0,0.5,4.0,11.0,18.0,0.6,12.0,36.0,36.0,675557,2024-03-31 14:45:00,2024
Vitesse,7.0,1.0,0.0,0.0,8.0,3.0,63.9,21.0,6.0,0.3,0.0,0.0,449.0,538.0,0.8,4.0,28.0,0.1,57.0,28.0,0.5,9.0,6.0,11.0,0.5,10.0,16.0,16.0,Sparta Rotterdam,6.0,0.0,0.0,1.0,4.0,5.0,36.1,12.0,7.0,0.6,0.0,0.0,209.0,308.0,0.7,2.0,11.0,0.2,54.0,20.0,0.4,2.0,15.0,20.0,0.8,11.0,33.0,33.0,675572,2024-04-02 16:45:00,2024
Excelsior,4.0,1.0,0.0,1.0,1.0,3.0,30.0,0.0,0.0,0.0,0.0,0.0,214.0,306.0,0.7,1.0,8.0,0.1,69.0,31.0,0.4,0.0,8.0,14.0,0.6,15.0,22.0,22.0,PSV Eindhoven,8.0,0.0,0.0,1.0,12.0,0.0,70.0,21.0,5.0,0.2,0.0,0.0,637.0,713.0,0.9,8.0,28.0,0.3,81.0,67.0,0.8,5.0,7.0,12.0,0.6,9.0,8.0,8.0,675570,2024-04-02 18:00:00,2024
Fortuna Sittard,9.0,2.0,0.0,0.0,9.0,0.0,44.3,30.0,8.0,0.3,0.0,0.0,317.0,384.0,0.8,7.0,33.0,0.2,44.0,17.0,0.4,8.0,7.0,15.0,0.5,11.0,15.0,15.0,NEC Nijmegen,6.0,1.0,0.0,1.0,2.0,7.0,55.7,6.0,1.0,0.2,0.0,0.0,431.0,502.0,0.9,0.0,14.0,0.0,60.0,31.0,0.5,1.0,6.0,12.0,0.5,10.0,38.0,38.0,675573,2024-04-02 19:00:00,2024
Heracles Almelo,8.0,2.0,0.0,1.0,4.0,4.0,35.6,21.0,9.0,0.4,2.0,2.0,239.0,308.0,0.8,4.0,11.0,0.4,63.0,32.0,0.5,6.0,11.0,19.0,0.6,8.0,30.0,30.0,AZ Alkmaar,10.0,1.0,0.0,1.0,6.0,4.0,64.4,18.0,4.0,0.2,0.0,0.0,467.0,550.0,0.8,5.0,22.0,0.2,53.0,32.0,0.6,3.0,8.0,16.0,0.5,7.0,9.0,9.0,675566,2024-04-03 16:45:00,2024
FC Utrecht,6.0,0.0,0.0,0.0,5.0,1.0,52.2,19.0,7.0,0.4,0.0,0.0,413.0,497.0,0.8,9.0,28.0,0.3,63.0,39.0,0.6,5.0,8.0,11.0,0.7,9.0,9.0,9.0,PEC Zwolle,7.0,1.0,0.0,0.0,0.0,2.0,47.8,5.0,2.0,0.4,0.0,0.0,363.0,464.0,0.8,3.0,8.0,0.4,62.0,22.0,0.4,2.0,6.0,12.0,0.5,11.0,23.0,23.0,675567,2024-04-03 18:00:00,2024
Heerenveen,11.0,1.0,0.0,2.0,3.0,3.0,40.5,9.0,5.0,0.6,1.0,1.0,252.0,340.0,0.7,1.0,15.0,0.1,74.0,35.0,0.5,3.0,8.0,20.0,0.4,11.0,23.0,23.0,FC Twente,8.0,2.0,0.0,2.0,4.0,2.0,59.5,14.0,6.0,0.4,0.0,0.0,419.0,502.0,0.8,3.0,24.0,0.1,62.0,30.0,0.5,4.0,11.0,16.0,0.7,7.0,15.0,15.0,675569,2024-04-03 19:00:00,2024
FC Volendam,22.0,6.0,0.0,7.0,0.0,11.0,23.1,9.0,1.0,0.1,0.0,0.0,81.0,181.0,0.4,1.0,6.0,0.2,85.0,27.0,0.3,4.0,9.0,17.0,0.5,12.0,24.0,24.0,Feyenoord Rotterdam,5.0,2.0,0.0,2.0,6.0,0.0,76.9,23.0,10.0,0.4,0.0,0.0,504.0,591.0,0.9,4.0,18.0,0.2,50.0,28.0,0.6,3.0,1.0,3.0,0.3,6.0,19.0,19.0,675568,2024-04-04 16:45:00,2024
RKC Waalwijk,7.0,2.0,0.0,0.0,5.0,0.0,53.7,15.0,4.0,0.3,0.0,0.0,268.0,389.0,0.7,4.0,18.0,0.2,83.0,31.0,0.4,3.0,14.0,22.0,0.6,12.0,27.0,27.0,Almere City,16.0,1.0,0.0,0.0,6.0,4.0,46.3,9.0,1.0,0.1,0.0,0.0,221.0,335.0,0.7,5.0,18.0,0.3,90.0,30.0,0.3,5.0,14.0,26.0,0.5,11.0,21.0,21.0,675571,2024-04-04 18:00:00,2024
Ajax Amsterdam,8.0,1.0,0.0,0.0,2.0,3.0,62.7,21.0,7.0,0.3,0.0,0.0,655.0,729.0,0.9,4.0,14.0,0.3,47.0,24.0,0.5,5.0,9.0,11.0,0.8,10.0,15.0,15.0,Go Ahead Eagles,6.0,0.0,0.0,2.0,6.0,6.0,37.3,10.0,4.0,0.4,0.0,0.0,347.0,424.0,0.8,4.0,18.0,0.2,67.0,38.0,0.6,3.0,6.0,16.0,0.4,5.0,19.0,19.0,675565,2024-04-04 19:00:00,2024
Sparta Rotterdam,13.0,1.0,0.0,1.0,9.0,2.0,55.0,21.0,4.0,0.2,0.0,0.0,359.0,420.0,0.9,9.0,29.0,0.3,44.0,19.0,0.4,9.0,9.0,15.0,0.6,11.0,9.0,9.0,Heracles Almelo,13.0,3.0,0.0,0.0,3.0,3.0,45.0,9.0,4.0,0.4,0.0,0.0,284.0,356.0,0.8,4.0,12.0,0.3,51.0,22.0,0.4,1.0,7.0,11.0,0.6,4.0,18.0,18.0,675578,2024-04-06 14:30:00,2024
PSV Eindhoven,5.0,2.0,0.0,0.0,4.0,5.0,59.1,18.0,8.0,0.4,0.0,0.0,461.0,544.0,0.8,4.0,15.0,0.3,52.0,34.0,0.7,1.0,15.0,17.0,0.9,8.0,14.0,14.0,AZ Alkmaar,9.0,2.0,0.0,1.0,7.0,2.0,40.9,10.0,6.0,0.6,0.0,0.0,282.0,374.0,0.8,4.0,13.0,0.3,69.0,32.0,0.5,1.0,11.0,18.0,0.6,9.0,14.0,14.0,675577,2024-04-06 16:45:00,2024
PEC Zwolle,13.0,1.0,0.0,2.0,9.0,3.0,53.3,25.0,11.0,0.4,0.0,0.0,312.0,427.0,0.7,5.0,19.0,0.3,62.0,22.0,0.4,6.0,7.0,12.0,0.6,7.0,15.0,15.0,Excelsior,11.0,2.0,0.0,2.0,5.0,9.0,46.7,8.0,4.0,0.5,0.0,0.0,264.0,369.0,0.7,4.0,18.0,0.2,76.0,34.0,0.4,1.0,7.0,14.0,0.5,8.0,22.0,22.0,675576,2024-04-06 18:00:00,2024
FC Twente,9.0,0.0,0.0,2.0,7.0,2.0,76.4,26.0,8.0,0.3,0.0,0.0,629.0,727.0,0.9,4.0,22.0,0.2,44.0,26.0,0.6,12.0,11.0,13.0,0.8,5.0,11.0,11.0,Fortuna Sittard,10.0,2.0,1.0,1.0,0.0,7.0,23.6,4.0,2.0,0.5,0.0,0.0,142.0,226.0,0.6,1.0,5.0,0.2,65.0,19.0,0.3,1.0,14.0,18.0,0.8,11.0,29.0,29.0,675574,2024-04-06 19:00:00,2024
Vitesse,16.0,2.0,0.0,3.0,7.0,4.0,53.9,20.0,6.0,0.3,0.0,0.0,355.0,436.0,0.8,9.0,27.0,0.3,62.0,31.0,0.5,9.0,14.0,20.0,0.7,8.0,3.0,3.0,NEC Nijmegen,14.0,4.0,0.0,1.0,1.0,6.0,46.1,8.0,7.0,0.9,0.0,0.0,300.0,387.0,0.8,2.0,3.0,0.7,46.0,17.0,0.4,0.0,17.0,31.0,0.5,6.0,23.0,23.0,675579,2024-04-07 10:15:00,2024
Feyenoord Rotterdam,9.0,0.0,0.0,4.0,9.0,1.0,56.8,30.0,15.0,0.5,0.0,0.0,412.0,475.0,0.9,4.0,19.0,0.2,37.0,17.0,0.5,6.0,10.0,20.0,0.5,4.0,4.0,4.0,Ajax Amsterdam,12.0,2.0,0.0,2.0,1.0,9.0,43.2,1.0,1.0,1.0,0.0,0.0,282.0,366.0,0.8,0.0,2.0,0.0,63.0,28.0,0.4,0.0,9.0,21.0,0.4,6.0,21.0,21.0,675581,2024-04-07 12:30:00,2024
Go Ahead Eagles,5.0,3.0,0.0,2.0,3.0,5.0,46.8,12.0,4.0,0.3,0.0,0.0,213.0,342.0,0.6,3.0,15.0,0.2,73.0,19.0,0.3,3.0,11.0,16.0,0.7,7.0,42.0,42.0,Almere City,12.0,1.0,0.0,2.0,7.0,3.0,53.2,18.0,6.0,0.3,0.0,0.0,261.0,388.0,0.7,4.0,19.0,0.2,94.0,33.0,0.4,5.0,14.0,22.0,0.6,9.0,25.0,25.0,675575,2024-04-07 12:30:00,2024
FC Volendam,14.0,3.0,0.0,1.0,6.0,6.0,41.0,19.0,8.0,0.4,0.0,0.0,169.0,271.0,0.6,8.0,13.0,0.6,78.0,32.0,0.4,6.0,15.0,28.0,0.5,10.0,20.0,20.0,RKC Waalwijk,11.0,2.0,0.0,3.0,7.0,6.0,59.0,15.0,8.0,0.5,0.0,0.0,310.0,395.0,0.8,3.0,11.0,0.3,65.0,34.0,0.5,4.0,7.0,10.0,0.7,5.0,27.0,27.0,675580,2024-04-07 14:45:00,2024
Heerenveen,10.0,0.0,1.0,0.0,5.0,3.0,55.3,13.0,5.0,0.4,0.0,0.0,376.0,459.0,0.8,3.0,15.0,0.2,66.0,31.0,0.5,4.0,11.0,14.0,0.8,9.0,17.0,17.0,FC Utrecht,10.0,1.0,0.0,0.0,3.0,3.0,44.7,18.0,6.0,0.3,0.0,0.0,285.0,363.0,0.8,6.0,17.0,0.4,51.0,28.0,0.5,5.0,13.0,22.0,0.6,2.0,13.0,13.0,675582,2024-04-07 18:00:00,2024
Excelsior,9.0,2.0,1.0,3.0,11.0,5.0,63.3,35.0,15.0,0.4,0.0,0.0,323.0,409.0,0.8,10.0,23.0,0.4,74.0,35.0,0.5,8.0,7.0,12.0,0.6,7.0,26.0,26.0,FC Volendam,9.0,2.0,1.0,1.0,2.0,11.0,36.7,13.0,5.0,0.4,0.0,0.0,147.0,245.0,0.6,2.0,11.0,0.2,78.0,34.0,0.4,3.0,15.0,24.0,0.6,6.0,22.0,22.0,675584,2024-04-12 18:00:00,2024
PSV Eindhoven,6.0,0.0,0.0,3.0,5.0,0.0,68.3,29.0,12.0,0.4,0.0,0.0,573.0,641.0,0.9,6.0,11.0,0.5,57.0,34.0,0.6,5.0,6.0,11.0,0.5,7.0,6.0,6.0,Vitesse,13.0,1.0,0.0,0.0,4.0,6.0,31.7,9.0,0.0,0.0,0.0,0.0,205.0,284.0,0.7,6.0,10.0,0.6,53.0,17.0,0.3,5.0,11.0,24.0,0.5,5.0,14.0,14.0,675591,2024-04-13 14:30:00,2024
AZ Alkmaar,10.0,1.0,0.0,3.0,9.0,1.0,70.7,21.0,7.0,0.3,0.0,0.0,588.0,672.0,0.9,7.0,21.0,0.3,55.0,29.0,0.5,8.0,7.0,12.0,0.6,5.0,11.0,11.0,RKC Waalwijk,13.0,3.0,0.0,1.0,1.0,4.0,29.3,5.0,3.0,0.6,0.0,0.0,189.0,283.0,0.7,0.0,3.0,0.0,74.0,26.0,0.4,1.0,9.0,13.0,0.7,13.0,26.0,26.0,675583,2024-04-13 16:45:00,2024
Almere City,18.0,3.0,0.0,0.0,8.0,2.0,47.9,13.0,2.0,0.2,0.0,0.0,260.0,368.0,0.7,8.0,19.0,0.4,72.0,26.0,0.4,3.0,18.0,22.0,0.8,9.0,24.0,24.0,Sparta Rotterdam,3.0,0.0,0.0,2.0,6.0,0.0,52.1,13.0,5.0,0.4,0.0,0.0,274.0,405.0,0.7,6.0,13.0,0.5,75.0,28.0,0.4,4.0,12.0,18.0,0.7,6.0,28.0,28.0,675590,2024-04-13 19:00:00,2024
Heracles Almelo,9.0,1.0,0.0,3.0,8.0,6.0,50.2,12.0,3.0,0.3,0.0,0.0,339.0,400.0,0.8,6.0,28.0,0.2,53.0,27.0,0.5,3.0,7.0,8.0,0.9,4.0,16.0,16.0,Heerenveen,14.0,1.0,0.0,1.0,8.0,3.0,49.8,20.0,7.0,0.4,0.0,0.0,344.0,407.0,0.8,6.0,22.0,0.3,59.0,37.0,0.6,3.0,10.0,15.0,0.7,8.0,29.0,29.0,675587,2024-04-14 10:15:00,2024
FC Utrecht,7.0,1.0,0.0,1.0,5.0,2.0,49.8,16.0,6.0,0.4,0.0,0.0,312.0,411.0,0.8,9.0,26.0,0.3,77.0,35.0,0.5,4.0,10.0,19.0,0.5,8.0,24.0,24.0,Go Ahead Eagles,7.0,0.0,0.0,1.0,3.0,4.0,50.2,14.0,3.0,0.2,0.0,0.0,327.0,425.0,0.8,7.0,15.0,0.5,89.0,41.0,0.5,2.0,6.0,10.0,0.6,7.0,20.0,20.0,675585,2024-04-14 12:30:00,2024
Fortuna Sittard,7.0,2.0,0.0,1.0,3.0,2.0,41.1,14.0,3.0,0.2,0.0,0.0,182.0,281.0,0.6,5.0,28.0,0.2,78.0,29.0,0.4,6.0,13.0,23.0,0.6,12.0,18.0,18.0,Feyenoord Rotterdam,15.0,3.0,0.0,2.0,7.0,3.0,58.9,10.0,3.0,0.3,0.0,0.0,334.0,430.0,0.8,2.0,14.0,0.1,54.0,26.0,0.5,2.0,10.0,18.0,0.6,8.0,42.0,42.0,675586,2024-04-14 12:30:00,2024
Ajax Amsterdam,4.0,2.0,0.0,4.0,2.0,2.0,56.0,8.0,4.0,0.5,1.0,1.0,466.0,553.0,0.8,1.0,12.0,0.1,65.0,34.0,0.5,1.0,7.0,13.0,0.5,12.0,16.0,16.0,FC Twente,14.0,1.0,0.0,2.0,6.0,2.0,44.0,7.0,3.0,0.4,0.0,0.0,339.0,425.0,0.8,5.0,18.0,0.3,60.0,27.0,0.5,1.0,5.0,12.0,0.4,12.0,13.0,13.0,675589,2024-04-14 14:45:00,2024
NEC Nijmegen,7.0,2.0,0.0,3.0,10.0,3.0,57.6,17.0,9.0,0.5,1.0,1.0,423.0,500.0,0.8,4.0,28.0,0.1,51.0,26.0,0.5,3.0,6.0,9.0,0.7,8.0,7.0,7.0,PEC Zwolle,22.0,4.0,0.0,2.0,3.0,7.0,42.4,11.0,5.0,0.5,0.0,0.0,311.0,374.0,0.8,1.0,10.0,0.1,50.0,25.0,0.5,2.0,8.0,14.0,0.6,8.0,30.0,30.0,675588,2024-04-14 18:00:00,2024
FC Twente,6.0,1.0,0.0,2.0,8.0,1.0,52.3,15.0,8.0,0.5,0.0,0.0,310.0,437.0,0.7,2.0,14.0,0.1,87.0,29.0,0.3,5.0,14.0,21.0,0.7,6.0,13.0,13.0,Almere City,11.0,1.0,0.0,1.0,4.0,5.0,47.7,7.0,2.0,0.3,0.0,0.0,281.0,402.0,0.7,2.0,8.0,0.3,76.0,26.0,0.3,1.0,13.0,22.0,0.6,13.0,23.0,23.0,675595,2024-04-24 16:45:00,2024
Ajax Amsterdam,6.0,2.0,1.0,2.0,4.0,2.0,57.2,8.0,5.0,0.6,0.0,0.0,498.0,571.0,0.9,3.0,15.0,0.2,56.0,32.0,0.6,1.0,6.0,11.0,0.5,9.0,12.0,12.0,Excelsior,11.0,2.0,0.0,3.0,3.0,3.0,42.8,9.0,4.0,0.4,1.0,1.0,349.0,428.0,0.8,2.0,12.0,0.2,60.0,24.0,0.4,2.0,13.0,23.0,0.6,15.0,17.0,17.0,675592,2024-04-24 19:00:00,2024
Heerenveen,9.0,0.0,0.0,5.0,2.0,3.0,33.0,8.0,2.0,0.3,0.0,0.0,261.0,326.0,0.8,3.0,9.0,0.3,44.0,20.0,0.5,5.0,10.0,13.0,0.8,7.0,16.0,16.0,PSV Eindhoven,6.0,0.0,0.0,0.0,1.0,2.0,67.0,16.0,11.0,0.7,0.0,0.0,605.0,667.0,0.9,5.0,16.0,0.3,42.0,28.0,0.7,1.0,9.0,16.0,0.6,6.0,14.0,14.0,675598,2024-04-25 16:45:00,2024
Go Ahead Eagles,6.0,0.0,0.0,2.0,9.0,5.0,40.3,16.0,6.0,0.4,0.0,0.0,269.0,360.0,0.7,10.0,30.0,0.3,74.0,34.0,0.5,2.0,7.0,9.0,0.8,7.0,9.0,9.0,Feyenoord Rotterdam,11.0,0.0,0.0,2.0,3.0,5.0,59.7,17.0,7.0,0.4,0.0,0.0,480.0,567.0,0.8,2.0,9.0,0.2,57.0,29.0,0.5,4.0,6.0,8.0,0.8,3.0,23.0,23.0,675594,2024-04-25 19:00:00,2024
NEC Nijmegen,7.0,2.0,0.0,2.0,3.0,3.0,54.1,14.0,6.0,0.4,0.0,0.0,434.0,509.0,0.9,10.0,23.0,0.4,53.0,29.0,0.5,5.0,8.0,13.0,0.6,9.0,14.0,14.0,AZ Alkmaar,15.0,4.0,0.0,0.0,2.0,6.0,45.9,11.0,6.0,0.5,0.0,0.0,361.0,443.0,0.8,1.0,11.0,0.1,71.0,36.0,0.5,3.0,17.0,28.0,0.6,11.0,16.0,16.0,675593,2024-04-28 10:15:00,2024
PEC Zwolle,12.0,3.0,0.0,1.0,8.0,3.0,51.6,22.0,6.0,0.3,0.0,0.0,312.0,390.0,0.8,4.0,17.0,0.2,55.0,24.0,0.4,5.0,14.0,17.0,0.8,12.0,24.0,24.0,Heracles Almelo,14.0,3.0,0.0,5.0,8.0,3.0,48.4,10.0,4.0,0.4,0.0,0.0,279.0,362.0,0.8,6.0,22.0,0.3,64.0,30.0,0.5,4.0,10.0,12.0,0.8,5.0,15.0,15.0,675596,2024-04-28 10:15:00,2024
RKC Waalwijk,14.0,1.0,0.0,3.0,4.0,3.0,37.8,9.0,6.0,0.7,0.0,0.0,239.0,335.0,0.7,2.0,9.0,0.2,78.0,28.0,0.4,1.0,8.0,18.0,0.4,7.0,27.0,27.0,FC Utrecht,10.0,2.0,0.0,2.0,6.0,4.0,62.2,11.0,5.0,0.5,0.0,0.0,434.0,540.0,0.8,4.0,23.0,0.2,55.0,30.0,0.5,3.0,13.0,23.0,0.6,5.0,14.0,14.0,675597,2024-04-28 12:30:00,2024
Sparta Rotterdam,7.0,1.0,0.0,1.0,5.0,2.0,48.0,10.0,3.0,0.3,0.0,0.0,296.0,388.0,0.8,3.0,14.0,0.2,69.0,33.0,0.5,4.0,16.0,24.0,0.7,6.0,33.0,33.0,FC Volendam,11.0,2.0,0.0,1.0,9.0,2.0,52.0,10.0,2.0,0.2,0.0,0.0,318.0,406.0,0.8,4.0,25.0,0.2,78.0,36.0,0.5,3.0,14.0,19.0,0.7,5.0,20.0,20.0,675600,2024-04-28 12:30:00,2024
Vitesse,20.0,2.0,1.0,1.0,3.0,8.0,49.7,11.0,6.0,0.5,0.0,0.0,282.0,372.0,0.8,3.0,13.0,0.2,58.0,19.0,0.3,2.0,13.0,18.0,0.7,11.0,21.0,21.0,Fortuna Sittard,8.0,3.0,0.0,0.0,6.0,3.0,50.3,20.0,10.0,0.5,1.0,1.0,278.0,371.0,0.7,8.0,21.0,0.4,68.0,28.0,0.4,1.0,13.0,24.0,0.5,7.0,10.0,10.0,675599,2024-04-28 14:45:00,2024
Almere City,14.0,2.0,1.0,3.0,3.0,3.0,44.4,13.0,4.0,0.3,0.0,0.0,250.0,366.0,0.7,3.0,12.0,0.3,64.0,20.0,0.3,1.0,9.0,14.0,0.6,3.0,24.0,24.0,Heerenveen,6.0,0.0,0.0,1.0,9.0,3.0,55.6,18.0,5.0,0.3,0.0,1.0,340.0,448.0,0.8,4.0,22.0,0.2,78.0,36.0,0.5,6.0,5.0,12.0,0.4,7.0,26.0,26.0,675602,2024-05-03 18:00:00,2024
Fortuna Sittard,11.0,1.0,0.0,0.0,8.0,1.0,51.9,27.0,5.0,0.2,0.0,0.0,306.0,401.0,0.8,14.0,39.0,0.4,68.0,25.0,0.4,5.0,10.0,13.0,0.8,9.0,8.0,8.0,Go Ahead Eagles,8.0,0.0,0.0,5.0,0.0,5.0,48.1,6.0,1.0,0.2,0.0,0.0,312.0,401.0,0.8,3.0,7.0,0.4,65.0,25.0,0.4,1.0,13.0,13.0,1.0,4.0,48.0,48.0,675607,2024-05-03 18:00:00,2024
PSV Eindhoven,8.0,0.0,0.0,0.0,3.0,1.0,68.4,18.0,7.0,0.4,0.0,0.0,539.0,598.0,0.9,4.0,18.0,0.2,43.0,26.0,0.6,6.0,14.0,16.0,0.9,4.0,8.0,8.0,Sparta Rotterdam,9.0,1.0,0.0,2.0,4.0,3.0,31.6,7.0,1.0,0.1,0.0,0.0,208.0,273.0,0.8,0.0,7.0,0.0,45.0,22.0,0.5,1.0,10.0,15.0,0.7,6.0,20.0,20.0,675609,2024-05-05 10:15:00,2024
Heracles Almelo,8.0,1.0,0.0,0.0,4.0,5.0,52.5,14.0,4.0,0.3,0.0,0.0,330.0,405.0,0.8,5.0,28.0,0.2,56.0,27.0,0.5,2.0,13.0,22.0,0.6,6.0,12.0,12.0,RKC Waalwijk,14.0,1.0,0.0,1.0,9.0,4.0,47.5,19.0,10.0,0.5,0.0,0.0,307.0,378.0,0.8,3.0,14.0,0.2,64.0,24.0,0.4,5.0,11.0,25.0,0.4,7.0,40.0,40.0,675608,2024-05-05 10:15:00,2024
FC Utrecht,15.0,0.0,0.0,3.0,4.0,5.0,38.7,15.0,6.0,0.4,0.0,0.0,233.0,298.0,0.8,6.0,22.0,0.3,53.0,28.0,0.5,3.0,8.0,13.0,0.6,11.0,24.0,24.0,Vitesse,10.0,3.0,0.0,0.0,7.0,5.0,61.3,20.0,5.0,0.3,0.0,0.0,410.0,491.0,0.8,7.0,21.0,0.3,65.0,38.0,0.6,10.0,11.0,17.0,0.6,8.0,19.0,19.0,675604,2024-05-05 12:30:00,2024
FC Volendam,8.0,0.0,0.0,3.0,1.0,7.0,38.2,8.0,2.0,0.3,0.0,0.0,314.0,385.0,0.8,4.0,14.0,0.3,45.0,14.0,0.3,2.0,6.0,16.0,0.4,6.0,18.0,18.0,Ajax Amsterdam,7.0,0.0,0.0,1.0,3.0,1.0,61.8,17.0,11.0,0.6,0.0,0.0,577.0,650.0,0.9,2.0,6.0,0.3,63.0,38.0,0.6,1.0,4.0,11.0,0.4,7.0,11.0,11.0,675605,2024-05-05 12:30:00,2024
AZ Alkmaar,15.0,3.0,0.0,1.0,4.0,3.0,50.1,10.0,4.0,0.4,0.0,0.0,347.0,435.0,0.8,4.0,10.0,0.4,59.0,28.0,0.5,1.0,10.0,13.0,0.8,9.0,25.0,25.0,FC Twente,8.0,1.0,0.0,1.0,11.0,2.0,49.9,15.0,4.0,0.3,0.0,0.0,323.0,418.0,0.8,7.0,30.0,0.2,61.0,25.0,0.4,5.0,6.0,18.0,0.3,10.0,16.0,16.0,675601,2024-05-05 14:45:00,2024
Feyenoord Rotterdam,8.0,1.0,0.0,0.0,11.0,0.0,64.2,30.0,17.0,0.6,1.0,2.0,505.0,584.0,0.9,7.0,23.0,0.3,26.0,12.0,0.5,8.0,8.0,15.0,0.5,9.0,3.0,3.0,PEC Zwolle,6.0,1.0,0.0,0.0,0.0,10.0,35.8,3.0,0.0,0.0,0.0,0.0,242.0,331.0,0.7,1.0,4.0,0.3,67.0,25.0,0.4,0.0,8.0,14.0,0.6,21.0,28.0,28.0,675606,2024-05-05 18:00:00,2024
Excelsior,5.0,1.0,1.0,1.0,3.0,5.0,46.6,9.0,1.0,0.1,0.0,0.0,300.0,381.0,0.8,2.0,23.0,0.1,76.0,38.0,0.5,3.0,17.0,25.0,0.7,12.0,24.0,24.0,NEC Nijmegen,10.0,2.0,0.0,2.0,6.0,1.0,53.4,19.0,8.0,0.4,0.0,0.0,353.0,439.0,0.8,2.0,19.0,0.1,63.0,35.0,0.6,8.0,14.0,19.0,0.7,6.0,14.0,14.0,675603,2024-05-06 18:00:00,2024
FC Twente,5.0,0.0,0.0,4.0,14.0,0.0,69.3,19.0,10.0,0.5,0.0,0.0,466.0,539.0,0.9,8.0,38.0,0.2,49.0,29.0,0.6,5.0,7.0,12.0,0.6,6.0,7.0,7.0,FC Volendam,4.0,2.0,0.0,3.0,2.0,3.0,30.7,6.0,2.0,0.3,0.0,0.0,176.0,247.0,0.7,2.0,5.0,0.4,52.0,19.0,0.4,0.0,15.0,24.0,0.6,11.0,45.0,45.0,675612,2024-05-12 12:30:00,2024
FC Utrecht,6.0,1.0,0.0,0.0,12.0,3.0,55.9,21.0,5.0,0.2,0.0,0.0,385.0,462.0,0.8,10.0,40.0,0.3,47.0,25.0,0.5,8.0,14.0,19.0,0.7,4.0,12.0,12.0,Sparta Rotterdam,7.0,0.0,0.0,4.0,4.0,4.0,44.1,10.0,4.0,0.4,0.0,0.0,314.0,387.0,0.8,4.0,11.0,0.4,65.0,31.0,0.5,3.0,8.0,13.0,0.6,18.0,26.0,26.0,675613,2024-05-12 12:30:00,2024
NEC Nijmegen,9.0,0.0,1.0,1.0,7.0,2.0,32.3,12.0,6.0,0.5,0.0,0.0,197.0,270.0,0.7,3.0,16.0,0.2,61.0,24.0,0.4,2.0,7.0,15.0,0.5,6.0,19.0,19.0,Feyenoord Rotterdam,16.0,3.0,0.0,2.0,10.0,4.0,67.7,21.0,5.0,0.2,0.0,0.0,529.0,594.0,0.9,3.0,16.0,0.2,39.0,26.0,0.7,7.0,16.0,24.0,0.7,12.0,9.0,9.0,675616,2024-05-12 12:30:00,2024
RKC Waalwijk,6.0,0.0,0.0,2.0,10.0,10.0,42.9,22.0,5.0,0.2,0.0,0.0,271.0,354.0,0.8,8.0,31.0,0.3,60.0,20.0,0.3,1.0,5.0,10.0,0.5,6.0,17.0,17.0,PEC Zwolle,6.0,1.0,1.0,1.0,5.0,4.0,57.1,15.0,11.0,0.7,0.0,0.0,406.0,497.0,0.8,2.0,15.0,0.1,63.0,23.0,0.4,0.0,8.0,13.0,0.6,4.0,35.0,35.0,675617,2024-05-12 12:30:00,2024
Ajax Amsterdam,11.0,3.0,0.0,0.0,4.0,0.0,58.4,11.0,4.0,0.4,0.0,0.0,451.0,548.0,0.8,1.0,14.0,0.1,69.0,32.0,0.5,2.0,11.0,20.0,0.6,12.0,13.0,13.0,Almere City,14.0,2.0,0.0,2.0,1.0,1.0,41.6,3.0,0.0,0.0,0.0,0.0,304.0,391.0,0.8,4.0,10.0,0.4,56.0,22.0,0.4,1.0,10.0,14.0,0.7,4.0,15.0,15.0,675610,2024-05-12 12:30:00,2024
Fortuna Sittard,12.0,2.0,0.0,4.0,4.0,4.0,23.1,10.0,6.0,0.6,0.0,0.0,112.0,194.0,0.6,2.0,9.0,0.2,61.0,23.0,0.4,0.0,13.0,21.0,0.6,8.0,19.0,19.0,PSV Eindhoven,5.0,0.0,0.0,3.0,9.0,4.0,76.9,12.0,5.0,0.4,0.0,0.0,578.0,650.0,0.9,5.0,27.0,0.2,50.0,31.0,0.6,5.0,7.0,8.0,0.9,6.0,22.0,22.0,675614,2024-05-12 12:30:00,2024
Heerenveen,0.0,0.0,0.0,0.0,0.0,0.0,0.0,0.0,0.0,0.0,0.0,0.0,0.0,0.0,0.0,0.0,0.0,0.0,0.0,0.0,0.0,0.0,0.0,0.0,0.0,0.0,0.0,0.0,Vitesse,0.0,0.0,0.0,0.0,0.0,0.0,0.0,0.0,0.0,0.0,0.0,0.0,0.0,0.0,0.0,0.0,0.0,0.0,0.0,0.0,0.0,0.0,0.0,0.0,0.0,0.0,0.0,0.0,675618,2024-05-12 12:30:00,2024
Go Ahead Eagles,10.0,0.0,0.0,3.0,3.0,1.0,43.5,16.0,4.0,0.3,0.0,0.0,307.0,389.0,0.8,4.0,16.0,0.3,56.0,23.0,0.4,6.0,9.0,15.0,0.6,8.0,8.0,8.0,AZ Alkmaar,14.0,0.0,0.0,0.0,3.0,4.0,56.5,17.0,4.0,0.2,0.0,0.0,428.0,510.0,0.8,3.0,10.0,0.3,81.0,42.0,0.5,5.0,10.0,14.0,0.7,6.0,18.0,18.0,675615,2024-05-12 12:30:00,2024
Excelsior,5.0,3.0,0.0,2.0,7.0,0.0,59.6,20.0,9.0,0.5,0.0,0.0,422.0,498.0,0.8,5.0,27.0,0.2,72.0,33.0,0.5,6.0,3.0,10.0,0.3,5.0,7.0,7.0,Heracles Almelo,16.0,3.0,0.0,2.0,4.0,5.0,40.4,6.0,0.0,0.0,0.0,0.0,251.0,340.0,0.7,2.0,13.0,0.2,67.0,25.0,0.4,3.0,10.0,19.0,0.5,6.0,23.0,23.0,675611,2024-05-12 12:30:00,2024
Vitesse,10.0,2.0,0.0,2.0,5.0,3.0,42.5,15.0,6.0,0.4,0.0,0.0,297.0,361.0,0.8,4.0,13.0,0.3,61.0,38.0,0.6,5.0,6.0,13.0,0.5,9.0,12.0,12.0,Ajax Amsterdam,6.0,2.0,0.0,1.0,11.0,4.0,57.5,25.0,5.0,0.2,0.0,0.0,411.0,479.0,0.9,14.0,23.0,0.6,47.0,21.0,0.4,9.0,9.0,15.0,0.6,8.0,11.0,11.0,675626,2024-05-19 12:30:00,2024
Almere City,13.0,1.0,0.0,0.0,7.0,6.0,45.9,15.0,4.0,0.3,0.0,0.0,268.0,364.0,0.7,3.0,18.0,0.2,66.0,35.0,0.5,5.0,15.0,21.0,0.7,9.0,15.0,15.0,NEC Nijmegen,0.0,0.0,0.0,0.0,0.0,0.0,0.0,0.0,0.0,0.0,0.0,0.0,0.0,0.0,0.0,0.0,0.0,0.0,0.0,0.0,0.0,0.0,0.0,0.0,0.0,0.0,0.0,0.0,675620,2024-05-19 12:30:00,2024
Heracles Almelo,0.0,0.0,0.0,0.0,0.0,0.0,0.0,0.0,0.0,0.0,0.0,0.0,0.0,0.0,0.0,0.0,0.0,0.0,0.0,0.0,0.0,0.0,0.0,0.0,0.0,0.0,0.0,0.0,Fortuna Sittard,0.0,0.0,0.0,0.0,0.0,0.0,0.0,0.0,0.0,0.0,0.0,0.0,0.0,0.0,0.0,0.0,0.0,0.0,0.0,0.0,0.0,0.0,0.0,0.0,0.0,0.0,0.0,0.0,675627,2024-05-19 12:30:00,2024
PEC Zwolle,11.0,2.0,0.0,1.0,1.0,4.0,47.7,6.0,3.0,0.5,0.0,0.0,298.0,377.0,0.8,3.0,9.0,0.3,63.0,25.0,0.4,2.0,7.0,11.0,0.6,8.0,32.0,32.0,FC Twente,6.0,1.0,0.0,2.0,12.0,2.0,52.3,26.0,6.0,0.2,1.0,1.0,317.0,390.0,0.8,9.0,32.0,0.3,48.0,23.0,0.5,8.0,10.0,15.0,0.7,3.0,5.0,5.0,675624,2024-05-19 12:30:00,2024
AZ Alkmaar,8.0,2.0,1.0,2.0,3.0,8.0,37.1,7.0,4.0,0.6,0.0,0.0,219.0,316.0,0.7,4.0,8.0,0.5,63.0,19.0,0.3,0.0,11.0,17.0,0.6,6.0,29.0,29.0,FC Utrecht,3.0,0.0,0.0,3.0,15.0,1.0,62.9,21.0,11.0,0.5,0.0,0.0,443.0,517.0,0.9,9.0,46.0,0.2,64.0,38.0,0.6,5.0,7.0,9.0,0.8,6.0,14.0,14.0,675619,2024-05-19 12:30:00,2024
Sparta Rotterdam,6.0,0.0,0.0,2.0,2.0,4.0,44.5,10.0,4.0,0.4,0.0,0.0,351.0,406.0,0.9,2.0,16.0,0.1,42.0,30.0,0.7,3.0,4.0,12.0,0.3,7.0,30.0,30.0,Heerenveen,10.0,2.0,0.0,0.0,8.0,2.0,55.5,19.0,5.0,0.3,0.0,0.0,446.0,504.0,0.9,7.0,26.0,0.3,32.0,20.0,0.6,5.0,11.0,18.0,0.6,5.0,18.0,18.0,675623,2024-05-19 12:30:00,2024
FC Volendam,7.0,0.0,0.0,2.0,5.0,8.0,45.8,14.0,4.0,0.3,0.0,0.0,294.0,351.0,0.8,6.0,27.0,0.2,51.0,26.0,0.5,5.0,9.0,14.0,0.6,9.0,18.0,18.0,Go Ahead Eagles,8.0,1.0,0.0,2.0,8.0,3.0,54.2,21.0,11.0,0.5,0.0,0.0,371.0,440.0,0.8,0.0,13.0,0.0,52.0,31.0,0.6,7.0,6.0,18.0,0.3,4.0,20.0,20.0,675621,2024-05-19 12:30:00,2024
PSV Eindhoven,5.0,0.0,0.0,1.0,14.0,1.0,75.6,34.0,10.0,0.3,1.0,1.0,527.0,596.0,0.9,15.0,39.0,0.4,34.0,18.0,0.5,13.0,14.0,20.0,0.7,10.0,10.0,10.0,RKC Waalwijk,12.0,3.0,1.0,0.0,3.0,7.0,24.4,5.0,2.0,0.4,0.0,0.0,133.0,195.0,0.7,1.0,9.0,0.1,58.0,20.0,0.3,1.0,7.0,15.0,0.5,10.0,37.0,37.0,675625,2024-05-19 12:30:00,2024
Feyenoord Rotterdam,5.0,0.0,0.0,1.0,10.0,1.0,66.9,23.0,7.0,0.3,1.0,1.0,493.0,580.0,0.9,5.0,16.0,0.3,42.0,27.0,0.6,5.0,6.0,14.0,0.4,5.0,19.0,19.0,Excelsior,5.0,0.0,0.0,3.0,6.0,3.0,33.1,7.0,1.0,0.1,0.0,0.0,193.0,272.0,0.7,3.0,21.0,0.1,61.0,24.0,0.4,4.0,9.0,15.0,0.6,13.0,21.0,21.0,675622,2024-05-19 12:30:00,2024
NEC Nijmegen,7.0,2.0,0.0,0.0,3.0,6.0,46.7,14.0,2.0,0.1,0.0,0.0,352.0,431.0,0.8,7.0,19.0,0.4,51.0,18.0,0.4,3.0,9.0,12.0,0.8,12.0,39.0,39.0,Go Ahead Eagles,7.0,1.0,0.0,1.0,10.0,0.0,53.3,25.0,7.0,0.3,0.0,0.0,398.0,486.0,0.8,4.0,29.0,0.1,62.0,29.0,0.5,11.0,6.0,13.0,0.5,7.0,14.0,14.0,702645,2024-05-23 16:45:00,2024
FC Utrecht,5.0,1.0,0.0,2.0,7.0,2.0,49.3,19.0,7.0,0.4,0.0,0.0,339.0,430.0,0.8,5.0,18.0,0.3,54.0,23.0,0.4,8.0,12.0,23.0,0.5,6.0,35.0,35.0,Sparta Rotterdam,5.0,2.0,0.0,1.0,7.0,4.0,50.7,17.0,3.0,0.2,0.0,0.0,359.0,435.0,0.8,4.0,23.0,0.2,55.0,29.0,0.5,7.0,8.0,22.0,0.4,9.0,25.0,25.0,702646,2024-05-23 19:00:00,2024
FC Utrecht,11.0,3.0,1.0,2.0,11.0,8.0,40.9,22.0,8.0,0.4,0.0,0.0,336.0,468.0,0.7,9.0,23.0,0.4,87.0,37.0,0.4,5.0,8.0,16.0,0.5,18.0,40.0,40.0,Go Ahead Eagles,13.0,5.0,0.0,0.0,7.0,7.0,59.1,31.0,9.0,0.3,0.0,0.0,549.0,686.0,0.8,2.0,19.0,0.1,86.0,34.0,0.4,10.0,3.0,7.0,0.4,9.0,24.0,24.0,702701,2024-05-26 16:00:00,2024
FC Groningen,7.0,1.0,0.0,1.0,8.0,2.0,68.7,17.0,9.0,0.5,1.0,1.0,565.0,647.0,0.9,8.0,25.0,0.3,64.0,41.0,0.6,3.0,8.0,12.0,0.7,13.0,10.0,10.0,NAC Breda,7.0,3.0,1.0,0.0,1.0,5.0,31.3,7.0,3.0,0.4,1.0,1.0,208.0,299.0,0.7,3.0,7.0,0.4,66.0,24.0,0.4,0.0,13.0,19.0,0.7,17.0,38.0,38.0,705206,2024-08-09 18:00:00,2024
Feyenoord Rotterdam,8.0,2.0,0.0,0.0,14.0,0.0,71.1,22.0,7.0,0.3,0.0,0.0,528.0,600.0,0.9,8.0,30.0,0.3,51.0,29.0,0.6,6.0,5.0,5.0,1.0,3.0,11.0,11.0,Willem II,21.0,4.0,0.0,3.0,3.0,6.0,28.9,2.0,1.0,0.5,0.0,0.0,164.0,244.0,0.7,1.0,9.0,0.1,61.0,20.0,0.3,1.0,13.0,17.0,0.8,8.0,34.0,34.0,705207,2024-08-10 14:30:00,2024
NEC Nijmegen,6.0,0.0,0.0,1.0,7.0,3.0,51.5,12.0,2.0,0.2,0.0,0.0,357.0,473.0,0.8,6.0,32.0,0.2,68.0,19.0,0.3,6.0,4.0,10.0,0.4,14.0,21.0,21.0,FC Twente,5.0,0.0,0.0,1.0,5.0,1.0,48.5,15.0,5.0,0.3,0.0,0.0,372.0,465.0,0.8,2.0,8.0,0.3,58.0,26.0,0.4,2.0,6.0,10.0,0.6,13.0,28.0,28.0,705208,2024-08-10 16:45:00,2024
Almere City,13.0,1.0,2.0,3.0,2.0,2.0,43.5,8.0,2.0,0.3,0.0,0.0,315.0,399.0,0.8,1.0,13.0,0.1,39.0,13.0,0.3,3.0,9.0,14.0,0.6,11.0,20.0,20.0,AZ Alkmaar,11.0,2.0,1.0,0.0,8.0,2.0,56.5,9.0,3.0,0.3,0.0,0.0,429.0,525.0,0.8,2.0,15.0,0.1,90.0,36.0,0.4,0.0,13.0,21.0,0.6,11.0,20.0,20.0,705212,2024-08-10 18:00:00,2024
PSV Eindhoven,4.0,0.0,0.0,3.0,7.0,2.0,77.5,21.0,12.0,0.6,0.0,0.0,681.0,752.0,0.9,5.0,19.0,0.3,61.0,50.0,0.8,2.0,12.0,16.0,0.8,11.0,8.0,8.0,RKC Waalwijk,8.0,0.0,0.0,0.0,3.0,7.0,22.5,9.0,4.0,0.4,0.0,0.0,141.0,209.0,0.7,3.0,9.0,0.3,58.0,26.0,0.4,1.0,10.0,17.0,0.6,12.0,26.0,26.0,705210,2024-08-10 19:00:00,2024
Sparta Rotterdam,14.0,1.0,0.0,0.0,3.0,2.0,68.4,9.0,1.0,0.1,0.0,0.0,455.0,534.0,0.9,4.0,25.0,0.2,49.0,25.0,0.5,2.0,9.0,9.0,1.0,11.0,8.0,8.0,Heracles Almelo,12.0,1.0,0.0,0.0,4.0,1.0,31.6,10.0,2.0,0.2,0.0,0.0,167.0,248.0,0.7,2.0,11.0,0.2,58.0,20.0,0.3,3.0,6.0,8.0,0.8,5.0,24.0,24.0,705211,2024-08-11 10:15:00,2024
Go Ahead Eagles,10.0,1.0,0.0,3.0,6.0,2.0,64.9,18.0,4.0,0.2,0.0,0.0,430.0,524.0,0.8,9.0,25.0,0.4,54.0,28.0,0.5,5.0,7.0,8.0,0.9,3.0,13.0,13.0,Fortuna Sittard,13.0,1.0,0.0,1.0,3.0,4.0,35.1,13.0,4.0,0.3,0.0,0.0,200.0,288.0,0.7,2.0,10.0,0.2,66.0,22.0,0.3,6.0,5.0,10.0,0.5,10.0,25.0,25.0,705213,2024-08-11 12:30:00,2024
FC Utrecht,10.0,0.0,0.0,3.0,2.0,1.0,49.9,9.0,2.0,0.2,0.0,0.0,357.0,450.0,0.8,4.0,21.0,0.2,60.0,30.0,0.5,4.0,20.0,26.0,0.8,16.0,14.0,14.0,PEC Zwolle,18.0,3.0,0.0,3.0,1.0,1.0,50.1,5.0,1.0,0.2,0.0,0.0,385.0,460.0,0.8,1.0,7.0,0.1,60.0,24.0,0.4,1.0,14.0,21.0,0.7,8.0,31.0,31.0,705209,2024-08-11 12:30:00,2024
Ajax Amsterdam,8.0,0.0,0.0,2.0,6.0,2.0,48.1,12.0,4.0,0.3,0.0,0.0,386.0,458.0,0.8,5.0,21.0,0.2,42.0,25.0,0.6,2.0,14.0,19.0,0.7,19.0,22.0,22.0,Heerenveen,10.0,2.0,0.0,3.0,2.0,3.0,51.9,7.0,2.0,0.3,0.0,0.0,422.0,504.0,0.8,1.0,10.0,0.1,32.0,10.0,0.3,2.0,8.0,18.0,0.4,14.0,22.0,22.0,705214,2024-08-11 14:45:00,2024
Fortuna Sittard,7.0,2.0,0.0,0.0,9.0,4.0,51.5,20.0,9.0,0.5,0.0,0.0,304.0,373.0,0.8,8.0,20.0,0.4,62.0,34.0,0.5,5.0,12.0,21.0,0.6,9.0,12.0,12.0,Almere City,12.0,3.0,0.0,0.0,3.0,5.0,48.5,8.0,4.0,0.5,0.0,0.0,281.0,357.0,0.8,3.0,12.0,0.3,59.0,27.0,0.5,2.0,11.0,18.0,0.6,7.0,30.0,30.0,705215,2024-08-16 18:00:00,2024
Heerenveen,15.0,4.0,0.0,0.0,6.0,3.0,64.2,21.0,7.0,0.3,0.0,0.0,535.0,646.0,0.8,3.0,13.0,0.2,42.0,18.0,0.4,3.0,18.0,23.0,0.8,15.0,10.0,10.0,FC Utrecht,8.0,2.0,0.0,3.0,4.0,6.0,35.8,6.0,4.0,0.7,0.0,0.0,265.0,355.0,0.7,2.0,11.0,0.2,65.0,27.0,0.4,0.0,15.0,27.0,0.6,15.0,28.0,28.0,705216,2024-08-17 14:30:00,2024
FC Twente,7.0,1.0,0.0,1.0,5.0,2.0,58.9,21.0,3.0,0.1,1.0,1.0,463.0,537.0,0.9,4.0,23.0,0.2,48.0,25.0,0.5,7.0,11.0,17.0,0.6,7.0,15.0,15.0,Sparta Rotterdam,8.0,0.0,0.0,3.0,4.0,2.0,41.1,11.0,3.0,0.3,0.0,0.0,305.0,377.0,0.8,5.0,16.0,0.3,60.0,34.0,0.6,1.0,9.0,17.0,0.5,10.0,28.0,28.0,705217,2024-08-17 16:45:00,2024
AZ Alkmaar,10.0,2.0,0.0,3.0,4.0,1.0,56.2,16.0,6.0,0.4,0.0,0.0,429.0,518.0,0.8,2.0,13.0,0.2,58.0,27.0,0.5,5.0,16.0,27.0,0.6,8.0,17.0,17.0,NEC Nijmegen,11.0,2.0,0.0,2.0,6.0,5.0,43.8,8.0,1.0,0.1,0.0,0.0,308.0,398.0,0.8,2.0,13.0,0.2,66.0,28.0,0.4,1.0,16.0,26.0,0.6,12.0,26.0,26.0,705218,2024-08-17 18:00:00,2024
RKC Waalwijk,11.0,2.0,1.0,3.0,7.0,7.0,56.7,13.0,7.0,0.5,0.0,0.0,358.0,455.0,0.8,7.0,32.0,0.2,74.0,34.0,0.5,1.0,8.0,11.0,0.7,8.0,16.0,16.0,FC Groningen,7.0,2.0,0.0,2.0,1.0,6.0,43.3,15.0,9.0,0.6,0.0,0.0,278.0,369.0,0.8,2.0,3.0,0.7,79.0,32.0,0.4,3.0,13.0,22.0,0.6,6.0,44.0,44.0,705219,2024-08-17 19:00:00,2024
Heracles Almelo,12.0,1.0,0.0,4.0,2.0,6.0,25.1,6.0,3.0,0.5,1.0,1.0,153.0,233.0,0.7,2.0,8.0,0.3,60.0,15.0,0.3,3.0,13.0,24.0,0.5,9.0,35.0,35.0,PSV Eindhoven,7.0,0.0,0.0,0.0,12.0,2.0,74.9,32.0,8.0,0.3,0.0,0.0,620.0,695.0,0.9,9.0,38.0,0.2,55.0,38.0,0.7,14.0,15.0,20.0,0.8,6.0,13.0,13.0,705220,2024-08-18 10:15:00,2024
PEC Zwolle,10.0,1.0,0.0,1.0,1.0,3.0,42.2,7.0,2.0,0.3,0.0,0.0,319.0,401.0,0.8,0.0,4.0,0.0,58.0,21.0,0.4,2.0,14.0,27.0,0.5,9.0,17.0,17.0,Feyenoord Rotterdam,8.0,1.0,0.0,2.0,2.0,1.0,57.8,16.0,8.0,0.5,0.0,0.0,479.0,549.0,0.9,4.0,10.0,0.4,44.0,20.0,0.5,4.0,16.0,23.0,0.7,11.0,6.0,6.0,705221,2024-08-18 12:30:00,2024
Willem II,12.0,2.0,0.0,0.0,4.0,1.0,47.2,8.0,3.0,0.4,1.0,1.0,380.0,456.0,0.8,3.0,16.0,0.2,71.0,28.0,0.4,2.0,6.0,11.0,0.5,11.0,16.0,16.0,Go Ahead Eagles,10.0,2.0,0.0,1.0,3.0,1.0,52.8,11.0,1.0,0.1,0.0,0.0,432.0,512.0,0.8,4.0,16.0,0.3,50.0,23.0,0.5,1.0,11.0,17.0,0.6,11.0,18.0,18.0,705222,2024-08-18 12:30:00,2024
NAC Breda,15.0,0.0,0.0,2.0,1.0,4.0,24.9,6.0,3.0,0.5,0.0,0.0,159.0,232.0,0.7,1.0,4.0,0.3,50.0,18.0,0.4,0.0,8.0,20.0,0.4,13.0,44.0,44.0,Ajax Amsterdam,14.0,1.0,0.0,0.0,8.0,0.0,75.1,16.0,5.0,0.3,0.0,0.0,626.0,703.0,0.9,6.0,18.0,0.3,38.0,20.0,0.5,7.0,3.0,7.0,0.4,7.0,4.0,4.0,705223,2024-08-18 14:45:00,2024
NEC Nijmegen,8.0,1.0,0.0,1.0,6.0,4.0,54.2,17.0,2.0,0.1,0.0,0.0,385.0,466.0,0.8,4.0,29.0,0.1,71.0,41.0,0.6,7.0,8.0,14.0,0.6,10.0,16.0,16.0,PEC Zwolle,13.0,2.0,1.0,0.0,2.0,1.0,45.8,11.0,4.0,0.4,0.0,0.0,312.0,410.0,0.8,2.0,6.0,0.3,79.0,28.0,0.4,3.0,10.0,18.0,0.6,9.0,30.0,30.0,705224,2024-08-24 16:45:00,2024
Almere City,10.0,1.0,0.0,0.0,1.0,5.0,25.9,3.0,1.0,0.3,0.0,0.0,146.0,225.0,0.6,0.0,6.0,0.0,57.0,18.0,0.3,2.0,8.0,15.0,0.5,12.0,30.0,30.0,PSV Eindhoven,6.0,1.0,0.0,2.0,9.0,0.0,74.1,20.0,11.0,0.6,0.0,0.0,561.0,645.0,0.9,7.0,23.0,0.3,75.0,48.0,0.6,2.0,16.0,22.0,0.7,9.0,8.0,8.0,705225,2024-08-24 18:00:00,2024
NAC Breda,7.0,3.0,1.0,1.0,4.0,5.0,43.9,7.0,3.0,0.4,0.0,0.0,277.0,371.0,0.7,4.0,12.0,0.3,68.0,28.0,0.4,3.0,11.0,17.0,0.6,14.0,32.0,32.0,FC Utrecht,11.0,2.0,0.0,1.0,5.0,2.0,56.1,13.0,7.0,0.5,0.0,0.0,379.0,466.0,0.8,7.0,26.0,0.3,56.0,33.0,0.6,2.0,9.0,12.0,0.8,8.0,10.0,10.0,705226,2024-08-24 19:00:00,2024
FC Groningen,14.0,3.0,0.0,1.0,2.0,4.0,43.7,2.0,1.0,0.5,0.0,0.0,286.0,400.0,0.7,1.0,7.0,0.1,70.0,20.0,0.3,1.0,15.0,21.0,0.7,6.0,19.0,19.0,AZ Alkmaar,13.0,1.0,0.0,2.0,6.0,1.0,56.3,11.0,4.0,0.4,0.0,0.0,404.0,509.0,0.8,4.0,16.0,0.3,63.0,29.0,0.5,3.0,8.0,15.0,0.5,4.0,18.0,18.0,705229,2024-08-25 10:15:00,2024
Heracles Almelo,11.0,2.0,0.0,1.0,8.0,2.0,53.8,16.0,6.0,0.4,0.0,0.0,373.0,444.0,0.8,2.0,20.0,0.1,54.0,25.0,0.5,4.0,13.0,19.0,0.7,11.0,21.0,21.0,Willem II,13.0,3.0,0.0,2.0,6.0,5.0,46.2,10.0,3.0,0.3,0.0,0.0,298.0,377.0,0.8,8.0,21.0,0.4,51.0,26.0,0.5,1.0,15.0,25.0,0.6,5.0,35.0,35.0,705231,2024-08-25 12:30:00,2024
Sparta Rotterdam,11.0,3.0,0.0,3.0,6.0,4.0,41.6,11.0,6.0,0.5,0.0,0.0,243.0,311.0,0.8,3.0,22.0,0.1,55.0,20.0,0.4,2.0,13.0,16.0,0.8,10.0,27.0,27.0,Feyenoord Rotterdam,7.0,3.0,1.0,0.0,11.0,5.0,58.4,17.0,5.0,0.3,0.0,0.0,368.0,443.0,0.8,4.0,32.0,0.1,43.0,21.0,0.5,4.0,10.0,16.0,0.6,13.0,14.0,14.0,705230,2024-08-25 12:30:00,2024
Go Ahead Eagles,9.0,3.0,0.0,2.0,7.0,2.0,66.8,19.0,6.0,0.3,0.0,0.0,587.0,653.0,0.9,9.0,29.0,0.3,38.0,20.0,0.5,5.0,8.0,14.0,0.6,10.0,4.0,4.0,RKC Waalwijk,9.0,0.0,1.0,0.0,1.0,4.0,33.2,8.0,2.0,0.3,0.0,0.0,256.0,333.0,0.8,1.0,5.0,0.2,65.0,20.0,0.3,2.0,8.0,24.0,0.3,8.0,27.0,27.0,705232,2024-08-25 14:45:00,2024
RKC Waalwijk,9.0,5.0,1.0,2.0,3.0,3.0,39.1,3.0,1.0,0.3,0.0,0.0,249.0,319.0,0.8,0.0,11.0,0.0,56.0,25.0,0.4,2.0,7.0,12.0,0.6,8.0,26.0,26.0,AZ Alkmaar,13.0,3.0,0.0,2.0,10.0,1.0,60.9,22.0,7.0,0.3,0.0,0.0,427.0,498.0,0.9,5.0,19.0,0.3,40.0,24.0,0.6,2.0,13.0,19.0,0.7,8.0,11.0,11.0,705234,2024-08-30 18:00:00,2024
Almere City,9.0,1.0,0.0,2.0,6.0,1.0,27.2,13.0,2.0,0.2,0.0,0.0,137.0,217.0,0.6,7.0,18.0,0.4,66.0,19.0,0.3,5.0,11.0,16.0,0.7,13.0,42.0,42.0,FC Groningen,14.0,2.0,0.0,1.0,4.0,1.0,72.8,8.0,2.0,0.3,0.0,0.0,501.0,607.0,0.8,3.0,23.0,0.1,62.0,36.0,0.6,0.0,13.0,19.0,0.7,2.0,24.0,24.0,705237,2024-08-31 14:30:00,2024
Fortuna Sittard,11.0,1.0,0.0,0.0,4.0,2.0,49.4,14.0,1.0,0.1,0.0,0.0,369.0,456.0,0.8,7.0,26.0,0.3,56.0,19.0,0.3,6.0,11.0,19.0,0.6,2.0,19.0,19.0,NEC Nijmegen,5.0,0.0,0.0,0.0,5.0,1.0,50.6,9.0,5.0,0.6,0.0,0.0,383.0,472.0,0.8,4.0,20.0,0.2,61.0,24.0,0.4,2.0,10.0,18.0,0.6,4.0,35.0,35.0,705235,2024-08-31 16:45:00,2024
Heerenveen,10.0,0.0,0.0,1.0,3.0,1.0,62.0,16.0,8.0,0.5,0.0,0.0,474.0,556.0,0.9,1.0,10.0,0.1,32.0,12.0,0.4,2.0,8.0,18.0,0.4,15.0,13.0,13.0,NAC Breda,8.0,1.0,0.0,0.0,6.0,4.0,38.0,11.0,1.0,0.1,0.0,0.0,257.0,335.0,0.8,5.0,11.0,0.5,48.0,16.0,0.3,3.0,14.0,15.0,0.9,18.0,17.0,17.0,705236,2024-08-31 18:00:00,2024
Willem II,8.0,1.0,0.0,0.0,4.0,2.0,43.5,11.0,5.0,0.5,0.0,0.0,364.0,435.0,0.8,6.0,24.0,0.3,46.0,24.0,0.5,2.0,7.0,18.0,0.4,6.0,16.0,16.0,Sparta Rotterdam,7.0,4.0,0.0,1.0,3.0,4.0,56.5,14.0,4.0,0.3,0.0,0.0,506.0,587.0,0.9,3.0,10.0,0.3,61.0,37.0,0.6,6.0,11.0,16.0,0.7,7.0,24.0,24.0,705233,2024-08-31 19:00:00,2024
FC Utrecht,6.0,0.0,0.0,4.0,5.0,6.0,37.5,7.0,4.0,0.6,0.0,0.0,211.0,320.0,0.7,2.0,12.0,0.2,77.0,23.0,0.3,1.0,19.0,27.0,0.7,4.0,22.0,22.0,FC Twente,10.0,2.0,0.0,1.0,4.0,3.0,62.5,15.0,7.0,0.5,0.0,0.0,437.0,537.0,0.8,6.0,17.0,0.4,54.0,19.0,0.4,1.0,12.0,16.0,0.8,5.0,19.0,19.0,705238,2024-09-01 10:15:00,2024
PEC Zwolle,16.0,1.0,0.0,2.0,4.0,4.0,57.9,16.0,5.0,0.3,0.0,0.0,360.0,437.0,0.8,5.0,17.0,0.3,54.0,25.0,0.5,7.0,12.0,20.0,0.6,8.0,21.0,21.0,Heracles Almelo,14.0,2.0,0.0,3.0,4.0,2.0,42.1,10.0,4.0,0.4,0.0,0.0,242.0,318.0,0.8,2.0,10.0,0.2,61.0,25.0,0.4,3.0,7.0,16.0,0.4,5.0,15.0,15.0,705240,2024-09-01 12:30:00,2024
PSV Eindhoven,8.0,0.0,0.0,0.0,5.0,1.0,70.9,19.0,8.0,0.4,0.0,0.0,702.0,764.0,0.9,6.0,27.0,0.2,37.0,23.0,0.6,3.0,17.0,19.0,0.9,11.0,10.0,10.0,Go Ahead Eagles,7.0,3.0,0.0,1.0,3.0,5.0,29.1,8.0,2.0,0.3,0.0,0.0,238.0,313.0,0.8,2.0,10.0,0.2,48.0,17.0,0.4,4.0,10.0,26.0,0.4,6.0,30.0,30.0,705241,2024-09-01 14:45:00,2024
FC Twente,12.0,1.0,0.0,4.0,8.0,1.0,61.2,23.0,12.0,0.5,0.0,0.0,484.0,583.0,0.8,11.0,34.0,0.3,37.0,16.0,0.4,6.0,5.0,12.0,0.4,12.0,16.0,16.0,PEC Zwolle,12.0,1.0,0.0,1.0,4.0,11.0,38.8,5.0,2.0,0.4,0.0,0.0,276.0,369.0,0.7,0.0,13.0,0.0,69.0,30.0,0.4,2.0,8.0,15.0,0.5,19.0,46.0,46.0,705242,2024-09-14 14:30:00,2024
PSV Eindhoven,9.0,0.0,0.0,0.0,15.0,1.0,77.4,26.0,11.0,0.4,1.0,1.0,627.0,699.0,0.9,10.0,58.0,0.2,31.0,15.0,0.5,7.0,13.0,16.0,0.8,8.0,9.0,9.0,NEC Nijmegen,5.0,1.0,1.0,0.0,3.0,9.0,22.6,2.0,1.0,0.5,0.0,0.0,123.0,203.0,0.6,1.0,10.0,0.1,60.0,12.0,0.2,1.0,12.0,16.0,0.8,15.0,49.0,49.0,705246,2024-09-14 14:30:00,2024
FC Groningen,12.0,3.0,0.0,1.0,5.0,7.0,47.4,11.0,5.0,0.5,0.0,0.0,264.0,342.0,0.8,3.0,17.0,0.2,54.0,20.0,0.4,2.0,18.0,21.0,0.9,12.0,19.0,19.0,Feyenoord Rotterdam,13.0,2.0,0.0,1.0,6.0,3.0,52.6,15.0,8.0,0.5,0.0,0.0,304.0,383.0,0.8,2.0,14.0,0.1,47.0,19.0,0.4,4.0,10.0,14.0,0.7,8.0,23.0,23.0,705243,2024-09-14 16:45:00,2024
NAC Breda,9.0,2.0,0.0,0.0,3.0,3.0,51.7,13.0,3.0,0.2,0.0,0.0,369.0,437.0,0.8,4.0,16.0,0.3,49.0,23.0,0.5,6.0,9.0,13.0,0.7,6.0,39.0,39.0,Fortuna Sittard,11.0,1.0,0.0,1.0,8.0,2.0,48.3,10.0,3.0,0.3,0.0,0.0,330.0,394.0,0.8,5.0,25.0,0.2,40.0,15.0,0.4,2.0,10.0,13.0,0.8,5.0,14.0,14.0,705244,2024-09-14 18:00:00,2024
AZ Alkmaar,8.0,0.0,0.0,4.0,5.0,4.0,45.0,26.0,19.0,0.7,0.0,0.0,340.0,421.0,0.8,8.0,14.0,0.6,56.0,24.0,0.4,1.0,20.0,27.0,0.7,15.0,28.0,28.0,Heerenveen,8.0,1.0,0.0,0.0,4.0,10.0,55.0,15.0,5.0,0.3,0.0,0.0,424.0,515.0,0.8,5.0,11.0,0.5,41.0,19.0,0.5,3.0,10.0,15.0,0.7,13.0,9.0,9.0,705245,2024-09-14 19:00:00,2024
Sparta Rotterdam,6.0,1.0,0.0,1.0,5.0,2.0,57.2,16.0,7.0,0.4,0.0,0.0,455.0,539.0,0.8,5.0,29.0,0.2,73.0,42.0,0.6,2.0,10.0,14.0,0.7,13.0,21.0,21.0,Go Ahead Eagles,9.0,1.0,0.0,0.0,13.0,6.0,42.8,16.0,3.0,0.2,0.0,0.0,321.0,400.0,0.8,4.0,24.0,0.2,56.0,25.0,0.4,4.0,4.0,5.0,0.8,5.0,36.0,36.0,705247,2024-09-15 10:15:00,2024
Willem II,4.0,2.0,0.0,0.0,4.0,2.0,59.2,13.0,5.0,0.4,1.0,1.0,516.0,591.0,0.9,4.0,14.0,0.3,52.0,30.0,0.6,2.0,17.0,24.0,0.7,8.0,21.0,21.0,RKC Waalwijk,5.0,1.0,0.0,0.0,4.0,3.0,40.8,10.0,2.0,0.2,0.0,0.0,331.0,401.0,0.8,4.0,17.0,0.2,53.0,25.0,0.5,6.0,11.0,16.0,0.7,7.0,21.0,21.0,705248,2024-09-15 12:30:00,2024
Heracles Almelo,9.0,1.0,0.0,2.0,10.0,4.0,58.9,23.0,2.0,0.1,0.0,0.0,331.0,430.0,0.8,8.0,24.0,0.3,60.0,30.0,0.5,8.0,15.0,27.0,0.6,10.0,25.0,25.0,Almere City,8.0,2.0,0.0,0.0,2.0,2.0,41.1,10.0,4.0,0.4,0.0,0.0,188.0,296.0,0.6,5.0,20.0,0.3,72.0,27.0,0.4,3.0,13.0,20.0,0.7,16.0,32.0,32.0,705250,2024-09-15 14:45:00,2024
Ajax Amsterdam,6.0,0.0,0.0,3.0,15.0,1.0,74.4,25.0,14.0,0.6,0.0,0.0,698.0,767.0,0.9,4.0,32.0,0.1,29.0,21.0,0.7,5.0,11.0,19.0,0.6,5.0,4.0,4.0,Fortuna Sittard,8.0,1.0,1.0,1.0,0.0,8.0,25.6,4.0,1.0,0.3,0.0,0.0,200.0,271.0,0.7,1.0,4.0,0.3,69.0,24.0,0.3,0.0,8.0,14.0,0.6,13.0,37.0,37.0,705227,2024-09-18 18:00:00,2024
PEC Zwolle,14.0,2.0,0.0,0.0,10.0,4.0,51.9,16.0,2.0,0.1,0.0,0.0,397.0,487.0,0.8,4.0,20.0,0.2,55.0,29.0,0.5,9.0,10.0,17.0,0.6,9.0,17.0,17.0,AZ Alkmaar,14.0,4.0,0.0,1.0,10.0,2.0,48.1,18.0,6.0,0.3,0.0,0.0,368.0,459.0,0.8,5.0,15.0,0.3,81.0,34.0,0.4,7.0,9.0,17.0,0.5,9.0,30.0,30.0,705251,2024-09-20 18:00:00,2024
FC Utrecht,5.0,2.0,0.0,3.0,7.0,1.0,54.0,15.0,2.0,0.1,1.0,1.0,328.0,413.0,0.8,3.0,20.0,0.2,59.0,27.0,0.5,8.0,7.0,10.0,0.7,7.0,16.0,16.0,Willem II,13.0,3.0,0.0,0.0,7.0,1.0,46.0,8.0,3.0,0.4,0.0,0.0,276.0,350.0,0.8,1.0,19.0,0.1,55.0,21.0,0.4,2.0,10.0,11.0,0.9,5.0,18.0,18.0,705252,2024-09-21 14:30:00,2024
RKC Waalwijk,10.0,0.0,0.0,0.0,6.0,3.0,43.4,27.0,10.0,0.4,0.0,0.0,288.0,370.0,0.8,8.0,30.0,0.3,50.0,21.0,0.4,11.0,5.0,9.0,0.6,13.0,23.0,23.0,Sparta Rotterdam,10.0,1.0,0.0,1.0,2.0,9.0,56.6,14.0,5.0,0.4,0.0,0.0,422.0,513.0,0.8,3.0,15.0,0.2,77.0,37.0,0.5,3.0,9.0,15.0,0.6,5.0,35.0,35.0,705253,2024-09-21 16:45:00,2024
Go Ahead Eagles,11.0,2.0,0.0,0.0,7.0,2.0,43.4,9.0,4.0,0.4,0.0,0.0,323.0,392.0,0.8,5.0,23.0,0.2,60.0,28.0,0.5,4.0,7.0,12.0,0.6,9.0,23.0,23.0,Ajax Amsterdam,9.0,2.0,0.0,1.0,2.0,3.0,56.6,8.0,3.0,0.4,0.0,0.0,446.0,519.0,0.9,3.0,17.0,0.2,47.0,21.0,0.4,2.0,5.0,11.0,0.5,15.0,27.0,27.0,705254,2024-09-21 18:00:00,2024
NEC Nijmegen,15.0,3.0,0.0,1.0,7.0,2.0,65.3,21.0,9.0,0.4,0.0,0.0,452.0,540.0,0.8,8.0,37.0,0.2,61.0,35.0,0.6,5.0,15.0,25.0,0.6,12.0,11.0,11.0,Heracles Almelo,16.0,4.0,0.0,0.0,4.0,8.0,34.7,11.0,5.0,0.5,0.0,0.0,205.0,295.0,0.7,3.0,10.0,0.3,71.0,29.0,0.4,1.0,15.0,23.0,0.7,14.0,53.0,53.0,705255,2024-09-21 19:00:00,2024
Heerenveen,11.0,1.0,0.0,1.0,9.0,0.0,66.2,20.0,6.0,0.3,0.0,0.0,477.0,549.0,0.9,10.0,24.0,0.4,58.0,32.0,0.6,4.0,8.0,13.0,0.6,7.0,14.0,14.0,FC Groningen,9.0,3.0,2.0,1.0,3.0,4.0,33.8,2.0,1.0,0.5,0.0,0.0,210.0,285.0,0.7,2.0,8.0,0.3,55.0,29.0,0.5,0.0,7.0,15.0,0.5,14.0,25.0,25.0,705256,2024-09-22 10:15:00,2024
Feyenoord Rotterdam,10.0,2.0,0.0,1.0,5.0,1.0,57.1,25.0,5.0,0.2,1.0,1.0,387.0,455.0,0.9,5.0,17.0,0.3,41.0,22.0,0.5,8.0,19.0,23.0,0.8,6.0,14.0,14.0,NAC Breda,15.0,2.0,0.0,0.0,2.0,3.0,42.9,5.0,1.0,0.2,0.0,0.0,261.0,341.0,0.8,3.0,12.0,0.3,62.0,29.0,0.5,2.0,13.0,23.0,0.6,8.0,25.0,25.0,705258,2024-09-22 12:30:00,2024
Almere City,9.0,1.0,0.0,0.0,7.0,3.0,39.8,16.0,4.0,0.3,0.0,0.0,257.0,318.0,0.8,9.0,30.0,0.3,46.0,25.0,0.5,4.0,7.0,11.0,0.6,6.0,23.0,23.0,FC Twente,5.0,1.0,0.0,1.0,5.0,4.0,60.2,16.0,8.0,0.5,0.0,0.0,444.0,512.0,0.9,6.0,23.0,0.3,55.0,34.0,0.6,4.0,12.0,18.0,0.7,2.0,29.0,29.0,705257,2024-09-22 12:30:00,2024
Fortuna Sittard,11.0,3.0,0.0,2.0,5.0,4.0,28.0,8.0,4.0,0.5,0.0,0.0,165.0,246.0,0.7,4.0,11.0,0.4,65.0,26.0,0.4,3.0,6.0,10.0,0.6,9.0,21.0,21.0,PSV Eindhoven,10.0,1.0,0.0,3.0,6.0,3.0,72.0,14.0,7.0,0.5,0.0,0.0,560.0,642.0,0.9,3.0,19.0,0.2,48.0,32.0,0.7,2.0,12.0,16.0,0.8,6.0,13.0,13.0,705259,2024-09-22 14:45:00,2024
Heracles Almelo,9.0,2.0,0.0,5.0,9.0,5.0,36.9,16.0,9.0,0.6,0.0,0.0,240.0,311.0,0.8,5.0,26.0,0.2,62.0,34.0,0.5,1.0,11.0,17.0,0.6,7.0,16.0,16.0,Heerenveen,15.0,2.0,0.0,1.0,4.0,7.0,63.1,16.0,6.0,0.4,0.0,0.0,477.0,561.0,0.9,3.0,10.0,0.3,38.0,17.0,0.4,5.0,16.0,22.0,0.7,4.0,23.0,23.0,705260,2024-09-27 18:00:00,2024
Willem II,9.0,1.0,0.0,3.0,3.0,1.0,26.4,7.0,0.0,0.0,0.0,0.0,205.0,270.0,0.8,4.0,13.0,0.3,51.0,20.0,0.4,3.0,14.0,20.0,0.7,7.0,20.0,20.0,PSV Eindhoven,11.0,2.0,0.0,0.0,6.0,0.0,73.6,12.0,3.0,0.3,0.0,0.0,696.0,779.0,0.9,1.0,19.0,0.1,48.0,27.0,0.6,3.0,10.0,21.0,0.5,8.0,7.0,7.0,705264,2024-09-28 14:30:00,2024
NEC Nijmegen,12.0,1.0,0.0,0.0,3.0,5.0,34.5,10.0,4.0,0.4,0.0,0.0,201.0,297.0,0.7,4.0,8.0,0.5,65.0,23.0,0.4,1.0,20.0,34.0,0.6,15.0,34.0,34.0,Feyenoord Rotterdam,9.0,1.0,0.0,2.0,9.0,3.0,65.5,17.0,6.0,0.4,0.0,0.0,472.0,553.0,0.9,4.0,28.0,0.1,46.0,27.0,0.6,3.0,7.0,10.0,0.7,7.0,13.0,13.0,705262,2024-09-28 16:45:00,2024
Sparta Rotterdam,12.0,1.0,0.0,1.0,9.0,4.0,59.5,19.0,6.0,0.3,0.0,0.0,407.0,496.0,0.8,13.0,37.0,0.4,55.0,32.0,0.6,2.0,14.0,21.0,0.7,6.0,24.0,24.0,Fortuna Sittard,9.0,2.0,0.0,1.0,5.0,5.0,40.5,13.0,5.0,0.4,0.0,0.0,256.0,347.0,0.7,4.0,16.0,0.3,69.0,27.0,0.4,5.0,7.0,13.0,0.5,9.0,38.0,38.0,705263,2024-09-28 19:00:00,2024
PEC Zwolle,10.0,2.0,0.0,1.0,6.0,5.0,60.2,10.0,3.0,0.3,0.0,0.0,461.0,544.0,0.8,4.0,17.0,0.2,49.0,25.0,0.5,2.0,10.0,17.0,0.6,6.0,26.0,26.0,Almere City,13.0,4.0,0.0,0.0,8.0,2.0,39.8,15.0,5.0,0.3,0.0,0.0,265.0,351.0,0.8,2.0,21.0,0.1,66.0,33.0,0.5,4.0,8.0,17.0,0.5,9.0,16.0,16.0,705265,2024-09-29 10:15:00,2024
FC Twente,13.0,2.0,0.0,0.0,4.0,2.0,58.5,19.0,5.0,0.3,1.0,1.0,418.0,495.0,0.8,5.0,24.0,0.2,44.0,18.0,0.4,10.0,7.0,14.0,0.5,11.0,21.0,21.0,NAC Breda,12.0,2.0,0.0,2.0,3.0,3.0,41.5,7.0,2.0,0.3,0.0,0.0,276.0,353.0,0.8,3.0,12.0,0.3,50.0,21.0,0.4,1.0,9.0,13.0,0.7,8.0,31.0,31.0,705261,2024-09-29 12:30:00,2024
FC Groningen,10.0,2.0,0.0,2.0,7.0,2.0,48.1,6.0,1.0,0.2,0.0,0.0,294.0,391.0,0.8,1.0,13.0,0.1,65.0,20.0,0.3,2.0,7.0,10.0,0.7,9.0,22.0,22.0,Go Ahead Eagles,11.0,3.0,0.0,1.0,7.0,1.0,51.9,16.0,3.0,0.2,0.0,0.0,313.0,414.0,0.8,7.0,22.0,0.3,74.0,38.0,0.5,8.0,9.0,11.0,0.8,4.0,23.0,23.0,705266,2024-09-29 12:30:00,2024
RKC Waalwijk,9.0,2.0,0.0,1.0,2.0,2.0,29.9,3.0,1.0,0.3,0.0,0.0,204.0,294.0,0.7,2.0,10.0,0.2,75.0,28.0,0.4,2.0,12.0,20.0,0.6,13.0,33.0,33.0,Ajax Amsterdam,6.0,1.0,0.0,0.0,12.0,1.0,70.1,23.0,4.0,0.2,0.0,0.0,605.0,687.0,0.9,2.0,23.0,0.1,33.0,21.0,0.6,7.0,6.0,8.0,0.8,11.0,10.0,10.0,705267,2024-09-29 14:45:00,2024
AZ Alkmaar,10.0,1.0,0.0,3.0,8.0,1.0,67.8,22.0,6.0,0.3,0.0,0.0,576.0,672.0,0.9,6.0,22.0,0.3,43.0,23.0,0.5,5.0,10.0,18.0,0.6,4.0,11.0,11.0,FC Utrecht,9.0,2.0,0.0,1.0,1.0,5.0,32.2,8.0,3.0,0.4,0.0,0.0,232.0,320.0,0.7,2.0,7.0,0.3,71.0,32.0,0.5,2.0,14.0,21.0,0.7,16.0,34.0,34.0,705268,2024-09-29 18:00:00,2024
Almere City,9.0,1.0,0.0,0.0,6.0,0.0,50.6,23.0,7.0,0.3,0.0,0.0,350.0,430.0,0.8,8.0,25.0,0.3,66.0,33.0,0.5,6.0,7.0,11.0,0.6,15.0,13.0,13.0,Willem II,13.0,3.0,0.0,1.0,5.0,7.0,49.4,4.0,1.0,0.3,0.0,0.0,344.0,422.0,0.8,5.0,20.0,0.3,59.0,29.0,0.5,2.0,7.0,12.0,0.6,12.0,22.0,22.0,705270,2024-10-04 18:00:00,2024
NAC Breda,12.0,2.0,1.0,1.0,8.0,2.0,50.6,18.0,6.0,0.3,0.0,0.0,359.0,433.0,0.8,6.0,19.0,0.3,51.0,30.0,0.6,5.0,15.0,22.0,0.7,5.0,33.0,33.0,NEC Nijmegen,8.0,1.0,0.0,1.0,3.0,5.0,49.4,12.0,2.0,0.2,0.0,0.0,354.0,419.0,0.8,4.0,23.0,0.2,40.0,14.0,0.4,5.0,11.0,19.0,0.6,9.0,25.0,25.0,705269,2024-10-05 16:45:00,2024
PSV Eindhoven,0.0,0.0,0.0,0.0,0.0,0.0,0.0,0.0,0.0,0.0,0.0,0.0,0.0,0.0,0.0,0.0,0.0,0.0,0.0,0.0,0.0,0.0,0.0,0.0,0.0,0.0,0.0,0.0,Sparta Rotterdam,0.0,0.0,0.0,0.0,0.0,0.0,0.0,0.0,0.0,0.0,0.0,0.0,0.0,0.0,0.0,0.0,0.0,0.0,0.0,0.0,0.0,0.0,0.0,0.0,0.0,0.0,0.0,0.0,705272,2024-10-05 18:00:00,2024
FC Utrecht,8.0,1.0,0.0,0.0,7.0,0.0,64.4,23.0,8.0,0.3,0.0,0.0,476.0,536.0,0.9,11.0,45.0,0.2,35.0,18.0,0.5,2.0,15.0,22.0,0.7,6.0,13.0,13.0,RKC Waalwijk,11.0,0.0,1.0,0.0,0.0,4.0,35.6,3.0,2.0,0.7,1.0,1.0,248.0,316.0,0.8,0.0,5.0,0.0,70.0,28.0,0.4,0.0,9.0,14.0,0.6,7.0,45.0,45.0,705273,2024-10-05 19:00:00,2024
Go Ahead Eagles,8.0,1.0,0.0,3.0,3.0,1.0,59.7,18.0,9.0,0.5,1.0,1.0,423.0,499.0,0.8,3.0,18.0,0.2,44.0,21.0,0.5,2.0,8.0,12.0,0.7,3.0,31.0,31.0,Heracles Almelo,13.0,2.0,0.0,0.0,5.0,5.0,40.3,7.0,2.0,0.3,0.0,0.0,239.0,313.0,0.8,7.0,30.0,0.2,58.0,24.0,0.4,3.0,8.0,20.0,0.4,9.0,34.0,34.0,705276,2024-10-06 10:15:00,2024
Heerenveen,14.0,2.0,0.0,0.0,8.0,1.0,53.2,15.0,4.0,0.3,0.0,0.0,380.0,477.0,0.8,4.0,19.0,0.2,45.0,17.0,0.4,5.0,12.0,21.0,0.6,14.0,8.0,8.0,PEC Zwolle,10.0,2.0,0.0,1.0,2.0,3.0,46.8,6.0,2.0,0.3,0.0,0.0,346.0,424.0,0.8,3.0,10.0,0.3,43.0,16.0,0.4,1.0,15.0,23.0,0.7,21.0,24.0,24.0,705271,2024-10-06 12:30:00,2024
Feyenoord Rotterdam,11.0,2.0,0.0,2.0,5.0,4.0,44.3,8.0,2.0,0.3,0.0,0.0,285.0,358.0,0.8,2.0,14.0,0.1,55.0,27.0,0.5,1.0,11.0,13.0,0.8,14.0,15.0,15.0,FC Twente,17.0,2.0,0.0,0.0,6.0,0.0,55.7,7.0,5.0,0.7,0.0,0.0,367.0,457.0,0.8,7.0,15.0,0.5,54.0,19.0,0.4,0.0,8.0,13.0,0.6,12.0,8.0,8.0,705274,2024-10-06 12:30:00,2024
Ajax Amsterdam,8.0,3.0,0.0,0.0,5.0,3.0,62.6,17.0,8.0,0.5,0.0,1.0,566.0,665.0,0.9,5.0,11.0,0.5,50.0,27.0,0.5,4.0,11.0,26.0,0.4,5.0,12.0,12.0,FC Groningen,10.0,2.0,0.0,0.0,2.0,5.0,37.4,12.0,4.0,0.3,0.0,0.0,307.0,397.0,0.8,1.0,7.0,0.1,65.0,22.0,0.3,5.0,11.0,21.0,0.5,18.0,18.0,18.0,705275,2024-10-06 14:45:00,2024
Fortuna Sittard,11.0,4.0,0.0,1.0,2.0,3.0,43.3,9.0,3.0,0.3,0.0,1.0,285.0,371.0,0.8,3.0,13.0,0.2,67.0,26.0,0.4,1.0,9.0,13.0,0.7,12.0,18.0,18.0,AZ Alkmaar,9.0,2.0,0.0,0.0,5.0,2.0,56.7,10.0,3.0,0.3,0.0,0.0,402.0,487.0,0.8,4.0,18.0,0.2,48.0,24.0,0.5,2.0,13.0,18.0,0.7,5.0,11.0,11.0,705277,2024-10-06 18:00:00,2024
Sparta Rotterdam,6.0,2.0,1.0,1.0,5.0,2.0,71.5,19.0,7.0,0.4,0.0,0.0,527.0,627.0,0.8,5.0,23.0,0.2,76.0,40.0,0.5,5.0,10.0,16.0,0.6,9.0,10.0,10.0,Almere City,12.0,4.0,0.0,0.0,3.0,5.0,28.5,9.0,3.0,0.3,0.0,0.0,134.0,245.0,0.5,4.0,13.0,0.3,63.0,9.0,0.1,2.0,7.0,11.0,0.6,13.0,26.0,26.0,705278,2024-10-19 14:30:00,2024
AZ Alkmaar,5.0,0.0,1.0,0.0,0.0,3.0,25.5,5.0,2.0,0.4,0.0,0.0,185.0,262.0,0.7,2.0,8.0,0.3,69.0,26.0,0.4,0.0,10.0,20.0,0.5,17.0,29.0,29.0,PSV Eindhoven,11.0,0.0,0.0,3.0,3.0,1.0,74.5,17.0,5.0,0.3,0.0,0.0,704.0,777.0,0.9,4.0,23.0,0.2,61.0,45.0,0.7,8.0,7.0,11.0,0.6,7.0,11.0,11.0,705279,2024-10-19 16:45:00,2024
NEC Nijmegen,17.0,0.0,0.0,0.0,4.0,2.0,43.8,11.0,5.0,0.5,0.0,0.0,345.0,420.0,0.8,6.0,15.0,0.4,43.0,21.0,0.5,4.0,9.0,18.0,0.5,11.0,18.0,18.0,Heerenveen,17.0,3.0,0.0,2.0,4.0,2.0,56.2,8.0,2.0,0.3,0.0,0.0,489.0,545.0,0.9,2.0,13.0,0.2,40.0,28.0,0.7,4.0,9.0,16.0,0.6,6.0,18.0,18.0,705280,2024-10-19 18:00:00,2024
RKC Waalwijk,6.0,1.0,0.0,1.0,3.0,6.0,34.4,9.0,4.0,0.4,0.0,0.0,233.0,310.0,0.8,2.0,6.0,0.3,71.0,31.0,0.4,1.0,8.0,13.0,0.6,9.0,43.0,43.0,FC Twente,9.0,2.0,0.0,2.0,10.0,2.0,65.6,17.0,8.0,0.5,0.0,0.0,478.0,560.0,0.9,8.0,42.0,0.2,37.0,17.0,0.5,1.0,13.0,16.0,0.8,3.0,6.0,6.0,705281,2024-10-19 18:00:00,2024
Go Ahead Eagles,10.0,1.0,0.0,0.0,2.0,2.0,45.2,8.0,4.0,0.5,0.0,0.0,353.0,423.0,0.8,0.0,12.0,0.0,51.0,24.0,0.5,2.0,10.0,17.0,0.6,5.0,23.0,23.0,Feyenoord Rotterdam,6.0,2.0,0.0,0.0,7.0,3.0,54.8,23.0,7.0,0.3,0.0,0.0,459.0,506.0,0.9,5.0,20.0,0.3,49.0,30.0,0.6,6.0,7.0,14.0,0.5,7.0,20.0,20.0,705282,2024-10-19 19:00:00,2024
Willem II,11.0,1.0,0.0,0.0,2.0,4.0,43.6,5.0,0.0,0.0,0.0,0.0,270.0,351.0,0.8,2.0,16.0,0.1,34.0,15.0,0.4,1.0,13.0,20.0,0.7,10.0,41.0,41.0,Fortuna Sittard,11.0,1.0,0.0,1.0,10.0,0.0,56.4,23.0,4.0,0.2,0.0,0.0,370.0,449.0,0.8,8.0,25.0,0.3,51.0,23.0,0.5,7.0,14.0,20.0,0.7,12.0,19.0,19.0,705283,2024-10-20 10:15:00,2024
FC Groningen,9.0,2.0,0.0,0.0,4.0,2.0,57.4,15.0,3.0,0.2,0.0,0.0,411.0,509.0,0.8,5.0,14.0,0.4,56.0,20.0,0.4,3.0,7.0,13.0,0.5,8.0,30.0,30.0,FC Utrecht,17.0,4.0,0.0,1.0,5.0,3.0,42.6,10.0,3.0,0.3,0.0,0.0,280.0,372.0,0.8,3.0,18.0,0.2,70.0,30.0,0.4,3.0,11.0,14.0,0.8,19.0,22.0,22.0,705284,2024-10-20 12:30:00,2024
Heracles Almelo,11.0,0.0,1.0,2.0,3.0,3.0,32.1,14.0,6.0,0.4,0.0,0.0,202.0,276.0,0.7,4.0,16.0,0.3,70.0,26.0,0.4,4.0,10.0,20.0,0.5,7.0,22.0,22.0,Ajax Amsterdam,11.0,4.0,0.0,2.0,0.0,3.0,67.9,18.0,6.0,0.3,1.0,1.0,525.0,608.0,0.9,0.0,9.0,0.0,44.0,19.0,0.4,5.0,8.0,11.0,0.7,9.0,14.0,14.0,705285,2024-10-20 12:30:00,2024
PEC Zwolle,7.0,1.0,0.0,0.0,7.0,3.0,57.8,11.0,4.0,0.4,0.0,0.0,475.0,559.0,0.9,2.0,23.0,0.1,49.0,21.0,0.4,4.0,9.0,15.0,0.6,9.0,22.0,22.0,NAC Breda,7.0,2.0,0.0,0.0,4.0,3.0,42.2,10.0,4.0,0.4,0.0,0.0,313.0,405.0,0.8,3.0,18.0,0.2,62.0,32.0,0.5,3.0,12.0,21.0,0.6,6.0,33.0,33.0,705286,2024-10-20 14:45:00,2024
Almere City,16.0,1.0,0.0,1.0,4.0,4.0,47.3,11.0,2.0,0.2,0.0,0.0,289.0,370.0,0.8,4.0,21.0,0.2,65.0,36.0,0.6,3.0,7.0,10.0,0.7,9.0,26.0,26.0,NEC Nijmegen,13.0,1.0,0.0,1.0,8.0,1.0,52.7,15.0,4.0,0.3,0.0,0.0,331.0,412.0,0.8,6.0,23.0,0.3,62.0,29.0,0.5,4.0,10.0,13.0,0.8,6.0,25.0,25.0,705287,2024-10-25 18:00:00,2024
Fortuna Sittard,15.0,1.0,0.0,2.0,6.0,3.0,53.2,9.0,3.0,0.3,0.0,0.0,271.0,339.0,0.8,4.0,25.0,0.2,63.0,26.0,0.4,3.0,11.0,18.0,0.6,10.0,21.0,21.0,FC Groningen,11.0,3.0,0.0,2.0,3.0,2.0,46.8,8.0,3.0,0.4,0.0,0.0,231.0,307.0,0.8,2.0,14.0,0.1,60.0,26.0,0.4,2.0,6.0,12.0,0.5,6.0,24.0,24.0,705288,2024-10-26 14:30:00,2024
PSV Eindhoven,7.0,0.0,0.0,1.0,9.0,2.0,74.2,21.0,9.0,0.4,0.0,1.0,611.0,679.0,0.9,9.0,31.0,0.3,27.0,16.0,0.6,6.0,16.0,25.0,0.6,7.0,5.0,5.0,PEC Zwolle,9.0,0.0,1.0,1.0,4.0,4.0,25.8,4.0,2.0,0.5,0.0,0.0,168.0,240.0,0.7,0.0,4.0,0.0,46.0,10.0,0.2,1.0,9.0,17.0,0.5,10.0,32.0,32.0,705290,2024-10-26 16:45:00,2024
NAC Breda,7.0,2.0,0.0,3.0,6.0,2.0,65.6,21.0,11.0,0.5,1.0,1.0,461.0,530.0,0.9,3.0,19.0,0.2,53.0,28.0,0.5,4.0,8.0,16.0,0.5,2.0,11.0,11.0,RKC Waalwijk,19.0,3.0,1.0,1.0,2.0,7.0,34.4,8.0,2.0,0.3,0.0,0.0,214.0,274.0,0.8,1.0,9.0,0.1,43.0,19.0,0.4,4.0,15.0,17.0,0.9,6.0,27.0,27.0,705289,2024-10-26 18:00:00,2024
Heerenveen,14.0,4.0,0.0,1.0,6.0,4.0,42.8,13.0,6.0,0.5,0.0,0.0,312.0,390.0,0.8,7.0,14.0,0.5,55.0,25.0,0.5,4.0,8.0,14.0,0.6,11.0,24.0,24.0,Sparta Rotterdam,9.0,1.0,0.0,1.0,4.0,4.0,57.2,8.0,4.0,0.5,0.0,0.0,426.0,522.0,0.8,2.0,24.0,0.1,58.0,26.0,0.4,2.0,12.0,19.0,0.6,6.0,11.0,11.0,705291,2024-10-26 19:00:00,2024
FC Utrecht,13.0,3.0,0.0,4.0,2.0,5.0,37.7,4.0,1.0,0.3,0.0,0.0,219.0,310.0,0.7,2.0,13.0,0.2,51.0,19.0,0.4,0.0,15.0,22.0,0.7,8.0,19.0,19.0,Feyenoord Rotterdam,8.0,2.0,0.0,0.0,8.0,1.0,62.3,13.0,7.0,0.5,0.0,0.0,443.0,530.0,0.8,5.0,14.0,0.4,64.0,30.0,0.5,1.0,11.0,18.0,0.6,8.0,22.0,22.0,705292,2024-10-27 11:15:00,2024
FC Twente,11.0,0.0,0.0,2.0,5.0,1.0,61.9,21.0,9.0,0.4,0.0,0.0,494.0,567.0,0.9,7.0,24.0,0.3,33.0,17.0,0.5,6.0,12.0,18.0,0.7,9.0,27.0,27.0,Heracles Almelo,12.0,0.0,0.0,4.0,2.0,5.0,38.1,4.0,1.0,0.3,0.0,0.0,281.0,350.0,0.8,1.0,13.0,0.1,55.0,19.0,0.3,1.0,3.0,8.0,0.4,9.0,44.0,44.0,705294,2024-10-27 13:30:00,2024
AZ Alkmaar,9.0,3.0,0.0,0.0,4.0,1.0,58.4,13.0,6.0,0.5,1.0,1.0,535.0,616.0,0.9,6.0,16.0,0.4,60.0,31.0,0.5,3.0,6.0,12.0,0.5,9.0,16.0,16.0,Go Ahead Eagles,6.0,2.0,0.0,0.0,6.0,4.0,41.6,10.0,3.0,0.3,0.0,0.0,348.0,432.0,0.8,5.0,17.0,0.3,65.0,32.0,0.5,1.0,4.0,8.0,0.5,3.0,15.0,15.0,705293,2024-10-27 19:00:00,2024
Feyenoord Rotterdam,15.0,4.0,0.0,0.0,3.0,2.0,59.1,15.0,2.0,0.1,0.0,0.0,482.0,545.0,0.9,5.0,19.0,0.3,45.0,25.0,0.6,4.0,10.0,16.0,0.6,6.0,8.0,8.0,Ajax Amsterdam,13.0,2.0,0.0,2.0,4.0,2.0,40.9,8.0,4.0,0.5,0.0,0.0,310.0,377.0,0.8,3.0,12.0,0.3,56.0,19.0,0.3,2.0,11.0,16.0,0.7,12.0,21.0,21.0,705239,2024-10-30 17:00:00,2024
Willem II,10.0,4.0,0.0,2.0,4.0,5.0,46.7,9.0,1.0,0.1,0.0,0.0,337.0,425.0,0.8,4.0,22.0,0.2,65.0,27.0,0.4,2.0,11.0,14.0,0.8,8.0,25.0,25.0,FC Twente,12.0,1.0,0.0,0.0,6.0,1.0,53.3,19.0,6.0,0.3,0.0,0.0,410.0,495.0,0.8,4.0,17.0,0.2,51.0,27.0,0.5,7.0,9.0,15.0,0.6,6.0,19.0,19.0,705298,2024-11-02 15:30:00,2024
Heracles Almelo,16.0,1.0,0.0,0.0,3.0,4.0,40.7,11.0,3.0,0.3,1.0,1.0,261.0,353.0,0.7,3.0,15.0,0.2,56.0,20.0,0.4,2.0,11.0,21.0,0.5,12.0,38.0,38.0,NAC Breda,12.0,1.0,0.0,0.0,5.0,1.0,59.3,11.0,4.0,0.4,0.0,0.0,429.0,512.0,0.8,2.0,21.0,0.1,42.0,19.0,0.5,3.0,11.0,17.0,0.6,7.0,31.0,31.0,705297,2024-11-02 17:45:00,2024
Ajax Amsterdam,9.0,2.0,0.0,0.0,6.0,2.0,46.4,21.0,8.0,0.4,0.0,0.0,396.0,463.0,0.9,3.0,11.0,0.3,45.0,24.0,0.5,8.0,7.0,16.0,0.4,11.0,13.0,13.0,PSV Eindhoven,14.0,3.0,0.0,1.0,1.0,5.0,53.6,12.0,4.0,0.3,0.0,0.0,460.0,530.0,0.9,5.0,15.0,0.3,55.0,30.0,0.5,3.0,9.0,15.0,0.6,7.0,30.0,30.0,705299,2024-11-02 17:45:00,2024
Fortuna Sittard,8.0,0.0,0.0,1.0,1.0,2.0,35.1,6.0,3.0,0.5,0.0,0.0,233.0,316.0,0.7,3.0,7.0,0.4,57.0,23.0,0.4,1.0,15.0,20.0,0.8,12.0,33.0,33.0,Heerenveen,10.0,0.0,0.0,2.0,8.0,0.0,64.9,11.0,2.0,0.2,0.0,0.0,500.0,581.0,0.9,6.0,19.0,0.3,43.0,24.0,0.6,5.0,13.0,24.0,0.5,11.0,12.0,12.0,705300,2024-11-02 20:00:00,2024
Feyenoord Rotterdam,12.0,0.0,0.0,0.0,10.0,3.0,63.1,16.0,4.0,0.3,0.0,0.0,449.0,539.0,0.8,5.0,24.0,0.2,63.0,32.0,0.5,5.0,8.0,17.0,0.5,8.0,8.0,8.0,AZ Alkmaar,11.0,0.0,0.0,4.0,0.0,2.0,36.9,9.0,5.0,0.6,0.0,0.0,240.0,328.0,0.7,0.0,5.0,0.0,68.0,25.0,0.4,1.0,9.0,17.0,0.5,15.0,26.0,26.0,705296,2024-11-02 20:00:00,2024
Go Ahead Eagles,12.0,1.0,0.0,2.0,9.0,1.0,48.3,17.0,7.0,0.4,0.0,0.0,274.0,377.0,0.7,3.0,19.0,0.2,72.0,25.0,0.3,7.0,6.0,11.0,0.5,2.0,24.0,24.0,PEC Zwolle,13.0,1.0,0.0,1.0,5.0,5.0,51.7,5.0,3.0,0.6,0.0,0.0,304.0,402.0,0.8,3.0,19.0,0.2,67.0,20.0,0.3,0.0,13.0,21.0,0.6,14.0,34.0,34.0,705301,2024-11-03 11:15:00,2024
Sparta Rotterdam,14.0,1.0,1.0,2.0,4.0,0.0,49.2,10.0,3.0,0.3,1.0,1.0,354.0,438.0,0.8,3.0,15.0,0.2,61.0,25.0,0.4,3.0,16.0,21.0,0.8,9.0,27.0,27.0,FC Utrecht,10.0,1.0,0.0,0.0,4.0,2.0,50.8,14.0,4.0,0.3,0.0,0.0,361.0,448.0,0.8,4.0,21.0,0.2,56.0,26.0,0.5,3.0,11.0,17.0,0.6,10.0,26.0,26.0,705303,2024-11-03 13:30:00,2024
NEC Nijmegen,18.0,1.0,0.0,2.0,1.0,1.0,61.8,14.0,6.0,0.4,2.0,2.0,407.0,472.0,0.9,6.0,18.0,0.3,52.0,22.0,0.4,2.0,7.0,15.0,0.5,10.0,21.0,21.0,FC Groningen,15.0,3.0,0.0,1.0,4.0,0.0,38.2,6.0,1.0,0.2,0.0,0.0,202.0,290.0,0.7,0.0,10.0,0.0,57.0,15.0,0.3,3.0,16.0,17.0,0.9,2.0,20.0,20.0,705302,2024-11-03 13:30:00,2024
RKC Waalwijk,11.0,0.0,0.0,1.0,4.0,0.0,44.5,11.0,3.0,0.3,0.0,0.0,266.0,361.0,0.7,5.0,14.0,0.4,70.0,28.0,0.4,2.0,12.0,22.0,0.5,7.0,32.0,32.0,Almere City,9.0,0.0,0.0,0.0,4.0,1.0,55.5,8.0,0.0,0.0,0.0,0.0,349.0,453.0,0.8,2.0,20.0,0.1,71.0,24.0,0.3,3.0,9.0,12.0,0.8,12.0,15.0,15.0,705304,2024-11-03 15:45:00,2024
FC Utrecht,11.0,0.0,0.0,0.0,4.0,2.0,54.6,18.0,6.0,0.3,0.0,0.0,358.0,441.0,0.8,9.0,20.0,0.5,53.0,25.0,0.5,6.0,10.0,18.0,0.6,5.0,28.0,28.0,Heracles Almelo,13.0,1.0,0.0,1.0,8.0,5.0,45.4,10.0,2.0,0.2,0.0,0.0,275.0,356.0,0.8,7.0,29.0,0.2,78.0,42.0,0.5,4.0,12.0,16.0,0.8,9.0,29.0,29.0,705305,2024-11-08 19:00:00,2024
FC Groningen,9.0,1.0,0.0,0.0,4.0,3.0,42.5,8.0,4.0,0.5,0.0,0.0,283.0,382.0,0.7,3.0,19.0,0.2,65.0,30.0,0.5,1.0,12.0,13.0,0.9,18.0,24.0,24.0,Sparta Rotterdam,11.0,2.0,0.0,3.0,5.0,3.0,57.5,11.0,3.0,0.3,0.0,0.0,411.0,529.0,0.8,5.0,20.0,0.3,79.0,27.0,0.3,4.0,6.0,8.0,0.8,9.0,25.0,25.0,705306,2024-11-09 15:30:00,2024
PEC Zwolle,13.0,2.0,1.0,1.0,5.0,4.0,59.3,14.0,4.0,0.3,0.0,0.0,376.0,469.0,0.8,4.0,20.0,0.2,46.0,20.0,0.4,6.0,8.0,9.0,0.9,9.0,24.0,24.0,Fortuna Sittard,15.0,2.0,0.0,0.0,7.0,1.0,40.7,14.0,5.0,0.4,1.0,2.0,229.0,315.0,0.7,8.0,24.0,0.3,67.0,31.0,0.5,3.0,7.0,12.0,0.6,17.0,25.0,25.0,705307,2024-11-09 17:45:00,2024
NAC Breda,13.0,2.0,0.0,0.0,5.0,6.0,30.0,11.0,3.0,0.3,0.0,0.0,183.0,274.0,0.7,3.0,10.0,0.3,48.0,20.0,0.4,2.0,8.0,16.0,0.5,16.0,26.0,26.0,PSV Eindhoven,9.0,2.0,0.0,1.0,9.0,3.0,70.0,20.0,10.0,0.5,0.0,0.0,554.0,649.0,0.9,4.0,17.0,0.2,50.0,20.0,0.4,7.0,10.0,16.0,0.6,9.0,21.0,21.0,705308,2024-11-09 19:00:00,2024
RKC Waalwijk,6.0,0.0,1.0,3.0,5.0,5.0,40.8,10.0,3.0,0.3,0.0,0.0,285.0,366.0,0.8,2.0,15.0,0.1,71.0,47.0,0.7,5.0,10.0,12.0,0.8,10.0,24.0,24.0,NEC Nijmegen,12.0,1.0,0.0,2.0,10.0,3.0,59.2,20.0,8.0,0.4,0.0,0.0,451.0,525.0,0.9,8.0,29.0,0.3,44.0,21.0,0.5,6.0,13.0,19.0,0.7,4.0,23.0,23.0,705309,2024-11-09 20:00:00,2024
Almere City,14.0,2.0,0.0,1.0,0.0,7.0,32.7,8.0,4.0,0.5,0.0,0.0,178.0,267.0,0.7,1.0,8.0,0.1,68.0,28.0,0.4,2.0,10.0,13.0,0.8,14.0,19.0,19.0,Feyenoord Rotterdam,5.0,0.0,0.0,4.0,9.0,3.0,67.3,20.0,11.0,0.6,0.0,0.0,449.0,542.0,0.8,8.0,21.0,0.4,77.0,37.0,0.5,3.0,10.0,12.0,0.8,5.0,8.0,8.0,705310,2024-11-10 11:15:00,2024
Heerenveen,11.0,2.0,0.0,0.0,2.0,3.0,48.7,4.0,1.0,0.3,0.0,0.0,448.0,522.0,0.9,2.0,12.0,0.2,62.0,24.0,0.4,2.0,7.0,13.0,0.5,4.0,34.0,34.0,Go Ahead Eagles,11.0,2.0,0.0,2.0,6.0,0.0,51.3,13.0,3.0,0.2,0.0,0.0,468.0,546.0,0.9,3.0,18.0,0.2,55.0,33.0,0.6,4.0,13.0,21.0,0.6,8.0,18.0,18.0,705312,2024-11-10 13:30:00,2024
FC Twente,13.0,1.0,0.0,2.0,5.0,4.0,39.4,17.0,7.0,0.4,0.0,0.0,329.0,402.0,0.8,4.0,24.0,0.2,57.0,26.0,0.5,5.0,13.0,17.0,0.8,7.0,24.0,24.0,Ajax Amsterdam,5.0,1.0,0.0,0.0,4.0,5.0,60.6,11.0,6.0,0.5,0.0,0.0,568.0,640.0,0.9,6.0,13.0,0.5,64.0,34.0,0.5,2.0,7.0,9.0,0.8,5.0,25.0,25.0,705311,2024-11-10 13:30:00,2024
AZ Alkmaar,7.0,0.0,0.0,2.0,10.0,1.0,69.4,30.0,3.0,0.1,0.0,0.0,511.0,586.0,0.9,6.0,32.0,0.2,56.0,30.0,0.5,14.0,12.0,23.0,0.5,7.0,11.0,11.0,Willem II,10.0,3.0,0.0,2.0,1.0,2.0,30.6,7.0,3.0,0.4,0.0,0.0,185.0,264.0,0.7,0.0,6.0,0.0,54.0,19.0,0.4,1.0,8.0,11.0,0.7,10.0,32.0,32.0,705313,2024-11-10 15:45:00,2024
Go Ahead Eagles,7.0,0.0,0.0,2.0,5.0,1.0,57.5,20.0,9.0,0.5,0.0,0.0,381.0,490.0,0.8,3.0,13.0,0.2,63.0,28.0,0.4,5.0,16.0,24.0,0.7,7.0,26.0,26.0,Almere City,6.0,0.0,0.0,3.0,4.0,4.0,42.5,8.0,1.0,0.1,0.0,0.0,251.0,348.0,0.7,3.0,23.0,0.1,64.0,22.0,0.3,3.0,9.0,18.0,0.5,10.0,34.0,34.0,705315,2024-11-23 15:30:00,2024
Heracles Almelo,8.0,1.0,0.0,0.0,9.0,3.0,64.0,18.0,5.0,0.3,1.0,1.0,432.0,512.0,0.8,6.0,28.0,0.2,68.0,35.0,0.5,5.0,16.0,19.0,0.8,7.0,30.0,30.0,RKC Waalwijk,14.0,0.0,0.0,0.0,5.0,3.0,36.0,14.0,5.0,0.4,0.0,0.0,212.0,288.0,0.7,4.0,14.0,0.3,67.0,27.0,0.4,3.0,9.0,19.0,0.5,11.0,29.0,29.0,705316,2024-11-23 17:45:00,2024
Feyenoord Rotterdam,4.0,0.0,0.0,1.0,7.0,3.0,61.5,24.0,7.0,0.3,0.0,0.0,551.0,621.0,0.9,4.0,19.0,0.2,55.0,34.0,0.6,11.0,12.0,15.0,0.8,10.0,15.0,15.0,Heerenveen,14.0,2.0,0.0,1.0,3.0,4.0,38.5,7.0,3.0,0.4,0.0,0.0,311.0,394.0,0.8,0.0,6.0,0.0,39.0,14.0,0.4,4.0,12.0,20.0,0.6,12.0,22.0,22.0,705317,2024-11-23 17:45:00,2024
PSV Eindhoven,2.0,0.0,0.0,5.0,14.0,2.0,75.8,26.0,10.0,0.4,0.0,0.0,512.0,587.0,0.9,11.0,34.0,0.3,49.0,29.0,0.6,10.0,5.0,12.0,0.4,8.0,6.0,6.0,FC Groningen,5.0,0.0,0.0,1.0,3.0,5.0,24.2,4.0,2.0,0.5,0.0,0.0,119.0,194.0,0.6,1.0,5.0,0.2,41.0,11.0,0.3,2.0,7.0,13.0,0.5,10.0,34.0,34.0,705314,2024-11-23 20:00:00,2024
Fortuna Sittard,8.0,1.0,0.0,3.0,3.0,1.0,41.3,8.0,1.0,0.1,1.0,1.0,269.0,365.0,0.7,3.0,13.0,0.2,58.0,22.0,0.4,3.0,12.0,16.0,0.8,7.0,20.0,20.0,FC Twente,10.0,2.0,0.0,1.0,1.0,0.0,58.7,11.0,3.0,0.3,0.0,0.0,436.0,527.0,0.8,2.0,7.0,0.3,77.0,37.0,0.5,4.0,12.0,20.0,0.6,7.0,28.0,28.0,705318,2024-11-23 20:00:00,2024
NEC Nijmegen,9.0,0.0,0.0,0.0,8.0,4.0,62.5,18.0,6.0,0.3,0.0,0.0,459.0,555.0,0.8,6.0,17.0,0.4,65.0,26.0,0.4,6.0,8.0,18.0,0.4,2.0,15.0,15.0,FC Utrecht,11.0,1.0,0.0,0.0,5.0,5.0,37.5,10.0,6.0,0.6,0.0,0.0,247.0,325.0,0.8,3.0,16.0,0.2,57.0,21.0,0.4,0.0,16.0,22.0,0.7,9.0,35.0,35.0,705319,2024-11-24 11:15:00,2024
Sparta Rotterdam,11.0,3.0,0.0,0.0,5.0,0.0,52.1,13.0,4.0,0.3,0.0,0.0,439.0,534.0,0.8,3.0,14.0,0.2,58.0,26.0,0.4,3.0,9.0,13.0,0.7,11.0,23.0,23.0,AZ Alkmaar,12.0,3.0,0.0,0.0,2.0,3.0,47.9,5.0,2.0,0.4,0.0,0.0,394.0,495.0,0.8,0.0,9.0,0.0,68.0,30.0,0.4,1.0,11.0,17.0,0.6,10.0,17.0,17.0,705320,2024-11-24 13:30:00,2024
Willem II,7.0,4.0,0.0,0.0,8.0,1.0,63.7,14.0,4.0,0.3,1.0,1.0,436.0,501.0,0.9,11.0,33.0,0.3,46.0,20.0,0.4,2.0,10.0,15.0,0.7,5.0,22.0,22.0,NAC Breda,6.0,2.0,0.0,2.0,0.0,2.0,36.3,10.0,3.0,0.3,0.0,0.0,217.0,295.0,0.7,2.0,7.0,0.3,54.0,23.0,0.4,2.0,11.0,17.0,0.6,8.0,40.0,40.0,705321,2024-11-24 13:30:00,2024
Ajax Amsterdam,15.0,3.0,0.0,2.0,7.0,6.0,57.5,5.0,2.0,0.4,0.0,0.0,547.0,641.0,0.9,5.0,15.0,0.3,59.0,30.0,0.5,0.0,6.0,11.0,0.5,4.0,10.0,10.0,PEC Zwolle,12.0,1.0,0.0,3.0,0.0,0.0,42.5,13.0,6.0,0.5,0.0,0.0,401.0,477.0,0.8,3.0,8.0,0.4,45.0,16.0,0.4,2.0,9.0,12.0,0.8,3.0,28.0,28.0,705322,2024-11-24 15:45:00,2024
Heerenveen,14.0,0.0,0.0,0.0,3.0,0.0,48.0,13.0,4.0,0.3,0.0,0.0,376.0,469.0,0.8,2.0,11.0,0.2,49.0,22.0,0.4,4.0,13.0,26.0,0.5,10.0,20.0,20.0,RKC Waalwijk,8.0,0.0,0.0,3.0,3.0,3.0,52.0,12.0,1.0,0.1,1.0,1.0,399.0,500.0,0.8,5.0,17.0,0.3,64.0,26.0,0.4,6.0,11.0,21.0,0.5,7.0,21.0,21.0,705323,2024-11-29 19:00:00,2024
NAC Breda,8.0,1.0,0.0,0.0,5.0,2.0,47.0,10.0,4.0,0.4,0.0,0.0,274.0,375.0,0.7,4.0,20.0,0.2,64.0,29.0,0.5,3.0,14.0,23.0,0.6,7.0,34.0,34.0,Almere City,12.0,1.0,0.0,0.0,4.0,3.0,53.0,10.0,3.0,0.3,0.0,0.0,329.0,426.0,0.8,3.0,16.0,0.2,72.0,26.0,0.4,2.0,9.0,14.0,0.6,6.0,21.0,21.0,705324,2024-11-30 15:30:00,2024
FC Groningen,7.0,1.0,0.0,2.0,3.0,2.0,49.1,14.0,7.0,0.5,0.0,0.0,391.0,485.0,0.8,5.0,10.0,0.5,57.0,28.0,0.5,1.0,9.0,14.0,0.6,6.0,30.0,30.0,Willem II,7.0,0.0,0.0,2.0,1.0,5.0,50.9,6.0,1.0,0.2,0.0,0.0,398.0,497.0,0.8,2.0,15.0,0.1,74.0,31.0,0.4,2.0,13.0,17.0,0.8,12.0,20.0,20.0,705325,2024-11-30 17:45:00,2024
Feyenoord Rotterdam,11.0,3.0,0.0,4.0,9.0,2.0,72.9,23.0,10.0,0.4,0.0,0.0,474.0,544.0,0.9,8.0,36.0,0.2,29.0,16.0,0.6,4.0,7.0,14.0,0.5,10.0,7.0,7.0,Fortuna Sittard,13.0,2.0,0.0,3.0,1.0,9.0,27.1,8.0,3.0,0.4,0.0,0.0,130.0,206.0,0.6,4.0,5.0,0.8,54.0,13.0,0.2,3.0,10.0,16.0,0.6,14.0,52.0,52.0,705326,2024-11-30 19:00:00,2024
PEC Zwolle,8.0,3.0,0.0,0.0,3.0,2.0,49.7,10.0,3.0,0.3,0.0,0.0,379.0,468.0,0.8,3.0,15.0,0.2,55.0,23.0,0.4,2.0,9.0,15.0,0.6,5.0,26.0,26.0,Sparta Rotterdam,16.0,2.0,0.0,0.0,7.0,2.0,50.3,13.0,2.0,0.2,0.0,0.0,366.0,467.0,0.8,6.0,25.0,0.2,91.0,54.0,0.6,5.0,11.0,18.0,0.6,9.0,17.0,17.0,705327,2024-11-30 20:00:00,2024
FC Utrecht,9.0,2.0,0.0,0.0,4.0,3.0,35.0,10.0,3.0,0.3,1.0,1.0,215.0,295.0,0.7,4.0,21.0,0.2,54.0,24.0,0.4,4.0,19.0,25.0,0.8,14.0,29.0,29.0,PSV Eindhoven,11.0,4.0,0.0,3.0,7.0,1.0,65.0,13.0,8.0,0.6,0.0,0.0,494.0,575.0,0.9,4.0,17.0,0.2,43.0,26.0,0.6,2.0,13.0,20.0,0.7,4.0,19.0,19.0,705328,2024-12-01 11:15:00,2024
FC Twente,8.0,1.0,0.0,1.0,12.0,2.0,57.0,26.0,8.0,0.3,0.0,0.0,440.0,520.0,0.8,15.0,48.0,0.3,64.0,37.0,0.6,9.0,13.0,21.0,0.6,4.0,19.0,19.0,Go Ahead Eagles,6.0,2.0,0.0,3.0,0.0,5.0,43.0,9.0,5.0,0.6,0.0,0.0,323.0,420.0,0.8,2.0,7.0,0.3,55.0,16.0,0.3,1.0,4.0,10.0,0.4,3.0,43.0,43.0,705330,2024-12-01 13:30:00,2024
AZ Alkmaar,8.0,0.0,0.0,0.0,8.0,2.0,62.8,20.0,5.0,0.3,0.0,0.0,481.0,580.0,0.8,11.0,21.0,0.5,58.0,33.0,0.6,5.0,15.0,20.0,0.8,8.0,21.0,21.0,Heracles Almelo,16.0,3.0,0.0,1.0,1.0,5.0,37.2,7.0,2.0,0.3,0.0,0.0,250.0,344.0,0.7,4.0,13.0,0.3,77.0,33.0,0.4,1.0,11.0,21.0,0.5,10.0,32.0,32.0,705329,2024-12-01 13:30:00,2024
NEC Nijmegen,13.0,1.0,0.0,0.0,7.0,4.0,51.4,21.0,8.0,0.4,0.0,0.0,399.0,473.0,0.8,7.0,28.0,0.3,64.0,32.0,0.5,5.0,11.0,18.0,0.6,10.0,11.0,11.0,Ajax Amsterdam,21.0,5.0,0.0,0.0,1.0,7.0,48.6,8.0,6.0,0.8,0.0,0.0,390.0,459.0,0.9,3.0,6.0,0.5,51.0,29.0,0.6,1.0,9.0,16.0,0.6,11.0,42.0,42.0,705331,2024-12-01 15:45:00,2024
Ajax Amsterdam,14.0,0.0,0.0,1.0,7.0,3.0,61.3,11.0,1.0,0.1,0.0,0.0,547.0,622.0,0.9,5.0,20.0,0.3,36.0,20.0,0.6,3.0,8.0,11.0,0.7,8.0,18.0,18.0,FC Utrecht,6.0,0.0,0.0,1.0,7.0,0.0,38.7,17.0,5.0,0.3,0.0,0.0,324.0,380.0,0.9,6.0,22.0,0.3,45.0,16.0,0.4,7.0,4.0,10.0,0.4,8.0,29.0,29.0,705249,2024-12-04 19:00:00,2024
PSV Eindhoven,7.0,0.0,0.0,0.0,9.0,2.0,62.4,20.0,12.0,0.6,0.0,0.0,497.0,574.0,0.9,6.0,18.0,0.3,58.0,36.0,0.6,3.0,4.0,5.0,0.8,9.0,10.0,10.0,FC Twente,9.0,1.0,0.0,2.0,2.0,6.0,37.6,8.0,3.0,0.4,0.0,0.0,257.0,341.0,0.8,1.0,12.0,0.1,45.0,13.0,0.3,2.0,12.0,19.0,0.6,14.0,19.0,19.0,705339,2024-12-06 19:00:00,2024
Go Ahead Eagles,14.0,2.0,0.0,0.0,5.0,4.0,51.9,18.0,9.0,0.5,0.0,0.0,356.0,420.0,0.8,4.0,14.0,0.3,46.0,22.0,0.5,2.0,10.0,16.0,0.6,5.0,30.0,30.0,NEC Nijmegen,13.0,2.0,0.0,1.0,7.0,4.0,48.1,11.0,4.0,0.4,0.0,0.0,307.0,373.0,0.8,0.0,31.0,0.0,50.0,24.0,0.5,3.0,12.0,18.0,0.7,12.0,22.0,22.0,705333,2024-12-07 15:30:00,2024
Sparta Rotterdam,12.0,3.0,0.0,1.0,9.0,8.0,60.5,23.0,5.0,0.2,0.0,0.0,417.0,515.0,0.8,8.0,19.0,0.4,57.0,27.0,0.5,9.0,11.0,20.0,0.6,3.0,20.0,20.0,NAC Breda,7.0,1.0,0.0,0.0,5.0,4.0,39.5,13.0,9.0,0.7,0.0,0.0,238.0,325.0,0.7,8.0,20.0,0.4,61.0,21.0,0.3,1.0,7.0,11.0,0.6,6.0,32.0,32.0,705337,2024-12-07 17:45:00,2024
RKC Waalwijk,0.0,0.0,0.0,0.0,0.0,0.0,0.0,0.0,0.0,0.0,0.0,0.0,0.0,0.0,0.0,0.0,0.0,0.0,0.0,0.0,0.0,0.0,0.0,0.0,0.0,0.0,0.0,0.0,Feyenoord Rotterdam,3.0,0.0,0.0,3.0,15.0,2.0,64.9,18.0,9.0,0.5,0.0,0.0,493.0,562.0,0.9,8.0,25.0,0.3,30.0,15.0,0.5,2.0,16.0,26.0,0.6,4.0,16.0,16.0,705340,2024-12-07 19:00:00,2024
Heracles Almelo,17.0,2.0,0.0,3.0,5.0,3.0,51.7,15.0,7.0,0.5,0.0,0.0,340.0,424.0,0.8,8.0,28.0,0.3,61.0,28.0,0.5,2.0,7.0,10.0,0.7,9.0,15.0,15.0,Fortuna Sittard,11.0,1.0,0.0,0.0,3.0,5.0,48.3,7.0,5.0,0.7,0.0,0.0,326.0,407.0,0.8,2.0,13.0,0.2,76.0,36.0,0.5,1.0,12.0,18.0,0.7,8.0,24.0,24.0,705336,2024-12-07 20:00:00,2024
FC Groningen,10.0,3.0,0.0,2.0,6.0,2.0,52.7,14.0,6.0,0.4,0.0,0.0,427.0,511.0,0.8,4.0,18.0,0.2,75.0,40.0,0.5,6.0,12.0,16.0,0.8,6.0,20.0,20.0,PEC Zwolle,5.0,0.0,0.0,1.0,4.0,6.0,47.3,10.0,2.0,0.2,0.0,0.0,365.0,460.0,0.8,4.0,12.0,0.3,56.0,21.0,0.4,4.0,13.0,16.0,0.8,10.0,31.0,31.0,705332,2024-12-08 11:15:00,2024
Willem II,14.0,2.0,0.0,2.0,2.0,2.0,40.7,9.0,3.0,0.3,0.0,0.0,264.0,336.0,0.8,4.0,23.0,0.2,69.0,27.0,0.4,0.0,8.0,17.0,0.5,10.0,26.0,26.0,Heerenveen,10.0,2.0,0.0,2.0,3.0,3.0,59.3,19.0,4.0,0.2,1.0,1.0,442.0,508.0,0.9,6.0,21.0,0.3,37.0,16.0,0.4,8.0,9.0,14.0,0.6,7.0,28.0,28.0,705338,2024-12-08 13:30:00,2024
AZ Alkmaar,16.0,1.0,0.0,0.0,6.0,2.0,42.9,12.0,4.0,0.3,0.0,0.0,307.0,402.0,0.8,3.0,14.0,0.2,62.0,20.0,0.3,3.0,13.0,21.0,0.6,7.0,28.0,28.0,Ajax Amsterdam,11.0,2.0,0.0,2.0,3.0,2.0,57.1,7.0,3.0,0.4,0.0,0.0,463.0,527.0,0.9,2.0,23.0,0.1,47.0,34.0,0.7,1.0,7.0,16.0,0.4,9.0,26.0,26.0,705334,2024-12-08 13:30:00,2024
Almere City,10.0,2.0,0.0,1.0,4.0,2.0,50.4,11.0,3.0,0.3,0.0,0.0,354.0,439.0,0.8,4.0,16.0,0.3,61.0,20.0,0.3,2.0,8.0,14.0,0.6,7.0,21.0,21.0,FC Utrecht,6.0,3.0,0.0,1.0,4.0,2.0,49.6,12.0,5.0,0.4,0.0,0.0,358.0,431.0,0.8,4.0,17.0,0.2,55.0,26.0,0.5,5.0,14.0,19.0,0.7,5.0,44.0,44.0,705335,2024-12-08 15:45:00,2024
PEC Zwolle,11.0,0.0,0.0,0.0,9.0,4.0,71.6,19.0,2.0,0.1,0.0,0.0,605.0,696.0,0.9,6.0,28.0,0.2,46.0,25.0,0.5,8.0,9.0,12.0,0.8,7.0,21.0,21.0,Willem II,14.0,3.0,0.0,2.0,5.0,2.0,28.4,9.0,5.0,0.6,0.0,0.0,190.0,270.0,0.7,1.0,19.0,0.1,55.0,19.0,0.3,0.0,12.0,26.0,0.5,3.0,48.0,48.0,705349,2024-12-13 19:00:00,2024
Heerenveen,6.0,0.0,0.0,3.0,7.0,4.0,36.3,12.0,5.0,0.4,0.0,0.0,244.0,326.0,0.7,5.0,16.0,0.3,51.0,22.0,0.4,4.0,13.0,19.0,0.7,9.0,42.0,42.0,PSV Eindhoven,5.0,0.0,0.0,0.0,7.0,4.0,63.7,14.0,3.0,0.2,0.0,0.0,488.0,570.0,0.9,8.0,28.0,0.3,78.0,52.0,0.7,5.0,16.0,24.0,0.7,5.0,23.0,23.0,705348,2024-12-14 17:45:00,2024
Fortuna Sittard,5.0,1.0,0.0,2.0,12.0,5.0,54.3,16.0,7.0,0.4,0.0,0.0,307.0,398.0,0.8,6.0,20.0,0.3,57.0,27.0,0.5,5.0,17.0,22.0,0.8,8.0,35.0,35.0,RKC Waalwijk,4.0,1.0,0.0,2.0,7.0,4.0,45.7,15.0,7.0,0.5,0.0,0.0,256.0,336.0,0.8,8.0,20.0,0.4,52.0,28.0,0.5,4.0,13.0,23.0,0.6,9.0,43.0,43.0,705347,2024-12-14 19:00:00,2024
Feyenoord Rotterdam,10.0,0.0,0.0,2.0,10.0,1.0,59.4,16.0,6.0,0.4,1.0,1.0,407.0,468.0,0.9,6.0,19.0,0.3,38.0,19.0,0.5,6.0,7.0,7.0,1.0,10.0,14.0,14.0,Heracles Almelo,11.0,1.0,0.0,0.0,0.0,1.0,40.6,5.0,3.0,0.6,0.0,0.0,269.0,324.0,0.8,1.0,10.0,0.1,49.0,28.0,0.6,2.0,19.0,26.0,0.7,13.0,33.0,33.0,705343,2024-12-14 20:00:00,2024
FC Utrecht,9.0,1.0,0.0,1.0,7.0,0.0,53.4,39.0,8.0,0.2,0.0,0.0,351.0,402.0,0.9,11.0,45.0,0.2,38.0,22.0,0.6,18.0,10.0,16.0,0.6,9.0,20.0,20.0,Go Ahead Eagles,8.0,2.0,1.0,2.0,1.0,5.0,46.6,9.0,3.0,0.3,0.0,0.0,298.0,377.0,0.8,5.0,9.0,0.6,53.0,21.0,0.4,4.0,14.0,17.0,0.8,4.0,48.0,48.0,705344,2024-12-15 11:15:00,2024
FC Twente,12.0,1.0,0.0,4.0,3.0,3.0,53.7,11.0,5.0,0.5,0.0,0.0,441.0,525.0,0.8,4.0,12.0,0.3,64.0,31.0,0.5,3.0,15.0,20.0,0.8,10.0,29.0,29.0,FC Groningen,7.0,2.0,0.0,2.0,5.0,3.0,46.3,8.0,3.0,0.4,0.0,0.0,357.0,453.0,0.8,4.0,13.0,0.3,66.0,34.0,0.5,2.0,13.0,19.0,0.7,13.0,22.0,22.0,705341,2024-12-15 13:30:00,2024
NEC Nijmegen,10.0,0.0,0.0,0.0,13.0,5.0,63.2,20.0,7.0,0.4,0.0,0.0,436.0,521.0,0.8,9.0,35.0,0.3,58.0,27.0,0.5,7.0,7.0,10.0,0.7,4.0,23.0,23.0,Sparta Rotterdam,9.0,2.0,0.0,1.0,5.0,5.0,36.8,15.0,6.0,0.4,0.0,0.0,236.0,307.0,0.8,7.0,17.0,0.4,56.0,27.0,0.5,3.0,12.0,25.0,0.5,9.0,48.0,48.0,705342,2024-12-15 13:30:00,2024
Ajax Amsterdam,6.0,1.0,0.0,2.0,7.0,0.0,73.5,14.0,8.0,0.6,0.0,0.0,803.0,877.0,0.9,4.0,13.0,0.3,32.0,23.0,0.7,5.0,6.0,15.0,0.4,4.0,8.0,8.0,Almere City,12.0,2.0,0.0,0.0,0.0,5.0,26.5,4.0,0.0,0.0,0.0,0.0,248.0,315.0,0.8,0.0,5.0,0.0,41.0,14.0,0.3,0.0,8.0,15.0,0.5,6.0,17.0,17.0,705345,2024-12-15 15:45:00,2024
NAC Breda,15.0,3.0,1.0,1.0,1.0,4.0,35.0,4.0,2.0,0.5,0.0,0.0,205.0,287.0,0.7,3.0,11.0,0.3,51.0,20.0,0.4,0.0,10.0,16.0,0.6,7.0,32.0,32.0,AZ Alkmaar,9.0,3.0,0.0,0.0,7.0,1.0,65.0,15.0,6.0,0.4,0.0,0.0,456.0,535.0,0.9,6.0,21.0,0.3,48.0,25.0,0.5,4.0,10.0,16.0,0.6,5.0,21.0,21.0,705346,2024-12-15 19:00:00,2024
RKC Waalwijk,7.0,2.0,0.0,0.0,7.0,3.0,42.5,13.0,7.0,0.5,0.0,0.0,287.0,372.0,0.8,2.0,19.0,0.1,69.0,40.0,0.6,4.0,14.0,23.0,0.6,11.0,30.0,30.0,PEC Zwolle,9.0,1.0,0.0,2.0,4.0,6.0,57.5,10.0,4.0,0.4,1.0,1.0,419.0,504.0,0.8,5.0,21.0,0.2,49.0,20.0,0.4,3.0,19.0,27.0,0.7,10.0,29.0,29.0,705354,2024-12-20 19:00:00,2024
Go Ahead Eagles,4.0,0.0,0.0,1.0,11.0,3.0,50.6,28.0,7.0,0.3,0.0,0.0,267.0,369.0,0.7,5.0,25.0,0.2,57.0,22.0,0.4,8.0,7.0,16.0,0.4,6.0,26.0,26.0,NAC Breda,6.0,2.0,0.0,0.0,7.0,4.0,49.4,13.0,4.0,0.3,0.0,0.0,275.0,368.0,0.7,5.0,16.0,0.3,57.0,19.0,0.3,3.0,4.0,6.0,0.7,11.0,39.0,39.0,705353,2024-12-21 15:30:00,2024
Almere City,9.0,1.0,0.0,0.0,6.0,3.0,36.0,11.0,8.0,0.7,0.0,0.0,225.0,314.0,0.7,3.0,16.0,0.2,74.0,30.0,0.4,1.0,9.0,15.0,0.6,12.0,33.0,33.0,Heerenveen,13.0,2.0,0.0,2.0,3.0,5.0,64.0,11.0,3.0,0.3,0.0,0.0,492.0,564.0,0.9,4.0,25.0,0.2,31.0,11.0,0.4,3.0,10.0,20.0,0.5,7.0,40.0,40.0,705351,2024-12-21 17:45:00,2024
AZ Alkmaar,13.0,3.0,0.0,1.0,4.0,1.0,44.7,11.0,5.0,0.5,0.0,0.0,346.0,454.0,0.8,4.0,10.0,0.4,74.0,23.0,0.3,3.0,14.0,18.0,0.8,9.0,27.0,27.0,FC Twente,10.0,4.0,0.0,0.0,2.0,3.0,55.3,5.0,1.0,0.2,0.0,0.0,454.0,565.0,0.8,5.0,17.0,0.3,63.0,27.0,0.4,1.0,3.0,11.0,0.3,7.0,22.0,22.0,705358,2024-12-21 19:00:00,2024
Sparta Rotterdam,12.0,2.0,0.0,1.0,7.0,1.0,38.3,11.0,3.0,0.3,0.0,0.0,292.0,377.0,0.8,2.0,21.0,0.1,59.0,26.0,0.4,3.0,17.0,31.0,0.5,10.0,16.0,16.0,Ajax Amsterdam,5.0,1.0,0.0,1.0,1.0,3.0,61.7,7.0,3.0,0.4,1.0,1.0,537.0,632.0,0.9,1.0,6.0,0.2,60.0,26.0,0.4,2.0,7.0,14.0,0.5,13.0,19.0,19.0,705357,2024-12-22 11:15:00,2024
FC Utrecht,11.0,3.0,1.0,4.0,4.0,2.0,57.4,17.0,6.0,0.4,0.0,0.0,396.0,476.0,0.8,4.0,13.0,0.3,56.0,30.0,0.5,5.0,9.0,14.0,0.6,7.0,22.0,22.0,Fortuna Sittard,16.0,3.0,0.0,1.0,4.0,4.0,42.6,13.0,6.0,0.5,0.0,0.0,268.0,350.0,0.8,3.0,13.0,0.2,57.0,23.0,0.4,2.0,7.0,15.0,0.5,8.0,25.0,25.0,705350,2024-12-22 13:30:00,2024
PSV Eindhoven,14.0,1.0,0.0,1.0,7.0,2.0,52.9,17.0,7.0,0.4,0.0,0.0,384.0,473.0,0.8,2.0,13.0,0.2,55.0,27.0,0.5,5.0,19.0,30.0,0.6,6.0,12.0,12.0,Feyenoord Rotterdam,11.0,3.0,0.0,1.0,3.0,4.0,47.1,9.0,2.0,0.2,0.0,0.0,342.0,418.0,0.8,5.0,15.0,0.3,50.0,18.0,0.4,2.0,12.0,18.0,0.7,15.0,20.0,20.0,705355,2024-12-22 13:30:00,2024
Willem II,8.0,0.0,0.0,1.0,5.0,6.0,39.5,15.0,8.0,0.5,0.0,0.0,313.0,376.0,0.8,7.0,21.0,0.3,49.0,23.0,0.5,4.0,7.0,11.0,0.6,9.0,47.0,47.0,NEC Nijmegen,8.0,2.0,0.0,0.0,4.0,4.0,60.5,16.0,7.0,0.4,0.0,0.0,508.0,580.0,0.9,9.0,32.0,0.3,57.0,33.0,0.6,5.0,9.0,12.0,0.8,2.0,14.0,14.0,705356,2024-12-22 15:45:00,2024
Fortuna Sittard,12.0,2.0,0.0,0.0,9.0,3.0,56.1,17.0,3.0,0.2,0.0,0.0,364.0,455.0,0.8,10.0,31.0,0.3,63.0,25.0,0.4,6.0,4.0,14.0,0.3,9.0,28.0,28.0,Go Ahead Eagles,13.0,0.0,0.0,3.0,4.0,3.0,43.9,21.0,6.0,0.3,0.0,0.0,277.0,370.0,0.7,4.0,11.0,0.4,50.0,20.0,0.4,5.0,4.0,7.0,0.6,2.0,39.0,39.0,705363,2025-01-10 19:00:00,2025
Heracles Almelo,7.0,3.0,0.0,1.0,8.0,11.0,58.3,10.0,4.0,0.4,0.0,0.0,417.0,491.0,0.8,5.0,35.0,0.1,53.0,23.0,0.4,3.0,11.0,14.0,0.8,7.0,26.0,26.0,Sparta Rotterdam,13.0,1.0,1.0,1.0,4.0,3.0,41.7,21.0,12.0,0.6,0.0,0.0,282.0,355.0,0.8,8.0,21.0,0.4,42.0,23.0,0.5,2.0,14.0,19.0,0.7,9.0,40.0,40.0,705364,2025-01-11 15:30:00,2025
Ajax Amsterdam,7.0,1.0,0.0,5.0,9.0,2.0,59.5,17.0,4.0,0.2,1.0,1.0,566.0,643.0,0.9,5.0,18.0,0.3,47.0,22.0,0.5,6.0,7.0,15.0,0.5,8.0,9.0,9.0,RKC Waalwijk,17.0,0.0,0.0,0.0,1.0,2.0,40.5,11.0,3.0,0.3,0.0,0.0,364.0,436.0,0.8,3.0,14.0,0.2,40.0,18.0,0.5,6.0,7.0,12.0,0.6,16.0,29.0,29.0,705359,2025-01-11 17:45:00,2025
PEC Zwolle,9.0,1.0,0.0,0.0,7.0,2.0,62.3,8.0,3.0,0.4,0.0,0.0,466.0,569.0,0.8,4.0,25.0,0.2,66.0,36.0,0.5,0.0,9.0,13.0,0.7,6.0,19.0,19.0,NEC Nijmegen,14.0,1.0,0.0,2.0,4.0,3.0,37.7,10.0,3.0,0.3,0.0,0.0,242.0,340.0,0.7,9.0,19.0,0.5,80.0,36.0,0.5,1.0,16.0,21.0,0.8,9.0,27.0,27.0,705366,2025-01-11 19:00:00,2025
PSV Eindhoven,7.0,0.0,0.0,2.0,11.0,2.0,79.0,17.0,3.0,0.2,1.0,1.0,669.0,760.0,0.9,4.0,35.0,0.1,48.0,29.0,0.6,4.0,7.0,12.0,0.6,7.0,23.0,23.0,AZ Alkmaar,8.0,2.0,0.0,1.0,1.0,1.0,21.0,8.0,5.0,0.6,0.0,0.0,137.0,206.0,0.7,2.0,6.0,0.3,60.0,28.0,0.5,1.0,11.0,27.0,0.4,14.0,59.0,59.0,705367,2025-01-11 20:00:00,2025
FC Twente,6.0,0.0,0.0,2.0,7.0,1.0,63.6,21.0,12.0,0.6,1.0,1.0,598.0,659.0,0.9,7.0,21.0,0.3,41.0,26.0,0.6,6.0,11.0,15.0,0.7,4.0,27.0,27.0,Willem II,8.0,1.0,0.0,1.0,4.0,6.0,36.4,10.0,3.0,0.3,0.0,0.0,312.0,366.0,0.9,5.0,21.0,0.2,49.0,25.0,0.5,7.0,9.0,17.0,0.5,14.0,23.0,23.0,705361,2025-01-12 11:15:00,2025
Feyenoord Rotterdam,1.0,0.0,0.0,1.0,9.0,1.0,75.6,16.0,5.0,0.3,1.0,1.0,640.0,709.0,0.9,8.0,30.0,0.3,35.0,24.0,0.7,2.0,9.0,11.0,0.8,7.0,8.0,8.0,FC Utrecht,7.0,1.0,0.0,2.0,2.0,4.0,24.4,11.0,3.0,0.3,0.0,0.0,169.0,231.0,0.7,3.0,6.0,0.5,47.0,18.0,0.4,2.0,12.0,23.0,0.5,12.0,46.0,46.0,705362,2025-01-12 13:30:00,2025
FC Groningen,3.0,1.0,0.0,2.0,15.0,1.0,62.2,19.0,5.0,0.3,0.0,0.0,407.0,487.0,0.8,14.0,40.0,0.4,50.0,24.0,0.5,6.0,9.0,16.0,0.6,4.0,15.0,15.0,Almere City,12.0,2.0,0.0,2.0,2.0,5.0,37.8,6.0,1.0,0.2,0.0,0.0,221.0,315.0,0.7,1.0,5.0,0.2,69.0,27.0,0.4,4.0,13.0,18.0,0.7,8.0,46.0,46.0,705360,2025-01-12 13:30:00,2025
NAC Breda,8.0,0.0,0.0,1.0,7.0,2.0,53.6,15.0,6.0,0.4,0.0,0.0,378.0,485.0,0.8,3.0,19.0,0.2,64.0,32.0,0.5,4.0,3.0,14.0,0.2,5.0,22.0,22.0,Heerenveen,14.0,3.0,0.0,0.0,4.0,4.0,46.4,13.0,6.0,0.5,0.0,0.0,339.0,432.0,0.8,4.0,9.0,0.4,53.0,23.0,0.4,5.0,11.0,18.0,0.6,14.0,43.0,43.0,705365,2025-01-12 15:45:00,2025
PEC Zwolle,9.0,2.0,0.0,2.0,3.0,2.0,29.6,7.0,3.0,0.4,0.0,0.0,187.0,272.0,0.7,3.0,10.0,0.3,68.0,24.0,0.4,0.0,10.0,17.0,0.6,14.0,59.0,59.0,PSV Eindhoven,8.0,2.0,0.0,1.0,5.0,0.0,70.4,18.0,4.0,0.2,0.0,1.0,536.0,646.0,0.8,11.0,33.0,0.3,68.0,34.0,0.5,5.0,4.0,10.0,0.4,9.0,13.0,13.0,705373,2025-01-18 15:30:00,2025
FC Utrecht,11.0,0.0,0.0,0.0,4.0,4.0,42.4,9.0,3.0,0.3,0.0,0.0,307.0,394.0,0.8,4.0,20.0,0.2,57.0,17.0,0.3,3.0,8.0,12.0,0.7,11.0,33.0,33.0,AZ Alkmaar,13.0,3.0,0.0,0.0,6.0,3.0,57.6,12.0,4.0,0.3,0.0,0.0,465.0,551.0,0.8,5.0,14.0,0.4,65.0,28.0,0.4,2.0,7.0,12.0,0.6,8.0,27.0,27.0,705369,2025-01-18 17:45:00,2025
Willem II,8.0,1.0,0.0,1.0,4.0,5.0,32.0,9.0,1.0,0.1,0.0,0.0,222.0,283.0,0.8,4.0,12.0,0.3,44.0,20.0,0.5,6.0,5.0,11.0,0.5,7.0,42.0,42.0,Feyenoord Rotterdam,6.0,0.0,0.0,1.0,10.0,0.0,68.0,15.0,6.0,0.4,0.0,0.0,538.0,601.0,0.9,7.0,30.0,0.2,46.0,28.0,0.6,3.0,4.0,7.0,0.6,5.0,22.0,22.0,705375,2025-01-18 19:00:00,2025
Go Ahead Eagles,7.0,1.0,0.0,3.0,2.0,4.0,51.7,14.0,3.0,0.2,0.0,0.0,391.0,474.0,0.8,1.0,11.0,0.1,68.0,33.0,0.5,5.0,6.0,7.0,0.9,6.0,38.0,38.0,FC Groningen,11.0,1.0,0.0,0.0,7.0,1.0,48.3,20.0,5.0,0.3,0.0,0.0,352.0,435.0,0.8,3.0,20.0,0.2,72.0,34.0,0.5,8.0,6.0,15.0,0.4,7.0,29.0,29.0,705370,2025-01-18 20:00:00,2025
NAC Breda,19.0,2.0,0.0,2.0,7.0,4.0,32.6,11.0,4.0,0.4,0.0,0.0,180.0,258.0,0.7,5.0,17.0,0.3,63.0,27.0,0.4,6.0,10.0,14.0,0.7,10.0,40.0,40.0,FC Twente,8.0,1.0,0.0,3.0,7.0,2.0,67.4,26.0,6.0,0.2,0.0,0.0,467.0,550.0,0.8,4.0,30.0,0.1,51.0,31.0,0.6,8.0,13.0,17.0,0.8,7.0,22.0,22.0,705372,2025-01-19 11:15:00,2025
Heerenveen,7.0,1.0,0.0,3.0,5.0,7.0,58.1,11.0,2.0,0.2,0.0,0.0,487.0,580.0,0.8,2.0,12.0,0.2,51.0,23.0,0.5,4.0,9.0,11.0,0.8,8.0,28.0,28.0,Ajax Amsterdam,8.0,1.0,0.0,7.0,5.0,2.0,41.9,21.0,9.0,0.4,0.0,0.0,343.0,413.0,0.8,4.0,15.0,0.3,46.0,24.0,0.5,8.0,8.0,17.0,0.5,14.0,35.0,35.0,705376,2025-01-19 13:30:00,2025
Almere City,11.0,3.0,0.0,1.0,6.0,1.0,45.5,13.0,3.0,0.2,0.0,0.0,304.0,392.0,0.8,9.0,23.0,0.4,61.0,26.0,0.4,7.0,4.0,7.0,0.6,8.0,25.0,25.0,Heracles Almelo,14.0,1.0,0.0,3.0,6.0,2.0,54.5,10.0,3.0,0.3,0.0,0.0,405.0,476.0,0.9,5.0,25.0,0.2,52.0,31.0,0.6,0.0,7.0,14.0,0.5,5.0,56.0,56.0,705368,2025-01-19 13:30:00,2025
NEC Nijmegen,6.0,0.0,0.0,1.0,2.0,1.0,46.8,14.0,7.0,0.5,0.0,0.0,379.0,441.0,0.9,10.0,27.0,0.4,45.0,30.0,0.7,0.0,5.0,11.0,0.5,5.0,32.0,32.0,Fortuna Sittard,14.0,5.0,0.0,0.0,1.0,3.0,53.2,9.0,2.0,0.2,0.0,0.0,442.0,513.0,0.9,2.0,18.0,0.1,69.0,32.0,0.5,0.0,7.0,10.0,0.7,5.0,26.0,26.0,705371,2025-01-19 15:45:00,2025
Sparta Rotterdam,3.0,0.0,0.0,1.0,6.0,4.0,49.8,20.0,5.0,0.3,0.0,0.0,310.0,392.0,0.8,6.0,25.0,0.2,50.0,26.0,0.5,9.0,12.0,26.0,0.5,13.0,21.0,21.0,RKC Waalwijk,9.0,1.0,0.0,0.0,9.0,4.0,50.2,20.0,5.0,0.3,0.0,0.0,321.0,394.0,0.8,5.0,22.0,0.2,60.0,26.0,0.4,9.0,12.0,20.0,0.6,9.0,36.0,36.0,705374,2025-01-19 19:00:00,2025
Heracles Almelo,13.0,5.0,0.0,0.0,4.0,6.0,41.6,9.0,3.0,0.3,0.0,0.0,274.0,341.0,0.8,6.0,15.0,0.4,42.0,18.0,0.4,2.0,8.0,12.0,0.7,5.0,43.0,43.0,FC Utrecht,8.0,2.0,0.0,0.0,10.0,2.0,58.4,19.0,7.0,0.4,0.0,0.0,395.0,470.0,0.8,10.0,32.0,0.3,47.0,25.0,0.5,6.0,14.0,18.0,0.8,6.0,21.0,21.0,705383,2025-01-24 19:00:00,2025
PSV Eindhoven,6.0,1.0,0.0,0.0,10.0,3.0,64.6,23.0,10.0,0.4,0.0,0.0,531.0,616.0,0.9,8.0,34.0,0.2,63.0,31.0,0.5,5.0,8.0,16.0,0.5,6.0,26.0,26.0,NAC Breda,12.0,1.0,0.0,0.0,2.0,6.0,35.4,20.0,5.0,0.3,0.0,0.0,251.0,339.0,0.7,3.0,14.0,0.2,72.0,32.0,0.4,6.0,10.0,20.0,0.5,7.0,39.0,39.0,705384,2025-01-25 17:45:00,2025
FC Groningen,12.0,0.0,0.0,2.0,5.0,4.0,44.6,11.0,8.0,0.7,0.0,0.0,297.0,418.0,0.7,2.0,10.0,0.2,79.0,29.0,0.4,2.0,13.0,22.0,0.6,7.0,27.0,27.0,Heerenveen,10.0,0.0,0.0,3.0,3.0,6.0,55.4,10.0,4.0,0.4,0.0,0.0,404.0,518.0,0.8,5.0,14.0,0.4,69.0,25.0,0.4,3.0,14.0,18.0,0.8,12.0,34.0,34.0,705379,2025-01-25 20:00:00,2025
Fortuna Sittard,10.0,1.0,1.0,2.0,7.0,1.0,43.3,16.0,1.0,0.1,0.0,0.0,266.0,349.0,0.8,7.0,26.0,0.3,62.0,25.0,0.4,5.0,9.0,15.0,0.6,4.0,19.0,19.0,PEC Zwolle,8.0,1.0,0.0,0.0,3.0,0.0,56.7,8.0,5.0,0.6,1.0,1.0,390.0,473.0,0.8,5.0,16.0,0.3,55.0,21.0,0.4,0.0,14.0,22.0,0.6,5.0,36.0,36.0,705382,2025-01-26 11:15:00,2025
RKC Waalwijk,12.0,3.0,0.0,0.0,10.0,3.0,46.2,9.0,2.0,0.2,0.0,0.0,285.0,378.0,0.8,4.0,19.0,0.2,52.0,22.0,0.4,3.0,17.0,22.0,0.8,14.0,25.0,25.0,Willem II,11.0,3.0,0.0,0.0,3.0,2.0,53.8,9.0,3.0,0.3,0.0,0.0,348.0,435.0,0.8,5.0,26.0,0.2,55.0,29.0,0.5,3.0,12.0,17.0,0.7,10.0,22.0,22.0,705385,2025-01-26 13:30:00,2025
AZ Alkmaar,3.0,1.0,0.0,1.0,8.0,2.0,63.2,21.0,5.0,0.2,0.0,0.0,544.0,634.0,0.9,3.0,17.0,0.2,58.0,38.0,0.7,7.0,5.0,16.0,0.3,13.0,8.0,8.0,Sparta Rotterdam,13.0,5.0,0.0,1.0,3.0,4.0,36.8,11.0,4.0,0.4,0.0,0.0,289.0,368.0,0.8,5.0,10.0,0.5,52.0,24.0,0.5,3.0,8.0,12.0,0.7,10.0,39.0,39.0,705377,2025-01-26 15:45:00,2025
Heracles Almelo,20.0,2.0,0.0,5.0,5.0,1.0,49.6,17.0,4.0,0.2,0.0,0.0,270.0,368.0,0.7,11.0,39.0,0.3,71.0,22.0,0.3,4.0,11.0,20.0,0.6,11.0,22.0,22.0,FC Groningen,12.0,2.0,1.0,2.0,2.0,3.0,50.4,7.0,2.0,0.3,1.0,1.0,294.0,403.0,0.7,0.0,7.0,0.0,66.0,26.0,0.4,3.0,7.0,14.0,0.5,3.0,43.0,43.0,705352,2025-01-28 19:00:00,2025
NAC Breda,6.0,1.0,0.0,1.0,4.0,4.0,51.9,18.0,5.0,0.3,0.0,0.0,390.0,469.0,0.8,8.0,26.0,0.3,55.0,25.0,0.5,9.0,14.0,23.0,0.6,1.0,14.0,14.0,Heracles Almelo,6.0,0.0,0.0,0.0,3.0,4.0,48.1,12.0,5.0,0.4,0.0,0.0,358.0,445.0,0.8,6.0,16.0,0.4,60.0,30.0,0.5,3.0,15.0,23.0,0.7,6.0,31.0,31.0,705390,2025-01-31 19:00:00,2025
PEC Zwolle,15.0,2.0,0.0,1.0,5.0,6.0,53.1,12.0,6.0,0.5,0.0,0.0,341.0,428.0,0.8,3.0,14.0,0.2,66.0,27.0,0.4,4.0,14.0,19.0,0.7,7.0,36.0,36.0,FC Utrecht,12.0,0.0,0.0,1.0,3.0,3.0,46.9,17.0,9.0,0.5,0.0,0.0,285.0,369.0,0.8,8.0,22.0,0.4,49.0,19.0,0.4,1.0,14.0,21.0,0.7,6.0,28.0,28.0,705391,2025-02-01 17:45:00,2025
Heerenveen,15.0,0.0,0.0,1.0,12.0,2.0,62.9,26.0,6.0,0.2,0.0,0.0,393.0,483.0,0.8,16.0,38.0,0.4,56.0,30.0,0.5,9.0,14.0,21.0,0.7,5.0,32.0,32.0,Fortuna Sittard,11.0,3.0,0.0,1.0,1.0,3.0,37.1,6.0,4.0,0.7,1.0,1.0,213.0,301.0,0.7,2.0,8.0,0.3,81.0,32.0,0.4,0.0,11.0,15.0,0.7,12.0,47.0,47.0,705394,2025-02-01 19:00:00,2025
NEC Nijmegen,10.0,1.0,0.0,1.0,4.0,3.0,35.9,10.0,7.0,0.7,0.0,0.0,247.0,326.0,0.8,5.0,16.0,0.3,59.0,23.0,0.4,2.0,9.0,15.0,0.6,6.0,40.0,40.0,PSV Eindhoven,5.0,1.0,0.0,1.0,5.0,4.0,64.1,15.0,6.0,0.4,0.0,0.0,504.0,590.0,0.9,3.0,20.0,0.2,59.0,35.0,0.6,6.0,11.0,17.0,0.6,7.0,21.0,21.0,705389,2025-02-01 20:00:00,2025
Almere City,6.0,0.0,1.0,0.0,5.0,9.0,32.3,15.0,5.0,0.3,0.0,0.0,165.0,245.0,0.7,5.0,16.0,0.3,51.0,15.0,0.3,2.0,8.0,17.0,0.5,8.0,43.0,43.0,RKC Waalwijk,9.0,2.0,0.0,1.0,10.0,4.0,67.7,27.0,12.0,0.4,0.0,0.0,431.0,513.0,0.8,10.0,34.0,0.3,48.0,18.0,0.4,7.0,12.0,19.0,0.6,4.0,39.0,39.0,705387,2025-02-02 11:15:00,2025
Go Ahead Eagles,10.0,1.0,0.0,3.0,4.0,7.0,47.4,9.0,4.0,0.4,1.0,1.0,320.0,407.0,0.8,2.0,13.0,0.2,67.0,27.0,0.4,2.0,6.0,8.0,0.8,3.0,39.0,39.0,FC Twente,14.0,3.0,0.0,2.0,8.0,2.0,52.6,16.0,9.0,0.6,0.0,0.0,356.0,437.0,0.8,9.0,31.0,0.3,51.0,22.0,0.4,2.0,9.0,16.0,0.6,1.0,26.0,26.0,705388,2025-02-02 13:30:00,2025
Ajax Amsterdam,13.0,3.0,0.0,5.0,7.0,5.0,50.8,16.0,7.0,0.4,0.0,1.0,391.0,464.0,0.8,6.0,20.0,0.3,47.0,20.0,0.4,3.0,16.0,24.0,0.7,5.0,25.0,25.0,Feyenoord Rotterdam,7.0,2.0,0.0,0.0,5.0,5.0,49.2,12.0,6.0,0.5,0.0,0.0,385.0,451.0,0.9,0.0,19.0,0.0,40.0,16.0,0.4,4.0,16.0,24.0,0.7,13.0,28.0,28.0,705386,2025-02-02 13:30:00,2025
Sparta Rotterdam,6.0,0.0,0.0,3.0,4.0,3.0,45.9,8.0,3.0,0.4,0.0,0.0,396.0,497.0,0.8,4.0,16.0,0.3,75.0,32.0,0.4,2.0,7.0,15.0,0.5,16.0,39.0,39.0,FC Groningen,11.0,1.0,0.0,0.0,2.0,2.0,54.1,7.0,3.0,0.4,0.0,1.0,464.0,592.0,0.8,4.0,11.0,0.4,71.0,21.0,0.3,1.0,9.0,16.0,0.6,2.0,31.0,31.0,705392,2025-02-02 15:45:00,2025
Willem II,14.0,2.0,1.0,1.0,1.0,5.0,45.7,3.0,1.0,0.3,0.0,0.0,372.0,451.0,0.8,0.0,12.0,0.0,51.0,24.0,0.5,1.0,7.0,17.0,0.4,15.0,27.0,27.0,AZ Alkmaar,7.0,0.0,0.0,2.0,10.0,1.0,54.3,17.0,7.0,0.4,1.0,1.0,451.0,532.0,0.8,5.0,20.0,0.3,50.0,20.0,0.4,4.0,7.0,14.0,0.5,10.0,25.0,25.0,705393,2025-02-02 19:00:00,2025
Heracles Almelo,6.0,0.0,0.0,2.0,11.0,3.0,49.7,24.0,8.0,0.3,0.0,0.0,343.0,418.0,0.8,9.0,31.0,0.3,62.0,40.0,0.6,7.0,6.0,16.0,0.4,5.0,21.0,21.0,Go Ahead Eagles,12.0,0.0,0.0,0.0,5.0,4.0,50.3,11.0,5.0,0.5,0.0,0.0,355.0,435.0,0.8,2.0,14.0,0.1,59.0,26.0,0.4,5.0,9.0,20.0,0.5,2.0,23.0,23.0,705400,2025-02-08 15:30:00,2025
PSV Eindhoven,8.0,0.0,0.0,0.0,6.0,2.0,65.9,15.0,5.0,0.3,0.0,0.0,558.0,651.0,0.9,8.0,26.0,0.3,52.0,29.0,0.6,1.0,6.0,12.0,0.5,8.0,16.0,16.0,Willem II,7.0,2.0,0.0,0.0,2.0,4.0,34.1,8.0,3.0,0.4,0.0,0.0,259.0,343.0,0.8,2.0,9.0,0.2,57.0,23.0,0.4,1.0,4.0,11.0,0.4,12.0,35.0,35.0,705401,2025-02-08 17:45:00,2025
FC Groningen,7.0,1.0,1.0,0.0,7.0,3.0,33.4,17.0,6.0,0.4,0.0,0.0,201.0,280.0,0.7,2.0,16.0,0.1,52.0,17.0,0.3,4.0,9.0,17.0,0.5,9.0,46.0,46.0,NEC Nijmegen,5.0,0.0,0.0,2.0,6.0,4.0,66.6,14.0,4.0,0.3,0.0,0.0,468.0,557.0,0.8,4.0,35.0,0.1,83.0,40.0,0.5,3.0,13.0,19.0,0.7,10.0,24.0,24.0,705396,2025-02-08 19:00:00,2025
Feyenoord Rotterdam,6.0,0.0,0.0,2.0,6.0,5.0,60.8,17.0,6.0,0.4,1.0,1.0,512.0,600.0,0.9,6.0,20.0,0.3,59.0,29.0,0.5,4.0,6.0,10.0,0.6,2.0,21.0,21.0,Sparta Rotterdam,5.0,0.0,0.0,0.0,2.0,3.0,39.2,14.0,5.0,0.4,0.0,0.0,302.0,378.0,0.8,6.0,20.0,0.3,64.0,34.0,0.5,5.0,12.0,19.0,0.6,13.0,35.0,35.0,705398,2025-02-08 20:00:00,2025
FC Utrecht,7.0,1.0,0.0,1.0,8.0,5.0,59.3,15.0,4.0,0.3,0.0,0.0,373.0,473.0,0.8,4.0,30.0,0.1,62.0,29.0,0.5,7.0,6.0,21.0,0.3,6.0,31.0,31.0,Almere City,17.0,5.0,0.0,3.0,5.0,4.0,40.7,15.0,6.0,0.4,0.0,0.0,215.0,326.0,0.7,7.0,18.0,0.4,71.0,23.0,0.3,3.0,9.0,22.0,0.4,7.0,44.0,44.0,705397,2025-02-09 11:15:00,2025
Fortuna Sittard,19.0,4.0,0.0,1.0,5.0,4.0,49.6,8.0,2.0,0.3,0.0,0.0,266.0,343.0,0.8,8.0,28.0,0.3,68.0,28.0,0.4,1.0,6.0,12.0,0.5,7.0,26.0,26.0,Ajax Amsterdam,24.0,3.0,0.0,3.0,4.0,2.0,50.4,9.0,6.0,0.7,0.0,1.0,283.0,356.0,0.8,2.0,21.0,0.1,50.0,25.0,0.5,2.0,7.0,11.0,0.6,4.0,38.0,38.0,705399,2025-02-09 13:30:00,2025
RKC Waalwijk,5.0,0.0,0.0,3.0,7.0,2.0,52.2,20.0,9.0,0.5,0.0,0.0,351.0,439.0,0.8,6.0,17.0,0.4,58.0,27.0,0.5,6.0,11.0,21.0,0.5,17.0,32.0,32.0,NAC Breda,12.0,1.0,0.0,0.0,5.0,4.0,47.8,14.0,2.0,0.1,0.0,0.0,297.0,401.0,0.7,4.0,17.0,0.2,59.0,25.0,0.4,6.0,11.0,17.0,0.6,11.0,29.0,29.0,705402,2025-02-09 13:30:00,2025
Heerenveen,9.0,1.0,0.0,1.0,9.0,2.0,66.6,22.0,7.0,0.3,0.0,0.0,437.0,529.0,0.8,11.0,47.0,0.2,50.0,23.0,0.5,7.0,8.0,16.0,0.5,2.0,9.0,9.0,FC Twente,9.0,3.0,1.0,1.0,2.0,3.0,33.4,9.0,5.0,0.6,0.0,0.0,195.0,277.0,0.7,2.0,11.0,0.2,64.0,27.0,0.4,2.0,10.0,21.0,0.5,9.0,65.0,65.0,705403,2025-02-09 15:45:00,2025
AZ Alkmaar,9.0,1.0,0.0,2.0,3.0,3.0,50.9,12.0,6.0,0.5,0.0,0.0,368.0,439.0,0.8,5.0,20.0,0.3,68.0,36.0,0.5,0.0,11.0,15.0,0.7,5.0,23.0,23.0,PEC Zwolle,7.0,3.0,0.0,1.0,3.0,4.0,49.1,12.0,4.0,0.3,0.0,0.0,369.0,427.0,0.9,4.0,13.0,0.3,65.0,36.0,0.6,5.0,12.0,22.0,0.5,7.0,32.0,32.0,705395,2025-02-09 15:45:00,2025
Go Ahead Eagles,7.0,0.0,0.0,0.0,8.0,2.0,52.1,14.0,3.0,0.2,0.0,0.0,383.0,476.0,0.8,3.0,25.0,0.1,68.0,40.0,0.6,4.0,4.0,9.0,0.4,4.0,42.0,42.0,Sparta Rotterdam,11.0,3.0,0.0,0.0,3.0,2.0,47.9,15.0,2.0,0.1,0.0,0.0,352.0,435.0,0.8,6.0,29.0,0.2,56.0,26.0,0.5,6.0,7.0,14.0,0.5,6.0,44.0,44.0,705407,2025-02-14 19:00:00,2025
PSV Eindhoven,11.0,2.0,0.0,1.0,9.0,2.0,70.5,34.0,19.0,0.6,0.0,0.0,549.0,638.0,0.9,16.0,40.0,0.4,49.0,32.0,0.7,5.0,7.0,11.0,0.6,2.0,29.0,29.0,FC Utrecht,9.0,2.0,0.0,0.0,5.0,15.0,29.5,10.0,3.0,0.3,0.0,0.0,175.0,267.0,0.7,5.0,17.0,0.3,69.0,27.0,0.4,4.0,13.0,21.0,0.6,18.0,40.0,40.0,705408,2025-02-15 15:30:00,2025
NAC Breda,8.0,2.0,0.0,1.0,6.0,5.0,33.7,11.0,2.0,0.2,0.0,0.0,193.0,281.0,0.7,3.0,11.0,0.3,61.0,22.0,0.4,3.0,18.0,29.0,0.6,4.0,45.0,45.0,Feyenoord Rotterdam,10.0,1.0,0.0,1.0,5.0,2.0,66.3,23.0,6.0,0.3,0.0,0.0,473.0,548.0,0.9,6.0,26.0,0.2,40.0,17.0,0.4,8.0,8.0,16.0,0.5,4.0,19.0,19.0,705409,2025-02-15 17:45:00,2025
Willem II,8.0,1.0,0.0,0.0,5.0,5.0,71.4,15.0,8.0,0.5,0.0,0.0,506.0,603.0,0.8,5.0,25.0,0.2,67.0,34.0,0.5,2.0,11.0,20.0,0.6,10.0,14.0,14.0,FC Groningen,7.0,0.0,0.0,1.0,5.0,7.0,28.6,17.0,9.0,0.5,0.0,0.0,151.0,242.0,0.6,3.0,11.0,0.3,55.0,16.0,0.3,4.0,20.0,28.0,0.7,7.0,30.0,30.0,705411,2025-02-15 20:00:00,2025
NEC Nijmegen,12.0,1.0,0.0,4.0,4.0,3.0,47.7,9.0,3.0,0.3,0.0,0.0,259.0,360.0,0.7,2.0,13.0,0.2,73.0,22.0,0.3,4.0,17.0,29.0,0.6,8.0,34.0,34.0,Almere City,10.0,3.0,0.0,3.0,7.0,1.0,52.3,13.0,5.0,0.4,0.0,0.0,272.0,390.0,0.7,6.0,23.0,0.3,87.0,31.0,0.4,4.0,11.0,17.0,0.6,6.0,31.0,31.0,705412,2025-02-16 11:15:00,2025
FC Twente,6.0,0.0,0.0,2.0,8.0,4.0,57.9,15.0,3.0,0.2,0.0,0.0,452.0,554.0,0.8,7.0,22.0,0.3,50.0,25.0,0.5,8.0,14.0,22.0,0.6,12.0,25.0,25.0,RKC Waalwijk,7.0,2.0,0.0,3.0,2.0,1.0,42.1,12.0,4.0,0.3,0.0,0.0,322.0,401.0,0.8,3.0,17.0,0.2,42.0,17.0,0.4,3.0,12.0,19.0,0.6,12.0,37.0,37.0,705406,2025-02-16 13:30:00,2025
PEC Zwolle,16.0,0.0,0.0,2.0,3.0,2.0,46.2,8.0,5.0,0.6,0.0,0.0,270.0,365.0,0.7,4.0,13.0,0.3,61.0,26.0,0.4,0.0,17.0,33.0,0.5,11.0,49.0,49.0,Heerenveen,10.0,1.0,0.0,3.0,3.0,4.0,53.8,12.0,3.0,0.3,0.0,0.0,317.0,419.0,0.8,2.0,17.0,0.1,73.0,35.0,0.5,5.0,19.0,27.0,0.7,8.0,30.0,30.0,705410,2025-02-16 13:30:00,2025
Ajax Amsterdam,13.0,0.0,0.0,0.0,5.0,4.0,55.6,11.0,6.0,0.5,0.0,0.0,515.0,566.0,0.9,2.0,16.0,0.1,38.0,22.0,0.6,1.0,4.0,10.0,0.4,3.0,16.0,16.0,Heracles Almelo,14.0,0.0,0.0,0.0,4.0,2.0,44.4,8.0,4.0,0.5,0.0,0.0,398.0,452.0,0.9,1.0,13.0,0.1,49.0,25.0,0.5,2.0,9.0,17.0,0.5,8.0,35.0,35.0,705405,2025-02-16 15:45:00,2025
Feyenoord Rotterdam,8.0,0.0,0.0,3.0,7.0,1.0,64.8,18.0,7.0,0.4,0.0,0.0,478.0,562.0,0.9,3.0,21.0,0.1,60.0,33.0,0.6,5.0,12.0,18.0,0.7,5.0,16.0,16.0,Almere City,12.0,1.0,0.0,0.0,2.0,6.0,35.2,13.0,2.0,0.2,0.0,0.0,214.0,303.0,0.7,5.0,11.0,0.5,66.0,25.0,0.4,3.0,12.0,18.0,0.7,10.0,34.0,34.0,705381,2025-02-22 19:00:00,2025
Ajax Amsterdam,9.0,2.0,0.0,2.0,3.0,1.0,49.4,21.0,6.0,0.3,0.0,0.0,411.0,481.0,0.9,3.0,16.0,0.2,37.0,21.0,0.6,7.0,5.0,12.0,0.4,7.0,15.0,15.0,Go Ahead Eagles,12.0,0.0,1.0,0.0,3.0,4.0,50.6,6.0,1.0,0.2,0.0,0.0,407.0,494.0,0.8,1.0,13.0,0.1,49.0,15.0,0.3,4.0,8.0,14.0,0.6,5.0,21.0,21.0,705378,2025-02-23 13:30:00,2025
FC Twente,11.0,1.0,0.0,3.0,2.0,2.0,47.7,13.0,5.0,0.4,0.0,0.0,349.0,430.0,0.8,7.0,17.0,0.4,53.0,18.0,0.3,1.0,9.0,19.0,0.5,4.0,21.0,21.0,NEC Nijmegen,8.0,2.0,0.0,1.0,4.0,3.0,52.3,11.0,2.0,0.2,0.0,0.0,392.0,469.0,0.8,4.0,20.0,0.2,50.0,19.0,0.4,6.0,5.0,10.0,0.5,4.0,20.0,20.0,705380,2025-02-23 13:30:00,2025
AZ Alkmaar,13.0,2.0,0.0,2.0,9.0,4.0,52.7,15.0,6.0,0.4,0.0,0.0,383.0,478.0,0.8,3.0,9.0,0.3,54.0,21.0,0.4,3.0,5.0,14.0,0.4,8.0,17.0,17.0,Fortuna Sittard,13.0,3.0,0.0,2.0,1.0,5.0,47.3,9.0,4.0,0.4,0.0,0.0,330.0,429.0,0.8,0.0,8.0,0.0,78.0,27.0,0.3,2.0,21.0,30.0,0.7,10.0,26.0,26.0,705404,2025-02-23 15:45:00,2025
RKC Waalwijk,10.0,1.0,0.0,7.0,8.0,0.0,65.2,20.0,1.0,0.1,0.0,0.0,458.0,563.0,0.8,8.0,32.0,0.3,73.0,46.0,0.6,10.0,7.0,9.0,0.8,8.0,16.0,16.0,Fortuna Sittard,13.0,4.0,0.0,0.0,1.0,1.0,34.8,7.0,3.0,0.4,0.0,0.0,207.0,299.0,0.7,3.0,18.0,0.2,72.0,19.0,0.3,1.0,9.0,17.0,0.5,11.0,42.0,42.0,705419,2025-02-28 19:00:00,2025
FC Utrecht,13.0,1.0,0.0,1.0,6.0,3.0,57.0,19.0,5.0,0.3,0.0,0.0,391.0,491.0,0.8,9.0,30.0,0.3,50.0,24.0,0.5,7.0,5.0,16.0,0.3,5.0,17.0,17.0,NAC Breda,19.0,3.0,0.0,1.0,2.0,4.0,43.0,8.0,3.0,0.4,0.0,0.0,285.0,376.0,0.8,4.0,13.0,0.3,66.0,33.0,0.5,0.0,9.0,16.0,0.6,11.0,39.0,39.0,705415,2025-03-01 15:30:00,2025
Go Ahead Eagles,9.0,1.0,0.0,3.0,2.0,3.0,32.6,7.0,4.0,0.6,0.0,0.0,172.0,260.0,0.7,2.0,7.0,0.3,65.0,21.0,0.3,1.0,15.0,19.0,0.8,8.0,46.0,46.0,PSV Eindhoven,7.0,2.0,0.0,0.0,5.0,1.0,67.4,16.0,5.0,0.3,0.0,0.0,445.0,533.0,0.8,8.0,32.0,0.3,71.0,44.0,0.6,3.0,10.0,12.0,0.8,10.0,17.0,17.0,705421,2025-03-01 17:45:00,2025
FC Groningen,12.0,2.0,0.0,1.0,2.0,1.0,41.4,6.0,3.0,0.5,0.0,0.0,268.0,376.0,0.7,4.0,12.0,0.3,61.0,29.0,0.5,2.0,10.0,14.0,0.7,8.0,43.0,43.0,FC Twente,11.0,0.0,0.0,3.0,3.0,3.0,58.6,12.0,2.0,0.2,1.0,1.0,420.0,533.0,0.8,4.0,15.0,0.3,88.0,42.0,0.5,3.0,16.0,28.0,0.6,2.0,31.0,31.0,705414,2025-03-01 19:00:00,2025
Feyenoord Rotterdam,13.0,1.0,0.0,1.0,10.0,2.0,72.5,17.0,5.0,0.3,0.0,0.0,490.0,569.0,0.9,6.0,28.0,0.2,31.0,15.0,0.5,4.0,11.0,15.0,0.7,5.0,12.0,12.0,NEC Nijmegen,20.0,4.0,0.0,0.0,3.0,5.0,27.5,5.0,2.0,0.4,0.0,0.0,139.0,213.0,0.7,3.0,13.0,0.2,52.0,23.0,0.4,0.0,16.0,24.0,0.7,6.0,49.0,49.0,705417,2025-03-01 20:00:00,2025
Heerenveen,11.0,2.0,0.0,1.0,3.0,3.0,41.6,10.0,7.0,0.7,0.0,1.0,276.0,376.0,0.7,2.0,10.0,0.2,56.0,24.0,0.4,1.0,12.0,25.0,0.5,11.0,25.0,25.0,AZ Alkmaar,10.0,3.0,0.0,5.0,6.0,4.0,58.4,10.0,4.0,0.4,0.0,0.0,436.0,529.0,0.8,4.0,13.0,0.3,45.0,24.0,0.5,3.0,14.0,21.0,0.7,9.0,16.0,16.0,705416,2025-03-02 11:15:00,2025
Heracles Almelo,18.0,1.0,0.0,0.0,7.0,1.0,53.3,16.0,5.0,0.3,1.0,1.0,253.0,339.0,0.7,7.0,20.0,0.4,65.0,31.0,0.5,5.0,13.0,21.0,0.6,13.0,16.0,16.0,PEC Zwolle,16.0,2.0,0.0,2.0,2.0,1.0,46.7,5.0,3.0,0.6,0.0,0.0,228.0,308.0,0.7,2.0,6.0,0.3,43.0,13.0,0.3,0.0,17.0,24.0,0.7,8.0,45.0,45.0,705418,2025-03-02 13:30:00,2025
Almere City,16.0,1.0,0.0,1.0,3.0,1.0,50.2,14.0,1.0,0.1,0.0,0.0,375.0,472.0,0.8,4.0,20.0,0.2,61.0,18.0,0.3,5.0,11.0,14.0,0.8,9.0,10.0,10.0,Ajax Amsterdam,13.0,0.0,0.0,2.0,0.0,1.0,49.8,5.0,2.0,0.4,0.0,0.0,400.0,486.0,0.8,0.0,2.0,0.0,55.0,23.0,0.4,1.0,8.0,13.0,0.6,11.0,49.0,49.0,705413,2025-03-02 13:30:00,2025
Sparta Rotterdam,10.0,1.0,0.0,3.0,9.0,3.0,54.2,22.0,11.0,0.5,0.0,0.0,376.0,446.0,0.8,6.0,27.0,0.2,61.0,40.0,0.7,4.0,7.0,15.0,0.5,9.0,30.0,30.0,Willem II,7.0,2.0,0.0,0.0,5.0,7.0,45.8,9.0,3.0,0.3,0.0,0.0,302.0,385.0,0.8,2.0,17.0,0.1,57.0,28.0,0.5,5.0,12.0,16.0,0.8,5.0,32.0,32.0,705420,2025-03-02 15:45:00,2025
NAC Breda,10.0,0.0,1.0,0.0,5.0,3.0,55.5,10.0,3.0,0.3,0.0,0.0,430.0,506.0,0.9,2.0,29.0,0.1,53.0,30.0,0.6,5.0,7.0,10.0,0.7,8.0,23.0,23.0,Sparta Rotterdam,5.0,2.0,0.0,1.0,7.0,2.0,44.5,17.0,5.0,0.3,0.0,0.0,335.0,402.0,0.8,7.0,26.0,0.3,56.0,37.0,0.7,7.0,6.0,9.0,0.7,15.0,42.0,42.0,705427,2025-03-07 19:00:00,2025
Fortuna Sittard,11.0,0.0,0.0,2.0,2.0,0.0,46.9,12.0,5.0,0.4,1.0,1.0,232.0,342.0,0.7,7.0,14.0,0.5,72.0,24.0,0.3,3.0,15.0,24.0,0.6,9.0,22.0,22.0,Heracles Almelo,19.0,2.0,0.0,1.0,6.0,3.0,53.1,5.0,0.0,0.0,0.0,0.0,290.0,381.0,0.8,1.0,23.0,0.0,72.0,27.0,0.4,3.0,5.0,9.0,0.6,7.0,24.0,24.0,705425,2025-03-08 15:30:00,2025
PSV Eindhoven,10.0,2.0,0.0,0.0,8.0,3.0,68.7,25.0,10.0,0.4,0.0,0.0,548.0,627.0,0.9,8.0,21.0,0.4,67.0,40.0,0.6,4.0,7.0,13.0,0.5,5.0,12.0,12.0,Heerenveen,10.0,1.0,0.0,0.0,4.0,8.0,31.3,8.0,4.0,0.5,0.0,0.0,206.0,282.0,0.7,4.0,12.0,0.3,56.0,20.0,0.4,1.0,9.0,20.0,0.5,12.0,28.0,28.0,705429,2025-03-08 19:00:00,2025
Willem II,14.0,0.0,0.0,0.0,4.0,3.0,36.0,13.0,6.0,0.5,0.0,0.0,181.0,261.0,0.7,2.0,15.0,0.1,60.0,21.0,0.4,3.0,8.0,17.0,0.5,8.0,38.0,38.0,FC Utrecht,10.0,2.0,0.0,0.0,5.0,4.0,64.0,15.0,6.0,0.4,0.0,0.0,377.0,456.0,0.8,11.0,36.0,0.3,41.0,17.0,0.4,5.0,7.0,17.0,0.4,5.0,37.0,37.0,705430,2025-03-09 11:15:00,2025
NEC Nijmegen,13.0,1.0,1.0,1.0,3.0,11.0,34.8,11.0,4.0,0.4,0.0,0.0,186.0,266.0,0.7,3.0,20.0,0.2,64.0,27.0,0.4,4.0,4.0,9.0,0.4,4.0,30.0,30.0,Go Ahead Eagles,8.0,1.0,0.0,5.0,15.0,2.0,65.2,27.0,14.0,0.5,0.0,0.0,431.0,503.0,0.9,7.0,34.0,0.2,65.0,39.0,0.6,5.0,6.0,10.0,0.6,7.0,29.0,29.0,705426,2025-03-09 13:30:00,2025
PEC Zwolle,9.0,1.0,0.0,3.0,3.0,5.0,43.8,8.0,1.0,0.1,0.0,0.0,305.0,400.0,0.8,3.0,17.0,0.2,55.0,22.0,0.4,1.0,12.0,17.0,0.7,7.0,19.0,19.0,Ajax Amsterdam,5.0,0.0,0.0,1.0,3.0,2.0,56.2,14.0,6.0,0.4,1.0,1.0,438.0,523.0,0.8,1.0,12.0,0.1,68.0,30.0,0.4,4.0,9.0,17.0,0.5,9.0,27.0,27.0,705428,2025-03-09 13:30:00,2025
FC Twente,9.0,0.0,0.0,3.0,4.0,1.0,51.7,15.0,3.0,0.2,0.0,0.0,359.0,459.0,0.8,1.0,19.0,0.1,55.0,22.0,0.4,4.0,10.0,21.0,0.5,13.0,21.0,21.0,Almere City,13.0,2.0,0.0,1.0,3.0,2.0,48.3,7.0,1.0,0.1,0.0,0.0,327.0,425.0,0.8,7.0,18.0,0.4,68.0,24.0,0.4,3.0,9.0,16.0,0.6,14.0,30.0,30.0,705423,2025-03-09 15:45:00,2025
Almere City,6.0,1.0,0.0,0.0,3.0,2.0,48.1,13.0,5.0,0.4,0.0,0.0,270.0,354.0,0.8,8.0,23.0,0.3,65.0,29.0,0.4,0.0,6.0,10.0,0.6,9.0,49.0,49.0,NAC Breda,5.0,0.0,0.0,1.0,6.0,4.0,51.9,12.0,3.0,0.3,0.0,0.0,284.0,386.0,0.7,8.0,25.0,0.3,75.0,26.0,0.3,3.0,14.0,22.0,0.6,5.0,46.0,46.0,705432,2025-03-14 19:00:00,2025
FC Utrecht,8.0,0.0,0.0,1.0,6.0,2.0,54.0,19.0,5.0,0.3,0.0,0.0,356.0,449.0,0.8,6.0,19.0,0.3,62.0,35.0,0.6,7.0,5.0,10.0,0.5,12.0,28.0,28.0,NEC Nijmegen,12.0,3.0,0.0,0.0,5.0,5.0,46.0,13.0,3.0,0.2,1.0,1.0,294.0,373.0,0.8,2.0,19.0,0.1,66.0,33.0,0.5,5.0,16.0,26.0,0.6,17.0,27.0,27.0,705435,2025-03-15 15:30:00,2025
Sparta Rotterdam,7.0,0.0,0.0,1.0,1.0,2.0,58.7,13.0,4.0,0.3,0.0,0.0,428.0,500.0,0.9,8.0,26.0,0.3,57.0,27.0,0.5,3.0,7.0,15.0,0.5,6.0,20.0,20.0,PEC Zwolle,12.0,0.0,0.0,0.0,4.0,3.0,41.3,8.0,3.0,0.4,0.0,0.0,274.0,355.0,0.8,1.0,12.0,0.1,45.0,20.0,0.4,2.0,9.0,15.0,0.6,12.0,25.0,25.0,705438,2025-03-15 17:45:00,2025
RKC Waalwijk,7.0,2.0,0.0,2.0,1.0,4.0,37.0,5.0,2.0,0.4,0.0,0.0,305.0,366.0,0.8,1.0,16.0,0.1,60.0,33.0,0.6,1.0,11.0,17.0,0.6,9.0,33.0,33.0,PSV Eindhoven,7.0,0.0,0.0,1.0,5.0,2.0,63.0,17.0,7.0,0.4,0.0,0.0,553.0,624.0,0.9,8.0,24.0,0.3,52.0,35.0,0.7,2.0,12.0,16.0,0.8,9.0,19.0,19.0,705437,2025-03-15 19:00:00,2025
Heerenveen,8.0,0.0,0.0,1.0,10.0,1.0,64.7,19.0,3.0,0.2,0.0,0.0,494.0,563.0,0.9,9.0,32.0,0.3,47.0,25.0,0.5,11.0,12.0,14.0,0.9,2.0,15.0,15.0,Heracles Almelo,15.0,2.0,0.0,1.0,1.0,2.0,35.3,7.0,2.0,0.3,0.0,0.0,248.0,320.0,0.8,3.0,8.0,0.4,57.0,23.0,0.4,3.0,14.0,19.0,0.7,8.0,39.0,39.0,705439,2025-03-15 20:00:00,2025
Go Ahead Eagles,7.0,1.0,0.0,2.0,11.0,1.0,71.7,22.0,7.0,0.3,0.0,0.0,518.0,599.0,0.9,10.0,31.0,0.3,76.0,44.0,0.6,10.0,9.0,10.0,0.9,2.0,12.0,12.0,Willem II,16.0,2.0,0.0,2.0,1.0,5.0,28.3,4.0,1.0,0.3,0.0,0.0,165.0,239.0,0.7,1.0,8.0,0.1,60.0,28.0,0.5,0.0,4.0,5.0,0.8,11.0,36.0,36.0,705436,2025-03-16 11:15:00,2025
FC Groningen,12.0,0.0,0.0,0.0,9.0,1.0,57.4,7.0,4.0,0.6,0.0,0.0,380.0,474.0,0.8,2.0,26.0,0.1,59.0,24.0,0.4,1.0,17.0,26.0,0.7,9.0,18.0,18.0,Fortuna Sittard,11.0,4.0,0.0,2.0,1.0,3.0,42.6,4.0,1.0,0.3,0.0,0.0,255.0,357.0,0.7,1.0,10.0,0.1,75.0,25.0,0.3,1.0,10.0,23.0,0.4,9.0,45.0,45.0,705433,2025-03-16 13:30:00,2025
FC Twente,12.0,2.0,0.0,2.0,2.0,2.0,54.0,9.0,3.0,0.3,1.0,1.0,366.0,454.0,0.8,3.0,13.0,0.2,53.0,21.0,0.4,3.0,10.0,17.0,0.6,5.0,19.0,19.0,Feyenoord Rotterdam,11.0,3.0,0.0,1.0,5.0,1.0,46.0,15.0,8.0,0.5,0.0,0.0,307.0,385.0,0.8,4.0,11.0,0.4,57.0,24.0,0.4,2.0,7.0,14.0,0.5,9.0,25.0,25.0,705434,2025-03-16 13:30:00,2025
Ajax Amsterdam,8.0,1.0,1.0,0.0,3.0,0.0,54.1,17.0,5.0,0.3,0.0,0.0,464.0,540.0,0.9,3.0,12.0,0.3,61.0,32.0,0.5,4.0,8.0,18.0,0.4,8.0,21.0,21.0,AZ Alkmaar,10.0,3.0,1.0,0.0,3.0,3.0,45.9,6.0,2.0,0.3,0.0,0.0,380.0,461.0,0.8,2.0,9.0,0.2,62.0,23.0,0.4,0.0,11.0,24.0,0.5,9.0,25.0,25.0,705431,2025-03-16 15:45:00,2025
NAC Breda,13.0,3.0,0.0,1.0,3.0,1.0,54.7,13.0,3.0,0.2,1.0,1.0,345.0,441.0,0.8,4.0,17.0,0.2,63.0,27.0,0.4,5.0,15.0,25.0,0.6,14.0,13.0,13.0,FC Groningen,14.0,2.0,1.0,1.0,2.0,2.0,45.3,6.0,2.0,0.3,1.0,1.0,292.0,370.0,0.8,0.0,8.0,0.0,56.0,24.0,0.4,3.0,11.0,16.0,0.7,13.0,34.0,34.0,705445,2025-03-29 15:30:00,2025
Fortuna Sittard,15.0,3.0,0.0,1.0,2.0,4.0,57.7,15.0,3.0,0.2,0.0,0.0,376.0,442.0,0.9,7.0,27.0,0.3,56.0,29.0,0.5,6.0,7.0,10.0,0.7,8.0,19.0,19.0,Sparta Rotterdam,7.0,1.0,0.0,1.0,4.0,3.0,42.3,15.0,7.0,0.5,0.0,0.0,257.0,332.0,0.8,6.0,15.0,0.4,62.0,34.0,0.5,3.0,13.0,21.0,0.6,8.0,29.0,29.0,705442,2025-03-29 17:45:00,2025
Willem II,6.0,2.0,1.0,1.0,8.0,3.0,51.9,14.0,5.0,0.4,0.0,0.0,370.0,439.0,0.8,4.0,25.0,0.2,57.0,29.0,0.5,2.0,9.0,9.0,1.0,7.0,21.0,21.0,Almere City,10.0,2.0,0.0,2.0,5.0,5.0,48.1,19.0,5.0,0.3,0.0,0.0,346.0,410.0,0.8,9.0,18.0,0.5,54.0,27.0,0.5,8.0,8.0,14.0,0.6,5.0,32.0,32.0,705448,2025-03-29 17:45:00,2025
NEC Nijmegen,9.0,3.0,0.0,1.0,5.0,2.0,49.4,15.0,4.0,0.3,0.0,0.0,372.0,435.0,0.9,5.0,21.0,0.2,49.0,19.0,0.4,6.0,14.0,22.0,0.6,7.0,19.0,19.0,AZ Alkmaar,9.0,3.0,0.0,1.0,7.0,1.0,50.6,9.0,5.0,0.6,0.0,0.0,391.0,461.0,0.8,2.0,10.0,0.2,45.0,28.0,0.6,1.0,11.0,15.0,0.7,8.0,26.0,26.0,705444,2025-03-29 20:00:00,2025
PEC Zwolle,11.0,1.0,0.0,1.0,11.0,2.0,60.7,25.0,11.0,0.4,1.0,1.0,446.0,507.0,0.9,10.0,23.0,0.4,45.0,29.0,0.6,5.0,10.0,12.0,0.8,6.0,35.0,35.0,RKC Waalwijk,13.0,0.0,1.0,3.0,3.0,9.0,39.3,6.0,2.0,0.3,0.0,0.0,240.0,325.0,0.7,2.0,17.0,0.1,67.0,28.0,0.4,2.0,14.0,23.0,0.6,8.0,23.0,23.0,705446,2025-03-29 20:00:00,2025
FC Utrecht,18.0,1.0,0.0,0.0,4.0,1.0,47.1,12.0,4.0,0.3,0.0,0.0,345.0,420.0,0.8,6.0,22.0,0.3,56.0,23.0,0.4,2.0,13.0,24.0,0.5,9.0,22.0,22.0,Heerenveen,13.0,1.0,0.0,3.0,5.0,3.0,52.9,9.0,2.0,0.2,0.0,0.0,403.0,479.0,0.8,2.0,12.0,0.2,55.0,32.0,0.6,4.0,15.0,28.0,0.5,7.0,20.0,20.0,705440,2025-03-30 10:15:00,2025
PSV Eindhoven,10.0,0.0,0.0,2.0,5.0,1.0,60.6,17.0,4.0,0.2,0.0,0.0,477.0,554.0,0.9,6.0,29.0,0.2,36.0,15.0,0.4,7.0,7.0,12.0,0.6,12.0,13.0,13.0,Ajax Amsterdam,8.0,3.0,0.0,0.0,2.0,4.0,39.4,11.0,3.0,0.3,0.0,0.0,276.0,368.0,0.8,3.0,8.0,0.4,73.0,28.0,0.4,4.0,8.0,17.0,0.5,8.0,34.0,34.0,705447,2025-03-30 12:30:00,2025
Heracles Almelo,15.0,5.0,0.0,1.0,1.0,4.0,42.0,7.0,4.0,0.6,0.0,0.0,213.0,292.0,0.7,3.0,15.0,0.2,49.0,22.0,0.4,0.0,8.0,12.0,0.7,9.0,35.0,35.0,FC Twente,13.0,2.0,0.0,2.0,6.0,1.0,58.0,13.0,5.0,0.4,0.0,0.0,310.0,397.0,0.8,3.0,19.0,0.2,62.0,28.0,0.5,4.0,9.0,13.0,0.7,4.0,26.0,26.0,705443,2025-03-30 12:30:00,2025
Feyenoord Rotterdam,7.0,1.0,0.0,0.0,2.0,1.0,48.2,17.0,9.0,0.5,1.0,1.0,370.0,447.0,0.8,2.0,7.0,0.3,55.0,16.0,0.3,5.0,6.0,15.0,0.4,9.0,31.0,31.0,Go Ahead Eagles,12.0,0.0,0.0,2.0,4.0,6.0,51.8,13.0,3.0,0.2,0.0,0.0,379.0,478.0,0.8,4.0,8.0,0.5,55.0,22.0,0.4,3.0,5.0,11.0,0.5,6.0,28.0,28.0,705441,2025-03-30 14:45:00,2025
AZ Alkmaar,10.0,0.0,0.0,0.0,12.0,0.0,62.4,24.0,6.0,0.3,0.0,0.0,497.0,566.0,0.9,7.0,23.0,0.3,58.0,39.0,0.7,8.0,5.0,10.0,0.5,4.0,21.0,21.0,RKC Waalwijk,10.0,3.0,0.0,1.0,5.0,4.0,37.6,6.0,2.0,0.3,0.0,0.0,259.0,339.0,0.8,2.0,12.0,0.2,60.0,35.0,0.6,3.0,12.0,21.0,0.6,12.0,41.0,41.0,705422,2025-04-01 18:00:00,2025
Feyenoord Rotterdam,7.0,0.0,0.0,2.0,1.0,0.0,47.9,13.0,7.0,0.5,0.0,0.0,458.0,529.0,0.9,3.0,6.0,0.5,59.0,30.0,0.5,1.0,13.0,20.0,0.7,6.0,20.0,20.0,FC Groningen,8.0,2.0,0.0,2.0,1.0,3.0,52.1,6.0,1.0,0.2,0.0,0.0,496.0,574.0,0.9,2.0,6.0,0.3,54.0,24.0,0.4,4.0,14.0,19.0,0.7,6.0,22.0,22.0,705424,2025-04-02 18:00:00,2025
Heerenveen,12.0,0.0,0.0,1.0,9.0,2.0,49.0,22.0,9.0,0.4,0.0,0.0,333.0,410.0,0.8,6.0,25.0,0.2,49.0,20.0,0.4,8.0,18.0,23.0,0.8,10.0,22.0,22.0,Willem II,7.0,1.0,0.0,0.0,6.0,6.0,51.0,13.0,3.0,0.2,0.0,0.0,373.0,436.0,0.9,8.0,17.0,0.5,49.0,28.0,0.6,3.0,8.0,19.0,0.4,9.0,32.0,32.0,705457,2025-04-04 18:00:00,2025
AZ Alkmaar,17.0,3.0,0.0,1.0,5.0,0.0,61.4,13.0,5.0,0.4,0.0,0.0,389.0,479.0,0.8,1.0,18.0,0.1,71.0,31.0,0.4,7.0,17.0,23.0,0.7,12.0,22.0,22.0,Feyenoord Rotterdam,10.0,2.0,0.0,2.0,3.0,5.0,38.6,8.0,0.0,0.0,0.0,0.0,202.0,297.0,0.7,1.0,8.0,0.1,52.0,13.0,0.3,1.0,8.0,23.0,0.3,11.0,35.0,35.0,705449,2025-04-05 14:30:00,2025
FC Twente,12.0,1.0,0.0,1.0,7.0,0.0,51.6,12.0,3.0,0.3,1.0,1.0,298.0,389.0,0.8,6.0,18.0,0.3,46.0,15.0,0.3,4.0,11.0,15.0,0.7,9.0,30.0,30.0,Fortuna Sittard,15.0,3.0,0.0,0.0,3.0,2.0,48.4,6.0,1.0,0.2,0.0,0.0,276.0,368.0,0.8,3.0,13.0,0.2,63.0,25.0,0.4,1.0,13.0,19.0,0.7,13.0,33.0,33.0,705453,2025-04-05 16:45:00,2025
FC Groningen,6.0,2.0,0.0,1.0,4.0,1.0,37.6,14.0,3.0,0.2,0.0,0.0,251.0,341.0,0.7,3.0,13.0,0.2,55.0,20.0,0.4,5.0,12.0,21.0,0.6,15.0,26.0,26.0,PSV Eindhoven,11.0,2.0,0.0,4.0,5.0,2.0,62.4,15.0,4.0,0.3,0.0,0.0,474.0,569.0,0.8,5.0,17.0,0.3,83.0,51.0,0.6,4.0,18.0,25.0,0.7,5.0,26.0,26.0,705452,2025-04-05 18:00:00,2025
Almere City,9.0,2.0,0.0,1.0,7.0,3.0,50.7,24.0,5.0,0.2,0.0,0.0,283.0,382.0,0.7,11.0,32.0,0.3,77.0,37.0,0.5,5.0,11.0,18.0,0.6,11.0,17.0,17.0,PEC Zwolle,12.0,3.0,0.0,2.0,4.0,3.0,49.3,10.0,5.0,0.5,0.0,0.0,301.0,391.0,0.8,1.0,12.0,0.1,61.0,22.0,0.4,1.0,18.0,29.0,0.6,7.0,58.0,58.0,705451,2025-04-05 19:00:00,2025
RKC Waalwijk,11.0,1.0,0.0,1.0,6.0,1.0,48.5,10.0,3.0,0.3,0.0,0.0,314.0,387.0,0.8,4.0,17.0,0.2,39.0,15.0,0.4,2.0,16.0,25.0,0.6,6.0,35.0,35.0,Heracles Almelo,12.0,1.0,0.0,1.0,9.0,3.0,51.5,10.0,1.0,0.1,0.0,0.0,332.0,406.0,0.8,3.0,22.0,0.1,63.0,31.0,0.5,6.0,18.0,26.0,0.7,9.0,35.0,35.0,705455,2025-04-06 10:15:00,2025
Sparta Rotterdam,10.0,0.0,0.0,0.0,3.0,1.0,45.3,12.0,3.0,0.3,0.0,0.0,341.0,407.0,0.8,4.0,20.0,0.2,47.0,23.0,0.5,1.0,8.0,14.0,0.6,11.0,33.0,33.0,NEC Nijmegen,10.0,2.0,1.0,1.0,2.0,2.0,54.7,9.0,1.0,0.1,0.0,0.0,409.0,493.0,0.8,3.0,19.0,0.2,60.0,25.0,0.4,2.0,8.0,12.0,0.7,9.0,27.0,27.0,705456,2025-04-06 12:30:00,2025
Go Ahead Eagles,9.0,1.0,0.0,2.0,1.0,1.0,59.8,11.0,6.0,0.5,0.0,0.0,450.0,525.0,0.9,1.0,11.0,0.1,55.0,27.0,0.5,3.0,10.0,13.0,0.8,13.0,36.0,36.0,FC Utrecht,16.0,4.0,0.0,0.0,5.0,4.0,40.2,14.0,3.0,0.2,0.0,0.0,257.0,334.0,0.8,8.0,23.0,0.3,67.0,33.0,0.5,6.0,8.0,12.0,0.7,6.0,21.0,21.0,705454,2025-04-06 12:30:00,2025
Ajax Amsterdam,8.0,1.0,0.0,0.0,9.0,2.0,62.6,10.0,4.0,0.4,1.0,1.0,527.0,603.0,0.9,2.0,13.0,0.2,26.0,10.0,0.4,3.0,7.0,9.0,0.8,7.0,28.0,28.0,NAC Breda,18.0,5.0,0.0,2.0,0.0,1.0,37.4,8.0,3.0,0.4,0.0,0.0,285.0,353.0,0.8,2.0,18.0,0.1,50.0,26.0,0.5,2.0,12.0,19.0,0.6,15.0,21.0,21.0,705450,2025-04-06 14:45:00,2025
NEC Nijmegen,14.0,2.0,0.0,3.0,3.0,3.0,42.5,19.0,4.0,0.2,0.0,0.0,278.0,343.0,0.8,9.0,20.0,0.5,45.0,19.0,0.4,5.0,11.0,20.0,0.6,8.0,32.0,32.0,RKC Waalwijk,9.0,0.0,0.0,1.0,7.0,2.0,57.5,10.0,4.0,0.4,0.0,0.0,389.0,460.0,0.8,8.0,32.0,0.3,63.0,37.0,0.6,5.0,4.0,9.0,0.4,11.0,28.0,28.0,705461,2025-04-11 18:00:00,2025
Fortuna Sittard,18.0,0.0,1.0,0.0,5.0,5.0,49.2,7.0,2.0,0.3,0.0,0.0,274.0,345.0,0.8,8.0,27.0,0.3,53.0,15.0,0.3,1.0,13.0,17.0,0.8,11.0,15.0,15.0,Feyenoord Rotterdam,7.0,1.0,0.0,0.0,7.0,2.0,50.8,14.0,8.0,0.6,1.0,1.0,303.0,365.0,0.8,5.0,20.0,0.3,46.0,23.0,0.5,4.0,7.0,12.0,0.6,4.0,33.0,33.0,705459,2025-04-12 14:30:00,2025
Sparta Rotterdam,13.0,1.0,0.0,4.0,4.0,4.0,42.0,15.0,7.0,0.5,1.0,1.0,289.0,345.0,0.8,4.0,13.0,0.3,47.0,26.0,0.6,3.0,13.0,20.0,0.7,11.0,18.0,18.0,Heerenveen,11.0,2.0,0.0,1.0,1.0,4.0,58.0,11.0,5.0,0.5,1.0,1.0,417.0,482.0,0.9,3.0,15.0,0.2,54.0,32.0,0.6,2.0,9.0,13.0,0.7,5.0,25.0,25.0,705465,2025-04-12 16:45:00,2025
PSV Eindhoven,6.0,0.0,0.0,2.0,11.0,2.0,71.8,34.0,17.0,0.5,0.0,0.0,584.0,658.0,0.9,8.0,28.0,0.3,42.0,29.0,0.7,11.0,10.0,18.0,0.6,3.0,19.0,19.0,Almere City,6.0,0.0,0.0,0.0,3.0,12.0,28.2,8.0,2.0,0.3,0.0,0.0,188.0,260.0,0.7,3.0,6.0,0.5,57.0,19.0,0.3,2.0,13.0,17.0,0.8,15.0,43.0,43.0,705464,2025-04-12 18:00:00,2025
NAC Breda,12.0,2.0,0.0,0.0,6.0,3.0,49.9,21.0,7.0,0.3,0.0,0.0,397.0,462.0,0.9,9.0,32.0,0.3,50.0,21.0,0.4,5.0,7.0,14.0,0.5,5.0,25.0,25.0,Go Ahead Eagles,13.0,3.0,0.0,0.0,3.0,6.0,50.1,10.0,4.0,0.4,0.0,0.0,410.0,483.0,0.8,5.0,11.0,0.5,54.0,19.0,0.4,2.0,2.0,5.0,0.4,2.0,35.0,35.0,705462,2025-04-12 19:00:00,2025
FC Utrecht,6.0,1.0,0.0,0.0,2.0,3.0,38.7,11.0,4.0,0.4,0.0,0.0,258.0,361.0,0.7,1.0,14.0,0.1,68.0,24.0,0.4,1.0,13.0,27.0,0.5,13.0,32.0,32.0,FC Groningen,8.0,2.0,0.0,0.0,3.0,2.0,61.3,10.0,3.0,0.3,0.0,0.0,479.0,585.0,0.8,5.0,14.0,0.4,59.0,26.0,0.4,4.0,16.0,20.0,0.8,13.0,24.0,24.0,705458,2025-04-13 10:15:00,2025
PEC Zwolle,15.0,2.0,0.0,2.0,4.0,2.0,49.1,15.0,3.0,0.2,0.0,0.0,252.0,332.0,0.8,4.0,7.0,0.6,59.0,32.0,0.5,2.0,6.0,11.0,0.5,11.0,41.0,41.0,FC Twente,16.0,2.0,0.0,4.0,10.0,2.0,50.9,10.0,3.0,0.3,0.0,0.0,231.0,320.0,0.7,7.0,31.0,0.2,47.0,9.0,0.2,4.0,20.0,32.0,0.6,8.0,17.0,17.0,705463,2025-04-13 12:30:00,2025
Heracles Almelo,13.0,2.0,0.0,2.0,6.0,3.0,50.8,7.0,3.0,0.4,0.0,0.0,328.0,385.0,0.9,1.0,26.0,0.0,55.0,37.0,0.7,2.0,13.0,23.0,0.6,11.0,23.0,23.0,AZ Alkmaar,10.0,1.0,0.0,1.0,3.0,2.0,49.2,10.0,3.0,0.3,0.0,0.0,323.0,390.0,0.8,4.0,9.0,0.4,33.0,13.0,0.4,1.0,8.0,20.0,0.4,7.0,27.0,27.0,705460,2025-04-13 12:30:00,2025
Willem II,8.0,1.0,0.0,3.0,1.0,4.0,32.4,6.0,1.0,0.2,0.0,0.0,230.0,294.0,0.8,1.0,8.0,0.1,59.0,21.0,0.4,0.0,5.0,20.0,0.3,6.0,60.0,60.0,Ajax Amsterdam,4.0,0.0,0.0,0.0,11.0,0.0,67.6,29.0,6.0,0.2,0.0,0.0,519.0,587.0,0.9,9.0,43.0,0.2,54.0,33.0,0.6,14.0,10.0,16.0,0.6,3.0,13.0,13.0,705466,2025-04-13 14:45:00,2025
Heerenveen,9.0,1.0,1.0,2.0,4.0,2.0,54.0,14.0,2.0,0.1,0.0,0.0,366.0,465.0,0.8,7.0,15.0,0.5,68.0,24.0,0.4,3.0,11.0,18.0,0.6,10.0,22.0,22.0,Almere City,11.0,1.0,0.0,0.0,3.0,1.0,46.0,12.0,3.0,0.3,0.0,0.0,289.0,391.0,0.7,7.0,18.0,0.4,75.0,31.0,0.4,4.0,11.0,14.0,0.8,13.0,21.0,21.0,705479,2025-04-19 18:00:00,2025
FC Utrecht,7.0,1.0,0.0,1.0,1.0,3.0,30.9,13.0,5.0,0.4,0.0,0.0,209.0,271.0,0.8,4.0,11.0,0.4,45.0,14.0,0.3,5.0,13.0,21.0,0.6,12.0,41.0,41.0,Ajax Amsterdam,11.0,3.0,0.0,2.0,11.0,1.0,69.1,7.0,3.0,0.4,0.0,0.0,530.0,608.0,0.9,2.0,22.0,0.1,35.0,18.0,0.5,2.0,4.0,12.0,0.3,7.0,17.0,17.0,705477,2025-04-20 10:15:00,2025
FC Groningen,9.0,0.0,0.0,0.0,3.0,2.0,42.5,12.0,6.0,0.5,1.0,1.0,249.0,317.0,0.8,2.0,13.0,0.2,43.0,22.0,0.5,2.0,11.0,18.0,0.6,7.0,15.0,15.0,Heracles Almelo,17.0,5.0,0.0,0.0,5.0,3.0,57.5,8.0,3.0,0.4,0.0,0.0,356.0,436.0,0.8,4.0,16.0,0.3,67.0,30.0,0.4,2.0,11.0,22.0,0.5,7.0,35.0,35.0,705470,2025-04-23 18:00:00,2025
AZ Alkmaar,9.0,0.0,0.0,1.0,10.0,1.0,71.1,18.0,7.0,0.4,0.0,0.0,543.0,621.0,0.9,9.0,26.0,0.3,48.0,28.0,0.6,4.0,10.0,16.0,0.6,9.0,13.0,13.0,NAC Breda,12.0,3.0,0.0,0.0,4.0,6.0,28.9,7.0,2.0,0.3,0.0,0.0,174.0,251.0,0.7,3.0,7.0,0.4,57.0,26.0,0.5,1.0,16.0,22.0,0.7,15.0,39.0,39.0,705467,2025-04-24 16:45:00,2025
FC Twente,4.0,2.0,0.0,1.0,3.0,5.0,33.2,8.0,3.0,0.4,0.0,0.0,208.0,279.0,0.7,4.0,25.0,0.2,55.0,24.0,0.4,2.0,8.0,10.0,0.8,7.0,39.0,39.0,PSV Eindhoven,14.0,3.0,0.0,1.0,5.0,2.0,66.8,16.0,8.0,0.5,0.0,0.0,492.0,585.0,0.8,9.0,28.0,0.3,48.0,26.0,0.5,2.0,6.0,12.0,0.5,6.0,33.0,33.0,705475,2025-04-24 19:00:00,2025
RKC Waalwijk,8.0,1.0,0.0,1.0,5.0,5.0,47.4,13.0,2.0,0.2,0.0,0.0,358.0,418.0,0.9,3.0,21.0,0.1,30.0,14.0,0.5,4.0,22.0,33.0,0.7,13.0,24.0,24.0,FC Utrecht,10.0,2.0,0.0,0.0,6.0,2.0,52.6,20.0,9.0,0.5,0.0,0.0,398.0,470.0,0.8,5.0,19.0,0.3,50.0,28.0,0.6,7.0,22.0,30.0,0.7,14.0,22.0,22.0,705471,2025-04-25 16:45:00,2025
Feyenoord Rotterdam,8.0,1.0,0.0,0.0,1.0,4.0,47.5,13.0,7.0,0.5,0.0,0.0,378.0,461.0,0.8,2.0,7.0,0.3,51.0,26.0,0.5,2.0,13.0,18.0,0.7,5.0,15.0,15.0,PEC Zwolle,15.0,1.0,0.0,1.0,3.0,3.0,52.5,19.0,4.0,0.2,0.0,0.0,446.0,503.0,0.9,5.0,14.0,0.4,46.0,25.0,0.5,6.0,12.0,20.0,0.6,12.0,21.0,21.0,705472,2025-04-25 19:00:00,2025
Fortuna Sittard,12.0,0.0,0.0,1.0,4.0,2.0,50.5,13.0,2.0,0.2,0.0,0.0,334.0,389.0,0.9,11.0,30.0,0.4,36.0,15.0,0.4,5.0,5.0,13.0,0.4,8.0,26.0,26.0,Willem II,11.0,0.0,0.0,1.0,5.0,1.0,49.5,4.0,2.0,0.5,0.0,0.0,335.0,389.0,0.9,3.0,23.0,0.1,46.0,29.0,0.6,0.0,14.0,17.0,0.8,9.0,32.0,32.0,705473,2025-04-27 10:15:00,2025
Ajax Amsterdam,10.0,1.0,0.0,1.0,11.0,4.0,65.6,28.0,5.0,0.2,0.0,0.0,513.0,604.0,0.8,10.0,27.0,0.4,53.0,27.0,0.5,7.0,10.0,15.0,0.7,7.0,19.0,19.0,Sparta Rotterdam,12.0,2.0,0.0,1.0,4.0,3.0,34.4,14.0,5.0,0.4,0.0,0.0,239.0,320.0,0.7,2.0,12.0,0.2,63.0,25.0,0.4,5.0,6.0,10.0,0.6,10.0,45.0,45.0,705468,2025-04-27 12:30:00,2025
Heerenveen,13.0,1.0,0.0,4.0,7.0,1.0,50.4,14.0,5.0,0.4,1.0,1.0,311.0,400.0,0.8,6.0,18.0,0.3,42.0,12.0,0.3,4.0,8.0,16.0,0.5,12.0,43.0,43.0,NEC Nijmegen,11.0,4.0,0.0,1.0,5.0,4.0,49.6,6.0,1.0,0.2,0.0,0.0,279.0,402.0,0.7,3.0,13.0,0.2,71.0,21.0,0.3,1.0,6.0,13.0,0.5,11.0,16.0,16.0,705474,2025-04-27 12:30:00,2025
Almere City,9.0,2.0,0.0,2.0,13.0,1.0,47.7,29.0,7.0,0.2,0.0,0.0,327.0,398.0,0.8,16.0,48.0,0.3,47.0,23.0,0.5,8.0,15.0,23.0,0.7,10.0,18.0,18.0,Go Ahead Eagles,6.0,1.0,0.0,0.0,2.0,6.0,52.3,5.0,1.0,0.2,0.0,0.0,405.0,478.0,0.8,3.0,9.0,0.3,68.0,28.0,0.4,1.0,11.0,19.0,0.6,9.0,62.0,62.0,705469,2025-04-27 14:45:00,2025
NEC Nijmegen,15.0,2.0,0.0,1.0,4.0,3.0,50.2,21.0,4.0,0.2,0.0,0.0,359.0,457.0,0.8,14.0,31.0,0.5,72.0,33.0,0.5,0.0,7.0,10.0,0.7,12.0,15.0,15.0,Willem II,9.0,2.0,1.0,0.0,2.0,3.0,49.8,10.0,3.0,0.3,0.0,0.0,386.0,485.0,0.8,1.0,7.0,0.1,91.0,41.0,0.5,2.0,8.0,15.0,0.5,10.0,26.0,26.0,705484,2025-05-03 14:30:00,2025
Heracles Almelo,11.0,2.0,1.0,2.0,5.0,4.0,43.1,11.0,3.0,0.3,0.0,0.0,275.0,348.0,0.8,3.0,19.0,0.2,57.0,24.0,0.4,1.0,15.0,19.0,0.8,14.0,23.0,23.0,Feyenoord Rotterdam,10.0,1.0,0.0,0.0,1.0,2.0,56.9,17.0,8.0,0.5,0.0,0.0,402.0,472.0,0.9,4.0,13.0,0.3,39.0,19.0,0.5,4.0,10.0,16.0,0.6,9.0,23.0,23.0,705480,2025-05-03 16:45:00,2025
FC Groningen,10.0,0.0,0.0,1.0,5.0,3.0,44.2,22.0,12.0,0.5,1.0,1.0,285.0,353.0,0.8,5.0,15.0,0.3,30.0,13.0,0.4,5.0,15.0,23.0,0.7,13.0,18.0,18.0,RKC Waalwijk,8.0,1.0,0.0,1.0,3.0,6.0,55.8,9.0,4.0,0.4,0.0,0.0,383.0,449.0,0.9,2.0,12.0,0.2,45.0,22.0,0.5,2.0,13.0,21.0,0.6,13.0,35.0,35.0,705476,2025-05-03 18:00:00,2025
PSV Eindhoven,6.0,0.0,0.0,1.0,5.0,0.0,66.5,16.0,6.0,0.4,0.0,0.0,543.0,619.0,0.9,5.0,20.0,0.3,50.0,38.0,0.8,2.0,7.0,10.0,0.7,4.0,22.0,22.0,Fortuna Sittard,7.0,2.0,0.0,4.0,3.0,2.0,33.5,3.0,1.0,0.3,0.0,0.0,237.0,310.0,0.8,1.0,10.0,0.1,65.0,15.0,0.2,1.0,9.0,13.0,0.7,14.0,29.0,29.0,705482,2025-05-03 19:00:00,2025
NAC Breda,7.0,3.0,0.0,2.0,4.0,2.0,50.5,14.0,3.0,0.2,0.0,0.0,336.0,423.0,0.8,6.0,20.0,0.3,49.0,25.0,0.5,0.0,14.0,21.0,0.7,3.0,19.0,19.0,PEC Zwolle,12.0,1.0,0.0,1.0,2.0,2.0,49.5,13.0,5.0,0.4,0.0,0.0,344.0,426.0,0.8,4.0,11.0,0.4,47.0,14.0,0.3,3.0,10.0,19.0,0.5,9.0,40.0,40.0,705481,2025-05-04 10:15:00,2025
Go Ahead Eagles,5.0,2.0,0.0,1.0,6.0,6.0,61.3,14.0,0.0,0.0,0.0,0.0,490.0,584.0,0.8,2.0,18.0,0.1,52.0,18.0,0.3,5.0,8.0,15.0,0.5,7.0,22.0,22.0,AZ Alkmaar,15.0,3.0,1.0,1.0,9.0,0.0,38.7,17.0,8.0,0.5,0.0,0.0,293.0,366.0,0.8,5.0,11.0,0.5,38.0,17.0,0.4,5.0,10.0,18.0,0.6,8.0,41.0,41.0,705478,2025-05-04 12:30:00,2025
Sparta Rotterdam,12.0,0.0,0.0,0.0,5.0,0.0,49.4,14.0,1.0,0.1,0.0,0.0,355.0,440.0,0.8,7.0,23.0,0.3,72.0,42.0,0.6,6.0,6.0,11.0,0.5,14.0,21.0,21.0,FC Twente,6.0,0.0,0.0,0.0,4.0,1.0,50.6,9.0,2.0,0.2,0.0,0.0,359.0,459.0,0.8,5.0,19.0,0.3,75.0,36.0,0.5,1.0,11.0,13.0,0.8,16.0,32.0,32.0,705483,2025-05-04 12:30:00,2025
Willem II,6.0,1.0,0.0,2.0,5.0,4.0,53.5,9.0,5.0,0.6,0.0,0.0,336.0,419.0,0.8,5.0,18.0,0.3,61.0,32.0,0.5,1.0,9.0,20.0,0.5,6.0,27.0,27.0,Heracles Almelo,11.0,1.0,0.0,1.0,10.0,4.0,46.5,16.0,6.0,0.4,1.0,1.0,292.0,359.0,0.8,7.0,22.0,0.3,65.0,39.0,0.6,4.0,13.0,18.0,0.7,12.0,40.0,40.0,705493,2025-05-09 18:00:00,2025
RKC Waalwijk,10.0,2.0,0.0,2.0,5.0,0.0,50.3,18.0,6.0,0.3,0.0,0.0,331.0,398.0,0.8,9.0,24.0,0.4,56.0,24.0,0.4,8.0,9.0,20.0,0.5,12.0,21.0,21.0,Heerenveen,11.0,1.0,1.0,1.0,2.0,3.0,49.7,3.0,1.0,0.3,1.0,1.0,330.0,400.0,0.8,2.0,16.0,0.1,53.0,27.0,0.5,2.0,7.0,8.0,0.9,5.0,23.0,23.0,705492,2025-05-10 14:30:00,2025
Fortuna Sittard,14.0,1.0,0.0,2.0,5.0,4.0,38.6,10.0,4.0,0.4,0.0,0.0,239.0,315.0,0.8,3.0,19.0,0.2,44.0,13.0,0.3,2.0,12.0,15.0,0.8,13.0,27.0,27.0,NAC Breda,10.0,2.0,0.0,1.0,3.0,3.0,61.4,6.0,4.0,0.7,0.0,0.0,425.0,509.0,0.8,7.0,16.0,0.4,73.0,35.0,0.5,2.0,9.0,16.0,0.6,12.0,18.0,18.0,705490,2025-05-10 16:45:00,2025
Almere City,6.0,0.0,0.0,0.0,6.0,6.0,51.8,17.0,4.0,0.2,0.0,0.0,324.0,417.0,0.8,10.0,31.0,0.3,73.0,41.0,0.6,8.0,13.0,17.0,0.8,6.0,14.0,14.0,Sparta Rotterdam,8.0,1.0,0.0,1.0,2.0,3.0,48.2,15.0,9.0,0.6,0.0,0.0,326.0,394.0,0.8,5.0,19.0,0.3,69.0,41.0,0.6,3.0,14.0,25.0,0.6,4.0,53.0,53.0,705487,2025-05-10 19:00:00,2025
PEC Zwolle,12.0,2.0,0.0,1.0,6.0,2.0,50.5,19.0,7.0,0.4,0.0,0.0,392.0,457.0,0.9,3.0,22.0,0.1,50.0,19.0,0.4,4.0,10.0,17.0,0.6,5.0,23.0,23.0,Go Ahead Eagles,7.0,2.0,0.0,1.0,2.0,6.0,49.5,9.0,3.0,0.3,0.0,0.0,366.0,456.0,0.8,2.0,9.0,0.2,59.0,26.0,0.4,4.0,7.0,13.0,0.5,8.0,31.0,31.0,705491,2025-05-11 10:15:00,2025
Feyenoord Rotterdam,7.0,2.0,1.0,0.0,1.0,6.0,33.6,11.0,4.0,0.4,0.0,0.0,170.0,241.0,0.7,1.0,5.0,0.2,47.0,19.0,0.4,2.0,3.0,8.0,0.4,4.0,36.0,36.0,PSV Eindhoven,14.0,3.0,0.0,2.0,12.0,2.0,66.4,23.0,9.0,0.4,0.0,0.0,390.0,459.0,0.9,9.0,36.0,0.3,53.0,32.0,0.6,2.0,15.0,20.0,0.8,7.0,20.0,20.0,705489,2025-05-11 12:30:00,2025
FC Twente,11.0,0.0,0.0,3.0,7.0,0.0,50.5,11.0,5.0,0.5,0.0,0.0,296.0,376.0,0.8,0.0,13.0,0.0,52.0,20.0,0.4,2.0,9.0,13.0,0.7,13.0,28.0,28.0,FC Utrecht,18.0,2.0,0.0,3.0,3.0,3.0,49.5,8.0,0.0,0.0,0.0,0.0,277.0,361.0,0.8,3.0,20.0,0.2,58.0,29.0,0.5,2.0,11.0,17.0,0.6,14.0,17.0,17.0,705488,2025-05-11 12:30:00,2025
Ajax Amsterdam,12.0,3.0,0.0,1.0,8.0,3.0,65.0,22.0,4.0,0.2,0.0,0.0,535.0,614.0,0.9,4.0,25.0,0.2,42.0,23.0,0.5,10.0,4.0,8.0,0.5,7.0,16.0,16.0,NEC Nijmegen,12.0,4.0,0.0,1.0,1.0,4.0,35.0,9.0,6.0,0.7,0.0,0.0,250.0,331.0,0.8,2.0,9.0,0.2,55.0,14.0,0.3,1.0,10.0,18.0,0.6,6.0,40.0,40.0,705486,2025-05-11 14:45:00,2025
AZ Alkmaar,9.0,1.0,0.0,0.0,12.0,4.0,49.8,19.0,12.0,0.6,0.0,0.0,371.0,433.0,0.9,7.0,18.0,0.4,36.0,21.0,0.6,1.0,5.0,14.0,0.4,7.0,12.0,12.0,FC Groningen,11.0,2.0,0.0,1.0,4.0,9.0,50.2,10.0,4.0,0.4,0.0,0.0,379.0,444.0,0.9,5.0,10.0,0.5,39.0,21.0,0.5,3.0,2.0,13.0,0.2,4.0,26.0,26.0,705485,2025-05-11 14:45:00,2025
FC Groningen,15.0,5.0,1.0,0.0,4.0,1.0,46.6,14.0,6.0,0.4,0.0,0.0,355.0,452.0,0.8,9.0,18.0,0.5,74.0,32.0,0.4,3.0,12.0,19.0,0.6,10.0,18.0,18.0,Ajax Amsterdam,13.0,3.0,0.0,1.0,3.0,3.0,53.4,10.0,3.0,0.3,0.0,0.0,428.0,524.0,0.8,4.0,10.0,0.4,74.0,34.0,0.5,2.0,6.0,15.0,0.4,6.0,19.0,19.0,705495,2025-05-14 18:00:00,2025
NEC Nijmegen,5.0,0.0,0.0,1.0,3.0,0.0,45.5,11.0,5.0,0.5,0.0,0.0,371.0,446.0,0.8,6.0,19.0,0.3,69.0,34.0,0.5,1.0,6.0,13.0,0.5,7.0,20.0,20.0,NAC Breda,9.0,0.0,0.0,2.0,5.0,2.0,54.5,9.0,0.0,0.0,0.0,0.0,466.0,537.0,0.9,3.0,22.0,0.1,72.0,45.0,0.6,2.0,8.0,14.0,0.6,9.0,25.0,25.0,705500,2025-05-14 18:00:00,2025
Almere City,12.0,1.0,0.0,3.0,5.0,1.0,52.1,12.0,5.0,0.4,0.0,0.0,315.0,400.0,0.8,6.0,21.0,0.3,81.0,45.0,0.6,3.0,20.0,28.0,0.7,6.0,23.0,23.0,Fortuna Sittard,11.0,1.0,0.0,2.0,5.0,4.0,47.9,9.0,2.0,0.2,0.0,0.0,287.0,365.0,0.8,7.0,16.0,0.4,52.0,25.0,0.5,3.0,14.0,22.0,0.6,8.0,24.0,24.0,705494,2025-05-14 18:00:00,2025
FC Twente,8.0,1.0,0.0,3.0,3.0,4.0,51.3,20.0,6.0,0.3,0.0,0.0,378.0,453.0,0.8,5.0,9.0,0.6,52.0,23.0,0.4,8.0,5.0,5.0,1.0,6.0,32.0,32.0,AZ Alkmaar,10.0,2.0,0.0,2.0,9.0,3.0,48.7,16.0,7.0,0.4,0.0,0.0,341.0,427.0,0.8,2.0,17.0,0.1,55.0,22.0,0.4,6.0,8.0,15.0,0.5,12.0,28.0,28.0,705496,2025-05-14 18:00:00,2025
Go Ahead Eagles,8.0,1.0,0.0,0.0,2.0,5.0,50.0,13.0,5.0,0.4,0.0,0.0,355.0,432.0,0.8,5.0,10.0,0.5,66.0,32.0,0.5,3.0,6.0,12.0,0.5,6.0,27.0,27.0,Heerenveen,11.0,0.0,0.0,0.0,6.0,4.0,50.0,20.0,5.0,0.3,0.0,0.0,352.0,416.0,0.8,4.0,22.0,0.2,49.0,23.0,0.5,5.0,9.0,11.0,0.8,9.0,27.0,27.0,705499,2025-05-14 18:00:00,2025
Willem II,11.0,2.0,0.0,3.0,3.0,4.0,42.0,15.0,3.0,0.2,0.0,0.0,252.0,346.0,0.7,3.0,14.0,0.2,57.0,21.0,0.4,7.0,20.0,27.0,0.7,14.0,17.0,17.0,PEC Zwolle,9.0,2.0,0.0,1.0,8.0,2.0,58.0,16.0,6.0,0.4,0.0,0.0,404.0,482.0,0.8,4.0,14.0,0.3,55.0,25.0,0.5,4.0,11.0,19.0,0.6,10.0,32.0,32.0,705502,2025-05-14 18:00:00,2025
FC Utrecht,11.0,1.0,0.0,0.0,11.0,3.0,46.7,32.0,9.0,0.3,0.0,0.0,307.0,382.0,0.8,9.0,27.0,0.3,43.0,26.0,0.6,9.0,7.0,18.0,0.4,6.0,17.0,17.0,Sparta Rotterdam,9.0,0.0,0.0,2.0,0.0,8.0,53.3,9.0,4.0,0.4,0.0,0.0,382.0,464.0,0.8,2.0,9.0,0.2,70.0,41.0,0.6,4.0,13.0,16.0,0.8,7.0,40.0,40.0,705497,2025-05-14 18:00:00,2025
Feyenoord Rotterdam,9.0,0.0,0.0,0.0,6.0,1.0,54.0,22.0,5.0,0.2,0.0,0.0,443.0,511.0,0.9,4.0,13.0,0.3,45.0,23.0,0.5,7.0,5.0,8.0,0.6,8.0,11.0,11.0,RKC Waalwijk,4.0,0.0,0.0,1.0,3.0,3.0,46.0,6.0,1.0,0.2,0.0,0.0,367.0,436.0,0.8,1.0,12.0,0.1,55.0,24.0,0.4,2.0,9.0,20.0,0.5,5.0,28.0,28.0,705498,2025-05-14 18:00:00,2025
PSV Eindhoven,7.0,0.0,0.0,0.0,10.0,1.0,68.0,30.0,11.0,0.4,0.0,0.0,522.0,585.0,0.9,4.0,23.0,0.2,57.0,38.0,0.7,9.0,7.0,16.0,0.4,6.0,7.0,7.0,Heracles Almelo,8.0,0.0,0.0,0.0,1.0,6.0,32.0,3.0,2.0,0.7,0.0,0.0,213.0,282.0,0.8,1.0,5.0,0.2,64.0,29.0,0.5,0.0,9.0,15.0,0.6,9.0,29.0,29.0,705501,2025-05-14 18:00:00,2025
RKC Waalwijk,8.0,1.0,0.0,0.0,4.0,3.0,39.3,20.0,9.0,0.5,1.0,1.0,297.0,349.0,0.9,3.0,19.0,0.2,45.0,20.0,0.4,7.0,7.0,12.0,0.6,8.0,27.0,27.0,Go Ahead Eagles,6.0,1.0,0.0,0.0,11.0,4.0,60.7,29.0,7.0,0.2,0.0,0.0,474.0,541.0,0.9,10.0,24.0,0.4,50.0,34.0,0.7,11.0,10.0,15.0,0.7,3.0,23.0,23.0,705509,2025-05-18 12:30:00,2025
Heerenveen,19.0,1.0,0.0,3.0,2.0,4.0,43.2,8.0,5.0,0.6,1.0,1.0,252.0,344.0,0.7,2.0,8.0,0.3,66.0,22.0,0.3,1.0,13.0,19.0,0.7,8.0,27.0,27.0,Feyenoord Rotterdam,6.0,2.0,0.0,2.0,3.0,2.0,56.8,12.0,4.0,0.3,0.0,0.0,375.0,454.0,0.8,7.0,13.0,0.5,52.0,27.0,0.5,2.0,12.0,16.0,0.8,13.0,19.0,19.0,705511,2025-05-18 12:30:00,2025
PEC Zwolle,14.0,2.0,0.0,1.0,4.0,3.0,59.8,12.0,4.0,0.3,0.0,0.0,461.0,545.0,0.8,1.0,8.0,0.1,57.0,28.0,0.5,2.0,17.0,20.0,0.9,12.0,17.0,17.0,FC Groningen,10.0,1.0,0.0,0.0,1.0,2.0,40.2,12.0,3.0,0.3,0.0,0.0,272.0,365.0,0.7,3.0,10.0,0.3,55.0,23.0,0.4,3.0,18.0,28.0,0.6,8.0,26.0,26.0,705508,2025-05-18 12:30:00,2025
AZ Alkmaar,14.0,0.0,0.0,2.0,4.0,1.0,58.7,16.0,6.0,0.4,0.0,0.0,418.0,496.0,0.8,2.0,24.0,0.1,47.0,23.0,0.5,4.0,12.0,18.0,0.7,8.0,18.0,18.0,Almere City,11.0,1.0,0.0,1.0,4.0,5.0,41.3,10.0,2.0,0.2,0.0,0.0,273.0,352.0,0.8,5.0,16.0,0.3,54.0,23.0,0.4,6.0,10.0,15.0,0.7,11.0,31.0,31.0,705503,2025-05-18 12:30:00,2025
Heracles Almelo,10.0,0.0,0.0,1.0,9.0,5.0,51.7,20.0,7.0,0.4,0.0,0.0,321.0,386.0,0.8,7.0,28.0,0.3,59.0,32.0,0.5,5.0,10.0,13.0,0.8,11.0,31.0,31.0,NEC Nijmegen,9.0,1.0,0.0,0.0,5.0,6.0,48.3,12.0,7.0,0.6,0.0,0.0,286.0,373.0,0.8,1.0,9.0,0.1,52.0,16.0,0.3,4.0,7.0,14.0,0.5,3.0,32.0,32.0,705506,2025-05-18 12:30:00,2025
NAC Breda,8.0,2.0,0.0,2.0,4.0,5.0,56.2,17.0,6.0,0.4,0.0,0.0,447.0,519.0,0.9,6.0,23.0,0.3,33.0,23.0,0.7,4.0,11.0,23.0,0.5,6.0,20.0,20.0,Willem II,9.0,0.0,0.0,0.0,4.0,5.0,43.8,11.0,6.0,0.5,0.0,0.0,325.0,413.0,0.8,4.0,12.0,0.3,54.0,21.0,0.4,3.0,12.0,17.0,0.7,7.0,21.0,21.0,705507,2025-05-18 12:30:00,2025
Ajax Amsterdam,10.0,0.0,0.0,4.0,4.0,3.0,52.6,11.0,3.0,0.3,0.0,0.0,395.0,470.0,0.8,5.0,18.0,0.3,60.0,29.0,0.5,2.0,4.0,5.0,0.8,8.0,15.0,15.0,FC Twente,17.0,2.0,0.0,0.0,6.0,1.0,47.4,7.0,3.0,0.4,0.0,0.0,355.0,425.0,0.8,2.0,16.0,0.1,43.0,21.0,0.5,3.0,6.0,8.0,0.8,6.0,24.0,24.0,705504,2025-05-18 12:30:00,2025
Fortuna Sittard,8.0,2.0,0.0,1.0,9.0,5.0,49.5,12.0,3.0,0.3,0.0,0.0,291.0,381.0,0.8,9.0,30.0,0.3,67.0,33.0,0.5,3.0,8.0,18.0,0.4,12.0,21.0,21.0,FC Utrecht,21.0,0.0,0.0,1.0,3.0,2.0,50.5,13.0,5.0,0.4,0.0,0.0,325.0,407.0,0.8,3.0,11.0,0.3,59.0,26.0,0.4,5.0,11.0,20.0,0.6,9.0,46.0,46.0,705505,2025-05-18 12:30:00,2025
Sparta Rotterdam,9.0,1.0,0.0,2.0,0.0,6.0,31.0,5.0,2.0,0.4,0.0,0.0,183.0,266.0,0.7,3.0,10.0,0.3,56.0,19.0,0.3,1.0,5.0,16.0,0.3,9.0,51.0,51.0,PSV Eindhoven,8.0,2.0,0.0,2.0,9.0,1.0,69.0,25.0,11.0,0.4,0.0,0.0,497.0,577.0,0.9,9.0,37.0,0.2,51.0,28.0,0.5,9.0,8.0,10.0,0.8,8.0,16.0,16.0,705510,2025-05-18 12:30:00,2025
AZ Alkmaar,10.0,1.0,0.0,0.0,4.0,1.0,43.4,13.0,8.0,0.6,0.0,0.0,338.0,424.0,0.8,6.0,11.0,0.5,54.0,20.0,0.4,1.0,16.0,24.0,0.7,8.0,26.0,26.0,Heerenveen,10.0,2.0,0.0,3.0,1.0,4.0,56.6,10.0,2.0,0.2,0.0,0.0,467.0,551.0,0.8,5.0,16.0,0.3,56.0,28.0,0.5,3.0,14.0,21.0,0.7,4.0,23.0,23.0,735819,2025-05-22 16:45:00,2025
FC Twente,11.0,2.0,1.0,0.0,5.0,6.0,42.3,15.0,7.0,0.5,0.0,0.0,370.0,492.0,0.8,4.0,25.0,0.2,67.0,27.0,0.4,2.0,14.0,20.0,0.7,8.0,55.0,55.0,NEC Nijmegen,12.0,2.0,0.0,1.0,8.0,4.0,57.7,26.0,8.0,0.3,0.0,0.0,554.0,654.0,0.8,11.0,47.0,0.2,57.0,24.0,0.4,3.0,10.0,14.0,0.7,13.0,38.0,38.0,735820,2025-05-22 19:00:00,2025
AZ Alkmaar,10.0,2.0,0.0,1.0,3.0,2.0,43.3,13.0,7.0,0.5,0.0,0.0,285.0,376.0,0.8,5.0,14.0,0.4,51.0,21.0,0.4,4.0,7.0,11.0,0.6,7.0,25.0,25.0,FC Twente,9.0,3.0,0.0,1.0,2.0,3.0,56.7,11.0,5.0,0.5,1.0,1.0,391.0,494.0,0.8,5.0,16.0,0.3,73.0,26.0,0.4,0.0,8.0,13.0,0.6,6.0,29.0,29.0,735915,2025-05-25 16:00:00,2025
Fortuna Sittard,10.0,2.0,0.0,0.0,8.0,1.0,67.2,36.0,8.0,0.2,0.0,0.0,433.0,491.0,0.9,13.0,42.0,0.3,36.0,16.0,0.4,15.0,8.0,15.0,0.5,6.0,20.0,20.0,Go Ahead Eagles,9.0,2.0,1.0,1.0,5.0,5.0,32.8,6.0,2.0,0.3,0.0,0.0,180.0,242.0,0.7,6.0,18.0,0.3,51.0,14.0,0.3,2.0,5.0,8.0,0.6,6.0,43.0,43.0,740976,2025-08-08 18:00:00,2025
NEC Nijmegen,14.0,1.0,0.0,2.0,7.0,6.0,62.0,16.0,10.0,0.6,1.0,1.0,376.0,469.0,0.8,1.0,12.0,0.1,55.0,22.0,0.4,1.0,19.0,28.0,0.7,4.0,19.0,19.0,Excelsior,14.0,1.0,0.0,0.0,2.0,5.0,38.0,9.0,6.0,0.7,0.0,0.0,200.0,282.0,0.7,4.0,13.0,0.3,80.0,39.0,0.5,2.0,15.0,24.0,0.6,11.0,21.0,21.0,740977,2025-08-09 14:30:00,2025
Feyenoord Rotterdam,10.0,1.0,0.0,1.0,3.0,0.0,59.7,20.0,4.0,0.2,0.0,0.0,398.0,476.0,0.8,2.0,13.0,0.2,35.0,15.0,0.4,7.0,14.0,22.0,0.6,7.0,21.0,21.0,NAC Breda,13.0,1.0,0.0,0.0,4.0,2.0,40.3,7.0,0.0,0.0,0.0,0.0,242.0,315.0,0.8,1.0,13.0,0.1,37.0,16.0,0.4,4.0,19.0,31.0,0.6,8.0,42.0,42.0,740978,2025-08-09 16:45:00,2025
Heerenveen,8.0,1.0,0.0,2.0,9.0,2.0,57.9,18.0,6.0,0.3,0.0,0.0,392.0,463.0,0.8,6.0,30.0,0.2,46.0,26.0,0.6,6.0,9.0,14.0,0.6,3.0,19.0,19.0,FC Volendam,9.0,1.0,0.0,2.0,2.0,5.0,42.1,6.0,3.0,0.5,0.0,0.0,277.0,347.0,0.8,1.0,13.0,0.1,67.0,31.0,0.5,1.0,4.0,7.0,0.6,11.0,40.0,40.0,740979,2025-08-09 18:00:00,2025
PSV Eindhoven,8.0,1.0,0.0,2.0,8.0,3.0,66.4,23.0,12.0,0.5,0.0,0.0,602.0,683.0,0.9,6.0,17.0,0.4,48.0,34.0,0.7,5.0,9.0,13.0,0.7,12.0,17.0,17.0,Sparta Rotterdam,2.0,1.0,0.0,0.0,5.0,5.0,33.6,8.0,4.0,0.5,0.0,0.0,268.0,341.0,0.8,1.0,14.0,0.1,50.0,27.0,0.5,1.0,6.0,10.0,0.6,11.0,27.0,27.0,740980,2025-08-09 19:00:00,2025
PEC Zwolle,14.0,4.0,0.0,2.0,2.0,4.0,43.2,7.0,2.0,0.3,0.0,0.0,247.0,343.0,0.7,3.0,10.0,0.3,66.0,25.0,0.4,3.0,10.0,22.0,0.5,16.0,29.0,29.0,FC Twente,15.0,1.0,0.0,1.0,4.0,1.0,56.8,16.0,4.0,0.3,0.0,0.0,342.0,440.0,0.8,7.0,29.0,0.2,74.0,35.0,0.5,5.0,8.0,16.0,0.5,5.0,21.0,21.0,740981,2025-08-10 10:15:00,2025
AZ Alkmaar,11.0,2.0,0.0,1.0,6.0,6.0,50.7,10.0,5.0,0.5,1.0,1.0,312.0,406.0,0.8,4.0,10.0,0.4,59.0,29.0,0.5,2.0,14.0,24.0,0.6,10.0,24.0,24.0,FC Groningen,12.0,2.0,0.0,0.0,1.0,2.0,49.3,11.0,8.0,0.7,0.0,0.0,311.0,388.0,0.8,5.0,17.0,0.3,42.0,16.0,0.4,0.0,8.0,14.0,0.6,14.0,13.0,13.0,740982,2025-08-10 12:30:00,2025
Ajax Amsterdam,9.0,0.0,0.0,1.0,8.0,5.0,62.1,15.0,7.0,0.5,0.0,0.0,550.0,612.0,0.9,4.0,18.0,0.2,35.0,25.0,0.7,4.0,11.0,21.0,0.5,9.0,21.0,21.0,Telstar,12.0,0.0,0.0,2.0,10.0,5.0,37.9,18.0,5.0,0.3,0.0,0.0,303.0,362.0,0.8,5.0,16.0,0.3,57.0,36.0,0.6,7.0,8.0,14.0,0.6,8.0,19.0,19.0,740983,2025-08-10 12:30:00,2025
FC Utrecht,10.0,1.0,0.0,0.0,4.0,3.0,48.3,18.0,7.0,0.4,0.0,0.0,265.0,335.0,0.8,8.0,22.0,0.4,46.0,24.0,0.5,6.0,8.0,16.0,0.5,6.0,26.0,26.0,Heracles Almelo,16.0,2.0,0.0,0.0,4.0,3.0,51.7,10.0,3.0,0.3,0.0,0.0,297.0,372.0,0.8,3.0,12.0,0.3,65.0,32.0,0.5,1.0,6.0,11.0,0.5,3.0,27.0,27.0,740984,2025-08-10 14:45:00,2025
Telstar,13.0,3.0,0.0,0.0,7.0,1.0,52.3,11.0,5.0,0.5,0.0,0.0,353.0,432.0,0.8,6.0,27.0,0.2,57.0,32.0,0.6,3.0,8.0,12.0,0.7,7.0,10.0,10.0,PEC Zwolle,10.0,3.0,0.0,3.0,0.0,5.0,47.7,10.0,3.0,0.3,0.0,0.0,340.0,411.0,0.8,0.0,3.0,0.0,55.0,30.0,0.5,3.0,11.0,20.0,0.6,13.0,39.0,39.0,740985,2025-08-15 18:00:00,2025
Excelsior,17.0,0.0,0.0,1.0,5.0,5.0,47.2,8.0,2.0,0.3,0.0,0.0,319.0,412.0,0.8,5.0,17.0,0.3,61.0,24.0,0.4,1.0,10.0,16.0,0.6,6.0,31.0,31.0,Feyenoord Rotterdam,8.0,2.0,0.0,0.0,6.0,1.0,52.8,16.0,8.0,0.5,0.0,0.0,379.0,466.0,0.8,4.0,15.0,0.3,43.0,9.0,0.2,4.0,9.0,18.0,0.5,3.0,31.0,31.0,740987,2025-08-16 16:45:00,2025
Heracles Almelo,9.0,2.0,1.0,1.0,3.0,7.0,18.5,13.0,6.0,0.5,0.0,0.0,82.0,140.0,0.6,7.0,16.0,0.4,53.0,24.0,0.5,1.0,9.0,12.0,0.8,6.0,40.0,40.0,NEC Nijmegen,11.0,2.0,0.0,4.0,7.0,5.0,81.5,24.0,11.0,0.5,0.0,0.0,585.0,649.0,0.9,8.0,36.0,0.2,36.0,22.0,0.6,8.0,7.0,12.0,0.6,1.0,26.0,26.0,740988,2025-08-16 18:00:00,2025
FC Groningen,9.0,4.0,0.0,1.0,3.0,4.0,54.4,8.0,5.0,0.6,0.0,0.0,327.0,444.0,0.7,3.0,12.0,0.3,78.0,32.0,0.4,0.0,11.0,15.0,0.7,8.0,23.0,23.0,Heerenveen,15.0,2.0,0.0,2.0,8.0,3.0,45.6,16.0,5.0,0.3,0.0,0.0,251.0,364.0,0.7,3.0,14.0,0.2,77.0,34.0,0.4,4.0,11.0,19.0,0.6,4.0,31.0,31.0,740986,2025-08-16 19:00:00,2025
Go Ahead Eagles,9.0,1.0,0.0,2.0,6.0,9.0,48.3,9.0,4.0,0.4,0.0,0.0,393.0,462.0,0.9,3.0,20.0,0.2,51.0,21.0,0.4,3.0,11.0,20.0,0.6,2.0,16.0,16.0,Ajax Amsterdam,12.0,2.0,0.0,2.0,9.0,2.0,51.7,22.0,11.0,0.5,0.0,0.0,440.0,496.0,0.9,4.0,20.0,0.2,33.0,11.0,0.3,4.0,9.0,13.0,0.7,13.0,29.0,29.0,740989,2025-08-17 10:15:00,2025
Sparta Rotterdam,9.0,1.0,0.0,0.0,5.0,4.0,44.7,15.0,5.0,0.3,1.0,1.0,313.0,402.0,0.8,1.0,7.0,0.1,66.0,28.0,0.4,7.0,11.0,22.0,0.5,11.0,42.0,42.0,FC Utrecht,11.0,3.0,0.0,4.0,6.0,3.0,55.3,20.0,5.0,0.3,0.0,0.0,414.0,479.0,0.9,9.0,30.0,0.3,55.0,32.0,0.6,8.0,6.0,14.0,0.4,10.0,21.0,21.0,740991,2025-08-17 12:30:00,2025
FC Twente,10.0,1.0,0.0,1.0,8.0,3.0,50.2,19.0,4.0,0.2,0.0,0.0,332.0,442.0,0.8,4.0,29.0,0.1,61.0,22.0,0.4,9.0,13.0,17.0,0.8,8.0,14.0,14.0,PSV Eindhoven,12.0,2.0,0.0,3.0,6.0,4.0,49.8,15.0,4.0,0.3,0.0,0.0,372.0,453.0,0.8,3.0,13.0,0.2,60.0,33.0,0.6,4.0,12.0,15.0,0.8,12.0,51.0,51.0,740990,2025-08-17 12:30:00,2025
FC Volendam,10.0,1.0,0.0,2.0,3.0,1.0,34.0,8.0,3.0,0.4,0.0,0.0,229.0,299.0,0.8,3.0,21.0,0.1,62.0,28.0,0.5,2.0,6.0,14.0,0.4,12.0,22.0,22.0,AZ Alkmaar,10.0,3.0,0.0,0.0,4.0,1.0,66.0,19.0,3.0,0.2,0.0,0.0,545.0,608.0,0.9,5.0,18.0,0.3,39.0,27.0,0.7,9.0,11.0,20.0,0.6,6.0,20.0,20.0,740992,2025-08-17 14:45:00,2025
NAC Breda,8.0,2.0,0.0,2.0,4.0,3.0,38.6,14.0,6.0,0.4,0.0,0.0,254.0,316.0,0.8,7.0,16.0,0.4,40.0,17.0,0.4,2.0,11.0,15.0,0.7,10.0,40.0,40.0,Fortuna Sittard,15.0,3.0,0.0,0.0,5.0,4.0,61.4,10.0,4.0,0.4,0.0,0.0,427.0,504.0,0.8,3.0,24.0,0.1,43.0,14.0,0.3,4.0,11.0,17.0,0.6,7.0,13.0,13.0,740993,2025-08-17 18:00:00,2025
Go Ahead Eagles,6.0,0.0,0.0,3.0,13.0,2.0,67.5,19.0,6.0,0.3,0.0,1.0,486.0,554.0,0.9,9.0,43.0,0.2,49.0,25.0,0.5,3.0,4.0,5.0,0.8,7.0,11.0,11.0,Sparta Rotterdam,8.0,2.0,0.0,1.0,1.0,5.0,32.5,13.0,5.0,0.4,0.0,0.0,207.0,274.0,0.8,1.0,7.0,0.1,53.0,23.0,0.4,2.0,9.0,13.0,0.7,6.0,45.0,45.0,740994,2025-08-23 14:30:00,2025
PSV Eindhoven,11.0,0.0,0.0,0.0,6.0,4.0,66.4,23.0,7.0,0.3,0.0,0.0,487.0,561.0,0.9,6.0,15.0,0.4,47.0,24.0,0.5,9.0,10.0,18.0,0.6,8.0,19.0,19.0,FC Groningen,11.0,2.0,0.0,1.0,4.0,3.0,33.6,17.0,6.0,0.4,0.0,0.0,205.0,277.0,0.7,5.0,12.0,0.4,51.0,22.0,0.4,7.0,15.0,27.0,0.6,5.0,24.0,24.0,740995,2025-08-23 16:45:00,2025
Telstar,10.0,3.0,0.0,3.0,4.0,4.0,48.8,18.0,9.0,0.5,0.0,0.0,319.0,403.0,0.8,4.0,23.0,0.2,51.0,27.0,0.5,3.0,6.0,13.0,0.5,7.0,40.0,40.0,FC Volendam,11.0,0.0,0.0,0.0,6.0,8.0,51.2,10.0,6.0,0.6,0.0,0.0,332.0,423.0,0.8,5.0,26.0,0.2,61.0,23.0,0.4,3.0,12.0,18.0,0.7,7.0,31.0,31.0,740996,2025-08-23 19:00:00,2025
Heerenveen,10.0,1.0,1.0,3.0,8.0,3.0,55.0,18.0,3.0,0.2,0.0,0.0,388.0,474.0,0.8,9.0,28.0,0.3,54.0,30.0,0.6,9.0,11.0,12.0,0.9,11.0,20.0,20.0,FC Twente,19.0,4.0,0.0,1.0,4.0,2.0,45.0,9.0,5.0,0.6,0.0,0.0,305.0,405.0,0.8,0.0,9.0,0.0,63.0,24.0,0.4,1.0,15.0,23.0,0.7,9.0,29.0,29.0,740998,2025-08-24 10:15:00,2025
NEC Nijmegen,16.0,2.0,0.0,0.0,3.0,2.0,51.4,18.0,10.0,0.6,1.0,1.0,323.0,409.0,0.8,8.0,19.0,0.4,55.0,20.0,0.4,2.0,9.0,17.0,0.5,7.0,16.0,16.0,NAC Breda,18.0,4.0,0.0,3.0,1.0,7.0,48.6,7.0,2.0,0.3,0.0,0.0,301.0,396.0,0.8,1.0,10.0,0.1,53.0,31.0,0.6,1.0,8.0,15.0,0.5,6.0,25.0,25.0,741000,2025-08-24 12:30:00,2025
FC Utrecht,6.0,0.0,0.0,1.0,7.0,3.0,49.9,16.0,10.0,0.6,0.0,0.0,333.0,408.0,0.8,6.0,16.0,0.4,60.0,28.0,0.5,4.0,7.0,13.0,0.5,3.0,25.0,25.0,Excelsior,15.0,0.0,0.0,1.0,5.0,5.0,50.1,12.0,4.0,0.3,0.0,0.0,338.0,410.0,0.8,4.0,17.0,0.2,43.0,17.0,0.4,3.0,8.0,13.0,0.6,11.0,16.0,16.0,740999,2025-08-24 12:30:00,2025
Ajax Amsterdam,10.0,0.0,0.0,4.0,10.0,0.0,65.6,27.0,10.0,0.4,0.0,0.0,581.0,647.0,0.9,6.0,19.0,0.3,37.0,19.0,0.5,11.0,7.0,12.0,0.6,10.0,20.0,20.0,Heracles Almelo,15.0,2.0,0.0,1.0,1.0,7.0,34.4,4.0,0.0,0.0,0.0,0.0,257.0,337.0,0.8,2.0,12.0,0.2,55.0,21.0,0.4,2.0,8.0,13.0,0.6,8.0,22.0,22.0,741001,2025-08-24 14:45:00,2025
FC Groningen,13.0,2.0,0.0,2.0,6.0,0.0,50.5,17.0,5.0,0.3,0.0,0.0,275.0,354.0,0.8,3.0,18.0,0.2,59.0,21.0,0.4,8.0,11.0,16.0,0.7,7.0,29.0,29.0,Heracles Almelo,12.0,1.0,0.0,0.0,3.0,1.0,49.5,8.0,0.0,0.0,0.0,0.0,255.0,352.0,0.7,4.0,14.0,0.3,83.0,34.0,0.4,1.0,12.0,19.0,0.6,5.0,33.0,33.0,741002,2025-08-29 18:00:00,2025
FC Volendam,12.0,2.0,0.0,1.0,2.0,3.0,31.1,11.0,4.0,0.4,0.0,0.0,226.0,294.0,0.8,2.0,13.0,0.2,60.0,23.0,0.4,3.0,13.0,19.0,0.7,11.0,32.0,32.0,Ajax Amsterdam,15.0,3.0,0.0,2.0,7.0,3.0,68.9,13.0,4.0,0.3,0.0,0.0,576.0,645.0,0.9,6.0,29.0,0.2,52.0,35.0,0.7,1.0,3.0,5.0,0.6,10.0,23.0,23.0,741003,2025-08-30 14:30:00,2025
Heerenveen,9.0,3.0,0.0,0.0,3.0,3.0,56.1,19.0,5.0,0.3,0.0,0.0,399.0,484.0,0.8,2.0,17.0,0.1,46.0,18.0,0.4,8.0,11.0,15.0,0.7,4.0,35.0,35.0,Go Ahead Eagles,12.0,1.0,0.0,0.0,7.0,3.0,43.9,11.0,5.0,0.5,0.0,0.0,286.0,368.0,0.8,4.0,23.0,0.2,76.0,33.0,0.4,4.0,5.0,12.0,0.4,6.0,32.0,32.0,741004,2025-08-30 16:45:00,2025
PSV Eindhoven,10.0,1.0,0.0,1.0,10.0,2.0,70.6,23.0,5.0,0.2,0.0,0.0,506.0,567.0,0.9,9.0,46.0,0.2,31.0,19.0,0.6,9.0,6.0,13.0,0.5,2.0,8.0,8.0,Telstar,11.0,1.0,0.0,3.0,3.0,5.0,29.4,9.0,4.0,0.4,0.0,0.0,185.0,242.0,0.8,4.0,11.0,0.4,54.0,22.0,0.4,1.0,12.0,23.0,0.5,6.0,51.0,51.0,741005,2025-08-30 18:00:00,2025
Excelsior,13.0,2.0,1.0,1.0,1.0,8.0,30.4,8.0,3.0,0.4,0.0,0.0,154.0,244.0,0.6,2.0,7.0,0.3,79.0,25.0,0.3,2.0,14.0,21.0,0.7,5.0,38.0,38.0,FC Twente,11.0,2.0,0.0,4.0,4.0,2.0,69.6,27.0,8.0,0.3,0.0,0.0,465.0,537.0,0.9,11.0,38.0,0.3,67.0,45.0,0.7,12.0,11.0,19.0,0.6,6.0,20.0,20.0,741006,2025-08-30 19:00:00,2025
Fortuna Sittard,16.0,4.0,0.0,3.0,3.0,3.0,38.1,10.0,5.0,0.5,1.0,1.0,174.0,280.0,0.6,4.0,10.0,0.4,81.0,27.0,0.3,2.0,14.0,19.0,0.7,11.0,56.0,56.0,NEC Nijmegen,8.0,1.0,0.0,1.0,4.0,2.0,61.9,14.0,5.0,0.4,0.0,0.0,351.0,445.0,0.8,3.0,26.0,0.1,56.0,19.0,0.3,6.0,8.0,12.0,0.7,7.0,25.0,25.0,741007,2025-08-31 10:15:00,2025
Sparta Rotterdam,5.0,1.0,1.0,2.0,1.0,7.0,37.9,7.0,2.0,0.3,0.0,0.0,217.0,296.0,0.7,1.0,9.0,0.1,69.0,38.0,0.6,2.0,7.0,15.0,0.5,8.0,31.0,31.0,Feyenoord Rotterdam,9.0,2.0,0.0,2.0,9.0,2.0,62.1,24.0,11.0,0.5,0.0,0.0,417.0,479.0,0.9,4.0,24.0,0.2,40.0,27.0,0.7,6.0,6.0,11.0,0.5,5.0,26.0,26.0,741008,2025-08-31 12:30:00,2025
PEC Zwolle,13.0,2.0,0.0,3.0,3.0,5.0,48.1,6.0,2.0,0.3,0.0,0.0,341.0,423.0,0.8,1.0,9.0,0.1,61.0,29.0,0.5,1.0,9.0,15.0,0.6,14.0,20.0,20.0,FC Utrecht,10.0,1.0,0.0,1.0,2.0,2.0,51.9,14.0,7.0,0.5,0.0,0.0,363.0,458.0,0.8,3.0,9.0,0.3,63.0,27.0,0.4,2.0,11.0,20.0,0.6,13.0,17.0,17.0,741009,2025-08-31 12:30:00,2025
NAC Breda,8.0,0.0,1.0,1.0,1.0,7.0,38.4,11.0,6.0,0.5,0.0,1.0,215.0,282.0,0.8,4.0,15.0,0.3,55.0,23.0,0.4,3.0,10.0,17.0,0.6,5.0,31.0,31.0,AZ Alkmaar,13.0,5.0,0.0,3.0,7.0,6.0,61.6,25.0,8.0,0.3,0.0,0.0,405.0,463.0,0.9,4.0,14.0,0.3,41.0,23.0,0.6,7.0,9.0,14.0,0.6,4.0,30.0,30.0,741010,2025-08-31 14:45:00,2025
Ajax Amsterdam,18.0,2.0,0.0,2.0,7.0,3.0,59.1,12.0,7.0,0.6,0.0,0.0,471.0,538.0,0.9,2.0,22.0,0.1,51.0,25.0,0.5,1.0,9.0,11.0,0.8,14.0,21.0,21.0,PEC Zwolle,9.0,1.0,0.0,2.0,1.0,3.0,40.9,8.0,3.0,0.4,0.0,0.0,310.0,380.0,0.8,7.0,11.0,0.6,37.0,15.0,0.4,3.0,10.0,14.0,0.7,10.0,29.0,29.0,741011,2025-09-13 14:30:00,2025
NEC Nijmegen,8.0,2.0,0.0,4.0,8.0,5.0,56.9,20.0,7.0,0.4,0.0,1.0,300.0,411.0,0.7,2.0,22.0,0.1,72.0,26.0,0.4,6.0,9.0,15.0,0.6,5.0,11.0,11.0,PSV Eindhoven,18.0,5.0,0.0,1.0,4.0,4.0,43.1,18.0,11.0,0.6,0.0,0.0,229.0,322.0,0.7,6.0,10.0,0.6,66.0,24.0,0.4,3.0,17.0,26.0,0.7,5.0,35.0,35.0,741013,2025-09-13 16:45:00,2025
Go Ahead Eagles,12.0,1.0,0.0,2.0,7.0,1.0,46.4,19.0,13.0,0.7,0.0,0.0,298.0,377.0,0.8,7.0,19.0,0.4,57.0,25.0,0.4,2.0,12.0,18.0,0.7,8.0,33.0,33.0,FC Volendam,9.0,1.0,0.0,1.0,7.0,10.0,53.6,19.0,1.0,0.1,0.0,0.0,351.0,420.0,0.8,5.0,35.0,0.1,49.0,26.0,0.5,10.0,1.0,5.0,0.2,11.0,20.0,20.0,741012,2025-09-13 17:10:00,2025
FC Twente,15.0,2.0,0.0,0.0,4.0,2.0,59.8,15.0,6.0,0.4,1.0,1.0,328.0,424.0,0.8,3.0,16.0,0.2,59.0,29.0,0.5,3.0,15.0,26.0,0.6,6.0,28.0,28.0,NAC Breda,17.0,1.0,0.0,3.0,3.0,3.0,40.2,10.0,4.0,0.4,0.0,0.0,186.0,287.0,0.6,3.0,10.0,0.3,71.0,26.0,0.4,3.0,11.0,13.0,0.8,10.0,46.0,46.0,741014,2025-09-13 19:00:00,2025
Feyenoord Rotterdam,10.0,2.0,1.0,4.0,6.0,1.0,46.6,9.0,5.0,0.6,0.0,0.0,272.0,336.0,0.8,3.0,19.0,0.2,49.0,24.0,0.5,0.0,10.0,14.0,0.7,11.0,43.0,43.0,Heerenveen,11.0,0.0,1.0,1.0,3.0,4.0,53.4,11.0,1.0,0.1,0.0,0.0,290.0,394.0,0.7,2.0,16.0,0.1,61.0,23.0,0.4,6.0,7.0,8.0,0.9,8.0,23.0,23.0,741015,2025-09-13 19:00:00,2025
Excelsior,11.0,2.0,1.0,1.0,7.0,6.0,53.0,17.0,4.0,0.2,0.0,0.0,342.0,440.0,0.8,4.0,24.0,0.2,72.0,27.0,0.4,9.0,5.0,10.0,0.5,9.0,23.0,23.0,Sparta Rotterdam,8.0,1.0,0.0,1.0,2.0,4.0,47.0,19.0,7.0,0.4,0.0,0.0,298.0,392.0,0.8,7.0,19.0,0.4,60.0,23.0,0.4,7.0,14.0,23.0,0.6,5.0,44.0,44.0,741016,2025-09-14 10:15:00,2025
Heracles Almelo,11.0,1.0,0.0,0.0,6.0,6.0,51.7,19.0,6.0,0.3,0.0,0.0,335.0,399.0,0.8,4.0,24.0,0.2,51.0,22.0,0.4,3.0,10.0,20.0,0.5,4.0,23.0,23.0,AZ Alkmaar,11.0,5.0,0.0,1.0,9.0,5.0,48.3,25.0,8.0,0.3,0.0,0.0,319.0,375.0,0.9,5.0,18.0,0.3,45.0,23.0,0.5,8.0,8.0,18.0,0.4,3.0,40.0,40.0,741018,2025-09-14 12:30:00,2025
FC Utrecht,9.0,0.0,0.0,1.0,3.0,5.0,45.0,14.0,3.0,0.2,0.0,0.0,257.0,353.0,0.7,7.0,19.0,0.4,63.0,28.0,0.4,3.0,6.0,11.0,0.5,11.0,23.0,23.0,FC Groningen,16.0,4.0,0.0,0.0,4.0,3.0,55.0,13.0,6.0,0.5,0.0,0.0,344.0,448.0,0.8,2.0,12.0,0.2,80.0,38.0,0.5,4.0,15.0,22.0,0.7,5.0,26.0,26.0,741017,2025-09-14 12:30:00,2025
Telstar,14.0,1.0,0.0,2.0,10.0,3.0,56.2,18.0,7.0,0.4,0.0,0.0,384.0,467.0,0.8,8.0,26.0,0.3,57.0,27.0,0.5,6.0,11.0,14.0,0.8,4.0,10.0,10.0,Fortuna Sittard,17.0,0.0,0.0,1.0,1.0,4.0,43.8,9.0,6.0,0.7,0.0,0.0,290.0,373.0,0.8,2.0,9.0,0.2,68.0,27.0,0.4,2.0,10.0,17.0,0.6,9.0,35.0,35.0,741019,2025-09-14 14:45:00,2025
Feyenoord Rotterdam,11.0,0.0,0.0,3.0,13.0,0.0,57.1,19.0,5.0,0.3,0.0,0.0,343.0,412.0,0.8,7.0,34.0,0.2,45.0,29.0,0.6,4.0,13.0,16.0,0.8,9.0,16.0,16.0,Fortuna Sittard,9.0,1.0,0.0,2.0,0.0,3.0,42.9,5.0,0.0,0.0,0.0,0.0,236.0,331.0,0.7,1.0,5.0,0.2,73.0,24.0,0.3,1.0,14.0,22.0,0.6,11.0,40.0,40.0,741020,2025-09-17 18:00:00,2025
Sparta Rotterdam,7.0,0.0,0.0,2.0,1.0,6.0,45.3,7.0,2.0,0.3,0.0,0.0,305.0,374.0,0.8,3.0,14.0,0.2,58.0,30.0,0.5,2.0,4.0,12.0,0.3,7.0,25.0,25.0,FC Twente,6.0,1.0,0.0,0.0,6.0,1.0,54.7,23.0,11.0,0.5,0.0,0.0,399.0,460.0,0.9,3.0,13.0,0.2,43.0,22.0,0.5,1.0,10.0,15.0,0.7,13.0,14.0,14.0,741021,2025-09-19 18:00:00,2025
FC Volendam,11.0,3.0,0.0,2.0,5.0,4.0,49.0,14.0,7.0,0.5,0.0,0.0,310.0,382.0,0.8,4.0,18.0,0.2,56.0,16.0,0.3,3.0,7.0,14.0,0.5,7.0,28.0,28.0,Excelsior,19.0,2.0,0.0,0.0,3.0,5.0,51.0,15.0,6.0,0.4,0.0,0.0,311.0,389.0,0.8,7.0,26.0,0.3,73.0,33.0,0.5,3.0,8.0,11.0,0.7,6.0,15.0,15.0,741022,2025-09-20 14:30:00,2025
FC Groningen,9.0,1.0,0.0,3.0,7.0,3.0,54.8,16.0,6.0,0.4,0.0,0.0,370.0,441.0,0.8,5.0,12.0,0.4,67.0,47.0,0.7,3.0,6.0,15.0,0.4,7.0,27.0,27.0,Telstar,10.0,3.0,0.0,2.0,2.0,4.0,45.2,7.0,3.0,0.4,0.0,0.0,273.0,365.0,0.7,3.0,13.0,0.2,69.0,30.0,0.4,0.0,10.0,17.0,0.6,7.0,23.0,23.0,741023,2025-09-20 16:45:00,2025
Fortuna Sittard,12.0,4.0,0.0,3.0,1.0,5.0,35.5,7.0,3.0,0.4,0.0,0.0,266.0,343.0,0.8,1.0,4.0,0.3,57.0,22.0,0.4,0.0,15.0,24.0,0.6,14.0,42.0,42.0,FC Utrecht,7.0,2.0,0.0,2.0,11.0,1.0,64.5,14.0,5.0,0.4,0.0,0.0,508.0,602.0,0.8,10.0,31.0,0.3,63.0,31.0,0.5,5.0,8.0,19.0,0.4,3.0,10.0,10.0,741024,2025-09-20 18:00:00,2025
NAC Breda,9.0,1.0,0.0,0.0,10.0,4.0,62.8,17.0,4.0,0.2,0.0,0.0,431.0,505.0,0.9,7.0,32.0,0.2,48.0,26.0,0.5,6.0,5.0,9.0,0.6,3.0,16.0,16.0,Heracles Almelo,16.0,2.0,0.0,0.0,4.0,2.0,37.2,14.0,5.0,0.4,0.0,0.0,232.0,304.0,0.8,6.0,14.0,0.4,60.0,25.0,0.4,2.0,8.0,13.0,0.6,7.0,55.0,55.0,741025,2025-09-20 19:00:00,2025
PEC Zwolle,5.0,1.0,1.0,1.0,3.0,7.0,28.2,8.0,1.0,0.1,0.0,0.0,162.0,245.0,0.7,3.0,13.0,0.2,62.0,21.0,0.3,1.0,7.0,10.0,0.7,12.0,41.0,41.0,Go Ahead Eagles,8.0,2.0,0.0,0.0,7.0,1.0,71.8,20.0,9.0,0.5,0.0,0.0,555.0,626.0,0.9,6.0,39.0,0.2,50.0,28.0,0.6,3.0,8.0,9.0,0.9,6.0,23.0,23.0,741026,2025-09-21 10:15:00,2025
PSV Eindhoven,17.0,2.0,0.0,1.0,9.0,4.0,61.5,16.0,8.0,0.5,0.0,0.0,432.0,497.0,0.9,5.0,24.0,0.2,47.0,23.0,0.5,1.0,18.0,27.0,0.7,9.0,15.0,15.0,Ajax Amsterdam,13.0,5.0,0.0,1.0,5.0,5.0,38.5,14.0,6.0,0.4,1.0,1.0,251.0,314.0,0.8,2.0,10.0,0.2,36.0,15.0,0.4,4.0,8.0,19.0,0.4,7.0,22.0,22.0,741027,2025-09-21 12:30:00,2025
Heerenveen,10.0,2.0,0.0,2.0,6.0,4.0,39.2,14.0,8.0,0.6,0.0,0.0,206.0,304.0,0.7,6.0,12.0,0.5,67.0,22.0,0.3,3.0,7.0,11.0,0.6,9.0,23.0,23.0,NEC Nijmegen,14.0,1.0,1.0,2.0,6.0,5.0,60.8,11.0,6.0,0.5,0.0,0.0,383.0,470.0,0.8,4.0,17.0,0.2,53.0,16.0,0.3,1.0,10.0,18.0,0.6,10.0,23.0,23.0,741028,2025-09-21 12:30:00,2025
AZ Alkmaar,9.0,4.0,0.0,1.0,4.0,0.0,53.2,9.0,5.0,0.6,1.0,1.0,386.0,463.0,0.8,3.0,14.0,0.2,66.0,40.0,0.6,0.0,9.0,14.0,0.6,4.0,27.0,27.0,Feyenoord Rotterdam,10.0,3.0,1.0,0.0,11.0,2.0,46.8,19.0,3.0,0.2,1.0,1.0,329.0,397.0,0.8,8.0,23.0,0.3,37.0,17.0,0.5,11.0,13.0,18.0,0.7,11.0,26.0,26.0,741029,2025-09-21 14:45:00,2025
AZ Alkmaar,12.0,1.0,0.0,1.0,9.0,3.0,65.3,28.0,9.0,0.3,0.0,0.0,511.0,588.0,0.9,7.0,25.0,0.3,34.0,18.0,0.5,6.0,8.0,13.0,0.6,4.0,5.0,5.0,PEC Zwolle,10.0,2.0,0.0,0.0,1.0,7.0,34.7,8.0,4.0,0.5,0.0,0.0,236.0,317.0,0.7,2.0,3.0,0.7,55.0,22.0,0.4,3.0,4.0,8.0,0.5,12.0,39.0,39.0,740997,2025-09-24 18:00:00,2025
FC Twente,14.0,1.0,0.0,0.0,4.0,3.0,55.2,18.0,10.0,0.6,1.0,1.0,381.0,491.0,0.8,2.0,12.0,0.2,66.0,35.0,0.5,4.0,9.0,16.0,0.6,8.0,20.0,20.0,Fortuna Sittard,13.0,2.0,0.0,1.0,5.0,8.0,44.8,8.0,4.0,0.5,0.0,0.0,292.0,396.0,0.7,3.0,16.0,0.2,72.0,27.0,0.4,2.0,10.0,17.0,0.6,18.0,23.0,23.0,741030,2025-09-26 18:00:00,2025
Ajax Amsterdam,11.0,2.0,0.0,2.0,3.0,6.0,50.7,12.0,7.0,0.6,0.0,0.0,372.0,452.0,0.8,2.0,7.0,0.3,48.0,25.0,0.5,2.0,15.0,20.0,0.8,5.0,41.0,41.0,NAC Breda,14.0,2.0,1.0,3.0,7.0,4.0,49.3,17.0,7.0,0.4,1.0,1.0,345.0,434.0,0.8,4.0,19.0,0.2,48.0,17.0,0.4,5.0,12.0,18.0,0.7,7.0,14.0,14.0,741032,2025-09-27 14:30:00,2025
FC Volendam,11.0,2.0,0.0,2.0,3.0,1.0,36.6,15.0,3.0,0.2,0.0,0.0,205.0,278.0,0.7,6.0,19.0,0.3,51.0,20.0,0.4,3.0,10.0,18.0,0.6,5.0,24.0,24.0,PEC Zwolle,12.0,3.0,0.0,2.0,5.0,1.0,63.4,14.0,2.0,0.1,0.0,0.0,423.0,499.0,0.8,3.0,14.0,0.2,51.0,21.0,0.4,6.0,6.0,9.0,0.7,2.0,19.0,19.0,741033,2025-09-27 16:45:00,2025
Excelsior,8.0,0.0,0.0,0.0,3.0,6.0,36.5,18.0,5.0,0.3,0.0,0.0,253.0,335.0,0.8,5.0,20.0,0.3,60.0,28.0,0.5,6.0,8.0,19.0,0.4,15.0,25.0,25.0,PSV Eindhoven,5.0,0.0,0.0,1.0,2.0,3.0,63.5,18.0,8.0,0.4,0.0,0.0,533.0,616.0,0.9,2.0,8.0,0.3,70.0,41.0,0.6,3.0,9.0,13.0,0.7,8.0,34.0,34.0,741034,2025-09-27 18:00:00,2025
Heracles Almelo,12.0,2.0,0.0,3.0,5.0,4.0,47.6,12.0,5.0,0.4,0.0,0.0,329.0,417.0,0.8,4.0,18.0,0.2,66.0,30.0,0.5,3.0,6.0,9.0,0.7,8.0,31.0,31.0,Sparta Rotterdam,11.0,4.0,0.0,1.0,4.0,2.0,52.4,18.0,5.0,0.3,0.0,0.0,378.0,459.0,0.8,3.0,20.0,0.2,61.0,29.0,0.5,6.0,3.0,9.0,0.3,7.0,32.0,32.0,741037,2025-09-27 19:00:00,2025
NEC Nijmegen,14.0,1.0,0.0,3.0,5.0,1.0,44.3,14.0,4.0,0.3,0.0,0.0,239.0,327.0,0.7,4.0,21.0,0.2,67.0,29.0,0.4,5.0,19.0,24.0,0.8,8.0,29.0,29.0,AZ Alkmaar,16.0,4.0,1.0,0.0,4.0,2.0,55.7,7.0,2.0,0.3,0.0,0.0,320.0,423.0,0.8,2.0,9.0,0.2,79.0,32.0,0.4,2.0,8.0,16.0,0.5,9.0,30.0,30.0,741035,2025-09-28 10:15:00,2025
FC Utrecht,14.0,2.0,0.0,1.0,5.0,2.0,51.7,14.0,5.0,0.4,0.0,0.0,374.0,448.0,0.8,6.0,20.0,0.3,56.0,28.0,0.5,0.0,9.0,15.0,0.6,6.0,35.0,35.0,Heerenveen,12.0,2.0,0.0,0.0,3.0,2.0,48.3,10.0,4.0,0.4,0.0,0.0,341.0,423.0,0.8,3.0,16.0,0.2,50.0,18.0,0.4,4.0,10.0,16.0,0.6,4.0,26.0,26.0,741036,2025-09-28 12:30:00,2025
FC Groningen,16.0,0.0,1.0,3.0,3.0,4.0,47.7,12.0,5.0,0.4,0.0,0.0,325.0,397.0,0.8,2.0,17.0,0.1,49.0,18.0,0.4,4.0,7.0,16.0,0.4,7.0,22.0,22.0,Feyenoord Rotterdam,6.0,2.0,0.0,2.0,4.0,5.0,52.3,11.0,5.0,0.5,0.0,0.0,361.0,446.0,0.8,3.0,12.0,0.3,49.0,19.0,0.4,1.0,11.0,21.0,0.5,7.0,35.0,35.0,741031,2025-09-28 12:30:00,2025
Telstar,13.0,2.0,0.0,0.0,8.0,2.0,38.7,20.0,9.0,0.5,0.0,0.0,215.0,296.0,0.7,7.0,16.0,0.4,68.0,27.0,0.4,6.0,9.0,14.0,0.6,10.0,31.0,31.0,Go Ahead Eagles,9.0,0.0,0.0,4.0,3.0,5.0,61.3,14.0,5.0,0.4,0.0,0.0,396.0,466.0,0.9,11.0,28.0,0.4,53.0,24.0,0.5,4.0,5.0,8.0,0.6,10.0,22.0,22.0,741038,2025-09-28 14:45:00,2025
NAC Breda,16.0,3.0,0.0,3.0,7.0,7.0,60.5,11.0,4.0,0.4,0.0,0.0,422.0,523.0,0.8,9.0,24.0,0.4,62.0,28.0,0.5,4.0,9.0,15.0,0.6,7.0,23.0,23.0,FC Groningen,14.0,1.0,0.0,3.0,6.0,3.0,39.5,14.0,9.0,0.6,0.0,0.0,265.0,339.0,0.8,6.0,17.0,0.4,61.0,26.0,0.4,3.0,9.0,19.0,0.5,8.0,26.0,26.0,741039,2025-10-03 18:00:00,2025
Sparta Rotterdam,8.0,1.0,0.0,1.0,6.0,1.0,32.7,14.0,5.0,0.4,1.0,1.0,206.0,271.0,0.8,3.0,20.0,0.2,61.0,37.0,0.6,4.0,17.0,24.0,0.7,9.0,45.0,45.0,Ajax Amsterdam,9.0,3.0,0.0,1.0,4.0,2.0,67.3,17.0,4.0,0.2,0.0,0.0,510.0,576.0,0.9,5.0,23.0,0.2,47.0,24.0,0.5,6.0,12.0,14.0,0.9,5.0,19.0,19.0,741040,2025-10-04 14:30:00,2025
Fortuna Sittard,14.0,1.0,0.0,1.0,7.0,1.0,52.5,16.0,3.0,0.2,0.0,0.0,324.0,408.0,0.8,6.0,22.0,0.3,50.0,17.0,0.3,5.0,12.0,23.0,0.5,12.0,19.0,19.0,FC Volendam,13.0,2.0,0.0,1.0,4.0,2.0,47.5,8.0,1.0,0.1,0.0,0.0,299.0,373.0,0.8,3.0,13.0,0.2,61.0,28.0,0.5,2.0,13.0,25.0,0.5,7.0,36.0,36.0,741041,2025-10-04 16:45:00,2025
PEC Zwolle,7.0,0.0,1.0,2.0,4.0,4.0,27.9,4.0,0.0,0.0,0.0,0.0,211.0,273.0,0.8,0.0,14.0,0.0,39.0,11.0,0.3,1.0,6.0,14.0,0.4,15.0,27.0,27.0,PSV Eindhoven,8.0,3.0,0.0,3.0,8.0,0.0,72.1,18.0,8.0,0.4,0.0,0.0,672.0,741.0,0.9,2.0,17.0,0.1,18.0,9.0,0.5,2.0,13.0,16.0,0.8,9.0,17.0,17.0,741042,2025-10-04 18:00:00,2025
Heerenveen,6.0,2.0,0.0,2.0,7.0,1.0,66.5,19.0,4.0,0.2,1.0,1.0,505.0,593.0,0.9,4.0,35.0,0.1,56.0,27.0,0.5,5.0,5.0,12.0,0.4,10.0,17.0,17.0,Excelsior,17.0,3.0,0.0,0.0,3.0,2.0,33.5,9.0,2.0,0.2,0.0,0.0,208.0,305.0,0.7,0.0,11.0,0.0,72.0,25.0,0.3,5.0,4.0,7.0,0.6,8.0,45.0,45.0,741043,2025-10-04 19:00:00,2025
FC Twente,5.0,0.0,1.0,0.0,4.0,1.0,58.9,21.0,9.0,0.4,0.0,0.0,418.0,505.0,0.8,4.0,16.0,0.3,53.0,22.0,0.4,3.0,11.0,18.0,0.6,7.0,22.0,22.0,Heracles Almelo,8.0,2.0,0.0,1.0,3.0,7.0,41.1,7.0,2.0,0.3,0.0,0.0,269.0,347.0,0.8,4.0,15.0,0.3,66.0,27.0,0.4,3.0,13.0,23.0,0.6,13.0,43.0,43.0,741044,2025-10-05 10:15:00,2025
Feyenoord Rotterdam,7.0,1.0,0.0,0.0,12.0,2.0,55.0,22.0,10.0,0.5,0.0,0.0,391.0,453.0,0.9,4.0,21.0,0.2,31.0,12.0,0.4,6.0,8.0,16.0,0.5,5.0,20.0,20.0,FC Utrecht,10.0,0.0,0.0,1.0,3.0,6.0,45.0,10.0,4.0,0.4,0.0,0.0,301.0,382.0,0.8,0.0,8.0,0.0,38.0,17.0,0.4,2.0,8.0,19.0,0.4,12.0,24.0,24.0,741045,2025-10-05 12:30:00,2025
AZ Alkmaar,7.0,3.0,0.0,0.0,6.0,4.0,59.6,28.0,10.0,0.4,1.0,1.0,387.0,462.0,0.8,5.0,18.0,0.3,48.0,25.0,0.5,10.0,8.0,13.0,0.6,10.0,19.0,19.0,Telstar,13.0,2.0,0.0,2.0,4.0,7.0,40.4,14.0,5.0,0.4,0.0,0.0,238.0,316.0,0.8,1.0,10.0,0.1,71.0,28.0,0.4,4.0,10.0,23.0,0.4,10.0,35.0,35.0,741046,2025-10-05 14:45:00,2025
Go Ahead Eagles,13.0,1.0,0.0,0.0,11.0,7.0,53.5,8.0,3.0,0.4,0.0,0.0,296.0,372.0,0.8,8.0,39.0,0.2,67.0,34.0,0.5,2.0,8.0,11.0,0.7,3.0,32.0,32.0,NEC Nijmegen,18.0,3.0,1.0,0.0,4.0,1.0,46.5,17.0,7.0,0.4,0.0,0.0,274.0,347.0,0.8,5.0,14.0,0.4,62.0,24.0,0.4,5.0,16.0,18.0,0.9,6.0,42.0,42.0,741047,2025-10-05 18:00:00,2025
NEC Nijmegen,15.0,2.0,0.0,3.0,3.0,0.0,60.3,8.0,4.0,0.5,0.0,0.0,339.0,409.0,0.8,6.0,18.0,0.3,53.0,29.0,0.5,3.0,8.0,14.0,0.6,6.0,26.0,26.0,FC Twente,21.0,3.0,0.0,1.0,3.0,1.0,39.7,10.0,3.0,0.3,2.0,2.0,197.0,272.0,0.7,1.0,9.0,0.1,61.0,26.0,0.4,2.0,9.0,18.0,0.5,6.0,38.0,38.0,741056,2025-10-18 14:45:00,2025
FC Utrecht,12.0,1.0,0.0,0.0,10.0,3.0,58.2,22.0,6.0,0.3,0.0,0.0,422.0,482.0,0.9,5.0,24.0,0.2,50.0,39.0,0.8,7.0,7.0,12.0,0.6,7.0,13.0,13.0,FC Volendam,13.0,1.0,0.0,1.0,0.0,4.0,41.8,3.0,3.0,1.0,0.0,0.0,295.0,357.0,0.8,0.0,9.0,0.0,44.0,14.0,0.3,0.0,18.0,27.0,0.7,8.0,32.0,32.0,741050,2025-10-18 16:45:00,2025
PSV Eindhoven,7.0,1.0,0.0,0.0,6.0,1.0,57.3,24.0,8.0,0.3,0.0,0.0,483.0,555.0,0.9,3.0,16.0,0.2,42.0,22.0,0.5,8.0,6.0,11.0,0.5,10.0,23.0,23.0,Go Ahead Eagles,8.0,1.0,0.0,2.0,1.0,6.0,42.7,4.0,2.0,0.5,0.0,0.0,337.0,414.0,0.8,3.0,10.0,0.3,60.0,19.0,0.3,1.0,2.0,4.0,0.5,11.0,26.0,26.0,741049,2025-10-18 16:45:00,2025
Ajax Amsterdam,13.0,4.0,0.0,3.0,5.0,1.0,61.2,17.0,6.0,0.4,0.0,0.0,480.0,549.0,0.9,4.0,15.0,0.3,34.0,21.0,0.6,4.0,12.0,23.0,0.5,6.0,10.0,10.0,AZ Alkmaar,19.0,2.0,0.0,1.0,4.0,6.0,38.8,13.0,3.0,0.2,1.0,1.0,281.0,349.0,0.8,2.0,6.0,0.3,54.0,20.0,0.4,6.0,8.0,14.0,0.6,5.0,21.0,21.0,741052,2025-10-18 19:00:00,2025
NAC Breda,11.0,1.0,0.0,1.0,3.0,1.0,46.5,19.0,6.0,0.3,1.0,1.0,362.0,443.0,0.8,4.0,15.0,0.3,48.0,18.0,0.4,6.0,13.0,18.0,0.7,7.0,25.0,25.0,PEC Zwolle,14.0,3.0,0.0,0.0,2.0,4.0,53.5,11.0,3.0,0.3,0.0,0.0,432.0,512.0,0.8,3.0,15.0,0.2,55.0,25.0,0.5,3.0,13.0,20.0,0.7,5.0,29.0,29.0,741051,2025-10-18 19:00:00,2025
Telstar,9.0,1.0,0.0,1.0,6.0,3.0,45.9,18.0,6.0,0.3,0.0,0.0,246.0,330.0,0.7,9.0,26.0,0.3,71.0,36.0,0.5,3.0,14.0,19.0,0.7,11.0,35.0,35.0,Heerenveen,12.0,2.0,0.0,0.0,11.0,4.0,54.1,15.0,7.0,0.5,1.0,1.0,316.0,391.0,0.8,2.0,23.0,0.1,71.0,35.0,0.5,2.0,7.0,11.0,0.6,4.0,43.0,43.0,741055,2025-10-19 10:15:00,2025
FC Groningen,11.0,3.0,0.0,2.0,7.0,0.0,60.6,12.0,0.0,0.0,0.0,0.0,404.0,495.0,0.8,1.0,29.0,0.0,69.0,31.0,0.4,5.0,13.0,21.0,0.6,3.0,11.0,11.0,Sparta Rotterdam,10.0,2.0,0.0,1.0,4.0,0.0,39.4,8.0,2.0,0.3,0.0,0.0,250.0,327.0,0.8,2.0,11.0,0.2,65.0,29.0,0.4,1.0,11.0,14.0,0.8,8.0,49.0,49.0,741053,2025-10-19 12:30:00,2025
Excelsior,10.0,0.0,0.0,1.0,4.0,5.0,50.2,11.0,5.0,0.5,0.0,0.0,311.0,409.0,0.8,3.0,14.0,0.2,69.0,30.0,0.4,2.0,10.0,17.0,0.6,9.0,34.0,34.0,Fortuna Sittard,18.0,3.0,0.0,5.0,2.0,4.0,49.8,14.0,6.0,0.4,0.0,0.0,308.0,407.0,0.8,4.0,14.0,0.3,65.0,17.0,0.3,6.0,7.0,18.0,0.4,13.0,25.0,25.0,741054,2025-10-19 12:30:00,2025
Heracles Almelo,11.0,1.0,0.0,0.0,2.0,5.0,36.4,4.0,0.0,0.0,0.0,0.0,238.0,307.0,0.8,2.0,13.0,0.2,62.0,30.0,0.5,1.0,10.0,15.0,0.7,10.0,41.0,41.0,Feyenoord Rotterdam,13.0,2.0,0.0,2.0,8.0,0.0,63.6,19.0,12.0,0.6,0.0,0.0,464.0,535.0,0.9,5.0,23.0,0.2,28.0,16.0,0.6,4.0,11.0,14.0,0.8,3.0,17.0,17.0,741048,2025-10-19 14:45:00,2025
Heerenveen,10.0,1.0,0.0,2.0,4.0,1.0,53.9,10.0,4.0,0.4,0.0,0.0,361.0,441.0,0.8,3.0,13.0,0.2,52.0,23.0,0.4,3.0,7.0,12.0,0.6,8.0,41.0,41.0,NAC Breda,10.0,0.0,0.0,2.0,5.0,2.0,46.1,11.0,4.0,0.4,0.0,0.0,272.0,366.0,0.7,9.0,22.0,0.4,64.0,29.0,0.5,3.0,8.0,18.0,0.4,3.0,28.0,28.0,741057,2025-10-24 18:00:00,2025
Fortuna Sittard,14.0,3.0,0.0,1.0,7.0,8.0,57.1,9.0,3.0,0.3,0.0,0.0,304.0,408.0,0.7,6.0,31.0,0.2,78.0,28.0,0.4,1.0,18.0,19.0,0.9,11.0,24.0,24.0,FC Groningen,9.0,1.0,0.0,2.0,7.0,2.0,42.9,16.0,10.0,0.6,0.0,0.0,225.0,317.0,0.7,1.0,9.0,0.1,68.0,25.0,0.4,3.0,7.0,12.0,0.6,8.0,27.0,27.0,741058,2025-10-25 14:40:00,2025
Sparta Rotterdam,9.0,3.0,0.0,0.0,6.0,3.0,47.1,14.0,6.0,0.4,0.0,0.0,313.0,394.0,0.8,6.0,18.0,0.3,65.0,37.0,0.6,2.0,10.0,15.0,0.7,3.0,45.0,45.0,Telstar,14.0,2.0,0.0,1.0,7.0,5.0,52.9,14.0,3.0,0.2,0.0,0.0,350.0,434.0,0.8,4.0,34.0,0.1,70.0,32.0,0.5,4.0,7.0,13.0,0.5,10.0,21.0,21.0,741060,2025-10-25 16:45:00,2025
FC Volendam,6.0,0.0,0.0,1.0,5.0,1.0,56.7,13.0,7.0,0.5,0.0,0.0,404.0,466.0,0.9,6.0,20.0,0.3,38.0,19.0,0.5,3.0,6.0,15.0,0.4,9.0,26.0,26.0,Heracles Almelo,13.0,1.0,1.0,2.0,5.0,4.0,43.3,11.0,2.0,0.2,0.0,0.0,274.0,357.0,0.8,4.0,15.0,0.3,54.0,20.0,0.4,4.0,11.0,16.0,0.7,10.0,19.0,19.0,741059,2025-10-25 18:00:00,2025
PEC Zwolle,11.0,0.0,0.0,3.0,3.0,1.0,34.9,10.0,6.0,0.6,0.0,0.0,178.0,251.0,0.7,1.0,10.0,0.1,54.0,20.0,0.4,1.0,10.0,17.0,0.6,12.0,33.0,33.0,NEC Nijmegen,12.0,1.0,0.0,2.0,4.0,4.0,65.1,11.0,3.0,0.3,0.0,0.0,385.0,479.0,0.8,1.0,14.0,0.1,69.0,33.0,0.5,4.0,8.0,11.0,0.7,9.0,13.0,13.0,741061,2025-10-25 19:00:00,2025
FC Twente,14.0,0.0,0.0,1.0,6.0,3.0,61.6,21.0,5.0,0.2,1.0,1.0,501.0,577.0,0.9,10.0,23.0,0.4,44.0,25.0,0.6,9.0,9.0,18.0,0.5,9.0,20.0,20.0,Ajax Amsterdam,13.0,2.0,0.0,1.0,1.0,3.0,38.4,9.0,6.0,0.7,0.0,0.0,292.0,364.0,0.8,4.0,11.0,0.4,47.0,18.0,0.4,2.0,11.0,20.0,0.6,14.0,25.0,25.0,741062,2025-10-26 11:15:00,2025
Feyenoord Rotterdam,7.0,0.0,0.0,0.0,3.0,3.0,48.0,12.0,6.0,0.5,0.0,0.0,330.0,422.0,0.8,4.0,15.0,0.3,56.0,21.0,0.4,2.0,10.0,19.0,0.5,15.0,16.0,16.0,PSV Eindhoven,13.0,1.0,0.0,1.0,5.0,4.0,52.0,11.0,6.0,0.5,0.0,0.0,384.0,465.0,0.8,1.0,12.0,0.1,66.0,29.0,0.4,3.0,11.0,19.0,0.6,12.0,33.0,33.0,741064,2025-10-26 13:30:00,2025
AZ Alkmaar,4.0,0.0,0.0,0.0,8.0,1.0,49.9,18.0,7.0,0.4,0.0,1.0,405.0,489.0,0.8,8.0,16.0,0.5,41.0,18.0,0.4,7.0,6.0,13.0,0.5,7.0,24.0,24.0,FC Utrecht,14.0,1.0,0.0,0.0,2.0,3.0,50.1,8.0,2.0,0.3,0.0,0.0,388.0,479.0,0.8,7.0,25.0,0.3,67.0,38.0,0.6,2.0,13.0,17.0,0.8,13.0,18.0,18.0,741065,2025-10-26 15:45:00,2025
Go Ahead Eagles,7.0,1.0,0.0,1.0,4.0,2.0,51.5,12.0,4.0,0.3,0.0,0.0,372.0,462.0,0.8,4.0,22.0,0.2,62.0,24.0,0.4,3.0,5.0,10.0,0.5,10.0,33.0,33.0,Excelsior,12.0,2.0,0.0,1.0,10.0,2.0,48.5,11.0,2.0,0.2,0.0,0.0,365.0,430.0,0.8,3.0,27.0,0.1,55.0,30.0,0.5,6.0,5.0,9.0,0.6,8.0,32.0,32.0,741063,2025-10-26 19:00:00,2025
PSV Eindhoven,8.0,0.0,0.0,4.0,7.0,2.0,62.5,21.0,6.0,0.3,0.0,0.0,557.0,625.0,0.9,6.0,16.0,0.4,30.0,16.0,0.5,7.0,7.0,13.0,0.5,6.0,13.0,13.0,Fortuna Sittard,12.0,4.0,0.0,1.0,4.0,1.0,37.5,10.0,4.0,0.4,0.0,0.0,309.0,377.0,0.8,0.0,9.0,0.0,41.0,15.0,0.4,4.0,11.0,21.0,0.5,9.0,15.0,15.0,741066,2025-10-31 19:00:00,2025
Ajax Amsterdam,6.0,0.0,0.0,2.0,5.0,6.0,57.2,9.0,2.0,0.2,0.0,0.0,449.0,540.0,0.8,3.0,16.0,0.2,52.0,31.0,0.6,3.0,11.0,17.0,0.6,9.0,22.0,22.0,Heerenveen,16.0,2.0,0.0,0.0,4.0,1.0,42.8,17.0,7.0,0.4,0.0,0.0,326.0,406.0,0.8,3.0,12.0,0.3,48.0,16.0,0.3,5.0,10.0,20.0,0.5,20.0,22.0,22.0,741069,2025-11-01 15:30:00,2025
NAC Breda,10.0,4.0,0.0,1.0,2.0,2.0,43.7,8.0,2.0,0.3,0.0,0.0,311.0,385.0,0.8,5.0,24.0,0.2,49.0,24.0,0.5,0.0,11.0,16.0,0.7,4.0,42.0,42.0,Go Ahead Eagles,8.0,2.0,0.0,2.0,2.0,1.0,56.3,7.0,2.0,0.3,0.0,0.0,413.0,505.0,0.8,8.0,21.0,0.4,76.0,26.0,0.3,4.0,8.0,13.0,0.6,6.0,28.0,28.0,741068,2025-11-01 17:45:00,2025
Feyenoord Rotterdam,4.0,0.0,0.0,3.0,10.0,0.0,54.3,37.0,9.0,0.2,0.0,0.0,404.0,466.0,0.9,7.0,27.0,0.3,30.0,13.0,0.4,19.0,6.0,14.0,0.4,8.0,10.0,10.0,FC Volendam,8.0,0.0,0.0,0.0,1.0,6.0,45.7,9.0,1.0,0.1,0.0,0.0,338.0,398.0,0.8,3.0,13.0,0.2,44.0,15.0,0.3,2.0,4.0,10.0,0.4,9.0,36.0,36.0,741067,2025-11-01 19:00:00,2025
Telstar,8.0,0.0,0.0,3.0,3.0,6.0,45.7,17.0,8.0,0.5,0.0,1.0,256.0,343.0,0.7,2.0,17.0,0.1,68.0,28.0,0.4,5.0,5.0,9.0,0.6,7.0,23.0,23.0,Excelsior,15.0,2.0,0.0,0.0,5.0,6.0,54.3,21.0,8.0,0.4,1.0,2.0,326.0,404.0,0.8,5.0,25.0,0.2,65.0,38.0,0.6,4.0,3.0,9.0,0.3,5.0,12.0,12.0,741070,2025-11-01 20:00:00,2025
Heracles Almelo,16.0,0.0,0.0,0.0,4.0,2.0,57.1,24.0,11.0,0.5,1.0,1.0,349.0,434.0,0.8,9.0,26.0,0.3,41.0,19.0,0.5,4.0,15.0,18.0,0.8,10.0,15.0,15.0,PEC Zwolle,11.0,1.0,1.0,0.0,2.0,3.0,42.9,7.0,4.0,0.6,0.0,0.0,252.0,338.0,0.7,0.0,7.0,0.0,64.0,19.0,0.3,2.0,5.0,9.0,0.6,7.0,28.0,28.0,741071,2025-11-02 11:15:00,2025
FC Groningen,7.0,2.0,0.0,2.0,7.0,3.0,54.6,18.0,7.0,0.4,1.0,1.0,409.0,478.0,0.9,9.0,24.0,0.4,48.0,27.0,0.6,3.0,9.0,20.0,0.5,6.0,22.0,22.0,FC Twente,12.0,4.0,0.0,1.0,3.0,5.0,45.4,10.0,4.0,0.4,0.0,0.0,324.0,404.0,0.8,3.0,11.0,0.3,71.0,32.0,0.5,3.0,10.0,17.0,0.6,10.0,24.0,24.0,741072,2025-11-02 13:30:00,2025
Sparta Rotterdam,7.0,1.0,0.0,2.0,6.0,13.0,42.0,10.0,3.0,0.3,0.0,0.0,270.0,345.0,0.8,4.0,22.0,0.2,55.0,27.0,0.5,4.0,11.0,17.0,0.6,6.0,23.0,23.0,AZ Alkmaar,12.0,1.0,0.0,2.0,9.0,3.0,58.0,20.0,14.0,0.7,0.0,1.0,409.0,492.0,0.8,4.0,21.0,0.2,49.0,27.0,0.6,3.0,8.0,13.0,0.6,7.0,23.0,23.0,741073,2025-11-02 13:30:00,2025
FC Utrecht,11.0,1.0,0.0,2.0,2.0,5.0,38.7,11.0,4.0,0.4,0.0,0.0,201.0,303.0,0.7,3.0,11.0,0.3,66.0,36.0,0.5,2.0,7.0,12.0,0.6,13.0,29.0,29.0,NEC Nijmegen,15.0,2.0,0.0,2.0,2.0,3.0,61.3,16.0,5.0,0.3,0.0,1.0,384.0,486.0,0.8,4.0,12.0,0.3,65.0,28.0,0.4,4.0,5.0,7.0,0.7,11.0,20.0,20.0,741074,2025-11-02 15:45:00,2025
FC Twente,13.0,2.0,1.0,0.0,10.0,0.0,66.3,27.0,7.0,0.3,0.0,0.0,553.0,627.0,0.9,11.0,34.0,0.3,44.0,26.0,0.6,12.0,10.0,14.0,0.7,6.0,15.0,15.0,Telstar,4.0,2.0,1.0,4.0,2.0,7.0,33.7,6.0,0.0,0.0,0.0,0.0,245.0,321.0,0.8,3.0,9.0,0.3,52.0,26.0,0.5,4.0,6.0,10.0,0.6,10.0,44.0,44.0,741075,2025-11-07 19:00:00,2025
Excelsior,14.0,1.0,0.0,0.0,6.0,3.0,45.0,12.0,5.0,0.4,0.0,1.0,231.0,324.0,0.7,1.0,20.0,0.1,63.0,32.0,0.5,4.0,10.0,12.0,0.8,10.0,36.0,36.0,Heracles Almelo,13.0,2.0,0.0,1.0,13.0,4.0,55.0,10.0,5.0,0.5,0.0,0.0,299.0,395.0,0.8,4.0,28.0,0.1,68.0,33.0,0.5,2.0,7.0,12.0,0.6,7.0,28.0,28.0,741076,2025-11-08 15:30:00,2025
FC Volendam,13.0,2.0,0.0,1.0,8.0,2.0,50.9,12.0,5.0,0.4,0.0,0.0,324.0,392.0,0.8,5.0,24.0,0.2,45.0,23.0,0.5,2.0,8.0,13.0,0.6,6.0,18.0,18.0,NAC Breda,9.0,2.0,2.0,1.0,6.0,3.0,49.1,12.0,2.0,0.2,0.0,0.0,304.0,383.0,0.8,7.0,21.0,0.3,53.0,19.0,0.4,3.0,8.0,21.0,0.4,10.0,22.0,22.0,741077,2025-11-08 17:45:00,2025
Fortuna Sittard,14.0,2.0,0.0,3.0,4.0,8.0,39.2,10.0,5.0,0.5,1.0,1.0,208.0,290.0,0.7,5.0,15.0,0.3,68.0,31.0,0.5,0.0,3.0,11.0,0.3,8.0,32.0,32.0,Heerenveen,12.0,1.0,0.0,3.0,5.0,3.0,60.8,18.0,8.0,0.4,0.0,0.0,363.0,443.0,0.8,2.0,26.0,0.1,43.0,21.0,0.5,6.0,7.0,20.0,0.4,7.0,16.0,16.0,741078,2025-11-08 19:00:00,2025
PEC Zwolle,9.0,2.0,0.0,2.0,3.0,1.0,36.1,11.0,3.0,0.3,0.0,0.0,251.0,329.0,0.8,1.0,5.0,0.2,67.0,32.0,0.5,4.0,10.0,17.0,0.6,15.0,45.0,45.0,Sparta Rotterdam,15.0,2.0,1.0,1.0,6.0,1.0,63.9,14.0,1.0,0.1,0.0,0.0,480.0,568.0,0.8,5.0,29.0,0.2,53.0,30.0,0.6,6.0,13.0,21.0,0.6,7.0,17.0,17.0,741079,2025-11-08 20:00:00,2025
FC Utrecht,15.0,1.0,0.0,0.0,6.0,3.0,31.9,16.0,6.0,0.4,0.0,0.0,221.0,287.0,0.8,9.0,21.0,0.4,45.0,17.0,0.4,4.0,11.0,23.0,0.5,10.0,38.0,38.0,Ajax Amsterdam,10.0,0.0,0.0,1.0,4.0,4.0,68.1,10.0,4.0,0.4,0.0,0.0,543.0,636.0,0.9,3.0,23.0,0.1,48.0,16.0,0.3,3.0,9.0,18.0,0.5,7.0,23.0,23.0,741080,2025-11-09 11:15:00,2025
NEC Nijmegen,6.0,1.0,0.0,1.0,9.0,4.0,55.3,13.0,5.0,0.4,0.0,0.0,300.0,394.0,0.8,4.0,25.0,0.2,71.0,29.0,0.4,1.0,22.0,28.0,0.8,7.0,20.0,20.0,FC Groningen,13.0,1.0,0.0,0.0,3.0,2.0,44.7,10.0,4.0,0.4,0.0,0.0,234.0,325.0,0.7,4.0,11.0,0.4,69.0,24.0,0.3,2.0,11.0,27.0,0.4,10.0,35.0,35.0,741082,2025-11-09 13:30:00,2025
AZ Alkmaar,9.0,2.0,0.0,1.0,4.0,1.0,46.8,8.0,3.0,0.4,0.0,0.0,373.0,452.0,0.8,3.0,9.0,0.3,50.0,19.0,0.4,1.0,12.0,20.0,0.6,13.0,14.0,14.0,PSV Eindhoven,10.0,1.0,0.0,0.0,6.0,2.0,53.2,15.0,6.0,0.4,0.0,0.0,444.0,510.0,0.9,3.0,14.0,0.2,41.0,21.0,0.5,5.0,10.0,16.0,0.6,15.0,15.0,15.0,741081,2025-11-09 15:45:00,2025
Go Ahead Eagles,7.0,2.0,0.0,1.0,4.0,5.0,39.9,9.0,5.0,0.6,1.0,1.0,272.0,356.0,0.8,3.0,18.0,0.2,63.0,23.0,0.4,1.0,4.0,6.0,0.7,7.0,37.0,37.0,Feyenoord Rotterdam,10.0,1.0,0.0,1.0,7.0,3.0,60.1,21.0,6.0,0.3,0.0,0.0,452.0,536.0,0.8,10.0,29.0,0.3,38.0,17.0,0.4,9.0,5.0,8.0,0.6,9.0,19.0,19.0,741083,2025-11-09 19:00:00,2025
NAC Breda,11.0,2.0,0.0,0.0,6.0,3.0,47.1,16.0,3.0,0.2,0.0,0.0,273.0,358.0,0.8,6.0,26.0,0.2,35.0,18.0,0.5,3.0,8.0,20.0,0.4,8.0,13.0,13.0,PSV Eindhoven,15.0,1.0,0.0,0.0,5.0,3.0,52.9,9.0,4.0,0.4,0.0,0.0,348.0,423.0,0.8,5.0,12.0,0.4,53.0,26.0,0.5,1.0,14.0,22.0,0.6,10.0,28.0,28.0,741088,2025-11-22 15:30:00,2025
FC Volendam,5.0,0.0,0.0,1.0,4.0,5.0,52.3,11.0,4.0,0.4,0.0,0.0,378.0,452.0,0.8,2.0,22.0,0.1,53.0,26.0,0.5,3.0,11.0,18.0,0.6,7.0,18.0,18.0,FC Twente,12.0,3.0,0.0,0.0,4.0,3.0,47.7,18.0,6.0,0.3,0.0,0.0,354.0,424.0,0.8,6.0,14.0,0.4,56.0,28.0,0.5,3.0,9.0,14.0,0.6,10.0,21.0,21.0,741091,2025-11-22 17:45:00,2025
Ajax Amsterdam,4.0,2.0,0.0,2.0,9.0,2.0,64.3,15.0,5.0,0.3,0.0,0.0,555.0,631.0,0.9,7.0,38.0,0.2,51.0,34.0,0.7,6.0,13.0,22.0,0.6,11.0,17.0,17.0,Excelsior,13.0,1.0,0.0,0.0,2.0,4.0,35.7,8.0,4.0,0.5,0.0,0.0,285.0,360.0,0.8,1.0,11.0,0.1,81.0,47.0,0.6,1.0,14.0,19.0,0.7,9.0,40.0,40.0,741084,2025-11-22 17:45:00,2025
Heracles Almelo,6.0,1.0,0.0,1.0,6.0,2.0,46.2,22.0,12.0,0.5,0.0,0.0,298.0,376.0,0.8,7.0,20.0,0.4,63.0,28.0,0.4,3.0,12.0,15.0,0.8,4.0,39.0,39.0,Go Ahead Eagles,15.0,1.0,1.0,1.0,3.0,8.0,53.8,6.0,4.0,0.7,0.0,0.0,359.0,439.0,0.8,2.0,21.0,0.1,66.0,28.0,0.4,2.0,11.0,18.0,0.6,9.0,30.0,30.0,741089,2025-11-22 20:00:00,2025
Sparta Rotterdam,9.0,1.0,0.0,0.0,7.0,6.0,60.5,13.0,4.0,0.3,0.0,0.0,448.0,542.0,0.8,6.0,26.0,0.2,72.0,44.0,0.6,4.0,12.0,20.0,0.6,9.0,28.0,28.0,Fortuna Sittard,11.0,1.0,0.0,3.0,5.0,3.0,39.5,12.0,7.0,0.6,0.0,0.0,277.0,354.0,0.8,3.0,14.0,0.2,51.0,21.0,0.4,3.0,10.0,15.0,0.7,12.0,32.0,32.0,741087,2025-11-22 20:00:00,2025
Heerenveen,9.0,1.0,0.0,1.0,8.0,4.0,47.3,21.0,9.0,0.4,0.0,0.0,375.0,469.0,0.8,6.0,19.0,0.3,68.0,28.0,0.4,6.0,16.0,25.0,0.6,5.0,21.0,21.0,AZ Alkmaar,4.0,0.0,0.0,0.0,5.0,6.0,52.7,9.0,5.0,0.6,0.0,0.0,441.0,532.0,0.8,3.0,9.0,0.3,55.0,27.0,0.5,1.0,12.0,18.0,0.7,2.0,21.0,21.0,741085,2025-11-23 11:15:00,2025
Feyenoord Rotterdam,8.0,1.0,0.0,0.0,7.0,8.0,54.9,19.0,5.0,0.3,0.0,0.0,347.0,424.0,0.8,5.0,21.0,0.2,49.0,24.0,0.5,5.0,11.0,24.0,0.5,7.0,15.0,15.0,NEC Nijmegen,13.0,1.0,0.0,6.0,6.0,3.0,45.1,22.0,12.0,0.5,0.0,0.0,274.0,350.0,0.8,6.0,15.0,0.4,50.0,23.0,0.5,5.0,9.0,15.0,0.6,8.0,28.0,28.0,741090,2025-11-23 13:30:00,2025
Telstar,10.0,2.0,0.0,3.0,1.0,2.0,42.0,10.0,3.0,0.3,0.0,0.0,292.0,368.0,0.8,0.0,9.0,0.0,42.0,20.0,0.5,0.0,10.0,16.0,0.6,11.0,38.0,38.0,FC Utrecht,10.0,2.0,0.0,0.0,9.0,1.0,58.0,17.0,3.0,0.2,0.0,0.0,399.0,493.0,0.8,8.0,28.0,0.3,63.0,37.0,0.6,9.0,11.0,15.0,0.7,10.0,18.0,18.0,741086,2025-11-23 13:30:00,2025
FC Groningen,11.0,1.0,0.0,0.0,13.0,1.0,64.2,39.0,13.0,0.3,0.0,0.0,463.0,562.0,0.8,12.0,44.0,0.3,50.0,29.0,0.6,16.0,10.0,16.0,0.6,5.0,9.0,9.0,PEC Zwolle,9.0,1.0,1.0,2.0,0.0,12.0,35.8,5.0,3.0,0.6,0.0,0.0,244.0,329.0,0.7,0.0,2.0,0.0,48.0,10.0,0.2,0.0,10.0,21.0,0.5,13.0,62.0,62.0,741092,2025-11-23 15:45:00,2025
PEC Zwolle,11.0,3.0,0.0,4.0,3.0,6.0,43.5,11.0,4.0,0.4,0.0,0.0,262.0,348.0,0.8,2.0,10.0,0.2,72.0,28.0,0.4,3.0,7.0,18.0,0.4,13.0,45.0,45.0,Heerenveen,19.0,2.0,0.0,0.0,9.0,2.0,56.5,19.0,7.0,0.4,0.0,0.0,349.0,439.0,0.8,4.0,25.0,0.2,65.0,26.0,0.4,5.0,12.0,21.0,0.6,11.0,19.0,19.0,741094,2025-11-28 19:00:00,2025
Excelsior,22.0,4.0,0.0,1.0,1.0,3.0,42.9,6.0,2.0,0.3,1.0,1.0,264.0,350.0,0.8,1.0,11.0,0.1,87.0,45.0,0.5,0.0,10.0,14.0,0.7,11.0,28.0,28.0,NAC Breda,12.0,1.0,0.0,1.0,6.0,1.0,57.1,22.0,3.0,0.1,0.0,0.0,362.0,452.0,0.8,10.0,23.0,0.4,55.0,27.0,0.5,6.0,8.0,14.0,0.6,7.0,17.0,17.0,741099,2025-11-29 15:30:00,2025
Fortuna Sittard,19.0,3.0,0.0,1.0,11.0,2.0,56.8,23.0,5.0,0.2,0.0,0.0,257.0,333.0,0.8,5.0,25.0,0.2,61.0,22.0,0.4,6.0,3.0,7.0,0.4,11.0,30.0,30.0,Heracles Almelo,22.0,5.0,0.0,2.0,3.0,4.0,43.2,6.0,3.0,0.5,0.0,0.0,192.0,254.0,0.8,2.0,16.0,0.1,48.0,20.0,0.4,0.0,6.0,10.0,0.6,4.0,43.0,43.0,741101,2025-11-29 17:45:00,2025
NEC Nijmegen,9.0,2.0,0.0,0.0,7.0,6.0,51.5,19.0,7.0,0.4,1.0,1.0,293.0,382.0,0.8,2.0,19.0,0.1,65.0,29.0,0.4,5.0,11.0,19.0,0.6,8.0,30.0,30.0,Sparta Rotterdam,13.0,4.0,0.0,0.0,6.0,3.0,48.5,13.0,5.0,0.4,0.0,0.0,266.0,361.0,0.7,5.0,20.0,0.3,65.0,28.0,0.4,2.0,9.0,12.0,0.8,6.0,30.0,30.0,741095,2025-11-29 20:00:00,2025
PSV Eindhoven,12.0,0.0,0.0,3.0,5.0,2.0,62.1,19.0,8.0,0.4,0.0,0.0,586.0,642.0,0.9,2.0,18.0,0.1,42.0,30.0,0.7,5.0,10.0,21.0,0.5,6.0,8.0,8.0,FC Volendam,4.0,0.0,0.0,1.0,2.0,5.0,37.9,10.0,2.0,0.2,0.0,0.0,326.0,397.0,0.8,2.0,7.0,0.3,50.0,25.0,0.5,0.0,14.0,22.0,0.6,9.0,26.0,26.0,741093,2025-11-30 11:15:00,2025
Go Ahead Eagles,9.0,2.0,0.0,2.0,4.0,6.0,59.2,11.0,6.0,0.5,0.0,0.0,434.0,529.0,0.8,2.0,25.0,0.1,74.0,29.0,0.4,2.0,9.0,13.0,0.7,3.0,20.0,20.0,FC Utrecht,12.0,2.0,0.0,1.0,3.0,4.0,40.8,17.0,8.0,0.5,0.0,0.0,280.0,366.0,0.8,7.0,16.0,0.4,69.0,31.0,0.4,4.0,6.0,14.0,0.4,2.0,29.0,29.0,741096,2025-11-30 13:30:00,2025
Telstar,8.0,0.0,0.0,1.0,3.0,6.0,48.5,12.0,2.0,0.2,0.0,0.0,349.0,438.0,0.8,4.0,23.0,0.2,67.0,36.0,0.5,2.0,12.0,21.0,0.6,9.0,30.0,30.0,Feyenoord Rotterdam,8.0,3.0,0.0,0.0,6.0,1.0,51.5,11.0,7.0,0.6,0.0,0.0,391.0,472.0,0.8,3.0,16.0,0.2,50.0,21.0,0.4,3.0,17.0,26.0,0.7,15.0,34.0,34.0,741097,2025-11-30 13:30:00,2025
FC Twente,13.0,3.0,0.0,3.0,2.0,1.0,50.9,7.0,2.0,0.3,0.0,0.0,354.0,447.0,0.8,1.0,9.0,0.1,73.0,38.0,0.5,2.0,10.0,17.0,0.6,5.0,25.0,25.0,AZ Alkmaar,9.0,4.0,0.0,3.0,3.0,2.0,49.1,7.0,1.0,0.1,0.0,1.0,349.0,431.0,0.8,2.0,12.0,0.2,62.0,32.0,0.5,2.0,6.0,17.0,0.4,7.0,23.0,23.0,741098,2025-11-30 15:45:00,2025
Ajax Amsterdam,14.0,1.0,0.0,0.0,3.0,7.0,48.3,13.0,6.0,0.5,0.0,0.0,438.0,508.0,0.9,2.0,6.0,0.3,61.0,29.0,0.5,3.0,4.0,9.0,0.4,14.0,25.0,25.0,FC Groningen,10.0,0.0,0.0,1.0,5.0,3.0,51.7,17.0,7.0,0.4,0.0,0.0,460.0,535.0,0.9,3.0,18.0,0.2,51.0,22.0,0.4,6.0,9.0,12.0,0.8,9.0,7.0,7.0,741100,2025-12-02 13:30:00,2025
Excelsior,10.0,2.0,1.0,3.0,5.0,6.0,45.5,16.0,6.0,0.4,0.0,0.0,325.0,417.0,0.8,6.0,13.0,0.5,88.0,47.0,0.5,2.0,12.0,16.0,0.8,7.0,23.0,23.0,FC Groningen,9.0,1.0,1.0,2.0,6.0,5.0,54.5,20.0,8.0,0.4,1.0,1.0,414.0,502.0,0.8,5.0,19.0,0.3,64.0,28.0,0.4,4.0,9.0,15.0,0.6,7.0,15.0,15.0,741103,2025-12-05 19:00:00,2025
Heerenveen,13.0,1.0,0.0,0.0,7.0,5.0,37.9,12.0,3.0,0.3,0.0,0.0,274.0,359.0,0.8,2.0,20.0,0.1,42.0,14.0,0.3,1.0,9.0,21.0,0.4,9.0,23.0,23.0,PSV Eindhoven,5.0,0.0,0.0,2.0,3.0,3.0,62.1,11.0,7.0,0.6,0.0,0.0,535.0,607.0,0.9,1.0,13.0,0.1,39.0,15.0,0.4,1.0,10.0,13.0,0.8,8.0,17.0,17.0,741110,2025-12-06 15:30:00,2025
Fortuna Sittard,13.0,3.0,1.0,1.0,4.0,3.0,36.2,26.0,7.0,0.3,0.0,0.0,225.0,295.0,0.8,12.0,26.0,0.5,61.0,21.0,0.3,6.0,11.0,15.0,0.7,10.0,23.0,23.0,Ajax Amsterdam,9.0,2.0,1.0,0.0,4.0,6.0,63.8,13.0,4.0,0.3,0.0,0.0,470.0,552.0,0.9,2.0,15.0,0.1,51.0,20.0,0.4,5.0,12.0,13.0,0.9,3.0,27.0,27.0,741107,2025-12-06 17:45:00,2025
Heracles Almelo,15.0,3.0,0.0,1.0,6.0,1.0,46.4,15.0,6.0,0.4,0.0,0.0,244.0,330.0,0.7,3.0,25.0,0.1,54.0,21.0,0.4,6.0,16.0,24.0,0.7,3.0,36.0,36.0,Telstar,12.0,2.0,0.0,0.0,6.0,5.0,53.6,11.0,2.0,0.2,0.0,0.0,317.0,396.0,0.8,0.0,16.0,0.0,62.0,26.0,0.4,4.0,10.0,14.0,0.7,6.0,32.0,32.0,741108,2025-12-06 19:00:00,2025
Feyenoord Rotterdam,17.0,1.0,0.0,0.0,8.0,3.0,57.0,25.0,12.0,0.5,1.0,1.0,387.0,440.0,0.9,6.0,18.0,0.3,23.0,9.0,0.4,4.0,9.0,17.0,0.5,6.0,15.0,15.0,PEC Zwolle,12.0,1.0,0.0,2.0,4.0,6.0,43.0,7.0,4.0,0.6,0.0,0.0,264.0,337.0,0.8,1.0,8.0,0.1,57.0,18.0,0.3,2.0,5.0,9.0,0.6,6.0,19.0,19.0,741106,2025-12-06 20:00:00,2025
FC Utrecht,8.0,1.0,0.0,2.0,6.0,5.0,36.6,12.0,4.0,0.3,0.0,0.0,208.0,286.0,0.7,6.0,17.0,0.4,53.0,23.0,0.4,5.0,11.0,21.0,0.5,11.0,38.0,38.0,FC Twente,8.0,2.0,0.0,0.0,8.0,2.0,63.4,21.0,6.0,0.3,0.0,0.0,422.0,503.0,0.8,3.0,20.0,0.2,45.0,22.0,0.5,8.0,12.0,16.0,0.8,4.0,21.0,21.0,741104,2025-12-07 11:15:00,2025
AZ Alkmaar,8.0,2.0,0.0,0.0,11.0,4.0,48.4,23.0,7.0,0.3,0.0,0.0,329.0,410.0,0.8,5.0,19.0,0.3,61.0,27.0,0.4,8.0,12.0,19.0,0.6,5.0,32.0,32.0,Go Ahead Eagles,8.0,1.0,0.0,1.0,4.0,6.0,51.6,12.0,7.0,0.6,0.0,0.0,348.0,433.0,0.8,4.0,19.0,0.2,72.0,29.0,0.4,2.0,8.0,12.0,0.7,8.0,29.0,29.0,741102,2025-12-07 13:30:00,2025
FC Volendam,7.0,2.0,0.0,0.0,4.0,4.0,43.1,13.0,5.0,0.4,1.0,1.0,223.0,294.0,0.8,7.0,20.0,0.4,57.0,27.0,0.5,1.0,14.0,17.0,0.8,4.0,28.0,28.0,NEC Nijmegen,17.0,5.0,0.0,2.0,8.0,3.0,56.9,16.0,7.0,0.4,0.0,0.0,320.0,387.0,0.8,5.0,25.0,0.2,43.0,21.0,0.5,6.0,8.0,11.0,0.7,1.0,21.0,21.0,741105,2025-12-07 13:30:00,2025
Sparta Rotterdam,11.0,1.0,0.0,4.0,1.0,8.0,41.1,12.0,6.0,0.5,0.0,0.0,275.0,349.0,0.8,0.0,5.0,0.0,60.0,32.0,0.5,2.0,16.0,25.0,0.6,9.0,42.0,42.0,NAC Breda,10.0,1.0,0.0,2.0,14.0,4.0,58.9,22.0,9.0,0.4,0.0,0.0,380.0,468.0,0.8,10.0,37.0,0.3,44.0,18.0,0.4,3.0,9.0,16.0,0.6,8.0,13.0,13.0,741109,2025-12-07 15:45:00,2025
Telstar,8.0,0.0,0.0,4.0,5.0,5.0,32.4,10.0,4.0,0.4,0.0,1.0,159.0,238.0,0.7,5.0,12.0,0.4,58.0,18.0,0.3,5.0,18.0,29.0,0.6,11.0,32.0,32.0,NEC Nijmegen,11.0,2.0,0.0,1.0,7.0,2.0,67.6,16.0,8.0,0.5,0.0,0.0,416.0,497.0,0.8,10.0,29.0,0.3,73.0,37.0,0.5,6.0,8.0,15.0,0.5,9.0,20.0,20.0,741113,2025-12-13 15:30:00,2025
FC Groningen,7.0,0.0,0.0,2.0,18.0,0.0,68.0,26.0,7.0,0.3,1.0,1.0,418.0,486.0,0.9,7.0,29.0,0.2,37.0,19.0,0.5,12.0,13.0,17.0,0.8,4.0,13.0,13.0,FC Volendam,11.0,1.0,1.0,2.0,1.0,3.0,32.0,4.0,1.0,0.3,0.0,0.0,164.0,237.0,0.7,1.0,3.0,0.3,52.0,20.0,0.4,0.0,12.0,17.0,0.7,8.0,34.0,34.0,741119,2025-12-13 17:45:00,2025
PSV Eindhoven,12.0,2.0,0.0,0.0,10.0,3.0,65.8,21.0,6.0,0.3,2.0,2.0,487.0,549.0,0.9,12.0,28.0,0.4,49.0,33.0,0.7,6.0,8.0,10.0,0.8,4.0,14.0,14.0,Heracles Almelo,7.0,4.0,0.0,0.0,4.0,2.0,34.2,11.0,6.0,0.5,1.0,1.0,216.0,284.0,0.8,3.0,14.0,0.2,53.0,21.0,0.4,2.0,9.0,16.0,0.6,13.0,30.0,30.0,741115,2025-12-13 19:00:00,2025
PEC Zwolle,17.0,3.0,0.0,1.0,2.0,4.0,35.4,8.0,3.0,0.4,0.0,0.0,207.0,289.0,0.7,0.0,7.0,0.0,60.0,23.0,0.4,2.0,16.0,20.0,0.8,6.0,35.0,35.0,Fortuna Sittard,13.0,3.0,0.0,1.0,12.0,2.0,64.6,11.0,3.0,0.3,0.0,0.0,414.0,505.0,0.8,7.0,32.0,0.2,56.0,24.0,0.4,1.0,8.0,11.0,0.7,5.0,17.0,17.0,741116,2025-12-13 20:00:00,2025
Sparta Rotterdam,10.0,1.0,0.0,1.0,5.0,3.0,52.7,11.0,3.0,0.3,0.0,0.0,335.0,429.0,0.8,5.0,19.0,0.3,52.0,23.0,0.4,2.0,10.0,23.0,0.4,15.0,21.0,21.0,Heerenveen,15.0,2.0,0.0,1.0,10.0,3.0,47.3,20.0,5.0,0.3,0.0,0.0,289.0,387.0,0.7,3.0,16.0,0.2,61.0,25.0,0.4,9.0,6.0,10.0,0.6,6.0,24.0,24.0,741114,2025-12-14 11:15:00,2025
Ajax Amsterdam,12.0,2.0,0.0,2.0,3.0,1.0,42.5,15.0,7.0,0.5,0.0,0.0,336.0,404.0,0.8,1.0,6.0,0.2,50.0,16.0,0.3,3.0,9.0,20.0,0.5,16.0,40.0,40.0,Feyenoord Rotterdam,12.0,1.0,0.0,0.0,12.0,4.0,57.5,18.0,1.0,0.1,0.0,0.0,446.0,520.0,0.9,5.0,36.0,0.1,26.0,16.0,0.6,7.0,5.0,9.0,0.6,9.0,10.0,10.0,741112,2025-12-14 13:30:00,2025
FC Twente,7.0,0.0,0.0,1.0,3.0,2.0,54.1,23.0,7.0,0.3,1.0,1.0,399.0,487.0,0.8,2.0,7.0,0.3,63.0,27.0,0.4,6.0,9.0,14.0,0.6,3.0,34.0,34.0,Go Ahead Eagles,9.0,3.0,0.0,2.0,6.0,5.0,45.9,6.0,2.0,0.3,0.0,0.0,312.0,397.0,0.8,3.0,24.0,0.1,68.0,28.0,0.4,2.0,5.0,10.0,0.5,8.0,16.0,16.0,741118,2025-12-14 13:30:00,2025
NAC Breda,10.0,2.0,0.0,0.0,6.0,5.0,56.3,16.0,3.0,0.2,0.0,0.0,464.0,536.0,0.9,1.0,17.0,0.1,35.0,16.0,0.5,6.0,6.0,16.0,0.4,16.0,15.0,15.0,FC Utrecht,12.0,2.0,0.0,0.0,5.0,2.0,43.7,11.0,6.0,0.5,0.0,0.0,346.0,411.0,0.8,6.0,16.0,0.4,37.0,13.0,0.4,1.0,10.0,20.0,0.5,14.0,30.0,30.0,741117,2025-12-14 15:45:00,2025
Heracles Almelo,12.0,1.0,0.0,4.0,4.0,5.0,41.7,8.0,2.0,0.3,0.0,0.0,273.0,349.0,0.8,5.0,21.0,0.2,58.0,20.0,0.3,3.0,8.0,12.0,0.7,10.0,21.0,21.0,Heerenveen,9.0,1.0,0.0,5.0,4.0,2.0,58.3,15.0,8.0,0.5,1.0,1.0,414.0,501.0,0.8,4.0,16.0,0.3,56.0,19.0,0.3,0.0,5.0,13.0,0.4,11.0,29.0,29.0,741122,2025-12-20 15:30:00,2025
Excelsior,13.0,1.0,0.0,2.0,3.0,3.0,48.3,13.0,4.0,0.3,0.0,0.0,359.0,453.0,0.8,7.0,17.0,0.4,87.0,42.0,0.5,2.0,11.0,17.0,0.6,9.0,21.0,21.0,PEC Zwolle,7.0,1.0,0.0,2.0,1.0,2.0,51.7,9.0,3.0,0.3,0.0,0.0,399.0,488.0,0.8,2.0,11.0,0.2,56.0,22.0,0.4,2.0,4.0,7.0,0.6,7.0,13.0,13.0,741120,2025-12-20 17:45:00,2025
NEC Nijmegen,8.0,3.0,1.0,3.0,1.0,6.0,39.3,14.0,5.0,0.4,0.0,0.0,264.0,339.0,0.8,3.0,15.0,0.2,62.0,26.0,0.4,4.0,9.0,15.0,0.6,3.0,16.0,16.0,Ajax Amsterdam,8.0,3.0,0.0,1.0,7.0,4.0,60.7,19.0,8.0,0.4,0.0,0.0,440.0,522.0,0.8,7.0,22.0,0.3,37.0,13.0,0.4,5.0,4.0,9.0,0.4,8.0,25.0,25.0,741121,2025-12-20 19:00:00,2025
NAC Breda,11.0,2.0,0.0,0.0,8.0,3.0,62.5,11.0,2.0,0.2,0.0,0.0,477.0,564.0,0.8,6.0,31.0,0.2,49.0,25.0,0.5,1.0,5.0,14.0,0.4,6.0,17.0,17.0,Telstar,16.0,3.0,0.0,1.0,3.0,2.0,37.5,11.0,4.0,0.4,0.0,0.0,260.0,352.0,0.7,1.0,7.0,0.1,51.0,17.0,0.3,2.0,6.0,14.0,0.4,11.0,33.0,33.0,741124,2025-12-20 20:00:00,2025
FC Utrecht,7.0,3.0,0.0,2.0,2.0,6.0,42.6,17.0,3.0,0.2,0.0,0.0,285.0,357.0,0.8,8.0,32.0,0.3,59.0,32.0,0.5,5.0,9.0,16.0,0.6,8.0,30.0,30.0,PSV Eindhoven,14.0,3.0,1.0,1.0,12.0,2.0,57.4,14.0,8.0,0.6,0.0,0.0,419.0,497.0,0.8,6.0,26.0,0.2,38.0,19.0,0.5,3.0,11.0,18.0,0.6,12.0,28.0,28.0,741127,2025-12-21 11:15:00,2025
Go Ahead Eagles,10.0,2.0,0.0,3.0,1.0,2.0,47.2,8.0,3.0,0.4,0.0,0.0,287.0,387.0,0.7,5.0,13.0,0.4,76.0,32.0,0.4,3.0,6.0,13.0,0.5,9.0,32.0,32.0,FC Groningen,13.0,1.0,0.0,3.0,8.0,2.0,52.8,14.0,3.0,0.2,0.0,0.0,338.0,423.0,0.8,6.0,27.0,0.2,58.0,29.0,0.5,3.0,9.0,11.0,0.8,5.0,19.0,19.0,741123,2025-12-21 13:30:00,2025
Feyenoord Rotterdam,15.0,0.0,1.0,2.0,7.0,10.0,45.7,10.0,4.0,0.4,0.0,0.0,311.0,397.0,0.8,5.0,13.0,0.4,48.0,21.0,0.4,2.0,8.0,14.0,0.6,13.0,33.0,33.0,FC Twente,11.0,0.0,0.0,0.0,12.0,3.0,54.3,29.0,11.0,0.4,0.0,0.0,381.0,469.0,0.8,6.0,26.0,0.2,70.0,37.0,0.5,9.0,11.0,13.0,0.8,5.0,18.0,18.0,741125,2025-12-21 13:30:00,2025
FC Volendam,14.0,3.0,0.0,2.0,6.0,9.0,39.6,12.0,5.0,0.4,0.0,0.0,218.0,280.0,0.8,7.0,20.0,0.4,53.0,21.0,0.4,3.0,8.0,18.0,0.4,2.0,30.0,30.0,Sparta Rotterdam,6.0,2.0,0.0,1.0,8.0,5.0,60.4,23.0,10.0,0.4,1.0,1.0,377.0,436.0,0.9,7.0,24.0,0.3,50.0,26.0,0.5,7.0,7.0,14.0,0.5,4.0,19.0,19.0,741126,2025-12-21 15:45:00,2025
Fortuna Sittard,18.0,3.0,0.0,2.0,5.0,5.0,34.0,15.0,6.0,0.4,0.0,0.0,163.0,243.0,0.7,5.0,11.0,0.5,58.0,22.0,0.4,5.0,18.0,30.0,0.6,2.0,27.0,27.0,AZ Alkmaar,11.0,0.0,0.0,0.0,8.0,3.0,66.0,21.0,9.0,0.4,0.0,1.0,409.0,465.0,0.9,4.0,25.0,0.2,51.0,24.0,0.5,5.0,7.0,11.0,0.6,6.0,22.0,22.0,741128,2025-12-21 15:45:00,2025
AZ Alkmaar,10.0,0.0,0.0,0.0,7.0,2.0,48.9,17.0,8.0,0.5,0.0,0.0,356.0,435.0,0.8,3.0,13.0,0.2,50.0,24.0,0.5,4.0,22.0,34.0,0.6,12.0,24.0,24.0,FC Volendam,9.0,1.0,0.0,3.0,2.0,7.0,51.1,7.0,2.0,0.3,0.0,0.0,370.0,453.0,0.8,4.0,16.0,0.3,65.0,25.0,0.4,1.0,14.0,28.0,0.5,9.0,17.0,17.0,741137,2026-01-10 15:30:00,2026
FC Twente,6.0,1.0,0.0,0.0,7.0,0.0,64.2,26.0,7.0,0.3,0.0,0.0,498.0,585.0,0.9,6.0,24.0,0.3,48.0,20.0,0.4,9.0,9.0,16.0,0.6,3.0,22.0,22.0,PEC Zwolle,11.0,3.0,0.0,1.0,2.0,6.0,35.8,3.0,1.0,0.3,0.0,0.0,238.0,326.0,0.7,0.0,6.0,0.0,55.0,19.0,0.3,0.0,16.0,27.0,0.6,8.0,50.0,50.0,741130,2026-01-10 17:45:00,2026
PSV Eindhoven,10.0,1.0,0.0,4.0,6.0,2.0,50.2,16.0,8.0,0.5,0.0,0.0,421.0,492.0,0.9,3.0,11.0,0.3,29.0,13.0,0.4,5.0,16.0,23.0,0.7,8.0,14.0,14.0,Excelsior,7.0,1.0,0.0,1.0,4.0,3.0,49.8,8.0,3.0,0.4,0.0,0.0,400.0,481.0,0.8,4.0,16.0,0.3,58.0,30.0,0.5,0.0,8.0,12.0,0.7,8.0,19.0,19.0,741131,2026-01-10 19:00:00,2026
FC Groningen,7.0,1.0,0.0,1.0,3.0,2.0,55.2,16.0,5.0,0.3,0.0,0.0,388.0,481.0,0.8,2.0,23.0,0.1,32.0,13.0,0.4,3.0,6.0,12.0,0.5,8.0,26.0,26.0,NAC Breda,6.0,2.0,0.0,1.0,4.0,5.0,44.8,10.0,2.0,0.2,0.0,0.0,296.0,393.0,0.8,4.0,18.0,0.2,66.0,30.0,0.5,3.0,8.0,16.0,0.5,10.0,36.0,36.0,741136,2026-01-10 20:00:00,2026
Heerenveen,11.0,1.0,0.0,0.0,6.0,1.0,56.6,16.0,7.0,0.4,0.0,0.0,464.0,560.0,0.8,2.0,14.0,0.1,58.0,26.0,0.4,5.0,11.0,18.0,0.6,7.0,7.0,7.0,Feyenoord Rotterdam,6.0,0.0,0.0,1.0,3.0,5.0,43.4,7.0,3.0,0.4,0.0,0.0,340.0,428.0,0.8,3.0,8.0,0.4,53.0,21.0,0.4,1.0,8.0,12.0,0.7,8.0,26.0,26.0,741134,2026-01-11 11:15:00,2026
Telstar,6.0,1.0,1.0,5.0,8.0,7.0,35.3,7.0,3.0,0.4,0.0,0.0,250.0,332.0,0.8,5.0,21.0,0.2,52.0,18.0,0.3,3.0,9.0,21.0,0.4,13.0,17.0,17.0,Ajax Amsterdam,6.0,1.0,0.0,0.0,3.0,2.0,64.7,16.0,10.0,0.6,0.0,0.0,566.0,643.0,0.9,2.0,7.0,0.3,56.0,33.0,0.6,4.0,7.0,13.0,0.5,7.0,36.0,36.0,741133,2026-01-11 13:30:00,2026
Go Ahead Eagles,10.0,0.0,0.0,2.0,9.0,3.0,62.0,23.0,8.0,0.3,0.0,0.0,476.0,545.0,0.9,8.0,31.0,0.3,40.0,18.0,0.5,7.0,1.0,7.0,0.1,6.0,20.0,20.0,Fortuna Sittard,9.0,1.0,0.0,0.0,1.0,6.0,38.0,12.0,5.0,0.4,0.0,0.0,261.0,338.0,0.8,3.0,13.0,0.2,63.0,31.0,0.5,3.0,6.0,8.0,0.8,5.0,28.0,28.0,741129,2026-01-11 13:30:00,2026
Sparta Rotterdam,6.0,1.0,0.0,2.0,9.0,2.0,50.9,22.0,9.0,0.4,0.0,0.0,332.0,400.0,0.8,6.0,26.0,0.2,59.0,33.0,0.6,8.0,9.0,18.0,0.5,8.0,26.0,26.0,Heracles Almelo,16.0,3.0,0.0,1.0,5.0,7.0,49.1,6.0,2.0,0.3,0.0,0.0,303.0,383.0,0.8,4.0,27.0,0.1,64.0,30.0,0.5,1.0,9.0,13.0,0.7,5.0,27.0,27.0,741132,2026-01-11 15:45:00,2026
Ajax Amsterdam,11.0,2.0,0.0,0.0,1.0,4.0,51.0,18.0,6.0,0.3,0.0,0.0,445.0,507.0,0.9,0.0,6.0,0.0,49.0,22.0,0.4,4.0,8.0,14.0,0.6,8.0,27.0,27.0,Go Ahead Eagles,16.0,4.0,0.0,2.0,5.0,4.0,49.0,10.0,6.0,0.6,0.0,0.0,411.0,474.0,0.9,2.0,23.0,0.1,36.0,17.0,0.5,0.0,9.0,11.0,0.8,6.0,20.0,20.0,741139,2026-01-17 15:30:00,2026
PEC Zwolle,12.0,1.0,0.0,2.0,3.0,3.0,47.2,12.0,5.0,0.4,0.0,0.0,310.0,388.0,0.8,2.0,8.0,0.3,56.0,26.0,0.5,2.0,15.0,19.0,0.8,12.0,33.0,33.0,AZ Alkmaar,14.0,2.0,0.0,2.0,7.0,2.0,52.8,12.0,4.0,0.3,0.0,0.0,339.0,429.0,0.8,1.0,13.0,0.1,51.0,19.0,0.4,3.0,12.0,20.0,0.6,7.0,14.0,14.0,741142,2026-01-17 17:45:00,2026
Fortuna Sittard,10.0,1.0,0.0,2.0,4.0,6.0,30.4,6.0,1.0,0.2,0.0,0.0,195.0,280.0,0.7,2.0,9.0,0.2,71.0,19.0,0.3,1.0,8.0,14.0,0.6,13.0,45.0,45.0,PSV Eindhoven,11.0,1.0,0.0,1.0,14.0,0.0,69.6,18.0,8.0,0.4,0.0,0.0,555.0,633.0,0.9,8.0,35.0,0.2,41.0,27.0,0.7,4.0,16.0,18.0,0.9,4.0,18.0,18.0,741144,2026-01-17 19:00:00,2026
Excelsior,11.0,3.0,0.0,1.0,3.0,2.0,61.6,13.0,3.0,0.2,0.0,0.0,410.0,504.0,0.8,6.0,27.0,0.2,79.0,49.0,0.6,3.0,5.0,8.0,0.6,10.0,23.0,23.0,Telstar,8.0,0.0,0.0,2.0,7.0,1.0,38.4,17.0,3.0,0.2,0.0,0.0,219.0,317.0,0.7,6.0,18.0,0.3,71.0,27.0,0.4,10.0,8.0,12.0,0.7,7.0,37.0,37.0,741145,2026-01-17 19:00:00,2026
NAC Breda,13.0,3.0,0.0,3.0,2.0,4.0,45.6,14.0,5.0,0.4,0.0,0.0,226.0,322.0,0.7,5.0,19.0,0.3,69.0,33.0,0.5,3.0,12.0,25.0,0.5,4.0,31.0,31.0,NEC Nijmegen,15.0,1.0,0.0,3.0,3.0,2.0,54.4,11.0,8.0,0.7,0.0,0.0,307.0,396.0,0.8,2.0,12.0,0.2,67.0,22.0,0.3,2.0,9.0,13.0,0.7,10.0,22.0,22.0,741141,2026-01-17 20:00:00,2026
Heerenveen,11.0,2.0,0.0,3.0,4.0,5.0,56.2,17.0,5.0,0.3,0.0,0.0,400.0,488.0,0.8,4.0,17.0,0.2,67.0,28.0,0.4,6.0,8.0,14.0,0.6,4.0,16.0,16.0,FC Groningen,13.0,2.0,0.0,2.0,6.0,5.0,43.8,12.0,6.0,0.5,0.0,0.0,290.0,378.0,0.8,4.0,13.0,0.3,52.0,24.0,0.5,1.0,13.0,18.0,0.7,4.0,30.0,30.0,741143,2026-01-18 11:15:00,2026
Heracles Almelo,12.0,2.0,0.0,4.0,4.0,4.0,48.6,11.0,2.0,0.2,0.0,0.0,305.0,376.0,0.8,8.0,22.0,0.4,53.0,25.0,0.5,2.0,10.0,15.0,0.7,12.0,15.0,15.0,FC Twente,14.0,4.0,1.0,0.0,2.0,2.0,51.4,18.0,6.0,0.3,1.0,1.0,319.0,412.0,0.8,3.0,7.0,0.4,60.0,19.0,0.3,7.0,14.0,20.0,0.7,6.0,26.0,26.0,741140,2026-01-18 13:30:00,2026
FC Volendam,14.0,3.0,0.0,4.0,1.0,5.0,45.6,7.0,3.0,0.4,0.0,0.0,301.0,380.0,0.8,0.0,9.0,0.0,61.0,20.0,0.3,2.0,11.0,16.0,0.7,14.0,20.0,20.0,FC Utrecht,14.0,3.0,0.0,0.0,6.0,1.0,54.4,16.0,5.0,0.3,0.0,0.0,366.0,441.0,0.8,9.0,24.0,0.4,46.0,22.0,0.5,5.0,12.0,22.0,0.5,9.0,22.0,22.0,741146,2026-01-18 13:30:00,2026
Feyenoord Rotterdam,6.0,1.0,0.0,1.0,9.0,1.0,56.1,22.0,12.0,0.5,0.0,0.0,414.0,498.0,0.8,6.0,28.0,0.2,37.0,15.0,0.4,5.0,6.0,12.0,0.5,6.0,23.0,23.0,Sparta Rotterdam,11.0,3.0,0.0,0.0,0.0,9.0,43.9,13.0,5.0,0.4,0.0,0.0,306.0,400.0,0.8,0.0,7.0,0.0,74.0,34.0,0.5,3.0,10.0,19.0,0.5,7.0,41.0,41.0,741138,2026-01-18 15:45:00,2026
AZ Alkmaar,8.0,3.0,0.0,2.0,4.0,1.0,60.0,13.0,4.0,0.3,0.0,0.0,522.0,618.0,0.8,0.0,14.0,0.0,45.0,20.0,0.4,4.0,15.0,22.0,0.7,10.0,26.0,26.0,Excelsior,10.0,1.0,0.0,1.0,5.0,3.0,40.0,8.0,2.0,0.3,0.0,0.0,308.0,402.0,0.8,5.0,16.0,0.3,71.0,31.0,0.4,2.0,13.0,19.0,0.7,11.0,31.0,31.0,741111,2026-01-21 17:45:00,2026
Ajax Amsterdam,10.0,1.0,0.0,2.0,10.0,2.0,64.5,31.0,14.0,0.5,0.0,0.0,546.0,618.0,0.9,5.0,24.0,0.2,38.0,20.0,0.5,9.0,10.0,18.0,0.6,11.0,9.0,9.0,FC Volendam,13.0,3.0,0.0,3.0,0.0,11.0,35.5,5.0,2.0,0.4,0.0,0.0,282.0,344.0,0.8,1.0,7.0,0.1,45.0,15.0,0.3,0.0,10.0,16.0,0.6,11.0,32.0,32.0,741148,2026-01-24 15:30:00,2026
NEC Nijmegen,7.0,1.0,0.0,1.0,10.0,4.0,45.2,13.0,2.0,0.2,0.0,0.0,253.0,353.0,0.7,9.0,26.0,0.3,60.0,15.0,0.3,4.0,9.0,13.0,0.7,15.0,28.0,28.0,PEC Zwolle,12.0,2.0,0.0,1.0,6.0,0.0,54.8,11.0,6.0,0.5,0.0,0.0,338.0,443.0,0.8,3.0,16.0,0.2,53.0,18.0,0.3,3.0,14.0,20.0,0.7,4.0,33.0,33.0,741150,2026-01-24 17:45:00,2026
PSV Eindhoven,13.0,4.0,0.0,1.0,10.0,0.0,73.0,16.0,4.0,0.3,0.0,0.0,574.0,666.0,0.9,11.0,35.0,0.3,32.0,13.0,0.4,3.0,8.0,13.0,0.6,11.0,10.0,10.0,NAC Breda,13.0,3.0,0.0,2.0,4.0,2.0,27.0,6.0,2.0,0.3,0.0,0.0,172.0,248.0,0.7,4.0,12.0,0.3,48.0,19.0,0.4,1.0,9.0,13.0,0.7,15.0,40.0,40.0,741151,2026-01-24 19:00:00,2026
FC Twente,10.0,1.0,0.0,2.0,11.0,1.0,65.0,14.0,3.0,0.2,0.0,0.0,504.0,604.0,0.8,4.0,20.0,0.2,57.0,31.0,0.5,5.0,9.0,12.0,0.8,4.0,23.0,23.0,Excelsior,8.0,1.0,0.0,0.0,5.0,3.0,35.0,8.0,1.0,0.1,0.0,0.0,231.0,321.0,0.7,7.0,14.0,0.5,60.0,28.0,0.5,4.0,9.0,19.0,0.5,15.0,36.0,36.0,741155,2026-01-24 20:00:00,2026
Telstar,13.0,1.0,0.0,3.0,5.0,3.0,48.7,10.0,3.0,0.3,0.0,0.0,279.0,367.0,0.8,4.0,26.0,0.2,79.0,30.0,0.4,1.0,11.0,16.0,0.7,13.0,30.0,30.0,AZ Alkmaar,16.0,2.0,0.0,0.0,1.0,3.0,51.3,12.0,4.0,0.3,0.0,0.0,300.0,402.0,0.7,1.0,11.0,0.1,70.0,27.0,0.4,2.0,14.0,27.0,0.5,8.0,31.0,31.0,741152,2026-01-25 11:15:00,2026
FC Groningen,12.0,3.0,0.0,2.0,16.0,4.0,59.9,25.0,5.0,0.2,0.0,0.0,409.0,493.0,0.8,11.0,51.0,0.2,44.0,24.0,0.5,9.0,6.0,13.0,0.5,6.0,17.0,17.0,Fortuna Sittard,15.0,2.0,0.0,2.0,3.0,4.0,40.1,10.0,6.0,0.6,0.0,0.0,247.0,358.0,0.7,1.0,8.0,0.1,80.0,21.0,0.3,3.0,8.0,10.0,0.8,5.0,64.0,64.0,741154,2026-01-25 13:30:00,2026
FC Utrecht,11.0,0.0,0.0,2.0,10.0,2.0,58.6,22.0,5.0,0.2,0.0,0.0,406.0,496.0,0.8,7.0,28.0,0.3,47.0,19.0,0.4,5.0,8.0,13.0,0.6,5.0,11.0,11.0,Sparta Rotterdam,14.0,4.0,0.0,0.0,0.0,6.0,41.4,5.0,3.0,0.6,0.0,0.0,278.0,370.0,0.8,1.0,3.0,0.3,72.0,33.0,0.5,1.0,5.0,13.0,0.4,5.0,35.0,35.0,741147,2026-01-25 15:45:00,2026
Feyenoord Rotterdam,12.0,2.0,0.0,3.0,8.0,1.0,66.1,16.0,8.0,0.5,0.0,0.0,467.0,535.0,0.9,5.0,27.0,0.2,49.0,30.0,0.6,5.0,6.0,14.0,0.4,11.0,10.0,10.0,Heracles Almelo,17.0,2.0,0.0,0.0,1.0,4.0,33.9,7.0,3.0,0.4,2.0,1.0,199.0,283.0,0.7,2.0,5.0,0.4,71.0,25.0,0.4,1.0,13.0,23.0,0.6,9.0,30.0,30.0,741153,2026-01-25 15:45:00,2026
NAC Breda,7.0,1.0,0.0,1.0,8.0,7.0,62.8,20.0,10.0,0.5,0.0,0.0,416.0,533.0,0.8,6.0,27.0,0.2,73.0,34.0,0.5,5.0,9.0,17.0,0.5,9.0,35.0,35.0,FC Twente,10.0,1.0,0.0,0.0,4.0,7.0,37.2,18.0,9.0,0.5,0.0,0.0,220.0,320.0,0.7,1.0,11.0,0.1,62.0,21.0,0.3,6.0,7.0,11.0,0.6,13.0,55.0,55.0,741162,2026-01-30 19:00:00,2026
AZ Alkmaar,15.0,1.0,0.0,2.0,3.0,5.0,48.3,11.0,2.0,0.2,0.0,0.0,278.0,394.0,0.7,4.0,7.0,0.6,70.0,33.0,0.5,5.0,10.0,19.0,0.5,10.0,29.0,29.0,NEC Nijmegen,16.0,2.0,0.0,2.0,3.0,2.0,51.7,19.0,8.0,0.4,0.0,0.0,299.0,418.0,0.7,5.0,15.0,0.3,88.0,29.0,0.3,3.0,7.0,11.0,0.6,14.0,21.0,21.0,741157,2026-01-31 15:30:00,2026
PEC Zwolle,11.0,0.0,0.0,2.0,6.0,7.0,57.5,16.0,9.0,0.6,0.0,0.0,374.0,466.0,0.8,6.0,16.0,0.4,71.0,39.0,0.5,3.0,14.0,17.0,0.8,12.0,34.0,34.0,Telstar,16.0,0.0,0.0,0.0,9.0,5.0,42.5,14.0,8.0,0.6,0.0,0.0,239.0,334.0,0.7,7.0,22.0,0.3,69.0,33.0,0.5,2.0,11.0,20.0,0.6,9.0,21.0,21.0,741158,2026-01-31 17:45:00,2026
Sparta Rotterdam,8.0,1.0,0.0,0.0,3.0,2.0,45.9,9.0,5.0,0.6,0.0,0.0,317.0,414.0,0.8,2.0,12.0,0.2,59.0,25.0,0.4,1.0,10.0,20.0,0.5,10.0,35.0,35.0,FC Groningen,16.0,5.0,0.0,3.0,6.0,3.0,54.1,8.0,2.0,0.3,0.0,0.0,406.0,481.0,0.8,5.0,23.0,0.2,49.0,24.0,0.5,5.0,11.0,12.0,0.9,8.0,23.0,23.0,741160,2026-01-31 20:00:00,2026
Excelsior,12.0,1.0,0.0,3.0,4.0,1.0,48.2,11.0,5.0,0.5,0.0,0.0,356.0,443.0,0.8,4.0,16.0,0.3,69.0,27.0,0.4,2.0,6.0,12.0,0.5,14.0,17.0,17.0,Ajax Amsterdam,5.0,0.0,0.0,2.0,1.0,3.0,51.8,9.0,3.0,0.3,0.0,0.0,396.0,487.0,0.8,0.0,8.0,0.0,64.0,25.0,0.4,1.0,11.0,15.0,0.7,3.0,18.0,18.0,741163,2026-02-01 11:15:00,2026
PSV Eindhoven,8.0,1.0,0.0,1.0,8.0,2.0,60.4,14.0,7.0,0.5,0.0,0.0,509.0,588.0,0.9,3.0,16.0,0.2,54.0,24.0,0.4,3.0,11.0,20.0,0.6,10.0,9.0,9.0,Feyenoord Rotterdam,8.0,3.0,1.0,1.0,3.0,5.0,39.6,8.0,2.0,0.3,0.0,0.0,312.0,382.0,0.8,3.0,10.0,0.3,53.0,20.0,0.4,2.0,10.0,16.0,0.6,10.0,21.0,21.0,741159,2026-02-01 13:30:00,2026
Heracles Almelo,17.0,2.0,0.0,1.0,4.0,5.0,46.3,11.0,7.0,0.6,0.0,0.0,265.0,367.0,0.7,4.0,13.0,0.3,58.0,20.0,0.3,1.0,4.0,11.0,0.4,8.0,21.0,21.0,Fortuna Sittard,14.0,3.0,0.0,2.0,5.0,5.0,53.7,12.0,6.0,0.5,0.0,0.0,324.0,425.0,0.8,4.0,19.0,0.2,67.0,21.0,0.3,2.0,10.0,14.0,0.7,9.0,34.0,34.0,741156,2026-02-01 13:30:00,2026
Heerenveen,11.0,1.0,0.0,1.0,5.0,3.0,59.6,19.0,3.0,0.2,0.0,0.0,531.0,603.0,0.9,2.0,15.0,0.1,58.0,40.0,0.7,8.0,11.0,14.0,0.8,4.0,16.0,16.0,FC Utrecht,10.0,2.0,0.0,0.0,6.0,2.0,40.4,11.0,4.0,0.4,0.0,0.0,322.0,399.0,0.8,3.0,16.0,0.2,49.0,26.0,0.5,3.0,6.0,16.0,0.4,8.0,20.0,20.0,741161,2026-02-01 15:45:00,2026
FC Volendam,7.0,4.0,0.0,1.0,6.0,5.0,61.8,20.0,5.0,0.3,0.0,0.0,433.0,504.0,0.9,6.0,27.0,0.2,47.0,21.0,0.4,9.0,6.0,8.0,0.8,5.0,33.0,33.0,Go Ahead Eagles,16.0,4.0,1.0,1.0,5.0,4.0,38.2,13.0,5.0,0.4,0.0,0.0,230.0,315.0,0.7,3.0,15.0,0.2,69.0,23.0,0.3,5.0,9.0,16.0,0.6,7.0,38.0,38.0,741164,2026-02-01 19:00:00,2026
NAC Breda,6.0,2.0,1.0,2.0,8.0,4.0,48.6,15.0,6.0,0.4,0.0,0.0,289.0,411.0,0.7,7.0,28.0,0.3,70.0,13.0,0.2,2.0,7.0,10.0,0.7,8.0,25.0,25.0,Excelsior,15.0,2.0,0.0,0.0,3.0,6.0,51.4,9.0,6.0,0.7,0.0,0.0,340.0,442.0,0.8,5.0,16.0,0.3,85.0,47.0,0.6,0.0,7.0,11.0,0.6,8.0,48.0,48.0,741169,2026-02-06 19:00:00,2026
NEC Nijmegen,10.0,0.0,0.0,1.0,3.0,1.0,68.2,15.0,6.0,0.4,2.0,1.0,431.0,496.0,0.9,4.0,21.0,0.2,45.0,19.0,0.4,3.0,8.0,17.0,0.5,6.0,15.0,15.0,Heracles Almelo,18.0,2.0,0.0,2.0,6.0,2.0,31.8,10.0,2.0,0.2,0.0,0.0,159.0,229.0,0.7,4.0,11.0,0.4,50.0,16.0,0.3,1.0,14.0,21.0,0.7,8.0,26.0,26.0,741168,2026-02-07 15:30:00,2026
PEC Zwolle,18.0,3.0,0.0,3.0,6.0,5.0,57.5,14.0,4.0,0.3,0.0,0.0,346.0,427.0,0.8,4.0,19.0,0.2,47.0,18.0,0.4,4.0,9.0,16.0,0.6,8.0,32.0,32.0,FC Volendam,10.0,0.0,0.0,4.0,5.0,3.0,42.5,15.0,7.0,0.5,0.0,0.0,219.0,315.0,0.7,3.0,13.0,0.2,68.0,16.0,0.2,5.0,7.0,20.0,0.4,10.0,23.0,23.0,741170,2026-02-07 17:45:00,2026
FC Twente,8.0,1.0,0.0,1.0,7.0,0.0,59.8,29.0,14.0,0.5,0.0,0.0,457.0,532.0,0.9,7.0,19.0,0.4,57.0,33.0,0.6,7.0,10.0,17.0,0.6,16.0,18.0,18.0,Heerenveen,10.0,3.0,0.0,1.0,0.0,9.0,40.2,7.0,0.0,0.0,0.0,0.0,267.0,357.0,0.7,2.0,9.0,0.2,54.0,21.0,0.4,2.0,9.0,17.0,0.5,6.0,25.0,25.0,741173,2026-02-07 19:00:00,2026
Fortuna Sittard,13.0,3.0,0.0,3.0,3.0,3.0,35.5,11.0,3.0,0.3,0.0,0.0,253.0,338.0,0.7,2.0,8.0,0.3,66.0,27.0,0.4,7.0,12.0,18.0,0.7,12.0,41.0,41.0,Sparta Rotterdam,10.0,1.0,0.0,2.0,13.0,1.0,64.5,16.0,5.0,0.3,0.0,0.0,498.0,581.0,0.9,8.0,45.0,0.2,49.0,30.0,0.6,4.0,9.0,16.0,0.6,6.0,9.0,9.0,741171,2026-02-07 20:00:00,2026
FC Utrecht,12.0,1.0,1.0,1.0,2.0,3.0,46.7,6.0,5.0,0.8,0.0,0.0,310.0,415.0,0.7,2.0,14.0,0.1,65.0,28.0,0.4,1.0,6.0,12.0,0.5,7.0,32.0,32.0,Feyenoord Rotterdam,14.0,4.0,0.0,0.0,8.0,5.0,53.3,10.0,4.0,0.4,0.0,0.0,386.0,477.0,0.8,4.0,12.0,0.3,57.0,21.0,0.4,2.0,10.0,15.0,0.7,14.0,28.0,28.0,741165,2026-02-08 11:15:00,2026
Go Ahead Eagles,6.0,1.0,0.0,1.0,13.0,1.0,57.5,24.0,11.0,0.5,0.0,0.0,318.0,387.0,0.8,13.0,41.0,0.3,62.0,33.0,0.5,4.0,6.0,13.0,0.5,12.0,25.0,25.0,Telstar,14.0,0.0,0.0,1.0,2.0,10.0,42.5,12.0,2.0,0.2,0.0,0.0,215.0,303.0,0.7,2.0,10.0,0.2,74.0,34.0,0.5,5.0,12.0,14.0,0.9,8.0,49.0,49.0,741167,2026-02-08 13:30:00,2026
AZ Alkmaar,11.0,3.0,0.0,4.0,2.0,1.0,38.0,14.0,6.0,0.4,0.0,0.0,251.0,336.0,0.7,2.0,14.0,0.1,51.0,17.0,0.3,5.0,11.0,18.0,0.6,9.0,30.0,30.0,Ajax Amsterdam,12.0,0.0,0.0,1.0,4.0,5.0,62.0,12.0,2.0,0.2,0.0,0.0,458.0,550.0,0.8,8.0,21.0,0.4,64.0,34.0,0.5,4.0,6.0,9.0,0.7,7.0,19.0,19.0,741166,2026-02-08 13:30:00,2026
FC Groningen,8.0,1.0,0.0,1.0,6.0,3.0,36.9,8.0,4.0,0.5,0.0,0.0,226.0,317.0,0.7,4.0,22.0,0.2,82.0,34.0,0.4,0.0,13.0,20.0,0.7,7.0,31.0,31.0,PSV Eindhoven,9.0,1.0,0.0,3.0,11.0,3.0,63.1,15.0,5.0,0.3,0.0,0.0,485.0,560.0,0.9,6.0,25.0,0.2,48.0,24.0,0.5,6.0,9.0,14.0,0.6,7.0,33.0,33.0,741172,2026-02-08 15:45:00,2026
Go Ahead Eagles,8.0,1.0,0.0,1.0,8.0,7.0,46.1,13.0,6.0,0.5,0.0,0.0,315.0,383.0,0.8,7.0,27.0,0.3,77.0,43.0,0.6,3.0,7.0,10.0,0.7,9.0,20.0,20.0,Heerenveen,14.0,0.0,0.0,0.0,4.0,5.0,53.9,19.0,10.0,0.5,0.0,0.0,400.0,471.0,0.8,5.0,10.0,0.5,54.0,23.0,0.4,7.0,9.0,12.0,0.8,7.0,32.0,32.0,741149,2026-02-11 17:45:00,2026
NEC Nijmegen,6.0,3.0,0.0,0.0,5.0,2.0,75.0,25.0,6.0,0.2,0.0,0.0,545.0,648.0,0.8,8.0,31.0,0.3,61.0,25.0,0.4,8.0,6.0,8.0,0.8,5.0,8.0,8.0,FC Utrecht,16.0,2.0,0.0,1.0,0.0,5.0,25.0,11.0,5.0,0.5,0.0,0.0,120.0,219.0,0.5,0.0,5.0,0.0,82.0,29.0,0.4,2.0,11.0,18.0,0.6,13.0,48.0,48.0,741135,2026-02-11 20:00:00,2026
FC Volendam,9.0,1.0,0.0,1.0,4.0,4.0,32.7,12.0,4.0,0.3,0.0,0.0,210.0,285.0,0.7,1.0,11.0,0.1,59.0,21.0,0.4,5.0,10.0,17.0,0.6,16.0,30.0,30.0,PSV Eindhoven,12.0,1.0,0.0,3.0,8.0,2.0,67.3,19.0,5.0,0.3,0.0,0.0,514.0,590.0,0.9,8.0,24.0,0.3,39.0,21.0,0.5,5.0,14.0,18.0,0.8,9.0,18.0,18.0,741174,2026-02-13 19:00:00,2026
Heracles Almelo,12.0,0.0,0.0,4.0,4.0,4.0,52.9,14.0,3.0,0.2,0.0,0.0,278.0,375.0,0.7,5.0,18.0,0.3,60.0,28.0,0.5,5.0,10.0,20.0,0.5,9.0,26.0,26.0,NAC Breda,12.0,1.0,0.0,4.0,3.0,3.0,47.1,13.0,5.0,0.4,2.0,1.0,258.0,340.0,0.8,2.0,8.0,0.3,61.0,26.0,0.4,4.0,10.0,15.0,0.7,5.0,31.0,31.0,741176,2026-02-14 15:30:00,2026
Excelsior,7.0,1.0,0.0,1.0,7.0,5.0,45.1,11.0,2.0,0.2,0.0,0.0,366.0,447.0,0.8,3.0,17.0,0.2,84.0,45.0,0.5,5.0,6.0,10.0,0.6,14.0,18.0,18.0,AZ Alkmaar,6.0,2.0,0.0,0.0,5.0,1.0,54.9,16.0,7.0,0.4,0.0,0.0,469.0,557.0,0.8,5.0,13.0,0.4,55.0,32.0,0.6,2.0,10.0,12.0,0.8,10.0,19.0,19.0,741181,2026-02-14 17:45:00,2026
Ajax Amsterdam,11.0,0.0,0.0,1.0,4.0,1.0,55.3,20.0,8.0,0.4,0.0,0.0,523.0,575.0,0.9,3.0,14.0,0.2,29.0,14.0,0.5,5.0,7.0,18.0,0.4,9.0,15.0,15.0,Fortuna Sittard,10.0,0.0,0.0,2.0,0.0,4.0,44.7,8.0,1.0,0.1,0.0,0.0,395.0,464.0,0.9,3.0,11.0,0.3,46.0,19.0,0.4,2.0,21.0,26.0,0.8,12.0,18.0,18.0,741178,2026-02-14 19:00:00,2026
FC Groningen,12.0,0.0,0.0,2.0,2.0,5.0,48.0,11.0,2.0,0.2,0.0,0.0,340.0,423.0,0.8,4.0,13.0,0.3,41.0,23.0,0.6,2.0,11.0,24.0,0.5,7.0,32.0,32.0,FC Utrecht,6.0,1.0,0.0,3.0,8.0,1.0,52.0,14.0,7.0,0.5,0.0,0.0,370.0,452.0,0.8,6.0,22.0,0.3,61.0,35.0,0.6,5.0,10.0,20.0,0.5,10.0,21.0,21.0,741180,2026-02-14 20:00:00,2026
Feyenoord Rotterdam,13.0,1.0,0.0,0.0,19.0,0.0,74.5,33.0,8.0,0.2,2.0,1.0,434.0,489.0,0.9,17.0,58.0,0.3,27.0,11.0,0.4,11.0,11.0,14.0,0.8,6.0,13.0,13.0,Go Ahead Eagles,13.0,3.0,1.0,0.0,2.0,7.0,25.5,4.0,0.0,0.0,0.0,0.0,106.0,175.0,0.6,5.0,10.0,0.5,57.0,18.0,0.3,1.0,12.0,17.0,0.7,5.0,53.0,53.0,741175,2026-02-15 11:15:00,2026
Heerenveen,8.0,1.0,0.0,1.0,2.0,4.0,44.0,11.0,5.0,0.5,0.0,0.0,308.0,391.0,0.8,2.0,10.0,0.2,46.0,15.0,0.3,3.0,9.0,16.0,0.6,8.0,28.0,28.0,PEC Zwolle,6.0,0.0,0.0,0.0,5.0,1.0,56.0,12.0,6.0,0.5,0.0,0.0,419.0,494.0,0.8,5.0,21.0,0.2,53.0,24.0,0.5,3.0,13.0,21.0,0.6,8.0,32.0,32.0,741179,2026-02-15 13:30:00,2026
Telstar,11.0,1.0,0.0,3.0,3.0,6.0,46.6,14.0,4.0,0.3,0.0,0.0,329.0,429.0,0.8,5.0,11.0,0.5,76.0,43.0,0.6,4.0,11.0,23.0,0.5,19.0,44.0,44.0,FC Twente,8.0,1.0,0.0,3.0,6.0,3.0,53.4,20.0,7.0,0.4,0.0,0.0,385.0,478.0,0.8,9.0,25.0,0.4,60.0,28.0,0.5,10.0,12.0,20.0,0.6,9.0,30.0,30.0,741182,2026-02-15 13:30:00,2026
Sparta Rotterdam,18.0,3.0,0.0,0.0,9.0,4.0,41.4,13.0,5.0,0.4,0.0,0.0,205.0,315.0,0.7,8.0,18.0,0.4,83.0,31.0,0.4,3.0,8.0,18.0,0.4,13.0,31.0,31.0,NEC Nijmegen,12.0,4.0,0.0,3.0,5.0,4.0,58.6,12.0,5.0,0.4,0.0,0.0,330.0,453.0,0.7,5.0,22.0,0.2,77.0,26.0,0.3,5.0,7.0,10.0,0.7,4.0,22.0,22.0,741177,2026-02-17 19:00:00,2026
Fortuna Sittard,7.0,1.0,0.0,0.0,5.0,3.0,45.8,16.0,6.0,0.4,2.0,1.0,306.0,393.0,0.8,2.0,18.0,0.1,61.0,19.0,0.3,4.0,4.0,13.0,0.3,10.0,27.0,27.0,Excelsior,15.0,1.0,0.0,2.0,3.0,4.0,54.2,10.0,4.0,0.4,0.0,0.0,373.0,464.0,0.8,4.0,16.0,0.3,65.0,31.0,0.5,1.0,4.0,9.0,0.4,9.0,31.0,31.0,741187,2026-02-20 19:00:00,2026
PSV Eindhoven,11.0,2.0,0.0,2.0,9.0,3.0,65.2,28.0,7.0,0.3,0.0,0.0,544.0,622.0,0.9,10.0,26.0,0.4,45.0,23.0,0.5,5.0,15.0,22.0,0.7,7.0,17.0,17.0,Heerenveen,5.0,1.0,0.0,0.0,3.0,4.0,34.8,14.0,4.0,0.3,0.0,0.0,255.0,337.0,0.8,5.0,7.0,0.7,58.0,22.0,0.4,8.0,10.0,16.0,0.6,11.0,19.0,19.0,741190,2026-02-21 17:45:00,2026
NAC Breda,13.0,1.0,0.0,1.0,6.0,1.0,52.6,17.0,3.0,0.2,0.0,0.0,293.0,381.0,0.8,2.0,23.0,0.1,66.0,27.0,0.4,3.0,11.0,17.0,0.6,11.0,30.0,30.0,FC Volendam,13.0,3.0,0.0,1.0,3.0,3.0,47.4,8.0,1.0,0.1,0.0,0.0,257.0,352.0,0.7,1.0,10.0,0.1,67.0,18.0,0.3,3.0,10.0,17.0,0.6,11.0,33.0,33.0,741189,2026-02-21 19:00:00,2026
Ajax Amsterdam,7.0,1.0,0.0,2.0,6.0,7.0,48.1,9.0,4.0,0.4,0.0,0.0,322.0,415.0,0.8,2.0,11.0,0.2,65.0,27.0,0.4,3.0,6.0,14.0,0.4,10.0,29.0,29.0,NEC Nijmegen,16.0,1.0,0.0,5.0,7.0,3.0,51.9,17.0,9.0,0.5,0.0,0.0,347.0,437.0,0.8,5.0,21.0,0.2,62.0,22.0,0.4,3.0,9.0,15.0,0.6,8.0,16.0,16.0,741183,2026-02-21 20:00:00,2026
FC Twente,8.0,0.0,0.0,1.0,4.0,2.0,48.8,6.0,4.0,0.7,0.0,0.0,343.0,448.0,0.8,3.0,15.0,0.2,72.0,32.0,0.4,2.0,9.0,17.0,0.5,5.0,21.0,21.0,FC Groningen,6.0,2.0,0.0,2.0,4.0,2.0,51.2,11.0,3.0,0.3,0.0,0.0,400.0,477.0,0.8,7.0,15.0,0.5,57.0,32.0,0.6,3.0,8.0,18.0,0.4,4.0,33.0,33.0,741184,2026-02-22 11:15:00,2026
Go Ahead Eagles,7.0,1.0,0.0,0.0,4.0,2.0,50.9,12.0,6.0,0.5,0.0,0.0,348.0,420.0,0.8,1.0,20.0,0.1,51.0,22.0,0.4,1.0,10.0,13.0,0.8,6.0,29.0,29.0,Heracles Almelo,13.0,3.0,0.0,0.0,5.0,2.0,49.1,9.0,2.0,0.2,0.0,0.0,334.0,403.0,0.8,5.0,20.0,0.3,58.0,26.0,0.4,1.0,10.0,18.0,0.6,13.0,26.0,26.0,741188,2026-02-22 13:30:00,2026
FC Utrecht,11.0,1.0,0.0,1.0,6.0,3.0,53.5,25.0,3.0,0.1,0.0,0.0,343.0,439.0,0.8,8.0,28.0,0.3,60.0,29.0,0.5,10.0,11.0,23.0,0.5,9.0,16.0,16.0,PEC Zwolle,17.0,0.0,1.0,3.0,4.0,2.0,46.5,9.0,4.0,0.4,0.0,0.0,306.0,398.0,0.8,2.0,9.0,0.2,57.0,23.0,0.4,1.0,12.0,23.0,0.5,12.0,33.0,33.0,741185,2026-02-22 13:30:00,2026
AZ Alkmaar,9.0,2.0,0.0,1.0,2.0,3.0,45.4,11.0,5.0,0.5,0.0,0.0,279.0,372.0,0.8,0.0,8.0,0.0,73.0,31.0,0.4,2.0,13.0,26.0,0.5,9.0,39.0,39.0,Sparta Rotterdam,12.0,2.0,0.0,1.0,7.0,2.0,54.6,12.0,4.0,0.3,0.0,0.0,352.0,437.0,0.8,8.0,20.0,0.4,62.0,33.0,0.5,3.0,13.0,19.0,0.7,6.0,28.0,28.0,741191,2026-02-22 15:45:00,2026
Feyenoord Rotterdam,7.0,1.0,0.0,2.0,5.0,4.0,52.9,19.0,10.0,0.5,0.0,0.0,370.0,439.0,0.8,6.0,17.0,0.4,42.0,25.0,0.6,3.0,4.0,8.0,0.5,9.0,14.0,14.0,Telstar,16.0,1.0,0.0,1.0,1.0,6.0,47.1,8.0,6.0,0.8,0.0,0.0,312.0,401.0,0.8,0.0,9.0,0.0,59.0,27.0,0.5,1.0,9.0,13.0,0.7,9.0,21.0,21.0,741186,2026-02-22 19:00:00,2026
Telstar,11.0,1.0,0.0,1.0,10.0,0.0,62.3,14.0,7.0,0.5,0.0,0.0,371.0,456.0,0.8,9.0,33.0,0.3,58.0,31.0,0.5,4.0,10.0,19.0,0.5,8.0,24.0,24.0,NAC Breda,13.0,4.0,0.0,0.0,4.0,4.0,37.7,10.0,0.0,0.0,0.0,0.0,188.0,271.0,0.7,3.0,20.0,0.2,68.0,23.0,0.3,3.0,4.0,10.0,0.4,7.0,37.0,37.0,741199,2026-02-27 19:00:00,2026
Heerenveen,11.0,3.0,0.0,1.0,5.0,4.0,44.5,16.0,4.0,0.3,0.0,0.0,337.0,427.0,0.8,4.0,13.0,0.3,56.0,18.0,0.3,9.0,9.0,12.0,0.8,12.0,36.0,36.0,Sparta Rotterdam,5.0,2.0,0.0,3.0,6.0,2.0,55.5,13.0,3.0,0.2,0.0,0.0,443.0,520.0,0.9,4.0,27.0,0.1,51.0,26.0,0.5,4.0,6.0,11.0,0.5,15.0,26.0,26.0,741196,2026-02-28 15:30:00,2026
Heracles Almelo,15.0,2.0,0.0,0.0,3.0,12.0,38.0,15.0,3.0,0.2,0.0,0.0,250.0,323.0,0.8,6.0,20.0,0.3,57.0,38.0,0.7,4.0,9.0,15.0,0.6,6.0,23.0,23.0,PSV Eindhoven,14.0,1.0,0.0,2.0,5.0,2.0,62.0,24.0,15.0,0.6,2.0,1.0,470.0,540.0,0.9,5.0,18.0,0.3,39.0,23.0,0.6,3.0,7.0,16.0,0.4,4.0,33.0,33.0,741200,2026-02-28 17:45:00,2026
NEC Nijmegen,10.0,1.0,0.0,2.0,10.0,6.0,67.9,15.0,4.0,0.3,0.0,0.0,417.0,494.0,0.8,8.0,35.0,0.2,46.0,23.0,0.5,8.0,14.0,22.0,0.6,3.0,15.0,15.0,Fortuna Sittard,13.0,2.0,0.0,0.0,5.0,1.0,32.1,13.0,9.0,0.7,0.0,0.0,159.0,242.0,0.7,5.0,9.0,0.6,60.0,22.0,0.4,0.0,15.0,28.0,0.5,12.0,57.0,57.0,741197,2026-02-28 20:00:00,2026
PEC Zwolle,12.0,3.0,0.0,2.0,12.0,2.0,39.9,9.0,2.0,0.2,0.0,0.0,237.0,316.0,0.8,6.0,26.0,0.2,63.0,24.0,0.4,3.0,16.0,23.0,0.7,9.0,22.0,22.0,Ajax Amsterdam,8.0,2.0,0.0,2.0,3.0,2.0,60.1,6.0,2.0,0.3,0.0,0.0,410.0,500.0,0.8,1.0,15.0,0.1,53.0,23.0,0.4,2.0,10.0,15.0,0.7,5.0,27.0,27.0,741198,2026-03-01 11:15:00,2026
FC Volendam,8.0,2.0,0.0,1.0,2.0,6.0,48.2,12.0,4.0,0.3,2.0,1.0,275.0,355.0,0.8,2.0,13.0,0.2,69.0,30.0,0.4,2.0,12.0,17.0,0.7,7.0,31.0,31.0,FC Groningen,13.0,2.0,0.0,2.0,10.0,1.0,51.8,28.0,9.0,0.3,0.0,0.0,286.0,369.0,0.8,7.0,25.0,0.3,52.0,27.0,0.5,6.0,4.0,9.0,0.4,1.0,14.0,14.0,741195,2026-03-01 13:30:00,2026
FC Twente,13.0,0.0,0.0,1.0,4.0,2.0,53.1,19.0,8.0,0.4,0.0,0.0,332.0,409.0,0.8,1.0,14.0,0.1,69.0,39.0,0.6,3.0,11.0,16.0,0.7,6.0,33.0,33.0,Feyenoord Rotterdam,8.0,0.0,0.0,1.0,2.0,6.0,46.9,8.0,2.0,0.3,0.0,0.0,273.0,359.0,0.8,2.0,8.0,0.3,50.0,20.0,0.4,3.0,9.0,17.0,0.5,12.0,23.0,23.0,741193,2026-03-01 13:30:00,2026
FC Utrecht,13.0,1.0,0.0,2.0,5.0,6.0,41.4,11.0,3.0,0.3,2.0,1.0,257.0,342.0,0.8,2.0,12.0,0.2,63.0,29.0,0.5,5.0,11.0,21.0,0.5,14.0,17.0,17.0,AZ Alkmaar,13.0,3.0,0.0,0.0,4.0,1.0,58.6,10.0,6.0,0.6,0.0,0.0,404.0,488.0,0.8,2.0,14.0,0.1,56.0,30.0,0.5,0.0,13.0,25.0,0.5,9.0,33.0,33.0,741194,2026-03-01 15:45:00,2026
Excelsior,11.0,1.0,0.0,2.0,6.0,0.0,58.5,19.0,7.0,0.4,0.0,0.0,429.0,522.0,0.8,7.0,24.0,0.3,80.0,50.0,0.6,3.0,11.0,15.0,0.7,4.0,19.0,19.0,Go Ahead Eagles,6.0,1.0,0.0,1.0,3.0,7.0,41.5,7.0,1.0,0.1,0.0,0.0,278.0,376.0,0.7,0.0,12.0,0.0,69.0,15.0,0.2,3.0,7.0,12.0,0.6,3.0,44.0,44.0,741192,2026-03-01 19:00:00,2026
Heracles Almelo,13.0,1.0,0.0,0.0,4.0,3.0,46.8,10.0,3.0,0.3,0.0,0.0,303.0,393.0,0.8,4.0,14.0,0.3,53.0,19.0,0.4,0.0,12.0,21.0,0.6,11.0,25.0,25.0,FC Utrecht,17.0,1.0,0.0,1.0,12.0,3.0,53.2,16.0,3.0,0.2,0.0,0.0,354.0,431.0,0.8,12.0,31.0,0.4,56.0,22.0,0.4,4.0,9.0,14.0,0.6,4.0,17.0,17.0,741209,2026-03-06 19:00:00,2026
FC Groningen,5.0,1.0,0.0,0.0,6.0,4.0,39.6,13.0,6.0,0.5,0.0,0.0,272.0,372.0,0.7,2.0,7.0,0.3,59.0,24.0,0.4,3.0,9.0,22.0,0.4,11.0,27.0,27.0,Ajax Amsterdam,7.0,1.0,0.0,2.0,8.0,3.0,60.4,13.0,5.0,0.4,0.0,0.0,454.0,553.0,0.8,5.0,25.0,0.2,76.0,27.0,0.4,4.0,10.0,11.0,0.9,15.0,22.0,22.0,741203,2026-03-07 15:30:00,2026
PSV Eindhoven,7.0,2.0,0.0,0.0,5.0,4.0,63.7,19.0,8.0,0.4,0.0,0.0,513.0,580.0,0.9,13.0,38.0,0.3,39.0,18.0,0.5,4.0,9.0,15.0,0.6,5.0,35.0,35.0,AZ Alkmaar,4.0,1.0,0.0,1.0,6.0,7.0,36.3,13.0,5.0,0.4,0.0,0.0,255.0,336.0,0.8,4.0,14.0,0.3,65.0,23.0,0.4,7.0,9.0,16.0,0.6,12.0,34.0,34.0,741208,2026-03-07 19:00:00,2026
Excelsior,4.0,1.0,0.0,1.0,6.0,3.0,51.1,21.0,5.0,0.2,2.0,1.0,296.0,395.0,0.7,7.0,28.0,0.3,65.0,33.0,0.5,11.0,8.0,18.0,0.4,7.0,19.0,19.0,Heerenveen,7.0,1.0,0.0,1.0,8.0,4.0,48.9,10.0,5.0,0.5,0.0,0.0,301.0,393.0,0.8,0.0,9.0,0.0,62.0,22.0,0.4,2.0,8.0,13.0,0.6,10.0,52.0,52.0,741204,2026-03-07 20:00:00,2026
Sparta Rotterdam,7.0,3.0,0.0,0.0,6.0,5.0,50.6,20.0,7.0,0.4,0.0,0.0,318.0,406.0,0.8,8.0,29.0,0.3,72.0,38.0,0.5,4.0,11.0,17.0,0.6,6.0,20.0,20.0,PEC Zwolle,10.0,1.0,0.0,0.0,3.0,6.0,49.4,15.0,6.0,0.4,0.0,0.0,335.0,416.0,0.8,0.0,7.0,0.0,57.0,28.0,0.5,1.0,13.0,19.0,0.7,13.0,43.0,43.0,741205,2026-03-08 11:15:00,2026
Go Ahead Eagles,8.0,1.0,0.0,0.0,6.0,2.0,51.4,15.0,7.0,0.5,0.0,0.0,340.0,429.0,0.8,7.0,26.0,0.3,63.0,23.0,0.4,4.0,10.0,16.0,0.6,6.0,26.0,26.0,FC Twente,8.0,0.0,0.0,0.0,5.0,5.0,48.6,11.0,5.0,0.5,2.0,1.0,317.0,415.0,0.8,1.0,14.0,0.1,64.0,29.0,0.5,4.0,10.0,21.0,0.5,9.0,32.0,32.0,741201,2026-03-08 13:30:00,2026
Fortuna Sittard,8.0,1.0,0.0,0.0,3.0,5.0,58.4,21.0,4.0,0.2,0.0,0.0,312.0,392.0,0.8,4.0,29.0,0.1,59.0,25.0,0.4,10.0,14.0,26.0,0.5,10.0,24.0,24.0,Telstar,17.0,1.0,0.0,4.0,5.0,3.0,41.6,14.0,9.0,0.6,0.0,0.0,197.0,279.0,0.7,6.0,18.0,0.3,62.0,29.0,0.5,1.0,16.0,23.0,0.7,2.0,34.0,34.0,741202,2026-03-08 13:30:00,2026
NAC Breda,12.0,1.0,1.0,1.0,4.0,2.0,42.9,12.0,4.0,0.3,0.0,0.0,215.0,302.0,0.7,6.0,18.0,0.3,52.0,19.0,0.4,5.0,11.0,15.0,0.7,9.0,29.0,29.0,Feyenoord Rotterdam,8.0,4.0,0.0,3.0,9.0,1.0,57.1,14.0,5.0,0.4,0.0,0.0,323.0,413.0,0.8,5.0,12.0,0.4,45.0,18.0,0.4,5.0,11.0,19.0,0.6,13.0,39.0,39.0,741207,2026-03-08 15:45:00,2026
NEC Nijmegen,10.0,1.0,0.0,1.0,12.0,3.0,56.3,27.0,11.0,0.4,0.0,0.0,364.0,452.0,0.8,4.0,20.0,0.2,49.0,21.0,0.4,10.0,17.0,25.0,0.7,9.0,21.0,21.0,FC Volendam,7.0,0.0,0.0,0.0,1.0,8.0,43.7,7.0,3.0,0.4,0.0,0.0,261.0,354.0,0.7,2.0,6.0,0.3,67.0,28.0,0.4,0.0,15.0,18.0,0.8,12.0,36.0,36.0,741206,2026-03-08 19:00:00,2026
PEC Zwolle,12.0,0.0,0.0,1.0,7.0,5.0,50.4,14.0,6.0,0.4,0.0,0.0,310.0,405.0,0.8,4.0,18.0,0.2,52.0,19.0,0.4,3.0,17.0,31.0,0.5,10.0,31.0,31.0,FC Groningen,10.0,3.0,0.0,1.0,6.0,5.0,49.6,17.0,6.0,0.4,0.0,0.0,299.0,402.0,0.7,6.0,15.0,0.4,69.0,28.0,0.4,5.0,6.0,10.0,0.6,12.0,16.0,16.0,741217,2026-03-13 19:00:00,2026
FC Volendam,11.0,1.0,0.0,2.0,4.0,2.0,61.4,16.0,5.0,0.3,0.0,0.0,342.0,448.0,0.8,4.0,18.0,0.2,80.0,31.0,0.4,4.0,10.0,15.0,0.7,8.0,21.0,21.0,Fortuna Sittard,13.0,2.0,0.0,0.0,4.0,4.0,38.6,13.0,4.0,0.3,0.0,0.0,185.0,289.0,0.6,5.0,9.0,0.6,71.0,28.0,0.4,5.0,10.0,20.0,0.5,12.0,37.0,37.0,741210,2026-03-14 15:30:00,2026
PSV Eindhoven,8.0,0.0,0.0,3.0,7.0,3.0,70.1,12.0,6.0,0.5,0.0,0.0,432.0,553.0,0.8,5.0,27.0,0.2,69.0,28.0,0.4,2.0,11.0,21.0,0.5,2.0,25.0,25.0,NEC Nijmegen,12.0,3.0,0.0,0.0,7.0,4.0,29.9,17.0,6.0,0.4,0.0,0.0,139.0,236.0,0.6,1.0,13.0,0.1,68.0,19.0,0.3,6.0,7.0,18.0,0.4,8.0,52.0,52.0,741216,2026-03-14 17:45:00,2026
Heerenveen,12.0,4.0,0.0,1.0,5.0,6.0,43.8,12.0,9.0,0.8,0.0,0.0,318.0,390.0,0.8,1.0,11.0,0.1,48.0,17.0,0.4,0.0,8.0,14.0,0.6,9.0,32.0,32.0,Telstar,9.0,1.0,0.0,2.0,4.0,6.0,56.2,20.0,6.0,0.3,0.0,0.0,426.0,497.0,0.9,5.0,22.0,0.2,49.0,35.0,0.7,7.0,11.0,15.0,0.7,11.0,16.0,16.0,741215,2026-03-14 19:00:00,2026
Ajax Amsterdam,8.0,0.0,0.0,2.0,5.0,1.0,57.8,22.0,10.0,0.5,0.0,0.0,411.0,499.0,0.8,3.0,14.0,0.2,46.0,18.0,0.4,4.0,11.0,18.0,0.6,10.0,16.0,16.0,Sparta Rotterdam,17.0,2.0,0.0,2.0,3.0,7.0,42.2,8.0,1.0,0.1,0.0,0.0,275.0,350.0,0.8,4.0,22.0,0.2,50.0,24.0,0.5,1.0,12.0,18.0,0.7,12.0,26.0,26.0,741212,2026-03-14 20:00:00,2026
FC Twente,7.0,1.0,0.0,0.0,4.0,6.0,61.6,16.0,4.0,0.3,0.0,0.0,441.0,543.0,0.8,4.0,21.0,0.2,58.0,24.0,0.4,3.0,9.0,16.0,0.6,10.0,35.0,35.0,FC Utrecht,10.0,3.0,0.0,1.0,5.0,3.0,38.4,10.0,8.0,0.8,0.0,0.0,238.0,338.0,0.7,3.0,12.0,0.3,80.0,34.0,0.4,0.0,8.0,16.0,0.5,16.0,44.0,44.0,741211,2026-03-15 11:15:00,2026
AZ Alkmaar,10.0,0.0,0.0,3.0,7.0,2.0,52.1,14.0,7.0,0.5,0.0,0.0,343.0,425.0,0.8,2.0,12.0,0.2,50.0,18.0,0.4,3.0,15.0,21.0,0.7,6.0,22.0,22.0,Heracles Almelo,19.0,4.0,0.0,1.0,3.0,3.0,47.9,6.0,2.0,0.3,0.0,0.0,311.0,396.0,0.8,2.0,7.0,0.3,54.0,25.0,0.5,3.0,14.0,22.0,0.6,5.0,23.0,23.0,741213,2026-03-15 13:30:00,2026
Feyenoord Rotterdam,10.0,3.0,0.0,3.0,9.0,2.0,49.0,16.0,9.0,0.6,0.0,0.0,279.0,354.0,0.8,6.0,22.0,0.3,34.0,12.0,0.4,5.0,11.0,19.0,0.6,8.0,33.0,33.0,Excelsior,12.0,1.0,0.0,0.0,5.0,7.0,51.0,12.0,3.0,0.3,0.0,0.0,286.0,382.0,0.7,2.0,12.0,0.2,64.0,22.0,0.3,5.0,11.0,22.0,0.5,8.0,27.0,27.0,741214,2026-03-15 13:30:00,2026
Go Ahead Eagles,8.0,0.0,0.0,4.0,3.0,3.0,44.9,11.0,6.0,0.5,0.0,0.0,283.0,355.0,0.8,0.0,12.0,0.0,58.0,27.0,0.5,1.0,4.0,9.0,0.4,12.0,39.0,39.0,NAC Breda,3.0,0.0,0.0,1.0,9.0,0.0,55.1,20.0,3.0,0.2,0.0,0.0,329.0,424.0,0.8,9.0,32.0,0.3,61.0,22.0,0.4,11.0,10.0,16.0,0.6,5.0,12.0,12.0,741218,2026-03-15 15:45:00,2026
Heracles Almelo,17.0,2.0,0.0,3.0,6.0,3.0,50.3,13.0,4.0,0.3,0.0,0.0,266.0,372.0,0.7,4.0,23.0,0.2,73.0,28.0,0.4,1.0,12.0,15.0,0.8,5.0,20.0,20.0,Excelsior,15.0,1.0,0.0,2.0,1.0,3.0,49.7,15.0,4.0,0.3,0.0,0.0,284.0,379.0,0.7,2.0,9.0,0.2,77.0,34.0,0.4,5.0,8.0,14.0,0.6,11.0,28.0,28.0,741226,2026-03-20 19:00:00,2026
Fortuna Sittard,6.0,2.0,0.0,4.0,7.0,0.0,39.9,11.0,5.0,0.5,0.0,0.0,219.0,303.0,0.7,8.0,20.0,0.4,55.0,24.0,0.4,2.0,14.0,19.0,0.7,12.0,30.0,30.0,FC Twente,15.0,0.0,0.0,2.0,6.0,4.0,60.1,9.0,2.0,0.2,0.0,0.0,369.0,468.0,0.8,2.0,15.0,0.1,62.0,22.0,0.4,2.0,6.0,11.0,0.5,5.0,15.0,15.0,741222,2026-03-21 15:30:00,2026
Sparta Rotterdam,15.0,2.0,0.0,3.0,3.0,3.0,50.4,16.0,9.0,0.6,0.0,0.0,348.0,418.0,0.8,4.0,17.0,0.2,59.0,26.0,0.4,3.0,14.0,18.0,0.8,4.0,23.0,23.0,FC Volendam,9.0,1.0,0.0,2.0,7.0,7.0,49.6,8.0,3.0,0.4,0.0,0.0,329.0,405.0,0.8,0.0,19.0,0.0,57.0,15.0,0.3,5.0,9.0,15.0,0.6,7.0,19.0,19.0,741227,2026-03-21 17:45:00,2026
PEC Zwolle,20.0,2.0,0.0,0.0,2.0,5.0,43.4,8.0,2.0,0.3,0.0,0.0,263.0,361.0,0.7,5.0,10.0,0.5,70.0,25.0,0.4,5.0,8.0,24.0,0.3,8.0,40.0,40.0,NAC Breda,14.0,1.0,0.0,2.0,5.0,0.0,56.6,20.0,6.0,0.3,0.0,0.0,360.0,448.0,0.8,12.0,33.0,0.4,67.0,32.0,0.5,5.0,4.0,8.0,0.5,11.0,22.0,22.0,741224,2026-03-21 20:00:00,2026
NEC Nijmegen,6.0,0.0,0.0,4.0,6.0,3.0,54.7,22.0,10.0,0.5,0.0,0.0,356.0,443.0,0.8,4.0,20.0,0.2,53.0,19.0,0.4,5.0,12.0,20.0,0.6,12.0,28.0,28.0,Heerenveen,11.0,0.0,0.0,0.0,2.0,8.0,45.3,11.0,5.0,0.5,0.0,0.0,256.0,368.0,0.7,5.0,12.0,0.4,83.0,36.0,0.4,3.0,14.0,21.0,0.7,7.0,40.0,40.0,741225,2026-03-22 11:15:00,2026
FC Utrecht,9.0,2.0,0.0,1.0,2.0,6.0,43.0,22.0,10.0,0.5,0.0,0.0,265.0,358.0,0.7,6.0,15.0,0.4,63.0,25.0,0.4,4.0,13.0,16.0,0.8,11.0,19.0,19.0,Go Ahead Eagles,7.0,1.0,0.0,2.0,5.0,8.0,57.0,11.0,6.0,0.5,0.0,0.0,395.0,483.0,0.8,6.0,15.0,0.4,57.0,21.0,0.4,3.0,6.0,14.0,0.4,11.0,22.0,22.0,741220,2026-03-22 13:30:00,2026
Feyenoord Rotterdam,12.0,1.0,0.0,0.0,5.0,1.0,53.5,14.0,5.0,0.4,2.0,1.0,399.0,484.0,0.8,5.0,15.0,0.3,42.0,15.0,0.4,5.0,12.0,19.0,0.6,3.0,12.0,12.0,Ajax Amsterdam,16.0,3.0,0.0,0.0,1.0,3.0,46.5,5.0,2.0,0.4,0.0,0.0,328.0,425.0,0.8,2.0,8.0,0.3,71.0,30.0,0.4,1.0,15.0,24.0,0.6,11.0,21.0,21.0,741221,2026-03-22 13:30:00,2026
FC Groningen,16.0,1.0,0.0,1.0,2.0,7.0,46.6,14.0,5.0,0.4,2.0,1.0,321.0,400.0,0.8,5.0,10.0,0.5,53.0,20.0,0.4,5.0,8.0,17.0,0.5,10.0,29.0,29.0,AZ Alkmaar,8.0,1.0,0.0,2.0,7.0,1.0,53.4,16.0,7.0,0.4,0.0,0.0,378.0,454.0,0.8,4.0,16.0,0.3,57.0,28.0,0.5,5.0,12.0,22.0,0.5,9.0,14.0,14.0,741219,2026-03-22 15:45:00,2026
Telstar,5.0,1.0,0.0,2.0,1.0,7.0,47.8,13.0,8.0,0.6,0.0,0.0,302.0,388.0,0.8,2.0,9.0,0.2,41.0,15.0,0.4,1.0,10.0,15.0,0.7,4.0,27.0,27.0,PSV Eindhoven,4.0,1.0,1.0,2.0,12.0,5.0,52.2,18.0,8.0,0.4,0.0,0.0,340.0,402.0,0.8,6.0,30.0,0.2,47.0,26.0,0.6,4.0,8.0,16.0,0.5,7.0,18.0,18.0,741223,2026-03-22 15:45:00,2026
PSV Eindhoven,6.0,0.0,0.0,1.0,8.0,4.0,63.4,19.0,8.0,0.4,0.0,0.0,469.0,537.0,0.9,4.0,21.0,0.2,34.0,17.0,0.5,5.0,5.0,16.0,0.3,11.0,35.0,35.0,FC Utrecht,10.0,1.0,0.0,0.0,3.0,4.0,36.6,12.0,7.0,0.6,0.0,0.0,212.0,298.0,0.7,2.0,18.0,0.1,56.0,17.0,0.3,3.0,14.0,19.0,0.7,7.0,33.0,33.0,741234,2026-04-04 14:30:00,2026
Telstar,12.0,1.0,0.0,3.0,5.0,8.0,49.7,14.0,3.0,0.2,0.0,0.0,317.0,414.0,0.8,4.0,8.0,0.5,64.0,27.0,0.4,3.0,7.0,10.0,0.7,4.0,30.0,30.0,FC Groningen,10.0,2.0,0.0,1.0,12.0,3.0,50.3,24.0,11.0,0.5,0.0,0.0,316.0,405.0,0.8,4.0,20.0,0.2,59.0,22.0,0.4,5.0,4.0,6.0,0.7,8.0,31.0,31.0,741235,2026-04-04 16:45:00,2026
AZ Alkmaar,11.0,0.0,0.0,3.0,10.0,4.0,54.9,15.0,6.0,0.4,0.0,0.0,374.0,454.0,0.8,4.0,15.0,0.3,56.0,27.0,0.5,4.0,10.0,14.0,0.7,9.0,28.0,28.0,Fortuna Sittard,14.0,3.0,0.0,2.0,6.0,4.0,45.1,9.0,4.0,0.4,0.0,0.0,263.0,372.0,0.7,4.0,17.0,0.2,63.0,24.0,0.4,1.0,8.0,13.0,0.6,8.0,23.0,23.0,741231,2026-04-04 17:00:00,2026
Ajax Amsterdam,14.0,4.0,0.0,0.0,2.0,3.0,50.9,10.0,2.0,0.2,0.0,0.0,425.0,506.0,0.8,1.0,8.0,0.1,65.0,36.0,0.6,4.0,7.0,14.0,0.5,10.0,18.0,18.0,FC Twente,10.0,2.0,0.0,0.0,2.0,1.0,49.1,16.0,7.0,0.4,0.0,0.0,408.0,484.0,0.8,3.0,15.0,0.2,55.0,29.0,0.5,4.0,11.0,17.0,0.6,9.0,18.0,18.0,741230,2026-04-04 19:00:00,2026
Excelsior,8.0,0.0,0.0,2.0,2.0,3.0,45.2,8.0,4.0,0.5,0.0,0.0,278.0,367.0,0.8,1.0,10.0,0.1,77.0,33.0,0.4,2.0,9.0,16.0,0.6,9.0,30.0,30.0,NEC Nijmegen,9.0,0.0,0.0,2.0,5.0,4.0,54.8,12.0,5.0,0.4,0.0,0.0,368.0,449.0,0.8,1.0,16.0,0.1,58.0,20.0,0.3,2.0,3.0,9.0,0.3,7.0,16.0,16.0,741229,2026-04-04 19:00:00,2026
Go Ahead Eagles,9.0,0.0,0.0,1.0,5.0,1.0,52.1,15.0,12.0,0.8,0.0,0.0,283.0,390.0,0.7,5.0,18.0,0.3,65.0,17.0,0.3,2.0,8.0,12.0,0.7,4.0,22.0,22.0,PEC Zwolle,16.0,1.0,0.0,0.0,8.0,6.0,47.9,16.0,1.0,0.1,0.0,0.0,277.0,357.0,0.8,2.0,14.0,0.1,42.0,16.0,0.4,5.0,12.0,19.0,0.6,10.0,33.0,33.0,741236,2026-04-05 10:15:00,2026
FC Volendam,10.0,3.0,0.0,0.0,5.0,4.0,44.9,13.0,4.0,0.3,0.0,0.0,261.0,353.0,0.7,5.0,18.0,0.3,74.0,29.0,0.4,3.0,17.0,32.0,0.5,12.0,42.0,42.0,Feyenoord Rotterdam,5.0,0.0,0.0,2.0,6.0,4.0,55.1,17.0,4.0,0.2,0.0,0.0,351.0,437.0,0.8,6.0,21.0,0.3,38.0,17.0,0.4,5.0,8.0,11.0,0.7,7.0,20.0,20.0,741228,2026-04-05 12:30:00,2026
Heerenveen,12.0,0.0,0.0,1.0,8.0,3.0,65.9,24.0,14.0,0.6,2.0,1.0,511.0,584.0,0.9,2.0,15.0,0.1,50.0,33.0,0.7,6.0,6.0,9.0,0.7,2.0,16.0,16.0,Heracles Almelo,10.0,2.0,0.0,1.0,1.0,11.0,34.1,7.0,4.0,0.6,0.0,0.0,235.0,296.0,0.8,0.0,14.0,0.0,64.0,31.0,0.5,0.0,14.0,18.0,0.8,9.0,21.0,21.0,741232,2026-04-05 12:30:00,2026
NAC Breda,12.0,1.0,0.0,0.0,11.0,3.0,55.6,12.0,4.0,0.3,0.0,0.0,354.0,435.0,0.8,6.0,27.0,0.2,52.0,23.0,0.4,2.0,10.0,17.0,0.6,3.0,19.0,19.0,Sparta Rotterdam,19.0,3.0,0.0,1.0,3.0,4.0,44.4,6.0,3.0,0.5,0.0,0.0,282.0,349.0,0.8,5.0,19.0,0.3,50.0,24.0,0.5,0.0,11.0,17.0,0.6,7.0,37.0,37.0,741233,2026-04-05 14:45:00,2026
FC Twente,8.0,1.0,0.0,2.0,7.0,3.0,57.8,23.0,9.0,0.4,0.0,0.0,447.0,532.0,0.8,4.0,11.0,0.4,59.0,27.0,0.5,8.0,14.0,17.0,0.8,11.0,18.0,18.0,FC Volendam,6.0,1.0,0.0,0.0,1.0,7.0,42.2,8.0,4.0,0.5,0.0,0.0,299.0,383.0,0.8,1.0,9.0,0.1,68.0,31.0,0.5,3.0,13.0,17.0,0.8,4.0,27.0,27.0,741238,2026-04-10 18:00:00,2026
FC Utrecht,9.0,2.0,0.0,2.0,7.0,6.0,40.6,18.0,9.0,0.5,0.0,0.0,234.0,296.0,0.8,5.0,18.0,0.3,54.0,28.0,0.5,3.0,9.0,14.0,0.6,7.0,25.0,25.0,Telstar,5.0,1.0,0.0,0.0,5.0,5.0,59.4,13.0,7.0,0.5,0.0,0.0,378.0,444.0,0.9,4.0,17.0,0.2,42.0,21.0,0.5,3.0,17.0,20.0,0.9,8.0,18.0,18.0,741237,2026-04-11 14:30:00,2026
Sparta Rotterdam,6.0,1.0,0.0,0.0,2.0,3.0,38.5,9.0,4.0,0.4,0.0,0.0,280.0,355.0,0.8,2.0,14.0,0.1,55.0,26.0,0.5,2.0,8.0,16.0,0.5,10.0,25.0,25.0,PSV Eindhoven,12.0,6.0,0.0,0.0,5.0,4.0,61.5,18.0,5.0,0.3,0.0,0.0,505.0,571.0,0.9,7.0,23.0,0.3,38.0,24.0,0.6,5.0,12.0,16.0,0.8,9.0,21.0,21.0,741242,2026-04-11 16:45:00,2026
FC Groningen,5.0,0.0,0.0,2.0,8.0,2.0,53.9,24.0,5.0,0.2,0.0,0.0,373.0,474.0,0.8,6.0,19.0,0.3,54.0,26.0,0.5,9.0,8.0,12.0,0.7,3.0,31.0,31.0,Go Ahead Eagles,5.0,0.0,0.0,4.0,5.0,5.0,46.1,10.0,2.0,0.2,0.0,0.0,286.0,394.0,0.7,3.0,25.0,0.1,85.0,26.0,0.3,5.0,10.0,12.0,0.8,10.0,26.0,26.0,741239,2026-04-11 18:00:00,2026
Heracles Almelo,10.0,2.0,0.0,1.0,7.0,3.0,40.0,14.0,3.0,0.2,0.0,0.0,250.0,308.0,0.8,5.0,31.0,0.2,50.0,20.0,0.4,3.0,17.0,28.0,0.6,6.0,17.0,17.0,Ajax Amsterdam,4.0,0.0,1.0,2.0,5.0,3.0,60.0,18.0,6.0,0.3,0.0,0.0,431.0,496.0,0.9,3.0,9.0,0.3,42.0,16.0,0.4,5.0,9.0,26.0,0.3,7.0,26.0,26.0,741245,2026-04-11 19:00:00,2026
Fortuna Sittard,11.0,2.0,0.0,3.0,5.0,6.0,43.5,10.0,2.0,0.2,0.0,0.0,256.0,340.0,0.8,3.0,16.0,0.2,68.0,31.0,0.5,2.0,12.0,19.0,0.6,17.0,35.0,35.0,NAC Breda,12.0,1.0,0.0,1.0,8.0,1.0,56.5,14.0,7.0,0.5,0.0,0.0,344.0,429.0,0.8,6.0,29.0,0.2,53.0,30.0,0.6,2.0,8.0,14.0,0.6,6.0,19.0,19.0,741241,2026-04-12 10:15:00,2026
NEC Nijmegen,17.0,3.0,0.0,2.0,4.0,4.0,58.4,15.0,4.0,0.3,0.0,0.0,303.0,384.0,0.8,6.0,17.0,0.4,56.0,19.0,0.3,3.0,9.0,16.0,0.6,9.0,14.0,14.0,Feyenoord Rotterdam,14.0,4.0,0.0,0.0,1.0,3.0,41.6,13.0,5.0,0.4,0.0,0.0,184.0,283.0,0.7,2.0,5.0,0.4,69.0,26.0,0.4,4.0,7.0,22.0,0.3,10.0,29.0,29.0,741244,2026-04-12 12:30:00,2026
PEC Zwolle,10.0,0.0,0.0,3.0,5.0,1.0,48.5,15.0,5.0,0.3,0.0,0.0,312.0,406.0,0.8,6.0,15.0,0.4,67.0,22.0,0.3,5.0,9.0,15.0,0.6,5.0,35.0,35.0,Excelsior,13.0,1.0,0.0,1.0,2.0,3.0,51.5,16.0,3.0,0.2,0.0,0.0,322.0,428.0,0.8,4.0,15.0,0.3,81.0,38.0,0.5,5.0,5.0,15.0,0.3,5.0,24.0,24.0,741243,2026-04-12 12:30:00,2026
AZ Alkmaar,5.0,1.0,0.0,2.0,6.0,1.0,57.7,23.0,10.0,0.4,0.0,0.0,458.0,537.0,0.9,4.0,9.0,0.4,59.0,35.0,0.6,4.0,10.0,17.0,0.6,7.0,12.0,12.0,Heerenveen,10.0,1.0,0.0,2.0,6.0,7.0,42.3,7.0,1.0,0.1,0.0,0.0,316.0,389.0,0.8,5.0,10.0,0.5,54.0,24.0,0.4,3.0,4.0,13.0,0.3,12.0,14.0,14.0,741240,2026-04-12 14:45:00,2026
Telstar,14.0,2.0,0.0,0.0,6.0,1.0,46.3,11.0,4.0,0.4,0.0,0.0,283.0,363.0,0.8,5.0,22.0,0.2,64.0,26.0,0.4,3.0,9.0,10.0,0.9,10.0,15.0,15.0,Sparta Rotterdam,9.0,0.0,0.0,2.0,5.0,0.0,53.7,10.0,2.0,0.2,0.0,0.0,349.0,426.0,0.8,5.0,20.0,0.3,54.0,21.0,0.4,5.0,11.0,18.0,0.6,8.0,37.0,37.0,741254,2026-04-22 18:00:00,2026
Go Ahead Eagles,9.0,2.0,0.0,1.0,5.0,4.0,50.2,15.0,4.0,0.3,0.0,0.0,297.0,371.0,0.8,4.0,29.0,0.1,57.0,28.0,0.5,7.0,3.0,13.0,0.2,10.0,38.0,38.0,AZ Alkmaar,13.0,1.0,0.0,1.0,10.0,4.0,49.8,23.0,4.0,0.2,0.0,0.0,286.0,366.0,0.8,4.0,26.0,0.2,59.0,26.0,0.4,8.0,6.0,13.0,0.5,6.0,25.0,25.0,741249,2026-04-23 16:45:00,2026
PSV Eindhoven,10.0,1.0,0.0,2.0,4.0,3.0,67.2,17.0,11.0,0.6,0.0,0.0,634.0,702.0,0.9,4.0,13.0,0.3,47.0,25.0,0.5,5.0,11.0,17.0,0.6,11.0,11.0,11.0,PEC Zwolle,4.0,1.0,0.0,0.0,4.0,5.0,32.8,6.0,4.0,0.7,0.0,0.0,272.0,339.0,0.8,0.0,7.0,0.0,50.0,20.0,0.4,2.0,17.0,20.0,0.9,11.0,27.0,27.0,741251,2026-04-23 19:00:00,2026
Feyenoord Rotterdam,10.0,0.0,0.0,1.0,3.0,1.0,47.7,10.0,4.0,0.4,2.0,1.0,352.0,419.0,0.8,3.0,11.0,0.3,46.0,18.0,0.4,4.0,9.0,12.0,0.8,13.0,12.0,12.0,FC Groningen,15.0,2.0,0.0,1.0,3.0,1.0,52.3,10.0,2.0,0.2,0.0,0.0,390.0,458.0,0.9,3.0,14.0,0.2,37.0,16.0,0.4,2.0,15.0,26.0,0.6,4.0,19.0,19.0,741248,2026-04-25 14:30:00,2026
Heerenveen,10.0,2.0,0.0,2.0,7.0,6.0,58.5,15.0,5.0,0.3,0.0,0.0,448.0,545.0,0.8,4.0,16.0,0.3,53.0,25.0,0.5,5.0,11.0,17.0,0.6,5.0,26.0,26.0,Fortuna Sittard,6.0,1.0,1.0,0.0,0.0,2.0,41.5,16.0,7.0,0.4,0.0,0.0,295.0,386.0,0.8,2.0,15.0,0.1,82.0,38.0,0.5,2.0,12.0,28.0,0.4,16.0,25.0,25.0,741250,2026-04-25 16:45:00,2026
NAC Breda,6.0,0.0,0.0,1.0,11.0,4.0,57.4,21.0,3.0,0.1,0.0,0.0,441.0,508.0,0.9,6.0,40.0,0.2,46.0,29.0,0.6,8.0,12.0,17.0,0.7,9.0,14.0,14.0,Ajax Amsterdam,11.0,2.0,0.0,0.0,2.0,3.0,42.6,8.0,6.0,0.8,0.0,0.0,322.0,395.0,0.8,4.0,9.0,0.4,51.0,26.0,0.5,1.0,14.0,25.0,0.6,11.0,40.0,40.0,741252,2026-04-25 18:00:00,2026
FC Twente,6.0,1.0,0.0,2.0,3.0,5.0,49.6,13.0,8.0,0.6,0.0,0.0,271.0,391.0,0.7,2.0,11.0,0.2,78.0,34.0,0.4,4.0,11.0,21.0,0.5,4.0,36.0,36.0,NEC Nijmegen,16.0,2.0,0.0,1.0,9.0,6.0,50.4,20.0,6.0,0.3,0.0,0.0,293.0,382.0,0.8,5.0,24.0,0.2,75.0,36.0,0.5,7.0,6.0,8.0,0.8,10.0,26.0,26.0,741247,2026-04-25 19:00:00,2026
Excelsior,12.0,0.0,0.0,3.0,3.0,3.0,59.5,18.0,9.0,0.5,0.0,0.0,459.0,532.0,0.9,3.0,14.0,0.2,55.0,32.0,0.6,3.0,10.0,14.0,0.7,12.0,15.0,15.0,FC Utrecht,8.0,1.0,1.0,1.0,2.0,4.0,40.5,10.0,3.0,0.3,0.0,0.0,276.0,358.0,0.8,1.0,9.0,0.1,59.0,22.0,0.4,3.0,12.0,17.0,0.7,11.0,19.0,19.0,741246,2026-04-26 10:15:00,2026
Heracles Almelo,17.0,1.0,0.0,1.0,5.0,6.0,55.9,14.0,4.0,0.3,0.0,0.0,300.0,380.0,0.8,5.0,14.0,0.4,49.0,20.0,0.4,5.0,7.0,16.0,0.4,6.0,26.0,26.0,FC Volendam,11.0,0.0,0.0,1.0,9.0,3.0,44.1,18.0,7.0,0.4,0.0,0.0,215.0,299.0,0.7,1.0,13.0,0.1,55.0,19.0,0.3,7.0,11.0,15.0,0.7,4.0,26.0,26.0,741253,2026-04-26 12:30:00,2026
FC Utrecht,12.0,0.0,0.0,1.0,8.0,1.0,65.6,28.0,11.0,0.4,0.0,0.0,446.0,505.0,0.9,15.0,39.0,0.4,42.0,30.0,0.7,7.0,7.0,11.0,0.6,10.0,28.0,28.0,NAC Breda,13.0,2.0,1.0,0.0,4.0,9.0,34.4,9.0,1.0,0.1,0.0,0.0,181.0,260.0,0.7,7.0,18.0,0.4,63.0,23.0,0.4,1.0,10.0,16.0,0.6,5.0,24.0,24.0,741259,2026-05-02 14:30:00,2026
FC Groningen,5.0,0.0,0.0,2.0,5.0,5.0,55.5,12.0,5.0,0.4,0.0,0.0,364.0,456.0,0.8,5.0,16.0,0.3,61.0,30.0,0.5,4.0,9.0,16.0,0.6,9.0,32.0,32.0,Excelsior,10.0,0.0,0.0,2.0,8.0,3.0,44.5,18.0,9.0,0.5,0.0,0.0,268.0,366.0,0.7,5.0,13.0,0.4,74.0,25.0,0.3,4.0,4.0,9.0,0.4,10.0,21.0,21.0,741257,2026-05-02 16:45:00,2026
Ajax Amsterdam,7.0,1.0,0.0,1.0,6.0,0.0,49.3,13.0,4.0,0.3,0.0,0.0,402.0,477.0,0.8,2.0,17.0,0.1,50.0,23.0,0.5,4.0,11.0,14.0,0.8,10.0,16.0,16.0,PSV Eindhoven,14.0,2.0,0.0,0.0,4.0,2.0,50.7,8.0,2.0,0.3,0.0,0.0,429.0,501.0,0.9,1.0,14.0,0.1,43.0,19.0,0.4,2.0,10.0,17.0,0.6,11.0,22.0,22.0,741256,2026-05-02 18:00:00,2026
NEC Nijmegen,10.0,3.0,0.0,1.0,9.0,3.0,69.3,21.0,7.0,0.3,0.0,0.0,457.0,536.0,0.9,12.0,36.0,0.3,44.0,19.0,0.4,5.0,9.0,11.0,0.8,7.0,11.0,11.0,Telstar,11.0,2.0,0.0,2.0,0.0,5.0,30.7,10.0,4.0,0.4,0.0,0.0,159.0,247.0,0.6,1.0,7.0,0.1,65.0,25.0,0.4,0.0,8.0,15.0,0.5,9.0,50.0,50.0,741260,2026-05-02 19:00:00,2026
FC Volendam,8.0,3.0,0.0,0.0,7.0,2.0,49.1,15.0,5.0,0.3,0.0,0.0,271.0,372.0,0.7,6.0,25.0,0.2,61.0,25.0,0.4,5.0,8.0,17.0,0.5,12.0,16.0,16.0,Heerenveen,14.0,3.0,0.0,1.0,5.0,5.0,50.9,11.0,4.0,0.4,0.0,0.0,309.0,394.0,0.8,4.0,16.0,0.3,53.0,22.0,0.4,5.0,9.0,13.0,0.7,12.0,32.0,32.0,741262,2026-05-03 10:15:00,2026
Fortuna Sittard,16.0,2.0,1.0,0.0,1.0,4.0,46.6,7.0,3.0,0.4,0.0,0.0,249.0,353.0,0.7,4.0,13.0,0.3,68.0,19.0,0.3,2.0,7.0,17.0,0.4,10.0,32.0,32.0,Feyenoord Rotterdam,13.0,3.0,0.0,1.0,8.0,2.0,53.4,19.0,7.0,0.4,0.0,0.0,311.0,388.0,0.8,4.0,28.0,0.1,38.0,16.0,0.4,5.0,8.0,11.0,0.7,8.0,30.0,30.0,741261,2026-05-03 12:30:00,2026
PEC Zwolle,18.0,2.0,0.0,4.0,3.0,3.0,45.0,9.0,5.0,0.6,0.0,0.0,269.0,361.0,0.7,3.0,8.0,0.4,55.0,10.0,0.2,2.0,10.0,16.0,0.6,8.0,27.0,27.0,Heracles Almelo,18.0,2.0,1.0,1.0,3.0,4.0,55.0,14.0,3.0,0.2,0.0,0.0,348.0,425.0,0.8,5.0,26.0,0.2,66.0,31.0,0.5,4.0,3.0,5.0,0.6,4.0,20.0,20.0,741263,2026-05-03 12:30:00,2026
Sparta Rotterdam,11.0,1.0,0.0,0.0,6.0,3.0,47.0,25.0,3.0,0.1,0.0,0.0,317.0,381.0,0.8,9.0,27.0,0.3,57.0,33.0,0.6,6.0,13.0,16.0,0.8,11.0,26.0,26.0,Go Ahead Eagles,9.0,3.0,1.0,1.0,8.0,1.0,53.0,16.0,5.0,0.3,0.0,0.0,362.0,432.0,0.8,11.0,29.0,0.4,49.0,18.0,0.4,4.0,6.0,9.0,0.7,9.0,22.0,22.0,741258,2026-05-03 14:45:00,2026
AZ Alkmaar,9.0,0.0,0.0,0.0,4.0,2.0,58.4,18.0,4.0,0.2,0.0,0.0,459.0,544.0,0.8,5.0,15.0,0.3,69.0,31.0,0.4,7.0,12.0,18.0,0.7,10.0,18.0,18.0,FC Twente,14.0,0.0,0.0,0.0,3.0,1.0,41.6,9.0,2.0,0.2,0.0,0.0,300.0,385.0,0.8,5.0,13.0,0.4,62.0,33.0,0.5,4.0,10.0,22.0,0.5,9.0,36.0,36.0,741255,2026-05-03 14:45:00,2026
FC Twente,7.0,0.0,0.0,3.0,9.0,1.0,57.1,26.0,13.0,0.5,0.0,0.0,427.0,510.0,0.8,6.0,21.0,0.3,53.0,29.0,0.5,5.0,11.0,15.0,0.7,9.0,24.0,24.0,Sparta Rotterdam,8.0,2.0,0.0,0.0,2.0,9.0,42.9,9.0,1.0,0.1,0.0,0.0,311.0,385.0,0.8,1.0,15.0,0.1,65.0,35.0,0.5,4.0,13.0,24.0,0.5,10.0,30.0,30.0,741269,2026-05-10 14:45:00,2026
Ajax Amsterdam,9.0,2.0,0.0,0.0,4.0,4.0,63.9,15.0,6.0,0.4,0.0,0.0,581.0,662.0,0.9,3.0,14.0,0.2,52.0,23.0,0.4,2.0,18.0,27.0,0.7,8.0,15.0,15.0,FC Utrecht,9.0,2.0,0.0,0.0,7.0,5.0,36.1,14.0,6.0,0.4,0.0,0.0,296.0,365.0,0.8,5.0,18.0,0.3,54.0,29.0,0.5,5.0,12.0,19.0,0.6,12.0,25.0,25.0,741272,2026-05-10 14:45:00,2026
Telstar,12.0,1.0,0.0,2.0,6.0,1.0,46.6,12.0,7.0,0.6,0.0,0.0,207.0,284.0,0.7,5.0,19.0,0.3,57.0,24.0,0.4,3.0,8.0,12.0,0.7,10.0,28.0,28.0,Heracles Almelo,12.0,3.0,1.0,0.0,7.0,3.0,53.4,7.0,1.0,0.1,0.0,0.0,260.0,317.0,0.8,5.0,29.0,0.2,64.0,39.0,0.6,1.0,3.0,4.0,0.8,6.0,26.0,26.0,741264,2026-05-10 14:45:00,2026
FC Groningen,16.0,2.0,0.0,6.0,5.0,1.0,49.3,11.0,7.0,0.6,0.0,0.0,253.0,357.0,0.7,2.0,11.0,0.2,69.0,23.0,0.3,2.0,7.0,13.0,0.5,10.0,36.0,36.0,NEC Nijmegen,12.0,1.0,0.0,4.0,6.0,5.0,50.7,12.0,3.0,0.3,0.0,0.0,264.0,362.0,0.7,2.0,15.0,0.1,69.0,21.0,0.3,5.0,7.0,13.0,0.5,7.0,38.0,38.0,741270,2026-05-10 14:45:00,2026
Fortuna Sittard,7.0,0.0,0.0,2.0,6.0,1.0,45.3,12.0,4.0,0.3,0.0,0.0,311.0,382.0,0.8,2.0,16.0,0.1,69.0,30.0,0.4,4.0,7.0,11.0,0.6,9.0,20.0,20.0,PEC Zwolle,11.0,1.0,0.0,1.0,5.0,1.0,54.7,8.0,3.0,0.4,0.0,0.0,377.0,455.0,0.8,6.0,17.0,0.4,43.0,14.0,0.3,1.0,10.0,20.0,0.5,5.0,26.0,26.0,741265,2026-05-10 14:45:00,2026
Feyenoord Rotterdam,10.0,1.0,0.0,1.0,7.0,2.0,39.8,10.0,5.0,0.5,0.0,0.0,283.0,359.0,0.8,2.0,17.0,0.1,39.0,17.0,0.4,0.0,13.0,23.0,0.6,11.0,20.0,20.0,AZ Alkmaar,9.0,0.0,0.0,1.0,3.0,4.0,60.2,13.0,3.0,0.2,0.0,0.0,498.0,570.0,0.9,1.0,6.0,0.2,61.0,29.0,0.5,5.0,14.0,15.0,0.9,10.0,24.0,24.0,741268,2026-05-10 14:45:00,2026
Excelsior,10.0,1.0,0.0,0.0,5.0,1.0,67.6,8.0,2.0,0.3,0.0,0.0,442.0,528.0,0.8,0.0,14.0,0.0,84.0,44.0,0.5,4.0,6.0,12.0,0.5,5.0,38.0,38.0,FC Volendam,7.0,3.0,0.0,1.0,0.0,2.0,32.4,8.0,2.0,0.3,0.0,0.0,156.0,255.0,0.6,0.0,4.0,0.0,75.0,25.0,0.3,3.0,11.0,15.0,0.7,8.0,23.0,23.0,741271,2026-05-10 14:45:00,2026
Go Ahead Eagles,9.0,0.0,0.0,2.0,8.0,6.0,40.8,11.0,4.0,0.4,1.0,1.0,242.0,307.0,0.8,2.0,24.0,0.1,46.0,24.0,0.5,3.0,9.0,15.0,0.6,4.0,32.0,32.0,PSV Eindhoven,7.0,0.0,0.0,1.0,4.0,3.0,59.2,24.0,10.0,0.4,0.0,0.0,413.0,463.0,0.9,13.0,25.0,0.5,39.0,23.0,0.6,6.0,6.0,15.0,0.4,5.0,32.0,32.0,741266,2026-05-10 14:45:00,2026
NAC Breda,10.0,1.0,0.0,0.0,7.0,3.0,47.9,19.0,4.0,0.2,2.0,1.0,258.0,360.0,0.7,8.0,33.0,0.2,73.0,33.0,0.5,8.0,13.0,19.0,0.7,10.0,34.0,34.0,Heerenveen,13.0,1.0,0.0,3.0,3.0,2.0,52.1,13.0,2.0,0.2,0.0,0.0,297.0,397.0,0.7,7.0,29.0,0.2,70.0,24.0,0.3,9.0,12.0,19.0,0.6,9.0,49.0,49.0,741267,2026-05-11 12:30:00,2026
Heracles Almelo,8.0,1.0,0.0,3.0,9.0,3.0,53.3,11.0,2.0,0.2,0.0,0.0,302.0,394.0,0.8,7.0,23.0,0.3,77.0,36.0,0.5,2.0,9.0,12.0,0.8,14.0,16.0,16.0,FC Groningen,5.0,1.0,0.0,1.0,5.0,1.0,46.7,16.0,5.0,0.3,0.0,0.0,268.0,353.0,0.8,2.0,14.0,0.1,52.0,19.0,0.4,3.0,8.0,10.0,0.8,12.0,27.0,27.0,741276,2026-05-17 12:30:00,2026
Sparta Rotterdam,11.0,4.0,0.0,2.0,5.0,1.0,52.9,17.0,5.0,0.3,0.0,0.0,339.0,424.0,0.8,4.0,22.0,0.2,67.0,36.0,0.5,6.0,10.0,12.0,0.8,16.0,17.0,17.0,Excelsior,15.0,0.0,0.0,1.0,2.0,3.0,47.1,16.0,4.0,0.3,0.0,0.0,300.0,384.0,0.8,1.0,15.0,0.1,80.0,47.0,0.6,3.0,6.0,10.0,0.6,3.0,30.0,30.0,741280,2026-05-17 12:30:00,2026
FC Utrecht,8.0,0.0,0.0,3.0,2.0,2.0,57.7,18.0,5.0,0.3,0.0,0.0,420.0,486.0,0.9,7.0,19.0,0.4,41.0,21.0,0.5,5.0,10.0,14.0,0.7,8.0,29.0,29.0,Fortuna Sittard,8.0,1.0,0.0,1.0,5.0,3.0,42.3,13.0,2.0,0.2,0.0,0.0,281.0,353.0,0.8,3.0,16.0,0.2,55.0,22.0,0.4,3.0,9.0,16.0,0.6,14.0,19.0,19.0,741274,2026-05-17 12:30:00,2026
FC Volendam,13.0,2.0,0.0,1.0,7.0,0.0,50.7,17.0,8.0,0.5,0.0,0.0,251.0,348.0,0.7,10.0,29.0,0.3,72.0,30.0,0.4,7.0,9.0,14.0,0.6,4.0,25.0,25.0,Telstar,18.0,2.0,0.0,1.0,0.0,7.0,49.3,7.0,2.0,0.3,2.0,1.0,248.0,356.0,0.7,3.0,8.0,0.4,57.0,18.0,0.3,3.0,14.0,22.0,0.6,7.0,31.0,31.0,741273,2026-05-17 12:30:00,2026
AZ Alkmaar,11.0,1.0,0.0,1.0,7.0,7.0,54.5,16.0,10.0,0.6,0.0,0.0,368.0,430.0,0.9,5.0,24.0,0.2,53.0,28.0,0.5,2.0,10.0,17.0,0.6,2.0,15.0,15.0,NAC Breda,6.0,1.0,0.0,3.0,6.0,7.0,45.5,17.0,11.0,0.6,0.0,0.0,301.0,357.0,0.8,6.0,18.0,0.3,49.0,26.0,0.5,2.0,13.0,19.0,0.7,9.0,38.0,38.0,741275,2026-05-17 12:30:00,2026
Heerenveen,9.0,0.0,0.0,1.0,10.0,6.0,53.3,16.0,6.0,0.4,0.0,0.0,475.0,566.0,0.8,5.0,25.0,0.2,60.0,25.0,0.4,4.0,11.0,21.0,0.5,6.0,24.0,24.0,Ajax Amsterdam,8.0,3.0,0.0,0.0,6.0,4.0,46.7,23.0,6.0,0.3,0.0,0.0,432.0,497.0,0.9,5.0,23.0,0.2,41.0,23.0,0.6,6.0,12.0,20.0,0.6,7.0,40.0,40.0,741277,2026-05-17 12:30:00,2026
PSV Eindhoven,7.0,1.0,0.0,2.0,11.0,5.0,51.5,13.0,7.0,0.5,2.0,1.0,309.0,384.0,0.8,4.0,19.0,0.2,43.0,30.0,0.7,1.0,5.0,7.0,0.7,10.0,20.0,20.0,FC Twente,5.0,1.0,0.0,0.0,9.0,3.0,48.5,18.0,6.0,0.3,0.0,0.0,271.0,356.0,0.8,5.0,20.0,0.3,65.0,34.0,0.5,5.0,7.0,13.0,0.5,14.0,18.0,18.0,741279,2026-05-17 12:30:00,2026
NEC Nijmegen,12.0,1.0,0.0,0.0,13.0,0.0,57.6,37.0,12.0,0.3,0.0,0.0,328.0,403.0,0.8,9.0,34.0,0.3,51.0,22.0,0.4,14.0,11.0,16.0,0.7,4.0,25.0,25.0,Go Ahead Eagles,8.0,2.0,0.0,0.0,4.0,10.0,42.4,3.0,1.0,0.3,0.0,0.0,228.0,305.0,0.7,2.0,13.0,0.2,54.0,26.0,0.5,2.0,8.0,15.0,0.5,9.0,48.0,48.0,741281,2026-05-17 12:30:00,2026
PEC Zwolle,11.0,0.0,0.0,0.0,2.0,6.0,49.7,7.0,1.0,0.1,0.0,0.0,350.0,436.0,0.8,3.0,9.0,0.3,56.0,30.0,0.5,1.0,9.0,13.0,0.7,19.0,20.0,20.0,Feyenoord Rotterdam,11.0,0.0,0.0,0.0,12.0,1.0,50.3,22.0,8.0,0.4,0.0,0.0,358.0,433.0,0.8,5.0,19.0,0.3,38.0,16.0,0.4,4.0,6.0,12.0,0.5,11.0,13.0,13.0,741278,2026-05-17 12:30:00,2026
Ajax Amsterdam,13.0,1.0,0.0,4.0,4.0,1.0,61.8,12.0,5.0,0.4,0.0,0.0,449.0,544.0,0.8,3.0,11.0,0.3,67.0,30.0,0.4,3.0,10.0,18.0,0.6,8.0,21.0,21.0,FC Groningen,17.0,4.0,0.0,2.0,0.0,3.0,38.2,5.0,1.0,0.2,0.0,0.0,255.0,339.0,0.8,1.0,7.0,0.1,43.0,15.0,0.3,2.0,13.0,22.0,0.6,12.0,16.0,16.0,401873225,2026-05-21 16:45:00,2026
FC Utrecht,11.0,0.0,0.0,1.0,9.0,3.0,40.9,23.0,8.0,0.3,0.0,0.0,300.0,364.0,0.8,6.0,21.0,0.3,52.0,28.0,0.5,7.0,6.0,10.0,0.6,10.0,22.0,22.0,Heerenveen,6.0,1.0,0.0,0.0,6.0,5.0,59.1,13.0,5.0,0.4,0.0,0.0,461.0,541.0,0.9,3.0,17.0,0.2,48.0,20.0,0.4,2.0,6.0,11.0,0.5,7.0,11.0,11.0,401873226,2026-05-21 19:00:00,2026
Ajax Amsterdam,16.0,2.0,0.0,1.0,8.0,3.0,63.2,24.0,8.0,0.3,0.0,0.0,612.0,715.0,0.9,6.0,32.0,0.2,62.0,33.0,0.5,7.0,16.0,21.0,0.8,10.0,17.0,17.0,FC Utrecht,17.0,1.0,0.0,1.0,4.0,7.0,36.8,12.0,4.0,0.3,0.0,0.0,325.0,417.0,0.8,5.0,15.0,0.3,80.0,33.0,0.4,1.0,12.0,21.0,0.6,10.0,39.0,39.0,401873227,2026-05-24 10:15:00,2026
SC Cambuur,6.0,0.0,0.0,1.0,5.0,5.0,46.6,11.0,2.0,0.2,0.0,0.0,317.0,379.0,0.8,0.0,11.0,0.0,37.0,15.0,0.4,3.0,14.0,19.0,0.7,8.0,23.0,23.0,Excelsior,11.0,0.0,0.0,1.0,8.0,1.0,53.4,18.0,9.0,0.5,0.0,0.0,354.0,430.0,0.8,8.0,20.0,0.4,70.0,37.0,0.5,5.0,13.0,18.0,0.7,9.0,15.0,15.0,401875655,2026-08-07 18:00:00,2026
NEC Nijmegen,12.0,2.0,0.0,2.0,13.0,1.0,71.3,27.0,4.0,0.1,0.0,0.0,492.0,552.0,0.9,10.0,46.0,0.2,33.0,18.0,0.5,11.0,12.0,19.0,0.6,9.0,14.0,14.0,Telstar,14.0,2.0,0.0,1.0,3.0,3.0,28.7,8.0,3.0,0.4,0.0,0.0,159.0,227.0,0.7,2.0,9.0,0.2,66.0,26.0,0.4,2.0,9.0,18.0,0.5,7.0,49.0,49.0,401875654,2026-08-08 14:30:00,2026
Go Ahead Eagles,6.0,2.0,0.0,1.0,6.0,0.0,69.3,20.0,10.0,0.5,0.0,0.0,508.0,579.0,0.9,8.0,38.0,0.2,58.0,34.0,0.6,3.0,10.0,12.0,0.8,4.0,9.0,9.0,Willem II,14.0,1.0,0.0,0.0,2.0,6.0,30.7,13.0,1.0,0.1,0.0,0.0,197.0,260.0,0.8,6.0,13.0,0.5,64.0,28.0,0.4,4.0,5.0,9.0,0.6,10.0,39.0,39.0,401875653,2026-08-08 16:45:00,2026
PSV Eindhoven,9.0,1.0,0.0,0.0,10.0,4.0,75.8,21.0,6.0,0.3,0.0,0.0,667.0,758.0,0.9,10.0,37.0,0.3,50.0,27.0,0.5,7.0,5.0,13.0,0.4,6.0,10.0,10.0,Fortuna Sittard,6.0,1.0,0.0,4.0,0.0,4.0,24.2,8.0,6.0,0.8,0.0,0.0,165.0,249.0,0.7,1.0,7.0,0.1,64.0,16.0,0.3,0.0,10.0,11.0,0.9,6.0,50.0,50.0,401875652,2026-08-08 18:00:00,2026
AZ Alkmaar,9.0,0.0,0.0,4.0,9.0,1.0,53.4,12.0,4.0,0.3,0.0,0.0,387.0,470.0,0.8,1.0,15.0,0.1,59.0,26.0,0.4,3.0,11.0,16.0,0.7,6.0,20.0,20.0,ADO Den Haag,14.0,1.0,0.0,1.0,7.0,2.0,46.6,10.0,1.0,0.0,0.0,0.0,327.0,406.0,0.8,7.0,14.0,0.5,73.0,35.0,0.5,3.0,11.0,19.0,0.6,9.0,25.0,25.0,401875651,2026-08-08 19:00:00,2026
Sparta Rotterdam,11.0,3.0,0.0,5.0,5.0,6.0,40.4,10.0,0.0,0.0,0.0,0.0,257.0,336.0,0.8,9.0,20.0,0.5,60.0,26.0,0.4,1.0,6.0,12.0,0.5,4.0,20.0,20.0,Feyenoord Rotterdam,8.0,1.0,0.0,2.0,10.0,1.0,59.6,22.0,6.0,0.3,0.0,0.0,454.0,510.0,0.9,5.0,20.0,0.3,44.0,23.0,0.5,6.0,7.0,17.0,0.4,8.0,22.0,22.0,401875650,2026-08-09 10:15:00,2026
FC Groningen,12.0,0.0,0.0,1.0,5.0,6.0,59.0,16.0,5.0,0.3,0.0,0.0,365.0,449.0,0.8,2.0,14.0,0.1,80.0,39.0,0.5,7.0,9.0,13.0,0.7,5.0,26.0,26.0,FC Utrecht,17.0,2.0,0.0,4.0,1.0,3.0,41.0,14.0,7.0,0.5,0.0,0.0,225.0,306.0,0.7,9.0,17.0,0.5,58.0,20.0,0.3,0.0,11.0,17.0,0.6,11.0,23.0,23.0,401875649,2026-08-09 12:30:00,2026
PEC Zwolle,12.0,2.0,1.0,0.0,2.0,4.0,30.6,7.0,2.0,0.3,0.0,0.0,173.0,238.0,0.7,3.0,11.0,0.3,66.0,29.0,0.4,3.0,13.0,22.0,0.6,12.0,28.0,28.0,Ajax Amsterdam,10.0,2.0,0.0,0.0,10.0,2.0,69.4,26.0,6.0,0.2,0.0,0.0,482.0,548.0,0.9,6.0,26.0,0.2,42.0,22.0,0.5,12.0,7.0,10.0,0.7,4.0,19.0,19.0,401875648,2026-08-09 12:30:00,2026
Heerenveen,7.0,2.0,0.0,2.0,5.0,3.0,45.6,7.0,4.0,0.6,0.0,0.0,395.0,474.0,0.8,2.0,5.0,0.4,62.0,25.0,0.4,2.0,7.0,10.0,0.7,9.0,40.0,40.0,FC Twente,7.0,1.0,0.0,2.0,8.0,3.0,54.4,18.0,3.0,0.2,0.0,0.0,459.0,533.0,0.9,10.0,39.0,0.3,52.0,27.0,0.5,4.0,11.0,13.0,0.8,8.0,13.0,13.0,401875647,2026-08-09 14:45:00,2026
Telstar,13.0,1.0,0.0,1.0,8.0,6.0,60.6,7.0,1.0,0.1,0.0,0.0,424.0,509.0,0.8,3.0,25.0,0.1,63.0,34.0,0.5,2.0,9.0,13.0,0.7,8.0,19.0,19.0,Sparta Rotterdam,17.0,1.0,0.0,0.0,5.0,0.0,39.4,16.0,9.0,0.6,0.0,0.0,256.0,327.0,0.8,7.0,17.0,0.4,78.0,33.0,0.4,3.0,10.0,23.0,0.4,4.0,56.0,56.0,401875646,2026-08-14 18:00:00,2026
Willem II,10.0,1.0,0.0,0.0,1.0,6.0,31.9,9.0,2.0,0.2,0.0,0.0,174.0,279.0,0.6,3.0,6.0,0.5,68.0,29.0,0.4,5.0,11.0,15.0,0.7,13.0,27.0,27.0,NEC Nijmegen,14.0,0.0,0.0,3.0,2.0,1.0,68.1,21.0,10.0,0.5,0.0,0.0,500.0,591.0,0.8,6.0,16.0,0.4,52.0,21.0,0.4,5.0,11.0,15.0,0.7,12.0,13.0,13.0,401875645,2026-08-15 14:30:00,2026
FC Utrecht,23.0,4.0,0.0,1.0,3.0,5.0,47.8,8.0,2.0,0.3,0.0,0.0,300.0,371.0,0.8,4.0,21.0,0.2,58.0,30.0,0.5,2.0,18.0,23.0,0.8,6.0,19.0,19.0,AZ Alkmaar,14.0,2.0,0.0,0.0,9.0,1.0,52.2,24.0,9.0,0.4,0.0,0.0,352.0,412.0,0.9,4.0,16.0,0.3,43.0,22.0,0.5,6.0,11.0,18.0,0.6,4.0,23.0,23.0,401875644,2026-08-15 16:45:00,2026
Excelsior,9.0,1.0,0.0,1.0,1.0,6.0,41.1,5.0,2.0,0.4,0.0,0.0,339.0,427.0,0.8,2.0,12.0,0.2,68.0,28.0,0.4,1.0,12.0,16.0,0.8,8.0,32.0,32.0,PSV Eindhoven,3.0,0.0,0.0,1.0,7.0,1.0,58.9,20.0,8.0,0.4,0.0,0.0,529.0,607.0,0.9,7.0,24.0,0.3,42.0,21.0,0.5,5.0,13.0,18.0,0.7,7.0,17.0,17.0,401875643,2026-08-15 18:00:00,2026
Fortuna Sittard,10.0,0.0,0.0,3.0,6.0,6.0,36.0,17.0,7.0,0.4,0.0,0.0,205.0,291.0,0.7,8.0,16.0,0.5,60.0,19.0,0.3,6.0,9.0,15.0,0.6,10.0,32.0,32.0,SC Cambuur,9.0,2.0,0.0,1.0,7.0,4.0,64.0,19.0,7.0,0.4,0.0,0.0,443.0,514.0,0.9,9.0,30.0,0.3,42.0,19.0,0.5,5.0,13.0,20.0,0.7,12.0,19.0,19.0,401875642,2026-08-15 19:00:00,2026
ADO Den Haag,11.0,0.0,0.0,0.0,5.0,10.0,54.9,10.0,4.0,0.4,0.0,0.0,399.0,489.0,0.8,4.0,15.0,0.3,75.0,42.0,0.6,2.0,8.0,22.0,0.4,10.0,22.0,22.0,FC Groningen,11.0,1.0,0.0,3.0,2.0,3.0,45.1,17.0,14.0,0.8,0.0,0.0,316.0,410.0,0.8,3.0,11.0,0.3,63.0,22.0,0.3,2.0,6.0,10.0,0.6,6.0,18.0,18.0,401875641,2026-08-16 10:15:00,2026
Feyenoord Rotterdam,3.0,0.0,0.0,2.0,6.0,4.0,53.2,27.0,6.0,0.2,0.0,0.0,410.0,485.0,0.8,3.0,17.0,0.2,46.0,18.0,0.4,9.0,10.0,12.0,0.8,9.0,26.0,26.0,Go Ahead Eagles,8.0,0.0,0.0,0.0,6.0,4.0,46.8,14.0,6.0,0.4,0.0,0.0,334.0,425.0,0.8,3.0,12.0,0.3,73.0,26.0,0.4,2.0,6.0,12.0,0.5,5.0,28.0,28.0,401875640,2026-08-16 12:30:00,2026
FC Twente,11.0,0.0,0.0,1.0,6.0,2.0,68.5,27.0,10.0,0.4,0.0,0.0,540.0,614.0,0.9,8.0,31.0,0.3,56.0,28.0,0.5,5.0,8.0,10.0,0.8,12.0,14.0,14.0,PEC Zwolle,6.0,0.0,0.0,0.0,3.0,8.0,31.5,8.0,3.0,0.4,0.0,0.0,197.0,285.0,0.7,3.0,8.0,0.4,56.0,18.0,0.3,3.0,7.0,14.0,0.5,18.0,31.0,31.0,401875639,2026-08-16 12:30:00,2026
Ajax Amsterdam,8.0,3.0,0.0,2.0,7.0,6.0,53.9,23.0,4.0,0.2,0.0,0.0,468.0,517.0,0.9,9.0,35.0,0.3,38.0,30.0,0.8,9.0,6.0,14.0,0.4,4.0,19.0,19.0,Heerenveen,10.0,1.0,0.0,3.0,2.0,4.0,46.1,14.0,8.0,0.6,0.0,0.0,405.0,462.0,0.9,1.0,8.0,0.1,37.0,16.0,0.4,3.0,6.0,10.0,0.6,11.0,28.0,28.0,401875638,2026-08-16 14:45:00,2026
Fortuna Sittard,9.0,0.0,1.0,0.0,1.0,9.0,27.5,4.0,2.0,0.5,0.0,0.0,175.0,250.0,0.7,1.0,5.0,0.2,70.0,24.0,0.3,0.0,8.0,12.0,0.7,5.0,36.0,36.0,AZ Alkmaar,11.0,1.0,0.0,2.0,15.0,2.0,72.5,26.0,11.0,0.4,0.0,0.0,577.0,644.0,0.9,8.0,27.0,0.3,27.0,18.0,0.7,8.0,10.0,14.0,0.7,6.0,8.0,8.0,401875637,2026-08-22 14:30:00,2026
Sparta Rotterdam,10.0,0.0,0.0,1.0,5.0,1.0,55.9,14.0,5.0,0.4,0.0,0.0,415.0,485.0,0.9,8.0,23.0,0.3,60.0,30.0,0.5,3.0,7.0,15.0,0.5,8.0,16.0,16.0,FC Utrecht,13.0,0.0,0.0,2.0,7.0,2.0,44.1,16.0,4.0,0.3,0.0,0.0,303.0,382.0,0.8,7.0,22.0,0.3,57.0,19.0,0.3,7.0,8.0,12.0,0.7,5.0,23.0,23.0,401875635,2026-08-22 16:45:00,2026
Heerenveen,6.0,1.0,0.0,0.0,5.0,5.0,64.1,18.0,5.0,0.3,0.0,0.0,521.0,612.0,0.9,7.0,21.0,0.3,79.0,43.0,0.5,5.0,8.0,12.0,0.7,7.0,17.0,17.0,PEC Zwolle,13.0,2.0,0.0,1.0,3.0,5.0,35.9,20.0,7.0,0.4,0.0,0.0,263.0,339.0,0.8,2.0,12.0,0.2,50.0,16.0,0.3,7.0,8.0,12.0,0.7,9.0,33.0,33.0,401875634,2026-08-22 19:00:00,2026
Go Ahead Eagles,10.0,1.0,0.0,2.0,5.0,2.0,46.6,11.0,5.0,0.5,0.0,0.0,344.0,428.0,0.8,8.0,26.0,0.3,71.0,30.0,0.4,3.0,2.0,9.0,0.2,9.0,21.0,21.0,ADO Den Haag,13.0,2.0,0.0,1.0,3.0,2.0,53.4,16.0,3.0,0.2,0.0,0.0,411.0,498.0,0.8,3.0,17.0,0.2,63.0,29.0,0.5,5.0,11.0,17.0,0.6,7.0,42.0,42.0,401875633,2026-08-23 10:15:00,2026
PSV Eindhoven,10.0,1.0,0.0,0.0,9.0,2.0,62.1,24.0,12.0,0.5,0.0,1.0,522.0,568.0,0.9,9.0,25.0,0.4,32.0,22.0,0.7,3.0,8.0,14.0,0.6,13.0,9.0,9.0,FC Groningen,4.0,1.0,0.0,0.0,4.0,7.0,37.9,7.0,4.0,0.6,0.0,0.0,286.0,354.0,0.8,0.0,6.0,0.0,52.0,24.0,0.5,2.0,9.0,14.0,0.6,3.0,25.0,25.0,401875632,2026-08-23 12:30:00,2026
SC Cambuur,14.0,0.0,0.0,2.0,3.0,3.0,45.3,11.0,4.0,0.4,0.0,0.0,335.0,399.0,0.8,4.0,10.0,0.4,51.0,20.0,0.4,4.0,6.0,10.0,0.6,11.0,18.0,18.0,Feyenoord Rotterdam,13.0,1.0,0.0,1.0,3.0,2.0,54.7,14.0,7.0,0.5,0.0,1.0,415.0,482.0,0.9,4.0,11.0,0.4,34.0,14.0,0.4,3.0,15.0,19.0,0.8,9.0,13.0,13.0,401875631,2026-08-23 14:45:00,2026
FC Groningen,8.0,3.0,0.0,3.0,7.0,2.0,67.6,22.0,2.0,0.1,0.0,0.0,478.0,551.0,0.9,7.0,43.0,0.2,46.0,27.0,0.6,5.0,3.0,5.0,0.6,2.0,22.0,22.0,Fortuna Sittard,8.0,4.0,0.0,1.0,2.0,1.0,32.4,9.0,5.0,0.6,0.0,0.0,206.0,279.0,0.7,0.0,6.0,0.0,83.0,32.0,0.4,3.0,7.0,11.0,0.6,11.0,60.0,60.0,401875630,2026-08-28 18:00:00,2026
Excelsior,13.0,2.0,0.0,0.0,6.0,1.0,43.6,15.0,5.0,0.3,0.0,0.0,293.0,371.0,0.8,7.0,27.0,0.3,60.0,29.0,0.5,5.0,9.0,12.0,0.8,8.0,32.0,32.0,Sparta Rotterdam,7.0,1.0,0.0,0.0,4.0,3.0,56.4,10.0,2.0,0.2,0.0,0.0,406.0,487.0,0.8,2.0,23.0,0.1,58.0,28.0,0.5,4.0,6.0,12.0,0.5,7.0,33.0,33.0,401875629,2026-08-29 14:30:00,2026
AZ Alkmaar,9.0,0.0,0.0,1.0,8.0,2.0,51.9,20.0,8.0,0.4,0.0,0.0,405.0,486.0,0.8,3.0,12.0,0.3,45.0,26.0,0.6,5.0,6.0,12.0,0.5,10.0,16.0,16.0,Go Ahead Eagles,6.0,0.0,0.0,1.0,4.0,3.0,48.1,10.0,4.0,0.4,0.0,0.0,370.0,445.0,0.8,3.0,16.0,0.2,58.0,24.0,0.4,2.0,6.0,9.0,0.7,15.0,25.0,25.0,401875628,2026-08-29 16:45:00,2026
PEC Zwolle,17.0,1.0,0.0,4.0,6.0,1.0,52.1,9.0,2.0,0.2,0.0,2.0,259.0,375.0,0.7,2.0,16.0,0.1,64.0,24.0,0.4,2.0,9.0,18.0,0.5,11.0,17.0,17.0,NEC Nijmegen,12.0,3.0,0.0,0.0,7.0,1.0,47.9,8.0,4.0,0.5,0.0,2.0,227.0,341.0,0.7,6.0,14.0,0.4,59.0,16.0,0.3,2.0,8.0,12.0,0.7,17.0,23.0,23.0,401875627,2026-08-29 19:00:00,2026
FC Utrecht,21.0,5.0,0.0,1.0,0.0,7.0,33.7,1.0,1.0,1.0,0.0,0.0,222.0,297.0,0.7,0.0,7.0,0.0,53.0,18.0,0.3,0.0,17.0,22.0,0.8,12.0,29.0,29.0,PSV Eindhoven,8.0,1.0,0.0,1.0,13.0,0.0,66.3,30.0,14.0,0.5,0.0,1.0,508.0,562.0,0.9,5.0,35.0,0.1,34.0,23.0,0.7,5.0,7.0,10.0,0.7,8.0,4.0,4.0,401875626,2026-08-30 10:15:00,2026
Willem II,9.0,0.0,0.0,2.0,9.0,3.0,38.9,12.0,5.0,0.4,0.0,0.0,245.0,320.0,0.8,3.0,22.0,0.1,75.0,30.0,0.4,2.0,8.0,19.0,0.4,7.0,24.0,24.0,Heerenveen,5.0,0.0,0.0,2.0,7.0,2.0,61.1,13.0,5.0,0.4,0.0,0.0,452.0,517.0,0.9,9.0,23.0,0.4,55.0,28.0,0.5,3.0,3.0,8.0,0.4,1.0,22.0,22.0,401875625,2026-08-30 12:30:00,2026
Feyenoord Rotterdam,5.0,0.0,0.0,2.0,11.0,1.0,69.2,33.0,12.0,0.4,0.0,0.0,574.0,617.0,0.9,5.0,28.0,0.2,19.0,12.0,0.6,10.0,3.0,6.0,0.5,9.0,14.0,14.0,ADO Den Haag,9.0,3.0,0.0,3.0,3.0,10.0,30.8,8.0,3.0,0.4,0.0,0.0,212.0,275.0,0.8,4.0,11.0,0.4,52.0,19.0,0.4,3.0,17.0,26.0,0.7,8.0,48.0,48.0,401875624,2026-08-30 12:30:00,2026
Telstar,11.0,0.0,0.0,2.0,5.0,5.0,42.2,11.0,4.0,0.4,0.0,0.0,328.0,397.0,0.8,3.0,13.0,0.2,44.0,15.0,0.3,2.0,5.0,10.0,0.5,3.0,25.0,25.0,Ajax Amsterdam,13.0,0.0,0.0,2.0,4.0,5.0,57.8,12.0,9.0,0.8,0.0,0.0,478.0,537.0,0.9,5.0,30.0,0.2,31.0,14.0,0.5,1.0,8.0,13.0,0.6,9.0,13.0,13.0,401875623,2026-08-30 14:45:00,2026
SC Cambuur,6.0,1.0,0.0,2.0,2.0,6.0,35.8,10.0,3.0,0.3,0.0,0.0,274.0,338.0,0.8,1.0,4.0,0.3,56.0,25.0,0.4,0.0,15.0,20.0,0.8,8.0,35.0,35.0,FC Twente,14.0,1.0,0.0,2.0,9.0,2.0,64.2,23.0,10.0,0.4,0.0,0.0,533.0,599.0,0.9,3.0,16.0,0.2,41.0,21.0,0.5,4.0,10.0,15.0,0.7,6.0,10.0,10.0,401875622,2026-08-30 18:00:00,2026
Sparta Rotterdam,12.0,0.0,0.0,0.0,15.0,4.0,55.8,21.0,8.0,0.4,0.0,0.0,391.0,463.0,0.8,4.0,28.0,0.1,59.0,28.0,0.5,8.0,8.0,14.0,0.6,3.0,27.0,27.0,PEC Zwolle,11.0,2.0,0.0,1.0,4.0,6.0,44.2,15.0,6.0,0.4,0.0,0.0,291.0,366.0,0.8,8.0,23.0,0.3,40.0,13.0,0.3,2.0,8.0,12.0,0.7,8.0,36.0,36.0,401875621,2026-09-04 18:00:00,2026
NEC Nijmegen,9.0,1.0,0.0,2.0,1.0,2.0,62.5,12.0,2.0,0.2,0.0,0.0,439.0,534.0,0.8,3.0,26.0,0.1,55.0,16.0,0.3,3.0,11.0,16.0,0.7,15.0,17.0,17.0,Feyenoord Rotterdam,15.0,2.0,0.0,4.0,1.0,1.0,37.5,11.0,6.0,0.5,0.0,0.0,246.0,323.0,0.8,1.0,8.0,0.1,50.0,19.0,0.4,2.0,11.0,20.0,0.6,9.0,42.0,42.0,401875620,2026-09-05 14:30:00,2026
Ajax Amsterdam,6.0,3.0,0.0,1.0,1.0,2.0,52.9,19.0,6.0,0.3,0.0,0.0,427.0,513.0,0.8,4.0,11.0,0.4,57.0,32.0,0.6,6.0,18.0,25.0,0.7,15.0,9.0,9.0,PSV Eindhoven,13.0,6.0,0.0,1.0,1.0,5.0,47.1,13.0,5.0,0.4,0.0,0.0,384.0,446.0,0.9,3.0,13.0,0.2,54.0,28.0,0.5,2.0,16.0,28.0,0.6,14.0,12.0,12.0,401875618,2026-09-05 18:00:00,2026
Willem II,10.0,2.0,0.0,1.0,7.0,3.0,59.0,16.0,2.0,0.1,0.0,0.0,421.0,508.0,0.8,9.0,42.0,0.2,57.0,22.0,0.4,7.0,7.0,12.0,0.6,9.0,36.0,36.0,Excelsior,14.0,1.0,0.0,0.0,6.0,2.0,41.0,13.0,6.0,0.5,0.0,0.0,284.0,367.0,0.8,4.0,13.0,0.3,80.0,46.0,0.6,4.0,7.0,8.0,0.9,5.0,59.0,59.0,401875617,2026-09-05 19:00:00,2026
FC Groningen,6.0,1.0,0.0,2.0,8.0,3.0,45.8,21.0,4.0,0.2,0.0,0.0,303.0,384.0,0.8,3.0,18.0,0.2,62.0,31.0,0.5,12.0,15.0,20.0,0.8,10.0,28.0,28.0,FC Twente,8.0,1.0,0.0,1.0,2.0,2.0,54.2,16.0,5.0,0.3,0.0,0.0,388.0,458.0,0.8,7.0,13.0,0.5,53.0,27.0,0.5,1.0,8.0,12.0,0.7,10.0,24.0,24.0,401875616,2026-09-06 10:15:00,2026
Telstar,7.0,3.0,1.0,2.0,4.0,1.0,42.4,11.0,2.0,0.2,0.0,2.0,235.0,324.0,0.7,4.0,12.0,0.3,69.0,33.0,0.5,4.0,11.0,20.0,0.6,5.0,13.0,13.0,SC Cambuur,20.0,4.0,0.0,2.0,2.0,0.0,57.6,8.0,3.0,0.4,0.0,0.0,369.0,441.0,0.8,6.0,16.0,0.4,59.0,25.0,0.4,2.0,13.0,16.0,0.8,11.0,31.0,31.0,401875614,2026-09-06 12:30:00,2026
Heerenveen,9.0,1.0,0.0,1.0,4.0,5.0,45.3,14.0,5.0,0.4,0.0,0.0,344.0,420.0,0.8,5.0,13.0,0.4,65.0,29.0,0.4,6.0,9.0,15.0,0.6,1.0,19.0,19.0,AZ Alkmaar,12.0,2.0,0.0,4.0,3.0,3.0,54.7,15.0,8.0,0.5,0.0,0.0,444.0,508.0,0.9,3.0,10.0,0.3,42.0,21.0,0.5,4.0,16.0,24.0,0.7,6.0,28.0,28.0,401875615,2026-09-06 12:30:00,2026
ADO Den Haag,17.0,0.0,0.0,3.0,2.0,2.0,58.2,11.0,3.0,0.3,0.0,0.0,410.0,474.0,0.9,7.0,33.0,0.2,50.0,27.0,0.5,2.0,12.0,22.0,0.5,8.0,13.0,13.0,Fortuna Sittard,16.0,4.0,0.0,1.0,0.0,1.0,41.8,8.0,5.0,0.6,0.0,0.0,285.0,358.0,0.8,2.0,6.0,0.3,55.0,22.0,0.4,3.0,2.0,4.0,0.5,4.0,31.0,31.0,401875613,2026-09-06 14:45:00,2026
FC Utrecht,10.0,2.0,0.0,0.0,5.0,3.0,52.5,16.0,4.0,0.3,0.0,0.0,279.0,327.0,0.9,8.0,22.0,0.4,27.0,14.0,0.5,8.0,7.0,8.0,0.9,3.0,13.0,13.0,Go Ahead Eagles,5.0,1.0,0.0,0.0,3.0,3.0,47.5,11.0,6.0,0.5,0.0,0.0,258.0,307.0,0.8,3.0,9.0,0.3,41.0,15.0,0.4,4.0,6.0,10.0,0.6,7.0,16.0,16.0,401875619,2026-09-08 12:00:00,2026
