local_equipo,local_foulsCommitted,local_yellowCards,local_redCards,local_offsides,local_wonCorners,local_saves,local_possessionPct,local_totalShots,local_shotsOnTarget,local_shotPct,local_penaltyKickGoals,local_penaltyKickShots,local_accuratePasses,local_totalPasses,local_passPct,local_accurateCrosses,local_totalCrosses,local_crossPct,local_totalLongBalls,local_accurateLongBalls,local_longballPct,local_blockedShots,local_effectiveTackles,local_totalTackles,local_tacklePct,local_interceptions,local_effectiveClearance,local_totalClearance,visita_equipo,visita_foulsCommitted,visita_yellowCards,visita_redCards,visita_offsides,visita_wonCorners,visita_saves,visita_possessionPct,visita_totalShots,visita_shotsOnTarget,visita_shotPct,visita_penaltyKickGoals,visita_penaltyKickShots,visita_accuratePasses,visita_totalPasses,visita_passPct,visita_accurateCrosses,visita_totalCrosses,visita_crossPct,visita_totalLongBalls,visita_accurateLongBalls,visita_longballPct,visita_blockedShots,visita_effectiveTackles,visita_totalTackles,visita_tacklePct,visita_interceptions,visita_effectiveClearance,visita_totalClearance,event_id,fecha,temporada
Randers FC,,,,,,,,,,,,,,,,,,,,,,,,,,,,,AC Horsens,,,,,,,,,,,,,,,,,,,,,,,,,,,,,575827,2021-02-02 17:00:00,2021
Vejle Boldklub,,,,,,,,,,,,,,,,,,,,,,,,,,,,,AGF,,,,,,,,,,,,,,,,,,,,,,,,,,,,,575828,2021-02-02 19:00:00,2021
Odense Boldklub,,,,,,,,,,,,,,,,,,,,,,,,,,,,,Lyngby Boldklub,,,,,,,,,,,,,,,,,,,,,,,,,,,,,575831,2021-02-03 17:00:00,2021
AaB,,,,,,,,,,,,,,,,,,,,,,,,,,,,,F.C. København,,,,,,,,,,,,,,,,,,,,,,,,,,,,,575830,2021-02-03 19:00:00,2021
FC Midtjylland,,,,,,,,,,,,,,,,,,,,,,,,,,,,,Sønderjyske Fodbold,,,,,,,,,,,,,,,,,,,,,,,,,,,,,575832,2021-02-04 17:00:00,2021
FC Nordsjælland,,,,,,,,,,,,,,,,,,,,,,,,,,,,,Brøndby IF,,,,,,,,,,,,,,,,,,,,,,,,,,,,,575829,2021-02-04 19:00:00,2021
FC Nordsjælland,,,,,,,,,,,,,,,,,,,,,,,,,,,,,Odense Boldklub,,,,,,,,,,,,,,,,,,,,,,,,,,,,,575825,2021-02-07 13:00:00,2021
Sønderjyske Fodbold,,,,,,,,,,,,,,,,,,,,,,,,,,,,,Vejle Boldklub,,,,,,,,,,,,,,,,,,,,,,,,,,,,,575826,2021-02-07 13:00:00,2021
AC Horsens,,,,,,,,,,,,,,,,,,,,,,,,,,,,,F.C. København,,,,,,,,,,,,,,,,,,,,,,,,,,,,,575822,2021-02-07 15:00:00,2021
AGF,,,,,,,,,,,,,,,,,,,,,,,,,,,,,Lyngby Boldklub,,,,,,,,,,,,,,,,,,,,,,,,,,,,,575824,2021-02-07 17:00:00,2021
Brøndby IF,,,,,,,,,,,,,,,,,,,,,,,,,,,,,AaB,,,,,,,,,,,,,,,,,,,,,,,,,,,,,575821,2021-02-07 19:00:00,2021
Randers FC,,,,,,,,,,,,,,,,,,,,,,,,,,,,,FC Midtjylland,,,,,,,,,,,,,,,,,,,,,,,,,,,,,575823,2021-02-08 18:00:00,2021
Vejle Boldklub,,,,,,,,,,,,,,,,,,,,,,,,,,,,,FC Nordsjælland,,,,,,,,,,,,,,,,,,,,,,,,,,,,,575818,2021-02-14 13:00:00,2021
AaB,,,,,,,,,,,,,,,,,,,,,,,,,,,,,Randers FC,,,,,,,,,,,,,,,,,,,,,,,,,,,,,575819,2021-02-14 13:00:00,2021
Lyngby Boldklub,,,,,,,,,,,,,,,,,,,,,,,,,,,,,Brøndby IF,,,,,,,,,,,,,,,,,,,,,,,,,,,,,575817,2021-02-14 15:00:00,2021
FC Midtjylland,,,,,,,,,,,,,,,,,,,,,,,,,,,,,AC Horsens,,,,,,,,,,,,,,,,,,,,,,,,,,,,,575815,2021-02-14 17:00:00,2021
Odense Boldklub,,,,,,,,,,,,,,,,,,,,,,,,,,,,,AGF,,,,,,,,,,,,,,,,,,,,,,,,,,,,,575816,2021-02-14 19:00:00,2021
F.C. København,,,,,,,,,,,,,,,,,,,,,,,,,,,,,Sønderjyske Fodbold,,,,,,,,,,,,,,,,,,,,,,,,,,,,,575820,2021-02-15 18:00:00,2021
AaB,,,,,,,,,,,,,,,,,,,,,,,,,,,,,FC Midtjylland,,,,,,,,,,,,,,,,,,,,,,,,,,,,,575810,2021-02-19 18:00:00,2021
Randers FC,,,,,,,,,,,,,,,,,,,,,,,,,,,,,FC Nordsjælland,,,,,,,,,,,,,,,,,,,,,,,,,,,,,575811,2021-02-21 13:00:00,2021
AC Horsens,,,,,,,,,,,,,,,,,,,,,,,,,,,,,Odense Boldklub,,,,,,,,,,,,,,,,,,,,,,,,,,,,,575812,2021-02-21 13:00:00,2021
AGF,,,,,,,,,,,,,,,,,,,,,,,,,,,,,Sønderjyske Fodbold,,,,,,,,,,,,,,,,,,,,,,,,,,,,,575813,2021-02-21 15:00:00,2021
Brøndby IF,,,,,,,,,,,,,,,,,,,,,,,,,,,,,Vejle Boldklub,,,,,,,,,,,,,,,,,,,,,,,,,,,,,575814,2021-02-21 17:00:00,2021
Lyngby Boldklub,,,,,,,,,,,,,,,,,,,,,,,,,,,,,F.C. København,,,,,,,,,,,,,,,,,,,,,,,,,,,,,575809,2021-02-22 18:00:00,2021
Vejle Boldklub,,,,,,,,,,,,,,,,,,,,,,,,,,,,,AC Horsens,,,,,,,,,,,,,,,,,,,,,,,,,,,,,575803,2021-02-26 18:00:00,2021
FC Nordsjælland,,,,,,,,,,,,,,,,,,,,,,,,,,,,,AaB,,,,,,,,,,,,,,,,,,,,,,,,,,,,,575805,2021-02-28 13:00:00,2021
Odense Boldklub,,,,,,,,,,,,,,,,,,,,,,,,,,,,,Randers FC,,,,,,,,,,,,,,,,,,,,,,,,,,,,,575808,2021-02-28 13:00:00,2021
F.C. København,,,,,,,,,,,,,,,,,,,,,,,,,,,,,AGF,,,,,,,,,,,,,,,,,,,,,,,,,,,,,575804,2021-02-28 15:00:00,2021
FC Midtjylland,,,,,,,,,,,,,,,,,,,,,,,,,,,,,Brøndby IF,,,,,,,,,,,,,,,,,,,,,,,,,,,,,575806,2021-02-28 17:00:00,2021
Sønderjyske Fodbold,,,,,,,,,,,,,,,,,,,,,,,,,,,,,Lyngby Boldklub,,,,,,,,,,,,,,,,,,,,,,,,,,,,,575807,2021-03-01 18:00:00,2021
AC Horsens,,,,,,,,,,,,,,,,,,,,,,,,,,,,,AaB,,,,,,,,,,,,,,,,,,,,,,,,,,,,,575797,2021-03-03 17:00:00,2021
AGF,,,,,,,,,,,,,,,,,,,,,,,,,,,,,FC Nordsjælland,,,,,,,,,,,,,,,,,,,,,,,,,,,,,575799,2021-03-03 17:00:00,2021
F.C. København,,,,,,,,,,,,,,,,,,,,,,,,,,,,,Vejle Boldklub,,,,,,,,,,,,,,,,,,,,,,,,,,,,,575802,2021-03-03 19:00:00,2021
Lyngby Boldklub,,,,,,,,,,,,,,,,,,,,,,,,,,,,,FC Midtjylland,,,,,,,,,,,,,,,,,,,,,,,,,,,,,575798,2021-03-04 17:00:00,2021
Sønderjyske Fodbold,,,,,,,,,,,,,,,,,,,,,,,,,,,,,Odense Boldklub,,,,,,,,,,,,,,,,,,,,,,,,,,,,,575800,2021-03-04 17:00:00,2021
Brøndby IF,,,,,,,,,,,,,,,,,,,,,,,,,,,,,Randers FC,,,,,,,,,,,,,,,,,,,,,,,,,,,,,575801,2021-03-04 19:00:00,2021
Randers FC,,,,,,,,,,,,,,,,,,,,,,,,,,,,,Lyngby Boldklub,,,,,,,,,,,,,,,,,,,,,,,,,,,,,575794,2021-03-07 11:00:00,2021
Brøndby IF,,,,,,,,,,,,,,,,,,,,,,,,,,,,,F.C. København,,,,,,,,,,,,,,,,,,,,,,,,,,,,,575793,2021-03-07 13:00:00,2021
FC Midtjylland,,,,,,,,,,,,,,,,,,,,,,,,,,,,,AGF,,,,,,,,,,,,,,,,,,,,,,,,,,,,,575792,2021-03-07 15:00:00,2021
FC Nordsjælland,,,,,,,,,,,,,,,,,,,,,,,,,,,,,AC Horsens,,,,,,,,,,,,,,,,,,,,,,,,,,,,,575791,2021-03-07 17:00:00,2021
Vejle Boldklub,,,,,,,,,,,,,,,,,,,,,,,,,,,,,Odense Boldklub,,,,,,,,,,,,,,,,,,,,,,,,,,,,,575795,2021-03-07 19:00:00,2021
AaB,,,,,,,,,,,,,,,,,,,,,,,,,,,,,Sønderjyske Fodbold,,,,,,,,,,,,,,,,,,,,,,,,,,,,,575796,2021-03-08 18:00:00,2021
Lyngby Boldklub,,,,,,,,,,,,,,,,,,,,,,,,,,,,,FC Nordsjælland,,,,,,,,,,,,,,,,,,,,,,,,,,,,,575789,2021-03-12 18:00:00,2021
Vejle Boldklub,,,,,,,,,,,,,,,,,,,,,,,,,,,,,AaB,,,,,,,,,,,,,,,,,,,,,,,,,,,,,575786,2021-03-14 13:00:00,2021
Sønderjyske Fodbold,,,,,,,,,,,,,,,,,,,,,,,,,,,,,AC Horsens,,,,,,,,,,,,,,,,,,,,,,,,,,,,,575785,2021-03-14 13:00:00,2021
Odense Boldklub,,,,,,,,,,,,,,,,,,,,,,,,,,,,,Brøndby IF,,,,,,,,,,,,,,,,,,,,,,,,,,,,,575787,2021-03-14 15:00:00,2021
F.C. København,,,,,,,,,,,,,,,,,,,,,,,,,,,,,FC Midtjylland,,,,,,,,,,,,,,,,,,,,,,,,,,,,,575788,2021-03-14 17:00:00,2021
AGF,,,,,,,,,,,,,,,,,,,,,,,,,,,,,Randers FC,,,,,,,,,,,,,,,,,,,,,,,,,,,,,575790,2021-03-15 18:00:00,2021
FC Nordsjælland,,,,,,,,,,,,,,,,,,,,,,,,,,,,,Sønderjyske Fodbold,,,,,,,,,,,,,,,,,,,,,,,,,,,,,575783,2021-03-21 16:00:00,2021
Brøndby IF,,,,,,,,,,,,,,,,,,,,,,,,,,,,,AGF,,,,,,,,,,,,,,,,,,,,,,,,,,,,,575779,2021-03-21 16:00:00,2021
Randers FC,,,,,,,,,,,,,,,,,,,,,,,,,,,,,F.C. København,,,,,,,,,,,,,,,,,,,,,,,,,,,,,575780,2021-03-21 16:00:00,2021
FC Midtjylland,,,,,,,,,,,,,,,,,,,,,,,,,,,,,Vejle Boldklub,,,,,,,,,,,,,,,,,,,,,,,,,,,,,575784,2021-03-21 16:00:00,2021
AaB,,,,,,,,,,,,,,,,,,,,,,,,,,,,,Odense Boldklub,,,,,,,,,,,,,,,,,,,,,,,,,,,,,575782,2021-03-21 16:00:00,2021
AC Horsens,,,,,,,,,,,,,,,,,,,,,,,,,,,,,Lyngby Boldklub,,,,,,,,,,,,,,,,,,,,,,,,,,,,,575781,2021-03-21 16:00:00,2021
AC Horsens,,,,,,,,,,,,,,,,,,,,,,,,,,,,,Odense Boldklub,,,,,,,,,,,,,,,,,,,,,,,,,,,,,597386,2021-04-04 14:00:00,2021
FC Nordsjælland,,,,,,,,,,,,,,,,,,,,,,,,,,,,,AGF,,,,,,,,,,,,,,,,,,,,,,,,,,,,,597387,2021-04-04 16:05:00,2021
AaB,,,,,,,,,,,,,,,,,,,,,,,,,,,,,Sønderjyske Fodbold,,,,,,,,,,,,,,,,,,,,,,,,,,,,,597388,2021-04-05 12:00:00,2021
F.C. København,,,,,,,,,,,,,,,,,,,,,,,,,,,,,Randers FC,,,,,,,,,,,,,,,,,,,,,,,,,,,,,597389,2021-04-05 14:00:00,2021
FC Midtjylland,,,,,,,,,,,,,,,,,,,,,,,,,,,,,Brøndby IF,,,,,,,,,,,,,,,,,,,,,,,,,,,,,597390,2021-04-05 16:00:00,2021
Lyngby Boldklub,,,,,,,,,,,,,,,,,,,,,,,,,,,,,Vejle Boldklub,,,,,,,,,,,,,,,,,,,,,,,,,,,,,597391,2021-04-06 16:30:00,2021
Odense Boldklub,,,,,,,,,,,,,,,,,,,,,,,,,,,,,Vejle Boldklub,,,,,,,,,,,,,,,,,,,,,,,,,,,,,597392,2021-04-09 16:30:00,2021
Randers FC,,,,,,,,,,,,,,,,,,,,,,,,,,,,,FC Nordsjælland,,,,,,,,,,,,,,,,,,,,,,,,,,,,,597394,2021-04-11 12:00:00,2021
Sønderjyske Fodbold,,,,,,,,,,,,,,,,,,,,,,,,,,,,,AC Horsens,,,,,,,,,,,,,,,,,,,,,,,,,,,,,597393,2021-04-11 12:00:00,2021
Brøndby IF,,,,,,,,,,,,,,,,,,,,,,,,,,,,,F.C. København,,,,,,,,,,,,,,,,,,,,,,,,,,,,,597395,2021-04-11 14:00:00,2021
AGF,,,,,,,,,,,,,,,,,,,,,,,,,,,,,FC Midtjylland,,,,,,,,,,,,,,,,,,,,,,,,,,,,,597396,2021-04-11 16:00:00,2021
Lyngby Boldklub,,,,,,,,,,,,,,,,,,,,,,,,,,,,,AaB,,,,,,,,,,,,,,,,,,,,,,,,,,,,,597397,2021-04-12 17:00:00,2021
Vejle Boldklub,,,,,,,,,,,,,,,,,,,,,,,,,,,,,AaB,,,,,,,,,,,,,,,,,,,,,,,,,,,,,597398,2021-04-16 17:00:00,2021
AC Horsens,,,,,,,,,,,,,,,,,,,,,,,,,,,,,Lyngby Boldklub,,,,,,,,,,,,,,,,,,,,,,,,,,,,,597400,2021-04-18 12:00:00,2021
Odense Boldklub,,,,,,,,,,,,,,,,,,,,,,,,,,,,,Sønderjyske Fodbold,,,,,,,,,,,,,,,,,,,,,,,,,,,,,597399,2021-04-18 12:00:00,2021
F.C. København,,,,,,,,,,,,,,,,,,,,,,,,,,,,,FC Nordsjælland,,,,,,,,,,,,,,,,,,,,,,,,,,,,,597401,2021-04-18 14:00:00,2021
Brøndby IF,,,,,,,,,,,,,,,,,,,,,,,,,,,,,AGF,,,,,,,,,,,,,,,,,,,,,,,,,,,,,597402,2021-04-18 16:00:00,2021
Randers FC,,,,,,,,,,,,,,,,,,,,,,,,,,,,,FC Midtjylland,,,,,,,,,,,,,,,,,,,,,,,,,,,,,597403,2021-04-19 17:00:00,2021
AaB,,,,,,,,,,,,,,,,,,,,,,,,,,,,,Odense Boldklub,,,,,,,,,,,,,,,,,,,,,,,,,,,,,597405,2021-04-21 16:00:00,2021
Lyngby Boldklub,,,,,,,,,,,,,,,,,,,,,,,,,,,,,Sønderjyske Fodbold,,,,,,,,,,,,,,,,,,,,,,,,,,,,,597404,2021-04-21 16:00:00,2021
FC Nordsjælland,,,,,,,,,,,,,,,,,,,,,,,,,,,,,Brøndby IF,,,,,,,,,,,,,,,,,,,,,,,,,,,,,597406,2021-04-21 18:00:00,2021
AGF,,,,,,,,,,,,,,,,,,,,,,,,,,,,,Randers FC,,,,,,,,,,,,,,,,,,,,,,,,,,,,,597408,2021-04-22 15:45:00,2021
Vejle Boldklub,,,,,,,,,,,,,,,,,,,,,,,,,,,,,AC Horsens,,,,,,,,,,,,,,,,,,,,,,,,,,,,,597407,2021-04-22 16:00:00,2021
FC Midtjylland,,,,,,,,,,,,,,,,,,,,,,,,,,,,,F.C. København,,,,,,,,,,,,,,,,,,,,,,,,,,,,,597409,2021-04-22 18:15:00,2021
AC Horsens,,,,,,,,,,,,,,,,,,,,,,,,,,,,,AaB,,,,,,,,,,,,,,,,,,,,,,,,,,,,,597410,2021-04-25 12:00:00,2021
Sønderjyske Fodbold,,,,,,,,,,,,,,,,,,,,,,,,,,,,,Vejle Boldklub,,,,,,,,,,,,,,,,,,,,,,,,,,,,,597411,2021-04-25 12:00:00,2021
Brøndby IF,,,,,,,,,,,,,,,,,,,,,,,,,,,,,Randers FC,,,,,,,,,,,,,,,,,,,,,,,,,,,,,597412,2021-04-25 14:00:00,2021
Odense Boldklub,,,,,,,,,,,,,,,,,,,,,,,,,,,,,Lyngby Boldklub,,,,,,,,,,,,,,,,,,,,,,,,,,,,,597413,2021-04-25 16:00:00,2021
AGF,,,,,,,,,,,,,,,,,,,,,,,,,,,,,F.C. København,,,,,,,,,,,,,,,,,,,,,,,,,,,,,597414,2021-04-25 18:00:00,2021
FC Nordsjælland,,,,,,,,,,,,,,,,,,,,,,,,,,,,,FC Midtjylland,,,,,,,,,,,,,,,,,,,,,,,,,,,,,597415,2021-04-26 17:00:00,2021
AC Horsens,,,,,,,,,,,,,,,,,,,,,,,,,,,,,Vejle Boldklub,,,,,,,,,,,,,,,,,,,,,,,,,,,,,597416,2021-04-30 14:00:00,2021
AaB,,,,,,,,,,,,,,,,,,,,,,,,,,,,,Lyngby Boldklub,,,,,,,,,,,,,,,,,,,,,,,,,,,,,597417,2021-04-30 16:05:00,2021
Sønderjyske Fodbold,,,,,,,,,,,,,,,,,,,,,,,,,,,,,Odense Boldklub,,,,,,,,,,,,,,,,,,,,,,,,,,,,,597418,2021-05-02 12:00:00,2021
Randers FC,,,,,,,,,,,,,,,,,,,,,,,,,,,,,Brøndby IF,,,,,,,,,,,,,,,,,,,,,,,,,,,,,597419,2021-05-02 14:00:00,2021
FC Midtjylland,,,,,,,,,,,,,,,,,,,,,,,,,,,,,FC Nordsjælland,,,,,,,,,,,,,,,,,,,,,,,,,,,,,597420,2021-05-02 16:00:00,2021
F.C. København,,,,,,,,,,,,,,,,,,,,,,,,,,,,,AGF,,,,,,,,,,,,,,,,,,,,,,,,,,,,,597421,2021-05-03 17:00:00,2021
Odense Boldklub,,,,,,,,,,,,,,,,,,,,,,,,,,,,,AaB,,,,,,,,,,,,,,,,,,,,,,,,,,,,,597422,2021-05-07 17:00:00,2021
Lyngby Boldklub,,,,,,,,,,,,,,,,,,,,,,,,,,,,,AC Horsens,,,,,,,,,,,,,,,,,,,,,,,,,,,,,597423,2021-05-09 12:00:00,2021
Vejle Boldklub,,,,,,,,,,,,,,,,,,,,,,,,,,,,,Sønderjyske Fodbold,,,,,,,,,,,,,,,,,,,,,,,,,,,,,597424,2021-05-09 12:00:00,2021
Randers FC,,,,,,,,,,,,,,,,,,,,,,,,,,,,,AGF,,,,,,,,,,,,,,,,,,,,,,,,,,,,,597425,2021-05-09 14:00:00,2021
Brøndby IF,,,,,,,,,,,,,,,,,,,,,,,,,,,,,FC Midtjylland,,,,,,,,,,,,,,,,,,,,,,,,,,,,,597426,2021-05-09 16:00:00,2021
FC Nordsjælland,,,,,,,,,,,,,,,,,,,,,,,,,,,,,F.C. København,,,,,,,,,,,,,,,,,,,,,,,,,,,,,597427,2021-05-10 17:00:00,2021
Vejle Boldklub,,,,,,,,,,,,,,,,,,,,,,,,,,,,,Odense Boldklub,,,,,,,,,,,,,,,,,,,,,,,,,,,,,597428,2021-05-14 17:00:00,2021
FC Midtjylland,,,,,,,,,,,,,,,,,,,,,,,,,,,,,Randers FC,,,,,,,,,,,,,,,,,,,,,,,,,,,,,597429,2021-05-16 11:00:00,2021
AaB,,,,,,,,,,,,,,,,,,,,,,,,,,,,,AC Horsens,,,,,,,,,,,,,,,,,,,,,,,,,,,,,597430,2021-05-16 12:00:00,2021
F.C. København,,,,,,,,,,,,,,,,,,,,,,,,,,,,,Brøndby IF,,,,,,,,,,,,,,,,,,,,,,,,,,,,,597431,2021-05-16 14:00:00,2021
AGF,,,,,,,,,,,,,,,,,,,,,,,,,,,,,FC Nordsjælland,,,,,,,,,,,,,,,,,,,,,,,,,,,,,597432,2021-05-16 16:00:00,2021
Sønderjyske Fodbold,,,,,,,,,,,,,,,,,,,,,,,,,,,,,Lyngby Boldklub,,,,,,,,,,,,,,,,,,,,,,,,,,,,,597433,2021-05-17 17:00:00,2021
FC Nordsjælland,,,,,,,,,,,,,,,,,,,,,,,,,,,,,Randers FC,,,,,,,,,,,,,,,,,,,,,,,,,,,,,597435,2021-05-19 16:00:00,2021
AaB,,,,,,,,,,,,,,,,,,,,,,,,,,,,,Vejle Boldklub,,,,,,,,,,,,,,,,,,,,,,,,,,,,,597434,2021-05-19 16:00:00,2021
F.C. København,,,,,,,,,,,,,,,,,,,,,,,,,,,,,FC Midtjylland,,,,,,,,,,,,,,,,,,,,,,,,,,,,,597436,2021-05-19 18:00:00,2021
Lyngby Boldklub,,,,,,,,,,,,,,,,,,,,,,,,,,,,,Odense Boldklub,,,,,,,,,,,,,,,,,,,,,,,,,,,,,597438,2021-05-20 16:00:00,2021
AC Horsens,,,,,,,,,,,,,,,,,,,,,,,,,,,,,Sønderjyske Fodbold,,,,,,,,,,,,,,,,,,,,,,,,,,,,,597437,2021-05-20 16:00:00,2021
AGF,,,,,,,,,,,,,,,,,,,,,,,,,,,,,Brøndby IF,,,,,,,,,,,,,,,,,,,,,,,,,,,,,597439,2021-05-20 18:00:00,2021
Vejle Boldklub,,,,,,,,,,,,,,,,,,,,,,,,,,,,,Lyngby Boldklub,,,,,,,,,,,,,,,,,,,,,,,,,,,,,597441,2021-05-24 12:00:00,2021
Odense Boldklub,,,,,,,,,,,,,,,,,,,,,,,,,,,,,AC Horsens,,,,,,,,,,,,,,,,,,,,,,,,,,,,,597440,2021-05-24 12:00:00,2021
Sønderjyske Fodbold,,,,,,,,,,,,,,,,,,,,,,,,,,,,,AaB,,,,,,,,,,,,,,,,,,,,,,,,,,,,,597442,2021-05-24 12:00:00,2021
Randers FC,,,,,,,,,,,,,,,,,,,,,,,,,,,,,F.C. København,,,,,,,,,,,,,,,,,,,,,,,,,,,,,597443,2021-05-24 15:00:00,2021
Brøndby IF,,,,,,,,,,,,,,,,,,,,,,,,,,,,,FC Nordsjælland,,,,,,,,,,,,,,,,,,,,,,,,,,,,,597444,2021-05-24 15:00:00,2021
FC Midtjylland,,,,,,,,,,,,,,,,,,,,,,,,,,,,,AGF,,,,,,,,,,,,,,,,,,,,,,,,,,,,,597445,2021-05-24 15:00:00,2021
AGF,,,,,,,,,,,,,,,,,,,,,,,,,,,,,AaB,,,,,,,,,,,,,,,,,,,,,,,,,,,,,602877,2021-05-28 17:00:00,2021
FC Midtjylland,,,,,,,,,,,,,,,,,,,,,,,,,,,,,Odense Boldklub,,,,,,,,,,,,,,,,,,,,,,,,,,,,,603052,2021-07-16 17:00:00,2021
Vejle Boldklub,,,,,,,,,,,,,,,,,,,,,,,,,,,,,Randers FC,,,,,,,,,,,,,,,,,,,,,,,,,,,,,603050,2021-07-18 12:00:00,2021
FC Nordsjælland,,,,,,,,,,,,,,,,,,,,,,,,,,,,,Viborg FF,,,,,,,,,,,,,,,,,,,,,,,,,,,,,603051,2021-07-18 12:00:00,2021
F.C. København,,,,,,,,,,,,,,,,,,,,,,,,,,,,,AaB,,,,,,,,,,,,,,,,,,,,,,,,,,,,,603049,2021-07-18 14:00:00,2021
AGF,,,,,,,,,,,,,,,,,,,,,,,,,,,,,Brøndby IF,,,,,,,,,,,,,,,,,,,,,,,,,,,,,603048,2021-07-18 17:00:00,2021
Silkeborg IF,,,,,,,,,,,,,,,,,,,,,,,,,,,,,Sønderjyske Fodbold,,,,,,,,,,,,,,,,,,,,,,,,,,,,,603047,2021-07-19 17:00:00,2021
AaB,,,,,,,,,,,,,,,,,,,,,,,,,,,,,FC Midtjylland,,,,,,,,,,,,,,,,,,,,,,,,,,,,,603046,2021-07-24 16:00:00,2021
FC Nordsjælland,,,,,,,,,,,,,,,,,,,,,,,,,,,,,AGF,,,,,,,,,,,,,,,,,,,,,,,,,,,,,603044,2021-07-25 12:00:00,2021
Randers FC,,,,,,,,,,,,,,,,,,,,,,,,,,,,,Odense Boldklub,,,,,,,,,,,,,,,,,,,,,,,,,,,,,603045,2021-07-25 12:00:00,2021
F.C. København,,,,,,,,,,,,,,,,,,,,,,,,,,,,,Silkeborg IF,,,,,,,,,,,,,,,,,,,,,,,,,,,,,603043,2021-07-25 14:00:00,2021
Brøndby IF,,,,,,,,,,,,,,,,,,,,,,,,,,,,,Viborg FF,,,,,,,,,,,,,,,,,,,,,,,,,,,,,603042,2021-07-25 16:00:00,2021
Sønderjyske Fodbold,,,,,,,,,,,,,,,,,,,,,,,,,,,,,Vejle Boldklub,,,,,,,,,,,,,,,,,,,,,,,,,,,,,603041,2021-07-26 17:00:00,2021
Viborg FF,,,,,,,,,,,,,,,,,,,,,,,,,,,,,FC Midtjylland,,,,,,,,,,,,,,,,,,,,,,,,,,,,,603038,2021-07-31 14:00:00,2021
Silkeborg IF,,,,,,,,,,,,,,,,,,,,,,,,,,,,,AaB,,,,,,,,,,,,,,,,,,,,,,,,,,,,,603035,2021-08-01 12:00:00,2021
AGF,,,,,,,,,,,,,,,,,,,,,,,,,,,,,Randers FC,,,,,,,,,,,,,,,,,,,,,,,,,,,,,603040,2021-08-01 12:00:00,2021
Vejle Boldklub,,,,,,,,,,,,,,,,,,,,,,,,,,,,,Brøndby IF,,,,,,,,,,,,,,,,,,,,,,,,,,,,,603036,2021-08-01 14:00:00,2021
Odense Boldklub,,,,,,,,,,,,,,,,,,,,,,,,,,,,,F.C. København,,,,,,,,,,,,,,,,,,,,,,,,,,,,,603037,2021-08-01 16:00:00,2021
Sønderjyske Fodbold,,,,,,,,,,,,,,,,,,,,,,,,,,,,,FC Nordsjælland,,,,,,,,,,,,,,,,,,,,,,,,,,,,,603039,2021-08-02 17:00:00,2021
Silkeborg IF,,,,,,,,,,,,,,,,,,,,,,,,,,,,,Viborg FF,,,,,,,,,,,,,,,,,,,,,,,,,,,,,603034,2021-08-06 16:30:00,2021
FC Midtjylland,,,,,,,,,,,,,,,,,,,,,,,,,,,,,Vejle Boldklub,,,,,,,,,,,,,,,,,,,,,,,,,,,,,603033,2021-08-06 18:30:00,2021
Randers FC,,,,,,,,,,,,,,,,,,,,,,,,,,,,,Sønderjyske Fodbold,,,,,,,,,,,,,,,,,,,,,,,,,,,,,603032,2021-08-08 12:00:00,2021
F.C. København,,,,,,,,,,,,,,,,,,,,,,,,,,,,,Brøndby IF,,,,,,,,,,,,,,,,,,,,,,,,,,,,,603030,2021-08-08 14:00:00,2021
AaB,,,,,,,,,,,,,,,,,,,,,,,,,,,,,AGF,,,,,,,,,,,,,,,,,,,,,,,,,,,,,603029,2021-08-08 16:00:00,2021
FC Nordsjælland,,,,,,,,,,,,,,,,,,,,,,,,,,,,,Odense Boldklub,,,,,,,,,,,,,,,,,,,,,,,,,,,,,603031,2021-08-09 17:00:00,2021
Sønderjyske Fodbold,,,,,,,,,,,,,,,,,,,,,,,,,,,,,FC Midtjylland,,,,,,,,,,,,,,,,,,,,,,,,,,,,,603025,2021-08-13 15:30:00,2021
Viborg FF,,,,,,,,,,,,,,,,,,,,,,,,,,,,,Randers FC,,,,,,,,,,,,,,,,,,,,,,,,,,,,,603027,2021-08-13 17:15:00,2021
Brøndby IF,,,,,,,,,,,,,,,,,,,,,,,,,,,,,FC Nordsjælland,,,,,,,,,,,,,,,,,,,,,,,,,,,,,603026,2021-08-13 19:00:00,2021
Odense Boldklub,,,,,,,,,,,,,,,,,,,,,,,,,,,,,Silkeborg IF,,,,,,,,,,,,,,,,,,,,,,,,,,,,,603028,2021-08-15 14:00:00,2021
AGF,,,,,,,,,,,,,,,,,,,,,,,,,,,,,F.C. København,,,,,,,,,,,,,,,,,,,,,,,,,,,,,603024,2021-08-15 16:00:00,2021
Vejle Boldklub,,,,,,,,,,,,,,,,,,,,,,,,,,,,,AaB,,,,,,,,,,,,,,,,,,,,,,,,,,,,,603023,2021-08-16 17:00:00,2021
FC Midtjylland,,,,,,,,,,,,,,,,,,,,,,,,,,,,,Silkeborg IF,,,,,,,,,,,,,,,,,,,,,,,,,,,,,603020,2021-08-20 17:00:00,2021
Odense Boldklub,,,,,,,,,,,,,,,,,,,,,,,,,,,,,Brøndby IF,,,,,,,,,,,,,,,,,,,,,,,,,,,,,603019,2021-08-21 16:00:00,2021
Randers FC,,,,,,,,,,,,,,,,,,,,,,,,,,,,,AaB,,,,,,,,,,,,,,,,,,,,,,,,,,,,,603018,2021-08-22 12:00:00,2021
F.C. København,,,,,,,,,,,,,,,,,,,,,,,,,,,,,Sønderjyske Fodbold,,,,,,,,,,,,,,,,,,,,,,,,,,,,,603021,2021-08-22 14:00:00,2021
Viborg FF,,,,,,,,,,,,,,,,,,,,,,,,,,,,,AGF,,,,,,,,,,,,,,,,,,,,,,,,,,,,,603017,2021-08-22 16:00:00,2021
FC Nordsjælland,,,,,,,,,,,,,,,,,,,,,,,,,,,,,Vejle Boldklub,,,,,,,,,,,,,,,,,,,,,,,,,,,,,603022,2021-08-23 17:00:00,2021
AaB,,,,,,,,,,,,,,,,,,,,,,,,,,,,,FC Nordsjælland,,,,,,,,,,,,,,,,,,,,,,,,,,,,,603013,2021-08-27 17:00:00,2021
Silkeborg IF,,,,,,,,,,,,,,,,,,,,,,,,,,,,,Randers FC,,,,,,,,,,,,,,,,,,,,,,,,,,,,,603015,2021-08-29 12:00:00,2021
Sønderjyske Fodbold,,,,,,,,,,,,,,,,,,,,,,,,,,,,,Viborg FF,,,,,,,,,,,,,,,,,,,,,,,,,,,,,603016,2021-08-29 12:00:00,2021
Vejle Boldklub,,,,,,,,,,,,,,,,,,,,,,,,,,,,,F.C. København,,,,,,,,,,,,,,,,,,,,,,,,,,,,,603011,2021-08-29 14:00:00,2021
AGF,,,,,,,,,,,,,,,,,,,,,,,,,,,,,Odense Boldklub,,,,,,,,,,,,,,,,,,,,,,,,,,,,,603014,2021-08-29 16:00:00,2021
Brøndby IF,,,,,,,,,,,,,,,,,,,,,,,,,,,,,FC Midtjylland,,,,,,,,,,,,,,,,,,,,,,,,,,,,,603012,2021-08-29 18:00:00,2021
FC Midtjylland,,,,,,,,,,,,,,,,,,,,,,,,,,,,,FC Nordsjælland,,,,,,,,,,,,,,,,,,,,,,,,,,,,,603007,2021-09-10 16:00:00,2021
Brøndby IF,,,,,,,,,,,,,,,,,,,,,,,,,,,,,Silkeborg IF,,,,,,,,,,,,,,,,,,,,,,,,,,,,,603008,2021-09-10 18:00:00,2021
Viborg FF,,,,,,,,,,,,,,,,,,,,,,,,,,,,,AaB,,,,,,,,,,,,,,,,,,,,,,,,,,,,,603005,2021-09-12 12:00:00,2021
Randers FC,,,,,,,,,,,,,,,,,,,,,,,,,,,,,F.C. København,,,,,,,,,,,,,,,,,,,,,,,,,,,,,603006,2021-09-12 14:00:00,2021
AGF,,,,,,,,,,,,,,,,,,,,,,,,,,,,,Vejle Boldklub,,,,,,,,,,,,,,,,,,,,,,,,,,,,,603010,2021-09-12 16:00:00,2021
Odense Boldklub,,,,,,,,,,,,,,,,,,,,,,,,,,,,,Sønderjyske Fodbold,,,,,,,,,,,,,,,,,,,,,,,,,,,,,603009,2021-09-13 17:00:00,2021
AaB,,,,,,,,,,,,,,,,,,,,,,,,,,,,,Odense Boldklub,,,,,,,,,,,,,,,,,,,,,,,,,,,,,603003,2021-09-17 17:00:00,2021
Vejle Boldklub,,,,,,,,,,,,,,,,,,,,,,,,,,,,,Viborg FF,,,,,,,,,,,,,,,,,,,,,,,,,,,,,603004,2021-09-19 12:00:00,2021
Randers FC,,,,,,,,,,,,,,,,,,,,,,,,,,,,,FC Nordsjælland,,,,,,,,,,,,,,,,,,,,,,,,,,,,,603002,2021-09-19 12:00:00,2021
Sønderjyske Fodbold,,,,,,,,,,,,,,,,,,,,,,,,,,,,,Brøndby IF,,,,,,,,,,,,,,,,,,,,,,,,,,,,,603000,2021-09-19 14:00:00,2021
F.C. København,,,,,,,,,,,,,,,,,,,,,,,,,,,,,FC Midtjylland,,,,,,,,,,,,,,,,,,,,,,,,,,,,,603001,2021-09-19 16:00:00,2021
Silkeborg IF,,,,,,,,,,,,,,,,,,,,,,,,,,,,,AGF,,,,,,,,,,,,,,,,,,,,,,,,,,,,,602999,2021-09-20 17:00:00,2021
FC Midtjylland,,,,,,,,,,,,,,,,,,,,,,,,,,,,,Randers FC,,,,,,,,,,,,,,,,,,,,,,,,,,,,,602996,2021-09-26 12:00:00,2021
Viborg FF,,,,,,,,,,,,,,,,,,,,,,,,,,,,,Odense Boldklub,,,,,,,,,,,,,,,,,,,,,,,,,,,,,602995,2021-09-26 12:00:00,2021
FC Nordsjælland,,,,,,,,,,,,,,,,,,,,,,,,,,,,,F.C. København,,,,,,,,,,,,,,,,,,,,,,,,,,,,,602994,2021-09-26 14:00:00,2021
Brøndby IF,,,,,,,,,,,,,,,,,,,,,,,,,,,,,AaB,,,,,,,,,,,,,,,,,,,,,,,,,,,,,602993,2021-09-26 16:00:00,2021
Vejle Boldklub,,,,,,,,,,,,,,,,,,,,,,,,,,,,,Silkeborg IF,,,,,,,,,,,,,,,,,,,,,,,,,,,,,602997,2021-09-26 18:00:00,2021
AGF,,,,,,,,,,,,,,,,,,,,,,,,,,,,,Sønderjyske Fodbold,,,,,,,,,,,,,,,,,,,,,,,,,,,,,602998,2021-09-27 17:00:00,2021
Odense Boldklub,,,,,,,,,,,,,,,,,,,,,,,,,,,,,Vejle Boldklub,,,,,,,,,,,,,,,,,,,,,,,,,,,,,602991,2021-10-01 17:00:00,2021
Silkeborg IF,,,,,,,,,,,,,,,,,,,,,,,,,,,,,FC Nordsjælland,,,,,,,,,,,,,,,,,,,,,,,,,,,,,602989,2021-10-03 12:00:00,2021
AaB,,,,,,,,,,,,,,,,,,,,,,,,,,,,,Sønderjyske Fodbold,,,,,,,,,,,,,,,,,,,,,,,,,,,,,602990,2021-10-03 12:00:00,2021
FC Midtjylland,,,,,,,,,,,,,,,,,,,,,,,,,,,,,AGF,,,,,,,,,,,,,,,,,,,,,,,,,,,,,602987,2021-10-03 14:00:00,2021
Randers FC,,,,,,,,,,,,,,,,,,,,,,,,,,,,,Brøndby IF,,,,,,,,,,,,,,,,,,,,,,,,,,,,,602988,2021-10-03 16:00:00,2021
F.C. København,,,,,,,,,,,,,,,,,,,,,,,,,,,,,Viborg FF,,,,,,,,,,,,,,,,,,,,,,,,,,,,,602992,2021-10-03 18:00:00,2021
Viborg FF,,,,,,,,,,,,,,,,,,,,,,,,,,,,,Silkeborg IF,,,,,,,,,,,,,,,,,,,,,,,,,,,,,602985,2021-10-15 17:00:00,2021
FC Nordsjælland,,,,,,,,,,,,,,,,,,,,,,,,,,,,,FC Midtjylland,,,,,,,,,,,,,,,,,,,,,,,,,,,,,602983,2021-10-17 11:00:00,2021
Odense Boldklub,,,,,,,,,,,,,,,,,,,,,,,,,,,,,Randers FC,,,,,,,,,,,,,,,,,,,,,,,,,,,,,602984,2021-10-17 12:00:00,2021
Brøndby IF,,,,,,,,,,,,,,,,,,,,,,,,,,,,,Vejle Boldklub,,,,,,,,,,,,,,,,,,,,,,,,,,,,,602986,2021-10-17 14:00:00,2021
Sønderjyske Fodbold,,,,,,,,,,,,,,,,,,,,,,,,,,,,,F.C. København,,,,,,,,,,,,,,,,,,,,,,,,,,,,,602982,2021-10-17 16:00:00,2021
AGF,,,,,,,,,,,,,,,,,,,,,,,,,,,,,AaB,,,,,,,,,,,,,,,,,,,,,,,,,,,,,602981,2021-10-18 17:00:00,2021
Vejle Boldklub,,,,,,,,,,,,,,,,,,,,,,,,,,,,,FC Nordsjælland,,,,,,,,,,,,,,,,,,,,,,,,,,,,,602977,2021-10-22 17:00:00,2021
Silkeborg IF,,,,,,,,,,,,,,,,,,,,,,,,,,,,,Odense Boldklub,,,,,,,,,,,,,,,,,,,,,,,,,,,,,602978,2021-10-24 12:00:00,2021
Brøndby IF,,,,,,,,,,,,,,,,,,,,,,,,,,,,,F.C. København,,,,,,,,,,,,,,,,,,,,,,,,,,,,,602976,2021-10-24 12:00:00,2021
Randers FC,,,,,,,,,,,,,,,,,,,,,,,,,,,,,AGF,,,,,,,,,,,,,,,,,,,,,,,,,,,,,602975,2021-10-24 14:00:00,2021
FC Midtjylland,,,,,,,,,,,,,,,,,,,,,,,,,,,,,Sønderjyske Fodbold,,,,,,,,,,,,,,,,,,,,,,,,,,,,,602979,2021-10-24 16:00:00,2021
AaB,,,,,,,,,,,,,,,,,,,,,,,,,,,,,Viborg FF,,,,,,,,,,,,,,,,,,,,,,,,,,,,,602980,2021-10-25 17:00:00,2021
FC Nordsjælland,,,,,,,,,,,,,,,,,,,,,,,,,,,,,AaB,,,,,,,,,,,,,,,,,,,,,,,,,,,,,602970,2021-10-31 13:00:00,2021
Randers FC,,,,,,,,,,,,,,,,,,,,,,,,,,,,,FC Midtjylland,,,,,,,,,,,,,,,,,,,,,,,,,,,,,602972,2021-10-31 13:00:00,2021
F.C. København,,,,,,,,,,,,,,,,,,,,,,,,,,,,,Vejle Boldklub,,,,,,,,,,,,,,,,,,,,,,,,,,,,,602974,2021-10-31 15:00:00,2021
Viborg FF,,,,,,,,,,,,,,,,,,,,,,,,,,,,,Brøndby IF,,,,,,,,,,,,,,,,,,,,,,,,,,,,,602971,2021-10-31 17:00:00,2021
Sønderjyske Fodbold,,,,,,,,,,,,,,,,,,,,,,,,,,,,,Silkeborg IF,,,,,,,,,,,,,,,,,,,,,,,,,,,,,602973,2021-10-31 19:00:00,2021
Odense Boldklub,,,,,,,,,,,,,,,,,,,,,,,,,,,,,AGF,,,,,,,,,,,,,,,,,,,,,,,,,,,,,602969,2021-11-01 18:00:00,2021
Viborg FF,,,,,,,,,,,,,,,,,,,,,,,,,,,,,FC Nordsjælland,,,,,,,,,,,,,,,,,,,,,,,,,,,,,602965,2021-11-05 18:00:00,2021
AaB,,,,,,,,,,,,,,,,,,,,,,,,,,,,,Randers FC,,,,,,,,,,,,,,,,,,,,,,,,,,,,,602967,2021-11-07 13:00:00,2021
Vejle Boldklub,,,,,,,,,,,,,,,,,,,,,,,,,,,,,Sønderjyske Fodbold,,,,,,,,,,,,,,,,,,,,,,,,,,,,,602968,2021-11-07 13:00:00,2021
AGF,,,,,,,,,,,,,,,,,,,,,,,,,,,,,FC Midtjylland,,,,,,,,,,,,,,,,,,,,,,,,,,,,,602964,2021-11-07 15:00:00,2021
Brøndby IF,,,,,,,,,,,,,,,,,,,,,,,,,,,,,Odense Boldklub,,,,,,,,,,,,,,,,,,,,,,,,,,,,,602966,2021-11-07 17:00:00,2021
Silkeborg IF,,,,,,,,,,,,,,,,,,,,,,,,,,,,,F.C. København,,,,,,,,,,,,,,,,,,,,,,,,,,,,,602963,2021-11-07 19:00:00,2021
Odense Boldklub,,,,,,,,,,,,,,,,,,,,,,,,,,,,,Viborg FF,,,,,,,,,,,,,,,,,,,,,,,,,,,,,602962,2021-11-19 18:00:00,2021
Randers FC,,,,,,,,,,,,,,,,,,,,,,,,,,,,,Vejle Boldklub,,,,,,,,,,,,,,,,,,,,,,,,,,,,,602961,2021-11-21 13:00:00,2021
FC Nordsjælland,,,,,,,,,,,,,,,,,,,,,,,,,,,,,Silkeborg IF,,,,,,,,,,,,,,,,,,,,,,,,,,,,,602960,2021-11-21 13:00:00,2021
F.C. København,,,,,,,,,,,,,,,,,,,,,,,,,,,,,AGF,,,,,,,,,,,,,,,,,,,,,,,,,,,,,602957,2021-11-21 15:00:00,2021
FC Midtjylland,,,,,,,,,,,,,,,,,,,,,,,,,,,,,Brøndby IF,,,,,,,,,,,,,,,,,,,,,,,,,,,,,602959,2021-11-21 17:00:00,2021
Sønderjyske Fodbold,,,,,,,,,,,,,,,,,,,,,,,,,,,,,AaB,,,,,,,,,,,,,,,,,,,,,,,,,,,,,602958,2021-11-22 18:00:00,2021
AGF,,,,,,,,,,,,,,,,,,,,,,,,,,,,,Silkeborg IF,,,,,,,,,,,,,,,,,,,,,,,,,,,,,602955,2021-11-26 18:00:00,2021
Odense Boldklub,,,,,,,,,,,,,,,,,,,,,,,,,,,,,FC Nordsjælland,,,,,,,,,,,,,,,,,,,,,,,,,,,,,602953,2021-11-28 13:00:00,2021
Viborg FF,,,,,,,,,,,,,,,,,,,,,,,,,,,,,Sønderjyske Fodbold,,,,,,,,,,,,,,,,,,,,,,,,,,,,,602956,2021-11-28 13:00:00,2021
Brøndby IF,,,,,,,,,,,,,,,,,,,,,,,,,,,,,Randers FC,,,,,,,,,,,,,,,,,,,,,,,,,,,,,602954,2021-11-28 15:00:00,2021
AaB,,,,,,,,,,,,,,,,,,,,,,,,,,,,,F.C. København,,,,,,,,,,,,,,,,,,,,,,,,,,,,,602951,2021-11-28 17:00:00,2021
Vejle Boldklub,,,,,,,,,,,,,,,,,,,,,,,,,,,,,FC Midtjylland,,,,,,,,,,,,,,,,,,,,,,,,,,,,,602952,2021-11-29 18:00:00,2021
Sønderjyske Fodbold,,,,,,,,,,,,,,,,,,,,,,,,,,,,,AGF,,,,,,,,,,,,,,,,,,,,,,,,,,,,,602945,2022-02-18 18:00:00,2022
FC Midtjylland,,,,,,,,,,,,,,,,,,,,,,,,,,,,,AaB,,,,,,,,,,,,,,,,,,,,,,,,,,,,,602946,2022-02-20 13:00:00,2022
Silkeborg IF,,,,,,,,,,,,,,,,,,,,,,,,,,,,,Vejle Boldklub,,,,,,,,,,,,,,,,,,,,,,,,,,,,,602949,2022-02-20 13:00:00,2022
FC Nordsjælland,,,,,,,,,,,,,,,,,,,,,,,,,,,,,Brøndby IF,,,,,,,,,,,,,,,,,,,,,,,,,,,,,602947,2022-02-20 15:00:00,2022
F.C. København,,,,,,,,,,,,,,,,,,,,,,,,,,,,,Odense Boldklub,,,,,,,,,,,,,,,,,,,,,,,,,,,,,602948,2022-02-20 17:00:00,2022
Randers FC,,,,,,,,,,,,,,,,,,,,,,,,,,,,,Viborg FF,,,,,,,,,,,,,,,,,,,,,,,,,,,,,602950,2022-02-21 18:00:00,2022
Vejle Boldklub,,,,,,,,,,,,,,,,,,,,,,,,,,,,,AGF,,,,,,,,,,,,,,,,,,,,,,,,,,,,,602939,2022-02-25 18:00:00,2022
FC Nordsjælland,,,,,,,,,,,,,,,,,,,,,,,,,,,,,Randers FC,,,,,,,,,,,,,,,,,,,,,,,,,,,,,602942,2022-02-27 13:00:00,2022
AaB,,,,,,,,,,,,,,,,,,,,,,,,,,,,,Silkeborg IF,,,,,,,,,,,,,,,,,,,,,,,,,,,,,602943,2022-02-27 13:00:00,2022
Viborg FF,,,,,,,,,,,,,,,,,,,,,,,,,,,,,F.C. København,,,,,,,,,,,,,,,,,,,,,,,,,,,,,602940,2022-02-27 15:00:00,2022
Odense Boldklub,,,,,,,,,,,,,,,,,,,,,,,,,,,,,FC Midtjylland,,,,,,,,,,,,,,,,,,,,,,,,,,,,,602941,2022-02-27 17:00:00,2022
Brøndby IF,,,,,,,,,,,,,,,,,,,,,,,,,,,,,Sønderjyske Fodbold,,,,,,,,,,,,,,,,,,,,,,,,,,,,,602944,2022-02-28 18:00:00,2022
FC Midtjylland,,,,,,,,,,,,,,,,,,,,,,,,,,,,,Viborg FF,,,,,,,,,,,,,,,,,,,,,,,,,,,,,602938,2022-03-04 17:00:00,2022
F.C. København,,,,,,,,,,,,,,,,,,,,,,,,,,,,,Randers FC,,,,,,,,,,,,,,,,,,,,,,,,,,,,,602936,2022-03-04 19:00:00,2022
Sønderjyske Fodbold,,,,,,,,,,,,,,,,,,,,,,,,,,,,,Odense Boldklub,,,,,,,,,,,,,,,,,,,,,,,,,,,,,602935,2022-03-06 13:00:00,2022
AaB,,,,,,,,,,,,,,,,,,,,,,,,,,,,,Vejle Boldklub,,,,,,,,,,,,,,,,,,,,,,,,,,,,,602937,2022-03-06 15:00:00,2022
Silkeborg IF,,,,,,,,,,,,,,,,,,,,,,,,,,,,,Brøndby IF,,,,,,,,,,,,,,,,,,,,,,,,,,,,,602933,2022-03-06 17:00:00,2022
AGF,,,,,,,,,,,,,,,,,,,,,,,,,,,,,FC Nordsjælland,,,,,,,,,,,,,,,,,,,,,,,,,,,,,602934,2022-03-07 18:00:00,2022
FC Nordsjælland,,,,,,,,,,,,,,,,,,,,,,,,,,,,,Sønderjyske Fodbold,,,,,,,,,,,,,,,,,,,,,,,,,,,,,602931,2022-03-11 18:00:00,2022
Viborg FF,,,,,,,,,,,,,,,,,,,,,,,,,,,,,Vejle Boldklub,,,,,,,,,,,,,,,,,,,,,,,,,,,,,602932,2022-03-13 13:00:00,2022
Randers FC,,,,,,,,,,,,,,,,,,,,,,,,,,,,,Silkeborg IF,,,,,,,,,,,,,,,,,,,,,,,,,,,,,602930,2022-03-13 13:00:00,2022
Brøndby IF,,,,,,,,,,,,,,,,,,,,,,,,,,,,,AGF,,,,,,,,,,,,,,,,,,,,,,,,,,,,,602927,2022-03-13 15:00:00,2022
FC Midtjylland,,,,,,,,,,,,,,,,,,,,,,,,,,,,,F.C. København,,,,,,,,,,,,,,,,,,,,,,,,,,,,,602929,2022-03-13 17:00:00,2022
Odense Boldklub,,,,,,,,,,,,,,,,,,,,,,,,,,,,,AaB,,,,,,,,,,,,,,,,,,,,,,,,,,,,,602928,2022-03-14 18:00:00,2022
Vejle Boldklub,,,,,,,,,,,,,,,,,,,,,,,,,,,,,Odense Boldklub,,,,,,,,,,,,,,,,,,,,,,,,,,,,,602924,2022-03-20 13:30:00,2022
F.C. København,,,,,,,,,,,,,,,,,,,,,,,,,,,,,FC Nordsjælland,,,,,,,,,,,,,,,,,,,,,,,,,,,,,602923,2022-03-20 13:30:00,2022
Silkeborg IF,,,,,,,,,,,,,,,,,,,,,,,,,,,,,FC Midtjylland,,,,,,,,,,,,,,,,,,,,,,,,,,,,,602922,2022-03-20 13:30:00,2022
Sønderjyske Fodbold,,,,,,,,,,,,,,,,,,,,,,,,,,,,,Randers FC,,,,,,,,,,,,,,,,,,,,,,,,,,,,,602925,2022-03-20 13:30:00,2022
AaB,,,,,,,,,,,,,,,,,,,,,,,,,,,,,Brøndby IF,,,,,,,,,,,,,,,,,,,,,,,,,,,,,602921,2022-03-20 13:30:00,2022
AGF,,,,,,,,,,,,,,,,,,,,,,,,,,,,,Viborg FF,,,,,,,,,,,,,,,,,,,,,,,,,,,,,602926,2022-03-20 13:30:00,2022
Viborg FF,,,,,,,,,,,,,,,,,,,,,,,,,,,,,Sønderjyske Fodbold,,,,,,,,,,,,,,,,,,,,,,,,,,,,,633316,2022-04-01 17:00:00,2022
AGF,,,,,,,,,,,,,,,,,,,,,,,,,,,,,Vejle Boldklub,,,,,,,,,,,,,,,,,,,,,,,,,,,,,633317,2022-04-03 12:00:00,2022
Odense Boldklub,,,,,,,,,,,,,,,,,,,,,,,,,,,,,FC Nordsjælland,,,,,,,,,,,,,,,,,,,,,,,,,,,,,633318,2022-04-03 12:00:00,2022
Brøndby IF,,,,,,,,,,,,,,,,,,,,,,,,,,,,,Randers FC,,,,,,,,,,,,,,,,,,,,,,,,,,,,,633319,2022-04-03 14:00:00,2022
AaB,,,,,,,,,,,,,,,,,,,,,,,,,,,,,F.C. København,,,,,,,,,,,,,,,,,,,,,,,,,,,,,633320,2022-04-03 16:00:00,2022
FC Midtjylland,,,,,,,,,,,,,,,,,,,,,,,,,,,,,Silkeborg IF,,,,,,,,,,,,,,,,,,,,,,,,,,,,,633321,2022-04-04 17:00:00,2022
AaB,,,,,,,,,,,,,,,,,,,,,,,,,,,,,Randers FC,,,,,,,,,,,,,,,,,,,,,,,,,,,,,633322,2022-04-08 16:30:00,2022
Sønderjyske Fodbold,,,,,,,,,,,,,,,,,,,,,,,,,,,,,Odense Boldklub,,,,,,,,,,,,,,,,,,,,,,,,,,,,,633324,2022-04-10 12:00:00,2022
FC Nordsjælland,,,,,,,,,,,,,,,,,,,,,,,,,,,,,AGF,,,,,,,,,,,,,,,,,,,,,,,,,,,,,633323,2022-04-10 12:00:00,2022
Silkeborg IF,,,,,,,,,,,,,,,,,,,,,,,,,,,,,Brøndby IF,,,,,,,,,,,,,,,,,,,,,,,,,,,,,633325,2022-04-10 14:00:00,2022
F.C. København,,,,,,,,,,,,,,,,,,,,,,,,,,,,,FC Midtjylland,,,,,,,,,,,,,,,,,,,,,,,,,,,,,633326,2022-04-10 16:00:00,2022
Vejle Boldklub,,,,,,,,,,,,,,,,,,,,,,,,,,,,,Viborg FF,,,,,,,,,,,,,,,,,,,,,,,,,,,,,633327,2022-04-11 17:00:00,2022
Randers FC,,,,,,,,,,,,,,,,,,,,,,,,,,,,,FC Midtjylland,,,,,,,,,,,,,,,,,,,,,,,,,,,,,633328,2022-04-13 16:30:00,2022
Odense Boldklub,,,,,,,,,,,,,,,,,,,,,,,,,,,,,Vejle Boldklub,,,,,,,,,,,,,,,,,,,,,,,,,,,,,633330,2022-04-14 12:00:00,2022
AGF,,,,,,,,,,,,,,,,,,,,,,,,,,,,,Viborg FF,,,,,,,,,,,,,,,,,,,,,,,,,,,,,633329,2022-04-14 12:00:00,2022
Silkeborg IF,,,,,,,,,,,,,,,,,,,,,,,,,,,,,F.C. København,,,,,,,,,,,,,,,,,,,,,,,,,,,,,633331,2022-04-14 14:00:00,2022
Brøndby IF,,,,,,,,,,,,,,,,,,,,,,,,,,,,,AaB,,,,,,,,,,,,,,,,,,,,,,,,,,,,,633332,2022-04-14 16:00:00,2022
FC Nordsjælland,,,,,,,,,,,,,,,,,,,,,,,,,,,,,Sønderjyske Fodbold,,,,,,,,,,,,,,,,,,,,,,,,,,,,,633333,2022-04-15 16:00:00,2022
Viborg FF,,,,,,,,,,,,,,,,,,,,,,,,,,,,,Odense Boldklub,,,,,,,,,,,,,,,,,,,,,,,,,,,,,633334,2022-04-17 16:00:00,2022
Sønderjyske Fodbold,,,,,,,,,,,,,,,,,,,,,,,,,,,,,AGF,,,,,,,,,,,,,,,,,,,,,,,,,,,,,633336,2022-04-18 12:00:00,2022
Vejle Boldklub,,,,,,,,,,,,,,,,,,,,,,,,,,,,,FC Nordsjælland,,,,,,,,,,,,,,,,,,,,,,,,,,,,,633335,2022-04-18 12:00:00,2022
F.C. København,,,,,,,,,,,,,,,,,,,,,,,,,,,,,Brøndby IF,,,,,,,,,,,,,,,,,,,,,,,,,,,,,633337,2022-04-18 14:00:00,2022
FC Midtjylland,,,,,,,,,,,,,,,,,,,,,,,,,,,,,AaB,,,,,,,,,,,,,,,,,,,,,,,,,,,,,633338,2022-04-18 16:00:00,2022
Randers FC,,,,,,,,,,,,,,,,,,,,,,,,,,,,,Silkeborg IF,,,,,,,,,,,,,,,,,,,,,,,,,,,,,633339,2022-04-19 17:00:00,2022
Sønderjyske Fodbold,,,,,,,,,,,,,,,,,,,,,,,,,,,,,Vejle Boldklub,,,,,,,,,,,,,,,,,,,,,,,,,,,,,633340,2022-04-22 17:00:00,2022
FC Nordsjælland,,,,,,,,,,,,,,,,,,,,,,,,,,,,,Viborg FF,,,,,,,,,,,,,,,,,,,,,,,,,,,,,633341,2022-04-24 12:00:00,2022
AaB,,,,,,,,,,,,,,,,,,,,,,,,,,,,,Silkeborg IF,,,,,,,,,,,,,,,,,,,,,,,,,,,,,633342,2022-04-24 12:00:00,2022
F.C. København,,,,,,,,,,,,,,,,,,,,,,,,,,,,,Randers FC,,,,,,,,,,,,,,,,,,,,,,,,,,,,,633343,2022-04-24 14:00:00,2022
AGF,,,,,,,,,,,,,,,,,,,,,,,,,,,,,Odense Boldklub,,,,,,,,,,,,,,,,,,,,,,,,,,,,,633344,2022-04-24 16:00:00,2022
Brøndby IF,,,,,,,,,,,,,,,,,,,,,,,,,,,,,FC Midtjylland,,,,,,,,,,,,,,,,,,,,,,,,,,,,,633345,2022-04-25 17:00:00,2022
Viborg FF,,,,,,,,,,,,,,,,,,,,,,,,,,,,,FC Nordsjælland,,,,,,,,,,,,,,,,,,,,,,,,,,,,,633346,2022-04-29 17:00:00,2022
Odense Boldklub,,,,,,,,,,,,,,,,,,,,,,,,,,,,,AGF,,,,,,,,,,,,,,,,,,,,,,,,,,,,,633348,2022-05-01 12:00:00,2022
Vejle Boldklub,,,,,,,,,,,,,,,,,,,,,,,,,,,,,Sønderjyske Fodbold,,,,,,,,,,,,,,,,,,,,,,,,,,,,,633347,2022-05-01 12:00:00,2022
Randers FC,,,,,,,,,,,,,,,,,,,,,,,,,,,,,Brøndby IF,,,,,,,,,,,,,,,,,,,,,,,,,,,,,633349,2022-05-01 14:00:00,2022
FC Midtjylland,,,,,,,,,,,,,,,,,,,,,,,,,,,,,F.C. København,,,,,,,,,,,,,,,,,,,,,,,,,,,,,633350,2022-05-01 16:00:00,2022
Silkeborg IF,,,,,,,,,,,,,,,,,,,,,,,,,,,,,AaB,,,,,,,,,,,,,,,,,,,,,,,,,,,,,633351,2022-05-02 17:00:00,2022
Silkeborg IF,,,,,,,,,,,,,,,,,,,,,,,,,,,,,Randers FC,,,,,,,,,,,,,,,,,,,,,,,,,,,,,633352,2022-05-06 17:00:00,2022
FC Nordsjælland,,,,,,,,,,,,,,,,,,,,,,,,,,,,,Odense Boldklub,,,,,,,,,,,,,,,,,,,,,,,,,,,,,633353,2022-05-08 12:00:00,2022
Brøndby IF,,,,,,,,,,,,,,,,,,,,,,,,,,,,,F.C. København,,,,,,,,,,,,,,,,,,,,,,,,,,,,,633354,2022-05-08 14:00:00,2022
AaB,,,,,,,,,,,,,,,,,,,,,,,,,,,,,FC Midtjylland,,,,,,,,,,,,,,,,,,,,,,,,,,,,,633355,2022-05-08 16:00:00,2022
AGF,,,,,,,,,,,,,,,,,,,,,,,,,,,,,Sønderjyske Fodbold,,,,,,,,,,,,,,,,,,,,,,,,,,,,,633356,2022-05-08 18:00:00,2022
Viborg FF,,,,,,,,,,,,,,,,,,,,,,,,,,,,,Vejle Boldklub,,,,,,,,,,,,,,,,,,,,,,,,,,,,,633357,2022-05-09 17:00:00,2022
Sønderjyske Fodbold,,,,,,,,,,,,,,,,,,,,,,,,,,,,,FC Nordsjælland,,,,,,,,,,,,,,,,,,,,,,,,,,,,,633359,2022-05-11 16:00:00,2022
Randers FC,,,,,,,,,,,,,,,,,,,,,,,,,,,,,AaB,,,,,,,,,,,,,,,,,,,,,,,,,,,,,633358,2022-05-11 16:00:00,2022
F.C. København,,,,,,,,,,,,,,,,,,,,,,,,,,,,,Silkeborg IF,,,,,,,,,,,,,,,,,,,,,,,,,,,,,633360,2022-05-11 18:00:00,2022
Odense Boldklub,,,,,,,,,,,,,,,,,,,,,,,,,,,,,Viborg FF,,,,,,,,,,,,,,,,,,,,,,,,,,,,,633361,2022-05-12 16:00:00,2022
Vejle Boldklub,,,,,,,,,,,,,,,,,,,,,,,,,,,,,AGF,,,,,,,,,,,,,,,,,,,,,,,,,,,,,633362,2022-05-12 16:00:00,2022
FC Midtjylland,,,,,,,,,,,,,,,,,,,,,,,,,,,,,Brøndby IF,,,,,,,,,,,,,,,,,,,,,,,,,,,,,633363,2022-05-12 18:00:00,2022
FC Nordsjælland,,,,,,,,,,,,,,,,,,,,,,,,,,,,,Vejle Boldklub,,,,,,,,,,,,,,,,,,,,,,,,,,,,,633365,2022-05-15 12:00:00,2022
Odense Boldklub,,,,,,,,,,,,,,,,,,,,,,,,,,,,,Sønderjyske Fodbold,,,,,,,,,,,,,,,,,,,,,,,,,,,,,633364,2022-05-15 12:00:00,2022
Randers FC,,,,,,,,,,,,,,,,,,,,,,,,,,,,,F.C. København,,,,,,,,,,,,,,,,,,,,,,,,,,,,,633366,2022-05-15 14:00:00,2022
AaB,,,,,,,,,,,,,,,,,,,,,,,,,,,,,Brøndby IF,,,,,,,,,,,,,,,,,,,,,,,,,,,,,633367,2022-05-15 16:00:00,2022
Viborg FF,,,,,,,,,,,,,,,,,,,,,,,,,,,,,AGF,,,,,,,,,,,,,,,,,,,,,,,,,,,,,633368,2022-05-15 18:00:00,2022
Silkeborg IF,,,,,,,,,,,,,,,,,,,,,,,,,,,,,FC Midtjylland,,,,,,,,,,,,,,,,,,,,,,,,,,,,,633369,2022-05-16 17:00:00,2022
Sønderjyske Fodbold,,,,,,,,,,,,,,,,,,,,,,,,,,,,,Viborg FF,,,,,,,,,,,,,,,,,,,,,,,,,,,,,633372,2022-05-21 15:00:00,2022
Vejle Boldklub,,,,,,,,,,,,,,,,,,,,,,,,,,,,,Odense Boldklub,,,,,,,,,,,,,,,,,,,,,,,,,,,,,633370,2022-05-21 15:00:00,2022
AGF,,,,,,,,,,,,,,,,,,,,,,,,,,,,,FC Nordsjælland,,,,,,,,,,,,,,,,,,,,,,,,,,,,,633371,2022-05-21 15:00:00,2022
FC Midtjylland,,,,,,,,,,,,,,,,,,,,,,,,,,,,,Randers FC,,,,,,,,,,,,,,,,,,,,,,,,,,,,,633373,2022-05-22 15:00:00,2022
Brøndby IF,,,,,,,,,,,,,,,,,,,,,,,,,,,,,Silkeborg IF,,,,,,,,,,,,,,,,,,,,,,,,,,,,,633374,2022-05-22 15:00:00,2022
F.C. København,,,,,,,,,,,,,,,,,,,,,,,,,,,,,AaB,,,,,,,,,,,,,,,,,,,,,,,,,,,,,633375,2022-05-22 15:00:00,2022
AaB,,,,,,,,,,,,,,,,,,,,,,,,,,,,,Viborg FF,,,,,,,,,,,,,,,,,,,,,,,,,,,,,635230,2022-05-29 16:30:00,2022
FC Midtjylland,,,,,,,,,,,,,,,,,,,,,,,,,,,,,Randers FC,,,,,,,,,,,,,,,,,,,,,,,,,,,,,636164,2022-07-15 17:00:00,2022
Lyngby Boldklub,,,,,,,,,,,,,,,,,,,,,,,,,,,,,Silkeborg IF,,,,,,,,,,,,,,,,,,,,,,,,,,,,,636165,2022-07-17 12:00:00,2022
Viborg FF,,,,,,,,,,,,,,,,,,,,,,,,,,,,,AaB,,,,,,,,,,,,,,,,,,,,,,,,,,,,,636166,2022-07-17 12:00:00,2022
F.C. København,,,,,,,,,,,,,,,,,,,,,,,,,,,,,AC Horsens,,,,,,,,,,,,,,,,,,,,,,,,,,,,,636167,2022-07-17 14:00:00,2022
Brøndby IF,,,,,,,,,,,,,,,,,,,,,,,,,,,,,AGF,,,,,,,,,,,,,,,,,,,,,,,,,,,,,636168,2022-07-17 16:00:00,2022
Odense Boldklub,,,,,,,,,,,,,,,,,,,,,,,,,,,,,FC Nordsjælland,,,,,,,,,,,,,,,,,,,,,,,,,,,,,636169,2022-07-18 17:00:00,2022
FC Midtjylland,,,,,,,,,,,,,,,,,,,,,,,,,,,,,Silkeborg IF,,,,,,,,,,,,,,,,,,,,,,,,,,,,,636170,2022-07-22 17:00:00,2022
Randers FC,,,,,,,,,,,,,,,,,,,,,,,,,,,,,Odense Boldklub,,,,,,,,,,,,,,,,,,,,,,,,,,,,,636172,2022-07-24 12:00:00,2022
AGF,,,,,,,,,,,,,,,,,,,,,,,,,,,,,Viborg FF,,,,,,,,,,,,,,,,,,,,,,,,,,,,,636171,2022-07-24 12:00:00,2022
Brøndby IF,,,,,,,,,,,,,,,,,,,,,,,,,,,,,FC Nordsjælland,,,,,,,,,,,,,,,,,,,,,,,,,,,,,636173,2022-07-24 14:00:00,2022
AaB,,,,,,,,,,,,,,,,,,,,,,,,,,,,,F.C. København,,,,,,,,,,,,,,,,,,,,,,,,,,,,,636174,2022-07-24 16:00:00,2022
AC Horsens,,,,,,,,,,,,,,,,,,,,,,,,,,,,,Lyngby Boldklub,,,,,,,,,,,,,,,,,,,,,,,,,,,,,636175,2022-07-25 17:00:00,2022
Odense Boldklub,,,,,,,,,,,,,,,,,,,,,,,,,,,,,FC Midtjylland,,,,,,,,,,,,,,,,,,,,,,,,,,,,,636916,2022-07-29 17:00:00,2022
AGF,,,,,,,,,,,,,,,,,,,,,,,,,,,,,Randers FC,,,,,,,,,,,,,,,,,,,,,,,,,,,,,636913,2022-07-31 12:00:00,2022
AaB,,,,,,,,,,,,,,,,,,,,,,,,,,,,,AC Horsens,,,,,,,,,,,,,,,,,,,,,,,,,,,,,636914,2022-07-31 12:00:00,2022
Viborg FF,,,,,,,,,,,,,,,,,,,,,,,,,,,,,F.C. København,,,,,,,,,,,,,,,,,,,,,,,,,,,,,636918,2022-07-31 14:00:00,2022
Silkeborg IF,,,,,,,,,,,,,,,,,,,,,,,,,,,,,Brøndby IF,,,,,,,,,,,,,,,,,,,,,,,,,,,,,636917,2022-07-31 16:00:00,2022
FC Nordsjælland,,,,,,,,,,,,,,,,,,,,,,,,,,,,,Lyngby Boldklub,,,,,,,,,,,,,,,,,,,,,,,,,,,,,636915,2022-08-01 17:00:00,2022
Randers FC,,,,,,,,,,,,,,,,,,,,,,,,,,,,,AC Horsens,,,,,,,,,,,,,,,,,,,,,,,,,,,,,636919,2022-08-05 16:00:00,2022
Lyngby Boldklub,,,,,,,,,,,,,,,,,,,,,,,,,,,,,FC Midtjylland,,,,,,,,,,,,,,,,,,,,,,,,,,,,,636921,2022-08-05 18:00:00,2022
FC Nordsjælland,,,,,,,,,,,,,,,,,,,,,,,,,,,,,Viborg FF,,,,,,,,,,,,,,,,,,,,,,,,,,,,,636922,2022-08-06 14:30:00,2022
F.C. København,,,,,,,,,,,,,,,,,,,,,,,,,,,,,Brøndby IF,,,,,,,,,,,,,,,,,,,,,,,,,,,,,636923,2022-08-07 14:00:00,2022
Odense Boldklub,,,,,,,,,,,,,,,,,,,,,,,,,,,,,AGF,,,,,,,,,,,,,,,,,,,,,,,,,,,,,636920,2022-08-07 16:00:00,2022
Silkeborg IF,,,,,,,,,,,,,,,,,,,,,,,,,,,,,AaB,,,,,,,,,,,,,,,,,,,,,,,,,,,,,636924,2022-08-08 17:00:00,2022
AC Horsens,,,,,,,,,,,,,,,,,,,,,,,,,,,,,FC Midtjylland,,,,,,,,,,,,,,,,,,,,,,,,,,,,,636925,2022-08-12 17:00:00,2022
F.C. København,,,,,,,,,,,,,,,,,,,,,,,,,,,,,Randers FC,,,,,,,,,,,,,,,,,,,,,,,,,,,,,636929,2022-08-12 19:00:00,2022
Viborg FF,,,,,,,,,,,,,,,,,,,,,,,,,,,,,Silkeborg IF,,,,,,,,,,,,,,,,,,,,,,,,,,,,,636930,2022-08-14 12:00:00,2022
AaB,,,,,,,,,,,,,,,,,,,,,,,,,,,,,FC Nordsjælland,,,,,,,,,,,,,,,,,,,,,,,,,,,,,636927,2022-08-14 14:00:00,2022
Brøndby IF,,,,,,,,,,,,,,,,,,,,,,,,,,,,,Odense Boldklub,,,,,,,,,,,,,,,,,,,,,,,,,,,,,636928,2022-08-14 16:00:00,2022
AGF,,,,,,,,,,,,,,,,,,,,,,,,,,,,,Lyngby Boldklub,,,,,,,,,,,,,,,,,,,,,,,,,,,,,636926,2022-08-15 17:00:00,2022
Lyngby Boldklub,,,,,,,,,,,,,,,,,,,,,,,,,,,,,F.C. København,,,,,,,,,,,,,,,,,,,,,,,,,,,,,636934,2022-08-19 17:00:00,2022
FC Midtjylland,,,,,,,,,,,,,,,,,,,,,,,,,,,,,AGF,,,,,,,,,,,,,,,,,,,,,,,,,,,,,636932,2022-08-20 14:00:00,2022
FC Nordsjælland,,,,,,,,,,,,,,,,,,,,,,,,,,,,,Silkeborg IF,,,,,,,,,,,,,,,,,,,,,,,,,,,,,636933,2022-08-21 12:00:00,2022
Randers FC,,,,,,,,,,,,,,,,,,,,,,,,,,,,,Viborg FF,,,,,,,,,,,,,,,,,,,,,,,,,,,,,636936,2022-08-21 14:00:00,2022
AaB,,,,,,,,,,,,,,,,,,,,,,,,,,,,,Brøndby IF,,,,,,,,,,,,,,,,,,,,,,,,,,,,,636931,2022-08-21 16:00:00,2022
Odense Boldklub,,,,,,,,,,,,,,,,,,,,,,,,,,,,,AC Horsens,,,,,,,,,,,,,,,,,,,,,,,,,,,,,636935,2022-08-22 17:00:00,2022
AC Horsens,,,,,,,,,,,,,,,,,,,,,,,,,,,,,AGF,,,,,,,,,,,,,,,,,,,,,,,,,,,,,636941,2022-08-26 17:00:00,2022
Randers FC,,,,,,,,,,,,,,,,,,,,,,,,,,,,,AaB,,,,,,,,,,,,,,,,,,,,,,,,,,,,,636938,2022-08-28 12:00:00,2022
Viborg FF,,,,,,,,,,,,,,,,,,,,,,,,,,,,,Lyngby Boldklub,,,,,,,,,,,,,,,,,,,,,,,,,,,,,636942,2022-08-28 12:00:00,2022
FC Nordsjælland,,,,,,,,,,,,,,,,,,,,,,,,,,,,,F.C. København,,,,,,,,,,,,,,,,,,,,,,,,,,,,,636939,2022-08-28 14:00:00,2022
Silkeborg IF,,,,,,,,,,,,,,,,,,,,,,,,,,,,,Odense Boldklub,,,,,,,,,,,,,,,,,,,,,,,,,,,,,636937,2022-08-28 16:00:00,2022
Brøndby IF,,,,,,,,,,,,,,,,,,,,,,,,,,,,,FC Midtjylland,,,,,,,,,,,,,,,,,,,,,,,,,,,,,636940,2022-08-29 17:00:00,2022
F.C. København,,,,,,,,,,,,,,,,,,,,,,,,,,,,,Silkeborg IF,,,,,,,,,,,,,,,,,,,,,,,,,,,,,636945,2022-09-02 17:00:00,2022
Odense Boldklub,,,,,,,,,,,,,,,,,,,,,,,,,,,,,Viborg FF,,,,,,,,,,,,,,,,,,,,,,,,,,,,,636948,2022-09-04 12:00:00,2022
Lyngby Boldklub,,,,,,,,,,,,,,,,,,,,,,,,,,,,,Randers FC,,,,,,,,,,,,,,,,,,,,,,,,,,,,,636947,2022-09-04 12:00:00,2022
AC Horsens,,,,,,,,,,,,,,,,,,,,,,,,,,,,,Brøndby IF,,,,,,,,,,,,,,,,,,,,,,,,,,,,,636944,2022-09-04 14:00:00,2022
FC Midtjylland,,,,,,,,,,,,,,,,,,,,,,,,,,,,,AaB,,,,,,,,,,,,,,,,,,,,,,,,,,,,,636946,2022-09-04 16:00:00,2022
AGF,,,,,,,,,,,,,,,,,,,,,,,,,,,,,FC Nordsjælland,,,,,,,,,,,,,,,,,,,,,,,,,,,,,636943,2022-09-05 17:00:00,2022
Odense Boldklub,,,,,,,,,,,,,,,,,,,,,,,,,,,,,F.C. København,,,,,,,,,,,,,,,,,,,,,,,,,,,,,636952,2022-09-10 17:00:00,2022
AaB,,,,,,,,,,,,,,,,,,,,,,,,,,,,,Lyngby Boldklub,,,,,,,,,,,,,,,,,,,,,,,,,,,,,636949,2022-09-11 12:00:00,2022
FC Nordsjælland,,,,,,,,,,,,,,,,,,,,,,,,,,,,,FC Midtjylland,,,,,,,,,,,,,,,,,,,,,,,,,,,,,636951,2022-09-11 12:00:00,2022
Brøndby IF,,,,,,,,,,,,,,,,,,,,,,,,,,,,,Randers FC,,,,,,,,,,,,,,,,,,,,,,,,,,,,,636950,2022-09-11 14:00:00,2022
Silkeborg IF,,,,,,,,,,,,,,,,,,,,,,,,,,,,,AGF,,,,,,,,,,,,,,,,,,,,,,,,,,,,,636953,2022-09-11 16:00:00,2022
Viborg FF,,,,,,,,,,,,,,,,,,,,,,,,,,,,,AC Horsens,,,,,,,,,,,,,,,,,,,,,,,,,,,,,636954,2022-09-12 17:00:00,2022
AC Horsens,,,,,,,,,,,,,,,,,,,,,,,,,,,,,FC Nordsjælland,,,,,,,,,,,,,,,,,,,,,,,,,,,,,636956,2022-09-16 17:00:00,2022
AGF,,,,,,,,,,,,,,,,,,,,,,,,,,,,,AaB,,,,,,,,,,,,,,,,,,,,,,,,,,,,,636955,2022-09-17 15:00:00,2022
Randers FC,,,,,,,,,,,,,,,,,,,,,,,,,,,,,Silkeborg IF,,,,,,,,,,,,,,,,,,,,,,,,,,,,,636959,2022-09-18 12:00:00,2022
Lyngby Boldklub,,,,,,,,,,,,,,,,,,,,,,,,,,,,,Odense Boldklub,,,,,,,,,,,,,,,,,,,,,,,,,,,,,636960,2022-09-18 12:00:00,2022
Viborg FF,,,,,,,,,,,,,,,,,,,,,,,,,,,,,Brøndby IF,,,,,,,,,,,,,,,,,,,,,,,,,,,,,636958,2022-09-18 14:00:00,2022
FC Midtjylland,,,,,,,,,,,,,,,,,,,,,,,,,,,,,F.C. København,,,,,,,,,,,,,,,,,,,,,,,,,,,,,636957,2022-09-18 16:00:00,2022
AaB,,,,,,,,,,,,,,,,,,,,,,,,,,,,,Odense Boldklub,,,,,,,,,,,,,,,,,,,,,,,,,,,,,636961,2022-09-30 17:00:00,2022
FC Midtjylland,,,,,,,,,,,,,,,,,,,,,,,,,,,,,Viborg FF,,,,,,,,,,,,,,,,,,,,,,,,,,,,,636964,2022-10-02 12:00:00,2022
Silkeborg IF,,,,,,,,,,,,,,,,,,,,,,,,,,,,,AC Horsens,,,,,,,,,,,,,,,,,,,,,,,,,,,,,636966,2022-10-02 12:00:00,2022
Brøndby IF,,,,,,,,,,,,,,,,,,,,,,,,,,,,,Lyngby Boldklub,,,,,,,,,,,,,,,,,,,,,,,,,,,,,636962,2022-10-02 14:00:00,2022
F.C. København,,,,,,,,,,,,,,,,,,,,,,,,,,,,,AGF,,,,,,,,,,,,,,,,,,,,,,,,,,,,,636963,2022-10-02 16:00:00,2022
FC Nordsjælland,,,,,,,,,,,,,,,,,,,,,,,,,,,,,Randers FC,,,,,,,,,,,,,,,,,,,,,,,,,,,,,636965,2022-10-03 17:00:00,2022
Lyngby Boldklub,,,,,,,,,,,,,,,,,,,,,,,,,,,,,Viborg FF,,,,,,,,,,,,,,,,,,,,,,,,,,,,,636970,2022-10-07 17:00:00,2022
F.C. København,,,,,,,,,,,,,,,,,,,,,,,,,,,,,FC Nordsjælland,,,,,,,,,,,,,,,,,,,,,,,,,,,,,636971,2022-10-08 17:00:00,2022
AGF,,,,,,,,,,,,,,,,,,,,,,,,,,,,,FC Midtjylland,,,,,,,,,,,,,,,,,,,,,,,,,,,,,636968,2022-10-09 12:00:00,2022
Odense Boldklub,,,,,,,,,,,,,,,,,,,,,,,,,,,,,Silkeborg IF,,,,,,,,,,,,,,,,,,,,,,,,,,,,,636969,2022-10-09 14:00:00,2022
Randers FC,,,,,,,,,,,,,,,,,,,,,,,,,,,,,Brøndby IF,,,,,,,,,,,,,,,,,,,,,,,,,,,,,636972,2022-10-09 16:00:00,2022
AC Horsens,,,,,,,,,,,,,,,,,,,,,,,,,,,,,AaB,,,,,,,,,,,,,,,,,,,,,,,,,,,,,636967,2022-10-10 17:00:00,2022
Lyngby Boldklub,,,,,,,,,,,,,,,,,,,,,,,,,,,,,AaB,,,,,,,,,,,,,,,,,,,,,,,,,,,,,636976,2022-10-14 17:00:00,2022
Brøndby IF,,,,,,,,,,,,,,,,,,,,,,,,,,,,,F.C. København,,,,,,,,,,,,,,,,,,,,,,,,,,,,,636973,2022-10-16 12:00:00,2022
Viborg FF,,,,,,,,,,,,,,,,,,,,,,,,,,,,,Odense Boldklub,,,,,,,,,,,,,,,,,,,,,,,,,,,,,636978,2022-10-16 12:00:00,2022
FC Nordsjælland,,,,,,,,,,,,,,,,,,,,,,,,,,,,,AGF,,,,,,,,,,,,,,,,,,,,,,,,,,,,,636975,2022-10-16 14:00:00,2022
FC Midtjylland,,,,,,,,,,,,,,,,,,,,,,,,,,,,,AC Horsens,,,,,,,,,,,,,,,,,,,,,,,,,,,,,636974,2022-10-16 16:00:00,2022
Silkeborg IF,,,,,,,,,,,,,,,,,,,,,,,,,,,,,Randers FC,,,,,,,,,,,,,,,,,,,,,,,,,,,,,636977,2022-10-17 17:00:00,2022
Odense Boldklub,,,,,,,,,,,,,,,,,,,,,,,,,,,,,Lyngby Boldklub,,,,,,,,,,,,,,,,,,,,,,,,,,,,,636979,2022-10-21 17:00:00,2022
F.C. København,,,,,,,,,,,,,,,,,,,,,,,,,,,,,FC Midtjylland,,,,,,,,,,,,,,,,,,,,,,,,,,,,,636980,2022-10-22 14:00:00,2022
Randers FC,,,,,,,,,,,,,,,,,,,,,,,,,,,,,FC Nordsjælland,,,,,,,,,,,,,,,,,,,,,,,,,,,,,636984,2022-10-23 12:00:00,2022
AC Horsens,,,,,,,,,,,,,,,,,,,,,,,,,,,,,Silkeborg IF,,,,,,,,,,,,,,,,,,,,,,,,,,,,,636982,2022-10-23 14:00:00,2022
AGF,,,,,,,,,,,,,,,,,,,,,,,,,,,,,Brøndby IF,,,,,,,,,,,,,,,,,,,,,,,,,,,,,636983,2022-10-23 16:00:00,2022
AaB,,,,,,,,,,,,,,,,,,,,,,,,,,,,,Viborg FF,,,,,,,,,,,,,,,,,,,,,,,,,,,,,636981,2022-10-24 17:00:00,2022
FC Nordsjælland,,,,,,,,,,,,,,,,,,,,,,,,,,,,,AC Horsens,,,,,,,,,,,,,,,,,,,,,,,,,,,,,636987,2022-10-28 17:00:00,2022
Randers FC,,,,,,,,,,,,,,,,,,,,,,,,,,,,,F.C. København,,,,,,,,,,,,,,,,,,,,,,,,,,,,,636985,2022-10-29 14:00:00,2022
Lyngby Boldklub,,,,,,,,,,,,,,,,,,,,,,,,,,,,,AGF,,,,,,,,,,,,,,,,,,,,,,,,,,,,,636986,2022-10-30 13:00:00,2022
Silkeborg IF,,,,,,,,,,,,,,,,,,,,,,,,,,,,,Viborg FF,,,,,,,,,,,,,,,,,,,,,,,,,,,,,636990,2022-10-30 15:00:00,2022
Brøndby IF,,,,,,,,,,,,,,,,,,,,,,,,,,,,,AaB,,,,,,,,,,,,,,,,,,,,,,,,,,,,,636989,2022-10-30 17:00:00,2022
FC Midtjylland,,,,,,,,,,,,,,,,,,,,,,,,,,,,,Odense Boldklub,,,,,,,,,,,,,,,,,,,,,,,,,,,,,636988,2022-10-31 18:00:00,2022
AC Horsens,,,,,,,,,,,,,,,,,,,,,,,,,,,,,Randers FC,,,,,,,,,,,,,,,,,,,,,,,,,,,,,636991,2022-11-04 18:00:00,2022
AaB,,,,,,,,,,,,,,,,,,,,,,,,,,,,,Silkeborg IF,,,,,,,,,,,,,,,,,,,,,,,,,,,,,636992,2022-11-06 13:00:00,2022
Viborg FF,,,,,,,,,,,,,,,,,,,,,,,,,,,,,AGF,,,,,,,,,,,,,,,,,,,,,,,,,,,,,636996,2022-11-06 13:00:00,2022
F.C. København,,,,,,,,,,,,,,,,,,,,,,,,,,,,,Lyngby Boldklub,,,,,,,,,,,,,,,,,,,,,,,,,,,,,636993,2022-11-06 15:00:00,2022
Odense Boldklub,,,,,,,,,,,,,,,,,,,,,,,,,,,,,Brøndby IF,,,,,,,,,,,,,,,,,,,,,,,,,,,,,636995,2022-11-06 17:00:00,2022
FC Midtjylland,,,,,,,,,,,,,,,,,,,,,,,,,,,,,FC Nordsjælland,,,,,,,,,,,,,,,,,,,,,,,,,,,,,636994,2022-11-07 18:00:00,2022
Silkeborg IF,,,,,,,,,,,,,,,,,,,,,,,,,,,,,Lyngby Boldklub,,,,,,,,,,,,,,,,,,,,,,,,,,,,,637002,2022-11-12 15:00:00,2022
AC Horsens,,,,,,,,,,,,,,,,,,,,,,,,,,,,,Odense Boldklub,,,,,,,,,,,,,,,,,,,,,,,,,,,,,636997,2022-11-13 13:00:00,2022
AGF,,,,,,,,,,,,,,,,,,,,,,,,,,,,,F.C. København,,,,,,,,,,,,,,,,,,,,,,,,,,,,,636998,2022-11-13 13:00:00,2022
Brøndby IF,,,,,,,,,,,,,,,,,,,,,,,,,,,,,Viborg FF,,,,,,,,,,,,,,,,,,,,,,,,,,,,,636999,2022-11-13 15:00:00,2022
FC Nordsjælland,,,,,,,,,,,,,,,,,,,,,,,,,,,,,AaB,,,,,,,,,,,,,,,,,,,,,,,,,,,,,637000,2022-11-13 17:00:00,2022
Randers FC,,,,,,,,,,,,,,,,,,,,,,,,,,,,,FC Midtjylland,,,,,,,,,,,,,,,,,,,,,,,,,,,,,637001,2022-11-13 19:00:00,2022
AaB,,,,,,,,,,,,,,,,,,,,,,,,,,,,,AGF,,,,,,,,,,,,,,,,,,,,,,,,,,,,,637004,2023-02-17 18:00:00,2023
Odense Boldklub,,,,,,,,,,,,,,,,,,,,,,,,,,,,,Randers FC,,,,,,,,,,,,,,,,,,,,,,,,,,,,,637008,2023-02-19 13:00:00,2023
Lyngby Boldklub,,,,,,,,,,,,,,,,,,,,,,,,,,,,,FC Nordsjælland,,,,,,,,,,,,,,,,,,,,,,,,,,,,,637005,2023-02-19 13:00:00,2023
Silkeborg IF,,,,,,,,,,,,,,,,,,,,,,,,,,,,,F.C. København,,,,,,,,,,,,,,,,,,,,,,,,,,,,,637007,2023-02-19 15:00:00,2023
Brøndby IF,,,,,,,,,,,,,,,,,,,,,,,,,,,,,AC Horsens,,,,,,,,,,,,,,,,,,,,,,,,,,,,,637003,2023-02-19 17:00:00,2023
Viborg FF,,,,,,,,,,,,,,,,,,,,,,,,,,,,,FC Midtjylland,,,,,,,,,,,,,,,,,,,,,,,,,,,,,637006,2023-02-20 18:00:00,2023
FC Nordsjælland,,,,,,,,,,,,,,,,,,,,,,,,,,,,,Odense Boldklub,,,,,,,,,,,,,,,,,,,,,,,,,,,,,637009,2023-02-24 18:00:00,2023
AC Horsens,,,,,,,,,,,,,,,,,,,,,,,,,,,,,Viborg FF,,,,,,,,,,,,,,,,,,,,,,,,,,,,,637013,2023-02-26 13:00:00,2023
Randers FC,,,,,,,,,,,,,,,,,,,,,,,,,,,,,Lyngby Boldklub,,,,,,,,,,,,,,,,,,,,,,,,,,,,,637014,2023-02-26 13:00:00,2023
F.C. København,,,,,,,,,,,,,,,,,,,,,,,,,,,,,AaB,,,,,,,,,,,,,,,,,,,,,,,,,,,,,637011,2023-02-26 15:00:00,2023
AGF,,,,,,,,,,,,,,,,,,,,,,,,,,,,,Silkeborg IF,,,,,,,,,,,,,,,,,,,,,,,,,,,,,637012,2023-02-26 17:00:00,2023
FC Midtjylland,,,,,,,,,,,,,,,,,,,,,,,,,,,,,Brøndby IF,,,,,,,,,,,,,,,,,,,,,,,,,,,,,637010,2023-02-27 18:00:00,2023
AGF,,,,,,,,,,,,,,,,,,,,,,,,,,,,,AC Horsens,,,,,,,,,,,,,,,,,,,,,,,,,,,,,637019,2023-03-03 18:00:00,2023
Silkeborg IF,,,,,,,,,,,,,,,,,,,,,,,,,,,,,FC Nordsjælland,,,,,,,,,,,,,,,,,,,,,,,,,,,,,637015,2023-03-05 13:00:00,2023
Viborg FF,,,,,,,,,,,,,,,,,,,,,,,,,,,,,Randers FC,,,,,,,,,,,,,,,,,,,,,,,,,,,,,637020,2023-03-05 13:00:00,2023
Lyngby Boldklub,,,,,,,,,,,,,,,,,,,,,,,,,,,,,Brøndby IF,,,,,,,,,,,,,,,,,,,,,,,,,,,,,637016,2023-03-05 15:00:00,2023
F.C. København,,,,,,,,,,,,,,,,,,,,,,,,,,,,,Odense Boldklub,,,,,,,,,,,,,,,,,,,,,,,,,,,,,637017,2023-03-05 17:30:00,2023
AaB,,,,,,,,,,,,,,,,,,,,,,,,,,,,,FC Midtjylland,,,,,,,,,,,,,,,,,,,,,,,,,,,,,637018,2023-03-06 18:00:00,2023
Odense Boldklub,,,,,,,,,,,,,,,,,,,,,,,,,,,,,AaB,,,,,,,,,,,,,,,,,,,,,,,,,,,,,637024,2023-03-10 18:00:00,2023
Viborg FF,,,,,,,,,,,,,,,,,,,,,,,,,,,,,FC Nordsjælland,,,,,,,,,,,,,,,,,,,,,,,,,,,,,637026,2023-03-12 13:00:00,2023
FC Midtjylland,,,,,,,,,,,,,,,,,,,,,,,,,,,,,Lyngby Boldklub,,,,,,,,,,,,,,,,,,,,,,,,,,,,,637023,2023-03-12 13:00:00,2023
AC Horsens,,,,,,,,,,,,,,,,,,,,,,,,,,,,,F.C. København,,,,,,,,,,,,,,,,,,,,,,,,,,,,,637021,2023-03-12 15:00:00,2023
Brøndby IF,,,,,,,,,,,,,,,,,,,,,,,,,,,,,Silkeborg IF,,,,,,,,,,,,,,,,,,,,,,,,,,,,,637022,2023-03-12 17:00:00,2023
Randers FC,,,,,,,,,,,,,,,,,,,,,,,,,,,,,AGF,,,,,,,,,,,,,,,,,,,,,,,,,,,,,637025,2023-03-13 18:00:00,2023
AaB,,,,,,,,,,,,,,,,,,,,,,,,,,,,,Randers FC,,,,,,,,,,,,,,,,,,,,,,,,,,,,,637028,2023-03-19 14:00:00,2023
F.C. København,,,,,,,,,,,,,,,,,,,,,,,,,,,,,Viborg FF,,,,,,,,,,,,,,,,,,,,,,,,,,,,,637031,2023-03-19 14:00:00,2023
Silkeborg IF,,,,,,,,,,,,,,,,,,,,,,,,,,,,,FC Midtjylland,,,,,,,,,,,,,,,,,,,,,,,,,,,,,637032,2023-03-19 14:00:00,2023
FC Nordsjælland,,,,,,,,,,,,,,,,,,,,,,,,,,,,,Brøndby IF,,,,,,,,,,,,,,,,,,,,,,,,,,,,,637030,2023-03-19 14:00:00,2023
AGF,,,,,,,,,,,,,,,,,,,,,,,,,,,,,Odense Boldklub,,,,,,,,,,,,,,,,,,,,,,,,,,,,,637027,2023-03-19 14:00:00,2023
Lyngby Boldklub,,,,,,,,,,,,,,,,,,,,,,,,,,,,,AC Horsens,,,,,,,,,,,,,,,,,,,,,,,,,,,,,637029,2023-03-19 14:00:00,2023
Odense Boldklub,,,,,,,,,,,,,,,,,,,,,,,,,,,,,FC Midtjylland,,,,,,,,,,,,,,,,,,,,,,,,,,,,,667601,2023-03-31 17:00:00,2023
Lyngby Boldklub,,,,,,,,,,,,,,,,,,,,,,,,,,,,,Silkeborg IF,,,,,,,,,,,,,,,,,,,,,,,,,,,,,667603,2023-04-02 12:00:00,2023
AC Horsens,,,,,,,,,,,,,,,,,,,,,,,,,,,,,AaB,,,,,,,,,,,,,,,,,,,,,,,,,,,,,667602,2023-04-02 12:00:00,2023
Brøndby IF,,,,,,,,,,,,,,,,,,,,,,,,,,,,,Viborg FF,,,,,,,,,,,,,,,,,,,,,,,,,,,,,667604,2023-04-02 14:00:00,2023
F.C. København,,,,,,,,,,,,,,,,,,,,,,,,,,,,,FC Nordsjælland,,,,,,,,,,,,,,,,,,,,,,,,,,,,,667605,2023-04-02 16:00:00,2023
AGF,,,,,,,,,,,,,,,,,,,,,,,,,,,,,Randers FC,,,,,,,,,,,,,,,,,,,,,,,,,,,,,667606,2023-04-03 17:00:00,2023
Viborg FF,,,,,,,,,,,,,,,,,,,,,,,,,,,,,AGF,,,,,,,,,,,,,,,,,,,,,,,,,,,,,667607,2023-04-09 14:00:00,2023
AaB,,,,,,,,,,,,,,,,,,,,,,,,,,,,,Odense Boldklub,,,,,,,,,,,,,,,,,,,,,,,,,,,,,667608,2023-04-10 12:00:00,2023
FC Midtjylland,,,,,,,,,,,,,,,,,,,,,,,,,,,,,Lyngby Boldklub,,,,,,,,,,,,,,,,,,,,,,,,,,,,,667609,2023-04-10 12:00:00,2023
Randers FC,,,,,,,,,,,,,,,,,,,,,,,,,,,,,F.C. København,,,,,,,,,,,,,,,,,,,,,,,,,,,,,667610,2023-04-10 14:00:00,2023
FC Nordsjælland,,,,,,,,,,,,,,,,,,,,,,,,,,,,,Brøndby IF,,,,,,,,,,,,,,,,,,,,,,,,,,,,,667611,2023-04-10 16:00:00,2023
Silkeborg IF,,,,,,,,,,,,,,,,,,,,,,,,,,,,,AC Horsens,,,,,,,,,,,,,,,,,,,,,,,,,,,,,667612,2023-04-11 16:30:00,2023
FC Midtjylland,,,,,,,,,,,,,,,,,,,,,,,,,,,,,AaB,,,,,,,,,,,,,,,,,,,,,,,,,,,,,667613,2023-04-14 17:00:00,2023
Lyngby Boldklub,,,,,,,,,,,,,,,,,,,,,,,,,,,,,AC Horsens,,,,,,,,,,,,,,,,,,,,,,,,,,,,,667614,2023-04-16 12:00:00,2023
Odense Boldklub,,,,,,,,,,,,,,,,,,,,,,,,,,,,,Silkeborg IF,,,,,,,,,,,,,,,,,,,,,,,,,,,,,667615,2023-04-16 12:00:00,2023
F.C. København,,,,,,,,,,,,,,,,,,,,,,,,,,,,,Viborg FF,,,,,,,,,,,,,,,,,,,,,,,,,,,,,667616,2023-04-16 14:00:00,2023
Brøndby IF,,,,,,,,,,,,,,,,,,,,,,,,,,,,,AGF,,,,,,,,,,,,,,,,,,,,,,,,,,,,,667617,2023-04-16 16:00:00,2023
Randers FC,,,,,,,,,,,,,,,,,,,,,,,,,,,,,FC Nordsjælland,,,,,,,,,,,,,,,,,,,,,,,,,,,,,667618,2023-04-17 17:00:00,2023
Silkeborg IF,,,,,,,,,,,,,,,,,,,,,,,,,,,,,AaB,,,,,,,,,,,,,,,,,,,,,,,,,,,,,667619,2023-04-21 17:00:00,2023
AC Horsens,,,,,,,,,,,,,,,,,,,,,,,,,,,,,FC Midtjylland,,,,,,,,,,,,,,,,,,,,,,,,,,,,,667620,2023-04-23 12:00:00,2023
Viborg FF,,,,,,,,,,,,,,,,,,,,,,,,,,,,,FC Nordsjælland,,,,,,,,,,,,,,,,,,,,,,,,,,,,,667621,2023-04-23 12:00:00,2023
Brøndby IF,,,,,,,,,,,,,,,,,,,,,,,,,,,,,Randers FC,,,,,,,,,,,,,,,,,,,,,,,,,,,,,667622,2023-04-23 14:00:00,2023
AGF,,,,,,,,,,,,,,,,,,,,,,,,,,,,,F.C. København,,,,,,,,,,,,,,,,,,,,,,,,,,,,,667623,2023-04-23 16:00:00,2023
Odense Boldklub,,,,,,,,,,,,,,,,,,,,,,,,,,,,,Lyngby Boldklub,,,,,,,,,,,,,,,,,,,,,,,,,,,,,667624,2023-04-24 17:00:00,2023
AC Horsens,,,,,,,,,,,,,,,,,,,,,,,,,,,,,Odense Boldklub,,,,,,,,,,,,,,,,,,,,,,,,,,,,,667625,2023-04-28 17:00:00,2023
AaB,,,,,,,,,,,,,,,,,,,,,,,,,,,,,Lyngby Boldklub,,,,,,,,,,,,,,,,,,,,,,,,,,,,,667626,2023-04-30 12:00:00,2023
Viborg FF,,,,,,,,,,,,,,,,,,,,,,,,,,,,,Randers FC,,,,,,,,,,,,,,,,,,,,,,,,,,,,,667627,2023-04-30 12:00:00,2023
F.C. København,,,,,,,,,,,,,,,,,,,,,,,,,,,,,Brøndby IF,,,,,,,,,,,,,,,,,,,,,,,,,,,,,667628,2023-04-30 14:00:00,2023
FC Nordsjælland,,,,,,,,,,,,,,,,,,,,,,,,,,,,,AGF,,,,,,,,,,,,,,,,,,,,,,,,,,,,,667629,2023-04-30 16:00:00,2023
FC Midtjylland,,,,,,,,,,,,,,,,,,,,,,,,,,,,,Silkeborg IF,,,,,,,,,,,,,,,,,,,,,,,,,,,,,667630,2023-05-01 17:00:00,2023
AaB,,,,,,,,,,,,,,,,,,,,,,,,,,,,,AC Horsens,,,,,,,,,,,,,,,,,,,,,,,,,,,,,667631,2023-05-07 10:00:00,2023
Lyngby Boldklub,,,,,,,,,,,,,,,,,,,,,,,,,,,,,FC Midtjylland,,,,,,,,,,,,,,,,,,,,,,,,,,,,,667633,2023-05-07 12:00:00,2023
Silkeborg IF,,,,,,,,,,,,,,,,,,,,,,,,,,,,,Odense Boldklub,,,,,,,,,,,,,,,,,,,,,,,,,,,,,667632,2023-05-07 12:00:00,2023
Randers FC,,,,,,,,,,,,,,,,,,,,,,,,,,,,,Brøndby IF,,,,,,,,,,,,,,,,,,,,,,,,,,,,,667634,2023-05-07 14:00:00,2023
AGF,,,,,,,,,,,,,,,,,,,,,,,,,,,,,Viborg FF,,,,,,,,,,,,,,,,,,,,,,,,,,,,,667635,2023-05-07 16:00:00,2023
FC Nordsjælland,,,,,,,,,,,,,,,,,,,,,,,,,,,,,F.C. København,,,,,,,,,,,,,,,,,,,,,,,,,,,,,667636,2023-05-08 17:00:00,2023
Odense Boldklub,,,,,,,,,,,,,,,,,,,,,,,,,,,,,AaB,,,,,,,,,,,,,,,,,,,,,,,,,,,,,667637,2023-05-12 17:00:00,2023
Silkeborg IF,,,,,,,,,,,,,,,,,,,,,,,,,,,,,Lyngby Boldklub,,,,,,,,,,,,,,,,,,,,,,,,,,,,,667639,2023-05-14 12:00:00,2023
FC Midtjylland,,,,,,,,,,,,,,,,,,,,,,,,,,,,,AC Horsens,,,,,,,,,,,,,,,,,,,,,,,,,,,,,667638,2023-05-14 12:00:00,2023
Brøndby IF,,,,,,,,,,,,,,,,,,,,,,,,,,,,,F.C. København,,,,,,,,,,,,,,,,,,,,,,,,,,,,,667640,2023-05-14 14:00:00,2023
AGF,,,,,,,,,,,,,,,,,,,,,,,,,,,,,FC Nordsjælland,,,,,,,,,,,,,,,,,,,,,,,,,,,,,667641,2023-05-14 16:00:00,2023
Randers FC,,,,,,,,,,,,,,,,,,,,,,,,,,,,,Viborg FF,,,,,,,,,,,,,,,,,,,,,,,,,,,,,667642,2023-05-15 17:00:00,2023
AC Horsens,,,,,,,,,,,,,,,,,,,,,,,,,,,,,Silkeborg IF,,,,,,,,,,,,,,,,,,,,,,,,,,,,,667647,2023-05-19 17:00:00,2023
AaB,,,,,,,,,,,,,,,,,,,,,,,,,,,,,FC Midtjylland,,,,,,,,,,,,,,,,,,,,,,,,,,,,,667643,2023-05-21 12:00:00,2023
Lyngby Boldklub,,,,,,,,,,,,,,,,,,,,,,,,,,,,,Odense Boldklub,,,,,,,,,,,,,,,,,,,,,,,,,,,,,667644,2023-05-21 12:00:00,2023
Viborg FF,,,,,,,,,,,,,,,,,,,,,,,,,,,,,Brøndby IF,,,,,,,,,,,,,,,,,,,,,,,,,,,,,667645,2023-05-21 14:05:00,2023
F.C. København,,,,,,,,,,,,,,,,,,,,,,,,,,,,,AGF,,,,,,,,,,,,,,,,,,,,,,,,,,,,,667646,2023-05-21 16:00:00,2023
FC Nordsjælland,,,,,,,,,,,,,,,,,,,,,,,,,,,,,Randers FC,,,,,,,,,,,,,,,,,,,,,,,,,,,,,667648,2023-05-22 17:00:00,2023
Odense Boldklub,,,,,,,,,,,,,,,,,,,,,,,,,,,,,AC Horsens,,,,,,,,,,,,,,,,,,,,,,,,,,,,,667649,2023-05-26 17:00:00,2023
Silkeborg IF,,,,,,,,,,,,,,,,,,,,,,,,,,,,,FC Midtjylland,,,,,,,,,,,,,,,,,,,,,,,,,,,,,667651,2023-05-29 12:00:00,2023
Lyngby Boldklub,,,,,,,,,,,,,,,,,,,,,,,,,,,,,AaB,,,,,,,,,,,,,,,,,,,,,,,,,,,,,667650,2023-05-29 12:00:00,2023
Viborg FF,,,,,,,,,,,,,,,,,,,,,,,,,,,,,F.C. København,,,,,,,,,,,,,,,,,,,,,,,,,,,,,667652,2023-05-29 14:00:00,2023
Brøndby IF,,,,,,,,,,,,,,,,,,,,,,,,,,,,,FC Nordsjælland,,,,,,,,,,,,,,,,,,,,,,,,,,,,,667653,2023-05-29 16:00:00,2023
Randers FC,,,,,,,,,,,,,,,,,,,,,,,,,,,,,AGF,,,,,,,,,,,,,,,,,,,,,,,,,,,,,667654,2023-05-30 17:00:00,2023
AC Horsens,,,,,,,,,,,,,,,,,,,,,,,,,,,,,Lyngby Boldklub,,,,,,,,,,,,,,,,,,,,,,,,,,,,,667657,2023-06-03 12:00:00,2023
AaB,,,,,,,,,,,,,,,,,,,,,,,,,,,,,Silkeborg IF,,,,,,,,,,,,,,,,,,,,,,,,,,,,,667656,2023-06-03 12:00:00,2023
FC Midtjylland,,,,,,,,,,,,,,,,,,,,,,,,,,,,,Odense Boldklub,,,,,,,,,,,,,,,,,,,,,,,,,,,,,667655,2023-06-03 12:00:00,2023
F.C. København,,,,,,,,,,,,,,,,,,,,,,,,,,,,,Randers FC,,,,,,,,,,,,,,,,,,,,,,,,,,,,,667660,2023-06-04 15:00:00,2023
FC Nordsjælland,,,,,,,,,,,,,,,,,,,,,,,,,,,,,Viborg FF,,,,,,,,,,,,,,,,,,,,,,,,,,,,,667658,2023-06-04 15:00:00,2023
AGF,,,,,,,,,,,,,,,,,,,,,,,,,,,,,Brøndby IF,,,,,,,,,,,,,,,,,,,,,,,,,,,,,667659,2023-06-04 15:00:00,2023
Viborg FF,,,,,,,,,,,,,,,,,,,,,,,,,,,,,FC Midtjylland,,,,,,,,,,,,,,,,,,,,,,,,,,,,,670102,2023-06-09 17:00:00,2023
FC Midtjylland,,,,,,,,,,,,,,,,,,,,,,,,,,,,,Hvidovre IF,,,,,,,,,,,,,,,,,,,,,,,,,,,,,670873,2023-07-21 17:00:00,2023
Lyngby Boldklub,,,,,,,,,,,,,,,,,,,,,,,,,,,,,F.C. København,,,,,,,,,,,,,,,,,,,,,,,,,,,,,670874,2023-07-22 14:00:00,2023
AGF,,,,,,,,,,,,,,,,,,,,,,,,,,,,,Vejle Boldklub,,,,,,,,,,,,,,,,,,,,,,,,,,,,,670875,2023-07-23 12:00:00,2023
Odense Boldklub,,,,,,,,,,,,,,,,,,,,,,,,,,,,,Randers FC,,,,,,,,,,,,,,,,,,,,,,,,,,,,,670876,2023-07-23 14:00:00,2023
Silkeborg IF,,,,,,,,,,,,,,,,,,,,,,,,,,,,,Brøndby IF,,,,,,,,,,,,,,,,,,,,,,,,,,,,,670877,2023-07-23 16:00:00,2023
FC Nordsjælland,,,,,,,,,,,,,,,,,,,,,,,,,,,,,Viborg FF,,,,,,,,,,,,,,,,,,,,,,,,,,,,,670878,2023-07-24 17:00:00,2023
Viborg FF,,,,,,,,,,,,,,,,,,,,,,,,,,,,,Lyngby Boldklub,,,,,,,,,,,,,,,,,,,,,,,,,,,,,670879,2023-07-28 17:00:00,2023
Vejle Boldklub,,,,,,,,,,,,,,,,,,,,,,,,,,,,,F.C. København,,,,,,,,,,,,,,,,,,,,,,,,,,,,,670880,2023-07-29 14:00:00,2023
FC Midtjylland,,,,,,,,,,,,,,,,,,,,,,,,,,,,,Silkeborg IF,,,,,,,,,,,,,,,,,,,,,,,,,,,,,670881,2023-07-30 12:00:00,2023
Randers FC,,,,,,,,,,,,,,,,,,,,,,,,,,,,,Hvidovre IF,,,,,,,,,,,,,,,,,,,,,,,,,,,,,670882,2023-07-30 14:00:00,2023
Brøndby IF,,,,,,,,,,,,,,,,,,,,,,,,,,,,,Odense Boldklub,,,,,,,,,,,,,,,,,,,,,,,,,,,,,670883,2023-07-30 16:00:00,2023
AGF,,,,,,,,,,,,,,,,,,,,,,,,,,,,,FC Nordsjælland,,,,,,,,,,,,,,,,,,,,,,,,,,,,,670884,2023-07-31 17:00:00,2023
Silkeborg IF,,,,,,,,,,,,,,,,,,,,,,,,,,,,,Vejle Boldklub,,,,,,,,,,,,,,,,,,,,,,,,,,,,,670886,2023-08-04 17:00:00,2023
F.C. København,,,,,,,,,,,,,,,,,,,,,,,,,,,,,Randers FC,,,,,,,,,,,,,,,,,,,,,,,,,,,,,670885,2023-08-05 14:00:00,2023
Hvidovre IF,,,,,,,,,,,,,,,,,,,,,,,,,,,,,AGF,,,,,,,,,,,,,,,,,,,,,,,,,,,,,670887,2023-08-06 12:00:00,2023
Lyngby Boldklub,,,,,,,,,,,,,,,,,,,,,,,,,,,,,FC Midtjylland,,,,,,,,,,,,,,,,,,,,,,,,,,,,,670888,2023-08-06 14:00:00,2023
FC Nordsjælland,,,,,,,,,,,,,,,,,,,,,,,,,,,,,Brøndby IF,,,,,,,,,,,,,,,,,,,,,,,,,,,,,670889,2023-08-06 16:00:00,2023
Odense Boldklub,,,,,,,,,,,,,,,,,,,,,,,,,,,,,Viborg FF,,,,,,,,,,,,,,,,,,,,,,,,,,,,,670890,2023-08-07 17:00:00,2023
F.C. København,,,,,,,,,,,,,,,,,,,,,,,,,,,,,Odense Boldklub,,,,,,,,,,,,,,,,,,,,,,,,,,,,,670894,2023-08-11 17:00:00,2023
Randers FC,,,,,,,,,,,,,,,,,,,,,,,,,,,,,FC Nordsjælland,,,,,,,,,,,,,,,,,,,,,,,,,,,,,670891,2023-08-13 12:00:00,2023
Vejle Boldklub,,,,,,,,,,,,,,,,,,,,,,,,,,,,,FC Midtjylland,,,,,,,,,,,,,,,,,,,,,,,,,,,,,670892,2023-08-13 12:00:00,2023
Brøndby IF,,,,,,,,,,,,,,,,,,,,,,,,,,,,,Lyngby Boldklub,,,,,,,,,,,,,,,,,,,,,,,,,,,,,670893,2023-08-13 14:00:00,2023
AGF,,,,,,,,,,,,,,,,,,,,,,,,,,,,,Silkeborg IF,,,,,,,,,,,,,,,,,,,,,,,,,,,,,670895,2023-08-13 16:00:00,2023
Viborg FF,,,,,,,,,,,,,,,,,,,,,,,,,,,,,Hvidovre IF,,,,,,,,,,,,,,,,,,,,,,,,,,,,,670896,2023-08-14 17:00:00,2023
Hvidovre IF,,,,,,,,,,,,,,,,,,,,,,,,,,,,,F.C. København,,,,,,,,,,,,,,,,,,,,,,,,,,,,,670897,2023-08-18 17:00:00,2023
Silkeborg IF,,,,,,,,,,,,,,,,,,,,,,,,,,,,,FC Nordsjælland,,,,,,,,,,,,,,,,,,,,,,,,,,,,,670898,2023-08-20 12:00:00,2023
Lyngby Boldklub,,,,,,,,,,,,,,,,,,,,,,,,,,,,,Randers FC,,,,,,,,,,,,,,,,,,,,,,,,,,,,,670899,2023-08-20 14:00:00,2023
FC Midtjylland,,,,,,,,,,,,,,,,,,,,,,,,,,,,,Brøndby IF,,,,,,,,,,,,,,,,,,,,,,,,,,,,,670900,2023-08-20 16:00:00,2023
Odense Boldklub,,,,,,,,,,,,,,,,,,,,,,,,,,,,,AGF,,,,,,,,,,,,,,,,,,,,,,,,,,,,,670901,2023-08-20 18:00:00,2023
Viborg FF,,,,,,,,,,,,,,,,,,,,,,,,,,,,,Vejle Boldklub,,,,,,,,,,,,,,,,,,,,,,,,,,,,,670902,2023-08-21 17:00:00,2023
Randers FC,,,,,,,,,,,,,,,,,,,,,,,,,,,,,Viborg FF,,,,,,,,,,,,,,,,,,,,,,,,,,,,,670903,2023-08-25 16:30:00,2023
F.C. København,,,,,,,,,,,,,,,,,,,,,,,,,,,,,Silkeborg IF,,,,,,,,,,,,,,,,,,,,,,,,,,,,,670904,2023-08-26 14:00:00,2023
AGF,,,,,,,,,,,,,,,,,,,,,,,,,,,,,Lyngby Boldklub,,,,,,,,,,,,,,,,,,,,,,,,,,,,,670905,2023-08-27 12:00:00,2023
Hvidovre IF,,,,,,,,,,,,,,,,,,,,,,,,,,,,,Odense Boldklub,,,,,,,,,,,,,,,,,,,,,,,,,,,,,670906,2023-08-27 14:00:00,2023
FC Nordsjælland,,,,,,,,,,,,,,,,,,,,,,,,,,,,,FC Midtjylland,,,,,,,,,,,,,,,,,,,,,,,,,,,,,670907,2023-08-27 16:00:00,2023
Vejle Boldklub,,,,,,,,,,,,,,,,,,,,,,,,,,,,,Brøndby IF,,,,,,,,,,,,,,,,,,,,,,,,,,,,,670908,2023-08-28 17:00:00,2023
Odense Boldklub,,,,,,,,,,,,,,,,,,,,,,,,,,,,,Vejle Boldklub,,,,,,,,,,,,,,,,,,,,,,,,,,,,,670909,2023-09-01 17:00:00,2023
Silkeborg IF,,,,,,,,,,,,,,,,,,,,,,,,,,,,,Hvidovre IF,,,,,,,,,,,,,,,,,,,,,,,,,,,,,670910,2023-09-03 12:00:00,2023
Lyngby Boldklub,,,,,,,,,,,,,,,,,,,,,,,,,,,,,FC Nordsjælland,,,,,,,,,,,,,,,,,,,,,,,,,,,,,670911,2023-09-03 12:00:00,2023
Brøndby IF,,,,,,,,,,,,,,,,,,,,,,,,,,,,,Randers FC,,,,,,,,,,,,,,,,,,,,,,,,,,,,,670912,2023-09-03 14:00:00,2023
F.C. København,,,,,,,,,,,,,,,,,,,,,,,,,,,,,Viborg FF,,,,,,,,,,,,,,,,,,,,,,,,,,,,,670913,2023-09-03 16:00:00,2023
FC Midtjylland,,,,,,,,,,,,,,,,,,,,,,,,,,,,,AGF,,,,,,,,,,,,,,,,,,,,,,,,,,,,,670914,2023-09-03 18:00:00,2023
Viborg FF,,,,,,,,,,,,,,,,,,,,,,,,,,,,,FC Midtjylland,,,,,,,,,,,,,,,,,,,,,,,,,,,,,670916,2023-09-15 17:00:00,2023
FC Nordsjælland,,,,,,,,,,,,,,,,,,,,,,,,,,,,,F.C. København,,,,,,,,,,,,,,,,,,,,,,,,,,,,,670918,2023-09-16 14:00:00,2023
Vejle Boldklub,,,,,,,,,,,,,,,,,,,,,,,,,,,,,Randers FC,,,,,,,,,,,,,,,,,,,,,,,,,,,,,670919,2023-09-17 12:00:00,2023
Hvidovre IF,,,,,,,,,,,,,,,,,,,,,,,,,,,,,Lyngby Boldklub,,,,,,,,,,,,,,,,,,,,,,,,,,,,,670920,2023-09-17 14:00:00,2023
AGF,,,,,,,,,,,,,,,,,,,,,,,,,,,,,Brøndby IF,,,,,,,,,,,,,,,,,,,,,,,,,,,,,670917,2023-09-17 16:00:00,2023
Odense Boldklub,,,,,,,,,,,,,,,,,,,,,,,,,,,,,Silkeborg IF,,,,,,,,,,,,,,,,,,,,,,,,,,,,,670915,2023-09-18 17:00:00,2023
Lyngby Boldklub,,,,,,,,,,,,,,,,,,,,,,,,,,,,,Vejle Boldklub,,,,,,,,,,,,,,,,,,,,,,,,,,,,,670922,2023-09-22 17:00:00,2023
Silkeborg IF,,,,,,,,,,,,,,,,,,,,,,,,,,,,,Viborg FF,,,,,,,,,,,,,,,,,,,,,,,,,,,,,670923,2023-09-24 12:00:00,2023
Brøndby IF,,,,,,,,,,,,,,,,,,,,,,,,,,,,,F.C. København,,,,,,,,,,,,,,,,,,,,,,,,,,,,,670926,2023-09-24 12:00:00,2023
Randers FC,,,,,,,,,,,,,,,,,,,,,,,,,,,,,AGF,,,,,,,,,,,,,,,,,,,,,,,,,,,,,670921,2023-09-24 14:00:00,2023
FC Midtjylland,,,,,,,,,,,,,,,,,,,,,,,,,,,,,Odense Boldklub,,,,,,,,,,,,,,,,,,,,,,,,,,,,,670925,2023-09-24 16:00:00,2023
FC Nordsjælland,,,,,,,,,,,,,,,,,,,,,,,,,,,,,Hvidovre IF,,,,,,,,,,,,,,,,,,,,,,,,,,,,,670924,2023-09-25 17:00:00,2023
F.C. København,,,,,,,,,,,,,,,,,,,,,,,,,,,,,FC Midtjylland,,,,,,,,,,,,,,,,,,,,,,,,,,,,,670927,2023-09-30 13:00:00,2023
Vejle Boldklub,,,,,,,,,,,,,,,,,,,,,,,,,,,,,FC Nordsjælland,,,,,,,,,,,,,,,,,,,,,,,,,,,,,670931,2023-10-01 12:00:00,2023
Randers FC,,,,,,,,,,,,,,,,,,,,,,,,,,,,,Silkeborg IF,,,,,,,,,,,,,,,,,,,,,,,,,,,,,670930,2023-10-01 12:00:00,2023
Hvidovre IF,,,,,,,,,,,,,,,,,,,,,,,,,,,,,Brøndby IF,,,,,,,,,,,,,,,,,,,,,,,,,,,,,670932,2023-10-01 14:00:00,2023
Viborg FF,,,,,,,,,,,,,,,,,,,,,,,,,,,,,AGF,,,,,,,,,,,,,,,,,,,,,,,,,,,,,670928,2023-10-01 16:00:00,2023
Odense Boldklub,,,,,,,,,,,,,,,,,,,,,,,,,,,,,Lyngby Boldklub,,,,,,,,,,,,,,,,,,,,,,,,,,,,,670929,2023-10-02 17:00:00,2023
Silkeborg IF,,,,,,,,,,,,,,,,,,,,,,,,,,,,,Lyngby Boldklub,,,,,,,,,,,,,,,,,,,,,,,,,,,,,670933,2023-10-06 17:00:00,2023
Vejle Boldklub,,,,,,,,,,,,,,,,,,,,,,,,,,,,,Hvidovre IF,,,,,,,,,,,,,,,,,,,,,,,,,,,,,670937,2023-10-08 12:00:00,2023
FC Nordsjælland,,,,,,,,,,,,,,,,,,,,,,,,,,,,,Odense Boldklub,,,,,,,,,,,,,,,,,,,,,,,,,,,,,670934,2023-10-08 12:00:00,2023
Brøndby IF,,,,,,,,,,,,,,,,,,,,,,,,,,,,,Viborg FF,,,,,,,,,,,,,,,,,,,,,,,,,,,,,670936,2023-10-08 14:00:00,2023
FC Midtjylland,,,,,,,,,,,,,,,,,,,,,,,,,,,,,Randers FC,,,,,,,,,,,,,,,,,,,,,,,,,,,,,670935,2023-10-08 16:00:00,2023
AGF,,,,,,,,,,,,,,,,,,,,,,,,,,,,,F.C. København,,,,,,,,,,,,,,,,,,,,,,,,,,,,,670938,2023-10-08 18:00:00,2023
Hvidovre IF,,,,,,,,,,,,,,,,,,,,,,,,,,,,,Silkeborg IF,,,,,,,,,,,,,,,,,,,,,,,,,,,,,670944,2023-10-20 17:00:00,2023
F.C. København,,,,,,,,,,,,,,,,,,,,,,,,,,,,,Vejle Boldklub,,,,,,,,,,,,,,,,,,,,,,,,,,,,,670942,2023-10-21 15:00:00,2023
Lyngby Boldklub,,,,,,,,,,,,,,,,,,,,,,,,,,,,,AGF,,,,,,,,,,,,,,,,,,,,,,,,,,,,,670943,2023-10-22 12:00:00,2023
Viborg FF,,,,,,,,,,,,,,,,,,,,,,,,,,,,,FC Nordsjælland,,,,,,,,,,,,,,,,,,,,,,,,,,,,,670939,2023-10-22 14:00:00,2023
Randers FC,,,,,,,,,,,,,,,,,,,,,,,,,,,,,Brøndby IF,,,,,,,,,,,,,,,,,,,,,,,,,,,,,670940,2023-10-22 16:00:00,2023
Odense Boldklub,,,,,,,,,,,,,,,,,,,,,,,,,,,,,FC Midtjylland,,,,,,,,,,,,,,,,,,,,,,,,,,,,,670941,2023-10-23 17:00:00,2023
FC Midtjylland,,,,,,,,,,,,,,,,,,,,,,,,,,,,,Lyngby Boldklub,,,,,,,,,,,,,,,,,,,,,,,,,,,,,670949,2023-10-27 17:00:00,2023
F.C. København,,,,,,,,,,,,,,,,,,,,,,,,,,,,,Hvidovre IF,,,,,,,,,,,,,,,,,,,,,,,,,,,,,670948,2023-10-28 15:00:00,2023
Vejle Boldklub,,,,,,,,,,,,,,,,,,,,,,,,,,,,,Viborg FF,,,,,,,,,,,,,,,,,,,,,,,,,,,,,670946,2023-10-29 13:00:00,2023
Silkeborg IF,,,,,,,,,,,,,,,,,,,,,,,,,,,,,Odense Boldklub,,,,,,,,,,,,,,,,,,,,,,,,,,,,,670945,2023-10-29 15:00:00,2023
Brøndby IF,,,,,,,,,,,,,,,,,,,,,,,,,,,,,FC Nordsjælland,,,,,,,,,,,,,,,,,,,,,,,,,,,,,670950,2023-10-29 17:00:00,2023
AGF,,,,,,,,,,,,,,,,,,,,,,,,,,,,,Randers FC,,,,,,,,,,,,,,,,,,,,,,,,,,,,,670947,2023-10-30 18:00:00,2023
Lyngby Boldklub,,,,,,,,,,,,,,,,,,,,,,,,,,,,,Odense Boldklub,,,,,,,,,,,,,,,,,,,,,,,,,,,,,670952,2023-11-04 15:30:00,2023
Viborg FF,,,,,,,,,,,,,,,,,,,,,,,,,,,,,Silkeborg IF,,,,,,,,,,,,,,,,,,,,,,,,,,,,,670955,2023-11-05 13:00:00,2023
FC Nordsjælland,,,,,,,,,,,,,,,,,,,,,,,,,,,,,Vejle Boldklub,,,,,,,,,,,,,,,,,,,,,,,,,,,,,670953,2023-11-05 13:00:00,2023
Randers FC,,,,,,,,,,,,,,,,,,,,,,,,,,,,,F.C. København,,,,,,,,,,,,,,,,,,,,,,,,,,,,,670951,2023-11-05 15:00:00,2023
Hvidovre IF,,,,,,,,,,,,,,,,,,,,,,,,,,,,,FC Midtjylland,,,,,,,,,,,,,,,,,,,,,,,,,,,,,670956,2023-11-05 17:00:00,2023
Brøndby IF,,,,,,,,,,,,,,,,,,,,,,,,,,,,,AGF,,,,,,,,,,,,,,,,,,,,,,,,,,,,,670954,2023-11-06 18:00:00,2023
Silkeborg IF,,,,,,,,,,,,,,,,,,,,,,,,,,,,,Randers FC,,,,,,,,,,,,,,,,,,,,,,,,,,,,,670959,2023-11-10 18:00:00,2023
F.C. København,,,,,,,,,,,,,,,,,,,,,,,,,,,,,Brøndby IF,,,,,,,,,,,,,,,,,,,,,,,,,,,,,670960,2023-11-12 11:00:00,2023
Vejle Boldklub,,,,,,,,,,,,,,,,,,,,,,,,,,,,,Lyngby Boldklub,,,,,,,,,,,,,,,,,,,,,,,,,,,,,670958,2023-11-12 13:00:00,2023
FC Midtjylland,,,,,,,,,,,,,,,,,,,,,,,,,,,,,FC Nordsjælland,,,,,,,,,,,,,,,,,,,,,,,,,,,,,670961,2023-11-12 15:00:00,2023
Odense Boldklub,,,,,,,,,,,,,,,,,,,,,,,,,,,,,Hvidovre IF,,,,,,,,,,,,,,,,,,,,,,,,,,,,,670962,2023-11-12 17:00:00,2023
AGF,,,,,,,,,,,,,,,,,,,,,,,,,,,,,Viborg FF,,,,,,,,,,,,,,,,,,,,,,,,,,,,,670957,2023-11-12 19:00:00,2023
Hvidovre IF,,,,,,,,,,,,,,,,,,,,,,,,,,,,,Vejle Boldklub,,,,,,,,,,,,,,,,,,,,,,,,,,,,,670968,2023-11-24 18:00:00,2023
Viborg FF,,,,,,,,,,,,,,,,,,,,,,,,,,,,,F.C. København,,,,,,,,,,,,,,,,,,,,,,,,,,,,,670963,2023-11-25 18:00:00,2023
FC Nordsjælland,,,,,,,,,,,,,,,,,,,,,,,,,,,,,AGF,,,,,,,,,,,,,,,,,,,,,,,,,,,,,670967,2023-11-26 13:00:00,2023
Randers FC,,,,,,,,,,,,,,,,,,,,,,,,,,,,,Odense Boldklub,,,,,,,,,,,,,,,,,,,,,,,,,,,,,670965,2023-11-26 15:00:00,2023
Lyngby Boldklub,,,,,,,,,,,,,,,,,,,,,,,,,,,,,Brøndby IF,,,,,,,,,,,,,,,,,,,,,,,,,,,,,670966,2023-11-26 17:00:00,2023
Silkeborg IF,,,,,,,,,,,,,,,,,,,,,,,,,,,,,FC Midtjylland,,,,,,,,,,,,,,,,,,,,,,,,,,,,,670964,2023-11-27 18:00:00,2023
Randers FC,,,,,,,,,,,,,,,,,,,,,,,,,,,,,Vejle Boldklub,,,,,,,,,,,,,,,,,,,,,,,,,,,,,670973,2023-12-01 18:00:00,2023
Odense Boldklub,,,,,,,,,,,,,,,,,,,,,,,,,,,,,FC Nordsjælland,,,,,,,,,,,,,,,,,,,,,,,,,,,,,670971,2023-12-03 13:00:00,2023
Lyngby Boldklub,,,,,,,,,,,,,,,,,,,,,,,,,,,,,Silkeborg IF,,,,,,,,,,,,,,,,,,,,,,,,,,,,,670974,2023-12-03 13:00:00,2023
Brøndby IF,,,,,,,,,,,,,,,,,,,,,,,,,,,,,Hvidovre IF,,,,,,,,,,,,,,,,,,,,,,,,,,,,,670970,2023-12-03 15:00:00,2023
F.C. København,,,,,,,,,,,,,,,,,,,,,,,,,,,,,AGF,,,,,,,,,,,,,,,,,,,,,,,,,,,,,670969,2023-12-03 17:00:00,2023
FC Midtjylland,,,,,,,,,,,,,,,,,,,,,,,,,,,,,Viborg FF,,,,,,,,,,,,,,,,,,,,,,,,,,,,,670972,2023-12-04 18:00:00,2023
Viborg FF,,,,,,,,,,,,,,,,,,,,,,,,,,,,,Odense Boldklub,,,,,,,,,,,,,,,,,,,,,,,,,,,,,670976,2024-02-16 18:00:00,2024
Hvidovre IF,,,,,,,,,,,,,,,,,,,,,,,,,,,,,Randers FC,,,,,,,,,,,,,,,,,,,,,,,,,,,,,670975,2024-02-18 13:00:00,2024
FC Nordsjælland,,,,,,,,,,,,,,,,,,,,,,,,,,,,,Lyngby Boldklub,,,,,,,,,,,,,,,,,,,,,,,,,,,,,670979,2024-02-18 13:00:00,2024
Silkeborg IF,,,,,,,,,,,,,,,,,,,,,,,,,,,,,F.C. København,,,,,,,,,,,,,,,,,,,,,,,,,,,,,670980,2024-02-18 15:00:00,2024
Brøndby IF,,,,,,,,,,,,,,,,,,,,,,,,,,,,,FC Midtjylland,,,,,,,,,,,,,,,,,,,,,,,,,,,,,670978,2024-02-18 17:00:00,2024
Vejle Boldklub,,,,,,,,,,,,,,,,,,,,,,,,,,,,,AGF,,,,,,,,,,,,,,,,,,,,,,,,,,,,,670977,2024-02-19 18:00:00,2024
Randers FC,,,,,,,,,,,,,,,,,,,,,,,,,,,,,Lyngby Boldklub,,,,,,,,,,,,,,,,,,,,,,,,,,,,,670985,2024-02-23 18:00:00,2024
Hvidovre IF,,,,,,,,,,,,,,,,,,,,,,,,,,,,,Viborg FF,,,,,,,,,,,,,,,,,,,,,,,,,,,,,670986,2024-02-25 13:00:00,2024
Vejle Boldklub,,,,,,,,,,,,,,,,,,,,,,,,,,,,,Silkeborg IF,,,,,,,,,,,,,,,,,,,,,,,,,,,,,670981,2024-02-25 13:00:00,2024
Odense Boldklub,,,,,,,,,,,,,,,,,,,,,,,,,,,,,Brøndby IF,,,,,,,,,,,,,,,,,,,,,,,,,,,,,670982,2024-02-25 15:00:00,2024
AGF,,,,,,,,,,,,,,,,,,,,,,,,,,,,,FC Midtjylland,,,,,,,,,,,,,,,,,,,,,,,,,,,,,670984,2024-02-25 17:00:00,2024
F.C. København,,,,,,,,,,,,,,,,,,,,,,,,,,,,,FC Nordsjælland,,,,,,,,,,,,,,,,,,,,,,,,,,,,,670983,2024-02-26 18:00:00,2024
FC Midtjylland,,,,,,,,,,,,,,,,,,,,,,,,,,,,,F.C. København,,,,,,,,,,,,,,,,,,,,,,,,,,,,,670987,2024-03-01 18:00:00,2024
Lyngby Boldklub,,,,,,,,,,,,,,,,,,,,,,,,,,,,,Hvidovre IF,,,,,,,,,,,,,,,,,,,,,,,,,,,,,670990,2024-03-03 13:00:00,2024
Viborg FF,,,,,,,,,,,,,,,,,,,,,,,,,,,,,Randers FC,,,,,,,,,,,,,,,,,,,,,,,,,,,,,670991,2024-03-03 13:00:00,2024
Brøndby IF,,,,,,,,,,,,,,,,,,,,,,,,,,,,,Vejle Boldklub,,,,,,,,,,,,,,,,,,,,,,,,,,,,,670989,2024-03-03 15:00:00,2024
AGF,,,,,,,,,,,,,,,,,,,,,,,,,,,,,Odense Boldklub,,,,,,,,,,,,,,,,,,,,,,,,,,,,,670988,2024-03-03 17:00:00,2024
FC Nordsjælland,,,,,,,,,,,,,,,,,,,,,,,,,,,,,Silkeborg IF,,,,,,,,,,,,,,,,,,,,,,,,,,,,,670992,2024-03-04 18:00:00,2024
Hvidovre IF,,,,,,,,,,,,,,,,,,,,,,,,,,,,,FC Nordsjælland,,,,,,,,,,,,,,,,,,,,,,,,,,,,,670998,2024-03-08 18:00:00,2024
Silkeborg IF,,,,,,,,,,,,,,,,,,,,,,,,,,,,,AGF,,,,,,,,,,,,,,,,,,,,,,,,,,,,,670995,2024-03-10 13:00:00,2024
Vejle Boldklub,,,,,,,,,,,,,,,,,,,,,,,,,,,,,Odense Boldklub,,,,,,,,,,,,,,,,,,,,,,,,,,,,,670994,2024-03-10 13:00:00,2024
F.C. København,,,,,,,,,,,,,,,,,,,,,,,,,,,,,Lyngby Boldklub,,,,,,,,,,,,,,,,,,,,,,,,,,,,,670996,2024-03-10 15:00:00,2024
Viborg FF,,,,,,,,,,,,,,,,,,,,,,,,,,,,,Brøndby IF,,,,,,,,,,,,,,,,,,,,,,,,,,,,,670993,2024-03-10 17:00:00,2024
Randers FC,,,,,,,,,,,,,,,,,,,,,,,,,,,,,FC Midtjylland,,,,,,,,,,,,,,,,,,,,,,,,,,,,,670997,2024-03-11 18:00:00,2024
AGF,,,,,,,,,,,,,,,,,,,,,,,,,,,,,Hvidovre IF,,,,,,,,,,,,,,,,,,,,,,,,,,,,,671000,2024-03-17 16:00:00,2024
Brøndby IF,,,,,,,,,,,,,,,,,,,,,,,,,,,,,Silkeborg IF,,,,,,,,,,,,,,,,,,,,,,,,,,,,,671001,2024-03-17 16:00:00,2024
Odense Boldklub,,,,,,,,,,,,,,,,,,,,,,,,,,,,,F.C. København,,,,,,,,,,,,,,,,,,,,,,,,,,,,,671004,2024-03-17 16:00:00,2024
Lyngby Boldklub,,,,,,,,,,,,,,,,,,,,,,,,,,,,,Viborg FF,,,,,,,,,,,,,,,,,,,,,,,,,,,,,671002,2024-03-17 16:00:00,2024
FC Nordsjælland,,,,,,,,,,,,,,,,,,,,,,,,,,,,,Randers FC,,,,,,,,,,,,,,,,,,,,,,,,,,,,,670999,2024-03-17 16:00:00,2024
FC Midtjylland,,,,,,,,,,,,,,,,,,,,,,,,,,,,,Vejle Boldklub,,,,,,,,,,,,,,,,,,,,,,,,,,,,,671003,2024-03-17 16:00:00,2024
Randers FC,,,,,,,,,,,,,,,,,,,,,,,,,,,,,Lyngby Boldklub,,,,,,,,,,,,,,,,,,,,,,,,,,,,,700930,2024-03-31 12:00:00,2024
Viborg FF,,,,,,,,,,,,,,,,,,,,,,,,,,,,,Hvidovre IF,,,,,,,,,,,,,,,,,,,,,,,,,,,,,700931,2024-03-31 14:00:00,2024
F.C. København,,,,,,,,,,,,,,,,,,,,,,,,,,,,,Brøndby IF,,,,,,,,,,,,,,,,,,,,,,,,,,,,,700932,2024-04-01 12:00:00,2024
FC Midtjylland,,,,,,,,,,,,,,,,,,,,,,,,,,,,,FC Nordsjælland,,,,,,,,,,,,,,,,,,,,,,,,,,,,,700933,2024-04-01 14:00:00,2024
Silkeborg IF,,,,,,,,,,,,,,,,,,,,,,,,,,,,,AGF,,,,,,,,,,,,,,,,,,,,,,,,,,,,,700934,2024-04-01 16:00:00,2024
Odense Boldklub,,,,,,,,,,,,,,,,,,,,,,,,,,,,,Vejle Boldklub,,,,,,,,,,,,,,,,,,,,,,,,,,,,,700935,2024-04-02 17:00:00,2024
Lyngby Boldklub,,,,,,,,,,,,,,,,,,,,,,,,,,,,,Odense Boldklub,,,,,,,,,,,,,,,,,,,,,,,,,,,,,700936,2024-04-05 17:00:00,2024
Vejle Boldklub,,,,,,,,,,,,,,,,,,,,,,,,,,,,,Viborg FF,,,,,,,,,,,,,,,,,,,,,,,,,,,,,700938,2024-04-07 12:00:00,2024
Hvidovre IF,,,,,,,,,,,,,,,,,,,,,,,,,,,,,Randers FC,,,,,,,,,,,,,,,,,,,,,,,,,,,,,700937,2024-04-07 12:00:00,2024
FC Nordsjælland,,,,,,,,,,,,,,,,,,,,,,,,,,,,,F.C. København,,,,,,,,,,,,,,,,,,,,,,,,,,,,,700939,2024-04-07 14:00:00,2024
AGF,,,,,,,,,,,,,,,,,,,,,,,,,,,,,FC Midtjylland,,,,,,,,,,,,,,,,,,,,,,,,,,,,,700940,2024-04-07 16:00:00,2024
Brøndby IF,,,,,,,,,,,,,,,,,,,,,,,,,,,,,Silkeborg IF,,,,,,,,,,,,,,,,,,,,,,,,,,,,,700941,2024-04-08 17:00:00,2024
Odense Boldklub,,,,,,,,,,,,,,,,,,,,,,,,,,,,,Viborg FF,,,,,,,,,,,,,,,,,,,,,,,,,,,,,700942,2024-04-12 17:00:00,2024
Vejle Boldklub,,,,,,,,,,,,,,,,,,,,,,,,,,,,,Randers FC,,,,,,,,,,,,,,,,,,,,,,,,,,,,,700944,2024-04-14 12:00:00,2024
Lyngby Boldklub,,,,,,,,,,,,,,,,,,,,,,,,,,,,,Hvidovre IF,,,,,,,,,,,,,,,,,,,,,,,,,,,,,700943,2024-04-14 12:00:00,2024
AGF,,,,,,,,,,,,,,,,,,,,,,,,,,,,,Brøndby IF,,,,,,,,,,,,,,,,,,,,,,,,,,,,,700945,2024-04-14 14:00:00,2024
FC Midtjylland,,,,,,,,,,,,,,,,,,,,,,,,,,,,,F.C. København,,,,,,,,,,,,,,,,,,,,,,,,,,,,,700946,2024-04-14 16:00:00,2024
Silkeborg IF,,,,,,,,,,,,,,,,,,,,,,,,,,,,,FC Nordsjælland,,,,,,,,,,,,,,,,,,,,,,,,,,,,,700947,2024-04-15 17:00:00,2024
Randers FC,,,,,,,,,,,,,,,,,,,,,,,,,,,,,Odense Boldklub,,,,,,,,,,,,,,,,,,,,,,,,,,,,,700948,2024-04-19 17:00:00,2024
Viborg FF,,,,,,,,,,,,,,,,,,,,,,,,,,,,,Lyngby Boldklub,,,,,,,,,,,,,,,,,,,,,,,,,,,,,700949,2024-04-21 12:00:00,2024
Hvidovre IF,,,,,,,,,,,,,,,,,,,,,,,,,,,,,Vejle Boldklub,,,,,,,,,,,,,,,,,,,,,,,,,,,,,700950,2024-04-21 12:00:00,2024
F.C. København,,,,,,,,,,,,,,,,,,,,,,,,,,,,,Silkeborg IF,,,,,,,,,,,,,,,,,,,,,,,,,,,,,700951,2024-04-21 14:00:00,2024
Brøndby IF,,,,,,,,,,,,,,,,,,,,,,,,,,,,,FC Midtjylland,,,,,,,,,,,,,,,,,,,,,,,,,,,,,700952,2024-04-21 16:00:00,2024
FC Nordsjælland,,,,,,,,,,,,,,,,,,,,,,,,,,,,,AGF,,,,,,,,,,,,,,,,,,,,,,,,,,,,,700953,2024-04-22 17:00:00,2024
Lyngby Boldklub,,,,,,,,,,,,,,,,,,,,,,,,,,,,,Vejle Boldklub,,,,,,,,,,,,,,,,,,,,,,,,,,,,,700954,2024-04-26 17:00:00,2024
Odense Boldklub,,,,,,,,,,,,,,,,,,,,,,,,,,,,,Hvidovre IF,,,,,,,,,,,,,,,,,,,,,,,,,,,,,700956,2024-04-28 12:00:00,2024
Viborg FF,,,,,,,,,,,,,,,,,,,,,,,,,,,,,Randers FC,,,,,,,,,,,,,,,,,,,,,,,,,,,,,700955,2024-04-28 12:00:00,2024
FC Nordsjælland,,,,,,,,,,,,,,,,,,,,,,,,,,,,,Brøndby IF,,,,,,,,,,,,,,,,,,,,,,,,,,,,,700957,2024-04-28 14:00:00,2024
F.C. København,,,,,,,,,,,,,,,,,,,,,,,,,,,,,AGF,,,,,,,,,,,,,,,,,,,,,,,,,,,,,700958,2024-04-28 16:00:00,2024
Silkeborg IF,,,,,,,,,,,,,,,,,,,,,,,,,,,,,FC Midtjylland,,,,,,,,,,,,,,,,,,,,,,,,,,,,,700959,2024-04-29 17:00:00,2024
AGF,,,,,,,,,,,,,,,,,,,,,,,,,,,,,FC Nordsjælland,,,,,,,,,,,,,,,,,,,,,,,,,,,,,700960,2024-05-03 17:00:00,2024
Hvidovre IF,,,,,,,,,,,,,,,,,,,,,,,,,,,,,Viborg FF,,,,,,,,,,,,,,,,,,,,,,,,,,,,,700961,2024-05-05 12:00:00,2024
Lyngby Boldklub,,,,,,,,,,,,,,,,,,,,,,,,,,,,,Randers FC,,,,,,,,,,,,,,,,,,,,,,,,,,,,,700962,2024-05-05 12:00:00,2024
Silkeborg IF,,,,,,,,,,,,,,,,,,,,,,,,,,,,,F.C. København,,,,,,,,,,,,,,,,,,,,,,,,,,,,,700963,2024-05-05 14:00:00,2024
FC Midtjylland,,,,,,,,,,,,,,,,,,,,,,,,,,,,,Brøndby IF,,,,,,,,,,,,,,,,,,,,,,,,,,,,,700964,2024-05-05 16:00:00,2024
Vejle Boldklub,,,,,,,,,,,,,,,,,,,,,,,,,,,,,Odense Boldklub,,,,,,,,,,,,,,,,,,,,,,,,,,,,,700965,2024-05-06 17:00:00,2024
Odense Boldklub,,,,,,,,,,,,,,,,,,,,,,,,,,,,,Lyngby Boldklub,,,,,,,,,,,,,,,,,,,,,,,,,,,,,700966,2024-05-10 17:00:00,2024
Viborg FF,,,,,,,,,,,,,,,,,,,,,,,,,,,,,Vejle Boldklub,,,,,,,,,,,,,,,,,,,,,,,,,,,,,700968,2024-05-12 12:00:00,2024
Randers FC,,,,,,,,,,,,,,,,,,,,,,,,,,,,,Hvidovre IF,,,,,,,,,,,,,,,,,,,,,,,,,,,,,700967,2024-05-12 12:00:00,2024
Brøndby IF,,,,,,,,,,,,,,,,,,,,,,,,,,,,,F.C. København,,,,,,,,,,,,,,,,,,,,,,,,,,,,,700969,2024-05-12 14:00:00,2024
FC Midtjylland,,,,,,,,,,,,,,,,,,,,,,,,,,,,,AGF,,,,,,,,,,,,,,,,,,,,,,,,,,,,,700970,2024-05-12 16:00:00,2024
FC Nordsjælland,,,,,,,,,,,,,,,,,,,,,,,,,,,,,Silkeborg IF,,,,,,,,,,,,,,,,,,,,,,,,,,,,,700971,2024-05-12 18:00:00,2024
Randers FC,,,,,,,,,,,,,,,,,,,,,,,,,,,,,Viborg FF,,,,,,,,,,,,,,,,,,,,,,,,,,,,,700972,2024-05-15 16:00:00,2024
Vejle Boldklub,,,,,,,,,,,,,,,,,,,,,,,,,,,,,Lyngby Boldklub,,,,,,,,,,,,,,,,,,,,,,,,,,,,,700973,2024-05-15 16:00:00,2024
Brøndby IF,,,,,,,,,,,,,,,,,,,,,,,,,,,,,FC Nordsjælland,,,,,,,,,,,,,,,,,,,,,,,,,,,,,700974,2024-05-15 18:00:00,2024
AGF,,,,,,,,,,,,,,,,,,,,,,,,,,,,,Silkeborg IF,,,,,,,,,,,,,,,,,,,,,,,,,,,,,700975,2024-05-16 16:00:00,2024
Hvidovre IF,,,,,,,,,,,,,,,,,,,,,,,,,,,,,Odense Boldklub,,,,,,,,,,,,,,,,,,,,,,,,,,,,,700976,2024-05-16 16:00:00,2024
F.C. København,,,,,,,,,,,,,,,,,,,,,,,,,,,,,FC Midtjylland,,,,,,,,,,,,,,,,,,,,,,,,,,,,,700977,2024-05-16 18:00:00,2024
Odense Boldklub,,,,,,,,,,,,,,,,,,,,,,,,,,,,,Randers FC,,,,,,,,,,,,,,,,,,,,,,,,,,,,,700978,2024-05-19 12:00:00,2024
Lyngby Boldklub,,,,,,,,,,,,,,,,,,,,,,,,,,,,,Viborg FF,,,,,,,,,,,,,,,,,,,,,,,,,,,,,700979,2024-05-20 12:00:00,2024
Vejle Boldklub,,,,,,,,,,,,,,,,,,,,,,,,,,,,,Hvidovre IF,,,,,,,,,,,,,,,,,,,,,,,,,,,,,700980,2024-05-20 12:00:00,2024
Silkeborg IF,,,,,,,,,,,,,,,,,,,,,,,,,,,,,Brøndby IF,,,,,,,,,,,,,,,,,,,,,,,,,,,,,700981,2024-05-20 14:00:00,2024
FC Nordsjælland,,,,,,,,,,,,,,,,,,,,,,,,,,,,,FC Midtjylland,,,,,,,,,,,,,,,,,,,,,,,,,,,,,700982,2024-05-20 16:00:00,2024
AGF,,,,,,,,,,,,,,,,,,,,,,,,,,,,,F.C. København,,,,,,,,,,,,,,,,,,,,,,,,,,,,,700983,2024-05-21 17:00:00,2024
Hvidovre IF,,,,,,,,,,,,,,,,,,,,,,,,,,,,,Lyngby Boldklub,,,,,,,,,,,,,,,,,,,,,,,,,,,,,700986,2024-05-25 13:00:00,2024
Viborg FF,,,,,,,,,,,,,,,,,,,,,,,,,,,,,Odense Boldklub,,,,,,,,,,,,,,,,,,,,,,,,,,,,,700984,2024-05-25 13:00:00,2024
Randers FC,,,,,,,,,,,,,,,,,,,,,,,,,,,,,Vejle Boldklub,,,,,,,,,,,,,,,,,,,,,,,,,,,,,700985,2024-05-25 13:00:00,2024
Brøndby IF,,,,,,,,,,,,,,,,,,,,,,,,,,,,,AGF,,,,,,,,,,,,,,,,,,,,,,,,,,,,,700989,2024-05-26 15:00:00,2024
F.C. København,,,,,,,,,,,,,,,,,,,,,,,,,,,,,FC Nordsjælland,,,,,,,,,,,,,,,,,,,,,,,,,,,,,700987,2024-05-26 15:00:00,2024
FC Midtjylland,,,,,,,,,,,,,,,,,,,,,,,,,,,,,Silkeborg IF,,,,,,,,,,,,,,,,,,,,,,,,,,,,,700988,2024-05-26 15:00:00,2024
F.C. København,,,,,,,,,,,,,,,,,,,,,,,,,,,,,Randers FC,,,,,,,,,,,,,,,,,,,,,,,,,,,,,702822,2024-05-31 17:00:00,2024
AGF,20.0,3.0,0.0,0.0,6.0,2.0,49.1,17.0,7.0,0.4,0.0,1.0,0.0,0.0,0.0,0.0,0.0,0.0,0.0,0.0,0.0,4.0,0.0,0.0,0.0,0.0,0.0,0.0,FC Midtjylland,11.0,0.0,0.0,0.0,4.0,5.0,50.9,13.0,3.0,0.2,0.0,0.0,0.0,0.0,0.0,0.0,0.0,0.0,0.0,0.0,0.0,5.0,0.0,0.0,0.0,0.0,0.0,0.0,703370,2024-07-19 16:00:00,2024
FC Nordsjælland,9.0,1.0,0.0,0.0,2.0,3.0,49.8,19.0,8.0,0.4,0.0,0.0,0.0,0.0,0.0,0.0,0.0,0.0,0.0,0.0,0.0,4.0,0.0,0.0,0.0,0.0,0.0,0.0,AaB,8.0,2.0,0.0,0.0,6.0,5.0,50.2,15.0,3.0,0.2,0.0,0.0,0.0,0.0,0.0,0.0,0.0,0.0,0.0,0.0,0.0,4.0,0.0,0.0,0.0,0.0,0.0,0.0,703371,2024-07-19 18:00:00,2024
Silkeborg IF,9.0,0.0,0.0,0.0,7.0,3.0,55.2,18.0,4.0,0.2,0.0,0.0,0.0,0.0,0.0,0.0,0.0,0.0,0.0,0.0,0.0,7.0,0.0,0.0,0.0,0.0,0.0,0.0,Sønderjyske Fodbold,15.0,1.0,0.0,0.0,4.0,3.0,44.8,8.0,3.0,0.4,0.0,0.0,0.0,0.0,0.0,0.0,0.0,0.0,0.0,0.0,0.0,0.0,0.0,0.0,0.0,0.0,0.0,0.0,703372,2024-07-21 12:00:00,2024
Vejle Boldklub,16.0,2.0,0.0,0.0,6.0,0.0,54.1,8.0,4.0,0.5,0.0,0.0,0.0,0.0,0.0,0.0,0.0,0.0,0.0,0.0,0.0,0.0,0.0,0.0,0.0,0.0,0.0,0.0,Randers FC,6.0,1.0,0.0,0.0,10.0,2.0,45.9,15.0,3.0,0.2,1.0,1.0,0.0,0.0,0.0,0.0,0.0,0.0,0.0,0.0,0.0,5.0,0.0,0.0,0.0,0.0,0.0,0.0,703374,2024-07-21 14:00:00,2024
Viborg FF,8.0,1.0,0.0,0.0,4.0,8.0,35.3,8.0,4.0,0.5,0.0,0.0,0.0,0.0,0.0,0.0,0.0,0.0,0.0,0.0,0.0,3.0,0.0,0.0,0.0,0.0,0.0,0.0,Brøndby IF,4.0,0.0,0.0,0.0,7.0,2.0,64.7,26.0,10.0,0.4,0.0,0.0,0.0,0.0,0.0,0.0,0.0,0.0,0.0,0.0,0.0,5.0,0.0,0.0,0.0,0.0,0.0,0.0,703373,2024-07-21 16:00:00,2024
Lyngby Boldklub,15.0,2.0,0.0,0.0,3.0,2.0,46.2,11.0,2.0,0.2,0.0,0.0,0.0,0.0,0.0,0.0,0.0,0.0,0.0,0.0,0.0,4.0,0.0,0.0,0.0,0.0,0.0,0.0,F.C. København,12.0,2.0,0.0,0.0,4.0,2.0,53.8,10.0,4.0,0.4,0.0,0.0,0.0,0.0,0.0,0.0,0.0,0.0,0.0,0.0,0.0,0.0,0.0,0.0,0.0,0.0,0.0,0.0,703375,2024-07-22 17:00:00,2024
Sønderjyske Fodbold,13.0,3.0,0.0,0.0,6.0,0.0,57.7,20.0,4.0,0.2,0.0,0.0,0.0,0.0,0.0,0.0,0.0,0.0,0.0,0.0,0.0,5.0,0.0,0.0,0.0,0.0,0.0,0.0,Lyngby Boldklub,9.0,1.0,0.0,0.0,4.0,3.0,42.3,8.0,1.0,0.1,0.0,0.0,0.0,0.0,0.0,0.0,0.0,0.0,0.0,0.0,0.0,3.0,0.0,0.0,0.0,0.0,0.0,0.0,703376,2024-07-26 17:00:00,2024
FC Nordsjælland,5.0,0.0,0.0,0.0,3.0,0.0,65.7,3.0,2.0,0.7,0.0,0.0,0.0,0.0,0.0,0.0,0.0,0.0,0.0,0.0,0.0,0.0,0.0,0.0,0.0,0.0,0.0,0.0,FC Midtjylland,10.0,0.0,0.0,0.0,3.0,0.0,34.3,10.0,2.0,0.2,0.0,0.0,0.0,0.0,0.0,0.0,0.0,0.0,0.0,0.0,0.0,3.0,0.0,0.0,0.0,0.0,0.0,0.0,703377,2024-07-27 14:00:00,2024
Randers FC,14.0,1.0,0.0,0.0,5.0,1.0,36.2,7.0,4.0,0.6,0.0,0.0,0.0,0.0,0.0,0.0,0.0,0.0,0.0,0.0,0.0,1.0,0.0,0.0,0.0,0.0,0.0,0.0,Viborg FF,11.0,2.0,0.0,0.0,8.0,1.0,63.8,13.0,2.0,0.2,0.0,0.0,0.0,0.0,0.0,0.0,0.0,0.0,0.0,0.0,0.0,7.0,0.0,0.0,0.0,0.0,0.0,0.0,703378,2024-07-28 12:00:00,2024
AaB,14.0,1.0,0.0,0.0,5.0,4.0,48.7,11.0,4.0,0.4,0.0,0.0,0.0,0.0,0.0,0.0,0.0,0.0,0.0,0.0,0.0,3.0,0.0,0.0,0.0,0.0,0.0,0.0,Silkeborg IF,7.0,1.0,1.0,0.0,11.0,2.0,51.3,18.0,6.0,0.3,0.0,0.0,0.0,0.0,0.0,0.0,0.0,0.0,0.0,0.0,0.0,4.0,0.0,0.0,0.0,0.0,0.0,0.0,703379,2024-07-28 14:00:00,2024
F.C. København,10.0,0.0,0.0,0.0,2.0,1.0,49.2,14.0,7.0,0.5,1.0,1.0,0.0,0.0,0.0,0.0,0.0,0.0,0.0,0.0,0.0,3.0,0.0,0.0,0.0,0.0,0.0,0.0,AGF,4.0,1.0,0.0,0.0,4.0,4.0,50.8,9.0,3.0,0.3,0.0,0.0,0.0,0.0,0.0,0.0,0.0,0.0,0.0,0.0,0.0,3.0,0.0,0.0,0.0,0.0,0.0,0.0,703380,2024-07-28 16:00:00,2024
Brøndby IF,6.0,1.0,0.0,0.0,8.0,2.0,50.7,15.0,4.0,0.3,0.0,1.0,0.0,0.0,0.0,0.0,0.0,0.0,0.0,0.0,0.0,4.0,0.0,0.0,0.0,0.0,0.0,0.0,Vejle Boldklub,13.0,3.0,0.0,0.0,6.0,2.0,49.3,17.0,3.0,0.2,0.0,0.0,0.0,0.0,0.0,0.0,0.0,0.0,0.0,0.0,0.0,6.0,0.0,0.0,0.0,0.0,0.0,0.0,703381,2024-07-29 17:00:00,2024
AGF,9.0,1.0,0.0,0.0,8.0,2.0,61.1,15.0,7.0,0.5,0.0,0.0,0.0,0.0,0.0,0.0,0.0,0.0,0.0,0.0,0.0,3.0,0.0,0.0,0.0,0.0,0.0,0.0,Sønderjyske Fodbold,17.0,2.0,0.0,0.0,4.0,3.0,38.9,6.0,2.0,0.3,0.0,0.0,0.0,0.0,0.0,0.0,0.0,0.0,0.0,0.0,0.0,2.0,0.0,0.0,0.0,0.0,0.0,0.0,703383,2024-08-02 17:00:00,2024
FC Midtjylland,8.0,1.0,0.0,0.0,7.0,3.0,48.9,16.0,7.0,0.4,0.0,0.0,0.0,0.0,0.0,0.0,0.0,0.0,0.0,0.0,0.0,4.0,0.0,0.0,0.0,0.0,0.0,0.0,AaB,9.0,2.0,0.0,0.0,6.0,5.0,51.1,15.0,3.0,0.2,0.0,0.0,0.0,0.0,0.0,0.0,0.0,0.0,0.0,0.0,0.0,3.0,0.0,0.0,0.0,0.0,0.0,0.0,703382,2024-08-03 14:00:00,2024
Silkeborg IF,11.0,2.0,0.0,0.0,4.0,1.0,52.2,10.0,4.0,0.4,0.0,0.0,0.0,0.0,0.0,0.0,0.0,0.0,0.0,0.0,0.0,4.0,0.0,0.0,0.0,0.0,0.0,0.0,Viborg FF,10.0,1.0,0.0,0.0,1.0,1.0,47.8,10.0,3.0,0.3,1.0,1.0,0.0,0.0,0.0,0.0,0.0,0.0,0.0,0.0,0.0,3.0,0.0,0.0,0.0,0.0,0.0,0.0,703384,2024-08-04 12:00:00,2024
F.C. København,13.0,1.0,0.0,0.0,12.0,3.0,72.6,31.0,5.0,0.2,0.0,0.0,0.0,0.0,0.0,0.0,0.0,0.0,0.0,0.0,0.0,13.0,0.0,0.0,0.0,0.0,0.0,0.0,Randers FC,5.0,1.0,1.0,0.0,2.0,4.0,27.4,7.0,4.0,0.6,0.0,0.0,0.0,0.0,0.0,0.0,0.0,0.0,0.0,0.0,0.0,2.0,0.0,0.0,0.0,0.0,0.0,0.0,703385,2024-08-04 14:00:00,2024
Lyngby Boldklub,18.0,1.0,0.0,0.0,6.0,4.0,51.6,14.0,1.0,0.1,0.0,0.0,0.0,0.0,0.0,0.0,0.0,0.0,0.0,0.0,0.0,7.0,0.0,0.0,0.0,0.0,0.0,0.0,Brøndby IF,12.0,1.0,0.0,0.0,3.0,1.0,48.4,11.0,6.0,0.5,0.0,0.0,0.0,0.0,0.0,0.0,0.0,0.0,0.0,0.0,0.0,0.0,0.0,0.0,0.0,0.0,0.0,0.0,703386,2024-08-04 16:00:00,2024
Vejle Boldklub,17.0,1.0,0.0,0.0,4.0,7.0,36.6,12.0,2.0,0.2,0.0,0.0,0.0,0.0,0.0,0.0,0.0,0.0,0.0,0.0,0.0,4.0,0.0,0.0,0.0,0.0,0.0,0.0,FC Nordsjælland,8.0,3.0,0.0,0.0,5.0,2.0,63.4,19.0,8.0,0.4,0.0,0.0,0.0,0.0,0.0,0.0,0.0,0.0,0.0,0.0,0.0,3.0,0.0,0.0,0.0,0.0,0.0,0.0,703387,2024-08-05 17:00:00,2024
FC Midtjylland,12.0,0.0,0.0,0.0,14.0,3.0,47.7,21.0,5.0,0.2,0.0,0.0,0.0,0.0,0.0,0.0,0.0,0.0,0.0,0.0,0.0,6.0,0.0,0.0,0.0,0.0,0.0,0.0,Vejle Boldklub,7.0,0.0,0.0,0.0,4.0,3.0,52.3,12.0,3.0,0.3,0.0,0.0,0.0,0.0,0.0,0.0,0.0,0.0,0.0,0.0,0.0,4.0,0.0,0.0,0.0,0.0,0.0,0.0,703388,2024-08-09 17:00:00,2024
FC Nordsjælland,6.0,1.0,0.0,0.0,12.0,2.0,71.1,24.0,11.0,0.5,0.0,0.0,0.0,0.0,0.0,0.0,0.0,0.0,0.0,0.0,0.0,6.0,0.0,0.0,0.0,0.0,0.0,0.0,Lyngby Boldklub,10.0,1.0,0.0,0.0,3.0,10.0,28.9,8.0,3.0,0.4,0.0,0.0,0.0,0.0,0.0,0.0,0.0,0.0,0.0,0.0,0.0,3.0,0.0,0.0,0.0,0.0,0.0,0.0,703389,2024-08-11 12:00:00,2024
Randers FC,7.0,0.0,0.0,0.0,12.0,1.0,55.6,15.0,4.0,0.3,0.0,0.0,0.0,0.0,0.0,0.0,0.0,0.0,0.0,0.0,0.0,7.0,0.0,0.0,0.0,0.0,0.0,0.0,Silkeborg IF,11.0,2.0,0.0,0.0,0.0,3.0,44.4,7.0,3.0,0.4,0.0,0.0,0.0,0.0,0.0,0.0,0.0,0.0,0.0,0.0,0.0,1.0,0.0,0.0,0.0,0.0,0.0,0.0,703390,2024-08-11 12:00:00,2024
Brøndby IF,11.0,2.0,0.0,0.0,6.0,2.0,51.0,17.0,4.0,0.2,0.0,0.0,0.0,0.0,0.0,0.0,0.0,0.0,0.0,0.0,0.0,3.0,0.0,0.0,0.0,0.0,0.0,0.0,AGF,5.0,0.0,0.0,0.0,6.0,4.0,49.0,11.0,3.0,0.3,0.0,0.0,0.0,0.0,0.0,0.0,0.0,0.0,0.0,0.0,0.0,6.0,0.0,0.0,0.0,0.0,0.0,0.0,703391,2024-08-11 14:00:00,2024
Sønderjyske Fodbold,13.0,0.0,0.0,0.0,5.0,3.0,49.0,8.0,2.0,0.3,0.0,0.0,0.0,0.0,0.0,0.0,0.0,0.0,0.0,0.0,0.0,5.0,0.0,0.0,0.0,0.0,0.0,0.0,F.C. København,5.0,0.0,0.0,0.0,3.0,2.0,51.0,19.0,5.0,0.3,0.0,0.0,0.0,0.0,0.0,0.0,0.0,0.0,0.0,0.0,0.0,6.0,0.0,0.0,0.0,0.0,0.0,0.0,703392,2024-08-11 16:00:00,2024
Viborg FF,10.0,2.0,0.0,0.0,12.0,2.0,51.3,20.0,9.0,0.5,0.0,0.0,0.0,0.0,0.0,0.0,0.0,0.0,0.0,0.0,0.0,7.0,0.0,0.0,0.0,0.0,0.0,0.0,AaB,11.0,3.0,0.0,0.0,4.0,7.0,48.7,13.0,5.0,0.4,0.0,0.0,0.0,0.0,0.0,0.0,0.0,0.0,0.0,0.0,0.0,4.0,0.0,0.0,0.0,0.0,0.0,0.0,703393,2024-08-12 17:00:00,2024
Lyngby Boldklub,8.0,1.0,0.0,0.0,4.0,4.0,40.4,8.0,2.0,0.3,0.0,0.0,0.0,0.0,0.0,0.0,0.0,0.0,0.0,0.0,0.0,1.0,0.0,0.0,0.0,0.0,0.0,0.0,FC Midtjylland,12.0,1.0,0.0,0.0,6.0,1.0,59.6,23.0,6.0,0.3,0.0,0.0,0.0,0.0,0.0,0.0,0.0,0.0,0.0,0.0,0.0,7.0,0.0,0.0,0.0,0.0,0.0,0.0,703394,2024-08-16 17:00:00,2024
Randers FC,16.0,1.0,0.0,0.0,7.0,3.0,57.6,15.0,7.0,0.5,0.0,0.0,0.0,0.0,0.0,0.0,0.0,0.0,0.0,0.0,0.0,3.0,0.0,0.0,0.0,0.0,0.0,0.0,Sønderjyske Fodbold,13.0,3.0,0.0,0.0,3.0,6.0,42.4,13.0,5.0,0.4,0.0,0.0,0.0,0.0,0.0,0.0,0.0,0.0,0.0,0.0,0.0,2.0,0.0,0.0,0.0,0.0,0.0,0.0,703395,2024-08-18 12:00:00,2024
Silkeborg IF,6.0,0.0,0.0,0.0,3.0,2.0,42.6,10.0,6.0,0.6,1.0,1.0,0.0,0.0,0.0,0.0,0.0,0.0,0.0,0.0,0.0,0.0,0.0,0.0,0.0,0.0,0.0,0.0,FC Nordsjælland,13.0,1.0,0.0,0.0,3.0,2.0,57.4,11.0,3.0,0.3,0.0,0.0,0.0,0.0,0.0,0.0,0.0,0.0,0.0,0.0,0.0,1.0,0.0,0.0,0.0,0.0,0.0,0.0,703396,2024-08-18 12:00:00,2024
F.C. København,11.0,2.0,0.0,0.0,11.0,2.0,58.5,19.0,6.0,0.3,0.0,0.0,0.0,0.0,0.0,0.0,0.0,0.0,0.0,0.0,0.0,7.0,0.0,0.0,0.0,0.0,0.0,0.0,Viborg FF,5.0,1.0,0.0,0.0,5.0,5.0,41.5,14.0,3.0,0.2,0.0,0.0,0.0,0.0,0.0,0.0,0.0,0.0,0.0,0.0,0.0,2.0,0.0,0.0,0.0,0.0,0.0,0.0,703397,2024-08-18 14:00:00,2024
AaB,8.0,2.0,0.0,0.0,3.0,6.0,33.1,12.0,3.0,0.3,0.0,0.0,0.0,0.0,0.0,0.0,0.0,0.0,0.0,0.0,0.0,3.0,0.0,0.0,0.0,0.0,0.0,0.0,Brøndby IF,14.0,1.0,0.0,0.0,10.0,3.0,66.9,25.0,9.0,0.4,0.0,0.0,0.0,0.0,0.0,0.0,0.0,0.0,0.0,0.0,0.0,8.0,0.0,0.0,0.0,0.0,0.0,0.0,703398,2024-08-18 16:00:00,2024
AGF,10.0,0.0,0.0,0.0,8.0,5.0,65.8,17.0,10.0,0.6,0.0,0.0,0.0,0.0,0.0,0.0,0.0,0.0,0.0,0.0,0.0,4.0,0.0,0.0,0.0,0.0,0.0,0.0,Vejle Boldklub,10.0,0.0,0.0,0.0,7.0,5.0,34.2,13.0,6.0,0.5,0.0,0.0,0.0,0.0,0.0,0.0,0.0,0.0,0.0,0.0,0.0,5.0,0.0,0.0,0.0,0.0,0.0,0.0,703399,2024-08-19 17:00:00,2024
AaB,12.0,2.0,0.0,0.0,4.0,0.0,47.6,7.0,0.0,0.0,0.0,0.0,0.0,0.0,0.0,0.0,0.0,0.0,0.0,0.0,0.0,4.0,0.0,0.0,0.0,0.0,0.0,0.0,AGF,15.0,1.0,0.0,0.0,6.0,0.0,52.4,11.0,4.0,0.4,1.0,1.0,0.0,0.0,0.0,0.0,0.0,0.0,0.0,0.0,0.0,6.0,0.0,0.0,0.0,0.0,0.0,0.0,703401,2024-08-23 17:00:00,2024
FC Midtjylland,9.0,2.0,0.0,0.0,7.0,3.0,46.2,19.0,9.0,0.5,0.0,0.0,0.0,0.0,0.0,0.0,0.0,0.0,0.0,0.0,0.0,5.0,0.0,0.0,0.0,0.0,0.0,0.0,Sønderjyske Fodbold,14.0,2.0,0.0,0.0,7.0,6.0,53.8,14.0,5.0,0.4,0.0,0.0,0.0,0.0,0.0,0.0,0.0,0.0,0.0,0.0,0.0,3.0,0.0,0.0,0.0,0.0,0.0,0.0,703400,2024-08-24 14:00:00,2024
Vejle Boldklub,12.0,2.0,0.0,0.0,6.0,3.0,44.4,24.0,11.0,0.5,0.0,0.0,0.0,0.0,0.0,0.0,0.0,0.0,0.0,0.0,0.0,3.0,0.0,0.0,0.0,0.0,0.0,0.0,Silkeborg IF,6.0,1.0,0.0,0.0,2.0,10.0,55.6,10.0,6.0,0.6,0.0,0.0,0.0,0.0,0.0,0.0,0.0,0.0,0.0,0.0,0.0,0.0,0.0,0.0,0.0,0.0,0.0,0.0,703402,2024-08-25 12:00:00,2024
FC Nordsjælland,9.0,1.0,0.0,0.0,3.0,6.0,57.6,18.0,6.0,0.3,0.0,0.0,0.0,0.0,0.0,0.0,0.0,0.0,0.0,0.0,0.0,5.0,0.0,0.0,0.0,0.0,0.0,0.0,F.C. København,11.0,1.0,0.0,0.0,3.0,3.0,42.4,21.0,8.0,0.4,0.0,0.0,0.0,0.0,0.0,0.0,0.0,0.0,0.0,0.0,0.0,6.0,0.0,0.0,0.0,0.0,0.0,0.0,703403,2024-08-25 14:00:00,2024
Brøndby IF,11.0,1.0,0.0,0.0,7.0,4.0,66.5,20.0,10.0,0.5,0.0,0.0,0.0,0.0,0.0,0.0,0.0,0.0,0.0,0.0,0.0,5.0,0.0,0.0,0.0,0.0,0.0,0.0,Randers FC,9.0,2.0,0.0,0.0,4.0,7.0,33.5,12.0,6.0,0.5,0.0,0.0,0.0,0.0,0.0,0.0,0.0,0.0,0.0,0.0,0.0,3.0,0.0,0.0,0.0,0.0,0.0,0.0,703404,2024-08-25 16:00:00,2024
Viborg FF,8.0,1.0,0.0,0.0,6.0,4.0,39.4,14.0,5.0,0.4,0.0,0.0,0.0,0.0,0.0,0.0,0.0,0.0,0.0,0.0,0.0,4.0,0.0,0.0,0.0,0.0,0.0,0.0,Lyngby Boldklub,9.0,1.0,0.0,0.0,7.0,4.0,60.6,22.0,4.0,0.2,0.0,1.0,0.0,0.0,0.0,0.0,0.0,0.0,0.0,0.0,0.0,5.0,0.0,0.0,0.0,0.0,0.0,0.0,703405,2024-08-26 17:00:00,2024
Lyngby Boldklub,6.0,1.0,0.0,0.0,10.0,1.0,47.7,8.0,5.0,0.6,0.0,0.0,0.0,0.0,0.0,0.0,0.0,0.0,0.0,0.0,0.0,1.0,0.0,0.0,0.0,0.0,0.0,0.0,Vejle Boldklub,17.0,3.0,0.0,0.0,5.0,4.0,52.3,14.0,1.0,0.1,0.0,0.0,0.0,0.0,0.0,0.0,0.0,0.0,0.0,0.0,0.0,6.0,0.0,0.0,0.0,0.0,0.0,0.0,703406,2024-08-30 17:00:00,2024
AGF,9.0,2.0,0.0,0.0,7.0,3.0,44.3,11.0,5.0,0.5,0.0,0.0,0.0,0.0,0.0,0.0,0.0,0.0,0.0,0.0,0.0,4.0,0.0,0.0,0.0,0.0,0.0,0.0,FC Nordsjælland,13.0,4.0,0.0,0.0,5.0,2.0,55.7,10.0,5.0,0.5,0.0,0.0,0.0,0.0,0.0,0.0,0.0,0.0,0.0,0.0,0.0,2.0,0.0,0.0,0.0,0.0,0.0,0.0,703407,2024-08-31 14:00:00,2024
F.C. København,9.0,3.0,1.0,0.0,0.0,7.0,28.1,5.0,4.0,0.8,1.0,1.0,0.0,0.0,0.0,0.0,0.0,0.0,0.0,0.0,0.0,0.0,0.0,0.0,0.0,0.0,0.0,0.0,Brøndby IF,11.0,0.0,0.0,0.0,10.0,1.0,71.9,18.0,8.0,0.4,0.0,0.0,0.0,0.0,0.0,0.0,0.0,0.0,0.0,0.0,0.0,4.0,0.0,0.0,0.0,0.0,0.0,0.0,703408,2024-09-01 12:00:00,2024
Sønderjyske Fodbold,18.0,3.0,0.0,0.0,7.0,4.0,50.7,11.0,6.0,0.5,0.0,0.0,0.0,0.0,0.0,0.0,0.0,0.0,0.0,0.0,0.0,0.0,0.0,0.0,0.0,0.0,0.0,0.0,Viborg FF,6.0,3.0,0.0,0.0,9.0,5.0,49.3,20.0,6.0,0.3,0.0,0.0,0.0,0.0,0.0,0.0,0.0,0.0,0.0,0.0,0.0,7.0,0.0,0.0,0.0,0.0,0.0,0.0,703409,2024-09-01 12:00:00,2024
Silkeborg IF,4.0,2.0,0.0,0.0,3.0,2.0,54.7,9.0,3.0,0.3,0.0,0.0,0.0,0.0,0.0,0.0,0.0,0.0,0.0,0.0,0.0,1.0,0.0,0.0,0.0,0.0,0.0,0.0,FC Midtjylland,7.0,0.0,0.0,0.0,5.0,2.0,45.3,11.0,5.0,0.5,0.0,0.0,0.0,0.0,0.0,0.0,0.0,0.0,0.0,0.0,0.0,3.0,0.0,0.0,0.0,0.0,0.0,0.0,703410,2024-09-01 14:00:00,2024
Randers FC,13.0,2.0,0.0,0.0,4.0,1.0,50.2,12.0,1.0,0.1,0.0,0.0,0.0,0.0,0.0,0.0,0.0,0.0,0.0,0.0,0.0,5.0,0.0,0.0,0.0,0.0,0.0,0.0,AaB,8.0,2.0,0.0,0.0,13.0,0.0,49.8,17.0,1.0,0.1,0.0,0.0,0.0,0.0,0.0,0.0,0.0,0.0,0.0,0.0,0.0,8.0,0.0,0.0,0.0,0.0,0.0,0.0,703411,2024-09-01 16:00:00,2024
AaB,8.0,1.0,0.0,0.0,1.0,3.0,47.7,12.0,6.0,0.5,0.0,0.0,0.0,0.0,0.0,0.0,0.0,0.0,0.0,0.0,0.0,2.0,0.0,0.0,0.0,0.0,0.0,0.0,Lyngby Boldklub,9.0,3.0,0.0,0.0,5.0,4.0,52.3,16.0,4.0,0.3,0.0,0.0,0.0,0.0,0.0,0.0,0.0,0.0,0.0,0.0,0.0,7.0,0.0,0.0,0.0,0.0,0.0,0.0,703413,2024-09-13 17:00:00,2024
FC Midtjylland,10.0,3.0,0.0,0.0,17.0,1.0,48.4,17.0,5.0,0.3,0.0,0.0,0.0,0.0,0.0,0.0,0.0,0.0,0.0,0.0,0.0,2.0,0.0,0.0,0.0,0.0,0.0,0.0,F.C. København,15.0,5.0,0.0,0.0,3.0,3.0,51.6,12.0,2.0,0.2,1.0,1.0,0.0,0.0,0.0,0.0,0.0,0.0,0.0,0.0,0.0,4.0,0.0,0.0,0.0,0.0,0.0,0.0,703415,2024-09-14 16:00:00,2024
AGF,13.0,3.0,0.0,0.0,6.0,1.0,59.8,10.0,3.0,0.3,0.0,0.0,0.0,0.0,0.0,0.0,0.0,0.0,0.0,0.0,0.0,3.0,0.0,0.0,0.0,0.0,0.0,0.0,Silkeborg IF,10.0,1.0,0.0,0.0,4.0,3.0,40.2,6.0,3.0,0.5,0.0,0.0,0.0,0.0,0.0,0.0,0.0,0.0,0.0,0.0,0.0,0.0,0.0,0.0,0.0,0.0,0.0,0.0,703416,2024-09-15 12:00:00,2024
Vejle Boldklub,16.0,3.0,0.0,0.0,3.0,5.0,43.9,16.0,4.0,0.3,0.0,0.0,0.0,0.0,0.0,0.0,0.0,0.0,0.0,0.0,0.0,3.0,0.0,0.0,0.0,0.0,0.0,0.0,Viborg FF,9.0,1.0,0.0,0.0,2.0,4.0,56.1,20.0,10.0,0.5,1.0,1.0,0.0,0.0,0.0,0.0,0.0,0.0,0.0,0.0,0.0,3.0,0.0,0.0,0.0,0.0,0.0,0.0,703412,2024-09-15 14:00:00,2024
Brøndby IF,14.0,1.0,0.0,0.0,7.0,0.0,59.0,17.0,6.0,0.4,0.0,0.0,0.0,0.0,0.0,0.0,0.0,0.0,0.0,0.0,0.0,8.0,0.0,0.0,0.0,0.0,0.0,0.0,Sønderjyske Fodbold,6.0,1.0,0.0,0.0,1.0,4.0,41.0,5.0,0.0,0.0,0.0,0.0,0.0,0.0,0.0,0.0,0.0,0.0,0.0,0.0,0.0,2.0,0.0,0.0,0.0,0.0,0.0,0.0,703414,2024-09-15 16:00:00,2024
FC Nordsjælland,10.0,1.0,0.0,0.0,7.0,2.0,66.7,13.0,6.0,0.5,0.0,0.0,0.0,0.0,0.0,0.0,0.0,0.0,0.0,0.0,0.0,6.0,0.0,0.0,0.0,0.0,0.0,0.0,Randers FC,5.0,1.0,0.0,0.0,3.0,6.0,33.3,11.0,3.0,0.3,0.0,0.0,0.0,0.0,0.0,0.0,0.0,0.0,0.0,0.0,0.0,1.0,0.0,0.0,0.0,0.0,0.0,0.0,703417,2024-09-16 17:00:00,2024
Viborg FF,9.0,3.0,0.0,0.0,2.0,6.0,36.3,13.0,6.0,0.5,0.0,0.0,0.0,0.0,0.0,0.0,0.0,0.0,0.0,0.0,0.0,3.0,0.0,0.0,0.0,0.0,0.0,0.0,FC Nordsjælland,14.0,1.0,0.0,0.0,5.0,2.0,63.7,22.0,8.0,0.4,0.0,0.0,0.0,0.0,0.0,0.0,0.0,0.0,0.0,0.0,0.0,6.0,0.0,0.0,0.0,0.0,0.0,0.0,703423,2024-09-20 17:00:00,2024
Sønderjyske Fodbold,10.0,1.0,0.0,0.0,4.0,2.0,55.0,14.0,6.0,0.4,0.0,0.0,0.0,0.0,0.0,0.0,0.0,0.0,0.0,0.0,0.0,4.0,0.0,0.0,0.0,0.0,0.0,0.0,Vejle Boldklub,11.0,5.0,0.0,0.0,2.0,4.0,45.0,8.0,3.0,0.4,0.0,0.0,0.0,0.0,0.0,0.0,0.0,0.0,0.0,0.0,0.0,2.0,0.0,0.0,0.0,0.0,0.0,0.0,703422,2024-09-22 12:00:00,2024
Randers FC,11.0,1.0,0.0,0.0,6.0,3.0,50.6,17.0,4.0,0.2,0.0,0.0,0.0,0.0,0.0,0.0,0.0,0.0,0.0,0.0,0.0,5.0,0.0,0.0,0.0,0.0,0.0,0.0,FC Midtjylland,6.0,1.0,1.0,0.0,4.0,2.0,49.4,12.0,6.0,0.5,1.0,1.0,0.0,0.0,0.0,0.0,0.0,0.0,0.0,0.0,0.0,4.0,0.0,0.0,0.0,0.0,0.0,0.0,703420,2024-09-22 12:00:00,2024
Lyngby Boldklub,20.0,4.0,0.0,0.0,5.0,3.0,26.3,5.0,2.0,0.4,0.0,0.0,0.0,0.0,0.0,0.0,0.0,0.0,0.0,0.0,0.0,1.0,0.0,0.0,0.0,0.0,0.0,0.0,AGF,11.0,2.0,0.0,0.0,12.0,2.0,73.7,15.0,3.0,0.2,0.0,0.0,0.0,0.0,0.0,0.0,0.0,0.0,0.0,0.0,0.0,6.0,0.0,0.0,0.0,0.0,0.0,0.0,703419,2024-09-22 14:00:00,2024
Silkeborg IF,8.0,0.0,0.0,0.0,1.0,4.0,47.2,13.0,3.0,0.2,1.0,1.0,0.0,0.0,0.0,0.0,0.0,0.0,0.0,0.0,0.0,4.0,0.0,0.0,0.0,0.0,0.0,0.0,Brøndby IF,11.0,1.0,1.0,0.0,7.0,0.0,52.8,20.0,7.0,0.4,1.0,1.0,0.0,0.0,0.0,0.0,0.0,0.0,0.0,0.0,0.0,6.0,0.0,0.0,0.0,0.0,0.0,0.0,703421,2024-09-22 16:00:00,2024
F.C. København,12.0,2.0,0.0,0.0,7.0,0.0,69.4,28.0,6.0,0.2,0.0,0.0,0.0,0.0,0.0,0.0,0.0,0.0,0.0,0.0,0.0,6.0,0.0,0.0,0.0,0.0,0.0,0.0,AaB,9.0,2.0,0.0,0.0,2.0,4.0,30.6,2.0,0.0,0.0,0.0,0.0,0.0,0.0,0.0,0.0,0.0,0.0,0.0,0.0,0.0,0.0,0.0,0.0,0.0,0.0,0.0,0.0,703418,2024-09-23 17:00:00,2024
AGF,16.0,4.0,0.0,0.0,1.0,2.0,56.4,13.0,7.0,0.5,0.0,0.0,0.0,0.0,0.0,0.0,0.0,0.0,0.0,0.0,0.0,4.0,0.0,0.0,0.0,0.0,0.0,0.0,Randers FC,17.0,6.0,0.0,0.0,5.0,5.0,43.6,7.0,4.0,0.6,0.0,0.0,0.0,0.0,0.0,0.0,0.0,0.0,0.0,0.0,0.0,1.0,0.0,0.0,0.0,0.0,0.0,0.0,703424,2024-09-28 14:00:00,2024
AaB,9.0,2.0,0.0,0.0,3.0,4.0,55.6,18.0,5.0,0.3,0.0,0.0,0.0,0.0,0.0,0.0,0.0,0.0,0.0,0.0,0.0,7.0,0.0,0.0,0.0,0.0,0.0,0.0,Sønderjyske Fodbold,14.0,2.0,0.0,0.0,4.0,2.0,44.4,16.0,4.0,0.3,0.0,0.0,0.0,0.0,0.0,0.0,0.0,0.0,0.0,0.0,0.0,2.0,0.0,0.0,0.0,0.0,0.0,0.0,703425,2024-09-29 12:00:00,2024
FC Midtjylland,7.0,2.0,0.0,0.0,10.0,2.0,58.9,18.0,9.0,0.5,0.0,0.0,0.0,0.0,0.0,0.0,0.0,0.0,0.0,0.0,0.0,5.0,0.0,0.0,0.0,0.0,0.0,0.0,Viborg FF,13.0,4.0,0.0,0.0,0.0,5.0,41.1,12.0,3.0,0.3,0.0,0.0,0.0,0.0,0.0,0.0,0.0,0.0,0.0,0.0,0.0,3.0,0.0,0.0,0.0,0.0,0.0,0.0,703426,2024-09-29 12:00:00,2024
Lyngby Boldklub,13.0,1.0,0.0,0.0,5.0,3.0,48.7,17.0,5.0,0.3,0.0,0.0,0.0,0.0,0.0,0.0,0.0,0.0,0.0,0.0,0.0,3.0,0.0,0.0,0.0,0.0,0.0,0.0,Silkeborg IF,10.0,2.0,0.0,0.0,9.0,3.0,51.3,11.0,5.0,0.5,0.0,0.0,0.0,0.0,0.0,0.0,0.0,0.0,0.0,0.0,0.0,4.0,0.0,0.0,0.0,0.0,0.0,0.0,703428,2024-09-29 14:00:00,2024
Vejle Boldklub,17.0,6.0,0.0,0.0,4.0,8.0,30.9,3.0,1.0,0.3,0.0,0.0,0.0,0.0,0.0,0.0,0.0,0.0,0.0,0.0,0.0,1.0,0.0,0.0,0.0,0.0,0.0,0.0,F.C. København,9.0,2.0,0.0,0.0,9.0,0.0,69.1,24.0,10.0,0.4,1.0,1.0,0.0,0.0,0.0,0.0,0.0,0.0,0.0,0.0,0.0,7.0,0.0,0.0,0.0,0.0,0.0,0.0,703429,2024-09-29 16:00:00,2024
FC Nordsjælland,8.0,3.0,0.0,0.0,3.0,1.0,57.0,12.0,6.0,0.5,0.0,0.0,0.0,0.0,0.0,0.0,0.0,0.0,0.0,0.0,0.0,2.0,0.0,0.0,0.0,0.0,0.0,0.0,Brøndby IF,13.0,4.0,0.0,0.0,4.0,2.0,43.0,13.0,2.0,0.2,0.0,0.0,0.0,0.0,0.0,0.0,0.0,0.0,0.0,0.0,0.0,4.0,0.0,0.0,0.0,0.0,0.0,0.0,703427,2024-09-30 17:00:00,2024
Vejle Boldklub,16.0,1.0,0.0,0.0,8.0,3.0,41.0,14.0,6.0,0.4,0.0,0.0,0.0,0.0,0.0,0.0,0.0,0.0,0.0,0.0,0.0,3.0,0.0,0.0,0.0,0.0,0.0,0.0,AaB,10.0,1.0,0.0,0.0,6.0,4.0,59.0,20.0,6.0,0.3,0.0,0.0,0.0,0.0,0.0,0.0,0.0,0.0,0.0,0.0,0.0,4.0,0.0,0.0,0.0,0.0,0.0,0.0,703434,2024-10-04 17:00:00,2024
Randers FC,11.0,0.0,0.0,0.0,5.0,1.0,52.8,6.0,1.0,0.2,0.0,0.0,0.0,0.0,0.0,0.0,0.0,0.0,0.0,0.0,0.0,1.0,0.0,0.0,0.0,0.0,0.0,0.0,Lyngby Boldklub,6.0,2.0,0.0,0.0,7.0,0.0,47.2,15.0,2.0,0.1,0.0,0.0,0.0,0.0,0.0,0.0,0.0,0.0,0.0,0.0,0.0,4.0,0.0,0.0,0.0,0.0,0.0,0.0,703431,2024-10-06 12:00:00,2024
Sønderjyske Fodbold,8.0,0.0,0.0,0.0,1.0,6.0,21.8,7.0,2.0,0.3,0.0,0.0,0.0,0.0,0.0,0.0,0.0,0.0,0.0,0.0,0.0,3.0,0.0,0.0,0.0,0.0,0.0,0.0,FC Nordsjælland,10.0,2.0,0.0,0.0,9.0,1.0,78.2,23.0,10.0,0.4,1.0,1.0,0.0,0.0,0.0,0.0,0.0,0.0,0.0,0.0,0.0,3.0,0.0,0.0,0.0,0.0,0.0,0.0,703433,2024-10-06 12:00:00,2024
Viborg FF,5.0,1.0,0.0,0.0,2.0,2.0,50.5,13.0,3.0,0.2,0.0,1.0,0.0,0.0,0.0,0.0,0.0,0.0,0.0,0.0,0.0,4.0,0.0,0.0,0.0,0.0,0.0,0.0,AGF,13.0,3.0,1.0,0.0,6.0,2.0,49.5,12.0,3.0,0.3,0.0,0.0,0.0,0.0,0.0,0.0,0.0,0.0,0.0,0.0,0.0,4.0,0.0,0.0,0.0,0.0,0.0,0.0,703435,2024-10-06 14:00:00,2024
Brøndby IF,11.0,1.0,0.0,0.0,8.0,5.0,51.8,16.0,5.0,0.3,0.0,0.0,0.0,0.0,0.0,0.0,0.0,0.0,0.0,0.0,0.0,4.0,0.0,0.0,0.0,0.0,0.0,0.0,FC Midtjylland,6.0,1.0,1.0,0.0,5.0,2.0,48.2,10.0,5.0,0.5,0.0,0.0,0.0,0.0,0.0,0.0,0.0,0.0,0.0,0.0,0.0,2.0,0.0,0.0,0.0,0.0,0.0,0.0,703430,2024-10-06 16:00:00,2024
Silkeborg IF,11.0,3.0,0.0,0.0,1.0,4.0,43.7,5.0,3.0,0.6,0.0,0.0,0.0,0.0,0.0,0.0,0.0,0.0,0.0,0.0,0.0,0.0,0.0,0.0,0.0,0.0,0.0,0.0,F.C. København,18.0,4.0,0.0,0.0,7.0,1.0,56.3,21.0,6.0,0.3,0.0,0.0,0.0,0.0,0.0,0.0,0.0,0.0,0.0,0.0,0.0,5.0,0.0,0.0,0.0,0.0,0.0,0.0,703432,2024-10-06 18:00:00,2024
F.C. København,9.0,0.0,0.0,0.0,0.0,3.0,61.3,15.0,7.0,0.5,0.0,0.0,0.0,0.0,0.0,0.0,0.0,0.0,0.0,0.0,0.0,3.0,0.0,0.0,0.0,0.0,0.0,0.0,Vejle Boldklub,15.0,2.0,0.0,0.0,5.0,4.0,38.7,10.0,4.0,0.4,0.0,0.0,0.0,0.0,0.0,0.0,0.0,0.0,0.0,0.0,0.0,4.0,0.0,0.0,0.0,0.0,0.0,0.0,703438,2024-10-18 17:00:00,2024
Lyngby Boldklub,13.0,3.0,0.0,0.0,10.0,4.0,52.6,10.0,3.0,0.3,0.0,0.0,0.0,0.0,0.0,0.0,0.0,0.0,0.0,0.0,0.0,1.0,0.0,0.0,0.0,0.0,0.0,0.0,Viborg FF,5.0,2.0,1.0,0.0,4.0,3.0,47.4,14.0,5.0,0.4,0.0,0.0,0.0,0.0,0.0,0.0,0.0,0.0,0.0,0.0,0.0,4.0,0.0,0.0,0.0,0.0,0.0,0.0,703440,2024-10-20 12:00:00,2024
AaB,10.0,4.0,0.0,0.0,6.0,3.0,52.0,22.0,6.0,0.3,0.0,1.0,0.0,0.0,0.0,0.0,0.0,0.0,0.0,0.0,0.0,5.0,0.0,0.0,0.0,0.0,0.0,0.0,Randers FC,12.0,3.0,0.0,0.0,1.0,6.0,48.0,11.0,5.0,0.5,2.0,2.0,0.0,0.0,0.0,0.0,0.0,0.0,0.0,0.0,0.0,0.0,0.0,0.0,0.0,0.0,0.0,0.0,703437,2024-10-20 12:00:00,2024
FC Nordsjælland,9.0,2.0,0.0,0.0,7.0,1.0,65.4,15.0,3.0,0.2,0.0,0.0,0.0,0.0,0.0,0.0,0.0,0.0,0.0,0.0,0.0,5.0,0.0,0.0,0.0,0.0,0.0,0.0,Silkeborg IF,8.0,1.0,0.0,0.0,3.0,3.0,34.6,5.0,2.0,0.4,0.0,0.0,0.0,0.0,0.0,0.0,0.0,0.0,0.0,0.0,0.0,2.0,0.0,0.0,0.0,0.0,0.0,0.0,703439,2024-10-20 14:00:00,2024
Sønderjyske Fodbold,13.0,1.0,0.0,0.0,4.0,3.0,49.1,15.0,5.0,0.3,0.0,0.0,0.0,0.0,0.0,0.0,0.0,0.0,0.0,0.0,0.0,4.0,0.0,0.0,0.0,0.0,0.0,0.0,FC Midtjylland,7.0,2.0,0.0,0.0,10.0,3.0,50.9,19.0,5.0,0.3,0.0,0.0,0.0,0.0,0.0,0.0,0.0,0.0,0.0,0.0,0.0,6.0,0.0,0.0,0.0,0.0,0.0,0.0,703441,2024-10-20 16:00:00,2024
AGF,11.0,1.0,1.0,0.0,6.0,1.0,41.3,14.0,5.0,0.4,1.0,1.0,0.0,0.0,0.0,0.0,0.0,0.0,0.0,0.0,0.0,1.0,0.0,0.0,0.0,0.0,0.0,0.0,Brøndby IF,13.0,3.0,0.0,0.0,4.0,3.0,58.7,8.0,1.0,0.1,0.0,0.0,0.0,0.0,0.0,0.0,0.0,0.0,0.0,0.0,0.0,1.0,0.0,0.0,0.0,0.0,0.0,0.0,703436,2024-10-21 17:00:00,2024
Silkeborg IF,11.0,0.0,0.0,0.0,6.0,1.0,72.6,16.0,4.0,0.3,0.0,0.0,0.0,0.0,0.0,0.0,0.0,0.0,0.0,0.0,0.0,4.0,0.0,0.0,0.0,0.0,0.0,0.0,AaB,10.0,4.0,0.0,0.0,2.0,3.0,27.4,8.0,2.0,0.3,0.0,0.0,0.0,0.0,0.0,0.0,0.0,0.0,0.0,0.0,0.0,2.0,0.0,0.0,0.0,0.0,0.0,0.0,703445,2024-10-25 17:00:00,2024
Brøndby IF,17.0,3.0,0.0,0.0,5.0,2.0,56.3,12.0,1.0,0.1,0.0,0.0,0.0,0.0,0.0,0.0,0.0,0.0,0.0,0.0,0.0,6.0,0.0,0.0,0.0,0.0,0.0,0.0,F.C. København,12.0,1.0,0.0,0.0,5.0,1.0,43.7,9.0,2.0,0.2,0.0,0.0,0.0,0.0,0.0,0.0,0.0,0.0,0.0,0.0,0.0,3.0,0.0,0.0,0.0,0.0,0.0,0.0,703442,2024-10-27 11:15:00,2024
Vejle Boldklub,16.0,1.0,0.0,0.0,3.0,3.0,47.5,16.0,5.0,0.3,0.0,1.0,0.0,0.0,0.0,0.0,0.0,0.0,0.0,0.0,0.0,3.0,0.0,0.0,0.0,0.0,0.0,0.0,Lyngby Boldklub,11.0,1.0,0.0,0.0,8.0,2.0,52.5,12.0,3.0,0.3,0.0,0.0,0.0,0.0,0.0,0.0,0.0,0.0,0.0,0.0,0.0,5.0,0.0,0.0,0.0,0.0,0.0,0.0,703446,2024-10-27 13:00:00,2024
Viborg FF,11.0,2.0,0.0,0.0,4.0,2.0,36.5,10.0,6.0,0.6,1.0,1.0,0.0,0.0,0.0,0.0,0.0,0.0,0.0,0.0,0.0,2.0,0.0,0.0,0.0,0.0,0.0,0.0,Sønderjyske Fodbold,9.0,3.0,0.0,0.0,10.0,2.0,63.5,13.0,4.0,0.3,1.0,1.0,0.0,0.0,0.0,0.0,0.0,0.0,0.0,0.0,0.0,5.0,0.0,0.0,0.0,0.0,0.0,0.0,703447,2024-10-27 15:00:00,2024
FC Midtjylland,11.0,2.0,0.0,0.0,5.0,3.0,34.7,12.0,4.0,0.3,0.0,0.0,0.0,0.0,0.0,0.0,0.0,0.0,0.0,0.0,0.0,7.0,0.0,0.0,0.0,0.0,0.0,0.0,AGF,11.0,1.0,0.0,0.0,12.0,2.0,65.3,9.0,3.0,0.3,0.0,0.0,0.0,0.0,0.0,0.0,0.0,0.0,0.0,0.0,0.0,3.0,0.0,0.0,0.0,0.0,0.0,0.0,703443,2024-10-27 17:00:00,2024
Randers FC,8.0,2.0,0.0,0.0,6.0,3.0,38.4,18.0,9.0,0.5,0.0,0.0,0.0,0.0,0.0,0.0,0.0,0.0,0.0,0.0,0.0,5.0,0.0,0.0,0.0,0.0,0.0,0.0,FC Nordsjælland,14.0,4.0,0.0,0.0,5.0,6.0,61.6,8.0,3.0,0.4,0.0,0.0,0.0,0.0,0.0,0.0,0.0,0.0,0.0,0.0,0.0,5.0,0.0,0.0,0.0,0.0,0.0,0.0,703444,2024-10-28 18:00:00,2024
Sønderjyske Fodbold,10.0,0.0,0.0,0.0,3.0,5.0,63.1,12.0,3.0,0.3,0.0,0.0,0.0,0.0,0.0,0.0,0.0,0.0,0.0,0.0,0.0,1.0,0.0,0.0,0.0,0.0,0.0,0.0,Randers FC,12.0,2.0,0.0,0.0,4.0,2.0,36.9,14.0,9.0,0.6,1.0,1.0,0.0,0.0,0.0,0.0,0.0,0.0,0.0,0.0,0.0,2.0,0.0,0.0,0.0,0.0,0.0,0.0,703453,2024-11-02 16:00:00,2024
FC Nordsjælland,13.0,1.0,0.0,0.0,6.0,2.0,64.6,22.0,7.0,0.3,0.0,1.0,0.0,0.0,0.0,0.0,0.0,0.0,0.0,0.0,0.0,8.0,0.0,0.0,0.0,0.0,0.0,0.0,Viborg FF,17.0,2.0,0.0,0.0,4.0,6.0,35.4,8.0,3.0,0.4,0.0,0.0,0.0,0.0,0.0,0.0,0.0,0.0,0.0,0.0,0.0,3.0,0.0,0.0,0.0,0.0,0.0,0.0,703452,2024-11-03 13:00:00,2024
FC Midtjylland,9.0,1.0,0.0,0.0,5.0,6.0,51.3,14.0,6.0,0.4,1.0,1.0,0.0,0.0,0.0,0.0,0.0,0.0,0.0,0.0,0.0,3.0,0.0,0.0,0.0,0.0,0.0,0.0,Brøndby IF,6.0,1.0,0.0,0.0,2.0,5.0,48.7,16.0,11.0,0.7,0.0,0.0,0.0,0.0,0.0,0.0,0.0,0.0,0.0,0.0,0.0,1.0,0.0,0.0,0.0,0.0,0.0,0.0,703451,2024-11-03 13:00:00,2024
AGF,10.0,1.0,0.0,0.0,7.0,2.0,61.8,18.0,8.0,0.4,0.0,0.0,0.0,0.0,0.0,0.0,0.0,0.0,0.0,0.0,0.0,2.0,0.0,0.0,0.0,0.0,0.0,0.0,Lyngby Boldklub,18.0,5.0,1.0,0.0,3.0,7.0,38.2,6.0,3.0,0.5,0.0,0.0,0.0,0.0,0.0,0.0,0.0,0.0,0.0,0.0,0.0,3.0,0.0,0.0,0.0,0.0,0.0,0.0,703448,2024-11-03 15:00:00,2024
AaB,10.0,1.0,0.0,0.0,7.0,5.0,62.5,15.0,8.0,0.5,1.0,2.0,0.0,0.0,0.0,0.0,0.0,0.0,0.0,0.0,0.0,1.0,0.0,0.0,0.0,0.0,0.0,0.0,Vejle Boldklub,15.0,1.0,0.0,0.0,5.0,5.0,37.5,14.0,8.0,0.6,0.0,0.0,0.0,0.0,0.0,0.0,0.0,0.0,0.0,0.0,0.0,3.0,0.0,0.0,0.0,0.0,0.0,0.0,703449,2024-11-03 17:00:00,2024
F.C. København,9.0,1.0,0.0,0.0,5.0,2.0,62.3,27.0,9.0,0.3,1.0,1.0,0.0,0.0,0.0,0.0,0.0,0.0,0.0,0.0,0.0,7.0,0.0,0.0,0.0,0.0,0.0,0.0,Silkeborg IF,6.0,2.0,0.0,0.0,2.0,7.0,37.7,6.0,4.0,0.7,1.0,1.0,0.0,0.0,0.0,0.0,0.0,0.0,0.0,0.0,0.0,0.0,0.0,0.0,0.0,0.0,0.0,0.0,703450,2024-11-04 18:00:00,2024
Vejle Boldklub,16.0,2.0,0.0,0.0,6.0,4.0,49.5,8.0,3.0,0.4,0.0,0.0,0.0,0.0,0.0,0.0,0.0,0.0,0.0,0.0,0.0,4.0,0.0,0.0,0.0,0.0,0.0,0.0,Sønderjyske Fodbold,12.0,3.0,0.0,0.0,7.0,2.0,50.5,16.0,7.0,0.4,0.0,0.0,0.0,0.0,0.0,0.0,0.0,0.0,0.0,0.0,0.0,3.0,0.0,0.0,0.0,0.0,0.0,0.0,703458,2024-11-08 18:00:00,2024
Lyngby Boldklub,12.0,2.0,0.0,0.0,1.0,1.0,57.7,11.0,3.0,0.3,1.0,1.0,0.0,0.0,0.0,0.0,0.0,0.0,0.0,0.0,0.0,3.0,0.0,0.0,0.0,0.0,0.0,0.0,AaB,14.0,2.0,1.0,0.0,7.0,1.0,42.3,12.0,3.0,0.3,0.0,0.0,0.0,0.0,0.0,0.0,0.0,0.0,0.0,0.0,0.0,5.0,0.0,0.0,0.0,0.0,0.0,0.0,703456,2024-11-10 13:00:00,2024
Silkeborg IF,7.0,2.0,0.0,0.0,3.0,3.0,50.8,11.0,4.0,0.4,0.0,0.0,0.0,0.0,0.0,0.0,0.0,0.0,0.0,0.0,0.0,3.0,0.0,0.0,0.0,0.0,0.0,0.0,Randers FC,11.0,2.0,0.0,0.0,8.0,2.0,49.2,14.0,3.0,0.2,0.0,0.0,0.0,0.0,0.0,0.0,0.0,0.0,0.0,0.0,0.0,4.0,0.0,0.0,0.0,0.0,0.0,0.0,703457,2024-11-10 13:00:00,2024
Viborg FF,11.0,2.0,0.0,0.0,3.0,4.0,51.7,15.0,8.0,0.5,0.0,0.0,0.0,0.0,0.0,0.0,0.0,0.0,0.0,0.0,0.0,3.0,0.0,0.0,0.0,0.0,0.0,0.0,FC Midtjylland,7.0,1.0,0.0,0.0,10.0,7.0,48.3,16.0,4.0,0.3,0.0,0.0,0.0,0.0,0.0,0.0,0.0,0.0,0.0,0.0,0.0,1.0,0.0,0.0,0.0,0.0,0.0,0.0,703459,2024-11-10 15:00:00,2024
AGF,8.0,1.0,0.0,0.0,9.0,4.0,52.2,19.0,6.0,0.3,0.0,0.0,0.0,0.0,0.0,0.0,0.0,0.0,0.0,0.0,0.0,4.0,0.0,0.0,0.0,0.0,0.0,0.0,F.C. København,15.0,1.0,0.0,0.0,5.0,5.0,47.8,8.0,6.0,0.8,0.0,0.0,0.0,0.0,0.0,0.0,0.0,0.0,0.0,0.0,0.0,0.0,0.0,0.0,0.0,0.0,0.0,0.0,703454,2024-11-10 17:00:00,2024
Brøndby IF,11.0,2.0,0.0,0.0,2.0,3.0,34.2,7.0,2.0,0.3,0.0,0.0,0.0,0.0,0.0,0.0,0.0,0.0,0.0,0.0,0.0,0.0,0.0,0.0,0.0,0.0,0.0,0.0,FC Nordsjælland,13.0,3.0,0.0,0.0,4.0,1.0,65.8,7.0,4.0,0.6,0.0,0.0,0.0,0.0,0.0,0.0,0.0,0.0,0.0,0.0,0.0,1.0,0.0,0.0,0.0,0.0,0.0,0.0,703455,2024-11-10 19:00:00,2024
FC Nordsjælland,11.0,1.0,0.0,0.0,5.0,0.0,55.4,13.0,3.0,0.2,0.0,1.0,0.0,0.0,0.0,0.0,0.0,0.0,0.0,0.0,0.0,5.0,0.0,0.0,0.0,0.0,0.0,0.0,AGF,9.0,0.0,0.0,0.0,1.0,2.0,44.6,5.0,0.0,0.0,0.0,0.0,0.0,0.0,0.0,0.0,0.0,0.0,0.0,0.0,0.0,2.0,0.0,0.0,0.0,0.0,0.0,0.0,703463,2024-11-22 18:00:00,2024
Randers FC,9.0,1.0,0.0,0.0,9.0,1.0,55.7,19.0,6.0,0.3,0.0,1.0,0.0,0.0,0.0,0.0,0.0,0.0,0.0,0.0,0.0,5.0,0.0,0.0,0.0,0.0,0.0,0.0,Vejle Boldklub,13.0,1.0,0.0,0.0,1.0,4.0,44.3,9.0,1.0,0.1,0.0,0.0,0.0,0.0,0.0,0.0,0.0,0.0,0.0,0.0,0.0,4.0,0.0,0.0,0.0,0.0,0.0,0.0,703464,2024-11-24 13:00:00,2024
AaB,10.0,2.0,0.0,0.0,0.0,4.0,45.5,10.0,2.0,0.2,0.0,0.0,0.0,0.0,0.0,0.0,0.0,0.0,0.0,0.0,0.0,3.0,0.0,0.0,0.0,0.0,0.0,0.0,Viborg FF,14.0,4.0,0.0,0.0,11.0,2.0,54.5,20.0,4.0,0.2,0.0,0.0,0.0,0.0,0.0,0.0,0.0,0.0,0.0,0.0,0.0,10.0,0.0,0.0,0.0,0.0,0.0,0.0,703460,2024-11-24 13:00:00,2024
Sønderjyske Fodbold,7.0,1.0,0.0,0.0,6.0,3.0,53.2,12.0,5.0,0.4,0.0,0.0,0.0,0.0,0.0,0.0,0.0,0.0,0.0,0.0,0.0,1.0,0.0,0.0,0.0,0.0,0.0,0.0,Brøndby IF,8.0,1.0,0.0,0.0,3.0,3.0,46.8,15.0,5.0,0.3,0.0,0.0,0.0,0.0,0.0,0.0,0.0,0.0,0.0,0.0,0.0,5.0,0.0,0.0,0.0,0.0,0.0,0.0,703465,2024-11-24 15:00:00,2024
F.C. København,12.0,3.0,0.0,0.0,13.0,3.0,63.0,33.0,15.0,0.5,0.0,0.0,0.0,0.0,0.0,0.0,0.0,0.0,0.0,0.0,0.0,11.0,0.0,0.0,0.0,0.0,0.0,0.0,Lyngby Boldklub,12.0,4.0,0.0,0.0,1.0,13.0,37.0,9.0,4.0,0.4,0.0,0.0,0.0,0.0,0.0,0.0,0.0,0.0,0.0,0.0,0.0,1.0,0.0,0.0,0.0,0.0,0.0,0.0,703461,2024-11-24 17:00:00,2024
FC Midtjylland,17.0,2.0,0.0,0.0,2.0,4.0,36.7,7.0,2.0,0.3,0.0,0.0,0.0,0.0,0.0,0.0,0.0,0.0,0.0,0.0,0.0,0.0,0.0,0.0,0.0,0.0,0.0,0.0,Silkeborg IF,12.0,1.0,0.0,0.0,6.0,1.0,63.3,13.0,4.0,0.3,0.0,0.0,0.0,0.0,0.0,0.0,0.0,0.0,0.0,0.0,0.0,5.0,0.0,0.0,0.0,0.0,0.0,0.0,703462,2024-11-25 18:00:00,2024
Brøndby IF,11.0,2.0,1.0,0.0,5.0,4.0,62.7,17.0,7.0,0.4,0.0,0.0,0.0,0.0,0.0,0.0,0.0,0.0,0.0,0.0,0.0,3.0,0.0,0.0,0.0,0.0,0.0,0.0,AaB,7.0,2.0,0.0,0.0,8.0,6.0,37.3,13.0,4.0,0.3,0.0,0.0,0.0,0.0,0.0,0.0,0.0,0.0,0.0,0.0,0.0,2.0,0.0,0.0,0.0,0.0,0.0,0.0,703466,2024-11-29 18:00:00,2024
Lyngby Boldklub,13.0,2.0,0.0,0.0,2.0,1.0,50.6,6.0,2.0,0.3,0.0,0.0,0.0,0.0,0.0,0.0,0.0,0.0,0.0,0.0,0.0,1.0,0.0,0.0,0.0,0.0,0.0,0.0,Sønderjyske Fodbold,10.0,1.0,0.0,0.0,4.0,1.0,49.4,10.0,3.0,0.3,0.0,0.0,0.0,0.0,0.0,0.0,0.0,0.0,0.0,0.0,0.0,4.0,0.0,0.0,0.0,0.0,0.0,0.0,703468,2024-12-01 13:00:00,2024
Viborg FF,8.0,2.0,0.0,0.0,2.0,2.0,47.7,9.0,2.0,0.2,0.0,0.0,0.0,0.0,0.0,0.0,0.0,0.0,0.0,0.0,0.0,3.0,0.0,0.0,0.0,0.0,0.0,0.0,Randers FC,17.0,4.0,0.0,0.0,13.0,1.0,52.3,12.0,5.0,0.4,0.0,0.0,0.0,0.0,0.0,0.0,0.0,0.0,0.0,0.0,0.0,1.0,0.0,0.0,0.0,0.0,0.0,0.0,703471,2024-12-01 13:00:00,2024
Vejle Boldklub,10.0,0.0,0.0,0.0,10.0,2.0,45.0,23.0,5.0,0.2,0.0,0.0,0.0,0.0,0.0,0.0,0.0,0.0,0.0,0.0,0.0,7.0,0.0,0.0,0.0,0.0,0.0,0.0,FC Midtjylland,11.0,3.0,0.0,0.0,9.0,5.0,55.0,11.0,5.0,0.5,0.0,0.0,0.0,0.0,0.0,0.0,0.0,0.0,0.0,0.0,0.0,2.0,0.0,0.0,0.0,0.0,0.0,0.0,703470,2024-12-01 15:00:00,2024
Silkeborg IF,13.0,3.0,0.0,0.0,1.0,4.0,47.8,12.0,6.0,0.5,0.0,0.0,0.0,0.0,0.0,0.0,0.0,0.0,0.0,0.0,0.0,2.0,0.0,0.0,0.0,0.0,0.0,0.0,AGF,14.0,2.0,0.0,0.0,2.0,5.0,52.2,11.0,5.0,0.5,1.0,1.0,0.0,0.0,0.0,0.0,0.0,0.0,0.0,0.0,0.0,2.0,0.0,0.0,0.0,0.0,0.0,0.0,703469,2024-12-01 17:00:00,2024
F.C. København,21.0,1.0,0.0,0.0,0.0,2.0,34.6,7.0,3.0,0.4,0.0,0.0,0.0,0.0,0.0,0.0,0.0,0.0,0.0,0.0,0.0,1.0,0.0,0.0,0.0,0.0,0.0,0.0,FC Nordsjælland,12.0,2.0,0.0,0.0,4.0,0.0,65.4,10.0,3.0,0.3,0.0,0.0,0.0,0.0,0.0,0.0,0.0,0.0,0.0,0.0,0.0,3.0,0.0,0.0,0.0,0.0,0.0,0.0,703467,2024-12-02 18:00:00,2024
Brøndby IF,12.0,0.0,0.0,0.0,4.0,4.0,56.2,12.0,7.0,0.6,1.0,2.0,0.0,0.0,0.0,0.0,0.0,0.0,0.0,0.0,0.0,3.0,0.0,0.0,0.0,0.0,0.0,0.0,Viborg FF,8.0,1.0,0.0,0.0,7.0,4.0,43.8,14.0,5.0,0.4,0.0,0.0,0.0,0.0,0.0,0.0,0.0,0.0,0.0,0.0,0.0,5.0,0.0,0.0,0.0,0.0,0.0,0.0,703473,2025-02-14 18:00:00,2025
Silkeborg IF,10.0,2.0,0.0,0.0,9.0,0.0,70.0,12.0,1.0,0.1,0.0,0.0,0.0,0.0,0.0,0.0,0.0,0.0,0.0,0.0,0.0,5.0,0.0,0.0,0.0,0.0,0.0,0.0,Vejle Boldklub,10.0,2.0,0.0,0.0,0.0,1.0,30.0,4.0,1.0,0.3,0.0,0.0,0.0,0.0,0.0,0.0,0.0,0.0,0.0,0.0,0.0,1.0,0.0,0.0,0.0,0.0,0.0,0.0,703476,2025-02-16 13:00:00,2025
Sønderjyske Fodbold,17.0,1.0,0.0,0.0,2.0,5.0,63.0,12.0,3.0,0.3,0.0,0.0,0.0,0.0,0.0,0.0,0.0,0.0,0.0,0.0,0.0,4.0,0.0,0.0,0.0,0.0,0.0,0.0,AGF,14.0,1.0,1.0,0.0,2.0,2.0,37.0,15.0,9.0,0.6,0.0,0.0,0.0,0.0,0.0,0.0,0.0,0.0,0.0,0.0,0.0,3.0,0.0,0.0,0.0,0.0,0.0,0.0,703477,2025-02-16 15:00:00,2025
FC Midtjylland,13.0,2.0,0.0,0.0,2.0,0.0,49.6,8.0,2.0,0.3,1.0,1.0,0.0,0.0,0.0,0.0,0.0,0.0,0.0,0.0,0.0,3.0,0.0,0.0,0.0,0.0,0.0,0.0,Lyngby Boldklub,17.0,2.0,0.0,0.0,4.0,1.0,50.4,15.0,0.0,0.0,0.0,0.0,0.0,0.0,0.0,0.0,0.0,0.0,0.0,0.0,0.0,3.0,0.0,0.0,0.0,0.0,0.0,0.0,703474,2025-02-16 17:00:00,2025
Randers FC,14.0,1.0,0.0,0.0,2.0,2.0,56.4,8.0,1.0,0.1,0.0,0.0,0.0,0.0,0.0,0.0,0.0,0.0,0.0,0.0,0.0,3.0,0.0,0.0,0.0,0.0,0.0,0.0,F.C. København,8.0,4.0,0.0,0.0,2.0,0.0,43.6,11.0,4.0,0.4,0.0,0.0,0.0,0.0,0.0,0.0,0.0,0.0,0.0,0.0,0.0,7.0,0.0,0.0,0.0,0.0,0.0,0.0,703475,2025-02-17 18:00:00,2025
Lyngby Boldklub,11.0,0.0,0.0,0.0,3.0,3.0,46.8,14.0,3.0,0.2,0.0,0.0,0.0,0.0,0.0,0.0,0.0,0.0,0.0,0.0,0.0,4.0,0.0,0.0,0.0,0.0,0.0,0.0,Randers FC,9.0,1.0,0.0,0.0,8.0,3.0,53.2,11.0,3.0,0.3,0.0,0.0,0.0,0.0,0.0,0.0,0.0,0.0,0.0,0.0,0.0,3.0,0.0,0.0,0.0,0.0,0.0,0.0,703481,2025-02-21 18:00:00,2025
FC Nordsjælland,14.0,2.0,0.0,0.0,1.0,2.0,51.5,21.0,10.0,0.5,0.0,0.0,0.0,0.0,0.0,0.0,0.0,0.0,0.0,0.0,0.0,4.0,0.0,0.0,0.0,0.0,0.0,0.0,Sønderjyske Fodbold,14.0,3.0,0.0,0.0,6.0,7.0,48.5,11.0,4.0,0.4,0.0,0.0,0.0,0.0,0.0,0.0,0.0,0.0,0.0,0.0,0.0,3.0,0.0,0.0,0.0,0.0,0.0,0.0,703480,2025-02-23 13:00:00,2025
AGF,13.0,0.0,0.0,0.0,7.0,2.0,48.4,23.0,10.0,0.4,0.0,0.0,0.0,0.0,0.0,0.0,0.0,0.0,0.0,0.0,0.0,6.0,0.0,0.0,0.0,0.0,0.0,0.0,AaB,6.0,2.0,0.0,0.0,2.0,7.0,51.6,2.0,2.0,1.0,0.0,0.0,0.0,0.0,0.0,0.0,0.0,0.0,0.0,0.0,0.0,0.0,0.0,0.0,0.0,0.0,0.0,0.0,703478,2025-02-23 13:00:00,2025
Vejle Boldklub,10.0,2.0,0.0,0.0,5.0,3.0,29.7,10.0,5.0,0.5,1.0,1.0,0.0,0.0,0.0,0.0,0.0,0.0,0.0,0.0,0.0,5.0,0.0,0.0,0.0,0.0,0.0,0.0,Brøndby IF,8.0,2.0,0.0,0.0,6.0,3.0,70.3,15.0,5.0,0.3,0.0,0.0,0.0,0.0,0.0,0.0,0.0,0.0,0.0,0.0,0.0,3.0,0.0,0.0,0.0,0.0,0.0,0.0,703482,2025-02-23 15:00:00,2025
F.C. København,9.0,4.0,0.0,0.0,4.0,3.0,42.2,15.0,6.0,0.4,1.0,1.0,0.0,0.0,0.0,0.0,0.0,0.0,0.0,0.0,0.0,4.0,0.0,0.0,0.0,0.0,0.0,0.0,FC Midtjylland,11.0,3.0,0.0,0.0,6.0,5.0,57.8,11.0,3.0,0.3,0.0,0.0,0.0,0.0,0.0,0.0,0.0,0.0,0.0,0.0,0.0,1.0,0.0,0.0,0.0,0.0,0.0,0.0,703479,2025-02-23 17:00:00,2025
Viborg FF,7.0,1.0,0.0,0.0,5.0,4.0,51.0,5.0,2.0,0.4,0.0,0.0,0.0,0.0,0.0,0.0,0.0,0.0,0.0,0.0,0.0,1.0,0.0,0.0,0.0,0.0,0.0,0.0,Silkeborg IF,7.0,0.0,0.0,0.0,8.0,1.0,49.0,17.0,7.0,0.4,0.0,0.0,0.0,0.0,0.0,0.0,0.0,0.0,0.0,0.0,0.0,3.0,0.0,0.0,0.0,0.0,0.0,0.0,703483,2025-02-24 18:00:00,2025
AaB,11.0,2.0,0.0,0.0,5.0,4.0,41.8,13.0,2.0,0.2,0.0,0.0,0.0,0.0,0.0,0.0,0.0,0.0,0.0,0.0,0.0,2.0,0.0,0.0,0.0,0.0,0.0,0.0,FC Nordsjælland,10.0,2.0,0.0,0.0,2.0,1.0,58.2,15.0,6.0,0.4,0.0,1.0,0.0,0.0,0.0,0.0,0.0,0.0,0.0,0.0,0.0,4.0,0.0,0.0,0.0,0.0,0.0,0.0,703472,2025-02-26 18:30:00,2025
Randers FC,11.0,3.0,0.0,0.0,3.0,2.0,63.7,8.0,2.0,0.3,0.0,0.0,0.0,0.0,0.0,0.0,0.0,0.0,0.0,0.0,0.0,2.0,0.0,0.0,0.0,0.0,0.0,0.0,AGF,13.0,1.0,0.0,0.0,8.0,1.0,36.3,9.0,3.0,0.3,0.0,0.0,0.0,0.0,0.0,0.0,0.0,0.0,0.0,0.0,0.0,4.0,0.0,0.0,0.0,0.0,0.0,0.0,703487,2025-02-28 18:00:00,2025
Sønderjyske Fodbold,13.0,2.0,0.0,0.0,3.0,5.0,49.4,15.0,3.0,0.2,0.0,0.0,0.0,0.0,0.0,0.0,0.0,0.0,0.0,0.0,0.0,4.0,0.0,0.0,0.0,0.0,0.0,0.0,Silkeborg IF,14.0,2.0,0.0,0.0,7.0,2.0,50.6,18.0,8.0,0.4,0.0,0.0,0.0,0.0,0.0,0.0,0.0,0.0,0.0,0.0,0.0,4.0,0.0,0.0,0.0,0.0,0.0,0.0,703488,2025-03-02 13:00:00,2025
Viborg FF,6.0,2.0,0.0,0.0,4.0,2.0,47.3,16.0,5.0,0.3,0.0,0.0,0.0,0.0,0.0,0.0,0.0,0.0,0.0,0.0,0.0,4.0,0.0,0.0,0.0,0.0,0.0,0.0,Vejle Boldklub,14.0,1.0,0.0,0.0,4.0,2.0,52.7,12.0,3.0,0.3,0.0,0.0,0.0,0.0,0.0,0.0,0.0,0.0,0.0,0.0,0.0,5.0,0.0,0.0,0.0,0.0,0.0,0.0,703489,2025-03-02 13:00:00,2025
FC Midtjylland,11.0,2.0,0.0,0.0,8.0,6.0,48.4,19.0,7.0,0.4,0.0,0.0,0.0,0.0,0.0,0.0,0.0,0.0,0.0,0.0,0.0,3.0,0.0,0.0,0.0,0.0,0.0,0.0,FC Nordsjælland,10.0,0.0,0.0,0.0,4.0,5.0,51.6,12.0,7.0,0.6,0.0,0.0,0.0,0.0,0.0,0.0,0.0,0.0,0.0,0.0,0.0,2.0,0.0,0.0,0.0,0.0,0.0,0.0,703486,2025-03-02 15:00:00,2025
AaB,12.0,1.0,0.0,0.0,2.0,1.0,35.2,6.0,1.0,0.2,0.0,0.0,0.0,0.0,0.0,0.0,0.0,0.0,0.0,0.0,0.0,2.0,0.0,0.0,0.0,0.0,0.0,0.0,F.C. København,4.0,0.0,0.0,0.0,8.0,1.0,64.8,12.0,1.0,0.1,0.0,0.0,0.0,0.0,0.0,0.0,0.0,0.0,0.0,0.0,0.0,5.0,0.0,0.0,0.0,0.0,0.0,0.0,703484,2025-03-02 17:00:00,2025
Brøndby IF,7.0,0.0,0.0,0.0,8.0,1.0,71.8,18.0,5.0,0.3,0.0,0.0,0.0,0.0,0.0,0.0,0.0,0.0,0.0,0.0,0.0,6.0,0.0,0.0,0.0,0.0,0.0,0.0,Lyngby Boldklub,16.0,3.0,0.0,0.0,3.0,4.0,28.2,7.0,2.0,0.3,0.0,0.0,0.0,0.0,0.0,0.0,0.0,0.0,0.0,0.0,0.0,3.0,0.0,0.0,0.0,0.0,0.0,0.0,703485,2025-03-03 18:00:00,2025
FC Nordsjælland,12.0,0.0,0.0,0.0,4.0,4.0,64.3,13.0,7.0,0.5,0.0,0.0,0.0,0.0,0.0,0.0,0.0,0.0,0.0,0.0,0.0,3.0,0.0,0.0,0.0,0.0,0.0,0.0,Vejle Boldklub,10.0,1.0,0.0,0.0,1.0,4.0,35.7,9.0,5.0,0.6,0.0,0.0,0.0,0.0,0.0,0.0,0.0,0.0,0.0,0.0,0.0,2.0,0.0,0.0,0.0,0.0,0.0,0.0,703493,2025-03-07 18:00:00,2025
Silkeborg IF,17.0,3.0,0.0,0.0,6.0,2.0,59.4,21.0,6.0,0.3,0.0,0.0,0.0,0.0,0.0,0.0,0.0,0.0,0.0,0.0,0.0,7.0,0.0,0.0,0.0,0.0,0.0,0.0,Lyngby Boldklub,18.0,5.0,0.0,0.0,4.0,6.0,40.6,8.0,3.0,0.4,0.0,0.0,0.0,0.0,0.0,0.0,0.0,0.0,0.0,0.0,0.0,1.0,0.0,0.0,0.0,0.0,0.0,0.0,703495,2025-03-09 13:00:00,2025
AaB,11.0,2.0,0.0,0.0,8.0,5.0,48.3,10.0,4.0,0.4,0.0,0.0,0.0,0.0,0.0,0.0,0.0,0.0,0.0,0.0,0.0,2.0,0.0,0.0,0.0,0.0,0.0,0.0,FC Midtjylland,7.0,0.0,0.0,0.0,7.0,3.0,51.7,28.0,11.0,0.4,0.0,0.0,0.0,0.0,0.0,0.0,0.0,0.0,0.0,0.0,0.0,6.0,0.0,0.0,0.0,0.0,0.0,0.0,703491,2025-03-09 13:00:00,2025
AGF,20.0,3.0,0.0,0.0,8.0,1.0,59.8,23.0,8.0,0.3,0.0,0.0,0.0,0.0,0.0,0.0,0.0,0.0,0.0,0.0,0.0,7.0,0.0,0.0,0.0,0.0,0.0,0.0,Viborg FF,8.0,2.0,1.0,0.0,1.0,7.0,40.2,6.0,1.0,0.2,0.0,0.0,0.0,0.0,0.0,0.0,0.0,0.0,0.0,0.0,0.0,2.0,0.0,0.0,0.0,0.0,0.0,0.0,703490,2025-03-09 15:00:00,2025
F.C. København,11.0,2.0,0.0,0.0,3.0,1.0,65.5,12.0,6.0,0.5,0.0,0.0,0.0,0.0,0.0,0.0,0.0,0.0,0.0,0.0,0.0,1.0,0.0,0.0,0.0,0.0,0.0,0.0,Sønderjyske Fodbold,10.0,3.0,0.0,0.0,3.0,5.0,34.5,6.0,2.0,0.3,0.0,0.0,0.0,0.0,0.0,0.0,0.0,0.0,0.0,0.0,0.0,0.0,0.0,0.0,0.0,0.0,0.0,0.0,703492,2025-03-09 17:00:00,2025
Randers FC,10.0,0.0,0.0,0.0,4.0,3.0,44.2,9.0,7.0,0.8,0.0,0.0,0.0,0.0,0.0,0.0,0.0,0.0,0.0,0.0,0.0,1.0,0.0,0.0,0.0,0.0,0.0,0.0,Brøndby IF,10.0,0.0,0.0,0.0,2.0,2.0,55.8,14.0,5.0,0.4,0.0,0.0,0.0,0.0,0.0,0.0,0.0,0.0,0.0,0.0,0.0,4.0,0.0,0.0,0.0,0.0,0.0,0.0,703494,2025-03-10 18:00:00,2025
Brøndby IF,9.0,3.0,0.0,0.0,7.0,1.0,47.2,19.0,6.0,0.3,0.0,0.0,0.0,0.0,0.0,0.0,0.0,0.0,0.0,0.0,0.0,7.0,0.0,0.0,0.0,0.0,0.0,0.0,Silkeborg IF,8.0,2.0,0.0,0.0,1.0,4.0,52.8,8.0,3.0,0.4,0.0,0.0,0.0,0.0,0.0,0.0,0.0,0.0,0.0,0.0,0.0,3.0,0.0,0.0,0.0,0.0,0.0,0.0,703496,2025-03-16 16:00:00,2025
Viborg FF,13.0,1.0,0.0,0.0,5.0,3.0,42.2,13.0,5.0,0.4,0.0,0.0,0.0,0.0,0.0,0.0,0.0,0.0,0.0,0.0,0.0,2.0,0.0,0.0,0.0,0.0,0.0,0.0,F.C. København,7.0,1.0,0.0,0.0,5.0,2.0,57.8,18.0,5.0,0.3,0.0,0.0,0.0,0.0,0.0,0.0,0.0,0.0,0.0,0.0,0.0,3.0,0.0,0.0,0.0,0.0,0.0,0.0,703501,2025-03-16 16:00:00,2025
Sønderjyske Fodbold,11.0,3.0,1.0,0.0,2.0,5.0,40.1,1.0,1.0,1.0,0.0,0.0,0.0,0.0,0.0,0.0,0.0,0.0,0.0,0.0,0.0,0.0,0.0,0.0,0.0,0.0,0.0,0.0,AaB,8.0,1.0,0.0,0.0,7.0,1.0,59.9,15.0,8.0,0.5,0.0,1.0,0.0,0.0,0.0,0.0,0.0,0.0,0.0,0.0,0.0,2.0,0.0,0.0,0.0,0.0,0.0,0.0,703499,2025-03-16 16:00:00,2025
Lyngby Boldklub,9.0,3.0,0.0,0.0,0.0,4.0,29.4,5.0,2.0,0.4,0.0,0.0,0.0,0.0,0.0,0.0,0.0,0.0,0.0,0.0,0.0,0.0,0.0,0.0,0.0,0.0,0.0,0.0,FC Nordsjælland,18.0,4.0,0.0,0.0,5.0,1.0,70.6,21.0,3.0,0.1,0.0,0.0,0.0,0.0,0.0,0.0,0.0,0.0,0.0,0.0,0.0,8.0,0.0,0.0,0.0,0.0,0.0,0.0,703498,2025-03-16 16:00:00,2025
Vejle Boldklub,9.0,2.0,0.0,0.0,7.0,7.0,37.4,11.0,5.0,0.5,0.0,0.0,0.0,0.0,0.0,0.0,0.0,0.0,0.0,0.0,0.0,3.0,0.0,0.0,0.0,0.0,0.0,0.0,AGF,8.0,2.0,0.0,0.0,11.0,1.0,62.6,21.0,9.0,0.4,0.0,0.0,0.0,0.0,0.0,0.0,0.0,0.0,0.0,0.0,0.0,7.0,0.0,0.0,0.0,0.0,0.0,0.0,703500,2025-03-16 16:00:00,2025
FC Midtjylland,10.0,1.0,0.0,0.0,5.0,2.0,55.6,13.0,5.0,0.4,0.0,0.0,0.0,0.0,0.0,0.0,0.0,0.0,0.0,0.0,0.0,5.0,0.0,0.0,0.0,0.0,0.0,0.0,Randers FC,10.0,1.0,0.0,0.0,2.0,2.0,44.4,11.0,5.0,0.5,0.0,0.0,0.0,0.0,0.0,0.0,0.0,0.0,0.0,0.0,0.0,3.0,0.0,0.0,0.0,0.0,0.0,0.0,703497,2025-03-16 16:00:00,2025
AaB,17.0,3.0,0.0,0.0,6.0,1.0,48.8,14.0,2.0,0.1,0.0,0.0,0.0,0.0,0.0,0.0,0.0,0.0,0.0,0.0,0.0,3.0,0.0,0.0,0.0,0.0,0.0,0.0,Viborg FF,12.0,2.0,0.0,0.0,6.0,2.0,51.2,15.0,5.0,0.3,0.0,0.0,0.0,0.0,0.0,0.0,0.0,0.0,0.0,0.0,0.0,4.0,0.0,0.0,0.0,0.0,0.0,0.0,734878,2025-03-28 18:00:00,2025
Sønderjyske Fodbold,7.0,1.0,0.0,0.0,3.0,4.0,32.5,6.0,4.0,0.7,0.0,0.0,0.0,0.0,0.0,0.0,0.0,0.0,0.0,0.0,0.0,0.0,0.0,0.0,0.0,0.0,0.0,0.0,Silkeborg IF,6.0,1.0,0.0,0.0,6.0,2.0,67.5,23.0,6.0,0.3,0.0,0.0,0.0,0.0,0.0,0.0,0.0,0.0,0.0,0.0,0.0,10.0,0.0,0.0,0.0,0.0,0.0,0.0,734880,2025-03-30 12:00:00,2025
Lyngby Boldklub,12.0,3.0,0.0,0.0,8.0,1.0,67.8,11.0,4.0,0.4,0.0,1.0,0.0,0.0,0.0,0.0,0.0,0.0,0.0,0.0,0.0,4.0,0.0,0.0,0.0,0.0,0.0,0.0,Vejle Boldklub,11.0,0.0,0.0,0.0,2.0,3.0,32.2,11.0,3.0,0.3,0.0,0.0,0.0,0.0,0.0,0.0,0.0,0.0,0.0,0.0,0.0,2.0,0.0,0.0,0.0,0.0,0.0,0.0,734879,2025-03-30 12:00:00,2025
AGF,6.0,3.0,0.0,0.0,4.0,2.0,34.6,16.0,7.0,0.4,0.0,0.0,0.0,0.0,0.0,0.0,0.0,0.0,0.0,0.0,0.0,5.0,0.0,0.0,0.0,0.0,0.0,0.0,FC Nordsjælland,9.0,1.0,1.0,0.0,4.0,5.0,65.4,11.0,3.0,0.3,0.0,0.0,0.0,0.0,0.0,0.0,0.0,0.0,0.0,0.0,0.0,1.0,0.0,0.0,0.0,0.0,0.0,0.0,734881,2025-03-30 14:00:00,2025
FC Midtjylland,6.0,2.0,0.0,0.0,16.0,4.0,49.1,22.0,8.0,0.4,0.0,0.0,0.0,0.0,0.0,0.0,0.0,0.0,0.0,0.0,0.0,6.0,0.0,0.0,0.0,0.0,0.0,0.0,Brøndby IF,5.0,1.0,0.0,0.0,5.0,8.0,50.9,9.0,6.0,0.7,0.0,0.0,0.0,0.0,0.0,0.0,0.0,0.0,0.0,0.0,0.0,0.0,0.0,0.0,0.0,0.0,0.0,0.0,734882,2025-03-30 16:00:00,2025
F.C. København,14.0,3.0,0.0,0.0,3.0,1.0,55.9,13.0,4.0,0.3,0.0,0.0,0.0,0.0,0.0,0.0,0.0,0.0,0.0,0.0,0.0,5.0,0.0,0.0,0.0,0.0,0.0,0.0,Randers FC,14.0,2.0,0.0,0.0,2.0,3.0,44.1,4.0,1.0,0.3,0.0,0.0,0.0,0.0,0.0,0.0,0.0,0.0,0.0,0.0,0.0,0.0,0.0,0.0,0.0,0.0,0.0,0.0,734883,2025-03-31 17:00:00,2025
Randers FC,16.0,1.0,0.0,0.0,8.0,1.0,49.2,11.0,5.0,0.5,0.0,0.0,0.0,0.0,0.0,0.0,0.0,0.0,0.0,0.0,0.0,4.0,0.0,0.0,0.0,0.0,0.0,0.0,FC Midtjylland,8.0,1.0,0.0,0.0,2.0,3.0,50.8,8.0,2.0,0.3,1.0,1.0,0.0,0.0,0.0,0.0,0.0,0.0,0.0,0.0,0.0,1.0,0.0,0.0,0.0,0.0,0.0,0.0,734884,2025-04-04 17:00:00,2025
Viborg FF,12.0,4.0,0.0,0.0,4.0,3.0,57.6,10.0,4.0,0.4,0.0,0.0,0.0,0.0,0.0,0.0,0.0,0.0,0.0,0.0,0.0,4.0,0.0,0.0,0.0,0.0,0.0,0.0,Sønderjyske Fodbold,16.0,5.0,0.0,0.0,5.0,2.0,42.4,14.0,3.0,0.2,0.0,0.0,0.0,0.0,0.0,0.0,0.0,0.0,0.0,0.0,0.0,2.0,0.0,0.0,0.0,0.0,0.0,0.0,734886,2025-04-06 12:00:00,2025
Silkeborg IF,8.0,1.0,0.0,0.0,1.0,1.0,44.8,6.0,4.0,0.7,1.0,1.0,0.0,0.0,0.0,0.0,0.0,0.0,0.0,0.0,0.0,1.0,0.0,0.0,0.0,0.0,0.0,0.0,Lyngby Boldklub,8.0,4.0,0.0,0.0,3.0,1.0,55.2,8.0,2.0,0.3,0.0,1.0,0.0,0.0,0.0,0.0,0.0,0.0,0.0,0.0,0.0,3.0,0.0,0.0,0.0,0.0,0.0,0.0,734885,2025-04-06 12:00:00,2025
Vejle Boldklub,10.0,2.0,0.0,0.0,5.0,2.0,60.2,12.0,2.0,0.2,0.0,0.0,0.0,0.0,0.0,0.0,0.0,0.0,0.0,0.0,0.0,4.0,0.0,0.0,0.0,0.0,0.0,0.0,AaB,7.0,1.0,0.0,0.0,5.0,1.0,39.8,12.0,3.0,0.3,0.0,0.0,0.0,0.0,0.0,0.0,0.0,0.0,0.0,0.0,0.0,2.0,0.0,0.0,0.0,0.0,0.0,0.0,734887,2025-04-06 14:00:00,2025
FC Nordsjælland,13.0,1.0,0.0,0.0,3.0,3.0,62.0,5.0,2.0,0.4,0.0,0.0,0.0,0.0,0.0,0.0,0.0,0.0,0.0,0.0,0.0,1.0,0.0,0.0,0.0,0.0,0.0,0.0,F.C. København,6.0,0.0,0.0,0.0,2.0,2.0,38.0,12.0,4.0,0.3,0.0,0.0,0.0,0.0,0.0,0.0,0.0,0.0,0.0,0.0,0.0,2.0,0.0,0.0,0.0,0.0,0.0,0.0,734888,2025-04-06 16:00:00,2025
Brøndby IF,6.0,0.0,0.0,0.0,4.0,2.0,39.8,13.0,4.0,0.3,0.0,0.0,0.0,0.0,0.0,0.0,0.0,0.0,0.0,0.0,0.0,3.0,0.0,0.0,0.0,0.0,0.0,0.0,AGF,11.0,2.0,0.0,0.0,5.0,2.0,60.2,9.0,3.0,0.3,0.0,0.0,0.0,0.0,0.0,0.0,0.0,0.0,0.0,0.0,0.0,1.0,0.0,0.0,0.0,0.0,0.0,0.0,734889,2025-04-07 17:00:00,2025
AaB,5.0,0.0,0.0,0.0,4.0,3.0,39.2,12.0,6.0,0.5,1.0,1.0,0.0,0.0,0.0,0.0,0.0,0.0,0.0,0.0,0.0,0.0,0.0,0.0,0.0,0.0,0.0,0.0,Lyngby Boldklub,12.0,1.0,0.0,0.0,4.0,3.0,60.8,13.0,6.0,0.5,0.0,0.0,0.0,0.0,0.0,0.0,0.0,0.0,0.0,0.0,0.0,3.0,0.0,0.0,0.0,0.0,0.0,0.0,734890,2025-04-11 17:00:00,2025
F.C. København,6.0,5.0,1.0,0.0,7.0,2.0,60.1,19.0,5.0,0.3,0.0,1.0,0.0,0.0,0.0,0.0,0.0,0.0,0.0,0.0,0.0,5.0,0.0,0.0,0.0,0.0,0.0,0.0,Brøndby IF,13.0,3.0,2.0,0.0,4.0,4.0,39.9,7.0,5.0,0.7,1.0,1.0,0.0,0.0,0.0,0.0,0.0,0.0,0.0,0.0,0.0,1.0,0.0,0.0,0.0,0.0,0.0,0.0,734891,2025-04-13 12:00:00,2025
Viborg FF,5.0,1.0,0.0,0.0,7.0,5.0,47.8,17.0,3.0,0.2,0.0,0.0,0.0,0.0,0.0,0.0,0.0,0.0,0.0,0.0,0.0,5.0,0.0,0.0,0.0,0.0,0.0,0.0,Silkeborg IF,14.0,0.0,0.0,0.0,2.0,1.0,52.2,15.0,6.0,0.4,0.0,0.0,0.0,0.0,0.0,0.0,0.0,0.0,0.0,0.0,0.0,5.0,0.0,0.0,0.0,0.0,0.0,0.0,734892,2025-04-13 12:00:00,2025
AGF,9.0,1.0,0.0,0.0,3.0,6.0,59.8,8.0,3.0,0.4,0.0,0.0,0.0,0.0,0.0,0.0,0.0,0.0,0.0,0.0,0.0,4.0,0.0,0.0,0.0,0.0,0.0,0.0,FC Midtjylland,11.0,3.0,0.0,0.0,10.0,2.0,40.2,13.0,7.0,0.5,0.0,0.0,0.0,0.0,0.0,0.0,0.0,0.0,0.0,0.0,0.0,3.0,0.0,0.0,0.0,0.0,0.0,0.0,734893,2025-04-13 14:00:00,2025
FC Nordsjælland,8.0,1.0,0.0,0.0,5.0,2.0,64.2,15.0,10.0,0.7,0.0,0.0,0.0,0.0,0.0,0.0,0.0,0.0,0.0,0.0,0.0,3.0,0.0,0.0,0.0,0.0,0.0,0.0,Randers FC,6.0,4.0,0.0,0.0,6.0,5.0,35.8,7.0,4.0,0.6,0.0,0.0,0.0,0.0,0.0,0.0,0.0,0.0,0.0,0.0,0.0,1.0,0.0,0.0,0.0,0.0,0.0,0.0,734894,2025-04-13 16:00:00,2025
Sønderjyske Fodbold,10.0,1.0,0.0,0.0,7.0,1.0,44.0,10.0,4.0,0.4,0.0,0.0,0.0,0.0,0.0,0.0,0.0,0.0,0.0,0.0,0.0,2.0,0.0,0.0,0.0,0.0,0.0,0.0,Vejle Boldklub,7.0,2.0,0.0,0.0,6.0,3.0,56.0,13.0,1.0,0.1,0.0,0.0,0.0,0.0,0.0,0.0,0.0,0.0,0.0,0.0,0.0,6.0,0.0,0.0,0.0,0.0,0.0,0.0,734895,2025-04-14 17:00:00,2025
Silkeborg IF,9.0,1.0,0.0,0.0,1.0,0.0,63.5,10.0,6.0,0.6,0.0,0.0,0.0,0.0,0.0,0.0,0.0,0.0,0.0,0.0,0.0,2.0,0.0,0.0,0.0,0.0,0.0,0.0,AaB,8.0,0.0,0.0,0.0,4.0,2.0,36.5,6.0,0.0,0.0,0.0,0.0,0.0,0.0,0.0,0.0,0.0,0.0,0.0,0.0,0.0,2.0,0.0,0.0,0.0,0.0,0.0,0.0,734896,2025-04-16 17:00:00,2025
Vejle Boldklub,13.0,1.0,0.0,0.0,6.0,3.0,46.5,20.0,9.0,0.5,0.0,0.0,0.0,0.0,0.0,0.0,0.0,0.0,0.0,0.0,0.0,6.0,0.0,0.0,0.0,0.0,0.0,0.0,Viborg FF,9.0,3.0,0.0,0.0,5.0,6.0,53.5,15.0,6.0,0.4,0.0,0.0,0.0,0.0,0.0,0.0,0.0,0.0,0.0,0.0,0.0,5.0,0.0,0.0,0.0,0.0,0.0,0.0,734898,2025-04-17 12:00:00,2025
Lyngby Boldklub,7.0,2.0,0.0,0.0,5.0,1.0,59.0,9.0,0.0,0.0,0.0,0.0,0.0,0.0,0.0,0.0,0.0,0.0,0.0,0.0,0.0,4.0,0.0,0.0,0.0,0.0,0.0,0.0,Sønderjyske Fodbold,12.0,4.0,0.0,0.0,5.0,0.0,41.0,18.0,3.0,0.2,1.0,1.0,0.0,0.0,0.0,0.0,0.0,0.0,0.0,0.0,0.0,3.0,0.0,0.0,0.0,0.0,0.0,0.0,734897,2025-04-17 12:00:00,2025
Randers FC,8.0,0.0,0.0,0.0,7.0,6.0,49.4,11.0,7.0,0.6,1.0,1.0,0.0,0.0,0.0,0.0,0.0,0.0,0.0,0.0,0.0,1.0,0.0,0.0,0.0,0.0,0.0,0.0,AGF,9.0,1.0,0.0,0.0,7.0,4.0,50.6,16.0,7.0,0.4,0.0,0.0,0.0,0.0,0.0,0.0,0.0,0.0,0.0,0.0,0.0,5.0,0.0,0.0,0.0,0.0,0.0,0.0,734899,2025-04-17 14:00:00,2025
FC Midtjylland,13.0,1.0,0.0,0.0,4.0,4.0,33.5,14.0,6.0,0.4,1.0,1.0,0.0,0.0,0.0,0.0,0.0,0.0,0.0,0.0,0.0,2.0,0.0,0.0,0.0,0.0,0.0,0.0,F.C. København,16.0,2.0,0.0,0.0,5.0,0.0,66.5,18.0,6.0,0.3,0.0,0.0,0.0,0.0,0.0,0.0,0.0,0.0,0.0,0.0,0.0,3.0,0.0,0.0,0.0,0.0,0.0,0.0,734900,2025-04-17 16:00:00,2025
Brøndby IF,8.0,1.0,0.0,0.0,11.0,2.0,42.8,20.0,10.0,0.5,0.0,0.0,0.0,0.0,0.0,0.0,0.0,0.0,0.0,0.0,0.0,3.0,0.0,0.0,0.0,0.0,0.0,0.0,FC Nordsjælland,11.0,0.0,0.0,0.0,6.0,9.0,57.2,13.0,2.0,0.2,0.0,0.0,0.0,0.0,0.0,0.0,0.0,0.0,0.0,0.0,0.0,3.0,0.0,0.0,0.0,0.0,0.0,0.0,734901,2025-04-18 17:00:00,2025
AaB,9.0,1.0,0.0,0.0,9.0,6.0,63.6,16.0,3.0,0.2,0.0,0.0,0.0,0.0,0.0,0.0,0.0,0.0,0.0,0.0,0.0,8.0,0.0,0.0,0.0,0.0,0.0,0.0,Sønderjyske Fodbold,14.0,2.0,0.0,0.0,6.0,2.0,36.4,13.0,8.0,0.6,0.0,1.0,0.0,0.0,0.0,0.0,0.0,0.0,0.0,0.0,0.0,2.0,0.0,0.0,0.0,0.0,0.0,0.0,734902,2025-04-20 15:00:00,2025
Vejle Boldklub,5.0,1.0,0.0,0.0,5.0,6.0,38.8,15.0,5.0,0.3,0.0,0.0,0.0,0.0,0.0,0.0,0.0,0.0,0.0,0.0,0.0,2.0,0.0,0.0,0.0,0.0,0.0,0.0,Silkeborg IF,10.0,0.0,0.0,0.0,7.0,5.0,61.2,18.0,10.0,0.6,0.0,0.0,0.0,0.0,0.0,0.0,0.0,0.0,0.0,0.0,0.0,4.0,0.0,0.0,0.0,0.0,0.0,0.0,734903,2025-04-21 12:00:00,2025
Viborg FF,9.0,0.0,0.0,0.0,6.0,0.0,59.0,13.0,1.0,0.1,0.0,0.0,0.0,0.0,0.0,0.0,0.0,0.0,0.0,0.0,0.0,7.0,0.0,0.0,0.0,0.0,0.0,0.0,Lyngby Boldklub,11.0,2.0,0.0,0.0,5.0,0.0,41.0,6.0,2.0,0.3,0.0,0.0,0.0,0.0,0.0,0.0,0.0,0.0,0.0,0.0,0.0,0.0,0.0,0.0,0.0,0.0,0.0,0.0,734904,2025-04-21 12:00:00,2025
Brøndby IF,11.0,2.0,0.0,0.0,5.0,0.0,62.9,18.0,6.0,0.3,1.0,1.0,0.0,0.0,0.0,0.0,0.0,0.0,0.0,0.0,0.0,3.0,0.0,0.0,0.0,0.0,0.0,0.0,Randers FC,11.0,2.0,1.0,0.0,1.0,2.0,37.1,4.0,2.0,0.5,0.0,0.0,0.0,0.0,0.0,0.0,0.0,0.0,0.0,0.0,0.0,0.0,0.0,0.0,0.0,0.0,0.0,0.0,734905,2025-04-21 14:00:00,2025
F.C. København,12.0,2.0,0.0,0.0,4.0,2.0,44.3,8.0,5.0,0.6,0.0,0.0,0.0,0.0,0.0,0.0,0.0,0.0,0.0,0.0,0.0,2.0,0.0,0.0,0.0,0.0,0.0,0.0,AGF,9.0,3.0,0.0,0.0,5.0,2.0,55.7,11.0,3.0,0.3,0.0,0.0,0.0,0.0,0.0,0.0,0.0,0.0,0.0,0.0,0.0,6.0,0.0,0.0,0.0,0.0,0.0,0.0,734906,2025-04-21 16:00:00,2025
FC Nordsjælland,5.0,3.0,0.0,0.0,4.0,8.0,67.9,21.0,11.0,0.5,1.0,1.0,0.0,0.0,0.0,0.0,0.0,0.0,0.0,0.0,0.0,3.0,0.0,0.0,0.0,0.0,0.0,0.0,FC Midtjylland,7.0,0.0,1.0,0.0,7.0,8.0,32.1,19.0,10.0,0.5,0.0,0.0,0.0,0.0,0.0,0.0,0.0,0.0,0.0,0.0,0.0,3.0,0.0,0.0,0.0,0.0,0.0,0.0,734907,2025-04-22 17:00:00,2025
Randers FC,8.0,1.0,0.0,0.0,5.0,3.0,53.0,9.0,1.0,0.1,0.0,0.0,0.0,0.0,0.0,0.0,0.0,0.0,0.0,0.0,0.0,5.0,0.0,0.0,0.0,0.0,0.0,0.0,Brøndby IF,13.0,1.0,0.0,0.0,10.0,1.0,47.0,10.0,2.0,0.2,0.0,0.0,0.0,0.0,0.0,0.0,0.0,0.0,0.0,0.0,0.0,5.0,0.0,0.0,0.0,0.0,0.0,0.0,734908,2025-04-25 17:00:00,2025
Lyngby Boldklub,12.0,1.0,0.0,0.0,4.0,2.0,32.5,11.0,4.0,0.4,0.0,0.0,0.0,0.0,0.0,0.0,0.0,0.0,0.0,0.0,0.0,2.0,0.0,0.0,0.0,0.0,0.0,0.0,Silkeborg IF,10.0,0.0,0.0,0.0,7.0,2.0,67.5,11.0,2.0,0.2,0.0,0.0,0.0,0.0,0.0,0.0,0.0,0.0,0.0,0.0,0.0,6.0,0.0,0.0,0.0,0.0,0.0,0.0,734910,2025-04-27 12:00:00,2025
Sønderjyske Fodbold,10.0,4.0,0.0,0.0,3.0,5.0,47.3,6.0,3.0,0.5,0.0,0.0,0.0,0.0,0.0,0.0,0.0,0.0,0.0,0.0,0.0,2.0,0.0,0.0,0.0,0.0,0.0,0.0,Viborg FF,13.0,1.0,1.0,0.0,3.0,1.0,52.7,15.0,7.0,0.5,0.0,0.0,0.0,0.0,0.0,0.0,0.0,0.0,0.0,0.0,0.0,3.0,0.0,0.0,0.0,0.0,0.0,0.0,734909,2025-04-27 12:00:00,2025
AGF,4.0,1.0,0.0,0.0,6.0,3.0,50.3,11.0,5.0,0.5,0.0,0.0,0.0,0.0,0.0,0.0,0.0,0.0,0.0,0.0,0.0,2.0,0.0,0.0,0.0,0.0,0.0,0.0,F.C. København,7.0,2.0,0.0,0.0,0.0,4.0,49.7,9.0,6.0,0.7,0.0,0.0,0.0,0.0,0.0,0.0,0.0,0.0,0.0,0.0,0.0,1.0,0.0,0.0,0.0,0.0,0.0,0.0,734911,2025-04-27 14:00:00,2025
FC Midtjylland,15.0,1.0,0.0,0.0,8.0,6.0,53.0,23.0,8.0,0.3,0.0,0.0,0.0,0.0,0.0,0.0,0.0,0.0,0.0,0.0,0.0,10.0,0.0,0.0,0.0,0.0,0.0,0.0,FC Nordsjælland,6.0,0.0,0.0,0.0,2.0,3.0,47.0,11.0,6.0,0.5,0.0,0.0,0.0,0.0,0.0,0.0,0.0,0.0,0.0,0.0,0.0,1.0,0.0,0.0,0.0,0.0,0.0,0.0,734912,2025-04-27 16:00:00,2025
AaB,10.0,1.0,0.0,0.0,5.0,2.0,49.6,14.0,3.0,0.2,0.0,0.0,0.0,0.0,0.0,0.0,0.0,0.0,0.0,0.0,0.0,3.0,0.0,0.0,0.0,0.0,0.0,0.0,Vejle Boldklub,12.0,1.0,0.0,0.0,8.0,3.0,50.4,5.0,2.0,0.4,0.0,0.0,0.0,0.0,0.0,0.0,0.0,0.0,0.0,0.0,0.0,2.0,0.0,0.0,0.0,0.0,0.0,0.0,734913,2025-04-28 17:00:00,2025
Randers FC,10.0,2.0,0.0,0.0,3.0,6.0,41.1,18.0,6.0,0.3,0.0,0.0,0.0,0.0,0.0,0.0,0.0,0.0,0.0,0.0,0.0,5.0,0.0,0.0,0.0,0.0,0.0,0.0,FC Nordsjælland,8.0,2.0,0.0,0.0,4.0,4.0,58.9,11.0,8.0,0.7,0.0,0.0,0.0,0.0,0.0,0.0,0.0,0.0,0.0,0.0,0.0,3.0,0.0,0.0,0.0,0.0,0.0,0.0,734914,2025-05-02 17:00:00,2025
Silkeborg IF,4.0,0.0,0.0,0.0,6.0,3.0,71.8,16.0,8.0,0.5,0.0,0.0,0.0,0.0,0.0,0.0,0.0,0.0,0.0,0.0,0.0,1.0,0.0,0.0,0.0,0.0,0.0,0.0,Vejle Boldklub,5.0,1.0,0.0,0.0,4.0,6.0,28.2,8.0,4.0,0.5,0.0,0.0,0.0,0.0,0.0,0.0,0.0,0.0,0.0,0.0,0.0,2.0,0.0,0.0,0.0,0.0,0.0,0.0,734916,2025-05-04 12:00:00,2025
Lyngby Boldklub,13.0,4.0,0.0,0.0,8.0,0.0,38.9,19.0,4.0,0.2,0.0,0.0,0.0,0.0,0.0,0.0,0.0,0.0,0.0,0.0,0.0,8.0,0.0,0.0,0.0,0.0,0.0,0.0,Viborg FF,16.0,1.0,0.0,0.0,9.0,4.0,61.1,8.0,0.0,0.0,0.0,0.0,0.0,0.0,0.0,0.0,0.0,0.0,0.0,0.0,0.0,3.0,0.0,0.0,0.0,0.0,0.0,0.0,734915,2025-05-04 12:00:00,2025
Brøndby IF,12.0,2.0,0.0,0.0,5.0,1.0,56.5,15.0,4.0,0.3,0.0,0.0,0.0,0.0,0.0,0.0,0.0,0.0,0.0,0.0,0.0,6.0,0.0,0.0,0.0,0.0,0.0,0.0,F.C. København,13.0,4.0,0.0,0.0,3.0,4.0,43.5,8.0,4.0,0.5,0.0,0.0,0.0,0.0,0.0,0.0,0.0,0.0,0.0,0.0,0.0,2.0,0.0,0.0,0.0,0.0,0.0,0.0,734917,2025-05-04 14:00:00,2025
FC Midtjylland,12.0,1.0,1.0,0.0,5.0,2.0,56.3,10.0,4.0,0.4,2.0,2.0,0.0,0.0,0.0,0.0,0.0,0.0,0.0,0.0,0.0,2.0,0.0,0.0,0.0,0.0,0.0,0.0,AGF,11.0,0.0,1.0,0.0,2.0,1.0,43.7,12.0,3.0,0.3,0.0,0.0,0.0,0.0,0.0,0.0,0.0,0.0,0.0,0.0,0.0,1.0,0.0,0.0,0.0,0.0,0.0,0.0,734918,2025-05-04 16:00:00,2025
Sønderjyske Fodbold,15.0,0.0,0.0,0.0,2.0,5.0,38.7,11.0,4.0,0.4,0.0,0.0,0.0,0.0,0.0,0.0,0.0,0.0,0.0,0.0,0.0,1.0,0.0,0.0,0.0,0.0,0.0,0.0,AaB,11.0,2.0,0.0,0.0,7.0,2.0,61.3,24.0,7.0,0.3,0.0,0.0,0.0,0.0,0.0,0.0,0.0,0.0,0.0,0.0,0.0,10.0,0.0,0.0,0.0,0.0,0.0,0.0,734919,2025-05-05 17:00:00,2025
FC Nordsjælland,5.0,0.0,0.0,0.0,6.0,2.0,58.1,16.0,4.0,0.3,0.0,0.0,0.0,0.0,0.0,0.0,0.0,0.0,0.0,0.0,0.0,3.0,0.0,0.0,0.0,0.0,0.0,0.0,Brøndby IF,10.0,0.0,1.0,0.0,7.0,2.0,41.9,15.0,5.0,0.3,0.0,0.0,0.0,0.0,0.0,0.0,0.0,0.0,0.0,0.0,0.0,4.0,0.0,0.0,0.0,0.0,0.0,0.0,734920,2025-05-11 12:00:00,2025
Silkeborg IF,8.0,1.0,0.0,0.0,6.0,3.0,53.5,10.0,2.0,0.2,0.0,0.0,0.0,0.0,0.0,0.0,0.0,0.0,0.0,0.0,0.0,2.0,0.0,0.0,0.0,0.0,0.0,0.0,Sønderjyske Fodbold,6.0,1.0,0.0,0.0,1.0,1.0,46.5,8.0,3.0,0.4,0.0,0.0,0.0,0.0,0.0,0.0,0.0,0.0,0.0,0.0,0.0,2.0,0.0,0.0,0.0,0.0,0.0,0.0,734921,2025-05-11 12:00:00,2025
AGF,10.0,0.0,0.0,0.0,4.0,0.0,47.5,17.0,9.0,0.5,0.0,0.0,0.0,0.0,0.0,0.0,0.0,0.0,0.0,0.0,0.0,2.0,0.0,0.0,0.0,0.0,0.0,0.0,Randers FC,13.0,0.0,0.0,0.0,5.0,8.0,52.5,8.0,3.0,0.4,0.0,0.0,0.0,0.0,0.0,0.0,0.0,0.0,0.0,0.0,0.0,4.0,0.0,0.0,0.0,0.0,0.0,0.0,734922,2025-05-11 14:00:00,2025
Viborg FF,15.0,3.0,0.0,0.0,8.0,2.0,54.1,22.0,7.0,0.3,0.0,0.0,0.0,0.0,0.0,0.0,0.0,0.0,0.0,0.0,0.0,9.0,0.0,0.0,0.0,0.0,0.0,0.0,AaB,20.0,1.0,0.0,0.0,8.0,5.0,45.9,11.0,3.0,0.3,0.0,0.0,0.0,0.0,0.0,0.0,0.0,0.0,0.0,0.0,0.0,5.0,0.0,0.0,0.0,0.0,0.0,0.0,734923,2025-05-11 16:00:00,2025
F.C. København,13.0,1.0,0.0,0.0,5.0,0.0,56.0,16.0,3.0,0.2,0.0,0.0,0.0,0.0,0.0,0.0,0.0,0.0,0.0,0.0,0.0,6.0,0.0,0.0,0.0,0.0,0.0,0.0,FC Midtjylland,15.0,5.0,0.0,0.0,0.0,2.0,44.0,8.0,1.0,0.1,0.0,0.0,0.0,0.0,0.0,0.0,0.0,0.0,0.0,0.0,0.0,4.0,0.0,0.0,0.0,0.0,0.0,0.0,734924,2025-05-11 18:00:00,2025
Vejle Boldklub,13.0,2.0,0.0,0.0,1.0,2.0,37.0,12.0,3.0,0.3,0.0,0.0,0.0,0.0,0.0,0.0,0.0,0.0,0.0,0.0,0.0,4.0,0.0,0.0,0.0,0.0,0.0,0.0,Lyngby Boldklub,8.0,1.0,0.0,0.0,4.0,1.0,63.0,10.0,2.0,0.2,0.0,0.0,0.0,0.0,0.0,0.0,0.0,0.0,0.0,0.0,0.0,2.0,0.0,0.0,0.0,0.0,0.0,0.0,734925,2025-05-12 17:00:00,2025
FC Nordsjælland,12.0,2.0,0.0,0.0,3.0,1.0,64.1,20.0,7.0,0.4,0.0,0.0,0.0,0.0,0.0,0.0,0.0,0.0,0.0,0.0,0.0,7.0,0.0,0.0,0.0,0.0,0.0,0.0,AGF,12.0,1.0,0.0,0.0,1.0,5.0,35.9,7.0,1.0,0.1,0.0,0.0,0.0,0.0,0.0,0.0,0.0,0.0,0.0,0.0,0.0,1.0,0.0,0.0,0.0,0.0,0.0,0.0,734926,2025-05-16 17:00:00,2025
Viborg FF,8.0,0.0,0.0,0.0,14.0,4.0,69.4,24.0,8.0,0.3,0.0,0.0,0.0,0.0,0.0,0.0,0.0,0.0,0.0,0.0,0.0,7.0,0.0,0.0,0.0,0.0,0.0,0.0,Vejle Boldklub,9.0,0.0,0.0,0.0,3.0,8.0,30.6,9.0,5.0,0.6,0.0,0.0,0.0,0.0,0.0,0.0,0.0,0.0,0.0,0.0,0.0,3.0,0.0,0.0,0.0,0.0,0.0,0.0,734927,2025-05-18 12:00:00,2025
AaB,6.0,2.0,0.0,0.0,1.0,2.0,36.6,5.0,1.0,0.2,0.0,0.0,0.0,0.0,0.0,0.0,0.0,0.0,0.0,0.0,0.0,0.0,0.0,0.0,0.0,0.0,0.0,0.0,Silkeborg IF,7.0,1.0,0.0,0.0,8.0,0.0,63.4,13.0,5.0,0.4,1.0,1.0,0.0,0.0,0.0,0.0,0.0,0.0,0.0,0.0,0.0,3.0,0.0,0.0,0.0,0.0,0.0,0.0,734928,2025-05-18 12:00:00,2025
Sønderjyske Fodbold,15.0,2.0,0.0,0.0,3.0,4.0,52.5,10.0,7.0,0.7,0.0,0.0,0.0,0.0,0.0,0.0,0.0,0.0,0.0,0.0,0.0,2.0,0.0,0.0,0.0,0.0,0.0,0.0,Lyngby Boldklub,7.0,1.0,0.0,0.0,9.0,2.0,47.5,22.0,5.0,0.2,0.0,0.0,0.0,0.0,0.0,0.0,0.0,0.0,0.0,0.0,0.0,5.0,0.0,0.0,0.0,0.0,0.0,0.0,734929,2025-05-18 14:00:00,2025
Randers FC,12.0,1.0,0.0,0.0,3.0,6.0,51.4,6.0,1.0,0.2,0.0,0.0,0.0,0.0,0.0,0.0,0.0,0.0,0.0,0.0,0.0,3.0,0.0,0.0,0.0,0.0,0.0,0.0,F.C. København,11.0,2.0,0.0,0.0,4.0,1.0,48.6,15.0,10.0,0.7,0.0,0.0,0.0,0.0,0.0,0.0,0.0,0.0,0.0,0.0,0.0,1.0,0.0,0.0,0.0,0.0,0.0,0.0,734930,2025-05-18 16:00:00,2025
Brøndby IF,11.0,4.0,0.0,0.0,10.0,1.0,62.0,24.0,8.0,0.3,0.0,0.0,0.0,0.0,0.0,0.0,0.0,0.0,0.0,0.0,0.0,8.0,0.0,0.0,0.0,0.0,0.0,0.0,FC Midtjylland,5.0,3.0,0.0,0.0,3.0,7.0,38.0,10.0,2.0,0.2,0.0,0.0,0.0,0.0,0.0,0.0,0.0,0.0,0.0,0.0,0.0,1.0,0.0,0.0,0.0,0.0,0.0,0.0,734931,2025-05-19 17:00:00,2025
Lyngby Boldklub,9.0,2.0,0.0,0.0,0.0,2.0,47.9,9.0,4.0,0.4,0.0,0.0,0.0,0.0,0.0,0.0,0.0,0.0,0.0,0.0,0.0,1.0,0.0,0.0,0.0,0.0,0.0,0.0,AaB,10.0,2.0,1.0,0.0,2.0,1.0,52.1,12.0,2.0,0.2,0.0,0.0,0.0,0.0,0.0,0.0,0.0,0.0,0.0,0.0,0.0,3.0,0.0,0.0,0.0,0.0,0.0,0.0,734933,2025-05-24 13:00:00,2025
Vejle Boldklub,6.0,0.0,0.0,0.0,4.0,2.0,43.7,10.0,2.0,0.2,0.0,0.0,0.0,0.0,0.0,0.0,0.0,0.0,0.0,0.0,0.0,4.0,0.0,0.0,0.0,0.0,0.0,0.0,Sønderjyske Fodbold,14.0,0.0,0.0,0.0,7.0,0.0,56.3,8.0,5.0,0.6,0.0,0.0,0.0,0.0,0.0,0.0,0.0,0.0,0.0,0.0,0.0,1.0,0.0,0.0,0.0,0.0,0.0,0.0,734932,2025-05-24 13:00:00,2025
Silkeborg IF,12.0,1.0,0.0,0.0,6.0,4.0,55.5,16.0,7.0,0.4,0.0,0.0,0.0,0.0,0.0,0.0,0.0,0.0,0.0,0.0,0.0,7.0,0.0,0.0,0.0,0.0,0.0,0.0,Viborg FF,13.0,3.0,0.0,0.0,3.0,6.0,44.5,12.0,6.0,0.5,1.0,1.0,0.0,0.0,0.0,0.0,0.0,0.0,0.0,0.0,0.0,1.0,0.0,0.0,0.0,0.0,0.0,0.0,734934,2025-05-24 13:00:00,2025
FC Midtjylland,4.0,0.0,0.0,0.0,6.0,2.0,57.2,17.0,6.0,0.4,0.0,0.0,0.0,0.0,0.0,0.0,0.0,0.0,0.0,0.0,0.0,4.0,0.0,0.0,0.0,0.0,0.0,0.0,Randers FC,17.0,3.0,0.0,0.0,3.0,3.0,42.8,13.0,4.0,0.3,1.0,1.0,0.0,0.0,0.0,0.0,0.0,0.0,0.0,0.0,0.0,4.0,0.0,0.0,0.0,0.0,0.0,0.0,734935,2025-05-25 15:00:00,2025
AGF,8.0,0.0,0.0,0.0,6.0,5.0,46.0,19.0,9.0,0.5,0.0,0.0,0.0,0.0,0.0,0.0,0.0,0.0,0.0,0.0,0.0,5.0,0.0,0.0,0.0,0.0,0.0,0.0,Brøndby IF,8.0,4.0,0.0,0.0,3.0,7.0,54.0,14.0,8.0,0.6,0.0,0.0,0.0,0.0,0.0,0.0,0.0,0.0,0.0,0.0,0.0,2.0,0.0,0.0,0.0,0.0,0.0,0.0,734936,2025-05-25 15:00:00,2025
F.C. København,7.0,1.0,0.0,0.0,6.0,3.0,56.2,15.0,7.0,0.5,1.0,1.0,0.0,0.0,0.0,0.0,0.0,0.0,0.0,0.0,0.0,3.0,0.0,0.0,0.0,0.0,0.0,0.0,FC Nordsjælland,15.0,1.0,0.0,0.0,1.0,4.0,43.8,11.0,3.0,0.3,0.0,0.0,0.0,0.0,0.0,0.0,0.0,0.0,0.0,0.0,0.0,6.0,0.0,0.0,0.0,0.0,0.0,0.0,734937,2025-05-25 15:00:00,2025
Randers FC,13.0,3.0,0.0,0.0,4.0,6.0,49.8,17.0,5.0,0.3,0.0,0.0,0.0,0.0,0.0,0.0,0.0,0.0,0.0,0.0,0.0,3.0,0.0,0.0,0.0,0.0,0.0,0.0,Silkeborg IF,14.0,2.0,0.0,0.0,5.0,3.0,50.2,18.0,9.0,0.5,0.0,1.0,0.0,0.0,0.0,0.0,0.0,0.0,0.0,0.0,0.0,5.0,0.0,0.0,0.0,0.0,0.0,0.0,735896,2025-06-01 16:30:00,2025
Viborg FF,4.0,1.0,0.0,0.0,6.0,3.0,46.2,10.0,4.0,0.4,1.0,1.0,0.0,0.0,0.0,0.0,0.0,0.0,0.0,0.0,0.0,2.0,0.0,0.0,0.0,0.0,0.0,0.0,F.C. København,11.0,1.0,0.0,0.0,5.0,2.0,53.8,21.0,6.0,0.3,1.0,1.0,0.0,0.0,0.0,0.0,0.0,0.0,0.0,0.0,0.0,7.0,0.0,0.0,0.0,0.0,0.0,0.0,737966,2025-07-18 17:00:00,2025
FC Fredericia,14.0,3.0,0.0,0.0,5.0,4.0,39.1,6.0,3.0,0.5,0.0,0.0,0.0,0.0,0.0,0.0,0.0,0.0,0.0,0.0,0.0,1.0,0.0,0.0,0.0,0.0,0.0,0.0,FC Nordsjælland,10.0,2.0,0.0,0.0,2.0,1.0,60.9,13.0,7.0,0.5,0.0,0.0,0.0,0.0,0.0,0.0,0.0,0.0,0.0,0.0,0.0,2.0,0.0,0.0,0.0,0.0,0.0,0.0,737967,2025-07-20 12:00:00,2025
Vejle Boldklub,13.0,0.0,0.0,0.0,5.0,1.0,43.6,14.0,3.0,0.2,0.0,0.0,0.0,0.0,0.0,0.0,0.0,0.0,0.0,0.0,0.0,7.0,0.0,0.0,0.0,0.0,0.0,0.0,Randers FC,11.0,2.0,0.0,0.0,5.0,2.0,56.4,6.0,2.0,0.3,0.0,0.0,0.0,0.0,0.0,0.0,0.0,0.0,0.0,0.0,0.0,0.0,0.0,0.0,0.0,0.0,0.0,0.0,737968,2025-07-20 12:00:00,2025
Sønderjyske Fodbold,11.0,0.0,0.0,0.0,4.0,2.0,43.9,12.0,3.0,0.3,0.0,0.0,0.0,0.0,0.0,0.0,0.0,0.0,0.0,0.0,0.0,1.0,0.0,0.0,0.0,0.0,0.0,0.0,AGF,6.0,2.0,0.0,0.0,3.0,2.0,56.1,11.0,3.0,0.3,0.0,0.0,0.0,0.0,0.0,0.0,0.0,0.0,0.0,0.0,0.0,5.0,0.0,0.0,0.0,0.0,0.0,0.0,737969,2025-07-20 14:00:00,2025
FC Midtjylland,9.0,2.0,0.0,0.0,6.0,0.0,57.5,17.0,7.0,0.4,0.0,0.0,0.0,0.0,0.0,0.0,0.0,0.0,0.0,0.0,0.0,1.0,0.0,0.0,0.0,0.0,0.0,0.0,Odense Boldklub,18.0,3.0,0.0,0.0,7.0,3.0,42.5,11.0,3.0,0.3,1.0,1.0,0.0,0.0,0.0,0.0,0.0,0.0,0.0,0.0,0.0,3.0,0.0,0.0,0.0,0.0,0.0,0.0,737970,2025-07-20 16:00:00,2025
Brøndby IF,12.0,0.0,0.0,0.0,2.0,2.0,53.2,13.0,5.0,0.4,0.0,0.0,0.0,0.0,0.0,0.0,0.0,0.0,0.0,0.0,0.0,3.0,0.0,0.0,0.0,0.0,0.0,0.0,Silkeborg IF,7.0,1.0,0.0,0.0,2.0,2.0,46.8,8.0,2.0,0.3,0.0,0.0,0.0,0.0,0.0,0.0,0.0,0.0,0.0,0.0,0.0,2.0,0.0,0.0,0.0,0.0,0.0,0.0,737971,2025-07-20 18:00:00,2025
AGF,7.0,2.0,0.0,0.0,3.0,2.0,56.9,14.0,4.0,0.3,0.0,1.0,0.0,0.0,0.0,0.0,0.0,0.0,0.0,0.0,0.0,2.0,0.0,0.0,0.0,0.0,0.0,0.0,Randers FC,21.0,3.0,0.0,0.0,3.0,4.0,43.1,12.0,5.0,0.4,0.0,0.0,0.0,0.0,0.0,0.0,0.0,0.0,0.0,0.0,0.0,3.0,0.0,0.0,0.0,0.0,0.0,0.0,737972,2025-07-25 17:00:00,2025
F.C. København,14.0,0.0,0.0,0.0,3.0,1.0,47.0,15.0,4.0,0.3,0.0,0.0,0.0,0.0,0.0,0.0,0.0,0.0,0.0,0.0,0.0,5.0,0.0,0.0,0.0,0.0,0.0,0.0,Vejle Boldklub,9.0,3.0,0.0,0.0,8.0,2.0,53.0,8.0,1.0,0.1,0.0,0.0,0.0,0.0,0.0,0.0,0.0,0.0,0.0,0.0,0.0,4.0,0.0,0.0,0.0,0.0,0.0,0.0,737973,2025-07-26 16:00:00,2025
Odense Boldklub,15.0,2.0,0.0,0.0,5.0,4.0,45.0,13.0,6.0,0.5,0.0,0.0,0.0,0.0,0.0,0.0,0.0,0.0,0.0,0.0,0.0,3.0,0.0,0.0,0.0,0.0,0.0,0.0,Viborg FF,8.0,1.0,0.0,0.0,4.0,3.0,55.0,15.0,5.0,0.3,0.0,0.0,0.0,0.0,0.0,0.0,0.0,0.0,0.0,0.0,0.0,7.0,0.0,0.0,0.0,0.0,0.0,0.0,737974,2025-07-27 12:00:00,2025
Silkeborg IF,8.0,0.0,0.0,0.0,10.0,1.0,58.4,18.0,5.0,0.3,0.0,0.0,0.0,0.0,0.0,0.0,0.0,0.0,0.0,0.0,0.0,10.0,0.0,0.0,0.0,0.0,0.0,0.0,FC Fredericia,9.0,1.0,0.0,0.0,1.0,5.0,41.6,8.0,3.0,0.4,0.0,0.0,0.0,0.0,0.0,0.0,0.0,0.0,0.0,0.0,0.0,0.0,0.0,0.0,0.0,0.0,0.0,0.0,737975,2025-07-27 14:00:00,2025
FC Nordsjælland,8.0,1.0,0.0,0.0,7.0,0.0,54.8,15.0,5.0,0.3,0.0,0.0,0.0,0.0,0.0,0.0,0.0,0.0,0.0,0.0,0.0,3.0,0.0,0.0,0.0,0.0,0.0,0.0,Brøndby IF,5.0,2.0,0.0,0.0,0.0,5.0,45.2,7.0,1.0,0.1,0.0,0.0,0.0,0.0,0.0,0.0,0.0,0.0,0.0,0.0,0.0,1.0,0.0,0.0,0.0,0.0,0.0,0.0,737976,2025-07-27 16:00:00,2025
FC Midtjylland,6.0,0.0,0.0,0.0,5.0,4.0,55.0,22.0,9.0,0.4,1.0,1.0,0.0,0.0,0.0,0.0,0.0,0.0,0.0,0.0,0.0,2.0,0.0,0.0,0.0,0.0,0.0,0.0,Sønderjyske Fodbold,14.0,1.0,0.0,0.0,3.0,3.0,45.0,20.0,7.0,0.4,1.0,1.0,0.0,0.0,0.0,0.0,0.0,0.0,0.0,0.0,0.0,6.0,0.0,0.0,0.0,0.0,0.0,0.0,737977,2025-07-28 17:00:00,2025
FC Fredericia,5.0,0.0,0.0,0.0,5.0,4.0,39.2,9.0,3.0,0.3,0.0,0.0,0.0,0.0,0.0,0.0,0.0,0.0,0.0,0.0,0.0,2.0,0.0,0.0,0.0,0.0,0.0,0.0,F.C. København,10.0,0.0,0.0,0.0,8.0,3.0,60.8,17.0,6.0,0.4,0.0,0.0,0.0,0.0,0.0,0.0,0.0,0.0,0.0,0.0,0.0,4.0,0.0,0.0,0.0,0.0,0.0,0.0,737978,2025-08-01 16:00:00,2025
Vejle Boldklub,13.0,1.0,0.0,0.0,4.0,0.0,39.7,9.0,4.0,0.4,0.0,0.0,0.0,0.0,0.0,0.0,0.0,0.0,0.0,0.0,0.0,3.0,0.0,0.0,0.0,0.0,0.0,0.0,Odense Boldklub,8.0,1.0,0.0,0.0,2.0,0.0,60.3,4.0,0.0,0.0,0.0,0.0,0.0,0.0,0.0,0.0,0.0,0.0,0.0,0.0,0.0,3.0,0.0,0.0,0.0,0.0,0.0,0.0,737979,2025-08-01 18:00:00,2025
Sønderjyske Fodbold,11.0,2.0,0.0,0.0,1.0,5.0,31.9,5.0,4.0,0.8,0.0,0.0,0.0,0.0,0.0,0.0,0.0,0.0,0.0,0.0,0.0,1.0,0.0,0.0,0.0,0.0,0.0,0.0,FC Nordsjælland,14.0,1.0,0.0,0.0,6.0,1.0,68.1,17.0,7.0,0.4,0.0,0.0,0.0,0.0,0.0,0.0,0.0,0.0,0.0,0.0,0.0,6.0,0.0,0.0,0.0,0.0,0.0,0.0,737981,2025-08-03 12:00:00,2025
Randers FC,5.0,1.0,0.0,0.0,4.0,4.0,46.7,10.0,5.0,0.5,1.0,1.0,0.0,0.0,0.0,0.0,0.0,0.0,0.0,0.0,0.0,0.0,0.0,0.0,0.0,0.0,0.0,0.0,Silkeborg IF,6.0,1.0,0.0,0.0,5.0,4.0,53.3,18.0,4.0,0.2,0.0,0.0,0.0,0.0,0.0,0.0,0.0,0.0,0.0,0.0,0.0,6.0,0.0,0.0,0.0,0.0,0.0,0.0,737980,2025-08-03 12:00:00,2025
AGF,14.0,1.0,0.0,0.0,9.0,1.0,73.9,22.0,2.0,0.1,0.0,1.0,0.0,0.0,0.0,0.0,0.0,0.0,0.0,0.0,0.0,9.0,0.0,0.0,0.0,0.0,0.0,0.0,FC Midtjylland,6.0,2.0,1.0,0.0,0.0,3.0,26.1,6.0,1.0,0.2,0.0,0.0,0.0,0.0,0.0,0.0,0.0,0.0,0.0,0.0,0.0,1.0,0.0,0.0,0.0,0.0,0.0,0.0,737982,2025-08-03 14:00:00,2025
Brøndby IF,10.0,1.0,0.0,0.0,4.0,2.0,57.7,21.0,5.0,0.2,0.0,0.0,0.0,0.0,0.0,0.0,0.0,0.0,0.0,0.0,0.0,9.0,0.0,0.0,0.0,0.0,0.0,0.0,Viborg FF,15.0,3.0,0.0,0.0,1.0,5.0,42.3,11.0,4.0,0.4,0.0,0.0,0.0,0.0,0.0,0.0,0.0,0.0,0.0,0.0,0.0,2.0,0.0,0.0,0.0,0.0,0.0,0.0,737983,2025-08-03 16:00:00,2025
F.C. København,10.0,2.0,0.0,0.0,4.0,0.0,61.2,19.0,8.0,0.4,1.0,1.0,0.0,0.0,0.0,0.0,0.0,0.0,0.0,0.0,0.0,5.0,0.0,0.0,0.0,0.0,0.0,0.0,AGF,5.0,4.0,0.0,0.0,7.0,5.0,38.8,11.0,3.0,0.3,0.0,0.0,0.0,0.0,0.0,0.0,0.0,0.0,0.0,0.0,0.0,4.0,0.0,0.0,0.0,0.0,0.0,0.0,737984,2025-08-08 16:00:00,2025
Viborg FF,10.0,1.0,0.0,0.0,0.0,1.0,41.7,8.0,2.0,0.3,0.0,0.0,0.0,0.0,0.0,0.0,0.0,0.0,0.0,0.0,0.0,2.0,0.0,0.0,0.0,0.0,0.0,0.0,Sønderjyske Fodbold,15.0,2.0,0.0,0.0,4.0,1.0,58.3,13.0,1.0,0.1,0.0,0.0,0.0,0.0,0.0,0.0,0.0,0.0,0.0,0.0,0.0,5.0,0.0,0.0,0.0,0.0,0.0,0.0,737985,2025-08-08 18:00:00,2025
FC Midtjylland,8.0,2.0,0.0,0.0,6.0,2.0,54.3,16.0,7.0,0.4,0.0,0.0,0.0,0.0,0.0,0.0,0.0,0.0,0.0,0.0,0.0,4.0,0.0,0.0,0.0,0.0,0.0,0.0,FC Fredericia,11.0,0.0,0.0,0.0,3.0,3.0,45.7,18.0,5.0,0.3,0.0,0.0,0.0,0.0,0.0,0.0,0.0,0.0,0.0,0.0,0.0,9.0,0.0,0.0,0.0,0.0,0.0,0.0,737986,2025-08-10 12:00:00,2025
Silkeborg IF,2.0,1.0,0.0,0.0,5.0,5.0,44.5,17.0,7.0,0.4,1.0,2.0,0.0,0.0,0.0,0.0,0.0,0.0,0.0,0.0,0.0,5.0,0.0,0.0,0.0,0.0,0.0,0.0,FC Nordsjælland,18.0,4.0,0.0,0.0,4.0,3.0,55.5,15.0,6.0,0.4,0.0,0.0,0.0,0.0,0.0,0.0,0.0,0.0,0.0,0.0,0.0,4.0,0.0,0.0,0.0,0.0,0.0,0.0,737987,2025-08-10 14:00:00,2025
Brøndby IF,7.0,3.0,0.0,0.0,3.0,1.0,57.4,15.0,7.0,0.5,0.0,0.0,0.0,0.0,0.0,0.0,0.0,0.0,0.0,0.0,0.0,2.0,0.0,0.0,0.0,0.0,0.0,0.0,Vejle Boldklub,19.0,2.0,0.0,0.0,5.0,6.0,42.6,5.0,3.0,0.6,0.0,0.0,0.0,0.0,0.0,0.0,0.0,0.0,0.0,0.0,0.0,1.0,0.0,0.0,0.0,0.0,0.0,0.0,737988,2025-08-10 16:00:00,2025
Odense Boldklub,8.0,1.0,0.0,0.0,2.0,0.0,44.0,8.0,3.0,0.4,1.0,1.0,0.0,0.0,0.0,0.0,0.0,0.0,0.0,0.0,0.0,1.0,0.0,0.0,0.0,0.0,0.0,0.0,Randers FC,15.0,4.0,0.0,0.0,2.0,0.0,56.0,8.0,2.0,0.3,0.0,0.0,0.0,0.0,0.0,0.0,0.0,0.0,0.0,0.0,0.0,2.0,0.0,0.0,0.0,0.0,0.0,0.0,737989,2025-08-11 17:00:00,2025
FC Nordsjælland,9.0,2.0,1.0,0.0,5.0,3.0,49.7,11.0,7.0,0.6,0.0,0.0,0.0,0.0,0.0,0.0,0.0,0.0,0.0,0.0,0.0,0.0,0.0,0.0,0.0,0.0,0.0,0.0,F.C. København,11.0,3.0,0.0,0.0,4.0,6.0,50.3,12.0,6.0,0.5,0.0,0.0,0.0,0.0,0.0,0.0,0.0,0.0,0.0,0.0,0.0,3.0,0.0,0.0,0.0,0.0,0.0,0.0,737990,2025-08-15 16:00:00,2025
FC Fredericia,11.0,1.0,0.0,0.0,13.0,3.0,56.8,23.0,7.0,0.3,0.0,0.0,0.0,0.0,0.0,0.0,0.0,0.0,0.0,0.0,0.0,7.0,0.0,0.0,0.0,0.0,0.0,0.0,Sønderjyske Fodbold,10.0,1.0,1.0,0.0,3.0,4.0,43.2,17.0,5.0,0.3,0.0,0.0,0.0,0.0,0.0,0.0,0.0,0.0,0.0,0.0,0.0,9.0,0.0,0.0,0.0,0.0,0.0,0.0,737991,2025-08-15 18:00:00,2025
Vejle Boldklub,16.0,0.0,1.0,0.0,2.0,4.0,49.2,16.0,8.0,0.5,0.0,0.0,0.0,0.0,0.0,0.0,0.0,0.0,0.0,0.0,0.0,1.0,0.0,0.0,0.0,0.0,0.0,0.0,FC Midtjylland,11.0,3.0,0.0,0.0,3.0,8.0,50.8,13.0,6.0,0.5,0.0,0.0,0.0,0.0,0.0,0.0,0.0,0.0,0.0,0.0,0.0,2.0,0.0,0.0,0.0,0.0,0.0,0.0,737992,2025-08-17 12:00:00,2025
Viborg FF,20.0,2.0,0.0,0.0,5.0,7.0,47.7,11.0,7.0,0.6,0.0,0.0,0.0,0.0,0.0,0.0,0.0,0.0,0.0,0.0,0.0,1.0,0.0,0.0,0.0,0.0,0.0,0.0,Silkeborg IF,5.0,1.0,0.0,0.0,6.0,4.0,52.3,17.0,10.0,0.6,1.0,1.0,0.0,0.0,0.0,0.0,0.0,0.0,0.0,0.0,0.0,6.0,0.0,0.0,0.0,0.0,0.0,0.0,737993,2025-08-17 14:00:00,2025
Randers FC,15.0,2.0,0.0,0.0,7.0,5.0,51.9,11.0,4.0,0.4,0.0,0.0,0.0,0.0,0.0,0.0,0.0,0.0,0.0,0.0,0.0,2.0,0.0,0.0,0.0,0.0,0.0,0.0,Brøndby IF,5.0,1.0,0.0,0.0,3.0,4.0,48.1,20.0,7.0,0.4,0.0,0.0,0.0,0.0,0.0,0.0,0.0,0.0,0.0,0.0,0.0,6.0,0.0,0.0,0.0,0.0,0.0,0.0,737994,2025-08-17 16:00:00,2025
Odense Boldklub,16.0,3.0,0.0,0.0,9.0,3.0,49.2,16.0,6.0,0.4,1.0,1.0,0.0,0.0,0.0,0.0,0.0,0.0,0.0,0.0,0.0,4.0,0.0,0.0,0.0,0.0,0.0,0.0,AGF,14.0,0.0,0.0,0.0,5.0,5.0,50.8,15.0,8.0,0.5,0.0,0.0,0.0,0.0,0.0,0.0,0.0,0.0,0.0,0.0,0.0,4.0,0.0,0.0,0.0,0.0,0.0,0.0,737995,2025-08-18 17:00:00,2025
F.C. København,14.0,1.0,0.0,0.0,7.0,2.0,62.9,17.0,4.0,0.2,0.0,0.0,0.0,0.0,0.0,0.0,0.0,0.0,0.0,0.0,0.0,7.0,0.0,0.0,0.0,0.0,0.0,0.0,Odense Boldklub,13.0,2.0,0.0,0.0,1.0,3.0,37.1,11.0,3.0,0.3,0.0,0.0,0.0,0.0,0.0,0.0,0.0,0.0,0.0,0.0,0.0,2.0,0.0,0.0,0.0,0.0,0.0,0.0,737996,2025-08-23 16:00:00,2025
FC Fredericia,10.0,1.0,0.0,0.0,3.0,2.0,43.2,7.0,5.0,0.7,0.0,0.0,0.0,0.0,0.0,0.0,0.0,0.0,0.0,0.0,0.0,2.0,0.0,0.0,0.0,0.0,0.0,0.0,Randers FC,8.0,3.0,0.0,0.0,11.0,3.0,56.8,18.0,3.0,0.2,0.0,0.0,0.0,0.0,0.0,0.0,0.0,0.0,0.0,0.0,0.0,7.0,0.0,0.0,0.0,0.0,0.0,0.0,737997,2025-08-24 12:00:00,2025
FC Midtjylland,11.0,2.0,0.0,0.0,6.0,3.0,43.2,21.0,12.0,0.6,0.0,0.0,0.0,0.0,0.0,0.0,0.0,0.0,0.0,0.0,0.0,4.0,0.0,0.0,0.0,0.0,0.0,0.0,Silkeborg IF,11.0,1.0,0.0,0.0,4.0,8.0,56.8,11.0,5.0,0.5,0.0,0.0,0.0,0.0,0.0,0.0,0.0,0.0,0.0,0.0,0.0,3.0,0.0,0.0,0.0,0.0,0.0,0.0,737998,2025-08-24 12:00:00,2025
Sønderjyske Fodbold,11.0,2.0,0.0,0.0,1.0,3.0,34.5,9.0,3.0,0.3,0.0,0.0,0.0,0.0,0.0,0.0,0.0,0.0,0.0,0.0,0.0,2.0,0.0,0.0,0.0,0.0,0.0,0.0,Brøndby IF,10.0,3.0,0.0,0.0,11.0,1.0,65.5,23.0,3.0,0.1,0.0,0.0,0.0,0.0,0.0,0.0,0.0,0.0,0.0,0.0,0.0,10.0,0.0,0.0,0.0,0.0,0.0,0.0,737999,2025-08-24 14:00:00,2025
AGF,12.0,1.0,0.0,0.0,6.0,1.0,55.2,17.0,5.0,0.3,0.0,0.0,0.0,0.0,0.0,0.0,0.0,0.0,0.0,0.0,0.0,6.0,0.0,0.0,0.0,0.0,0.0,0.0,Vejle Boldklub,12.0,2.0,0.0,0.0,3.0,4.0,44.8,8.0,1.0,0.1,0.0,0.0,0.0,0.0,0.0,0.0,0.0,0.0,0.0,0.0,0.0,3.0,0.0,0.0,0.0,0.0,0.0,0.0,738000,2025-08-24 16:00:00,2025
FC Nordsjælland,13.0,2.0,0.0,0.0,3.0,3.0,60.1,10.0,3.0,0.3,0.0,0.0,0.0,0.0,0.0,0.0,0.0,0.0,0.0,0.0,0.0,1.0,0.0,0.0,0.0,0.0,0.0,0.0,Viborg FF,14.0,3.0,0.0,0.0,3.0,2.0,39.9,10.0,3.0,0.3,0.0,0.0,0.0,0.0,0.0,0.0,0.0,0.0,0.0,0.0,0.0,0.0,0.0,0.0,0.0,0.0,0.0,0.0,738001,2025-08-25 17:00:00,2025
Vejle Boldklub,16.0,1.0,0.0,0.0,5.0,6.0,54.7,9.0,3.0,0.3,0.0,0.0,0.0,0.0,0.0,0.0,0.0,0.0,0.0,0.0,0.0,2.0,0.0,0.0,0.0,0.0,0.0,0.0,Viborg FF,12.0,1.0,0.0,0.0,6.0,2.0,45.3,16.0,9.0,0.6,0.0,0.0,0.0,0.0,0.0,0.0,0.0,0.0,0.0,0.0,0.0,2.0,0.0,0.0,0.0,0.0,0.0,0.0,738002,2025-08-29 17:00:00,2025
AGF,12.0,0.0,0.0,0.0,7.0,4.0,64.1,30.0,10.0,0.3,1.0,1.0,0.0,0.0,0.0,0.0,0.0,0.0,0.0,0.0,0.0,10.0,0.0,0.0,0.0,0.0,0.0,0.0,FC Fredericia,11.0,1.0,0.0,0.0,1.0,5.0,35.9,9.0,5.0,0.6,0.0,0.0,0.0,0.0,0.0,0.0,0.0,0.0,0.0,0.0,0.0,2.0,0.0,0.0,0.0,0.0,0.0,0.0,738003,2025-08-31 12:00:00,2025
Silkeborg IF,8.0,0.0,0.0,0.0,9.0,5.0,61.2,13.0,4.0,0.3,0.0,0.0,0.0,0.0,0.0,0.0,0.0,0.0,0.0,0.0,0.0,6.0,0.0,0.0,0.0,0.0,0.0,0.0,Sønderjyske Fodbold,7.0,3.0,0.0,0.0,2.0,4.0,38.8,10.0,7.0,0.7,0.0,0.0,0.0,0.0,0.0,0.0,0.0,0.0,0.0,0.0,0.0,0.0,0.0,0.0,0.0,0.0,0.0,0.0,738004,2025-08-31 12:00:00,2025
Odense Boldklub,19.0,1.0,0.0,0.0,1.0,1.0,39.4,11.0,3.0,0.3,0.0,0.0,0.0,0.0,0.0,0.0,0.0,0.0,0.0,0.0,0.0,0.0,0.0,0.0,0.0,0.0,0.0,0.0,FC Nordsjælland,11.0,4.0,0.0,0.0,2.0,2.0,60.6,7.0,3.0,0.4,0.0,0.0,0.0,0.0,0.0,0.0,0.0,0.0,0.0,0.0,0.0,2.0,0.0,0.0,0.0,0.0,0.0,0.0,738005,2025-08-31 14:00:00,2025
Randers FC,11.0,2.0,0.0,0.0,1.0,4.0,39.7,6.0,3.0,0.5,0.0,0.0,0.0,0.0,0.0,0.0,0.0,0.0,0.0,0.0,0.0,2.0,0.0,0.0,0.0,0.0,0.0,0.0,F.C. København,12.0,1.0,0.0,0.0,5.0,2.0,60.3,14.0,9.0,0.6,0.0,0.0,0.0,0.0,0.0,0.0,0.0,0.0,0.0,0.0,0.0,2.0,0.0,0.0,0.0,0.0,0.0,0.0,738006,2025-08-31 16:00:00,2025
Brøndby IF,11.0,1.0,0.0,0.0,3.0,4.0,48.6,15.0,6.0,0.4,0.0,0.0,0.0,0.0,0.0,0.0,0.0,0.0,0.0,0.0,0.0,5.0,0.0,0.0,0.0,0.0,0.0,0.0,FC Midtjylland,13.0,3.0,0.0,0.0,4.0,5.0,51.4,21.0,7.0,0.3,0.0,0.0,0.0,0.0,0.0,0.0,0.0,0.0,0.0,0.0,0.0,7.0,0.0,0.0,0.0,0.0,0.0,0.0,738007,2025-08-31 18:00:00,2025
Sønderjyske Fodbold,8.0,2.0,1.0,0.0,2.0,6.0,45.1,10.0,1.0,0.1,0.0,0.0,0.0,0.0,0.0,0.0,0.0,0.0,0.0,0.0,0.0,6.0,0.0,0.0,0.0,0.0,0.0,0.0,Randers FC,11.0,1.0,0.0,0.0,10.0,1.0,54.9,18.0,8.0,0.4,0.0,0.0,0.0,0.0,0.0,0.0,0.0,0.0,0.0,0.0,0.0,4.0,0.0,0.0,0.0,0.0,0.0,0.0,738011,2025-09-12 17:00:00,2025
Brøndby IF,17.0,3.0,0.0,0.0,2.0,2.0,43.0,7.0,5.0,0.7,1.0,1.0,0.0,0.0,0.0,0.0,0.0,0.0,0.0,0.0,0.0,2.0,0.0,0.0,0.0,0.0,0.0,0.0,F.C. København,19.0,1.0,0.0,0.0,1.0,3.0,57.0,10.0,3.0,0.3,0.0,0.0,0.0,0.0,0.0,0.0,0.0,0.0,0.0,0.0,0.0,2.0,0.0,0.0,0.0,0.0,0.0,0.0,738012,2025-09-13 13:00:00,2025
Viborg FF,12.0,2.0,0.0,0.0,7.0,3.0,52.5,14.0,7.0,0.5,0.0,0.0,0.0,0.0,0.0,0.0,0.0,0.0,0.0,0.0,0.0,2.0,0.0,0.0,0.0,0.0,0.0,0.0,AGF,11.0,3.0,0.0,0.0,4.0,6.0,47.5,14.0,5.0,0.4,1.0,1.0,0.0,0.0,0.0,0.0,0.0,0.0,0.0,0.0,0.0,3.0,0.0,0.0,0.0,0.0,0.0,0.0,738010,2025-09-14 12:00:00,2025
FC Nordsjælland,10.0,2.0,0.0,0.0,6.0,1.0,58.1,15.0,5.0,0.3,0.0,0.0,0.0,0.0,0.0,0.0,0.0,0.0,0.0,0.0,0.0,5.0,0.0,0.0,0.0,0.0,0.0,0.0,FC Midtjylland,12.0,1.0,1.0,0.0,1.0,4.0,41.9,5.0,1.0,0.2,0.0,0.0,0.0,0.0,0.0,0.0,0.0,0.0,0.0,0.0,0.0,1.0,0.0,0.0,0.0,0.0,0.0,0.0,738013,2025-09-14 14:00:00,2025
Silkeborg IF,11.0,1.0,0.0,0.0,2.0,1.0,46.6,6.0,3.0,0.5,0.0,0.0,0.0,0.0,0.0,0.0,0.0,0.0,0.0,0.0,0.0,2.0,0.0,0.0,0.0,0.0,0.0,0.0,Odense Boldklub,16.0,1.0,1.0,0.0,12.0,1.0,53.4,13.0,2.0,0.2,0.0,0.0,0.0,0.0,0.0,0.0,0.0,0.0,0.0,0.0,0.0,2.0,0.0,0.0,0.0,0.0,0.0,0.0,738008,2025-09-14 16:00:00,2025
FC Fredericia,7.0,2.0,0.0,0.0,9.0,5.0,53.5,14.0,5.0,0.4,0.0,0.0,0.0,0.0,0.0,0.0,0.0,0.0,0.0,0.0,0.0,3.0,0.0,0.0,0.0,0.0,0.0,0.0,Vejle Boldklub,10.0,2.0,0.0,0.0,4.0,4.0,46.5,18.0,6.0,0.3,0.0,0.0,0.0,0.0,0.0,0.0,0.0,0.0,0.0,0.0,0.0,4.0,0.0,0.0,0.0,0.0,0.0,0.0,738009,2025-09-15 17:00:00,2025
Odense Boldklub,6.0,2.0,0.0,0.0,6.0,2.0,59.4,17.0,7.0,0.4,1.0,1.0,0.0,0.0,0.0,0.0,0.0,0.0,0.0,0.0,0.0,4.0,0.0,0.0,0.0,0.0,0.0,0.0,FC Fredericia,10.0,2.0,0.0,0.0,5.0,4.0,40.6,14.0,4.0,0.3,0.0,0.0,0.0,0.0,0.0,0.0,0.0,0.0,0.0,0.0,0.0,3.0,0.0,0.0,0.0,0.0,0.0,0.0,738015,2025-09-19 17:00:00,2025
FC Midtjylland,16.0,4.0,0.0,0.0,5.0,0.0,48.7,14.0,10.0,0.7,0.0,0.0,0.0,0.0,0.0,0.0,0.0,0.0,0.0,0.0,0.0,4.0,0.0,0.0,0.0,0.0,0.0,0.0,Viborg FF,16.0,2.0,0.0,0.0,3.0,8.0,51.3,4.0,0.0,0.0,0.0,0.0,0.0,0.0,0.0,0.0,0.0,0.0,0.0,0.0,0.0,1.0,0.0,0.0,0.0,0.0,0.0,0.0,738017,2025-09-20 16:00:00,2025
Vejle Boldklub,12.0,4.0,0.0,0.0,5.0,0.0,48.5,11.0,3.0,0.3,1.0,1.0,0.0,0.0,0.0,0.0,0.0,0.0,0.0,0.0,0.0,5.0,0.0,0.0,0.0,0.0,0.0,0.0,Sønderjyske Fodbold,10.0,1.0,0.0,0.0,9.0,1.0,51.5,11.0,2.0,0.2,0.0,0.0,0.0,0.0,0.0,0.0,0.0,0.0,0.0,0.0,0.0,4.0,0.0,0.0,0.0,0.0,0.0,0.0,738019,2025-09-21 12:00:00,2025
F.C. København,10.0,4.0,0.0,0.0,5.0,2.0,60.4,18.0,7.0,0.4,1.0,1.0,0.0,0.0,0.0,0.0,0.0,0.0,0.0,0.0,0.0,3.0,0.0,0.0,0.0,0.0,0.0,0.0,Silkeborg IF,6.0,0.0,0.0,0.0,1.0,4.0,39.6,7.0,5.0,0.7,0.0,0.0,0.0,0.0,0.0,0.0,0.0,0.0,0.0,0.0,0.0,0.0,0.0,0.0,0.0,0.0,0.0,0.0,738016,2025-09-21 14:00:00,2025
AGF,13.0,3.0,0.0,0.0,6.0,4.0,45.7,14.0,4.0,0.3,1.0,1.0,0.0,0.0,0.0,0.0,0.0,0.0,0.0,0.0,0.0,5.0,0.0,0.0,0.0,0.0,0.0,0.0,Brøndby IF,10.0,4.0,0.0,0.0,2.0,3.0,54.3,13.0,4.0,0.3,0.0,0.0,0.0,0.0,0.0,0.0,0.0,0.0,0.0,0.0,0.0,5.0,0.0,0.0,0.0,0.0,0.0,0.0,738014,2025-09-21 16:00:00,2025
Randers FC,16.0,1.0,0.0,0.0,2.0,5.0,42.9,9.0,5.0,0.6,0.0,0.0,0.0,0.0,0.0,0.0,0.0,0.0,0.0,0.0,0.0,1.0,0.0,0.0,0.0,0.0,0.0,0.0,FC Nordsjælland,5.0,0.0,0.0,0.0,4.0,3.0,57.1,12.0,5.0,0.4,0.0,0.0,0.0,0.0,0.0,0.0,0.0,0.0,0.0,0.0,0.0,4.0,0.0,0.0,0.0,0.0,0.0,0.0,738018,2025-09-22 17:00:00,2025
Sønderjyske Fodbold,14.0,2.0,0.0,0.0,3.0,3.0,37.4,8.0,1.0,0.1,1.0,1.0,0.0,0.0,0.0,0.0,0.0,0.0,0.0,0.0,0.0,4.0,0.0,0.0,0.0,0.0,0.0,0.0,F.C. København,10.0,3.0,0.0,0.0,2.0,0.0,62.6,13.0,5.0,0.4,0.0,0.0,0.0,0.0,0.0,0.0,0.0,0.0,0.0,0.0,0.0,2.0,0.0,0.0,0.0,0.0,0.0,0.0,738024,2025-09-27 16:00:00,2025
Viborg FF,6.0,0.0,0.0,0.0,8.0,2.0,54.9,21.0,6.0,0.3,0.0,0.0,0.0,0.0,0.0,0.0,0.0,0.0,0.0,0.0,0.0,5.0,0.0,0.0,0.0,0.0,0.0,0.0,FC Fredericia,14.0,0.0,0.0,0.0,4.0,4.0,45.1,4.0,3.0,0.8,0.0,0.0,0.0,0.0,0.0,0.0,0.0,0.0,0.0,0.0,0.0,0.0,0.0,0.0,0.0,0.0,0.0,0.0,738020,2025-09-28 12:00:00,2025
Silkeborg IF,7.0,4.0,0.0,0.0,0.0,4.0,56.9,8.0,4.0,0.5,0.0,0.0,0.0,0.0,0.0,0.0,0.0,0.0,0.0,0.0,0.0,2.0,0.0,0.0,0.0,0.0,0.0,0.0,Vejle Boldklub,11.0,2.0,0.0,0.0,4.0,3.0,43.1,12.0,5.0,0.4,0.0,0.0,0.0,0.0,0.0,0.0,0.0,0.0,0.0,0.0,0.0,5.0,0.0,0.0,0.0,0.0,0.0,0.0,738025,2025-09-28 14:00:00,2025
FC Nordsjælland,13.0,1.0,0.0,0.0,3.0,4.0,51.6,8.0,5.0,0.6,0.0,0.0,0.0,0.0,0.0,0.0,0.0,0.0,0.0,0.0,0.0,1.0,0.0,0.0,0.0,0.0,0.0,0.0,AGF,7.0,2.0,0.0,0.0,1.0,4.0,48.4,11.0,6.0,0.5,0.0,1.0,0.0,0.0,0.0,0.0,0.0,0.0,0.0,0.0,0.0,3.0,0.0,0.0,0.0,0.0,0.0,0.0,738021,2025-09-28 16:00:00,2025
Brøndby IF,10.0,2.0,0.0,0.0,1.0,6.0,53.6,15.0,7.0,0.5,1.0,1.0,0.0,0.0,0.0,0.0,0.0,0.0,0.0,0.0,0.0,4.0,0.0,0.0,0.0,0.0,0.0,0.0,Odense Boldklub,16.0,3.0,0.0,0.0,2.0,2.0,46.4,11.0,6.0,0.5,0.0,0.0,0.0,0.0,0.0,0.0,0.0,0.0,0.0,0.0,0.0,1.0,0.0,0.0,0.0,0.0,0.0,0.0,738022,2025-09-28 18:00:00,2025
FC Midtjylland,16.0,2.0,0.0,0.0,10.0,3.0,58.1,12.0,4.0,0.3,0.0,0.0,0.0,0.0,0.0,0.0,0.0,0.0,0.0,0.0,0.0,5.0,0.0,0.0,0.0,0.0,0.0,0.0,Randers FC,11.0,2.0,0.0,0.0,3.0,3.0,41.9,9.0,4.0,0.4,0.0,0.0,0.0,0.0,0.0,0.0,0.0,0.0,0.0,0.0,0.0,5.0,0.0,0.0,0.0,0.0,0.0,0.0,738023,2025-09-29 17:00:00,2025
Odense Boldklub,8.0,1.0,0.0,0.0,4.0,1.0,42.0,8.0,2.0,0.3,0.0,0.0,0.0,0.0,0.0,0.0,0.0,0.0,0.0,0.0,0.0,4.0,0.0,0.0,0.0,0.0,0.0,0.0,Sønderjyske Fodbold,13.0,1.0,0.0,0.0,6.0,1.0,58.0,11.0,2.0,0.2,0.0,0.0,0.0,0.0,0.0,0.0,0.0,0.0,0.0,0.0,0.0,3.0,0.0,0.0,0.0,0.0,0.0,0.0,738030,2025-10-03 17:00:00,2025
Randers FC,9.0,2.0,0.0,0.0,5.0,8.0,48.1,14.0,7.0,0.5,0.0,0.0,0.0,0.0,0.0,0.0,0.0,0.0,0.0,0.0,0.0,3.0,0.0,0.0,0.0,0.0,0.0,0.0,Viborg FF,12.0,2.0,0.0,0.0,2.0,5.0,51.9,16.0,9.0,0.6,0.0,0.0,0.0,0.0,0.0,0.0,0.0,0.0,0.0,0.0,0.0,3.0,0.0,0.0,0.0,0.0,0.0,0.0,738028,2025-10-05 12:00:00,2025
Vejle Boldklub,11.0,2.0,0.0,0.0,5.0,2.0,41.7,13.0,3.0,0.2,0.0,0.0,0.0,0.0,0.0,0.0,0.0,0.0,0.0,0.0,0.0,5.0,0.0,0.0,0.0,0.0,0.0,0.0,FC Nordsjælland,3.0,0.0,0.0,0.0,6.0,4.0,58.3,16.0,5.0,0.3,0.0,0.0,0.0,0.0,0.0,0.0,0.0,0.0,0.0,0.0,0.0,6.0,0.0,0.0,0.0,0.0,0.0,0.0,738031,2025-10-05 12:00:00,2025
AGF,9.0,1.0,0.0,0.0,4.0,1.0,55.7,22.0,10.0,0.5,0.0,0.0,0.0,0.0,0.0,0.0,0.0,0.0,0.0,0.0,0.0,2.0,0.0,0.0,0.0,0.0,0.0,0.0,Silkeborg IF,8.0,1.0,0.0,0.0,2.0,7.0,44.3,6.0,2.0,0.3,0.0,0.0,0.0,0.0,0.0,0.0,0.0,0.0,0.0,0.0,0.0,2.0,0.0,0.0,0.0,0.0,0.0,0.0,738026,2025-10-05 14:00:00,2025
F.C. København,12.0,1.0,1.0,0.0,7.0,2.0,60.2,16.0,3.0,0.2,0.0,0.0,0.0,0.0,0.0,0.0,0.0,0.0,0.0,0.0,0.0,6.0,0.0,0.0,0.0,0.0,0.0,0.0,FC Midtjylland,10.0,2.0,0.0,0.0,2.0,2.0,39.8,10.0,3.0,0.3,0.0,0.0,0.0,0.0,0.0,0.0,0.0,0.0,0.0,0.0,0.0,1.0,0.0,0.0,0.0,0.0,0.0,0.0,738027,2025-10-05 16:00:00,2025
FC Fredericia,8.0,1.0,0.0,0.0,3.0,8.0,44.3,9.0,1.0,0.1,0.0,0.0,0.0,0.0,0.0,0.0,0.0,0.0,0.0,0.0,0.0,4.0,0.0,0.0,0.0,0.0,0.0,0.0,Brøndby IF,13.0,1.0,0.0,0.0,10.0,1.0,55.7,27.0,10.0,0.4,0.0,0.0,0.0,0.0,0.0,0.0,0.0,0.0,0.0,0.0,0.0,5.0,0.0,0.0,0.0,0.0,0.0,0.0,738029,2025-10-05 18:00:00,2025
Silkeborg IF,4.0,0.0,0.0,0.0,3.0,6.0,43.9,8.0,6.0,0.8,0.0,0.0,0.0,0.0,0.0,0.0,0.0,0.0,0.0,0.0,0.0,1.0,0.0,0.0,0.0,0.0,0.0,0.0,F.C. København,9.0,1.0,0.0,0.0,7.0,3.0,56.1,27.0,7.0,0.3,0.0,0.0,0.0,0.0,0.0,0.0,0.0,0.0,0.0,0.0,0.0,5.0,0.0,0.0,0.0,0.0,0.0,0.0,738032,2025-10-17 17:00:00,2025
FC Nordsjælland,10.0,3.0,0.0,0.0,6.0,3.0,58.8,14.0,7.0,0.5,0.0,0.0,0.0,0.0,0.0,0.0,0.0,0.0,0.0,0.0,0.0,1.0,0.0,0.0,0.0,0.0,0.0,0.0,Randers FC,12.0,2.0,0.0,0.0,3.0,6.0,41.2,13.0,3.0,0.2,0.0,0.0,0.0,0.0,0.0,0.0,0.0,0.0,0.0,0.0,0.0,1.0,0.0,0.0,0.0,0.0,0.0,0.0,738035,2025-10-19 12:00:00,2025
Viborg FF,7.0,0.0,0.0,0.0,9.0,5.0,48.3,10.0,2.0,0.2,0.0,0.0,0.0,0.0,0.0,0.0,0.0,0.0,0.0,0.0,0.0,3.0,0.0,0.0,0.0,0.0,0.0,0.0,Odense Boldklub,14.0,1.0,0.0,0.0,6.0,1.0,51.7,18.0,8.0,0.4,0.0,0.0,0.0,0.0,0.0,0.0,0.0,0.0,0.0,0.0,0.0,4.0,0.0,0.0,0.0,0.0,0.0,0.0,738033,2025-10-19 12:00:00,2025
Brøndby IF,9.0,0.0,0.0,0.0,1.0,2.0,38.5,9.0,6.0,0.7,0.0,0.0,0.0,0.0,0.0,0.0,0.0,0.0,0.0,0.0,0.0,1.0,0.0,0.0,0.0,0.0,0.0,0.0,AGF,10.0,1.0,0.0,0.0,4.0,3.0,61.5,13.0,5.0,0.4,0.0,0.0,0.0,0.0,0.0,0.0,0.0,0.0,0.0,0.0,0.0,3.0,0.0,0.0,0.0,0.0,0.0,0.0,738037,2025-10-19 14:00:00,2025
FC Midtjylland,10.0,0.0,0.0,0.0,5.0,2.0,63.8,16.0,8.0,0.5,0.0,0.0,0.0,0.0,0.0,0.0,0.0,0.0,0.0,0.0,0.0,1.0,0.0,0.0,0.0,0.0,0.0,0.0,Vejle Boldklub,18.0,3.0,0.0,0.0,1.0,3.0,36.2,10.0,3.0,0.3,0.0,0.0,0.0,0.0,0.0,0.0,0.0,0.0,0.0,0.0,0.0,6.0,0.0,0.0,0.0,0.0,0.0,0.0,738036,2025-10-19 16:00:00,2025
Sønderjyske Fodbold,8.0,0.0,0.0,0.0,5.0,0.0,48.6,21.0,8.0,0.4,0.0,0.0,0.0,0.0,0.0,0.0,0.0,0.0,0.0,0.0,0.0,4.0,0.0,0.0,0.0,0.0,0.0,0.0,FC Fredericia,9.0,0.0,0.0,0.0,9.0,5.0,51.4,11.0,0.0,0.0,0.0,0.0,0.0,0.0,0.0,0.0,0.0,0.0,0.0,0.0,0.0,7.0,0.0,0.0,0.0,0.0,0.0,0.0,738034,2025-10-20 17:00:00,2025
AGF,10.0,0.0,0.0,0.0,11.0,3.0,60.0,24.0,8.0,0.3,0.0,0.0,0.0,0.0,0.0,0.0,0.0,0.0,0.0,0.0,0.0,7.0,0.0,0.0,0.0,0.0,0.0,0.0,FC Nordsjælland,4.0,1.0,1.0,0.0,4.0,7.0,40.0,6.0,3.0,0.5,0.0,0.0,0.0,0.0,0.0,0.0,0.0,0.0,0.0,0.0,0.0,2.0,0.0,0.0,0.0,0.0,0.0,0.0,738043,2025-10-24 17:00:00,2025
Vejle Boldklub,15.0,1.0,0.0,0.0,6.0,5.0,44.8,13.0,4.0,0.3,0.0,0.0,0.0,0.0,0.0,0.0,0.0,0.0,0.0,0.0,0.0,3.0,0.0,0.0,0.0,0.0,0.0,0.0,Silkeborg IF,5.0,0.0,0.0,0.0,10.0,2.0,55.2,14.0,7.0,0.5,0.0,0.0,0.0,0.0,0.0,0.0,0.0,0.0,0.0,0.0,0.0,4.0,0.0,0.0,0.0,0.0,0.0,0.0,738038,2025-10-26 13:00:00,2025
FC Fredericia,6.0,2.0,0.0,0.0,7.0,6.0,33.0,10.0,5.0,0.5,0.0,0.0,0.0,0.0,0.0,0.0,0.0,0.0,0.0,0.0,0.0,3.0,0.0,0.0,0.0,0.0,0.0,0.0,FC Midtjylland,11.0,0.0,0.0,0.0,5.0,5.0,67.0,21.0,12.0,0.6,0.0,0.0,0.0,0.0,0.0,0.0,0.0,0.0,0.0,0.0,0.0,5.0,0.0,0.0,0.0,0.0,0.0,0.0,738039,2025-10-26 13:00:00,2025
Randers FC,5.0,0.0,0.0,0.0,4.0,3.0,52.7,8.0,3.0,0.4,0.0,0.0,0.0,0.0,0.0,0.0,0.0,0.0,0.0,0.0,0.0,0.0,0.0,0.0,0.0,0.0,0.0,0.0,Sønderjyske Fodbold,10.0,3.0,0.0,0.0,3.0,3.0,47.3,8.0,3.0,0.4,0.0,0.0,0.0,0.0,0.0,0.0,0.0,0.0,0.0,0.0,0.0,1.0,0.0,0.0,0.0,0.0,0.0,0.0,738040,2025-10-26 15:00:00,2025
F.C. København,12.0,1.0,0.0,0.0,6.0,3.0,57.5,22.0,3.0,0.1,0.0,0.0,0.0,0.0,0.0,0.0,0.0,0.0,0.0,0.0,0.0,9.0,0.0,0.0,0.0,0.0,0.0,0.0,Viborg FF,8.0,0.0,0.0,0.0,4.0,3.0,42.5,7.0,3.0,0.4,0.0,0.0,0.0,0.0,0.0,0.0,0.0,0.0,0.0,0.0,0.0,2.0,0.0,0.0,0.0,0.0,0.0,0.0,738042,2025-10-26 17:00:00,2025
Odense Boldklub,9.0,3.0,0.0,0.0,8.0,3.0,52.7,10.0,5.0,0.5,0.0,0.0,0.0,0.0,0.0,0.0,0.0,0.0,0.0,0.0,0.0,2.0,0.0,0.0,0.0,0.0,0.0,0.0,Brøndby IF,5.0,0.0,1.0,0.0,3.0,5.0,47.3,11.0,7.0,0.6,0.0,0.0,0.0,0.0,0.0,0.0,0.0,0.0,0.0,0.0,0.0,2.0,0.0,0.0,0.0,0.0,0.0,0.0,738041,2025-10-27 18:00:00,2025
F.C. København,10.0,1.0,0.0,0.0,2.0,3.0,64.1,13.0,4.0,0.3,1.0,1.0,0.0,0.0,0.0,0.0,0.0,0.0,0.0,0.0,0.0,4.0,0.0,0.0,0.0,0.0,0.0,0.0,FC Fredericia,15.0,1.0,0.0,0.0,2.0,1.0,35.9,10.0,5.0,0.5,1.0,1.0,0.0,0.0,0.0,0.0,0.0,0.0,0.0,0.0,0.0,2.0,0.0,0.0,0.0,0.0,0.0,0.0,738044,2025-11-01 17:00:00,2025
Viborg FF,14.0,1.0,0.0,0.0,5.0,1.0,43.4,6.0,3.0,0.5,0.0,0.0,0.0,0.0,0.0,0.0,0.0,0.0,0.0,0.0,0.0,1.0,0.0,0.0,0.0,0.0,0.0,0.0,Randers FC,17.0,5.0,0.0,0.0,1.0,1.0,56.6,8.0,3.0,0.4,0.0,0.0,0.0,0.0,0.0,0.0,0.0,0.0,0.0,0.0,0.0,4.0,0.0,0.0,0.0,0.0,0.0,0.0,738046,2025-11-02 13:00:00,2025
Sønderjyske Fodbold,5.0,0.0,0.0,0.0,10.0,1.0,78.9,29.0,10.0,0.3,0.0,0.0,0.0,0.0,0.0,0.0,0.0,0.0,0.0,0.0,0.0,11.0,0.0,0.0,0.0,0.0,0.0,0.0,Vejle Boldklub,9.0,0.0,1.0,0.0,0.0,8.0,21.1,3.0,2.0,0.7,0.0,0.0,0.0,0.0,0.0,0.0,0.0,0.0,0.0,0.0,0.0,0.0,0.0,0.0,0.0,0.0,0.0,0.0,738049,2025-11-02 15:00:00,2025
FC Nordsjælland,2.0,1.0,0.0,0.0,7.0,3.0,61.5,17.0,7.0,0.4,0.0,0.0,0.0,0.0,0.0,0.0,0.0,0.0,0.0,0.0,0.0,4.0,0.0,0.0,0.0,0.0,0.0,0.0,Odense Boldklub,5.0,1.0,0.0,0.0,0.0,3.0,38.5,11.0,7.0,0.6,0.0,0.0,0.0,0.0,0.0,0.0,0.0,0.0,0.0,0.0,0.0,1.0,0.0,0.0,0.0,0.0,0.0,0.0,738045,2025-11-02 17:00:00,2025
Silkeborg IF,6.0,1.0,0.0,0.0,6.0,6.0,49.2,14.0,6.0,0.4,0.0,0.0,0.0,0.0,0.0,0.0,0.0,0.0,0.0,0.0,0.0,6.0,0.0,0.0,0.0,0.0,0.0,0.0,Brøndby IF,12.0,0.0,0.0,0.0,3.0,6.0,50.8,15.0,7.0,0.5,0.0,0.0,0.0,0.0,0.0,0.0,0.0,0.0,0.0,0.0,0.0,2.0,0.0,0.0,0.0,0.0,0.0,0.0,738048,2025-11-02 19:00:00,2025
FC Midtjylland,10.0,4.0,0.0,0.0,10.0,3.0,65.3,17.0,4.0,0.2,0.0,0.0,0.0,0.0,0.0,0.0,0.0,0.0,0.0,0.0,0.0,7.0,0.0,0.0,0.0,0.0,0.0,0.0,AGF,16.0,3.0,0.0,0.0,5.0,3.0,34.7,12.0,4.0,0.3,0.0,0.0,0.0,0.0,0.0,0.0,0.0,0.0,0.0,0.0,0.0,2.0,0.0,0.0,0.0,0.0,0.0,0.0,738047,2025-11-03 18:00:00,2025
Odense Boldklub,17.0,1.0,0.0,0.0,11.0,1.0,55.4,16.0,11.0,0.7,0.0,0.0,0.0,0.0,0.0,0.0,0.0,0.0,0.0,0.0,0.0,3.0,0.0,0.0,0.0,0.0,0.0,0.0,Silkeborg IF,9.0,0.0,0.0,0.0,1.0,10.0,44.6,5.0,2.0,0.4,0.0,0.0,0.0,0.0,0.0,0.0,0.0,0.0,0.0,0.0,0.0,2.0,0.0,0.0,0.0,0.0,0.0,0.0,738053,2025-11-07 18:00:00,2025
FC Fredericia,14.0,2.0,0.0,0.0,1.0,4.0,51.8,11.0,2.0,0.2,0.0,0.0,0.0,0.0,0.0,0.0,0.0,0.0,0.0,0.0,0.0,3.0,0.0,0.0,0.0,0.0,0.0,0.0,Viborg FF,14.0,1.0,0.0,0.0,8.0,2.0,48.2,21.0,6.0,0.3,0.0,0.0,0.0,0.0,0.0,0.0,0.0,0.0,0.0,0.0,0.0,12.0,0.0,0.0,0.0,0.0,0.0,0.0,738052,2025-11-09 13:00:00,2025
Vejle Boldklub,9.0,0.0,0.0,0.0,4.0,3.0,34.9,11.0,6.0,0.5,0.0,0.0,0.0,0.0,0.0,0.0,0.0,0.0,0.0,0.0,0.0,3.0,0.0,0.0,0.0,0.0,0.0,0.0,F.C. København,8.0,1.0,0.0,0.0,6.0,4.0,65.1,14.0,3.0,0.2,0.0,0.0,0.0,0.0,0.0,0.0,0.0,0.0,0.0,0.0,0.0,7.0,0.0,0.0,0.0,0.0,0.0,0.0,738050,2025-11-09 13:00:00,2025
Randers FC,9.0,2.0,0.0,0.0,7.0,2.0,38.3,15.0,8.0,0.5,0.0,0.0,0.0,0.0,0.0,0.0,0.0,0.0,0.0,0.0,0.0,3.0,0.0,0.0,0.0,0.0,0.0,0.0,FC Midtjylland,16.0,2.0,0.0,0.0,4.0,8.0,61.7,9.0,5.0,0.6,0.0,0.0,0.0,0.0,0.0,0.0,0.0,0.0,0.0,0.0,0.0,2.0,0.0,0.0,0.0,0.0,0.0,0.0,738051,2025-11-09 15:00:00,2025
AGF,6.0,1.0,0.0,0.0,6.0,3.0,63.6,21.0,8.0,0.4,0.0,0.0,0.0,0.0,0.0,0.0,0.0,0.0,0.0,0.0,0.0,7.0,0.0,0.0,0.0,0.0,0.0,0.0,Sønderjyske Fodbold,17.0,1.0,0.0,0.0,6.0,6.0,36.4,10.0,6.0,0.6,0.0,0.0,0.0,0.0,0.0,0.0,0.0,0.0,0.0,0.0,0.0,3.0,0.0,0.0,0.0,0.0,0.0,0.0,738055,2025-11-09 17:00:00,2025
Brøndby IF,12.0,1.0,0.0,0.0,3.0,5.0,45.9,14.0,7.0,0.5,0.0,0.0,0.0,0.0,0.0,0.0,0.0,0.0,0.0,0.0,0.0,2.0,0.0,0.0,0.0,0.0,0.0,0.0,FC Nordsjælland,10.0,2.0,0.0,0.0,7.0,5.0,54.1,10.0,6.0,0.6,0.0,0.0,0.0,0.0,0.0,0.0,0.0,0.0,0.0,0.0,0.0,0.0,0.0,0.0,0.0,0.0,0.0,0.0,738054,2025-11-09 19:00:00,2025
Silkeborg IF,6.0,0.0,0.0,0.0,5.0,3.0,58.7,7.0,4.0,0.6,0.0,0.0,0.0,0.0,0.0,0.0,0.0,0.0,0.0,0.0,0.0,0.0,0.0,0.0,0.0,0.0,0.0,0.0,AGF,11.0,0.0,0.0,0.0,4.0,3.0,41.3,16.0,4.0,0.3,0.0,0.0,0.0,0.0,0.0,0.0,0.0,0.0,0.0,0.0,0.0,5.0,0.0,0.0,0.0,0.0,0.0,0.0,738059,2025-11-21 18:00:00,2025
F.C. København,16.0,1.0,0.0,0.0,6.0,4.0,44.2,19.0,6.0,0.3,1.0,1.0,0.0,0.0,0.0,0.0,0.0,0.0,0.0,0.0,0.0,6.0,0.0,0.0,0.0,0.0,0.0,0.0,Brøndby IF,14.0,2.0,0.0,0.0,4.0,5.0,55.8,11.0,4.0,0.4,0.0,0.0,0.0,0.0,0.0,0.0,0.0,0.0,0.0,0.0,0.0,3.0,0.0,0.0,0.0,0.0,0.0,0.0,738061,2025-11-23 11:00:00,2025
Viborg FF,8.0,1.0,0.0,0.0,5.0,0.0,55.6,9.0,5.0,0.6,2.0,1.0,0.0,0.0,0.0,0.0,0.0,0.0,0.0,0.0,0.0,3.0,0.0,0.0,0.0,0.0,0.0,0.0,Vejle Boldklub,17.0,2.0,0.0,0.0,5.0,1.0,44.4,11.0,2.0,0.2,0.0,0.0,0.0,0.0,0.0,0.0,0.0,0.0,0.0,0.0,0.0,6.0,0.0,0.0,0.0,0.0,0.0,0.0,738057,2025-11-23 13:00:00,2025
FC Nordsjælland,9.0,1.0,0.0,0.0,10.0,1.0,75.8,26.0,12.0,0.5,0.0,0.0,0.0,0.0,0.0,0.0,0.0,0.0,0.0,0.0,0.0,6.0,0.0,0.0,0.0,0.0,0.0,0.0,FC Fredericia,8.0,1.0,0.0,0.0,1.0,7.0,24.2,4.0,1.0,0.3,0.0,0.0,0.0,0.0,0.0,0.0,0.0,0.0,0.0,0.0,0.0,2.0,0.0,0.0,0.0,0.0,0.0,0.0,738056,2025-11-23 15:00:00,2025
Sønderjyske Fodbold,9.0,3.0,0.0,0.0,7.0,1.0,41.4,12.0,5.0,0.4,1.0,1.0,0.0,0.0,0.0,0.0,0.0,0.0,0.0,0.0,0.0,3.0,0.0,0.0,0.0,0.0,0.0,0.0,FC Midtjylland,12.0,3.0,1.0,0.0,7.0,3.0,58.6,8.0,2.0,0.3,0.0,0.0,0.0,0.0,0.0,0.0,0.0,0.0,0.0,0.0,0.0,4.0,0.0,0.0,0.0,0.0,0.0,0.0,738058,2025-11-23 17:00:00,2025
Randers FC,7.0,2.0,0.0,0.0,11.0,3.0,46.7,16.0,4.0,0.3,0.0,0.0,0.0,0.0,0.0,0.0,0.0,0.0,0.0,0.0,0.0,5.0,0.0,0.0,0.0,0.0,0.0,0.0,Odense Boldklub,9.0,2.0,0.0,0.0,6.0,4.0,53.3,14.0,3.0,0.2,0.0,0.0,0.0,0.0,0.0,0.0,0.0,0.0,0.0,0.0,0.0,3.0,0.0,0.0,0.0,0.0,0.0,0.0,738060,2025-11-24 18:00:00,2025
Sønderjyske Fodbold,11.0,2.0,0.0,0.0,2.0,1.0,39.0,9.0,4.0,0.4,0.0,0.0,0.0,0.0,0.0,0.0,0.0,0.0,0.0,0.0,0.0,2.0,0.0,0.0,0.0,0.0,0.0,0.0,Viborg FF,9.0,1.0,0.0,0.0,8.0,2.0,61.0,15.0,4.0,0.3,0.0,0.0,0.0,0.0,0.0,0.0,0.0,0.0,0.0,0.0,0.0,5.0,0.0,0.0,0.0,0.0,0.0,0.0,738066,2025-11-28 18:00:00,2025
Silkeborg IF,10.0,2.0,0.0,0.0,9.0,4.0,60.5,18.0,4.0,0.2,0.0,0.0,0.0,0.0,0.0,0.0,0.0,0.0,0.0,0.0,0.0,7.0,0.0,0.0,0.0,0.0,0.0,0.0,Randers FC,12.0,2.0,0.0,0.0,6.0,4.0,39.5,14.0,4.0,0.3,0.0,0.0,0.0,0.0,0.0,0.0,0.0,0.0,0.0,0.0,0.0,5.0,0.0,0.0,0.0,0.0,0.0,0.0,738062,2025-11-30 13:00:00,2025
AGF,14.0,2.0,0.0,0.0,8.0,2.0,58.8,11.0,4.0,0.4,0.0,0.0,0.0,0.0,0.0,0.0,0.0,0.0,0.0,0.0,0.0,2.0,0.0,0.0,0.0,0.0,0.0,0.0,F.C. København,16.0,4.0,0.0,0.0,6.0,2.0,41.2,10.0,3.0,0.3,0.0,0.0,0.0,0.0,0.0,0.0,0.0,0.0,0.0,0.0,0.0,2.0,0.0,0.0,0.0,0.0,0.0,0.0,738067,2025-11-30 13:00:00,2025
FC Midtjylland,12.0,0.0,0.0,0.0,6.0,0.0,57.8,15.0,9.0,0.6,0.0,0.0,0.0,0.0,0.0,0.0,0.0,0.0,0.0,0.0,0.0,3.0,0.0,0.0,0.0,0.0,0.0,0.0,FC Nordsjælland,12.0,2.0,0.0,0.0,1.0,2.0,42.2,4.0,0.0,0.0,0.0,0.0,0.0,0.0,0.0,0.0,0.0,0.0,0.0,0.0,0.0,3.0,0.0,0.0,0.0,0.0,0.0,0.0,738065,2025-11-30 15:00:00,2025
Odense Boldklub,10.0,0.0,0.0,0.0,4.0,5.0,56.3,10.0,6.0,0.6,0.0,0.0,0.0,0.0,0.0,0.0,0.0,0.0,0.0,0.0,0.0,0.0,0.0,0.0,0.0,0.0,0.0,0.0,Vejle Boldklub,12.0,2.0,0.0,0.0,5.0,3.0,43.7,12.0,5.0,0.4,0.0,0.0,0.0,0.0,0.0,0.0,0.0,0.0,0.0,0.0,0.0,2.0,0.0,0.0,0.0,0.0,0.0,0.0,738063,2025-11-30 17:00:00,2025
Brøndby IF,11.0,0.0,2.0,0.0,8.0,3.0,63.5,19.0,4.0,0.2,0.0,0.0,0.0,0.0,0.0,0.0,0.0,0.0,0.0,0.0,0.0,8.0,0.0,0.0,0.0,0.0,0.0,0.0,FC Fredericia,8.0,1.0,0.0,0.0,3.0,3.0,36.5,11.0,5.0,0.5,0.0,0.0,0.0,0.0,0.0,0.0,0.0,0.0,0.0,0.0,0.0,3.0,0.0,0.0,0.0,0.0,0.0,0.0,738064,2025-12-01 18:00:00,2025
FC Fredericia,9.0,1.0,0.0,0.0,7.0,5.0,48.1,10.0,3.0,0.3,0.0,0.0,0.0,0.0,0.0,0.0,0.0,0.0,0.0,0.0,0.0,5.0,0.0,0.0,0.0,0.0,0.0,0.0,Odense Boldklub,6.0,1.0,0.0,0.0,6.0,1.0,51.9,12.0,6.0,0.5,1.0,1.0,0.0,0.0,0.0,0.0,0.0,0.0,0.0,0.0,0.0,2.0,0.0,0.0,0.0,0.0,0.0,0.0,738068,2025-12-05 18:00:00,2025
Viborg FF,16.0,2.0,0.0,0.0,2.0,2.0,38.5,10.0,3.0,0.3,0.0,0.0,0.0,0.0,0.0,0.0,0.0,0.0,0.0,0.0,0.0,3.0,0.0,0.0,0.0,0.0,0.0,0.0,FC Midtjylland,14.0,4.0,0.0,0.0,9.0,0.0,61.5,19.0,5.0,0.3,0.0,0.0,0.0,0.0,0.0,0.0,0.0,0.0,0.0,0.0,0.0,7.0,0.0,0.0,0.0,0.0,0.0,0.0,738069,2025-12-07 13:00:00,2025
FC Nordsjælland,11.0,4.0,0.0,0.0,7.0,3.0,62.6,17.0,10.0,0.6,1.0,1.0,0.0,0.0,0.0,0.0,0.0,0.0,0.0,0.0,0.0,2.0,0.0,0.0,0.0,0.0,0.0,0.0,Silkeborg IF,6.0,1.0,1.0,0.0,4.0,5.0,37.4,12.0,3.0,0.3,0.0,0.0,0.0,0.0,0.0,0.0,0.0,0.0,0.0,0.0,0.0,4.0,0.0,0.0,0.0,0.0,0.0,0.0,738073,2025-12-07 13:00:00,2025
Randers FC,17.0,3.0,0.0,0.0,3.0,3.0,50.1,15.0,4.0,0.3,0.0,0.0,0.0,0.0,0.0,0.0,0.0,0.0,0.0,0.0,0.0,3.0,0.0,0.0,0.0,0.0,0.0,0.0,AGF,13.0,1.0,0.0,0.0,4.0,3.0,49.9,12.0,5.0,0.4,0.0,0.0,0.0,0.0,0.0,0.0,0.0,0.0,0.0,0.0,0.0,3.0,0.0,0.0,0.0,0.0,0.0,0.0,738071,2025-12-07 15:00:00,2025
F.C. København,8.0,2.0,0.0,0.0,8.0,4.0,62.7,20.0,5.0,0.3,0.0,0.0,0.0,0.0,0.0,0.0,0.0,0.0,0.0,0.0,0.0,4.0,0.0,0.0,0.0,0.0,0.0,0.0,Sønderjyske Fodbold,10.0,2.0,0.0,0.0,4.0,5.0,37.3,9.0,6.0,0.7,0.0,0.0,0.0,0.0,0.0,0.0,0.0,0.0,0.0,0.0,0.0,1.0,0.0,0.0,0.0,0.0,0.0,0.0,738072,2025-12-07 17:00:00,2025
Vejle Boldklub,17.0,5.0,0.0,0.0,1.0,1.0,38.0,7.0,2.0,0.3,1.0,1.0,0.0,0.0,0.0,0.0,0.0,0.0,0.0,0.0,0.0,2.0,0.0,0.0,0.0,0.0,0.0,0.0,Brøndby IF,12.0,5.0,1.0,0.0,6.0,0.0,62.0,11.0,2.0,0.2,0.0,0.0,0.0,0.0,0.0,0.0,0.0,0.0,0.0,0.0,0.0,3.0,0.0,0.0,0.0,0.0,0.0,0.0,738070,2025-12-08 18:00:00,2025
FC Nordsjælland,15.0,2.0,0.0,0.0,5.0,1.0,60.6,13.0,3.0,0.2,0.0,0.0,0.0,0.0,0.0,0.0,0.0,0.0,0.0,0.0,0.0,2.0,0.0,0.0,0.0,0.0,0.0,0.0,Sønderjyske Fodbold,11.0,1.0,0.0,0.0,2.0,1.0,39.4,11.0,2.0,0.2,0.0,0.0,0.0,0.0,0.0,0.0,0.0,0.0,0.0,0.0,0.0,4.0,0.0,0.0,0.0,0.0,0.0,0.0,738079,2026-02-08 13:00:00,2026
Silkeborg IF,10.0,1.0,0.0,0.0,4.0,3.0,47.4,11.0,1.0,0.1,0.0,0.0,0.0,0.0,0.0,0.0,0.0,0.0,0.0,0.0,0.0,5.0,0.0,0.0,0.0,0.0,0.0,0.0,Viborg FF,12.0,1.0,0.0,0.0,11.0,1.0,52.6,14.0,4.0,0.3,0.0,0.0,0.0,0.0,0.0,0.0,0.0,0.0,0.0,0.0,0.0,2.0,0.0,0.0,0.0,0.0,0.0,0.0,738076,2026-02-08 13:00:00,2026
FC Midtjylland,18.0,0.0,0.0,0.0,4.0,2.0,56.7,10.0,4.0,0.4,0.0,0.0,0.0,0.0,0.0,0.0,0.0,0.0,0.0,0.0,0.0,2.0,0.0,0.0,0.0,0.0,0.0,0.0,F.C. København,19.0,2.0,0.0,0.0,7.0,2.0,43.3,15.0,3.0,0.2,0.0,0.0,0.0,0.0,0.0,0.0,0.0,0.0,0.0,0.0,0.0,4.0,0.0,0.0,0.0,0.0,0.0,0.0,738078,2026-02-08 15:00:00,2026
Brøndby IF,10.0,1.0,0.0,0.0,5.0,4.0,53.1,11.0,2.0,0.2,0.0,0.0,0.0,0.0,0.0,0.0,0.0,0.0,0.0,0.0,0.0,5.0,0.0,0.0,0.0,0.0,0.0,0.0,Randers FC,14.0,2.0,0.0,0.0,8.0,2.0,46.9,12.0,4.0,0.3,0.0,0.0,0.0,0.0,0.0,0.0,0.0,0.0,0.0,0.0,0.0,2.0,0.0,0.0,0.0,0.0,0.0,0.0,738075,2026-02-08 17:00:00,2026
Vejle Boldklub,13.0,2.0,0.0,0.0,10.0,3.0,64.8,21.0,8.0,0.4,0.0,0.0,0.0,0.0,0.0,0.0,0.0,0.0,0.0,0.0,0.0,5.0,0.0,0.0,0.0,0.0,0.0,0.0,FC Fredericia,8.0,2.0,0.0,0.0,4.0,5.0,35.2,8.0,6.0,0.8,0.0,0.0,0.0,0.0,0.0,0.0,0.0,0.0,0.0,0.0,0.0,1.0,0.0,0.0,0.0,0.0,0.0,0.0,738077,2026-02-09 18:00:00,2026
AGF,7.0,2.0,0.0,0.0,9.0,2.0,64.6,17.0,9.0,0.5,0.0,0.0,0.0,0.0,0.0,0.0,0.0,0.0,0.0,0.0,0.0,2.0,0.0,0.0,0.0,0.0,0.0,0.0,Odense Boldklub,17.0,3.0,0.0,0.0,1.0,4.0,35.4,4.0,3.0,0.8,0.0,0.0,0.0,0.0,0.0,0.0,0.0,0.0,0.0,0.0,0.0,0.0,0.0,0.0,0.0,0.0,0.0,0.0,738074,2026-02-09 20:00:00,2026
Randers FC,11.0,0.0,0.0,0.0,2.0,2.0,51.9,7.0,4.0,0.6,2.0,1.0,0.0,0.0,0.0,0.0,0.0,0.0,0.0,0.0,0.0,2.0,0.0,0.0,0.0,0.0,0.0,0.0,Vejle Boldklub,10.0,2.0,0.0,0.0,7.0,2.0,48.1,14.0,3.0,0.2,0.0,0.0,0.0,0.0,0.0,0.0,0.0,0.0,0.0,0.0,0.0,8.0,0.0,0.0,0.0,0.0,0.0,0.0,738081,2026-02-13 18:00:00,2026
F.C. København,16.0,1.0,1.0,0.0,4.0,3.0,35.0,15.0,6.0,0.4,0.0,0.0,0.0,0.0,0.0,0.0,0.0,0.0,0.0,0.0,0.0,7.0,0.0,0.0,0.0,0.0,0.0,0.0,FC Nordsjælland,13.0,2.0,0.0,0.0,7.0,5.0,65.0,14.0,5.0,0.4,2.0,1.0,0.0,0.0,0.0,0.0,0.0,0.0,0.0,0.0,0.0,7.0,0.0,0.0,0.0,0.0,0.0,0.0,738083,2026-02-14 16:00:00,2026
FC Fredericia,19.0,3.0,0.0,0.0,4.0,4.0,43.2,9.0,1.0,0.1,0.0,0.0,0.0,0.0,0.0,0.0,0.0,0.0,0.0,0.0,0.0,3.0,0.0,0.0,0.0,0.0,0.0,0.0,AGF,12.0,0.0,0.0,0.0,11.0,0.0,56.8,19.0,5.0,0.3,2.0,1.0,0.0,0.0,0.0,0.0,0.0,0.0,0.0,0.0,0.0,8.0,0.0,0.0,0.0,0.0,0.0,0.0,738080,2026-02-15 13:00:00,2026
Odense Boldklub,10.0,2.0,0.0,0.0,4.0,5.0,45.5,11.0,6.0,0.5,0.0,0.0,0.0,0.0,0.0,0.0,0.0,0.0,0.0,0.0,0.0,2.0,0.0,0.0,0.0,0.0,0.0,0.0,FC Midtjylland,10.0,2.0,1.0,0.0,6.0,5.0,54.5,18.0,10.0,0.6,2.0,1.0,0.0,0.0,0.0,0.0,0.0,0.0,0.0,0.0,0.0,4.0,0.0,0.0,0.0,0.0,0.0,0.0,738084,2026-02-15 15:00:00,2026
Viborg FF,18.0,4.0,0.0,0.0,3.0,2.0,39.2,14.0,6.0,0.4,0.0,0.0,0.0,0.0,0.0,0.0,0.0,0.0,0.0,0.0,0.0,5.0,0.0,0.0,0.0,0.0,0.0,0.0,Brøndby IF,10.0,1.0,0.0,0.0,3.0,5.0,60.8,8.0,2.0,0.3,0.0,0.0,0.0,0.0,0.0,0.0,0.0,0.0,0.0,0.0,0.0,2.0,0.0,0.0,0.0,0.0,0.0,0.0,738085,2026-02-15 17:00:00,2026
Sønderjyske Fodbold,9.0,1.0,0.0,0.0,3.0,2.0,45.7,16.0,6.0,0.4,2.0,1.0,0.0,0.0,0.0,0.0,0.0,0.0,0.0,0.0,0.0,5.0,0.0,0.0,0.0,0.0,0.0,0.0,Silkeborg IF,10.0,4.0,0.0,0.0,3.0,4.0,54.3,9.0,3.0,0.3,0.0,0.0,0.0,0.0,0.0,0.0,0.0,0.0,0.0,0.0,0.0,1.0,0.0,0.0,0.0,0.0,0.0,0.0,738082,2026-02-16 18:00:00,2026
FC Nordsjælland,7.0,0.0,1.0,0.0,5.0,3.0,65.5,11.0,7.0,0.6,0.0,0.0,0.0,0.0,0.0,0.0,0.0,0.0,0.0,0.0,0.0,1.0,0.0,0.0,0.0,0.0,0.0,0.0,Vejle Boldklub,12.0,1.0,0.0,0.0,3.0,4.0,34.5,16.0,6.0,0.4,0.0,0.0,0.0,0.0,0.0,0.0,0.0,0.0,0.0,0.0,0.0,5.0,0.0,0.0,0.0,0.0,0.0,0.0,738089,2026-02-20 18:00:00,2026
Odense Boldklub,10.0,2.0,0.0,0.0,4.0,4.0,50.8,18.0,9.0,0.5,0.0,0.0,0.0,0.0,0.0,0.0,0.0,0.0,0.0,0.0,0.0,2.0,0.0,0.0,0.0,0.0,0.0,0.0,F.C. København,19.0,4.0,0.0,0.0,4.0,7.0,49.2,13.0,6.0,0.5,0.0,0.0,0.0,0.0,0.0,0.0,0.0,0.0,0.0,0.0,0.0,4.0,0.0,0.0,0.0,0.0,0.0,0.0,738088,2026-02-21 13:00:00,2026
Randers FC,6.0,0.0,0.0,0.0,14.0,4.0,59.2,27.0,6.0,0.2,0.0,0.0,0.0,0.0,0.0,0.0,0.0,0.0,0.0,0.0,0.0,11.0,0.0,0.0,0.0,0.0,0.0,0.0,FC Fredericia,12.0,2.0,0.0,0.0,3.0,4.0,40.8,17.0,6.0,0.4,0.0,0.0,0.0,0.0,0.0,0.0,0.0,0.0,0.0,0.0,0.0,8.0,0.0,0.0,0.0,0.0,0.0,0.0,738086,2026-02-22 13:00:00,2026
Silkeborg IF,8.0,3.0,0.0,0.0,6.0,5.0,39.5,8.0,1.0,0.1,0.0,0.0,0.0,0.0,0.0,0.0,0.0,0.0,0.0,0.0,0.0,4.0,0.0,0.0,0.0,0.0,0.0,0.0,FC Midtjylland,11.0,1.0,0.0,0.0,6.0,1.0,60.5,17.0,9.0,0.5,0.0,0.0,0.0,0.0,0.0,0.0,0.0,0.0,0.0,0.0,0.0,3.0,0.0,0.0,0.0,0.0,0.0,0.0,738087,2026-02-22 15:00:00,2026
AGF,14.0,2.0,0.0,0.0,6.0,2.0,56.6,15.0,9.0,0.6,2.0,1.0,0.0,0.0,0.0,0.0,0.0,0.0,0.0,0.0,0.0,5.0,0.0,0.0,0.0,0.0,0.0,0.0,Viborg FF,13.0,2.0,0.0,0.0,1.0,2.0,43.4,11.0,4.0,0.4,0.0,0.0,0.0,0.0,0.0,0.0,0.0,0.0,0.0,0.0,0.0,1.0,0.0,0.0,0.0,0.0,0.0,0.0,738091,2026-02-22 17:00:00,2026
Brøndby IF,17.0,2.0,0.0,0.0,5.0,4.0,54.0,15.0,2.0,0.1,0.0,0.0,0.0,0.0,0.0,0.0,0.0,0.0,0.0,0.0,0.0,8.0,0.0,0.0,0.0,0.0,0.0,0.0,Sønderjyske Fodbold,13.0,4.0,0.0,0.0,6.0,2.0,46.0,17.0,4.0,0.2,0.0,0.0,0.0,0.0,0.0,0.0,0.0,0.0,0.0,0.0,0.0,6.0,0.0,0.0,0.0,0.0,0.0,0.0,738090,2026-02-23 18:00:00,2026
FC Midtjylland,16.0,2.0,0.0,0.0,6.0,4.0,66.0,13.0,4.0,0.3,0.0,0.0,0.0,0.0,0.0,0.0,0.0,0.0,0.0,0.0,0.0,1.0,0.0,0.0,0.0,0.0,0.0,0.0,Brøndby IF,20.0,5.0,0.0,0.0,2.0,4.0,34.0,9.0,4.0,0.4,0.0,0.0,0.0,0.0,0.0,0.0,0.0,0.0,0.0,0.0,0.0,2.0,0.0,0.0,0.0,0.0,0.0,0.0,738093,2026-03-01 16:00:00,2026
FC Fredericia,10.0,0.0,0.0,0.0,9.0,4.0,48.6,22.0,9.0,0.4,0.0,0.0,0.0,0.0,0.0,0.0,0.0,0.0,0.0,0.0,0.0,6.0,0.0,0.0,0.0,0.0,0.0,0.0,Silkeborg IF,7.0,1.0,0.0,0.0,1.0,7.0,51.4,13.0,5.0,0.4,0.0,0.0,0.0,0.0,0.0,0.0,0.0,0.0,0.0,0.0,0.0,4.0,0.0,0.0,0.0,0.0,0.0,0.0,738097,2026-03-01 16:00:00,2026
FC Fredericia,11.0,2.0,0.0,0.0,3.0,0.0,56.4,10.0,3.0,0.3,0.0,0.0,0.0,0.0,0.0,0.0,0.0,0.0,0.0,0.0,0.0,0.0,0.0,0.0,0.0,0.0,0.0,0.0,Randers FC,19.0,1.0,0.0,0.0,6.0,3.0,43.6,12.0,3.0,0.3,0.0,0.0,0.0,0.0,0.0,0.0,0.0,0.0,0.0,0.0,0.0,3.0,0.0,0.0,0.0,0.0,0.0,0.0,401863627,2026-03-13 18:00:00,2026
Odense Boldklub,10.0,1.0,0.0,0.0,9.0,2.0,60.2,9.0,6.0,0.7,0.0,0.0,0.0,0.0,0.0,0.0,0.0,0.0,0.0,0.0,0.0,0.0,0.0,0.0,0.0,0.0,0.0,0.0,F.C. København,10.0,0.0,0.0,0.0,5.0,4.0,39.8,10.0,3.0,0.3,0.0,0.0,0.0,0.0,0.0,0.0,0.0,0.0,0.0,0.0,0.0,4.0,0.0,0.0,0.0,0.0,0.0,0.0,401863628,2026-03-15 13:00:00,2026
FC Midtjylland,13.0,4.0,0.0,0.0,5.0,2.0,59.5,9.0,4.0,0.4,0.0,0.0,0.0,0.0,0.0,0.0,0.0,0.0,0.0,0.0,0.0,2.0,0.0,0.0,0.0,0.0,0.0,0.0,FC Nordsjælland,13.0,3.0,0.0,0.0,3.0,4.0,40.5,9.0,3.0,0.3,0.0,0.0,0.0,0.0,0.0,0.0,0.0,0.0,0.0,0.0,0.0,1.0,0.0,0.0,0.0,0.0,0.0,0.0,401863629,2026-03-15 13:00:00,2026
Sønderjyske Fodbold,14.0,2.0,0.0,0.0,5.0,3.0,46.5,12.0,2.0,0.2,0.0,0.0,0.0,0.0,0.0,0.0,0.0,0.0,0.0,0.0,0.0,6.0,0.0,0.0,0.0,0.0,0.0,0.0,AGF,11.0,3.0,0.0,0.0,6.0,1.0,53.5,20.0,4.0,0.2,0.0,0.0,0.0,0.0,0.0,0.0,0.0,0.0,0.0,0.0,0.0,8.0,0.0,0.0,0.0,0.0,0.0,0.0,401863630,2026-03-15 15:00:00,2026
Brøndby IF,11.0,0.0,0.0,0.0,5.0,4.0,46.1,14.0,1.0,0.1,0.0,0.0,0.0,0.0,0.0,0.0,0.0,0.0,0.0,0.0,0.0,7.0,0.0,0.0,0.0,0.0,0.0,0.0,Viborg FF,11.0,3.0,0.0,0.0,10.0,1.0,53.9,27.0,5.0,0.2,2.0,2.0,0.0,0.0,0.0,0.0,0.0,0.0,0.0,0.0,0.0,11.0,0.0,0.0,0.0,0.0,0.0,0.0,401863631,2026-03-15 17:00:00,2026
Silkeborg IF,6.0,2.0,0.0,0.0,7.0,3.0,66.1,21.0,8.0,0.4,0.0,0.0,0.0,0.0,0.0,0.0,0.0,0.0,0.0,0.0,0.0,4.0,0.0,0.0,0.0,0.0,0.0,0.0,Vejle Boldklub,7.0,2.0,0.0,0.0,4.0,7.0,33.9,12.0,5.0,0.4,0.0,0.0,0.0,0.0,0.0,0.0,0.0,0.0,0.0,0.0,0.0,3.0,0.0,0.0,0.0,0.0,0.0,0.0,401863632,2026-03-16 18:00:00,2026
Vejle Boldklub,13.0,0.0,0.0,0.0,2.0,2.0,38.0,6.0,1.0,0.2,0.0,0.0,0.0,0.0,0.0,0.0,0.0,0.0,0.0,0.0,0.0,1.0,0.0,0.0,0.0,0.0,0.0,0.0,Odense Boldklub,7.0,1.0,0.0,0.0,7.0,0.0,62.0,11.0,3.0,0.3,0.0,0.0,0.0,0.0,0.0,0.0,0.0,0.0,0.0,0.0,0.0,6.0,0.0,0.0,0.0,0.0,0.0,0.0,401863633,2026-03-20 18:00:00,2026
FC Nordsjælland,11.0,1.0,0.0,0.0,6.0,5.0,56.9,17.0,6.0,0.4,0.0,0.0,0.0,0.0,0.0,0.0,0.0,0.0,0.0,0.0,0.0,5.0,0.0,0.0,0.0,0.0,0.0,0.0,Sønderjyske Fodbold,8.0,1.0,0.0,0.0,2.0,5.0,43.1,14.0,5.0,0.4,0.0,0.0,0.0,0.0,0.0,0.0,0.0,0.0,0.0,0.0,0.0,4.0,0.0,0.0,0.0,0.0,0.0,0.0,401863634,2026-03-22 13:00:00,2026
Randers FC,12.0,2.0,0.0,0.0,4.0,1.0,58.6,13.0,3.0,0.2,0.0,0.0,0.0,0.0,0.0,0.0,0.0,0.0,0.0,0.0,0.0,5.0,0.0,0.0,0.0,0.0,0.0,0.0,Silkeborg IF,12.0,0.0,0.0,0.0,3.0,3.0,41.4,12.0,4.0,0.3,0.0,0.0,0.0,0.0,0.0,0.0,0.0,0.0,0.0,0.0,0.0,3.0,0.0,0.0,0.0,0.0,0.0,0.0,401863635,2026-03-22 13:00:00,2026
F.C. København,12.0,1.0,0.0,0.0,14.0,1.0,66.9,33.0,11.0,0.3,2.0,1.0,0.0,0.0,0.0,0.0,0.0,0.0,0.0,0.0,0.0,13.0,0.0,0.0,0.0,0.0,0.0,0.0,FC Fredericia,13.0,0.0,1.0,0.0,3.0,10.0,33.1,8.0,3.0,0.4,0.0,0.0,0.0,0.0,0.0,0.0,0.0,0.0,0.0,0.0,0.0,1.0,0.0,0.0,0.0,0.0,0.0,0.0,401863636,2026-03-22 15:00:00,2026
AGF,14.0,3.0,0.0,0.0,7.0,2.0,59.5,15.0,6.0,0.4,0.0,0.0,0.0,0.0,0.0,0.0,0.0,0.0,0.0,0.0,0.0,3.0,0.0,0.0,0.0,0.0,0.0,0.0,Brøndby IF,18.0,5.0,0.0,0.0,5.0,6.0,40.5,11.0,2.0,0.2,0.0,0.0,0.0,0.0,0.0,0.0,0.0,0.0,0.0,0.0,0.0,5.0,0.0,0.0,0.0,0.0,0.0,0.0,401863637,2026-03-22 17:00:00,2026
Viborg FF,13.0,2.0,0.0,0.0,5.0,3.0,48.7,9.0,2.0,0.2,0.0,0.0,0.0,0.0,0.0,0.0,0.0,0.0,0.0,0.0,0.0,3.0,0.0,0.0,0.0,0.0,0.0,0.0,FC Midtjylland,20.0,2.0,0.0,0.0,6.0,1.0,51.3,17.0,4.0,0.2,0.0,0.0,0.0,0.0,0.0,0.0,0.0,0.0,0.0,0.0,0.0,4.0,0.0,0.0,0.0,0.0,0.0,0.0,401863638,2026-03-22 19:00:00,2026
FC Midtjylland,15.0,2.0,0.0,0.0,9.0,2.0,55.0,18.0,4.0,0.2,0.0,0.0,0.0,0.0,0.0,0.0,0.0,0.0,0.0,0.0,0.0,6.0,0.0,0.0,0.0,0.0,0.0,0.0,Sønderjyske Fodbold,15.0,3.0,0.0,0.0,5.0,3.0,45.0,7.0,4.0,0.6,0.0,1.0,0.0,0.0,0.0,0.0,0.0,0.0,0.0,0.0,0.0,1.0,0.0,0.0,0.0,0.0,0.0,0.0,401863639,2026-04-04 16:00:00,2026
F.C. København,8.0,1.0,0.0,0.0,11.0,1.0,56.0,28.0,13.0,0.5,0.0,0.0,0.0,0.0,0.0,0.0,0.0,0.0,0.0,0.0,0.0,4.0,0.0,0.0,0.0,0.0,0.0,0.0,Silkeborg IF,3.0,1.0,0.0,0.0,3.0,6.0,44.0,4.0,1.0,0.3,0.0,0.0,0.0,0.0,0.0,0.0,0.0,0.0,0.0,0.0,0.0,2.0,0.0,0.0,0.0,0.0,0.0,0.0,401863640,2026-04-05 16:00:00,2026
Vejle Boldklub,13.0,2.0,0.0,0.0,3.0,4.0,58.5,7.0,3.0,0.4,2.0,1.0,0.0,0.0,0.0,0.0,0.0,0.0,0.0,0.0,0.0,0.0,0.0,0.0,0.0,0.0,0.0,0.0,Randers FC,12.0,1.0,0.0,0.0,3.0,2.0,41.5,13.0,6.0,0.5,0.0,0.0,0.0,0.0,0.0,0.0,0.0,0.0,0.0,0.0,0.0,3.0,0.0,0.0,0.0,0.0,0.0,0.0,401863641,2026-04-06 12:00:00,2026
Odense Boldklub,7.0,1.0,0.0,0.0,8.0,1.0,66.2,16.0,2.0,0.1,0.0,0.0,0.0,0.0,0.0,0.0,0.0,0.0,0.0,0.0,0.0,6.0,0.0,0.0,0.0,0.0,0.0,0.0,FC Fredericia,13.0,2.0,0.0,0.0,6.0,1.0,33.8,11.0,1.0,0.1,0.0,0.0,0.0,0.0,0.0,0.0,0.0,0.0,0.0,0.0,0.0,4.0,0.0,0.0,0.0,0.0,0.0,0.0,401863642,2026-04-06 14:00:00,2026
Viborg FF,10.0,2.0,0.0,0.0,4.0,3.0,59.1,11.0,4.0,0.4,0.0,0.0,0.0,0.0,0.0,0.0,0.0,0.0,0.0,0.0,0.0,1.0,0.0,0.0,0.0,0.0,0.0,0.0,AGF,12.0,1.0,0.0,0.0,2.0,3.0,40.9,13.0,5.0,0.4,0.0,0.0,0.0,0.0,0.0,0.0,0.0,0.0,0.0,0.0,0.0,2.0,0.0,0.0,0.0,0.0,0.0,0.0,401863643,2026-04-06 16:00:00,2026
FC Nordsjælland,11.0,2.0,0.0,0.0,5.0,2.0,53.4,13.0,7.0,0.5,0.0,0.0,0.0,0.0,0.0,0.0,0.0,0.0,0.0,0.0,0.0,2.0,0.0,0.0,0.0,0.0,0.0,0.0,Brøndby IF,12.0,2.0,0.0,0.0,6.0,5.0,46.6,8.0,3.0,0.4,0.0,0.0,0.0,0.0,0.0,0.0,0.0,0.0,0.0,0.0,0.0,1.0,0.0,0.0,0.0,0.0,0.0,0.0,401863644,2026-04-07 17:00:00,2026
AGF,10.0,0.0,0.0,0.0,5.0,1.0,61.7,25.0,8.0,0.3,0.0,0.0,0.0,0.0,0.0,0.0,0.0,0.0,0.0,0.0,0.0,6.0,0.0,0.0,0.0,0.0,0.0,0.0,FC Nordsjælland,16.0,6.0,0.0,0.0,1.0,7.0,38.3,8.0,2.0,0.3,0.0,0.0,0.0,0.0,0.0,0.0,0.0,0.0,0.0,0.0,0.0,3.0,0.0,0.0,0.0,0.0,0.0,0.0,401863645,2026-04-10 17:00:00,2026
Sønderjyske Fodbold,13.0,2.0,0.0,0.0,6.0,2.0,52.1,14.0,0.0,0.0,0.0,0.0,0.0,0.0,0.0,0.0,0.0,0.0,0.0,0.0,0.0,7.0,0.0,0.0,0.0,0.0,0.0,0.0,Viborg FF,14.0,3.0,0.0,0.0,4.0,1.0,47.9,17.0,4.0,0.2,0.0,0.0,0.0,0.0,0.0,0.0,0.0,0.0,0.0,0.0,0.0,2.0,0.0,0.0,0.0,0.0,0.0,0.0,401863647,2026-04-12 12:00:00,2026
Silkeborg IF,9.0,1.0,0.0,0.0,4.0,7.0,48.0,19.0,9.0,0.5,0.0,1.0,0.0,0.0,0.0,0.0,0.0,0.0,0.0,0.0,0.0,3.0,0.0,0.0,0.0,0.0,0.0,0.0,Odense Boldklub,7.0,2.0,0.0,0.0,3.0,6.0,52.0,14.0,8.0,0.6,0.0,0.0,0.0,0.0,0.0,0.0,0.0,0.0,0.0,0.0,0.0,4.0,0.0,0.0,0.0,0.0,0.0,0.0,401863646,2026-04-12 12:00:00,2026
Brøndby IF,20.0,2.0,0.0,0.0,3.0,4.0,54.5,13.0,5.0,0.4,2.0,1.0,0.0,0.0,0.0,0.0,0.0,0.0,0.0,0.0,0.0,4.0,0.0,0.0,0.0,0.0,0.0,0.0,FC Midtjylland,15.0,2.0,1.0,0.0,9.0,4.0,45.5,12.0,5.0,0.4,2.0,1.0,0.0,0.0,0.0,0.0,0.0,0.0,0.0,0.0,0.0,4.0,0.0,0.0,0.0,0.0,0.0,0.0,401863648,2026-04-12 14:00:00,2026
Randers FC,11.0,2.0,0.0,0.0,5.0,4.0,48.8,14.0,6.0,0.4,0.0,0.0,0.0,0.0,0.0,0.0,0.0,0.0,0.0,0.0,0.0,5.0,0.0,0.0,0.0,0.0,0.0,0.0,F.C. København,12.0,3.0,0.0,0.0,2.0,5.0,51.2,11.0,6.0,0.5,0.0,0.0,0.0,0.0,0.0,0.0,0.0,0.0,0.0,0.0,0.0,3.0,0.0,0.0,0.0,0.0,0.0,0.0,401863649,2026-04-12 16:00:00,2026
FC Fredericia,10.0,3.0,0.0,0.0,9.0,4.0,45.6,18.0,7.0,0.4,0.0,0.0,0.0,0.0,0.0,0.0,0.0,0.0,0.0,0.0,0.0,5.0,0.0,0.0,0.0,0.0,0.0,0.0,Vejle Boldklub,11.0,1.0,0.0,0.0,5.0,5.0,54.4,12.0,6.0,0.5,0.0,0.0,0.0,0.0,0.0,0.0,0.0,0.0,0.0,0.0,0.0,3.0,0.0,0.0,0.0,0.0,0.0,0.0,401863650,2026-04-13 17:00:00,2026
Brøndby IF,17.0,1.0,0.0,0.0,5.0,1.0,54.6,22.0,9.0,0.4,0.0,0.0,0.0,0.0,0.0,0.0,0.0,0.0,0.0,0.0,0.0,5.0,0.0,0.0,0.0,0.0,0.0,0.0,Sønderjyske Fodbold,14.0,3.0,0.0,0.0,5.0,3.0,45.4,7.0,1.0,0.1,0.0,0.0,0.0,0.0,0.0,0.0,0.0,0.0,0.0,0.0,0.0,4.0,0.0,0.0,0.0,0.0,0.0,0.0,401863651,2026-04-17 17:00:00,2026
Odense Boldklub,15.0,0.0,0.0,0.0,6.0,5.0,49.1,10.0,6.0,0.6,0.0,0.0,0.0,0.0,0.0,0.0,0.0,0.0,0.0,0.0,0.0,1.0,0.0,0.0,0.0,0.0,0.0,0.0,Randers FC,6.0,0.0,0.0,0.0,8.0,3.0,50.9,14.0,6.0,0.4,0.0,0.0,0.0,0.0,0.0,0.0,0.0,0.0,0.0,0.0,0.0,4.0,0.0,0.0,0.0,0.0,0.0,0.0,401863653,2026-04-19 12:00:00,2026
Silkeborg IF,6.0,1.0,0.0,0.0,5.0,4.0,50.6,12.0,5.0,0.4,0.0,0.0,0.0,0.0,0.0,0.0,0.0,0.0,0.0,0.0,0.0,3.0,0.0,0.0,0.0,0.0,0.0,0.0,FC Fredericia,14.0,0.0,0.0,0.0,4.0,3.0,49.4,15.0,6.0,0.4,0.0,0.0,0.0,0.0,0.0,0.0,0.0,0.0,0.0,0.0,0.0,3.0,0.0,0.0,0.0,0.0,0.0,0.0,401863652,2026-04-19 12:00:00,2026
FC Nordsjælland,9.0,2.0,0.0,0.0,6.0,5.0,67.3,18.0,5.0,0.3,0.0,0.0,0.0,0.0,0.0,0.0,0.0,0.0,0.0,0.0,0.0,5.0,0.0,0.0,0.0,0.0,0.0,0.0,Viborg FF,10.0,3.0,0.0,0.0,4.0,3.0,32.7,12.0,6.0,0.5,0.0,0.0,0.0,0.0,0.0,0.0,0.0,0.0,0.0,0.0,0.0,1.0,0.0,0.0,0.0,0.0,0.0,0.0,401863654,2026-04-19 14:00:00,2026
Vejle Boldklub,13.0,1.0,1.0,0.0,3.0,4.0,44.0,11.0,3.0,0.3,0.0,0.0,0.0,0.0,0.0,0.0,0.0,0.0,0.0,0.0,0.0,4.0,0.0,0.0,0.0,0.0,0.0,0.0,F.C. København,12.0,0.0,0.0,0.0,6.0,2.0,56.0,17.0,8.0,0.5,0.0,0.0,0.0,0.0,0.0,0.0,0.0,0.0,0.0,0.0,0.0,1.0,0.0,0.0,0.0,0.0,0.0,0.0,401863655,2026-04-19 16:00:00,2026
FC Midtjylland,14.0,2.0,0.0,0.0,3.0,5.0,65.5,12.0,2.0,0.2,0.0,0.0,0.0,0.0,0.0,0.0,0.0,0.0,0.0,0.0,0.0,5.0,0.0,0.0,0.0,0.0,0.0,0.0,AGF,20.0,2.0,0.0,0.0,5.0,1.0,34.5,15.0,6.0,0.4,0.0,0.0,0.0,0.0,0.0,0.0,0.0,0.0,0.0,0.0,0.0,3.0,0.0,0.0,0.0,0.0,0.0,0.0,401863656,2026-04-20 17:00:00,2026
F.C. København,7.0,0.0,0.0,0.0,6.0,2.0,33.9,20.0,6.0,0.3,0.0,0.0,0.0,0.0,0.0,0.0,0.0,0.0,0.0,0.0,0.0,9.0,0.0,0.0,0.0,0.0,0.0,0.0,Odense Boldklub,11.0,0.0,0.0,0.0,11.0,4.0,66.1,14.0,2.0,0.1,0.0,0.0,0.0,0.0,0.0,0.0,0.0,0.0,0.0,0.0,0.0,5.0,0.0,0.0,0.0,0.0,0.0,0.0,401863657,2026-04-22 16:00:00,2026
Vejle Boldklub,9.0,2.0,1.0,0.0,3.0,4.0,53.5,15.0,5.0,0.3,0.0,0.0,0.0,0.0,0.0,0.0,0.0,0.0,0.0,0.0,0.0,2.0,0.0,0.0,0.0,0.0,0.0,0.0,Silkeborg IF,10.0,2.0,0.0,0.0,4.0,4.0,46.5,10.0,6.0,0.6,2.0,1.0,0.0,0.0,0.0,0.0,0.0,0.0,0.0,0.0,0.0,1.0,0.0,0.0,0.0,0.0,0.0,0.0,401863658,2026-04-22 16:00:00,2026
Viborg FF,7.0,1.0,0.0,0.0,4.0,8.0,48.9,7.0,3.0,0.4,0.0,0.0,0.0,0.0,0.0,0.0,0.0,0.0,0.0,0.0,0.0,0.0,0.0,0.0,0.0,0.0,0.0,0.0,Brøndby IF,8.0,5.0,0.0,0.0,3.0,3.0,51.1,17.0,8.0,0.5,0.0,0.0,0.0,0.0,0.0,0.0,0.0,0.0,0.0,0.0,0.0,3.0,0.0,0.0,0.0,0.0,0.0,0.0,401863659,2026-04-22 18:00:00,2026
FC Nordsjælland,18.0,2.0,0.0,0.0,7.0,4.0,57.7,20.0,11.0,0.6,0.0,0.0,0.0,0.0,0.0,0.0,0.0,0.0,0.0,0.0,0.0,4.0,0.0,0.0,0.0,0.0,0.0,0.0,AGF,3.0,0.0,0.0,0.0,3.0,9.0,42.3,12.0,5.0,0.4,0.0,0.0,0.0,0.0,0.0,0.0,0.0,0.0,0.0,0.0,0.0,3.0,0.0,0.0,0.0,0.0,0.0,0.0,401863661,2026-04-23 16:00:00,2026
Randers FC,9.0,1.0,0.0,0.0,6.0,1.0,54.0,11.0,4.0,0.4,0.0,0.0,0.0,0.0,0.0,0.0,0.0,0.0,0.0,0.0,0.0,0.0,0.0,0.0,0.0,0.0,0.0,0.0,FC Fredericia,10.0,2.0,0.0,0.0,8.0,2.0,46.0,7.0,2.0,0.3,0.0,0.0,0.0,0.0,0.0,0.0,0.0,0.0,0.0,0.0,0.0,2.0,0.0,0.0,0.0,0.0,0.0,0.0,401863660,2026-04-23 16:00:00,2026
Sønderjyske Fodbold,14.0,1.0,0.0,0.0,3.0,3.0,39.9,8.0,4.0,0.5,0.0,0.0,0.0,0.0,0.0,0.0,0.0,0.0,0.0,0.0,0.0,2.0,0.0,0.0,0.0,0.0,0.0,0.0,FC Midtjylland,16.0,4.0,0.0,0.0,8.0,3.0,60.1,16.0,4.0,0.3,0.0,0.0,0.0,0.0,0.0,0.0,0.0,0.0,0.0,0.0,0.0,4.0,0.0,0.0,0.0,0.0,0.0,0.0,401863662,2026-04-23 18:00:00,2026
FC Fredericia,13.0,2.0,0.0,0.0,4.0,1.0,51.7,22.0,5.0,0.2,0.0,0.0,0.0,0.0,0.0,0.0,0.0,0.0,0.0,0.0,0.0,8.0,0.0,0.0,0.0,0.0,0.0,0.0,Odense Boldklub,12.0,1.0,0.0,0.0,3.0,5.0,48.3,14.0,3.0,0.2,0.0,0.0,0.0,0.0,0.0,0.0,0.0,0.0,0.0,0.0,0.0,1.0,0.0,0.0,0.0,0.0,0.0,0.0,401863663,2026-04-26 12:00:00,2026
Silkeborg IF,7.0,1.0,0.0,0.0,3.0,8.0,46.2,12.0,7.0,0.6,0.0,0.0,0.0,0.0,0.0,0.0,0.0,0.0,0.0,0.0,0.0,3.0,0.0,0.0,0.0,0.0,0.0,0.0,Randers FC,15.0,2.0,0.0,0.0,5.0,5.0,53.8,18.0,8.0,0.4,0.0,0.0,0.0,0.0,0.0,0.0,0.0,0.0,0.0,0.0,0.0,4.0,0.0,0.0,0.0,0.0,0.0,0.0,401863664,2026-04-26 12:00:00,2026
Sønderjyske Fodbold,14.0,2.0,0.0,0.0,4.0,3.0,44.4,14.0,8.0,0.6,0.0,0.0,0.0,0.0,0.0,0.0,0.0,0.0,0.0,0.0,0.0,1.0,0.0,0.0,0.0,0.0,0.0,0.0,Brøndby IF,12.0,1.0,0.0,0.0,6.0,5.0,55.6,22.0,3.0,0.1,0.0,0.0,0.0,0.0,0.0,0.0,0.0,0.0,0.0,0.0,0.0,11.0,0.0,0.0,0.0,0.0,0.0,0.0,401863665,2026-04-26 14:00:00,2026
Viborg FF,6.0,2.0,0.0,0.0,6.0,5.0,36.3,18.0,8.0,0.4,0.0,0.0,0.0,0.0,0.0,0.0,0.0,0.0,0.0,0.0,0.0,3.0,0.0,0.0,0.0,0.0,0.0,0.0,FC Nordsjælland,16.0,2.0,0.0,0.0,5.0,7.0,63.7,14.0,5.0,0.4,0.0,0.0,0.0,0.0,0.0,0.0,0.0,0.0,0.0,0.0,0.0,4.0,0.0,0.0,0.0,0.0,0.0,0.0,401863666,2026-04-26 16:00:00,2026
AGF,10.0,0.0,0.0,0.0,6.0,2.0,57.4,13.0,2.0,0.2,0.0,0.0,0.0,0.0,0.0,0.0,0.0,0.0,0.0,0.0,0.0,4.0,0.0,0.0,0.0,0.0,0.0,0.0,FC Midtjylland,18.0,3.0,0.0,0.0,3.0,2.0,42.6,11.0,2.0,0.2,0.0,0.0,0.0,0.0,0.0,0.0,0.0,0.0,0.0,0.0,0.0,3.0,0.0,0.0,0.0,0.0,0.0,0.0,401863667,2026-04-26 18:00:00,2026
F.C. København,12.0,1.0,0.0,0.0,10.0,0.0,58.2,27.0,4.0,0.1,2.0,1.0,0.0,0.0,0.0,0.0,0.0,0.0,0.0,0.0,0.0,10.0,0.0,0.0,0.0,0.0,0.0,0.0,Vejle Boldklub,6.0,1.0,0.0,0.0,4.0,1.0,41.8,5.0,0.0,0.0,0.0,0.0,0.0,0.0,0.0,0.0,0.0,0.0,0.0,0.0,0.0,3.0,0.0,0.0,0.0,0.0,0.0,0.0,401863668,2026-04-27 17:00:00,2026
Brøndby IF,22.0,3.0,0.0,0.0,5.0,3.0,54.1,16.0,3.0,0.2,0.0,0.0,0.0,0.0,0.0,0.0,0.0,0.0,0.0,0.0,0.0,5.0,0.0,0.0,0.0,0.0,0.0,0.0,FC Nordsjælland,12.0,1.0,1.0,0.0,2.0,2.0,45.9,11.0,4.0,0.4,0.0,0.0,0.0,0.0,0.0,0.0,0.0,0.0,0.0,0.0,0.0,3.0,0.0,0.0,0.0,0.0,0.0,0.0,401863669,2026-05-01 17:00:00,2026
Randers FC,6.0,0.0,1.0,0.0,3.0,3.0,33.6,10.0,2.0,0.2,2.0,1.0,0.0,0.0,0.0,0.0,0.0,0.0,0.0,0.0,0.0,4.0,0.0,0.0,0.0,0.0,0.0,0.0,Vejle Boldklub,14.0,2.0,0.0,0.0,6.0,0.0,66.4,14.0,3.0,0.2,0.0,0.0,0.0,0.0,0.0,0.0,0.0,0.0,0.0,0.0,0.0,6.0,0.0,0.0,0.0,0.0,0.0,0.0,401863671,2026-05-03 12:00:00,2026
Odense Boldklub,9.0,0.0,1.0,0.0,8.0,3.0,66.3,16.0,5.0,0.3,0.0,0.0,0.0,0.0,0.0,0.0,0.0,0.0,0.0,0.0,0.0,4.0,0.0,0.0,0.0,0.0,0.0,0.0,Silkeborg IF,7.0,0.0,0.0,0.0,3.0,3.0,33.7,12.0,6.0,0.5,0.0,0.0,0.0,0.0,0.0,0.0,0.0,0.0,0.0,0.0,0.0,1.0,0.0,0.0,0.0,0.0,0.0,0.0,401863670,2026-05-03 12:00:00,2026
FC Fredericia,14.0,1.0,0.0,0.0,6.0,2.0,42.6,16.0,6.0,0.4,0.0,0.0,0.0,0.0,0.0,0.0,0.0,0.0,0.0,0.0,0.0,4.0,0.0,0.0,0.0,0.0,0.0,0.0,F.C. København,19.0,4.0,0.0,0.0,4.0,3.0,57.4,19.0,5.0,0.3,2.0,1.0,0.0,0.0,0.0,0.0,0.0,0.0,0.0,0.0,0.0,7.0,0.0,0.0,0.0,0.0,0.0,0.0,401863672,2026-05-03 14:00:00,2026
AGF,9.0,2.0,0.0,0.0,9.0,6.0,61.9,19.0,8.0,0.4,0.0,0.0,0.0,0.0,0.0,0.0,0.0,0.0,0.0,0.0,0.0,7.0,0.0,0.0,0.0,0.0,0.0,0.0,Sønderjyske Fodbold,11.0,0.0,0.0,0.0,5.0,7.0,38.1,11.0,7.0,0.6,0.0,0.0,0.0,0.0,0.0,0.0,0.0,0.0,0.0,0.0,0.0,1.0,0.0,0.0,0.0,0.0,0.0,0.0,401863673,2026-05-03 16:00:00,2026
FC Midtjylland,17.0,2.0,0.0,0.0,8.0,3.0,56.8,13.0,7.0,0.5,0.0,0.0,0.0,0.0,0.0,0.0,0.0,0.0,0.0,0.0,0.0,1.0,0.0,0.0,0.0,0.0,0.0,0.0,Viborg FF,12.0,1.0,0.0,0.0,0.0,4.0,43.2,10.0,6.0,0.6,0.0,0.0,0.0,0.0,0.0,0.0,0.0,0.0,0.0,0.0,0.0,1.0,0.0,0.0,0.0,0.0,0.0,0.0,401863674,2026-05-04 17:00:00,2026
Viborg FF,6.0,0.0,0.0,0.0,8.0,2.0,68.3,18.0,4.0,0.2,0.0,0.0,0.0,0.0,0.0,0.0,0.0,0.0,0.0,0.0,0.0,5.0,0.0,0.0,0.0,0.0,0.0,0.0,Sønderjyske Fodbold,14.0,1.0,0.0,0.0,0.0,4.0,31.7,5.0,3.0,0.6,0.0,0.0,0.0,0.0,0.0,0.0,0.0,0.0,0.0,0.0,0.0,1.0,0.0,0.0,0.0,0.0,0.0,0.0,401863678,2026-05-08 17:00:00,2026
FC Nordsjælland,13.0,1.0,0.0,0.0,9.0,2.0,69.0,20.0,9.0,0.5,0.0,0.0,0.0,0.0,0.0,0.0,0.0,0.0,0.0,0.0,0.0,7.0,0.0,0.0,0.0,0.0,0.0,0.0,FC Midtjylland,6.0,3.0,0.0,0.0,3.0,9.0,31.0,12.0,2.0,0.2,0.0,0.0,0.0,0.0,0.0,0.0,0.0,0.0,0.0,0.0,0.0,2.0,0.0,0.0,0.0,0.0,0.0,0.0,401863675,2026-05-10 12:00:00,2026
Vejle Boldklub,11.0,3.0,0.0,0.0,2.0,4.0,42.7,16.0,7.0,0.4,0.0,0.0,0.0,0.0,0.0,0.0,0.0,0.0,0.0,0.0,0.0,2.0,0.0,0.0,0.0,0.0,0.0,0.0,FC Fredericia,11.0,3.0,0.0,0.0,7.0,4.0,57.3,12.0,3.0,0.3,0.0,0.0,0.0,0.0,0.0,0.0,0.0,0.0,0.0,0.0,0.0,4.0,0.0,0.0,0.0,0.0,0.0,0.0,401863680,2026-05-10 12:00:00,2026
Silkeborg IF,6.0,1.0,0.0,0.0,3.0,4.0,42.7,7.0,4.0,0.6,0.0,0.0,0.0,0.0,0.0,0.0,0.0,0.0,0.0,0.0,0.0,0.0,0.0,0.0,0.0,0.0,0.0,0.0,F.C. København,7.0,0.0,0.0,0.0,5.0,4.0,57.3,16.0,9.0,0.6,2.0,1.0,0.0,0.0,0.0,0.0,0.0,0.0,0.0,0.0,0.0,0.0,0.0,0.0,0.0,0.0,0.0,0.0,401863676,2026-05-10 14:00:00,2026
Brøndby IF,14.0,4.0,0.0,0.0,5.0,2.0,61.3,12.0,5.0,0.4,0.0,0.0,0.0,0.0,0.0,0.0,0.0,0.0,0.0,0.0,0.0,1.0,0.0,0.0,0.0,0.0,0.0,0.0,AGF,12.0,2.0,0.0,0.0,4.0,5.0,38.7,4.0,4.0,1.0,0.0,0.0,0.0,0.0,0.0,0.0,0.0,0.0,0.0,0.0,0.0,0.0,0.0,0.0,0.0,0.0,0.0,0.0,401863679,2026-05-10 16:00:00,2026
Randers FC,9.0,1.0,0.0,0.0,8.0,3.0,59.6,19.0,6.0,0.3,0.0,0.0,0.0,0.0,0.0,0.0,0.0,0.0,0.0,0.0,0.0,5.0,0.0,0.0,0.0,0.0,0.0,0.0,Odense Boldklub,15.0,0.0,1.0,0.0,3.0,4.0,40.4,8.0,5.0,0.6,0.0,0.0,0.0,0.0,0.0,0.0,0.0,0.0,0.0,0.0,0.0,1.0,0.0,0.0,0.0,0.0,0.0,0.0,401863677,2026-05-11 17:00:00,2026
Odense Boldklub,13.0,1.0,0.0,0.0,8.0,0.0,67.2,17.0,7.0,0.4,0.0,0.0,0.0,0.0,0.0,0.0,0.0,0.0,0.0,0.0,0.0,6.0,0.0,0.0,0.0,0.0,0.0,0.0,Vejle Boldklub,10.0,2.0,0.0,0.0,4.0,6.0,32.8,5.0,1.0,0.2,2.0,1.0,0.0,0.0,0.0,0.0,0.0,0.0,0.0,0.0,0.0,1.0,0.0,0.0,0.0,0.0,0.0,0.0,401863683,2026-05-17 12:00:00,2026
F.C. København,8.0,1.0,0.0,0.0,6.0,1.0,61.8,19.0,10.0,0.5,0.0,0.0,0.0,0.0,0.0,0.0,0.0,0.0,0.0,0.0,0.0,7.0,0.0,0.0,0.0,0.0,0.0,0.0,Randers FC,3.0,0.0,0.0,0.0,5.0,4.0,38.2,5.0,1.0,0.2,0.0,0.0,0.0,0.0,0.0,0.0,0.0,0.0,0.0,0.0,0.0,0.0,0.0,0.0,0.0,0.0,0.0,0.0,401863682,2026-05-17 12:00:00,2026
FC Fredericia,6.0,1.0,0.0,0.0,4.0,2.0,59.9,27.0,11.0,0.4,0.0,0.0,0.0,0.0,0.0,0.0,0.0,0.0,0.0,0.0,0.0,6.0,0.0,0.0,0.0,0.0,0.0,0.0,Silkeborg IF,3.0,1.0,0.0,0.0,6.0,6.0,40.1,9.0,3.0,0.3,0.0,1.0,0.0,0.0,0.0,0.0,0.0,0.0,0.0,0.0,0.0,3.0,0.0,0.0,0.0,0.0,0.0,0.0,401863684,2026-05-17 12:00:00,2026
AGF,11.0,2.0,0.0,0.0,2.0,7.0,63.9,16.0,9.0,0.6,0.0,0.0,0.0,0.0,0.0,0.0,0.0,0.0,0.0,0.0,0.0,1.0,0.0,0.0,0.0,0.0,0.0,0.0,Viborg FF,18.0,2.0,0.0,0.0,2.0,4.0,36.1,23.0,9.0,0.4,0.0,0.0,0.0,0.0,0.0,0.0,0.0,0.0,0.0,0.0,0.0,6.0,0.0,0.0,0.0,0.0,0.0,0.0,401863686,2026-05-17 16:00:00,2026
FC Midtjylland,21.0,3.0,0.0,0.0,5.0,2.0,55.1,18.0,8.0,0.4,0.0,0.0,0.0,0.0,0.0,0.0,0.0,0.0,0.0,0.0,0.0,4.0,0.0,0.0,0.0,0.0,0.0,0.0,Brøndby IF,10.0,2.0,0.0,0.0,1.0,6.0,44.9,12.0,5.0,0.4,0.0,0.0,0.0,0.0,0.0,0.0,0.0,0.0,0.0,0.0,0.0,2.0,0.0,0.0,0.0,0.0,0.0,0.0,401863681,2026-05-17 16:00:00,2026
Sønderjyske Fodbold,11.0,3.0,0.0,0.0,3.0,3.0,35.8,12.0,4.0,0.3,2.0,1.0,0.0,0.0,0.0,0.0,0.0,0.0,0.0,0.0,0.0,5.0,0.0,0.0,0.0,0.0,0.0,0.0,FC Nordsjælland,11.0,0.0,0.0,0.0,4.0,3.0,64.2,15.0,7.0,0.5,0.0,0.0,0.0,0.0,0.0,0.0,0.0,0.0,0.0,0.0,0.0,3.0,0.0,0.0,0.0,0.0,0.0,0.0,401863685,2026-05-17 16:00:00,2026
Brøndby IF,22.0,1.0,1.0,0.0,8.0,5.0,31.0,10.0,3.0,0.3,0.0,0.0,0.0,0.0,0.0,0.0,0.0,0.0,0.0,0.0,0.0,3.0,0.0,0.0,0.0,0.0,0.0,0.0,F.C. København,15.0,9.0,0.0,0.0,9.0,2.0,69.0,22.0,8.0,0.4,0.0,0.0,0.0,0.0,0.0,0.0,0.0,0.0,0.0,0.0,0.0,7.0,0.0,0.0,0.0,0.0,0.0,0.0,401873418,2026-05-21 16:30:00,2026
Viborg FF,15.0,2.0,0.0,1.0,7.0,4.0,42.6,10.0,3.0,0.3,0.0,0.0,272.0,350.0,0.8,0.0,0.0,0.0,0.0,0.0,0.0,1.0,9.0,19.0,0.5,0.0,0.0,35.0,Odense Boldklub,11.0,1.0,0.0,1.0,10.0,2.0,57.4,19.0,4.0,0.2,0.0,0.0,394.0,469.0,0.8,0.0,0.0,0.0,0.0,0.0,0.0,5.0,11.0,18.0,0.6,0.0,0.0,28.0,401874459,2026-07-24 17:00:00,2026
AGF,12.0,1.0,0.0,1.0,10.0,1.0,53.8,13.0,3.0,0.2,0.0,0.0,314.0,390.0,0.8,0.0,0.0,0.0,0.0,0.0,0.0,3.0,13.0,24.0,0.5,0.0,0.0,25.0,Brøndby IF,23.0,5.0,0.0,1.0,6.0,2.0,46.2,13.0,2.0,0.2,0.0,0.0,271.0,338.0,0.8,0.0,0.0,0.0,0.0,0.0,0.0,4.0,8.0,12.0,0.7,0.0,0.0,47.0,401874474,2026-07-25 16:00:00,2026
Sønderjyske Fodbold,14.0,1.0,0.0,2.0,5.0,2.0,42.1,17.0,4.0,0.2,0.0,0.0,215.0,321.0,0.7,0.0,0.0,0.0,0.0,0.0,0.0,6.0,11.0,18.0,0.6,0.0,0.0,33.0,FC Midtjylland,10.0,2.0,0.0,1.0,4.0,1.0,57.9,12.0,5.0,0.4,0.0,0.0,355.0,456.0,0.8,0.0,0.0,0.0,0.0,0.0,0.0,4.0,9.0,17.0,0.5,0.0,0.0,26.0,401874478,2026-07-26 12:00:00,2026
F.C. København,14.0,2.0,0.0,1.0,5.0,2.0,58.1,12.0,6.0,0.5,0.0,0.0,411.0,497.0,0.8,0.0,0.0,0.0,0.0,0.0,0.0,1.0,9.0,14.0,0.6,0.0,0.0,27.0,Lyngby Boldklub,15.0,2.0,0.0,1.0,5.0,3.0,41.9,21.0,6.0,0.3,0.0,0.0,253.0,352.0,0.7,0.0,0.0,0.0,0.0,0.0,0.0,8.0,15.0,28.0,0.5,0.0,0.0,24.0,401874512,2026-07-26 14:00:00,2026
AC Horsens,7.0,1.0,0.0,3.0,4.0,5.0,30.2,8.0,4.0,0.5,0.0,0.0,240.0,310.0,0.8,0.0,0.0,0.0,0.0,0.0,0.0,1.0,13.0,20.0,0.7,0.0,0.0,47.0,FC Nordsjælland,8.0,1.0,0.0,1.0,13.0,3.0,69.8,23.0,6.0,0.3,0.0,0.0,632.0,714.0,0.9,0.0,0.0,0.0,0.0,0.0,0.0,9.0,11.0,12.0,0.9,0.0,0.0,11.0,401874514,2026-07-26 16:00:00,2026
Randers FC,13.0,1.0,0.0,1.0,5.0,5.0,46.3,8.0,2.0,0.3,0.0,0.0,462.0,535.0,0.9,0.0,0.0,0.0,0.0,0.0,0.0,4.0,11.0,17.0,0.6,0.0,0.0,22.0,Silkeborg IF,4.0,0.0,0.0,3.0,7.0,1.0,53.7,12.0,6.0,0.5,0.0,0.0,559.0,629.0,0.9,0.0,0.0,0.0,0.0,0.0,0.0,3.0,9.0,14.0,0.6,0.0,0.0,25.0,401874475,2026-07-27 17:00:00,2026
Lyngby Boldklub,19.0,2.0,0.0,0.0,4.0,1.0,61.6,21.0,8.0,0.4,0.0,0.0,355.0,463.0,0.8,0.0,0.0,0.0,0.0,0.0,0.0,7.0,17.0,26.0,0.7,0.0,0.0,26.0,AGF,14.0,3.0,0.0,3.0,2.0,5.0,38.4,8.0,3.0,0.4,0.0,0.0,204.0,297.0,0.7,0.0,0.0,0.0,0.0,0.0,0.0,3.0,6.0,10.0,0.6,0.0,0.0,50.0,401874476,2026-08-01 16:00:00,2026
FC Midtjylland,11.0,2.0,0.0,1.0,7.0,1.0,58.6,19.0,7.0,0.4,0.0,0.0,371.0,452.0,0.8,0.0,0.0,0.0,0.0,0.0,0.0,4.0,20.0,30.0,0.7,0.0,0.0,23.0,AC Horsens,21.0,3.0,0.0,3.0,3.0,5.0,41.4,4.0,2.0,0.5,0.0,0.0,235.0,321.0,0.7,0.0,0.0,0.0,0.0,0.0,0.0,0.0,17.0,32.0,0.5,0.0,0.0,39.0,401874510,2026-08-02 12:00:00,2026
FC Nordsjælland,10.0,2.0,0.0,2.0,11.0,4.0,66.7,18.0,5.0,0.3,0.0,0.0,629.0,714.0,0.9,0.0,0.0,0.0,0.0,0.0,0.0,6.0,11.0,16.0,0.7,0.0,0.0,15.0,Randers FC,7.0,2.0,0.0,2.0,4.0,4.0,33.3,11.0,4.0,0.4,0.0,0.0,294.0,361.0,0.8,0.0,0.0,0.0,0.0,0.0,0.0,2.0,19.0,30.0,0.6,0.0,0.0,46.0,401874461,2026-08-02 12:00:00,2026
Brøndby IF,12.0,2.0,0.0,3.0,8.0,3.0,54.5,23.0,6.0,0.3,0.0,0.0,391.0,471.0,0.8,0.0,0.0,0.0,0.0,0.0,0.0,9.0,8.0,16.0,0.5,0.0,0.0,17.0,Viborg FF,16.0,3.0,0.0,0.0,3.0,4.0,45.5,13.0,3.0,0.2,0.0,0.0,329.0,403.0,0.8,0.0,0.0,0.0,0.0,0.0,0.0,3.0,11.0,19.0,0.6,0.0,0.0,34.0,401874508,2026-08-02 14:00:00,2026
Silkeborg IF,10.0,2.0,0.0,1.0,7.0,3.0,44.0,13.0,5.0,0.4,0.0,0.0,386.0,453.0,0.9,0.0,0.0,0.0,0.0,0.0,0.0,2.0,11.0,22.0,0.5,0.0,0.0,25.0,F.C. København,9.0,2.0,0.0,1.0,4.0,4.0,56.0,10.0,6.0,0.6,0.0,0.0,500.0,580.0,0.9,0.0,0.0,0.0,0.0,0.0,0.0,3.0,11.0,16.0,0.7,0.0,0.0,22.0,401874520,2026-08-02 16:00:00,2026
Odense Boldklub,10.0,1.0,0.0,0.0,7.0,2.0,55.8,17.0,4.0,0.2,0.0,0.0,444.0,503.0,0.9,0.0,0.0,0.0,0.0,0.0,0.0,3.0,13.0,21.0,0.6,0.0,0.0,39.0,Sønderjyske Fodbold,12.0,1.0,0.0,0.0,9.0,3.0,44.2,8.0,3.0,0.4,0.0,0.0,309.0,396.0,0.8,0.0,0.0,0.0,0.0,0.0,0.0,4.0,14.0,24.0,0.6,0.0,0.0,25.0,401874460,2026-08-03 17:00:00,2026
Sønderjyske Fodbold,18.0,1.0,0.0,1.0,4.0,4.0,34.4,9.0,3.0,0.3,0.0,0.0,234.0,312.0,0.8,0.0,0.0,0.0,0.0,0.0,0.0,0.0,12.0,20.0,0.6,0.0,0.0,31.0,Viborg FF,7.0,0.0,0.0,4.0,7.0,3.0,65.6,18.0,4.0,0.2,0.0,0.0,521.0,600.0,0.9,0.0,0.0,0.0,0.0,0.0,0.0,6.0,8.0,16.0,0.5,0.0,0.0,16.0,401874473,2026-08-07 17:00:00,2026
Randers FC,9.0,0.0,0.0,1.0,3.0,4.0,41.9,10.0,3.0,0.3,0.0,0.0,330.0,427.0,0.8,0.0,0.0,0.0,0.0,0.0,0.0,3.0,13.0,20.0,0.7,0.0,0.0,39.0,Lyngby Boldklub,16.0,1.0,0.0,3.0,9.0,1.0,58.1,13.0,5.0,0.4,0.0,0.0,469.0,567.0,0.8,0.0,0.0,0.0,0.0,0.0,0.0,2.0,9.0,12.0,0.8,0.0,0.0,10.0,401874481,2026-08-09 14:00:00,2026
AC Horsens,18.0,2.0,0.0,3.0,3.0,1.0,51.9,10.0,3.0,0.3,0.0,0.0,386.0,461.0,0.8,0.0,0.0,0.0,0.0,0.0,0.0,2.0,12.0,13.0,0.9,0.0,0.0,21.0,Brøndby IF,9.0,2.0,0.0,2.0,6.0,3.0,48.1,9.0,2.0,0.2,0.0,0.0,345.0,421.0,0.8,0.0,0.0,0.0,0.0,0.0,0.0,2.0,8.0,16.0,0.5,0.0,0.0,28.0,401874511,2026-08-09 16:00:00,2026
Silkeborg IF,7.0,1.0,0.0,1.0,6.0,3.0,51.4,13.0,3.0,0.2,0.0,0.0,466.0,549.0,0.8,0.0,0.0,0.0,0.0,0.0,0.0,6.0,11.0,16.0,0.7,0.0,0.0,32.0,Odense Boldklub,17.0,3.0,0.0,2.0,3.0,2.0,48.6,10.0,3.0,0.3,0.0,0.0,434.0,514.0,0.8,0.0,0.0,0.0,0.0,0.0,0.0,3.0,14.0,21.0,0.7,0.0,0.0,20.0,401874518,2026-08-10 17:00:00,2026
Viborg FF,15.0,0.0,0.0,1.0,4.0,6.0,33.8,12.0,3.0,0.3,0.0,0.0,257.0,311.0,0.8,0.0,0.0,0.0,0.0,0.0,0.0,4.0,11.0,23.0,0.5,0.0,0.0,38.0,AGF,14.0,1.0,0.0,1.0,10.0,1.0,66.2,22.0,7.0,0.3,0.0,0.0,536.0,601.0,0.9,0.0,0.0,0.0,0.0,0.0,0.0,11.0,13.0,21.0,0.6,0.0,0.0,10.0,401874479,2026-08-14 17:00:00,2026
FC Nordsjælland,10.0,2.0,0.0,1.0,8.0,0.0,54.4,20.0,7.0,0.4,0.0,0.0,532.0,616.0,0.9,0.0,0.0,0.0,0.0,0.0,0.0,3.0,9.0,13.0,0.7,0.0,0.0,5.0,Silkeborg IF,9.0,2.0,0.0,1.0,1.0,6.0,45.6,4.0,0.0,0.0,0.0,0.0,426.0,518.0,0.8,0.0,0.0,0.0,0.0,0.0,0.0,3.0,19.0,28.0,0.7,0.0,0.0,21.0,401874490,2026-08-16 12:00:00,2026
Odense Boldklub,11.0,1.0,0.0,0.0,10.0,4.0,58.5,16.0,1.0,0.1,0.0,0.0,519.0,589.0,0.9,0.0,0.0,0.0,0.0,0.0,0.0,7.0,13.0,19.0,0.7,0.0,0.0,24.0,AC Horsens,11.0,0.0,0.0,3.0,3.0,1.0,41.5,13.0,6.0,0.5,0.0,0.0,353.0,428.0,0.8,0.0,0.0,0.0,0.0,0.0,0.0,3.0,17.0,22.0,0.8,0.0,0.0,34.0,401874483,2026-08-16 12:00:00,2026
Lyngby Boldklub,19.0,2.0,0.0,3.0,3.0,1.0,43.1,9.0,2.0,0.2,0.0,0.0,242.0,336.0,0.7,0.0,0.0,0.0,0.0,0.0,0.0,6.0,13.0,23.0,0.6,0.0,0.0,36.0,FC Midtjylland,18.0,3.0,0.0,3.0,5.0,1.0,56.9,9.0,2.0,0.2,0.0,0.0,352.0,443.0,0.8,0.0,0.0,0.0,0.0,0.0,0.0,3.0,7.0,12.0,0.6,0.0,0.0,22.0,401874502,2026-08-16 14:00:00,2026
Randers FC,10.0,1.0,0.0,2.0,6.0,2.0,55.4,10.0,0.0,0.0,0.0,0.0,454.0,523.0,0.9,0.0,0.0,0.0,0.0,0.0,0.0,7.0,9.0,17.0,0.5,0.0,0.0,19.0,F.C. København,11.0,0.0,0.0,1.0,4.0,0.0,44.6,19.0,6.0,0.3,0.0,0.0,356.0,430.0,0.8,0.0,0.0,0.0,0.0,0.0,0.0,7.0,11.0,18.0,0.6,0.0,0.0,27.0,401874482,2026-08-16 16:00:00,2026
Brøndby IF,9.0,2.0,0.0,1.0,10.0,3.0,64.1,18.0,4.0,0.2,0.0,0.0,524.0,590.0,0.9,0.0,0.0,0.0,0.0,0.0,0.0,3.0,10.0,19.0,0.5,0.0,0.0,17.0,Sønderjyske Fodbold,12.0,4.0,0.0,1.0,1.0,1.0,35.9,10.0,5.0,0.5,0.0,0.0,249.0,336.0,0.7,0.0,0.0,0.0,0.0,0.0,0.0,0.0,16.0,24.0,0.7,0.0,0.0,21.0,401874477,2026-08-17 17:00:00,2026
Sønderjyske Fodbold,21.0,2.0,0.0,3.0,6.0,6.0,38.4,11.0,5.0,0.5,0.0,0.0,320.0,400.0,0.8,0.0,0.0,0.0,0.0,0.0,0.0,1.0,5.0,15.0,0.3,0.0,0.0,11.0,FC Nordsjælland,11.0,2.0,0.0,1.0,4.0,4.0,61.6,25.0,9.0,0.4,0.0,0.0,596.0,666.0,0.9,0.0,0.0,0.0,0.0,0.0,0.0,5.0,8.0,9.0,0.9,0.0,0.0,21.0,401874515,2026-08-23 10:00:00,2026
AGF,2.0,0.0,0.0,0.0,15.0,0.0,71.3,31.0,5.0,0.2,0.0,0.0,598.0,670.0,0.9,0.0,0.0,0.0,0.0,0.0,0.0,13.0,6.0,12.0,0.5,0.0,0.0,13.0,Odense Boldklub,14.0,6.0,0.0,1.0,0.0,3.0,28.7,6.0,2.0,0.3,0.0,0.0,208.0,278.0,0.7,0.0,0.0,0.0,0.0,0.0,0.0,0.0,7.0,11.0,0.6,0.0,0.0,46.0,401874480,2026-08-23 12:00:00,2026
FC Midtjylland,12.0,1.0,0.0,1.0,10.0,2.0,58.1,20.0,6.0,0.3,0.0,0.0,329.0,426.0,0.8,0.0,0.0,0.0,0.0,0.0,0.0,3.0,9.0,17.0,0.5,0.0,0.0,20.0,Randers FC,26.0,2.0,0.0,0.0,5.0,5.0,41.9,8.0,2.0,0.3,0.0,0.0,215.0,310.0,0.7,0.0,0.0,0.0,0.0,0.0,0.0,3.0,15.0,21.0,0.7,0.0,0.0,47.0,401874507,2026-08-23 12:00:00,2026
AC Horsens,21.0,4.0,0.0,1.0,2.0,6.0,40.7,10.0,5.0,0.5,0.0,0.0,311.0,394.0,0.8,0.0,0.0,0.0,0.0,0.0,0.0,3.0,7.0,14.0,0.5,0.0,0.0,51.0,Lyngby Boldklub,10.0,3.0,0.0,1.0,9.0,4.0,59.3,17.0,7.0,0.4,0.0,0.0,448.0,549.0,0.8,0.0,0.0,0.0,0.0,0.0,0.0,5.0,12.0,18.0,0.7,0.0,0.0,19.0,401874486,2026-08-23 14:00:00,2026
Viborg FF,10.0,0.0,0.0,1.0,1.0,0.0,43.9,10.0,5.0,0.5,0.0,0.0,372.0,431.0,0.9,0.0,0.0,0.0,0.0,0.0,0.0,3.0,9.0,15.0,0.6,0.0,0.0,33.0,F.C. København,17.0,3.0,0.0,1.0,6.0,2.0,56.1,8.0,0.0,0.0,0.0,0.0,481.0,544.0,0.9,0.0,0.0,0.0,0.0,0.0,0.0,3.0,19.0,22.0,0.9,0.0,0.0,13.0,401874522,2026-08-23 16:00:00,2026
Brøndby IF,15.0,3.0,0.0,0.0,9.0,3.0,55.4,17.0,5.0,0.3,0.0,0.0,436.0,499.0,0.9,0.0,0.0,0.0,0.0,0.0,0.0,10.0,9.0,14.0,0.6,0.0,0.0,18.0,Silkeborg IF,10.0,3.0,0.0,1.0,6.0,2.0,44.6,13.0,4.0,0.3,0.0,0.0,341.0,403.0,0.8,0.0,0.0,0.0,0.0,0.0,0.0,5.0,7.0,16.0,0.4,0.0,0.0,22.0,401874505,2026-08-24 17:00:00,2026
AC Horsens,15.0,3.0,0.0,3.0,3.0,4.0,52.2,9.0,5.0,0.6,0.0,0.0,383.0,439.0,0.9,0.0,0.0,0.0,0.0,0.0,0.0,1.0,11.0,18.0,0.6,0.0,0.0,24.0,Viborg FF,13.0,1.0,0.0,2.0,6.0,3.0,47.8,12.0,6.0,0.5,0.0,0.0,324.0,401.0,0.8,0.0,0.0,0.0,0.0,0.0,0.0,1.0,6.0,11.0,0.5,0.0,0.0,21.0,401874526,2026-08-28 17:00:00,2026
Lyngby Boldklub,14.0,4.0,0.0,8.0,4.0,7.0,45.2,19.0,1.0,0.1,0.0,0.0,327.0,418.0,0.8,0.0,0.0,0.0,0.0,0.0,0.0,5.0,7.0,15.0,0.5,0.0,0.0,26.0,Odense Boldklub,17.0,4.0,0.0,0.0,6.0,0.0,54.8,18.0,8.0,0.4,0.0,0.0,411.0,498.0,0.8,0.0,0.0,0.0,0.0,0.0,0.0,4.0,7.0,18.0,0.4,0.0,0.0,28.0,401874484,2026-08-30 12:00:00,2026
Silkeborg IF,10.0,0.0,0.0,4.0,4.0,3.0,43.2,12.0,5.0,0.4,0.0,0.0,279.0,365.0,0.8,0.0,0.0,0.0,0.0,0.0,0.0,2.0,16.0,18.0,0.9,0.0,0.0,44.0,FC Midtjylland,10.0,0.0,1.0,2.0,7.0,4.0,56.8,15.0,4.0,0.3,0.0,0.0,394.0,469.0,0.8,0.0,0.0,0.0,0.0,0.0,0.0,1.0,6.0,11.0,0.5,0.0,0.0,13.0,401874489,2026-08-30 12:00:00,2026
Randers FC,14.0,3.0,1.0,1.0,1.0,5.0,41.0,8.0,5.0,0.6,0.0,0.0,285.0,368.0,0.8,0.0,0.0,0.0,0.0,0.0,0.0,0.0,18.0,25.0,0.7,0.0,0.0,38.0,AGF,15.0,2.0,0.0,2.0,5.0,3.0,59.0,17.0,6.0,0.4,0.0,0.0,447.0,521.0,0.9,0.0,0.0,0.0,0.0,0.0,0.0,3.0,8.0,13.0,0.6,0.0,0.0,14.0,401874533,2026-08-30 14:00:00,2026
FC Nordsjælland,8.0,3.0,0.0,2.0,4.0,3.0,39.8,15.0,9.0,0.6,0.0,0.0,337.0,404.0,0.8,0.0,0.0,0.0,0.0,0.0,0.0,2.0,19.0,24.0,0.8,0.0,0.0,27.0,Brøndby IF,15.0,1.0,0.0,1.0,5.0,5.0,60.2,16.0,4.0,0.3,0.0,0.0,543.0,606.0,0.9,0.0,0.0,0.0,0.0,0.0,0.0,6.0,15.0,25.0,0.6,0.0,0.0,11.0,401874496,2026-08-30 16:00:00,2026
F.C. København,6.0,1.0,0.0,0.0,7.0,1.0,59.0,25.0,8.0,0.3,0.0,0.0,485.0,570.0,0.9,0.0,0.0,0.0,0.0,0.0,0.0,6.0,6.0,14.0,0.4,0.0,0.0,21.0,Sønderjyske Fodbold,10.0,1.0,1.0,1.0,3.0,5.0,41.0,11.0,2.0,0.2,0.0,0.0,323.0,391.0,0.8,0.0,0.0,0.0,0.0,0.0,0.0,3.0,8.0,16.0,0.5,0.0,0.0,41.0,401874513,2026-08-31 17:00:00,2026
AGF,19.0,2.0,0.0,1.0,8.0,5.0,59.0,18.0,3.0,0.2,0.0,0.0,384.0,449.0,0.9,0.0,0.0,0.0,0.0,0.0,0.0,5.0,10.0,13.0,0.8,0.0,0.0,30.0,FC Midtjylland,20.0,3.0,0.0,2.0,5.0,3.0,41.0,14.0,7.0,0.5,0.0,0.0,239.0,305.0,0.8,0.0,0.0,0.0,0.0,0.0,0.0,1.0,10.0,13.0,0.8,0.0,0.0,21.0,401874501,2026-09-02 18:00:00,2026
F.C. København,14.0,3.0,0.0,2.0,2.0,1.0,40.7,21.0,7.0,0.3,0.0,0.0,337.0,412.0,0.8,0.0,0.0,0.0,0.0,0.0,0.0,6.0,13.0,19.0,0.7,0.0,0.0,29.0,FC Nordsjælland,10.0,2.0,0.0,0.0,0.0,5.0,59.3,10.0,1.0,0.1,0.0,0.0,520.0,611.0,0.9,0.0,0.0,0.0,0.0,0.0,0.0,5.0,6.0,11.0,0.5,0.0,0.0,12.0,401874523,2026-09-03 18:00:00,2026
Viborg FF,13.0,1.0,0.0,2.0,7.0,0.0,59.9,18.0,3.0,0.2,0.0,0.0,532.0,588.0,0.9,0.0,0.0,0.0,0.0,0.0,0.0,5.0,5.0,8.0,0.6,0.0,0.0,17.0,Lyngby Boldklub,14.0,1.0,0.0,1.0,5.0,4.0,40.1,6.0,2.0,0.3,0.0,0.0,329.0,401.0,0.8,0.0,0.0,0.0,0.0,0.0,0.0,2.0,11.0,19.0,0.6,0.0,0.0,55.0,401874504,2026-09-04 17:00:00,2026
AGF,13.0,1.0,0.0,1.0,8.0,2.0,62.0,16.0,6.0,0.4,0.0,0.0,499.0,577.0,0.9,0.0,0.0,0.0,0.0,0.0,0.0,3.0,7.0,12.0,0.6,0.0,0.0,21.0,Silkeborg IF,7.0,0.0,0.0,0.0,4.0,4.0,38.0,10.0,4.0,0.4,0.0,0.0,273.0,358.0,0.8,0.0,0.0,0.0,0.0,0.0,0.0,1.0,10.0,14.0,0.7,0.0,0.0,49.0,401874506,2026-09-05 16:00:00,2026
Sønderjyske Fodbold,11.0,3.0,1.0,0.0,1.0,4.0,39.3,11.0,3.0,0.3,0.0,0.0,248.0,342.0,0.7,0.0,0.0,0.0,0.0,0.0,0.0,3.0,7.0,12.0,0.6,0.0,0.0,12.0,AC Horsens,21.0,3.0,0.0,2.0,1.0,1.0,60.7,16.0,9.0,0.6,0.0,0.0,481.0,545.0,0.9,0.0,0.0,0.0,0.0,0.0,0.0,1.0,6.0,11.0,0.5,0.0,0.0,25.0,401874485,2026-09-06 12:00:00,2026
Odense Boldklub,13.0,2.0,0.0,0.0,6.0,2.0,61.7,12.0,5.0,0.4,0.0,0.0,533.0,600.0,0.9,0.0,0.0,0.0,0.0,0.0,0.0,1.0,4.0,12.0,0.3,0.0,0.0,10.0,F.C. København,7.0,2.0,0.0,3.0,2.0,5.0,38.3,11.0,7.0,0.6,0.0,0.0,317.0,378.0,0.8,0.0,0.0,0.0,0.0,0.0,0.0,2.0,11.0,21.0,0.5,0.0,0.0,31.0,401874532,2026-09-06 14:00:00,2026
Brøndby IF,4.0,1.0,0.0,1.0,8.0,3.0,67.7,19.0,2.0,0.1,0.0,0.0,555.0,640.0,0.9,0.0,0.0,0.0,0.0,0.0,0.0,6.0,6.0,6.0,1.0,0.0,0.0,25.0,Randers FC,11.0,3.0,0.0,2.0,5.0,2.0,32.3,9.0,6.0,0.7,0.0,0.0,222.0,302.0,0.7,0.0,0.0,0.0,0.0,0.0,0.0,0.0,16.0,21.0,0.8,0.0,0.0,47.0,401874530,2026-09-06 16:00:00,2026
FC Midtjylland,12.0,1.0,0.0,1.0,5.0,2.0,49.5,18.0,6.0,0.3,0.0,0.0,371.0,438.0,0.8,0.0,0.0,0.0,0.0,0.0,0.0,4.0,7.0,11.0,0.6,0.0,0.0,13.0,FC Nordsjælland,17.0,0.0,0.0,0.0,3.0,3.0,50.5,14.0,4.0,0.3,0.0,0.0,373.0,465.0,0.8,0.0,0.0,0.0,0.0,0.0,0.0,6.0,18.0,26.0,0.7,0.0,0.0,37.0,401874509,2026-09-07 17:00:00,2026
